B_Prose,B06,B06.002_Let_2__Kluge__T06140.txt,241,168,447
RANK,HTML WORD,RAW WORD,COUNT,RELATIVE FREQUENCY
1,&thorn;&aelig;t,<code>&amp;t;&amp;ae;t</code>,19,0.0425056
2,and,<code>and</code>,16,0.0357942
3,on,<code>on</code>,12,0.0268456
4,ic,<code>ic</code>,11,0.0246085
5,blod,<code>blod</code>,10,0.0223714
6,ge,<code>ge</code>,8,0.0178971
6,hit,<code>hit</code>,8,0.0178971
6,to,<code>to</code>,8,0.0178971
9,&thorn;e,<code>&amp;t;e</code>,7,0.0156600
9,his,<code>his</code>,7,0.0156600
11,&eth;e,<code>&amp;d;e</code>,6,0.0134228
12,beo,<code>beo</code>,5,0.0111857
12,he,<code>he</code>,5,0.0111857
12,him,<code>him</code>,5,0.0111857
12,is,<code>is</code>,5,0.0111857
12,mid,<code>mid</code>,5,0.0111857
17,&thorn;am,<code>&amp;t;am</code>,4,0.0089485
17,by&eth;,<code>by&amp;d;</code>,4,0.0089485
17,eow,<code>eow</code>,4,0.0089485
17,god,<code>god</code>,4,0.0089485
17,manna,<code>manna</code>,4,0.0089485
17,ne,<code>ne</code>,4,0.0089485
17,swa,<code>swa</code>,4,0.0089485
24,&aelig;t,<code>&amp;ae;t</code>,3,0.0067114
24,&eth;a,<code>&amp;d;a</code>,3,0.0067114
24,&thorn;&aelig;re,<code>&amp;t;&amp;ae;re</code>,3,0.0067114
24,&thorn;&aelig;s,<code>&amp;t;&amp;ae;s</code>,3,0.0067114
24,&thorn;eawas,<code>&amp;t;eawas</code>,3,0.0067114
24,&thorn;onne,<code>&amp;t;onne</code>,3,0.0067114
24,buton,<code>buton</code>,3,0.0067114
24,heora,<code>heora</code>,3,0.0067114
24,mettum,<code>mettum</code>,3,0.0067114
24,of,<code>of</code>,3,0.0067114
24,secgan,<code>secgan</code>,3,0.0067114
24,secge,<code>secge</code>,3,0.0067114
24,swahwaswa,<code>swahwaswa</code>,3,0.0067114
24,ut,<code>ut</code>,3,0.0067114
38,&eth;&aelig;ra,<code>&amp;d;&amp;ae;ra</code>,2,0.0044743
38,&eth;u,<code>&amp;d;u</code>,2,0.0044743
38,&thorn;&aelig;ra,<code>&amp;t;&amp;ae;ra</code>,2,0.0044743
38,&thorn;one,<code>&amp;t;one</code>,2,0.0044743
38,&thorn;u,<code>&amp;t;u</code>,2,0.0044743
38,ac,<code>ac</code>,2,0.0044743
38,afylle,<code>afylle</code>,2,0.0044743
38,bro&eth;or,<code>bro&amp;d;or</code>,2,0.0044743
38,cw&aelig;&eth;,<code>cw&amp;ae;&amp;d;</code>,2,0.0044743
38,cynn,<code>cynn</code>,2,0.0044743
38,eac,<code>eac</code>,2,0.0044743
38,eft,<code>eft</code>,2,0.0044743
38,eor&eth;an,<code>eor&amp;d;an</code>,2,0.0044743
38,eower,<code>eower</code>,2,0.0044743
38,eowre,<code>eowre</code>,2,0.0044743
38,eowrum,<code>eowrum</code>,2,0.0044743
38,etan,<code>etan</code>,2,0.0044743
38,folce,<code>folce</code>,2,0.0044743
38,for,<code>for</code>,2,0.0044743
38,fullice,<code>fullice</code>,2,0.0044743
38,gange,<code>gange</code>,2,0.0044743
38,h&aelig;&eth;enra,<code>h&amp;ae;&amp;d;enra</code>,2,0.0044743
38,lande,<code>lande</code>,2,0.0044743
38,lif,<code>lif</code>,2,0.0044743
38,me,<code>me</code>,2,0.0044743
38,mete,<code>mete</code>,2,0.0044743
38,nan,<code>nan</code>,2,0.0044743
38,nytena,<code>nytena</code>,2,0.0044743
38,nytenes,<code>nytenes</code>,2,0.0044743
38,ofgange,<code>ofgange</code>,2,0.0044743
38,oft,<code>oft</code>,2,0.0044743
38,sceal,<code>sceal</code>,2,0.0044743
38,sceame,<code>sceame</code>,2,0.0044743
38,sceandlican,<code>sceandlican</code>,2,0.0044743
38,sceole,<code>sceole</code>,2,0.0044743
38,yrne,<code>yrne</code>,2,0.0044743
74,&aelig;fre,<code>&amp;ae;fre</code>,1,0.0022371
74,&aelig;fter,<code>&amp;ae;fter</code>,1,0.0022371
74,&aelig;g&eth;er,<code>&amp;ae;g&amp;d;er</code>,1,0.0022371
74,&aelig;l&eth;eodig,<code>&amp;ae;l&amp;d;eodig</code>,1,0.0022371
74,&aelig;lc,<code>&amp;ae;lc</code>,1,0.0022371
74,&aelig;lces,<code>&amp;ae;lces</code>,1,0.0022371
74,&aelig;lmihtig,<code>&amp;ae;lmihtig</code>,1,0.0022371
74,&aelig;nig,<code>&amp;ae;nig</code>,1,0.0022371
74,&aelig;nigman,<code>&amp;ae;nigman</code>,1,0.0022371
74,&eth;&aelig;s,<code>&amp;d;&amp;ae;s</code>,1,0.0022371
74,&eth;am,<code>&amp;d;am</code>,1,0.0022371
74,&eth;isum,<code>&amp;d;isum</code>,1,0.0022371
74,&thorn;a,<code>&amp;t;a</code>,1,0.0022371
74,&thorn;as,<code>&amp;t;as</code>,1,0.0022371
74,&thorn;eah,<code>&amp;t;eah</code>,1,0.0022371
74,&thorn;earle,<code>&amp;t;earle</code>,1,0.0022371
74,&thorn;ing,<code>&amp;t;ing</code>,1,0.0022371
74,&thorn;yses,<code>&amp;t;yses</code>,1,0.0022371
74,ablendum,<code>ablendum</code>,1,0.0022371
74,ableredum,<code>ableredum</code>,1,0.0022371
74,acweald,<code>acweald</code>,1,0.0022371
74,agen,<code>agen</code>,1,0.0022371
74,ageote,<code>ageote</code>,1,0.0022371
74,agoten,<code>agoten</code>,1,0.0022371
74,agyt,<code>agyt</code>,1,0.0022371
74,alyfede,<code>alyfede</code>,1,0.0022371
74,amansumod,<code>amansumod</code>,1,0.0022371
74,an,<code>an</code>,1,0.0022371
74,anbutan,<code>anbutan</code>,1,0.0022371
74,astorfenum,<code>astorfenum</code>,1,0.0022371
74,b&aelig;de,<code>b&amp;ae;de</code>,1,0.0022371
74,bec,<code>bec</code>,1,0.0022371
74,beon,<code>beon</code>,1,0.0022371
74,bidde,<code>bidde</code>,1,0.0022371
74,bigleofan,<code>bigleofan</code>,1,0.0022371
74,blode,<code>blode</code>,1,0.0022371
74,blodes,<code>blodes</code>,1,0.0022371
74,bysmor,<code>bysmor</code>,1,0.0022371
74,bysmorlic,<code>bysmorlic</code>,1,0.0022371
74,byst,<code>byst</code>,1,0.0022371
74,canonibus,<code>canonibus</code>,1,0.0022371
74,cl&aelig;nlice,<code>cl&amp;ae;nlice</code>,1,0.0022371
74,cynnes,<code>cynnes</code>,1,0.0022371
74,d&aelig;d,<code>d&amp;ae;d</code>,1,0.0022371
74,d&aelig;de,<code>d&amp;ae;de</code>,1,0.0022371
74,deah,<code>deah</code>,1,0.0022371
74,denisc,<code>denisc</code>,1,0.0022371
74,deor,<code>deor</code>,1,0.0022371
74,do&eth;,<code>do&amp;d;</code>,1,0.0022371
74,drincan,<code>drincan</code>,1,0.0022371
74,drince,<code>drince</code>,1,0.0022371
74,eadweard,<code>eadweard</code>,1,0.0022371
74,eagum,<code>eagum</code>,1,0.0022371
74,ealu,<code>ealu</code>,1,0.0022371
74,egypta,<code>egypta</code>,1,0.0022371
74,embe,<code>embe</code>,1,0.0022371
74,ende,<code>ende</code>,1,0.0022371
74,engliscan,<code>engliscan</code>,1,0.0022371
74,eom,<code>eom</code>,1,0.0022371
74,etenne,<code>etenne</code>,1,0.0022371
74,f&aelig;deras,<code>f&amp;ae;deras</code>,1,0.0022371
74,feh&eth;,<code>feh&amp;d;</code>,1,0.0022371
74,fixas,<code>fixas</code>,1,0.0022371
74,flode,<code>flode</code>,1,0.0022371
74,for&thorn;am&eth;e,<code>for&amp;t;am&amp;d;e</code>,1,0.0022371
74,for&thorn;an&eth;e,<code>for&amp;t;an&amp;d;e</code>,1,0.0022371
74,forbead,<code>forbead</code>,1,0.0022371
74,forl&aelig;ta&eth;,<code>forl&amp;ae;ta&amp;d;</code>,1,0.0022371
74,forseo&eth;,<code>forseo&amp;d;</code>,1,0.0022371
74,fracodan,<code>fracodan</code>,1,0.0022371
74,fram,<code>fram</code>,1,0.0022371
74,fugel,<code>fugel</code>,1,0.0022371
74,fugela,<code>fugela</code>,1,0.0022371
74,fullic,<code>fullic</code>,1,0.0022371
74,fur&thorn;on,<code>fur&amp;t;on</code>,1,0.0022371
74,gangsetlum,<code>gangsetlum</code>,1,0.0022371
74,gebeorscipum,<code>gebeorscipum</code>,1,0.0022371
74,geblodegod,<code>geblodegod</code>,1,0.0022371
74,gehyrde,<code>gehyrde</code>,1,0.0022371
74,geswutela&eth;,<code>geswutela&amp;d;</code>,1,0.0022371
74,geswutelia&eth;,<code>geswutelia&amp;d;</code>,1,0.0022371
74,geteald,<code>geteald</code>,1,0.0022371
74,gewrite,<code>gewrite</code>,1,0.0022371
74,gif,<code>gif</code>,1,0.0022371
74,gyfernysse,<code>gyfernysse</code>,1,0.0022371
74,handum,<code>handum</code>,1,0.0022371
74,hent,<code>hent</code>,1,0.0022371
74,heoldon,<code>heoldon</code>,1,0.0022371
74,heortan,<code>heortan</code>,1,0.0022371
74,her,<code>her</code>,1,0.0022371
74,higeleast,<code>higeleast</code>,1,0.0022371
74,hneccan,<code>hneccan</code>,1,0.0022371
74,hu,<code>hu</code>,1,0.0022371
74,huru,<code>huru</code>,1,0.0022371
74,huxlic,<code>huxlic</code>,1,0.0022371
74,hylt,<code>hylt</code>,1,0.0022371
74,incunde,<code>incunde</code>,1,0.0022371
74,inlenda,<code>inlenda</code>,1,0.0022371
74,l&aelig;dde,<code>l&amp;ae;dde</code>,1,0.0022371
74,life,<code>life</code>,1,0.0022371
74,lifes,<code>lifes</code>,1,0.0022371
74,liflice,<code>liflice</code>,1,0.0022371
74,lime,<code>lime</code>,1,0.0022371
74,losa&eth;,<code>losa&amp;d;</code>,1,0.0022371
74,losian,<code>losian</code>,1,0.0022371
74,lufia&eth;,<code>lufia&amp;d;</code>,1,0.0022371
74,m&aelig;ge,<code>m&amp;ae;ge</code>,1,0.0022371
74,maca&eth;,<code>maca&amp;d;</code>,1,0.0022371
74,man,<code>man</code>,1,0.0022371
74,mancynne,<code>mancynne</code>,1,0.0022371
74,mannes,<code>mannes</code>,1,0.0022371
74,mannum,<code>mannum</code>,1,0.0022371
74,mare,<code>mare</code>,1,0.0022371
74,mennisc,<code>mennisc</code>,1,0.0022371
74,meox,<code>meox</code>,1,0.0022371
74,micel,<code>micel</code>,1,0.0022371
74,moysen,<code>moysen</code>,1,0.0022371
74,mu&eth;,<code>mu&amp;d;</code>,1,0.0022371
74,mycclum,<code>mycclum</code>,1,0.0022371
74,n&aelig;fre,<code>n&amp;ae;fre</code>,1,0.0022371
74,na,<code>na</code>,1,0.0022371
74,nanes,<code>nanes</code>,1,0.0022371
74,ne&thorn;icge,<code>ne&amp;t;icge</code>,1,0.0022371
74,ne&thorn;icgon,<code>ne&amp;t;icgon</code>,1,0.0022371
74,nede&eth;,<code>nede&amp;d;</code>,1,0.0022371
74,nem&aelig;g,<code>nem&amp;ae;g</code>,1,0.0022371
74,nesecge,<code>nesecge</code>,1,0.0022371
74,neunnon,<code>neunnon</code>,1,0.0022371
74,noe,<code>noe</code>,1,0.0022371
74,nu,<code>nu</code>,1,0.0022371
74,nyten,<code>nyten</code>,1,0.0022371
74,nytenu,<code>nytenu</code>,1,0.0022371
74,o&eth;&eth;e,<code>o&amp;d;&amp;d;e</code>,1,0.0022371
74,o&eth;erne,<code>o&amp;d;erne</code>,1,0.0022371
74,o&eth;ra,<code>o&amp;d;ra</code>,1,0.0022371
74,ofslagen,<code>ofslagen</code>,1,0.0022371
74,oftor,<code>oftor</code>,1,0.0022371
74,r&aelig;da&eth;,<code>r&amp;ae;da&amp;d;</code>,1,0.0022371
74,s&aelig;,<code>s&amp;ae;</code>,1,0.0022371
74,sceama&eth;,<code>sceama&amp;d;</code>,1,0.0022371
74,se,<code>se</code>,1,0.0022371
74,secga&eth;,<code>secga&amp;d;</code>,1,0.0022371
74,slagan,<code>slagan</code>,1,0.0022371
74,stenc,<code>stenc</code>,1,0.0022371
74,sumum,<code>sumum</code>,1,0.0022371
74,swa&eth;eah,<code>swa&amp;d;eah</code>,1,0.0022371
74,swa&thorn;eah,<code>swa&amp;t;eah</code>,1,0.0022371
74,sylle,<code>sylle</code>,1,0.0022371
74,synd,<code>synd</code>,1,0.0022371
74,teonan,<code>teonan</code>,1,0.0022371
74,tyslia&eth;,<code>tyslia&amp;d;</code>,1,0.0022371
74,tyslunge,<code>tyslunge</code>,1,0.0022371
74,ufan,<code>ufan</code>,1,0.0022371
74,un&thorn;eawf&aelig;st,<code>un&amp;t;eawf&amp;ae;st</code>,1,0.0022371
74,un&thorn;eawum,<code>un&amp;t;eawum</code>,1,0.0022371
74,unrihtlice,<code>unrihtlice</code>,1,0.0022371
74,unwur&thorn;a&eth;,<code>unwur&amp;t;a&amp;d;</code>,1,0.0022371
74,uplendiscan,<code>uplendiscan</code>,1,0.0022371
74,uppan,<code>uppan</code>,1,0.0022371
74,us,<code>us</code>,1,0.0022371
74,we,<code>we</code>,1,0.0022371
74,wif,<code>wif</code>,1,0.0022371
74,wimmannum,<code>wimmannum</code>,1,0.0022371
74,witodlice,<code>witodlice</code>,1,0.0022371
74,wylla&eth;,<code>wylla&amp;d;</code>,1,0.0022371
74,yfelso&eth;,<code>yfelso&amp;d;</code>,1,0.0022371
74,yldran,<code>yldran</code>,1,0.0022371
74,ytt,<code>ytt</code>,1,0.0022371
