B_Prose,B06,B06.001_Let_1__Sisam__T06130.txt,755,525,2278
RANK,HTML WORD,RAW WORD,COUNT,RELATIVE FREQUENCY
1,and,<code>and</code>,160,0.0702371
2,&thorn;a,<code>&amp;t;a</code>,106,0.0465320
3,he,<code>he</code>,90,0.0395083
4,&thorn;&aelig;t,<code>&amp;t;&amp;ae;t</code>,75,0.0329236
5,w&aelig;s,<code>w&amp;ae;s</code>,45,0.0197542
6,&thorn;e,<code>&amp;t;e</code>,43,0.0188762
7,on,<code>on</code>,42,0.0184372
8,hig,<code>hig</code>,40,0.0175593
9,his,<code>his</code>,32,0.0140474
10,w&aelig;ron,<code>w&amp;ae;ron</code>,29,0.0127305
11,&thorn;am,<code>&amp;t;am</code>,28,0.0122915
12,him,<code>him</code>,25,0.0109745
12,ic,<code>ic</code>,25,0.0109745
12,to,<code>to</code>,25,0.0109745
15,swi&eth;e,<code>swi&amp;d;e</code>,24,0.0105356
16,in,<code>in</code>,22,0.0096576
17,mid,<code>mid</code>,21,0.0092186
18,&thorn;&aelig;r,<code>&amp;t;&amp;ae;r</code>,20,0.0087796
18,cw&aelig;&eth;,<code>cw&amp;ae;&amp;d;</code>,20,0.0087796
20,se,<code>se</code>,19,0.0083406
21,s&aelig;de,<code>s&amp;ae;de</code>,18,0.0079017
22,&thorn;onne,<code>&amp;t;onne</code>,16,0.0070237
22,w&aelig;re,<code>w&amp;ae;re</code>,16,0.0070237
24,hio,<code>hio</code>,15,0.0065847
24,ne,<code>ne</code>,15,0.0065847
24,sum,<code>sum</code>,15,0.0065847
27,&thorn;u,<code>&amp;t;u</code>,14,0.0061457
27,eom,<code>eom</code>,14,0.0061457
27,hine,<code>hine</code>,14,0.0061457
27,lichaman,<code>lichaman</code>,14,0.0061457
31,&thorn;&aelig;re,<code>&amp;t;&amp;ae;re</code>,12,0.0052678
31,of,<code>of</code>,12,0.0052678
33,eac,<code>eac</code>,11,0.0048288
33,geseah,<code>geseah</code>,11,0.0048288
33,sawla,<code>sawla</code>,11,0.0048288
36,&thorn;ara,<code>&amp;t;ara</code>,10,0.0043898
36,wi&eth;,<code>wi&amp;d;</code>,10,0.0043898
38,deoflu,<code>deoflu</code>,9,0.0039508
38,eall,<code>eall</code>,9,0.0039508
38,for,<code>for</code>,9,0.0039508
38,gesih&eth;e,<code>gesih&amp;d;e</code>,9,0.0039508
38,me,<code>me</code>,9,0.0039508
38,synna,<code>synna</code>,9,0.0039508
44,&thorn;is,<code>&amp;t;is</code>,8,0.0035119
44,ealle,<code>ealle</code>,8,0.0035119
44,englas,<code>englas</code>,8,0.0035119
44,man,<code>man</code>,8,0.0035119
44,sume,<code>sume</code>,8,0.0035119
49,&thorn;issum,<code>&amp;t;issum</code>,7,0.0030729
49,an,<code>an</code>,7,0.0030729
49,buton,<code>buton</code>,7,0.0030729
49,eft,<code>eft</code>,7,0.0030729
49,gastas,<code>gastas</code>,7,0.0030729
49,hiora,<code>hiora</code>,7,0.0030729
49,hit,<code>hit</code>,7,0.0030729
49,swa,<code>swa</code>,7,0.0030729
57,&aelig;r,<code>&amp;ae;r</code>,6,0.0026339
57,bi,<code>bi</code>,6,0.0026339
57,ea,<code>ea</code>,6,0.0026339
57,micel,<code>micel</code>,6,0.0026339
57,s&aelig;don,<code>s&amp;ae;don</code>,6,0.0026339
57,sio,<code>sio</code>,6,0.0026339
63,&thorn;uhte,<code>&amp;t;uhte</code>,5,0.0021949
63,deoflum,<code>deoflum</code>,5,0.0021949
63,engel,<code>engel</code>,5,0.0021949
63,godes,<code>godes</code>,5,0.0021949
63,halgan,<code>halgan</code>,5,0.0021949
63,mannum,<code>mannum</code>,5,0.0021949
63,mihte,<code>mihte</code>,5,0.0021949
63,ofer,<code>ofer</code>,5,0.0021949
63,sawle,<code>sawle</code>,5,0.0021949
63,synnum,<code>synnum</code>,5,0.0021949
73,&aelig;t,<code>&amp;ae;t</code>,4,0.0017559
73,&thorn;&aelig;ra,<code>&amp;t;&amp;ae;ra</code>,4,0.0017559
73,&thorn;&aelig;s,<code>&amp;t;&amp;ae;s</code>,4,0.0017559
73,&thorn;as,<code>&amp;t;as</code>,4,0.0017559
73,&thorn;es,<code>&amp;t;es</code>,4,0.0017559
73,&thorn;one,<code>&amp;t;one</code>,4,0.0017559
73,englum,<code>englum</code>,4,0.0017559
73,fram,<code>fram</code>,4,0.0017559
73,gasta,<code>gasta</code>,4,0.0017559
73,ge,<code>ge</code>,4,0.0017559
73,gecydde,<code>gecydde</code>,4,0.0017559
73,gode,<code>gode</code>,4,0.0017559
73,her,<code>her</code>,4,0.0017559
73,hire,<code>hire</code>,4,0.0017559
73,manna,<code>manna</code>,4,0.0017559
73,n&aelig;fre,<code>n&amp;ae;fre</code>,4,0.0017559
73,nu,<code>nu</code>,4,0.0017559
73,o&eth;&eth;e,<code>o&amp;d;&amp;d;e</code>,4,0.0017559
73,sawul,<code>sawul</code>,4,0.0017559
73,semninga,<code>semninga</code>,4,0.0017559
73,seo,<code>seo</code>,4,0.0017559
73,symble,<code>symble</code>,4,0.0017559
95,&aelig;fter,<code>&amp;ae;fter</code>,3,0.0013169
95,&eth;a,<code>&amp;d;a</code>,3,0.0013169
95,&thorn;eos,<code>&amp;t;eos</code>,3,0.0013169
95,&thorn;ing,<code>&amp;t;ing</code>,3,0.0013169
95,&thorn;isse,<code>&amp;t;isse</code>,3,0.0013169
95,&thorn;urh,<code>&amp;t;urh</code>,3,0.0013169
95,agene,<code>agene</code>,3,0.0013169
95,awyrigdan,<code>awyrigdan</code>,3,0.0013169
95,beorhtnesse,<code>beorhtnesse</code>,3,0.0013169
95,bi&eth;,<code>bi&amp;d;</code>,3,0.0013169
95,byrnende,<code>byrnende</code>,3,0.0013169
95,coman,<code>coman</code>,3,0.0013169
95,earman,<code>earman</code>,3,0.0013169
95,fyr,<code>fyr</code>,3,0.0013169
95,gedyde,<code>gedyde</code>,3,0.0013169
95,gefremode,<code>gefremode</code>,3,0.0013169
95,gemote,<code>gemote</code>,3,0.0013169
95,gesih&eth;,<code>gesih&amp;d;</code>,3,0.0013169
95,gif,<code>gif</code>,3,0.0013169
95,hira,<code>hira</code>,3,0.0013169
95,leg,<code>leg</code>,3,0.0013169
95,micclan,<code>micclan</code>,3,0.0013169
95,micelre,<code>micelre</code>,3,0.0013169
95,middaneard,<code>middaneard</code>,3,0.0013169
95,minum,<code>minum</code>,3,0.0013169
95,n&aelig;nig,<code>n&amp;ae;nig</code>,3,0.0013169
95,nio&eth;eran,<code>nio&amp;d;eran</code>,3,0.0013169
95,o&eth;,<code>o&amp;d;</code>,3,0.0013169
95,onlicnysse,<code>onlicnysse</code>,3,0.0013169
95,sawlum,<code>sawlum</code>,3,0.0013169
95,sea&eth;as,<code>sea&amp;d;as</code>,3,0.0013169
95,stefne,<code>stefne</code>,3,0.0013169
95,sumum,<code>sumum</code>,3,0.0013169
95,synne,<code>synne</code>,3,0.0013169
95,up,<code>up</code>,3,0.0013169
95,us,<code>us</code>,3,0.0013169
95,wende,<code>wende</code>,3,0.0013169
95,wregende,<code>wregende</code>,3,0.0013169
133,&aelig;fre,<code>&amp;ae;fre</code>,2,0.0008780
133,&aelig;lmihtig,<code>&amp;ae;lmihtig</code>,2,0.0008780
133,&eth;am,<code>&amp;d;am</code>,2,0.0008780
133,&eth;one,<code>&amp;d;one</code>,2,0.0008780
133,&thorn;in,<code>&amp;t;in</code>,2,0.0008780
133,&thorn;inga,<code>&amp;t;inga</code>,2,0.0008780
133,&thorn;reade,<code>&amp;t;reade</code>,2,0.0008780
133,&thorn;us,<code>&amp;t;us</code>,2,0.0008780
133,&thorn;y,<code>&amp;t;y</code>,2,0.0008780
133,ac,<code>ac</code>,2,0.0008780
133,agenre,<code>agenre</code>,2,0.0008780
133,andettenne,<code>andettenne</code>,2,0.0008780
133,anra,<code>anra</code>,2,0.0008780
133,anre,<code>anre</code>,2,0.0008780
133,anwealdes,<code>anwealdes</code>,2,0.0008780
133,bl&aelig;stende,<code>bl&amp;ae;stende</code>,2,0.0008780
133,bricge,<code>bricge</code>,2,0.0008780
133,bro&eth;or,<code>bro&amp;d;or</code>,2,0.0008780
133,brohtan,<code>brohtan</code>,2,0.0008780
133,cegde,<code>cegde</code>,2,0.0008780
133,com,<code>com</code>,2,0.0008780
133,cw&aelig;don,<code>cw&amp;ae;don</code>,2,0.0008780
133,cwe&eth;ende,<code>cwe&amp;d;ende</code>,2,0.0008780
133,dead,<code>dead</code>,2,0.0008780
133,deofla,<code>deofla</code>,2,0.0008780
133,drihten,<code>drihten</code>,2,0.0008780
133,eadigan,<code>eadigan</code>,2,0.0008780
133,eagum,<code>eagum</code>,2,0.0008780
133,ealles,<code>ealles</code>,2,0.0008780
133,eallum,<code>eallum</code>,2,0.0008780
133,ealne,<code>ealne</code>,2,0.0008780
133,efstan,<code>efstan</code>,2,0.0008780
133,egeslic,<code>egeslic</code>,2,0.0008780
133,egeslice,<code>egeslice</code>,2,0.0008780
133,eowres,<code>eowres</code>,2,0.0008780
133,fliton,<code>fliton</code>,2,0.0008780
133,for&eth;,<code>for&amp;d;</code>,2,0.0008780
133,fyre,<code>fyre</code>,2,0.0008780
133,fyrhtu,<code>fyrhtu</code>,2,0.0008780
133,ge&thorn;eodde,<code>ge&amp;t;eodde</code>,2,0.0008780
133,gecweden,<code>gecweden</code>,2,0.0008780
133,gefean,<code>gefean</code>,2,0.0008780
133,gefirenadest,<code>gefirenadest</code>,2,0.0008780
133,gefremede,<code>gefremede</code>,2,0.0008780
133,gefylled,<code>gefylled</code>,2,0.0008780
133,gehwilc,<code>gehwilc</code>,2,0.0008780
133,gehyrde,<code>gehyrde</code>,2,0.0008780
133,gel&aelig;rde,<code>gel&amp;ae;rde</code>,2,0.0008780
133,gerehte,<code>gerehte</code>,2,0.0008780
133,geseage,<code>geseage</code>,2,0.0008780
133,gesege,<code>gesege</code>,2,0.0008780
133,gesegen,<code>gesegen</code>,2,0.0008780
133,gewealdes,<code>gewealdes</code>,2,0.0008780
133,gewitnesse,<code>gewitnesse</code>,2,0.0008780
133,gewyrhtum,<code>gewyrhtum</code>,2,0.0008780
133,god,<code>god</code>,2,0.0008780
133,granung,<code>granung</code>,2,0.0008780
133,h&aelig;fdon,<code>h&amp;ae;fdon</code>,2,0.0008780
133,helle,<code>helle</code>,2,0.0008780
133,hiom,<code>hiom</code>,2,0.0008780
133,hlytes,<code>hlytes</code>,2,0.0008780
133,is,<code>is</code>,2,0.0008780
133,lichama,<code>lichama</code>,2,0.0008780
133,lif,<code>lif</code>,2,0.0008780
133,lifigende,<code>lifigende</code>,2,0.0008780
133,locian,<code>locian</code>,2,0.0008780
133,lyttle,<code>lyttle</code>,2,0.0008780
133,m&aelig;gne,<code>m&amp;ae;gne</code>,2,0.0008780
133,m&aelig;gnu,<code>m&amp;ae;gnu</code>,2,0.0008780
133,men,<code>men</code>,2,0.0008780
133,menego,<code>menego</code>,2,0.0008780
133,meniu,<code>meniu</code>,2,0.0008780
133,midnesse,<code>midnesse</code>,2,0.0008780
133,n&aelig;s,<code>n&amp;ae;s</code>,2,0.0008780
133,nolde,<code>nolde</code>,2,0.0008780
133,o&eth;ra,<code>o&amp;d;ra</code>,2,0.0008780
133,preoste,<code>preoste</code>,2,0.0008780
133,rehte,<code>rehte</code>,2,0.0008780
133,sceawode,<code>sceawode</code>,2,0.0008780
133,scinende,<code>scinende</code>,2,0.0008780
133,scylde,<code>scylde</code>,2,0.0008780
133,sona,<code>sona</code>,2,0.0008780
133,stowe,<code>stowe</code>,2,0.0008780
133,sumes,<code>sumes</code>,2,0.0008780
133,swilc,<code>swilc</code>,2,0.0008780
133,sylf,<code>sylf</code>,2,0.0008780
133,syndon,<code>syndon</code>,2,0.0008780
133,tide,<code>tide</code>,2,0.0008780
133,trymedon,<code>trymedon</code>,2,0.0008780
133,under,<code>under</code>,2,0.0008780
133,unnyt,<code>unnyt</code>,2,0.0008780
133,wear&eth;,<code>wear&amp;d;</code>,2,0.0008780
133,wite,<code>wite</code>,2,0.0008780
133,wolde,<code>wolde</code>,2,0.0008780
133,wop,<code>wop</code>,2,0.0008780
133,worde,<code>worde</code>,2,0.0008780
133,wundorlicre,<code>wundorlicre</code>,2,0.0008780
133,wyrrestan,<code>wyrrestan</code>,2,0.0008780
231,&aelig;ghw&aelig;t,<code>&amp;ae;ghw&amp;ae;t</code>,1,0.0004390
231,&aelig;ghwilc,<code>&amp;ae;ghwilc</code>,1,0.0004390
231,&aelig;lc,<code>&amp;ae;lc</code>,1,0.0004390
231,&aelig;lce,<code>&amp;ae;lce</code>,1,0.0004390
231,&aelig;lmihtigne,<code>&amp;ae;lmihtigne</code>,1,0.0004390
231,&aelig;nigum,<code>&amp;ae;nigum</code>,1,0.0004390
231,&aelig;rost,<code>&amp;ae;rost</code>,1,0.0004390
231,&aelig;teawed,<code>&amp;ae;teawed</code>,1,0.0004390
231,&aelig;thran,<code>&amp;ae;thran</code>,1,0.0004390
231,&aelig;tywed,<code>&amp;ae;tywed</code>,1,0.0004390
231,&eth;issa,<code>&amp;d;issa</code>,1,0.0004390
231,&thorn;agyt,<code>&amp;t;agyt</code>,1,0.0004390
231,&thorn;an,<code>&amp;t;an</code>,1,0.0004390
231,&thorn;anon,<code>&amp;t;anon</code>,1,0.0004390
231,&thorn;egnade,<code>&amp;t;egnade</code>,1,0.0004390
231,&thorn;egnung,<code>&amp;t;egnung</code>,1,0.0004390
231,&thorn;egnunge,<code>&amp;t;egnunge</code>,1,0.0004390
231,&thorn;eode,<code>&amp;t;eode</code>,1,0.0004390
231,&thorn;eowigende,<code>&amp;t;eowigende</code>,1,0.0004390
231,&thorn;icce,<code>&amp;t;icce</code>,1,0.0004390
231,&thorn;ider,<code>&amp;t;ider</code>,1,0.0004390
231,&thorn;inre,<code>&amp;t;inre</code>,1,0.0004390
231,&thorn;inum,<code>&amp;t;inum</code>,1,0.0004390
231,&thorn;ios,<code>&amp;t;ios</code>,1,0.0004390
231,&thorn;isses,<code>&amp;t;isses</code>,1,0.0004390
231,&thorn;rage,<code>&amp;t;rage</code>,1,0.0004390
231,&thorn;rea,<code>&amp;t;rea</code>,1,0.0004390
231,&thorn;readon,<code>&amp;t;readon</code>,1,0.0004390
231,&thorn;uss,<code>&amp;t;uss</code>,1,0.0004390
231,&thorn;yder,<code>&amp;t;yder</code>,1,0.0004390
231,&thorn;yses,<code>&amp;t;yses</code>,1,0.0004390
231,abbod,<code>abbod</code>,1,0.0004390
231,abboddomes,<code>abboddomes</code>,1,0.0004390
231,abead,<code>abead</code>,1,0.0004390
231,abrudon,<code>abrudon</code>,1,0.0004390
231,acl&aelig;nsode,<code>acl&amp;ae;nsode</code>,1,0.0004390
231,ag&aelig;lde,<code>ag&amp;ae;lde</code>,1,0.0004390
231,agen,<code>agen</code>,1,0.0004390
231,agenne,<code>agenne</code>,1,0.0004390
231,ahofan,<code>ahofan</code>,1,0.0004390
231,ahofe,<code>ahofe</code>,1,0.0004390
231,ahwyrfde,<code>ahwyrfde</code>,1,0.0004390
231,alyfed,<code>alyfed</code>,1,0.0004390
231,alysed,<code>alysed</code>,1,0.0004390
231,andettan,<code>andettan</code>,1,0.0004390
231,andswarode,<code>andswarode</code>,1,0.0004390
231,andwearde,<code>andwearde</code>,1,0.0004390
231,anes,<code>anes</code>,1,0.0004390
231,anr&aelig;dlice,<code>anr&amp;ae;dlice</code>,1,0.0004390
231,anumen,<code>anumen</code>,1,0.0004390
231,anwealde,<code>anwealde</code>,1,0.0004390
231,ardlice,<code>ardlice</code>,1,0.0004390
231,areceleasode,<code>areceleasode</code>,1,0.0004390
231,arf&aelig;ste,<code>arf&amp;ae;ste</code>,1,0.0004390
231,arf&aelig;stnyssum,<code>arf&amp;ae;stnyssum</code>,1,0.0004390
231,arf&aelig;stre,<code>arf&amp;ae;stre</code>,1,0.0004390
231,arguas,<code>arguas</code>,1,0.0004390
231,arise,<code>arise</code>,1,0.0004390
231,aslidene,<code>aslidene</code>,1,0.0004390
231,awergedra,<code>awergedra</code>,1,0.0004390
231,awerigdra,<code>awerigdra</code>,1,0.0004390
231,aworpen,<code>aworpen</code>,1,0.0004390
231,awrittenne,<code>awrittenne</code>,1,0.0004390
231,b&aelig;d,<code>b&amp;ae;d</code>,1,0.0004390
231,b&aelig;de,<code>b&amp;ae;de</code>,1,0.0004390
231,b&aelig;m,<code>b&amp;ae;m</code>,1,0.0004390
231,be,<code>be</code>,1,0.0004390
231,bebodu,<code>bebodu</code>,1,0.0004390
231,befeollan,<code>befeollan</code>,1,0.0004390
231,befiollan,<code>befiollan</code>,1,0.0004390
231,beladigende,<code>beladigende</code>,1,0.0004390
231,ben&aelig;med,<code>ben&amp;ae;med</code>,1,0.0004390
231,bene,<code>bene</code>,1,0.0004390
231,beorhnesse,<code>beorhnesse</code>,1,0.0004390
231,beorhtan,<code>beorhtan</code>,1,0.0004390
231,beorhte,<code>beorhte</code>,1,0.0004390
231,beorhtum,<code>beorhtum</code>,1,0.0004390
231,beornan,<code>beornan</code>,1,0.0004390
231,bescyldigende,<code>bescyldigende</code>,1,0.0004390
231,besmitene,<code>besmitene</code>,1,0.0004390
231,bewrigennis,<code>bewrigennis</code>,1,0.0004390
231,bewrigennys,<code>bewrigennys</code>,1,0.0004390
231,biboden,<code>biboden</code>,1,0.0004390
231,bibudon,<code>bibudon</code>,1,0.0004390
231,bicome,<code>bicome</code>,1,0.0004390
231,biforan,<code>biforan</code>,1,0.0004390
231,big,<code>big</code>,1,0.0004390
231,bigyrded,<code>bigyrded</code>,1,0.0004390
231,bihofia&eth;,<code>bihofia&amp;d;</code>,1,0.0004390
231,biorhtnesse,<code>biorhtnesse</code>,1,0.0004390
231,biorhtre,<code>biorhtre</code>,1,0.0004390
231,biscyldende,<code>biscyldende</code>,1,0.0004390
231,bismorodan,<code>bismorodan</code>,1,0.0004390
231,bl&aelig;stan,<code>bl&amp;ae;stan</code>,1,0.0004390
231,blissode,<code>blissode</code>,1,0.0004390
231,blod,<code>blod</code>,1,0.0004390
231,blodes,<code>blodes</code>,1,0.0004390
231,bocum,<code>bocum</code>,1,0.0004390
231,bogia,<code>bogia</code>,1,0.0004390
231,bote,<code>bote</code>,1,0.0004390
231,bringenne,<code>bringenne</code>,1,0.0004390
231,bro&eth;er,<code>bro&amp;d;er</code>,1,0.0004390
231,brycge,<code>brycge</code>,1,0.0004390
231,brynes,<code>brynes</code>,1,0.0004390
231,byrnendum,<code>byrnendum</code>,1,0.0004390
231,ceaster,<code>ceaster</code>,1,0.0004390
231,cegende,<code>cegende</code>,1,0.0004390
231,celnisse,<code>celnisse</code>,1,0.0004390
231,cirican,<code>cirican</code>,1,0.0004390
231,cirmdon,<code>cirmdon</code>,1,0.0004390
231,cl&aelig;nsunge,<code>cl&amp;ae;nsunge</code>,1,0.0004390
231,cleowen,<code>cleowen</code>,1,0.0004390
231,cneowu,<code>cneowu</code>,1,0.0004390
231,come,<code>come</code>,1,0.0004390
231,corripias,<code>corripias</code>,1,0.0004390
231,cristes,<code>cristes</code>,1,0.0004390
231,cumen,<code>cumen</code>,1,0.0004390
231,cwealmlicre,<code>cwealmlicre</code>,1,0.0004390
231,cweorne,<code>cweorne</code>,1,0.0004390
231,cwylmian,<code>cwylmian</code>,1,0.0004390
231,cydde,<code>cydde</code>,1,0.0004390
231,cym&eth;,<code>cym&amp;d;</code>,1,0.0004390
231,cynnes,<code>cynnes</code>,1,0.0004390
231,cyrican,<code>cyrican</code>,1,0.0004390
231,d&aelig;de,<code>d&amp;ae;de</code>,1,0.0004390
231,d&aelig;ge,<code>d&amp;ae;ge</code>,1,0.0004390
231,d&aelig;gred,<code>d&amp;ae;gred</code>,1,0.0004390
231,d&aelig;las,<code>d&amp;ae;las</code>,1,0.0004390
231,d&aelig;le,<code>d&amp;ae;le</code>,1,0.0004390
231,dagum,<code>dagum</code>,1,0.0004390
231,deopnesse,<code>deopnesse</code>,1,0.0004390
231,diofol,<code>diofol</code>,1,0.0004390
231,domes,<code>domes</code>,1,0.0004390
231,domine,<code>domine</code>,1,0.0004390
231,domne,<code>domne</code>,1,0.0004390
231,drihtnes,<code>drihtnes</code>,1,0.0004390
231,drupung,<code>drupung</code>,1,0.0004390
231,eadigra,<code>eadigra</code>,1,0.0004390
231,eagan,<code>eagan</code>,1,0.0004390
231,eagena,<code>eagena</code>,1,0.0004390
231,eahtodest,<code>eahtodest</code>,1,0.0004390
231,ealdan,<code>ealdan</code>,1,0.0004390
231,ealdes,<code>ealdes</code>,1,0.0004390
231,ealdor,<code>ealdor</code>,1,0.0004390
231,ealdum,<code>ealdum</code>,1,0.0004390
231,eallunga,<code>eallunga</code>,1,0.0004390
231,ealra,<code>ealra</code>,1,0.0004390
231,ealre,<code>ealre</code>,1,0.0004390
231,eardigende,<code>eardigende</code>,1,0.0004390
231,earma,<code>earma</code>,1,0.0004390
231,eca,<code>eca</code>,1,0.0004390
231,ece,<code>ece</code>,1,0.0004390
231,edwit,<code>edwit</code>,1,0.0004390
231,ege,<code>ege</code>,1,0.0004390
231,engellican,<code>engellican</code>,1,0.0004390
231,engla,<code>engla</code>,1,0.0004390
231,eode,<code>eode</code>,1,0.0004390
231,eor&eth;an,<code>eor&amp;d;an</code>,1,0.0004390
231,eow,<code>eow</code>,1,0.0004390
231,f&aelig;ce,<code>f&amp;ae;ce</code>,1,0.0004390
231,f&aelig;gera,<code>f&amp;ae;gera</code>,1,0.0004390
231,f&aelig;gernisse,<code>f&amp;ae;gernisse</code>,1,0.0004390
231,f&aelig;gre,<code>f&amp;ae;gre</code>,1,0.0004390
231,f&aelig;rlice,<code>f&amp;ae;rlice</code>,1,0.0004390
231,f&aelig;sten,<code>f&amp;ae;sten</code>,1,0.0004390
231,fagum,<code>fagum</code>,1,0.0004390
231,feallendum,<code>feallendum</code>,1,0.0004390
231,feond,<code>feond</code>,1,0.0004390
231,feor&thorn;iode,<code>feor&amp;t;iode</code>,1,0.0004390
231,feorhadle,<code>feorhadle</code>,1,0.0004390
231,ferdon,<code>ferdon</code>,1,0.0004390
231,fif,<code>fif</code>,1,0.0004390
231,fiollon,<code>fiollon</code>,1,0.0004390
231,firnode,<code>firnode</code>,1,0.0004390
231,fleogan,<code>fleogan</code>,1,0.0004390
231,flese,<code>flese</code>,1,0.0004390
231,flihte,<code>flihte</code>,1,0.0004390
231,folc,<code>folc</code>,1,0.0004390
231,for&eth;fered,<code>for&amp;d;fered</code>,1,0.0004390
231,for&eth;feredra,<code>for&amp;d;feredra</code>,1,0.0004390
231,forbrugde,<code>forbrugde</code>,1,0.0004390
231,forlete,<code>forlete</code>,1,0.0004390
231,forman,<code>forman</code>,1,0.0004390
231,forsewenlic,<code>forsewenlic</code>,1,0.0004390
231,forst&aelig;l,<code>forst&amp;ae;l</code>,1,0.0004390
231,forstynded,<code>forstynded</code>,1,0.0004390
231,forstynted,<code>forstynted</code>,1,0.0004390
231,forwyrnde,<code>forwyrnde</code>,1,0.0004390
231,fotes,<code>fotes</code>,1,0.0004390
231,friode,<code>friode</code>,1,0.0004390
231,fugela,<code>fugela</code>,1,0.0004390
231,fulnes,<code>fulnes</code>,1,0.0004390
231,furore,<code>furore</code>,1,0.0004390
231,fyren,<code>fyren</code>,1,0.0004390
231,fyrene,<code>fyrene</code>,1,0.0004390
231,fyrenen,<code>fyrenen</code>,1,0.0004390
231,fyrenfull,<code>fyrenfull</code>,1,0.0004390
231,gastanc,<code>gastanc</code>,1,0.0004390
231,gaste,<code>gaste</code>,1,0.0004390
231,gastlican,<code>gastlican</code>,1,0.0004390
231,gastlicum,<code>gastlicum</code>,1,0.0004390
231,ge&thorn;oht,<code>ge&amp;t;oht</code>,1,0.0004390
231,ge&thorn;r&aelig;sted,<code>ge&amp;t;r&amp;ae;sted</code>,1,0.0004390
231,ge&thorn;ricced,<code>ge&amp;t;ricced</code>,1,0.0004390
231,ge&thorn;uht,<code>ge&amp;t;uht</code>,1,0.0004390
231,geat,<code>geat</code>,1,0.0004390
231,gebed,<code>gebed</code>,1,0.0004390
231,gebisgode,<code>gebisgode</code>,1,0.0004390
231,geboren,<code>geboren</code>,1,0.0004390
231,gecy&eth;e,<code>gecy&amp;d;e</code>,1,0.0004390
231,gedydon,<code>gedydon</code>,1,0.0004390
231,geearnian,<code>geearnian</code>,1,0.0004390
231,geeode,<code>geeode</code>,1,0.0004390
231,geeoden,<code>geeoden</code>,1,0.0004390
231,gef&aelig;gnia&eth;,<code>gef&amp;ae;gnia&amp;d;</code>,1,0.0004390
231,geflit,<code>geflit</code>,1,0.0004390
231,gefremman,<code>gefremman</code>,1,0.0004390
231,gefuhton,<code>gefuhton</code>,1,0.0004390
231,gefylde,<code>gefylde</code>,1,0.0004390
231,gefyllen,<code>gefyllen</code>,1,0.0004390
231,gegitsodest,<code>gegitsodest</code>,1,0.0004390
231,gegripon,<code>gegripon</code>,1,0.0004390
231,gehealden,<code>gehealden</code>,1,0.0004390
231,gehwyrfde,<code>gehwyrfde</code>,1,0.0004390
231,gehyrest,<code>gehyrest</code>,1,0.0004390
231,gel&aelig;ded,<code>gel&amp;ae;ded</code>,1,0.0004390
231,gelic,<code>gelic</code>,1,0.0004390
231,gelyfedum,<code>gelyfedum</code>,1,0.0004390
231,gem&aelig;ne,<code>gem&amp;ae;ne</code>,1,0.0004390
231,gemanes,<code>gemanes</code>,1,0.0004390
231,gemet,<code>gemet</code>,1,0.0004390
231,gemot,<code>gemot</code>,1,0.0004390
231,genamon,<code>genamon</code>,1,0.0004390
231,generedon,<code>generedon</code>,1,0.0004390
231,geornesse,<code>geornesse</code>,1,0.0004390
231,geornissum,<code>geornissum</code>,1,0.0004390
231,ges&aelig;ton,<code>ges&amp;ae;ton</code>,1,0.0004390
231,gesamnod,<code>gesamnod</code>,1,0.0004390
231,gesamnode,<code>gesamnode</code>,1,0.0004390
231,gesceawod,<code>gesceawod</code>,1,0.0004390
231,gescyld,<code>gescyld</code>,1,0.0004390
231,gesegene,<code>gesegene</code>,1,0.0004390
231,gesioh,<code>gesioh</code>,1,0.0004390
231,gespecen,<code>gespecen</code>,1,0.0004390
231,gespr&aelig;ce,<code>gespr&amp;ae;ce</code>,1,0.0004390
231,gestilde,<code>gestilde</code>,1,0.0004390
231,gestrynde,<code>gestrynde</code>,1,0.0004390
231,gesund,<code>gesund</code>,1,0.0004390
231,geswege,<code>geswege</code>,1,0.0004390
231,geswegum,<code>geswegum</code>,1,0.0004390
231,getacna&eth;,<code>getacna&amp;d;</code>,1,0.0004390
231,gewita,<code>gewita</code>,1,0.0004390
231,gewita&eth;,<code>gewita&amp;d;</code>,1,0.0004390
231,geworden,<code>geworden</code>,1,0.0004390
231,gewrit,<code>gewrit</code>,1,0.0004390
231,gewrita,<code>gewrita</code>,1,0.0004390
231,gewundode,<code>gewundode</code>,1,0.0004390
231,gilp,<code>gilp</code>,1,0.0004390
231,giogo&eth;e,<code>giogo&amp;d;e</code>,1,0.0004390
231,gitsung,<code>gitsung</code>,1,0.0004390
231,gitsunge,<code>gitsunge</code>,1,0.0004390
231,godwyrcnisse,<code>godwyrcnisse</code>,1,0.0004390
231,grindan,<code>grindan</code>,1,0.0004390
231,gristbitigende,<code>gristbitigende</code>,1,0.0004390
231,gylplice,<code>gylplice</code>,1,0.0004390
231,gymen,<code>gymen</code>,1,0.0004390
231,gyrdelse,<code>gyrdelse</code>,1,0.0004390
231,gyrndon,<code>gyrndon</code>,1,0.0004390
231,gyte,<code>gyte</code>,1,0.0004390
231,h&aelig;fde,<code>h&amp;ae;fde</code>,1,0.0004390
231,hade,<code>hade</code>,1,0.0004390
231,halga,<code>halga</code>,1,0.0004390
231,halgum,<code>halgum</code>,1,0.0004390
231,halige,<code>halige</code>,1,0.0004390
231,haligra,<code>haligra</code>,1,0.0004390
231,hancrede,<code>hancrede</code>,1,0.0004390
231,hatheortnysse,<code>hatheortnysse</code>,1,0.0004390
231,heafde,<code>heafde</code>,1,0.0004390
231,heannesse,<code>heannesse</code>,1,0.0004390
231,heap,<code>heap</code>,1,0.0004390
231,heapiende,<code>heapiende</code>,1,0.0004390
231,heapode,<code>heapode</code>,1,0.0004390
231,heardlice,<code>heardlice</code>,1,0.0004390
231,hefiestu,<code>hefiestu</code>,1,0.0004390
231,hefiglice,<code>hefiglice</code>,1,0.0004390
231,helan,<code>helan</code>,1,0.0004390
231,heofigende,<code>heofigende</code>,1,0.0004390
231,hextan,<code>hextan</code>,1,0.0004390
231,hiaf,<code>hiaf</code>,1,0.0004390
231,hiardran,<code>hiardran</code>,1,0.0004390
231,hierusalem,<code>hierusalem</code>,1,0.0004390
231,hinsi&eth;e,<code>hinsi&amp;d;e</code>,1,0.0004390
231,hiofigende,<code>hiofigende</code>,1,0.0004390
231,hiofigendra,<code>hiofigendra</code>,1,0.0004390
231,hleahtre,<code>hleahtre</code>,1,0.0004390
231,hluttor,<code>hluttor</code>,1,0.0004390
231,hr&aelig;gle,<code>hr&amp;ae;gle</code>,1,0.0004390
231,hra&eth;e,<code>hra&amp;d;e</code>,1,0.0004390
231,hwile,<code>hwile</code>,1,0.0004390
231,hwilum,<code>hwilum</code>,1,0.0004390
231,hwittra,<code>hwittra</code>,1,0.0004390
231,hwyrfde,<code>hwyrfde</code>,1,0.0004390
231,idel,<code>idel</code>,1,0.0004390
231,idelice,<code>idelice</code>,1,0.0004390
231,ingemang,<code>ingemang</code>,1,0.0004390
231,inneweard,<code>inneweard</code>,1,0.0004390
231,ira,<code>ira</code>,1,0.0004390
231,iserne,<code>iserne</code>,1,0.0004390
231,iu,<code>iu</code>,1,0.0004390
231,iugo&eth;e,<code>iugo&amp;d;e</code>,1,0.0004390
231,l&aelig;ddon,<code>l&amp;ae;ddon</code>,1,0.0004390
231,l&aelig;g,<code>l&amp;ae;g</code>,1,0.0004390
231,la&eth;edon,<code>la&amp;d;edon</code>,1,0.0004390
231,ladedon,<code>ladedon</code>,1,0.0004390
231,ladiende,<code>ladiende</code>,1,0.0004390
231,ladlic,<code>ladlic</code>,1,0.0004390
231,lare,<code>lare</code>,1,0.0004390
231,late,<code>late</code>,1,0.0004390
231,leasung,<code>leasung</code>,1,0.0004390
231,lega,<code>lega</code>,1,0.0004390
231,lege,<code>lege</code>,1,0.0004390
231,lengu,<code>lengu</code>,1,0.0004390
231,leodum,<code>leodum</code>,1,0.0004390
231,lices,<code>lices</code>,1,0.0004390
231,licgan,<code>licgan</code>,1,0.0004390
231,lichamum,<code>lichamum</code>,1,0.0004390
231,lifde,<code>lifde</code>,1,0.0004390
231,life,<code>life</code>,1,0.0004390
231,lifes,<code>lifes</code>,1,0.0004390
231,lifia&eth;,<code>lifia&amp;d;</code>,1,0.0004390
231,ligende,<code>ligende</code>,1,0.0004390
231,lihtigende,<code>lihtigende</code>,1,0.0004390
231,lorh,<code>lorh</code>,1,0.0004390
231,lufan,<code>lufan</code>,1,0.0004390
231,lufu,<code>lufu</code>,1,0.0004390
231,lyft,<code>lyft</code>,1,0.0004390
231,lythwon,<code>lythwon</code>,1,0.0004390
231,lyttla,<code>lyttla</code>,1,0.0004390
231,lyttlum,<code>lyttlum</code>,1,0.0004390
231,m&aelig;den,<code>m&amp;ae;den</code>,1,0.0004390
231,m&aelig;gden,<code>m&amp;ae;gden</code>,1,0.0004390
231,m&aelig;gdnes,<code>m&amp;ae;gdnes</code>,1,0.0004390
231,m&aelig;gen,<code>m&amp;ae;gen</code>,1,0.0004390
231,m&aelig;gna,<code>m&amp;ae;gna</code>,1,0.0004390
231,m&aelig;gnum,<code>m&amp;ae;gnum</code>,1,0.0004390
231,m&aelig;nnen,<code>m&amp;ae;nnen</code>,1,0.0004390
231,m&aelig;ra,<code>m&amp;ae;ra</code>,1,0.0004390
231,m&aelig;rlice,<code>m&amp;ae;rlice</code>,1,0.0004390
231,m&aelig;ssepreoste,<code>m&amp;ae;ssepreoste</code>,1,0.0004390
231,m&aelig;ssepreostes,<code>m&amp;ae;ssepreostes</code>,1,0.0004390
231,mand&aelig;de,<code>mand&amp;ae;de</code>,1,0.0004390
231,manega,<code>manega</code>,1,0.0004390
231,manegum,<code>manegum</code>,1,0.0004390
231,manfullum,<code>manfullum</code>,1,0.0004390
231,manige,<code>manige</code>,1,0.0004390
231,mannes,<code>mannes</code>,1,0.0004390
231,maran,<code>maran</code>,1,0.0004390
231,menigu,<code>menigu</code>,1,0.0004390
231,mennisces,<code>mennisces</code>,1,0.0004390
231,menniscre,<code>menniscre</code>,1,0.0004390
231,miccle,<code>miccle</code>,1,0.0004390
231,miccligende,<code>miccligende</code>,1,0.0004390
231,micclum,<code>micclum</code>,1,0.0004390
231,micelne,<code>micelne</code>,1,0.0004390
231,micelnysse,<code>micelnysse</code>,1,0.0004390
231,middanearde,<code>middanearde</code>,1,0.0004390
231,middaneardes,<code>middaneardes</code>,1,0.0004390
231,middel,<code>middel</code>,1,0.0004390
231,mildelice,<code>mildelice</code>,1,0.0004390
231,miltse,<code>miltse</code>,1,0.0004390
231,miltsiend,<code>miltsiend</code>,1,0.0004390
231,miltsunge,<code>miltsunge</code>,1,0.0004390
231,min,<code>min</code>,1,0.0004390
231,mislice,<code>mislice</code>,1,0.0004390
231,n&aelig;nigre,<code>n&amp;ae;nigre</code>,1,0.0004390
231,n&aelig;re,<code>n&amp;ae;re</code>,1,0.0004390
231,n&aelig;ron,<code>n&amp;ae;ron</code>,1,0.0004390
231,nama,<code>nama</code>,1,0.0004390
231,nan,<code>nan</code>,1,0.0004390
231,nedbade,<code>nedbade</code>,1,0.0004390
231,neque,<code>neque</code>,1,0.0004390
231,niorxnawang,<code>niorxnawang</code>,1,0.0004390
231,nyste,<code>nyste</code>,1,0.0004390
231,nyxtan,<code>nyxtan</code>,1,0.0004390
231,o&eth;lengde,<code>o&amp;d;lengde</code>,1,0.0004390
231,o&eth;lengdon,<code>o&amp;d;lengdon</code>,1,0.0004390
231,o&eth;ru,<code>o&amp;d;ru</code>,1,0.0004390
231,o&eth;rum,<code>o&amp;d;rum</code>,1,0.0004390
231,o&thorn;res,<code>o&amp;t;res</code>,1,0.0004390
231,oferforen,<code>oferforen</code>,1,0.0004390
231,ofergitolness,<code>ofergitolness</code>,1,0.0004390
231,ofrum,<code>ofrum</code>,1,0.0004390
231,ongean,<code>ongean</code>,1,0.0004390
231,onlicnissum,<code>onlicnissum</code>,1,0.0004390
231,onscunode,<code>onscunode</code>,1,0.0004390
231,onsundran,<code>onsundran</code>,1,0.0004390
231,onweg,<code>onweg</code>,1,0.0004390
231,onwrigen,<code>onwrigen</code>,1,0.0004390
231,open,<code>open</code>,1,0.0004390
231,orm&aelig;tlice,<code>orm&amp;ae;tlice</code>,1,0.0004390
231,orm&aelig;tlicne,<code>orm&amp;ae;tlicne</code>,1,0.0004390
231,orm&aelig;ttre,<code>orm&amp;ae;ttre</code>,1,0.0004390
231,oro&eth;,<code>oro&amp;d;</code>,1,0.0004390
231,pice,<code>pice</code>,1,0.0004390
231,picenan,<code>picenan</code>,1,0.0004390
231,preost,<code>preost</code>,1,0.0004390
231,preostes,<code>preostes</code>,1,0.0004390
231,pund,<code>pund</code>,1,0.0004390
231,receleas,<code>receleas</code>,1,0.0004390
231,receleaste,<code>receleaste</code>,1,0.0004390
231,rest,<code>rest</code>,1,0.0004390
231,reste,<code>reste</code>,1,0.0004390
231,rihte,<code>rihte</code>,1,0.0004390
231,rode,<code>rode</code>,1,0.0004390
231,s&aelig;dan,<code>s&amp;ae;dan</code>,1,0.0004390
231,s&aelig;gde,<code>s&amp;ae;gde</code>,1,0.0004390
231,s&aelig;streamas,<code>s&amp;ae;streamas</code>,1,0.0004390
231,saga&eth;,<code>saga&amp;d;</code>,1,0.0004390
231,scea&eth;&eth;ignesse,<code>scea&amp;d;&amp;d;ignesse</code>,1,0.0004390
231,sceall,<code>sceall</code>,1,0.0004390
231,sceawian,<code>sceawian</code>,1,0.0004390
231,sceolde,<code>sceolde</code>,1,0.0004390
231,scinendra,<code>scinendra</code>,1,0.0004390
231,sea&eth;a,<code>sea&amp;d;a</code>,1,0.0004390
231,sea&eth;um,<code>sea&amp;d;um</code>,1,0.0004390
231,sealmsang,<code>sealmsang</code>,1,0.0004390
231,secgende,<code>secgende</code>,1,0.0004390
231,segene,<code>segene</code>,1,0.0004390
231,sende,<code>sende</code>,1,0.0004390
231,seoc,<code>seoc</code>,1,0.0004390
231,sette,<code>sette</code>,1,0.0004390
231,sibbe,<code>sibbe</code>,1,0.0004390
231,singallice,<code>singallice</code>,1,0.0004390
231,siocum,<code>siocum</code>,1,0.0004390
231,slapolnis,<code>slapolnis</code>,1,0.0004390
231,sleacnis,<code>sleacnis</code>,1,0.0004390
231,so&eth;f&aelig;stan,<code>so&amp;d;f&amp;ae;stan</code>,1,0.0004390
231,sp&aelig;ce,<code>sp&amp;ae;ce</code>,1,0.0004390
231,sprecende,<code>sprecende</code>,1,0.0004390
231,st&aelig;lde,<code>st&amp;ae;lde</code>,1,0.0004390
231,stale,<code>stale</code>,1,0.0004390
231,stalu,<code>stalu</code>,1,0.0004390
231,stefnum,<code>stefnum</code>,1,0.0004390
231,stemende,<code>stemende</code>,1,0.0004390
231,steor,<code>steor</code>,1,0.0004390
231,stow,<code>stow</code>,1,0.0004390
231,stunce,<code>stunce</code>,1,0.0004390
231,sumere,<code>sumere</code>,1,0.0004390
231,sumne,<code>sumne</code>,1,0.0004390
231,sungon,<code>sungon</code>,1,0.0004390
231,swearte,<code>swearte</code>,1,0.0004390
231,sweartra,<code>sweartra</code>,1,0.0004390
231,sweg,<code>sweg</code>,1,0.0004390
231,sweltende,<code>sweltende</code>,1,0.0004390
231,swetnysse,<code>swetnysse</code>,1,0.0004390
231,swi&eth;ost,<code>swi&amp;d;ost</code>,1,0.0004390
231,swi&eth;rode,<code>swi&amp;d;rode</code>,1,0.0004390
231,swiciende,<code>swiciende</code>,1,0.0004390
231,swilce,<code>swilce</code>,1,0.0004390
231,sworetunge,<code>sworetunge</code>,1,0.0004390
231,swylc,<code>swylc</code>,1,0.0004390
231,sy&eth;&eth;an,<code>sy&amp;d;&amp;d;an</code>,1,0.0004390
231,syle&eth;,<code>syle&amp;d;</code>,1,0.0004390
231,sylfe,<code>sylfe</code>,1,0.0004390
231,syn,<code>syn</code>,1,0.0004390
231,syngode,<code>syngode</code>,1,0.0004390
231,tacen,<code>tacen</code>,1,0.0004390
231,tealode,<code>tealode</code>,1,0.0004390
231,tid,<code>tid</code>,1,0.0004390
231,tintregan,<code>tintregan</code>,1,0.0004390
231,toweardan,<code>toweardan</code>,1,0.0004390
231,treow,<code>treow</code>,1,0.0004390
231,triowe,<code>triowe</code>,1,0.0004390
231,tua,<code>tua</code>,1,0.0004390
231,tuo,<code>tuo</code>,1,0.0004390
231,unalyfedlice,<code>unalyfedlice</code>,1,0.0004390
231,unar&aelig;fnedlice,<code>unar&amp;ae;fnedlice</code>,1,0.0004390
231,uncu&eth;,<code>uncu&amp;d;</code>,1,0.0004390
231,ungehersumnes,<code>ungehersumnes</code>,1,0.0004390
231,ungehyrsum,<code>ungehyrsum</code>,1,0.0004390
231,ungetriowan,<code>ungetriowan</code>,1,0.0004390
231,unm&aelig;tre,<code>unm&amp;ae;tre</code>,1,0.0004390
231,unmeodumlice,<code>unmeodumlice</code>,1,0.0004390
231,unnytnys,<code>unnytnys</code>,1,0.0004390
231,unnyttra,<code>unnyttra</code>,1,0.0004390
231,unrim,<code>unrim</code>,1,0.0004390
231,unrotnesse,<code>unrotnesse</code>,1,0.0004390
231,untrumra,<code>untrumra</code>,1,0.0004390
231,upastigende,<code>upastigende</code>,1,0.0004390
231,ure,<code>ure</code>,1,0.0004390
231,urnon,<code>urnon</code>,1,0.0004390
231,ut,<code>ut</code>,1,0.0004390
231,utgongende,<code>utgongende</code>,1,0.0004390
231,w&aelig;lhreowlice,<code>w&amp;ae;lhreowlice</code>,1,0.0004390
231,wealla,<code>wealla</code>,1,0.0004390
231,weallas,<code>weallas</code>,1,0.0004390
231,weallende,<code>weallende</code>,1,0.0004390
231,weccende,<code>weccende</code>,1,0.0004390
231,weor&eth;e,<code>weor&amp;d;e</code>,1,0.0004390
231,weorc,<code>weorc</code>,1,0.0004390
231,wepende,<code>wepende</code>,1,0.0004390
231,wife,<code>wife</code>,1,0.0004390
231,wiht,<code>wiht</code>,1,0.0004390
231,wintrum,<code>wintrum</code>,1,0.0004390
231,wlitig,<code>wlitig</code>,1,0.0004390
231,word,<code>word</code>,1,0.0004390
231,worda,<code>worda</code>,1,0.0004390
231,worulde,<code>worulde</code>,1,0.0004390
231,wregdon,<code>wregdon</code>,1,0.0004390
231,wund,<code>wund</code>,1,0.0004390
231,wunderlicre,<code>wunderlicre</code>,1,0.0004390
231,wundorlican,<code>wundorlican</code>,1,0.0004390
231,wurde,<code>wurde</code>,1,0.0004390
231,wurdon,<code>wurdon</code>,1,0.0004390
231,wurpon,<code>wurpon</code>,1,0.0004390
231,wynfri&eth;,<code>wynfri&amp;d;</code>,1,0.0004390
231,wynsumum,<code>wynsumum</code>,1,0.0004390
231,wyr&eth;e,<code>wyr&amp;d;e</code>,1,0.0004390
231,yfela,<code>yfela</code>,1,0.0004390
231,yfelan,<code>yfelan</code>,1,0.0004390
231,yldinge,<code>yldinge</code>,1,0.0004390
231,ymb,<code>ymb</code>,1,0.0004390
231,ymbhwyrfte,<code>ymbhwyrfte</code>,1,0.0004390
231,ymbseted,<code>ymbseted</code>,1,0.0004390
231,yrre,<code>yrre</code>,1,0.0004390
