B_Prose,B06,B06.003_Let_3__Ker__T06150.txt,38,28,50
RANK,HTML WORD,RAW WORD,COUNT,RELATIVE FREQUENCY
1,me,<code>me</code>,3,0.0600000
1,on,<code>on</code>,3,0.0600000
3,&thorn;a,<code>&amp;t;a</code>,2,0.0400000
3,&thorn;ar,<code>&amp;t;ar</code>,2,0.0400000
3,&thorn;onne,<code>&amp;t;onne</code>,2,0.0400000
3,be,<code>be</code>,2,0.0400000
3,cristes,<code>cristes</code>,2,0.0400000
3,ic,<code>ic</code>,2,0.0400000
3,leofre,<code>leofre</code>,2,0.0400000
3,w&aelig;re,<code>w&amp;ae;re</code>,2,0.0400000
11,&aelig;fre,<code>&amp;ae;fre</code>,1,0.0200000
11,&thorn;&aelig;t,<code>&amp;t;&amp;ae;t</code>,1,0.0200000
11,amen,<code>amen</code>,1,0.0200000
11,axode,<code>axode</code>,1,0.0200000
11,ceolno&eth;e,<code>ceolno&amp;d;e</code>,1,0.0200000
11,cing,<code>cing</code>,1,0.0200000
11,cuman,<code>cuman</code>,1,0.0200000
11,cyrcan,<code>cyrcan</code>,1,0.0200000
11,cyrcean,<code>cyrcean</code>,1,0.0200000
11,ece,<code>ece</code>,1,0.0200000
11,embe,<code>embe</code>,1,0.0200000
11,gewyr&eth;e,<code>gewyr&amp;d;e</code>,1,0.0200000
11,gramm,<code>gramm</code>,1,0.0200000
11,greta&eth;,<code>greta&amp;d;</code>,1,0.0200000
11,gyrna&eth;,<code>gyrna&amp;d;</code>,1,0.0200000
11,ham,<code>ham</code>,1,0.0200000
11,he,<code>he</code>,1,0.0200000
11,hit,<code>hit</code>,1,0.0200000
11,hl&aelig;fdige,<code>hl&amp;ae;fdige</code>,1,0.0200000
11,hw&aelig;&thorn;er,<code>hw&amp;ae;&amp;t;er</code>,1,0.0200000
11,midnewinter,<code>midnewinter</code>,1,0.0200000
11,s&aelig;de,<code>s&amp;ae;de</code>,1,0.0200000
11,scolde,<code>scolde</code>,1,0.0200000
11,seo,<code>seo</code>,1,0.0200000
11,swa,<code>swa</code>,1,0.0200000
11,w&aelig;s,<code>w&amp;ae;s</code>,1,0.0200000
11,westan,<code>westan</code>,1,0.0200000
11,yrfe,<code>yrfe</code>,1,0.0200000
