B_Prose,B09,B09.004.004_Solil_3_T06700.txt,577,367,1753
RANK,HTML WORD,RAW WORD,COUNT,RELATIVE FREQUENCY
1,&thorn;e,<code>&amp;t;e</code>,67,0.0382202
2,and,<code>and</code>,62,0.0353679
3,ne,<code>ne</code>,55,0.0313748
4,&thorn;&aelig;t,<code>&amp;t;&amp;ae;t</code>,53,0.0302339
5,on,<code>on</code>,42,0.0239589
6,&thorn;a,<code>&amp;t;a</code>,40,0.0228180
7,ic,<code>ic</code>,31,0.0176840
7,swa,<code>swa</code>,31,0.0176840
9,he,<code>he</code>,30,0.0171135
10,hy,<code>hy</code>,24,0.0136908
11,we,<code>we</code>,23,0.0131204
12,heora,<code>heora</code>,21,0.0119795
13,hys,<code>hys</code>,19,0.0108386
14,&eth;a,<code>&amp;d;a</code>,17,0.0096977
14,to,<code>to</code>,17,0.0096977
14,weorulde,<code>weorulde</code>,17,0.0096977
17,nu,<code>nu</code>,16,0.0091272
18,hi,<code>hi</code>,15,0.0085568
19,&thorn;eah,<code>&amp;t;eah</code>,14,0.0079863
19,&thorn;isse,<code>&amp;t;isse</code>,14,0.0079863
19,&thorn;u,<code>&amp;t;u</code>,14,0.0079863
19,ac,<code>ac</code>,14,0.0079863
19,ge,<code>ge</code>,14,0.0079863
19,hyt,<code>hyt</code>,14,0.0079863
25,&thorn;&aelig;s,<code>&amp;t;&amp;ae;s</code>,13,0.0074159
25,me,<code>me</code>,13,0.0074159
27,&aelig;r,<code>&amp;ae;r</code>,12,0.0068454
27,&thorn;onne,<code>&amp;t;onne</code>,12,0.0068454
27,be,<code>be</code>,12,0.0068454
27,geseo&eth;,<code>geseo&amp;d;</code>,12,0.0068454
27,heom,<code>heom</code>,12,0.0068454
27,hym,<code>hym</code>,12,0.0068454
27,us,<code>us</code>,12,0.0068454
34,o&eth;&eth;e,<code>o&amp;d;&amp;d;e</code>,11,0.0062750
35,&thorn;&aelig;r,<code>&amp;t;&amp;ae;r</code>,10,0.0057045
35,magon,<code>magon</code>,10,0.0057045
37,cw&aelig;&eth;,<code>cw&amp;ae;&amp;d;</code>,9,0.0051341
37,for&eth;am,<code>for&amp;d;am</code>,9,0.0051341
37,is,<code>is</code>,9,0.0051341
37,mare,<code>mare</code>,9,0.0051341
37,wite,<code>wite</code>,9,0.0051341
42,beo&eth;,<code>beo&amp;d;</code>,8,0.0045636
42,geseon,<code>geseon</code>,8,0.0045636
42,myd,<code>myd</code>,8,0.0045636
42,swi&eth;e,<code>swi&amp;d;e</code>,8,0.0045636
46,&aelig;ac,<code>&amp;ae;ac</code>,7,0.0039932
46,&thorn;&aelig;re,<code>&amp;t;&amp;ae;re</code>,7,0.0039932
46,&thorn;am,<code>&amp;t;am</code>,7,0.0039932
46,by&eth;,<code>by&amp;d;</code>,7,0.0039932
46,habba&eth;,<code>habba&amp;d;</code>,7,0.0039932
46,of,<code>of</code>,7,0.0039932
46,witon,<code>witon</code>,7,0.0039932
53,&aelig;lc,<code>&amp;ae;lc</code>,6,0.0034227
53,&eth;am,<code>&amp;d;am</code>,6,0.0034227
53,are,<code>are</code>,6,0.0034227
53,heo,<code>heo</code>,6,0.0034227
53,men,<code>men</code>,6,0.0034227
53,na,<code>na</code>,6,0.0034227
53,se,<code>se</code>,6,0.0034227
53,w&aelig;s,<code>w&amp;ae;s</code>,6,0.0034227
53,weron,<code>weron</code>,6,0.0034227
53,witan,<code>witan</code>,6,0.0034227
63,&eth;e,<code>&amp;d;e</code>,5,0.0028523
63,&thorn;inc&eth;,<code>&amp;t;inc&amp;d;</code>,5,0.0028523
63,d&aelig;ge,<code>d&amp;ae;ge</code>,5,0.0028523
63,eall,<code>eall</code>,5,0.0028523
63,ealle,<code>ealle</code>,5,0.0028523
63,her,<code>her</code>,5,0.0028523
63,hyne,<code>hyne</code>,5,0.0028523
63,lichaman,<code>lichaman</code>,5,0.0028523
63,man,<code>man</code>,5,0.0028523
63,nane,<code>nane</code>,5,0.0028523
63,nanwiht,<code>nanwiht</code>,5,0.0028523
63,yfelan,<code>yfelan</code>,5,0.0028523
75,&aelig;fter,<code>&amp;ae;fter</code>,4,0.0022818
75,&eth;onne,<code>&amp;d;onne</code>,4,0.0022818
75,domes,<code>domes</code>,4,0.0022818
75,eac,<code>eac</code>,4,0.0022818
75,freondum,<code>freondum</code>,4,0.0022818
75,gelyfe,<code>gelyfe</code>,4,0.0022818
75,goodan,<code>goodan</code>,4,0.0022818
75,habraham,<code>habraham</code>,4,0.0022818
75,m&aelig;g,<code>m&amp;ae;g</code>,4,0.0022818
75,ma,<code>ma</code>,4,0.0022818
75,min,<code>min</code>,4,0.0022818
75,nan,<code>nan</code>,4,0.0022818
75,si,<code>si</code>,4,0.0022818
75,wuldor,<code>wuldor</code>,4,0.0022818
89,&aelig;g&eth;er,<code>&amp;ae;g&amp;d;er</code>,3,0.0017114
89,&thorn;ara,<code>&amp;t;ara</code>,3,0.0017114
89,&thorn;er,<code>&amp;t;er</code>,3,0.0017114
89,&thorn;i,<code>&amp;t;i</code>,3,0.0017114
89,a,<code>a</code>,3,0.0017114
89,bec,<code>bec</code>,3,0.0017114
89,beon,<code>beon</code>,3,0.0017114
89,freond,<code>freond</code>,3,0.0017114
89,freonda,<code>freonda</code>,3,0.0017114
89,fur&eth;um,<code>fur&amp;d;um</code>,3,0.0017114
89,gelic,<code>gelic</code>,3,0.0017114
89,gelifan,<code>gelifan</code>,3,0.0017114
89,gemunan,<code>gemunan</code>,3,0.0017114
89,god,<code>god</code>,3,0.0017114
89,godan,<code>godan</code>,3,0.0017114
89,godes,<code>godes</code>,3,0.0017114
89,h&aelig;r,<code>h&amp;ae;r</code>,3,0.0017114
89,hwa,<code>hwa</code>,3,0.0017114
89,hwile,<code>hwile</code>,3,0.0017114
89,micle,<code>micle</code>,3,0.0017114
89,nat,<code>nat</code>,3,0.0017114
89,naw&eth;er,<code>naw&amp;d;er</code>,3,0.0017114
89,nella&eth;,<code>nella&amp;d;</code>,3,0.0017114
89,nese,<code>nese</code>,3,0.0017114
89,s&aelig;don,<code>s&amp;ae;don</code>,3,0.0017114
89,sweotole,<code>sweotole</code>,3,0.0017114
89,swilc,<code>swilc</code>,3,0.0017114
89,sy&eth;&eth;an,<code>sy&amp;d;&amp;d;an</code>,3,0.0017114
89,wat,<code>wat</code>,3,0.0017114
89,wes,<code>wes</code>,3,0.0017114
89,wilnia&eth;,<code>wilnia&amp;d;</code>,3,0.0017114
89,wisdomes,<code>wisdomes</code>,3,0.0017114
89,wit,<code>wit</code>,3,0.0017114
89,witanne,<code>witanne</code>,3,0.0017114
89,ylcan,<code>ylcan</code>,3,0.0017114
124,&aelig;alla,<code>&amp;ae;alla</code>,2,0.0011409
124,&aelig;can,<code>&amp;ae;can</code>,2,0.0011409
124,&eth;u,<code>&amp;d;u</code>,2,0.0011409
124,&thorn;ane,<code>&amp;t;ane</code>,2,0.0011409
124,&thorn;as,<code>&amp;t;as</code>,2,0.0011409
124,&thorn;in,<code>&amp;t;in</code>,2,0.0011409
124,&thorn;one,<code>&amp;t;one</code>,2,0.0011409
124,&thorn;y,<code>&amp;t;y</code>,2,0.0011409
124,agnum,<code>agnum</code>,2,0.0011409
124,an,<code>an</code>,2,0.0011409
124,ar,<code>ar</code>,2,0.0011409
124,arian,<code>arian</code>,2,0.0011409
124,betweon,<code>betweon</code>,2,0.0011409
124,boc,<code>boc</code>,2,0.0011409
124,bocum,<code>bocum</code>,2,0.0011409
124,buton,<code>buton</code>,2,0.0011409
124,byd,<code>byd</code>,2,0.0011409
124,carcerne,<code>carcerne</code>,2,0.0011409
124,cuman,<code>cuman</code>,2,0.0011409
124,cume,<code>cume</code>,2,0.0011409
124,cunnan,<code>cunnan</code>,2,0.0011409
124,d&aelig;le,<code>d&amp;ae;le</code>,2,0.0011409
124,dagum,<code>dagum</code>,2,0.0011409
124,don,<code>don</code>,2,0.0011409
124,eg&eth;er,<code>eg&amp;d;er</code>,2,0.0011409
124,eom,<code>eom</code>,2,0.0011409
124,eor&eth;an,<code>eor&amp;d;an</code>,2,0.0011409
124,feond,<code>feond</code>,2,0.0011409
124,fram,<code>fram</code>,2,0.0011409
124,freodom,<code>freodom</code>,2,0.0011409
124,fulne,<code>fulne</code>,2,0.0011409
124,gehaten,<code>gehaten</code>,2,0.0011409
124,gelice,<code>gelice</code>,2,0.0011409
124,gelyfa&eth;,<code>gelyfa&amp;d;</code>,2,0.0011409
124,genoh,<code>genoh</code>,2,0.0011409
124,gesawe,<code>gesawe</code>,2,0.0011409
124,gewyr&eth;,<code>gewyr&amp;d;</code>,2,0.0011409
124,gode,<code>gode</code>,2,0.0011409
124,goode,<code>goode</code>,2,0.0011409
124,gyf,<code>gyf</code>,2,0.0011409
124,h&aelig;bbe,<code>h&amp;ae;bbe</code>,2,0.0011409
124,h&aelig;fst,<code>h&amp;ae;fst</code>,2,0.0011409
124,hefde,<code>hefde</code>,2,0.0011409
124,helle,<code>helle</code>,2,0.0011409
124,heofenum,<code>heofenum</code>,2,0.0011409
124,him,<code>him</code>,2,0.0011409
124,hu,<code>hu</code>,2,0.0011409
124,hwe&eth;er,<code>hwe&amp;d;er</code>,2,0.0011409
124,hwi,<code>hwi</code>,2,0.0011409
124,hwilum,<code>hwilum</code>,2,0.0011409
124,hyre,<code>hyre</code>,2,0.0011409
124,lyfe,<code>lyfe</code>,2,0.0011409
124,mage,<code>mage</code>,2,0.0011409
124,magen,<code>magen</code>,2,0.0011409
124,maren,<code>maren</code>,2,0.0011409
124,minum,<code>minum</code>,2,0.0011409
124,modes,<code>modes</code>,2,0.0011409
124,modor,<code>modor</code>,2,0.0011409
124,myht,<code>myht</code>,2,0.0011409
124,n&aelig;fre,<code>n&amp;ae;fre</code>,2,0.0011409
124,na&eth;er,<code>na&amp;d;er</code>,2,0.0011409
124,nanre,<code>nanre</code>,2,0.0011409
124,neah,<code>neah</code>,2,0.0011409
124,nele,<code>nele</code>,2,0.0011409
124,rice,<code>rice</code>,2,0.0011409
124,romeburh,<code>romeburh</code>,2,0.0011409
124,s&aelig;de,<code>s&amp;ae;de</code>,2,0.0011409
124,sawle,<code>sawle</code>,2,0.0011409
124,sceal,<code>sceal</code>,2,0.0011409
124,self,<code>self</code>,2,0.0011409
124,seo,<code>seo</code>,2,0.0011409
124,sint,<code>sint</code>,2,0.0011409
124,sumne,<code>sumne</code>,2,0.0011409
124,swi&eth;or,<code>swi&amp;d;or</code>,2,0.0011409
124,swylce,<code>swylce</code>,2,0.0011409
124,toweardan,<code>toweardan</code>,2,0.0011409
124,ungelimp,<code>ungelimp</code>,2,0.0011409
124,urum,<code>urum</code>,2,0.0011409
124,welega,<code>welega</code>,2,0.0011409
124,wenst,<code>wenst</code>,2,0.0011409
124,wi&eth;,<code>wi&amp;d;</code>,2,0.0011409
124,witu,<code>witu</code>,2,0.0011409
124,wolde,<code>wolde</code>,2,0.0011409
124,woldon,<code>woldon</code>,2,0.0011409
124,wrecsi&eth;e,<code>wrecsi&amp;d;e</code>,2,0.0011409
124,yfeles,<code>yfeles</code>,2,0.0011409
124,ymb,<code>ymb</code>,2,0.0011409
211,&aelig;agan,<code>&amp;ae;agan</code>,1,0.0005705
211,&aelig;alle,<code>&amp;ae;alle</code>,1,0.0005705
211,&aelig;arna&eth;,<code>&amp;ae;arna&amp;d;</code>,1,0.0005705
211,&aelig;ft,<code>&amp;ae;ft</code>,1,0.0005705
211,&aelig;fterspyredon,<code>&amp;ae;fterspyredon</code>,1,0.0005705
211,&aelig;gnes,<code>&amp;ae;gnes</code>,1,0.0005705
211,&aelig;lces,<code>&amp;ae;lces</code>,1,0.0005705
211,&aelig;lcra,<code>&amp;ae;lcra</code>,1,0.0005705
211,&aelig;lcum,<code>&amp;ae;lcum</code>,1,0.0005705
211,&aelig;lfred,<code>&amp;ae;lfred</code>,1,0.0005705
211,&aelig;tsumne,<code>&amp;ae;tsumne</code>,1,0.0005705
211,&eth;&aelig;r,<code>&amp;d;&amp;ae;r</code>,1,0.0005705
211,&eth;&aelig;s,<code>&amp;d;&amp;ae;s</code>,1,0.0005705
211,&eth;as,<code>&amp;d;as</code>,1,0.0005705
211,&eth;er,<code>&amp;d;er</code>,1,0.0005705
211,&eth;i,<code>&amp;d;i</code>,1,0.0005705
211,&eth;ince,<code>&amp;d;ince</code>,1,0.0005705
211,&eth;isse,<code>&amp;d;isse</code>,1,0.0005705
211,&eth;isum,<code>&amp;d;isum</code>,1,0.0005705
211,&eth;one,<code>&amp;d;one</code>,1,0.0005705
211,&thorn;&aelig;ah,<code>&amp;t;&amp;ae;ah</code>,1,0.0005705
211,&thorn;anne,<code>&amp;t;anne</code>,1,0.0005705
211,&thorn;are,<code>&amp;t;are</code>,1,0.0005705
211,&thorn;at,<code>&amp;t;at</code>,1,0.0005705
211,&thorn;earfan,<code>&amp;t;earfan</code>,1,0.0005705
211,&thorn;eh,<code>&amp;t;eh</code>,1,0.0005705
211,&thorn;ince,<code>&amp;t;ince</code>,1,0.0005705
211,&thorn;incga,<code>&amp;t;incga</code>,1,0.0005705
211,&thorn;ing,<code>&amp;t;ing</code>,1,0.0005705
211,&thorn;inges,<code>&amp;t;inges</code>,1,0.0005705
211,&thorn;ingum,<code>&amp;t;ingum</code>,1,0.0005705
211,&thorn;issum,<code>&amp;t;issum</code>,1,0.0005705
211,&thorn;urfon,<code>&amp;t;urfon</code>,1,0.0005705
211,&thorn;urst,<code>&amp;t;urst</code>,1,0.0005705
211,abraham,<code>abraham</code>,1,0.0005705
211,abysgod,<code>abysgod</code>,1,0.0005705
211,acso&eth;de,<code>acso&amp;d;de</code>,1,0.0005705
211,acsode,<code>acsode</code>,1,0.0005705
211,adrifen,<code>adrifen</code>,1,0.0005705
211,agenu,<code>agenu</code>,1,0.0005705
211,al&aelig;s,<code>al&amp;ae;s</code>,1,0.0005705
211,alese,<code>alese</code>,1,0.0005705
211,aletan,<code>aletan</code>,1,0.0005705
211,andefnum,<code>andefnum</code>,1,0.0005705
211,andgyt,<code>andgyt</code>,1,0.0005705
211,andweardan,<code>andweardan</code>,1,0.0005705
211,ansiene,<code>ansiene</code>,1,0.0005705
211,ansine,<code>ansine</code>,1,0.0005705
211,answarede,<code>answarede</code>,1,0.0005705
211,anyd,<code>anyd</code>,1,0.0005705
211,areccam,<code>areccam</code>,1,0.0005705
211,ariman,<code>ariman</code>,1,0.0005705
211,arlicor,<code>arlicor</code>,1,0.0005705
211,asecge,<code>asecge</code>,1,0.0005705
211,asm&aelig;aganne,<code>asm&amp;ae;aganne</code>,1,0.0005705
211,b&aelig;ftam,<code>b&amp;ae;ftam</code>,1,0.0005705
211,be&aelig;ftan,<code>be&amp;ae;ftan</code>,1,0.0005705
211,becgen,<code>becgen</code>,1,0.0005705
211,bede,<code>bede</code>,1,0.0005705
211,begra,<code>begra</code>,1,0.0005705
211,beo,<code>beo</code>,1,0.0005705
211,beorhte,<code>beorhte</code>,1,0.0005705
211,beste,<code>beste</code>,1,0.0005705
211,bi&eth;,<code>bi&amp;d;</code>,1,0.0005705
211,bradder,<code>bradder</code>,1,0.0005705
211,bradre,<code>bradre</code>,1,0.0005705
211,bro&eth;rum,<code>bro&amp;d;rum</code>,1,0.0005705
211,butan,<code>butan</code>,1,0.0005705
211,bute,<code>bute</code>,1,0.0005705
211,bysna,<code>bysna</code>,1,0.0005705
211,can,<code>can</code>,1,0.0005705
211,crist,<code>crist</code>,1,0.0005705
211,cumen,<code>cumen</code>,1,0.0005705
211,cwidas,<code>cwidas</code>,1,0.0005705
211,cwydas,<code>cwydas</code>,1,0.0005705
211,cyld,<code>cyld</code>,1,0.0005705
211,cynnes,<code>cynnes</code>,1,0.0005705
211,d&aelig;&eth;,<code>d&amp;ae;&amp;d;</code>,1,0.0005705
211,d&aelig;l,<code>d&amp;ae;l</code>,1,0.0005705
211,de,<code>de</code>,1,0.0005705
211,del,<code>del</code>,1,0.0005705
211,deo,<code>deo</code>,1,0.0005705
211,deorlinga,<code>deorlinga</code>,1,0.0005705
211,deorlingas,<code>deorlingas</code>,1,0.0005705
211,deorlinges,<code>deorlinges</code>,1,0.0005705
211,drihnes,<code>drihnes</code>,1,0.0005705
211,dyde,<code>dyde</code>,1,0.0005705
211,dygles,<code>dygles</code>,1,0.0005705
211,dyhle,<code>dyhle</code>,1,0.0005705
211,dysig,<code>dysig</code>,1,0.0005705
211,e&eth;num,<code>e&amp;d;num</code>,1,0.0005705
211,ea&eth;nesse,<code>ea&amp;d;nesse</code>,1,0.0005705
211,eadmod,<code>eadmod</code>,1,0.0005705
211,eagan,<code>eagan</code>,1,0.0005705
211,eagum,<code>eagum</code>,1,0.0005705
211,ealdan,<code>ealdan</code>,1,0.0005705
211,eallunga,<code>eallunga</code>,1,0.0005705
211,ealne,<code>ealne</code>,1,0.0005705
211,ealra,<code>ealra</code>,1,0.0005705
211,eart,<code>eart</code>,1,0.0005705
211,efter,<code>efter</code>,1,0.0005705
211,endia&eth;,<code>endia&amp;d;</code>,1,0.0005705
211,englisc,<code>englisc</code>,1,0.0005705
211,enige,<code>enige</code>,1,0.0005705
211,f&aelig;der,<code>f&amp;ae;der</code>,1,0.0005705
211,f&aelig;dra,<code>f&amp;ae;dra</code>,1,0.0005705
211,fagenia&eth;,<code>fagenia&amp;d;</code>,1,0.0005705
211,feala,<code>feala</code>,1,0.0005705
211,feddra,<code>feddra</code>,1,0.0005705
211,feder,<code>feder</code>,1,0.0005705
211,findst,<code>findst</code>,1,0.0005705
211,fingre,<code>fingre</code>,1,0.0005705
211,firle,<code>firle</code>,1,0.0005705
211,for,<code>for</code>,1,0.0005705
211,for&eth;gefaranan,<code>for&amp;d;gefaranan</code>,1,0.0005705
211,for&eth;gewitone,<code>for&amp;d;gewitone</code>,1,0.0005705
211,for&eth;i,<code>for&amp;d;i</code>,1,0.0005705
211,fordgefarenan,<code>fordgefarenan</code>,1,0.0005705
211,forl&aelig;tan,<code>forl&amp;ae;tan</code>,1,0.0005705
211,forletan,<code>forletan</code>,1,0.0005705
211,forweorht,<code>forweorht</code>,1,0.0005705
211,forwyrndest,<code>forwyrndest</code>,1,0.0005705
211,frofran,<code>frofran</code>,1,0.0005705
211,ful,<code>ful</code>,1,0.0005705
211,fur&eth;an,<code>fur&amp;d;an</code>,1,0.0005705
211,g&aelig;&eth;,<code>g&amp;ae;&amp;d;</code>,1,0.0005705
211,g&aelig;t,<code>g&amp;ae;t</code>,1,0.0005705
211,ge&aelig;ced,<code>ge&amp;ae;ced</code>,1,0.0005705
211,ge&thorn;enc,<code>ge&amp;t;enc</code>,1,0.0005705
211,gea,<code>gea</code>,1,0.0005705
211,geahsian,<code>geahsian</code>,1,0.0005705
211,geandweard,<code>geandweard</code>,1,0.0005705
211,gearno&eth;,<code>gearno&amp;d;</code>,1,0.0005705
211,gearnunga,<code>gearnunga</code>,1,0.0005705
211,geb&aelig;r,<code>geb&amp;ae;r</code>,1,0.0005705
211,gebrohte,<code>gebrohte</code>,1,0.0005705
211,gecelde,<code>gecelde</code>,1,0.0005705
211,ged&aelig;lan,<code>ged&amp;ae;lan</code>,1,0.0005705
211,gedale,<code>gedale</code>,1,0.0005705
211,gedripte,<code>gedripte</code>,1,0.0005705
211,geearnian,<code>geearnian</code>,1,0.0005705
211,geendod,<code>geendod</code>,1,0.0005705
211,gefean,<code>gefean</code>,1,0.0005705
211,gehefegod,<code>gehefegod</code>,1,0.0005705
211,gehyran,<code>gehyran</code>,1,0.0005705
211,gehyrde,<code>gehyrde</code>,1,0.0005705
211,gehyred,<code>gehyred</code>,1,0.0005705
211,gel&aelig;re,<code>gel&amp;ae;re</code>,1,0.0005705
211,gelican,<code>gelican</code>,1,0.0005705
211,gelicne,<code>gelicne</code>,1,0.0005705
211,gelife,<code>gelife</code>,1,0.0005705
211,gelyfan,<code>gelyfan</code>,1,0.0005705
211,geminde,<code>geminde</code>,1,0.0005705
211,gemunde,<code>gemunde</code>,1,0.0005705
211,gemyn&eth;,<code>gemyn&amp;d;</code>,1,0.0005705
211,gemynde,<code>gemynde</code>,1,0.0005705
211,georne,<code>georne</code>,1,0.0005705
211,gereihte,<code>gereihte</code>,1,0.0005705
211,geseah,<code>geseah</code>,1,0.0005705
211,gesed,<code>gesed</code>,1,0.0005705
211,gesegen,<code>gesegen</code>,1,0.0005705
211,gesegenum,<code>gesegenum</code>,1,0.0005705
211,geseo,<code>geseo</code>,1,0.0005705
211,gestriende,<code>gestriende</code>,1,0.0005705
211,geswican,<code>geswican</code>,1,0.0005705
211,gesyh&eth;,<code>gesyh&amp;d;</code>,1,0.0005705
211,get&aelig;san,<code>get&amp;ae;san</code>,1,0.0005705
211,getesa,<code>getesa</code>,1,0.0005705
211,geweordon,<code>geweordon</code>,1,0.0005705
211,gewit,<code>gewit</code>,1,0.0005705
211,gewite,<code>gewite</code>,1,0.0005705
211,gewitnesse,<code>gewitnesse</code>,1,0.0005705
211,gewitte,<code>gewitte</code>,1,0.0005705
211,gewittnesse,<code>gewittnesse</code>,1,0.0005705
211,gewriten,<code>gewriten</code>,1,0.0005705
211,giet,<code>giet</code>,1,0.0005705
211,giorn&eth;,<code>giorn&amp;d;</code>,1,0.0005705
211,git,<code>git</code>,1,0.0005705
211,godena,<code>godena</code>,1,0.0005705
211,godspelle,<code>godspelle</code>,1,0.0005705
211,good,<code>good</code>,1,0.0005705
211,gooda,<code>gooda</code>,1,0.0005705
211,goodene,<code>goodene</code>,1,0.0005705
211,goodum,<code>goodum</code>,1,0.0005705
211,gyt,<code>gyt</code>,1,0.0005705
211,h&aelig;algum,<code>h&amp;ae;algum</code>,1,0.0005705
211,h&aelig;bba&eth;,<code>h&amp;ae;bba&amp;d;</code>,1,0.0005705
211,h&aelig;bben,<code>h&amp;ae;bben</code>,1,0.0005705
211,h&aelig;f&eth;,<code>h&amp;ae;f&amp;d;</code>,1,0.0005705
211,h&aelig;fde,<code>h&amp;ae;fde</code>,1,0.0005705
211,h&aelig;fden,<code>h&amp;ae;fden</code>,1,0.0005705
211,h&aelig;fdon,<code>h&amp;ae;fdon</code>,1,0.0005705
211,h&aelig;ft,<code>h&amp;ae;ft</code>,1,0.0005705
211,h&aelig;ftde,<code>h&amp;ae;ftde</code>,1,0.0005705
211,habban,<code>habban</code>,1,0.0005705
211,habbe,<code>habbe</code>,1,0.0005705
211,haligra,<code>haligra</code>,1,0.0005705
211,hata&eth;,<code>hata&amp;d;</code>,1,0.0005705
211,hef&eth;,<code>hef&amp;d;</code>,1,0.0005705
211,hefdest,<code>hefdest</code>,1,0.0005705
211,hefst,<code>hefst</code>,1,0.0005705
211,helan,<code>helan</code>,1,0.0005705
211,helpa&eth;,<code>helpa&amp;d;</code>,1,0.0005705
211,helpe,<code>helpe</code>,1,0.0005705
211,hine,<code>hine</code>,1,0.0005705
211,hiom,<code>hiom</code>,1,0.0005705
211,his,<code>his</code>,1,0.0005705
211,hlaforde,<code>hlaforde</code>,1,0.0005705
211,hw&aelig;&eth;er,<code>hw&amp;ae;&amp;d;er</code>,1,0.0005705
211,hw&aelig;t,<code>hw&amp;ae;t</code>,1,0.0005705
211,hwilcces,<code>hwilcces</code>,1,0.0005705
211,hwilcum,<code>hwilcum</code>,1,0.0005705
211,inge&thorn;ancum,<code>inge&amp;t;ancum</code>,1,0.0005705
211,kincges,<code>kincges</code>,1,0.0005705
211,king,<code>king</code>,1,0.0005705
211,kinges,<code>kinges</code>,1,0.0005705
211,kining,<code>kining</code>,1,0.0005705
211,kinnes,<code>kinnes</code>,1,0.0005705
211,l&aelig;den,<code>l&amp;ae;den</code>,1,0.0005705
211,l&aelig;t,<code>l&amp;ae;t</code>,1,0.0005705
211,ladzarus,<code>ladzarus</code>,1,0.0005705
211,lange,<code>lange</code>,1,0.0005705
211,larum,<code>larum</code>,1,0.0005705
211,lazarus,<code>lazarus</code>,1,0.0005705
211,lazere,<code>lazere</code>,1,0.0005705
211,lefdon,<code>lefdon</code>,1,0.0005705
211,leorna,<code>leorna</code>,1,0.0005705
211,leorni&aelig;n,<code>leorni&amp;ae;n</code>,1,0.0005705
211,lichama,<code>lichama</code>,1,0.0005705
211,lufigen,<code>lufigen</code>,1,0.0005705
211,lychamlican,<code>lychamlican</code>,1,0.0005705
211,lyst,<code>lyst</code>,1,0.0005705
211,lytel,<code>lytel</code>,1,0.0005705
211,lytlan,<code>lytlan</code>,1,0.0005705
211,m&aelig;stan,<code>m&amp;ae;stan</code>,1,0.0005705
211,maga,<code>maga</code>,1,0.0005705
211,manega,<code>manega</code>,1,0.0005705
211,mani,<code>mani</code>,1,0.0005705
211,mannum,<code>mannum</code>,1,0.0005705
211,meahte,<code>meahte</code>,1,0.0005705
211,miclum,<code>miclum</code>,1,0.0005705
211,mid,<code>mid</code>,1,0.0005705
211,mod,<code>mod</code>,1,0.0005705
211,monan,<code>monan</code>,1,0.0005705
211,monige,<code>monige</code>,1,0.0005705
211,mosten,<code>mosten</code>,1,0.0005705
211,mot,<code>mot</code>,1,0.0005705
211,mote,<code>mote</code>,1,0.0005705
211,moten,<code>moten</code>,1,0.0005705
211,myddaneard,<code>myddaneard</code>,1,0.0005705
211,n&aelig;de,<code>n&amp;ae;de</code>,1,0.0005705
211,n&aelig;fst,<code>n&amp;ae;fst</code>,1,0.0005705
211,n&aelig;s,<code>n&amp;ae;s</code>,1,0.0005705
211,n&aelig;se,<code>n&amp;ae;se</code>,1,0.0005705
211,nabba&eth;,<code>nabba&amp;d;</code>,1,0.0005705
211,nabban,<code>nabban</code>,1,0.0005705
211,nanes,<code>nanes</code>,1,0.0005705
211,nanum,<code>nanum</code>,1,0.0005705
211,nawer,<code>nawer</code>,1,0.0005705
211,near,<code>near</code>,1,0.0005705
211,nede,<code>nede</code>,1,0.0005705
211,neron,<code>neron</code>,1,0.0005705
211,niehst,<code>niehst</code>,1,0.0005705
211,nis,<code>nis</code>,1,0.0005705
211,niton,<code>niton</code>,1,0.0005705
211,no,<code>no</code>,1,0.0005705
211,nolde,<code>nolde</code>,1,0.0005705
211,o&eth;&eth;er,<code>o&amp;d;&amp;d;er</code>,1,0.0005705
211,o&eth;er,<code>o&amp;d;er</code>,1,0.0005705
211,o&eth;ra,<code>o&amp;d;ra</code>,1,0.0005705
211,o&eth;rum,<code>o&amp;d;rum</code>,1,0.0005705
211,of&eth;,<code>of&amp;d;</code>,1,0.0005705
211,oft,<code>oft</code>,1,0.0005705
211,ondr&aelig;d,<code>ondr&amp;ae;d</code>,1,0.0005705
211,ong&aelig;t,<code>ong&amp;ae;t</code>,1,0.0005705
211,ongyota&eth;,<code>ongyota&amp;d;</code>,1,0.0005705
211,onhaga&eth;,<code>onhaga&amp;d;</code>,1,0.0005705
211,onsend,<code>onsend</code>,1,0.0005705
211,openlice,<code>openlice</code>,1,0.0005705
211,renum,<code>renum</code>,1,0.0005705
211,rihte,<code>rihte</code>,1,0.0005705
211,rihtwisan,<code>rihtwisan</code>,1,0.0005705
211,rihtwisnesse,<code>rihtwisnesse</code>,1,0.0005705
211,s&aelig;lf,<code>s&amp;ae;lf</code>,1,0.0005705
211,sawl,<code>sawl</code>,1,0.0005705
211,scall,<code>scall</code>,1,0.0005705
211,sceolde,<code>sceolde</code>,1,0.0005705
211,sceolt,<code>sceolt</code>,1,0.0005705
211,sceolun,<code>sceolun</code>,1,0.0005705
211,sceota&eth;,<code>sceota&amp;d;</code>,1,0.0005705
211,scyld,<code>scyld</code>,1,0.0005705
211,scyldiga,<code>scyldiga</code>,1,0.0005705
211,scyman,<code>scyman</code>,1,0.0005705
211,scyne&eth;,<code>scyne&amp;d;</code>,1,0.0005705
211,secan,<code>secan</code>,1,0.0005705
211,sede,<code>sede</code>,1,0.0005705
211,sedon,<code>sedon</code>,1,0.0005705
211,selfne,<code>selfne</code>,1,0.0005705
211,selfum,<code>selfum</code>,1,0.0005705
211,sende,<code>sende</code>,1,0.0005705
211,silf,<code>silf</code>,1,0.0005705
211,silfra,<code>silfra</code>,1,0.0005705
211,simle,<code>simle</code>,1,0.0005705
211,so&eth;feste,<code>so&amp;d;feste</code>,1,0.0005705
211,sprecon,<code>sprecon</code>,1,0.0005705
211,sum,<code>sum</code>,1,0.0005705
211,sumes,<code>sumes</code>,1,0.0005705
211,sumum,<code>sumum</code>,1,0.0005705
211,sunnan,<code>sunnan</code>,1,0.0005705
211,sw&aelig;&eth;er,<code>sw&amp;ae;&amp;d;er</code>,1,0.0005705
211,swi&eth;lice,<code>swi&amp;d;lice</code>,1,0.0005705
211,swilce,<code>swilce</code>,1,0.0005705
211,swilcne,<code>swilcne</code>,1,0.0005705
211,swinc&eth;,<code>swinc&amp;d;</code>,1,0.0005705
211,swylc,<code>swylc</code>,1,0.0005705
211,sylfum,<code>sylfum</code>,1,0.0005705
211,tehtest,<code>tehtest</code>,1,0.0005705
211,timbrede,<code>timbrede</code>,1,0.0005705
211,timbrode,<code>timbrode</code>,1,0.0005705
211,tintregum,<code>tintregum</code>,1,0.0005705
211,tungan,<code>tungan</code>,1,0.0005705
211,twam,<code>twam</code>,1,0.0005705
211,twegera,<code>twegera</code>,1,0.0005705
211,tweon,<code>tweon</code>,1,0.0005705
211,uidendo,<code>uidendo</code>,1,0.0005705
211,unbli&eth;re,<code>unbli&amp;d;re</code>,1,0.0005705
211,ungelygena,<code>ungelygena</code>,1,0.0005705
211,unl&aelig;de,<code>unl&amp;ae;de</code>,1,0.0005705
211,unso&eth;f&aelig;stran,<code>unso&amp;d;f&amp;ae;stran</code>,1,0.0005705
211,unwyllum,<code>unwyllum</code>,1,0.0005705
211,ure,<code>ure</code>,1,0.0005705
211,v,<code>v</code>,1,0.0005705
211,w&aelig;ron,<code>w&amp;ae;ron</code>,1,0.0005705
211,wacran,<code>wacran</code>,1,0.0005705
211,wana,<code>wana</code>,1,0.0005705
211,wanode,<code>wanode</code>,1,0.0005705
211,warien,<code>warien</code>,1,0.0005705
211,wearscype,<code>wearscype</code>,1,0.0005705
211,wel,<code>wel</code>,1,0.0005705
211,welegan,<code>welegan</code>,1,0.0005705
211,wenan,<code>wenan</code>,1,0.0005705
211,wenanne,<code>wenanne</code>,1,0.0005705
211,weor&eth;a&eth;,<code>weor&amp;d;a&amp;d;</code>,1,0.0005705
211,weor&eth;e,<code>weor&amp;d;e</code>,1,0.0005705
211,weorrulde,<code>weorrulde</code>,1,0.0005705
211,weoxe,<code>weoxe</code>,1,0.0005705
211,were,<code>were</code>,1,0.0005705
211,weteris,<code>weteris</code>,1,0.0005705
211,willa&eth;,<code>willa&amp;d;</code>,1,0.0005705
211,willan,<code>willan</code>,1,0.0005705
211,willnian,<code>willnian</code>,1,0.0005705
211,wilnie,<code>wilnie</code>,1,0.0005705
211,wiscan,<code>wiscan</code>,1,0.0005705
211,wisdom,<code>wisdom</code>,1,0.0005705
211,wisdome,<code>wisdome</code>,1,0.0005705
211,wissestan,<code>wissestan</code>,1,0.0005705
211,wiuht,<code>wiuht</code>,1,0.0005705
211,wolcnan,<code>wolcnan</code>,1,0.0005705
211,wolcne,<code>wolcne</code>,1,0.0005705
211,woldest,<code>woldest</code>,1,0.0005705
211,wuldre,<code>wuldre</code>,1,0.0005705
211,wurlde,<code>wurlde</code>,1,0.0005705
211,wyrste,<code>wyrste</code>,1,0.0005705
211,yfel,<code>yfel</code>,1,0.0005705
211,yfela,<code>yfela</code>,1,0.0005705
211,yflum,<code>yflum</code>,1,0.0005705
211,ylca,<code>ylca</code>,1,0.0005705
