B_Prose,B09,B09.004.003_Solil_2_T06690.txt,826,490,2947
RANK,HTML WORD,RAW WORD,COUNT,RELATIVE FREQUENCY
1,&thorn;&aelig;t,<code>&amp;t;&amp;ae;t</code>,141,0.0478453
2,ic,<code>ic</code>,126,0.0427553
3,and,<code>and</code>,118,0.0400407
4,&thorn;e,<code>&amp;t;e</code>,65,0.0220563
5,&thorn;u,<code>&amp;t;u</code>,60,0.0203597
6,&eth;u,<code>&amp;d;u</code>,58,0.0196810
7,hyt,<code>hyt</code>,55,0.0186630
7,swa,<code>swa</code>,55,0.0186630
9,&eth;a,<code>&amp;d;a</code>,53,0.0179844
10,ne,<code>ne</code>,50,0.0169664
11,cw&aelig;&eth;,<code>cw&amp;ae;&amp;d;</code>,45,0.0152698
12,nu,<code>nu</code>,41,0.0139125
13,heo,<code>heo</code>,30,0.0101798
14,he,<code>he</code>,29,0.0098405
15,&thorn;onne,<code>&amp;t;onne</code>,26,0.0088225
15,on,<code>on</code>,26,0.0088225
17,to,<code>to</code>,24,0.0081439
18,me,<code>me</code>,23,0.0078045
19,&aelig;r,<code>&amp;ae;r</code>,22,0.0074652
19,be,<code>be</code>,22,0.0074652
19,hi,<code>hi</code>,22,0.0074652
19,is,<code>is</code>,22,0.0074652
23,witan,<code>witan</code>,21,0.0071259
23,woldest,<code>woldest</code>,21,0.0071259
25,o&eth;&eth;e,<code>o&amp;d;&amp;d;e</code>,20,0.0067866
26,&eth;e,<code>&amp;d;e</code>,19,0.0064472
26,&thorn;a,<code>&amp;t;a</code>,19,0.0064472
28,ac,<code>ac</code>,18,0.0061079
29,&aelig;ac,<code>&amp;ae;ac</code>,17,0.0057686
30,&eth;am,<code>&amp;d;am</code>,16,0.0054293
30,hys,<code>hys</code>,16,0.0054293
32,&thorn;&aelig;s,<code>&amp;t;&amp;ae;s</code>,15,0.0050899
33,hw&aelig;t,<code>hw&amp;ae;t</code>,14,0.0047506
33,swi&eth;e,<code>swi&amp;d;e</code>,14,0.0047506
33,wolde,<code>wolde</code>,14,0.0047506
36,&thorn;&aelig;re,<code>&amp;t;&amp;ae;re</code>,13,0.0044113
36,&thorn;eah,<code>&amp;t;eah</code>,13,0.0044113
36,hwe&eth;er,<code>hwe&amp;d;er</code>,13,0.0044113
39,for&eth;am,<code>for&amp;d;am</code>,12,0.0040719
39,for&eth;i,<code>for&amp;d;i</code>,12,0.0040719
39,god,<code>god</code>,12,0.0040719
39,wast,<code>wast</code>,12,0.0040719
39,were,<code>were</code>,12,0.0040719
44,a,<code>a</code>,11,0.0037326
45,&aelig;fter,<code>&amp;ae;fter</code>,10,0.0033933
45,&thorn;am,<code>&amp;t;am</code>,10,0.0033933
45,gyf,<code>gyf</code>,10,0.0033933
48,&aelig;ce,<code>&amp;ae;ce</code>,9,0.0030540
48,si,<code>si</code>,9,0.0030540
48,wit,<code>wit</code>,9,0.0030540
51,&eth;onne,<code>&amp;d;onne</code>,8,0.0027146
51,&thorn;&aelig;r,<code>&amp;t;&amp;ae;r</code>,8,0.0027146
51,genoh,<code>genoh</code>,8,0.0027146
51,godes,<code>godes</code>,8,0.0027146
51,myd,<code>myd</code>,8,0.0027146
51,seo,<code>seo</code>,8,0.0027146
51,simle,<code>simle</code>,8,0.0027146
51,us,<code>us</code>,8,0.0027146
51,wat,<code>wat</code>,8,0.0027146
51,witanne,<code>witanne</code>,8,0.0027146
61,&aelig;all,<code>&amp;ae;all</code>,7,0.0023753
61,&aelig;alle,<code>&amp;ae;alle</code>,7,0.0023753
61,bet,<code>bet</code>,7,0.0023753
61,for,<code>for</code>,7,0.0023753
61,gesceafta,<code>gesceafta</code>,7,0.0023753
61,hwi,<code>hwi</code>,7,0.0023753
61,lufast,<code>lufast</code>,7,0.0023753
61,man,<code>man</code>,7,0.0023753
61,sawle,<code>sawle</code>,7,0.0023753
61,se,<code>se</code>,7,0.0023753
71,&thorn;ara,<code>&amp;t;ara</code>,6,0.0020360
71,buton,<code>buton</code>,6,0.0020360
71,eall,<code>eall</code>,6,0.0020360
71,heora,<code>heora</code>,6,0.0020360
71,hy,<code>hy</code>,6,0.0020360
71,lybban,<code>lybban</code>,6,0.0020360
71,ma,<code>ma</code>,6,0.0020360
71,manna,<code>manna</code>,6,0.0020360
71,nese,<code>nese</code>,6,0.0020360
71,o&eth;re,<code>o&amp;d;re</code>,6,0.0020360
71,sunu,<code>sunu</code>,6,0.0020360
71,weron,<code>weron</code>,6,0.0020360
71,ymbe,<code>ymbe</code>,6,0.0020360
84,&aelig;ft,<code>&amp;ae;ft</code>,5,0.0016966
84,&thorn;isse,<code>&amp;t;isse</code>,5,0.0016966
84,bec,<code>bec</code>,5,0.0016966
84,beo,<code>beo</code>,5,0.0016966
84,beon,<code>beon</code>,5,0.0016966
84,by&eth;,<code>by&amp;d;</code>,5,0.0016966
84,eac,<code>eac</code>,5,0.0016966
84,ge,<code>ge</code>,5,0.0016966
84,gehyre,<code>gehyre</code>,5,0.0016966
84,gelyfe,<code>gelyfe</code>,5,0.0016966
84,gewislice,<code>gewislice</code>,5,0.0016966
84,good,<code>good</code>,5,0.0016966
84,h&aelig;bbe,<code>h&amp;ae;bbe</code>,5,0.0016966
84,hu,<code>hu</code>,5,0.0016966
84,hw&aelig;&eth;er,<code>hw&amp;ae;&amp;d;er</code>,5,0.0016966
84,hwile,<code>hwile</code>,5,0.0016966
84,lufa&eth;,<code>lufa&amp;d;</code>,5,0.0016966
84,lufige,<code>lufige</code>,5,0.0016966
84,mage,<code>mage</code>,5,0.0016966
84,nan,<code>nan</code>,5,0.0016966
84,rihte,<code>rihte</code>,5,0.0016966
84,sceal,<code>sceal</code>,5,0.0016966
84,seg&eth;,<code>seg&amp;d;</code>,5,0.0016966
84,uton,<code>uton</code>,5,0.0016966
84,w&aelig;s,<code>w&amp;ae;s</code>,5,0.0016966
84,we,<code>we</code>,5,0.0016966
84,wille,<code>wille</code>,5,0.0016966
84,wite,<code>wite</code>,5,0.0016966
84,wost,<code>wost</code>,5,0.0016966
113,&aelig;t,<code>&amp;ae;t</code>,4,0.0013573
113,&eth;ing,<code>&amp;d;ing</code>,4,0.0013573
113,&thorn;inc&eth;,<code>&amp;t;inc&amp;d;</code>,4,0.0013573
113,&thorn;inum,<code>&amp;t;inum</code>,4,0.0013573
113,&thorn;is,<code>&amp;t;is</code>,4,0.0013573
113,&thorn;one,<code>&amp;t;one</code>,4,0.0013573
113,butan,<code>butan</code>,4,0.0013573
113,crist,<code>crist</code>,4,0.0013573
113,ealra,<code>ealra</code>,4,0.0013573
113,eft,<code>eft</code>,4,0.0013573
113,eom,<code>eom</code>,4,0.0013573
113,fur&eth;um,<code>fur&amp;d;um</code>,4,0.0013573
113,ge&eth;afa,<code>ge&amp;d;afa</code>,4,0.0013573
113,gedo,<code>gedo</code>,4,0.0013573
113,gelyfan,<code>gelyfan</code>,4,0.0013573
113,gyt,<code>gyt</code>,4,0.0013573
113,hine,<code>hine</code>,4,0.0013573
113,hit,<code>hit</code>,4,0.0013573
113,hlaforde,<code>hlaforde</code>,4,0.0013573
113,honorius,<code>honorius</code>,4,0.0013573
113,hw&aelig;thwugu,<code>hw&amp;ae;thwugu</code>,4,0.0013573
113,hwet,<code>hwet</code>,4,0.0013573
113,la,<code>la</code>,4,0.0013573
113,life,<code>life</code>,4,0.0013573
113,m&aelig;g,<code>m&amp;ae;g</code>,4,0.0013573
113,min,<code>min</code>,4,0.0013573
113,n&aelig;fre,<code>n&amp;ae;fre</code>,4,0.0013573
113,na,<code>na</code>,4,0.0013573
113,nyte,<code>nyte</code>,4,0.0013573
113,selfum,<code>selfum</code>,4,0.0013573
113,so&eth;,<code>so&amp;d;</code>,4,0.0013573
113,tweon,<code>tweon</code>,4,0.0013573
113,wel,<code>wel</code>,4,0.0013573
113,wene,<code>wene</code>,4,0.0013573
113,wilnige,<code>wilnige</code>,4,0.0013573
113,wisdom,<code>wisdom</code>,4,0.0013573
113,wisse,<code>wisse</code>,4,0.0013573
150,&aelig;alles,<code>&amp;ae;alles</code>,3,0.0010180
150,&aelig;can,<code>&amp;ae;can</code>,3,0.0010180
150,&aelig;g&eth;er,<code>&amp;ae;g&amp;d;er</code>,3,0.0010180
150,&eth;inc&eth;,<code>&amp;d;inc&amp;d;</code>,3,0.0010180
150,&eth;isse,<code>&amp;d;isse</code>,3,0.0010180
150,&eth;reo,<code>&amp;d;reo</code>,3,0.0010180
150,&thorn;&aelig;tte,<code>&amp;t;&amp;ae;tte</code>,3,0.0010180
150,&thorn;eodosius,<code>&amp;t;eodosius</code>,3,0.0010180
150,&thorn;i,<code>&amp;t;i</code>,3,0.0010180
150,&thorn;in,<code>&amp;t;in</code>,3,0.0010180
150,&thorn;reo,<code>&amp;t;reo</code>,3,0.0010180
150,andweardan,<code>andweardan</code>,3,0.0010180
150,bysena,<code>bysena</code>,3,0.0010180
150,do,<code>do</code>,3,0.0010180
150,ealle,<code>ealle</code>,3,0.0010180
150,eart,<code>eart</code>,3,0.0010180
150,ful,<code>ful</code>,3,0.0010180
150,gedale,<code>gedale</code>,3,0.0010180
150,gehere,<code>gehere</code>,3,0.0010180
150,gelyf,<code>gelyf</code>,3,0.0010180
150,georne,<code>georne</code>,3,0.0010180
150,gesawe,<code>gesawe</code>,3,0.0010180
150,gewit,<code>gewit</code>,3,0.0010180
150,gif,<code>gif</code>,3,0.0010180
150,h&aelig;fst,<code>h&amp;ae;fst</code>,3,0.0010180
150,h&aelig;r,<code>h&amp;ae;r</code>,3,0.0010180
150,hefst,<code>hefst</code>,3,0.0010180
150,hehste,<code>hehste</code>,3,0.0010180
150,her,<code>her</code>,3,0.0010180
150,hlaford,<code>hlaford</code>,3,0.0010180
150,hlafordes,<code>hlafordes</code>,3,0.0010180
150,hym,<code>hym</code>,3,0.0010180
150,lichaman,<code>lichaman</code>,3,0.0010180
150,lyf,<code>lyf</code>,3,0.0010180
150,magon,<code>magon</code>,3,0.0010180
150,manegum,<code>manegum</code>,3,0.0010180
150,mare,<code>mare</code>,3,0.0010180
150,myhte,<code>myhte</code>,3,0.0010180
150,nawuht,<code>nawuht</code>,3,0.0010180
150,neah,<code>neah</code>,3,0.0010180
150,nefre,<code>nefre</code>,3,0.0010180
150,nis,<code>nis</code>,3,0.0010180
150,ongytan,<code>ongytan</code>,3,0.0010180
150,s&aelig;don,<code>s&amp;ae;don</code>,3,0.0010180
150,sam,<code>sam</code>,3,0.0010180
150,sawl,<code>sawl</code>,3,0.0010180
150,sawla,<code>sawla</code>,3,0.0010180
150,sede,<code>sede</code>,3,0.0010180
150,self,<code>self</code>,3,0.0010180
150,sint,<code>sint</code>,3,0.0010180
150,truwast,<code>truwast</code>,3,0.0010180
150,twa,<code>twa</code>,3,0.0010180
150,tweoge,<code>tweoge</code>,3,0.0010180
150,undeadlicnesse,<code>undeadlicnesse</code>,3,0.0010180
150,weorulde,<code>weorulde</code>,3,0.0010180
150,wilnode,<code>wilnode</code>,3,0.0010180
150,wiste,<code>wiste</code>,3,0.0010180
150,wot,<code>wot</code>,3,0.0010180
208,&aelig;allum,<code>&amp;ae;allum</code>,2,0.0006787
208,&aelig;art,<code>&amp;ae;art</code>,2,0.0006787
208,&aelig;ca,<code>&amp;ae;ca</code>,2,0.0006787
208,&aelig;cnesse,<code>&amp;ae;cnesse</code>,2,0.0006787
208,&aelig;fre,<code>&amp;ae;fre</code>,2,0.0006787
208,&aelig;ftran,<code>&amp;ae;ftran</code>,2,0.0006787
208,&aelig;lcum,<code>&amp;ae;lcum</code>,2,0.0006787
208,&aelig;lles,<code>&amp;ae;lles</code>,2,0.0006787
208,&aelig;rest,<code>&amp;ae;rest</code>,2,0.0006787
208,&eth;egnas,<code>&amp;d;egnas</code>,2,0.0006787
208,&eth;in,<code>&amp;d;in</code>,2,0.0006787
208,&thorn;incg,<code>&amp;t;incg</code>,2,0.0006787
208,&thorn;ing,<code>&amp;t;ing</code>,2,0.0006787
208,&thorn;inre,<code>&amp;t;inre</code>,2,0.0006787
208,&thorn;ises,<code>&amp;t;ises</code>,2,0.0006787
208,&thorn;urh,<code>&amp;t;urh</code>,2,0.0006787
208,&thorn;urht,<code>&amp;t;urht</code>,2,0.0006787
208,&thorn;y,<code>&amp;t;y</code>,2,0.0006787
208,acsa,<code>acsa</code>,2,0.0006787
208,acsode,<code>acsode</code>,2,0.0006787
208,acsodest,<code>acsodest</code>,2,0.0006787
208,agenre,<code>agenre</code>,2,0.0006787
208,ariman,<code>ariman</code>,2,0.0006787
208,aw&eth;er,<code>aw&amp;d;er</code>,2,0.0006787
208,beo&eth;,<code>beo&amp;d;</code>,2,0.0006787
208,boc,<code>boc</code>,2,0.0006787
208,cildum,<code>cildum</code>,2,0.0006787
208,clene,<code>clene</code>,2,0.0006787
208,cristes,<code>cristes</code>,2,0.0006787
208,cwe&eth;,<code>cwe&amp;d;</code>,2,0.0006787
208,cwe&eth;an,<code>cwe&amp;d;an</code>,2,0.0006787
208,d&aelig;ge,<code>d&amp;ae;ge</code>,2,0.0006787
208,de,<code>de</code>,2,0.0006787
208,deo,<code>deo</code>,2,0.0006787
208,dest,<code>dest</code>,2,0.0006787
208,drihten,<code>drihten</code>,2,0.0006787
208,eala,<code>eala</code>,2,0.0006787
208,ealles,<code>ealles</code>,2,0.0006787
208,eallum,<code>eallum</code>,2,0.0006787
208,eallunga,<code>eallunga</code>,2,0.0006787
208,ealne,<code>ealne</code>,2,0.0006787
208,efre,<code>efre</code>,2,0.0006787
208,enig,<code>enig</code>,2,0.0006787
208,er,<code>er</code>,2,0.0006787
208,f&aelig;awum,<code>f&amp;ae;awum</code>,2,0.0006787
208,fara&eth;,<code>fara&amp;d;</code>,2,0.0006787
208,folce,<code>folce</code>,2,0.0006787
208,for&thorn;am,<code>for&amp;t;am</code>,2,0.0006787
208,forman,<code>forman</code>,2,0.0006787
208,fultume,<code>fultume</code>,2,0.0006787
208,geara,<code>geara</code>,2,0.0006787
208,geare,<code>geare</code>,2,0.0006787
208,gefagen,<code>gefagen</code>,2,0.0006787
208,geferum,<code>geferum</code>,2,0.0006787
208,gehet,<code>gehet</code>,2,0.0006787
208,gehire,<code>gehire</code>,2,0.0006787
208,gehyr&eth;,<code>gehyr&amp;d;</code>,2,0.0006787
208,geleafa,<code>geleafa</code>,2,0.0006787
208,gelice,<code>gelice</code>,2,0.0006787
208,gelife,<code>gelife</code>,2,0.0006787
208,gesceadwisnesse,<code>gesceadwisnesse</code>,2,0.0006787
208,gesih&eth;,<code>gesih&amp;d;</code>,2,0.0006787
208,get,<code>get</code>,2,0.0006787
208,gewitan,<code>gewitan</code>,2,0.0006787
208,gewitte,<code>gewitte</code>,2,0.0006787
208,giet,<code>giet</code>,2,0.0006787
208,gyfa,<code>gyfa</code>,2,0.0006787
208,h&aelig;f&eth;,<code>h&amp;ae;f&amp;d;</code>,2,0.0006787
208,h&aelig;fde,<code>h&amp;ae;fde</code>,2,0.0006787
208,halgan,<code>halgan</code>,2,0.0006787
208,hata&eth;,<code>hata&amp;d;</code>,2,0.0006787
208,hef&eth;,<code>hef&amp;d;</code>,2,0.0006787
208,hehsta,<code>hehsta</code>,2,0.0006787
208,his,<code>his</code>,2,0.0006787
208,hw&aelig;s,<code>hw&amp;ae;s</code>,2,0.0006787
208,hwy,<code>hwy</code>,2,0.0006787
208,hyre,<code>hyre</code>,2,0.0006787
208,kyng,<code>kyng</code>,2,0.0006787
208,lange,<code>lange</code>,2,0.0006787
208,libban,<code>libban</code>,2,0.0006787
208,libbe,<code>libbe</code>,2,0.0006787
208,lybbende,<code>lybbende</code>,2,0.0006787
208,lyfe,<code>lyfe</code>,2,0.0006787
208,lyfes,<code>lyfes</code>,2,0.0006787
208,lyste,<code>lyste</code>,2,0.0006787
208,manige,<code>manige</code>,2,0.0006787
208,mannum,<code>mannum</code>,2,0.0006787
208,meaht,<code>meaht</code>,2,0.0006787
208,mest,<code>mest</code>,2,0.0006787
208,miclum,<code>miclum</code>,2,0.0006787
208,mod,<code>mod</code>,2,0.0006787
208,nahu,<code>nahu</code>,2,0.0006787
208,nane,<code>nane</code>,2,0.0006787
208,nanwiht,<code>nanwiht</code>,2,0.0006787
208,nat,<code>nat</code>,2,0.0006787
208,nawer,<code>nawer</code>,2,0.0006787
208,o&eth;&eth;re,<code>o&amp;d;&amp;d;re</code>,2,0.0006787
208,ondrede,<code>ondrede</code>,2,0.0006787
208,ongitan,<code>ongitan</code>,2,0.0006787
208,ongyte,<code>ongyte</code>,2,0.0006787
208,rohte,<code>rohte</code>,2,0.0006787
208,sceama&eth;,<code>sceama&amp;d;</code>,2,0.0006787
208,secan,<code>secan</code>,2,0.0006787
208,sedest,<code>sedest</code>,2,0.0006787
208,segene,<code>segene</code>,2,0.0006787
208,selfe,<code>selfe</code>,2,0.0006787
208,si&eth;&eth;an,<code>si&amp;d;&amp;d;an</code>,2,0.0006787
208,spel,<code>spel</code>,2,0.0006787
208,sweotol,<code>sweotol</code>,2,0.0006787
208,swi&eth;ost,<code>swi&amp;d;ost</code>,2,0.0006787
208,swilcum,<code>swilcum</code>,2,0.0006787
208,sy&eth;&eth;an,<code>sy&amp;d;&amp;d;an</code>,2,0.0006787
208,truige,<code>truige</code>,2,0.0006787
208,tweode,<code>tweode</code>,2,0.0006787
208,tweost,<code>tweost</code>,2,0.0006787
208,unc,<code>unc</code>,2,0.0006787
208,uncrum,<code>uncrum</code>,2,0.0006787
208,w&aelig;g,<code>w&amp;ae;g</code>,2,0.0006787
208,wanede,<code>wanede</code>,2,0.0006787
208,weig,<code>weig</code>,2,0.0006787
208,weor&eth;e,<code>weor&amp;d;e</code>,2,0.0006787
208,weorlde,<code>weorlde</code>,2,0.0006787
208,weoxe,<code>weoxe</code>,2,0.0006787
208,wer&aelig;,<code>wer&amp;ae;</code>,2,0.0006787
208,willa&eth;,<code>willa&amp;d;</code>,2,0.0006787
208,wilnast,<code>wilnast</code>,2,0.0006787
208,wundrige,<code>wundrige</code>,2,0.0006787
208,ylcan,<code>ylcan</code>,2,0.0006787
208,ymb,<code>ymb</code>,2,0.0006787
337,&aelig;,<code>&amp;ae;</code>,1,0.0003393
337,&aelig;allu,<code>&amp;ae;allu</code>,1,0.0003393
337,&aelig;alne,<code>&amp;ae;alne</code>,1,0.0003393
337,&aelig;ccnesse,<code>&amp;ae;ccnesse</code>,1,0.0003393
337,&aelig;cu,<code>&amp;ae;cu</code>,1,0.0003393
337,&aelig;fest,<code>&amp;ae;fest</code>,1,0.0003393
337,&aelig;lc,<code>&amp;ae;lc</code>,1,0.0003393
337,&aelig;lce,<code>&amp;ae;lce</code>,1,0.0003393
337,&aelig;lces,<code>&amp;ae;lces</code>,1,0.0003393
337,&aelig;lenge,<code>&amp;ae;lenge</code>,1,0.0003393
337,&aelig;lmihtih,<code>&amp;ae;lmihtih</code>,1,0.0003393
337,&aelig;lmihtihnesse,<code>&amp;ae;lmihtihnesse</code>,1,0.0003393
337,&aelig;mettige,<code>&amp;ae;mettige</code>,1,0.0003393
337,&aelig;mnwel,<code>&amp;ae;mnwel</code>,1,0.0003393
337,&aelig;nde,<code>&amp;ae;nde</code>,1,0.0003393
337,&aelig;om,<code>&amp;ae;om</code>,1,0.0003393
337,&aelig;r&thorn;am&eth;e,<code>&amp;ae;r&amp;t;am&amp;d;e</code>,1,0.0003393
337,&eth;&aelig;s,<code>&amp;d;&amp;ae;s</code>,1,0.0003393
337,&eth;&aelig;t,<code>&amp;d;&amp;ae;t</code>,1,0.0003393
337,&eth;a&eth;,<code>&amp;d;a&amp;d;</code>,1,0.0003393
337,&eth;ara,<code>&amp;d;ara</code>,1,0.0003393
337,&eth;are,<code>&amp;d;are</code>,1,0.0003393
337,&eth;ince,<code>&amp;d;ince</code>,1,0.0003393
337,&eth;incg,<code>&amp;d;incg</code>,1,0.0003393
337,&eth;ing&eth;,<code>&amp;d;ing&amp;d;</code>,1,0.0003393
337,&eth;inga,<code>&amp;d;inga</code>,1,0.0003393
337,&eth;ingum,<code>&amp;d;ingum</code>,1,0.0003393
337,&eth;inum,<code>&amp;d;inum</code>,1,0.0003393
337,&eth;is,<code>&amp;d;is</code>,1,0.0003393
337,&eth;on,<code>&amp;d;on</code>,1,0.0003393
337,&eth;one,<code>&amp;d;one</code>,1,0.0003393
337,&eth;ridde,<code>&amp;d;ridde</code>,1,0.0003393
337,&eth;rinnesse,<code>&amp;d;rinnesse</code>,1,0.0003393
337,&eth;urfon,<code>&amp;d;urfon</code>,1,0.0003393
337,&eth;urht,<code>&amp;d;urht</code>,1,0.0003393
337,&thorn;&aelig;&eth;,<code>&amp;t;&amp;ae;&amp;d;</code>,1,0.0003393
337,&thorn;a&eth;,<code>&amp;t;a&amp;d;</code>,1,0.0003393
337,&thorn;are,<code>&amp;t;are</code>,1,0.0003393
337,&thorn;as,<code>&amp;t;as</code>,1,0.0003393
337,&thorn;ea&eth;,<code>&amp;t;ea&amp;d;</code>,1,0.0003393
337,&thorn;egena,<code>&amp;t;egena</code>,1,0.0003393
337,&thorn;egna,<code>&amp;t;egna</code>,1,0.0003393
337,&thorn;egnas,<code>&amp;t;egnas</code>,1,0.0003393
337,&thorn;ere,<code>&amp;t;ere</code>,1,0.0003393
337,&thorn;ider,<code>&amp;t;ider</code>,1,0.0003393
337,&thorn;illicum,<code>&amp;t;illicum</code>,1,0.0003393
337,&thorn;ine,<code>&amp;t;ine</code>,1,0.0003393
337,&thorn;inga,<code>&amp;t;inga</code>,1,0.0003393
337,&thorn;inges,<code>&amp;t;inges</code>,1,0.0003393
337,&thorn;ingum,<code>&amp;t;ingum</code>,1,0.0003393
337,&thorn;isra,<code>&amp;t;isra</code>,1,0.0003393
337,&thorn;isses,<code>&amp;t;isses</code>,1,0.0003393
337,&thorn;reom,<code>&amp;t;reom</code>,1,0.0003393
337,&thorn;reora,<code>&amp;t;reora</code>,1,0.0003393
337,&thorn;rim,<code>&amp;t;rim</code>,1,0.0003393
337,&thorn;uhte,<code>&amp;t;uhte</code>,1,0.0003393
337,&thorn;ur,<code>&amp;t;ur</code>,1,0.0003393
337,&thorn;urhte,<code>&amp;t;urhte</code>,1,0.0003393
337,&thorn;yllycra,<code>&amp;t;yllycra</code>,1,0.0003393
337,acende,<code>acende</code>,1,0.0003393
337,acenned,<code>acenned</code>,1,0.0003393
337,adam,<code>adam</code>,1,0.0003393
337,agen,<code>agen</code>,1,0.0003393
337,ahte,<code>ahte</code>,1,0.0003393
337,al&aelig;tan,<code>al&amp;ae;tan</code>,1,0.0003393
337,almihtiga,<code>almihtiga</code>,1,0.0003393
337,an,<code>an</code>,1,0.0003393
337,andwearde,<code>andwearde</code>,1,0.0003393
337,annesse,<code>annesse</code>,1,0.0003393
337,anre,<code>anre</code>,1,0.0003393
337,ansyne,<code>ansyne</code>,1,0.0003393
337,anweal&eth;,<code>anweal&amp;d;</code>,1,0.0003393
337,apostolos,<code>apostolos</code>,1,0.0003393
337,apostolum,<code>apostolum</code>,1,0.0003393
337,awuht,<code>awuht</code>,1,0.0003393
337,b&aelig;tre,<code>b&amp;ae;tre</code>,1,0.0003393
337,bearnum,<code>bearnum</code>,1,0.0003393
337,betere,<code>betere</code>,1,0.0003393
337,bispellum,<code>bispellum</code>,1,0.0003393
337,bist,<code>bist</code>,1,0.0003393
337,blostman,<code>blostman</code>,1,0.0003393
337,blostmena,<code>blostmena</code>,1,0.0003393
337,bocum,<code>bocum</code>,1,0.0003393
337,buta,<code>buta</code>,1,0.0003393
337,byddan,<code>byddan</code>,1,0.0003393
337,byr&eth;ene,<code>byr&amp;d;ene</code>,1,0.0003393
337,byra,<code>byra</code>,1,0.0003393
337,bysinum,<code>bysinum</code>,1,0.0003393
337,bysnum,<code>bysnum</code>,1,0.0003393
337,byst,<code>byst</code>,1,0.0003393
337,byt,<code>byt</code>,1,0.0003393
337,carcerne,<code>carcerne</code>,1,0.0003393
337,cl&aelig;ne,<code>cl&amp;ae;ne</code>,1,0.0003393
337,cleopode,<code>cleopode</code>,1,0.0003393
337,crefta,<code>crefta</code>,1,0.0003393
337,criste,<code>criste</code>,1,0.0003393
337,cu&eth;,<code>cu&amp;d;</code>,1,0.0003393
337,cuma&eth;,<code>cuma&amp;d;</code>,1,0.0003393
337,cume,<code>cume</code>,1,0.0003393
337,cw&aelig;&eth;an,<code>cw&amp;ae;&amp;d;an</code>,1,0.0003393
337,cw&aelig;&eth;e,<code>cw&amp;ae;&amp;d;e</code>,1,0.0003393
337,cw&aelig;de,<code>cw&amp;ae;de</code>,1,0.0003393
337,d&aelig;&eth;,<code>d&amp;ae;&amp;d;</code>,1,0.0003393
337,d&aelig;l,<code>d&amp;ae;l</code>,1,0.0003393
337,d&aelig;le,<code>d&amp;ae;le</code>,1,0.0003393
337,dagum,<code>dagum</code>,1,0.0003393
337,dide,<code>dide</code>,1,0.0003393
337,domes,<code>domes</code>,1,0.0003393
337,don,<code>don</code>,1,0.0003393
337,dyde,<code>dyde</code>,1,0.0003393
337,dysigra,<code>dysigra</code>,1,0.0003393
337,earmlicre,<code>earmlicre</code>,1,0.0003393
337,ecnesse,<code>ecnesse</code>,1,0.0003393
337,edniowa&eth;,<code>edniowa&amp;d;</code>,1,0.0003393
337,efter,<code>efter</code>,1,0.0003393
337,elcum,<code>elcum</code>,1,0.0003393
337,embe,<code>embe</code>,1,0.0003393
337,endebyrdlice,<code>endebyrdlice</code>,1,0.0003393
337,endia&eth;,<code>endia&amp;d;</code>,1,0.0003393
337,engelas,<code>engelas</code>,1,0.0003393
337,englisc,<code>englisc</code>,1,0.0003393
337,esne,<code>esne</code>,1,0.0003393
337,f&aelig;der,<code>f&amp;ae;der</code>,1,0.0003393
337,f&aelig;deras,<code>f&amp;ae;deras</code>,1,0.0003393
337,f&aelig;gnian,<code>f&amp;ae;gnian</code>,1,0.0003393
337,f&aelig;stlice,<code>f&amp;ae;stlice</code>,1,0.0003393
337,feder,<code>feder</code>,1,0.0003393
337,federas,<code>federas</code>,1,0.0003393
337,fengen,<code>fengen</code>,1,0.0003393
337,feor&eth;&aelig;,<code>feor&amp;d;&amp;ae;</code>,1,0.0003393
337,feor&eth;an,<code>feor&amp;d;an</code>,1,0.0003393
337,findan,<code>findan</code>,1,0.0003393
337,fon,<code>fon</code>,1,0.0003393
337,forewearde,<code>forewearde</code>,1,0.0003393
337,forgeat,<code>forgeat</code>,1,0.0003393
337,forgieten,<code>forgieten</code>,1,0.0003393
337,forgifen,<code>forgifen</code>,1,0.0003393
337,forgyf,<code>forgyf</code>,1,0.0003393
337,forgyfe,<code>forgyfe</code>,1,0.0003393
337,forl&aelig;t,<code>forl&amp;ae;t</code>,1,0.0003393
337,forlet,<code>forlet</code>,1,0.0003393
337,forsawen,<code>forsawen</code>,1,0.0003393
337,forwyr&eth;,<code>forwyr&amp;d;</code>,1,0.0003393
337,freond,<code>freond</code>,1,0.0003393
337,fruman,<code>fruman</code>,1,0.0003393
337,fulle,<code>fulle</code>,1,0.0003393
337,fulne,<code>fulne</code>,1,0.0003393
337,fultmian,<code>fultmian</code>,1,0.0003393
337,fundige,<code>fundige</code>,1,0.0003393
337,gadorung,<code>gadorung</code>,1,0.0003393
337,ge&thorn;oftan,<code>ge&amp;t;oftan</code>,1,0.0003393
337,ge&thorn;olodon,<code>ge&amp;t;olodon</code>,1,0.0003393
337,geandweard,<code>geandweard</code>,1,0.0003393
337,gearnodon,<code>gearnodon</code>,1,0.0003393
337,gearu,<code>gearu</code>,1,0.0003393
337,gebeden,<code>gebeden</code>,1,0.0003393
337,gebetan,<code>gebetan</code>,1,0.0003393
337,gebide,<code>gebide</code>,1,0.0003393
337,geboren,<code>geboren</code>,1,0.0003393
337,gebyrede,<code>gebyrede</code>,1,0.0003393
337,gedelde,<code>gedelde</code>,1,0.0003393
337,gedeled,<code>gedeled</code>,1,0.0003393
337,gedon,<code>gedon</code>,1,0.0003393
337,gefegenra,<code>gefegenra</code>,1,0.0003393
337,gefultmige,<code>gefultmige</code>,1,0.0003393
337,gegadrad,<code>gegadrad</code>,1,0.0003393
337,gegera&eth;,<code>gegera&amp;d;</code>,1,0.0003393
337,gegiere&eth;,<code>gegiere&amp;d;</code>,1,0.0003393
337,gehaten,<code>gehaten</code>,1,0.0003393
337,gehefegod,<code>gehefegod</code>,1,0.0003393
337,geheran,<code>geheran</code>,1,0.0003393
337,geherde,<code>geherde</code>,1,0.0003393
337,geherdest,<code>geherdest</code>,1,0.0003393
337,geherst,<code>geherst</code>,1,0.0003393
337,gehete,<code>gehete</code>,1,0.0003393
337,gehure,<code>gehure</code>,1,0.0003393
337,gehyran,<code>gehyran</code>,1,0.0003393
337,gehyranne,<code>gehyranne</code>,1,0.0003393
337,gehyrde,<code>gehyrde</code>,1,0.0003393
337,gehyrdon,<code>gehyrdon</code>,1,0.0003393
337,gehyred,<code>gehyred</code>,1,0.0003393
337,gelef,<code>gelef</code>,1,0.0003393
337,gelifest,<code>gelifest</code>,1,0.0003393
337,gelyfanne,<code>gelyfanne</code>,1,0.0003393
337,gelyfden,<code>gelyfden</code>,1,0.0003393
337,gelyfdun,<code>gelyfdun</code>,1,0.0003393
337,gelyfst,<code>gelyfst</code>,1,0.0003393
337,gemetga&eth;,<code>gemetga&amp;d;</code>,1,0.0003393
337,gemunan,<code>gemunan</code>,1,0.0003393
337,gemynst,<code>gemynst</code>,1,0.0003393
337,genu,<code>genu</code>,1,0.0003393
337,geornful,<code>geornful</code>,1,0.0003393
337,gereaht,<code>gereaht</code>,1,0.0003393
337,gerisenlice,<code>gerisenlice</code>,1,0.0003393
337,ges&aelig;d,<code>ges&amp;ae;d</code>,1,0.0003393
337,gescadwisnesse,<code>gescadwisnesse</code>,1,0.0003393
337,gescaft,<code>gescaft</code>,1,0.0003393
337,gesceadwis,<code>gesceadwis</code>,1,0.0003393
337,gesceadwissa,<code>gesceadwissa</code>,1,0.0003393
337,gesceaft,<code>gesceaft</code>,1,0.0003393
337,gesceaftea,<code>gesceaftea</code>,1,0.0003393
337,gesceape,<code>gesceape</code>,1,0.0003393
337,gesceapen,<code>gesceapen</code>,1,0.0003393
337,gesceapena,<code>gesceapena</code>,1,0.0003393
337,gescop,<code>gescop</code>,1,0.0003393
337,gesecgan,<code>gesecgan</code>,1,0.0003393
337,gesewe,<code>gesewe</code>,1,0.0003393
337,gesewen,<code>gesewen</code>,1,0.0003393
337,gesewena,<code>gesewena</code>,1,0.0003393
337,gesewenan,<code>gesewenan</code>,1,0.0003393
337,gesingode,<code>gesingode</code>,1,0.0003393
337,getehte,<code>getehte</code>,1,0.0003393
337,getweoge,<code>getweoge</code>,1,0.0003393
337,geungewlitega&eth;,<code>geungewlitega&amp;d;</code>,1,0.0003393
337,geweald,<code>geweald</code>,1,0.0003393
337,geweor&eth;an,<code>geweor&amp;d;an</code>,1,0.0003393
337,gewita&eth;,<code>gewita&amp;d;</code>,1,0.0003393
337,gewite,<code>gewite</code>,1,0.0003393
337,gewlitega&eth;,<code>gewlitega&amp;d;</code>,1,0.0003393
337,gewur&eth;an,<code>gewur&amp;d;an</code>,1,0.0003393
337,giornesse,<code>giornesse</code>,1,0.0003393
337,go&eth;,<code>go&amp;d;</code>,1,0.0003393
337,godspelle,<code>godspelle</code>,1,0.0003393
337,gooda,<code>gooda</code>,1,0.0003393
337,goodne,<code>goodne</code>,1,0.0003393
337,goodra,<code>goodra</code>,1,0.0003393
337,gyet,<code>gyet</code>,1,0.0003393
337,gytsung,<code>gytsung</code>,1,0.0003393
337,h&aelig;aran,<code>h&amp;ae;aran</code>,1,0.0003393
337,h&aelig;bba&eth;,<code>h&amp;ae;bba&amp;d;</code>,1,0.0003393
337,h&aelig;bban,<code>h&amp;ae;bban</code>,1,0.0003393
337,h&aelig;cra,<code>h&amp;ae;cra</code>,1,0.0003393
337,h&aelig;fdan,<code>h&amp;ae;fdan</code>,1,0.0003393
337,h&aelig;fdest,<code>h&amp;ae;fdest</code>,1,0.0003393
337,h&aelig;fedon,<code>h&amp;ae;fedon</code>,1,0.0003393
337,h&aelig;w&aelig;t,<code>h&amp;ae;w&amp;ae;t</code>,1,0.0003393
337,habban,<code>habban</code>,1,0.0003393
337,hafde,<code>hafde</code>,1,0.0003393
337,hahte,<code>hahte</code>,1,0.0003393
337,halga,<code>halga</code>,1,0.0003393
337,halgum,<code>halgum</code>,1,0.0003393
337,halige,<code>halige</code>,1,0.0003393
337,hearan,<code>hearan</code>,1,0.0003393
337,hefden,<code>hefden</code>,1,0.0003393
337,hehfederum,<code>hehfederum</code>,1,0.0003393
337,hera,<code>hera</code>,1,0.0003393
337,heran,<code>heran</code>,1,0.0003393
337,hic,<code>hic</code>,1,0.0003393
337,him,<code>him</code>,1,0.0003393
337,hlafordas,<code>hlafordas</code>,1,0.0003393
337,hwanhwugu,<code>hwanhwugu</code>,1,0.0003393
337,hwethwugu,<code>hwethwugu</code>,1,0.0003393
337,hwilc,<code>hwilc</code>,1,0.0003393
337,hwilce,<code>hwilce</code>,1,0.0003393
337,hyne,<code>hyne</code>,1,0.0003393
337,i,<code>i</code>,1,0.0003393
337,ii,<code>ii</code>,1,0.0003393
337,iii,<code>iii</code>,1,0.0003393
337,imbe,<code>imbe</code>,1,0.0003393
337,instepe,<code>instepe</code>,1,0.0003393
337,inweardlicost,<code>inweardlicost</code>,1,0.0003393
337,iudendo,<code>iudendo</code>,1,0.0003393
337,kcynga,<code>kcynga</code>,1,0.0003393
337,kynnes,<code>kynnes</code>,1,0.0003393
337,kynninga,<code>kynninga</code>,1,0.0003393
337,l&aelig;rdest,<code>l&amp;ae;rdest</code>,1,0.0003393
337,l&aelig;re,<code>l&amp;ae;re</code>,1,0.0003393
337,l&aelig;sse,<code>l&amp;ae;sse</code>,1,0.0003393
337,l&aelig;t,<code>l&amp;ae;t</code>,1,0.0003393
337,lang,<code>lang</code>,1,0.0003393
337,late,<code>late</code>,1,0.0003393
337,lea,<code>lea</code>,1,0.0003393
337,leofest,<code>leofest</code>,1,0.0003393
337,leornodes,<code>leornodes</code>,1,0.0003393
337,lere,<code>lere</code>,1,0.0003393
337,lica&eth;,<code>lica&amp;d;</code>,1,0.0003393
337,lichama,<code>lichama</code>,1,0.0003393
337,lifa&eth;,<code>lifa&amp;d;</code>,1,0.0003393
337,lifes,<code>lifes</code>,1,0.0003393
337,lychaman,<code>lychaman</code>,1,0.0003393
337,lychoman,<code>lychoman</code>,1,0.0003393
337,lyfde,<code>lyfde</code>,1,0.0003393
337,lytlu,<code>lytlu</code>,1,0.0003393
337,lytlum,<code>lytlum</code>,1,0.0003393
337,m&aelig;nde,<code>m&amp;ae;nde</code>,1,0.0003393
337,m&aelig;nege,<code>m&amp;ae;nege</code>,1,0.0003393
337,m&aelig;stne,<code>m&amp;ae;stne</code>,1,0.0003393
337,magen,<code>magen</code>,1,0.0003393
337,mahte,<code>mahte</code>,1,0.0003393
337,manega,<code>manega</code>,1,0.0003393
337,manege,<code>manege</code>,1,0.0003393
337,manig,<code>manig</code>,1,0.0003393
337,mann,<code>mann</code>,1,0.0003393
337,mannes,<code>mannes</code>,1,0.0003393
337,meahte,<code>meahte</code>,1,0.0003393
337,meahton,<code>meahton</code>,1,0.0003393
337,mede,<code>mede</code>,1,0.0003393
337,meg,<code>meg</code>,1,0.0003393
337,men,<code>men</code>,1,0.0003393
337,meohton,<code>meohton</code>,1,0.0003393
337,metst,<code>metst</code>,1,0.0003393
337,micel,<code>micel</code>,1,0.0003393
337,micla,<code>micla</code>,1,0.0003393
337,micle,<code>micle</code>,1,0.0003393
337,miht,<code>miht</code>,1,0.0003393
337,milcle,<code>milcle</code>,1,0.0003393
337,mines,<code>mines</code>,1,0.0003393
337,minum,<code>minum</code>,1,0.0003393
337,modes,<code>modes</code>,1,0.0003393
337,most,<code>most</code>,1,0.0003393
337,mosten,<code>mosten</code>,1,0.0003393
337,mot,<code>mot</code>,1,0.0003393
337,myddangeardes,<code>myddangeardes</code>,1,0.0003393
337,mydlinga,<code>mydlinga</code>,1,0.0003393
337,myne,<code>myne</code>,1,0.0003393
337,n&aelig;ran,<code>n&amp;ae;ran</code>,1,0.0003393
337,n&aelig;re,<code>n&amp;ae;re</code>,1,0.0003393
337,n&aelig;s,<code>n&amp;ae;s</code>,1,0.0003393
337,nanes,<code>nanes</code>,1,0.0003393
337,nanwith,<code>nanwith</code>,1,0.0003393
337,nawiht,<code>nawiht</code>,1,0.0003393
337,nawuihte,<code>nawuihte</code>,1,0.0003393
337,nemde,<code>nemde</code>,1,0.0003393
337,neod,<code>neod</code>,1,0.0003393
337,neron,<code>neron</code>,1,0.0003393
337,nyste,<code>nyste</code>,1,0.0003393
337,o&eth;,<code>o&amp;d;</code>,1,0.0003393
337,o&eth;er,<code>o&amp;d;er</code>,1,0.0003393
337,o&eth;erne,<code>o&amp;d;erne</code>,1,0.0003393
337,o&eth;rum,<code>o&amp;d;rum</code>,1,0.0003393
337,of,<code>of</code>,1,0.0003393
337,of&aelig;rst&aelig;lest,<code>of&amp;ae;rst&amp;ae;lest</code>,1,0.0003393
337,ofer,<code>ofer</code>,1,0.0003393
337,ofergiotolnesse,<code>ofergiotolnesse</code>,1,0.0003393
337,oferst&aelig;lde,<code>oferst&amp;ae;lde</code>,1,0.0003393
337,ofersteled,<code>ofersteled</code>,1,0.0003393
337,ofmunde,<code>ofmunde</code>,1,0.0003393
337,ofseten,<code>ofseten</code>,1,0.0003393
337,oftor,<code>oftor</code>,1,0.0003393
337,ongeate,<code>ongeate</code>,1,0.0003393
337,ongeaton,<code>ongeaton</code>,1,0.0003393
337,ongiere&eth;,<code>ongiere&amp;d;</code>,1,0.0003393
337,ongin&eth;,<code>ongin&amp;d;</code>,1,0.0003393
337,ongynne,<code>ongynne</code>,1,0.0003393
337,ongyst,<code>ongyst</code>,1,0.0003393
337,ongyten,<code>ongyten</code>,1,0.0003393
337,onwealde,<code>onwealde</code>,1,0.0003393
337,openlice,<code>openlice</code>,1,0.0003393
337,openlicor,<code>openlicor</code>,1,0.0003393
337,r&aelig;dfast,<code>r&amp;ae;dfast</code>,1,0.0003393
337,recst,<code>recst</code>,1,0.0003393
337,rehte,<code>rehte</code>,1,0.0003393
337,ricsian,<code>ricsian</code>,1,0.0003393
337,rihtes,<code>rihtes</code>,1,0.0003393
337,rihtwisan,<code>rihtwisan</code>,1,0.0003393
337,rimande,<code>rimande</code>,1,0.0003393
337,s&aelig;&eth;don,<code>s&amp;ae;&amp;d;don</code>,1,0.0003393
337,s&aelig;cgena,<code>s&amp;ae;cgena</code>,1,0.0003393
337,s&aelig;gena,<code>s&amp;ae;gena</code>,1,0.0003393
337,s&aelig;gest,<code>s&amp;ae;gest</code>,1,0.0003393
337,saula,<code>saula</code>,1,0.0003393
337,sawel,<code>sawel</code>,1,0.0003393
337,sawlen,<code>sawlen</code>,1,0.0003393
337,sawlum,<code>sawlum</code>,1,0.0003393
337,scamige,<code>scamige</code>,1,0.0003393
337,scealt,<code>scealt</code>,1,0.0003393
337,scelon,<code>scelon</code>,1,0.0003393
337,sceolon,<code>sceolon</code>,1,0.0003393
337,sculon,<code>sculon</code>,1,0.0003393
337,scypend,<code>scypend</code>,1,0.0003393
337,sec,<code>sec</code>,1,0.0003393
337,seca&eth;,<code>seca&amp;d;</code>,1,0.0003393
337,secga&eth;,<code>secga&amp;d;</code>,1,0.0003393
337,secgan,<code>secgan</code>,1,0.0003393
337,sedon,<code>sedon</code>,1,0.0003393
337,sege,<code>sege</code>,1,0.0003393
337,segst,<code>segst</code>,1,0.0003393
337,seleste,<code>seleste</code>,1,0.0003393
337,selfes,<code>selfes</code>,1,0.0003393
337,selfne,<code>selfne</code>,1,0.0003393
337,seoleste,<code>seoleste</code>,1,0.0003393
337,sien,<code>sien</code>,1,0.0003393
337,silfne,<code>silfne</code>,1,0.0003393
337,siluum,<code>siluum</code>,1,0.0003393
337,sio,<code>sio</code>,1,0.0003393
337,sm&aelig;a,<code>sm&amp;ae;a</code>,1,0.0003393
337,so&eth;f&aelig;stnesse,<code>so&amp;d;f&amp;ae;stnesse</code>,1,0.0003393
337,so&eth;licor,<code>so&amp;d;licor</code>,1,0.0003393
337,soliloquiorum,<code>soliloquiorum</code>,1,0.0003393
337,spec,<code>spec</code>,1,0.0003393
337,sprec,<code>sprec</code>,1,0.0003393
337,sprece,<code>sprece</code>,1,0.0003393
337,sprecon,<code>sprecon</code>,1,0.0003393
337,spurian,<code>spurian</code>,1,0.0003393
337,spyredon,<code>spyredon</code>,1,0.0003393
337,st&aelig;le,<code>st&amp;ae;le</code>,1,0.0003393
337,stior&eth;,<code>stior&amp;d;</code>,1,0.0003393
337,stode,<code>stode</code>,1,0.0003393
337,sw&aelig;tele,<code>sw&amp;ae;tele</code>,1,0.0003393
337,swelta&eth;,<code>swelta&amp;d;</code>,1,0.0003393
337,sweotole,<code>sweotole</code>,1,0.0003393
337,sweotolo,<code>sweotolo</code>,1,0.0003393
337,sweotolor,<code>sweotolor</code>,1,0.0003393
337,sweotoloran,<code>sweotoloran</code>,1,0.0003393
337,swetole,<code>swetole</code>,1,0.0003393
337,swi&eth;or,<code>swi&amp;d;or</code>,1,0.0003393
337,swylcra,<code>swylcra</code>,1,0.0003393
337,tacnu,<code>tacnu</code>,1,0.0003393
337,tacnum,<code>tacnum</code>,1,0.0003393
337,tod&aelig;g,<code>tod&amp;ae;g</code>,1,0.0003393
337,togeadere,<code>togeadere</code>,1,0.0003393
337,toweardan,<code>toweardan</code>,1,0.0003393
337,treowast,<code>treowast</code>,1,0.0003393
337,tw&aelig;oge,<code>tw&amp;ae;oge</code>,1,0.0003393
337,tw&aelig;ost,<code>tw&amp;ae;ost</code>,1,0.0003393
337,tweo,<code>tweo</code>,1,0.0003393
337,tweodast,<code>tweodast</code>,1,0.0003393
337,tweogan,<code>tweogan</code>,1,0.0003393
337,twreowa,<code>twreowa</code>,1,0.0003393
337,uidendo,<code>uidendo</code>,1,0.0003393
337,unawendendlic,<code>unawendendlic</code>,1,0.0003393
337,undea&eth;licnesse,<code>undea&amp;d;licnesse</code>,1,0.0003393
337,undeadlic,<code>undeadlic</code>,1,0.0003393
337,undeadlice,<code>undeadlice</code>,1,0.0003393
337,undeadlycnesse,<code>undeadlycnesse</code>,1,0.0003393
337,une&eth;e,<code>une&amp;d;e</code>,1,0.0003393
337,ungelyfedlic,<code>ungelyfedlic</code>,1,0.0003393
337,ungera&eth;,<code>ungera&amp;d;</code>,1,0.0003393
337,ungewlitea&eth;,<code>ungewlitea&amp;d;</code>,1,0.0003393
337,unlease,<code>unlease</code>,1,0.0003393
337,unleasera,<code>unleasera</code>,1,0.0003393
337,unleaseran,<code>unleaseran</code>,1,0.0003393
337,unleasra,<code>unleasra</code>,1,0.0003393
337,unricran,<code>unricran</code>,1,0.0003393
337,unrihtan,<code>unrihtan</code>,1,0.0003393
337,unrihtwisan,<code>unrihtwisan</code>,1,0.0003393
337,unweor&eth;licostan,<code>unweor&amp;d;licostan</code>,1,0.0003393
337,ure,<code>ure</code>,1,0.0003393
337,urum,<code>urum</code>,1,0.0003393
337,uttran,<code>uttran</code>,1,0.0003393
337,w&aelig;nst,<code>w&amp;ae;nst</code>,1,0.0003393
337,w&aelig;re,<code>w&amp;ae;re</code>,1,0.0003393
337,w&aelig;ren,<code>w&amp;ae;ren</code>,1,0.0003393
337,w&aelig;ron,<code>w&amp;ae;ron</code>,1,0.0003393
337,wacestan,<code>wacestan</code>,1,0.0003393
337,wanode,<code>wanode</code>,1,0.0003393
337,weal&eth;,<code>weal&amp;d;</code>,1,0.0003393
337,wealdend,<code>wealdend</code>,1,0.0003393
337,wenan,<code>wenan</code>,1,0.0003393
337,weor&eth;a&eth;,<code>weor&amp;d;a&amp;d;</code>,1,0.0003393
337,weorda,<code>weorda</code>,1,0.0003393
337,weordum,<code>weordum</code>,1,0.0003393
337,wes,<code>wes</code>,1,0.0003393
337,weurulde,<code>weurulde</code>,1,0.0003393
337,wexse,<code>wexse</code>,1,0.0003393
337,wi&eth;,<code>wi&amp;d;</code>,1,0.0003393
337,wiht,<code>wiht</code>,1,0.0003393
337,willen,<code>willen</code>,1,0.0003393
337,wilna,<code>wilna</code>,1,0.0003393
337,wilna&eth;,<code>wilna&amp;d;</code>,1,0.0003393
337,wilt,<code>wilt</code>,1,0.0003393
337,winsumestum,<code>winsumestum</code>,1,0.0003393
337,winsumnesse,<code>winsumnesse</code>,1,0.0003393
337,wisra,<code>wisra</code>,1,0.0003393
337,wisran,<code>wisran</code>,1,0.0003393
337,wisson,<code>wisson</code>,1,0.0003393
337,wistes,<code>wistes</code>,1,0.0003393
337,wita,<code>wita</code>,1,0.0003393
337,witgan,<code>witgan</code>,1,0.0003393
337,witgum,<code>witgum</code>,1,0.0003393
337,wittanne,<code>wittanne</code>,1,0.0003393
337,witu,<code>witu</code>,1,0.0003393
337,wlite,<code>wlite</code>,1,0.0003393
337,wlitum,<code>wlitum</code>,1,0.0003393
337,worldhlaford,<code>worldhlaford</code>,1,0.0003393
337,wrixlia&eth;,<code>wrixlia&amp;d;</code>,1,0.0003393
337,wunast,<code>wunast</code>,1,0.0003393
337,wundorlice,<code>wundorlice</code>,1,0.0003393
337,wurden,<code>wurden</code>,1,0.0003393
337,wurdum,<code>wurdum</code>,1,0.0003393
337,wurlde,<code>wurlde</code>,1,0.0003393
337,wurldhlafordes,<code>wurldhlafordes</code>,1,0.0003393
337,wy&eth;,<code>wy&amp;d;</code>,1,0.0003393
337,wyle,<code>wyle</code>,1,0.0003393
337,wynsumnes,<code>wynsumnes</code>,1,0.0003393
337,wyr&eth;ian,<code>wyr&amp;d;ian</code>,1,0.0003393
337,wyrse,<code>wyrse</code>,1,0.0003393
337,wysdom,<code>wysdom</code>,1,0.0003393
337,yldra,<code>yldra</code>,1,0.0003393
337,ys,<code>ys</code>,1,0.0003393
