B_Prose,B09,B09.007.002_Alc_14__Foumlrst__T06920.txt,258,183,568
RANK,HTML WORD,RAW WORD,COUNT,RELATIVE FREQUENCY
1,&thorn;u,<code>&amp;t;u</code>,34,0.0598592
2,&thorn;&aelig;t,<code>&amp;t;&amp;ae;t</code>,30,0.0528169
3,to,<code>to</code>,20,0.0352113
4,he,<code>he</code>,17,0.0299296
5,ne,<code>ne</code>,15,0.0264085
6,gode,<code>gode</code>,13,0.0228873
7,&thorn;onne,<code>&amp;t;onne</code>,11,0.0193662
7,gif,<code>gif</code>,11,0.0193662
9,hit,<code>hit</code>,10,0.0176056
10,&amp;,<code>&amp;amp;</code>,9,0.0158451
10,&thorn;e,<code>&amp;t;e</code>,9,0.0158451
10,se,<code>se</code>,9,0.0158451
13,is,<code>is</code>,8,0.0140845
14,&thorn;a,<code>&amp;t;a</code>,7,0.0123239
14,nu,<code>nu</code>,7,0.0123239
14,sie,<code>sie</code>,7,0.0123239
17,gecyrre,<code>gecyrre</code>,6,0.0105634
17,god,<code>god</code>,6,0.0105634
17,his,<code>his</code>,6,0.0105634
17,man,<code>man</code>,6,0.0105634
21,d&aelig;dbote,<code>d&amp;ae;dbote</code>,5,0.0088028
21,ic,<code>ic</code>,5,0.0088028
23,ac,<code>ac</code>,4,0.0070423
23,bi&eth;,<code>bi&amp;d;</code>,4,0.0070423
23,cras,<code>cras</code>,4,0.0070423
23,cwyst,<code>cwyst</code>,4,0.0070423
23,him,<code>him</code>,4,0.0070423
23,wilt,<code>wilt</code>,4,0.0070423
23,yfel,<code>yfel</code>,4,0.0070423
30,&thorn;&aelig;r,<code>&amp;t;&amp;ae;r</code>,3,0.0052817
30,&thorn;am,<code>&amp;t;am</code>,3,0.0052817
30,be,<code>be</code>,3,0.0052817
30,cwe&eth;e,<code>cwe&amp;d;e</code>,3,0.0052817
30,eft,<code>eft</code>,3,0.0052817
30,for,<code>for</code>,3,0.0052817
30,forgyfenesse,<code>forgyfenesse</code>,3,0.0052817
30,hwon,<code>hwon</code>,3,0.0052817
30,lif,<code>lif</code>,3,0.0052817
30,m&aelig;ge,<code>m&amp;ae;ge</code>,3,0.0052817
30,na,<code>na</code>,3,0.0052817
30,on,<code>on</code>,3,0.0052817
30,se&thorn;e,<code>se&amp;t;e</code>,3,0.0052817
30,word,<code>word</code>,3,0.0052817
44,&thorn;&aelig;re,<code>&amp;t;&amp;ae;re</code>,2,0.0035211
44,&thorn;in,<code>&amp;t;in</code>,2,0.0035211
44,bigest,<code>bigest</code>,2,0.0035211
44,cw&aelig;&eth;e,<code>cw&amp;ae;&amp;d;e</code>,2,0.0035211
44,d&aelig;g,<code>d&amp;ae;g</code>,2,0.0035211
44,d&aelig;ge,<code>d&amp;ae;ge</code>,2,0.0035211
44,dea&eth;,<code>dea&amp;d;</code>,2,0.0035211
44,don,<code>don</code>,2,0.0035211
44,eac,<code>eac</code>,2,0.0035211
44,for&thorn;on,<code>for&amp;t;on</code>,2,0.0035211
44,forl&aelig;te,<code>forl&amp;ae;te</code>,2,0.0035211
44,gecyr,<code>gecyr</code>,2,0.0035211
44,gecyrran,<code>gecyrran</code>,2,0.0035211
44,hie,<code>hie</code>,2,0.0035211
44,hine,<code>hine</code>,2,0.0035211
44,hra&eth;e,<code>hra&amp;d;e</code>,2,0.0035211
44,hwile,<code>hwile</code>,2,0.0035211
44,hwonne,<code>hwonne</code>,2,0.0035211
44,lange,<code>lange</code>,2,0.0035211
44,m&aelig;g,<code>m&amp;ae;g</code>,2,0.0035211
44,men,<code>men</code>,2,0.0035211
44,mon,<code>mon</code>,2,0.0035211
44,nast,<code>nast</code>,2,0.0035211
44,nelle,<code>nelle</code>,2,0.0035211
44,seo,<code>seo</code>,2,0.0035211
44,sin,<code>sin</code>,2,0.0035211
44,synna,<code>synna</code>,2,0.0035211
44,tide,<code>tide</code>,2,0.0035211
44,tomorgen,<code>tomorgen</code>,2,0.0035211
44,us,<code>us</code>,2,0.0035211
44,we,<code>we</code>,2,0.0035211
44,ylde&eth;,<code>ylde&amp;d;</code>,2,0.0035211
76,&aelig;lc,<code>&amp;ae;lc</code>,1,0.0017606
76,&aelig;r,<code>&amp;ae;r</code>,1,0.0017606
76,&eth;am,<code>&amp;d;am</code>,1,0.0017606
76,&thorn;&aelig;nce,<code>&amp;t;&amp;ae;nce</code>,1,0.0017606
76,&thorn;&aelig;s,<code>&amp;t;&amp;ae;s</code>,1,0.0017606
76,&thorn;as,<code>&amp;t;as</code>,1,0.0017606
76,&thorn;ine,<code>&amp;t;ine</code>,1,0.0017606
76,&thorn;ingum,<code>&amp;t;ingum</code>,1,0.0017606
76,&thorn;inre,<code>&amp;t;inre</code>,1,0.0017606
76,&thorn;inum,<code>&amp;t;inum</code>,1,0.0017606
76,&thorn;ira,<code>&amp;t;ira</code>,1,0.0017606
76,&thorn;is,<code>&amp;t;is</code>,1,0.0017606
76,&thorn;on,<code>&amp;t;on</code>,1,0.0017606
76,&thorn;us,<code>&amp;t;us</code>,1,0.0017606
76,abelh,<code>abelh</code>,1,0.0017606
76,agene,<code>agene</code>,1,0.0017606
76,agimeleasige,<code>agimeleasige</code>,1,0.0017606
76,ana,<code>ana</code>,1,0.0017606
76,andr&aelig;danne,<code>andr&amp;ae;danne</code>,1,0.0017606
76,andweardan,<code>andweardan</code>,1,0.0017606
76,arleasa,<code>arleasa</code>,1,0.0017606
76,bearn,<code>bearn</code>,1,0.0017606
76,bebead,<code>bebead</code>,1,0.0017606
76,beforan,<code>beforan</code>,1,0.0017606
76,begen,<code>begen</code>,1,0.0017606
76,beon,<code>beon</code>,1,0.0017606
76,bereafie,<code>bereafie</code>,1,0.0017606
76,betweoxn,<code>betweoxn</code>,1,0.0017606
76,bicgan,<code>bicgan</code>,1,0.0017606
76,bide&eth;,<code>bide&amp;d;</code>,1,0.0017606
76,bringe&eth;,<code>bringe&amp;d;</code>,1,0.0017606
76,butan,<code>butan</code>,1,0.0017606
76,cim&eth;,<code>cim&amp;d;</code>,1,0.0017606
76,cleopa&eth;,<code>cleopa&amp;d;</code>,1,0.0017606
76,cristes,<code>cristes</code>,1,0.0017606
76,culfre,<code>culfre</code>,1,0.0017606
76,cym&eth;,<code>cym&amp;d;</code>,1,0.0017606
76,cyrde,<code>cyrde</code>,1,0.0017606
76,cyrringe,<code>cyrringe</code>,1,0.0017606
76,d&aelig;ges,<code>d&amp;ae;ges</code>,1,0.0017606
76,do,<code>do</code>,1,0.0017606
76,eald,<code>eald</code>,1,0.0017606
76,eallum,<code>eallum</code>,1,0.0017606
76,earce,<code>earce</code>,1,0.0017606
76,eawla,<code>eawla</code>,1,0.0017606
76,ecum,<code>ecum</code>,1,0.0017606
76,f&aelig;rlice,<code>f&amp;ae;rlice</code>,1,0.0017606
76,f&aelig;runga,<code>f&amp;ae;runga</code>,1,0.0017606
76,ferdea&eth;,<code>ferdea&amp;d;</code>,1,0.0017606
76,for&eth;on&thorn;e,<code>for&amp;d;on&amp;t;e</code>,1,0.0017606
76,for&thorn;on&thorn;e,<code>for&amp;t;on&amp;t;e</code>,1,0.0017606
76,forgifenan,<code>forgifenan</code>,1,0.0017606
76,forhwon,<code>forhwon</code>,1,0.0017606
76,forl&aelig;ta&eth;,<code>forl&amp;ae;ta&amp;d;</code>,1,0.0017606
76,forleasa&eth;,<code>forleasa&amp;d;</code>,1,0.0017606
76,forleosa&eth;,<code>forleosa&amp;d;</code>,1,0.0017606
76,fram,<code>fram</code>,1,0.0017606
76,fremde,<code>fremde</code>,1,0.0017606
76,from,<code>from</code>,1,0.0017606
76,fyrstmearc,<code>fyrstmearc</code>,1,0.0017606
76,ge&thorn;eode,<code>ge&amp;t;eode</code>,1,0.0017606
76,ge&thorn;oht,<code>ge&amp;t;oht</code>,1,0.0017606
76,gecirre,<code>gecirre</code>,1,0.0017606
76,gecweden,<code>gecweden</code>,1,0.0017606
76,gecyrde,<code>gecyrde</code>,1,0.0017606
76,gecyrrednysse,<code>gecyrrednysse</code>,1,0.0017606
76,geearnian,<code>geearnian</code>,1,0.0017606
76,gehate&eth;,<code>gehate&amp;d;</code>,1,0.0017606
76,geherest,<code>geherest</code>,1,0.0017606
76,gehwilc,<code>gehwilc</code>,1,0.0017606
76,gehwyrfe,<code>gehwyrfe</code>,1,0.0017606
76,gehwyrfednesse,<code>gehwyrfednesse</code>,1,0.0017606
76,gehyra&eth;,<code>gehyra&amp;d;</code>,1,0.0017606
76,gehyran,<code>gehyran</code>,1,0.0017606
76,gehyrest,<code>gehyrest</code>,1,0.0017606
76,gel&aelig;de&eth;,<code>gel&amp;ae;de&amp;d;</code>,1,0.0017606
76,geni&eth;rad,<code>geni&amp;d;rad</code>,1,0.0017606
76,genoh,<code>genoh</code>,1,0.0017606
76,georwenan,<code>georwenan</code>,1,0.0017606
76,ger&aelig;d,<code>ger&amp;ae;d</code>,1,0.0017606
76,get&aelig;san,<code>get&amp;ae;san</code>,1,0.0017606
76,gewritum,<code>gewritum</code>,1,0.0017606
76,geyld,<code>geyld</code>,1,0.0017606
76,godcundan,<code>godcundan</code>,1,0.0017606
76,godes,<code>godes</code>,1,0.0017606
76,godne,<code>godne</code>,1,0.0017606
76,godum,<code>godum</code>,1,0.0017606
76,hafast,<code>hafast</code>,1,0.0017606
76,hate&eth;,<code>hate&amp;d;</code>,1,0.0017606
76,heahsetle,<code>heahsetle</code>,1,0.0017606
76,her,<code>her</code>,1,0.0017606
76,hi,<code>hi</code>,1,0.0017606
76,holinga,<code>holinga</code>,1,0.0017606
76,hr&aelig;fen,<code>hr&amp;ae;fen</code>,1,0.0017606
76,hr&aelig;fnes,<code>hr&amp;ae;fnes</code>,1,0.0017606
76,hw&aelig;t,<code>hw&amp;ae;t</code>,1,0.0017606
76,hwilc,<code>hwilc</code>,1,0.0017606
76,hwylc,<code>hwylc</code>,1,0.0017606
76,l&aelig;s,<code>l&amp;ae;s</code>,1,0.0017606
76,lafe,<code>lafe</code>,1,0.0017606
76,langes,<code>langes</code>,1,0.0017606
76,lata,<code>lata</code>,1,0.0017606
76,late,<code>late</code>,1,0.0017606
76,leden,<code>leden</code>,1,0.0017606
76,leofast,<code>leofast</code>,1,0.0017606
76,leofest,<code>leofest</code>,1,0.0017606
76,lifes,<code>lifes</code>,1,0.0017606
76,losian,<code>losian</code>,1,0.0017606
76,losod,<code>losod</code>,1,0.0017606
76,me,<code>me</code>,1,0.0017606
76,mergenlican,<code>mergenlican</code>,1,0.0017606
76,miht,<code>miht</code>,1,0.0017606
76,mildheortness,<code>mildheortness</code>,1,0.0017606
76,mildheortnysse,<code>mildheortnysse</code>,1,0.0017606
76,min,<code>min</code>,1,0.0017606
76,mine,<code>mine</code>,1,0.0017606
76,n&aelig;nigne,<code>n&amp;ae;nigne</code>,1,0.0017606
76,n&aelig;s,<code>n&amp;ae;s</code>,1,0.0017606
76,nalles,<code>nalles</code>,1,0.0017606
76,nanre,<code>nanre</code>,1,0.0017606
76,nelt,<code>nelt</code>,1,0.0017606
76,nimest,<code>nimest</code>,1,0.0017606
76,no,<code>no</code>,1,0.0017606
76,noes,<code>noes</code>,1,0.0017606
76,nolde,<code>nolde</code>,1,0.0017606
76,nu&thorn;a,<code>nu&amp;t;a</code>,1,0.0017606
76,nyl&eth;,<code>nyl&amp;d;</code>,1,0.0017606
76,nylt,<code>nylt</code>,1,0.0017606
76,of,<code>of</code>,1,0.0017606
76,ondr&aelig;dest,<code>ondr&amp;ae;dest</code>,1,0.0017606
76,pleoh,<code>pleoh</code>,1,0.0017606
76,rena&eth;,<code>rena&amp;d;</code>,1,0.0017606
76,rice,<code>rice</code>,1,0.0017606
76,sawle,<code>sawle</code>,1,0.0017606
76,sceal,<code>sceal</code>,1,0.0017606
76,scealt,<code>scealt</code>,1,0.0017606
76,scort,<code>scort</code>,1,0.0017606
76,se&eth;e,<code>se&amp;d;e</code>,1,0.0017606
76,senna,<code>senna</code>,1,0.0017606
76,seos,<code>seos</code>,1,0.0017606
76,si,<code>si</code>,1,0.0017606
76,sind,<code>sind</code>,1,0.0017606
76,so&eth;lice,<code>so&amp;d;lice</code>,1,0.0017606
76,st&aelig;fn,<code>st&amp;ae;fn</code>,1,0.0017606
76,sunu,<code>sunu</code>,1,0.0017606
76,swa,<code>swa</code>,1,0.0017606
76,swelta&eth;,<code>swelta&amp;d;</code>,1,0.0017606
76,swi&eth;e,<code>swi&amp;d;e</code>,1,0.0017606
76,sylfne,<code>sylfne</code>,1,0.0017606
76,synfulla,<code>synfulla</code>,1,0.0017606
76,synfullan,<code>synfullan</code>,1,0.0017606
76,syngian,<code>syngian</code>,1,0.0017606
76,tod&aelig;g,<code>tod&amp;ae;g</code>,1,0.0017606
76,tod&aelig;ge,<code>tod&amp;ae;ge</code>,1,0.0017606
76,tomergen,<code>tomergen</code>,1,0.0017606
76,tomorgene,<code>tomorgene</code>,1,0.0017606
76,towearda,<code>towearda</code>,1,0.0017606
76,tun,<code>tun</code>,1,0.0017606
76,tweon,<code>tweon</code>,1,0.0017606
76,unhalwendlic,<code>unhalwendlic</code>,1,0.0017606
76,unrihtwisnesse,<code>unrihtwisnesse</code>,1,0.0017606
76,ure,<code>ure</code>,1,0.0017606
76,wa,<code>wa</code>,1,0.0017606
76,wacestan,<code>wacestan</code>,1,0.0017606
76,wegas,<code>wegas</code>,1,0.0017606
76,wenan,<code>wenan</code>,1,0.0017606
76,wene&eth;,<code>wene&amp;d;</code>,1,0.0017606
76,wif,<code>wif</code>,1,0.0017606
76,willa&eth;,<code>willa&amp;d;</code>,1,0.0017606
76,wille,<code>wille</code>,1,0.0017606
76,wilnast,<code>wilnast</code>,1,0.0017606
76,wit,<code>wit</code>,1,0.0017606
76,witum,<code>witum</code>,1,0.0017606
76,won,<code>won</code>,1,0.0017606
76,wylc,<code>wylc</code>,1,0.0017606
76,wyle,<code>wyle</code>,1,0.0017606
76,wyscest,<code>wyscest</code>,1,0.0017606
76,yfele,<code>yfele</code>,1,0.0017606
76,yld,<code>yld</code>,1,0.0017606
76,yldest,<code>yldest</code>,1,0.0017606
76,yldig,<code>yldig</code>,1,0.0017606
76,ymb,<code>ymb</code>,1,0.0017606
76,ytemesta,<code>ytemesta</code>,1,0.0017606
