B_Prose,B09,B09.001.003.001_CP__Cotton__T06570.txt,699,441,2116
RANK,HTML WORD,RAW WORD,COUNT,RELATIVE FREQUENCY
1,he,<code>he</code>,88,0.0415879
2,&eth;&aelig;t,<code>&amp;d;&amp;ae;t</code>,81,0.0382798
3,&amp;,<code>&amp;amp;</code>,76,0.0359168
4,&eth;onne,<code>&amp;d;onne</code>,49,0.0231569
5,&eth;&aelig;m,<code>&amp;d;&amp;ae;m</code>,43,0.0203214
6,on,<code>on</code>,38,0.0179584
7,&thorn;e,<code>&amp;t;e</code>,36,0.0170132
8,se,<code>se</code>,35,0.0165406
9,&eth;a,<code>&amp;d;a</code>,34,0.0160681
10,hit,<code>hit</code>,29,0.0137051
11,ne,<code>ne</code>,28,0.0132325
12,&eth;&aelig;re,<code>&amp;d;&amp;ae;re</code>,24,0.0113422
12,him,<code>him</code>,24,0.0113422
12,to,<code>to</code>,24,0.0113422
15,&eth;one,<code>&amp;d;one</code>,23,0.0108696
16,bi&eth;,<code>bi&amp;d;</code>,22,0.0103970
17,sw&aelig;,<code>sw&amp;ae;</code>,21,0.0099244
18,ac,<code>ac</code>,20,0.0094518
18,mid,<code>mid</code>,20,0.0094518
20,his,<code>his</code>,19,0.0089792
21,hie,<code>hie</code>,18,0.0085066
22,for&eth;&aelig;m,<code>for&amp;d;&amp;ae;m</code>,17,0.0080340
22,sio,<code>sio</code>,17,0.0080340
24,and,<code>and</code>,16,0.0075614
24,is,<code>is</code>,16,0.0075614
26,&eth;&aelig;s,<code>&amp;d;&amp;ae;s</code>,15,0.0070888
26,hiene,<code>hiene</code>,15,0.0070888
28,&aelig;r,<code>&amp;ae;r</code>,14,0.0066163
29,eft,<code>eft</code>,13,0.0061437
30,cw&aelig;&eth;,<code>cw&amp;ae;&amp;d;</code>,12,0.0056711
30,mon,<code>mon</code>,12,0.0056711
32,&eth;eah,<code>&amp;d;eah</code>,11,0.0051985
32,for,<code>for</code>,11,0.0051985
32,ge&eth;ylde,<code>ge&amp;d;ylde</code>,11,0.0051985
32,hiera,<code>hiera</code>,11,0.0051985
32,swi&eth;e,<code>swi&amp;d;e</code>,11,0.0051985
37,&thorn;a,<code>&amp;t;a</code>,10,0.0047259
37,be,<code>be</code>,10,0.0047259
37,ge&eth;yld,<code>ge&amp;d;yld</code>,10,0.0047259
37,mod,<code>mod</code>,10,0.0047259
41,&eth;&aelig;tte,<code>&amp;d;&amp;ae;tte</code>,9,0.0042533
41,hw&aelig;t,<code>hw&amp;ae;t</code>,9,0.0042533
41,m&aelig;g,<code>m&amp;ae;g</code>,9,0.0042533
44,gif,<code>gif</code>,8,0.0037807
44,h&aelig;f&eth;,<code>h&amp;ae;f&amp;d;</code>,8,0.0037807
44,m&aelig;ge,<code>m&amp;ae;ge</code>,8,0.0037807
44,sie,<code>sie</code>,8,0.0037807
48,&eth;urh,<code>&amp;d;urh</code>,7,0.0033081
48,godes,<code>godes</code>,7,0.0033081
48,swelce,<code>swelce</code>,7,0.0033081
48,unge&eth;ylde,<code>unge&amp;d;ylde</code>,7,0.0033081
48,we,<code>we</code>,7,0.0033081
53,&eth;&aelig;r,<code>&amp;d;&amp;ae;r</code>,6,0.0028355
53,&eth;e,<code>&amp;d;e</code>,6,0.0028355
53,&eth;u,<code>&amp;d;u</code>,6,0.0028355
53,&eth;y,<code>&amp;d;y</code>,6,0.0028355
53,ge&eth;yldegan,<code>ge&amp;d;yldegan</code>,6,0.0028355
53,gode,<code>gode</code>,6,0.0028355
53,mode,<code>mode</code>,6,0.0028355
53,o&eth;&eth;e,<code>o&amp;d;&amp;d;e</code>,6,0.0028355
53,unge&eth;yldegan,<code>unge&amp;d;yldegan</code>,6,0.0028355
53,w&aelig;s,<code>w&amp;ae;s</code>,6,0.0028355
63,&aelig;fter,<code>&amp;ae;fter</code>,5,0.0023629
63,anwald,<code>anwald</code>,5,0.0023629
63,eac,<code>eac</code>,5,0.0023629
63,godan,<code>godan</code>,5,0.0023629
63,lac,<code>lac</code>,5,0.0023629
63,monna,<code>monna</code>,5,0.0023629
63,nan,<code>nan</code>,5,0.0023629
63,oft,<code>oft</code>,5,0.0023629
63,scande,<code>scande</code>,5,0.0023629
63,si&eth;&eth;an,<code>si&amp;d;&amp;d;an</code>,5,0.0023629
63,sint,<code>sint</code>,5,0.0023629
63,wier&eth;,<code>wier&amp;d;</code>,5,0.0023629
63,wind,<code>wind</code>,5,0.0023629
76,&aelig;lc,<code>&amp;ae;lc</code>,4,0.0018904
76,&aelig;rest,<code>&amp;ae;rest</code>,4,0.0018904
76,&eth;yl&aelig;s,<code>&amp;d;yl&amp;ae;s</code>,4,0.0018904
76,beforan,<code>beforan</code>,4,0.0018904
76,beo&eth;,<code>beo&amp;d;</code>,4,0.0018904
76,buton,<code>buton</code>,4,0.0018904
76,eall,<code>eall</code>,4,0.0018904
76,eow,<code>eow</code>,4,0.0018904
76,forl&aelig;t,<code>forl&amp;ae;t</code>,4,0.0018904
76,ge,<code>ge</code>,4,0.0018904
76,ge&eth;yldelice,<code>ge&amp;d;yldelice</code>,4,0.0018904
76,gebyre&eth;,<code>gebyre&amp;d;</code>,4,0.0018904
76,h&aelig;bbe,<code>h&amp;ae;bbe</code>,4,0.0018904
76,h&aelig;fde,<code>h&amp;ae;fde</code>,4,0.0018904
76,holh,<code>holh</code>,4,0.0018904
76,hr&aelig;dlice,<code>hr&amp;ae;dlice</code>,4,0.0018904
76,hu,<code>hu</code>,4,0.0018904
76,lufe,<code>lufe</code>,4,0.0018904
76,meahte,<code>meahte</code>,4,0.0018904
76,micle,<code>micle</code>,4,0.0018904
76,modes,<code>modes</code>,4,0.0018904
76,o&eth;erne,<code>o&amp;d;erne</code>,4,0.0018904
76,o&eth;re,<code>o&amp;d;re</code>,4,0.0018904
76,sige,<code>sige</code>,4,0.0018904
76,weobud,<code>weobud</code>,4,0.0018904
76,weobude,<code>weobude</code>,4,0.0018904
76,weorc,<code>weorc</code>,4,0.0018904
76,yfel,<code>yfel</code>,4,0.0018904
104,&aelig;,<code>&amp;ae;</code>,3,0.0014178
104,agen,<code>agen</code>,3,0.0014178
104,awriten,<code>awriten</code>,3,0.0014178
104,beam,<code>beam</code>,3,0.0014178
104,bitt,<code>bitt</code>,3,0.0014178
104,ci&eth;,<code>ci&amp;d;</code>,3,0.0014178
104,de&eth;,<code>de&amp;d;</code>,3,0.0014178
104,dioful,<code>dioful</code>,3,0.0014178
104,dryhten,<code>dryhten</code>,3,0.0014178
104,eagan,<code>eagan</code>,3,0.0014178
104,for&eth;&aelig;m&thorn;e,<code>for&amp;d;&amp;ae;m&amp;t;e</code>,3,0.0014178
104,forb&aelig;r,<code>forb&amp;ae;r</code>,3,0.0014178
104,forgifnesse,<code>forgifnesse</code>,3,0.0014178
104,forl&aelig;te,<code>forl&amp;ae;te</code>,3,0.0014178
104,from,<code>from</code>,3,0.0014178
104,ge&eth;yldega,<code>ge&amp;d;yldega</code>,3,0.0014178
104,ge&eth;yldgian,<code>ge&amp;d;yldgian</code>,3,0.0014178
104,gefeohte,<code>gefeohte</code>,3,0.0014178
104,gehieren,<code>gehieren</code>,3,0.0014178
104,gesceadwisnes,<code>gesceadwisnes</code>,3,0.0014178
104,heortan,<code>heortan</code>,3,0.0014178
104,lufian,<code>lufian</code>,3,0.0014178
104,lufu,<code>lufu</code>,3,0.0014178
104,lytel,<code>lytel</code>,3,0.0014178
104,man,<code>man</code>,3,0.0014178
104,manianne,<code>manianne</code>,3,0.0014178
104,meaht,<code>meaht</code>,3,0.0014178
104,o&eth;res,<code>o&amp;d;res</code>,3,0.0014178
104,ryhtlice,<code>ryhtlice</code>,3,0.0014178
104,sceolde,<code>sceolde</code>,3,0.0014178
104,selfra,<code>selfra</code>,3,0.0014178
104,styringe,<code>styringe</code>,3,0.0014178
104,t&aelig;l,<code>t&amp;ae;l</code>,3,0.0014178
104,timan,<code>timan</code>,3,0.0014178
104,un&eth;eawe,<code>un&amp;d;eawe</code>,3,0.0014178
104,uppan,<code>uppan</code>,3,0.0014178
104,ure,<code>ure</code>,3,0.0014178
104,wat,<code>wat</code>,3,0.0014178
104,willa,<code>willa</code>,3,0.0014178
104,willan,<code>willan</code>,3,0.0014178
144,&aelig;lces,<code>&amp;ae;lces</code>,2,0.0009452
144,&aelig;tiewde,<code>&amp;ae;tiewde</code>,2,0.0009452
144,&eth;ines,<code>&amp;d;ines</code>,2,0.0009452
144,&eth;inum,<code>&amp;d;inum</code>,2,0.0009452
144,&eth;urhtogen,<code>&amp;d;urhtogen</code>,2,0.0009452
144,all,<code>all</code>,2,0.0009452
144,altere,<code>altere</code>,2,0.0009452
144,an,<code>an</code>,2,0.0009452
144,anre,<code>anre</code>,2,0.0009452
144,awecggean,<code>awecggean</code>,2,0.0009452
144,beboden,<code>beboden</code>,2,0.0009452
144,beon,<code>beon</code>,2,0.0009452
144,betra,<code>betra</code>,2,0.0009452
144,bismer,<code>bismer</code>,2,0.0009452
144,bocum,<code>bocum</code>,2,0.0009452
144,bro&eth;ur,<code>bro&amp;d;ur</code>,2,0.0009452
144,broht,<code>broht</code>,2,0.0009452
144,burg,<code>burg</code>,2,0.0009452
144,byr&eth;enne,<code>byr&amp;d;enne</code>,2,0.0009452
144,cr&aelig;ft,<code>cr&amp;ae;ft</code>,2,0.0009452
144,digollice,<code>digollice</code>,2,0.0009452
144,do,<code>do</code>,2,0.0009452
144,do&eth;,<code>do&amp;d;</code>,2,0.0009452
144,eagum,<code>eagum</code>,2,0.0009452
144,eal,<code>eal</code>,2,0.0009452
144,ealle,<code>ealle</code>,2,0.0009452
144,ealra,<code>ealra</code>,2,0.0009452
144,elne,<code>elne</code>,2,0.0009452
144,eower,<code>eower</code>,2,0.0009452
144,eowrum,<code>eowrum</code>,2,0.0009452
144,f&aelig;ste,<code>f&amp;ae;ste</code>,2,0.0009452
144,forberan,<code>forberan</code>,2,0.0009452
144,forgifan,<code>forgifan</code>,2,0.0009452
144,forl&aelig;ta&eth;,<code>forl&amp;ae;ta&amp;d;</code>,2,0.0009452
144,forleose,<code>forleose</code>,2,0.0009452
144,ge&eth;yldig,<code>ge&amp;d;yldig</code>,2,0.0009452
144,geclibs,<code>geclibs</code>,2,0.0009452
144,gecweden,<code>gecweden</code>,2,0.0009452
144,gedon,<code>gedon</code>,2,0.0009452
144,gedrefednes,<code>gedrefednes</code>,2,0.0009452
144,gefeoht,<code>gefeoht</code>,2,0.0009452
144,gehealdan,<code>gehealdan</code>,2,0.0009452
144,geopena&eth;,<code>geopena&amp;d;</code>,2,0.0009452
144,gesett,<code>gesett</code>,2,0.0009452
144,gilpes,<code>gilpes</code>,2,0.0009452
144,god,<code>god</code>,2,0.0009452
144,godra,<code>godra</code>,2,0.0009452
144,hierde,<code>hierde</code>,2,0.0009452
144,hw&aelig;&eth;er,<code>hw&amp;ae;&amp;d;er</code>,2,0.0009452
144,hwonne,<code>hwonne</code>,2,0.0009452
144,inge&eth;onc,<code>inge&amp;d;onc</code>,2,0.0009452
144,inge&eth;once,<code>inge&amp;d;once</code>,2,0.0009452
144,inge&eth;onces,<code>inge&amp;d;onces</code>,2,0.0009452
144,innan,<code>innan</code>,2,0.0009452
144,iu,<code>iu</code>,2,0.0009452
144,l&aelig;r&eth;,<code>l&amp;ae;r&amp;d;</code>,2,0.0009452
144,l&aelig;ran,<code>l&amp;ae;ran</code>,2,0.0009452
144,lare,<code>lare</code>,2,0.0009452
144,licet,<code>licet</code>,2,0.0009452
144,lichoman,<code>lichoman</code>,2,0.0009452
144,liofre,<code>liofre</code>,2,0.0009452
144,lytega,<code>lytega</code>,2,0.0009452
144,magon,<code>magon</code>,2,0.0009452
144,mare,<code>mare</code>,2,0.0009452
144,men,<code>men</code>,2,0.0009452
144,micel,<code>micel</code>,2,0.0009452
144,modur,<code>modur</code>,2,0.0009452
144,monnum,<code>monnum</code>,2,0.0009452
144,n&aelig;f&eth;,<code>n&amp;ae;f&amp;d;</code>,2,0.0009452
144,nanne,<code>nanne</code>,2,0.0009452
144,ni&eth;e,<code>ni&amp;d;e</code>,2,0.0009452
144,o&eth;erra,<code>o&amp;d;erra</code>,2,0.0009452
144,of,<code>of</code>,2,0.0009452
144,of&eth;ync&eth;,<code>of&amp;d;ync&amp;d;</code>,2,0.0009452
144,ofercym&eth;,<code>ofercym&amp;d;</code>,2,0.0009452
144,oftost,<code>oftost</code>,2,0.0009452
144,on&aelig;led,<code>on&amp;ae;led</code>,2,0.0009452
144,ongean,<code>ongean</code>,2,0.0009452
144,ongietan,<code>ongietan</code>,2,0.0009452
144,ongin&eth;,<code>ongin&amp;d;</code>,2,0.0009452
144,paulus,<code>paulus</code>,2,0.0009452
144,sanctus,<code>sanctus</code>,2,0.0009452
144,saula,<code>saula</code>,2,0.0009452
144,sceal,<code>sceal</code>,2,0.0009452
144,sceoldon,<code>sceoldon</code>,2,0.0009452
144,sculon,<code>sculon</code>,2,0.0009452
144,scyfe,<code>scyfe</code>,2,0.0009452
144,scylde,<code>scylde</code>,2,0.0009452
144,sec&eth;,<code>sec&amp;d;</code>,2,0.0009452
144,secge,<code>secge</code>,2,0.0009452
144,self,<code>self</code>,2,0.0009452
144,selfne,<code>selfne</code>,2,0.0009452
144,selfum,<code>selfum</code>,2,0.0009452
144,so&eth;f&aelig;stnes,<code>so&amp;d;f&amp;ae;stnes</code>,2,0.0009452
144,spon,<code>spon</code>,2,0.0009452
144,sume,<code>sume</code>,2,0.0009452
144,swi&eth;ur,<code>swi&amp;d;ur</code>,2,0.0009452
144,tacna&eth;,<code>tacna&amp;d;</code>,2,0.0009452
144,unnyt,<code>unnyt</code>,2,0.0009452
144,uppe,<code>uppe</code>,2,0.0009452
144,us,<code>us</code>,2,0.0009452
144,utadrif&eth;,<code>utadrif&amp;d;</code>,2,0.0009452
144,utan,<code>utan</code>,2,0.0009452
144,wel,<code>wel</code>,2,0.0009452
144,wene,<code>wene</code>,2,0.0009452
144,went,<code>went</code>,2,0.0009452
144,wer,<code>wer</code>,2,0.0009452
144,wi&eth;,<code>wi&amp;d;</code>,2,0.0009452
144,wisa,<code>wisa</code>,2,0.0009452
144,wisan,<code>wisan</code>,2,0.0009452
144,wordum,<code>wordum</code>,2,0.0009452
144,wyrs,<code>wyrs</code>,2,0.0009452
144,yfela,<code>yfela</code>,2,0.0009452
144,yfelan,<code>yfelan</code>,2,0.0009452
144,yfles,<code>yfles</code>,2,0.0009452
259,&aelig;&eth;ela,<code>&amp;ae;&amp;d;ela</code>,1,0.0004726
259,&aelig;ghwelc,<code>&amp;ae;ghwelc</code>,1,0.0004726
259,&aelig;ghwelces,<code>&amp;ae;ghwelces</code>,1,0.0004726
259,&aelig;lcre,<code>&amp;ae;lcre</code>,1,0.0004726
259,&aelig;nigra,<code>&amp;ae;nigra</code>,1,0.0004726
259,&aelig;r&eth;on,<code>&amp;ae;r&amp;d;on</code>,1,0.0004726
259,&aelig;rran,<code>&amp;ae;rran</code>,1,0.0004726
259,&aelig;t,<code>&amp;ae;t</code>,1,0.0004726
259,&eth;&aelig;rinne,<code>&amp;d;&amp;ae;rinne</code>,1,0.0004726
259,&eth;ara,<code>&amp;d;ara</code>,1,0.0004726
259,&eth;as,<code>&amp;d;as</code>,1,0.0004726
259,&eth;eahtigende,<code>&amp;d;eahtigende</code>,1,0.0004726
259,&eth;enc&eth;,<code>&amp;d;enc&amp;d;</code>,1,0.0004726
259,&eth;isse,<code>&amp;d;isse</code>,1,0.0004726
259,&eth;olianne,<code>&amp;d;olianne</code>,1,0.0004726
259,&eth;onon,<code>&amp;d;onon</code>,1,0.0004726
259,&eth;reata&eth;,<code>&amp;d;reata&amp;d;</code>,1,0.0004726
259,&eth;ristra,<code>&amp;d;ristra</code>,1,0.0004726
259,&eth;urhteah,<code>&amp;d;urhteah</code>,1,0.0004726
259,&eth;us,<code>&amp;d;us</code>,1,0.0004726
259,&eth;weora,<code>&amp;d;weora</code>,1,0.0004726
259,&eth;yllecan,<code>&amp;d;yllecan</code>,1,0.0004726
259,&eth;ysne,<code>&amp;d;ysne</code>,1,0.0004726
259,abealg,<code>abealg</code>,1,0.0004726
259,abryc&eth;,<code>abryc&amp;d;</code>,1,0.0004726
259,adle,<code>adle</code>,1,0.0004726
259,ado,<code>ado</code>,1,0.0004726
259,adon,<code>adon</code>,1,0.0004726
259,agimeleasien,<code>agimeleasien</code>,1,0.0004726
259,agnan,<code>agnan</code>,1,0.0004726
259,agnum,<code>agnum</code>,1,0.0004726
259,agon,<code>agon</code>,1,0.0004726
259,aholodne,<code>aholodne</code>,1,0.0004726
259,alter,<code>alter</code>,1,0.0004726
259,andfengeost,<code>andfengeost</code>,1,0.0004726
259,ane,<code>ane</code>,1,0.0004726
259,anmodnesse,<code>anmodnesse</code>,1,0.0004726
259,anumen,<code>anumen</code>,1,0.0004726
259,anwealglice,<code>anwealglice</code>,1,0.0004726
259,ascrencte,<code>ascrencte</code>,1,0.0004726
259,astired,<code>astired</code>,1,0.0004726
259,astyred,<code>astyred</code>,1,0.0004726
259,astyrige,<code>astyrige</code>,1,0.0004726
259,auht,<code>auht</code>,1,0.0004726
259,aweorp,<code>aweorp</code>,1,0.0004726
259,behealden,<code>behealden</code>,1,0.0004726
259,behwirfed,<code>behwirfed</code>,1,0.0004726
259,belocene,<code>belocene</code>,1,0.0004726
259,belyc&eth;,<code>belyc&amp;d;</code>,1,0.0004726
259,bere,<code>bere</code>,1,0.0004726
259,beswican,<code>beswican</code>,1,0.0004726
259,beswice,<code>beswice</code>,1,0.0004726
259,betweohxn,<code>betweohxn</code>,1,0.0004726
259,betweox,<code>betweox</code>,1,0.0004726
259,bio,<code>bio</code>,1,0.0004726
259,bio&eth;,<code>bio&amp;d;</code>,1,0.0004726
259,bion,<code>bion</code>,1,0.0004726
259,bismere,<code>bismere</code>,1,0.0004726
259,bogas,<code>bogas</code>,1,0.0004726
259,brad,<code>brad</code>,1,0.0004726
259,brohte,<code>brohte</code>,1,0.0004726
259,burgum,<code>burgum</code>,1,0.0004726
259,burhware,<code>burhware</code>,1,0.0004726
259,butan,<code>butan</code>,1,0.0004726
259,cii&eth;,<code>cii&amp;d;</code>,1,0.0004726
259,cirre,<code>cirre</code>,1,0.0004726
259,cl&aelig;num,<code>cl&amp;ae;num</code>,1,0.0004726
259,clif,<code>clif</code>,1,0.0004726
259,come,<code>come</code>,1,0.0004726
259,costunga,<code>costunga</code>,1,0.0004726
259,cr&aelig;fte,<code>cr&amp;ae;fte</code>,1,0.0004726
259,cr&aelig;ftes,<code>cr&amp;ae;ftes</code>,1,0.0004726
259,cume,<code>cume</code>,1,0.0004726
259,cunna,<code>cunna</code>,1,0.0004726
259,cw&aelig;de,<code>cw&amp;ae;de</code>,1,0.0004726
259,cwide,<code>cwide</code>,1,0.0004726
259,cwyde,<code>cwyde</code>,1,0.0004726
259,cy&eth;an,<code>cy&amp;d;an</code>,1,0.0004726
259,cy&eth;anne,<code>cy&amp;d;anne</code>,1,0.0004726
259,cym&eth;,<code>cym&amp;d;</code>,1,0.0004726
259,d&aelig;dum,<code>d&amp;ae;dum</code>,1,0.0004726
259,d&aelig;ge,<code>d&amp;ae;ge</code>,1,0.0004726
259,demm,<code>demm</code>,1,0.0004726
259,diegellice,<code>diegellice</code>,1,0.0004726
259,digelice,<code>digelice</code>,1,0.0004726
259,diofle,<code>diofle</code>,1,0.0004726
259,diofles,<code>diofles</code>,1,0.0004726
259,domes,<code>domes</code>,1,0.0004726
259,don,<code>don</code>,1,0.0004726
259,dysega,<code>dysega</code>,1,0.0004726
259,eahta&eth;,<code>eahta&amp;d;</code>,1,0.0004726
259,ealdan,<code>ealdan</code>,1,0.0004726
259,eallinga,<code>eallinga</code>,1,0.0004726
259,ealne,<code>ealne</code>,1,0.0004726
259,ealre,<code>ealre</code>,1,0.0004726
259,edcir,<code>edcir</code>,1,0.0004726
259,ege,<code>ege</code>,1,0.0004726
259,ehta&eth;,<code>ehta&amp;d;</code>,1,0.0004726
259,elles,<code>elles</code>,1,0.0004726
259,emne,<code>emne</code>,1,0.0004726
259,eowra,<code>eowra</code>,1,0.0004726
259,eowre,<code>eowre</code>,1,0.0004726
259,ezechiele,<code>ezechiele</code>,1,0.0004726
259,f&aelig;ce,<code>f&amp;ae;ce</code>,1,0.0004726
259,f&aelig;genige,<code>f&amp;ae;genige</code>,1,0.0004726
259,f&aelig;str&aelig;dan,<code>f&amp;ae;str&amp;ae;dan</code>,1,0.0004726
259,fefres,<code>fefres</code>,1,0.0004726
259,felda,<code>felda</code>,1,0.0004726
259,feond,<code>feond</code>,1,0.0004726
259,feoung,<code>feoung</code>,1,0.0004726
259,fiend,<code>fiend</code>,1,0.0004726
259,fire,<code>fire</code>,1,0.0004726
259,folce,<code>folce</code>,1,0.0004726
259,folneah,<code>folneah</code>,1,0.0004726
259,for&eth;on,<code>for&amp;d;on</code>,1,0.0004726
259,forb&aelig;rn&eth;,<code>forb&amp;ae;rn&amp;d;</code>,1,0.0004726
259,forb&aelig;rndu,<code>forb&amp;ae;rndu</code>,1,0.0004726
259,forbere,<code>forbere</code>,1,0.0004726
259,forceorfan,<code>forceorfan</code>,1,0.0004726
259,fore&eth;onclice,<code>fore&amp;d;onclice</code>,1,0.0004726
259,forgeaf,<code>forgeaf</code>,1,0.0004726
259,forgeald,<code>forgeald</code>,1,0.0004726
259,forgiefa&eth;,<code>forgiefa&amp;d;</code>,1,0.0004726
259,forgiefen,<code>forgiefen</code>,1,0.0004726
259,forgiefendan,<code>forgiefendan</code>,1,0.0004726
259,forgielde,<code>forgielde</code>,1,0.0004726
259,forgifen,<code>forgifen</code>,1,0.0004726
259,forhele,<code>forhele</code>,1,0.0004726
259,forl&aelig;ten,<code>forl&amp;ae;ten</code>,1,0.0004726
259,forlett,<code>forlett</code>,1,0.0004726
259,forman,<code>forman</code>,1,0.0004726
259,forsewen,<code>forsewen</code>,1,0.0004726
259,forsion,<code>forsion</code>,1,0.0004726
259,fortr&aelig;de,<code>fortr&amp;ae;de</code>,1,0.0004726
259,fostermodur,<code>fostermodur</code>,1,0.0004726
259,fram,<code>fram</code>,1,0.0004726
259,fremde,<code>fremde</code>,1,0.0004726
259,fruman,<code>fruman</code>,1,0.0004726
259,fullfremma&eth;,<code>fullfremma&amp;d;</code>,1,0.0004726
259,fyre,<code>fyre</code>,1,0.0004726
259,fyrste,<code>fyrste</code>,1,0.0004726
259,g&aelig;&eth;,<code>g&amp;ae;&amp;d;</code>,1,0.0004726
259,gast,<code>gast</code>,1,0.0004726
259,ge&eth;olian,<code>ge&amp;d;olian</code>,1,0.0004726
259,ge&eth;olige,<code>ge&amp;d;olige</code>,1,0.0004726
259,ge&eth;reatod,<code>ge&amp;d;reatod</code>,1,0.0004726
259,ge&eth;yldegestan,<code>ge&amp;d;yldegestan</code>,1,0.0004726
259,geb&aelig;r&eth;,<code>geb&amp;ae;r&amp;d;</code>,1,0.0004726
259,gebidda&eth;,<code>gebidda&amp;d;</code>,1,0.0004726
259,gebindan,<code>gebindan</code>,1,0.0004726
259,gebreng&eth;,<code>gebreng&amp;d;</code>,1,0.0004726
259,gebridligen,<code>gebridligen</code>,1,0.0004726
259,gebunden,<code>gebunden</code>,1,0.0004726
259,gecafstrod,<code>gecafstrod</code>,1,0.0004726
259,gecorenra,<code>gecorenra</code>,1,0.0004726
259,gecorenum,<code>gecorenum</code>,1,0.0004726
259,gedref&eth;,<code>gedref&amp;d;</code>,1,0.0004726
259,gedyde,<code>gedyde</code>,1,0.0004726
259,geea&eth;modega&eth;,<code>geea&amp;d;modega&amp;d;</code>,1,0.0004726
259,geeacna&eth;,<code>geeacna&amp;d;</code>,1,0.0004726
259,gef&aelig;stnige,<code>gef&amp;ae;stnige</code>,1,0.0004726
259,gefeohta&eth;,<code>gefeohta&amp;d;</code>,1,0.0004726
259,gefon,<code>gefon</code>,1,0.0004726
259,gefredan,<code>gefredan</code>,1,0.0004726
259,gefylle,<code>gefylle</code>,1,0.0004726
259,gegan,<code>gegan</code>,1,0.0004726
259,gegremed,<code>gegremed</code>,1,0.0004726
259,gehealda&eth;,<code>gehealda&amp;d;</code>,1,0.0004726
259,gehielt,<code>gehielt</code>,1,0.0004726
259,gehiere,<code>gehiere</code>,1,0.0004726
259,geholpen,<code>geholpen</code>,1,0.0004726
259,gehreowe,<code>gehreowe</code>,1,0.0004726
259,gehreowe&eth;,<code>gehreowe&amp;d;</code>,1,0.0004726
259,gel&aelig;red,<code>gel&amp;ae;red</code>,1,0.0004726
259,geleanian,<code>geleanian</code>,1,0.0004726
259,gelicran,<code>gelicran</code>,1,0.0004726
259,gemon,<code>gemon</code>,1,0.0004726
259,geniet,<code>geniet</code>,1,0.0004726
259,geoc,<code>geoc</code>,1,0.0004726
259,georne,<code>georne</code>,1,0.0004726
259,gesceafte,<code>gesceafte</code>,1,0.0004726
259,gesceapene,<code>gesceapene</code>,1,0.0004726
259,gescent,<code>gescent</code>,1,0.0004726
259,gesion,<code>gesion</code>,1,0.0004726
259,gesticced,<code>gesticced</code>,1,0.0004726
259,gestilled,<code>gestilled</code>,1,0.0004726
259,getacna&eth;,<code>getacna&amp;d;</code>,1,0.0004726
259,getrymmen,<code>getrymmen</code>,1,0.0004726
259,geweald,<code>geweald</code>,1,0.0004726
259,gewent,<code>gewent</code>,1,0.0004726
259,gewiel&eth;,<code>gewiel&amp;d;</code>,1,0.0004726
259,gewierpten,<code>gewierpten</code>,1,0.0004726
259,gewildne,<code>gewildne</code>,1,0.0004726
259,gewilt,<code>gewilt</code>,1,0.0004726
259,gewin&eth;,<code>gewin&amp;d;</code>,1,0.0004726
259,gewinn,<code>gewinn</code>,1,0.0004726
259,gewit,<code>gewit</code>,1,0.0004726
259,gewitt,<code>gewitt</code>,1,0.0004726
259,geworht,<code>geworht</code>,1,0.0004726
259,gewrecan,<code>gewrecan</code>,1,0.0004726
259,gewrecene,<code>gewrecene</code>,1,0.0004726
259,gewunnenne,<code>gewunnenne</code>,1,0.0004726
259,geypt,<code>geypt</code>,1,0.0004726
259,giemeliste,<code>giemeliste</code>,1,0.0004726
259,gilpe,<code>gilpe</code>,1,0.0004726
259,gilpen,<code>gilpen</code>,1,0.0004726
259,gilpna,<code>gilpna</code>,1,0.0004726
259,gilpnan,<code>gilpnan</code>,1,0.0004726
259,git,<code>git</code>,1,0.0004726
259,gnorniende,<code>gnorniende</code>,1,0.0004726
259,goda,<code>goda</code>,1,0.0004726
259,greata,<code>greata</code>,1,0.0004726
259,greatan,<code>greatan</code>,1,0.0004726
259,greme&eth;,<code>greme&amp;d;</code>,1,0.0004726
259,h&aelig;fdon,<code>h&amp;ae;fdon</code>,1,0.0004726
259,habba&eth;,<code>habba&amp;d;</code>,1,0.0004726
259,habban,<code>habban</code>,1,0.0004726
259,hatedon,<code>hatedon</code>,1,0.0004726
259,hatheortnes,<code>hatheortnes</code>,1,0.0004726
259,healdan,<code>healdan</code>,1,0.0004726
259,heofoncundan,<code>heofoncundan</code>,1,0.0004726
259,hieremen,<code>hieremen</code>,1,0.0004726
259,hilt,<code>hilt</code>,1,0.0004726
259,hin&eth;,<code>hin&amp;d;</code>,1,0.0004726
259,hio,<code>hio</code>,1,0.0004726
259,hliepen,<code>hliepen</code>,1,0.0004726
259,hol,<code>hol</code>,1,0.0004726
259,hr&aelig;de,<code>hr&amp;ae;de</code>,1,0.0004726
259,hr&aelig;dwilnes,<code>hr&amp;ae;dwilnes</code>,1,0.0004726
259,hw&aelig;m,<code>hw&amp;ae;m</code>,1,0.0004726
259,hwelce,<code>hwelce</code>,1,0.0004726
259,hwelces,<code>hwelces</code>,1,0.0004726
259,hwile,<code>hwile</code>,1,0.0004726
259,hwilum,<code>hwilum</code>,1,0.0004726
259,hwonon,<code>hwonon</code>,1,0.0004726
259,ieldca&eth;,<code>ieldca&amp;d;</code>,1,0.0004726
259,ierre,<code>ierre</code>,1,0.0004726
259,ilcan,<code>ilcan</code>,1,0.0004726
259,inge&eth;oht,<code>inge&amp;d;oht</code>,1,0.0004726
259,inneran,<code>inneran</code>,1,0.0004726
259,kena,<code>kena</code>,1,0.0004726
259,l&aelig;gen,<code>l&amp;ae;gen</code>,1,0.0004726
259,l&aelig;rde,<code>l&amp;ae;rde</code>,1,0.0004726
259,l&aelig;s,<code>l&amp;ae;s</code>,1,0.0004726
259,l&aelig;ssan,<code>l&amp;ae;ssan</code>,1,0.0004726
259,l&aelig;t,<code>l&amp;ae;t</code>,1,0.0004726
259,l&aelig;ta&eth;,<code>l&amp;ae;ta&amp;d;</code>,1,0.0004726
259,la&eth;,<code>la&amp;d;</code>,1,0.0004726
259,lacum,<code>lacum</code>,1,0.0004726
259,lar,<code>lar</code>,1,0.0004726
259,lareow,<code>lareow</code>,1,0.0004726
259,lareowe,<code>lareowe</code>,1,0.0004726
259,lareowes,<code>lareowes</code>,1,0.0004726
259,legde,<code>legde</code>,1,0.0004726
259,leofre,<code>leofre</code>,1,0.0004726
259,leoge,<code>leoge</code>,1,0.0004726
259,leohtmodnesse,<code>leohtmodnesse</code>,1,0.0004726
259,leornunga,<code>leornunga</code>,1,0.0004726
259,licette,<code>licette</code>,1,0.0004726
259,licettere,<code>licettere</code>,1,0.0004726
259,licettunge,<code>licettunge</code>,1,0.0004726
259,lieg,<code>lieg</code>,1,0.0004726
259,long,<code>long</code>,1,0.0004726
259,longe,<code>longe</code>,1,0.0004726
259,longre,<code>longre</code>,1,0.0004726
259,lotwrencium,<code>lotwrencium</code>,1,0.0004726
259,lufan,<code>lufan</code>,1,0.0004726
259,lufia&eth;,<code>lufia&amp;d;</code>,1,0.0004726
259,lytelne,<code>lytelne</code>,1,0.0004726
259,lytlum,<code>lytlum</code>,1,0.0004726
259,m&aelig;gen,<code>m&amp;ae;gen</code>,1,0.0004726
259,m&aelig;gena,<code>m&amp;ae;gena</code>,1,0.0004726
259,m&aelig;genu,<code>m&amp;ae;genu</code>,1,0.0004726
259,man&eth;w&aelig;rnesse,<code>man&amp;d;w&amp;ae;rnesse</code>,1,0.0004726
259,manigenne,<code>manigenne</code>,1,0.0004726
259,mannum,<code>mannum</code>,1,0.0004726
259,mara,<code>mara</code>,1,0.0004726
259,mettrymnesse,<code>mettrymnesse</code>,1,0.0004726
259,micelne,<code>micelne</code>,1,0.0004726
259,micelre,<code>micelre</code>,1,0.0004726
259,miclan,<code>miclan</code>,1,0.0004726
259,milde,<code>milde</code>,1,0.0004726
259,mildheortnesse,<code>mildheortnesse</code>,1,0.0004726
259,mildu,<code>mildu</code>,1,0.0004726
259,monn,<code>monn</code>,1,0.0004726
259,monnan,<code>monnan</code>,1,0.0004726
259,monnes,<code>monnes</code>,1,0.0004726
259,mote,<code>mote</code>,1,0.0004726
259,murcunga,<code>murcunga</code>,1,0.0004726
259,n&aelig;bbe,<code>n&amp;ae;bbe</code>,1,0.0004726
259,n&aelig;fdon,<code>n&amp;ae;fdon</code>,1,0.0004726
259,n&aelig;re,<code>n&amp;ae;re</code>,1,0.0004726
259,na,<code>na</code>,1,0.0004726
259,nanwuht,<code>nanwuht</code>,1,0.0004726
259,no,<code>no</code>,1,0.0004726
259,nu,<code>nu</code>,1,0.0004726
259,nyte,<code>nyte</code>,1,0.0004726
259,o&eth;er,<code>o&amp;d;er</code>,1,0.0004726
259,o&eth;rum,<code>o&amp;d;rum</code>,1,0.0004726
259,ofer,<code>ofer</code>,1,0.0004726
259,ofercome,<code>ofercome</code>,1,0.0004726
259,ofercumen,<code>ofercumen</code>,1,0.0004726
259,oferswi&eth;an,<code>oferswi&amp;d;an</code>,1,0.0004726
259,oferswi&eth;e,<code>oferswi&amp;d;e</code>,1,0.0004726
259,oferswi&eth;ed,<code>oferswi&amp;d;ed</code>,1,0.0004726
259,ofman,<code>ofman</code>,1,0.0004726
259,ofrung,<code>ofrung</code>,1,0.0004726
259,ofrunga,<code>ofrunga</code>,1,0.0004726
259,ofsceotan,<code>ofsceotan</code>,1,0.0004726
259,ofslea,<code>ofslea</code>,1,0.0004726
259,ondrede,<code>ondrede</code>,1,0.0004726
259,onfunden,<code>onfunden</code>,1,0.0004726
259,onginne,<code>onginne</code>,1,0.0004726
259,onginne&eth;,<code>onginne&amp;d;</code>,1,0.0004726
259,onhreran,<code>onhreran</code>,1,0.0004726
259,onwald,<code>onwald</code>,1,0.0004726
259,openlice,<code>openlice</code>,1,0.0004726
259,openlicum,<code>openlicum</code>,1,0.0004726
259,openum,<code>openum</code>,1,0.0004726
259,paules,<code>paules</code>,1,0.0004726
259,rihtwisra,<code>rihtwisra</code>,1,0.0004726
259,ryhtwisa,<code>ryhtwisa</code>,1,0.0004726
259,s&aelig;cganne,<code>s&amp;ae;cganne</code>,1,0.0004726
259,s&aelig;cgeanne,<code>s&amp;ae;cgeanne</code>,1,0.0004726
259,s&aelig;g&eth;,<code>s&amp;ae;g&amp;d;</code>,1,0.0004726
259,s&aelig;ta&eth;,<code>s&amp;ae;ta&amp;d;</code>,1,0.0004726
259,salomones,<code>salomones</code>,1,0.0004726
259,sares,<code>sares</code>,1,0.0004726
259,sarga&eth;,<code>sarga&amp;d;</code>,1,0.0004726
259,sarig,<code>sarig</code>,1,0.0004726
259,saul,<code>saul</code>,1,0.0004726
259,saule,<code>saule</code>,1,0.0004726
259,scama&eth;,<code>scama&amp;d;</code>,1,0.0004726
259,sconde,<code>sconde</code>,1,0.0004726
259,scorene,<code>scorene</code>,1,0.0004726
259,scur,<code>scur</code>,1,0.0004726
259,scyld,<code>scyld</code>,1,0.0004726
259,scylda,<code>scylda</code>,1,0.0004726
259,secganne,<code>secganne</code>,1,0.0004726
259,seldon,<code>seldon</code>,1,0.0004726
259,selfe,<code>selfe</code>,1,0.0004726
259,sende,<code>sende</code>,1,0.0004726
259,seo,<code>seo</code>,1,0.0004726
259,siges,<code>siges</code>,1,0.0004726
259,slitan,<code>slitan</code>,1,0.0004726
259,smala,<code>smala</code>,1,0.0004726
259,smea&eth;,<code>smea&amp;d;</code>,1,0.0004726
259,sn&aelig;de,<code>sn&amp;ae;de</code>,1,0.0004726
259,so&eth;an,<code>so&amp;d;an</code>,1,0.0004726
259,so&eth;es,<code>so&amp;d;es</code>,1,0.0004726
259,sona,<code>sona</code>,1,0.0004726
259,spr&aelig;c,<code>spr&amp;ae;c</code>,1,0.0004726
259,spr&aelig;ce,<code>spr&amp;ae;ce</code>,1,0.0004726
259,sprecan,<code>sprecan</code>,1,0.0004726
259,st&aelig;lherigeas,<code>st&amp;ae;lherigeas</code>,1,0.0004726
259,sta&eth;oles,<code>sta&amp;d;oles</code>,1,0.0004726
259,sti&eth;an,<code>sti&amp;d;an</code>,1,0.0004726
259,stillum,<code>stillum</code>,1,0.0004726
259,stronga,<code>stronga</code>,1,0.0004726
259,strongra,<code>strongra</code>,1,0.0004726
259,styre&eth;,<code>styre&amp;d;</code>,1,0.0004726
259,sum,<code>sum</code>,1,0.0004726
259,sumum,<code>sumum</code>,1,0.0004726
259,sweotule,<code>sweotule</code>,1,0.0004726
259,swi&eth;or,<code>swi&amp;d;or</code>,1,0.0004726
259,swioran,<code>swioran</code>,1,0.0004726
259,tala&eth;,<code>tala&amp;d;</code>,1,0.0004726
259,teonan,<code>teonan</code>,1,0.0004726
259,tide,<code>tide</code>,1,0.0004726
259,timbrede,<code>timbrede</code>,1,0.0004726
259,tostencean,<code>tostencean</code>,1,0.0004726
259,tostencte,<code>tostencte</code>,1,0.0004726
259,toweorpe,<code>toweorpe</code>,1,0.0004726
259,towierp&eth;,<code>towierp&amp;d;</code>,1,0.0004726
259,towyrp&eth;,<code>towyrp&amp;d;</code>,1,0.0004726
259,twam,<code>twam</code>,1,0.0004726
259,tweon,<code>tweon</code>,1,0.0004726
259,ufan,<code>ufan</code>,1,0.0004726
259,un&eth;eawa,<code>un&amp;d;eawa</code>,1,0.0004726
259,unaberendlic,<code>unaberendlic</code>,1,0.0004726
259,under,<code>under</code>,1,0.0004726
259,unforgifne,<code>unforgifne</code>,1,0.0004726
259,unge&eth;yld,<code>unge&amp;d;yld</code>,1,0.0004726
259,unge&eth;yldega,<code>unge&amp;d;yldega</code>,1,0.0004726
259,unge&eth;yldegra,<code>unge&amp;d;yldegra</code>,1,0.0004726
259,unge&eth;yldegum,<code>unge&amp;d;yldegum</code>,1,0.0004726
259,ungebetta,<code>ungebetta</code>,1,0.0004726
259,ungemetlice,<code>ungemetlice</code>,1,0.0004726
259,ungerisna,<code>ungerisna</code>,1,0.0004726
259,ungewealdes,<code>ungewealdes</code>,1,0.0004726
259,ungewisses,<code>ungewisses</code>,1,0.0004726
259,ungleawlice,<code>ungleawlice</code>,1,0.0004726
259,unrhtwisan,<code>unrhtwisan</code>,1,0.0004726
259,unryhtum,<code>unryhtum</code>,1,0.0004726
259,unweor&eth;scipe,<code>unweor&amp;d;scipe</code>,1,0.0004726
259,unweor&eth;unga,<code>unweor&amp;d;unga</code>,1,0.0004726
259,unwillende,<code>unwillende</code>,1,0.0004726
259,unwrence,<code>unwrence</code>,1,0.0004726
259,ures,<code>ures</code>,1,0.0004726
259,urra,<code>urra</code>,1,0.0004726
259,urre,<code>urre</code>,1,0.0004726
259,utadrifen,<code>utadrifen</code>,1,0.0004726
259,utane,<code>utane</code>,1,0.0004726
259,uterran,<code>uterran</code>,1,0.0004726
259,w&aelig;ron,<code>w&amp;ae;ron</code>,1,0.0004726
259,waldan,<code>waldan</code>,1,0.0004726
259,wende,<code>wende</code>,1,0.0004726
259,weor&eth;a&eth;,<code>weor&amp;d;a&amp;d;</code>,1,0.0004726
259,weor&eth;licne,<code>weor&amp;d;licne</code>,1,0.0004726
259,weor&eth;scipe,<code>weor&amp;d;scipe</code>,1,0.0004726
259,weorca,<code>weorca</code>,1,0.0004726
259,weorce,<code>weorce</code>,1,0.0004726
259,weorces,<code>weorces</code>,1,0.0004726
259,wi&eth;erweard,<code>wi&amp;d;erweard</code>,1,0.0004726
259,wi&eth;erweardes,<code>wi&amp;d;erweardes</code>,1,0.0004726
259,wi&eth;erweardnesse,<code>wi&amp;d;erweardnesse</code>,1,0.0004726
259,wi&eth;stent,<code>wi&amp;d;stent</code>,1,0.0004726
259,wi&eth;win&eth;,<code>wi&amp;d;win&amp;d;</code>,1,0.0004726
259,wiersan,<code>wiersan</code>,1,0.0004726
259,wietan,<code>wietan</code>,1,0.0004726
259,wighusum,<code>wighusum</code>,1,0.0004726
259,wihst,<code>wihst</code>,1,0.0004726
259,wille,<code>wille</code>,1,0.0004726
259,wilna&eth;,<code>wilna&amp;d;</code>,1,0.0004726
259,wilnast,<code>wilnast</code>,1,0.0004726
259,wilnige,<code>wilnige</code>,1,0.0004726
259,wiobud,<code>wiobud</code>,1,0.0004726
259,wisdomes,<code>wisdomes</code>,1,0.0004726
259,wite,<code>wite</code>,1,0.0004726
259,witgan,<code>witgan</code>,1,0.0004726
259,worhte,<code>worhte</code>,1,0.0004726
259,worlde,<code>worlde</code>,1,0.0004726
259,wr&aelig;ce,<code>wr&amp;ae;ce</code>,1,0.0004726
259,wrece,<code>wrece</code>,1,0.0004726
259,wunderlice,<code>wunderlice</code>,1,0.0004726
259,wyr&eth;e,<code>wyr&amp;d;e</code>,1,0.0004726
259,wyrtruman,<code>wyrtruman</code>,1,0.0004726
259,wysc&eth;,<code>wysc&amp;d;</code>,1,0.0004726
259,yfeles,<code>yfeles</code>,1,0.0004726
259,yflan,<code>yflan</code>,1,0.0004726
259,yflu,<code>yflu</code>,1,0.0004726
