B_Prose,B09,B09.005.003_GDPref_2__C__T06730.txt,258,206,445
RANK,HTML WORD,RAW WORD,COUNT,RELATIVE FREQUENCY
1,&amp;,<code>&amp;amp;</code>,26,0.0584270
2,he,<code>he</code>,18,0.0404494
3,&thorn;a,<code>&amp;t;a</code>,17,0.0382022
4,se,<code>se</code>,13,0.0292135
5,his,<code>his</code>,11,0.0247191
5,w&aelig;s,<code>w&amp;ae;s</code>,11,0.0247191
7,&thorn;am,<code>&amp;t;am</code>,8,0.0179775
8,&thorn;&aelig;s,<code>&amp;t;&amp;ae;s</code>,7,0.0157303
8,&thorn;&aelig;t,<code>&amp;t;&amp;ae;t</code>,7,0.0157303
10,&thorn;&aelig;re,<code>&amp;t;&amp;ae;re</code>,6,0.0134831
11,ic,<code>ic</code>,5,0.0112360
11,in,<code>in</code>,5,0.0112360
11,mid,<code>mid</code>,5,0.0112360
11,of,<code>of</code>,5,0.0112360
15,&thorn;e,<code>&amp;t;e</code>,4,0.0089888
15,him,<code>him</code>,4,0.0089888
15,hit,<code>hit</code>,4,0.0089888
15,is,<code>is</code>,4,0.0089888
15,swa,<code>swa</code>,4,0.0089888
20,&aelig;t,<code>&amp;ae;t</code>,3,0.0067416
20,&thorn;urh,<code>&amp;t;urh</code>,3,0.0067416
20,ac,<code>ac</code>,3,0.0067416
20,fram,<code>fram</code>,3,0.0067416
20,hi,<code>hi</code>,3,0.0067416
20,on,<code>on</code>,3,0.0067416
20,swy&thorn;e,<code>swy&amp;t;e</code>,3,0.0067416
20,to,<code>to</code>,3,0.0067416
20,wer,<code>wer</code>,3,0.0067416
29,&aelig;fter,<code>&amp;ae;fter</code>,2,0.0044944
29,&thorn;&aelig;r,<code>&amp;t;&amp;ae;r</code>,2,0.0044944
29,&thorn;on,<code>&amp;t;on</code>,2,0.0044944
29,&thorn;one,<code>&amp;t;one</code>,2,0.0044944
29,benedictus,<code>benedictus</code>,2,0.0044944
29,boccr&aelig;fta,<code>boccr&amp;ae;fta</code>,2,0.0044944
29,eac,<code>eac</code>,2,0.0044944
29,eadigan,<code>eadigan</code>,2,0.0044944
29,fore,<code>fore</code>,2,0.0044944
29,ge&thorn;ohte,<code>ge&amp;t;ohte</code>,2,0.0044944
29,genemned,<code>genemned</code>,2,0.0044944
29,gyt,<code>gyt</code>,2,0.0044944
29,halgan,<code>halgan</code>,2,0.0044944
29,hine,<code>hine</code>,2,0.0044944
29,mynstre,<code>mynstre</code>,2,0.0044944
29,ne,<code>ne</code>,2,0.0044944
29,sancte,<code>sancte</code>,2,0.0044944
29,sona,<code>sona</code>,2,0.0044944
29,swy&eth;e,<code>swy&amp;d;e</code>,2,0.0044944
29,swylce,<code>swylce</code>,2,0.0044944
29,w&aelig;re,<code>w&amp;ae;re</code>,2,0.0044944
29,weres,<code>weres</code>,2,0.0044944
29,witodlice,<code>witodlice</code>,2,0.0044944
29,ylcan,<code>ylcan</code>,2,0.0044944
53,&aelig;&thorn;elum,<code>&amp;ae;&amp;t;elum</code>,1,0.0022472
53,&aelig;fterfyligde,<code>&amp;ae;fterfyligde</code>,1,0.0022472
53,&aelig;ftra,<code>&amp;ae;ftra</code>,1,0.0022472
53,&aelig;hta,<code>&amp;ae;hta</code>,1,0.0022472
53,&aelig;r,<code>&amp;ae;r</code>,1,0.0022472
53,&aelig;sprynges,<code>&amp;ae;sprynges</code>,1,0.0022472
53,&thorn;&aelig;ra,<code>&amp;t;&amp;ae;ra</code>,1,0.0022472
53,&thorn;ara,<code>&amp;t;ara</code>,1,0.0022472
53,&thorn;eawum,<code>&amp;t;eawum</code>,1,0.0022472
53,&thorn;isne,<code>&amp;t;isne</code>,1,0.0022472
53,&thorn;isses,<code>&amp;t;isses</code>,1,0.0022472
53,&thorn;onne,<code>&amp;t;onne</code>,1,0.0022472
53,&thorn;rydde,<code>&amp;t;rydde</code>,1,0.0022472
53,&thorn;us,<code>&amp;t;us</code>,1,0.0022472
53,&thorn;y,<code>&amp;t;y</code>,1,0.0022472
53,&thorn;yses,<code>&amp;t;yses</code>,1,0.0022472
53,&thorn;yssere,<code>&amp;t;yssere</code>,1,0.0022472
53,&thorn;ysum,<code>&amp;t;ysum</code>,1,0.0022472
53,adrugod,<code>adrugod</code>,1,0.0022472
53,agenum,<code>agenum</code>,1,0.0022472
53,agnum,<code>agnum</code>,1,0.0022472
53,ane,<code>ane</code>,1,0.0022472
53,anum,<code>anum</code>,1,0.0022472
53,apostoles,<code>apostoles</code>,1,0.0022472
53,apostolican,<code>apostolican</code>,1,0.0022472
53,arwyr&eth;an,<code>arwyr&amp;d;an</code>,1,0.0022472
53,arwyr&eth;es,<code>arwyr&amp;d;es</code>,1,0.0022472
53,arwyr&eth;um,<code>arwyr&amp;d;um</code>,1,0.0022472
53,asette,<code>asette</code>,1,0.0022472
53,be,<code>be</code>,1,0.0022472
53,becomon,<code>becomon</code>,1,0.0022472
53,bef&aelig;sted,<code>bef&amp;ae;sted</code>,1,0.0022472
53,benedicte,<code>benedicte</code>,1,0.0022472
53,blostman,<code>blostman</code>,1,0.0022472
53,boccr&aelig;ftas,<code>boccr&amp;ae;ftas</code>,1,0.0022472
53,breosta,<code>breosta</code>,1,0.0022472
53,cnihthades,<code>cnihthades</code>,1,0.0022472
53,constantine,<code>constantine</code>,1,0.0022472
53,crysosthomas,<code>crysosthomas</code>,1,0.0022472
53,cw&aelig;&thorn;,<code>cw&amp;ae;&amp;t;</code>,1,0.0022472
53,cym&eth;,<code>cym&amp;d;</code>,1,0.0022472
53,cynne,<code>cynne</code>,1,0.0022472
53,cyrican,<code>cyrican</code>,1,0.0022472
53,d&aelig;da,<code>d&amp;ae;da</code>,1,0.0022472
53,do&eth;,<code>do&amp;d;</code>,1,0.0022472
53,donde,<code>donde</code>,1,0.0022472
53,drohtniende,<code>drohtniende</code>,1,0.0022472
53,eall,<code>eall</code>,1,0.0022472
53,ealle,<code>ealle</code>,1,0.0022472
53,effide,<code>effide</code>,1,0.0022472
53,efne,<code>efne</code>,1,0.0022472
53,englisc,<code>englisc</code>,1,0.0022472
53,eor&eth;an,<code>eor&amp;d;an</code>,1,0.0022472
53,f&aelig;der,<code>f&amp;ae;der</code>,1,0.0022472
53,feawa,<code>feawa</code>,1,0.0022472
53,feowrum,<code>feowrum</code>,1,0.0022472
53,ferde,<code>ferde</code>,1,0.0022472
53,fet,<code>fet</code>,1,0.0022472
53,for&thorn;on,<code>for&amp;t;on</code>,1,0.0022472
53,forgeofendum,<code>forgeofendum</code>,1,0.0022472
53,forlet,<code>forlet</code>,1,0.0022472
53,forlete,<code>forlete</code>,1,0.0022472
53,fors&aelig;genum,<code>fors&amp;ae;genum</code>,1,0.0022472
53,forseah,<code>forseah</code>,1,0.0022472
53,forspildnyssum,<code>forspildnyssum</code>,1,0.0022472
53,fostormoder,<code>fostormoder</code>,1,0.0022472
53,freon,<code>freon</code>,1,0.0022472
53,fylgende,<code>fylgende</code>,1,0.0022472
53,g&aelig;&thorn;,<code>g&amp;ae;&amp;t;</code>,1,0.0022472
53,g&aelig;r,<code>g&amp;ae;r</code>,1,0.0022472
53,gan,<code>gan</code>,1,0.0022472
53,gaste,<code>gaste</code>,1,0.0022472
53,gastlican,<code>gastlican</code>,1,0.0022472
53,ge&thorn;enede,<code>ge&amp;t;enede</code>,1,0.0022472
53,gebletsod,<code>gebletsod</code>,1,0.0022472
53,gebletsoda,<code>gebletsoda</code>,1,0.0022472
53,geboren,<code>geboren</code>,1,0.0022472
53,geceas,<code>geceas</code>,1,0.0022472
53,gedafenlice,<code>gedafenlice</code>,1,0.0022472
53,geeode,<code>geeode</code>,1,0.0022472
53,gefr&aelig;gn,<code>gefr&amp;ae;gn</code>,1,0.0022472
53,gegyrelan,<code>gegyrelan</code>,1,0.0022472
53,gehaten,<code>gehaten</code>,1,0.0022472
53,gehrine,<code>gehrine</code>,1,0.0022472
53,gehyrde,<code>gehyrde</code>,1,0.0022472
53,geleaffulra,<code>geleaffulra</code>,1,0.0022472
53,gelumpe,<code>gelumpe</code>,1,0.0022472
53,geo,<code>geo</code>,1,0.0022472
53,geornlice,<code>geornlice</code>,1,0.0022472
53,geseah,<code>geseah</code>,1,0.0022472
53,geseted,<code>geseted</code>,1,0.0022472
53,gesohte,<code>gesohte</code>,1,0.0022472
53,gesomnunge,<code>gesomnunge</code>,1,0.0022472
53,gewat,<code>gewat</code>,1,0.0022472
53,gewilnode,<code>gewilnode</code>,1,0.0022472
53,gewisfullice,<code>gewisfullice</code>,1,0.0022472
53,gewrita,<code>gewrita</code>,1,0.0022472
53,gife,<code>gife</code>,1,0.0022472
53,gingrum,<code>gingrum</code>,1,0.0022472
53,godan,<code>godan</code>,1,0.0022472
53,godcundan,<code>godcundan</code>,1,0.0022472
53,gode,<code>gode</code>,1,0.0022472
53,godes,<code>godes</code>,1,0.0022472
53,grecum,<code>grecum</code>,1,0.0022472
53,gregories,<code>gregories</code>,1,0.0022472
53,gregorius,<code>gregorius</code>,1,0.0022472
53,gyldenmu&eth;a,<code>gyldenmu&amp;d;a</code>,1,0.0022472
53,h&aelig;fdon,<code>h&amp;ae;fdon</code>,1,0.0022472
53,had,<code>had</code>,1,0.0022472
53,halga,<code>halga</code>,1,0.0022472
53,healdende,<code>healdende</code>,1,0.0022472
53,heo,<code>heo</code>,1,0.0022472
53,heora,<code>heora</code>,1,0.0022472
53,her,<code>her</code>,1,0.0022472
53,hlaforddome,<code>hlaforddome</code>,1,0.0022472
53,honorate,<code>honorate</code>,1,0.0022472
53,hus,<code>hus</code>,1,0.0022472
53,hw&aelig;t,<code>hw&amp;ae;t</code>,1,0.0022472
53,hwilwendlice,<code>hwilwendlice</code>,1,0.0022472
53,ilca,<code>ilca</code>,1,0.0022472
53,ingange,<code>ingange</code>,1,0.0022472
53,inge&thorn;ancas,<code>inge&amp;t;ancas</code>,1,0.0022472
53,l&aelig;s,<code>l&amp;ae;s</code>,1,0.0022472
53,latrane,<code>latrane</code>,1,0.0022472
53,leornian,<code>leornian</code>,1,0.0022472
53,leornode,<code>leornode</code>,1,0.0022472
53,licode,<code>licode</code>,1,0.0022472
53,lifes,<code>lifes</code>,1,0.0022472
53,lifigean,<code>lifigean</code>,1,0.0022472
53,lufan,<code>lufan</code>,1,0.0022472
53,lufode,<code>lufode</code>,1,0.0022472
53,m&aelig;g&eth;e,<code>m&amp;ae;g&amp;d;e</code>,1,0.0022472
53,ma,<code>ma</code>,1,0.0022472
53,manega,<code>manega</code>,1,0.0022472
53,manige,<code>manige</code>,1,0.0022472
53,manigum,<code>manigum</code>,1,0.0022472
53,manna,<code>manna</code>,1,0.0022472
53,me,<code>me</code>,1,0.0022472
53,men,<code>men</code>,1,0.0022472
53,middaneard,<code>middaneard</code>,1,0.0022472
53,middaneardes,<code>middaneardes</code>,1,0.0022472
53,mihte,<code>mihte</code>,1,0.0022472
53,mod,<code>mod</code>,1,0.0022472
53,munuclifes,<code>munuclifes</code>,1,0.0022472
53,mycelre,<code>mycelre</code>,1,0.0022472
53,mynstres,<code>mynstres</code>,1,0.0022472
53,n&aelig;nigum,<code>n&amp;ae;nigum</code>,1,0.0022472
53,na,<code>na</code>,1,0.0022472
53,naht,<code>naht</code>,1,0.0022472
53,naman,<code>naman</code>,1,0.0022472
53,nu,<code>nu</code>,1,0.0022472
53,nursige,<code>nursige</code>,1,0.0022472
53,ofergyldan,<code>ofergyldan</code>,1,0.0022472
53,ong&aelig;t,<code>ong&amp;ae;t</code>,1,0.0022472
53,ongin,<code>ongin</code>,1,0.0022472
53,onginnum,<code>onginnum</code>,1,0.0022472
53,onlihte,<code>onlihte</code>,1,0.0022472
53,petres,<code>petres</code>,1,0.0022472
53,rihte,<code>rihte</code>,1,0.0022472
53,rihtinge,<code>rihtinge</code>,1,0.0022472
53,romebyrig,<code>romebyrig</code>,1,0.0022472
53,rynelan,<code>rynelan</code>,1,0.0022472
53,s&aelig;don,<code>s&amp;ae;don</code>,1,0.0022472
53,sceolde,<code>sceolde</code>,1,0.0022472
53,sealde,<code>sealde</code>,1,0.0022472
53,secge,<code>secge</code>,1,0.0022472
53,simplicio,<code>simplicio</code>,1,0.0022472
53,snotorlice,<code>snotorlice</code>,1,0.0022472
53,sohte,<code>sohte</code>,1,0.0022472
53,spr&aelig;ce,<code>spr&amp;ae;ce</code>,1,0.0022472
53,sprecende,<code>sprecende</code>,1,0.0022472
53,st&aelig;&thorn;hlypan,<code>st&amp;ae;&amp;t;hlypan</code>,1,0.0022472
53,stowe,<code>stowe</code>,1,0.0022472
53,stream,<code>stream</code>,1,0.0022472
53,streames,<code>streames</code>,1,0.0022472
53,sum,<code>sum</code>,1,0.0022472
53,swi&thorn;e,<code>swi&amp;t;e</code>,1,0.0022472
53,swilce,<code>swilce</code>,1,0.0022472
53,sy,<code>sy</code>,1,0.0022472
53,sylf,<code>sylf</code>,1,0.0022472
53,sylfa,<code>sylfa</code>,1,0.0022472
53,sylfe,<code>sylfe</code>,1,0.0022472
53,tide,<code>tide</code>,1,0.0022472
53,tod&aelig;ge,<code>tod&amp;ae;ge</code>,1,0.0022472
53,toflowendnysse,<code>toflowendnysse</code>,1,0.0022472
53,ualentine,<code>ualentine</code>,1,0.0022472
53,uncysta,<code>uncysta</code>,1,0.0022472
53,ungel&aelig;red,<code>ungel&amp;ae;red</code>,1,0.0022472
53,ungewitnysse,<code>ungewitnysse</code>,1,0.0022472
53,unrihtes,<code>unrihtes</code>,1,0.0022472
53,unrihtum,<code>unrihtum</code>,1,0.0022472
53,unwis,<code>unwis</code>,1,0.0022472
53,up,<code>up</code>,1,0.0022472
53,weoloras,<code>weoloras</code>,1,0.0022472
53,weras,<code>weras</code>,1,0.0022472
53,were,<code>were</code>,1,0.0022472
53,werum,<code>werum</code>,1,0.0022472
53,westennu,<code>westennu</code>,1,0.0022472
53,wi&eth;br&aelig;gd,<code>wi&amp;d;br&amp;ae;gd</code>,1,0.0022472
53,wi&eth;teah,<code>wi&amp;d;teah</code>,1,0.0022472
53,wisdomas,<code>wisdomas</code>,1,0.0022472
53,wordum,<code>wordum</code>,1,0.0022472
53,wunodon,<code>wunodon</code>,1,0.0022472
53,ylca,<code>ylca</code>,1,0.0022472
53,ylde,<code>ylde</code>,1,0.0022472
53,yrne&eth;,<code>yrne&amp;d;</code>,1,0.0022472
