B_Prose,B09,B09.009.002_Eluc_2__Warn_46__T06970.txt,246,179,583
RANK,HTML WORD,RAW WORD,COUNT,RELATIVE FREQUENCY
1,he,<code>he</code>,42,0.0720412
2,&thorn;an,<code>&amp;t;an</code>,26,0.0445969
3,swa,<code>swa</code>,19,0.0325901
4,&thorn;a,<code>&amp;t;a</code>,18,0.0308748
5,to,<code>to</code>,17,0.0291595
6,on,<code>on</code>,16,0.0274443
7,&aelig;t,<code>&amp;ae;t</code>,12,0.0205832
7,&thorn;&aelig;t,<code>&amp;t;&amp;ae;t</code>,12,0.0205832
7,com,<code>com</code>,12,0.0205832
10,&thorn;&aelig;r,<code>&amp;t;&amp;ae;r</code>,10,0.0171527
10,&thorn;e,<code>&amp;t;e</code>,10,0.0171527
10,his,<code>his</code>,10,0.0171527
10,si&eth;e,<code>si&amp;d;e</code>,10,0.0171527
10,w&aelig;s,<code>w&amp;ae;s</code>,10,0.0171527
15,for,<code>for</code>,9,0.0154374
16,&amp;,<code>&amp;amp;</code>,8,0.0137221
16,of,<code>of</code>,8,0.0137221
18,&thorn;&aelig;re,<code>&amp;t;&amp;ae;re</code>,7,0.0120069
19,&aelig;fter,<code>&amp;ae;fter</code>,6,0.0102916
19,dea&eth;e,<code>dea&amp;d;e</code>,6,0.0102916
19,h&aelig;fde,<code>h&amp;ae;fde</code>,6,0.0102916
19,heo,<code>heo</code>,6,0.0102916
19,hine,<code>hine</code>,6,0.0102916
19,mid,<code>mid</code>,6,0.0102916
19,us,<code>us</code>,6,0.0102916
26,heofene,<code>heofene</code>,5,0.0085763
26,heom,<code>heom</code>,5,0.0085763
28,steah,<code>steah</code>,4,0.0068611
28,w&aelig;ren,<code>w&amp;ae;ren</code>,4,0.0068611
30,&aelig;riste,<code>&amp;ae;riste</code>,3,0.0051458
30,&thorn;ing,<code>&amp;t;ing</code>,3,0.0051458
30,arisen,<code>arisen</code>,3,0.0051458
30,ealle,<code>ealle</code>,3,0.0051458
30,feowertig,<code>feowertig</code>,3,0.0051458
30,fram,<code>fram</code>,3,0.0051458
30,heowe,<code>heowe</code>,3,0.0051458
30,him,<code>him</code>,3,0.0051458
30,hwy,<code>hwy</code>,3,0.0051458
30,marian,<code>marian</code>,3,0.0051458
30,sancte,<code>sancte</code>,3,0.0051458
30,si&eth;en,<code>si&amp;d;en</code>,3,0.0051458
42,&aelig;r,<code>&amp;ae;r</code>,2,0.0034305
42,&aelig;rest,<code>&amp;ae;rest</code>,2,0.0034305
42,&aelig;teowde,<code>&amp;ae;teowde</code>,2,0.0034305
42,&eth;&aelig;t,<code>&amp;d;&amp;ae;t</code>,2,0.0034305
42,&thorn;&aelig;s,<code>&amp;t;&amp;ae;s</code>,2,0.0034305
42,&thorn;onne,<code>&amp;t;onne</code>,2,0.0034305
42,beo,<code>beo</code>,2,0.0034305
42,dagen,<code>dagen</code>,2,0.0034305
42,eft,<code>eft</code>,2,0.0034305
42,genam,<code>genam</code>,2,0.0034305
42,gewrite,<code>gewrite</code>,2,0.0034305
42,godspellere,<code>godspellere</code>,2,0.0034305
42,hwylcen,<code>hwylcen</code>,2,0.0034305
42,lycas,<code>lycas</code>,2,0.0034305
42,magdalene,<code>magdalene</code>,2,0.0034305
42,s&aelig;ig&eth;,<code>s&amp;ae;ig&amp;d;</code>,2,0.0034305
42,se,<code>se</code>,2,0.0034305
42,seinte,<code>seinte</code>,2,0.0034305
42,stigen,<code>stigen</code>,2,0.0034305
42,swylc,<code>swylc</code>,2,0.0034305
42,tog&aelig;dere,<code>tog&amp;ae;dere</code>,2,0.0034305
42,twam,<code>twam</code>,2,0.0034305
42,up,<code>up</code>,2,0.0034305
42,wolcnen,<code>wolcnen</code>,2,0.0034305
42,wolde,<code>wolde</code>,2,0.0034305
42,ylcan,<code>ylcan</code>,2,0.0034305
68,&aelig;,<code>&amp;ae;</code>,1,0.0017153
68,&aelig;fen,<code>&amp;ae;fen</code>,1,0.0017153
68,&aelig;ndeleofonan,<code>&amp;ae;ndeleofonan</code>,1,0.0017153
68,&aelig;ndeleofte,<code>&amp;ae;ndeleofte</code>,1,0.0017153
68,&aelig;reste,<code>&amp;ae;reste</code>,1,0.0017153
68,&aelig;ristes,<code>&amp;ae;ristes</code>,1,0.0017153
68,&aelig;rst,<code>&amp;ae;rst</code>,1,0.0017153
68,&aelig;teowod,<code>&amp;ae;teowod</code>,1,0.0017153
68,&eth;a,<code>&amp;d;a</code>,1,0.0017153
68,&thorn;ingan,<code>&amp;t;ingan</code>,1,0.0017153
68,&thorn;olige&eth;,<code>&amp;t;olige&amp;d;</code>,1,0.0017153
68,&thorn;one,<code>&amp;t;one</code>,1,0.0017153
68,&thorn;ridde,<code>&amp;t;ridde</code>,1,0.0017153
68,&thorn;ridden,<code>&amp;t;ridden</code>,1,0.0017153
68,&thorn;rim,<code>&amp;t;rim</code>,1,0.0017153
68,&thorn;rowunge,<code>&amp;t;rowunge</code>,1,0.0017153
68,&thorn;ruwe,<code>&amp;t;ruwe</code>,1,0.0017153
68,&thorn;urhwunede,<code>&amp;t;urhwunede</code>,1,0.0017153
68,abiten,<code>abiten</code>,1,0.0017153
68,ane,<code>ane</code>,1,0.0017153
68,antecriste,<code>antecriste</code>,1,0.0017153
68,apostlen,<code>apostlen</code>,1,0.0017153
68,apostlene,<code>apostlene</code>,1,0.0017153
68,apostles,<code>apostles</code>,1,0.0017153
68,ar&aelig;red,<code>ar&amp;ae;red</code>,1,0.0017153
68,ar&aelig;ren,<code>ar&amp;ae;ren</code>,1,0.0017153
68,aras,<code>aras</code>,1,0.0017153
68,arisan,<code>arisan</code>,1,0.0017153
68,astugen,<code>astugen</code>,1,0.0017153
68,awrat,<code>awrat</code>,1,0.0017153
68,bebodan,<code>bebodan</code>,1,0.0017153
68,bebyriged,<code>bebyriged</code>,1,0.0017153
68,beforan,<code>beforan</code>,1,0.0017153
68,belochene,<code>belochene</code>,1,0.0017153
68,ber&eth;,<code>ber&amp;d;</code>,1,0.0017153
68,bewune,<code>bewune</code>,1,0.0017153
68,binnen,<code>binnen</code>,1,0.0017153
68,brihtere,<code>brihtere</code>,1,0.0017153
68,bufen,<code>bufen</code>,1,0.0017153
68,bute,<code>bute</code>,1,0.0017153
68,crist,<code>crist</code>,1,0.0017153
68,cristene,<code>cristene</code>,1,0.0017153
68,cu&eth;,<code>cu&amp;d;</code>,1,0.0017153
68,cu&eth;&eth;,<code>cu&amp;d;&amp;d;</code>,1,0.0017153
68,cwarterne,<code>cwarterne</code>,1,0.0017153
68,cy&eth;&eth;,<code>cy&amp;d;&amp;d;</code>,1,0.0017153
68,cy&eth;e&eth;,<code>cy&amp;d;e&amp;d;</code>,1,0.0017153
68,cydde,<code>cydde</code>,1,0.0017153
68,d&aelig;ges,<code>d&amp;ae;ges</code>,1,0.0017153
68,d&aelig;ige,<code>d&amp;ae;ige</code>,1,0.0017153
68,d&aelig;iges,<code>d&amp;ae;iges</code>,1,0.0017153
68,dages,<code>dages</code>,1,0.0017153
68,drihten,<code>drihten</code>,1,0.0017153
68,drihtenes,<code>drihtenes</code>,1,0.0017153
68,drincan,<code>drincan</code>,1,0.0017153
68,dune,<code>dune</code>,1,0.0017153
68,eahte,<code>eahte</code>,1,0.0017153
68,eahte&eth;e,<code>eahte&amp;d;e</code>,1,0.0017153
68,eallen,<code>eallen</code>,1,0.0017153
68,emmaus,<code>emmaus</code>,1,0.0017153
68,enoche,<code>enoche</code>,1,0.0017153
68,eoden,<code>eoden</code>,1,0.0017153
68,eor&eth;licen,<code>eor&amp;d;licen</code>,1,0.0017153
68,etan,<code>etan</code>,1,0.0017153
68,feor&eth;an,<code>feor&amp;d;an</code>,1,0.0017153
68,feower,<code>feower</code>,1,0.0017153
68,fifte,<code>fifte</code>,1,0.0017153
68,folc,<code>folc</code>,1,0.0017153
68,forhaten,<code>forhaten</code>,1,0.0017153
68,formeste,<code>formeste</code>,1,0.0017153
68,formesten,<code>formesten</code>,1,0.0017153
68,forsacan,<code>forsacan</code>,1,0.0017153
68,forsacunge,<code>forsacunge</code>,1,0.0017153
68,forwordene,<code>forwordene</code>,1,0.0017153
68,frid&aelig;ige,<code>frid&amp;ae;ige</code>,1,0.0017153
68,galilea,<code>galilea</code>,1,0.0017153
68,gate,<code>gate</code>,1,0.0017153
68,gecerden,<code>gecerden</code>,1,0.0017153
68,geferr&aelig;ddene,<code>geferr&amp;ae;ddene</code>,1,0.0017153
68,gefylle&eth;,<code>gefylle&amp;d;</code>,1,0.0017153
68,gelefe&eth;,<code>gelefe&amp;d;</code>,1,0.0017153
68,gepined,<code>gepined</code>,1,0.0017153
68,gescrydd,<code>gescrydd</code>,1,0.0017153
68,gesegan,<code>gesegan</code>,1,0.0017153
68,gesege,<code>gesege</code>,1,0.0017153
68,gesegen,<code>gesegen</code>,1,0.0017153
68,geseone,<code>geseone</code>,1,0.0017153
68,getimbrod,<code>getimbrod</code>,1,0.0017153
68,gewitnesse,<code>gewitnesse</code>,1,0.0017153
68,gewriten,<code>gewriten</code>,1,0.0017153
68,gewritene,<code>gewritene</code>,1,0.0017153
68,gingran,<code>gingran</code>,1,0.0017153
68,godspelle,<code>godspelle</code>,1,0.0017153
68,godspelles,<code>godspelles</code>,1,0.0017153
68,grapode,<code>grapode</code>,1,0.0017153
68,helian,<code>helian</code>,1,0.0017153
68,heora,<code>heora</code>,1,0.0017153
68,heow,<code>heow</code>,1,0.0017153
68,hi,<code>hi</code>,1,0.0017153
68,hware,<code>hware</code>,1,0.0017153
68,hwu,<code>hwu</code>,1,0.0017153
68,hwylce,<code>hwylce</code>,1,0.0017153
68,into,<code>into</code>,1,0.0017153
68,is,<code>is</code>,1,0.0017153
68,jacobe,<code>jacobe</code>,1,0.0017153
68,johannes,<code>johannes</code>,1,0.0017153
68,josepe,<code>josepe</code>,1,0.0017153
68,lare,<code>lare</code>,1,0.0017153
68,leofte,<code>leofte</code>,1,0.0017153
68,leorningcnihten,<code>leorningcnihten</code>,1,0.0017153
68,leorningcnihtes,<code>leorningcnihtes</code>,1,0.0017153
68,lichame,<code>lichame</code>,1,0.0017153
68,life,<code>life</code>,1,0.0017153
68,marcus,<code>marcus</code>,1,0.0017153
68,marien,<code>marien</code>,1,0.0017153
68,matheus,<code>matheus</code>,1,0.0017153
68,metes,<code>metes</code>,1,0.0017153
68,middeneard,<code>middeneard</code>,1,0.0017153
68,moder,<code>moder</code>,1,0.0017153
68,munte,<code>munte</code>,1,0.0017153
68,mycelen,<code>mycelen</code>,1,0.0017153
68,nan,<code>nan</code>,1,0.0017153
68,ne,<code>ne</code>,1,0.0017153
68,neorxenewange,<code>neorxenewange</code>,1,0.0017153
68,nichodemus,<code>nichodemus</code>,1,0.0017153
68,nige&eth;en,<code>nige&amp;d;en</code>,1,0.0017153
68,nolde,<code>nolde</code>,1,0.0017153
68,nolden,<code>nolden</code>,1,0.0017153
68,o&eth;,<code>o&amp;d;</code>,1,0.0017153
68,o&eth;er,<code>o&amp;d;er</code>,1,0.0017153
68,o&eth;re,<code>o&amp;d;re</code>,1,0.0017153
68,oft,<code>oft</code>,1,0.0017153
68,paulus,<code>paulus</code>,1,0.0017153
68,petre,<code>petre</code>,1,0.0017153
68,pine,<code>pine</code>,1,0.0017153
68,reaf,<code>reaf</code>,1,0.0017153
68,s&aelig;,<code>s&amp;ae;</code>,1,0.0017153
68,s&aelig;g&eth;,<code>s&amp;ae;g&amp;d;</code>,1,0.0017153
68,s&aelig;ten,<code>s&amp;ae;ten</code>,1,0.0017153
68,sceal,<code>sceal</code>,1,0.0017153
68,scele,<code>scele</code>,1,0.0017153
68,scolden,<code>scolden</code>,1,0.0017153
68,sculen,<code>sculen</code>,1,0.0017153
68,sedulie,<code>sedulie</code>,1,0.0017153
68,seofenfealden,<code>seofenfealden</code>,1,0.0017153
68,seofo&eth;en,<code>seofo&amp;d;en</code>,1,0.0017153
68,sette,<code>sette</code>,1,0.0017153
68,sicerlice,<code>sicerlice</code>,1,0.0017153
68,sixten,<code>sixten</code>,1,0.0017153
68,sone,<code>sone</code>,1,0.0017153
68,sunne,<code>sunne</code>,1,0.0017153
68,swy&eth;e,<code>swy&amp;d;e</code>,1,0.0017153
68,sylfe,<code>sylfe</code>,1,0.0017153
68,t&aelig;lde,<code>t&amp;ae;lde</code>,1,0.0017153
68,ten,<code>ten</code>,1,0.0017153
68,teo&eth;e,<code>teo&amp;d;e</code>,1,0.0017153
68,thabor,<code>thabor</code>,1,0.0017153
68,thomas,<code>thomas</code>,1,0.0017153
68,tiberiadis,<code>tiberiadis</code>,1,0.0017153
68,toscyled,<code>toscyled</code>,1,0.0017153
68,twelf,<code>twelf</code>,1,0.0017153
68,twelfte,<code>twelfte</code>,1,0.0017153
68,under,<code>under</code>,1,0.0017153
68,ungeleafsumnesse,<code>ungeleafsumnesse</code>,1,0.0017153
68,unrot,<code>unrot</code>,1,0.0017153
68,ure,<code>ure</code>,1,0.0017153
68,ures,<code>ures</code>,1,0.0017153
68,w&aelig;re,<code>w&amp;ae;re</code>,1,0.0017153
68,we,<code>we</code>,1,0.0017153
68,wicode,<code>wicode</code>,1,0.0017153
68,wisdome,<code>wisdome</code>,1,0.0017153
68,witen,<code>witen</code>,1,0.0017153
68,wlite,<code>wlite</code>,1,0.0017153
68,wope,<code>wope</code>,1,0.0017153
68,writen,<code>writen</code>,1,0.0017153
68,wrohte,<code>wrohte</code>,1,0.0017153
68,wuca,<code>wuca</code>,1,0.0017153
68,wunden,<code>wunden</code>,1,0.0017153
68,wunede,<code>wunede</code>,1,0.0017153
