B_Prose,B09,B09.003.001_BoHead_T06650.txt,456,335,1095
RANK,HTML WORD,RAW WORD,COUNT,RELATIVE FREQUENCY
1,&amp;,<code>&amp;amp;</code>,69,0.0630137
2,hu,<code>hu</code>,58,0.0529680
3,&thorn;&aelig;t,<code>&amp;t;&amp;ae;t</code>,50,0.0456621
4,he,<code>he</code>,26,0.0237443
5,se,<code>se</code>,25,0.0228311
6,&thorn;am,<code>&amp;t;am</code>,23,0.0210046
7,be,<code>be</code>,22,0.0200913
8,&thorn;a,<code>&amp;t;a</code>,19,0.0173516
9,wisdom,<code>wisdom</code>,18,0.0164384
10,hit,<code>hit</code>,17,0.0155251
11,s&aelig;de,<code>s&amp;ae;de</code>,16,0.0146119
12,his,<code>his</code>,15,0.0136986
13,him,<code>him</code>,14,0.0127854
14,&thorn;e,<code>&amp;t;e</code>,10,0.0091324
14,to,<code>to</code>,10,0.0091324
16,hi,<code>hi</code>,9,0.0082192
16,mid,<code>mid</code>,9,0.0082192
16,ne,<code>ne</code>,9,0.0082192
16,on,<code>on</code>,9,0.0082192
16,seo,<code>seo</code>,9,0.0082192
21,&thorn;&aelig;re,<code>&amp;t;&amp;ae;re</code>,8,0.0073059
21,&thorn;&aelig;s,<code>&amp;t;&amp;ae;s</code>,8,0.0073059
21,god,<code>god</code>,8,0.0073059
21,h&aelig;fde,<code>h&amp;ae;fde</code>,8,0.0073059
21,hine,<code>hine</code>,8,0.0073059
21,wolde,<code>wolde</code>,8,0.0073059
27,heo,<code>heo</code>,7,0.0063927
27,mod,<code>mod</code>,7,0.0063927
27,w&aelig;re,<code>w&amp;ae;re</code>,7,0.0063927
30,&aelig;r,<code>&amp;ae;r</code>,6,0.0054795
30,gif,<code>gif</code>,6,0.0054795
30,mon,<code>mon</code>,6,0.0054795
30,sceolde,<code>sceolde</code>,6,0.0054795
30,w&aelig;s,<code>w&amp;ae;s</code>,6,0.0054795
35,&thorn;one,<code>&amp;t;one</code>,5,0.0045662
35,&thorn;onne,<code>&amp;t;onne</code>,5,0.0045662
35,beon,<code>beon</code>,5,0.0045662
35,eft,<code>eft</code>,5,0.0045662
35,is,<code>is</code>,5,0.0045662
35,mihte,<code>mihte</code>,5,0.0045662
35,swa,<code>swa</code>,5,0.0045662
42,boetius,<code>boetius</code>,4,0.0036530
42,gesceadwisnes,<code>gesceadwisnes</code>,4,0.0036530
42,gode,<code>gode</code>,4,0.0036530
45,&aelig;lc,<code>&amp;ae;lc</code>,3,0.0027397
45,&aelig;rest,<code>&amp;ae;rest</code>,3,0.0027397
45,anweald,<code>anweald</code>,3,0.0027397
45,bispell,<code>bispell</code>,3,0.0027397
45,carcerne,<code>carcerne</code>,3,0.0027397
45,cuma&eth;,<code>cuma&amp;d;</code>,3,0.0027397
45,eall,<code>eall</code>,3,0.0027397
45,ealle,<code>ealle</code>,3,0.0027397
45,ealra,<code>ealra</code>,3,0.0027397
45,gedon,<code>gedon</code>,3,0.0027397
45,goda,<code>goda</code>,3,0.0027397
45,heora,<code>heora</code>,3,0.0027397
45,hire,<code>hire</code>,3,0.0027397
45,hwa,<code>hwa</code>,3,0.0027397
45,l&aelig;rde,<code>l&amp;ae;rde</code>,3,0.0027397
45,lichoman,<code>lichoman</code>,3,0.0027397
45,m&aelig;g,<code>m&amp;ae;g</code>,3,0.0027397
45,men,<code>men</code>,3,0.0027397
45,sceoldan,<code>sceoldan</code>,3,0.0027397
45,sunnan,<code>sunnan</code>,3,0.0027397
45,wela,<code>wela</code>,3,0.0027397
45,wende,<code>wende</code>,3,0.0027397
45,yfel,<code>yfel</code>,3,0.0027397
68,&aelig;t,<code>&amp;ae;t</code>,2,0.0018265
68,&eth;a,<code>&amp;d;a</code>,2,0.0018265
68,&eth;ing,<code>&amp;d;ing</code>,2,0.0018265
68,&eth;one,<code>&amp;d;one</code>,2,0.0018265
68,&thorn;ara,<code>&amp;t;ara</code>,2,0.0018265
68,&thorn;eah,<code>&amp;t;eah</code>,2,0.0018265
68,&thorn;ince,<code>&amp;t;ince</code>,2,0.0018265
68,&thorn;urh,<code>&amp;t;urh</code>,2,0.0018265
68,andsworede,<code>andsworede</code>,2,0.0018265
68,anwealde,<code>anwealde</code>,2,0.0018265
68,bi,<code>bi</code>,2,0.0018265
68,boetie,<code>boetie</code>,2,0.0018265
68,buton,<code>buton</code>,2,0.0018265
68,casere,<code>casere</code>,2,0.0018265
68,com,<code>com</code>,2,0.0018265
68,cw&aelig;&eth;,<code>cw&amp;ae;&amp;d;</code>,2,0.0018265
68,earfo&eth;u,<code>earfo&amp;d;u</code>,2,0.0018265
68,f&aelig;st,<code>f&amp;ae;st</code>,2,0.0018265
68,for,<code>for</code>,2,0.0018265
68,fulneah,<code>fulneah</code>,2,0.0018265
68,ge,<code>ge</code>,2,0.0018265
68,gereccan,<code>gereccan</code>,2,0.0018265
68,ges&aelig;l&eth;um,<code>ges&amp;ae;l&amp;d;um</code>,2,0.0018265
68,ges&aelig;lige,<code>ges&amp;ae;lige</code>,2,0.0018265
68,gesceafta,<code>gesceafta</code>,2,0.0018265
68,git,<code>git</code>,2,0.0018265
68,godes,<code>godes</code>,2,0.0018265
68,hie,<code>hie</code>,2,0.0018265
68,hlisan,<code>hlisan</code>,2,0.0018265
68,hw&aelig;&thorn;er,<code>hw&amp;ae;&amp;t;er</code>,2,0.0018265
68,hw&aelig;t,<code>hw&amp;ae;t</code>,2,0.0018265
68,hw&aelig;thwegnunges,<code>hw&amp;ae;thwegnunges</code>,2,0.0018265
68,ilcan,<code>ilcan</code>,2,0.0018265
68,land,<code>land</code>,2,0.0018265
68,licode,<code>licode</code>,2,0.0018265
68,mode,<code>mode</code>,2,0.0018265
68,nu,<code>nu</code>,2,0.0018265
68,o&eth;rum,<code>o&amp;d;rum</code>,2,0.0018265
68,of,<code>of</code>,2,0.0018265
68,ongan,<code>ongan</code>,2,0.0018265
68,ongeate,<code>ongeate</code>,2,0.0018265
68,rehte,<code>rehte</code>,2,0.0018265
68,sam,<code>sam</code>,2,0.0018265
68,scridw&aelig;ne,<code>scridw&amp;ae;ne</code>,2,0.0018265
68,sohte,<code>sohte</code>,2,0.0018265
68,tu,<code>tu</code>,2,0.0018265
68,up,<code>up</code>,2,0.0018265
68,welan,<code>welan</code>,2,0.0018265
68,welt,<code>welt</code>,2,0.0018265
68,weor&eth;scipe,<code>weor&amp;d;scipe</code>,2,0.0018265
68,wi&eth;,<code>wi&amp;d;</code>,2,0.0018265
68,willa,<code>willa</code>,2,0.0018265
68,worulde,<code>worulde</code>,2,0.0018265
68,wyrde,<code>wyrde</code>,2,0.0018265
122,&aelig;&thorn;elo,<code>&amp;ae;&amp;t;elo</code>,1,0.0009132
122,&aelig;fter,<code>&amp;ae;fter</code>,1,0.0009132
122,&aelig;g&thorn;er,<code>&amp;ae;g&amp;t;er</code>,1,0.0009132
122,&aelig;ghwonan,<code>&amp;ae;ghwonan</code>,1,0.0009132
122,&aelig;lces,<code>&amp;ae;lces</code>,1,0.0009132
122,&aelig;lcne,<code>&amp;ae;lcne</code>,1,0.0009132
122,&aelig;lmihtigan,<code>&amp;ae;lmihtigan</code>,1,0.0009132
122,&aelig;nig,<code>&amp;ae;nig</code>,1,0.0009132
122,&aelig;nigne,<code>&amp;ae;nigne</code>,1,0.0009132
122,&aelig;rneweges,<code>&amp;ae;rneweges</code>,1,0.0009132
122,&eth;&aelig;s,<code>&amp;d;&amp;ae;s</code>,1,0.0009132
122,&eth;am,<code>&amp;d;am</code>,1,0.0009132
122,&eth;eoda,<code>&amp;d;eoda</code>,1,0.0009132
122,&eth;eodric,<code>&amp;d;eodric</code>,1,0.0009132
122,&eth;eodrices,<code>&amp;d;eodrices</code>,1,0.0009132
122,&eth;onan,<code>&amp;d;onan</code>,1,0.0009132
122,&eth;onne,<code>&amp;d;onne</code>,1,0.0009132
122,&eth;u,<code>&amp;d;u</code>,1,0.0009132
122,&eth;y,<code>&amp;d;y</code>,1,0.0009132
122,&thorn;as,<code>&amp;t;as</code>,1,0.0009132
122,&thorn;egen,<code>&amp;t;egen</code>,1,0.0009132
122,&thorn;egnas,<code>&amp;t;egnas</code>,1,0.0009132
122,&thorn;es,<code>&amp;t;es</code>,1,0.0009132
122,&thorn;i,<code>&amp;t;i</code>,1,0.0009132
122,&thorn;ider,<code>&amp;t;ider</code>,1,0.0009132
122,&thorn;inre,<code>&amp;t;inre</code>,1,0.0009132
122,&thorn;isse,<code>&amp;t;isse</code>,1,0.0009132
122,&thorn;orfte,<code>&amp;t;orfte</code>,1,0.0009132
122,&thorn;ornas,<code>&amp;t;ornas</code>,1,0.0009132
122,&thorn;uhte,<code>&amp;t;uhte</code>,1,0.0009132
122,&thorn;y,<code>&amp;t;y</code>,1,0.0009132
122,acsode,<code>acsode</code>,1,0.0009132
122,ahafen,<code>ahafen</code>,1,0.0009132
122,ahebban,<code>ahebban</code>,1,0.0009132
122,ahsode,<code>ahsode</code>,1,0.0009132
122,an,<code>an</code>,1,0.0009132
122,ancor,<code>ancor</code>,1,0.0009132
122,andgit,<code>andgit</code>,1,0.0009132
122,andgites,<code>andgites</code>,1,0.0009132
122,andsworum,<code>andsworum</code>,1,0.0009132
122,andweardan,<code>andweardan</code>,1,0.0009132
122,anfunde,<code>anfunde</code>,1,0.0009132
122,anlicnessa,<code>anlicnessa</code>,1,0.0009132
122,anlipe,<code>anlipe</code>,1,0.0009132
122,anre,<code>anre</code>,1,0.0009132
122,anwald,<code>anwald</code>,1,0.0009132
122,anwealdes,<code>anwealdes</code>,1,0.0009132
122,anwearda,<code>anwearda</code>,1,0.0009132
122,are,<code>are</code>,1,0.0009132
122,aret,<code>aret</code>,1,0.0009132
122,atihte,<code>atihte</code>,1,0.0009132
122,atuhge,<code>atuhge</code>,1,0.0009132
122,au&thorn;res,<code>au&amp;t;res</code>,1,0.0009132
122,b&aelig;d,<code>b&amp;ae;d</code>,1,0.0009132
122,belumpe,<code>belumpe</code>,1,0.0009132
122,beo&eth;,<code>beo&amp;d;</code>,1,0.0009132
122,beo&thorn;,<code>beo&amp;t;</code>,1,0.0009132
122,beobread,<code>beobread</code>,1,0.0009132
122,ber&aelig;dan,<code>ber&amp;ae;dan</code>,1,0.0009132
122,betera,<code>betera</code>,1,0.0009132
122,beteran,<code>beteran</code>,1,0.0009132
122,bi&eth;,<code>bi&amp;d;</code>,1,0.0009132
122,biteres,<code>biteres</code>,1,0.0009132
122,bridlum,<code>bridlum</code>,1,0.0009132
122,cnoll,<code>cnoll</code>,1,0.0009132
122,cr&aelig;ft,<code>cr&amp;ae;ft</code>,1,0.0009132
122,cr&aelig;ftas,<code>cr&amp;ae;ftas</code>,1,0.0009132
122,cuman,<code>cuman</code>,1,0.0009132
122,cume,<code>cume</code>,1,0.0009132
122,cw&aelig;&thorn;,<code>cw&amp;ae;&amp;t;</code>,1,0.0009132
122,cwe&thorn;an,<code>cwe&amp;t;an</code>,1,0.0009132
122,cwi&eth;,<code>cwi&amp;d;</code>,1,0.0009132
122,cyning,<code>cyning</code>,1,0.0009132
122,cyninges,<code>cyninges</code>,1,0.0009132
122,deore,<code>deore</code>,1,0.0009132
122,don,<code>don</code>,1,0.0009132
122,dysegan,<code>dysegan</code>,1,0.0009132
122,dysegum,<code>dysegum</code>,1,0.0009132
122,dysiges,<code>dysiges</code>,1,0.0009132
122,eac,<code>eac</code>,1,0.0009132
122,eadignesse,<code>eadignesse</code>,1,0.0009132
122,eadleane,<code>eadleane</code>,1,0.0009132
122,eallon,<code>eallon</code>,1,0.0009132
122,eallra,<code>eallra</code>,1,0.0009132
122,eallum,<code>eallum</code>,1,0.0009132
122,eart,<code>eart</code>,1,0.0009132
122,eld,<code>eld</code>,1,0.0009132
122,ende,<code>ende</code>,1,0.0009132
122,eode,<code>eode</code>,1,0.0009132
122,eor&thorn;an,<code>eor&amp;t;an</code>,1,0.0009132
122,eulixes,<code>eulixes</code>,1,0.0009132
122,f&aelig;ger,<code>f&amp;ae;ger</code>,1,0.0009132
122,f&aelig;gernesse,<code>f&amp;ae;gernesse</code>,1,0.0009132
122,f&aelig;gnedon,<code>f&amp;ae;gnedon</code>,1,0.0009132
122,f&aelig;gnia&eth;,<code>f&amp;ae;gnia&amp;d;</code>,1,0.0009132
122,f&aelig;gnodon,<code>f&amp;ae;gnodon</code>,1,0.0009132
122,fela,<code>fela</code>,1,0.0009132
122,fif,<code>fif</code>,1,0.0009132
122,fiounge,<code>fiounge</code>,1,0.0009132
122,folces,<code>folces</code>,1,0.0009132
122,for&thorn;am&thorn;e,<code>for&amp;t;am&amp;t;e</code>,1,0.0009132
122,for&thorn;oht,<code>for&amp;t;oht</code>,1,0.0009132
122,forcweden,<code>forcweden</code>,1,0.0009132
122,forem&aelig;rnes,<code>forem&amp;ae;rnes</code>,1,0.0009132
122,foreteohunga,<code>foreteohunga</code>,1,0.0009132
122,forhwy,<code>forhwy</code>,1,0.0009132
122,forl&aelig;tan,<code>forl&amp;ae;tan</code>,1,0.0009132
122,forl&aelig;te,<code>forl&amp;ae;te</code>,1,0.0009132
122,forloren,<code>forloren</code>,1,0.0009132
122,forme,<code>forme</code>,1,0.0009132
122,forsceapene,<code>forsceapene</code>,1,0.0009132
122,forwel,<code>forwel</code>,1,0.0009132
122,frefrian,<code>frefrian</code>,1,0.0009132
122,freodome,<code>freodome</code>,1,0.0009132
122,freondscipe,<code>freondscipe</code>,1,0.0009132
122,friend,<code>friend</code>,1,0.0009132
122,fulga&eth;,<code>fulga&amp;d;</code>,1,0.0009132
122,fyrsas,<code>fyrsas</code>,1,0.0009132
122,ge&thorn;iostra&thorn;,<code>ge&amp;t;iostra&amp;t;</code>,1,0.0009132
122,ge&thorn;olian,<code>ge&amp;t;olian</code>,1,0.0009132
122,geandsworian,<code>geandsworian</code>,1,0.0009132
122,gearnunga,<code>gearnunga</code>,1,0.0009132
122,geb&aelig;d,<code>geb&amp;ae;d</code>,1,0.0009132
122,gebringan,<code>gebringan</code>,1,0.0009132
122,gebroht,<code>gebroht</code>,1,0.0009132
122,gecyndes,<code>gecyndes</code>,1,0.0009132
122,gedwolan,<code>gedwolan</code>,1,0.0009132
122,gegaderie,<code>gegaderie</code>,1,0.0009132
122,gelicost,<code>gelicost</code>,1,0.0009132
122,gereht,<code>gereht</code>,1,0.0009132
122,ges&aelig;l&eth;a,<code>ges&amp;ae;l&amp;d;a</code>,1,0.0009132
122,ges&aelig;l&thorn;a,<code>ges&amp;ae;l&amp;t;a</code>,1,0.0009132
122,ges&aelig;lgost,<code>ges&amp;ae;lgost</code>,1,0.0009132
122,ges&aelig;lig,<code>ges&amp;ae;lig</code>,1,0.0009132
122,gesceadwisnesse,<code>gesceadwisnesse</code>,1,0.0009132
122,gesceaft,<code>gesceaft</code>,1,0.0009132
122,gesceaftum,<code>gesceaftum</code>,1,0.0009132
122,get&aelig;can,<code>get&amp;ae;can</code>,1,0.0009132
122,get&aelig;ht,<code>get&amp;ae;ht</code>,1,0.0009132
122,gewinne,<code>gewinne</code>,1,0.0009132
122,gewita&eth;,<code>gewita&amp;d;</code>,1,0.0009132
122,gewunnon,<code>gewunnon</code>,1,0.0009132
122,gewunod,<code>gewunod</code>,1,0.0009132
122,gitsung,<code>gitsung</code>,1,0.0009132
122,godena,<code>godena</code>,1,0.0009132
122,godnesse,<code>godnesse</code>,1,0.0009132
122,godum,<code>godum</code>,1,0.0009132
122,gotan,<code>gotan</code>,1,0.0009132
122,gyldenan,<code>gyldenan</code>,1,0.0009132
122,h&aelig;f&eth;,<code>h&amp;ae;f&amp;d;</code>,1,0.0009132
122,h&aelig;fdon,<code>h&amp;ae;fdon</code>,1,0.0009132
122,habba&eth;,<code>habba&amp;d;</code>,1,0.0009132
122,habban,<code>habban</code>,1,0.0009132
122,hafde,<code>hafde</code>,1,0.0009132
122,hatan,<code>hatan</code>,1,0.0009132
122,heafodbeah,<code>heafodbeah</code>,1,0.0009132
122,heh&thorn;,<code>heh&amp;t;</code>,1,0.0009132
122,hehstan,<code>hehstan</code>,1,0.0009132
122,hehste,<code>hehste</code>,1,0.0009132
122,heofen,<code>heofen</code>,1,0.0009132
122,her,<code>her</code>,1,0.0009132
122,herede,<code>herede</code>,1,0.0009132
122,het,<code>het</code>,1,0.0009132
122,hira,<code>hira</code>,1,0.0009132
122,hus,<code>hus</code>,1,0.0009132
122,hw&aelig;&eth;er,<code>hw&amp;ae;&amp;d;er</code>,1,0.0009132
122,hw&aelig;r,<code>hw&amp;ae;r</code>,1,0.0009132
122,hwam,<code>hwam</code>,1,0.0009132
122,hwes,<code>hwes</code>,1,0.0009132
122,hwi,<code>hwi</code>,1,0.0009132
122,inne,<code>inne</code>,1,0.0009132
122,l&aelig;ssan,<code>l&amp;ae;ssan</code>,1,0.0009132
122,l&aelig;te,<code>l&amp;ae;te</code>,1,0.0009132
122,la&thorn;e,<code>la&amp;t;e</code>,1,0.0009132
122,la&thorn;es,<code>la&amp;t;es</code>,1,0.0009132
122,ladteaw,<code>ladteaw</code>,1,0.0009132
122,lar,<code>lar</code>,1,0.0009132
122,lean,<code>lean</code>,1,0.0009132
122,leohte,<code>leohte</code>,1,0.0009132
122,lician,<code>lician</code>,1,0.0009132
122,lustas,<code>lustas</code>,1,0.0009132
122,lustum,<code>lustum</code>,1,0.0009132
122,m&aelig;&thorn;e,<code>m&amp;ae;&amp;t;e</code>,1,0.0009132
122,m&aelig;g&thorn;,<code>m&amp;ae;g&amp;t;</code>,1,0.0009132
122,m&aelig;ge,<code>m&amp;ae;ge</code>,1,0.0009132
122,m&aelig;gne,<code>m&amp;ae;gne</code>,1,0.0009132
122,m&aelig;nde,<code>m&amp;ae;nde</code>,1,0.0009132
122,m&aelig;te,<code>m&amp;ae;te</code>,1,0.0009132
122,ma,<code>ma</code>,1,0.0009132
122,macian,<code>macian</code>,1,0.0009132
122,man,<code>man</code>,1,0.0009132
122,manigfeald,<code>manigfeald</code>,1,0.0009132
122,manna,<code>manna</code>,1,0.0009132
122,mannum,<code>mannum</code>,1,0.0009132
122,maran,<code>maran</code>,1,0.0009132
122,meahtan,<code>meahtan</code>,1,0.0009132
122,menn,<code>menn</code>,1,0.0009132
122,mer&eth;,<code>mer&amp;d;</code>,1,0.0009132
122,mihton,<code>mihton</code>,1,0.0009132
122,mistlicu,<code>mistlicu</code>,1,0.0009132
122,monnes,<code>monnes</code>,1,0.0009132
122,mycelan,<code>mycelan</code>,1,0.0009132
122,n&aelig;f&eth;,<code>n&amp;ae;f&amp;d;</code>,1,0.0009132
122,n&aelig;fre,<code>n&amp;ae;fre</code>,1,0.0009132
122,n&aelig;ran,<code>n&amp;ae;ran</code>,1,0.0009132
122,n&aelig;re,<code>n&amp;ae;re</code>,1,0.0009132
122,na&eth;er,<code>na&amp;d;er</code>,1,0.0009132
122,nabba&thorn;,<code>nabba&amp;t;</code>,1,0.0009132
122,naht,<code>naht</code>,1,0.0009132
122,nauht,<code>nauht</code>,1,0.0009132
122,nauhtas,<code>nauhtas</code>,1,0.0009132
122,nearanessa,<code>nearanessa</code>,1,0.0009132
122,neawest,<code>neawest</code>,1,0.0009132
122,nele,<code>nele</code>,1,0.0009132
122,nerone,<code>nerone</code>,1,0.0009132
122,nerones,<code>nerones</code>,1,0.0009132
122,netenu,<code>netenu</code>,1,0.0009132
122,no,<code>no</code>,1,0.0009132
122,nonius,<code>nonius</code>,1,0.0009132
122,o&eth;,<code>o&amp;d;</code>,1,0.0009132
122,o&eth;re,<code>o&amp;d;re</code>,1,0.0009132
122,o&thorn;re,<code>o&amp;t;re</code>,1,0.0009132
122,o&thorn;rum,<code>o&amp;t;rum</code>,1,0.0009132
122,oferliht,<code>oferliht</code>,1,0.0009132
122,ofermodan,<code>ofermodan</code>,1,0.0009132
122,ofseten,<code>ofseten</code>,1,0.0009132
122,oft,<code>oft</code>,1,0.0009132
122,omerus,<code>omerus</code>,1,0.0009132
122,onberede,<code>onberede</code>,1,0.0009132
122,ongiten,<code>ongiten</code>,1,0.0009132
122,oninnan,<code>oninnan</code>,1,0.0009132
122,openre,<code>openre</code>,1,0.0009132
122,orsorgan,<code>orsorgan</code>,1,0.0009132
122,orsorhnes,<code>orsorhnes</code>,1,0.0009132
122,ra&eth;or,<code>ra&amp;d;or</code>,1,0.0009132
122,reahte,<code>reahte</code>,1,0.0009132
122,rete,<code>rete</code>,1,0.0009132
122,rican,<code>rican</code>,1,0.0009132
122,rice,<code>rice</code>,1,0.0009132
122,rihte,<code>rihte</code>,1,0.0009132
122,romana,<code>romana</code>,1,0.0009132
122,ryhtre,<code>ryhtre</code>,1,0.0009132
122,ryhtum,<code>ryhtum</code>,1,0.0009132
122,s&aelig;,<code>s&amp;ae;</code>,1,0.0009132
122,s&aelig;l&eth;a,<code>s&amp;ae;l&amp;d;a</code>,1,0.0009132
122,s&aelig;l&thorn;a,<code>s&amp;ae;l&amp;t;a</code>,1,0.0009132
122,s&aelig;te,<code>s&amp;ae;te</code>,1,0.0009132
122,sang,<code>sang</code>,1,0.0009132
122,sange,<code>sange</code>,1,0.0009132
122,sar,<code>sar</code>,1,0.0009132
122,sare,<code>sare</code>,1,0.0009132
122,sawan,<code>sawan</code>,1,0.0009132
122,sawle,<code>sawle</code>,1,0.0009132
122,sceal,<code>sceal</code>,1,0.0009132
122,sceamian,<code>sceamian</code>,1,0.0009132
122,sceop,<code>sceop</code>,1,0.0009132
122,scipes,<code>scipes</code>,1,0.0009132
122,scop,<code>scop</code>,1,0.0009132
122,scyldig,<code>scyldig</code>,1,0.0009132
122,secgan,<code>secgan</code>,1,0.0009132
122,segele,<code>segele</code>,1,0.0009132
122,selfe,<code>selfe</code>,1,0.0009132
122,sen,<code>sen</code>,1,0.0009132
122,send,<code>send</code>,1,0.0009132
122,seofiende,<code>seofiende</code>,1,0.0009132
122,sette,<code>sette</code>,1,0.0009132
122,singende,<code>singende</code>,1,0.0009132
122,smealicor,<code>smealicor</code>,1,0.0009132
122,smealicre,<code>smealicre</code>,1,0.0009132
122,smyltan,<code>smyltan</code>,1,0.0009132
122,so&eth;,<code>so&amp;d;</code>,1,0.0009132
122,so&eth;ena,<code>so&amp;d;ena</code>,1,0.0009132
122,so&eth;um,<code>so&amp;d;um</code>,1,0.0009132
122,so&thorn;ra,<code>so&amp;t;ra</code>,1,0.0009132
122,sorgum,<code>sorgum</code>,1,0.0009132
122,spella,<code>spella</code>,1,0.0009132
122,spr&aelig;ce,<code>spr&amp;ae;ce</code>,1,0.0009132
122,sprecan,<code>sprecan</code>,1,0.0009132
122,spyrian,<code>spyrian</code>,1,0.0009132
122,steoran,<code>steoran</code>,1,0.0009132
122,steorro&eth;re,<code>steorro&amp;d;re</code>,1,0.0009132
122,sume,<code>sume</code>,1,0.0009132
122,swelce,<code>swelce</code>,1,0.0009132
122,swetre,<code>swetre</code>,1,0.0009132
122,swi&eth;or,<code>swi&amp;d;or</code>,1,0.0009132
122,swi&eth;ost,<code>swi&amp;d;ost</code>,1,0.0009132
122,swytole,<code>swytole</code>,1,0.0009132
122,tele,<code>tele</code>,1,0.0009132
122,tilade,<code>tilade</code>,1,0.0009132
122,timbrian,<code>timbrian</code>,1,0.0009132
122,troia,<code>troia</code>,1,0.0009132
122,tunglum,<code>tunglum</code>,1,0.0009132
122,twa,<code>twa</code>,1,0.0009132
122,under,<code>under</code>,1,0.0009132
122,ungelice,<code>ungelice</code>,1,0.0009132
122,unges&aelig;lig,<code>unges&amp;ae;lig</code>,1,0.0009132
122,unnyttan,<code>unnyttan</code>,1,0.0009132
122,unnytte,<code>unnytte</code>,1,0.0009132
122,unrihtre,<code>unrihtre</code>,1,0.0009132
122,unrihtwisnesse,<code>unrihtwisnesse</code>,1,0.0009132
122,unryhtwisan,<code>unryhtwisan</code>,1,0.0009132
122,w&aelig;ren,<code>w&amp;ae;ren</code>,1,0.0009132
122,w&aelig;stmb&aelig;re,<code>w&amp;ae;stmb&amp;ae;re</code>,1,0.0009132
122,waldendne,<code>waldendne</code>,1,0.0009132
122,wana,<code>wana</code>,1,0.0009132
122,we,<code>we</code>,1,0.0009132
122,wealt,<code>wealt</code>,1,0.0009132
122,welig,<code>welig</code>,1,0.0009132
122,weligne,<code>weligne</code>,1,0.0009132
122,weline,<code>weline</code>,1,0.0009132
122,wendon,<code>wendon</code>,1,0.0009132
122,weod,<code>weod</code>,1,0.0009132
122,weor&thorn;ne,<code>weor&amp;t;ne</code>,1,0.0009132
122,weor&thorn;scipe,<code>weor&amp;t;scipe</code>,1,0.0009132
122,weorca,<code>weorca</code>,1,0.0009132
122,weorce,<code>weorce</code>,1,0.0009132
122,wi&eth;erweardan,<code>wi&amp;d;erweardan</code>,1,0.0009132
122,wildeorum,<code>wildeorum</code>,1,0.0009132
122,willnia&eth;,<code>willnia&amp;d;</code>,1,0.0009132
122,wilna&eth;,<code>wilna&amp;d;</code>,1,0.0009132
122,windes,<code>windes</code>,1,0.0009132
122,wisdome,<code>wisdome</code>,1,0.0009132
122,witu,<code>witu</code>,1,0.0009132
122,wolcnum,<code>wolcnum</code>,1,0.0009132
122,woldon,<code>woldon</code>,1,0.0009132
122,woruld,<code>woruld</code>,1,0.0009132
122,worulds&aelig;l&eth;a,<code>worulds&amp;ae;l&amp;d;a</code>,1,0.0009132
122,wriga&eth;,<code>wriga&amp;d;</code>,1,0.0009132
122,wurdan,<code>wurdan</code>,1,0.0009132
122,wynsuman,<code>wynsuman</code>,1,0.0009132
122,wyrd,<code>wyrd</code>,1,0.0009132
122,yfelum,<code>yfelum</code>,1,0.0009132
122,ymbhogan,<code>ymbhogan</code>,1,0.0009132
122,ymbutan,<code>ymbutan</code>,1,0.0009132
122,yst,<code>yst</code>,1,0.0009132
