B_Prose,B09,B09.009.001_Eluc_1__Warn_45__T06960.txt,479,323,1510
RANK,HTML WORD,RAW WORD,COUNT,RELATIVE FREQUENCY
1,&amp;,<code>&amp;amp;</code>,108,0.0715232
2,heo,<code>heo</code>,57,0.0377483
3,&thorn;a,<code>&amp;t;a</code>,56,0.0370861
4,&thorn;&aelig;t,<code>&amp;t;&amp;ae;t</code>,52,0.0344371
5,for,<code>for</code>,46,0.0304636
6,&thorn;an,<code>&amp;t;an</code>,32,0.0211921
7,on,<code>on</code>,31,0.0205298
8,god,<code>god</code>,30,0.0198675
9,&thorn;e,<code>&amp;t;e</code>,29,0.0192053
10,is,<code>is</code>,25,0.0165563
11,by&eth;,<code>by&amp;d;</code>,23,0.0152318
12,gode,<code>gode</code>,22,0.0145695
13,m&aelig;nn,<code>m&amp;ae;nn</code>,20,0.0132450
14,heora,<code>heora</code>,19,0.0125828
14,ne,<code>ne</code>,19,0.0125828
14,swa,<code>swa</code>,19,0.0125828
17,habbe&eth;,<code>habbe&amp;d;</code>,17,0.0112583
17,he,<code>he</code>,17,0.0112583
19,of,<code>of</code>,16,0.0105960
20,ac,<code>ac</code>,14,0.0092715
20,to,<code>to</code>,14,0.0092715
22,mann,<code>mann</code>,13,0.0086093
23,hit,<code>hit</code>,12,0.0079470
23,yfel,<code>yfel</code>,12,0.0079470
25,&thorn;ing,<code>&amp;t;ing</code>,10,0.0066225
25,heom,<code>heom</code>,10,0.0066225
25,mannen,<code>mannen</code>,10,0.0066225
25,nan,<code>nan</code>,10,0.0066225
29,beo,<code>beo</code>,9,0.0059603
29,eft,<code>eft</code>,9,0.0059603
29,mid,<code>mid</code>,9,0.0059603
32,&thorn;&aelig;re,<code>&amp;t;&amp;ae;re</code>,8,0.0052980
32,godes,<code>godes</code>,8,0.0052980
32,synne,<code>synne</code>,8,0.0052980
32,yfele,<code>yfele</code>,8,0.0052980
36,&thorn;urh,<code>&amp;t;urh</code>,7,0.0046358
36,mugen,<code>mugen</code>,7,0.0046358
36,nis,<code>nis</code>,7,0.0046358
36,synden,<code>synden</code>,7,0.0046358
40,&thorn;onne,<code>&amp;t;onne</code>,6,0.0039735
40,beon,<code>beon</code>,6,0.0039735
40,eall,<code>eall</code>,6,0.0039735
40,geworhte,<code>geworhte</code>,6,0.0039735
40,habben,<code>habben</code>,6,0.0039735
40,his,<code>his</code>,6,0.0039735
40,n&aelig;fre,<code>n&amp;ae;fre</code>,6,0.0039735
40,sum,<code>sum</code>,6,0.0039735
40,sume,<code>sume</code>,6,0.0039735
40,wurlde,<code>wurlde</code>,6,0.0039735
50,&thorn;yssen,<code>&amp;t;yssen</code>,5,0.0033113
50,blisse,<code>blisse</code>,5,0.0033113
50,helle,<code>helle</code>,5,0.0033113
50,lufe&eth;,<code>lufe&amp;d;</code>,5,0.0033113
50,man,<code>man</code>,5,0.0033113
50,middenearde,<code>middenearde</code>,5,0.0033113
50,mycele,<code>mycele</code>,5,0.0033113
50,rice,<code>rice</code>,5,0.0033113
50,sculen,<code>sculen</code>,5,0.0033113
50,se,<code>se</code>,5,0.0033113
50,ure,<code>ure</code>,5,0.0033113
61,&aelig;hte,<code>&amp;ae;hte</code>,4,0.0026490
61,&thorn;one,<code>&amp;t;one</code>,4,0.0026490
61,bute,<code>bute</code>,4,0.0026490
61,ealle,<code>ealle</code>,4,0.0026490
61,f&aelig;gere,<code>f&amp;ae;gere</code>,4,0.0026490
61,gyf,<code>gyf</code>,4,0.0026490
61,h&aelig;f&eth;,<code>h&amp;ae;f&amp;d;</code>,4,0.0026490
61,h&aelig;le,<code>h&amp;ae;le</code>,4,0.0026490
61,him,<code>him</code>,4,0.0026490
61,hw&aelig;t,<code>hw&amp;ae;t</code>,4,0.0026490
61,hwu,<code>hwu</code>,4,0.0026490
61,mihte,<code>mihte</code>,4,0.0026490
61,o&eth;&eth;e,<code>o&amp;d;&amp;d;e</code>,4,0.0026490
61,wele,<code>wele</code>,4,0.0026490
75,&aelig;fre,<code>&amp;ae;fre</code>,3,0.0019868
75,&aelig;t,<code>&amp;ae;t</code>,3,0.0019868
75,arlease,<code>arlease</code>,3,0.0019868
75,de&eth;,<code>de&amp;d;</code>,3,0.0019868
75,don,<code>don</code>,3,0.0019868
75,drihten,<code>drihten</code>,3,0.0019868
75,drihtene,<code>drihtene</code>,3,0.0019868
75,erm&eth;e,<code>erm&amp;d;e</code>,3,0.0019868
75,gecerren,<code>gecerren</code>,3,0.0019868
75,gedon,<code>gedon</code>,3,0.0019868
75,gewriten,<code>gewriten</code>,3,0.0019868
75,hwy,<code>hwy</code>,3,0.0019868
75,lif,<code>lif</code>,3,0.0019868
75,na,<code>na</code>,3,0.0019868
75,naht,<code>naht</code>,3,0.0019868
75,sone,<code>sone</code>,3,0.0019868
75,swy&eth;e,<code>swy&amp;d;e</code>,3,0.0019868
75,sy&eth;&eth;en,<code>sy&amp;d;&amp;d;en</code>,3,0.0019868
75,we,<code>we</code>,3,0.0019868
75,wel,<code>wel</code>,3,0.0019868
75,wille,<code>wille</code>,3,0.0019868
75,yfela,<code>yfela</code>,3,0.0019868
97,&aelig;fter,<code>&amp;ae;fter</code>,2,0.0013245
97,&aelig;lc,<code>&amp;ae;lc</code>,2,0.0013245
97,&aelig;lces,<code>&amp;ae;lces</code>,2,0.0013245
97,&aelig;nig,<code>&amp;ae;nig</code>,2,0.0013245
97,&thorn;&aelig;r,<code>&amp;t;&amp;ae;r</code>,2,0.0013245
97,&thorn;&aelig;rto,<code>&amp;t;&amp;ae;rto</code>,2,0.0013245
97,&thorn;aget,<code>&amp;t;aget</code>,2,0.0013245
97,&thorn;egne&eth;,<code>&amp;t;egne&amp;d;</code>,2,0.0013245
97,&thorn;eh,<code>&amp;t;eh</code>,2,0.0013245
97,&thorn;ehhwe&eth;ere,<code>&amp;t;ehhwe&amp;d;ere</code>,2,0.0013245
97,an,<code>an</code>,2,0.0013245
97,antimber,<code>antimber</code>,2,0.0013245
97,beginne&eth;,<code>beginne&amp;d;</code>,2,0.0013245
97,buten,<code>buten</code>,2,0.0013245
97,byrstige,<code>byrstige</code>,2,0.0013245
97,deofol,<code>deofol</code>,2,0.0013245
97,ealla,<code>ealla</code>,2,0.0013245
97,fordem&eth;,<code>fordem&amp;d;</code>,2,0.0013245
97,forleger,<code>forleger</code>,2,0.0013245
97,frigdom,<code>frigdom</code>,2,0.0013245
97,gebytlen,<code>gebytlen</code>,2,0.0013245
97,gecorene,<code>gecorene</code>,2,0.0013245
97,gefor&eth;igen,<code>gefor&amp;d;igen</code>,2,0.0013245
97,geofe,<code>geofe</code>,2,0.0013245
97,gewill,<code>gewill</code>,2,0.0013245
97,goden,<code>goden</code>,2,0.0013245
97,hata&eth;,<code>hata&amp;d;</code>,2,0.0013245
97,heore,<code>heore</code>,2,0.0013245
97,into,<code>into</code>,2,0.0013245
97,l&aelig;ste,<code>l&amp;ae;ste</code>,2,0.0013245
97,lange,<code>lange</code>,2,0.0013245
97,leofe&eth;,<code>leofe&amp;d;</code>,2,0.0013245
97,lichames,<code>lichames</code>,2,0.0013245
97,lit,<code>lit</code>,2,0.0013245
97,ly&eth;ere,<code>ly&amp;d;ere</code>,2,0.0013245
97,lytel,<code>lytel</code>,2,0.0013245
97,m&aelig;ig,<code>m&amp;ae;ig</code>,2,0.0013245
97,m&aelig;n,<code>m&amp;ae;n</code>,2,0.0013245
97,manig,<code>manig</code>,2,0.0013245
97,manslege,<code>manslege</code>,2,0.0013245
97,mare,<code>mare</code>,2,0.0013245
97,mycel,<code>mycel</code>,2,0.0013245
97,nabbe&eth;,<code>nabbe&amp;d;</code>,2,0.0013245
97,nane,<code>nane</code>,2,0.0013245
97,pine,<code>pine</code>,2,0.0013245
97,s&aelig;ig&eth;,<code>s&amp;ae;ig&amp;d;</code>,2,0.0013245
97,seo,<code>seo</code>,2,0.0013245
97,smi&eth;,<code>smi&amp;d;</code>,2,0.0013245
97,so&eth;,<code>so&amp;d;</code>,2,0.0013245
97,swelte&eth;,<code>swelte&amp;d;</code>,2,0.0013245
97,swylce,<code>swylce</code>,2,0.0013245
97,swylcen,<code>swylcen</code>,2,0.0013245
97,sylf,<code>sylf</code>,2,0.0013245
97,teonlease,<code>teonlease</code>,2,0.0013245
97,understanden,<code>understanden</code>,2,0.0013245
97,unfere,<code>unfere</code>,2,0.0013245
97,w&aelig;s,<code>w&amp;ae;s</code>,2,0.0013245
97,welen,<code>welen</code>,2,0.0013245
97,welige,<code>welige</code>,2,0.0013245
97,wyrhte,<code>wyrhte</code>,2,0.0013245
157,&aelig;lce,<code>&amp;ae;lce</code>,1,0.0006623
157,&aelig;lcen,<code>&amp;ae;lcen</code>,1,0.0006623
157,&aelig;lcne,<code>&amp;ae;lcne</code>,1,0.0006623
157,&aelig;r,<code>&amp;ae;r</code>,1,0.0006623
157,&aelig;rest,<code>&amp;ae;rest</code>,1,0.0006623
157,&aelig;s,<code>&amp;ae;s</code>,1,0.0006623
157,&eth;eh,<code>&amp;d;eh</code>,1,0.0006623
157,&thorn;&aelig;ra,<code>&amp;t;&amp;ae;ra</code>,1,0.0006623
157,&thorn;&aelig;s,<code>&amp;t;&amp;ae;s</code>,1,0.0006623
157,&thorn;eawen,<code>&amp;t;eawen</code>,1,0.0006623
157,&thorn;ehhw&eth;ere,<code>&amp;t;ehhw&amp;d;ere</code>,1,0.0006623
157,&thorn;enunga,<code>&amp;t;enunga</code>,1,0.0006623
157,&thorn;eowen,<code>&amp;t;eowen</code>,1,0.0006623
157,&thorn;ere,<code>&amp;t;ere</code>,1,0.0006623
157,&thorn;inge,<code>&amp;t;inge</code>,1,0.0006623
157,&thorn;ingen,<code>&amp;t;ingen</code>,1,0.0006623
157,&thorn;olemodnysse,<code>&amp;t;olemodnysse</code>,1,0.0006623
157,&thorn;u,<code>&amp;t;u</code>,1,0.0006623
157,&thorn;urhwunige&eth;,<code>&amp;t;urhwunige&amp;d;</code>,1,0.0006623
157,&thorn;ynce,<code>&amp;t;ynce</code>,1,0.0006623
157,&thorn;ysser,<code>&amp;t;ysser</code>,1,0.0006623
157,acwelmede,<code>acwelmede</code>,1,0.0006623
157,adun,<code>adun</code>,1,0.0006623
157,afyrhte,<code>afyrhte</code>,1,0.0006623
157,agen,<code>agen</code>,1,0.0006623
157,agene,<code>agene</code>,1,0.0006623
157,aht,<code>aht</code>,1,0.0006623
157,ane,<code>ane</code>,1,0.0006623
157,angles,<code>angles</code>,1,0.0006623
157,anre,<code>anre</code>,1,0.0006623
157,antimbre,<code>antimbre</code>,1,0.0006623
157,asadede,<code>asadede</code>,1,0.0006623
157,ascunigen,<code>ascunigen</code>,1,0.0006623
157,ateorigendlice,<code>ateorigendlice</code>,1,0.0006623
157,be&eth;&aelig;ncen,<code>be&amp;d;&amp;ae;ncen</code>,1,0.0006623
157,behefe,<code>behefe</code>,1,0.0006623
157,beliges,<code>beliges</code>,1,0.0006623
157,benyme,<code>benyme</code>,1,0.0006623
157,beornen,<code>beornen</code>,1,0.0006623
157,bereafode,<code>bereafode</code>,1,0.0006623
157,berist,<code>berist</code>,1,0.0006623
157,bescuf&eth;,<code>bescuf&amp;d;</code>,1,0.0006623
157,beswic&eth;,<code>beswic&amp;d;</code>,1,0.0006623
157,beteald,<code>beteald</code>,1,0.0006623
157,betellen,<code>betellen</code>,1,0.0006623
157,beteon,<code>beteon</code>,1,0.0006623
157,betere,<code>betere</code>,1,0.0006623
157,betweonen,<code>betweonen</code>,1,0.0006623
157,bew&aelig;fde,<code>bew&amp;ae;fde</code>,1,0.0006623
157,binnen,<code>binnen</code>,1,0.0006623
157,bitere,<code>bitere</code>,1,0.0006623
157,biternyssen,<code>biternyssen</code>,1,0.0006623
157,bli&eth;e,<code>bli&amp;d;e</code>,1,0.0006623
157,bli&eth;elice,<code>bli&amp;d;elice</code>,1,0.0006623
157,blissoden,<code>blissoden</code>,1,0.0006623
157,bring&eth;,<code>bring&amp;d;</code>,1,0.0006623
157,brucane,<code>brucane</code>,1,0.0006623
157,brynstanes,<code>brynstanes</code>,1,0.0006623
157,byrstes,<code>byrstes</code>,1,0.0006623
157,cann,<code>cann</code>,1,0.0006623
157,cele,<code>cele</code>,1,0.0006623
157,costninga,<code>costninga</code>,1,0.0006623
157,cwarterne,<code>cwarterne</code>,1,0.0006623
157,cyre,<code>cyre</code>,1,0.0006623
157,d&aelig;ige,<code>d&amp;ae;ige</code>,1,0.0006623
157,d&aelig;l,<code>d&amp;ae;l</code>,1,0.0006623
157,d&aelig;le,<code>d&amp;ae;le</code>,1,0.0006623
157,dauid,<code>dauid</code>,1,0.0006623
157,dea&eth;,<code>dea&amp;d;</code>,1,0.0006623
157,dea&eth;e,<code>dea&amp;d;e</code>,1,0.0006623
157,deorewur&eth;e,<code>deorewur&amp;d;e</code>,1,0.0006623
157,do,<code>do</code>,1,0.0006623
157,do&eth;,<code>do&amp;d;</code>,1,0.0006623
157,donne,<code>donne</code>,1,0.0006623
157,dr&aelig;ncen,<code>dr&amp;ae;ncen</code>,1,0.0006623
157,drigen,<code>drigen</code>,1,0.0006623
157,drohtnigen,<code>drohtnigen</code>,1,0.0006623
157,drohtnunga,<code>drohtnunga</code>,1,0.0006623
157,drohtnunge,<code>drohtnunge</code>,1,0.0006623
157,dwelige&eth;,<code>dwelige&amp;d;</code>,1,0.0006623
157,eac,<code>eac</code>,1,0.0006623
157,eadige,<code>eadige</code>,1,0.0006623
157,eallen,<code>eallen</code>,1,0.0006623
157,eallra,<code>eallra</code>,1,0.0006623
157,eallswa,<code>eallswa</code>,1,0.0006623
157,earfo&eth;nysse,<code>earfo&amp;d;nysse</code>,1,0.0006623
157,earninga,<code>earninga</code>,1,0.0006623
157,ecnysse,<code>ecnysse</code>,1,0.0006623
157,ednysse,<code>ednysse</code>,1,0.0006623
157,ege,<code>ege</code>,1,0.0006623
157,eh&eth;,<code>eh&amp;d;</code>,1,0.0006623
157,ehteres,<code>ehteres</code>,1,0.0006623
157,emcristene,<code>emcristene</code>,1,0.0006623
157,eodan,<code>eodan</code>,1,0.0006623
157,eremingas,<code>eremingas</code>,1,0.0006623
157,erm&eth;en,<code>erm&amp;d;en</code>,1,0.0006623
157,estlice,<code>estlice</code>,1,0.0006623
157,f&aelig;gernysse,<code>f&amp;ae;gernysse</code>,1,0.0006623
157,f&aelig;stne&eth;,<code>f&amp;ae;stne&amp;d;</code>,1,0.0006623
157,feola,<code>feola</code>,1,0.0006623
157,fielen,<code>fielen</code>,1,0.0006623
157,fissces,<code>fissces</code>,1,0.0006623
157,forbisne,<code>forbisne</code>,1,0.0006623
157,forealdige&eth;,<code>forealdige&amp;d;</code>,1,0.0006623
157,forelcodan,<code>forelcodan</code>,1,0.0006623
157,forgeofen,<code>forgeofen</code>,1,0.0006623
157,forl&aelig;te&eth;,<code>forl&amp;ae;te&amp;d;</code>,1,0.0006623
157,forwurpe&eth;,<code>forwurpe&amp;d;</code>,1,0.0006623
157,fram,<code>fram</code>,1,0.0006623
157,fremfullre,<code>fremfullre</code>,1,0.0006623
157,fridom,<code>fridom</code>,1,0.0006623
157,frofre,<code>frofre</code>,1,0.0006623
157,fylste,<code>fylste</code>,1,0.0006623
157,fyre,<code>fyre</code>,1,0.0006623
157,fyrste,<code>fyrste</code>,1,0.0006623
157,ge&eth;anca,<code>ge&amp;d;anca</code>,1,0.0006623
157,ge&eth;eowtod,<code>ge&amp;d;eowtod</code>,1,0.0006623
157,ge&eth;ing&eth;e,<code>ge&amp;d;ing&amp;d;e</code>,1,0.0006623
157,ge&eth;rowigen,<code>ge&amp;d;rowigen</code>,1,0.0006623
157,geaf,<code>geaf</code>,1,0.0006623
157,gebide&eth;,<code>gebide&amp;d;</code>,1,0.0006623
157,gebring&eth;,<code>gebring&amp;d;</code>,1,0.0006623
157,geceosan,<code>geceosan</code>,1,0.0006623
157,gecerre&eth;,<code>gecerre&amp;d;</code>,1,0.0006623
157,gecl&aelig;nsa&eth;,<code>gecl&amp;ae;nsa&amp;d;</code>,1,0.0006623
157,gecl&aelig;nsod,<code>gecl&amp;ae;nsod</code>,1,0.0006623
157,gedrefde,<code>gedrefde</code>,1,0.0006623
157,gedrefodnysse,<code>gedrefodnysse</code>,1,0.0006623
157,geearnod,<code>geearnod</code>,1,0.0006623
157,gefandode,<code>gefandode</code>,1,0.0006623
157,gefostrede,<code>gefostrede</code>,1,0.0006623
157,gefyllde,<code>gefyllde</code>,1,0.0006623
157,gegripe&eth;,<code>gegripe&amp;d;</code>,1,0.0006623
157,gegylt,<code>gegylt</code>,1,0.0006623
157,gela&eth;ede,<code>gela&amp;d;ede</code>,1,0.0006623
157,geletten,<code>geletten</code>,1,0.0006623
157,gelice,<code>gelice</code>,1,0.0006623
157,gem&eth;,<code>gem&amp;d;</code>,1,0.0006623
157,gemanede,<code>gemanede</code>,1,0.0006623
157,gemun&eth;,<code>gemun&amp;d;</code>,1,0.0006623
157,genoge,<code>genoge</code>,1,0.0006623
157,genoh,<code>genoh</code>,1,0.0006623
157,ges&aelig;lige,<code>ges&amp;ae;lige</code>,1,0.0006623
157,gesceaften,<code>gesceaften</code>,1,0.0006623
157,gescop,<code>gescop</code>,1,0.0006623
157,geswungene,<code>geswungene</code>,1,0.0006623
157,geswynce,<code>geswynce</code>,1,0.0006623
157,geswyncleas,<code>geswyncleas</code>,1,0.0006623
157,get,<code>get</code>,1,0.0006623
157,geteontrege&eth;,<code>geteontrege&amp;d;</code>,1,0.0006623
157,getidan,<code>getidan</code>,1,0.0006623
157,getitt,<code>getitt</code>,1,0.0006623
157,gety&eth;ed,<code>gety&amp;d;ed</code>,1,0.0006623
157,gew&aelig;den,<code>gew&amp;ae;den</code>,1,0.0006623
157,gew&aelig;nde&eth;,<code>gew&amp;ae;nde&amp;d;</code>,1,0.0006623
157,gew&aelig;nt,<code>gew&amp;ae;nt</code>,1,0.0006623
157,gew&aelig;rre,<code>gew&amp;ae;rre</code>,1,0.0006623
157,gewille,<code>gewille</code>,1,0.0006623
157,gewilles,<code>gewilles</code>,1,0.0006623
157,gewillnige&eth;,<code>gewillnige&amp;d;</code>,1,0.0006623
157,gewittscipe,<code>gewittscipe</code>,1,0.0006623
157,gewulderbegede,<code>gewulderbegede</code>,1,0.0006623
157,gewur&eth;e&eth;,<code>gewur&amp;d;e&amp;d;</code>,1,0.0006623
157,godnysse,<code>godnysse</code>,1,0.0006623
157,godnyssen,<code>godnyssen</code>,1,0.0006623
157,godspell,<code>godspell</code>,1,0.0006623
157,goliam,<code>goliam</code>,1,0.0006623
157,gr&aelig;mige&eth;,<code>gr&amp;ae;mige&amp;d;</code>,1,0.0006623
157,gram,<code>gram</code>,1,0.0006623
157,gyf&eth;,<code>gyf&amp;d;</code>,1,0.0006623
157,h&aelig;fde,<code>h&amp;ae;fde</code>,1,0.0006623
157,h&aelig;ftungan,<code>h&amp;ae;ftungan</code>,1,0.0006623
157,h&aelig;se,<code>h&amp;ae;se</code>,1,0.0006623
157,halgena,<code>halgena</code>,1,0.0006623
157,hameres,<code>hameres</code>,1,0.0006623
157,hate&eth;,<code>hate&amp;d;</code>,1,0.0006623
157,hatunge,<code>hatunge</code>,1,0.0006623
157,hefigteme,<code>hefigteme</code>,1,0.0006623
157,hellepinen,<code>hellepinen</code>,1,0.0006623
157,helpen,<code>helpen</code>,1,0.0006623
157,heofenlice,<code>heofenlice</code>,1,0.0006623
157,heofonlice,<code>heofonlice</code>,1,0.0006623
157,heor&eth;,<code>heor&amp;d;</code>,1,0.0006623
157,heow,<code>heow</code>,1,0.0006623
157,heowes,<code>heowes</code>,1,0.0006623
157,hindernysse,<code>hindernysse</code>,1,0.0006623
157,hindre,<code>hindre</code>,1,0.0006623
157,hine,<code>hine</code>,1,0.0006623
157,holofernem,<code>holofernem</code>,1,0.0006623
157,hungre,<code>hungre</code>,1,0.0006623
157,hwa,<code>hwa</code>,1,0.0006623
157,hwile,<code>hwile</code>,1,0.0006623
157,ic,<code>ic</code>,1,0.0006623
157,inne,<code>inne</code>,1,0.0006623
157,judith,<code>judith</code>,1,0.0006623
157,l&aelig;ng,<code>l&amp;ae;ng</code>,1,0.0006623
157,l&aelig;tt,<code>l&amp;ae;tt</code>,1,0.0006623
157,lang,<code>lang</code>,1,0.0006623
157,legge&eth;,<code>legge&amp;d;</code>,1,0.0006623
157,leof,<code>leof</code>,1,0.0006623
157,leofe,<code>leofe</code>,1,0.0006623
157,libbe&eth;,<code>libbe&amp;d;</code>,1,0.0006623
157,libben,<code>libben</code>,1,0.0006623
157,litigere,<code>litigere</code>,1,0.0006623
157,lufen,<code>lufen</code>,1,0.0006623
157,ly&eth;er,<code>ly&amp;d;er</code>,1,0.0006623
157,lytle,<code>lytle</code>,1,0.0006623
157,lytles,<code>lytles</code>,1,0.0006623
157,lyttlen,<code>lyttlen</code>,1,0.0006623
157,manega,<code>manega</code>,1,0.0006623
157,manna,<code>manna</code>,1,0.0006623
157,mansl&aelig;ge,<code>mansl&amp;ae;ge</code>,1,0.0006623
157,me,<code>me</code>,1,0.0006623
157,mede,<code>mede</code>,1,0.0006623
157,meten,<code>meten</code>,1,0.0006623
157,middeneard,<code>middeneard</code>,1,0.0006623
157,mycelan,<code>mycelan</code>,1,0.0006623
157,mycelne,<code>mycelne</code>,1,0.0006623
157,n&aelig;f&eth;,<code>n&amp;ae;f&amp;d;</code>,1,0.0006623
157,n&aelig;fte,<code>n&amp;ae;fte</code>,1,0.0006623
157,nanes,<code>nanes</code>,1,0.0006623
157,nele,<code>nele</code>,1,0.0006623
157,nelle&eth;,<code>nelle&amp;d;</code>,1,0.0006623
157,neorxenewange,<code>neorxenewange</code>,1,0.0006623
157,nolde,<code>nolde</code>,1,0.0006623
157,nu,<code>nu</code>,1,0.0006623
157,nym&eth;,<code>nym&amp;d;</code>,1,0.0006623
157,nyme,<code>nyme</code>,1,0.0006623
157,nyme&eth;,<code>nyme&amp;d;</code>,1,0.0006623
157,nymen,<code>nymen</code>,1,0.0006623
157,nytt,<code>nytt</code>,1,0.0006623
157,o&eth;er,<code>o&amp;d;er</code>,1,0.0006623
157,o&eth;re,<code>o&amp;d;re</code>,1,0.0006623
157,o&eth;ren,<code>o&amp;d;ren</code>,1,0.0006623
157,ofer,<code>ofer</code>,1,0.0006623
157,ongean,<code>ongean</code>,1,0.0006623
157,onhagige,<code>onhagige</code>,1,0.0006623
157,orfe,<code>orfe</code>,1,0.0006623
157,ra&eth;e,<code>ra&amp;d;e</code>,1,0.0006623
157,reafen,<code>reafen</code>,1,0.0006623
157,reste,<code>reste</code>,1,0.0006623
157,s&aelig;gst,<code>s&amp;ae;gst</code>,1,0.0006623
157,s&aelig;le,<code>s&amp;ae;le</code>,1,0.0006623
157,sagen,<code>sagen</code>,1,0.0006623
157,saregan,<code>saregan</code>,1,0.0006623
157,sawlen,<code>sawlen</code>,1,0.0006623
157,scande,<code>scande</code>,1,0.0006623
157,sceal,<code>sceal</code>,1,0.0006623
157,sceawe&eth;,<code>sceawe&amp;d;</code>,1,0.0006623
157,scolden,<code>scolden</code>,1,0.0006623
157,scrude,<code>scrude</code>,1,0.0006623
157,seggen,<code>seggen</code>,1,0.0006623
157,selen,<code>selen</code>,1,0.0006623
157,si&eth;e,<code>si&amp;d;e</code>,1,0.0006623
157,sicornysse,<code>sicornysse</code>,1,0.0006623
157,slea,<code>slea</code>,1,0.0006623
157,sloh,<code>sloh</code>,1,0.0006623
157,speca&eth;,<code>speca&amp;d;</code>,1,0.0006623
157,spedige,<code>spedige</code>,1,0.0006623
157,st&aelig;nc,<code>st&amp;ae;nc</code>,1,0.0006623
157,stica&eth;,<code>stica&amp;d;</code>,1,0.0006623
157,stranglice,<code>stranglice</code>,1,0.0006623
157,styde,<code>styde</code>,1,0.0006623
157,sumen,<code>sumen</code>,1,0.0006623
157,sune,<code>sune</code>,1,0.0006623
157,swelt,<code>swelt</code>,1,0.0006623
157,swicolan,<code>swicolan</code>,1,0.0006623
157,swing&eth;,<code>swing&amp;d;</code>,1,0.0006623
157,swingle,<code>swingle</code>,1,0.0006623
157,swinglen,<code>swinglen</code>,1,0.0006623
157,swotlice,<code>swotlice</code>,1,0.0006623
157,swylcere,<code>swylcere</code>,1,0.0006623
157,swylcne,<code>swylcne</code>,1,0.0006623
157,sylfen,<code>sylfen</code>,1,0.0006623
157,synd,<code>synd</code>,1,0.0006623
157,syndon,<code>syndon</code>,1,0.0006623
157,synegige,<code>synegige</code>,1,0.0006623
157,synnen,<code>synnen</code>,1,0.0006623
157,t&aelig;ce,<code>t&amp;ae;ce</code>,1,0.0006623
157,tale,<code>tale</code>,1,0.0006623
157,tangen,<code>tangen</code>,1,0.0006623
157,tellen,<code>tellen</code>,1,0.0006623
157,time,<code>time</code>,1,0.0006623
157,tol,<code>tol</code>,1,0.0006623
157,toswy&eth;e,<code>toswy&amp;d;e</code>,1,0.0006623
157,tungen,<code>tungen</code>,1,0.0006623
157,tyhtere,<code>tyhtere</code>,1,0.0006623
157,tyntrega,<code>tyntrega</code>,1,0.0006623
157,un&eth;eawen,<code>un&amp;d;eawen</code>,1,0.0006623
157,understande&eth;,<code>understande&amp;d;</code>,1,0.0006623
157,understandene,<code>understandene</code>,1,0.0006623
157,unfernysse,<code>unfernysse</code>,1,0.0006623
157,unges&aelig;lige,<code>unges&amp;ae;lige</code>,1,0.0006623
157,unh&aelig;l&eth;e,<code>unh&amp;ae;l&amp;d;e</code>,1,0.0006623
157,unmihte,<code>unmihte</code>,1,0.0006623
157,unmihtige,<code>unmihtige</code>,1,0.0006623
157,unrihte,<code>unrihte</code>,1,0.0006623
157,unrote,<code>unrote</code>,1,0.0006623
157,unscellice,<code>unscellice</code>,1,0.0006623
157,unwur&eth;,<code>unwur&amp;d;</code>,1,0.0006623
157,uren,<code>uren</code>,1,0.0006623
157,w&aelig;ron,<code>w&amp;ae;ron</code>,1,0.0006623
157,wane,<code>wane</code>,1,0.0006623
157,weoremes,<code>weoremes</code>,1,0.0006623
157,wica,<code>wica</code>,1,0.0006623
157,wifen,<code>wifen</code>,1,0.0006623
157,wifmanna,<code>wifmanna</code>,1,0.0006623
157,willnigen,<code>willnigen</code>,1,0.0006623
157,wisen,<code>wisen</code>,1,0.0006623
157,wolden,<code>wolden</code>,1,0.0006623
157,wr&aelig;ce,<code>wr&amp;ae;ce</code>,1,0.0006623
157,wuldre,<code>wuldre</code>,1,0.0006623
157,wunder,<code>wunder</code>,1,0.0006623
157,wununga,<code>wununga</code>,1,0.0006623
157,wur&eth;,<code>wur&amp;d;</code>,1,0.0006623
157,wur&eth;mynte,<code>wur&amp;d;mynte</code>,1,0.0006623
157,wurld,<code>wurld</code>,1,0.0006623
157,wurldwelen,<code>wurldwelen</code>,1,0.0006623
157,wylle,<code>wylle</code>,1,0.0006623
157,wylle&eth;,<code>wylle&amp;d;</code>,1,0.0006623
157,wyrce&eth;,<code>wyrce&amp;d;</code>,1,0.0006623
157,wyrse,<code>wyrse</code>,1,0.0006623
157,yfeligen,<code>yfeligen</code>,1,0.0006623
