B_Prose,B09,B09.008_Aug_T06950.txt,70,53,103
RANK,HTML WORD,RAW WORD,COUNT,RELATIVE FREQUENCY
1,swa,<code>swa</code>,6,0.0582524
2,his,<code>his</code>,5,0.0485437
3,&amp;,<code>&amp;amp;</code>,4,0.0388350
3,&thorn;&aelig;t,<code>&amp;t;&amp;ae;t</code>,4,0.0388350
3,he,<code>he</code>,4,0.0388350
6,&thorn;e,<code>&amp;t;e</code>,3,0.0291262
6,nan,<code>nan</code>,3,0.0291262
6,ne,<code>ne</code>,3,0.0291262
9,&thorn;an,<code>&amp;t;an</code>,2,0.0194175
9,&thorn;eh,<code>&amp;t;eh</code>,2,0.0194175
9,beo,<code>beo</code>,2,0.0194175
9,cw&aelig;&eth;,<code>cw&amp;ae;&amp;d;</code>,2,0.0194175
9,frig,<code>frig</code>,2,0.0194175
9,godes,<code>godes</code>,2,0.0194175
9,mann,<code>mann</code>,2,0.0194175
9,on,<code>on</code>,2,0.0194175
9,s&aelig;de,<code>s&amp;ae;de</code>,2,0.0194175
18,&aelig;,<code>&amp;ae;</code>,1,0.0097087
18,&aelig;lc,<code>&amp;ae;lc</code>,1,0.0097087
18,&aelig;lcen,<code>&amp;ae;lcen</code>,1,0.0097087
18,&aelig;lcere,<code>&amp;ae;lcere</code>,1,0.0097087
18,&thorn;&aelig;re,<code>&amp;t;&amp;ae;re</code>,1,0.0097087
18,&thorn;eowdome,<code>&amp;t;eowdome</code>,1,0.0097087
18,&thorn;ing,<code>&amp;t;ing</code>,1,0.0097087
18,&thorn;ysser,<code>&amp;t;ysser</code>,1,0.0097087
18,al&aelig;te,<code>al&amp;ae;te</code>,1,0.0097087
18,asmeagan,<code>asmeagan</code>,1,0.0097087
18,augustinus,<code>augustinus</code>,1,0.0097087
18,bebodan,<code>bebodan</code>,1,0.0097087
18,beon,<code>beon</code>,1,0.0097087
18,betwux,<code>betwux</code>,1,0.0097087
18,bisegan,<code>bisegan</code>,1,0.0097087
18,bute,<code>bute</code>,1,0.0097087
18,cwidbocan,<code>cwidbocan</code>,1,0.0097087
18,d&aelig;den,<code>d&amp;ae;den</code>,1,0.0097087
18,eall,<code>eall</code>,1,0.0097087
18,embhogen,<code>embhogen</code>,1,0.0097087
18,feawe,<code>feawe</code>,1,0.0097087
18,for,<code>for</code>,1,0.0097087
18,forgelt,<code>forgelt</code>,1,0.0097087
18,frigdomes,<code>frigdomes</code>,1,0.0097087
18,fullice,<code>fullice</code>,1,0.0097087
18,ge&aelig;mtige,<code>ge&amp;ae;mtige</code>,1,0.0097087
18,gedrefednysse,<code>gedrefednysse</code>,1,0.0097087
18,god,<code>god</code>,1,0.0097087
18,godspelle,<code>godspelle</code>,1,0.0097087
18,h&aelig;fde,<code>h&amp;ae;fde</code>,1,0.0097087
18,healden,<code>healden</code>,1,0.0097087
18,hine,<code>hine</code>,1,0.0097087
18,idel,<code>idel</code>,1,0.0097087
18,leornigen,<code>leornigen</code>,1,0.0097087
18,m&aelig;&eth;e,<code>m&amp;ae;&amp;d;e</code>,1,0.0097087
18,m&aelig;nn,<code>m&amp;ae;nn</code>,1,0.0097087
18,m&aelig;st,<code>m&amp;ae;st</code>,1,0.0097087
18,mihte,<code>mihte</code>,1,0.0097087
18,mod,<code>mod</code>,1,0.0097087
18,muge,<code>muge</code>,1,0.0097087
18,o&eth;&eth;e,<code>o&amp;d;&amp;d;e</code>,1,0.0097087
18,ongunne,<code>ongunne</code>,1,0.0097087
18,scolde,<code>scolde</code>,1,0.0097087
18,se,<code>se</code>,1,0.0097087
18,smylte,<code>smylte</code>,1,0.0097087
18,sum,<code>sum</code>,1,0.0097087
18,swy&eth;e,<code>swy&amp;d;e</code>,1,0.0097087
18,sylf,<code>sylf</code>,1,0.0097087
18,to,<code>to</code>,1,0.0097087
18,unnytte,<code>unnytte</code>,1,0.0097087
18,w&aelig;re,<code>w&amp;ae;re</code>,1,0.0097087
18,w&aelig;ren,<code>w&amp;ae;ren</code>,1,0.0097087
18,wurlde,<code>wurlde</code>,1,0.0097087
