B_Prose,B09,B09.001.001_CPLetWaerf_T06540.txt,389,265,874
RANK,HTML WORD,RAW WORD,COUNT,RELATIVE FREQUENCY
1,&amp;,<code>&amp;amp;</code>,38,0.0434783
1,&eth;a,<code>&amp;d;a</code>,38,0.0434783
3,hie,<code>hie</code>,30,0.0343249
4,on,<code>on</code>,25,0.0286041
5,ic,<code>ic</code>,21,0.0240275
6,&eth;e,<code>&amp;d;e</code>,18,0.0205950
7,sw&aelig;,<code>sw&amp;ae;</code>,17,0.0194508
8,&eth;&aelig;t,<code>&amp;d;&amp;ae;t</code>,16,0.0183066
9,hiora,<code>hiora</code>,15,0.0171625
9,we,<code>we</code>,15,0.0171625
11,ge,<code>ge</code>,13,0.0148741
12,hu,<code>hu</code>,11,0.0125858
12,ne,<code>ne</code>,11,0.0125858
14,to,<code>to</code>,10,0.0114416
15,&eth;one,<code>&amp;d;one</code>,8,0.0091533
15,eac,<code>eac</code>,8,0.0091533
17,englisc,<code>englisc</code>,7,0.0080092
17,ge&eth;iode,<code>ge&amp;d;iode</code>,7,0.0080092
17,swi&eth;e,<code>swi&amp;d;e</code>,7,0.0080092
20,&eth;u,<code>&amp;d;u</code>,6,0.0068650
20,w&aelig;ron,<code>w&amp;ae;ron</code>,6,0.0068650
22,&aelig;g&eth;er,<code>&amp;ae;g&amp;d;er</code>,5,0.0057208
22,&aelig;t,<code>&amp;ae;t</code>,5,0.0057208
22,agen,<code>agen</code>,5,0.0057208
22,angelcynn,<code>angelcynn</code>,5,0.0057208
22,eall,<code>eall</code>,5,0.0057208
22,gemunde,<code>gemunde</code>,5,0.0057208
22,giond,<code>giond</code>,5,0.0057208
22,mid,<code>mid</code>,5,0.0057208
22,minum,<code>minum</code>,5,0.0057208
22,nu,<code>nu</code>,5,0.0057208
22,ond,<code>ond</code>,5,0.0057208
22,wille,<code>wille</code>,5,0.0057208
22,wisdom,<code>wisdom</code>,5,0.0057208
35,&eth;&aelig;m,<code>&amp;d;&amp;ae;m</code>,4,0.0045767
35,&eth;&aelig;tte,<code>&amp;d;&amp;ae;tte</code>,4,0.0045767
35,bec,<code>bec</code>,4,0.0045767
35,ealle,<code>ealle</code>,4,0.0045767
35,gode,<code>gode</code>,4,0.0045767
35,mon,<code>mon</code>,4,0.0045767
35,sio,<code>sio</code>,4,0.0045767
35,w&aelig;s,<code>w&amp;ae;s</code>,4,0.0045767
35,wendon,<code>wendon</code>,4,0.0045767
44,&eth;&aelig;r,<code>&amp;d;&amp;ae;r</code>,3,0.0034325
44,&eth;&aelig;re,<code>&amp;d;&amp;ae;re</code>,3,0.0034325
44,&eth;ara,<code>&amp;d;ara</code>,3,0.0034325
44,boc,<code>boc</code>,3,0.0034325
44,eft,<code>eft</code>,3,0.0034325
44,for&eth;&aelig;m&eth;e,<code>for&amp;d;&amp;ae;m&amp;d;e</code>,3,0.0034325
44,gif,<code>gif</code>,3,0.0034325
44,godes,<code>godes</code>,3,0.0034325
44,habba&eth;,<code>habba&amp;d;</code>,3,0.0034325
44,him,<code>him</code>,3,0.0034325
44,hit,<code>hit</code>,3,0.0034325
44,lufodon,<code>lufodon</code>,3,0.0034325
44,m&aelig;gen,<code>m&amp;ae;gen</code>,3,0.0034325
44,me,<code>me</code>,3,0.0034325
44,o&eth;&eth;e,<code>o&amp;d;&amp;d;e</code>,3,0.0034325
44,si&eth;&eth;an,<code>si&amp;d;&amp;d;an</code>,3,0.0034325
44,sien,<code>sien</code>,3,0.0034325
44,wel,<code>wel</code>,3,0.0034325
44,ymb,<code>ymb</code>,3,0.0034325
63,&aelig;r,<code>&amp;ae;r</code>,2,0.0022883
63,&aelig;rest,<code>&amp;ae;rest</code>,2,0.0022883
63,&aelig;stel,<code>&amp;ae;stel</code>,2,0.0022883
63,&eth;is,<code>&amp;d;is</code>,2,0.0022883
63,&eth;onc,<code>&amp;d;onc</code>,2,0.0022883
63,&eth;urh,<code>&amp;d;urh</code>,2,0.0022883
63,&eth;y,<code>&amp;d;y</code>,2,0.0022883
63,&eth;ync&eth;,<code>&amp;d;ync&amp;d;</code>,2,0.0022883
63,ac,<code>ac</code>,2,0.0022883
63,an,<code>an</code>,2,0.0022883
63,angelcynne,<code>angelcynne</code>,2,0.0022883
63,anne,<code>anne</code>,2,0.0022883
63,ar&aelig;dan,<code>ar&amp;ae;dan</code>,2,0.0022883
63,bebiode,<code>bebiode</code>,2,0.0022883
63,bi&eth;,<code>bi&amp;d;</code>,2,0.0022883
63,biscep,<code>biscep</code>,2,0.0022883
63,boca,<code>boca</code>,2,0.0022883
63,cu&eth;on,<code>cu&amp;d;on</code>,2,0.0022883
63,d&aelig;l,<code>d&amp;ae;l</code>,2,0.0022883
63,do,<code>do</code>,2,0.0022883
63,don,<code>don</code>,2,0.0022883
63,ealla,<code>ealla</code>,2,0.0022883
63,feawa,<code>feawa</code>,2,0.0022883
63,for,<code>for</code>,2,0.0022883
63,for&eth;y,<code>for&amp;d;y</code>,2,0.0022883
63,from,<code>from</code>,2,0.0022883
63,fur&eth;um,<code>fur&amp;d;um</code>,2,0.0022883
63,geliornod,<code>geliornod</code>,2,0.0022883
63,geliornodon,<code>geliornodon</code>,2,0.0022883
63,gewrit,<code>gewrit</code>,2,0.0022883
63,h&aelig;fdon,<code>h&amp;ae;fdon</code>,2,0.0022883
63,habban,<code>habban</code>,2,0.0022883
63,her,<code>her</code>,2,0.0022883
63,hio,<code>hio</code>,2,0.0022883
63,his,<code>his</code>,2,0.0022883
63,humbre,<code>humbre</code>,2,0.0022883
63,hw&aelig;r,<code>hw&amp;ae;r</code>,2,0.0022883
63,hwilum,<code>hwilum</code>,2,0.0022883
63,is,<code>is</code>,2,0.0022883
63,lar,<code>lar</code>,2,0.0022883
63,lare,<code>lare</code>,2,0.0022883
63,liornunga,<code>liornunga</code>,2,0.0022883
63,m&aelig;g,<code>m&amp;ae;g</code>,2,0.0022883
63,m&aelig;ge,<code>m&amp;ae;ge</code>,2,0.0022883
63,monige,<code>monige</code>,2,0.0022883
63,monnum,<code>monnum</code>,2,0.0022883
63,naman,<code>naman</code>,2,0.0022883
63,nan,<code>nan</code>,2,0.0022883
63,noldon,<code>noldon</code>,2,0.0022883
63,o&eth;re,<code>o&amp;d;re</code>,2,0.0022883
63,o&eth;rum,<code>o&amp;d;rum</code>,2,0.0022883
63,of,<code>of</code>,2,0.0022883
63,rice,<code>rice</code>,2,0.0022883
63,sceoldon,<code>sceoldon</code>,2,0.0022883
63,se,<code>se</code>,2,0.0022883
63,sie,<code>sie</code>,2,0.0022883
63,ure,<code>ure</code>,2,0.0022883
63,us,<code>us</code>,2,0.0022883
63,w&aelig;re,<code>w&amp;ae;re</code>,2,0.0022883
63,w&aelig;ren,<code>w&amp;ae;ren</code>,2,0.0022883
63,welan,<code>welan</code>,2,0.0022883
63,wendan,<code>wendan</code>,2,0.0022883
125,&aelig;,<code>&amp;ae;</code>,1,0.0011442
125,&aelig;fre,<code>&amp;ae;fre</code>,1,0.0011442
125,&aelig;fterspyrigean,<code>&amp;ae;fterspyrigean</code>,1,0.0011442
125,&aelig;lcre,<code>&amp;ae;lcre</code>,1,0.0011442
125,&aelig;lcum,<code>&amp;ae;lcum</code>,1,0.0011442
125,&aelig;lfred,<code>&amp;ae;lfred</code>,1,0.0011442
125,&aelig;lmihtegum,<code>&amp;ae;lmihtegum</code>,1,0.0011442
125,&aelig;nigne,<code>&amp;ae;nigne</code>,1,0.0011442
125,&aelig;r&eth;&aelig;m&eth;e,<code>&amp;ae;r&amp;d;&amp;ae;m&amp;d;e</code>,1,0.0011442
125,&aelig;rcebiscepe,<code>&amp;ae;rcebiscepe</code>,1,0.0011442
125,&aelig;rendgewrit,<code>&amp;ae;rendgewrit</code>,1,0.0011442
125,&aelig;rendwrecum,<code>&amp;ae;rendwrecum</code>,1,0.0011442
125,&eth;&aelig;s,<code>&amp;d;&amp;ae;s</code>,1,0.0011442
125,&eth;am,<code>&amp;d;am</code>,1,0.0011442
125,&eth;as,<code>&amp;d;as</code>,1,0.0011442
125,&eth;eah,<code>&amp;d;eah</code>,1,0.0011442
125,&eth;eawas,<code>&amp;d;eawas</code>,1,0.0011442
125,&eth;eninga,<code>&amp;d;eninga</code>,1,0.0011442
125,&eth;eos,<code>&amp;d;eos</code>,1,0.0011442
125,&eth;ioda,<code>&amp;d;ioda</code>,1,0.0011442
125,&eth;iowa,<code>&amp;d;iowa</code>,1,0.0011442
125,&eth;iowotdomas,<code>&amp;d;iowotdomas</code>,1,0.0011442
125,&eth;issa,<code>&amp;d;issa</code>,1,0.0011442
125,&eth;isse,<code>&amp;d;isse</code>,1,0.0011442
125,&eth;isses,<code>&amp;d;isses</code>,1,0.0011442
125,&eth;issum,<code>&amp;d;issum</code>,1,0.0011442
125,&thorn;&aelig;t,<code>&amp;t;&amp;ae;t</code>,1,0.0011442
125,afeallen,<code>afeallen</code>,1,0.0011442
125,andgiete,<code>andgiete</code>,1,0.0011442
125,andgit,<code>andgit</code>,1,0.0011442
125,andgitfullicost,<code>andgitfullicost</code>,1,0.0011442
125,andwyrde,<code>andwyrde</code>,1,0.0011442
125,ane,<code>ane</code>,1,0.0011442
125,anlepne,<code>anlepne</code>,1,0.0011442
125,areccan,<code>areccan</code>,1,0.0011442
125,areccean,<code>areccean</code>,1,0.0011442
125,assere,<code>assere</code>,1,0.0011442
125,awende,<code>awende</code>,1,0.0011442
125,awritene,<code>awritene</code>,1,0.0011442
125,be,<code>be</code>,1,0.0011442
125,becomon,<code>becomon</code>,1,0.0011442
125,bef&aelig;stan,<code>bef&amp;ae;stan</code>,1,0.0011442
125,bef&aelig;ste,<code>bef&amp;ae;ste</code>,1,0.0011442
125,befeolan,<code>befeolan</code>,1,0.0011442
125,befullan,<code>befullan</code>,1,0.0011442
125,begeaton,<code>begeaton</code>,1,0.0011442
125,begietan,<code>begietan</code>,1,0.0011442
125,begiondan,<code>begiondan</code>,1,0.0011442
125,behionan,<code>behionan</code>,1,0.0011442
125,besu&eth;an,<code>besu&amp;d;an</code>,1,0.0011442
125,betre,<code>betre</code>,1,0.0011442
125,biscepas,<code>biscepas</code>,1,0.0011442
125,biscepe,<code>biscepe</code>,1,0.0011442
125,biscepstole,<code>biscepstole</code>,1,0.0011442
125,bisgum,<code>bisgum</code>,1,0.0011442
125,biwrite,<code>biwrite</code>,1,0.0011442
125,buton,<code>buton</code>,1,0.0011442
125,ceastre,<code>ceastre</code>,1,0.0011442
125,ciricean,<code>ciricean</code>,1,0.0011442
125,cl&aelig;ne,<code>cl&amp;ae;ne</code>,1,0.0011442
125,com,<code>com</code>,1,0.0011442
125,creacas,<code>creacas</code>,1,0.0011442
125,cristn&aelig;,<code>cristn&amp;ae;</code>,1,0.0011442
125,cristne,<code>cristne</code>,1,0.0011442
125,cu&eth;en,<code>cu&amp;d;en</code>,1,0.0011442
125,cunnen,<code>cunnen</code>,1,0.0011442
125,cunnon,<code>cunnon</code>,1,0.0011442
125,cw&aelig;&eth;,<code>cw&amp;ae;&amp;d;</code>,1,0.0011442
125,cw&aelig;den,<code>cw&amp;ae;den</code>,1,0.0011442
125,cy&eth;an,<code>cy&amp;d;an</code>,1,0.0011442
125,dagum,<code>dagum</code>,1,0.0011442
125,e&eth;el,<code>e&amp;d;el</code>,1,0.0011442
125,ea&eth;e,<code>ea&amp;d;e</code>,1,0.0011442
125,eall&aelig;,<code>eall&amp;ae;</code>,1,0.0011442
125,eallum,<code>eallum</code>,1,0.0011442
125,ealneg,<code>ealneg</code>,1,0.0011442
125,ebreisc,<code>ebreisc</code>,1,0.0011442
125,feawe,<code>feawe</code>,1,0.0011442
125,feng,<code>feng</code>,1,0.0011442
125,fiftegum,<code>fiftegum</code>,1,0.0011442
125,fiorme,<code>fiorme</code>,1,0.0011442
125,first,<code>first</code>,1,0.0011442
125,folces,<code>folces</code>,1,0.0011442
125,for&eth;&aelig;m,<code>for&amp;d;&amp;ae;m</code>,1,0.0011442
125,for&eth;on,<code>for&amp;d;on</code>,1,0.0011442
125,forb&aelig;rned,<code>forb&amp;ae;rned</code>,1,0.0011442
125,forhergod,<code>forhergod</code>,1,0.0011442
125,forl&aelig;ten,<code>forl&amp;ae;ten</code>,1,0.0011442
125,forleton,<code>forleton</code>,1,0.0011442
125,forstod,<code>forstod</code>,1,0.0011442
125,freondlice,<code>freondlice</code>,1,0.0011442
125,friora,<code>friora</code>,1,0.0011442
125,fultume,<code>fultume</code>,1,0.0011442
125,funden,<code>funden</code>,1,0.0011442
125,fur&eth;or,<code>fur&amp;d;or</code>,1,0.0011442
125,fur&eth;ur,<code>fur&amp;d;ur</code>,1,0.0011442
125,ge&aelig;metige,<code>ge&amp;ae;metige</code>,1,0.0011442
125,ge&eth;enc,<code>ge&amp;d;enc</code>,1,0.0011442
125,ge&eth;encean,<code>ge&amp;d;encean</code>,1,0.0011442
125,ge&eth;eoda,<code>ge&amp;d;eoda</code>,1,0.0011442
125,gecnawan,<code>gecnawan</code>,1,0.0011442
125,gedon,<code>gedon</code>,1,0.0011442
125,gefyld&aelig;,<code>gefyld&amp;ae;</code>,1,0.0011442
125,gehioldon,<code>gehioldon</code>,1,0.0011442
125,gel&aelig;rede,<code>gel&amp;ae;rede</code>,1,0.0011442
125,geliefe,<code>geliefe</code>,1,0.0011442
125,geliornode,<code>geliornode</code>,1,0.0011442
125,gemynd,<code>gemynd</code>,1,0.0011442
125,genemned,<code>genemned</code>,1,0.0011442
125,georne,<code>georne</code>,1,0.0011442
125,gerymdon,<code>gerymdon</code>,1,0.0011442
125,ges&aelig;liglica,<code>ges&amp;ae;liglica</code>,1,0.0011442
125,geseah,<code>geseah</code>,1,0.0011442
125,gesion,<code>gesion</code>,1,0.0011442
125,giet,<code>giet</code>,1,0.0011442
125,giogu&eth;,<code>giogu&amp;d;</code>,1,0.0011442
125,giorne,<code>giorne</code>,1,0.0011442
125,giu,<code>giu</code>,1,0.0011442
125,god,<code>god</code>,1,0.0011442
125,godcundan,<code>godcundan</code>,1,0.0011442
125,godcundra,<code>godcundra</code>,1,0.0011442
125,godena,<code>godena</code>,1,0.0011442
125,gretan,<code>gretan</code>,1,0.0011442
125,grimbolde,<code>grimbolde</code>,1,0.0011442
125,h&aelig;bben,<code>h&amp;ae;bben</code>,1,0.0011442
125,h&aelig;fde,<code>h&amp;ae;fde</code>,1,0.0011442
125,hada,<code>hada</code>,1,0.0011442
125,hadas,<code>hadas</code>,1,0.0011442
125,hade,<code>hade</code>,1,0.0011442
125,hate,<code>hate</code>,1,0.0011442
125,hate&eth;,<code>hate&amp;d;</code>,1,0.0011442
125,hieder,<code>hieder</code>,1,0.0011442
125,hiene,<code>hiene</code>,1,0.0011442
125,hieran,<code>hieran</code>,1,0.0011442
125,hierdeboc,<code>hierdeboc</code>,1,0.0011442
125,hioldon,<code>hioldon</code>,1,0.0011442
125,hwa,<code>hwa</code>,1,0.0011442
125,hwelc,<code>hwelc</code>,1,0.0011442
125,hwelce,<code>hwelce</code>,1,0.0011442
125,hwile,<code>hwile</code>,1,0.0011442
125,hyrsumedon,<code>hyrsumedon</code>,1,0.0011442
125,ieldran,<code>ieldran</code>,1,0.0011442
125,innanbordes,<code>innanbordes</code>,1,0.0011442
125,iohanne,<code>iohanne</code>,1,0.0011442
125,iow,<code>iow</code>,1,0.0011442
125,iu,<code>iu</code>,1,0.0011442
125,kynerices,<code>kynerices</code>,1,0.0011442
125,kyning,<code>kyning</code>,1,0.0011442
125,kyningas,<code>kyningas</code>,1,0.0011442
125,l&aelig;den,<code>l&amp;ae;den</code>,1,0.0011442
125,l&aelig;dene,<code>l&amp;ae;dene</code>,1,0.0011442
125,l&aelig;denge&eth;iode,<code>l&amp;ae;denge&amp;d;iode</code>,1,0.0011442
125,l&aelig;denge&eth;iodes,<code>l&amp;ae;denge&amp;d;iodes</code>,1,0.0011442
125,l&aelig;denware,<code>l&amp;ae;denware</code>,1,0.0011442
125,l&aelig;fdon,<code>l&amp;ae;fdon</code>,1,0.0011442
125,l&aelig;ne,<code>l&amp;ae;ne</code>,1,0.0011442
125,l&aelig;ran,<code>l&amp;ae;ran</code>,1,0.0011442
125,l&aelig;re,<code>l&amp;ae;re</code>,1,0.0011442
125,lareowa,<code>lareowa</code>,1,0.0011442
125,lefdon,<code>lefdon</code>,1,0.0011442
125,lond,<code>lond</code>,1,0.0011442
125,londe,<code>londe</code>,1,0.0011442
125,longe,<code>longe</code>,1,0.0011442
125,luflice,<code>luflice</code>,1,0.0011442
125,lytle,<code>lytle</code>,1,0.0011442
125,m&aelig;ssepreoste,<code>m&amp;ae;ssepreoste</code>,1,0.0011442
125,m&aelig;sseprioste,<code>m&amp;ae;sseprioste</code>,1,0.0011442
125,ma,<code>ma</code>,1,0.0011442
125,ma&eth;ma,<code>ma&amp;d;ma</code>,1,0.0011442
125,magon,<code>magon</code>,1,0.0011442
125,man,<code>man</code>,1,0.0011442
125,mancessan,<code>mancessan</code>,1,0.0011442
125,manigfealdum,<code>manigfealdum</code>,1,0.0011442
125,mara,<code>mara</code>,1,0.0011442
125,meahte,<code>meahte</code>,1,0.0011442
125,meahton,<code>meahton</code>,1,0.0011442
125,menigeo,<code>menigeo</code>,1,0.0011442
125,menn,<code>menn</code>,1,0.0011442
125,micel,<code>micel</code>,1,0.0011442
125,mislicum,<code>mislicum</code>,1,0.0011442
125,mode,<code>mode</code>,1,0.0011442
125,monna,<code>monna</code>,1,0.0011442
125,mynstre,<code>mynstre</code>,1,0.0011442
125,n&aelig;nne,<code>n&amp;ae;nne</code>,1,0.0011442
125,n&aelig;ren,<code>n&amp;ae;ren</code>,1,0.0011442
125,n&aelig;ron,<code>n&amp;ae;ron</code>,1,0.0011442
125,nanre,<code>nanre</code>,1,0.0011442
125,niedbe&eth;earfosta,<code>niedbe&amp;d;earfosta</code>,1,0.0011442
125,noht,<code>noht</code>,1,0.0011442
125,nohw&aelig;&eth;er,<code>nohw&amp;ae;&amp;d;er</code>,1,0.0011442
125,note,<code>note</code>,1,0.0011442
125,o&eth;,<code>o&amp;d;</code>,1,0.0011442
125,o&eth;erre,<code>o&amp;d;erre</code>,1,0.0011442
125,o&eth;f&aelig;ste,<code>o&amp;d;f&amp;ae;ste</code>,1,0.0011442
125,o&eth;feallan,<code>o&amp;d;feallan</code>,1,0.0011442
125,o&eth;feallenu,<code>o&amp;d;feallenu</code>,1,0.0011442
125,o&eth;r&aelig;,<code>o&amp;d;r&amp;ae;</code>,1,0.0011442
125,oft,<code>oft</code>,1,0.0011442
125,oftost,<code>oftost</code>,1,0.0011442
125,ongan,<code>ongan</code>,1,0.0011442
125,ongemang,<code>ongemang</code>,1,0.0011442
125,ongiotan,<code>ongiotan</code>,1,0.0011442
125,onlutan,<code>onlutan</code>,1,0.0011442
125,onsendan,<code>onsendan</code>,1,0.0011442
125,onwald,<code>onwald</code>,1,0.0011442
125,onweald,<code>onweald</code>,1,0.0011442
125,pastoralis,<code>pastoralis</code>,1,0.0011442
125,plegmunde,<code>plegmunde</code>,1,0.0011442
125,recclease,<code>recclease</code>,1,0.0011442
125,same,<code>same</code>,1,0.0011442
125,sceal,<code>sceal</code>,1,0.0011442
125,sceolden,<code>sceolden</code>,1,0.0011442
125,scoldon,<code>scoldon</code>,1,0.0011442
125,sealde,<code>sealde</code>,1,0.0011442
125,selfe,<code>selfe</code>,1,0.0011442
125,selfum,<code>selfum</code>,1,0.0011442
125,sibbe,<code>sibbe</code>,1,0.0011442
125,siendon,<code>siendon</code>,1,0.0011442
125,siodo,<code>siodo</code>,1,0.0011442
125,sohte,<code>sohte</code>,1,0.0011442
125,sona,<code>sona</code>,1,0.0011442
125,speda,<code>speda</code>,1,0.0011442
125,speow,<code>speow</code>,1,0.0011442
125,spore,<code>spore</code>,1,0.0011442
125,stal,<code>stal</code>,1,0.0011442
125,stilnesse,<code>stilnesse</code>,1,0.0011442
125,stodon,<code>stodon</code>,1,0.0011442
125,stowa,<code>stowa</code>,1,0.0011442
125,stowe,<code>stowe</code>,1,0.0011442
125,sum&aelig;,<code>sum&amp;ae;</code>,1,0.0011442
125,sumne,<code>sumne</code>,1,0.0011442
125,sw&aelig;&eth;,<code>sw&amp;ae;&amp;d;</code>,1,0.0011442
125,swelce,<code>swelce</code>,1,0.0011442
125,temese,<code>temese</code>,1,0.0011442
125,tida,<code>tida</code>,1,0.0011442
125,uncu&eth;,<code>uncu&amp;d;</code>,1,0.0011442
125,understondan,<code>understondan</code>,1,0.0011442
125,ut,<code>ut</code>,1,0.0011442
125,utanbordes,<code>utanbordes</code>,1,0.0011442
125,ute,<code>ute</code>,1,0.0011442
125,w&aelig;rfer&eth;,<code>w&amp;ae;rfer&amp;d;</code>,1,0.0011442
125,wealhstodas,<code>wealhstodas</code>,1,0.0011442
125,wenden,<code>wenden</code>,1,0.0011442
125,wene,<code>wene</code>,1,0.0011442
125,weor&eth;an,<code>weor&amp;d;an</code>,1,0.0011442
125,wige,<code>wige</code>,1,0.0011442
125,wilnunga,<code>wilnunga</code>,1,0.0011442
125,wiogora,<code>wiogora</code>,1,0.0011442
125,wiotan,<code>wiotan</code>,1,0.0011442
125,wiotona,<code>wiotona</code>,1,0.0011442
125,wiotonne,<code>wiotonne</code>,1,0.0011442
125,wisdome,<code>wisdome</code>,1,0.0011442
125,wise,<code>wise</code>,1,0.0011442
125,wiston,<code>wiston</code>,1,0.0011442
125,witu,<code>witu</code>,1,0.0011442
125,wolde,<code>wolde</code>,1,0.0011442
125,woldon,<code>woldon</code>,1,0.0011442
125,word,<code>word</code>,1,0.0011442
125,worde,<code>worde</code>,1,0.0011442
125,wordum,<code>wordum</code>,1,0.0011442
125,woruld&eth;inga,<code>woruld&amp;d;inga</code>,1,0.0011442
125,woruldcundra,<code>woruldcundra</code>,1,0.0011442
125,worulde,<code>worulde</code>,1,0.0011442
125,wuht,<code>wuht</code>,1,0.0011442
125,wundrade,<code>wundrade</code>,1,0.0011442
