B_Prose,B09,B09.001.002_CPHead_T06550.txt,388,285,1279
RANK,HTML WORD,RAW WORD,COUNT,RELATIVE FREQUENCY
1,on,<code>on</code>,91,0.0711493
2,&eth;a,<code>&amp;d;a</code>,89,0.0695856
3,o&eth;re,<code>o&amp;d;re</code>,74,0.0578577
4,wisan,<code>wisan</code>,56,0.0437842
5,to,<code>to</code>,53,0.0414386
6,&amp;,<code>&amp;amp;</code>,47,0.0367475
7,&eth;&aelig;tte,<code>&amp;d;&amp;ae;tte</code>,46,0.0359656
8,&eth;e,<code>&amp;d;e</code>,43,0.0336200
9,sint,<code>sint</code>,36,0.0281470
10,monianne,<code>monianne</code>,29,0.0226740
11,ne,<code>ne</code>,27,0.0211102
12,hi,<code>hi</code>,20,0.0156372
12,hu,<code>hu</code>,20,0.0156372
14,&eth;&aelig;t,<code>&amp;d;&amp;ae;t</code>,17,0.0132916
15,sceal,<code>sceal</code>,15,0.0117279
15,se,<code>se</code>,15,0.0117279
17,his,<code>his</code>,14,0.0109461
18,for,<code>for</code>,13,0.0101642
19,&eth;onne,<code>&amp;d;onne</code>,12,0.0093823
20,&eth;&aelig;s,<code>&amp;d;&amp;ae;s</code>,11,0.0086005
21,bion,<code>bion</code>,9,0.0070367
22,he,<code>he</code>,8,0.0062549
23,&eth;&aelig;m,<code>&amp;d;&amp;ae;m</code>,7,0.0054730
23,beo&eth;,<code>beo&amp;d;</code>,7,0.0054730
25,&eth;eah,<code>&amp;d;eah</code>,6,0.0046912
25,do&eth;,<code>do&amp;d;</code>,6,0.0046912
25,hie,<code>hie</code>,6,0.0046912
25,hira,<code>hira</code>,6,0.0046912
25,mid,<code>mid</code>,6,0.0046912
25,scyle,<code>scyle</code>,6,0.0046912
31,beon,<code>beon</code>,5,0.0039093
31,bio&eth;,<code>bio&amp;d;</code>,5,0.0039093
31,mon,<code>mon</code>,5,0.0039093
31,reccere,<code>reccere</code>,5,0.0039093
31,sui&eth;e,<code>sui&amp;d;e</code>,5,0.0039093
36,ea&eth;modnesse,<code>ea&amp;d;modnesse</code>,4,0.0031274
36,hit,<code>hit</code>,4,0.0031274
36,lariow,<code>lariow</code>,4,0.0031274
36,manianne,<code>manianne</code>,4,0.0031274
36,scylda,<code>scylda</code>,4,0.0031274
36,willa&eth;,<code>willa&amp;d;</code>,4,0.0031274
42,&eth;&aelig;re,<code>&amp;d;&amp;ae;re</code>,3,0.0023456
42,&eth;ara,<code>&amp;d;ara</code>,3,0.0023456
42,be,<code>be</code>,3,0.0023456
42,bi,<code>bi</code>,3,0.0023456
42,eac,<code>eac</code>,3,0.0023456
42,forl&aelig;ta&eth;,<code>forl&amp;ae;ta&amp;d;</code>,3,0.0023456
42,godes,<code>godes</code>,3,0.0023456
42,habba&eth;,<code>habba&amp;d;</code>,3,0.0023456
42,l&aelig;ran,<code>l&amp;ae;ran</code>,3,0.0023456
42,lariowdomes,<code>lariowdomes</code>,3,0.0023456
42,men,<code>men</code>,3,0.0023456
42,mod,<code>mod</code>,3,0.0023456
42,mode,<code>mode</code>,3,0.0023456
42,moniane,<code>moniane</code>,3,0.0023456
42,monige,<code>monige</code>,3,0.0023456
42,monna,<code>monna</code>,3,0.0023456
42,monnum,<code>monnum</code>,3,0.0023456
42,nylla&eth;,<code>nylla&amp;d;</code>,3,0.0023456
42,o&eth;&eth;e,<code>o&amp;d;&amp;d;e</code>,3,0.0023456
42,oft,<code>oft</code>,3,0.0023456
42,ryhtlice,<code>ryhtlice</code>,3,0.0023456
42,sua,<code>sua</code>,3,0.0023456
42,wepa&eth;,<code>wepa&amp;d;</code>,3,0.0023456
42,wi&eth;,<code>wi&amp;d;</code>,3,0.0023456
42,wilnia&eth;,<code>wilnia&amp;d;</code>,3,0.0023456
42,woroldare,<code>woroldare</code>,3,0.0023456
68,&aelig;,<code>&amp;ae;</code>,2,0.0015637
68,&eth;anne,<code>&amp;d;anne</code>,2,0.0015637
68,&eth;ing,<code>&amp;d;ing</code>,2,0.0015637
68,&eth;one,<code>&amp;d;one</code>,2,0.0015637
68,&eth;yl&aelig;s,<code>&amp;d;yl&amp;ae;s</code>,2,0.0015637
68,byr&eth;enne,<code>byr&amp;d;enne</code>,2,0.0015637
68,cuman,<code>cuman</code>,2,0.0015637
68,cunnan,<code>cunnan</code>,2,0.0015637
68,eall,<code>eall</code>,2,0.0015637
68,eft,<code>eft</code>,2,0.0015637
68,fela,<code>fela</code>,2,0.0015637
68,fleo&eth;,<code>fleo&amp;d;</code>,2,0.0015637
68,fore,<code>fore</code>,2,0.0015637
68,gesceadwis,<code>gesceadwis</code>,2,0.0015637
68,godan,<code>godan</code>,2,0.0015637
68,gode,<code>gode</code>,2,0.0015637
68,h&aelig;bbe,<code>h&amp;ae;bbe</code>,2,0.0015637
68,halgan,<code>halgan</code>,2,0.0015637
68,hine,<code>hine</code>,2,0.0015637
68,huelc,<code>huelc</code>,2,0.0015637
68,micelre,<code>micelre</code>,2,0.0015637
68,onginna&eth;,<code>onginna&amp;d;</code>,2,0.0015637
68,openlice,<code>openlice</code>,2,0.0015637
68,scyndan,<code>scyndan</code>,2,0.0015637
68,sellan,<code>sellan</code>,2,0.0015637
68,sua&eth;eah,<code>sua&amp;d;eah</code>,2,0.0015637
68,synna,<code>synna</code>,2,0.0015637
68,un&eth;eawas,<code>un&amp;d;eawas</code>,2,0.0015637
68,underfon,<code>underfon</code>,2,0.0015637
68,uterran,<code>uterran</code>,2,0.0015637
68,weor&eth;en,<code>weor&amp;d;en</code>,2,0.0015637
68,weorcum,<code>weorcum</code>,2,0.0015637
68,wilna&eth;,<code>wilna&amp;d;</code>,2,0.0015637
68,wordum,<code>wordum</code>,2,0.0015637
68,yfel,<code>yfel</code>,2,0.0015637
68,ymbe,<code>ymbe</code>,2,0.0015637
104,&aelig;fstegan,<code>&amp;ae;fstegan</code>,1,0.0007819
104,&aelig;lcre,<code>&amp;ae;lcre</code>,1,0.0007819
104,&aelig;nne,<code>&amp;ae;nne</code>,1,0.0007819
104,&aelig;r,<code>&amp;ae;r</code>,1,0.0007819
104,&eth;&aelig;ron,<code>&amp;d;&amp;ae;ron</code>,1,0.0007819
104,&eth;&aelig;rto,<code>&amp;d;&amp;ae;rto</code>,1,0.0007819
104,&eth;am,<code>&amp;d;am</code>,1,0.0007819
104,&eth;eawas,<code>&amp;d;eawas</code>,1,0.0007819
104,&eth;egnas,<code>&amp;d;egnas</code>,1,0.0007819
104,&eth;egnung,<code>&amp;d;egnung</code>,1,0.0007819
104,&eth;enc&eth;,<code>&amp;d;enc&amp;d;</code>,1,0.0007819
104,&eth;eowas,<code>&amp;d;eowas</code>,1,0.0007819
104,&eth;ingum,<code>&amp;d;ingum</code>,1,0.0007819
104,&eth;is,<code>&amp;d;is</code>,1,0.0007819
104,&eth;reaunga,<code>&amp;d;reaunga</code>,1,0.0007819
104,&eth;reaunge,<code>&amp;d;reaunge</code>,1,0.0007819
104,&eth;rowa&eth;,<code>&amp;d;rowa&amp;d;</code>,1,0.0007819
104,&eth;urhteo&eth;,<code>&amp;d;urhteo&amp;d;</code>,1,0.0007819
104,&eth;urhtogen,<code>&amp;d;urhtogen</code>,1,0.0007819
104,&eth;urhtogena,<code>&amp;d;urhtogena</code>,1,0.0007819
104,&eth;weoran,<code>&amp;d;weoran</code>,1,0.0007819
104,&eth;y,<code>&amp;d;y</code>,1,0.0007819
104,&thorn;a,<code>&amp;t;a</code>,1,0.0007819
104,abisgod,<code>abisgod</code>,1,0.0007819
104,abisgunge,<code>abisgunge</code>,1,0.0007819
104,ac,<code>ac</code>,1,0.0007819
104,afealle&eth;,<code>afealle&amp;d;</code>,1,0.0007819
104,agen,<code>agen</code>,1,0.0007819
104,agenre,<code>agenre</code>,1,0.0007819
104,agenu,<code>agenu</code>,1,0.0007819
104,aheardode,<code>aheardode</code>,1,0.0007819
104,aldormen,<code>aldormen</code>,1,0.0007819
104,andan,<code>andan</code>,1,0.0007819
104,angieta&eth;,<code>angieta&amp;d;</code>,1,0.0007819
104,anum,<code>anum</code>,1,0.0007819
104,anwillan,<code>anwillan</code>,1,0.0007819
104,apostoles,<code>apostoles</code>,1,0.0007819
104,are,<code>are</code>,1,0.0007819
104,au&eth;er,<code>au&amp;d;er</code>,1,0.0007819
104,benda,<code>benda</code>,1,0.0007819
104,beteran,<code>beteran</code>,1,0.0007819
104,bi&eth;,<code>bi&amp;d;</code>,1,0.0007819
104,bilwitan,<code>bilwitan</code>,1,0.0007819
104,biscephad,<code>biscephad</code>,1,0.0007819
104,bisgung,<code>bisgung</code>,1,0.0007819
104,bisnum,<code>bisnum</code>,1,0.0007819
104,bocum,<code>bocum</code>,1,0.0007819
104,bodiat,<code>bodiat</code>,1,0.0007819
104,broce,<code>broce</code>,1,0.0007819
104,cl&aelig;ne,<code>cl&amp;ae;ne</code>,1,0.0007819
104,costunga,<code>costunga</code>,1,0.0007819
104,cr&aelig;fte,<code>cr&amp;ae;fte</code>,1,0.0007819
104,cr&aelig;ftum,<code>cr&amp;ae;ftum</code>,1,0.0007819
104,cuide,<code>cuide</code>,1,0.0007819
104,cunnon,<code>cunnon</code>,1,0.0007819
104,cym&eth;,<code>cym&amp;d;</code>,1,0.0007819
104,d&aelig;da,<code>d&amp;ae;da</code>,1,0.0007819
104,d&aelig;dum,<code>d&amp;ae;dum</code>,1,0.0007819
104,deogollice,<code>deogollice</code>,1,0.0007819
104,do,<code>do</code>,1,0.0007819
104,dolan,<code>dolan</code>,1,0.0007819
104,dom,<code>dom</code>,1,0.0007819
104,drohtian,<code>drohtian</code>,1,0.0007819
104,dyrren,<code>dyrren</code>,1,0.0007819
104,ea&eth;modan,<code>ea&amp;d;modan</code>,1,0.0007819
104,ea&eth;mode,<code>ea&amp;d;mode</code>,1,0.0007819
104,ealdan,<code>ealdan</code>,1,0.0007819
104,ealdordome,<code>ealdordome</code>,1,0.0007819
104,eallinga,<code>eallinga</code>,1,0.0007819
104,eallum,<code>eallum</code>,1,0.0007819
104,earfe&eth;um,<code>earfe&amp;d;um</code>,1,0.0007819
104,earfo&eth;nesse,<code>earfo&amp;d;nesse</code>,1,0.0007819
104,earfo&eth;u,<code>earfo&amp;d;u</code>,1,0.0007819
104,earmheortan,<code>earmheortan</code>,1,0.0007819
104,efn&eth;rowiende,<code>efn&amp;d;rowiende</code>,1,0.0007819
104,ege,<code>ege</code>,1,0.0007819
104,endebyrdlice,<code>endebyrdlice</code>,1,0.0007819
104,fl&aelig;sclicra,<code>fl&amp;ae;sclicra</code>,1,0.0007819
104,fore&eth;encende,<code>fore&amp;d;encende</code>,1,0.0007819
104,forgiefa&eth;,<code>forgiefa&amp;d;</code>,1,0.0007819
104,forh&aelig;fdnesse,<code>forh&amp;ae;fdnesse</code>,1,0.0007819
104,forht,<code>forht</code>,1,0.0007819
104,forl&aelig;tan,<code>forl&amp;ae;tan</code>,1,0.0007819
104,forl&aelig;te,<code>forl&amp;ae;te</code>,1,0.0007819
104,forsion,<code>forsion</code>,1,0.0007819
104,forwandia&eth;,<code>forwandia&amp;d;</code>,1,0.0007819
104,freo,<code>freo</code>,1,0.0007819
104,fultume,<code>fultume</code>,1,0.0007819
104,fyrmes&eth;,<code>fyrmes&amp;d;</code>,1,0.0007819
104,ge&eth;encean,<code>ge&amp;d;encean</code>,1,0.0007819
104,ge&eth;igene,<code>ge&amp;d;igene</code>,1,0.0007819
104,ge&eth;ohtan,<code>ge&amp;d;ohtan</code>,1,0.0007819
104,ge&eth;reatian,<code>ge&amp;d;reatian</code>,1,0.0007819
104,ge&eth;w&aelig;ran,<code>ge&amp;d;w&amp;ae;ran</code>,1,0.0007819
104,ge&eth;yldegan,<code>ge&amp;d;yldegan</code>,1,0.0007819
104,gebundene,<code>gebundene</code>,1,0.0007819
104,gedafenlice,<code>gedafenlice</code>,1,0.0007819
104,geendia&eth;,<code>geendia&amp;d;</code>,1,0.0007819
104,gefandod,<code>gefandod</code>,1,0.0007819
104,gefera,<code>gefera</code>,1,0.0007819
104,gefylled,<code>gefylled</code>,1,0.0007819
104,gegripa&eth;,<code>gegripa&amp;d;</code>,1,0.0007819
104,gegripene,<code>gegripene</code>,1,0.0007819
104,gehealda&eth;,<code>gehealda&amp;d;</code>,1,0.0007819
104,gel&aelig;redan,<code>gel&amp;ae;redan</code>,1,0.0007819
104,geornlice,<code>geornlice</code>,1,0.0007819
104,gereafian,<code>gereafian</code>,1,0.0007819
104,gesibsuman,<code>gesibsuman</code>,1,0.0007819
104,gesprecan,<code>gesprecan</code>,1,0.0007819
104,gestrina&eth;,<code>gestrina&amp;d;</code>,1,0.0007819
104,geswican,<code>geswican</code>,1,0.0007819
104,gewanian,<code>gewanian</code>,1,0.0007819
104,gewilnad,<code>gewilnad</code>,1,0.0007819
104,gewilnode,<code>gewilnode</code>,1,0.0007819
104,gewilnunge,<code>gewilnunge</code>,1,0.0007819
104,gewintrede,<code>gewintrede</code>,1,0.0007819
104,geworhtan,<code>geworhtan</code>,1,0.0007819
104,gielpe,<code>gielpe</code>,1,0.0007819
104,giet,<code>giet</code>,1,0.0007819
104,gif,<code>gif</code>,1,0.0007819
104,gifernesse,<code>gifernesse</code>,1,0.0007819
104,gimenne,<code>gimenne</code>,1,0.0007819
104,git,<code>git</code>,1,0.0007819
104,gitsunge,<code>gitsunge</code>,1,0.0007819
104,gladan,<code>gladan</code>,1,0.0007819
104,god,<code>god</code>,1,0.0007819
104,godcundan,<code>godcundan</code>,1,0.0007819
104,godra,<code>godra</code>,1,0.0007819
104,gramb&aelig;ran,<code>gramb&amp;ae;ran</code>,1,0.0007819
104,h&aelig;f&eth;,<code>h&amp;ae;f&amp;d;</code>,1,0.0007819
104,halan,<code>halan</code>,1,0.0007819
104,hatheortnesse,<code>hatheortnesse</code>,1,0.0007819
104,hefegran,<code>hefegran</code>,1,0.0007819
104,hefegum,<code>hefegum</code>,1,0.0007819
104,helan,<code>helan</code>,1,0.0007819
104,helice,<code>helice</code>,1,0.0007819
104,herigea&eth;,<code>herigea&amp;d;</code>,1,0.0007819
104,him,<code>him</code>,1,0.0007819
104,himselfum,<code>himselfum</code>,1,0.0007819
104,hiora,<code>hiora</code>,1,0.0007819
104,hiremen,<code>hiremen</code>,1,0.0007819
104,hlafordas,<code>hlafordas</code>,1,0.0007819
104,hr&aelig;dhydignesse,<code>hr&amp;ae;dhydignesse</code>,1,0.0007819
104,hr&aelig;dlice,<code>hr&amp;ae;dlice</code>,1,0.0007819
104,hrade,<code>hrade</code>,1,0.0007819
104,hreowsia&eth;,<code>hreowsia&amp;d;</code>,1,0.0007819
104,hwa,<code>hwa</code>,1,0.0007819
104,hwiltidum,<code>hwiltidum</code>,1,0.0007819
104,hwilum,<code>hwilum</code>,1,0.0007819
104,idles,<code>idles</code>,1,0.0007819
104,ie&eth;nesse,<code>ie&amp;d;nesse</code>,1,0.0007819
104,inneran,<code>inneran</code>,1,0.0007819
104,innerran,<code>innerran</code>,1,0.0007819
104,iungan,<code>iungan</code>,1,0.0007819
104,ky&eth;a&eth;,<code>ky&amp;d;a&amp;d;</code>,1,0.0007819
104,lar,<code>lar</code>,1,0.0007819
104,lareow,<code>lareow</code>,1,0.0007819
104,lareowdomes,<code>lareowdomes</code>,1,0.0007819
104,lareowes,<code>lareowes</code>,1,0.0007819
104,lariowdom,<code>lariowdom</code>,1,0.0007819
104,las&eth;,<code>las&amp;d;</code>,1,0.0007819
104,late,<code>late</code>,1,0.0007819
104,leoga&eth;,<code>leoga&amp;d;</code>,1,0.0007819
104,leohtan,<code>leohtan</code>,1,0.0007819
104,leornedon,<code>leornedon</code>,1,0.0007819
104,libban,<code>libban</code>,1,0.0007819
104,licet,<code>licet</code>,1,0.0007819
104,licetta&eth;,<code>licetta&amp;d;</code>,1,0.0007819
104,lif,<code>lif</code>,1,0.0007819
104,lih&eth;,<code>lih&amp;d;</code>,1,0.0007819
104,longe,<code>longe</code>,1,0.0007819
104,lufan,<code>lufan</code>,1,0.0007819
104,lytegan,<code>lytegan</code>,1,0.0007819
104,lytla,<code>lytla</code>,1,0.0007819
104,lytlan,<code>lytlan</code>,1,0.0007819
104,m&aelig;g,<code>m&amp;ae;g</code>,1,0.0007819
104,ma,<code>ma</code>,1,0.0007819
104,magon,<code>magon</code>,1,0.0007819
104,man,<code>man</code>,1,0.0007819
104,man&eth;w&aelig;rnesse,<code>man&amp;d;w&amp;ae;rnesse</code>,1,0.0007819
104,medomlice,<code>medomlice</code>,1,0.0007819
104,micel,<code>micel</code>,1,0.0007819
104,micle,<code>micle</code>,1,0.0007819
104,miclum,<code>miclum</code>,1,0.0007819
104,mildheortlice,<code>mildheortlice</code>,1,0.0007819
104,mislice,<code>mislice</code>,1,0.0007819
104,mon&eth;w&aelig;ran,<code>mon&amp;d;w&amp;ae;ran</code>,1,0.0007819
104,nan,<code>nan</code>,1,0.0007819
104,nanre,<code>nanre</code>,1,0.0007819
104,no,<code>no</code>,1,0.0007819
104,nohu&aelig;&eth;er,<code>nohu&amp;ae;&amp;d;er</code>,1,0.0007819
104,nowiht,<code>nowiht</code>,1,0.0007819
104,nytte,<code>nytte</code>,1,0.0007819
104,nyttwyr&eth;e,<code>nyttwyr&amp;d;e</code>,1,0.0007819
104,o&eth;erra,<code>o&amp;d;erra</code>,1,0.0007819
104,o&eth;ra,<code>o&amp;d;ra</code>,1,0.0007819
104,o&eth;rum,<code>o&amp;d;rum</code>,1,0.0007819
104,of,<code>of</code>,1,0.0007819
104,oferhebban,<code>oferhebban</code>,1,0.0007819
104,ofermodan,<code>ofermodan</code>,1,0.0007819
104,ofersui&eth;de,<code>ofersui&amp;d;de</code>,1,0.0007819
104,ofthr&aelig;dlice,<code>ofthr&amp;ae;dlice</code>,1,0.0007819
104,oleccunga,<code>oleccunga</code>,1,0.0007819
104,ond,<code>ond</code>,1,0.0007819
104,ondr&aelig;da&eth;,<code>ondr&amp;ae;da&amp;d;</code>,1,0.0007819
104,ong&aelig;tan,<code>ong&amp;ae;tan</code>,1,0.0007819
104,ongitan,<code>ongitan</code>,1,0.0007819
104,onwunia&eth;,<code>onwunia&amp;d;</code>,1,0.0007819
104,orsorglice,<code>orsorglice</code>,1,0.0007819
104,orsorgnesse,<code>orsorgnesse</code>,1,0.0007819
104,paules,<code>paules</code>,1,0.0007819
104,reafien,<code>reafien</code>,1,0.0007819
104,reccenddome,<code>reccenddome</code>,1,0.0007819
104,reccenddomes,<code>reccenddomes</code>,1,0.0007819
104,recceres,<code>recceres</code>,1,0.0007819
104,recedomes,<code>recedomes</code>,1,0.0007819
104,rices,<code>rices</code>,1,0.0007819
104,ryhtwislecum,<code>ryhtwislecum</code>,1,0.0007819
104,scamf&aelig;stan,<code>scamf&amp;ae;stan</code>,1,0.0007819
104,scamleasan,<code>scamleasan</code>,1,0.0007819
104,sceoldon,<code>sceoldon</code>,1,0.0007819
104,scile,<code>scile</code>,1,0.0007819
104,scyldum,<code>scyldum</code>,1,0.0007819
104,selfe,<code>selfe</code>,1,0.0007819
104,selfne,<code>selfne</code>,1,0.0007819
104,sella&eth;,<code>sella&amp;d;</code>,1,0.0007819
104,si&eth;&eth;an,<code>si&amp;d;&amp;d;an</code>,1,0.0007819
104,sien,<code>sien</code>,1,0.0007819
104,sio,<code>sio</code>,1,0.0007819
104,smeaunga,<code>smeaunga</code>,1,0.0007819
104,somr&aelig;denne,<code>somr&amp;ae;denne</code>,1,0.0007819
104,str&aelig;c,<code>str&amp;ae;c</code>,1,0.0007819
104,suige,<code>suige</code>,1,0.0007819
104,suigean,<code>suigean</code>,1,0.0007819
104,suingellan,<code>suingellan</code>,1,0.0007819
104,sumere,<code>sumere</code>,1,0.0007819
104,sumum,<code>sumum</code>,1,0.0007819
104,swigia&eth;,<code>swigia&amp;d;</code>,1,0.0007819
104,t&aelig;la&eth;,<code>t&amp;ae;la&amp;d;</code>,1,0.0007819
104,togeniedde,<code>togeniedde</code>,1,0.0007819
104,toscead,<code>toscead</code>,1,0.0007819
104,toslit,<code>toslit</code>,1,0.0007819
104,unaliefedan,<code>unaliefedan</code>,1,0.0007819
104,underfonne,<code>underfonne</code>,1,0.0007819
104,unf&aelig;s&eth;r&aelig;dan,<code>unf&amp;ae;s&amp;d;r&amp;ae;dan</code>,1,0.0007819
104,unge&eth;w&aelig;ran,<code>unge&amp;d;w&amp;ae;ran</code>,1,0.0007819
104,unge&eth;yl&eth;egan,<code>unge&amp;d;yl&amp;d;egan</code>,1,0.0007819
104,ungest&aelig;&eth;&eth;egan,<code>ungest&amp;ae;&amp;d;&amp;d;egan</code>,1,0.0007819
104,unhalan,<code>unhalan</code>,1,0.0007819
104,unl&aelig;rede,<code>unl&amp;ae;rede</code>,1,0.0007819
104,unnyttes,<code>unnyttes</code>,1,0.0007819
104,unrotan,<code>unrotan</code>,1,0.0007819
104,unryhtre,<code>unryhtre</code>,1,0.0007819
104,unryhtwisnesse,<code>unryhtwisnesse</code>,1,0.0007819
104,unt&aelig;lwier&eth;lice,<code>unt&amp;ae;lwier&amp;d;lice</code>,1,0.0007819
104,unt&aelig;lwyr&eth;lice,<code>unt&amp;ae;lwyr&amp;d;lice</code>,1,0.0007819
104,untruman,<code>untruman</code>,1,0.0007819
104,upahafenan,<code>upahafenan</code>,1,0.0007819
104,upahebbe,<code>upahebbe</code>,1,0.0007819
104,uppah&aelig;fenan,<code>uppah&amp;ae;fenan</code>,1,0.0007819
104,w&aelig;dlan,<code>w&amp;ae;dlan</code>,1,0.0007819
104,wacmodan,<code>wacmodan</code>,1,0.0007819
104,wel,<code>wel</code>,1,0.0007819
104,weldoendum,<code>weldoendum</code>,1,0.0007819
104,welegan,<code>welegan</code>,1,0.0007819
104,welwillendan,<code>welwillendan</code>,1,0.0007819
104,wenen,<code>wenen</code>,1,0.0007819
104,weorc,<code>weorc</code>,1,0.0007819
104,weorca,<code>weorca</code>,1,0.0007819
104,weras,<code>weras</code>,1,0.0007819
104,wiif,<code>wiif</code>,1,0.0007819
104,wile,<code>wile</code>,1,0.0007819
104,winna&eth;,<code>winna&amp;d;</code>,1,0.0007819
104,witan,<code>witan</code>,1,0.0007819
104,wrohtgeornan,<code>wrohtgeornan</code>,1,0.0007819
104,wuht,<code>wuht</code>,1,0.0007819
104,wullnia&eth;,<code>wullnia&amp;d;</code>,1,0.0007819
104,wyrcanne,<code>wyrcanne</code>,1,0.0007819
104,wyrcea&eth;,<code>wyrcea&amp;d;</code>,1,0.0007819
104,yfele,<code>yfele</code>,1,0.0007819
104,yfelena,<code>yfelena</code>,1,0.0007819
104,yfelum,<code>yfelum</code>,1,0.0007819
104,yfle,<code>yfle</code>,1,0.0007819
104,ymb,<code>ymb</code>,1,0.0007819
104,ymb&eth;eahtia&eth;,<code>ymb&amp;d;eahtia&amp;d;</code>,1,0.0007819
