B_Prose,B09,B09.004.001_SolilPref_T06670.txt,254,196,441
RANK,HTML WORD,RAW WORD,COUNT,RELATIVE FREQUENCY
1,and,<code>and</code>,26,0.0589569
2,ic,<code>ic</code>,14,0.0317460
3,ge,<code>ge</code>,12,0.0272109
3,on,<code>on</code>,12,0.0272109
3,to,<code>to</code>,12,0.0272109
6,&thorn;e,<code>&amp;t;e</code>,10,0.0226757
7,he,<code>he</code>,8,0.0181406
8,&thorn;&aelig;t,<code>&amp;t;&amp;ae;t</code>,7,0.0158730
8,&thorn;am,<code>&amp;t;am</code>,7,0.0158730
8,se,<code>se</code>,7,0.0158730
11,his,<code>his</code>,5,0.0113379
11,me,<code>me</code>,5,0.0113379
11,ne,<code>ne</code>,5,0.0113379
11,swa,<code>swa</code>,5,0.0113379
15,&eth;e,<code>&amp;d;e</code>,4,0.0090703
15,&thorn;urh,<code>&amp;t;urh</code>,4,0.0090703
15,be,<code>be</code>,4,0.0090703
15,eac,<code>eac</code>,4,0.0090703
15,hys,<code>hys</code>,4,0.0090703
15,mid,<code>mid</code>,4,0.0090703
21,&aelig;g&eth;er,<code>&amp;ae;g&amp;d;er</code>,3,0.0068027
21,&aelig;lcum,<code>&amp;ae;lcum</code>,3,0.0068027
21,&thorn;a,<code>&amp;t;a</code>,3,0.0068027
21,&thorn;ar,<code>&amp;t;ar</code>,3,0.0068027
21,&thorn;ara,<code>&amp;t;ara</code>,3,0.0068027
21,&thorn;onne,<code>&amp;t;onne</code>,3,0.0068027
21,ecan,<code>ecan</code>,3,0.0068027
21,gedo,<code>gedo</code>,3,0.0068027
21,ham,<code>ham</code>,3,0.0068027
21,hit,<code>hit</code>,3,0.0068027
31,&aelig;lcne,<code>&amp;ae;lcne</code>,2,0.0045351
31,&aelig;r,<code>&amp;ae;r</code>,2,0.0045351
31,&thorn;&aelig;s,<code>&amp;t;&amp;ae;s</code>,2,0.0045351
31,&thorn;are,<code>&amp;t;are</code>,2,0.0045351
31,&thorn;at,<code>&amp;t;at</code>,2,0.0045351
31,aberan,<code>aberan</code>,2,0.0045351
31,ac,<code>ac</code>,2,0.0045351
31,bec,<code>bec</code>,2,0.0045351
31,cu&eth;e,<code>cu&amp;d;e</code>,2,0.0045351
31,ealne,<code>ealne</code>,2,0.0045351
31,eardian,<code>eardian</code>,2,0.0045351
31,for,<code>for</code>,2,0.0045351
31,gehaten,<code>gehaten</code>,2,0.0045351
31,hame,<code>hame</code>,2,0.0045351
31,hlafordes,<code>hlafordes</code>,2,0.0045351
31,is,<code>is</code>,2,0.0045351
31,l&aelig;nan,<code>l&amp;ae;nan</code>,2,0.0045351
31,m&aelig;ge,<code>m&amp;ae;ge</code>,2,0.0045351
31,mage,<code>mage</code>,2,0.0045351
31,man,<code>man</code>,2,0.0045351
31,manigne,<code>manigne</code>,2,0.0045351
31,meihte,<code>meihte</code>,2,0.0045351
31,scanctus,<code>scanctus</code>,2,0.0045351
31,stoclife,<code>stoclife</code>,2,0.0045351
31,treowo,<code>treowo</code>,2,0.0045351
31,us,<code>us</code>,2,0.0045351
31,weig,<code>weig</code>,2,0.0045351
31,wilt,<code>wilt</code>,2,0.0045351
59,&aelig;ce,<code>&amp;ae;ce</code>,1,0.0022676
59,&aelig;g&eth;eres,<code>&amp;ae;g&amp;d;eres</code>,1,0.0022676
59,&aelig;g&eth;rum,<code>&amp;ae;g&amp;d;rum</code>,1,0.0022676
59,&aelig;g&thorn;&aelig;r,<code>&amp;ae;g&amp;t;&amp;ae;r</code>,1,0.0022676
59,&aelig;g&thorn;er,<code>&amp;ae;g&amp;t;er</code>,1,0.0022676
59,&aelig;nig,<code>&amp;ae;nig</code>,1,0.0022676
59,&aelig;nlic,<code>&amp;ae;nlic</code>,1,0.0022676
59,&aelig;t,<code>&amp;ae;t</code>,1,0.0022676
59,&eth;a,<code>&amp;d;a</code>,1,0.0022676
59,&eth;ara,<code>&amp;d;ara</code>,1,0.0022676
59,&eth;as,<code>&amp;d;as</code>,1,0.0022676
59,&thorn;&aelig;r,<code>&amp;t;&amp;ae;r</code>,1,0.0022676
59,&thorn;&aelig;re,<code>&amp;t;&amp;ae;re</code>,1,0.0022676
59,&thorn;ane,<code>&amp;t;ane</code>,1,0.0022676
59,&thorn;eah,<code>&amp;t;eah</code>,1,0.0022676
59,&thorn;ere,<code>&amp;t;ere</code>,1,0.0022676
59,&thorn;ider,<code>&amp;t;ider</code>,1,0.0022676
59,&thorn;is,<code>&amp;t;is</code>,1,0.0022676
59,&thorn;isne,<code>&amp;t;isne</code>,1,0.0022676
59,&thorn;issa,<code>&amp;t;issa</code>,1,0.0022676
59,&thorn;isse,<code>&amp;t;isse</code>,1,0.0022676
59,&thorn;issum,<code>&amp;t;issum</code>,1,0.0022676
59,&thorn;isum,<code>&amp;t;isum</code>,1,0.0022676
59,&thorn;one,<code>&amp;t;one</code>,1,0.0022676
59,agnum,<code>agnum</code>,1,0.0022676
59,agustinus,<code>agustinus</code>,1,0.0022676
59,anre,<code>anre</code>,1,0.0022676
59,answarode,<code>answarode</code>,1,0.0022676
59,are,<code>are</code>,1,0.0022676
59,aredian,<code>aredian</code>,1,0.0022676
59,augustinus,<code>augustinus</code>,1,0.0022676
59,be&thorn;orfte,<code>be&amp;t;orfte</code>,1,0.0022676
59,beo,<code>beo</code>,1,0.0022676
59,beonne,<code>beonne</code>,1,0.0022676
59,bisceop,<code>bisceop</code>,1,0.0022676
59,bocland,<code>bocland</code>,1,0.0022676
59,bohtimbru,<code>bohtimbru</code>,1,0.0022676
59,bolttimbru,<code>bolttimbru</code>,1,0.0022676
59,brengan,<code>brengan</code>,1,0.0022676
59,byr&eth;ene,<code>byr&amp;d;ene</code>,1,0.0022676
59,bytlinge,<code>bytlinge</code>,1,0.0022676
59,cartaina,<code>cartaina</code>,1,0.0022676
59,cearf,<code>cearf</code>,1,0.0022676
59,com,<code>com</code>,1,0.0022676
59,cotlyf,<code>cotlyf</code>,1,0.0022676
59,cumane,<code>cumane</code>,1,0.0022676
59,dele,<code>dele</code>,1,0.0022676
59,dyde,<code>dyde</code>,1,0.0022676
59,eagan,<code>eagan</code>,1,0.0022676
59,ealra,<code>ealra</code>,1,0.0022676
59,earnunge,<code>earnunge</code>,1,0.0022676
59,ecena,<code>ecena</code>,1,0.0022676
59,eg&eth;er,<code>eg&amp;d;er</code>,1,0.0022676
59,f&aelig;deras,<code>f&amp;ae;deras</code>,1,0.0022676
59,f&aelig;dras,<code>f&amp;ae;dras</code>,1,0.0022676
59,fegerne,<code>fegerne</code>,1,0.0022676
59,fegrum,<code>fegrum</code>,1,0.0022676
59,fetige,<code>fetige</code>,1,0.0022676
59,fiscian,<code>fiscian</code>,1,0.0022676
59,for&thorn;am,<code>for&amp;t;am</code>,1,0.0022676
59,forgife,<code>forgife</code>,1,0.0022676
59,fuglian,<code>fuglian</code>,1,0.0022676
59,fultume,<code>fultume</code>,1,0.0022676
59,fyrst,<code>fyrst</code>,1,0.0022676
59,gaderode,<code>gaderode</code>,1,0.0022676
59,gedon,<code>gedon</code>,1,0.0022676
59,geearnige,<code>geearnige</code>,1,0.0022676
59,gefe&eth;rige,<code>gefe&amp;d;rige</code>,1,0.0022676
59,gehatene,<code>gehatene</code>,1,0.0022676
59,gehwilce,<code>gehwilce</code>,1,0.0022676
59,gelimpfulran,<code>gelimpfulran</code>,1,0.0022676
59,gelyfe,<code>gelyfe</code>,1,0.0022676
59,gerdum,<code>gerdum</code>,1,0.0022676
59,gerestan,<code>gerestan</code>,1,0.0022676
59,gesceadwisnes,<code>gesceadwisnes</code>,1,0.0022676
59,gescop,<code>gescop</code>,1,0.0022676
59,geseah,<code>geseah</code>,1,0.0022676
59,getimbred,<code>getimbred</code>,1,0.0022676
59,gewirce,<code>gewirce</code>,1,0.0022676
59,gidfola,<code>gidfola</code>,1,0.0022676
59,gif,<code>gif</code>,1,0.0022676
59,gregorius,<code>gregorius</code>,1,0.0022676
59,gyt,<code>gyt</code>,1,0.0022676
59,h&aelig;bbe,<code>h&amp;ae;bbe</code>,1,0.0022676
59,h&aelig;f&eth;,<code>h&amp;ae;f&amp;d;</code>,1,0.0022676
59,halgan,<code>halgan</code>,1,0.0022676
59,halie,<code>halie</code>,1,0.0022676
59,hama,<code>hama</code>,1,0.0022676
59,hecan,<code>hecan</code>,1,0.0022676
59,hef&eth;,<code>hef&amp;d;</code>,1,0.0022676
59,heora,<code>heora</code>,1,0.0022676
59,her,<code>her</code>,1,0.0022676
59,hine,<code>hine</code>,1,0.0022676
59,hu,<code>hu</code>,1,0.0022676
59,huntigan,<code>huntigan</code>,1,0.0022676
59,hure,<code>hure</code>,1,0.0022676
59,huru,<code>huru</code>,1,0.0022676
59,hus,<code>hus</code>,1,0.0022676
59,hw&aelig;s,<code>hw&amp;ae;s</code>,1,0.0022676
59,hw&aelig;t,<code>hw&amp;ae;t</code>,1,0.0022676
59,hw&aelig;thwugu,<code>hw&amp;ae;thwugu</code>,1,0.0022676
59,hwilum,<code>hwilum</code>,1,0.0022676
59,hylfa,<code>hylfa</code>,1,0.0022676
59,hym,<code>hym</code>,1,0.0022676
59,hyne,<code>hyne</code>,1,0.0022676
59,ieronimus,<code>ieronimus</code>,1,0.0022676
59,ilcan,<code>ilcan</code>,1,0.0022676
59,inge&thorn;ance,<code>inge&amp;t;ance</code>,1,0.0022676
59,kigclas,<code>kigclas</code>,1,0.0022676
59,l&aelig;ne,<code>l&amp;ae;ne</code>,1,0.0022676
59,l&aelig;nena,<code>l&amp;ae;nena</code>,1,0.0022676
59,l&aelig;rde,<code>l&amp;ae;rde</code>,1,0.0022676
59,l&aelig;re,<code>l&amp;ae;re</code>,1,0.0022676
59,lade,<code>lade</code>,1,0.0022676
59,lande,<code>lande</code>,1,0.0022676
59,licode,<code>licode</code>,1,0.0022676
59,lohsceaftas,<code>lohsceaftas</code>,1,0.0022676
59,lyst,<code>lyst</code>,1,0.0022676
59,lyste,<code>lyste</code>,1,0.0022676
59,m&aelig;g,<code>m&amp;ae;g</code>,1,0.0022676
59,ma,<code>ma</code>,1,0.0022676
59,maga,<code>maga</code>,1,0.0022676
59,manege,<code>manege</code>,1,0.0022676
59,manig,<code>manig</code>,1,0.0022676
59,meahte,<code>meahte</code>,1,0.0022676
59,menige,<code>menige</code>,1,0.0022676
59,miltse,<code>miltse</code>,1,0.0022676
59,mines,<code>mines</code>,1,0.0022676
59,mod,<code>mod</code>,1,0.0022676
59,mode,<code>mode</code>,1,0.0022676
59,modes,<code>modes</code>,1,0.0022676
59,modis,<code>modis</code>,1,0.0022676
59,mote,<code>mote</code>,1,0.0022676
59,murge,<code>murge</code>,1,0.0022676
59,myd,<code>myd</code>,1,0.0022676
59,na&thorn;er,<code>na&amp;t;er</code>,1,0.0022676
59,nan,<code>nan</code>,1,0.0022676
59,nis,<code>nis</code>,1,0.0022676
59,nu,<code>nu</code>,1,0.0022676
59,nytwyrde,<code>nytwyrde</code>,1,0.0022676
59,o&eth;,<code>o&amp;d;</code>,1,0.0022676
59,o&eth;&eth;re,<code>o&amp;d;&amp;d;re</code>,1,0.0022676
59,o&eth;&thorn;e,<code>o&amp;d;&amp;t;e</code>,1,0.0022676
59,ongelihte,<code>ongelihte</code>,1,0.0022676
59,ongytan,<code>ongytan</code>,1,0.0022676
59,onhagige,<code>onhagige</code>,1,0.0022676
59,ontimber,<code>ontimber</code>,1,0.0022676
59,reste,<code>reste</code>,1,0.0022676
59,rihtne,<code>rihtne</code>,1,0.0022676
59,sanctus,<code>sanctus</code>,1,0.0022676
59,settan,<code>settan</code>,1,0.0022676
59,si,<code>si</code>,1,0.0022676
59,si&eth;&eth;an,<code>si&amp;d;&amp;d;an</code>,1,0.0022676
59,sie,<code>sie</code>,1,0.0022676
59,sint,<code>sint</code>,1,0.0022676
59,smeaunge,<code>smeaunge</code>,1,0.0022676
59,smicerne,<code>smicerne</code>,1,0.0022676
59,softe,<code>softe</code>,1,0.0022676
59,softor,<code>softor</code>,1,0.0022676
59,soliloquiorum,<code>soliloquiorum</code>,1,0.0022676
59,stu&eth;ansceaftas,<code>stu&amp;d;ansceaftas</code>,1,0.0022676
59,stu&thorn;ansceaftas,<code>stu&amp;t;ansceaftas</code>,1,0.0022676
59,sumeras,<code>sumeras</code>,1,0.0022676
59,sweotole,<code>sweotole</code>,1,0.0022676
59,swilc,<code>swilc</code>,1,0.0022676
59,tilian,<code>tilian</code>,1,0.0022676
59,timbrian,<code>timbrian</code>,1,0.0022676
59,tola,<code>tola</code>,1,0.0022676
59,tun,<code>tun</code>,1,0.0022676
59,twa,<code>twa</code>,1,0.0022676
59,tweonode,<code>tweonode</code>,1,0.0022676
59,tweounga,<code>tweounga</code>,1,0.0022676
59,w&aelig;ge,<code>w&amp;ae;ge</code>,1,0.0022676
59,w&aelig;n,<code>w&amp;ae;n</code>,1,0.0022676
59,w&aelig;nas,<code>w&amp;ae;nas</code>,1,0.0022676
59,wah,<code>wah</code>,1,0.0022676
59,weliga,<code>weliga</code>,1,0.0022676
59,weorca,<code>weorca</code>,1,0.0022676
59,weorulde,<code>weorulde</code>,1,0.0022676
59,wes,<code>wes</code>,1,0.0022676
59,while,<code>while</code>,1,0.0022676
59,wilnode,<code>wilnode</code>,1,0.0022676
59,windan,<code>windan</code>,1,0.0022676
59,wintras,<code>wintras</code>,1,0.0022676
59,wircan,<code>wircan</code>,1,0.0022676
59,wisan,<code>wisan</code>,1,0.0022676
59,witanne,<code>witanne</code>,1,0.0022676
59,wlitegostan,<code>wlitegostan</code>,1,0.0022676
59,worhte,<code>worhte</code>,1,0.0022676
59,wuda,<code>wuda</code>,1,0.0022676
59,wude,<code>wude</code>,1,0.0022676
59,wudu,<code>wudu</code>,1,0.0022676
59,wundor,<code>wundor</code>,1,0.0022676
59,wyrcan,<code>wyrcan</code>,1,0.0022676
59,ymbe,<code>ymbe</code>,1,0.0022676
59,yrfe,<code>yrfe</code>,1,0.0022676
