B_Prose,B09,B09.007.003_Alc_26__Foumlrst__T06930.txt,128,84,231
RANK,HTML WORD,RAW WORD,COUNT,RELATIVE FREQUENCY
1,he,<code>he</code>,13,0.0562771
2,&thorn;&aelig;t,<code>&amp;t;&amp;ae;t</code>,8,0.0346320
2,bi&eth;,<code>bi&amp;d;</code>,8,0.0346320
4,&thorn;am,<code>&amp;t;am</code>,7,0.0303030
5,on,<code>on</code>,6,0.0259740
6,&amp;,<code>&amp;amp;</code>,5,0.0216450
6,ac,<code>ac</code>,5,0.0216450
6,gode,<code>gode</code>,5,0.0216450
6,his,<code>his</code>,5,0.0216450
10,&thorn;e,<code>&amp;t;e</code>,4,0.0173160
10,god,<code>god</code>,4,0.0173160
10,w&aelig;s,<code>w&amp;ae;s</code>,4,0.0173160
13,&aelig;rest,<code>&amp;ae;rest</code>,3,0.0129870
13,&thorn;a,<code>&amp;t;a</code>,3,0.0129870
13,be,<code>be</code>,3,0.0129870
13,eft,<code>eft</code>,3,0.0129870
13,ende,<code>ende</code>,3,0.0129870
13,godan,<code>godan</code>,3,0.0129870
13,m&aelig;gen,<code>m&amp;ae;gen</code>,3,0.0129870
13,se,<code>se</code>,3,0.0129870
13,se&thorn;e,<code>se&amp;t;e</code>,3,0.0129870
22,&aelig;lc,<code>&amp;ae;lc</code>,2,0.0086580
22,&thorn;&aelig;s,<code>&amp;t;&amp;ae;s</code>,2,0.0086580
22,&thorn;on,<code>&amp;t;on</code>,2,0.0086580
22,&thorn;onne,<code>&amp;t;onne</code>,2,0.0086580
22,&thorn;urhwuna&eth;,<code>&amp;t;urhwuna&amp;d;</code>,2,0.0086580
22,drohtnunge,<code>drohtnunge</code>,2,0.0086580
22,for&thorn;on&thorn;e,<code>for&amp;t;on&amp;t;e</code>,2,0.0086580
22,hal,<code>hal</code>,2,0.0086580
22,hende,<code>hende</code>,2,0.0086580
22,hit,<code>hit</code>,2,0.0086580
22,lifes,<code>lifes</code>,2,0.0086580
22,man,<code>man</code>,2,0.0086580
22,men,<code>men</code>,2,0.0086580
22,mon,<code>mon</code>,2,0.0086580
22,na,<code>na</code>,2,0.0086580
22,nis,<code>nis</code>,2,0.0086580
22,onginna&eth;,<code>onginna&amp;d;</code>,2,0.0086580
22,onginne&eth;,<code>onginne&amp;d;</code>,2,0.0086580
22,swaswa,<code>swaswa</code>,2,0.0086580
22,to,<code>to</code>,2,0.0086580
22,we,<code>we</code>,2,0.0086580
22,weorces,<code>weorces</code>,2,0.0086580
22,weorcum,<code>weorcum</code>,2,0.0086580
45,&aelig;lces,<code>&amp;ae;lces</code>,1,0.0043290
45,&aelig;lcum,<code>&amp;ae;lcum</code>,1,0.0043290
45,&aelig;t,<code>&amp;ae;t</code>,1,0.0043290
45,&thorn;&aelig;re,<code>&amp;t;&amp;ae;re</code>,1,0.0043290
45,&thorn;eoda,<code>&amp;t;eoda</code>,1,0.0043290
45,&thorn;urhwunenes,<code>&amp;t;urhwunenes</code>,1,0.0043290
45,&thorn;urhwuniendum,<code>&amp;t;urhwuniendum</code>,1,0.0043290
45,&thorn;urhwuniga&eth;,<code>&amp;t;urhwuniga&amp;d;</code>,1,0.0043290
45,&thorn;urhwununge,<code>&amp;t;urhwununge</code>,1,0.0043290
45,agene,<code>agene</code>,1,0.0043290
45,aheng,<code>aheng</code>,1,0.0043290
45,an,<code>an</code>,1,0.0043290
45,apostol,<code>apostol</code>,1,0.0043290
45,beo&eth;,<code>beo&amp;d;</code>,1,0.0043290
45,cristenan,<code>cristenan</code>,1,0.0043290
45,cristenra,<code>cristenra</code>,1,0.0043290
45,cristes,<code>cristes</code>,1,0.0043290
45,cwe&eth;,<code>cwe&amp;d;</code>,1,0.0043290
45,demed,<code>demed</code>,1,0.0043290
45,drihten,<code>drihten</code>,1,0.0043290
45,ecan,<code>ecan</code>,1,0.0043290
45,ece,<code>ece</code>,1,0.0043290
45,ehtere,<code>ehtere</code>,1,0.0043290
45,endenystan,<code>endenystan</code>,1,0.0043290
45,for,<code>for</code>,1,0.0043290
45,fruma,<code>fruma</code>,1,0.0043290
45,fulfremman,<code>fulfremman</code>,1,0.0043290
45,geearnian,<code>geearnian</code>,1,0.0043290
45,geendia&eth;,<code>geendia&amp;d;</code>,1,0.0043290
45,geendige,<code>geendige</code>,1,0.0043290
45,geendode,<code>geendode</code>,1,0.0043290
45,gefylla&eth;,<code>gefylla&amp;d;</code>,1,0.0043290
45,gehaten,<code>gehaten</code>,1,0.0043290
45,geni&thorn;arad,<code>geni&amp;t;arad</code>,1,0.0043290
45,gerihtwisod,<code>gerihtwisod</code>,1,0.0043290
45,gescapon,<code>gescapon</code>,1,0.0043290
45,geseald,<code>geseald</code>,1,0.0043290
45,grine,<code>grine</code>,1,0.0043290
45,heo,<code>heo</code>,1,0.0043290
45,higige,<code>higige</code>,1,0.0043290
45,hine,<code>hine</code>,1,0.0043290
45,hira,<code>hira</code>,1,0.0043290
45,hwilc,<code>hwilc</code>,1,0.0043290
45,is,<code>is</code>,1,0.0043290
45,iudas,<code>iudas</code>,1,0.0043290
45,l&aelig;wa,<code>l&amp;ae;wa</code>,1,0.0043290
45,lareow,<code>lareow</code>,1,0.0043290
45,lica&eth;,<code>lica&amp;d;</code>,1,0.0043290
45,lif,<code>lif</code>,1,0.0043290
45,life,<code>life</code>,1,0.0043290
45,m&aelig;ge,<code>m&amp;ae;ge</code>,1,0.0043290
45,manna,<code>manna</code>,1,0.0043290
45,mede,<code>mede</code>,1,0.0043290
45,menn,<code>menn</code>,1,0.0043290
45,monige,<code>monige</code>,1,0.0043290
45,monnes,<code>monnes</code>,1,0.0043290
45,n&aelig;nig,<code>n&amp;ae;nig</code>,1,0.0043290
45,ne,<code>ne</code>,1,0.0043290
45,no,<code>no</code>,1,0.0043290
45,o&eth;,<code>o&amp;d;</code>,1,0.0043290
45,o&eth;&thorn;e,<code>o&amp;d;&amp;t;e</code>,1,0.0043290
45,o&thorn;&thorn;e,<code>o&amp;t;&amp;t;e</code>,1,0.0043290
45,ongan,<code>ongan</code>,1,0.0043290
45,ongeat,<code>ongeat</code>,1,0.0043290
45,onginge,<code>onginge</code>,1,0.0043290
45,onginne,<code>onginne</code>,1,0.0043290
45,paulus,<code>paulus</code>,1,0.0043290
45,rice,<code>rice</code>,1,0.0043290
45,sceawod,<code>sceawod</code>,1,0.0043290
45,scylda,<code>scylda</code>,1,0.0043290
45,seo,<code>seo</code>,1,0.0043290
45,sie,<code>sie</code>,1,0.0043290
45,so&eth;lice,<code>so&amp;d;lice</code>,1,0.0043290
45,swi&eth;e,<code>swi&amp;d;e</code>,1,0.0043290
45,swy&eth;e,<code>swy&amp;d;e</code>,1,0.0043290
45,sylf,<code>sylf</code>,1,0.0043290
45,symle,<code>symle</code>,1,0.0043290
45,tide,<code>tide</code>,1,0.0043290
45,ure,<code>ure</code>,1,0.0043290
45,wel,<code>wel</code>,1,0.0043290
45,wyl,<code>wyl</code>,1,0.0043290
45,yfel,<code>yfel</code>,1,0.0043290
45,yfele,<code>yfele</code>,1,0.0043290
45,ytemestan,<code>ytemestan</code>,1,0.0043290
