B_Prose,B09,B09.006.002_BedeHead_T06850.txt,919,633,2437
RANK,HTML WORD,RAW WORD,COUNT,RELATIVE FREQUENCY
1,&amp;,<code>&amp;amp;</code>,134,0.0549856
2,&eth;&aelig;t,<code>&amp;d;&amp;ae;t</code>,82,0.0336479
3,on,<code>on</code>,59,0.0242101
3,w&aelig;s,<code>w&amp;ae;s</code>,59,0.0242101
5,&thorn;am,<code>&amp;t;am</code>,53,0.0217481
6,se,<code>se</code>,52,0.0213377
7,his,<code>his</code>,40,0.0164136
8,to,<code>to</code>,38,0.0155929
9,be,<code>be</code>,34,0.0139516
10,mid,<code>mid</code>,28,0.0114895
11,&thorn;&aelig;t,<code>&amp;t;&amp;ae;t</code>,26,0.0106689
11,fram,<code>fram</code>,26,0.0106689
13,him,<code>him</code>,23,0.0094378
14,&thorn;a,<code>&amp;t;a</code>,20,0.0082068
14,biscop,<code>biscop</code>,20,0.0082068
16,&eth;a,<code>&amp;d;a</code>,19,0.0077965
17,he,<code>he</code>,18,0.0073861
17,onfeng,<code>onfeng</code>,18,0.0073861
17,w&aelig;ron,<code>w&amp;ae;ron</code>,18,0.0073861
20,eac,<code>eac</code>,17,0.0069758
20,seo,<code>seo</code>,17,0.0069758
22,cyning,<code>cyning</code>,16,0.0065654
23,&thorn;&aelig;s,<code>&amp;t;&amp;ae;s</code>,15,0.0061551
23,for,<code>for</code>,15,0.0061551
25,&eth;&aelig;tte,<code>&amp;d;&amp;ae;tte</code>,14,0.0057448
26,&aelig;t,<code>&amp;ae;t</code>,13,0.0053344
26,of,<code>of</code>,13,0.0053344
26,ylca,<code>ylca</code>,13,0.0053344
29,eft,<code>eft</code>,12,0.0049241
29,geleafan,<code>geleafan</code>,12,0.0049241
29,hi,<code>hi</code>,12,0.0049241
32,&aelig;fter,<code>&amp;ae;fter</code>,11,0.0045137
32,heora,<code>heora</code>,11,0.0045137
34,&thorn;&aelig;re,<code>&amp;t;&amp;ae;re</code>,10,0.0041034
34,breotene,<code>breotene</code>,10,0.0041034
34,gebiddende,<code>gebiddende</code>,10,0.0041034
37,&thorn;one,<code>&amp;t;one</code>,9,0.0036931
37,boc,<code>boc</code>,9,0.0036931
37,for&eth;fore,<code>for&amp;d;fore</code>,9,0.0036931
37,godes,<code>godes</code>,9,0.0036931
41,&aelig;rest,<code>&amp;ae;rest</code>,8,0.0032827
41,&eth;&aelig;s,<code>&amp;d;&amp;ae;s</code>,8,0.0032827
41,cristes,<code>cristes</code>,8,0.0032827
41,cyninge,<code>cyninge</code>,8,0.0032827
41,her,<code>her</code>,8,0.0032827
41,o&eth;er,<code>o&amp;d;er</code>,8,0.0032827
41,rome,<code>rome</code>,8,0.0032827
41,ylcan,<code>ylcan</code>,8,0.0032827
49,&thorn;&aelig;r,<code>&amp;t;&amp;ae;r</code>,7,0.0028724
49,&thorn;ara,<code>&amp;t;ara</code>,7,0.0028724
49,biscope,<code>biscope</code>,7,0.0028724
49,breotone,<code>breotone</code>,7,0.0028724
49,cyninges,<code>cyninges</code>,7,0.0028724
49,geworden,<code>geworden</code>,7,0.0028724
55,&eth;&aelig;re,<code>&amp;d;&amp;ae;re</code>,6,0.0024620
55,&eth;am,<code>&amp;d;am</code>,6,0.0024620
55,&eth;one,<code>&amp;d;one</code>,6,0.0024620
55,&thorn;e,<code>&amp;t;e</code>,6,0.0024620
55,beon,<code>beon</code>,6,0.0024620
55,biscopas,<code>biscopas</code>,6,0.0024620
55,bryttas,<code>bryttas</code>,6,0.0024620
55,dea&eth;e,<code>dea&amp;d;e</code>,6,0.0024620
55,gecyrde,<code>gecyrde</code>,6,0.0024620
55,gehalgode,<code>gehalgode</code>,6,0.0024620
55,life,<code>life</code>,6,0.0024620
55,m&aelig;g&eth;e,<code>m&amp;ae;g&amp;d;e</code>,6,0.0024620
55,wer,<code>wer</code>,6,0.0024620
68,&thorn;eode,<code>&amp;t;eode</code>,5,0.0020517
68,agustinus,<code>agustinus</code>,5,0.0020517
68,an,<code>an</code>,5,0.0020517
68,arcebiscop,<code>arcebiscop</code>,5,0.0020517
68,biscopes,<code>biscopes</code>,5,0.0020517
68,byrigenne,<code>byrigenne</code>,5,0.0020517
68,cumende,<code>cumende</code>,5,0.0020517
68,cyrican,<code>cyrican</code>,5,0.0020517
68,ge,<code>ge</code>,5,0.0020517
68,geedniwode,<code>geedniwode</code>,5,0.0020517
68,geh&aelig;led,<code>geh&amp;ae;led</code>,5,0.0020517
68,hire,<code>hire</code>,5,0.0020517
68,mynster,<code>mynster</code>,5,0.0020517
68,ne,<code>ne</code>,5,0.0020517
68,nor&eth;anhymbra,<code>nor&amp;d;anhymbra</code>,5,0.0020517
68,onfengon,<code>onfengon</code>,5,0.0020517
68,sona,<code>sona</code>,5,0.0020517
68,sum,<code>sum</code>,5,0.0020517
86,&aelig;r,<code>&amp;ae;r</code>,4,0.0016414
86,&eth;e,<code>&amp;d;e</code>,4,0.0016414
86,ac,<code>ac</code>,4,0.0016414
86,and,<code>and</code>,4,0.0016414
86,casere,<code>casere</code>,4,0.0016414
86,enda&eth;,<code>enda&amp;d;</code>,4,0.0016414
86,for&eth;ferdum,<code>for&amp;d;ferdum</code>,4,0.0016414
86,geseah,<code>geseah</code>,4,0.0016414
86,hibernia,<code>hibernia</code>,4,0.0016414
86,hine,<code>hine</code>,4,0.0016414
86,hrofeceastre,<code>hrofeceastre</code>,4,0.0016414
86,lare,<code>lare</code>,4,0.0016414
86,onginne&eth;,<code>onginne&amp;d;</code>,4,0.0016414
86,papa,<code>papa</code>,4,0.0016414
86,papan,<code>papan</code>,4,0.0016414
86,paulinus,<code>paulinus</code>,4,0.0016414
86,ricsiendum,<code>ricsiendum</code>,4,0.0016414
86,sancte,<code>sancte</code>,4,0.0016414
86,scottum,<code>scottum</code>,4,0.0016414
86,sende,<code>sende</code>,4,0.0016414
86,sibbe,<code>sibbe</code>,4,0.0016414
86,stowe,<code>stowe</code>,4,0.0016414
86,wi&eth;,<code>wi&amp;d;</code>,4,0.0016414
86,word,<code>word</code>,4,0.0016414
110,&aelig;fterfyligend,<code>&amp;ae;fterfyligend</code>,3,0.0012310
110,&aelig;fterfyligende,<code>&amp;ae;fterfyligende</code>,3,0.0012310
110,&aelig;nne,<code>&amp;ae;nne</code>,3,0.0012310
110,&aelig;tywde,<code>&amp;ae;tywde</code>,3,0.0012310
110,&eth;&aelig;r,<code>&amp;d;&amp;ae;r</code>,3,0.0012310
110,&eth;eodorus,<code>&amp;d;eodorus</code>,3,0.0012310
110,abbude,<code>abbude</code>,3,0.0012310
110,anes,<code>anes</code>,3,0.0012310
110,angel&eth;eode,<code>angel&amp;d;eode</code>,3,0.0012310
110,angelcynnes,<code>angelcynnes</code>,3,0.0012310
110,apostola,<code>apostola</code>,3,0.0012310
110,becom,<code>becom</code>,3,0.0012310
110,biddende,<code>biddende</code>,3,0.0012310
110,cent,<code>cent</code>,3,0.0012310
110,cniht,<code>cniht</code>,3,0.0012310
110,com,<code>com</code>,3,0.0012310
110,drihtne,<code>drihtne</code>,3,0.0012310
110,eadwines,<code>eadwines</code>,3,0.0012310
110,ealond,<code>ealond</code>,3,0.0012310
110,ealonde,<code>ealonde</code>,3,0.0012310
110,eastran,<code>eastran</code>,3,0.0012310
110,gallia,<code>gallia</code>,3,0.0012310
110,gehalgod,<code>gehalgod</code>,3,0.0012310
110,germanus,<code>germanus</code>,3,0.0012310
110,geseted,<code>geseted</code>,3,0.0012310
110,gesohte,<code>gesohte</code>,3,0.0012310
110,geworhte,<code>geworhte</code>,3,0.0012310
110,gewritum,<code>gewritum</code>,3,0.0012310
110,gode,<code>gode</code>,3,0.0012310
110,gregorius,<code>gregorius</code>,3,0.0012310
110,halga,<code>halga</code>,3,0.0012310
110,halgum,<code>halgum</code>,3,0.0012310
110,hwylc,<code>hwylc</code>,3,0.0012310
110,l&aelig;rde,<code>l&amp;ae;rde</code>,3,0.0012310
110,lif,<code>lif</code>,3,0.0012310
110,m&aelig;g&eth;,<code>m&amp;ae;g&amp;d;</code>,3,0.0012310
110,man,<code>man</code>,3,0.0012310
110,mellitus,<code>mellitus</code>,3,0.0012310
110,mihte,<code>mihte</code>,3,0.0012310
110,munuclicum,<code>munuclicum</code>,3,0.0012310
110,mynstre,<code>mynstre</code>,3,0.0012310
110,o&eth;ra,<code>o&amp;d;ra</code>,3,0.0012310
110,onsended,<code>onsended</code>,3,0.0012310
110,pendan,<code>pendan</code>,3,0.0012310
110,reliquias,<code>reliquias</code>,3,0.0012310
110,reliquium,<code>reliquium</code>,3,0.0012310
110,rice,<code>rice</code>,3,0.0012310
110,romwara,<code>romwara</code>,3,0.0012310
110,sended,<code>sended</code>,3,0.0012310
110,storm,<code>storm</code>,3,0.0012310
110,sume,<code>sume</code>,3,0.0012310
110,swa,<code>swa</code>,3,0.0012310
110,swylce,<code>swylce</code>,3,0.0012310
110,tid,<code>tid</code>,3,0.0012310
110,tide,<code>tide</code>,3,0.0012310
110,westseaxna,<code>westseaxna</code>,3,0.0012310
166,&aelig;&eth;elbyrhte,<code>&amp;ae;&amp;d;elbyrhte</code>,2,0.0008207
166,&aelig;fterfyligde,<code>&amp;ae;fterfyligde</code>,2,0.0008207
166,&aelig;rra,<code>&amp;ae;rra</code>,2,0.0008207
166,&eth;eode,<code>&amp;d;eode</code>,2,0.0008207
166,&thorn;ridde,<code>&amp;t;ridde</code>,2,0.0008207
166,acenned,<code>acenned</code>,2,0.0008207
166,adle,<code>adle</code>,2,0.0008207
166,adrifan,<code>adrifan</code>,2,0.0008207
166,adw&aelig;scte,<code>adw&amp;ae;scte</code>,2,0.0008207
166,agenne,<code>agenne</code>,2,0.0008207
166,agenra,<code>agenra</code>,2,0.0008207
166,agenre,<code>agenre</code>,2,0.0008207
166,ancerlife,<code>ancerlife</code>,2,0.0008207
166,apostolican,<code>apostolican</code>,2,0.0008207
166,arcebiscope,<code>arcebiscope</code>,2,0.0008207
166,augustinus,<code>augustinus</code>,2,0.0008207
166,becumende,<code>becumende</code>,2,0.0008207
166,betweox,<code>betweox</code>,2,0.0008207
166,biscophade,<code>biscophade</code>,2,0.0008207
166,biscoprice,<code>biscoprice</code>,2,0.0008207
166,biscopsetl,<code>biscopsetl</code>,2,0.0008207
166,biscopum,<code>biscopum</code>,2,0.0008207
166,bodade,<code>bodade</code>,2,0.0008207
166,bodiendum,<code>bodiendum</code>,2,0.0008207
166,bodigende,<code>bodigende</code>,2,0.0008207
166,brytta,<code>brytta</code>,2,0.0008207
166,bryttum,<code>bryttum</code>,2,0.0008207
166,byrig,<code>byrig</code>,2,0.0008207
166,cantwara,<code>cantwara</code>,2,0.0008207
166,ceadda,<code>ceadda</code>,2,0.0008207
166,cedde,<code>cedde</code>,2,0.0008207
166,cl&aelig;ne,<code>cl&amp;ae;ne</code>,2,0.0008207
166,criste,<code>criste</code>,2,0.0008207
166,cristene,<code>cristene</code>,2,0.0008207
166,cynedome,<code>cynedome</code>,2,0.0008207
166,cyninga,<code>cyninga</code>,2,0.0008207
166,cyningum,<code>cyningum</code>,2,0.0008207
166,cyricean,<code>cyricean</code>,2,0.0008207
166,d&aelig;l,<code>d&amp;ae;l</code>,2,0.0008207
166,deofolgylde,<code>deofolgylde</code>,2,0.0008207
166,ealle,<code>ealle</code>,2,0.0008207
166,eastseaxan,<code>eastseaxan</code>,2,0.0008207
166,ecbyrht,<code>ecbyrht</code>,2,0.0008207
166,eleutherio,<code>eleutherio</code>,2,0.0008207
166,feor&eth;e,<code>feor&amp;d;e</code>,2,0.0008207
166,ferde,<code>ferde</code>,2,0.0008207
166,for&eth;am,<code>for&amp;d;am</code>,2,0.0008207
166,for&eth;ferendum,<code>for&amp;d;ferendum</code>,2,0.0008207
166,forgeaf,<code>forgeaf</code>,2,0.0008207
166,forman,<code>forman</code>,2,0.0008207
166,fultum,<code>fultum</code>,2,0.0008207
166,fultumes,<code>fultumes</code>,2,0.0008207
166,geare,<code>geare</code>,2,0.0008207
166,gedwolan,<code>gedwolan</code>,2,0.0008207
166,geendode,<code>geendode</code>,2,0.0008207
166,gefeohte,<code>gefeohte</code>,2,0.0008207
166,geh&aelig;lde,<code>geh&amp;ae;lde</code>,2,0.0008207
166,gel&aelig;dde,<code>gel&amp;ae;dde</code>,2,0.0008207
166,gelacnode,<code>gelacnode</code>,2,0.0008207
166,gem&aelig;rum,<code>gem&amp;ae;rum</code>,2,0.0008207
166,gesette,<code>gesette</code>,2,0.0008207
166,gesi&eth;mannes,<code>gesi&amp;d;mannes</code>,2,0.0008207
166,gestilde,<code>gestilde</code>,2,0.0008207
166,gestildon,<code>gestildon</code>,2,0.0008207
166,getimbrade,<code>getimbrade</code>,2,0.0008207
166,gewinne,<code>gewinne</code>,2,0.0008207
166,gewritu,<code>gewritu</code>,2,0.0008207
166,godcunde,<code>godcunde</code>,2,0.0008207
166,halgan,<code>halgan</code>,2,0.0008207
166,ham,<code>ham</code>,2,0.0008207
166,haten,<code>haten</code>,2,0.0008207
166,heofonlican,<code>heofonlican</code>,2,0.0008207
166,hider,<code>hider</code>,2,0.0008207
166,honorio,<code>honorio</code>,2,0.0008207
166,hrofesceastre,<code>hrofesceastre</code>,2,0.0008207
166,hweorfende,<code>hweorfende</code>,2,0.0008207
166,hwylce,<code>hwylce</code>,2,0.0008207
166,is,<code>is</code>,2,0.0008207
166,iustum,<code>iustum</code>,2,0.0008207
166,iustus,<code>iustus</code>,2,0.0008207
166,l&aelig;rendum,<code>l&amp;ae;rendum</code>,2,0.0008207
166,laurentius,<code>laurentius</code>,2,0.0008207
166,lichaman,<code>lichaman</code>,2,0.0008207
166,lytel,<code>lytel</code>,2,0.0008207
166,m&aelig;den,<code>m&amp;ae;den</code>,2,0.0008207
166,m&aelig;ssepreost,<code>m&amp;ae;ssepreost</code>,2,0.0008207
166,mellitum,<code>mellitum</code>,2,0.0008207
166,mercna,<code>mercna</code>,2,0.0008207
166,middanearde,<code>middanearde</code>,2,0.0008207
166,monega,<code>monega</code>,2,0.0008207
166,myrcna,<code>myrcna</code>,2,0.0008207
166,naman,<code>naman</code>,2,0.0008207
166,o&eth;rum,<code>o&amp;d;rum</code>,2,0.0008207
166,ofer,<code>ofer</code>,2,0.0008207
166,ofsl&aelig;gen,<code>ofsl&amp;ae;gen</code>,2,0.0008207
166,ofslegenum,<code>ofslegenum</code>,2,0.0008207
166,ond,<code>ond</code>,2,0.0008207
166,onfonde,<code>onfonde</code>,2,0.0008207
166,oswald,<code>oswald</code>,2,0.0008207
166,oswies,<code>oswies</code>,2,0.0008207
166,oswio,<code>oswio</code>,2,0.0008207
166,pallium,<code>pallium</code>,2,0.0008207
166,paulino,<code>paulino</code>,2,0.0008207
166,pelagianiscan,<code>pelagianiscan</code>,2,0.0008207
166,rihtgeleaffulre,<code>rihtgeleaffulre</code>,2,0.0008207
166,scotta,<code>scotta</code>,2,0.0008207
166,seald,<code>seald</code>,2,0.0008207
166,sealde,<code>sealde</code>,2,0.0008207
166,sige,<code>sige</code>,2,0.0008207
166,sino&eth;e,<code>sino&amp;d;e</code>,2,0.0008207
166,somod,<code>somod</code>,2,0.0008207
166,st&aelig;pe,<code>st&amp;ae;pe</code>,2,0.0008207
166,sweltende,<code>sweltende</code>,2,0.0008207
166,sylf,<code>sylf</code>,2,0.0008207
166,sylfe,<code>sylfe</code>,2,0.0008207
166,twegen,<code>twegen</code>,2,0.0008207
166,under,<code>under</code>,2,0.0008207
166,we,<code>we</code>,2,0.0008207
166,wif,<code>wif</code>,2,0.0008207
166,wilbrord,<code>wilbrord</code>,2,0.0008207
166,wundorlicre,<code>wundorlicre</code>,2,0.0008207
287,&aelig;&eth;elburge,<code>&amp;ae;&amp;d;elburge</code>,1,0.0004103
287,&aelig;&eth;elbyrhtes,<code>&amp;ae;&amp;d;elbyrhtes</code>,1,0.0004103
287,&aelig;&eth;elbyrhto,<code>&amp;ae;&amp;d;elbyrhto</code>,1,0.0004103
287,&aelig;&eth;eldry&eth;,<code>&amp;ae;&amp;d;eldry&amp;d;</code>,1,0.0004103
287,&aelig;&eth;elfri&eth;,<code>&amp;ae;&amp;d;elfri&amp;d;</code>,1,0.0004103
287,&aelig;&eth;elrede,<code>&amp;ae;&amp;d;elrede</code>,1,0.0004103
287,&aelig;&eth;elwalde,<code>&amp;ae;&amp;d;elwalde</code>,1,0.0004103
287,&aelig;&eth;elwold,<code>&amp;ae;&amp;d;elwold</code>,1,0.0004103
287,&aelig;cer,<code>&amp;ae;cer</code>,1,0.0004103
287,&aelig;ftera,<code>&amp;ae;ftera</code>,1,0.0004103
287,&aelig;fterfyligendas,<code>&amp;ae;fterfyligendas</code>,1,0.0004103
287,&aelig;fterfyligendum,<code>&amp;ae;fterfyligendum</code>,1,0.0004103
287,&aelig;g&eth;er,<code>&amp;ae;g&amp;d;er</code>,1,0.0004103
287,&aelig;gelbyrhto,<code>&amp;ae;gelbyrhto</code>,1,0.0004103
287,&aelig;hta,<code>&amp;ae;hta</code>,1,0.0004103
287,&aelig;lcere,<code>&amp;ae;lcere</code>,1,0.0004103
287,&aelig;rcebiscope,<code>&amp;ae;rcebiscope</code>,1,0.0004103
287,&aelig;rendgewrite,<code>&amp;ae;rendgewrite</code>,1,0.0004103
287,&aelig;rendgewrito,<code>&amp;ae;rendgewrito</code>,1,0.0004103
287,&aelig;restan,<code>&amp;ae;restan</code>,1,0.0004103
287,&aelig;rran,<code>&amp;ae;rran</code>,1,0.0004103
287,&eth;anon,<code>&amp;d;anon</code>,1,0.0004103
287,&eth;ara,<code>&amp;d;ara</code>,1,0.0004103
287,&eth;ider,<code>&amp;d;ider</code>,1,0.0004103
287,&eth;ingum,<code>&amp;d;ingum</code>,1,0.0004103
287,&eth;on,<code>&amp;d;on</code>,1,0.0004103
287,&eth;reo,<code>&amp;d;reo</code>,1,0.0004103
287,&eth;urh,<code>&amp;d;urh</code>,1,0.0004103
287,&eth;y,<code>&amp;d;y</code>,1,0.0004103
287,&eth;yder,<code>&amp;d;yder</code>,1,0.0004103
287,&thorn;&aelig;rscwaldas,<code>&amp;t;&amp;ae;rscwaldas</code>,1,0.0004103
287,&thorn;&aelig;tte,<code>&amp;t;&amp;ae;tte</code>,1,0.0004103
287,&thorn;anon,<code>&amp;t;anon</code>,1,0.0004103
287,&thorn;eodoro,<code>&amp;t;eodoro</code>,1,0.0004103
287,&thorn;eodorus,<code>&amp;t;eodorus</code>,1,0.0004103
287,&thorn;eodum,<code>&amp;t;eodum</code>,1,0.0004103
287,&thorn;eowen,<code>&amp;t;eowen</code>,1,0.0004103
287,&thorn;on,<code>&amp;t;on</code>,1,0.0004103
287,&thorn;onne,<code>&amp;t;onne</code>,1,0.0004103
287,&thorn;onone,<code>&amp;t;onone</code>,1,0.0004103
287,&thorn;r&aelig;ston,<code>&amp;t;r&amp;ae;ston</code>,1,0.0004103
287,&thorn;reo,<code>&amp;t;reo</code>,1,0.0004103
287,&thorn;rowiende,<code>&amp;t;rowiende</code>,1,0.0004103
287,&thorn;rowung,<code>&amp;t;rowung</code>,1,0.0004103
287,&thorn;urh,<code>&amp;t;urh</code>,1,0.0004103
287,&thorn;urhwunode,<code>&amp;t;urhwunode</code>,1,0.0004103
287,&thorn;y,<code>&amp;t;y</code>,1,0.0004103
287,&thorn;yssum,<code>&amp;t;yssum</code>,1,0.0004103
287,ab&aelig;d,<code>ab&amp;ae;d</code>,1,0.0004103
287,abbud,<code>abbud</code>,1,0.0004103
287,abbudissan,<code>abbudissan</code>,1,0.0004103
287,ablunnen,<code>ablunnen</code>,1,0.0004103
287,acca,<code>acca</code>,1,0.0004103
287,acende,<code>acende</code>,1,0.0004103
287,adla,<code>adla</code>,1,0.0004103
287,adliende,<code>adliende</code>,1,0.0004103
287,adr&aelig;fde,<code>adr&amp;ae;fde</code>,1,0.0004103
287,adriane,<code>adriane</code>,1,0.0004103
287,adriano,<code>adriano</code>,1,0.0004103
287,adrof,<code>adrof</code>,1,0.0004103
287,adune,<code>adune</code>,1,0.0004103
287,agustino,<code>agustino</code>,1,0.0004103
287,aguton,<code>aguton</code>,1,0.0004103
287,aidan,<code>aidan</code>,1,0.0004103
287,aidanum,<code>aidanum</code>,1,0.0004103
287,aidanus,<code>aidanus</code>,1,0.0004103
287,albane,<code>albane</code>,1,0.0004103
287,albanus,<code>albanus</code>,1,0.0004103
287,albinus,<code>albinus</code>,1,0.0004103
287,aldelmes,<code>aldelmes</code>,1,0.0004103
287,aldelmum,<code>aldelmum</code>,1,0.0004103
287,ambrosius,<code>ambrosius</code>,1,0.0004103
287,ancersetle,<code>ancersetle</code>,1,0.0004103
287,ancran,<code>ancran</code>,1,0.0004103
287,andsware,<code>andsware</code>,1,0.0004103
287,andweardan,<code>andweardan</code>,1,0.0004103
287,andweardnesse,<code>andweardnesse</code>,1,0.0004103
287,angel&eth;eod,<code>angel&amp;d;eod</code>,1,0.0004103
287,annysse,<code>annysse</code>,1,0.0004103
287,apostole,<code>apostole</code>,1,0.0004103
287,arcebiscopes,<code>arcebiscopes</code>,1,0.0004103
287,arcebiscophad,<code>arcebiscophad</code>,1,0.0004103
287,archadio,<code>archadio</code>,1,0.0004103
287,arf&aelig;stnysse,<code>arf&amp;ae;stnysse</code>,1,0.0004103
287,arisende,<code>arisende</code>,1,0.0004103
287,arrianiscan,<code>arrianiscan</code>,1,0.0004103
287,arwur&eth;a,<code>arwur&amp;d;a</code>,1,0.0004103
287,arwur&eth;an,<code>arwur&amp;d;an</code>,1,0.0004103
287,arwur&thorn;an,<code>arwur&amp;t;an</code>,1,0.0004103
287,arwyr&eth;an,<code>arwyr&amp;d;an</code>,1,0.0004103
287,asette,<code>asette</code>,1,0.0004103
287,asetton,<code>asetton</code>,1,0.0004103
287,athamano,<code>athamano</code>,1,0.0004103
287,augustinum,<code>augustinum</code>,1,0.0004103
287,awurpon,<code>awurpon</code>,1,0.0004103
287,b&aelig;&eth;e,<code>b&amp;ae;&amp;d;e</code>,1,0.0004103
287,b&aelig;d,<code>b&amp;ae;d</code>,1,0.0004103
287,b&aelig;don,<code>b&amp;ae;don</code>,1,0.0004103
287,bebead,<code>bebead</code>,1,0.0004103
287,becuman,<code>becuman</code>,1,0.0004103
287,beforan,<code>beforan</code>,1,0.0004103
287,begen,<code>begen</code>,1,0.0004103
287,benda,<code>benda</code>,1,0.0004103
287,beorhte,<code>beorhte</code>,1,0.0004103
287,beorhtwald,<code>beorhtwald</code>,1,0.0004103
287,berccingum,<code>berccingum</code>,1,0.0004103
287,besencton,<code>besencton</code>,1,0.0004103
287,besmiton,<code>besmiton</code>,1,0.0004103
287,bigengan,<code>bigengan</code>,1,0.0004103
287,bigengum,<code>bigengum</code>,1,0.0004103
287,birino,<code>birino</code>,1,0.0004103
287,bisceop,<code>bisceop</code>,1,0.0004103
287,bisceopas,<code>bisceopas</code>,1,0.0004103
287,bisceopsetl,<code>bisceopsetl</code>,1,0.0004103
287,biscophad,<code>biscophad</code>,1,0.0004103
287,biscopsetle,<code>biscopsetle</code>,1,0.0004103
287,blan,<code>blan</code>,1,0.0004103
287,bletsigende,<code>bletsigende</code>,1,0.0004103
287,blind,<code>blind</code>,1,0.0004103
287,blinde,<code>blinde</code>,1,0.0004103
287,blod,<code>blod</code>,1,0.0004103
287,bocland,<code>bocland</code>,1,0.0004103
287,bodianne,<code>bodianne</code>,1,0.0004103
287,bodiende,<code>bodiende</code>,1,0.0004103
287,bodiganne,<code>bodiganne</code>,1,0.0004103
287,bodigendum,<code>bodigendum</code>,1,0.0004103
287,bodigenne,<code>bodigenne</code>,1,0.0004103
287,bodode,<code>bodode</code>,1,0.0004103
287,bonefatius,<code>bonefatius</code>,1,0.0004103
287,bro&eth;or,<code>bro&amp;d;or</code>,1,0.0004103
287,bro&eth;rum,<code>bro&amp;d;rum</code>,1,0.0004103
287,brosnunge,<code>brosnunge</code>,1,0.0004103
287,brotene,<code>brotene</code>,1,0.0004103
287,brynas,<code>brynas</code>,1,0.0004103
287,bryne,<code>bryne</code>,1,0.0004103
287,bryt,<code>bryt</code>,1,0.0004103
287,brytton,<code>brytton</code>,1,0.0004103
287,bufan,<code>bufan</code>,1,0.0004103
287,burghe,<code>burghe</code>,1,0.0004103
287,byrnendre,<code>byrnendre</code>,1,0.0004103
287,ceadwala,<code>ceadwala</code>,1,0.0004103
287,ceastre,<code>ceastre</code>,1,0.0004103
287,ceolfri&eth;,<code>ceolfri&amp;d;</code>,1,0.0004103
287,claudius,<code>claudius</code>,1,0.0004103
287,cnihtas,<code>cnihtas</code>,1,0.0004103
287,coloman,<code>coloman</code>,1,0.0004103
287,coludes,<code>coludes</code>,1,0.0004103
287,cometa,<code>cometa</code>,1,0.0004103
287,constantius,<code>constantius</code>,1,0.0004103
287,crist,<code>crist</code>,1,0.0004103
287,cristen,<code>cristen</code>,1,0.0004103
287,cristenesta,<code>cristenesta</code>,1,0.0004103
287,cristenne,<code>cristenne</code>,1,0.0004103
287,cu&eth;bryht,<code>cu&amp;d;bryht</code>,1,0.0004103
287,cu&eth;byrhtus,<code>cu&amp;d;byrhtus</code>,1,0.0004103
287,cu&thorn;berhtes,<code>cu&amp;t;berhtes</code>,1,0.0004103
287,cu&thorn;bryht,<code>cu&amp;t;bryht</code>,1,0.0004103
287,cwen,<code>cwen</code>,1,0.0004103
287,cwichelm,<code>cwichelm</code>,1,0.0004103
287,cyddon,<code>cyddon</code>,1,0.0004103
287,cynelican,<code>cynelican</code>,1,0.0004103
287,cynelice,<code>cynelice</code>,1,0.0004103
287,cynne,<code>cynne</code>,1,0.0004103
287,cynred,<code>cynred</code>,1,0.0004103
287,cyrice,<code>cyrice</code>,1,0.0004103
287,damiano,<code>damiano</code>,1,0.0004103
287,danielum,<code>danielum</code>,1,0.0004103
287,de,<code>de</code>,1,0.0004103
287,dea&eth;es,<code>dea&amp;d;es</code>,1,0.0004103
287,dehter,<code>dehter</code>,1,0.0004103
287,deoflum,<code>deoflum</code>,1,0.0004103
287,deofolgyld,<code>deofolgyld</code>,1,0.0004103
287,deofolseoce,<code>deofolseoce</code>,1,0.0004103
287,deusdedit,<code>deusdedit</code>,1,0.0004103
287,dice,<code>dice</code>,1,0.0004103
287,dioclitianus,<code>dioclitianus</code>,1,0.0004103
287,dohter,<code>dohter</code>,1,0.0004103
287,dohtor,<code>dohtor</code>,1,0.0004103
287,drigre,<code>drigre</code>,1,0.0004103
287,drihtnes,<code>drihtnes</code>,1,0.0004103
287,drohto&eth;e,<code>drohto&amp;d;e</code>,1,0.0004103
287,dumbne,<code>dumbne</code>,1,0.0004103
287,eadbaldum,<code>eadbaldum</code>,1,0.0004103
287,eadbyrht,<code>eadbyrht</code>,1,0.0004103
287,eadigan,<code>eadigan</code>,1,0.0004103
287,eadigra,<code>eadigra</code>,1,0.0004103
287,eadmodnesse,<code>eadmodnesse</code>,1,0.0004103
287,eadwine,<code>eadwine</code>,1,0.0004103
287,eagan,<code>eagan</code>,1,0.0004103
287,eagena,<code>eagena</code>,1,0.0004103
287,ealand,<code>ealand</code>,1,0.0004103
287,ealandes,<code>ealandes</code>,1,0.0004103
287,ealdelme,<code>ealdelme</code>,1,0.0004103
287,ealdormannes,<code>ealdormannes</code>,1,0.0004103
287,ealdormonnum,<code>ealdormonnum</code>,1,0.0004103
287,ealles,<code>ealles</code>,1,0.0004103
287,eallgeleaflican,<code>eallgeleaflican</code>,1,0.0004103
287,ealre,<code>ealre</code>,1,0.0004103
287,easpring,<code>easpring</code>,1,0.0004103
287,eastengla,<code>eastengla</code>,1,0.0004103
287,easterd&aelig;g,<code>easterd&amp;ae;g</code>,1,0.0004103
287,eastrena,<code>eastrena</code>,1,0.0004103
287,eastseaxna,<code>eastseaxna</code>,1,0.0004103
287,eastseaxum,<code>eastseaxum</code>,1,0.0004103
287,eauf&aelig;stan,<code>eauf&amp;ae;stan</code>,1,0.0004103
287,eauf&aelig;stnysse,<code>eauf&amp;ae;stnysse</code>,1,0.0004103
287,ecbyrhte,<code>ecbyrhte</code>,1,0.0004103
287,ecbyrhtes,<code>ecbyrhtes</code>,1,0.0004103
287,ecfer&eth;es,<code>ecfer&amp;d;es</code>,1,0.0004103
287,ecfri&eth;,<code>ecfri&amp;d;</code>,1,0.0004103
287,ecgbyrhtes,<code>ecgbyrhtes</code>,1,0.0004103
287,ecgfer&eth;e,<code>ecgfer&amp;d;e</code>,1,0.0004103
287,edwine,<code>edwine</code>,1,0.0004103
287,efenbiscopum,<code>efenbiscopum</code>,1,0.0004103
287,ehtende,<code>ehtende</code>,1,0.0004103
287,ehtnysse,<code>ehtnysse</code>,1,0.0004103
287,ele,<code>ele</code>,1,0.0004103
287,elreordian,<code>elreordian</code>,1,0.0004103
287,endleofon,<code>endleofon</code>,1,0.0004103
287,engliscan,<code>engliscan</code>,1,0.0004103
287,eode,<code>eode</code>,1,0.0004103
287,eollan,<code>eollan</code>,1,0.0004103
287,eor&eth;an,<code>eor&amp;d;an</code>,1,0.0004103
287,eor&thorn;w&aelig;stm,<code>eor&amp;t;w&amp;ae;stm</code>,1,0.0004103
287,epistolam,<code>epistolam</code>,1,0.0004103
287,ercengota,<code>ercengota</code>,1,0.0004103
287,erconbyrht,<code>erconbyrht</code>,1,0.0004103
287,erconwold,<code>erconwold</code>,1,0.0004103
287,estful,<code>estful</code>,1,0.0004103
287,ettio,<code>ettio</code>,1,0.0004103
287,f&aelig;c,<code>f&amp;ae;c</code>,1,0.0004103
287,f&aelig;mne,<code>f&amp;ae;mne</code>,1,0.0004103
287,f&aelig;mnena,<code>f&amp;ae;mnena</code>,1,0.0004103
287,f&aelig;mnum,<code>f&amp;ae;mnum</code>,1,0.0004103
287,f&aelig;stenum,<code>f&amp;ae;stenum</code>,1,0.0004103
287,fallende,<code>fallende</code>,1,0.0004103
287,felda,<code>felda</code>,1,0.0004103
287,feonda,<code>feonda</code>,1,0.0004103
287,feor,<code>feor</code>,1,0.0004103
287,feria,<code>feria</code>,1,0.0004103
287,fifte,<code>fifte</code>,1,0.0004103
287,firenlust,<code>firenlust</code>,1,0.0004103
287,folce,<code>folce</code>,1,0.0004103
287,folgiende,<code>folgiende</code>,1,0.0004103
287,for&eth;ferde,<code>for&amp;d;ferde</code>,1,0.0004103
287,for&eth;ferende,<code>for&amp;d;ferende</code>,1,0.0004103
287,for&thorn;fore,<code>for&amp;t;fore</code>,1,0.0004103
287,fores&aelig;de,<code>fores&amp;ae;de</code>,1,0.0004103
287,fores&aelig;gde,<code>fores&amp;ae;gde</code>,1,0.0004103
287,foresittende,<code>foresittende</code>,1,0.0004103
287,forgeafon,<code>forgeafon</code>,1,0.0004103
287,forgifen,<code>forgifen</code>,1,0.0004103
287,forhergode,<code>forhergode</code>,1,0.0004103
287,forhogiende,<code>forhogiende</code>,1,0.0004103
287,forletenre,<code>forletenre</code>,1,0.0004103
287,forme,<code>forme</code>,1,0.0004103
287,fornumen,<code>fornumen</code>,1,0.0004103
287,fremede,<code>fremede</code>,1,0.0004103
287,freomigende,<code>freomigende</code>,1,0.0004103
287,fresna,<code>fresna</code>,1,0.0004103
287,frym&eth;elican,<code>frym&amp;d;elican</code>,1,0.0004103
287,frysena,<code>frysena</code>,1,0.0004103
287,fulluhtes,<code>fulluhtes</code>,1,0.0004103
287,fultume,<code>fultume</code>,1,0.0004103
287,funden,<code>funden</code>,1,0.0004103
287,fyr,<code>fyr</code>,1,0.0004103
287,fyre,<code>fyre</code>,1,0.0004103
287,fyrste,<code>fyrste</code>,1,0.0004103
287,gagius,<code>gagius</code>,1,0.0004103
287,ge&thorn;eaht,<code>ge&amp;t;eaht</code>,1,0.0004103
287,ge&thorn;eodde,<code>ge&amp;t;eodde</code>,1,0.0004103
287,ge&thorn;read,<code>ge&amp;t;read</code>,1,0.0004103
287,gear,<code>gear</code>,1,0.0004103
287,gearum,<code>gearum</code>,1,0.0004103
287,gebedum,<code>gebedum</code>,1,0.0004103
287,gebettum,<code>gebettum</code>,1,0.0004103
287,gebrysedne,<code>gebrysedne</code>,1,0.0004103
287,gecigde,<code>gecigde</code>,1,0.0004103
287,gecoren,<code>gecoren</code>,1,0.0004103
287,gecyrdon,<code>gecyrdon</code>,1,0.0004103
287,gedon,<code>gedon</code>,1,0.0004103
287,gedonum,<code>gedonum</code>,1,0.0004103
287,gedwolmannum,<code>gedwolmannum</code>,1,0.0004103
287,gefaran,<code>gefaran</code>,1,0.0004103
287,geferan,<code>geferan</code>,1,0.0004103
287,geferde,<code>geferde</code>,1,0.0004103
287,geferena,<code>geferena</code>,1,0.0004103
287,gefullade,<code>gefullade</code>,1,0.0004103
287,gefulliane,<code>gefulliane</code>,1,0.0004103
287,gefyrn,<code>gefyrn</code>,1,0.0004103
287,geh&aelig;fd,<code>geh&amp;ae;fd</code>,1,0.0004103
287,geh&aelig;ftes,<code>geh&amp;ae;ftes</code>,1,0.0004103
287,gehadianne,<code>gehadianne</code>,1,0.0004103
287,gehadod,<code>gehadod</code>,1,0.0004103
287,gehadode,<code>gehadode</code>,1,0.0004103
287,gehalgedum,<code>gehalgedum</code>,1,0.0004103
287,gehalgodne,<code>gehalgodne</code>,1,0.0004103
287,gehatenne,<code>gehatenne</code>,1,0.0004103
287,gehrora,<code>gehrora</code>,1,0.0004103
287,gel&aelig;rde,<code>gel&amp;ae;rde</code>,1,0.0004103
287,gel&aelig;redestan,<code>gel&amp;ae;redestan</code>,1,0.0004103
287,gela&eth;od,<code>gela&amp;d;od</code>,1,0.0004103
287,gelacnod,<code>gelacnod</code>,1,0.0004103
287,geleafful,<code>geleafful</code>,1,0.0004103
287,gelice,<code>gelice</code>,1,0.0004103
287,gelomlicu,<code>gelomlicu</code>,1,0.0004103
287,gelyfendum,<code>gelyfendum</code>,1,0.0004103
287,gemeted,<code>gemeted</code>,1,0.0004103
287,genaman,<code>genaman</code>,1,0.0004103
287,genedde,<code>genedde</code>,1,0.0004103
287,genemde,<code>genemde</code>,1,0.0004103
287,genemned,<code>genemned</code>,1,0.0004103
287,geni&eth;eredum,<code>geni&amp;d;eredum</code>,1,0.0004103
287,geongan,<code>geongan</code>,1,0.0004103
287,georne,<code>georne</code>,1,0.0004103
287,geornfulnesse,<code>geornfulnesse</code>,1,0.0004103
287,geornfulnysse,<code>geornfulnysse</code>,1,0.0004103
287,germaniam,<code>germaniam</code>,1,0.0004103
287,gerynum,<code>gerynum</code>,1,0.0004103
287,gesetnysse,<code>gesetnysse</code>,1,0.0004103
287,gesih&eth;,<code>gesih&amp;d;</code>,1,0.0004103
287,gesih&thorn;e,<code>gesih&amp;t;e</code>,1,0.0004103
287,gesomnunge,<code>gesomnunge</code>,1,0.0004103
287,gestrangode,<code>gestrangode</code>,1,0.0004103
287,geta,<code>geta</code>,1,0.0004103
287,getacnod,<code>getacnod</code>,1,0.0004103
287,getealdan,<code>getealdan</code>,1,0.0004103
287,getimbrianne,<code>getimbrianne</code>,1,0.0004103
287,gewemmed,<code>gewemmed</code>,1,0.0004103
287,gewende,<code>gewende</code>,1,0.0004103
287,geweredon,<code>geweredon</code>,1,0.0004103
287,gewilnienne,<code>gewilnienne</code>,1,0.0004103
287,gewitendum,<code>gewitendum</code>,1,0.0004103
287,gewiton,<code>gewiton</code>,1,0.0004103
287,gewordene,<code>gewordene</code>,1,0.0004103
287,geworht,<code>geworht</code>,1,0.0004103
287,gewrit,<code>gewrit</code>,1,0.0004103
287,gife,<code>gife</code>,1,0.0004103
287,gifmund,<code>gifmund</code>,1,0.0004103
287,godcundlice,<code>godcundlice</code>,1,0.0004103
287,godcundne,<code>godcundne</code>,1,0.0004103
287,godspell,<code>godspell</code>,1,0.0004103
287,gondferend,<code>gondferend</code>,1,0.0004103
287,gratiano,<code>gratiano</code>,1,0.0004103
287,gratianus,<code>gratianus</code>,1,0.0004103
287,gregorio,<code>gregorio</code>,1,0.0004103
287,grimman,<code>grimman</code>,1,0.0004103
287,gyfe,<code>gyfe</code>,1,0.0004103
287,gyfu,<code>gyfu</code>,1,0.0004103
287,gyt,<code>gyt</code>,1,0.0004103
287,h&aelig;&thorn;feld,<code>h&amp;ae;&amp;t;feld</code>,1,0.0004103
287,h&aelig;bbende,<code>h&amp;ae;bbende</code>,1,0.0004103
287,h&aelig;dde,<code>h&amp;ae;dde</code>,1,0.0004103
287,h&aelig;fd,<code>h&amp;ae;fd</code>,1,0.0004103
287,h&aelig;fde,<code>h&amp;ae;fde</code>,1,0.0004103
287,h&aelig;fdon,<code>h&amp;ae;fdon</code>,1,0.0004103
287,habban,<code>habban</code>,1,0.0004103
287,hadum,<code>hadum</code>,1,0.0004103
287,halgera,<code>halgera</code>,1,0.0004103
287,haligra,<code>haligra</code>,1,0.0004103
287,handa,<code>handa</code>,1,0.0004103
287,heahcr&aelig;f,<code>heahcr&amp;ae;f</code>,1,0.0004103
287,heahseangere,<code>heahseangere</code>,1,0.0004103
287,healdnesse,<code>healdnesse</code>,1,0.0004103
287,healdnyssa,<code>healdnyssa</code>,1,0.0004103
287,healicne,<code>healicne</code>,1,0.0004103
287,healtan,<code>healtan</code>,1,0.0004103
287,helwarum,<code>helwarum</code>,1,0.0004103
287,heo,<code>heo</code>,1,0.0004103
287,heofonleoht,<code>heofonleoht</code>,1,0.0004103
287,heofonlice,<code>heofonlice</code>,1,0.0004103
287,heofonlicu,<code>heofonlicu</code>,1,0.0004103
287,heortfeorda,<code>heortfeorda</code>,1,0.0004103
287,herebyrhto,<code>herebyrhto</code>,1,0.0004103
287,heretoga,<code>heretoga</code>,1,0.0004103
287,het,<code>het</code>,1,0.0004103
287,hie,<code>hie</code>,1,0.0004103
287,hii,<code>hii</code>,1,0.0004103
287,hilde,<code>hilde</code>,1,0.0004103
287,hl&aelig;fdian,<code>hl&amp;ae;fdian</code>,1,0.0004103
287,hlo&eth;heres,<code>hlo&amp;d;heres</code>,1,0.0004103
287,honorius,<code>honorius</code>,1,0.0004103
287,horse,<code>horse</code>,1,0.0004103
287,hreohnysse,<code>hreohnysse</code>,1,0.0004103
287,hungre,<code>hungre</code>,1,0.0004103
287,husa,<code>husa</code>,1,0.0004103
287,hw&aelig;&eth;ere,<code>hw&amp;ae;&amp;d;ere</code>,1,0.0004103
287,hw&aelig;r,<code>hw&amp;ae;r</code>,1,0.0004103
287,hw&aelig;thwugu,<code>hw&amp;ae;thwugu</code>,1,0.0004103
287,hwilc,<code>hwilc</code>,1,0.0004103
287,hwyrfdon,<code>hwyrfdon</code>,1,0.0004103
287,hymene,<code>hymene</code>,1,0.0004103
287,hyra,<code>hyra</code>,1,0.0004103
287,ilcan,<code>ilcan</code>,1,0.0004103
287,in,<code>in</code>,1,0.0004103
287,ine,<code>ine</code>,1,0.0004103
287,ingefeohtum,<code>ingefeohtum</code>,1,0.0004103
287,intingan,<code>intingan</code>,1,0.0004103
287,iohanne,<code>iohanne</code>,1,0.0004103
287,iohannes,<code>iohannes</code>,1,0.0004103
287,ithamar,<code>ithamar</code>,1,0.0004103
287,iulius,<code>iulius</code>,1,0.0004103
287,kynedome,<code>kynedome</code>,1,0.0004103
287,l&aelig;dende,<code>l&amp;ae;dende</code>,1,0.0004103
287,l&aelig;ranne,<code>l&amp;ae;ranne</code>,1,0.0004103
287,lama,<code>lama</code>,1,0.0004103
287,lande,<code>lande</code>,1,0.0004103
287,laurentio,<code>laurentio</code>,1,0.0004103
287,lefnysse,<code>lefnysse</code>,1,0.0004103
287,lengtenadle,<code>lengtenadle</code>,1,0.0004103
287,leohte,<code>leohte</code>,1,0.0004103
287,leohtes,<code>leohtes</code>,1,0.0004103
287,leotherio,<code>leotherio</code>,1,0.0004103
287,li&eth;e,<code>li&amp;d;e</code>,1,0.0004103
287,lichama,<code>lichama</code>,1,0.0004103
287,lichoma,<code>lichoma</code>,1,0.0004103
287,lictune,<code>lictune</code>,1,0.0004103
287,ligeas,<code>ligeas</code>,1,0.0004103
287,lindcylene,<code>lindcylene</code>,1,0.0004103
287,lindesege,<code>lindesege</code>,1,0.0004103
287,lindesfarona,<code>lindesfarona</code>,1,0.0004103
287,lucius,<code>lucius</code>,1,0.0004103
287,lupo,<code>lupo</code>,1,0.0004103
287,lyftadle,<code>lyftadle</code>,1,0.0004103
287,m&aelig;gene,<code>m&amp;ae;gene</code>,1,0.0004103
287,m&aelig;rran,<code>m&amp;ae;rran</code>,1,0.0004103
287,m&aelig;ssan,<code>m&amp;ae;ssan</code>,1,0.0004103
287,m&aelig;st,<code>m&amp;ae;st</code>,1,0.0004103
287,magan,<code>magan</code>,1,0.0004103
287,mancwealm,<code>mancwealm</code>,1,0.0004103
287,mancwealmes,<code>mancwealmes</code>,1,0.0004103
287,manega,<code>manega</code>,1,0.0004103
287,manegum,<code>manegum</code>,1,0.0004103
287,manigende,<code>manigende</code>,1,0.0004103
287,mannes,<code>mannes</code>,1,0.0004103
287,manum,<code>manum</code>,1,0.0004103
287,maran,<code>maran</code>,1,0.0004103
287,martyra,<code>martyra</code>,1,0.0004103
287,martyrdom,<code>martyrdom</code>,1,0.0004103
287,maximus,<code>maximus</code>,1,0.0004103
287,men,<code>men</code>,1,0.0004103
287,micelne,<code>micelne</code>,1,0.0004103
287,micelre,<code>micelre</code>,1,0.0004103
287,micle,<code>micle</code>,1,0.0004103
287,middelengla,<code>middelengla</code>,1,0.0004103
287,modur,<code>modur</code>,1,0.0004103
287,mona&eth;,<code>mona&amp;d;</code>,1,0.0004103
287,monade,<code>monade</code>,1,0.0004103
287,monige,<code>monige</code>,1,0.0004103
287,monn,<code>monn</code>,1,0.0004103
287,monnum,<code>monnum</code>,1,0.0004103
287,munecas,<code>munecas</code>,1,0.0004103
287,munecum,<code>munecum</code>,1,0.0004103
287,munuclif,<code>munuclif</code>,1,0.0004103
287,mycel,<code>mycel</code>,1,0.0004103
287,mycele,<code>mycele</code>,1,0.0004103
287,mycle,<code>mycle</code>,1,0.0004103
287,myl,<code>myl</code>,1,0.0004103
287,mynsterf&aelig;mnan,<code>mynsterf&amp;ae;mnan</code>,1,0.0004103
287,mynstres,<code>mynstres</code>,1,0.0004103
287,mynstro,<code>mynstro</code>,1,0.0004103
287,mynstrum,<code>mynstrum</code>,1,0.0004103
287,n&aelig;nigne,<code>n&amp;ae;nigne</code>,1,0.0004103
287,nales,<code>nales</code>,1,0.0004103
287,neaton,<code>neaton</code>,1,0.0004103
287,nemned,<code>nemned</code>,1,0.0004103
287,niht,<code>niht</code>,1,0.0004103
287,niwan,<code>niwan</code>,1,0.0004103
287,noht,<code>noht</code>,1,0.0004103
287,nor&eth;hymbrum,<code>nor&amp;d;hymbrum</code>,1,0.0004103
287,nowiht,<code>nowiht</code>,1,0.0004103
287,nu,<code>nu</code>,1,0.0004103
287,nyd&thorn;earflican,<code>nyd&amp;t;earflican</code>,1,0.0004103
287,nyten,<code>nyten</code>,1,0.0004103
287,o&eth;,<code>o&amp;d;</code>,1,0.0004103
287,o&eth;&eth;e,<code>o&amp;d;&amp;d;e</code>,1,0.0004103
287,o&eth;ru,<code>o&amp;d;ru</code>,1,0.0004103
287,of&eth;rycnesse,<code>of&amp;d;rycnesse</code>,1,0.0004103
287,ofercom,<code>ofercom</code>,1,0.0004103
287,ofergestondonde,<code>ofergestondonde</code>,1,0.0004103
287,offa,<code>offa</code>,1,0.0004103
287,ofslegen,<code>ofslegen</code>,1,0.0004103
287,ofslegene,<code>ofslegene</code>,1,0.0004103
287,onbead,<code>onbead</code>,1,0.0004103
287,ondryslicu,<code>ondryslicu</code>,1,0.0004103
287,onfangenan,<code>onfangenan</code>,1,0.0004103
287,onfengnysse,<code>onfengnysse</code>,1,0.0004103
287,onfonne,<code>onfonne</code>,1,0.0004103
287,ongean,<code>ongean</code>,1,0.0004103
287,ongunnon,<code>ongunnon</code>,1,0.0004103
287,onhyrigende,<code>onhyrigende</code>,1,0.0004103
287,onlihte,<code>onlihte</code>,1,0.0004103
287,onsende,<code>onsende</code>,1,0.0004103
287,onsendon,<code>onsendon</code>,1,0.0004103
287,onsendum,<code>onsendum</code>,1,0.0004103
287,onweg,<code>onweg</code>,1,0.0004103
287,orcadas,<code>orcadas</code>,1,0.0004103
287,osric,<code>osric</code>,1,0.0004103
287,oswaldes,<code>oswaldes</code>,1,0.0004103
287,oswines,<code>oswines</code>,1,0.0004103
287,palladius,<code>palladius</code>,1,0.0004103
287,papam,<code>papam</code>,1,0.0004103
287,paulus,<code>paulus</code>,1,0.0004103
287,peadan,<code>peadan</code>,1,0.0004103
287,pelagius,<code>pelagius</code>,1,0.0004103
287,peohta,<code>peohta</code>,1,0.0004103
287,peohtum,<code>peohtum</code>,1,0.0004103
287,petre,<code>petre</code>,1,0.0004103
287,petres,<code>petres</code>,1,0.0004103
287,petro,<code>petro</code>,1,0.0004103
287,petrus,<code>petrus</code>,1,0.0004103
287,preosta,<code>preosta</code>,1,0.0004103
287,putta,<code>putta</code>,1,0.0004103
287,puttan,<code>puttan</code>,1,0.0004103
287,rices,<code>rices</code>,1,0.0004103
287,rihtan,<code>rihtan</code>,1,0.0004103
287,rihtes,<code>rihtes</code>,1,0.0004103
287,rihtgeleaffullan,<code>rihtgeleaffullan</code>,1,0.0004103
287,rihtre,<code>rihtre</code>,1,0.0004103
287,rihtum,<code>rihtum</code>,1,0.0004103
287,romanisc,<code>romanisc</code>,1,0.0004103
287,romaniscan,<code>romaniscan</code>,1,0.0004103
287,s&aelig;,<code>s&amp;ae;</code>,1,0.0004103
287,s&aelig;byrhto,<code>s&amp;ae;byrhto</code>,1,0.0004103
287,s&aelig;s,<code>s&amp;ae;s</code>,1,0.0004103
287,s&aelig;wetes,<code>s&amp;ae;wetes</code>,1,0.0004103
287,sceoldon,<code>sceoldon</code>,1,0.0004103
287,sceotta,<code>sceotta</code>,1,0.0004103
287,scinende,<code>scinende</code>,1,0.0004103
287,scotland,<code>scotland</code>,1,0.0004103
287,scottas,<code>scottas</code>,1,0.0004103
287,scype,<code>scype</code>,1,0.0004103
287,scypfarendum,<code>scypfarendum</code>,1,0.0004103
287,sealdan,<code>sealdan</code>,1,0.0004103
287,seaxulf,<code>seaxulf</code>,1,0.0004103
287,sebbe,<code>sebbe</code>,1,0.0004103
287,secgende,<code>secgende</code>,1,0.0004103
287,setles,<code>setles</code>,1,0.0004103
287,seuero,<code>seuero</code>,1,0.0004103
287,seuerus,<code>seuerus</code>,1,0.0004103
287,sibrihte,<code>sibrihte</code>,1,0.0004103
287,singanne,<code>singanne</code>,1,0.0004103
287,so&eth;f&aelig;stnysse,<code>so&amp;d;f&amp;ae;stnysse</code>,1,0.0004103
287,spr&aelig;con,<code>spr&amp;ae;con</code>,1,0.0004103
287,spryttendum,<code>spryttendum</code>,1,0.0004103
287,st&aelig;fcr&aelig;ftum,<code>st&amp;ae;fcr&amp;ae;ftum</code>,1,0.0004103
287,sta&eth;ol,<code>sta&amp;d;ol</code>,1,0.0004103
287,steorra,<code>steorra</code>,1,0.0004103
287,stillnysse,<code>stillnysse</code>,1,0.0004103
287,su&eth;seaxan,<code>su&amp;d;seaxan</code>,1,0.0004103
287,su&eth;seaxna,<code>su&amp;d;seaxna</code>,1,0.0004103
287,sumes,<code>sumes</code>,1,0.0004103
287,sumne,<code>sumne</code>,1,0.0004103
287,sumum,<code>sumum</code>,1,0.0004103
287,suna,<code>suna</code>,1,0.0004103
287,sungene,<code>sungene</code>,1,0.0004103
287,swi&eth;byrht,<code>swi&amp;d;byrht</code>,1,0.0004103
287,swi&eth;e,<code>swi&amp;d;e</code>,1,0.0004103
287,symble,<code>symble</code>,1,0.0004103
287,synna,<code>synna</code>,1,0.0004103
287,tacnu,<code>tacnu</code>,1,0.0004103
287,tenet,<code>tenet</code>,1,0.0004103
287,theodore,<code>theodore</code>,1,0.0004103
287,theodosio,<code>theodosio</code>,1,0.0004103
287,tidum,<code>tidum</code>,1,0.0004103
287,tigan,<code>tigan</code>,1,0.0004103
287,timbrianne,<code>timbrianne</code>,1,0.0004103
287,tobias,<code>tobias</code>,1,0.0004103
287,tobium,<code>tobium</code>,1,0.0004103
287,tobrohte,<code>tobrohte</code>,1,0.0004103
287,togewehgene,<code>togewehgene</code>,1,0.0004103
287,tolysede,<code>tolysede</code>,1,0.0004103
287,torhtgy&eth;,<code>torhtgy&amp;d;</code>,1,0.0004103
287,tosceadde,<code>tosceadde</code>,1,0.0004103
287,towardne,<code>towardne</code>,1,0.0004103
287,toweardan,<code>toweardan</code>,1,0.0004103
287,toworpene,<code>toworpene</code>,1,0.0004103
287,trymmende,<code>trymmende</code>,1,0.0004103
287,trymmendlice,<code>trymmendlice</code>,1,0.0004103
287,tudan,<code>tudan</code>,1,0.0004103
287,twa,<code>twa</code>,1,0.0004103
287,twegea,<code>twegea</code>,1,0.0004103
287,twelf,<code>twelf</code>,1,0.0004103
287,twigum,<code>twigum</code>,1,0.0004103
287,uespassianus,<code>uespassianus</code>,1,0.0004103
287,uhtatid,<code>uhtatid</code>,1,0.0004103
287,uirginitate,<code>uirginitate</code>,1,0.0004103
287,unatemedum,<code>unatemedum</code>,1,0.0004103
287,under&eth;eodde,<code>under&amp;d;eodde</code>,1,0.0004103
287,under&thorn;eoddum,<code>under&amp;t;eoddum</code>,1,0.0004103
287,unrihtlice,<code>unrihtlice</code>,1,0.0004103
287,untrum,<code>untrum</code>,1,0.0004103
287,untrumnysse,<code>untrumnysse</code>,1,0.0004103
287,up,<code>up</code>,1,0.0004103
287,upyrnende,<code>upyrnende</code>,1,0.0004103
287,utgangende,<code>utgangende</code>,1,0.0004103
287,utgefeohte,<code>utgefeohte</code>,1,0.0004103
287,w&aelig;lhreowlice,<code>w&amp;ae;lhreowlice</code>,1,0.0004103
287,w&aelig;pen,<code>w&amp;ae;pen</code>,1,0.0004103
287,w&aelig;re,<code>w&amp;ae;re</code>,1,0.0004103
287,w&aelig;tere,<code>w&amp;ae;tere</code>,1,0.0004103
287,wegferendes,<code>wegferendes</code>,1,0.0004103
287,weor&thorn;ian,<code>weor&amp;t;ian</code>,1,0.0004103
287,weorede,<code>weorede</code>,1,0.0004103
287,were,<code>were</code>,1,0.0004103
287,wes,<code>wes</code>,1,0.0004103
287,westseaxan,<code>westseaxan</code>,1,0.0004103
287,westseaxum,<code>westseaxum</code>,1,0.0004103
287,wi&eth;erweardan,<code>wi&amp;d;erweardan</code>,1,0.0004103
287,wigeard,<code>wigeard</code>,1,0.0004103
287,wigheard,<code>wigheard</code>,1,0.0004103
287,wiht,<code>wiht</code>,1,0.0004103
287,wihtbyrht,<code>wihtbyrht</code>,1,0.0004103
287,wihte,<code>wihte</code>,1,0.0004103
287,wilfir&eth;,<code>wilfir&amp;d;</code>,1,0.0004103
287,wilfri&eth;,<code>wilfri&amp;d;</code>,1,0.0004103
287,wilfri&eth;e,<code>wilfri&amp;d;e</code>,1,0.0004103
287,wilfri&eth;es,<code>wilfri&amp;d;es</code>,1,0.0004103
287,willfer&eth;,<code>willfer&amp;d;</code>,1,0.0004103
287,wine,<code>wine</code>,1,0.0004103
287,winfri&eth;e,<code>winfri&amp;d;e</code>,1,0.0004103
287,winnendum,<code>winnendum</code>,1,0.0004103
287,wita,<code>wita</code>,1,0.0004103
287,wolde,<code>wolde</code>,1,0.0004103
287,woles,<code>woles</code>,1,0.0004103
287,worhte,<code>worhte</code>,1,0.0004103
287,wracu,<code>wracu</code>,1,0.0004103
287,wundre,<code>wundre</code>,1,0.0004103
287,wundurgeweorc,<code>wundurgeweorc</code>,1,0.0004103
287,wuniende,<code>wuniende</code>,1,0.0004103
287,wurdon,<code>wurdon</code>,1,0.0004103
287,ylce,<code>ylce</code>,1,0.0004103
287,ymb,<code>ymb</code>,1,0.0004103
