B_Prose,B09,B09.005.009_GDPref_2__H__T06800.txt,245,193,431
RANK,HTML WORD,RAW WORD,COUNT,RELATIVE FREQUENCY
1,&amp;,<code>&amp;amp;</code>,21,0.0487239
2,&thorn;a,<code>&amp;t;a</code>,20,0.0464037
3,he,<code>he</code>,15,0.0348028
4,se,<code>se</code>,13,0.0301624
5,his,<code>his</code>,10,0.0232019
6,&thorn;&aelig;s,<code>&amp;t;&amp;ae;s</code>,9,0.0208817
6,on,<code>on</code>,9,0.0208817
6,w&aelig;s,<code>w&amp;ae;s</code>,9,0.0208817
9,to,<code>to</code>,7,0.0162413
10,&thorn;am,<code>&amp;t;am</code>,6,0.0139211
10,&thorn;e,<code>&amp;t;e</code>,6,0.0139211
10,mid,<code>mid</code>,6,0.0139211
13,&aelig;t,<code>&amp;ae;t</code>,5,0.0116009
13,&thorn;&aelig;t,<code>&amp;t;&amp;ae;t</code>,5,0.0116009
13,ic,<code>ic</code>,5,0.0116009
13,is,<code>is</code>,5,0.0116009
13,of,<code>of</code>,5,0.0116009
18,&thorn;urh,<code>&amp;t;urh</code>,4,0.0092807
19,&thorn;&aelig;r,<code>&amp;t;&amp;ae;r</code>,3,0.0069606
19,&thorn;&aelig;re,<code>&amp;t;&amp;ae;re</code>,3,0.0069606
19,ac,<code>ac</code>,3,0.0069606
19,genemned,<code>genemned</code>,3,0.0069606
19,hi,<code>hi</code>,3,0.0069606
19,him,<code>him</code>,3,0.0069606
19,hit,<code>hit</code>,3,0.0069606
19,mynstres,<code>mynstres</code>,3,0.0069606
19,swilce,<code>swilce</code>,3,0.0069606
19,wer,<code>wer</code>,3,0.0069606
29,&aelig;r,<code>&amp;ae;r</code>,2,0.0046404
29,&thorn;one,<code>&amp;t;one</code>,2,0.0046404
29,be,<code>be</code>,2,0.0046404
29,benedictus,<code>benedictus</code>,2,0.0046404
29,boccr&aelig;ftas,<code>boccr&amp;ae;ftas</code>,2,0.0046404
29,eac,<code>eac</code>,2,0.0046404
29,eadigan,<code>eadigan</code>,2,0.0046404
29,ealdor,<code>ealdor</code>,2,0.0046404
29,eallunga,<code>eallunga</code>,2,0.0046404
29,ferde,<code>ferde</code>,2,0.0046404
29,forlet,<code>forlet</code>,2,0.0046404
29,gife,<code>gife</code>,2,0.0046404
29,gita,<code>gita</code>,2,0.0046404
29,halgan,<code>halgan</code>,2,0.0046404
29,her,<code>her</code>,2,0.0046404
29,hine,<code>hine</code>,2,0.0046404
29,leornienne,<code>leornienne</code>,2,0.0046404
29,ne,<code>ne</code>,2,0.0046404
29,swi&eth;e,<code>swi&amp;d;e</code>,2,0.0046404
29,swy&eth;e,<code>swy&amp;d;e</code>,2,0.0046404
29,w&aelig;re,<code>w&amp;ae;re</code>,2,0.0046404
29,weres,<code>weres</code>,2,0.0046404
29,witodlice,<code>witodlice</code>,2,0.0046404
29,ylca,<code>ylca</code>,2,0.0046404
53,&aelig;&eth;elum,<code>&amp;ae;&amp;d;elum</code>,1,0.0023202
53,&aelig;fter,<code>&amp;ae;fter</code>,1,0.0023202
53,&aelig;ftera,<code>&amp;ae;ftera</code>,1,0.0023202
53,&aelig;fterfyligde,<code>&amp;ae;fterfyligde</code>,1,0.0023202
53,&aelig;ftre,<code>&amp;ae;ftre</code>,1,0.0023202
53,&aelig;hta,<code>&amp;ae;hta</code>,1,0.0023202
53,&eth;&aelig;re,<code>&amp;d;&amp;ae;re</code>,1,0.0023202
53,&thorn;anone,<code>&amp;t;anone</code>,1,0.0023202
53,&thorn;ara,<code>&amp;t;ara</code>,1,0.0023202
53,&thorn;eawum,<code>&amp;t;eawum</code>,1,0.0023202
53,&thorn;inga,<code>&amp;t;inga</code>,1,0.0023202
53,&thorn;issere,<code>&amp;t;issere</code>,1,0.0023202
53,&thorn;ridda,<code>&amp;t;ridda</code>,1,0.0023202
53,&thorn;us,<code>&amp;t;us</code>,1,0.0023202
53,&thorn;yses,<code>&amp;t;yses</code>,1,0.0023202
53,&thorn;ysne,<code>&amp;t;ysne</code>,1,0.0023202
53,&thorn;ysum,<code>&amp;t;ysum</code>,1,0.0023202
53,abbodes,<code>abbodes</code>,1,0.0023202
53,agenum,<code>agenum</code>,1,0.0023202
53,ana,<code>ana</code>,1,0.0023202
53,anum,<code>anum</code>,1,0.0023202
53,apostolican,<code>apostolican</code>,1,0.0023202
53,arwur&eth;an,<code>arwur&amp;d;an</code>,1,0.0023202
53,arwur&eth;es,<code>arwur&amp;d;es</code>,1,0.0023202
53,asette,<code>asette</code>,1,0.0023202
53,becomon,<code>becomon</code>,1,0.0023202
53,bef&aelig;sted,<code>bef&amp;ae;sted</code>,1,0.0023202
53,benedicte,<code>benedicte</code>,1,0.0023202
53,benedictes,<code>benedictes</code>,1,0.0023202
53,beon,<code>beon</code>,1,0.0023202
53,berende,<code>berende</code>,1,0.0023202
53,bigengum,<code>bigengum</code>,1,0.0023202
53,blostman,<code>blostman</code>,1,0.0023202
53,boc,<code>boc</code>,1,0.0023202
53,boccr&aelig;fta,<code>boccr&amp;ae;fta</code>,1,0.0023202
53,breosta,<code>breosta</code>,1,0.0023202
53,brucan,<code>brucan</code>,1,0.0023202
53,burnon,<code>burnon</code>,1,0.0023202
53,cnihthades,<code>cnihthades</code>,1,0.0023202
53,constantine,<code>constantine</code>,1,0.0023202
53,crysosthomas,<code>crysosthomas</code>,1,0.0023202
53,cw&aelig;&eth;,<code>cw&amp;ae;&amp;d;</code>,1,0.0023202
53,cy&eth;e,<code>cy&amp;d;e</code>,1,0.0023202
53,cym&eth;,<code>cym&amp;d;</code>,1,0.0023202
53,cyricean,<code>cyricean</code>,1,0.0023202
53,d&aelig;da,<code>d&amp;ae;da</code>,1,0.0023202
53,dialogorum,<code>dialogorum</code>,1,0.0023202
53,drohtnode,<code>drohtnode</code>,1,0.0023202
53,drohtunge,<code>drohtunge</code>,1,0.0023202
53,ealdlice,<code>ealdlice</code>,1,0.0023202
53,ealdordome,<code>ealdordome</code>,1,0.0023202
53,eall,<code>eall</code>,1,0.0023202
53,ealle,<code>ealle</code>,1,0.0023202
53,effide,<code>effide</code>,1,0.0023202
53,englisc,<code>englisc</code>,1,0.0023202
53,eor&eth;an,<code>eor&amp;d;an</code>,1,0.0023202
53,f&aelig;der,<code>f&amp;ae;der</code>,1,0.0023202
53,faran,<code>faran</code>,1,0.0023202
53,feawa,<code>feawa</code>,1,0.0023202
53,fela,<code>fela</code>,1,0.0023202
53,feower,<code>feower</code>,1,0.0023202
53,fet,<code>fet</code>,1,0.0023202
53,for&thorn;am,<code>for&amp;t;am</code>,1,0.0023202
53,forscrunken,<code>forscrunken</code>,1,0.0023202
53,forseah,<code>forseah</code>,1,0.0023202
53,forsearod,<code>forsearod</code>,1,0.0023202
53,forsewenum,<code>forsewenum</code>,1,0.0023202
53,forspillednysse,<code>forspillednysse</code>,1,0.0023202
53,fostormodor,<code>fostormodor</code>,1,0.0023202
53,fram,<code>fram</code>,1,0.0023202
53,freogum,<code>freogum</code>,1,0.0023202
53,freolice,<code>freolice</code>,1,0.0023202
53,fyligde,<code>fyligde</code>,1,0.0023202
53,g&aelig;&eth;,<code>g&amp;ae;&amp;d;</code>,1,0.0023202
53,gastes,<code>gastes</code>,1,0.0023202
53,gastlican,<code>gastlican</code>,1,0.0023202
53,ge&thorn;&aelig;nede,<code>ge&amp;t;&amp;ae;nede</code>,1,0.0023202
53,ge&thorn;ance,<code>ge&amp;t;ance</code>,1,0.0023202
53,gear,<code>gear</code>,1,0.0023202
53,geaxode,<code>geaxode</code>,1,0.0023202
53,gebledsod,<code>gebledsod</code>,1,0.0023202
53,gebletsoda,<code>gebletsoda</code>,1,0.0023202
53,geboren,<code>geboren</code>,1,0.0023202
53,gegyrelan,<code>gegyrelan</code>,1,0.0023202
53,geh&aelig;fdon,<code>geh&amp;ae;fdon</code>,1,0.0023202
53,gehrine,<code>gehrine</code>,1,0.0023202
53,gehyrde,<code>gehyrde</code>,1,0.0023202
53,geleaffulra,<code>geleaffulra</code>,1,0.0023202
53,gelicode,<code>gelicode</code>,1,0.0023202
53,geornlice,<code>geornlice</code>,1,0.0023202
53,geseah,<code>geseah</code>,1,0.0023202
53,gesomnunge,<code>gesomnunge</code>,1,0.0023202
53,geteohhode,<code>geteohhode</code>,1,0.0023202
53,gewat,<code>gewat</code>,1,0.0023202
53,gewilnode,<code>gewilnode</code>,1,0.0023202
53,gewissfullice,<code>gewissfullice</code>,1,0.0023202
53,gewrita,<code>gewrita</code>,1,0.0023202
53,gewunedon,<code>gewunedon</code>,1,0.0023202
53,gingrum,<code>gingrum</code>,1,0.0023202
53,godcundan,<code>godcundan</code>,1,0.0023202
53,gode,<code>gode</code>,1,0.0023202
53,godes,<code>godes</code>,1,0.0023202
53,godum,<code>godum</code>,1,0.0023202
53,grecum,<code>grecum</code>,1,0.0023202
53,gregories,<code>gregories</code>,1,0.0023202
53,gregorius,<code>gregorius</code>,1,0.0023202
53,gyldenmu&eth;a,<code>gyldenmu&amp;d;a</code>,1,0.0023202
53,halga,<code>halga</code>,1,0.0023202
53,haligre,<code>haligre</code>,1,0.0023202
53,heo,<code>heo</code>,1,0.0023202
53,heortan,<code>heortan</code>,1,0.0023202
53,honorate,<code>honorate</code>,1,0.0023202
53,hus,<code>hus</code>,1,0.0023202
53,hw&aelig;t,<code>hw&amp;ae;t</code>,1,0.0023202
53,hwilwendlicra,<code>hwilwendlicra</code>,1,0.0023202
53,hyra,<code>hyra</code>,1,0.0023202
53,inngange,<code>inngange</code>,1,0.0023202
53,innge&thorn;ancas,<code>innge&amp;t;ancas</code>,1,0.0023202
53,kynrene,<code>kynrene</code>,1,0.0023202
53,l&aelig;s,<code>l&amp;ae;s</code>,1,0.0023202
53,laterane,<code>laterane</code>,1,0.0023202
53,leahtra,<code>leahtra</code>,1,0.0023202
53,leornode,<code>leornode</code>,1,0.0023202
53,life,<code>life</code>,1,0.0023202
53,lifes,<code>lifes</code>,1,0.0023202
53,lufe,<code>lufe</code>,1,0.0023202
53,lufode,<code>lufode</code>,1,0.0023202
53,luste,<code>luste</code>,1,0.0023202
53,m&aelig;g&eth;e,<code>m&amp;ae;g&amp;d;e</code>,1,0.0023202
53,m&aelig;nig,<code>m&amp;ae;nig</code>,1,0.0023202
53,manegum,<code>manegum</code>,1,0.0023202
53,manna,<code>manna</code>,1,0.0023202
53,me,<code>me</code>,1,0.0023202
53,micele,<code>micele</code>,1,0.0023202
53,middaneard,<code>middaneard</code>,1,0.0023202
53,middaneardes,<code>middaneardes</code>,1,0.0023202
53,mihte,<code>mihte</code>,1,0.0023202
53,mod,<code>mod</code>,1,0.0023202
53,na,<code>na</code>,1,0.0023202
53,naman,<code>naman</code>,1,0.0023202
53,nanum,<code>nanum</code>,1,0.0023202
53,nu,<code>nu</code>,1,0.0023202
53,nursie,<code>nursie</code>,1,0.0023202
53,ofergilldan,<code>ofergilldan</code>,1,0.0023202
53,oferstah,<code>oferstah</code>,1,0.0023202
53,oncneow,<code>oncneow</code>,1,0.0023202
53,onginne&eth;,<code>onginne&amp;d;</code>,1,0.0023202
53,onlihte,<code>onlihte</code>,1,0.0023202
53,petres,<code>petres</code>,1,0.0023202
53,rehton,<code>rehton</code>,1,0.0023202
53,rihte,<code>rihte</code>,1,0.0023202
53,romebyrig,<code>romebyrig</code>,1,0.0023202
53,sancte,<code>sancte</code>,1,0.0023202
53,sanctus,<code>sanctus</code>,1,0.0023202
53,sealde,<code>sealde</code>,1,0.0023202
53,secenne,<code>secenne</code>,1,0.0023202
53,seo,<code>seo</code>,1,0.0023202
53,simplicio,<code>simplicio</code>,1,0.0023202
53,so&eth;re,<code>so&amp;d;re</code>,1,0.0023202
53,sohte,<code>sohte</code>,1,0.0023202
53,spr&aelig;ce,<code>spr&amp;ae;ce</code>,1,0.0023202
53,sprekende,<code>sprekende</code>,1,0.0023202
53,st&aelig;&eth;hlepan,<code>st&amp;ae;&amp;d;hlepan</code>,1,0.0023202
53,stowe,<code>stowe</code>,1,0.0023202
53,stream,<code>stream</code>,1,0.0023202
53,streames,<code>streames</code>,1,0.0023202
53,sum,<code>sum</code>,1,0.0023202
53,swa,<code>swa</code>,1,0.0023202
53,sy&eth;&eth;on,<code>sy&amp;d;&amp;d;on</code>,1,0.0023202
53,sylf,<code>sylf</code>,1,0.0023202
53,tide,<code>tide</code>,1,0.0023202
53,toflowennysse,<code>toflowennysse</code>,1,0.0023202
53,ualentiniane,<code>ualentiniane</code>,1,0.0023202
53,ungel&aelig;red,<code>ungel&amp;ae;red</code>,1,0.0023202
53,ungewis,<code>ungewis</code>,1,0.0023202
53,unrihtes,<code>unrihtes</code>,1,0.0023202
53,unrihtum,<code>unrihtum</code>,1,0.0023202
53,uppyrne&eth;,<code>uppyrne&amp;d;</code>,1,0.0023202
53,weleras,<code>weleras</code>,1,0.0023202
53,weras,<code>weras</code>,1,0.0023202
53,were,<code>were</code>,1,0.0023202
53,werum,<code>werum</code>,1,0.0023202
53,westenstowa,<code>westenstowa</code>,1,0.0023202
53,wi&eth;br&aelig;d,<code>wi&amp;d;br&amp;ae;d</code>,1,0.0023202
53,wi&eth;teah,<code>wi&amp;d;teah</code>,1,0.0023202
53,wisdom,<code>wisdom</code>,1,0.0023202
53,wislice,<code>wislice</code>,1,0.0023202
53,wordum,<code>wordum</code>,1,0.0023202
53,wundrum,<code>wundrum</code>,1,0.0023202
53,wur&eth;fullum,<code>wur&amp;d;fullum</code>,1,0.0023202
53,wylles,<code>wylles</code>,1,0.0023202
53,ylcan,<code>ylcan</code>,1,0.0023202
53,ylde,<code>ylde</code>,1,0.0023202
