B_Prose,B09,B09.002.001_OrHead_T06580.txt,576,395,1645
RANK,HTML WORD,RAW WORD,COUNT,RELATIVE FREQUENCY
1,hu,<code>hu</code>,171,0.1039514
2,&amp;,<code>&amp;amp;</code>,97,0.0589666
3,on,<code>on</code>,55,0.0334347
4,to,<code>to</code>,52,0.0316109
5,se,<code>se</code>,44,0.0267477
6,feng,<code>feng</code>,39,0.0237082
7,romano,<code>romano</code>,29,0.0176292
8,&thorn;a,<code>&amp;t;a</code>,26,0.0158055
9,consul,<code>consul</code>,25,0.0151976
10,romane,<code>romane</code>,22,0.0133739
11,rice,<code>rice</code>,21,0.0127660
12,mid,<code>mid</code>,20,0.0121581
13,cyning,<code>cyning</code>,17,0.0103343
13,him,<code>him</code>,17,0.0103343
15,anwalde,<code>anwalde</code>,15,0.0091185
16,romana,<code>romana</code>,14,0.0085106
17,&thorn;one,<code>&amp;t;one</code>,13,0.0079027
18,his,<code>his</code>,12,0.0072948
19,&thorn;&aelig;m,<code>&amp;t;&amp;ae;m</code>,11,0.0066869
19,for,<code>for</code>,11,0.0066869
21,&thorn;&aelig;t,<code>&amp;t;&amp;ae;t</code>,10,0.0060790
21,betweonum,<code>betweonum</code>,10,0.0060790
21,wear&eth;,<code>wear&amp;d;</code>,10,0.0060790
21,wear&thorn;,<code>wear&amp;t;</code>,10,0.0060790
21,wunnon,<code>wunnon</code>,10,0.0060790
26,ond,<code>ond</code>,9,0.0054711
27,&thorn;e,<code>&amp;t;e</code>,8,0.0048632
27,hiora,<code>hiora</code>,8,0.0048632
27,ii,<code>ii</code>,8,0.0048632
30,casere,<code>casere</code>,7,0.0042553
30,hie,<code>hie</code>,7,0.0042553
30,iii,<code>iii</code>,7,0.0042553
30,rome,<code>rome</code>,7,0.0042553
30,ymbe,<code>ymbe</code>,7,0.0042553
35,cartaina,<code>cartaina</code>,6,0.0036474
35,he,<code>he</code>,6,0.0036474
35,of,<code>of</code>,6,0.0036474
35,w&aelig;s,<code>w&amp;ae;s</code>,6,0.0036474
35,wurdon,<code>wurdon</code>,6,0.0036474
40,&thorn;&aelig;re,<code>&amp;t;&amp;ae;re</code>,5,0.0030395
40,claudius,<code>claudius</code>,5,0.0030395
40,eft,<code>eft</code>,5,0.0030395
40,fierde,<code>fierde</code>,5,0.0030395
40,folc,<code>folc</code>,5,0.0030395
40,gallie,<code>gallie</code>,5,0.0030395
40,ge,<code>ge</code>,5,0.0030395
40,hannibal,<code>hannibal</code>,5,0.0030395
40,mon,<code>mon</code>,5,0.0030395
40,ofslog,<code>ofslog</code>,5,0.0030395
40,romanum,<code>romanum</code>,5,0.0030395
40,wi&eth;,<code>wi&amp;d;</code>,5,0.0030395
40,wi&thorn;,<code>wi&amp;t;</code>,5,0.0030395
53,&aelig;fter,<code>&amp;ae;fter</code>,4,0.0024316
53,&thorn;&aelig;s,<code>&amp;t;&amp;ae;s</code>,4,0.0024316
53,affrice,<code>affrice</code>,4,0.0024316
53,alexander,<code>alexander</code>,4,0.0024316
53,alexandres,<code>alexandres</code>,4,0.0024316
53,an,<code>an</code>,4,0.0024316
53,burg,<code>burg</code>,4,0.0024316
53,consulas,<code>consulas</code>,4,0.0024316
53,from,<code>from</code>,4,0.0024316
53,geare,<code>geare</code>,4,0.0024316
53,gefeaht,<code>gefeaht</code>,4,0.0024316
53,gewinn,<code>gewinn</code>,4,0.0024316
53,ispania,<code>ispania</code>,4,0.0024316
53,iulius,<code>iulius</code>,4,0.0024316
53,ofer,<code>ofer</code>,4,0.0024316
53,orosius,<code>orosius</code>,4,0.0024316
53,pena,<code>pena</code>,4,0.0024316
53,scipa,<code>scipa</code>,4,0.0024316
53,w&aelig;ron,<code>w&amp;ae;ron</code>,4,0.0024316
53,wundor,<code>wundor</code>,4,0.0024316
73,anum,<code>anum</code>,3,0.0018237
73,byrg,<code>byrg</code>,3,0.0018237
73,byrig,<code>byrig</code>,3,0.0018237
73,consule,<code>consule</code>,3,0.0018237
73,cyninge,<code>cyninge</code>,3,0.0018237
73,gesetton,<code>gesetton</code>,3,0.0018237
73,heora,<code>heora</code>,3,0.0018237
73,het,<code>het</code>,3,0.0018237
73,hunde,<code>hunde</code>,3,0.0018237
73,iiii,<code>iiii</code>,3,0.0018237
73,ispanie,<code>ispanie</code>,3,0.0018237
73,ispanium,<code>ispanium</code>,3,0.0018237
73,italie,<code>italie</code>,3,0.0018237
73,leode,<code>leode</code>,3,0.0018237
73,m&aelig;cedonia,<code>m&amp;ae;cedonia</code>,3,0.0018237
73,m&aelig;ra,<code>m&amp;ae;ra</code>,3,0.0018237
73,marcellus,<code>marcellus</code>,3,0.0018237
73,marcus,<code>marcus</code>,3,0.0018237
73,oferwon,<code>oferwon</code>,3,0.0018237
73,ofslagen,<code>ofslagen</code>,3,0.0018237
73,onwalde,<code>onwalde</code>,3,0.0018237
73,philippus,<code>philippus</code>,3,0.0018237
73,s&aelig;,<code>s&amp;ae;</code>,3,0.0018237
73,scipian,<code>scipian</code>,3,0.0018237
73,sendon,<code>sendon</code>,3,0.0018237
73,sicilia,<code>sicilia</code>,3,0.0018237
73,sio,<code>sio</code>,3,0.0018237
73,swi&thorn;e,<code>swi&amp;t;e</code>,3,0.0018237
101,&eth;&aelig;m,<code>&amp;d;&amp;ae;m</code>,2,0.0012158
101,achaie,<code>achaie</code>,2,0.0012158
101,agustuse,<code>agustuse</code>,2,0.0012158
101,antonius,<code>antonius</code>,2,0.0012158
101,asia,<code>asia</code>,2,0.0012158
101,asiria,<code>asiria</code>,2,0.0012158
101,aurelius,<code>aurelius</code>,2,0.0012158
101,bes&aelig;t,<code>bes&amp;ae;t</code>,2,0.0012158
101,bes&aelig;ton,<code>bes&amp;ae;ton</code>,2,0.0012158
101,beswac,<code>beswac</code>,2,0.0012158
101,biscep,<code>biscep</code>,2,0.0012158
101,bro&eth;or,<code>bro&amp;d;or</code>,2,0.0012158
101,brutus,<code>brutus</code>,2,0.0012158
101,consula,<code>consula</code>,2,0.0012158
101,consulum,<code>consulum</code>,2,0.0012158
101,creca,<code>creca</code>,2,0.0012158
101,cyningas,<code>cyningas</code>,2,0.0012158
101,cyninges,<code>cyninges</code>,2,0.0012158
101,d&aelig;ge,<code>d&amp;ae;ge</code>,2,0.0012158
101,ealle,<code>ealle</code>,2,0.0012158
101,egypta,<code>egypta</code>,2,0.0012158
101,egyptum,<code>egyptum</code>,2,0.0012158
101,enilius,<code>enilius</code>,2,0.0012158
101,eor&thorn;an,<code>eor&amp;t;an</code>,2,0.0012158
101,f&aelig;der,<code>f&amp;ae;der</code>,2,0.0012158
101,feower,<code>feower</code>,2,0.0012158
101,fiftan,<code>fiftan</code>,2,0.0012158
101,fore,<code>fore</code>,2,0.0012158
101,fri&eth;,<code>fri&amp;d;</code>,2,0.0012158
101,fyr,<code>fyr</code>,2,0.0012158
101,gaius,<code>gaius</code>,2,0.0012158
101,galli&aelig;,<code>galli&amp;ae;</code>,2,0.0012158
101,gallia,<code>gallia</code>,2,0.0012158
101,geendod,<code>geendod</code>,2,0.0012158
101,gefeohte,<code>gefeohte</code>,2,0.0012158
101,gewear&eth;,<code>gewear&amp;d;</code>,2,0.0012158
101,hannibalan,<code>hannibalan</code>,2,0.0012158
101,heton,<code>heton</code>,2,0.0012158
101,hi,<code>hi</code>,2,0.0012158
101,hiene,<code>hiene</code>,2,0.0012158
101,hine,<code>hine</code>,2,0.0012158
101,legian,<code>legian</code>,2,0.0012158
101,lond,<code>lond</code>,2,0.0012158
101,lucius,<code>lucius</code>,2,0.0012158
101,m,<code>m</code>,2,0.0012158
101,maran,<code>maran</code>,2,0.0012158
101,micel,<code>micel</code>,2,0.0012158
101,micla,<code>micla</code>,2,0.0012158
101,middangeardes,<code>middangeardes</code>,2,0.0012158
101,monna,<code>monna</code>,2,0.0012158
101,n&aelig;dran,<code>n&amp;ae;dran</code>,2,0.0012158
101,nunne,<code>nunne</code>,2,0.0012158
101,octauianus,<code>octauianus</code>,2,0.0012158
101,ongon,<code>ongon</code>,2,0.0012158
101,onwaldes,<code>onwaldes</code>,2,0.0012158
101,partha,<code>partha</code>,2,0.0012158
101,pene,<code>pene</code>,2,0.0012158
101,punice,<code>punice</code>,2,0.0012158
101,regulus,<code>regulus</code>,2,0.0012158
101,ricsian,<code>ricsian</code>,2,0.0012158
101,romeburg,<code>romeburg</code>,2,0.0012158
101,romulus,<code>romulus</code>,2,0.0012158
101,s&aelig;de,<code>s&amp;ae;de</code>,2,0.0012158
101,sci&thorn;&thorn;ium,<code>sci&amp;t;&amp;t;ium</code>,2,0.0012158
101,scinlacan,<code>scinlacan</code>,2,0.0012158
101,scipia,<code>scipia</code>,2,0.0012158
101,senno,<code>senno</code>,2,0.0012158
101,sicilie,<code>sicilie</code>,2,0.0012158
101,sumne,<code>sumne</code>,2,0.0012158
101,tiberius,<code>tiberius</code>,2,0.0012158
101,twa,<code>twa</code>,2,0.0012158
101,ualentinianus,<code>ualentinianus</code>,2,0.0012158
101,under,<code>under</code>,2,0.0012158
101,unsibbe,<code>unsibbe</code>,2,0.0012158
101,ure,<code>ure</code>,2,0.0012158
101,w&aelig;re,<code>w&amp;ae;re</code>,2,0.0012158
101,wi&thorn;erwinnan,<code>wi&amp;t;erwinnan</code>,2,0.0012158
101,wif,<code>wif</code>,2,0.0012158
101,woldon,<code>woldon</code>,2,0.0012158
101,wonn,<code>wonn</code>,2,0.0012158
101,xxx,<code>xxx</code>,2,0.0012158
182,&aelig;&thorn;elingas,<code>&amp;ae;&amp;t;elingas</code>,1,0.0006079
182,&aelig;&thorn;elinge,<code>&amp;ae;&amp;t;elinge</code>,1,0.0006079
182,&aelig;fterre,<code>&amp;ae;fterre</code>,1,0.0006079
182,&aelig;lce,<code>&amp;ae;lce</code>,1,0.0006079
182,&aelig;renddracan,<code>&amp;ae;renddracan</code>,1,0.0006079
182,&aelig;rendwracan,<code>&amp;ae;rendwracan</code>,1,0.0006079
182,&aelig;rest,<code>&amp;ae;rest</code>,1,0.0006079
182,&aelig;restan,<code>&amp;ae;restan</code>,1,0.0006079
182,&aelig;t,<code>&amp;ae;t</code>,1,0.0006079
182,&thorn;am,<code>&amp;t;am</code>,1,0.0006079
182,&thorn;ara,<code>&amp;t;ara</code>,1,0.0006079
182,&thorn;egn,<code>&amp;t;egn</code>,1,0.0006079
182,&thorn;eoda,<code>&amp;t;eoda</code>,1,0.0006079
182,&thorn;eowas,<code>&amp;t;eowas</code>,1,0.0006079
182,&thorn;iosan,<code>&amp;t;iosan</code>,1,0.0006079
182,&thorn;ises,<code>&amp;t;ises</code>,1,0.0006079
182,&thorn;isne,<code>&amp;t;isne</code>,1,0.0006079
182,&thorn;isses,<code>&amp;t;isses</code>,1,0.0006079
182,&thorn;reo,<code>&amp;t;reo</code>,1,0.0006079
182,&thorn;ridde,<code>&amp;t;ridde</code>,1,0.0006079
182,&thorn;rim,<code>&amp;t;rim</code>,1,0.0006079
182,&thorn;riora,<code>&amp;t;riora</code>,1,0.0006079
182,abr&aelig;c,<code>abr&amp;ae;c</code>,1,0.0006079
182,abr&aelig;can,<code>abr&amp;ae;can</code>,1,0.0006079
182,abrocen,<code>abrocen</code>,1,0.0006079
182,acweald,<code>acweald</code>,1,0.0006079
182,adrianus,<code>adrianus</code>,1,0.0006079
182,affricam,<code>affricam</code>,1,0.0006079
182,afleow,<code>afleow</code>,1,0.0006079
182,afliemed,<code>afliemed</code>,1,0.0006079
182,agnum,<code>agnum</code>,1,0.0006079
182,ahangen,<code>ahangen</code>,1,0.0006079
182,ahebban,<code>ahebban</code>,1,0.0006079
182,ahredde,<code>ahredde</code>,1,0.0006079
182,aliefed,<code>aliefed</code>,1,0.0006079
182,ambictiones,<code>ambictiones</code>,1,0.0006079
182,amozenas,<code>amozenas</code>,1,0.0006079
182,andredan,<code>andredan</code>,1,0.0006079
182,anes,<code>anes</code>,1,0.0006079
182,angean,<code>angean</code>,1,0.0006079
182,anre,<code>anre</code>,1,0.0006079
182,antiochus,<code>antiochus</code>,1,0.0006079
182,arbatus,<code>arbatus</code>,1,0.0006079
182,archadius,<code>archadius</code>,1,0.0006079
182,argeotere,<code>argeotere</code>,1,0.0006079
182,aristonocuse,<code>aristonocuse</code>,1,0.0006079
182,asterbal,<code>asterbal</code>,1,0.0006079
182,athaniense,<code>athaniense</code>,1,0.0006079
182,atheniensium,<code>atheniensium</code>,1,0.0006079
182,atre,<code>atre</code>,1,0.0006079
182,aureliuse,<code>aureliuse</code>,1,0.0006079
182,bebyrged,<code>bebyrged</code>,1,0.0006079
182,becom,<code>becom</code>,1,0.0006079
182,beforan,<code>beforan</code>,1,0.0006079
182,beorgas,<code>beorgas</code>,1,0.0006079
182,besceat,<code>besceat</code>,1,0.0006079
182,best&aelig;l,<code>best&amp;ae;l</code>,1,0.0006079
182,betsta,<code>betsta</code>,1,0.0006079
182,betuitusan,<code>betuitusan</code>,1,0.0006079
182,betynde,<code>betynde</code>,1,0.0006079
182,bismere,<code>bismere</code>,1,0.0006079
182,bizantium,<code>bizantium</code>,1,0.0006079
182,bleotan,<code>bleotan</code>,1,0.0006079
182,blod,<code>blod</code>,1,0.0006079
182,bosiridis,<code>bosiridis</code>,1,0.0006079
182,bre&eth;er,<code>bre&amp;d;er</code>,1,0.0006079
182,brettanie,<code>brettanie</code>,1,0.0006079
182,bro&thorn;rum,<code>bro&amp;t;rum</code>,1,0.0006079
182,burgleode,<code>burgleode</code>,1,0.0006079
182,burne,<code>burne</code>,1,0.0006079
182,bysmerlice,<code>bysmerlice</code>,1,0.0006079
182,bysmredan,<code>bysmredan</code>,1,0.0006079
182,calatinus,<code>calatinus</code>,1,0.0006079
182,cambisis,<code>cambisis</code>,1,0.0006079
182,camerinan,<code>camerinan</code>,1,0.0006079
182,caperrone,<code>caperrone</code>,1,0.0006079
182,cartaine,<code>cartaine</code>,1,0.0006079
182,cartainum,<code>cartainum</code>,1,0.0006079
182,carus,<code>carus</code>,1,0.0006079
182,caseras,<code>caseras</code>,1,0.0006079
182,caudenes,<code>caudenes</code>,1,0.0006079
182,ciars&aelig;thi,<code>ciars&amp;ae;thi</code>,1,0.0006079
182,cild,<code>cild</code>,1,0.0006079
182,cirus,<code>cirus</code>,1,0.0006079
182,com,<code>com</code>,1,0.0006079
182,comon,<code>comon</code>,1,0.0006079
182,constantinus,<code>constantinus</code>,1,0.0006079
182,corinthum,<code>corinthum</code>,1,0.0006079
182,cotta,<code>cotta</code>,1,0.0006079
182,craccus,<code>craccus</code>,1,0.0006079
182,cretense,<code>cretense</code>,1,0.0006079
182,cuca,<code>cuca</code>,1,0.0006079
182,cuman,<code>cuman</code>,1,0.0006079
182,cumen,<code>cumen</code>,1,0.0006079
182,curtius,<code>curtius</code>,1,0.0006079
182,cwealm,<code>cwealm</code>,1,0.0006079
182,cwen,<code>cwen</code>,1,0.0006079
182,cyng,<code>cyng</code>,1,0.0006079
182,d&aelig;l,<code>d&amp;ae;l</code>,1,0.0006079
182,dagas,<code>dagas</code>,1,0.0006079
182,dagum,<code>dagum</code>,1,0.0006079
182,darius,<code>darius</code>,1,0.0006079
182,dariuses,<code>dariuses</code>,1,0.0006079
182,dea&thorn;e,<code>dea&amp;t;e</code>,1,0.0006079
182,decius,<code>decius</code>,1,0.0006079
182,dioclitianus,<code>dioclitianus</code>,1,0.0006079
182,diofolgield,<code>diofolgield</code>,1,0.0006079
182,domitianus,<code>domitianus</code>,1,0.0006079
182,don,<code>don</code>,1,0.0006079
182,drifon,<code>drifon</code>,1,0.0006079
182,dryhten,<code>dryhten</code>,1,0.0006079
182,duru,<code>duru</code>,1,0.0006079
182,e&thorn;na,<code>e&amp;t;na</code>,1,0.0006079
182,eac,<code>eac</code>,1,0.0006079
182,ealdan,<code>ealdan</code>,1,0.0006079
182,ealdormon,<code>ealdormon</code>,1,0.0006079
182,ealne,<code>ealne</code>,1,0.0006079
182,ealra,<code>ealra</code>,1,0.0006079
182,eam,<code>eam</code>,1,0.0006079
182,earfe&thorn;a,<code>earfe&amp;t;a</code>,1,0.0006079
182,ege,<code>ege</code>,1,0.0006079
182,egyptiescan,<code>egyptiescan</code>,1,0.0006079
182,elena,<code>elena</code>,1,0.0006079
182,eneas,<code>eneas</code>,1,0.0006079
182,eor&thorn;beofung,<code>eor&amp;t;beofung</code>,1,0.0006079
182,escolapius,<code>escolapius</code>,1,0.0006079
182,f&aelig;stenne,<code>f&amp;ae;stenne</code>,1,0.0006079
182,facenlice,<code>facenlice</code>,1,0.0006079
182,fauius,<code>fauius</code>,1,0.0006079
182,fearres,<code>fearres</code>,1,0.0006079
182,fleon,<code>fleon</code>,1,0.0006079
182,flod,<code>flod</code>,1,0.0006079
182,folca,<code>folca</code>,1,0.0006079
182,folce,<code>folce</code>,1,0.0006079
182,foran,<code>foran</code>,1,0.0006079
182,forb&aelig;rnde,<code>forb&amp;ae;rnde</code>,1,0.0006079
182,foron,<code>foron</code>,1,0.0006079
182,forseah,<code>forseah</code>,1,0.0006079
182,forwear&eth;,<code>forwear&amp;d;</code>,1,0.0006079
182,fri&thorn;,<code>fri&amp;t;</code>,1,0.0006079
182,fuhton,<code>fuhton</code>,1,0.0006079
182,furculus,<code>furculus</code>,1,0.0006079
182,fyrbryne,<code>fyrbryne</code>,1,0.0006079
182,gafole,<code>gafole</code>,1,0.0006079
182,gaiuse,<code>gaiuse</code>,1,0.0006079
182,gallium,<code>gallium</code>,1,0.0006079
182,gallus,<code>gallus</code>,1,0.0006079
182,galua,<code>galua</code>,1,0.0006079
182,gear,<code>gear</code>,1,0.0006079
182,geara,<code>geara</code>,1,0.0006079
182,geblote,<code>geblote</code>,1,0.0006079
182,geboren,<code>geboren</code>,1,0.0006079
182,gebro&thorn;or,<code>gebro&amp;t;or</code>,1,0.0006079
182,gebudon,<code>gebudon</code>,1,0.0006079
182,geceas,<code>geceas</code>,1,0.0006079
182,gedyde,<code>gedyde</code>,1,0.0006079
182,geendedon,<code>geendedon</code>,1,0.0006079
182,gefeccean,<code>gefeccean</code>,1,0.0006079
182,gefliemde,<code>gefliemde</code>,1,0.0006079
182,gefor,<code>gefor</code>,1,0.0006079
182,gehalgedon,<code>gehalgedon</code>,1,0.0006079
182,gel&aelig;rdon,<code>gel&amp;ae;rdon</code>,1,0.0006079
182,genam,<code>genam</code>,1,0.0006079
182,genumen,<code>genumen</code>,1,0.0006079
182,geoweor&thorn;an,<code>geoweor&amp;t;an</code>,1,0.0006079
182,gesawan,<code>gesawan</code>,1,0.0006079
182,gesceope,<code>gesceope</code>,1,0.0006079
182,geseah,<code>geseah</code>,1,0.0006079
182,gesella&eth;,<code>gesella&amp;d;</code>,1,0.0006079
182,gesetnesse,<code>gesetnesse</code>,1,0.0006079
182,gesewene,<code>gesewene</code>,1,0.0006079
182,gesohtan,<code>gesohtan</code>,1,0.0006079
182,geteon,<code>geteon</code>,1,0.0006079
182,getimbran,<code>getimbran</code>,1,0.0006079
182,getimbred,<code>getimbred</code>,1,0.0006079
182,getimbredan,<code>getimbredan</code>,1,0.0006079
182,gewill,<code>gewill</code>,1,0.0006079
182,gewin,<code>gewin</code>,1,0.0006079
182,geworhte,<code>geworhte</code>,1,0.0006079
182,gewurdon,<code>gewurdon</code>,1,0.0006079
182,gielp,<code>gielp</code>,1,0.0006079
182,giernende,<code>giernende</code>,1,0.0006079
182,ginigendan,<code>ginigendan</code>,1,0.0006079
182,god,<code>god</code>,1,0.0006079
182,godan,<code>godan</code>,1,0.0006079
182,godne,<code>godne</code>,1,0.0006079
182,godum,<code>godum</code>,1,0.0006079
182,gomorre,<code>gomorre</code>,1,0.0006079
182,gordianus,<code>gordianus</code>,1,0.0006079
182,gotan,<code>gotan</code>,1,0.0006079
182,gratianus,<code>gratianus</code>,1,0.0006079
182,gulpon,<code>gulpon</code>,1,0.0006079
182,h&aelig;fde,<code>h&amp;ae;fde</code>,1,0.0006079
182,hanna,<code>hanna</code>,1,0.0006079
182,hannibales,<code>hannibales</code>,1,0.0006079
182,hasterbal,<code>hasterbal</code>,1,0.0006079
182,heafedrica,<code>heafedrica</code>,1,0.0006079
182,healfe,<code>healfe</code>,1,0.0006079
182,heofenisce,<code>heofenisce</code>,1,0.0006079
182,heofon,<code>heofon</code>,1,0.0006079
182,heofonum,<code>heofonum</code>,1,0.0006079
182,heretogan,<code>heretogan</code>,1,0.0006079
182,hierde,<code>hierde</code>,1,0.0006079
182,hierdon,<code>hierdon</code>,1,0.0006079
182,himeolco,<code>himeolco</code>,1,0.0006079
182,hlafordas,<code>hlafordas</code>,1,0.0006079
182,honorius,<code>honorius</code>,1,0.0006079
182,hunda,<code>hunda</code>,1,0.0006079
182,hungre,<code>hungre</code>,1,0.0006079
182,hwa,<code>hwa</code>,1,0.0006079
182,hwelcum,<code>hwelcum</code>,1,0.0006079
182,ianes,<code>ianes</code>,1,0.0006079
182,ieldesta,<code>ieldesta</code>,1,0.0006079
182,ieldran,<code>ieldran</code>,1,0.0006079
182,iglande,<code>iglande</code>,1,0.0006079
182,iiia,<code>iiia</code>,1,0.0006079
182,in,<code>in</code>,1,0.0006079
182,ioseph,<code>ioseph</code>,1,0.0006079
182,irnan,<code>irnan</code>,1,0.0006079
182,is,<code>is</code>,1,0.0006079
182,israhela,<code>israhela</code>,1,0.0006079
182,italiam,<code>italiam</code>,1,0.0006079
182,iuuinianus,<code>iuuinianus</code>,1,0.0006079
182,l,<code>l</code>,1,0.0006079
182,l&aelig;cedemonie,<code>l&amp;ae;cedemonie</code>,1,0.0006079
182,l&aelig;cedemonium,<code>l&amp;ae;cedemonium</code>,1,0.0006079
182,l&aelig;cedomonia,<code>l&amp;ae;cedomonia</code>,1,0.0006079
182,l&aelig;dde,<code>l&amp;ae;dde</code>,1,0.0006079
182,ladteow,<code>ladteow</code>,1,0.0006079
182,latine,<code>latine</code>,1,0.0006079
182,leoni&thorn;an,<code>leoni&amp;t;an</code>,1,0.0006079
182,libeum,<code>libeum</code>,1,0.0006079
182,lif,<code>lif</code>,1,0.0006079
182,lucinius,<code>lucinius</code>,1,0.0006079
182,lutatia,<code>lutatia</code>,1,0.0006079
182,lx,<code>lx</code>,1,0.0006079
182,m&aelig;cedonisce,<code>m&amp;ae;cedonisce</code>,1,0.0006079
182,m&aelig;gdena,<code>m&amp;ae;gdena</code>,1,0.0006079
182,m&aelig;nde,<code>m&amp;ae;nde</code>,1,0.0006079
182,m&aelig;ste,<code>m&amp;ae;ste</code>,1,0.0006079
182,mane,<code>mane</code>,1,0.0006079
182,mantius,<code>mantius</code>,1,0.0006079
182,marius,<code>marius</code>,1,0.0006079
182,maximianum,<code>maximianum</code>,1,0.0006079
182,maximus,<code>maximus</code>,1,0.0006079
182,men,<code>men</code>,1,0.0006079
182,meolc,<code>meolc</code>,1,0.0006079
182,mesiane,<code>mesiane</code>,1,0.0006079
182,metellus,<code>metellus</code>,1,0.0006079
182,metredatis,<code>metredatis</code>,1,0.0006079
182,micelre,<code>micelre</code>,1,0.0006079
182,miclan,<code>miclan</code>,1,0.0006079
182,middangeard,<code>middangeard</code>,1,0.0006079
182,middangearde,<code>middangearde</code>,1,0.0006079
182,mila,<code>mila</code>,1,0.0006079
182,mildsunge,<code>mildsunge</code>,1,0.0006079
182,moncwealm,<code>moncwealm</code>,1,0.0006079
182,monega,<code>monega</code>,1,0.0006079
182,monegan,<code>monegan</code>,1,0.0006079
182,monege,<code>monege</code>,1,0.0006079
182,monegra,<code>monegra</code>,1,0.0006079
182,monig,<code>monig</code>,1,0.0006079
182,monige,<code>monige</code>,1,0.0006079
182,monncwealm,<code>monncwealm</code>,1,0.0006079
182,moyses,<code>moyses</code>,1,0.0006079
182,namon,<code>namon</code>,1,0.0006079
182,nerfa,<code>nerfa</code>,1,0.0006079
182,nero,<code>nero</code>,1,0.0006079
182,niht,<code>niht</code>,1,0.0006079
182,ninus,<code>ninus</code>,1,0.0006079
182,niwa,<code>niwa</code>,1,0.0006079
182,nor&thorn;d&aelig;l,<code>nor&amp;t;d&amp;ae;l</code>,1,0.0006079
182,numedia,<code>numedia</code>,1,0.0006079
182,o&eth;re,<code>o&amp;d;re</code>,1,0.0006079
182,o&thorn;,<code>o&amp;t;</code>,1,0.0006079
182,o&thorn;erra,<code>o&amp;t;erra</code>,1,0.0006079
182,o&thorn;iewed,<code>o&amp;t;iewed</code>,1,0.0006079
182,o&thorn;re,<code>o&amp;t;re</code>,1,0.0006079
182,ofercom,<code>ofercom</code>,1,0.0006079
182,oferhergede,<code>oferhergede</code>,1,0.0006079
182,oferhergodon,<code>oferhergodon</code>,1,0.0006079
182,oferwinnan,<code>oferwinnan</code>,1,0.0006079
182,oferwunnon,<code>oferwunnon</code>,1,0.0006079
182,offrunga,<code>offrunga</code>,1,0.0006079
182,ofslogon,<code>ofslogon</code>,1,0.0006079
182,ongean,<code>ongean</code>,1,0.0006079
182,ongunnon,<code>ongunnon</code>,1,0.0006079
182,onlicnesse,<code>onlicnesse</code>,1,0.0006079
182,onwaldas,<code>onwaldas</code>,1,0.0006079
182,onwealdas,<code>onwealdas</code>,1,0.0006079
182,pelopensium,<code>pelopensium</code>,1,0.0006079
182,perenei,<code>perenei</code>,1,0.0006079
182,perseus,<code>perseus</code>,1,0.0006079
182,persum,<code>persum</code>,1,0.0006079
182,pirrus,<code>pirrus</code>,1,0.0006079
182,plegedon,<code>plegedon</code>,1,0.0006079
182,pompeius,<code>pompeius</code>,1,0.0006079
182,pompeiuses,<code>pompeiuses</code>,1,0.0006079
182,probus,<code>probus</code>,1,0.0006079
182,ptholomeus,<code>ptholomeus</code>,1,0.0006079
182,punica,<code>punica</code>,1,0.0006079
182,re&eth;nesse,<code>re&amp;d;nesse</code>,1,0.0006079
182,re&thorn;a,<code>re&amp;t;a</code>,1,0.0006079
182,readan,<code>readan</code>,1,0.0006079
182,remus,<code>remus</code>,1,0.0006079
182,rinan,<code>rinan</code>,1,0.0006079
182,roma,<code>roma</code>,1,0.0006079
182,ryhtne,<code>ryhtne</code>,1,0.0006079
182,ryhtwisa,<code>ryhtwisa</code>,1,0.0006079
182,sabine,<code>sabine</code>,1,0.0006079
182,saguntum,<code>saguntum</code>,1,0.0006079
182,sameramis,<code>sameramis</code>,1,0.0006079
182,sardanopolus,<code>sardanopolus</code>,1,0.0006079
182,sardinie,<code>sardinie</code>,1,0.0006079
182,sceltiferin,<code>sceltiferin</code>,1,0.0006079
182,sci&thorn;&thorn;ie,<code>sci&amp;t;&amp;t;ie</code>,1,0.0006079
182,scipe,<code>scipe</code>,1,0.0006079
182,sciphere,<code>sciphere</code>,1,0.0006079
182,scipum,<code>scipum</code>,1,0.0006079
182,sealdon,<code>sealdon</code>,1,0.0006079
182,secgan,<code>secgan</code>,1,0.0006079
182,self,<code>self</code>,1,0.0006079
182,sempronius,<code>sempronius</code>,1,0.0006079
182,seofan,<code>seofan</code>,1,0.0006079
182,seofon,<code>seofon</code>,1,0.0006079
182,seuerus,<code>seuerus</code>,1,0.0006079
182,si&thorn;&thorn;an,<code>si&amp;t;&amp;t;an</code>,1,0.0006079
182,si&thorn;emesta,<code>si&amp;t;emesta</code>,1,0.0006079
182,sibb,<code>sibb</code>,1,0.0006079
182,siciliae,<code>siciliae</code>,1,0.0006079
182,siextan,<code>siextan</code>,1,0.0006079
182,sillan,<code>sillan</code>,1,0.0006079
182,sint,<code>sint</code>,1,0.0006079
182,sodome,<code>sodome</code>,1,0.0006079
182,somnite,<code>somnite</code>,1,0.0006079
182,spr&aelig;c,<code>spr&amp;ae;c</code>,1,0.0006079
182,sprecende,<code>sprecende</code>,1,0.0006079
182,stow,<code>stow</code>,1,0.0006079
182,strengstan,<code>strengstan</code>,1,0.0006079
182,su&eth;d&aelig;l,<code>su&amp;d;d&amp;ae;l</code>,1,0.0006079
182,sume,<code>sume</code>,1,0.0006079
182,sunu,<code>sunu</code>,1,0.0006079
182,sunum,<code>sunum</code>,1,0.0006079
182,swa,<code>swa</code>,1,0.0006079
182,swelce,<code>swelce</code>,1,0.0006079
182,tacitus,<code>tacitus</code>,1,0.0006079
182,tarentine,<code>tarentine</code>,1,0.0006079
182,tarquatus,<code>tarquatus</code>,1,0.0006079
182,theatrum,<code>theatrum</code>,1,0.0006079
182,thelesci,<code>thelesci</code>,1,0.0006079
182,theodosius,<code>theodosius</code>,1,0.0006079
182,tictator,<code>tictator</code>,1,0.0006079
182,tidan,<code>tidan</code>,1,0.0006079
182,tide,<code>tide</code>,1,0.0006079
182,tirum,<code>tirum</code>,1,0.0006079
182,titus,<code>titus</code>,1,0.0006079
182,tituses,<code>tituses</code>,1,0.0006079
182,tod&aelig;ldon,<code>tod&amp;ae;ldon</code>,1,0.0006079
182,toworpena,<code>toworpena</code>,1,0.0006079
182,triumphan,<code>triumphan</code>,1,0.0006079
182,twegra,<code>twegra</code>,1,0.0006079
182,ualens,<code>ualens</code>,1,0.0006079
182,ueiorum,<code>ueiorum</code>,1,0.0006079
182,ueriatus,<code>ueriatus</code>,1,0.0006079
182,uesoges,<code>uesoges</code>,1,0.0006079
182,uespasianus,<code>uespasianus</code>,1,0.0006079
182,ungeferlic,<code>ungeferlic</code>,1,0.0006079
182,ungemetlica,<code>ungemetlica</code>,1,0.0006079
182,ungemetlican,<code>ungemetlican</code>,1,0.0006079
182,unsibb,<code>unsibb</code>,1,0.0006079
182,unwillum,<code>unwillum</code>,1,0.0006079
182,up,<code>up</code>,1,0.0006079
182,upp,<code>upp</code>,1,0.0006079
182,w&aelig;stma,<code>w&amp;ae;stma</code>,1,0.0006079
182,weallan,<code>weallan</code>,1,0.0006079
182,weard,<code>weard</code>,1,0.0006079
182,weotum,<code>weotum</code>,1,0.0006079
182,weras,<code>weras</code>,1,0.0006079
182,westrice,<code>westrice</code>,1,0.0006079
182,wi&eth;erwearde,<code>wi&amp;d;erwearde</code>,1,0.0006079
182,wicingas,<code>wicingas</code>,1,0.0006079
182,widm&aelig;re,<code>widm&amp;ae;re</code>,1,0.0006079
182,wifmen,<code>wifmen</code>,1,0.0006079
182,willan,<code>willan</code>,1,0.0006079
182,wilnade,<code>wilnade</code>,1,0.0006079
182,winnende,<code>winnende</code>,1,0.0006079
182,winter,<code>winter</code>,1,0.0006079
182,wisdome,<code>wisdome</code>,1,0.0006079
182,wolde,<code>wolde</code>,1,0.0006079
182,wr&aelig;nnesse,<code>wr&amp;ae;nnesse</code>,1,0.0006079
182,wunnan,<code>wunnan</code>,1,0.0006079
182,wunne,<code>wunne</code>,1,0.0006079
182,x,<code>x</code>,1,0.0006079
182,xersis,<code>xersis</code>,1,0.0006079
182,yflan,<code>yflan</code>,1,0.0006079
