B_Prose,B09,B09.005.008.001_GDHead_1__H__T06780.txt,193,156,337
RANK,HTML WORD,RAW WORD,COUNT,RELATIVE FREQUENCY
1,hu,<code>hu</code>,31,0.0919881
2,&amp;,<code>&amp;amp;</code>,11,0.0326409
3,be,<code>be</code>,10,0.0296736
4,&thorn;a,<code>&amp;t;a</code>,8,0.0237389
4,&thorn;one,<code>&amp;t;one</code>,8,0.0237389
6,bonefatius,<code>bonefatius</code>,7,0.0207715
6,he,<code>he</code>,7,0.0207715
6,his,<code>his</code>,7,0.0207715
6,of,<code>of</code>,7,0.0207715
10,&thorn;&aelig;t,<code>&amp;t;&amp;ae;t</code>,6,0.0178042
10,w&aelig;s,<code>w&amp;ae;s</code>,6,0.0178042
12,&thorn;am,<code>&amp;t;am</code>,5,0.0148368
12,&thorn;e,<code>&amp;t;e</code>,5,0.0148368
12,se,<code>se</code>,5,0.0148368
12,to,<code>to</code>,5,0.0148368
16,on,<code>on</code>,4,0.0118694
17,&thorn;&aelig;re,<code>&amp;t;&amp;ae;re</code>,3,0.0089021
17,awehte,<code>awehte</code>,3,0.0089021
17,dea&eth;e,<code>dea&amp;d;e</code>,3,0.0089021
17,furtunatus,<code>furtunatus</code>,3,0.0089021
17,gebede,<code>gebede</code>,3,0.0089021
17,hit,<code>hit</code>,3,0.0089021
17,mid,<code>mid</code>,3,0.0089021
24,&aelig;quitium,<code>&amp;ae;quitium</code>,2,0.0059347
24,&thorn;earfum,<code>&amp;t;earfum</code>,2,0.0059347
24,aworpen,<code>aworpen</code>,2,0.0059347
24,bat,<code>bat</code>,2,0.0059347
24,bisceop,<code>bisceop</code>,2,0.0059347
24,constantius,<code>constantius</code>,2,0.0059347
24,geh&aelig;lde,<code>geh&amp;ae;lde</code>,2,0.0059347
24,gyrelan,<code>gyrelan</code>,2,0.0059347
24,him,<code>him</code>,2,0.0059347
24,hine,<code>hine</code>,2,0.0059347
24,libertine,<code>libertine</code>,2,0.0059347
24,nonnosus,<code>nonnosus</code>,2,0.0059347
24,tod&aelig;lde,<code>tod&amp;ae;lde</code>,2,0.0059347
24,weox,<code>weox</code>,2,0.0059347
38,&aelig;fter,<code>&amp;ae;fter</code>,1,0.0029674
38,&aelig;quities,<code>&amp;ae;quities</code>,1,0.0029674
38,&aelig;quitius,<code>&amp;ae;quitius</code>,1,0.0029674
38,&aelig;r,<code>&amp;ae;r</code>,1,0.0029674
38,&thorn;&aelig;s,<code>&amp;t;&amp;ae;s</code>,1,0.0029674
38,&thorn;eah,<code>&amp;t;eah</code>,1,0.0029674
38,&thorn;eawum,<code>&amp;t;eawum</code>,1,0.0029674
38,&thorn;onne,<code>&amp;t;onne</code>,1,0.0029674
38,&thorn;oone,<code>&amp;t;oone</code>,1,0.0029674
38,&thorn;urh,<code>&amp;t;urh</code>,1,0.0029674
38,&thorn;ysum,<code>&amp;t;ysum</code>,1,0.0029674
38,abbod,<code>abbod</code>,1,0.0029674
38,abbude,<code>abbude</code>,1,0.0029674
38,acwanc,<code>acwanc</code>,1,0.0029674
38,adraf,<code>adraf</code>,1,0.0029674
38,adydde,<code>adydde</code>,1,0.0029674
38,adyde,<code>adyde</code>,1,0.0029674
38,afligde,<code>afligde</code>,1,0.0029674
38,ageaf,<code>ageaf</code>,1,0.0029674
38,alysede,<code>alysede</code>,1,0.0029674
38,anastasius,<code>anastasius</code>,1,0.0029674
38,andweard,<code>andweard</code>,1,0.0029674
38,asett,<code>asett</code>,1,0.0029674
38,aweddon,<code>aweddon</code>,1,0.0029674
38,aweg,<code>aweg</code>,1,0.0029674
38,awyrgedan,<code>awyrgedan</code>,1,0.0029674
38,basilio,<code>basilio</code>,1,0.0029674
38,bebead,<code>bebead</code>,1,0.0029674
38,belisnode,<code>belisnode</code>,1,0.0029674
38,bern,<code>bern</code>,1,0.0029674
38,blindan,<code>blindan</code>,1,0.0029674
38,boce,<code>boce</code>,1,0.0029674
38,bodianne,<code>bodianne</code>,1,0.0029674
38,bro&eth;ru,<code>bro&amp;d;ru</code>,1,0.0029674
38,burnon,<code>burnon</code>,1,0.0029674
38,byrigene,<code>byrigene</code>,1,0.0029674
38,capitulas,<code>capitulas</code>,1,0.0029674
38,ceorle,<code>ceorle</code>,1,0.0029674
38,cimbalgliwere,<code>cimbalgliwere</code>,1,0.0029674
38,cnihtas,<code>cnihtas</code>,1,0.0029674
38,cnihte,<code>cnihte</code>,1,0.0029674
38,com,<code>com</code>,1,0.0029674
38,cuman,<code>cuman</code>,1,0.0029674
38,deofle,<code>deofle</code>,1,0.0029674
38,deofolseoke,<code>deofolseoke</code>,1,0.0029674
38,dialogorum,<code>dialogorum</code>,1,0.0029674
38,earc,<code>earc</code>,1,0.0029674
38,ele,<code>ele</code>,1,0.0029674
38,emelas,<code>emelas</code>,1,0.0029674
38,engel,<code>engel</code>,1,0.0029674
38,equitie,<code>equitie</code>,1,0.0029674
38,equities,<code>equities</code>,1,0.0029674
38,equitio,<code>equitio</code>,1,0.0029674
38,fatu,<code>fatu</code>,1,0.0029674
38,fisc,<code>fisc</code>,1,0.0029674
38,flaxan,<code>flaxan</code>,1,0.0029674
38,fores&aelig;de,<code>fores&amp;ae;de</code>,1,0.0029674
38,forman,<code>forman</code>,1,0.0029674
38,forseah,<code>forseah</code>,1,0.0029674
38,forst&aelig;l,<code>forst&amp;ae;l</code>,1,0.0029674
38,fox,<code>fox</code>,1,0.0029674
38,fram,<code>fram</code>,1,0.0029674
38,fulre,<code>fulre</code>,1,0.0029674
38,funden,<code>funden</code>,1,0.0029674
38,furtunate,<code>furtunate</code>,1,0.0029674
38,fyr,<code>fyr</code>,1,0.0029674
38,gast,<code>gast</code>,1,0.0029674
38,ge&thorn;ancode,<code>ge&amp;t;ancode</code>,1,0.0029674
38,ge&thorn;uht,<code>ge&amp;t;uht</code>,1,0.0029674
38,ge&thorn;ylde,<code>ge&amp;t;ylde</code>,1,0.0029674
38,gecigde,<code>gecigde</code>,1,0.0029674
38,gedrehtum,<code>gedrehtum</code>,1,0.0029674
38,geedsta&eth;elode,<code>geedsta&amp;d;elode</code>,1,0.0029674
38,gefylde,<code>gefylde</code>,1,0.0029674
38,gefyllde,<code>gefyllde</code>,1,0.0029674
38,gemearcode,<code>gemearcode</code>,1,0.0029674
38,gemeted,<code>gemeted</code>,1,0.0029674
38,geneadod,<code>geneadod</code>,1,0.0029674
38,gl&aelig;sf&aelig;t,<code>gl&amp;ae;sf&amp;ae;t</code>,1,0.0029674
38,gota,<code>gota</code>,1,0.0029674
38,gotan,<code>gotan</code>,1,0.0029674
38,h&aelig;fde,<code>h&amp;ae;fde</code>,1,0.0029674
38,haligra,<code>haligra</code>,1,0.0029674
38,healdenne,<code>healdenne</code>,1,0.0029674
38,henna,<code>henna</code>,1,0.0029674
38,her,<code>her</code>,1,0.0029674
38,het,<code>het</code>,1,0.0029674
38,hiredes,<code>hiredes</code>,1,0.0029674
38,hlaf,<code>hlaf</code>,1,0.0029674
38,hlaford,<code>hlaford</code>,1,0.0029674
38,honorate,<code>honorate</code>,1,0.0029674
38,hors,<code>hors</code>,1,0.0029674
38,horse,<code>horse</code>,1,0.0029674
38,horses,<code>horses</code>,1,0.0029674
38,hw&aelig;te,<code>hw&amp;ae;te</code>,1,0.0029674
38,hy,<code>hy</code>,1,0.0029674
38,lahctuc,<code>lahctuc</code>,1,0.0029674
38,langbearde,<code>langbearde</code>,1,0.0029674
38,leafe,<code>leafe</code>,1,0.0029674
38,leohtfatu,<code>leohtfatu</code>,1,0.0029674
38,libertines,<code>libertines</code>,1,0.0029674
38,libertinus,<code>libertinus</code>,1,0.0029674
38,life,<code>life</code>,1,0.0029674
38,m&aelig;ssepreost,<code>m&amp;ae;ssepreost</code>,1,0.0029674
38,man,<code>man</code>,1,0.0029674
38,marcellinum,<code>marcellinum</code>,1,0.0029674
38,marcellinus,<code>marcellinus</code>,1,0.0029674
38,martirius,<code>martirius</code>,1,0.0029674
38,meder,<code>meder</code>,1,0.0029674
38,men,<code>men</code>,1,0.0029674
38,modor,<code>modor</code>,1,0.0029674
38,munecas,<code>munecas</code>,1,0.0029674
38,muneclicum,<code>muneclicum</code>,1,0.0029674
38,munte,<code>munte</code>,1,0.0029674
38,mycelan,<code>mycelan</code>,1,0.0029674
38,n&aelig;dran,<code>n&amp;ae;dran</code>,1,0.0029674
38,n&aelig;s,<code>n&amp;ae;s</code>,1,0.0029674
38,nonnoses,<code>nonnoses</code>,1,0.0029674
38,nunf&aelig;mnan,<code>nunf&amp;ae;mnan</code>,1,0.0029674
38,o&eth;re,<code>o&amp;d;re</code>,1,0.0029674
38,on&aelig;lde,<code>on&amp;ae;lde</code>,1,0.0029674
38,onfeng,<code>onfeng</code>,1,0.0029674
38,ongean,<code>ongean</code>,1,0.0029674
38,onginna&eth;,<code>onginna&amp;d;</code>,1,0.0029674
38,prafost,<code>prafost</code>,1,0.0029674
38,prafoste,<code>prafoste</code>,1,0.0029674
38,prafostscire,<code>prafostscire</code>,1,0.0029674
38,re&eth;an,<code>re&amp;d;an</code>,1,0.0029674
38,rome,<code>rome</code>,1,0.0029674
38,sealde,<code>sealde</code>,1,0.0029674
38,seo,<code>seo</code>,1,0.0029674
38,seofon,<code>seofon</code>,1,0.0029674
38,seuerus,<code>seuerus</code>,1,0.0029674
38,stanclud,<code>stanclud</code>,1,0.0029674
38,sum,<code>sum</code>,1,0.0029674
38,sumes,<code>sumes</code>,1,0.0029674
38,sumon,<code>sumon</code>,1,0.0029674
38,sumum,<code>sumum</code>,1,0.0029674
38,sunu,<code>sunu</code>,1,0.0029674
38,sweltenne,<code>sweltenne</code>,1,0.0029674
38,tobrokene,<code>tobrokene</code>,1,0.0029674
38,under,<code>under</code>,1,0.0029674
38,w&aelig;re,<code>w&amp;ae;re</code>,1,0.0029674
38,w&aelig;ron,<code>w&amp;ae;ron</code>,1,0.0029674
38,w&aelig;tere,<code>w&amp;ae;tere</code>,1,0.0029674
38,wear&eth;,<code>wear&amp;d;</code>,1,0.0029674
38,wi&eth;,<code>wi&amp;d;</code>,1,0.0029674
38,wif,<code>wif</code>,1,0.0029674
38,wifes,<code>wifes</code>,1,0.0029674
38,win,<code>win</code>,1,0.0029674
38,wine,<code>wine</code>,1,0.0029674
38,wundrum,<code>wundrum</code>,1,0.0029674
38,wur&eth;,<code>wur&amp;d;</code>,1,0.0029674
38,wurdon,<code>wurdon</code>,1,0.0029674
38,wyrta,<code>wyrta</code>,1,0.0029674
38,wyrtwearde,<code>wyrtwearde</code>,1,0.0029674
