B_Prose,B09,B09.006.001_BedePref_T06840.txt,297,204,611
RANK,HTML WORD,RAW WORD,COUNT,RELATIVE FREQUENCY
1,&amp;,<code>&amp;amp;</code>,43,0.0703764
2,on,<code>on</code>,18,0.0294599
3,ic,<code>ic</code>,16,0.0261866
4,&thorn;&aelig;t,<code>&amp;t;&amp;ae;t</code>,15,0.0245499
5,he,<code>he</code>,12,0.0196399
6,o&eth;&eth;e,<code>o&amp;d;&amp;d;e</code>,11,0.0180033
7,me,<code>me</code>,10,0.0163666
7,to,<code>to</code>,10,0.0163666
9,se,<code>se</code>,9,0.0147300
10,&eth;e,<code>&amp;d;e</code>,8,0.0130933
10,&thorn;e,<code>&amp;t;e</code>,8,0.0130933
12,&thorn;a,<code>&amp;t;a</code>,7,0.0114566
12,w&aelig;s,<code>w&amp;ae;s</code>,7,0.0114566
12,we,<code>we</code>,7,0.0114566
15,&thorn;&aelig;s,<code>&amp;t;&amp;ae;s</code>,6,0.0098200
15,&thorn;urh,<code>&amp;t;urh</code>,6,0.0098200
15,eac,<code>eac</code>,6,0.0098200
15,hit,<code>hit</code>,6,0.0098200
15,mid,<code>mid</code>,6,0.0098200
15,ymbe,<code>ymbe</code>,6,0.0098200
21,&thorn;am,<code>&amp;t;am</code>,5,0.0081833
21,cristes,<code>cristes</code>,5,0.0081833
21,manna,<code>manna</code>,5,0.0081833
21,of,<code>of</code>,5,0.0081833
21,sende,<code>sende</code>,5,0.0081833
26,&thorn;is,<code>&amp;t;is</code>,4,0.0065466
26,be,<code>be</code>,4,0.0065466
26,fram,<code>fram</code>,4,0.0065466
26,gel&aelig;red,<code>gel&amp;ae;red</code>,4,0.0065466
26,geleafan,<code>geleafan</code>,4,0.0065466
26,ges&aelig;gene,<code>ges&amp;ae;gene</code>,4,0.0065466
26,gewritum,<code>gewritum</code>,4,0.0065466
26,swy&eth;ost,<code>swy&amp;d;ost</code>,4,0.0065466
34,&eth;&aelig;t,<code>&amp;d;&amp;ae;t</code>,3,0.0049100
34,&thorn;eode,<code>&amp;t;eode</code>,3,0.0049100
34,albinus,<code>albinus</code>,3,0.0049100
34,arwur&eth;an,<code>arwur&amp;d;an</code>,3,0.0049100
34,awrat,<code>awrat</code>,3,0.0049100
34,ealdra,<code>ealdra</code>,3,0.0049100
34,for&thorn;on,<code>for&amp;t;on</code>,3,0.0049100
34,god,<code>god</code>,3,0.0049100
34,is,<code>is</code>,3,0.0049100
34,o&eth;,<code>o&amp;d;</code>,3,0.0049100
34,sume,<code>sume</code>,3,0.0049100
34,sylf,<code>sylf</code>,3,0.0049100
34,w&aelig;ron,<code>w&amp;ae;ron</code>,3,0.0049100
47,&aelig;rest,<code>&amp;ae;rest</code>,2,0.0032733
47,&eth;a,<code>&amp;d;a</code>,2,0.0032733
47,&eth;one,<code>&amp;d;one</code>,2,0.0032733
47,&eth;urh,<code>&amp;d;urh</code>,2,0.0032733
47,&thorn;&aelig;re,<code>&amp;t;&amp;ae;re</code>,2,0.0032733
47,&thorn;ara,<code>&amp;t;ara</code>,2,0.0032733
47,&thorn;as,<code>&amp;t;as</code>,2,0.0032733
47,&thorn;inre,<code>&amp;t;inre</code>,2,0.0032733
47,&thorn;one,<code>&amp;t;one</code>,2,0.0032733
47,abbudes,<code>abbudes</code>,2,0.0032733
47,andweardan,<code>andweardan</code>,2,0.0032733
47,biscopes,<code>biscopes</code>,2,0.0032733
47,bro&eth;rum,<code>bro&amp;d;rum</code>,2,0.0032733
47,cantwara,<code>cantwara</code>,2,0.0032733
47,cyninge,<code>cyninge</code>,2,0.0032733
47,d&aelig;da,<code>d&amp;ae;da</code>,2,0.0032733
47,ea,<code>ea</code>,2,0.0032733
47,eadigan,<code>eadigan</code>,2,0.0032733
47,eall,<code>eall</code>,2,0.0032733
47,fela,<code>fela</code>,2,0.0032733
47,for,<code>for</code>,2,0.0032733
47,for&eth;on,<code>for&amp;d;on</code>,2,0.0032733
47,gehyre,<code>gehyre</code>,2,0.0032733
47,geleornodon,<code>geleornodon</code>,2,0.0032733
47,getreowra,<code>getreowra</code>,2,0.0032733
47,geworden,<code>geworden</code>,2,0.0032733
47,gif,<code>gif</code>,2,0.0032733
47,hi,<code>hi</code>,2,0.0032733
47,his,<code>his</code>,2,0.0032733
47,l&aelig;ranne,<code>l&amp;ae;ranne</code>,2,0.0032733
47,leorningcnihtum,<code>leorningcnihtum</code>,2,0.0032733
47,m&aelig;ssepreost,<code>m&amp;ae;ssepreost</code>,2,0.0032733
47,mannum,<code>mannum</code>,2,0.0032733
47,myrcna,<code>myrcna</code>,2,0.0032733
47,ne,<code>ne</code>,2,0.0032733
47,nu,<code>nu</code>,2,0.0032733
47,o&eth;re,<code>o&amp;d;re</code>,2,0.0032733
47,ongeat,<code>ongeat</code>,2,0.0032733
47,papan,<code>papan</code>,2,0.0032733
47,s&aelig;de,<code>s&amp;ae;de</code>,2,0.0032733
47,s&aelig;genum,<code>s&amp;ae;genum</code>,2,0.0032733
47,sancte,<code>sancte</code>,2,0.0032733
47,spell,<code>spell</code>,2,0.0032733
47,swi&eth;e,<code>swi&amp;d;e</code>,2,0.0032733
47,swy&eth;e,<code>swy&amp;d;e</code>,2,0.0032733
47,tid,<code>tid</code>,2,0.0032733
47,westseaxe,<code>westseaxe</code>,2,0.0032733
94,&aelig;festan,<code>&amp;ae;festan</code>,1,0.0016367
94,&aelig;rendgewritu,<code>&amp;ae;rendgewritu</code>,1,0.0016367
94,&aelig;rendo,<code>&amp;ae;rendo</code>,1,0.0016367
94,&aelig;t,<code>&amp;ae;t</code>,1,0.0016367
94,&eth;&aelig;s,<code>&amp;d;&amp;ae;s</code>,1,0.0016367
94,&eth;am,<code>&amp;d;am</code>,1,0.0016367
94,&eth;earfe,<code>&amp;d;earfe</code>,1,0.0016367
94,&eth;eode,<code>&amp;d;eode</code>,1,0.0016367
94,&eth;ine,<code>&amp;d;ine</code>,1,0.0016367
94,&eth;ing,<code>&amp;d;ing</code>,1,0.0016367
94,&eth;is,<code>&amp;d;is</code>,1,0.0016367
94,&eth;onne,<code>&amp;d;onne</code>,1,0.0016367
94,&eth;u,<code>&amp;d;u</code>,1,0.0016367
94,&eth;y,<code>&amp;d;y</code>,1,0.0016367
94,&eth;ysne,<code>&amp;d;ysne</code>,1,0.0016367
94,&thorn;&aelig;r,<code>&amp;t;&amp;ae;r</code>,1,0.0016367
94,&thorn;eodlandum,<code>&amp;t;eodlandum</code>,1,0.0016367
94,&thorn;eodores,<code>&amp;t;eodores</code>,1,0.0016367
94,&thorn;eow,<code>&amp;t;eow</code>,1,0.0016367
94,&thorn;ine,<code>&amp;t;ine</code>,1,0.0016367
94,&thorn;ing,<code>&amp;t;ing</code>,1,0.0016367
94,&thorn;yssa,<code>&amp;t;yssa</code>,1,0.0016367
94,&thorn;ysse,<code>&amp;t;ysse</code>,1,0.0016367
94,abbad,<code>abbad</code>,1,0.0016367
94,abbud,<code>abbud</code>,1,0.0016367
94,ac,<code>ac</code>,1,0.0016367
94,adrianus,<code>adrianus</code>,1,0.0016367
94,and,<code>and</code>,1,0.0016367
94,anes,<code>anes</code>,1,0.0016367
94,angel&thorn;eode,<code>angel&amp;t;eode</code>,1,0.0016367
94,angelcyn,<code>angelcyn</code>,1,0.0016367
94,angelcynne,<code>angelcynne</code>,1,0.0016367
94,arwur&eth;a,<code>arwur&amp;d;a</code>,1,0.0016367
94,arwur&thorn;an,<code>arwur&amp;t;an</code>,1,0.0016367
94,astemnedon,<code>astemnedon</code>,1,0.0016367
94,awriten,<code>awriten</code>,1,0.0016367
94,bec,<code>bec</code>,1,0.0016367
94,beda,<code>beda</code>,1,0.0016367
94,betst,<code>betst</code>,1,0.0016367
94,bidde,<code>bidde</code>,1,0.0016367
94,bisceop,<code>bisceop</code>,1,0.0016367
94,biscop,<code>biscop</code>,1,0.0016367
94,biscopa,<code>biscopa</code>,1,0.0016367
94,biscopum,<code>biscopum</code>,1,0.0016367
94,boca,<code>boca</code>,1,0.0016367
94,byrig,<code>byrig</code>,1,0.0016367
94,ceaddan,<code>ceaddan</code>,1,0.0016367
94,cedde,<code>cedde</code>,1,0.0016367
94,ceolwulf,<code>ceolwulf</code>,1,0.0016367
94,coman,<code>coman</code>,1,0.0016367
94,cu&eth;byrhte,<code>cu&amp;d;byrhte</code>,1,0.0016367
94,cwidas,<code>cwidas</code>,1,0.0016367
94,cy&eth;e,<code>cy&amp;d;e</code>,1,0.0016367
94,cynebyrhtes,<code>cynebyrhtes</code>,1,0.0016367
94,cyning,<code>cyning</code>,1,0.0016367
94,cyninga,<code>cyninga</code>,1,0.0016367
94,cyricean,<code>cyricean</code>,1,0.0016367
94,d&aelig;g,<code>d&amp;ae;g</code>,1,0.0016367
94,danieles,<code>danieles</code>,1,0.0016367
94,dorste,<code>dorste</code>,1,0.0016367
94,eadmodlice,<code>eadmodlice</code>,1,0.0016367
94,ealldra,<code>ealldra</code>,1,0.0016367
94,ealle,<code>ealle</code>,1,0.0016367
94,ealra,<code>ealra</code>,1,0.0016367
94,eart,<code>eart</code>,1,0.0016367
94,eastengle,<code>eastengle</code>,1,0.0016367
94,eastenglum,<code>eastenglum</code>,1,0.0016367
94,eastseaxe,<code>eastseaxe</code>,1,0.0016367
94,eastseaxena,<code>eastseaxena</code>,1,0.0016367
94,elles,<code>elles</code>,1,0.0016367
94,embe,<code>embe</code>,1,0.0016367
94,emtan,<code>emtan</code>,1,0.0016367
94,f&aelig;der,<code>f&amp;ae;der</code>,1,0.0016367
94,flyh&eth;,<code>flyh&amp;d;</code>,1,0.0016367
94,for&thorn;fore,<code>for&amp;t;fore</code>,1,0.0016367
94,fruman,<code>fruman</code>,1,0.0016367
94,fultumiend,<code>fultumiend</code>,1,0.0016367
94,ge&eth;eo,<code>ge&amp;d;eo</code>,1,0.0016367
94,ge&eth;eodde,<code>ge&amp;d;eodde</code>,1,0.0016367
94,ge&eth;ristl&aelig;hte,<code>ge&amp;d;ristl&amp;ae;hte</code>,1,0.0016367
94,ge&thorn;eahte,<code>ge&amp;t;eahte</code>,1,0.0016367
94,geacsedon,<code>geacsedon</code>,1,0.0016367
94,geacsodan,<code>geacsodan</code>,1,0.0016367
94,geceas,<code>geceas</code>,1,0.0016367
94,gedafena&eth;,<code>gedafena&amp;d;</code>,1,0.0016367
94,gefaren,<code>gefaren</code>,1,0.0016367
94,gehwylcum,<code>gehwylcum</code>,1,0.0016367
94,gehyre&eth;,<code>gehyre&amp;d;</code>,1,0.0016367
94,gehyre&thorn;,<code>gehyre&amp;t;</code>,1,0.0016367
94,geleaffulra,<code>geleaffulra</code>,1,0.0016367
94,geleornedon,<code>geleornedon</code>,1,0.0016367
94,gemete,<code>gemete</code>,1,0.0016367
94,gemette,<code>gemette</code>,1,0.0016367
94,gemundon,<code>gemundon</code>,1,0.0016367
94,gemynde,<code>gemynde</code>,1,0.0016367
94,gemyndwur&eth;e,<code>gemyndwur&amp;d;e</code>,1,0.0016367
94,geornfulnysse,<code>geornfulnysse</code>,1,0.0016367
94,gesegene,<code>gesegene</code>,1,0.0016367
94,getreowige,<code>getreowige</code>,1,0.0016367
94,gewordene,<code>gewordene</code>,1,0.0016367
94,gewrit,<code>gewrit</code>,1,0.0016367
94,gife,<code>gife</code>,1,0.0016367
94,godne,<code>godne</code>,1,0.0016367
94,godum,<code>godum</code>,1,0.0016367
94,gregories,<code>gregories</code>,1,0.0016367
94,gregorius,<code>gregorius</code>,1,0.0016367
94,gretan,<code>gretan</code>,1,0.0016367
94,gymende,<code>gymende</code>,1,0.0016367
94,gyt,<code>gyt</code>,1,0.0016367
94,halgan,<code>halgan</code>,1,0.0016367
94,halsige,<code>halsige</code>,1,0.0016367
94,her,<code>her</code>,1,0.0016367
94,herianne,<code>herianne</code>,1,0.0016367
94,him,<code>him</code>,1,0.0016367
94,hine,<code>hine</code>,1,0.0016367
94,hu,<code>hu</code>,1,0.0016367
94,hw&aelig;&eth;er,<code>hw&amp;ae;&amp;d;er</code>,1,0.0016367
94,hw&aelig;t,<code>hw&amp;ae;t</code>,1,0.0016367
94,hwanan,<code>hwanan</code>,1,0.0016367
94,hwilcum,<code>hwilcum</code>,1,0.0016367
94,hwylcum,<code>hwylcum</code>,1,0.0016367
94,igland,<code>igland</code>,1,0.0016367
94,isses,<code>isses</code>,1,0.0016367
94,l&aelig;s,<code>l&amp;ae;s</code>,1,0.0016367
94,l&aelig;stinga,<code>l&amp;ae;stinga</code>,1,0.0016367
94,lareow,<code>lareow</code>,1,0.0016367
94,leanne,<code>leanne</code>,1,0.0016367
94,leofastan,<code>leofastan</code>,1,0.0016367
94,leornere,<code>leornere</code>,1,0.0016367
94,let,<code>let</code>,1,0.0016367
94,lif,<code>lif</code>,1,0.0016367
94,lifes,<code>lifes</code>,1,0.0016367
94,lifigende,<code>lifigende</code>,1,0.0016367
94,lifigendra,<code>lifigendra</code>,1,0.0016367
94,lindese,<code>lindese</code>,1,0.0016367
94,lindesfearona,<code>lindesfearona</code>,1,0.0016367
94,lundenbyrig,<code>lundenbyrig</code>,1,0.0016367
94,m&aelig;g&thorn;e,<code>m&amp;ae;g&amp;t;e</code>,1,0.0016367
94,m&aelig;rena,<code>m&amp;ae;rena</code>,1,0.0016367
94,ma,<code>ma</code>,1,0.0016367
94,mannes,<code>mannes</code>,1,0.0016367
94,metton,<code>metton</code>,1,0.0016367
94,mihte,<code>mihte</code>,1,0.0016367
94,myngunge,<code>myngunge</code>,1,0.0016367
94,mynstres,<code>mynstres</code>,1,0.0016367
94,nal&aelig;s,<code>nal&amp;ae;s</code>,1,0.0016367
94,nemned,<code>nemned</code>,1,0.0016367
94,niwan,<code>niwan</code>,1,0.0016367
94,no&eth;helm,<code>no&amp;d;helm</code>,1,0.0016367
94,no&eth;helmes,<code>no&amp;d;helmes</code>,1,0.0016367
94,nolde,<code>nolde</code>,1,0.0016367
94,nom,<code>nom</code>,1,0.0016367
94,nor&eth;anhumbre,<code>nor&amp;d;anhumbre</code>,1,0.0016367
94,nor&eth;anhymbrum,<code>nor&amp;d;anhymbrum</code>,1,0.0016367
94,o&eth;er,<code>o&amp;d;er</code>,1,0.0016367
94,o&eth;ra,<code>o&amp;d;ra</code>,1,0.0016367
94,onfeng,<code>onfeng</code>,1,0.0016367
94,onfengon,<code>onfengon</code>,1,0.0016367
94,ongitan,<code>ongitan</code>,1,0.0016367
94,ongynnan,<code>ongynnan</code>,1,0.0016367
94,onhyre&thorn;,<code>onhyre&amp;t;</code>,1,0.0016367
94,onscuna&thorn;,<code>onscuna&amp;t;</code>,1,0.0016367
94,otwite,<code>otwite</code>,1,0.0016367
94,r&aelig;danne,<code>r&amp;ae;danne</code>,1,0.0016367
94,s&aelig;don,<code>s&amp;ae;don</code>,1,0.0016367
94,s&aelig;gene,<code>s&amp;ae;gene</code>,1,0.0016367
94,saga&eth;,<code>saga&amp;d;</code>,1,0.0016367
94,saga&thorn;,<code>saga&amp;t;</code>,1,0.0016367
94,seaxum,<code>seaxum</code>,1,0.0016367
94,smeageanne,<code>smeageanne</code>,1,0.0016367
94,smeagende,<code>smeagende</code>,1,0.0016367
94,so&eth;,<code>so&amp;d;</code>,1,0.0016367
94,stafum,<code>stafum</code>,1,0.0016367
94,stowa,<code>stowa</code>,1,0.0016367
94,su&eth;seaxe,<code>su&amp;d;seaxe</code>,1,0.0016367
94,sumu,<code>sumu</code>,1,0.0016367
94,swi&eth;ost,<code>swi&amp;d;ost</code>,1,0.0016367
94,swy&thorn;ost,<code>swy&amp;t;ost</code>,1,0.0016367
94,sy,<code>sy</code>,1,0.0016367
94,sy&eth;&eth;an,<code>sy&amp;d;&amp;d;an</code>,1,0.0016367
94,sylfum,<code>sylfum</code>,1,0.0016367
94,tidum,<code>tidum</code>,1,0.0016367
94,toycte,<code>toycte</code>,1,0.0016367
94,tweoge,<code>tweoge</code>,1,0.0016367
94,under,<code>under</code>,1,0.0016367
94,unrim,<code>unrim</code>,1,0.0016367
94,unwriten,<code>unwriten</code>,1,0.0016367
94,ure,<code>ure</code>,1,0.0016367
94,weorc,<code>weorc</code>,1,0.0016367
94,wera,<code>wera</code>,1,0.0016367
94,westseaxna,<code>westseaxna</code>,1,0.0016367
94,wide,<code>wide</code>,1,0.0016367
94,wiht,<code>wiht</code>,1,0.0016367
94,wisan,<code>wisan</code>,1,0.0016367
94,wiston,<code>wiston</code>,1,0.0016367
94,witena,<code>witena</code>,1,0.0016367
94,wrat,<code>wrat</code>,1,0.0016367
94,writa&eth;,<code>writa&amp;d;</code>,1,0.0016367
94,writanne,<code>writanne</code>,1,0.0016367
94,wur&eth;,<code>wur&amp;d;</code>,1,0.0016367
94,yfel,<code>yfel</code>,1,0.0016367
94,yfelne,<code>yfelne</code>,1,0.0016367
94,yfelum,<code>yfelum</code>,1,0.0016367
94,ymb,<code>ymb</code>,1,0.0016367
