B_Prose,B09,B09.005.001_GDPref_1__C__T06710.txt,596,423,1395
RANK,HTML WORD,RAW WORD,COUNT,RELATIVE FREQUENCY
1,&amp;,<code>&amp;amp;</code>,80,0.0573477
2,ic,<code>ic</code>,52,0.0372760
3,&thorn;&aelig;t,<code>&amp;t;&amp;ae;t</code>,45,0.0322581
4,&thorn;e,<code>&amp;t;e</code>,32,0.0229391
5,hit,<code>hit</code>,31,0.0222222
6,&thorn;a,<code>&amp;t;a</code>,28,0.0200717
7,&thorn;am,<code>&amp;t;am</code>,24,0.0172043
8,me,<code>me</code>,21,0.0150538
9,to,<code>to</code>,20,0.0143369
10,&thorn;onne,<code>&amp;t;onne</code>,18,0.0129032
11,mid,<code>mid</code>,16,0.0114695
12,on,<code>on</code>,15,0.0107527
13,&thorn;&aelig;re,<code>&amp;t;&amp;ae;re</code>,14,0.0100358
13,swa,<code>swa</code>,14,0.0100358
15,we,<code>we</code>,13,0.0093190
16,&aelig;r,<code>&amp;ae;r</code>,12,0.0086022
16,in,<code>in</code>,12,0.0086022
18,&thorn;&aelig;s,<code>&amp;t;&amp;ae;s</code>,11,0.0078853
19,&aelig;t,<code>&amp;ae;t</code>,10,0.0071685
19,he,<code>he</code>,10,0.0071685
19,his,<code>his</code>,10,0.0071685
19,ne,<code>ne</code>,10,0.0071685
19,nu,<code>nu</code>,10,0.0071685
19,w&aelig;s,<code>w&amp;ae;s</code>,10,0.0071685
25,hi,<code>hi</code>,9,0.0064516
25,is,<code>is</code>,9,0.0064516
27,be,<code>be</code>,8,0.0057348
27,petrus,<code>petrus</code>,8,0.0057348
27,se,<code>se</code>,8,0.0057348
30,&thorn;as,<code>&amp;t;as</code>,7,0.0050179
30,eac,<code>eac</code>,7,0.0050179
30,for&thorn;on,<code>for&amp;t;on</code>,7,0.0050179
30,him,<code>him</code>,7,0.0050179
30,of,<code>of</code>,7,0.0050179
30,w&aelig;ron,<code>w&amp;ae;ron</code>,7,0.0050179
36,for,<code>for</code>,6,0.0043011
36,manna,<code>manna</code>,6,0.0043011
38,&thorn;&aelig;r,<code>&amp;t;&amp;ae;r</code>,5,0.0035842
38,&thorn;u,<code>&amp;t;u</code>,5,0.0035842
38,&thorn;urh,<code>&amp;t;urh</code>,5,0.0035842
38,eallum,<code>eallum</code>,5,0.0035842
38,fram,<code>fram</code>,5,0.0035842
38,hu,<code>hu</code>,5,0.0035842
38,swi&eth;e,<code>swi&amp;d;e</code>,5,0.0035842
38,symble,<code>symble</code>,5,0.0035842
46,&thorn;one,<code>&amp;t;one</code>,4,0.0028674
46,&thorn;y,<code>&amp;t;y</code>,4,0.0028674
46,ac,<code>ac</code>,4,0.0028674
46,by&eth;,<code>by&amp;d;</code>,4,0.0028674
46,cw&aelig;&eth;,<code>cw&amp;ae;&amp;d;</code>,4,0.0028674
46,gif,<code>gif</code>,4,0.0028674
46,gregorius,<code>gregorius</code>,4,0.0028674
46,heofonlican,<code>heofonlican</code>,4,0.0028674
46,lare,<code>lare</code>,4,0.0028674
46,lifes,<code>lifes</code>,4,0.0028674
46,min,<code>min</code>,4,0.0028674
46,mynstre,<code>mynstre</code>,4,0.0028674
46,naht,<code>naht</code>,4,0.0028674
46,oft,<code>oft</code>,4,0.0028674
46,seo,<code>seo</code>,4,0.0028674
46,sylf,<code>sylf</code>,4,0.0028674
46,wisan,<code>wisan</code>,4,0.0028674
46,ymb,<code>ymb</code>,4,0.0028674
64,&thorn;&aelig;ra,<code>&amp;t;&amp;ae;ra</code>,3,0.0021505
64,&thorn;ara,<code>&amp;t;ara</code>,3,0.0021505
64,by&thorn;,<code>by&amp;t;</code>,3,0.0021505
64,eall,<code>eall</code>,3,0.0021505
64,forleas,<code>forleas</code>,3,0.0021505
64,full,<code>full</code>,3,0.0021505
64,geswenced,<code>geswenced</code>,3,0.0021505
64,god,<code>god</code>,3,0.0021505
64,godes,<code>godes</code>,3,0.0021505
64,godra,<code>godra</code>,3,0.0021505
64,haligra,<code>haligra</code>,3,0.0021505
64,lufan,<code>lufan</code>,3,0.0021505
64,m&aelig;g,<code>m&amp;ae;g</code>,3,0.0021505
64,magon,<code>magon</code>,3,0.0021505
64,mines,<code>mines</code>,3,0.0021505
64,minre,<code>minre</code>,3,0.0021505
64,mod,<code>mod</code>,3,0.0021505
64,mode,<code>mode</code>,3,0.0021505
64,scipe,<code>scipe</code>,3,0.0021505
64,secge,<code>secge</code>,3,0.0021505
64,sy,<code>sy</code>,3,0.0021505
64,us,<code>us</code>,3,0.0021505
64,wene,<code>wene</code>,3,0.0021505
64,wera,<code>wera</code>,3,0.0021505
64,werum,<code>werum</code>,3,0.0021505
64,witodlice,<code>witodlice</code>,3,0.0021505
90,&aelig;rest,<code>&amp;ae;rest</code>,2,0.0014337
90,&eth;a,<code>&amp;d;a</code>,2,0.0014337
90,&eth;e,<code>&amp;d;e</code>,2,0.0014337
90,&thorn;&aelig;tte,<code>&amp;t;&amp;ae;tte</code>,2,0.0014337
90,&thorn;eawum,<code>&amp;t;eawum</code>,2,0.0014337
90,&thorn;eh,<code>&amp;t;eh</code>,2,0.0014337
90,&thorn;ing,<code>&amp;t;ing</code>,2,0.0014337
90,&thorn;is,<code>&amp;t;is</code>,2,0.0014337
90,&thorn;ises,<code>&amp;t;ises</code>,2,0.0014337
90,&thorn;issere,<code>&amp;t;issere</code>,2,0.0014337
90,&thorn;isum,<code>&amp;t;isum</code>,2,0.0014337
90,&thorn;us,<code>&amp;t;us</code>,2,0.0014337
90,an,<code>an</code>,2,0.0014337
90,ana,<code>ana</code>,2,0.0014337
90,andswarode,<code>andswarode</code>,2,0.0014337
90,animan,<code>animan</code>,2,0.0014337
90,beforan,<code>beforan</code>,2,0.0014337
90,beo&eth;,<code>beo&amp;d;</code>,2,0.0014337
90,buton,<code>buton</code>,2,0.0014337
90,bysne,<code>bysne</code>,2,0.0014337
90,dreoge,<code>dreoge</code>,2,0.0014337
90,eadega,<code>eadega</code>,2,0.0014337
90,eala,<code>eala</code>,2,0.0014337
90,eom,<code>eom</code>,2,0.0014337
90,feor,<code>feor</code>,2,0.0014337
90,ge&thorn;encan,<code>ge&amp;t;encan</code>,2,0.0014337
90,ge&thorn;ence,<code>ge&amp;t;ence</code>,2,0.0014337
90,gecnyssed,<code>gecnyssed</code>,2,0.0014337
90,gedrefed,<code>gedrefed</code>,2,0.0014337
90,gelamp,<code>gelamp</code>,2,0.0014337
90,geleornode,<code>geleornode</code>,2,0.0014337
90,gelice,<code>gelice</code>,2,0.0014337
90,gemynde,<code>gemynde</code>,2,0.0014337
90,gemyne&thorn;,<code>gemyne&amp;t;</code>,2,0.0014337
90,genoh,<code>genoh</code>,2,0.0014337
90,gerecenysse,<code>gerecenysse</code>,2,0.0014337
90,ges&aelig;gene,<code>ges&amp;ae;gene</code>,2,0.0014337
90,geseon,<code>geseon</code>,2,0.0014337
90,geweor&eth;e&thorn;,<code>geweor&amp;d;e&amp;t;</code>,2,0.0014337
90,gewordene,<code>gewordene</code>,2,0.0014337
90,gnornunge,<code>gnornunge</code>,2,0.0014337
90,godcundan,<code>godcundan</code>,2,0.0014337
90,gode,<code>gode</code>,2,0.0014337
90,h&aelig;fde,<code>h&amp;ae;fde</code>,2,0.0014337
90,halgan,<code>halgan</code>,2,0.0014337
90,heanesse,<code>heanesse</code>,2,0.0014337
90,hefigre,<code>hefigre</code>,2,0.0014337
90,heo,<code>heo</code>,2,0.0014337
90,heora,<code>heora</code>,2,0.0014337
90,heortan,<code>heortan</code>,2,0.0014337
90,hig,<code>hig</code>,2,0.0014337
90,hw&aelig;t,<code>hw&amp;ae;t</code>,2,0.0014337
90,hw&aelig;thugu,<code>hw&amp;ae;thugu</code>,2,0.0014337
90,hy&thorn;e,<code>hy&amp;t;e</code>,2,0.0014337
90,la,<code>la</code>,2,0.0014337
90,lande,<code>lande</code>,2,0.0014337
90,lefan,<code>lefan</code>,2,0.0014337
90,lichaman,<code>lichaman</code>,2,0.0014337
90,lif,<code>lif</code>,2,0.0014337
90,life,<code>life</code>,2,0.0014337
90,mannum,<code>mannum</code>,2,0.0014337
90,minum,<code>minum</code>,2,0.0014337
90,modes,<code>modes</code>,2,0.0014337
90,na,<code>na</code>,2,0.0014337
90,o&eth;&eth;e,<code>o&amp;d;&amp;d;e</code>,2,0.0014337
90,oncneow,<code>oncneow</code>,2,0.0014337
90,sanctus,<code>sanctus</code>,2,0.0014337
90,sares,<code>sares</code>,2,0.0014337
90,spr&aelig;c,<code>spr&amp;ae;c</code>,2,0.0014337
90,stowe,<code>stowe</code>,2,0.0014337
90,sumra,<code>sumra</code>,2,0.0014337
90,sumum,<code>sumum</code>,2,0.0014337
90,swi&thorn;e,<code>swi&amp;t;e</code>,2,0.0014337
90,swilce,<code>swilce</code>,2,0.0014337
90,swy&eth;or,<code>swy&amp;d;or</code>,2,0.0014337
90,wille,<code>wille</code>,2,0.0014337
90,wite,<code>wite</code>,2,0.0014337
90,wolde,<code>wolde</code>,2,0.0014337
90,word,<code>word</code>,2,0.0014337
90,worulde,<code>worulde</code>,2,0.0014337
90,woruldlicra,<code>woruldlicra</code>,2,0.0014337
90,wundra,<code>wundra</code>,2,0.0014337
90,wundrum,<code>wundrum</code>,2,0.0014337
90,y&thorn;um,<code>y&amp;t;um</code>,2,0.0014337
174,&aelig;fre,<code>&amp;ae;fre</code>,1,0.0007168
174,&aelig;fter,<code>&amp;ae;fter</code>,1,0.0007168
174,&aelig;fterfylgendan,<code>&amp;ae;fterfylgendan</code>,1,0.0007168
174,&aelig;lcre,<code>&amp;ae;lcre</code>,1,0.0007168
174,&aelig;lcum,<code>&amp;ae;lcum</code>,1,0.0007168
174,&aelig;lfred,<code>&amp;ae;lfred</code>,1,0.0007168
174,&aelig;lmihtig,<code>&amp;ae;lmihtig</code>,1,0.0007168
174,&aelig;nige,<code>&amp;ae;nige</code>,1,0.0007168
174,&aelig;nigra,<code>&amp;ae;nigra</code>,1,0.0007168
174,&aelig;restan,<code>&amp;ae;restan</code>,1,0.0007168
174,&aelig;rran,<code>&amp;ae;rran</code>,1,0.0007168
174,&aelig;teowde,<code>&amp;ae;teowde</code>,1,0.0007168
174,&eth;&aelig;re,<code>&amp;d;&amp;ae;re</code>,1,0.0007168
174,&eth;am,<code>&amp;d;am</code>,1,0.0007168
174,&eth;earf,<code>&amp;d;earf</code>,1,0.0007168
174,&eth;eawe,<code>&amp;d;eawe</code>,1,0.0007168
174,&eth;ing,<code>&amp;d;ing</code>,1,0.0007168
174,&thorn;&aelig;ncan,<code>&amp;t;&amp;ae;ncan</code>,1,0.0007168
174,&thorn;eah,<code>&amp;t;eah</code>,1,0.0007168
174,&thorn;earfe,<code>&amp;t;earfe</code>,1,0.0007168
174,&thorn;encan,<code>&amp;t;encan</code>,1,0.0007168
174,&thorn;ence&thorn;,<code>&amp;t;ence&amp;t;</code>,1,0.0007168
174,&thorn;es,<code>&amp;t;es</code>,1,0.0007168
174,&thorn;ince&eth;,<code>&amp;t;ince&amp;d;</code>,1,0.0007168
174,&thorn;ince&thorn;,<code>&amp;t;ince&amp;t;</code>,1,0.0007168
174,&thorn;inga,<code>&amp;t;inga</code>,1,0.0007168
174,&thorn;ingum,<code>&amp;t;ingum</code>,1,0.0007168
174,&thorn;issera,<code>&amp;t;issera</code>,1,0.0007168
174,&thorn;oden,<code>&amp;t;oden</code>,1,0.0007168
174,&thorn;rowa&eth;,<code>&amp;t;rowa&amp;d;</code>,1,0.0007168
174,&thorn;uhte,<code>&amp;t;uhte</code>,1,0.0007168
174,&thorn;ynce&thorn;,<code>&amp;t;ynce&amp;t;</code>,1,0.0007168
174,&thorn;ysum,<code>&amp;t;ysum</code>,1,0.0007168
174,a,<code>a</code>,1,0.0007168
174,abysgian,<code>abysgian</code>,1,0.0007168
174,acsiendum,<code>acsiendum</code>,1,0.0007168
174,acsode,<code>acsode</code>,1,0.0007168
174,acsunge,<code>acsunge</code>,1,0.0007168
174,adrife&eth;,<code>adrife&amp;d;</code>,1,0.0007168
174,afyled,<code>afyled</code>,1,0.0007168
174,agene,<code>agene</code>,1,0.0007168
174,agenre,<code>agenre</code>,1,0.0007168
174,agnes,<code>agnes</code>,1,0.0007168
174,aht,<code>aht</code>,1,0.0007168
174,andgyt,<code>andgyt</code>,1,0.0007168
174,andgyte,<code>andgyte</code>,1,0.0007168
174,andsware,<code>andsware</code>,1,0.0007168
174,andweardan,<code>andweardan</code>,1,0.0007168
174,anforlet,<code>anforlet</code>,1,0.0007168
174,apostola,<code>apostola</code>,1,0.0007168
174,apostolica,<code>apostolica</code>,1,0.0007168
174,arwur&thorn;ra,<code>arwur&amp;t;ra</code>,1,0.0007168
174,arwyr&eth;ra,<code>arwyr&amp;d;ra</code>,1,0.0007168
174,asceade,<code>asceade</code>,1,0.0007168
174,asceonan,<code>asceonan</code>,1,0.0007168
174,asecge,<code>asecge</code>,1,0.0007168
174,asworette,<code>asworette</code>,1,0.0007168
174,ateon,<code>ateon</code>,1,0.0007168
174,ateorige,<code>ateorige</code>,1,0.0007168
174,awriten,<code>awriten</code>,1,0.0007168
174,b&aelig;c,<code>b&amp;ae;c</code>,1,0.0007168
174,be&aelig;ftan,<code>be&amp;ae;ftan</code>,1,0.0007168
174,becumen,<code>becumen</code>,1,0.0007168
174,becyme&thorn;,<code>becyme&amp;t;</code>,1,0.0007168
174,beh&aelig;fd,<code>beh&amp;ae;fd</code>,1,0.0007168
174,beo,<code>beo</code>,1,0.0007168
174,bet,<code>bet</code>,1,0.0007168
174,beteran,<code>beteran</code>,1,0.0007168
174,betwih,<code>betwih</code>,1,0.0007168
174,betwix,<code>betwix</code>,1,0.0007168
174,bi&eth;,<code>bi&amp;d;</code>,1,0.0007168
174,bisceoplican,<code>bisceoplican</code>,1,0.0007168
174,biscoplican,<code>biscoplican</code>,1,0.0007168
174,blinne&eth;,<code>blinne&amp;d;</code>,1,0.0007168
174,boc,<code>boc</code>,1,0.0007168
174,boca,<code>boca</code>,1,0.0007168
174,bocum,<code>bocum</code>,1,0.0007168
174,bysegum,<code>bysegum</code>,1,0.0007168
174,bysene,<code>bysene</code>,1,0.0007168
174,bysenum,<code>bysenum</code>,1,0.0007168
174,bysgunge,<code>bysgunge</code>,1,0.0007168
174,bysna,<code>bysna</code>,1,0.0007168
174,ceorlisce,<code>ceorlisce</code>,1,0.0007168
174,com,<code>com</code>,1,0.0007168
174,comon,<code>comon</code>,1,0.0007168
174,criste,<code>criste</code>,1,0.0007168
174,cu&thorn;,<code>cu&amp;t;</code>,1,0.0007168
174,cw&aelig;&thorn;,<code>cw&amp;ae;&amp;t;</code>,1,0.0007168
174,cy&thorn;don,<code>cy&amp;t;don</code>,1,0.0007168
174,cym&eth;,<code>cym&amp;d;</code>,1,0.0007168
174,cynehades,<code>cynehades</code>,1,0.0007168
174,d&aelig;da,<code>d&amp;ae;da</code>,1,0.0007168
174,d&aelig;de,<code>d&amp;ae;de</code>,1,0.0007168
174,d&aelig;g,<code>d&amp;ae;g</code>,1,0.0007168
174,d&aelig;ge,<code>d&amp;ae;ge</code>,1,0.0007168
174,daga,<code>daga</code>,1,0.0007168
174,dea&eth;,<code>dea&amp;d;</code>,1,0.0007168
174,deacone,<code>deacone</code>,1,0.0007168
174,deoglan,<code>deoglan</code>,1,0.0007168
174,deogolnesse,<code>deogolnesse</code>,1,0.0007168
174,deogolran,<code>deogolran</code>,1,0.0007168
174,diacon,<code>diacon</code>,1,0.0007168
174,do&eth;,<code>do&amp;d;</code>,1,0.0007168
174,drohtnia&eth;,<code>drohtnia&amp;d;</code>,1,0.0007168
174,duste,<code>duste</code>,1,0.0007168
174,dyglan,<code>dyglan</code>,1,0.0007168
174,e&eth;les,<code>e&amp;d;les</code>,1,0.0007168
174,eacan,<code>eacan</code>,1,0.0007168
174,eagum,<code>eagum</code>,1,0.0007168
174,eald,<code>eald</code>,1,0.0007168
174,ealdodon,<code>ealdodon</code>,1,0.0007168
174,ealdorlicnysse,<code>ealdorlicnysse</code>,1,0.0007168
174,ealle,<code>ealle</code>,1,0.0007168
174,eallinga,<code>eallinga</code>,1,0.0007168
174,ecan,<code>ecan</code>,1,0.0007168
174,edlean,<code>edlean</code>,1,0.0007168
174,elles,<code>elles</code>,1,0.0007168
174,eor&eth;lican,<code>eor&amp;d;lican</code>,1,0.0007168
174,eor&eth;lice,<code>eor&amp;d;lice</code>,1,0.0007168
174,eor&eth;licra,<code>eor&amp;d;licra</code>,1,0.0007168
174,eor&thorn;lican,<code>eor&amp;t;lican</code>,1,0.0007168
174,f&aelig;dera,<code>f&amp;ae;dera</code>,1,0.0007168
174,f&aelig;gerre,<code>f&amp;ae;gerre</code>,1,0.0007168
174,feorr,<code>feorr</code>,1,0.0007168
174,findanne,<code>findanne</code>,1,0.0007168
174,folgo&eth;es,<code>folgo&amp;d;es</code>,1,0.0007168
174,for&eth;brohte,<code>for&amp;d;brohte</code>,1,0.0007168
174,for&eth;on,<code>for&amp;d;on</code>,1,0.0007168
174,for&thorn;an,<code>for&amp;t;an</code>,1,0.0007168
174,foregangendra,<code>foregangendra</code>,1,0.0007168
174,forgifen,<code>forgifen</code>,1,0.0007168
174,forgyte&thorn;,<code>forgyte&amp;t;</code>,1,0.0007168
174,forhogode,<code>forhogode</code>,1,0.0007168
174,forleose&eth;,<code>forleose&amp;d;</code>,1,0.0007168
174,forlet,<code>forlet</code>,1,0.0007168
174,forleton,<code>forleton</code>,1,0.0007168
174,forswigede,<code>forswigede</code>,1,0.0007168
174,freond,<code>freond</code>,1,0.0007168
174,freondlicre,<code>freondlicre</code>,1,0.0007168
174,freondum,<code>freondum</code>,1,0.0007168
174,fruman,<code>fruman</code>,1,0.0007168
174,frym&eth;e,<code>frym&amp;d;e</code>,1,0.0007168
174,ful,<code>ful</code>,1,0.0007168
174,fullmedemum,<code>fullmedemum</code>,1,0.0007168
174,fullneah,<code>fullneah</code>,1,0.0007168
174,fultum,<code>fultum</code>,1,0.0007168
174,funden,<code>funden</code>,1,0.0007168
174,gastlican,<code>gastlican</code>,1,0.0007168
174,ge&thorn;eoded,<code>ge&amp;t;eoded</code>,1,0.0007168
174,ge&thorn;w&aelig;rlicu,<code>ge&amp;t;w&amp;ae;rlicu</code>,1,0.0007168
174,geacsode,<code>geacsode</code>,1,0.0007168
174,gearolice,<code>gearolice</code>,1,0.0007168
174,gebigen,<code>gebigen</code>,1,0.0007168
174,gebrecan,<code>gebrecan</code>,1,0.0007168
174,gebunden,<code>gebunden</code>,1,0.0007168
174,gecoplice,<code>gecoplice</code>,1,0.0007168
174,gecorenum,<code>gecorenum</code>,1,0.0007168
174,gecy&eth;e,<code>gecy&amp;d;e</code>,1,0.0007168
174,gecy&thorn;e,<code>gecy&amp;t;e</code>,1,0.0007168
174,gedonan,<code>gedonan</code>,1,0.0007168
174,gedrefednesse,<code>gedrefednesse</code>,1,0.0007168
174,gedrefednyssum,<code>gedrefednyssum</code>,1,0.0007168
174,geeadmodod,<code>geeadmodod</code>,1,0.0007168
174,gefr&aelig;gn,<code>gefr&amp;ae;gn</code>,1,0.0007168
174,gefyra,<code>gefyra</code>,1,0.0007168
174,geh&aelig;fd,<code>geh&amp;ae;fd</code>,1,0.0007168
174,gehicge,<code>gehicge</code>,1,0.0007168
174,gehweorfe&thorn;,<code>gehweorfe&amp;t;</code>,1,0.0007168
174,gehwylce,<code>gehwylce</code>,1,0.0007168
174,gehycge,<code>gehycge</code>,1,0.0007168
174,gehyran,<code>gehyran</code>,1,0.0007168
174,gehyrdon,<code>gehyrdon</code>,1,0.0007168
174,gehyred,<code>gehyred</code>,1,0.0007168
174,gehyrendan,<code>gehyrendan</code>,1,0.0007168
174,gel&aelig;ta&eth;,<code>gel&amp;ae;ta&amp;d;</code>,1,0.0007168
174,geleaffullum,<code>geleaffullum</code>,1,0.0007168
174,geleo&eth;igen,<code>geleo&amp;d;igen</code>,1,0.0007168
174,geleornodon,<code>geleornodon</code>,1,0.0007168
174,gelicodon,<code>gelicodon</code>,1,0.0007168
174,gelicost,<code>gelicost</code>,1,0.0007168
174,gelyste,<code>gelyste</code>,1,0.0007168
174,gem&aelig;red,<code>gem&amp;ae;red</code>,1,0.0007168
174,gemune,<code>gemune</code>,1,0.0007168
174,gemyne&eth;,<code>gemyne&amp;d;</code>,1,0.0007168
174,genyded,<code>genyded</code>,1,0.0007168
174,geofendum,<code>geofendum</code>,1,0.0007168
174,geogo&eth;hades,<code>geogo&amp;d;hades</code>,1,0.0007168
174,geomrige,<code>geomrige</code>,1,0.0007168
174,georne,<code>georne</code>,1,0.0007168
174,geruxlum,<code>geruxlum</code>,1,0.0007168
174,ges&aelig;de,<code>ges&amp;ae;de</code>,1,0.0007168
174,gesawon,<code>gesawon</code>,1,0.0007168
174,gescyrped,<code>gescyrped</code>,1,0.0007168
174,geseah,<code>geseah</code>,1,0.0007168
174,geseo&eth;,<code>geseo&amp;d;</code>,1,0.0007168
174,geseoh,<code>geseoh</code>,1,0.0007168
174,gesl&aelig;gen,<code>gesl&amp;ae;gen</code>,1,0.0007168
174,gesw&aelig;nced,<code>gesw&amp;ae;nced</code>,1,0.0007168
174,getihta&eth;,<code>getihta&amp;d;</code>,1,0.0007168
174,getogen,<code>getogen</code>,1,0.0007168
174,getreowum,<code>getreowum</code>,1,0.0007168
174,gewat,<code>gewat</code>,1,0.0007168
174,geweor&eth;od,<code>geweor&amp;d;od</code>,1,0.0007168
174,gewinnes,<code>gewinnes</code>,1,0.0007168
174,gewinnum,<code>gewinnum</code>,1,0.0007168
174,gewiss,<code>gewiss</code>,1,0.0007168
174,gewite&thorn;,<code>gewite&amp;t;</code>,1,0.0007168
174,gewitendlican,<code>gewitendlican</code>,1,0.0007168
174,gewrit,<code>gewrit</code>,1,0.0007168
174,gewuna,<code>gewuna</code>,1,0.0007168
174,gewunan,<code>gewunan</code>,1,0.0007168
174,gewunedan,<code>gewunedan</code>,1,0.0007168
174,gewunode,<code>gewunode</code>,1,0.0007168
174,gnornung,<code>gnornung</code>,1,0.0007168
174,godan,<code>godan</code>,1,0.0007168
174,godspel,<code>godspel</code>,1,0.0007168
174,godum,<code>godum</code>,1,0.0007168
174,gyt,<code>gyt</code>,1,0.0007168
174,habbanne,<code>habbanne</code>,1,0.0007168
174,habbe,<code>habbe</code>,1,0.0007168
174,hadum,<code>hadum</code>,1,0.0007168
174,hafa&eth;,<code>hafa&amp;d;</code>,1,0.0007168
174,hafast,<code>hafast</code>,1,0.0007168
174,hand,<code>hand</code>,1,0.0007168
174,hefig,<code>hefig</code>,1,0.0007168
174,hefigum,<code>hefigum</code>,1,0.0007168
174,heom,<code>heom</code>,1,0.0007168
174,heowcu&thorn;lice,<code>heowcu&amp;t;lice</code>,1,0.0007168
174,her,<code>her</code>,1,0.0007168
174,hreohnesse,<code>hreohnesse</code>,1,0.0007168
174,hulic,<code>hulic</code>,1,0.0007168
174,hw&aelig;&thorn;er,<code>hw&amp;ae;&amp;t;er</code>,1,0.0007168
174,hw&aelig;&thorn;re,<code>hw&amp;ae;&amp;t;re</code>,1,0.0007168
174,hw&aelig;thwugu,<code>hw&amp;ae;thwugu</code>,1,0.0007168
174,hwan,<code>hwan</code>,1,0.0007168
174,hwe&thorn;er,<code>hwe&amp;t;er</code>,1,0.0007168
174,hwi,<code>hwi</code>,1,0.0007168
174,hwilc,<code>hwilc</code>,1,0.0007168
174,hwilcum,<code>hwilcum</code>,1,0.0007168
174,hwilon,<code>hwilon</code>,1,0.0007168
174,hwilum,<code>hwilum</code>,1,0.0007168
174,ingang,<code>ingang</code>,1,0.0007168
174,intingan,<code>intingan</code>,1,0.0007168
174,land,<code>land</code>,1,0.0007168
174,langbeardum,<code>langbeardum</code>,1,0.0007168
174,lange,<code>lange</code>,1,0.0007168
174,larum,<code>larum</code>,1,0.0007168
174,leofesta,<code>leofesta</code>,1,0.0007168
174,let,<code>let</code>,1,0.0007168
174,leton,<code>leton</code>,1,0.0007168
174,li&eth;a&eth;,<code>li&amp;d;a&amp;d;</code>,1,0.0007168
174,licge,<code>licge</code>,1,0.0007168
174,lociende,<code>lociende</code>,1,0.0007168
174,locu,<code>locu</code>,1,0.0007168
174,lucas,<code>lucas</code>,1,0.0007168
174,lufade,<code>lufade</code>,1,0.0007168
174,lufe,<code>lufe</code>,1,0.0007168
174,lufia&eth;,<code>lufia&amp;d;</code>,1,0.0007168
174,m&aelig;gen,<code>m&amp;ae;gen</code>,1,0.0007168
174,m&aelig;gn,<code>m&amp;ae;gn</code>,1,0.0007168
174,m&aelig;gna,<code>m&amp;ae;gna</code>,1,0.0007168
174,m&aelig;gnu,<code>m&amp;ae;gnu</code>,1,0.0007168
174,m&aelig;gnum,<code>m&amp;ae;gnum</code>,1,0.0007168
174,m&aelig;rnysse,<code>m&amp;ae;rnysse</code>,1,0.0007168
174,m&aelig;st,<code>m&amp;ae;st</code>,1,0.0007168
174,m&aelig;ste,<code>m&amp;ae;ste</code>,1,0.0007168
174,man,<code>man</code>,1,0.0007168
174,manega,<code>manega</code>,1,0.0007168
174,manige,<code>manige</code>,1,0.0007168
174,manigra,<code>manigra</code>,1,0.0007168
174,mann,<code>mann</code>,1,0.0007168
174,mannes,<code>mannes</code>,1,0.0007168
174,maran,<code>maran</code>,1,0.0007168
174,marcus,<code>marcus</code>,1,0.0007168
174,mearcunge,<code>mearcunge</code>,1,0.0007168
174,mede,<code>mede</code>,1,0.0007168
174,medmare,<code>medmare</code>,1,0.0007168
174,men,<code>men</code>,1,0.0007168
174,micele,<code>micele</code>,1,0.0007168
174,micle,<code>micle</code>,1,0.0007168
174,middaneardes,<code>middaneardes</code>,1,0.0007168
174,mislicode,<code>mislicode</code>,1,0.0007168
174,modge&thorn;ancas,<code>modge&amp;t;ancas</code>,1,0.0007168
174,mon,<code>mon</code>,1,0.0007168
174,monna,<code>monna</code>,1,0.0007168
174,mu&eth;e,<code>mu&amp;d;e</code>,1,0.0007168
174,mycclan,<code>mycclan</code>,1,0.0007168
174,mynegunge,<code>mynegunge</code>,1,0.0007168
174,n&aelig;fre,<code>n&amp;ae;fre</code>,1,0.0007168
174,n&aelig;nig,<code>n&amp;ae;nig</code>,1,0.0007168
174,n&aelig;nige,<code>n&amp;ae;nige</code>,1,0.0007168
174,n&aelig;ron,<code>n&amp;ae;ron</code>,1,0.0007168
174,nal&aelig;s,<code>nal&amp;ae;s</code>,1,0.0007168
174,nama,<code>nama</code>,1,0.0007168
174,namena,<code>namena</code>,1,0.0007168
174,nat,<code>nat</code>,1,0.0007168
174,neah,<code>neah</code>,1,0.0007168
174,nehstan,<code>nehstan</code>,1,0.0007168
174,nime,<code>nime</code>,1,0.0007168
174,niwe,<code>niwe</code>,1,0.0007168
174,niwes,<code>niwes</code>,1,0.0007168
174,niwnysse,<code>niwnysse</code>,1,0.0007168
174,no,<code>no</code>,1,0.0007168
174,nolde,<code>nolde</code>,1,0.0007168
174,ny&thorn;erlicum,<code>ny&amp;t;erlicum</code>,1,0.0007168
174,nyd&thorn;earfe,<code>nyd&amp;t;earfe</code>,1,0.0007168
174,nyhstan,<code>nyhstan</code>,1,0.0007168
174,nyton,<code>nyton</code>,1,0.0007168
174,nyxstan,<code>nyxstan</code>,1,0.0007168
174,o&eth;,<code>o&amp;d;</code>,1,0.0007168
174,o&eth;erra,<code>o&amp;d;erra</code>,1,0.0007168
174,o&eth;rum,<code>o&amp;d;rum</code>,1,0.0007168
174,o&thorn;&thorn;e,<code>o&amp;t;&amp;t;e</code>,1,0.0007168
174,o&thorn;re,<code>o&amp;t;re</code>,1,0.0007168
174,oferhlifade,<code>oferhlifade</code>,1,0.0007168
174,oferstah,<code>oferstah</code>,1,0.0007168
174,on&aelig;la&eth;,<code>on&amp;ae;la&amp;d;</code>,1,0.0007168
174,on&aelig;led,<code>on&amp;ae;led</code>,1,0.0007168
174,onb&aelig;rned,<code>onb&amp;ae;rned</code>,1,0.0007168
174,oncnawan,<code>oncnawan</code>,1,0.0007168
174,onfengce,<code>onfengce</code>,1,0.0007168
174,ongeat,<code>ongeat</code>,1,0.0007168
174,ongebrohton,<code>ongebrohton</code>,1,0.0007168
174,ongunne,<code>ongunne</code>,1,0.0007168
174,ongytan,<code>ongytan</code>,1,0.0007168
174,ongyte&thorn;,<code>ongyte&amp;t;</code>,1,0.0007168
174,ongyten,<code>ongyten</code>,1,0.0007168
174,onstyred,<code>onstyred</code>,1,0.0007168
174,onsyne,<code>onsyne</code>,1,0.0007168
174,ontihted,<code>ontihted</code>,1,0.0007168
174,openlice,<code>openlice</code>,1,0.0007168
174,ordfruman,<code>ordfruman</code>,1,0.0007168
174,papa,<code>papa</code>,1,0.0007168
174,paules,<code>paules</code>,1,0.0007168
174,petres,<code>petres</code>,1,0.0007168
174,r&aelig;da&eth;,<code>r&amp;ae;da&amp;d;</code>,1,0.0007168
174,r&aelig;fnige,<code>r&amp;ae;fnige</code>,1,0.0007168
174,r&aelig;ste,<code>r&amp;ae;ste</code>,1,0.0007168
174,rihte,<code>rihte</code>,1,0.0007168
174,rihtwisnesse,<code>rihtwisnesse</code>,1,0.0007168
174,s&aelig;,<code>s&amp;ae;</code>,1,0.0007168
174,s&aelig;dest,<code>s&amp;ae;dest</code>,1,0.0007168
174,s&aelig;gene,<code>s&amp;ae;gene</code>,1,0.0007168
174,s&aelig;s,<code>s&amp;ae;s</code>,1,0.0007168
174,s&aelig;t,<code>s&amp;ae;t</code>,1,0.0007168
174,sar,<code>sar</code>,1,0.0007168
174,sare,<code>sare</code>,1,0.0007168
174,sceawige,<code>sceawige</code>,1,0.0007168
174,sceawunge,<code>sceawunge</code>,1,0.0007168
174,sceolon,<code>sceolon</code>,1,0.0007168
174,scire,<code>scire</code>,1,0.0007168
174,scyppende,<code>scyppende</code>,1,0.0007168
174,segene,<code>segene</code>,1,0.0007168
174,self,<code>self</code>,1,0.0007168
174,selfum,<code>selfum</code>,1,0.0007168
174,seolf,<code>seolf</code>,1,0.0007168
174,smeaunge,<code>smeaunge</code>,1,0.0007168
174,sohte,<code>sohte</code>,1,0.0007168
174,sorge,<code>sorge</code>,1,0.0007168
174,spell,<code>spell</code>,1,0.0007168
174,spella,<code>spella</code>,1,0.0007168
174,sprece,<code>sprece</code>,1,0.0007168
174,sprecende,<code>sprecende</code>,1,0.0007168
174,stilnesse,<code>stilnesse</code>,1,0.0007168
174,storm,<code>storm</code>,1,0.0007168
174,stormum,<code>stormum</code>,1,0.0007168
174,strangan,<code>strangan</code>,1,0.0007168
174,sume,<code>sume</code>,1,0.0007168
174,sunu,<code>sunu</code>,1,0.0007168
174,sweotollice,<code>sweotollice</code>,1,0.0007168
174,swigende,<code>swigende</code>,1,0.0007168
174,swy&thorn;e,<code>swy&amp;t;e</code>,1,0.0007168
174,swylce,<code>swylce</code>,1,0.0007168
174,sylfes,<code>sylfes</code>,1,0.0007168
174,sylfne,<code>sylfne</code>,1,0.0007168
174,symle,<code>symle</code>,1,0.0007168
174,synderlice,<code>synderlice</code>,1,0.0007168
174,tod&aelig;le&eth;,<code>tod&amp;ae;le&amp;d;</code>,1,0.0007168
174,tostreigde&eth;,<code>tostreigde&amp;d;</code>,1,0.0007168
174,toweardan,<code>toweardan</code>,1,0.0007168
174,trymnes,<code>trymnes</code>,1,0.0007168
174,tweoge,<code>tweoge</code>,1,0.0007168
174,tweon,<code>tweon</code>,1,0.0007168
174,tweonge,<code>tweonge</code>,1,0.0007168
174,twifeald,<code>twifeald</code>,1,0.0007168
174,underfenge,<code>underfenge</code>,1,0.0007168
174,une&eth;nessum,<code>une&amp;d;nessum</code>,1,0.0007168
174,unea&thorn;e,<code>unea&amp;t;e</code>,1,0.0007168
174,ungelic,<code>ungelic</code>,1,0.0007168
174,unges&aelig;lige,<code>unges&amp;ae;lige</code>,1,0.0007168
174,unm&aelig;tum,<code>unm&amp;ae;tum</code>,1,0.0007168
174,unriht,<code>unriht</code>,1,0.0007168
174,unrihtes,<code>unrihtes</code>,1,0.0007168
174,untwygendlice,<code>untwygendlice</code>,1,0.0007168
174,upp,<code>upp</code>,1,0.0007168
174,ura,<code>ura</code>,1,0.0007168
174,ure,<code>ure</code>,1,0.0007168
174,w&aelig;re,<code>w&amp;ae;re</code>,1,0.0007168
174,weras,<code>weras</code>,1,0.0007168
174,wi&eth;metennesse,<code>wi&amp;d;metennesse</code>,1,0.0007168
174,wi&eth;metenysse,<code>wi&amp;d;metenysse</code>,1,0.0007168
174,wile,<code>wile</code>,1,0.0007168
174,willan,<code>willan</code>,1,0.0007168
174,wilnade,<code>wilnade</code>,1,0.0007168
174,wisdom,<code>wisdom</code>,1,0.0007168
174,witena,<code>witena</code>,1,0.0007168
174,witon,<code>witon</code>,1,0.0007168
174,wordes,<code>wordes</code>,1,0.0007168
174,wordum,<code>wordum</code>,1,0.0007168
174,worldge&thorn;ing&eth;a,<code>worldge&amp;t;ing&amp;d;a</code>,1,0.0007168
174,worldscyrum,<code>worldscyrum</code>,1,0.0007168
174,woruld&thorn;ing,<code>woruld&amp;t;ing</code>,1,0.0007168
174,woruld&thorn;inga,<code>woruld&amp;t;inga</code>,1,0.0007168
174,write,<code>write</code>,1,0.0007168
174,writendan,<code>writendan</code>,1,0.0007168
174,writon,<code>writon</code>,1,0.0007168
174,wunde,<code>wunde</code>,1,0.0007168
174,wunode,<code>wunode</code>,1,0.0007168
174,wyrcea&eth;,<code>wyrcea&amp;d;</code>,1,0.0007168
174,yfellic,<code>yfellic</code>,1,0.0007168
174,ymbhigdo,<code>ymbhigdo</code>,1,0.0007168
174,ymbhogan,<code>ymbhogan</code>,1,0.0007168
174,ymbhogena,<code>ymbhogena</code>,1,0.0007168
