B_Prose,B09,B09.003.003_BoProem_T06665.txt,99,75,154
RANK,HTML WORD,RAW WORD,COUNT,RELATIVE FREQUENCY
1,&amp;,<code>&amp;amp;</code>,11,0.0714286
2,he,<code>he</code>,9,0.0584416
3,on,<code>on</code>,5,0.0324675
3,swa,<code>swa</code>,5,0.0324675
5,&thorn;&aelig;t,<code>&amp;t;&amp;ae;t</code>,4,0.0259740
5,&thorn;e,<code>&amp;t;e</code>,4,0.0259740
7,be,<code>be</code>,3,0.0194805
7,for,<code>for</code>,3,0.0194805
7,his,<code>his</code>,3,0.0194805
7,nu,<code>nu</code>,3,0.0194805
7,of,<code>of</code>,3,0.0194805
12,&eth;a,<code>&amp;d;a</code>,2,0.0129870
12,&thorn;a,<code>&amp;t;a</code>,2,0.0129870
12,&thorn;as,<code>&amp;t;as</code>,2,0.0129870
12,boc,<code>boc</code>,2,0.0129870
12,ge,<code>ge</code>,2,0.0129870
12,gedon,<code>gedon</code>,2,0.0129870
12,h&aelig;fde,<code>h&amp;ae;fde</code>,2,0.0129870
12,hine,<code>hine</code>,2,0.0129870
12,hit,<code>hit</code>,2,0.0129870
12,hwilum,<code>hwilum</code>,2,0.0129870
12,is,<code>is</code>,2,0.0129870
12,mihte,<code>mihte</code>,2,0.0129870
12,to,<code>to</code>,2,0.0129870
25,&aelig;g&eth;er,<code>&amp;ae;g&amp;d;er</code>,1,0.0064935
25,&aelig;lc,<code>&amp;ae;lc</code>,1,0.0064935
25,&aelig;lcne,<code>&amp;ae;lcne</code>,1,0.0064935
25,&aelig;lfred,<code>&amp;ae;lfred</code>,1,0.0064935
25,&aelig;mettan,<code>&amp;ae;mettan</code>,1,0.0064935
25,&eth;isse,<code>&amp;d;isse</code>,1,0.0064935
25,&thorn;am,<code>&amp;t;am</code>,1,0.0064935
25,&thorn;ara,<code>&amp;t;ara</code>,1,0.0064935
25,&thorn;eah,<code>&amp;t;eah</code>,1,0.0064935
25,&thorn;onne,<code>&amp;t;onne</code>,1,0.0064935
25,andgit,<code>andgit</code>,1,0.0064935
25,andgite,<code>andgite</code>,1,0.0064935
25,andgites,<code>andgites</code>,1,0.0064935
25,andgitfullicast,<code>andgitfullicast</code>,1,0.0064935
25,bec,<code>bec</code>,1,0.0064935
25,becoman,<code>becoman</code>,1,0.0064935
25,bisgodan,<code>bisgodan</code>,1,0.0064935
25,bisgu,<code>bisgu</code>,1,0.0064935
25,bit,<code>bit</code>,1,0.0064935
25,bocl&aelig;dene,<code>bocl&amp;ae;dene</code>,1,0.0064935
25,dagum,<code>dagum</code>,1,0.0064935
25,de&thorn;,<code>de&amp;t;</code>,1,0.0064935
25,don,<code>don</code>,1,0.0064935
25,earfo&thorn;rime,<code>earfo&amp;t;rime</code>,1,0.0064935
25,eft,<code>eft</code>,1,0.0064935
25,englisc,<code>englisc</code>,1,0.0064935
25,engliscum,<code>engliscum</code>,1,0.0064935
25,for&thorn;am&thorn;e,<code>for&amp;t;am&amp;t;e</code>,1,0.0064935
25,gebidde,<code>gebidde</code>,1,0.0064935
25,geleornode,<code>geleornode</code>,1,0.0064935
25,gereccan,<code>gereccan</code>,1,0.0064935
25,gewende,<code>gewende</code>,1,0.0064935
25,geworhte,<code>geworhte</code>,1,0.0064935
25,gif,<code>gif</code>,1,0.0064935
25,godes,<code>godes</code>,1,0.0064935
25,halsa&eth;,<code>halsa&amp;d;</code>,1,0.0064935
25,heo,<code>heo</code>,1,0.0064935
25,hi,<code>hi</code>,1,0.0064935
25,hie,<code>hie</code>,1,0.0064935
25,him,<code>him</code>,1,0.0064935
25,hio,<code>hio</code>,1,0.0064935
25,kuning,<code>kuning</code>,1,0.0064935
25,l&aelig;dene,<code>l&amp;ae;dene</code>,1,0.0064935
25,leo&eth;e,<code>leo&amp;d;e</code>,1,0.0064935
25,lichoman,<code>lichoman</code>,1,0.0064935
25,lyste,<code>lyste</code>,1,0.0064935
25,m&aelig;&eth;e,<code>m&amp;ae;&amp;d;e</code>,1,0.0064935
25,manigfealdum,<code>manigfealdum</code>,1,0.0064935
25,mistlicum,<code>mistlicum</code>,1,0.0064935
25,mode,<code>mode</code>,1,0.0064935
25,mon,<code>mon</code>,1,0.0064935
25,naman,<code>naman</code>,1,0.0064935
25,ne,<code>ne</code>,1,0.0064935
25,oft,<code>oft</code>,1,0.0064935
25,ongite,<code>ongite</code>,1,0.0064935
25,r&aelig;dan,<code>r&amp;ae;dan</code>,1,0.0064935
25,ricu,<code>ricu</code>,1,0.0064935
25,rihtlicor,<code>rihtlicor</code>,1,0.0064935
25,sceal,<code>sceal</code>,1,0.0064935
25,sette,<code>sette</code>,1,0.0064935
25,sint,<code>sint</code>,1,0.0064935
25,spelle,<code>spelle</code>,1,0.0064935
25,sprec&eth;,<code>sprec&amp;d;</code>,1,0.0064935
25,sprecan,<code>sprecan</code>,1,0.0064935
25,sweotolost,<code>sweotolost</code>,1,0.0064935
25,swi&thorn;e,<code>swi&amp;t;e</code>,1,0.0064935
25,underfangen,<code>underfangen</code>,1,0.0064935
25,us,<code>us</code>,1,0.0064935
25,w&aelig;s,<code>w&amp;ae;s</code>,1,0.0064935
25,wealhstod,<code>wealhstod</code>,1,0.0064935
25,wende,<code>wende</code>,1,0.0064935
25,weoruldbisgum,<code>weoruldbisgum</code>,1,0.0064935
25,wite,<code>wite</code>,1,0.0064935
25,word,<code>word</code>,1,0.0064935
25,worde,<code>worde</code>,1,0.0064935
