B_Prose,B09,B09.005.010.001_GDHead_2__H__T06810.txt,136,103,246
RANK,HTML WORD,RAW WORD,COUNT,RELATIVE FREQUENCY
1,hu,<code>hu</code>,27,0.1097561
2,he,<code>he</code>,17,0.0691057
3,&thorn;a,<code>&amp;t;a</code>,11,0.0447154
4,&thorn;one,<code>&amp;t;one</code>,8,0.0325203
5,his,<code>his</code>,7,0.0284553
6,be,<code>be</code>,6,0.0243902
7,&thorn;am,<code>&amp;t;am</code>,4,0.0162602
7,&thorn;urh,<code>&amp;t;urh</code>,4,0.0162602
9,&amp;,<code>&amp;amp;</code>,3,0.0121951
9,&thorn;&aelig;re,<code>&amp;t;&amp;ae;re</code>,3,0.0121951
9,&thorn;&aelig;t,<code>&amp;t;&amp;ae;t</code>,3,0.0121951
9,&thorn;e,<code>&amp;t;e</code>,3,0.0121951
9,fram,<code>fram</code>,3,0.0121951
9,mid,<code>mid</code>,3,0.0121951
9,of,<code>of</code>,3,0.0121951
9,se,<code>se</code>,3,0.0121951
9,w&aelig;s,<code>w&amp;ae;s</code>,3,0.0121951
18,&aelig;t,<code>&amp;ae;t</code>,2,0.0081301
18,alysde,<code>alysde</code>,2,0.0081301
18,cininge,<code>cininge</code>,2,0.0081301
18,cnapan,<code>cnapan</code>,2,0.0081301
18,deofle,<code>deofle</code>,2,0.0081301
18,gast,<code>gast</code>,2,0.0081301
18,geh&aelig;lde,<code>geh&amp;ae;lde</code>,2,0.0081301
18,geseah,<code>geseah</code>,2,0.0081301
18,godes,<code>godes</code>,2,0.0081301
18,munuc,<code>munuc</code>,2,0.0081301
18,sawle,<code>sawle</code>,2,0.0081301
18,swustor,<code>swustor</code>,2,0.0081301
18,totillan,<code>totillan</code>,2,0.0081301
18,wear&eth;,<code>wear&amp;d;</code>,2,0.0081301
18,witegode,<code>witegode</code>,2,0.0081301
18,wurdon,<code>wurdon</code>,2,0.0081301
34,&aelig;fter,<code>&amp;ae;fter</code>,1,0.0040650
34,&aelig;ftran,<code>&amp;ae;ftran</code>,1,0.0040650
34,&aelig;mtige,<code>&amp;ae;mtige</code>,1,0.0040650
34,&aelig;ton,<code>&amp;ae;ton</code>,1,0.0040650
34,&thorn;&aelig;s,<code>&amp;t;&amp;ae;s</code>,1,0.0040650
34,&thorn;eow,<code>&amp;t;eow</code>,1,0.0040650
34,&thorn;eowena,<code>&amp;t;eowena</code>,1,0.0040650
34,adle,<code>adle</code>,1,0.0040650
34,adw&aelig;scte,<code>adw&amp;ae;scte</code>,1,0.0040650
34,agifene,<code>agifene</code>,1,0.0040650
34,amansumode,<code>amansumode</code>,1,0.0040650
34,anum,<code>anum</code>,1,0.0040650
34,arasode,<code>arasode</code>,1,0.0040650
34,awearp,<code>awearp</code>,1,0.0040650
34,awehte,<code>awehte</code>,1,0.0040650
34,aworpen,<code>aworpen</code>,1,0.0040650
34,awrat,<code>awrat</code>,1,0.0040650
34,behyddan,<code>behyddan</code>,1,0.0040650
34,biddendum,<code>biddendum</code>,1,0.0040650
34,bisceopes,<code>bisceopes</code>,1,0.0040650
34,boce,<code>boce</code>,1,0.0040650
34,bre&eth;er,<code>bre&amp;d;er</code>,1,0.0040650
34,bro&eth;rum,<code>bro&amp;d;rum</code>,1,0.0040650
34,buton,<code>buton</code>,1,0.0040650
34,byrgenne,<code>byrgenne</code>,1,0.0040650
34,capitulas,<code>capitulas</code>,1,0.0040650
34,ceorl,<code>ceorl</code>,1,0.0040650
34,dea&eth;e,<code>dea&amp;d;e</code>,1,0.0040650
34,deadan,<code>deadan</code>,1,0.0040650
34,dracan,<code>dracan</code>,1,0.0040650
34,druncan,<code>druncan</code>,1,0.0040650
34,eagum,<code>eagum</code>,1,0.0040650
34,ealne,<code>ealne</code>,1,0.0040650
34,ele,<code>ele</code>,1,0.0040650
34,endia&eth;,<code>endia&amp;d;</code>,1,0.0040650
34,eor&eth;e,<code>eor&amp;d;e</code>,1,0.0040650
34,flaxan,<code>flaxan</code>,1,0.0040650
34,for&eth;fore,<code>for&amp;d;fore</code>,1,0.0040650
34,fundene,<code>fundene</code>,1,0.0040650
34,fyr,<code>fyr</code>,1,0.0040650
34,gebro&eth;ra,<code>gebro&amp;d;ra</code>,1,0.0040650
34,gedihte,<code>gedihte</code>,1,0.0040650
34,gedwimorlice,<code>gedwimorlice</code>,1,0.0040650
34,gefylled,<code>gefylled</code>,1,0.0040650
34,geh&aelig;led,<code>geh&amp;ae;led</code>,1,0.0040650
34,gemette,<code>gemette</code>,1,0.0040650
34,germanes,<code>germanes</code>,1,0.0040650
34,gesih&thorn;e,<code>gesih&amp;t;e</code>,1,0.0040650
34,gewat,<code>gewat</code>,1,0.0040650
34,geworden,<code>geworden</code>,1,0.0040650
34,gl&aelig;sf&aelig;t,<code>gl&amp;ae;sf&amp;ae;t</code>,1,0.0040650
34,heo,<code>heo</code>,1,0.0040650
34,her,<code>her</code>,1,0.0040650
34,hiwunge,<code>hiwunge</code>,1,0.0040650
34,hryre,<code>hryre</code>,1,0.0040650
34,hund,<code>hund</code>,1,0.0040650
34,kyf,<code>kyf</code>,1,0.0040650
34,leafe,<code>leafe</code>,1,0.0040650
34,leoman,<code>leoman</code>,1,0.0040650
34,lichaman,<code>lichaman</code>,1,0.0040650
34,man,<code>man</code>,1,0.0040650
34,melewes,<code>melewes</code>,1,0.0040650
34,micelan,<code>micelan</code>,1,0.0040650
34,middaneard,<code>middaneard</code>,1,0.0040650
34,mittena,<code>mittena</code>,1,0.0040650
34,modinysse,<code>modinysse</code>,1,0.0040650
34,munuca,<code>munuca</code>,1,0.0040650
34,munuccnapan,<code>munuccnapan</code>,1,0.0040650
34,mynstergeate,<code>mynstergeate</code>,1,0.0040650
34,mynstertimbrunge,<code>mynstertimbrunge</code>,1,0.0040650
34,mynstre,<code>mynstre</code>,1,0.0040650
34,mynstres,<code>mynstres</code>,1,0.0040650
34,n&aelig;s,<code>n&amp;ae;s</code>,1,0.0040650
34,neah,<code>neah</code>,1,0.0040650
34,oncneow,<code>oncneow</code>,1,0.0040650
34,onfeng,<code>onfeng</code>,1,0.0040650
34,preost,<code>preost</code>,1,0.0040650
34,regol,<code>regol</code>,1,0.0040650
34,sceatas,<code>sceatas</code>,1,0.0040650
34,scillingas,<code>scillingas</code>,1,0.0040650
34,scolastican,<code>scolastican</code>,1,0.0040650
34,scr&aelig;fe,<code>scr&amp;ae;fe</code>,1,0.0040650
34,seo,<code>seo</code>,1,0.0040650
34,stanas,<code>stanas</code>,1,0.0040650
34,terracine,<code>terracine</code>,1,0.0040650
34,tobroken,<code>tobroken</code>,1,0.0040650
34,tocwysed,<code>tocwysed</code>,1,0.0040650
34,toworpennysse,<code>toworpennysse</code>,1,0.0040650
34,twa,<code>twa</code>,1,0.0040650
34,ualentinianes,<code>ualentinianes</code>,1,0.0040650
34,unband,<code>unband</code>,1,0.0040650
34,under,<code>under</code>,1,0.0040650
34,uppon,<code>uppon</code>,1,0.0040650
34,ut,<code>ut</code>,1,0.0040650
34,utferde,<code>utferde</code>,1,0.0040650
34,w&aelig;ron,<code>w&amp;ae;ron</code>,1,0.0040650
34,wif,<code>wif</code>,1,0.0040650
34,wiste,<code>wiste</code>,1,0.0040650
34,witegunge,<code>witegunge</code>,1,0.0040650
34,wode,<code>wode</code>,1,0.0040650
34,wundor,<code>wundor</code>,1,0.0040650
34,wundre,<code>wundre</code>,1,0.0040650
34,ylcan,<code>ylcan</code>,1,0.0040650
