B_Prose,B09,B09.005.011_GDPref_1__O__T06830.txt,38,36,41
RANK,HTML WORD,RAW WORD,COUNT,RELATIVE FREQUENCY
1,and,<code>and</code>,3,0.0731707
2,to,<code>to</code>,2,0.0487805
3,&aelig;res&eth;a,<code>&amp;ae;res&amp;d;a</code>,1,0.0243902
3,&thorn;&aelig;re,<code>&amp;t;&amp;ae;re</code>,1,0.0243902
3,&thorn;&aelig;s,<code>&amp;t;&amp;ae;s</code>,1,0.0243902
3,&thorn;am,<code>&amp;t;am</code>,1,0.0243902
3,&thorn;e,<code>&amp;t;e</code>,1,0.0243902
3,&thorn;one,<code>&amp;t;one</code>,1,0.0243902
3,&thorn;urh,<code>&amp;t;urh</code>,1,0.0243902
3,apostolican,<code>apostolican</code>,1,0.0243902
3,aspringan,<code>aspringan</code>,1,0.0243902
3,bisene,<code>bisene</code>,1,0.0243902
3,breos&eth;,<code>breos&amp;d;</code>,1,0.0243902
3,burnan,<code>burnan</code>,1,0.0243902
3,cl&aelig;nan,<code>cl&amp;ae;nan</code>,1,0.0243902
3,eallum,<code>eallum</code>,1,0.0243902
3,f&aelig;der,<code>f&amp;ae;der</code>,1,0.0243902
3,feran,<code>feran</code>,1,0.0243902
3,for&thorn;,<code>for&amp;t;</code>,1,0.0243902
3,gregorius,<code>gregorius</code>,1,0.0243902
3,halegan,<code>halegan</code>,1,0.0243902
3,her,<code>her</code>,1,0.0243902
3,hlutran,<code>hlutran</code>,1,0.0243902
3,lare,<code>lare</code>,1,0.0243902
3,larheowes,<code>larheowes</code>,1,0.0243902
3,liues,<code>liues</code>,1,0.0243902
3,lyste&eth;,<code>lyste&amp;d;</code>,1,0.0243902
3,on,<code>on</code>,1,0.0243902
3,ond,<code>ond</code>,1,0.0243902
3,ongynne&eth;,<code>ongynne&amp;d;</code>,1,0.0243902
3,papan,<code>papan</code>,1,0.0243902
3,sanctus,<code>sanctus</code>,1,0.0243902
3,se,<code>se</code>,1,0.0243902
3,stream,<code>stream</code>,1,0.0243902
3,up,<code>up</code>,1,0.0243902
3,ures,<code>ures</code>,1,0.0243902
3,weg,<code>weg</code>,1,0.0243902
3,yrnan,<code>yrnan</code>,1,0.0243902
