B_Prose,B09,B09.005.007_GDPref_1__H__T06770.txt,555,382,1340
RANK,HTML WORD,RAW WORD,COUNT,RELATIVE FREQUENCY
1,&amp;,<code>&amp;amp;</code>,59,0.0440299
2,ic,<code>ic</code>,50,0.0373134
3,&thorn;&aelig;t,<code>&amp;t;&amp;ae;t</code>,45,0.0335821
4,&thorn;e,<code>&amp;t;e</code>,40,0.0298507
5,hit,<code>hit</code>,30,0.0223881
6,&thorn;a,<code>&amp;t;a</code>,25,0.0186567
7,on,<code>on</code>,24,0.0179104
8,&thorn;am,<code>&amp;t;am</code>,23,0.0171642
9,me,<code>me</code>,21,0.0156716
9,to,<code>to</code>,21,0.0156716
11,mid,<code>mid</code>,18,0.0134328
12,&thorn;onne,<code>&amp;t;onne</code>,17,0.0126866
13,&thorn;ing,<code>&amp;t;ing</code>,13,0.0097015
13,swa,<code>swa</code>,13,0.0097015
15,we,<code>we</code>,12,0.0089552
16,&aelig;r,<code>&amp;ae;r</code>,11,0.0082090
17,be,<code>be</code>,10,0.0074627
17,he,<code>he</code>,10,0.0074627
17,his,<code>his</code>,10,0.0074627
17,ne,<code>ne</code>,10,0.0074627
21,&thorn;urh,<code>&amp;t;urh</code>,9,0.0067164
21,w&aelig;s,<code>w&amp;ae;s</code>,9,0.0067164
23,&aelig;t,<code>&amp;ae;t</code>,8,0.0059701
23,&thorn;&aelig;s,<code>&amp;t;&amp;ae;s</code>,8,0.0059701
23,eac,<code>eac</code>,8,0.0059701
23,is,<code>is</code>,8,0.0059701
23,nu,<code>nu</code>,8,0.0059701
23,petrus,<code>petrus</code>,8,0.0059701
23,se,<code>se</code>,8,0.0059701
30,&thorn;&aelig;re,<code>&amp;t;&amp;ae;re</code>,7,0.0052239
30,&thorn;as,<code>&amp;t;as</code>,7,0.0052239
30,cw&aelig;&eth;,<code>cw&amp;ae;&amp;d;</code>,7,0.0052239
30,hy,<code>hy</code>,7,0.0052239
34,&thorn;ara,<code>&amp;t;ara</code>,6,0.0044776
34,for&thorn;am,<code>for&amp;t;am</code>,6,0.0044776
34,hu,<code>hu</code>,6,0.0044776
34,manna,<code>manna</code>,6,0.0044776
34,na,<code>na</code>,6,0.0044776
34,of,<code>of</code>,6,0.0044776
34,swi&eth;e,<code>swi&amp;d;e</code>,6,0.0044776
34,w&aelig;ron,<code>w&amp;ae;ron</code>,6,0.0044776
42,&thorn;&aelig;r,<code>&amp;t;&amp;ae;r</code>,5,0.0037313
42,&thorn;u,<code>&amp;t;u</code>,5,0.0037313
42,for,<code>for</code>,5,0.0037313
42,fram,<code>fram</code>,5,0.0037313
42,haligra,<code>haligra</code>,5,0.0037313
42,hi,<code>hi</code>,5,0.0037313
42,simle,<code>simle</code>,5,0.0037313
42,sylf,<code>sylf</code>,5,0.0037313
50,&thorn;eah,<code>&amp;t;eah</code>,4,0.0029851
50,&thorn;one,<code>&amp;t;one</code>,4,0.0029851
50,bi&eth;,<code>bi&amp;d;</code>,4,0.0029851
50,by&eth;,<code>by&amp;d;</code>,4,0.0029851
50,eallum,<code>eallum</code>,4,0.0029851
50,geswenced,<code>geswenced</code>,4,0.0029851
50,him,<code>him</code>,4,0.0029851
50,hw&aelig;t,<code>hw&amp;ae;t</code>,4,0.0029851
50,lare,<code>lare</code>,4,0.0029851
50,lifes,<code>lifes</code>,4,0.0029851
50,lufe,<code>lufe</code>,4,0.0029851
50,mynstre,<code>mynstre</code>,4,0.0029851
50,seo,<code>seo</code>,4,0.0029851
50,wera,<code>wera</code>,4,0.0029851
50,witodlice,<code>witodlice</code>,4,0.0029851
50,ymbe,<code>ymbe</code>,4,0.0029851
66,cu&eth;lice,<code>cu&amp;d;lice</code>,3,0.0022388
66,ealle,<code>ealle</code>,3,0.0022388
66,forleas,<code>forleas</code>,3,0.0022388
66,ge&thorn;ence,<code>ge&amp;t;ence</code>,3,0.0022388
66,gecy&eth;e,<code>gecy&amp;d;e</code>,3,0.0022388
66,gif,<code>gif</code>,3,0.0022388
66,god,<code>god</code>,3,0.0022388
66,godes,<code>godes</code>,3,0.0022388
66,godra,<code>godra</code>,3,0.0022388
66,gregorius,<code>gregorius</code>,3,0.0022388
66,heofonlican,<code>heofonlican</code>,3,0.0022388
66,hyra,<code>hyra</code>,3,0.0022388
66,la,<code>la</code>,3,0.0022388
66,man,<code>man</code>,3,0.0022388
66,min,<code>min</code>,3,0.0022388
66,minre,<code>minre</code>,3,0.0022388
66,minum,<code>minum</code>,3,0.0022388
66,mod,<code>mod</code>,3,0.0022388
66,mode,<code>mode</code>,3,0.0022388
66,nan,<code>nan</code>,3,0.0022388
66,oft,<code>oft</code>,3,0.0022388
66,scipe,<code>scipe</code>,3,0.0022388
66,swilce,<code>swilce</code>,3,0.0022388
66,wene,<code>wene</code>,3,0.0022388
66,werum,<code>werum</code>,3,0.0022388
66,wundra,<code>wundra</code>,3,0.0022388
92,&thorn;eawum,<code>&amp;t;eawum</code>,2,0.0014925
92,&thorn;ing&eth;,<code>&amp;t;ing&amp;d;</code>,2,0.0014925
92,&thorn;ingum,<code>&amp;t;ingum</code>,2,0.0014925
92,&thorn;is,<code>&amp;t;is</code>,2,0.0014925
92,&thorn;us,<code>&amp;t;us</code>,2,0.0014925
92,&thorn;yses,<code>&amp;t;yses</code>,2,0.0014925
92,&thorn;ysre,<code>&amp;t;ysre</code>,2,0.0014925
92,&thorn;ysum,<code>&amp;t;ysum</code>,2,0.0014925
92,ac,<code>ac</code>,2,0.0014925
92,an,<code>an</code>,2,0.0014925
92,and,<code>and</code>,2,0.0014925
92,arwur&eth;ra,<code>arwur&amp;d;ra</code>,2,0.0014925
92,awriton,<code>awriton</code>,2,0.0014925
92,becym&eth;,<code>becym&amp;d;</code>,2,0.0014925
92,beforan,<code>beforan</code>,2,0.0014925
92,beo&eth;,<code>beo&amp;d;</code>,2,0.0014925
92,betweoh,<code>betweoh</code>,2,0.0014925
92,bisceoplican,<code>bisceoplican</code>,2,0.0014925
92,carfulnysse,<code>carfulnysse</code>,2,0.0014925
92,d&aelig;da,<code>d&amp;ae;da</code>,2,0.0014925
92,diglan,<code>diglan</code>,2,0.0014925
92,eacan,<code>eacan</code>,2,0.0014925
92,eallunga,<code>eallunga</code>,2,0.0014925
92,eom,<code>eom</code>,2,0.0014925
92,eor&eth;lican,<code>eor&amp;d;lican</code>,2,0.0014925
92,feor,<code>feor</code>,2,0.0014925
92,full,<code>full</code>,2,0.0014925
92,geaxode,<code>geaxode</code>,2,0.0014925
92,gebysnunga,<code>gebysnunga</code>,2,0.0014925
92,gelamp,<code>gelamp</code>,2,0.0014925
92,geleornode,<code>geleornode</code>,2,0.0014925
92,gelice,<code>gelice</code>,2,0.0014925
92,geman&eth;,<code>geman&amp;d;</code>,2,0.0014925
92,gemynde,<code>gemynde</code>,2,0.0014925
92,genoh,<code>genoh</code>,2,0.0014925
92,gereccednysse,<code>gereccednysse</code>,2,0.0014925
92,geseon,<code>geseon</code>,2,0.0014925
92,gewordene,<code>gewordene</code>,2,0.0014925
92,gnornunge,<code>gnornunge</code>,2,0.0014925
92,gode,<code>gode</code>,2,0.0014925
92,godum,<code>godum</code>,2,0.0014925
92,hefigre,<code>hefigre</code>,2,0.0014925
92,heo,<code>heo</code>,2,0.0014925
92,heortan,<code>heortan</code>,2,0.0014925
92,hw&aelig;thwega,<code>hw&amp;ae;thwega</code>,2,0.0014925
92,l&aelig;s,<code>l&amp;ae;s</code>,2,0.0014925
92,lande,<code>lande</code>,2,0.0014925
92,lefan,<code>lefan</code>,2,0.0014925
92,leof,<code>leof</code>,2,0.0014925
92,lichaman,<code>lichaman</code>,2,0.0014925
92,lif,<code>lif</code>,2,0.0014925
92,life,<code>life</code>,2,0.0014925
92,m&aelig;g,<code>m&amp;ae;g</code>,2,0.0014925
92,m&aelig;gen,<code>m&amp;ae;gen</code>,2,0.0014925
92,magon,<code>magon</code>,2,0.0014925
92,mannum,<code>mannum</code>,2,0.0014925
92,mines,<code>mines</code>,2,0.0014925
92,modes,<code>modes</code>,2,0.0014925
92,nextan,<code>nextan</code>,2,0.0014925
92,o&thorn;&thorn;e,<code>o&amp;t;&amp;t;e</code>,2,0.0014925
92,on&aelig;led,<code>on&amp;ae;led</code>,2,0.0014925
92,oncneow,<code>oncneow</code>,2,0.0014925
92,onstyred,<code>onstyred</code>,2,0.0014925
92,sare,<code>sare</code>,2,0.0014925
92,so&eth;lice,<code>so&amp;d;lice</code>,2,0.0014925
92,spr&aelig;c,<code>spr&amp;ae;c</code>,2,0.0014925
92,stilnysse,<code>stilnysse</code>,2,0.0014925
92,stowe,<code>stowe</code>,2,0.0014925
92,sumra,<code>sumra</code>,2,0.0014925
92,sumum,<code>sumum</code>,2,0.0014925
92,swy&eth;or,<code>swy&amp;d;or</code>,2,0.0014925
92,sy,<code>sy</code>,2,0.0014925
92,untwylice,<code>untwylice</code>,2,0.0014925
92,us,<code>us</code>,2,0.0014925
92,w&aelig;re,<code>w&amp;ae;re</code>,2,0.0014925
92,wi&eth;metennysse,<code>wi&amp;d;metennysse</code>,2,0.0014925
92,wisan,<code>wisan</code>,2,0.0014925
92,wite,<code>wite</code>,2,0.0014925
92,wolde,<code>wolde</code>,2,0.0014925
92,word,<code>word</code>,2,0.0014925
92,woruldlicra,<code>woruldlicra</code>,2,0.0014925
92,y&eth;um,<code>y&amp;d;um</code>,2,0.0014925
174,&aelig;fre,<code>&amp;ae;fre</code>,1,0.0007463
174,&aelig;fter,<code>&amp;ae;fter</code>,1,0.0007463
174,&aelig;fterfyligendan,<code>&amp;ae;fterfyligendan</code>,1,0.0007463
174,&aelig;lcere,<code>&amp;ae;lcere</code>,1,0.0007463
174,&aelig;lcum,<code>&amp;ae;lcum</code>,1,0.0007463
174,&aelig;lfred,<code>&amp;ae;lfred</code>,1,0.0007463
174,&aelig;lmihtiga,<code>&amp;ae;lmihtiga</code>,1,0.0007463
174,&aelig;nie,<code>&amp;ae;nie</code>,1,0.0007463
174,&aelig;nig,<code>&amp;ae;nig</code>,1,0.0007463
174,&aelig;nige,<code>&amp;ae;nige</code>,1,0.0007463
174,&aelig;nigra,<code>&amp;ae;nigra</code>,1,0.0007463
174,&aelig;rest,<code>&amp;ae;rest</code>,1,0.0007463
174,&aelig;restan,<code>&amp;ae;restan</code>,1,0.0007463
174,&aelig;rran,<code>&amp;ae;rran</code>,1,0.0007463
174,&aelig;tbrede,<code>&amp;ae;tbrede</code>,1,0.0007463
174,&aelig;tywde,<code>&amp;ae;tywde</code>,1,0.0007463
174,&eth;a,<code>&amp;d;a</code>,1,0.0007463
174,&thorn;&aelig;ra,<code>&amp;t;&amp;ae;ra</code>,1,0.0007463
174,&thorn;earf,<code>&amp;t;earf</code>,1,0.0007463
174,&thorn;earfe,<code>&amp;t;earfe</code>,1,0.0007463
174,&thorn;eawe,<code>&amp;t;eawe</code>,1,0.0007463
174,&thorn;encean,<code>&amp;t;encean</code>,1,0.0007463
174,&thorn;enceanne,<code>&amp;t;enceanne</code>,1,0.0007463
174,&thorn;es,<code>&amp;t;es</code>,1,0.0007463
174,&thorn;ing&thorn;,<code>&amp;t;ing&amp;t;</code>,1,0.0007463
174,&thorn;isum,<code>&amp;t;isum</code>,1,0.0007463
174,&thorn;oden,<code>&amp;t;oden</code>,1,0.0007463
174,&thorn;ola&eth;,<code>&amp;t;ola&amp;d;</code>,1,0.0007463
174,&thorn;olie,<code>&amp;t;olie</code>,1,0.0007463
174,&thorn;olige,<code>&amp;t;olige</code>,1,0.0007463
174,&thorn;uhte,<code>&amp;t;uhte</code>,1,0.0007463
174,&thorn;ysra,<code>&amp;t;ysra</code>,1,0.0007463
174,a,<code>a</code>,1,0.0007463
174,abysgegunge,<code>abysgegunge</code>,1,0.0007463
174,abysgian,<code>abysgian</code>,1,0.0007463
174,acsunge,<code>acsunge</code>,1,0.0007463
174,adrifa&eth;,<code>adrifa&amp;d;</code>,1,0.0007463
174,afandodum,<code>afandodum</code>,1,0.0007463
174,afyled,<code>afyled</code>,1,0.0007463
174,agenes,<code>agenes</code>,1,0.0007463
174,agenne,<code>agenne</code>,1,0.0007463
174,agenre,<code>agenre</code>,1,0.0007463
174,ageomrige,<code>ageomrige</code>,1,0.0007463
174,ana,<code>ana</code>,1,0.0007463
174,andgit,<code>andgit</code>,1,0.0007463
174,andgite,<code>andgite</code>,1,0.0007463
174,andsware,<code>andsware</code>,1,0.0007463
174,andweardan,<code>andweardan</code>,1,0.0007463
174,ane,<code>ane</code>,1,0.0007463
174,anforlet,<code>anforlet</code>,1,0.0007463
174,apostola,<code>apostola</code>,1,0.0007463
174,apostolica,<code>apostolica</code>,1,0.0007463
174,arecce,<code>arecce</code>,1,0.0007463
174,asworette,<code>asworette</code>,1,0.0007463
174,ateorige,<code>ateorige</code>,1,0.0007463
174,awrite,<code>awrite</code>,1,0.0007463
174,axiendum,<code>axiendum</code>,1,0.0007463
174,b&aelig;ftan,<code>b&amp;ae;ftan</code>,1,0.0007463
174,begym&eth;,<code>begym&amp;d;</code>,1,0.0007463
174,beh&aelig;fd,<code>beh&amp;ae;fd</code>,1,0.0007463
174,beo,<code>beo</code>,1,0.0007463
174,besceawunge,<code>besceawunge</code>,1,0.0007463
174,bet,<code>bet</code>,1,0.0007463
174,beteran,<code>beteran</code>,1,0.0007463
174,boc,<code>boc</code>,1,0.0007463
174,boca,<code>boca</code>,1,0.0007463
174,bocum,<code>bocum</code>,1,0.0007463
174,buton,<code>buton</code>,1,0.0007463
174,bysene,<code>bysene</code>,1,0.0007463
174,bysgum,<code>bysgum</code>,1,0.0007463
174,bysne,<code>bysne</code>,1,0.0007463
174,com,<code>com</code>,1,0.0007463
174,comon,<code>comon</code>,1,0.0007463
174,coplice,<code>coplice</code>,1,0.0007463
174,criste,<code>criste</code>,1,0.0007463
174,cu&eth;,<code>cu&amp;d;</code>,1,0.0007463
174,cy&eth;nysse,<code>cy&amp;d;nysse</code>,1,0.0007463
174,cyddon,<code>cyddon</code>,1,0.0007463
174,cynehades,<code>cynehades</code>,1,0.0007463
174,cyrlisceum,<code>cyrlisceum</code>,1,0.0007463
174,d&aelig;dum,<code>d&amp;ae;dum</code>,1,0.0007463
174,d&aelig;g,<code>d&amp;ae;g</code>,1,0.0007463
174,d&aelig;ge,<code>d&amp;ae;ge</code>,1,0.0007463
174,d&aelig;ghwamlice,<code>d&amp;ae;ghwamlice</code>,1,0.0007463
174,dea&eth;,<code>dea&amp;d;</code>,1,0.0007463
174,diacon,<code>diacon</code>,1,0.0007463
174,diacone,<code>diacone</code>,1,0.0007463
174,digolnysse,<code>digolnysse</code>,1,0.0007463
174,digolran,<code>digolran</code>,1,0.0007463
174,do&eth;,<code>do&amp;d;</code>,1,0.0007463
174,dreoge,<code>dreoge</code>,1,0.0007463
174,drohtnia&eth;,<code>drohtnia&amp;d;</code>,1,0.0007463
174,duste,<code>duste</code>,1,0.0007463
174,e&eth;les,<code>e&amp;d;les</code>,1,0.0007463
174,eadiga,<code>eadiga</code>,1,0.0007463
174,eagan,<code>eagan</code>,1,0.0007463
174,eala,<code>eala</code>,1,0.0007463
174,eald,<code>eald</code>,1,0.0007463
174,ealdodon,<code>ealdodon</code>,1,0.0007463
174,ealdorlicnysse,<code>ealdorlicnysse</code>,1,0.0007463
174,eall,<code>eall</code>,1,0.0007463
174,eart,<code>eart</code>,1,0.0007463
174,edlean,<code>edlean</code>,1,0.0007463
174,elles,<code>elles</code>,1,0.0007463
174,eor&eth;licra,<code>eor&amp;d;licra</code>,1,0.0007463
174,eor&thorn;lice,<code>eor&amp;t;lice</code>,1,0.0007463
174,explicit,<code>explicit</code>,1,0.0007463
174,f&aelig;dera,<code>f&amp;ae;dera</code>,1,0.0007463
174,f&aelig;gerum,<code>f&amp;ae;gerum</code>,1,0.0007463
174,findenne,<code>findenne</code>,1,0.0007463
174,folgo&eth;es,<code>folgo&amp;d;es</code>,1,0.0007463
174,for&eth;brohte,<code>for&amp;d;brohte</code>,1,0.0007463
174,for&eth;on,<code>for&amp;d;on</code>,1,0.0007463
174,for&thorn;y,<code>for&amp;t;y</code>,1,0.0007463
174,forest&aelig;ppendra,<code>forest&amp;ae;ppendra</code>,1,0.0007463
174,forgifen,<code>forgifen</code>,1,0.0007463
174,forgite&eth;,<code>forgite&amp;d;</code>,1,0.0007463
174,forhogode,<code>forhogode</code>,1,0.0007463
174,forleose&eth;,<code>forleose&amp;d;</code>,1,0.0007463
174,forlet,<code>forlet</code>,1,0.0007463
174,forleton,<code>forleton</code>,1,0.0007463
174,forneah,<code>forneah</code>,1,0.0007463
174,foroft,<code>foroft</code>,1,0.0007463
174,forswigode,<code>forswigode</code>,1,0.0007463
174,forwel,<code>forwel</code>,1,0.0007463
174,freond,<code>freond</code>,1,0.0007463
174,freondlicre,<code>freondlicre</code>,1,0.0007463
174,freondum,<code>freondum</code>,1,0.0007463
174,fruman,<code>fruman</code>,1,0.0007463
174,frym&eth;e,<code>frym&amp;d;e</code>,1,0.0007463
174,fulfremedum,<code>fulfremedum</code>,1,0.0007463
174,fultum,<code>fultum</code>,1,0.0007463
174,fundene,<code>fundene</code>,1,0.0007463
174,fyrr,<code>fyrr</code>,1,0.0007463
174,gastlicum,<code>gastlicum</code>,1,0.0007463
174,ge&thorn;enc,<code>ge&amp;t;enc</code>,1,0.0007463
174,ge&thorn;encean,<code>ge&amp;t;encean</code>,1,0.0007463
174,ge&thorn;eoded,<code>ge&amp;t;eoded</code>,1,0.0007463
174,gebigean,<code>gebigean</code>,1,0.0007463
174,gebrecan,<code>gebrecan</code>,1,0.0007463
174,gecnyssed,<code>gecnyssed</code>,1,0.0007463
174,gedonan,<code>gedonan</code>,1,0.0007463
174,gedrefed,<code>gedrefed</code>,1,0.0007463
174,gedrefednyssa,<code>gedrefednyssa</code>,1,0.0007463
174,gedrefednyssum,<code>gedrefednyssum</code>,1,0.0007463
174,geeadmodad,<code>geeadmodad</code>,1,0.0007463
174,geendige,<code>geendige</code>,1,0.0007463
174,gefera,<code>gefera</code>,1,0.0007463
174,geh&aelig;fde,<code>geh&amp;ae;fde</code>,1,0.0007463
174,geheold,<code>geheold</code>,1,0.0007463
174,gehicge,<code>gehicge</code>,1,0.0007463
174,gehwyrf&eth;,<code>gehwyrf&amp;d;</code>,1,0.0007463
174,gehyran,<code>gehyran</code>,1,0.0007463
174,gehyrdon,<code>gehyrdon</code>,1,0.0007463
174,gehyred,<code>gehyred</code>,1,0.0007463
174,gehyrendan,<code>gehyrendan</code>,1,0.0007463
174,gel&aelig;ta&eth;,<code>gel&amp;ae;ta&amp;d;</code>,1,0.0007463
174,geleafullum,<code>geleafullum</code>,1,0.0007463
174,geleornodon,<code>geleornodon</code>,1,0.0007463
174,geli&eth;ian,<code>geli&amp;d;ian</code>,1,0.0007463
174,gelic,<code>gelic</code>,1,0.0007463
174,geliccost,<code>geliccost</code>,1,0.0007463
174,gelicodon,<code>gelicodon</code>,1,0.0007463
174,gelyste,<code>gelyste</code>,1,0.0007463
174,geman,<code>geman</code>,1,0.0007463
174,gemynd,<code>gemynd</code>,1,0.0007463
174,geneadode,<code>geneadode</code>,1,0.0007463
174,georne,<code>georne</code>,1,0.0007463
174,geruxlum,<code>geruxlum</code>,1,0.0007463
174,ges&aelig;de,<code>ges&amp;ae;de</code>,1,0.0007463
174,ges&aelig;gene,<code>ges&amp;ae;gene</code>,1,0.0007463
174,gesawon,<code>gesawon</code>,1,0.0007463
174,geseah,<code>geseah</code>,1,0.0007463
174,geseo&eth;,<code>geseo&amp;d;</code>,1,0.0007463
174,geslegen,<code>geslegen</code>,1,0.0007463
174,geswinces,<code>geswinces</code>,1,0.0007463
174,geswinceum,<code>geswinceum</code>,1,0.0007463
174,geswutelod,<code>geswutelod</code>,1,0.0007463
174,getogen,<code>getogen</code>,1,0.0007463
174,getrymmed,<code>getrymmed</code>,1,0.0007463
174,getrywum,<code>getrywum</code>,1,0.0007463
174,gewat,<code>gewat</code>,1,0.0007463
174,geweor&eth;ad,<code>geweor&amp;d;ad</code>,1,0.0007463
174,gewite&eth;,<code>gewite&amp;d;</code>,1,0.0007463
174,gewitendlican,<code>gewitendlican</code>,1,0.0007463
174,gewrit,<code>gewrit</code>,1,0.0007463
174,gewunan,<code>gewunan</code>,1,0.0007463
174,gewunedon,<code>gewunedon</code>,1,0.0007463
174,gewunelic,<code>gewunelic</code>,1,0.0007463
174,gewunode,<code>gewunode</code>,1,0.0007463
174,gewur&eth;e&eth;,<code>gewur&amp;d;e&amp;d;</code>,1,0.0007463
174,gewyr&eth;e&eth;,<code>gewyr&amp;d;e&amp;d;</code>,1,0.0007463
174,gifendum,<code>gifendum</code>,1,0.0007463
174,gnornung,<code>gnornung</code>,1,0.0007463
174,godcundum,<code>godcundum</code>,1,0.0007463
174,godspell,<code>godspell</code>,1,0.0007463
174,gyf,<code>gyf</code>,1,0.0007463
174,gyt,<code>gyt</code>,1,0.0007463
174,h&aelig;bbe,<code>h&amp;ae;bbe</code>,1,0.0007463
174,h&aelig;bbene,<code>h&amp;ae;bbene</code>,1,0.0007463
174,h&aelig;f&eth;,<code>h&amp;ae;f&amp;d;</code>,1,0.0007463
174,h&aelig;fde,<code>h&amp;ae;fde</code>,1,0.0007463
174,hadum,<code>hadum</code>,1,0.0007463
174,hafast,<code>hafast</code>,1,0.0007463
174,haligre,<code>haligre</code>,1,0.0007463
174,hand,<code>hand</code>,1,0.0007463
174,heahnysse,<code>heahnysse</code>,1,0.0007463
174,healicnysse,<code>healicnysse</code>,1,0.0007463
174,hefigum,<code>hefigum</code>,1,0.0007463
174,hefilic,<code>hefilic</code>,1,0.0007463
174,heofenlican,<code>heofenlican</code>,1,0.0007463
174,her,<code>her</code>,1,0.0007463
174,hig,<code>hig</code>,1,0.0007463
174,hiwcu&eth;lice,<code>hiwcu&amp;d;lice</code>,1,0.0007463
174,hiwe,<code>hiwe</code>,1,0.0007463
174,hreohnysse,<code>hreohnysse</code>,1,0.0007463
174,hw&aelig;&eth;er,<code>hw&amp;ae;&amp;d;er</code>,1,0.0007463
174,hw&aelig;&thorn;er,<code>hw&amp;ae;&amp;t;er</code>,1,0.0007463
174,hwan,<code>hwan</code>,1,0.0007463
174,hwi,<code>hwi</code>,1,0.0007463
174,hwilc,<code>hwilc</code>,1,0.0007463
174,hwilcum,<code>hwilcum</code>,1,0.0007463
174,hwilon,<code>hwilon</code>,1,0.0007463
174,hwilum,<code>hwilum</code>,1,0.0007463
174,hy&eth;a,<code>hy&amp;d;a</code>,1,0.0007463
174,hy&eth;e,<code>hy&amp;d;e</code>,1,0.0007463
174,hyt,<code>hyt</code>,1,0.0007463
174,ingang,<code>ingang</code>,1,0.0007463
174,intingan,<code>intingan</code>,1,0.0007463
174,iugo&eth;hades,<code>iugo&amp;d;hades</code>,1,0.0007463
174,land,<code>land</code>,1,0.0007463
174,langbeardum,<code>langbeardum</code>,1,0.0007463
174,lange,<code>lange</code>,1,0.0007463
174,leofesta,<code>leofesta</code>,1,0.0007463
174,leton,<code>leton</code>,1,0.0007463
174,li&eth;a&eth;,<code>li&amp;d;a&amp;d;</code>,1,0.0007463
174,licge,<code>licge</code>,1,0.0007463
174,lociende,<code>lociende</code>,1,0.0007463
174,locu,<code>locu</code>,1,0.0007463
174,lucas,<code>lucas</code>,1,0.0007463
174,lufia&eth;,<code>lufia&amp;d;</code>,1,0.0007463
174,lufode,<code>lufode</code>,1,0.0007463
174,m&aelig;genu,<code>m&amp;ae;genu</code>,1,0.0007463
174,m&aelig;genum,<code>m&amp;ae;genum</code>,1,0.0007463
174,m&aelig;gna,<code>m&amp;ae;gna</code>,1,0.0007463
174,m&aelig;rnesse,<code>m&amp;ae;rnesse</code>,1,0.0007463
174,m&aelig;st,<code>m&amp;ae;st</code>,1,0.0007463
174,m&aelig;ste,<code>m&amp;ae;ste</code>,1,0.0007463
174,manige,<code>manige</code>,1,0.0007463
174,manigra,<code>manigra</code>,1,0.0007463
174,mannes,<code>mannes</code>,1,0.0007463
174,maran,<code>maran</code>,1,0.0007463
174,marcus,<code>marcus</code>,1,0.0007463
174,mearcunge,<code>mearcunge</code>,1,0.0007463
174,mede,<code>mede</code>,1,0.0007463
174,men,<code>men</code>,1,0.0007463
174,menie,<code>menie</code>,1,0.0007463
174,micele,<code>micele</code>,1,0.0007463
174,middaneardes,<code>middaneardes</code>,1,0.0007463
174,misslicode,<code>misslicode</code>,1,0.0007463
174,mit,<code>mit</code>,1,0.0007463
174,modge&thorn;ancas,<code>modge&amp;t;ancas</code>,1,0.0007463
174,mu&eth;um,<code>mu&amp;d;um</code>,1,0.0007463
174,mycele,<code>mycele</code>,1,0.0007463
174,mynegunge,<code>mynegunge</code>,1,0.0007463
174,n&aelig;ron,<code>n&amp;ae;ron</code>,1,0.0007463
174,nama,<code>nama</code>,1,0.0007463
174,naman,<code>naman</code>,1,0.0007463
174,nat,<code>nat</code>,1,0.0007463
174,neah,<code>neah</code>,1,0.0007463
174,necstan,<code>necstan</code>,1,0.0007463
174,ned&thorn;earfe,<code>ned&amp;t;earfe</code>,1,0.0007463
174,niman,<code>niman</code>,1,0.0007463
174,nime,<code>nime</code>,1,0.0007463
174,niwe,<code>niwe</code>,1,0.0007463
174,niwes,<code>niwes</code>,1,0.0007463
174,niwnysse,<code>niwnysse</code>,1,0.0007463
174,nolde,<code>nolde</code>,1,0.0007463
174,ny&eth;erlican,<code>ny&amp;d;erlican</code>,1,0.0007463
174,nyton,<code>nyton</code>,1,0.0007463
174,o&eth;re,<code>o&amp;d;re</code>,1,0.0007463
174,o&eth;rum,<code>o&amp;d;rum</code>,1,0.0007463
174,o&thorn;,<code>o&amp;t;</code>,1,0.0007463
174,oferhlifode,<code>oferhlifode</code>,1,0.0007463
174,oferstah,<code>oferstah</code>,1,0.0007463
174,on&aelig;la&eth;,<code>on&amp;ae;la&amp;d;</code>,1,0.0007463
174,onbe&thorn;encean,<code>onbe&amp;t;encean</code>,1,0.0007463
174,oncn&aelig;w&eth;,<code>oncn&amp;ae;w&amp;d;</code>,1,0.0007463
174,oncnawa&eth;,<code>oncnawa&amp;d;</code>,1,0.0007463
174,oncnawen,<code>oncnawen</code>,1,0.0007463
174,onfenge,<code>onfenge</code>,1,0.0007463
174,ongebrohton,<code>ongebrohton</code>,1,0.0007463
174,ongiten,<code>ongiten</code>,1,0.0007463
174,ongunne,<code>ongunne</code>,1,0.0007463
174,ontiht,<code>ontiht</code>,1,0.0007463
174,openlice,<code>openlice</code>,1,0.0007463
174,ordfruman,<code>ordfruman</code>,1,0.0007463
174,orm&aelig;tum,<code>orm&amp;ae;tum</code>,1,0.0007463
174,prefatio,<code>prefatio</code>,1,0.0007463
174,r&aelig;da&eth;,<code>r&amp;ae;da&amp;d;</code>,1,0.0007463
174,r&aelig;dinge,<code>r&amp;ae;dinge</code>,1,0.0007463
174,rihte,<code>rihte</code>,1,0.0007463
174,rihtwisnesse,<code>rihtwisnesse</code>,1,0.0007463
174,s&aelig;dest,<code>s&amp;ae;dest</code>,1,0.0007463
174,s&aelig;licum,<code>s&amp;ae;licum</code>,1,0.0007463
174,s&aelig;t,<code>s&amp;ae;t</code>,1,0.0007463
174,sanctus,<code>sanctus</code>,1,0.0007463
174,sar,<code>sar</code>,1,0.0007463
174,sares,<code>sares</code>,1,0.0007463
174,sceawige,<code>sceawige</code>,1,0.0007463
174,sceoldon,<code>sceoldon</code>,1,0.0007463
174,scinon,<code>scinon</code>,1,0.0007463
174,scyppende,<code>scyppende</code>,1,0.0007463
174,secge,<code>secge</code>,1,0.0007463
174,segene,<code>segene</code>,1,0.0007463
174,si,<code>si</code>,1,0.0007463
174,smeaunge,<code>smeaunge</code>,1,0.0007463
174,sohte,<code>sohte</code>,1,0.0007463
174,sorge,<code>sorge</code>,1,0.0007463
174,spell,<code>spell</code>,1,0.0007463
174,spella,<code>spella</code>,1,0.0007463
174,sprece,<code>sprece</code>,1,0.0007463
174,sprecende,<code>sprecende</code>,1,0.0007463
174,storm,<code>storm</code>,1,0.0007463
174,stormum,<code>stormum</code>,1,0.0007463
174,strangan,<code>strangan</code>,1,0.0007463
174,sum,<code>sum</code>,1,0.0007463
174,sumon,<code>sumon</code>,1,0.0007463
174,sunu,<code>sunu</code>,1,0.0007463
174,swigende,<code>swigende</code>,1,0.0007463
174,swutollice,<code>swutollice</code>,1,0.0007463
174,swy&eth;e,<code>swy&amp;d;e</code>,1,0.0007463
174,swy&thorn;e,<code>swy&amp;t;e</code>,1,0.0007463
174,sylfan,<code>sylfan</code>,1,0.0007463
174,sylfes,<code>sylfes</code>,1,0.0007463
174,sylfne,<code>sylfne</code>,1,0.0007463
174,sylfum,<code>sylfum</code>,1,0.0007463
174,symle,<code>symle</code>,1,0.0007463
174,synderlice,<code>synderlice</code>,1,0.0007463
174,syndon,<code>syndon</code>,1,0.0007463
174,tihta&eth;,<code>tihta&amp;d;</code>,1,0.0007463
174,tod&aelig;l&eth;,<code>tod&amp;ae;l&amp;d;</code>,1,0.0007463
174,tosceade,<code>tosceade</code>,1,0.0007463
174,towerdan,<code>towerdan</code>,1,0.0007463
174,trymming,<code>trymming</code>,1,0.0007463
174,twigfeald,<code>twigfeald</code>,1,0.0007463
174,twy&eth;,<code>twy&amp;d;</code>,1,0.0007463
174,twynunge,<code>twynunge</code>,1,0.0007463
174,underfenge,<code>underfenge</code>,1,0.0007463
174,unea&eth;e,<code>unea&amp;d;e</code>,1,0.0007463
174,unea&eth;nessum,<code>unea&amp;d;nessum</code>,1,0.0007463
174,unges&aelig;lige,<code>unges&amp;ae;lige</code>,1,0.0007463
174,unriht,<code>unriht</code>,1,0.0007463
174,unrihtes,<code>unrihtes</code>,1,0.0007463
174,upsprungen,<code>upsprungen</code>,1,0.0007463
174,ure,<code>ure</code>,1,0.0007463
174,ut,<code>ut</code>,1,0.0007463
174,waclic,<code>waclic</code>,1,0.0007463
174,wer,<code>wer</code>,1,0.0007463
174,weras,<code>weras</code>,1,0.0007463
174,wile,<code>wile</code>,1,0.0007463
174,willan,<code>willan</code>,1,0.0007463
174,wilnode,<code>wilnode</code>,1,0.0007463
174,wisdom,<code>wisdom</code>,1,0.0007463
174,witena,<code>witena</code>,1,0.0007463
174,witon,<code>witon</code>,1,0.0007463
174,wordum,<code>wordum</code>,1,0.0007463
174,woruld,<code>woruld</code>,1,0.0007463
174,woruld&thorn;ing,<code>woruld&amp;t;ing</code>,1,0.0007463
174,woruld&thorn;inga,<code>woruld&amp;t;inga</code>,1,0.0007463
174,worulde,<code>worulde</code>,1,0.0007463
174,woruldge&thorn;ing&eth;a,<code>woruldge&amp;t;ing&amp;d;a</code>,1,0.0007463
174,woruldscirum,<code>woruldscirum</code>,1,0.0007463
174,writendan,<code>writendan</code>,1,0.0007463
174,wunde,<code>wunde</code>,1,0.0007463
174,wundrum,<code>wundrum</code>,1,0.0007463
174,wunode,<code>wunode</code>,1,0.0007463
174,wylle,<code>wylle</code>,1,0.0007463
174,wyrcea&eth;,<code>wyrcea&amp;d;</code>,1,0.0007463
174,ymbhogan,<code>ymbhogan</code>,1,0.0007463
174,ymbhogena,<code>ymbhogena</code>,1,0.0007463
174,yttrum,<code>yttrum</code>,1,0.0007463
