B_Prose,B09,B09.006.005.001_Bede_3__O__T06890.txt,442,332,1020
RANK,HTML WORD,RAW WORD,COUNT,RELATIVE FREQUENCY
1,&amp;,<code>&amp;amp;</code>,61,0.0598039
2,&thorn;a,<code>&amp;t;a</code>,54,0.0529412
3,on,<code>on</code>,35,0.0343137
4,he,<code>he</code>,34,0.0333333
5,&thorn;&aelig;t,<code>&amp;t;&amp;ae;t</code>,30,0.0294118
6,w&aelig;s,<code>w&amp;ae;s</code>,21,0.0205882
7,&thorn;am,<code>&amp;t;am</code>,20,0.0196078
8,to,<code>to</code>,19,0.0186275
9,se,<code>se</code>,16,0.0156863
10,&thorn;&aelig;r,<code>&amp;t;&amp;ae;r</code>,15,0.0147059
10,&thorn;e,<code>&amp;t;e</code>,15,0.0147059
12,&thorn;&aelig;re,<code>&amp;t;&amp;ae;re</code>,14,0.0137255
12,his,<code>his</code>,14,0.0137255
14,hi,<code>hi</code>,12,0.0117647
14,mid,<code>mid</code>,12,0.0117647
14,swa,<code>swa</code>,12,0.0117647
17,eac,<code>eac</code>,9,0.0088235
17,him,<code>him</code>,9,0.0088235
17,hit,<code>hit</code>,9,0.0088235
20,&thorn;&aelig;s,<code>&amp;t;&amp;ae;s</code>,8,0.0078431
20,swi&eth;e,<code>swi&amp;d;e</code>,8,0.0078431
22,cyricean,<code>cyricean</code>,7,0.0068627
23,&aelig;fter,<code>&amp;ae;fter</code>,6,0.0058824
23,hine,<code>hine</code>,6,0.0058824
23,is,<code>is</code>,6,0.0058824
23,rice,<code>rice</code>,6,0.0058824
27,&aelig;r,<code>&amp;ae;r</code>,5,0.0049020
27,&thorn;y,<code>&amp;t;y</code>,5,0.0049020
27,cyrice,<code>cyrice</code>,5,0.0049020
27,for&thorn;on,<code>for&amp;t;on</code>,5,0.0049020
27,fram,<code>fram</code>,5,0.0049020
27,men,<code>men</code>,5,0.0049020
27,seo,<code>seo</code>,5,0.0049020
27,w&aelig;ron,<code>w&amp;ae;ron</code>,5,0.0049020
35,&thorn;urh,<code>&amp;t;urh</code>,4,0.0039216
35,ac,<code>ac</code>,4,0.0039216
35,bisceop,<code>bisceop</code>,4,0.0039216
35,ealande,<code>ealande</code>,4,0.0039216
35,eft,<code>eft</code>,4,0.0039216
35,gelamp,<code>gelamp</code>,4,0.0039216
35,mihte,<code>mihte</code>,4,0.0039216
35,sona,<code>sona</code>,4,0.0039216
35,ylcan,<code>ylcan</code>,4,0.0039216
44,&thorn;one,<code>&amp;t;one</code>,3,0.0029412
44,&thorn;onne,<code>&amp;t;onne</code>,3,0.0029412
44,an,<code>an</code>,3,0.0029412
44,byrig,<code>byrig</code>,3,0.0029412
44,cyninges,<code>cyninges</code>,3,0.0029412
44,eastengla,<code>eastengla</code>,3,0.0029412
44,foresprecenan,<code>foresprecenan</code>,3,0.0029412
44,fyr,<code>fyr</code>,3,0.0029412
44,fyre,<code>fyre</code>,3,0.0029412
44,h&aelig;fde,<code>h&amp;ae;fde</code>,3,0.0029412
44,halga,<code>halga</code>,3,0.0029412
44,healfe,<code>healfe</code>,3,0.0029412
44,hie,<code>hie</code>,3,0.0029412
44,monige,<code>monige</code>,3,0.0029412
44,ne,<code>ne</code>,3,0.0029412
44,of,<code>of</code>,3,0.0029412
44,onfeng,<code>onfeng</code>,3,0.0029412
44,penda,<code>penda</code>,3,0.0029412
44,tid,<code>tid</code>,3,0.0029412
44,wage,<code>wage</code>,3,0.0029412
64,&eth;a,<code>&amp;d;a</code>,2,0.0019608
64,&eth;ysne,<code>&amp;d;ysne</code>,2,0.0019608
64,&thorn;yssum,<code>&amp;t;yssum</code>,2,0.0019608
64,bisceopes,<code>bisceopes</code>,2,0.0019608
64,bysceop,<code>bysceop</code>,2,0.0019608
64,bysceophade,<code>bysceophade</code>,2,0.0019608
64,cyning,<code>cyning</code>,2,0.0019608
64,d&aelig;ge,<code>d&amp;ae;ge</code>,2,0.0019608
64,draf,<code>draf</code>,2,0.0019608
64,eode,<code>eode</code>,2,0.0019608
64,faran,<code>faran</code>,2,0.0019608
64,for,<code>for</code>,2,0.0019608
64,for&eth;ferde,<code>for&amp;d;ferde</code>,2,0.0019608
64,fultum,<code>fultum</code>,2,0.0019608
64,fultume,<code>fultume</code>,2,0.0019608
64,gallia,<code>gallia</code>,2,0.0019608
64,gefeohte,<code>gefeohte</code>,2,0.0019608
64,geleafan,<code>geleafan</code>,2,0.0019608
64,geseah,<code>geseah</code>,2,0.0019608
64,geseted,<code>geseted</code>,2,0.0019608
64,getimbred,<code>getimbred</code>,2,0.0019608
64,god,<code>god</code>,2,0.0019608
64,gode,<code>gode</code>,2,0.0019608
64,godes,<code>godes</code>,2,0.0019608
64,h&aelig;fdon,<code>h&amp;ae;fdon</code>,2,0.0019608
64,heora,<code>heora</code>,2,0.0019608
64,hyra,<code>hyra</code>,2,0.0019608
64,lichaman,<code>lichaman</code>,2,0.0019608
64,mynstre,<code>mynstre</code>,2,0.0019608
64,myrcna,<code>myrcna</code>,2,0.0019608
64,nemned,<code>nemned</code>,2,0.0019608
64,no,<code>no</code>,2,0.0019608
64,o&thorn;rum,<code>o&amp;t;rum</code>,2,0.0019608
64,ofer,<code>ofer</code>,2,0.0019608
64,oft,<code>oft</code>,2,0.0019608
64,setton,<code>setton</code>,2,0.0019608
64,sigebyrht,<code>sigebyrht</code>,2,0.0019608
64,stowe,<code>stowe</code>,2,0.0019608
64,studu,<code>studu</code>,2,0.0019608
64,tun,<code>tun</code>,2,0.0019608
64,tune,<code>tune</code>,2,0.0019608
64,wer,<code>wer</code>,2,0.0019608
64,wind,<code>wind</code>,2,0.0019608
64,wolde,<code>wolde</code>,2,0.0019608
64,wunade,<code>wunade</code>,2,0.0019608
64,wunderlice,<code>wunderlice</code>,2,0.0019608
64,ymb,<code>ymb</code>,2,0.0019608
111,&aelig;&thorn;ele,<code>&amp;ae;&amp;t;ele</code>,1,0.0009804
111,&aelig;&thorn;elne,<code>&amp;ae;&amp;t;elne</code>,1,0.0009804
111,&aelig;ceras,<code>&amp;ae;ceras</code>,1,0.0009804
111,&aelig;f&aelig;st,<code>&amp;ae;f&amp;ae;st</code>,1,0.0009804
111,&aelig;fterhyrgan,<code>&amp;ae;fterhyrgan</code>,1,0.0009804
111,&aelig;t,<code>&amp;ae;t</code>,1,0.0009804
111,&eth;&aelig;t,<code>&amp;d;&amp;ae;t</code>,1,0.0009804
111,&thorn;&aelig;ele,<code>&amp;t;&amp;ae;ele</code>,1,0.0009804
111,&thorn;&aelig;m,<code>&amp;t;&amp;ae;m</code>,1,0.0009804
111,&thorn;&aelig;ra,<code>&amp;t;&amp;ae;ra</code>,1,0.0009804
111,&thorn;anon,<code>&amp;t;anon</code>,1,0.0009804
111,&thorn;ara,<code>&amp;t;ara</code>,1,0.0009804
111,&thorn;as,<code>&amp;t;as</code>,1,0.0009804
111,&thorn;earf,<code>&amp;t;earf</code>,1,0.0009804
111,&thorn;eaw,<code>&amp;t;eaw</code>,1,0.0009804
111,&thorn;eawe,<code>&amp;t;eawe</code>,1,0.0009804
111,&thorn;enedan,<code>&amp;t;enedan</code>,1,0.0009804
111,&thorn;eod,<code>&amp;t;eod</code>,1,0.0009804
111,&thorn;eowa,<code>&amp;t;eowa</code>,1,0.0009804
111,&thorn;eowian,<code>&amp;t;eowian</code>,1,0.0009804
111,&thorn;ider,<code>&amp;t;ider</code>,1,0.0009804
111,&thorn;ing,<code>&amp;t;ing</code>,1,0.0009804
111,&thorn;is,<code>&amp;t;is</code>,1,0.0009804
111,&thorn;on,<code>&amp;t;on</code>,1,0.0009804
111,&thorn;onan,<code>&amp;t;onan</code>,1,0.0009804
111,&thorn;riddan,<code>&amp;t;riddan</code>,1,0.0009804
111,&thorn;yrelo,<code>&amp;t;yrelo</code>,1,0.0009804
111,&thorn;ysse,<code>&amp;t;ysse</code>,1,0.0009804
111,&thorn;ysses,<code>&amp;t;ysses</code>,1,0.0009804
111,abregde,<code>abregde</code>,1,0.0009804
111,acurfan,<code>acurfan</code>,1,0.0009804
111,ad,<code>ad</code>,1,0.0009804
111,ageaf,<code>ageaf</code>,1,0.0009804
111,agene,<code>agene</code>,1,0.0009804
111,agnes,<code>agnes</code>,1,0.0009804
111,ahofe,<code>ahofe</code>,1,0.0009804
111,aidan,<code>aidan</code>,1,0.0009804
111,ancersetle,<code>ancersetle</code>,1,0.0009804
111,andweardan,<code>andweardan</code>,1,0.0009804
111,ane,<code>ane</code>,1,0.0009804
111,anlipie,<code>anlipie</code>,1,0.0009804
111,anna,<code>anna</code>,1,0.0009804
111,annan,<code>annan</code>,1,0.0009804
111,anre,<code>anre</code>,1,0.0009804
111,anum,<code>anum</code>,1,0.0009804
111,apostoles,<code>apostoles</code>,1,0.0009804
111,ar&aelig;red,<code>ar&amp;ae;red</code>,1,0.0009804
111,arwyr&eth;um,<code>arwyr&amp;d;um</code>,1,0.0009804
111,arwyr&thorn;a,<code>arwyr&amp;t;a</code>,1,0.0009804
111,aslogan,<code>aslogan</code>,1,0.0009804
111,b&aelig;don,<code>b&amp;ae;don</code>,1,0.0009804
111,baldran,<code>baldran</code>,1,0.0009804
111,ban,<code>ban</code>,1,0.0009804
111,be,<code>be</code>,1,0.0009804
111,bearn,<code>bearn</code>,1,0.0009804
111,bebyriged,<code>bebyriged</code>,1,0.0009804
111,bec,<code>bec</code>,1,0.0009804
111,bef&aelig;ste,<code>bef&amp;ae;ste</code>,1,0.0009804
111,begangan,<code>begangan</code>,1,0.0009804
111,begongan,<code>begongan</code>,1,0.0009804
111,beon,<code>beon</code>,1,0.0009804
111,bisceophades,<code>bisceophades</code>,1,0.0009804
111,bro&thorn;or,<code>bro&amp;t;or</code>,1,0.0009804
111,bro&thorn;ra,<code>bro&amp;t;ra</code>,1,0.0009804
111,broht,<code>broht</code>,1,0.0009804
111,burgh,<code>burgh</code>,1,0.0009804
111,butan,<code>butan</code>,1,0.0009804
111,buton,<code>buton</code>,1,0.0009804
111,bylde,<code>bylde</code>,1,0.0009804
111,bysceope,<code>bysceope</code>,1,0.0009804
111,calendas,<code>calendas</code>,1,0.0009804
111,campode,<code>campode</code>,1,0.0009804
111,cantwara,<code>cantwara</code>,1,0.0009804
111,ceastre,<code>ceastre</code>,1,0.0009804
111,cent,<code>cent</code>,1,0.0009804
111,cining,<code>cining</code>,1,0.0009804
111,cleopode,<code>cleopode</code>,1,0.0009804
111,cnihtas,<code>cnihtas</code>,1,0.0009804
111,com,<code>com</code>,1,0.0009804
111,cu&eth;,<code>cu&amp;d;</code>,1,0.0009804
111,cw&aelig;&thorn;,<code>cw&amp;ae;&amp;t;</code>,1,0.0009804
111,cw&aelig;de,<code>cw&amp;ae;de</code>,1,0.0009804
111,cynecynnes,<code>cynecynnes</code>,1,0.0009804
111,cynincg,<code>cynincg</code>,1,0.0009804
111,cyninge,<code>cyninge</code>,1,0.0009804
111,cyrican,<code>cyrican</code>,1,0.0009804
111,d&aelig;g,<code>d&amp;ae;g</code>,1,0.0009804
111,d&aelig;l,<code>d&amp;ae;l</code>,1,0.0009804
111,dea&eth;,<code>dea&amp;d;</code>,1,0.0009804
111,digolnesse,<code>digolnesse</code>,1,0.0009804
111,donne,<code>donne</code>,1,0.0009804
111,dorstan,<code>dorstan</code>,1,0.0009804
111,dryhten,<code>dryhten</code>,1,0.0009804
111,dyde,<code>dyde</code>,1,0.0009804
111,dydon,<code>dydon</code>,1,0.0009804
111,e&thorn;ele,<code>e&amp;t;ele</code>,1,0.0009804
111,ea&eth;e,<code>ea&amp;d;e</code>,1,0.0009804
111,eadigan,<code>eadigan</code>,1,0.0009804
111,eagan,<code>eagan</code>,1,0.0009804
111,eal,<code>eal</code>,1,0.0009804
111,eall,<code>eall</code>,1,0.0009804
111,ealle,<code>ealle</code>,1,0.0009804
111,eallre,<code>eallre</code>,1,0.0009804
111,ealonde,<code>ealonde</code>,1,0.0009804
111,eastengle,<code>eastengle</code>,1,0.0009804
111,eastenglum,<code>eastenglum</code>,1,0.0009804
111,ecan,<code>ecan</code>,1,0.0009804
111,ecgrice,<code>ecgrice</code>,1,0.0009804
111,enes,<code>enes</code>,1,0.0009804
111,eoferan,<code>eoferan</code>,1,0.0009804
111,eor&eth;lice,<code>eor&amp;d;lice</code>,1,0.0009804
111,eorpwalde,<code>eorpwalde</code>,1,0.0009804
111,f&aelig;ce,<code>f&amp;ae;ce</code>,1,0.0009804
111,f&aelig;st,<code>f&amp;ae;st</code>,1,0.0009804
111,farene,<code>farene</code>,1,0.0009804
111,felices,<code>felices</code>,1,0.0009804
111,feng,<code>feng</code>,1,0.0009804
111,feohtan,<code>feohtan</code>,1,0.0009804
111,feondscypas,<code>feondscypas</code>,1,0.0009804
111,feondum,<code>feondum</code>,1,0.0009804
111,feor,<code>feor</code>,1,0.0009804
111,feower,<code>feower</code>,1,0.0009804
111,finan,<code>finan</code>,1,0.0009804
111,fleam,<code>fleam</code>,1,0.0009804
111,fleonde,<code>fleonde</code>,1,0.0009804
111,forb&aelig;rned,<code>forb&amp;ae;rned</code>,1,0.0009804
111,forbarn,<code>forbarn</code>,1,0.0009804
111,forburnen,<code>forburnen</code>,1,0.0009804
111,fore,<code>fore</code>,1,0.0009804
111,foresprecena,<code>foresprecena</code>,1,0.0009804
111,foresprecene,<code>foresprecene</code>,1,0.0009804
111,forlet,<code>forlet</code>,1,0.0009804
111,forspilde,<code>forspilde</code>,1,0.0009804
111,fulwihte,<code>fulwihte</code>,1,0.0009804
111,fylgde,<code>fylgde</code>,1,0.0009804
111,fynd,<code>fynd</code>,1,0.0009804
111,fyrstmearc,<code>fyrstmearc</code>,1,0.0009804
111,gast,<code>gast</code>,1,0.0009804
111,ge&thorn;ywe,<code>ge&amp;t;ywe</code>,1,0.0009804
111,gear,<code>gear</code>,1,0.0009804
111,geara,<code>geara</code>,1,0.0009804
111,geare,<code>geare</code>,1,0.0009804
111,gearum,<code>gearum</code>,1,0.0009804
111,gebedu,<code>gebedu</code>,1,0.0009804
111,gecwedenum,<code>gecwedenum</code>,1,0.0009804
111,gederede,<code>gederede</code>,1,0.0009804
111,gef&aelig;stnad,<code>gef&amp;ae;stnad</code>,1,0.0009804
111,gefeohtan,<code>gefeohtan</code>,1,0.0009804
111,gefor,<code>gefor</code>,1,0.0009804
111,geh&aelig;lde,<code>geh&amp;ae;lde</code>,1,0.0009804
111,gehalgad,<code>gehalgad</code>,1,0.0009804
111,gehates,<code>gehates</code>,1,0.0009804
111,gehealdene,<code>gehealdene</code>,1,0.0009804
111,gehet,<code>gehet</code>,1,0.0009804
111,gehrinan,<code>gehrinan</code>,1,0.0009804
111,gehrinen,<code>gehrinen</code>,1,0.0009804
111,gehwylce,<code>gehwylce</code>,1,0.0009804
111,gel&aelig;ded,<code>gel&amp;ae;ded</code>,1,0.0009804
111,gemete,<code>gemete</code>,1,0.0009804
111,gemynde,<code>gemynde</code>,1,0.0009804
111,gemyndig,<code>gemyndig</code>,1,0.0009804
111,ger&aelig;cean,<code>ger&amp;ae;cean</code>,1,0.0009804
111,geras,<code>geras</code>,1,0.0009804
111,gerestan,<code>gerestan</code>,1,0.0009804
111,gerisenlice,<code>gerisenlice</code>,1,0.0009804
111,gesawun,<code>gesawun</code>,1,0.0009804
111,geseoh,<code>geseoh</code>,1,0.0009804
111,gesette,<code>gesette</code>,1,0.0009804
111,gesetton,<code>gesetton</code>,1,0.0009804
111,gesohte,<code>gesohte</code>,1,0.0009804
111,gestrynde,<code>gestrynde</code>,1,0.0009804
111,geteld,<code>geteld</code>,1,0.0009804
111,getimbre,<code>getimbre</code>,1,0.0009804
111,getimbrode,<code>getimbrode</code>,1,0.0009804
111,gewunade,<code>gewunade</code>,1,0.0009804
111,git,<code>git</code>,1,0.0009804
111,godne,<code>godne</code>,1,0.0009804
111,gymelyste,<code>gymelyste</code>,1,0.0009804
111,gyrde,<code>gyrde</code>,1,0.0009804
111,gyt,<code>gyt</code>,1,0.0009804
111,h&aelig;&thorn;enum,<code>h&amp;ae;&amp;t;enum</code>,1,0.0009804
111,h&aelig;lo,<code>h&amp;ae;lo</code>,1,0.0009804
111,halgan,<code>halgan</code>,1,0.0009804
111,hand,<code>hand</code>,1,0.0009804
111,handa,<code>handa</code>,1,0.0009804
111,heo,<code>heo</code>,1,0.0009804
111,heofonlice,<code>heofonlice</code>,1,0.0009804
111,heofonum,<code>heofonum</code>,1,0.0009804
111,heold,<code>heold</code>,1,0.0009804
111,herige,<code>herige</code>,1,0.0009804
111,heriges,<code>heriges</code>,1,0.0009804
111,hii,<code>hii</code>,1,0.0009804
111,hiora,<code>hiora</code>,1,0.0009804
111,hliniende,<code>hliniende</code>,1,0.0009804
111,hogodon,<code>hogodon</code>,1,0.0009804
111,hu,<code>hu</code>,1,0.0009804
111,hwearf,<code>hwearf</code>,1,0.0009804
111,hwylcum,<code>hwylcum</code>,1,0.0009804
111,hyne,<code>hyne</code>,1,0.0009804
111,in,<code>in</code>,1,0.0009804
111,inne,<code>inne</code>,1,0.0009804
111,innon,<code>innon</code>,1,0.0009804
111,l&aelig;ddon,<code>l&amp;ae;ddon</code>,1,0.0009804
111,l&aelig;ran,<code>l&amp;ae;ran</code>,1,0.0009804
111,l&aelig;ranne,<code>l&amp;ae;ranne</code>,1,0.0009804
111,l&aelig;s,<code>l&amp;ae;s</code>,1,0.0009804
111,l&aelig;ssan,<code>l&amp;ae;ssan</code>,1,0.0009804
111,la&eth;e,<code>la&amp;d;e</code>,1,0.0009804
111,lareowas,<code>lareowas</code>,1,0.0009804
111,leg,<code>leg</code>,1,0.0009804
111,let,<code>let</code>,1,0.0009804
111,lichama,<code>lichama</code>,1,0.0009804
111,lictune,<code>lictune</code>,1,0.0009804
111,lifes,<code>lifes</code>,1,0.0009804
111,lindesfarenensis,<code>lindesfarenensis</code>,1,0.0009804
111,longe,<code>longe</code>,1,0.0009804
111,lufode,<code>lufode</code>,1,0.0009804
111,lyste,<code>lyste</code>,1,0.0009804
111,m&aelig;ge,<code>m&amp;ae;ge</code>,1,0.0009804
111,man,<code>man</code>,1,0.0009804
111,mare,<code>mare</code>,1,0.0009804
111,mercna,<code>mercna</code>,1,0.0009804
111,micel,<code>micel</code>,1,0.0009804
111,miclum,<code>miclum</code>,1,0.0009804
111,milum,<code>milum</code>,1,0.0009804
111,monegu,<code>monegu</code>,1,0.0009804
111,monegum,<code>monegum</code>,1,0.0009804
111,monn,<code>monn</code>,1,0.0009804
111,mycel,<code>mycel</code>,1,0.0009804
111,mynster,<code>mynster</code>,1,0.0009804
111,n&aelig;gla,<code>n&amp;ae;gla</code>,1,0.0009804
111,nam,<code>nam</code>,1,0.0009804
111,namon,<code>namon</code>,1,0.0009804
111,nawiht,<code>nawiht</code>,1,0.0009804
111,neadinga,<code>neadinga</code>,1,0.0009804
111,nehstan,<code>nehstan</code>,1,0.0009804
111,noht,<code>noht</code>,1,0.0009804
111,nolde,<code>nolde</code>,1,0.0009804
111,noman,<code>noman</code>,1,0.0009804
111,none,<code>none</code>,1,0.0009804
111,nowiht,<code>nowiht</code>,1,0.0009804
111,nydde,<code>nydde</code>,1,0.0009804
111,nyman,<code>nyman</code>,1,0.0009804
111,o&eth;,<code>o&amp;d;</code>,1,0.0009804
111,ofslagen,<code>ofslagen</code>,1,0.0009804
111,ofslegen,<code>ofslegen</code>,1,0.0009804
111,ofslogh,<code>ofslogh</code>,1,0.0009804
111,onb&aelig;rndon,<code>onb&amp;ae;rndon</code>,1,0.0009804
111,onb&aelig;rned,<code>onb&amp;ae;rned</code>,1,0.0009804
111,oncnawenum,<code>oncnawenum</code>,1,0.0009804
111,oncneowon,<code>oncneowon</code>,1,0.0009804
111,ondlang,<code>ondlang</code>,1,0.0009804
111,onhran,<code>onhran</code>,1,0.0009804
111,onhylde,<code>onhylde</code>,1,0.0009804
111,onwearp,<code>onwearp</code>,1,0.0009804
111,pendan,<code>pendan</code>,1,0.0009804
111,petres,<code>petres</code>,1,0.0009804
111,r&aelig;dwaldes,<code>r&amp;ae;dwaldes</code>,1,0.0009804
111,r&aelig;dwealdes,<code>r&amp;ae;dwealdes</code>,1,0.0009804
111,resthus,<code>resthus</code>,1,0.0009804
111,rices,<code>rices</code>,1,0.0009804
111,rihtan,<code>rihtan</code>,1,0.0009804
111,rihtne,<code>rihtne</code>,1,0.0009804
111,s,<code>s</code>,1,0.0009804
111,s&aelig;d,<code>s&amp;ae;d</code>,1,0.0009804
111,sancte,<code>sancte</code>,1,0.0009804
111,sceare,<code>sceare</code>,1,0.0009804
111,sceolde,<code>sceolde</code>,1,0.0009804
111,scofan,<code>scofan</code>,1,0.0009804
111,scole,<code>scole</code>,1,0.0009804
111,scotta,<code>scotta</code>,1,0.0009804
111,scylde,<code>scylde</code>,1,0.0009804
111,secgean,<code>secgean</code>,1,0.0009804
111,seocum,<code>seocum</code>,1,0.0009804
111,seofonteoge&thorn;on,<code>seofonteoge&amp;t;on</code>,1,0.0009804
111,septembris,<code>septembris</code>,1,0.0009804
111,sette,<code>sette</code>,1,0.0009804
111,si&eth;e,<code>si&amp;d;e</code>,1,0.0009804
111,sigebirht,<code>sigebirht</code>,1,0.0009804
111,sigebyrhte,<code>sigebyrhte</code>,1,0.0009804
111,smic,<code>smic</code>,1,0.0009804
111,sprytlan,<code>sprytlan</code>,1,0.0009804
111,stod,<code>stod</code>,1,0.0009804
111,stu&eth;e,<code>stu&amp;d;e</code>,1,0.0009804
111,studa,<code>studa</code>,1,0.0009804
111,stude,<code>stude</code>,1,0.0009804
111,styde,<code>styde</code>,1,0.0009804
111,sum,<code>sum</code>,1,0.0009804
111,sume,<code>sume</code>,1,0.0009804
111,sumne,<code>sumne</code>,1,0.0009804
111,sunu,<code>sunu</code>,1,0.0009804
111,swi&eth;ran,<code>swi&amp;d;ran</code>,1,0.0009804
111,swilce,<code>swilce</code>,1,0.0009804
111,swylce,<code>swylce</code>,1,0.0009804
111,sy&eth;&eth;an,<code>sy&amp;d;&amp;d;an</code>,1,0.0009804
111,sylf,<code>sylf</code>,1,0.0009804
111,symble,<code>symble</code>,1,0.0009804
111,tearum,<code>tearum</code>,1,0.0009804
111,todr&aelig;fed,<code>todr&amp;ae;fed</code>,1,0.0009804
111,trymede,<code>trymede</code>,1,0.0009804
111,trymmanne,<code>trymmanne</code>,1,0.0009804
111,twam,<code>twam</code>,1,0.0009804
111,unforhtran,<code>unforhtran</code>,1,0.0009804
111,upp,<code>upp</code>,1,0.0009804
111,utan,<code>utan</code>,1,0.0009804
111,uton,<code>uton</code>,1,0.0009804
111,w&aelig;pnum,<code>w&amp;ae;pnum</code>,1,0.0009804
111,w&aelig;ter,<code>w&amp;ae;ter</code>,1,0.0009804
111,we,<code>we</code>,1,0.0009804
111,weallas,<code>weallas</code>,1,0.0009804
111,wel,<code>wel</code>,1,0.0009804
111,west,<code>west</code>,1,0.0009804
111,wi&eth;,<code>wi&amp;d;</code>,1,0.0009804
111,wi&eth;soc,<code>wi&amp;d;soc</code>,1,0.0009804
111,wibedes,<code>wibedes</code>,1,0.0009804
111,willa&eth;,<code>willa&amp;d;</code>,1,0.0009804
111,wilnode,<code>wilnode</code>,1,0.0009804
111,wordum,<code>wordum</code>,1,0.0009804
111,wr&aelig;&eth;stu&eth;u,<code>wr&amp;ae;&amp;d;stu&amp;d;u</code>,1,0.0009804
111,wr&aelig;&eth;studu,<code>wr&amp;ae;&amp;d;studu</code>,1,0.0009804
111,wra&thorn;e,<code>wra&amp;t;e</code>,1,0.0009804
111,wracade,<code>wracade</code>,1,0.0009804
111,wre&thorn;e,<code>wre&amp;t;e</code>,1,0.0009804
111,wundre,<code>wundre</code>,1,0.0009804
111,wundres,<code>wundres</code>,1,0.0009804
111,wunode,<code>wunode</code>,1,0.0009804
111,wyrce&eth;,<code>wyrce&amp;d;</code>,1,0.0009804
111,yfel,<code>yfel</code>,1,0.0009804
111,ylca,<code>ylca</code>,1,0.0009804
111,ymbhringed,<code>ymbhringed</code>,1,0.0009804
111,ymbutan,<code>ymbutan</code>,1,0.0009804
111,ytemestan,<code>ytemestan</code>,1,0.0009804
