B_Prose,B09,B09.007.004_Alc__Warn_35__T06940.txt,1327,838,5546
RANK,HTML WORD,RAW WORD,COUNT,RELATIVE FREQUENCY
1,he,<code>he</code>,170,0.0306527
2,&amp;,<code>&amp;amp;</code>,165,0.0297512
3,se,<code>se</code>,147,0.0265056
4,&thorn;&aelig;t,<code>&amp;t;&amp;ae;t</code>,146,0.0263253
5,&thorn;e,<code>&amp;t;e</code>,142,0.0256040
6,on,<code>on</code>,113,0.0203750
7,&thorn;an,<code>&amp;t;an</code>,108,0.0194735
8,&thorn;a,<code>&amp;t;a</code>,93,0.0167688
9,to,<code>to</code>,90,0.0162279
10,by&eth;,<code>by&amp;d;</code>,89,0.0160476
11,ne,<code>ne</code>,86,0.0155067
12,is,<code>is</code>,84,0.0151461
13,swa,<code>swa</code>,81,0.0146051
14,seo,<code>seo</code>,76,0.0137036
15,&thorn;&aelig;re,<code>&amp;t;&amp;ae;re</code>,69,0.0124414
16,gode,<code>gode</code>,63,0.0113595
17,god,<code>god</code>,58,0.0104580
18,heo,<code>heo</code>,57,0.0102777
18,his,<code>his</code>,57,0.0102777
20,for,<code>for</code>,56,0.0100974
21,&thorn;u,<code>&amp;t;u</code>,55,0.0099171
22,we,<code>we</code>,52,0.0093761
23,cw&aelig;&eth;,<code>cw&amp;ae;&amp;d;</code>,45,0.0081140
23,mid,<code>mid</code>,45,0.0081140
25,&thorn;onne,<code>&amp;t;onne</code>,41,0.0073927
26,godes,<code>godes</code>,40,0.0072124
27,him,<code>him</code>,39,0.0070321
28,swy&eth;e,<code>swy&amp;d;e</code>,35,0.0063109
29,&thorn;urh,<code>&amp;t;urh</code>,34,0.0061305
30,&thorn;&aelig;s,<code>&amp;t;&amp;ae;s</code>,32,0.0057699
31,eft,<code>eft</code>,31,0.0055896
31,gyf,<code>gyf</code>,31,0.0055896
33,&thorn;one,<code>&amp;t;one</code>,30,0.0054093
33,hine,<code>hine</code>,30,0.0054093
35,ac,<code>ac</code>,29,0.0052290
35,eac,<code>eac</code>,29,0.0052290
35,us,<code>us</code>,29,0.0052290
38,synnen,<code>synnen</code>,28,0.0050487
39,beo,<code>beo</code>,27,0.0048684
39,m&aelig;ig,<code>m&amp;ae;ig</code>,27,0.0048684
41,man,<code>man</code>,25,0.0045078
41,mann,<code>mann</code>,25,0.0045078
41,nu,<code>nu</code>,25,0.0045078
41,ure,<code>ure</code>,25,0.0045078
45,fram,<code>fram</code>,24,0.0043274
45,mildheortnysse,<code>mildheortnysse</code>,24,0.0043274
47,hit,<code>hit</code>,23,0.0041471
48,d&aelig;dbote,<code>d&amp;ae;dbote</code>,21,0.0037865
48,ic,<code>ic</code>,21,0.0037865
48,na,<code>na</code>,21,0.0037865
51,lufe,<code>lufe</code>,18,0.0032456
51,of,<code>of</code>,18,0.0032456
53,&aelig;lc,<code>&amp;ae;lc</code>,17,0.0030653
53,wi&eth;,<code>wi&amp;d;</code>,17,0.0030653
55,beforen,<code>beforen</code>,16,0.0028850
55,beon,<code>beon</code>,16,0.0028850
55,de,<code>de</code>,16,0.0028850
55,eadmodnysse,<code>eadmodnysse</code>,16,0.0028850
55,heora,<code>heora</code>,16,0.0028850
55,synne,<code>synne</code>,16,0.0028850
61,h&aelig;le,<code>h&amp;ae;le</code>,15,0.0027047
61,mannen,<code>mannen</code>,15,0.0027047
61,so&eth;e,<code>so&amp;d;e</code>,15,0.0027047
61,so&eth;lice,<code>so&amp;d;lice</code>,15,0.0027047
65,sceal,<code>sceal</code>,14,0.0025243
66,ege,<code>ege</code>,13,0.0023440
66,sawle,<code>sawle</code>,13,0.0023440
68,&thorn;&aelig;r,<code>&amp;t;&amp;ae;r</code>,12,0.0021637
68,mannes,<code>mannes</code>,12,0.0021637
68,ondr&aelig;de&eth;,<code>ondr&amp;ae;de&amp;d;</code>,12,0.0021637
71,eow,<code>eow</code>,11,0.0019834
71,heom,<code>heom</code>,11,0.0019834
71,m&aelig;n,<code>m&amp;ae;n</code>,11,0.0019834
71,sylfne,<code>sylfne</code>,11,0.0019834
75,andetnysse,<code>andetnysse</code>,10,0.0018031
75,bute,<code>bute</code>,10,0.0018031
75,drihten,<code>drihten</code>,10,0.0018031
75,eower,<code>eower</code>,10,0.0018031
75,heorte,<code>heorte</code>,10,0.0018031
75,m&aelig;nn,<code>m&amp;ae;nn</code>,10,0.0018031
75,sibbe,<code>sibbe</code>,10,0.0018031
75,weorc,<code>weorc</code>,10,0.0018031
75,weorcan,<code>weorcan</code>,10,0.0018031
84,bebodan,<code>bebodan</code>,9,0.0016228
84,buten,<code>buten</code>,9,0.0016228
84,eallen,<code>eallen</code>,9,0.0016228
84,ge,<code>ge</code>,9,0.0016228
84,min,<code>min</code>,9,0.0016228
84,mine,<code>mine</code>,9,0.0016228
84,muge,<code>muge</code>,9,0.0016228
84,o&eth;re,<code>o&amp;d;re</code>,9,0.0016228
84,sibb,<code>sibb</code>,9,0.0016228
84,simle,<code>simle</code>,9,0.0016228
84,so&eth;f&aelig;stnysse,<code>so&amp;d;f&amp;ae;stnysse</code>,9,0.0016228
84,yfele,<code>yfele</code>,9,0.0016228
96,&aelig;fter,<code>&amp;ae;fter</code>,8,0.0014425
96,&aelig;r,<code>&amp;ae;r</code>,8,0.0014425
96,&aelig;t,<code>&amp;ae;t</code>,8,0.0014425
96,&thorn;eh,<code>&amp;t;eh</code>,8,0.0014425
96,&thorn;inre,<code>&amp;t;inre</code>,8,0.0014425
96,&thorn;uss,<code>&amp;t;uss</code>,8,0.0014425
96,forgyfen,<code>forgyfen</code>,8,0.0014425
96,forgyfonysse,<code>forgyfonysse</code>,8,0.0014425
96,ge&eth;yld,<code>ge&amp;d;yld</code>,8,0.0014425
96,geleafe,<code>geleafe</code>,8,0.0014425
96,me,<code>me</code>,8,0.0014425
96,nane,<code>nane</code>,8,0.0014425
96,wurlde,<code>wurlde</code>,8,0.0014425
96,yfel,<code>yfel</code>,8,0.0014425
110,&aelig;rest,<code>&amp;ae;rest</code>,7,0.0012622
110,do,<code>do</code>,7,0.0012622
110,ecen,<code>ecen</code>,7,0.0012622
110,f&aelig;sten,<code>f&amp;ae;sten</code>,7,0.0012622
110,forgyfenysse,<code>forgyfenysse</code>,7,0.0012622
110,halge,<code>halge</code>,7,0.0012622
110,hwa,<code>hwa</code>,7,0.0012622
110,hwan,<code>hwan</code>,7,0.0012622
110,lif,<code>lif</code>,7,0.0012622
110,mugen,<code>mugen</code>,7,0.0012622
110,nan,<code>nan</code>,7,0.0012622
110,ofer,<code>ofer</code>,7,0.0012622
110,sculen,<code>sculen</code>,7,0.0012622
110,sylfen,<code>sylfen</code>,7,0.0012622
110,word,<code>word</code>,7,0.0012622
110,wyle,<code>wyle</code>,7,0.0012622
126,ahafen,<code>ahafen</code>,6,0.0010819
126,bearn,<code>bearn</code>,6,0.0010819
126,do&eth;,<code>do&amp;d;</code>,6,0.0010819
126,eadige,<code>eadige</code>,6,0.0010819
126,gea,<code>gea</code>,6,0.0010819
126,gebeden,<code>gebeden</code>,6,0.0010819
126,godspelle,<code>godspelle</code>,6,0.0010819
126,hwile,<code>hwile</code>,6,0.0010819
126,hwu,<code>hwu</code>,6,0.0010819
126,hwylc,<code>hwylc</code>,6,0.0010819
126,m&aelig;ign,<code>m&amp;ae;ign</code>,6,0.0010819
126,o&eth;er,<code>o&amp;d;er</code>,6,0.0010819
126,sylf,<code>sylf</code>,6,0.0010819
126,synden,<code>synden</code>,6,0.0010819
126,synfulle,<code>synfulle</code>,6,0.0010819
126,ut,<code>ut</code>,6,0.0010819
126,wisedom,<code>wisedom</code>,6,0.0010819
126,wite,<code>wite</code>,6,0.0010819
144,&thorn;yssen,<code>&amp;t;yssen</code>,5,0.0009016
144,apostel,<code>apostel</code>,5,0.0009016
144,beboden,<code>beboden</code>,5,0.0009016
144,betwux,<code>betwux</code>,5,0.0009016
144,costnunge,<code>costnunge</code>,5,0.0009016
144,d&aelig;ige,<code>d&amp;ae;ige</code>,5,0.0009016
144,deme,<code>deme</code>,5,0.0009016
144,don,<code>don</code>,5,0.0009016
144,eadig,<code>eadig</code>,5,0.0009016
144,eall,<code>eall</code>,5,0.0009016
144,ealle,<code>ealle</code>,5,0.0009016
144,gecerre,<code>gecerre</code>,5,0.0009016
144,geleafen,<code>geleafen</code>,5,0.0009016
144,gewriten,<code>gewriten</code>,5,0.0009016
144,habbe&eth;,<code>habbe&amp;d;</code>,5,0.0009016
144,heofone,<code>heofone</code>,5,0.0009016
144,heorta,<code>heorta</code>,5,0.0009016
144,hire,<code>hire</code>,5,0.0009016
144,hw&aelig;t,<code>hw&amp;ae;t</code>,5,0.0009016
144,leofe&eth;,<code>leofe&amp;d;</code>,5,0.0009016
144,mode,<code>mode</code>,5,0.0009016
144,nele,<code>nele</code>,5,0.0009016
144,o&eth;&eth;e,<code>o&amp;d;&amp;d;e</code>,5,0.0009016
144,oft,<code>oft</code>,5,0.0009016
144,seon,<code>seon</code>,5,0.0009016
144,stowe,<code>stowe</code>,5,0.0009016
144,upp,<code>upp</code>,5,0.0009016
144,wel,<code>wel</code>,5,0.0009016
172,&thorn;inen,<code>&amp;t;inen</code>,4,0.0007212
172,&thorn;iss,<code>&amp;t;iss</code>,4,0.0007212
172,&thorn;ysser,<code>&amp;t;ysser</code>,4,0.0007212
172,cum&eth;,<code>cum&amp;d;</code>,4,0.0007212
172,de&eth;,<code>de&amp;d;</code>,4,0.0007212
172,ecere,<code>ecere</code>,4,0.0007212
172,ecnysse,<code>ecnysse</code>,4,0.0007212
172,f&aelig;der,<code>f&amp;ae;der</code>,4,0.0007212
172,forgyfe,<code>forgyfe</code>,4,0.0007212
172,forl&aelig;te,<code>forl&amp;ae;te</code>,4,0.0007212
172,ge&eth;yldelice,<code>ge&amp;d;yldelice</code>,4,0.0007212
172,gewrit,<code>gewrit</code>,4,0.0007212
172,gyfe,<code>gyfe</code>,4,0.0007212
172,h&aelig;lend,<code>h&amp;ae;lend</code>,4,0.0007212
172,habben,<code>habben</code>,4,0.0007212
172,halige,<code>halige</code>,4,0.0007212
172,haligre,<code>haligre</code>,4,0.0007212
172,healde&eth;,<code>healde&amp;d;</code>,4,0.0007212
172,help&eth;,<code>help&amp;d;</code>,4,0.0007212
172,her,<code>her</code>,4,0.0007212
172,hyht,<code>hyht</code>,4,0.0007212
172,life,<code>life</code>,4,0.0007212
172,mod,<code>mod</code>,4,0.0007212
172,mycel,<code>mycel</code>,4,0.0007212
172,mycele,<code>mycele</code>,4,0.0007212
172,onbrerdnysse,<code>onbrerdnysse</code>,4,0.0007212
172,onfoh&eth;,<code>onfoh&amp;d;</code>,4,0.0007212
172,r&aelig;ding,<code>r&amp;ae;ding</code>,4,0.0007212
172,sawlen,<code>sawlen</code>,4,0.0007212
172,so&eth;en,<code>so&amp;d;en</code>,4,0.0007212
172,sone,<code>sone</code>,4,0.0007212
172,sy&eth;&eth;en,<code>sy&amp;d;&amp;d;en</code>,4,0.0007212
172,synegie&eth;,<code>synegie&amp;d;</code>,4,0.0007212
172,synna,<code>synna</code>,4,0.0007212
172,up,<code>up</code>,4,0.0007212
172,wenen,<code>wenen</code>,4,0.0007212
172,witega,<code>witega</code>,4,0.0007212
172,witodlice,<code>witodlice</code>,4,0.0007212
172,wune&eth;,<code>wune&amp;d;</code>,4,0.0007212
172,wylt,<code>wylt</code>,4,0.0007212
212,&aelig;lcen,<code>&amp;ae;lcen</code>,3,0.0005409
212,&aelig;nig,<code>&amp;ae;nig</code>,3,0.0005409
212,&thorn;eos,<code>&amp;t;eos</code>,3,0.0005409
212,&thorn;ine,<code>&amp;t;ine</code>,3,0.0005409
212,&thorn;ingen,<code>&amp;t;ingen</code>,3,0.0005409
212,&thorn;ysses,<code>&amp;t;ysses</code>,3,0.0005409
212,adrif&eth;,<code>adrif&amp;d;</code>,3,0.0005409
212,agene,<code>agene</code>,3,0.0005409
212,andweardnysse,<code>andweardnysse</code>,3,0.0005409
212,ane,<code>ane</code>,3,0.0005409
212,apostol,<code>apostol</code>,3,0.0005409
212,becum&eth;,<code>becum&amp;d;</code>,3,0.0005409
212,becume&eth;,<code>becume&amp;d;</code>,3,0.0005409
212,becumen,<code>becumen</code>,3,0.0005409
212,bewepe&eth;,<code>bewepe&amp;d;</code>,3,0.0005409
212,cras,<code>cras</code>,3,0.0005409
212,cume&eth;,<code>cume&amp;d;</code>,3,0.0005409
212,cwe&eth;e,<code>cwe&amp;d;e</code>,3,0.0005409
212,dea&eth;e,<code>dea&amp;d;e</code>,3,0.0005409
212,deofles,<code>deofles</code>,3,0.0005409
212,drihtenes,<code>drihtenes</code>,3,0.0005409
212,eadmod,<code>eadmod</code>,3,0.0005409
212,eagen,<code>eagen</code>,3,0.0005409
212,eallre,<code>eallre</code>,3,0.0005409
212,eam,<code>eam</code>,3,0.0005409
212,ece,<code>ece</code>,3,0.0005409
212,elca,<code>elca</code>,3,0.0005409
212,elca&eth;,<code>elca&amp;d;</code>,3,0.0005409
212,forgyfe&eth;,<code>forgyfe&amp;d;</code>,3,0.0005409
212,gaste,<code>gaste</code>,3,0.0005409
212,gastlice,<code>gastlice</code>,3,0.0005409
212,gecerr,<code>gecerr</code>,3,0.0005409
212,gecerran,<code>gecerran</code>,3,0.0005409
212,gecwe&eth;en,<code>gecwe&amp;d;en</code>,3,0.0005409
212,gehere&eth;,<code>gehere&amp;d;</code>,3,0.0005409
212,gelic,<code>gelic</code>,3,0.0005409
212,gelice,<code>gelice</code>,3,0.0005409
212,gemete&eth;,<code>gemete&amp;d;</code>,3,0.0005409
212,geworhte,<code>geworhte</code>,3,0.0005409
212,godcundan,<code>godcundan</code>,3,0.0005409
212,godcundnysse,<code>godcundnysse</code>,3,0.0005409
212,goden,<code>goden</code>,3,0.0005409
212,halgen,<code>halgen</code>,3,0.0005409
212,hege,<code>hege</code>,3,0.0005409
212,heofonlice,<code>heofonlice</code>,3,0.0005409
212,heortan,<code>heortan</code>,3,0.0005409
212,hw&aelig;nne,<code>hw&amp;ae;nne</code>,3,0.0005409
212,hwyder,<code>hwyder</code>,3,0.0005409
212,hwylcen,<code>hwylcen</code>,3,0.0005409
212,johannes,<code>johannes</code>,3,0.0005409
212,l&aelig;ste,<code>l&amp;ae;ste</code>,3,0.0005409
212,lare,<code>lare</code>,3,0.0005409
212,lichame,<code>lichame</code>,3,0.0005409
212,lifes,<code>lifes</code>,3,0.0005409
212,manna,<code>manna</code>,3,0.0005409
212,meten,<code>meten</code>,3,0.0005409
212,mildheortlice,<code>mildheortlice</code>,3,0.0005409
212,modes,<code>modes</code>,3,0.0005409
212,nanre,<code>nanre</code>,3,0.0005409
212,nextan,<code>nextan</code>,3,0.0005409
212,nexte,<code>nexte</code>,3,0.0005409
212,nis,<code>nis</code>,3,0.0005409
212,oncnawen,<code>oncnawen</code>,3,0.0005409
212,oncnawenysse,<code>oncnawenysse</code>,3,0.0005409
212,ondetnysse,<code>ondetnysse</code>,3,0.0005409
212,ondette,<code>ondette</code>,3,0.0005409
212,ra&eth;e,<code>ra&amp;d;e</code>,3,0.0005409
212,rihten,<code>rihten</code>,3,0.0005409
212,rihtlice,<code>rihtlice</code>,3,0.0005409
212,scealt,<code>scealt</code>,3,0.0005409
212,sume,<code>sume</code>,3,0.0005409
212,swelte&eth;,<code>swelte&amp;d;</code>,3,0.0005409
212,swy&eth;er,<code>swy&amp;d;er</code>,3,0.0005409
212,teares,<code>teares</code>,3,0.0005409
212,teona,<code>teona</code>,3,0.0005409
212,tid,<code>tid</code>,3,0.0005409
212,tide,<code>tide</code>,3,0.0005409
212,towearde,<code>towearde</code>,3,0.0005409
212,tweone,<code>tweone</code>,3,0.0005409
212,unrihte,<code>unrihte</code>,3,0.0005409
212,w&aelig;re,<code>w&amp;ae;re</code>,3,0.0005409
212,w&aelig;s,<code>w&amp;ae;s</code>,3,0.0005409
212,wyte,<code>wyte</code>,3,0.0005409
295,&aelig;,<code>&amp;ae;</code>,2,0.0003606
295,&aelig;ig&eth;er,<code>&amp;ae;ig&amp;d;er</code>,2,0.0003606
295,&aelig;lces,<code>&amp;ae;lces</code>,2,0.0003606
295,&aelig;lmessen,<code>&amp;ae;lmessen</code>,2,0.0003606
295,&aelig;teowde,<code>&amp;ae;teowde</code>,2,0.0003606
295,&thorn;&aelig;nce,<code>&amp;t;&amp;ae;nce</code>,2,0.0003606
295,&thorn;as,<code>&amp;t;as</code>,2,0.0003606
295,&thorn;in,<code>&amp;t;in</code>,2,0.0003606
295,&thorn;inne,<code>&amp;t;inne</code>,2,0.0003606
295,&thorn;r&aelig;ste&eth;,<code>&amp;t;r&amp;ae;ste&amp;d;</code>,2,0.0003606
295,&thorn;reo,<code>&amp;t;reo</code>,2,0.0003606
295,abelge&eth;,<code>abelge&amp;d;</code>,2,0.0003606
295,agena,<code>agena</code>,2,0.0003606
295,agyllte&eth;,<code>agyllte&amp;d;</code>,2,0.0003606
295,agylte&eth;,<code>agylte&amp;d;</code>,2,0.0003606
295,andette&eth;,<code>andette&amp;d;</code>,2,0.0003606
295,andetten,<code>andetten</code>,2,0.0003606
295,andweard,<code>andweard</code>,2,0.0003606
295,ansene,<code>ansene</code>,2,0.0003606
295,ar&aelig;fne,<code>ar&amp;ae;fne</code>,2,0.0003606
295,are,<code>are</code>,2,0.0003606
295,arefnen,<code>arefnen</code>,2,0.0003606
295,arlease,<code>arlease</code>,2,0.0003606
295,asteah,<code>asteah</code>,2,0.0003606
295,awriten,<code>awriten</code>,2,0.0003606
295,bebod,<code>bebod</code>,2,0.0003606
295,behealden,<code>behealden</code>,2,0.0003606
295,bewepe,<code>bewepe</code>,2,0.0003606
295,biddan,<code>biddan</code>,2,0.0003606
295,blinde,<code>blinde</code>,2,0.0003606
295,brinc&eth;,<code>brinc&amp;d;</code>,2,0.0003606
295,broca,<code>broca</code>,2,0.0003606
295,bygst,<code>bygst</code>,2,0.0003606
295,cann,<code>cann</code>,2,0.0003606
295,cl&aelig;ne,<code>cl&amp;ae;ne</code>,2,0.0003606
295,cristes,<code>cristes</code>,2,0.0003606
295,cunne&eth;,<code>cunne&amp;d;</code>,2,0.0003606
295,cwe&eth;&eth;,<code>cwe&amp;d;&amp;d;</code>,2,0.0003606
295,cwetst,<code>cwetst</code>,2,0.0003606
295,d&aelig;ig,<code>d&amp;ae;ig</code>,2,0.0003606
295,dea&eth;,<code>dea&amp;d;</code>,2,0.0003606
295,dead,<code>dead</code>,2,0.0003606
295,deme&eth;,<code>deme&amp;d;</code>,2,0.0003606
295,deoflen,<code>deoflen</code>,2,0.0003606
295,digolnysse,<code>digolnysse</code>,2,0.0003606
295,e&eth;,<code>e&amp;d;</code>,2,0.0003606
295,eadignysse,<code>eadignysse</code>,2,0.0003606
295,eadmedan,<code>eadmedan</code>,2,0.0003606
295,eallra,<code>eallra</code>,2,0.0003606
295,egen,<code>egen</code>,2,0.0003606
295,emb,<code>emb</code>,2,0.0003606
295,f&aelig;ste&eth;,<code>f&amp;ae;ste&amp;d;</code>,2,0.0003606
295,feawe,<code>feawe</code>,2,0.0003606
295,fleon,<code>fleon</code>,2,0.0003606
295,folc,<code>folc</code>,2,0.0003606
295,forgeofenysse,<code>forgeofenysse</code>,2,0.0003606
295,forgyf&eth;,<code>forgyf&amp;d;</code>,2,0.0003606
295,forh&aelig;fednysse,<code>forh&amp;ae;fednysse</code>,2,0.0003606
295,forl&aelig;te&eth;,<code>forl&amp;ae;te&amp;d;</code>,2,0.0003606
295,forleose&eth;,<code>forleose&amp;d;</code>,2,0.0003606
295,forwyrde,<code>forwyrde</code>,2,0.0003606
295,fullfremede,<code>fullfremede</code>,2,0.0003606
295,gast,<code>gast</code>,2,0.0003606
295,gastes,<code>gastes</code>,2,0.0003606
295,gebedan,<code>gebedan</code>,2,0.0003606
295,gecerred,<code>gecerred</code>,2,0.0003606
295,gecerren,<code>gecerren</code>,2,0.0003606
295,gecnaw&eth;,<code>gecnaw&amp;d;</code>,2,0.0003606
295,gecweme,<code>gecweme</code>,2,0.0003606
295,geeadmede&eth;,<code>geeadmede&amp;d;</code>,2,0.0003606
295,geearne&eth;,<code>geearne&amp;d;</code>,2,0.0003606
295,geearnigen,<code>geearnigen</code>,2,0.0003606
295,gefean,<code>gefean</code>,2,0.0003606
295,gehelpe&eth;,<code>gehelpe&amp;d;</code>,2,0.0003606
295,geheren,<code>geheren</code>,2,0.0003606
295,geherest,<code>geherest</code>,2,0.0003606
295,gelef&eth;,<code>gelef&amp;d;</code>,2,0.0003606
295,gemeleaste,<code>gemeleaste</code>,2,0.0003606
295,gemete,<code>gemete</code>,2,0.0003606
295,gemune&eth;,<code>gemune&amp;d;</code>,2,0.0003606
295,gemynde,<code>gemynde</code>,2,0.0003606
295,georne,<code>georne</code>,2,0.0003606
295,ges&aelig;lig,<code>ges&amp;ae;lig</code>,2,0.0003606
295,gesih&eth;,<code>gesih&amp;d;</code>,2,0.0003606
295,geswica,<code>geswica</code>,2,0.0003606
295,geswync,<code>geswync</code>,2,0.0003606
295,gewite,<code>gewite</code>,2,0.0003606
295,geworden,<code>geworden</code>,2,0.0003606
295,gewrecan,<code>gewrecan</code>,2,0.0003606
295,gewritan,<code>gewritan</code>,2,0.0003606
295,godspellere,<code>godspellere</code>,2,0.0003606
295,h&aelig;fest,<code>h&amp;ae;fest</code>,2,0.0003606
295,hale,<code>hale</code>,2,0.0003606
295,healden,<code>healden</code>,2,0.0003606
295,healdene,<code>healdene</code>,2,0.0003606
295,hehnysse,<code>hehnysse</code>,2,0.0003606
295,hehsetle,<code>hehsetle</code>,2,0.0003606
295,hwilon,<code>hwilon</code>,2,0.0003606
295,hyhte,<code>hyhte</code>,2,0.0003606
295,ilca,<code>ilca</code>,2,0.0003606
295,ingehyd,<code>ingehyd</code>,2,0.0003606
295,jacobus,<code>jacobus</code>,2,0.0003606
295,l&aelig;cedom,<code>l&amp;ae;cedom</code>,2,0.0003606
295,lang,<code>lang</code>,2,0.0003606
295,lar&eth;eaw,<code>lar&amp;d;eaw</code>,2,0.0003606
295,lar&eth;eawe,<code>lar&amp;d;eawe</code>,2,0.0003606
295,lege,<code>lege</code>,2,0.0003606
295,leornigen,<code>leornigen</code>,2,0.0003606
295,lichigen,<code>lichigen</code>,2,0.0003606
295,lufige,<code>lufige</code>,2,0.0003606
295,lufigen,<code>lufigen</code>,2,0.0003606
295,m&aelig;ignen,<code>m&amp;ae;ignen</code>,2,0.0003606
295,m&aelig;ste,<code>m&amp;ae;ste</code>,2,0.0003606
295,magen,<code>magen</code>,2,0.0003606
295,manega,<code>manega</code>,2,0.0003606
295,medeme,<code>medeme</code>,2,0.0003606
295,middeneardes,<code>middeneardes</code>,2,0.0003606
295,milde,<code>milde</code>,2,0.0003606
295,mildheort,<code>mildheort</code>,2,0.0003606
295,mildheorta,<code>mildheorta</code>,2,0.0003606
295,mildheorte,<code>mildheorte</code>,2,0.0003606
295,miltse,<code>miltse</code>,2,0.0003606
295,minre,<code>minre</code>,2,0.0003606
295,mu&eth;es,<code>mu&amp;d;es</code>,2,0.0003606
295,n&aelig;fre,<code>n&amp;ae;fre</code>,2,0.0003606
295,na&eth;er,<code>na&amp;d;er</code>,2,0.0003606
295,nast,<code>nast</code>,2,0.0003606
295,nat,<code>nat</code>,2,0.0003606
295,nelle,<code>nelle</code>,2,0.0003606
295,nelt,<code>nelt</code>,2,0.0003606
295,neod&eth;earflice,<code>neod&amp;d;earflice</code>,2,0.0003606
295,o&eth;erne,<code>o&amp;d;erne</code>,2,0.0003606
295,o&eth;ren,<code>o&amp;d;ren</code>,2,0.0003606
295,ofermette,<code>ofermette</code>,2,0.0003606
295,ofermodan,<code>ofermodan</code>,2,0.0003606
295,oferswi&eth;ed,<code>oferswi&amp;d;ed</code>,2,0.0003606
295,oferswi&eth;en,<code>oferswi&amp;d;en</code>,2,0.0003606
295,ofter,<code>ofter</code>,2,0.0003606
295,onbryrd,<code>onbryrd</code>,2,0.0003606
295,onbryrdnysse,<code>onbryrdnysse</code>,2,0.0003606
295,ondr&aelig;de,<code>ondr&amp;ae;de</code>,2,0.0003606
295,petrus,<code>petrus</code>,2,0.0003606
295,rice,<code>rice</code>,2,0.0003606
295,riht,<code>riht</code>,2,0.0003606
295,rihtne,<code>rihtne</code>,2,0.0003606
295,rihtwisen,<code>rihtwisen</code>,2,0.0003606
295,salmscop,<code>salmscop</code>,2,0.0003606
295,salomon,<code>salomon</code>,2,0.0003606
295,sarignysse,<code>sarignysse</code>,2,0.0003606
295,sceawe&eth;,<code>sceawe&amp;d;</code>,2,0.0003606
295,scolde,<code>scolde</code>,2,0.0003606
295,sealde,<code>sealde</code>,2,0.0003606
295,sealmen,<code>sealmen</code>,2,0.0003606
295,sealmscop,<code>sealmscop</code>,2,0.0003606
295,sece&eth;,<code>sece&amp;d;</code>,2,0.0003606
295,secene,<code>secene</code>,2,0.0003606
295,secge,<code>secge</code>,2,0.0003606
295,sette,<code>sette</code>,2,0.0003606
295,snytere,<code>snytere</code>,2,0.0003606
295,speca&eth;,<code>speca&amp;d;</code>,2,0.0003606
295,sumen,<code>sumen</code>,2,0.0003606
295,sune,<code>sune</code>,2,0.0003606
295,swetnysse,<code>swetnysse</code>,2,0.0003606
295,swylce,<code>swylce</code>,2,0.0003606
295,sylle,<code>sylle</code>,2,0.0003606
295,synegian,<code>synegian</code>,2,0.0003606
295,tearen,<code>tearen</code>,2,0.0003606
295,tod&aelig;ig,<code>tod&amp;ae;ig</code>,2,0.0003606
295,tomorgen,<code>tomorgen</code>,2,0.0003606
295,un&eth;eawes,<code>un&amp;d;eawes</code>,2,0.0003606
295,une&eth;nysse,<code>une&amp;d;nysse</code>,2,0.0003606
295,unriht,<code>unriht</code>,2,0.0003606
295,unrihtwisnysse,<code>unrihtwisnysse</code>,2,0.0003606
295,uren,<code>uren</code>,2,0.0003606
295,w&aelig;lreow,<code>w&amp;ae;lreow</code>,2,0.0003606
295,w&aelig;stme,<code>w&amp;ae;stme</code>,2,0.0003606
295,weges,<code>weges</code>,2,0.0003606
295,weorca,<code>weorca</code>,2,0.0003606
295,weorcas,<code>weorcas</code>,2,0.0003606
295,wepe&eth;,<code>wepe&amp;d;</code>,2,0.0003606
295,wilne&eth;,<code>wilne&amp;d;</code>,2,0.0003606
295,wis,<code>wis</code>,2,0.0003606
295,wordan,<code>wordan</code>,2,0.0003606
295,wr&aelig;ce,<code>wr&amp;ae;ce</code>,2,0.0003606
295,wraca,<code>wraca</code>,2,0.0003606
295,wuldor,<code>wuldor</code>,2,0.0003606
295,wuldre,<code>wuldre</code>,2,0.0003606
295,wunderlice,<code>wunderlice</code>,2,0.0003606
295,wylle,<code>wylle</code>,2,0.0003606
295,wylle&eth;,<code>wylle&amp;d;</code>,2,0.0003606
295,wyrc&eth;,<code>wyrc&amp;d;</code>,2,0.0003606
295,wyrce,<code>wyrce</code>,2,0.0003606
295,wyrece&eth;,<code>wyrece&amp;d;</code>,2,0.0003606
295,wytene,<code>wytene</code>,2,0.0003606
295,yfeles,<code>yfeles</code>,2,0.0003606
490,&aelig;&eth;ela,<code>&amp;ae;&amp;d;ela</code>,1,0.0001803
490,&aelig;&eth;ele,<code>&amp;ae;&amp;d;ele</code>,1,0.0001803
490,&aelig;&eth;elice,<code>&amp;ae;&amp;d;elice</code>,1,0.0001803
490,&aelig;&eth;elre,<code>&amp;ae;&amp;d;elre</code>,1,0.0001803
490,&aelig;fterfolge&eth;,<code>&amp;ae;fterfolge&amp;d;</code>,1,0.0001803
490,&aelig;fterhyrige&eth;,<code>&amp;ae;fterhyrige&amp;d;</code>,1,0.0001803
490,&aelig;ghwa,<code>&amp;ae;ghwa</code>,1,0.0001803
490,&aelig;ighwylc,<code>&amp;ae;ighwylc</code>,1,0.0001803
490,&aelig;ighwylce,<code>&amp;ae;ighwylce</code>,1,0.0001803
490,&aelig;ighwylcere,<code>&amp;ae;ighwylcere</code>,1,0.0001803
490,&aelig;l&eth;eodignysse,<code>&amp;ae;l&amp;d;eodignysse</code>,1,0.0001803
490,&aelig;lce,<code>&amp;ae;lce</code>,1,0.0001803
490,&aelig;lcne,<code>&amp;ae;lcne</code>,1,0.0001803
490,&aelig;lcre,<code>&amp;ae;lcre</code>,1,0.0001803
490,&aelig;lmesd&aelig;de,<code>&amp;ae;lmesd&amp;ae;de</code>,1,0.0001803
490,&aelig;lmesd&aelig;den,<code>&amp;ae;lmesd&amp;ae;den</code>,1,0.0001803
490,&aelig;lmihtige,<code>&amp;ae;lmihtige</code>,1,0.0001803
490,&aelig;lmihtiges,<code>&amp;ae;lmihtiges</code>,1,0.0001803
490,&aelig;nglen,<code>&amp;ae;nglen</code>,1,0.0001803
490,&aelig;nigne,<code>&amp;ae;nigne</code>,1,0.0001803
490,&aelig;nigre,<code>&amp;ae;nigre</code>,1,0.0001803
490,&aelig;rf&aelig;stnysse,<code>&amp;ae;rf&amp;ae;stnysse</code>,1,0.0001803
490,&aelig;rist,<code>&amp;ae;rist</code>,1,0.0001803
490,&aelig;rrena,<code>&amp;ae;rrena</code>,1,0.0001803
490,&aelig;teowe&eth;,<code>&amp;ae;teowe&amp;d;</code>,1,0.0001803
490,&aelig;teowige,<code>&amp;ae;teowige</code>,1,0.0001803
490,&aelig;tywwigen,<code>&amp;ae;tywwigen</code>,1,0.0001803
490,&aelig;wf&aelig;stnysse,<code>&amp;ae;wf&amp;ae;stnysse</code>,1,0.0001803
490,&eth;&aelig;re,<code>&amp;d;&amp;ae;re</code>,1,0.0001803
490,&eth;&aelig;t,<code>&amp;d;&amp;ae;t</code>,1,0.0001803
490,&thorn;&aelig;nce&eth;,<code>&amp;t;&amp;ae;nce&amp;d;</code>,1,0.0001803
490,&thorn;&aelig;ncen,<code>&amp;t;&amp;ae;ncen</code>,1,0.0001803
490,&thorn;&aelig;ra,<code>&amp;t;&amp;ae;ra</code>,1,0.0001803
490,&thorn;&aelig;rto,<code>&amp;t;&amp;ae;rto</code>,1,0.0001803
490,&thorn;eawes,<code>&amp;t;eawes</code>,1,0.0001803
490,&thorn;ehhwe&eth;ere,<code>&amp;t;ehhwe&amp;d;ere</code>,1,0.0001803
490,&thorn;eignen,<code>&amp;t;eignen</code>,1,0.0001803
490,&thorn;eignes,<code>&amp;t;eignes</code>,1,0.0001803
490,&thorn;eoda,<code>&amp;t;eoda</code>,1,0.0001803
490,&thorn;eodan,<code>&amp;t;eodan</code>,1,0.0001803
490,&thorn;eode,<code>&amp;t;eode</code>,1,0.0001803
490,&thorn;eowdome,<code>&amp;t;eowdome</code>,1,0.0001803
490,&thorn;eowen,<code>&amp;t;eowen</code>,1,0.0001803
490,&thorn;eowige,<code>&amp;t;eowige</code>,1,0.0001803
490,&thorn;eowlice,<code>&amp;t;eowlice</code>,1,0.0001803
490,&thorn;eowwes,<code>&amp;t;eowwes</code>,1,0.0001803
490,&thorn;ider,<code>&amp;t;ider</code>,1,0.0001803
490,&thorn;ing,<code>&amp;t;ing</code>,1,0.0001803
490,&thorn;inga,<code>&amp;t;inga</code>,1,0.0001803
490,&thorn;ingan,<code>&amp;t;ingan</code>,1,0.0001803
490,&thorn;reofealdan,<code>&amp;t;reofealdan</code>,1,0.0001803
490,&thorn;ridde,<code>&amp;t;ridde</code>,1,0.0001803
490,&thorn;ristnysse,<code>&amp;t;ristnysse</code>,1,0.0001803
490,&thorn;urfe,<code>&amp;t;urfe</code>,1,0.0001803
490,&thorn;urhleo&eth;re&eth;,<code>&amp;t;urhleo&amp;d;re&amp;d;</code>,1,0.0001803
490,&thorn;urhtih&eth;,<code>&amp;t;urhtih&amp;d;</code>,1,0.0001803
490,&thorn;urhtogena,<code>&amp;t;urhtogena</code>,1,0.0001803
490,&thorn;urhtogene,<code>&amp;t;urhtogene</code>,1,0.0001803
490,&thorn;weoren,<code>&amp;t;weoren</code>,1,0.0001803
490,&thorn;ynce&eth;,<code>&amp;t;ynce&amp;d;</code>,1,0.0001803
490,&thorn;yncest,<code>&amp;t;yncest</code>,1,0.0001803
490,&thorn;yrste,<code>&amp;t;yrste</code>,1,0.0001803
490,&thorn;yse,<code>&amp;t;yse</code>,1,0.0001803
490,&thorn;yssere,<code>&amp;t;yssere</code>,1,0.0001803
490,a&eth;wea&eth;,<code>a&amp;d;wea&amp;d;</code>,1,0.0001803
490,a&eth;wegen,<code>a&amp;d;wegen</code>,1,0.0001803
490,abealh,<code>abealh</code>,1,0.0001803
490,abidan,<code>abidan</code>,1,0.0001803
490,abug&eth;,<code>abug&amp;d;</code>,1,0.0001803
490,abuten,<code>abuten</code>,1,0.0001803
490,ac&aelig;nnod,<code>ac&amp;ae;nnod</code>,1,0.0001803
490,ad,<code>ad</code>,1,0.0001803
490,adam,<code>adam</code>,1,0.0001803
490,adilege&eth;,<code>adilege&amp;d;</code>,1,0.0001803
490,adilga&eth;,<code>adilga&amp;d;</code>,1,0.0001803
490,adrifen,<code>adrifen</code>,1,0.0001803
490,afandod,<code>afandod</code>,1,0.0001803
490,ageldan,<code>ageldan</code>,1,0.0001803
490,agenre,<code>agenre</code>,1,0.0001803
490,aginnen,<code>aginnen</code>,1,0.0001803
490,agoten,<code>agoten</code>,1,0.0001803
490,agyltendan,<code>agyltendan</code>,1,0.0001803
490,ahebbe,<code>ahebbe</code>,1,0.0001803
490,ahef&eth;,<code>ahef&amp;d;</code>,1,0.0001803
490,ahyde&eth;,<code>ahyde&amp;d;</code>,1,0.0001803
490,an,<code>an</code>,1,0.0001803
490,anbryrdnysse,<code>anbryrdnysse</code>,1,0.0001803
490,and,<code>and</code>,1,0.0001803
490,andgit,<code>andgit</code>,1,0.0001803
490,andgite,<code>andgite</code>,1,0.0001803
490,andr&aelig;dene,<code>andr&amp;ae;dene</code>,1,0.0001803
490,andrystlice,<code>andrystlice</code>,1,0.0001803
490,andswerigende,<code>andswerigende</code>,1,0.0001803
490,andswerode,<code>andswerode</code>,1,0.0001803
490,anf&aelig;nge,<code>anf&amp;ae;nge</code>,1,0.0001803
490,anginne&eth;,<code>anginne&amp;d;</code>,1,0.0001803
490,anre,<code>anre</code>,1,0.0001803
490,anwealde,<code>anwealde</code>,1,0.0001803
490,anweardan,<code>anweardan</code>,1,0.0001803
490,anweardnysse,<code>anweardnysse</code>,1,0.0001803
490,ar&aelig;fne&eth;,<code>ar&amp;ae;fne&amp;d;</code>,1,0.0001803
490,ar&aelig;re&eth;,<code>ar&amp;ae;re&amp;d;</code>,1,0.0001803
490,arca,<code>arca</code>,1,0.0001803
490,arf&aelig;ste,<code>arf&amp;ae;ste</code>,1,0.0001803
490,arf&aelig;stlic,<code>arf&amp;ae;stlic</code>,1,0.0001803
490,arleasnysse,<code>arleasnysse</code>,1,0.0001803
490,arwur&eth;e,<code>arwur&amp;d;e</code>,1,0.0001803
490,aspringe&eth;,<code>aspringe&amp;d;</code>,1,0.0001803
490,asteon,<code>asteon</code>,1,0.0001803
490,aw&aelig;nde&eth;,<code>aw&amp;ae;nde&amp;d;</code>,1,0.0001803
490,awecce&eth;,<code>awecce&amp;d;</code>,1,0.0001803
490,aweorpen,<code>aweorpen</code>,1,0.0001803
490,aworpenre,<code>aworpenre</code>,1,0.0001803
490,awurpe,<code>awurpe</code>,1,0.0001803
490,axe,<code>axe</code>,1,0.0001803
490,axige,<code>axige</code>,1,0.0001803
490,b&aelig;&eth;e,<code>b&amp;ae;&amp;d;e</code>,1,0.0001803
490,b&aelig;de,<code>b&amp;ae;de</code>,1,0.0001803
490,b&aelig;rne&eth;,<code>b&amp;ae;rne&amp;d;</code>,1,0.0001803
490,baldeste,<code>baldeste</code>,1,0.0001803
490,be&eth;&aelig;nce,<code>be&amp;d;&amp;ae;nce</code>,1,0.0001803
490,be&eth;urfe,<code>be&amp;d;urfe</code>,1,0.0001803
490,be&eth;urfen,<code>be&amp;d;urfen</code>,1,0.0001803
490,bearne,<code>bearne</code>,1,0.0001803
490,bearnen,<code>bearnen</code>,1,0.0001803
490,bebead,<code>bebead</code>,1,0.0001803
490,bec,<code>bec</code>,1,0.0001803
490,bech,<code>bech</code>,1,0.0001803
490,befleon,<code>befleon</code>,1,0.0001803
490,befleone,<code>befleone</code>,1,0.0001803
490,beflig&eth;,<code>beflig&amp;d;</code>,1,0.0001803
490,beflih&eth;,<code>beflih&amp;d;</code>,1,0.0001803
490,befon,<code>befon</code>,1,0.0001803
490,beforan,<code>beforan</code>,1,0.0001803
490,begangen,<code>begangen</code>,1,0.0001803
490,begen,<code>begen</code>,1,0.0001803
490,begeotan,<code>begeotan</code>,1,0.0001803
490,begytt,<code>begytt</code>,1,0.0001803
490,beh,<code>beh</code>,1,0.0001803
490,behate&eth;,<code>behate&amp;d;</code>,1,0.0001803
490,behatt,<code>behatt</code>,1,0.0001803
490,behet,<code>behet</code>,1,0.0001803
490,benen,<code>benen</code>,1,0.0001803
490,beo&eth;,<code>beo&amp;d;</code>,1,0.0001803
490,beobread,<code>beobread</code>,1,0.0001803
490,ber&eth;,<code>ber&amp;d;</code>,1,0.0001803
490,bereafige,<code>bereafige</code>,1,0.0001803
490,bereowsigende,<code>bereowsigende</code>,1,0.0001803
490,bereowsung,<code>bereowsung</code>,1,0.0001803
490,betere,<code>betere</code>,1,0.0001803
490,betweonen,<code>betweonen</code>,1,0.0001803
490,bidda&eth;,<code>bidda&amp;d;</code>,1,0.0001803
490,bidde&eth;,<code>bidde&amp;d;</code>,1,0.0001803
490,bide,<code>bide</code>,1,0.0001803
490,bisne,<code>bisne</code>,1,0.0001803
490,bitere,<code>bitere</code>,1,0.0001803
490,biterlice,<code>biterlice</code>,1,0.0001803
490,biternysse,<code>biternysse</code>,1,0.0001803
490,bl&aelig;don,<code>bl&amp;ae;don</code>,1,0.0001803
490,bletsunga,<code>bletsunga</code>,1,0.0001803
490,bote,<code>bote</code>,1,0.0001803
490,bringe&eth;,<code>bringe&amp;d;</code>,1,0.0001803
490,bro&eth;ra,<code>bro&amp;d;ra</code>,1,0.0001803
490,bro&eth;re,<code>bro&amp;d;re</code>,1,0.0001803
490,byrdene,<code>byrdene</code>,1,0.0001803
490,byst,<code>byst</code>,1,0.0001803
490,caritate,<code>caritate</code>,1,0.0001803
490,cerde,<code>cerde</code>,1,0.0001803
490,cerringe,<code>cerringe</code>,1,0.0001803
490,cl&aelig;nsa&eth;,<code>cl&amp;ae;nsa&amp;d;</code>,1,0.0001803
490,cleopa&eth;,<code>cleopa&amp;d;</code>,1,0.0001803
490,compunctione,<code>compunctione</code>,1,0.0001803
490,confessione,<code>confessione</code>,1,0.0001803
490,conuersione,<code>conuersione</code>,1,0.0001803
490,cordis,<code>cordis</code>,1,0.0001803
490,costnung,<code>costnung</code>,1,0.0001803
490,crist,<code>crist</code>,1,0.0001803
490,criste,<code>criste</code>,1,0.0001803
490,cristene,<code>cristene</code>,1,0.0001803
490,cu&eth;,<code>cu&amp;d;</code>,1,0.0001803
490,cu&eth;lice,<code>cu&amp;d;lice</code>,1,0.0001803
490,culfre,<code>culfre</code>,1,0.0001803
490,cume,<code>cume</code>,1,0.0001803
490,cumende,<code>cumende</code>,1,0.0001803
490,cw&aelig;&thorn;,<code>cw&amp;ae;&amp;t;</code>,1,0.0001803
490,cwe&eth;en,<code>cwe&amp;d;en</code>,1,0.0001803
490,cwe&eth;ende,<code>cwe&amp;d;ende</code>,1,0.0001803
490,cwe&eth;st,<code>cwe&amp;d;st</code>,1,0.0001803
490,cwiden,<code>cwiden</code>,1,0.0001803
490,cwy&eth;,<code>cwy&amp;d;</code>,1,0.0001803
490,cwy&eth;&eth;,<code>cwy&amp;d;&amp;d;</code>,1,0.0001803
490,cwytst,<code>cwytst</code>,1,0.0001803
490,cy&eth;&eth;e,<code>cy&amp;d;&amp;d;e</code>,1,0.0001803
490,cynn,<code>cynn</code>,1,0.0001803
490,d&aelig;dbetenden,<code>d&amp;ae;dbetenden</code>,1,0.0001803
490,d&aelig;dbota,<code>d&amp;ae;dbota</code>,1,0.0001803
490,d&aelig;ges,<code>d&amp;ae;ges</code>,1,0.0001803
490,d&aelig;iges,<code>d&amp;ae;iges</code>,1,0.0001803
490,d&aelig;ighwamlice,<code>d&amp;ae;ighwamlice</code>,1,0.0001803
490,deaden,<code>deaden</code>,1,0.0001803
490,deadlice,<code>deadlice</code>,1,0.0001803
490,dem&eth;,<code>dem&amp;d;</code>,1,0.0001803
490,deofle,<code>deofle</code>,1,0.0001803
490,deofol,<code>deofol</code>,1,0.0001803
490,deofolcynn,<code>deofolcynn</code>,1,0.0001803
490,deofollice,<code>deofollice</code>,1,0.0001803
490,deopnysse,<code>deopnysse</code>,1,0.0001803
490,deorewur&eth;re,<code>deorewur&amp;d;re</code>,1,0.0001803
490,dest,<code>dest</code>,1,0.0001803
490,digelnysse,<code>digelnysse</code>,1,0.0001803
490,dolhswa&eth;e,<code>dolhswa&amp;d;e</code>,1,0.0001803
490,dom,<code>dom</code>,1,0.0001803
490,dome,<code>dome</code>,1,0.0001803
490,domes,<code>domes</code>,1,0.0001803
490,domesd&aelig;ige,<code>domesd&amp;ae;ige</code>,1,0.0001803
490,domini,<code>domini</code>,1,0.0001803
490,dominum,<code>dominum</code>,1,0.0001803
490,drihtene,<code>drihtene</code>,1,0.0001803
490,druncanysse,<code>druncanysse</code>,1,0.0001803
490,dust,<code>dust</code>,1,0.0001803
490,dyde,<code>dyde</code>,1,0.0001803
490,dyden,<code>dyden</code>,1,0.0001803
490,dysignysse,<code>dysignysse</code>,1,0.0001803
490,e&eth;est,<code>e&amp;d;est</code>,1,0.0001803
490,e&eth;les,<code>e&amp;d;les</code>,1,0.0001803
490,ea&eth;,<code>ea&amp;d;</code>,1,0.0001803
490,ea&eth;e,<code>ea&amp;d;e</code>,1,0.0001803
490,eadmede,<code>eadmede</code>,1,0.0001803
490,eadmoda,<code>eadmoda</code>,1,0.0001803
490,eadmodan,<code>eadmodan</code>,1,0.0001803
490,eadmodlice,<code>eadmodlice</code>,1,0.0001803
490,eald,<code>eald</code>,1,0.0001803
490,ealdordom,<code>ealdordom</code>,1,0.0001803
490,ealla,<code>ealla</code>,1,0.0001803
490,eallan,<code>eallan</code>,1,0.0001803
490,ealles,<code>ealles</code>,1,0.0001803
490,eallinge,<code>eallinge</code>,1,0.0001803
490,ealra,<code>ealra</code>,1,0.0001803
490,ealre,<code>ealre</code>,1,0.0001803
490,eardigen,<code>eardigen</code>,1,0.0001803
490,earmen,<code>earmen</code>,1,0.0001803
490,eastd&aelig;le,<code>eastd&amp;ae;le</code>,1,0.0001803
490,ecan,<code>ecan</code>,1,0.0001803
490,ecne,<code>ecne</code>,1,0.0001803
490,efen&thorn;eowwes,<code>efen&amp;t;eowwes</code>,1,0.0001803
490,efsten,<code>efsten</code>,1,0.0001803
490,eges,<code>eges</code>,1,0.0001803
490,elcest,<code>elcest</code>,1,0.0001803
490,elcunge,<code>elcunge</code>,1,0.0001803
490,ellenlice,<code>ellenlice</code>,1,0.0001803
490,elles,<code>elles</code>,1,0.0001803
490,eor&eth;e,<code>eor&amp;d;e</code>,1,0.0001803
490,eowie,<code>eowie</code>,1,0.0001803
490,estfullnysse,<code>estfullnysse</code>,1,0.0001803
490,f&aelig;deres,<code>f&amp;ae;deres</code>,1,0.0001803
490,f&aelig;ger,<code>f&amp;ae;ger</code>,1,0.0001803
490,f&aelig;rdea&eth;,<code>f&amp;ae;rdea&amp;d;</code>,1,0.0001803
490,f&aelig;ringe,<code>f&amp;ae;ringe</code>,1,0.0001803
490,f&aelig;rlice,<code>f&amp;ae;rlice</code>,1,0.0001803
490,f&aelig;stene,<code>f&amp;ae;stene</code>,1,0.0001803
490,farende,<code>farende</code>,1,0.0001803
490,feawen,<code>feawen</code>,1,0.0001803
490,feoll,<code>feoll</code>,1,0.0001803
490,feonden,<code>feonden</code>,1,0.0001803
490,feorren,<code>feorren</code>,1,0.0001803
490,feorrene,<code>feorrene</code>,1,0.0001803
490,fide,<code>fide</code>,1,0.0001803
490,fl&aelig;sc,<code>fl&amp;ae;sc</code>,1,0.0001803
490,fl&aelig;sces,<code>fl&amp;ae;sces</code>,1,0.0001803
490,fl&aelig;sclice,<code>fl&amp;ae;sclice</code>,1,0.0001803
490,fl&aelig;sclicen,<code>fl&amp;ae;sclicen</code>,1,0.0001803
490,fleo,<code>fleo</code>,1,0.0001803
490,flowen,<code>flowen</code>,1,0.0001803
490,folcas,<code>folcas</code>,1,0.0001803
490,forbere&eth;,<code>forbere&amp;d;</code>,1,0.0001803
490,forbuge,<code>forbuge</code>,1,0.0001803
490,forbugen,<code>forbugen</code>,1,0.0001803
490,fore,<code>fore</code>,1,0.0001803
490,foregehat,<code>foregehat</code>,1,0.0001803
490,foregehaten,<code>foregehaten</code>,1,0.0001803
490,foresette,<code>foresette</code>,1,0.0001803
490,forgeaf,<code>forgeaf</code>,1,0.0001803
490,forgeafe,<code>forgeafe</code>,1,0.0001803
490,forgemeleasige,<code>forgemeleasige</code>,1,0.0001803
490,forgemeleasoden,<code>forgemeleasoden</code>,1,0.0001803
490,forgeofe,<code>forgeofe</code>,1,0.0001803
490,forgeofonysse,<code>forgeofonysse</code>,1,0.0001803
490,forgyfena,<code>forgyfena</code>,1,0.0001803
490,forh&aelig;fde,<code>forh&amp;ae;fde</code>,1,0.0001803
490,forhoga&eth;,<code>forhoga&amp;d;</code>,1,0.0001803
490,forhogung,<code>forhogung</code>,1,0.0001803
490,forhte&eth;,<code>forhte&amp;d;</code>,1,0.0001803
490,forl&aelig;ten,<code>forl&amp;ae;ten</code>,1,0.0001803
490,forleas,<code>forleas</code>,1,0.0001803
490,forlet,<code>forlet</code>,1,0.0001803
490,forsac&eth;,<code>forsac&amp;d;</code>,1,0.0001803
490,forsacanysse,<code>forsacanysse</code>,1,0.0001803
490,forseowen,<code>forseowen</code>,1,0.0001803
490,forseowenlicre,<code>forseowenlicre</code>,1,0.0001803
490,forwur&eth;e,<code>forwur&amp;d;e</code>,1,0.0001803
490,fr&aelig;mde,<code>fr&amp;ae;mde</code>,1,0.0001803
490,fr&aelig;te,<code>fr&amp;ae;te</code>,1,0.0001803
490,fr&aelig;tewe,<code>fr&amp;ae;tewe</code>,1,0.0001803
490,fracodne,<code>fracodne</code>,1,0.0001803
490,frecnysse,<code>frecnysse</code>,1,0.0001803
490,freme&eth;,<code>freme&amp;d;</code>,1,0.0001803
490,frigdom,<code>frigdom</code>,1,0.0001803
490,frume,<code>frume</code>,1,0.0001803
490,fulfremed,<code>fulfremed</code>,1,0.0001803
490,fulfremede,<code>fulfremede</code>,1,0.0001803
490,fulfremedlice,<code>fulfremedlice</code>,1,0.0001803
490,fulhtere,<code>fulhtere</code>,1,0.0001803
490,fulhtes,<code>fulhtes</code>,1,0.0001803
490,fullfremednysse,<code>fullfremednysse</code>,1,0.0001803
490,fullfremod,<code>fullfremod</code>,1,0.0001803
490,fullnysse,<code>fullnysse</code>,1,0.0001803
490,fulnysse,<code>fulnysse</code>,1,0.0001803
490,fultumend,<code>fultumend</code>,1,0.0001803
490,fultumes,<code>fultumes</code>,1,0.0001803
490,fyrstmearca,<code>fyrstmearca</code>,1,0.0001803
490,gan,<code>gan</code>,1,0.0001803
490,gange,<code>gange</code>,1,0.0001803
490,gastlic,<code>gastlic</code>,1,0.0001803
490,ge&eth;&aelig;nce&eth;,<code>ge&amp;d;&amp;ae;nce&amp;d;</code>,1,0.0001803
490,ge&eth;eodan,<code>ge&amp;d;eodan</code>,1,0.0001803
490,ge&eth;oht,<code>ge&amp;d;oht</code>,1,0.0001803
490,ge&eth;ung&aelig;nra,<code>ge&amp;d;ung&amp;ae;nra</code>,1,0.0001803
490,ge&eth;w&aelig;rnysse,<code>ge&amp;d;w&amp;ae;rnysse</code>,1,0.0001803
490,ge&eth;ylde,<code>ge&amp;d;ylde</code>,1,0.0001803
490,geandettan,<code>geandettan</code>,1,0.0001803
490,geandette&eth;,<code>geandette&amp;d;</code>,1,0.0001803
490,geara,<code>geara</code>,1,0.0001803
490,geare,<code>geare</code>,1,0.0001803
490,geareca&eth;,<code>geareca&amp;d;</code>,1,0.0001803
490,geascod,<code>geascod</code>,1,0.0001803
490,gebegde,<code>gebegde</code>,1,0.0001803
490,gebeorscipe,<code>gebeorscipe</code>,1,0.0001803
490,gebidda&eth;,<code>gebidda&amp;d;</code>,1,0.0001803
490,gebiddan,<code>gebiddan</code>,1,0.0001803
490,gebidde,<code>gebidde</code>,1,0.0001803
490,gebrinc&eth;,<code>gebrinc&amp;d;</code>,1,0.0001803
490,gebro&eth;re,<code>gebro&amp;d;re</code>,1,0.0001803
490,gebyrd,<code>gebyrd</code>,1,0.0001803
490,gebyrgen,<code>gebyrgen</code>,1,0.0001803
490,geceid,<code>geceid</code>,1,0.0001803
490,geceide,<code>geceide</code>,1,0.0001803
490,geceigde,<code>geceigde</code>,1,0.0001803
490,gecer&eth;,<code>gecer&amp;d;</code>,1,0.0001803
490,gecerde,<code>gecerde</code>,1,0.0001803
490,gecl&aelig;nse&eth;,<code>gecl&amp;ae;nse&amp;d;</code>,1,0.0001803
490,gecl&aelig;nsode,<code>gecl&amp;ae;nsode</code>,1,0.0001803
490,gecl&aelig;nsunge,<code>gecl&amp;ae;nsunge</code>,1,0.0001803
490,gecwemeste,<code>gecwemeste</code>,1,0.0001803
490,gecwylmed,<code>gecwylmed</code>,1,0.0001803
490,gecynde,<code>gecynde</code>,1,0.0001803
490,gede&eth;,<code>gede&amp;d;</code>,1,0.0001803
490,gedemde,<code>gedemde</code>,1,0.0001803
490,gedeme,<code>gedeme</code>,1,0.0001803
490,gedon,<code>gedon</code>,1,0.0001803
490,geeadmede,<code>geeadmede</code>,1,0.0001803
490,geeadmeden,<code>geeadmeden</code>,1,0.0001803
490,geeadmedod,<code>geeadmedod</code>,1,0.0001803
490,geeadmode,<code>geeadmode</code>,1,0.0001803
490,geearnienne,<code>geearnienne</code>,1,0.0001803
490,geearnige,<code>geearnige</code>,1,0.0001803
490,geearnunge,<code>geearnunge</code>,1,0.0001803
490,geec,<code>geec</code>,1,0.0001803
490,geech,<code>geech</code>,1,0.0001803
490,geednywigen,<code>geednywigen</code>,1,0.0001803
490,geehte,<code>geehte</code>,1,0.0001803
490,gef&aelig;tte&eth;,<code>gef&amp;ae;tte&amp;d;</code>,1,0.0001803
490,gefedd,<code>gefedd</code>,1,0.0001803
490,gefeded,<code>gefeded</code>,1,0.0001803
490,gefiht,<code>gefiht</code>,1,0.0001803
490,gefr&aelig;mme,<code>gefr&amp;ae;mme</code>,1,0.0001803
490,gefremda,<code>gefremda</code>,1,0.0001803
490,gefultume&eth;,<code>gefultume&amp;d;</code>,1,0.0001803
490,gefultumede,<code>gefultumede</code>,1,0.0001803
490,gefylle,<code>gefylle</code>,1,0.0001803
490,gefyllede,<code>gefyllede</code>,1,0.0001803
490,gefyllod,<code>gefyllod</code>,1,0.0001803
490,gegadera&eth;,<code>gegadera&amp;d;</code>,1,0.0001803
490,gegadere&eth;,<code>gegadere&amp;d;</code>,1,0.0001803
490,gegaderede,<code>gegaderede</code>,1,0.0001803
490,geh&aelig;len,<code>geh&amp;ae;len</code>,1,0.0001803
490,gehalgode,<code>gehalgode</code>,1,0.0001803
490,gehealde&eth;,<code>gehealde&amp;d;</code>,1,0.0001803
490,gehealden,<code>gehealden</code>,1,0.0001803
490,gehealdnysse,<code>gehealdnysse</code>,1,0.0001803
490,geheged,<code>geheged</code>,1,0.0001803
490,gehelded,<code>gehelded</code>,1,0.0001803
490,gehelpen,<code>gehelpen</code>,1,0.0001803
490,geherd,<code>geherd</code>,1,0.0001803
490,gehere,<code>gehere</code>,1,0.0001803
490,geherst,<code>geherst</code>,1,0.0001803
490,gehl&aelig;nse&eth;,<code>gehl&amp;ae;nse&amp;d;</code>,1,0.0001803
490,gehwerfe,<code>gehwerfe</code>,1,0.0001803
490,gehwerfed,<code>gehwerfed</code>,1,0.0001803
490,gehwerfenysse,<code>gehwerfenysse</code>,1,0.0001803
490,gehyhten,<code>gehyhten</code>,1,0.0001803
490,gel&aelig;de&eth;,<code>gel&amp;ae;de&amp;d;</code>,1,0.0001803
490,gelden,<code>gelden</code>,1,0.0001803
490,gelefd,<code>gelefd</code>,1,0.0001803
490,gelefene,<code>gelefene</code>,1,0.0001803
490,gelicost,<code>gelicost</code>,1,0.0001803
490,gelomen,<code>gelomen</code>,1,0.0001803
490,gelosed,<code>gelosed</code>,1,0.0001803
490,gemelease,<code>gemelease</code>,1,0.0001803
490,gemeten,<code>gemeten</code>,1,0.0001803
490,gemetest,<code>gemetest</code>,1,0.0001803
490,gemiltsigen,<code>gemiltsigen</code>,1,0.0001803
490,gemynd,<code>gemynd</code>,1,0.0001803
490,gen&aelig;mned,<code>gen&amp;ae;mned</code>,1,0.0001803
490,genel&aelig;ce&eth;,<code>genel&amp;ae;ce&amp;d;</code>,1,0.0001803
490,genel&aelig;cen,<code>genel&amp;ae;cen</code>,1,0.0001803
490,geneowe&eth;,<code>geneowe&amp;d;</code>,1,0.0001803
490,genoh,<code>genoh</code>,1,0.0001803
490,geny&eth;ered,<code>geny&amp;d;ered</code>,1,0.0001803
490,geopenede,<code>geopenede</code>,1,0.0001803
490,geornest,<code>geornest</code>,1,0.0001803
490,geornfull,<code>geornfull</code>,1,0.0001803
490,geornfullnysse,<code>geornfullnysse</code>,1,0.0001803
490,geornlice,<code>geornlice</code>,1,0.0001803
490,geortreowigen,<code>geortreowigen</code>,1,0.0001803
490,georwenen,<code>georwenen</code>,1,0.0001803
490,ger&aelig;cen,<code>ger&amp;ae;cen</code>,1,0.0001803
490,ger&aelig;dd,<code>ger&amp;ae;dd</code>,1,0.0001803
490,gerecce&eth;,<code>gerecce&amp;d;</code>,1,0.0001803
490,gereht,<code>gereht</code>,1,0.0001803
490,gereordige,<code>gereordige</code>,1,0.0001803
490,gerihtwise&eth;,<code>gerihtwise&amp;d;</code>,1,0.0001803
490,gerime,<code>gerime</code>,1,0.0001803
490,gernene,<code>gernene</code>,1,0.0001803
490,geryne,<code>geryne</code>,1,0.0001803
490,gerynes,<code>gerynes</code>,1,0.0001803
490,ges&aelig;lignysse,<code>ges&amp;ae;lignysse</code>,1,0.0001803
490,gesceaft,<code>gesceaft</code>,1,0.0001803
490,gesceafte,<code>gesceafte</code>,1,0.0001803
490,gesceawe&eth;,<code>gesceawe&amp;d;</code>,1,0.0001803
490,gescrifen,<code>gescrifen</code>,1,0.0001803
490,geseo&eth;,<code>geseo&amp;d;</code>,1,0.0001803
490,geseowenlicra,<code>geseowenlicra</code>,1,0.0001803
490,gesibsum,<code>gesibsum</code>,1,0.0001803
490,gesibsume,<code>gesibsume</code>,1,0.0001803
490,gesic&eth;e,<code>gesic&amp;d;e</code>,1,0.0001803
490,gesih&eth;e,<code>gesih&amp;d;e</code>,1,0.0001803
490,gesteon,<code>gesteon</code>,1,0.0001803
490,gestrange&eth;,<code>gestrange&amp;d;</code>,1,0.0001803
490,gesund,<code>gesund</code>,1,0.0001803
490,gesunden,<code>gesunden</code>,1,0.0001803
490,gesw&aelig;ncte,<code>gesw&amp;ae;ncte</code>,1,0.0001803
490,geswica&eth;,<code>geswica&amp;d;</code>,1,0.0001803
490,geswynces,<code>geswynces</code>,1,0.0001803
490,gesynegia&eth;,<code>gesynegia&amp;d;</code>,1,0.0001803
490,get&aelig;se,<code>get&amp;ae;se</code>,1,0.0001803
490,getreowe,<code>getreowe</code>,1,0.0001803
490,getreowe&eth;,<code>getreowe&amp;d;</code>,1,0.0001803
490,gew&aelig;nd,<code>gew&amp;ae;nd</code>,1,0.0001803
490,gewanh&aelig;le&eth;,<code>gewanh&amp;ae;le&amp;d;</code>,1,0.0001803
490,gewillnung,<code>gewillnung</code>,1,0.0001803
490,gewrita,<code>gewrita</code>,1,0.0001803
490,gewritena,<code>gewritena</code>,1,0.0001803
490,gewune,<code>gewune</code>,1,0.0001803
490,gewunige&eth;,<code>gewunige&amp;d;</code>,1,0.0001803
490,giefe,<code>giefe</code>,1,0.0001803
490,godan,<code>godan</code>,1,0.0001803
490,godcunden,<code>godcunden</code>,1,0.0001803
490,godne,<code>godne</code>,1,0.0001803
490,goldhord,<code>goldhord</code>,1,0.0001803
490,gomen,<code>gomen</code>,1,0.0001803
490,gylt,<code>gylt</code>,1,0.0001803
490,gylten,<code>gylten</code>,1,0.0001803
490,gyltes,<code>gyltes</code>,1,0.0001803
490,h&aelig;f&eth;,<code>h&amp;ae;f&amp;d;</code>,1,0.0001803
490,h&aelig;fe&eth;,<code>h&amp;ae;fe&amp;d;</code>,1,0.0001803
490,h&aelig;le&eth;,<code>h&amp;ae;le&amp;d;</code>,1,0.0001803
490,h&aelig;len,<code>h&amp;ae;len</code>,1,0.0001803
490,habbe,<code>habbe</code>,1,0.0001803
490,habbene,<code>habbene</code>,1,0.0001803
490,hafe&eth;,<code>hafe&amp;d;</code>,1,0.0001803
490,hal,<code>hal</code>,1,0.0001803
490,halewendlice,<code>halewendlice</code>,1,0.0001803
490,halignysse,<code>halignysse</code>,1,0.0001803
490,halwendlice,<code>halwendlice</code>,1,0.0001803
490,heage,<code>heage</code>,1,0.0001803
490,healde,<code>healde</code>,1,0.0001803
490,hecstan,<code>hecstan</code>,1,0.0001803
490,hegesten,<code>hegesten</code>,1,0.0001803
490,hehlic,<code>hehlic</code>,1,0.0001803
490,hehne,<code>hehne</code>,1,0.0001803
490,helle,<code>helle</code>,1,0.0001803
490,hellewites,<code>hellewites</code>,1,0.0001803
490,hellwaren,<code>hellwaren</code>,1,0.0001803
490,heofona,<code>heofona</code>,1,0.0001803
490,heofones,<code>heofones</code>,1,0.0001803
490,heofonlicen,<code>heofonlicen</code>,1,0.0001803
490,heonan,<code>heonan</code>,1,0.0001803
490,heore,<code>heore</code>,1,0.0001803
490,heren,<code>heren</code>,1,0.0001803
490,herigendlicre,<code>herigendlicre</code>,1,0.0001803
490,heringmannen,<code>heringmannen</code>,1,0.0001803
490,hlafordes,<code>hlafordes</code>,1,0.0001803
490,hleo&eth;re&eth;,<code>hleo&amp;d;re&amp;d;</code>,1,0.0001803
490,hr&aelig;fenes,<code>hr&amp;ae;fenes</code>,1,0.0001803
490,humilitate,<code>humilitate</code>,1,0.0001803
490,hund,<code>hund</code>,1,0.0001803
490,hunig,<code>hunig</code>,1,0.0001803
490,hwe&eth;er,<code>hwe&amp;d;er</code>,1,0.0001803
490,hwilwendlice,<code>hwilwendlice</code>,1,0.0001803
490,hwylce,<code>hwylce</code>,1,0.0001803
490,hwylcere,<code>hwylcere</code>,1,0.0001803
490,hwylcre,<code>hwylcre</code>,1,0.0001803
490,hyge&eth;,<code>hyge&amp;d;</code>,1,0.0001803
490,idel,<code>idel</code>,1,0.0001803
490,idelnysse,<code>idelnysse</code>,1,0.0001803
490,ieiunio,<code>ieiunio</code>,1,0.0001803
490,indulgentia,<code>indulgentia</code>,1,0.0001803
490,innen,<code>innen</code>,1,0.0001803
490,inneweardre,<code>inneweardre</code>,1,0.0001803
490,innre,<code>innre</code>,1,0.0001803
490,inwearda,<code>inwearda</code>,1,0.0001803
490,irene,<code>irene</code>,1,0.0001803
490,isaiam,<code>isaiam</code>,1,0.0001803
490,l&aelig;ce,<code>l&amp;ae;ce</code>,1,0.0001803
490,l&aelig;cedome,<code>l&amp;ae;cedome</code>,1,0.0001803
490,l&aelig;de&eth;,<code>l&amp;ae;de&amp;d;</code>,1,0.0001803
490,l&aelig;r&eth;,<code>l&amp;ae;r&amp;d;</code>,1,0.0001803
490,l&aelig;rde,<code>l&amp;ae;rde</code>,1,0.0001803
490,l&aelig;re,<code>l&amp;ae;re</code>,1,0.0001803
490,l&aelig;re&eth;,<code>l&amp;ae;re&amp;d;</code>,1,0.0001803
490,l&aelig;ren,<code>l&amp;ae;ren</code>,1,0.0001803
490,l&aelig;te,<code>l&amp;ae;te</code>,1,0.0001803
490,l&aelig;te&eth;,<code>l&amp;ae;te&amp;d;</code>,1,0.0001803
490,la,<code>la</code>,1,0.0001803
490,lac,<code>lac</code>,1,0.0001803
490,lafe,<code>lafe</code>,1,0.0001803
490,langes,<code>langes</code>,1,0.0001803
490,lectione,<code>lectione</code>,1,0.0001803
490,leden,<code>leden</code>,1,0.0001803
490,lenge,<code>lenge</code>,1,0.0001803
490,leofest,<code>leofest</code>,1,0.0001803
490,leofeste,<code>leofeste</code>,1,0.0001803
490,leornige,<code>leornige</code>,1,0.0001803
490,leornige&eth;,<code>leornige&amp;d;</code>,1,0.0001803
490,libbende,<code>libbende</code>,1,0.0001803
490,lice&eth;,<code>lice&amp;d;</code>,1,0.0001803
490,lichamen,<code>lichamen</code>,1,0.0001803
490,lichamlices,<code>lichamlices</code>,1,0.0001803
490,lichien,<code>lichien</code>,1,0.0001803
490,licode,<code>licode</code>,1,0.0001803
490,lochige,<code>lochige</code>,1,0.0001803
490,lochigende,<code>lochigende</code>,1,0.0001803
490,lof,<code>lof</code>,1,0.0001803
490,lofe,<code>lofe</code>,1,0.0001803
490,losien,<code>losien</code>,1,0.0001803
490,lufe&eth;,<code>lufe&amp;d;</code>,1,0.0001803
490,lufeden,<code>lufeden</code>,1,0.0001803
490,lufen,<code>lufen</code>,1,0.0001803
490,lufie&eth;,<code>lufie&amp;d;</code>,1,0.0001803
490,lufige&eth;,<code>lufige&amp;d;</code>,1,0.0001803
490,lufigene,<code>lufigene</code>,1,0.0001803
490,lustlice,<code>lustlice</code>,1,0.0001803
490,lyfigende,<code>lyfigende</code>,1,0.0001803
490,lyste&eth;,<code>lyste&amp;d;</code>,1,0.0001803
490,lytel,<code>lytel</code>,1,0.0001803
490,lytle,<code>lytle</code>,1,0.0001803
490,m&aelig;g,<code>m&amp;ae;g</code>,1,0.0001803
490,m&aelig;gnes,<code>m&amp;ae;gnes</code>,1,0.0001803
490,m&aelig;ne&eth;,<code>m&amp;ae;ne&amp;d;</code>,1,0.0001803
490,m&aelig;st,<code>m&amp;ae;st</code>,1,0.0001803
490,mage,<code>mage</code>,1,0.0001803
490,manigfealden,<code>manigfealden</code>,1,0.0001803
490,mare,<code>mare</code>,1,0.0001803
490,martires,<code>martires</code>,1,0.0001803
490,martyrhad,<code>martyrhad</code>,1,0.0001803
490,mede,<code>mede</code>,1,0.0001803
490,metes,<code>metes</code>,1,0.0001803
490,miht,<code>miht</code>,1,0.0001803
490,mihte,<code>mihte</code>,1,0.0001803
490,mihten,<code>mihten</code>,1,0.0001803
490,mines,<code>mines</code>,1,0.0001803
490,misericordia,<code>misericordia</code>,1,0.0001803
490,moda,<code>moda</code>,1,0.0001803
490,moder,<code>moder</code>,1,0.0001803
490,morgenlice,<code>morgenlice</code>,1,0.0001803
490,mot,<code>mot</code>,1,0.0001803
490,mote,<code>mote</code>,1,0.0001803
490,n&aelig;f&eth;,<code>n&amp;ae;f&amp;d;</code>,1,0.0001803
490,n&aelig;fe&eth;,<code>n&amp;ae;fe&amp;d;</code>,1,0.0001803
490,n&aelig;mnende,<code>n&amp;ae;mnende</code>,1,0.0001803
490,n&aelig;nne,<code>n&amp;ae;nne</code>,1,0.0001803
490,nabbe&eth;,<code>nabbe&amp;d;</code>,1,0.0001803
490,naht,<code>naht</code>,1,0.0001803
490,nahwyder,<code>nahwyder</code>,1,0.0001803
490,nanes,<code>nanes</code>,1,0.0001803
490,nearenysse,<code>nearenysse</code>,1,0.0001803
490,neo&eth;earf,<code>neo&amp;d;earf</code>,1,0.0001803
490,neorcsenewange,<code>neorcsenewange</code>,1,0.0001803
490,nexten,<code>nexten</code>,1,0.0001803
490,ni&eth;,<code>ni&amp;d;</code>,1,0.0001803
490,noes,<code>noes</code>,1,0.0001803
490,nolde,<code>nolde</code>,1,0.0001803
490,ny&eth;erunge,<code>ny&amp;d;erunge</code>,1,0.0001803
490,nyle,<code>nyle</code>,1,0.0001803
490,nylle&eth;,<code>nylle&amp;d;</code>,1,0.0001803
490,nyme,<code>nyme</code>,1,0.0001803
490,nymst,<code>nymst</code>,1,0.0001803
490,ofdune,<code>ofdune</code>,1,0.0001803
490,ofer&aelig;tes,<code>ofer&amp;ae;tes</code>,1,0.0001803
490,oferhyde,<code>oferhyde</code>,1,0.0001803
490,oferhygde,<code>oferhygde</code>,1,0.0001803
490,ofermeta,<code>ofermeta</code>,1,0.0001803
490,ofermod,<code>ofermod</code>,1,0.0001803
490,ofermoda,<code>ofermoda</code>,1,0.0001803
490,ofermode,<code>ofermode</code>,1,0.0001803
490,ofermodege&eth;,<code>ofermodege&amp;d;</code>,1,0.0001803
490,oferswi&eth;,<code>oferswi&amp;d;</code>,1,0.0001803
490,oferswi&eth;&eth;,<code>oferswi&amp;d;&amp;d;</code>,1,0.0001803
490,oferswi&eth;e,<code>oferswi&amp;d;e</code>,1,0.0001803
490,ofsett,<code>ofsett</code>,1,0.0001803
490,oncnawe&eth;,<code>oncnawe&amp;d;</code>,1,0.0001803
490,oncnawednysse,<code>oncnawednysse</code>,1,0.0001803
490,ondett,<code>ondett</code>,1,0.0001803
490,ondr&aelig;den,<code>ondr&amp;ae;den</code>,1,0.0001803
490,ondr&aelig;dest,<code>ondr&amp;ae;dest</code>,1,0.0001803
490,ondr&aelig;t,<code>ondr&amp;ae;t</code>,1,0.0001803
490,ondun,<code>ondun</code>,1,0.0001803
490,onfeng,<code>onfeng</code>,1,0.0001803
490,onfoh,<code>onfoh</code>,1,0.0001803
490,onfone,<code>onfone</code>,1,0.0001803
490,ongytan,<code>ongytan</code>,1,0.0001803
490,ongyten,<code>ongyten</code>,1,0.0001803
490,ongytenen,<code>ongytenen</code>,1,0.0001803
490,onhrynes,<code>onhrynes</code>,1,0.0001803
490,onwrigen,<code>onwrigen</code>,1,0.0001803
490,opene&eth;,<code>opene&amp;d;</code>,1,0.0001803
490,orsorhnysse,<code>orsorhnysse</code>,1,0.0001803
490,orwenen,<code>orwenen</code>,1,0.0001803
490,orwennysse,<code>orwennysse</code>,1,0.0001803
490,pa&eth;en,<code>pa&amp;d;en</code>,1,0.0001803
490,pace,<code>pace</code>,1,0.0001803
490,pacientia,<code>pacientia</code>,1,0.0001803
490,paulus,<code>paulus</code>,1,0.0001803
490,peccatorum,<code>peccatorum</code>,1,0.0001803
490,penitentia,<code>penitentia</code>,1,0.0001803
490,phariseum,<code>phariseum</code>,1,0.0001803
490,pine,<code>pine</code>,1,0.0001803
490,plih,<code>plih</code>,1,0.0001803
490,r&aelig;da&eth;,<code>r&amp;ae;da&amp;d;</code>,1,0.0001803
490,r&aelig;dan,<code>r&amp;ae;dan</code>,1,0.0001803
490,r&aelig;de&eth;,<code>r&amp;ae;de&amp;d;</code>,1,0.0001803
490,r&aelig;dendan,<code>r&amp;ae;dendan</code>,1,0.0001803
490,r&aelig;dindan,<code>r&amp;ae;dindan</code>,1,0.0001803
490,r&aelig;dlice,<code>r&amp;ae;dlice</code>,1,0.0001803
490,r&aelig;fen,<code>r&amp;ae;fen</code>,1,0.0001803
490,r&aelig;fne,<code>r&amp;ae;fne</code>,1,0.0001803
490,ren,<code>ren</code>,1,0.0001803
490,reowsigendan,<code>reowsigendan</code>,1,0.0001803
490,reowsunge,<code>reowsunge</code>,1,0.0001803
490,reste,<code>reste</code>,1,0.0001803
490,rihte,<code>rihte</code>,1,0.0001803
490,rihtlucor,<code>rihtlucor</code>,1,0.0001803
490,rihtwise,<code>rihtwise</code>,1,0.0001803
490,rihtwisnysse,<code>rihtwisnysse</code>,1,0.0001803
490,s&aelig;nde&eth;,<code>s&amp;ae;nde&amp;d;</code>,1,0.0001803
490,sacerd,<code>sacerd</code>,1,0.0001803
490,sacerdes,<code>sacerdes</code>,1,0.0001803
490,sca&eth;ie&eth;,<code>sca&amp;d;ie&amp;d;</code>,1,0.0001803
490,scamige,<code>scamige</code>,1,0.0001803
490,scamigen,<code>scamigen</code>,1,0.0001803
490,sceamigen,<code>sceamigen</code>,1,0.0001803
490,scearpere,<code>scearpere</code>,1,0.0001803
490,sceawere,<code>sceawere</code>,1,0.0001803
490,sceawigen,<code>sceawigen</code>,1,0.0001803
490,sceawung,<code>sceawung</code>,1,0.0001803
490,scientia,<code>scientia</code>,1,0.0001803
490,scinen,<code>scinen</code>,1,0.0001803
490,scolden,<code>scolden</code>,1,0.0001803
490,scort,<code>scort</code>,1,0.0001803
490,scos,<code>scos</code>,1,0.0001803
490,scrifte,<code>scrifte</code>,1,0.0001803
490,scripturarum,<code>scripturarum</code>,1,0.0001803
490,sculan,<code>sculan</code>,1,0.0001803
490,scule,<code>scule</code>,1,0.0001803
490,scune&eth;,<code>scune&amp;d;</code>,1,0.0001803
490,scylde,<code>scylde</code>,1,0.0001803
490,scyldigen,<code>scyldigen</code>,1,0.0001803
490,seune&eth;,<code>seune&amp;d;</code>,1,0.0001803
490,si&eth;f&aelig;te,<code>si&amp;d;f&amp;ae;te</code>,1,0.0001803
490,sicore,<code>sicore</code>,1,0.0001803
490,sien,<code>sien</code>,1,0.0001803
490,singale,<code>singale</code>,1,0.0001803
490,singallice,<code>singallice</code>,1,0.0001803
490,sitt,<code>sitt</code>,1,0.0001803
490,smyltnysse,<code>smyltnysse</code>,1,0.0001803
490,so&eth;f&aelig;stlice,<code>so&amp;d;f&amp;ae;stlice</code>,1,0.0001803
490,so&eth;lufe,<code>so&amp;d;lufe</code>,1,0.0001803
490,so&eth;re,<code>so&amp;d;re</code>,1,0.0001803
490,sp&aelig;ce,<code>sp&amp;ae;ce</code>,1,0.0001803
490,sp&aelig;cen,<code>sp&amp;ae;cen</code>,1,0.0001803
490,spe,<code>spe</code>,1,0.0001803
490,speaw,<code>speaw</code>,1,0.0001803
490,spec&eth;,<code>spec&amp;d;</code>,1,0.0001803
490,specane,<code>specane</code>,1,0.0001803
490,sped,<code>sped</code>,1,0.0001803
490,spyrne&eth;,<code>spyrne&amp;d;</code>,1,0.0001803
490,spyw&eth;en,<code>spyw&amp;d;en</code>,1,0.0001803
490,stape,<code>stape</code>,1,0.0001803
490,stapen,<code>stapen</code>,1,0.0001803
490,stefne,<code>stefne</code>,1,0.0001803
490,stih,<code>stih</code>,1,0.0001803
490,stille,<code>stille</code>,1,0.0001803
490,stillen,<code>stillen</code>,1,0.0001803
490,str&aelig;ng&eth;e,<code>str&amp;ae;ng&amp;d;e</code>,1,0.0001803
490,strang,<code>strang</code>,1,0.0001803
490,sum,<code>sum</code>,1,0.0001803
490,sunne,<code>sunne</code>,1,0.0001803
490,swanc,<code>swanc</code>,1,0.0001803
490,swelte,<code>swelte</code>,1,0.0001803
490,swettre,<code>swettre</code>,1,0.0001803
490,swigende,<code>swigende</code>,1,0.0001803
490,swinga&eth;,<code>swinga&amp;d;</code>,1,0.0001803
490,swinglen,<code>swinglen</code>,1,0.0001803
490,swy&eth;ere,<code>swy&amp;d;ere</code>,1,0.0001803
490,swylcne,<code>swylcne</code>,1,0.0001803
490,sy,<code>sy</code>,1,0.0001803
490,sylfe,<code>sylfe</code>,1,0.0001803
490,sylfre,<code>sylfre</code>,1,0.0001803
490,syll&eth;,<code>syll&amp;d;</code>,1,0.0001803
490,sylle&eth;,<code>sylle&amp;d;</code>,1,0.0001803
490,symle,<code>symle</code>,1,0.0001803
490,syn,<code>syn</code>,1,0.0001803
490,synd,<code>synd</code>,1,0.0001803
490,synderlice,<code>synderlice</code>,1,0.0001803
490,synega&eth;,<code>synega&amp;d;</code>,1,0.0001803
490,synegia&eth;,<code>synegia&amp;d;</code>,1,0.0001803
490,synegie,<code>synegie</code>,1,0.0001803
490,synegien,<code>synegien</code>,1,0.0001803
490,synfull,<code>synfull</code>,1,0.0001803
490,synfulles,<code>synfulles</code>,1,0.0001803
490,syngige,<code>syngige</code>,1,0.0001803
490,synnfulle,<code>synnfulle</code>,1,0.0001803
490,tacn,<code>tacn</code>,1,0.0001803
490,talnesse,<code>talnesse</code>,1,0.0001803
490,teonen,<code>teonen</code>,1,0.0001803
490,time,<code>time</code>,1,0.0001803
490,timore,<code>timore</code>,1,0.0001803
490,toblawena,<code>toblawena</code>,1,0.0001803
490,tocymes,<code>tocymes</code>,1,0.0001803
490,treowes,<code>treowes</code>,1,0.0001803
490,trymede,<code>trymede</code>,1,0.0001803
490,tun,<code>tun</code>,1,0.0001803
490,twa,<code>twa</code>,1,0.0001803
490,twam,<code>twam</code>,1,0.0001803
490,tweonung,<code>tweonung</code>,1,0.0001803
490,twifealde,<code>twifealde</code>,1,0.0001803
490,twifealden,<code>twifealden</code>,1,0.0001803
490,twifealdne,<code>twifealdne</code>,1,0.0001803
490,twynige,<code>twynige</code>,1,0.0001803
490,tyddernysse,<code>tyddernysse</code>,1,0.0001803
490,ufer,<code>ufer</code>,1,0.0001803
490,unalefdes,<code>unalefdes</code>,1,0.0001803
490,uncl&aelig;ne,<code>uncl&amp;ae;ne</code>,1,0.0001803
490,unea&eth;e,<code>unea&amp;d;e</code>,1,0.0001803
490,ungem&aelig;ttre,<code>ungem&amp;ae;ttre</code>,1,0.0001803
490,ungerisne,<code>ungerisne</code>,1,0.0001803
490,ungeseowenlicra,<code>ungeseowenlicra</code>,1,0.0001803
490,ungesunden,<code>ungesunden</code>,1,0.0001803
490,unhalwendlic,<code>unhalwendlic</code>,1,0.0001803
490,unm&aelig;tnysse,<code>unm&amp;ae;tnysse</code>,1,0.0001803
490,unnytt,<code>unnytt</code>,1,0.0001803
490,unrihten,<code>unrihten</code>,1,0.0001803
490,unrihtes,<code>unrihtes</code>,1,0.0001803
490,unrihtwisan,<code>unrihtwisan</code>,1,0.0001803
490,untrume,<code>untrume</code>,1,0.0001803
490,untrumen,<code>untrumen</code>,1,0.0001803
490,untrumnysse,<code>untrumnysse</code>,1,0.0001803
490,uplicen,<code>uplicen</code>,1,0.0001803
490,upplicen,<code>upplicen</code>,1,0.0001803
490,utemeste,<code>utemeste</code>,1,0.0001803
490,uten,<code>uten</code>,1,0.0001803
490,w&aelig;pen,<code>w&amp;ae;pen</code>,1,0.0001803
490,w&aelig;rr,<code>w&amp;ae;rr</code>,1,0.0001803
490,w&aelig;rscipe,<code>w&amp;ae;rscipe</code>,1,0.0001803
490,w&aelig;stmb&aelig;re,<code>w&amp;ae;stmb&amp;ae;re</code>,1,0.0001803
490,w&aelig;stmes,<code>w&amp;ae;stmes</code>,1,0.0001803
490,w&aelig;tere,<code>w&amp;ae;tere</code>,1,0.0001803
490,waca&eth;,<code>waca&amp;d;</code>,1,0.0001803
490,wacasten,<code>wacasten</code>,1,0.0001803
490,wambe,<code>wambe</code>,1,0.0001803
490,wat,<code>wat</code>,1,0.0001803
490,weig,<code>weig</code>,1,0.0001803
490,wen&eth;,<code>wen&amp;d;</code>,1,0.0001803
490,wene&eth;,<code>wene&amp;d;</code>,1,0.0001803
490,weop,<code>weop</code>,1,0.0001803
490,weopan,<code>weopan</code>,1,0.0001803
490,were,<code>were</code>,1,0.0001803
490,werigend,<code>werigend</code>,1,0.0001803
490,westd&aelig;le,<code>westd&amp;ae;le</code>,1,0.0001803
490,wi&eth;sacan,<code>wi&amp;d;sacan</code>,1,0.0001803
490,wi&eth;stande&eth;,<code>wi&amp;d;stande&amp;d;</code>,1,0.0001803
490,wif,<code>wif</code>,1,0.0001803
490,wille,<code>wille</code>,1,0.0001803
490,wilnest,<code>wilnest</code>,1,0.0001803
490,wilnie&eth;,<code>wilnie&amp;d;</code>,1,0.0001803
490,wilsumlic,<code>wilsumlic</code>,1,0.0001803
490,wind,<code>wind</code>,1,0.0001803
490,winde,<code>winde</code>,1,0.0001803
490,wise,<code>wise</code>,1,0.0001803
490,wisen,<code>wisen</code>,1,0.0001803
490,wismann,<code>wismann</code>,1,0.0001803
490,witege,<code>witege</code>,1,0.0001803
490,witegene,<code>witegene</code>,1,0.0001803
490,witendan,<code>witendan</code>,1,0.0001803
490,wites,<code>wites</code>,1,0.0001803
490,witne&eth;,<code>witne&amp;d;</code>,1,0.0001803
490,wolde,<code>wolde</code>,1,0.0001803
490,wop,<code>wop</code>,1,0.0001803
490,wope,<code>wope</code>,1,0.0001803
490,worhte,<code>worhte</code>,1,0.0001803
490,wrege&eth;,<code>wrege&amp;d;</code>,1,0.0001803
490,wregen,<code>wregen</code>,1,0.0001803
490,writere,<code>writere</code>,1,0.0001803
490,wulderbeh,<code>wulderbeh</code>,1,0.0001803
490,wunde,<code>wunde</code>,1,0.0001803
490,wunden,<code>wunden</code>,1,0.0001803
490,wunderlicre,<code>wunderlicre</code>,1,0.0001803
490,wunede,<code>wunede</code>,1,0.0001803
490,wur&eth;e,<code>wur&amp;d;e</code>,1,0.0001803
490,wurldes,<code>wurldes</code>,1,0.0001803
490,wyrce&eth;,<code>wyrce&amp;d;</code>,1,0.0001803
490,wyscest,<code>wyscest</code>,1,0.0001803
490,wyt,<code>wyt</code>,1,0.0001803
490,yfelen,<code>yfelen</code>,1,0.0001803
490,yfellic,<code>yfellic</code>,1,0.0001803
490,yfelra,<code>yfelra</code>,1,0.0001803
490,yfelre,<code>yfelre</code>,1,0.0001803
490,ytemesten,<code>ytemesten</code>,1,0.0001803
