A_Poetry,A03,A03.005_Jul_T00150.txt,1818,1301,4124
RANK,HTML WORD,RAW WORD,COUNT,RELATIVE FREQUENCY
160,&aelig;,<code>&amp;ae;</code>,3,0.0007274
518,&aelig;&eth;eling,<code>&amp;ae;&amp;d;eling</code>,1,0.0002425
160,&aelig;&thorn;ele,<code>&amp;ae;&amp;t;ele</code>,3,0.0007274
518,&aelig;&thorn;eles,<code>&amp;ae;&amp;t;eles</code>,1,0.0002425
518,&aelig;&thorn;eling,<code>&amp;ae;&amp;t;eling</code>,1,0.0002425
518,&aelig;&thorn;elinga,<code>&amp;ae;&amp;t;elinga</code>,1,0.0002425
518,&aelig;&thorn;elinges,<code>&amp;ae;&amp;t;elinges</code>,1,0.0002425
518,&aelig;&thorn;elra,<code>&amp;ae;&amp;t;elra</code>,1,0.0002425
518,&aelig;&thorn;elu,<code>&amp;ae;&amp;t;elu</code>,1,0.0002425
518,&aelig;dra,<code>&amp;ae;dra</code>,1,0.0002425
518,&aelig;dre,<code>&amp;ae;dre</code>,1,0.0002425
518,&aelig;f&thorn;oncan,<code>&amp;ae;f&amp;t;oncan</code>,1,0.0002425
518,&aelig;fre,<code>&amp;ae;fre</code>,1,0.0002425
518,&aelig;fremmende,<code>&amp;ae;fremmende</code>,1,0.0002425
51,&aelig;fter,<code>&amp;ae;fter</code>,9,0.0021823
160,&aelig;ghw&aelig;s,<code>&amp;ae;ghw&amp;ae;s</code>,3,0.0007274
518,&aelig;ghwonan,<code>&amp;ae;ghwonan</code>,1,0.0002425
518,&aelig;hte,<code>&amp;ae;hte</code>,1,0.0002425
518,&aelig;htgestealdum,<code>&amp;ae;htgestealdum</code>,1,0.0002425
518,&aelig;htspedigra,<code>&amp;ae;htspedigra</code>,1,0.0002425
518,&aelig;htum,<code>&amp;ae;htum</code>,1,0.0002425
518,&aelig;htwelig,<code>&amp;ae;htwelig</code>,1,0.0002425
518,&aelig;lda,<code>&amp;ae;lda</code>,1,0.0002425
258,&aelig;lmihtig,<code>&amp;ae;lmihtig</code>,2,0.0004850
94,&aelig;nig,<code>&amp;ae;nig</code>,5,0.0012124
518,&aelig;nige,<code>&amp;ae;nige</code>,1,0.0002425
518,&aelig;nigne,<code>&amp;ae;nigne</code>,1,0.0002425
518,&aelig;pplede,<code>&amp;ae;pplede</code>,1,0.0002425
22,&aelig;r,<code>&amp;ae;r</code>,18,0.0043647
518,&aelig;r&thorn;on,<code>&amp;ae;r&amp;t;on</code>,1,0.0002425
160,&aelig;rest,<code>&amp;ae;rest</code>,3,0.0007274
518,&aelig;rgewyrhtum,<code>&amp;ae;rgewyrhtum</code>,1,0.0002425
518,&aelig;ringe,<code>&amp;ae;ringe</code>,1,0.0002425
59,&aelig;t,<code>&amp;ae;t</code>,8,0.0019399
518,&aelig;tg&aelig;dre,<code>&amp;ae;tg&amp;ae;dre</code>,1,0.0002425
518,&eth;&aelig;t,<code>&amp;d;&amp;ae;t</code>,1,0.0002425
15,&eth;a,<code>&amp;d;a</code>,27,0.0065470
518,&eth;e,<code>&amp;d;e</code>,1,0.0002425
518,&eth;u,<code>&amp;d;u</code>,1,0.0002425
21,&thorn;&aelig;r,<code>&amp;t;&amp;ae;r</code>,19,0.0046072
518,&thorn;&aelig;ra,<code>&amp;t;&amp;ae;ra</code>,1,0.0002425
37,&thorn;&aelig;re,<code>&amp;t;&amp;ae;re</code>,12,0.0029098
20,&thorn;&aelig;s,<code>&amp;t;&amp;ae;s</code>,21,0.0050921
1,&thorn;&aelig;t,<code>&amp;t;&amp;ae;t</code>,105,0.0254607
518,&thorn;&aelig;tte,<code>&amp;t;&amp;ae;tte</code>,1,0.0002425
7,&thorn;a,<code>&amp;t;a</code>,62,0.0150339
258,&thorn;afian,<code>&amp;t;afian</code>,2,0.0004850
19,&thorn;am,<code>&amp;t;am</code>,22,0.0053346
117,&thorn;ara,<code>&amp;t;ara</code>,4,0.0009699
258,&thorn;as,<code>&amp;t;as</code>,2,0.0004850
6,&thorn;e,<code>&amp;t;e</code>,64,0.0155189
59,&thorn;eah,<code>&amp;t;eah</code>,8,0.0019399
160,&thorn;earf,<code>&amp;t;earf</code>,3,0.0007274
518,&thorn;earfe,<code>&amp;t;earfe</code>,1,0.0002425
518,&thorn;earfendum,<code>&amp;t;earfendum</code>,1,0.0002425
518,&thorn;earft,<code>&amp;t;earft</code>,1,0.0002425
518,&thorn;earlic,<code>&amp;t;earlic</code>,1,0.0002425
48,&thorn;ec,<code>&amp;t;ec</code>,10,0.0024248
258,&thorn;egn,<code>&amp;t;egn</code>,2,0.0004850
94,&thorn;egnas,<code>&amp;t;egnas</code>,5,0.0012124
258,&thorn;egnum,<code>&amp;t;egnum</code>,2,0.0004850
518,&thorn;egon,<code>&amp;t;egon</code>,1,0.0002425
518,&thorn;enden,<code>&amp;t;enden</code>,1,0.0002425
518,&thorn;ennan,<code>&amp;t;ennan</code>,1,0.0002425
160,&thorn;eoden,<code>&amp;t;eoden</code>,3,0.0007274
518,&thorn;eodnes,<code>&amp;t;eodnes</code>,1,0.0002425
518,&thorn;eodscipe,<code>&amp;t;eodscipe</code>,1,0.0002425
518,&thorn;eodscype,<code>&amp;t;eodscype</code>,1,0.0002425
518,&thorn;eos,<code>&amp;t;eos</code>,1,0.0002425
117,&thorn;es,<code>&amp;t;es</code>,4,0.0009699
518,&thorn;i,<code>&amp;t;i</code>,1,0.0002425
160,&thorn;in,<code>&amp;t;in</code>,3,0.0007274
518,&thorn;ince,<code>&amp;t;ince</code>,1,0.0002425
518,&thorn;ince&eth;,<code>&amp;t;ince&amp;d;</code>,1,0.0002425
117,&thorn;ine,<code>&amp;t;ine</code>,4,0.0009699
258,&thorn;ines,<code>&amp;t;ines</code>,2,0.0004850
518,&thorn;inga,<code>&amp;t;inga</code>,1,0.0002425
258,&thorn;ingade,<code>&amp;t;ingade</code>,2,0.0004850
518,&thorn;ingr&aelig;denne,<code>&amp;t;ingr&amp;ae;denne</code>,1,0.0002425
94,&thorn;inne,<code>&amp;t;inne</code>,5,0.0012124
518,&thorn;inra,<code>&amp;t;inra</code>,1,0.0002425
258,&thorn;inre,<code>&amp;t;inre</code>,2,0.0004850
117,&thorn;inum,<code>&amp;t;inum</code>,4,0.0009699
94,&thorn;is,<code>&amp;t;is</code>,5,0.0012124
258,&thorn;isne,<code>&amp;t;isne</code>,2,0.0004850
518,&thorn;issa,<code>&amp;t;issa</code>,1,0.0002425
518,&thorn;isse,<code>&amp;t;isse</code>,1,0.0002425
160,&thorn;issum,<code>&amp;t;issum</code>,3,0.0007274
518,&thorn;ohtun,<code>&amp;t;ohtun</code>,1,0.0002425
258,&thorn;olian,<code>&amp;t;olian</code>,2,0.0004850
518,&thorn;olianne,<code>&amp;t;olianne</code>,1,0.0002425
258,&thorn;onan,<code>&amp;t;onan</code>,2,0.0004850
518,&thorn;onc,<code>&amp;t;onc</code>,1,0.0002425
518,&thorn;oncwyr&thorn;e,<code>&amp;t;oncwyr&amp;t;e</code>,1,0.0002425
73,&thorn;one,<code>&amp;t;one</code>,7,0.0016974
25,&thorn;onne,<code>&amp;t;onne</code>,17,0.0041222
518,&thorn;orftan,<code>&amp;t;orftan</code>,1,0.0002425
258,&thorn;r&aelig;ce,<code>&amp;t;r&amp;ae;ce</code>,2,0.0004850
518,&thorn;r&aelig;chwile,<code>&amp;t;r&amp;ae;chwile</code>,1,0.0002425
518,&thorn;rag,<code>&amp;t;rag</code>,1,0.0002425
518,&thorn;rage,<code>&amp;t;rage</code>,1,0.0002425
518,&thorn;ragm&aelig;lum,<code>&amp;t;ragm&amp;ae;lum</code>,1,0.0002425
518,&thorn;rea,<code>&amp;t;rea</code>,1,0.0002425
518,&thorn;reades,<code>&amp;t;reades</code>,1,0.0002425
518,&thorn;reagan,<code>&amp;t;reagan</code>,1,0.0002425
518,&thorn;ream,<code>&amp;t;ream</code>,1,0.0002425
518,&thorn;reaned,<code>&amp;t;reaned</code>,1,0.0002425
518,&thorn;reaniedlic,<code>&amp;t;reaniedlic</code>,1,0.0002425
518,&thorn;reat,<code>&amp;t;reat</code>,1,0.0002425
518,&thorn;reate,<code>&amp;t;reate</code>,1,0.0002425
258,&thorn;riste,<code>&amp;t;riste</code>,2,0.0004850
518,&thorn;ristran,<code>&amp;t;ristran</code>,1,0.0002425
518,&thorn;rowade,<code>&amp;t;rowade</code>,1,0.0002425
518,&thorn;rowian,<code>&amp;t;rowian</code>,1,0.0002425
518,&thorn;ry&eth;fulle,<code>&amp;t;ry&amp;d;fulle</code>,1,0.0002425
518,&thorn;rym,<code>&amp;t;rym</code>,1,0.0002425
518,&thorn;rymme,<code>&amp;t;rymme</code>,1,0.0002425
258,&thorn;rymmes,<code>&amp;t;rymmes</code>,2,0.0004850
518,&thorn;rymsittende,<code>&amp;t;rymsittende</code>,1,0.0002425
518,&thorn;rymsittendne,<code>&amp;t;rymsittendne</code>,1,0.0002425
518,&thorn;rynis,<code>&amp;t;rynis</code>,1,0.0002425
4,&thorn;u,<code>&amp;t;u</code>,68,0.0164888
518,&thorn;uhte,<code>&amp;t;uhte</code>,1,0.0002425
9,&thorn;urh,<code>&amp;t;urh</code>,46,0.0111542
518,&thorn;urhtogen,<code>&amp;t;urhtogen</code>,1,0.0002425
73,&thorn;us,<code>&amp;t;us</code>,7,0.0016974
518,&thorn;weorhtimbran,<code>&amp;t;weorhtimbran</code>,1,0.0002425
59,&thorn;y,<code>&amp;t;y</code>,8,0.0019399
518,&thorn;ynce&eth;,<code>&amp;t;ynce&amp;d;</code>,1,0.0002425
518,&thorn;yrel,<code>&amp;t;yrel</code>,1,0.0002425
518,&thorn;yslicre,<code>&amp;t;yslicre</code>,1,0.0002425
258,&thorn;ystra,<code>&amp;t;ystra</code>,2,0.0004850
518,&thorn;ystran,<code>&amp;t;ystran</code>,1,0.0002425
258,&thorn;ystrum,<code>&amp;t;ystrum</code>,2,0.0004850
518,a,<code>a</code>,1,0.0002425
518,a&thorn;um,<code>a&amp;t;um</code>,1,0.0002425
518,ablende,<code>ablende</code>,1,0.0002425
94,ac,<code>ac</code>,5,0.0012124
258,acle,<code>acle</code>,2,0.0004850
117,acw&aelig;&eth;,<code>acw&amp;ae;&amp;d;</code>,4,0.0009699
518,acwellan,<code>acwellan</code>,1,0.0002425
518,acyrre,<code>acyrre</code>,1,0.0002425
518,acyrred,<code>acyrred</code>,1,0.0002425
518,ad,<code>ad</code>,1,0.0002425
518,adam,<code>adam</code>,1,0.0002425
518,aeue,<code>aeue</code>,1,0.0002425
518,affricanus,<code>affricanus</code>,1,0.0002425
518,afongen,<code>afongen</code>,1,0.0002425
518,ag&aelig;lan,<code>ag&amp;ae;lan</code>,1,0.0002425
258,agan,<code>agan</code>,2,0.0004850
73,ageaf,<code>ageaf</code>,7,0.0016974
518,agend,<code>agend</code>,1,0.0002425
518,agiefan,<code>agiefan</code>,1,0.0002425
160,agl&aelig;ca,<code>agl&amp;ae;ca</code>,3,0.0007274
518,agol,<code>agol</code>,1,0.0002425
518,agun,<code>agun</code>,1,0.0002425
518,ahebban,<code>ahebban</code>,1,0.0002425
518,aheng,<code>aheng</code>,1,0.0002425
518,ahlog,<code>ahlog</code>,1,0.0002425
518,ahof,<code>ahof</code>,1,0.0002425
258,ahon,<code>ahon</code>,2,0.0004850
518,ahwyrfan,<code>ahwyrfan</code>,1,0.0002425
518,ahwyrfen,<code>ahwyrfen</code>,1,0.0002425
518,ahylded,<code>ahylded</code>,1,0.0002425
518,al&aelig;ded,<code>al&amp;ae;ded</code>,1,0.0002425
518,aletan,<code>aletan</code>,1,0.0002425
518,aleton,<code>aleton</code>,1,0.0002425
518,alysed,<code>alysed</code>,1,0.0002425
518,amen,<code>amen</code>,1,0.0002425
160,an,<code>an</code>,3,0.0007274
518,ana,<code>ana</code>,1,0.0002425
518,andreas,<code>andreas</code>,1,0.0002425
518,anes,<code>anes</code>,1,0.0002425
518,anforleton,<code>anforleton</code>,1,0.0002425
518,ange,<code>ange</code>,1,0.0002425
518,annesse,<code>annesse</code>,1,0.0002425
258,anr&aelig;d,<code>anr&amp;ae;d</code>,2,0.0004850
518,anre,<code>anre</code>,1,0.0002425
518,anum,<code>anum</code>,1,0.0002425
518,ar,<code>ar</code>,1,0.0002425
518,ar&aelig;red,<code>ar&amp;ae;red</code>,1,0.0002425
518,arasad,<code>arasad</code>,1,0.0002425
518,are,<code>are</code>,1,0.0002425
518,areccan,<code>areccan</code>,1,0.0002425
518,arleas,<code>arleas</code>,1,0.0002425
518,arna,<code>arna</code>,1,0.0002425
258,asecgan,<code>asecgan</code>,2,0.0004850
518,asettan,<code>asettan</code>,1,0.0002425
518,astag,<code>astag</code>,1,0.0002425
518,aswebban,<code>aswebban</code>,1,0.0002425
518,attres,<code>attres</code>,1,0.0002425
518,awyrged,<code>awyrged</code>,1,0.0002425
518,awyrgedne,<code>awyrgedne</code>,1,0.0002425
518,b&aelig;&eth;,<code>b&amp;ae;&amp;d;</code>,1,0.0002425
518,b&aelig;lfira,<code>b&amp;ae;lfira</code>,1,0.0002425
518,b&aelig;lwylme,<code>b&amp;ae;lwylme</code>,1,0.0002425
518,b&aelig;m,<code>b&amp;ae;m</code>,1,0.0002425
518,b&aelig;r,<code>b&amp;ae;r</code>,1,0.0002425
518,b&aelig;rndon,<code>b&amp;ae;rndon</code>,1,0.0002425
518,banlocan,<code>banlocan</code>,1,0.0002425
518,beaduwe,<code>beaduwe</code>,1,0.0002425
518,beagas,<code>beagas</code>,1,0.0002425
518,beald,<code>beald</code>,1,0.0002425
258,bealdlice,<code>bealdlice</code>,2,0.0004850
518,bealdor,<code>bealdor</code>,1,0.0002425
518,bealg,<code>bealg</code>,1,0.0002425
518,bealo,<code>bealo</code>,1,0.0002425
518,bealo&thorn;oncum,<code>bealo&amp;t;oncum</code>,1,0.0002425
518,bealosearwum,<code>bealosearwum</code>,1,0.0002425
518,bealwa,<code>bealwa</code>,1,0.0002425
258,beam,<code>beam</code>,2,0.0004850
258,bearn,<code>bearn</code>,2,0.0004850
518,begen,<code>begen</code>,1,0.0002425
518,behliden,<code>behliden</code>,1,0.0002425
258,bendum,<code>bendum</code>,2,0.0004850
518,bennum,<code>bennum</code>,1,0.0002425
117,beo,<code>beo</code>,4,0.0009699
258,beo&eth;,<code>beo&amp;d;</code>,2,0.0004850
518,beodan,<code>beodan</code>,1,0.0002425
518,beodest,<code>beodest</code>,1,0.0002425
518,beofa&eth;,<code>beofa&amp;d;</code>,1,0.0002425
518,beom,<code>beom</code>,1,0.0002425
518,beore,<code>beore</code>,1,0.0002425
518,beorhtne,<code>beorhtne</code>,1,0.0002425
518,beorman,<code>beorman</code>,1,0.0002425
258,beorna,<code>beorna</code>,2,0.0004850
518,beornes,<code>beornes</code>,1,0.0002425
518,beorsetle,<code>beorsetle</code>,1,0.0002425
518,beotast,<code>beotast</code>,1,0.0002425
518,beotum,<code>beotum</code>,1,0.0002425
518,beotwordum,<code>beotwordum</code>,1,0.0002425
518,bere,<code>bere</code>,1,0.0002425
518,betra,<code>betra</code>,1,0.0002425
117,bi,<code>bi</code>,4,0.0009699
518,bi&eth;,<code>bi&amp;d;</code>,1,0.0002425
160,bi&thorn;,<code>bi&amp;t;</code>,3,0.0007274
518,bi&thorn;earf,<code>bi&amp;t;earf</code>,1,0.0002425
518,bi&thorn;ence,<code>bi&amp;t;ence</code>,1,0.0002425
518,bi&thorn;encest,<code>bi&amp;t;encest</code>,1,0.0002425
160,bibead,<code>bibead</code>,3,0.0007274
518,biboden,<code>biboden</code>,1,0.0002425
518,bicwom,<code>bicwom</code>,1,0.0002425
258,bid&aelig;led,<code>bid&amp;ae;led</code>,2,0.0004850
518,bida&eth;,<code>bida&amp;d;</code>,1,0.0002425
518,bidda&eth;,<code>bidda&amp;d;</code>,1,0.0002425
258,biddan,<code>biddan</code>,2,0.0004850
258,bidde,<code>bidde</code>,2,0.0004850
518,bidsteal,<code>bidsteal</code>,1,0.0002425
518,bieode,<code>bieode</code>,1,0.0002425
518,bifealh,<code>bifealh</code>,1,0.0002425
518,bifolen,<code>bifolen</code>,1,0.0002425
518,bifongen,<code>bifongen</code>,1,0.0002425
518,bigong,<code>bigong</code>,1,0.0002425
518,bigonge,<code>bigonge</code>,1,0.0002425
518,bigongest,<code>bigongest</code>,1,0.0002425
518,biheawan,<code>biheawan</code>,1,0.0002425
518,bihelmad,<code>bihelmad</code>,1,0.0002425
518,bihlyhhan,<code>bihlyhhan</code>,1,0.0002425
518,bil&aelig;nan,<code>bil&amp;ae;nan</code>,1,0.0002425
518,bilegde,<code>bilegde</code>,1,0.0002425
518,bilwitne,<code>bilwitne</code>,1,0.0002425
518,binden,<code>binden</code>,1,0.0002425
518,bineotan,<code>bineotan</code>,1,0.0002425
518,biseah,<code>biseah</code>,1,0.0002425
518,bisencte,<code>bisencte</code>,1,0.0002425
518,bisga,<code>bisga</code>,1,0.0002425
518,bisweac,<code>bisweac</code>,1,0.0002425
518,bisweop,<code>bisweop</code>,1,0.0002425
518,bitre,<code>bitre</code>,1,0.0002425
518,biweddad,<code>biweddad</code>,1,0.0002425
518,biwunden,<code>biwunden</code>,1,0.0002425
518,biwyrcan,<code>biwyrcan</code>,1,0.0002425
518,bl&aelig;d,<code>bl&amp;ae;d</code>,1,0.0002425
518,bleo,<code>bleo</code>,1,0.0002425
518,bli&thorn;um,<code>bli&amp;t;um</code>,1,0.0002425
518,blican,<code>blican</code>,1,0.0002425
258,blod,<code>blod</code>,2,0.0004850
518,blode,<code>blode</code>,1,0.0002425
518,boccr&aelig;ftge,<code>boccr&amp;ae;ftge</code>,1,0.0002425
518,boda&eth;,<code>boda&amp;d;</code>,1,0.0002425
258,bolde,<code>bolde</code>,2,0.0004850
518,boldwelan,<code>boldwelan</code>,1,0.0002425
518,bord,<code>bord</code>,1,0.0002425
518,br&aelig;c,<code>br&amp;ae;c</code>,1,0.0002425
518,brad,<code>brad</code>,1,0.0002425
518,brego,<code>brego</code>,1,0.0002425
518,breostsefan,<code>breostsefan</code>,1,0.0002425
518,breostum,<code>breostum</code>,1,0.0002425
518,breotun,<code>breotun</code>,1,0.0002425
518,bringan,<code>bringan</code>,1,0.0002425
518,bro&thorn;rum,<code>bro&amp;t;rum</code>,1,0.0002425
518,brogan,<code>brogan</code>,1,0.0002425
518,brondum,<code>brondum</code>,1,0.0002425
518,bryd,<code>bryd</code>,1,0.0002425
518,brydguma,<code>brydguma</code>,1,0.0002425
518,brydguman,<code>brydguman</code>,1,0.0002425
518,brydlufan,<code>brydlufan</code>,1,0.0002425
518,bryne,<code>bryne</code>,1,0.0002425
518,bu,<code>bu</code>,1,0.0002425
518,bugan,<code>bugan</code>,1,0.0002425
518,burge,<code>burge</code>,1,0.0002425
258,burgum,<code>burgum</code>,2,0.0004850
94,butan,<code>butan</code>,5,0.0012124
518,buton,<code>buton</code>,1,0.0002425
258,byrig,<code>byrig</code>,2,0.0004850
518,byrlade,<code>byrlade</code>,1,0.0002425
518,byrnende,<code>byrnende</code>,1,0.0002425
518,c,<code>c</code>,1,0.0002425
518,carcerne,<code>carcerne</code>,1,0.0002425
518,carcernes,<code>carcernes</code>,1,0.0002425
518,ceargealdra,<code>ceargealdra</code>,1,0.0002425
518,ceastre,<code>ceastre</code>,1,0.0002425
518,cempa,<code>cempa</code>,1,0.0002425
160,cempan,<code>cempan</code>,3,0.0007274
518,cenned,<code>cenned</code>,1,0.0002425
518,circan,<code>circan</code>,1,0.0002425
160,cl&aelig;ne,<code>cl&amp;ae;ne</code>,3,0.0007274
518,cl&aelig;nra,<code>cl&amp;ae;nra</code>,1,0.0002425
518,cleopade,<code>cleopade</code>,1,0.0002425
518,cleopian,<code>cleopian</code>,1,0.0002425
518,clustre,<code>clustre</code>,1,0.0002425
518,commedia,<code>commedia</code>,1,0.0002425
518,condel,<code>condel</code>,1,0.0002425
518,cor&thorn;re,<code>cor&amp;t;re</code>,1,0.0002425
258,cr&aelig;fte,<code>cr&amp;ae;fte</code>,2,0.0004850
518,cr&aelig;ftum,<code>cr&amp;ae;ftum</code>,1,0.0002425
160,criste,<code>criste</code>,3,0.0007274
80,cristes,<code>cristes</code>,6,0.0014549
518,cristne,<code>cristne</code>,1,0.0002425
518,cu&eth;lice,<code>cu&amp;d;lice</code>,1,0.0002425
258,cu&thorn;e,<code>cu&amp;t;e</code>,2,0.0004850
518,cu&thorn;on,<code>cu&amp;t;on</code>,1,0.0002425
518,cumbolhagan,<code>cumbolhagan</code>,1,0.0002425
518,cumbolhete,<code>cumbolhete</code>,1,0.0002425
518,cw&aelig;&eth;,<code>cw&amp;ae;&amp;d;</code>,1,0.0002425
258,cwale,<code>cwale</code>,2,0.0004850
518,cwanian,<code>cwanian</code>,1,0.0002425
518,cwealde,<code>cwealde</code>,1,0.0002425
258,cwealm,<code>cwealm</code>,2,0.0004850
518,cwellan,<code>cwellan</code>,1,0.0002425
518,cwelmdon,<code>cwelmdon</code>,1,0.0002425
518,cweman,<code>cweman</code>,1,0.0002425
160,cwom,<code>cwom</code>,3,0.0007274
258,cyme,<code>cyme</code>,2,0.0004850
518,cyn,<code>cyn</code>,1,0.0002425
51,cyning,<code>cyning</code>,9,0.0021823
258,cyninga,<code>cyninga</code>,2,0.0004850
518,cynn,<code>cynn</code>,1,0.0002425
258,cynne,<code>cynne</code>,2,0.0004850
94,cynnes,<code>cynnes</code>,5,0.0012124
518,d&aelig;da,<code>d&amp;ae;da</code>,1,0.0002425
518,d&aelig;de,<code>d&amp;ae;de</code>,1,0.0002425
518,d&aelig;dhwate,<code>d&amp;ae;dhwate</code>,1,0.0002425
258,d&aelig;dum,<code>d&amp;ae;dum</code>,2,0.0004850
258,d&aelig;g,<code>d&amp;ae;g</code>,2,0.0004850
518,d&aelig;ge,<code>d&amp;ae;ge</code>,1,0.0002425
518,d&aelig;ges,<code>d&amp;ae;ges</code>,1,0.0002425
518,dagum,<code>dagum</code>,1,0.0002425
518,dara&eth;h&aelig;bbende,<code>dara&amp;d;h&amp;ae;bbende</code>,1,0.0002425
518,dea&eth;,<code>dea&amp;d;</code>,1,0.0002425
258,dea&thorn;e,<code>dea&amp;t;e</code>,2,0.0004850
518,deafum,<code>deafum</code>,1,0.0002425
518,dehter,<code>dehter</code>,1,0.0002425
518,dem,<code>dem</code>,1,0.0002425
160,dema,<code>dema</code>,3,0.0007274
160,deman,<code>deman</code>,3,0.0007274
518,demend,<code>demend</code>,1,0.0002425
518,deoflum,<code>deoflum</code>,1,0.0002425
160,deofol,<code>deofol</code>,3,0.0007274
518,deofolgield,<code>deofolgield</code>,1,0.0002425
518,deofolgieldum,<code>deofolgieldum</code>,1,0.0002425
518,deop,<code>deop</code>,1,0.0002425
518,deopne,<code>deopne</code>,1,0.0002425
518,deor,<code>deor</code>,1,0.0002425
258,deora,<code>deora</code>,2,0.0004850
518,deorast,<code>deorast</code>,1,0.0002425
518,deorcum,<code>deorcum</code>,1,0.0002425
258,dohtor,<code>dohtor</code>,2,0.0004850
258,dolwillen,<code>dolwillen</code>,2,0.0004850
258,dom,<code>dom</code>,2,0.0004850
258,domas,<code>domas</code>,2,0.0004850
518,domeadigre,<code>domeadigre</code>,1,0.0002425
258,domsetle,<code>domsetle</code>,2,0.0004850
518,dorste,<code>dorste</code>,1,0.0002425
518,dreag,<code>dreag</code>,1,0.0002425
518,dreogest,<code>dreogest</code>,1,0.0002425
518,dreorge,<code>dreorge</code>,1,0.0002425
518,druncne,<code>druncne</code>,1,0.0002425
518,dryas,<code>dryas</code>,1,0.0002425
518,dryhtna,<code>dryhtna</code>,1,0.0002425
160,dryhtne,<code>dryhtne</code>,3,0.0007274
160,dryhtnes,<code>dryhtnes</code>,3,0.0007274
518,dugu&eth;,<code>dugu&amp;d;</code>,1,0.0002425
518,dugu&eth;e,<code>dugu&amp;d;e</code>,1,0.0002425
518,dugu&thorn;e,<code>dugu&amp;t;e</code>,1,0.0002425
518,dumbum,<code>dumbum</code>,1,0.0002425
518,durran,<code>durran</code>,1,0.0002425
518,duru,<code>duru</code>,1,0.0002425
258,dyde,<code>dyde</code>,2,0.0004850
518,dydest,<code>dydest</code>,1,0.0002425
258,dyreste,<code>dyreste</code>,2,0.0004850
518,dyrnra,<code>dyrnra</code>,1,0.0002425
518,e,<code>e</code>,1,0.0002425
117,eac,<code>eac</code>,4,0.0009699
518,ead,<code>ead</code>,1,0.0002425
160,eadge,<code>eadge</code>,3,0.0007274
518,eadgiefa,<code>eadgiefa</code>,1,0.0002425
518,eadgiefe,<code>eadgiefe</code>,1,0.0002425
518,eadgife,<code>eadgife</code>,1,0.0002425
518,eadhre&eth;ig,<code>eadhre&amp;d;ig</code>,1,0.0002425
518,eadlufan,<code>eadlufan</code>,1,0.0002425
518,eaferum,<code>eaferum</code>,1,0.0002425
518,eafo&eth;a,<code>eafo&amp;d;a</code>,1,0.0002425
258,eagna,<code>eagna</code>,2,0.0004850
258,eahtian,<code>eahtian</code>,2,0.0004850
518,eahtnysse,<code>eahtnysse</code>,1,0.0002425
73,eal,<code>eal</code>,7,0.0016974
518,ealde,<code>ealde</code>,1,0.0002425
518,ealdne,<code>ealdne</code>,1,0.0002425
117,ealdor,<code>ealdor</code>,4,0.0009699
258,ealdordom,<code>ealdordom</code>,2,0.0004850
160,ealdre,<code>ealdre</code>,3,0.0007274
117,eall,<code>eall</code>,4,0.0009699
160,ealle,<code>ealle</code>,3,0.0007274
518,ealles,<code>ealles</code>,1,0.0002425
258,ealne,<code>ealne</code>,2,0.0004850
258,ealra,<code>ealra</code>,2,0.0004850
258,eard,<code>eard</code>,2,0.0004850
518,earde,<code>earde</code>,1,0.0002425
518,eardes,<code>eardes</code>,1,0.0002425
518,earfe&eth;a,<code>earfe&amp;d;a</code>,1,0.0002425
518,earfe&thorn;u,<code>earfe&amp;t;u</code>,1,0.0002425
518,earfe&thorn;um,<code>earfe&amp;t;um</code>,1,0.0002425
518,eargfare,<code>eargfare</code>,1,0.0002425
258,earm,<code>earm</code>,2,0.0004850
518,earmne,<code>earmne</code>,1,0.0002425
518,earmsceapen,<code>earmsceapen</code>,1,0.0002425
518,eart,<code>eart</code>,1,0.0002425
117,ece,<code>ece</code>,4,0.0009699
518,ecne,<code>ecne</code>,1,0.0002425
518,ecra,<code>ecra</code>,1,0.0002425
518,edniwedan,<code>edniwedan</code>,1,0.0002425
518,edwit,<code>edwit</code>,1,0.0002425
258,eft,<code>eft</code>,2,0.0004850
518,egesful,<code>egesful</code>,1,0.0002425
518,egias,<code>egias</code>,1,0.0002425
518,egsa,<code>egsa</code>,1,0.0002425
518,egsan,<code>egsan</code>,1,0.0002425
518,ehstream,<code>ehstream</code>,1,0.0002425
518,ellenleasran,<code>ellenleasran</code>,1,0.0002425
518,ellenrofne,<code>ellenrofne</code>,1,0.0002425
518,ellenwod,<code>ellenwod</code>,1,0.0002425
518,elles,<code>elles</code>,1,0.0002425
160,ende,<code>ende</code>,3,0.0007274
258,endeleas,<code>endeleas</code>,2,0.0004850
518,endest&aelig;f,<code>endest&amp;ae;f</code>,1,0.0002425
258,engan,<code>engan</code>,2,0.0004850
258,engel,<code>engel</code>,2,0.0004850
160,engla,<code>engla</code>,3,0.0007274
518,engles,<code>engles</code>,1,0.0002425
518,eode,<code>eode</code>,1,0.0002425
518,eodera,<code>eodera</code>,1,0.0002425
518,eom,<code>eom</code>,1,0.0002425
518,eor&eth;an,<code>eor&amp;d;an</code>,1,0.0002425
80,eor&thorn;an,<code>eor&amp;t;an</code>,6,0.0014549
258,eorlum,<code>eorlum</code>,2,0.0004850
160,eow,<code>eow</code>,3,0.0007274
518,eower,<code>eower</code>,1,0.0002425
518,eowic,<code>eowic</code>,1,0.0002425
518,f,<code>f</code>,1,0.0002425
34,f&aelig;der,<code>f&amp;ae;der</code>,14,0.0033948
518,f&aelig;ge,<code>f&amp;ae;ge</code>,1,0.0002425
41,f&aelig;mnan,<code>f&amp;ae;mnan</code>,11,0.0026673
117,f&aelig;mne,<code>f&amp;ae;mne</code>,4,0.0009699
258,f&aelig;ringa,<code>f&amp;ae;ringa</code>,2,0.0004850
518,f&aelig;rspel,<code>f&amp;ae;rspel</code>,1,0.0002425
518,f&aelig;rspelle,<code>f&amp;ae;rspelle</code>,1,0.0002425
518,f&aelig;st,<code>f&amp;ae;st</code>,1,0.0002425
73,f&aelig;ste,<code>f&amp;ae;ste</code>,7,0.0016974
518,f&aelig;stlice,<code>f&amp;ae;stlice</code>,1,0.0002425
518,f&aelig;stne,<code>f&amp;ae;stne</code>,1,0.0002425
518,f&aelig;stnia&eth;,<code>f&amp;ae;stnia&amp;d;</code>,1,0.0002425
518,f&aelig;t,<code>f&amp;ae;t</code>,1,0.0002425
258,facne,<code>facne</code>,2,0.0004850
518,facnes,<code>facnes</code>,1,0.0002425
160,fah,<code>fah</code>,3,0.0007274
518,fe&eth;an,<code>fe&amp;d;an</code>,1,0.0002425
518,feam,<code>feam</code>,1,0.0002425
518,feax,<code>feax</code>,1,0.0002425
518,feaxe,<code>feaxe</code>,1,0.0002425
518,fel,<code>fel</code>,1,0.0002425
160,fela,<code>fela</code>,3,0.0007274
518,feodon,<code>feodon</code>,1,0.0002425
518,feohgestealda,<code>feohgestealda</code>,1,0.0002425
518,feohgestreon,<code>feohgestreon</code>,1,0.0002425
518,feohgestreona,<code>feohgestreona</code>,1,0.0002425
80,feond,<code>feond</code>,6,0.0014549
258,feonda,<code>feonda</code>,2,0.0004850
518,feondlice,<code>feondlice</code>,1,0.0002425
518,feondscype,<code>feondscype</code>,1,0.0002425
160,feor,<code>feor</code>,3,0.0007274
518,feore,<code>feore</code>,1,0.0002425
258,feores,<code>feores</code>,2,0.0004850
258,feorh,<code>feorh</code>,2,0.0004850
518,feorhcwale,<code>feorhcwale</code>,1,0.0002425
518,feowere,<code>feowere</code>,1,0.0002425
117,fer&eth;,<code>fer&amp;d;</code>,4,0.0009699
518,fer&eth;&thorn;e,<code>fer&amp;d;&amp;t;e</code>,1,0.0002425
518,fer&eth;grim,<code>fer&amp;d;grim</code>,1,0.0002425
258,fer&eth;locan,<code>fer&amp;d;locan</code>,2,0.0004850
518,fer&thorn;e,<code>fer&amp;t;e</code>,1,0.0002425
518,feran,<code>feran</code>,1,0.0002425
518,ferbl&aelig;dum,<code>ferbl&amp;ae;dum</code>,1,0.0002425
518,ferend,<code>ferend</code>,1,0.0002425
518,fet,<code>fet</code>,1,0.0002425
518,fetrum,<code>fetrum</code>,1,0.0002425
518,fif,<code>fif</code>,1,0.0002425
518,findan,<code>findan</code>,1,0.0002425
258,finde,<code>finde</code>,2,0.0004850
518,finde&eth;,<code>finde&amp;d;</code>,1,0.0002425
518,fintan,<code>fintan</code>,1,0.0002425
160,fira,<code>fira</code>,3,0.0007274
518,firencr&aelig;ft,<code>firencr&amp;ae;ft</code>,1,0.0002425
518,firend&aelig;dum,<code>firend&amp;ae;dum</code>,1,0.0002425
518,firenum,<code>firenum</code>,1,0.0002425
518,fires,<code>fires</code>,1,0.0002425
518,fl&aelig;schoman,<code>fl&amp;ae;schoman</code>,1,0.0002425
518,flan&thorn;r&aelig;ce,<code>flan&amp;t;r&amp;ae;ce</code>,1,0.0002425
518,fleam,<code>fleam</code>,1,0.0002425
518,fn&aelig;st,<code>fn&amp;ae;st</code>,1,0.0002425
258,folc,<code>folc</code>,2,0.0004850
518,folcagende,<code>folcagende</code>,1,0.0002425
160,folce,<code>folce</code>,3,0.0007274
518,folctogan,<code>folctogan</code>,1,0.0002425
518,foldan,<code>foldan</code>,1,0.0002425
518,folde,<code>folde</code>,1,0.0002425
51,for,<code>for</code>,9,0.0021823
258,for&eth;,<code>for&amp;d;</code>,2,0.0004850
117,for&thorn;on,<code>for&amp;t;on</code>,4,0.0009699
518,for&thorn;rycte,<code>for&amp;t;rycte</code>,1,0.0002425
518,forborn,<code>forborn</code>,1,0.0002425
518,forbr&aelig;c,<code>forbr&amp;ae;c</code>,1,0.0002425
518,forbr&aelig;gd,<code>forbr&amp;ae;gd</code>,1,0.0002425
59,fore,<code>fore</code>,8,0.0019399
518,fore&thorn;onc,<code>fore&amp;t;onc</code>,1,0.0002425
518,forfenge,<code>forfenge</code>,1,0.0002425
518,forfoh,<code>forfoh</code>,1,0.0002425
518,forgif,<code>forgif</code>,1,0.0002425
518,forhogde,<code>forhogde</code>,1,0.0002425
518,forhogdest,<code>forhogdest</code>,1,0.0002425
258,forht,<code>forht</code>,2,0.0004850
518,forhte,<code>forhte</code>,1,0.0002425
518,forhycge,<code>forhycge</code>,1,0.0002425
258,forl&aelig;te,<code>forl&amp;ae;te</code>,2,0.0004850
518,forl&aelig;test,<code>forl&amp;ae;test</code>,1,0.0002425
518,forlet,<code>forlet</code>,1,0.0002425
518,forletan,<code>forletan</code>,1,0.0002425
518,forman,<code>forman</code>,1,0.0002425
518,fornom,<code>fornom</code>,1,0.0002425
518,foron,<code>foron</code>,1,0.0002425
518,forseah,<code>forseah</code>,1,0.0002425
518,forweor&thorn;e,<code>forweor&amp;t;e</code>,1,0.0002425
518,forworhtum,<code>forworhtum</code>,1,0.0002425
258,forwyrd,<code>forwyrd</code>,2,0.0004850
518,forwyrned,<code>forwyrned</code>,1,0.0002425
518,forwyrnen,<code>forwyrnen</code>,1,0.0002425
518,fr&aelig;gn,<code>fr&amp;ae;gn</code>,1,0.0002425
518,fr&aelig;tgan,<code>fr&amp;ae;tgan</code>,1,0.0002425
518,fr&aelig;twe,<code>fr&amp;ae;twe</code>,1,0.0002425
518,fr&aelig;twum,<code>fr&amp;ae;twum</code>,1,0.0002425
518,frace&eth;u,<code>frace&amp;d;u</code>,1,0.0002425
518,frace&thorn;u,<code>frace&amp;t;u</code>,1,0.0002425
518,fracu&eth;lic,<code>fracu&amp;d;lic</code>,1,0.0002425
518,fram,<code>fram</code>,1,0.0002425
518,frea,<code>frea</code>,1,0.0002425
518,frean,<code>frean</code>,1,0.0002425
518,frecnan,<code>frecnan</code>,1,0.0002425
117,frecne,<code>frecne</code>,4,0.0009699
518,fremdne,<code>fremdne</code>,1,0.0002425
518,fremdu,<code>fremdu</code>,1,0.0002425
258,freme,<code>freme</code>,2,0.0004850
518,fremede,<code>fremede</code>,1,0.0002425
160,fremman,<code>fremman</code>,3,0.0007274
518,freonde,<code>freonde</code>,1,0.0002425
117,freondr&aelig;denne,<code>freondr&amp;ae;denne</code>,4,0.0009699
518,fri&thorn;es,<code>fri&amp;t;es</code>,1,0.0002425
518,frige,<code>frige</code>,1,0.0002425
518,frignan,<code>frignan</code>,1,0.0002425
518,frod,<code>frod</code>,1,0.0002425
160,frofre,<code>frofre</code>,3,0.0007274
41,from,<code>from</code>,11,0.0026673
518,fromlicast,<code>fromlicast</code>,1,0.0002425
258,fromlice,<code>fromlice</code>,2,0.0004850
94,fruman,<code>fruman</code>,5,0.0012124
518,frumgare,<code>frumgare</code>,1,0.0002425
160,ful,<code>ful</code>,3,0.0007274
518,full,<code>full</code>,1,0.0002425
518,funde,<code>funde</code>,1,0.0002425
518,fundne,<code>fundne</code>,1,0.0002425
160,fur&thorn;or,<code>fur&amp;t;or</code>,3,0.0007274
518,fur&thorn;um,<code>fur&amp;t;um</code>,1,0.0002425
518,fur&thorn;ur,<code>fur&amp;t;ur</code>,1,0.0002425
518,fylde,<code>fylde</code>,1,0.0002425
518,fylgest,<code>fylgest</code>,1,0.0002425
518,fyr,<code>fyr</code>,1,0.0002425
518,fyre,<code>fyre</code>,1,0.0002425
518,fyrnsynna,<code>fyrnsynna</code>,1,0.0002425
518,fyrwet,<code>fyrwet</code>,1,0.0002425
518,g&aelig;lsan,<code>g&amp;ae;lsan</code>,1,0.0002425
80,g&aelig;st,<code>g&amp;ae;st</code>,6,0.0014549
160,g&aelig;sta,<code>g&amp;ae;sta</code>,3,0.0007274
258,g&aelig;ste,<code>g&amp;ae;ste</code>,2,0.0004850
258,g&aelig;stes,<code>g&amp;ae;stes</code>,2,0.0004850
518,g&aelig;stgehygd,<code>g&amp;ae;stgehygd</code>,1,0.0002425
518,g&aelig;stgeni&eth;la,<code>g&amp;ae;stgeni&amp;d;la</code>,1,0.0002425
518,g&aelig;stlic,<code>g&amp;ae;stlic</code>,1,0.0002425
518,g&aelig;stlice,<code>g&amp;ae;stlice</code>,1,0.0002425
518,g&aelig;ston,<code>g&amp;ae;ston</code>,1,0.0002425
518,gaful,<code>gaful</code>,1,0.0002425
518,gafulr&aelig;denne,<code>gafulr&amp;ae;denne</code>,1,0.0002425
518,galan,<code>galan</code>,1,0.0002425
258,galgan,<code>galgan</code>,2,0.0004850
518,garas,<code>garas</code>,1,0.0002425
518,gare,<code>gare</code>,1,0.0002425
94,ge,<code>ge</code>,5,0.0012124
518,ge&thorn;afian,<code>ge&amp;t;afian</code>,1,0.0002425
258,ge&thorn;ingige,<code>ge&amp;t;ingige</code>,2,0.0004850
518,ge&thorn;ohtes,<code>ge&amp;t;ohtes</code>,1,0.0002425
518,ge&thorn;olia&eth;,<code>ge&amp;t;olia&amp;d;</code>,1,0.0002425
518,ge&thorn;onca,<code>ge&amp;t;onca</code>,1,0.0002425
518,ge&thorn;oncas,<code>ge&amp;t;oncas</code>,1,0.0002425
518,ge&thorn;oncge,<code>ge&amp;t;oncge</code>,1,0.0002425
518,ge&thorn;read,<code>ge&amp;t;read</code>,1,0.0002425
518,ge&thorn;reatast,<code>ge&amp;t;reatast</code>,1,0.0002425
518,ge&thorn;reatian,<code>ge&amp;t;reatian</code>,1,0.0002425
518,ge&thorn;rowade,<code>ge&amp;t;rowade</code>,1,0.0002425
518,ge&thorn;ungen,<code>ge&amp;t;ungen</code>,1,0.0002425
518,ge&thorn;yde,<code>ge&amp;t;yde</code>,1,0.0002425
518,gea&thorn;e,<code>gea&amp;t;e</code>,1,0.0002425
518,geaclad,<code>geaclad</code>,1,0.0002425
258,geador,<code>geador</code>,2,0.0004850
258,gealgmod,<code>gealgmod</code>,2,0.0004850
518,geara,<code>geara</code>,1,0.0002425
160,gearo,<code>gearo</code>,3,0.0007274
518,gearwor,<code>gearwor</code>,1,0.0002425
258,geasne,<code>geasne</code>,2,0.0004850
258,geat,<code>geat</code>,2,0.0004850
160,geb&aelig;ded,<code>geb&amp;ae;ded</code>,3,0.0007274
518,geb&aelig;r,<code>geb&amp;ae;r</code>,1,0.0002425
258,gebede,<code>gebede</code>,2,0.0004850
518,gebedstowe,<code>gebedstowe</code>,1,0.0002425
258,geblissad,<code>geblissad</code>,2,0.0004850
160,gebolgen,<code>gebolgen</code>,3,0.0007274
518,gebond,<code>gebond</code>,1,0.0002425
518,gebrohton,<code>gebrohton</code>,1,0.0002425
518,gebuge,<code>gebuge</code>,1,0.0002425
518,gebunde,<code>gebunde</code>,1,0.0002425
518,gecnawan,<code>gecnawan</code>,1,0.0002425
518,gecnawe,<code>gecnawe</code>,1,0.0002425
518,gecneow,<code>gecneow</code>,1,0.0002425
518,gecorenan,<code>gecorenan</code>,1,0.0002425
160,gecorene,<code>gecorene</code>,3,0.0007274
518,gecr&aelig;fte,<code>gecr&amp;ae;fte</code>,1,0.0002425
518,gecweme,<code>gecweme</code>,1,0.0002425
518,gecwemest,<code>gecwemest</code>,1,0.0002425
258,gecy&eth;e,<code>gecy&amp;d;e</code>,2,0.0004850
518,ged&aelig;la&eth;,<code>ged&amp;ae;la&amp;d;</code>,1,0.0002425
518,gedafen,<code>gedafen</code>,1,0.0002425
518,gedest,<code>gedest</code>,1,0.0002425
518,gedolfen,<code>gedolfen</code>,1,0.0002425
518,gedon,<code>gedon</code>,1,0.0002425
518,gedwilda,<code>gedwilda</code>,1,0.0002425
518,gedwildum,<code>gedwildum</code>,1,0.0002425
160,gedwolan,<code>gedwolan</code>,3,0.0007274
518,gedwolena,<code>gedwolena</code>,1,0.0002425
518,gedwolene,<code>gedwolene</code>,1,0.0002425
518,gedyde,<code>gedyde</code>,1,0.0002425
518,gedygan,<code>gedygan</code>,1,0.0002425
258,gedyrstig,<code>gedyrstig</code>,2,0.0004850
258,gef&aelig;stnad,<code>gef&amp;ae;stnad</code>,2,0.0004850
518,gef&aelig;stnige,<code>gef&amp;ae;stnige</code>,1,0.0002425
518,gefean,<code>gefean</code>,1,0.0002425
518,geferan,<code>geferan</code>,1,0.0002425
518,gefetigan,<code>gefetigan</code>,1,0.0002425
518,geflite,<code>geflite</code>,1,0.0002425
258,gefongen,<code>gefongen</code>,2,0.0004850
160,gefremede,<code>gefremede</code>,3,0.0007274
160,gefremme,<code>gefremme</code>,3,0.0007274
518,gefreo&eth;ade,<code>gefreo&amp;d;ade</code>,1,0.0002425
518,gefreode,<code>gefreode</code>,1,0.0002425
518,gefylde,<code>gefylde</code>,1,0.0002425
258,gegearwad,<code>gegearwad</code>,2,0.0004850
258,gegearwast,<code>gegearwast</code>,2,0.0004850
518,gegyrede,<code>gegyrede</code>,1,0.0002425
518,geh&eth;u,<code>geh&amp;d;u</code>,1,0.0002425
518,geheald,<code>geheald</code>,1,0.0002425
518,geheolde,<code>geheolde</code>,1,0.0002425
518,gehet,<code>gehet</code>,1,0.0002425
258,gehw&aelig;s,<code>gehw&amp;ae;s</code>,2,0.0004850
518,gehwam,<code>gehwam</code>,1,0.0002425
518,gehwone,<code>gehwone</code>,1,0.0002425
258,gehwylc,<code>gehwylc</code>,2,0.0004850
117,gehwylces,<code>gehwylces</code>,4,0.0009699
518,gehygd,<code>gehygd</code>,1,0.0002425
518,gehygdum,<code>gehygdum</code>,1,0.0002425
518,gehynan,<code>gehynan</code>,1,0.0002425
160,gehyrde,<code>gehyrde</code>,3,0.0007274
518,gehyre,<code>gehyre</code>,1,0.0002425
160,gel&aelig;dan,<code>gel&amp;ae;dan</code>,3,0.0007274
518,gel&aelig;de,<code>gel&amp;ae;de</code>,1,0.0002425
518,gel&aelig;ded,<code>gel&amp;ae;ded</code>,1,0.0002425
117,gel&aelig;rde,<code>gel&amp;ae;rde</code>,4,0.0009699
518,gel&aelig;rest,<code>gel&amp;ae;rest</code>,1,0.0002425
258,gelamp,<code>gelamp</code>,2,0.0004850
258,geleafan,<code>geleafan</code>,2,0.0004850
518,gelenge,<code>gelenge</code>,1,0.0002425
518,gelic,<code>gelic</code>,1,0.0002425
518,gelican,<code>gelican</code>,1,0.0002425
518,geliden,<code>geliden</code>,1,0.0002425
518,gelomp,<code>gelomp</code>,1,0.0002425
518,gelong,<code>gelong</code>,1,0.0002425
518,gelyfest,<code>gelyfest</code>,1,0.0002425
518,gem&aelig;led,<code>gem&amp;ae;led</code>,1,0.0002425
518,gemanan,<code>gemanan</code>,1,0.0002425
518,gemete,<code>gemete</code>,1,0.0002425
518,gemeten,<code>gemeten</code>,1,0.0002425
518,gemette,<code>gemette</code>,1,0.0002425
518,geminsade,<code>geminsade</code>,1,0.0002425
258,gemon,<code>gemon</code>,2,0.0004850
518,gemong,<code>gemong</code>,1,0.0002425
518,gemonge,<code>gemonge</code>,1,0.0002425
518,gemotes,<code>gemotes</code>,1,0.0002425
518,gemuna&eth;,<code>gemuna&amp;d;</code>,1,0.0002425
518,gemyndig,<code>gemyndig</code>,1,0.0002425
518,gemyndum,<code>gemyndum</code>,1,0.0002425
518,gemyne,<code>gemyne</code>,1,0.0002425
518,gemyrred,<code>gemyrred</code>,1,0.0002425
59,gen,<code>gen</code>,8,0.0019399
518,geneahhe,<code>geneahhe</code>,1,0.0002425
518,geneatscolu,<code>geneatscolu</code>,1,0.0002425
518,geni&eth;lum,<code>geni&amp;d;lum</code>,1,0.0002425
518,geniwad,<code>geniwad</code>,1,0.0002425
518,genom,<code>genom</code>,1,0.0002425
518,geo,<code>geo</code>,1,0.0002425
518,geogu&eth;hades,<code>geogu&amp;d;hades</code>,1,0.0002425
258,geomor,<code>geomor</code>,2,0.0004850
160,geond,<code>geond</code>,3,0.0007274
518,geondwlite,<code>geondwlite</code>,1,0.0002425
258,geong,<code>geong</code>,2,0.0004850
518,geonge,<code>geonge</code>,1,0.0002425
518,geopenad,<code>geopenad</code>,1,0.0002425
258,georn,<code>georn</code>,2,0.0004850
258,georne,<code>georne</code>,2,0.0004850
518,geornfulra,<code>geornfulra</code>,1,0.0002425
258,geornor,<code>geornor</code>,2,0.0004850
258,gerahte,<code>gerahte</code>,2,0.0004850
258,gerefa,<code>gerefa</code>,2,0.0004850
518,gerim,<code>gerim</code>,1,0.0002425
258,gesceaft,<code>gesceaft</code>,2,0.0004850
518,gesceafta,<code>gesceafta</code>,1,0.0002425
518,gesceap,<code>gesceap</code>,1,0.0002425
518,gescomede,<code>gescomede</code>,1,0.0002425
518,gescop,<code>gescop</code>,1,0.0002425
518,gescylde&eth;,<code>gescylde&amp;d;</code>,1,0.0002425
518,gesecgan,<code>gesecgan</code>,1,0.0002425
518,gesette,<code>gesette</code>,1,0.0002425
518,gesi&eth;,<code>gesi&amp;d;</code>,1,0.0002425
518,gesingan,<code>gesingan</code>,1,0.0002425
518,gesitte,<code>gesitte</code>,1,0.0002425
117,gesohte,<code>gesohte</code>,4,0.0009699
518,gesohtes,<code>gesohtes</code>,1,0.0002425
258,gespr&aelig;ce,<code>gespr&amp;ae;ce</code>,2,0.0004850
518,gesta&thorn;elad,<code>gesta&amp;t;elad</code>,1,0.0002425
518,gesund,<code>gesund</code>,1,0.0002425
518,geswearc,<code>geswearc</code>,1,0.0002425
518,geswerge,<code>geswerge</code>,1,0.0002425
518,geswete,<code>geswete</code>,1,0.0002425
518,geswicest,<code>geswicest</code>,1,0.0002425
518,gesyne,<code>gesyne</code>,1,0.0002425
518,gesyrede,<code>gesyrede</code>,1,0.0002425
518,geteah,<code>geteah</code>,1,0.0002425
518,geteohhad,<code>geteohhad</code>,1,0.0002425
518,getreowdes,<code>getreowdes</code>,1,0.0002425
518,geweald,<code>geweald</code>,1,0.0002425
258,gewealde,<code>gewealde</code>,2,0.0004850
518,gewear&eth;,<code>gewear&amp;d;</code>,1,0.0002425
258,geweor&thorn;e,<code>geweor&amp;t;e</code>,2,0.0004850
518,geweorc,<code>geweorc</code>,1,0.0002425
518,gewin,<code>gewin</code>,1,0.0002425
518,gewindagum,<code>gewindagum</code>,1,0.0002425
518,gewinna,<code>gewinna</code>,1,0.0002425
258,gewinnan,<code>gewinnan</code>,2,0.0004850
258,gewitte,<code>gewitte</code>,2,0.0004850
518,geworht,<code>geworht</code>,1,0.0002425
518,geworhte,<code>geworhte</code>,1,0.0002425
518,geworhtra,<code>geworhtra</code>,1,0.0002425
518,gewunian,<code>gewunian</code>,1,0.0002425
518,gewurdun,<code>gewurdun</code>,1,0.0002425
518,gewynnes,<code>gewynnes</code>,1,0.0002425
518,gewyrhtum,<code>gewyrhtum</code>,1,0.0002425
518,geywed,<code>geywed</code>,1,0.0002425
518,gied,<code>gied</code>,1,0.0002425
94,giefe,<code>giefe</code>,5,0.0012124
518,giefe&eth;,<code>giefe&amp;d;</code>,1,0.0002425
518,gield,<code>gield</code>,1,0.0002425
518,gieldum,<code>gieldum</code>,1,0.0002425
518,gien,<code>gien</code>,1,0.0002425
31,gif,<code>gif</code>,15,0.0036372
518,gife&eth;,<code>gife&amp;d;</code>,1,0.0002425
518,ginf&aelig;ste,<code>ginf&amp;ae;ste</code>,1,0.0002425
518,gl&aelig;dmode,<code>gl&amp;ae;dmode</code>,1,0.0002425
518,gl&aelig;m,<code>gl&amp;ae;m</code>,1,0.0002425
258,gleaw,<code>gleaw</code>,2,0.0004850
518,gleawhycgende,<code>gleawhycgende</code>,1,0.0002425
518,gleawlice,<code>gleawlice</code>,1,0.0002425
518,gleda,<code>gleda</code>,1,0.0002425
518,gnorncearig,<code>gnorncearig</code>,1,0.0002425
41,god,<code>god</code>,11,0.0026673
160,goda,<code>goda</code>,3,0.0007274
80,gode,<code>gode</code>,6,0.0014549
37,godes,<code>godes</code>,12,0.0029098
518,godhergendra,<code>godhergendra</code>,1,0.0002425
518,godra,<code>godra</code>,1,0.0002425
518,godscyld,<code>godscyld</code>,1,0.0002425
117,godu,<code>godu</code>,4,0.0009699
160,godum,<code>godum</code>,3,0.0007274
518,gold,<code>gold</code>,1,0.0002425
518,goldspedig,<code>goldspedig</code>,1,0.0002425
518,gong,<code>gong</code>,1,0.0002425
518,gongan,<code>gongan</code>,1,0.0002425
518,gongum,<code>gongum</code>,1,0.0002425
518,gr&aelig;swong,<code>gr&amp;ae;swong</code>,1,0.0002425
518,gramum,<code>gramum</code>,1,0.0002425
518,grennade,<code>grennade</code>,1,0.0002425
518,grette,<code>grette</code>,1,0.0002425
518,grimmestan,<code>grimmestan</code>,1,0.0002425
258,grimra,<code>grimra</code>,2,0.0004850
518,gringwr&aelig;ce,<code>gringwr&amp;ae;ce</code>,1,0.0002425
160,gripe,<code>gripe</code>,3,0.0007274
518,gristbitade,<code>gristbitade</code>,1,0.0002425
518,gromra,<code>gromra</code>,1,0.0002425
518,grondorleas,<code>grondorleas</code>,1,0.0002425
518,grornhofe,<code>grornhofe</code>,1,0.0002425
160,grund,<code>grund</code>,3,0.0007274
518,grymetade,<code>grymetade</code>,1,0.0002425
518,gu&eth;e,<code>gu&amp;d;e</code>,1,0.0002425
518,gu&eth;reaf,<code>gu&amp;d;reaf</code>,1,0.0002425
518,gu&thorn;e,<code>gu&amp;t;e</code>,1,0.0002425
258,guma,<code>guma</code>,2,0.0004850
518,gumcysta,<code>gumcysta</code>,1,0.0002425
518,gumena,<code>gumena</code>,1,0.0002425
518,gylda&eth;,<code>gylda&amp;d;</code>,1,0.0002425
258,gyme,<code>gyme</code>,2,0.0004850
518,gymelease,<code>gymelease</code>,1,0.0002425
518,gyrna,<code>gyrna</code>,1,0.0002425
518,gyrne,<code>gyrne</code>,1,0.0002425
518,gyrnstafa,<code>gyrnstafa</code>,1,0.0002425
518,h&aelig;&eth;ne,<code>h&amp;ae;&amp;d;ne</code>,1,0.0002425
518,h&aelig;&eth;nes,<code>h&amp;ae;&amp;d;nes</code>,1,0.0002425
518,h&aelig;&thorn;en,<code>h&amp;ae;&amp;t;en</code>,1,0.0002425
258,h&aelig;&thorn;engield,<code>h&amp;ae;&amp;t;engield</code>,2,0.0004850
518,h&aelig;&thorn;enne,<code>h&amp;ae;&amp;t;enne</code>,1,0.0002425
518,h&aelig;&thorn;enweoh,<code>h&amp;ae;&amp;t;enweoh</code>,1,0.0002425
518,h&aelig;&thorn;num,<code>h&amp;ae;&amp;t;num</code>,1,0.0002425
258,h&aelig;bbe,<code>h&amp;ae;bbe</code>,2,0.0004850
117,h&aelig;fde,<code>h&amp;ae;fde</code>,4,0.0009699
518,h&aelig;fdon,<code>h&amp;ae;fdon</code>,1,0.0002425
518,h&aelig;ftling,<code>h&amp;ae;ftling</code>,1,0.0002425
160,h&aelig;le&eth;,<code>h&amp;ae;le&amp;d;</code>,3,0.0007274
518,h&aelig;le&eth;a,<code>h&amp;ae;le&amp;d;a</code>,1,0.0002425
518,h&aelig;le&thorn;a,<code>h&amp;ae;le&amp;t;a</code>,1,0.0002425
518,h&aelig;lend,<code>h&amp;ae;lend</code>,1,0.0002425
518,h&aelig;stlice,<code>h&amp;ae;stlice</code>,1,0.0002425
518,h&aelig;stne,<code>h&amp;ae;stne</code>,1,0.0002425
518,h&aelig;ts&eth;,<code>h&amp;ae;ts&amp;d;</code>,1,0.0002425
518,habba&thorn;,<code>habba&amp;t;</code>,1,0.0002425
518,habban,<code>habban</code>,1,0.0002425
258,hafa&eth;,<code>hafa&amp;d;</code>,2,0.0004850
258,hafast,<code>hafast</code>,2,0.0004850
518,hafen,<code>hafen</code>,1,0.0002425
518,halga,<code>halga</code>,1,0.0002425
160,halgan,<code>halgan</code>,3,0.0007274
41,halge,<code>halge</code>,11,0.0026673
160,halgum,<code>halgum</code>,3,0.0007274
518,halie,<code>halie</code>,1,0.0002425
80,halig,<code>halig</code>,6,0.0014549
258,haligne,<code>haligne</code>,2,0.0004850
160,haligra,<code>haligra</code>,3,0.0007274
258,haligre,<code>haligre</code>,2,0.0004850
160,halor,<code>halor</code>,3,0.0007274
258,halsige,<code>halsige</code>,2,0.0004850
160,ham,<code>ham</code>,3,0.0007274
518,hat,<code>hat</code>,1,0.0002425
258,hate,<code>hate</code>,2,0.0004850
518,hate&eth;,<code>hate&amp;d;</code>,1,0.0002425
12,he,<code>he</code>,43,0.0104268
258,heafde,<code>heafde</code>,2,0.0004850
258,heah&thorn;u,<code>heah&amp;t;u</code>,2,0.0004850
518,heahf&aelig;dra,<code>heahf&amp;ae;dra</code>,1,0.0002425
518,heahm&aelig;gen,<code>heahm&amp;ae;gen</code>,1,0.0002425
518,healda&eth;,<code>healda&amp;d;</code>,1,0.0002425
518,healden,<code>healden</code>,1,0.0002425
160,hean,<code>hean</code>,3,0.0007274
518,heane,<code>heane</code>,1,0.0002425
518,heanmod,<code>heanmod</code>,1,0.0002425
258,heanne,<code>heanne</code>,2,0.0004850
518,hearda,<code>hearda</code>,1,0.0002425
518,heardestan,<code>heardestan</code>,1,0.0002425
518,heardlicu,<code>heardlicu</code>,1,0.0002425
258,heardra,<code>heardra</code>,2,0.0004850
518,hearm,<code>hearm</code>,1,0.0002425
518,hearmleo&eth;,<code>hearmleo&amp;d;</code>,1,0.0002425
518,hefe&eth;,<code>hefe&amp;d;</code>,1,0.0002425
518,hefig,<code>hefig</code>,1,0.0002425
518,heliseo,<code>heliseo</code>,1,0.0002425
258,heliseus,<code>heliseus</code>,2,0.0004850
160,helle,<code>helle</code>,3,0.0007274
518,helledeofol,<code>helledeofol</code>,1,0.0002425
258,helleg&aelig;st,<code>helleg&amp;ae;st</code>,2,0.0004850
518,hellscea&thorn;um,<code>hellscea&amp;t;um</code>,1,0.0002425
258,hellwarena,<code>hellwarena</code>,2,0.0004850
518,helm,<code>helm</code>,1,0.0002425
518,help,<code>help</code>,1,0.0002425
258,helpe,<code>helpe</code>,2,0.0004850
518,helpend,<code>helpend</code>,1,0.0002425
518,helwarena,<code>helwarena</code>,1,0.0002425
25,heo,<code>heo</code>,17,0.0041222
518,heofon,<code>heofon</code>,1,0.0002425
518,heofona,<code>heofona</code>,1,0.0002425
518,heofoncyninge,<code>heofoncyninge</code>,1,0.0002425
518,heofonengla,<code>heofonengla</code>,1,0.0002425
258,heofonrices,<code>heofonrices</code>,2,0.0004850
518,heold,<code>heold</code>,1,0.0002425
518,heolstre,<code>heolstre</code>,1,0.0002425
160,heonan,<code>heonan</code>,3,0.0007274
518,heorogiferne,<code>heorogiferne</code>,1,0.0002425
518,heorogifre,<code>heorogifre</code>,1,0.0002425
258,heortan,<code>heortan</code>,2,0.0004850
258,her,<code>her</code>,2,0.0004850
518,herede,<code>herede</code>,1,0.0002425
518,heredon,<code>heredon</code>,1,0.0002425
518,hererinc,<code>hererinc</code>,1,0.0002425
518,hergan,<code>hergan</code>,1,0.0002425
518,hergen,<code>hergen</code>,1,0.0002425
518,herges,<code>herges</code>,1,0.0002425
518,herode,<code>herode</code>,1,0.0002425
25,het,<code>het</code>,17,0.0041222
518,hete&thorn;onca,<code>hete&amp;t;onca</code>,1,0.0002425
518,hettendra,<code>hettendra</code>,1,0.0002425
41,hi,<code>hi</code>,11,0.0026673
518,hider,<code>hider</code>,1,0.0002425
518,hilde&thorn;remman,<code>hilde&amp;t;remman</code>,1,0.0002425
258,hildewoman,<code>hildewoman</code>,2,0.0004850
518,hildfruma,<code>hildfruma</code>,1,0.0002425
16,him,<code>him</code>,25,0.0060621
51,hine,<code>hine</code>,9,0.0021823
258,hio,<code>hio</code>,2,0.0004850
160,hire,<code>hire</code>,3,0.0007274
34,his,<code>his</code>,14,0.0033948
160,hit,<code>hit</code>,3,0.0007274
518,hiw,<code>hiw</code>,1,0.0002425
518,hl&aelig;fdige,<code>hl&amp;ae;fdige</code>,1,0.0002425
518,hl&aelig;ndon,<code>hl&amp;ae;ndon</code>,1,0.0002425
258,hlaford,<code>hlaford</code>,2,0.0004850
258,hleo,<code>hleo</code>,2,0.0004850
518,hleo&thorn;orcwide,<code>hleo&amp;t;orcwide</code>,1,0.0002425
518,hleo&thorn;rade,<code>hleo&amp;t;rade</code>,1,0.0002425
518,hleotan,<code>hleotan</code>,1,0.0002425
518,hlinr&aelig;ced,<code>hlinr&amp;ae;ced</code>,1,0.0002425
518,hlinscuan,<code>hlinscuan</code>,1,0.0002425
518,hlo&thorn;e,<code>hlo&amp;t;e</code>,1,0.0002425
518,hofe,<code>hofe</code>,1,0.0002425
518,hofon,<code>hofon</code>,1,0.0002425
258,hogde,<code>hogde</code>,2,0.0004850
518,hogdes,<code>hogdes</code>,1,0.0002425
518,holma,<code>holma</code>,1,0.0002425
518,holte,<code>holte</code>,1,0.0002425
518,homra,<code>homra</code>,1,0.0002425
518,hondgewinn,<code>hondgewinn</code>,1,0.0002425
258,hondum,<code>hondum</code>,2,0.0004850
518,hordgestreon,<code>hordgestreon</code>,1,0.0002425
518,hordlocan,<code>hordlocan</code>,1,0.0002425
518,hospe,<code>hospe</code>,1,0.0002425
518,hospwordum,<code>hospwordum</code>,1,0.0002425
258,hr&aelig;gl,<code>hr&amp;ae;gl</code>,2,0.0004850
258,hra&thorn;e,<code>hra&amp;t;e</code>,2,0.0004850
258,hreoh,<code>hreoh</code>,2,0.0004850
518,hreowcearig,<code>hreowcearig</code>,1,0.0002425
518,hrinan,<code>hrinan</code>,1,0.0002425
518,hro&thorn;or,<code>hro&amp;t;or</code>,1,0.0002425
258,hro&thorn;ra,<code>hro&amp;t;ra</code>,2,0.0004850
59,hu,<code>hu</code>,8,0.0019399
518,hundseofontig,<code>hundseofontig</code>,1,0.0002425
518,hus,<code>hus</code>,1,0.0002425
518,hw&aelig;&thorn;re,<code>hw&amp;ae;&amp;t;re</code>,1,0.0002425
41,hw&aelig;t,<code>hw&amp;ae;t</code>,11,0.0026673
518,hwa,<code>hwa</code>,1,0.0002425
160,hweorfan,<code>hweorfan</code>,3,0.0007274
518,hweorfe&eth;,<code>hweorfe&amp;d;</code>,1,0.0002425
518,hwider,<code>hwider</code>,1,0.0002425
518,hwile,<code>hwile</code>,1,0.0002425
518,hwilum,<code>hwilum</code>,1,0.0002425
518,hwonan,<code>hwonan</code>,1,0.0002425
37,hy,<code>hy</code>,12,0.0029098
80,hyge,<code>hyge</code>,6,0.0014549
518,hygeblind,<code>hygeblind</code>,1,0.0002425
518,hygegeomre,<code>hygegeomre</code>,1,0.0002425
518,hygegrim,<code>hygegrim</code>,1,0.0002425
518,hygesnottor,<code>hygesnottor</code>,1,0.0002425
258,hyhstan,<code>hyhstan</code>,2,0.0004850
160,hyht,<code>hyht</code>,3,0.0007274
518,hyhta,<code>hyhta</code>,1,0.0002425
518,hyhte,<code>hyhte</code>,1,0.0002425
518,hyhtes,<code>hyhtes</code>,1,0.0002425
518,hyldo,<code>hyldo</code>,1,0.0002425
518,hyldu,<code>hyldu</code>,1,0.0002425
258,hyra,<code>hyra</code>,2,0.0004850
518,hyran,<code>hyran</code>,1,0.0002425
258,hyrde,<code>hyrde</code>,2,0.0004850
518,hyrdon,<code>hyrdon</code>,1,0.0002425
34,hyre,<code>hyre</code>,14,0.0033948
518,hyre&eth;,<code>hyre&amp;d;</code>,1,0.0002425
518,hyrsta,<code>hyrsta</code>,1,0.0002425
2,ic,<code>ic</code>,99,0.0240058
518,idese,<code>idese</code>,1,0.0002425
518,idle,<code>idle</code>,1,0.0002425
10,in,<code>in</code>,45,0.0109117
518,inbryrded,<code>inbryrded</code>,1,0.0002425
518,ingehygd,<code>ingehygd</code>,1,0.0002425
518,ingong,<code>ingong</code>,1,0.0002425
518,innan,<code>innan</code>,1,0.0002425
518,innanweard,<code>innanweard</code>,1,0.0002425
518,inne,<code>inne</code>,1,0.0002425
518,inwitrune,<code>inwitrune</code>,1,0.0002425
518,iohannes,<code>iohannes</code>,1,0.0002425
31,is,<code>is</code>,15,0.0036372
518,iud&aelig;dum,<code>iud&amp;ae;dum</code>,1,0.0002425
59,iuliana,<code>iuliana</code>,8,0.0019399
258,iulianan,<code>iulianan</code>,2,0.0004850
518,l,<code>l</code>,1,0.0002425
258,l&aelig;dan,<code>l&amp;ae;dan</code>,2,0.0004850
518,l&aelig;ded,<code>l&amp;ae;ded</code>,1,0.0002425
518,l&aelig;men,<code>l&amp;ae;men</code>,1,0.0002425
258,l&aelig;ran,<code>l&amp;ae;ran</code>,2,0.0004850
518,l&aelig;re&eth;,<code>l&amp;ae;re&amp;d;</code>,1,0.0002425
258,l&aelig;s,<code>l&amp;ae;s</code>,2,0.0004850
117,l&aelig;t,<code>l&amp;ae;t</code>,4,0.0009699
518,l&aelig;ta&eth;,<code>l&amp;ae;ta&amp;d;</code>,1,0.0002425
518,l&aelig;te,<code>l&amp;ae;te</code>,1,0.0002425
518,la&eth;,<code>la&amp;d;</code>,1,0.0002425
518,la&eth;geni&eth;la,<code>la&amp;d;geni&amp;d;la</code>,1,0.0002425
518,la&eth;ne,<code>la&amp;d;ne</code>,1,0.0002425
518,la&thorn;ra,<code>la&amp;t;ra</code>,1,0.0002425
258,lac,<code>lac</code>,2,0.0004850
518,lacum,<code>lacum</code>,1,0.0002425
518,laguflod,<code>laguflod</code>,1,0.0002425
518,lamf&aelig;t,<code>lamf&amp;ae;t</code>,1,0.0002425
518,lande,<code>lande</code>,1,0.0002425
518,langan,<code>langan</code>,1,0.0002425
518,lange,<code>lange</code>,1,0.0002425
518,lareow,<code>lareow</code>,1,0.0002425
117,larum,<code>larum</code>,4,0.0009699
518,lasta,<code>lasta</code>,1,0.0002425
518,late,<code>late</code>,1,0.0002425
518,lead,<code>lead</code>,1,0.0002425
258,leades,<code>leades</code>,2,0.0004850
518,leahtorcwidum,<code>leahtorcwidum</code>,1,0.0002425
94,leahtra,<code>leahtra</code>,5,0.0012124
518,leahtras,<code>leahtras</code>,1,0.0002425
518,leahtrum,<code>leahtrum</code>,1,0.0002425
518,lean,<code>lean</code>,1,0.0002425
518,leana,<code>leana</code>,1,0.0002425
518,leane,<code>leane</code>,1,0.0002425
518,leas,<code>leas</code>,1,0.0002425
94,lease,<code>lease</code>,5,0.0012124
518,leasinga,<code>leasinga</code>,1,0.0002425
518,leasingum,<code>leasingum</code>,1,0.0002425
518,legre,<code>legre</code>,1,0.0002425
518,leng,<code>leng</code>,1,0.0002425
518,lenge,<code>lenge</code>,1,0.0002425
518,leo&thorn;u,<code>leo&amp;t;u</code>,1,0.0002425
518,leodgewin,<code>leodgewin</code>,1,0.0002425
518,leodscype,<code>leodscype</code>,1,0.0002425
258,leof,<code>leof</code>,2,0.0004850
518,leofa&eth;,<code>leofa&amp;d;</code>,1,0.0002425
518,leofast,<code>leofast</code>,1,0.0002425
518,leofran,<code>leofran</code>,1,0.0002425
518,leofre,<code>leofre</code>,1,0.0002425
258,leoht,<code>leoht</code>,2,0.0004850
518,leohte,<code>leohte</code>,1,0.0002425
258,leohtes,<code>leohtes</code>,2,0.0004850
518,leolc,<code>leolc</code>,1,0.0002425
518,leoman,<code>leoman</code>,1,0.0002425
160,lic,<code>lic</code>,3,0.0007274
258,lice,<code>lice</code>,2,0.0004850
518,lices,<code>lices</code>,1,0.0002425
518,lichoman,<code>lichoman</code>,1,0.0002425
258,lif,<code>lif</code>,2,0.0004850
518,life,<code>life</code>,1,0.0002425
160,lifes,<code>lifes</code>,3,0.0007274
518,lifge,<code>lifge</code>,1,0.0002425
518,lifgendan,<code>lifgendan</code>,1,0.0002425
518,lifgendre,<code>lifgendre</code>,1,0.0002425
258,lig,<code>lig</code>,2,0.0004850
258,lige,<code>lige</code>,2,0.0004850
518,liges,<code>liges</code>,1,0.0002425
518,locan,<code>locan</code>,1,0.0002425
117,lof,<code>lof</code>,4,0.0009699
160,lofe,<code>lofe</code>,3,0.0007274
518,lofian,<code>lofian</code>,1,0.0002425
518,lofsongum,<code>lofsongum</code>,1,0.0002425
518,londmearce,<code>londmearce</code>,1,0.0002425
258,longe,<code>longe</code>,2,0.0004850
94,lufan,<code>lufan</code>,5,0.0012124
518,lufast,<code>lufast</code>,1,0.0002425
258,lufian,<code>lufian</code>,2,0.0004850
518,lufie,<code>lufie</code>,1,0.0002425
518,lufige,<code>lufige</code>,1,0.0002425
518,lufu,<code>lufu</code>,1,0.0002425
258,lustas,<code>lustas</code>,2,0.0004850
518,lyftlacende,<code>lyftlacende</code>,1,0.0002425
518,lyge,<code>lyge</code>,1,0.0002425
518,lytesna,<code>lytesna</code>,1,0.0002425
51,m&aelig;g,<code>m&amp;ae;g</code>,9,0.0021823
518,m&aelig;g&eth;had,<code>m&amp;ae;g&amp;d;had</code>,1,0.0002425
258,m&aelig;g&thorn;a,<code>m&amp;ae;g&amp;t;a</code>,2,0.0004850
518,m&aelig;gdnes,<code>m&amp;ae;gdnes</code>,1,0.0002425
518,m&aelig;ge,<code>m&amp;ae;ge</code>,1,0.0002425
518,m&aelig;gen,<code>m&amp;ae;gen</code>,1,0.0002425
518,m&aelig;gen&thorn;rymmes,<code>m&amp;ae;gen&amp;t;rymmes</code>,1,0.0002425
518,m&aelig;glufan,<code>m&amp;ae;glufan</code>,1,0.0002425
94,m&aelig;gna,<code>m&amp;ae;gna</code>,5,0.0012124
258,m&aelig;gne,<code>m&amp;ae;gne</code>,2,0.0004850
518,m&aelig;gnes,<code>m&amp;ae;gnes</code>,1,0.0002425
518,m&aelig;gr&aelig;denne,<code>m&amp;ae;gr&amp;ae;denne</code>,1,0.0002425
160,m&aelig;lde,<code>m&amp;ae;lde</code>,3,0.0007274
258,m&aelig;nan,<code>m&amp;ae;nan</code>,2,0.0004850
518,m&aelig;ne,<code>m&amp;ae;ne</code>,1,0.0002425
518,m&aelig;ra,<code>m&amp;ae;ra</code>,1,0.0002425
518,m&aelig;ran,<code>m&amp;ae;ran</code>,1,0.0002425
518,m&aelig;rne,<code>m&amp;ae;rne</code>,1,0.0002425
518,m&aelig;st,<code>m&amp;ae;st</code>,1,0.0002425
258,m&aelig;ste,<code>m&amp;ae;ste</code>,2,0.0004850
160,ma,<code>ma</code>,3,0.0007274
518,ma&thorn;&thorn;umgesteald,<code>ma&amp;t;&amp;t;umgesteald</code>,1,0.0002425
258,magum,<code>magum</code>,2,0.0004850
518,mana,<code>mana</code>,1,0.0002425
518,manes,<code>manes</code>,1,0.0002425
518,manfrea,<code>manfrea</code>,1,0.0002425
518,manfremmende,<code>manfremmende</code>,1,0.0002425
518,manna,<code>manna</code>,1,0.0002425
258,manweorca,<code>manweorca</code>,2,0.0004850
518,manweorcum,<code>manweorcum</code>,1,0.0002425
518,mara,<code>mara</code>,1,0.0002425
518,maximianes,<code>maximianes</code>,1,0.0002425
13,me,<code>me</code>,36,0.0087294
80,meaht,<code>meaht</code>,6,0.0014549
518,meahta,<code>meahta</code>,1,0.0002425
94,meahte,<code>meahte</code>,5,0.0012124
518,meahtigne,<code>meahtigne</code>,1,0.0002425
518,meahtum,<code>meahtum</code>,1,0.0002425
518,meahtun,<code>meahtun</code>,1,0.0002425
22,mec,<code>mec</code>,18,0.0043647
518,melda,<code>melda</code>,1,0.0002425
518,meldan,<code>meldan</code>,1,0.0002425
518,meldian,<code>meldian</code>,1,0.0002425
160,men,<code>men</code>,3,0.0007274
518,mengu,<code>mengu</code>,1,0.0002425
518,meorde,<code>meorde</code>,1,0.0002425
94,meotud,<code>meotud</code>,5,0.0012124
518,mereflode,<code>mereflode</code>,1,0.0002425
518,mete&eth;,<code>mete&amp;d;</code>,1,0.0002425
518,metodes,<code>metodes</code>,1,0.0002425
518,mette,<code>mette</code>,1,0.0002425
94,micel,<code>micel</code>,5,0.0012124
518,micelne,<code>micelne</code>,1,0.0002425
518,micelra,<code>micelra</code>,1,0.0002425
258,miclan,<code>miclan</code>,2,0.0004850
160,micle,<code>micle</code>,3,0.0007274
518,micles,<code>micles</code>,1,0.0002425
518,miclum,<code>miclum</code>,1,0.0002425
22,mid,<code>mid</code>,18,0.0043647
518,middangeard,<code>middangeard</code>,1,0.0002425
518,middangeardes,<code>middangeardes</code>,1,0.0002425
518,midle,<code>midle</code>,1,0.0002425
117,milde,<code>milde</code>,4,0.0009699
518,mildestan,<code>mildestan</code>,1,0.0002425
518,mildne,<code>mildne</code>,1,0.0002425
518,mildum,<code>mildum</code>,1,0.0002425
518,miltse,<code>miltse</code>,1,0.0002425
518,miltsige,<code>miltsige</code>,1,0.0002425
59,min,<code>min</code>,8,0.0019399
160,mine,<code>mine</code>,3,0.0007274
518,mines,<code>mines</code>,1,0.0002425
518,minne,<code>minne</code>,1,0.0002425
518,minra,<code>minra</code>,1,0.0002425
518,minre,<code>minre</code>,1,0.0002425
51,minum,<code>minum</code>,9,0.0021823
518,mircast,<code>mircast</code>,1,0.0002425
518,misgedwield,<code>misgedwield</code>,1,0.0002425
258,mislic,<code>mislic</code>,2,0.0004850
518,mislice,<code>mislice</code>,1,0.0002425
518,misthelme,<code>misthelme</code>,1,0.0002425
41,mod,<code>mod</code>,11,0.0026673
160,mode,<code>mode</code>,3,0.0007274
94,modes,<code>modes</code>,5,0.0012124
518,modges,<code>modges</code>,1,0.0002425
258,modig,<code>modig</code>,2,0.0004850
518,modigne,<code>modigne</code>,1,0.0002425
258,modlufan,<code>modlufan</code>,2,0.0004850
258,modsefan,<code>modsefan</code>,2,0.0004850
518,moldgr&aelig;fe,<code>moldgr&amp;ae;fe</code>,1,0.0002425
518,moldwege,<code>moldwege</code>,1,0.0002425
160,mon,<code>mon</code>,3,0.0007274
518,mon&thorn;eawum,<code>mon&amp;t;eawum</code>,1,0.0002425
518,mona&thorn;,<code>mona&amp;t;</code>,1,0.0002425
80,moncynnes,<code>moncynnes</code>,6,0.0014549
518,monigfealde,<code>monigfealde</code>,1,0.0002425
117,monna,<code>monna</code>,4,0.0009699
518,mor&thorn;res,<code>mor&amp;t;res</code>,1,0.0002425
518,moste,<code>moste</code>,1,0.0002425
518,mote,<code>mote</code>,1,0.0002425
518,mundbora,<code>mundbora</code>,1,0.0002425
518,mundboran,<code>mundboran</code>,1,0.0002425
518,mundbyrd,<code>mundbyrd</code>,1,0.0002425
258,myne,<code>myne</code>,2,0.0004850
518,myrrelsan,<code>myrrelsan</code>,1,0.0002425
518,n,<code>n</code>,1,0.0002425
80,n&aelig;fre,<code>n&amp;ae;fre</code>,6,0.0014549
117,n&aelig;s,<code>n&amp;ae;s</code>,4,0.0009699
518,nabban,<code>nabban</code>,1,0.0002425
518,nacode,<code>nacode</code>,1,0.0002425
518,nafa&eth;,<code>nafa&amp;d;</code>,1,0.0002425
518,nal&aelig;s,<code>nal&amp;ae;s</code>,1,0.0002425
258,nales,<code>nales</code>,2,0.0004850
518,nan,<code>nan</code>,1,0.0002425
518,nat,<code>nat</code>,1,0.0002425
11,ne,<code>ne</code>,44,0.0106693
518,ne&thorn;de,<code>ne&amp;t;de</code>,1,0.0002425
258,neah,<code>neah</code>,2,0.0004850
518,nearobregdum,<code>nearobregdum</code>,1,0.0002425
258,nele,<code>nele</code>,2,0.0004850
518,nelle,<code>nelle</code>,1,0.0002425
160,nelt,<code>nelt</code>,3,0.0007274
518,nemne,<code>nemne</code>,1,0.0002425
518,neode,<code>neode</code>,1,0.0002425
518,neodful,<code>neodful</code>,1,0.0002425
518,neolan,<code>neolan</code>,1,0.0002425
258,neosan,<code>neosan</code>,2,0.0004850
518,nergend,<code>nergend</code>,1,0.0002425
518,neron,<code>neron</code>,1,0.0002425
518,neton,<code>neton</code>,1,0.0002425
258,ni&eth;,<code>ni&amp;d;</code>,2,0.0004850
518,ni&eth;wr&aelig;ce,<code>ni&amp;d;wr&amp;ae;ce</code>,1,0.0002425
258,ni&thorn;a,<code>ni&amp;t;a</code>,2,0.0004850
518,ni&thorn;er,<code>ni&amp;t;er</code>,1,0.0002425
518,niht,<code>niht</code>,1,0.0002425
518,nime,<code>nime</code>,1,0.0002425
518,no&thorn;e,<code>no&amp;t;e</code>,1,0.0002425
518,noht,<code>noht</code>,1,0.0002425
518,noma,<code>noma</code>,1,0.0002425
518,noman,<code>noman</code>,1,0.0002425
59,nu,<code>nu</code>,8,0.0019399
518,nydbysig,<code>nydbysig</code>,1,0.0002425
518,nydclafan,<code>nydclafan</code>,1,0.0002425
160,nyde,<code>nyde</code>,3,0.0007274
518,o&eth;,<code>o&amp;d;</code>,1,0.0002425
518,o&eth;&thorn;rong,<code>o&amp;d;&amp;t;rong</code>,1,0.0002425
518,o&eth;cyrre&eth;,<code>o&amp;d;cyrre&amp;d;</code>,1,0.0002425
518,o&thorn;,<code>o&amp;t;</code>,1,0.0002425
518,o&thorn;&thorn;&aelig;t,<code>o&amp;t;&amp;t;&amp;ae;t</code>,1,0.0002425
94,o&thorn;&thorn;e,<code>o&amp;t;&amp;t;e</code>,5,0.0012124
258,o&thorn;erne,<code>o&amp;t;erne</code>,2,0.0004850
518,o&thorn;erre,<code>o&amp;t;erre</code>,1,0.0002425
518,o&thorn;re,<code>o&amp;t;re</code>,1,0.0002425
29,of,<code>of</code>,16,0.0038797
31,ofer,<code>ofer</code>,15,0.0036372
518,oferhygdum,<code>oferhygdum</code>,1,0.0002425
518,oferswi&eth;dest,<code>oferswi&amp;d;dest</code>,1,0.0002425
518,oferswi&thorn;dest,<code>oferswi&amp;t;dest</code>,1,0.0002425
518,ofeste,<code>ofeste</code>,1,0.0002425
518,ofestlice,<code>ofestlice</code>,1,0.0002425
518,ofonn,<code>ofonn</code>,1,0.0002425
117,oft,<code>oft</code>,4,0.0009699
518,oftast,<code>oftast</code>,1,0.0002425
518,ofteah,<code>ofteah</code>,1,0.0002425
8,on,<code>on</code>,51,0.0123666
518,on&aelig;lan,<code>on&amp;ae;lan</code>,1,0.0002425
518,on&aelig;le,<code>on&amp;ae;le</code>,1,0.0002425
518,onb&aelig;rnan,<code>onb&amp;ae;rnan</code>,1,0.0002425
518,onbryrdan,<code>onbryrdan</code>,1,0.0002425
94,oncw&aelig;&eth;,<code>oncw&amp;ae;&amp;d;</code>,5,0.0012124
518,oncyr,<code>oncyr</code>,1,0.0002425
518,oncyrran,<code>oncyrran</code>,1,0.0002425
258,oncyrre,<code>oncyrre</code>,2,0.0004850
518,oncyrren,<code>oncyrren</code>,1,0.0002425
3,ond,<code>ond</code>,87,0.0210960
518,ondettan,<code>ondettan</code>,1,0.0002425
258,ondr&aelig;de,<code>ondr&amp;ae;de</code>,2,0.0004850
80,ondsware,<code>ondsware</code>,6,0.0014549
518,ondwis,<code>ondwis</code>,1,0.0002425
258,ongan,<code>ongan</code>,2,0.0004850
160,ongean,<code>ongean</code>,3,0.0007274
518,ongietest,<code>ongietest</code>,1,0.0002425
518,ongin,<code>ongin</code>,1,0.0002425
518,onginne,<code>onginne</code>,1,0.0002425
73,ongon,<code>ongon</code>,7,0.0016974
518,ongunne,<code>ongunne</code>,1,0.0002425
518,ongyte,<code>ongyte</code>,1,0.0002425
518,onhate,<code>onhate</code>,1,0.0002425
518,onheht,<code>onheht</code>,1,0.0002425
518,ons&aelig;gde,<code>ons&amp;ae;gde</code>,1,0.0002425
258,onsecgan,<code>onsecgan</code>,2,0.0004850
258,onsecge,<code>onsecge</code>,2,0.0004850
160,onsende,<code>onsende</code>,3,0.0007274
518,onsende&eth;,<code>onsende&amp;d;</code>,1,0.0002425
518,onsended,<code>onsended</code>,1,0.0002425
518,onsoce,<code>onsoce</code>,1,0.0002425
518,onsohte,<code>onsohte</code>,1,0.0002425
518,onspeon,<code>onspeon</code>,1,0.0002425
258,onsund,<code>onsund</code>,2,0.0004850
258,onsyne,<code>onsyne</code>,2,0.0004850
518,ontyne,<code>ontyne</code>,1,0.0002425
518,onwend,<code>onwend</code>,1,0.0002425
518,onwende,<code>onwende</code>,1,0.0002425
518,onwreon,<code>onwreon</code>,1,0.0002425
518,onwrige,<code>onwrige</code>,1,0.0002425
518,or,<code>or</code>,1,0.0002425
518,ord,<code>ord</code>,1,0.0002425
518,orde,<code>orde</code>,1,0.0002425
518,orfeorme,<code>orfeorme</code>,1,0.0002425
518,orlegu,<code>orlegu</code>,1,0.0002425
518,orm&aelig;te,<code>orm&amp;ae;te</code>,1,0.0002425
518,orm&aelig;tu,<code>orm&amp;ae;tu</code>,1,0.0002425
518,orwena,<code>orwena</code>,1,0.0002425
518,orwigne,<code>orwigne</code>,1,0.0002425
518,orwyr&eth;u,<code>orwyr&amp;d;u</code>,1,0.0002425
518,ower,<code>ower</code>,1,0.0002425
518,paulus,<code>paulus</code>,1,0.0002425
518,petrus,<code>petrus</code>,1,0.0002425
518,pilatus,<code>pilatus</code>,1,0.0002425
518,r&aelig;des,<code>r&amp;ae;des</code>,1,0.0002425
518,r&aelig;ran,<code>r&amp;ae;ran</code>,1,0.0002425
258,r&aelig;rdon,<code>r&amp;ae;rdon</code>,2,0.0004850
518,r&aelig;rest,<code>r&amp;ae;rest</code>,1,0.0002425
518,r&aelig;se,<code>r&amp;ae;se</code>,1,0.0002425
258,re&thorn;e,<code>re&amp;t;e</code>,2,0.0004850
518,recene,<code>recene</code>,1,0.0002425
518,reone,<code>reone</code>,1,0.0002425
518,reongan,<code>reongan</code>,1,0.0002425
518,reord,<code>reord</code>,1,0.0002425
518,reordode,<code>reordode</code>,1,0.0002425
518,restan,<code>restan</code>,1,0.0002425
258,rice,<code>rice</code>,2,0.0004850
518,rices,<code>rices</code>,1,0.0002425
518,rim,<code>rim</code>,1,0.0002425
518,riman,<code>riman</code>,1,0.0002425
518,rime,<code>rime</code>,1,0.0002425
160,rode,<code>rode</code>,3,0.0007274
518,rodera,<code>rodera</code>,1,0.0002425
518,roderum,<code>roderum</code>,1,0.0002425
518,rodor,<code>rodor</code>,1,0.0002425
518,rodorcyninges,<code>rodorcyninges</code>,1,0.0002425
518,rondburgum,<code>rondburgum</code>,1,0.0002425
518,rume,<code>rume</code>,1,0.0002425
258,rune,<code>rune</code>,2,0.0004850
518,ryhte,<code>ryhte</code>,1,0.0002425
518,ryhtfremmendra,<code>ryhtfremmendra</code>,1,0.0002425
518,ryne,<code>ryne</code>,1,0.0002425
160,s&aelig;gde,<code>s&amp;ae;gde</code>,3,0.0007274
518,s&aelig;gdon,<code>s&amp;ae;gdon</code>,1,0.0002425
258,s&aelig;mran,<code>s&amp;ae;mran</code>,2,0.0004850
518,s&aelig;nran,<code>s&amp;ae;nran</code>,1,0.0002425
258,sacan,<code>sacan</code>,2,0.0004850
258,sace,<code>sace</code>,2,0.0004850
258,saga,<code>saga</code>,2,0.0004850
518,saga&eth;,<code>saga&amp;d;</code>,1,0.0002425
518,sagast,<code>sagast</code>,1,0.0002425
117,sar,<code>sar</code>,4,0.0009699
518,sarlicast,<code>sarlicast</code>,1,0.0002425
258,sarslege,<code>sarslege</code>,2,0.0004850
518,sarum,<code>sarum</code>,1,0.0002425
518,sarwr&aelig;ce,<code>sarwr&amp;ae;ce</code>,1,0.0002425
518,sawl,<code>sawl</code>,1,0.0002425
258,sawla,<code>sawla</code>,2,0.0004850
258,sawle,<code>sawle</code>,2,0.0004850
518,sawul,<code>sawul</code>,1,0.0002425
518,scame,<code>scame</code>,1,0.0002425
518,sce&thorn;&thorn;e,<code>sce&amp;t;&amp;t;e</code>,1,0.0002425
518,scea&thorn;ena,<code>scea&amp;t;ena</code>,1,0.0002425
518,sceacan,<code>sceacan</code>,1,0.0002425
29,sceal,<code>sceal</code>,16,0.0038797
117,scealt,<code>scealt</code>,4,0.0009699
518,sceohmod,<code>sceohmod</code>,1,0.0002425
518,sceolan,<code>sceolan</code>,1,0.0002425
160,sceolde,<code>sceolde</code>,3,0.0007274
518,scima,<code>scima</code>,1,0.0002425
518,scinlace,<code>scinlace</code>,1,0.0002425
518,scipe,<code>scipe</code>,1,0.0002425
518,sciran,<code>sciran</code>,1,0.0002425
518,scr&aelig;fe,<code>scr&amp;ae;fe</code>,1,0.0002425
518,scrife&eth;,<code>scrife&amp;d;</code>,1,0.0002425
518,scufan,<code>scufan</code>,1,0.0002425
258,scurum,<code>scurum</code>,2,0.0004850
518,scyld,<code>scyld</code>,1,0.0002425
518,scyldig,<code>scyldig</code>,1,0.0002425
518,scyldum,<code>scyldum</code>,1,0.0002425
518,scyldwyrcende,<code>scyldwyrcende</code>,1,0.0002425
518,scyndan,<code>scyndan</code>,1,0.0002425
518,scyppend,<code>scyppend</code>,1,0.0002425
14,se,<code>se</code>,30,0.0072745
258,sea&eth;,<code>sea&amp;d;</code>,2,0.0004850
518,sealde,<code>sealde</code>,1,0.0002425
258,searo&thorn;oncum,<code>searo&amp;t;oncum</code>,2,0.0004850
160,secan,<code>secan</code>,3,0.0007274
518,sece,<code>sece</code>,1,0.0002425
518,secest,<code>secest</code>,1,0.0002425
518,secga,<code>secga</code>,1,0.0002425
117,secgan,<code>secgan</code>,4,0.0009699
258,secge,<code>secge</code>,2,0.0004850
258,sefan,<code>sefan</code>,2,0.0004850
518,segon,<code>segon</code>,1,0.0002425
518,selestan,<code>selestan</code>,1,0.0002425
518,selle,<code>selle</code>,1,0.0002425
518,sellend,<code>sellend</code>,1,0.0002425
258,semninga,<code>semninga</code>,2,0.0004850
258,sende,<code>sende</code>,2,0.0004850
518,sende&eth;,<code>sende&amp;d;</code>,1,0.0002425
518,sended,<code>sended</code>,1,0.0002425
18,seo,<code>seo</code>,23,0.0055771
518,seoce,<code>seoce</code>,1,0.0002425
518,seofian,<code>seofian</code>,1,0.0002425
518,seoma&eth;,<code>seoma&amp;d;</code>,1,0.0002425
518,settest,<code>settest</code>,1,0.0002425
518,si&eth;,<code>si&amp;d;</code>,1,0.0002425
518,si&eth;&eth;an,<code>si&amp;d;&amp;d;an</code>,1,0.0002425
518,si&eth;e,<code>si&amp;d;e</code>,1,0.0002425
117,si&eth;f&aelig;t,<code>si&amp;d;f&amp;ae;t</code>,4,0.0009699
518,si&eth;um,<code>si&amp;d;um</code>,1,0.0002425
258,si&thorn;,<code>si&amp;t;</code>,2,0.0004850
80,si&thorn;&thorn;an,<code>si&amp;t;&amp;t;an</code>,6,0.0014549
518,si&thorn;ast,<code>si&amp;t;ast</code>,1,0.0002425
258,si&thorn;e,<code>si&amp;t;e</code>,2,0.0004850
518,si&thorn;edan,<code>si&amp;t;edan</code>,1,0.0002425
518,si&thorn;ende,<code>si&amp;t;ende</code>,1,0.0002425
518,si&thorn;f&aelig;t,<code>si&amp;t;f&amp;ae;t</code>,1,0.0002425
518,sibb,<code>sibb</code>,1,0.0002425
94,sibbe,<code>sibbe</code>,5,0.0012124
518,sibbum,<code>sibbum</code>,1,0.0002425
518,sidfolc,<code>sidfolc</code>,1,0.0002425
518,sidne,<code>sidne</code>,1,0.0002425
518,siex,<code>siex</code>,1,0.0002425
94,sigora,<code>sigora</code>,5,0.0012124
518,sigortifre,<code>sigortifre</code>,1,0.0002425
518,simon,<code>simon</code>,1,0.0002425
518,sin,<code>sin</code>,1,0.0002425
59,sind,<code>sind</code>,8,0.0019399
518,singal,<code>singal</code>,1,0.0002425
518,singrimme,<code>singrimme</code>,1,0.0002425
518,sinhiwan,<code>sinhiwan</code>,1,0.0002425
258,sio,<code>sio</code>,2,0.0004850
518,slege,<code>slege</code>,1,0.0002425
518,slide,<code>slide</code>,1,0.0002425
518,slog,<code>slog</code>,1,0.0002425
518,snelle,<code>snelle</code>,1,0.0002425
518,snotrestan,<code>snotrestan</code>,1,0.0002425
94,so&eth;,<code>so&amp;d;</code>,5,0.0012124
160,so&eth;e,<code>so&amp;d;e</code>,3,0.0007274
258,so&eth;f&aelig;stra,<code>so&amp;d;f&amp;ae;stra</code>,2,0.0004850
117,so&eth;f&aelig;stum,<code>so&amp;d;f&amp;ae;stum</code>,4,0.0009699
518,so&eth;lice,<code>so&amp;d;lice</code>,1,0.0002425
518,so&eth;ne,<code>so&amp;d;ne</code>,1,0.0002425
258,so&thorn;,<code>so&amp;t;</code>,2,0.0004850
518,so&thorn;e,<code>so&amp;t;e</code>,1,0.0002425
518,so&thorn;um,<code>so&amp;t;um</code>,1,0.0002425
160,sohte,<code>sohte</code>,3,0.0007274
518,sohton,<code>sohton</code>,1,0.0002425
518,sohtun,<code>sohtun</code>,1,0.0002425
160,sona,<code>sona</code>,3,0.0007274
160,sorg,<code>sorg</code>,3,0.0007274
258,sorgcearig,<code>sorgcearig</code>,2,0.0004850
518,sorge,<code>sorge</code>,1,0.0002425
518,sorgstafum,<code>sorgstafum</code>,1,0.0002425
518,sparige,<code>sparige</code>,1,0.0002425
518,spild,<code>spild</code>,1,0.0002425
518,spiowedan,<code>spiowedan</code>,1,0.0002425
518,spor,<code>spor</code>,1,0.0002425
117,spr&aelig;c,<code>spr&amp;ae;c</code>,4,0.0009699
258,spr&aelig;ce,<code>spr&amp;ae;ce</code>,2,0.0004850
518,sprong,<code>sprong</code>,1,0.0002425
258,sta&thorn;elian,<code>sta&amp;t;elian</code>,2,0.0004850
518,sta&thorn;elie,<code>sta&amp;t;elie</code>,1,0.0002425
518,sta&thorn;elige,<code>sta&amp;t;elige</code>,1,0.0002425
518,sta&thorn;ol,<code>sta&amp;t;ol</code>,1,0.0002425
518,sta&thorn;olf&aelig;st,<code>sta&amp;t;olf&amp;ae;st</code>,1,0.0002425
518,stane,<code>stane</code>,1,0.0002425
518,stearcfer&thorn;e,<code>stearcfer&amp;t;e</code>,1,0.0002425
518,stearcne,<code>stearcne</code>,1,0.0002425
518,stefn,<code>stefn</code>,1,0.0002425
518,stepe&eth;,<code>stepe&amp;d;</code>,1,0.0002425
518,sti&eth;hydge,<code>sti&amp;d;hydge</code>,1,0.0002425
518,stihtend,<code>stihtend</code>,1,0.0002425
160,stod,<code>stod</code>,3,0.0007274
518,stonda&eth;,<code>stonda&amp;d;</code>,1,0.0002425
518,stonde&eth;,<code>stonde&amp;d;</code>,1,0.0002425
518,storma,<code>storma</code>,1,0.0002425
518,stowe,<code>stowe</code>,1,0.0002425
518,stream,<code>stream</code>,1,0.0002425
258,strong,<code>strong</code>,2,0.0004850
518,stronglice,<code>stronglice</code>,1,0.0002425
518,styrde,<code>styrde</code>,1,0.0002425
518,sum,<code>sum</code>,1,0.0002425
80,sume,<code>sume</code>,6,0.0014549
518,sumerlongne,<code>sumerlongne</code>,1,0.0002425
518,sumra,<code>sumra</code>,1,0.0002425
518,sunnan,<code>sunnan</code>,1,0.0002425
518,sunsciene,<code>sunsciene</code>,1,0.0002425
518,sunu,<code>sunu</code>,1,0.0002425
518,susle,<code>susle</code>,1,0.0002425
518,susles,<code>susles</code>,1,0.0002425
518,suslum,<code>suslum</code>,1,0.0002425
25,swa,<code>swa</code>,17,0.0041222
518,sweartne,<code>sweartne</code>,1,0.0002425
258,sweartra,<code>sweartra</code>,2,0.0004850
518,sweartum,<code>sweartum</code>,1,0.0002425
518,sweltest,<code>sweltest</code>,1,0.0002425
518,swencan,<code>swencan</code>,1,0.0002425
518,sweopum,<code>sweopum</code>,1,0.0002425
258,sweor,<code>sweor</code>,2,0.0004850
518,sweordbite,<code>sweordbite</code>,1,0.0002425
518,sweordgripe,<code>sweordgripe</code>,1,0.0002425
518,sweordslege,<code>sweordslege</code>,1,0.0002425
518,sweotolicor,<code>sweotolicor</code>,1,0.0002425
518,sweotul,<code>sweotul</code>,1,0.0002425
518,swetan,<code>swetan</code>,1,0.0002425
518,swetesta,<code>swetesta</code>,1,0.0002425
518,sweteste,<code>sweteste</code>,1,0.0002425
518,swi&eth;e,<code>swi&amp;d;e</code>,1,0.0002425
518,swi&eth;fer&eth;,<code>swi&amp;d;fer&amp;d;</code>,1,0.0002425
518,swi&eth;lic,<code>swi&amp;d;lic</code>,1,0.0002425
258,swi&thorn;ast,<code>swi&amp;t;ast</code>,2,0.0004850
117,swi&thorn;e,<code>swi&amp;t;e</code>,4,0.0009699
518,swi&thorn;or,<code>swi&amp;t;or</code>,1,0.0002425
518,swican,<code>swican</code>,1,0.0002425
518,swice&eth;,<code>swice&amp;d;</code>,1,0.0002425
258,swingan,<code>swingan</code>,2,0.0004850
518,swingen,<code>swingen</code>,1,0.0002425
518,swong,<code>swong</code>,1,0.0002425
518,swonrade,<code>swonrade</code>,1,0.0002425
160,swylce,<code>swylce</code>,3,0.0007274
518,swylces,<code>swylces</code>,1,0.0002425
258,swylt,<code>swylt</code>,2,0.0004850
117,sy,<code>sy</code>,4,0.0009699
258,sylf,<code>sylf</code>,2,0.0004850
258,sylfa,<code>sylfa</code>,2,0.0004850
518,sylfe,<code>sylfe</code>,1,0.0002425
258,sylfne,<code>sylfne</code>,2,0.0004850
518,sylfre,<code>sylfre</code>,1,0.0002425
518,sylfum,<code>sylfum</code>,1,0.0002425
518,syllan,<code>syllan</code>,1,0.0002425
518,syllend,<code>syllend</code>,1,0.0002425
160,symle,<code>symle</code>,3,0.0007274
518,syn,<code>syn</code>,1,0.0002425
518,syne,<code>syne</code>,1,0.0002425
51,synna,<code>synna</code>,9,0.0021823
160,synne,<code>synne</code>,3,0.0007274
117,synnum,<code>synnum</code>,4,0.0009699
518,synsca&thorn;a,<code>synsca&amp;t;a</code>,1,0.0002425
518,t&aelig;lde,<code>t&amp;ae;lde</code>,1,0.0002425
518,t&aelig;le,<code>t&amp;ae;le</code>,1,0.0002425
518,t&aelig;lnissum,<code>t&amp;ae;lnissum</code>,1,0.0002425
518,tacne,<code>tacne</code>,1,0.0002425
518,teah,<code>teah</code>,1,0.0002425
518,tealde,<code>tealde</code>,1,0.0002425
518,tearum,<code>tearum</code>,1,0.0002425
258,teonan,<code>teonan</code>,2,0.0004850
518,teoncwide,<code>teoncwide</code>,1,0.0002425
518,teran,<code>teran</code>,1,0.0002425
160,tid,<code>tid</code>,3,0.0007274
518,tida,<code>tida</code>,1,0.0002425
518,tiohhast,<code>tiohhast</code>,1,0.0002425
4,to,<code>to</code>,68,0.0164888
518,tog&aelig;dre,<code>tog&amp;ae;dre</code>,1,0.0002425
518,tolysed,<code>tolysed</code>,1,0.0002425
258,torne,<code>torne</code>,2,0.0004850
518,torr,<code>torr</code>,1,0.0002425
518,toscaden,<code>toscaden</code>,1,0.0002425
518,tosceaf,<code>tosceaf</code>,1,0.0002425
518,toslita&eth;,<code>toslita&amp;d;</code>,1,0.0002425
518,towearp,<code>towearp</code>,1,0.0002425
518,toweorpan,<code>toweorpan</code>,1,0.0002425
518,treo,<code>treo</code>,1,0.0002425
258,treowe,<code>treowe</code>,2,0.0004850
518,trumra,<code>trumra</code>,1,0.0002425
518,trymman,<code>trymman</code>,1,0.0002425
258,tu,<code>tu</code>,2,0.0004850
518,tudre,<code>tudre</code>,1,0.0002425
518,tuge,<code>tuge</code>,1,0.0002425
518,tungla,<code>tungla</code>,1,0.0002425
518,u,<code>u</code>,1,0.0002425
518,ufan,<code>ufan</code>,1,0.0002425
518,unbealdra,<code>unbealdra</code>,1,0.0002425
258,unbi&thorn;yrfe,<code>unbi&amp;t;yrfe</code>,2,0.0004850
518,unbrice,<code>unbrice</code>,1,0.0002425
518,uncl&aelig;ne,<code>uncl&amp;ae;ne</code>,1,0.0002425
518,uncres,<code>uncres</code>,1,0.0002425
518,uncy&eth;gu,<code>uncy&amp;d;gu</code>,1,0.0002425
117,under,<code>under</code>,4,0.0009699
258,unforht,<code>unforht</code>,2,0.0004850
518,unforhte,<code>unforhte</code>,1,0.0002425
518,ungeara,<code>ungeara</code>,1,0.0002425
518,ungebletsade,<code>ungebletsade</code>,1,0.0002425
518,ungelice,<code>ungelice</code>,1,0.0002425
518,ungewemde,<code>ungewemde</code>,1,0.0002425
518,unl&aelig;d,<code>unl&amp;ae;d</code>,1,0.0002425
518,unm&aelig;te,<code>unm&amp;ae;te</code>,1,0.0002425
518,unnan,<code>unnan</code>,1,0.0002425
518,unr&aelig;des,<code>unr&amp;ae;des</code>,1,0.0002425
117,unrim,<code>unrim</code>,4,0.0009699
518,unryhtre,<code>unryhtre</code>,1,0.0002425
518,uns&aelig;lig,<code>uns&amp;ae;lig</code>,1,0.0002425
518,unscamge,<code>unscamge</code>,1,0.0002425
518,unsnytrum,<code>unsnytrum</code>,1,0.0002425
518,unsnyttrum,<code>unsnyttrum</code>,1,0.0002425
518,unw&aelig;rlicra,<code>unw&amp;ae;rlicra</code>,1,0.0002425
518,unwaclice,<code>unwaclice</code>,1,0.0002425
258,up,<code>up</code>,2,0.0004850
518,urne,<code>urne</code>,1,0.0002425
160,us,<code>us</code>,3,0.0007274
518,user,<code>user</code>,1,0.0002425
258,usic,<code>usic</code>,2,0.0004850
258,ussa,<code>ussa</code>,2,0.0004850
258,ussum,<code>ussum</code>,2,0.0004850
258,ut,<code>ut</code>,2,0.0004850
518,utgong,<code>utgong</code>,1,0.0002425
518,w,<code>w</code>,1,0.0002425
518,w&aelig;ccende,<code>w&amp;ae;ccende</code>,1,0.0002425
518,w&aelig;gan,<code>w&amp;ae;gan</code>,1,0.0002425
518,w&aelig;ges,<code>w&amp;ae;ges</code>,1,0.0002425
518,w&aelig;lgrim,<code>w&amp;ae;lgrim</code>,1,0.0002425
518,w&aelig;pnes,<code>w&amp;ae;pnes</code>,1,0.0002425
518,w&aelig;re,<code>w&amp;ae;re</code>,1,0.0002425
518,w&aelig;rf&aelig;st,<code>w&amp;ae;rf&amp;ae;st</code>,1,0.0002425
258,w&aelig;rleas,<code>w&amp;ae;rleas</code>,2,0.0004850
518,w&aelig;rlic,<code>w&amp;ae;rlic</code>,1,0.0002425
518,w&aelig;rlogan,<code>w&amp;ae;rlogan</code>,1,0.0002425
258,w&aelig;ron,<code>w&amp;ae;ron</code>,2,0.0004850
518,w&aelig;rra,<code>w&amp;ae;rra</code>,1,0.0002425
17,w&aelig;s,<code>w&amp;ae;s</code>,24,0.0058196
518,w&aelig;ter,<code>w&amp;ae;ter</code>,1,0.0002425
518,w&aelig;trum,<code>w&amp;ae;trum</code>,1,0.0002425
518,wa,<code>wa</code>,1,0.0002425
518,wafade,<code>wafade</code>,1,0.0002425
518,walde&eth;,<code>walde&amp;d;</code>,1,0.0002425
117,waldend,<code>waldend</code>,4,0.0009699
518,waldendes,<code>waldendes</code>,1,0.0002425
518,wanian,<code>wanian</code>,1,0.0002425
518,wat,<code>wat</code>,1,0.0002425
51,we,<code>we</code>,9,0.0021823
518,weal,<code>weal</code>,1,0.0002425
518,wealles,<code>wealles</code>,1,0.0002425
59,wear&eth;,<code>wear&amp;d;</code>,8,0.0019399
518,weard,<code>weard</code>,1,0.0002425
518,weardade,<code>weardade</code>,1,0.0002425
518,wearde,<code>wearde</code>,1,0.0002425
518,weardian,<code>weardian</code>,1,0.0002425
518,wedde,<code>wedde</code>,1,0.0002425
258,weg,<code>weg</code>,2,0.0004850
258,wege,<code>wege</code>,2,0.0004850
518,weges,<code>weges</code>,1,0.0002425
518,welegum,<code>welegum</code>,1,0.0002425
518,weliga,<code>weliga</code>,1,0.0002425
518,weligan,<code>weligan</code>,1,0.0002425
518,welum,<code>welum</code>,1,0.0002425
518,wen,<code>wen</code>,1,0.0002425
518,wenan,<code>wenan</code>,1,0.0002425
518,wendan,<code>wendan</code>,1,0.0002425
160,wende,<code>wende</code>,3,0.0007274
518,weoh,<code>weoh</code>,1,0.0002425
518,weohweor&eth;inga,<code>weohweor&amp;d;inga</code>,1,0.0002425
518,weol,<code>weol</code>,1,0.0002425
518,weold,<code>weold</code>,1,0.0002425
518,weolde,<code>weolde</code>,1,0.0002425
518,weor&eth;an,<code>weor&amp;d;an</code>,1,0.0002425
518,weor&eth;ige,<code>weor&amp;d;ige</code>,1,0.0002425
518,weor&eth;lic,<code>weor&amp;d;lic</code>,1,0.0002425
160,weor&thorn;an,<code>weor&amp;t;an</code>,3,0.0007274
518,weor&thorn;en,<code>weor&amp;t;en</code>,1,0.0002425
518,weor&thorn;este,<code>weor&amp;t;este</code>,1,0.0002425
518,weor&thorn;ian,<code>weor&amp;t;ian</code>,1,0.0002425
518,weorc,<code>weorc</code>,1,0.0002425
258,weorce,<code>weorce</code>,2,0.0004850
258,weorud,<code>weorud</code>,2,0.0004850
518,weoruda,<code>weoruda</code>,1,0.0002425
518,wer,<code>wer</code>,1,0.0002425
160,wer&thorn;eode,<code>wer&amp;t;eode</code>,3,0.0007274
518,wera,<code>wera</code>,1,0.0002425
518,weras,<code>weras</code>,1,0.0002425
518,weres,<code>weres</code>,1,0.0002425
518,werga,<code>werga</code>,1,0.0002425
518,wes,<code>wes</code>,1,0.0002425
37,wi&eth;,<code>wi&amp;d;</code>,12,0.0029098
518,wi&eth;gongan,<code>wi&amp;d;gongan</code>,1,0.0002425
518,wi&eth;hogde,<code>wi&amp;d;hogde</code>,1,0.0002425
518,wi&eth;s&aelig;cest,<code>wi&amp;d;s&amp;ae;cest</code>,1,0.0002425
518,wi&eth;soce,<code>wi&amp;d;soce</code>,1,0.0002425
518,wi&eth;steall,<code>wi&amp;d;steall</code>,1,0.0002425
518,wi&eth;stod,<code>wi&amp;d;stod</code>,1,0.0002425
117,wi&thorn;,<code>wi&amp;t;</code>,4,0.0009699
518,wi&thorn;erbreca,<code>wi&amp;t;erbreca</code>,1,0.0002425
518,wi&thorn;erfeohtend,<code>wi&amp;t;erfeohtend</code>,1,0.0002425
518,wi&thorn;erhycgendre,<code>wi&amp;t;erhycgendre</code>,1,0.0002425
518,wi&thorn;ersteall,<code>wi&amp;t;ersteall</code>,1,0.0002425
258,wi&thorn;stondan,<code>wi&amp;t;stondan</code>,2,0.0004850
518,wic,<code>wic</code>,1,0.0002425
518,wid,<code>wid</code>,1,0.0002425
518,widan,<code>widan</code>,1,0.0002425
518,wide,<code>wide</code>,1,0.0002425
518,wideferg,<code>wideferg</code>,1,0.0002425
518,wideferh,<code>wideferh</code>,1,0.0002425
518,wif,<code>wif</code>,1,0.0002425
518,wifa,<code>wifa</code>,1,0.0002425
518,wifes,<code>wifes</code>,1,0.0002425
518,wifgifta,<code>wifgifta</code>,1,0.0002425
518,wiflufan,<code>wiflufan</code>,1,0.0002425
518,wig&thorn;rist,<code>wig&amp;t;rist</code>,1,0.0002425
258,wigena,<code>wigena</code>,2,0.0004850
518,wiges,<code>wiges</code>,1,0.0002425
518,wilde,<code>wilde</code>,1,0.0002425
518,wile,<code>wile</code>,1,0.0002425
59,willan,<code>willan</code>,8,0.0019399
59,wille,<code>wille</code>,8,0.0019399
518,winburgum,<code>winburgum</code>,1,0.0002425
518,windas,<code>windas</code>,1,0.0002425
258,winsele,<code>winsele</code>,2,0.0004850
518,wisan,<code>wisan</code>,1,0.0002425
518,wisdomes,<code>wisdomes</code>,1,0.0002425
258,wiste,<code>wiste</code>,2,0.0004850
80,wita,<code>wita</code>,6,0.0014549
518,witan,<code>witan</code>,1,0.0002425
258,witebrogan,<code>witebrogan</code>,2,0.0004850
518,witedra,<code>witedra</code>,1,0.0002425
518,witen,<code>witen</code>,1,0.0002425
518,witena,<code>witena</code>,1,0.0002425
518,wites,<code>wites</code>,1,0.0002425
518,witgena,<code>witgena</code>,1,0.0002425
518,witod,<code>witod</code>,1,0.0002425
117,witu,<code>witu</code>,4,0.0009699
258,witum,<code>witum</code>,2,0.0004850
160,wlite,<code>wlite</code>,3,0.0007274
518,wlitescyne,<code>wlitescyne</code>,1,0.0002425
518,wlitig,<code>wlitig</code>,1,0.0002425
518,wloh,<code>wloh</code>,1,0.0002425
518,wolcnum,<code>wolcnum</code>,1,0.0002425
518,wolde,<code>wolde</code>,1,0.0002425
518,womd&aelig;da,<code>womd&amp;ae;da</code>,1,0.0002425
518,womscea&eth;a,<code>womscea&amp;d;a</code>,1,0.0002425
518,womum,<code>womum</code>,1,0.0002425
518,wopig,<code>wopig</code>,1,0.0002425
48,word,<code>word</code>,10,0.0024248
258,worda,<code>worda</code>,2,0.0004850
258,worde,<code>worde</code>,2,0.0004850
59,wordum,<code>wordum</code>,8,0.0019399
117,worulde,<code>worulde</code>,4,0.0009699
518,woruldrice,<code>woruldrice</code>,1,0.0002425
518,wr&aelig;cca,<code>wr&amp;ae;cca</code>,1,0.0002425
518,wr&aelig;ce,<code>wr&amp;ae;ce</code>,1,0.0002425
518,wr&aelig;cm&aelig;cga,<code>wr&amp;ae;cm&amp;ae;cga</code>,1,0.0002425
518,wra&eth;ra,<code>wra&amp;d;ra</code>,1,0.0002425
258,wra&thorn;e,<code>wra&amp;t;e</code>,2,0.0004850
518,wra&thorn;ra,<code>wra&amp;t;ra</code>,1,0.0002425
518,wreca&eth;,<code>wreca&amp;d;</code>,1,0.0002425
518,wrecan,<code>wrecan</code>,1,0.0002425
518,wroht,<code>wroht</code>,1,0.0002425
518,wrohtas,<code>wrohtas</code>,1,0.0002425
518,wrohtes,<code>wrohtes</code>,1,0.0002425
518,wudubeamum,<code>wudubeamum</code>,1,0.0002425
518,wuldor,<code>wuldor</code>,1,0.0002425
258,wuldorcyning,<code>wuldorcyning</code>,2,0.0004850
518,wuldorcyninge,<code>wuldorcyninge</code>,1,0.0002425
518,wuldre,<code>wuldre</code>,1,0.0002425
48,wuldres,<code>wuldres</code>,10,0.0024248
258,wunade,<code>wunade</code>,2,0.0004850
518,wunde,<code>wunde</code>,1,0.0002425
518,wundian,<code>wundian</code>,1,0.0002425
518,wundorcr&aelig;fte,<code>wundorcr&amp;ae;fte</code>,1,0.0002425
518,wundrum,<code>wundrum</code>,1,0.0002425
518,wundum,<code>wundum</code>,1,0.0002425
518,wunne,<code>wunne</code>,1,0.0002425
258,wurde,<code>wurde</code>,2,0.0004850
258,wurdon,<code>wurdon</code>,2,0.0004850
160,wylm,<code>wylm</code>,3,0.0007274
258,wyn,<code>wyn</code>,2,0.0004850
518,wyr&eth;e,<code>wyr&amp;d;e</code>,1,0.0002425
518,wyr&thorn;e,<code>wyr&amp;t;e</code>,1,0.0002425
518,wyrce,<code>wyrce</code>,1,0.0002425
258,wyrd,<code>wyrd</code>,2,0.0004850
518,wyrhtan,<code>wyrhtan</code>,1,0.0002425
518,wyrme,<code>wyrme</code>,1,0.0002425
160,wyrrestan,<code>wyrrestan</code>,3,0.0007274
518,wyrrestum,<code>wyrrestum</code>,1,0.0002425
518,xxx,<code>xxx</code>,1,0.0002425
518,y,<code>y</code>,1,0.0002425
518,y&eth;fare,<code>y&amp;d;fare</code>,1,0.0002425
258,yfel,<code>yfel</code>,2,0.0004850
258,yfeld&aelig;da,<code>yfeld&amp;ae;da</code>,2,0.0004850
518,yfeles,<code>yfeles</code>,1,0.0002425
258,yfla,<code>yfla</code>,2,0.0004850
518,yfles,<code>yfles</code>,1,0.0002425
518,yflum,<code>yflum</code>,1,0.0002425
518,ymb,<code>ymb</code>,1,0.0002425
518,ymbboren,<code>ymbboren</code>,1,0.0002425
518,ymbhwyrft,<code>ymbhwyrft</code>,1,0.0002425
518,yre&thorn;weorg,<code>yre&amp;t;weorg</code>,1,0.0002425
518,yrm&thorn;u,<code>yrm&amp;t;u</code>,1,0.0002425
518,yrm&thorn;um,<code>yrm&amp;t;um</code>,1,0.0002425
518,yrmenne,<code>yrmenne</code>,1,0.0002425
73,yrre,<code>yrre</code>,7,0.0016974
