A_Poetry,A10,A10.001_Brun_T01450.txt,286,248,365
RANK,HTML WORD,RAW WORD,COUNT,RELATIVE FREQUENCY
39,&aelig;&thorn;ele,<code>&amp;ae;&amp;t;ele</code>,1,0.0027397
16,&aelig;&thorn;eling,<code>&amp;ae;&amp;t;eling</code>,2,0.0054795
39,&aelig;&thorn;elstan,<code>&amp;ae;&amp;t;elstan</code>,1,0.0027397
39,&aelig;fre,<code>&amp;ae;fre</code>,1,0.0027397
39,&aelig;ftan,<code>&amp;ae;ftan</code>,1,0.0027397
39,&aelig;ra,<code>&amp;ae;ra</code>,1,0.0027397
39,&aelig;ses,<code>&amp;ae;ses</code>,1,0.0027397
5,&aelig;t,<code>&amp;ae;t</code>,4,0.0109589
39,&aelig;tsamne,<code>&amp;ae;tsamne</code>,1,0.0027397
39,&aelig;wiscmode,<code>&amp;ae;wiscmode</code>,1,0.0027397
9,&thorn;&aelig;r,<code>&amp;t;&amp;ae;r</code>,3,0.0082192
39,&thorn;&aelig;ra,<code>&amp;t;&amp;ae;ra</code>,1,0.0027397
16,&thorn;&aelig;s,<code>&amp;t;&amp;ae;s</code>,2,0.0054795
9,&thorn;&aelig;t,<code>&amp;t;&amp;ae;t</code>,3,0.0082192
16,&thorn;a,<code>&amp;t;a</code>,2,0.0054795
39,&thorn;am,<code>&amp;t;am</code>,1,0.0027397
39,&thorn;ane,<code>&amp;t;ane</code>,1,0.0027397
16,&thorn;e,<code>&amp;t;e</code>,2,0.0054795
39,&thorn;earle,<code>&amp;t;earle</code>,1,0.0027397
39,&thorn;eodum,<code>&amp;t;eodum</code>,1,0.0027397
39,&thorn;is,<code>&amp;t;is</code>,1,0.0027397
39,&thorn;issum,<code>&amp;t;issum</code>,1,0.0027397
39,&thorn;one,<code>&amp;t;one</code>,1,0.0027397
16,&thorn;orfte,<code>&amp;t;orfte</code>,2,0.0054795
39,&thorn;orftun,<code>&amp;t;orftun</code>,1,0.0027397
39,&thorn;y,<code>&amp;t;y</code>,1,0.0027397
16,afaran,<code>afaran</code>,2,0.0054795
39,ageted,<code>ageted</code>,1,0.0027397
2,and,<code>and</code>,9,0.0246575
39,anlaf,<code>anlaf</code>,1,0.0027397
39,anlafe,<code>anlafe</code>,1,0.0027397
39,anlafes,<code>anlafes</code>,1,0.0027397
39,arhwate,<code>arhwate</code>,1,0.0027397
39,aswefede,<code>aswefede</code>,1,0.0027397
39,beaduweorca,<code>beaduweorca</code>,1,0.0027397
39,beahgifa,<code>beahgifa</code>,1,0.0027397
39,bec,<code>bec</code>,1,0.0027397
39,becoman,<code>becoman</code>,1,0.0027397
39,beforan,<code>beforan</code>,1,0.0027397
39,begeatan,<code>begeatan</code>,1,0.0027397
39,begen,<code>begen</code>,1,0.0027397
39,behindan,<code>behindan</code>,1,0.0027397
39,beorht,<code>beorht</code>,1,0.0027397
39,beorn,<code>beorn</code>,1,0.0027397
39,beorna,<code>beorna</code>,1,0.0027397
39,beslagen,<code>beslagen</code>,1,0.0027397
39,beteran,<code>beteran</code>,1,0.0027397
39,bilgeslehtes,<code>bilgeslehtes</code>,1,0.0027397
39,blandenfeax,<code>blandenfeax</code>,1,0.0027397
39,bordweal,<code>bordweal</code>,1,0.0027397
39,bosme,<code>bosme</code>,1,0.0027397
39,brad,<code>brad</code>,1,0.0027397
39,bregu,<code>bregu</code>,1,0.0027397
39,brimu,<code>brimu</code>,1,0.0027397
39,bro&thorn;or,<code>bro&amp;t;or</code>,1,0.0027397
39,brucan,<code>brucan</code>,1,0.0027397
39,brunanburh,<code>brunanburh</code>,1,0.0027397
39,brytene,<code>brytene</code>,1,0.0027397
39,bryttian,<code>bryttian</code>,1,0.0027397
39,campe,<code>campe</code>,1,0.0027397
16,campstede,<code>campstede</code>,2,0.0054795
39,clufan,<code>clufan</code>,1,0.0027397
39,cnear,<code>cnear</code>,1,0.0027397
39,cneom&aelig;gum,<code>cneom&amp;ae;gum</code>,1,0.0027397
39,com,<code>com</code>,1,0.0027397
39,condel,<code>condel</code>,1,0.0027397
39,costontinus,<code>costontinus</code>,1,0.0027397
39,cread,<code>cread</code>,1,0.0027397
39,crungun,<code>crungun</code>,1,0.0027397
39,cumbolgehnastes,<code>cumbolgehnastes</code>,1,0.0027397
16,cy&thorn;&thorn;e,<code>cy&amp;t;&amp;t;e</code>,2,0.0054795
9,cyning,<code>cyning</code>,3,0.0082192
39,cyningas,<code>cyningas</code>,1,0.0027397
39,d&aelig;g,<code>d&amp;ae;g</code>,1,0.0027397
39,d&aelig;nnede,<code>d&amp;ae;nnede</code>,1,0.0027397
39,dara&eth;a,<code>dara&amp;d;a</code>,1,0.0027397
39,deop,<code>deop</code>,1,0.0027397
39,deor,<code>deor</code>,1,0.0027397
39,difelin,<code>difelin</code>,1,0.0027397
39,dinges,<code>dinges</code>,1,0.0027397
39,dreorig,<code>dreorig</code>,1,0.0027397
39,drihtnes,<code>drihtnes</code>,1,0.0027397
39,dryhten,<code>dryhten</code>,1,0.0027397
5,eac,<code>eac</code>,4,0.0109589
39,eadmund,<code>eadmund</code>,1,0.0027397
16,eadweardes,<code>eadweardes</code>,2,0.0054795
39,eald,<code>eald</code>,1,0.0027397
39,ealde,<code>ealde</code>,1,0.0027397
39,ealdorlangne,<code>ealdorlangne</code>,1,0.0027397
39,ealgodon,<code>ealgodon</code>,1,0.0027397
39,eard,<code>eard</code>,1,0.0027397
39,earn,<code>earn</code>,1,0.0027397
39,eastan,<code>eastan</code>,1,0.0027397
39,eces,<code>eces</code>,1,0.0027397
16,ecgum,<code>ecgum</code>,2,0.0054795
39,eft,<code>eft</code>,1,0.0027397
39,eiglande,<code>eiglande</code>,1,0.0027397
39,engle,<code>engle</code>,1,0.0027397
39,eorla,<code>eorla</code>,1,0.0027397
16,eorlas,<code>eorlas</code>,2,0.0054795
39,eorodcistum,<code>eorodcistum</code>,1,0.0027397
16,f&aelig;ge,<code>f&amp;ae;ge</code>,2,0.0054795
39,fealene,<code>fealene</code>,1,0.0027397
39,feld,<code>feld</code>,1,0.0027397
39,feollan,<code>feollan</code>,1,0.0027397
39,feorh,<code>feorh</code>,1,0.0027397
39,fife,<code>fife</code>,1,0.0027397
39,fleame,<code>fleame</code>,1,0.0027397
39,flod,<code>flod</code>,1,0.0027397
39,flot,<code>flot</code>,1,0.0027397
39,flotan,<code>flotan</code>,1,0.0027397
39,folces,<code>folces</code>,1,0.0027397
39,folcstede,<code>folcstede</code>,1,0.0027397
39,for&eth;,<code>for&amp;d;</code>,1,0.0027397
39,forgrunden,<code>forgrunden</code>,1,0.0027397
39,forlet,<code>forlet</code>,1,0.0027397
39,freonda,<code>freonda</code>,1,0.0027397
39,froda,<code>froda</code>,1,0.0027397
39,from,<code>from</code>,1,0.0027397
39,garmittinge,<code>garmittinge</code>,1,0.0027397
39,garum,<code>garum</code>,1,0.0027397
39,ge&aelig;&thorn;ele,<code>ge&amp;ae;&amp;t;ele</code>,1,0.0027397
39,gebeded,<code>gebeded</code>,1,0.0027397
39,gebland,<code>gebland</code>,1,0.0027397
39,gebro&thorn;er,<code>gebro&amp;t;er</code>,1,0.0027397
39,gefeohte,<code>gefeohte</code>,1,0.0027397
39,geflemed,<code>geflemed</code>,1,0.0027397
16,gefylled,<code>gefylled</code>,2,0.0054795
39,gehw&aelig;ne,<code>gehw&amp;ae;ne</code>,1,0.0027397
39,gelpan,<code>gelpan</code>,1,0.0027397
39,gemanan,<code>gemanan</code>,1,0.0027397
39,gemotes,<code>gemotes</code>,1,0.0027397
39,generede,<code>generede</code>,1,0.0027397
39,gesceaft,<code>gesceaft</code>,1,0.0027397
39,geslogon,<code>geslogon</code>,1,0.0027397
39,gesohtun,<code>gesohtun</code>,1,0.0027397
39,gewat,<code>gewat</code>,1,0.0027397
39,gewitan,<code>gewitan</code>,1,0.0027397
39,gieta,<code>gieta</code>,1,0.0027397
39,giunge,<code>giunge</code>,1,0.0027397
39,giungne,<code>giungne</code>,1,0.0027397
39,glad,<code>glad</code>,1,0.0027397
39,godes,<code>godes</code>,1,0.0027397
39,gr&aelig;digne,<code>gr&amp;ae;digne</code>,1,0.0027397
39,gr&aelig;ge,<code>gr&amp;ae;ge</code>,1,0.0027397
39,grundas,<code>grundas</code>,1,0.0027397
39,gu&eth;e,<code>gu&amp;d;e</code>,1,0.0027397
39,gu&eth;hafoc,<code>gu&amp;d;hafoc</code>,1,0.0027397
39,guma,<code>guma</code>,1,0.0027397
39,gumena,<code>gumena</code>,1,0.0027397
39,h&aelig;le&thorn;a,<code>h&amp;ae;le&amp;t;a</code>,1,0.0027397
39,hamas,<code>hamas</code>,1,0.0027397
39,hamora,<code>hamora</code>,1,0.0027397
39,har,<code>har</code>,1,0.0027397
39,hasewanpadan,<code>hasewanpadan</code>,1,0.0027397
39,he,<code>he</code>,1,0.0027397
39,hea&thorn;olinde,<code>hea&amp;t;olinde</code>,1,0.0027397
39,heardes,<code>heardes</code>,1,0.0027397
39,heo,<code>heo</code>,1,0.0027397
39,heora,<code>heora</code>,1,0.0027397
16,heowan,<code>heowan</code>,2,0.0054795
39,her,<code>her</code>,1,0.0027397
39,herefleman,<code>herefleman</code>,1,0.0027397
39,herelafum,<code>herelafum</code>,1,0.0027397
39,heriges,<code>heriges</code>,1,0.0027397
39,hettend,<code>hettend</code>,1,0.0027397
16,hi,<code>hi</code>,2,0.0054795
39,hider,<code>hider</code>,1,0.0027397
39,hilderinc,<code>hilderinc</code>,1,0.0027397
9,him,<code>him</code>,3,0.0082192
39,hindan,<code>hindan</code>,1,0.0027397
5,his,<code>his</code>,4,0.0109589
39,hlehhan,<code>hlehhan</code>,1,0.0027397
39,hondplegan,<code>hondplegan</code>,1,0.0027397
39,hord,<code>hord</code>,1,0.0027397
39,hr&aelig;fn,<code>hr&amp;ae;fn</code>,1,0.0027397
39,hr&aelig;w,<code>hr&amp;ae;w</code>,1,0.0027397
39,hreman,<code>hreman</code>,1,0.0027397
39,hremige,<code>hremige</code>,1,0.0027397
39,hwit,<code>hwit</code>,1,0.0027397
39,hyrnednebban,<code>hyrnednebban</code>,1,0.0027397
39,inwidda,<code>inwidda</code>,1,0.0027397
39,iraland,<code>iraland</code>,1,0.0027397
39,l&aelig;g,<code>l&amp;ae;g</code>,1,0.0027397
39,l&aelig;gun,<code>l&amp;ae;gun</code>,1,0.0027397
39,la&thorn;ra,<code>la&amp;t;ra</code>,1,0.0027397
39,la&thorn;um,<code>la&amp;t;um</code>,1,0.0027397
39,laf,<code>laf</code>,1,0.0027397
39,lafan,<code>lafan</code>,1,0.0027397
9,land,<code>land</code>,3,0.0082192
39,last,<code>last</code>,1,0.0027397
39,legdun,<code>legdun</code>,1,0.0027397
39,leoda,<code>leoda</code>,1,0.0027397
39,letan,<code>letan</code>,1,0.0027397
16,lides,<code>lides</code>,2,0.0054795
39,litle,<code>litle</code>,1,0.0027397
39,m&aelig;ca,<code>m&amp;ae;ca</code>,1,0.0027397
39,m&aelig;ga,<code>m&amp;ae;ga</code>,1,0.0027397
39,m&aelig;nig,<code>m&amp;ae;nig</code>,1,0.0027397
39,m&aelig;re,<code>m&amp;ae;re</code>,1,0.0027397
39,ma,<code>ma</code>,1,0.0027397
39,mare,<code>mare</code>,1,0.0027397
39,mecum,<code>mecum</code>,1,0.0027397
39,mere,<code>mere</code>,1,0.0027397
9,mid,<code>mid</code>,3,0.0082192
39,morgentid,<code>morgentid</code>,1,0.0027397
39,mylenscearpan,<code>mylenscearpan</code>,1,0.0027397
39,myrce,<code>myrce</code>,1,0.0027397
39,n&aelig;gledcnearrum,<code>n&amp;ae;gledcnearrum</code>,1,0.0027397
39,nanum,<code>nanum</code>,1,0.0027397
3,ne,<code>ne</code>,6,0.0164384
39,nede,<code>nede</code>,1,0.0027397
39,nor&eth;,<code>nor&amp;d;</code>,1,0.0027397
39,nor&eth;manna,<code>nor&amp;d;manna</code>,1,0.0027397
39,nor&thorn;erna,<code>nor&amp;t;erna</code>,1,0.0027397
39,nor&thorn;men,<code>nor&amp;t;men</code>,1,0.0027397
39,o&eth;,<code>o&amp;d;</code>,1,0.0027397
4,ofer,<code>ofer</code>,5,0.0136986
39,ofercoman,<code>ofercoman</code>,1,0.0027397
39,oft,<code>oft</code>,1,0.0027397
1,on,<code>on</code>,14,0.0383562
39,ondlongne,<code>ondlongne</code>,1,0.0027397
39,plegodan,<code>plegodan</code>,1,0.0027397
16,s&aelig;cce,<code>s&amp;ae;cce</code>,2,0.0054795
39,s&aelig;d,<code>s&amp;ae;d</code>,1,0.0027397
39,sah,<code>sah</code>,1,0.0027397
39,saluwigpadan,<code>saluwigpadan</code>,1,0.0027397
39,sceard,<code>sceard</code>,1,0.0027397
16,sceotta,<code>sceotta</code>,2,0.0054795
39,scild,<code>scild</code>,1,0.0027397
39,scipflotan,<code>scipflotan</code>,1,0.0027397
39,scittisc,<code>scittisc</code>,1,0.0027397
39,scoten,<code>scoten</code>,1,0.0027397
39,se,<code>se</code>,1,0.0027397
39,seaxe,<code>seaxe</code>,1,0.0027397
39,secan,<code>secan</code>,1,0.0027397
39,secg,<code>secg</code>,1,0.0027397
39,secga,<code>secga</code>,1,0.0027397
39,secga&eth;,<code>secga&amp;d;</code>,1,0.0027397
39,seofene,<code>seofene</code>,1,0.0027397
39,setle,<code>setle</code>,1,0.0027397
39,si&eth;&thorn;an,<code>si&amp;d;&amp;t;an</code>,1,0.0027397
39,si&thorn;&thorn;an,<code>si&amp;t;&amp;t;an</code>,1,0.0027397
39,sio,<code>sio</code>,1,0.0027397
39,sohtan,<code>sohtan</code>,1,0.0027397
39,sohton,<code>sohton</code>,1,0.0027397
39,stefne,<code>stefne</code>,1,0.0027397
39,sunne,<code>sunne</code>,1,0.0027397
39,sunu,<code>sunu</code>,1,0.0027397
39,swa,<code>swa</code>,1,0.0027397
39,swate,<code>swate</code>,1,0.0027397
39,sweartan,<code>sweartan</code>,1,0.0027397
39,sweorda,<code>sweorda</code>,1,0.0027397
39,sweordes,<code>sweordes</code>,1,0.0027397
39,sweordum,<code>sweordum</code>,1,0.0027397
5,swilce,<code>swilce</code>,4,0.0109589
39,tir,<code>tir</code>,1,0.0027397
9,to,<code>to</code>,3,0.0082192
39,tungol,<code>tungol</code>,1,0.0027397
39,u&eth;witan,<code>u&amp;d;witan</code>,1,0.0027397
39,unrim,<code>unrim</code>,1,0.0027397
16,up,<code>up</code>,2,0.0054795
39,us,<code>us</code>,1,0.0027397
39,ut,<code>ut</code>,1,0.0027397
39,w&aelig;l,<code>w&amp;ae;l</code>,1,0.0027397
39,w&aelig;lfelda,<code>w&amp;ae;lfelda</code>,1,0.0027397
39,w&aelig;lstowe,<code>w&amp;ae;lstowe</code>,1,0.0027397
39,w&aelig;pengewrixles,<code>w&amp;ae;pengewrixles</code>,1,0.0027397
16,w&aelig;s,<code>w&amp;ae;s</code>,2,0.0054795
39,w&aelig;ter,<code>w&amp;ae;ter</code>,1,0.0027397
39,wealas,<code>wealas</code>,1,0.0027397
39,wealde,<code>wealde</code>,1,0.0027397
16,wear&eth;,<code>wear&amp;d;</code>,2,0.0054795
39,weorode,<code>weorode</code>,1,0.0027397
39,werig,<code>werig</code>,1,0.0027397
39,wesseaxe,<code>wesseaxe</code>,1,0.0027397
39,wesseaxena,<code>wesseaxena</code>,1,0.0027397
16,wi&thorn;,<code>wi&amp;t;</code>,2,0.0054795
16,wiges,<code>wiges</code>,2,0.0054795
39,wigsmi&thorn;as,<code>wigsmi&amp;t;as</code>,1,0.0027397
39,wlance,<code>wlance</code>,1,0.0027397
39,wulf,<code>wulf</code>,1,0.0027397
39,wundun,<code>wundun</code>,1,0.0027397
39,wurdun,<code>wurdun</code>,1,0.0027397
39,wyrndon,<code>wyrndon</code>,1,0.0027397
39,ymbe,<code>ymbe</code>,1,0.0027397
