B_Prose,B01,B01.001.024_AECHom_I__22_T02310.txt,904,558,2827
RANK,HTML WORD,RAW WORD,COUNT,RELATIVE FREQUENCY
1,&amp;,<code>&amp;amp;</code>,126,0.0445702
2,on,<code>on</code>,89,0.0314821
3,he,<code>he</code>,61,0.0215776
4,&thorn;&aelig;t,<code>&amp;t;&amp;ae;t</code>,54,0.0191015
5,se,<code>se</code>,52,0.0183941
6,to,<code>to</code>,51,0.0180403
7,swa,<code>swa</code>,48,0.0169791
8,his,<code>his</code>,42,0.0148567
9,hi,<code>hi</code>,40,0.0141493
10,is,<code>is</code>,39,0.0137955
11,&eth;a,<code>&amp;d;a</code>,36,0.0127343
11,&thorn;a,<code>&amp;t;a</code>,36,0.0127343
11,&thorn;am,<code>&amp;t;am</code>,36,0.0127343
14,gast,<code>gast</code>,35,0.0123806
14,w&aelig;s,<code>w&amp;ae;s</code>,35,0.0123806
16,mid,<code>mid</code>,34,0.0120269
17,heora,<code>heora</code>,31,0.0109657
18,&eth;e,<code>&amp;d;e</code>,29,0.0102582
18,godes,<code>godes</code>,29,0.0102582
20,&thorn;e,<code>&amp;t;e</code>,23,0.0081358
20,for,<code>for</code>,23,0.0081358
22,him,<code>him</code>,21,0.0074284
23,god,<code>god</code>,20,0.0070746
23,ne,<code>ne</code>,20,0.0070746
25,halga,<code>halga</code>,19,0.0067209
26,ac,<code>ac</code>,17,0.0060134
26,halgan,<code>halgan</code>,17,0.0060134
28,&thorn;an,<code>&amp;t;an</code>,16,0.0056597
28,&thorn;urh,<code>&amp;t;urh</code>,16,0.0056597
28,an,<code>an</code>,16,0.0056597
31,&thorn;&aelig;re,<code>&amp;t;&amp;ae;re</code>,15,0.0053060
31,&thorn;&aelig;s,<code>&amp;t;&amp;ae;s</code>,15,0.0053060
33,seo,<code>seo</code>,14,0.0049522
34,&thorn;one,<code>&amp;t;one</code>,13,0.0045985
34,cw&aelig;&eth;,<code>cw&amp;ae;&amp;d;</code>,13,0.0045985
34,ealle,<code>ealle</code>,13,0.0045985
34,ofer,<code>ofer</code>,13,0.0045985
38,be,<code>be</code>,12,0.0042448
38,com,<code>com</code>,12,0.0042448
38,cristes,<code>cristes</code>,12,0.0042448
38,we,<code>we</code>,12,0.0042448
42,d&aelig;ge,<code>d&amp;ae;ge</code>,10,0.0035373
42,w&aelig;ron,<code>w&amp;ae;ron</code>,10,0.0035373
44,&aelig;,<code>&amp;ae;</code>,9,0.0031836
44,&thorn;&aelig;ra,<code>&amp;t;&amp;ae;ra</code>,9,0.0031836
44,ge,<code>ge</code>,9,0.0031836
44,hit,<code>hit</code>,9,0.0031836
44,sind,<code>sind</code>,9,0.0031836
44,tocyme,<code>tocyme</code>,9,0.0031836
44,wurdon,<code>wurdon</code>,9,0.0031836
51,&aelig;fter,<code>&amp;ae;fter</code>,8,0.0028299
51,apostolon,<code>apostolon</code>,8,0.0028299
51,buton,<code>buton</code>,8,0.0028299
51,eallum,<code>eallum</code>,8,0.0028299
51,gastes,<code>gastes</code>,8,0.0028299
51,hu,<code>hu</code>,8,0.0028299
51,manna,<code>manna</code>,8,0.0028299
51,sumum,<code>sumum</code>,8,0.0028299
59,&aelig;lcum,<code>&amp;ae;lcum</code>,7,0.0024761
59,&aelig;r,<code>&amp;ae;r</code>,7,0.0024761
59,&thorn;ysum,<code>&amp;t;ysum</code>,7,0.0024761
59,anre,<code>anre</code>,7,0.0024761
59,bi&eth;,<code>bi&amp;d;</code>,7,0.0024761
59,fram,<code>fram</code>,7,0.0024761
59,gode,<code>gode</code>,7,0.0024761
59,heortan,<code>heortan</code>,7,0.0024761
59,of,<code>of</code>,7,0.0024761
59,petrus,<code>petrus</code>,7,0.0024761
59,ure,<code>ure</code>,7,0.0024761
70,&aelig;t,<code>&amp;ae;t</code>,6,0.0021224
70,&thorn;i,<code>&amp;t;i</code>,6,0.0021224
70,apostola,<code>apostola</code>,6,0.0021224
70,beo&eth;,<code>beo&amp;d;</code>,6,0.0021224
70,beon,<code>beon</code>,6,0.0021224
70,culfran,<code>culfran</code>,6,0.0021224
70,gehaten,<code>gehaten</code>,6,0.0021224
70,gereord,<code>gereord</code>,6,0.0021224
70,gife,<code>gife</code>,6,0.0021224
70,ic,<code>ic</code>,6,0.0021224
70,men,<code>men</code>,6,0.0021224
70,micel,<code>micel</code>,6,0.0021224
70,sceolon,<code>sceolon</code>,6,0.0021224
70,us,<code>us</code>,6,0.0021224
70,wolde,<code>wolde</code>,6,0.0021224
85,&aelig;teowod,<code>&amp;ae;teowod</code>,5,0.0017687
85,&thorn;as,<code>&amp;t;as</code>,5,0.0017687
85,crist,<code>crist</code>,5,0.0017687
85,cw&aelig;don,<code>cw&amp;ae;don</code>,5,0.0017687
85,eac,<code>eac</code>,5,0.0017687
85,eall,<code>eall</code>,5,0.0017687
85,eft,<code>eft</code>,5,0.0017687
85,f&aelig;der,<code>f&amp;ae;der</code>,5,0.0017687
85,folce,<code>folce</code>,5,0.0017687
85,fyres,<code>fyres</code>,5,0.0017687
85,heofonum,<code>heofonum</code>,5,0.0017687
85,hw&aelig;t,<code>hw&amp;ae;t</code>,5,0.0017687
85,mannum,<code>mannum</code>,5,0.0017687
85,na,<code>na</code>,5,0.0017687
85,o&eth;&eth;e,<code>o&amp;d;&amp;d;e</code>,5,0.0017687
85,sy&eth;&eth;an,<code>sy&amp;d;&amp;d;an</code>,5,0.0017687
85,synna,<code>synna</code>,5,0.0017687
85,under,<code>under</code>,5,0.0017687
85,wuniende,<code>wuniende</code>,5,0.0017687
104,&aelig;lmihtiga,<code>&amp;ae;lmihtiga</code>,4,0.0014149
104,&aelig;rest,<code>&amp;ae;rest</code>,4,0.0014149
104,&eth;&aelig;s,<code>&amp;d;&amp;ae;s</code>,4,0.0014149
104,&eth;&aelig;t,<code>&amp;d;&amp;ae;t</code>,4,0.0014149
104,&eth;am,<code>&amp;d;am</code>,4,0.0014149
104,apostoli,<code>apostoli</code>,4,0.0014149
104,bearn,<code>bearn</code>,4,0.0014149
104,daga,<code>daga</code>,4,0.0014149
104,ealdan,<code>ealdan</code>,4,0.0014149
104,folc,<code>folc</code>,4,0.0014149
104,fyre,<code>fyre</code>,4,0.0014149
104,gecynd,<code>gecynd</code>,4,0.0014149
104,gehyrde,<code>gehyrde</code>,4,0.0014149
104,geleafan,<code>geleafan</code>,4,0.0014149
104,gereordum,<code>gereordum</code>,4,0.0014149
104,gesewen,<code>gesewen</code>,4,0.0014149
104,godas,<code>godas</code>,4,0.0014149
104,hiwe,<code>hiwe</code>,4,0.0014149
104,hwi,<code>hwi</code>,4,0.0014149
104,lufe,<code>lufe</code>,4,0.0014149
104,lufian,<code>lufian</code>,4,0.0014149
104,mannes,<code>mannes</code>,4,0.0014149
104,menn,<code>menn</code>,4,0.0014149
104,mihte,<code>mihte</code>,4,0.0014149
104,nu,<code>nu</code>,4,0.0014149
104,pentecostes,<code>pentecostes</code>,4,0.0014149
104,spr&aelig;ce,<code>spr&amp;ae;ce</code>,4,0.0014149
104,sunu,<code>sunu</code>,4,0.0014149
104,swilce,<code>swilce</code>,4,0.0014149
104,werod,<code>werod</code>,4,0.0014149
104,willan,<code>willan</code>,4,0.0014149
135,&aelig;hta,<code>&amp;ae;hta</code>,3,0.0010612
135,&eth;usend,<code>&amp;d;usend</code>,3,0.0010612
135,&thorn;&aelig;r,<code>&amp;t;&amp;ae;r</code>,3,0.0010612
135,&thorn;es,<code>&amp;t;es</code>,3,0.0010612
135,&thorn;onne,<code>&amp;t;onne</code>,3,0.0010612
135,&thorn;u,<code>&amp;t;u</code>,3,0.0010612
135,&thorn;us,<code>&amp;t;us</code>,3,0.0010612
135,and,<code>and</code>,3,0.0010612
135,andwyrde,<code>andwyrde</code>,3,0.0010612
135,ane,<code>ane</code>,3,0.0010612
135,anlicnysse,<code>anlicnysse</code>,3,0.0010612
135,awende,<code>awende</code>,3,0.0010612
135,brohton,<code>brohton</code>,3,0.0010612
135,bufon,<code>bufon</code>,3,0.0010612
135,bylewite,<code>bylewite</code>,3,0.0010612
135,criste,<code>criste</code>,3,0.0010612
135,d&aelig;g,<code>d&amp;ae;g</code>,3,0.0010612
135,de&eth;,<code>de&amp;d;</code>,3,0.0010612
135,deofles,<code>deofles</code>,3,0.0010612
135,easterlican,<code>easterlican</code>,3,0.0010612
135,fiftig,<code>fiftig</code>,3,0.0010612
135,folces,<code>folces</code>,3,0.0010612
135,forgif&eth;,<code>forgif&amp;d;</code>,3,0.0010612
135,fyr,<code>fyr</code>,3,0.0010612
135,gecweden,<code>gecweden</code>,3,0.0010612
135,geearnode,<code>geearnode</code>,3,0.0010612
135,gehyrdon,<code>gehyrdon</code>,3,0.0010612
135,geleaffullan,<code>geleaffullan</code>,3,0.0010612
135,geleaffulle,<code>geleaffulle</code>,3,0.0010612
135,gem&aelig;ne,<code>gem&amp;ae;ne</code>,3,0.0010612
135,getacnode,<code>getacnode</code>,3,0.0010612
135,gif,<code>gif</code>,3,0.0010612
135,h&aelig;fdon,<code>h&amp;ae;fdon</code>,3,0.0010612
135,h&aelig;lend,<code>h&amp;ae;lend</code>,3,0.0010612
135,handa,<code>handa</code>,3,0.0010612
135,hiht,<code>hiht</code>,3,0.0010612
135,hine,<code>hine</code>,3,0.0010612
135,israhela,<code>israhela</code>,3,0.0010612
135,la,<code>la</code>,3,0.0010612
135,lamb,<code>lamb</code>,3,0.0010612
135,lare,<code>lare</code>,3,0.0010612
135,lichamlice,<code>lichamlice</code>,3,0.0010612
135,meniu,<code>meniu</code>,3,0.0010612
135,mod,<code>mod</code>,3,0.0010612
135,nan,<code>nan</code>,3,0.0010612
135,s&aelig;,<code>s&amp;ae;</code>,3,0.0010612
135,sende,<code>sende</code>,3,0.0010612
135,tid,<code>tid</code>,3,0.0010612
135,tide,<code>tide</code>,3,0.0010612
135,underfengon,<code>underfengon</code>,3,0.0010612
135,untruman,<code>untruman</code>,3,0.0010612
135,wear&eth;,<code>wear&amp;d;</code>,3,0.0010612
135,weorc,<code>weorc</code>,3,0.0010612
135,wissa&eth;,<code>wissa&amp;d;</code>,3,0.0010612
135,witegan,<code>witegan</code>,3,0.0010612
135,worulde,<code>worulde</code>,3,0.0010612
135,ylcan,<code>ylcan</code>,3,0.0010612
192,&aelig;lc,<code>&amp;ae;lc</code>,2,0.0007075
192,&aelig;lces,<code>&amp;ae;lces</code>,2,0.0007075
192,&eth;&aelig;ra,<code>&amp;d;&amp;ae;ra</code>,2,0.0007075
192,&eth;&aelig;re,<code>&amp;d;&amp;ae;re</code>,2,0.0007075
192,&eth;ing,<code>&amp;d;ing</code>,2,0.0007075
192,&eth;one,<code>&amp;d;one</code>,2,0.0007075
192,&eth;reo,<code>&amp;d;reo</code>,2,0.0007075
192,&thorn;egen,<code>&amp;t;egen</code>,2,0.0007075
192,&thorn;ine,<code>&amp;t;ine</code>,2,0.0007075
192,&thorn;ing,<code>&amp;t;ing</code>,2,0.0007075
192,&thorn;inum,<code>&amp;t;inum</code>,2,0.0007075
192,&thorn;is,<code>&amp;t;is</code>,2,0.0007075
192,&thorn;isre,<code>&amp;t;isre</code>,2,0.0007075
192,&thorn;issere,<code>&amp;t;issere</code>,2,0.0007075
192,&thorn;reo,<code>&amp;t;reo</code>,2,0.0007075
192,&thorn;rynnysse,<code>&amp;t;rynnysse</code>,2,0.0007075
192,&thorn;yssere,<code>&amp;t;yssere</code>,2,0.0007075
192,ableow,<code>ableow</code>,2,0.0007075
192,alysde,<code>alysde</code>,2,0.0007075
192,anmod,<code>anmod</code>,2,0.0007075
192,annysse,<code>annysse</code>,2,0.0007075
192,apostol,<code>apostol</code>,2,0.0007075
192,apostolum,<code>apostolum</code>,2,0.0007075
192,awrat,<code>awrat</code>,2,0.0007075
192,bebead,<code>bebead</code>,2,0.0007075
192,bebodum,<code>bebodum</code>,2,0.0007075
192,beceapodon,<code>beceapodon</code>,2,0.0007075
192,becuman,<code>becuman</code>,2,0.0007075
192,begra,<code>begra</code>,2,0.0007075
192,behreowsia&eth;,<code>behreowsia&amp;d;</code>,2,0.0007075
192,besencte,<code>besencte</code>,2,0.0007075
192,bilewitnysse,<code>bilewitnysse</code>,2,0.0007075
192,bodedon,<code>bodedon</code>,2,0.0007075
192,bodunge,<code>bodunge</code>,2,0.0007075
192,bylewitnys,<code>bylewitnys</code>,2,0.0007075
192,bylewitnysse,<code>bylewitnysse</code>,2,0.0007075
192,byrnende,<code>byrnende</code>,2,0.0007075
192,cristene,<code>cristene</code>,2,0.0007075
192,cwe&eth;ende,<code>cwe&amp;d;ende</code>,2,0.0007075
192,d&aelig;ig,<code>d&amp;ae;ig</code>,2,0.0007075
192,d&aelig;ldon,<code>d&amp;ae;ldon</code>,2,0.0007075
192,dihte,<code>dihte</code>,2,0.0007075
192,dorston,<code>dorston</code>,2,0.0007075
192,ealra,<code>ealra</code>,2,0.0007075
192,ege,<code>ege</code>,2,0.0007075
192,ehteras,<code>ehteras</code>,2,0.0007075
192,eor&thorn;an,<code>eor&amp;t;an</code>,2,0.0007075
192,eowre,<code>eowre</code>,2,0.0007075
192,fela,<code>fela</code>,2,0.0007075
192,feoh,<code>feoh</code>,2,0.0007075
192,ferde,<code>ferde</code>,2,0.0007075
192,fifteogo&eth;a,<code>fifteogo&amp;d;a</code>,2,0.0007075
192,fl&aelig;sclicum,<code>fl&amp;ae;sclicum</code>,2,0.0007075
192,fordrencte,<code>fordrencte</code>,2,0.0007075
192,forgeaf,<code>forgeaf</code>,2,0.0007075
192,forgyfenysse,<code>forgyfenysse</code>,2,0.0007075
192,foton,<code>foton</code>,2,0.0007075
192,fulluht,<code>fulluht</code>,2,0.0007075
192,fulluhte,<code>fulluhte</code>,2,0.0007075
192,fyrene,<code>fyrene</code>,2,0.0007075
192,fyrenum,<code>fyrenum</code>,2,0.0007075
192,gaste,<code>gaste</code>,2,0.0007075
192,geares,<code>geares</code>,2,0.0007075
192,gecyndelice,<code>gecyndelice</code>,2,0.0007075
192,geferr&aelig;dene,<code>geferr&amp;ae;dene</code>,2,0.0007075
192,gefyl&eth;,<code>gefyl&amp;d;</code>,2,0.0007075
192,geh&aelig;lede,<code>geh&amp;ae;lede</code>,2,0.0007075
192,geh&aelig;lenne,<code>geh&amp;ae;lenne</code>,2,0.0007075
192,gela&eth;unge,<code>gela&amp;d;unge</code>,2,0.0007075
192,gereorde,<code>gereorde</code>,2,0.0007075
192,geset,<code>geset</code>,2,0.0007075
192,gesetnysse,<code>gesetnysse</code>,2,0.0007075
192,gesih&eth;,<code>gesih&amp;d;</code>,2,0.0007075
192,getacnunge,<code>getacnunge</code>,2,0.0007075
192,getimode,<code>getimode</code>,2,0.0007075
192,gewat,<code>gewat</code>,2,0.0007075
192,godcundnysse,<code>godcundnysse</code>,2,0.0007075
192,godspellere,<code>godspellere</code>,2,0.0007075
192,godum,<code>godum</code>,2,0.0007075
192,gyfe,<code>gyfe</code>,2,0.0007075
192,hadum,<code>hadum</code>,2,0.0007075
192,halige,<code>halige</code>,2,0.0007075
192,handum,<code>handum</code>,2,0.0007075
192,heap,<code>heap</code>,2,0.0007075
192,heape,<code>heape</code>,2,0.0007075
192,heo,<code>heo</code>,2,0.0007075
192,heoldon,<code>heoldon</code>,2,0.0007075
192,heorte,<code>heorte</code>,2,0.0007075
192,hirede,<code>hirede</code>,2,0.0007075
192,hiredes,<code>hiredes</code>,2,0.0007075
192,hra&eth;e,<code>hra&amp;d;e</code>,2,0.0007075
192,ingehid,<code>ingehid</code>,2,0.0007075
192,landes,<code>landes</code>,2,0.0007075
192,leof,<code>leof</code>,2,0.0007075
192,lufu,<code>lufu</code>,2,0.0007075
192,m&aelig;r&thorn;a,<code>m&amp;ae;r&amp;t;a</code>,2,0.0007075
192,man,<code>man</code>,2,0.0007075
192,mancynn,<code>mancynn</code>,2,0.0007075
192,menniscnysse,<code>menniscnysse</code>,2,0.0007075
192,menniscum,<code>menniscum</code>,2,0.0007075
192,micelre,<code>micelre</code>,2,0.0007075
192,mihton,<code>mihton</code>,2,0.0007075
192,mine,<code>mine</code>,2,0.0007075
192,moyse,<code>moyse</code>,2,0.0007075
192,n&aelig;fde,<code>n&amp;ae;fde</code>,2,0.0007075
192,n&aelig;s,<code>n&amp;ae;s</code>,2,0.0007075
192,neode,<code>neode</code>,2,0.0007075
192,nihte,<code>nihte</code>,2,0.0007075
192,nis,<code>nis</code>,2,0.0007075
192,o&eth;,<code>o&amp;d;</code>,2,0.0007075
192,on&aelig;lede,<code>on&amp;ae;lede</code>,2,0.0007075
192,onbryrd,<code>onbryrd</code>,2,0.0007075
192,onliht,<code>onliht</code>,2,0.0007075
192,paulus,<code>paulus</code>,2,0.0007075
192,pentecosten,<code>pentecosten</code>,2,0.0007075
192,pharao,<code>pharao</code>,2,0.0007075
192,readan,<code>readan</code>,2,0.0007075
192,rice,<code>rice</code>,2,0.0007075
192,rihtwis,<code>rihtwis</code>,2,0.0007075
192,rihtwisnysse,<code>rihtwisnysse</code>,2,0.0007075
192,saphira,<code>saphira</code>,2,0.0007075
192,sceal,<code>sceal</code>,2,0.0007075
192,sette,<code>sette</code>,2,0.0007075
192,setton,<code>setton</code>,2,0.0007075
192,sindon,<code>sindon</code>,2,0.0007075
192,snoternysse,<code>snoternysse</code>,2,0.0007075
192,so&thorn;re,<code>so&amp;t;re</code>,2,0.0007075
192,spr&aelig;con,<code>spr&amp;ae;con</code>,2,0.0007075
192,sum,<code>sum</code>,2,0.0007075
192,swi&eth;ran,<code>swi&amp;d;ran</code>,2,0.0007075
192,syl&eth;,<code>syl&amp;d;</code>,2,0.0007075
192,tacna,<code>tacna</code>,2,0.0007075
192,toferdon,<code>toferdon</code>,2,0.0007075
192,tua,<code>tua</code>,2,0.0007075
192,tungan,<code>tungan</code>,2,0.0007075
192,tungum,<code>tungum</code>,2,0.0007075
192,underfo&eth;,<code>underfo&amp;d;</code>,2,0.0007075
192,ungesewenlic,<code>ungesewenlic</code>,2,0.0007075
192,unsc&aelig;&eth;&eth;i,<code>unsc&amp;ae;&amp;d;&amp;d;i</code>,2,0.0007075
192,unsc&aelig;&eth;&eth;inysse,<code>unsc&amp;ae;&amp;d;&amp;d;inysse</code>,2,0.0007075
192,untod&aelig;ledlic,<code>untod&amp;ae;ledlic</code>,2,0.0007075
192,uppon,<code>uppon</code>,2,0.0007075
192,upstige,<code>upstige</code>,2,0.0007075
192,urum,<code>urum</code>,2,0.0007075
192,w&aelig;re,<code>w&amp;ae;re</code>,2,0.0007075
192,were,<code>were</code>,2,0.0007075
192,wif,<code>wif</code>,2,0.0007075
192,willa,<code>willa</code>,2,0.0007075
192,wisdom,<code>wisdom</code>,2,0.0007075
192,woldon,<code>woldon</code>,2,0.0007075
192,word,<code>word</code>,2,0.0007075
192,worhte,<code>worhte</code>,2,0.0007075
192,wyrhtena,<code>wyrhtena</code>,2,0.0007075
192,ylca,<code>ylca</code>,2,0.0007075
192,ymbe,<code>ymbe</code>,2,0.0007075
347,&aelig;fre,<code>&amp;ae;fre</code>,1,0.0003537
347,&aelig;ftran,<code>&amp;ae;ftran</code>,1,0.0003537
347,&aelig;ig&eth;er,<code>&amp;ae;ig&amp;d;er</code>,1,0.0003537
347,&aelig;ighwylcum,<code>&amp;ae;ighwylcum</code>,1,0.0003537
347,&aelig;lcere,<code>&amp;ae;lcere</code>,1,0.0003537
347,&aelig;lcne,<code>&amp;ae;lcne</code>,1,0.0003537
347,&aelig;lmihtig,<code>&amp;ae;lmihtig</code>,1,0.0003537
347,&aelig;nne,<code>&amp;ae;nne</code>,1,0.0003537
347,&aelig;rist,<code>&amp;ae;rist</code>,1,0.0003537
347,&aelig;rran,<code>&amp;ae;rran</code>,1,0.0003537
347,&aelig;th&aelig;fdon,<code>&amp;ae;th&amp;ae;fdon</code>,1,0.0003537
347,&eth;as,<code>&amp;d;as</code>,1,0.0003537
347,&eth;eode,<code>&amp;d;eode</code>,1,0.0003537
347,&eth;isere,<code>&amp;d;isere</code>,1,0.0003537
347,&eth;ises,<code>&amp;d;ises</code>,1,0.0003537
347,&eth;isne,<code>&amp;d;isne</code>,1,0.0003537
347,&eth;isre,<code>&amp;d;isre</code>,1,0.0003537
347,&eth;isum,<code>&amp;d;isum</code>,1,0.0003537
347,&eth;onne,<code>&amp;d;onne</code>,1,0.0003537
347,&eth;y,<code>&amp;d;y</code>,1,0.0003537
347,&thorn;&aelig;rrihte,<code>&amp;t;&amp;ae;rrihte</code>,1,0.0003537
347,&thorn;eah,<code>&amp;t;eah</code>,1,0.0003537
347,&thorn;eahhw&aelig;&eth;ere,<code>&amp;t;eahhw&amp;ae;&amp;d;ere</code>,1,0.0003537
347,&thorn;eode,<code>&amp;t;eode</code>,1,0.0003537
347,&thorn;eodum,<code>&amp;t;eodum</code>,1,0.0003537
347,&thorn;eos,<code>&amp;t;eos</code>,1,0.0003537
347,&thorn;eowdome,<code>&amp;t;eowdome</code>,1,0.0003537
347,&thorn;eowte,<code>&amp;t;eowte</code>,1,0.0003537
347,&thorn;ridde,<code>&amp;t;ridde</code>,1,0.0003537
347,&thorn;rim,<code>&amp;t;rim</code>,1,0.0003537
347,&thorn;ritig,<code>&amp;t;ritig</code>,1,0.0003537
347,&thorn;rowung,<code>&amp;t;rowung</code>,1,0.0003537
347,&thorn;rowunge,<code>&amp;t;rowunge</code>,1,0.0003537
347,&thorn;ry,<code>&amp;t;ry</code>,1,0.0003537
347,&thorn;rynnys,<code>&amp;t;rynnys</code>,1,0.0003537
347,&thorn;usend,<code>&amp;t;usend</code>,1,0.0003537
347,&thorn;ysre,<code>&amp;t;ysre</code>,1,0.0003537
347,a,<code>a</code>,1,0.0003537
347,ablicged,<code>ablicged</code>,1,0.0003537
347,acennede,<code>acennede</code>,1,0.0003537
347,acennednysse,<code>acennednysse</code>,1,0.0003537
347,actus,<code>actus</code>,1,0.0003537
347,acwealde,<code>acwealde</code>,1,0.0003537
347,adune,<code>adune</code>,1,0.0003537
347,adw&aelig;scan,<code>adw&amp;ae;scan</code>,1,0.0003537
347,adylegode,<code>adylegode</code>,1,0.0003537
347,agan,<code>agan</code>,1,0.0003537
347,agen,<code>agen</code>,1,0.0003537
347,agenum,<code>agenum</code>,1,0.0003537
347,alecge,<code>alecge</code>,1,0.0003537
347,alogen,<code>alogen</code>,1,0.0003537
347,alysednysse,<code>alysednysse</code>,1,0.0003537
347,amen,<code>amen</code>,1,0.0003537
347,amos,<code>amos</code>,1,0.0003537
347,andbidiende,<code>andbidiende</code>,1,0.0003537
347,andgite,<code>andgite</code>,1,0.0003537
347,anes,<code>anes</code>,1,0.0003537
347,anmodlice,<code>anmodlice</code>,1,0.0003537
347,annania,<code>annania</code>,1,0.0003537
347,annanias,<code>annanias</code>,1,0.0003537
347,anum,<code>anum</code>,1,0.0003537
347,apostole,<code>apostole</code>,1,0.0003537
347,apostolorum,<code>apostolorum</code>,1,0.0003537
347,ar&aelig;ran,<code>ar&amp;ae;ran</code>,1,0.0003537
347,ar&aelig;rede,<code>ar&amp;ae;rede</code>,1,0.0003537
347,aras,<code>aras</code>,1,0.0003537
347,arf&aelig;stnysse,<code>arf&amp;ae;stnysse</code>,1,0.0003537
347,arn,<code>arn</code>,1,0.0003537
347,arwur&eth;nysse,<code>arwur&amp;d;nysse</code>,1,0.0003537
347,asendan,<code>asendan</code>,1,0.0003537
347,asende,<code>asende</code>,1,0.0003537
347,astah,<code>astah</code>,1,0.0003537
347,astealdon,<code>astealdon</code>,1,0.0003537
347,astige,<code>astige</code>,1,0.0003537
347,astyrede,<code>astyrede</code>,1,0.0003537
347,awent,<code>awent</code>,1,0.0003537
347,bebodu,<code>bebodu</code>,1,0.0003537
347,bebyrged,<code>bebyrged</code>,1,0.0003537
347,bebyrigde,<code>bebyrigde</code>,1,0.0003537
347,bec,<code>bec</code>,1,0.0003537
347,beceapode,<code>beceapode</code>,1,0.0003537
347,becom,<code>becom</code>,1,0.0003537
347,become,<code>become</code>,1,0.0003537
347,becym&eth;,<code>becym&amp;d;</code>,1,0.0003537
347,beg&aelig;&eth;,<code>beg&amp;ae;&amp;d;</code>,1,0.0003537
347,begunnen,<code>begunnen</code>,1,0.0003537
347,behates,<code>behates</code>,1,0.0003537
347,behet,<code>behet</code>,1,0.0003537
347,beigra,<code>beigra</code>,1,0.0003537
347,bep&aelig;hte,<code>bep&amp;ae;hte</code>,1,0.0003537
347,besett,<code>besett</code>,1,0.0003537
347,besettan,<code>besettan</code>,1,0.0003537
347,bet&aelig;hton,<code>bet&amp;ae;hton</code>,1,0.0003537
347,betweonan,<code>betweonan</code>,1,0.0003537
347,betwux,<code>betwux</code>,1,0.0003537
347,bidda&eth;,<code>bidda&amp;d;</code>,1,0.0003537
347,binnon,<code>binnon</code>,1,0.0003537
347,biscepunge,<code>biscepunge</code>,1,0.0003537
347,biscopas,<code>biscopas</code>,1,0.0003537
347,biscopunge,<code>biscopunge</code>,1,0.0003537
347,biterwyrde,<code>biterwyrde</code>,1,0.0003537
347,bl&aelig;de,<code>bl&amp;ae;de</code>,1,0.0003537
347,blawende,<code>blawende</code>,1,0.0003537
347,blode,<code>blode</code>,1,0.0003537
347,bocum,<code>bocum</code>,1,0.0003537
347,bodian,<code>bodian</code>,1,0.0003537
347,bodiende,<code>bodiende</code>,1,0.0003537
347,bodode,<code>bodode</code>,1,0.0003537
347,bro&thorn;or,<code>bro&amp;t;or</code>,1,0.0003537
347,bugan,<code>bugan</code>,1,0.0003537
347,bugon,<code>bugon</code>,1,0.0003537
347,burgum,<code>burgum</code>,1,0.0003537
347,burh,<code>burh</code>,1,0.0003537
347,bydeles,<code>bydeles</code>,1,0.0003537
347,byman,<code>byman</code>,1,0.0003537
347,byrig,<code>byrig</code>,1,0.0003537
347,byrn&eth;,<code>byrn&amp;d;</code>,1,0.0003537
347,byrne,<code>byrne</code>,1,0.0003537
347,ceald,<code>ceald</code>,1,0.0003537
347,cealde,<code>cealde</code>,1,0.0003537
347,cild,<code>cild</code>,1,0.0003537
347,cl&aelig;nnysse,<code>cl&amp;ae;nnysse</code>,1,0.0003537
347,clypode,<code>clypode</code>,1,0.0003537
347,cristenra,<code>cristenra</code>,1,0.0003537
347,cu&eth;e,<code>cu&amp;d;e</code>,1,0.0003537
347,cwyde,<code>cwyde</code>,1,0.0003537
347,cy&eth;a&eth;,<code>cy&amp;d;a&amp;d;</code>,1,0.0003537
347,d&aelig;g&thorn;erlica,<code>d&amp;ae;g&amp;t;erlica</code>,1,0.0003537
347,d&aelig;ges,<code>d&amp;ae;ges</code>,1,0.0003537
347,d&aelig;gi,<code>d&amp;ae;gi</code>,1,0.0003537
347,d&aelig;l,<code>d&amp;ae;l</code>,1,0.0003537
347,dagas,<code>dagas</code>,1,0.0003537
347,dauid,<code>dauid</code>,1,0.0003537
347,dauides,<code>dauides</code>,1,0.0003537
347,dea&eth;e,<code>dea&amp;d;e</code>,1,0.0003537
347,dem&eth;,<code>dem&amp;d;</code>,1,0.0003537
347,dema,<code>dema</code>,1,0.0003537
347,deman,<code>deman</code>,1,0.0003537
347,demenne,<code>demenne</code>,1,0.0003537
347,deofol,<code>deofol</code>,1,0.0003537
347,deofolgild,<code>deofolgild</code>,1,0.0003537
347,deofolseocan,<code>deofolseocan</code>,1,0.0003537
347,die,<code>die</code>,1,0.0003537
347,dom,<code>dom</code>,1,0.0003537
347,dome,<code>dome</code>,1,0.0003537
347,don,<code>don</code>,1,0.0003537
347,donne,<code>donne</code>,1,0.0003537
347,dreorigan,<code>dreorigan</code>,1,0.0003537
347,drihten,<code>drihten</code>,1,0.0003537
347,drihtne,<code>drihtne</code>,1,0.0003537
347,drium,<code>drium</code>,1,0.0003537
347,drohtniende,<code>drohtniende</code>,1,0.0003537
347,drohtnion,<code>drohtnion</code>,1,0.0003537
347,dune,<code>dune</code>,1,0.0003537
347,dyde,<code>dyde</code>,1,0.0003537
347,dydon,<code>dydon</code>,1,0.0003537
347,eadigan,<code>eadigan</code>,1,0.0003537
347,eadmoda,<code>eadmoda</code>,1,0.0003537
347,eadmodnys,<code>eadmodnys</code>,1,0.0003537
347,ealde,<code>ealde</code>,1,0.0003537
347,ealdres,<code>ealdres</code>,1,0.0003537
347,ealles,<code>ealles</code>,1,0.0003537
347,eallswa,<code>eallswa</code>,1,0.0003537
347,ealne,<code>ealne</code>,1,0.0003537
347,eardia&eth;,<code>eardia&amp;d;</code>,1,0.0003537
347,easterd&aelig;ge,<code>easterd&amp;ae;ge</code>,1,0.0003537
347,eastertid,<code>eastertid</code>,1,0.0003537
347,eastertide,<code>eastertide</code>,1,0.0003537
347,eawf&aelig;ste,<code>eawf&amp;ae;ste</code>,1,0.0003537
347,ebreisce,<code>ebreisce</code>,1,0.0003537
347,egeslic,<code>egeslic</code>,1,0.0003537
347,egypta,<code>egypta</code>,1,0.0003537
347,egyptiscan,<code>egyptiscan</code>,1,0.0003537
347,egyptisce,<code>egyptisce</code>,1,0.0003537
347,ehte,<code>ehte</code>,1,0.0003537
347,ende,<code>ende</code>,1,0.0003537
347,engel,<code>engel</code>,1,0.0003537
347,enta,<code>enta</code>,1,0.0003537
347,entas,<code>entas</code>,1,0.0003537
347,eor&eth;an,<code>eor&amp;d;an</code>,1,0.0003537
347,eor&eth;e,<code>eor&amp;d;e</code>,1,0.0003537
347,eor&eth;lican,<code>eor&amp;d;lican</code>,1,0.0003537
347,eor&eth;licra,<code>eor&amp;d;licra</code>,1,0.0003537
347,f&aelig;rlice,<code>f&amp;ae;rlice</code>,1,0.0003537
347,fandian,<code>fandian</code>,1,0.0003537
347,feo,<code>feo</code>,1,0.0003537
347,feol,<code>feol</code>,1,0.0003537
347,feoll,<code>feoll</code>,1,0.0003537
347,feondum,<code>feondum</code>,1,0.0003537
347,feowertig,<code>feowertig</code>,1,0.0003537
347,fif,<code>fif</code>,1,0.0003537
347,fiscere,<code>fiscere</code>,1,0.0003537
347,fl&aelig;sce,<code>fl&amp;ae;sce</code>,1,0.0003537
347,flode,<code>flode</code>,1,0.0003537
347,for&eth;eode,<code>for&amp;d;eode</code>,1,0.0003537
347,forb&aelig;r,<code>forb&amp;ae;r</code>,1,0.0003537
347,fordeman,<code>fordeman</code>,1,0.0003537
347,fordyde,<code>fordyde</code>,1,0.0003537
347,forebeacn,<code>forebeacn</code>,1,0.0003537
347,forleas,<code>forleas</code>,1,0.0003537
347,fornimende,<code>fornimende</code>,1,0.0003537
347,fornym&eth;,<code>fornym&amp;d;</code>,1,0.0003537
347,forsawon,<code>forsawon</code>,1,0.0003537
347,fotscamele,<code>fotscamele</code>,1,0.0003537
347,fotum,<code>fotum</code>,1,0.0003537
347,frefra&eth;,<code>frefra&amp;d;</code>,1,0.0003537
347,froforgast,<code>froforgast</code>,1,0.0003537
347,frumcennede,<code>frumcennede</code>,1,0.0003537
347,fugelcynne,<code>fugelcynne</code>,1,0.0003537
347,fynd,<code>fynd</code>,1,0.0003537
347,fyrde,<code>fyrde</code>,1,0.0003537
347,galileisce,<code>galileisce</code>,1,0.0003537
347,gasta,<code>gasta</code>,1,0.0003537
347,ge&eth;inc&thorn;e,<code>ge&amp;d;inc&amp;t;e</code>,1,0.0003537
347,ge&thorn;eahte,<code>ge&amp;t;eahte</code>,1,0.0003537
347,ge&thorn;inc&eth;e,<code>ge&amp;t;inc&amp;d;e</code>,1,0.0003537
347,ge&thorn;uht,<code>ge&amp;t;uht</code>,1,0.0003537
347,ge&thorn;w&aelig;re,<code>ge&amp;t;w&amp;ae;re</code>,1,0.0003537
347,gea,<code>gea</code>,1,0.0003537
347,geanl&aelig;hte,<code>geanl&amp;ae;hte</code>,1,0.0003537
347,geara,<code>geara</code>,1,0.0003537
347,geaxodon,<code>geaxodon</code>,1,0.0003537
347,gebedum,<code>gebedum</code>,1,0.0003537
347,gebugon,<code>gebugon</code>,1,0.0003537
347,gebysnunge,<code>gebysnunge</code>,1,0.0003537
347,geceas,<code>geceas</code>,1,0.0003537
347,geclypode,<code>geclypode</code>,1,0.0003537
347,gecorenan,<code>gecorenan</code>,1,0.0003537
347,gecorenum,<code>gecorenum</code>,1,0.0003537
347,gecweme,<code>gecweme</code>,1,0.0003537
347,gecynde,<code>gecynde</code>,1,0.0003537
347,gecyrrednysse,<code>gecyrrednysse</code>,1,0.0003537
347,gedone,<code>gedone</code>,1,0.0003537
347,gedoon,<code>gedoon</code>,1,0.0003537
347,gedyrum,<code>gedyrum</code>,1,0.0003537
347,geearnungum,<code>geearnungum</code>,1,0.0003537
347,gefulludum,<code>gefulludum</code>,1,0.0003537
347,gefylde,<code>gefylde</code>,1,0.0003537
347,gefylled,<code>gefylled</code>,1,0.0003537
347,gefyllede,<code>gefyllede</code>,1,0.0003537
347,gegaderunge,<code>gegaderunge</code>,1,0.0003537
347,gegadrian,<code>gegadrian</code>,1,0.0003537
347,gegadrode,<code>gegadrode</code>,1,0.0003537
347,gehalgod,<code>gehalgod</code>,1,0.0003537
347,gehalgode,<code>gehalgode</code>,1,0.0003537
347,gehealdan,<code>gehealdan</code>,1,0.0003537
347,gehealden,<code>gehealden</code>,1,0.0003537
347,gehealdsumnysse,<code>gehealdsumnysse</code>,1,0.0003537
347,gehende,<code>gehende</code>,1,0.0003537
347,gehendum,<code>gehendum</code>,1,0.0003537
347,gehyrsumode,<code>gehyrsumode</code>,1,0.0003537
347,gela&thorn;ung,<code>gela&amp;t;ung</code>,1,0.0003537
347,geleaffullum,<code>geleaffullum</code>,1,0.0003537
347,geleafleaste,<code>geleafleaste</code>,1,0.0003537
347,geli&eth;ega&eth;,<code>geli&amp;d;ega&amp;d;</code>,1,0.0003537
347,gelic,<code>gelic</code>,1,0.0003537
347,gelicnysse,<code>gelicnysse</code>,1,0.0003537
347,gelogedon,<code>gelogedon</code>,1,0.0003537
347,gelumpen,<code>gelumpen</code>,1,0.0003537
347,gelyfan,<code>gelyfan</code>,1,0.0003537
347,gelyfdon,<code>gelyfdon</code>,1,0.0003537
347,gelyfedum,<code>gelyfedum</code>,1,0.0003537
347,gemedemode,<code>gemedemode</code>,1,0.0003537
347,gemyndige,<code>gemyndige</code>,1,0.0003537
347,geneosian,<code>geneosian</code>,1,0.0003537
347,geoffrod,<code>geoffrod</code>,1,0.0003537
347,geoffrode,<code>geoffrode</code>,1,0.0003537
347,geogo&eth;e,<code>geogo&amp;d;e</code>,1,0.0003537
347,geond,<code>geond</code>,1,0.0003537
347,gerecednysse,<code>gerecednysse</code>,1,0.0003537
347,geredd,<code>geredd</code>,1,0.0003537
347,gereht,<code>gereht</code>,1,0.0003537
347,gereorda,<code>gereorda</code>,1,0.0003537
347,ges&aelig;t,<code>ges&amp;ae;t</code>,1,0.0003537
347,gescyndnysse,<code>gescyndnysse</code>,1,0.0003537
347,gesetton,<code>gesetton</code>,1,0.0003537
347,gesibsum,<code>gesibsum</code>,1,0.0003537
347,gesibsumnysse,<code>gesibsumnysse</code>,1,0.0003537
347,gestreonum,<code>gestreonum</code>,1,0.0003537
347,geswicon,<code>geswicon</code>,1,0.0003537
347,geswutelod,<code>geswutelod</code>,1,0.0003537
347,getacnodon,<code>getacnodon</code>,1,0.0003537
347,getealde,<code>getealde</code>,1,0.0003537
347,getimbrunge,<code>getimbrunge</code>,1,0.0003537
347,gewear&eth;,<code>gewear&amp;d;</code>,1,0.0003537
347,gewilnungum,<code>gewilnungum</code>,1,0.0003537
347,gewissa&eth;,<code>gewissa&amp;d;</code>,1,0.0003537
347,gewitnysse,<code>gewitnysse</code>,1,0.0003537
347,gewyr&eth;,<code>gewyr&amp;d;</code>,1,0.0003537
347,gifu,<code>gifu</code>,1,0.0003537
347,gifum,<code>gifum</code>,1,0.0003537
347,gingrum,<code>gingrum</code>,1,0.0003537
347,git,<code>git</code>,1,0.0003537
347,gitsere,<code>gitsere</code>,1,0.0003537
347,gitsung,<code>gitsung</code>,1,0.0003537
347,gitsunge,<code>gitsunge</code>,1,0.0003537
347,godcundnyss,<code>godcundnyss</code>,1,0.0003537
347,goddra,<code>goddra</code>,1,0.0003537
347,godnysse,<code>godnysse</code>,1,0.0003537
347,godspelbodunge,<code>godspelbodunge</code>,1,0.0003537
347,gold,<code>gold</code>,1,0.0003537
347,goldhorde,<code>goldhorde</code>,1,0.0003537
347,good,<code>good</code>,1,0.0003537
347,grecisce,<code>grecisce</code>,1,0.0003537
347,greciscum,<code>greciscum</code>,1,0.0003537
347,h&aelig;&eth;enra,<code>h&amp;ae;&amp;d;enra</code>,1,0.0003537
347,h&aelig;f&eth;,<code>h&amp;ae;f&amp;d;</code>,1,0.0003537
347,h&aelig;fst,<code>h&amp;ae;fst</code>,1,0.0003537
347,h&aelig;lendes,<code>h&amp;ae;lendes</code>,1,0.0003537
347,hades,<code>hades</code>,1,0.0003537
347,halgum,<code>halgum</code>,1,0.0003537
347,haligne,<code>haligne</code>,1,0.0003537
347,halignysse,<code>halignysse</code>,1,0.0003537
347,hatte,<code>hatte</code>,1,0.0003537
347,heahne,<code>heahne</code>,1,0.0003537
347,healda&eth;,<code>healda&amp;d;</code>,1,0.0003537
347,healdan,<code>healdan</code>,1,0.0003537
347,hearpan,<code>hearpan</code>,1,0.0003537
347,heofon,<code>heofon</code>,1,0.0003537
347,heofonlicum,<code>heofonlicum</code>,1,0.0003537
347,her,<code>her</code>,1,0.0003537
347,hextan,<code>hextan</code>,1,0.0003537
347,hierusalem,<code>hierusalem</code>,1,0.0003537
347,hire,<code>hire</code>,1,0.0003537
347,hired,<code>hired</code>,1,0.0003537
347,hiwisce,<code>hiwisce</code>,1,0.0003537
347,hospe,<code>hospe</code>,1,0.0003537
347,hredde,<code>hredde</code>,1,0.0003537
347,hrepode,<code>hrepode</code>,1,0.0003537
347,hrof,<code>hrof</code>,1,0.0003537
347,hry&thorn;erhyrde,<code>hry&amp;t;erhyrde</code>,1,0.0003537
347,hrymde,<code>hrymde</code>,1,0.0003537
347,huse,<code>huse</code>,1,0.0003537
347,hwa,<code>hwa</code>,1,0.0003537
347,hwilc,<code>hwilc</code>,1,0.0003537
347,hwilcere,<code>hwilcere</code>,1,0.0003537
347,hyre,<code>hyre</code>,1,0.0003537
347,iacobum,<code>iacobum</code>,1,0.0003537
347,idel,<code>idel</code>,1,0.0003537
347,in,<code>in</code>,1,0.0003537
347,inc,<code>inc</code>,1,0.0003537
347,ingehide,<code>ingehide</code>,1,0.0003537
347,iob,<code>iob</code>,1,0.0003537
347,iohannes,<code>iohannes</code>,1,0.0003537
347,ioheles,<code>ioheles</code>,1,0.0003537
347,iu,<code>iu</code>,1,0.0003537
347,iudeiscan,<code>iudeiscan</code>,1,0.0003537
347,iudeisces,<code>iudeisces</code>,1,0.0003537
347,l&aelig;dde,<code>l&amp;ae;dde</code>,1,0.0003537
347,l&aelig;r&eth;,<code>l&amp;ae;r&amp;d;</code>,1,0.0003537
347,landare,<code>landare</code>,1,0.0003537
347,lande,<code>lande</code>,1,0.0003537
347,lareow,<code>lareow</code>,1,0.0003537
347,lareowe,<code>lareowe</code>,1,0.0003537
347,leahter,<code>leahter</code>,1,0.0003537
347,leahtrum,<code>leahtrum</code>,1,0.0003537
347,ledon,<code>ledon</code>,1,0.0003537
347,leode,<code>leode</code>,1,0.0003537
347,leodscipe,<code>leodscipe</code>,1,0.0003537
347,leofa&eth;,<code>leofa&amp;d;</code>,1,0.0003537
347,leofoste,<code>leofoste</code>,1,0.0003537
347,leoht,<code>leoht</code>,1,0.0003537
347,leornian,<code>leornian</code>,1,0.0003537
347,li&eth;e,<code>li&amp;d;e</code>,1,0.0003537
347,li&eth;nysse,<code>li&amp;d;nysse</code>,1,0.0003537
347,li&thorn;egode,<code>li&amp;t;egode</code>,1,0.0003537
347,lofsangum,<code>lofsangum</code>,1,0.0003537
347,lucas,<code>lucas</code>,1,0.0003537
347,lufa&eth;,<code>lufa&amp;d;</code>,1,0.0003537
347,lufode,<code>lufode</code>,1,0.0003537
347,luge,<code>luge</code>,1,0.0003537
347,lustum,<code>lustum</code>,1,0.0003537
347,ly&eth;nysse,<code>ly&amp;d;nysse</code>,1,0.0003537
347,lytle,<code>lytle</code>,1,0.0003537
347,m&aelig;g,<code>m&amp;ae;g</code>,1,0.0003537
347,m&aelig;ig,<code>m&amp;ae;ig</code>,1,0.0003537
347,m&aelig;r&eth;a,<code>m&amp;ae;r&amp;d;a</code>,1,0.0003537
347,m&aelig;rsigenne,<code>m&amp;ae;rsigenne</code>,1,0.0003537
347,m&aelig;rsunge,<code>m&amp;ae;rsunge</code>,1,0.0003537
347,m&aelig;rum,<code>m&amp;ae;rum</code>,1,0.0003537
347,magon,<code>magon</code>,1,0.0003537
347,mancynne,<code>mancynne</code>,1,0.0003537
347,mancynnes,<code>mancynnes</code>,1,0.0003537
347,mand&aelig;dum,<code>mand&amp;ae;dum</code>,1,0.0003537
347,matheus,<code>matheus</code>,1,0.0003537
347,me,<code>me</code>,1,0.0003537
347,mearcian,<code>mearcian</code>,1,0.0003537
347,mennisce,<code>mennisce</code>,1,0.0003537
347,micelne,<code>micelne</code>,1,0.0003537
347,middaneard,<code>middaneard</code>,1,0.0003537
347,middanearde,<code>middanearde</code>,1,0.0003537
347,minre,<code>minre</code>,1,0.0003537
347,minum,<code>minum</code>,1,0.0003537
347,mislice,<code>mislice</code>,1,0.0003537
347,mislicra,<code>mislicra</code>,1,0.0003537
347,mislicum,<code>mislicum</code>,1,0.0003537
347,modige,<code>modige</code>,1,0.0003537
347,modignyss,<code>modignyss</code>,1,0.0003537
347,mood,<code>mood</code>,1,0.0003537
347,moton,<code>moton</code>,1,0.0003537
347,moysen,<code>moysen</code>,1,0.0003537
347,moyses,<code>moyses</code>,1,0.0003537
347,mu&eth;,<code>mu&amp;d;</code>,1,0.0003537
347,munuclif,<code>munuclif</code>,1,0.0003537
347,muste,<code>muste</code>,1,0.0003537
347,mynstre,<code>mynstre</code>,1,0.0003537
347,n&aelig;f&eth;,<code>n&amp;ae;f&amp;d;</code>,1,0.0003537
347,n&aelig;nne,<code>n&amp;ae;nne</code>,1,0.0003537
347,naman,<code>naman</code>,1,0.0003537
347,namon,<code>namon</code>,1,0.0003537
347,neosunge,<code>neosunge</code>,1,0.0003537
347,nextan,<code>nextan</code>,1,0.0003537
347,noes,<code>noes</code>,1,0.0003537
347,nolde,<code>nolde</code>,1,0.0003537
347,ny&eth;er,<code>ny&amp;d;er</code>,1,0.0003537
347,nyste,<code>nyste</code>,1,0.0003537
347,o&eth;er,<code>o&amp;d;er</code>,1,0.0003537
347,o&eth;re,<code>o&amp;d;re</code>,1,0.0003537
347,o&thorn;re,<code>o&amp;t;re</code>,1,0.0003537
347,o&thorn;res,<code>o&amp;t;res</code>,1,0.0003537
347,oferslegum,<code>oferslegum</code>,1,0.0003537
347,offrian,<code>offrian</code>,1,0.0003537
347,ogan,<code>ogan</code>,1,0.0003537
347,on&aelig;lde,<code>on&amp;ae;lde</code>,1,0.0003537
347,onbryrde,<code>onbryrde</code>,1,0.0003537
347,oncneow,<code>oncneow</code>,1,0.0003537
347,onfo&eth;,<code>onfo&amp;d;</code>,1,0.0003537
347,ongean,<code>ongean</code>,1,0.0003537
347,ongunnon,<code>ongunnon</code>,1,0.0003537
347,onlihte,<code>onlihte</code>,1,0.0003537
347,onmiddan,<code>onmiddan</code>,1,0.0003537
347,ontend,<code>ontend</code>,1,0.0003537
347,ontende,<code>ontende</code>,1,0.0003537
347,orsorhlice,<code>orsorhlice</code>,1,0.0003537
347,paraclitus,<code>paraclitus</code>,1,0.0003537
347,phareo,<code>phareo</code>,1,0.0003537
347,pinunga,<code>pinunga</code>,1,0.0003537
347,pistolr&aelig;dinge,<code>pistolr&amp;ae;dinge</code>,1,0.0003537
347,r&aelig;de,<code>r&amp;ae;de</code>,1,0.0003537
347,r&aelig;dinge,<code>r&amp;ae;dinge</code>,1,0.0003537
347,receleasum,<code>receleasum</code>,1,0.0003537
347,rihtwisnyss,<code>rihtwisnyss</code>,1,0.0003537
347,rixa&eth;,<code>rixa&amp;d;</code>,1,0.0003537
347,rodetacen,<code>rodetacen</code>,1,0.0003537
347,romanisce,<code>romanisce</code>,1,0.0003537
347,sace,<code>sace</code>,1,0.0003537
347,sancto,<code>sancto</code>,1,0.0003537
347,sawle,<code>sawle</code>,1,0.0003537
347,sawul,<code>sawul</code>,1,0.0003537
347,sceadu,<code>sceadu</code>,1,0.0003537
347,sceolde,<code>sceolde</code>,1,0.0003537
347,sceoldon,<code>sceoldon</code>,1,0.0003537
347,sceole,<code>sceole</code>,1,0.0003537
347,sealmwyrhtan,<code>sealmwyrhtan</code>,1,0.0003537
347,sege,<code>sege</code>,1,0.0003537
347,seltcu&eth;,<code>seltcu&amp;d;</code>,1,0.0003537
347,sendan,<code>sendan</code>,1,0.0003537
347,seofon,<code>seofon</code>,1,0.0003537
347,seofonfealdan,<code>seofonfealdan</code>,1,0.0003537
347,seofonfealdre,<code>seofonfealdre</code>,1,0.0003537
347,seofonfealdum,<code>seofonfealdum</code>,1,0.0003537
347,setl,<code>setl</code>,1,0.0003537
347,setle,<code>setle</code>,1,0.0003537
347,setta&eth;,<code>setta&amp;d;</code>,1,0.0003537
347,sibbe,<code>sibbe</code>,1,0.0003537
347,sinai,<code>sinai</code>,1,0.0003537
347,sit,<code>sit</code>,1,0.0003537
347,site,<code>site</code>,1,0.0003537
347,slege,<code>slege</code>,1,0.0003537
347,snoternys,<code>snoternys</code>,1,0.0003537
347,so&eth;an,<code>so&amp;d;an</code>,1,0.0003537
347,so&eth;lice,<code>so&amp;d;lice</code>,1,0.0003537
347,spr&aelig;ca,<code>spr&amp;ae;ca</code>,1,0.0003537
347,spreca&eth;,<code>spreca&amp;d;</code>,1,0.0003537
347,sprecan,<code>sprecan</code>,1,0.0003537
347,sprecende,<code>sprecende</code>,1,0.0003537
347,sprecenne,<code>sprecenne</code>,1,0.0003537
347,stede,<code>stede</code>,1,0.0003537
347,sti&eth;ne,<code>sti&amp;d;ne</code>,1,0.0003537
347,str&aelig;t,<code>str&amp;ae;t</code>,1,0.0003537
347,strenc&eth;e,<code>strenc&amp;d;e</code>,1,0.0003537
347,stypel,<code>stypel</code>,1,0.0003537
347,styran,<code>styran</code>,1,0.0003537
347,sumne,<code>sumne</code>,1,0.0003537
347,sweg,<code>sweg</code>,1,0.0003537
347,swegi,<code>swegi</code>,1,0.0003537
347,swi&eth;e,<code>swi&amp;d;e</code>,1,0.0003537
347,swi&thorn;e,<code>swi&amp;t;e</code>,1,0.0003537
347,swician,<code>swician</code>,1,0.0003537
347,sylf,<code>sylf</code>,1,0.0003537
347,sylfe,<code>sylfe</code>,1,0.0003537
347,sylfne,<code>sylfne</code>,1,0.0003537
347,sylfum,<code>sylfum</code>,1,0.0003537
347,sylle,<code>sylle</code>,1,0.0003537
347,symeon,<code>symeon</code>,1,0.0003537
347,symle,<code>symle</code>,1,0.0003537
347,synd,<code>synd</code>,1,0.0003537
347,synderlice,<code>synderlice</code>,1,0.0003537
347,synfullan,<code>synfullan</code>,1,0.0003537
347,synfullum,<code>synfullum</code>,1,0.0003537
347,t&aelig;c&eth;,<code>t&amp;ae;c&amp;d;</code>,1,0.0003537
347,t&aelig;cunge,<code>t&amp;ae;cunge</code>,1,0.0003537
347,t&aelig;hte,<code>t&amp;ae;hte</code>,1,0.0003537
347,tengde,<code>tengde</code>,1,0.0003537
347,tida,<code>tida</code>,1,0.0003537
347,tocnawan,<code>tocnawan</code>,1,0.0003537
347,tod&aelig;lende,<code>tod&amp;ae;lende</code>,1,0.0003537
347,tollere,<code>tollere</code>,1,0.0003537
347,toscead,<code>toscead</code>,1,0.0003537
347,tostencte,<code>tostencte</code>,1,0.0003537
347,twa,<code>twa</code>,1,0.0003537
347,ufon,<code>ufon</code>,1,0.0003537
347,unascyrigendlice,<code>unascyrigendlice</code>,1,0.0003537
347,unasecgendlic,<code>unasecgendlic</code>,1,0.0003537
347,under&thorn;eoddum,<code>under&amp;t;eoddum</code>,1,0.0003537
347,underfeng,<code>underfeng</code>,1,0.0003537
347,underntid,<code>underntid</code>,1,0.0003537
347,unrotan,<code>unrotan</code>,1,0.0003537
347,unsc&aelig;&eth;&thorn;inysse,<code>unsc&amp;ae;&amp;d;&amp;t;inysse</code>,1,0.0003537
347,untrumnyssum,<code>untrumnyssum</code>,1,0.0003537
347,unwur&eth;lice,<code>unwur&amp;d;lice</code>,1,0.0003537
347,up,<code>up</code>,1,0.0003537
347,upfleringe,<code>upfleringe</code>,1,0.0003537
347,upflore,<code>upflore</code>,1,0.0003537
347,w&aelig;dla,<code>w&amp;ae;dla</code>,1,0.0003537
347,w&aelig;rlicor,<code>w&amp;ae;rlicor</code>,1,0.0003537
347,weald,<code>weald</code>,1,0.0003537
347,wealdend,<code>wealdend</code>,1,0.0003537
347,wear&thorn;,<code>wear&amp;t;</code>,1,0.0003537
347,wegi,<code>wegi</code>,1,0.0003537
347,wera,<code>wera</code>,1,0.0003537
347,weras,<code>weras</code>,1,0.0003537
347,wi&eth;,<code>wi&amp;d;</code>,1,0.0003537
347,wi&eth;innan,<code>wi&amp;d;innan</code>,1,0.0003537
347,wi&eth;utan,<code>wi&amp;d;utan</code>,1,0.0003537
347,wile,<code>wile</code>,1,0.0003537
347,wisdome,<code>wisdome</code>,1,0.0003537
347,wite,<code>wite</code>,1,0.0003537
347,witegode,<code>witegode</code>,1,0.0003537
347,witegunge,<code>witegunge</code>,1,0.0003537
347,witigian,<code>witigian</code>,1,0.0003537
347,woldest,<code>woldest</code>,1,0.0003537
347,woroldlicum,<code>woroldlicum</code>,1,0.0003537
347,wuldor,<code>wuldor</code>,1,0.0003537
347,wunderlicor,<code>wunderlicor</code>,1,0.0003537
347,wundrunge,<code>wundrunge</code>,1,0.0003537
347,wur&eth;,<code>wur&amp;d;</code>,1,0.0003537
347,wur&thorn;es,<code>wur&amp;t;es</code>,1,0.0003537
347,wur&thorn;ia&eth;,<code>wur&amp;t;ia&amp;d;</code>,1,0.0003537
347,wur&thorn;mynt,<code>wur&amp;t;mynt</code>,1,0.0003537
347,wurde,<code>wurde</code>,1,0.0003537
347,wyle,<code>wyle</code>,1,0.0003537
347,wylle,<code>wylle</code>,1,0.0003537
347,wyrhta,<code>wyrhta</code>,1,0.0003537
347,yfele,<code>yfele</code>,1,0.0003537
347,yfelnyssa,<code>yfelnyssa</code>,1,0.0003537
347,yfelra,<code>yfelra</code>,1,0.0003537
347,ymbrene,<code>ymbrene</code>,1,0.0003537
