B_Prose,B01,B01.002.002_AECHom_II__1_T02520.txt,924,550,3108
RANK,HTML WORD,RAW WORD,COUNT,RELATIVE FREQUENCY
1,and,<code>and</code>,196,0.0630631
2,he,<code>he</code>,79,0.0254183
3,to,<code>to</code>,61,0.0196268
4,his,<code>his</code>,58,0.0186615
5,se,<code>se</code>,55,0.0176963
6,on,<code>on</code>,54,0.0173745
7,&thorn;&aelig;t,<code>&amp;t;&amp;ae;t</code>,52,0.0167310
8,is,<code>is</code>,42,0.0135135
9,swa,<code>swa</code>,38,0.0122265
10,ne,<code>ne</code>,37,0.0119048
11,mid,<code>mid</code>,35,0.0112613
12,be,<code>be</code>,34,0.0109395
13,&eth;am,<code>&amp;d;am</code>,33,0.0106178
14,&eth;e,<code>&amp;d;e</code>,31,0.0099743
14,of,<code>of</code>,31,0.0099743
16,&eth;a,<code>&amp;d;a</code>,30,0.0096525
16,god,<code>god</code>,30,0.0096525
18,cw&aelig;&eth;,<code>cw&amp;ae;&amp;d;</code>,28,0.0090090
19,&thorn;e,<code>&amp;t;e</code>,27,0.0086873
20,bi&eth;,<code>bi&amp;d;</code>,26,0.0083655
20,w&aelig;s,<code>w&amp;ae;s</code>,26,0.0083655
22,&thorn;a,<code>&amp;t;a</code>,25,0.0080438
22,hi,<code>hi</code>,25,0.0080438
24,seo,<code>seo</code>,22,0.0070785
25,f&aelig;der,<code>f&amp;ae;der</code>,21,0.0067568
26,us,<code>us</code>,20,0.0064350
27,crist,<code>crist</code>,19,0.0061133
28,for,<code>for</code>,18,0.0057915
28,godes,<code>godes</code>,18,0.0057915
30,eft,<code>eft</code>,17,0.0054698
30,we,<code>we</code>,17,0.0054698
32,ac,<code>ac</code>,16,0.0051480
32,ealle,<code>ealle</code>,16,0.0051480
32,him,<code>him</code>,16,0.0051480
32,m&aelig;den,<code>m&amp;ae;den</code>,16,0.0051480
36,acenned,<code>acenned</code>,14,0.0045045
36,sunu,<code>sunu</code>,14,0.0045045
38,&thorn;onne,<code>&amp;t;onne</code>,13,0.0041828
38,eac,<code>eac</code>,13,0.0041828
38,ge,<code>ge</code>,13,0.0041828
38,heo,<code>heo</code>,13,0.0041828
42,cristes,<code>cristes</code>,12,0.0038610
42,cyning,<code>cyning</code>,12,0.0038610
42,hire,<code>hire</code>,12,0.0038610
45,&aelig;fre,<code>&amp;ae;fre</code>,10,0.0032175
45,&eth;&aelig;re,<code>&amp;d;&amp;ae;re</code>,10,0.0032175
45,&eth;an,<code>&amp;d;an</code>,10,0.0032175
45,&thorn;am,<code>&amp;t;am</code>,10,0.0032175
45,buton,<code>buton</code>,10,0.0032175
45,hu,<code>hu</code>,10,0.0032175
45,ic,<code>ic</code>,10,0.0032175
52,&eth;ing,<code>&amp;d;ing</code>,9,0.0028958
52,&thorn;urh,<code>&amp;t;urh</code>,9,0.0028958
52,beon,<code>beon</code>,9,0.0028958
52,mann,<code>mann</code>,9,0.0028958
52,ofne,<code>ofne</code>,9,0.0028958
52,ure,<code>ure</code>,9,0.0028958
52,w&aelig;ron,<code>w&amp;ae;ron</code>,9,0.0028958
59,&thorn;&aelig;re,<code>&amp;t;&amp;ae;re</code>,8,0.0025740
59,&thorn;u,<code>&amp;t;u</code>,8,0.0025740
59,dauid,<code>dauid</code>,8,0.0025740
59,eallum,<code>eallum</code>,8,0.0025740
59,gif,<code>gif</code>,8,0.0025740
59,gode,<code>gode</code>,8,0.0025740
59,heora,<code>heora</code>,8,0.0025740
59,hine,<code>hine</code>,8,0.0025740
59,man,<code>man</code>,8,0.0025740
59,manna,<code>manna</code>,8,0.0025740
59,na,<code>na</code>,8,0.0025740
59,nan,<code>nan</code>,8,0.0025740
59,nu,<code>nu</code>,8,0.0025740
59,sind,<code>sind</code>,8,0.0025740
73,&eth;urh,<code>&amp;d;urh</code>,7,0.0022523
73,&thorn;&aelig;s,<code>&amp;t;&amp;ae;s</code>,7,0.0022523
73,&thorn;one,<code>&amp;t;one</code>,7,0.0022523
73,&thorn;us,<code>&amp;t;us</code>,7,0.0022523
73,an,<code>an</code>,7,0.0022523
73,beo&eth;,<code>beo&amp;d;</code>,7,0.0022523
73,criste,<code>criste</code>,7,0.0022523
73,ealra,<code>ealra</code>,7,0.0022523
73,folce,<code>folce</code>,7,0.0022523
73,hit,<code>hit</code>,7,0.0022523
73,into,<code>into</code>,7,0.0022523
73,ofer,<code>ofer</code>,7,0.0022523
73,swi&eth;e,<code>swi&amp;d;e</code>,7,0.0022523
73,witegode,<code>witegode</code>,7,0.0022523
87,&aelig;g&eth;er,<code>&amp;ae;g&amp;d;er</code>,6,0.0019305
87,&eth;i,<code>&amp;d;i</code>,6,0.0019305
87,acennednysse,<code>acennednysse</code>,6,0.0019305
87,cym&eth;,<code>cym&amp;d;</code>,6,0.0019305
87,eow,<code>eow</code>,6,0.0019305
87,fyre,<code>fyre</code>,6,0.0019305
87,gesceop,<code>gesceop</code>,6,0.0019305
87,halige,<code>halige</code>,6,0.0019305
87,menniscnysse,<code>menniscnysse</code>,6,0.0019305
87,moder,<code>moder</code>,6,0.0019305
87,n&aelig;s,<code>n&amp;ae;s</code>,6,0.0019305
87,rice,<code>rice</code>,6,0.0019305
87,sylf,<code>sylf</code>,6,0.0019305
87,wear&eth;,<code>wear&amp;d;</code>,6,0.0019305
87,wolde,<code>wolde</code>,6,0.0019305
87,ylca,<code>ylca</code>,6,0.0019305
103,beo,<code>beo</code>,5,0.0016088
103,cild,<code>cild</code>,5,0.0016088
103,cwe&eth;ende,<code>cwe&amp;d;ende</code>,5,0.0016088
103,dea&eth;e,<code>dea&amp;d;e</code>,5,0.0016088
103,eal,<code>eal</code>,5,0.0016088
103,gesceapennys,<code>gesceapennys</code>,5,0.0016088
103,h&aelig;fde,<code>h&amp;ae;fde</code>,5,0.0016088
103,halgan,<code>halgan</code>,5,0.0016088
103,isaias,<code>isaias</code>,5,0.0016088
103,lichaman,<code>lichaman</code>,5,0.0016088
103,maria,<code>maria</code>,5,0.0016088
103,meder,<code>meder</code>,5,0.0016088
103,min,<code>min</code>,5,0.0016088
103,mine,<code>mine</code>,5,0.0016088
103,sceolde,<code>sceolde</code>,5,0.0016088
103,sceoldon,<code>sceoldon</code>,5,0.0016088
103,si&eth;&eth;an,<code>si&amp;d;&amp;d;an</code>,5,0.0016088
103,so&eth;,<code>so&amp;d;</code>,5,0.0016088
103,tocyme,<code>tocyme</code>,5,0.0016088
103,witega,<code>witega</code>,5,0.0016088
123,&aelig;lmihtiga,<code>&amp;ae;lmihtiga</code>,4,0.0012870
123,&eth;&aelig;r,<code>&amp;d;&amp;ae;r</code>,4,0.0012870
123,&eth;inum,<code>&amp;d;inum</code>,4,0.0012870
123,ahreddan,<code>ahreddan</code>,4,0.0012870
123,alysednysse,<code>alysednysse</code>,4,0.0012870
123,bearn,<code>bearn</code>,4,0.0012870
123,bearne,<code>bearne</code>,4,0.0012870
123,cenninge,<code>cenninge</code>,4,0.0012870
123,cl&aelig;ne,<code>cl&amp;ae;ne</code>,4,0.0012870
123,cl&aelig;nnysse,<code>cl&amp;ae;nnysse</code>,4,0.0012870
123,com,<code>com</code>,4,0.0012870
123,deofles,<code>deofles</code>,4,0.0012870
123,dome,<code>dome</code>,4,0.0012870
123,eart,<code>eart</code>,4,0.0012870
123,feower,<code>feower</code>,4,0.0012870
123,fram,<code>fram</code>,4,0.0012870
123,gebletsod,<code>gebletsod</code>,4,0.0012870
123,gela&eth;ung,<code>gela&amp;d;ung</code>,4,0.0012870
123,gesmyrod,<code>gesmyrod</code>,4,0.0012870
123,hw&aelig;&eth;ere,<code>hw&amp;ae;&amp;d;ere</code>,4,0.0012870
123,life,<code>life</code>,4,0.0012870
123,m&aelig;dene,<code>m&amp;ae;dene</code>,4,0.0012870
123,m&aelig;g,<code>m&amp;ae;g</code>,4,0.0012870
123,mancynn,<code>mancynn</code>,4,0.0012870
123,marian,<code>marian</code>,4,0.0012870
123,me,<code>me</code>,4,0.0012870
123,micelre,<code>micelre</code>,4,0.0012870
123,mihte,<code>mihte</code>,4,0.0012870
123,minum,<code>minum</code>,4,0.0012870
123,nis,<code>nis</code>,4,0.0012870
123,sawle,<code>sawle</code>,4,0.0012870
123,ut,<code>ut</code>,4,0.0012870
123,weres,<code>weres</code>,4,0.0012870
156,&aelig;fter,<code>&amp;ae;fter</code>,3,0.0009653
156,&aelig;lcere,<code>&amp;ae;lcere</code>,3,0.0009653
156,&aelig;lcum,<code>&amp;ae;lcum</code>,3,0.0009653
156,&aelig;r,<code>&amp;ae;r</code>,3,0.0009653
156,&aelig;riste,<code>&amp;ae;riste</code>,3,0.0009653
156,&aelig;t,<code>&amp;ae;t</code>,3,0.0009653
156,&eth;eah,<code>&amp;d;eah</code>,3,0.0009653
156,&eth;eos,<code>&amp;d;eos</code>,3,0.0009653
156,&thorn;&aelig;r,<code>&amp;t;&amp;ae;r</code>,3,0.0009653
156,&thorn;as,<code>&amp;t;as</code>,3,0.0009653
156,&thorn;eah,<code>&amp;t;eah</code>,3,0.0009653
156,acennednys,<code>acennednys</code>,3,0.0009653
156,adam,<code>adam</code>,3,0.0009653
156,ancennedan,<code>ancennedan</code>,3,0.0009653
156,anum,<code>anum</code>,3,0.0009653
156,ar&aelig;rde,<code>ar&amp;ae;rde</code>,3,0.0009653
156,bebead,<code>bebead</code>,3,0.0009653
156,byrig,<code>byrig</code>,3,0.0009653
156,byrnendum,<code>byrnendum</code>,3,0.0009653
156,cnihtas,<code>cnihtas</code>,3,0.0009653
156,cnihtum,<code>cnihtum</code>,3,0.0009653
156,cyrcan,<code>cyrcan</code>,3,0.0009653
156,d&aelig;ge,<code>d&amp;ae;ge</code>,3,0.0009653
156,dea&eth;,<code>dea&amp;d;</code>,3,0.0009653
156,ele,<code>ele</code>,3,0.0009653
156,eodon,<code>eodon</code>,3,0.0009653
156,eor&eth;an,<code>eor&amp;d;an</code>,3,0.0009653
156,eor&eth;licum,<code>eor&amp;d;licum</code>,3,0.0009653
156,g&aelig;&eth;,<code>g&amp;ae;&amp;d;</code>,3,0.0009653
156,gaste,<code>gaste</code>,3,0.0009653
156,geboren,<code>geboren</code>,3,0.0009653
156,gelyfan,<code>gelyfan</code>,3,0.0009653
156,geseah,<code>geseah</code>,3,0.0009653
156,geworhte,<code>geworhte</code>,3,0.0009653
156,godcundnys,<code>godcundnys</code>,3,0.0009653
156,godcundnysse,<code>godcundnysse</code>,3,0.0009653
156,h&aelig;f&eth;,<code>h&amp;ae;f&amp;d;</code>,3,0.0009653
156,halga,<code>halga</code>,3,0.0009653
156,handum,<code>handum</code>,3,0.0009653
156,heahengel,<code>heahengel</code>,3,0.0009653
156,heofonum,<code>heofonum</code>,3,0.0009653
156,hierusalem,<code>hierusalem</code>,3,0.0009653
156,hwa,<code>hwa</code>,3,0.0009653
156,m&aelig;g&eth;had,<code>m&amp;ae;g&amp;d;had</code>,3,0.0009653
156,m&aelig;g&eth;hade,<code>m&amp;ae;g&amp;d;hade</code>,3,0.0009653
156,mancynnes,<code>mancynnes</code>,3,0.0009653
156,men,<code>men</code>,3,0.0009653
156,micclum,<code>micclum</code>,3,0.0009653
156,micel,<code>micel</code>,3,0.0009653
156,misahel,<code>misahel</code>,3,0.0009653
156,nanum,<code>nanum</code>,3,0.0009653
156,o&eth;er,<code>o&amp;d;er</code>,3,0.0009653
156,o&eth;rum,<code>o&amp;d;rum</code>,3,0.0009653
156,sang,<code>sang</code>,3,0.0009653
156,sceal,<code>sceal</code>,3,0.0009653
156,sceolon,<code>sceolon</code>,3,0.0009653
156,tod&aelig;g,<code>tod&amp;ae;g</code>,3,0.0009653
156,tuwa,<code>tuwa</code>,3,0.0009653
156,urum,<code>urum</code>,3,0.0009653
156,weorcum,<code>weorcum</code>,3,0.0009653
156,wi&eth;,<code>wi&amp;d;</code>,3,0.0009653
156,witegan,<code>witegan</code>,3,0.0009653
156,wur&eth;ia&eth;,<code>wur&amp;d;ia&amp;d;</code>,3,0.0009653
156,ylcan,<code>ylcan</code>,3,0.0009653
220,&aelig;lc,<code>&amp;ae;lc</code>,2,0.0006435
220,&aelig;nig,<code>&amp;ae;nig</code>,2,0.0006435
220,&aelig;tforan,<code>&amp;ae;tforan</code>,2,0.0006435
220,&eth;&aelig;s,<code>&amp;d;&amp;ae;s</code>,2,0.0006435
220,&eth;as,<code>&amp;d;as</code>,2,0.0006435
220,&eth;isum,<code>&amp;d;isum</code>,2,0.0006435
220,&eth;onne,<code>&amp;d;onne</code>,2,0.0006435
220,&eth;ridde,<code>&amp;d;ridde</code>,2,0.0006435
220,&eth;rowunge,<code>&amp;d;rowunge</code>,2,0.0006435
220,&eth;ry,<code>&amp;d;ry</code>,2,0.0006435
220,&eth;u,<code>&amp;d;u</code>,2,0.0006435
220,&eth;ysum,<code>&amp;d;ysum</code>,2,0.0006435
220,&thorn;&aelig;ra,<code>&amp;t;&amp;ae;ra</code>,2,0.0006435
220,&thorn;&aelig;rrihte,<code>&amp;t;&amp;ae;rrihte</code>,2,0.0006435
220,&thorn;eos,<code>&amp;t;eos</code>,2,0.0006435
220,&thorn;in,<code>&amp;t;in</code>,2,0.0006435
220,a&eth;weh&eth;,<code>a&amp;d;weh&amp;d;</code>,2,0.0006435
220,acennan,<code>acennan</code>,2,0.0006435
220,adames,<code>adames</code>,2,0.0006435
220,adylegod,<code>adylegod</code>,2,0.0006435
220,afylled,<code>afylled</code>,2,0.0006435
220,agenes,<code>agenes</code>,2,0.0006435
220,alysend,<code>alysend</code>,2,0.0006435
220,ana,<code>ana</code>,2,0.0006435
220,annanias,<code>annanias</code>,2,0.0006435
220,anre,<code>anre</code>,2,0.0006435
220,aras,<code>aras</code>,2,0.0006435
220,asendan,<code>asendan</code>,2,0.0006435
220,asende,<code>asende</code>,2,0.0006435
220,astah,<code>astah</code>,2,0.0006435
220,astealde,<code>astealde</code>,2,0.0006435
220,aworpene,<code>aworpene</code>,2,0.0006435
220,awrat,<code>awrat</code>,2,0.0006435
220,azarias,<code>azarias</code>,2,0.0006435
220,becom,<code>becom</code>,2,0.0006435
220,beforan,<code>beforan</code>,2,0.0006435
220,binnon,<code>binnon</code>,2,0.0006435
220,biscop,<code>biscop</code>,2,0.0006435
220,blindra,<code>blindra</code>,2,0.0006435
220,bryd,<code>bryd</code>,2,0.0006435
220,bryde,<code>bryde</code>,2,0.0006435
220,brydguma,<code>brydguma</code>,2,0.0006435
220,byrgenum,<code>byrgenum</code>,2,0.0006435
220,clypode,<code>clypode</code>,2,0.0006435
220,cristenra,<code>cristenra</code>,2,0.0006435
220,cw&aelig;don,<code>cw&amp;ae;don</code>,2,0.0006435
220,cwale,<code>cwale</code>,2,0.0006435
220,cyninge,<code>cyninge</code>,2,0.0006435
220,cynne,<code>cynne</code>,2,0.0006435
220,d&aelig;ghwomlice,<code>d&amp;ae;ghwomlice</code>,2,0.0006435
220,d&aelig;l,<code>d&amp;ae;l</code>,2,0.0006435
220,danihel,<code>danihel</code>,2,0.0006435
220,de,<code>de</code>,2,0.0006435
220,de&eth;,<code>de&amp;d;</code>,2,0.0006435
220,deadan,<code>deadan</code>,2,0.0006435
220,domini,<code>domini</code>,2,0.0006435
220,drige,<code>drige</code>,2,0.0006435
220,drihten,<code>drihten</code>,2,0.0006435
220,drihtne,<code>drihtne</code>,2,0.0006435
220,eagan,<code>eagan</code>,2,0.0006435
220,ealde,<code>ealde</code>,2,0.0006435
220,ecan,<code>ecan</code>,2,0.0006435
220,eom,<code>eom</code>,2,0.0006435
220,faran,<code>faran</code>,2,0.0006435
220,feor&eth;e,<code>feor&amp;d;e</code>,2,0.0006435
220,forg&aelig;gednys,<code>forg&amp;ae;gednys</code>,2,0.0006435
220,forloren,<code>forloren</code>,2,0.0006435
220,forwyrhte,<code>forwyrhte</code>,2,0.0006435
220,fyr,<code>fyr</code>,2,0.0006435
220,gabrihel,<code>gabrihel</code>,2,0.0006435
220,gangende,<code>gangende</code>,2,0.0006435
220,gastlice,<code>gastlice</code>,2,0.0006435
220,gastlicere,<code>gastlicere</code>,2,0.0006435
220,ge&eth;eo&eth;,<code>ge&amp;d;eo&amp;d;</code>,2,0.0006435
220,geara,<code>geara</code>,2,0.0006435
220,gebiddan,<code>gebiddan</code>,2,0.0006435
220,geceas,<code>geceas</code>,2,0.0006435
220,gecneow,<code>gecneow</code>,2,0.0006435
220,geendod,<code>geendod</code>,2,0.0006435
220,gefyllede,<code>gefyllede</code>,2,0.0006435
220,gefyrn,<code>gefyrn</code>,2,0.0006435
220,gehalgodum,<code>gehalgodum</code>,2,0.0006435
220,gehaten,<code>gehaten</code>,2,0.0006435
220,gehwa,<code>gehwa</code>,2,0.0006435
220,gelic,<code>gelic</code>,2,0.0006435
220,gelice,<code>gelice</code>,2,0.0006435
220,geopenode,<code>geopenode</code>,2,0.0006435
220,geornlice,<code>geornlice</code>,2,0.0006435
220,gesceafta,<code>gesceafta</code>,2,0.0006435
220,gesceapennyssa,<code>gesceapennyssa</code>,2,0.0006435
220,gesette,<code>gesette</code>,2,0.0006435
220,gesih&eth;e,<code>gesih&amp;d;e</code>,2,0.0006435
220,gestrynde,<code>gestrynde</code>,2,0.0006435
220,gestryned,<code>gestryned</code>,2,0.0006435
220,getealde,<code>getealde</code>,2,0.0006435
220,godspelle,<code>godspelle</code>,2,0.0006435
220,gyrd,<code>gyrd</code>,2,0.0006435
220,gyrda,<code>gyrda</code>,2,0.0006435
220,h&aelig;&eth;ena,<code>h&amp;ae;&amp;d;ena</code>,2,0.0006435
220,h&aelig;mede,<code>h&amp;ae;mede</code>,2,0.0006435
220,halgena,<code>halgena</code>,2,0.0006435
220,halgum,<code>halgum</code>,2,0.0006435
220,helle,<code>helle</code>,2,0.0006435
220,her,<code>her</code>,2,0.0006435
220,het,<code>het</code>,2,0.0006435
220,hieremias,<code>hieremias</code>,2,0.0006435
220,hnyte,<code>hnyte</code>,2,0.0006435
220,hryre,<code>hryre</code>,2,0.0006435
220,hw&aelig;ne,<code>hw&amp;ae;ne</code>,2,0.0006435
220,inn,<code>inn</code>,2,0.0006435
220,lare,<code>lare</code>,2,0.0006435
220,lichama,<code>lichama</code>,2,0.0006435
220,lichamlice,<code>lichamlice</code>,2,0.0006435
220,lifigendan,<code>lifigendan</code>,2,0.0006435
220,lufe,<code>lufe</code>,2,0.0006435
220,mannum,<code>mannum</code>,2,0.0006435
220,menn,<code>menn</code>,2,0.0006435
220,modor,<code>modor</code>,2,0.0006435
220,na&eth;or,<code>na&amp;d;or</code>,2,0.0006435
220,nabuchodonosor,<code>nabuchodonosor</code>,2,0.0006435
220,nolde,<code>nolde</code>,2,0.0006435
220,oferfylle,<code>oferfylle</code>,2,0.0006435
220,ongann,<code>ongann</code>,2,0.0006435
220,rihtwisnys,<code>rihtwisnys</code>,2,0.0006435
220,sealmwyrhta,<code>sealmwyrhta</code>,2,0.0006435
220,sette,<code>sette</code>,2,0.0006435
220,sibbe,<code>sibbe</code>,2,0.0006435
220,slege,<code>slege</code>,2,0.0006435
220,stemne,<code>stemne</code>,2,0.0006435
220,swi&eth;ran,<code>swi&amp;d;ran</code>,2,0.0006435
220,swutellice,<code>swutellice</code>,2,0.0006435
220,sy,<code>sy</code>,2,0.0006435
220,sylfe,<code>sylfe</code>,2,0.0006435
220,synn,<code>synn</code>,2,0.0006435
220,synnum,<code>synnum</code>,2,0.0006435
220,twa,<code>twa</code>,2,0.0006435
220,twelf,<code>twelf</code>,2,0.0006435
220,tyma&eth;,<code>tyma&amp;d;</code>,2,0.0006435
220,understand,<code>understand</code>,2,0.0006435
220,up,<code>up</code>,2,0.0006435
220,upstige,<code>upstige</code>,2,0.0006435
220,uton,<code>uton</code>,2,0.0006435
220,w&aelig;re,<code>w&amp;ae;re</code>,2,0.0006435
220,were,<code>were</code>,2,0.0006435
220,wif,<code>wif</code>,2,0.0006435
220,wifhades,<code>wifhades</code>,2,0.0006435
220,wisdom,<code>wisdom</code>,2,0.0006435
220,wison,<code>wison</code>,2,0.0006435
220,wite,<code>wite</code>,2,0.0006435
220,witegunga,<code>witegunga</code>,2,0.0006435
220,witegunge,<code>witegunge</code>,2,0.0006435
220,word,<code>word</code>,2,0.0006435
220,worulde,<code>worulde</code>,2,0.0006435
220,wundorlic,<code>wundorlic</code>,2,0.0006435
220,wundra,<code>wundra</code>,2,0.0006435
375,&aelig;,<code>&amp;ae;</code>,1,0.0003218
375,&aelig;&eth;eling,<code>&amp;ae;&amp;d;eling</code>,1,0.0003218
375,&aelig;hta,<code>&amp;ae;hta</code>,1,0.0003218
375,&aelig;lce,<code>&amp;ae;lce</code>,1,0.0003218
375,&aelig;lmesd&aelig;da,<code>&amp;ae;lmesd&amp;ae;da</code>,1,0.0003218
375,&aelig;lmihtigne,<code>&amp;ae;lmihtigne</code>,1,0.0003218
375,&aelig;lmihtigum,<code>&amp;ae;lmihtigum</code>,1,0.0003218
375,&eth;&aelig;ron,<code>&amp;d;&amp;ae;ron</code>,1,0.0003218
375,&eth;&aelig;rrihte,<code>&amp;d;&amp;ae;rrihte</code>,1,0.0003218
375,&eth;earle,<code>&amp;d;earle</code>,1,0.0003218
375,&eth;eoda,<code>&amp;d;eoda</code>,1,0.0003218
375,&eth;eowan,<code>&amp;d;eowan</code>,1,0.0003218
375,&eth;eowia&eth;,<code>&amp;d;eowia&amp;d;</code>,1,0.0003218
375,&eth;es,<code>&amp;d;es</code>,1,0.0003218
375,&eth;ingige,<code>&amp;d;ingige</code>,1,0.0003218
375,&eth;ingum,<code>&amp;d;ingum</code>,1,0.0003218
375,&eth;is,<code>&amp;d;is</code>,1,0.0003218
375,&eth;olian,<code>&amp;d;olian</code>,1,0.0003218
375,&eth;one,<code>&amp;d;one</code>,1,0.0003218
375,&eth;reo,<code>&amp;d;reo</code>,1,0.0003218
375,&eth;rim,<code>&amp;d;rim</code>,1,0.0003218
375,&eth;rowian,<code>&amp;d;rowian</code>,1,0.0003218
375,&eth;rowode,<code>&amp;d;rowode</code>,1,0.0003218
375,&eth;urhwuna&eth;,<code>&amp;d;urhwuna&amp;d;</code>,1,0.0003218
375,&eth;urhwunode,<code>&amp;d;urhwunode</code>,1,0.0003218
375,&eth;us,<code>&amp;d;us</code>,1,0.0003218
375,&thorn;ances,<code>&amp;t;ances</code>,1,0.0003218
375,&thorn;eawf&aelig;stnysse,<code>&amp;t;eawf&amp;ae;stnysse</code>,1,0.0003218
375,&thorn;eoda,<code>&amp;t;eoda</code>,1,0.0003218
375,&thorn;is,<code>&amp;t;is</code>,1,0.0003218
375,&thorn;isum,<code>&amp;t;isum</code>,1,0.0003218
375,&thorn;rim,<code>&amp;t;rim</code>,1,0.0003218
375,&thorn;rowian,<code>&amp;t;rowian</code>,1,0.0003218
375,&thorn;rowigendlic,<code>&amp;t;rowigendlic</code>,1,0.0003218
375,&thorn;rowunge,<code>&amp;t;rowunge</code>,1,0.0003218
375,&thorn;ry,<code>&amp;t;ry</code>,1,0.0003218
375,&thorn;urh&eth;ydon,<code>&amp;t;urh&amp;d;ydon</code>,1,0.0003218
375,&thorn;urhwuna&eth;,<code>&amp;t;urhwuna&amp;d;</code>,1,0.0003218
375,&thorn;urhwunode,<code>&amp;t;urhwunode</code>,1,0.0003218
375,a,<code>a</code>,1,0.0003218
375,aarones,<code>aarones</code>,1,0.0003218
375,ab&aelig;r,<code>ab&amp;ae;r</code>,1,0.0003218
375,aberan,<code>aberan</code>,1,0.0003218
375,abiddan,<code>abiddan</code>,1,0.0003218
375,abrahame,<code>abrahame</code>,1,0.0003218
375,abrahames,<code>abrahames</code>,1,0.0003218
375,acen&eth;,<code>acen&amp;d;</code>,1,0.0003218
375,acende,<code>acende</code>,1,0.0003218
375,acennede,<code>acennede</code>,1,0.0003218
375,acucod,<code>acucod</code>,1,0.0003218
375,ad,<code>ad</code>,1,0.0003218
375,adune,<code>adune</code>,1,0.0003218
375,adylegode,<code>adylegode</code>,1,0.0003218
375,agen,<code>agen</code>,1,0.0003218
375,agene,<code>agene</code>,1,0.0003218
375,agenne,<code>agenne</code>,1,0.0003218
375,agenum,<code>agenum</code>,1,0.0003218
375,agylte,<code>agylte</code>,1,0.0003218
375,ahredde,<code>ahredde</code>,1,0.0003218
375,alede,<code>alede</code>,1,0.0003218
375,alysde,<code>alysde</code>,1,0.0003218
375,amen,<code>amen</code>,1,0.0003218
375,ancenned,<code>ancenned</code>,1,0.0003218
375,andagan,<code>andagan</code>,1,0.0003218
375,anginne,<code>anginne</code>,1,0.0003218
375,anglice,<code>anglice</code>,1,0.0003218
375,anlicnysse,<code>anlicnysse</code>,1,0.0003218
375,annania,<code>annania</code>,1,0.0003218
375,anno,<code>anno</code>,1,0.0003218
375,anweald,<code>anweald</code>,1,0.0003218
375,anwealde,<code>anwealde</code>,1,0.0003218
375,aplantod,<code>aplantod</code>,1,0.0003218
375,apostol,<code>apostol</code>,1,0.0003218
375,apostolas,<code>apostolas</code>,1,0.0003218
375,ar&aelig;r&eth;,<code>ar&amp;ae;r&amp;d;</code>,1,0.0003218
375,areccan,<code>areccan</code>,1,0.0003218
375,arisan,<code>arisan</code>,1,0.0003218
375,astih&eth;,<code>astih&amp;d;</code>,1,0.0003218
375,aweg,<code>aweg</code>,1,0.0003218
375,awritene,<code>awritene</code>,1,0.0003218
375,awurpan,<code>awurpan</code>,1,0.0003218
375,awurpon,<code>awurpon</code>,1,0.0003218
375,azaria,<code>azaria</code>,1,0.0003218
375,b&aelig;r,<code>b&amp;ae;r</code>,1,0.0003218
375,bebod,<code>bebod</code>,1,0.0003218
375,bebodum,<code>bebodum</code>,1,0.0003218
375,becume,<code>becume</code>,1,0.0003218
375,befangen,<code>befangen</code>,1,0.0003218
375,behaten,<code>behaten</code>,1,0.0003218
375,behet,<code>behet</code>,1,0.0003218
375,beleac,<code>beleac</code>,1,0.0003218
375,beluca&eth;,<code>beluca&amp;d;</code>,1,0.0003218
375,belyfdon,<code>belyfdon</code>,1,0.0003218
375,berende,<code>berende</code>,1,0.0003218
375,besceofan,<code>besceofan</code>,1,0.0003218
375,bet&aelig;ht,<code>bet&amp;ae;ht</code>,1,0.0003218
375,betwux,<code>betwux</code>,1,0.0003218
375,beweddode,<code>beweddode</code>,1,0.0003218
375,biscopa,<code>biscopa</code>,1,0.0003218
375,biscope,<code>biscope</code>,1,0.0003218
375,biscophade,<code>biscophade</code>,1,0.0003218
375,bleow,<code>bleow</code>,1,0.0003218
375,blisse,<code>blisse</code>,1,0.0003218
375,blowende,<code>blowende</code>,1,0.0003218
375,bocum,<code>bocum</code>,1,0.0003218
375,bodian,<code>bodian</code>,1,0.0003218
375,bogum,<code>bogum</code>,1,0.0003218
375,breac,<code>breac</code>,1,0.0003218
375,breda&eth;,<code>breda&amp;d;</code>,1,0.0003218
375,bric&eth;,<code>bric&amp;d;</code>,1,0.0003218
375,brod,<code>brod</code>,1,0.0003218
375,brydbedde,<code>brydbedde</code>,1,0.0003218
375,buga&eth;,<code>buga&amp;d;</code>,1,0.0003218
375,bugan,<code>bugan</code>,1,0.0003218
375,byrn&eth;,<code>byrn&amp;d;</code>,1,0.0003218
375,byrnendan,<code>byrnendan</code>,1,0.0003218
375,catholicorum,<code>catholicorum</code>,1,0.0003218
375,catholicus,<code>catholicus</code>,1,0.0003218
375,cl&aelig;nnyss,<code>cl&amp;ae;nnyss</code>,1,0.0003218
375,cl&aelig;num,<code>cl&amp;ae;num</code>,1,0.0003218
375,come,<code>come</code>,1,0.0003218
375,costnunge,<code>costnunge</code>,1,0.0003218
375,cristen,<code>cristen</code>,1,0.0003218
375,cuma&eth;,<code>cuma&amp;d;</code>,1,0.0003218
375,cumen,<code>cumen</code>,1,0.0003218
375,cwe&eth;an,<code>cwe&amp;d;an</code>,1,0.0003218
375,cwe&eth;e,<code>cwe&amp;d;e</code>,1,0.0003218
375,cwen,<code>cwen</code>,1,0.0003218
375,cy&eth;an,<code>cy&amp;d;an</code>,1,0.0003218
375,cy&eth;don,<code>cy&amp;d;don</code>,1,0.0003218
375,cynecynne,<code>cynecynne</code>,1,0.0003218
375,cynegum,<code>cynegum</code>,1,0.0003218
375,cyninga,<code>cyninga</code>,1,0.0003218
375,cyningas,<code>cyningas</code>,1,0.0003218
375,cyninges,<code>cyninges</code>,1,0.0003218
375,d&aelig;ldon,<code>d&amp;ae;ldon</code>,1,0.0003218
375,danihele,<code>danihele</code>,1,0.0003218
375,deaffra,<code>deaffra</code>,1,0.0003218
375,deafum,<code>deafum</code>,1,0.0003218
375,demenne,<code>demenne</code>,1,0.0003218
375,deofle,<code>deofle</code>,1,0.0003218
375,deofolgilde,<code>deofolgilde</code>,1,0.0003218
375,derede,<code>derede</code>,1,0.0003218
375,diaconhade,<code>diaconhade</code>,1,0.0003218
375,dohtor,<code>dohtor</code>,1,0.0003218
375,dorste,<code>dorste</code>,1,0.0003218
375,drohtnode,<code>drohtnode</code>,1,0.0003218
375,druncennysse,<code>druncennysse</code>,1,0.0003218
375,dumbra,<code>dumbra</code>,1,0.0003218
375,dyde,<code>dyde</code>,1,0.0003218
375,dyrstig,<code>dyrstig</code>,1,0.0003218
375,ea&eth;e,<code>ea&amp;d;e</code>,1,0.0003218
375,eadigan,<code>eadigan</code>,1,0.0003218
375,eadmod,<code>eadmod</code>,1,0.0003218
375,eadmodnys,<code>eadmodnys</code>,1,0.0003218
375,ealda,<code>ealda</code>,1,0.0003218
375,ealdan,<code>ealdan</code>,1,0.0003218
375,ealdor,<code>ealdor</code>,1,0.0003218
375,ealdordom,<code>ealdordom</code>,1,0.0003218
375,ealswa,<code>ealswa</code>,1,0.0003218
375,earan,<code>earan</code>,1,0.0003218
375,eastd&aelig;le,<code>eastd&amp;ae;le</code>,1,0.0003218
375,ece,<code>ece</code>,1,0.0003218
375,ecnysse,<code>ecnysse</code>,1,0.0003218
375,efne,<code>efne</code>,1,0.0003218
375,ehsynes,<code>ehsynes</code>,1,0.0003218
375,emmanuhel,<code>emmanuhel</code>,1,0.0003218
375,ende,<code>ende</code>,1,0.0003218
375,engel,<code>engel</code>,1,0.0003218
375,eode,<code>eode</code>,1,0.0003218
375,eor&eth;licere,<code>eor&amp;d;licere</code>,1,0.0003218
375,eower,<code>eower</code>,1,0.0003218
375,eowere,<code>eowere</code>,1,0.0003218
375,eowerum,<code>eowerum</code>,1,0.0003218
375,eua,<code>eua</code>,1,0.0003218
375,euan,<code>euan</code>,1,0.0003218
375,excerptus,<code>excerptus</code>,1,0.0003218
375,exlum,<code>exlum</code>,1,0.0003218
375,ezechiel,<code>ezechiel</code>,1,0.0003218
375,f&aelig;r,<code>f&amp;ae;r</code>,1,0.0003218
375,f&aelig;rlica,<code>f&amp;ae;rlica</code>,1,0.0003218
375,feallan,<code>feallan</code>,1,0.0003218
375,fela,<code>fela</code>,1,0.0003218
375,feollon,<code>feollon</code>,1,0.0003218
375,feor&eth;a,<code>feor&amp;d;a</code>,1,0.0003218
375,feorr,<code>feorr</code>,1,0.0003218
375,fet,<code>fet</code>,1,0.0003218
375,fex,<code>fex</code>,1,0.0003218
375,filigdon,<code>filigdon</code>,1,0.0003218
375,fleogende,<code>fleogende</code>,1,0.0003218
375,folc,<code>folc</code>,1,0.0003218
375,folces,<code>folces</code>,1,0.0003218
375,for&eth;,<code>for&amp;d;</code>,1,0.0003218
375,forb&aelig;rnde,<code>forb&amp;ae;rnde</code>,1,0.0003218
375,forb&aelig;rned,<code>forb&amp;ae;rned</code>,1,0.0003218
375,forbuga&eth;,<code>forbuga&amp;d;</code>,1,0.0003218
375,forbytt,<code>forbytt</code>,1,0.0003218
375,forg&aelig;gednysse,<code>forg&amp;ae;gednysse</code>,1,0.0003218
375,forgif&eth;,<code>forgif&amp;d;</code>,1,0.0003218
375,forgifen,<code>forgifen</code>,1,0.0003218
375,forgyltst,<code>forgyltst</code>,1,0.0003218
375,forl&aelig;tst,<code>forl&amp;ae;tst</code>,1,0.0003218
375,forma,<code>forma</code>,1,0.0003218
375,forman,<code>forman</code>,1,0.0003218
375,forsoce,<code>forsoce</code>,1,0.0003218
375,fotum,<code>fotum</code>,1,0.0003218
375,frofer,<code>frofer</code>,1,0.0003218
375,frumcennedne,<code>frumcennedne</code>,1,0.0003218
375,frumsceapena,<code>frumsceapena</code>,1,0.0003218
375,frym&eth;e,<code>frym&amp;d;e</code>,1,0.0003218
375,fulluht,<code>fulluht</code>,1,0.0003218
375,fulluhtere,<code>fulluhtere</code>,1,0.0003218
375,fultum,<code>fultum</code>,1,0.0003218
375,fyrste,<code>fyrste</code>,1,0.0003218
375,ga&eth;,<code>ga&amp;d;</code>,1,0.0003218
375,gast,<code>gast</code>,1,0.0003218
375,gastes,<code>gastes</code>,1,0.0003218
375,gastlican,<code>gastlican</code>,1,0.0003218
375,ge&eth;afast,<code>ge&amp;d;afast</code>,1,0.0003218
375,ge&eth;ancian,<code>ge&amp;d;ancian</code>,1,0.0003218
375,ge&eth;inc&eth;e,<code>ge&amp;d;inc&amp;d;e</code>,1,0.0003218
375,ge&thorn;yld,<code>ge&amp;t;yld</code>,1,0.0003218
375,gearcian,<code>gearcian</code>,1,0.0003218
375,geat,<code>geat</code>,1,0.0003218
375,geb&aelig;re,<code>geb&amp;ae;re</code>,1,0.0003218
375,gebann,<code>gebann</code>,1,0.0003218
375,gebigde,<code>gebigde</code>,1,0.0003218
375,gebindan,<code>gebindan</code>,1,0.0003218
375,gebringan,<code>gebringan</code>,1,0.0003218
375,gebro&eth;ru,<code>gebro&amp;d;ru</code>,1,0.0003218
375,gebro&thorn;ru,<code>gebro&amp;t;ru</code>,1,0.0003218
375,gebroht,<code>gebroht</code>,1,0.0003218
375,gebrosnige,<code>gebrosnige</code>,1,0.0003218
375,gebyrdtide,<code>gebyrdtide</code>,1,0.0003218
375,gebysgian,<code>gebysgian</code>,1,0.0003218
375,geclypode,<code>geclypode</code>,1,0.0003218
375,gecoren,<code>gecoren</code>,1,0.0003218
375,gecw&aelig;&eth;,<code>gecw&amp;ae;&amp;d;</code>,1,0.0003218
375,gecw&aelig;don,<code>gecw&amp;ae;don</code>,1,0.0003218
375,gedafenlic,<code>gedafenlic</code>,1,0.0003218
375,geeacnian,<code>geeacnian</code>,1,0.0003218
375,geedcenned,<code>geedcenned</code>,1,0.0003218
375,geedcucia&eth;,<code>geedcucia&amp;d;</code>,1,0.0003218
375,geedsta&eth;ela&eth;,<code>geedsta&amp;d;ela&amp;d;</code>,1,0.0003218
375,geendunge,<code>geendunge</code>,1,0.0003218
375,geferan,<code>geferan</code>,1,0.0003218
375,gefulloda,<code>gefulloda</code>,1,0.0003218
375,gefylde,<code>gefylde</code>,1,0.0003218
375,gefylled,<code>gefylled</code>,1,0.0003218
375,gefyllednys,<code>gefyllednys</code>,1,0.0003218
375,geglengan,<code>geglengan</code>,1,0.0003218
375,geh&aelig;l&eth;,<code>geh&amp;ae;l&amp;d;</code>,1,0.0003218
375,gehadod,<code>gehadod</code>,1,0.0003218
375,gehale,<code>gehale</code>,1,0.0003218
375,gehalga&eth;,<code>gehalga&amp;d;</code>,1,0.0003218
375,gehalgod,<code>gehalgod</code>,1,0.0003218
375,gehatene,<code>gehatene</code>,1,0.0003218
375,gehefgode,<code>gehefgode</code>,1,0.0003218
375,gehelpan,<code>gehelpan</code>,1,0.0003218
375,gehergode,<code>gehergode</code>,1,0.0003218
375,gehyra&eth;,<code>gehyra&amp;d;</code>,1,0.0003218
375,gehyrde,<code>gehyrde</code>,1,0.0003218
375,gehyrsum,<code>gehyrsum</code>,1,0.0003218
375,gehyrsume,<code>gehyrsume</code>,1,0.0003218
375,gehyrsumode,<code>gehyrsumode</code>,1,0.0003218
375,gehyrte,<code>gehyrte</code>,1,0.0003218
375,gel&aelig;d,<code>gel&amp;ae;d</code>,1,0.0003218
375,gel&aelig;dde,<code>gel&amp;ae;dde</code>,1,0.0003218
375,gel&aelig;ste,<code>gel&amp;ae;ste</code>,1,0.0003218
375,gela&eth;ode,<code>gela&amp;d;ode</code>,1,0.0003218
375,gela&eth;unge,<code>gela&amp;d;unge</code>,1,0.0003218
375,geleaffulre,<code>geleaffulre</code>,1,0.0003218
375,gelica,<code>gelica</code>,1,0.0003218
375,gelyfa&eth;,<code>gelyfa&amp;d;</code>,1,0.0003218
375,gelyfede,<code>gelyfede</code>,1,0.0003218
375,gemanan,<code>gemanan</code>,1,0.0003218
375,gemencgednys,<code>gemencgednys</code>,1,0.0003218
375,gemenigfyld,<code>gemenigfyld</code>,1,0.0003218
375,gemetf&aelig;stnys,<code>gemetf&amp;ae;stnys</code>,1,0.0003218
375,gemett,<code>gemett</code>,1,0.0003218
375,gemyndige,<code>gemyndige</code>,1,0.0003218
375,gemynegod,<code>gemynegod</code>,1,0.0003218
375,genam,<code>genam</code>,1,0.0003218
375,gename,<code>gename</code>,1,0.0003218
375,geneal&aelig;hte,<code>geneal&amp;ae;hte</code>,1,0.0003218
375,genemned,<code>genemned</code>,1,0.0003218
375,genyd,<code>genyd</code>,1,0.0003218
375,geongan,<code>geongan</code>,1,0.0003218
375,geopena&eth;,<code>geopena&amp;d;</code>,1,0.0003218
375,geornfulnysse,<code>geornfulnysse</code>,1,0.0003218
375,gereccan,<code>gereccan</code>,1,0.0003218
375,gereht,<code>gereht</code>,1,0.0003218
375,gerest,<code>gerest</code>,1,0.0003218
375,gerunnen,<code>gerunnen</code>,1,0.0003218
375,gesceapene,<code>gesceapene</code>,1,0.0003218
375,gesceapennyss,<code>gesceapennyss</code>,1,0.0003218
375,gescyld,<code>gescyld</code>,1,0.0003218
375,geseo,<code>geseo</code>,1,0.0003218
375,geseo&eth;,<code>geseo&amp;d;</code>,1,0.0003218
375,gesewen,<code>gesewen</code>,1,0.0003218
375,gesewenlic,<code>gesewenlic</code>,1,0.0003218
375,gesih&eth;,<code>gesih&amp;d;</code>,1,0.0003218
375,gestryn&eth;,<code>gestryn&amp;d;</code>,1,0.0003218
375,gestrynede,<code>gestrynede</code>,1,0.0003218
375,gesunde,<code>gesunde</code>,1,0.0003218
375,geswutelian,<code>geswutelian</code>,1,0.0003218
375,geswutelode,<code>geswutelode</code>,1,0.0003218
375,getacnod,<code>getacnod</code>,1,0.0003218
375,getacnunge,<code>getacnunge</code>,1,0.0003218
375,geteald,<code>geteald</code>,1,0.0003218
375,getelde,<code>getelde</code>,1,0.0003218
375,getinge,<code>getinge</code>,1,0.0003218
375,gewemmed,<code>gewemmed</code>,1,0.0003218
375,gewilnian,<code>gewilnian</code>,1,0.0003218
375,gewisre,<code>gewisre</code>,1,0.0003218
375,gewiss,<code>gewiss</code>,1,0.0003218
375,gewitan,<code>gewitan</code>,1,0.0003218
375,gewitegode,<code>gewitegode</code>,1,0.0003218
375,gewitnyssa,<code>gewitnyssa</code>,1,0.0003218
375,gewunelic,<code>gewunelic</code>,1,0.0003218
375,gewurde,<code>gewurde</code>,1,0.0003218
375,gewylt,<code>gewylt</code>,1,0.0003218
375,gewyrhtum,<code>gewyrhtum</code>,1,0.0003218
375,gife,<code>gife</code>,1,0.0003218
375,godum,<code>godum</code>,1,0.0003218
375,graman,<code>graman</code>,1,0.0003218
375,greow,<code>greow</code>,1,0.0003218
375,growende,<code>growende</code>,1,0.0003218
375,h&aelig;&eth;en,<code>h&amp;ae;&amp;d;en</code>,1,0.0003218
375,h&aelig;&eth;enan,<code>h&amp;ae;&amp;d;enan</code>,1,0.0003218
375,h&aelig;&eth;ene,<code>h&amp;ae;&amp;d;ene</code>,1,0.0003218
375,h&aelig;&eth;engyld,<code>h&amp;ae;&amp;d;engyld</code>,1,0.0003218
375,h&aelig;&eth;enscipe,<code>h&amp;ae;&amp;d;enscipe</code>,1,0.0003218
375,h&aelig;bbe,<code>h&amp;ae;bbe</code>,1,0.0003218
375,h&aelig;lende,<code>h&amp;ae;lende</code>,1,0.0003218
375,h&aelig;lendes,<code>h&amp;ae;lendes</code>,1,0.0003218
375,h&aelig;s,<code>h&amp;ae;s</code>,1,0.0003218
375,habban,<code>habban</code>,1,0.0003218
375,hadunge,<code>hadunge</code>,1,0.0003218
375,haligra,<code>haligra</code>,1,0.0003218
375,handa,<code>handa</code>,1,0.0003218
375,hatum,<code>hatum</code>,1,0.0003218
375,heafod,<code>heafod</code>,1,0.0003218
375,heahf&aelig;dere,<code>heahf&amp;ae;dere</code>,1,0.0003218
375,healicne,<code>healicne</code>,1,0.0003218
375,healta,<code>healta</code>,1,0.0003218
375,heofenan,<code>heofenan</code>,1,0.0003218
375,heofenlice,<code>heofenlice</code>,1,0.0003218
375,heofonan,<code>heofonan</code>,1,0.0003218
375,heofonas,<code>heofonas</code>,1,0.0003218
375,heofonlican,<code>heofonlican</code>,1,0.0003218
375,heorcnunge,<code>heorcnunge</code>,1,0.0003218
375,heort,<code>heort</code>,1,0.0003218
375,heortan,<code>heortan</code>,1,0.0003218
375,heretogan,<code>heretogan</code>,1,0.0003218
375,herodon,<code>herodon</code>,1,0.0003218
375,hihte,<code>hihte</code>,1,0.0003218
375,hleap&eth;,<code>hleap&amp;d;</code>,1,0.0003218
375,hreohnys,<code>hreohnys</code>,1,0.0003218
375,hund,<code>hund</code>,1,0.0003218
375,hundnigontig,<code>hundnigontig</code>,1,0.0003218
375,hunige,<code>hunige</code>,1,0.0003218
375,huru,<code>huru</code>,1,0.0003218
375,husum,<code>husum</code>,1,0.0003218
375,hw&aelig;t,<code>hw&amp;ae;t</code>,1,0.0003218
375,hwil,<code>hwil</code>,1,0.0003218
375,hwilc,<code>hwilc</code>,1,0.0003218
375,hylt,<code>hylt</code>,1,0.0003218
375,ianuarii,<code>ianuarii</code>,1,0.0003218
375,in,<code>in</code>,1,0.0003218
375,incipit,<code>incipit</code>,1,0.0003218
375,inno&eth;,<code>inno&amp;d;</code>,1,0.0003218
375,iohannes,<code>iohannes</code>,1,0.0003218
375,israhel,<code>israhel</code>,1,0.0003218
375,israhela,<code>israhela</code>,1,0.0003218
375,kalendas,<code>kalendas</code>,1,0.0003218
375,la,<code>la</code>,1,0.0003218
375,lamb,<code>lamb</code>,1,0.0003218
375,lande,<code>lande</code>,1,0.0003218
375,leahtras,<code>leahtras</code>,1,0.0003218
375,leo&eth;cr&aelig;ftes,<code>leo&amp;d;cr&amp;ae;ftes</code>,1,0.0003218
375,leofa&eth;,<code>leofa&amp;d;</code>,1,0.0003218
375,leofostan,<code>leofostan</code>,1,0.0003218
375,liber,<code>liber</code>,1,0.0003218
375,lice,<code>lice</code>,1,0.0003218
375,licga&eth;,<code>licga&amp;d;</code>,1,0.0003218
375,lifes,<code>lifes</code>,1,0.0003218
375,liflican,<code>liflican</code>,1,0.0003218
375,lig,<code>lig</code>,1,0.0003218
375,lofsangum,<code>lofsangum</code>,1,0.0003218
375,lufa&eth;,<code>lufa&amp;d;</code>,1,0.0003218
375,lufian,<code>lufian</code>,1,0.0003218
375,luste,<code>luste</code>,1,0.0003218
375,m&aelig;g&eth;um,<code>m&amp;ae;g&amp;d;um</code>,1,0.0003218
375,m&aelig;g&thorn;had,<code>m&amp;ae;g&amp;t;had</code>,1,0.0003218
375,m&aelig;ge,<code>m&amp;ae;ge</code>,1,0.0003218
375,m&aelig;ra,<code>m&amp;ae;ra</code>,1,0.0003218
375,m&aelig;re,<code>m&amp;ae;re</code>,1,0.0003218
375,m&aelig;sta,<code>m&amp;ae;sta</code>,1,0.0003218
375,magon,<code>magon</code>,1,0.0003218
375,mancynne,<code>mancynne</code>,1,0.0003218
375,manega,<code>manega</code>,1,0.0003218
375,menigfealdlice,<code>menigfealdlice</code>,1,0.0003218
375,mennisc,<code>mennisc</code>,1,0.0003218
375,menniscnys,<code>menniscnys</code>,1,0.0003218
375,micclan,<code>micclan</code>,1,0.0003218
375,miccle,<code>miccle</code>,1,0.0003218
375,micelne,<code>micelne</code>,1,0.0003218
375,micheas,<code>micheas</code>,1,0.0003218
375,middan,<code>middan</code>,1,0.0003218
375,middanearde,<code>middanearde</code>,1,0.0003218
375,middaneardes,<code>middaneardes</code>,1,0.0003218
375,mihtelice,<code>mihtelice</code>,1,0.0003218
375,mihtig,<code>mihtig</code>,1,0.0003218
375,mildheortnys,<code>mildheortnys</code>,1,0.0003218
375,mod,<code>mod</code>,1,0.0003218
375,mode,<code>mode</code>,1,0.0003218
375,moysen,<code>moysen</code>,1,0.0003218
375,mu&eth;,<code>mu&amp;d;</code>,1,0.0003218
375,mu&eth;e,<code>mu&amp;d;e</code>,1,0.0003218
375,myrh&eth;e,<code>myrh&amp;d;e</code>,1,0.0003218
375,n&aelig;bbe,<code>n&amp;ae;bbe</code>,1,0.0003218
375,n&aelig;fde,<code>n&amp;ae;fde</code>,1,0.0003218
375,n&aelig;fre,<code>n&amp;ae;fre</code>,1,0.0003218
375,na&eth;er,<code>na&amp;d;er</code>,1,0.0003218
375,naht,<code>naht</code>,1,0.0003218
375,nama,<code>nama</code>,1,0.0003218
375,nanre,<code>nanre</code>,1,0.0003218
375,natale,<code>natale</code>,1,0.0003218
375,nativitas,<code>nativitas</code>,1,0.0003218
375,noldon,<code>noldon</code>,1,0.0003218
375,nys,<code>nys</code>,1,0.0003218
375,o&eth;,<code>o&amp;d;</code>,1,0.0003218
375,o&eth;&eth;e,<code>o&amp;d;&amp;d;e</code>,1,0.0003218
375,ofdr&aelig;dde,<code>ofdr&amp;ae;dde</code>,1,0.0003218
375,ofen,<code>ofen</code>,1,0.0003218
375,oferdrence,<code>oferdrence</code>,1,0.0003218
375,on&aelig;lan,<code>on&amp;ae;lan</code>,1,0.0003218
375,onbuga&eth;,<code>onbuga&amp;d;</code>,1,0.0003218
375,onbuton,<code>onbuton</code>,1,0.0003218
375,ondyde,<code>ondyde</code>,1,0.0003218
375,ongean,<code>ongean</code>,1,0.0003218
375,onscunian,<code>onscunian</code>,1,0.0003218
375,onwrigenysse,<code>onwrigenysse</code>,1,0.0003218
375,orsorhlice,<code>orsorhlice</code>,1,0.0003218
375,paulus,<code>paulus</code>,1,0.0003218
375,populum,<code>populum</code>,1,0.0003218
375,preosthade,<code>preosthade</code>,1,0.0003218
375,prophetarum,<code>prophetarum</code>,1,0.0003218
375,r&aelig;dbora,<code>r&amp;ae;dbora</code>,1,0.0003218
375,r&aelig;ddon,<code>r&amp;ae;ddon</code>,1,0.0003218
375,reaf,<code>reaf</code>,1,0.0003218
375,rices,<code>rices</code>,1,0.0003218
375,riht,<code>riht</code>,1,0.0003218
375,rihtlice,<code>rihtlice</code>,1,0.0003218
375,rihtwisnysse,<code>rihtwisnysse</code>,1,0.0003218
375,rinde,<code>rinde</code>,1,0.0003218
375,rixa&eth;,<code>rixa&amp;d;</code>,1,0.0003218
375,s&aelig;pe,<code>s&amp;ae;pe</code>,1,0.0003218
375,sawla,<code>sawla</code>,1,0.0003218
375,sceawode,<code>sceawode</code>,1,0.0003218
375,sceawodon,<code>sceawodon</code>,1,0.0003218
375,scep,<code>scep</code>,1,0.0003218
375,scrine,<code>scrine</code>,1,0.0003218
375,scyppend,<code>scyppend</code>,1,0.0003218
375,scyppende,<code>scyppende</code>,1,0.0003218
375,scyppendes,<code>scyppendes</code>,1,0.0003218
375,scyr&eth;,<code>scyr&amp;d;</code>,1,0.0003218
375,sealmscop,<code>sealmscop</code>,1,0.0003218
375,secga&eth;,<code>secga&amp;d;</code>,1,0.0003218
375,secundo,<code>secundo</code>,1,0.0003218
375,segst,<code>segst</code>,1,0.0003218
375,sende,<code>sende</code>,1,0.0003218
375,seofonfealdre,<code>seofonfealdre</code>,1,0.0003218
375,sermo,<code>sermo</code>,1,0.0003218
375,sermonum,<code>sermonum</code>,1,0.0003218
375,setton,<code>setton</code>,1,0.0003218
375,sib,<code>sib</code>,1,0.0003218
375,sibylla,<code>sibylla</code>,1,0.0003218
375,sidan,<code>sidan</code>,1,0.0003218
375,sindon,<code>sindon</code>,1,0.0003218
375,singa&eth;,<code>singa&amp;d;</code>,1,0.0003218
375,site,<code>site</code>,1,0.0003218
375,sitt,<code>sitt</code>,1,0.0003218
375,sloh,<code>sloh</code>,1,0.0003218
375,smeade,<code>smeade</code>,1,0.0003218
375,smyra&eth;,<code>smyra&amp;d;</code>,1,0.0003218
375,so&eth;an,<code>so&amp;d;an</code>,1,0.0003218
375,so&eth;f&aelig;st,<code>so&amp;d;f&amp;ae;st</code>,1,0.0003218
375,so&eth;f&aelig;stnys,<code>so&amp;d;f&amp;ae;stnys</code>,1,0.0003218
375,so&eth;lice,<code>so&amp;d;lice</code>,1,0.0003218
375,spr&aelig;ce,<code>spr&amp;ae;ce</code>,1,0.0003218
375,stemn,<code>stemn</code>,1,0.0003218
375,steore,<code>steore</code>,1,0.0003218
375,sti&eth;lic,<code>sti&amp;d;lic</code>,1,0.0003218
375,strang,<code>strang</code>,1,0.0003218
375,sume,<code>sume</code>,1,0.0003218
375,suwa&eth;,<code>suwa&amp;d;</code>,1,0.0003218
375,suwade,<code>suwade</code>,1,0.0003218
375,swilce,<code>swilce</code>,1,0.0003218
375,sy&eth;&eth;an,<code>sy&amp;d;&amp;d;an</code>,1,0.0003218
375,sylfne,<code>sylfne</code>,1,0.0003218
375,t&aelig;can,<code>t&amp;ae;can</code>,1,0.0003218
375,tacn,<code>tacn</code>,1,0.0003218
375,tal,<code>tal</code>,1,0.0003218
375,team,<code>team</code>,1,0.0003218
375,testimoniis,<code>testimoniis</code>,1,0.0003218
375,tobr&aelig;c,<code>tobr&amp;ae;c</code>,1,0.0003218
375,todal,<code>todal</code>,1,0.0003218
375,toforan,<code>toforan</code>,1,0.0003218
375,tog&aelig;dere,<code>tog&amp;ae;dere</code>,1,0.0003218
375,toweardan,<code>toweardan</code>,1,0.0003218
375,tungan,<code>tungan</code>,1,0.0003218
375,tyddernys,<code>tyddernys</code>,1,0.0003218
375,un&eth;rowigendlic,<code>un&amp;d;rowigendlic</code>,1,0.0003218
375,unasecgendlic,<code>unasecgendlic</code>,1,0.0003218
375,unbundene,<code>unbundene</code>,1,0.0003218
375,underfeh&eth;,<code>underfeh&amp;d;</code>,1,0.0003218
375,unforsw&aelig;lede,<code>unforsw&amp;ae;lede</code>,1,0.0003218
375,ungewemmede,<code>ungewemmede</code>,1,0.0003218
375,unlust,<code>unlust</code>,1,0.0003218
375,unrihtwisnys,<code>unrihtwisnys</code>,1,0.0003218
375,unrihtwisnysse,<code>unrihtwisnysse</code>,1,0.0003218
375,ures,<code>ures</code>,1,0.0003218
375,viii,<code>viii</code>,1,0.0003218
375,w&aelig;stm,<code>w&amp;ae;stm</code>,1,0.0003218
375,w&aelig;ter,<code>w&amp;ae;ter</code>,1,0.0003218
375,w&aelig;tere,<code>w&amp;ae;tere</code>,1,0.0003218
375,wacmodum,<code>wacmodum</code>,1,0.0003218
375,warnia&eth;,<code>warnia&amp;d;</code>,1,0.0003218
375,weorc,<code>weorc</code>,1,0.0003218
375,wer,<code>wer</code>,1,0.0003218
375,weras,<code>weras</code>,1,0.0003218
375,willa&eth;,<code>willa&amp;d;</code>,1,0.0003218
375,witegodon,<code>witegodon</code>,1,0.0003218
375,witodlice,<code>witodlice</code>,1,0.0003218
375,woruldcarum,<code>woruldcarum</code>,1,0.0003218
375,wuna&eth;,<code>wuna&amp;d;</code>,1,0.0003218
375,wundrodon,<code>wundrodon</code>,1,0.0003218
375,wundrum,<code>wundrum</code>,1,0.0003218
375,wunia&eth;,<code>wunia&amp;d;</code>,1,0.0003218
375,wuniende,<code>wuniende</code>,1,0.0003218
375,wunigende,<code>wunigende</code>,1,0.0003218
375,wur&eth;ian,<code>wur&amp;d;ian</code>,1,0.0003218
375,wurdon,<code>wurdon</code>,1,0.0003218
375,wurpe,<code>wurpe</code>,1,0.0003218
375,wyrcst,<code>wyrcst</code>,1,0.0003218
375,yfelum,<code>yfelum</code>,1,0.0003218
375,yldran,<code>yldran</code>,1,0.0003218
375,ymbscryd,<code>ymbscryd</code>,1,0.0003218
