B_Prose,B01,B01.002.025_AECHom_II__22_T02750.txt,961,641,2628
RANK,HTML WORD,RAW WORD,COUNT,RELATIVE FREQUENCY
1,and,<code>and</code>,118,0.0449011
2,&eth;a,<code>&amp;d;a</code>,74,0.0281583
3,&thorn;&aelig;t,<code>&amp;t;&amp;ae;t</code>,58,0.0220700
4,se,<code>se</code>,56,0.0213090
5,on,<code>on</code>,55,0.0209285
6,he,<code>he</code>,53,0.0201674
7,his,<code>his</code>,47,0.0178843
8,to,<code>to</code>,42,0.0159817
9,swa,<code>swa</code>,33,0.0125571
10,engel,<code>engel</code>,31,0.0117960
10,ne,<code>ne</code>,31,0.0117960
12,&eth;am,<code>&amp;d;am</code>,30,0.0114155
12,&eth;e,<code>&amp;d;e</code>,30,0.0114155
14,mid,<code>mid</code>,29,0.0110350
15,cw&aelig;&eth;,<code>cw&amp;ae;&amp;d;</code>,26,0.0098935
15,him,<code>him</code>,26,0.0098935
17,&thorn;a,<code>&amp;t;a</code>,23,0.0087519
18,eft,<code>eft</code>,21,0.0079909
19,hi,<code>hi</code>,20,0.0076104
20,heora,<code>heora</code>,18,0.0068493
21,andwyrde,<code>andwyrde</code>,16,0.0060883
22,&thorn;e,<code>&amp;t;e</code>,15,0.0057078
22,is,<code>is</code>,15,0.0057078
22,w&aelig;s,<code>w&amp;ae;s</code>,15,0.0057078
25,&eth;u,<code>&amp;d;u</code>,14,0.0053272
25,for,<code>for</code>,14,0.0053272
27,&eth;&aelig;re,<code>&amp;d;&amp;ae;re</code>,13,0.0049467
27,godes,<code>godes</code>,13,0.0049467
29,buton,<code>buton</code>,12,0.0045662
29,sawle,<code>sawle</code>,12,0.0045662
31,&eth;urh,<code>&amp;d;urh</code>,11,0.0041857
31,halga,<code>halga</code>,11,0.0041857
31,hine,<code>hine</code>,11,0.0041857
34,ac,<code>ac</code>,10,0.0038052
34,englas,<code>englas</code>,10,0.0038052
34,ge,<code>ge</code>,10,0.0038052
34,hit,<code>hit</code>,10,0.0038052
34,lichaman,<code>lichaman</code>,10,0.0038052
34,mannum,<code>mannum</code>,10,0.0038052
40,furseus,<code>furseus</code>,9,0.0034247
40,fyr,<code>fyr</code>,9,0.0034247
40,of,<code>of</code>,9,0.0034247
40,ongean,<code>ongean</code>,9,0.0034247
44,&aelig;fter,<code>&amp;ae;fter</code>,8,0.0030441
44,&aelig;t,<code>&amp;ae;t</code>,8,0.0030441
44,&thorn;&aelig;s,<code>&amp;t;&amp;ae;s</code>,8,0.0030441
44,geseah,<code>geseah</code>,8,0.0030441
44,god,<code>god</code>,8,0.0030441
44,wear&eth;,<code>wear&amp;d;</code>,8,0.0030441
50,&aelig;r,<code>&amp;ae;r</code>,7,0.0026636
50,&eth;isum,<code>&amp;d;isum</code>,7,0.0026636
50,&thorn;urh,<code>&amp;t;urh</code>,7,0.0026636
50,an,<code>an</code>,7,0.0026636
50,awriten,<code>awriten</code>,7,0.0026636
50,be,<code>be</code>,7,0.0026636
50,beo,<code>beo</code>,7,0.0026636
50,bi&eth;,<code>bi&amp;d;</code>,7,0.0026636
50,deofol,<code>deofol</code>,7,0.0026636
50,gesih&eth;e,<code>gesih&amp;d;e</code>,7,0.0026636
50,hw&aelig;t,<code>hw&amp;ae;t</code>,7,0.0026636
50,manna,<code>manna</code>,7,0.0026636
50,nu,<code>nu</code>,7,0.0026636
50,twegen,<code>twegen</code>,7,0.0026636
64,&eth;&aelig;ra,<code>&amp;d;&amp;ae;ra</code>,6,0.0022831
64,&eth;ing,<code>&amp;d;ing</code>,6,0.0022831
64,&thorn;es,<code>&amp;t;es</code>,6,0.0022831
64,&thorn;u,<code>&amp;t;u</code>,6,0.0022831
64,beon,<code>beon</code>,6,0.0022831
64,betwux,<code>betwux</code>,6,0.0022831
64,deoflu,<code>deoflu</code>,6,0.0022831
64,eallum,<code>eallum</code>,6,0.0022831
64,fram,<code>fram</code>,6,0.0022831
64,gehyrde,<code>gehyrde</code>,6,0.0022831
64,life,<code>life</code>,6,0.0022831
64,man,<code>man</code>,6,0.0022831
64,mann,<code>mann</code>,6,0.0022831
64,sawla,<code>sawla</code>,6,0.0022831
64,were,<code>were</code>,6,0.0022831
64,wite,<code>wite</code>,6,0.0022831
80,&eth;&aelig;r,<code>&amp;d;&amp;ae;r</code>,5,0.0019026
80,&eth;an,<code>&amp;d;an</code>,5,0.0019026
80,&eth;eah,<code>&amp;d;eah</code>,5,0.0019026
80,&eth;inum,<code>&amp;d;inum</code>,5,0.0019026
80,&eth;one,<code>&amp;d;one</code>,5,0.0019026
80,&eth;onne,<code>&amp;d;onne</code>,5,0.0019026
80,cw&aelig;don,<code>cw&amp;ae;don</code>,5,0.0019026
80,ealle,<code>ealle</code>,5,0.0019026
80,englum,<code>englum</code>,5,0.0019026
80,feower,<code>feower</code>,5,0.0019026
80,fyre,<code>fyre</code>,5,0.0019026
80,heofenan,<code>heofenan</code>,5,0.0019026
80,in,<code>in</code>,5,0.0019026
80,men,<code>men</code>,5,0.0019026
80,micel,<code>micel</code>,5,0.0019026
80,mihte,<code>mihte</code>,5,0.0019026
80,na,<code>na</code>,5,0.0019026
80,nan,<code>nan</code>,5,0.0019026
80,nis,<code>nis</code>,5,0.0019026
80,o&eth;,<code>o&amp;d;</code>,5,0.0019026
80,seo,<code>seo</code>,5,0.0019026
80,si&eth;&eth;an,<code>si&amp;d;&amp;d;an</code>,5,0.0019026
80,swi&eth;e,<code>swi&amp;d;e</code>,5,0.0019026
80,we,<code>we</code>,5,0.0019026
80,wer,<code>wer</code>,5,0.0019026
105,&aelig;tforan,<code>&amp;ae;tforan</code>,4,0.0015221
105,&eth;inne,<code>&amp;d;inne</code>,4,0.0015221
105,&thorn;&aelig;r,<code>&amp;t;&amp;ae;r</code>,4,0.0015221
105,&thorn;am,<code>&amp;t;am</code>,4,0.0015221
105,comon,<code>comon</code>,4,0.0015221
105,deofla,<code>deofla</code>,4,0.0015221
105,eal,<code>eal</code>,4,0.0015221
105,eor&eth;an,<code>eor&amp;d;an</code>,4,0.0015221
105,eow,<code>eow</code>,4,0.0015221
105,gel&aelig;d,<code>gel&amp;ae;d</code>,4,0.0015221
105,gode,<code>gode</code>,4,0.0015221
105,halgan,<code>halgan</code>,4,0.0015221
105,het,<code>het</code>,4,0.0015221
105,lic,<code>lic</code>,4,0.0015221
105,mannes,<code>mannes</code>,4,0.0015221
105,micelre,<code>micelre</code>,4,0.0015221
105,ofer,<code>ofer</code>,4,0.0015221
105,rice,<code>rice</code>,4,0.0015221
105,sceal,<code>sceal</code>,4,0.0015221
105,sceolde,<code>sceolde</code>,4,0.0015221
105,so&eth;lice,<code>so&amp;d;lice</code>,4,0.0015221
105,sum,<code>sum</code>,4,0.0015221
105,swilce,<code>swilce</code>,4,0.0015221
105,up,<code>up</code>,4,0.0015221
105,w&aelig;re,<code>w&amp;ae;re</code>,4,0.0015221
105,wi&eth;,<code>wi&amp;d;</code>,4,0.0015221
105,worulde,<code>worulde</code>,4,0.0015221
105,wurdon,<code>wurdon</code>,4,0.0015221
133,&aelig;hta,<code>&amp;ae;hta</code>,3,0.0011416
133,&eth;&aelig;s,<code>&amp;d;&amp;ae;s</code>,3,0.0011416
133,&eth;issere,<code>&amp;d;issere</code>,3,0.0011416
133,&thorn;&aelig;ra,<code>&amp;t;&amp;ae;ra</code>,3,0.0011416
133,&thorn;eah,<code>&amp;t;eah</code>,3,0.0011416
133,ar&aelig;rde,<code>ar&amp;ae;rde</code>,3,0.0011416
133,befran,<code>befran</code>,3,0.0011416
133,beo&eth;,<code>beo&amp;d;</code>,3,0.0011416
133,digelan,<code>digelan</code>,3,0.0011416
133,digelnysse,<code>digelnysse</code>,3,0.0011416
133,eac,<code>eac</code>,3,0.0011416
133,eadigan,<code>eadigan</code>,3,0.0011416
133,ealda,<code>ealda</code>,3,0.0011416
133,ealra,<code>ealra</code>,3,0.0011416
133,engla,<code>engla</code>,3,0.0011416
133,fleah,<code>fleah</code>,3,0.0011416
133,fleogende,<code>fleogende</code>,3,0.0011416
133,for&eth;si&eth;e,<code>for&amp;d;si&amp;d;e</code>,3,0.0011416
133,gife,<code>gife</code>,3,0.0011416
133,heo,<code>heo</code>,3,0.0011416
133,hwi,<code>hwi</code>,3,0.0011416
133,lifes,<code>lifes</code>,3,0.0011416
133,micclum,<code>micclum</code>,3,0.0011416
133,middanearde,<code>middanearde</code>,3,0.0011416
133,nextan,<code>nextan</code>,3,0.0011416
133,nolde,<code>nolde</code>,3,0.0011416
133,o&eth;er,<code>o&amp;d;er</code>,3,0.0011416
133,paulus,<code>paulus</code>,3,0.0011416
133,s&aelig;de,<code>s&amp;ae;de</code>,3,0.0011416
133,sacerdas,<code>sacerdas</code>,3,0.0011416
133,sanctus,<code>sanctus</code>,3,0.0011416
133,sawul,<code>sawul</code>,3,0.0011416
133,scuton,<code>scuton</code>,3,0.0011416
133,sona,<code>sona</code>,3,0.0011416
133,stowe,<code>stowe</code>,3,0.0011416
133,sy,<code>sy</code>,3,0.0011416
133,underfeng,<code>underfeng</code>,3,0.0011416
133,underfon,<code>underfon</code>,3,0.0011416
133,us,<code>us</code>,3,0.0011416
133,wi&eth;erwinnan,<code>wi&amp;d;erwinnan</code>,3,0.0011416
133,woruld&eth;ing,<code>woruld&amp;d;ing</code>,3,0.0011416
133,yfel,<code>yfel</code>,3,0.0011416
133,ymbe,<code>ymbe</code>,3,0.0011416
176,&aelig;fre,<code>&amp;ae;fre</code>,2,0.0007610
176,&aelig;lc,<code>&amp;ae;lc</code>,2,0.0007610
176,&eth;ry,<code>&amp;d;ry</code>,2,0.0007610
176,&thorn;&aelig;rrihte,<code>&amp;t;&amp;ae;rrihte</code>,2,0.0007610
176,&thorn;is,<code>&amp;t;is</code>,2,0.0007610
176,&thorn;ises,<code>&amp;t;ises</code>,2,0.0007610
176,&thorn;one,<code>&amp;t;one</code>,2,0.0007610
176,&thorn;riddan,<code>&amp;t;riddan</code>,2,0.0007610
176,ana,<code>ana</code>,2,0.0007610
176,andetnysse,<code>andetnysse</code>,2,0.0007610
176,apostol,<code>apostol</code>,2,0.0007610
176,arwur&eth;nysse,<code>arwur&amp;d;nysse</code>,2,0.0007610
176,beanus,<code>beanus</code>,2,0.0007610
176,bebyriged,<code>bebyriged</code>,2,0.0007610
176,becom,<code>becom</code>,2,0.0007610
176,behat,<code>behat</code>,2,0.0007610
176,behreowsung,<code>behreowsung</code>,2,0.0007610
176,beorhtnysse,<code>beorhtnysse</code>,2,0.0007610
176,beseah,<code>beseah</code>,2,0.0007610
176,bodiende,<code>bodiende</code>,2,0.0007610
176,byrn&eth;,<code>byrn&amp;d;</code>,2,0.0007610
176,carfulnysse,<code>carfulnysse</code>,2,0.0007610
176,christo,<code>christo</code>,2,0.0007610
176,cla&eth;,<code>cla&amp;d;</code>,2,0.0007610
176,criste,<code>criste</code>,2,0.0007610
176,cwe&eth;ende,<code>cwe&amp;d;ende</code>,2,0.0007610
176,d&aelig;dbote,<code>d&amp;ae;dbote</code>,2,0.0007610
176,deus,<code>deus</code>,2,0.0007610
176,do,<code>do</code>,2,0.0007610
176,ecan,<code>ecan</code>,2,0.0007610
176,egeslic,<code>egeslic</code>,2,0.0007610
176,engle,<code>engle</code>,2,0.0007610
176,engles,<code>engles</code>,2,0.0007610
176,englisc,<code>englisc</code>,2,0.0007610
176,eor&eth;lic,<code>eor&amp;d;lic</code>,2,0.0007610
176,et,<code>et</code>,2,0.0007610
176,f&aelig;der,<code>f&amp;ae;der</code>,2,0.0007610
176,fantw&aelig;tere,<code>fantw&amp;ae;tere</code>,2,0.0007610
176,ferde,<code>ferde</code>,2,0.0007610
176,flan,<code>flan</code>,2,0.0007610
176,flugon,<code>flugon</code>,2,0.0007610
176,fores&aelig;dan,<code>fores&amp;ae;dan</code>,2,0.0007610
176,forl&aelig;tan,<code>forl&amp;ae;tan</code>,2,0.0007610
176,fremmincge,<code>fremmincge</code>,2,0.0007610
176,furseum,<code>furseum</code>,2,0.0007610
176,fyres,<code>fyres</code>,2,0.0007610
176,fyrste,<code>fyrste</code>,2,0.0007610
176,gastum,<code>gastum</code>,2,0.0007610
176,gear,<code>gear</code>,2,0.0007610
176,gedafena&eth;,<code>gedafena&amp;d;</code>,2,0.0007610
176,gedemed,<code>gedemed</code>,2,0.0007610
176,geedcucod,<code>geedcucod</code>,2,0.0007610
176,geendunge,<code>geendunge</code>,2,0.0007610
176,gefeohte,<code>gefeohte</code>,2,0.0007610
176,gefylde,<code>gefylde</code>,2,0.0007610
176,gehlyd,<code>gehlyd</code>,2,0.0007610
176,gehyred,<code>gehyred</code>,2,0.0007610
176,genima&eth;,<code>genima&amp;d;</code>,2,0.0007610
176,geond,<code>geond</code>,2,0.0007610
176,ges&aelig;t,<code>ges&amp;ae;t</code>,2,0.0007610
176,gesewen,<code>gesewen</code>,2,0.0007610
176,gestreonum,<code>gestreonum</code>,2,0.0007610
176,gew&aelig;pnoda,<code>gew&amp;ae;pnoda</code>,2,0.0007610
176,gewat,<code>gewat</code>,2,0.0007610
176,gewende,<code>gewende</code>,2,0.0007610
176,gewinne,<code>gewinne</code>,2,0.0007610
176,gewite,<code>gewite</code>,2,0.0007610
176,gewunan,<code>gewunan</code>,2,0.0007610
176,gif,<code>gif</code>,2,0.0007610
176,gyltas,<code>gyltas</code>,2,0.0007610
176,gyt,<code>gyt</code>,2,0.0007610
176,h&aelig;fde,<code>h&amp;ae;fde</code>,2,0.0007610
176,halgum,<code>halgum</code>,2,0.0007610
176,hata&eth;,<code>hata&amp;d;</code>,2,0.0007610
176,heononfor&eth;,<code>heononfor&amp;d;</code>,2,0.0007610
176,heortan,<code>heortan</code>,2,0.0007610
176,her,<code>her</code>,2,0.0007610
176,hiwe,<code>hiwe</code>,2,0.0007610
176,hlafordes,<code>hlafordes</code>,2,0.0007610
176,hw&aelig;s,<code>hw&amp;ae;s</code>,2,0.0007610
176,hwile,<code>hwile</code>,2,0.0007610
176,hwiltidum,<code>hwiltidum</code>,2,0.0007610
176,hwitum,<code>hwitum</code>,2,0.0007610
176,ic,<code>ic</code>,2,0.0007610
176,into,<code>into</code>,2,0.0007610
176,l&aelig;g,<code>l&amp;ae;g</code>,2,0.0007610
176,leahtras,<code>leahtras</code>,2,0.0007610
176,leohte,<code>leohte</code>,2,0.0007610
176,lig,<code>lig</code>,2,0.0007610
176,lufige,<code>lufige</code>,2,0.0007610
176,lufode,<code>lufode</code>,2,0.0007610
176,lustas,<code>lustas</code>,2,0.0007610
176,lytle,<code>lytle</code>,2,0.0007610
176,meldanus,<code>meldanus</code>,2,0.0007610
176,middaneard,<code>middaneard</code>,2,0.0007610
176,mot,<code>mot</code>,2,0.0007610
176,mynster,<code>mynster</code>,2,0.0007610
176,nanes,<code>nanes</code>,2,0.0007610
176,neorxna,<code>neorxna</code>,2,0.0007610
176,o&eth;&eth;e,<code>o&amp;d;&amp;d;e</code>,2,0.0007610
176,o&eth;re,<code>o&amp;d;re</code>,2,0.0007610
176,o&eth;rum,<code>o&amp;d;rum</code>,2,0.0007610
176,on&aelig;ldest,<code>on&amp;ae;ldest</code>,2,0.0007610
176,s&aelig;don,<code>s&amp;ae;don</code>,2,0.0007610
176,sacerdum,<code>sacerdum</code>,2,0.0007610
176,sang,<code>sang</code>,2,0.0007610
176,sanges,<code>sanges</code>,2,0.0007610
176,scealt,<code>scealt</code>,2,0.0007610
176,sceocca,<code>sceocca</code>,2,0.0007610
176,scinende,<code>scinende</code>,2,0.0007610
176,sind,<code>sind</code>,2,0.0007610
176,sion,<code>sion</code>,2,0.0007610
176,sprecan,<code>sprecan</code>,2,0.0007610
176,sumne,<code>sumne</code>,2,0.0007610
176,sungon,<code>sungon</code>,2,0.0007610
176,sylf,<code>sylf</code>,2,0.0007610
176,sylfne,<code>sylfne</code>,2,0.0007610
176,sylfum,<code>sylfum</code>,2,0.0007610
176,synfullan,<code>synfullan</code>,2,0.0007610
176,synna,<code>synna</code>,2,0.0007610
176,tod&aelig;lende,<code>tod&amp;ae;lende</code>,2,0.0007610
176,togeanes,<code>togeanes</code>,2,0.0007610
176,underfenge,<code>underfenge</code>,2,0.0007610
176,underfo,<code>underfo</code>,2,0.0007610
176,underfonne,<code>underfonne</code>,2,0.0007610
176,unrihtwisnysse,<code>unrihtwisnysse</code>,2,0.0007610
176,unrihtwisra,<code>unrihtwisra</code>,2,0.0007610
176,unrihtwisum,<code>unrihtwisum</code>,2,0.0007610
176,upplicum,<code>upplicum</code>,2,0.0007610
176,uppon,<code>uppon</code>,2,0.0007610
176,uton,<code>uton</code>,2,0.0007610
176,w&aelig;ron,<code>w&amp;ae;ron</code>,2,0.0007610
176,wange,<code>wange</code>,2,0.0007610
176,wat,<code>wat</code>,2,0.0007610
176,werod,<code>werod</code>,2,0.0007610
176,willan,<code>willan</code>,2,0.0007610
176,witniendlicum,<code>witniendlicum</code>,2,0.0007610
176,witum,<code>witum</code>,2,0.0007610
176,word,<code>word</code>,2,0.0007610
176,woruldlicum,<code>woruldlicum</code>,2,0.0007610
176,wregere,<code>wregere</code>,2,0.0007610
176,wunderlice,<code>wunderlice</code>,2,0.0007610
176,wundrum,<code>wundrum</code>,2,0.0007610
176,wynsumnysse,<code>wynsumnysse</code>,2,0.0007610
176,yfele,<code>yfele</code>,2,0.0007610
321,&aelig;&eth;elboren,<code>&amp;ae;&amp;d;elboren</code>,1,0.0003805
321,&aelig;fnunge,<code>&amp;ae;fnunge</code>,1,0.0003805
321,&aelig;l&eth;eodig,<code>&amp;ae;l&amp;d;eodig</code>,1,0.0003805
321,&aelig;lcne,<code>&amp;ae;lcne</code>,1,0.0003805
321,&aelig;lcum,<code>&amp;ae;lcum</code>,1,0.0003805
321,&aelig;lmessan,<code>&amp;ae;lmessan</code>,1,0.0003805
321,&aelig;lmihtigum,<code>&amp;ae;lmihtigum</code>,1,0.0003805
321,&aelig;nig,<code>&amp;ae;nig</code>,1,0.0003805
321,&aelig;nige,<code>&amp;ae;nige</code>,1,0.0003805
321,&aelig;rest,<code>&amp;ae;rest</code>,1,0.0003805
321,&aelig;teowde,<code>&amp;ae;teowde</code>,1,0.0003805
321,&eth;as,<code>&amp;d;as</code>,1,0.0003805
321,&eth;earfan,<code>&amp;d;earfan</code>,1,0.0003805
321,&eth;earfe,<code>&amp;d;earfe</code>,1,0.0003805
321,&eth;earfum,<code>&amp;d;earfum</code>,1,0.0003805
321,&eth;eoda,<code>&amp;d;eoda</code>,1,0.0003805
321,&eth;eonde,<code>&amp;d;eonde</code>,1,0.0003805
321,&eth;eostorful,<code>&amp;d;eostorful</code>,1,0.0003805
321,&eth;eowa,<code>&amp;d;eowa</code>,1,0.0003805
321,&eth;inges,<code>&amp;d;inges</code>,1,0.0003805
321,&eth;inre,<code>&amp;d;inre</code>,1,0.0003805
321,&eth;isne,<code>&amp;d;isne</code>,1,0.0003805
321,&eth;reade,<code>&amp;d;reade</code>,1,0.0003805
321,&eth;ridda,<code>&amp;d;ridda</code>,1,0.0003805
321,&eth;riddan,<code>&amp;d;riddan</code>,1,0.0003805
321,&eth;ridde,<code>&amp;d;ridde</code>,1,0.0003805
321,&eth;rym,<code>&amp;d;rym</code>,1,0.0003805
321,&eth;rymme,<code>&amp;d;rymme</code>,1,0.0003805
321,&eth;us,<code>&amp;d;us</code>,1,0.0003805
321,&eth;usenda,<code>&amp;d;usenda</code>,1,0.0003805
321,&eth;yssere,<code>&amp;d;yssere</code>,1,0.0003805
321,&thorn;&aelig;re,<code>&amp;t;&amp;ae;re</code>,1,0.0003805
321,&thorn;ara,<code>&amp;t;ara</code>,1,0.0003805
321,&thorn;as,<code>&amp;t;as</code>,1,0.0003805
321,&thorn;ine,<code>&amp;t;ine</code>,1,0.0003805
321,&thorn;inre,<code>&amp;t;inre</code>,1,0.0003805
321,&thorn;isne,<code>&amp;t;isne</code>,1,0.0003805
321,&thorn;onne,<code>&amp;t;onne</code>,1,0.0003805
321,&thorn;us,<code>&amp;t;us</code>,1,0.0003805
321,&thorn;yssere,<code>&amp;t;yssere</code>,1,0.0003805
321,ab&aelig;don,<code>ab&amp;ae;don</code>,1,0.0003805
321,ablicged,<code>ablicged</code>,1,0.0003805
321,ad,<code>ad</code>,1,0.0003805
321,adreogon,<code>adreogon</code>,1,0.0003805
321,adw&aelig;scte,<code>adw&amp;ae;scte</code>,1,0.0003805
321,adydon,<code>adydon</code>,1,0.0003805
321,afandian,<code>afandian</code>,1,0.0003805
321,afed,<code>afed</code>,1,0.0003805
321,afligde,<code>afligde</code>,1,0.0003805
321,afligdon,<code>afligdon</code>,1,0.0003805
321,afylled,<code>afylled</code>,1,0.0003805
321,afyrht,<code>afyrht</code>,1,0.0003805
321,agen,<code>agen</code>,1,0.0003805
321,agenne,<code>agenne</code>,1,0.0003805
321,agyfan,<code>agyfan</code>,1,0.0003805
321,agyld,<code>agyld</code>,1,0.0003805
321,agyltendum,<code>agyltendum</code>,1,0.0003805
321,alyfed,<code>alyfed</code>,1,0.0003805
321,alyfedum,<code>alyfedum</code>,1,0.0003805
321,alysednysse,<code>alysednysse</code>,1,0.0003805
321,ameldian,<code>ameldian</code>,1,0.0003805
321,amen,<code>amen</code>,1,0.0003805
321,andwyrdon,<code>andwyrdon</code>,1,0.0003805
321,ane,<code>ane</code>,1,0.0003805
321,anes,<code>anes</code>,1,0.0003805
321,angelcynn,<code>angelcynn</code>,1,0.0003805
321,anginn,<code>anginn</code>,1,0.0003805
321,annos,<code>annos</code>,1,0.0003805
321,anre,<code>anre</code>,1,0.0003805
321,ansund,<code>ansund</code>,1,0.0003805
321,ansyne,<code>ansyne</code>,1,0.0003805
321,ante,<code>ante</code>,1,0.0003805
321,anum,<code>anum</code>,1,0.0003805
321,apostoles,<code>apostoles</code>,1,0.0003805
321,aras,<code>aras</code>,1,0.0003805
321,archana,<code>archana</code>,1,0.0003805
321,arleasnysse,<code>arleasnysse</code>,1,0.0003805
321,arwur&eth;e,<code>arwur&amp;d;e</code>,1,0.0003805
321,arwur&eth;es,<code>arwur&amp;d;es</code>,1,0.0003805
321,astrehte,<code>astrehte</code>,1,0.0003805
321,astyred,<code>astyred</code>,1,0.0003805
321,atelicum,<code>atelicum</code>,1,0.0003805
321,atende,<code>atende</code>,1,0.0003805
321,audiuit,<code>audiuit</code>,1,0.0003805
321,aw&aelig;gdon,<code>aw&amp;ae;gdon</code>,1,0.0003805
321,awirigedan,<code>awirigedan</code>,1,0.0003805
321,awirigedum,<code>awirigedum</code>,1,0.0003805
321,awr&aelig;c,<code>awr&amp;ae;c</code>,1,0.0003805
321,awrat,<code>awrat</code>,1,0.0003805
321,awurpon,<code>awurpon</code>,1,0.0003805
321,awyrigdum,<code>awyrigdum</code>,1,0.0003805
321,awyrigeda,<code>awyrigeda</code>,1,0.0003805
321,b&aelig;rnet,<code>b&amp;ae;rnet</code>,1,0.0003805
321,b&aelig;rnette,<code>b&amp;ae;rnette</code>,1,0.0003805
321,barn,<code>barn</code>,1,0.0003805
321,bebead,<code>bebead</code>,1,0.0003805
321,bebod,<code>bebod</code>,1,0.0003805
321,beboda,<code>beboda</code>,1,0.0003805
321,bebode,<code>bebode</code>,1,0.0003805
321,bebyrged,<code>bebyrged</code>,1,0.0003805
321,bec,<code>bec</code>,1,0.0003805
321,becomon,<code>becomon</code>,1,0.0003805
321,becym&eth;,<code>becym&amp;d;</code>,1,0.0003805
321,bedigelod,<code>bedigelod</code>,1,0.0003805
321,beeode,<code>beeode</code>,1,0.0003805
321,beeodon,<code>beeodon</code>,1,0.0003805
321,bef&aelig;stnian,<code>bef&amp;ae;stnian</code>,1,0.0003805
321,befangen,<code>befangen</code>,1,0.0003805
321,begoten,<code>begoten</code>,1,0.0003805
321,beheold,<code>beheold</code>,1,0.0003805
321,behet,<code>behet</code>,1,0.0003805
321,behreowsa&eth;,<code>behreowsa&amp;d;</code>,1,0.0003805
321,behreowsienne,<code>behreowsienne</code>,1,0.0003805
321,behreowsunge,<code>behreowsunge</code>,1,0.0003805
321,bel&aelig;ddon,<code>bel&amp;ae;ddon</code>,1,0.0003805
321,beladode,<code>beladode</code>,1,0.0003805
321,bem&aelig;nde,<code>bem&amp;ae;nde</code>,1,0.0003805
321,beseon,<code>beseon</code>,1,0.0003805
321,besett,<code>besett</code>,1,0.0003805
321,bigleofan,<code>bigleofan</code>,1,0.0003805
321,bilewite,<code>bilewite</code>,1,0.0003805
321,biscopum,<code>biscopum</code>,1,0.0003805
321,biternysse,<code>biternysse</code>,1,0.0003805
321,bli&eth;e,<code>bli&amp;d;e</code>,1,0.0003805
321,bli&eth;ne,<code>bli&amp;d;ne</code>,1,0.0003805
321,blodes,<code>blodes</code>,1,0.0003805
321,boda,<code>boda</code>,1,0.0003805
321,bodung,<code>bodung</code>,1,0.0003805
321,bodunge,<code>bodunge</code>,1,0.0003805
321,breoste,<code>breoste</code>,1,0.0003805
321,brosnunge,<code>brosnunge</code>,1,0.0003805
321,brucan,<code>brucan</code>,1,0.0003805
321,byrgene,<code>byrgene</code>,1,0.0003805
321,byrnende,<code>byrnende</code>,1,0.0003805
321,byst,<code>byst</code>,1,0.0003805
321,carful,<code>carful</code>,1,0.0003805
321,ceaste,<code>ceaste</code>,1,0.0003805
321,celum,<code>celum</code>,1,0.0003805
321,cild,<code>cild</code>,1,0.0003805
321,cildhade,<code>cildhade</code>,1,0.0003805
321,cl&aelig;nnysse,<code>cl&amp;ae;nnysse</code>,1,0.0003805
321,com,<code>com</code>,1,0.0003805
321,cu&eth;lice,<code>cu&amp;d;lice</code>,1,0.0003805
321,cuma&eth;,<code>cuma&amp;d;</code>,1,0.0003805
321,cwealme,<code>cwealme</code>,1,0.0003805
321,cy&eth;,<code>cy&amp;d;</code>,1,0.0003805
321,cy&eth;an,<code>cy&amp;d;an</code>,1,0.0003805
321,cydde,<code>cydde</code>,1,0.0003805
321,cyddon,<code>cyddon</code>,1,0.0003805
321,cyrcan,<code>cyrcan</code>,1,0.0003805
321,d&aelig;da,<code>d&amp;ae;da</code>,1,0.0003805
321,d&aelig;dum,<code>d&amp;ae;dum</code>,1,0.0003805
321,d&aelig;ges,<code>d&amp;ae;ges</code>,1,0.0003805
321,d&aelig;ghwomlice,<code>d&amp;ae;ghwomlice</code>,1,0.0003805
321,d&aelig;l&eth;,<code>d&amp;ae;l&amp;d;</code>,1,0.0003805
321,d&aelig;le,<code>d&amp;ae;le</code>,1,0.0003805
321,d&aelig;lenne,<code>d&amp;ae;lenne</code>,1,0.0003805
321,d&aelig;lnimend,<code>d&amp;ae;lnimend</code>,1,0.0003805
321,dagas,<code>dagas</code>,1,0.0003805
321,de,<code>de</code>,1,0.0003805
321,dea&eth;e,<code>dea&amp;d;e</code>,1,0.0003805
321,decim,<code>decim</code>,1,0.0003805
321,deman,<code>deman</code>,1,0.0003805
321,dene,<code>dene</code>,1,0.0003805
321,deofellican,<code>deofellican</code>,1,0.0003805
321,deofles,<code>deofles</code>,1,0.0003805
321,deopnysse,<code>deopnysse</code>,1,0.0003805
321,deorum,<code>deorum</code>,1,0.0003805
321,derian,<code>derian</code>,1,0.0003805
321,dihtnere,<code>dihtnere</code>,1,0.0003805
321,dom,<code>dom</code>,1,0.0003805
321,domas,<code>domas</code>,1,0.0003805
321,dome,<code>dome</code>,1,0.0003805
321,dominus,<code>dominus</code>,1,0.0003805
321,donne,<code>donne</code>,1,0.0003805
321,dream,<code>dream</code>,1,0.0003805
321,dreame,<code>dreame</code>,1,0.0003805
321,dreames,<code>dreames</code>,1,0.0003805
321,dura,<code>dura</code>,1,0.0003805
321,dyde,<code>dyde</code>,1,0.0003805
321,dygelnysse,<code>dygelnysse</code>,1,0.0003805
321,dyrstelice,<code>dyrstelice</code>,1,0.0003805
321,dysig,<code>dysig</code>,1,0.0003805
321,eallunge,<code>eallunge</code>,1,0.0003805
321,ealne,<code>ealne</code>,1,0.0003805
321,earde,<code>earde</code>,1,0.0003805
321,eawf&aelig;stum,<code>eawf&amp;ae;stum</code>,1,0.0003805
321,efenhlytta,<code>efenhlytta</code>,1,0.0003805
321,emtwa,<code>emtwa</code>,1,0.0003805
321,endebyrdnysse,<code>endebyrdnysse</code>,1,0.0003805
321,endenextan,<code>endenextan</code>,1,0.0003805
321,eodon,<code>eodon</code>,1,0.0003805
321,eor&eth;lices,<code>eor&amp;d;lices</code>,1,0.0003805
321,eor&eth;licum,<code>eor&amp;d;licum</code>,1,0.0003805
321,eowere,<code>eowere</code>,1,0.0003805
321,eoweres,<code>eoweres</code>,1,0.0003805
321,eowerum,<code>eowerum</code>,1,0.0003805
321,est,<code>est</code>,1,0.0003805
321,estful,<code>estful</code>,1,0.0003805
321,exierunt,<code>exierunt</code>,1,0.0003805
321,f&aelig;reld,<code>f&amp;ae;reld</code>,1,0.0003805
321,facn,<code>facn</code>,1,0.0003805
321,far,<code>far</code>,1,0.0003805
321,fara&eth;,<code>fara&amp;d;</code>,1,0.0003805
321,faran,<code>faran</code>,1,0.0003805
321,feaht,<code>feaht</code>,1,0.0003805
321,fela,<code>fela</code>,1,0.0003805
321,feohtende,<code>feohtende</code>,1,0.0003805
321,feondum,<code>feondum</code>,1,0.0003805
321,feor&eth;e,<code>feor&amp;d;e</code>,1,0.0003805
321,feowertyne,<code>feowertyne</code>,1,0.0003805
321,feria,<code>feria</code>,1,0.0003805
321,ferodon,<code>ferodon</code>,1,0.0003805
321,fi&eth;era,<code>fi&amp;d;era</code>,1,0.0003805
321,filigdon,<code>filigdon</code>,1,0.0003805
321,flora,<code>flora</code>,1,0.0003805
321,folce,<code>folce</code>,1,0.0003805
321,for&eth;gang,<code>for&amp;d;gang</code>,1,0.0003805
321,foran,<code>foran</code>,1,0.0003805
321,forb&aelig;rn&eth;,<code>forb&amp;ae;rn&amp;d;</code>,1,0.0003805
321,forg&aelig;gednysse,<code>forg&amp;ae;gednysse</code>,1,0.0003805
321,forgif&eth;,<code>forgif&amp;d;</code>,1,0.0003805
321,forgifon,<code>forgifon</code>,1,0.0003805
321,forgyfon,<code>forgyfon</code>,1,0.0003805
321,forgylt,<code>forgylt</code>,1,0.0003805
321,forgymeleasia&eth;,<code>forgymeleasia&amp;d;</code>,1,0.0003805
321,forlet,<code>forlet</code>,1,0.0003805
321,forseoh,<code>forseoh</code>,1,0.0003805
321,forstandan,<code>forstandan</code>,1,0.0003805
321,forwyrdes,<code>forwyrdes</code>,1,0.0003805
321,francena,<code>francena</code>,1,0.0003805
321,frecednysse,<code>frecednysse</code>,1,0.0003805
321,fulluhtes,<code>fulluhtes</code>,1,0.0003805
321,fy&eth;erhaman,<code>fy&amp;d;erhaman</code>,1,0.0003805
321,fyrenan,<code>fyrenan</code>,1,0.0003805
321,gast,<code>gast</code>,1,0.0003805
321,gastlican,<code>gastlican</code>,1,0.0003805
321,ge&eth;afia&eth;,<code>ge&amp;d;afia&amp;d;</code>,1,0.0003805
321,ge&eth;afode,<code>ge&amp;d;afode</code>,1,0.0003805
321,ge&eth;uht,<code>ge&amp;d;uht</code>,1,0.0003805
321,geahnige,<code>geahnige</code>,1,0.0003805
321,gearum,<code>gearum</code>,1,0.0003805
321,gebedum,<code>gebedum</code>,1,0.0003805
321,gebet,<code>gebet</code>,1,0.0003805
321,gebide,<code>gebide</code>,1,0.0003805
321,gebroht,<code>gebroht</code>,1,0.0003805
321,gebysnunge,<code>gebysnunge</code>,1,0.0003805
321,gecl&aelig;nsod,<code>gecl&amp;ae;nsod</code>,1,0.0003805
321,gecl&aelig;nsode,<code>gecl&amp;ae;nsode</code>,1,0.0003805
321,gecneow,<code>gecneow</code>,1,0.0003805
321,gecw&aelig;&eth;,<code>gecw&amp;ae;&amp;d;</code>,1,0.0003805
321,gecyrran,<code>gecyrran</code>,1,0.0003805
321,gedrefednysse,<code>gedrefednysse</code>,1,0.0003805
321,gedyde,<code>gedyde</code>,1,0.0003805
321,geearnunga,<code>geearnunga</code>,1,0.0003805
321,geendung,<code>geendung</code>,1,0.0003805
321,gefeoht,<code>gefeoht</code>,1,0.0003805
321,gefeohtes,<code>gefeohtes</code>,1,0.0003805
321,geferr&aelig;dene,<code>geferr&amp;ae;dene</code>,1,0.0003805
321,geflitum,<code>geflitum</code>,1,0.0003805
321,gefremman,<code>gefremman</code>,1,0.0003805
321,gefretst,<code>gefretst</code>,1,0.0003805
321,gegladodon,<code>gegladodon</code>,1,0.0003805
321,gegripen,<code>gegripen</code>,1,0.0003805
321,gehadodra,<code>gehadodra</code>,1,0.0003805
321,gehaten,<code>gehaten</code>,1,0.0003805
321,gehende,<code>gehende</code>,1,0.0003805
321,gehrepod,<code>gehrepod</code>,1,0.0003805
321,gehwilc,<code>gehwilc</code>,1,0.0003805
321,gehyrte,<code>gehyrte</code>,1,0.0003805
321,gel&aelig;dan,<code>gel&amp;ae;dan</code>,1,0.0003805
321,gel&aelig;dd,<code>gel&amp;ae;dd</code>,1,0.0003805
321,gel&aelig;dde,<code>gel&amp;ae;dde</code>,1,0.0003805
321,gel&aelig;ddon,<code>gel&amp;ae;ddon</code>,1,0.0003805
321,gel&aelig;hte,<code>gel&amp;ae;hte</code>,1,0.0003805
321,gel&aelig;htest,<code>gel&amp;ae;htest</code>,1,0.0003805
321,gel&aelig;hton,<code>gel&amp;ae;hton</code>,1,0.0003805
321,gel&aelig;red,<code>gel&amp;ae;red</code>,1,0.0003805
321,gelicere,<code>gelicere</code>,1,0.0003805
321,gelyfde,<code>gelyfde</code>,1,0.0003805
321,gelyfed,<code>gelyfed</code>,1,0.0003805
321,genam,<code>genam</code>,1,0.0003805
321,genamon,<code>genamon</code>,1,0.0003805
321,geneal&aelig;can,<code>geneal&amp;ae;can</code>,1,0.0003805
321,geneal&aelig;h&eth;,<code>geneal&amp;ae;h&amp;d;</code>,1,0.0003805
321,geneal&aelig;hte,<code>geneal&amp;ae;hte</code>,1,0.0003805
321,geneal&aelig;hton,<code>geneal&amp;ae;hton</code>,1,0.0003805
321,genihtsumlice,<code>genihtsumlice</code>,1,0.0003805
321,genoh,<code>genoh</code>,1,0.0003805
321,genumen,<code>genumen</code>,1,0.0003805
321,geomerunge,<code>geomerunge</code>,1,0.0003805
321,geopenian,<code>geopenian</code>,1,0.0003805
321,georne,<code>georne</code>,1,0.0003805
321,geornlice,<code>geornlice</code>,1,0.0003805
321,gereccan,<code>gereccan</code>,1,0.0003805
321,gerynu,<code>gerynu</code>,1,0.0003805
321,ges&aelig;d,<code>ges&amp;ae;d</code>,1,0.0003805
321,ges&aelig;lig,<code>ges&amp;ae;lig</code>,1,0.0003805
321,ges&aelig;ton,<code>ges&amp;ae;ton</code>,1,0.0003805
321,gesawe,<code>gesawe</code>,1,0.0003805
321,gescyldon,<code>gescyldon</code>,1,0.0003805
321,gescynde,<code>gescynde</code>,1,0.0003805
321,gesemde,<code>gesemde</code>,1,0.0003805
321,gesetnysse,<code>gesetnysse</code>,1,0.0003805
321,gesette,<code>gesette</code>,1,0.0003805
321,gesih&eth;,<code>gesih&amp;d;</code>,1,0.0003805
321,gesprecan,<code>gesprecan</code>,1,0.0003805
321,gestande,<code>gestande</code>,1,0.0003805
321,geswac,<code>geswac</code>,1,0.0003805
321,geswenct,<code>geswenct</code>,1,0.0003805
321,geswincfullum,<code>geswincfullum</code>,1,0.0003805
321,geswutelod,<code>geswutelod</code>,1,0.0003805
321,geswutelunga,<code>geswutelunga</code>,1,0.0003805
321,gesyne,<code>gesyne</code>,1,0.0003805
321,getimode,<code>getimode</code>,1,0.0003805
321,getreowe,<code>getreowe</code>,1,0.0003805
321,geuntrumod,<code>geuntrumod</code>,1,0.0003805
321,gew&aelig;pnod,<code>gew&amp;ae;pnod</code>,1,0.0003805
321,gew&aelig;pnodon,<code>gew&amp;ae;pnodon</code>,1,0.0003805
321,gew&aelig;pnodum,<code>gew&amp;ae;pnodum</code>,1,0.0003805
321,gewemmedlicere,<code>gewemmedlicere</code>,1,0.0003805
321,gewened,<code>gewened</code>,1,0.0003805
321,gewitnod,<code>gewitnod</code>,1,0.0003805
321,geworden,<code>geworden</code>,1,0.0003805
321,gewyrca&eth;,<code>gewyrca&amp;d;</code>,1,0.0003805
321,gewyrhtum,<code>gewyrhtum</code>,1,0.0003805
321,gitsunge,<code>gitsunge</code>,1,0.0003805
321,goda,<code>goda</code>,1,0.0003805
321,godan,<code>godan</code>,1,0.0003805
321,godcundan,<code>godcundan</code>,1,0.0003805
321,godcundum,<code>godcundum</code>,1,0.0003805
321,godre,<code>godre</code>,1,0.0003805
321,godum,<code>godum</code>,1,0.0003805
321,gymeleaste,<code>gymeleaste</code>,1,0.0003805
321,gymon,<code>gymon</code>,1,0.0003805
321,gyte,<code>gyte</code>,1,0.0003805
321,gytsunge,<code>gytsunge</code>,1,0.0003805
321,h&aelig;fst,<code>h&amp;ae;fst</code>,1,0.0003805
321,h&aelig;lu,<code>h&amp;ae;lu</code>,1,0.0003805
321,habban,<code>habban</code>,1,0.0003805
321,halgena,<code>halgena</code>,1,0.0003805
321,haligre,<code>haligre</code>,1,0.0003805
321,hancred,<code>hancred</code>,1,0.0003805
321,hancrede,<code>hancrede</code>,1,0.0003805
321,hand,<code>hand</code>,1,0.0003805
321,handa,<code>handa</code>,1,0.0003805
321,handum,<code>handum</code>,1,0.0003805
321,hatte,<code>hatte</code>,1,0.0003805
321,heafodleahtras,<code>heafodleahtras</code>,1,0.0003805
321,heafodmanna,<code>heafodmanna</code>,1,0.0003805
321,heald,<code>heald</code>,1,0.0003805
321,healfa,<code>healfa</code>,1,0.0003805
321,healica,<code>healica</code>,1,0.0003805
321,heofenlica,<code>heofenlica</code>,1,0.0003805
321,heofenlican,<code>heofenlican</code>,1,0.0003805
321,heofenlice,<code>heofenlice</code>,1,0.0003805
321,heofenlicum,<code>heofenlicum</code>,1,0.0003805
321,heofonan,<code>heofonan</code>,1,0.0003805
321,heofonlican,<code>heofonlican</code>,1,0.0003805
321,heofonlicum,<code>heofonlicum</code>,1,0.0003805
321,heofonum,<code>heofonum</code>,1,0.0003805
321,heolde,<code>heolde</code>,1,0.0003805
321,heorte,<code>heorte</code>,1,0.0003805
321,heortum,<code>heortum</code>,1,0.0003805
321,heton,<code>heton</code>,1,0.0003805
321,hleor,<code>hleor</code>,1,0.0003805
321,hluttre,<code>hluttre</code>,1,0.0003805
321,hlystan,<code>hlystan</code>,1,0.0003805
321,hogia&eth;,<code>hogia&amp;d;</code>,1,0.0003805
321,hominem,<code>hominem</code>,1,0.0003805
321,homini,<code>homini</code>,1,0.0003805
321,hospe,<code>hospe</code>,1,0.0003805
321,hream,<code>hream</code>,1,0.0003805
321,hreawe,<code>hreawe</code>,1,0.0003805
321,hrofe,<code>hrofe</code>,1,0.0003805
321,hu,<code>hu</code>,1,0.0003805
321,humeta,<code>humeta</code>,1,0.0003805
321,hungre,<code>hungre</code>,1,0.0003805
321,huru,<code>huru</code>,1,0.0003805
321,huslian,<code>huslian</code>,1,0.0003805
321,hw&aelig;&eth;ere,<code>hw&amp;ae;&amp;d;ere</code>,1,0.0003805
321,hw&aelig;r,<code>hw&amp;ae;r</code>,1,0.0003805
321,hwam,<code>hwam</code>,1,0.0003805
321,ibunt,<code>ibunt</code>,1,0.0003805
321,iglande,<code>iglande</code>,1,0.0003805
321,inf&aelig;r,<code>inf&amp;ae;r</code>,1,0.0003805
321,item,<code>item</code>,1,0.0003805
321,iterum,<code>iterum</code>,1,0.0003805
321,l&aelig;ge,<code>l&amp;ae;ge</code>,1,0.0003805
321,l&aelig;ssan,<code>l&amp;ae;ssan</code>,1,0.0003805
321,l&aelig;wedra,<code>l&amp;ae;wedra</code>,1,0.0003805
321,landes,<code>landes</code>,1,0.0003805
321,lare,<code>lare</code>,1,0.0003805
321,lareow,<code>lareow</code>,1,0.0003805
321,lareowa,<code>lareowa</code>,1,0.0003805
321,lareowum,<code>lareowum</code>,1,0.0003805
321,larum,<code>larum</code>,1,0.0003805
321,leahtra,<code>leahtra</code>,1,0.0003805
321,leasan,<code>leasan</code>,1,0.0003805
321,leasunge,<code>leasunge</code>,1,0.0003805
321,leoda,<code>leoda</code>,1,0.0003805
321,leofode,<code>leofode</code>,1,0.0003805
321,leofostan,<code>leofostan</code>,1,0.0003805
321,leoht,<code>leoht</code>,1,0.0003805
321,leornode,<code>leornode</code>,1,0.0003805
321,letania,<code>letania</code>,1,0.0003805
321,lettan,<code>lettan</code>,1,0.0003805
321,lice,<code>lice</code>,1,0.0003805
321,licet,<code>licet</code>,1,0.0003805
321,lichama,<code>lichama</code>,1,0.0003805
321,licmen,<code>licmen</code>,1,0.0003805
321,lif,<code>lif</code>,1,0.0003805
321,lofe,<code>lofe</code>,1,0.0003805
321,loqui,<code>loqui</code>,1,0.0003805
321,losia&eth;,<code>losia&amp;d;</code>,1,0.0003805
321,losian,<code>losian</code>,1,0.0003805
321,lufa,<code>lufa</code>,1,0.0003805
321,lufe,<code>lufe</code>,1,0.0003805
321,lufedon,<code>lufedon</code>,1,0.0003805
321,lufiendlic,<code>lufiendlic</code>,1,0.0003805
321,lufigendlic,<code>lufigendlic</code>,1,0.0003805
321,lyfa&eth;,<code>lyfa&amp;d;</code>,1,0.0003805
321,lyre,<code>lyre</code>,1,0.0003805
321,lytlum,<code>lytlum</code>,1,0.0003805
321,m&aelig;gnum,<code>m&amp;ae;gnum</code>,1,0.0003805
321,magas,<code>magas</code>,1,0.0003805
321,mage,<code>mage</code>,1,0.0003805
321,magon,<code>magon</code>,1,0.0003805
321,maiore,<code>maiore</code>,1,0.0003805
321,mancynn,<code>mancynn</code>,1,0.0003805
321,manegra,<code>manegra</code>,1,0.0003805
321,menigfealdum,<code>menigfealdum</code>,1,0.0003805
321,menigu,<code>menigu</code>,1,0.0003805
321,menn,<code>menn</code>,1,0.0003805
321,mennisce,<code>mennisce</code>,1,0.0003805
321,menniscum,<code>menniscum</code>,1,0.0003805
321,mettum,<code>mettum</code>,1,0.0003805
321,micclan,<code>micclan</code>,1,0.0003805
321,micele,<code>micele</code>,1,0.0003805
321,middan,<code>middan</code>,1,0.0003805
321,middaneardes,<code>middaneardes</code>,1,0.0003805
321,miht,<code>miht</code>,1,0.0003805
321,mildheortnys,<code>mildheortnys</code>,1,0.0003805
321,miltsa,<code>miltsa</code>,1,0.0003805
321,miltsunge,<code>miltsunge</code>,1,0.0003805
321,min,<code>min</code>,1,0.0003805
321,mode,<code>mode</code>,1,0.0003805
321,modor,<code>modor</code>,1,0.0003805
321,moste,<code>moste</code>,1,0.0003805
321,moston,<code>moston</code>,1,0.0003805
321,mynegungum,<code>mynegungum</code>,1,0.0003805
321,mynsterlif,<code>mynsterlif</code>,1,0.0003805
321,mynstermannum,<code>mynstermannum</code>,1,0.0003805
321,myrh&eth;e,<code>myrh&amp;d;e</code>,1,0.0003805
321,n&aelig;bbe,<code>n&amp;ae;bbe</code>,1,0.0003805
321,n&aelig;f&eth;,<code>n&amp;ae;f&amp;d;</code>,1,0.0003805
321,n&aelig;fre,<code>n&amp;ae;fre</code>,1,0.0003805
321,n&aelig;nne,<code>n&amp;ae;nne</code>,1,0.0003805
321,n&aelig;re,<code>n&amp;ae;re</code>,1,0.0003805
321,naht,<code>naht</code>,1,0.0003805
321,namcu&eth;e,<code>namcu&amp;d;e</code>,1,0.0003805
321,nane,<code>nane</code>,1,0.0003805
321,nanre,<code>nanre</code>,1,0.0003805
321,nateshwon,<code>nateshwon</code>,1,0.0003805
321,neadwis,<code>neadwis</code>,1,0.0003805
321,neb,<code>neb</code>,1,0.0003805
321,nele,<code>nele</code>,1,0.0003805
321,neode,<code>neode</code>,1,0.0003805
321,ni&eth;erlic,<code>ni&amp;d;erlic</code>,1,0.0003805
321,niht,<code>niht</code>,1,0.0003805
321,nihte,<code>nihte</code>,1,0.0003805
321,non,<code>non</code>,1,0.0003805
321,nyte,<code>nyte</code>,1,0.0003805
321,nyton,<code>nyton</code>,1,0.0003805
321,o&eth;erne,<code>o&amp;d;erne</code>,1,0.0003805
321,o&eth;res,<code>o&amp;d;res</code>,1,0.0003805
321,o&thorn;re,<code>o&amp;t;re</code>,1,0.0003805
321,obuiam,<code>obuiam</code>,1,0.0003805
321,ofergeot,<code>ofergeot</code>,1,0.0003805
321,ofergoten,<code>ofergoten</code>,1,0.0003805
321,oferswi&eth;de,<code>oferswi&amp;d;de</code>,1,0.0003805
321,oferswi&eth;dest,<code>oferswi&amp;d;dest</code>,1,0.0003805
321,ofga,<code>ofga</code>,1,0.0003805
321,ofsettum,<code>ofsettum</code>,1,0.0003805
321,ogan,<code>ogan</code>,1,0.0003805
321,on&aelig;l&eth;,<code>on&amp;ae;l&amp;d;</code>,1,0.0003805
321,on&aelig;la&eth;,<code>on&amp;ae;la&amp;d;</code>,1,0.0003805
321,onbuton,<code>onbuton</code>,1,0.0003805
321,oncnawan,<code>oncnawan</code>,1,0.0003805
321,oncneow,<code>oncneow</code>,1,0.0003805
321,ondr&aelig;tst,<code>ondr&amp;ae;tst</code>,1,0.0003805
321,onscunast,<code>onscunast</code>,1,0.0003805
321,ontend,<code>ontend</code>,1,0.0003805
321,ontenda&eth;,<code>ontenda&amp;d;</code>,1,0.0003805
321,ontende,<code>ontende</code>,1,0.0003805
321,ontent,<code>ontent</code>,1,0.0003805
321,orm&aelig;te,<code>orm&amp;ae;te</code>,1,0.0003805
321,orm&aelig;tum,<code>orm&amp;ae;tum</code>,1,0.0003805
321,paradisum,<code>paradisum</code>,1,0.0003805
321,preost,<code>preost</code>,1,0.0003805
321,quattuor,<code>quattuor</code>,1,0.0003805
321,que,<code>que</code>,1,0.0003805
321,quoniam,<code>quoniam</code>,1,0.0003805
321,r&aelig;da&eth;,<code>r&amp;ae;da&amp;d;</code>,1,0.0003805
321,raptum,<code>raptum</code>,1,0.0003805
321,raptus,<code>raptus</code>,1,0.0003805
321,reaf,<code>reaf</code>,1,0.0003805
321,reste,<code>reste</code>,1,0.0003805
321,rihtwisnys,<code>rihtwisnys</code>,1,0.0003805
321,roseum,<code>roseum</code>,1,0.0003805
321,rymde,<code>rymde</code>,1,0.0003805
321,s&aelig;,<code>s&amp;ae;</code>,1,0.0003805
321,s&aelig;le,<code>s&amp;ae;le</code>,1,0.0003805
321,sabaoth,<code>sabaoth</code>,1,0.0003805
321,sacerd,<code>sacerd</code>,1,0.0003805
321,samod,<code>samod</code>,1,0.0003805
321,sancti,<code>sancti</code>,1,0.0003805
321,sarnysse,<code>sarnysse</code>,1,0.0003805
321,scean,<code>scean</code>,1,0.0003805
321,sceoldon,<code>sceoldon</code>,1,0.0003805
321,sceolon,<code>sceolon</code>,1,0.0003805
321,sceotan,<code>sceotan</code>,1,0.0003805
321,scinendum,<code>scinendum</code>,1,0.0003805
321,scio,<code>scio</code>,1,0.0003805
321,scotland,<code>scotland</code>,1,0.0003805
321,scottum,<code>scottum</code>,1,0.0003805
321,scrude,<code>scrude</code>,1,0.0003805
321,sculdor,<code>sculdor</code>,1,0.0003805
321,sculdre,<code>sculdre</code>,1,0.0003805
321,scylde,<code>scylde</code>,1,0.0003805
321,scyldige,<code>scyldige</code>,1,0.0003805
321,scyldunge,<code>scyldunge</code>,1,0.0003805
321,scyttisc,<code>scyttisc</code>,1,0.0003805
321,sealde,<code>sealde</code>,1,0.0003805
321,secgan,<code>secgan</code>,1,0.0003805
321,secge,<code>secge</code>,1,0.0003805
321,si&eth;e,<code>si&amp;d;e</code>,1,0.0003805
321,si&eth;f&aelig;t,<code>si&amp;d;f&amp;ae;t</code>,1,0.0003805
321,si&eth;igenne,<code>si&amp;d;igenne</code>,1,0.0003805
321,simle,<code>simle</code>,1,0.0003805
321,sloh,<code>sloh</code>,1,0.0003805
321,smeagende,<code>smeagende</code>,1,0.0003805
321,smyltnys,<code>smyltnys</code>,1,0.0003805
321,snotera,<code>snotera</code>,1,0.0003805
321,so&eth;an,<code>so&amp;d;an</code>,1,0.0003805
321,spellunge,<code>spellunge</code>,1,0.0003805
321,spr&aelig;ce,<code>spr&amp;ae;ce</code>,1,0.0003805
321,spr&aelig;con,<code>spr&amp;ae;con</code>,1,0.0003805
321,sti&eth;lic,<code>sti&amp;d;lic</code>,1,0.0003805
321,stilnysse,<code>stilnysse</code>,1,0.0003805
321,styredon,<code>styredon</code>,1,0.0003805
321,su&eth;,<code>su&amp;d;</code>,1,0.0003805
321,sume,<code>sume</code>,1,0.0003805
321,sumon,<code>sumon</code>,1,0.0003805
321,suwian,<code>suwian</code>,1,0.0003805
321,swege,<code>swege</code>,1,0.0003805
321,swi&eth;ran,<code>swi&amp;d;ran</code>,1,0.0003805
321,swurde,<code>swurde</code>,1,0.0003805
321,swy&eth;ost,<code>swy&amp;d;ost</code>,1,0.0003805
321,swyltendum,<code>swyltendum</code>,1,0.0003805
321,sylene,<code>sylene</code>,1,0.0003805
321,synfulles,<code>synfulles</code>,1,0.0003805
321,synfullum,<code>synfullum</code>,1,0.0003805
321,syngigendum,<code>syngigendum</code>,1,0.0003805
321,synn,<code>synn</code>,1,0.0003805
321,t&aelig;le,<code>t&amp;ae;le</code>,1,0.0003805
321,teartan,<code>teartan</code>,1,0.0003805
321,teonan,<code>teonan</code>,1,0.0003805
321,tertia,<code>tertia</code>,1,0.0003805
321,tertium,<code>tertium</code>,1,0.0003805
321,tide,<code>tide</code>,1,0.0003805
321,tihtinge,<code>tihtinge</code>,1,0.0003805
321,tima,<code>tima</code>,1,0.0003805
321,timan,<code>timan</code>,1,0.0003805
321,tunman,<code>tunman</code>,1,0.0003805
321,twa,<code>twa</code>,1,0.0003805
321,twelf,<code>twelf</code>,1,0.0003805
321,twyrednysse,<code>twyrednysse</code>,1,0.0003805
321,uerba,<code>uerba</code>,1,0.0003805
321,uidebitur,<code>uidebitur</code>,1,0.0003805
321,uirtute,<code>uirtute</code>,1,0.0003805
321,uirtutem,<code>uirtutem</code>,1,0.0003805
321,unalyfede,<code>unalyfede</code>,1,0.0003805
321,unalyfedlican,<code>unalyfedlican</code>,1,0.0003805
321,unasecgendlicum,<code>unasecgendlicum</code>,1,0.0003805
321,uncu&eth;ne,<code>uncu&amp;d;ne</code>,1,0.0003805
321,uncu&eth;um,<code>uncu&amp;d;um</code>,1,0.0003805
321,under,<code>under</code>,1,0.0003805
321,underb&aelig;c,<code>underb&amp;ae;c</code>,1,0.0003805
321,underfangen,<code>underfangen</code>,1,0.0003805
321,underfeh&eth;,<code>underfeh&amp;d;</code>,1,0.0003805
321,undergitan,<code>undergitan</code>,1,0.0003805
321,ungederod,<code>ungederod</code>,1,0.0003805
321,unleas,<code>unleas</code>,1,0.0003805
321,unriht,<code>unriht</code>,1,0.0003805
321,unrihtlic,<code>unrihtlic</code>,1,0.0003805
321,unrihtwisan,<code>unrihtwisan</code>,1,0.0003805
321,unrihtwise,<code>unrihtwise</code>,1,0.0003805
321,unrotnys,<code>unrotnys</code>,1,0.0003805
321,unsc&aelig;&eth;&eth;ignysse,<code>unsc&amp;ae;&amp;d;&amp;d;ignysse</code>,1,0.0003805
321,untrum,<code>untrum</code>,1,0.0003805
321,untrumnys,<code>untrumnys</code>,1,0.0003805
321,unwrugon,<code>unwrugon</code>,1,0.0003805
321,upplican,<code>upplican</code>,1,0.0003805
321,ure,<code>ure</code>,1,0.0003805
321,usque,<code>usque</code>,1,0.0003805
321,ut,<code>ut</code>,1,0.0003805
321,utf&aelig;rst,<code>utf&amp;ae;rst</code>,1,0.0003805
321,w&aelig;dliendum,<code>w&amp;ae;dliendum</code>,1,0.0003805
321,ware,<code>ware</code>,1,0.0003805
321,weald,<code>weald</code>,1,0.0003805
321,wealdend,<code>wealdend</code>,1,0.0003805
321,weg,<code>weg</code>,1,0.0003805
321,weld&aelig;dum,<code>weld&amp;ae;dum</code>,1,0.0003805
321,well,<code>well</code>,1,0.0003805
321,wende,<code>wende</code>,1,0.0003805
321,weorc,<code>weorc</code>,1,0.0003805
321,weredum,<code>weredum</code>,1,0.0003805
321,weroda,<code>weroda</code>,1,0.0003805
321,werode,<code>werode</code>,1,0.0003805
321,wi&eth;erwinna,<code>wi&amp;d;erwinna</code>,1,0.0003805
321,wi&eth;erwinnum,<code>wi&amp;d;erwinnum</code>,1,0.0003805
321,wille,<code>wille</code>,1,0.0003805
321,willes,<code>willes</code>,1,0.0003805
321,wilnigende,<code>wilnigende</code>,1,0.0003805
321,witu,<code>witu</code>,1,0.0003805
321,wolde,<code>wolde</code>,1,0.0003805
321,wordum,<code>wordum</code>,1,0.0003805
321,woruldlice,<code>woruldlice</code>,1,0.0003805
321,wrecan,<code>wrecan</code>,1,0.0003805
321,writende,<code>writende</code>,1,0.0003805
321,wunder,<code>wunder</code>,1,0.0003805
321,wundrodon,<code>wundrodon</code>,1,0.0003805
321,wunigende,<code>wunigende</code>,1,0.0003805
321,wurpon,<code>wurpon</code>,1,0.0003805
321,wylla&eth;,<code>wylla&amp;d;</code>,1,0.0003805
321,ydele,<code>ydele</code>,1,0.0003805
321,yfelum,<code>yfelum</code>,1,0.0003805
321,yrre,<code>yrre</code>,1,0.0003805
321,yrrland,<code>yrrland</code>,1,0.0003805
321,yrum,<code>yrum</code>,1,0.0003805
