B_Prose,B01,B01.002.041_AECHom_II__38_T02910.txt,979,667,2786
RANK,HTML WORD,RAW WORD,COUNT,RELATIVE FREQUENCY
1,and,<code>and</code>,147,0.0527638
2,&eth;a,<code>&amp;d;a</code>,101,0.0362527
3,hi,<code>hi</code>,98,0.0351759
4,&thorn;&aelig;t,<code>&amp;t;&amp;ae;t</code>,78,0.0279971
5,to,<code>to</code>,75,0.0269203
6,on,<code>on</code>,49,0.0175879
7,&thorn;a,<code>&amp;t;a</code>,44,0.0157933
8,mid,<code>mid</code>,38,0.0136396
9,se,<code>se</code>,37,0.0132807
10,swa,<code>swa</code>,36,0.0129218
11,&eth;am,<code>&amp;d;am</code>,32,0.0114860
12,&eth;e,<code>&amp;d;e</code>,31,0.0111271
13,we,<code>we</code>,30,0.0107681
14,heora,<code>heora</code>,29,0.0104092
15,ne,<code>ne</code>,27,0.0096913
16,eow,<code>eow</code>,25,0.0089734
16,him,<code>him</code>,25,0.0089734
18,apostoli,<code>apostoli</code>,24,0.0086145
19,ge,<code>ge</code>,23,0.0082556
20,&thorn;am,<code>&amp;t;am</code>,17,0.0061019
21,for,<code>for</code>,16,0.0057430
21,his,<code>his</code>,16,0.0057430
21,sind,<code>sind</code>,16,0.0057430
24,&thorn;e,<code>&amp;t;e</code>,15,0.0053841
24,ac,<code>ac</code>,15,0.0053841
26,cw&aelig;don,<code>cw&amp;ae;don</code>,14,0.0050251
26,of,<code>of</code>,14,0.0050251
26,us,<code>us</code>,14,0.0050251
29,ealdorman,<code>ealdorman</code>,13,0.0046662
29,godes,<code>godes</code>,13,0.0046662
29,nu,<code>nu</code>,13,0.0046662
32,&eth;&aelig;ra,<code>&amp;d;&amp;ae;ra</code>,12,0.0043073
32,drymen,<code>drymen</code>,12,0.0043073
32,ealle,<code>ealle</code>,12,0.0043073
35,apostolum,<code>apostolum</code>,11,0.0039483
35,cw&aelig;&eth;,<code>cw&amp;ae;&amp;d;</code>,11,0.0039483
35,he,<code>he</code>,11,0.0039483
38,&eth;&aelig;r,<code>&amp;d;&amp;ae;r</code>,10,0.0035894
38,&thorn;as,<code>&amp;t;as</code>,10,0.0035894
38,apostolas,<code>apostolas</code>,10,0.0035894
38,fram,<code>fram</code>,10,0.0035894
38,w&aelig;s,<code>w&amp;ae;s</code>,10,0.0035894
43,&aelig;hta,<code>&amp;ae;hta</code>,9,0.0032304
43,&eth;&aelig;s,<code>&amp;d;&amp;ae;s</code>,9,0.0032304
43,&eth;isum,<code>&amp;d;isum</code>,9,0.0032304
46,&thorn;&aelig;s,<code>&amp;t;&amp;ae;s</code>,8,0.0028715
46,comon,<code>comon</code>,8,0.0028715
46,cristes,<code>cristes</code>,8,0.0028715
46,men,<code>men</code>,8,0.0028715
46,wear&eth;,<code>wear&amp;d;</code>,8,0.0028715
51,&eth;&aelig;re,<code>&amp;d;&amp;ae;re</code>,7,0.0025126
51,&eth;an,<code>&amp;d;an</code>,7,0.0025126
51,&eth;u,<code>&amp;d;u</code>,7,0.0025126
51,&thorn;&aelig;r,<code>&amp;t;&amp;ae;r</code>,7,0.0025126
51,cyning,<code>cyning</code>,7,0.0025126
51,god,<code>god</code>,7,0.0025126
51,magon,<code>magon</code>,7,0.0025126
51,mihte,<code>mihte</code>,7,0.0025126
51,naman,<code>naman</code>,7,0.0025126
60,&aelig;t,<code>&amp;ae;t</code>,6,0.0021536
60,&thorn;&aelig;re,<code>&amp;t;&amp;ae;re</code>,6,0.0021536
60,an,<code>an</code>,6,0.0021536
60,anlicnysse,<code>anlicnysse</code>,6,0.0021536
60,apostola,<code>apostola</code>,6,0.0021536
60,dydon,<code>dydon</code>,6,0.0021536
60,gode,<code>gode</code>,6,0.0021536
60,h&aelig;&eth;engildan,<code>h&amp;ae;&amp;d;engildan</code>,6,0.0021536
60,hw&aelig;t,<code>hw&amp;ae;t</code>,6,0.0021536
60,is,<code>is</code>,6,0.0021536
60,ongunnon,<code>ongunnon</code>,6,0.0021536
60,sunnan,<code>sunnan</code>,6,0.0021536
60,w&aelig;ron,<code>w&amp;ae;ron</code>,6,0.0021536
60,xerxes,<code>xerxes</code>,6,0.0021536
74,&eth;as,<code>&amp;d;as</code>,5,0.0017947
74,&eth;urh,<code>&amp;d;urh</code>,5,0.0017947
74,&thorn;&aelig;ra,<code>&amp;t;&amp;ae;ra</code>,5,0.0017947
74,andwyrdon,<code>andwyrdon</code>,5,0.0017947
74,anlicnyssum,<code>anlicnyssum</code>,5,0.0017947
74,byrig,<code>byrig</code>,5,0.0017947
74,deofol,<code>deofol</code>,5,0.0017947
74,do&eth;,<code>do&amp;d;</code>,5,0.0017947
74,eower,<code>eower</code>,5,0.0017947
74,folc,<code>folc</code>,5,0.0017947
74,gehaten,<code>gehaten</code>,5,0.0017947
74,geleafan,<code>geleafan</code>,5,0.0017947
74,gif,<code>gif</code>,5,0.0017947
74,het,<code>het</code>,5,0.0017947
74,man,<code>man</code>,5,0.0017947
74,mannum,<code>mannum</code>,5,0.0017947
74,micclum,<code>micclum</code>,5,0.0017947
74,nan,<code>nan</code>,5,0.0017947
74,twegen,<code>twegen</code>,5,0.0017947
74,ut,<code>ut</code>,5,0.0017947
74,wunodon,<code>wunodon</code>,5,0.0017947
74,wurdon,<code>wurdon</code>,5,0.0017947
96,&aelig;fter,<code>&amp;ae;fter</code>,4,0.0014358
96,&eth;rim,<code>&amp;d;rim</code>,4,0.0014358
96,&thorn;urh,<code>&amp;t;urh</code>,4,0.0014358
96,b&aelig;don,<code>b&amp;ae;don</code>,4,0.0014358
96,cyninge,<code>cyninge</code>,4,0.0014358
96,deoflu,<code>deoflu</code>,4,0.0014358
96,deor,<code>deor</code>,4,0.0014358
96,eac,<code>eac</code>,4,0.0014358
96,eowere,<code>eowere</code>,4,0.0014358
96,fela,<code>fela</code>,4,0.0014358
96,ferdon,<code>ferdon</code>,4,0.0014358
96,fores&aelig;dan,<code>fores&amp;ae;dan</code>,4,0.0014358
96,habba&eth;,<code>habba&amp;d;</code>,4,0.0014358
96,hit,<code>hit</code>,4,0.0014358
96,ic,<code>ic</code>,4,0.0014358
96,micel,<code>micel</code>,4,0.0014358
96,mihton,<code>mihton</code>,4,0.0014358
96,monan,<code>monan</code>,4,0.0014358
96,n&aelig;ddran,<code>n&amp;ae;ddran</code>,4,0.0014358
96,o&eth;,<code>o&amp;d;</code>,4,0.0014358
96,o&eth;re,<code>o&amp;d;re</code>,4,0.0014358
96,sceoldon,<code>sceoldon</code>,4,0.0014358
96,si&eth;&eth;an,<code>si&amp;d;&amp;d;an</code>,4,0.0014358
96,simon,<code>simon</code>,4,0.0014358
96,temples,<code>temples</code>,4,0.0014358
96,wylla&eth;,<code>wylla&amp;d;</code>,4,0.0014358
122,&aelig;r,<code>&amp;ae;r</code>,3,0.0010768
122,&aelig;tflugon,<code>&amp;ae;tflugon</code>,3,0.0010768
122,&eth;&aelig;rrihte,<code>&amp;d;&amp;ae;rrihte</code>,3,0.0010768
122,&eth;is,<code>&amp;d;is</code>,3,0.0010768
122,&eth;one,<code>&amp;d;one</code>,3,0.0010768
122,&thorn;one,<code>&amp;t;one</code>,3,0.0010768
122,&thorn;yssera,<code>&amp;t;yssera</code>,3,0.0010768
122,andsware,<code>andsware</code>,3,0.0010768
122,andwyrde,<code>andwyrde</code>,3,0.0010768
122,anre,<code>anre</code>,3,0.0010768
122,apostol,<code>apostol</code>,3,0.0010768
122,arfaxa&eth;,<code>arfaxa&amp;d;</code>,3,0.0010768
122,asende,<code>asende</code>,3,0.0010768
122,astrehton,<code>astrehton</code>,3,0.0010768
122,awrat,<code>awrat</code>,3,0.0010768
122,be,<code>be</code>,3,0.0010768
122,beo,<code>beo</code>,3,0.0010768
122,beo&eth;,<code>beo&amp;d;</code>,3,0.0010768
122,betwux,<code>betwux</code>,3,0.0010768
122,binnon,<code>binnon</code>,3,0.0010768
122,cr&aelig;t,<code>cr&amp;ae;t</code>,3,0.0010768
122,cyrcan,<code>cyrcan</code>,3,0.0010768
122,d&aelig;ge,<code>d&amp;ae;ge</code>,3,0.0010768
122,dea&eth;e,<code>dea&amp;d;e</code>,3,0.0010768
122,deofolgyldum,<code>deofolgyldum</code>,3,0.0010768
122,diacon,<code>diacon</code>,3,0.0010768
122,ealdormannes,<code>ealdormannes</code>,3,0.0010768
122,eft,<code>eft</code>,3,0.0010768
122,engel,<code>engel</code>,3,0.0010768
122,folce,<code>folce</code>,3,0.0010768
122,for&eth;,<code>for&amp;d;</code>,3,0.0010768
122,fota,<code>fota</code>,3,0.0010768
122,fotum,<code>fotum</code>,3,0.0010768
122,fynd,<code>fynd</code>,3,0.0010768
122,gebiddan,<code>gebiddan</code>,3,0.0010768
122,gelamp,<code>gelamp</code>,3,0.0010768
122,gemetton,<code>gemetton</code>,3,0.0010768
122,gereorde,<code>gereorde</code>,3,0.0010768
122,goda,<code>goda</code>,3,0.0010768
122,godas,<code>godas</code>,3,0.0010768
122,healfe,<code>healfe</code>,3,0.0010768
122,heofenum,<code>heofenum</code>,3,0.0010768
122,heton,<code>heton</code>,3,0.0010768
122,hu,<code>hu</code>,3,0.0010768
122,hund,<code>hund</code>,3,0.0010768
122,huru,<code>huru</code>,3,0.0010768
122,hwi,<code>hwi</code>,3,0.0010768
122,lande,<code>lande</code>,3,0.0010768
122,life,<code>life</code>,3,0.0010768
122,manna,<code>manna</code>,3,0.0010768
122,o&eth;&eth;e,<code>o&amp;d;&amp;d;e</code>,3,0.0010768
122,o&eth;erne,<code>o&amp;d;erne</code>,3,0.0010768
122,o&eth;rum,<code>o&amp;d;rum</code>,3,0.0010768
122,o&thorn;&thorn;e,<code>o&amp;t;&amp;t;e</code>,3,0.0010768
122,ofer,<code>ofer</code>,3,0.0010768
122,sceolon,<code>sceolon</code>,3,0.0010768
122,scoldon,<code>scoldon</code>,3,0.0010768
122,seo,<code>seo</code>,3,0.0010768
122,seolfre,<code>seolfre</code>,3,0.0010768
122,so&eth;an,<code>so&amp;d;an</code>,3,0.0010768
122,so&eth;lice,<code>so&amp;d;lice</code>,3,0.0010768
122,spr&aelig;c,<code>spr&amp;ae;c</code>,3,0.0010768
122,ure,<code>ure</code>,3,0.0010768
122,wur&eth;mynte,<code>wur&amp;d;mynte</code>,3,0.0010768
122,yfele,<code>yfele</code>,3,0.0010768
187,&aelig;nne,<code>&amp;ae;nne</code>,2,0.0007179
187,&eth;earfan,<code>&amp;d;earfan</code>,2,0.0007179
187,&eth;inre,<code>&amp;d;inre</code>,2,0.0007179
187,&eth;ises,<code>&amp;d;ises</code>,2,0.0007179
187,&eth;onne,<code>&amp;d;onne</code>,2,0.0007179
187,&eth;yssera,<code>&amp;d;yssera</code>,2,0.0007179
187,&thorn;us,<code>&amp;t;us</code>,2,0.0007179
187,abdias,<code>abdias</code>,2,0.0007179
187,afyllede,<code>afyllede</code>,2,0.0007179
187,agoten,<code>agoten</code>,2,0.0007179
187,ane,<code>ane</code>,2,0.0007179
187,ar&aelig;rdon,<code>ar&amp;ae;rdon</code>,2,0.0007179
187,atugon,<code>atugon</code>,2,0.0007179
187,aweg,<code>aweg</code>,2,0.0007179
187,awende,<code>awende</code>,2,0.0007179
187,becomon,<code>becomon</code>,2,0.0007179
187,begen,<code>begen</code>,2,0.0007179
187,bene,<code>bene</code>,2,0.0007179
187,biddende,<code>biddende</code>,2,0.0007179
187,biscop,<code>biscop</code>,2,0.0007179
187,buga&eth;,<code>buga&amp;d;</code>,2,0.0007179
187,buton,<code>buton</code>,2,0.0007179
187,cild,<code>cild</code>,2,0.0007179
187,cuma&eth;,<code>cuma&amp;d;</code>,2,0.0007179
187,cwe&eth;ende,<code>cwe&amp;d;ende</code>,2,0.0007179
187,cyrce,<code>cyrce</code>,2,0.0007179
187,dagum,<code>dagum</code>,2,0.0007179
187,dea&eth;,<code>dea&amp;d;</code>,2,0.0007179
187,deofles,<code>deofles</code>,2,0.0007179
187,deoflum,<code>deoflum</code>,2,0.0007179
187,drymanna,<code>drymanna</code>,2,0.0007179
187,drymannum,<code>drymannum</code>,2,0.0007179
187,eadigan,<code>eadigan</code>,2,0.0007179
187,eagum,<code>eagum</code>,2,0.0007179
187,eal,<code>eal</code>,2,0.0007179
187,ealra,<code>ealra</code>,2,0.0007179
187,earde,<code>earde</code>,2,0.0007179
187,ebreisce,<code>ebreisce</code>,2,0.0007179
187,efne,<code>efne</code>,2,0.0007179
187,ege,<code>ege</code>,2,0.0007179
187,eor&eth;an,<code>eor&amp;d;an</code>,2,0.0007179
187,eowerum,<code>eowerum</code>,2,0.0007179
187,feowertyne,<code>feowertyne</code>,2,0.0007179
187,folces,<code>folces</code>,2,0.0007179
187,forseon,<code>forseon</code>,2,0.0007179
187,forsw&aelig;lede,<code>forsw&amp;ae;lede</code>,2,0.0007179
187,gebrohte,<code>gebrohte</code>,2,0.0007179
187,gedon,<code>gedon</code>,2,0.0007179
187,gedrehte,<code>gedrehte</code>,2,0.0007179
187,gefeoht,<code>gefeoht</code>,2,0.0007179
187,gefremode,<code>gefremode</code>,2,0.0007179
187,gehyra&eth;,<code>gehyra&amp;d;</code>,2,0.0007179
187,gehyrsumia&eth;,<code>gehyrsumia&amp;d;</code>,2,0.0007179
187,gel&aelig;dde,<code>gel&amp;ae;dde</code>,2,0.0007179
187,gelyfa&eth;,<code>gelyfa&amp;d;</code>,2,0.0007179
187,gesceop,<code>gesceop</code>,2,0.0007179
187,gewuna,<code>gewuna</code>,2,0.0007179
187,godum,<code>godum</code>,2,0.0007179
187,golde,<code>golde</code>,2,0.0007179
187,gymdon,<code>gymdon</code>,2,0.0007179
187,h&aelig;&eth;engyldan,<code>h&amp;ae;&amp;d;engyldan</code>,2,0.0007179
187,h&aelig;&eth;enum,<code>h&amp;ae;&amp;d;enum</code>,2,0.0007179
187,h&aelig;fdon,<code>h&amp;ae;fdon</code>,2,0.0007179
187,h&aelig;lendes,<code>h&amp;ae;lendes</code>,2,0.0007179
187,habban,<code>habban</code>,2,0.0007179
187,hat,<code>hat</code>,2,0.0007179
187,hatia&eth;,<code>hatia&amp;d;</code>,2,0.0007179
187,healdan,<code>healdan</code>,2,0.0007179
187,heofonum,<code>heofonum</code>,2,0.0007179
187,heonon,<code>heonon</code>,2,0.0007179
187,hider,<code>hider</code>,2,0.0007179
187,hine,<code>hine</code>,2,0.0007179
187,hra&eth;e,<code>hra&amp;d;e</code>,2,0.0007179
187,hwilce,<code>hwilce</code>,2,0.0007179
187,indiscan,<code>indiscan</code>,2,0.0007179
187,inne,<code>inne</code>,2,0.0007179
187,iudan,<code>iudan</code>,2,0.0007179
187,iudas,<code>iudas</code>,2,0.0007179
187,iudea,<code>iudea</code>,2,0.0007179
187,l&aelig;s,<code>l&amp;ae;s</code>,2,0.0007179
187,l&aelig;ta&eth;,<code>l&amp;ae;ta&amp;d;</code>,2,0.0007179
187,la,<code>la</code>,2,0.0007179
187,lac,<code>lac</code>,2,0.0007179
187,leof,<code>leof</code>,2,0.0007179
187,lic,<code>lic</code>,2,0.0007179
187,lichaman,<code>lichaman</code>,2,0.0007179
187,m&aelig;g,<code>m&amp;ae;g</code>,2,0.0007179
187,matheo,<code>matheo</code>,2,0.0007179
187,me,<code>me</code>,2,0.0007179
187,mona,<code>mona</code>,2,0.0007179
187,moston,<code>moston</code>,2,0.0007179
187,n&aelig;ddrum,<code>n&amp;ae;ddrum</code>,2,0.0007179
187,na,<code>na</code>,2,0.0007179
187,persida,<code>persida</code>,2,0.0007179
187,race,<code>race</code>,2,0.0007179
187,re&eth;an,<code>re&amp;d;an</code>,2,0.0007179
187,rice,<code>rice</code>,2,0.0007179
187,rodetacne,<code>rodetacne</code>,2,0.0007179
187,s&aelig;don,<code>s&amp;ae;don</code>,2,0.0007179
187,scincr&aelig;ft,<code>scincr&amp;ae;ft</code>,2,0.0007179
187,scirum,<code>scirum</code>,2,0.0007179
187,scyppend,<code>scyppend</code>,2,0.0007179
187,semmeus,<code>semmeus</code>,2,0.0007179
187,sibbe,<code>sibbe</code>,2,0.0007179
187,silhearwena,<code>silhearwena</code>,2,0.0007179
187,spr&aelig;con,<code>spr&amp;ae;con</code>,2,0.0007179
187,sprecan,<code>sprecan</code>,2,0.0007179
187,stod,<code>stod</code>,2,0.0007179
187,suanir,<code>suanir</code>,2,0.0007179
187,sum,<code>sum</code>,2,0.0007179
187,sumon,<code>sumon</code>,2,0.0007179
187,sunne,<code>sunne</code>,2,0.0007179
187,sylfe,<code>sylfe</code>,2,0.0007179
187,syllan,<code>syllan</code>,2,0.0007179
187,tempel,<code>tempel</code>,2,0.0007179
187,temple,<code>temple</code>,2,0.0007179
187,tigres,<code>tigres</code>,2,0.0007179
187,urum,<code>urum</code>,2,0.0007179
187,uuarardah,<code>uuarardah</code>,2,0.0007179
187,witon,<code>witon</code>,2,0.0007179
187,wolde,<code>wolde</code>,2,0.0007179
187,worhte,<code>worhte</code>,2,0.0007179
187,wulderbeage,<code>wulderbeage</code>,2,0.0007179
187,wundra,<code>wundra</code>,2,0.0007179
187,wur&eth;ia&eth;,<code>wur&amp;d;ia&amp;d;</code>,2,0.0007179
187,zaroes,<code>zaroes</code>,2,0.0007179
313,&aelig;fre,<code>&amp;ae;fre</code>,1,0.0003589
313,&aelig;g&eth;re,<code>&amp;ae;g&amp;d;re</code>,1,0.0003589
313,&aelig;l&eth;eodige,<code>&amp;ae;l&amp;d;eodige</code>,1,0.0003589
313,&aelig;l&eth;eodigra,<code>&amp;ae;l&amp;d;eodigra</code>,1,0.0003589
313,&aelig;lcum,<code>&amp;ae;lcum</code>,1,0.0003589
313,&aelig;lmihtig,<code>&amp;ae;lmihtig</code>,1,0.0003589
313,&aelig;lmihtiga,<code>&amp;ae;lmihtiga</code>,1,0.0003589
313,&aelig;rendracan,<code>&amp;ae;rendracan</code>,1,0.0003589
313,&aelig;rest,<code>&amp;ae;rest</code>,1,0.0003589
313,&aelig;rnemerigen,<code>&amp;ae;rnemerigen</code>,1,0.0003589
313,&aelig;teowode,<code>&amp;ae;teowode</code>,1,0.0003589
313,&aelig;tes,<code>&amp;ae;tes</code>,1,0.0003589
313,&aelig;tforan,<code>&amp;ae;tforan</code>,1,0.0003589
313,&eth;ancodon,<code>&amp;d;ancodon</code>,1,0.0003589
313,&eth;anon,<code>&amp;d;anon</code>,1,0.0003589
313,&eth;eah,<code>&amp;d;eah</code>,1,0.0003589
313,&eth;earfe,<code>&amp;d;earfe</code>,1,0.0003589
313,&eth;earfum,<code>&amp;d;earfum</code>,1,0.0003589
313,&eth;egenum,<code>&amp;d;egenum</code>,1,0.0003589
313,&eth;eowan,<code>&amp;d;eowan</code>,1,0.0003589
313,&eth;eowdome,<code>&amp;d;eowdome</code>,1,0.0003589
313,&eth;es,<code>&amp;d;es</code>,1,0.0003589
313,&eth;i,<code>&amp;d;i</code>,1,0.0003589
313,&eth;ider,<code>&amp;d;ider</code>,1,0.0003589
313,&eth;in,<code>&amp;d;in</code>,1,0.0003589
313,&eth;inc&eth;,<code>&amp;d;inc&amp;d;</code>,1,0.0003589
313,&eth;ing,<code>&amp;d;ing</code>,1,0.0003589
313,&eth;ingr&aelig;den,<code>&amp;d;ingr&amp;ae;den</code>,1,0.0003589
313,&eth;ingunge,<code>&amp;d;ingunge</code>,1,0.0003589
313,&eth;inum,<code>&amp;d;inum</code>,1,0.0003589
313,&eth;ison,<code>&amp;d;ison</code>,1,0.0003589
313,&eth;issera,<code>&amp;d;issera</code>,1,0.0003589
313,&eth;issere,<code>&amp;d;issere</code>,1,0.0003589
313,&eth;otorodon,<code>&amp;d;otorodon</code>,1,0.0003589
313,&eth;reatian,<code>&amp;d;reatian</code>,1,0.0003589
313,&eth;riddan,<code>&amp;d;riddan</code>,1,0.0003589
313,&eth;rowian,<code>&amp;d;rowian</code>,1,0.0003589
313,&eth;rowodon,<code>&amp;d;rowodon</code>,1,0.0003589
313,&eth;rowunge,<code>&amp;d;rowunge</code>,1,0.0003589
313,&eth;ruh,<code>&amp;d;ruh</code>,1,0.0003589
313,&eth;ry,<code>&amp;d;ry</code>,1,0.0003589
313,&eth;rymme,<code>&amp;d;rymme</code>,1,0.0003589
313,&eth;us,<code>&amp;d;us</code>,1,0.0003589
313,&eth;yl&aelig;s,<code>&amp;d;yl&amp;ae;s</code>,1,0.0003589
313,&eth;yssere,<code>&amp;d;yssere</code>,1,0.0003589
313,&thorn;earle,<code>&amp;t;earle</code>,1,0.0003589
313,&thorn;eowdom,<code>&amp;t;eowdom</code>,1,0.0003589
313,&thorn;es,<code>&amp;t;es</code>,1,0.0003589
313,&thorn;i,<code>&amp;t;i</code>,1,0.0003589
313,&thorn;ine,<code>&amp;t;ine</code>,1,0.0003589
313,&thorn;is,<code>&amp;t;is</code>,1,0.0003589
313,&thorn;onne,<code>&amp;t;onne</code>,1,0.0003589
313,&thorn;u,<code>&amp;t;u</code>,1,0.0003589
313,&thorn;urhwunodon,<code>&amp;t;urhwunodon</code>,1,0.0003589
313,&thorn;y,<code>&amp;t;y</code>,1,0.0003589
313,&thorn;ysse,<code>&amp;t;ysse</code>,1,0.0003589
313,aberan,<code>aberan</code>,1,0.0003589
313,abiddon,<code>abiddon</code>,1,0.0003589
313,abitan,<code>abitan</code>,1,0.0003589
313,abiton,<code>abiton</code>,1,0.0003589
313,ablinne,<code>ablinne</code>,1,0.0003589
313,acenned,<code>acenned</code>,1,0.0003589
313,acwealde,<code>acwealde</code>,1,0.0003589
313,acwealdon,<code>acwealdon</code>,1,0.0003589
313,acwellon,<code>acwellon</code>,1,0.0003589
313,ad,<code>ad</code>,1,0.0003589
313,adam,<code>adam</code>,1,0.0003589
313,adumbode,<code>adumbode</code>,1,0.0003589
313,adydde,<code>adydde</code>,1,0.0003589
313,adyde,<code>adyde</code>,1,0.0003589
313,afandia&eth;,<code>afandia&amp;d;</code>,1,0.0003589
313,afandod,<code>afandod</code>,1,0.0003589
313,afligdon,<code>afligdon</code>,1,0.0003589
313,africanus,<code>africanus</code>,1,0.0003589
313,afunden,<code>afunden</code>,1,0.0003589
313,afylled,<code>afylled</code>,1,0.0003589
313,agenne,<code>agenne</code>,1,0.0003589
313,aguton,<code>aguton</code>,1,0.0003589
313,aht,<code>aht</code>,1,0.0003589
313,alefedan,<code>alefedan</code>,1,0.0003589
313,alefian,<code>alefian</code>,1,0.0003589
313,alyfed,<code>alyfed</code>,1,0.0003589
313,alyson,<code>alyson</code>,1,0.0003589
313,ameldigenne,<code>ameldigenne</code>,1,0.0003589
313,amen,<code>amen</code>,1,0.0003589
313,andweald,<code>andweald</code>,1,0.0003589
313,andwerdnysse,<code>andwerdnysse</code>,1,0.0003589
313,andwyrdan,<code>andwyrdan</code>,1,0.0003589
313,apostole,<code>apostole</code>,1,0.0003589
313,apostolorum,<code>apostolorum</code>,1,0.0003589
313,ar&aelig;rde,<code>ar&amp;ae;rde</code>,1,0.0003589
313,arisa&eth;,<code>arisa&amp;d;</code>,1,0.0003589
313,arleasan,<code>arleasan</code>,1,0.0003589
313,arleasnysse,<code>arleasnysse</code>,1,0.0003589
313,arwur&eth;an,<code>arwur&amp;d;an</code>,1,0.0003589
313,arwur&eth;nysse,<code>arwur&amp;d;nysse</code>,1,0.0003589
313,asendest,<code>asendest</code>,1,0.0003589
313,astrehte,<code>astrehte</code>,1,0.0003589
313,ateo&eth;,<code>ateo&amp;d;</code>,1,0.0003589
313,ateon,<code>ateon</code>,1,0.0003589
313,atter,<code>atter</code>,1,0.0003589
313,attor,<code>attor</code>,1,0.0003589
313,awend,<code>awend</code>,1,0.0003589
313,awurpan,<code>awurpan</code>,1,0.0003589
313,awyriedne,<code>awyriedne</code>,1,0.0003589
313,b&aelig;d,<code>b&amp;ae;d</code>,1,0.0003589
313,babilonia,<code>babilonia</code>,1,0.0003589
313,bane,<code>bane</code>,1,0.0003589
313,basingas,<code>basingas</code>,1,0.0003589
313,bead,<code>bead</code>,1,0.0003589
313,bebeoda&eth;,<code>bebeoda&amp;d;</code>,1,0.0003589
313,bebeode,<code>bebeode</code>,1,0.0003589
313,becuma&eth;,<code>becuma&amp;d;</code>,1,0.0003589
313,becuman,<code>becuman</code>,1,0.0003589
313,becume,<code>becume</code>,1,0.0003589
313,bed&aelig;lede,<code>bed&amp;ae;lede</code>,1,0.0003589
313,befran,<code>befran</code>,1,0.0003589
313,befrinan,<code>befrinan</code>,1,0.0003589
313,befrunon,<code>befrunon</code>,1,0.0003589
313,begymdon,<code>begymdon</code>,1,0.0003589
313,begyta&eth;,<code>begyta&amp;d;</code>,1,0.0003589
313,behat,<code>behat</code>,1,0.0003589
313,behata&eth;,<code>behata&amp;d;</code>,1,0.0003589
313,behate,<code>behate</code>,1,0.0003589
313,beheton,<code>beheton</code>,1,0.0003589
313,behofia&eth;,<code>behofia&amp;d;</code>,1,0.0003589
313,beon,<code>beon</code>,1,0.0003589
313,bep&aelig;cend,<code>bep&amp;ae;cend</code>,1,0.0003589
313,bep&aelig;hte,<code>bep&amp;ae;hte</code>,1,0.0003589
313,beran,<code>beran</code>,1,0.0003589
313,bereafode,<code>bereafode</code>,1,0.0003589
313,besmat,<code>besmat</code>,1,0.0003589
313,besmiton,<code>besmiton</code>,1,0.0003589
313,beswic&eth;,<code>beswic&amp;d;</code>,1,0.0003589
313,beswican,<code>beswican</code>,1,0.0003589
313,bet&aelig;hton,<code>bet&amp;ae;hton</code>,1,0.0003589
313,betogen,<code>betogen</code>,1,0.0003589
313,beworhte,<code>beworhte</code>,1,0.0003589
313,biddan,<code>biddan</code>,1,0.0003589
313,biddenne,<code>biddenne</code>,1,0.0003589
313,bigelsas,<code>bigelsas</code>,1,0.0003589
313,blace,<code>blace</code>,1,0.0003589
313,bletsodon,<code>bletsodon</code>,1,0.0003589
313,bletsunge,<code>bletsunge</code>,1,0.0003589
313,bli&eth;um,<code>bli&amp;d;um</code>,1,0.0003589
313,blindan,<code>blindan</code>,1,0.0003589
313,blod,<code>blod</code>,1,0.0003589
313,bocum,<code>bocum</code>,1,0.0003589
313,bodan,<code>bodan</code>,1,0.0003589
313,bodia&eth;,<code>bodia&amp;d;</code>,1,0.0003589
313,bodigende,<code>bodigende</code>,1,0.0003589
313,bododon,<code>bododon</code>,1,0.0003589
313,bugon,<code>bugon</code>,1,0.0003589
313,burgum,<code>burgum</code>,1,0.0003589
313,burh,<code>burh</code>,1,0.0003589
313,bylde,<code>bylde</code>,1,0.0003589
313,ceowenne,<code>ceowenne</code>,1,0.0003589
313,cepon,<code>cepon</code>,1,0.0003589
313,cilde,<code>cilde</code>,1,0.0003589
313,cl&aelig;ne,<code>cl&amp;ae;ne</code>,1,0.0003589
313,clypian,<code>clypian</code>,1,0.0003589
313,clypigan,<code>clypigan</code>,1,0.0003589
313,clypigende,<code>clypigende</code>,1,0.0003589
313,clypode,<code>clypode</code>,1,0.0003589
313,cneowe,<code>cneowe</code>,1,0.0003589
313,cola,<code>cola</code>,1,0.0003589
313,com,<code>com</code>,1,0.0003589
313,come,<code>come</code>,1,0.0003589
313,cr&aelig;fte,<code>cr&amp;ae;fte</code>,1,0.0003589
313,creopende,<code>creopende</code>,1,0.0003589
313,cuce,<code>cuce</code>,1,0.0003589
313,cumene,<code>cumene</code>,1,0.0003589
313,cwe&eth;,<code>cwe&amp;d;</code>,1,0.0003589
313,cwe&eth;an,<code>cwe&amp;d;an</code>,1,0.0003589
313,cy&eth;a&eth;,<code>cy&amp;d;a&amp;d;</code>,1,0.0003589
313,cy&eth;an,<code>cy&amp;d;an</code>,1,0.0003589
313,cyng,<code>cyng</code>,1,0.0003589
313,cynges,<code>cynges</code>,1,0.0003589
313,cyninges,<code>cyninges</code>,1,0.0003589
313,cyre,<code>cyre</code>,1,0.0003589
313,d&aelig;glanges,<code>d&amp;ae;glanges</code>,1,0.0003589
313,dagas,<code>dagas</code>,1,0.0003589
313,deadan,<code>deadan</code>,1,0.0003589
313,deafum,<code>deafum</code>,1,0.0003589
313,dear,<code>dear</code>,1,0.0003589
313,deofl,<code>deofl</code>,1,0.0003589
313,deofla,<code>deofla</code>,1,0.0003589
313,deofolgild,<code>deofolgild</code>,1,0.0003589
313,deofolgilde,<code>deofolgilde</code>,1,0.0003589
313,derian,<code>derian</code>,1,0.0003589
313,diacona,<code>diacona</code>,1,0.0003589
313,diaconas,<code>diaconas</code>,1,0.0003589
313,dolhswa&eth;u,<code>dolhswa&amp;d;u</code>,1,0.0003589
313,don,<code>don</code>,1,0.0003589
313,drihten,<code>drihten</code>,1,0.0003589
313,drihtnes,<code>drihtnes</code>,1,0.0003589
313,dryum,<code>dryum</code>,1,0.0003589
313,dust,<code>dust</code>,1,0.0003589
313,dweliende,<code>dweliende</code>,1,0.0003589
313,dwelodon,<code>dwelodon</code>,1,0.0003589
313,eadiga,<code>eadiga</code>,1,0.0003589
313,eahtahyrnede,<code>eahtahyrnede</code>,1,0.0003589
313,eala,<code>eala</code>,1,0.0003589
313,eald,<code>eald</code>,1,0.0003589
313,ealdormen,<code>ealdormen</code>,1,0.0003589
313,eall,<code>eall</code>,1,0.0003589
313,ealles,<code>ealles</code>,1,0.0003589
313,ealre,<code>ealre</code>,1,0.0003589
313,ealswa,<code>ealswa</code>,1,0.0003589
313,ebreiscum,<code>ebreiscum</code>,1,0.0003589
313,ece,<code>ece</code>,1,0.0003589
313,efsta&eth;,<code>efsta&amp;d;</code>,1,0.0003589
313,ele,<code>ele</code>,1,0.0003589
313,endebyrdnysse,<code>endebyrdnysse</code>,1,0.0003589
313,endemes,<code>endemes</code>,1,0.0003589
313,engla,<code>engla</code>,1,0.0003589
313,engle,<code>engle</code>,1,0.0003589
313,eodon,<code>eodon</code>,1,0.0003589
313,eor&eth;licera,<code>eor&amp;d;licera</code>,1,0.0003589
313,eoweres,<code>eoweres</code>,1,0.0003589
313,eowerne,<code>eowerne</code>,1,0.0003589
313,et,<code>et</code>,1,0.0003589
313,eufrosinus,<code>eufrosinus</code>,1,0.0003589
313,eutropus,<code>eutropus</code>,1,0.0003589
313,f&aelig;rlican,<code>f&amp;ae;rlican</code>,1,0.0003589
313,f&aelig;rlice,<code>f&amp;ae;rlice</code>,1,0.0003589
313,faran,<code>faran</code>,1,0.0003589
313,faron,<code>faron</code>,1,0.0003589
313,feallan,<code>feallan</code>,1,0.0003589
313,feoh,<code>feoh</code>,1,0.0003589
313,feond,<code>feond</code>,1,0.0003589
313,feorme,<code>feorme</code>,1,0.0003589
313,feower,<code>feower</code>,1,0.0003589
313,feowertigheo,<code>feowertigheo</code>,1,0.0003589
313,ferde,<code>ferde</code>,1,0.0003589
313,fi&eth;erscitum,<code>fi&amp;d;erscitum</code>,1,0.0003589
313,fl&aelig;sc,<code>fl&amp;ae;sc</code>,1,0.0003589
313,fla,<code>fla</code>,1,0.0003589
313,fleah,<code>fleah</code>,1,0.0003589
313,fleames,<code>fleames</code>,1,0.0003589
313,fleo&eth;,<code>fleo&amp;d;</code>,1,0.0003589
313,flugon,<code>flugon</code>,1,0.0003589
313,folgian,<code>folgian</code>,1,0.0003589
313,folgode,<code>folgode</code>,1,0.0003589
313,foran,<code>foran</code>,1,0.0003589
313,foranheafdu,<code>foranheafdu</code>,1,0.0003589
313,forb&aelig;rnan,<code>forb&amp;ae;rnan</code>,1,0.0003589
313,forb&aelig;rnde,<code>forb&amp;ae;rnde</code>,1,0.0003589
313,fordeman,<code>fordeman</code>,1,0.0003589
313,forfaran,<code>forfaran</code>,1,0.0003589
313,forgeaf,<code>forgeaf</code>,1,0.0003589
313,forgeafon,<code>forgeafon</code>,1,0.0003589
313,forgifa&eth;,<code>forgifa&amp;d;</code>,1,0.0003589
313,forgylda&eth;,<code>forgylda&amp;d;</code>,1,0.0003589
313,forhtode,<code>forhtode</code>,1,0.0003589
313,forl&aelig;t,<code>forl&amp;ae;t</code>,1,0.0003589
313,forl&aelig;ta&eth;,<code>forl&amp;ae;ta&amp;d;</code>,1,0.0003589
313,forl&aelig;ton,<code>forl&amp;ae;ton</code>,1,0.0003589
313,forligr,<code>forligr</code>,1,0.0003589
313,forligres,<code>forligres</code>,1,0.0003589
313,fornean,<code>fornean</code>,1,0.0003589
313,forseo&eth;,<code>forseo&amp;d;</code>,1,0.0003589
313,forsewene,<code>forsewene</code>,1,0.0003589
313,forspreca&eth;,<code>forspreca&amp;d;</code>,1,0.0003589
313,frynd,<code>frynd</code>,1,0.0003589
313,fulan,<code>fulan</code>,1,0.0003589
313,fulre,<code>fulre</code>,1,0.0003589
313,fultumige,<code>fultumige</code>,1,0.0003589
313,fyl&eth;e,<code>fyl&amp;d;e</code>,1,0.0003589
313,fyligdon,<code>fyligdon</code>,1,0.0003589
313,fyrdinge,<code>fyrdinge</code>,1,0.0003589
313,gafelgyldrum,<code>gafelgyldrum</code>,1,0.0003589
313,gafole,<code>gafole</code>,1,0.0003589
313,gafolgylderas,<code>gafolgylderas</code>,1,0.0003589
313,gan,<code>gan</code>,1,0.0003589
313,gang,<code>gang</code>,1,0.0003589
313,gast,<code>gast</code>,1,0.0003589
313,gastes,<code>gastes</code>,1,0.0003589
313,ge&eth;afia&eth;,<code>ge&amp;d;afia&amp;d;</code>,1,0.0003589
313,ge&eth;uhte,<code>ge&amp;d;uhte</code>,1,0.0003589
313,gear,<code>gear</code>,1,0.0003589
313,gearum,<code>gearum</code>,1,0.0003589
313,gearwur&eth;ian,<code>gearwur&amp;d;ian</code>,1,0.0003589
313,geaxodon,<code>geaxodon</code>,1,0.0003589
313,gebletsodon,<code>gebletsodon</code>,1,0.0003589
313,gebringan,<code>gebringan</code>,1,0.0003589
313,gebroht,<code>gebroht</code>,1,0.0003589
313,gebrohton,<code>gebrohton</code>,1,0.0003589
313,gebyra&eth;,<code>gebyra&amp;d;</code>,1,0.0003589
313,gebysmria&eth;,<code>gebysmria&amp;d;</code>,1,0.0003589
313,geceosa&eth;,<code>geceosa&amp;d;</code>,1,0.0003589
313,gecigde,<code>gecigde</code>,1,0.0003589
313,gecigenne,<code>gecigenne</code>,1,0.0003589
313,gecl&aelig;nsodon,<code>gecl&amp;ae;nsodon</code>,1,0.0003589
313,gecweden,<code>gecweden</code>,1,0.0003589
313,gecyrrenne,<code>gecyrrenne</code>,1,0.0003589
313,gedafena&eth;,<code>gedafena&amp;d;</code>,1,0.0003589
313,gedo&eth;,<code>gedo&amp;d;</code>,1,0.0003589
313,gedrehtan,<code>gedrehtan</code>,1,0.0003589
313,gedwyld,<code>gedwyld</code>,1,0.0003589
313,geendode,<code>geendode</code>,1,0.0003589
313,gefeohte,<code>gefeohte</code>,1,0.0003589
313,geflit,<code>geflit</code>,1,0.0003589
313,gefullodon,<code>gefullodon</code>,1,0.0003589
313,gefylde,<code>gefylde</code>,1,0.0003589
313,geh&aelig;fta&eth;,<code>geh&amp;ae;fta&amp;d;</code>,1,0.0003589
313,geh&aelig;led,<code>geh&amp;ae;led</code>,1,0.0003589
313,geh&aelig;lede,<code>geh&amp;ae;lede</code>,1,0.0003589
313,gehalgod,<code>gehalgod</code>,1,0.0003589
313,gehatene,<code>gehatene</code>,1,0.0003589
313,gehreman,<code>gehreman</code>,1,0.0003589
313,gehwilcere,<code>gehwilcere</code>,1,0.0003589
313,gehyrde,<code>gehyrde</code>,1,0.0003589
313,gehyrte,<code>gehyrte</code>,1,0.0003589
313,gel&aelig;st,<code>gel&amp;ae;st</code>,1,0.0003589
313,gelangian,<code>gelangian</code>,1,0.0003589
313,geleafleaste,<code>geleafleaste</code>,1,0.0003589
313,gelicnyssum,<code>gelicnyssum</code>,1,0.0003589
313,gemacodon,<code>gemacodon</code>,1,0.0003589
313,gemartirod,<code>gemartirod</code>,1,0.0003589
313,gemete,<code>gemete</code>,1,0.0003589
313,genihtsuma&eth;,<code>genihtsuma&amp;d;</code>,1,0.0003589
313,genydne,<code>genydne</code>,1,0.0003589
313,geriman,<code>geriman</code>,1,0.0003589
313,gesawe,<code>gesawe</code>,1,0.0003589
313,gesawon,<code>gesawon</code>,1,0.0003589
313,gesceafta,<code>gesceafta</code>,1,0.0003589
313,gesceat,<code>gesceat</code>,1,0.0003589
313,gescoten,<code>gescoten</code>,1,0.0003589
313,gescynde,<code>gescynde</code>,1,0.0003589
313,geseah,<code>geseah</code>,1,0.0003589
313,geseo&eth;,<code>geseo&amp;d;</code>,1,0.0003589
313,gesette,<code>gesette</code>,1,0.0003589
313,gesetton,<code>gesetton</code>,1,0.0003589
313,gesih&eth;e,<code>gesih&amp;d;e</code>,1,0.0003589
313,geslit,<code>geslit</code>,1,0.0003589
313,geswencan,<code>geswencan</code>,1,0.0003589
313,geswicon,<code>geswicon</code>,1,0.0003589
313,gesyne,<code>gesyne</code>,1,0.0003589
313,getealde,<code>getealde</code>,1,0.0003589
313,getele,<code>getele</code>,1,0.0003589
313,getemedon,<code>getemedon</code>,1,0.0003589
313,getimbrunge,<code>getimbrunge</code>,1,0.0003589
313,getingelice,<code>getingelice</code>,1,0.0003589
313,getrymminge,<code>getrymminge</code>,1,0.0003589
313,gewema&eth;,<code>gewema&amp;d;</code>,1,0.0003589
313,gewendon,<code>gewendon</code>,1,0.0003589
313,gewinnes,<code>gewinnes</code>,1,0.0003589
313,gewissode,<code>gewissode</code>,1,0.0003589
313,gewit,<code>gewit</code>,1,0.0003589
313,gewita&eth;,<code>gewita&amp;d;</code>,1,0.0003589
313,gewitnysse,<code>gewitnysse</code>,1,0.0003589
313,geworht,<code>geworht</code>,1,0.0003589
313,geworhte,<code>geworhte</code>,1,0.0003589
313,geworhton,<code>geworhton</code>,1,0.0003589
313,gewrit,<code>gewrit</code>,1,0.0003589
313,geyrsode,<code>geyrsode</code>,1,0.0003589
313,godnysse,<code>godnysse</code>,1,0.0003589
313,godspel,<code>godspel</code>,1,0.0003589
313,godspellere,<code>godspellere</code>,1,0.0003589
313,goldes,<code>goldes</code>,1,0.0003589
313,grama,<code>grama</code>,1,0.0003589
313,graman,<code>graman</code>,1,0.0003589
313,greciscum,<code>greciscum</code>,1,0.0003589
313,grimetedon,<code>grimetedon</code>,1,0.0003589
313,grimetian,<code>grimetian</code>,1,0.0003589
313,gylde,<code>gylde</code>,1,0.0003589
313,gyldenum,<code>gyldenum</code>,1,0.0003589
313,gyrstond&aelig;g,<code>gyrstond&amp;ae;g</code>,1,0.0003589
313,h&aelig;&eth;ene,<code>h&amp;ae;&amp;d;ene</code>,1,0.0003589
313,h&aelig;&eth;engildum,<code>h&amp;ae;&amp;d;engildum</code>,1,0.0003589
313,h&aelig;&eth;engylda,<code>h&amp;ae;&amp;d;engylda</code>,1,0.0003589
313,h&aelig;&eth;enra,<code>h&amp;ae;&amp;d;enra</code>,1,0.0003589
313,h&aelig;bbe,<code>h&amp;ae;bbe</code>,1,0.0003589
313,h&aelig;bbenne,<code>h&amp;ae;bbenne</code>,1,0.0003589
313,h&aelig;f&eth;,<code>h&amp;ae;f&amp;d;</code>,1,0.0003589
313,h&aelig;fde,<code>h&amp;ae;fde</code>,1,0.0003589
313,h&aelig;l&eth;e,<code>h&amp;ae;l&amp;d;e</code>,1,0.0003589
313,h&aelig;le,<code>h&amp;ae;le</code>,1,0.0003589
313,h&aelig;lend,<code>h&amp;ae;lend</code>,1,0.0003589
313,h&aelig;sum,<code>h&amp;ae;sum</code>,1,0.0003589
313,hadodon,<code>hadodon</code>,1,0.0003589
313,hafenleasum,<code>hafenleasum</code>,1,0.0003589
313,hale,<code>hale</code>,1,0.0003589
313,halgan,<code>halgan</code>,1,0.0003589
313,halgum,<code>halgum</code>,1,0.0003589
313,halig,<code>halig</code>,1,0.0003589
313,halige,<code>halige</code>,1,0.0003589
313,halsia&eth;,<code>halsia&amp;d;</code>,1,0.0003589
313,hate,<code>hate</code>,1,0.0003589
313,hatte,<code>hatte</code>,1,0.0003589
313,heafod,<code>heafod</code>,1,0.0003589
313,heafodbyrig,<code>heafodbyrig</code>,1,0.0003589
313,heah,<code>heah</code>,1,0.0003589
313,heofenlice,<code>heofenlice</code>,1,0.0003589
313,heorte,<code>heorte</code>,1,0.0003589
313,her,<code>her</code>,1,0.0003589
313,here,<code>here</code>,1,0.0003589
313,heretoga,<code>heretoga</code>,1,0.0003589
313,hire,<code>hire</code>,1,0.0003589
313,hlaf,<code>hlaf</code>,1,0.0003589
313,hliha&eth;,<code>hliha&amp;d;</code>,1,0.0003589
313,hlogon,<code>hlogon</code>,1,0.0003589
313,hlyst,<code>hlyst</code>,1,0.0003589
313,horsum,<code>horsum</code>,1,0.0003589
313,hr&aelig;dlice,<code>hr&amp;ae;dlice</code>,1,0.0003589
313,hre&eth;e,<code>hre&amp;d;e</code>,1,0.0003589
313,hrepode,<code>hrepode</code>,1,0.0003589
313,hrymdon,<code>hrymdon</code>,1,0.0003589
313,hundseofontig,<code>hundseofontig</code>,1,0.0003589
313,huse,<code>huse</code>,1,0.0003589
313,hw&aelig;&eth;er,<code>hw&amp;ae;&amp;d;er</code>,1,0.0003589
313,hwa,<code>hwa</code>,1,0.0003589
313,hwanon,<code>hwanon</code>,1,0.0003589
313,hwitum,<code>hwitum</code>,1,0.0003589
313,hyra,<code>hyra</code>,1,0.0003589
313,indiscum,<code>indiscum</code>,1,0.0003589
313,intingan,<code>intingan</code>,1,0.0003589
313,iude,<code>iude</code>,1,0.0003589
313,kalendas,<code>kalendas</code>,1,0.0003589
313,l&aelig;dan,<code>l&amp;ae;dan</code>,1,0.0003589
313,l&aelig;frum,<code>l&amp;ae;frum</code>,1,0.0003589
313,l&aelig;ran,<code>l&amp;ae;ran</code>,1,0.0003589
313,l&aelig;renne,<code>l&amp;ae;renne</code>,1,0.0003589
313,lagon,<code>lagon</code>,1,0.0003589
313,land,<code>land</code>,1,0.0003589
313,lange,<code>lange</code>,1,0.0003589
313,langlice,<code>langlice</code>,1,0.0003589
313,lareowes,<code>lareowes</code>,1,0.0003589
313,leasan,<code>leasan</code>,1,0.0003589
313,leasra,<code>leasra</code>,1,0.0003589
313,leasunga,<code>leasunga</code>,1,0.0003589
313,lefunge,<code>lefunge</code>,1,0.0003589
313,leofa&eth;,<code>leofa&amp;d;</code>,1,0.0003589
313,leofostan,<code>leofostan</code>,1,0.0003589
313,leorningcniht,<code>leorningcniht</code>,1,0.0003589
313,leorningcnihta,<code>leorningcnihta</code>,1,0.0003589
313,lice,<code>lice</code>,1,0.0003589
313,lifigendan,<code>lifigendan</code>,1,0.0003589
313,lige,<code>lige</code>,1,0.0003589
313,liget,<code>liget</code>,1,0.0003589
313,ligum,<code>ligum</code>,1,0.0003589
313,limum,<code>limum</code>,1,0.0003589
313,lufia&eth;,<code>lufia&amp;d;</code>,1,0.0003589
313,lyfte,<code>lyfte</code>,1,0.0003589
313,m&aelig;re,<code>m&amp;ae;re</code>,1,0.0003589
313,m&aelig;ssepreostas,<code>m&amp;ae;ssepreostas</code>,1,0.0003589
313,magas,<code>magas</code>,1,0.0003589
313,mancynn,<code>mancynn</code>,1,0.0003589
313,mancynnes,<code>mancynnes</code>,1,0.0003589
313,mannes,<code>mannes</code>,1,0.0003589
313,marmstanum,<code>marmstanum</code>,1,0.0003589
313,martirdomes,<code>martirdomes</code>,1,0.0003589
313,mearcia&eth;,<code>mearcia&amp;d;</code>,1,0.0003589
313,menn,<code>menn</code>,1,0.0003589
313,merigen,<code>merigen</code>,1,0.0003589
313,miccle,<code>miccle</code>,1,0.0003589
313,micele,<code>micele</code>,1,0.0003589
313,micelre,<code>micelre</code>,1,0.0003589
313,middan,<code>middan</code>,1,0.0003589
313,mildheorta,<code>mildheorta</code>,1,0.0003589
313,mildheortnysse,<code>mildheortnysse</code>,1,0.0003589
313,miltsige,<code>miltsige</code>,1,0.0003589
313,miltsunge,<code>miltsunge</code>,1,0.0003589
313,minum,<code>minum</code>,1,0.0003589
313,mislicum,<code>mislicum</code>,1,0.0003589
313,mode,<code>mode</code>,1,0.0003589
313,mon&eth;um,<code>mon&amp;d;um</code>,1,0.0003589
313,mona&eth;,<code>mona&amp;d;</code>,1,0.0003589
313,moton,<code>moton</code>,1,0.0003589
313,mynegia&eth;,<code>mynegia&amp;d;</code>,1,0.0003589
313,n&aelig;ddrena,<code>n&amp;ae;ddrena</code>,1,0.0003589
313,n&aelig;fre,<code>n&amp;ae;fre</code>,1,0.0003589
313,n&aelig;nne,<code>n&amp;ae;nne</code>,1,0.0003589
313,n&aelig;ron,<code>n&amp;ae;ron</code>,1,0.0003589
313,n&aelig;s,<code>n&amp;ae;s</code>,1,0.0003589
313,naht,<code>naht</code>,1,0.0003589
313,nahte,<code>nahte</code>,1,0.0003589
313,nane,<code>nane</code>,1,0.0003589
313,neadian,<code>neadian</code>,1,0.0003589
313,nele,<code>nele</code>,1,0.0003589
313,neo&eth;eweardan,<code>neo&amp;d;eweardan</code>,1,0.0003589
313,nextan,<code>nextan</code>,1,0.0003589
313,nicanor,<code>nicanor</code>,1,0.0003589
313,nihte,<code>nihte</code>,1,0.0003589
313,nis,<code>nis</code>,1,0.0003589
313,niwlice,<code>niwlice</code>,1,0.0003589
313,nolde,<code>nolde</code>,1,0.0003589
313,nouembris,<code>nouembris</code>,1,0.0003589
313,o&eth;er,<code>o&amp;d;er</code>,1,0.0003589
313,of&eth;ince,<code>of&amp;d;ince</code>,1,0.0003589
313,oferg&aelig;gednysse,<code>oferg&amp;ae;gednysse</code>,1,0.0003589
313,oferstodon,<code>oferstodon</code>,1,0.0003589
313,oferswi&eth;an,<code>oferswi&amp;d;an</code>,1,0.0003589
313,oferswy&eth;an,<code>oferswy&amp;d;an</code>,1,0.0003589
313,offrian,<code>offrian</code>,1,0.0003589
313,offrode,<code>offrode</code>,1,0.0003589
313,oft,<code>oft</code>,1,0.0003589
313,on&aelig;lan,<code>on&amp;ae;lan</code>,1,0.0003589
313,onbirigdon,<code>onbirigdon</code>,1,0.0003589
313,oncnawan,<code>oncnawan</code>,1,0.0003589
313,ongean,<code>ongean</code>,1,0.0003589
313,onlihtende,<code>onlihtende</code>,1,0.0003589
313,openum,<code>openum</code>,1,0.0003589
313,orfe,<code>orfe</code>,1,0.0003589
313,orm&aelig;te,<code>orm&amp;ae;te</code>,1,0.0003589
313,orm&aelig;tum,<code>orm&amp;ae;tum</code>,1,0.0003589
313,oxan,<code>oxan</code>,1,0.0003589
313,passio,<code>passio</code>,1,0.0003589
313,pund,<code>pund</code>,1,0.0003589
313,reafe,<code>reafe</code>,1,0.0003589
313,regol,<code>regol</code>,1,0.0003589
313,renas,<code>renas</code>,1,0.0003589
313,reoflige,<code>reoflige</code>,1,0.0003589
313,ricsa&eth;,<code>ricsa&amp;d;</code>,1,0.0003589
313,rixa&eth;,<code>rixa&amp;d;</code>,1,0.0003589
313,sagu,<code>sagu</code>,1,0.0003589
313,samod,<code>samod</code>,1,0.0003589
313,sanctorum,<code>sanctorum</code>,1,0.0003589
313,sawle,<code>sawle</code>,1,0.0003589
313,scealt,<code>scealt</code>,1,0.0003589
313,sceattas,<code>sceattas</code>,1,0.0003589
313,sceawian,<code>sceawian</code>,1,0.0003589
313,scep,<code>scep</code>,1,0.0003589
313,scincr&aelig;fte,<code>scincr&amp;ae;fte</code>,1,0.0003589
313,scinende,<code>scinende</code>,1,0.0003589
313,scire,<code>scire</code>,1,0.0003589
313,scoldest,<code>scoldest</code>,1,0.0003589
313,scortan,<code>scortan</code>,1,0.0003589
313,scufenne,<code>scufenne</code>,1,0.0003589
313,scuton,<code>scuton</code>,1,0.0003589
313,scyldigan,<code>scyldigan</code>,1,0.0003589
313,scyncr&aelig;fton,<code>scyncr&amp;ae;fton</code>,1,0.0003589
313,scyre,<code>scyre</code>,1,0.0003589
313,sealdon,<code>sealdon</code>,1,0.0003589
313,secga&eth;,<code>secga&amp;d;</code>,1,0.0003589
313,secgan,<code>secgan</code>,1,0.0003589
313,secge,<code>secge</code>,1,0.0003589
313,secgenne,<code>secgenne</code>,1,0.0003589
313,segene,<code>segene</code>,1,0.0003589
313,semmege,<code>semmege</code>,1,0.0003589
313,sende,<code>sende</code>,1,0.0003589
313,sib,<code>sib</code>,1,0.0003589
313,silhearwan,<code>silhearwan</code>,1,0.0003589
313,simones,<code>simones</code>,1,0.0003589
313,simonis,<code>simonis</code>,1,0.0003589
313,six,<code>six</code>,1,0.0003589
313,smyltnys,<code>smyltnys</code>,1,0.0003589
313,so&eth;,<code>so&amp;d;</code>,1,0.0003589
313,so&eth;f&aelig;ste,<code>so&amp;d;f&amp;ae;ste</code>,1,0.0003589
313,sprece,<code>sprece</code>,1,0.0003589
313,stent,<code>stent</code>,1,0.0003589
313,steopbearnum,<code>steopbearnum</code>,1,0.0003589
313,sticia&eth;,<code>sticia&amp;d;</code>,1,0.0003589
313,sticodon,<code>sticodon</code>,1,0.0003589
313,stille,<code>stille</code>,1,0.0003589
313,stilnysse,<code>stilnysse</code>,1,0.0003589
313,stowe,<code>stowe</code>,1,0.0003589
313,sucan,<code>sucan</code>,1,0.0003589
313,sumes,<code>sumes</code>,1,0.0003589
313,sumum,<code>sumum</code>,1,0.0003589
313,sweltendan,<code>sweltendan</code>,1,0.0003589
313,swilce,<code>swilce</code>,1,0.0003589
313,sy,<code>sy</code>,1,0.0003589
313,syl&eth;,<code>syl&amp;d;</code>,1,0.0003589
313,sylfne,<code>sylfne</code>,1,0.0003589
313,sylfum,<code>sylfum</code>,1,0.0003589
313,sylle,<code>sylle</code>,1,0.0003589
313,symle,<code>symle</code>,1,0.0003589
313,t&aelig;ca&eth;,<code>t&amp;ae;ca&amp;d;</code>,1,0.0003589
313,t&aelig;can,<code>t&amp;ae;can</code>,1,0.0003589
313,tacnum,<code>tacnum</code>,1,0.0003589
313,tame,<code>tame</code>,1,0.0003589
313,tawode,<code>tawode</code>,1,0.0003589
313,teala,<code>teala</code>,1,0.0003589
313,tealde,<code>tealde</code>,1,0.0003589
313,templ,<code>templ</code>,1,0.0003589
313,tide,<code>tide</code>,1,0.0003589
313,tintregum,<code>tintregum</code>,1,0.0003589
313,tob&aelig;rst,<code>tob&amp;ae;rst</code>,1,0.0003589
313,tobr&aelig;con,<code>tobr&amp;ae;con</code>,1,0.0003589
313,tobryt,<code>tobryt</code>,1,0.0003589
313,toceowenne,<code>toceowenne</code>,1,0.0003589
313,tocnawan,<code>tocnawan</code>,1,0.0003589
313,tocwyson,<code>tocwyson</code>,1,0.0003589
313,tocyme,<code>tocyme</code>,1,0.0003589
313,tod&aelig;g,<code>tod&amp;ae;g</code>,1,0.0003589
313,tod&aelig;l,<code>tod&amp;ae;l</code>,1,0.0003589
313,togeanes,<code>togeanes</code>,1,0.0003589
313,tomerigen,<code>tomerigen</code>,1,0.0003589
313,toslitan,<code>toslitan</code>,1,0.0003589
313,toweard,<code>toweard</code>,1,0.0003589
313,towearde,<code>towearde</code>,1,0.0003589
313,treowum,<code>treowum</code>,1,0.0003589
313,tugon,<code>tugon</code>,1,0.0003589
313,tungan,<code>tungan</code>,1,0.0003589
313,twa,<code>twa</code>,1,0.0003589
313,twam,<code>twam</code>,1,0.0003589
313,twelf,<code>twelf</code>,1,0.0003589
313,twentig,<code>twentig</code>,1,0.0003589
313,tyn,<code>tyn</code>,1,0.0003589
313,ufweardan,<code>ufweardan</code>,1,0.0003589
313,unbesorge,<code>unbesorge</code>,1,0.0003589
313,undeadlicnys,<code>undeadlicnys</code>,1,0.0003589
313,under&eth;eodan,<code>under&amp;d;eodan</code>,1,0.0003589
313,underfeng,<code>underfeng</code>,1,0.0003589
313,underfo&eth;,<code>underfo&amp;d;</code>,1,0.0003589
313,undern,<code>undern</code>,1,0.0003589
313,ungebletsode,<code>ungebletsode</code>,1,0.0003589
313,ungerimum,<code>ungerimum</code>,1,0.0003589
313,unrihtwisnysse,<code>unrihtwisnysse</code>,1,0.0003589
313,unsc&aelig;&eth;&eth;igan,<code>unsc&amp;ae;&amp;d;&amp;d;igan</code>,1,0.0003589
313,unsc&aelig;&eth;&eth;ige,<code>unsc&amp;ae;&amp;d;&amp;d;ige</code>,1,0.0003589
313,upplican,<code>upplican</code>,1,0.0003589
313,uppon,<code>uppon</code>,1,0.0003589
313,ures,<code>ures</code>,1,0.0003589
313,urnon,<code>urnon</code>,1,0.0003589
313,uton,<code>uton</code>,1,0.0003589
313,v,<code>v</code>,1,0.0003589
313,w&aelig;re,<code>w&amp;ae;re</code>,1,0.0003589
313,w&aelig;stmas,<code>w&amp;ae;stmas</code>,1,0.0003589
313,w&aelig;tes,<code>w&amp;ae;tes</code>,1,0.0003589
313,wanhalum,<code>wanhalum</code>,1,0.0003589
313,wanunge,<code>wanunge</code>,1,0.0003589
313,welan,<code>welan</code>,1,0.0003589
313,weld&aelig;da,<code>weld&amp;ae;da</code>,1,0.0003589
313,weop,<code>weop</code>,1,0.0003589
313,weorcum,<code>weorcum</code>,1,0.0003589
313,wer,<code>wer</code>,1,0.0003589
313,wi&eth;,<code>wi&amp;d;</code>,1,0.0003589
313,wi&eth;cw&aelig;don,<code>wi&amp;d;cw&amp;ae;don</code>,1,0.0003589
313,wi&eth;sacan,<code>wi&amp;d;sacan</code>,1,0.0003589
313,wi&eth;socon,<code>wi&amp;d;socon</code>,1,0.0003589
313,willa&eth;,<code>willa&amp;d;</code>,1,0.0003589
313,wilt,<code>wilt</code>,1,0.0003589
313,win,<code>win</code>,1,0.0003589
313,wissunge,<code>wissunge</code>,1,0.0003589
313,wite,<code>wite</code>,1,0.0003589
313,wittseocum,<code>wittseocum</code>,1,0.0003589
313,woldon,<code>woldon</code>,1,0.0003589
313,word,<code>word</code>,1,0.0003589
313,worda,<code>worda</code>,1,0.0003589
313,worde,<code>worde</code>,1,0.0003589
313,woruld,<code>woruld</code>,1,0.0003589
313,worulda,<code>worulda</code>,1,0.0003589
313,wuhta,<code>wuhta</code>,1,0.0003589
313,wulfas,<code>wulfas</code>,1,0.0003589
313,wund,<code>wund</code>,1,0.0003589
313,wunda,<code>wunda</code>,1,0.0003589
313,wundor,<code>wundor</code>,1,0.0003589
313,wundrodon,<code>wundrodon</code>,1,0.0003589
313,wunian,<code>wunian</code>,1,0.0003589
313,wununge,<code>wununge</code>,1,0.0003589
313,wur&eth;ian,<code>wur&amp;d;ian</code>,1,0.0003589
313,wur&eth;ion,<code>wur&amp;d;ion</code>,1,0.0003589
313,wydewum,<code>wydewum</code>,1,0.0003589
313,wyle,<code>wyle</code>,1,0.0003589
313,wyrcende,<code>wyrcende</code>,1,0.0003589
313,wyresta,<code>wyresta</code>,1,0.0003589
313,ydelum,<code>ydelum</code>,1,0.0003589
313,yfel,<code>yfel</code>,1,0.0003589
313,ylca,<code>ylca</code>,1,0.0003589
313,ylcan,<code>ylcan</code>,1,0.0003589
313,ymbe,<code>ymbe</code>,1,0.0003589
313,ymbeganges,<code>ymbeganges</code>,1,0.0003589
313,zaroen,<code>zaroen</code>,1,0.0003589
313,zebeus,<code>zebeus</code>,1,0.0003589
