B_Prose,B01,B01.001.018.004_AECHom_I__16__App__T02240.txt,320,228,626
RANK,HTML WORD,RAW WORD,COUNT,RELATIVE FREQUENCY
1,&amp;,<code>&amp;amp;</code>,29,0.0463259
2,on,<code>on</code>,22,0.0351438
3,swa,<code>swa</code>,19,0.0303514
4,of,<code>of</code>,13,0.0207668
5,to,<code>to</code>,12,0.0191693
6,hi,<code>hi</code>,11,0.0175719
7,&eth;e,<code>&amp;d;e</code>,10,0.0159744
7,we,<code>we</code>,10,0.0159744
9,&thorn;e,<code>&amp;t;e</code>,9,0.0143770
9,he,<code>he</code>,9,0.0143770
11,&thorn;&aelig;t,<code>&amp;t;&amp;ae;t</code>,8,0.0127796
11,&thorn;am,<code>&amp;t;am</code>,8,0.0127796
13,&aelig;r,<code>&amp;ae;r</code>,7,0.0111821
13,&thorn;onne,<code>&amp;t;onne</code>,7,0.0111821
13,beo&eth;,<code>beo&amp;d;</code>,7,0.0111821
16,&thorn;a,<code>&amp;t;a</code>,6,0.0095847
16,duste,<code>duste</code>,6,0.0095847
16,ealle,<code>ealle</code>,6,0.0095847
16,eft,<code>eft</code>,6,0.0095847
16,ic,<code>ic</code>,6,0.0095847
21,&aelig;fre,<code>&amp;ae;fre</code>,5,0.0079872
21,&thorn;urh,<code>&amp;t;urh</code>,5,0.0079872
21,hw&aelig;r,<code>hw&amp;ae;r</code>,5,0.0079872
21,us,<code>us</code>,5,0.0079872
25,&eth;a,<code>&amp;d;a</code>,4,0.0063898
25,&eth;am,<code>&amp;d;am</code>,4,0.0063898
25,&thorn;as,<code>&amp;t;as</code>,4,0.0063898
25,is,<code>is</code>,4,0.0063898
25,man,<code>man</code>,4,0.0063898
25,se,<code>se</code>,4,0.0063898
25,urum,<code>urum</code>,4,0.0063898
32,&aelig;fter,<code>&amp;ae;fter</code>,3,0.0047923
32,&eth;one,<code>&amp;d;one</code>,3,0.0047923
32,acucia&eth;,<code>acucia&amp;d;</code>,3,0.0047923
32,be,<code>be</code>,3,0.0047923
32,cr&aelig;fte,<code>cr&amp;ae;fte</code>,3,0.0047923
32,dea&eth;e,<code>dea&amp;d;e</code>,3,0.0047923
32,drihten,<code>drihten</code>,3,0.0047923
32,fela,<code>fela</code>,3,0.0047923
32,fugol,<code>fugol</code>,3,0.0047923
32,full,<code>full</code>,3,0.0047923
32,geara,<code>geara</code>,3,0.0047923
32,him,<code>him</code>,3,0.0047923
32,his,<code>his</code>,3,0.0047923
32,nelle,<code>nelle</code>,3,0.0047923
32,nu,<code>nu</code>,3,0.0047923
32,o&eth;,<code>o&amp;d;</code>,3,0.0047923
32,o&eth;&eth;e,<code>o&amp;d;&amp;d;e</code>,3,0.0047923
49,&aelig;riste,<code>&amp;ae;riste</code>,2,0.0031949
49,&eth;&aelig;t,<code>&amp;d;&amp;ae;t</code>,2,0.0031949
49,&eth;onne,<code>&amp;d;onne</code>,2,0.0031949
49,&thorn;one,<code>&amp;t;one</code>,2,0.0031949
49,arisan,<code>arisan</code>,2,0.0031949
49,bec,<code>bec</code>,2,0.0031949
49,crist,<code>crist</code>,2,0.0031949
49,cuce,<code>cuce</code>,2,0.0031949
49,d&aelig;ge,<code>d&amp;ae;ge</code>,2,0.0031949
49,de&thorn;,<code>de&amp;t;</code>,2,0.0031949
49,deade,<code>deade</code>,2,0.0031949
49,dust,<code>dust</code>,2,0.0031949
49,ea&eth;elice,<code>ea&amp;d;elice</code>,2,0.0031949
49,eac,<code>eac</code>,2,0.0031949
49,eallne,<code>eallne</code>,2,0.0031949
49,eallswa,<code>eallswa</code>,2,0.0031949
49,ecan,<code>ecan</code>,2,0.0031949
49,endenextan,<code>endenextan</code>,2,0.0031949
49,for,<code>for</code>,2,0.0031949
49,geworhte,<code>geworhte</code>,2,0.0031949
49,gewyrcan,<code>gewyrcan</code>,2,0.0031949
49,h&aelig;bbe,<code>h&amp;ae;bbe</code>,2,0.0031949
49,hit,<code>hit</code>,2,0.0031949
49,hund,<code>hund</code>,2,0.0031949
49,life,<code>life</code>,2,0.0031949
49,lyfa&eth;,<code>lyfa&amp;d;</code>,2,0.0031949
49,m&aelig;ge,<code>m&amp;ae;ge</code>,2,0.0031949
49,mid,<code>mid</code>,2,0.0031949
49,o&eth;er,<code>o&amp;d;er</code>,2,0.0031949
49,ofer,<code>ofer</code>,2,0.0031949
49,sceolon,<code>sceolon</code>,2,0.0031949
49,sidan,<code>sidan</code>,2,0.0031949
49,sy&eth;&eth;an,<code>sy&amp;d;&amp;d;an</code>,2,0.0031949
49,syllicum,<code>syllicum</code>,2,0.0031949
49,timan,<code>timan</code>,2,0.0031949
49,ure,<code>ure</code>,2,0.0031949
49,wide,<code>wide</code>,2,0.0031949
49,winter,<code>winter</code>,2,0.0031949
49,wununga,<code>wununga</code>,2,0.0031949
49,wununge,<code>wununge</code>,2,0.0031949
49,wur&eth;a&eth;,<code>wur&amp;d;a&amp;d;</code>,2,0.0031949
49,wurmas,<code>wurmas</code>,2,0.0031949
49,wyrca&eth;,<code>wyrca&amp;d;</code>,2,0.0031949
49,ylcan,<code>ylcan</code>,2,0.0031949
93,&aelig;lc,<code>&amp;ae;lc</code>,1,0.0015974
93,&aelig;lce,<code>&amp;ae;lce</code>,1,0.0015974
93,&aelig;lcum,<code>&amp;ae;lcum</code>,1,0.0015974
93,&aelig;lmihtigan,<code>&amp;ae;lmihtigan</code>,1,0.0015974
93,&aelig;nigum,<code>&amp;ae;nigum</code>,1,0.0015974
93,&aelig;nlic,<code>&amp;ae;nlic</code>,1,0.0015974
93,&aelig;nlican,<code>&amp;ae;nlican</code>,1,0.0015974
93,&aelig;teowde,<code>&amp;ae;teowde</code>,1,0.0015974
93,&eth;&aelig;r,<code>&amp;d;&amp;ae;r</code>,1,0.0015974
93,&eth;&aelig;s,<code>&amp;d;&amp;ae;s</code>,1,0.0015974
93,&eth;an,<code>&amp;d;an</code>,1,0.0015974
93,&eth;ing,<code>&amp;d;ing</code>,1,0.0015974
93,&eth;isum,<code>&amp;d;isum</code>,1,0.0015974
93,&thorn;&aelig;r,<code>&amp;t;&amp;ae;r</code>,1,0.0015974
93,&thorn;&aelig;re,<code>&amp;t;&amp;ae;re</code>,1,0.0015974
93,&thorn;&aelig;s,<code>&amp;t;&amp;ae;s</code>,1,0.0015974
93,&thorn;an,<code>&amp;t;an</code>,1,0.0015974
93,&thorn;eode,<code>&amp;t;eode</code>,1,0.0015974
93,&thorn;issere,<code>&amp;t;issere</code>,1,0.0015974
93,&thorn;isum,<code>&amp;t;isum</code>,1,0.0015974
93,&thorn;reo,<code>&amp;t;reo</code>,1,0.0015974
93,acuca&eth;,<code>acuca&amp;d;</code>,1,0.0015974
93,acucode,<code>acucode</code>,1,0.0015974
93,adruwode,<code>adruwode</code>,1,0.0015974
93,afett,<code>afett</code>,1,0.0015974
93,agenum,<code>agenum</code>,1,0.0015974
93,an,<code>an</code>,1,0.0015974
93,ansunde,<code>ansunde</code>,1,0.0015974
93,ar&aelig;r&eth;,<code>ar&amp;ae;r&amp;d;</code>,1,0.0015974
93,ar&aelig;ran,<code>ar&amp;ae;ran</code>,1,0.0015974
93,arabiscre,<code>arabiscre</code>,1,0.0015974
93,arison,<code>arison</code>,1,0.0015974
93,ban,<code>ban</code>,1,0.0015974
93,be&eth;oht,<code>be&amp;d;oht</code>,1,0.0015974
93,beame,<code>beame</code>,1,0.0015974
93,beo,<code>beo</code>,1,0.0015974
93,beon,<code>beon</code>,1,0.0015974
93,bi&eth;,<code>bi&amp;d;</code>,1,0.0015974
93,blostman,<code>blostman</code>,1,0.0015974
93,butan,<code>butan</code>,1,0.0015974
93,bysen,<code>bysen</code>,1,0.0015974
93,bysne,<code>bysne</code>,1,0.0015974
93,casere,<code>casere</code>,1,0.0015974
93,caseres,<code>caseres</code>,1,0.0015974
93,cu&eth;,<code>cu&amp;d;</code>,1,0.0015974
93,cucia&eth;,<code>cucia&amp;d;</code>,1,0.0015974
93,cume,<code>cume</code>,1,0.0015974
93,cyle,<code>cyle</code>,1,0.0015974
93,d&aelig;da,<code>d&amp;ae;da</code>,1,0.0015974
93,dagum,<code>dagum</code>,1,0.0015974
93,dead,<code>dead</code>,1,0.0015974
93,deadan,<code>deadan</code>,1,0.0015974
93,decies,<code>decies</code>,1,0.0015974
93,deofollican,<code>deofollican</code>,1,0.0015974
93,dihsum,<code>dihsum</code>,1,0.0015974
93,domo,<code>domo</code>,1,0.0015974
93,drihtne,<code>drihtne</code>,1,0.0015974
93,drihtnes,<code>drihtnes</code>,1,0.0015974
93,ea&eth;e,<code>ea&amp;d;e</code>,1,0.0015974
93,ealdum,<code>ealdum</code>,1,0.0015974
93,eall,<code>eall</code>,1,0.0015974
93,eallra,<code>eallra</code>,1,0.0015974
93,eallum,<code>eallum</code>,1,0.0015974
93,ece,<code>ece</code>,1,0.0015974
93,ecum,<code>ecum</code>,1,0.0015974
93,edlean,<code>edlean</code>,1,0.0015974
93,eor&eth;an,<code>eor&amp;d;an</code>,1,0.0015974
93,f&aelig;c,<code>f&amp;ae;c</code>,1,0.0015974
93,f&aelig;der,<code>f&amp;ae;der</code>,1,0.0015974
93,f&aelig;reldes,<code>f&amp;ae;reldes</code>,1,0.0015974
93,faran,<code>faran</code>,1,0.0015974
93,fenix,<code>fenix</code>,1,0.0015974
93,fif,<code>fif</code>,1,0.0015974
93,fl&aelig;sce,<code>fl&amp;ae;sce</code>,1,0.0015974
93,fleogan,<code>fleogan</code>,1,0.0015974
93,fram,<code>fram</code>,1,0.0015974
93,fugolcynn,<code>fugolcynn</code>,1,0.0015974
93,fugole,<code>fugole</code>,1,0.0015974
93,fur&eth;on,<code>fur&amp;d;on</code>,1,0.0015974
93,fyrste,<code>fyrste</code>,1,0.0015974
93,geare,<code>geare</code>,1,0.0015974
93,geedcuca&eth;,<code>geedcuca&amp;d;</code>,1,0.0015974
93,gefi&eth;erhamod,<code>gefi&amp;d;erhamod</code>,1,0.0015974
93,gehaten,<code>gehaten</code>,1,0.0015974
93,gehwilcum,<code>gehwilcum</code>,1,0.0015974
93,gehwiss,<code>gehwiss</code>,1,0.0015974
93,geleafan,<code>geleafan</code>,1,0.0015974
93,gelyfde,<code>gelyfde</code>,1,0.0015974
93,geond,<code>geond</code>,1,0.0015974
93,geornlice,<code>geornlice</code>,1,0.0015974
93,geridan,<code>geridan</code>,1,0.0015974
93,gesawon,<code>gesawon</code>,1,0.0015974
93,gesceop,<code>gesceop</code>,1,0.0015974
93,gescop,<code>gescop</code>,1,0.0015974
93,gesewene,<code>gesewene</code>,1,0.0015974
93,gesih&eth;,<code>gesih&amp;d;</code>,1,0.0015974
93,geswutelian,<code>geswutelian</code>,1,0.0015974
93,gewideru,<code>gewideru</code>,1,0.0015974
93,geworhton,<code>geworhton</code>,1,0.0015974
93,gewrohton,<code>gewrohton</code>,1,0.0015974
93,gewyrhtum,<code>gewyrhtum</code>,1,0.0015974
93,gif,<code>gif</code>,1,0.0015974
93,god,<code>god</code>,1,0.0015974
93,goddspelle,<code>goddspelle</code>,1,0.0015974
93,godewebbe,<code>godewebbe</code>,1,0.0015974
93,h&aelig;lend,<code>h&amp;ae;lend</code>,1,0.0015974
93,halgan,<code>halgan</code>,1,0.0015974
93,heh&eth;,<code>heh&amp;d;</code>,1,0.0015974
93,heora,<code>heora</code>,1,0.0015974
93,hirede,<code>hirede</code>,1,0.0015974
93,hlafm&aelig;ssan,<code>hlafm&amp;ae;ssan</code>,1,0.0015974
93,hogige,<code>hogige</code>,1,0.0015974
93,hundseofantig,<code>hundseofantig</code>,1,0.0015974
93,huse,<code>huse</code>,1,0.0015974
93,hwile,<code>hwile</code>,1,0.0015974
93,hwilwendlican,<code>hwilwendlican</code>,1,0.0015974
93,hwite,<code>hwite</code>,1,0.0015974
93,hyra,<code>hyra</code>,1,0.0015974
93,in,<code>in</code>,1,0.0015974
93,inn,<code>inn</code>,1,0.0015974
93,land,<code>land</code>,1,0.0015974
93,lange,<code>lange</code>,1,0.0015974
93,langsumum,<code>langsumum</code>,1,0.0015974
93,leadenum,<code>leadenum</code>,1,0.0015974
93,leden,<code>leden</code>,1,0.0015974
93,lencten,<code>lencten</code>,1,0.0015974
93,li&eth;,<code>li&amp;d;</code>,1,0.0015974
93,li&eth;e,<code>li&amp;d;e</code>,1,0.0015974
93,licga&eth;,<code>licga&amp;d;</code>,1,0.0015974
93,lichaman,<code>lichaman</code>,1,0.0015974
93,lybban,<code>lybban</code>,1,0.0015974
93,lyfiendan,<code>lyfiendan</code>,1,0.0015974
93,lyfode,<code>lyfode</code>,1,0.0015974
93,lytel,<code>lytel</code>,1,0.0015974
93,lytlan,<code>lytlan</code>,1,0.0015974
93,m&aelig;g,<code>m&amp;ae;g</code>,1,0.0015974
93,magon,<code>magon</code>,1,0.0015974
93,mansiones,<code>mansiones</code>,1,0.0015974
93,me,<code>me</code>,1,0.0015974
93,mei,<code>mei</code>,1,0.0015974
93,menn,<code>menn</code>,1,0.0015974
93,mihte,<code>mihte</code>,1,0.0015974
93,mines,<code>mines</code>,1,0.0015974
93,mot,<code>mot</code>,1,0.0015974
93,multe,<code>multe</code>,1,0.0015974
93,myrran,<code>myrran</code>,1,0.0015974
93,naht,<code>naht</code>,1,0.0015974
93,nan,<code>nan</code>,1,0.0015974
93,ne,<code>ne</code>,1,0.0015974
93,neste,<code>neste</code>,1,0.0015974
93,of&aelig;tu,<code>of&amp;ae;tu</code>,1,0.0015974
93,oft,<code>oft</code>,1,0.0015974
93,onbutan,<code>onbutan</code>,1,0.0015974
93,ongean,<code>ongean</code>,1,0.0015974
93,p&aelig;llum,<code>p&amp;ae;llum</code>,1,0.0015974
93,patris,<code>patris</code>,1,0.0015974
93,pochum,<code>pochum</code>,1,0.0015974
93,purpurum,<code>purpurum</code>,1,0.0015974
93,r&aelig;dlic,<code>r&amp;ae;dlic</code>,1,0.0015974
93,s&aelig;cga&eth;,<code>s&amp;ae;cga&amp;d;</code>,1,0.0015974
93,s&aelig;de,<code>s&amp;ae;de</code>,1,0.0015974
93,sawulleas,<code>sawulleas</code>,1,0.0015974
93,secga&eth;,<code>secga&amp;d;</code>,1,0.0015974
93,seofan,<code>seofan</code>,1,0.0015974
93,sett,<code>sett</code>,1,0.0015974
93,sl&aelig;pe,<code>sl&amp;ae;pe</code>,1,0.0015974
93,sl&aelig;peras,<code>sl&amp;ae;peras</code>,1,0.0015974
93,slapa&eth;,<code>slapa&amp;d;</code>,1,0.0015974
93,slepon,<code>slepon</code>,1,0.0015974
93,so&eth;,<code>so&amp;d;</code>,1,0.0015974
93,so&eth;lice,<code>so&amp;d;lice</code>,1,0.0015974
93,store,<code>store</code>,1,0.0015974
93,sum,<code>sum</code>,1,0.0015974
93,sunnan,<code>sunnan</code>,1,0.0015974
93,sunt,<code>sunt</code>,1,0.0015974
93,swi&eth;e,<code>swi&amp;d;e</code>,1,0.0015974
93,swilce,<code>swilce</code>,1,0.0015974
93,swutol,<code>swutol</code>,1,0.0015974
93,swutole,<code>swutole</code>,1,0.0015974
93,syl&eth;,<code>syl&amp;d;</code>,1,0.0015974
93,sylf,<code>sylf</code>,1,0.0015974
93,sylfum,<code>sylfum</code>,1,0.0015974
93,syndon,<code>syndon</code>,1,0.0015974
93,theodosies,<code>theodosies</code>,1,0.0015974
93,tide,<code>tide</code>,1,0.0015974
93,togeanes,<code>togeanes</code>,1,0.0015974
93,treowcynne,<code>treowcynne</code>,1,0.0015974
93,treowum,<code>treowum</code>,1,0.0015974
93,twa,<code>twa</code>,1,0.0015974
93,underfon,<code>underfon</code>,1,0.0015974
93,unwis,<code>unwis</code>,1,0.0015974
93,upp,<code>upp</code>,1,0.0015974
93,uppon,<code>uppon</code>,1,0.0015974
93,ures,<code>ures</code>,1,0.0015974
93,w&aelig;ron,<code>w&amp;ae;ron</code>,1,0.0015974
93,w&aelig;s,<code>w&amp;ae;s</code>,1,0.0015974
93,wacan,<code>wacan</code>,1,0.0015974
93,wagum,<code>wagum</code>,1,0.0015974
93,weaxene,<code>weaxene</code>,1,0.0015974
93,wehst,<code>wehst</code>,1,0.0015974
93,wel,<code>wel</code>,1,0.0015974
93,weorc,<code>weorc</code>,1,0.0015974
93,weorcum,<code>weorcum</code>,1,0.0015974
93,wildeora,<code>wildeora</code>,1,0.0015974
93,winterlicre,<code>winterlicre</code>,1,0.0015974
93,winterlicum,<code>winterlicum</code>,1,0.0015974
93,wintra,<code>wintra</code>,1,0.0015974
93,wisan,<code>wisan</code>,1,0.0015974
93,wolde,<code>wolde</code>,1,0.0015974
93,woruld,<code>woruld</code>,1,0.0015974
93,worulde,<code>worulde</code>,1,0.0015974
93,wuna&eth;,<code>wuna&amp;d;</code>,1,0.0015974
93,wundorlicum,<code>wundorlicum</code>,1,0.0015974
93,wunia&eth;,<code>wunia&amp;d;</code>,1,0.0015974
93,wunian,<code>wunian</code>,1,0.0015974
93,wuniende,<code>wuniende</code>,1,0.0015974
93,wurmum,<code>wurmum</code>,1,0.0015974
93,wylle,<code>wylle</code>,1,0.0015974
93,wyr&eth;,<code>wyr&amp;d;</code>,1,0.0015974
93,wyrcan,<code>wyrcan</code>,1,0.0015974
93,wyrce,<code>wyrce</code>,1,0.0015974
93,wyrhtan,<code>wyrhtan</code>,1,0.0015974
93,wyrm,<code>wyrm</code>,1,0.0015974
93,wyrme,<code>wyrme</code>,1,0.0015974
93,wyrta,<code>wyrta</code>,1,0.0015974
93,wyrtbr&aelig;&thorn;um,<code>wyrtbr&amp;ae;&amp;t;um</code>,1,0.0015974
93,wyrtum,<code>wyrtum</code>,1,0.0015974
93,yfele,<code>yfele</code>,1,0.0015974
