B_Prose,B01,B01.001.005_AECHom_I__4_T02080.txt,1168,786,3090
RANK,HTML WORD,RAW WORD,COUNT,RELATIVE FREQUENCY
1,&amp;,<code>&amp;amp;</code>,178,0.0576052
2,&thorn;a,<code>&amp;t;a</code>,84,0.0271845
3,&thorn;&aelig;t,<code>&amp;t;&amp;ae;t</code>,75,0.0242718
4,on,<code>on</code>,71,0.0229773
5,to,<code>to</code>,64,0.0207120
6,he,<code>he</code>,63,0.0203883
7,se,<code>se</code>,54,0.0174757
8,mid,<code>mid</code>,52,0.0168285
9,his,<code>his</code>,41,0.0132686
10,hi,<code>hi</code>,35,0.0113269
11,&eth;a,<code>&amp;d;a</code>,29,0.0093851
11,&thorn;am,<code>&amp;t;am</code>,29,0.0093851
13,&thorn;e,<code>&amp;t;e</code>,28,0.0090615
13,swa,<code>swa</code>,28,0.0090615
15,apostol,<code>apostol</code>,27,0.0087379
16,godes,<code>godes</code>,25,0.0080906
16,him,<code>him</code>,25,0.0080906
18,ne,<code>ne</code>,23,0.0074434
19,&eth;am,<code>&amp;d;am</code>,22,0.0071197
19,&eth;e,<code>&amp;d;e</code>,22,0.0071197
21,iohannes,<code>iohannes</code>,21,0.0067961
22,w&aelig;s,<code>w&amp;ae;s</code>,19,0.0061489
23,for,<code>for</code>,17,0.0055016
23,ic,<code>ic</code>,17,0.0055016
23,is,<code>is</code>,17,0.0055016
26,cw&aelig;&eth;,<code>cw&amp;ae;&amp;d;</code>,16,0.0051780
27,ge,<code>ge</code>,15,0.0048544
27,heora,<code>heora</code>,15,0.0048544
27,me,<code>me</code>,15,0.0048544
30,&thorn;one,<code>&amp;t;one</code>,14,0.0045307
30,&thorn;u,<code>&amp;t;u</code>,14,0.0045307
30,&thorn;urh,<code>&amp;t;urh</code>,14,0.0045307
33,&thorn;&aelig;s,<code>&amp;t;&amp;ae;s</code>,13,0.0042071
34,be,<code>be</code>,12,0.0038835
34,ealle,<code>ealle</code>,12,0.0038835
34,of,<code>of</code>,12,0.0038835
37,hine,<code>hine</code>,11,0.0035599
37,naman,<code>naman</code>,11,0.0035599
39,&eth;u,<code>&amp;d;u</code>,10,0.0032362
39,ac,<code>ac</code>,10,0.0032362
39,nu,<code>nu</code>,10,0.0032362
42,eallum,<code>eallum</code>,9,0.0029126
42,eow,<code>eow</code>,9,0.0029126
44,&aelig;fter,<code>&amp;ae;fter</code>,8,0.0025890
44,&eth;&aelig;re,<code>&amp;d;&amp;ae;re</code>,8,0.0025890
44,&thorn;&aelig;re,<code>&amp;t;&amp;ae;re</code>,8,0.0025890
44,&thorn;as,<code>&amp;t;as</code>,8,0.0025890
44,&thorn;onne,<code>&amp;t;onne</code>,8,0.0025890
44,crist,<code>crist</code>,8,0.0025890
44,cristes,<code>cristes</code>,8,0.0025890
44,eft,<code>eft</code>,8,0.0025890
44,fram,<code>fram</code>,8,0.0025890
44,gode,<code>gode</code>,8,0.0025890
44,manna,<code>manna</code>,8,0.0025890
55,&thorn;&aelig;ra,<code>&amp;t;&amp;ae;ra</code>,7,0.0022654
55,bi&eth;,<code>bi&amp;d;</code>,7,0.0022654
55,drihten,<code>drihten</code>,7,0.0022654
55,god,<code>god</code>,7,0.0022654
55,h&aelig;lend,<code>h&amp;ae;lend</code>,7,0.0022654
55,halgan,<code>halgan</code>,7,0.0022654
55,wear&eth;,<code>wear&amp;d;</code>,7,0.0022654
62,&aelig;hta,<code>&amp;ae;hta</code>,6,0.0019417
62,&aelig;t,<code>&amp;ae;t</code>,6,0.0019417
62,&eth;&aelig;s,<code>&amp;d;&amp;ae;s</code>,6,0.0019417
62,apostoles,<code>apostoles</code>,6,0.0019417
62,gif,<code>gif</code>,6,0.0019417
62,hit,<code>hit</code>,6,0.0019417
62,m&aelig;g,<code>m&amp;ae;g</code>,6,0.0019417
62,man,<code>man</code>,6,0.0019417
62,sind,<code>sind</code>,6,0.0019417
62,sy&eth;&eth;an,<code>sy&amp;d;&amp;d;an</code>,6,0.0019417
62,w&aelig;ron,<code>w&amp;ae;ron</code>,6,0.0019417
73,&aelig;r,<code>&amp;ae;r</code>,5,0.0016181
73,&thorn;us,<code>&amp;t;us</code>,5,0.0016181
73,&thorn;ysum,<code>&amp;t;ysum</code>,5,0.0016181
73,apostole,<code>apostole</code>,5,0.0016181
73,aras,<code>aras</code>,5,0.0016181
73,buton,<code>buton</code>,5,0.0016181
73,cniht,<code>cniht</code>,5,0.0016181
73,cwe&eth;ende,<code>cwe&amp;d;ende</code>,5,0.0016181
73,cyrcan,<code>cyrcan</code>,5,0.0016181
73,d&aelig;ge,<code>d&amp;ae;ge</code>,5,0.0016181
73,eower,<code>eower</code>,5,0.0016181
73,gebro&eth;rum,<code>gebro&amp;d;rum</code>,5,0.0016181
73,gelyfan,<code>gelyfan</code>,5,0.0016181
73,gymstanas,<code>gymstanas</code>,5,0.0016181
73,h&aelig;fde,<code>h&amp;ae;fde</code>,5,0.0016181
73,h&aelig;se,<code>h&amp;ae;se</code>,5,0.0016181
73,heofenum,<code>heofenum</code>,5,0.0016181
73,het,<code>het</code>,5,0.0016181
73,mihte,<code>mihte</code>,5,0.0016181
73,o&eth;rum,<code>o&amp;d;rum</code>,5,0.0016181
73,seo,<code>seo</code>,5,0.0016181
73,we,<code>we</code>,5,0.0016181
73,wurdon,<code>wurdon</code>,5,0.0016181
96,&eth;an,<code>&amp;d;an</code>,4,0.0012945
96,&thorn;inum,<code>&amp;t;inum</code>,4,0.0012945
96,&thorn;is,<code>&amp;t;is</code>,4,0.0012945
96,astrehte,<code>astrehte</code>,4,0.0012945
96,awrat,<code>awrat</code>,4,0.0012945
96,dea&eth;e,<code>dea&amp;d;e</code>,4,0.0012945
96,eac,<code>eac</code>,4,0.0012945
96,eode,<code>eode</code>,4,0.0012945
96,folc,<code>folc</code>,4,0.0012945
96,fotum,<code>fotum</code>,4,0.0012945
96,ga&eth;,<code>ga&amp;d;</code>,4,0.0012945
96,gyrda,<code>gyrda</code>,4,0.0012945
96,handum,<code>handum</code>,4,0.0012945
96,lare,<code>lare</code>,4,0.0012945
96,lic,<code>lic</code>,4,0.0012945
96,lichaman,<code>lichaman</code>,4,0.0012945
96,miclum,<code>miclum</code>,4,0.0012945
96,minum,<code>minum</code>,4,0.0012945
96,mode,<code>mode</code>,4,0.0012945
96,nan,<code>nan</code>,4,0.0012945
96,rice,<code>rice</code>,4,0.0012945
96,scinende,<code>scinende</code>,4,0.0012945
96,speda,<code>speda</code>,4,0.0012945
96,word,<code>word</code>,4,0.0012945
120,&thorn;&aelig;rrihte,<code>&amp;t;&amp;ae;rrihte</code>,3,0.0009709
120,&thorn;earfum,<code>&amp;t;earfum</code>,3,0.0009709
120,&thorn;eowan,<code>&amp;t;eowan</code>,3,0.0009709
120,&thorn;in,<code>&amp;t;in</code>,3,0.0009709
120,&thorn;ine,<code>&amp;t;ine</code>,3,0.0009709
120,&thorn;ines,<code>&amp;t;ines</code>,3,0.0009709
120,&thorn;ing,<code>&amp;t;ing</code>,3,0.0009709
120,&thorn;isum,<code>&amp;t;isum</code>,3,0.0009709
120,afyllede,<code>afyllede</code>,3,0.0009709
120,andwyrde,<code>andwyrde</code>,3,0.0009709
120,ane,<code>ane</code>,3,0.0009709
120,aristodemus,<code>aristodemus</code>,3,0.0009709
120,awende,<code>awende</code>,3,0.0009709
120,b&aelig;d,<code>b&amp;ae;d</code>,3,0.0009709
120,biddende,<code>biddende</code>,3,0.0009709
120,byrgene,<code>byrgene</code>,3,0.0009709
120,clypode,<code>clypode</code>,3,0.0009709
120,d&aelig;ges,<code>d&amp;ae;ges</code>,3,0.0009709
120,daga,<code>daga</code>,3,0.0009709
120,deofles,<code>deofles</code>,3,0.0009709
120,deoflu,<code>deoflu</code>,3,0.0009709
120,dreorige,<code>dreorige</code>,3,0.0009709
120,drusiana,<code>drusiana</code>,3,0.0009709
120,dydon,<code>dydon</code>,3,0.0009709
120,ealne,<code>ealne</code>,3,0.0009709
120,eowerum,<code>eowerum</code>,3,0.0009709
120,erat,<code>erat</code>,3,0.0009709
120,et,<code>et</code>,3,0.0009709
120,f&aelig;der,<code>f&amp;ae;der</code>,3,0.0009709
120,f&aelig;rlice,<code>f&amp;ae;rlice</code>,3,0.0009709
120,fela,<code>fela</code>,3,0.0009709
120,forluron,<code>forluron</code>,3,0.0009709
120,gast,<code>gast</code>,3,0.0009709
120,gecynde,<code>gecynde</code>,3,0.0009709
120,geh&aelig;ldon,<code>geh&amp;ae;ldon</code>,3,0.0009709
120,gehaten,<code>gehaten</code>,3,0.0009709
120,gem&aelig;ne,<code>gem&amp;ae;ne</code>,3,0.0009709
120,gesawon,<code>gesawon</code>,3,0.0009709
120,geseah,<code>geseah</code>,3,0.0009709
120,gesih&eth;e,<code>gesih&amp;d;e</code>,3,0.0009709
120,gold,<code>gold</code>,3,0.0009709
120,graton,<code>graton</code>,3,0.0009709
120,gyt,<code>gyt</code>,3,0.0009709
120,h&aelig;&eth;engylda,<code>h&amp;ae;&amp;d;engylda</code>,3,0.0009709
120,h&aelig;lendes,<code>h&amp;ae;lendes</code>,3,0.0009709
120,heo,<code>heo</code>,3,0.0009709
120,hire,<code>hire</code>,3,0.0009709
120,hu,<code>hu</code>,3,0.0009709
120,hw&aelig;t,<code>hw&amp;ae;t</code>,3,0.0009709
120,lareow,<code>lareow</code>,3,0.0009709
120,lif,<code>lif</code>,3,0.0009709
120,menniscnysse,<code>menniscnysse</code>,3,0.0009709
120,micel,<code>micel</code>,3,0.0009709
120,min,<code>min</code>,3,0.0009709
120,mine,<code>mine</code>,3,0.0009709
120,moder,<code>moder</code>,3,0.0009709
120,o&eth;&eth;e,<code>o&amp;d;&amp;d;e</code>,3,0.0009709
120,ongean,<code>ongean</code>,3,0.0009709
120,samod,<code>samod</code>,3,0.0009709
120,sum,<code>sum</code>,3,0.0009709
120,sumum,<code>sumum</code>,3,0.0009709
120,sunu,<code>sunu</code>,3,0.0009709
120,symle,<code>symle</code>,3,0.0009709
120,tacn,<code>tacn</code>,3,0.0009709
120,tempel,<code>tempel</code>,3,0.0009709
120,twam,<code>twam</code>,3,0.0009709
120,twegen,<code>twegen</code>,3,0.0009709
120,u&eth;wita,<code>u&amp;d;wita</code>,3,0.0009709
120,uerbum,<code>uerbum</code>,3,0.0009709
120,us,<code>us</code>,3,0.0009709
120,welan,<code>welan</code>,3,0.0009709
120,wi&eth;,<code>wi&amp;d;</code>,3,0.0009709
120,witodlice,<code>witodlice</code>,3,0.0009709
120,wordum,<code>wordum</code>,3,0.0009709
120,worulde,<code>worulde</code>,3,0.0009709
120,ydel,<code>ydel</code>,3,0.0009709
196,&aelig;lc,<code>&amp;ae;lc</code>,2,0.0006472
196,&aelig;lcere,<code>&amp;ae;lcere</code>,2,0.0006472
196,&aelig;lmihtiga,<code>&amp;ae;lmihtiga</code>,2,0.0006472
196,&aelig;rran,<code>&amp;ae;rran</code>,2,0.0006472
196,&aelig;teowede,<code>&amp;ae;teowede</code>,2,0.0006472
196,&aelig;tforan,<code>&amp;ae;tforan</code>,2,0.0006472
196,&eth;&aelig;r,<code>&amp;d;&amp;ae;r</code>,2,0.0006472
196,&eth;as,<code>&amp;d;as</code>,2,0.0006472
196,&eth;i,<code>&amp;d;i</code>,2,0.0006472
196,&eth;is,<code>&amp;d;is</code>,2,0.0006472
196,&eth;one,<code>&amp;d;one</code>,2,0.0006472
196,&thorn;&aelig;rtoeacan,<code>&amp;t;&amp;ae;rtoeacan</code>,2,0.0006472
196,&thorn;inre,<code>&amp;t;inre</code>,2,0.0006472
196,&thorn;ry,<code>&amp;t;ry</code>,2,0.0006472
196,&thorn;usend,<code>&amp;t;usend</code>,2,0.0006472
196,&thorn;ysne,<code>&amp;t;ysne</code>,2,0.0006472
196,a,<code>a</code>,2,0.0006472
196,acenned,<code>acenned</code>,2,0.0006472
196,afedde,<code>afedde</code>,2,0.0006472
196,afyllan,<code>afyllan</code>,2,0.0006472
196,afylled,<code>afylled</code>,2,0.0006472
196,amen,<code>amen</code>,2,0.0006472
196,ana,<code>ana</code>,2,0.0006472
196,andwerdan,<code>andwerdan</code>,2,0.0006472
196,anmodlice,<code>anmodlice</code>,2,0.0006472
196,ansunde,<code>ansunde</code>,2,0.0006472
196,anum,<code>anum</code>,2,0.0006472
196,ar&aelig;rde,<code>ar&amp;ae;rde</code>,2,0.0006472
196,ar&aelig;re,<code>ar&amp;ae;re</code>,2,0.0006472
196,arisan,<code>arisan</code>,2,0.0006472
196,asende,<code>asende</code>,2,0.0006472
196,attor,<code>attor</code>,2,0.0006472
196,awendan,<code>awendan</code>,2,0.0006472
196,b&aelig;don,<code>b&amp;ae;don</code>,2,0.0006472
196,b&aelig;r,<code>b&amp;ae;r</code>,2,0.0006472
196,bead,<code>bead</code>,2,0.0006472
196,bec,<code>bec</code>,2,0.0006472
196,beo&eth;,<code>beo&amp;d;</code>,2,0.0006472
196,bicga&eth;,<code>bicga&amp;d;</code>,2,0.0006472
196,boc,<code>boc</code>,2,0.0006472
196,bricas,<code>bricas</code>,2,0.0006472
196,bufon,<code>bufon</code>,2,0.0006472
196,byrig,<code>byrig</code>,2,0.0006472
196,casere,<code>casere</code>,2,0.0006472
196,cl&aelig;ne,<code>cl&amp;ae;ne</code>,2,0.0006472
196,com,<code>com</code>,2,0.0006472
196,comon,<code>comon</code>,2,0.0006472
196,cu&thorn;est,<code>cu&amp;t;est</code>,2,0.0006472
196,cydde,<code>cydde</code>,2,0.0006472
196,d&aelig;lan,<code>d&amp;ae;lan</code>,2,0.0006472
196,d&aelig;ldon,<code>d&amp;ae;ldon</code>,2,0.0006472
196,deadan,<code>deadan</code>,2,0.0006472
196,deofulgyld,<code>deofulgyld</code>,2,0.0006472
196,domicianus,<code>domicianus</code>,2,0.0006472
196,drenc,<code>drenc</code>,2,0.0006472
196,drence,<code>drence</code>,2,0.0006472
196,drihtne,<code>drihtne</code>,2,0.0006472
196,drihtnes,<code>drihtnes</code>,2,0.0006472
196,eagum,<code>eagum</code>,2,0.0006472
196,eala,<code>eala</code>,2,0.0006472
196,ealre,<code>ealre</code>,2,0.0006472
196,ecan,<code>ecan</code>,2,0.0006472
196,ece,<code>ece</code>,2,0.0006472
196,ecelice,<code>ecelice</code>,2,0.0006472
196,ecum,<code>ecum</code>,2,0.0006472
196,efne,<code>efne</code>,2,0.0006472
196,ende,<code>ende</code>,2,0.0006472
196,englas,<code>englas</code>,2,0.0006472
196,eodon,<code>eodon</code>,2,0.0006472
196,eowerne,<code>eowerne</code>,2,0.0006472
196,eowre,<code>eowre</code>,2,0.0006472
196,f&aelig;ce,<code>f&amp;ae;ce</code>,2,0.0006472
196,f&aelig;sten,<code>f&amp;ae;sten</code>,2,0.0006472
196,feol,<code>feol</code>,2,0.0006472
196,feor&eth;an,<code>feor&amp;d;an</code>,2,0.0006472
196,folce,<code>folce</code>,2,0.0006472
196,folces,<code>folces</code>,2,0.0006472
196,for&eth;,<code>for&amp;d;</code>,2,0.0006472
196,forlet,<code>forlet</code>,2,0.0006472
196,forwyrde,<code>forwyrde</code>,2,0.0006472
196,frym&eth;e,<code>frym&amp;d;e</code>,2,0.0006472
196,fulluhte,<code>fulluhte</code>,2,0.0006472
196,fur&eth;on,<code>fur&amp;d;on</code>,2,0.0006472
196,gaste,<code>gaste</code>,2,0.0006472
196,geara,<code>geara</code>,2,0.0006472
196,gebede,<code>gebede</code>,2,0.0006472
196,gebletsode,<code>gebletsode</code>,2,0.0006472
196,gebro&eth;ra,<code>gebro&amp;d;ra</code>,2,0.0006472
196,gebytlu,<code>gebytlu</code>,2,0.0006472
196,gecoren,<code>gecoren</code>,2,0.0006472
196,gedon,<code>gedon</code>,2,0.0006472
196,gela&eth;od,<code>gela&amp;d;od</code>,2,0.0006472
196,gela&eth;odest,<code>gela&amp;d;odest</code>,2,0.0006472
196,gelamp,<code>gelamp</code>,2,0.0006472
196,geleafan,<code>geleafan</code>,2,0.0006472
196,geleaffullum,<code>geleaffullum</code>,2,0.0006472
196,gemet,<code>gemet</code>,2,0.0006472
196,genumen,<code>genumen</code>,2,0.0006472
196,geornlice,<code>geornlice</code>,2,0.0006472
196,gesetnysse,<code>gesetnysse</code>,2,0.0006472
196,gestrynde,<code>gestrynde</code>,2,0.0006472
196,gewende,<code>gewende</code>,2,0.0006472
196,gewilnode,<code>gewilnode</code>,2,0.0006472
196,geworhte,<code>geworhte</code>,2,0.0006472
196,gimstanas,<code>gimstanas</code>,2,0.0006472
196,gitsere,<code>gitsere</code>,2,0.0006472
196,godcundnysse,<code>godcundnysse</code>,2,0.0006472
196,godspelleras,<code>godspelleras</code>,2,0.0006472
196,godspellere,<code>godspellere</code>,2,0.0006472
196,godspellican,<code>godspellican</code>,2,0.0006472
196,gyfe,<code>gyfe</code>,2,0.0006472
196,gyftum,<code>gyftum</code>,2,0.0006472
196,gymstana,<code>gymstana</code>,2,0.0006472
196,gymstanum,<code>gymstanum</code>,2,0.0006472
196,h&aelig;&thorn;engylda,<code>h&amp;ae;&amp;t;engylda</code>,2,0.0006472
196,h&aelig;&thorn;enscipe,<code>h&amp;ae;&amp;t;enscipe</code>,2,0.0006472
196,h&aelig;f&eth;,<code>h&amp;ae;f&amp;d;</code>,2,0.0006472
196,h&aelig;fdon,<code>h&amp;ae;fdon</code>,2,0.0006472
196,habban,<code>habban</code>,2,0.0006472
196,ham,<code>ham</code>,2,0.0006472
196,heahgerefan,<code>heahgerefan</code>,2,0.0006472
196,heortan,<code>heortan</code>,2,0.0006472
196,heorte,<code>heorte</code>,2,0.0006472
196,horda&eth;,<code>horda&amp;d;</code>,2,0.0006472
196,hr&aelig;dlice,<code>hr&amp;ae;dlice</code>,2,0.0006472
196,hwam,<code>hwam</code>,2,0.0006472
196,hyre,<code>hyre</code>,2,0.0006472
196,into,<code>into</code>,2,0.0006472
196,l&aelig;rde,<code>l&amp;ae;rde</code>,2,0.0006472
196,leoht,<code>leoht</code>,2,0.0006472
196,leohte,<code>leohte</code>,2,0.0006472
196,life,<code>life</code>,2,0.0006472
196,lifes,<code>lifes</code>,2,0.0006472
196,lustum,<code>lustum</code>,2,0.0006472
196,m&aelig;g&eth;hade,<code>m&amp;ae;g&amp;d;hade</code>,2,0.0006472
196,m&aelig;re,<code>m&amp;ae;re</code>,2,0.0006472
196,mare,<code>mare</code>,2,0.0006472
196,marian,<code>marian</code>,2,0.0006472
196,mete,<code>mete</code>,2,0.0006472
196,middaneard,<code>middaneard</code>,2,0.0006472
196,miltsunge,<code>miltsunge</code>,2,0.0006472
196,mines,<code>mines</code>,2,0.0006472
196,n&aelig;fre,<code>n&amp;ae;fre</code>,2,0.0006472
196,nacode,<code>nacode</code>,2,0.0006472
196,nat,<code>nat</code>,2,0.0006472
196,nihtes,<code>nihtes</code>,2,0.0006472
196,nis,<code>nis</code>,2,0.0006472
196,o&eth;,<code>o&amp;d;</code>,2,0.0006472
196,o&eth;re,<code>o&amp;d;re</code>,2,0.0006472
196,openlice,<code>openlice</code>,2,0.0006472
196,s&aelig;,<code>s&amp;ae;</code>,2,0.0006472
196,s&aelig;le,<code>s&amp;ae;le</code>,2,0.0006472
196,sawle,<code>sawle</code>,2,0.0006472
196,scinan,<code>scinan</code>,2,0.0006472
196,sealde,<code>sealde</code>,2,0.0006472
196,secga&eth;,<code>secga&amp;d;</code>,2,0.0006472
196,so&eth;,<code>so&amp;d;</code>,2,0.0006472
196,so&eth;an,<code>so&amp;d;an</code>,2,0.0006472
196,so&eth;lice,<code>so&amp;d;lice</code>,2,0.0006472
196,stacteus,<code>stacteus</code>,2,0.0006472
196,stanas,<code>stanas</code>,2,0.0006472
196,stemne,<code>stemne</code>,2,0.0006472
196,suna,<code>suna</code>,2,0.0006472
196,swi&eth;e,<code>swi&amp;d;e</code>,2,0.0006472
196,swilce,<code>swilce</code>,2,0.0006472
196,tacna,<code>tacna</code>,2,0.0006472
196,tunecan,<code>tunecan</code>,2,0.0006472
196,unlybban,<code>unlybban</code>,2,0.0006472
196,untruman,<code>untruman</code>,2,0.0006472
196,untrume,<code>untrume</code>,2,0.0006472
196,w&aelig;lreowa,<code>w&amp;ae;lreowa</code>,2,0.0006472
196,w&aelig;ter,<code>w&amp;ae;ter</code>,2,0.0006472
196,wile,<code>wile</code>,2,0.0006472
196,wistum,<code>wistum</code>,2,0.0006472
196,wite,<code>wite</code>,2,0.0006472
196,wolde,<code>wolde</code>,2,0.0006472
196,woldon,<code>woldon</code>,2,0.0006472
196,wope,<code>wope</code>,2,0.0006472
196,wr&aelig;csi&eth;e,<code>wr&amp;ae;csi&amp;d;e</code>,2,0.0006472
196,wuda,<code>wuda</code>,2,0.0006472
196,wuldor,<code>wuldor</code>,2,0.0006472
196,wuldre,<code>wuldre</code>,2,0.0006472
196,wundra,<code>wundra</code>,2,0.0006472
196,wur&eth;,<code>wur&amp;d;</code>,2,0.0006472
196,wur&eth;mynte,<code>wur&amp;d;mynte</code>,2,0.0006472
196,wydewan,<code>wydewan</code>,2,0.0006472
196,ylcan,<code>ylcan</code>,2,0.0006472
383,&aelig;&thorn;elum,<code>&amp;ae;&amp;t;elum</code>,1,0.0003236
383,&aelig;lfremed,<code>&amp;ae;lfremed</code>,1,0.0003236
383,&aelig;lmesgeorn,<code>&amp;ae;lmesgeorn</code>,1,0.0003236
383,&aelig;lmihtig,<code>&amp;ae;lmihtig</code>,1,0.0003236
383,&aelig;lmihtigan,<code>&amp;ae;lmihtigan</code>,1,0.0003236
383,&aelig;nne,<code>&amp;ae;nne</code>,1,0.0003236
383,&aelig;rest,<code>&amp;ae;rest</code>,1,0.0003236
383,&aelig;ristes,<code>&amp;ae;ristes</code>,1,0.0003236
383,&aelig;ror,<code>&amp;ae;ror</code>,1,0.0003236
383,&aelig;rwacel,<code>&amp;ae;rwacel</code>,1,0.0003236
383,&aelig;tbr&aelig;d,<code>&amp;ae;tbr&amp;ae;d</code>,1,0.0003236
383,&aelig;tbroden,<code>&amp;ae;tbroden</code>,1,0.0003236
383,&aelig;teowde,<code>&amp;ae;teowde</code>,1,0.0003236
383,&aelig;tes,<code>&amp;ae;tes</code>,1,0.0003236
383,&eth;&aelig;ra,<code>&amp;d;&amp;ae;ra</code>,1,0.0003236
383,&eth;&aelig;rrihte,<code>&amp;d;&amp;ae;rrihte</code>,1,0.0003236
383,&eth;&aelig;t,<code>&amp;d;&amp;ae;t</code>,1,0.0003236
383,&eth;earfan,<code>&amp;d;earfan</code>,1,0.0003236
383,&eth;eos,<code>&amp;d;eos</code>,1,0.0003236
383,&eth;eostra,<code>&amp;d;eostra</code>,1,0.0003236
383,&eth;ing,<code>&amp;d;ing</code>,1,0.0003236
383,&eth;inra,<code>&amp;d;inra</code>,1,0.0003236
383,&eth;inum,<code>&amp;d;inum</code>,1,0.0003236
383,&eth;onne,<code>&amp;d;onne</code>,1,0.0003236
383,&eth;urh,<code>&amp;d;urh</code>,1,0.0003236
383,&eth;y,<code>&amp;d;y</code>,1,0.0003236
383,&eth;ysne,<code>&amp;d;ysne</code>,1,0.0003236
383,&eth;ysum,<code>&amp;d;ysum</code>,1,0.0003236
383,&thorn;&aelig;r,<code>&amp;t;&amp;ae;r</code>,1,0.0003236
383,&thorn;&aelig;ron,<code>&amp;t;&amp;ae;ron</code>,1,0.0003236
383,&thorn;ancia&eth;,<code>&amp;t;ancia&amp;d;</code>,1,0.0003236
383,&thorn;ancige,<code>&amp;t;ancige</code>,1,0.0003236
383,&thorn;ane,<code>&amp;t;ane</code>,1,0.0003236
383,&thorn;eah,<code>&amp;t;eah</code>,1,0.0003236
383,&thorn;enincmenn,<code>&amp;t;enincmenn</code>,1,0.0003236
383,&thorn;enungum,<code>&amp;t;enungum</code>,1,0.0003236
383,&thorn;eofas,<code>&amp;t;eofas</code>,1,0.0003236
383,&thorn;eos,<code>&amp;t;eos</code>,1,0.0003236
383,&thorn;eosterfulle,<code>&amp;t;eosterfulle</code>,1,0.0003236
383,&thorn;eowa,<code>&amp;t;eowa</code>,1,0.0003236
383,&thorn;eowa&eth;,<code>&amp;t;eowa&amp;d;</code>,1,0.0003236
383,&thorn;eowia&eth;,<code>&amp;t;eowia&amp;d;</code>,1,0.0003236
383,&thorn;ere,<code>&amp;t;ere</code>,1,0.0003236
383,&thorn;ingunge,<code>&amp;t;ingunge</code>,1,0.0003236
383,&thorn;inne,<code>&amp;t;inne</code>,1,0.0003236
383,&thorn;inra,<code>&amp;t;inra</code>,1,0.0003236
383,&thorn;oterung,<code>&amp;t;oterung</code>,1,0.0003236
383,&thorn;reagenne,<code>&amp;t;reagenne</code>,1,0.0003236
383,&thorn;reo,<code>&amp;t;reo</code>,1,0.0003236
383,&thorn;reora,<code>&amp;t;reora</code>,1,0.0003236
383,&thorn;rittig,<code>&amp;t;rittig</code>,1,0.0003236
383,&thorn;rittigra,<code>&amp;t;rittigra</code>,1,0.0003236
383,&thorn;rittigum,<code>&amp;t;rittigum</code>,1,0.0003236
383,&thorn;riwa,<code>&amp;t;riwa</code>,1,0.0003236
383,&thorn;rowian,<code>&amp;t;rowian</code>,1,0.0003236
383,&thorn;urhscotene,<code>&amp;t;urhscotene</code>,1,0.0003236
383,&thorn;urhteon,<code>&amp;t;urhteon</code>,1,0.0003236
383,&thorn;urhwunade,<code>&amp;t;urhwunade</code>,1,0.0003236
383,&thorn;wyrnysse,<code>&amp;t;wyrnysse</code>,1,0.0003236
383,&thorn;y,<code>&amp;t;y</code>,1,0.0003236
383,&thorn;yses,<code>&amp;t;yses</code>,1,0.0003236
383,&thorn;yssera,<code>&amp;t;yssera</code>,1,0.0003236
383,&thorn;yssere,<code>&amp;t;yssere</code>,1,0.0003236
383,ablin&eth;,<code>ablin&amp;d;</code>,1,0.0003236
383,acennede,<code>acennede</code>,1,0.0003236
383,acw&aelig;le,<code>acw&amp;ae;le</code>,1,0.0003236
383,acweald,<code>acweald</code>,1,0.0003236
383,adr&aelig;fdon,<code>adr&amp;ae;fdon</code>,1,0.0003236
383,adw&aelig;scte,<code>adw&amp;ae;scte</code>,1,0.0003236
383,adylegode,<code>adylegode</code>,1,0.0003236
383,afealle,<code>afealle</code>,1,0.0003236
383,afligdon,<code>afligdon</code>,1,0.0003236
383,ageaf,<code>ageaf</code>,1,0.0003236
383,ageat,<code>ageat</code>,1,0.0003236
383,agylton,<code>agylton</code>,1,0.0003236
383,ahreas,<code>ahreas</code>,1,0.0003236
383,ahreose,<code>ahreose</code>,1,0.0003236
383,alecgan,<code>alecgan</code>,1,0.0003236
383,alede,<code>alede</code>,1,0.0003236
383,alysde,<code>alysde</code>,1,0.0003236
383,alysede,<code>alysede</code>,1,0.0003236
383,an,<code>an</code>,1,0.0003236
383,an&thorn;r&aelig;cum,<code>an&amp;t;r&amp;ae;cum</code>,1,0.0003236
383,andbidode,<code>andbidode</code>,1,0.0003236
383,andwlita,<code>andwlita</code>,1,0.0003236
383,andwlitan,<code>andwlitan</code>,1,0.0003236
383,angynne,<code>angynne</code>,1,0.0003236
383,anlicnyssum,<code>anlicnyssum</code>,1,0.0003236
383,annysse,<code>annysse</code>,1,0.0003236
383,anre,<code>anre</code>,1,0.0003236
383,ansundan,<code>ansundan</code>,1,0.0003236
383,ansundnysse,<code>ansundnysse</code>,1,0.0003236
383,apocalipsis,<code>apocalipsis</code>,1,0.0003236
383,apostoli,<code>apostoli</code>,1,0.0003236
383,apostolum,<code>apostolum</code>,1,0.0003236
383,apud,<code>apud</code>,1,0.0003236
383,ar&aelig;rdon,<code>ar&amp;ae;rdon</code>,1,0.0003236
383,ar&aelig;rst,<code>ar&amp;ae;rst</code>,1,0.0003236
383,are,<code>are</code>,1,0.0003236
383,arf&aelig;st,<code>arf&amp;ae;st</code>,1,0.0003236
383,arian,<code>arian</code>,1,0.0003236
383,aris,<code>aris</code>,1,0.0003236
383,arise,<code>arise</code>,1,0.0003236
383,aristodeme,<code>aristodeme</code>,1,0.0003236
383,asend,<code>asend</code>,1,0.0003236
383,asiam,<code>asiam</code>,1,0.0003236
383,asprungon,<code>asprungon</code>,1,0.0003236
383,assvmptio,<code>assvmptio</code>,1,0.0003236
383,astrehtum,<code>astrehtum</code>,1,0.0003236
383,ateorode,<code>ateorode</code>,1,0.0003236
383,attico,<code>attico</code>,1,0.0003236
383,atticus,<code>atticus</code>,1,0.0003236
383,attorb&aelig;ran,<code>attorb&amp;ae;ran</code>,1,0.0003236
383,awend,<code>awend</code>,1,0.0003236
383,awreht,<code>awreht</code>,1,0.0003236
383,awriten,<code>awriten</code>,1,0.0003236
383,awurpan,<code>awurpan</code>,1,0.0003236
383,awyrgedan,<code>awyrgedan</code>,1,0.0003236
383,aydlode,<code>aydlode</code>,1,0.0003236
383,b&aelig;&eth;e,<code>b&amp;ae;&amp;d;e</code>,1,0.0003236
383,b&aelig;re,<code>b&amp;ae;re</code>,1,0.0003236
383,bearn,<code>bearn</code>,1,0.0003236
383,bebead,<code>bebead</code>,1,0.0003236
383,bebyrgenne,<code>bebyrgenne</code>,1,0.0003236
383,beceapian,<code>beceapian</code>,1,0.0003236
383,becom,<code>becom</code>,1,0.0003236
383,bef&aelig;ste,<code>bef&amp;ae;ste</code>,1,0.0003236
383,began,<code>began</code>,1,0.0003236
383,begeaton,<code>begeaton</code>,1,0.0003236
383,begen,<code>begen</code>,1,0.0003236
383,behate,<code>behate</code>,1,0.0003236
383,beheoldon,<code>beheoldon</code>,1,0.0003236
383,behreowsia&eth;,<code>behreowsia&amp;d;</code>,1,0.0003236
383,behreowsunge,<code>behreowsunge</code>,1,0.0003236
383,behwyrfdon,<code>behwyrfdon</code>,1,0.0003236
383,behwyrfed,<code>behwyrfed</code>,1,0.0003236
383,benum,<code>benum</code>,1,0.0003236
383,beo,<code>beo</code>,1,0.0003236
383,beon,<code>beon</code>,1,0.0003236
383,beorhte,<code>beorhte</code>,1,0.0003236
383,beorhtnys,<code>beorhtnys</code>,1,0.0003236
383,beorhtre,<code>beorhtre</code>,1,0.0003236
383,ber,<code>ber</code>,1,0.0003236
383,bera&eth;,<code>bera&amp;d;</code>,1,0.0003236
383,beryp&eth;,<code>beryp&amp;d;</code>,1,0.0003236
383,besceofon,<code>besceofon</code>,1,0.0003236
383,beseah,<code>beseah</code>,1,0.0003236
383,besmitennysse,<code>besmitennysse</code>,1,0.0003236
383,bet&aelig;ce,<code>bet&amp;ae;ce</code>,1,0.0003236
383,beurne,<code>beurne</code>,1,0.0003236
383,bidda&eth;,<code>bidda&amp;d;</code>,1,0.0003236
383,biggencg,<code>biggencg</code>,1,0.0003236
383,bigleofa,<code>bigleofa</code>,1,0.0003236
383,bileofan,<code>bileofan</code>,1,0.0003236
383,binnon,<code>binnon</code>,1,0.0003236
383,blacunge,<code>blacunge</code>,1,0.0003236
383,bletsunge,<code>bletsunge</code>,1,0.0003236
383,blinde,<code>blinde</code>,1,0.0003236
383,blindum,<code>blindum</code>,1,0.0003236
383,blissigende,<code>blissigende</code>,1,0.0003236
383,blissode,<code>blissode</code>,1,0.0003236
383,blowende,<code>blowende</code>,1,0.0003236
383,bodian,<code>bodian</code>,1,0.0003236
383,bodunge,<code>bodunge</code>,1,0.0003236
383,brastliendum,<code>brastliendum</code>,1,0.0003236
383,brih&eth;,<code>brih&amp;d;</code>,1,0.0003236
383,brucan,<code>brucan</code>,1,0.0003236
383,bryd,<code>bryd</code>,1,0.0003236
383,buge,<code>buge</code>,1,0.0003236
383,butan,<code>butan</code>,1,0.0003236
383,by&eth;,<code>by&amp;d;</code>,1,0.0003236
383,byr&eth;ene,<code>byr&amp;d;ene</code>,1,0.0003236
383,byrgen,<code>byrgen</code>,1,0.0003236
383,byrgenne,<code>byrgenne</code>,1,0.0003236
383,byrgyne,<code>byrgyne</code>,1,0.0003236
383,cara&eth;,<code>cara&amp;d;</code>,1,0.0003236
383,carful,<code>carful</code>,1,0.0003236
383,cl&aelig;nan,<code>cl&amp;ae;nan</code>,1,0.0003236
383,cl&aelig;nnysse,<code>cl&amp;ae;nnysse</code>,1,0.0003236
383,clypia&eth;,<code>clypia&amp;d;</code>,1,0.0003236
383,clypodon,<code>clypodon</code>,1,0.0003236
383,cnihtas,<code>cnihtas</code>,1,0.0003236
383,cnihtes,<code>cnihtes</code>,1,0.0003236
383,cnihtum,<code>cnihtum</code>,1,0.0003236
383,come,<code>come</code>,1,0.0003236
383,cr&aelig;fte,<code>cr&amp;ae;fte</code>,1,0.0003236
383,cristenra,<code>cristenra</code>,1,0.0003236
383,cristesboc,<code>cristesboc</code>,1,0.0003236
383,cu&eth;est,<code>cu&amp;d;est</code>,1,0.0003236
383,cucu,<code>cucu</code>,1,0.0003236
383,cum,<code>cum</code>,1,0.0003236
383,cw&aelig;de,<code>cw&amp;ae;de</code>,1,0.0003236
383,cw&aelig;don,<code>cw&amp;ae;don</code>,1,0.0003236
383,cwe&eth;,<code>cwe&amp;d;</code>,1,0.0003236
383,cwearterne,<code>cwearterne</code>,1,0.0003236
383,cwelan,<code>cwelan</code>,1,0.0003236
383,cwelmb&aelig;ran,<code>cwelmb&amp;ae;ran</code>,1,0.0003236
383,cwyde,<code>cwyde</code>,1,0.0003236
383,cy&thorn;e,<code>cy&amp;t;e</code>,1,0.0003236
383,cyfe,<code>cyfe</code>,1,0.0003236
383,cymst,<code>cymst</code>,1,0.0003236
383,cyrce,<code>cyrce</code>,1,0.0003236
383,cyrtlas,<code>cyrtlas</code>,1,0.0003236
383,cystigum,<code>cystigum</code>,1,0.0003236
383,d&aelig;db&aelig;tende,<code>d&amp;ae;db&amp;ae;tende</code>,1,0.0003236
383,d&aelig;g,<code>d&amp;ae;g</code>,1,0.0003236
383,d&aelig;le,<code>d&amp;ae;le</code>,1,0.0003236
383,dea&eth;,<code>dea&amp;d;</code>,1,0.0003236
383,dea&eth;es,<code>dea&amp;d;es</code>,1,0.0003236
383,deadb&aelig;rum,<code>deadb&amp;ae;rum</code>,1,0.0003236
383,deadra,<code>deadra</code>,1,0.0003236
383,delfan,<code>delfan</code>,1,0.0003236
383,deoflican,<code>deoflican</code>,1,0.0003236
383,deoflum,<code>deoflum</code>,1,0.0003236
383,deofulgyldan,<code>deofulgyldan</code>,1,0.0003236
383,deofulgyldum,<code>deofulgyldum</code>,1,0.0003236
383,deofulseocan,<code>deofulseocan</code>,1,0.0003236
383,deorwur&eth;an,<code>deorwur&amp;d;an</code>,1,0.0003236
383,deorwur&eth;um,<code>deorwur&amp;d;um</code>,1,0.0003236
383,deorwyr&eth;e,<code>deorwyr&amp;d;e</code>,1,0.0003236
383,deorwyr&eth;um,<code>deorwyr&amp;d;um</code>,1,0.0003236
383,dera&thorn;,<code>dera&amp;t;</code>,1,0.0003236
383,deum,<code>deum</code>,1,0.0003236
383,deus,<code>deus</code>,1,0.0003236
383,do,<code>do</code>,1,0.0003236
383,dome,<code>dome</code>,1,0.0003236
383,dracan,<code>dracan</code>,1,0.0003236
383,drences,<code>drences</code>,1,0.0003236
383,dreorie,<code>dreorie</code>,1,0.0003236
383,dreorignysse,<code>dreorignysse</code>,1,0.0003236
383,drincan,<code>drincan</code>,1,0.0003236
383,drunce,<code>drunce</code>,1,0.0003236
383,drusianam,<code>drusianam</code>,1,0.0003236
383,duru,<code>duru</code>,1,0.0003236
383,duste,<code>duste</code>,1,0.0003236
383,dyde,<code>dyde</code>,1,0.0003236
383,dyrling,<code>dyrling</code>,1,0.0003236
383,dyrstignysse,<code>dyrstignysse</code>,1,0.0003236
383,dyslic,<code>dyslic</code>,1,0.0003236
383,eadigan,<code>eadigan</code>,1,0.0003236
383,eadigum,<code>eadigum</code>,1,0.0003236
383,eal,<code>eal</code>,1,0.0003236
383,ealdras,<code>ealdras</code>,1,0.0003236
383,eall,<code>eall</code>,1,0.0003236
383,ealles,<code>ealles</code>,1,0.0003236
383,eallunga,<code>eallunga</code>,1,0.0003236
383,ealra,<code>ealra</code>,1,0.0003236
383,ealunga,<code>ealunga</code>,1,0.0003236
383,eard,<code>eard</code>,1,0.0003236
383,eardedon,<code>eardedon</code>,1,0.0003236
383,eardia&eth;,<code>eardia&amp;d;</code>,1,0.0003236
383,earfo&eth;e,<code>earfo&amp;d;e</code>,1,0.0003236
383,earmingas,<code>earmingas</code>,1,0.0003236
383,earmum,<code>earmum</code>,1,0.0003236
383,eart,<code>eart</code>,1,0.0003236
383,ecnysse,<code>ecnysse</code>,1,0.0003236
383,efesum,<code>efesum</code>,1,0.0003236
383,ege,<code>ege</code>,1,0.0003236
383,ehtere,<code>ehtere</code>,1,0.0003236
383,ele,<code>ele</code>,1,0.0003236
383,elles,<code>elles</code>,1,0.0003236
383,endemes,<code>endemes</code>,1,0.0003236
383,engla,<code>engla</code>,1,0.0003236
383,englisc,<code>englisc</code>,1,0.0003236
383,eor&eth;an,<code>eor&amp;d;an</code>,1,0.0003236
383,eowere,<code>eowere</code>,1,0.0003236
383,eoweres,<code>eoweres</code>,1,0.0003236
383,eugenio,<code>eugenio</code>,1,0.0003236
383,eugenius,<code>eugenius</code>,1,0.0003236
383,f&aelig;gniende,<code>f&amp;ae;gniende</code>,1,0.0003236
383,f&aelig;stene,<code>f&amp;ae;stene</code>,1,0.0003236
383,facn,<code>facn</code>,1,0.0003236
383,fandia&eth;,<code>fandia&amp;d;</code>,1,0.0003236
383,fara&eth;,<code>fara&amp;d;</code>,1,0.0003236
383,faran,<code>faran</code>,1,0.0003236
383,fatu,<code>fatu</code>,1,0.0003236
383,feawa,<code>feawa</code>,1,0.0003236
383,fecca&eth;,<code>fecca&amp;d;</code>,1,0.0003236
383,feoh,<code>feoh</code>,1,0.0003236
383,feowertig,<code>feowertig</code>,1,0.0003236
383,ferde,<code>ferde</code>,1,0.0003236
383,ferdon,<code>ferdon</code>,1,0.0003236
383,ferigende,<code>ferigende</code>,1,0.0003236
383,filigdan,<code>filigdan</code>,1,0.0003236
383,filigdon,<code>filigdon</code>,1,0.0003236
383,fl&aelig;sces,<code>fl&amp;ae;sces</code>,1,0.0003236
383,fl&aelig;sclicum,<code>fl&amp;ae;sclicum</code>,1,0.0003236
383,flan,<code>flan</code>,1,0.0003236
383,folgode,<code>folgode</code>,1,0.0003236
383,folgodon,<code>folgodon</code>,1,0.0003236
383,fores&aelig;dan,<code>fores&amp;ae;dan</code>,1,0.0003236
383,forgeafon,<code>forgeafon</code>,1,0.0003236
383,forgyfenes,<code>forgyfenes</code>,1,0.0003236
383,forhogia&eth;,<code>forhogia&amp;d;</code>,1,0.0003236
383,forhogie,<code>forhogie</code>,1,0.0003236
383,forhtige,<code>forhtige</code>,1,0.0003236
383,forhtunge,<code>forhtunge</code>,1,0.0003236
383,forlete,<code>forlete</code>,1,0.0003236
383,forleton,<code>forleton</code>,1,0.0003236
383,forlure,<code>forlure</code>,1,0.0003236
383,forme,<code>forme</code>,1,0.0003236
383,forscyldgod,<code>forscyldgod</code>,1,0.0003236
383,forsewennysse,<code>forsewennysse</code>,1,0.0003236
383,forweornian,<code>forweornian</code>,1,0.0003236
383,fotswa&eth;um,<code>fotswa&amp;d;um</code>,1,0.0003236
383,frecednyssum,<code>frecednyssum</code>,1,0.0003236
383,fremian,<code>fremian</code>,1,0.0003236
383,freoh,<code>freoh</code>,1,0.0003236
383,freond,<code>freond</code>,1,0.0003236
383,from,<code>from</code>,1,0.0003236
383,fulg&aelig;&eth;,<code>fulg&amp;ae;&amp;d;</code>,1,0.0003236
383,fullfremed,<code>fullfremed</code>,1,0.0003236
383,fullode,<code>fullode</code>,1,0.0003236
383,fulluht,<code>fulluht</code>,1,0.0003236
383,fultume,<code>fultume</code>,1,0.0003236
383,fynd,<code>fynd</code>,1,0.0003236
383,fyrste,<code>fyrste</code>,1,0.0003236
383,gafoles,<code>gafoles</code>,1,0.0003236
383,gastes,<code>gastes</code>,1,0.0003236
383,ge&eth;afunge,<code>ge&amp;d;afunge</code>,1,0.0003236
383,ge&eth;eodde,<code>ge&amp;d;eodde</code>,1,0.0003236
383,ge&thorn;ingode,<code>ge&amp;t;ingode</code>,1,0.0003236
383,ge&thorn;uht,<code>ge&amp;t;uht</code>,1,0.0003236
383,ge&thorn;w&aelig;rl&aelig;hton,<code>ge&amp;t;w&amp;ae;rl&amp;ae;hton</code>,1,0.0003236
383,geagenne,<code>geagenne</code>,1,0.0003236
383,gearca,<code>gearca</code>,1,0.0003236
383,geare,<code>geare</code>,1,0.0003236
383,gearu,<code>gearu</code>,1,0.0003236
383,geat,<code>geat</code>,1,0.0003236
383,gebeorscipe,<code>gebeorscipe</code>,1,0.0003236
383,gebigde,<code>gebigde</code>,1,0.0003236
383,gebigede,<code>gebigede</code>,1,0.0003236
383,gebletsod,<code>gebletsod</code>,1,0.0003236
383,gebringa&eth;,<code>gebringa&amp;d;</code>,1,0.0003236
383,gebro&eth;ru,<code>gebro&amp;d;ru</code>,1,0.0003236
383,gebyldum,<code>gebyldum</code>,1,0.0003236
383,gecamp,<code>gecamp</code>,1,0.0003236
383,geciged,<code>geciged</code>,1,0.0003236
383,gecl&aelig;nsod,<code>gecl&amp;ae;nsod</code>,1,0.0003236
383,gecneordlice,<code>gecneordlice</code>,1,0.0003236
383,gecw&aelig;don,<code>gecw&amp;ae;don</code>,1,0.0003236
383,gecyr,<code>gecyr</code>,1,0.0003236
383,gecyrde,<code>gecyrde</code>,1,0.0003236
383,gecyrrede,<code>gecyrrede</code>,1,0.0003236
383,gedranc,<code>gedranc</code>,1,0.0003236
383,gedrefed,<code>gedrefed</code>,1,0.0003236
383,gedwolmanna,<code>gedwolmanna</code>,1,0.0003236
383,gedwolmen,<code>gedwolmen</code>,1,0.0003236
383,gedwyldes,<code>gedwyldes</code>,1,0.0003236
383,geearnodon,<code>geearnodon</code>,1,0.0003236
383,geedsta&eth;ela,<code>geedsta&amp;d;ela</code>,1,0.0003236
383,geedsta&eth;elodest,<code>geedsta&amp;d;elodest</code>,1,0.0003236
383,gefeg,<code>gefeg</code>,1,0.0003236
383,gefr&aelig;tewade,<code>gefr&amp;ae;tewade</code>,1,0.0003236
383,gefremedon,<code>gefremedon</code>,1,0.0003236
383,gefullode,<code>gefullode</code>,1,0.0003236
383,gegadera&eth;,<code>gegadera&amp;d;</code>,1,0.0003236
383,gegaderode,<code>gegaderode</code>,1,0.0003236
383,geh&aelig;l&eth;,<code>geh&amp;ae;l&amp;d;</code>,1,0.0003236
383,geh&aelig;lan,<code>geh&amp;ae;lan</code>,1,0.0003236
383,geh&aelig;lde,<code>geh&amp;ae;lde</code>,1,0.0003236
383,geh&aelig;ldest,<code>geh&amp;ae;ldest</code>,1,0.0003236
383,gehalgode,<code>gehalgode</code>,1,0.0003236
383,gehealden,<code>gehealden</code>,1,0.0003236
383,gehwilce,<code>gehwilce</code>,1,0.0003236
383,gehwyrfde,<code>gehwyrfde</code>,1,0.0003236
383,gehyrde,<code>gehyrde</code>,1,0.0003236
383,gel&aelig;de,<code>gel&amp;ae;de</code>,1,0.0003236
383,gela&eth;ode,<code>gela&amp;d;ode</code>,1,0.0003236
383,gela&eth;ung,<code>gela&amp;d;ung</code>,1,0.0003236
383,gela&eth;unge,<code>gela&amp;d;unge</code>,1,0.0003236
383,geleaffulra,<code>geleaffulra</code>,1,0.0003236
383,gelufedan,<code>gelufedan</code>,1,0.0003236
383,gelufod,<code>gelufod</code>,1,0.0003236
383,gelyfed,<code>gelyfed</code>,1,0.0003236
383,gelyfende,<code>gelyfende</code>,1,0.0003236
383,gem&aelig;nelice,<code>gem&amp;ae;nelice</code>,1,0.0003236
383,gemeton,<code>gemeton</code>,1,0.0003236
383,gemetton,<code>gemetton</code>,1,0.0003236
383,genam,<code>genam</code>,1,0.0003236
383,geneadian,<code>geneadian</code>,1,0.0003236
383,genihtsuma&eth;,<code>genihtsuma&amp;d;</code>,1,0.0003236
383,genihtsume,<code>genihtsume</code>,1,0.0003236
383,genihtsumlice,<code>genihtsumlice</code>,1,0.0003236
383,genihtsumnyss&#275;,<code>genihtsumnyss&amp;e;</code>,1,0.0003236
383,geny&thorn;erod,<code>geny&amp;t;erod</code>,1,0.0003236
383,geoffrodon,<code>geoffrodon</code>,1,0.0003236
383,geond,<code>geond</code>,1,0.0003236
383,geopena,<code>geopena</code>,1,0.0003236
383,ger&aelig;d,<code>ger&amp;ae;d</code>,1,0.0003236
383,gereordunge,<code>gereordunge</code>,1,0.0003236
383,gesang,<code>gesang</code>,1,0.0003236
383,gesceafta,<code>gesceafta</code>,1,0.0003236
383,gesceapen,<code>gesceapen</code>,1,0.0003236
383,gescyldnysse,<code>gescyldnysse</code>,1,0.0003236
383,gesendest,<code>gesendest</code>,1,0.0003236
383,geseo,<code>geseo</code>,1,0.0003236
383,geseon,<code>geseon</code>,1,0.0003236
383,gesetnyssa,<code>gesetnyssa</code>,1,0.0003236
383,gesette,<code>gesette</code>,1,0.0003236
383,gesewen,<code>gesewen</code>,1,0.0003236
383,gesih&eth;,<code>gesih&amp;d;</code>,1,0.0003236
383,gesohton,<code>gesohton</code>,1,0.0003236
383,gestreon,<code>gestreon</code>,1,0.0003236
383,gesund,<code>gesund</code>,1,0.0003236
383,gesw&aelig;sum,<code>gesw&amp;ae;sum</code>,1,0.0003236
383,geswicon,<code>geswicon</code>,1,0.0003236
383,geswutelode,<code>geswutelode</code>,1,0.0003236
383,geteald,<code>geteald</code>,1,0.0003236
383,getengde,<code>getengde</code>,1,0.0003236
383,geti&thorn;a&eth;,<code>geti&amp;t;a&amp;d;</code>,1,0.0003236
383,gew&aelig;pnode,<code>gew&amp;ae;pnode</code>,1,0.0003236
383,gewat,<code>gewat</code>,1,0.0003236
383,gewemmednysse,<code>gewemmednysse</code>,1,0.0003236
383,gewifod,<code>gewifod</code>,1,0.0003236
383,gewit,<code>gewit</code>,1,0.0003236
383,gewita&eth;,<code>gewita&amp;d;</code>,1,0.0003236
383,gewiton,<code>gewiton</code>,1,0.0003236
383,gewordene,<code>gewordene</code>,1,0.0003236
383,gewunelic,<code>gewunelic</code>,1,0.0003236
383,gewyrdelicum,<code>gewyrdelicum</code>,1,0.0003236
383,gitsiendum,<code>gitsiendum</code>,1,0.0003236
383,gl&aelig;dne,<code>gl&amp;ae;dne</code>,1,0.0003236
383,goda,<code>goda</code>,1,0.0003236
383,godewebbe,<code>godewebbe</code>,1,0.0003236
383,godum,<code>godum</code>,1,0.0003236
383,golde,<code>golde</code>,1,0.0003236
383,goldes,<code>goldes</code>,1,0.0003236
383,goldhord,<code>goldhord</code>,1,0.0003236
383,goldsmi&eth;as,<code>goldsmi&amp;d;as</code>,1,0.0003236
383,gr&aelig;delice,<code>gr&amp;ae;delice</code>,1,0.0003236
383,granung,<code>granung</code>,1,0.0003236
383,grenan,<code>grenan</code>,1,0.0003236
383,greot,<code>greot</code>,1,0.0003236
383,grundlunga,<code>grundlunga</code>,1,0.0003236
383,gyfu,<code>gyfu</code>,1,0.0003236
383,gyldenan,<code>gyldenan</code>,1,0.0003236
383,gyldenum,<code>gyldenum</code>,1,0.0003236
383,gylpe,<code>gylpe</code>,1,0.0003236
383,gym&eth;,<code>gym&amp;d;</code>,1,0.0003236
383,gymde,<code>gymde</code>,1,0.0003236
383,gymdon,<code>gymdon</code>,1,0.0003236
383,gymeleaste,<code>gymeleaste</code>,1,0.0003236
383,gymmum,<code>gymmum</code>,1,0.0003236
383,gymwyrhtan,<code>gymwyrhtan</code>,1,0.0003236
383,gytsunge,<code>gytsunge</code>,1,0.0003236
383,h&aelig;&eth;engyld,<code>h&amp;ae;&amp;d;engyld</code>,1,0.0003236
383,h&aelig;&eth;engyldum,<code>h&amp;ae;&amp;d;engyldum</code>,1,0.0003236
383,h&aelig;&thorn;engyldan,<code>h&amp;ae;&amp;t;engyldan</code>,1,0.0003236
383,h&aelig;&thorn;enra,<code>h&amp;ae;&amp;t;enra</code>,1,0.0003236
383,h&aelig;lende,<code>h&amp;ae;lende</code>,1,0.0003236
383,halgum,<code>halgum</code>,1,0.0003236
383,halsode,<code>halsode</code>,1,0.0003236
383,hancrede,<code>hancrede</code>,1,0.0003236
383,handgeweorce,<code>handgeweorce</code>,1,0.0003236
383,hatum,<code>hatum</code>,1,0.0003236
383,healfan,<code>healfan</code>,1,0.0003236
383,healicum,<code>healicum</code>,1,0.0003236
383,heanan,<code>heanan</code>,1,0.0003236
383,heawa&eth;,<code>heawa&amp;d;</code>,1,0.0003236
383,heofanlican,<code>heofanlican</code>,1,0.0003236
383,heofenan,<code>heofenan</code>,1,0.0003236
383,heofenlic,<code>heofenlic</code>,1,0.0003236
383,heofenlican,<code>heofenlican</code>,1,0.0003236
383,heofonan,<code>heofonan</code>,1,0.0003236
383,heofonlica,<code>heofonlica</code>,1,0.0003236
383,heolde,<code>heolde</code>,1,0.0003236
383,heria&eth;,<code>heria&amp;d;</code>,1,0.0003236
383,herunge,<code>herunge</code>,1,0.0003236
383,hirede,<code>hirede</code>,1,0.0003236
383,hlaford,<code>hlaford</code>,1,0.0003236
383,hludre,<code>hludre</code>,1,0.0003236
383,hluttrum,<code>hluttrum</code>,1,0.0003236
383,hospe,<code>hospe</code>,1,0.0003236
383,hremde,<code>hremde</code>,1,0.0003236
383,hrepa&eth;,<code>hrepa&amp;d;</code>,1,0.0003236
383,hundnigontig,<code>hundnigontig</code>,1,0.0003236
383,hungres,<code>hungres</code>,1,0.0003236
383,huru,<code>huru</code>,1,0.0003236
383,huse,<code>huse</code>,1,0.0003236
383,huselgang,<code>huselgang</code>,1,0.0003236
383,hw&aelig;r,<code>hw&amp;ae;r</code>,1,0.0003236
383,hwa,<code>hwa</code>,1,0.0003236
383,hwilc,<code>hwilc</code>,1,0.0003236
383,hwile,<code>hwile</code>,1,0.0003236
383,hwilwendan,<code>hwilwendan</code>,1,0.0003236
383,hwilwendlice,<code>hwilwendlice</code>,1,0.0003236
383,hyra,<code>hyra</code>,1,0.0003236
383,ianvarii,<code>ianvarii</code>,1,0.0003236
383,idelum,<code>idelum</code>,1,0.0003236
383,igeo&eth;e,<code>igeo&amp;d;e</code>,1,0.0003236
383,in,<code>in</code>,1,0.0003236
383,incre,<code>incre</code>,1,0.0003236
383,inweardre,<code>inweardre</code>,1,0.0003236
383,inwerdlice,<code>inwerdlice</code>,1,0.0003236
383,iohannis,<code>iohannis</code>,1,0.0003236
383,israhela,<code>israhela</code>,1,0.0003236
383,iu,<code>iu</code>,1,0.0003236
383,kalendas,<code>kalendas</code>,1,0.0003236
383,l&aelig;cedom,<code>l&amp;ae;cedom</code>,1,0.0003236
383,l&aelig;dde,<code>l&amp;ae;dde</code>,1,0.0003236
383,l&aelig;s,<code>l&amp;ae;s</code>,1,0.0003236
383,la,<code>la</code>,1,0.0003236
383,landare,<code>landare</code>,1,0.0003236
383,langlice,<code>langlice</code>,1,0.0003236
383,langsumum,<code>langsumum</code>,1,0.0003236
383,lar,<code>lar</code>,1,0.0003236
383,leahtras,<code>leahtras</code>,1,0.0003236
383,lege,<code>lege</code>,1,0.0003236
383,leodbiscopas,<code>leodbiscopas</code>,1,0.0003236
383,leofan,<code>leofan</code>,1,0.0003236
383,leohtes,<code>leohtes</code>,1,0.0003236
383,leoman,<code>leoman</code>,1,0.0003236
383,leornian,<code>leornian</code>,1,0.0003236
383,leorningcnihte,<code>leorningcnihte</code>,1,0.0003236
383,lice,<code>lice</code>,1,0.0003236
383,lichamlicere,<code>lichamlicere</code>,1,0.0003236
383,lichoman,<code>lichoman</code>,1,0.0003236
383,licmanna,<code>licmanna</code>,1,0.0003236
383,licmannum,<code>licmannum</code>,1,0.0003236
383,lifiendan,<code>lifiendan</code>,1,0.0003236
383,liflican,<code>liflican</code>,1,0.0003236
383,ligum,<code>ligum</code>,1,0.0003236
383,lucas,<code>lucas</code>,1,0.0003236
383,lufode,<code>lufode</code>,1,0.0003236
383,luste,<code>luste</code>,1,0.0003236
383,lytlere,<code>lytlere</code>,1,0.0003236
383,m&aelig;den,<code>m&amp;ae;den</code>,1,0.0003236
383,m&aelig;denes,<code>m&amp;ae;denes</code>,1,0.0003236
383,m&aelig;g&eth;hades,<code>m&amp;ae;g&amp;d;hades</code>,1,0.0003236
383,m&aelig;ge,<code>m&amp;ae;ge</code>,1,0.0003236
383,m&aelig;gen&eth;rymme,<code>m&amp;ae;gen&amp;d;rymme</code>,1,0.0003236
383,m&aelig;glican,<code>m&amp;ae;glican</code>,1,0.0003236
383,m&aelig;ig&eth;hade,<code>m&amp;ae;ig&amp;d;hade</code>,1,0.0003236
383,m&aelig;ran,<code>m&amp;ae;ran</code>,1,0.0003236
383,m&aelig;ssan,<code>m&amp;ae;ssan</code>,1,0.0003236
383,maga,<code>maga</code>,1,0.0003236
383,mancyn,<code>mancyn</code>,1,0.0003236
383,mannes,<code>mannes</code>,1,0.0003236
383,mannum,<code>mannum</code>,1,0.0003236
383,marcus,<code>marcus</code>,1,0.0003236
383,matheus,<code>matheus</code>,1,0.0003236
383,meder,<code>meder</code>,1,0.0003236
383,men,<code>men</code>,1,0.0003236
383,menigfealde,<code>menigfealde</code>,1,0.0003236
383,menigfealdra,<code>menigfealdra</code>,1,0.0003236
383,menigu,<code>menigu</code>,1,0.0003236
383,meniu,<code>meniu</code>,1,0.0003236
383,micelre,<code>micelre</code>,1,0.0003236
383,micle,<code>micle</code>,1,0.0003236
383,middaneardes,<code>middaneardes</code>,1,0.0003236
383,miht,<code>miht</code>,1,0.0003236
383,mihta,<code>mihta</code>,1,0.0003236
383,mihton,<code>mihton</code>,1,0.0003236
383,mildheortnysse,<code>mildheortnysse</code>,1,0.0003236
383,miltsa&eth;,<code>miltsa&amp;d;</code>,1,0.0003236
383,miltsian,<code>miltsian</code>,1,0.0003236
383,miltsode,<code>miltsode</code>,1,0.0003236
383,minne,<code>minne</code>,1,0.0003236
383,miswende,<code>miswende</code>,1,0.0003236
383,mod,<code>mod</code>,1,0.0003236
383,modrian,<code>modrian</code>,1,0.0003236
383,monan,<code>monan</code>,1,0.0003236
383,moste,<code>moste</code>,1,0.0003236
383,mu&eth;,<code>mu&amp;d;</code>,1,0.0003236
383,mu&eth;e,<code>mu&amp;d;e</code>,1,0.0003236
383,mu&thorn;e,<code>mu&amp;t;e</code>,1,0.0003236
383,myrh&eth;e,<code>myrh&amp;d;e</code>,1,0.0003236
383,n&aelig;re,<code>n&amp;ae;re</code>,1,0.0003236
383,n&aelig;s,<code>n&amp;ae;s</code>,1,0.0003236
383,na,<code>na</code>,1,0.0003236
383,nacod,<code>nacod</code>,1,0.0003236
383,nahwar,<code>nahwar</code>,1,0.0003236
383,nama,<code>nama</code>,1,0.0003236
383,nanes,<code>nanes</code>,1,0.0003236
383,nanum,<code>nanum</code>,1,0.0003236
383,nehstan,<code>nehstan</code>,1,0.0003236
383,neosung,<code>neosung</code>,1,0.0003236
383,neosunge,<code>neosunge</code>,1,0.0003236
383,nerfa,<code>nerfa</code>,1,0.0003236
383,nerone,<code>nerone</code>,1,0.0003236
383,nigon,<code>nigon</code>,1,0.0003236
383,nihta,<code>nihta</code>,1,0.0003236
383,nihtum,<code>nihtum</code>,1,0.0003236
383,nim,<code>nim</code>,1,0.0003236
383,nima&eth;,<code>nima&amp;d;</code>,1,0.0003236
383,nolde,<code>nolde</code>,1,0.0003236
383,nytenan,<code>nytenan</code>,1,0.0003236
383,nytennysse,<code>nytennysse</code>,1,0.0003236
383,o&eth;erne,<code>o&amp;d;erne</code>,1,0.0003236
383,oferstah,<code>oferstah</code>,1,0.0003236
383,oferswi&eth;de,<code>oferswi&amp;d;de</code>,1,0.0003236
383,ofhreow,<code>ofhreow</code>,1,0.0003236
383,ofseah,<code>ofseah</code>,1,0.0003236
383,ofsettan,<code>ofsettan</code>,1,0.0003236
383,oft,<code>oft</code>,1,0.0003236
383,onbryrd,<code>onbryrd</code>,1,0.0003236
383,oncnawan,<code>oncnawan</code>,1,0.0003236
383,oncnawe,<code>oncnawe</code>,1,0.0003236
383,ondr&aelig;da&eth;,<code>ondr&amp;ae;da&amp;d;</code>,1,0.0003236
383,onfo,<code>onfo</code>,1,0.0003236
383,onfoh,<code>onfoh</code>,1,0.0003236
383,ongan,<code>ongan</code>,1,0.0003236
383,ongann,<code>ongann</code>,1,0.0003236
383,onlihtest,<code>onlihtest</code>,1,0.0003236
383,onwrigenysse,<code>onwrigenysse</code>,1,0.0003236
383,orsorh,<code>orsorh</code>,1,0.0003236
383,p&aelig;llene,<code>p&amp;ae;llene</code>,1,0.0003236
383,pa&eth;mas,<code>pa&amp;d;mas</code>,1,0.0003236
383,papolstanas,<code>papolstanas</code>,1,0.0003236
383,pergamum,<code>pergamum</code>,1,0.0003236
383,plegan,<code>plegan</code>,1,0.0003236
383,principio,<code>principio</code>,1,0.0003236
383,r&aelig;ddon,<code>r&amp;ae;ddon</code>,1,0.0003236
383,racum,<code>racum</code>,1,0.0003236
383,rarigende,<code>rarigende</code>,1,0.0003236
383,read,<code>read</code>,1,0.0003236
383,readum,<code>readum</code>,1,0.0003236
383,reliqua,<code>reliqua</code>,1,0.0003236
383,renscuras,<code>renscuras</code>,1,0.0003236
383,rican,<code>rican</code>,1,0.0003236
383,rices,<code>rices</code>,1,0.0003236
383,riht,<code>riht</code>,1,0.0003236
383,rihtlic,<code>rihtlic</code>,1,0.0003236
383,rixa&eth;,<code>rixa&amp;d;</code>,1,0.0003236
383,rixode,<code>rixode</code>,1,0.0003236
383,rode,<code>rode</code>,1,0.0003236
383,rodehengene,<code>rodehengene</code>,1,0.0003236
383,rodetacne,<code>rodetacne</code>,1,0.0003236
383,romana,<code>romana</code>,1,0.0003236
383,rose,<code>rose</code>,1,0.0003236
383,s&aelig;strande,<code>s&amp;ae;strande</code>,1,0.0003236
383,sancti,<code>sancti</code>,1,0.0003236
383,sarnysse,<code>sarnysse</code>,1,0.0003236
383,saula,<code>saula</code>,1,0.0003236
383,saule,<code>saule</code>,1,0.0003236
383,saulum,<code>saulum</code>,1,0.0003236
383,scea&eth;an,<code>scea&amp;d;an</code>,1,0.0003236
383,sceal,<code>sceal</code>,1,0.0003236
383,scealt,<code>scealt</code>,1,0.0003236
383,scearpnysse,<code>scearpnysse</code>,1,0.0003236
383,sceawian,<code>sceawian</code>,1,0.0003236
383,sceoccan,<code>sceoccan</code>,1,0.0003236
383,sceolde,<code>sceolde</code>,1,0.0003236
383,scorede,<code>scorede</code>,1,0.0003236
383,scrud,<code>scrud</code>,1,0.0003236
383,scyppend,<code>scyppend</code>,1,0.0003236
383,sealdon,<code>sealdon</code>,1,0.0003236
383,settan,<code>settan</code>,1,0.0003236
383,sette,<code>sette</code>,1,0.0003236
383,settest,<code>settest</code>,1,0.0003236
383,setton,<code>setton</code>,1,0.0003236
383,sibbe,<code>sibbe</code>,1,0.0003236
383,sint,<code>sint</code>,1,0.0003236
383,six,<code>six</code>,1,0.0003236
383,sl&aelig;pe,<code>sl&amp;ae;pe</code>,1,0.0003236
383,smeagung,<code>smeagung</code>,1,0.0003236
383,smi&eth;&eth;an,<code>smi&amp;d;&amp;d;an</code>,1,0.0003236
383,so&eth;f&aelig;stnysse,<code>so&amp;d;f&amp;ae;stnysse</code>,1,0.0003236
383,sprecende,<code>sprecende</code>,1,0.0003236
383,st&aelig;nene,<code>st&amp;ae;nene</code>,1,0.0003236
383,stencum,<code>stencum</code>,1,0.0003236
383,stod,<code>stod</code>,1,0.0003236
383,stop,<code>stop</code>,1,0.0003236
383,str&aelig;t,<code>str&amp;ae;t</code>,1,0.0003236
383,strande,<code>strande</code>,1,0.0003236
383,strange,<code>strange</code>,1,0.0003236
383,sumne,<code>sumne</code>,1,0.0003236
383,sunnan,<code>sunnan</code>,1,0.0003236
383,sunnand&aelig;g,<code>sunnand&amp;ae;g</code>,1,0.0003236
383,sunnanuhtan,<code>sunnanuhtan</code>,1,0.0003236
383,sweoster,<code>sweoster</code>,1,0.0003236
383,swi&eth;or,<code>swi&amp;d;or</code>,1,0.0003236
383,swi&eth;ost,<code>swi&amp;d;ost</code>,1,0.0003236
383,sy,<code>sy</code>,1,0.0003236
383,sy&thorn;&eth;an,<code>sy&amp;t;&amp;d;an</code>,1,0.0003236
383,syfan,<code>syfan</code>,1,0.0003236
383,syllan,<code>syllan</code>,1,0.0003236
383,sylle,<code>sylle</code>,1,0.0003236
383,synd,<code>synd</code>,1,0.0003236
383,synderlice,<code>synderlice</code>,1,0.0003236
383,synna,<code>synna</code>,1,0.0003236
383,synne,<code>synne</code>,1,0.0003236
383,t&aelig;htest,<code>t&amp;ae;htest</code>,1,0.0003236
383,tacen,<code>tacen</code>,1,0.0003236
383,tearas,<code>tearas</code>,1,0.0003236
383,temple,<code>temple</code>,1,0.0003236
383,teolunge,<code>teolunge</code>,1,0.0003236
383,tid,<code>tid</code>,1,0.0003236
383,tida,<code>tida</code>,1,0.0003236
383,tihte,<code>tihte</code>,1,0.0003236
383,tima,<code>tima</code>,1,0.0003236
383,timan,<code>timan</code>,1,0.0003236
383,tobr&aelig;can,<code>tobr&amp;ae;can</code>,1,0.0003236
383,tobrocenan,<code>tobrocenan</code>,1,0.0003236
383,tocnawe,<code>tocnawe</code>,1,0.0003236
383,tocw&aelig;&eth;,<code>tocw&amp;ae;&amp;d;</code>,1,0.0003236
383,tocwysan,<code>tocwysan</code>,1,0.0003236
383,tocwyse,<code>tocwyse</code>,1,0.0003236
383,tocwysede,<code>tocwysede</code>,1,0.0003236
383,tocwysednysse,<code>tocwysednysse</code>,1,0.0003236
383,togeanes,<code>togeanes</code>,1,0.0003236
383,toweardan,<code>toweardan</code>,1,0.0003236
383,towurpan,<code>towurpan</code>,1,0.0003236
383,towurpe,<code>towurpe</code>,1,0.0003236
383,towurpon,<code>towurpon</code>,1,0.0003236
383,tungla,<code>tungla</code>,1,0.0003236
383,twelf,<code>twelf</code>,1,0.0003236
383,twyna&eth;,<code>twyna&amp;d;</code>,1,0.0003236
383,twynunge,<code>twynunge</code>,1,0.0003236
383,u&eth;witan,<code>u&amp;d;witan</code>,1,0.0003236
383,ufor,<code>ufor</code>,1,0.0003236
383,un&thorn;eawas,<code>un&amp;t;eawas</code>,1,0.0003236
383,unasecgendlicum,<code>unasecgendlicum</code>,1,0.0003236
383,unco&eth;e,<code>unco&amp;d;e</code>,1,0.0003236
383,uncyste,<code>uncyste</code>,1,0.0003236
383,underfengon,<code>underfengon</code>,1,0.0003236
383,undergeat,<code>undergeat</code>,1,0.0003236
383,undern,<code>undern</code>,1,0.0003236
383,unforhtmod,<code>unforhtmod</code>,1,0.0003236
383,ungeendode,<code>ungeendode</code>,1,0.0003236
383,ungeleaffulle,<code>ungeleaffulle</code>,1,0.0003236
383,unges&aelig;liga,<code>unges&amp;ae;liga</code>,1,0.0003236
383,ungewemmed,<code>ungewemmed</code>,1,0.0003236
383,ungewemmedum,<code>ungewemmedum</code>,1,0.0003236
383,untrumnyssa,<code>untrumnyssa</code>,1,0.0003236
383,unw&aelig;rscipe,<code>unw&amp;ae;rscipe</code>,1,0.0003236
383,unwi&eth;metenlice,<code>unwi&amp;d;metenlice</code>,1,0.0003236
383,unwindan,<code>unwindan</code>,1,0.0003236
383,upahafenum,<code>upahafenum</code>,1,0.0003236
383,uppon,<code>uppon</code>,1,0.0003236
383,upstige,<code>upstige</code>,1,0.0003236
383,urnon,<code>urnon</code>,1,0.0003236
383,utawegan,<code>utawegan</code>,1,0.0003236
383,vi,<code>vi</code>,1,0.0003236
383,w&aelig;dlian,<code>w&amp;ae;dlian</code>,1,0.0003236
383,w&aelig;dliende,<code>w&amp;ae;dliende</code>,1,0.0003236
383,w&aelig;dlum,<code>w&amp;ae;dlum</code>,1,0.0003236
383,w&aelig;felse,<code>w&amp;ae;felse</code>,1,0.0003236
383,w&aelig;fersyne,<code>w&amp;ae;fersyne</code>,1,0.0003236
383,w&aelig;lreow,<code>w&amp;ae;lreow</code>,1,0.0003236
383,w&aelig;tere,<code>w&amp;ae;tere</code>,1,0.0003236
383,w&aelig;tes,<code>w&amp;ae;tes</code>,1,0.0003236
383,waclicum,<code>waclicum</code>,1,0.0003236
383,wacnysse,<code>wacnysse</code>,1,0.0003236
383,wambe,<code>wambe</code>,1,0.0003236
383,wanspedigan,<code>wanspedigan</code>,1,0.0003236
383,wast,<code>wast</code>,1,0.0003236
383,wealdend,<code>wealdend</code>,1,0.0003236
383,weallendum,<code>weallendum</code>,1,0.0003236
383,weaxende,<code>weaxende</code>,1,0.0003236
383,wecge,<code>wecge</code>,1,0.0003236
383,welige,<code>welige</code>,1,0.0003236
383,weofode,<code>weofode</code>,1,0.0003236
383,wepan,<code>wepan</code>,1,0.0003236
383,wependum,<code>wependum</code>,1,0.0003236
383,weras,<code>weras</code>,1,0.0003236
383,westene,<code>westene</code>,1,0.0003236
383,wexa&eth;,<code>wexa&amp;d;</code>,1,0.0003236
383,wif,<code>wif</code>,1,0.0003236
383,wifian,<code>wifian</code>,1,0.0003236
383,win,<code>win</code>,1,0.0003236
383,wine,<code>wine</code>,1,0.0003236
383,wistfullige,<code>wistfullige</code>,1,0.0003236
383,witega,<code>witega</code>,1,0.0003236
383,witena,<code>witena</code>,1,0.0003236
383,witum,<code>witum</code>,1,0.0003236
383,wolden,<code>wolden</code>,1,0.0003236
383,worde,<code>worde</code>,1,0.0003236
383,woreldlicum,<code>woreldlicum</code>,1,0.0003236
383,woruldlice,<code>woruldlice</code>,1,0.0003236
383,woruldlicera,<code>woruldlicera</code>,1,0.0003236
383,woruldlicum,<code>woruldlicum</code>,1,0.0003236
383,woruldwisdom,<code>woruldwisdom</code>,1,0.0003236
383,wr&aelig;csi&eth;,<code>wr&amp;ae;csi&amp;d;</code>,1,0.0003236
383,wudewe,<code>wudewe</code>,1,0.0003236
383,wunade,<code>wunade</code>,1,0.0003236
383,wununga,<code>wununga</code>,1,0.0003236
383,wur&eth;a&eth;,<code>wur&amp;d;a&amp;d;</code>,1,0.0003236
383,wur&eth;mynt,<code>wur&amp;d;mynt</code>,1,0.0003236
383,wylt,<code>wylt</code>,1,0.0003236
383,wyrcan,<code>wyrcan</code>,1,0.0003236
383,wyrstan,<code>wyrstan</code>,1,0.0003236
383,yldesta,<code>yldesta</code>,1,0.0003236
383,yldran,<code>yldran</code>,1,0.0003236
383,ymbe,<code>ymbe</code>,1,0.0003236
