B_Prose,B01,B01.002.017_AECHom_II__14.2_T02670.txt,10,10,10
RANK,HTML WORD,RAW WORD,COUNT,RELATIVE FREQUENCY
1,&eth;rim,<code>&amp;d;rim</code>,1,0.1000000
1,&thorn;am,<code>&amp;t;am</code>,1,0.1000000
1,man,<code>man</code>,1,0.1000000
1,mot,<code>mot</code>,1,0.1000000
1,nan,<code>nan</code>,1,0.1000000
1,ne,<code>ne</code>,1,0.1000000
1,on,<code>on</code>,1,0.1000000
1,secgan,<code>secgan</code>,1,0.1000000
1,spell,<code>spell</code>,1,0.1000000
1,swigdagum,<code>swigdagum</code>,1,0.1000000
