B_Prose,B01,B01.001.019.004_AECHom_I__17__App__T02260.txt,909,538,3009
RANK,HTML WORD,RAW WORD,COUNT,RELATIVE FREQUENCY
1,&amp;,<code>&amp;amp;</code>,113,0.0375540
2,on,<code>on</code>,79,0.0262546
3,hi,<code>hi</code>,74,0.0245929
4,and,<code>and</code>,73,0.0242606
5,&thorn;&aelig;t,<code>&amp;t;&amp;ae;t</code>,71,0.0235959
6,swa,<code>swa</code>,61,0.0202725
7,ne,<code>ne</code>,58,0.0192755
8,he,<code>he</code>,52,0.0172815
9,&eth;e,<code>&amp;d;e</code>,50,0.0166168
10,to,<code>to</code>,48,0.0159521
11,his,<code>his</code>,47,0.0156198
12,se,<code>se</code>,41,0.0136258
13,for,<code>for</code>,38,0.0126288
14,ic,<code>ic</code>,34,0.0112994
15,mid,<code>mid</code>,32,0.0106348
16,&thorn;a,<code>&amp;t;a</code>,31,0.0103024
16,ge,<code>ge</code>,31,0.0103024
18,&thorn;e,<code>&amp;t;e</code>,30,0.0099701
19,is,<code>is</code>,29,0.0096378
19,scep,<code>scep</code>,29,0.0096378
21,&thorn;am,<code>&amp;t;am</code>,27,0.0089731
22,heora,<code>heora</code>,26,0.0086407
23,him,<code>him</code>,25,0.0083084
24,of,<code>of</code>,24,0.0079761
25,&eth;a,<code>&amp;d;a</code>,23,0.0076437
26,we,<code>we</code>,22,0.0073114
27,&eth;an,<code>&amp;d;an</code>,21,0.0069791
27,ac,<code>ac</code>,21,0.0069791
27,beo&eth;,<code>beo&amp;d;</code>,21,0.0069791
30,&thorn;onne,<code>&amp;t;onne</code>,19,0.0063144
30,god,<code>god</code>,19,0.0063144
32,gif,<code>gif</code>,18,0.0059821
33,mine,<code>mine</code>,17,0.0056497
33,us,<code>us</code>,17,0.0056497
35,synd,<code>synd</code>,16,0.0053174
36,hyrde,<code>hyrde</code>,15,0.0049850
37,&eth;&aelig;t,<code>&amp;d;&amp;ae;t</code>,13,0.0043204
37,gode,<code>gode</code>,13,0.0043204
39,eow,<code>eow</code>,11,0.0036557
39,hine,<code>hine</code>,11,0.0036557
41,bi&eth;,<code>bi&amp;d;</code>,10,0.0033234
41,eallum,<code>eallum</code>,10,0.0033234
41,hyrdas,<code>hyrdas</code>,10,0.0033234
41,life,<code>life</code>,10,0.0033234
45,godes,<code>godes</code>,9,0.0029910
45,nu,<code>nu</code>,9,0.0029910
45,sylf,<code>sylf</code>,9,0.0029910
48,&eth;am,<code>&amp;d;am</code>,8,0.0026587
48,be,<code>be</code>,8,0.0026587
48,cw&aelig;&thorn;,<code>cw&amp;ae;&amp;t;</code>,8,0.0026587
48,dunum,<code>dunum</code>,8,0.0026587
48,hit,<code>hit</code>,8,0.0026587
48,hyrdum,<code>hyrdum</code>,8,0.0026587
48,lare,<code>lare</code>,8,0.0026587
48,sylfe,<code>sylfe</code>,8,0.0026587
56,&aelig;t,<code>&amp;ae;t</code>,7,0.0023264
56,&eth;eah,<code>&amp;d;eah</code>,7,0.0023264
56,beon,<code>beon</code>,7,0.0023264
56,ealle,<code>ealle</code>,7,0.0023264
56,eowde,<code>eowde</code>,7,0.0023264
56,menn,<code>menn</code>,7,0.0023264
56,sece,<code>sece</code>,7,0.0023264
56,swi&eth;e,<code>swi&amp;d;e</code>,7,0.0023264
56,tostencte,<code>tostencte</code>,7,0.0023264
56,ure,<code>ure</code>,7,0.0023264
56,w&aelig;s,<code>w&amp;ae;s</code>,7,0.0023264
67,&eth;one,<code>&amp;d;one</code>,6,0.0019940
67,&eth;u,<code>&amp;d;u</code>,6,0.0019940
67,&thorn;eah,<code>&amp;t;eah</code>,6,0.0019940
67,&thorn;one,<code>&amp;t;one</code>,6,0.0019940
67,eft,<code>eft</code>,6,0.0019940
67,lareow,<code>lareow</code>,6,0.0019940
67,m&aelig;g,<code>m&amp;ae;g</code>,6,0.0019940
67,mann,<code>mann</code>,6,0.0019940
67,sceapa,<code>sceapa</code>,6,0.0019940
67,so&eth;lice,<code>so&amp;d;lice</code>,6,0.0019940
67,w&aelig;ron,<code>w&amp;ae;ron</code>,6,0.0019940
78,&eth;ing,<code>&amp;d;ing</code>,5,0.0016617
78,apostol,<code>apostol</code>,5,0.0016617
78,butan,<code>butan</code>,5,0.0016617
78,cristes,<code>cristes</code>,5,0.0016617
78,eac,<code>eac</code>,5,0.0016617
78,gegaderige,<code>gegaderige</code>,5,0.0016617
78,gel&aelig;de,<code>gel&amp;ae;de</code>,5,0.0016617
78,geleafan,<code>geleafan</code>,5,0.0016617
78,goda,<code>goda</code>,5,0.0016617
78,gymeleaste,<code>gymeleaste</code>,5,0.0016617
78,hu,<code>hu</code>,5,0.0016617
78,hw&aelig;t,<code>hw&amp;ae;t</code>,5,0.0016617
78,israhela,<code>israhela</code>,5,0.0016617
78,magon,<code>magon</code>,5,0.0016617
78,manna,<code>manna</code>,5,0.0016617
78,mete,<code>mete</code>,5,0.0016617
78,mist,<code>mist</code>,5,0.0016617
78,nan,<code>nan</code>,5,0.0016617
78,o&eth;&eth;e,<code>o&amp;d;&amp;d;e</code>,5,0.0016617
78,ongean,<code>ongean</code>,5,0.0016617
78,paulus,<code>paulus</code>,5,0.0016617
78,seo,<code>seo</code>,5,0.0016617
78,sylfne,<code>sylfne</code>,5,0.0016617
78,untrume,<code>untrume</code>,5,0.0016617
78,wel,<code>wel</code>,5,0.0016617
78,worulde,<code>worulde</code>,5,0.0016617
78,wyle,<code>wyle</code>,5,0.0016617
105,&aelig;fre,<code>&amp;ae;fre</code>,4,0.0013293
105,&aelig;lmihtig,<code>&amp;ae;lmihtig</code>,4,0.0013293
105,&aelig;lmihtiga,<code>&amp;ae;lmihtiga</code>,4,0.0013293
105,&thorn;&aelig;re,<code>&amp;t;&amp;ae;re</code>,4,0.0013293
105,beo,<code>beo</code>,4,0.0013293
105,cludum,<code>cludum</code>,4,0.0013293
105,d&aelig;dum,<code>d&amp;ae;dum</code>,4,0.0013293
105,de&eth;,<code>de&amp;d;</code>,4,0.0013293
105,drihtne,<code>drihtne</code>,4,0.0013293
105,dweliendan,<code>dweliendan</code>,4,0.0013293
105,ecan,<code>ecan</code>,4,0.0013293
105,eowda,<code>eowda</code>,4,0.0013293
105,habba&eth;,<code>habba&amp;d;</code>,4,0.0013293
105,habban,<code>habban</code>,4,0.0013293
105,heo,<code>heo</code>,4,0.0013293
105,l&aelig;swige,<code>l&amp;ae;swige</code>,4,0.0013293
105,landum,<code>landum</code>,4,0.0013293
105,leahtrum,<code>leahtrum</code>,4,0.0013293
105,losian,<code>losian</code>,4,0.0013293
105,losode,<code>losode</code>,4,0.0013293
105,man,<code>man</code>,4,0.0013293
105,mannum,<code>mannum</code>,4,0.0013293
105,micel,<code>micel</code>,4,0.0013293
105,moton,<code>moton</code>,4,0.0013293
105,na,<code>na</code>,4,0.0013293
105,o&eth;,<code>o&amp;d;</code>,4,0.0013293
105,o&eth;rum,<code>o&amp;d;rum</code>,4,0.0013293
105,rihtwisnysse,<code>rihtwisnysse</code>,4,0.0013293
105,sawle,<code>sawle</code>,4,0.0013293
105,sceolon,<code>sceolon</code>,4,0.0013293
105,secge,<code>secge</code>,4,0.0013293
105,sume,<code>sume</code>,4,0.0013293
105,sunu,<code>sunu</code>,4,0.0013293
105,syndon,<code>syndon</code>,4,0.0013293
105,witegan,<code>witegan</code>,4,0.0013293
140,&aelig;lc,<code>&amp;ae;lc</code>,3,0.0009970
140,&aelig;r,<code>&amp;ae;r</code>,3,0.0009970
140,&eth;&aelig;re,<code>&amp;d;&amp;ae;re</code>,3,0.0009970
140,&eth;yssere,<code>&amp;d;yssere</code>,3,0.0009970
140,&thorn;&aelig;ra,<code>&amp;t;&amp;ae;ra</code>,3,0.0009970
140,&thorn;urh,<code>&amp;t;urh</code>,3,0.0009970
140,agen,<code>agen</code>,3,0.0009970
140,crist,<code>crist</code>,3,0.0009970
140,criste,<code>criste</code>,3,0.0009970
140,d&aelig;g,<code>d&amp;ae;g</code>,3,0.0009970
140,don,<code>don</code>,3,0.0009970
140,drihten,<code>drihten</code>,3,0.0009970
140,dyde,<code>dyde</code>,3,0.0009970
140,earfo&eth;nysse,<code>earfo&amp;d;nysse</code>,3,0.0009970
140,efne,<code>efne</code>,3,0.0009970
140,ende,<code>ende</code>,3,0.0009970
140,eowre,<code>eowre</code>,3,0.0009970
140,f&aelig;tte,<code>f&amp;ae;tte</code>,3,0.0009970
140,feddon,<code>feddon</code>,3,0.0009970
140,fela,<code>fela</code>,3,0.0009970
140,folce,<code>folce</code>,3,0.0009970
140,gehyran,<code>gehyran</code>,3,0.0009970
140,genipe,<code>genipe</code>,3,0.0009970
140,geteald,<code>geteald</code>,3,0.0009970
140,godan,<code>godan</code>,3,0.0009970
140,godum,<code>godum</code>,3,0.0009970
140,halgan,<code>halgan</code>,3,0.0009970
140,her,<code>her</code>,3,0.0009970
140,l&aelig;t,<code>l&amp;ae;t</code>,3,0.0009970
140,lareowas,<code>lareowas</code>,3,0.0009970
140,licige,<code>licige</code>,3,0.0009970
140,lufia&eth;,<code>lufia&amp;d;</code>,3,0.0009970
140,mare,<code>mare</code>,3,0.0009970
140,micclan,<code>micclan</code>,3,0.0009970
140,micelre,<code>micelre</code>,3,0.0009970
140,min,<code>min</code>,3,0.0009970
140,miste,<code>miste</code>,3,0.0009970
140,n&aelig;s,<code>n&amp;ae;s</code>,3,0.0009970
140,nis,<code>nis</code>,3,0.0009970
140,ofer,<code>ofer</code>,3,0.0009970
140,s&aelig;de,<code>s&amp;ae;de</code>,3,0.0009970
140,secga&eth;,<code>secga&amp;d;</code>,3,0.0009970
140,so&eth;re,<code>so&amp;d;re</code>,3,0.0009970
140,stencte,<code>stencte</code>,3,0.0009970
140,stowum,<code>stowum</code>,3,0.0009970
140,strange,<code>strange</code>,3,0.0009970
140,sumum,<code>sumum</code>,3,0.0009970
140,swylcum,<code>swylcum</code>,3,0.0009970
140,sylfum,<code>sylfum</code>,3,0.0009970
140,unsynnig,<code>unsynnig</code>,3,0.0009970
140,untruman,<code>untruman</code>,3,0.0009970
140,w&aelig;re,<code>w&amp;ae;re</code>,3,0.0009970
140,weorcum,<code>weorcum</code>,3,0.0009970
140,wi&eth;,<code>wi&amp;d;</code>,3,0.0009970
140,wilddeorum,<code>wilddeorum</code>,3,0.0009970
140,woruld,<code>woruld</code>,3,0.0009970
140,wylla&eth;,<code>wylla&amp;d;</code>,3,0.0009970
140,yfele,<code>yfele</code>,3,0.0009970
198,&aelig;hta,<code>&amp;ae;hta</code>,2,0.0006647
198,&aelig;lmesd&aelig;da,<code>&amp;ae;lmesd&amp;ae;da</code>,2,0.0006647
198,&eth;&aelig;r,<code>&amp;d;&amp;ae;r</code>,2,0.0006647
198,&eth;earfe,<code>&amp;d;earfe</code>,2,0.0006647
198,&thorn;&aelig;s,<code>&amp;t;&amp;ae;s</code>,2,0.0006647
198,&thorn;eos,<code>&amp;t;eos</code>,2,0.0006647
198,&thorn;ing,<code>&amp;t;ing</code>,2,0.0006647
198,&thorn;is,<code>&amp;t;is</code>,2,0.0006647
198,&thorn;rowian,<code>&amp;t;rowian</code>,2,0.0006647
198,&thorn;urhsih&eth;,<code>&amp;t;urhsih&amp;d;</code>,2,0.0006647
198,adlige,<code>adlige</code>,2,0.0006647
198,alyse,<code>alyse</code>,2,0.0006647
198,ane,<code>ane</code>,2,0.0006647
198,aworpen,<code>aworpen</code>,2,0.0006647
198,aworpene,<code>aworpene</code>,2,0.0006647
198,awrat,<code>awrat</code>,2,0.0006647
198,bec,<code>bec</code>,2,0.0006647
198,becuman,<code>becuman</code>,2,0.0006647
198,behet,<code>behet</code>,2,0.0006647
198,beswic&eth;,<code>beswic&amp;d;</code>,2,0.0006647
198,betwynan,<code>betwynan</code>,2,0.0006647
198,bocum,<code>bocum</code>,2,0.0006647
198,bysna&eth;,<code>bysna&amp;d;</code>,2,0.0006647
198,cristenan,<code>cristenan</code>,2,0.0006647
198,cristene,<code>cristene</code>,2,0.0006647
198,cuma&eth;,<code>cuma&amp;d;</code>,2,0.0006647
198,d&aelig;da,<code>d&amp;ae;da</code>,2,0.0006647
198,dea&eth;,<code>dea&amp;d;</code>,2,0.0006647
198,deofles,<code>deofles</code>,2,0.0006647
198,do,<code>do</code>,2,0.0006647
198,do&eth;,<code>do&amp;d;</code>,2,0.0006647
198,domas,<code>domas</code>,2,0.0006647
198,domo,<code>domo</code>,2,0.0006647
198,dwelia&eth;,<code>dwelia&amp;d;</code>,2,0.0006647
198,eagum,<code>eagum</code>,2,0.0006647
198,eall,<code>eall</code>,2,0.0006647
198,eallra,<code>eallra</code>,2,0.0006647
198,earmlice,<code>earmlice</code>,2,0.0006647
198,ege,<code>ege</code>,2,0.0006647
198,embe,<code>embe</code>,2,0.0006647
198,endenextan,<code>endenextan</code>,2,0.0006647
198,englisc,<code>englisc</code>,2,0.0006647
198,eor&eth;an,<code>eor&amp;d;an</code>,2,0.0006647
198,est,<code>est</code>,2,0.0006647
198,et,<code>et</code>,2,0.0006647
198,ezechiel,<code>ezechiel</code>,2,0.0006647
198,f&aelig;der,<code>f&amp;ae;der</code>,2,0.0006647
198,f&aelig;ttan,<code>f&amp;ae;ttan</code>,2,0.0006647
198,feda&eth;,<code>feda&amp;d;</code>,2,0.0006647
198,folc,<code>folc</code>,2,0.0006647
198,folcum,<code>folcum</code>,2,0.0006647
198,forb&aelig;r,<code>forb&amp;ae;r</code>,2,0.0006647
198,forgite,<code>forgite</code>,2,0.0006647
198,forl&aelig;t,<code>forl&amp;ae;t</code>,2,0.0006647
198,forl&aelig;ta&eth;,<code>forl&amp;ae;ta&amp;d;</code>,2,0.0006647
198,fram,<code>fram</code>,2,0.0006647
198,fruman,<code>fruman</code>,2,0.0006647
198,fur&eth;on,<code>fur&amp;d;on</code>,2,0.0006647
198,fur&eth;or,<code>fur&amp;d;or</code>,2,0.0006647
198,g&aelig;rsum,<code>g&amp;ae;rsum</code>,2,0.0006647
198,gedo,<code>gedo</code>,2,0.0006647
198,gedwylde,<code>gedwylde</code>,2,0.0006647
198,geefenl&aelig;can,<code>geefenl&amp;ae;can</code>,2,0.0006647
198,geendunge,<code>geendunge</code>,2,0.0006647
198,geh&aelig;ldon,<code>geh&amp;ae;ldon</code>,2,0.0006647
198,gehealde,<code>gehealde</code>,2,0.0006647
198,gehealdene,<code>gehealdene</code>,2,0.0006647
198,gehwa,<code>gehwa</code>,2,0.0006647
198,gehyra&eth;,<code>gehyra&amp;d;</code>,2,0.0006647
198,geleaffullan,<code>geleaffullan</code>,2,0.0006647
198,geneosa&eth;,<code>geneosa&amp;d;</code>,2,0.0006647
198,geneosige,<code>geneosige</code>,2,0.0006647
198,genihtsumum,<code>genihtsumum</code>,2,0.0006647
198,geresta&eth;,<code>geresta&amp;d;</code>,2,0.0006647
198,geswica&eth;,<code>geswica&amp;d;</code>,2,0.0006647
198,getrymman,<code>getrymman</code>,2,0.0006647
198,getrymme,<code>getrymme</code>,2,0.0006647
198,gewordene,<code>gewordene</code>,2,0.0006647
198,growendum,<code>growendum</code>,2,0.0006647
198,h&aelig;bbe,<code>h&amp;ae;bbe</code>,2,0.0006647
198,h&aelig;f&eth;,<code>h&amp;ae;f&amp;d;</code>,2,0.0006647
198,h&aelig;lend,<code>h&amp;ae;lend</code>,2,0.0006647
198,heoldon,<code>heoldon</code>,2,0.0006647
198,heortan,<code>heortan</code>,2,0.0006647
198,huxlice,<code>huxlice</code>,2,0.0006647
198,hylt,<code>hylt</code>,2,0.0006647
198,hyre,<code>hyre</code>,2,0.0006647
198,iesu,<code>iesu</code>,2,0.0006647
198,in,<code>in</code>,2,0.0006647
198,l&aelig;de,<code>l&amp;ae;de</code>,2,0.0006647
198,l&aelig;swa,<code>l&amp;ae;swa</code>,2,0.0006647
198,l&aelig;swodon,<code>l&amp;ae;swodon</code>,2,0.0006647
198,l&aelig;swum,<code>l&amp;ae;swum</code>,2,0.0006647
198,la,<code>la</code>,2,0.0006647
198,lande,<code>lande</code>,2,0.0006647
198,lease,<code>lease</code>,2,0.0006647
198,leofa&eth;,<code>leofa&amp;d;</code>,2,0.0006647
198,lif,<code>lif</code>,2,0.0006647
198,lifes,<code>lifes</code>,2,0.0006647
198,lima,<code>lima</code>,2,0.0006647
198,lufa&eth;,<code>lufa&amp;d;</code>,2,0.0006647
198,lufe,<code>lufe</code>,2,0.0006647
198,lybba&eth;,<code>lybba&amp;d;</code>,2,0.0006647
198,lybban,<code>lybban</code>,2,0.0006647
198,lyfiendan,<code>lyfiendan</code>,2,0.0006647
198,manegum,<code>manegum</code>,2,0.0006647
198,me,<code>me</code>,2,0.0006647
198,meolc,<code>meolc</code>,2,0.0006647
198,micclum,<code>micclum</code>,2,0.0006647
198,mildheortnyss,<code>mildheortnyss</code>,2,0.0006647
198,minra,<code>minra</code>,2,0.0006647
198,modes,<code>modes</code>,2,0.0006647
198,modignysse,<code>modignysse</code>,2,0.0006647
198,mot,<code>mot</code>,2,0.0006647
198,mu&eth;um,<code>mu&amp;d;um</code>,2,0.0006647
198,n&aelig;f&eth;,<code>n&amp;ae;f&amp;d;</code>,2,0.0006647
198,n&aelig;fdon,<code>n&amp;ae;fdon</code>,2,0.0006647
198,nane,<code>nane</code>,2,0.0006647
198,nolde,<code>nolde</code>,2,0.0006647
198,o&eth;re,<code>o&amp;d;re</code>,2,0.0006647
198,omnes,<code>omnes</code>,2,0.0006647
198,pistole,<code>pistole</code>,2,0.0006647
198,r&aelig;df&aelig;ste,<code>r&amp;ae;df&amp;ae;ste</code>,2,0.0006647
198,sawlum,<code>sawlum</code>,2,0.0006647
198,sceal,<code>sceal</code>,2,0.0006647
198,scepes,<code>scepes</code>,2,0.0006647
198,seca&eth;,<code>seca&amp;d;</code>,2,0.0006647
198,secan,<code>secan</code>,2,0.0006647
198,secgan,<code>secgan</code>,2,0.0006647
198,selre,<code>selre</code>,2,0.0006647
198,so&eth;e,<code>so&amp;d;e</code>,2,0.0006647
198,sohte,<code>sohte</code>,2,0.0006647
198,sohton,<code>sohton</code>,2,0.0006647
198,spylce,<code>spylce</code>,2,0.0006647
198,stemne,<code>stemne</code>,2,0.0006647
198,strangan,<code>strangan</code>,2,0.0006647
198,styrnysse,<code>styrnysse</code>,2,0.0006647
198,supon,<code>supon</code>,2,0.0006647
198,swicolan,<code>swicolan</code>,2,0.0006647
198,swylce,<code>swylce</code>,2,0.0006647
198,sy,<code>sy</code>,2,0.0006647
198,sy&eth;&eth;an,<code>sy&amp;d;&amp;d;an</code>,2,0.0006647
198,sylla&eth;,<code>sylla&amp;d;</code>,2,0.0006647
198,symle,<code>symle</code>,2,0.0006647
198,synnum,<code>synnum</code>,2,0.0006647
198,tobrocen,<code>tobrocen</code>,2,0.0006647
198,tobrocene,<code>tobrocene</code>,2,0.0006647
198,unbeswungen,<code>unbeswungen</code>,2,0.0006647
198,understandenne,<code>understandenne</code>,2,0.0006647
198,unrihtlice,<code>unrihtlice</code>,2,0.0006647
198,urne,<code>urne</code>,2,0.0006647
198,wa,<code>wa</code>,2,0.0006647
198,wanda&eth;,<code>wanda&amp;d;</code>,2,0.0006647
198,wat,<code>wat</code>,2,0.0006647
198,willa,<code>willa</code>,2,0.0006647
198,willa&eth;,<code>willa&amp;d;</code>,2,0.0006647
198,willan,<code>willan</code>,2,0.0006647
198,wisdom,<code>wisdom</code>,2,0.0006647
198,wita,<code>wita</code>,2,0.0006647
198,wite,<code>wite</code>,2,0.0006647
198,witodlice,<code>witodlice</code>,2,0.0006647
198,wohnysse,<code>wohnysse</code>,2,0.0006647
198,wolde,<code>wolde</code>,2,0.0006647
198,wolice,<code>wolice</code>,2,0.0006647
198,woruldlica,<code>woruldlica</code>,2,0.0006647
198,wulle,<code>wulle</code>,2,0.0006647
198,wur&eth;mynt,<code>wur&amp;d;mynt</code>,2,0.0006647
198,wylt,<code>wylt</code>,2,0.0006647
198,wyrcan,<code>wyrcan</code>,2,0.0006647
198,wyrhta,<code>wyrhta</code>,2,0.0006647
198,yfel,<code>yfel</code>,2,0.0006647
198,yfela,<code>yfela</code>,2,0.0006647
198,yfelan,<code>yfelan</code>,2,0.0006647
198,yfelnysse,<code>yfelnysse</code>,2,0.0006647
372,&aelig;ghwylces,<code>&amp;ae;ghwylces</code>,1,0.0003323
372,&aelig;lcere,<code>&amp;ae;lcere</code>,1,0.0003323
372,&aelig;lcne,<code>&amp;ae;lcne</code>,1,0.0003323
372,&aelig;lcum,<code>&amp;ae;lcum</code>,1,0.0003323
372,&aelig;lmihtigan,<code>&amp;ae;lmihtigan</code>,1,0.0003323
372,&aelig;nig,<code>&amp;ae;nig</code>,1,0.0003323
372,&aelig;tberstan,<code>&amp;ae;tberstan</code>,1,0.0003323
372,&aelig;tforan,<code>&amp;ae;tforan</code>,1,0.0003323
372,&aelig;thleapan,<code>&amp;ae;thleapan</code>,1,0.0003323
372,&aelig;twat,<code>&amp;ae;twat</code>,1,0.0003323
372,&eth;&aelig;ra,<code>&amp;d;&amp;ae;ra</code>,1,0.0003323
372,&eth;eawum,<code>&amp;d;eawum</code>,1,0.0003323
372,&eth;eoda,<code>&amp;d;eoda</code>,1,0.0003323
372,&eth;eos,<code>&amp;d;eos</code>,1,0.0003323
372,&eth;i,<code>&amp;d;i</code>,1,0.0003323
372,&eth;in,<code>&amp;d;in</code>,1,0.0003323
372,&eth;inga,<code>&amp;d;inga</code>,1,0.0003323
372,&eth;ornum,<code>&amp;d;ornum</code>,1,0.0003323
372,&eth;urh,<code>&amp;d;urh</code>,1,0.0003323
372,&eth;us,<code>&amp;d;us</code>,1,0.0003323
372,&thorn;&aelig;r,<code>&amp;t;&amp;ae;r</code>,1,0.0003323
372,&thorn;as,<code>&amp;t;as</code>,1,0.0003323
372,&thorn;earfe,<code>&amp;t;earfe</code>,1,0.0003323
372,&thorn;eh,<code>&amp;t;eh</code>,1,0.0003323
372,&thorn;eowte,<code>&amp;t;eowte</code>,1,0.0003323
372,&thorn;icce,<code>&amp;t;icce</code>,1,0.0003323
372,&thorn;ine,<code>&amp;t;ine</code>,1,0.0003323
372,&thorn;isum,<code>&amp;t;isum</code>,1,0.0003323
372,&thorn;olian,<code>&amp;t;olian</code>,1,0.0003323
372,&thorn;rea&eth;,<code>&amp;t;rea&amp;d;</code>,1,0.0003323
372,&thorn;reale,<code>&amp;t;reale</code>,1,0.0003323
372,&thorn;rowode,<code>&amp;t;rowode</code>,1,0.0003323
372,&thorn;u,<code>&amp;t;u</code>,1,0.0003323
372,&thorn;urfon,<code>&amp;t;urfon</code>,1,0.0003323
372,&thorn;us,<code>&amp;t;us</code>,1,0.0003323
372,&thorn;yssere,<code>&amp;t;yssere</code>,1,0.0003323
372,&thorn;ysum,<code>&amp;t;ysum</code>,1,0.0003323
372,a,<code>a</code>,1,0.0003323
372,ad,<code>ad</code>,1,0.0003323
372,adreogan,<code>adreogan</code>,1,0.0003323
372,afyllede,<code>afyllede</code>,1,0.0003323
372,agene,<code>agene</code>,1,0.0003323
372,agenes,<code>agenes</code>,1,0.0003323
372,agenum,<code>agenum</code>,1,0.0003323
372,ahafene,<code>ahafene</code>,1,0.0003323
372,alysde,<code>alysde</code>,1,0.0003323
372,alysednysse,<code>alysednysse</code>,1,0.0003323
372,alyst,<code>alyst</code>,1,0.0003323
372,amen,<code>amen</code>,1,0.0003323
372,amyr&eth;,<code>amyr&amp;d;</code>,1,0.0003323
372,an,<code>an</code>,1,0.0003323
372,ancenneda,<code>ancenneda</code>,1,0.0003323
372,ancennedan,<code>ancennedan</code>,1,0.0003323
372,andfenge,<code>andfenge</code>,1,0.0003323
372,anginn,<code>anginn</code>,1,0.0003323
372,anginne,<code>anginne</code>,1,0.0003323
372,animam,<code>animam</code>,1,0.0003323
372,anr&aelig;de,<code>anr&amp;ae;de</code>,1,0.0003323
372,apostolas,<code>apostolas</code>,1,0.0003323
372,apud,<code>apud</code>,1,0.0003323
372,aras,<code>aras</code>,1,0.0003323
372,arf&aelig;st,<code>arf&amp;ae;st</code>,1,0.0003323
372,arf&aelig;stlice,<code>arf&amp;ae;stlice</code>,1,0.0003323
372,arf&aelig;stnyss,<code>arf&amp;ae;stnyss</code>,1,0.0003323
372,arf&aelig;stnysse,<code>arf&amp;ae;stnysse</code>,1,0.0003323
372,arist,<code>arist</code>,1,0.0003323
372,arleasnysse,<code>arleasnysse</code>,1,0.0003323
372,arleasum,<code>arleasum</code>,1,0.0003323
372,arwur&eth;nysse,<code>arwur&amp;d;nysse</code>,1,0.0003323
372,aweria&eth;,<code>aweria&amp;d;</code>,1,0.0003323
372,awriten,<code>awriten</code>,1,0.0003323
372,awyrgeda,<code>awyrgeda</code>,1,0.0003323
372,bearn,<code>bearn</code>,1,0.0003323
372,bebead,<code>bebead</code>,1,0.0003323
372,beboda,<code>beboda</code>,1,0.0003323
372,becuma&eth;,<code>becuma&amp;d;</code>,1,0.0003323
372,begyt,<code>begyt</code>,1,0.0003323
372,behofia&eth;,<code>behofia&amp;d;</code>,1,0.0003323
372,behreowsunge,<code>behreowsunge</code>,1,0.0003323
372,bel&aelig;wde,<code>bel&amp;ae;wde</code>,1,0.0003323
372,besetta&eth;,<code>besetta&amp;d;</code>,1,0.0003323
372,besorge,<code>besorge</code>,1,0.0003323
372,beswing&eth;,<code>beswing&amp;d;</code>,1,0.0003323
372,betera,<code>betera</code>,1,0.0003323
372,beteran,<code>beteran</code>,1,0.0003323
372,betere,<code>betere</code>,1,0.0003323
372,biggengum,<code>biggengum</code>,1,0.0003323
372,bigleofan,<code>bigleofan</code>,1,0.0003323
372,bilewitan,<code>bilewitan</code>,1,0.0003323
372,bilewite,<code>bilewite</code>,1,0.0003323
372,bisceope,<code>bisceope</code>,1,0.0003323
372,biscopum,<code>biscopum</code>,1,0.0003323
372,bli&eth;elice,<code>bli&amp;d;elice</code>,1,0.0003323
372,boca,<code>boca</code>,1,0.0003323
372,bodia&eth;,<code>bodia&amp;d;</code>,1,0.0003323
372,bodige,<code>bodige</code>,1,0.0003323
372,bradan,<code>bradan</code>,1,0.0003323
372,bremelum,<code>bremelum</code>,1,0.0003323
372,brohte,<code>brohte</code>,1,0.0003323
372,brohton,<code>brohton</code>,1,0.0003323
372,buga&eth;,<code>buga&amp;d;</code>,1,0.0003323
372,bugan,<code>bugan</code>,1,0.0003323
372,buton,<code>buton</code>,1,0.0003323
372,bysnia&eth;,<code>bysnia&amp;d;</code>,1,0.0003323
372,cann,<code>cann</code>,1,0.0003323
372,caria&eth;,<code>caria&amp;d;</code>,1,0.0003323
372,cild,<code>cild</code>,1,0.0003323
372,costnunga,<code>costnunga</code>,1,0.0003323
372,costnunge,<code>costnunge</code>,1,0.0003323
372,cristen,<code>cristen</code>,1,0.0003323
372,cristenum,<code>cristenum</code>,1,0.0003323
372,cristi,<code>cristi</code>,1,0.0003323
372,cristo,<code>cristo</code>,1,0.0003323
372,cunnon,<code>cunnon</code>,1,0.0003323
372,cupiditas,<code>cupiditas</code>,1,0.0003323
372,cw&aelig;&eth;,<code>cw&amp;ae;&amp;d;</code>,1,0.0003323
372,cwe&eth;e,<code>cwe&amp;d;e</code>,1,0.0003323
372,cwest,<code>cwest</code>,1,0.0003323
372,cwy&eth;,<code>cwy&amp;d;</code>,1,0.0003323
372,cwy&thorn;,<code>cwy&amp;t;</code>,1,0.0003323
372,cy&eth;an,<code>cy&amp;d;an</code>,1,0.0003323
372,cydde,<code>cydde</code>,1,0.0003323
372,cym&eth;,<code>cym&amp;d;</code>,1,0.0003323
372,cype,<code>cype</code>,1,0.0003323
372,d&aelig;dbote,<code>d&amp;ae;dbote</code>,1,0.0003323
372,d&aelig;ge,<code>d&amp;ae;ge</code>,1,0.0003323
372,dagum,<code>dagum</code>,1,0.0003323
372,de,<code>de</code>,1,0.0003323
372,dea&eth;e,<code>dea&amp;d;e</code>,1,0.0003323
372,deofla,<code>deofla</code>,1,0.0003323
372,derian,<code>derian</code>,1,0.0003323
372,derigendlic,<code>derigendlic</code>,1,0.0003323
372,deum,<code>deum</code>,1,0.0003323
372,digle,<code>digle</code>,1,0.0003323
372,dom,<code>dom</code>,1,0.0003323
372,dome,<code>dome</code>,1,0.0003323
372,dominus,<code>dominus</code>,1,0.0003323
372,drihtnes,<code>drihtnes</code>,1,0.0003323
372,druncennysse,<code>druncennysse</code>,1,0.0003323
372,dweledon,<code>dweledon</code>,1,0.0003323
372,dwelienne,<code>dwelienne</code>,1,0.0003323
372,dwelodon,<code>dwelodon</code>,1,0.0003323
372,dydon,<code>dydon</code>,1,0.0003323
372,dysignyss,<code>dysignyss</code>,1,0.0003323
372,dyslice,<code>dyslice</code>,1,0.0003323
372,ea&eth;elice,<code>ea&amp;d;elice</code>,1,0.0003323
372,eadmodnysse,<code>eadmodnysse</code>,1,0.0003323
372,eallswa,<code>eallswa</code>,1,0.0003323
372,ealra,<code>ealra</code>,1,0.0003323
372,earfo&eth;lice,<code>earfo&amp;d;lice</code>,1,0.0003323
372,earfo&eth;nyssa,<code>earfo&amp;d;nyssa</code>,1,0.0003323
372,earfo&eth;nyssum,<code>earfo&amp;d;nyssum</code>,1,0.0003323
372,eart,<code>eart</code>,1,0.0003323
372,ehtnyssa,<code>ehtnyssa</code>,1,0.0003323
372,elles,<code>elles</code>,1,0.0003323
372,engla,<code>engla</code>,1,0.0003323
372,englum,<code>englum</code>,1,0.0003323
372,enim,<code>enim</code>,1,0.0003323
372,eom,<code>eom</code>,1,0.0003323
372,eos,<code>eos</code>,1,0.0003323
372,estum,<code>estum</code>,1,0.0003323
372,f&aelig;derum,<code>f&amp;ae;derum</code>,1,0.0003323
372,f&aelig;sten,<code>f&amp;ae;sten</code>,1,0.0003323
372,fara&eth;,<code>fara&amp;d;</code>,1,0.0003323
372,feawa,<code>feawa</code>,1,0.0003323
372,ferian,<code>ferian</code>,1,0.0003323
372,fili,<code>fili</code>,1,0.0003323
372,folgia&eth;,<code>folgia&amp;d;</code>,1,0.0003323
372,for&eth;heonon,<code>for&amp;d;heonon</code>,1,0.0003323
372,forbuga&eth;,<code>forbuga&amp;d;</code>,1,0.0003323
372,forbuge,<code>forbuge</code>,1,0.0003323
372,forbyrnan,<code>forbyrnan</code>,1,0.0003323
372,forcu&eth;e,<code>forcu&amp;d;e</code>,1,0.0003323
372,forde&eth;,<code>forde&amp;d;</code>,1,0.0003323
372,fordon,<code>fordon</code>,1,0.0003323
372,fores&aelig;de,<code>fores&amp;ae;de</code>,1,0.0003323
372,foresceawian,<code>foresceawian</code>,1,0.0003323
372,forgitan,<code>forgitan</code>,1,0.0003323
372,forl&aelig;te,<code>forl&amp;ae;te</code>,1,0.0003323
372,forl&aelig;ton,<code>forl&amp;ae;ton</code>,1,0.0003323
372,forlir,<code>forlir</code>,1,0.0003323
372,forlorenan,<code>forlorenan</code>,1,0.0003323
372,forlyst,<code>forlyst</code>,1,0.0003323
372,fornean,<code>fornean</code>,1,0.0003323
372,forp&aelig;rdon,<code>forp&amp;ae;rdon</code>,1,0.0003323
372,forscyldgode,<code>forscyldgode</code>,1,0.0003323
372,forwyrde,<code>forwyrde</code>,1,0.0003323
372,frecednysse,<code>frecednysse</code>,1,0.0003323
372,frecenfulle,<code>frecenfulle</code>,1,0.0003323
372,fremminge,<code>fremminge</code>,1,0.0003323
372,frige,<code>frige</code>,1,0.0003323
372,full,<code>full</code>,1,0.0003323
372,fylia&eth;,<code>fylia&amp;d;</code>,1,0.0003323
372,fyliga&eth;,<code>fyliga&amp;d;</code>,1,0.0003323
372,fyre,<code>fyre</code>,1,0.0003323
372,fyrhte,<code>fyrhte</code>,1,0.0003323
372,gaderia&eth;,<code>gaderia&amp;d;</code>,1,0.0003323
372,gast,<code>gast</code>,1,0.0003323
372,ge&thorn;ance,<code>ge&amp;t;ance</code>,1,0.0003323
372,gearca,<code>gearca</code>,1,0.0003323
372,gearuwe,<code>gearuwe</code>,1,0.0003323
372,gebeda,<code>gebeda</code>,1,0.0003323
372,gebette,<code>gebette</code>,1,0.0003323
372,geboren,<code>geboren</code>,1,0.0003323
372,gebyria&eth;,<code>gebyria&amp;d;</code>,1,0.0003323
372,gebysnunge,<code>gebysnunge</code>,1,0.0003323
372,gecl&aelig;nsian,<code>gecl&amp;ae;nsian</code>,1,0.0003323
372,gecorenum,<code>gecorenum</code>,1,0.0003323
372,gecwema&eth;,<code>gecwema&amp;d;</code>,1,0.0003323
372,gecynde,<code>gecynde</code>,1,0.0003323
372,gedrefednyssa,<code>gedrefednyssa</code>,1,0.0003323
372,gedwyld,<code>gedwyld</code>,1,0.0003323
372,geearnian,<code>geearnian</code>,1,0.0003323
372,geearnunge,<code>geearnunge</code>,1,0.0003323
372,geefenl&aelig;ca&eth;,<code>geefenl&amp;ae;ca&amp;d;</code>,1,0.0003323
372,geendigan,<code>geendigan</code>,1,0.0003323
372,geendung,<code>geendung</code>,1,0.0003323
372,gefera,<code>gefera</code>,1,0.0003323
372,geflite,<code>geflite</code>,1,0.0003323
372,gefylla&eth;,<code>gefylla&amp;d;</code>,1,0.0003323
372,gefyrn,<code>gefyrn</code>,1,0.0003323
372,gegadera&eth;,<code>gegadera&amp;d;</code>,1,0.0003323
372,gegaderian,<code>gegaderian</code>,1,0.0003323
372,geh&aelig;le,<code>geh&amp;ae;le</code>,1,0.0003323
372,gehaten,<code>gehaten</code>,1,0.0003323
372,gehatene,<code>gehatene</code>,1,0.0003323
372,gehwilcum,<code>gehwilcum</code>,1,0.0003323
372,gehylt,<code>gehylt</code>,1,0.0003323
372,gehyrdon,<code>gehyrdon</code>,1,0.0003323
372,gehyrsum,<code>gehyrsum</code>,1,0.0003323
372,gel&aelig;don,<code>gel&amp;ae;don</code>,1,0.0003323
372,geleaffulla,<code>geleaffulla</code>,1,0.0003323
372,gelustfulla&eth;,<code>gelustfulla&amp;d;</code>,1,0.0003323
372,gemencged,<code>gemencged</code>,1,0.0003323
372,gemildsige,<code>gemildsige</code>,1,0.0003323
372,geneal&aelig;ca&eth;,<code>geneal&amp;ae;ca&amp;d;</code>,1,0.0003323
372,geneosian,<code>geneosian</code>,1,0.0003323
372,genihtsumlice,<code>genihtsumlice</code>,1,0.0003323
372,geornlice,<code>geornlice</code>,1,0.0003323
372,gerihtl&aelig;can,<code>gerihtl&amp;ae;can</code>,1,0.0003323
372,ges&aelig;lig,<code>ges&amp;ae;lig</code>,1,0.0003323
372,ges&aelig;lige,<code>ges&amp;ae;lige</code>,1,0.0003323
372,gescrydde,<code>gescrydde</code>,1,0.0003323
372,geseo&eth;,<code>geseo&amp;d;</code>,1,0.0003323
372,gesett,<code>gesett</code>,1,0.0003323
372,gesih&eth;e,<code>gesih&amp;d;e</code>,1,0.0003323
372,gespylcton,<code>gespylcton</code>,1,0.0003323
372,geswencednysse,<code>geswencednysse</code>,1,0.0003323
372,geswican,<code>geswican</code>,1,0.0003323
372,geswicenne,<code>geswicenne</code>,1,0.0003323
372,geswincum,<code>geswincum</code>,1,0.0003323
372,getealde,<code>getealde</code>,1,0.0003323
372,getrymdon,<code>getrymdon</code>,1,0.0003323
372,gew&aelig;da,<code>gew&amp;ae;da</code>,1,0.0003323
372,geweme,<code>geweme</code>,1,0.0003323
372,gewissa&eth;,<code>gewissa&amp;d;</code>,1,0.0003323
372,gewitegod,<code>gewitegod</code>,1,0.0003323
372,gewrit,<code>gewrit</code>,1,0.0003323
372,gewyr&eth;,<code>gewyr&amp;d;</code>,1,0.0003323
372,gitsung,<code>gitsung</code>,1,0.0003323
372,godcundan,<code>godcundan</code>,1,0.0003323
372,goddra,<code>goddra</code>,1,0.0003323
372,godnysse,<code>godnysse</code>,1,0.0003323
372,godspell,<code>godspell</code>,1,0.0003323
372,godspellican,<code>godspellican</code>,1,0.0003323
372,gold,<code>gold</code>,1,0.0003323
372,goldes,<code>goldes</code>,1,0.0003323
372,gr&aelig;dige,<code>gr&amp;ae;dige</code>,1,0.0003323
372,gr&aelig;dignyss,<code>gr&amp;ae;dignyss</code>,1,0.0003323
372,gr&aelig;nnysse,<code>gr&amp;ae;nnysse</code>,1,0.0003323
372,gymdon,<code>gymdon</code>,1,0.0003323
372,gynan,<code>gynan</code>,1,0.0003323
372,gyt,<code>gyt</code>,1,0.0003323
372,h&aelig;f&thorn;,<code>h&amp;ae;f&amp;t;</code>,1,0.0003323
372,h&aelig;fdon,<code>h&amp;ae;fdon</code>,1,0.0003323
372,h&aelig;ftnedum,<code>h&amp;ae;ftnedum</code>,1,0.0003323
372,h&aelig;le,<code>h&amp;ae;le</code>,1,0.0003323
372,h&aelig;lende,<code>h&amp;ae;lende</code>,1,0.0003323
372,h&aelig;lendes,<code>h&amp;ae;lendes</code>,1,0.0003323
372,hades,<code>hades</code>,1,0.0003323
372,hale,<code>hale</code>,1,0.0003323
372,halgum,<code>halgum</code>,1,0.0003323
372,halige,<code>halige</code>,1,0.0003323
372,hearme,<code>hearme</code>,1,0.0003323
372,hearmige,<code>hearmige</code>,1,0.0003323
372,hellicum,<code>hellicum</code>,1,0.0003323
372,heofonan,<code>heofonan</code>,1,0.0003323
372,heofonum,<code>heofonum</code>,1,0.0003323
372,hiht,<code>hiht</code>,1,0.0003323
372,hiw,<code>hiw</code>,1,0.0003323
372,hluttornyss,<code>hluttornyss</code>,1,0.0003323
372,hoga&eth;,<code>hoga&amp;d;</code>,1,0.0003323
372,huius,<code>huius</code>,1,0.0003323
372,hwider,<code>hwider</code>,1,0.0003323
372,hwilce,<code>hwilce</code>,1,0.0003323
372,hylp&eth;,<code>hylp&amp;d;</code>,1,0.0003323
372,innewerdre,<code>innewerdre</code>,1,0.0003323
372,inngehyd,<code>inngehyd</code>,1,0.0003323
372,into,<code>into</code>,1,0.0003323
372,iudas,<code>iudas</code>,1,0.0003323
372,iustitia,<code>iustitia</code>,1,0.0003323
372,iustorum,<code>iustorum</code>,1,0.0003323
372,l&aelig;dan,<code>l&amp;ae;dan</code>,1,0.0003323
372,l&aelig;ddon,<code>l&amp;ae;ddon</code>,1,0.0003323
372,l&aelig;swa&eth;,<code>l&amp;ae;swa&amp;d;</code>,1,0.0003323
372,l&aelig;swia&eth;,<code>l&amp;ae;swia&amp;d;</code>,1,0.0003323
372,l&aelig;ta&eth;,<code>l&amp;ae;ta&amp;d;</code>,1,0.0003323
372,l&aelig;wedan,<code>l&amp;ae;wedan</code>,1,0.0003323
372,la&eth;e,<code>la&amp;d;e</code>,1,0.0003323
372,lareowa,<code>lareowa</code>,1,0.0003323
372,leafe,<code>leafe</code>,1,0.0003323
372,leasunga,<code>leasunga</code>,1,0.0003323
372,leof,<code>leof</code>,1,0.0003323
372,leswa&eth;,<code>leswa&amp;d;</code>,1,0.0003323
372,liberauit,<code>liberauit</code>,1,0.0003323
372,lica&eth;,<code>lica&amp;d;</code>,1,0.0003323
372,lige,<code>lige</code>,1,0.0003323
372,locia&eth;,<code>locia&amp;d;</code>,1,0.0003323
372,lof,<code>lof</code>,1,0.0003323
372,losa&eth;,<code>losa&amp;d;</code>,1,0.0003323
372,losige,<code>losige</code>,1,0.0003323
372,lufigende,<code>lufigende</code>,1,0.0003323
372,lufion,<code>lufion</code>,1,0.0003323
372,lustas,<code>lustas</code>,1,0.0003323
372,ly&eth;ra,<code>ly&amp;d;ra</code>,1,0.0003323
372,lybbe,<code>lybbe</code>,1,0.0003323
372,lyfigendan,<code>lyfigendan</code>,1,0.0003323
372,m&aelig;ssepreostum,<code>m&amp;ae;ssepreostum</code>,1,0.0003323
372,ma,<code>ma</code>,1,0.0003323
372,mage,<code>mage</code>,1,0.0003323
372,malorum,<code>malorum</code>,1,0.0003323
372,man&thorn;w&aelig;rnysse,<code>man&amp;t;w&amp;ae;rnysse</code>,1,0.0003323
372,mana&thorn;as,<code>mana&amp;t;as</code>,1,0.0003323
372,manega,<code>manega</code>,1,0.0003323
372,manncynne,<code>manncynne</code>,1,0.0003323
372,mannes,<code>mannes</code>,1,0.0003323
372,manode,<code>manode</code>,1,0.0003323
372,manslyhtas,<code>manslyhtas</code>,1,0.0003323
372,mede,<code>mede</code>,1,0.0003323
372,melderas,<code>melderas</code>,1,0.0003323
372,men,<code>men</code>,1,0.0003323
372,menigfeald,<code>menigfeald</code>,1,0.0003323
372,menigfealdum,<code>menigfealdum</code>,1,0.0003323
372,metes,<code>metes</code>,1,0.0003323
372,mi,<code>mi</code>,1,0.0003323
372,micele,<code>micele</code>,1,0.0003323
372,middanneardlic,<code>middanneardlic</code>,1,0.0003323
372,midwununge,<code>midwununge</code>,1,0.0003323
372,mihte,<code>mihte</code>,1,0.0003323
372,mihtig,<code>mihtig</code>,1,0.0003323
372,mildheortlice,<code>mildheortlice</code>,1,0.0003323
372,mildheortnysse,<code>mildheortnysse</code>,1,0.0003323
372,minne,<code>minne</code>,1,0.0003323
372,misheoldon,<code>misheoldon</code>,1,0.0003323
372,mislicum,<code>mislicum</code>,1,0.0003323
372,mislybba&eth;,<code>mislybba&amp;d;</code>,1,0.0003323
372,mislybban,<code>mislybban</code>,1,0.0003323
372,moddrum,<code>moddrum</code>,1,0.0003323
372,modor,<code>modor</code>,1,0.0003323
372,mor&eth;d&aelig;da,<code>mor&amp;d;d&amp;ae;da</code>,1,0.0003323
372,mote,<code>mote</code>,1,0.0003323
372,multe,<code>multe</code>,1,0.0003323
372,mundi,<code>mundi</code>,1,0.0003323
372,n&aelig;fre,<code>n&amp;ae;fre</code>,1,0.0003323
372,nanum,<code>nanum</code>,1,0.0003323
372,nele,<code>nele</code>,1,0.0003323
372,nella&eth;,<code>nella&amp;d;</code>,1,0.0003323
372,neodum,<code>neodum</code>,1,0.0003323
372,non,<code>non</code>,1,0.0003323
372,nyte,<code>nyte</code>,1,0.0003323
372,nyton,<code>nyton</code>,1,0.0003323
372,o&eth;erne,<code>o&amp;d;erne</code>,1,0.0003323
372,oferswy&eth;de,<code>oferswy&amp;d;de</code>,1,0.0003323
372,ofslyh&eth;,<code>ofslyh&amp;d;</code>,1,0.0003323
372,ofsni&eth;,<code>ofsni&amp;d;</code>,1,0.0003323
372,ofsnidon,<code>ofsnidon</code>,1,0.0003323
372,omnibus,<code>omnibus</code>,1,0.0003323
372,omnium,<code>omnium</code>,1,0.0003323
372,ongunnon,<code>ongunnon</code>,1,0.0003323
372,onlyhtan,<code>onlyhtan</code>,1,0.0003323
372,onscuna&eth;,<code>onscuna&amp;d;</code>,1,0.0003323
372,orsorh,<code>orsorh</code>,1,0.0003323
372,patiuntur,<code>patiuntur</code>,1,0.0003323
372,persecutionem,<code>persecutionem</code>,1,0.0003323
372,pi&#275;,<code>pi&amp;e;</code>,1,0.0003323
372,prepara,<code>prepara</code>,1,0.0003323
372,quae,<code>quae</code>,1,0.0003323
372,quaerunt,<code>quaerunt</code>,1,0.0003323
372,qui,<code>qui</code>,1,0.0003323
372,r&aelig;ding,<code>r&amp;ae;ding</code>,1,0.0003323
372,radix,<code>radix</code>,1,0.0003323
372,readan,<code>readan</code>,1,0.0003323
372,reaflac,<code>reaflac</code>,1,0.0003323
372,reaflace,<code>reaflace</code>,1,0.0003323
372,rice,<code>rice</code>,1,0.0003323
372,riht,<code>riht</code>,1,0.0003323
372,rihtlice,<code>rihtlice</code>,1,0.0003323
372,rihtwise,<code>rihtwise</code>,1,0.0003323
372,rihtwisra,<code>rihtwisra</code>,1,0.0003323
372,sace,<code>sace</code>,1,0.0003323
372,salomon,<code>salomon</code>,1,0.0003323
372,sapientia,<code>sapientia</code>,1,0.0003323
372,sarnyssum,<code>sarnyssum</code>,1,0.0003323
372,sawla,<code>sawla</code>,1,0.0003323
372,sceamleaste,<code>sceamleaste</code>,1,0.0003323
372,sceapum,<code>sceapum</code>,1,0.0003323
372,scearpum,<code>scearpum</code>,1,0.0003323
372,sceawa&eth;,<code>sceawa&amp;d;</code>,1,0.0003323
372,scoldon,<code>scoldon</code>,1,0.0003323
372,sealmwyrhta,<code>sealmwyrhta</code>,1,0.0003323
372,seg&eth;,<code>seg&amp;d;</code>,1,0.0003323
372,seolfres,<code>seolfres</code>,1,0.0003323
372,sette,<code>sette</code>,1,0.0003323
372,sibbe,<code>sibbe</code>,1,0.0003323
372,sind,<code>sind</code>,1,0.0003323
372,smeaungum,<code>smeaungum</code>,1,0.0003323
372,snidon,<code>snidon</code>,1,0.0003323
372,snotornyss,<code>snotornyss</code>,1,0.0003323
372,so&eth;,<code>so&amp;d;</code>,1,0.0003323
372,so&eth;an,<code>so&amp;d;an</code>,1,0.0003323
372,so&eth;f&aelig;stnysse,<code>so&amp;d;f&amp;ae;stnysse</code>,1,0.0003323
372,softnysse,<code>softnysse</code>,1,0.0003323
372,sona,<code>sona</code>,1,0.0003323
372,spylton,<code>spylton</code>,1,0.0003323
372,sta,<code>sta</code>,1,0.0003323
372,stala,<code>stala</code>,1,0.0003323
372,stand,<code>stand</code>,1,0.0003323
372,stranga,<code>stranga</code>,1,0.0003323
372,strangum,<code>strangum</code>,1,0.0003323
372,stultitia,<code>stultitia</code>,1,0.0003323
372,sua,<code>sua</code>,1,0.0003323
372,sumne,<code>sumne</code>,1,0.0003323
372,suslum,<code>suslum</code>,1,0.0003323
372,suwigenne,<code>suwigenne</code>,1,0.0003323
372,swi&eth;licere,<code>swi&amp;d;licere</code>,1,0.0003323
372,swi&eth;or,<code>swi&amp;d;or</code>,1,0.0003323
372,swica&eth;,<code>swica&amp;d;</code>,1,0.0003323
372,swicdomas,<code>swicdomas</code>,1,0.0003323
372,swicdome,<code>swicdome</code>,1,0.0003323
372,swilce,<code>swilce</code>,1,0.0003323
372,swince,<code>swince</code>,1,0.0003323
372,swingla,<code>swingla</code>,1,0.0003323
372,swutelia&eth;,<code>swutelia&amp;d;</code>,1,0.0003323
372,swylcne,<code>swylcne</code>,1,0.0003323
372,syllon,<code>syllon</code>,1,0.0003323
372,synfull,<code>synfull</code>,1,0.0003323
372,synfullan,<code>synfullan</code>,1,0.0003323
372,syngian,<code>syngian</code>,1,0.0003323
372,synna,<code>synna</code>,1,0.0003323
372,syrwunga,<code>syrwunga</code>,1,0.0003323
372,t&aelig;le,<code>t&amp;ae;le</code>,1,0.0003323
372,t&aelig;lende,<code>t&amp;ae;lende</code>,1,0.0003323
372,temptationem,<code>temptationem</code>,1,0.0003323
372,teonan,<code>teonan</code>,1,0.0003323
372,tida,<code>tida</code>,1,0.0003323
372,tihta&eth;,<code>tihta&amp;d;</code>,1,0.0003323
372,tima,<code>tima</code>,1,0.0003323
372,timore,<code>timore</code>,1,0.0003323
372,timotheae,<code>timotheae</code>,1,0.0003323
372,to&eth;undene,<code>to&amp;d;undene</code>,1,0.0003323
372,tostenctan,<code>tostenctan</code>,1,0.0003323
372,toweardan,<code>toweardan</code>,1,0.0003323
372,tribulationes,<code>tribulationes</code>,1,0.0003323
372,trymdon,<code>trymdon</code>,1,0.0003323
372,tryw&eth;e,<code>tryw&amp;d;e</code>,1,0.0003323
372,tuam,<code>tuam</code>,1,0.0003323
372,twyfealde,<code>twyfealde</code>,1,0.0003323
372,uiuere,<code>uiuere</code>,1,0.0003323
372,un&eth;ancwyr&eth;e,<code>un&amp;d;ancwyr&amp;d;e</code>,1,0.0003323
372,un&eth;eawas,<code>un&amp;d;eawas</code>,1,0.0003323
372,un&eth;eawum,<code>un&amp;d;eawum</code>,1,0.0003323
372,uncarfullice,<code>uncarfullice</code>,1,0.0003323
372,uncu&eth;,<code>uncu&amp;d;</code>,1,0.0003323
372,under,<code>under</code>,1,0.0003323
372,underfeh&eth;,<code>underfeh&amp;d;</code>,1,0.0003323
372,ungehealdsume,<code>ungehealdsume</code>,1,0.0003323
372,ungehyrsume,<code>ungehyrsume</code>,1,0.0003323
372,unges&aelig;lig,<code>unges&amp;ae;lig</code>,1,0.0003323
372,ungesewenlican,<code>ungesewenlican</code>,1,0.0003323
372,ungetryw&eth;e,<code>ungetryw&amp;d;e</code>,1,0.0003323
372,ungetrywa,<code>ungetrywa</code>,1,0.0003323
372,unli&eth;e,<code>unli&amp;d;e</code>,1,0.0003323
372,unlustum,<code>unlustum</code>,1,0.0003323
372,unrihtwisan,<code>unrihtwisan</code>,1,0.0003323
372,unsc&aelig;&eth;&eth;ig,<code>unsc&amp;ae;&amp;d;&amp;d;ig</code>,1,0.0003323
372,unsc&aelig;&eth;&eth;ignyss,<code>unsc&amp;ae;&amp;d;&amp;d;ignyss</code>,1,0.0003323
372,unsc&aelig;&eth;&thorn;ige,<code>unsc&amp;ae;&amp;d;&amp;t;ige</code>,1,0.0003323
372,unsc&aelig;&eth;&thorn;ignyss,<code>unsc&amp;ae;&amp;d;&amp;t;ignyss</code>,1,0.0003323
372,unsc&aelig;&thorn;&eth;ignyss,<code>unsc&amp;ae;&amp;t;&amp;d;ignyss</code>,1,0.0003323
372,unsc&aelig;&thorn;&thorn;ig,<code>unsc&amp;ae;&amp;t;&amp;t;ig</code>,1,0.0003323
372,unswicole,<code>unswicole</code>,1,0.0003323
372,unware,<code>unware</code>,1,0.0003323
372,unwita,<code>unwita</code>,1,0.0003323
372,uolunt,<code>uolunt</code>,1,0.0003323
372,upstige,<code>upstige</code>,1,0.0003323
372,ures,<code>ures</code>,1,0.0003323
372,urum,<code>urum</code>,1,0.0003323
372,uton,<code>uton</code>,1,0.0003323
372,wacum,<code>wacum</code>,1,0.0003323
372,ware,<code>ware</code>,1,0.0003323
372,warnian,<code>warnian</code>,1,0.0003323
372,welwillendnysse,<code>welwillendnysse</code>,1,0.0003323
372,welwillendum,<code>welwillendum</code>,1,0.0003323
372,wenda&eth;,<code>wenda&amp;d;</code>,1,0.0003323
372,wenst,<code>wenst</code>,1,0.0003323
372,weorc,<code>weorc</code>,1,0.0003323
372,weorca,<code>weorca</code>,1,0.0003323
372,weoruld,<code>weoruld</code>,1,0.0003323
372,wi&eth;saca&eth;,<code>wi&amp;d;saca&amp;d;</code>,1,0.0003323
372,wiccecr&aelig;ft,<code>wiccecr&amp;ae;ft</code>,1,0.0003323
372,wiglunga,<code>wiglunga</code>,1,0.0003323
372,wisa,<code>wisa</code>,1,0.0003323
372,wise,<code>wise</code>,1,0.0003323
372,wisssia&eth;,<code>wisssia&amp;d;</code>,1,0.0003323
372,witan,<code>witan</code>,1,0.0003323
372,witegung,<code>witegung</code>,1,0.0003323
372,wordf&aelig;ste,<code>wordf&amp;ae;ste</code>,1,0.0003323
372,wordum,<code>wordum</code>,1,0.0003323
372,woroldlicum,<code>woroldlicum</code>,1,0.0003323
372,worulda,<code>worulda</code>,1,0.0003323
372,wuldor,<code>wuldor</code>,1,0.0003323
372,wuna&eth;,<code>wuna&amp;d;</code>,1,0.0003323
372,wunige,<code>wunige</code>,1,0.0003323
372,wur&eth;a&eth;,<code>wur&amp;d;a&amp;d;</code>,1,0.0003323
372,wur&eth;e,<code>wur&amp;d;e</code>,1,0.0003323
372,wur&eth;mynte,<code>wur&amp;d;mynte</code>,1,0.0003323
372,wur&eth;on,<code>wur&amp;d;on</code>,1,0.0003323
372,wurde,<code>wurde</code>,1,0.0003323
372,wynsumnysse,<code>wynsumnysse</code>,1,0.0003323
372,wynsumre,<code>wynsumre</code>,1,0.0003323
372,wyr&eth;e,<code>wyr&amp;d;e</code>,1,0.0003323
372,wyrtruma,<code>wyrtruma</code>,1,0.0003323
372,yfelnyssum,<code>yfelnyssum</code>,1,0.0003323
372,yfelra,<code>yfelra</code>,1,0.0003323
372,yfelre,<code>yfelre</code>,1,0.0003323
372,yfelum,<code>yfelum</code>,1,0.0003323
372,ylca,<code>ylca</code>,1,0.0003323
372,ylcan,<code>ylcan</code>,1,0.0003323
