B_Prose,B01,B01.001.033_AECHom_I__31_T02400.txt,1245,865,3690
RANK,HTML WORD,RAW WORD,COUNT,RELATIVE FREQUENCY
1,&amp;,<code>&amp;amp;</code>,182,0.0493225
2,se,<code>se</code>,86,0.0233062
3,he,<code>he</code>,83,0.0224932
4,on,<code>on</code>,77,0.0208672
5,his,<code>his</code>,76,0.0205962
6,&thorn;&aelig;t,<code>&amp;t;&amp;ae;t</code>,73,0.0197832
7,mid,<code>mid</code>,63,0.0170732
8,&thorn;am,<code>&amp;t;am</code>,59,0.0159892
9,&thorn;e,<code>&amp;t;e</code>,58,0.0157182
10,to,<code>to</code>,56,0.0151762
11,&thorn;a,<code>&amp;t;a</code>,55,0.0149051
12,ne,<code>ne</code>,54,0.0146341
13,swa,<code>swa</code>,48,0.0130081
14,hi,<code>hi</code>,47,0.0127371
15,&eth;a,<code>&amp;d;a</code>,43,0.0116531
16,ic,<code>ic</code>,39,0.0105691
17,for,<code>for</code>,35,0.0094851
18,him,<code>him</code>,33,0.0089431
19,&eth;e,<code>&amp;d;e</code>,28,0.0075881
20,godes,<code>godes</code>,27,0.0073171
21,apostol,<code>apostol</code>,26,0.0070461
21,is,<code>is</code>,26,0.0070461
23,cw&aelig;&eth;,<code>cw&amp;ae;&amp;d;</code>,25,0.0067751
23,hine,<code>hine</code>,25,0.0067751
25,ac,<code>ac</code>,23,0.0062331
25,we,<code>we</code>,23,0.0062331
27,&thorn;u,<code>&amp;t;u</code>,22,0.0059621
27,god,<code>god</code>,22,0.0059621
29,&thorn;one,<code>&amp;t;one</code>,20,0.0054201
29,&thorn;onne,<code>&amp;t;onne</code>,20,0.0054201
31,&thorn;urh,<code>&amp;t;urh</code>,19,0.0051491
31,heora,<code>heora</code>,19,0.0051491
31,me,<code>me</code>,19,0.0051491
34,&thorn;&aelig;s,<code>&amp;t;&amp;ae;s</code>,18,0.0048780
34,deofol,<code>deofol</code>,18,0.0048780
36,ge,<code>ge</code>,17,0.0046070
37,gif,<code>gif</code>,16,0.0043360
38,anlicnysse,<code>anlicnysse</code>,14,0.0037940
38,cyning,<code>cyning</code>,14,0.0037940
38,lichaman,<code>lichaman</code>,14,0.0037940
41,andwyrde,<code>andwyrde</code>,13,0.0035230
41,bi&eth;,<code>bi&amp;d;</code>,13,0.0035230
41,fram,<code>fram</code>,13,0.0035230
41,us,<code>us</code>,13,0.0035230
45,&aelig;t,<code>&amp;ae;t</code>,12,0.0032520
45,&thorn;&aelig;re,<code>&amp;t;&amp;ae;re</code>,12,0.0032520
45,buton,<code>buton</code>,12,0.0032520
45,ealle,<code>ealle</code>,12,0.0032520
49,man,<code>man</code>,11,0.0029810
49,men,<code>men</code>,11,0.0029810
49,w&aelig;s,<code>w&amp;ae;s</code>,11,0.0029810
52,&thorn;an,<code>&amp;t;an</code>,10,0.0027100
52,nu,<code>nu</code>,10,0.0027100
54,&thorn;&aelig;r,<code>&amp;t;&amp;ae;r</code>,9,0.0024390
54,&thorn;as,<code>&amp;t;as</code>,9,0.0024390
54,bartholomeus,<code>bartholomeus</code>,9,0.0024390
54,eallum,<code>eallum</code>,9,0.0024390
54,eow,<code>eow</code>,9,0.0024390
54,gode,<code>gode</code>,9,0.0024390
54,het,<code>het</code>,9,0.0024390
61,&eth;one,<code>&amp;d;one</code>,8,0.0021680
61,eac,<code>eac</code>,8,0.0021680
61,mihte,<code>mihte</code>,8,0.0021680
61,temple,<code>temple</code>,8,0.0021680
61,wear&eth;,<code>wear&amp;d;</code>,8,0.0021680
66,&eth;&aelig;t,<code>&amp;d;&amp;ae;t</code>,7,0.0018970
66,&thorn;ysum,<code>&amp;t;ysum</code>,7,0.0018970
66,and,<code>and</code>,7,0.0018970
66,be,<code>be</code>,7,0.0018970
66,com,<code>com</code>,7,0.0018970
66,drihten,<code>drihten</code>,7,0.0018970
66,minum,<code>minum</code>,7,0.0018970
66,of,<code>of</code>,7,0.0018970
66,sy,<code>sy</code>,7,0.0018970
66,sy&eth;&eth;an,<code>sy&amp;d;&amp;d;an</code>,7,0.0018970
66,synnum,<code>synnum</code>,7,0.0018970
77,&eth;onne,<code>&amp;d;onne</code>,6,0.0016260
77,&eth;u,<code>&amp;d;u</code>,6,0.0016260
77,&thorn;is,<code>&amp;t;is</code>,6,0.0016260
77,&thorn;yssere,<code>&amp;t;yssere</code>,6,0.0016260
77,bidde,<code>bidde</code>,6,0.0016260
77,binnon,<code>binnon</code>,6,0.0016260
77,d&aelig;ge,<code>d&amp;ae;ge</code>,6,0.0016260
77,geh&aelig;lde,<code>geh&amp;ae;lde</code>,6,0.0016260
77,h&aelig;l&eth;e,<code>h&amp;ae;l&amp;d;e</code>,6,0.0016260
77,hit,<code>hit</code>,6,0.0016260
77,hw&aelig;t,<code>hw&amp;ae;t</code>,6,0.0016260
77,nan,<code>nan</code>,6,0.0016260
77,o&eth;&eth;e,<code>o&amp;d;&amp;d;e</code>,6,0.0016260
77,sylf,<code>sylf</code>,6,0.0016260
77,ure,<code>ure</code>,6,0.0016260
92,&eth;am,<code>&amp;d;am</code>,5,0.0013550
92,&thorn;y,<code>&amp;t;y</code>,5,0.0013550
92,beo&eth;,<code>beo&amp;d;</code>,5,0.0013550
92,crist,<code>crist</code>,5,0.0013550
92,deofles,<code>deofles</code>,5,0.0013550
92,engel,<code>engel</code>,5,0.0013550
92,folc,<code>folc</code>,5,0.0013550
92,gast,<code>gast</code>,5,0.0013550
92,godas,<code>godas</code>,5,0.0013550
92,h&aelig;f&eth;,<code>h&amp;ae;f&amp;d;</code>,5,0.0013550
92,h&aelig;le,<code>h&amp;ae;le</code>,5,0.0013550
92,halgan,<code>halgan</code>,5,0.0013550
92,hwi,<code>hwi</code>,5,0.0013550
92,hwilon,<code>hwilon</code>,5,0.0013550
92,l&aelig;ce,<code>l&amp;ae;ce</code>,5,0.0013550
92,mislicum,<code>mislicum</code>,5,0.0013550
92,naman,<code>naman</code>,5,0.0013550
92,nanum,<code>nanum</code>,5,0.0013550
92,rice,<code>rice</code>,5,0.0013550
92,seo,<code>seo</code>,5,0.0013550
92,sind,<code>sind</code>,5,0.0013550
92,so&eth;lice,<code>so&amp;d;lice</code>,5,0.0013550
92,untruman,<code>untruman</code>,5,0.0013550
115,&aelig;fter,<code>&amp;ae;fter</code>,4,0.0010840
115,&thorn;&aelig;ra,<code>&amp;t;&amp;ae;ra</code>,4,0.0010840
115,&thorn;ing,<code>&amp;t;ing</code>,4,0.0010840
115,awyrde,<code>awyrde</code>,4,0.0010840
115,cristes,<code>cristes</code>,4,0.0010840
115,cyninge,<code>cyninge</code>,4,0.0010840
115,dea&eth;,<code>dea&amp;d;</code>,4,0.0010840
115,forgeaf,<code>forgeaf</code>,4,0.0010840
115,gaste,<code>gaste</code>,4,0.0010840
115,gebunden,<code>gebunden</code>,4,0.0010840
115,gelyfde,<code>gelyfde</code>,4,0.0010840
115,geond,<code>geond</code>,4,0.0010840
115,geuntrumode,<code>geuntrumode</code>,4,0.0010840
115,gewat,<code>gewat</code>,4,0.0010840
115,gewit,<code>gewit</code>,4,0.0010840
115,heo,<code>heo</code>,4,0.0010840
115,hu,<code>hu</code>,4,0.0010840
115,hwa,<code>hwa</code>,4,0.0010840
115,into,<code>into</code>,4,0.0010840
115,lac,<code>lac</code>,4,0.0010840
115,manna,<code>manna</code>,4,0.0010840
115,min,<code>min</code>,4,0.0010840
115,polimius,<code>polimius</code>,4,0.0010840
115,racenteagum,<code>racenteagum</code>,4,0.0010840
115,rodetacen,<code>rodetacen</code>,4,0.0010840
115,sawla,<code>sawla</code>,4,0.0010840
115,sawle,<code>sawle</code>,4,0.0010840
115,sende,<code>sende</code>,4,0.0010840
115,sumum,<code>sumum</code>,4,0.0010840
115,sunu,<code>sunu</code>,4,0.0010840
115,untrumnysse,<code>untrumnysse</code>,4,0.0010840
115,untrumnyssum,<code>untrumnyssum</code>,4,0.0010840
115,urne,<code>urne</code>,4,0.0010840
148,&aelig;fre,<code>&amp;ae;fre</code>,3,0.0008130
148,&aelig;hta,<code>&amp;ae;hta</code>,3,0.0008130
148,&aelig;lmihtigan,<code>&amp;ae;lmihtigan</code>,3,0.0008130
148,&aelig;r,<code>&amp;ae;r</code>,3,0.0008130
148,&eth;&aelig;re,<code>&amp;d;&amp;ae;re</code>,3,0.0008130
148,&eth;urh,<code>&amp;d;urh</code>,3,0.0008130
148,&thorn;&aelig;rrihte,<code>&amp;t;&amp;ae;rrihte</code>,3,0.0008130
148,&thorn;eah,<code>&amp;t;eah</code>,3,0.0008130
148,&thorn;in,<code>&amp;t;in</code>,3,0.0008130
148,&thorn;ine,<code>&amp;t;ine</code>,3,0.0008130
148,&thorn;inum,<code>&amp;t;inum</code>,3,0.0008130
148,acenned,<code>acenned</code>,3,0.0008130
148,agenum,<code>agenum</code>,3,0.0008130
148,an,<code>an</code>,3,0.0008130
148,andwyrdan,<code>andwyrdan</code>,3,0.0008130
148,anes,<code>anes</code>,3,0.0008130
148,anwealde,<code>anwealde</code>,3,0.0008130
148,beri&eth;,<code>beri&amp;d;</code>,3,0.0008130
148,deofolgylde,<code>deofolgylde</code>,3,0.0008130
148,do,<code>do</code>,3,0.0008130
148,ealdor,<code>ealdor</code>,3,0.0008130
148,ealra,<code>ealra</code>,3,0.0008130
148,eart,<code>eart</code>,3,0.0008130
148,ecan,<code>ecan</code>,3,0.0008130
148,ecum,<code>ecum</code>,3,0.0008130
148,eft,<code>eft</code>,3,0.0008130
148,englas,<code>englas</code>,3,0.0008130
148,eowerum,<code>eowerum</code>,3,0.0008130
148,folce,<code>folce</code>,3,0.0008130
148,forl&aelig;tan,<code>forl&amp;ae;tan</code>,3,0.0008130
148,gebundenne,<code>gebundenne</code>,3,0.0008130
148,gedrecednysse,<code>gedrecednysse</code>,3,0.0008130
148,gelyfan,<code>gelyfan</code>,3,0.0008130
148,geswica&eth;,<code>geswica&amp;d;</code>,3,0.0008130
148,habba&eth;,<code>habba&amp;d;</code>,3,0.0008130
148,hire,<code>hire</code>,3,0.0008130
148,hyre,<code>hyre</code>,3,0.0008130
148,india,<code>india</code>,3,0.0008130
148,l&aelig;s,<code>l&amp;ae;s</code>,3,0.0008130
148,magon,<code>magon</code>,3,0.0008130
148,mannes,<code>mannes</code>,3,0.0008130
148,mannum,<code>mannum</code>,3,0.0008130
148,maran,<code>maran</code>,3,0.0008130
148,micclum,<code>micclum</code>,3,0.0008130
148,miht,<code>miht</code>,3,0.0008130
148,minne,<code>minne</code>,3,0.0008130
148,na,<code>na</code>,3,0.0008130
148,nateshwon,<code>nateshwon</code>,3,0.0008130
148,nis,<code>nis</code>,3,0.0008130
148,o&thorn;re,<code>o&amp;t;re</code>,3,0.0008130
148,ongean,<code>ongean</code>,3,0.0008130
148,so&eth;,<code>so&amp;d;</code>,3,0.0008130
148,so&thorn;an,<code>so&amp;t;an</code>,3,0.0008130
148,spr&aelig;c,<code>spr&amp;ae;c</code>,3,0.0008130
148,sprece,<code>sprece</code>,3,0.0008130
148,swilce,<code>swilce</code>,3,0.0008130
148,synna,<code>synna</code>,3,0.0008130
148,tempel,<code>tempel</code>,3,0.0008130
148,uncl&aelig;na,<code>uncl&amp;ae;na</code>,3,0.0008130
148,untrume,<code>untrume</code>,3,0.0008130
148,wendon,<code>wendon</code>,3,0.0008130
148,westene,<code>westene</code>,3,0.0008130
148,wite,<code>wite</code>,3,0.0008130
148,witodlice,<code>witodlice</code>,3,0.0008130
148,wordum,<code>wordum</code>,3,0.0008130
148,worulde,<code>worulde</code>,3,0.0008130
148,wyle,<code>wyle</code>,3,0.0008130
215,&aelig;lces,<code>&amp;ae;lces</code>,2,0.0005420
215,&aelig;lmihtiga,<code>&amp;ae;lmihtiga</code>,2,0.0005420
215,&aelig;lmihtigum,<code>&amp;ae;lmihtigum</code>,2,0.0005420
215,&aelig;teowde,<code>&amp;ae;teowde</code>,2,0.0005420
215,&eth;&aelig;r,<code>&amp;d;&amp;ae;r</code>,2,0.0005420
215,&eth;is,<code>&amp;d;is</code>,2,0.0005420
215,&thorn;eahhw&aelig;&eth;ere,<code>&amp;t;eahhw&amp;ae;&amp;d;ere</code>,2,0.0005420
215,&thorn;eoda,<code>&amp;t;eoda</code>,2,0.0005420
215,&thorn;eowdome,<code>&amp;t;eowdome</code>,2,0.0005420
215,&thorn;es,<code>&amp;t;es</code>,2,0.0005420
215,&thorn;i,<code>&amp;t;i</code>,2,0.0005420
215,&thorn;inne,<code>&amp;t;inne</code>,2,0.0005420
215,&thorn;rowa&eth;,<code>&amp;t;rowa&amp;d;</code>,2,0.0005420
215,amen,<code>amen</code>,2,0.0005420
215,amyrde,<code>amyrde</code>,2,0.0005420
215,andwyrdon,<code>andwyrdon</code>,2,0.0005420
215,angyn,<code>angyn</code>,2,0.0005420
215,anlicnyssum,<code>anlicnyssum</code>,2,0.0005420
215,anre,<code>anre</code>,2,0.0005420
215,anweald,<code>anweald</code>,2,0.0005420
215,apostoles,<code>apostoles</code>,2,0.0005420
215,apostoli,<code>apostoli</code>,2,0.0005420
215,astaro&eth;,<code>astaro&amp;d;</code>,2,0.0005420
215,awedde,<code>awedde</code>,2,0.0005420
215,aweg,<code>aweg</code>,2,0.0005420
215,awyrdnysse,<code>awyrdnysse</code>,2,0.0005420
215,awyrigeda,<code>awyrigeda</code>,2,0.0005420
215,awyrigedan,<code>awyrigedan</code>,2,0.0005420
215,axodon,<code>axodon</code>,2,0.0005420
215,b&aelig;d,<code>b&amp;ae;d</code>,2,0.0005420
215,becom,<code>becom</code>,2,0.0005420
215,becym&eth;,<code>becym&amp;d;</code>,2,0.0005420
215,beo,<code>beo</code>,2,0.0005420
215,beon,<code>beon</code>,2,0.0005420
215,biddende,<code>biddende</code>,2,0.0005420
215,blind,<code>blind</code>,2,0.0005420
215,blinde,<code>blinde</code>,2,0.0005420
215,bro&eth;er,<code>bro&amp;d;er</code>,2,0.0005420
215,bro&thorn;er,<code>bro&amp;t;er</code>,2,0.0005420
215,brocunge,<code>brocunge</code>,2,0.0005420
215,cr&aelig;ft,<code>cr&amp;ae;ft</code>,2,0.0005420
215,cw&aelig;don,<code>cw&amp;ae;don</code>,2,0.0005420
215,cydde,<code>cydde</code>,2,0.0005420
215,de&eth;,<code>de&amp;d;</code>,2,0.0005420
215,dea&eth;e,<code>dea&amp;d;e</code>,2,0.0005420
215,deofle,<code>deofle</code>,2,0.0005420
215,deoflu,<code>deoflu</code>,2,0.0005420
215,deofollican,<code>deofollican</code>,2,0.0005420
215,dolge,<code>dolge</code>,2,0.0005420
215,don,<code>don</code>,2,0.0005420
215,dorste,<code>dorste</code>,2,0.0005420
215,drihtne,<code>drihtne</code>,2,0.0005420
215,drohtnunge,<code>drohtnunge</code>,2,0.0005420
215,dydest,<code>dydest</code>,2,0.0005420
215,eagan,<code>eagan</code>,2,0.0005420
215,ealne,<code>ealne</code>,2,0.0005420
215,egeslice,<code>egeslice</code>,2,0.0005420
215,elles,<code>elles</code>,2,0.0005420
215,englum,<code>englum</code>,2,0.0005420
215,eode,<code>eode</code>,2,0.0005420
215,eom,<code>eom</code>,2,0.0005420
215,eor&thorn;an,<code>eor&amp;t;an</code>,2,0.0005420
215,f&aelig;der,<code>f&amp;ae;der</code>,2,0.0005420
215,fandunge,<code>fandunge</code>,2,0.0005420
215,faran,<code>faran</code>,2,0.0005420
215,fela,<code>fela</code>,2,0.0005420
215,fleah,<code>fleah</code>,2,0.0005420
215,fugel,<code>fugel</code>,2,0.0005420
215,fulluhte,<code>fulluhte</code>,2,0.0005420
215,fur&thorn;on,<code>fur&amp;t;on</code>,2,0.0005420
215,fyrenum,<code>fyrenum</code>,2,0.0005420
215,ge&thorn;uht,<code>ge&amp;t;uht</code>,2,0.0005420
215,geara,<code>geara</code>,2,0.0005420
215,gearum,<code>gearum</code>,2,0.0005420
215,geboren,<code>geboren</code>,2,0.0005420
215,gebrocod,<code>gebrocod</code>,2,0.0005420
215,gebundene,<code>gebundene</code>,2,0.0005420
215,gecorenan,<code>gecorenan</code>,2,0.0005420
215,geh&aelig;led,<code>geh&amp;ae;led</code>,2,0.0005420
215,geh&aelig;lon,<code>geh&amp;ae;lon</code>,2,0.0005420
215,gehealdsumnysse,<code>gehealdsumnysse</code>,2,0.0005420
215,gehyrsum,<code>gehyrsum</code>,2,0.0005420
215,gelicnysse,<code>gelicnysse</code>,2,0.0005420
215,gesih&thorn;um,<code>gesih&amp;t;um</code>,2,0.0005420
215,geswac,<code>geswac</code>,2,0.0005420
215,geswic&eth;,<code>geswic&amp;d;</code>,2,0.0005420
215,geuntrumod,<code>geuntrumod</code>,2,0.0005420
215,gewra&eth;,<code>gewra&amp;d;</code>,2,0.0005420
215,gewri&thorn;en,<code>gewri&amp;t;en</code>,2,0.0005420
215,goddra,<code>goddra</code>,2,0.0005420
215,gold,<code>gold</code>,2,0.0005420
215,h&aelig;f&thorn;,<code>h&amp;ae;f&amp;t;</code>,2,0.0005420
215,h&aelig;fde,<code>h&amp;ae;fde</code>,2,0.0005420
215,halgum,<code>halgum</code>,2,0.0005420
215,halige,<code>halige</code>,2,0.0005420
215,handa,<code>handa</code>,2,0.0005420
215,heofenum,<code>heofenum</code>,2,0.0005420
215,hider,<code>hider</code>,2,0.0005420
215,horig,<code>horig</code>,2,0.0005420
215,hrymde,<code>hrymde</code>,2,0.0005420
215,hund,<code>hund</code>,2,0.0005420
215,iob,<code>iob</code>,2,0.0005420
215,l&aelig;ssan,<code>l&amp;ae;ssan</code>,2,0.0005420
215,li&eth;,<code>li&amp;d;</code>,2,0.0005420
215,life,<code>life</code>,2,0.0005420
215,m&aelig;den,<code>m&amp;ae;den</code>,2,0.0005420
215,m&aelig;g,<code>m&amp;ae;g</code>,2,0.0005420
215,manegum,<code>manegum</code>,2,0.0005420
215,meniu,<code>meniu</code>,2,0.0005420
215,merien,<code>merien</code>,2,0.0005420
215,micelre,<code>micelre</code>,2,0.0005420
215,n&aelig;nne,<code>n&amp;ae;nne</code>,2,0.0005420
215,nama,<code>nama</code>,2,0.0005420
215,nane,<code>nane</code>,2,0.0005420
215,nanes,<code>nanes</code>,2,0.0005420
215,nanre,<code>nanre</code>,2,0.0005420
215,nolde,<code>nolde</code>,2,0.0005420
215,o&thorn;er,<code>o&amp;t;er</code>,2,0.0005420
215,o&thorn;rum,<code>o&amp;t;rum</code>,2,0.0005420
215,ofer,<code>ofer</code>,2,0.0005420
215,oferswi&eth;de,<code>oferswi&amp;d;de</code>,2,0.0005420
215,offria&eth;,<code>offria&amp;d;</code>,2,0.0005420
215,offrian,<code>offrian</code>,2,0.0005420
215,offrodon,<code>offrodon</code>,2,0.0005420
215,orm&aelig;te,<code>orm&amp;ae;te</code>,2,0.0005420
215,purpuran,<code>purpuran</code>,2,0.0005420
215,reaf,<code>reaf</code>,2,0.0005420
215,rihtwis,<code>rihtwis</code>,2,0.0005420
215,samod,<code>samod</code>,2,0.0005420
215,sceal,<code>sceal</code>,2,0.0005420
215,sceocca,<code>sceocca</code>,2,0.0005420
215,sceoldon,<code>sceoldon</code>,2,0.0005420
215,scire,<code>scire</code>,2,0.0005420
215,scyppend,<code>scyppend</code>,2,0.0005420
215,scyppende,<code>scyppende</code>,2,0.0005420
215,sealde,<code>sealde</code>,2,0.0005420
215,seca&eth;,<code>seca&amp;d;</code>,2,0.0005420
215,secge,<code>secge</code>,2,0.0005420
215,seolfor,<code>seolfor</code>,2,0.0005420
215,so&eth;a,<code>so&amp;d;a</code>,2,0.0005420
215,stemn,<code>stemn</code>,2,0.0005420
215,stemne,<code>stemne</code>,2,0.0005420
215,sticm&aelig;lum,<code>sticm&amp;ae;lum</code>,2,0.0005420
215,sum,<code>sum</code>,2,0.0005420
215,sume,<code>sume</code>,2,0.0005420
215,sylfne,<code>sylfne</code>,2,0.0005420
215,syngia&eth;,<code>syngia&amp;d;</code>,2,0.0005420
215,tobr&aelig;ce,<code>tobr&amp;ae;ce</code>,2,0.0005420
215,tocyme,<code>tocyme</code>,2,0.0005420
215,tot&aelig;r,<code>tot&amp;ae;r</code>,2,0.0005420
215,twentig,<code>twentig</code>,2,0.0005420
215,urum,<code>urum</code>,2,0.0005420
215,w&aelig;re,<code>w&amp;ae;re</code>,2,0.0005420
215,wanunge,<code>wanunge</code>,2,0.0005420
215,wat,<code>wat</code>,2,0.0005420
215,wodnysse,<code>wodnysse</code>,2,0.0005420
215,worhte,<code>worhte</code>,2,0.0005420
215,woruld,<code>woruld</code>,2,0.0005420
215,worulda,<code>worulda</code>,2,0.0005420
215,wuldor,<code>wuldor</code>,2,0.0005420
215,wunie,<code>wunie</code>,2,0.0005420
215,wunode,<code>wunode</code>,2,0.0005420
215,wur&thorn;ia&eth;,<code>wur&amp;t;ia&amp;d;</code>,2,0.0005420
215,wurdon,<code>wurdon</code>,2,0.0005420
215,wylle,<code>wylle</code>,2,0.0005420
215,yfel,<code>yfel</code>,2,0.0005420
381,&aelig;&thorn;elinges,<code>&amp;ae;&amp;t;elinges</code>,1,0.0002710
381,&aelig;g&eth;er,<code>&amp;ae;g&amp;d;er</code>,1,0.0002710
381,&aelig;l&thorn;eodig,<code>&amp;ae;l&amp;t;eodig</code>,1,0.0002710
381,&aelig;l&thorn;eodiges,<code>&amp;ae;l&amp;t;eodiges</code>,1,0.0002710
381,&aelig;lc,<code>&amp;ae;lc</code>,1,0.0002710
381,&aelig;lcne,<code>&amp;ae;lcne</code>,1,0.0002710
381,&aelig;lmihtig,<code>&amp;ae;lmihtig</code>,1,0.0002710
381,&aelig;nig,<code>&amp;ae;nig</code>,1,0.0002710
381,&aelig;nigum,<code>&amp;ae;nigum</code>,1,0.0002710
381,&aelig;ninne,<code>&amp;ae;ninne</code>,1,0.0002710
381,&aelig;nire,<code>&amp;ae;nire</code>,1,0.0002710
381,&aelig;rest,<code>&amp;ae;rest</code>,1,0.0002710
381,&aelig;rnemerigen,<code>&amp;ae;rnemerigen</code>,1,0.0002710
381,&aelig;tbrudon,<code>&amp;ae;tbrudon</code>,1,0.0002710
381,&aelig;teowie,<code>&amp;ae;teowie</code>,1,0.0002710
381,&aelig;teowod,<code>&amp;ae;teowod</code>,1,0.0002710
381,&aelig;teowode,<code>&amp;ae;teowode</code>,1,0.0002710
381,&eth;&aelig;ra,<code>&amp;d;&amp;ae;ra</code>,1,0.0002710
381,&eth;&aelig;s,<code>&amp;d;&amp;ae;s</code>,1,0.0002710
381,&eth;as,<code>&amp;d;as</code>,1,0.0002710
381,&eth;eahhw&aelig;&eth;ere,<code>&amp;d;eahhw&amp;ae;&amp;d;ere</code>,1,0.0002710
381,&eth;enas,<code>&amp;d;enas</code>,1,0.0002710
381,&eth;eoda,<code>&amp;d;eoda</code>,1,0.0002710
381,&eth;eos,<code>&amp;d;eos</code>,1,0.0002710
381,&eth;in,<code>&amp;d;in</code>,1,0.0002710
381,&eth;ridde,<code>&amp;d;ridde</code>,1,0.0002710
381,&eth;rowiendum,<code>&amp;d;rowiendum</code>,1,0.0002710
381,&eth;wyran,<code>&amp;d;wyran</code>,1,0.0002710
381,&eth;ysum,<code>&amp;d;ysum</code>,1,0.0002710
381,&thorn;&aelig;roninnan,<code>&amp;t;&amp;ae;roninnan</code>,1,0.0002710
381,&thorn;&aelig;rto,<code>&amp;t;&amp;ae;rto</code>,1,0.0002710
381,&thorn;eahhw&aelig;&thorn;ere,<code>&amp;t;eahhw&amp;ae;&amp;t;ere</code>,1,0.0002710
381,&thorn;earle,<code>&amp;t;earle</code>,1,0.0002710
381,&thorn;egenes,<code>&amp;t;egenes</code>,1,0.0002710
381,&thorn;enas,<code>&amp;t;enas</code>,1,0.0002710
381,&thorn;eos,<code>&amp;t;eos</code>,1,0.0002710
381,&thorn;eostru,<code>&amp;t;eostru</code>,1,0.0002710
381,&thorn;eowan,<code>&amp;t;eowan</code>,1,0.0002710
381,&thorn;eowia&eth;,<code>&amp;t;eowia&amp;d;</code>,1,0.0002710
381,&thorn;icgan,<code>&amp;t;icgan</code>,1,0.0002710
381,&thorn;icge,<code>&amp;t;icge</code>,1,0.0002710
381,&thorn;ines,<code>&amp;t;ines</code>,1,0.0002710
381,&thorn;ingum,<code>&amp;t;ingum</code>,1,0.0002710
381,&thorn;issere,<code>&amp;t;issere</code>,1,0.0002710
381,&thorn;reage,<code>&amp;t;reage</code>,1,0.0002710
381,&thorn;reotteo&thorn;an,<code>&amp;t;reotteo&amp;t;an</code>,1,0.0002710
381,&thorn;riddan,<code>&amp;t;riddan</code>,1,0.0002710
381,&thorn;ridde,<code>&amp;t;ridde</code>,1,0.0002710
381,&thorn;riwa,<code>&amp;t;riwa</code>,1,0.0002710
381,&thorn;rowian,<code>&amp;t;rowian</code>,1,0.0002710
381,&thorn;rowunge,<code>&amp;t;rowunge</code>,1,0.0002710
381,&thorn;ry,<code>&amp;t;ry</code>,1,0.0002710
381,&thorn;urhwuna&eth;,<code>&amp;t;urhwuna&amp;d;</code>,1,0.0002710
381,&thorn;urhwunia&eth;,<code>&amp;t;urhwunia&amp;d;</code>,1,0.0002710
381,&thorn;urhwunode,<code>&amp;t;urhwunode</code>,1,0.0002710
381,&thorn;us,<code>&amp;t;us</code>,1,0.0002710
381,&thorn;usend,<code>&amp;t;usend</code>,1,0.0002710
381,&thorn;wyrlice,<code>&amp;t;wyrlice</code>,1,0.0002710
381,a,<code>a</code>,1,0.0002710
381,a&thorn;wea,<code>a&amp;t;wea</code>,1,0.0002710
381,a&thorn;wogen,<code>a&amp;t;wogen</code>,1,0.0002710
381,abraham,<code>abraham</code>,1,0.0002710
381,acennednysse,<code>acennednysse</code>,1,0.0002710
381,acwealde,<code>acwealde</code>,1,0.0002710
381,adl,<code>adl</code>,1,0.0002710
381,adligra,<code>adligra</code>,1,0.0002710
381,adumba,<code>adumba</code>,1,0.0002710
381,adumbode,<code>adumbode</code>,1,0.0002710
381,afandian,<code>afandian</code>,1,0.0002710
381,afligan,<code>afligan</code>,1,0.0002710
381,afyrhte,<code>afyrhte</code>,1,0.0002710
381,afyrsode,<code>afyrsode</code>,1,0.0002710
381,agen,<code>agen</code>,1,0.0002710
381,agrof,<code>agrof</code>,1,0.0002710
381,agustinus,<code>agustinus</code>,1,0.0002710
381,ahengon,<code>ahengon</code>,1,0.0002710
381,ahredde,<code>ahredde</code>,1,0.0002710
381,ahte,<code>ahte</code>,1,0.0002710
381,alyfed,<code>alyfed</code>,1,0.0002710
381,alysde,<code>alysde</code>,1,0.0002710
381,alysednysse,<code>alysednysse</code>,1,0.0002710
381,amyrdest,<code>amyrdest</code>,1,0.0002710
381,amyrdon,<code>amyrdon</code>,1,0.0002710
381,ana,<code>ana</code>,1,0.0002710
381,anccleowum,<code>anccleowum</code>,1,0.0002710
381,ancennedan,<code>ancennedan</code>,1,0.0002710
381,andet,<code>andet</code>,1,0.0002710
381,andete,<code>andete</code>,1,0.0002710
381,andetteras,<code>andetteras</code>,1,0.0002710
381,andsware,<code>andsware</code>,1,0.0002710
381,andweardnysse,<code>andweardnysse</code>,1,0.0002710
381,andwlitan,<code>andwlitan</code>,1,0.0002710
381,angin,<code>angin</code>,1,0.0002710
381,anmodlice,<code>anmodlice</code>,1,0.0002710
381,apostolican,<code>apostolican</code>,1,0.0002710
381,apostolum,<code>apostolum</code>,1,0.0002710
381,ar&aelig;ran,<code>ar&amp;ae;ran</code>,1,0.0002710
381,aras,<code>aras</code>,1,0.0002710
381,aris,<code>aris</code>,1,0.0002710
381,arleasan,<code>arleasan</code>,1,0.0002710
381,arwur&eth;lice,<code>arwur&amp;d;lice</code>,1,0.0002710
381,asende,<code>asende</code>,1,0.0002710
381,asendest,<code>asendest</code>,1,0.0002710
381,asprang,<code>asprang</code>,1,0.0002710
381,astara&eth;,<code>astara&amp;d;</code>,1,0.0002710
381,astigan,<code>astigan</code>,1,0.0002710
381,astrehte,<code>astrehte</code>,1,0.0002710
381,astries,<code>astries</code>,1,0.0002710
381,astrigem,<code>astrigem</code>,1,0.0002710
381,astriges,<code>astriges</code>,1,0.0002710
381,atelican,<code>atelican</code>,1,0.0002710
381,ateorung,<code>ateorung</code>,1,0.0002710
381,awearp,<code>awearp</code>,1,0.0002710
381,awed,<code>awed</code>,1,0.0002710
381,aweddon,<code>aweddon</code>,1,0.0002710
381,awegdon,<code>awegdon</code>,1,0.0002710
381,awende,<code>awende</code>,1,0.0002710
381,awyrdnyssa,<code>awyrdnyssa</code>,1,0.0002710
381,awyrdon,<code>awyrdon</code>,1,0.0002710
381,awyrigedum,<code>awyrigedum</code>,1,0.0002710
381,aydlige,<code>aydlige</code>,1,0.0002710
381,b&aelig;ce,<code>b&amp;ae;ce</code>,1,0.0002710
381,b&aelig;rn&eth;,<code>b&amp;ae;rn&amp;d;</code>,1,0.0002710
381,b&aelig;rnette,<code>b&amp;ae;rnette</code>,1,0.0002710
381,balda&eth;,<code>balda&amp;d;</code>,1,0.0002710
381,bartholomee,<code>bartholomee</code>,1,0.0002710
381,bartholomei,<code>bartholomei</code>,1,0.0002710
381,bartolomeus,<code>bartolomeus</code>,1,0.0002710
381,bat,<code>bat</code>,1,0.0002710
381,beardas,<code>beardas</code>,1,0.0002710
381,bearde,<code>bearde</code>,1,0.0002710
381,bearn,<code>bearn</code>,1,0.0002710
381,bearne,<code>bearne</code>,1,0.0002710
381,bearnum,<code>bearnum</code>,1,0.0002710
381,beatan,<code>beatan</code>,1,0.0002710
381,bebead,<code>bebead</code>,1,0.0002710
381,beceapie,<code>beceapie</code>,1,0.0002710
381,beceapodon,<code>beceapodon</code>,1,0.0002710
381,beclysedre,<code>beclysedre</code>,1,0.0002710
381,becnytte,<code>becnytte</code>,1,0.0002710
381,becume,<code>becume</code>,1,0.0002710
381,bedredan,<code>bedredan</code>,1,0.0002710
381,befran,<code>befran</code>,1,0.0002710
381,befrinon,<code>befrinon</code>,1,0.0002710
381,befyl&eth;,<code>befyl&amp;d;</code>,1,0.0002710
381,beg&aelig;&eth;,<code>beg&amp;ae;&amp;d;</code>,1,0.0002710
381,behate,<code>behate</code>,1,0.0002710
381,beheafdian,<code>beheafdian</code>,1,0.0002710
381,behet,<code>behet</code>,1,0.0002710
381,behofia&eth;,<code>behofia&amp;d;</code>,1,0.0002710
381,ben&aelig;mde,<code>ben&amp;ae;mde</code>,1,0.0002710
381,bendum,<code>bendum</code>,1,0.0002710
381,ber,<code>ber</code>,1,0.0002710
381,besettan,<code>besettan</code>,1,0.0002710
381,besingan,<code>besingan</code>,1,0.0002710
381,beswac,<code>beswac</code>,1,0.0002710
381,beswinc&eth;,<code>beswinc&amp;d;</code>,1,0.0002710
381,beswinge,<code>beswinge</code>,1,0.0002710
381,betwux,<code>betwux</code>,1,0.0002710
381,bewurpon,<code>bewurpon</code>,1,0.0002710
381,bidda&eth;,<code>bidda&amp;d;</code>,1,0.0002710
381,biddan,<code>biddan</code>,1,0.0002710
381,biddon,<code>biddon</code>,1,0.0002710
381,big&eth;,<code>big&amp;d;</code>,1,0.0002710
381,bigencgum,<code>bigencgum</code>,1,0.0002710
381,biscopdome,<code>biscopdome</code>,1,0.0002710
381,biscophad,<code>biscophad</code>,1,0.0002710
381,bit,<code>bit</code>,1,0.0002710
381,bl&aelig;cfexede,<code>bl&amp;ae;cfexede</code>,1,0.0002710
381,bletsunge,<code>bletsunge</code>,1,0.0002710
381,blindan,<code>blindan</code>,1,0.0002710
381,blode,<code>blode</code>,1,0.0002710
381,bocum,<code>bocum</code>,1,0.0002710
381,boda&eth;,<code>boda&amp;d;</code>,1,0.0002710
381,bodade,<code>bodade</code>,1,0.0002710
381,bodie,<code>bodie</code>,1,0.0002710
381,bre&thorn;er,<code>bre&amp;t;er</code>,1,0.0002710
381,bringan,<code>bringan</code>,1,0.0002710
381,bro&eth;or,<code>bro&amp;d;or</code>,1,0.0002710
381,broce,<code>broce</code>,1,0.0002710
381,brocum,<code>brocum</code>,1,0.0002710
381,bugon,<code>bugon</code>,1,0.0002710
381,bure,<code>bure</code>,1,0.0002710
381,burhware,<code>burhware</code>,1,0.0002710
381,byme,<code>byme</code>,1,0.0002710
381,byrgene,<code>byrgene</code>,1,0.0002710
381,byrig,<code>byrig</code>,1,0.0002710
381,byrnendum,<code>byrnendum</code>,1,0.0002710
381,bysene,<code>bysene</code>,1,0.0002710
381,bysne,<code>bysne</code>,1,0.0002710
381,caflice,<code>caflice</code>,1,0.0002710
381,can,<code>can</code>,1,0.0002710
381,cempena,<code>cempena</code>,1,0.0002710
381,ceora&eth;,<code>ceora&amp;d;</code>,1,0.0002710
381,ceorfseaxe,<code>ceorfseaxe</code>,1,0.0002710
381,ceorunge,<code>ceorunge</code>,1,0.0002710
381,cepa&eth;,<code>cepa&amp;d;</code>,1,0.0002710
381,cild,<code>cild</code>,1,0.0002710
381,cilde,<code>cilde</code>,1,0.0002710
381,cinge,<code>cinge</code>,1,0.0002710
381,cinges,<code>cinges</code>,1,0.0002710
381,cl&aelig;nnysse,<code>cl&amp;ae;nnysse</code>,1,0.0002710
381,cli&eth;an,<code>cli&amp;d;an</code>,1,0.0002710
381,clypode,<code>clypode</code>,1,0.0002710
381,cneowa,<code>cneowa</code>,1,0.0002710
381,co&thorn;um,<code>co&amp;t;um</code>,1,0.0002710
381,cr&aelig;fte,<code>cr&amp;ae;fte</code>,1,0.0002710
381,cr&aelig;ftes,<code>cr&amp;ae;ftes</code>,1,0.0002710
381,cristen,<code>cristen</code>,1,0.0002710
381,cristena,<code>cristena</code>,1,0.0002710
381,cristendom,<code>cristendom</code>,1,0.0002710
381,cristene,<code>cristene</code>,1,0.0002710
381,cristenum,<code>cristenum</code>,1,0.0002710
381,cume,<code>cume</code>,1,0.0002710
381,cw&aelig;&thorn;,<code>cw&amp;ae;&amp;t;</code>,1,0.0002710
381,cwe&eth;a&eth;,<code>cwe&amp;d;a&amp;d;</code>,1,0.0002710
381,cy&thorn;a&eth;,<code>cy&amp;t;a&amp;d;</code>,1,0.0002710
381,cynehelm,<code>cynehelm</code>,1,0.0002710
381,cyrf&eth;,<code>cyrf&amp;d;</code>,1,0.0002710
381,cyrps,<code>cyrps</code>,1,0.0002710
381,d&aelig;da,<code>d&amp;ae;da</code>,1,0.0002710
381,d&aelig;ges,<code>d&amp;ae;ges</code>,1,0.0002710
381,d&aelig;ghwomlice,<code>d&amp;ae;ghwomlice</code>,1,0.0002710
381,daga,<code>daga</code>,1,0.0002710
381,deade,<code>deade</code>,1,0.0002710
381,dear,<code>dear</code>,1,0.0002710
381,deofel,<code>deofel</code>,1,0.0002710
381,deoflum,<code>deoflum</code>,1,0.0002710
381,deofolgilde,<code>deofolgilde</code>,1,0.0002710
381,deofolgyldum,<code>deofolgyldum</code>,1,0.0002710
381,deorwur&eth;um,<code>deorwur&amp;d;um</code>,1,0.0002710
381,deorwur&thorn;e,<code>deorwur&amp;t;e</code>,1,0.0002710
381,deorwur&thorn;um,<code>deorwur&amp;t;um</code>,1,0.0002710
381,deria&eth;,<code>deria&amp;d;</code>,1,0.0002710
381,derian,<code>derian</code>,1,0.0002710
381,derige,<code>derige</code>,1,0.0002710
381,derode,<code>derode</code>,1,0.0002710
381,dihte,<code>dihte</code>,1,0.0002710
381,do&eth;,<code>do&amp;d;</code>,1,0.0002710
381,dohter,<code>dohter</code>,1,0.0002710
381,dome,<code>dome</code>,1,0.0002710
381,dreccan,<code>dreccan</code>,1,0.0002710
381,drecednysse,<code>drecednysse</code>,1,0.0002710
381,drehte,<code>drehte</code>,1,0.0002710
381,drohtnung,<code>drohtnung</code>,1,0.0002710
381,drohtnunga,<code>drohtnunga</code>,1,0.0002710
381,drycr&aelig;fte,<code>drycr&amp;ae;fte</code>,1,0.0002710
381,dryes,<code>dryes</code>,1,0.0002710
381,dura,<code>dura</code>,1,0.0002710
381,dyde,<code>dyde</code>,1,0.0002710
381,dydon,<code>dydon</code>,1,0.0002710
381,dysige,<code>dysige</code>,1,0.0002710
381,eadiga,<code>eadiga</code>,1,0.0002710
381,eadignys,<code>eadignys</code>,1,0.0002710
381,eadmoddran,<code>eadmoddran</code>,1,0.0002710
381,eadmodlice,<code>eadmodlice</code>,1,0.0002710
381,eadmodnysse,<code>eadmodnysse</code>,1,0.0002710
381,eaghringas,<code>eaghringas</code>,1,0.0002710
381,eal,<code>eal</code>,1,0.0002710
381,eala,<code>eala</code>,1,0.0002710
381,ealdres,<code>ealdres</code>,1,0.0002710
381,earda&eth;,<code>earda&amp;d;</code>,1,0.0002710
381,earfo&eth;nysse,<code>earfo&amp;d;nysse</code>,1,0.0002710
381,earfo&eth;nyssum,<code>earfo&amp;d;nyssum</code>,1,0.0002710
381,earma,<code>earma</code>,1,0.0002710
381,earman,<code>earman</code>,1,0.0002710
381,ece,<code>ece</code>,1,0.0002710
381,ecere,<code>ecere</code>,1,0.0002710
381,efne,<code>efne</code>,1,0.0002710
381,egeslic,<code>egeslic</code>,1,0.0002710
381,egeslicere,<code>egeslicere</code>,1,0.0002710
381,egeslicre,<code>egeslicre</code>,1,0.0002710
381,ende,<code>ende</code>,1,0.0002710
381,endemen,<code>endemen</code>,1,0.0002710
381,eor&eth;lice,<code>eor&amp;d;lice</code>,1,0.0002710
381,eor&thorn;lices,<code>eor&amp;t;lices</code>,1,0.0002710
381,eornostlice,<code>eornostlice</code>,1,0.0002710
381,eower,<code>eower</code>,1,0.0002710
381,eowera,<code>eowera</code>,1,0.0002710
381,eowerne,<code>eowerne</code>,1,0.0002710
381,eowrum,<code>eowrum</code>,1,0.0002710
381,era&eth;,<code>era&amp;d;</code>,1,0.0002710
381,ezechie,<code>ezechie</code>,1,0.0002710
381,f&aelig;ce,<code>f&amp;ae;ce</code>,1,0.0002710
381,f&aelig;r&eth;,<code>f&amp;ae;r&amp;d;</code>,1,0.0002710
381,f&aelig;ste,<code>f&amp;ae;ste</code>,1,0.0002710
381,fandian,<code>fandian</code>,1,0.0002710
381,far,<code>far</code>,1,0.0002710
381,fara&eth;,<code>fara&amp;d;</code>,1,0.0002710
381,fare,<code>fare</code>,1,0.0002710
381,feolle,<code>feolle</code>,1,0.0002710
381,feond,<code>feond</code>,1,0.0002710
381,feondlicum,<code>feondlicum</code>,1,0.0002710
381,feore,<code>feore</code>,1,0.0002710
381,feower,<code>feower</code>,1,0.0002710
381,ferde,<code>ferde</code>,1,0.0002710
381,ferdon,<code>ferdon</code>,1,0.0002710
381,ferodon,<code>ferodon</code>,1,0.0002710
381,finde,<code>finde</code>,1,0.0002710
381,fingre,<code>fingre</code>,1,0.0002710
381,fl&aelig;sclices,<code>fl&amp;ae;sclices</code>,1,0.0002710
381,fleogende,<code>fleogende</code>,1,0.0002710
381,flyh&eth;,<code>flyh&amp;d;</code>,1,0.0002710
381,folces,<code>folces</code>,1,0.0002710
381,folgere,<code>folgere</code>,1,0.0002710
381,for&eth;st&aelig;ppende,<code>for&amp;d;st&amp;ae;ppende</code>,1,0.0002710
381,forbere,<code>forbere</code>,1,0.0002710
381,foreheafdum,<code>foreheafdum</code>,1,0.0002710
381,foresceawa&eth;,<code>foresceawa&amp;d;</code>,1,0.0002710
381,foresceawie,<code>foresceawie</code>,1,0.0002710
381,forgeald,<code>forgeald</code>,1,0.0002710
381,forgyfene,<code>forgyfene</code>,1,0.0002710
381,forh&aelig;fednyssum,<code>forh&amp;ae;fednyssum</code>,1,0.0002710
381,forhogode,<code>forhogode</code>,1,0.0002710
381,forl&aelig;t,<code>forl&amp;ae;t</code>,1,0.0002710
381,forl&aelig;ta&eth;,<code>forl&amp;ae;ta&amp;d;</code>,1,0.0002710
381,forme,<code>forme</code>,1,0.0002710
381,fornumen,<code>fornumen</code>,1,0.0002710
381,forseah,<code>forseah</code>,1,0.0002710
381,forseo&eth;,<code>forseo&amp;d;</code>,1,0.0002710
381,forwel,<code>forwel</code>,1,0.0002710
381,forwerode,<code>forwerode</code>,1,0.0002710
381,forwundoda,<code>forwundoda</code>,1,0.0002710
381,freond,<code>freond</code>,1,0.0002710
381,frumsceapenan,<code>frumsceapenan</code>,1,0.0002710
381,fulan,<code>fulan</code>,1,0.0002710
381,fulfremedum,<code>fulfremedum</code>,1,0.0002710
381,fulnyssum,<code>fulnyssum</code>,1,0.0002710
381,fy&thorn;erscytum,<code>fy&amp;t;erscytum</code>,1,0.0002710
381,fyrene,<code>fyrene</code>,1,0.0002710
381,ga&eth;,<code>ga&amp;d;</code>,1,0.0002710
381,gabrihel,<code>gabrihel</code>,1,0.0002710
381,galdre,<code>galdre</code>,1,0.0002710
381,galdrum,<code>galdrum</code>,1,0.0002710
381,garsecg,<code>garsecg</code>,1,0.0002710
381,garsecge,<code>garsecge</code>,1,0.0002710
381,ge&eth;inc&eth;um,<code>ge&amp;d;inc&amp;d;um</code>,1,0.0002710
381,ge&thorn;afia&eth;,<code>ge&amp;t;afia&amp;d;</code>,1,0.0002710
381,ge&thorn;ingc&eth;e,<code>ge&amp;t;ingc&amp;d;e</code>,1,0.0002710
381,ge&thorn;ingian,<code>ge&amp;t;ingian</code>,1,0.0002710
381,ge&thorn;ingie,<code>ge&amp;t;ingie</code>,1,0.0002710
381,ge&thorn;yld,<code>ge&amp;t;yld</code>,1,0.0002710
381,ge&thorn;ylde,<code>ge&amp;t;ylde</code>,1,0.0002710
381,ge&thorn;yldelice,<code>ge&amp;t;yldelice</code>,1,0.0002710
381,ge&thorn;yldig,<code>ge&amp;t;yldig</code>,1,0.0002710
381,ge&thorn;yldiga,<code>ge&amp;t;yldiga</code>,1,0.0002710
381,geagna&eth;,<code>geagna&amp;d;</code>,1,0.0002710
381,gealgum,<code>gealgum</code>,1,0.0002710
381,geandwyrde,<code>geandwyrde</code>,1,0.0002710
381,geangsumia&eth;,<code>geangsumia&amp;d;</code>,1,0.0002710
381,geaxode,<code>geaxode</code>,1,0.0002710
381,geb&aelig;r,<code>geb&amp;ae;r</code>,1,0.0002710
381,gebeah,<code>gebeah</code>,1,0.0002710
381,gebedu,<code>gebedu</code>,1,0.0002710
381,gebeodon,<code>gebeodon</code>,1,0.0002710
381,gebidda&eth;,<code>gebidda&amp;d;</code>,1,0.0002710
381,gebigst,<code>gebigst</code>,1,0.0002710
381,gebihst,<code>gebihst</code>,1,0.0002710
381,gebletsian,<code>gebletsian</code>,1,0.0002710
381,gebletsod,<code>gebletsod</code>,1,0.0002710
381,gebringe,<code>gebringe</code>,1,0.0002710
381,gebrocode,<code>gebrocode</code>,1,0.0002710
381,gebudon,<code>gebudon</code>,1,0.0002710
381,gecl&aelig;nsian,<code>gecl&amp;ae;nsian</code>,1,0.0002710
381,gecl&aelig;nsod,<code>gecl&amp;ae;nsod</code>,1,0.0002710
381,gecl&aelig;nsode,<code>gecl&amp;ae;nsode</code>,1,0.0002710
381,gecorenra,<code>gecorenra</code>,1,0.0002710
381,gecuron,<code>gecuron</code>,1,0.0002710
381,gecyrde,<code>gecyrde</code>,1,0.0002710
381,gecyrdon,<code>gecyrdon</code>,1,0.0002710
381,gediht,<code>gediht</code>,1,0.0002710
381,gedreht,<code>gedreht</code>,1,0.0002710
381,gedwylde,<code>gedwylde</code>,1,0.0002710
381,gedyrstl&aelig;c&eth;,<code>gedyrstl&amp;ae;c&amp;d;</code>,1,0.0002710
381,geearpl&aelig;t,<code>geearpl&amp;ae;t</code>,1,0.0002710
381,geedsta&thorn;elast,<code>geedsta&amp;t;elast</code>,1,0.0002710
381,gefada&eth;,<code>gefada&amp;d;</code>,1,0.0002710
381,gefea,<code>gefea</code>,1,0.0002710
381,gefean,<code>gefean</code>,1,0.0002710
381,gefeccan,<code>gefeccan</code>,1,0.0002710
381,gefecce,<code>gefecce</code>,1,0.0002710
381,geferan,<code>geferan</code>,1,0.0002710
381,gefi&thorn;erhamod,<code>gefi&amp;t;erhamod</code>,1,0.0002710
381,gefremod,<code>gefremod</code>,1,0.0002710
381,gefullod,<code>gefullod</code>,1,0.0002710
381,gefullude,<code>gefullude</code>,1,0.0002710
381,gegrypen,<code>gegrypen</code>,1,0.0002710
381,geh&aelig;ft,<code>geh&amp;ae;ft</code>,1,0.0002710
381,geh&aelig;ftan,<code>geh&amp;ae;ftan</code>,1,0.0002710
381,geh&aelig;l&eth;,<code>geh&amp;ae;l&amp;d;</code>,1,0.0002710
381,geh&aelig;lan,<code>geh&amp;ae;lan</code>,1,0.0002710
381,geh&aelig;le,<code>geh&amp;ae;le</code>,1,0.0002710
381,geh&aelig;lede,<code>geh&amp;ae;lede</code>,1,0.0002710
381,gehadode,<code>gehadode</code>,1,0.0002710
381,gehatene,<code>gehatene</code>,1,0.0002710
381,gehathyrt,<code>gehathyrt</code>,1,0.0002710
381,gehelpan,<code>gehelpan</code>,1,0.0002710
381,gehendre,<code>gehendre</code>,1,0.0002710
381,gehwa,<code>gehwa</code>,1,0.0002710
381,gehwylce,<code>gehwylce</code>,1,0.0002710
381,gehyra&eth;,<code>gehyra&amp;d;</code>,1,0.0002710
381,gehyred,<code>gehyred</code>,1,0.0002710
381,gehyrst,<code>gehyrst</code>,1,0.0002710
381,gehyrsuma&eth;,<code>gehyrsuma&amp;d;</code>,1,0.0002710
381,gel&aelig;d,<code>gel&amp;ae;d</code>,1,0.0002710
381,gel&aelig;de,<code>gel&amp;ae;de</code>,1,0.0002710
381,gelacna&eth;,<code>gelacna&amp;d;</code>,1,0.0002710
381,gelacnian,<code>gelacnian</code>,1,0.0002710
381,gelacnie,<code>gelacnie</code>,1,0.0002710
381,gelacnode,<code>gelacnode</code>,1,0.0002710
381,gelamp,<code>gelamp</code>,1,0.0002710
381,gelangian,<code>gelangian</code>,1,0.0002710
381,geleafan,<code>geleafan</code>,1,0.0002710
381,geleaffullan,<code>geleaffullan</code>,1,0.0002710
381,gelecge,<code>gelecge</code>,1,0.0002710
381,geleffulle,<code>geleffulle</code>,1,0.0002710
381,gelic,<code>gelic</code>,1,0.0002710
381,gelogodon,<code>gelogodon</code>,1,0.0002710
381,gelyf,<code>gelyf</code>,1,0.0002710
381,gelyfa&eth;,<code>gelyfa&amp;d;</code>,1,0.0002710
381,gelyfdon,<code>gelyfdon</code>,1,0.0002710
381,gelyfe,<code>gelyfe</code>,1,0.0002710
381,gemanan,<code>gemanan</code>,1,0.0002710
381,gemartyrod,<code>gemartyrod</code>,1,0.0002710
381,gemedemode,<code>gemedemode</code>,1,0.0002710
381,gemeta&eth;,<code>gemeta&amp;d;</code>,1,0.0002710
381,gemette,<code>gemette</code>,1,0.0002710
381,gemetton,<code>gemetton</code>,1,0.0002710
381,gemynt,<code>gemynt</code>,1,0.0002710
381,genam,<code>genam</code>,1,0.0002710
381,geneal&aelig;can,<code>geneal&amp;ae;can</code>,1,0.0002710
381,genihtsuma&eth;,<code>genihtsuma&amp;d;</code>,1,0.0002710
381,geny&thorn;erunge,<code>geny&amp;t;erunge</code>,1,0.0002710
381,geoffrian,<code>geoffrian</code>,1,0.0002710
381,geoffrodon,<code>geoffrodon</code>,1,0.0002710
381,geopenode,<code>geopenode</code>,1,0.0002710
381,geornlice,<code>geornlice</code>,1,0.0002710
381,ger&aelig;can,<code>ger&amp;ae;can</code>,1,0.0002710
381,gereord,<code>gereord</code>,1,0.0002710
381,gereordia&eth;,<code>gereordia&amp;d;</code>,1,0.0002710
381,gesamnodon,<code>gesamnodon</code>,1,0.0002710
381,gesawon,<code>gesawon</code>,1,0.0002710
381,gesceafta,<code>gesceafta</code>,1,0.0002710
381,gesceaftum,<code>gesceaftum</code>,1,0.0002710
381,geseah,<code>geseah</code>,1,0.0002710
381,geseald,<code>geseald</code>,1,0.0002710
381,gesece,<code>gesece</code>,1,0.0002710
381,geseo,<code>geseo</code>,1,0.0002710
381,gesewenlicum,<code>gesewenlicum</code>,1,0.0002710
381,gesih&eth;e,<code>gesih&amp;d;e</code>,1,0.0002710
381,gesihst,<code>gesihst</code>,1,0.0002710
381,gestreones,<code>gestreones</code>,1,0.0002710
381,gesundfulnys,<code>gesundfulnys</code>,1,0.0002710
381,gesundfulnysse,<code>gesundfulnysse</code>,1,0.0002710
381,geswencte,<code>geswencte</code>,1,0.0002710
381,geswice,<code>geswice</code>,1,0.0002710
381,geswince,<code>geswince</code>,1,0.0002710
381,geswutelod,<code>geswutelod</code>,1,0.0002710
381,geswutelode,<code>geswutelode</code>,1,0.0002710
381,gesymde,<code>gesymde</code>,1,0.0002710
381,getemprian,<code>getemprian</code>,1,0.0002710
381,geti&eth;od,<code>geti&amp;d;od</code>,1,0.0002710
381,getimbrodon,<code>getimbrodon</code>,1,0.0002710
381,geuntrumia&eth;,<code>geuntrumia&amp;d;</code>,1,0.0002710
381,gew&aelig;pnodra,<code>gew&amp;ae;pnodra</code>,1,0.0002710
381,gewealde,<code>gewealde</code>,1,0.0002710
381,gewende,<code>gewende</code>,1,0.0002710
381,gewilnia&eth;,<code>gewilnia&amp;d;</code>,1,0.0002710
381,gewilnige,<code>gewilnige</code>,1,0.0002710
381,gewitan,<code>gewitan</code>,1,0.0002710
381,gewitte,<code>gewitte</code>,1,0.0002710
381,gewittiglice,<code>gewittiglice</code>,1,0.0002710
381,geworden,<code>geworden</code>,1,0.0002710
381,geworht,<code>geworht</code>,1,0.0002710
381,geworhte,<code>geworhte</code>,1,0.0002710
381,gewregdon,<code>gewregdon</code>,1,0.0002710
381,gewuna,<code>gewuna</code>,1,0.0002710
381,gewundodan,<code>gewundodan</code>,1,0.0002710
381,gewur&thorn;od,<code>gewur&amp;t;od</code>,1,0.0002710
381,gewylde,<code>gewylde</code>,1,0.0002710
381,geyc&eth;,<code>geyc&amp;d;</code>,1,0.0002710
381,gifu,<code>gifu</code>,1,0.0002710
381,gl&aelig;d,<code>gl&amp;ae;d</code>,1,0.0002710
381,goda,<code>goda</code>,1,0.0002710
381,godcundnysse,<code>godcundnysse</code>,1,0.0002710
381,goddre,<code>goddre</code>,1,0.0002710
381,godspelle,<code>godspelle</code>,1,0.0002710
381,golde,<code>golde</code>,1,0.0002710
381,gr&aelig;ftas,<code>gr&amp;ae;ftas</code>,1,0.0002710
381,grimlican,<code>grimlican</code>,1,0.0002710
381,gryre,<code>gryre</code>,1,0.0002710
381,gylde,<code>gylde</code>,1,0.0002710
381,gyltas,<code>gyltas</code>,1,0.0002710
381,gymmas,<code>gymmas</code>,1,0.0002710
381,gymmum,<code>gymmum</code>,1,0.0002710
381,gyngran,<code>gyngran</code>,1,0.0002710
381,gyrelan,<code>gyrelan</code>,1,0.0002710
381,gyrelum,<code>gyrelum</code>,1,0.0002710
381,gyrlan,<code>gyrlan</code>,1,0.0002710
381,gyrlum,<code>gyrlum</code>,1,0.0002710
381,gyt,<code>gyt</code>,1,0.0002710
381,h&aelig;&eth;engyld,<code>h&amp;ae;&amp;d;engyld</code>,1,0.0002710
381,h&aelig;&eth;enum,<code>h&amp;ae;&amp;d;enum</code>,1,0.0002710
381,h&aelig;&thorn;enan,<code>h&amp;ae;&amp;t;enan</code>,1,0.0002710
381,h&aelig;&thorn;engyld,<code>h&amp;ae;&amp;t;engyld</code>,1,0.0002710
381,h&aelig;&thorn;engyldan,<code>h&amp;ae;&amp;t;engyldan</code>,1,0.0002710
381,h&aelig;&thorn;enum,<code>h&amp;ae;&amp;t;enum</code>,1,0.0002710
381,h&aelig;bbe,<code>h&amp;ae;bbe</code>,1,0.0002710
381,h&aelig;lend,<code>h&amp;ae;lend</code>,1,0.0002710
381,h&aelig;lendes,<code>h&amp;ae;lendes</code>,1,0.0002710
381,h&aelig;se,<code>h&amp;ae;se</code>,1,0.0002710
381,h&aelig;sum,<code>h&amp;ae;sum</code>,1,0.0002710
381,hade,<code>hade</code>,1,0.0002710
381,hadunge,<code>hadunge</code>,1,0.0002710
381,halga,<code>halga</code>,1,0.0002710
381,halgie,<code>halgie</code>,1,0.0002710
381,hali,<code>hali</code>,1,0.0002710
381,halig,<code>halig</code>,1,0.0002710
381,halwendum,<code>halwendum</code>,1,0.0002710
381,ham,<code>ham</code>,1,0.0002710
381,handum,<code>handum</code>,1,0.0002710
381,hangodon,<code>hangodon</code>,1,0.0002710
381,harwenge,<code>harwenge</code>,1,0.0002710
381,hate,<code>hate</code>,1,0.0002710
381,heahengel,<code>heahengel</code>,1,0.0002710
381,healte,<code>healte</code>,1,0.0002710
381,heardum,<code>heardum</code>,1,0.0002710
381,hefityme,<code>hefityme</code>,1,0.0002710
381,hellican,<code>hellican</code>,1,0.0002710
381,helpan,<code>helpan</code>,1,0.0002710
381,heofenas,<code>heofenas</code>,1,0.0002710
381,heofonas,<code>heofonas</code>,1,0.0002710
381,heofonlican,<code>heofonlican</code>,1,0.0002710
381,heofonlice,<code>heofonlice</code>,1,0.0002710
381,heofonum,<code>heofonum</code>,1,0.0002710
381,heolp,<code>heolp</code>,1,0.0002710
381,heononfor&eth;,<code>heononfor&amp;d;</code>,1,0.0002710
381,her,<code>her</code>,1,0.0002710
381,hera&eth;,<code>hera&amp;d;</code>,1,0.0002710
381,herian,<code>herian</code>,1,0.0002710
381,herodes,<code>herodes</code>,1,0.0002710
381,hiht,<code>hiht</code>,1,0.0002710
381,hr&aelig;gel,<code>hr&amp;ae;gel</code>,1,0.0002710
381,hreoflige,<code>hreoflige</code>,1,0.0002710
381,hreowlice,<code>hreowlice</code>,1,0.0002710
381,hreowlicere,<code>hreowlicere</code>,1,0.0002710
381,hreppan,<code>hreppan</code>,1,0.0002710
381,hrym&eth;,<code>hrym&amp;d;</code>,1,0.0002710
381,hungor,<code>hungor</code>,1,0.0002710
381,hus,<code>hus</code>,1,0.0002710
381,hw&aelig;&eth;ere,<code>hw&amp;ae;&amp;d;ere</code>,1,0.0002710
381,hw&aelig;s,<code>hw&amp;ae;s</code>,1,0.0002710
381,hwemmas,<code>hwemmas</code>,1,0.0002710
381,hwilc,<code>hwilc</code>,1,0.0002710
381,hwilwendlican,<code>hwilwendlican</code>,1,0.0002710
381,hwit,<code>hwit</code>,1,0.0002710
381,hwitum,<code>hwitum</code>,1,0.0002710
381,hwon,<code>hwon</code>,1,0.0002710
381,hwonlicor,<code>hwonlicor</code>,1,0.0002710
381,hwylcum,<code>hwylcum</code>,1,0.0002710
381,hylt,<code>hylt</code>,1,0.0002710
381,iacob,<code>iacob</code>,1,0.0002710
381,indiscan,<code>indiscan</code>,1,0.0002710
381,inno&eth;e,<code>inno&amp;d;e</code>,1,0.0002710
381,inno&thorn;e,<code>inno&amp;t;e</code>,1,0.0002710
381,intingum,<code>intingum</code>,1,0.0002710
381,isaac,<code>isaac</code>,1,0.0002710
381,isaias,<code>isaias</code>,1,0.0002710
381,isenum,<code>isenum</code>,1,0.0002710
381,iu,<code>iu</code>,1,0.0002710
381,iudeiscan,<code>iudeiscan</code>,1,0.0002710
381,kalendas,<code>kalendas</code>,1,0.0002710
381,l&aelig;cecr&aelig;fte,<code>l&amp;ae;cecr&amp;ae;fte</code>,1,0.0002710
381,l&aelig;cewyrte,<code>l&amp;ae;cewyrte</code>,1,0.0002710
381,l&aelig;cewyrtum,<code>l&amp;ae;cewyrtum</code>,1,0.0002710
381,l&aelig;da&eth;,<code>l&amp;ae;da&amp;d;</code>,1,0.0002710
381,lagon,<code>lagon</code>,1,0.0002710
381,lange,<code>lange</code>,1,0.0002710
381,lare,<code>lare</code>,1,0.0002710
381,legerbed,<code>legerbed</code>,1,0.0002710
381,leng,<code>leng</code>,1,0.0002710
381,leode,<code>leode</code>,1,0.0002710
381,leodscipas,<code>leodscipas</code>,1,0.0002710
381,leodscipe,<code>leodscipe</code>,1,0.0002710
381,leofa&eth;,<code>leofa&amp;d;</code>,1,0.0002710
381,leorningcnihtas,<code>leorningcnihtas</code>,1,0.0002710
381,lichamlican,<code>lichamlican</code>,1,0.0002710
381,lif,<code>lif</code>,1,0.0002710
381,lig,<code>lig</code>,1,0.0002710
381,loccas,<code>loccas</code>,1,0.0002710
381,loce,<code>loce</code>,1,0.0002710
381,lof,<code>lof</code>,1,0.0002710
381,lofsangum,<code>lofsangum</code>,1,0.0002710
381,losa&eth;,<code>losa&amp;d;</code>,1,0.0002710
381,lotwrencum,<code>lotwrencum</code>,1,0.0002710
381,lufie,<code>lufie</code>,1,0.0002710
381,lustes,<code>lustes</code>,1,0.0002710
381,lustlice,<code>lustlice</code>,1,0.0002710
381,lytel,<code>lytel</code>,1,0.0002710
381,m&aelig;denes,<code>m&amp;ae;denes</code>,1,0.0002710
381,m&aelig;denlicum,<code>m&amp;ae;denlicum</code>,1,0.0002710
381,m&aelig;gen,<code>m&amp;ae;gen</code>,1,0.0002710
381,m&aelig;i&eth;had,<code>m&amp;ae;i&amp;d;had</code>,1,0.0002710
381,m&aelig;ssepreosta,<code>m&amp;ae;ssepreosta</code>,1,0.0002710
381,m&aelig;sta,<code>m&amp;ae;sta</code>,1,0.0002710
381,m&aelig;stan,<code>m&amp;ae;stan</code>,1,0.0002710
381,ma&thorn;an,<code>ma&amp;t;an</code>,1,0.0002710
381,maga,<code>maga</code>,1,0.0002710
381,mancynne,<code>mancynne</code>,1,0.0002710
381,mancynnes,<code>mancynnes</code>,1,0.0002710
381,manega,<code>manega</code>,1,0.0002710
381,martyras,<code>martyras</code>,1,0.0002710
381,mearcia&eth;,<code>mearcia&amp;d;</code>,1,0.0002710
381,medemlice,<code>medemlice</code>,1,0.0002710
381,medemne,<code>medemne</code>,1,0.0002710
381,medos,<code>medos</code>,1,0.0002710
381,menn,<code>menn</code>,1,0.0002710
381,mennisce,<code>mennisce</code>,1,0.0002710
381,menniscnysse,<code>menniscnysse</code>,1,0.0002710
381,micel,<code>micel</code>,1,0.0002710
381,micelnys,<code>micelnys</code>,1,0.0002710
381,micelnysse,<code>micelnysse</code>,1,0.0002710
381,middaneardes,<code>middaneardes</code>,1,0.0002710
381,mihtig,<code>mihtig</code>,1,0.0002710
381,mihton,<code>mihton</code>,1,0.0002710
381,mildheortlice,<code>mildheortlice</code>,1,0.0002710
381,miltsa&eth;,<code>miltsa&amp;d;</code>,1,0.0002710
381,miltsunge,<code>miltsunge</code>,1,0.0002710
381,mines,<code>mines</code>,1,0.0002710
381,mode,<code>mode</code>,1,0.0002710
381,modes,<code>modes</code>,1,0.0002710
381,moste,<code>moste</code>,1,0.0002710
381,mot,<code>mot</code>,1,0.0002710
381,mote,<code>mote</code>,1,0.0002710
381,mu&eth;e,<code>mu&amp;d;e</code>,1,0.0002710
381,mu&thorn;e,<code>mu&amp;t;e</code>,1,0.0002710
381,mynster,<code>mynster</code>,1,0.0002710
381,n&aelig;f&eth;,<code>n&amp;ae;f&amp;d;</code>,1,0.0002710
381,n&aelig;fre,<code>n&amp;ae;fre</code>,1,0.0002710
381,n&aelig;re,<code>n&amp;ae;re</code>,1,0.0002710
381,n&aelig;s,<code>n&amp;ae;s</code>,1,0.0002710
381,nabba&eth;,<code>nabba&amp;d;</code>,1,0.0002710
381,nahwar,<code>nahwar</code>,1,0.0002710
381,neawiste,<code>neawiste</code>,1,0.0002710
381,nebbe,<code>nebbe</code>,1,0.0002710
381,nebwlite,<code>nebwlite</code>,1,0.0002710
381,nele,<code>nele</code>,1,0.0002710
381,nelt,<code>nelt</code>,1,0.0002710
381,ni&eth;e,<code>ni&amp;d;e</code>,1,0.0002710
381,nihte,<code>nihte</code>,1,0.0002710
381,niman,<code>niman</code>,1,0.0002710
381,niwelnysse,<code>niwelnysse</code>,1,0.0002710
381,nosu,<code>nosu</code>,1,0.0002710
381,nydbehefe,<code>nydbehefe</code>,1,0.0002710
381,o&eth;,<code>o&amp;d;</code>,1,0.0002710
381,o&thorn;res,<code>o&amp;t;res</code>,1,0.0002710
381,oferslype,<code>oferslype</code>,1,0.0002710
381,offrunga,<code>offrunga</code>,1,0.0002710
381,ofslean,<code>ofslean</code>,1,0.0002710
381,oft,<code>oft</code>,1,0.0002710
381,oga,<code>oga</code>,1,0.0002710
381,olfendum,<code>olfendum</code>,1,0.0002710
381,oncnawan,<code>oncnawan</code>,1,0.0002710
381,oncnawon,<code>oncnawon</code>,1,0.0002710
381,ondr&aelig;da&eth;,<code>ondr&amp;ae;da&amp;d;</code>,1,0.0002710
381,ongan,<code>ongan</code>,1,0.0002710
381,ongin&eth;,<code>ongin&amp;d;</code>,1,0.0002710
381,onhebbe,<code>onhebbe</code>,1,0.0002710
381,onlihton,<code>onlihton</code>,1,0.0002710
381,onlociendum,<code>onlociendum</code>,1,0.0002710
381,ontenda&eth;,<code>ontenda&amp;d;</code>,1,0.0002710
381,onwreah,<code>onwreah</code>,1,0.0002710
381,onwrigenyssa,<code>onwrigenyssa</code>,1,0.0002710
381,or&thorn;ie,<code>or&amp;t;ie</code>,1,0.0002710
381,p&aelig;llene,<code>p&amp;ae;llene</code>,1,0.0002710
381,passio,<code>passio</code>,1,0.0002710
381,paule,<code>paule</code>,1,0.0002710
381,paulus,<code>paulus</code>,1,0.0002710
381,pinunge,<code>pinunge</code>,1,0.0002710
381,rapas,<code>rapas</code>,1,0.0002710
381,rapum,<code>rapum</code>,1,0.0002710
381,reliquias,<code>reliquias</code>,1,0.0002710
381,reliquium,<code>reliquium</code>,1,0.0002710
381,reste,<code>reste</code>,1,0.0002710
381,rixa&eth;,<code>rixa&amp;d;</code>,1,0.0002710
381,rode,<code>rode</code>,1,0.0002710
381,s&aelig;,<code>s&amp;ae;</code>,1,0.0002710
381,s&aelig;l&eth;,<code>s&amp;ae;l&amp;d;</code>,1,0.0002710
381,saglum,<code>saglum</code>,1,0.0002710
381,sancti,<code>sancti</code>,1,0.0002710
381,sapan,<code>sapan</code>,1,0.0002710
381,sawlum,<code>sawlum</code>,1,0.0002710
381,sawul,<code>sawul</code>,1,0.0002710
381,scearpum,<code>scearpum</code>,1,0.0002710
381,sceawedon,<code>sceawedon</code>,1,0.0002710
381,sceoccan,<code>sceoccan</code>,1,0.0002710
381,sceole,<code>sceole</code>,1,0.0002710
381,sceolon,<code>sceolon</code>,1,0.0002710
381,scinende,<code>scinende</code>,1,0.0002710
381,scos,<code>scos</code>,1,0.0002710
381,secan,<code>secan</code>,1,0.0002710
381,secga&eth;,<code>secga&amp;d;</code>,1,0.0002710
381,sege,<code>sege</code>,1,0.0002710
381,sent,<code>sent</code>,1,0.0002710
381,seolfre,<code>seolfre</code>,1,0.0002710
381,septembris,<code>septembris</code>,1,0.0002710
381,seustium,<code>seustium</code>,1,0.0002710
381,si&eth;on,<code>si&amp;d;on</code>,1,0.0002710
381,si&thorn;on,<code>si&amp;t;on</code>,1,0.0002710
381,sidan,<code>sidan</code>,1,0.0002710
381,side,<code>side</code>,1,0.0002710
381,sidum,<code>sidum</code>,1,0.0002710
381,sigef&aelig;st,<code>sigef&amp;ae;st</code>,1,0.0002710
381,silhearwa,<code>silhearwa</code>,1,0.0002710
381,silhearwena,<code>silhearwena</code>,1,0.0002710
381,sin,<code>sin</code>,1,0.0002710
381,six,<code>six</code>,1,0.0002710
381,so&eth;an,<code>so&amp;d;an</code>,1,0.0002710
381,so&thorn;re,<code>so&amp;t;re</code>,1,0.0002710
381,so&thorn;um,<code>so&amp;t;um</code>,1,0.0002710
381,sohte,<code>sohte</code>,1,0.0002710
381,sohtest,<code>sohtest</code>,1,0.0002710
381,spatle,<code>spatle</code>,1,0.0002710
381,spearcan,<code>spearcan</code>,1,0.0002710
381,spr&aelig;con,<code>spr&amp;ae;con</code>,1,0.0002710
381,sprecan,<code>sprecan</code>,1,0.0002710
381,sprencgende,<code>sprencgende</code>,1,0.0002710
381,stane,<code>stane</code>,1,0.0002710
381,stanum,<code>stanum</code>,1,0.0002710
381,steape,<code>steape</code>,1,0.0002710
381,stede,<code>stede</code>,1,0.0002710
381,stengum,<code>stengum</code>,1,0.0002710
381,sti&thorn;um,<code>sti&amp;t;um</code>,1,0.0002710
381,sticcels,<code>sticcels</code>,1,0.0002710
381,sticels,<code>sticels</code>,1,0.0002710
381,sticode,<code>sticode</code>,1,0.0002710
381,stod,<code>stod</code>,1,0.0002710
381,stowe,<code>stowe</code>,1,0.0002710
381,stuntlices,<code>stuntlices</code>,1,0.0002710
381,styrian,<code>styrian</code>,1,0.0002710
381,sumere,<code>sumere</code>,1,0.0002710
381,sunne,<code>sunne</code>,1,0.0002710
381,sunum,<code>sunum</code>,1,0.0002710
381,suwade,<code>suwade</code>,1,0.0002710
381,sweflan,<code>sweflan</code>,1,0.0002710
381,sweg&eth;,<code>sweg&amp;d;</code>,1,0.0002710
381,swi&eth;e,<code>swi&amp;d;e</code>,1,0.0002710
381,swi&thorn;or,<code>swi&amp;t;or</code>,1,0.0002710
381,swilc,<code>swilc</code>,1,0.0002710
381,swincgelum,<code>swincgelum</code>,1,0.0002710
381,swingela,<code>swingela</code>,1,0.0002710
381,swingla,<code>swingla</code>,1,0.0002710
381,swulton,<code>swulton</code>,1,0.0002710
381,sylfum,<code>sylfum</code>,1,0.0002710
381,syllan,<code>syllan</code>,1,0.0002710
381,synfulla,<code>synfulla</code>,1,0.0002710
381,syngode,<code>syngode</code>,1,0.0002710
381,t&aelig;l&eth;,<code>t&amp;ae;l&amp;d;</code>,1,0.0002710
381,tacna,<code>tacna</code>,1,0.0002710
381,tacnum,<code>tacnum</code>,1,0.0002710
381,temples,<code>temples</code>,1,0.0002710
381,tiht,<code>tiht</code>,1,0.0002710
381,tilungum,<code>tilungum</code>,1,0.0002710
381,tobr&aelig;c,<code>tobr&amp;ae;c</code>,1,0.0002710
381,tobrec,<code>tobrec</code>,1,0.0002710
381,tobreca&eth;,<code>tobreca&amp;d;</code>,1,0.0002710
381,tobryc&eth;,<code>tobryc&amp;d;</code>,1,0.0002710
381,tobryte,<code>tobryte</code>,1,0.0002710
381,tobrytte,<code>tobrytte</code>,1,0.0002710
381,toburste,<code>toburste</code>,1,0.0002710
381,tocwysdon,<code>tocwysdon</code>,1,0.0002710
381,todr&aelig;fdon,<code>todr&amp;ae;fdon</code>,1,0.0002710
381,toeacan,<code>toeacan</code>,1,0.0002710
381,tolysan,<code>tolysan</code>,1,0.0002710
381,tomerigen,<code>tomerigen</code>,1,0.0002710
381,tosende,<code>tosende</code>,1,0.0002710
381,tosigen,<code>tosigen</code>,1,0.0002710
381,towurpa&eth;,<code>towurpa&amp;d;</code>,1,0.0002710
381,towurpan,<code>towurpan</code>,1,0.0002710
381,towurpe,<code>towurpe</code>,1,0.0002710
381,treowe,<code>treowe</code>,1,0.0002710
381,twam,<code>twam</code>,1,0.0002710
381,twegra,<code>twegra</code>,1,0.0002710
381,twyfealde,<code>twyfealde</code>,1,0.0002710
381,twyfealdum,<code>twyfealdum</code>,1,0.0002710
381,unacenned,<code>unacenned</code>,1,0.0002710
381,unalyfedlicere,<code>unalyfedlicere</code>,1,0.0002710
381,unalyfedum,<code>unalyfedum</code>,1,0.0002710
381,unband,<code>unband</code>,1,0.0002710
381,unbinda&eth;,<code>unbinda&amp;d;</code>,1,0.0002710
381,unbindan,<code>unbindan</code>,1,0.0002710
381,unbinde,<code>unbinde</code>,1,0.0002710
381,underfenge,<code>underfenge</code>,1,0.0002710
381,underfo&eth;,<code>underfo&amp;d;</code>,1,0.0002710
381,underfon,<code>underfon</code>,1,0.0002710
381,unge&thorn;yldig,<code>unge&amp;t;yldig</code>,1,0.0002710
381,ungebrocedne,<code>ungebrocedne</code>,1,0.0002710
381,ungeleaffullum,<code>ungeleaffullum</code>,1,0.0002710
381,ungelimpum,<code>ungelimpum</code>,1,0.0002710
381,ungelyfedum,<code>ungelyfedum</code>,1,0.0002710
381,ungesceapenan,<code>ungesceapenan</code>,1,0.0002710
381,ungesewenlicum,<code>ungesewenlicum</code>,1,0.0002710
381,unpleolic,<code>unpleolic</code>,1,0.0002710
381,unrihtwisnysse,<code>unrihtwisnysse</code>,1,0.0002710
381,unrotnyss,<code>unrotnyss</code>,1,0.0002710
381,unsc&aelig;&eth;&eth;igan,<code>unsc&amp;ae;&amp;d;&amp;d;igan</code>,1,0.0002710
381,unscyldigum,<code>unscyldigum</code>,1,0.0002710
381,untruma,<code>untruma</code>,1,0.0002710
381,untrumnys,<code>untrumnys</code>,1,0.0002710
381,untrumnyss,<code>untrumnyss</code>,1,0.0002710
381,untwylice,<code>untwylice</code>,1,0.0002710
381,uppon,<code>uppon</code>,1,0.0002710
381,urnon,<code>urnon</code>,1,0.0002710
381,ut,<code>ut</code>,1,0.0002710
381,viii,<code>viii</code>,1,0.0002710
381,w&aelig;lhreawnysse,<code>w&amp;ae;lhreawnysse</code>,1,0.0002710
381,w&aelig;lhreow,<code>w&amp;ae;lhreow</code>,1,0.0002710
381,w&aelig;ron,<code>w&amp;ae;ron</code>,1,0.0002710
381,w&aelig;stm,<code>w&amp;ae;stm</code>,1,0.0002710
381,weard,<code>weard</code>,1,0.0002710
381,wedende,<code>wedende</code>,1,0.0002710
381,welan,<code>welan</code>,1,0.0002710
381,welum,<code>welum</code>,1,0.0002710
381,weollon,<code>weollon</code>,1,0.0002710
381,weres,<code>weres</code>,1,0.0002710
381,wi&eth;,<code>wi&amp;d;</code>,1,0.0002710
381,wi&thorn;ercoran,<code>wi&amp;t;ercoran</code>,1,0.0002710
381,wiccecr&aelig;fte,<code>wiccecr&amp;ae;fte</code>,1,0.0002710
381,wife,<code>wife</code>,1,0.0002710
381,wigelunge,<code>wigelunge</code>,1,0.0002710
381,wile,<code>wile</code>,1,0.0002710
381,wille,<code>wille</code>,1,0.0002710
381,wilt,<code>wilt</code>,1,0.0002710
381,wisa,<code>wisa</code>,1,0.0002710
381,witega,<code>witega</code>,1,0.0002710
381,witseocum,<code>witseocum</code>,1,0.0002710
381,witum,<code>witum</code>,1,0.0002710
381,wod,<code>wod</code>,1,0.0002710
381,woruldl&aelig;ce,<code>woruldl&amp;ae;ce</code>,1,0.0002710
381,wrace,<code>wrace</code>,1,0.0002710
381,wrehton,<code>wrehton</code>,1,0.0002710
381,wulderfullum,<code>wulderfullum</code>,1,0.0002710
381,wuldrie,<code>wuldrie</code>,1,0.0002710
381,wunderlican,<code>wunderlican</code>,1,0.0002710
381,wunderlicere,<code>wunderlicere</code>,1,0.0002710
381,wundor,<code>wundor</code>,1,0.0002710
381,wundrum,<code>wundrum</code>,1,0.0002710
381,wunedon,<code>wunedon</code>,1,0.0002710
381,wunia&eth;,<code>wunia&amp;d;</code>,1,0.0002710
381,wur&eth;ia&eth;,<code>wur&amp;d;ia&amp;d;</code>,1,0.0002710
381,wur&eth;mynt,<code>wur&amp;d;mynt</code>,1,0.0002710
381,wur&eth;ode,<code>wur&amp;d;ode</code>,1,0.0002710
381,wurde,<code>wurde</code>,1,0.0002710
381,wylla&eth;,<code>wylla&amp;d;</code>,1,0.0002710
381,wyrdwriteras,<code>wyrdwriteras</code>,1,0.0002710
381,wyrsan,<code>wyrsan</code>,1,0.0002710
381,wyrt,<code>wyrt</code>,1,0.0002710
381,wyrte,<code>wyrte</code>,1,0.0002710
381,wyrtum,<code>wyrtum</code>,1,0.0002710
381,ydelan,<code>ydelan</code>,1,0.0002710
381,ydelum,<code>ydelum</code>,1,0.0002710
381,ylcan,<code>ylcan</code>,1,0.0002710
381,ylce,<code>ylce</code>,1,0.0002710
381,ymbscryd,<code>ymbscryd</code>,1,0.0002710
381,yr&eth;ling,<code>yr&amp;d;ling</code>,1,0.0002710
