B_Prose,B01,B01.001.023_AECHom_I__21_T02300.txt,913,587,2694
RANK,HTML WORD,RAW WORD,COUNT,RELATIVE FREQUENCY
1,&amp;,<code>&amp;amp;</code>,118,0.0438010
2,he,<code>he</code>,73,0.0270973
3,se,<code>se</code>,64,0.0237565
4,on,<code>on</code>,62,0.0230141
5,his,<code>his</code>,61,0.0226429
6,to,<code>to</code>,50,0.0185598
7,hi,<code>hi</code>,46,0.0170750
8,mid,<code>mid</code>,44,0.0163326
9,&eth;e,<code>&amp;d;e</code>,40,0.0148478
10,&thorn;a,<code>&amp;t;a</code>,35,0.0129918
11,ne,<code>ne</code>,34,0.0126206
12,&eth;a,<code>&amp;d;a</code>,33,0.0122494
12,&thorn;&aelig;t,<code>&amp;t;&amp;ae;t</code>,33,0.0122494
12,&thorn;e,<code>&amp;t;e</code>,33,0.0122494
15,for,<code>for</code>,27,0.0100223
15,him,<code>him</code>,27,0.0100223
17,&thorn;am,<code>&amp;t;am</code>,26,0.0096511
18,swa,<code>swa</code>,25,0.0092799
19,ac,<code>ac</code>,24,0.0089087
20,bi&eth;,<code>bi&amp;d;</code>,23,0.0085375
21,w&aelig;s,<code>w&amp;ae;s</code>,22,0.0081663
22,&thorn;an,<code>&amp;t;an</code>,21,0.0077951
22,is,<code>is</code>,21,0.0077951
24,cw&aelig;&eth;,<code>cw&amp;ae;&amp;d;</code>,18,0.0066815
25,&eth;&aelig;t,<code>&amp;d;&amp;ae;t</code>,17,0.0063103
26,&thorn;urh,<code>&amp;t;urh</code>,16,0.0059391
26,ge,<code>ge</code>,16,0.0059391
28,godes,<code>godes</code>,15,0.0055679
28,hine,<code>hine</code>,15,0.0055679
30,we,<code>we</code>,13,0.0048255
31,ealle,<code>ealle</code>,12,0.0044543
31,nu,<code>nu</code>,12,0.0044543
31,w&aelig;ron,<code>w&amp;ae;ron</code>,12,0.0044543
34,&thorn;onne,<code>&amp;t;onne</code>,11,0.0040831
34,crist,<code>crist</code>,11,0.0040831
34,heora,<code>heora</code>,11,0.0040831
34,na,<code>na</code>,11,0.0040831
38,h&aelig;lend,<code>h&amp;ae;lend</code>,10,0.0037120
38,seo,<code>seo</code>,10,0.0037120
38,ure,<code>ure</code>,10,0.0037120
41,&aelig;fter,<code>&amp;ae;fter</code>,9,0.0033408
41,buton,<code>buton</code>,9,0.0033408
41,cristes,<code>cristes</code>,9,0.0033408
41,eallum,<code>eallum</code>,9,0.0033408
41,us,<code>us</code>,9,0.0033408
41,wundra,<code>wundra</code>,9,0.0033408
47,&thorn;one,<code>&amp;t;one</code>,8,0.0029696
47,englas,<code>englas</code>,8,0.0029696
47,f&aelig;der,<code>f&amp;ae;der</code>,8,0.0029696
47,of,<code>of</code>,8,0.0029696
47,sind,<code>sind</code>,8,0.0029696
47,upstige,<code>upstige</code>,8,0.0029696
53,drihten,<code>drihten</code>,7,0.0025984
53,eow,<code>eow</code>,7,0.0025984
53,gelyf&eth;,<code>gelyf&amp;d;</code>,7,0.0025984
53,geond,<code>geond</code>,7,0.0025984
53,hit,<code>hit</code>,7,0.0025984
53,o&eth;,<code>o&amp;d;</code>,7,0.0025984
59,&aelig;r,<code>&amp;ae;r</code>,6,0.0022272
59,&aelig;riste,<code>&amp;ae;riste</code>,6,0.0022272
59,&eth;&aelig;re,<code>&amp;d;&amp;ae;re</code>,6,0.0022272
59,&thorn;&aelig;re,<code>&amp;t;&amp;ae;re</code>,6,0.0022272
59,and,<code>and</code>,6,0.0022272
59,apostoli,<code>apostoli</code>,6,0.0022272
59,beo&eth;,<code>beo&amp;d;</code>,6,0.0022272
59,eft,<code>eft</code>,6,0.0022272
59,god,<code>god</code>,6,0.0022272
59,gode,<code>gode</code>,6,0.0022272
59,godspel,<code>godspel</code>,6,0.0022272
59,halgan,<code>halgan</code>,6,0.0022272
59,man,<code>man</code>,6,0.0022272
59,mannum,<code>mannum</code>,6,0.0022272
59,mihte,<code>mihte</code>,6,0.0022272
59,naman,<code>naman</code>,6,0.0022272
75,&eth;am,<code>&amp;d;am</code>,5,0.0018560
75,&eth;as,<code>&amp;d;as</code>,5,0.0018560
75,&eth;u,<code>&amp;d;u</code>,5,0.0018560
75,&thorn;&aelig;r,<code>&amp;t;&amp;ae;r</code>,5,0.0018560
75,&thorn;ing,<code>&amp;t;ing</code>,5,0.0018560
75,&thorn;isre,<code>&amp;t;isre</code>,5,0.0018560
75,&thorn;u,<code>&amp;t;u</code>,5,0.0018560
75,be,<code>be</code>,5,0.0018560
75,dea&eth;e,<code>dea&amp;d;e</code>,5,0.0018560
75,deoflu,<code>deoflu</code>,5,0.0018560
75,eac,<code>eac</code>,5,0.0018560
75,fram,<code>fram</code>,5,0.0018560
75,geferod,<code>geferod</code>,5,0.0018560
75,gesceafte,<code>gesceafte</code>,5,0.0018560
75,gif,<code>gif</code>,5,0.0018560
75,halga,<code>halga</code>,5,0.0018560
75,heofonum,<code>heofonum</code>,5,0.0018560
75,ic,<code>ic</code>,5,0.0018560
75,middaneard,<code>middaneard</code>,5,0.0018560
75,n&aelig;s,<code>n&amp;ae;s</code>,5,0.0018560
75,nan,<code>nan</code>,5,0.0018560
75,sy&eth;&eth;an,<code>sy&amp;d;&amp;d;an</code>,5,0.0018560
97,&aelig;lmihtiga,<code>&amp;ae;lmihtiga</code>,4,0.0014848
97,&thorn;eah,<code>&amp;t;eah</code>,4,0.0014848
97,&thorn;us,<code>&amp;t;us</code>,4,0.0014848
97,bodedon,<code>bodedon</code>,4,0.0014848
97,cr&aelig;te,<code>cr&amp;ae;te</code>,4,0.0014848
97,cym&eth;,<code>cym&amp;d;</code>,4,0.0014848
97,d&aelig;ge,<code>d&amp;ae;ge</code>,4,0.0014848
97,ealne,<code>ealne</code>,4,0.0014848
97,ende,<code>ende</code>,4,0.0014848
97,gebedum,<code>gebedum</code>,4,0.0014848
97,geleafa,<code>geleafa</code>,4,0.0014848
97,geleafan,<code>geleafan</code>,4,0.0014848
97,gem&aelig;ne,<code>gem&amp;ae;ne</code>,4,0.0014848
97,gesceafta,<code>gesceafta</code>,4,0.0014848
97,h&aelig;f&eth;,<code>h&amp;ae;f&amp;d;</code>,4,0.0014848
97,habba&eth;,<code>habba&amp;d;</code>,4,0.0014848
97,heofenum,<code>heofenum</code>,4,0.0014848
97,hwitum,<code>hwitum</code>,4,0.0014848
97,iohannes,<code>iohannes</code>,4,0.0014848
97,lande,<code>lande</code>,4,0.0014848
97,lare,<code>lare</code>,4,0.0014848
97,lichaman,<code>lichaman</code>,4,0.0014848
97,lichamlice,<code>lichamlice</code>,4,0.0014848
97,lybba&eth;,<code>lybba&amp;d;</code>,4,0.0014848
97,me,<code>me</code>,4,0.0014848
97,micclum,<code>micclum</code>,4,0.0014848
97,ofer,<code>ofer</code>,4,0.0014848
97,ongean,<code>ongean</code>,4,0.0014848
97,rihtlice,<code>rihtlice</code>,4,0.0014848
97,samod,<code>samod</code>,4,0.0014848
97,swi&eth;e,<code>swi&amp;d;e</code>,4,0.0014848
97,swi&eth;ran,<code>swi&amp;d;ran</code>,4,0.0014848
97,tacna,<code>tacna</code>,4,0.0014848
97,tacnum,<code>tacnum</code>,4,0.0014848
97,twegen,<code>twegen</code>,4,0.0014848
97,worulde,<code>worulde</code>,4,0.0014848
133,&aelig;t,<code>&amp;ae;t</code>,3,0.0011136
133,&eth;&aelig;r,<code>&amp;d;&amp;ae;r</code>,3,0.0011136
133,&eth;eahhw&aelig;&eth;ere,<code>&amp;d;eahhw&amp;ae;&amp;d;ere</code>,3,0.0011136
133,&eth;onne,<code>&amp;d;onne</code>,3,0.0011136
133,&eth;rowunge,<code>&amp;d;rowunge</code>,3,0.0011136
133,&thorn;as,<code>&amp;t;as</code>,3,0.0011136
133,&thorn;i,<code>&amp;t;i</code>,3,0.0011136
133,acennednysse,<code>acennednysse</code>,3,0.0011136
133,alysend,<code>alysend</code>,3,0.0011136
133,anum,<code>anum</code>,3,0.0011136
133,astah,<code>astah</code>,3,0.0011136
133,bodia&eth;,<code>bodia&amp;d;</code>,3,0.0011136
133,byrig,<code>byrig</code>,3,0.0011136
133,com,<code>com</code>,3,0.0011136
133,cwy&eth;,<code>cwy&amp;d;</code>,3,0.0011136
133,dera&eth;,<code>dera&amp;d;</code>,3,0.0011136
133,eall,<code>eall</code>,3,0.0011136
133,eart,<code>eart</code>,3,0.0011136
133,ece,<code>ece</code>,3,0.0011136
133,ege,<code>ege</code>,3,0.0011136
133,ferde,<code>ferde</code>,3,0.0011136
133,gast,<code>gast</code>,3,0.0011136
133,gehealden,<code>gehealden</code>,3,0.0011136
133,gelyfa&eth;,<code>gelyfa&amp;d;</code>,3,0.0011136
133,genumen,<code>genumen</code>,3,0.0011136
133,gereordum,<code>gereordum</code>,3,0.0011136
133,gesawon,<code>gesawon</code>,3,0.0011136
133,geseo&eth;,<code>geseo&amp;d;</code>,3,0.0011136
133,gesewene,<code>gesewene</code>,3,0.0011136
133,gestryned,<code>gestryned</code>,3,0.0011136
133,geswutelode,<code>geswutelode</code>,3,0.0011136
133,gingrum,<code>gingrum</code>,3,0.0011136
133,godspelle,<code>godspelle</code>,3,0.0011136
133,godspellere,<code>godspellere</code>,3,0.0011136
133,h&aelig;mede,<code>h&amp;ae;mede</code>,3,0.0011136
133,halige,<code>halige</code>,3,0.0011136
133,hand,<code>hand</code>,3,0.0011136
133,handa,<code>handa</code>,3,0.0011136
133,helias,<code>helias</code>,3,0.0011136
133,heofenan,<code>heofenan</code>,3,0.0011136
133,hu,<code>hu</code>,3,0.0011136
133,lif,<code>lif</code>,3,0.0011136
133,life,<code>life</code>,3,0.0011136
133,manna,<code>manna</code>,3,0.0011136
133,men,<code>men</code>,3,0.0011136
133,micelre,<code>micelre</code>,3,0.0011136
133,min,<code>min</code>,3,0.0011136
133,minum,<code>minum</code>,3,0.0011136
133,n&aelig;ddran,<code>n&amp;ae;ddran</code>,3,0.0011136
133,niwum,<code>niwum</code>,3,0.0011136
133,o&eth;&eth;e,<code>o&amp;d;&amp;d;e</code>,3,0.0011136
133,s&aelig;de,<code>s&amp;ae;de</code>,3,0.0011136
133,sawle,<code>sawle</code>,3,0.0011136
133,swilce,<code>swilce</code>,3,0.0011136
133,tacnu,<code>tacnu</code>,3,0.0011136
133,timan,<code>timan</code>,3,0.0011136
133,unlybban,<code>unlybban</code>,3,0.0011136
133,up,<code>up</code>,3,0.0011136
133,wi&eth;,<code>wi&amp;d;</code>,3,0.0011136
133,wolcn,<code>wolcn</code>,3,0.0011136
133,wolde,<code>wolde</code>,3,0.0011136
133,wuldor,<code>wuldor</code>,3,0.0011136
133,wuniende,<code>wuniende</code>,3,0.0011136
196,&aelig;ig&eth;er,<code>&amp;ae;ig&amp;d;er</code>,2,0.0007424
196,&aelig;rist,<code>&amp;ae;rist</code>,2,0.0007424
196,&aelig;rran,<code>&amp;ae;rran</code>,2,0.0007424
196,&aelig;teowde,<code>&amp;ae;teowde</code>,2,0.0007424
196,&eth;&aelig;s,<code>&amp;d;&amp;ae;s</code>,2,0.0007424
196,&eth;an,<code>&amp;d;an</code>,2,0.0007424
196,&eth;one,<code>&amp;d;one</code>,2,0.0007424
196,&thorn;&aelig;s,<code>&amp;t;&amp;ae;s</code>,2,0.0007424
196,&thorn;inum,<code>&amp;t;inum</code>,2,0.0007424
196,&thorn;isum,<code>&amp;t;isum</code>,2,0.0007424
196,adr&aelig;fa&eth;,<code>adr&amp;ae;fa&amp;d;</code>,2,0.0007424
196,adr&aelig;fdon,<code>adr&amp;ae;fdon</code>,2,0.0007424
196,afyrsia&eth;,<code>afyrsia&amp;d;</code>,2,0.0007424
196,agenre,<code>agenre</code>,2,0.0007424
196,andreas,<code>andreas</code>,2,0.0007424
196,anginne,<code>anginne</code>,2,0.0007424
196,anmodlice,<code>anmodlice</code>,2,0.0007424
196,anre,<code>anre</code>,2,0.0007424
196,apostol,<code>apostol</code>,2,0.0007424
196,arleasan,<code>arleasan</code>,2,0.0007424
196,awegen,<code>awegen</code>,2,0.0007424
196,bartholomeus,<code>bartholomeus</code>,2,0.0007424
196,behet,<code>behet</code>,2,0.0007424
196,behofode,<code>behofode</code>,2,0.0007424
196,beo,<code>beo</code>,2,0.0007424
196,beon,<code>beon</code>,2,0.0007424
196,blisse,<code>blisse</code>,2,0.0007424
196,bodode,<code>bodode</code>,2,0.0007424
196,d&aelig;ig,<code>d&amp;ae;ig</code>,2,0.0007424
196,daga,<code>daga</code>,2,0.0007424
196,dagum,<code>dagum</code>,2,0.0007424
196,deofol,<code>deofol</code>,2,0.0007424
196,ealra,<code>ealra</code>,2,0.0007424
196,endenextan,<code>endenextan</code>,2,0.0007424
196,engla,<code>engla</code>,2,0.0007424
196,enoh,<code>enoh</code>,2,0.0007424
196,fara&eth;,<code>fara&amp;d;</code>,2,0.0007424
196,feowertig,<code>feowertig</code>,2,0.0007424
196,ferdon,<code>ferdon</code>,2,0.0007424
196,folce,<code>folce</code>,2,0.0007424
196,forsawon,<code>forsawon</code>,2,0.0007424
196,fulluht,<code>fulluht</code>,2,0.0007424
196,fylia&eth;,<code>fylia&amp;d;</code>,2,0.0007424
196,gaste,<code>gaste</code>,2,0.0007424
196,gebiged,<code>gebiged</code>,2,0.0007424
196,gebodad,<code>gebodad</code>,2,0.0007424
196,gecweden,<code>gecweden</code>,2,0.0007424
196,geendunge,<code>geendunge</code>,2,0.0007424
196,gefreda&eth;,<code>gefreda&amp;d;</code>,2,0.0007424
196,gefullod,<code>gefullod</code>,2,0.0007424
196,gefullode,<code>gefullode</code>,2,0.0007424
196,gehw&aelig;r,<code>gehw&amp;ae;r</code>,2,0.0007424
196,gelyfan,<code>gelyfan</code>,2,0.0007424
196,geny&thorn;erod,<code>geny&amp;t;erod</code>,2,0.0007424
196,gesette,<code>gesette</code>,2,0.0007424
196,gesih&eth;um,<code>gesih&amp;d;um</code>,2,0.0007424
196,getacnod,<code>getacnod</code>,2,0.0007424
196,getrymmendum,<code>getrymmendum</code>,2,0.0007424
196,gewentst,<code>gewentst</code>,2,0.0007424
196,gewitan,<code>gewitan</code>,2,0.0007424
196,goddra,<code>goddra</code>,2,0.0007424
196,godum,<code>godum</code>,2,0.0007424
196,gyrelum,<code>gyrelum</code>,2,0.0007424
196,h&aelig;&eth;enum,<code>h&amp;ae;&amp;d;enum</code>,2,0.0007424
196,h&aelig;fde,<code>h&amp;ae;fde</code>,2,0.0007424
196,h&aelig;lendes,<code>h&amp;ae;lendes</code>,2,0.0007424
196,h&aelig;med,<code>h&amp;ae;med</code>,2,0.0007424
196,halgum,<code>halgum</code>,2,0.0007424
196,heap,<code>heap</code>,2,0.0007424
196,heofenlicum,<code>heofenlicum</code>,2,0.0007424
196,heortan,<code>heortan</code>,2,0.0007424
196,herungum,<code>herungum</code>,2,0.0007424
196,hierusalem,<code>hierusalem</code>,2,0.0007424
196,hiwe,<code>hiwe</code>,2,0.0007424
196,hw&aelig;t,<code>hw&amp;ae;t</code>,2,0.0007424
196,hwa,<code>hwa</code>,2,0.0007424
196,hylt,<code>hylt</code>,2,0.0007424
196,iacob,<code>iacob</code>,2,0.0007424
196,iudas,<code>iudas</code>,2,0.0007424
196,iudea,<code>iudea</code>,2,0.0007424
196,lange,<code>lange</code>,2,0.0007424
196,leofa&eth;,<code>leofa&amp;d;</code>,2,0.0007424
196,leorningcnihta,<code>leorningcnihta</code>,2,0.0007424
196,lufe,<code>lufe</code>,2,0.0007424
196,lyftenre,<code>lyftenre</code>,2,0.0007424
196,magon,<code>magon</code>,2,0.0007424
196,manegum,<code>manegum</code>,2,0.0007424
196,mann,<code>mann</code>,2,0.0007424
196,maran,<code>maran</code>,2,0.0007424
196,martyr,<code>martyr</code>,2,0.0007424
196,matheus,<code>matheus</code>,2,0.0007424
196,menn,<code>menn</code>,2,0.0007424
196,menniscnysse,<code>menniscnysse</code>,2,0.0007424
196,miht,<code>miht</code>,2,0.0007424
196,mine,<code>mine</code>,2,0.0007424
196,n&aelig;f&eth;,<code>n&amp;ae;f&amp;d;</code>,2,0.0007424
196,nabba&eth;,<code>nabba&amp;d;</code>,2,0.0007424
196,nele,<code>nele</code>,2,0.0007424
196,neode,<code>neode</code>,2,0.0007424
196,nis,<code>nis</code>,2,0.0007424
196,o&eth;re,<code>o&amp;d;re</code>,2,0.0007424
196,petrus,<code>petrus</code>,2,0.0007424
196,r&aelig;da&eth;,<code>r&amp;ae;da&amp;d;</code>,2,0.0007424
196,rice,<code>rice</code>,2,0.0007424
196,s&aelig;don,<code>s&amp;ae;don</code>,2,0.0007424
196,s&aelig;te,<code>s&amp;ae;te</code>,2,0.0007424
196,setta&eth;,<code>setta&amp;d;</code>,2,0.0007424
196,sit,<code>sit</code>,2,0.0007424
196,spr&aelig;ce,<code>spr&amp;ae;ce</code>,2,0.0007424
196,spreca&eth;,<code>spreca&amp;d;</code>,2,0.0007424
196,standan,<code>standan</code>,2,0.0007424
196,starigende,<code>starigende</code>,2,0.0007424
196,stowe,<code>stowe</code>,2,0.0007424
196,strynende,<code>strynende</code>,2,0.0007424
196,sum,<code>sum</code>,2,0.0007424
196,sumum,<code>sumum</code>,2,0.0007424
196,sylfne,<code>sylfne</code>,2,0.0007424
196,t&aelig;hte,<code>t&amp;ae;hte</code>,2,0.0007424
196,tela,<code>tela</code>,2,0.0007424
196,treowa,<code>treowa</code>,2,0.0007424
196,twynunga,<code>twynunga</code>,2,0.0007424
196,wealdend,<code>wealdend</code>,2,0.0007424
196,wear&eth;,<code>wear&amp;d;</code>,2,0.0007424
196,weorc,<code>weorc</code>,2,0.0007424
196,weorca,<code>weorca</code>,2,0.0007424
196,weorcum,<code>weorcum</code>,2,0.0007424
196,weras,<code>weras</code>,2,0.0007424
196,wif,<code>wif</code>,2,0.0007424
196,word,<code>word</code>,2,0.0007424
196,worhton,<code>worhton</code>,2,0.0007424
196,wyrcendum,<code>wyrcendum</code>,2,0.0007424
327,&aelig;,<code>&amp;ae;</code>,1,0.0003712
327,&aelig;&eth;ela,<code>&amp;ae;&amp;d;ela</code>,1,0.0003712
327,&aelig;fterfylgendum,<code>&amp;ae;fterfylgendum</code>,1,0.0003712
327,&aelig;fterfyliendum,<code>&amp;ae;fterfyliendum</code>,1,0.0003712
327,&aelig;ig&thorn;er,<code>&amp;ae;ig&amp;t;er</code>,1,0.0003712
327,&aelig;lc,<code>&amp;ae;lc</code>,1,0.0003712
327,&aelig;lcum,<code>&amp;ae;lcum</code>,1,0.0003712
327,&aelig;lmihtigan,<code>&amp;ae;lmihtigan</code>,1,0.0003712
327,&aelig;ror,<code>&amp;ae;ror</code>,1,0.0003712
327,&aelig;rra,<code>&amp;ae;rra</code>,1,0.0003712
327,&aelig;rst,<code>&amp;ae;rst</code>,1,0.0003712
327,&aelig;tbroden,<code>&amp;ae;tbroden</code>,1,0.0003712
327,&aelig;teowode,<code>&amp;ae;teowode</code>,1,0.0003712
327,&eth;&aelig;ra,<code>&amp;d;&amp;ae;ra</code>,1,0.0003712
327,&eth;eode,<code>&amp;d;eode</code>,1,0.0003712
327,&eth;eonde,<code>&amp;d;eonde</code>,1,0.0003712
327,&eth;i,<code>&amp;d;i</code>,1,0.0003712
327,&eth;ing,<code>&amp;d;ing</code>,1,0.0003712
327,&eth;ingum,<code>&amp;d;ingum</code>,1,0.0003712
327,&eth;is,<code>&amp;d;is</code>,1,0.0003712
327,&eth;reade,<code>&amp;d;reade</code>,1,0.0003712
327,&eth;urh,<code>&amp;d;urh</code>,1,0.0003712
327,&eth;ysum,<code>&amp;d;ysum</code>,1,0.0003712
327,&thorn;&aelig;ra,<code>&amp;t;&amp;ae;ra</code>,1,0.0003712
327,&thorn;eahhw&aelig;&eth;ere,<code>&amp;t;eahhw&amp;ae;&amp;d;ere</code>,1,0.0003712
327,&thorn;earle,<code>&amp;t;earle</code>,1,0.0003712
327,&thorn;eawum,<code>&amp;t;eawum</code>,1,0.0003712
327,&thorn;enas,<code>&amp;t;enas</code>,1,0.0003712
327,&thorn;enia&eth;,<code>&amp;t;enia&amp;d;</code>,1,0.0003712
327,&thorn;eode,<code>&amp;t;eode</code>,1,0.0003712
327,&thorn;ingum,<code>&amp;t;ingum</code>,1,0.0003712
327,&thorn;ises,<code>&amp;t;ises</code>,1,0.0003712
327,&thorn;isne,<code>&amp;t;isne</code>,1,0.0003712
327,&thorn;issre,<code>&amp;t;issre</code>,1,0.0003712
327,&thorn;issum,<code>&amp;t;issum</code>,1,0.0003712
327,&thorn;rafode,<code>&amp;t;rafode</code>,1,0.0003712
327,&thorn;rafungum,<code>&amp;t;rafungum</code>,1,0.0003712
327,&thorn;rowunge,<code>&amp;t;rowunge</code>,1,0.0003712
327,&thorn;rymme,<code>&amp;t;rymme</code>,1,0.0003712
327,&thorn;rymsetl,<code>&amp;t;rymsetl</code>,1,0.0003712
327,&thorn;rymsetle,<code>&amp;t;rymsetle</code>,1,0.0003712
327,&thorn;urhferde,<code>&amp;t;urhferde</code>,1,0.0003712
327,&thorn;urhwunia&eth;,<code>&amp;t;urhwunia&amp;d;</code>,1,0.0003712
327,&thorn;weorum,<code>&amp;t;weorum</code>,1,0.0003712
327,&thorn;ysum,<code>&amp;t;ysum</code>,1,0.0003712
327,a,<code>a</code>,1,0.0003712
327,abeah,<code>abeah</code>,1,0.0003712
327,acenned,<code>acenned</code>,1,0.0003712
327,adam,<code>adam</code>,1,0.0003712
327,adligum,<code>adligum</code>,1,0.0003712
327,adlium,<code>adlium</code>,1,0.0003712
327,adr&aelig;f&eth;,<code>adr&amp;ae;f&amp;d;</code>,1,0.0003712
327,adw&aelig;sc&eth;,<code>adw&amp;ae;sc&amp;d;</code>,1,0.0003712
327,adylegod,<code>adylegod</code>,1,0.0003712
327,afandode,<code>afandode</code>,1,0.0003712
327,afyllede,<code>afyllede</code>,1,0.0003712
327,afyrsa&eth;,<code>afyrsa&amp;d;</code>,1,0.0003712
327,agylt,<code>agylt</code>,1,0.0003712
327,ahafen,<code>ahafen</code>,1,0.0003712
327,ahafene,<code>ahafene</code>,1,0.0003712
327,amen,<code>amen</code>,1,0.0003712
327,an,<code>an</code>,1,0.0003712
327,ana,<code>ana</code>,1,0.0003712
327,andbidedon,<code>andbidedon</code>,1,0.0003712
327,andette,<code>andette</code>,1,0.0003712
327,andsware,<code>andsware</code>,1,0.0003712
327,andwyrde,<code>andwyrde</code>,1,0.0003712
327,anfealdlice,<code>anfealdlice</code>,1,0.0003712
327,angin,<code>angin</code>,1,0.0003712
327,antecriste,<code>antecriste</code>,1,0.0003712
327,apostola,<code>apostola</code>,1,0.0003712
327,apostolum,<code>apostolum</code>,1,0.0003712
327,ar&aelig;r&eth;,<code>ar&amp;ae;r&amp;d;</code>,1,0.0003712
327,arf&aelig;stnysse,<code>arf&amp;ae;stnysse</code>,1,0.0003712
327,ascensione,<code>ascensione</code>,1,0.0003712
327,ascirde,<code>ascirde</code>,1,0.0003712
327,asia,<code>asia</code>,1,0.0003712
327,asolcen,<code>asolcen</code>,1,0.0003712
327,astigendan,<code>astigendan</code>,1,0.0003712
327,astigon,<code>astigon</code>,1,0.0003712
327,awend,<code>awend</code>,1,0.0003712
327,awende,<code>awende</code>,1,0.0003712
327,awrat,<code>awrat</code>,1,0.0003712
327,awriton,<code>awriton</code>,1,0.0003712
327,bebead,<code>bebead</code>,1,0.0003712
327,beboda,<code>beboda</code>,1,0.0003712
327,bec,<code>bec</code>,1,0.0003712
327,becom,<code>becom</code>,1,0.0003712
327,becomon,<code>becomon</code>,1,0.0003712
327,becuman,<code>becuman</code>,1,0.0003712
327,bed&aelig;led,<code>bed&amp;ae;led</code>,1,0.0003712
327,befran,<code>befran</code>,1,0.0003712
327,beg&aelig;&eth;,<code>beg&amp;ae;&amp;d;</code>,1,0.0003712
327,behates,<code>behates</code>,1,0.0003712
327,behofia&eth;,<code>behofia&amp;d;</code>,1,0.0003712
327,bel&aelig;wde,<code>bel&amp;ae;wde</code>,1,0.0003712
327,betwux,<code>betwux</code>,1,0.0003712
327,bigleofan,<code>bigleofan</code>,1,0.0003712
327,biternyssa,<code>biternyssa</code>,1,0.0003712
327,biuia&eth;,<code>biuia&amp;d;</code>,1,0.0003712
327,bletsunge,<code>bletsunge</code>,1,0.0003712
327,blis,<code>blis</code>,1,0.0003712
327,bododon,<code>bododon</code>,1,0.0003712
327,bodunga,<code>bodunga</code>,1,0.0003712
327,brosnunge,<code>brosnunge</code>,1,0.0003712
327,bydelas,<code>bydelas</code>,1,0.0003712
327,byr&thorn;res,<code>byr&amp;t;res</code>,1,0.0003712
327,bysmorlice,<code>bysmorlice</code>,1,0.0003712
327,cann,<code>cann</code>,1,0.0003712
327,chithia,<code>chithia</code>,1,0.0003712
327,ci&eth;f&aelig;ste,<code>ci&amp;d;f&amp;ae;ste</code>,1,0.0003712
327,cidde,<code>cidde</code>,1,0.0003712
327,cild,<code>cild</code>,1,0.0003712
327,cilde,<code>cilde</code>,1,0.0003712
327,cl&aelig;nnys,<code>cl&amp;ae;nnys</code>,1,0.0003712
327,cl&aelig;nnyss,<code>cl&amp;ae;nnyss</code>,1,0.0003712
327,cl&aelig;nnyssa,<code>cl&amp;ae;nnyssa</code>,1,0.0003712
327,cl&aelig;nnysse,<code>cl&amp;ae;nnysse</code>,1,0.0003712
327,come,<code>come</code>,1,0.0003712
327,cristendomes,<code>cristendomes</code>,1,0.0003712
327,cristenre,<code>cristenre</code>,1,0.0003712
327,cristna&eth;,<code>cristna&amp;d;</code>,1,0.0003712
327,cu&thorn;on,<code>cu&amp;t;on</code>,1,0.0003712
327,cucene,<code>cucene</code>,1,0.0003712
327,cunne,<code>cunne</code>,1,0.0003712
327,cw&aelig;don,<code>cw&amp;ae;don</code>,1,0.0003712
327,cwe&eth;a&eth;,<code>cwe&amp;d;a&amp;d;</code>,1,0.0003712
327,cwe&eth;ende,<code>cwe&amp;d;ende</code>,1,0.0003712
327,cwe&thorn;ende,<code>cwe&amp;t;ende</code>,1,0.0003712
327,cwy&thorn;,<code>cwy&amp;t;</code>,1,0.0003712
327,cwyde,<code>cwyde</code>,1,0.0003712
327,cyning,<code>cyning</code>,1,0.0003712
327,cyrografum,<code>cyrografum</code>,1,0.0003712
327,cyrron,<code>cyrron</code>,1,0.0003712
327,d&aelig;g&thorn;erlicum,<code>d&amp;ae;g&amp;t;erlicum</code>,1,0.0003712
327,d&aelig;ghwomlice,<code>d&amp;ae;ghwomlice</code>,1,0.0003712
327,d&aelig;ig&thorn;erlicum,<code>d&amp;ae;ig&amp;t;erlicum</code>,1,0.0003712
327,d&aelig;le,<code>d&amp;ae;le</code>,1,0.0003712
327,de&eth;,<code>de&amp;d;</code>,1,0.0003712
327,dea&eth;es,<code>dea&amp;d;es</code>,1,0.0003712
327,dead,<code>dead</code>,1,0.0003712
327,deadlican,<code>deadlican</code>,1,0.0003712
327,dei,<code>dei</code>,1,0.0003712
327,dem&eth;,<code>dem&amp;d;</code>,1,0.0003712
327,dema,<code>dema</code>,1,0.0003712
327,deman,<code>deman</code>,1,0.0003712
327,deofle,<code>deofle</code>,1,0.0003712
327,deofles,<code>deofles</code>,1,0.0003712
327,deoflum,<code>deoflum</code>,1,0.0003712
327,derigendlice,<code>derigendlice</code>,1,0.0003712
327,digelnyssa,<code>digelnyssa</code>,1,0.0003712
327,digle,<code>digle</code>,1,0.0003712
327,diglum,<code>diglum</code>,1,0.0003712
327,dolhswa&eth;u,<code>dolhswa&amp;d;u</code>,1,0.0003712
327,dome,<code>dome</code>,1,0.0003712
327,domini,<code>domini</code>,1,0.0003712
327,don,<code>don</code>,1,0.0003712
327,drihtne,<code>drihtne</code>,1,0.0003712
327,drinc&eth;,<code>drinc&amp;d;</code>,1,0.0003712
327,drincan,<code>drincan</code>,1,0.0003712
327,drincon,<code>drincon</code>,1,0.0003712
327,drohtnia&eth;,<code>drohtnia&amp;d;</code>,1,0.0003712
327,drohtnunge,<code>drohtnunge</code>,1,0.0003712
327,dropan,<code>dropan</code>,1,0.0003712
327,dune,<code>dune</code>,1,0.0003712
327,dust,<code>dust</code>,1,0.0003712
327,duste,<code>duste</code>,1,0.0003712
327,eadmod,<code>eadmod</code>,1,0.0003712
327,eadmodne,<code>eadmodne</code>,1,0.0003712
327,eadmodnysse,<code>eadmodnysse</code>,1,0.0003712
327,ealdan,<code>ealdan</code>,1,0.0003712
327,ealles,<code>ealles</code>,1,0.0003712
327,earde,<code>earde</code>,1,0.0003712
327,eastertide,<code>eastertide</code>,1,0.0003712
327,ecnysse,<code>ecnysse</code>,1,0.0003712
327,edlean,<code>edlean</code>,1,0.0003712
327,egefulne,<code>egefulne</code>,1,0.0003712
327,ehterum,<code>ehterum</code>,1,0.0003712
327,elcode,<code>elcode</code>,1,0.0003712
327,elcya&eth;,<code>elcya&amp;d;</code>,1,0.0003712
327,embe,<code>embe</code>,1,0.0003712
327,endleoftan,<code>endleoftan</code>,1,0.0003712
327,englum,<code>englum</code>,1,0.0003712
327,eor&eth;e,<code>eor&amp;d;e</code>,1,0.0003712
327,eor&eth;lice,<code>eor&amp;d;lice</code>,1,0.0003712
327,eor&eth;lices,<code>eor&amp;d;lices</code>,1,0.0003712
327,eor&eth;licra,<code>eor&amp;d;licra</code>,1,0.0003712
327,eor&thorn;an,<code>eor&amp;t;an</code>,1,0.0003712
327,eornostlice,<code>eornostlice</code>,1,0.0003712
327,eower,<code>eower</code>,1,0.0003712
327,eowrum,<code>eowrum</code>,1,0.0003712
327,ethiopia,<code>ethiopia</code>,1,0.0003712
327,f&#275;lnysse,<code>f&amp;e;lnysse</code>,1,0.0003712
327,farenne,<code>farenne</code>,1,0.0003712
327,feawum,<code>feawum</code>,1,0.0003712
327,felnysse,<code>felnysse</code>,1,0.0003712
327,feollon,<code>feollon</code>,1,0.0003712
327,ferede,<code>ferede</code>,1,0.0003712
327,ferodon,<code>ferodon</code>,1,0.0003712
327,flih&eth;,<code>flih&amp;d;</code>,1,0.0003712
327,folc,<code>folc</code>,1,0.0003712
327,forbugan,<code>forbugan</code>,1,0.0003712
327,fordon,<code>fordon</code>,1,0.0003712
327,forfleo&eth;,<code>forfleo&amp;d;</code>,1,0.0003712
327,forhigdon,<code>forhigdon</code>,1,0.0003712
327,forl&aelig;t,<code>forl&amp;ae;t</code>,1,0.0003712
327,forl&aelig;tan,<code>forl&amp;ae;tan</code>,1,0.0003712
327,forlire,<code>forlire</code>,1,0.0003712
327,forma,<code>forma</code>,1,0.0003712
327,fornam,<code>fornam</code>,1,0.0003712
327,fornim&eth;,<code>fornim&amp;d;</code>,1,0.0003712
327,forspanen,<code>forspanen</code>,1,0.0003712
327,fotum,<code>fotum</code>,1,0.0003712
327,frema&eth;,<code>frema&amp;d;</code>,1,0.0003712
327,fremminge,<code>fremminge</code>,1,0.0003712
327,fremodon,<code>fremodon</code>,1,0.0003712
327,fruman,<code>fruman</code>,1,0.0003712
327,ful,<code>ful</code>,1,0.0003712
327,fulluhtere,<code>fulluhtere</code>,1,0.0003712
327,fulre,<code>fulre</code>,1,0.0003712
327,fultum,<code>fultum</code>,1,0.0003712
327,fyligde,<code>fyligde</code>,1,0.0003712
327,fyr,<code>fyr</code>,1,0.0003712
327,fyre,<code>fyre</code>,1,0.0003712
327,fyres,<code>fyres</code>,1,0.0003712
327,g&aelig;rs,<code>g&amp;ae;rs</code>,1,0.0003712
327,gaffetunga,<code>gaffetunga</code>,1,0.0003712
327,galileisce,<code>galileisce</code>,1,0.0003712
327,gastes,<code>gastes</code>,1,0.0003712
327,gastlican,<code>gastlican</code>,1,0.0003712
327,gastlice,<code>gastlice</code>,1,0.0003712
327,ge&eth;igedan,<code>ge&amp;d;igedan</code>,1,0.0003712
327,ge&thorn;uht,<code>ge&amp;t;uht</code>,1,0.0003712
327,gebl&aelig;tsode,<code>gebl&amp;ae;tsode</code>,1,0.0003712
327,gebro&eth;ra,<code>gebro&amp;d;ra</code>,1,0.0003712
327,gebyld,<code>gebyld</code>,1,0.0003712
327,gebysga&eth;,<code>gebysga&amp;d;</code>,1,0.0003712
327,gebysnungum,<code>gebysnungum</code>,1,0.0003712
327,geceas,<code>geceas</code>,1,0.0003712
327,gecydd,<code>gecydd</code>,1,0.0003712
327,gecynd,<code>gecynd</code>,1,0.0003712
327,gecyndes,<code>gecyndes</code>,1,0.0003712
327,gecyrdon,<code>gecyrdon</code>,1,0.0003712
327,gedafna&eth;,<code>gedafna&amp;d;</code>,1,0.0003712
327,gedydon,<code>gedydon</code>,1,0.0003712
327,geeadmet,<code>geeadmet</code>,1,0.0003712
327,geedl&aelig;hte,<code>geedl&amp;ae;hte</code>,1,0.0003712
327,geendian,<code>geendian</code>,1,0.0003712
327,geendung,<code>geendung</code>,1,0.0003712
327,gefered,<code>gefered</code>,1,0.0003712
327,geferedan,<code>geferedan</code>,1,0.0003712
327,geferr&aelig;dene,<code>geferr&amp;ae;dene</code>,1,0.0003712
327,gefreatewode,<code>gefreatewode</code>,1,0.0003712
327,gefrede,<code>gefrede</code>,1,0.0003712
327,gefremedon,<code>gefremedon</code>,1,0.0003712
327,gefremmenne,<code>gefremmenne</code>,1,0.0003712
327,gefremminge,<code>gefremminge</code>,1,0.0003712
327,gefylsta,<code>gefylsta</code>,1,0.0003712
327,gegadrung,<code>gegadrung</code>,1,0.0003712
327,geglengde,<code>geglengde</code>,1,0.0003712
327,geh&aelig;la&eth;,<code>geh&amp;ae;la&amp;d;</code>,1,0.0003712
327,geh&aelig;ldon,<code>geh&amp;ae;ldon</code>,1,0.0003712
327,geh&aelig;le,<code>geh&amp;ae;le</code>,1,0.0003712
327,gehaten,<code>gehaten</code>,1,0.0003712
327,gehealdan,<code>gehealdan</code>,1,0.0003712
327,gehende,<code>gehende</code>,1,0.0003712
327,gehwilc,<code>gehwilc</code>,1,0.0003712
327,gehwilce,<code>gehwilce</code>,1,0.0003712
327,gehylt,<code>gehylt</code>,1,0.0003712
327,gehyrdon,<code>gehyrdon</code>,1,0.0003712
327,gehyrenne,<code>gehyrenne</code>,1,0.0003712
327,gela&eth;ung,<code>gela&amp;d;ung</code>,1,0.0003712
327,geleaffulle,<code>geleaffulle</code>,1,0.0003712
327,gelic,<code>gelic</code>,1,0.0003712
327,gelicnysse,<code>gelicnysse</code>,1,0.0003712
327,gelome,<code>gelome</code>,1,0.0003712
327,gelyfdon,<code>gelyfdon</code>,1,0.0003712
327,gem&aelig;nelicum,<code>gem&amp;ae;nelicum</code>,1,0.0003712
327,gem&aelig;rsod,<code>gem&amp;ae;rsod</code>,1,0.0003712
327,gem&aelig;rum,<code>gem&amp;ae;rum</code>,1,0.0003712
327,gemyndige,<code>gemyndige</code>,1,0.0003712
327,genam,<code>genam</code>,1,0.0003712
327,genumene,<code>genumene</code>,1,0.0003712
327,geny&eth;erunge,<code>geny&amp;d;erunge</code>,1,0.0003712
327,ger&aelig;d,<code>ger&amp;ae;d</code>,1,0.0003712
327,gereord,<code>gereord</code>,1,0.0003712
327,gereordode,<code>gereordode</code>,1,0.0003712
327,ges&aelig;d,<code>ges&amp;ae;d</code>,1,0.0003712
327,gesawe,<code>gesawe</code>,1,0.0003712
327,gescead,<code>gescead</code>,1,0.0003712
327,gesceade,<code>gesceade</code>,1,0.0003712
327,gesceaft,<code>gesceaft</code>,1,0.0003712
327,gesceapene,<code>gesceapene</code>,1,0.0003712
327,geseah,<code>geseah</code>,1,0.0003712
327,gesetnysse,<code>gesetnysse</code>,1,0.0003712
327,gesettan,<code>gesettan</code>,1,0.0003712
327,gesewen,<code>gesewen</code>,1,0.0003712
327,gesih&eth;,<code>gesih&amp;d;</code>,1,0.0003712
327,gesih&thorn;um,<code>gesih&amp;t;um</code>,1,0.0003712
327,gesprecen,<code>gesprecen</code>,1,0.0003712
327,gestil&eth;,<code>gestil&amp;d;</code>,1,0.0003712
327,geswic&eth;,<code>geswic&amp;d;</code>,1,0.0003712
327,geswicon,<code>geswicon</code>,1,0.0003712
327,getrym&eth;,<code>getrym&amp;d;</code>,1,0.0003712
327,geuntrumod,<code>geuntrumod</code>,1,0.0003712
327,gewelgode,<code>gewelgode</code>,1,0.0003712
327,gewissa&eth;,<code>gewissa&amp;d;</code>,1,0.0003712
327,gewita&eth;,<code>gewita&amp;d;</code>,1,0.0003712
327,gewitenne,<code>gewitenne</code>,1,0.0003712
327,gewiton,<code>gewiton</code>,1,0.0003712
327,geworhte,<code>geworhte</code>,1,0.0003712
327,gewrit,<code>gewrit</code>,1,0.0003712
327,gife,<code>gife</code>,1,0.0003712
327,gingran,<code>gingran</code>,1,0.0003712
327,gloriam,<code>gloriam</code>,1,0.0003712
327,goda,<code>goda</code>,1,0.0003712
327,godan,<code>godan</code>,1,0.0003712
327,godcundlice,<code>godcundlice</code>,1,0.0003712
327,godcundnyss,<code>godcundnyss</code>,1,0.0003712
327,goddre,<code>goddre</code>,1,0.0003712
327,godspelles,<code>godspelles</code>,1,0.0003712
327,grapodon,<code>grapodon</code>,1,0.0003712
327,gregories,<code>gregories</code>,1,0.0003712
327,grennysse,<code>grennysse</code>,1,0.0003712
327,growende,<code>growende</code>,1,0.0003712
327,gyrelan,<code>gyrelan</code>,1,0.0003712
327,gyt,<code>gyt</code>,1,0.0003712
327,h&aelig;&eth;ene,<code>h&amp;ae;&amp;d;ene</code>,1,0.0003712
327,h&aelig;&thorn;en,<code>h&amp;ae;&amp;t;en</code>,1,0.0003712
327,h&aelig;bbe,<code>h&amp;ae;bbe</code>,1,0.0003712
327,handhwile,<code>handhwile</code>,1,0.0003712
327,handum,<code>handum</code>,1,0.0003712
327,hatige,<code>hatige</code>,1,0.0003712
327,heliam,<code>heliam</code>,1,0.0003712
327,hellewite,<code>hellewite</code>,1,0.0003712
327,henoh,<code>henoh</code>,1,0.0003712
327,heo,<code>heo</code>,1,0.0003712
327,heofenas,<code>heofenas</code>,1,0.0003712
327,heofenlican,<code>heofenlican</code>,1,0.0003712
327,heofenlice,<code>heofenlice</code>,1,0.0003712
327,heofon,<code>heofon</code>,1,0.0003712
327,heofona,<code>heofona</code>,1,0.0003712
327,heofonan,<code>heofonan</code>,1,0.0003712
327,heofonas,<code>heofonas</code>,1,0.0003712
327,heofonlice,<code>heofonlice</code>,1,0.0003712
327,heonon,<code>heonon</code>,1,0.0003712
327,hirede,<code>hirede</code>,1,0.0003712
327,hra&eth;e,<code>hra&amp;d;e</code>,1,0.0003712
327,hreowlican,<code>hreowlican</code>,1,0.0003712
327,hrymdon,<code>hrymdon</code>,1,0.0003712
327,hund,<code>hund</code>,1,0.0003712
327,hw&aelig;&thorn;er,<code>hw&amp;ae;&amp;t;er</code>,1,0.0003712
327,hwi,<code>hwi</code>,1,0.0003712
327,hyre,<code>hyre</code>,1,0.0003712
327,iacobus,<code>iacobus</code>,1,0.0003712
327,ilce,<code>ilce</code>,1,0.0003712
327,impius,<code>impius</code>,1,0.0003712
327,in,<code>in</code>,1,0.0003712
327,india,<code>india</code>,1,0.0003712
327,into,<code>into</code>,1,0.0003712
327,iudeiscre,<code>iudeiscre</code>,1,0.0003712
327,l&aelig;dde,<code>l&amp;ae;dde</code>,1,0.0003712
327,l&aelig;s,<code>l&amp;ae;s</code>,1,0.0003712
327,l&aelig;sse,<code>l&amp;ae;sse</code>,1,0.0003712
327,la,<code>la</code>,1,0.0003712
327,leas,<code>leas</code>,1,0.0003712
327,leat,<code>leat</code>,1,0.0003712
327,leof,<code>leof</code>,1,0.0003712
327,leorningcniht,<code>leorningcniht</code>,1,0.0003712
327,leorningcnihtum,<code>leorningcnihtum</code>,1,0.0003712
327,lica&eth;,<code>lica&amp;d;</code>,1,0.0003712
327,lifes,<code>lifes</code>,1,0.0003712
327,lucas,<code>lucas</code>,1,0.0003712
327,lufia&eth;,<code>lufia&amp;d;</code>,1,0.0003712
327,lufiendlic,<code>lufiendlic</code>,1,0.0003712
327,lufige,<code>lufige</code>,1,0.0003712
327,lufigendlic,<code>lufigendlic</code>,1,0.0003712
327,lvcas,<code>lvcas</code>,1,0.0003712
327,lybbe,<code>lybbe</code>,1,0.0003712
327,m&aelig;&eth;,<code>m&amp;ae;&amp;d;</code>,1,0.0003712
327,m&aelig;denmann,<code>m&amp;ae;denmann</code>,1,0.0003712
327,m&aelig;g,<code>m&amp;ae;g</code>,1,0.0003712
327,m&aelig;gen,<code>m&amp;ae;gen</code>,1,0.0003712
327,m&aelig;ig,<code>m&amp;ae;ig</code>,1,0.0003712
327,mage,<code>mage</code>,1,0.0003712
327,manega,<code>manega</code>,1,0.0003712
327,mannes,<code>mannes</code>,1,0.0003712
327,manode,<code>manode</code>,1,0.0003712
327,marcum,<code>marcum</code>,1,0.0003712
327,marcus,<code>marcus</code>,1,0.0003712
327,maria,<code>maria</code>,1,0.0003712
327,martyrdomes,<code>martyrdomes</code>,1,0.0003712
327,meder,<code>meder</code>,1,0.0003712
327,meniu,<code>meniu</code>,1,0.0003712
327,menniscnys,<code>menniscnys</code>,1,0.0003712
327,menniscum,<code>menniscum</code>,1,0.0003712
327,mete,<code>mete</code>,1,0.0003712
327,metta,<code>metta</code>,1,0.0003712
327,miccle,<code>miccle</code>,1,0.0003712
327,micele,<code>micele</code>,1,0.0003712
327,middanearde,<code>middanearde</code>,1,0.0003712
327,middaneardes,<code>middaneardes</code>,1,0.0003712
327,mihta,<code>mihta</code>,1,0.0003712
327,mihtige,<code>mihtige</code>,1,0.0003712
327,moder,<code>moder</code>,1,0.0003712
327,modes,<code>modes</code>,1,0.0003712
327,mons,<code>mons</code>,1,0.0003712
327,moton,<code>moton</code>,1,0.0003712
327,mu&eth;,<code>mu&amp;d;</code>,1,0.0003712
327,mu&eth;e,<code>mu&amp;d;e</code>,1,0.0003712
327,n&aelig;fst,<code>n&amp;ae;fst</code>,1,0.0003712
327,n&aelig;nne,<code>n&amp;ae;nne</code>,1,0.0003712
327,naht,<code>naht</code>,1,0.0003712
327,nanre,<code>nanre</code>,1,0.0003712
327,nat,<code>nat</code>,1,0.0003712
327,niwne,<code>niwne</code>,1,0.0003712
327,noldon,<code>noldon</code>,1,0.0003712
327,nydbehefe,<code>nydbehefe</code>,1,0.0003712
327,nys,<code>nys</code>,1,0.0003712
327,nytenu,<code>nytenu</code>,1,0.0003712
327,nytenum,<code>nytenum</code>,1,0.0003712
327,o&eth;&eth;,<code>o&amp;d;&amp;d;</code>,1,0.0003712
327,o&eth;er,<code>o&amp;d;er</code>,1,0.0003712
327,o&thorn;,<code>o&amp;t;</code>,1,0.0003712
327,o&thorn;er,<code>o&amp;t;er</code>,1,0.0003712
327,o&thorn;re,<code>o&amp;t;re</code>,1,0.0003712
327,o&thorn;rum,<code>o&amp;t;rum</code>,1,0.0003712
327,oferswi&eth;de,<code>oferswi&amp;d;de</code>,1,0.0003712
327,oliueti,<code>oliueti</code>,1,0.0003712
327,on&aelig;lde,<code>on&amp;ae;lde</code>,1,0.0003712
327,oncnawan,<code>oncnawan</code>,1,0.0003712
327,onfo&eth;,<code>onfo&amp;d;</code>,1,0.0003712
327,onfon,<code>onfon</code>,1,0.0003712
327,onlocigendum,<code>onlocigendum</code>,1,0.0003712
327,onwreon,<code>onwreon</code>,1,0.0003712
327,opene,<code>opene</code>,1,0.0003712
327,ord,<code>ord</code>,1,0.0003712
327,paulus,<code>paulus</code>,1,0.0003712
327,pentecosten,<code>pentecosten</code>,1,0.0003712
327,philippus,<code>philippus</code>,1,0.0003712
327,pistolr&aelig;dinge,<code>pistolr&amp;ae;dinge</code>,1,0.0003712
327,planta&eth;,<code>planta&amp;d;</code>,1,0.0003712
327,preost,<code>preost</code>,1,0.0003712
327,re&eth;um,<code>re&amp;d;um</code>,1,0.0003712
327,re&thorn;um,<code>re&amp;t;um</code>,1,0.0003712
327,reafe,<code>reafe</code>,1,0.0003712
327,reordigende,<code>reordigende</code>,1,0.0003712
327,rices,<code>rices</code>,1,0.0003712
327,ricum,<code>ricum</code>,1,0.0003712
327,rihtum,<code>rihtum</code>,1,0.0003712
327,rixa&eth;,<code>rixa&amp;d;</code>,1,0.0003712
327,rodorlican,<code>rodorlican</code>,1,0.0003712
327,rodorlicere,<code>rodorlicere</code>,1,0.0003712
327,sawullease,<code>sawullease</code>,1,0.0003712
327,sceawedon,<code>sceawedon</code>,1,0.0003712
327,scyppende,<code>scyppende</code>,1,0.0003712
327,secge,<code>secge</code>,1,0.0003712
327,sendan,<code>sendan</code>,1,0.0003712
327,sende,<code>sende</code>,1,0.0003712
327,setl,<code>setl</code>,1,0.0003712
327,sette,<code>sette</code>,1,0.0003712
327,si,<code>si</code>,1,0.0003712
327,si&eth;e,<code>si&amp;d;e</code>,1,0.0003712
327,si&eth;ode,<code>si&amp;d;ode</code>,1,0.0003712
327,simon,<code>simon</code>,1,0.0003712
327,slagan,<code>slagan</code>,1,0.0003712
327,smeagenne,<code>smeagenne</code>,1,0.0003712
327,smeagunge,<code>smeagunge</code>,1,0.0003712
327,so&eth;,<code>so&amp;d;</code>,1,0.0003712
327,so&eth;an,<code>so&amp;d;an</code>,1,0.0003712
327,so&eth;lice,<code>so&amp;d;lice</code>,1,0.0003712
327,so&eth;re,<code>so&amp;d;re</code>,1,0.0003712
327,so&thorn;a,<code>so&amp;t;a</code>,1,0.0003712
327,so&thorn;an,<code>so&amp;t;an</code>,1,0.0003712
327,spellunga,<code>spellunga</code>,1,0.0003712
327,spr&aelig;c,<code>spr&amp;ae;c</code>,1,0.0003712
327,sprang,<code>sprang</code>,1,0.0003712
327,sprec&eth;,<code>sprec&amp;d;</code>,1,0.0003712
327,st&aelig;ndon,<code>st&amp;ae;ndon</code>,1,0.0003712
327,stanas,<code>stanas</code>,1,0.0003712
327,stande,<code>stande</code>,1,0.0003712
327,stanum,<code>stanum</code>,1,0.0003712
327,stemn,<code>stemn</code>,1,0.0003712
327,steorran,<code>steorran</code>,1,0.0003712
327,stephanus,<code>stephanus</code>,1,0.0003712
327,stodon,<code>stodon</code>,1,0.0003712
327,strangunge,<code>strangunge</code>,1,0.0003712
327,strenc&eth;e,<code>strenc&amp;d;e</code>,1,0.0003712
327,strynde,<code>strynde</code>,1,0.0003712
327,styr&eth;,<code>styr&amp;d;</code>,1,0.0003712
327,sume,<code>sume</code>,1,0.0003712
327,sumes,<code>sumes</code>,1,0.0003712
327,sunu,<code>sunu</code>,1,0.0003712
327,swifte,<code>swifte</code>,1,0.0003712
327,swilcum,<code>swilcum</code>,1,0.0003712
327,sy,<code>sy</code>,1,0.0003712
327,sylf,<code>sylf</code>,1,0.0003712
327,synd,<code>synd</code>,1,0.0003712
327,synderlice,<code>synderlice</code>,1,0.0003712
327,talu,<code>talu</code>,1,0.0003712
327,thomas,<code>thomas</code>,1,0.0003712
327,tid,<code>tid</code>,1,0.0003712
327,tihtinge,<code>tihtinge</code>,1,0.0003712
327,tintregu,<code>tintregu</code>,1,0.0003712
327,toferdon,<code>toferdon</code>,1,0.0003712
327,togeanes,<code>togeanes</code>,1,0.0003712
327,tollatur,<code>tollatur</code>,1,0.0003712
327,tosc&aelig;t,<code>tosc&amp;ae;t</code>,1,0.0003712
327,tosceada&eth;,<code>tosceada&amp;d;</code>,1,0.0003712
327,trahtnere,<code>trahtnere</code>,1,0.0003712
327,trahtnunge,<code>trahtnunge</code>,1,0.0003712
327,treowum,<code>treowum</code>,1,0.0003712
327,trymnys,<code>trymnys</code>,1,0.0003712
327,twentig,<code>twentig</code>,1,0.0003712
327,twyniende,<code>twyniende</code>,1,0.0003712
327,twynung,<code>twynung</code>,1,0.0003712
327,tyht,<code>tyht</code>,1,0.0003712
327,ufemystan,<code>ufemystan</code>,1,0.0003712
327,uideat,<code>uideat</code>,1,0.0003712
327,unbrosniendlic,<code>unbrosniendlic</code>,1,0.0003712
327,uncu&eth;,<code>uncu&amp;d;</code>,1,0.0003712
327,underfeng,<code>underfeng</code>,1,0.0003712
327,underfo&eth;,<code>underfo&amp;d;</code>,1,0.0003712
327,undergendlicum,<code>undergendlicum</code>,1,0.0003712
327,understande,<code>understande</code>,1,0.0003712
327,unforhtlice,<code>unforhtlice</code>,1,0.0003712
327,unge&thorn;yldygum,<code>unge&amp;t;yldygum</code>,1,0.0003712
327,ungeleaffulnys,<code>ungeleaffulnys</code>,1,0.0003712
327,ungeradum,<code>ungeradum</code>,1,0.0003712
327,ungerimra,<code>ungerimra</code>,1,0.0003712
327,unpleolice,<code>unpleolice</code>,1,0.0003712
327,unrihtwise,<code>unrihtwise</code>,1,0.0003712
327,untrumne,<code>untrumne</code>,1,0.0003712
327,untrumnyss,<code>untrumnyss</code>,1,0.0003712
327,upahafenum,<code>upahafenum</code>,1,0.0003712
327,upferde,<code>upferde</code>,1,0.0003712
327,upfleringe,<code>upfleringe</code>,1,0.0003712
327,uppon,<code>uppon</code>,1,0.0003712
327,upstiges,<code>upstiges</code>,1,0.0003712
327,ut,<code>ut</code>,1,0.0003712
327,w&aelig;lhreowlice,<code>w&amp;ae;lhreowlice</code>,1,0.0003712
327,w&aelig;re,<code>w&amp;ae;re</code>,1,0.0003712
327,w&aelig;tera&eth;,<code>w&amp;ae;tera&amp;d;</code>,1,0.0003712
327,w&aelig;tere,<code>w&amp;ae;tere</code>,1,0.0003712
327,w&aelig;teres,<code>w&amp;ae;teres</code>,1,0.0003712
327,w&aelig;terunge,<code>w&amp;ae;terunge</code>,1,0.0003712
327,wealdenda,<code>wealdenda</code>,1,0.0003712
327,weard,<code>weard</code>,1,0.0003712
327,werode,<code>werode</code>,1,0.0003712
327,wi&eth;cwy&eth;,<code>wi&amp;d;cwy&amp;d;</code>,1,0.0003712
327,widgylnyssa,<code>widgylnyssa</code>,1,0.0003712
327,wife,<code>wife</code>,1,0.0003712
327,wilt,<code>wilt</code>,1,0.0003712
327,wisun,<code>wisun</code>,1,0.0003712
327,wite,<code>wite</code>,1,0.0003712
327,witegan,<code>witegan</code>,1,0.0003712
327,witegode,<code>witegode</code>,1,0.0003712
327,witenne,<code>witenne</code>,1,0.0003712
327,wodum,<code>wodum</code>,1,0.0003712
327,wolcne,<code>wolcne</code>,1,0.0003712
327,woldest,<code>woldest</code>,1,0.0003712
327,worda,<code>worda</code>,1,0.0003712
327,wordum,<code>wordum</code>,1,0.0003712
327,worhte,<code>worhte</code>,1,0.0003712
327,woruldlice,<code>woruldlice</code>,1,0.0003712
327,wuldre,<code>wuldre</code>,1,0.0003712
327,wuldres,<code>wuldres</code>,1,0.0003712
327,wunda,<code>wunda</code>,1,0.0003712
327,wundru,<code>wundru</code>,1,0.0003712
327,wunedon,<code>wunedon</code>,1,0.0003712
327,wunigende,<code>wunigende</code>,1,0.0003712
327,wunode,<code>wunode</code>,1,0.0003712
327,wurdon,<code>wurdon</code>,1,0.0003712
327,wylla&eth;,<code>wylla&amp;d;</code>,1,0.0003712
327,wyrc&eth;,<code>wyrc&amp;d;</code>,1,0.0003712
327,wyrcan,<code>wyrcan</code>,1,0.0003712
327,wyrhtan,<code>wyrhtan</code>,1,0.0003712
327,wyrse,<code>wyrse</code>,1,0.0003712
327,wyrta,<code>wyrta</code>,1,0.0003712
327,yfel,<code>yfel</code>,1,0.0003712
327,yfela,<code>yfela</code>,1,0.0003712
327,yfele,<code>yfele</code>,1,0.0003712
327,yfelnyssa,<code>yfelnyssa</code>,1,0.0003712
327,yfelum,<code>yfelum</code>,1,0.0003712
327,ylcan,<code>ylcan</code>,1,0.0003712
327,ymbe,<code>ymbe</code>,1,0.0003712
327,ymbhwyrftes,<code>ymbhwyrftes</code>,1,0.0003712
