B_Prose,B01,B01.001.018_AECHom_I__16_T02230.txt,601,381,1641
RANK,HTML WORD,RAW WORD,COUNT,RELATIVE FREQUENCY
1,&amp;,<code>&amp;amp;</code>,59,0.0359537
2,he,<code>he</code>,53,0.0322974
3,&thorn;a,<code>&amp;t;a</code>,36,0.0219378
4,on,<code>on</code>,34,0.0207191
5,&thorn;&aelig;t,<code>&amp;t;&amp;ae;t</code>,33,0.0201097
5,ne,<code>ne</code>,33,0.0201097
7,&thorn;e,<code>&amp;t;e</code>,31,0.0188909
7,se,<code>se</code>,31,0.0188909
9,to,<code>to</code>,30,0.0182815
10,hi,<code>hi</code>,27,0.0164534
11,swa,<code>swa</code>,26,0.0158440
12,his,<code>his</code>,25,0.0152346
13,ac,<code>ac</code>,19,0.0115783
14,cw&aelig;&eth;,<code>cw&amp;ae;&amp;d;</code>,18,0.0109689
14,of,<code>of</code>,18,0.0109689
16,&thorn;am,<code>&amp;t;am</code>,17,0.0103595
16,him,<code>him</code>,17,0.0103595
18,&thorn;one,<code>&amp;t;one</code>,16,0.0097502
19,crist,<code>crist</code>,14,0.0085314
19,we,<code>we</code>,14,0.0085314
21,&eth;a,<code>&amp;d;a</code>,12,0.0073126
21,&eth;am,<code>&amp;d;am</code>,12,0.0073126
21,god,<code>god</code>,12,0.0073126
24,&eth;e,<code>&amp;d;e</code>,11,0.0067032
24,&thorn;onne,<code>&amp;t;onne</code>,11,0.0067032
24,&thorn;urh,<code>&amp;t;urh</code>,11,0.0067032
24,for,<code>for</code>,11,0.0067032
24,mid,<code>mid</code>,11,0.0067032
29,bi&eth;,<code>bi&amp;d;</code>,10,0.0060938
29,is,<code>is</code>,10,0.0060938
29,w&aelig;s,<code>w&amp;ae;s</code>,10,0.0060938
32,h&aelig;lend,<code>h&amp;ae;lend</code>,9,0.0054845
33,beo&eth;,<code>beo&amp;d;</code>,8,0.0048751
33,com,<code>com</code>,8,0.0048751
33,ge,<code>ge</code>,8,0.0048751
33,godes,<code>godes</code>,8,0.0048751
33,nu,<code>nu</code>,8,0.0048751
38,ealle,<code>ealle</code>,7,0.0042657
38,eow,<code>eow</code>,7,0.0042657
38,gast,<code>gast</code>,7,0.0042657
38,lichaman,<code>lichaman</code>,7,0.0042657
38,w&aelig;ron,<code>w&amp;ae;ron</code>,7,0.0042657
43,&thorn;&aelig;ra,<code>&amp;t;&amp;ae;ra</code>,6,0.0036563
43,dea&eth;e,<code>dea&amp;d;e</code>,6,0.0036563
43,eft,<code>eft</code>,6,0.0036563
43,me,<code>me</code>,6,0.0036563
43,sceal,<code>sceal</code>,6,0.0036563
43,sceolon,<code>sceolon</code>,6,0.0036563
43,synna,<code>synna</code>,6,0.0036563
50,&eth;an,<code>&amp;d;an</code>,5,0.0030469
50,&thorn;&aelig;s,<code>&amp;t;&amp;ae;s</code>,5,0.0030469
50,&thorn;eahhw&aelig;&eth;ere,<code>&amp;t;eahhw&amp;ae;&amp;d;ere</code>,5,0.0030469
50,apostolon,<code>apostolon</code>,5,0.0030469
50,geleafan,<code>geleafan</code>,5,0.0030469
50,gif,<code>gif</code>,5,0.0030469
50,heora,<code>heora</code>,5,0.0030469
50,hine,<code>hine</code>,5,0.0030469
50,hit,<code>hit</code>,5,0.0030469
50,hu,<code>hu</code>,5,0.0030469
50,ic,<code>ic</code>,5,0.0030469
50,ofer,<code>ofer</code>,5,0.0030469
50,sind,<code>sind</code>,5,0.0030469
50,sy,<code>sy</code>,5,0.0030469
50,sy&eth;&eth;an,<code>sy&amp;d;&amp;d;an</code>,5,0.0030469
65,&aelig;r,<code>&amp;ae;r</code>,4,0.0024375
65,&eth;i,<code>&amp;d;i</code>,4,0.0024375
65,&eth;u,<code>&amp;d;u</code>,4,0.0024375
65,&thorn;eah,<code>&amp;t;eah</code>,4,0.0024375
65,&thorn;ing,<code>&amp;t;ing</code>,4,0.0024375
65,an,<code>an</code>,4,0.0024375
65,anum,<code>anum</code>,4,0.0024375
65,apostolum,<code>apostolum</code>,4,0.0024375
65,ban,<code>ban</code>,4,0.0024375
65,beclysedum,<code>beclysedum</code>,4,0.0024375
65,betwux,<code>betwux</code>,4,0.0024375
65,buton,<code>buton</code>,4,0.0024375
65,cristes,<code>cristes</code>,4,0.0024375
65,eac,<code>eac</code>,4,0.0024375
65,gesawon,<code>gesawon</code>,4,0.0024375
65,halga,<code>halga</code>,4,0.0024375
65,lufian,<code>lufian</code>,4,0.0024375
65,manna,<code>manna</code>,4,0.0024375
65,min,<code>min</code>,4,0.0024375
65,nan,<code>nan</code>,4,0.0024375
65,o&eth;&eth;e,<code>o&amp;d;&amp;d;e</code>,4,0.0024375
65,sende,<code>sende</code>,4,0.0024375
65,sib,<code>sib</code>,4,0.0024375
65,wuniende,<code>wuniende</code>,4,0.0024375
89,&aelig;teowde,<code>&amp;ae;teowde</code>,3,0.0018282
89,&eth;&aelig;re,<code>&amp;d;&amp;ae;re</code>,3,0.0018282
89,&thorn;&aelig;r,<code>&amp;t;&amp;ae;r</code>,3,0.0018282
89,&thorn;&aelig;re,<code>&amp;t;&amp;ae;re</code>,3,0.0018282
89,and,<code>and</code>,3,0.0018282
89,apostola,<code>apostola</code>,3,0.0018282
89,ar&aelig;rde,<code>ar&amp;ae;rde</code>,3,0.0018282
89,arisan,<code>arisan</code>,3,0.0018282
89,beon,<code>beon</code>,3,0.0018282
89,durum,<code>durum</code>,3,0.0018282
89,f&aelig;der,<code>f&amp;ae;der</code>,3,0.0018282
89,folces,<code>folces</code>,3,0.0018282
89,gesih&eth;,<code>gesih&amp;d;</code>,3,0.0018282
89,into,<code>into</code>,3,0.0018282
89,lichama,<code>lichama</code>,3,0.0018282
89,magon,<code>magon</code>,3,0.0018282
89,mann,<code>mann</code>,3,0.0018282
89,mannum,<code>mannum</code>,3,0.0018282
89,mihte,<code>mihte</code>,3,0.0018282
89,o&eth;re,<code>o&amp;d;re</code>,3,0.0018282
89,sibbe,<code>sibbe</code>,3,0.0018282
89,sidan,<code>sidan</code>,3,0.0018282
89,us,<code>us</code>,3,0.0018282
89,wear&eth;,<code>wear&amp;d;</code>,3,0.0018282
89,weorcum,<code>weorcum</code>,3,0.0018282
89,worhte,<code>worhte</code>,3,0.0018282
89,ymbe,<code>ymbe</code>,3,0.0018282
116,&aelig;fter,<code>&amp;ae;fter</code>,2,0.0012188
116,&aelig;lc,<code>&amp;ae;lc</code>,2,0.0012188
116,&aelig;rist,<code>&amp;ae;rist</code>,2,0.0012188
116,&aelig;riste,<code>&amp;ae;riste</code>,2,0.0012188
116,&eth;&aelig;,<code>&amp;d;&amp;ae;</code>,2,0.0012188
116,&eth;&aelig;s,<code>&amp;d;&amp;ae;s</code>,2,0.0012188
116,&eth;is,<code>&amp;d;is</code>,2,0.0012188
116,&thorn;as,<code>&amp;t;as</code>,2,0.0012188
116,&thorn;isum,<code>&amp;t;isum</code>,2,0.0012188
116,&thorn;oman,<code>&amp;t;oman</code>,2,0.0012188
116,&thorn;omas,<code>&amp;t;omas</code>,2,0.0012188
116,&thorn;u,<code>&amp;t;u</code>,2,0.0012188
116,ableow,<code>ableow</code>,2,0.0012188
116,acenned,<code>acenned</code>,2,0.0012188
116,alysdon,<code>alysdon</code>,2,0.0012188
116,apostol,<code>apostol</code>,2,0.0012188
116,apostolas,<code>apostolas</code>,2,0.0012188
116,arise,<code>arise</code>,2,0.0012188
116,be,<code>be</code>,2,0.0012188
116,beclysede,<code>beclysede</code>,2,0.0012188
116,become,<code>become</code>,2,0.0012188
116,beg&aelig;&eth;,<code>beg&amp;ae;&amp;d;</code>,2,0.0012188
116,belocene,<code>belocene</code>,2,0.0012188
116,bendas,<code>bendas</code>,2,0.0012188
116,beo,<code>beo</code>,2,0.0012188
116,bodedon,<code>bodedon</code>,2,0.0012188
116,byrgene,<code>byrgene</code>,2,0.0012188
116,cu&eth;e,<code>cu&amp;d;e</code>,2,0.0012188
116,cw&aelig;don,<code>cw&amp;ae;don</code>,2,0.0012188
116,cwearterne,<code>cwearterne</code>,2,0.0012188
116,cwyde,<code>cwyde</code>,2,0.0012188
116,cyrnele,<code>cyrnele</code>,2,0.0012188
116,dead,<code>dead</code>,2,0.0012188
116,dolhswa&eth;u,<code>dolhswa&amp;d;u</code>,2,0.0012188
116,dolhswa&eth;um,<code>dolhswa&amp;d;um</code>,2,0.0012188
116,don,<code>don</code>,2,0.0012188
116,duste,<code>duste</code>,2,0.0012188
116,ea&eth;e,<code>ea&amp;d;e</code>,2,0.0012188
116,ecum,<code>ecum</code>,2,0.0012188
116,englum,<code>englum</code>,2,0.0012188
116,eor&eth;an,<code>eor&amp;d;an</code>,2,0.0012188
116,fex,<code>fex</code>,2,0.0012188
116,fl&aelig;sc,<code>fl&amp;ae;sc</code>,2,0.0012188
116,forgeaf,<code>forgeaf</code>,2,0.0012188
116,forgifa&eth;,<code>forgifa&amp;d;</code>,2,0.0012188
116,forgifene,<code>forgifene</code>,2,0.0012188
116,forgifenysse,<code>forgifenysse</code>,2,0.0012188
116,fram,<code>fram</code>,2,0.0012188
116,gehwa,<code>gehwa</code>,2,0.0012188
116,gelice,<code>gelice</code>,2,0.0012188
116,gelyf&eth;,<code>gelyf&amp;d;</code>,2,0.0012188
116,gelyfa&eth;,<code>gelyfa&amp;d;</code>,2,0.0012188
116,gelyfan,<code>gelyfan</code>,2,0.0012188
116,gelyfst,<code>gelyfst</code>,2,0.0012188
116,ges&aelig;lige,<code>ges&amp;ae;lige</code>,2,0.0012188
116,gesawe,<code>gesawe</code>,2,0.0012188
116,gesceafta,<code>gesceafta</code>,2,0.0012188
116,geseo&eth;,<code>geseo&amp;d;</code>,2,0.0012188
116,getimode,<code>getimode</code>,2,0.0012188
116,gife,<code>gife</code>,2,0.0012188
116,gregorius,<code>gregorius</code>,2,0.0012188
116,habban,<code>habban</code>,2,0.0012188
116,halgan,<code>halgan</code>,2,0.0012188
116,haligne,<code>haligne</code>,2,0.0012188
116,handa,<code>handa</code>,2,0.0012188
116,healda&eth;,<code>healda&amp;d;</code>,2,0.0012188
116,huse,<code>huse</code>,2,0.0012188
116,in,<code>in</code>,2,0.0012188
116,inno&eth;e,<code>inno&amp;d;e</code>,2,0.0012188
116,iohannes,<code>iohannes</code>,2,0.0012188
116,iudeisces,<code>iudeisces</code>,2,0.0012188
116,lame,<code>lame</code>,2,0.0012188
116,lazarum,<code>lazarum</code>,2,0.0012188
116,leaf,<code>leaf</code>,2,0.0012188
116,lichamlice,<code>lichamlice</code>,2,0.0012188
116,life,<code>life</code>,2,0.0012188
116,lufa&eth;,<code>lufa&amp;d;</code>,2,0.0012188
116,lufe,<code>lufe</code>,2,0.0012188
116,m&aelig;g,<code>m&amp;ae;g</code>,2,0.0012188
116,m&aelig;ig,<code>m&amp;ae;ig</code>,2,0.0012188
116,menn,<code>menn</code>,2,0.0012188
116,mihton,<code>mihton</code>,2,0.0012188
116,mine,<code>mine</code>,2,0.0012188
116,mode,<code>mode</code>,2,0.0012188
116,n&aelig;ron,<code>n&amp;ae;ron</code>,2,0.0012188
116,nabba&eth;,<code>nabba&amp;d;</code>,2,0.0012188
116,niht,<code>niht</code>,2,0.0012188
116,ofteo&eth;,<code>ofteo&amp;d;</code>,2,0.0012188
116,oftogen,<code>oftogen</code>,2,0.0012188
116,ogan,<code>ogan</code>,2,0.0012188
116,onbryrde,<code>onbryrde</code>,2,0.0012188
116,onbryrdnysse,<code>onbryrdnysse</code>,2,0.0012188
116,sceole,<code>sceole</code>,2,0.0012188
116,so&eth;lice,<code>so&amp;d;lice</code>,2,0.0012188
116,sunu,<code>sunu</code>,2,0.0012188
116,swi&eth;e,<code>swi&amp;d;e</code>,2,0.0012188
116,t&aelig;hte,<code>t&amp;ae;hte</code>,2,0.0012188
116,treow,<code>treow</code>,2,0.0012188
116,tua,<code>tua</code>,2,0.0012188
116,twynung,<code>twynung</code>,2,0.0012188
116,unbindan,<code>unbindan</code>,2,0.0012188
116,w&aelig;re,<code>w&amp;ae;re</code>,2,0.0012188
116,word,<code>word</code>,2,0.0012188
116,ylcan,<code>ylcan</code>,2,0.0012188
116,ylde,<code>ylde</code>,2,0.0012188
221,&aelig;fterfylia&eth;,<code>&amp;ae;fterfylia&amp;d;</code>,1,0.0006094
221,&aelig;lmihtig,<code>&amp;ae;lmihtig</code>,1,0.0006094
221,&aelig;ne,<code>&amp;ae;ne</code>,1,0.0006094
221,&aelig;ristes,<code>&amp;ae;ristes</code>,1,0.0006094
221,&aelig;tbroden,<code>&amp;ae;tbroden</code>,1,0.0006094
221,&amp;wyrde,<code>&amp;amp;wyrde</code>,1,0.0006094
221,&eth;&aelig;t,<code>&amp;d;&amp;ae;t</code>,1,0.0006094
221,&eth;as,<code>&amp;d;as</code>,1,0.0006094
221,&eth;eah,<code>&amp;d;eah</code>,1,0.0006094
221,&eth;ing,<code>&amp;d;ing</code>,1,0.0006094
221,&eth;isne,<code>&amp;d;isne</code>,1,0.0006094
221,&eth;onne,<code>&amp;d;onne</code>,1,0.0006094
221,&#275;cum,<code>&amp;e;cum</code>,1,0.0006094
221,&thorn;&aelig;rtogeanes,<code>&amp;t;&amp;ae;rtogeanes</code>,1,0.0006094
221,&thorn;ara,<code>&amp;t;ara</code>,1,0.0006094
221,&thorn;eahhw&aelig;&eth;re,<code>&amp;t;eahhw&amp;ae;&amp;d;re</code>,1,0.0006094
221,&thorn;ine,<code>&amp;t;ine</code>,1,0.0006094
221,&thorn;inga,<code>&amp;t;inga</code>,1,0.0006094
221,&thorn;is,<code>&amp;t;is</code>,1,0.0006094
221,&thorn;om&#275;,<code>&amp;t;om&amp;e;</code>,1,0.0006094
221,&thorn;reo,<code>&amp;t;reo</code>,1,0.0006094
221,&thorn;rittig,<code>&amp;t;rittig</code>,1,0.0006094
221,&thorn;rowade,<code>&amp;t;rowade</code>,1,0.0006094
221,&thorn;rowunge,<code>&amp;t;rowunge</code>,1,0.0006094
221,&thorn;weoran,<code>&amp;t;weoran</code>,1,0.0006094
221,a,<code>a</code>,1,0.0006094
221,abyria&eth;,<code>abyria&amp;d;</code>,1,0.0006094
221,actus,<code>actus</code>,1,0.0006094
221,adam,<code>adam</code>,1,0.0006094
221,agenne,<code>agenne</code>,1,0.0006094
221,agenum,<code>agenum</code>,1,0.0006094
221,aheardian,<code>aheardian</code>,1,0.0006094
221,alefed,<code>alefed</code>,1,0.0006094
221,alefede,<code>alefede</code>,1,0.0006094
221,alysan,<code>alysan</code>,1,0.0006094
221,alysednysse,<code>alysednysse</code>,1,0.0006094
221,amenn,<code>amenn</code>,1,0.0006094
221,andet,<code>andet</code>,1,0.0006094
221,andwyrde,<code>andwyrde</code>,1,0.0006094
221,antimbre,<code>antimbre</code>,1,0.0006094
221,anweald,<code>anweald</code>,1,0.0006094
221,apostole,<code>apostole</code>,1,0.0006094
221,apostoli,<code>apostoli</code>,1,0.0006094
221,apostoloruym,<code>apostoloruym</code>,1,0.0006094
221,ar&aelig;ran,<code>ar&amp;ae;ran</code>,1,0.0006094
221,ar&aelig;renne,<code>ar&amp;ae;renne</code>,1,0.0006094
221,asende,<code>asende</code>,1,0.0006094
221,asmeagean,<code>asmeagean</code>,1,0.0006094
221,astah,<code>astah</code>,1,0.0006094
221,awriten,<code>awriten</code>,1,0.0006094
221,awritene,<code>awritene</code>,1,0.0006094
221,awyrdnysse,<code>awyrdnysse</code>,1,0.0006094
221,bead,<code>bead</code>,1,0.0006094
221,bealdlice,<code>bealdlice</code>,1,0.0006094
221,bebodu,<code>bebodu</code>,1,0.0006094
221,bec,<code>bec</code>,1,0.0006094
221,becuman,<code>becuman</code>,1,0.0006094
221,bedigla&eth;,<code>bedigla&amp;d;</code>,1,0.0006094
221,behreowsung&aelig;,<code>behreowsung&amp;ae;</code>,1,0.0006094
221,belocen,<code>belocen</code>,1,0.0006094
221,belocenum,<code>belocenum</code>,1,0.0006094
221,bindan,<code>bindan</code>,1,0.0006094
221,biscop,<code>biscop</code>,1,0.0006094
221,biscopes,<code>biscopes</code>,1,0.0006094
221,biscopum,<code>biscopum</code>,1,0.0006094
221,bleow,<code>bleow</code>,1,0.0006094
221,bli&eth;e,<code>bli&amp;d;e</code>,1,0.0006094
221,blis,<code>blis</code>,1,0.0006094
221,blisse,<code>blisse</code>,1,0.0006094
221,blissia&eth;,<code>blissia&amp;d;</code>,1,0.0006094
221,blod,<code>blod</code>,1,0.0006094
221,bodian,<code>bodian</code>,1,0.0006094
221,bodienne,<code>bodienne</code>,1,0.0006094
221,bogas,<code>bogas</code>,1,0.0006094
221,bro&eth;er,<code>bro&amp;d;er</code>,1,0.0006094
221,bro&eth;erlicere,<code>bro&amp;d;erlicere</code>,1,0.0006094
221,brohte,<code>brohte</code>,1,0.0006094
221,butan,<code>butan</code>,1,0.0006094
221,carfullum,<code>carfullum</code>,1,0.0006094
221,cene,<code>cene</code>,1,0.0006094
221,ceorla&eth;,<code>ceorla&amp;d;</code>,1,0.0006094
221,cristen,<code>cristen</code>,1,0.0006094
221,cristesbec,<code>cristesbec</code>,1,0.0006094
221,cucu,<code>cucu</code>,1,0.0006094
221,cum,<code>cum</code>,1,0.0006094
221,cuma&eth;,<code>cuma&amp;d;</code>,1,0.0006094
221,cunne,<code>cunne</code>,1,0.0006094
221,cwe&eth;a&eth;,<code>cwe&amp;d;a&amp;d;</code>,1,0.0006094
221,cwe&thorn;a&eth;,<code>cwe&amp;t;a&amp;d;</code>,1,0.0006094
221,cweartern,<code>cweartern</code>,1,0.0006094
221,cwy&eth;,<code>cwy&amp;d;</code>,1,0.0006094
221,cyld,<code>cyld</code>,1,0.0006094
221,cym&eth;,<code>cym&amp;d;</code>,1,0.0006094
221,cynegum,<code>cynegum</code>,1,0.0006094
221,cynengum,<code>cynengum</code>,1,0.0006094
221,cyrnle,<code>cyrnle</code>,1,0.0006094
221,de&eth;,<code>de&amp;d;</code>,1,0.0006094
221,dea&eth;es,<code>dea&amp;d;es</code>,1,0.0006094
221,deadan,<code>deadan</code>,1,0.0006094
221,deadlicum,<code>deadlicum</code>,1,0.0006094
221,deadra,<code>deadra</code>,1,0.0006094
221,die,<code>die</code>,1,0.0006094
221,discipuli,<code>discipuli</code>,1,0.0006094
221,dolchswa&eth;u,<code>dolchswa&amp;d;u</code>,1,0.0006094
221,dominica,<code>dominica</code>,1,0.0006094
221,drihten,<code>drihten</code>,1,0.0006094
221,drihtne,<code>drihtne</code>,1,0.0006094
221,dura,<code>dura</code>,1,0.0006094
221,dyde,<code>dyde</code>,1,0.0006094
221,ea&eth;elicor,<code>ea&amp;d;elicor</code>,1,0.0006094
221,ealdermannum,<code>ealdermannum</code>,1,0.0006094
221,eall,<code>eall</code>,1,0.0006094
221,eallum,<code>eallum</code>,1,0.0006094
221,ealne,<code>ealne</code>,1,0.0006094
221,earfo&eth;e,<code>earfo&amp;d;e</code>,1,0.0006094
221,eart,<code>eart</code>,1,0.0006094
221,ece,<code>ece</code>,1,0.0006094
221,ecere,<code>ecere</code>,1,0.0006094
221,ecnysse,<code>ecnysse</code>,1,0.0006094
221,embe,<code>embe</code>,1,0.0006094
221,engel,<code>engel</code>,1,0.0006094
221,eowrum,<code>eowrum</code>,1,0.0006094
221,esset,<code>esset</code>,1,0.0006094
221,et,<code>et</code>,1,0.0006094
221,f&aelig;ste,<code>f&amp;ae;ste</code>,1,0.0006094
221,fela,<code>fela</code>,1,0.0006094
221,fell,<code>fell</code>,1,0.0006094
221,ferdon,<code>ferdon</code>,1,0.0006094
221,for&eth;,<code>for&amp;d;</code>,1,0.0006094
221,for&eth;fare,<code>for&amp;d;fare</code>,1,0.0006094
221,forescawunge,<code>forescawunge</code>,1,0.0006094
221,forgyfenysse,<code>forgyfenysse</code>,1,0.0006094
221,forloren,<code>forloren</code>,1,0.0006094
221,forlyst,<code>forlyst</code>,1,0.0006094
221,forwerod,<code>forwerod</code>,1,0.0006094
221,forwyrde,<code>forwyrde</code>,1,0.0006094
221,fotum,<code>fotum</code>,1,0.0006094
221,fremode,<code>fremode</code>,1,0.0006094
221,freolice,<code>freolice</code>,1,0.0006094
221,fulfremed,<code>fulfremed</code>,1,0.0006094
221,fulluht,<code>fulluht</code>,1,0.0006094
221,fyres,<code>fyres</code>,1,0.0006094
221,fyrste,<code>fyrste</code>,1,0.0006094
221,g&aelig;&eth;,<code>g&amp;ae;&amp;d;</code>,1,0.0006094
221,galnysse,<code>galnysse</code>,1,0.0006094
221,gan,<code>gan</code>,1,0.0006094
221,gaste,<code>gaste</code>,1,0.0006094
221,gastes,<code>gastes</code>,1,0.0006094
221,ge&thorn;uht,<code>ge&amp;t;uht</code>,1,0.0006094
221,geandet,<code>geandet</code>,1,0.0006094
221,geara,<code>geara</code>,1,0.0006094
221,gebide,<code>gebide</code>,1,0.0006094
221,gebroht,<code>gebroht</code>,1,0.0006094
221,gebrohton,<code>gebrohton</code>,1,0.0006094
221,gebyria&eth;,<code>gebyria&amp;d;</code>,1,0.0006094
221,gecweme,<code>gecweme</code>,1,0.0006094
221,gecyndes,<code>gecyndes</code>,1,0.0006094
221,gedon,<code>gedon</code>,1,0.0006094
221,gedreccednys,<code>gedreccednys</code>,1,0.0006094
221,geedcucade,<code>geedcucade</code>,1,0.0006094
221,geedcucedan,<code>geedcucedan</code>,1,0.0006094
221,geferan,<code>geferan</code>,1,0.0006094
221,gefyllede,<code>gefyllede</code>,1,0.0006094
221,gehaten,<code>gehaten</code>,1,0.0006094
221,gehyrte,<code>gehyrte</code>,1,0.0006094
221,geleafa,<code>geleafa</code>,1,0.0006094
221,geleaffulle,<code>geleaffulle</code>,1,0.0006094
221,geleaffulnyss,<code>geleaffulnyss</code>,1,0.0006094
221,geleornian,<code>geleornian</code>,1,0.0006094
221,geliff&aelig;st,<code>geliff&amp;ae;st</code>,1,0.0006094
221,gelyf,<code>gelyf</code>,1,0.0006094
221,gelyfde,<code>gelyfde</code>,1,0.0006094
221,gelyfe,<code>gelyfe</code>,1,0.0006094
221,geond,<code>geond</code>,1,0.0006094
221,geseah,<code>geseah</code>,1,0.0006094
221,geseo,<code>geseo</code>,1,0.0006094
221,geseon,<code>geseon</code>,1,0.0006094
221,gesette,<code>gesette</code>,1,0.0006094
221,gesih&eth;e,<code>gesih&amp;d;e</code>,1,0.0006094
221,getacnode,<code>getacnode</code>,1,0.0006094
221,getacnunge,<code>getacnunge</code>,1,0.0006094
221,getrymman,<code>getrymman</code>,1,0.0006094
221,getymed,<code>getymed</code>,1,0.0006094
221,gewita&eth;,<code>gewita&amp;d;</code>,1,0.0006094
221,geworhte,<code>geworhte</code>,1,0.0006094
221,gewyrca&eth;,<code>gewyrca&amp;d;</code>,1,0.0006094
221,gode,<code>gode</code>,1,0.0006094
221,godspel,<code>godspel</code>,1,0.0006094
221,godspelle,<code>godspelle</code>,1,0.0006094
221,godspellere,<code>godspellere</code>,1,0.0006094
221,godum,<code>godum</code>,1,0.0006094
221,grapa,<code>grapa</code>,1,0.0006094
221,grapiendlic,<code>grapiendlic</code>,1,0.0006094
221,grapiendlicne,<code>grapiendlicne</code>,1,0.0006094
221,grapienne,<code>grapienne</code>,1,0.0006094
221,grapode,<code>grapode</code>,1,0.0006094
221,grapung&aelig;,<code>grapung&amp;ae;</code>,1,0.0006094
221,grapunge,<code>grapunge</code>,1,0.0006094
221,gyt,<code>gyt</code>,1,0.0006094
221,h&aelig;f&eth;,<code>h&amp;ae;f&amp;d;</code>,1,0.0006094
221,h&aelig;fde,<code>h&amp;ae;fde</code>,1,0.0006094
221,h&aelig;lendes,<code>h&amp;ae;lendes</code>,1,0.0006094
221,h&aelig;r,<code>h&amp;ae;r</code>,1,0.0006094
221,habba&eth;,<code>habba&amp;d;</code>,1,0.0006094
221,halgum,<code>halgum</code>,1,0.0006094
221,hand,<code>hand</code>,1,0.0006094
221,handum,<code>handum</code>,1,0.0006094
221,heafde,<code>heafde</code>,1,0.0006094
221,heafodmenn,<code>heafodmenn</code>,1,0.0006094
221,heofenum,<code>heofenum</code>,1,0.0006094
221,heofonas,<code>heofonas</code>,1,0.0006094
221,heold,<code>heold</code>,1,0.0006094
221,her,<code>her</code>,1,0.0006094
221,het,<code>het</code>,1,0.0006094
221,hiwe,<code>hiwe</code>,1,0.0006094
221,hw&aelig;&eth;er,<code>hw&amp;ae;&amp;d;er</code>,1,0.0006094
221,hw&aelig;&eth;ere,<code>hw&amp;ae;&amp;d;ere</code>,1,0.0006094
221,hw&aelig;&eth;ere&eth;eah,<code>hw&amp;ae;&amp;d;ere&amp;d;eah</code>,1,0.0006094
221,hw&aelig;t,<code>hw&amp;ae;t</code>,1,0.0006094
221,hwa,<code>hwa</code>,1,0.0006094
221,hwilc,<code>hwilc</code>,1,0.0006094
221,hyne,<code>hyne</code>,1,0.0006094
221,i,<code>i</code>,1,0.0006094
221,illo,<code>illo</code>,1,0.0006094
221,inn,<code>inn</code>,1,0.0006094
221,iudeiscan,<code>iudeiscan</code>,1,0.0006094
221,l&aelig;dde,<code>l&amp;ae;dde</code>,1,0.0006094
221,l&aelig;s,<code>l&amp;ae;s</code>,1,0.0006094
221,l&aelig;weda,<code>l&amp;ae;weda</code>,1,0.0006094
221,lange,<code>lange</code>,1,0.0006094
221,lareow,<code>lareow</code>,1,0.0006094
221,lareowas,<code>lareowas</code>,1,0.0006094
221,lazarus,<code>lazarus</code>,1,0.0006094
221,leorningcnihta,<code>leorningcnihta</code>,1,0.0006094
221,leorningcnihtum,<code>leorningcnihtum</code>,1,0.0006094
221,lif,<code>lif</code>,1,0.0006094
221,limleas,<code>limleas</code>,1,0.0006094
221,limlease,<code>limlease</code>,1,0.0006094
221,lufode,<code>lufode</code>,1,0.0006094
221,lufu,<code>lufu</code>,1,0.0006094
221,lyfe,<code>lyfe</code>,1,0.0006094
221,lyst,<code>lyst</code>,1,0.0006094
221,lytlum,<code>lytlum</code>,1,0.0006094
221,m&aelig;dene,<code>m&amp;ae;dene</code>,1,0.0006094
221,m&aelig;denes,<code>m&amp;ae;denes</code>,1,0.0006094
221,m&aelig;ge,<code>m&amp;ae;ge</code>,1,0.0006094
221,mage,<code>mage</code>,1,0.0006094
221,man,<code>man</code>,1,0.0006094
221,mannes,<code>mannes</code>,1,0.0006094
221,mare,<code>mare</code>,1,0.0006094
221,marian,<code>marian</code>,1,0.0006094
221,men,<code>men</code>,1,0.0006094
221,merien,<code>merien</code>,1,0.0006094
221,micel,<code>micel</code>,1,0.0006094
221,middaneard,<code>middaneard</code>,1,0.0006094
221,minum,<code>minum</code>,1,0.0006094
221,misd&aelig;da,<code>misd&amp;ae;da</code>,1,0.0006094
221,modignysse,<code>modignysse</code>,1,0.0006094
221,n&aelig;,<code>n&amp;ae;</code>,1,0.0006094
221,n&aelig;fre,<code>n&amp;ae;fre</code>,1,0.0006094
221,n&aelig;glas,<code>n&amp;ae;glas</code>,1,0.0006094
221,n&aelig;s,<code>n&amp;ae;s</code>,1,0.0006094
221,na,<code>na</code>,1,0.0006094
221,na&eth;or,<code>na&amp;d;or</code>,1,0.0006094
221,na&thorn;or,<code>na&amp;t;or</code>,1,0.0006094
221,nahte,<code>nahte</code>,1,0.0006094
221,naman,<code>naman</code>,1,0.0006094
221,nane,<code>nane</code>,1,0.0006094
221,nanre,<code>nanre</code>,1,0.0006094
221,nehstan,<code>nehstan</code>,1,0.0006094
221,nys,<code>nys</code>,1,0.0006094
221,o&eth;,<code>o&amp;d;</code>,1,0.0006094
221,o&eth;r&aelig;,<code>o&amp;d;r&amp;ae;</code>,1,0.0006094
221,o&eth;ra,<code>o&amp;d;ra</code>,1,0.0006094
221,o&eth;res,<code>o&amp;d;res</code>,1,0.0006094
221,ofslogon,<code>ofslogon</code>,1,0.0006094
221,oft,<code>oft</code>,1,0.0006094
221,ondr&aelig;dan,<code>ondr&amp;ae;dan</code>,1,0.0006094
221,onfo&eth;,<code>onfo&amp;d;</code>,1,0.0006094
221,papa,<code>papa</code>,1,0.0006094
221,pasca,<code>pasca</code>,1,0.0006094
221,paulus,<code>paulus</code>,1,0.0006094
221,post,<code>post</code>,1,0.0006094
221,r&aelig;da&eth;,<code>r&amp;ae;da&amp;d;</code>,1,0.0006094
221,re&eth;um,<code>re&amp;d;um</code>,1,0.0006094
221,reliqua,<code>reliqua</code>,1,0.0006094
221,restend&aelig;ge,<code>restend&amp;ae;ge</code>,1,0.0006094
221,rice,<code>rice</code>,1,0.0006094
221,riht,<code>riht</code>,1,0.0006094
221,rinde,<code>rinde</code>,1,0.0006094
221,s&aelig;ton,<code>s&amp;ae;ton</code>,1,0.0006094
221,sabbatorum,<code>sabbatorum</code>,1,0.0006094
221,sar,<code>sar</code>,1,0.0006094
221,sceawode,<code>sceawode</code>,1,0.0006094
221,sceolde,<code>sceolde</code>,1,0.0006094
221,scolon,<code>scolon</code>,1,0.0006094
221,scyldig,<code>scyldig</code>,1,0.0006094
221,scyldigan,<code>scyldigan</code>,1,0.0006094
221,sendan,<code>sendan</code>,1,0.0006094
221,seo,<code>seo</code>,1,0.0006094
221,sero,<code>sero</code>,1,0.0006094
221,sete,<code>sete</code>,1,0.0006094
221,sette,<code>sette</code>,1,0.0006094
221,si&eth;e,<code>si&amp;d;e</code>,1,0.0006094
221,sigef&aelig;ste,<code>sigef&amp;ae;ste</code>,1,0.0006094
221,sina,<code>sina</code>,1,0.0006094
221,singal,<code>singal</code>,1,0.0006094
221,smeagan,<code>smeagan</code>,1,0.0006094
221,sorh,<code>sorh</code>,1,0.0006094
221,spreca&eth;,<code>spreca&amp;d;</code>,1,0.0006094
221,sprecan,<code>sprecan</code>,1,0.0006094
221,stincendan,<code>stincendan</code>,1,0.0006094
221,stod,<code>stod</code>,1,0.0006094
221,sume,<code>sume</code>,1,0.0006094
221,sumera,<code>sumera</code>,1,0.0006094
221,susle,<code>susle</code>,1,0.0006094
221,swilce,<code>swilce</code>,1,0.0006094
221,swy&eth;e,<code>swy&amp;d;e</code>,1,0.0006094
221,syb,<code>syb</code>,1,0.0006094
221,syfan,<code>syfan</code>,1,0.0006094
221,sylf,<code>sylf</code>,1,0.0006094
221,sylfne,<code>sylfne</code>,1,0.0006094
221,synd,<code>synd</code>,1,0.0006094
221,synful,<code>synful</code>,1,0.0006094
221,synnum,<code>synnum</code>,1,0.0006094
221,tacna,<code>tacna</code>,1,0.0006094
221,team,<code>team</code>,1,0.0006094
221,thomas,<code>thomas</code>,1,0.0006094
221,tih&eth;,<code>tih&amp;d;</code>,1,0.0006094
221,tocyme,<code>tocyme</code>,1,0.0006094
221,tolysa&eth;,<code>tolysa&amp;d;</code>,1,0.0006094
221,tosende,<code>tosende</code>,1,0.0006094
221,trahtna&eth;,<code>trahtna&amp;d;</code>,1,0.0006094
221,twa,<code>twa</code>,1,0.0006094
221,twelfa,<code>twelfa</code>,1,0.0006094
221,twynigendan,<code>twynigendan</code>,1,0.0006094
221,twynung&aelig;,<code>twynung&amp;ae;</code>,1,0.0006094
221,una,<code>una</code>,1,0.0006094
221,unbrosniendlic,<code>unbrosniendlic</code>,1,0.0006094
221,unbrosniendlicne,<code>unbrosniendlicne</code>,1,0.0006094
221,uncu&eth;e,<code>uncu&amp;d;e</code>,1,0.0006094
221,underfo&eth;,<code>underfo&amp;d;</code>,1,0.0006094
221,undernyma&eth;,<code>undernyma&amp;d;</code>,1,0.0006094
221,unforsceaw&#275;dlice,<code>unforsceaw&amp;e;dlice</code>,1,0.0006094
221,ungeleafful,<code>ungeleafful</code>,1,0.0006094
221,ungeleaffull,<code>ungeleaffull</code>,1,0.0006094
221,unscyldig,<code>unscyldig</code>,1,0.0006094
221,unscyldigan,<code>unscyldigan</code>,1,0.0006094
221,uppon,<code>uppon</code>,1,0.0006094
221,upstige,<code>upstige</code>,1,0.0006094
221,ut,<code>ut</code>,1,0.0006094
221,w&aelig;,<code>w&amp;ae;</code>,1,0.0006094
221,w&aelig;lr&aelig;wum,<code>w&amp;ae;lr&amp;ae;wum</code>,1,0.0006094
221,weorc,<code>weorc</code>,1,0.0006094
221,wer,<code>wer</code>,1,0.0006094
221,westm,<code>westm</code>,1,0.0006094
221,westmas,<code>westmas</code>,1,0.0006094
221,wi&eth;s&aelig;c&eth;,<code>wi&amp;d;s&amp;ae;c&amp;d;</code>,1,0.0006094
221,wif,<code>wif</code>,1,0.0006094
221,wifa&eth;,<code>wifa&amp;d;</code>,1,0.0006094
221,wile,<code>wile</code>,1,0.0006094
221,willan,<code>willan</code>,1,0.0006094
221,wislice,<code>wislice</code>,1,0.0006094
221,wite,<code>wite</code>,1,0.0006094
221,wolde,<code>wolde</code>,1,0.0006094
221,wom,<code>wom</code>,1,0.0006094
221,woruldlicere,<code>woruldlicere</code>,1,0.0006094
221,wuldres,<code>wuldres</code>,1,0.0006094
221,wunder,<code>wunder</code>,1,0.0006094
221,wundra,<code>wundra</code>,1,0.0006094
221,wundra&eth;,<code>wundra&amp;d;</code>,1,0.0006094
221,wundrian,<code>wundrian</code>,1,0.0006094
221,wunia&eth;,<code>wunia&amp;d;</code>,1,0.0006094
221,wur&eth;e,<code>wur&amp;d;e</code>,1,0.0006094
221,wurdon,<code>wurdon</code>,1,0.0006094
221,wyle,<code>wyle</code>,1,0.0006094
221,wylle,<code>wylle</code>,1,0.0006094
221,wyrcenne,<code>wyrcenne</code>,1,0.0006094
221,wyrtruman,<code>wyrtruman</code>,1,0.0006094
221,yfele,<code>yfele</code>,1,0.0006094
221,ylca,<code>ylca</code>,1,0.0006094
