B_Prose,B01,B01.003.004_AELS__Basil__T03040.txt,1535,999,5201
RANK,HTML WORD,RAW WORD,COUNT,RELATIVE FREQUENCY
1,and,<code>and</code>,267,0.0513363
2,to,<code>to</code>,159,0.0305710
3,&thorn;a,<code>&amp;t;a</code>,152,0.0292251
4,he,<code>he</code>,114,0.0219189
5,se,<code>se</code>,111,0.0213420
6,mid,<code>mid</code>,110,0.0211498
7,&thorn;&aelig;t,<code>&amp;t;&amp;ae;t</code>,99,0.0190348
8,on,<code>on</code>,96,0.0184580
9,his,<code>his</code>,93,0.0178812
10,&thorn;e,<code>&amp;t;e</code>,86,0.0165353
11,&thorn;am,<code>&amp;t;am</code>,78,0.0149971
12,him,<code>him</code>,67,0.0128821
13,swa,<code>swa</code>,51,0.0098058
14,&eth;a,<code>&amp;d;a</code>,50,0.0096135
14,hi,<code>hi</code>,50,0.0096135
16,cw&aelig;&eth;,<code>cw&amp;ae;&amp;d;</code>,45,0.0086522
17,&thorn;one,<code>&amp;t;one</code>,44,0.0084599
17,ic,<code>ic</code>,44,0.0084599
19,basilius,<code>basilius</code>,43,0.0082676
20,hine,<code>hine</code>,40,0.0076908
21,&thorn;u,<code>&amp;t;u</code>,39,0.0074986
22,ne,<code>ne</code>,35,0.0067295
23,&thorn;&aelig;s,<code>&amp;t;&amp;ae;s</code>,30,0.0057681
23,w&aelig;s,<code>w&amp;ae;s</code>,30,0.0057681
25,ac,<code>ac</code>,29,0.0055759
26,&eth;am,<code>&amp;d;am</code>,27,0.0051913
26,wear&eth;,<code>wear&amp;d;</code>,27,0.0051913
28,&thorn;&aelig;re,<code>&amp;t;&amp;ae;re</code>,25,0.0048068
28,gif,<code>gif</code>,25,0.0048068
30,be,<code>be</code>,24,0.0046145
31,eft,<code>eft</code>,22,0.0042300
31,heo,<code>heo</code>,22,0.0042300
33,&aelig;t,<code>&amp;ae;t</code>,21,0.0040377
33,&thorn;urh,<code>&amp;t;urh</code>,21,0.0040377
33,me,<code>me</code>,21,0.0040377
36,halgan,<code>halgan</code>,20,0.0038454
37,bisceop,<code>bisceop</code>,19,0.0036531
37,casere,<code>casere</code>,19,0.0036531
37,for,<code>for</code>,19,0.0036531
40,godes,<code>godes</code>,18,0.0034609
40,seo,<code>seo</code>,18,0.0034609
42,biscop,<code>biscop</code>,17,0.0032686
42,gode,<code>gode</code>,17,0.0032686
42,hw&aelig;t,<code>hw&amp;ae;t</code>,17,0.0032686
42,wolde,<code>wolde</code>,17,0.0032686
46,&thorn;&aelig;r,<code>&amp;t;&amp;ae;r</code>,16,0.0030763
46,&thorn;onne,<code>&amp;t;onne</code>,16,0.0030763
46,com,<code>com</code>,16,0.0030763
46,ealle,<code>ealle</code>,16,0.0030763
50,&thorn;eah,<code>&amp;t;eah</code>,15,0.0028841
50,sona,<code>sona</code>,15,0.0028841
50,swi&eth;e,<code>swi&amp;d;e</code>,15,0.0028841
53,&aelig;fter,<code>&amp;ae;fter</code>,14,0.0026918
53,of,<code>of</code>,14,0.0026918
55,eode,<code>eode</code>,13,0.0024995
55,geleafan,<code>geleafan</code>,13,0.0024995
55,halga,<code>halga</code>,13,0.0024995
58,&thorn;&aelig;ra,<code>&amp;t;&amp;ae;ra</code>,12,0.0023072
58,an,<code>an</code>,12,0.0023072
58,god,<code>god</code>,12,0.0023072
58,het,<code>het</code>,12,0.0023072
62,byrig,<code>byrig</code>,11,0.0021150
62,h&aelig;lend,<code>h&amp;ae;lend</code>,11,0.0021150
62,is,<code>is</code>,11,0.0021150
62,lare,<code>lare</code>,11,0.0021150
62,mihte,<code>mihte</code>,11,0.0021150
62,sylf,<code>sylf</code>,11,0.0021150
62,wif,<code>wif</code>,11,0.0021150
69,criste,<code>criste</code>,10,0.0019227
69,hyre,<code>hyre</code>,10,0.0019227
69,l&aelig;ce,<code>l&amp;ae;ce</code>,10,0.0019227
69,nu,<code>nu</code>,10,0.0019227
69,s&aelig;de,<code>s&amp;ae;de</code>,10,0.0019227
69,swylce,<code>swylce</code>,10,0.0019227
69,synna,<code>synna</code>,10,0.0019227
69,us,<code>us</code>,10,0.0019227
69,we,<code>we</code>,10,0.0019227
69,wife,<code>wife</code>,10,0.0019227
79,anre,<code>anre</code>,9,0.0017304
79,biddende,<code>biddende</code>,9,0.0017304
79,fram,<code>fram</code>,9,0.0017304
79,hu,<code>hu</code>,9,0.0017304
79,o&eth;,<code>o&amp;d;</code>,9,0.0017304
79,si&eth;&eth;an,<code>si&amp;d;&amp;d;an</code>,9,0.0017304
85,&eth;e,<code>&amp;d;e</code>,8,0.0015382
85,&eth;u,<code>&amp;d;u</code>,8,0.0015382
85,eac,<code>eac</code>,8,0.0015382
85,effrem,<code>effrem</code>,8,0.0015382
85,f&aelig;der,<code>f&amp;ae;der</code>,8,0.0015382
85,niht,<code>niht</code>,8,0.0015382
85,sum,<code>sum</code>,8,0.0015382
92,&aelig;lmihtigan,<code>&amp;ae;lmihtigan</code>,7,0.0013459
92,&eth;&aelig;re,<code>&amp;d;&amp;ae;re</code>,7,0.0013459
92,awrat,<code>awrat</code>,7,0.0013459
92,basilie,<code>basilie</code>,7,0.0013459
92,cartan,<code>cartan</code>,7,0.0013459
92,cnapan,<code>cnapan</code>,7,0.0013459
92,ferde,<code>ferde</code>,7,0.0013459
92,gehaten,<code>gehaten</code>,7,0.0013459
92,h&aelig;lende,<code>h&amp;ae;lende</code>,7,0.0013459
92,sceolde,<code>sceolde</code>,7,0.0013459
92,w&aelig;re,<code>w&amp;ae;re</code>,7,0.0013459
92,wer,<code>wer</code>,7,0.0013459
92,ymbe,<code>ymbe</code>,7,0.0013459
105,&thorn;as,<code>&amp;t;as</code>,6,0.0011536
105,basilium,<code>basilium</code>,6,0.0011536
105,d&aelig;l,<code>d&amp;ae;l</code>,6,0.0011536
105,eow,<code>eow</code>,6,0.0011536
105,fyrste,<code>fyrste</code>,6,0.0011536
105,gewryt,<code>gewryt</code>,6,0.0011536
105,handum,<code>handum</code>,6,0.0011536
105,mannum,<code>mannum</code>,6,0.0011536
105,mergen,<code>mergen</code>,6,0.0011536
105,mycclum,<code>mycclum</code>,6,0.0011536
105,mycelre,<code>mycelre</code>,6,0.0011536
105,ongean,<code>ongean</code>,6,0.0011536
105,sunu,<code>sunu</code>,6,0.0011536
105,ure,<code>ure</code>,6,0.0011536
105,wi&eth;,<code>wi&amp;d;</code>,6,0.0011536
105,ylcan,<code>ylcan</code>,6,0.0011536
121,&aelig;r,<code>&amp;ae;r</code>,5,0.0009614
121,&thorn;&aelig;m,<code>&amp;t;&amp;ae;m</code>,5,0.0009614
121,&thorn;es,<code>&amp;t;es</code>,5,0.0009614
121,&thorn;in,<code>&amp;t;in</code>,5,0.0009614
121,&thorn;ine,<code>&amp;t;ine</code>,5,0.0009614
121,&thorn;is,<code>&amp;t;is</code>,5,0.0009614
121,ane,<code>ane</code>,5,0.0009614
121,b&aelig;d,<code>b&amp;ae;d</code>,5,0.0009614
121,bisceope,<code>bisceope</code>,5,0.0009614
121,biscope,<code>biscope</code>,5,0.0009614
121,cydde,<code>cydde</code>,5,0.0009614
121,deofles,<code>deofles</code>,5,0.0009614
121,deofol,<code>deofol</code>,5,0.0009614
121,f&aelig;rlice,<code>f&amp;ae;rlice</code>,5,0.0009614
121,folce,<code>folce</code>,5,0.0009614
121,for&eth;si&eth;e,<code>for&amp;d;si&amp;d;e</code>,5,0.0009614
121,fores&aelig;dan,<code>fores&amp;ae;dan</code>,5,0.0009614
121,gefullode,<code>gefullode</code>,5,0.0009614
121,gelyfan,<code>gelyfan</code>,5,0.0009614
121,georne,<code>georne</code>,5,0.0009614
121,geseah,<code>geseah</code>,5,0.0009614
121,gewende,<code>gewende</code>,5,0.0009614
121,heora,<code>heora</code>,5,0.0009614
121,hit,<code>hit</code>,5,0.0009614
121,iulianus,<code>iulianus</code>,5,0.0009614
121,leornode,<code>leornode</code>,5,0.0009614
121,ofer,<code>ofer</code>,5,0.0009614
121,sende,<code>sende</code>,5,0.0009614
121,si&thorn;&thorn;an,<code>si&amp;t;&amp;t;an</code>,5,0.0009614
121,synne,<code>synne</code>,5,0.0009614
121,westene,<code>westene</code>,5,0.0009614
152,&thorn;us,<code>&amp;t;us</code>,4,0.0007691
152,alysde,<code>alysde</code>,4,0.0007691
152,asende,<code>asende</code>,4,0.0007691
152,axode,<code>axode</code>,4,0.0007691
152,b&aelig;don,<code>b&amp;ae;don</code>,4,0.0007691
152,beo,<code>beo</code>,4,0.0007691
152,bi&eth;,<code>bi&amp;d;</code>,4,0.0007691
152,bidde,<code>bidde</code>,4,0.0007691
152,binnan,<code>binnan</code>,4,0.0007691
152,bugan,<code>bugan</code>,4,0.0007691
152,butan,<code>butan</code>,4,0.0007691
152,coman,<code>coman</code>,4,0.0007691
152,cyrcean,<code>cyrcean</code>,4,0.0007691
152,d&aelig;g,<code>d&amp;ae;g</code>,4,0.0007691
152,d&aelig;ge,<code>d&amp;ae;ge</code>,4,0.0007691
152,deofle,<code>deofle</code>,4,0.0007691
152,dyde,<code>dyde</code>,4,0.0007691
152,ea,<code>ea</code>,4,0.0007691
152,earman,<code>earman</code>,4,0.0007691
152,efne,<code>efne</code>,4,0.0007691
152,embe,<code>embe</code>,4,0.0007691
152,ge,<code>ge</code>,4,0.0007691
152,geb&aelig;d,<code>geb&amp;ae;d</code>,4,0.0007691
152,gebedum,<code>gebedum</code>,4,0.0007691
152,genam,<code>genam</code>,4,0.0007691
152,geopenad,<code>geopenad</code>,4,0.0007691
152,h&aelig;fde,<code>h&amp;ae;fde</code>,4,0.0007691
152,h&aelig;lendes,<code>h&amp;ae;lendes</code>,4,0.0007691
152,habba&eth;,<code>habba&amp;d;</code>,4,0.0007691
152,heofonum,<code>heofonum</code>,4,0.0007691
152,heold,<code>heold</code>,4,0.0007691
152,hra&eth;e,<code>hra&amp;d;e</code>,4,0.0007691
152,into,<code>into</code>,4,0.0007691
152,l&aelig;rde,<code>l&amp;ae;rde</code>,4,0.0007691
152,lifes,<code>lifes</code>,4,0.0007691
152,m&aelig;den,<code>m&amp;ae;den</code>,4,0.0007691
152,m&aelig;ssan,<code>m&amp;ae;ssan</code>,4,0.0007691
152,man,<code>man</code>,4,0.0007691
152,men,<code>men</code>,4,0.0007691
152,messan,<code>messan</code>,4,0.0007691
152,min,<code>min</code>,4,0.0007691
152,mine,<code>mine</code>,4,0.0007691
152,nolde,<code>nolde</code>,4,0.0007691
152,o&eth;rum,<code>o&amp;d;rum</code>,4,0.0007691
152,so&eth;an,<code>so&amp;d;an</code>,4,0.0007691
152,stod,<code>stod</code>,4,0.0007691
152,sumum,<code>sumum</code>,4,0.0007691
152,sweltan,<code>sweltan</code>,4,0.0007691
152,timan,<code>timan</code>,4,0.0007691
152,togeanes,<code>togeanes</code>,4,0.0007691
152,u&eth;wyta,<code>u&amp;d;wyta</code>,4,0.0007691
152,w&aelig;ron,<code>w&amp;ae;ron</code>,4,0.0007691
152,wope,<code>wope</code>,4,0.0007691
152,worde,<code>worde</code>,4,0.0007691
152,wunode,<code>wunode</code>,4,0.0007691
152,wylle,<code>wylle</code>,4,0.0007691
208,&aelig;tforan,<code>&amp;ae;tforan</code>,3,0.0005768
208,&eth;an,<code>&amp;d;an</code>,3,0.0005768
208,&thorn;an,<code>&amp;t;an</code>,3,0.0005768
208,&thorn;ingunge,<code>&amp;t;ingunge</code>,3,0.0005768
208,&thorn;reo,<code>&amp;t;reo</code>,3,0.0005768
208,agen,<code>agen</code>,3,0.0005768
208,agenre,<code>agenre</code>,3,0.0005768
208,agenum,<code>agenum</code>,3,0.0005768
208,andwyrde,<code>andwyrde</code>,3,0.0005768
208,anes,<code>anes</code>,3,0.0005768
208,anum,<code>anum</code>,3,0.0005768
208,arwur&eth;an,<code>arwur&amp;d;an</code>,3,0.0005768
208,basilies,<code>basilies</code>,3,0.0005768
208,bead,<code>bead</code>,3,0.0005768
208,becom,<code>becom</code>,3,0.0005768
208,behet,<code>behet</code>,3,0.0005768
208,beleac,<code>beleac</code>,3,0.0005768
208,bena,<code>bena</code>,3,0.0005768
208,beon,<code>beon</code>,3,0.0005768
208,bet&aelig;hte,<code>bet&amp;ae;hte</code>,3,0.0005768
208,blysse,<code>blysse</code>,3,0.0005768
208,buton,<code>buton</code>,3,0.0005768
208,cappadoniscre,<code>cappadoniscre</code>,3,0.0005768
208,cniht,<code>cniht</code>,3,0.0005768
208,come,<code>come</code>,3,0.0005768
208,crist,<code>crist</code>,3,0.0005768
208,cu&eth;e,<code>cu&amp;d;e</code>,3,0.0005768
208,cyld,<code>cyld</code>,3,0.0005768
208,cyrcan,<code>cyrcan</code>,3,0.0005768
208,dagas,<code>dagas</code>,3,0.0005768
208,dea&eth;e,<code>dea&amp;d;e</code>,3,0.0005768
208,dome,<code>dome</code>,3,0.0005768
208,drihten,<code>drihten</code>,3,0.0005768
208,duru,<code>duru</code>,3,0.0005768
208,eala,<code>eala</code>,3,0.0005768
208,ealdorman,<code>ealdorman</code>,3,0.0005768
208,eom,<code>eom</code>,3,0.0005768
208,eubole,<code>eubole</code>,3,0.0005768
208,eubolus,<code>eubolus</code>,3,0.0005768
208,feoll,<code>feoll</code>,3,0.0005768
208,forgeaf,<code>forgeaf</code>,3,0.0005768
208,fulluhtes,<code>fulluhtes</code>,3,0.0005768
208,gast,<code>gast</code>,3,0.0005768
208,gear,<code>gear</code>,3,0.0005768
208,gebrohte,<code>gebrohte</code>,3,0.0005768
208,gehuslode,<code>gehuslode</code>,3,0.0005768
208,gehyrde,<code>gehyrde</code>,3,0.0005768
208,geleaffullan,<code>geleaffullan</code>,3,0.0005768
208,gesohte,<code>gesohte</code>,3,0.0005768
208,halgum,<code>halgum</code>,3,0.0005768
208,halig,<code>halig</code>,3,0.0005768
208,handgewryt,<code>handgewryt</code>,3,0.0005768
208,healda&eth;,<code>healda&amp;d;</code>,3,0.0005768
208,hiwan,<code>hiwan</code>,3,0.0005768
208,husel,<code>husel</code>,3,0.0005768
208,husle,<code>husle</code>,3,0.0005768
208,leofode,<code>leofode</code>,3,0.0005768
208,lif,<code>lif</code>,3,0.0005768
208,lifigendan,<code>lifigendan</code>,3,0.0005768
208,m&aelig;g,<code>m&amp;ae;g</code>,3,0.0005768
208,m&aelig;ssepreost,<code>m&amp;ae;ssepreost</code>,3,0.0005768
208,manegum,<code>manegum</code>,3,0.0005768
208,mannes,<code>mannes</code>,3,0.0005768
208,messepreost,<code>messepreost</code>,3,0.0005768
208,mode,<code>mode</code>,3,0.0005768
208,mycel,<code>mycel</code>,3,0.0005768
208,myltsian,<code>myltsian</code>,3,0.0005768
208,n&aelig;fre,<code>n&amp;ae;fre</code>,3,0.0005768
208,na,<code>na</code>,3,0.0005768
208,nextan,<code>nextan</code>,3,0.0005768
208,nihte,<code>nihte</code>,3,0.0005768
208,o&eth;er,<code>o&amp;d;er</code>,3,0.0005768
208,o&eth;re,<code>o&amp;d;re</code>,3,0.0005768
208,onbryrd,<code>onbryrd</code>,3,0.0005768
208,sancte,<code>sancte</code>,3,0.0005768
208,scole,<code>scole</code>,3,0.0005768
208,so&eth;lice,<code>so&amp;d;lice</code>,3,0.0005768
208,sohte,<code>sohte</code>,3,0.0005768
208,stemne,<code>stemne</code>,3,0.0005768
208,stowe,<code>stowe</code>,3,0.0005768
208,sumere,<code>sumere</code>,3,0.0005768
208,sumne,<code>sumne</code>,3,0.0005768
208,sylfum,<code>sylfum</code>,3,0.0005768
208,synd,<code>synd</code>,3,0.0005768
208,synful,<code>synful</code>,3,0.0005768
208,up,<code>up</code>,3,0.0005768
208,uton,<code>uton</code>,3,0.0005768
208,wel,<code>wel</code>,3,0.0005768
208,wunigende,<code>wunigende</code>,3,0.0005768
297,&aelig;&thorn;ele,<code>&amp;ae;&amp;t;ele</code>,2,0.0003845
297,&aelig;fen,<code>&amp;ae;fen</code>,2,0.0003845
297,&aelig;fre,<code>&amp;ae;fre</code>,2,0.0003845
297,&aelig;hta,<code>&amp;ae;hta</code>,2,0.0003845
297,&aelig;rcebiscop,<code>&amp;ae;rcebiscop</code>,2,0.0003845
297,&amp;,<code>&amp;amp;</code>,2,0.0003845
297,&eth;&aelig;r,<code>&amp;d;&amp;ae;r</code>,2,0.0003845
297,&eth;&aelig;ra,<code>&amp;d;&amp;ae;ra</code>,2,0.0003845
297,&eth;in,<code>&amp;d;in</code>,2,0.0003845
297,&eth;one,<code>&amp;d;one</code>,2,0.0003845
297,&eth;ry,<code>&amp;d;ry</code>,2,0.0003845
297,&eth;ryddan,<code>&amp;d;ryddan</code>,2,0.0003845
297,&thorn;ancode,<code>&amp;t;ancode</code>,2,0.0003845
297,&thorn;earfum,<code>&amp;t;earfum</code>,2,0.0003845
297,&thorn;earle,<code>&amp;t;earle</code>,2,0.0003845
297,&thorn;enunge,<code>&amp;t;enunge</code>,2,0.0003845
297,&thorn;ing,<code>&amp;t;ing</code>,2,0.0003845
297,&thorn;ingiende,<code>&amp;t;ingiende</code>,2,0.0003845
297,&thorn;inne,<code>&amp;t;inne</code>,2,0.0003845
297,&thorn;inre,<code>&amp;t;inre</code>,2,0.0003845
297,&thorn;issere,<code>&amp;t;issere</code>,2,0.0003845
297,&thorn;riddan,<code>&amp;t;riddan</code>,2,0.0003845
297,&thorn;uhte,<code>&amp;t;uhte</code>,2,0.0003845
297,&thorn;yssere,<code>&amp;t;yssere</code>,2,0.0003845
297,&thorn;ysum,<code>&amp;t;ysum</code>,2,0.0003845
297,a,<code>a</code>,2,0.0003845
297,adilegod,<code>adilegod</code>,2,0.0003845
297,adilegode,<code>adilegode</code>,2,0.0003845
297,afylled,<code>afylled</code>,2,0.0003845
297,afyrht,<code>afyrht</code>,2,0.0003845
297,amen,<code>amen</code>,2,0.0003845
297,andgyte,<code>andgyte</code>,2,0.0003845
297,anlicnysse,<code>anlicnysse</code>,2,0.0003845
297,antiochia,<code>antiochia</code>,2,0.0003845
297,aras,<code>aras</code>,2,0.0003845
297,ardlice,<code>ardlice</code>,2,0.0003845
297,are,<code>are</code>,2,0.0003845
297,arleasan,<code>arleasan</code>,2,0.0003845
297,arn,<code>arn</code>,2,0.0003845
297,arwur&eth;e,<code>arwur&amp;d;e</code>,2,0.0003845
297,astyrede,<code>astyrede</code>,2,0.0003845
297,awearp,<code>awearp</code>,2,0.0003845
297,b&aelig;de,<code>b&amp;ae;de</code>,2,0.0003845
297,bedydrodon,<code>bedydrodon</code>,2,0.0003845
297,befran,<code>befran</code>,2,0.0003845
297,begen,<code>begen</code>,2,0.0003845
297,bendum,<code>bendum</code>,2,0.0003845
297,bet,<code>bet</code>,2,0.0003845
297,biddan,<code>biddan</code>,2,0.0003845
297,bide,<code>bide</code>,2,0.0003845
297,bletsunge,<code>bletsunge</code>,2,0.0003845
297,bly&eth;um,<code>bly&amp;d;um</code>,2,0.0003845
297,bocum,<code>bocum</code>,2,0.0003845
297,burh,<code>burh</code>,2,0.0003845
297,burhwara,<code>burhwara</code>,2,0.0003845
297,burhware,<code>burhware</code>,2,0.0003845
297,caseres,<code>caseres</code>,2,0.0003845
297,cempa,<code>cempa</code>,2,0.0003845
297,circan,<code>circan</code>,2,0.0003845
297,cl&aelig;nnysse,<code>cl&amp;ae;nnysse</code>,2,0.0003845
297,clyfan,<code>clyfan</code>,2,0.0003845
297,clypia&eth;,<code>clypia&amp;d;</code>,2,0.0003845
297,clypode,<code>clypode</code>,2,0.0003845
297,cnihte,<code>cnihte</code>,2,0.0003845
297,cristenan,<code>cristenan</code>,2,0.0003845
297,cristes,<code>cristes</code>,2,0.0003845
297,cuman,<code>cuman</code>,2,0.0003845
297,cunnode,<code>cunnode</code>,2,0.0003845
297,cw&aelig;&thorn;,<code>cw&amp;ae;&amp;t;</code>,2,0.0003845
297,cw&aelig;don,<code>cw&amp;ae;don</code>,2,0.0003845
297,cyldhade,<code>cyldhade</code>,2,0.0003845
297,cyste,<code>cyste</code>,2,0.0003845
297,daga,<code>daga</code>,2,0.0003845
297,dege,<code>dege</code>,2,0.0003845
297,dehter,<code>dehter</code>,2,0.0003845
297,deoflu,<code>deoflu</code>,2,0.0003845
297,deorwur&eth;an,<code>deorwur&amp;d;an</code>,2,0.0003845
297,diacone,<code>diacone</code>,2,0.0003845
297,dohter,<code>dohter</code>,2,0.0003845
297,drihtnes,<code>drihtnes</code>,2,0.0003845
297,dura,<code>dura</code>,2,0.0003845
297,ea&eth;elice,<code>ea&amp;d;elice</code>,2,0.0003845
297,ealdan,<code>ealdan</code>,2,0.0003845
297,ealdormenn,<code>ealdormenn</code>,2,0.0003845
297,eallum,<code>eallum</code>,2,0.0003845
297,earme,<code>earme</code>,2,0.0003845
297,earming,<code>earming</code>,2,0.0003845
297,earmlice,<code>earmlice</code>,2,0.0003845
297,ebreisca,<code>ebreisca</code>,2,0.0003845
297,effremme,<code>effremme</code>,2,0.0003845
297,ende,<code>ende</code>,2,0.0003845
297,eodon,<code>eodon</code>,2,0.0003845
297,ercebiscop,<code>ercebiscop</code>,2,0.0003845
297,f&aelig;la,<code>f&amp;ae;la</code>,2,0.0003845
297,fela,<code>fela</code>,2,0.0003845
297,feoh,<code>feoh</code>,2,0.0003845
297,feollan,<code>feollan</code>,2,0.0003845
297,folc,<code>folc</code>,2,0.0003845
297,for&eth;ferde,<code>for&amp;d;ferde</code>,2,0.0003845
297,for&thorn;an,<code>for&amp;t;an</code>,2,0.0003845
297,fotum,<code>fotum</code>,2,0.0003845
297,ful,<code>ful</code>,2,0.0003845
297,fulan,<code>fulan</code>,2,0.0003845
297,fullian,<code>fullian</code>,2,0.0003845
297,fulluht,<code>fulluht</code>,2,0.0003845
297,fulluhte,<code>fulluhte</code>,2,0.0003845
297,g&aelig;rs,<code>g&amp;ae;rs</code>,2,0.0003845
297,galnysse,<code>galnysse</code>,2,0.0003845
297,geare,<code>geare</code>,2,0.0003845
297,gebedu,<code>gebedu</code>,2,0.0003845
297,gebide,<code>gebide</code>,2,0.0003845
297,gebletsode,<code>gebletsode</code>,2,0.0003845
297,gebringan,<code>gebringan</code>,2,0.0003845
297,gebysnode,<code>gebysnode</code>,2,0.0003845
297,gedwolmanna,<code>gedwolmanna</code>,2,0.0003845
297,gedwolmannum,<code>gedwolmannum</code>,2,0.0003845
297,gedwolmen,<code>gedwolmen</code>,2,0.0003845
297,gefada,<code>gefada</code>,2,0.0003845
297,gefeccan,<code>gefeccan</code>,2,0.0003845
297,gefremode,<code>gefremode</code>,2,0.0003845
297,gefullod,<code>gefullod</code>,2,0.0003845
297,gefyrn,<code>gefyrn</code>,2,0.0003845
297,gehalgod,<code>gehalgod</code>,2,0.0003845
297,gehealden,<code>gehealden</code>,2,0.0003845
297,gehyran,<code>gehyran</code>,2,0.0003845
297,gelome,<code>gelome</code>,2,0.0003845
297,geoffrian,<code>geoffrian</code>,2,0.0003845
297,gesawon,<code>gesawon</code>,2,0.0003845
297,gesih&eth;e,<code>gesih&amp;d;e</code>,2,0.0003845
297,geswutelod,<code>geswutelod</code>,2,0.0003845
297,gety&eth;ode,<code>gety&amp;d;ode</code>,2,0.0003845
297,gewat,<code>gewat</code>,2,0.0003845
297,gewryte,<code>gewryte</code>,2,0.0003845
297,gewytan,<code>gewytan</code>,2,0.0003845
297,git,<code>git</code>,2,0.0003845
297,grecas,<code>grecas</code>,2,0.0003845
297,gregorius,<code>gregorius</code>,2,0.0003845
297,h&aelig;&eth;en,<code>h&amp;ae;&amp;d;en</code>,2,0.0003845
297,ham,<code>ham</code>,2,0.0003845
297,hande,<code>hande</code>,2,0.0003845
297,healicum,<code>healicum</code>,2,0.0003845
297,her,<code>her</code>,2,0.0003845
297,herigende,<code>herigende</code>,2,0.0003845
297,herunga,<code>herunga</code>,2,0.0003845
297,hierusalem,<code>hierusalem</code>,2,0.0003845
297,hospe,<code>hospe</code>,2,0.0003845
297,huse,<code>huse</code>,2,0.0003845
297,husles,<code>husles</code>,2,0.0003845
297,hw&aelig;r,<code>hw&amp;ae;r</code>,2,0.0003845
297,hwi,<code>hwi</code>,2,0.0003845
297,hym,<code>hym</code>,2,0.0003845
297,in,<code>in</code>,2,0.0003845
297,iudeisc,<code>iudeisc</code>,2,0.0003845
297,iudeiscan,<code>iudeiscan</code>,2,0.0003845
297,kyrrieleyson,<code>kyrrieleyson</code>,2,0.0003845
297,l&aelig;g,<code>l&amp;ae;g</code>,2,0.0003845
297,la,<code>la</code>,2,0.0003845
297,lange,<code>lange</code>,2,0.0003845
297,lar,<code>lar</code>,2,0.0003845
297,lareowe,<code>lareowe</code>,2,0.0003845
297,leof,<code>leof</code>,2,0.0003845
297,lic,<code>lic</code>,2,0.0003845
297,life,<code>life</code>,2,0.0003845
297,liflican,<code>liflican</code>,2,0.0003845
297,lufode,<code>lufode</code>,2,0.0003845
297,lust,<code>lust</code>,2,0.0003845
297,lybban,<code>lybban</code>,2,0.0003845
297,m&aelig;dene,<code>m&amp;ae;dene</code>,2,0.0003845
297,m&aelig;ge,<code>m&amp;ae;ge</code>,2,0.0003845
297,manega,<code>manega</code>,2,0.0003845
297,manfullan,<code>manfullan</code>,2,0.0003845
297,marian,<code>marian</code>,2,0.0003845
297,martyr,<code>martyr</code>,2,0.0003845
297,menn,<code>menn</code>,2,0.0003845
297,mercurius,<code>mercurius</code>,2,0.0003845
297,messode,<code>messode</code>,2,0.0003845
297,mete,<code>mete</code>,2,0.0003845
297,mihtest,<code>mihtest</code>,2,0.0003845
297,mildheortlice,<code>mildheortlice</code>,2,0.0003845
297,minum,<code>minum</code>,2,0.0003845
297,mod,<code>mod</code>,2,0.0003845
297,mynegunge,<code>mynegunge</code>,2,0.0003845
297,naman,<code>naman</code>,2,0.0003845
297,nese,<code>nese</code>,2,0.0003845
297,noldest,<code>noldest</code>,2,0.0003845
297,onriht,<code>onriht</code>,2,0.0003845
297,ons&aelig;gednysse,<code>ons&amp;ae;gednysse</code>,2,0.0003845
297,ontendnysse,<code>ontendnysse</code>,2,0.0003845
297,onwrigennysse,<code>onwrigennysse</code>,2,0.0003845
297,preostas,<code>preostas</code>,2,0.0003845
297,r&aelig;de,<code>r&amp;ae;de</code>,2,0.0003845
297,re&eth;an,<code>re&amp;d;an</code>,2,0.0003845
297,s&aelig;cge,<code>s&amp;ae;cge</code>,2,0.0003845
297,s&aelig;don,<code>s&amp;ae;don</code>,2,0.0003845
297,sawle,<code>sawle</code>,2,0.0003845
297,scyppende,<code>scyppende</code>,2,0.0003845
297,scyre,<code>scyre</code>,2,0.0003845
297,senode,<code>senode</code>,2,0.0003845
297,si&eth;&thorn;an,<code>si&amp;d;&amp;t;an</code>,2,0.0003845
297,smea&thorn;ancollice,<code>smea&amp;t;ancollice</code>,2,0.0003845
297,smeadon,<code>smeadon</code>,2,0.0003845
297,so&eth;,<code>so&amp;d;</code>,2,0.0003845
297,so&eth;f&aelig;stan,<code>so&amp;d;f&amp;ae;stan</code>,2,0.0003845
297,so&eth;re,<code>so&amp;d;re</code>,2,0.0003845
297,spr&aelig;ce,<code>spr&amp;ae;ce</code>,2,0.0003845
297,stodan,<code>stodan</code>,2,0.0003845
297,swer,<code>swer</code>,2,0.0003845
297,swi&eth;ost,<code>swi&amp;d;ost</code>,2,0.0003845
297,swi&thorn;e,<code>swi&amp;t;e</code>,2,0.0003845
297,tihtinge,<code>tihtinge</code>,2,0.0003845
297,tobr&aelig;c,<code>tobr&amp;ae;c</code>,2,0.0003845
297,towurpe,<code>towurpe</code>,2,0.0003845
297,underf&aelig;ng,<code>underf&amp;ae;ng</code>,2,0.0003845
297,upp,<code>upp</code>,2,0.0003845
297,valens,<code>valens</code>,2,0.0003845
297,w&aelig;lreowa,<code>w&amp;ae;lreowa</code>,2,0.0003845
297,w&aelig;pnu,<code>w&amp;ae;pnu</code>,2,0.0003845
297,wacode,<code>wacode</code>,2,0.0003845
297,wat,<code>wat</code>,2,0.0003845
297,wearp,<code>wearp</code>,2,0.0003845
297,wene,<code>wene</code>,2,0.0003845
297,weofode,<code>weofode</code>,2,0.0003845
297,westen,<code>westen</code>,2,0.0003845
297,wi&eth;soc,<code>wi&amp;d;soc</code>,2,0.0003845
297,widgyllan,<code>widgyllan</code>,2,0.0003845
297,wiste,<code>wiste</code>,2,0.0003845
297,worulde,<code>worulde</code>,2,0.0003845
297,wuldrode,<code>wuldrode</code>,2,0.0003845
297,wundorlice,<code>wundorlice</code>,2,0.0003845
297,wundra,<code>wundra</code>,2,0.0003845
297,wundriende,<code>wundriende</code>,2,0.0003845
297,wur&eth;mynte,<code>wur&amp;d;mynte</code>,2,0.0003845
297,wur&eth;scype,<code>wur&amp;d;scype</code>,2,0.0003845
297,wurdon,<code>wurdon</code>,2,0.0003845
297,wyle,<code>wyle</code>,2,0.0003845
297,wyllan,<code>wyllan</code>,2,0.0003845
297,wylt,<code>wylt</code>,2,0.0003845
297,wysdome,<code>wysdome</code>,2,0.0003845
297,wyste,<code>wyste</code>,2,0.0003845
297,wytan,<code>wytan</code>,2,0.0003845
537,&aelig;&eth;ela,<code>&amp;ae;&amp;d;ela</code>,1,0.0001923
537,&aelig;&eth;elan,<code>&amp;ae;&amp;d;elan</code>,1,0.0001923
537,&aelig;&eth;elborennysse,<code>&amp;ae;&amp;d;elborennysse</code>,1,0.0001923
537,&aelig;drena,<code>&amp;ae;drena</code>,1,0.0001923
537,&aelig;ffrem,<code>&amp;ae;ffrem</code>,1,0.0001923
537,&aelig;ft,<code>&amp;ae;ft</code>,1,0.0001923
537,&aelig;fteweardan,<code>&amp;ae;fteweardan</code>,1,0.0001923
537,&aelig;htam,<code>&amp;ae;htam</code>,1,0.0001923
537,&aelig;lcum,<code>&amp;ae;lcum</code>,1,0.0001923
537,&aelig;lmihtig,<code>&amp;ae;lmihtig</code>,1,0.0001923
537,&aelig;lmihtiga,<code>&amp;ae;lmihtiga</code>,1,0.0001923
537,&aelig;lmihtigne,<code>&amp;ae;lmihtigne</code>,1,0.0001923
537,&aelig;mod,<code>&amp;ae;mod</code>,1,0.0001923
537,&aelig;nlican,<code>&amp;ae;nlican</code>,1,0.0001923
537,&aelig;nne,<code>&amp;ae;nne</code>,1,0.0001923
537,&aelig;rendgewrit,<code>&amp;ae;rendgewrit</code>,1,0.0001923
537,&aelig;rnem&aelig;rgen,<code>&amp;ae;rnem&amp;ae;rgen</code>,1,0.0001923
537,&aelig;rnem&aelig;rien,<code>&amp;ae;rnem&amp;ae;rien</code>,1,0.0001923
537,&aelig;t&aelig;wode,<code>&amp;ae;t&amp;ae;wode</code>,1,0.0001923
537,&aelig;tbrytst,<code>&amp;ae;tbrytst</code>,1,0.0001923
537,&aelig;teowde,<code>&amp;ae;teowde</code>,1,0.0001923
537,&aelig;teowed,<code>&amp;ae;teowed</code>,1,0.0001923
537,&aelig;tes,<code>&amp;ae;tes</code>,1,0.0001923
537,&aelig;tewod,<code>&amp;ae;tewod</code>,1,0.0001923
537,&aelig;wf&aelig;stnysse,<code>&amp;ae;wf&amp;ae;stnysse</code>,1,0.0001923
537,&eth;&aelig;m,<code>&amp;d;&amp;ae;m</code>,1,0.0001923
537,&eth;&aelig;t,<code>&amp;d;&amp;ae;t</code>,1,0.0001923
537,&eth;ancode,<code>&amp;d;ancode</code>,1,0.0001923
537,&eth;as,<code>&amp;d;as</code>,1,0.0001923
537,&eth;i,<code>&amp;d;i</code>,1,0.0001923
537,&eth;ine,<code>&amp;d;ine</code>,1,0.0001923
537,&eth;ingian,<code>&amp;d;ingian</code>,1,0.0001923
537,&eth;inne,<code>&amp;d;inne</code>,1,0.0001923
537,&eth;rowade,<code>&amp;d;rowade</code>,1,0.0001923
537,&eth;uruh,<code>&amp;d;uruh</code>,1,0.0001923
537,&eth;us,<code>&amp;d;us</code>,1,0.0001923
537,&thorn;&aelig;ne,<code>&amp;t;&amp;ae;ne</code>,1,0.0001923
537,&thorn;anc,<code>&amp;t;anc</code>,1,0.0001923
537,&thorn;egn,<code>&amp;t;egn</code>,1,0.0001923
537,&thorn;egna,<code>&amp;t;egna</code>,1,0.0001923
537,&thorn;enunga,<code>&amp;t;enunga</code>,1,0.0001923
537,&thorn;eos,<code>&amp;t;eos</code>,1,0.0001923
537,&thorn;eowas,<code>&amp;t;eowas</code>,1,0.0001923
537,&thorn;eowdome,<code>&amp;t;eowdome</code>,1,0.0001923
537,&thorn;eowum,<code>&amp;t;eowum</code>,1,0.0001923
537,&thorn;i,<code>&amp;t;i</code>,1,0.0001923
537,&thorn;inges,<code>&amp;t;inges</code>,1,0.0001923
537,&thorn;ingr&aelig;dene,<code>&amp;t;ingr&amp;ae;dene</code>,1,0.0001923
537,&thorn;inum,<code>&amp;t;inum</code>,1,0.0001923
537,&thorn;isne,<code>&amp;t;isne</code>,1,0.0001923
537,&thorn;isum,<code>&amp;t;isum</code>,1,0.0001923
537,&thorn;iwracan,<code>&amp;t;iwracan</code>,1,0.0001923
537,&thorn;reora,<code>&amp;t;reora</code>,1,0.0001923
537,&thorn;riwa,<code>&amp;t;riwa</code>,1,0.0001923
537,&thorn;ry,<code>&amp;t;ry</code>,1,0.0001923
537,&thorn;ryddan,<code>&amp;t;ryddan</code>,1,0.0001923
537,&thorn;urh&thorn;ydde,<code>&amp;t;urh&amp;t;ydde</code>,1,0.0001923
537,a&eth;e,<code>a&amp;d;e</code>,1,0.0001923
537,a&thorn;enod,<code>a&amp;t;enod</code>,1,0.0001923
537,ab&aelig;don,<code>ab&amp;ae;don</code>,1,0.0001923
537,abbod,<code>abbod</code>,1,0.0001923
537,abbode,<code>abbode</code>,1,0.0001923
537,abbude,<code>abbude</code>,1,0.0001923
537,ablicged,<code>ablicged</code>,1,0.0001923
537,acwelle,<code>acwelle</code>,1,0.0001923
537,adilegian,<code>adilegian</code>,1,0.0001923
537,adilige,<code>adilige</code>,1,0.0001923
537,adune,<code>adune</code>,1,0.0001923
537,adylega,<code>adylega</code>,1,0.0001923
537,adylegian,<code>adylegian</code>,1,0.0001923
537,adylegie,<code>adylegie</code>,1,0.0001923
537,adylogode,<code>adylogode</code>,1,0.0001923
537,af&aelig;stnode,<code>af&amp;ae;stnode</code>,1,0.0001923
537,afedde,<code>afedde</code>,1,0.0001923
537,afliged,<code>afliged</code>,1,0.0001923
537,afyrhte,<code>afyrhte</code>,1,0.0001923
537,ageaf,<code>ageaf</code>,1,0.0001923
537,agenra,<code>agenra</code>,1,0.0001923
537,agif,<code>agif</code>,1,0.0001923
537,agife,<code>agife</code>,1,0.0001923
537,ahafen,<code>ahafen</code>,1,0.0001923
537,ahafenum,<code>ahafenum</code>,1,0.0001923
537,ahr&aelig;dde,<code>ahr&amp;ae;dde</code>,1,0.0001923
537,aldorman,<code>aldorman</code>,1,0.0001923
537,alecgan,<code>alecgan</code>,1,0.0001923
537,alede,<code>alede</code>,1,0.0001923
537,altare,<code>altare</code>,1,0.0001923
537,ameldian,<code>ameldian</code>,1,0.0001923
537,ana,<code>ana</code>,1,0.0001923
537,anastasius,<code>anastasius</code>,1,0.0001923
537,andgite,<code>andgite</code>,1,0.0001923
537,andgyt,<code>andgyt</code>,1,0.0001923
537,andgytes,<code>andgytes</code>,1,0.0001923
537,anginne,<code>anginne</code>,1,0.0001923
537,angsumnysse,<code>angsumnysse</code>,1,0.0001923
537,anmodlice,<code>anmodlice</code>,1,0.0001923
537,anne,<code>anne</code>,1,0.0001923
537,apostolas,<code>apostolas</code>,1,0.0001923
537,apostolum,<code>apostolum</code>,1,0.0001923
537,ar&aelig;rde,<code>ar&amp;ae;rde</code>,1,0.0001923
537,arf&aelig;sta,<code>arf&amp;ae;sta</code>,1,0.0001923
537,arleasa,<code>arleasa</code>,1,0.0001923
537,arlease,<code>arlease</code>,1,0.0001923
537,arwur&eth;a,<code>arwur&amp;d;a</code>,1,0.0001923
537,arwur&eth;lice,<code>arwur&amp;d;lice</code>,1,0.0001923
537,arwur&eth;nysse,<code>arwur&amp;d;nysse</code>,1,0.0001923
537,arwur&thorn;a,<code>arwur&amp;t;a</code>,1,0.0001923
537,arwur&thorn;e,<code>arwur&amp;t;e</code>,1,0.0001923
537,asend,<code>asend</code>,1,0.0001923
537,asmeade,<code>asmeade</code>,1,0.0001923
537,aspendan,<code>aspendan</code>,1,0.0001923
537,astah,<code>astah</code>,1,0.0001923
537,astigan,<code>astigan</code>,1,0.0001923
537,astr&aelig;hte,<code>astr&amp;ae;hte</code>,1,0.0001923
537,aterod,<code>aterod</code>,1,0.0001923
537,atheniscre,<code>atheniscre</code>,1,0.0001923
537,awend,<code>awend</code>,1,0.0001923
537,aweste,<code>aweste</code>,1,0.0001923
537,awoc,<code>awoc</code>,1,0.0001923
537,awrehte,<code>awrehte</code>,1,0.0001923
537,awrygennysse,<code>awrygennysse</code>,1,0.0001923
537,awrytene,<code>awrytene</code>,1,0.0001923
537,awyrgedan,<code>awyrgedan</code>,1,0.0001923
537,axude,<code>axude</code>,1,0.0001923
537,b&aelig;r,<code>b&amp;ae;r</code>,1,0.0001923
537,b&aelig;re,<code>b&amp;ae;re</code>,1,0.0001923
537,bam,<code>bam</code>,1,0.0001923
537,basiliuus,<code>basiliuus</code>,1,0.0001923
537,basilivs,<code>basilivs</code>,1,0.0001923
537,bealdlice,<code>bealdlice</code>,1,0.0001923
537,bebyrged,<code>bebyrged</code>,1,0.0001923
537,bebyrgenne,<code>bebyrgenne</code>,1,0.0001923
537,bebyrigunge,<code>bebyrigunge</code>,1,0.0001923
537,bef&aelig;stan,<code>bef&amp;ae;stan</code>,1,0.0001923
537,befeng,<code>befeng</code>,1,0.0001923
537,befo,<code>befo</code>,1,0.0001923
537,begleddod,<code>begleddod</code>,1,0.0001923
537,behat,<code>behat</code>,1,0.0001923
537,beheolden,<code>beheolden</code>,1,0.0001923
537,behofia&eth;,<code>behofia&amp;d;</code>,1,0.0001923
537,behofige,<code>behofige</code>,1,0.0001923
537,behydan,<code>behydan</code>,1,0.0001923
537,beladung,<code>beladung</code>,1,0.0001923
537,belocen,<code>belocen</code>,1,0.0001923
537,belucan,<code>belucan</code>,1,0.0001923
537,benam,<code>benam</code>,1,0.0001923
537,benedictus,<code>benedictus</code>,1,0.0001923
537,beorhtnysse,<code>beorhtnysse</code>,1,0.0001923
537,bere,<code>bere</code>,1,0.0001923
537,berene,<code>berene</code>,1,0.0001923
537,berenne,<code>berenne</code>,1,0.0001923
537,berypte,<code>berypte</code>,1,0.0001923
537,beseah,<code>beseah</code>,1,0.0001923
537,beseoh,<code>beseoh</code>,1,0.0001923
537,beswican,<code>beswican</code>,1,0.0001923
537,bet&aelig;can,<code>bet&amp;ae;can</code>,1,0.0001923
537,betweonan,<code>betweonan</code>,1,0.0001923
537,betwux,<code>betwux</code>,1,0.0001923
537,bew&aelig;fde,<code>bew&amp;ae;fde</code>,1,0.0001923
537,beweddian,<code>beweddian</code>,1,0.0001923
537,beworhte,<code>beworhte</code>,1,0.0001923
537,bewyste,<code>bewyste</code>,1,0.0001923
537,bi&thorn;,<code>bi&amp;t;</code>,1,0.0001923
537,bigengum,<code>bigengum</code>,1,0.0001923
537,bigleofan,<code>bigleofan</code>,1,0.0001923
537,bisceopas,<code>bisceopas</code>,1,0.0001923
537,bisceopdom,<code>bisceopdom</code>,1,0.0001923
537,bisceopes,<code>bisceopes</code>,1,0.0001923
537,bletsode,<code>bletsode</code>,1,0.0001923
537,bli&eth;e,<code>bli&amp;d;e</code>,1,0.0001923
537,bli&eth;elice,<code>bli&amp;d;elice</code>,1,0.0001923
537,bli&eth;lice,<code>bli&amp;d;lice</code>,1,0.0001923
537,bli&thorn;elice,<code>bli&amp;t;elice</code>,1,0.0001923
537,blod,<code>blod</code>,1,0.0001923
537,blode,<code>blode</code>,1,0.0001923
537,bota,<code>bota</code>,1,0.0001923
537,br&aelig;c,<code>br&amp;ae;c</code>,1,0.0001923
537,bremost,<code>bremost</code>,1,0.0001923
537,breost,<code>breost</code>,1,0.0001923
537,bringan,<code>bringan</code>,1,0.0001923
537,bruca&eth;,<code>bruca&amp;d;</code>,1,0.0001923
537,brucan,<code>brucan</code>,1,0.0001923
537,budon,<code>budon</code>,1,0.0001923
537,bufan,<code>bufan</code>,1,0.0001923
537,bugian,<code>bugian</code>,1,0.0001923
537,burhwarum,<code>burhwarum</code>,1,0.0001923
537,burston,<code>burston</code>,1,0.0001923
537,buruh,<code>buruh</code>,1,0.0001923
537,bylewitta,<code>bylewitta</code>,1,0.0001923
537,bysmorlice,<code>bysmorlice</code>,1,0.0001923
537,byst,<code>byst</code>,1,0.0001923
537,bytst,<code>bytst</code>,1,0.0001923
537,c&aelig;ge,<code>c&amp;ae;ge</code>,1,0.0001923
537,calice,<code>calice</code>,1,0.0001923
537,carte,<code>carte</code>,1,0.0001923
537,casera,<code>casera</code>,1,0.0001923
537,ceastergewarum,<code>ceastergewarum</code>,1,0.0001923
537,ceastra,<code>ceastra</code>,1,0.0001923
537,ceastre,<code>ceastre</code>,1,0.0001923
537,ceorles,<code>ceorles</code>,1,0.0001923
537,cessariam,<code>cessariam</code>,1,0.0001923
537,christe,<code>christe</code>,1,0.0001923
537,circean,<code>circean</code>,1,0.0001923
537,cl&aelig;nan,<code>cl&amp;ae;nan</code>,1,0.0001923
537,clypiende,<code>clypiende</code>,1,0.0001923
537,clypienne,<code>clypienne</code>,1,0.0001923
537,clypodon,<code>clypodon</code>,1,0.0001923
537,cn&aelig;plingc,<code>cn&amp;ae;plingc</code>,1,0.0001923
537,cnapa,<code>cnapa</code>,1,0.0001923
537,cnapena,<code>cnapena</code>,1,0.0001923
537,cneor&eth;l&aelig;cendum,<code>cneor&amp;d;l&amp;ae;cendum</code>,1,0.0001923
537,cneowdon,<code>cneowdon</code>,1,0.0001923
537,cneowum,<code>cneowum</code>,1,0.0001923
537,cnihtes,<code>cnihtes</code>,1,0.0001923
537,cr&aelig;ft,<code>cr&amp;ae;ft</code>,1,0.0001923
537,cr&aelig;ftum,<code>cr&amp;ae;ftum</code>,1,0.0001923
537,cristen,<code>cristen</code>,1,0.0001923
537,cristendome,<code>cristendome</code>,1,0.0001923
537,cristenum,<code>cristenum</code>,1,0.0001923
537,cu&eth;,<code>cu&amp;d;</code>,1,0.0001923
537,cu&eth;an,<code>cu&amp;d;an</code>,1,0.0001923
537,cu&eth;lice,<code>cu&amp;d;lice</code>,1,0.0001923
537,cu&thorn;e,<code>cu&amp;t;e</code>,1,0.0001923
537,cu&thorn;on,<code>cu&amp;t;on</code>,1,0.0001923
537,cucena,<code>cucena</code>,1,0.0001923
537,culfra,<code>culfra</code>,1,0.0001923
537,culfran,<code>culfran</code>,1,0.0001923
537,culfre,<code>culfre</code>,1,0.0001923
537,cuma&eth;,<code>cuma&amp;d;</code>,1,0.0001923
537,cunne,<code>cunne</code>,1,0.0001923
537,cwe&eth;a&eth;,<code>cwe&amp;d;a&amp;d;</code>,1,0.0001923
537,cwe&eth;ende,<code>cwe&amp;d;ende</code>,1,0.0001923
537,cwen,<code>cwen</code>,1,0.0001923
537,cwene,<code>cwene</code>,1,0.0001923
537,cy&eth;,<code>cy&amp;d;</code>,1,0.0001923
537,cy&eth;an,<code>cy&amp;d;an</code>,1,0.0001923
537,cy&thorn;,<code>cy&amp;t;</code>,1,0.0001923
537,cynedomes,<code>cynedomes</code>,1,0.0001923
537,cyrce,<code>cyrce</code>,1,0.0001923
537,cyrcweard,<code>cyrcweard</code>,1,0.0001923
537,cyrra&eth;,<code>cyrra&amp;d;</code>,1,0.0001923
537,d&aelig;d,<code>d&amp;ae;d</code>,1,0.0001923
537,d&aelig;da,<code>d&amp;ae;da</code>,1,0.0001923
537,d&aelig;dbeta,<code>d&amp;ae;dbeta</code>,1,0.0001923
537,d&aelig;dbote,<code>d&amp;ae;dbote</code>,1,0.0001923
537,d&aelig;dlicam,<code>d&amp;ae;dlicam</code>,1,0.0001923
537,d&aelig;las,<code>d&amp;ae;las</code>,1,0.0001923
537,d&aelig;ldon,<code>d&amp;ae;ldon</code>,1,0.0001923
537,d&aelig;les,<code>d&amp;ae;les</code>,1,0.0001923
537,dea&eth;,<code>dea&amp;d;</code>,1,0.0001923
537,deofla,<code>deofla</code>,1,0.0001923
537,deopnysse,<code>deopnysse</code>,1,0.0001923
537,destu,<code>destu</code>,1,0.0001923
537,dide,<code>dide</code>,1,0.0001923
537,digelre,<code>digelre</code>,1,0.0001923
537,digollice,<code>digollice</code>,1,0.0001923
537,dohtor,<code>dohtor</code>,1,0.0001923
537,dom,<code>dom</code>,1,0.0001923
537,domes,<code>domes</code>,1,0.0001923
537,dorste,<code>dorste</code>,1,0.0001923
537,drehton,<code>drehton</code>,1,0.0001923
537,drihtne,<code>drihtne</code>,1,0.0001923
537,drohtnigende,<code>drohtnigende</code>,1,0.0001923
537,drohtnunga,<code>drohtnunga</code>,1,0.0001923
537,drohtnungum,<code>drohtnungum</code>,1,0.0001923
537,dryhtne,<code>dryhtne</code>,1,0.0001923
537,dryhtnes,<code>dryhtnes</code>,1,0.0001923
537,dryman,<code>dryman</code>,1,0.0001923
537,drymen,<code>drymen</code>,1,0.0001923
537,dune,<code>dune</code>,1,0.0001923
537,dweligendan,<code>dweligendan</code>,1,0.0001923
537,dwelodan,<code>dwelodan</code>,1,0.0001923
537,dwelodon,<code>dwelodon</code>,1,0.0001923
537,dwolmen,<code>dwolmen</code>,1,0.0001923
537,dydon,<code>dydon</code>,1,0.0001923
537,dyrstignysse,<code>dyrstignysse</code>,1,0.0001923
537,ealddagum,<code>ealddagum</code>,1,0.0001923
537,ealdormen,<code>ealdormen</code>,1,0.0001923
537,eale,<code>eale</code>,1,0.0001923
537,eall,<code>eall</code>,1,0.0001923
537,ealla,<code>ealla</code>,1,0.0001923
537,ealles,<code>ealles</code>,1,0.0001923
537,eallne,<code>eallne</code>,1,0.0001923
537,eallswylc,<code>eallswylc</code>,1,0.0001923
537,ealne,<code>ealne</code>,1,0.0001923
537,ealre,<code>ealre</code>,1,0.0001923
537,earhlice,<code>earhlice</code>,1,0.0001923
537,earmum,<code>earmum</code>,1,0.0001923
537,eart,<code>eart</code>,1,0.0001923
537,easternan,<code>easternan</code>,1,0.0001923
537,ecan,<code>ecan</code>,1,0.0001923
537,ece,<code>ece</code>,1,0.0001923
537,ecnysse,<code>ecnysse</code>,1,0.0001923
537,egeslice,<code>egeslice</code>,1,0.0001923
537,egeslicum,<code>egeslicum</code>,1,0.0001923
537,egslican,<code>egslican</code>,1,0.0001923
537,egypta,<code>egypta</code>,1,0.0001923
537,elcunge,<code>elcunge</code>,1,0.0001923
537,ele,<code>ele</code>,1,0.0001923
537,elles,<code>elles</code>,1,0.0001923
537,endebyrdnyss,<code>endebyrdnyss</code>,1,0.0001923
537,endebyrdnysse,<code>endebyrdnysse</code>,1,0.0001923
537,engla,<code>engla</code>,1,0.0001923
537,eor&eth;an,<code>eor&amp;d;an</code>,1,0.0001923
537,eor&thorn;an,<code>eor&amp;t;an</code>,1,0.0001923
537,eowre,<code>eowre</code>,1,0.0001923
537,eowrum,<code>eowrum</code>,1,0.0001923
537,estfulnesse,<code>estfulnesse</code>,1,0.0001923
537,eubolum,<code>eubolum</code>,1,0.0001923
537,eufraten,<code>eufraten</code>,1,0.0001923
537,eusebius,<code>eusebius</code>,1,0.0001923
537,f&aelig;gnode,<code>f&amp;ae;gnode</code>,1,0.0001923
537,f&aelig;gre,<code>f&amp;ae;gre</code>,1,0.0001923
537,f&aelig;gres,<code>f&amp;ae;gres</code>,1,0.0001923
537,f&aelig;ngon,<code>f&amp;ae;ngon</code>,1,0.0001923
537,f&aelig;r,<code>f&amp;ae;r</code>,1,0.0001923
537,f&aelig;rde,<code>f&amp;ae;rde</code>,1,0.0001923
537,f&aelig;re,<code>f&amp;ae;re</code>,1,0.0001923
537,f&aelig;ste,<code>f&amp;ae;ste</code>,1,0.0001923
537,f&aelig;sten,<code>f&amp;ae;sten</code>,1,0.0001923
537,fandode,<code>fandode</code>,1,0.0001923
537,fantba&eth;e,<code>fantba&amp;d;e</code>,1,0.0001923
537,fante,<code>fante</code>,1,0.0001923
537,far,<code>far</code>,1,0.0001923
537,fare,<code>fare</code>,1,0.0001923
537,feawa,<code>feawa</code>,1,0.0001923
537,fec,<code>fec</code>,1,0.0001923
537,fengon,<code>fengon</code>,1,0.0001923
537,feol,<code>feol</code>,1,0.0001923
537,feorran,<code>feorran</code>,1,0.0001923
537,feos,<code>feos</code>,1,0.0001923
537,feowerteo&eth;ogan,<code>feowerteo&amp;d;ogan</code>,1,0.0001923
537,feowertig,<code>feowertig</code>,1,0.0001923
537,ferdon,<code>ferdon</code>,1,0.0001923
537,fif,<code>fif</code>,1,0.0001923
537,fiftyne,<code>fiftyne</code>,1,0.0001923
537,fintst,<code>fintst</code>,1,0.0001923
537,fl&aelig;sces,<code>fl&amp;ae;sces</code>,1,0.0001923
537,fleah,<code>fleah</code>,1,0.0001923
537,flitende,<code>flitende</code>,1,0.0001923
537,flowendan,<code>flowendan</code>,1,0.0001923
537,flowendum,<code>flowendum</code>,1,0.0001923
537,folgode,<code>folgode</code>,1,0.0001923
537,for&eth;,<code>for&amp;d;</code>,1,0.0001923
537,for&eth;an,<code>for&amp;d;an</code>,1,0.0001923
537,for&eth;faran,<code>for&amp;d;faran</code>,1,0.0001923
537,for&eth;i,<code>for&amp;d;i</code>,1,0.0001923
537,for&eth;rihte,<code>for&amp;d;rihte</code>,1,0.0001923
537,for&thorn;earle,<code>for&amp;t;earle</code>,1,0.0001923
537,fordemed,<code>fordemed</code>,1,0.0001923
537,fordyde,<code>fordyde</code>,1,0.0001923
537,forem&aelig;re,<code>forem&amp;ae;re</code>,1,0.0001923
537,fores&aelig;da,<code>fores&amp;ae;da</code>,1,0.0001923
537,fores&aelig;de,<code>fores&amp;ae;de</code>,1,0.0001923
537,fores&aelig;don,<code>fores&amp;ae;don</code>,1,0.0001923
537,forewittig,<code>forewittig</code>,1,0.0001923
537,forge&aelig;f,<code>forge&amp;ae;f</code>,1,0.0001923
537,forgeafe,<code>forgeafe</code>,1,0.0001923
537,forgeald,<code>forgeald</code>,1,0.0001923
537,forgif,<code>forgif</code>,1,0.0001923
537,fornean,<code>fornean</code>,1,0.0001923
537,fornumene,<code>fornumene</code>,1,0.0001923
537,foroft,<code>foroft</code>,1,0.0001923
537,forra&eth;e,<code>forra&amp;d;e</code>,1,0.0001923
537,forsuwode,<code>forsuwode</code>,1,0.0001923
537,franca,<code>franca</code>,1,0.0001923
537,fremiende,<code>fremiende</code>,1,0.0001923
537,freolsdagum,<code>freolsdagum</code>,1,0.0001923
537,freonda,<code>freonda</code>,1,0.0001923
537,frofre,<code>frofre</code>,1,0.0001923
537,frymdig,<code>frymdig</code>,1,0.0001923
537,frynd,<code>frynd</code>,1,0.0001923
537,fula,<code>fula</code>,1,0.0001923
537,fulgeare,<code>fulgeare</code>,1,0.0001923
537,fullige,<code>fullige</code>,1,0.0001923
537,fulre,<code>fulre</code>,1,0.0001923
537,fundode,<code>fundode</code>,1,0.0001923
537,fus,<code>fus</code>,1,0.0001923
537,fyligdest,<code>fyligdest</code>,1,0.0001923
537,fyr,<code>fyr</code>,1,0.0001923
537,fyrde,<code>fyrde</code>,1,0.0001923
537,fyrdinge,<code>fyrdinge</code>,1,0.0001923
537,fyre,<code>fyre</code>,1,0.0001923
537,fyren,<code>fyren</code>,1,0.0001923
537,fyrena,<code>fyrena</code>,1,0.0001923
537,fyres,<code>fyres</code>,1,0.0001923
537,fyrhte,<code>fyrhte</code>,1,0.0001923
537,g&aelig;r,<code>g&amp;ae;r</code>,1,0.0001923
537,gafol,<code>gafol</code>,1,0.0001923
537,gang,<code>gang</code>,1,0.0001923
537,gange,<code>gange</code>,1,0.0001923
537,gastas,<code>gastas</code>,1,0.0001923
537,gastlicra,<code>gastlicra</code>,1,0.0001923
537,gastlicre,<code>gastlicre</code>,1,0.0001923
537,gastlicum,<code>gastlicum</code>,1,0.0001923
537,ge&eth;ungenra,<code>ge&amp;d;ungenra</code>,1,0.0001923
537,ge&thorn;anc,<code>ge&amp;t;anc</code>,1,0.0001923
537,ge&thorn;ingian,<code>ge&amp;t;ingian</code>,1,0.0001923
537,ge&thorn;uht,<code>ge&amp;t;uht</code>,1,0.0001923
537,ge&thorn;ungenre,<code>ge&amp;t;ungenre</code>,1,0.0001923
537,ge&thorn;ungenum,<code>ge&amp;t;ungenum</code>,1,0.0001923
537,geahnod,<code>geahnod</code>,1,0.0001923
537,geangsumod,<code>geangsumod</code>,1,0.0001923
537,gearcia&eth;,<code>gearcia&amp;d;</code>,1,0.0001923
537,geares,<code>geares</code>,1,0.0001923
537,gebealh,<code>gebealh</code>,1,0.0001923
537,gebede,<code>gebede</code>,1,0.0001923
537,gebena,<code>gebena</code>,1,0.0001923
537,gebeote,<code>gebeote</code>,1,0.0001923
537,gebindan,<code>gebindan</code>,1,0.0001923
537,geblyssod,<code>geblyssod</code>,1,0.0001923
537,geboren,<code>geboren</code>,1,0.0001923
537,gebringe,<code>gebringe</code>,1,0.0001923
537,gebro&eth;ra,<code>gebro&amp;d;ra</code>,1,0.0001923
537,gebro&eth;rum,<code>gebro&amp;d;rum</code>,1,0.0001923
537,gebroht,<code>gebroht</code>,1,0.0001923
537,gebrohten,<code>gebrohten</code>,1,0.0001923
537,gebugan,<code>gebugan</code>,1,0.0001923
537,gebuge,<code>gebuge</code>,1,0.0001923
537,gebygdum,<code>gebygdum</code>,1,0.0001923
537,gebyld,<code>gebyld</code>,1,0.0001923
537,gebylde,<code>gebylde</code>,1,0.0001923
537,gebysmriende,<code>gebysmriende</code>,1,0.0001923
537,geciged,<code>geciged</code>,1,0.0001923
537,gecneow,<code>gecneow</code>,1,0.0001923
537,gecneowode,<code>gecneowode</code>,1,0.0001923
537,gecynd,<code>gecynd</code>,1,0.0001923
537,gecyrre,<code>gecyrre</code>,1,0.0001923
537,gecyrrednysse,<code>gecyrrednysse</code>,1,0.0001923
537,gecyrst,<code>gecyrst</code>,1,0.0001923
537,gedihte,<code>gedihte</code>,1,0.0001923
537,gedwola,<code>gedwola</code>,1,0.0001923
537,gedwolum,<code>gedwolum</code>,1,0.0001923
537,gedwylde,<code>gedwylde</code>,1,0.0001923
537,gedwyldum,<code>gedwyldum</code>,1,0.0001923
537,gedyde,<code>gedyde</code>,1,0.0001923
537,geegsia&eth;,<code>geegsia&amp;d;</code>,1,0.0001923
537,geenda&eth;,<code>geenda&amp;d;</code>,1,0.0001923
537,gef&aelig;rredena,<code>gef&amp;ae;rredena</code>,1,0.0001923
537,gefadast,<code>gefadast</code>,1,0.0001923
537,geferan,<code>geferan</code>,1,0.0001923
537,gefr&aelig;frian,<code>gefr&amp;ae;frian</code>,1,0.0001923
537,gefr&aelig;tewode,<code>gefr&amp;ae;tewode</code>,1,0.0001923
537,gefrefrod,<code>gefrefrod</code>,1,0.0001923
537,gefreman,<code>gefreman</code>,1,0.0001923
537,gefremman,<code>gefremman</code>,1,0.0001923
537,gefremme,<code>gefremme</code>,1,0.0001923
537,gegaderian,<code>gegaderian</code>,1,0.0001923
537,gegaderode,<code>gegaderode</code>,1,0.0001923
537,geglada&thorn;,<code>geglada&amp;t;</code>,1,0.0001923
537,gegladodon,<code>gegladodon</code>,1,0.0001923
537,geh&aelig;fd,<code>geh&amp;ae;fd</code>,1,0.0001923
537,geh&aelig;leda,<code>geh&amp;ae;leda</code>,1,0.0001923
537,gehadode,<code>gehadode</code>,1,0.0001923
537,gehalgode,<code>gehalgode</code>,1,0.0001923
537,gehalgudum,<code>gehalgudum</code>,1,0.0001923
537,gehealdan,<code>gehealdan</code>,1,0.0001923
537,gehealde,<code>gehealde</code>,1,0.0001923
537,gehealdsum,<code>gehealdsum</code>,1,0.0001923
537,gehealdsumnysse,<code>gehealdsumnysse</code>,1,0.0001923
537,gehendost,<code>gehendost</code>,1,0.0001923
537,geheold,<code>geheold</code>,1,0.0001923
537,gehyra,<code>gehyra</code>,1,0.0001923
537,gehyrdon,<code>gehyrdon</code>,1,0.0001923
537,geins&aelig;glodan,<code>geins&amp;ae;glodan</code>,1,0.0001923
537,geinseglian,<code>geinseglian</code>,1,0.0001923
537,gel&aelig;dde,<code>gel&amp;ae;dde</code>,1,0.0001923
537,gel&aelig;redum,<code>gel&amp;ae;redum</code>,1,0.0001923
537,gel&aelig;stan,<code>gel&amp;ae;stan</code>,1,0.0001923
537,gela&thorn;unge,<code>gela&amp;t;unge</code>,1,0.0001923
537,gelamp,<code>gelamp</code>,1,0.0001923
537,gelangian,<code>gelangian</code>,1,0.0001923
537,gelangode,<code>gelangode</code>,1,0.0001923
537,gelengde,<code>gelengde</code>,1,0.0001923
537,geli&eth;gode,<code>geli&amp;d;gode</code>,1,0.0001923
537,gelica&eth;,<code>gelica&amp;d;</code>,1,0.0001923
537,gelicode,<code>gelicode</code>,1,0.0001923
537,gelycnysse,<code>gelycnysse</code>,1,0.0001923
537,gelyf,<code>gelyf</code>,1,0.0001923
537,gelyfdan,<code>gelyfdan</code>,1,0.0001923
537,gelyfde,<code>gelyfde</code>,1,0.0001923
537,gelyfed,<code>gelyfed</code>,1,0.0001923
537,gelyfeden,<code>gelyfeden</code>,1,0.0001923
537,gem&aelig;cca,<code>gem&amp;ae;cca</code>,1,0.0001923
537,gem&aelig;nelican,<code>gem&amp;ae;nelican</code>,1,0.0001923
537,gemacian,<code>gemacian</code>,1,0.0001923
537,gemyltsa,<code>gemyltsa</code>,1,0.0001923
537,gemyltsian,<code>gemyltsian</code>,1,0.0001923
537,geneal&aelig;hte,<code>geneal&amp;ae;hte</code>,1,0.0001923
537,geniman,<code>geniman</code>,1,0.0001923
537,geond,<code>geond</code>,1,0.0001923
537,geopenade,<code>geopenade</code>,1,0.0001923
537,geopenian,<code>geopenian</code>,1,0.0001923
537,geopenige,<code>geopenige</code>,1,0.0001923
537,geornlice,<code>geornlice</code>,1,0.0001923
537,gereorde,<code>gereorde</code>,1,0.0001923
537,gereordodon,<code>gereordodon</code>,1,0.0001923
537,gerynum,<code>gerynum</code>,1,0.0001923
537,gesceop,<code>gesceop</code>,1,0.0001923
537,gesceote,<code>gesceote</code>,1,0.0001923
537,geseald,<code>geseald</code>,1,0.0001923
537,geseo,<code>geseo</code>,1,0.0001923
537,gesette,<code>gesette</code>,1,0.0001923
537,gesmyrode,<code>gesmyrode</code>,1,0.0001923
537,gesohtan,<code>gesohtan</code>,1,0.0001923
537,gespr&aelig;c,<code>gespr&amp;ae;c</code>,1,0.0001923
537,gespr&aelig;ce,<code>gespr&amp;ae;ce</code>,1,0.0001923
537,gestranga&eth;,<code>gestranga&amp;d;</code>,1,0.0001923
537,gesundful,<code>gesundful</code>,1,0.0001923
537,gesw&aelig;ncten,<code>gesw&amp;ae;ncten</code>,1,0.0001923
537,geswutelode,<code>geswutelode</code>,1,0.0001923
537,gesyhst,<code>gesyhst</code>,1,0.0001923
537,getrymde,<code>getrymde</code>,1,0.0001923
537,geu&eth;an,<code>geu&amp;d;an</code>,1,0.0001923
537,geuntrumed,<code>geuntrumed</code>,1,0.0001923
537,gew&aelig;pnod,<code>gew&amp;ae;pnod</code>,1,0.0001923
537,gew&aelig;pnunge,<code>gew&amp;ae;pnunge</code>,1,0.0001923
537,gewear&eth;,<code>gewear&amp;d;</code>,1,0.0001923
537,gewendon,<code>gewendon</code>,1,0.0001923
537,geweold,<code>geweold</code>,1,0.0001923
537,gewis,<code>gewis</code>,1,0.0001923
537,gewislice,<code>gewislice</code>,1,0.0001923
537,gewissode,<code>gewissode</code>,1,0.0001923
537,gewit,<code>gewit</code>,1,0.0001923
537,gewreged,<code>gewreged</code>,1,0.0001923
537,gewunelice,<code>gewunelice</code>,1,0.0001923
537,gewylnode,<code>gewylnode</code>,1,0.0001923
537,gewylnodon,<code>gewylnodon</code>,1,0.0001923
537,gewyrce,<code>gewyrce</code>,1,0.0001923
537,gewyslice,<code>gewyslice</code>,1,0.0001923
537,gewytnysse,<code>gewytnysse</code>,1,0.0001923
537,geyrsodon,<code>geyrsodon</code>,1,0.0001923
537,godcundre,<code>godcundre</code>,1,0.0001923
537,golde,<code>golde</code>,1,0.0001923
537,gram,<code>gram</code>,1,0.0001923
537,grapode,<code>grapode</code>,1,0.0001923
537,grecisc,<code>grecisc</code>,1,0.0001923
537,grecisce,<code>grecisce</code>,1,0.0001923
537,greciscum,<code>greciscum</code>,1,0.0001923
537,grecum,<code>grecum</code>,1,0.0001923
537,gymde,<code>gymde</code>,1,0.0001923
537,gymdon,<code>gymdon</code>,1,0.0001923
537,gyrnde,<code>gyrnde</code>,1,0.0001923
537,h&aelig;&eth;ena,<code>h&amp;ae;&amp;d;ena</code>,1,0.0001923
537,h&aelig;&eth;enscype,<code>h&amp;ae;&amp;d;enscype</code>,1,0.0001923
537,h&aelig;bbe,<code>h&amp;ae;bbe</code>,1,0.0001923
537,h&aelig;fst,<code>h&amp;ae;fst</code>,1,0.0001923
537,h&aelig;fte,<code>h&amp;ae;fte</code>,1,0.0001923
537,h&aelig;le,<code>h&amp;ae;le</code>,1,0.0001923
537,h&aelig;med&thorn;ing,<code>h&amp;ae;med&amp;t;ing</code>,1,0.0001923
537,habbe,<code>habbe</code>,1,0.0001923
537,hade,<code>hade</code>,1,0.0001923
537,hadode,<code>hadode</code>,1,0.0001923
537,hafenleaste,<code>hafenleaste</code>,1,0.0001923
537,halige,<code>halige</code>,1,0.0001923
537,haliges,<code>haliges</code>,1,0.0001923
537,haligre,<code>haligre</code>,1,0.0001923
537,handfulle,<code>handfulle</code>,1,0.0001923
537,hat,<code>hat</code>,1,0.0001923
537,hatigendlicum,<code>hatigendlicum</code>,1,0.0001923
537,hatte,<code>hatte</code>,1,0.0001923
537,healica,<code>healica</code>,1,0.0001923
537,healice,<code>healice</code>,1,0.0001923
537,hefegra,<code>hefegra</code>,1,0.0001923
537,helcnihtum,<code>helcnihtum</code>,1,0.0001923
537,helle,<code>helle</code>,1,0.0001923
537,helpe,<code>helpe</code>,1,0.0001923
537,heofonan,<code>heofonan</code>,1,0.0001923
537,heofonas,<code>heofonas</code>,1,0.0001923
537,heofonlican,<code>heofonlican</code>,1,0.0001923
537,heofonlice,<code>heofonlice</code>,1,0.0001923
537,heofonlicum,<code>heofonlicum</code>,1,0.0001923
537,heonanfor&eth;,<code>heonanfor&amp;d;</code>,1,0.0001923
537,heortan,<code>heortan</code>,1,0.0001923
537,herede,<code>herede</code>,1,0.0001923
537,hetolan,<code>hetolan</code>,1,0.0001923
537,hetolice,<code>hetolice</code>,1,0.0001923
537,hire,<code>hire</code>,1,0.0001923
537,hiwes,<code>hiwes</code>,1,0.0001923
537,hiwum,<code>hiwum</code>,1,0.0001923
537,hlafa,<code>hlafa</code>,1,0.0001923
537,hlafe,<code>hlafe</code>,1,0.0001923
537,hlafes,<code>hlafes</code>,1,0.0001923
537,hlosnode,<code>hlosnode</code>,1,0.0001923
537,hluddre,<code>hluddre</code>,1,0.0001923
537,hlude,<code>hlude</code>,1,0.0001923
537,hlyste,<code>hlyste</code>,1,0.0001923
537,hoga,<code>hoga</code>,1,0.0001923
537,horse,<code>horse</code>,1,0.0001923
537,hreoflian,<code>hreoflian</code>,1,0.0001923
537,hrepunge,<code>hrepunge</code>,1,0.0001923
537,hrymde,<code>hrymde</code>,1,0.0001923
537,hrymende,<code>hrymende</code>,1,0.0001923
537,huses,<code>huses</code>,1,0.0001923
537,huslunge,<code>huslunge</code>,1,0.0001923
537,hw&aelig;s,<code>hw&amp;ae;s</code>,1,0.0001923
537,hwe&eth;er,<code>hwe&amp;d;er</code>,1,0.0001923
537,hwylc,<code>hwylc</code>,1,0.0001923
537,hwylce,<code>hwylce</code>,1,0.0001923
537,hyne,<code>hyne</code>,1,0.0001923
537,hyra,<code>hyra</code>,1,0.0001923
537,ilcan,<code>ilcan</code>,1,0.0001923
537,ins&aelig;glunge,<code>ins&amp;ae;glunge</code>,1,0.0001923
537,iordanis,<code>iordanis</code>,1,0.0001923
537,iosep,<code>iosep</code>,1,0.0001923
537,ioseph,<code>ioseph</code>,1,0.0001923
537,iudeisca,<code>iudeisca</code>,1,0.0001923
537,iuliane,<code>iuliane</code>,1,0.0001923
537,iulianes,<code>iulianes</code>,1,0.0001923
537,kydde,<code>kydde</code>,1,0.0001923
537,l&aelig;ran,<code>l&amp;ae;ran</code>,1,0.0001923
537,lac,<code>lac</code>,1,0.0001923
537,lacnunga,<code>lacnunga</code>,1,0.0001923
537,lande,<code>lande</code>,1,0.0001923
537,langsum,<code>langsum</code>,1,0.0001923
537,langum,<code>langum</code>,1,0.0001923
537,lareowa,<code>lareowa</code>,1,0.0001923
537,larewas,<code>larewas</code>,1,0.0001923
537,larlicre,<code>larlicre</code>,1,0.0001923
537,larspell,<code>larspell</code>,1,0.0001923
537,leade,<code>leade</code>,1,0.0001923
537,leasan,<code>leasan</code>,1,0.0001923
537,leaslice,<code>leaslice</code>,1,0.0001923
537,lede,<code>lede</code>,1,0.0001923
537,legere,<code>legere</code>,1,0.0001923
537,leofan,<code>leofan</code>,1,0.0001923
537,leoht,<code>leoht</code>,1,0.0001923
537,let,<code>let</code>,1,0.0001923
537,lic&eth;rowere,<code>lic&amp;d;rowere</code>,1,0.0001923
537,lice,<code>lice</code>,1,0.0001923
537,licgende,<code>licgende</code>,1,0.0001923
537,lifa&eth;,<code>lifa&amp;d;</code>,1,0.0001923
537,lima,<code>lima</code>,1,0.0001923
537,loc,<code>loc</code>,1,0.0001923
537,loca,<code>loca</code>,1,0.0001923
537,lufan,<code>lufan</code>,1,0.0001923
537,lufe,<code>lufe</code>,1,0.0001923
537,luflice,<code>luflice</code>,1,0.0001923
537,lustum,<code>lustum</code>,1,0.0001923
537,lyfa&eth;,<code>lyfa&amp;d;</code>,1,0.0001923
537,lyfastu,<code>lyfastu</code>,1,0.0001923
537,lyfde,<code>lyfde</code>,1,0.0001923
537,lyflican,<code>lyflican</code>,1,0.0001923
537,lyfte,<code>lyfte</code>,1,0.0001923
537,lytlum,<code>lytlum</code>,1,0.0001923
537,m&aelig;&eth;e,<code>m&amp;ae;&amp;d;e</code>,1,0.0001923
537,m&aelig;gn,<code>m&amp;ae;gn</code>,1,0.0001923
537,m&aelig;nigfealdum,<code>m&amp;ae;nigfealdum</code>,1,0.0001923
537,m&aelig;r&eth;,<code>m&amp;ae;r&amp;d;</code>,1,0.0001923
537,m&aelig;ra,<code>m&amp;ae;ra</code>,1,0.0001923
537,m&aelig;ran,<code>m&amp;ae;ran</code>,1,0.0001923
537,m&aelig;rlican,<code>m&amp;ae;rlican</code>,1,0.0001923
537,m&aelig;rlice,<code>m&amp;ae;rlice</code>,1,0.0001923
537,m&aelig;ssian,<code>m&amp;ae;ssian</code>,1,0.0001923
537,m&aelig;ste,<code>m&amp;ae;ste</code>,1,0.0001923
537,mancynn,<code>mancynn</code>,1,0.0001923
537,manlican,<code>manlican</code>,1,0.0001923
537,mann,<code>mann</code>,1,0.0001923
537,manna,<code>manna</code>,1,0.0001923
537,maximinus,<code>maximinus</code>,1,0.0001923
537,meder,<code>meder</code>,1,0.0001923
537,mende,<code>mende</code>,1,0.0001923
537,meniu,<code>meniu</code>,1,0.0001923
537,meoxe,<code>meoxe</code>,1,0.0001923
537,mercurium,<code>mercurium</code>,1,0.0001923
537,merigenes,<code>merigenes</code>,1,0.0001923
537,metes,<code>metes</code>,1,0.0001923
537,midd&aelig;g,<code>midd&amp;ae;g</code>,1,0.0001923
537,middaneard,<code>middaneard</code>,1,0.0001923
537,middaneardes,<code>middaneardes</code>,1,0.0001923
537,middeges,<code>middeges</code>,1,0.0001923
537,midne,<code>midne</code>,1,0.0001923
537,miht,<code>miht</code>,1,0.0001923
537,mildsunge,<code>mildsunge</code>,1,0.0001923
537,minre,<code>minre</code>,1,0.0001923
537,misd&aelig;dum,<code>misd&amp;ae;dum</code>,1,0.0001923
537,mona&eth;,<code>mona&amp;d;</code>,1,0.0001923
537,mot,<code>mot</code>,1,0.0001923
537,mu&eth;,<code>mu&amp;d;</code>,1,0.0001923
537,munte,<code>munte</code>,1,0.0001923
537,munucregol,<code>munucregol</code>,1,0.0001923
537,mycclan,<code>mycclan</code>,1,0.0001923
537,myccle,<code>myccle</code>,1,0.0001923
537,mycelne,<code>mycelne</code>,1,0.0001923
537,mycelra,<code>mycelra</code>,1,0.0001923
537,myldelice,<code>myldelice</code>,1,0.0001923
537,myldheort,<code>myldheort</code>,1,0.0001923
537,myldheortlice,<code>myldheortlice</code>,1,0.0001923
537,myldheortnys,<code>myldheortnys</code>,1,0.0001923
537,myltse,<code>myltse</code>,1,0.0001923
537,mynster,<code>mynster</code>,1,0.0001923
537,mynstr&aelig;s,<code>mynstr&amp;ae;s</code>,1,0.0001923
537,mynstre,<code>mynstre</code>,1,0.0001923
537,n&aelig;fst,<code>n&amp;ae;fst</code>,1,0.0001923
537,n&aelig;nne,<code>n&amp;ae;nne</code>,1,0.0001923
537,n&aelig;re,<code>n&amp;ae;re</code>,1,0.0001923
537,nacod,<code>nacod</code>,1,0.0001923
537,nam,<code>nam</code>,1,0.0001923
537,namon,<code>namon</code>,1,0.0001923
537,nan,<code>nan</code>,1,0.0001923
537,nanes,<code>nanes</code>,1,0.0001923
537,nastu,<code>nastu</code>,1,0.0001923
537,neah,<code>neah</code>,1,0.0001923
537,nearwum,<code>nearwum</code>,1,0.0001923
537,nehstan,<code>nehstan</code>,1,0.0001923
537,nelle,<code>nelle</code>,1,0.0001923
537,nelt,<code>nelt</code>,1,0.0001923
537,nenne,<code>nenne</code>,1,0.0001923
537,neode,<code>neode</code>,1,0.0001923
537,nicea,<code>nicea</code>,1,0.0001923
537,nones,<code>nones</code>,1,0.0001923
537,nydde,<code>nydde</code>,1,0.0001923
537,nyste,<code>nyste</code>,1,0.0001923
537,nytena,<code>nytena</code>,1,0.0001923
537,o&eth;erne,<code>o&amp;d;erne</code>,1,0.0001923
537,ofer&thorn;ogen,<code>ofer&amp;t;ogen</code>,1,0.0001923
537,oferswi&eth;dest,<code>oferswi&amp;d;dest</code>,1,0.0001923
537,oferwacedon,<code>oferwacedon</code>,1,0.0001923
537,offrian,<code>offrian</code>,1,0.0001923
537,oflyst,<code>oflyst</code>,1,0.0001923
537,ofre,<code>ofre</code>,1,0.0001923
537,ofslegen,<code>ofslegen</code>,1,0.0001923
537,onbryrde,<code>onbryrde</code>,1,0.0001923
537,onbyrgede,<code>onbyrgede</code>,1,0.0001923
537,oncnawe,<code>oncnawe</code>,1,0.0001923
537,oncneow,<code>oncneow</code>,1,0.0001923
537,oncneowe,<code>oncneowe</code>,1,0.0001923
537,onfon,<code>onfon</code>,1,0.0001923
537,ongebrohton,<code>ongebrohton</code>,1,0.0001923
537,onhr&aelig;se,<code>onhr&amp;ae;se</code>,1,0.0001923
537,onlocoden,<code>onlocoden</code>,1,0.0001923
537,ons&aelig;gednisse,<code>ons&amp;ae;gednisse</code>,1,0.0001923
537,onsundor,<code>onsundor</code>,1,0.0001923
537,onsundron,<code>onsundron</code>,1,0.0001923
537,ontendan,<code>ontendan</code>,1,0.0001923
537,orm&aelig;tan,<code>orm&amp;ae;tan</code>,1,0.0001923
537,orwena,<code>orwena</code>,1,0.0001923
537,persum,<code>persum</code>,1,0.0001923
537,pistol,<code>pistol</code>,1,0.0001923
537,preost,<code>preost</code>,1,0.0001923
537,preosta,<code>preosta</code>,1,0.0001923
537,preostes,<code>preostes</code>,1,0.0001923
537,preosthad,<code>preosthad</code>,1,0.0001923
537,r&aelig;d,<code>r&amp;ae;d</code>,1,0.0001923
537,r&aelig;dde,<code>r&amp;ae;dde</code>,1,0.0001923
537,r&aelig;f,<code>r&amp;ae;f</code>,1,0.0001923
537,rad,<code>rad</code>,1,0.0001923
537,re&eth;a,<code>re&amp;d;a</code>,1,0.0001923
537,regole,<code>regole</code>,1,0.0001923
537,regoles,<code>regoles</code>,1,0.0001923
537,riht,<code>riht</code>,1,0.0001923
537,rihte,<code>rihte</code>,1,0.0001923
537,rixode,<code>rixode</code>,1,0.0001923
537,rode,<code>rode</code>,1,0.0001923
537,rohte,<code>rohte</code>,1,0.0001923
537,s&aelig;cga&eth;,<code>s&amp;ae;cga&amp;d;</code>,1,0.0001923
537,s&aelig;cgan,<code>s&amp;ae;cgan</code>,1,0.0001923
537,s&aelig;gne,<code>s&amp;ae;gne</code>,1,0.0001923
537,s&aelig;gst,<code>s&amp;ae;gst</code>,1,0.0001923
537,s&aelig;nde,<code>s&amp;ae;nde</code>,1,0.0001923
537,s&aelig;p,<code>s&amp;ae;p</code>,1,0.0001923
537,s&aelig;t,<code>s&amp;ae;t</code>,1,0.0001923
537,sancta,<code>sancta</code>,1,0.0001923
537,sanctes,<code>sanctes</code>,1,0.0001923
537,sanges,<code>sanges</code>,1,0.0001923
537,sangum,<code>sangum</code>,1,0.0001923
537,sarlicum,<code>sarlicum</code>,1,0.0001923
537,sarnysse,<code>sarnysse</code>,1,0.0001923
537,sawul,<code>sawul</code>,1,0.0001923
537,sc&aelig;t,<code>sc&amp;ae;t</code>,1,0.0001923
537,scealt,<code>scealt</code>,1,0.0001923
537,sceandlice,<code>sceandlice</code>,1,0.0001923
537,sceattes,<code>sceattes</code>,1,0.0001923
537,sceattum,<code>sceattum</code>,1,0.0001923
537,sceawian,<code>sceawian</code>,1,0.0001923
537,sceawode,<code>sceawode</code>,1,0.0001923
537,sceocca,<code>sceocca</code>,1,0.0001923
537,sceolan,<code>sceolan</code>,1,0.0001923
537,scinende,<code>scinende</code>,1,0.0001923
537,scyncr&aelig;fte,<code>scyncr&amp;ae;fte</code>,1,0.0001923
537,scyppend,<code>scyppend</code>,1,0.0001923
537,scytelses,<code>scytelses</code>,1,0.0001923
537,se&thorn;e,<code>se&amp;t;e</code>,1,0.0001923
537,seah,<code>seah</code>,1,0.0001923
537,sealdest,<code>sealdest</code>,1,0.0001923
537,secan,<code>secan</code>,1,0.0001923
537,secende,<code>secende</code>,1,0.0001923
537,secga&eth;,<code>secga&amp;d;</code>,1,0.0001923
537,secgan,<code>secgan</code>,1,0.0001923
537,sendan,<code>sendan</code>,1,0.0001923
537,seocan,<code>seocan</code>,1,0.0001923
537,seoce,<code>seoce</code>,1,0.0001923
537,seocnysse,<code>seocnysse</code>,1,0.0001923
537,seofan,<code>seofan</code>,1,0.0001923
537,setle,<code>setle</code>,1,0.0001923
537,si&eth;an,<code>si&amp;d;an</code>,1,0.0001923
537,si&eth;e,<code>si&amp;d;e</code>,1,0.0001923
537,sigef&aelig;ste,<code>sigef&amp;ae;ste</code>,1,0.0001923
537,simle,<code>simle</code>,1,0.0001923
537,singende,<code>singende</code>,1,0.0001923
537,sl&aelig;ge,<code>sl&amp;ae;ge</code>,1,0.0001923
537,sloh,<code>sloh</code>,1,0.0001923
537,sm&aelig;da,<code>sm&amp;ae;da</code>,1,0.0001923
537,sm&aelig;tum,<code>sm&amp;ae;tum</code>,1,0.0001923
537,smi&eth;ian,<code>smi&amp;d;ian</code>,1,0.0001923
537,sn&aelig;d,<code>sn&amp;ae;d</code>,1,0.0001923
537,so&eth;f&aelig;sta,<code>so&amp;d;f&amp;ae;sta</code>,1,0.0001923
537,so&eth;f&aelig;stre,<code>so&amp;d;f&amp;ae;stre</code>,1,0.0001923
537,so&eth;um,<code>so&amp;d;um</code>,1,0.0001923
537,so&thorn;an,<code>so&amp;t;an</code>,1,0.0001923
537,speda,<code>speda</code>,1,0.0001923
537,spen&eth;,<code>spen&amp;d;</code>,1,0.0001923
537,spr&aelig;c,<code>spr&amp;ae;c</code>,1,0.0001923
537,sprec&thorn;,<code>sprec&amp;t;</code>,1,0.0001923
537,spreca&eth;,<code>spreca&amp;d;</code>,1,0.0001923
537,sprecande,<code>sprecande</code>,1,0.0001923
537,standan,<code>standan</code>,1,0.0001923
537,stariende,<code>stariende</code>,1,0.0001923
537,steapan,<code>steapan</code>,1,0.0001923
537,stemn,<code>stemn</code>,1,0.0001923
537,stent,<code>stent</code>,1,0.0001923
537,sticolre,<code>sticolre</code>,1,0.0001923
537,stoden,<code>stoden</code>,1,0.0001923
537,styria&eth;,<code>styria&amp;d;</code>,1,0.0001923
537,swelt,<code>swelt</code>,1,0.0001923
537,swelte,<code>swelte</code>,1,0.0001923
537,swi&eth;or,<code>swi&amp;d;or</code>,1,0.0001923
537,swin,<code>swin</code>,1,0.0001923
537,swincst,<code>swincst</code>,1,0.0001923
537,swor,<code>swor</code>,1,0.0001923
537,swulte,<code>swulte</code>,1,0.0001923
537,swy&eth;e,<code>swy&amp;d;e</code>,1,0.0001923
537,sy,<code>sy</code>,1,0.0001923
537,syfanfealde,<code>syfanfealde</code>,1,0.0001923
537,syfon,<code>syfon</code>,1,0.0001923
537,sylfa,<code>sylfa</code>,1,0.0001923
537,sylfe,<code>sylfe</code>,1,0.0001923
537,syllan,<code>syllan</code>,1,0.0001923
537,symle,<code>symle</code>,1,0.0001923
537,syn,<code>syn</code>,1,0.0001923
537,synfullan,<code>synfullan</code>,1,0.0001923
537,synfulle,<code>synfulle</code>,1,0.0001923
537,synnum,<code>synnum</code>,1,0.0001923
537,syx,<code>syx</code>,1,0.0001923
537,t&aelig;hta,<code>t&amp;ae;hta</code>,1,0.0001923
537,t&aelig;hte,<code>t&amp;ae;hte</code>,1,0.0001923
537,t&aelig;llice,<code>t&amp;ae;llice</code>,1,0.0001923
537,t&aelig;mpl,<code>t&amp;ae;mpl</code>,1,0.0001923
537,tacen,<code>tacen</code>,1,0.0001923
537,tacnes,<code>tacnes</code>,1,0.0001923
537,teah,<code>teah</code>,1,0.0001923
537,tearum,<code>tearum</code>,1,0.0001923
537,templ,<code>templ</code>,1,0.0001923
537,temple,<code>temple</code>,1,0.0001923
537,teonde,<code>teonde</code>,1,0.0001923
537,tid,<code>tid</code>,1,0.0001923
537,tihte,<code>tihte</code>,1,0.0001923
537,tihtende,<code>tihtende</code>,1,0.0001923
537,to&thorn;undenum,<code>to&amp;t;undenum</code>,1,0.0001923
537,tobr&aelig;con,<code>tobr&amp;ae;con</code>,1,0.0001923
537,tocnawan,<code>tocnawan</code>,1,0.0001923
537,tocyme,<code>tocyme</code>,1,0.0001923
537,tod&aelig;lde,<code>tod&amp;ae;lde</code>,1,0.0001923
537,todr&aelig;fdon,<code>todr&amp;ae;fdon</code>,1,0.0001923
537,torfia&eth;,<code>torfia&amp;d;</code>,1,0.0001923
537,toswollen,<code>toswollen</code>,1,0.0001923
537,tot&aelig;r,<code>tot&amp;ae;r</code>,1,0.0001923
537,truwa&eth;,<code>truwa&amp;d;</code>,1,0.0001923
537,truwode,<code>truwode</code>,1,0.0001923
537,trymminge,<code>trymminge</code>,1,0.0001923
537,twa,<code>twa</code>,1,0.0001923
537,twegen,<code>twegen</code>,1,0.0001923
537,twelf,<code>twelf</code>,1,0.0001923
537,twifealdum,<code>twifealdum</code>,1,0.0001923
537,ty&eth;a,<code>ty&amp;d;a</code>,1,0.0001923
537,ty&eth;ige,<code>ty&amp;d;ige</code>,1,0.0001923
537,tymde,<code>tymde</code>,1,0.0001923
537,u&eth;wytan,<code>u&amp;d;wytan</code>,1,0.0001923
537,u&eth;wytegunge,<code>u&amp;d;wytegunge</code>,1,0.0001923
537,u&eth;wytum,<code>u&amp;d;wytum</code>,1,0.0001923
537,u&thorn;wytan,<code>u&amp;t;wytan</code>,1,0.0001923
537,ufan,<code>ufan</code>,1,0.0001923
537,ufon,<code>ufon</code>,1,0.0001923
537,unafunden,<code>unafunden</code>,1,0.0001923
537,unasm&aelig;gendlic,<code>unasm&amp;ae;gendlic</code>,1,0.0001923
537,uncer,<code>uncer</code>,1,0.0001923
537,uncu&eth;,<code>uncu&amp;d;</code>,1,0.0001923
537,underfangene,<code>underfangene</code>,1,0.0001923
537,underfeh&thorn;,<code>underfeh&amp;t;</code>,1,0.0001923
537,underfenge,<code>underfenge</code>,1,0.0001923
537,underfo,<code>underfo</code>,1,0.0001923
537,underfon,<code>underfon</code>,1,0.0001923
537,undon,<code>undon</code>,1,0.0001923
537,ungefullod,<code>ungefullod</code>,1,0.0001923
537,ungelyfeda,<code>ungelyfeda</code>,1,0.0001923
537,ungemetegodan,<code>ungemetegodan</code>,1,0.0001923
537,ungerim,<code>ungerim</code>,1,0.0001923
537,ungesceadwyse,<code>ungesceadwyse</code>,1,0.0001923
537,ungetreowa,<code>ungetreowa</code>,1,0.0001923
537,unlyse,<code>unlyse</code>,1,0.0001923
537,unnan,<code>unnan</code>,1,0.0001923
537,unriht,<code>unriht</code>,1,0.0001923
537,unrihtwisan,<code>unrihtwisan</code>,1,0.0001923
537,unsprecende,<code>unsprecende</code>,1,0.0001923
537,upahafenum,<code>upahafenum</code>,1,0.0001923
537,upaheng,<code>upaheng</code>,1,0.0001923
537,uppon,<code>uppon</code>,1,0.0001923
537,ut,<code>ut</code>,1,0.0001923
537,uteode,<code>uteode</code>,1,0.0001923
537,w&aelig;dlian,<code>w&amp;ae;dlian</code>,1,0.0001923
537,w&aelig;lreowan,<code>w&amp;ae;lreowan</code>,1,0.0001923
537,w&aelig;pnum,<code>w&amp;ae;pnum</code>,1,0.0001923
537,w&aelig;r,<code>w&amp;ae;r</code>,1,0.0001923
537,w&aelig;stene,<code>w&amp;ae;stene</code>,1,0.0001923
537,w&aelig;ter,<code>w&amp;ae;ter</code>,1,0.0001923
537,w&aelig;tere,<code>w&amp;ae;tere</code>,1,0.0001923
537,wacia&eth;,<code>wacia&amp;d;</code>,1,0.0001923
537,wacian,<code>wacian</code>,1,0.0001923
537,wacie,<code>wacie</code>,1,0.0001923
537,waciende,<code>waciende</code>,1,0.0001923
537,wacodon,<code>wacodon</code>,1,0.0001923
537,wealhstod,<code>wealhstod</code>,1,0.0001923
537,weall,<code>weall</code>,1,0.0001923
537,weard,<code>weard</code>,1,0.0001923
537,weardes,<code>weardes</code>,1,0.0001923
537,weg,<code>weg</code>,1,0.0001923
537,welig,<code>welig</code>,1,0.0001923
537,wella,<code>wella</code>,1,0.0001923
537,welwyllende,<code>welwyllende</code>,1,0.0001923
537,welwyllendlice,<code>welwyllendlice</code>,1,0.0001923
537,wendon,<code>wendon</code>,1,0.0001923
537,weop,<code>weop</code>,1,0.0001923
537,werd,<code>werd</code>,1,0.0001923
537,were,<code>were</code>,1,0.0001923
537,werode,<code>werode</code>,1,0.0001923
537,wes,<code>wes</code>,1,0.0001923
537,wi&eth;cwe&thorn;an,<code>wi&amp;d;cwe&amp;t;an</code>,1,0.0001923
537,wi&eth;saca,<code>wi&amp;d;saca</code>,1,0.0001923
537,wi&eth;sacan,<code>wi&amp;d;sacan</code>,1,0.0001923
537,wi&eth;sace,<code>wi&amp;d;sace</code>,1,0.0001923
537,wi&eth;sacen,<code>wi&amp;d;sacen</code>,1,0.0001923
537,wi&eth;soce,<code>wi&amp;d;soce</code>,1,0.0001923
537,wi&thorn;,<code>wi&amp;t;</code>,1,0.0001923
537,wi&thorn;ers&aelig;c,<code>wi&amp;t;ers&amp;ae;c</code>,1,0.0001923
537,wi&thorn;saca&eth;,<code>wi&amp;t;saca&amp;d;</code>,1,0.0001923
537,widgylle,<code>widgylle</code>,1,0.0001923
537,wige,<code>wige</code>,1,0.0001923
537,wilnast,<code>wilnast</code>,1,0.0001923
537,wisdom,<code>wisdom</code>,1,0.0001923
537,wissunge,<code>wissunge</code>,1,0.0001923
537,witodlice,<code>witodlice</code>,1,0.0001923
537,wodlican,<code>wodlican</code>,1,0.0001923
537,wodlice,<code>wodlice</code>,1,0.0001923
537,woldest,<code>woldest</code>,1,0.0001923
537,womme,<code>womme</code>,1,0.0001923
537,word,<code>word</code>,1,0.0001923
537,worda,<code>worda</code>,1,0.0001923
537,wordum,<code>wordum</code>,1,0.0001923
537,worhta,<code>worhta</code>,1,0.0001923
537,worhte,<code>worhte</code>,1,0.0001923
537,woruldwisdome,<code>woruldwisdome</code>,1,0.0001923
537,wryt,<code>wryt</code>,1,0.0001923
537,wudewan,<code>wudewan</code>,1,0.0001923
537,wuldra&eth;,<code>wuldra&amp;d;</code>,1,0.0001923
537,wuldre,<code>wuldre</code>,1,0.0001923
537,wuldrigende,<code>wuldrigende</code>,1,0.0001923
537,wuna&eth;,<code>wuna&amp;d;</code>,1,0.0001923
537,wundrodon,<code>wundrodon</code>,1,0.0001923
537,wundrum,<code>wundrum</code>,1,0.0001923
537,wundrunge,<code>wundrunge</code>,1,0.0001923
537,wunian,<code>wunian</code>,1,0.0001923
537,wunige,<code>wunige</code>,1,0.0001923
537,wunodon,<code>wunodon</code>,1,0.0001923
537,wur&eth;ode,<code>wur&amp;d;ode</code>,1,0.0001923
537,wy&thorn;ersaca,<code>wy&amp;t;ersaca</code>,1,0.0001923
537,wycode,<code>wycode</code>,1,0.0001923
537,wylcumode,<code>wylcumode</code>,1,0.0001923
537,wylla&eth;,<code>wylla&amp;d;</code>,1,0.0001923
537,wylles,<code>wylles</code>,1,0.0001923
537,wynd,<code>wynd</code>,1,0.0001923
537,wynsuman,<code>wynsuman</code>,1,0.0001923
537,wyntre,<code>wyntre</code>,1,0.0001923
537,wyr&eth;e,<code>wyr&amp;d;e</code>,1,0.0001923
537,wyrcende,<code>wyrcende</code>,1,0.0001923
537,wyrdwryteres,<code>wyrdwryteres</code>,1,0.0001923
537,wysan,<code>wysan</code>,1,0.0001923
537,wysdom,<code>wysdom</code>,1,0.0001923
537,wysdomes,<code>wysdomes</code>,1,0.0001923
537,wytodlyce,<code>wytodlyce</code>,1,0.0001923
537,yfel,<code>yfel</code>,1,0.0001923
537,yfela,<code>yfela</code>,1,0.0001923
537,yfelan,<code>yfelan</code>,1,0.0001923
537,yfele,<code>yfele</code>,1,0.0001923
537,ylca,<code>ylca</code>,1,0.0001923
537,ylce,<code>ylce</code>,1,0.0001923
537,yldost,<code>yldost</code>,1,0.0001923
537,yldostan,<code>yldostan</code>,1,0.0001923
537,ymlan,<code>ymlan</code>,1,0.0001923
537,yr&eth;lande,<code>yr&amp;d;lande</code>,1,0.0001923
