B_Prose,B01,B01.002.006_AECHom_II__5_T02560.txt,974,631,2703
RANK,HTML WORD,RAW WORD,COUNT,RELATIVE FREQUENCY
1,and,<code>and</code>,101,0.0373659
2,on,<code>on</code>,85,0.0314465
3,to,<code>to</code>,49,0.0181280
4,&eth;e,<code>&amp;d;e</code>,47,0.0173881
5,se,<code>se</code>,44,0.0162782
6,&thorn;&aelig;t,<code>&amp;t;&amp;ae;t</code>,43,0.0159083
7,swa,<code>swa</code>,42,0.0155383
8,&eth;a,<code>&amp;d;a</code>,37,0.0136885
9,his,<code>his</code>,36,0.0133185
9,we,<code>we</code>,36,0.0133185
11,he,<code>he</code>,34,0.0125786
12,ne,<code>ne</code>,32,0.0118387
13,hi,<code>hi</code>,31,0.0114687
14,for,<code>for</code>,30,0.0110988
15,is,<code>is</code>,27,0.0099889
16,godes,<code>godes</code>,26,0.0096189
17,&eth;am,<code>&amp;d;am</code>,25,0.0092490
18,mid,<code>mid</code>,24,0.0088790
19,&eth;an,<code>&amp;d;an</code>,23,0.0085091
20,&thorn;a,<code>&amp;t;a</code>,22,0.0081391
21,&thorn;e,<code>&amp;t;e</code>,21,0.0077691
22,fram,<code>fram</code>,19,0.0070292
23,ure,<code>ure</code>,18,0.0066593
23,us,<code>us</code>,18,0.0066593
25,&eth;&aelig;re,<code>&amp;d;&amp;ae;re</code>,16,0.0059193
25,cw&aelig;&eth;,<code>cw&amp;ae;&amp;d;</code>,16,0.0059193
25,heora,<code>heora</code>,16,0.0059193
28,bi&eth;,<code>bi&amp;d;</code>,15,0.0055494
28,ic,<code>ic</code>,15,0.0055494
28,rice,<code>rice</code>,15,0.0055494
31,o&eth;,<code>o&amp;d;</code>,14,0.0051794
32,nan,<code>nan</code>,13,0.0048095
32,seo,<code>seo</code>,13,0.0048095
32,tide,<code>tide</code>,13,0.0048095
35,god,<code>god</code>,12,0.0044395
35,nu,<code>nu</code>,12,0.0044395
37,hu,<code>hu</code>,11,0.0040696
37,witodlice,<code>witodlice</code>,11,0.0040696
39,&aelig;fter,<code>&amp;ae;fter</code>,10,0.0036996
39,be,<code>be</code>,10,0.0036996
39,drihten,<code>drihten</code>,10,0.0036996
39,him,<code>him</code>,10,0.0036996
39,wingearde,<code>wingearde</code>,10,0.0036996
44,&eth;eah,<code>&amp;d;eah</code>,9,0.0033296
44,&thorn;am,<code>&amp;t;am</code>,9,0.0033296
44,ac,<code>ac</code>,9,0.0033296
44,endenextan,<code>endenextan</code>,9,0.0033296
44,hiredes,<code>hiredes</code>,9,0.0033296
44,min,<code>min</code>,9,0.0033296
50,&thorn;&aelig;s,<code>&amp;t;&amp;ae;s</code>,8,0.0029597
50,fela,<code>fela</code>,8,0.0029597
50,folc,<code>folc</code>,8,0.0029597
50,gode,<code>gode</code>,8,0.0029597
50,sind,<code>sind</code>,8,0.0029597
55,&aelig;r,<code>&amp;ae;r</code>,7,0.0025897
55,&thorn;one,<code>&amp;t;one</code>,7,0.0025897
55,buton,<code>buton</code>,7,0.0025897
55,d&aelig;g,<code>d&amp;ae;g</code>,7,0.0025897
55,ealdor,<code>ealdor</code>,7,0.0025897
55,hlaford,<code>hlaford</code>,7,0.0025897
55,hw&aelig;t,<code>hw&amp;ae;t</code>,7,0.0025897
55,into,<code>into</code>,7,0.0025897
55,rihtlice,<code>rihtlice</code>,7,0.0025897
55,so&eth;lice,<code>so&amp;d;lice</code>,7,0.0025897
55,wyrhtan,<code>wyrhtan</code>,7,0.0025897
66,&eth;&aelig;ra,<code>&amp;d;&amp;ae;ra</code>,6,0.0022198
66,&eth;isum,<code>&amp;d;isum</code>,6,0.0022198
66,&eth;urh,<code>&amp;d;urh</code>,6,0.0022198
66,ge,<code>ge</code>,6,0.0022198
66,gif,<code>gif</code>,6,0.0022198
66,w&aelig;s,<code>w&amp;ae;s</code>,6,0.0022198
72,&eth;as,<code>&amp;d;as</code>,5,0.0018498
72,&thorn;&aelig;re,<code>&amp;t;&amp;ae;re</code>,5,0.0018498
72,&thorn;onne,<code>&amp;t;onne</code>,5,0.0018498
72,&thorn;u,<code>&amp;t;u</code>,5,0.0018498
72,beo&eth;,<code>beo&amp;d;</code>,5,0.0018498
72,eow,<code>eow</code>,5,0.0018498
72,gel&aelig;dde,<code>gel&amp;ae;dde</code>,5,0.0018498
72,geleafan,<code>geleafan</code>,5,0.0018498
72,heofenan,<code>heofenan</code>,5,0.0018498
72,langsumere,<code>langsumere</code>,5,0.0018498
72,life,<code>life</code>,5,0.0018498
72,middaneardes,<code>middaneardes</code>,5,0.0018498
72,mildheortnys,<code>mildheortnys</code>,5,0.0018498
72,septuagesima,<code>septuagesima</code>,5,0.0018498
72,sume,<code>sume</code>,5,0.0018498
72,swilce,<code>swilce</code>,5,0.0018498
72,synna,<code>synna</code>,5,0.0018498
72,underfengon,<code>underfengon</code>,5,0.0018498
72,urum,<code>urum</code>,5,0.0018498
72,wingeard,<code>wingeard</code>,5,0.0018498
72,wingeardes,<code>wingeardes</code>,5,0.0018498
72,ydele,<code>ydele</code>,5,0.0018498
94,&thorn;is,<code>&amp;t;is</code>,4,0.0014798
94,&thorn;isum,<code>&amp;t;isum</code>,4,0.0014798
94,&thorn;us,<code>&amp;t;us</code>,4,0.0014798
94,alleluian,<code>alleluian</code>,4,0.0014798
94,anum,<code>anum</code>,4,0.0014798
94,clypode,<code>clypode</code>,4,0.0014798
94,comon,<code>comon</code>,4,0.0014798
94,d&aelig;ge,<code>d&amp;ae;ge</code>,4,0.0014798
94,d&aelig;ges,<code>d&amp;ae;ges</code>,4,0.0014798
94,eac,<code>eac</code>,4,0.0014798
94,ealne,<code>ealne</code>,4,0.0014798
94,eft,<code>eft</code>,4,0.0014798
94,elcunge,<code>elcunge</code>,4,0.0014798
94,endlyftan,<code>endlyftan</code>,4,0.0014798
94,feawa,<code>feawa</code>,4,0.0014798
94,fyrmestan,<code>fyrmestan</code>,4,0.0014798
94,gecweden,<code>gecweden</code>,4,0.0014798
94,gehyrde,<code>gehyrde</code>,4,0.0014798
94,gyt,<code>gyt</code>,4,0.0014798
94,heofonan,<code>heofonan</code>,4,0.0014798
94,her,<code>her</code>,4,0.0014798
94,hine,<code>hine</code>,4,0.0014798
94,hundseofontig,<code>hundseofontig</code>,4,0.0014798
94,hwi,<code>hwi</code>,4,0.0014798
94,israhela,<code>israhela</code>,4,0.0014798
94,man,<code>man</code>,4,0.0014798
94,manna,<code>manna</code>,4,0.0014798
94,me,<code>me</code>,4,0.0014798
94,mede,<code>mede</code>,4,0.0014798
94,mine,<code>mine</code>,4,0.0014798
94,o&eth;&eth;e,<code>o&amp;d;&amp;d;e</code>,4,0.0014798
94,o&eth;re,<code>o&amp;d;re</code>,4,0.0014798
94,of,<code>of</code>,4,0.0014798
94,pening,<code>pening</code>,4,0.0014798
94,stemne,<code>stemne</code>,4,0.0014798
94,sunne,<code>sunne</code>,4,0.0014798
94,sy,<code>sy</code>,4,0.0014798
94,sylfum,<code>sylfum</code>,4,0.0014798
94,ylde,<code>ylde</code>,4,0.0014798
94,ymbe,<code>ymbe</code>,4,0.0014798
134,&aelig;lc,<code>&amp;ae;lc</code>,3,0.0011099
134,&aelig;rest,<code>&amp;ae;rest</code>,3,0.0011099
134,&aelig;rnemerigen,<code>&amp;ae;rnemerigen</code>,3,0.0011099
134,&aelig;t,<code>&amp;ae;t</code>,3,0.0011099
134,&eth;&aelig;s,<code>&amp;d;&amp;ae;s</code>,3,0.0011099
134,&eth;eode,<code>&amp;d;eode</code>,3,0.0011099
134,&eth;in,<code>&amp;d;in</code>,3,0.0011099
134,&eth;yssere,<code>&amp;d;yssere</code>,3,0.0011099
134,&thorn;eah,<code>&amp;t;eah</code>,3,0.0011099
134,&thorn;urh,<code>&amp;t;urh</code>,3,0.0011099
134,andwerdan,<code>andwerdan</code>,3,0.0011099
134,andwerdum,<code>andwerdum</code>,3,0.0011099
134,apostolas,<code>apostolas</code>,3,0.0011099
134,beon,<code>beon</code>,3,0.0011099
134,cildhade,<code>cildhade</code>,3,0.0011099
134,cw&aelig;don,<code>cw&amp;ae;don</code>,3,0.0011099
134,deo,<code>deo</code>,3,0.0011099
134,drihtnes,<code>drihtnes</code>,3,0.0011099
134,ecan,<code>ecan</code>,3,0.0011099
134,eode,<code>eode</code>,3,0.0011099
134,excelsis,<code>excelsis</code>,3,0.0011099
134,fl&aelig;sclicum,<code>fl&amp;ae;sclicum</code>,3,0.0011099
134,geara,<code>geara</code>,3,0.0011099
134,gebro&eth;ra,<code>gebro&amp;d;ra</code>,3,0.0011099
134,gecorenan,<code>gecorenan</code>,3,0.0011099
134,gela&eth;unge,<code>gela&amp;d;unge</code>,3,0.0011099
134,geswince,<code>geswince</code>,3,0.0011099
134,gloria,<code>gloria</code>,3,0.0011099
134,godnysse,<code>godnysse</code>,3,0.0011099
134,godspelles,<code>godspelles</code>,3,0.0011099
134,gyltum,<code>gyltum</code>,3,0.0011099
134,halgan,<code>halgan</code>,3,0.0011099
134,heahf&aelig;deras,<code>heahf&amp;ae;deras</code>,3,0.0011099
134,hit,<code>hit</code>,3,0.0011099
134,in,<code>in</code>,3,0.0011099
134,lareowas,<code>lareowas</code>,3,0.0011099
134,leden,<code>leden</code>,3,0.0011099
134,leofodon,<code>leofodon</code>,3,0.0011099
134,lifes,<code>lifes</code>,3,0.0011099
134,menn,<code>menn</code>,3,0.0011099
134,micel,<code>micel</code>,3,0.0011099
134,midne,<code>midne</code>,3,0.0011099
134,mildheortnyss,<code>mildheortnyss</code>,3,0.0011099
134,na,<code>na</code>,3,0.0011099
134,nextan,<code>nextan</code>,3,0.0011099
134,nontide,<code>nontide</code>,3,0.0011099
134,rihtum,<code>rihtum</code>,3,0.0011099
134,stande,<code>stande</code>,3,0.0011099
134,swylce,<code>swylce</code>,3,0.0011099
134,symle,<code>symle</code>,3,0.0011099
134,teolunge,<code>teolunge</code>,3,0.0011099
134,tid,<code>tid</code>,3,0.0011099
134,tidum,<code>tidum</code>,3,0.0011099
134,tocyme,<code>tocyme</code>,3,0.0011099
134,tod&aelig;g,<code>tod&amp;ae;g</code>,3,0.0011099
134,underfo&eth;,<code>underfo&amp;d;</code>,3,0.0011099
134,undern,<code>undern</code>,3,0.0011099
134,uton,<code>uton</code>,3,0.0011099
134,w&aelig;ron,<code>w&amp;ae;ron</code>,3,0.0011099
134,wel,<code>wel</code>,3,0.0011099
134,wille,<code>wille</code>,3,0.0011099
134,witega,<code>witega</code>,3,0.0011099
134,witegan,<code>witegan</code>,3,0.0011099
197,&aelig;,<code>&amp;ae;</code>,2,0.0007399
197,&aelig;fnunge,<code>&amp;ae;fnunge</code>,2,0.0007399
197,&eth;eawas,<code>&amp;d;eawas</code>,2,0.0007399
197,&eth;eawum,<code>&amp;d;eawum</code>,2,0.0007399
197,&eth;i,<code>&amp;d;i</code>,2,0.0007399
197,&eth;ises,<code>&amp;d;ises</code>,2,0.0007399
197,&eth;one,<code>&amp;d;one</code>,2,0.0007399
197,&eth;onne,<code>&amp;d;onne</code>,2,0.0007399
197,&eth;u,<code>&amp;d;u</code>,2,0.0007399
197,&thorn;&aelig;ra,<code>&amp;t;&amp;ae;ra</code>,2,0.0007399
197,&thorn;&aelig;rrihte,<code>&amp;t;&amp;ae;rrihte</code>,2,0.0007399
197,&thorn;es,<code>&amp;t;es</code>,2,0.0007399
197,&thorn;ises,<code>&amp;t;ises</code>,2,0.0007399
197,&thorn;yssere,<code>&amp;t;yssere</code>,2,0.0007399
197,abraham,<code>abraham</code>,2,0.0007399
197,acenned,<code>acenned</code>,2,0.0007399
197,alleluia,<code>alleluia</code>,2,0.0007399
197,amen,<code>amen</code>,2,0.0007399
197,andfenga,<code>andfenga</code>,2,0.0007399
197,andwyrde,<code>andwyrde</code>,2,0.0007399
197,ane,<code>ane</code>,2,0.0007399
197,apostol,<code>apostol</code>,2,0.0007399
197,b&aelig;ftan,<code>b&amp;ae;ftan</code>,2,0.0007399
197,b&aelig;ron,<code>b&amp;ae;ron</code>,2,0.0007399
197,babiloniscum,<code>babiloniscum</code>,2,0.0007399
197,beeode,<code>beeode</code>,2,0.0007399
197,beeodon,<code>beeodon</code>,2,0.0007399
197,biggencge,<code>biggencge</code>,2,0.0007399
197,blisse,<code>blisse</code>,2,0.0007399
197,byr&eth;ene,<code>byr&amp;d;ene</code>,2,0.0007399
197,ceorung,<code>ceorung</code>,2,0.0007399
197,com,<code>com</code>,2,0.0007399
197,crist,<code>crist</code>,2,0.0007399
197,cristes,<code>cristes</code>,2,0.0007399
197,cuma&eth;,<code>cuma&amp;d;</code>,2,0.0007399
197,cwe&eth;a&eth;,<code>cwe&amp;d;a&amp;d;</code>,2,0.0007399
197,cwe&eth;ende,<code>cwe&amp;d;ende</code>,2,0.0007399
197,de&eth;,<code>de&amp;d;</code>,2,0.0007399
197,dea&eth;e,<code>dea&amp;d;e</code>,2,0.0007399
197,don,<code>don</code>,2,0.0007399
197,drohtnunge,<code>drohtnunge</code>,2,0.0007399
197,eage,<code>eage</code>,2,0.0007399
197,ealle,<code>ealle</code>,2,0.0007399
197,eallum,<code>eallum</code>,2,0.0007399
197,eart,<code>eart</code>,2,0.0007399
197,eastertide,<code>eastertide</code>,2,0.0007399
197,eastron,<code>eastron</code>,2,0.0007399
197,ebreisc,<code>ebreisc</code>,2,0.0007399
197,efne,<code>efne</code>,2,0.0007399
197,ende,<code>ende</code>,2,0.0007399
197,endenexte,<code>endenexte</code>,2,0.0007399
197,endlyfte,<code>endlyfte</code>,2,0.0007399
197,eodon,<code>eodon</code>,2,0.0007399
197,eom,<code>eom</code>,2,0.0007399
197,eornostlice,<code>eornostlice</code>,2,0.0007399
197,forest&aelig;p&eth;,<code>forest&amp;ae;p&amp;d;</code>,2,0.0007399
197,forl&aelig;te,<code>forl&amp;ae;te</code>,2,0.0007399
197,forwel,<code>forwel</code>,2,0.0007399
197,fulfremeda,<code>fulfremeda</code>,2,0.0007399
197,fylig&eth;,<code>fylig&amp;d;</code>,2,0.0007399
197,fyrmeste,<code>fyrmeste</code>,2,0.0007399
197,ga&eth;,<code>ga&amp;d;</code>,2,0.0007399
197,gastlicum,<code>gastlicum</code>,2,0.0007399
197,geandette,<code>geandette</code>,2,0.0007399
197,gecorene,<code>gecorene</code>,2,0.0007399
197,gedafena&eth;,<code>gedafena&amp;d;</code>,2,0.0007399
197,geendunge,<code>geendunge</code>,2,0.0007399
197,gefylsta,<code>gefylsta</code>,2,0.0007399
197,gela&eth;ode,<code>gela&amp;d;ode</code>,2,0.0007399
197,gela&eth;ung,<code>gela&amp;d;ung</code>,2,0.0007399
197,gelice,<code>gelice</code>,2,0.0007399
197,gemette,<code>gemette</code>,2,0.0007399
197,gereord,<code>gereord</code>,2,0.0007399
197,getacnia&eth;,<code>getacnia&amp;d;</code>,2,0.0007399
197,getel,<code>getel</code>,2,0.0007399
197,gewear&eth;,<code>gewear&amp;d;</code>,2,0.0007399
197,gewita&eth;,<code>gewita&amp;d;</code>,2,0.0007399
197,godum,<code>godum</code>,2,0.0007399
197,gregorius,<code>gregorius</code>,2,0.0007399
197,h&aelig;&eth;enan,<code>h&amp;ae;&amp;d;enan</code>,2,0.0007399
197,h&aelig;f&eth;,<code>h&amp;ae;f&amp;d;</code>,2,0.0007399
197,h&aelig;tan,<code>h&amp;ae;tan</code>,2,0.0007399
197,hellicere,<code>hellicere</code>,2,0.0007399
197,heofenlican,<code>heofenlican</code>,2,0.0007399
197,heofonum,<code>heofonum</code>,2,0.0007399
197,heold,<code>heold</code>,2,0.0007399
197,hlaforde,<code>hlaforde</code>,2,0.0007399
197,hyrde,<code>hyrde</code>,2,0.0007399
197,l&aelig;renne,<code>l&amp;ae;renne</code>,2,0.0007399
197,la,<code>la</code>,2,0.0007399
197,latestan,<code>latestan</code>,2,0.0007399
197,leofa&eth;,<code>leofa&amp;d;</code>,2,0.0007399
197,lofsangas,<code>lofsangas</code>,2,0.0007399
197,lustum,<code>lustum</code>,2,0.0007399
197,lybban,<code>lybban</code>,2,0.0007399
197,m&aelig;ssan,<code>m&amp;ae;ssan</code>,2,0.0007399
197,magon,<code>magon</code>,2,0.0007399
197,mand&aelig;dum,<code>mand&amp;ae;dum</code>,2,0.0007399
197,mannes,<code>mannes</code>,2,0.0007399
197,menniscnysse,<code>menniscnysse</code>,2,0.0007399
197,micclan,<code>micclan</code>,2,0.0007399
197,micele,<code>micele</code>,2,0.0007399
197,midd&aelig;g,<code>midd&amp;ae;g</code>,2,0.0007399
197,middanearde,<code>middanearde</code>,2,0.0007399
197,mildheortnysse,<code>mildheortnysse</code>,2,0.0007399
197,minum,<code>minum</code>,2,0.0007399
197,mot,<code>mot</code>,2,0.0007399
197,noe,<code>noe</code>,2,0.0007399
197,noldon,<code>noldon</code>,2,0.0007399
197,oft,<code>oft</code>,2,0.0007399
197,ongean,<code>ongean</code>,2,0.0007399
197,peninge,<code>peninge</code>,2,0.0007399
197,qui,<code>qui</code>,2,0.0007399
197,riht,<code>riht</code>,2,0.0007399
197,s&aelig;de,<code>s&amp;ae;de</code>,2,0.0007399
197,scea&eth;a,<code>scea&amp;d;a</code>,2,0.0007399
197,sceoldon,<code>sceoldon</code>,2,0.0007399
197,sceolon,<code>sceolon</code>,2,0.0007399
197,sealmscop,<code>sealmscop</code>,2,0.0007399
197,secge,<code>secge</code>,2,0.0007399
197,si&eth;&eth;an,<code>si&amp;d;&amp;d;an</code>,2,0.0007399
197,singa&eth;,<code>singa&amp;d;</code>,2,0.0007399
197,sti&eth;nysse,<code>sti&amp;d;nysse</code>,2,0.0007399
197,sum,<code>sum</code>,2,0.0007399
197,sumere,<code>sumere</code>,2,0.0007399
197,sungon,<code>sungon</code>,2,0.0007399
197,sylfe,<code>sylfe</code>,2,0.0007399
197,sylfwilles,<code>sylfwilles</code>,2,0.0007399
197,syllan,<code>syllan</code>,2,0.0007399
197,teola&eth;,<code>teola&amp;d;</code>,2,0.0007399
197,tida,<code>tida</code>,2,0.0007399
197,tomerigen,<code>tomerigen</code>,2,0.0007399
197,trahtnere,<code>trahtnere</code>,2,0.0007399
197,trahtnunge,<code>trahtnunge</code>,2,0.0007399
197,twa,<code>twa</code>,2,0.0007399
197,underfeh&eth;,<code>underfeh&amp;d;</code>,2,0.0007399
197,ut,<code>ut</code>,2,0.0007399
197,w&aelig;stm,<code>w&amp;ae;stm</code>,2,0.0007399
197,w&aelig;stmb&aelig;re,<code>w&amp;ae;stmb&amp;ae;re</code>,2,0.0007399
197,welan,<code>welan</code>,2,0.0007399
197,weorcum,<code>weorcum</code>,2,0.0007399
197,willa&eth;,<code>willa&amp;d;</code>,2,0.0007399
197,willan,<code>willan</code>,2,0.0007399
197,worulde,<code>worulde</code>,2,0.0007399
197,wurdon,<code>wurdon</code>,2,0.0007399
197,ydel,<code>ydel</code>,2,0.0007399
197,yfel,<code>yfel</code>,2,0.0007399
344,&aelig;lice,<code>&amp;ae;lice</code>,1,0.0003700
344,&aelig;lmihtigan,<code>&amp;ae;lmihtigan</code>,1,0.0003700
344,&aelig;mtige,<code>&amp;ae;mtige</code>,1,0.0003700
344,&aelig;nlipige,<code>&amp;ae;nlipige</code>,1,0.0003700
344,&aelig;nne,<code>&amp;ae;nne</code>,1,0.0003700
344,&aelig;riste,<code>&amp;ae;riste</code>,1,0.0003700
344,&aelig;rmerigen,<code>&amp;ae;rmerigen</code>,1,0.0003700
344,&aelig;rran,<code>&amp;ae;rran</code>,1,0.0003700
344,&aelig;tbroden,<code>&amp;ae;tbroden</code>,1,0.0003700
344,&eth;&aelig;rtoeacan,<code>&amp;d;&amp;ae;rtoeacan</code>,1,0.0003700
344,&eth;earle,<code>&amp;d;earle</code>,1,0.0003700
344,&eth;enunga,<code>&amp;d;enunga</code>,1,0.0003700
344,&eth;eonde,<code>&amp;d;eonde</code>,1,0.0003700
344,&eth;eowas,<code>&amp;d;eowas</code>,1,0.0003700
344,&eth;eowdome,<code>&amp;d;eowdome</code>,1,0.0003700
344,&eth;ince,<code>&amp;d;ince</code>,1,0.0003700
344,&eth;ing,<code>&amp;d;ing</code>,1,0.0003700
344,&eth;inga,<code>&amp;d;inga</code>,1,0.0003700
344,&eth;ingum,<code>&amp;d;ingum</code>,1,0.0003700
344,&eth;inum,<code>&amp;d;inum</code>,1,0.0003700
344,&eth;issere,<code>&amp;d;issere</code>,1,0.0003700
344,&eth;riddan,<code>&amp;d;riddan</code>,1,0.0003700
344,&eth;rowade,<code>&amp;d;rowade</code>,1,0.0003700
344,&eth;us,<code>&amp;d;us</code>,1,0.0003700
344,&eth;yllice,<code>&amp;d;yllice</code>,1,0.0003700
344,&thorn;as,<code>&amp;t;as</code>,1,0.0003700
344,&thorn;enung,<code>&amp;t;enung</code>,1,0.0003700
344,&thorn;enunga,<code>&amp;t;enunga</code>,1,0.0003700
344,&thorn;eonde,<code>&amp;t;eonde</code>,1,0.0003700
344,&thorn;eowde,<code>&amp;t;eowde</code>,1,0.0003700
344,&thorn;eowdome,<code>&amp;t;eowdome</code>,1,0.0003700
344,&thorn;eowodon,<code>&amp;t;eowodon</code>,1,0.0003700
344,&thorn;riddan,<code>&amp;t;riddan</code>,1,0.0003700
344,ab&aelig;d,<code>ab&amp;ae;d</code>,1,0.0003700
344,abel,<code>abel</code>,1,0.0003700
344,ablin&eth;,<code>ablin&amp;d;</code>,1,0.0003700
344,abrahame,<code>abrahame</code>,1,0.0003700
344,abrahames,<code>abrahames</code>,1,0.0003700
344,acennednysse,<code>acennednysse</code>,1,0.0003700
344,adam,<code>adam</code>,1,0.0003700
344,aeterne,<code>aeterne</code>,1,0.0003700
344,afanda&eth;,<code>afanda&amp;d;</code>,1,0.0003700
344,affligimur,<code>affligimur</code>,1,0.0003700
344,agen,<code>agen</code>,1,0.0003700
344,agenum,<code>agenum</code>,1,0.0003700
344,agyld,<code>agyld</code>,1,0.0003700
344,agyldenne,<code>agyldenne</code>,1,0.0003700
344,ahredde,<code>ahredde</code>,1,0.0003700
344,alecgan,<code>alecgan</code>,1,0.0003700
344,amalarius,<code>amalarius</code>,1,0.0003700
344,andbidodon,<code>andbidodon</code>,1,0.0003700
344,andgites,<code>andgites</code>,1,0.0003700
344,andweardan,<code>andweardan</code>,1,0.0003700
344,andweardum,<code>andweardum</code>,1,0.0003700
344,andwyrdan,<code>andwyrdan</code>,1,0.0003700
344,andwyrdon,<code>andwyrdon</code>,1,0.0003700
344,anginne,<code>anginne</code>,1,0.0003700
344,arf&aelig;stlice,<code>arf&amp;ae;stlice</code>,1,0.0003700
344,arf&aelig;stnysse,<code>arf&amp;ae;stnysse</code>,1,0.0003700
344,ascreadian,<code>ascreadian</code>,1,0.0003700
344,asend,<code>asend</code>,1,0.0003700
344,asende,<code>asende</code>,1,0.0003700
344,asendenne,<code>asendenne</code>,1,0.0003700
344,asih&eth;,<code>asih&amp;d;</code>,1,0.0003700
344,aspenda&eth;,<code>aspenda&amp;d;</code>,1,0.0003700
344,astah,<code>astah</code>,1,0.0003700
344,astigan,<code>astigan</code>,1,0.0003700
344,astih&eth;,<code>astih&amp;d;</code>,1,0.0003700
344,aweg,<code>aweg</code>,1,0.0003700
344,awilda&eth;,<code>awilda&amp;d;</code>,1,0.0003700
344,awrat,<code>awrat</code>,1,0.0003700
344,becomon,<code>becomon</code>,1,0.0003700
344,becym&eth;,<code>becym&amp;d;</code>,1,0.0003700
344,befeallen,<code>befeallen</code>,1,0.0003700
344,befon,<code>befon</code>,1,0.0003700
344,beganne,<code>beganne</code>,1,0.0003700
344,beh&aelig;t,<code>beh&amp;ae;t</code>,1,0.0003700
344,behat,<code>behat</code>,1,0.0003700
344,behate,<code>behate</code>,1,0.0003700
344,behealda&eth;,<code>behealda&amp;d;</code>,1,0.0003700
344,behealde,<code>behealde</code>,1,0.0003700
344,beheold,<code>beheold</code>,1,0.0003700
344,behreowsunge,<code>behreowsunge</code>,1,0.0003700
344,beladunge,<code>beladunge</code>,1,0.0003700
344,belifon,<code>belifon</code>,1,0.0003700
344,beloge,<code>beloge</code>,1,0.0003700
344,beo,<code>beo</code>,1,0.0003700
344,bereowsunge,<code>bereowsunge</code>,1,0.0003700
344,bereowsungtid,<code>bereowsungtid</code>,1,0.0003700
344,bereowsungtide,<code>bereowsungtide</code>,1,0.0003700
344,besceawian,<code>besceawian</code>,1,0.0003700
344,besceawode,<code>besceawode</code>,1,0.0003700
344,betwux,<code>betwux</code>,1,0.0003700
344,bidda&eth;,<code>bidda&amp;d;</code>,1,0.0003700
344,bigspel,<code>bigspel</code>,1,0.0003700
344,binnon,<code>binnon</code>,1,0.0003700
344,bist,<code>bist</code>,1,0.0003700
344,blissigenne,<code>blissigenne</code>,1,0.0003700
344,boc,<code>boc</code>,1,0.0003700
344,bodade,<code>bodade</code>,1,0.0003700
344,bogas,<code>bogas</code>,1,0.0003700
344,bryde,<code>bryde</code>,1,0.0003700
344,brydguman,<code>brydguman</code>,1,0.0003700
344,bydelas,<code>bydelas</code>,1,0.0003700
344,bymena,<code>bymena</code>,1,0.0003700
344,carfullice,<code>carfullice</code>,1,0.0003700
344,caria&eth;,<code>caria&amp;d;</code>,1,0.0003700
344,ceas,<code>ceas</code>,1,0.0003700
344,celorum,<code>celorum</code>,1,0.0003700
344,cempan,<code>cempan</code>,1,0.0003700
344,ceoria&eth;,<code>ceoria&amp;d;</code>,1,0.0003700
344,ceorian,<code>ceorian</code>,1,0.0003700
344,ceorigende,<code>ceorigende</code>,1,0.0003700
344,ceorigenne,<code>ceorigenne</code>,1,0.0003700
344,ceorunge,<code>ceorunge</code>,1,0.0003700
344,cildcradole,<code>cildcradole</code>,1,0.0003700
344,cildhad,<code>cildhad</code>,1,0.0003700
344,circumdederunt,<code>circumdederunt</code>,1,0.0003700
344,clypa,<code>clypa</code>,1,0.0003700
344,clypa&eth;,<code>clypa&amp;d;</code>,1,0.0003700
344,clypian,<code>clypian</code>,1,0.0003700
344,clysunge,<code>clysunge</code>,1,0.0003700
344,cnihthad,<code>cnihthad</code>,1,0.0003700
344,cnihthade,<code>cnihthade</code>,1,0.0003700
344,collectan,<code>collectan</code>,1,0.0003700
344,conducere,<code>conducere</code>,1,0.0003700
344,criste,<code>criste</code>,1,0.0003700
344,cume,<code>cume</code>,1,0.0003700
344,cw&aelig;de,<code>cw&amp;ae;de</code>,1,0.0003700
344,cwe&eth;enne,<code>cwe&amp;d;enne</code>,1,0.0003700
344,cy&eth;a&eth;,<code>cy&amp;d;a&amp;d;</code>,1,0.0003700
344,cy&eth;ere,<code>cy&amp;d;ere</code>,1,0.0003700
344,cym&eth;,<code>cym&amp;d;</code>,1,0.0003700
344,cymst,<code>cymst</code>,1,0.0003700
344,cyning,<code>cyning</code>,1,0.0003700
344,cyninge,<code>cyninge</code>,1,0.0003700
344,cyrcan,<code>cyrcan</code>,1,0.0003700
344,cyrclice,<code>cyrclice</code>,1,0.0003700
344,cyrclicum,<code>cyrclicum</code>,1,0.0003700
344,d&aelig;dbetendum,<code>d&amp;ae;dbetendum</code>,1,0.0003700
344,d&aelig;g&eth;erlican,<code>d&amp;ae;g&amp;d;erlican</code>,1,0.0003700
344,daga,<code>daga</code>,1,0.0003700
344,dagas,<code>dagas</code>,1,0.0003700
344,dea&thorn;es,<code>dea&amp;t;es</code>,1,0.0003700
344,dema,<code>dema</code>,1,0.0003700
344,do,<code>do</code>,1,0.0003700
344,domine,<code>domine</code>,1,0.0003700
344,dominica,<code>dominica</code>,1,0.0003700
344,dominum,<code>dominum</code>,1,0.0003700
344,dream,<code>dream</code>,1,0.0003700
344,drihtne,<code>drihtne</code>,1,0.0003700
344,drohtnodon,<code>drohtnodon</code>,1,0.0003700
344,dyde,<code>dyde</code>,1,0.0003700
344,dydest,<code>dydest</code>,1,0.0003700
344,dyrstelice,<code>dyrstelice</code>,1,0.0003700
344,dyslic,<code>dyslic</code>,1,0.0003700
344,eadmodan,<code>eadmodan</code>,1,0.0003700
344,eadmodnysse,<code>eadmodnysse</code>,1,0.0003700
344,eadmodran,<code>eadmodran</code>,1,0.0003700
344,eal,<code>eal</code>,1,0.0003700
344,eala,<code>eala</code>,1,0.0003700
344,ealda,<code>ealda</code>,1,0.0003700
344,ealdan,<code>ealdan</code>,1,0.0003700
344,ealde,<code>ealde</code>,1,0.0003700
344,ealdf&aelig;dera,<code>ealdf&amp;ae;dera</code>,1,0.0003700
344,ealdf&aelig;deras,<code>ealdf&amp;ae;deras</code>,1,0.0003700
344,ealdigendan,<code>ealdigendan</code>,1,0.0003700
344,ealdnyss,<code>ealdnyss</code>,1,0.0003700
344,ealdnysse,<code>ealdnysse</code>,1,0.0003700
344,ealdre,<code>ealdre</code>,1,0.0003700
344,ealra,<code>ealra</code>,1,0.0003700
344,ealswa,<code>ealswa</code>,1,0.0003700
344,earde,<code>earde</code>,1,0.0003700
344,earfo&eth;lice,<code>earfo&amp;d;lice</code>,1,0.0003700
344,eastd&aelig;le,<code>eastd&amp;ae;le</code>,1,0.0003700
344,easterlican,<code>easterlican</code>,1,0.0003700
344,ebreisce,<code>ebreisce</code>,1,0.0003700
344,ecelice,<code>ecelice</code>,1,0.0003700
344,ecere,<code>ecere</code>,1,0.0003700
344,eces,<code>eces</code>,1,0.0003700
344,edlean,<code>edlean</code>,1,0.0003700
344,ehtende,<code>ehtende</code>,1,0.0003700
344,endebyrdnysse,<code>endebyrdnysse</code>,1,0.0003700
344,endenext,<code>endenext</code>,1,0.0003700
344,engla,<code>engla</code>,1,0.0003700
344,englas,<code>englas</code>,1,0.0003700
344,eowere,<code>eowere</code>,1,0.0003700
344,est,<code>est</code>,1,0.0003700
344,et,<code>et</code>,1,0.0003700
344,exiit,<code>exiit</code>,1,0.0003700
344,f&aelig;ce,<code>f&amp;ae;ce</code>,1,0.0003700
344,f&aelig;gnunge,<code>f&amp;ae;gnunge</code>,1,0.0003700
344,f&aelig;sten,<code>f&amp;ae;sten</code>,1,0.0003700
344,ferde,<code>ferde</code>,1,0.0003700
344,filia&eth;,<code>filia&amp;d;</code>,1,0.0003700
344,foh,<code>foh</code>,1,0.0003700
344,folce,<code>folce</code>,1,0.0003700
344,folces,<code>folces</code>,1,0.0003700
344,folgere,<code>folgere</code>,1,0.0003700
344,for&eth;,<code>for&amp;d;</code>,1,0.0003700
344,for&eth;si&eth;e,<code>for&amp;d;si&amp;d;e</code>,1,0.0003700
344,for&eth;yldga&eth;,<code>for&amp;d;yldga&amp;d;</code>,1,0.0003700
344,fores&aelig;dra,<code>fores&amp;ae;dra</code>,1,0.0003700
344,fores&aelig;dum,<code>fores&amp;ae;dum</code>,1,0.0003700
344,forestop,<code>forestop</code>,1,0.0003700
344,forg&aelig;gednyssum,<code>forg&amp;ae;gednyssum</code>,1,0.0003700
344,forgyfen,<code>forgyfen</code>,1,0.0003700
344,forgymeleasodon,<code>forgymeleasodon</code>,1,0.0003700
344,forh&aelig;f&eth;,<code>forh&amp;ae;f&amp;d;</code>,1,0.0003700
344,forhra&eth;e,<code>forhra&amp;d;e</code>,1,0.0003700
344,forhradode,<code>forhradode</code>,1,0.0003700
344,forl&aelig;t,<code>forl&amp;ae;t</code>,1,0.0003700
344,forl&aelig;ta&eth;,<code>forl&amp;ae;ta&amp;d;</code>,1,0.0003700
344,forma,<code>forma</code>,1,0.0003700
344,forseon,<code>forseon</code>,1,0.0003700
344,forwerode,<code>forwerode</code>,1,0.0003700
344,forwerodre,<code>forwerodre</code>,1,0.0003700
344,fremigan,<code>fremigan</code>,1,0.0003700
344,freond,<code>freond</code>,1,0.0003700
344,frim&eth;e,<code>frim&amp;d;e</code>,1,0.0003700
344,frym&eth;e,<code>frym&amp;d;e</code>,1,0.0003700
344,fullum,<code>fullum</code>,1,0.0003700
344,fulre,<code>fulre</code>,1,0.0003700
344,fultimigenne,<code>fultimigenne</code>,1,0.0003700
344,fylst,<code>fylst</code>,1,0.0003700
344,fyr&eth;rian,<code>fyr&amp;d;rian</code>,1,0.0003700
344,ga,<code>ga</code>,1,0.0003700
344,gasta,<code>gasta</code>,1,0.0003700
344,ge&eth;read,<code>ge&amp;d;read</code>,1,0.0003700
344,ge&eth;uht,<code>ge&amp;d;uht</code>,1,0.0003700
344,ge&eth;uhte,<code>ge&amp;d;uhte</code>,1,0.0003700
344,ge&eth;ungene,<code>ge&amp;d;ungene</code>,1,0.0003700
344,ge&eth;ungenum,<code>ge&amp;d;ungenum</code>,1,0.0003700
344,geagna&eth;,<code>geagna&amp;d;</code>,1,0.0003700
344,gearca&eth;,<code>gearca&amp;d;</code>,1,0.0003700
344,gearlicum,<code>gearlicum</code>,1,0.0003700
344,gebigan,<code>gebigan</code>,1,0.0003700
344,gecampe,<code>gecampe</code>,1,0.0003700
344,gecigan,<code>gecigan</code>,1,0.0003700
344,gecigde,<code>gecigde</code>,1,0.0003700
344,gecigede,<code>gecigede</code>,1,0.0003700
344,geclypode,<code>geclypode</code>,1,0.0003700
344,gecneordlicere,<code>gecneordlicere</code>,1,0.0003700
344,gecneordnysse,<code>gecneordnysse</code>,1,0.0003700
344,gecorenra,<code>gecorenra</code>,1,0.0003700
344,gecwemlice,<code>gecwemlice</code>,1,0.0003700
344,gecyrra&eth;,<code>gecyrra&amp;d;</code>,1,0.0003700
344,gedeorfum,<code>gedeorfum</code>,1,0.0003700
344,gedrefednysse,<code>gedrefednysse</code>,1,0.0003700
344,gedrefednyssum,<code>gedrefednyssum</code>,1,0.0003700
344,gedwyld,<code>gedwyld</code>,1,0.0003700
344,geefenl&aelig;con,<code>geefenl&amp;ae;con</code>,1,0.0003700
344,geenda&eth;,<code>geenda&amp;d;</code>,1,0.0003700
344,geendebyrd,<code>geendebyrd</code>,1,0.0003700
344,geendung,<code>geendung</code>,1,0.0003700
344,gefeohte,<code>gefeohte</code>,1,0.0003700
344,gefremodon,<code>gefremodon</code>,1,0.0003700
344,gefyl&eth;,<code>gefyl&amp;d;</code>,1,0.0003700
344,gegaderode,<code>gegaderode</code>,1,0.0003700
344,gegaderung,<code>gegaderung</code>,1,0.0003700
344,gegearcian,<code>gegearcian</code>,1,0.0003700
344,gegearcodne,<code>gegearcodne</code>,1,0.0003700
344,gehergode,<code>gehergode</code>,1,0.0003700
344,gehwilc,<code>gehwilc</code>,1,0.0003700
344,gehwilcum,<code>gehwilcum</code>,1,0.0003700
344,gehwylcum,<code>gehwylcum</code>,1,0.0003700
344,gehylt,<code>gehylt</code>,1,0.0003700
344,gehyrede,<code>gehyrede</code>,1,0.0003700
344,gehyrsumia&eth;,<code>gehyrsumia&amp;d;</code>,1,0.0003700
344,gel&aelig;dan,<code>gel&amp;ae;dan</code>,1,0.0003700
344,gel&aelig;ste,<code>gel&amp;ae;ste</code>,1,0.0003700
344,gela&eth;a&eth;,<code>gela&amp;d;a&amp;d;</code>,1,0.0003700
344,geleaffullan,<code>geleaffullan</code>,1,0.0003700
344,gelic,<code>gelic</code>,1,0.0003700
344,gelicnysse,<code>gelicnysse</code>,1,0.0003700
344,gelimplice,<code>gelimplice</code>,1,0.0003700
344,gelogod,<code>gelogod</code>,1,0.0003700
344,gelome,<code>gelome</code>,1,0.0003700
344,gelyfde,<code>gelyfde</code>,1,0.0003700
344,gelyfende,<code>gelyfende</code>,1,0.0003700
344,gem&aelig;nelicum,<code>gem&amp;ae;nelicum</code>,1,0.0003700
344,gemacode,<code>gemacode</code>,1,0.0003700
344,gemitus,<code>gemitus</code>,1,0.0003700
344,gemunan,<code>gemunan</code>,1,0.0003700
344,gemyndig,<code>gemyndig</code>,1,0.0003700
344,geneal&aelig;cende,<code>geneal&amp;ae;cende</code>,1,0.0003700
344,geneal&aelig;h&eth;,<code>geneal&amp;ae;h&amp;d;</code>,1,0.0003700
344,geogo&eth;,<code>geogo&amp;d;</code>,1,0.0003700
344,geogo&eth;e,<code>geogo&amp;d;e</code>,1,0.0003700
344,geomerunga,<code>geomerunga</code>,1,0.0003700
344,geopenode,<code>geopenode</code>,1,0.0003700
344,geresta&eth;,<code>geresta&amp;d;</code>,1,0.0003700
344,ges&aelig;d,<code>ges&amp;ae;d</code>,1,0.0003700
344,gesceop,<code>gesceop</code>,1,0.0003700
344,gescreadod,<code>gescreadod</code>,1,0.0003700
344,geseo&eth;,<code>geseo&amp;d;</code>,1,0.0003700
344,geseon,<code>geseon</code>,1,0.0003700
344,gesetnyssa,<code>gesetnyssa</code>,1,0.0003700
344,gesih&eth;,<code>gesih&amp;d;</code>,1,0.0003700
344,gest&aelig;ned,<code>gest&amp;ae;ned</code>,1,0.0003700
344,gestreon,<code>gestreon</code>,1,0.0003700
344,gestrynan,<code>gestrynan</code>,1,0.0003700
344,geswencte,<code>geswencte</code>,1,0.0003700
344,geswica&eth;,<code>geswica&amp;d;</code>,1,0.0003700
344,geswican,<code>geswican</code>,1,0.0003700
344,geswincum,<code>geswincum</code>,1,0.0003700
344,geswutelia&eth;,<code>geswutelia&amp;d;</code>,1,0.0003700
344,geswutelod,<code>geswutelod</code>,1,0.0003700
344,getacna&eth;,<code>getacna&amp;d;</code>,1,0.0003700
344,getacnunge,<code>getacnunge</code>,1,0.0003700
344,getealde,<code>getealde</code>,1,0.0003700
344,getyddrode,<code>getyddrode</code>,1,0.0003700
344,gewislice,<code>gewislice</code>,1,0.0003700
344,gewylt,<code>gewylt</code>,1,0.0003700
344,gloriae,<code>gloriae</code>,1,0.0003700
344,gnornung,<code>gnornung</code>,1,0.0003700
344,godan,<code>godan</code>,1,0.0003700
344,godcundlican,<code>godcundlican</code>,1,0.0003700
344,godra,<code>godra</code>,1,0.0003700
344,godre,<code>godre</code>,1,0.0003700
344,godspel,<code>godspel</code>,1,0.0003700
344,good,<code>good</code>,1,0.0003700
344,gyltas,<code>gyltas</code>,1,0.0003700
344,gymeleaste,<code>gymeleaste</code>,1,0.0003700
344,gytsunge,<code>gytsunge</code>,1,0.0003700
344,h&aelig;&eth;enum,<code>h&amp;ae;&amp;d;enum</code>,1,0.0003700
344,h&aelig;ftnede,<code>h&amp;ae;ftnede</code>,1,0.0003700
344,h&aelig;ftnunge,<code>h&amp;ae;ftnunge</code>,1,0.0003700
344,h&aelig;lend,<code>h&amp;ae;lend</code>,1,0.0003700
344,h&aelig;lendes,<code>h&amp;ae;lendes</code>,1,0.0003700
344,habba&eth;,<code>habba&amp;d;</code>,1,0.0003700
344,habban,<code>habban</code>,1,0.0003700
344,hacelan,<code>hacelan</code>,1,0.0003700
344,halige,<code>halige</code>,1,0.0003700
344,hand,<code>hand</code>,1,0.0003700
344,hatte,<code>hatte</code>,1,0.0003700
344,heahf&aelig;der,<code>heahf&amp;ae;der</code>,1,0.0003700
344,heahf&aelig;derum,<code>heahf&amp;ae;derum</code>,1,0.0003700
344,healic,<code>healic</code>,1,0.0003700
344,healice,<code>healice</code>,1,0.0003700
344,healle,<code>healle</code>,1,0.0003700
344,hefigtyme,<code>hefigtyme</code>,1,0.0003700
344,helle,<code>helle</code>,1,0.0003700
344,heo,<code>heo</code>,1,0.0003700
344,heofenlice,<code>heofenlice</code>,1,0.0003700
344,heofonlic,<code>heofonlic</code>,1,0.0003700
344,heofonlican,<code>heofonlican</code>,1,0.0003700
344,heofonlice,<code>heofonlice</code>,1,0.0003700
344,heofunge,<code>heofunge</code>,1,0.0003700
344,heofungtid,<code>heofungtid</code>,1,0.0003700
344,heonon,<code>heonon</code>,1,0.0003700
344,heorcnigendum,<code>heorcnigendum</code>,1,0.0003700
344,heortan,<code>heortan</code>,1,0.0003700
344,het,<code>het</code>,1,0.0003700
344,hieremias,<code>hieremias</code>,1,0.0003700
344,hire,<code>hire</code>,1,0.0003700
344,hired,<code>hired</code>,1,0.0003700
344,hiwr&aelig;den,<code>hiwr&amp;ae;den</code>,1,0.0003700
344,homini,<code>homini</code>,1,0.0003700
344,hr&aelig;dlicor,<code>hr&amp;ae;dlicor</code>,1,0.0003700
344,hra&eth;or,<code>hra&amp;d;or</code>,1,0.0003700
344,hryre,<code>hryre</code>,1,0.0003700
344,hundseofontigfeald,<code>hundseofontigfeald</code>,1,0.0003700
344,hundseofontigfealde,<code>hundseofontigfealde</code>,1,0.0003700
344,huru,<code>huru</code>,1,0.0003700
344,huxlice,<code>huxlice</code>,1,0.0003700
344,hw&aelig;&eth;er,<code>hw&amp;ae;&amp;d;er</code>,1,0.0003700
344,hwilcum,<code>hwilcum</code>,1,0.0003700
344,hwonlice,<code>hwonlice</code>,1,0.0003700
344,hwylce,<code>hwylce</code>,1,0.0003700
344,hwylcere,<code>hwylcere</code>,1,0.0003700
344,hylt,<code>hylt</code>,1,0.0003700
344,hyre,<code>hyre</code>,1,0.0003700
344,hyrian,<code>hyrian</code>,1,0.0003700
344,hyrigmannum,<code>hyrigmannum</code>,1,0.0003700
344,hyrmenn,<code>hyrmenn</code>,1,0.0003700
344,iacobe,<code>iacobe</code>,1,0.0003700
344,inweardre,<code>inweardre</code>,1,0.0003700
344,iohannes,<code>iohannes</code>,1,0.0003700
344,isaace,<code>isaace</code>,1,0.0003700
344,isaias,<code>isaias</code>,1,0.0003700
344,israhel,<code>israhel</code>,1,0.0003700
344,iudeiscre,<code>iudeiscre</code>,1,0.0003700
344,iuste,<code>iuste</code>,1,0.0003700
344,l&aelig;dde,<code>l&amp;ae;dde</code>,1,0.0003700
344,l&aelig;wede,<code>l&amp;ae;wede</code>,1,0.0003700
344,langne,<code>langne</code>,1,0.0003700
344,langsumum,<code>langsumum</code>,1,0.0003700
344,lare,<code>lare</code>,1,0.0003700
344,lareow,<code>lareow</code>,1,0.0003700
344,laudate,<code>laudate</code>,1,0.0003700
344,laus,<code>laus</code>,1,0.0003700
344,leahtras,<code>leahtras</code>,1,0.0003700
344,leahtrum,<code>leahtrum</code>,1,0.0003700
344,leorningcnihtum,<code>leorningcnihtum</code>,1,0.0003700
344,li&eth;,<code>li&amp;d;</code>,1,0.0003700
344,lichaman,<code>lichaman</code>,1,0.0003700
344,lichamlice,<code>lichamlice</code>,1,0.0003700
344,lif,<code>lif</code>,1,0.0003700
344,lof,<code>lof</code>,1,0.0003700
344,lufe,<code>lufe</code>,1,0.0003700
344,m&aelig;g,<code>m&amp;ae;g</code>,1,0.0003700
344,m&aelig;gen,<code>m&amp;ae;gen</code>,1,0.0003700
344,ma,<code>ma</code>,1,0.0003700
344,mage,<code>mage</code>,1,0.0003700
344,mana&eth;,<code>mana&amp;d;</code>,1,0.0003700
344,mane,<code>mane</code>,1,0.0003700
344,mann,<code>mann</code>,1,0.0003700
344,mannum,<code>mannum</code>,1,0.0003700
344,maran,<code>maran</code>,1,0.0003700
344,mare,<code>mare</code>,1,0.0003700
344,martyr,<code>martyr</code>,1,0.0003700
344,men,<code>men</code>,1,0.0003700
344,menigfealdum,<code>menigfealdum</code>,1,0.0003700
344,mennisce,<code>mennisce</code>,1,0.0003700
344,menniscra,<code>menniscra</code>,1,0.0003700
344,merigen,<code>merigen</code>,1,0.0003700
344,merigenlica,<code>merigenlica</code>,1,0.0003700
344,mihte,<code>mihte</code>,1,0.0003700
344,mildheorta,<code>mildheorta</code>,1,0.0003700
344,mildheortne,<code>mildheortne</code>,1,0.0003700
344,mildsunge,<code>mildsunge</code>,1,0.0003700
344,miltsa&eth;,<code>miltsa&amp;d;</code>,1,0.0003700
344,minre,<code>minre</code>,1,0.0003700
344,mislicnyssa,<code>mislicnyssa</code>,1,0.0003700
344,mislicum,<code>mislicum</code>,1,0.0003700
344,misweaxendan,<code>misweaxendan</code>,1,0.0003700
344,mode,<code>mode</code>,1,0.0003700
344,modigra,<code>modigra</code>,1,0.0003700
344,mortis,<code>mortis</code>,1,0.0003700
344,moton,<code>moton</code>,1,0.0003700
344,moyse,<code>moyse</code>,1,0.0003700
344,moysen,<code>moysen</code>,1,0.0003700
344,moyses,<code>moyses</code>,1,0.0003700
344,mycelre,<code>mycelre</code>,1,0.0003700
344,myrh&eth;e,<code>myrh&amp;d;e</code>,1,0.0003700
344,n&aelig;f&eth;,<code>n&amp;ae;f&amp;d;</code>,1,0.0003700
344,n&aelig;nes,<code>n&amp;ae;nes</code>,1,0.0003700
344,n&aelig;nne,<code>n&amp;ae;nne</code>,1,0.0003700
344,n&aelig;ron,<code>n&amp;ae;ron</code>,1,0.0003700
344,n&aelig;s,<code>n&amp;ae;s</code>,1,0.0003700
344,naman,<code>naman</code>,1,0.0003700
344,nateshwon,<code>nateshwon</code>,1,0.0003700
344,neadunge,<code>neadunge</code>,1,0.0003700
344,nella&eth;,<code>nella&amp;d;</code>,1,0.0003700
344,neorxenawange,<code>neorxenawange</code>,1,0.0003700
344,neorxenawanges,<code>neorxenawanges</code>,1,0.0003700
344,ni&eth;er,<code>ni&amp;d;er</code>,1,0.0003700
344,nigo&eth;an,<code>nigo&amp;d;an</code>,1,0.0003700
344,nigon,<code>nigon</code>,1,0.0003700
344,nim,<code>nim</code>,1,0.0003700
344,nis,<code>nis</code>,1,0.0003700
344,nolde,<code>nolde</code>,1,0.0003700
344,non,<code>non</code>,1,0.0003700
344,none,<code>none</code>,1,0.0003700
344,nontid,<code>nontid</code>,1,0.0003700
344,nostris,<code>nostris</code>,1,0.0003700
344,nyte,<code>nyte</code>,1,0.0003700
344,nyton,<code>nyton</code>,1,0.0003700
344,o&eth;ra,<code>o&amp;d;ra</code>,1,0.0003700
344,o&eth;res,<code>o&amp;d;res</code>,1,0.0003700
344,o&eth;rum,<code>o&amp;d;rum</code>,1,0.0003700
344,ofer,<code>ofer</code>,1,0.0003700
344,officio,<code>officio</code>,1,0.0003700
344,ondr&aelig;dendlic,<code>ondr&amp;ae;dendlic</code>,1,0.0003700
344,onfangenes,<code>onfangenes</code>,1,0.0003700
344,onfo&eth;,<code>onfo&amp;d;</code>,1,0.0003700
344,onfon,<code>onfon</code>,1,0.0003700
344,ongann,<code>ongann</code>,1,0.0003700
344,ongin&eth;,<code>ongin&amp;d;</code>,1,0.0003700
344,ongunnon,<code>ongunnon</code>,1,0.0003700
344,onhebbe,<code>onhebbe</code>,1,0.0003700
344,operarios,<code>operarios</code>,1,0.0003700
344,ortruwige,<code>ortruwige</code>,1,0.0003700
344,patrifamilias,<code>patrifamilias</code>,1,0.0003700
344,paulus,<code>paulus</code>,1,0.0003700
344,peccatis,<code>peccatis</code>,1,0.0003700
344,penegas,<code>penegas</code>,1,0.0003700
344,petrum,<code>petrum</code>,1,0.0003700
344,pinungum,<code>pinungum</code>,1,0.0003700
344,pistole,<code>pistole</code>,1,0.0003700
344,primo,<code>primo</code>,1,0.0003700
344,pro,<code>pro</code>,1,0.0003700
344,race,<code>race</code>,1,0.0003700
344,regnum,<code>regnum</code>,1,0.0003700
344,reliqua,<code>reliqua</code>,1,0.0003700
344,reste,<code>reste</code>,1,0.0003700
344,rex,<code>rex</code>,1,0.0003700
344,rices,<code>rices</code>,1,0.0003700
344,rihtwisan,<code>rihtwisan</code>,1,0.0003700
344,rihtwisnysse,<code>rihtwisnysse</code>,1,0.0003700
344,rihtwisra,<code>rihtwisra</code>,1,0.0003700
344,rixa&eth;,<code>rixa&amp;d;</code>,1,0.0003700
344,rodehengene,<code>rodehengene</code>,1,0.0003700
344,ryne,<code>ryne</code>,1,0.0003700
344,s&aelig;ternesd&aelig;ge,<code>s&amp;ae;ternesd&amp;ae;ge</code>,1,0.0003700
344,sang,<code>sang</code>,1,0.0003700
344,sarnyssa,<code>sarnyssa</code>,1,0.0003700
344,saulus,<code>saulus</code>,1,0.0003700
344,sawla,<code>sawla</code>,1,0.0003700
344,sawul,<code>sawul</code>,1,0.0003700
344,scea&eth;an,<code>scea&amp;d;an</code>,1,0.0003700
344,sceal,<code>sceal</code>,1,0.0003700
344,sceawia&eth;,<code>sceawia&amp;d;</code>,1,0.0003700
344,sceortre,<code>sceortre</code>,1,0.0003700
344,screadian,<code>screadian</code>,1,0.0003700
344,scrutnian,<code>scrutnian</code>,1,0.0003700
344,scyldig,<code>scyldig</code>,1,0.0003700
344,scyppend,<code>scyppend</code>,1,0.0003700
344,sealde,<code>sealde</code>,1,0.0003700
344,sealmwyrhta,<code>sealmwyrhta</code>,1,0.0003700
344,seca&eth;,<code>seca&amp;d;</code>,1,0.0003700
344,secgan,<code>secgan</code>,1,0.0003700
344,sende,<code>sende</code>,1,0.0003700
344,setlunge,<code>setlunge</code>,1,0.0003700
344,simile,<code>simile</code>,1,0.0003700
344,singe,<code>singe</code>,1,0.0003700
344,sixtan,<code>sixtan</code>,1,0.0003700
344,sleacum,<code>sleacum</code>,1,0.0003700
344,smea&eth;ancelnysse,<code>smea&amp;d;ancelnysse</code>,1,0.0003700
344,smeaga&eth;,<code>smeaga&amp;d;</code>,1,0.0003700
344,smeage,<code>smeage</code>,1,0.0003700
344,so&eth;,<code>so&amp;d;</code>,1,0.0003700
344,so&eth;an,<code>so&amp;d;an</code>,1,0.0003700
344,so&eth;f&aelig;stnys,<code>so&amp;d;f&amp;ae;stnys</code>,1,0.0003700
344,so&eth;re,<code>so&amp;d;re</code>,1,0.0003700
344,spara&eth;,<code>spara&amp;d;</code>,1,0.0003700
344,spr&aelig;ce,<code>spr&amp;ae;ce</code>,1,0.0003700
344,sprytte,<code>sprytte</code>,1,0.0003700
344,st&aelig;nendra,<code>st&amp;ae;nendra</code>,1,0.0003700
344,standa&eth;,<code>standa&amp;d;</code>,1,0.0003700
344,standan,<code>standan</code>,1,0.0003700
344,standende,<code>standende</code>,1,0.0003700
344,stephanum,<code>stephanum</code>,1,0.0003700
344,stephanus,<code>stephanus</code>,1,0.0003700
344,stigende,<code>stigende</code>,1,0.0003700
344,stodon,<code>stodon</code>,1,0.0003700
344,stowe,<code>stowe</code>,1,0.0003700
344,str&aelig;t,<code>str&amp;ae;t</code>,1,0.0003700
344,strenc&eth;e,<code>strenc&amp;d;e</code>,1,0.0003700
344,sumes,<code>sumes</code>,1,0.0003700
344,sumum,<code>sumum</code>,1,0.0003700
344,sunnand&aelig;ge,<code>sunnand&amp;ae;ge</code>,1,0.0003700
344,susle,<code>susle</code>,1,0.0003700
344,swi&eth;e,<code>swi&amp;d;e</code>,1,0.0003700
344,swilcum,<code>swilcum</code>,1,0.0003700
344,swince,<code>swince</code>,1,0.0003700
344,swincenne,<code>swincenne</code>,1,0.0003700
344,swunce,<code>swunce</code>,1,0.0003700
344,swuncon,<code>swuncon</code>,1,0.0003700
344,swutellice,<code>swutellice</code>,1,0.0003700
344,swyftnysse,<code>swyftnysse</code>,1,0.0003700
344,sy&eth;&eth;an,<code>sy&amp;d;&amp;d;an</code>,1,0.0003700
344,sylfne,<code>sylfne</code>,1,0.0003700
344,sylle,<code>sylle</code>,1,0.0003700
344,synnum,<code>synnum</code>,1,0.0003700
344,temple,<code>temple</code>,1,0.0003700
344,teonan,<code>teonan</code>,1,0.0003700
344,tibi,<code>tibi</code>,1,0.0003700
344,tige,<code>tige</code>,1,0.0003700
344,tilia,<code>tilia</code>,1,0.0003700
344,timan,<code>timan</code>,1,0.0003700
344,tod&aelig;lan,<code>tod&amp;ae;lan</code>,1,0.0003700
344,toweard,<code>toweard</code>,1,0.0003700
344,toweardan,<code>toweardan</code>,1,0.0003700
344,truwige,<code>truwige</code>,1,0.0003700
344,twynunge,<code>twynunge</code>,1,0.0003700
344,tylia&eth;,<code>tylia&amp;d;</code>,1,0.0003700
344,ufemestum,<code>ufemestum</code>,1,0.0003700
344,unc,<code>unc</code>,1,0.0003700
344,uncu&eth;e,<code>uncu&amp;d;e</code>,1,0.0003700
344,under,<code>under</code>,1,0.0003700
344,underfeng,<code>underfeng</code>,1,0.0003700
344,underntid,<code>underntid</code>,1,0.0003700
344,understanda&eth;,<code>understanda&amp;d;</code>,1,0.0003700
344,understandenne,<code>understandenne</code>,1,0.0003700
344,understod,<code>understod</code>,1,0.0003700
344,unriht,<code>unriht</code>,1,0.0003700
344,untwylice,<code>untwylice</code>,1,0.0003700
344,upplica,<code>upplica</code>,1,0.0003700
344,ures,<code>ures</code>,1,0.0003700
344,urne,<code>urne</code>,1,0.0003700
344,w&aelig;re,<code>w&amp;ae;re</code>,1,0.0003700
344,w&aelig;stmas,<code>w&amp;ae;stmas</code>,1,0.0003700
344,w&aelig;stme,<code>w&amp;ae;stme</code>,1,0.0003700
344,w&aelig;stmes,<code>w&amp;ae;stmes</code>,1,0.0003700
344,wacelum,<code>wacelum</code>,1,0.0003700
344,wanigende,<code>wanigende</code>,1,0.0003700
344,wege,<code>wege</code>,1,0.0003700
344,weig,<code>weig</code>,1,0.0003700
344,wendon,<code>wendon</code>,1,0.0003700
344,weorc,<code>weorc</code>,1,0.0003700
344,weorca,<code>weorca</code>,1,0.0003700
344,weorce,<code>weorce</code>,1,0.0003700
344,weorces,<code>weorces</code>,1,0.0003700
344,werod,<code>werod</code>,1,0.0003700
344,westd&aelig;le,<code>westd&amp;ae;le</code>,1,0.0003700
344,wi&eth;,<code>wi&amp;d;</code>,1,0.0003700
344,wicnere,<code>wicnere</code>,1,0.0003700
344,wile,<code>wile</code>,1,0.0003700
344,willa,<code>willa</code>,1,0.0003700
344,win&eth;,<code>win&amp;d;</code>,1,0.0003700
344,winboga,<code>winboga</code>,1,0.0003700
344,wis,<code>wis</code>,1,0.0003700
344,wite,<code>wite</code>,1,0.0003700
344,witegode,<code>witegode</code>,1,0.0003700
344,witon,<code>witon</code>,1,0.0003700
344,wolde,<code>wolde</code>,1,0.0003700
344,woldon,<code>woldon</code>,1,0.0003700
344,word,<code>word</code>,1,0.0003700
344,wordum,<code>wordum</code>,1,0.0003700
344,worhton,<code>worhton</code>,1,0.0003700
344,wucan,<code>wucan</code>,1,0.0003700
344,wucon,<code>wucon</code>,1,0.0003700
344,wuldres,<code>wuldres</code>,1,0.0003700
344,wunedon,<code>wunedon</code>,1,0.0003700
344,wunodon,<code>wunodon</code>,1,0.0003700
344,wununge,<code>wununge</code>,1,0.0003700
344,wur&eth;ode,<code>wur&amp;d;ode</code>,1,0.0003700
344,wylle,<code>wylle</code>,1,0.0003700
344,wyrca&eth;,<code>wyrca&amp;d;</code>,1,0.0003700
344,wyrhta,<code>wyrhta</code>,1,0.0003700
344,yfelnyssa,<code>yfelnyssa</code>,1,0.0003700
344,yfelnysse,<code>yfelnysse</code>,1,0.0003700
344,ylca,<code>ylca</code>,1,0.0003700
344,ylcan,<code>ylcan</code>,1,0.0003700
344,yld,<code>yld</code>,1,0.0003700
344,ylda,<code>ylda</code>,1,0.0003700
344,yldinge,<code>yldinge</code>,1,0.0003700
344,ymbhwyrft,<code>ymbhwyrft</code>,1,0.0003700
344,ymbryne,<code>ymbryne</code>,1,0.0003700
