B_Prose,B01,B01.001.036_AECHom_I__34_T02430.txt,1127,785,2997
RANK,HTML WORD,RAW WORD,COUNT,RELATIVE FREQUENCY
1,&amp;,<code>&amp;amp;</code>,113,0.0377044
2,on,<code>on</code>,83,0.0276944
3,&thorn;&aelig;t,<code>&amp;t;&amp;ae;t</code>,70,0.0233567
4,&thorn;e,<code>&amp;t;e</code>,62,0.0206874
5,&thorn;am,<code>&amp;t;am</code>,58,0.0193527
6,se,<code>se</code>,57,0.0190190
7,mid,<code>mid</code>,55,0.0183517
8,to,<code>to</code>,51,0.0170170
9,&thorn;a,<code>&amp;t;a</code>,47,0.0156823
9,hi,<code>hi</code>,47,0.0156823
11,his,<code>his</code>,45,0.0150150
12,swa,<code>swa</code>,43,0.0143477
13,he,<code>he</code>,40,0.0133467
14,&eth;a,<code>&amp;d;a</code>,34,0.0113447
15,him,<code>him</code>,30,0.0100100
16,is,<code>is</code>,29,0.0096763
17,&thorn;&aelig;re,<code>&amp;t;&amp;ae;re</code>,28,0.0093427
18,heora,<code>heora</code>,27,0.0090090
19,cw&aelig;&eth;,<code>cw&amp;ae;&amp;d;</code>,21,0.0070070
19,godes,<code>godes</code>,21,0.0070070
19,ne,<code>ne</code>,21,0.0070070
22,&eth;e,<code>&amp;d;e</code>,18,0.0060060
22,ic,<code>ic</code>,18,0.0060060
24,&thorn;onne,<code>&amp;t;onne</code>,17,0.0056723
25,bi&eth;,<code>bi&amp;d;</code>,16,0.0053387
26,&thorn;&aelig;s,<code>&amp;t;&amp;ae;s</code>,15,0.0050050
26,hine,<code>hine</code>,15,0.0050050
28,heahengel,<code>heahengel</code>,13,0.0043377
29,&aelig;t,<code>&amp;ae;t</code>,12,0.0040040
29,me,<code>me</code>,12,0.0040040
29,stowe,<code>stowe</code>,12,0.0040040
32,ac,<code>ac</code>,11,0.0036703
32,ge,<code>ge</code>,11,0.0036703
32,of,<code>of</code>,11,0.0036703
32,seo,<code>seo</code>,11,0.0036703
32,w&aelig;s,<code>w&amp;ae;s</code>,11,0.0036703
37,&thorn;one,<code>&amp;t;one</code>,10,0.0033367
37,be,<code>be</code>,10,0.0033367
37,cild,<code>cild</code>,10,0.0033367
37,cyrcan,<code>cyrcan</code>,10,0.0033367
37,for,<code>for</code>,10,0.0033367
37,fram,<code>fram</code>,10,0.0033367
37,hit,<code>hit</code>,10,0.0033367
37,o&eth;&eth;e,<code>o&amp;d;&amp;d;e</code>,10,0.0033367
37,rice,<code>rice</code>,10,0.0033367
37,w&aelig;re,<code>w&amp;ae;re</code>,10,0.0033367
47,&aelig;fter,<code>&amp;ae;fter</code>,9,0.0030030
47,&eth;&aelig;t,<code>&amp;d;&amp;ae;t</code>,9,0.0030030
47,&thorn;urh,<code>&amp;t;urh</code>,9,0.0030030
47,gif,<code>gif</code>,9,0.0030030
47,manna,<code>manna</code>,9,0.0030030
52,&eth;&aelig;s,<code>&amp;d;&amp;ae;s</code>,8,0.0026693
52,&thorn;&aelig;r,<code>&amp;t;&amp;ae;r</code>,8,0.0026693
52,&thorn;in,<code>&amp;t;in</code>,8,0.0026693
52,engel,<code>engel</code>,8,0.0026693
52,eow,<code>eow</code>,8,0.0026693
52,gode,<code>gode</code>,8,0.0026693
52,h&aelig;lend,<code>h&amp;ae;lend</code>,8,0.0026693
52,swilce,<code>swilce</code>,8,0.0026693
60,&thorn;eah,<code>&amp;t;eah</code>,7,0.0023357
60,&thorn;ysum,<code>&amp;t;ysum</code>,7,0.0023357
60,god,<code>god</code>,7,0.0023357
60,heofonan,<code>heofonan</code>,7,0.0023357
60,hw&aelig;t,<code>hw&amp;ae;t</code>,7,0.0023357
60,michahel,<code>michahel</code>,7,0.0023357
60,sum,<code>sum</code>,7,0.0023357
60,sylfne,<code>sylfne</code>,7,0.0023357
68,&aelig;nne,<code>&amp;ae;nne</code>,6,0.0020020
68,b&aelig;don,<code>b&amp;ae;don</code>,6,0.0020020
68,beo,<code>beo</code>,6,0.0020020
68,man,<code>man</code>,6,0.0020020
68,selre,<code>selre</code>,6,0.0020020
68,underfeh&eth;,<code>underfeh&amp;d;</code>,6,0.0020020
68,wolde,<code>wolde</code>,6,0.0020020
75,&eth;&aelig;r,<code>&amp;d;&amp;ae;r</code>,5,0.0016683
75,&thorn;&aelig;ra,<code>&amp;t;&amp;ae;ra</code>,5,0.0016683
75,&thorn;u,<code>&amp;t;u</code>,5,0.0016683
75,and,<code>and</code>,5,0.0016683
75,beo&eth;,<code>beo&amp;d;</code>,5,0.0016683
75,beon,<code>beon</code>,5,0.0016683
75,biscop,<code>biscop</code>,5,0.0016683
75,buton,<code>buton</code>,5,0.0016683
75,eac,<code>eac</code>,5,0.0016683
75,englas,<code>englas</code>,5,0.0016683
75,folces,<code>folces</code>,5,0.0016683
75,fultume,<code>fultume</code>,5,0.0016683
75,h&aelig;f&eth;,<code>h&amp;ae;f&amp;d;</code>,5,0.0016683
75,halgan,<code>halgan</code>,5,0.0016683
75,micel,<code>micel</code>,5,0.0016683
75,nan,<code>nan</code>,5,0.0016683
75,petrus,<code>petrus</code>,5,0.0016683
75,secge,<code>secge</code>,5,0.0016683
75,sylf,<code>sylf</code>,5,0.0016683
75,us,<code>us</code>,5,0.0016683
75,wa,<code>wa</code>,5,0.0016683
75,we,<code>we</code>,5,0.0016683
75,wear&eth;,<code>wear&amp;d;</code>,5,0.0016683
75,wi&eth;,<code>wi&amp;d;</code>,5,0.0016683
75,wordum,<code>wordum</code>,5,0.0016683
100,&aelig;tforan,<code>&amp;ae;tforan</code>,4,0.0013347
100,&thorn;eode,<code>&amp;t;eode</code>,4,0.0013347
100,&thorn;us,<code>&amp;t;us</code>,4,0.0013347
100,biscope,<code>biscope</code>,4,0.0013347
100,cristenra,<code>cristenra</code>,4,0.0013347
100,dune,<code>dune</code>,4,0.0013347
100,ecum,<code>ecum</code>,4,0.0013347
100,fear,<code>fear</code>,4,0.0013347
100,forwyrde,<code>forwyrde</code>,4,0.0013347
100,fot,<code>fot</code>,4,0.0013347
100,fyrmest,<code>fyrmest</code>,4,0.0013347
100,garganus,<code>garganus</code>,4,0.0013347
100,geeadmet,<code>geeadmet</code>,4,0.0013347
100,getimbrode,<code>getimbrode</code>,4,0.0013347
100,hand,<code>hand</code>,4,0.0013347
100,hu,<code>hu</code>,4,0.0013347
100,men,<code>men</code>,4,0.0013347
100,nis,<code>nis</code>,4,0.0013347
100,o&thorn;re,<code>o&amp;t;re</code>,4,0.0013347
100,o&thorn;rum,<code>o&amp;t;rum</code>,4,0.0013347
100,ofer,<code>ofer</code>,4,0.0013347
100,petre,<code>petre</code>,4,0.0013347
100,s&aelig;,<code>s&amp;ae;</code>,4,0.0013347
100,so&eth;lice,<code>so&amp;d;lice</code>,4,0.0013347
100,swi&thorn;or,<code>swi&amp;t;or</code>,4,0.0013347
100,witegan,<code>witegan</code>,4,0.0013347
126,&aelig;swicunga,<code>&amp;ae;swicunga</code>,3,0.0010010
126,&aelig;swicungum,<code>&amp;ae;swicungum</code>,3,0.0010010
126,&aelig;teowde,<code>&amp;ae;teowde</code>,3,0.0010010
126,&eth;is,<code>&amp;d;is</code>,3,0.0010010
126,&thorn;reora,<code>&amp;t;reora</code>,3,0.0010010
126,&thorn;yssera,<code>&amp;t;yssera</code>,3,0.0010010
126,an,<code>an</code>,3,0.0010010
126,andwerdnysse,<code>andwerdnysse</code>,3,0.0010010
126,anum,<code>anum</code>,3,0.0010010
126,bebead,<code>bebead</code>,3,0.0010010
126,beswic&eth;,<code>beswic&amp;d;</code>,3,0.0010010
126,binnon,<code>binnon</code>,3,0.0010010
126,cuman,<code>cuman</code>,3,0.0010010
126,cw&aelig;don,<code>cw&amp;ae;don</code>,3,0.0010010
126,d&aelig;ge,<code>d&amp;ae;ge</code>,3,0.0010010
126,daga,<code>daga</code>,3,0.0010010
126,ealdor,<code>ealdor</code>,3,0.0010010
126,efne,<code>efne</code>,3,0.0010010
126,eom,<code>eom</code>,3,0.0010010
126,flan,<code>flan</code>,3,0.0010010
126,gehaten,<code>gehaten</code>,3,0.0010010
126,gehwylcum,<code>gehwylcum</code>,3,0.0010010
126,gesawon,<code>gesawon</code>,3,0.0010010
126,gesih&eth;e,<code>gesih&amp;d;e</code>,3,0.0010010
126,geswutelod,<code>geswutelod</code>,3,0.0010010
126,geswutelode,<code>geswutelode</code>,3,0.0010010
126,habban,<code>habban</code>,3,0.0010010
126,halgian,<code>halgian</code>,3,0.0010010
126,halgum,<code>halgum</code>,3,0.0010010
126,heahengles,<code>heahengles</code>,3,0.0010010
126,heofonum,<code>heofonum</code>,3,0.0010010
126,het,<code>het</code>,3,0.0010010
126,hwa,<code>hwa</code>,3,0.0010010
126,lytlinga,<code>lytlinga</code>,3,0.0010010
126,mannes,<code>mannes</code>,3,0.0010010
126,michael,<code>michael</code>,3,0.0010010
126,middaneard,<code>middaneard</code>,3,0.0010010
126,mihte,<code>mihte</code>,3,0.0010010
126,mines,<code>mines</code>,3,0.0010010
126,minum,<code>minum</code>,3,0.0010010
126,mislicum,<code>mislicum</code>,3,0.0010010
126,neod,<code>neod</code>,3,0.0010010
126,nihte,<code>nihte</code>,3,0.0010010
126,sind,<code>sind</code>,3,0.0010010
126,sona,<code>sona</code>,3,0.0010010
126,swi&eth;e,<code>swi&amp;d;e</code>,3,0.0010010
126,sylfum,<code>sylfum</code>,3,0.0010010
126,symle,<code>symle</code>,3,0.0010010
126,togeanes,<code>togeanes</code>,3,0.0010010
126,w&aelig;ron,<code>w&amp;ae;ron</code>,3,0.0010010
126,w&aelig;tan,<code>w&amp;ae;tan</code>,3,0.0010010
126,weofod,<code>weofod</code>,3,0.0010010
126,witega,<code>witega</code>,3,0.0010010
126,witodlice,<code>witodlice</code>,3,0.0010010
126,wurde,<code>wurde</code>,3,0.0010010
126,wurdon,<code>wurdon</code>,3,0.0010010
126,wurp,<code>wurp</code>,3,0.0010010
183,&aelig;,<code>&amp;ae;</code>,2,0.0006673
183,&aelig;lfremedum,<code>&amp;ae;lfremedum</code>,2,0.0006673
183,&aelig;lmihtigan,<code>&amp;ae;lmihtigan</code>,2,0.0006673
183,&aelig;lmihtigum,<code>&amp;ae;lmihtigum</code>,2,0.0006673
183,&aelig;swicige,<code>&amp;ae;swicige</code>,2,0.0006673
183,&eth;&aelig;re,<code>&amp;d;&amp;ae;re</code>,2,0.0006673
183,&eth;eos,<code>&amp;d;eos</code>,2,0.0006673
183,&eth;u,<code>&amp;d;u</code>,2,0.0006673
183,&thorn;&aelig;rbinnon,<code>&amp;t;&amp;ae;rbinnon</code>,2,0.0006673
183,&thorn;an,<code>&amp;t;an</code>,2,0.0006673
183,&thorn;eahhw&aelig;&eth;ere,<code>&amp;t;eahhw&amp;ae;&amp;d;ere</code>,2,0.0006673
183,&thorn;eawum,<code>&amp;t;eawum</code>,2,0.0006673
183,&thorn;enunge,<code>&amp;t;enunge</code>,2,0.0006673
183,&thorn;eowas,<code>&amp;t;eowas</code>,2,0.0006673
183,&thorn;ing,<code>&amp;t;ing</code>,2,0.0006673
183,&thorn;inne,<code>&amp;t;inne</code>,2,0.0006673
183,&thorn;is,<code>&amp;t;is</code>,2,0.0006673
183,&thorn;riddan,<code>&amp;t;riddan</code>,2,0.0006673
183,andgite,<code>andgite</code>,2,0.0006673
183,angencga,<code>angencga</code>,2,0.0006673
183,ansyne,<code>ansyne</code>,2,0.0006673
183,apostol,<code>apostol</code>,2,0.0006673
183,apostole,<code>apostole</code>,2,0.0006673
183,ar&aelig;rdon,<code>ar&amp;ae;rdon</code>,2,0.0006673
183,awende,<code>awende</code>,2,0.0006673
183,axodon,<code>axodon</code>,2,0.0006673
183,becom,<code>becom</code>,2,0.0006673
183,behealda&eth;,<code>behealda&amp;d;</code>,2,0.0006673
183,bena,<code>bena</code>,2,0.0006673
183,betwux,<code>betwux</code>,2,0.0006673
183,bli&eth;e,<code>bli&amp;d;e</code>,2,0.0006673
183,bruca&eth;,<code>bruca&amp;d;</code>,2,0.0006673
183,burhware,<code>burhware</code>,2,0.0006673
183,clypode,<code>clypode</code>,2,0.0006673
183,cnol,<code>cnol</code>,2,0.0006673
183,com,<code>com</code>,2,0.0006673
183,cristenan,<code>cristenan</code>,2,0.0006673
183,cuma&eth;,<code>cuma&amp;d;</code>,2,0.0006673
183,cwe&thorn;ende,<code>cwe&amp;t;ende</code>,2,0.0006673
183,cwyrnstan,<code>cwyrnstan</code>,2,0.0006673
183,cyrce,<code>cyrce</code>,2,0.0006673
183,d&aelig;le,<code>d&amp;ae;le</code>,2,0.0006673
183,digle,<code>digle</code>,2,0.0006673
183,donne,<code>donne</code>,2,0.0006673
183,drohtnunge,<code>drohtnunge</code>,2,0.0006673
183,dun,<code>dun</code>,2,0.0006673
183,dura,<code>dura</code>,2,0.0006673
183,eagan,<code>eagan</code>,2,0.0006673
183,eage,<code>eage</code>,2,0.0006673
183,eallum,<code>eallum</code>,2,0.0006673
183,eastd&aelig;le,<code>eastd&amp;ae;le</code>,2,0.0006673
183,ecan,<code>ecan</code>,2,0.0006673
183,engles,<code>engles</code>,2,0.0006673
183,englum,<code>englum</code>,2,0.0006673
183,f&aelig;der,<code>f&amp;ae;der</code>,2,0.0006673
183,f&aelig;stene,<code>f&amp;ae;stene</code>,2,0.0006673
183,f&aelig;stenes,<code>f&amp;ae;stenes</code>,2,0.0006673
183,fare,<code>fare</code>,2,0.0006673
183,flanum,<code>flanum</code>,2,0.0006673
183,folc,<code>folc</code>,2,0.0006673
183,forseon,<code>forseon</code>,2,0.0006673
183,freond,<code>freond</code>,2,0.0006673
183,fultum,<code>fultum</code>,2,0.0006673
183,fyrenum,<code>fyrenum</code>,2,0.0006673
183,ge&aelig;swica&eth;,<code>ge&amp;ae;swica&amp;d;</code>,2,0.0006673
183,geb&aelig;don,<code>geb&amp;ae;don</code>,2,0.0006673
183,gebedu,<code>gebedu</code>,2,0.0006673
183,gecorenum,<code>gecorenum</code>,2,0.0006673
183,gecweden,<code>gecweden</code>,2,0.0006673
183,gedon,<code>gedon</code>,2,0.0006673
183,gedwyldum,<code>gedwyldum</code>,2,0.0006673
183,gefeoht,<code>gefeoht</code>,2,0.0006673
183,gefylsta,<code>gefylsta</code>,2,0.0006673
183,gehalgode,<code>gehalgode</code>,2,0.0006673
183,geleaffulre,<code>geleaffulre</code>,2,0.0006673
183,gelice,<code>gelice</code>,2,0.0006673
183,gelicige,<code>gelicige</code>,2,0.0006673
183,gelyfa&eth;,<code>gelyfa&amp;d;</code>,2,0.0006673
183,geneosia&eth;,<code>geneosia&amp;d;</code>,2,0.0006673
183,geond,<code>geond</code>,2,0.0006673
183,geornlice,<code>geornlice</code>,2,0.0006673
183,geseo&eth;,<code>geseo&amp;d;</code>,2,0.0006673
183,geset,<code>geset</code>,2,0.0006673
183,gesette,<code>gesette</code>,2,0.0006673
183,geswutelian,<code>geswutelian</code>,2,0.0006673
183,getacna&eth;,<code>getacna&amp;d;</code>,2,0.0006673
183,getiged,<code>getiged</code>,2,0.0006673
183,gewordene,<code>gewordene</code>,2,0.0006673
183,gewunan,<code>gewunan</code>,2,0.0006673
183,godspel,<code>godspel</code>,2,0.0006673
183,h&aelig;&thorn;enan,<code>h&amp;ae;&amp;t;enan</code>,2,0.0006673
183,h&aelig;bbe,<code>h&amp;ae;bbe</code>,2,0.0006673
183,halige,<code>halige</code>,2,0.0006673
183,heahenglas,<code>heahenglas</code>,2,0.0006673
183,heahengle,<code>heahengle</code>,2,0.0006673
183,healican,<code>healican</code>,2,0.0006673
183,heofenan,<code>heofenan</code>,2,0.0006673
183,heorde,<code>heorde</code>,2,0.0006673
183,hlaford,<code>hlaford</code>,2,0.0006673
183,hund,<code>hund</code>,2,0.0006673
183,hus,<code>hus</code>,2,0.0006673
183,huselgange,<code>huselgange</code>,2,0.0006673
183,hyrde,<code>hyrde</code>,2,0.0006673
183,ineodon,<code>ineodon</code>,2,0.0006673
183,ingange,<code>ingange</code>,2,0.0006673
183,into,<code>into</code>,2,0.0006673
183,l&aelig;s,<code>l&amp;ae;s</code>,2,0.0006673
183,la,<code>la</code>,2,0.0006673
183,life,<code>life</code>,2,0.0006673
183,lim,<code>lim</code>,2,0.0006673
183,lytling,<code>lytling</code>,2,0.0006673
183,m&aelig;ssan,<code>m&amp;ae;ssan</code>,2,0.0006673
183,mannum,<code>mannum</code>,2,0.0006673
183,marmanstane,<code>marmanstane</code>,2,0.0006673
183,mede,<code>mede</code>,2,0.0006673
183,menn,<code>menn</code>,2,0.0006673
183,merigen,<code>merigen</code>,2,0.0006673
183,miccle,<code>miccle</code>,2,0.0006673
183,micele,<code>micele</code>,2,0.0006673
183,micelre,<code>micelre</code>,2,0.0006673
183,middanearde,<code>middanearde</code>,2,0.0006673
183,muntes,<code>muntes</code>,2,0.0006673
183,n&aelig;nne,<code>n&amp;ae;nne</code>,2,0.0006673
183,na,<code>na</code>,2,0.0006673
183,naman,<code>naman</code>,2,0.0006673
183,nextan,<code>nextan</code>,2,0.0006673
183,nor&eth;d&aelig;le,<code>nor&amp;d;d&amp;ae;le</code>,2,0.0006673
183,nu,<code>nu</code>,2,0.0006673
183,o&thorn;er,<code>o&amp;t;er</code>,2,0.0006673
183,offrungum,<code>offrungum</code>,2,0.0006673
183,ofscotene,<code>ofscotene</code>,2,0.0006673
183,ongean,<code>ongean</code>,2,0.0006673
183,rihtwisne,<code>rihtwisne</code>,2,0.0006673
183,sancte,<code>sancte</code>,2,0.0006673
183,sawle,<code>sawle</code>,2,0.0006673
183,scr&aelig;fes,<code>scr&amp;ae;fes</code>,2,0.0006673
183,singallice,<code>singallice</code>,2,0.0006673
183,so&eth;,<code>so&amp;d;</code>,2,0.0006673
183,sohte,<code>sohte</code>,2,0.0006673
183,sohton,<code>sohton</code>,2,0.0006673
183,st&aelig;pm&aelig;lum,<code>st&amp;ae;pm&amp;ae;lum</code>,2,0.0006673
183,standan,<code>standan</code>,2,0.0006673
183,stane,<code>stane</code>,2,0.0006673
183,sticm&aelig;lum,<code>sticm&amp;ae;lum</code>,2,0.0006673
183,stod,<code>stod</code>,2,0.0006673
183,sumre,<code>sumre</code>,2,0.0006673
183,swilcne,<code>swilcne</code>,2,0.0006673
183,swuran,<code>swuran</code>,2,0.0006673
183,sy&eth;&eth;an,<code>sy&amp;d;&amp;d;an</code>,2,0.0006673
183,syle,<code>syle</code>,2,0.0006673
183,tide,<code>tide</code>,2,0.0006673
183,tihtinge,<code>tihtinge</code>,2,0.0006673
183,tol,<code>tol</code>,2,0.0006673
183,unsc&aelig;&eth;&eth;ignysse,<code>unsc&amp;ae;&amp;d;&amp;d;ignysse</code>,2,0.0006673
183,ure,<code>ure</code>,2,0.0006673
183,ut,<code>ut</code>,2,0.0006673
183,wege,<code>wege</code>,2,0.0006673
183,willan,<code>willan</code>,2,0.0006673
183,ylcan,<code>ylcan</code>,2,0.0006673
183,ymbe,<code>ymbe</code>,2,0.0006673
343,&aelig;fre,<code>&amp;ae;fre</code>,1,0.0003337
343,&aelig;hta,<code>&amp;ae;hta</code>,1,0.0003337
343,&aelig;htum,<code>&amp;ae;htum</code>,1,0.0003337
343,&aelig;ighwar,<code>&amp;ae;ighwar</code>,1,0.0003337
343,&aelig;lc,<code>&amp;ae;lc</code>,1,0.0003337
343,&aelig;lcum,<code>&amp;ae;lcum</code>,1,0.0003337
343,&aelig;lmihtiges,<code>&amp;ae;lmihtiges</code>,1,0.0003337
343,&aelig;nig,<code>&amp;ae;nig</code>,1,0.0003337
343,&aelig;r,<code>&amp;ae;r</code>,1,0.0003337
343,&aelig;rende,<code>&amp;ae;rende</code>,1,0.0003337
343,&aelig;swica&eth;,<code>&amp;ae;swica&amp;d;</code>,1,0.0003337
343,&aelig;swician,<code>&amp;ae;swician</code>,1,0.0003337
343,&aelig;swicie,<code>&amp;ae;swicie</code>,1,0.0003337
343,&aelig;tflugon,<code>&amp;ae;tflugon</code>,1,0.0003337
343,&aelig;tspurne,<code>&amp;ae;tspurne</code>,1,0.0003337
343,&aelig;tstandenum,<code>&amp;ae;tstandenum</code>,1,0.0003337
343,&amp;gite,<code>&amp;amp;gite</code>,1,0.0003337
343,&eth;&aelig;ra,<code>&amp;d;&amp;ae;ra</code>,1,0.0003337
343,&eth;&aelig;ron,<code>&amp;d;&amp;ae;ron</code>,1,0.0003337
343,&eth;&aelig;rrihte,<code>&amp;d;&amp;ae;rrihte</code>,1,0.0003337
343,&eth;as,<code>&amp;d;as</code>,1,0.0003337
343,&eth;eawum,<code>&amp;d;eawum</code>,1,0.0003337
343,&eth;ence,<code>&amp;d;ence</code>,1,0.0003337
343,&eth;eoda,<code>&amp;d;eoda</code>,1,0.0003337
343,&eth;eow,<code>&amp;d;eow</code>,1,0.0003337
343,&eth;one,<code>&amp;d;one</code>,1,0.0003337
343,&eth;rim,<code>&amp;d;rim</code>,1,0.0003337
343,&eth;y,<code>&amp;d;y</code>,1,0.0003337
343,&eth;yses,<code>&amp;d;yses</code>,1,0.0003337
343,&eth;ysum,<code>&amp;d;ysum</code>,1,0.0003337
343,&thorn;&aelig;m,<code>&amp;t;&amp;ae;m</code>,1,0.0003337
343,&thorn;&aelig;rofer,<code>&amp;t;&amp;ae;rofer</code>,1,0.0003337
343,&thorn;&aelig;rrihte,<code>&amp;t;&amp;ae;rrihte</code>,1,0.0003337
343,&thorn;&aelig;slicere,<code>&amp;t;&amp;ae;slicere</code>,1,0.0003337
343,&thorn;earfena,<code>&amp;t;earfena</code>,1,0.0003337
343,&thorn;earfum,<code>&amp;t;earfum</code>,1,0.0003337
343,&thorn;earle,<code>&amp;t;earle</code>,1,0.0003337
343,&thorn;eawe,<code>&amp;t;eawe</code>,1,0.0003337
343,&thorn;enian,<code>&amp;t;enian</code>,1,0.0003337
343,&thorn;eninggastum,<code>&amp;t;eninggastum</code>,1,0.0003337
343,&thorn;eosterlicum,<code>&amp;t;eosterlicum</code>,1,0.0003337
343,&thorn;eow,<code>&amp;t;eow</code>,1,0.0003337
343,&thorn;eowena,<code>&amp;t;eowena</code>,1,0.0003337
343,&thorn;ider,<code>&amp;t;ider</code>,1,0.0003337
343,&thorn;igene,<code>&amp;t;igene</code>,1,0.0003337
343,&thorn;inc&eth;e,<code>&amp;t;inc&amp;d;e</code>,1,0.0003337
343,&thorn;ingere,<code>&amp;t;ingere</code>,1,0.0003337
343,&thorn;inre,<code>&amp;t;inre</code>,1,0.0003337
343,&thorn;isum,<code>&amp;t;isum</code>,1,0.0003337
343,&thorn;rynnysse,<code>&amp;t;rynnysse</code>,1,0.0003337
343,&thorn;urhspedig,<code>&amp;t;urhspedig</code>,1,0.0003337
343,&thorn;urhtih&eth;,<code>&amp;t;urhtih&amp;d;</code>,1,0.0003337
343,&thorn;wyrlice,<code>&amp;t;wyrlice</code>,1,0.0003337
343,&thorn;wyrlicum,<code>&amp;t;wyrlicum</code>,1,0.0003337
343,&thorn;y,<code>&amp;t;y</code>,1,0.0003337
343,&thorn;yder,<code>&amp;t;yder</code>,1,0.0003337
343,&thorn;yses,<code>&amp;t;yses</code>,1,0.0003337
343,&thorn;ysne,<code>&amp;t;ysne</code>,1,0.0003337
343,a,<code>a</code>,1,0.0003337
343,a&thorn;rawen,<code>a&amp;t;rawen</code>,1,0.0003337
343,ablicgede,<code>ablicgede</code>,1,0.0003337
343,acennednysse,<code>acennednysse</code>,1,0.0003337
343,aceorf,<code>aceorf</code>,1,0.0003337
343,aceorfon,<code>aceorfon</code>,1,0.0003337
343,acesserunt,<code>acesserunt</code>,1,0.0003337
343,ad,<code>ad</code>,1,0.0003337
343,adames,<code>adames</code>,1,0.0003337
343,adriaticum,<code>adriaticum</code>,1,0.0003337
343,afylled,<code>afylled</code>,1,0.0003337
343,agen,<code>agen</code>,1,0.0003337
343,agenre,<code>agenre</code>,1,0.0003337
343,agenum,<code>agenum</code>,1,0.0003337
343,ahafen,<code>ahafen</code>,1,0.0003337
343,ahangen,<code>ahangen</code>,1,0.0003337
343,alyfed,<code>alyfed</code>,1,0.0003337
343,amen,<code>amen</code>,1,0.0003337
343,ana,<code>ana</code>,1,0.0003337
343,andswaru,<code>andswaru</code>,1,0.0003337
343,andwerdnys,<code>andwerdnys</code>,1,0.0003337
343,ane,<code>ane</code>,1,0.0003337
343,anegede,<code>anegede</code>,1,0.0003337
343,anes,<code>anes</code>,1,0.0003337
343,anfencge,<code>anfencge</code>,1,0.0003337
343,angel,<code>angel</code>,1,0.0003337
343,angynne,<code>angynne</code>,1,0.0003337
343,anr&aelig;dnysse,<code>anr&amp;ae;dnysse</code>,1,0.0003337
343,anre,<code>anre</code>,1,0.0003337
343,apostolas,<code>apostolas</code>,1,0.0003337
343,apostoles,<code>apostoles</code>,1,0.0003337
343,ar&aelig;red,<code>ar&amp;ae;red</code>,1,0.0003337
343,archangeli,<code>archangeli</code>,1,0.0003337
343,arleasan,<code>arleasan</code>,1,0.0003337
343,arwur&eth;e,<code>arwur&amp;d;e</code>,1,0.0003337
343,asend,<code>asend</code>,1,0.0003337
343,asende,<code>asende</code>,1,0.0003337
343,asetton,<code>asetton</code>,1,0.0003337
343,astiga&thorn;,<code>astiga&amp;t;</code>,1,0.0003337
343,astigon,<code>astigon</code>,1,0.0003337
343,astreht,<code>astreht</code>,1,0.0003337
343,astyred,<code>astyred</code>,1,0.0003337
343,ateorigendlican,<code>ateorigendlican</code>,1,0.0003337
343,aworpen,<code>aworpen</code>,1,0.0003337
343,awriten,<code>awriten</code>,1,0.0003337
343,awurp,<code>awurp</code>,1,0.0003337
343,awurpan,<code>awurpan</code>,1,0.0003337
343,awyrde,<code>awyrde</code>,1,0.0003337
343,axia&eth;,<code>axia&amp;d;</code>,1,0.0003337
343,b&aelig;d,<code>b&amp;ae;d</code>,1,0.0003337
343,b&aelig;r,<code>b&amp;ae;r</code>,1,0.0003337
343,beacn,<code>beacn</code>,1,0.0003337
343,bead,<code>bead</code>,1,0.0003337
343,bebodum,<code>bebodum</code>,1,0.0003337
343,bec,<code>bec</code>,1,0.0003337
343,becuman,<code>becuman</code>,1,0.0003337
343,becume,<code>becume</code>,1,0.0003337
343,befeallon,<code>befeallon</code>,1,0.0003337
343,befon,<code>befon</code>,1,0.0003337
343,befran,<code>befran</code>,1,0.0003337
343,befrinan,<code>befrinan</code>,1,0.0003337
343,befrunon,<code>befrunon</code>,1,0.0003337
343,behat,<code>behat</code>,1,0.0003337
343,behate,<code>behate</code>,1,0.0003337
343,behefe,<code>behefe</code>,1,0.0003337
343,behet,<code>behet</code>,1,0.0003337
343,belyfdon,<code>belyfdon</code>,1,0.0003337
343,bem&aelig;ndon,<code>bem&amp;ae;ndon</code>,1,0.0003337
343,beneuentanos,<code>beneuentanos</code>,1,0.0003337
343,bep&aelig;c&eth;,<code>bep&amp;ae;c&amp;d;</code>,1,0.0003337
343,besenced,<code>besenced</code>,1,0.0003337
343,besenct,<code>besenct</code>,1,0.0003337
343,bet&aelig;htne,<code>bet&amp;ae;htne</code>,1,0.0003337
343,betere,<code>betere</code>,1,0.0003337
343,bewiste,<code>bewiste</code>,1,0.0003337
343,bigwiste,<code>bigwiste</code>,1,0.0003337
343,bilewite,<code>bilewite</code>,1,0.0003337
343,bilewites,<code>bilewites</code>,1,0.0003337
343,bilewitra,<code>bilewitra</code>,1,0.0003337
343,biscopes,<code>biscopes</code>,1,0.0003337
343,biuiende,<code>biuiende</code>,1,0.0003337
343,bl&aelig;de,<code>bl&amp;ae;de</code>,1,0.0003337
343,bletsienne,<code>bletsienne</code>,1,0.0003337
343,blisse,<code>blisse</code>,1,0.0003337
343,bodia&eth;,<code>bodia&amp;d;</code>,1,0.0003337
343,bogan,<code>bogan</code>,1,0.0003337
343,botl,<code>botl</code>,1,0.0003337
343,burh,<code>burh</code>,1,0.0003337
343,burhwarum,<code>burhwarum</code>,1,0.0003337
343,bylde,<code>bylde</code>,1,0.0003337
343,byrig,<code>byrig</code>,1,0.0003337
343,bysna&eth;,<code>bysna&amp;d;</code>,1,0.0003337
343,caelorum,<code>caelorum</code>,1,0.0003337
343,campania,<code>campania</code>,1,0.0003337
343,care,<code>care</code>,1,0.0003337
343,casere,<code>casere</code>,1,0.0003337
343,caseres,<code>caseres</code>,1,0.0003337
343,ceastre,<code>ceastre</code>,1,0.0003337
343,ceastregewarum,<code>ceastregewarum</code>,1,0.0003337
343,ceorf,<code>ceorf</code>,1,0.0003337
343,cepton,<code>cepton</code>,1,0.0003337
343,cildes,<code>cildes</code>,1,0.0003337
343,cl&aelig;nnysse,<code>cl&amp;ae;nnysse</code>,1,0.0003337
343,cnolle,<code>cnolle</code>,1,0.0003337
343,cnuca&eth;,<code>cnuca&amp;d;</code>,1,0.0003337
343,cnuciende,<code>cnuciende</code>,1,0.0003337
343,come,<code>come</code>,1,0.0003337
343,comon,<code>comon</code>,1,0.0003337
343,crist,<code>crist</code>,1,0.0003337
343,criste,<code>criste</code>,1,0.0003337
343,cristenum,<code>cristenum</code>,1,0.0003337
343,cristes,<code>cristes</code>,1,0.0003337
343,cumon,<code>cumon</code>,1,0.0003337
343,cv&eth;,<code>cv&amp;d;</code>,1,0.0003337
343,cwacunge,<code>cwacunge</code>,1,0.0003337
343,cwe&eth;ende,<code>cwe&amp;d;ende</code>,1,0.0003337
343,cwearterne,<code>cwearterne</code>,1,0.0003337
343,cwy&eth;,<code>cwy&amp;d;</code>,1,0.0003337
343,cwyde,<code>cwyde</code>,1,0.0003337
343,cwyrnstane,<code>cwyrnstane</code>,1,0.0003337
343,cyld,<code>cyld</code>,1,0.0003337
343,cyldra,<code>cyldra</code>,1,0.0003337
343,cyning,<code>cyning</code>,1,0.0003337
343,cyningas,<code>cyningas</code>,1,0.0003337
343,cyrde,<code>cyrde</code>,1,0.0003337
343,cystignysse,<code>cystignysse</code>,1,0.0003337
343,d&aelig;de,<code>d&amp;ae;de</code>,1,0.0003337
343,d&aelig;g&thorn;erlice,<code>d&amp;ae;g&amp;t;erlice</code>,1,0.0003337
343,d&aelig;ges,<code>d&amp;ae;ges</code>,1,0.0003337
343,d&aelig;ghwomlice,<code>d&amp;ae;ghwomlice</code>,1,0.0003337
343,d&aelig;grede,<code>d&amp;ae;grede</code>,1,0.0003337
343,d&aelig;ighwamlice,<code>d&amp;ae;ighwamlice</code>,1,0.0003337
343,d&aelig;ighwomlice,<code>d&amp;ae;ighwomlice</code>,1,0.0003337
343,dagum,<code>dagum</code>,1,0.0003337
343,danihel,<code>danihel</code>,1,0.0003337
343,danihele,<code>danihele</code>,1,0.0003337
343,de&eth;,<code>de&amp;d;</code>,1,0.0003337
343,dedicatio,<code>dedicatio</code>,1,0.0003337
343,deofles,<code>deofles</code>,1,0.0003337
343,deoppre,<code>deoppre</code>,1,0.0003337
343,deopre,<code>deopre</code>,1,0.0003337
343,deorwur&eth;e,<code>deorwur&amp;d;e</code>,1,0.0003337
343,derode,<code>derode</code>,1,0.0003337
343,dicentes,<code>dicentes</code>,1,0.0003337
343,discipuli,<code>discipuli</code>,1,0.0003337
343,dorste,<code>dorste</code>,1,0.0003337
343,dorston,<code>dorston</code>,1,0.0003337
343,dr&aelig;fe,<code>dr&amp;ae;fe</code>,1,0.0003337
343,drihtnes,<code>drihtnes</code>,1,0.0003337
343,dropa,<code>dropa</code>,1,0.0003337
343,dropm&aelig;lum,<code>dropm&amp;ae;lum</code>,1,0.0003337
343,durre,<code>durre</code>,1,0.0003337
343,dwollican,<code>dwollican</code>,1,0.0003337
343,dydon,<code>dydon</code>,1,0.0003337
343,dyrstig,<code>dyrstig</code>,1,0.0003337
343,e&thorn;el,<code>e&amp;t;el</code>,1,0.0003337
343,ea&eth;elice,<code>ea&amp;d;elice</code>,1,0.0003337
343,eaddmodnysse,<code>eaddmodnysse</code>,1,0.0003337
343,eadmode,<code>eadmode</code>,1,0.0003337
343,eadmodnysse,<code>eadmodnysse</code>,1,0.0003337
343,eadmodre,<code>eadmodre</code>,1,0.0003337
343,eadmodum,<code>eadmodum</code>,1,0.0003337
343,eagum,<code>eagum</code>,1,0.0003337
343,ealdan,<code>ealdan</code>,1,0.0003337
343,ealde,<code>ealde</code>,1,0.0003337
343,ealdordomes,<code>ealdordomes</code>,1,0.0003337
343,ealdra,<code>ealdra</code>,1,0.0003337
343,eall,<code>eall</code>,1,0.0003337
343,ealle,<code>ealle</code>,1,0.0003337
343,eallswa,<code>eallswa</code>,1,0.0003337
343,ealne,<code>ealne</code>,1,0.0003337
343,ealra,<code>ealra</code>,1,0.0003337
343,eardode,<code>eardode</code>,1,0.0003337
343,earfo&eth;lice,<code>earfo&amp;d;lice</code>,1,0.0003337
343,ebreiscan,<code>ebreiscan</code>,1,0.0003337
343,ebreisces,<code>ebreisces</code>,1,0.0003337
343,ecclesie,<code>ecclesie</code>,1,0.0003337
343,ece,<code>ece</code>,1,0.0003337
343,ecere,<code>ecere</code>,1,0.0003337
343,ecnysse,<code>ecnysse</code>,1,0.0003337
343,edlean,<code>edlean</code>,1,0.0003337
343,eft,<code>eft</code>,1,0.0003337
343,egle,<code>egle</code>,1,0.0003337
343,elles,<code>elles</code>,1,0.0003337
343,embe,<code>embe</code>,1,0.0003337
343,endebyrdnysse,<code>endebyrdnysse</code>,1,0.0003337
343,engla,<code>engla</code>,1,0.0003337
343,engle,<code>engle</code>,1,0.0003337
343,eor&eth;lice,<code>eor&amp;d;lice</code>,1,0.0003337
343,eor&thorn;an,<code>eor&amp;t;an</code>,1,0.0003337
343,eower,<code>eower</code>,1,0.0003337
343,eowere,<code>eowere</code>,1,0.0003337
343,est,<code>est</code>,1,0.0003337
343,et,<code>et</code>,1,0.0003337
343,evangelivm,<code>evangelivm</code>,1,0.0003337
343,f&aelig;c,<code>f&amp;ae;c</code>,1,0.0003337
343,f&aelig;reld,<code>f&amp;ae;reld</code>,1,0.0003337
343,f&aelig;sten,<code>f&amp;ae;sten</code>,1,0.0003337
343,f&aelig;stlice,<code>f&amp;ae;stlice</code>,1,0.0003337
343,f&aelig;t,<code>f&amp;ae;t</code>,1,0.0003337
343,f&aelig;te,<code>f&amp;ae;te</code>,1,0.0003337
343,fadunge,<code>fadunge</code>,1,0.0003337
343,faran,<code>faran</code>,1,0.0003337
343,fearre,<code>fearre</code>,1,0.0003337
343,fefere,<code>fefere</code>,1,0.0003337
343,felda,<code>felda</code>,1,0.0003337
343,feondum,<code>feondum</code>,1,0.0003337
343,feore,<code>feore</code>,1,0.0003337
343,ferdon,<code>ferdon</code>,1,0.0003337
343,fet,<code>fet</code>,1,0.0003337
343,fif,<code>fif</code>,1,0.0003337
343,fiftan,<code>fiftan</code>,1,0.0003337
343,findst,<code>findst</code>,1,0.0003337
343,fisc,<code>fisc</code>,1,0.0003337
343,fl&aelig;sclican,<code>fl&amp;ae;sclican</code>,1,0.0003337
343,fla,<code>fla</code>,1,0.0003337
343,fleah,<code>fleah</code>,1,0.0003337
343,fleames,<code>fleames</code>,1,0.0003337
343,fleo&eth;,<code>fleo&amp;d;</code>,1,0.0003337
343,folgeras,<code>folgeras</code>,1,0.0003337
343,for&eth;,<code>for&amp;d;</code>,1,0.0003337
343,forbuge,<code>forbuge</code>,1,0.0003337
343,foresceawa&eth;,<code>foresceawa&amp;d;</code>,1,0.0003337
343,forgeaf,<code>forgeaf</code>,1,0.0003337
343,forhtmode,<code>forhtmode</code>,1,0.0003337
343,forloren,<code>forloren</code>,1,0.0003337
343,fornean,<code>fornean</code>,1,0.0003337
343,forp&aelig;ra&eth;,<code>forp&amp;ae;ra&amp;d;</code>,1,0.0003337
343,forsawe,<code>forsawe</code>,1,0.0003337
343,forsceat,<code>forsceat</code>,1,0.0003337
343,forswylh&eth;,<code>forswylh&amp;d;</code>,1,0.0003337
343,forwel,<code>forwel</code>,1,0.0003337
343,forwyrdum,<code>forwyrdum</code>,1,0.0003337
343,fotl&aelig;sta,<code>fotl&amp;ae;sta</code>,1,0.0003337
343,fotl&aelig;ste,<code>fotl&amp;ae;ste</code>,1,0.0003337
343,fr&aelig;cednyssa,<code>fr&amp;ae;cednyssa</code>,1,0.0003337
343,fr&aelig;twunge,<code>fr&amp;ae;twunge</code>,1,0.0003337
343,freols,<code>freols</code>,1,0.0003337
343,frige,<code>frige</code>,1,0.0003337
343,fullfremede,<code>fullfremede</code>,1,0.0003337
343,fulluhtere,<code>fulluhtere</code>,1,0.0003337
343,fultumes,<code>fultumes</code>,1,0.0003337
343,funde,<code>funde</code>,1,0.0003337
343,fylstende,<code>fylstende</code>,1,0.0003337
343,fyre,<code>fyre</code>,1,0.0003337
343,fyrmestra,<code>fyrmestra</code>,1,0.0003337
343,ga,<code>ga</code>,1,0.0003337
343,ga&eth;,<code>ga&amp;d;</code>,1,0.0003337
343,gafol,<code>gafol</code>,1,0.0003337
343,gargano,<code>gargano</code>,1,0.0003337
343,gastlice,<code>gastlice</code>,1,0.0003337
343,gastlicere,<code>gastlicere</code>,1,0.0003337
343,gastlicre,<code>gastlicre</code>,1,0.0003337
343,ge&aelig;bilih&eth;,<code>ge&amp;ae;bilih&amp;d;</code>,1,0.0003337
343,ge&aelig;ttrede,<code>ge&amp;ae;ttrede</code>,1,0.0003337
343,ge&aelig;ttredre,<code>ge&amp;ae;ttredre</code>,1,0.0003337
343,ge&thorn;afia&eth;,<code>ge&amp;t;afia&amp;d;</code>,1,0.0003337
343,ge&thorn;enod,<code>ge&amp;t;enod</code>,1,0.0003337
343,ge&thorn;ensum,<code>ge&amp;t;ensum</code>,1,0.0003337
343,ge&thorn;eodr&aelig;dene,<code>ge&amp;t;eodr&amp;ae;dene</code>,1,0.0003337
343,ge&thorn;ingc&eth;e,<code>ge&amp;t;ingc&amp;d;e</code>,1,0.0003337
343,ge&thorn;ohtas,<code>ge&amp;t;ohtas</code>,1,0.0003337
343,ge&thorn;w&aelig;ria&eth;,<code>ge&amp;t;w&amp;ae;ria&amp;d;</code>,1,0.0003337
343,ge&thorn;w&aelig;rl&aelig;h&eth;,<code>ge&amp;t;w&amp;ae;rl&amp;ae;h&amp;d;</code>,1,0.0003337
343,ge&thorn;yde,<code>ge&amp;t;yde</code>,1,0.0003337
343,geandwyrde,<code>geandwyrde</code>,1,0.0003337
343,gebedum,<code>gebedum</code>,1,0.0003337
343,gebende,<code>gebende</code>,1,0.0003337
343,gebicnunge,<code>gebicnunge</code>,1,0.0003337
343,gebrohton,<code>gebrohton</code>,1,0.0003337
343,gebyra&eth;,<code>gebyra&amp;d;</code>,1,0.0003337
343,gecigdon,<code>gecigdon</code>,1,0.0003337
343,geciged,<code>geciged</code>,1,0.0003337
343,gecneordlice,<code>gecneordlice</code>,1,0.0003337
343,gecw&aelig;&eth;,<code>gecw&amp;ae;&amp;d;</code>,1,0.0003337
343,gecyd,<code>gecyd</code>,1,0.0003337
343,gecyrdon,<code>gecyrdon</code>,1,0.0003337
343,geealgode,<code>geealgode</code>,1,0.0003337
343,gef&aelig;stna&eth;,<code>gef&amp;ae;stna&amp;d;</code>,1,0.0003337
343,gefean,<code>gefean</code>,1,0.0003337
343,gefeohtes,<code>gefeohtes</code>,1,0.0003337
343,geferum,<code>geferum</code>,1,0.0003337
343,gefremode,<code>gefremode</code>,1,0.0003337
343,gefultuma&eth;,<code>gefultuma&amp;d;</code>,1,0.0003337
343,gefyldon,<code>gefyldon</code>,1,0.0003337
343,gefylled,<code>gefylled</code>,1,0.0003337
343,gegaderodon,<code>gegaderodon</code>,1,0.0003337
343,gegadrode,<code>gegadrode</code>,1,0.0003337
343,gegange,<code>gegange</code>,1,0.0003337
343,gegremod,<code>gegremod</code>,1,0.0003337
343,geh&aelig;lan,<code>geh&amp;ae;lan</code>,1,0.0003337
343,geh&aelig;lede,<code>geh&amp;ae;lede</code>,1,0.0003337
343,gehalgodon,<code>gehalgodon</code>,1,0.0003337
343,gehnipum,<code>gehnipum</code>,1,0.0003337
343,gehw&aelig;de,<code>gehw&amp;ae;de</code>,1,0.0003337
343,gehw&aelig;r,<code>gehw&amp;ae;r</code>,1,0.0003337
343,gehwa,<code>gehwa</code>,1,0.0003337
343,gehwemmed,<code>gehwemmed</code>,1,0.0003337
343,gehwylc,<code>gehwylc</code>,1,0.0003337
343,gehyrde,<code>gehyrde</code>,1,0.0003337
343,gel&aelig;dde,<code>gel&amp;ae;dde</code>,1,0.0003337
343,gel&aelig;don,<code>gel&amp;ae;don</code>,1,0.0003337
343,gel&aelig;rde,<code>gel&amp;ae;rde</code>,1,0.0003337
343,gela&eth;unge,<code>gela&amp;d;unge</code>,1,0.0003337
343,gela&thorn;unge,<code>gela&amp;t;unge</code>,1,0.0003337
343,gelamp,<code>gelamp</code>,1,0.0003337
343,geleafan,<code>geleafan</code>,1,0.0003337
343,geleaffullan,<code>geleaffullan</code>,1,0.0003337
343,geleaffullum,<code>geleaffullum</code>,1,0.0003337
343,geleaflic,<code>geleaflic</code>,1,0.0003337
343,gelicnysse,<code>gelicnysse</code>,1,0.0003337
343,gelimpa&eth;,<code>gelimpa&amp;d;</code>,1,0.0003337
343,gelimpe,<code>gelimpe</code>,1,0.0003337
343,gelogode,<code>gelogode</code>,1,0.0003337
343,gelome,<code>gelome</code>,1,0.0003337
343,gelyfe,<code>gelyfe</code>,1,0.0003337
343,gem&aelig;ru,<code>gem&amp;ae;ru</code>,1,0.0003337
343,gem&aelig;rum,<code>gem&amp;ae;rum</code>,1,0.0003337
343,gemete,<code>gemete</code>,1,0.0003337
343,gemetum,<code>gemetum</code>,1,0.0003337
343,geneal&aelig;c&eth;,<code>geneal&amp;ae;c&amp;d;</code>,1,0.0003337
343,geneal&aelig;can,<code>geneal&amp;ae;can</code>,1,0.0003337
343,geneal&aelig;hton,<code>geneal&amp;ae;hton</code>,1,0.0003337
343,geneosian,<code>geneosian</code>,1,0.0003337
343,geopena,<code>geopena</code>,1,0.0003337
343,ger&aelig;can,<code>ger&amp;ae;can</code>,1,0.0003337
343,gescryd,<code>gescryd</code>,1,0.0003337
343,gescyldnysse,<code>gescyldnysse</code>,1,0.0003337
343,gescylt,<code>gescylt</code>,1,0.0003337
343,gesetnysse,<code>gesetnysse</code>,1,0.0003337
343,gesewen,<code>gesewen</code>,1,0.0003337
343,gesiblingum,<code>gesiblingum</code>,1,0.0003337
343,gesih&thorn;e,<code>gesih&amp;t;e</code>,1,0.0003337
343,gesing,<code>gesing</code>,1,0.0003337
343,gesohton,<code>gesohton</code>,1,0.0003337
343,geswutelige,<code>geswutelige</code>,1,0.0003337
343,getacnunge,<code>getacnunge</code>,1,0.0003337
343,geteald,<code>geteald</code>,1,0.0003337
343,getele,<code>getele</code>,1,0.0003337
343,getimbrod,<code>getimbrod</code>,1,0.0003337
343,getimbrunge,<code>getimbrunge</code>,1,0.0003337
343,getrymedon,<code>getrymedon</code>,1,0.0003337
343,getuge,<code>getuge</code>,1,0.0003337
343,gew&aelig;pnode,<code>gew&amp;ae;pnode</code>,1,0.0003337
343,gewat,<code>gewat</code>,1,0.0003337
343,gewem&eth;,<code>gewem&amp;d;</code>,1,0.0003337
343,gewilna&eth;,<code>gewilna&amp;d;</code>,1,0.0003337
343,gewis,<code>gewis</code>,1,0.0003337
343,gewislice,<code>gewislice</code>,1,0.0003337
343,gewita&eth;,<code>gewita&amp;d;</code>,1,0.0003337
343,gewuna,<code>gewuna</code>,1,0.0003337
343,gewunelice,<code>gewunelice</code>,1,0.0003337
343,gingrum,<code>gingrum</code>,1,0.0003337
343,gl&aelig;sen,<code>gl&amp;ae;sen</code>,1,0.0003337
343,goda,<code>goda</code>,1,0.0003337
343,godcundum,<code>godcundum</code>,1,0.0003337
343,graman,<code>graman</code>,1,0.0003337
343,greciscre,<code>greciscre</code>,1,0.0003337
343,grenan,<code>grenan</code>,1,0.0003337
343,gyldenne,<code>gyldenne</code>,1,0.0003337
343,gyman,<code>gyman</code>,1,0.0003337
343,gymend,<code>gymend</code>,1,0.0003337
343,gymene,<code>gymene</code>,1,0.0003337
343,gyngran,<code>gyngran</code>,1,0.0003337
343,gyt,<code>gyt</code>,1,0.0003337
343,h&aelig;&eth;enan,<code>h&amp;ae;&amp;d;enan</code>,1,0.0003337
343,h&aelig;&eth;enum,<code>h&amp;ae;&amp;d;enum</code>,1,0.0003337
343,h&aelig;&thorn;enscype,<code>h&amp;ae;&amp;t;enscype</code>,1,0.0003337
343,h&aelig;fde,<code>h&amp;ae;fde</code>,1,0.0003337
343,h&aelig;gmon,<code>h&amp;ae;gmon</code>,1,0.0003337
343,h&aelig;le,<code>h&amp;ae;le</code>,1,0.0003337
343,h&aelig;lende,<code>h&amp;ae;lende</code>,1,0.0003337
343,habba&eth;,<code>habba&amp;d;</code>,1,0.0003337
343,hade,<code>hade</code>,1,0.0003337
343,halgung,<code>halgung</code>,1,0.0003337
343,halwende,<code>halwende</code>,1,0.0003337
343,ham,<code>ham</code>,1,0.0003337
343,handa,<code>handa</code>,1,0.0003337
343,handum,<code>handum</code>,1,0.0003337
343,heafde,<code>heafde</code>,1,0.0003337
343,heahnysse,<code>heahnysse</code>,1,0.0003337
343,healdon,<code>healdon</code>,1,0.0003337
343,healica,<code>healica</code>,1,0.0003337
343,healt,<code>healt</code>,1,0.0003337
343,hebbon,<code>hebbon</code>,1,0.0003337
343,heo,<code>heo</code>,1,0.0003337
343,heofenum,<code>heofenum</code>,1,0.0003337
343,heofonlica,<code>heofonlica</code>,1,0.0003337
343,heofonlican,<code>heofonlican</code>,1,0.0003337
343,heoldon,<code>heoldon</code>,1,0.0003337
343,heortan,<code>heortan</code>,1,0.0003337
343,her,<code>her</code>,1,0.0003337
343,hider,<code>hider</code>,1,0.0003337
343,hindan,<code>hindan</code>,1,0.0003337
343,hire,<code>hire</code>,1,0.0003337
343,hiwa&eth;,<code>hiwa&amp;d;</code>,1,0.0003337
343,hiwe,<code>hiwe</code>,1,0.0003337
343,hluttor,<code>hluttor</code>,1,0.0003337
343,hola,<code>hola</code>,1,0.0003337
343,hr&aelig;dlice,<code>hr&amp;ae;dlice</code>,1,0.0003337
343,hra&eth;ost,<code>hra&amp;d;ost</code>,1,0.0003337
343,hrepa&eth;,<code>hrepa&amp;d;</code>,1,0.0003337
343,hreppe,<code>hreppe</code>,1,0.0003337
343,hrepunge,<code>hrepunge</code>,1,0.0003337
343,hrof,<code>hrof</code>,1,0.0003337
343,hrofstane,<code>hrofstane</code>,1,0.0003337
343,husle,<code>husle</code>,1,0.0003337
343,hw&aelig;&eth;er,<code>hw&amp;ae;&amp;d;er</code>,1,0.0003337
343,hwam,<code>hwam</code>,1,0.0003337
343,hweder,<code>hweder</code>,1,0.0003337
343,hwene,<code>hwene</code>,1,0.0003337
343,hwi,<code>hwi</code>,1,0.0003337
343,hwilc,<code>hwilc</code>,1,0.0003337
343,hwile,<code>hwile</code>,1,0.0003337
343,hwyrftla&eth;,<code>hwyrftla&amp;d;</code>,1,0.0003337
343,hylt,<code>hylt</code>,1,0.0003337
343,hyrdr&aelig;dene,<code>hyrdr&amp;ae;dene</code>,1,0.0003337
343,hyrdum,<code>hyrdum</code>,1,0.0003337
343,hyre,<code>hyre</code>,1,0.0003337
343,hys,<code>hys</code>,1,0.0003337
343,iesum,<code>iesum</code>,1,0.0003337
343,iii,<code>iii</code>,1,0.0003337
343,in,<code>in</code>,1,0.0003337
343,incnihta,<code>incnihta</code>,1,0.0003337
343,inganges,<code>inganges</code>,1,0.0003337
343,ingehid,<code>ingehid</code>,1,0.0003337
343,intingan,<code>intingan</code>,1,0.0003337
343,iohanne,<code>iohanne</code>,1,0.0003337
343,kalendas,<code>kalendas</code>,1,0.0003337
343,l&aelig;swede,<code>l&amp;ae;swede</code>,1,0.0003337
343,lacum,<code>lacum</code>,1,0.0003337
343,lagon,<code>lagon</code>,1,0.0003337
343,landes,<code>landes</code>,1,0.0003337
343,lang,<code>lang</code>,1,0.0003337
343,langsume,<code>langsume</code>,1,0.0003337
343,langsumum,<code>langsumum</code>,1,0.0003337
343,lareow,<code>lareow</code>,1,0.0003337
343,leahterfulre,<code>leahterfulre</code>,1,0.0003337
343,leasra,<code>leasra</code>,1,0.0003337
343,leodscipe,<code>leodscipe</code>,1,0.0003337
343,leodscipum,<code>leodscipum</code>,1,0.0003337
343,leof,<code>leof</code>,1,0.0003337
343,leofa&eth;,<code>leofa&amp;d;</code>,1,0.0003337
343,leoma,<code>leoma</code>,1,0.0003337
343,leorningcnihtas,<code>leorningcnihtas</code>,1,0.0003337
343,li&eth;um,<code>li&amp;d;um</code>,1,0.0003337
343,lichaman,<code>lichaman</code>,1,0.0003337
343,lichamlice,<code>lichamlice</code>,1,0.0003337
343,lichamlicre,<code>lichamlicre</code>,1,0.0003337
343,lif,<code>lif</code>,1,0.0003337
343,lifes,<code>lifes</code>,1,0.0003337
343,lifiendan,<code>lifiendan</code>,1,0.0003337
343,liget,<code>liget</code>,1,0.0003337
343,limum,<code>limum</code>,1,0.0003337
343,lof,<code>lof</code>,1,0.0003337
343,lofe,<code>lofe</code>,1,0.0003337
343,losode,<code>losode</code>,1,0.0003337
343,lufe,<code>lufe</code>,1,0.0003337
343,lufia&eth;,<code>lufia&amp;d;</code>,1,0.0003337
343,lufie,<code>lufie</code>,1,0.0003337
343,lufode,<code>lufode</code>,1,0.0003337
343,lufon,<code>lufon</code>,1,0.0003337
343,lytlingas,<code>lytlingas</code>,1,0.0003337
343,lytlingum,<code>lytlingum</code>,1,0.0003337
343,m&aelig;g,<code>m&amp;ae;g</code>,1,0.0003337
343,m&aelig;gnum,<code>m&amp;ae;gnum</code>,1,0.0003337
343,m&aelig;ra,<code>m&amp;ae;ra</code>,1,0.0003337
343,m&aelig;re,<code>m&amp;ae;re</code>,1,0.0003337
343,magas,<code>magas</code>,1,0.0003337
343,maior,<code>maior</code>,1,0.0003337
343,mancynne,<code>mancynne</code>,1,0.0003337
343,manegvm,<code>manegvm</code>,1,0.0003337
343,manode,<code>manode</code>,1,0.0003337
343,mare,<code>mare</code>,1,0.0003337
343,marian,<code>marian</code>,1,0.0003337
343,menige,<code>menige</code>,1,0.0003337
343,menigfealde,<code>menigfealde</code>,1,0.0003337
343,meniu,<code>meniu</code>,1,0.0003337
343,merien,<code>merien</code>,1,0.0003337
343,metrumnyssum,<code>metrumnyssum</code>,1,0.0003337
343,mette,<code>mette</code>,1,0.0003337
343,micclum,<code>micclum</code>,1,0.0003337
343,micelnys,<code>micelnys</code>,1,0.0003337
343,michaeles,<code>michaeles</code>,1,0.0003337
343,michahele,<code>michahele</code>,1,0.0003337
343,michaheles,<code>michaheles</code>,1,0.0003337
343,michahelis,<code>michahelis</code>,1,0.0003337
343,middan,<code>middan</code>,1,0.0003337
343,mihton,<code>mihton</code>,1,0.0003337
343,mila,<code>mila</code>,1,0.0003337
343,min,<code>min</code>,1,0.0003337
343,mislica&eth;,<code>mislica&amp;d;</code>,1,0.0003337
343,mislice,<code>mislice</code>,1,0.0003337
343,mode,<code>mode</code>,1,0.0003337
343,modig,<code>modig</code>,1,0.0003337
343,moton,<code>moton</code>,1,0.0003337
343,moyses,<code>moyses</code>,1,0.0003337
343,mu&eth;,<code>mu&amp;d;</code>,1,0.0003337
343,munde,<code>munde</code>,1,0.0003337
343,munt,<code>munt</code>,1,0.0003337
343,munte,<code>munte</code>,1,0.0003337
343,mynegungum,<code>mynegungum</code>,1,0.0003337
343,mynsterlic,<code>mynsterlic</code>,1,0.0003337
343,n&aelig;fre,<code>n&amp;ae;fre</code>,1,0.0003337
343,n&aelig;s,<code>n&amp;ae;s</code>,1,0.0003337
343,nanum,<code>nanum</code>,1,0.0003337
343,neapolim,<code>neapolim</code>,1,0.0003337
343,neapolite,<code>neapolite</code>,1,0.0003337
343,necheburas,<code>necheburas</code>,1,0.0003337
343,neoda,<code>neoda</code>,1,0.0003337
343,nihtlicere,<code>nihtlicere</code>,1,0.0003337
343,nim,<code>nim</code>,1,0.0003337
343,nima&eth;,<code>nima&amp;d;</code>,1,0.0003337
343,nor&eth;dura,<code>nor&amp;d;dura</code>,1,0.0003337
343,nydbehefan,<code>nydbehefan</code>,1,0.0003337
343,o&eth;er,<code>o&amp;d;er</code>,1,0.0003337
343,o&eth;erne,<code>o&amp;d;erne</code>,1,0.0003337
343,o&thorn;,<code>o&amp;t;</code>,1,0.0003337
343,o&thorn;ra,<code>o&amp;t;ra</code>,1,0.0003337
343,o&thorn;res,<code>o&amp;t;res</code>,1,0.0003337
343,octobris,<code>octobris</code>,1,0.0003337
343,oferbr&aelig;ded,<code>oferbr&amp;ae;ded</code>,1,0.0003337
343,oferhangen,<code>oferhangen</code>,1,0.0003337
343,oferhogode,<code>oferhogode</code>,1,0.0003337
343,oferweaxen,<code>oferweaxen</code>,1,0.0003337
343,offrode,<code>offrode</code>,1,0.0003337
343,ofsceotan,<code>ofsceotan</code>,1,0.0003337
343,ofscoten,<code>ofscoten</code>,1,0.0003337
343,ofsette,<code>ofsette</code>,1,0.0003337
343,ofsloh,<code>ofsloh</code>,1,0.0003337
343,ofspring,<code>ofspring</code>,1,0.0003337
343,oft,<code>oft</code>,1,0.0003337
343,onbyriga&eth;,<code>onbyriga&amp;d;</code>,1,0.0003337
343,oncneowon,<code>oncneowon</code>,1,0.0003337
343,onfeh&eth;,<code>onfeh&amp;d;</code>,1,0.0003337
343,onfon,<code>onfon</code>,1,0.0003337
343,onhef&eth;,<code>onhef&amp;d;</code>,1,0.0003337
343,orfes,<code>orfes</code>,1,0.0003337
343,orm&aelig;ta,<code>orm&amp;ae;ta</code>,1,0.0003337
343,orm&aelig;te,<code>orm&amp;ae;te</code>,1,0.0003337
343,orm&aelig;tere,<code>orm&amp;ae;tere</code>,1,0.0003337
343,orsorge,<code>orsorge</code>,1,0.0003337
343,p&aelig;lle,<code>p&amp;ae;lle</code>,1,0.0003337
343,papa,<code>papa</code>,1,0.0003337
343,papan,<code>papan</code>,1,0.0003337
343,paulus,<code>paulus</code>,1,0.0003337
343,perscisce,<code>perscisce</code>,1,0.0003337
343,perscisre,<code>perscisre</code>,1,0.0003337
343,portic,<code>portic</code>,1,0.0003337
343,portice,<code>portice</code>,1,0.0003337
343,putas,<code>putas</code>,1,0.0003337
343,quis,<code>quis</code>,1,0.0003337
343,r&aelig;ddon,<code>r&amp;ae;ddon</code>,1,0.0003337
343,r&aelig;de,<code>r&amp;ae;de</code>,1,0.0003337
343,r&aelig;deras,<code>r&amp;ae;deras</code>,1,0.0003337
343,r&aelig;des,<code>r&amp;ae;des</code>,1,0.0003337
343,racenteage,<code>racenteage</code>,1,0.0003337
343,raphahel,<code>raphahel</code>,1,0.0003337
343,readum,<code>readum</code>,1,0.0003337
343,regno,<code>regno</code>,1,0.0003337
343,rehte,<code>rehte</code>,1,0.0003337
343,reliqua,<code>reliqua</code>,1,0.0003337
343,rihtwis,<code>rihtwis</code>,1,0.0003337
343,rihtwises,<code>rihtwises</code>,1,0.0003337
343,rihtwisum,<code>rihtwisum</code>,1,0.0003337
343,rixa&eth;,<code>rixa&amp;d;</code>,1,0.0003337
343,rymette,<code>rymette</code>,1,0.0003337
343,sacerdas,<code>sacerdas</code>,1,0.0003337
343,samcuce,<code>samcuce</code>,1,0.0003337
343,samod,<code>samod</code>,1,0.0003337
343,sancti,<code>sancti</code>,1,0.0003337
343,sangeras,<code>sangeras</code>,1,0.0003337
343,sawul,<code>sawul</code>,1,0.0003337
343,sceal,<code>sceal</code>,1,0.0003337
343,sceat,<code>sceat</code>,1,0.0003337
343,sceawere,<code>sceawere</code>,1,0.0003337
343,sceoldon,<code>sceoldon</code>,1,0.0003337
343,sceolon,<code>sceolon</code>,1,0.0003337
343,sealmscop,<code>sealmscop</code>,1,0.0003337
343,seg&eth;,<code>seg&amp;d;</code>,1,0.0003337
343,sei&eth;,<code>sei&amp;d;</code>,1,0.0003337
343,sende,<code>sende</code>,1,0.0003337
343,sepontina,<code>sepontina</code>,1,0.0003337
343,sepontiniscre,<code>sepontiniscre</code>,1,0.0003337
343,sette,<code>sette</code>,1,0.0003337
343,sibling,<code>sibling</code>,1,0.0003337
343,siblingas,<code>siblingas</code>,1,0.0003337
343,sige,<code>sige</code>,1,0.0003337
343,sigef&aelig;ste,<code>sigef&amp;ae;ste</code>,1,0.0003337
343,singa&eth;,<code>singa&amp;d;</code>,1,0.0003337
343,six,<code>six</code>,1,0.0003337
343,so&eth;an,<code>so&amp;d;an</code>,1,0.0003337
343,so&eth;re,<code>so&amp;d;re</code>,1,0.0003337
343,spr&aelig;c,<code>spr&amp;ae;c</code>,1,0.0003337
343,sprece,<code>sprece</code>,1,0.0003337
343,st&aelig;pas,<code>st&amp;ae;pas</code>,1,0.0003337
343,st&aelig;pe,<code>st&amp;ae;pe</code>,1,0.0003337
343,stana,<code>stana</code>,1,0.0003337
343,standende,<code>standende</code>,1,0.0003337
343,stede,<code>stede</code>,1,0.0003337
343,stent,<code>stent</code>,1,0.0003337
343,stillam,<code>stillam</code>,1,0.0003337
343,stow,<code>stow</code>,1,0.0003337
343,su&eth;d&aelig;le,<code>su&amp;d;d&amp;ae;le</code>,1,0.0003337
343,su&eth;duru,<code>su&amp;d;duru</code>,1,0.0003337
343,su&eth;wages,<code>su&amp;d;wages</code>,1,0.0003337
343,sume,<code>sume</code>,1,0.0003337
343,sumere,<code>sumere</code>,1,0.0003337
343,sumes,<code>sumes</code>,1,0.0003337
343,sumne,<code>sumne</code>,1,0.0003337
343,sumum,<code>sumum</code>,1,0.0003337
343,susle,<code>susle</code>,1,0.0003337
343,sw&aelig;cce,<code>sw&amp;ae;cce</code>,1,0.0003337
343,swefene,<code>swefene</code>,1,0.0003337
343,swi&eth;ost,<code>swi&amp;d;ost</code>,1,0.0003337
343,swi&thorn;ost,<code>swi&amp;t;ost</code>,1,0.0003337
343,swicdomum,<code>swicdomum</code>,1,0.0003337
343,swilc,<code>swilc</code>,1,0.0003337
343,swilcera,<code>swilcera</code>,1,0.0003337
343,swura,<code>swura</code>,1,0.0003337
343,swutelunga,<code>swutelunga</code>,1,0.0003337
343,swylce,<code>swylce</code>,1,0.0003337
343,swylcum,<code>swylcum</code>,1,0.0003337
343,sy,<code>sy</code>,1,0.0003337
343,sylfe,<code>sylfe</code>,1,0.0003337
343,sylfrenre,<code>sylfrenre</code>,1,0.0003337
343,syllan,<code>syllan</code>,1,0.0003337
343,synderlice,<code>synderlice</code>,1,0.0003337
343,syrewungum,<code>syrewungum</code>,1,0.0003337
343,tacen,<code>tacen</code>,1,0.0003337
343,tacna,<code>tacna</code>,1,0.0003337
343,temple,<code>temple</code>,1,0.0003337
343,tid,<code>tid</code>,1,0.0003337
343,tihta&eth;,<code>tihta&amp;d;</code>,1,0.0003337
343,tihtingum,<code>tihtingum</code>,1,0.0003337
343,timbrian,<code>timbrian</code>,1,0.0003337
343,tobian,<code>tobian</code>,1,0.0003337
343,tod&aelig;lde,<code>tod&amp;ae;lde</code>,1,0.0003337
343,toll,<code>toll</code>,1,0.0003337
343,tolle,<code>tolle</code>,1,0.0003337
343,tolleras,<code>tolleras</code>,1,0.0003337
343,tomerigen,<code>tomerigen</code>,1,0.0003337
343,tomiddes,<code>tomiddes</code>,1,0.0003337
343,torrum,<code>torrum</code>,1,0.0003337
343,tostencte,<code>tostencte</code>,1,0.0003337
343,toweard,<code>toweard</code>,1,0.0003337
343,towyrp&eth;,<code>towyrp&amp;d;</code>,1,0.0003337
343,trahtna&eth;,<code>trahtna&amp;d;</code>,1,0.0003337
343,truwan,<code>truwan</code>,1,0.0003337
343,turnia&eth;,<code>turnia&amp;d;</code>,1,0.0003337
343,tw&aelig;minge,<code>tw&amp;ae;minge</code>,1,0.0003337
343,twa,<code>twa</code>,1,0.0003337
343,twam,<code>twam</code>,1,0.0003337
343,twelf,<code>twelf</code>,1,0.0003337
343,twynung,<code>twynung</code>,1,0.0003337
343,twynunge,<code>twynunge</code>,1,0.0003337
343,tyrn&eth;,<code>tyrn&amp;d;</code>,1,0.0003337
343,under&thorn;eoddan,<code>under&amp;t;eoddan</code>,1,0.0003337
343,under&thorn;eoddon,<code>under&amp;t;eoddon</code>,1,0.0003337
343,underfangen,<code>underfangen</code>,1,0.0003337
343,underfec&eth;,<code>underfec&amp;d;</code>,1,0.0003337
343,undergeaton,<code>undergeaton</code>,1,0.0003337
343,undern,<code>undern</code>,1,0.0003337
343,unforhtlice,<code>unforhtlice</code>,1,0.0003337
343,unge&thorn;w&aelig;rnysse,<code>unge&amp;t;w&amp;ae;rnysse</code>,1,0.0003337
343,ungerime,<code>ungerime</code>,1,0.0003337
343,unnan,<code>unnan</code>,1,0.0003337
343,unsc&aelig;&eth;&eth;inysse,<code>unsc&amp;ae;&amp;d;&amp;d;inysse</code>,1,0.0003337
343,unsc&aelig;&thorn;&eth;ie,<code>unsc&amp;ae;&amp;t;&amp;d;ie</code>,1,0.0003337
343,untruman,<code>untruman</code>,1,0.0003337
343,uppon,<code>uppon</code>,1,0.0003337
343,upstige,<code>upstige</code>,1,0.0003337
343,urne,<code>urne</code>,1,0.0003337
343,urum,<code>urum</code>,1,0.0003337
343,uton,<code>uton</code>,1,0.0003337
343,w&aelig;les,<code>w&amp;ae;les</code>,1,0.0003337
343,w&aelig;pnum,<code>w&amp;ae;pnum</code>,1,0.0003337
343,w&aelig;ta,<code>w&amp;ae;ta</code>,1,0.0003337
343,w&aelig;ter,<code>w&amp;ae;ter</code>,1,0.0003337
343,wanhal,<code>wanhal</code>,1,0.0003337
343,wat,<code>wat</code>,1,0.0003337
343,wecg,<code>wecg</code>,1,0.0003337
343,weld&aelig;da,<code>weld&amp;ae;da</code>,1,0.0003337
343,wende,<code>wende</code>,1,0.0003337
343,wendon,<code>wendon</code>,1,0.0003337
343,weofodes,<code>weofodes</code>,1,0.0003337
343,weorc,<code>weorc</code>,1,0.0003337
343,weorce,<code>weorce</code>,1,0.0003337
343,wered,<code>wered</code>,1,0.0003337
343,westd&aelig;le,<code>westd&amp;ae;le</code>,1,0.0003337
343,westene,<code>westene</code>,1,0.0003337
343,wi&eth;utan,<code>wi&amp;d;utan</code>,1,0.0003337
343,wifes,<code>wifes</code>,1,0.0003337
343,willa&eth;,<code>willa&amp;d;</code>,1,0.0003337
343,windes,<code>windes</code>,1,0.0003337
343,wislice,<code>wislice</code>,1,0.0003337
343,wite,<code>wite</code>,1,0.0003337
343,witegunge,<code>witegunge</code>,1,0.0003337
343,wlitegra,<code>wlitegra</code>,1,0.0003337
343,wlitiges,<code>wlitiges</code>,1,0.0003337
343,woruld,<code>woruld</code>,1,0.0003337
343,worulde,<code>worulde</code>,1,0.0003337
343,woruldlicere,<code>woruldlicere</code>,1,0.0003337
343,woruldlufe,<code>woruldlufe</code>,1,0.0003337
343,wuda,<code>wuda</code>,1,0.0003337
343,wuldres,<code>wuldres</code>,1,0.0003337
343,wundra,<code>wundra</code>,1,0.0003337
343,wundres,<code>wundres</code>,1,0.0003337
343,wunedon,<code>wunedon</code>,1,0.0003337
343,wunie,<code>wunie</code>,1,0.0003337
343,wuniende,<code>wuniende</code>,1,0.0003337
343,wunode,<code>wunode</code>,1,0.0003337
343,wur&eth;mynte,<code>wur&amp;d;mynte</code>,1,0.0003337
343,wur&eth;scipe,<code>wur&amp;d;scipe</code>,1,0.0003337
343,wur&thorn;odon,<code>wur&amp;t;odon</code>,1,0.0003337
343,wyle,<code>wyle</code>,1,0.0003337
343,wynsum,<code>wynsum</code>,1,0.0003337
343,wynsuman,<code>wynsuman</code>,1,0.0003337
343,wyrse,<code>wyrse</code>,1,0.0003337
343,yfelan,<code>yfelan</code>,1,0.0003337
343,yfele,<code>yfele</code>,1,0.0003337
343,yfelnyssum,<code>yfelnyssum</code>,1,0.0003337
343,yfelre,<code>yfelre</code>,1,0.0003337
343,yfelum,<code>yfelum</code>,1,0.0003337
343,ylde,<code>ylde</code>,1,0.0003337
343,ymbhwyrfte,<code>ymbhwyrfte</code>,1,0.0003337
343,yrn&eth;,<code>yrn&amp;d;</code>,1,0.0003337
