B_Prose,B01,B01.001.021_AECHom_I__19_T02280.txt,817,501,2846
RANK,HTML WORD,RAW WORD,COUNT,RELATIVE FREQUENCY
1,&amp;,<code>&amp;amp;</code>,116,0.0407590
2,on,<code>on</code>,85,0.0298665
3,swa,<code>swa</code>,82,0.0288124
4,he,<code>he</code>,72,0.0252987
5,&thorn;&aelig;t,<code>&amp;t;&amp;ae;t</code>,67,0.0235418
6,is,<code>is</code>,62,0.0217850
6,we,<code>we</code>,62,0.0217850
8,us,<code>us</code>,51,0.0179199
9,se,<code>se</code>,50,0.0175685
10,mid,<code>mid</code>,46,0.0161630
11,&thorn;e,<code>&amp;t;e</code>,40,0.0140548
12,his,<code>his</code>,39,0.0137034
13,&thorn;am,<code>&amp;t;am</code>,34,0.0119466
14,ure,<code>ure</code>,31,0.0108925
15,ne,<code>ne</code>,30,0.0105411
16,bi&eth;,<code>bi&amp;d;</code>,29,0.0101897
17,&thorn;a,<code>&amp;t;a</code>,28,0.0098384
17,to,<code>to</code>,28,0.0098384
19,f&aelig;der,<code>f&amp;ae;der</code>,27,0.0094870
19,godes,<code>godes</code>,27,0.0094870
21,god,<code>god</code>,24,0.0084329
22,for,<code>for</code>,23,0.0080815
22,gif,<code>gif</code>,23,0.0080815
24,ge,<code>ge</code>,21,0.0073788
25,&eth;e,<code>&amp;d;e</code>,19,0.0066760
25,ealle,<code>ealle</code>,19,0.0066760
27,ac,<code>ac</code>,18,0.0063247
28,&thorn;onne,<code>&amp;t;onne</code>,17,0.0059733
28,him,<code>him</code>,17,0.0059733
30,&eth;a,<code>&amp;d;a</code>,16,0.0056219
30,life,<code>life</code>,16,0.0056219
30,man,<code>man</code>,16,0.0056219
30,rice,<code>rice</code>,16,0.0056219
34,sceolon,<code>sceolon</code>,15,0.0052706
35,beo&eth;,<code>beo&amp;d;</code>,13,0.0045678
35,sind,<code>sind</code>,13,0.0045678
37,&thorn;i,<code>&amp;t;i</code>,12,0.0042164
37,&thorn;urh,<code>&amp;t;urh</code>,12,0.0042164
37,crist,<code>crist</code>,12,0.0042164
37,eac,<code>eac</code>,12,0.0042164
37,na,<code>na</code>,12,0.0042164
37,sy,<code>sy</code>,12,0.0042164
43,&eth;&aelig;t,<code>&amp;d;&amp;ae;t</code>,11,0.0038651
43,&thorn;&aelig;re,<code>&amp;t;&amp;ae;re</code>,11,0.0038651
43,&thorn;an,<code>&amp;t;an</code>,11,0.0038651
43,eallum,<code>eallum</code>,11,0.0038651
43,gode,<code>gode</code>,11,0.0038651
43,hi,<code>hi</code>,11,0.0038651
43,hit,<code>hit</code>,11,0.0038651
43,lichaman,<code>lichaman</code>,11,0.0038651
43,mannum,<code>mannum</code>,11,0.0038651
52,buton,<code>buton</code>,10,0.0035137
52,men,<code>men</code>,10,0.0035137
54,&thorn;&aelig;s,<code>&amp;t;&amp;ae;s</code>,9,0.0031623
54,and,<code>and</code>,9,0.0031623
54,fram,<code>fram</code>,9,0.0031623
54,gebed,<code>gebed</code>,9,0.0031623
54,nu,<code>nu</code>,9,0.0031623
54,urum,<code>urum</code>,9,0.0031623
60,&aelig;fre,<code>&amp;ae;fre</code>,8,0.0028110
60,&thorn;in,<code>&amp;t;in</code>,8,0.0028110
60,bearn,<code>bearn</code>,8,0.0028110
60,beon,<code>beon</code>,8,0.0028110
60,deofol,<code>deofol</code>,8,0.0028110
60,heofenum,<code>heofenum</code>,8,0.0028110
60,nan,<code>nan</code>,8,0.0028110
60,synna,<code>synna</code>,8,0.0028110
68,&aelig;g&eth;er,<code>&amp;ae;g&amp;d;er</code>,7,0.0024596
68,&thorn;isum,<code>&amp;t;isum</code>,7,0.0024596
68,deofles,<code>deofles</code>,7,0.0024596
68,ecan,<code>ecan</code>,7,0.0024596
68,eow,<code>eow</code>,7,0.0024596
68,of,<code>of</code>,7,0.0024596
68,sceal,<code>sceal</code>,7,0.0024596
68,seo,<code>seo</code>,7,0.0024596
76,&thorn;one,<code>&amp;t;one</code>,6,0.0021082
76,beo,<code>beo</code>,6,0.0021082
76,halgan,<code>halgan</code>,6,0.0021082
76,hlaf,<code>hlaf</code>,6,0.0021082
76,o&eth;&eth;e,<code>o&amp;d;&amp;d;e</code>,6,0.0021082
76,sawle,<code>sawle</code>,6,0.0021082
76,willa,<code>willa</code>,6,0.0021082
83,&eth;one,<code>&amp;d;one</code>,5,0.0017569
83,&thorn;ysum,<code>&amp;t;ysum</code>,5,0.0017569
83,be,<code>be</code>,5,0.0017569
83,behofia&eth;,<code>behofia&amp;d;</code>,5,0.0017569
83,cw&aelig;&eth;,<code>cw&amp;ae;&amp;d;</code>,5,0.0017569
83,eor&thorn;an,<code>eor&amp;t;an</code>,5,0.0017569
83,gebedu,<code>gebedu</code>,5,0.0017569
83,habba&eth;,<code>habba&amp;d;</code>,5,0.0017569
83,heafod,<code>heafod</code>,5,0.0017569
83,heofonum,<code>heofonum</code>,5,0.0017569
83,hu,<code>hu</code>,5,0.0017569
83,in,<code>in</code>,5,0.0017569
83,lare,<code>lare</code>,5,0.0017569
83,magon,<code>magon</code>,5,0.0017569
83,nama,<code>nama</code>,5,0.0017569
83,urne,<code>urne</code>,5,0.0017569
83,wordum,<code>wordum</code>,5,0.0017569
100,&aelig;r,<code>&amp;ae;r</code>,4,0.0014055
100,&thorn;&aelig;r,<code>&amp;t;&amp;ae;r</code>,4,0.0014055
100,&thorn;u,<code>&amp;t;u</code>,4,0.0014055
100,an,<code>an</code>,4,0.0014055
100,annysse,<code>annysse</code>,4,0.0014055
100,anum,<code>anum</code>,4,0.0014055
100,bigleofan,<code>bigleofan</code>,4,0.0014055
100,deofle,<code>deofle</code>,4,0.0014055
100,eart,<code>eart</code>,4,0.0014055
100,ecnysse,<code>ecnysse</code>,4,0.0014055
100,et,<code>et</code>,4,0.0014055
100,f&aelig;r&eth;,<code>f&amp;ae;r&amp;d;</code>,4,0.0014055
100,fandunge,<code>fandunge</code>,4,0.0014055
100,fet,<code>fet</code>,4,0.0014055
100,forgyfan,<code>forgyfan</code>,4,0.0014055
100,godum,<code>godum</code>,4,0.0014055
100,gyltas,<code>gyltas</code>,4,0.0014055
100,halige,<code>halige</code>,4,0.0014055
100,hine,<code>hine</code>,4,0.0014055
100,hra&eth;e,<code>hra&amp;d;e</code>,4,0.0014055
100,lichama,<code>lichama</code>,4,0.0014055
100,lima,<code>lima</code>,4,0.0014055
100,min,<code>min</code>,4,0.0014055
100,naman,<code>naman</code>,4,0.0014055
100,nele,<code>nele</code>,4,0.0014055
100,o&eth;,<code>o&amp;d;</code>,4,0.0014055
100,pater,<code>pater</code>,4,0.0014055
100,rica,<code>rica</code>,4,0.0014055
100,sawul,<code>sawul</code>,4,0.0014055
100,swilce,<code>swilce</code>,4,0.0014055
100,toweardan,<code>toweardan</code>,4,0.0014055
100,understandenne,<code>understandenne</code>,4,0.0014055
100,w&aelig;s,<code>w&amp;ae;s</code>,4,0.0014055
100,wi&eth;,<code>wi&amp;d;</code>,4,0.0014055
100,worulde,<code>worulde</code>,4,0.0014055
135,&thorn;&aelig;ra,<code>&amp;t;&amp;ae;ra</code>,3,0.0010541
135,&thorn;ing,<code>&amp;t;ing</code>,3,0.0010541
135,&thorn;is,<code>&amp;t;is</code>,3,0.0010541
135,&thorn;us,<code>&amp;t;us</code>,3,0.0010541
135,&thorn;yssere,<code>&amp;t;yssere</code>,3,0.0010541
135,a,<code>a</code>,3,0.0010541
135,afandod,<code>afandod</code>,3,0.0010541
135,agylta&eth;,<code>agylta&amp;d;</code>,3,0.0010541
135,alys,<code>alys</code>,3,0.0010541
135,bet&aelig;c&eth;,<code>bet&amp;ae;c&amp;d;</code>,3,0.0010541
135,costnunge,<code>costnunge</code>,3,0.0010541
135,costnungum,<code>costnungum</code>,3,0.0010541
135,cristene,<code>cristene</code>,3,0.0010541
135,cristenum,<code>cristenum</code>,3,0.0010541
135,de&eth;,<code>de&amp;d;</code>,3,0.0010541
135,ealne,<code>ealne</code>,3,0.0010541
135,ealre,<code>ealre</code>,3,0.0010541
135,eft,<code>eft</code>,3,0.0010541
135,ende,<code>ende</code>,3,0.0010541
135,eowerum,<code>eowerum</code>,3,0.0010541
135,forgyfa&eth;,<code>forgyfa&amp;d;</code>,3,0.0010541
135,gastlican,<code>gastlican</code>,3,0.0010541
135,gehalgod,<code>gehalgod</code>,3,0.0010541
135,gehyrsumia&eth;,<code>gehyrsumia&amp;d;</code>,3,0.0010541
135,gelomlice,<code>gelomlice</code>,3,0.0010541
135,gereorde,<code>gereorde</code>,3,0.0010541
135,gescylde,<code>gescylde</code>,3,0.0010541
135,geworhte,<code>geworhte</code>,3,0.0010541
135,goda,<code>goda</code>,3,0.0010541
135,halgum,<code>halgum</code>,3,0.0010541
135,halig,<code>halig</code>,3,0.0010541
135,handa,<code>handa</code>,3,0.0010541
135,hellewite,<code>hellewite</code>,3,0.0010541
135,husles,<code>husles</code>,3,0.0010541
135,l&aelig;t,<code>l&amp;ae;t</code>,3,0.0010541
135,manega,<code>manega</code>,3,0.0010541
135,mannes,<code>mannes</code>,3,0.0010541
135,menniscnysse,<code>menniscnysse</code>,3,0.0010541
135,mod,<code>mod</code>,3,0.0010541
135,mot,<code>mot</code>,3,0.0010541
135,naht,<code>naht</code>,3,0.0010541
135,nella&eth;,<code>nella&amp;d;</code>,3,0.0010541
135,nis,<code>nis</code>,3,0.0010541
135,nos,<code>nos</code>,3,0.0010541
135,o&thorn;er,<code>o&amp;t;er</code>,3,0.0010541
135,rixa&eth;,<code>rixa&amp;d;</code>,3,0.0010541
135,sunu,<code>sunu</code>,3,0.0010541
135,sy&eth;&eth;an,<code>sy&amp;d;&amp;d;an</code>,3,0.0010541
135,sylfum,<code>sylfum</code>,3,0.0010541
135,sylle,<code>sylle</code>,3,0.0010541
135,wile,<code>wile</code>,3,0.0010541
135,willan,<code>willan</code>,3,0.0010541
135,wisdom,<code>wisdom</code>,3,0.0010541
135,wunung,<code>wunung</code>,3,0.0010541
135,yfel,<code>yfel</code>,3,0.0010541
135,yfele,<code>yfele</code>,3,0.0010541
135,yfelum,<code>yfelum</code>,3,0.0010541
192,&aelig;fter,<code>&amp;ae;fter</code>,2,0.0007027
192,&aelig;ghw&aelig;r,<code>&amp;ae;ghw&amp;ae;r</code>,2,0.0007027
192,&aelig;lc,<code>&amp;ae;lc</code>,2,0.0007027
192,&aelig;lcere,<code>&amp;ae;lcere</code>,2,0.0007027
192,&aelig;lmihtig,<code>&amp;ae;lmihtig</code>,2,0.0007027
192,&aelig;nigum,<code>&amp;ae;nigum</code>,2,0.0007027
192,&aelig;nne,<code>&amp;ae;nne</code>,2,0.0007027
192,&aelig;tforan,<code>&amp;ae;tforan</code>,2,0.0007027
192,&eth;&aelig;r,<code>&amp;d;&amp;ae;r</code>,2,0.0007027
192,&eth;in,<code>&amp;d;in</code>,2,0.0007027
192,&eth;is,<code>&amp;d;is</code>,2,0.0007027
192,&eth;onne,<code>&amp;d;onne</code>,2,0.0007027
192,&thorn;eowa,<code>&amp;t;eowa</code>,2,0.0007027
192,&thorn;igene,<code>&amp;t;igene</code>,2,0.0007027
192,&thorn;reo,<code>&amp;t;reo</code>,2,0.0007027
192,afanda&eth;,<code>afanda&amp;d;</code>,2,0.0007027
192,agenum,<code>agenum</code>,2,0.0007027
192,arist,<code>arist</code>,2,0.0007027
192,betera,<code>betera</code>,2,0.0007027
192,betwux,<code>betwux</code>,2,0.0007027
192,betwynan,<code>betwynan</code>,2,0.0007027
192,bidda&eth;,<code>bidda&amp;d;</code>,2,0.0007027
192,biddan,<code>biddan</code>,2,0.0007027
192,bigleofa,<code>bigleofa</code>,2,0.0007027
192,blisse,<code>blisse</code>,2,0.0007027
192,bro&eth;or,<code>bro&amp;d;or</code>,2,0.0007027
192,celis,<code>celis</code>,2,0.0007027
192,clypian,<code>clypian</code>,2,0.0007027
192,costnung,<code>costnung</code>,2,0.0007027
192,cristes,<code>cristes</code>,2,0.0007027
192,cume,<code>cume</code>,2,0.0007027
192,cw&aelig;don,<code>cw&amp;ae;don</code>,2,0.0007027
192,cwy&eth;,<code>cwy&amp;d;</code>,2,0.0007027
192,cym&eth;,<code>cym&amp;d;</code>,2,0.0007027
192,d&aelig;ghwomlican,<code>d&amp;ae;ghwomlican</code>,2,0.0007027
192,d&aelig;ghwomlice,<code>d&amp;ae;ghwomlice</code>,2,0.0007027
192,do&eth;,<code>do&amp;d;</code>,2,0.0007027
192,drihtne,<code>drihtne</code>,2,0.0007027
192,eallswa,<code>eallswa</code>,2,0.0007027
192,ealswa,<code>ealswa</code>,2,0.0007027
192,eastd&aelig;le,<code>eastd&amp;ae;le</code>,2,0.0007027
192,ece,<code>ece</code>,2,0.0007027
192,eower,<code>eower</code>,2,0.0007027
192,eowre,<code>eowre</code>,2,0.0007027
192,es,<code>es</code>,2,0.0007027
192,fordon,<code>fordon</code>,2,0.0007027
192,forgif,<code>forgif</code>,2,0.0007027
192,forgifan,<code>forgifan</code>,2,0.0007027
192,forseon,<code>forseon</code>,2,0.0007027
192,gastlica,<code>gastlica</code>,2,0.0007027
192,ge&thorn;eon,<code>ge&amp;t;eon</code>,2,0.0007027
192,ge&thorn;w&aelig;re,<code>ge&amp;t;w&amp;ae;re</code>,2,0.0007027
192,gebeode,<code>gebeode</code>,2,0.0007027
192,gebete,<code>gebete</code>,2,0.0007027
192,gebidda&eth;,<code>gebidda&amp;d;</code>,2,0.0007027
192,gebiddan,<code>gebiddan</code>,2,0.0007027
192,gecynde,<code>gecynde</code>,2,0.0007027
192,gecyndelice,<code>gecyndelice</code>,2,0.0007027
192,geearnungum,<code>geearnungum</code>,2,0.0007027
192,gehaten,<code>gehaten</code>,2,0.0007027
192,gelice,<code>gelice</code>,2,0.0007027
192,genoh,<code>genoh</code>,2,0.0007027
192,gesetnysse,<code>gesetnysse</code>,2,0.0007027
192,gestrynde,<code>gestrynde</code>,2,0.0007027
192,geswice,<code>geswice</code>,2,0.0007027
192,gewur&eth;e,<code>gewur&amp;d;e</code>,2,0.0007027
192,h&aelig;f&eth;,<code>h&amp;ae;f&amp;d;</code>,2,0.0007027
192,h&aelig;lend,<code>h&amp;ae;lend</code>,2,0.0007027
192,halgung,<code>halgung</code>,2,0.0007027
192,hata&eth;,<code>hata&amp;d;</code>,2,0.0007027
192,healdan,<code>healdan</code>,2,0.0007027
192,heo,<code>heo</code>,2,0.0007027
192,heofen,<code>heofen</code>,2,0.0007027
192,heofon,<code>heofon</code>,2,0.0007027
192,heofonlicum,<code>heofonlicum</code>,2,0.0007027
192,heortan,<code>heortan</code>,2,0.0007027
192,her,<code>her</code>,2,0.0007027
192,husel,<code>husel</code>,2,0.0007027
192,hw&aelig;&thorn;er,<code>hw&amp;ae;&amp;t;er</code>,2,0.0007027
192,hw&aelig;&thorn;ere,<code>hw&amp;ae;&amp;t;ere</code>,2,0.0007027
192,hw&aelig;t,<code>hw&amp;ae;t</code>,2,0.0007027
192,lim,<code>lim</code>,2,0.0007027
192,lufa&eth;,<code>lufa&amp;d;</code>,2,0.0007027
192,lufian,<code>lufian</code>,2,0.0007027
192,lufige,<code>lufige</code>,2,0.0007027
192,lymu,<code>lymu</code>,2,0.0007027
192,manna,<code>manna</code>,2,0.0007027
192,mettum,<code>mettum</code>,2,0.0007027
192,micclan,<code>micclan</code>,2,0.0007027
192,micel,<code>micel</code>,2,0.0007027
192,micele,<code>micele</code>,2,0.0007027
192,mines,<code>mines</code>,2,0.0007027
192,mode,<code>mode</code>,2,0.0007027
192,n&aelig;f&eth;,<code>n&amp;ae;f&amp;d;</code>,2,0.0007027
192,n&aelig;nne,<code>n&amp;ae;nne</code>,2,0.0007027
192,nane,<code>nane</code>,2,0.0007027
192,near,<code>near</code>,2,0.0007027
192,neoda,<code>neoda</code>,2,0.0007027
192,nobis,<code>nobis</code>,2,0.0007027
192,noster,<code>noster</code>,2,0.0007027
192,nostre,<code>nostre</code>,2,0.0007027
192,o&thorn;re,<code>o&amp;t;re</code>,2,0.0007027
192,oft,<code>oft</code>,2,0.0007027
192,regnum,<code>regnum</code>,2,0.0007027
192,seofon,<code>seofon</code>,2,0.0007027
192,settan,<code>settan</code>,2,0.0007027
192,sibbe,<code>sibbe</code>,2,0.0007027
192,sicut,<code>sicut</code>,2,0.0007027
192,so&eth;lice,<code>so&amp;d;lice</code>,2,0.0007027
192,stent,<code>stent</code>,2,0.0007027
192,syle,<code>syle</code>,2,0.0007027
192,sylf,<code>sylf</code>,2,0.0007027
192,t&aelig;hte,<code>t&amp;ae;hte</code>,2,0.0007027
192,templ,<code>templ</code>,2,0.0007027
192,tod&aelig;g,<code>tod&amp;ae;g</code>,2,0.0007027
192,tuum,<code>tuum</code>,2,0.0007027
192,un&thorn;eawum,<code>un&amp;t;eawum</code>,2,0.0007027
192,under&thorn;eodde,<code>under&amp;t;eodde</code>,2,0.0007027
192,w&aelig;ron,<code>w&amp;ae;ron</code>,2,0.0007027
192,wear&eth;,<code>wear&amp;d;</code>,2,0.0007027
192,wel,<code>wel</code>,2,0.0007027
192,wenda&eth;,<code>wenda&amp;d;</code>,2,0.0007027
192,wise,<code>wise</code>,2,0.0007027
192,word,<code>word</code>,2,0.0007027
192,wuna&eth;,<code>wuna&amp;d;</code>,2,0.0007027
317,&aelig;&thorn;elborene,<code>&amp;ae;&amp;t;elborene</code>,1,0.0003514
317,&aelig;lces,<code>&amp;ae;lces</code>,1,0.0003514
317,&aelig;lmihtigum,<code>&amp;ae;lmihtigum</code>,1,0.0003514
317,&aelig;t,<code>&amp;ae;t</code>,1,0.0003514
317,&eth;&aelig;r&aelig;fter,<code>&amp;d;&amp;ae;r&amp;ae;fter</code>,1,0.0003514
317,&eth;&aelig;ra,<code>&amp;d;&amp;ae;ra</code>,1,0.0003514
317,&eth;&aelig;s,<code>&amp;d;&amp;ae;s</code>,1,0.0003514
317,&eth;eah,<code>&amp;d;eah</code>,1,0.0003514
317,&eth;ena&eth;,<code>&amp;d;ena&amp;d;</code>,1,0.0003514
317,&eth;eowan,<code>&amp;d;eowan</code>,1,0.0003514
317,&eth;inga,<code>&amp;d;inga</code>,1,0.0003514
317,&eth;isum,<code>&amp;d;isum</code>,1,0.0003514
317,&eth;ridde,<code>&amp;d;ridde</code>,1,0.0003514
317,&eth;urh,<code>&amp;d;urh</code>,1,0.0003514
317,&eth;yssera,<code>&amp;d;yssera</code>,1,0.0003514
317,&thorn;&aelig;radune,<code>&amp;t;&amp;ae;radune</code>,1,0.0003514
317,&thorn;&aelig;ron,<code>&amp;t;&amp;ae;ron</code>,1,0.0003514
317,&thorn;&aelig;rtogeanes,<code>&amp;t;&amp;ae;rtogeanes</code>,1,0.0003514
317,&thorn;anon,<code>&amp;t;anon</code>,1,0.0003514
317,&thorn;eah,<code>&amp;t;eah</code>,1,0.0003514
317,&thorn;earfa,<code>&amp;t;earfa</code>,1,0.0003514
317,&thorn;icge,<code>&amp;t;icge</code>,1,0.0003514
317,&thorn;igen,<code>&amp;t;igen</code>,1,0.0003514
317,&thorn;ine,<code>&amp;t;ine</code>,1,0.0003514
317,&thorn;inga,<code>&amp;t;inga</code>,1,0.0003514
317,&thorn;ingum,<code>&amp;t;ingum</code>,1,0.0003514
317,&thorn;inum,<code>&amp;t;inum</code>,1,0.0003514
317,&thorn;reora,<code>&amp;t;reora</code>,1,0.0003514
317,&thorn;ridde,<code>&amp;t;ridde</code>,1,0.0003514
317,&thorn;rim,<code>&amp;t;rim</code>,1,0.0003514
317,&thorn;rittig,<code>&amp;t;rittig</code>,1,0.0003514
317,&thorn;rowia&eth;,<code>&amp;t;rowia&amp;d;</code>,1,0.0003514
317,&thorn;rymsetl,<code>&amp;t;rymsetl</code>,1,0.0003514
317,abreo&eth;on,<code>abreo&amp;d;on</code>,1,0.0003514
317,abry&eth;,<code>abry&amp;d;</code>,1,0.0003514
317,adueniat,<code>adueniat</code>,1,0.0003514
317,afandian,<code>afandian</code>,1,0.0003514
317,afandige,<code>afandige</code>,1,0.0003514
317,agen,<code>agen</code>,1,0.0003514
317,agenne,<code>agenne</code>,1,0.0003514
317,agyldan,<code>agyldan</code>,1,0.0003514
317,agylte,<code>agylte</code>,1,0.0003514
317,aht,<code>aht</code>,1,0.0003514
317,al&aelig;nde,<code>al&amp;ae;nde</code>,1,0.0003514
317,alecgon,<code>alecgon</code>,1,0.0003514
317,alysde,<code>alysde</code>,1,0.0003514
317,alyse,<code>alyse</code>,1,0.0003514
317,alysednysse,<code>alysednysse</code>,1,0.0003514
317,amen,<code>amen</code>,1,0.0003514
317,andbida&eth;,<code>andbida&amp;d;</code>,1,0.0003514
317,andgitum,<code>andgitum</code>,1,0.0003514
317,andweard,<code>andweard</code>,1,0.0003514
317,andweardnysse,<code>andweardnysse</code>,1,0.0003514
317,andwyrde,<code>andwyrde</code>,1,0.0003514
317,anginne,<code>anginne</code>,1,0.0003514
317,anr&aelig;de,<code>anr&amp;ae;de</code>,1,0.0003514
317,apostolas,<code>apostolas</code>,1,0.0003514
317,ascofen,<code>ascofen</code>,1,0.0003514
317,asende,<code>asende</code>,1,0.0003514
317,astande,<code>astande</code>,1,0.0003514
317,astealde,<code>astealde</code>,1,0.0003514
317,aswint,<code>aswint</code>,1,0.0003514
317,atuge,<code>atuge</code>,1,0.0003514
317,bealdlice,<code>bealdlice</code>,1,0.0003514
317,bealowe,<code>bealowe</code>,1,0.0003514
317,bebod,<code>bebod</code>,1,0.0003514
317,beboda,<code>beboda</code>,1,0.0003514
317,bebodum,<code>bebodum</code>,1,0.0003514
317,befangen,<code>befangen</code>,1,0.0003514
317,began,<code>began</code>,1,0.0003514
317,begyt,<code>begyt</code>,1,0.0003514
317,behata&eth;,<code>behata&amp;d;</code>,1,0.0003514
317,behet,<code>behet</code>,1,0.0003514
317,behofa&eth;,<code>behofa&amp;d;</code>,1,0.0003514
317,behreowsian,<code>behreowsian</code>,1,0.0003514
317,beleac,<code>beleac</code>,1,0.0003514
317,belimpa&eth;,<code>belimpa&amp;d;</code>,1,0.0003514
317,belocene,<code>belocene</code>,1,0.0003514
317,bend,<code>bend</code>,1,0.0003514
317,bera&eth;,<code>bera&amp;d;</code>,1,0.0003514
317,besargian,<code>besargian</code>,1,0.0003514
317,bet&aelig;h&eth;,<code>bet&amp;ae;h&amp;d;</code>,1,0.0003514
317,betan,<code>betan</code>,1,0.0003514
317,beterunge,<code>beterunge</code>,1,0.0003514
317,bidde,<code>bidde</code>,1,0.0003514
317,bletsia&eth;,<code>bletsia&amp;d;</code>,1,0.0003514
317,bocum,<code>bocum</code>,1,0.0003514
317,bot,<code>bot</code>,1,0.0003514
317,bote,<code>bote</code>,1,0.0003514
317,bre&thorn;er,<code>bre&amp;t;er</code>,1,0.0003514
317,bro&eth;err&aelig;dene,<code>bro&amp;d;err&amp;ae;dene</code>,1,0.0003514
317,bro&thorn;erlican,<code>bro&amp;t;erlican</code>,1,0.0003514
317,bro&thorn;or,<code>bro&amp;t;or</code>,1,0.0003514
317,bro&thorn;orr&aelig;dene,<code>bro&amp;t;orr&amp;ae;dene</code>,1,0.0003514
317,celo,<code>celo</code>,1,0.0003514
317,cl&aelig;nsian,<code>cl&amp;ae;nsian</code>,1,0.0003514
317,com,<code>com</code>,1,0.0003514
317,costna&eth;,<code>costna&amp;d;</code>,1,0.0003514
317,cotidianum,<code>cotidianum</code>,1,0.0003514
317,criste,<code>criste</code>,1,0.0003514
317,cristendom,<code>cristendom</code>,1,0.0003514
317,cu&eth;lice,<code>cu&amp;d;lice</code>,1,0.0003514
317,cum,<code>cum</code>,1,0.0003514
317,cuma&eth;,<code>cuma&amp;d;</code>,1,0.0003514
317,cumon,<code>cumon</code>,1,0.0003514
317,cwe&thorn;a&eth;,<code>cwe&amp;t;a&amp;d;</code>,1,0.0003514
317,cwe&thorn;ende,<code>cwe&amp;t;ende</code>,1,0.0003514
317,cwearterne,<code>cwearterne</code>,1,0.0003514
317,cwy&thorn;,<code>cwy&amp;t;</code>,1,0.0003514
317,cyning,<code>cyning</code>,1,0.0003514
317,d&aelig;las,<code>d&amp;ae;las</code>,1,0.0003514
317,da,<code>da</code>,1,0.0003514
317,de,<code>de</code>,1,0.0003514
317,dea&eth;e,<code>dea&amp;d;e</code>,1,0.0003514
317,debita,<code>debita</code>,1,0.0003514
317,debitoribus,<code>debitoribus</code>,1,0.0003514
317,deoflum,<code>deoflum</code>,1,0.0003514
317,derian,<code>derian</code>,1,0.0003514
317,dimitte,<code>dimitte</code>,1,0.0003514
317,dimittimus,<code>dimittimus</code>,1,0.0003514
317,domesd&aelig;ge,<code>domesd&amp;ae;ge</code>,1,0.0003514
317,dominica,<code>dominica</code>,1,0.0003514
317,don,<code>don</code>,1,0.0003514
317,dreccan,<code>dreccan</code>,1,0.0003514
317,drif&eth;,<code>drif&amp;d;</code>,1,0.0003514
317,dysegum,<code>dysegum</code>,1,0.0003514
317,dysig,<code>dysig</code>,1,0.0003514
317,eagan,<code>eagan</code>,1,0.0003514
317,eage,<code>eage</code>,1,0.0003514
317,eald,<code>eald</code>,1,0.0003514
317,eallra,<code>eallra</code>,1,0.0003514
317,ealra,<code>ealra</code>,1,0.0003514
317,earfo&eth;nysse,<code>earfo&amp;d;nysse</code>,1,0.0003514
317,earfo&eth;nyssum,<code>earfo&amp;d;nyssum</code>,1,0.0003514
317,earma,<code>earma</code>,1,0.0003514
317,earman,<code>earman</code>,1,0.0003514
317,eastweard,<code>eastweard</code>,1,0.0003514
317,edwite,<code>edwite</code>,1,0.0003514
317,elles,<code>elles</code>,1,0.0003514
317,englas,<code>englas</code>,1,0.0003514
317,englum,<code>englum</code>,1,0.0003514
317,eor&eth;an,<code>eor&amp;d;an</code>,1,0.0003514
317,eor&eth;e,<code>eor&amp;d;e</code>,1,0.0003514
317,eor&eth;lic,<code>eor&amp;d;lic</code>,1,0.0003514
317,eor&thorn;e,<code>eor&amp;t;e</code>,1,0.0003514
317,eor&thorn;lices,<code>eor&amp;t;lices</code>,1,0.0003514
317,eowere,<code>eowere</code>,1,0.0003514
317,fandung,<code>fandung</code>,1,0.0003514
317,fandungum,<code>fandungum</code>,1,0.0003514
317,fare,<code>fare</code>,1,0.0003514
317,fealle,<code>fealle</code>,1,0.0003514
317,feawum,<code>feawum</code>,1,0.0003514
317,feor&eth;e,<code>feor&amp;d;e</code>,1,0.0003514
317,feor&eth;linge,<code>feor&amp;d;linge</code>,1,0.0003514
317,feower,<code>feower</code>,1,0.0003514
317,feria,<code>feria</code>,1,0.0003514
317,feria&eth;,<code>feria&amp;d;</code>,1,0.0003514
317,fiat,<code>fiat</code>,1,0.0003514
317,fifte,<code>fifte</code>,1,0.0003514
317,filiga&eth;,<code>filiga&amp;d;</code>,1,0.0003514
317,fodan,<code>fodan</code>,1,0.0003514
317,folce,<code>folce</code>,1,0.0003514
317,for&eth;,<code>for&amp;d;</code>,1,0.0003514
317,for&thorn;eo,<code>for&amp;t;eo</code>,1,0.0003514
317,forbugan,<code>forbugan</code>,1,0.0003514
317,forcu&thorn;ra,<code>forcu&amp;t;ra</code>,1,0.0003514
317,fordona,<code>fordona</code>,1,0.0003514
317,forgif&eth;,<code>forgif&amp;d;</code>,1,0.0003514
317,forgife,<code>forgife</code>,1,0.0003514
317,forgyfene,<code>forgyfene</code>,1,0.0003514
317,forgyfennysse,<code>forgyfennysse</code>,1,0.0003514
317,forgyfenyss&aelig;,<code>forgyfenyss&amp;ae;</code>,1,0.0003514
317,forl&aelig;t,<code>forl&amp;ae;t</code>,1,0.0003514
317,forl&aelig;te,<code>forl&amp;ae;te</code>,1,0.0003514
317,forman,<code>forman</code>,1,0.0003514
317,forme,<code>forme</code>,1,0.0003514
317,formum,<code>formum</code>,1,0.0003514
317,forweorna&eth;,<code>forweorna&amp;d;</code>,1,0.0003514
317,forwur&eth;a&eth;,<code>forwur&amp;d;a&amp;d;</code>,1,0.0003514
317,forwyr&eth;,<code>forwyr&amp;d;</code>,1,0.0003514
317,forwyrhte,<code>forwyrhte</code>,1,0.0003514
317,forwyrned,<code>forwyrned</code>,1,0.0003514
317,fot,<code>fot</code>,1,0.0003514
317,fotsceamul,<code>fotsceamul</code>,1,0.0003514
317,ful,<code>ful</code>,1,0.0003514
317,full,<code>full</code>,1,0.0003514
317,fulre,<code>fulre</code>,1,0.0003514
317,fyligan,<code>fyligan</code>,1,0.0003514
317,fyre,<code>fyre</code>,1,0.0003514
317,fyrmestan,<code>fyrmestan</code>,1,0.0003514
317,fyrst,<code>fyrst</code>,1,0.0003514
317,gastes,<code>gastes</code>,1,0.0003514
317,gastlice,<code>gastlice</code>,1,0.0003514
317,gastlicere,<code>gastlicere</code>,1,0.0003514
317,gastlicum,<code>gastlicum</code>,1,0.0003514
317,ge&thorn;afa,<code>ge&amp;t;afa</code>,1,0.0003514
317,ge&thorn;afian,<code>ge&amp;t;afian</code>,1,0.0003514
317,ge&thorn;anc,<code>ge&amp;t;anc</code>,1,0.0003514
317,ge&thorn;eo&eth;,<code>ge&amp;t;eo&amp;d;</code>,1,0.0003514
317,ge&thorn;eoda&eth;,<code>ge&amp;t;eoda&amp;d;</code>,1,0.0003514
317,ge&thorn;eodan,<code>ge&amp;t;eodan</code>,1,0.0003514
317,ge&thorn;iged,<code>ge&amp;t;iged</code>,1,0.0003514
317,ge&thorn;inc&thorn;e,<code>ge&amp;t;inc&amp;t;e</code>,1,0.0003514
317,ge&thorn;ing&eth;e,<code>ge&amp;t;ing&amp;d;e</code>,1,0.0003514
317,ge&thorn;ing&thorn;e,<code>ge&amp;t;ing&amp;t;e</code>,1,0.0003514
317,ge&thorn;rowode,<code>ge&amp;t;rowode</code>,1,0.0003514
317,ge&thorn;w&aelig;rnysse,<code>ge&amp;t;w&amp;ae;rnysse</code>,1,0.0003514
317,gearcia&eth;,<code>gearcia&amp;d;</code>,1,0.0003514
317,gebede,<code>gebede</code>,1,0.0003514
317,gebedum,<code>gebedum</code>,1,0.0003514
317,gebeorscipes,<code>gebeorscipes</code>,1,0.0003514
317,gebetan,<code>gebetan</code>,1,0.0003514
317,gebindan,<code>gebindan</code>,1,0.0003514
317,gebletsa&eth;,<code>gebletsa&amp;d;</code>,1,0.0003514
317,gebletsian,<code>gebletsian</code>,1,0.0003514
317,gebletsode,<code>gebletsode</code>,1,0.0003514
317,gebrinc&eth;,<code>gebrinc&amp;d;</code>,1,0.0003514
317,gebro&eth;ra,<code>gebro&amp;d;ra</code>,1,0.0003514
317,gebro&eth;ru,<code>gebro&amp;d;ru</code>,1,0.0003514
317,gebro&thorn;ru,<code>gebro&amp;t;ru</code>,1,0.0003514
317,gebyra&eth;,<code>gebyra&amp;d;</code>,1,0.0003514
317,geceas,<code>geceas</code>,1,0.0003514
317,gecwem&eth;,<code>gecwem&amp;d;</code>,1,0.0003514
317,gecyrre,<code>gecyrre</code>,1,0.0003514
317,gedyrstl&aelig;can,<code>gedyrstl&amp;ae;can</code>,1,0.0003514
317,geearnia&eth;,<code>geearnia&amp;d;</code>,1,0.0003514
317,geearnian,<code>geearnian</code>,1,0.0003514
317,geearnion,<code>geearnion</code>,1,0.0003514
317,geefenl&aelig;c&eth;,<code>geefenl&amp;ae;c&amp;d;</code>,1,0.0003514
317,geefenl&aelig;cunge,<code>geefenl&amp;ae;cunge</code>,1,0.0003514
317,geendia&eth;,<code>geendia&amp;d;</code>,1,0.0003514
317,geferena,<code>geferena</code>,1,0.0003514
317,gefl&aelig;schamod,<code>gefl&amp;ae;schamod</code>,1,0.0003514
317,gefrefra&eth;,<code>gefrefra&amp;d;</code>,1,0.0003514
317,gefremod,<code>gefremod</code>,1,0.0003514
317,gefyllan,<code>gefyllan</code>,1,0.0003514
317,gefylle,<code>gefylle</code>,1,0.0003514
317,gefylled,<code>gefylled</code>,1,0.0003514
317,gegearcod,<code>gegearcod</code>,1,0.0003514
317,gegodad,<code>gegodad</code>,1,0.0003514
317,gegremodon,<code>gegremodon</code>,1,0.0003514
317,gehalga&eth;,<code>gehalga&amp;d;</code>,1,0.0003514
317,gehealde,<code>gehealde</code>,1,0.0003514
317,gehyrsume,<code>gehyrsume</code>,1,0.0003514
317,gehyrsumian,<code>gehyrsumian</code>,1,0.0003514
317,gehyrsumie,<code>gehyrsumie</code>,1,0.0003514
317,gehyrsumnysse,<code>gehyrsumnysse</code>,1,0.0003514
317,gel&aelig;dde,<code>gel&amp;ae;dde</code>,1,0.0003514
317,gel&aelig;st,<code>gel&amp;ae;st</code>,1,0.0003514
317,geleafan,<code>geleafan</code>,1,0.0003514
317,gem&aelig;nelice,<code>gem&amp;ae;nelice</code>,1,0.0003514
317,gem&aelig;nlice,<code>gem&amp;ae;nlice</code>,1,0.0003514
317,gemete,<code>gemete</code>,1,0.0003514
317,gemyndig,<code>gemyndig</code>,1,0.0003514
317,gemyngod,<code>gemyngod</code>,1,0.0003514
317,genam,<code>genam</code>,1,0.0003514
317,georne,<code>georne</code>,1,0.0003514
317,geornfulnysse,<code>geornfulnysse</code>,1,0.0003514
317,gerade,<code>gerade</code>,1,0.0003514
317,gereordode,<code>gereordode</code>,1,0.0003514
317,gescead,<code>gescead</code>,1,0.0003514
317,gesceafta,<code>gesceafta</code>,1,0.0003514
317,gesceapennysse,<code>gesceapennysse</code>,1,0.0003514
317,gesceapenysse,<code>gesceapenysse</code>,1,0.0003514
317,gescyldnysse,<code>gescyldnysse</code>,1,0.0003514
317,geseon,<code>geseon</code>,1,0.0003514
317,gesette,<code>gesette</code>,1,0.0003514
317,gestrangode,<code>gestrangode</code>,1,0.0003514
317,gesweostru,<code>gesweostru</code>,1,0.0003514
317,geswic&eth;,<code>geswic&amp;d;</code>,1,0.0003514
317,geswica&eth;,<code>geswica&amp;d;</code>,1,0.0003514
317,geswican,<code>geswican</code>,1,0.0003514
317,geswicenys,<code>geswicenys</code>,1,0.0003514
317,geswinc,<code>geswinc</code>,1,0.0003514
317,geswince,<code>geswince</code>,1,0.0003514
317,geswutelod,<code>geswutelod</code>,1,0.0003514
317,get&aelig;ht,<code>get&amp;ae;ht</code>,1,0.0003514
317,getacna&eth;,<code>getacna&amp;d;</code>,1,0.0003514
317,geti&thorn;ige,<code>geti&amp;t;ige</code>,1,0.0003514
317,getima&eth;,<code>getima&amp;d;</code>,1,0.0003514
317,getintrega&eth;,<code>getintrega&amp;d;</code>,1,0.0003514
317,getrymma&eth;,<code>getrymma&amp;d;</code>,1,0.0003514
317,getrymman,<code>getrymman</code>,1,0.0003514
317,geweaxen,<code>geweaxen</code>,1,0.0003514
317,geweme,<code>geweme</code>,1,0.0003514
317,gewend,<code>gewend</code>,1,0.0003514
317,gewiscendlice,<code>gewiscendlice</code>,1,0.0003514
317,gewrit,<code>gewrit</code>,1,0.0003514
317,gewyldra,<code>gewyldra</code>,1,0.0003514
317,gewyr&eth;,<code>gewyr&amp;d;</code>,1,0.0003514
317,godnysse,<code>godnysse</code>,1,0.0003514
317,godspel,<code>godspel</code>,1,0.0003514
317,godspelle,<code>godspelle</code>,1,0.0003514
317,gold,<code>gold</code>,1,0.0003514
317,grema&eth;,<code>grema&amp;d;</code>,1,0.0003514
317,gremia&eth;,<code>gremia&amp;d;</code>,1,0.0003514
317,h&aelig;lende,<code>h&amp;ae;lende</code>,1,0.0003514
317,h&aelig;t,<code>h&amp;ae;t</code>,1,0.0003514
317,habban,<code>habban</code>,1,0.0003514
317,habbon,<code>habbon</code>,1,0.0003514
317,hand,<code>hand</code>,1,0.0003514
317,heafde,<code>heafde</code>,1,0.0003514
317,heafdes,<code>heafdes</code>,1,0.0003514
317,heahsetle,<code>heahsetle</code>,1,0.0003514
317,healda&eth;,<code>healda&amp;d;</code>,1,0.0003514
317,healicum,<code>healicum</code>,1,0.0003514
317,heane,<code>heane</code>,1,0.0003514
317,hehstan,<code>hehstan</code>,1,0.0003514
317,heofenan,<code>heofenan</code>,1,0.0003514
317,heofenlican,<code>heofenlican</code>,1,0.0003514
317,heofonas,<code>heofonas</code>,1,0.0003514
317,heofonlic,<code>heofonlic</code>,1,0.0003514
317,heria&eth;,<code>heria&amp;d;</code>,1,0.0003514
317,herunga,<code>herunga</code>,1,0.0003514
317,hiwunge,<code>hiwunge</code>,1,0.0003514
317,hlafes,<code>hlafes</code>,1,0.0003514
317,hlaford,<code>hlaford</code>,1,0.0003514
317,hodie,<code>hodie</code>,1,0.0003514
317,hogian,<code>hogian</code>,1,0.0003514
317,huselganges,<code>huselganges</code>,1,0.0003514
317,hw&aelig;&eth;er,<code>hw&amp;ae;&amp;d;er</code>,1,0.0003514
317,hw&aelig;&eth;ere,<code>hw&amp;ae;&amp;d;ere</code>,1,0.0003514
317,hwa,<code>hwa</code>,1,0.0003514
317,hylt,<code>hylt</code>,1,0.0003514
317,ic,<code>ic</code>,1,0.0003514
317,iii,<code>iii</code>,1,0.0003514
317,inducas,<code>inducas</code>,1,0.0003514
317,inneweardlicere,<code>inneweardlicere</code>,1,0.0003514
317,inweardre,<code>inweardre</code>,1,0.0003514
317,l&aelig;da&eth;,<code>l&amp;ae;da&amp;d;</code>,1,0.0003514
317,ladunge,<code>ladunge</code>,1,0.0003514
317,leof,<code>leof</code>,1,0.0003514
317,leofa&eth;,<code>leofa&amp;d;</code>,1,0.0003514
317,leorningcnihtas,<code>leorningcnihtas</code>,1,0.0003514
317,li&eth;,<code>li&amp;d;</code>,1,0.0003514
317,libera,<code>libera</code>,1,0.0003514
317,lichamlice,<code>lichamlice</code>,1,0.0003514
317,lichamlicra,<code>lichamlicra</code>,1,0.0003514
317,lichamlicum,<code>lichamlicum</code>,1,0.0003514
317,lotwrencum,<code>lotwrencum</code>,1,0.0003514
317,lufe,<code>lufe</code>,1,0.0003514
317,lustum,<code>lustum</code>,1,0.0003514
317,ly&thorn;ran,<code>ly&amp;t;ran</code>,1,0.0003514
317,lybban,<code>lybban</code>,1,0.0003514
317,lytlan,<code>lytlan</code>,1,0.0003514
317,m&aelig;dene,<code>m&amp;ae;dene</code>,1,0.0003514
317,m&aelig;gen&thorn;rymmes,<code>m&amp;ae;gen&amp;t;rymmes</code>,1,0.0003514
317,m&aelig;ran,<code>m&amp;ae;ran</code>,1,0.0003514
317,mage,<code>mage</code>,1,0.0003514
317,malo,<code>malo</code>,1,0.0003514
317,mand&aelig;da,<code>mand&amp;ae;da</code>,1,0.0003514
317,mann,<code>mann</code>,1,0.0003514
317,marian,<code>marian</code>,1,0.0003514
317,me,<code>me</code>,1,0.0003514
317,meder,<code>meder</code>,1,0.0003514
317,menige,<code>menige</code>,1,0.0003514
317,menn,<code>menn</code>,1,0.0003514
317,middaneardes,<code>middaneardes</code>,1,0.0003514
317,mihte,<code>mihte</code>,1,0.0003514
317,mihtig,<code>mihtig</code>,1,0.0003514
317,mildheorte,<code>mildheorte</code>,1,0.0003514
317,minum,<code>minum</code>,1,0.0003514
317,mislicum,<code>mislicum</code>,1,0.0003514
317,moder,<code>moder</code>,1,0.0003514
317,moste,<code>moste</code>,1,0.0003514
317,moton,<code>moton</code>,1,0.0003514
317,mu&eth;e,<code>mu&amp;d;e</code>,1,0.0003514
317,mu&thorn;e,<code>mu&amp;t;e</code>,1,0.0003514
317,munda&eth;,<code>munda&amp;d;</code>,1,0.0003514
317,n&aelig;f&thorn;,<code>n&amp;ae;f&amp;t;</code>,1,0.0003514
317,nanes,<code>nanes</code>,1,0.0003514
317,nanre,<code>nanre</code>,1,0.0003514
317,nanum,<code>nanum</code>,1,0.0003514
317,neb,<code>neb</code>,1,0.0003514
317,nelle,<code>nelle</code>,1,0.0003514
317,nolde,<code>nolde</code>,1,0.0003514
317,nomen,<code>nomen</code>,1,0.0003514
317,nostra,<code>nostra</code>,1,0.0003514
317,nostris,<code>nostris</code>,1,0.0003514
317,nostrum,<code>nostrum</code>,1,0.0003514
317,o&eth;er,<code>o&amp;d;er</code>,1,0.0003514
317,o&eth;erne,<code>o&amp;d;erne</code>,1,0.0003514
317,o&eth;ra,<code>o&amp;d;ra</code>,1,0.0003514
317,o&eth;re,<code>o&amp;d;re</code>,1,0.0003514
317,o&thorn;erne,<code>o&amp;t;erne</code>,1,0.0003514
317,o&thorn;rum,<code>o&amp;t;rum</code>,1,0.0003514
317,ofer,<code>ofer</code>,1,0.0003514
317,oferstigende,<code>oferstigende</code>,1,0.0003514
317,ofslean,<code>ofslean</code>,1,0.0003514
317,oftogen,<code>oftogen</code>,1,0.0003514
317,oftor,<code>oftor</code>,1,0.0003514
317,ongan,<code>ongan</code>,1,0.0003514
317,ongean,<code>ongean</code>,1,0.0003514
317,ongunnene,<code>ongunnene</code>,1,0.0003514
317,oratione,<code>oratione</code>,1,0.0003514
317,panem,<code>panem</code>,1,0.0003514
317,patri,<code>patri</code>,1,0.0003514
317,qui,<code>qui</code>,1,0.0003514
317,qvi,<code>qvi</code>,1,0.0003514
317,riht,<code>riht</code>,1,0.0003514
317,rihtlice,<code>rihtlice</code>,1,0.0003514
317,rihtum,<code>rihtum</code>,1,0.0003514
317,rihtwisa,<code>rihtwisa</code>,1,0.0003514
317,rihtwisum,<code>rihtwisum</code>,1,0.0003514
317,rixia&eth;,<code>rixia&amp;d;</code>,1,0.0003514
317,rixie,<code>rixie</code>,1,0.0003514
317,rottra,<code>rottra</code>,1,0.0003514
317,rymette,<code>rymette</code>,1,0.0003514
317,s&aelig;,<code>s&amp;ae;</code>,1,0.0003514
317,s&aelig;don,<code>s&amp;ae;don</code>,1,0.0003514
317,sanctificetur,<code>sanctificetur</code>,1,0.0003514
317,sceoldon,<code>sceoldon</code>,1,0.0003514
317,sceole,<code>sceole</code>,1,0.0003514
317,scip,<code>scip</code>,1,0.0003514
317,selre,<code>selre</code>,1,0.0003514
317,seofo&eth;e,<code>seofo&amp;d;e</code>,1,0.0003514
317,set,<code>set</code>,1,0.0003514
317,sette,<code>sette</code>,1,0.0003514
317,sit,<code>sit</code>,1,0.0003514
317,sixte,<code>sixte</code>,1,0.0003514
317,smeagan,<code>smeagan</code>,1,0.0003514
317,smeagungum,<code>smeagungum</code>,1,0.0003514
317,so&thorn;an,<code>so&amp;t;an</code>,1,0.0003514
317,softnysse,<code>softnysse</code>,1,0.0003514
317,spreca&eth;,<code>spreca&amp;d;</code>,1,0.0003514
317,standa&eth;,<code>standa&amp;d;</code>,1,0.0003514
317,steore,<code>steore</code>,1,0.0003514
317,stowe,<code>stowe</code>,1,0.0003514
317,sumere,<code>sumere</code>,1,0.0003514
317,suo,<code>suo</code>,1,0.0003514
317,sweoster,<code>sweoster</code>,1,0.0003514
317,swi&eth;e,<code>swi&amp;d;e</code>,1,0.0003514
317,swi&eth;or,<code>swi&amp;d;or</code>,1,0.0003514
317,swi&thorn;e,<code>swi&amp;t;e</code>,1,0.0003514
317,swi&thorn;or,<code>swi&amp;t;or</code>,1,0.0003514
317,sylfe,<code>sylfe</code>,1,0.0003514
317,sylfne,<code>sylfne</code>,1,0.0003514
317,synderlice,<code>synderlice</code>,1,0.0003514
317,synfulla,<code>synfulla</code>,1,0.0003514
317,synga&eth;,<code>synga&amp;d;</code>,1,0.0003514
317,syngian,<code>syngian</code>,1,0.0003514
317,synnum,<code>synnum</code>,1,0.0003514
317,syrwungum,<code>syrwungum</code>,1,0.0003514
317,t&aelig;c&eth;,<code>t&amp;ae;c&amp;d;</code>,1,0.0003514
317,t&aelig;ce,<code>t&amp;ae;ce</code>,1,0.0003514
317,temptationem,<code>temptationem</code>,1,0.0003514
317,teolunga,<code>teolunga</code>,1,0.0003514
317,terra,<code>terra</code>,1,0.0003514
317,tintregan,<code>tintregan</code>,1,0.0003514
317,tobrec&eth;,<code>tobrec&amp;d;</code>,1,0.0003514
317,tobrocen,<code>tobrocen</code>,1,0.0003514
317,tradiderit,<code>tradiderit</code>,1,0.0003514
317,tua,<code>tua</code>,1,0.0003514
317,twam,<code>twam</code>,1,0.0003514
317,twelf,<code>twelf</code>,1,0.0003514
317,un&aelig;&thorn;elborene,<code>un&amp;ae;&amp;t;elborene</code>,1,0.0003514
317,un&thorn;eawas,<code>un&amp;t;eawas</code>,1,0.0003514
317,understandan,<code>understandan</code>,1,0.0003514
317,unforodne,<code>unforodne</code>,1,0.0003514
317,ungeendode,<code>ungeendode</code>,1,0.0003514
317,untrum,<code>untrum</code>,1,0.0003514
317,untrumnyss,<code>untrumnyss</code>,1,0.0003514
317,uoluntas,<code>uoluntas</code>,1,0.0003514
317,w&aelig;re,<code>w&amp;ae;re</code>,1,0.0003514
317,wa,<code>wa</code>,1,0.0003514
317,wana,<code>wana</code>,1,0.0003514
317,wat,<code>wat</code>,1,0.0003514
317,wege,<code>wege</code>,1,0.0003514
317,welega,<code>welega</code>,1,0.0003514
317,welum,<code>welum</code>,1,0.0003514
317,weorce,<code>weorce</code>,1,0.0003514
317,weorcum,<code>weorcum</code>,1,0.0003514
317,weras,<code>weras</code>,1,0.0003514
317,westd&aelig;l,<code>westd&amp;ae;l</code>,1,0.0003514
317,wi&eth;stent,<code>wi&amp;d;stent</code>,1,0.0003514
317,wif,<code>wif</code>,1,0.0003514
317,wind,<code>wind</code>,1,0.0003514
317,winna&eth;,<code>winna&amp;d;</code>,1,0.0003514
317,wintra,<code>wintra</code>,1,0.0003514
317,wisan,<code>wisan</code>,1,0.0003514
317,wisdomes,<code>wisdomes</code>,1,0.0003514
317,wisra,<code>wisra</code>,1,0.0003514
317,wissa&eth;,<code>wissa&amp;d;</code>,1,0.0003514
317,witan,<code>witan</code>,1,0.0003514
317,wite,<code>wite</code>,1,0.0003514
317,witodlice,<code>witodlice</code>,1,0.0003514
317,wolde,<code>wolde</code>,1,0.0003514
317,woruld,<code>woruld</code>,1,0.0003514
317,worulda,<code>worulda</code>,1,0.0003514
317,wundra,<code>wundra</code>,1,0.0003514
317,wununge,<code>wununge</code>,1,0.0003514
317,wur&thorn;ia&eth;,<code>wur&amp;t;ia&amp;d;</code>,1,0.0003514
317,wylla&eth;,<code>wylla&amp;d;</code>,1,0.0003514
317,wyrc&eth;,<code>wyrc&amp;d;</code>,1,0.0003514
317,wyrca&eth;,<code>wyrca&amp;d;</code>,1,0.0003514
317,wyrcenne,<code>wyrcenne</code>,1,0.0003514
317,yfela,<code>yfela</code>,1,0.0003514
317,yfelan,<code>yfelan</code>,1,0.0003514
317,ylca,<code>ylca</code>,1,0.0003514
317,ylce,<code>ylce</code>,1,0.0003514
317,ymbe,<code>ymbe</code>,1,0.0003514
