B_Prose,B01,B01.002.005_AECHom_II__4_T02550.txt,1069,689,3090
RANK,HTML WORD,RAW WORD,COUNT,RELATIVE FREQUENCY
1,and,<code>and</code>,149,0.0482201
2,to,<code>to</code>,83,0.0268608
3,&thorn;&aelig;t,<code>&amp;t;&amp;ae;t</code>,76,0.0245955
4,on,<code>on</code>,73,0.0236246
5,his,<code>his</code>,65,0.0210356
6,&eth;e,<code>&amp;d;e</code>,46,0.0148867
7,se,<code>se</code>,41,0.0132686
7,swa,<code>swa</code>,41,0.0132686
9,he,<code>he</code>,36,0.0116505
9,mid,<code>mid</code>,36,0.0116505
11,&eth;a,<code>&amp;d;a</code>,35,0.0113269
12,&eth;am,<code>&amp;d;am</code>,34,0.0110032
12,is,<code>is</code>,34,0.0110032
14,&thorn;a,<code>&amp;t;a</code>,33,0.0106796
15,for,<code>for</code>,31,0.0100324
16,seo,<code>seo</code>,28,0.0090615
17,&eth;&aelig;re,<code>&amp;d;&amp;ae;re</code>,27,0.0087379
18,&thorn;e,<code>&amp;t;e</code>,24,0.0077670
18,we,<code>we</code>,24,0.0077670
20,godes,<code>godes</code>,19,0.0061489
20,hi,<code>hi</code>,19,0.0061489
20,him,<code>him</code>,19,0.0061489
20,w&aelig;s,<code>w&amp;ae;s</code>,19,0.0061489
24,&eth;an,<code>&amp;d;an</code>,18,0.0058252
24,cw&aelig;&eth;,<code>cw&amp;ae;&amp;d;</code>,18,0.0058252
26,&aelig;fter,<code>&amp;ae;fter</code>,16,0.0051780
26,o&eth;,<code>o&amp;d;</code>,16,0.0051780
28,fram,<code>fram</code>,15,0.0048544
28,god,<code>god</code>,15,0.0048544
30,&thorn;am,<code>&amp;t;am</code>,14,0.0045307
30,crist,<code>crist</code>,14,0.0045307
30,gode,<code>gode</code>,14,0.0045307
30,ne,<code>ne</code>,14,0.0045307
34,cristes,<code>cristes</code>,13,0.0042071
34,hierusalem,<code>hierusalem</code>,13,0.0042071
34,hine,<code>hine</code>,13,0.0042071
37,be,<code>be</code>,12,0.0038835
37,gela&eth;unge,<code>gela&amp;d;unge</code>,12,0.0038835
37,us,<code>us</code>,12,0.0038835
40,&thorn;onne,<code>&amp;t;onne</code>,11,0.0035599
40,ic,<code>ic</code>,11,0.0035599
40,sind,<code>sind</code>,11,0.0035599
40,w&aelig;ron,<code>w&amp;ae;ron</code>,11,0.0035599
40,w&aelig;ter,<code>w&amp;ae;ter</code>,11,0.0035599
45,f&aelig;der,<code>f&amp;ae;der</code>,10,0.0032362
45,of,<code>of</code>,10,0.0032362
45,w&aelig;terfatu,<code>w&amp;ae;terfatu</code>,10,0.0032362
45,wear&eth;,<code>wear&amp;d;</code>,10,0.0032362
45,win,<code>win</code>,10,0.0032362
50,&thorn;&aelig;s,<code>&amp;t;&amp;ae;s</code>,9,0.0029126
50,ac,<code>ac</code>,9,0.0029126
50,awend,<code>awend</code>,9,0.0029126
50,bi&eth;,<code>bi&amp;d;</code>,9,0.0029126
50,drihten,<code>drihten</code>,9,0.0029126
50,heora,<code>heora</code>,9,0.0029126
50,rice,<code>rice</code>,9,0.0029126
50,sunu,<code>sunu</code>,9,0.0029126
50,ure,<code>ure</code>,9,0.0029126
59,&thorn;&aelig;re,<code>&amp;t;&amp;ae;re</code>,8,0.0025890
59,&thorn;one,<code>&amp;t;one</code>,8,0.0025890
59,abraham,<code>abraham</code>,8,0.0025890
59,beo&eth;,<code>beo&amp;d;</code>,8,0.0025890
59,cyning,<code>cyning</code>,8,0.0025890
59,folc,<code>folc</code>,8,0.0025890
59,gif,<code>gif</code>,8,0.0025890
59,giftum,<code>giftum</code>,8,0.0025890
59,nu,<code>nu</code>,8,0.0025890
59,ongean,<code>ongean</code>,8,0.0025890
59,wine,<code>wine</code>,8,0.0025890
70,eac,<code>eac</code>,7,0.0022654
70,gastlicum,<code>gastlicum</code>,7,0.0022654
70,ge,<code>ge</code>,7,0.0022654
70,hw&aelig;t,<code>hw&amp;ae;t</code>,7,0.0022654
74,&aelig;t,<code>&amp;ae;t</code>,6,0.0019417
74,&eth;u,<code>&amp;d;u</code>,6,0.0019417
74,&thorn;urh,<code>&amp;t;urh</code>,6,0.0019417
74,andgite,<code>andgite</code>,6,0.0019417
74,getacnode,<code>getacnode</code>,6,0.0019417
74,h&aelig;lend,<code>h&amp;ae;lend</code>,6,0.0019417
74,hu,<code>hu</code>,6,0.0019417
74,israhela,<code>israhela</code>,6,0.0019417
74,o&eth;&eth;e,<code>o&amp;d;&amp;d;e</code>,6,0.0019417
74,six,<code>six</code>,6,0.0019417
74,so&eth;lice,<code>so&amp;d;lice</code>,6,0.0019417
74,sume,<code>sume</code>,6,0.0019417
74,swilce,<code>swilce</code>,6,0.0019417
74,wolde,<code>wolde</code>,6,0.0019417
74,ylde,<code>ylde</code>,6,0.0019417
89,&aelig;,<code>&amp;ae;</code>,5,0.0016181
89,&eth;eah,<code>&amp;d;eah</code>,5,0.0016181
89,&eth;isum,<code>&amp;d;isum</code>,5,0.0016181
89,burh,<code>burh</code>,5,0.0016181
89,buton,<code>buton</code>,5,0.0016181
89,chana,<code>chana</code>,5,0.0016181
89,com,<code>com</code>,5,0.0016181
89,cyninge,<code>cyninge</code>,5,0.0016181
89,dauid,<code>dauid</code>,5,0.0016181
89,do&eth;,<code>do&amp;d;</code>,5,0.0016181
89,ealde,<code>ealde</code>,5,0.0016181
89,ealle,<code>ealle</code>,5,0.0016181
89,earde,<code>earde</code>,5,0.0016181
89,h&aelig;se,<code>h&amp;ae;se</code>,5,0.0016181
89,isaac,<code>isaac</code>,5,0.0016181
89,me,<code>me</code>,5,0.0016181
89,min,<code>min</code>,5,0.0016181
89,nabochodonosor,<code>nabochodonosor</code>,5,0.0016181
89,o&eth;er,<code>o&amp;d;er</code>,5,0.0016181
89,samod,<code>samod</code>,5,0.0016181
89,symle,<code>symle</code>,5,0.0016181
89,yld,<code>yld</code>,5,0.0016181
111,&aelig;lc,<code>&amp;ae;lc</code>,4,0.0012945
111,&eth;&aelig;r,<code>&amp;d;&amp;ae;r</code>,4,0.0012945
111,&eth;as,<code>&amp;d;as</code>,4,0.0012945
111,&eth;one,<code>&amp;d;one</code>,4,0.0012945
111,&thorn;is,<code>&amp;t;is</code>,4,0.0012945
111,&thorn;u,<code>&amp;t;u</code>,4,0.0012945
111,abrahame,<code>abrahame</code>,4,0.0012945
111,anda,<code>anda</code>,4,0.0012945
111,babilonia,<code>babilonia</code>,4,0.0012945
111,ceastergewaran,<code>ceastergewaran</code>,4,0.0012945
111,dune,<code>dune</code>,4,0.0012945
111,ealdan,<code>ealdan</code>,4,0.0012945
111,ecnysse,<code>ecnysse</code>,4,0.0012945
111,eow,<code>eow</code>,4,0.0012945
111,gast,<code>gast</code>,4,0.0012945
111,gemetu,<code>gemetu</code>,4,0.0012945
111,gesette,<code>gesette</code>,4,0.0012945
111,geswutelode,<code>geswutelode</code>,4,0.0012945
111,halgan,<code>halgan</code>,4,0.0012945
111,heofonlican,<code>heofonlican</code>,4,0.0012945
111,hit,<code>hit</code>,4,0.0012945
111,iudeiscra,<code>iudeiscra</code>,4,0.0012945
111,magon,<code>magon</code>,4,0.0012945
111,mannum,<code>mannum</code>,4,0.0012945
111,moder,<code>moder</code>,4,0.0012945
111,noe,<code>noe</code>,4,0.0012945
111,ofer,<code>ofer</code>,4,0.0012945
111,ramm,<code>ramm</code>,4,0.0012945
111,swi&eth;or,<code>swi&amp;d;or</code>,4,0.0012945
111,twyfealde,<code>twyfealde</code>,4,0.0012945
111,w&aelig;re,<code>w&amp;ae;re</code>,4,0.0012945
111,w&aelig;terf&aelig;t,<code>w&amp;ae;terf&amp;ae;t</code>,4,0.0012945
111,witodlice,<code>witodlice</code>,4,0.0012945
111,worulde,<code>worulde</code>,4,0.0012945
111,yfel,<code>yfel</code>,4,0.0012945
146,&aelig;lmihtigan,<code>&amp;ae;lmihtigan</code>,3,0.0009709
146,&eth;&aelig;ra,<code>&amp;d;&amp;ae;ra</code>,3,0.0009709
146,&eth;i,<code>&amp;d;i</code>,3,0.0009709
146,&thorn;eah,<code>&amp;t;eah</code>,3,0.0009709
146,&thorn;us,<code>&amp;t;us</code>,3,0.0009709
146,abrahames,<code>abrahames</code>,3,0.0009709
146,acennednysse,<code>acennednysse</code>,3,0.0009709
146,adame,<code>adame</code>,3,0.0009709
146,agenum,<code>agenum</code>,3,0.0009709
146,anum,<code>anum</code>,3,0.0009709
146,apostol,<code>apostol</code>,3,0.0009709
146,babilonian,<code>babilonian</code>,3,0.0009709
146,bearne,<code>bearne</code>,3,0.0009709
146,byrig,<code>byrig</code>,3,0.0009709
146,cl&aelig;nsunge,<code>cl&amp;ae;nsunge</code>,3,0.0009709
146,clypode,<code>clypode</code>,3,0.0009709
146,d&aelig;ge,<code>d&amp;ae;ge</code>,3,0.0009709
146,dauide,<code>dauide</code>,3,0.0009709
146,drihtealdor,<code>drihtealdor</code>,3,0.0009709
146,eal,<code>eal</code>,3,0.0009709
146,eallum,<code>eallum</code>,3,0.0009709
146,efne,<code>efne</code>,3,0.0009709
146,eft,<code>eft</code>,3,0.0009709
146,eor&eth;lice,<code>eor&amp;d;lice</code>,3,0.0009709
146,fatu,<code>fatu</code>,3,0.0009709
146,gastlice,<code>gastlice</code>,3,0.0009709
146,geara,<code>geara</code>,3,0.0009709
146,geceas,<code>geceas</code>,3,0.0009709
146,geciged,<code>geciged</code>,3,0.0009709
146,gecy&eth;nys,<code>gecy&amp;d;nys</code>,3,0.0009709
146,gel&aelig;dde,<code>gel&amp;ae;dde</code>,3,0.0009709
146,gel&aelig;t,<code>gel&amp;ae;t</code>,3,0.0009709
146,gela&eth;od,<code>gela&amp;d;od</code>,3,0.0009709
146,genam,<code>genam</code>,3,0.0009709
146,geoffrode,<code>geoffrode</code>,3,0.0009709
146,gereccednysse,<code>gereccednysse</code>,3,0.0009709
146,getacna&eth;,<code>getacna&amp;d;</code>,3,0.0009709
146,getacnunge,<code>getacnunge</code>,3,0.0009709
146,h&aelig;f&eth;,<code>h&amp;ae;f&amp;d;</code>,3,0.0009709
146,heoldon,<code>heoldon</code>,3,0.0009709
146,lareowas,<code>lareowas</code>,3,0.0009709
146,leofan,<code>leofan</code>,3,0.0009709
146,leorningcnihtas,<code>leorningcnihtas</code>,3,0.0009709
146,manna,<code>manna</code>,3,0.0009709
146,menniscnysse,<code>menniscnysse</code>,3,0.0009709
146,middaneardes,<code>middaneardes</code>,3,0.0009709
146,offrunge,<code>offrunge</code>,3,0.0009709
146,s&aelig;d,<code>s&amp;ae;d</code>,3,0.0009709
146,sacerd,<code>sacerd</code>,3,0.0009709
146,saul,<code>saul</code>,3,0.0009709
146,saules,<code>saules</code>,3,0.0009709
146,sceolon,<code>sceolon</code>,3,0.0009709
146,si&eth;&eth;an,<code>si&amp;d;&amp;d;an</code>,3,0.0009709
146,st&aelig;nene,<code>st&amp;ae;nene</code>,3,0.0009709
146,st&aelig;pe,<code>st&amp;ae;pe</code>,3,0.0009709
146,stent,<code>stent</code>,3,0.0009709
146,sw&aelig;cce,<code>sw&amp;ae;cce</code>,3,0.0009709
146,sylfne,<code>sylfne</code>,3,0.0009709
146,sylfum,<code>sylfum</code>,3,0.0009709
146,synfullan,<code>synfullan</code>,3,0.0009709
146,synna,<code>synna</code>,3,0.0009709
146,tacn,<code>tacn</code>,3,0.0009709
146,tacne,<code>tacne</code>,3,0.0009709
146,temple,<code>temple</code>,3,0.0009709
146,tocnawa&eth;,<code>tocnawa&amp;d;</code>,3,0.0009709
146,untwylice,<code>untwylice</code>,3,0.0009709
146,weorcum,<code>weorcum</code>,3,0.0009709
146,wi&eth;,<code>wi&amp;d;</code>,3,0.0009709
214,&aelig;fre,<code>&amp;ae;fre</code>,2,0.0006472
214,&aelig;nlipige,<code>&amp;ae;nlipige</code>,2,0.0006472
214,&aelig;r,<code>&amp;ae;r</code>,2,0.0006472
214,&aelig;rest,<code>&amp;ae;rest</code>,2,0.0006472
214,&eth;inum,<code>&amp;d;inum</code>,2,0.0006472
214,&eth;rowunge,<code>&amp;d;rowunge</code>,2,0.0006472
214,&eth;ryfealde,<code>&amp;d;ryfealde</code>,2,0.0006472
214,&thorn;&aelig;r,<code>&amp;t;&amp;ae;r</code>,2,0.0006472
214,&thorn;&aelig;ra,<code>&amp;t;&amp;ae;ra</code>,2,0.0006472
214,&thorn;es,<code>&amp;t;es</code>,2,0.0006472
214,&thorn;ises,<code>&amp;t;ises</code>,2,0.0006472
214,&thorn;ryfealde,<code>&amp;t;ryfealde</code>,2,0.0006472
214,&thorn;yssere,<code>&amp;t;yssere</code>,2,0.0006472
214,ab&aelig;r,<code>ab&amp;ae;r</code>,2,0.0006472
214,acwealde,<code>acwealde</code>,2,0.0006472
214,acwealdon,<code>acwealdon</code>,2,0.0006472
214,adam,<code>adam</code>,2,0.0006472
214,an,<code>an</code>,2,0.0006472
214,ancennedan,<code>ancennedan</code>,2,0.0006472
214,anda&eth;,<code>anda&amp;d;</code>,2,0.0006472
214,andwerdnysse,<code>andwerdnysse</code>,2,0.0006472
214,andwyrde,<code>andwyrde</code>,2,0.0006472
214,arc,<code>arc</code>,2,0.0006472
214,arodest,<code>arodest</code>,2,0.0006472
214,ascortode,<code>ascortode</code>,2,0.0006472
214,ateorode,<code>ateorode</code>,2,0.0006472
214,awende,<code>awende</code>,2,0.0006472
214,b&aelig;r,<code>b&amp;ae;r</code>,2,0.0006472
214,babilone,<code>babilone</code>,2,0.0006472
214,bearnteame,<code>bearnteame</code>,2,0.0006472
214,belimpa&eth;,<code>belimpa&amp;d;</code>,2,0.0006472
214,bethleem,<code>bethleem</code>,2,0.0006472
214,betwux,<code>betwux</code>,2,0.0006472
214,bletsunge,<code>bletsunge</code>,2,0.0006472
214,bryde,<code>bryde</code>,2,0.0006472
214,brydguma,<code>brydguma</code>,2,0.0006472
214,brydguman,<code>brydguman</code>,2,0.0006472
214,cain,<code>cain</code>,2,0.0006472
214,ceaf,<code>ceaf</code>,2,0.0006472
214,cild,<code>cild</code>,2,0.0006472
214,cilde,<code>cilde</code>,2,0.0006472
214,cl&aelig;ne,<code>cl&amp;ae;ne</code>,2,0.0006472
214,corn,<code>corn</code>,2,0.0006472
214,criste,<code>criste</code>,2,0.0006472
214,cuma&eth;,<code>cuma&amp;d;</code>,2,0.0006472
214,cym&eth;,<code>cym&amp;d;</code>,2,0.0006472
214,cyninges,<code>cyninges</code>,2,0.0006472
214,dea&eth;,<code>dea&amp;d;</code>,2,0.0006472
214,deofol,<code>deofol</code>,2,0.0006472
214,deorwur&eth;re,<code>deorwur&amp;d;re</code>,2,0.0006472
214,drihtnes,<code>drihtnes</code>,2,0.0006472
214,ehtnysse,<code>ehtnysse</code>,2,0.0006472
214,engel,<code>engel</code>,2,0.0006472
214,eornostlice,<code>eornostlice</code>,2,0.0006472
214,f&aelig;mne,<code>f&amp;ae;mne</code>,2,0.0006472
214,far,<code>far</code>,2,0.0006472
214,feng,<code>feng</code>,2,0.0006472
214,fifte,<code>fifte</code>,2,0.0006472
214,folces,<code>folces</code>,2,0.0006472
214,forand&aelig;ge,<code>forand&amp;ae;ge</code>,2,0.0006472
214,fultume,<code>fultume</code>,2,0.0006472
214,fyr,<code>fyr</code>,2,0.0006472
214,galileiscan,<code>galileiscan</code>,2,0.0006472
214,galnysse,<code>galnysse</code>,2,0.0006472
214,gebeoras,<code>gebeoras</code>,2,0.0006472
214,gebro&eth;rum,<code>gebro&amp;d;rum</code>,2,0.0006472
214,gebyre&eth;,<code>gebyre&amp;d;</code>,2,0.0006472
214,gecorenan,<code>gecorenan</code>,2,0.0006472
214,gecweden,<code>gecweden</code>,2,0.0006472
214,geedsta&eth;elode,<code>geedsta&amp;d;elode</code>,2,0.0006472
214,geendunge,<code>geendunge</code>,2,0.0006472
214,geh&aelig;fte,<code>geh&amp;ae;fte</code>,2,0.0006472
214,gehalgode,<code>gehalgode</code>,2,0.0006472
214,gel&aelig;ddon,<code>gel&amp;ae;ddon</code>,2,0.0006472
214,gela&eth;ung,<code>gela&amp;d;ung</code>,2,0.0006472
214,geleafan,<code>geleafan</code>,2,0.0006472
214,geleaffulle,<code>geleaffulle</code>,2,0.0006472
214,geleaffullum,<code>geleaffullum</code>,2,0.0006472
214,gelyfdon,<code>gelyfdon</code>,2,0.0006472
214,gem&aelig;nelicum,<code>gem&amp;ae;nelicum</code>,2,0.0006472
214,gereht,<code>gereht</code>,2,0.0006472
214,gesceapen,<code>gesceapen</code>,2,0.0006472
214,gesetnys,<code>gesetnys</code>,2,0.0006472
214,gesih&eth;e,<code>gesih&amp;d;e</code>,2,0.0006472
214,geswutelian,<code>geswutelian</code>,2,0.0006472
214,getacnung,<code>getacnung</code>,2,0.0006472
214,getacnunga,<code>getacnunga</code>,2,0.0006472
214,gewat,<code>gewat</code>,2,0.0006472
214,gewrita,<code>gewrita</code>,2,0.0006472
214,giftu,<code>giftu</code>,2,0.0006472
214,godcundnysse,<code>godcundnysse</code>,2,0.0006472
214,godspelle,<code>godspelle</code>,2,0.0006472
214,gyt,<code>gyt</code>,2,0.0006472
214,h&aelig;fde,<code>h&amp;ae;fde</code>,2,0.0006472
214,h&aelig;ftlingas,<code>h&amp;ae;ftlingas</code>,2,0.0006472
214,h&aelig;lendes,<code>h&amp;ae;lendes</code>,2,0.0006472
214,haligra,<code>haligra</code>,2,0.0006472
214,halwendum,<code>halwendum</code>,2,0.0006472
214,handa,<code>handa</code>,2,0.0006472
214,heofonum,<code>heofonum</code>,2,0.0006472
214,heolde,<code>heolde</code>,2,0.0006472
214,her,<code>her</code>,2,0.0006472
214,het,<code>het</code>,2,0.0006472
214,hire,<code>hire</code>,2,0.0006472
214,hlodon,<code>hlodon</code>,2,0.0006472
214,hundseofontig,<code>hundseofontig</code>,2,0.0006472
214,hwilon,<code>hwilon</code>,2,0.0006472
214,iesus,<code>iesus</code>,2,0.0006472
214,into,<code>into</code>,2,0.0006472
214,isai,<code>isai</code>,2,0.0006472
214,lacum,<code>lacum</code>,2,0.0006472
214,lange,<code>lange</code>,2,0.0006472
214,lareowa,<code>lareowa</code>,2,0.0006472
214,leng,<code>leng</code>,2,0.0006472
214,man,<code>man</code>,2,0.0006472
214,menn,<code>menn</code>,2,0.0006472
214,menniscnys,<code>menniscnys</code>,2,0.0006472
214,micclum,<code>micclum</code>,2,0.0006472
214,middaneard,<code>middaneard</code>,2,0.0006472
214,mihte,<code>mihte</code>,2,0.0006472
214,mislicum,<code>mislicum</code>,2,0.0006472
214,moyses,<code>moyses</code>,2,0.0006472
214,nis,<code>nis</code>,2,0.0006472
214,o&eth;re,<code>o&amp;d;re</code>,2,0.0006472
214,o&eth;rum,<code>o&amp;d;rum</code>,2,0.0006472
214,ofslogon,<code>ofslogon</code>,2,0.0006472
214,ons&aelig;gednysse,<code>ons&amp;ae;gednysse</code>,2,0.0006472
214,paulus,<code>paulus</code>,2,0.0006472
214,rihtwisan,<code>rihtwisan</code>,2,0.0006472
214,rihtwisnysse,<code>rihtwisnysse</code>,2,0.0006472
214,rode,<code>rode</code>,2,0.0006472
214,samuhel,<code>samuhel</code>,2,0.0006472
214,scenc&eth;,<code>scenc&amp;d;</code>,2,0.0006472
214,sceolde,<code>sceolde</code>,2,0.0006472
214,scyppend,<code>scyppend</code>,2,0.0006472
214,sixte,<code>sixte</code>,2,0.0006472
214,sparode,<code>sparode</code>,2,0.0006472
214,st&aelig;nenan,<code>st&amp;ae;nenan</code>,2,0.0006472
214,stemne,<code>stemne</code>,2,0.0006472
214,stowe,<code>stowe</code>,2,0.0006472
214,suna,<code>suna</code>,2,0.0006472
214,sunum,<code>sunum</code>,2,0.0006472
214,swurd,<code>swurd</code>,2,0.0006472
214,swutollice,<code>swutollice</code>,2,0.0006472
214,sylf,<code>sylf</code>,2,0.0006472
214,templ,<code>templ</code>,2,0.0006472
214,tocyme,<code>tocyme</code>,2,0.0006472
214,tune,<code>tune</code>,2,0.0006472
214,understandan,<code>understandan</code>,2,0.0006472
214,urne,<code>urne</code>,2,0.0006472
214,uton,<code>uton</code>,2,0.0006472
214,w&aelig;tere,<code>w&amp;ae;tere</code>,2,0.0006472
214,waccre,<code>waccre</code>,2,0.0006472
214,win&eth;,<code>win&amp;d;</code>,2,0.0006472
214,wines,<code>wines</code>,2,0.0006472
214,winlicum,<code>winlicum</code>,2,0.0006472
214,witegan,<code>witegan</code>,2,0.0006472
214,wordum,<code>wordum</code>,2,0.0006472
214,worhte,<code>worhte</code>,2,0.0006472
214,woruldlicum,<code>woruldlicum</code>,2,0.0006472
214,wudu,<code>wudu</code>,2,0.0006472
214,wuldor,<code>wuldor</code>,2,0.0006472
214,wundra,<code>wundra</code>,2,0.0006472
214,wunia&eth;,<code>wunia&amp;d;</code>,2,0.0006472
214,wynsumum,<code>wynsumum</code>,2,0.0006472
214,y&eth;um,<code>y&amp;d;um</code>,2,0.0006472
214,yfele,<code>yfele</code>,2,0.0006472
381,&aelig;ftergengum,<code>&amp;ae;ftergengum</code>,1,0.0003236
381,&aelig;licum,<code>&amp;ae;licum</code>,1,0.0003236
381,&aelig;lmihtig,<code>&amp;ae;lmihtig</code>,1,0.0003236
381,&aelig;mtige,<code>&amp;ae;mtige</code>,1,0.0003236
381,&aelig;riste,<code>&amp;ae;riste</code>,1,0.0003236
381,&aelig;tforan,<code>&amp;ae;tforan</code>,1,0.0003236
381,&aelig;we,<code>&amp;ae;we</code>,1,0.0003236
381,&eth;&aelig;rto,<code>&amp;d;&amp;ae;rto</code>,1,0.0003236
381,&eth;&aelig;s,<code>&amp;d;&amp;ae;s</code>,1,0.0003236
381,&eth;eawe,<code>&amp;d;eawe</code>,1,0.0003236
381,&eth;eawum,<code>&amp;d;eawum</code>,1,0.0003236
381,&eth;eningmannum,<code>&amp;d;eningmannum</code>,1,0.0003236
381,&eth;eningmen,<code>&amp;d;eningmen</code>,1,0.0003236
381,&eth;enum,<code>&amp;d;enum</code>,1,0.0003236
381,&eth;enunga,<code>&amp;d;enunga</code>,1,0.0003236
381,&eth;enunge,<code>&amp;d;enunge</code>,1,0.0003236
381,&eth;eoda,<code>&amp;d;eoda</code>,1,0.0003236
381,&eth;eodum,<code>&amp;d;eodum</code>,1,0.0003236
381,&eth;eowte,<code>&amp;d;eowte</code>,1,0.0003236
381,&eth;eowum,<code>&amp;d;eowum</code>,1,0.0003236
381,&eth;ider,<code>&amp;d;ider</code>,1,0.0003236
381,&eth;in,<code>&amp;d;in</code>,1,0.0003236
381,&eth;ine,<code>&amp;d;ine</code>,1,0.0003236
381,&eth;ing,<code>&amp;d;ing</code>,1,0.0003236
381,&eth;inre,<code>&amp;d;inre</code>,1,0.0003236
381,&eth;is,<code>&amp;d;is</code>,1,0.0003236
381,&eth;iss,<code>&amp;d;iss</code>,1,0.0003236
381,&eth;issere,<code>&amp;d;issere</code>,1,0.0003236
381,&eth;onne,<code>&amp;d;onne</code>,1,0.0003236
381,&eth;ridde,<code>&amp;d;ridde</code>,1,0.0003236
381,&eth;rowade,<code>&amp;d;rowade</code>,1,0.0003236
381,&eth;rowungtima,<code>&amp;d;rowungtima</code>,1,0.0003236
381,&eth;ry,<code>&amp;d;ry</code>,1,0.0003236
381,&eth;ryflere,<code>&amp;d;ryflere</code>,1,0.0003236
381,&eth;rynnysse,<code>&amp;d;rynnysse</code>,1,0.0003236
381,&eth;urh,<code>&amp;d;urh</code>,1,0.0003236
381,&eth;urhwuna&eth;,<code>&amp;d;urhwuna&amp;d;</code>,1,0.0003236
381,&eth;urhwunia&eth;,<code>&amp;d;urhwunia&amp;d;</code>,1,0.0003236
381,&eth;us,<code>&amp;d;us</code>,1,0.0003236
381,&eth;y,<code>&amp;d;y</code>,1,0.0003236
381,&eth;yssera,<code>&amp;d;yssera</code>,1,0.0003236
381,&eth;yssere,<code>&amp;d;yssere</code>,1,0.0003236
381,&thorn;as,<code>&amp;t;as</code>,1,0.0003236
381,&thorn;enia&eth;,<code>&amp;t;enia&amp;d;</code>,1,0.0003236
381,&thorn;eoda,<code>&amp;t;eoda</code>,1,0.0003236
381,&thorn;eos,<code>&amp;t;eos</code>,1,0.0003236
381,&thorn;eowde,<code>&amp;t;eowde</code>,1,0.0003236
381,&thorn;eowigende,<code>&amp;t;eowigende</code>,1,0.0003236
381,&thorn;in,<code>&amp;t;in</code>,1,0.0003236
381,&thorn;inne,<code>&amp;t;inne</code>,1,0.0003236
381,&thorn;inum,<code>&amp;t;inum</code>,1,0.0003236
381,&thorn;issere,<code>&amp;t;issere</code>,1,0.0003236
381,&thorn;riddan,<code>&amp;t;riddan</code>,1,0.0003236
381,&thorn;ridde,<code>&amp;t;ridde</code>,1,0.0003236
381,&thorn;ry,<code>&amp;t;ry</code>,1,0.0003236
381,&thorn;urhwunia&eth;,<code>&amp;t;urhwunia&amp;d;</code>,1,0.0003236
381,a,<code>a</code>,1,0.0003236
381,a&eth;weah&eth;,<code>a&amp;d;weah&amp;d;</code>,1,0.0003236
381,a&eth;wean,<code>a&amp;d;wean</code>,1,0.0003236
381,abdenago,<code>abdenago</code>,1,0.0003236
381,abel,<code>abel</code>,1,0.0003236
381,abeles,<code>abeles</code>,1,0.0003236
381,ablendne,<code>ablendne</code>,1,0.0003236
381,ablin&eth;,<code>ablin&amp;d;</code>,1,0.0003236
381,acen&eth;,<code>acen&amp;d;</code>,1,0.0003236
381,acwellan,<code>acwellan</code>,1,0.0003236
381,adames,<code>adames</code>,1,0.0003236
381,adilega&eth;,<code>adilega&amp;d;</code>,1,0.0003236
381,adydde,<code>adydde</code>,1,0.0003236
381,adylegod,<code>adylegod</code>,1,0.0003236
381,adylegode,<code>adylegode</code>,1,0.0003236
381,aepiphania,<code>aepiphania</code>,1,0.0003236
381,afandode,<code>afandode</code>,1,0.0003236
381,aflymed,<code>aflymed</code>,1,0.0003236
381,afyll,<code>afyll</code>,1,0.0003236
381,afyllan,<code>afyllan</code>,1,0.0003236
381,afyllede,<code>afyllede</code>,1,0.0003236
381,agildan,<code>agildan</code>,1,0.0003236
381,aheardia&eth;,<code>aheardia&amp;d;</code>,1,0.0003236
381,ahredde,<code>ahredde</code>,1,0.0003236
381,alysednysse,<code>alysednysse</code>,1,0.0003236
381,amen,<code>amen</code>,1,0.0003236
381,ana,<code>ana</code>,1,0.0003236
381,andan,<code>andan</code>,1,0.0003236
381,andbidia&eth;,<code>andbidia&amp;d;</code>,1,0.0003236
381,andfenge,<code>andfenge</code>,1,0.0003236
381,andgit,<code>andgit</code>,1,0.0003236
381,andia&eth;,<code>andia&amp;d;</code>,1,0.0003236
381,andweardan,<code>andweardan</code>,1,0.0003236
381,anes,<code>anes</code>,1,0.0003236
381,anginne,<code>anginne</code>,1,0.0003236
381,angynne,<code>angynne</code>,1,0.0003236
381,anre,<code>anre</code>,1,0.0003236
381,ansundan,<code>ansundan</code>,1,0.0003236
381,antecristes,<code>antecristes</code>,1,0.0003236
381,aperte,<code>aperte</code>,1,0.0003236
381,apostolum,<code>apostolum</code>,1,0.0003236
381,ar&aelig;ran,<code>ar&amp;ae;ran</code>,1,0.0003236
381,arce,<code>arce</code>,1,0.0003236
381,arodlice,<code>arodlice</code>,1,0.0003236
381,asende,<code>asende</code>,1,0.0003236
381,astih&eth;,<code>astih&amp;d;</code>,1,0.0003236
381,astrece,<code>astrece</code>,1,0.0003236
381,astreht,<code>astreht</code>,1,0.0003236
381,astyrode,<code>astyrode</code>,1,0.0003236
381,ateah,<code>ateah</code>,1,0.0003236
381,awearp,<code>awearp</code>,1,0.0003236
381,aweg,<code>aweg</code>,1,0.0003236
381,awendan,<code>awendan</code>,1,0.0003236
381,awritene,<code>awritene</code>,1,0.0003236
381,awyrigeda,<code>awyrigeda</code>,1,0.0003236
381,b&aelig;rnete,<code>b&amp;ae;rnete</code>,1,0.0003236
381,b&aelig;ron,<code>b&amp;ae;ron</code>,1,0.0003236
381,babilonisca,<code>babilonisca</code>,1,0.0003236
381,babilonisce,<code>babilonisce</code>,1,0.0003236
381,babiloniscre,<code>babiloniscre</code>,1,0.0003236
381,bam,<code>bam</code>,1,0.0003236
381,baptistam,<code>baptistam</code>,1,0.0003236
381,bead,<code>bead</code>,1,0.0003236
381,beah,<code>beah</code>,1,0.0003236
381,bearn,<code>bearn</code>,1,0.0003236
381,bebead,<code>bebead</code>,1,0.0003236
381,bebyt,<code>bebyt</code>,1,0.0003236
381,becuman,<code>becuman</code>,1,0.0003236
381,beda,<code>beda</code>,1,0.0003236
381,befran,<code>befran</code>,1,0.0003236
381,begeate,<code>begeate</code>,1,0.0003236
381,begra,<code>begra</code>,1,0.0003236
381,behate,<code>behate</code>,1,0.0003236
381,behet,<code>behet</code>,1,0.0003236
381,belimp&eth;,<code>belimp&amp;d;</code>,1,0.0003236
381,belocene,<code>belocene</code>,1,0.0003236
381,bendum,<code>bendum</code>,1,0.0003236
381,beo,<code>beo</code>,1,0.0003236
381,beon,<code>beon</code>,1,0.0003236
381,bera&eth;,<code>bera&amp;d;</code>,1,0.0003236
381,berne,<code>berne</code>,1,0.0003236
381,beseah,<code>beseah</code>,1,0.0003236
381,betste,<code>betste</code>,1,0.0003236
381,beweddode,<code>beweddode</code>,1,0.0003236
381,bewepan,<code>bewepan</code>,1,0.0003236
381,biggengas,<code>biggengas</code>,1,0.0003236
381,bitst,<code>bitst</code>,1,0.0003236
381,bletsung,<code>bletsung</code>,1,0.0003236
381,boclicra,<code>boclicra</code>,1,0.0003236
381,bodung,<code>bodung</code>,1,0.0003236
381,bosme,<code>bosme</code>,1,0.0003236
381,brade,<code>brade</code>,1,0.0003236
381,bremelum,<code>bremelum</code>,1,0.0003236
381,brerd,<code>brerd</code>,1,0.0003236
381,bro&eth;or,<code>bro&amp;d;or</code>,1,0.0003236
381,bryd,<code>bryd</code>,1,0.0003236
381,bufon,<code>bufon</code>,1,0.0003236
381,burhweallas,<code>burhweallas</code>,1,0.0003236
381,byrlas,<code>byrlas</code>,1,0.0003236
381,casere,<code>casere</code>,1,0.0003236
381,chaldea,<code>chaldea</code>,1,0.0003236
381,chaldeiscan,<code>chaldeiscan</code>,1,0.0003236
381,chaldeisce,<code>chaldeisce</code>,1,0.0003236
381,christus,<code>christus</code>,1,0.0003236
381,cildhade,<code>cildhade</code>,1,0.0003236
381,cl&aelig;na,<code>cl&amp;ae;na</code>,1,0.0003236
381,cl&aelig;nlice,<code>cl&amp;ae;nlice</code>,1,0.0003236
381,cl&aelig;nnysse,<code>cl&amp;ae;nnysse</code>,1,0.0003236
381,cl&aelig;nre,<code>cl&amp;ae;nre</code>,1,0.0003236
381,cl&aelig;num,<code>cl&amp;ae;num</code>,1,0.0003236
381,clypian,<code>clypian</code>,1,0.0003236
381,cnihtas,<code>cnihtas</code>,1,0.0003236
381,cnihtum,<code>cnihtum</code>,1,0.0003236
381,come,<code>come</code>,1,0.0003236
381,comon,<code>comon</code>,1,0.0003236
381,costnungum,<code>costnungum</code>,1,0.0003236
381,cristenra,<code>cristenra</code>,1,0.0003236
381,cw&aelig;de,<code>cw&amp;ae;de</code>,1,0.0003236
381,cw&aelig;don,<code>cw&amp;ae;don</code>,1,0.0003236
381,cwe&eth;ende,<code>cwe&amp;d;ende</code>,1,0.0003236
381,cwi&eth;,<code>cwi&amp;d;</code>,1,0.0003236
381,cyres,<code>cyres</code>,1,0.0003236
381,cyrus,<code>cyrus</code>,1,0.0003236
381,d&aelig;dbetendan,<code>d&amp;ae;dbetendan</code>,1,0.0003236
381,d&aelig;dbote,<code>d&amp;ae;dbote</code>,1,0.0003236
381,d&aelig;de,<code>d&amp;ae;de</code>,1,0.0003236
381,d&aelig;ghwomlice,<code>d&amp;ae;ghwomlice</code>,1,0.0003236
381,d&aelig;l,<code>d&amp;ae;l</code>,1,0.0003236
381,dare,<code>dare</code>,1,0.0003236
381,dea&eth;e,<code>dea&amp;d;e</code>,1,0.0003236
381,deadlica,<code>deadlica</code>,1,0.0003236
381,dema,<code>dema</code>,1,0.0003236
381,deofellican,<code>deofellican</code>,1,0.0003236
381,deofellicum,<code>deofellicum</code>,1,0.0003236
381,deoflicum,<code>deoflicum</code>,1,0.0003236
381,deope,<code>deope</code>,1,0.0003236
381,deopnysse,<code>deopnysse</code>,1,0.0003236
381,deorwur&eth;um,<code>deorwur&amp;d;um</code>,1,0.0003236
381,dihte,<code>dihte</code>,1,0.0003236
381,do,<code>do</code>,1,0.0003236
381,dome,<code>dome</code>,1,0.0003236
381,domini,<code>domini</code>,1,0.0003236
381,dominica,<code>dominica</code>,1,0.0003236
381,drihtealdre,<code>drihtealdre</code>,1,0.0003236
381,drohtnia&eth;,<code>drohtnia&amp;d;</code>,1,0.0003236
381,druncene,<code>druncene</code>,1,0.0003236
381,druncnia&eth;,<code>druncnia&amp;d;</code>,1,0.0003236
381,dwollice,<code>dwollice</code>,1,0.0003236
381,dwollicere,<code>dwollicere</code>,1,0.0003236
381,dydest,<code>dydest</code>,1,0.0003236
381,dydon,<code>dydon</code>,1,0.0003236
381,eadige,<code>eadige</code>,1,0.0003236
381,eahta,<code>eahta</code>,1,0.0003236
381,eahteo&eth;an,<code>eahteo&amp;d;an</code>,1,0.0003236
381,ecere,<code>ecere</code>,1,0.0003236
381,ehte,<code>ehte</code>,1,0.0003236
381,elcunge,<code>elcunge</code>,1,0.0003236
381,elef&aelig;t,<code>elef&amp;ae;t</code>,1,0.0003236
381,embe,<code>embe</code>,1,0.0003236
381,ende,<code>ende</code>,1,0.0003236
381,eo,<code>eo</code>,1,0.0003236
381,estfulle,<code>estfulle</code>,1,0.0003236
381,et,<code>et</code>,1,0.0003236
381,eua,<code>eua</code>,1,0.0003236
381,facte,<code>facte</code>,1,0.0003236
381,fara&eth;,<code>fara&amp;d;</code>,1,0.0003236
381,faran,<code>faran</code>,1,0.0003236
381,feonda,<code>feonda</code>,1,0.0003236
381,feor&eth;an,<code>feor&amp;d;an</code>,1,0.0003236
381,feor&eth;e,<code>feor&amp;d;e</code>,1,0.0003236
381,feowerteoge&eth;an,<code>feowerteoge&amp;d;an</code>,1,0.0003236
381,feowertig,<code>feowertig</code>,1,0.0003236
381,ferde,<code>ferde</code>,1,0.0003236
381,ferodon,<code>ferodon</code>,1,0.0003236
381,fiftan,<code>fiftan</code>,1,0.0003236
381,fl&aelig;sclic,<code>fl&amp;ae;sclic</code>,1,0.0003236
381,fl&aelig;sclicum,<code>fl&amp;ae;sclicum</code>,1,0.0003236
381,fleowon,<code>fleowon</code>,1,0.0003236
381,flod,<code>flod</code>,1,0.0003236
381,flode,<code>flode</code>,1,0.0003236
381,flodes,<code>flodes</code>,1,0.0003236
381,flora,<code>flora</code>,1,0.0003236
381,folce,<code>folce</code>,1,0.0003236
381,for&eth;,<code>for&amp;d;</code>,1,0.0003236
381,for&eth;wyrt,<code>for&amp;d;wyrt</code>,1,0.0003236
381,forb&aelig;re,<code>forb&amp;ae;re</code>,1,0.0003236
381,forb&aelig;rn&eth;,<code>forb&amp;ae;rn&amp;d;</code>,1,0.0003236
381,forb&aelig;rndon,<code>forb&amp;ae;rndon</code>,1,0.0003236
381,forb&aelig;rnenne,<code>forb&amp;ae;rnenne</code>,1,0.0003236
381,forde&eth;,<code>forde&amp;d;</code>,1,0.0003236
381,fores&aelig;dan,<code>fores&amp;ae;dan</code>,1,0.0003236
381,foresceawa&eth;,<code>foresceawa&amp;d;</code>,1,0.0003236
381,foresceawode,<code>foresceawode</code>,1,0.0003236
381,forfleon,<code>forfleon</code>,1,0.0003236
381,forg&aelig;gednyssum,<code>forg&amp;ae;gednyssum</code>,1,0.0003236
381,forhogia&eth;,<code>forhogia&amp;d;</code>,1,0.0003236
381,forman,<code>forman</code>,1,0.0003236
381,forme,<code>forme</code>,1,0.0003236
381,forscyldegod,<code>forscyldegod</code>,1,0.0003236
381,forwur&eth;a&eth;,<code>forwur&amp;d;a&amp;d;</code>,1,0.0003236
381,forwyrde,<code>forwyrde</code>,1,0.0003236
381,fulfremed,<code>fulfremed</code>,1,0.0003236
381,fulluht,<code>fulluht</code>,1,0.0003236
381,fulluhtes,<code>fulluhtes</code>,1,0.0003236
381,fylla&eth;,<code>fylla&amp;d;</code>,1,0.0003236
381,fyrdinge,<code>fyrdinge</code>,1,0.0003236
381,fyre,<code>fyre</code>,1,0.0003236
381,fyrste,<code>fyrste</code>,1,0.0003236
381,g&aelig;&eth;,<code>g&amp;ae;&amp;d;</code>,1,0.0003236
381,g&aelig;lsan,<code>g&amp;ae;lsan</code>,1,0.0003236
381,galilea,<code>galilea</code>,1,0.0003236
381,galileae,<code>galileae</code>,1,0.0003236
381,galileiscre,<code>galileiscre</code>,1,0.0003236
381,galnys,<code>galnys</code>,1,0.0003236
381,gaste,<code>gaste</code>,1,0.0003236
381,gastlic,<code>gastlic</code>,1,0.0003236
381,gastlican,<code>gastlican</code>,1,0.0003236
381,gatu,<code>gatu</code>,1,0.0003236
381,ge&eth;eawode,<code>ge&amp;d;eawode</code>,1,0.0003236
381,ge&eth;yldelice,<code>ge&amp;d;yldelice</code>,1,0.0003236
381,geagna&eth;,<code>geagna&amp;d;</code>,1,0.0003236
381,gearcian,<code>gearcian</code>,1,0.0003236
381,gearcode,<code>gearcode</code>,1,0.0003236
381,geares,<code>geares</code>,1,0.0003236
381,gearo,<code>gearo</code>,1,0.0003236
381,geband,<code>geband</code>,1,0.0003236
381,gebeorscipum,<code>gebeorscipum</code>,1,0.0003236
381,gebeorum,<code>gebeorum</code>,1,0.0003236
381,gebicnode,<code>gebicnode</code>,1,0.0003236
381,gebiddan,<code>gebiddan</code>,1,0.0003236
381,gebletsige,<code>gebletsige</code>,1,0.0003236
381,gebletsode,<code>gebletsode</code>,1,0.0003236
381,geboren,<code>geboren</code>,1,0.0003236
381,gebro&eth;ra,<code>gebro&amp;d;ra</code>,1,0.0003236
381,gecnyrdl&aelig;ca&eth;,<code>gecnyrdl&amp;ae;ca&amp;d;</code>,1,0.0003236
381,gecorenne,<code>gecorenne</code>,1,0.0003236
381,gecorenra,<code>gecorenra</code>,1,0.0003236
381,gecwemlice,<code>gecwemlice</code>,1,0.0003236
381,gecynde,<code>gecynde</code>,1,0.0003236
381,gecyrde,<code>gecyrde</code>,1,0.0003236
381,gedihte,<code>gedihte</code>,1,0.0003236
381,gedo,<code>gedo</code>,1,0.0003236
381,gedon,<code>gedon</code>,1,0.0003236
381,geearnia&eth;,<code>geearnia&amp;d;</code>,1,0.0003236
381,geedniwode,<code>geedniwode</code>,1,0.0003236
381,geedsta&eth;elian,<code>geedsta&amp;d;elian</code>,1,0.0003236
381,geferod,<code>geferod</code>,1,0.0003236
381,geferode,<code>geferode</code>,1,0.0003236
381,gefl&aelig;schamod,<code>gefl&amp;ae;schamod</code>,1,0.0003236
381,gefremode,<code>gefremode</code>,1,0.0003236
381,gefyl&eth;,<code>gefyl&amp;d;</code>,1,0.0003236
381,gefyldon,<code>gefyldon</code>,1,0.0003236
381,gefyllan,<code>gefyllan</code>,1,0.0003236
381,gegadera&eth;,<code>gegadera&amp;d;</code>,1,0.0003236
381,gegearcode,<code>gegearcode</code>,1,0.0003236
381,gegladian,<code>gegladian</code>,1,0.0003236
381,gegladode,<code>gegladode</code>,1,0.0003236
381,geh&aelig;ft,<code>geh&amp;ae;ft</code>,1,0.0003236
381,gehalgian,<code>gehalgian</code>,1,0.0003236
381,gehatene,<code>gehatene</code>,1,0.0003236
381,gehealdene,<code>gehealdene</code>,1,0.0003236
381,geherega&eth;,<code>geherega&amp;d;</code>,1,0.0003236
381,gehwa,<code>gehwa</code>,1,0.0003236
381,gehyred,<code>gehyred</code>,1,0.0003236
381,gehyrsum,<code>gehyrsum</code>,1,0.0003236
381,gehyrsumedest,<code>gehyrsumedest</code>,1,0.0003236
381,gehyrsumnysse,<code>gehyrsumnysse</code>,1,0.0003236
381,gela&eth;a,<code>gela&amp;d;a</code>,1,0.0003236
381,gela&eth;ode,<code>gela&amp;d;ode</code>,1,0.0003236
381,gelamp,<code>gelamp</code>,1,0.0003236
381,gelboe,<code>gelboe</code>,1,0.0003236
381,geleafleaste,<code>geleafleaste</code>,1,0.0003236
381,gelicnysse,<code>gelicnysse</code>,1,0.0003236
381,gelyfan,<code>gelyfan</code>,1,0.0003236
381,gelyfedan,<code>gelyfedan</code>,1,0.0003236
381,gemacan,<code>gemacan</code>,1,0.0003236
381,gemedemode,<code>gemedemode</code>,1,0.0003236
381,gemengde,<code>gemengde</code>,1,0.0003236
381,gemenigfylde,<code>gemenigfylde</code>,1,0.0003236
381,gemet,<code>gemet</code>,1,0.0003236
381,gemyndige,<code>gemyndige</code>,1,0.0003236
381,geneal&aelig;hte,<code>geneal&amp;ae;hte</code>,1,0.0003236
381,genemned,<code>genemned</code>,1,0.0003236
381,geoffrod,<code>geoffrod</code>,1,0.0003236
381,geond,<code>geond</code>,1,0.0003236
381,geopenad,<code>geopenad</code>,1,0.0003236
381,geopenode,<code>geopenode</code>,1,0.0003236
381,gerecca&eth;,<code>gerecca&amp;d;</code>,1,0.0003236
381,gereccan,<code>gereccan</code>,1,0.0003236
381,gereorde,<code>gereorde</code>,1,0.0003236
381,gerynu,<code>gerynu</code>,1,0.0003236
381,ges&aelig;te,<code>ges&amp;ae;te</code>,1,0.0003236
381,gesceaft,<code>gesceaft</code>,1,0.0003236
381,gesceafta,<code>gesceafta</code>,1,0.0003236
381,gesceop,<code>gesceop</code>,1,0.0003236
381,gescynde,<code>gescynde</code>,1,0.0003236
381,gescyndnys,<code>gescyndnys</code>,1,0.0003236
381,gescyndnysse,<code>gescyndnysse</code>,1,0.0003236
381,geseo&eth;,<code>geseo&amp;d;</code>,1,0.0003236
381,gesetnyssum,<code>gesetnyssum</code>,1,0.0003236
381,gesih&eth;,<code>gesih&amp;d;</code>,1,0.0003236
381,gestryndon,<code>gestryndon</code>,1,0.0003236
381,geswutela&eth;,<code>geswutela&amp;d;</code>,1,0.0003236
381,geswutelige,<code>geswutelige</code>,1,0.0003236
381,getacnodon,<code>getacnodon</code>,1,0.0003236
381,getacnungum,<code>getacnungum</code>,1,0.0003236
381,getiged,<code>getiged</code>,1,0.0003236
381,getimbrode,<code>getimbrode</code>,1,0.0003236
381,getreowe,<code>getreowe</code>,1,0.0003236
381,getrymde,<code>getrymde</code>,1,0.0003236
381,getyrigdon,<code>getyrigdon</code>,1,0.0003236
381,gewisslice,<code>gewisslice</code>,1,0.0003236
381,gewissode,<code>gewissode</code>,1,0.0003236
381,gewitegode,<code>gewitegode</code>,1,0.0003236
381,gewordene,<code>gewordene</code>,1,0.0003236
381,geworhte,<code>geworhte</code>,1,0.0003236
381,gifta,<code>gifta</code>,1,0.0003236
381,gleawlice,<code>gleawlice</code>,1,0.0003236
381,godan,<code>godan</code>,1,0.0003236
381,godcundlican,<code>godcundlican</code>,1,0.0003236
381,godcundnys,<code>godcundnys</code>,1,0.0003236
381,godnysse,<code>godnysse</code>,1,0.0003236
381,godspellere,<code>godspellere</code>,1,0.0003236
381,godspelles,<code>godspelles</code>,1,0.0003236
381,godspellican,<code>godspellican</code>,1,0.0003236
381,godspellice,<code>godspellice</code>,1,0.0003236
381,godum,<code>godum</code>,1,0.0003236
381,goldhordum,<code>goldhordum</code>,1,0.0003236
381,good,<code>good</code>,1,0.0003236
381,greciscum,<code>greciscum</code>,1,0.0003236
381,grundlinga,<code>grundlinga</code>,1,0.0003236
381,gyftlice,<code>gyftlice</code>,1,0.0003236
381,gyftum,<code>gyftum</code>,1,0.0003236
381,gyldene,<code>gyldene</code>,1,0.0003236
381,gymeleaste,<code>gymeleaste</code>,1,0.0003236
381,h&aelig;&thorn;engylde,<code>h&amp;ae;&amp;t;engylde</code>,1,0.0003236
381,h&aelig;med,<code>h&amp;ae;med</code>,1,0.0003236
381,habba&eth;,<code>habba&amp;d;</code>,1,0.0003236
381,hade,<code>hade</code>,1,0.0003236
381,halga,<code>halga</code>,1,0.0003236
381,halgum,<code>halgum</code>,1,0.0003236
381,halgunge,<code>halgunge</code>,1,0.0003236
381,halige,<code>halige</code>,1,0.0003236
381,ham,<code>ham</code>,1,0.0003236
381,hand,<code>hand</code>,1,0.0003236
381,healdende,<code>healdende</code>,1,0.0003236
381,hehsta,<code>hehsta</code>,1,0.0003236
381,hell,<code>hell</code>,1,0.0003236
381,helle,<code>helle</code>,1,0.0003236
381,hellican,<code>hellican</code>,1,0.0003236
381,heofenan,<code>heofenan</code>,1,0.0003236
381,heofenlican,<code>heofenlican</code>,1,0.0003236
381,heofonan,<code>heofonan</code>,1,0.0003236
381,heofonlica,<code>heofonlica</code>,1,0.0003236
381,heofonlicum,<code>heofonlicum</code>,1,0.0003236
381,heortan,<code>heortan</code>,1,0.0003236
381,heregunge,<code>heregunge</code>,1,0.0003236
381,hergode,<code>hergode</code>,1,0.0003236
381,herigendlice,<code>herigendlice</code>,1,0.0003236
381,hic,<code>hic</code>,1,0.0003236
381,hiesus,<code>hiesus</code>,1,0.0003236
381,historiam,<code>historiam</code>,1,0.0003236
381,hiwon,<code>hiwon</code>,1,0.0003236
381,hlada&eth;,<code>hlada&amp;d;</code>,1,0.0003236
381,hlaford,<code>hlaford</code>,1,0.0003236
381,hlaforde,<code>hlaforde</code>,1,0.0003236
381,hluddre,<code>hluddre</code>,1,0.0003236
381,hlysteras,<code>hlysteras</code>,1,0.0003236
381,holde,<code>holde</code>,1,0.0003236
381,horewum,<code>horewum</code>,1,0.0003236
381,hornum,<code>hornum</code>,1,0.0003236
381,hr&aelig;dlice,<code>hr&amp;ae;dlice</code>,1,0.0003236
381,humiliter,<code>humiliter</code>,1,0.0003236
381,hus,<code>hus</code>,1,0.0003236
381,hw&aelig;r,<code>hw&amp;ae;r</code>,1,0.0003236
381,hwilcne,<code>hwilcne</code>,1,0.0003236
381,hydrie,<code>hydrie</code>,1,0.0003236
381,ignorantes,<code>ignorantes</code>,1,0.0003236
381,ii,<code>ii</code>,1,0.0003236
381,in,<code>in</code>,1,0.0003236
381,ingehyd,<code>ingehyd</code>,1,0.0003236
381,inn,<code>inn</code>,1,0.0003236
381,iohannem,<code>iohannem</code>,1,0.0003236
381,iohannes,<code>iohannes</code>,1,0.0003236
381,isaace,<code>isaace</code>,1,0.0003236
381,isaaces,<code>isaaces</code>,1,0.0003236
381,iudei,<code>iudei</code>,1,0.0003236
381,iudeiscan,<code>iudeiscan</code>,1,0.0003236
381,iudeiscre,<code>iudeiscre</code>,1,0.0003236
381,l&aelig;dde,<code>l&amp;ae;dde</code>,1,0.0003236
381,l&aelig;wedum,<code>l&amp;ae;wedum</code>,1,0.0003236
381,lafe,<code>lafe</code>,1,0.0003236
381,lar,<code>lar</code>,1,0.0003236
381,lare,<code>lare</code>,1,0.0003236
381,lareow,<code>lareow</code>,1,0.0003236
381,leahtrum,<code>leahtrum</code>,1,0.0003236
381,leode,<code>leode</code>,1,0.0003236
381,leofa,<code>leofa</code>,1,0.0003236
381,leofa&eth;,<code>leofa&amp;d;</code>,1,0.0003236
381,leorningcnihta,<code>leorningcnihta</code>,1,0.0003236
381,lica&eth;,<code>lica&amp;d;</code>,1,0.0003236
381,lichama,<code>lichama</code>,1,0.0003236
381,lif,<code>lif</code>,1,0.0003236
381,life,<code>life</code>,1,0.0003236
381,lifes,<code>lifes</code>,1,0.0003236
381,lufe,<code>lufe</code>,1,0.0003236
381,lufia&eth;,<code>lufia&amp;d;</code>,1,0.0003236
381,lufige,<code>lufige</code>,1,0.0003236
381,lufu,<code>lufu</code>,1,0.0003236
381,m&aelig;&eth;,<code>m&amp;ae;&amp;d;</code>,1,0.0003236
381,m&aelig;den,<code>m&amp;ae;den</code>,1,0.0003236
381,m&aelig;g&eth;a,<code>m&amp;ae;g&amp;d;a</code>,1,0.0003236
381,m&aelig;g&eth;hade,<code>m&amp;ae;g&amp;d;hade</code>,1,0.0003236
381,m&aelig;g&eth;hades,<code>m&amp;ae;g&amp;d;hades</code>,1,0.0003236
381,m&aelig;gen&eth;rymmes,<code>m&amp;ae;gen&amp;d;rymmes</code>,1,0.0003236
381,m&aelig;gslaga,<code>m&amp;ae;gslaga</code>,1,0.0003236
381,m&aelig;ignum,<code>m&amp;ae;ignum</code>,1,0.0003236
381,m&aelig;nigfealde,<code>m&amp;ae;nigfealde</code>,1,0.0003236
381,m&aelig;ra,<code>m&amp;ae;ra</code>,1,0.0003236
381,m&aelig;re,<code>m&amp;ae;re</code>,1,0.0003236
381,m&aelig;rlicum,<code>m&amp;ae;rlicum</code>,1,0.0003236
381,m&aelig;stan,<code>m&amp;ae;stan</code>,1,0.0003236
381,madmfatu,<code>madmfatu</code>,1,0.0003236
381,mancyn,<code>mancyn</code>,1,0.0003236
381,mand&aelig;dum,<code>mand&amp;ae;dum</code>,1,0.0003236
381,manfulra,<code>manfulra</code>,1,0.0003236
381,mann,<code>mann</code>,1,0.0003236
381,maria,<code>maria</code>,1,0.0003236
381,meder,<code>meder</code>,1,0.0003236
381,men,<code>men</code>,1,0.0003236
381,menigfealdlicor,<code>menigfealdlicor</code>,1,0.0003236
381,menigu,<code>menigu</code>,1,0.0003236
381,menniscnyss,<code>menniscnyss</code>,1,0.0003236
381,menniscum,<code>menniscum</code>,1,0.0003236
381,micel,<code>micel</code>,1,0.0003236
381,micelne,<code>micelne</code>,1,0.0003236
381,micelnysse,<code>micelnysse</code>,1,0.0003236
381,middan,<code>middan</code>,1,0.0003236
381,middanearde,<code>middanearde</code>,1,0.0003236
381,middaneardlice,<code>middaneardlice</code>,1,0.0003236
381,mihta,<code>mihta</code>,1,0.0003236
381,mine,<code>mine</code>,1,0.0003236
381,minre,<code>minre</code>,1,0.0003236
381,misac,<code>misac</code>,1,0.0003236
381,mislice,<code>mislice</code>,1,0.0003236
381,mod,<code>mod</code>,1,0.0003236
381,moysen,<code>moysen</code>,1,0.0003236
381,n&aelig;s,<code>n&amp;ae;s</code>,1,0.0003236
381,nabba&eth;,<code>nabba&amp;d;</code>,1,0.0003236
381,nahte,<code>nahte</code>,1,0.0003236
381,namcu&eth;lice,<code>namcu&amp;d;lice</code>,1,0.0003236
381,name,<code>name</code>,1,0.0003236
381,nane,<code>nane</code>,1,0.0003236
381,ni&eth;,<code>ni&amp;d;</code>,1,0.0003236
381,ni&eth;e,<code>ni&amp;d;e</code>,1,0.0003236
381,nolde,<code>nolde</code>,1,0.0003236
381,nos,<code>nos</code>,1,0.0003236
381,nuptie,<code>nuptie</code>,1,0.0003236
381,ny&eth;emysta,<code>ny&amp;d;emysta</code>,1,0.0003236
381,nyste,<code>nyste</code>,1,0.0003236
381,ofereacan,<code>ofereacan</code>,1,0.0003236
381,oferf&aelig;reld,<code>oferf&amp;ae;reld</code>,1,0.0003236
381,offrung,<code>offrung</code>,1,0.0003236
381,ofslegen,<code>ofslegen</code>,1,0.0003236
381,ofsloge,<code>ofsloge</code>,1,0.0003236
381,ofsloh,<code>ofsloh</code>,1,0.0003236
381,ofsniden,<code>ofsniden</code>,1,0.0003236
381,ofspring,<code>ofspring</code>,1,0.0003236
381,oft,<code>oft</code>,1,0.0003236
381,onbyrigde,<code>onbyrigde</code>,1,0.0003236
381,oncneow,<code>oncneow</code>,1,0.0003236
381,ondr&aelig;da&eth;,<code>ondr&amp;ae;da&amp;d;</code>,1,0.0003236
381,ondr&aelig;dst,<code>ondr&amp;ae;dst</code>,1,0.0003236
381,onscunige,<code>onscunige</code>,1,0.0003236
381,onwunigende,<code>onwunigende</code>,1,0.0003236
381,orm&aelig;tre,<code>orm&amp;ae;tre</code>,1,0.0003236
381,pacis,<code>pacis</code>,1,0.0003236
381,peritos,<code>peritos</code>,1,0.0003236
381,petrus,<code>petrus</code>,1,0.0003236
381,pistole,<code>pistole</code>,1,0.0003236
381,ponimus,<code>ponimus</code>,1,0.0003236
381,post,<code>post</code>,1,0.0003236
381,precor,<code>precor</code>,1,0.0003236
381,propter,<code>propter</code>,1,0.0003236
381,quod,<code>quod</code>,1,0.0003236
381,quosque,<code>quosque</code>,1,0.0003236
381,r&aelig;ddon,<code>r&amp;ae;ddon</code>,1,0.0003236
381,race,<code>race</code>,1,0.0003236
381,reliquia,<code>reliquia</code>,1,0.0003236
381,rihtre,<code>rihtre</code>,1,0.0003236
381,rihtum,<code>rihtum</code>,1,0.0003236
381,rihtwis,<code>rihtwis</code>,1,0.0003236
381,rihtwisa,<code>rihtwisa</code>,1,0.0003236
381,rixa&eth;,<code>rixa&amp;d;</code>,1,0.0003236
381,rixige,<code>rixige</code>,1,0.0003236
381,rixode,<code>rixode</code>,1,0.0003236
381,s&aelig;de,<code>s&amp;ae;de</code>,1,0.0003236
381,s&aelig;licum,<code>s&amp;ae;licum</code>,1,0.0003236
381,salomones,<code>salomones</code>,1,0.0003236
381,samuhele,<code>samuhele</code>,1,0.0003236
381,sandceosol,<code>sandceosol</code>,1,0.0003236
381,sar,<code>sar</code>,1,0.0003236
381,saule,<code>saule</code>,1,0.0003236
381,scadu,<code>scadu</code>,1,0.0003236
381,scandlican,<code>scandlican</code>,1,0.0003236
381,sceade,<code>sceade</code>,1,0.0003236
381,scealt,<code>scealt</code>,1,0.0003236
381,sceawian,<code>sceawian</code>,1,0.0003236
381,scire,<code>scire</code>,1,0.0003236
381,sealde,<code>sealde</code>,1,0.0003236
381,sedechias,<code>sedechias</code>,1,0.0003236
381,selran,<code>selran</code>,1,0.0003236
381,sende,<code>sende</code>,1,0.0003236
381,seofan,<code>seofan</code>,1,0.0003236
381,seofon,<code>seofon</code>,1,0.0003236
381,setton,<code>setton</code>,1,0.0003236
381,si&eth;,<code>si&amp;d;</code>,1,0.0003236
381,si&eth;ode,<code>si&amp;d;ode</code>,1,0.0003236
381,sibb,<code>sibb</code>,1,0.0003236
381,sibbe,<code>sibbe</code>,1,0.0003236
381,sidan,<code>sidan</code>,1,0.0003236
381,side,<code>side</code>,1,0.0003236
381,sidrac,<code>sidrac</code>,1,0.0003236
381,sindon,<code>sindon</code>,1,0.0003236
381,sinscipe,<code>sinscipe</code>,1,0.0003236
381,sixtan,<code>sixtan</code>,1,0.0003236
381,slege,<code>slege</code>,1,0.0003236
381,slep,<code>slep</code>,1,0.0003236
381,smic,<code>smic</code>,1,0.0003236
381,so&eth;,<code>so&amp;d;</code>,1,0.0003236
381,so&eth;f&aelig;stnys,<code>so&amp;d;f&amp;ae;stnys</code>,1,0.0003236
381,so&eth;f&aelig;stnyss,<code>so&amp;d;f&amp;ae;stnyss</code>,1,0.0003236
381,so&eth;f&aelig;stnysse,<code>so&amp;d;f&amp;ae;stnysse</code>,1,0.0003236
381,so&eth;re,<code>so&amp;d;re</code>,1,0.0003236
381,spelode,<code>spelode</code>,1,0.0003236
381,spere,<code>spere</code>,1,0.0003236
381,spr&aelig;c,<code>spr&amp;ae;c</code>,1,0.0003236
381,sprec&eth;,<code>sprec&amp;d;</code>,1,0.0003236
381,spreca&eth;,<code>spreca&amp;d;</code>,1,0.0003236
381,st&aelig;pas,<code>st&amp;ae;pas</code>,1,0.0003236
381,stanes,<code>stanes</code>,1,0.0003236
381,steorran,<code>steorran</code>,1,0.0003236
381,stod,<code>stod</code>,1,0.0003236
381,strande,<code>strande</code>,1,0.0003236
381,sum,<code>sum</code>,1,0.0003236
381,sumere,<code>sumere</code>,1,0.0003236
381,sunt,<code>sunt</code>,1,0.0003236
381,sw&aelig;cc,<code>sw&amp;ae;cc</code>,1,0.0003236
381,swi&eth;ost,<code>swi&amp;d;ost</code>,1,0.0003236
381,swor,<code>swor</code>,1,0.0003236
381,swymmenda,<code>swymmenda</code>,1,0.0003236
381,sy&eth;&eth;an,<code>sy&amp;d;&amp;d;an</code>,1,0.0003236
381,syl&eth;,<code>syl&amp;d;</code>,1,0.0003236
381,sylfrene,<code>sylfrene</code>,1,0.0003236
381,synfulle,<code>synfulle</code>,1,0.0003236
381,syx,<code>syx</code>,1,0.0003236
381,t&aelig;ca&eth;,<code>t&amp;ae;ca&amp;d;</code>,1,0.0003236
381,t&aelig;hte,<code>t&amp;ae;hte</code>,1,0.0003236
381,tale,<code>tale</code>,1,0.0003236
381,tam,<code>tam</code>,1,0.0003236
381,tella&eth;,<code>tella&amp;d;</code>,1,0.0003236
381,temples,<code>temples</code>,1,0.0003236
381,tima,<code>tima</code>,1,0.0003236
381,tobr&aelig;con,<code>tobr&amp;ae;con</code>,1,0.0003236
381,tocnawan,<code>tocnawan</code>,1,0.0003236
381,tostent,<code>tostent</code>,1,0.0003236
381,toworpen,<code>toworpen</code>,1,0.0003236
381,towurpan,<code>towurpan</code>,1,0.0003236
381,traht,<code>traht</code>,1,0.0003236
381,trahtnere,<code>trahtnere</code>,1,0.0003236
381,twa,<code>twa</code>,1,0.0003236
381,twyfeald,<code>twyfeald</code>,1,0.0003236
381,twyn,<code>twyn</code>,1,0.0003236
381,uituperent,<code>uituperent</code>,1,0.0003236
381,un&eth;rowigendlic,<code>un&amp;d;rowigendlic</code>,1,0.0003236
381,unadw&aelig;scendlicum,<code>unadw&amp;ae;scendlicum</code>,1,0.0003236
381,undea&eth;licnysse,<code>undea&amp;d;licnysse</code>,1,0.0003236
381,underb&aelig;c,<code>underb&amp;ae;c</code>,1,0.0003236
381,underfangen,<code>underfangen</code>,1,0.0003236
381,undergytan,<code>undergytan</code>,1,0.0003236
381,undergyten,<code>undergyten</code>,1,0.0003236
381,understanda&eth;,<code>understanda&amp;d;</code>,1,0.0003236
381,understent,<code>understent</code>,1,0.0003236
381,ungehyrsum,<code>ungehyrsum</code>,1,0.0003236
381,ungeleaffullan,<code>ungeleaffullan</code>,1,0.0003236
381,ungeleaffulra,<code>ungeleaffulra</code>,1,0.0003236
381,ungerime,<code>ungerime</code>,1,0.0003236
381,ungewisre,<code>ungewisre</code>,1,0.0003236
381,unriht,<code>unriht</code>,1,0.0003236
381,unrihtwise,<code>unrihtwise</code>,1,0.0003236
381,unrihtwisnysse,<code>unrihtwisnysse</code>,1,0.0003236
381,unscyldigne,<code>unscyldigne</code>,1,0.0003236
381,untrumnysse,<code>untrumnysse</code>,1,0.0003236
381,uplican,<code>uplican</code>,1,0.0003236
381,upplican,<code>upplican</code>,1,0.0003236
381,ures,<code>ures</code>,1,0.0003236
381,urum,<code>urum</code>,1,0.0003236
381,visio,<code>visio</code>,1,0.0003236
381,wanne,<code>wanne</code>,1,0.0003236
381,wel,<code>wel</code>,1,0.0003236
381,weorcgerefan,<code>weorcgerefan</code>,1,0.0003236
381,were,<code>were</code>,1,0.0003236
381,wi&eth;cw&aelig;&eth;,<code>wi&amp;d;cw&amp;ae;&amp;d;</code>,1,0.0003236
381,wi&eth;ria&eth;,<code>wi&amp;d;ria&amp;d;</code>,1,0.0003236
381,willa,<code>willa</code>,1,0.0003236
381,willa&eth;,<code>willa&amp;d;</code>,1,0.0003236
381,willan,<code>willan</code>,1,0.0003236
381,wilt,<code>wilt</code>,1,0.0003236
381,wiston,<code>wiston</code>,1,0.0003236
381,witegode,<code>witegode</code>,1,0.0003236
381,witegung,<code>witegung</code>,1,0.0003236
381,wuda,<code>wuda</code>,1,0.0003236
381,wuldres,<code>wuldres</code>,1,0.0003236
381,wunderlicum,<code>wunderlicum</code>,1,0.0003236
381,wur&eth;mynte,<code>wur&amp;d;mynte</code>,1,0.0003236
381,wurde,<code>wurde</code>,1,0.0003236
381,wurdon,<code>wurdon</code>,1,0.0003236
381,wydewan,<code>wydewan</code>,1,0.0003236
381,wyrc&eth;,<code>wyrc&amp;d;</code>,1,0.0003236
381,y&eth;igende,<code>y&amp;d;igende</code>,1,0.0003236
381,y&eth;igendum,<code>y&amp;d;igendum</code>,1,0.0003236
381,ydelnysse,<code>ydelnysse</code>,1,0.0003236
381,ydor,<code>ydor</code>,1,0.0003236
381,yfelan,<code>yfelan</code>,1,0.0003236
381,yfelnysse,<code>yfelnysse</code>,1,0.0003236
381,ylcan,<code>ylcan</code>,1,0.0003236
381,ylce,<code>ylce</code>,1,0.0003236
381,ylda,<code>ylda</code>,1,0.0003236
381,yldum,<code>yldum</code>,1,0.0003236
381,ymbe,<code>ymbe</code>,1,0.0003236
381,ymsnyden,<code>ymsnyden</code>,1,0.0003236
381,ymsnydennys,<code>ymsnydennys</code>,1,0.0003236
381,yrfenuman,<code>yrfenuman</code>,1,0.0003236
