B_Prose,B01,B01.001.026_AECHom_I__24_T02330.txt,816,545,2144
RANK,HTML WORD,RAW WORD,COUNT,RELATIVE FREQUENCY
1,&amp;,<code>&amp;amp;</code>,78,0.0363806
2,&thorn;e,<code>&amp;t;e</code>,48,0.0223881
3,on,<code>on</code>,47,0.0219216
4,mid,<code>mid</code>,43,0.0200560
5,his,<code>his</code>,41,0.0191231
6,&thorn;&aelig;t,<code>&amp;t;&amp;ae;t</code>,40,0.0186567
7,hi,<code>hi</code>,38,0.0177239
8,he,<code>he</code>,36,0.0167910
9,&thorn;am,<code>&amp;t;am</code>,35,0.0163246
10,to,<code>to</code>,33,0.0153918
11,&thorn;a,<code>&amp;t;a</code>,32,0.0149254
12,se,<code>se</code>,31,0.0144590
13,sind,<code>sind</code>,29,0.0135261
14,&eth;e,<code>&amp;d;e</code>,26,0.0121269
14,swa,<code>swa</code>,26,0.0121269
16,&eth;a,<code>&amp;d;a</code>,25,0.0116604
17,ne,<code>ne</code>,24,0.0111940
18,be,<code>be</code>,23,0.0107276
19,for,<code>for</code>,22,0.0102612
20,heora,<code>heora</code>,21,0.0097948
20,is,<code>is</code>,21,0.0097948
22,godes,<code>godes</code>,20,0.0093284
22,him,<code>him</code>,20,0.0093284
24,&thorn;an,<code>&amp;t;an</code>,17,0.0079291
24,beo&eth;,<code>beo&amp;d;</code>,17,0.0079291
26,ac,<code>ac</code>,12,0.0055970
27,cw&aelig;&eth;,<code>cw&amp;ae;&amp;d;</code>,11,0.0051306
28,&thorn;onne,<code>&amp;t;onne</code>,10,0.0046642
28,bi&eth;,<code>bi&amp;d;</code>,10,0.0046642
28,engla,<code>engla</code>,10,0.0046642
31,&thorn;urh,<code>&amp;t;urh</code>,9,0.0041978
31,gif,<code>gif</code>,9,0.0041978
31,sume,<code>sume</code>,9,0.0041978
34,&thorn;&aelig;ra,<code>&amp;t;&amp;ae;ra</code>,8,0.0037313
34,&thorn;&aelig;re,<code>&amp;t;&amp;ae;re</code>,8,0.0037313
34,lufe,<code>lufe</code>,8,0.0037313
34,we,<code>we</code>,8,0.0037313
38,an,<code>an</code>,7,0.0032649
38,fram,<code>fram</code>,7,0.0032649
38,ic,<code>ic</code>,7,0.0032649
38,mannum,<code>mannum</code>,7,0.0032649
38,micel,<code>micel</code>,7,0.0032649
38,micelre,<code>micelre</code>,7,0.0032649
38,nigon,<code>nigon</code>,7,0.0032649
45,eac,<code>eac</code>,6,0.0027985
45,ealle,<code>ealle</code>,6,0.0027985
45,god,<code>god</code>,6,0.0027985
45,habba&eth;,<code>habba&amp;d;</code>,6,0.0027985
45,heofonlican,<code>heofonlican</code>,6,0.0027985
45,o&thorn;rum,<code>o&amp;t;rum</code>,6,0.0027985
45,sceapa,<code>sceapa</code>,6,0.0027985
45,ure,<code>ure</code>,6,0.0027985
45,werod,<code>werod</code>,6,0.0027985
54,&aelig;fter,<code>&amp;ae;fter</code>,5,0.0023321
54,&eth;&aelig;ra,<code>&amp;d;&amp;ae;ra</code>,5,0.0023321
54,&thorn;as,<code>&amp;t;as</code>,5,0.0023321
54,beon,<code>beon</code>,5,0.0023321
54,buton,<code>buton</code>,5,0.0023321
54,geendebyrde,<code>geendebyrde</code>,5,0.0023321
54,gife,<code>gife</code>,5,0.0023321
54,manna,<code>manna</code>,5,0.0023321
54,nu,<code>nu</code>,5,0.0023321
54,of,<code>of</code>,5,0.0023321
54,sy,<code>sy</code>,5,0.0023321
54,sylfum,<code>sylfum</code>,5,0.0023321
54,synna,<code>synna</code>,5,0.0023321
54,us,<code>us</code>,5,0.0023321
54,w&aelig;s,<code>w&amp;ae;s</code>,5,0.0023321
69,&aelig;lmihtiga,<code>&amp;ae;lmihtiga</code>,4,0.0018657
69,&eth;&aelig;t,<code>&amp;d;&amp;ae;t</code>,4,0.0018657
69,&eth;onne,<code>&amp;d;onne</code>,4,0.0018657
69,&thorn;&aelig;s,<code>&amp;t;&amp;ae;s</code>,4,0.0018657
69,behreowsa&eth;,<code>behreowsa&amp;d;</code>,4,0.0018657
69,blis,<code>blis</code>,4,0.0018657
69,byrnende,<code>byrnende</code>,4,0.0018657
69,cherubim,<code>cherubim</code>,4,0.0018657
69,d&aelig;dbote,<code>d&amp;ae;dbote</code>,4,0.0018657
69,eall,<code>eall</code>,4,0.0018657
69,gecwedene,<code>gecwedene</code>,4,0.0018657
69,geearnungum,<code>geearnungum</code>,4,0.0018657
69,gode,<code>gode</code>,4,0.0018657
69,heofonum,<code>heofonum</code>,4,0.0018657
69,hit,<code>hit</code>,4,0.0018657
69,hundnigontig,<code>hundnigontig</code>,4,0.0018657
69,mare,<code>mare</code>,4,0.0018657
69,me,<code>me</code>,4,0.0018657
69,micclan,<code>micclan</code>,4,0.0018657
69,sceap,<code>sceap</code>,4,0.0018657
69,scyppendes,<code>scyppendes</code>,4,0.0018657
69,seraphim,<code>seraphim</code>,4,0.0018657
69,swilce,<code>swilce</code>,4,0.0018657
69,synfullum,<code>synfullum</code>,4,0.0018657
69,w&aelig;ron,<code>w&amp;ae;ron</code>,4,0.0018657
69,werode,<code>werode</code>,4,0.0018657
95,&aelig;lmihtigan,<code>&amp;ae;lmihtigan</code>,3,0.0013993
95,&eth;&aelig;s,<code>&amp;d;&amp;ae;s</code>,3,0.0013993
95,&thorn;&aelig;r,<code>&amp;t;&amp;ae;r</code>,3,0.0013993
95,&thorn;eah,<code>&amp;t;eah</code>,3,0.0013993
95,&thorn;i,<code>&amp;t;i</code>,3,0.0013993
95,&thorn;ing,<code>&amp;t;ing</code>,3,0.0013993
95,&thorn;one,<code>&amp;t;one</code>,3,0.0013993
95,&thorn;rymsetl,<code>&amp;t;rymsetl</code>,3,0.0013993
95,&thorn;u,<code>&amp;t;u</code>,3,0.0013993
95,andwerdnysse,<code>andwerdnysse</code>,3,0.0013993
95,anum,<code>anum</code>,3,0.0013993
95,betwux,<code>betwux</code>,3,0.0013993
95,bigspel,<code>bigspel</code>,3,0.0013993
95,blissia&eth;,<code>blissia&amp;d;</code>,3,0.0013993
95,d&aelig;da,<code>d&amp;ae;da</code>,3,0.0013993
95,drihten,<code>drihten</code>,3,0.0013993
95,eallum,<code>eallum</code>,3,0.0013993
95,engel,<code>engel</code>,3,0.0013993
95,englas,<code>englas</code>,3,0.0013993
95,eow,<code>eow</code>,3,0.0013993
95,forseo&eth;,<code>forseo&amp;d;</code>,3,0.0013993
95,frynd,<code>frynd</code>,3,0.0013993
95,gasta,<code>gasta</code>,3,0.0013993
95,gecigede,<code>gecigede</code>,3,0.0013993
95,gehwylc,<code>gehwylc</code>,3,0.0013993
95,gemette,<code>gemette</code>,3,0.0013993
95,getealde,<code>getealde</code>,3,0.0013993
95,getel,<code>getel</code>,3,0.0013993
95,h&aelig;f&eth;,<code>h&amp;ae;f&amp;d;</code>,3,0.0013993
95,h&aelig;lend,<code>h&amp;ae;lend</code>,3,0.0013993
95,halgan,<code>halgan</code>,3,0.0013993
95,haligra,<code>haligra</code>,3,0.0013993
95,healicum,<code>healicum</code>,3,0.0013993
95,heofenum,<code>heofenum</code>,3,0.0013993
95,heortan,<code>heortan</code>,3,0.0013993
95,hu,<code>hu</code>,3,0.0013993
95,lare,<code>lare</code>,3,0.0013993
95,losode,<code>losode</code>,3,0.0013993
95,m&aelig;ig,<code>m&amp;ae;ig</code>,3,0.0013993
95,magon,<code>magon</code>,3,0.0013993
95,mancynn,<code>mancynn</code>,3,0.0013993
95,men,<code>men</code>,3,0.0013993
95,menn,<code>menn</code>,3,0.0013993
95,micclum,<code>micclum</code>,3,0.0013993
95,mihta,<code>mihta</code>,3,0.0013993
95,nehgeburas,<code>nehgeburas</code>,3,0.0013993
95,o&eth;&eth;e,<code>o&amp;d;&amp;d;e</code>,3,0.0013993
95,o&thorn;er,<code>o&amp;t;er</code>,3,0.0013993
95,o&thorn;re,<code>o&amp;t;re</code>,3,0.0013993
95,rice,<code>rice</code>,3,0.0013993
95,rihtwisnysse,<code>rihtwisnysse</code>,3,0.0013993
95,scyppende,<code>scyppende</code>,3,0.0013993
95,seo,<code>seo</code>,3,0.0013993
95,so&eth;lice,<code>so&amp;d;lice</code>,3,0.0013993
95,synfullan,<code>synfullan</code>,3,0.0013993
95,underfeng,<code>underfeng</code>,3,0.0013993
95,w&aelig;re,<code>w&amp;ae;re</code>,3,0.0013993
95,willa&eth;,<code>willa&amp;d;</code>,3,0.0013993
153,&aelig;rran,<code>&amp;ae;rran</code>,2,0.0009328
153,&eth;am,<code>&amp;d;am</code>,2,0.0009328
153,&eth;is,<code>&amp;d;is</code>,2,0.0009328
153,&eth;urh,<code>&amp;d;urh</code>,2,0.0009328
153,&thorn;eahhw&aelig;&eth;ere,<code>&amp;t;eahhw&amp;ae;&amp;d;ere</code>,2,0.0009328
153,&thorn;eahhw&aelig;&thorn;ere,<code>&amp;t;eahhw&amp;ae;&amp;t;ere</code>,2,0.0009328
153,&thorn;usenda,<code>&amp;t;usenda</code>,2,0.0009328
153,&thorn;y,<code>&amp;t;y</code>,2,0.0009328
153,andgit,<code>andgit</code>,2,0.0009328
153,angeli,<code>angeli</code>,2,0.0009328
153,archangeli,<code>archangeli</code>,2,0.0009328
153,asende,<code>asende</code>,2,0.0009328
153,beg&aelig;&eth;,<code>beg&amp;ae;&amp;d;</code>,2,0.0009328
153,behet,<code>behet</code>,2,0.0009328
153,behofia&eth;,<code>behofia&amp;d;</code>,2,0.0009328
153,behreowsunge,<code>behreowsunge</code>,2,0.0009328
153,bliss,<code>bliss</code>,2,0.0009328
153,blissigende,<code>blissigende</code>,2,0.0009328
153,boceras,<code>boceras</code>,2,0.0009328
153,bodan,<code>bodan</code>,2,0.0009328
153,bruca&eth;,<code>bruca&amp;d;</code>,2,0.0009328
153,bryne,<code>bryne</code>,2,0.0009328
153,dem&eth;,<code>dem&amp;d;</code>,2,0.0009328
153,dominationes,<code>dominationes</code>,2,0.0009328
153,drihtnes,<code>drihtnes</code>,2,0.0009328
153,drohtnunga,<code>drohtnunga</code>,2,0.0009328
153,drohtnunge,<code>drohtnunge</code>,2,0.0009328
153,dweliende,<code>dweliende</code>,2,0.0009328
153,eallswa,<code>eallswa</code>,2,0.0009328
153,eft,<code>eft</code>,2,0.0009328
153,eower,<code>eower</code>,2,0.0009328
153,exlum,<code>exlum</code>,2,0.0009328
153,f&aelig;der,<code>f&amp;ae;der</code>,2,0.0009328
153,fela,<code>fela</code>,2,0.0009328
153,fleame,<code>fleame</code>,2,0.0009328
153,forl&aelig;t,<code>forl&amp;ae;t</code>,2,0.0009328
153,forlyst,<code>forlyst</code>,2,0.0009328
153,g&aelig;&eth;,<code>g&amp;ae;&amp;d;</code>,2,0.0009328
153,gastas,<code>gastas</code>,2,0.0009328
153,gastes,<code>gastes</code>,2,0.0009328
153,gecorenan,<code>gecorenan</code>,2,0.0009328
153,gecweden,<code>gecweden</code>,2,0.0009328
153,gecyrredum,<code>gecyrredum</code>,2,0.0009328
153,gefremode,<code>gefremode</code>,2,0.0009328
153,gefylla&eth;,<code>gefylla&amp;d;</code>,2,0.0009328
153,gefyllednyss,<code>gefyllednyss</code>,2,0.0009328
153,gemet,<code>gemet</code>,2,0.0009328
153,geneal&aelig;hton,<code>geneal&amp;ae;hton</code>,2,0.0009328
153,gesceapen,<code>gesceapen</code>,2,0.0009328
153,getacna&eth;,<code>getacna&amp;d;</code>,2,0.0009328
153,gewita&eth;,<code>gewita&amp;d;</code>,2,0.0009328
153,gewittes,<code>gewittes</code>,2,0.0009328
153,godas,<code>godas</code>,2,0.0009328
153,godcundnysse,<code>godcundnysse</code>,2,0.0009328
153,gregorius,<code>gregorius</code>,2,0.0009328
153,gyltas,<code>gyltas</code>,2,0.0009328
153,h&aelig;bbe,<code>h&amp;ae;bbe</code>,2,0.0009328
153,ham,<code>ham</code>,2,0.0009328
153,healican,<code>healican</code>,2,0.0009328
153,heapas,<code>heapas</code>,2,0.0009328
153,heofonlicum,<code>heofonlicum</code>,2,0.0009328
153,hlafordscipas,<code>hlafordscipas</code>,2,0.0009328
153,hundteontig,<code>hundteontig</code>,2,0.0009328
153,huse,<code>huse</code>,2,0.0009328
153,hwilc,<code>hwilc</code>,2,0.0009328
153,l&aelig;s,<code>l&amp;ae;s</code>,2,0.0009328
153,l&aelig;ssan,<code>l&amp;ae;ssan</code>,2,0.0009328
153,leahtras,<code>leahtras</code>,2,0.0009328
153,lif,<code>lif</code>,2,0.0009328
153,life,<code>life</code>,2,0.0009328
153,losede,<code>losede</code>,2,0.0009328
153,lufu,<code>lufu</code>,2,0.0009328
153,lytle,<code>lytle</code>,2,0.0009328
153,maran,<code>maran</code>,2,0.0009328
153,menige,<code>menige</code>,2,0.0009328
153,micele,<code>micele</code>,2,0.0009328
153,min,<code>min</code>,2,0.0009328
153,n&aelig;s,<code>n&amp;ae;s</code>,2,0.0009328
153,na,<code>na</code>,2,0.0009328
153,nan,<code>nan</code>,2,0.0009328
153,nanre,<code>nanre</code>,2,0.0009328
153,nanum,<code>nanum</code>,2,0.0009328
153,neawiste,<code>neawiste</code>,2,0.0009328
153,nis,<code>nis</code>,2,0.0009328
153,o&eth;re,<code>o&amp;d;re</code>,2,0.0009328
153,o&thorn;ra,<code>o&amp;t;ra</code>,2,0.0009328
153,ofer,<code>ofer</code>,2,0.0009328
153,oferstiga&eth;,<code>oferstiga&amp;d;</code>,2,0.0009328
153,on&aelig;lede,<code>on&amp;ae;lede</code>,2,0.0009328
153,potestates,<code>potestates</code>,2,0.0009328
153,principatus,<code>principatus</code>,2,0.0009328
153,r&aelig;dinge,<code>r&amp;ae;dinge</code>,2,0.0009328
153,rihtwisa,<code>rihtwisa</code>,2,0.0009328
153,rihtwise,<code>rihtwise</code>,2,0.0009328
153,rihtwisum,<code>rihtwisum</code>,2,0.0009328
153,sawle,<code>sawle</code>,2,0.0009328
153,sceape,<code>sceape</code>,2,0.0009328
153,secende,<code>secende</code>,2,0.0009328
153,secge,<code>secge</code>,2,0.0009328
153,smeagenne,<code>smeagenne</code>,2,0.0009328
153,spr&aelig;ce,<code>spr&amp;ae;ce</code>,2,0.0009328
153,stowe,<code>stowe</code>,2,0.0009328
153,stowlic,<code>stowlic</code>,2,0.0009328
153,swi&thorn;or,<code>swi&amp;t;or</code>,2,0.0009328
153,teo&thorn;e,<code>teo&amp;t;e</code>,2,0.0009328
153,tosc&aelig;t,<code>tosc&amp;ae;t</code>,2,0.0009328
153,tyn,<code>tyn</code>,2,0.0009328
153,uirtutes,<code>uirtutes</code>,2,0.0009328
153,under&thorn;eodnysse,<code>under&amp;t;eodnysse</code>,2,0.0009328
153,wealdend,<code>wealdend</code>,2,0.0009328
153,wear&thorn;,<code>wear&amp;t;</code>,2,0.0009328
153,westene,<code>westene</code>,2,0.0009328
153,willan,<code>willan</code>,2,0.0009328
153,wope,<code>wope</code>,2,0.0009328
153,wundra,<code>wundra</code>,2,0.0009328
153,wununga,<code>wununga</code>,2,0.0009328
153,wununge,<code>wununge</code>,2,0.0009328
153,wur&eth;scipe,<code>wur&amp;d;scipe</code>,2,0.0009328
153,ymbe,<code>ymbe</code>,2,0.0009328
272,&aelig;,<code>&amp;ae;</code>,1,0.0004664
272,&aelig;cer,<code>&amp;ae;cer</code>,1,0.0004664
272,&aelig;ftran,<code>&amp;ae;ftran</code>,1,0.0004664
272,&aelig;hta,<code>&amp;ae;hta</code>,1,0.0004664
272,&aelig;ighw&aelig;r,<code>&amp;ae;ighw&amp;ae;r</code>,1,0.0004664
272,&aelig;lcere,<code>&amp;ae;lcere</code>,1,0.0004664
272,&aelig;lcum,<code>&amp;ae;lcum</code>,1,0.0004664
272,&aelig;lcygendum,<code>&amp;ae;lcygendum</code>,1,0.0004664
272,&aelig;lmihtigre,<code>&amp;ae;lmihtigre</code>,1,0.0004664
272,&aelig;r,<code>&amp;ae;r</code>,1,0.0004664
272,&aelig;t,<code>&amp;ae;t</code>,1,0.0004664
272,&aelig;twand,<code>&amp;ae;twand</code>,1,0.0004664
272,&aelig;twunden,<code>&amp;ae;twunden</code>,1,0.0004664
272,&eth;&aelig;re,<code>&amp;d;&amp;ae;re</code>,1,0.0004664
272,&eth;an,<code>&amp;d;an</code>,1,0.0004664
272,&eth;as,<code>&amp;d;as</code>,1,0.0004664
272,&eth;eah,<code>&amp;d;eah</code>,1,0.0004664
272,&eth;eahhw&aelig;&eth;ere,<code>&amp;d;eahhw&amp;ae;&amp;d;ere</code>,1,0.0004664
272,&eth;enung,<code>&amp;d;enung</code>,1,0.0004664
272,&eth;eode,<code>&amp;d;eode</code>,1,0.0004664
272,&eth;ing,<code>&amp;d;ing</code>,1,0.0004664
272,&eth;ingum,<code>&amp;d;ingum</code>,1,0.0004664
272,&eth;on,<code>&amp;d;on</code>,1,0.0004664
272,&eth;roni,<code>&amp;d;roni</code>,1,0.0004664
272,&eth;u,<code>&amp;d;u</code>,1,0.0004664
272,&eth;us,<code>&amp;d;us</code>,1,0.0004664
272,&eth;usend,<code>&amp;d;usend</code>,1,0.0004664
272,&eth;yssere,<code>&amp;d;yssere</code>,1,0.0004664
272,&thorn;earfe,<code>&amp;t;earfe</code>,1,0.0004664
272,&thorn;eawum,<code>&amp;t;eawum</code>,1,0.0004664
272,&thorn;egenlice,<code>&amp;t;egenlice</code>,1,0.0004664
272,&thorn;egenlices,<code>&amp;t;egenlices</code>,1,0.0004664
272,&thorn;egnas,<code>&amp;t;egnas</code>,1,0.0004664
272,&thorn;enia&eth;,<code>&amp;t;enia&amp;d;</code>,1,0.0004664
272,&thorn;enodon,<code>&amp;t;enodon</code>,1,0.0004664
272,&thorn;eowan,<code>&amp;t;eowan</code>,1,0.0004664
272,&thorn;isre,<code>&amp;t;isre</code>,1,0.0004664
272,&thorn;ornig,<code>&amp;t;ornig</code>,1,0.0004664
272,&thorn;ornum,<code>&amp;t;ornum</code>,1,0.0004664
272,&thorn;reatas,<code>&amp;t;reatas</code>,1,0.0004664
272,&thorn;roni,<code>&amp;t;roni</code>,1,0.0004664
272,&thorn;rowunge,<code>&amp;t;rowunge</code>,1,0.0004664
272,&thorn;rymsetle,<code>&amp;t;rymsetle</code>,1,0.0004664
272,&thorn;usend,<code>&amp;t;usend</code>,1,0.0004664
272,ab&aelig;r,<code>ab&amp;ae;r</code>,1,0.0004664
272,ad,<code>ad</code>,1,0.0004664
272,adam,<code>adam</code>,1,0.0004664
272,adpropinquantes,<code>adpropinquantes</code>,1,0.0004664
272,adrih&eth;,<code>adrih&amp;d;</code>,1,0.0004664
272,adrugon,<code>adrugon</code>,1,0.0004664
272,afliga&eth;,<code>afliga&amp;d;</code>,1,0.0004664
272,afundenum,<code>afundenum</code>,1,0.0004664
272,afyllede,<code>afyllede</code>,1,0.0004664
272,agenre,<code>agenre</code>,1,0.0004664
272,agif&eth;,<code>agif&amp;d;</code>,1,0.0004664
272,alyfedlice,<code>alyfedlice</code>,1,0.0004664
272,alysde,<code>alysde</code>,1,0.0004664
272,alysednys,<code>alysednys</code>,1,0.0004664
272,amen,<code>amen</code>,1,0.0004664
272,and,<code>and</code>,1,0.0004664
272,andbida&eth;,<code>andbida&amp;d;</code>,1,0.0004664
272,andgites,<code>andgites</code>,1,0.0004664
272,andige,<code>andige</code>,1,0.0004664
272,andweardnysse,<code>andweardnysse</code>,1,0.0004664
272,andwerdan,<code>andwerdan</code>,1,0.0004664
272,andwerdum,<code>andwerdum</code>,1,0.0004664
272,annysse,<code>annysse</code>,1,0.0004664
272,anweald,<code>anweald</code>,1,0.0004664
272,anwealdu,<code>anwealdu</code>,1,0.0004664
272,anwealdum,<code>anwealdum</code>,1,0.0004664
272,aras,<code>aras</code>,1,0.0004664
272,arf&aelig;stnysse,<code>arf&amp;ae;stnysse</code>,1,0.0004664
272,arleasa,<code>arleasa</code>,1,0.0004664
272,arleaslice,<code>arleaslice</code>,1,0.0004664
272,arleasnysse,<code>arleasnysse</code>,1,0.0004664
272,asmeagan,<code>asmeagan</code>,1,0.0004664
272,asolcenum,<code>asolcenum</code>,1,0.0004664
272,astah,<code>astah</code>,1,0.0004664
272,astige,<code>astige</code>,1,0.0004664
272,ateorigendlican,<code>ateorigendlican</code>,1,0.0004664
272,awende,<code>awende</code>,1,0.0004664
272,awyrgedum,<code>awyrgedum</code>,1,0.0004664
272,awyriedan,<code>awyriedan</code>,1,0.0004664
272,awyrigedra,<code>awyrigedra</code>,1,0.0004664
272,awyrigedum,<code>awyrigedum</code>,1,0.0004664
272,b&aelig;r,<code>b&amp;ae;r</code>,1,0.0004664
272,bebodum,<code>bebodum</code>,1,0.0004664
272,becuma&eth;,<code>becuma&amp;d;</code>,1,0.0004664
272,bed&aelig;led,<code>bed&amp;ae;led</code>,1,0.0004664
272,beddredan,<code>beddredan</code>,1,0.0004664
272,befangen,<code>befangen</code>,1,0.0004664
272,befeollon,<code>befeollon</code>,1,0.0004664
272,beganne,<code>beganne</code>,1,0.0004664
272,behreowsiende,<code>behreowsiende</code>,1,0.0004664
272,behreowsiendum,<code>behreowsiendum</code>,1,0.0004664
272,belaf,<code>belaf</code>,1,0.0004664
272,belocen,<code>belocen</code>,1,0.0004664
272,bena,<code>bena</code>,1,0.0004664
272,beo,<code>beo</code>,1,0.0004664
272,beorhtnysse,<code>beorhtnysse</code>,1,0.0004664
272,ber&eth;,<code>ber&amp;d;</code>,1,0.0004664
272,bescofene,<code>bescofene</code>,1,0.0004664
272,beterunge,<code>beterunge</code>,1,0.0004664
272,betweonan,<code>betweonan</code>,1,0.0004664
272,bigspelle,<code>bigspelle</code>,1,0.0004664
272,bigwiste,<code>bigwiste</code>,1,0.0004664
272,blisse,<code>blisse</code>,1,0.0004664
272,blissiende,<code>blissiende</code>,1,0.0004664
272,bocerum,<code>bocerum</code>,1,0.0004664
272,bodia&eth;,<code>bodia&amp;d;</code>,1,0.0004664
272,bodian,<code>bodian</code>,1,0.0004664
272,bodum,<code>bodum</code>,1,0.0004664
272,bremelum,<code>bremelum</code>,1,0.0004664
272,bydelum,<code>bydelum</code>,1,0.0004664
272,byrnendum,<code>byrnendum</code>,1,0.0004664
272,cara&eth;,<code>cara&amp;d;</code>,1,0.0004664
272,carfulle,<code>carfulle</code>,1,0.0004664
272,ceastergewarena,<code>ceastergewarena</code>,1,0.0004664
272,cempan,<code>cempan</code>,1,0.0004664
272,ceorodon,<code>ceorodon</code>,1,0.0004664
272,cherubin,<code>cherubin</code>,1,0.0004664
272,cl&aelig;nnysse,<code>cl&amp;ae;nnysse</code>,1,0.0004664
272,com,<code>com</code>,1,0.0004664
272,costneras,<code>costneras</code>,1,0.0004664
272,costnian,<code>costnian</code>,1,0.0004664
272,crist,<code>crist</code>,1,0.0004664
272,criste,<code>criste</code>,1,0.0004664
272,cwy&eth;,<code>cwy&amp;d;</code>,1,0.0004664
272,cwy&thorn;,<code>cwy&amp;t;</code>,1,0.0004664
272,cy&thorn;an,<code>cy&amp;t;an</code>,1,0.0004664
272,cym&eth;,<code>cym&amp;d;</code>,1,0.0004664
272,cyninges,<code>cyninges</code>,1,0.0004664
272,cystiga,<code>cystiga</code>,1,0.0004664
272,d&aelig;dbeta,<code>d&amp;ae;dbeta</code>,1,0.0004664
272,d&aelig;dbetan,<code>d&amp;ae;dbetan</code>,1,0.0004664
272,d&aelig;l,<code>d&amp;ae;l</code>,1,0.0004664
272,d&aelig;le,<code>d&amp;ae;le</code>,1,0.0004664
272,daniel,<code>daniel</code>,1,0.0004664
272,dea&eth;e,<code>dea&amp;d;e</code>,1,0.0004664
272,dema,<code>dema</code>,1,0.0004664
272,deman,<code>deman</code>,1,0.0004664
272,deoflum,<code>deoflum</code>,1,0.0004664
272,deopnysse,<code>deopnysse</code>,1,0.0004664
272,digelnysse,<code>digelnysse</code>,1,0.0004664
272,digelnyssum,<code>digelnyssum</code>,1,0.0004664
272,digle,<code>digle</code>,1,0.0004664
272,dihte,<code>dihte</code>,1,0.0004664
272,domas,<code>domas</code>,1,0.0004664
272,dominica,<code>dominica</code>,1,0.0004664
272,drohtnia&eth;,<code>drohtnia&amp;d;</code>,1,0.0004664
272,eadig,<code>eadig</code>,1,0.0004664
272,eadiga,<code>eadiga</code>,1,0.0004664
272,eadigra,<code>eadigra</code>,1,0.0004664
272,eadmodre,<code>eadmodre</code>,1,0.0004664
272,ealderdomum,<code>ealderdomum</code>,1,0.0004664
272,ealdorscipas,<code>ealdorscipas</code>,1,0.0004664
272,ealdorscipe,<code>ealdorscipe</code>,1,0.0004664
272,ealles,<code>ealles</code>,1,0.0004664
272,eallwealdenda,<code>eallwealdenda</code>,1,0.0004664
272,ealra,<code>ealra</code>,1,0.0004664
272,eardia&eth;,<code>eardia&amp;d;</code>,1,0.0004664
272,eardungstowe,<code>eardungstowe</code>,1,0.0004664
272,earfo&eth;lican,<code>earfo&amp;d;lican</code>,1,0.0004664
272,eart,<code>eart</code>,1,0.0004664
272,eaxlum,<code>eaxlum</code>,1,0.0004664
272,efne,<code>efne</code>,1,0.0004664
272,endebyrdnys,<code>endebyrdnys</code>,1,0.0004664
272,englum,<code>englum</code>,1,0.0004664
272,eor&eth;licum,<code>eor&amp;d;licum</code>,1,0.0004664
272,eor&thorn;an,<code>eor&amp;t;an</code>,1,0.0004664
272,eowde,<code>eowde</code>,1,0.0004664
272,eowede,<code>eowede</code>,1,0.0004664
272,erant,<code>erant</code>,1,0.0004664
272,et,<code>et</code>,1,0.0004664
272,feawa,<code>feawa</code>,1,0.0004664
272,feondlican,<code>feondlican</code>,1,0.0004664
272,ferde,<code>ferde</code>,1,0.0004664
272,fered,<code>fered</code>,1,0.0004664
272,fleo,<code>fleo</code>,1,0.0004664
272,flih&eth;,<code>flih&amp;d;</code>,1,0.0004664
272,fore&thorn;eondum,<code>fore&amp;t;eondum</code>,1,0.0004664
272,foresette,<code>foresette</code>,1,0.0004664
272,forferde,<code>forferde</code>,1,0.0004664
272,forgif&eth;,<code>forgif&amp;d;</code>,1,0.0004664
272,forgite,<code>forgite</code>,1,0.0004664
272,forleas,<code>forleas</code>,1,0.0004664
272,forleose,<code>forleose</code>,1,0.0004664
272,forlet,<code>forlet</code>,1,0.0004664
272,forlorenan,<code>forlorenan</code>,1,0.0004664
272,forlorene,<code>forlorene</code>,1,0.0004664
272,forscyldgod,<code>forscyldgod</code>,1,0.0004664
272,forwear&eth;,<code>forwear&amp;d;</code>,1,0.0004664
272,forwel,<code>forwel</code>,1,0.0004664
272,frumsceapena,<code>frumsceapena</code>,1,0.0004664
272,fulfremed,<code>fulfremed</code>,1,0.0004664
272,fulfremedlicor,<code>fulfremedlicor</code>,1,0.0004664
272,fulfremodlice,<code>fulfremodlice</code>,1,0.0004664
272,fyres,<code>fyres</code>,1,0.0004664
272,fyrstes,<code>fyrstes</code>,1,0.0004664
272,gastlican,<code>gastlican</code>,1,0.0004664
272,gastlice,<code>gastlice</code>,1,0.0004664
272,gastlicre,<code>gastlicre</code>,1,0.0004664
272,gastum,<code>gastum</code>,1,0.0004664
272,ge,<code>ge</code>,1,0.0004664
272,ge&aelig;lfremod,<code>ge&amp;ae;lfremod</code>,1,0.0004664
272,ge&thorn;eodde,<code>ge&amp;t;eodde</code>,1,0.0004664
272,ge&thorn;eode,<code>ge&amp;t;eode</code>,1,0.0004664
272,ge&thorn;inc&eth;u,<code>ge&amp;t;inc&amp;d;u</code>,1,0.0004664
272,ge&thorn;inc&thorn;u,<code>ge&amp;t;inc&amp;t;u</code>,1,0.0004664
272,ge&thorn;ing&eth;e,<code>ge&amp;t;ing&amp;d;e</code>,1,0.0004664
272,ge&thorn;ungene,<code>ge&amp;t;ungene</code>,1,0.0004664
272,ge&thorn;ungenra,<code>ge&amp;t;ungenra</code>,1,0.0004664
272,ge&thorn;ungenum,<code>ge&amp;t;ungenum</code>,1,0.0004664
272,geangsumode,<code>geangsumode</code>,1,0.0004664
272,gebro&eth;ra,<code>gebro&amp;d;ra</code>,1,0.0004664
272,gebro&thorn;ra,<code>gebro&amp;t;ra</code>,1,0.0004664
272,gebro&thorn;ru,<code>gebro&amp;t;ru</code>,1,0.0004664
272,gecampe,<code>gecampe</code>,1,0.0004664
272,geciged,<code>geciged</code>,1,0.0004664
272,gecnyrdnyssum,<code>gecnyrdnyssum</code>,1,0.0004664
272,gecorene,<code>gecorene</code>,1,0.0004664
272,gecorenra,<code>gecorenra</code>,1,0.0004664
272,gecorenum,<code>gecorenum</code>,1,0.0004664
272,gecynd,<code>gecynd</code>,1,0.0004664
272,gecyr&eth;,<code>gecyr&amp;d;</code>,1,0.0004664
272,gecyrrednysse,<code>gecyrrednysse</code>,1,0.0004664
272,gedwyld,<code>gedwyld</code>,1,0.0004664
272,geeadmetta&eth;,<code>geeadmetta&amp;d;</code>,1,0.0004664
272,geearnunga,<code>geearnunga</code>,1,0.0004664
272,geedl&aelig;c&eth;,<code>geedl&amp;ae;c&amp;d;</code>,1,0.0004664
272,geedsta&thorn;elunge,<code>geedsta&amp;t;elunge</code>,1,0.0004664
272,geefenl&aelig;ht,<code>geefenl&amp;ae;ht</code>,1,0.0004664
272,gefean,<code>gefean</code>,1,0.0004664
272,gefeohte,<code>gefeohte</code>,1,0.0004664
272,gefremedon,<code>gefremedon</code>,1,0.0004664
272,gefremma&eth;,<code>gefremma&amp;d;</code>,1,0.0004664
272,gefremma&thorn;,<code>gefremma&amp;t;</code>,1,0.0004664
272,gefylle,<code>gefylle</code>,1,0.0004664
272,gefyllede,<code>gefyllede</code>,1,0.0004664
272,gefyllednys,<code>gefyllednys</code>,1,0.0004664
272,gegladian,<code>gegladian</code>,1,0.0004664
272,geglencgede,<code>geglencgede</code>,1,0.0004664
272,geh&aelig;led,<code>geh&amp;ae;led</code>,1,0.0004664
272,geh&aelig;ledan,<code>geh&amp;ae;ledan</code>,1,0.0004664
272,gehaten,<code>gehaten</code>,1,0.0004664
272,gehendost,<code>gehendost</code>,1,0.0004664
272,gehendran,<code>gehendran</code>,1,0.0004664
272,gehwilc,<code>gehwilc</code>,1,0.0004664
272,gehwilce,<code>gehwilce</code>,1,0.0004664
272,gehwylce,<code>gehwylce</code>,1,0.0004664
272,gehyran,<code>gehyran</code>,1,0.0004664
272,gehyrdon,<code>gehyrdon</code>,1,0.0004664
272,gehyrsumia&eth;,<code>gehyrsumia&amp;d;</code>,1,0.0004664
272,geinnian,<code>geinnian</code>,1,0.0004664
272,gel&aelig;dde,<code>gel&amp;ae;dde</code>,1,0.0004664
272,gela&eth;a&eth;,<code>gela&amp;d;a&amp;d;</code>,1,0.0004664
272,gela&thorn;ode,<code>gela&amp;t;ode</code>,1,0.0004664
272,gelacnian,<code>gelacnian</code>,1,0.0004664
272,geleaffulle,<code>geleaffulle</code>,1,0.0004664
272,geleaffullum,<code>geleaffullum</code>,1,0.0004664
272,geleaffulra,<code>geleaffulra</code>,1,0.0004664
272,gelice,<code>gelice</code>,1,0.0004664
272,gelimpe,<code>gelimpe</code>,1,0.0004664
272,gelogod,<code>gelogod</code>,1,0.0004664
272,gelomlice,<code>gelomlice</code>,1,0.0004664
272,gelyfa&eth;,<code>gelyfa&amp;d;</code>,1,0.0004664
272,gem&aelig;ne,<code>gem&amp;ae;ne</code>,1,0.0004664
272,gemune,<code>gemune</code>,1,0.0004664
272,genemnede,<code>genemnede</code>,1,0.0004664
272,genihtsume,<code>genihtsume</code>,1,0.0004664
272,geogo&eth;e,<code>geogo&amp;d;e</code>,1,0.0004664
272,geomrian,<code>geomrian</code>,1,0.0004664
272,geomrige,<code>geomrige</code>,1,0.0004664
272,geopenode,<code>geopenode</code>,1,0.0004664
272,gerefan,<code>gerefan</code>,1,0.0004664
272,gerehton,<code>gerehton</code>,1,0.0004664
272,gereorde,<code>gereorde</code>,1,0.0004664
272,gereordode,<code>gereordode</code>,1,0.0004664
272,gerynu,<code>gerynu</code>,1,0.0004664
272,gescyt,<code>gescyt</code>,1,0.0004664
272,gesette,<code>gesette</code>,1,0.0004664
272,gesewen,<code>gesewen</code>,1,0.0004664
272,gesewenlice,<code>gesewenlice</code>,1,0.0004664
272,gesih&eth;e,<code>gesih&amp;d;e</code>,1,0.0004664
272,gesih&thorn;e,<code>gesih&amp;t;e</code>,1,0.0004664
272,gestreonum,<code>gestreonum</code>,1,0.0004664
272,gesw&aelig;sum,<code>gesw&amp;ae;sum</code>,1,0.0004664
272,geswell,<code>geswell</code>,1,0.0004664
272,geswutela,<code>geswutela</code>,1,0.0004664
272,getrymma&eth;,<code>getrymma&amp;d;</code>,1,0.0004664
272,gewilnia&eth;,<code>gewilnia&amp;d;</code>,1,0.0004664
272,gewilnige,<code>gewilnige</code>,1,0.0004664
272,gewilnunge,<code>gewilnunge</code>,1,0.0004664
272,gewis,<code>gewis</code>,1,0.0004664
272,gewit,<code>gewit</code>,1,0.0004664
272,gewiton,<code>gewiton</code>,1,0.0004664
272,gewitte,<code>gewitte</code>,1,0.0004664
272,gewylda&thorn;,<code>gewylda&amp;t;</code>,1,0.0004664
272,gifu,<code>gifu</code>,1,0.0004664
272,gladige,<code>gladige</code>,1,0.0004664
272,godcundlican,<code>godcundlican</code>,1,0.0004664
272,godcundre,<code>godcundre</code>,1,0.0004664
272,goddra,<code>goddra</code>,1,0.0004664
272,godnyssum,<code>godnyssum</code>,1,0.0004664
272,godspel,<code>godspel</code>,1,0.0004664
272,godspellican,<code>godspellican</code>,1,0.0004664
272,gyfe,<code>gyfe</code>,1,0.0004664
272,gyltum,<code>gyltum</code>,1,0.0004664
272,gyma&eth;,<code>gyma&amp;d;</code>,1,0.0004664
272,gymdon,<code>gymdon</code>,1,0.0004664
272,gymene,<code>gymene</code>,1,0.0004664
272,gyt,<code>gyt</code>,1,0.0004664
272,h&aelig;f&thorn;,<code>h&amp;ae;f&amp;t;</code>,1,0.0004664
272,h&aelig;fde,<code>h&amp;ae;fde</code>,1,0.0004664
272,h&aelig;lende,<code>h&amp;ae;lende</code>,1,0.0004664
272,h&aelig;lendes,<code>h&amp;ae;lendes</code>,1,0.0004664
272,h&aelig;se,<code>h&amp;ae;se</code>,1,0.0004664
272,habban,<code>habban</code>,1,0.0004664
272,halgum,<code>halgum</code>,1,0.0004664
272,halige,<code>halige</code>,1,0.0004664
272,halignysse,<code>halignysse</code>,1,0.0004664
272,heafodleahtrum,<code>heafodleahtrum</code>,1,0.0004664
272,heafonlicum,<code>heafonlicum</code>,1,0.0004664
272,heahenglum,<code>heahenglum</code>,1,0.0004664
272,healda&eth;,<code>healda&amp;d;</code>,1,0.0004664
272,healice,<code>healice</code>,1,0.0004664
272,heapes,<code>heapes</code>,1,0.0004664
272,hellesuslum,<code>hellesuslum</code>,1,0.0004664
272,heo,<code>heo</code>,1,0.0004664
272,heofenlica,<code>heofenlica</code>,1,0.0004664
272,heofonlice,<code>heofonlice</code>,1,0.0004664
272,heofonlicra,<code>heofonlicra</code>,1,0.0004664
272,heofunge,<code>heofunge</code>,1,0.0004664
272,heononfor&eth;,<code>heononfor&amp;d;</code>,1,0.0004664
272,heretoga,<code>heretoga</code>,1,0.0004664
272,hete,<code>hete</code>,1,0.0004664
272,hine,<code>hine</code>,1,0.0004664
272,hlaford,<code>hlaford</code>,1,0.0004664
272,hlafordscipe,<code>hlafordscipe</code>,1,0.0004664
272,hlyte,<code>hlyte</code>,1,0.0004664
272,hopa,<code>hopa</code>,1,0.0004664
272,hryre,<code>hryre</code>,1,0.0004664
272,hundfeald,<code>hundfeald</code>,1,0.0004664
272,hundfealde,<code>hundfealde</code>,1,0.0004664
272,hunteontig,<code>hunteontig</code>,1,0.0004664
272,hw&aelig;&eth;ere,<code>hw&amp;ae;&amp;d;ere</code>,1,0.0004664
272,hw&aelig;rto,<code>hw&amp;ae;rto</code>,1,0.0004664
272,hw&aelig;t,<code>hw&amp;ae;t</code>,1,0.0004664
272,hw&aelig;thwega,<code>hw&amp;ae;thwega</code>,1,0.0004664
272,hwa,<code>hwa</code>,1,0.0004664
272,hwi,<code>hwi</code>,1,0.0004664
272,hwider,<code>hwider</code>,1,0.0004664
272,hwile,<code>hwile</code>,1,0.0004664
272,hwonlice,<code>hwonlice</code>,1,0.0004664
272,hwyder,<code>hwyder</code>,1,0.0004664
272,hwylc,<code>hwylc</code>,1,0.0004664
272,hylt,<code>hylt</code>,1,0.0004664
272,hyn&eth;e,<code>hyn&amp;d;e</code>,1,0.0004664
272,hyre,<code>hyre</code>,1,0.0004664
272,hyrsumia&eth;,<code>hyrsumia&amp;d;</code>,1,0.0004664
272,iesum,<code>iesum</code>,1,0.0004664
272,iiii,<code>iiii</code>,1,0.0004664
272,incundan,<code>incundan</code>,1,0.0004664
272,ingehid,<code>ingehid</code>,1,0.0004664
272,ingehides,<code>ingehides</code>,1,0.0004664
272,ingehydes,<code>ingehydes</code>,1,0.0004664
272,iudeiscan,<code>iudeiscan</code>,1,0.0004664
272,iudeiscre,<code>iudeiscre</code>,1,0.0004664
272,iudeiscum,<code>iudeiscum</code>,1,0.0004664
272,l&aelig;ce,<code>l&amp;ae;ce</code>,1,0.0004664
272,la,<code>la</code>,1,0.0004664
272,lafe,<code>lafe</code>,1,0.0004664
272,larlicre,<code>larlicre</code>,1,0.0004664
272,leofa&eth;,<code>leofa&amp;d;</code>,1,0.0004664
272,leofostan,<code>leofostan</code>,1,0.0004664
272,licia&eth;,<code>licia&amp;d;</code>,1,0.0004664
272,lufa&eth;,<code>lufa&amp;d;</code>,1,0.0004664
272,lufige,<code>lufige</code>,1,0.0004664
272,lytel,<code>lytel</code>,1,0.0004664
272,m&aelig;&thorn;e,<code>m&amp;ae;&amp;t;e</code>,1,0.0004664
272,m&aelig;g,<code>m&amp;ae;g</code>,1,0.0004664
272,m&aelig;gen,<code>m&amp;ae;gen</code>,1,0.0004664
272,m&aelig;r&thorn;a,<code>m&amp;ae;r&amp;t;a</code>,1,0.0004664
272,m&aelig;rsunge,<code>m&amp;ae;rsunge</code>,1,0.0004664
272,man,<code>man</code>,1,0.0004664
272,mancyn,<code>mancyn</code>,1,0.0004664
272,mancynne,<code>mancynne</code>,1,0.0004664
272,mann,<code>mann</code>,1,0.0004664
272,mennisce,<code>mennisce</code>,1,0.0004664
272,menniscum,<code>menniscum</code>,1,0.0004664
272,merigen,<code>merigen</code>,1,0.0004664
272,micelnyss,<code>micelnyss</code>,1,0.0004664
272,middanearde,<code>middanearde</code>,1,0.0004664
272,midwunung,<code>midwunung</code>,1,0.0004664
272,mihtum,<code>mihtum</code>,1,0.0004664
272,mildheort,<code>mildheort</code>,1,0.0004664
272,mildheortan,<code>mildheortan</code>,1,0.0004664
272,mildheortnysse,<code>mildheortnysse</code>,1,0.0004664
272,miltsa&eth;,<code>miltsa&amp;d;</code>,1,0.0004664
272,miltsienda,<code>miltsienda</code>,1,0.0004664
272,mine,<code>mine</code>,1,0.0004664
272,mines,<code>mines</code>,1,0.0004664
272,mode,<code>mode</code>,1,0.0004664
272,modignysse,<code>modignysse</code>,1,0.0004664
272,moton,<code>moton</code>,1,0.0004664
272,moysen,<code>moysen</code>,1,0.0004664
272,mundbora,<code>mundbora</code>,1,0.0004664
272,myrh&eth;e,<code>myrh&amp;d;e</code>,1,0.0004664
272,n&aelig;fre,<code>n&amp;ae;fre</code>,1,0.0004664
272,nabba&eth;,<code>nabba&amp;d;</code>,1,0.0004664
272,naht,<code>naht</code>,1,0.0004664
272,naman,<code>naman</code>,1,0.0004664
272,nane,<code>nane</code>,1,0.0004664
272,nanra,<code>nanra</code>,1,0.0004664
272,nateshwon,<code>nateshwon</code>,1,0.0004664
272,neorxenawanges,<code>neorxenawanges</code>,1,0.0004664
272,ni&eth;e,<code>ni&amp;d;e</code>,1,0.0004664
272,nim&thorn;,<code>nim&amp;t;</code>,1,0.0004664
272,nyte,<code>nyte</code>,1,0.0004664
272,o&eth;,<code>o&amp;d;</code>,1,0.0004664
272,oferstigendre,<code>oferstigendre</code>,1,0.0004664
272,oferwin&eth;,<code>oferwin&amp;d;</code>,1,0.0004664
272,ofsettum,<code>ofsettum</code>,1,0.0004664
272,on&aelig;lende,<code>on&amp;ae;lende</code>,1,0.0004664
272,onbryrde,<code>onbryrde</code>,1,0.0004664
272,oncnawa&eth;,<code>oncnawa&amp;d;</code>,1,0.0004664
272,onfeh&eth;,<code>onfeh&amp;d;</code>,1,0.0004664
272,ongean,<code>ongean</code>,1,0.0004664
272,ontenda&eth;,<code>ontenda&amp;d;</code>,1,0.0004664
272,orhlyte,<code>orhlyte</code>,1,0.0004664
272,orsorge,<code>orsorge</code>,1,0.0004664
272,pentecosten,<code>pentecosten</code>,1,0.0004664
272,pharaones,<code>pharaones</code>,1,0.0004664
272,post,<code>post</code>,1,0.0004664
272,rehte,<code>rehte</code>,1,0.0004664
272,reliqua,<code>reliqua</code>,1,0.0004664
272,rihtlice,<code>rihtlice</code>,1,0.0004664
272,rihtwis,<code>rihtwis</code>,1,0.0004664
272,rihtwisnyssa,<code>rihtwisnyssa</code>,1,0.0004664
272,rihtwisra,<code>rihtwisra</code>,1,0.0004664
272,rihtwisran,<code>rihtwisran</code>,1,0.0004664
272,rixa&eth;,<code>rixa&amp;d;</code>,1,0.0004664
272,s&aelig;de,<code>s&amp;ae;de</code>,1,0.0004664
272,s&aelig;don,<code>s&amp;ae;don</code>,1,0.0004664
272,samod,<code>samod</code>,1,0.0004664
272,sarnysse,<code>sarnysse</code>,1,0.0004664
272,sceortlice,<code>sceortlice</code>,1,0.0004664
272,scep,<code>scep</code>,1,0.0004664
272,scyllingum,<code>scyllingum</code>,1,0.0004664
272,sealmwyrhta,<code>sealmwyrhta</code>,1,0.0004664
272,seg&eth;,<code>seg&amp;d;</code>,1,0.0004664
272,si&eth;an,<code>si&amp;d;an</code>,1,0.0004664
272,singallice,<code>singallice</code>,1,0.0004664
272,sitst,<code>sitst</code>,1,0.0004664
272,sittende,<code>sittende</code>,1,0.0004664
272,sleacnysse,<code>sleacnysse</code>,1,0.0004664
272,smeagan,<code>smeagan</code>,1,0.0004664
272,smeage,<code>smeage</code>,1,0.0004664
272,so&eth;e,<code>so&amp;d;e</code>,1,0.0004664
272,so&thorn;re,<code>so&amp;t;re</code>,1,0.0004664
272,sohte,<code>sohte</code>,1,0.0004664
272,sta&thorn;olf&aelig;stnysse,<code>sta&amp;t;olf&amp;ae;stnysse</code>,1,0.0004664
272,sta&thorn;olf&aelig;stra,<code>sta&amp;t;olf&amp;ae;stra</code>,1,0.0004664
272,sti&eth;e,<code>sti&amp;d;e</code>,1,0.0004664
272,stowlica,<code>stowlica</code>,1,0.0004664
272,strengran,<code>strengran</code>,1,0.0004664
272,sum,<code>sum</code>,1,0.0004664
272,sumere,<code>sumere</code>,1,0.0004664
272,sumum,<code>sumum</code>,1,0.0004664
272,sunderhalgan,<code>sunderhalgan</code>,1,0.0004664
272,sunu,<code>sunu</code>,1,0.0004664
272,suwian,<code>suwian</code>,1,0.0004664
272,sw&aelig;ran,<code>sw&amp;ae;ran</code>,1,0.0004664
272,swi&eth;or,<code>swi&amp;d;or</code>,1,0.0004664
272,sylfe,<code>sylfe</code>,1,0.0004664
272,sylfne,<code>sylfne</code>,1,0.0004664
272,synderlice,<code>synderlice</code>,1,0.0004664
272,synfulle,<code>synfulle</code>,1,0.0004664
272,synga,<code>synga</code>,1,0.0004664
272,syngiende,<code>syngiende</code>,1,0.0004664
272,synnum,<code>synnum</code>,1,0.0004664
272,t&aelig;ldon,<code>t&amp;ae;ldon</code>,1,0.0004664
272,tacna,<code>tacna</code>,1,0.0004664
272,tal,<code>tal</code>,1,0.0004664
272,teo&eth;e,<code>teo&amp;d;e</code>,1,0.0004664
272,teo&thorn;an,<code>teo&amp;t;an</code>,1,0.0004664
272,throni,<code>throni</code>,1,0.0004664
272,tid,<code>tid</code>,1,0.0004664
272,toforan,<code>toforan</code>,1,0.0004664
272,trahtnere,<code>trahtnere</code>,1,0.0004664
272,truwa&eth;,<code>truwa&amp;d;</code>,1,0.0004664
272,truwe,<code>truwe</code>,1,0.0004664
272,twam,<code>twam</code>,1,0.0004664
272,uferan,<code>uferan</code>,1,0.0004664
272,uncysta,<code>uncysta</code>,1,0.0004664
272,under&thorn;eodde,<code>under&amp;t;eodde</code>,1,0.0004664
272,understandenne,<code>understandenne</code>,1,0.0004664
272,ungesewenlican,<code>ungesewenlican</code>,1,0.0004664
272,unrihtwisa,<code>unrihtwisa</code>,1,0.0004664
272,unrihtwisnysse,<code>unrihtwisnysse</code>,1,0.0004664
272,unscyldige,<code>unscyldige</code>,1,0.0004664
272,unscyldigum,<code>unscyldigum</code>,1,0.0004664
272,untrume,<code>untrume</code>,1,0.0004664
272,upplice,<code>upplice</code>,1,0.0004664
272,urum,<code>urum</code>,1,0.0004664
272,uton,<code>uton</code>,1,0.0004664
272,w&aelig;stmas,<code>w&amp;ae;stmas</code>,1,0.0004664
272,w&aelig;stmb&aelig;re,<code>w&amp;ae;stmb&amp;ae;re</code>,1,0.0004664
272,wa,<code>wa</code>,1,0.0004664
272,wealda&eth;,<code>wealda&amp;d;</code>,1,0.0004664
272,wealdendan,<code>wealdendan</code>,1,0.0004664
272,wealdende,<code>wealdende</code>,1,0.0004664
272,welwyllendlice,<code>welwyllendlice</code>,1,0.0004664
272,weredum,<code>weredum</code>,1,0.0004664
272,weroda,<code>weroda</code>,1,0.0004664
272,werodum,<code>werodum</code>,1,0.0004664
272,wi&eth;,<code>wi&amp;d;</code>,1,0.0004664
272,wi&eth;utan,<code>wi&amp;d;utan</code>,1,0.0004664
272,wi&thorn;erwinnan,<code>wi&amp;t;erwinnan</code>,1,0.0004664
272,wisan,<code>wisan</code>,1,0.0004664
272,witega,<code>witega</code>,1,0.0004664
272,witegan,<code>witegan</code>,1,0.0004664
272,wolde,<code>wolde</code>,1,0.0004664
272,woldon,<code>woldon</code>,1,0.0004664
272,word,<code>word</code>,1,0.0004664
272,wordum,<code>wordum</code>,1,0.0004664
272,woruld,<code>woruld</code>,1,0.0004664
272,worulda,<code>worulda</code>,1,0.0004664
272,woruldlice,<code>woruldlice</code>,1,0.0004664
272,wulderfullan,<code>wulderfullan</code>,1,0.0004664
272,wuna&eth;,<code>wuna&amp;d;</code>,1,0.0004664
272,wunderlice,<code>wunderlice</code>,1,0.0004664
272,wunedon,<code>wunedon</code>,1,0.0004664
272,wunia&eth;,<code>wunia&amp;d;</code>,1,0.0004664
272,wuniende,<code>wuniende</code>,1,0.0004664
272,wur&eth;fulnysse,<code>wur&amp;d;fulnysse</code>,1,0.0004664
272,wurdon,<code>wurdon</code>,1,0.0004664
272,wyrc&eth;,<code>wyrc&amp;d;</code>,1,0.0004664
272,wyrca&eth;,<code>wyrca&amp;d;</code>,1,0.0004664
272,wyrse,<code>wyrse</code>,1,0.0004664
272,ylca,<code>ylca</code>,1,0.0004664
272,yldigenne,<code>yldigenne</code>,1,0.0004664
272,ymbhydignysse,<code>ymbhydignysse</code>,1,0.0004664
272,ymbwlatunge,<code>ymbwlatunge</code>,1,0.0004664
272,yr&eth;ling,<code>yr&amp;d;ling</code>,1,0.0004664
