B_Prose,B01,B01.001.032_AECHom_I__30_T02390.txt,1063,705,2840
RANK,HTML WORD,RAW WORD,COUNT,RELATIVE FREQUENCY
1,&amp;,<code>&amp;amp;</code>,129,0.0454225
2,on,<code>on</code>,81,0.0285211
3,&thorn;&aelig;t,<code>&amp;t;&amp;ae;t</code>,59,0.0207746
4,to,<code>to</code>,54,0.0190141
5,mid,<code>mid</code>,51,0.0179577
6,he,<code>he</code>,48,0.0169014
7,swa,<code>swa</code>,44,0.0154930
8,his,<code>his</code>,43,0.0151408
9,is,<code>is</code>,42,0.0147887
10,hi,<code>hi</code>,37,0.0130282
11,se,<code>se</code>,34,0.0119718
12,&thorn;am,<code>&amp;t;am</code>,31,0.0109155
13,for,<code>for</code>,29,0.0102113
14,&eth;e,<code>&amp;d;e</code>,28,0.0098592
14,&thorn;a,<code>&amp;t;a</code>,28,0.0098592
14,heo,<code>heo</code>,28,0.0098592
17,&thorn;e,<code>&amp;t;e</code>,27,0.0095070
18,&eth;a,<code>&amp;d;a</code>,24,0.0084507
18,hire,<code>hire</code>,24,0.0084507
20,&thorn;&aelig;re,<code>&amp;t;&amp;ae;re</code>,20,0.0070423
20,w&aelig;s,<code>w&amp;ae;s</code>,20,0.0070423
22,&thorn;urh,<code>&amp;t;urh</code>,19,0.0066901
22,him,<code>him</code>,19,0.0066901
24,&thorn;an,<code>&amp;t;an</code>,18,0.0063380
25,&thorn;&aelig;s,<code>&amp;t;&amp;ae;s</code>,16,0.0056338
25,nu,<code>nu</code>,16,0.0056338
25,we,<code>we</code>,16,0.0056338
28,godes,<code>godes</code>,15,0.0052817
29,hyre,<code>hyre</code>,14,0.0049296
30,be,<code>be</code>,13,0.0045775
30,heora,<code>heora</code>,13,0.0045775
30,seo,<code>seo</code>,13,0.0045775
33,marian,<code>marian</code>,12,0.0042254
33,us,<code>us</code>,12,0.0042254
35,cw&aelig;&eth;,<code>cw&amp;ae;&amp;d;</code>,11,0.0038732
35,halgan,<code>halgan</code>,11,0.0038732
37,ne,<code>ne</code>,10,0.0035211
38,&thorn;one,<code>&amp;t;one</code>,9,0.0031690
38,ealle,<code>ealle</code>,9,0.0031690
38,ge,<code>ge</code>,9,0.0031690
38,hine,<code>hine</code>,9,0.0031690
38,ic,<code>ic</code>,9,0.0031690
38,of,<code>of</code>,9,0.0031690
44,ac,<code>ac</code>,8,0.0028169
44,cristes,<code>cristes</code>,8,0.0028169
44,meder,<code>meder</code>,8,0.0028169
47,&eth;&aelig;t,<code>&amp;d;&amp;ae;t</code>,7,0.0024648
47,&thorn;eah,<code>&amp;t;eah</code>,7,0.0024648
47,biscop,<code>biscop</code>,7,0.0024648
47,buton,<code>buton</code>,7,0.0024648
47,eadigan,<code>eadigan</code>,7,0.0024648
47,eallum,<code>eallum</code>,7,0.0024648
47,gast,<code>gast</code>,7,0.0024648
47,god,<code>god</code>,7,0.0024648
47,nis,<code>nis</code>,7,0.0024648
56,eac,<code>eac</code>,6,0.0021127
56,eft,<code>eft</code>,6,0.0021127
56,gif,<code>gif</code>,6,0.0021127
56,halga,<code>halga</code>,6,0.0021127
56,hu,<code>hu</code>,6,0.0021127
56,lichaman,<code>lichaman</code>,6,0.0021127
56,maria,<code>maria</code>,6,0.0021127
56,men,<code>men</code>,6,0.0021127
56,moder,<code>moder</code>,6,0.0021127
56,swi&eth;e,<code>swi&amp;d;e</code>,6,0.0021127
56,sylf,<code>sylf</code>,6,0.0021127
56,w&aelig;ron,<code>w&amp;ae;ron</code>,6,0.0021127
68,&eth;am,<code>&amp;d;am</code>,5,0.0017606
68,&eth;es,<code>&amp;d;es</code>,5,0.0017606
68,&thorn;onne,<code>&amp;t;onne</code>,5,0.0017606
68,&thorn;us,<code>&amp;t;us</code>,5,0.0017606
68,bocum,<code>bocum</code>,5,0.0017606
68,eow,<code>eow</code>,5,0.0017606
68,fram,<code>fram</code>,5,0.0017606
68,hit,<code>hit</code>,5,0.0017606
68,lofsangum,<code>lofsangum</code>,5,0.0017606
68,m&aelig;ig&eth;had,<code>m&amp;ae;ig&amp;d;had</code>,5,0.0017606
68,man,<code>man</code>,5,0.0017606
68,manna,<code>manna</code>,5,0.0017606
68,martyr,<code>martyr</code>,5,0.0017606
68,me,<code>me</code>,5,0.0017606
68,menn,<code>menn</code>,5,0.0017606
68,micclum,<code>micclum</code>,5,0.0017606
68,mode,<code>mode</code>,5,0.0017606
68,o&thorn;re,<code>o&amp;t;re</code>,5,0.0017606
68,ofer,<code>ofer</code>,5,0.0017606
68,so&eth;lice,<code>so&amp;d;lice</code>,5,0.0017606
68,tod&aelig;ig,<code>tod&amp;ae;ig</code>,5,0.0017606
68,w&aelig;re,<code>w&amp;ae;re</code>,5,0.0017606
68,wear&eth;,<code>wear&amp;d;</code>,5,0.0017606
68,wi&eth;,<code>wi&amp;d;</code>,5,0.0017606
68,witodlice,<code>witodlice</code>,5,0.0017606
68,wolde,<code>wolde</code>,5,0.0017606
94,&thorn;&aelig;r,<code>&amp;t;&amp;ae;r</code>,4,0.0014085
94,&thorn;yssere,<code>&amp;t;yssere</code>,4,0.0014085
94,&thorn;ysum,<code>&amp;t;ysum</code>,4,0.0014085
94,agenre,<code>agenre</code>,4,0.0014085
94,an,<code>an</code>,4,0.0014085
94,awrat,<code>awrat</code>,4,0.0014085
94,basilius,<code>basilius</code>,4,0.0014085
94,cennestran,<code>cennestran</code>,4,0.0014085
94,com,<code>com</code>,4,0.0014085
94,criste,<code>criste</code>,4,0.0014085
94,cwen,<code>cwen</code>,4,0.0014085
94,cwene,<code>cwene</code>,4,0.0014085
94,d&aelig;ge,<code>d&amp;ae;ge</code>,4,0.0014085
94,dea&eth;e,<code>dea&amp;d;e</code>,4,0.0014085
94,drihten,<code>drihten</code>,4,0.0014085
94,eadige,<code>eadige</code>,4,0.0014085
94,eall,<code>eall</code>,4,0.0014085
94,f&aelig;der,<code>f&amp;ae;der</code>,4,0.0014085
94,ferde,<code>ferde</code>,4,0.0014085
94,gehalgod,<code>gehalgod</code>,4,0.0014085
94,geseah,<code>geseah</code>,4,0.0014085
94,heofonlican,<code>heofonlican</code>,4,0.0014085
94,herian,<code>herian</code>,4,0.0014085
94,iohannes,<code>iohannes</code>,4,0.0014085
94,iulianus,<code>iulianus</code>,4,0.0014085
94,m&aelig;den,<code>m&amp;ae;den</code>,4,0.0014085
94,magon,<code>magon</code>,4,0.0014085
94,martyrdom,<code>martyrdom</code>,4,0.0014085
94,micele,<code>micele</code>,4,0.0014085
94,o&eth;&eth;e,<code>o&amp;d;&amp;d;e</code>,4,0.0014085
94,o&thorn;ra,<code>o&amp;t;ra</code>,4,0.0014085
94,sunu,<code>sunu</code>,4,0.0014085
94,swilce,<code>swilce</code>,4,0.0014085
94,wuldre,<code>wuldre</code>,4,0.0014085
128,&aelig;,<code>&amp;ae;</code>,3,0.0010563
128,&aelig;fter,<code>&amp;ae;fter</code>,3,0.0010563
128,&aelig;t,<code>&amp;ae;t</code>,3,0.0010563
128,&eth;one,<code>&amp;d;one</code>,3,0.0010563
128,&eth;onne,<code>&amp;d;onne</code>,3,0.0010563
128,&eth;riddan,<code>&amp;d;riddan</code>,3,0.0010563
128,&eth;u,<code>&amp;d;u</code>,3,0.0010563
128,&thorn;&aelig;ra,<code>&amp;t;&amp;ae;ra</code>,3,0.0010563
128,&thorn;anon,<code>&amp;t;anon</code>,3,0.0010563
128,&thorn;as,<code>&amp;t;as</code>,3,0.0010563
128,&thorn;in,<code>&amp;t;in</code>,3,0.0010563
128,&thorn;u,<code>&amp;t;u</code>,3,0.0010563
128,&thorn;y,<code>&amp;t;y</code>,3,0.0010563
128,anre,<code>anre</code>,3,0.0010563
128,arleasan,<code>arleasan</code>,3,0.0010563
128,awende,<code>awende</code>,3,0.0010563
128,bead,<code>bead</code>,3,0.0010563
128,bebead,<code>bebead</code>,3,0.0010563
128,beorhtnysse,<code>beorhtnysse</code>,3,0.0010563
128,betwux,<code>betwux</code>,3,0.0010563
128,bi&eth;,<code>bi&amp;d;</code>,3,0.0010563
128,blisse,<code>blisse</code>,3,0.0010563
128,casere,<code>casere</code>,3,0.0010563
128,caseres,<code>caseres</code>,3,0.0010563
128,cl&aelig;nan,<code>cl&amp;ae;nan</code>,3,0.0010563
128,cl&aelig;nnysse,<code>cl&amp;ae;nnysse</code>,3,0.0010563
128,cwe&thorn;ende,<code>cwe&amp;t;ende</code>,3,0.0010563
128,dea&eth;,<code>dea&amp;d;</code>,3,0.0010563
128,ealra,<code>ealra</code>,3,0.0010563
128,ealre,<code>ealre</code>,3,0.0010563
128,for&eth;si&eth;e,<code>for&amp;d;si&amp;d;e</code>,3,0.0010563
128,forwel,<code>forwel</code>,3,0.0010563
128,freolstide,<code>freolstide</code>,3,0.0010563
128,g&aelig;rs,<code>g&amp;ae;rs</code>,3,0.0010563
128,gecoren,<code>gecoren</code>,3,0.0010563
128,geearnungum,<code>geearnungum</code>,3,0.0010563
128,geleafan,<code>geleafan</code>,3,0.0010563
128,gymene,<code>gymene</code>,3,0.0010563
128,h&aelig;lend,<code>h&amp;ae;lend</code>,3,0.0010563
128,hade,<code>hade</code>,3,0.0010563
128,halgena,<code>halgena</code>,3,0.0010563
128,halgum,<code>halgum</code>,3,0.0010563
128,halige,<code>halige</code>,3,0.0010563
128,hebreiscum,<code>hebreiscum</code>,3,0.0010563
128,heofenlican,<code>heofenlican</code>,3,0.0010563
128,her,<code>her</code>,3,0.0010563
128,het,<code>het</code>,3,0.0010563
128,hieronimus,<code>hieronimus</code>,3,0.0010563
128,iulianes,<code>iulianes</code>,3,0.0010563
128,lac,<code>lac</code>,3,0.0010563
128,lilian,<code>lilian</code>,3,0.0010563
128,m&aelig;dene,<code>m&amp;ae;dene</code>,3,0.0010563
128,m&aelig;ig&eth;hade,<code>m&amp;ae;ig&amp;d;hade</code>,3,0.0010563
128,m&aelig;ran,<code>m&amp;ae;ran</code>,3,0.0010563
128,menniscnysse,<code>menniscnysse</code>,3,0.0010563
128,micelre,<code>micelre</code>,3,0.0010563
128,middaneardes,<code>middaneardes</code>,3,0.0010563
128,na,<code>na</code>,3,0.0010563
128,nan,<code>nan</code>,3,0.0010563
128,nanum,<code>nanum</code>,3,0.0010563
128,o&eth;,<code>o&amp;d;</code>,3,0.0010563
128,o&thorn;rum,<code>o&amp;t;rum</code>,3,0.0010563
128,oft,<code>oft</code>,3,0.0010563
128,pistol,<code>pistol</code>,3,0.0010563
128,rice,<code>rice</code>,3,0.0010563
128,sawle,<code>sawle</code>,3,0.0010563
128,sind,<code>sind</code>,3,0.0010563
128,sum,<code>sum</code>,3,0.0010563
128,sunne,<code>sunne</code>,3,0.0010563
128,swi&eth;or,<code>swi&amp;d;or</code>,3,0.0010563
128,swi&thorn;or,<code>swi&amp;t;or</code>,3,0.0010563
128,sy,<code>sy</code>,3,0.0010563
128,sy&eth;&eth;an,<code>sy&amp;d;&amp;d;an</code>,3,0.0010563
128,temple,<code>temple</code>,3,0.0010563
128,togeanes,<code>togeanes</code>,3,0.0010563
128,uncu&eth;,<code>uncu&amp;d;</code>,3,0.0010563
128,upstige,<code>upstige</code>,3,0.0010563
128,ure,<code>ure</code>,3,0.0010563
128,uton,<code>uton</code>,3,0.0010563
128,w&aelig;stmb&aelig;rnys,<code>w&amp;ae;stmb&amp;ae;rnys</code>,3,0.0010563
128,werode,<code>werode</code>,3,0.0010563
128,wlitig,<code>wlitig</code>,3,0.0010563
128,wunia&eth;,<code>wunia&amp;d;</code>,3,0.0010563
128,wur&thorn;ian,<code>wur&amp;t;ian</code>,3,0.0010563
128,ylcan,<code>ylcan</code>,3,0.0010563
213,&aelig;ig&eth;er,<code>&amp;ae;ig&amp;d;er</code>,2,0.0007042
213,&aelig;lc,<code>&amp;ae;lc</code>,2,0.0007042
213,&aelig;lcere,<code>&amp;ae;lcere</code>,2,0.0007042
213,&aelig;r,<code>&amp;ae;r</code>,2,0.0007042
213,&eth;&aelig;re,<code>&amp;d;&amp;ae;re</code>,2,0.0007042
213,&eth;&aelig;s,<code>&amp;d;&amp;ae;s</code>,2,0.0007042
213,&eth;urh,<code>&amp;d;urh</code>,2,0.0007042
213,&thorn;&aelig;rbinnon,<code>&amp;t;&amp;ae;rbinnon</code>,2,0.0007042
213,&thorn;&aelig;rrihte,<code>&amp;t;&amp;ae;rrihte</code>,2,0.0007042
213,&thorn;enunge,<code>&amp;t;enunge</code>,2,0.0007042
213,&thorn;i,<code>&amp;t;i</code>,2,0.0007042
213,&thorn;ing,<code>&amp;t;ing</code>,2,0.0007042
213,&thorn;is,<code>&amp;t;is</code>,2,0.0007042
213,&thorn;rowodon,<code>&amp;t;rowodon</code>,2,0.0007042
213,&thorn;rowunge,<code>&amp;t;rowunge</code>,2,0.0007042
213,&thorn;rymsetle,<code>&amp;t;rymsetle</code>,2,0.0007042
213,acennednysse,<code>acennednysse</code>,2,0.0007042
213,agenne,<code>agenne</code>,2,0.0007042
213,ahafen,<code>ahafen</code>,2,0.0007042
213,anginne,<code>anginne</code>,2,0.0007042
213,ansundes,<code>ansundes</code>,2,0.0007042
213,ar&aelig;rde,<code>ar&amp;ae;rde</code>,2,0.0007042
213,ar&aelig;rede,<code>ar&amp;ae;rede</code>,2,0.0007042
213,arwur&eth;nysse,<code>arwur&amp;d;nysse</code>,2,0.0007042
213,beo,<code>beo</code>,2,0.0007042
213,beon,<code>beon</code>,2,0.0007042
213,bibliothecan,<code>bibliothecan</code>,2,0.0007042
213,binnon,<code>binnon</code>,2,0.0007042
213,biscope,<code>biscope</code>,2,0.0007042
213,blostman,<code>blostman</code>,2,0.0007042
213,burhware,<code>burhware</code>,2,0.0007042
213,byrigen,<code>byrigen</code>,2,0.0007042
213,ceastergewarum,<code>ceastergewarum</code>,2,0.0007042
213,crist,<code>crist</code>,2,0.0007042
213,cu&eth;,<code>cu&amp;d;</code>,2,0.0007042
213,culfran,<code>culfran</code>,2,0.0007042
213,cw&aelig;don,<code>cw&amp;ae;don</code>,2,0.0007042
213,cydde,<code>cydde</code>,2,0.0007042
213,cyrcan,<code>cyrcan</code>,2,0.0007042
213,dene,<code>dene</code>,2,0.0007042
213,dyde,<code>dyde</code>,2,0.0007042
213,eala,<code>eala</code>,2,0.0007042
213,ecelice,<code>ecelice</code>,2,0.0007042
213,ecnysse,<code>ecnysse</code>,2,0.0007042
213,engla,<code>engla</code>,2,0.0007042
213,eode,<code>eode</code>,2,0.0007042
213,eowre,<code>eowre</code>,2,0.0007042
213,eustochium,<code>eustochium</code>,2,0.0007042
213,fodan,<code>fodan</code>,2,0.0007042
213,folce,<code>folce</code>,2,0.0007042
213,for&eth;si&thorn;e,<code>for&amp;d;si&amp;t;e</code>,2,0.0007042
213,forgeafe,<code>forgeafe</code>,2,0.0007042
213,freolsd&aelig;ig,<code>freolsd&amp;ae;ig</code>,2,0.0007042
213,fulfremedlice,<code>fulfremedlice</code>,2,0.0007042
213,fyrde,<code>fyrde</code>,2,0.0007042
213,gabrihel,<code>gabrihel</code>,2,0.0007042
213,gecorenan,<code>gecorenan</code>,2,0.0007042
213,gecydde,<code>gecydde</code>,2,0.0007042
213,gedafena&eth;,<code>gedafena&amp;d;</code>,2,0.0007042
213,geendunge,<code>geendunge</code>,2,0.0007042
213,gef&aelig;stnod,<code>gef&amp;ae;stnod</code>,2,0.0007042
213,gehaten,<code>gehaten</code>,2,0.0007042
213,gel&aelig;ddon,<code>gel&amp;ae;ddon</code>,2,0.0007042
213,geleaflic,<code>geleaflic</code>,2,0.0007042
213,gelyfa&eth;,<code>gelyfa&amp;d;</code>,2,0.0007042
213,gemartyrod,<code>gemartyrod</code>,2,0.0007042
213,gereccan,<code>gereccan</code>,2,0.0007042
213,getacnia&eth;,<code>getacnia&amp;d;</code>,2,0.0007042
213,gewislice,<code>gewislice</code>,2,0.0007042
213,geyht,<code>geyht</code>,2,0.0007042
213,godspellere,<code>godspellere</code>,2,0.0007042
213,gyt,<code>gyt</code>,2,0.0007042
213,h&aelig;bbe,<code>h&amp;ae;bbe</code>,2,0.0007042
213,h&aelig;fde,<code>h&amp;ae;fde</code>,2,0.0007042
213,halig,<code>halig</code>,2,0.0007042
213,haliges,<code>haliges</code>,2,0.0007042
213,heahengel,<code>heahengel</code>,2,0.0007042
213,heofonlic,<code>heofonlic</code>,2,0.0007042
213,heofonlice,<code>heofonlice</code>,2,0.0007042
213,heofonlicum,<code>heofonlicum</code>,2,0.0007042
213,heria&eth;,<code>heria&amp;d;</code>,2,0.0007042
213,hw&aelig;&thorn;ere,<code>hw&amp;ae;&amp;t;ere</code>,2,0.0007042
213,hw&aelig;t,<code>hw&amp;ae;t</code>,2,0.0007042
213,hwa,<code>hwa</code>,2,0.0007042
213,l&aelig;s,<code>l&amp;ae;s</code>,2,0.0007042
213,lareowas,<code>lareowas</code>,2,0.0007042
213,leohte,<code>leohte</code>,2,0.0007042
213,lifes,<code>lifes</code>,2,0.0007042
213,lofe,<code>lofe</code>,2,0.0007042
213,lufe,<code>lufe</code>,2,0.0007042
213,lufode,<code>lufode</code>,2,0.0007042
213,m&aelig;ig&eth;hades,<code>m&amp;ae;ig&amp;d;hades</code>,2,0.0007042
213,martyras,<code>martyras</code>,2,0.0007042
213,mihta,<code>mihta</code>,2,0.0007042
213,mine,<code>mine</code>,2,0.0007042
213,minne,<code>minne</code>,2,0.0007042
213,modor,<code>modor</code>,2,0.0007042
213,mona,<code>mona</code>,2,0.0007042
213,nama,<code>nama</code>,2,0.0007042
213,nanes,<code>nanes</code>,2,0.0007042
213,nanre,<code>nanre</code>,2,0.0007042
213,nytena,<code>nytena</code>,2,0.0007042
213,oferstih&eth;,<code>oferstih&amp;d;</code>,2,0.0007042
213,ongean,<code>ongean</code>,2,0.0007042
213,onlociendum,<code>onlociendum</code>,2,0.0007042
213,onmiddan,<code>onmiddan</code>,2,0.0007042
213,paulam,<code>paulam</code>,2,0.0007042
213,r&aelig;da&eth;,<code>r&amp;ae;da&amp;d;</code>,2,0.0007042
213,re&thorn;an,<code>re&amp;t;an</code>,2,0.0007042
213,rode,<code>rode</code>,2,0.0007042
213,rosena,<code>rosena</code>,2,0.0007042
213,sacerd,<code>sacerd</code>,2,0.0007042
213,samod,<code>samod</code>,2,0.0007042
213,sancta,<code>sancta</code>,2,0.0007042
213,sang,<code>sang</code>,2,0.0007042
213,sawla,<code>sawla</code>,2,0.0007042
213,sceattas,<code>sceattas</code>,2,0.0007042
213,sceolon,<code>sceolon</code>,2,0.0007042
213,scole,<code>scole</code>,2,0.0007042
213,so&eth;,<code>so&amp;d;</code>,2,0.0007042
213,swutol,<code>swutol</code>,2,0.0007042
213,sylfne,<code>sylfne</code>,2,0.0007042
213,synderlice,<code>synderlice</code>,2,0.0007042
213,tide,<code>tide</code>,2,0.0007042
213,towurpe,<code>towurpe</code>,2,0.0007042
213,twam,<code>twam</code>,2,0.0007042
213,u&eth;witegunge,<code>u&amp;d;witegunge</code>,2,0.0007042
213,unasecgendlicere,<code>unasecgendlicere</code>,2,0.0007042
213,underfeng,<code>underfeng</code>,2,0.0007042
213,underfo&eth;,<code>underfo&amp;d;</code>,2,0.0007042
213,unwi&eth;metenlice,<code>unwi&amp;d;metenlice</code>,2,0.0007042
213,ures,<code>ures</code>,2,0.0007042
213,werod,<code>werod</code>,2,0.0007042
213,wi&eth;ersacan,<code>wi&amp;d;ersacan</code>,2,0.0007042
213,wi&eth;soc,<code>wi&amp;d;soc</code>,2,0.0007042
213,wi&thorn;ersacan,<code>wi&amp;t;ersacan</code>,2,0.0007042
213,wuldorfullice,<code>wuldorfullice</code>,2,0.0007042
213,wundrode,<code>wundrode</code>,2,0.0007042
213,wunode,<code>wunode</code>,2,0.0007042
213,wununge,<code>wununge</code>,2,0.0007042
213,wur&eth;fullice,<code>wur&amp;d;fullice</code>,2,0.0007042
213,wur&eth;mynt,<code>wur&amp;d;mynt</code>,2,0.0007042
213,wur&eth;mynte,<code>wur&amp;d;mynte</code>,2,0.0007042
213,wydewan,<code>wydewan</code>,2,0.0007042
213,ylca,<code>ylca</code>,2,0.0007042
213,ymbe,<code>ymbe</code>,2,0.0007042
359,&aelig;&thorn;elinges,<code>&amp;ae;&amp;t;elinges</code>,1,0.0003521
359,&aelig;fnunge,<code>&amp;ae;fnunge</code>,1,0.0003521
359,&aelig;fre,<code>&amp;ae;fre</code>,1,0.0003521
359,&aelig;ighwylces,<code>&amp;ae;ighwylces</code>,1,0.0003521
359,&aelig;lmihtiga,<code>&amp;ae;lmihtiga</code>,1,0.0003521
359,&aelig;mtig,<code>&amp;ae;mtig</code>,1,0.0003521
359,&aelig;nigum,<code>&amp;ae;nigum</code>,1,0.0003521
359,&aelig;nne,<code>&amp;ae;nne</code>,1,0.0003521
359,&aelig;riste,<code>&amp;ae;riste</code>,1,0.0003521
359,&aelig;ristes,<code>&amp;ae;ristes</code>,1,0.0003521
359,&aelig;ror,<code>&amp;ae;ror</code>,1,0.0003521
359,&aelig;tbroden,<code>&amp;ae;tbroden</code>,1,0.0003521
359,&aelig;teowod,<code>&amp;ae;teowod</code>,1,0.0003521
359,&aelig;tstandenum,<code>&amp;ae;tstandenum</code>,1,0.0003521
359,&eth;&aelig;ra,<code>&amp;d;&amp;ae;ra</code>,1,0.0003521
359,&eth;an,<code>&amp;d;an</code>,1,0.0003521
359,&eth;eahhw&aelig;&thorn;ere,<code>&amp;d;eahhw&amp;ae;&amp;t;ere</code>,1,0.0003521
359,&eth;ine,<code>&amp;d;ine</code>,1,0.0003521
359,&eth;inne,<code>&amp;d;inne</code>,1,0.0003521
359,&eth;reora,<code>&amp;d;reora</code>,1,0.0003521
359,&eth;y,<code>&amp;d;y</code>,1,0.0003521
359,&eth;ysum,<code>&amp;d;ysum</code>,1,0.0003521
359,&thorn;&aelig;ronuppon,<code>&amp;t;&amp;ae;ronuppon</code>,1,0.0003521
359,&thorn;egna,<code>&amp;t;egna</code>,1,0.0003521
359,&thorn;enodon,<code>&amp;t;enodon</code>,1,0.0003521
359,&thorn;eofilus,<code>&amp;t;eofilus</code>,1,0.0003521
359,&thorn;eos,<code>&amp;t;eos</code>,1,0.0003521
359,&thorn;eowrace,<code>&amp;t;eowrace</code>,1,0.0003521
359,&thorn;es,<code>&amp;t;es</code>,1,0.0003521
359,&thorn;ine,<code>&amp;t;ine</code>,1,0.0003521
359,&thorn;inges,<code>&amp;t;inges</code>,1,0.0003521
359,&thorn;ingr&aelig;dene,<code>&amp;t;ingr&amp;ae;dene</code>,1,0.0003521
359,&thorn;ingunge,<code>&amp;t;ingunge</code>,1,0.0003521
359,&thorn;isne,<code>&amp;t;isne</code>,1,0.0003521
359,&thorn;isre,<code>&amp;t;isre</code>,1,0.0003521
359,&thorn;issere,<code>&amp;t;issere</code>,1,0.0003521
359,&thorn;reatum,<code>&amp;t;reatum</code>,1,0.0003521
359,&thorn;rim,<code>&amp;t;rim</code>,1,0.0003521
359,&thorn;rowade,<code>&amp;t;rowade</code>,1,0.0003521
359,&thorn;rowung,<code>&amp;t;rowung</code>,1,0.0003521
359,&thorn;ry,<code>&amp;t;ry</code>,1,0.0003521
359,&thorn;rym,<code>&amp;t;rym</code>,1,0.0003521
359,&thorn;rymsettle,<code>&amp;t;rymsettle</code>,1,0.0003521
359,&thorn;urh&eth;yde,<code>&amp;t;urh&amp;d;yde</code>,1,0.0003521
359,&thorn;urhferde,<code>&amp;t;urhferde</code>,1,0.0003521
359,&thorn;urhwuna&eth;,<code>&amp;t;urhwuna&amp;d;</code>,1,0.0003521
359,&thorn;ysne,<code>&amp;t;ysne</code>,1,0.0003521
359,&thorn;ysre,<code>&amp;t;ysre</code>,1,0.0003521
359,a,<code>a</code>,1,0.0003521
359,acenned,<code>acenned</code>,1,0.0003521
359,acwelle,<code>acwelle</code>,1,0.0003521
359,adreah,<code>adreah</code>,1,0.0003521
359,agen,<code>agen</code>,1,0.0003521
359,agenum,<code>agenum</code>,1,0.0003521
359,agifan,<code>agifan</code>,1,0.0003521
359,ahred,<code>ahred</code>,1,0.0003521
359,alysednysse,<code>alysednysse</code>,1,0.0003521
359,amen,<code>amen</code>,1,0.0003521
359,an&thorn;r&aelig;cum,<code>an&amp;t;r&amp;ae;cum</code>,1,0.0003521
359,and,<code>and</code>,1,0.0003521
359,anda,<code>anda</code>,1,0.0003521
359,andbidian,<code>andbidian</code>,1,0.0003521
359,andette,<code>andette</code>,1,0.0003521
359,andetton,<code>andetton</code>,1,0.0003521
359,andgit,<code>andgit</code>,1,0.0003521
359,andgite,<code>andgite</code>,1,0.0003521
359,andlyfene,<code>andlyfene</code>,1,0.0003521
359,andweardan,<code>andweardan</code>,1,0.0003521
359,andwyrde,<code>andwyrde</code>,1,0.0003521
359,angean,<code>angean</code>,1,0.0003521
359,anlicnysse,<code>anlicnysse</code>,1,0.0003521
359,ansund,<code>ansund</code>,1,0.0003521
359,anum,<code>anum</code>,1,0.0003521
359,apostola,<code>apostola</code>,1,0.0003521
359,apostoli,<code>apostoli</code>,1,0.0003521
359,apostolicum,<code>apostolicum</code>,1,0.0003521
359,ar&aelig;red,<code>ar&amp;ae;red</code>,1,0.0003521
359,ar&aelig;redan,<code>ar&amp;ae;redan</code>,1,0.0003521
359,aras,<code>aras</code>,1,0.0003521
359,arf&aelig;stnysse,<code>arf&amp;ae;stnysse</code>,1,0.0003521
359,arise,<code>arise</code>,1,0.0003521
359,arisende,<code>arisende</code>,1,0.0003521
359,arison,<code>arison</code>,1,0.0003521
359,arwur&eth;ie,<code>arwur&amp;d;ie</code>,1,0.0003521
359,arwur&eth;ode,<code>arwur&amp;d;ode</code>,1,0.0003521
359,arwur&thorn;a,<code>arwur&amp;t;a</code>,1,0.0003521
359,arwur&thorn;ion,<code>arwur&amp;t;ion</code>,1,0.0003521
359,asende,<code>asende</code>,1,0.0003521
359,asmeade,<code>asmeade</code>,1,0.0003521
359,aspend,<code>aspend</code>,1,0.0003521
359,assvmptio,<code>assvmptio</code>,1,0.0003521
359,astah,<code>astah</code>,1,0.0003521
359,astigende,<code>astigende</code>,1,0.0003521
359,astih&eth;,<code>astih&amp;d;</code>,1,0.0003521
359,ateorunge,<code>ateorunge</code>,1,0.0003521
359,awyrigedan,<code>awyrigedan</code>,1,0.0003521
359,b&aelig;d,<code>b&amp;ae;d</code>,1,0.0003521
359,bam,<code>bam</code>,1,0.0003521
359,basili,<code>basili</code>,1,0.0003521
359,be&thorn;ohte,<code>be&amp;t;ohte</code>,1,0.0003521
359,bearne,<code>bearne</code>,1,0.0003521
359,bec,<code>bec</code>,1,0.0003521
359,becom,<code>becom</code>,1,0.0003521
359,becomon,<code>becomon</code>,1,0.0003521
359,becume,<code>becume</code>,1,0.0003521
359,bed&aelig;led,<code>bed&amp;ae;led</code>,1,0.0003521
359,beeode,<code>beeode</code>,1,0.0003521
359,beeodest,<code>beeodest</code>,1,0.0003521
359,bef&aelig;ste,<code>bef&amp;ae;ste</code>,1,0.0003521
359,befran,<code>befran</code>,1,0.0003521
359,befrinende,<code>befrinende</code>,1,0.0003521
359,begleddod,<code>begleddod</code>,1,0.0003521
359,behaten,<code>behaten</code>,1,0.0003521
359,belocen,<code>belocen</code>,1,0.0003521
359,benum,<code>benum</code>,1,0.0003521
359,bep&aelig;ht,<code>bep&amp;ae;ht</code>,1,0.0003521
359,berene,<code>berene</code>,1,0.0003521
359,bescoren,<code>bescoren</code>,1,0.0003521
359,bet,<code>bet</code>,1,0.0003521
359,bet&aelig;can,<code>bet&amp;ae;can</code>,1,0.0003521
359,bet&aelig;ht,<code>bet&amp;ae;ht</code>,1,0.0003521
359,bet&aelig;hte,<code>bet&amp;ae;hte</code>,1,0.0003521
359,bidde,<code>bidde</code>,1,0.0003521
359,biddende,<code>biddende</code>,1,0.0003521
359,bilewitnysse,<code>bilewitnysse</code>,1,0.0003521
359,biscopes,<code>biscopes</code>,1,0.0003521
359,bletsunge,<code>bletsunge</code>,1,0.0003521
359,blissa&eth;,<code>blissa&amp;d;</code>,1,0.0003521
359,blissia&eth;,<code>blissia&amp;d;</code>,1,0.0003521
359,blissie,<code>blissie</code>,1,0.0003521
359,blission,<code>blission</code>,1,0.0003521
359,blode,<code>blode</code>,1,0.0003521
359,boca,<code>boca</code>,1,0.0003521
359,boclicum,<code>boclicum</code>,1,0.0003521
359,botle,<code>botle</code>,1,0.0003521
359,br&aelig;&eth;,<code>br&amp;ae;&amp;d;</code>,1,0.0003521
359,br&aelig;&eth;e,<code>br&amp;ae;&amp;d;e</code>,1,0.0003521
359,breac,<code>breac</code>,1,0.0003521
359,bringa&eth;,<code>bringa&amp;d;</code>,1,0.0003521
359,brohton,<code>brohton</code>,1,0.0003521
359,bruca&eth;,<code>bruca&amp;d;</code>,1,0.0003521
359,budon,<code>budon</code>,1,0.0003521
359,burh,<code>burh</code>,1,0.0003521
359,burhwaru,<code>burhwaru</code>,1,0.0003521
359,byrgene,<code>byrgene</code>,1,0.0003521
359,byrig,<code>byrig</code>,1,0.0003521
359,byscop,<code>byscop</code>,1,0.0003521
359,cappadocia,<code>cappadocia</code>,1,0.0003521
359,carfulre,<code>carfulre</code>,1,0.0003521
359,cempa,<code>cempa</code>,1,0.0003521
359,ceorung,<code>ceorung</code>,1,0.0003521
359,cild,<code>cild</code>,1,0.0003521
359,cl&aelig;ne,<code>cl&amp;ae;ne</code>,1,0.0003521
359,cl&aelig;nesta,<code>cl&amp;ae;nesta</code>,1,0.0003521
359,cl&aelig;num,<code>cl&amp;ae;num</code>,1,0.0003521
359,clypian,<code>clypian</code>,1,0.0003521
359,come,<code>come</code>,1,0.0003521
359,comon,<code>comon</code>,1,0.0003521
359,cornb&aelig;re,<code>cornb&amp;ae;re</code>,1,0.0003521
359,cristendome,<code>cristendome</code>,1,0.0003521
359,cristene,<code>cristene</code>,1,0.0003521
359,cristenra,<code>cristenra</code>,1,0.0003521
359,cu&eth;lice,<code>cu&amp;d;lice</code>,1,0.0003521
359,culfre,<code>culfre</code>,1,0.0003521
359,cunnian,<code>cunnian</code>,1,0.0003521
359,cwe&eth;ende,<code>cwe&amp;d;ende</code>,1,0.0003521
359,cwe&thorn;e,<code>cwe&amp;t;e</code>,1,0.0003521
359,cwellere,<code>cwellere</code>,1,0.0003521
359,cy&thorn;ere,<code>cy&amp;t;ere</code>,1,0.0003521
359,cyninge,<code>cyninge</code>,1,0.0003521
359,cyrce,<code>cyrce</code>,1,0.0003521
359,cyrcweard,<code>cyrcweard</code>,1,0.0003521
359,cyrre,<code>cyrre</code>,1,0.0003521
359,d&aelig;da,<code>d&amp;ae;da</code>,1,0.0003521
359,d&aelig;g,<code>d&amp;ae;g</code>,1,0.0003521
359,d&aelig;ig&thorn;erlicum,<code>d&amp;ae;ig&amp;t;erlicum</code>,1,0.0003521
359,d&aelig;igrima,<code>d&amp;ae;igrima</code>,1,0.0003521
359,d&aelig;l,<code>d&amp;ae;l</code>,1,0.0003521
359,d&aelig;lum,<code>d&amp;ae;lum</code>,1,0.0003521
359,daga,<code>daga</code>,1,0.0003521
359,dagum,<code>dagum</code>,1,0.0003521
359,deadlican,<code>deadlican</code>,1,0.0003521
359,deadlicum,<code>deadlicum</code>,1,0.0003521
359,dehter,<code>dehter</code>,1,0.0003521
359,deman,<code>deman</code>,1,0.0003521
359,deofle,<code>deofle</code>,1,0.0003521
359,deop,<code>deop</code>,1,0.0003521
359,deop&thorn;ancellice,<code>deop&amp;t;ancellice</code>,1,0.0003521
359,deorwur&eth;an,<code>deorwur&amp;d;an</code>,1,0.0003521
359,deorwur&thorn;ra,<code>deorwur&amp;t;ra</code>,1,0.0003521
359,dihte,<code>dihte</code>,1,0.0003521
359,dreorig,<code>dreorig</code>,1,0.0003521
359,dreorigum,<code>dreorigum</code>,1,0.0003521
359,drihtne,<code>drihtne</code>,1,0.0003521
359,drihtnes,<code>drihtnes</code>,1,0.0003521
359,drohtniende,<code>drohtniende</code>,1,0.0003521
359,drohtnode,<code>drohtnode</code>,1,0.0003521
359,drohtnunge,<code>drohtnunge</code>,1,0.0003521
359,drycr&aelig;fte,<code>drycr&amp;ae;fte</code>,1,0.0003521
359,dune,<code>dune</code>,1,0.0003521
359,dyrstinyss,<code>dyrstinyss</code>,1,0.0003521
359,ea,<code>ea</code>,1,0.0003521
359,ealdan,<code>ealdan</code>,1,0.0003521
359,ealde,<code>ealde</code>,1,0.0003521
359,ealles,<code>ealles</code>,1,0.0003521
359,earde,<code>earde</code>,1,0.0003521
359,ecan,<code>ecan</code>,1,0.0003521
359,edleane,<code>edleane</code>,1,0.0003521
359,efne,<code>efne</code>,1,0.0003521
359,egeslic,<code>egeslic</code>,1,0.0003521
359,ehtnysse,<code>ehtnysse</code>,1,0.0003521
359,englas,<code>englas</code>,1,0.0003521
359,eower,<code>eower</code>,1,0.0003521
359,estfulnysse,<code>estfulnysse</code>,1,0.0003521
359,euan,<code>euan</code>,1,0.0003521
359,eufraten,<code>eufraten</code>,1,0.0003521
359,f&aelig;gernys,<code>f&amp;ae;gernys</code>,1,0.0003521
359,f&aelig;ignia&eth;,<code>f&amp;ae;ignia&amp;d;</code>,1,0.0003521
359,f&aelig;ignian,<code>f&amp;ae;ignian</code>,1,0.0003521
359,f&aelig;mnan,<code>f&amp;ae;mnan</code>,1,0.0003521
359,f&aelig;mne,<code>f&amp;ae;mne</code>,1,0.0003521
359,f&aelig;r,<code>f&amp;ae;r</code>,1,0.0003521
359,f&aelig;stene,<code>f&amp;ae;stene</code>,1,0.0003521
359,f&aelig;stenes,<code>f&amp;ae;stenes</code>,1,0.0003521
359,f&aelig;stenum,<code>f&amp;ae;stenum</code>,1,0.0003521
359,feder,<code>feder</code>,1,0.0003521
359,fela,<code>fela</code>,1,0.0003521
359,feond,<code>feond</code>,1,0.0003521
359,feos,<code>feos</code>,1,0.0003521
359,feower,<code>feower</code>,1,0.0003521
359,fet,<code>fet</code>,1,0.0003521
359,flew&eth;,<code>flew&amp;d;</code>,1,0.0003521
359,folc,<code>folc</code>,1,0.0003521
359,fordwan,<code>fordwan</code>,1,0.0003521
359,forgifenys,<code>forgifenys</code>,1,0.0003521
359,forn,<code>forn</code>,1,0.0003521
359,forsih&eth;,<code>forsih&amp;d;</code>,1,0.0003521
359,forsweolt,<code>forsweolt</code>,1,0.0003521
359,forwyrd,<code>forwyrd</code>,1,0.0003521
359,fr&aelig;cednysse,<code>fr&amp;ae;cednysse</code>,1,0.0003521
359,frofer,<code>frofer</code>,1,0.0003521
359,frym&eth;e,<code>frym&amp;d;e</code>,1,0.0003521
359,frym&thorn;e,<code>frym&amp;t;e</code>,1,0.0003521
359,fulluhte,<code>fulluhte</code>,1,0.0003521
359,fulluhtes,<code>fulluhtes</code>,1,0.0003521
359,fultum,<code>fultum</code>,1,0.0003521
359,fultumes,<code>fultumes</code>,1,0.0003521
359,funde,<code>funde</code>,1,0.0003521
359,fyrd,<code>fyrd</code>,1,0.0003521
359,fyrdlicum,<code>fyrdlicum</code>,1,0.0003521
359,fyrdtruma,<code>fyrdtruma</code>,1,0.0003521
359,fyrmesta,<code>fyrmesta</code>,1,0.0003521
359,gastas,<code>gastas</code>,1,0.0003521
359,gaste,<code>gaste</code>,1,0.0003521
359,gastlicere,<code>gastlicere</code>,1,0.0003521
359,gastlicum,<code>gastlicum</code>,1,0.0003521
359,ge&eth;ingc&eth;um,<code>ge&amp;d;ingc&amp;d;um</code>,1,0.0003521
359,ge&eth;ingie,<code>ge&amp;d;ingie</code>,1,0.0003521
359,ge&thorn;eod,<code>ge&amp;t;eod</code>,1,0.0003521
359,ge&thorn;inc&eth;u,<code>ge&amp;t;inc&amp;d;u</code>,1,0.0003521
359,ge&thorn;inc&eth;um,<code>ge&amp;t;inc&amp;d;um</code>,1,0.0003521
359,ge&thorn;ingod,<code>ge&amp;t;ingod</code>,1,0.0003521
359,ge&thorn;ugon,<code>ge&amp;t;ugon</code>,1,0.0003521
359,geancyrre,<code>geancyrre</code>,1,0.0003521
359,geangsumod,<code>geangsumod</code>,1,0.0003521
359,geares,<code>geares</code>,1,0.0003521
359,gearlic,<code>gearlic</code>,1,0.0003521
359,gearwur&thorn;ode,<code>gearwur&amp;t;ode</code>,1,0.0003521
359,geat,<code>geat</code>,1,0.0003521
359,geb&aelig;d,<code>geb&amp;ae;d</code>,1,0.0003521
359,gebetrunge,<code>gebetrunge</code>,1,0.0003521
359,gebro&eth;ra,<code>gebro&amp;d;ra</code>,1,0.0003521
359,gebro&thorn;ra,<code>gebro&amp;t;ra</code>,1,0.0003521
359,geceas,<code>geceas</code>,1,0.0003521
359,gecneordl&aelig;cende,<code>gecneordl&amp;ae;cende</code>,1,0.0003521
359,gecneordum,<code>gecneordum</code>,1,0.0003521
359,gecorenra,<code>gecorenra</code>,1,0.0003521
359,gecweden,<code>gecweden</code>,1,0.0003521
359,gecwemre,<code>gecwemre</code>,1,0.0003521
359,gecyrre,<code>gecyrre</code>,1,0.0003521
359,gedwolmannum,<code>gedwolmannum</code>,1,0.0003521
359,geearnodon,<code>geearnodon</code>,1,0.0003521
359,geedcucedum,<code>geedcucedum</code>,1,0.0003521
359,gefean,<code>gefean</code>,1,0.0003521
359,gefeccan,<code>gefeccan</code>,1,0.0003521
359,geferr&aelig;dene,<code>geferr&amp;ae;dene</code>,1,0.0003521
359,gefyllan,<code>gefyllan</code>,1,0.0003521
359,gegearcod,<code>gegearcod</code>,1,0.0003521
359,gegladian,<code>gegladian</code>,1,0.0003521
359,gegodode,<code>gegodode</code>,1,0.0003521
359,gehathyrte,<code>gehathyrte</code>,1,0.0003521
359,gehealdenum,<code>gehealdenum</code>,1,0.0003521
359,geheold,<code>geheold</code>,1,0.0003521
359,gehiwedan,<code>gehiwedan</code>,1,0.0003521
359,gehw&aelig;r,<code>gehw&amp;ae;r</code>,1,0.0003521
359,gehwilc,<code>gehwilc</code>,1,0.0003521
359,gehwylce,<code>gehwylce</code>,1,0.0003521
359,gehyrdon,<code>gehyrdon</code>,1,0.0003521
359,gehyrenne,<code>gehyrenne</code>,1,0.0003521
359,gehyrsumian,<code>gehyrsumian</code>,1,0.0003521
359,gehyrsumode,<code>gehyrsumode</code>,1,0.0003521
359,gel&aelig;da&eth;,<code>gel&amp;ae;da&amp;d;</code>,1,0.0003521
359,gel&aelig;rede,<code>gel&amp;ae;rede</code>,1,0.0003521
359,gelamp,<code>gelamp</code>,1,0.0003521
359,gelangia&eth;,<code>gelangia&amp;d;</code>,1,0.0003521
359,geleornode,<code>geleornode</code>,1,0.0003521
359,gelice,<code>gelice</code>,1,0.0003521
359,gelicnysse,<code>gelicnysse</code>,1,0.0003521
359,gelogedon,<code>gelogedon</code>,1,0.0003521
359,gelogode,<code>gelogode</code>,1,0.0003521
359,gelyfenne,<code>gelyfenne</code>,1,0.0003521
359,gem&aelig;nelice,<code>gem&amp;ae;nelice</code>,1,0.0003521
359,gem&aelig;rsod,<code>gem&amp;ae;rsod</code>,1,0.0003521
359,gemedemode,<code>gemedemode</code>,1,0.0003521
359,gemetegod,<code>gemetegod</code>,1,0.0003521
359,gemette,<code>gemette</code>,1,0.0003521
359,genam,<code>genam</code>,1,0.0003521
359,generede,<code>generede</code>,1,0.0003521
359,generod,<code>generod</code>,1,0.0003521
359,genumen,<code>genumen</code>,1,0.0003521
359,genydde,<code>genydde</code>,1,0.0003521
359,geoffrodon,<code>geoffrodon</code>,1,0.0003521
359,geogo&eth;hade,<code>geogo&amp;d;hade</code>,1,0.0003521
359,geond,<code>geond</code>,1,0.0003521
359,geopenod,<code>geopenod</code>,1,0.0003521
359,ger&aelig;d,<code>ger&amp;ae;d</code>,1,0.0003521
359,gereccenne,<code>gereccenne</code>,1,0.0003521
359,gereorde,<code>gereorde</code>,1,0.0003521
359,ges&aelig;ligan,<code>ges&amp;ae;ligan</code>,1,0.0003521
359,gesawe,<code>gesawe</code>,1,0.0003521
359,gese&thorn;an,<code>gese&amp;t;an</code>,1,0.0003521
359,gesetnyss,<code>gesetnyss</code>,1,0.0003521
359,gesette,<code>gesette</code>,1,0.0003521
359,gesewen,<code>gesewen</code>,1,0.0003521
359,gesih&eth;e,<code>gesih&amp;d;e</code>,1,0.0003521
359,gesih&thorn;e,<code>gesih&amp;t;e</code>,1,0.0003521
359,gesih&thorn;um,<code>gesih&amp;t;um</code>,1,0.0003521
359,gesme&thorn;ie,<code>gesme&amp;t;ie</code>,1,0.0003521
359,gesohte,<code>gesohte</code>,1,0.0003521
359,geswice,<code>geswice</code>,1,0.0003521
359,geswutelod,<code>geswutelod</code>,1,0.0003521
359,geswutelode,<code>geswutelode</code>,1,0.0003521
359,getacnode,<code>getacnode</code>,1,0.0003521
359,getogen,<code>getogen</code>,1,0.0003521
359,geufrode,<code>geufrode</code>,1,0.0003521
359,gew&aelig;pnod,<code>gew&amp;ae;pnod</code>,1,0.0003521
359,gewat,<code>gewat</code>,1,0.0003521
359,gewende,<code>gewende</code>,1,0.0003521
359,gewissode,<code>gewissode</code>,1,0.0003521
359,gewissung,<code>gewissung</code>,1,0.0003521
359,gewita,<code>gewita</code>,1,0.0003521
359,gewitan,<code>gewitan</code>,1,0.0003521
359,gewur&thorn;ode,<code>gewur&amp;t;ode</code>,1,0.0003521
359,gewurde,<code>gewurde</code>,1,0.0003521
359,gife,<code>gife</code>,1,0.0003521
359,gifu,<code>gifu</code>,1,0.0003521
359,gl&aelig;dum,<code>gl&amp;ae;dum</code>,1,0.0003521
359,godcundlican,<code>godcundlican</code>,1,0.0003521
359,goddra,<code>goddra</code>,1,0.0003521
359,gode,<code>gode</code>,1,0.0003521
359,godspel,<code>godspel</code>,1,0.0003521
359,godspelles,<code>godspelles</code>,1,0.0003521
359,godspellicum,<code>godspellicum</code>,1,0.0003521
359,godum,<code>godum</code>,1,0.0003521
359,goldes,<code>goldes</code>,1,0.0003521
359,greciscum,<code>greciscum</code>,1,0.0003521
359,grecum,<code>grecum</code>,1,0.0003521
359,gymma,<code>gymma</code>,1,0.0003521
359,gyrlum,<code>gyrlum</code>,1,0.0003521
359,h&aelig;&thorn;engyld,<code>h&amp;ae;&amp;t;engyld</code>,1,0.0003521
359,h&aelig;&thorn;enra,<code>h&amp;ae;&amp;t;enra</code>,1,0.0003521
359,h&aelig;&thorn;enscipe,<code>h&amp;ae;&amp;t;enscipe</code>,1,0.0003521
359,h&aelig;l,<code>h&amp;ae;l</code>,1,0.0003521
359,h&aelig;le,<code>h&amp;ae;le</code>,1,0.0003521
359,h&aelig;lendes,<code>h&amp;ae;lendes</code>,1,0.0003521
359,h&aelig;se,<code>h&amp;ae;se</code>,1,0.0003521
359,habbon,<code>habbon</code>,1,0.0003521
359,hand,<code>hand</code>,1,0.0003521
359,handgewrit,<code>handgewrit</code>,1,0.0003521
359,hatte,<code>hatte</code>,1,0.0003521
359,heafde,<code>heafde</code>,1,0.0003521
359,healfe,<code>healfe</code>,1,0.0003521
359,healicere,<code>healicere</code>,1,0.0003521
359,healicra,<code>healicra</code>,1,0.0003521
359,heap,<code>heap</code>,1,0.0003521
359,heardum,<code>heardum</code>,1,0.0003521
359,hellican,<code>hellican</code>,1,0.0003521
359,heofenan,<code>heofenan</code>,1,0.0003521
359,heofenlice,<code>heofenlice</code>,1,0.0003521
359,heofenlicum,<code>heofenlicum</code>,1,0.0003521
359,heofenum,<code>heofenum</code>,1,0.0003521
359,heofonan,<code>heofonan</code>,1,0.0003521
359,heofonas,<code>heofonas</code>,1,0.0003521
359,heofonlicere,<code>heofonlicere</code>,1,0.0003521
359,heofonwaru,<code>heofonwaru</code>,1,0.0003521
359,heofonwarum,<code>heofonwarum</code>,1,0.0003521
359,herige,<code>herige</code>,1,0.0003521
359,herion,<code>herion</code>,1,0.0003521
359,herung,<code>herung</code>,1,0.0003521
359,herunge,<code>herunge</code>,1,0.0003521
359,herungum,<code>herungum</code>,1,0.0003521
359,hetelice,<code>hetelice</code>,1,0.0003521
359,hlafa,<code>hlafa</code>,1,0.0003521
359,hlafas,<code>hlafas</code>,1,0.0003521
359,hoge,<code>hoge</code>,1,0.0003521
359,hospe,<code>hospe</code>,1,0.0003521
359,hr&aelig;dlice,<code>hr&amp;ae;dlice</code>,1,0.0003521
359,hreame,<code>hreame</code>,1,0.0003521
359,hundseofontig,<code>hundseofontig</code>,1,0.0003521
359,huse,<code>huse</code>,1,0.0003521
359,hw&aelig;&eth;er,<code>hw&amp;ae;&amp;d;er</code>,1,0.0003521
359,hw&aelig;&eth;ere,<code>hw&amp;ae;&amp;d;ere</code>,1,0.0003521
359,hw&aelig;r,<code>hw&amp;ae;r</code>,1,0.0003521
359,hwene,<code>hwene</code>,1,0.0003521
359,hwider,<code>hwider</code>,1,0.0003521
359,hwilcere,<code>hwilcere</code>,1,0.0003521
359,hwitnysse,<code>hwitnysse</code>,1,0.0003521
359,hypan,<code>hypan</code>,1,0.0003521
359,infarende,<code>infarende</code>,1,0.0003521
359,inferde,<code>inferde</code>,1,0.0003521
359,inne,<code>inne</code>,1,0.0003521
359,intinga,<code>intinga</code>,1,0.0003521
359,into,<code>into</code>,1,0.0003521
359,iohanne,<code>iohanne</code>,1,0.0003521
359,iohannem,<code>iohannem</code>,1,0.0003521
359,iosaphat,<code>iosaphat</code>,1,0.0003521
359,isenum,<code>isenum</code>,1,0.0003521
359,iudeiscum,<code>iudeiscum</code>,1,0.0003521
359,kalendas,<code>kalendas</code>,1,0.0003521
359,l&aelig;ig,<code>l&amp;ae;ig</code>,1,0.0003521
359,l&aelig;wedum,<code>l&amp;ae;wedum</code>,1,0.0003521
359,laca,<code>laca</code>,1,0.0003521
359,lange,<code>lange</code>,1,0.0003521
359,leanes,<code>leanes</code>,1,0.0003521
359,lease,<code>lease</code>,1,0.0003521
359,leasunge,<code>leasunge</code>,1,0.0003521
359,leden,<code>leden</code>,1,0.0003521
359,ledenre,<code>ledenre</code>,1,0.0003521
359,ledenspr&aelig;ce,<code>ledenspr&amp;ae;ce</code>,1,0.0003521
359,ledenum,<code>ledenum</code>,1,0.0003521
359,ledenwarum,<code>ledenwarum</code>,1,0.0003521
359,lenctenlicere,<code>lenctenlicere</code>,1,0.0003521
359,leode,<code>leode</code>,1,0.0003521
359,leodscipe,<code>leodscipe</code>,1,0.0003521
359,leof,<code>leof</code>,1,0.0003521
359,leofa&eth;,<code>leofa&amp;d;</code>,1,0.0003521
359,leofan,<code>leofan</code>,1,0.0003521
359,leofe,<code>leofe</code>,1,0.0003521
359,leofostan,<code>leofostan</code>,1,0.0003521
359,leoman,<code>leoman</code>,1,0.0003521
359,leornode,<code>leornode</code>,1,0.0003521
359,leornodon,<code>leornodon</code>,1,0.0003521
359,libanius,<code>libanius</code>,1,0.0003521
359,lichama,<code>lichama</code>,1,0.0003521
359,lichamlice,<code>lichamlice</code>,1,0.0003521
359,lichamlicum,<code>lichamlicum</code>,1,0.0003521
359,lif,<code>lif</code>,1,0.0003521
359,life,<code>life</code>,1,0.0003521
359,loca,<code>loca</code>,1,0.0003521
359,lof,<code>lof</code>,1,0.0003521
359,lofsange,<code>lofsange</code>,1,0.0003521
359,lufienne,<code>lufienne</code>,1,0.0003521
359,m&aelig;denlica,<code>m&amp;ae;denlica</code>,1,0.0003521
359,m&aelig;denlicum,<code>m&amp;ae;denlicum</code>,1,0.0003521
359,m&aelig;denum,<code>m&amp;ae;denum</code>,1,0.0003521
359,m&aelig;gnum,<code>m&amp;ae;gnum</code>,1,0.0003521
359,m&aelig;ignes,<code>m&amp;ae;ignes</code>,1,0.0003521
359,m&aelig;ra,<code>m&amp;ae;ra</code>,1,0.0003521
359,m&aelig;re,<code>m&amp;ae;re</code>,1,0.0003521
359,m&aelig;rsian,<code>m&amp;ae;rsian</code>,1,0.0003521
359,m&aelig;ssedagas,<code>m&amp;ae;ssedagas</code>,1,0.0003521
359,m&aelig;sta,<code>m&amp;ae;sta</code>,1,0.0003521
359,ma&eth;m,<code>ma&amp;d;m</code>,1,0.0003521
359,ma&eth;mas,<code>ma&amp;d;mas</code>,1,0.0003521
359,manb&aelig;re,<code>manb&amp;ae;re</code>,1,0.0003521
359,manfullan,<code>manfullan</code>,1,0.0003521
359,mannum,<code>mannum</code>,1,0.0003521
359,manr&aelig;dene,<code>manr&amp;ae;dene</code>,1,0.0003521
359,mare,<code>mare</code>,1,0.0003521
359,mari&#275;,<code>mari&amp;e;</code>,1,0.0003521
359,martyres,<code>martyres</code>,1,0.0003521
359,menige,<code>menige</code>,1,0.0003521
359,menigfeald,<code>menigfeald</code>,1,0.0003521
359,menigfealde,<code>menigfealde</code>,1,0.0003521
359,menigfealdum,<code>menigfealdum</code>,1,0.0003521
359,menniscum,<code>menniscum</code>,1,0.0003521
359,mercurium,<code>mercurium</code>,1,0.0003521
359,mercurius,<code>mercurius</code>,1,0.0003521
359,micel,<code>micel</code>,1,0.0003521
359,miceles,<code>miceles</code>,1,0.0003521
359,middaneard,<code>middaneard</code>,1,0.0003521
359,miht,<code>miht</code>,1,0.0003521
359,mihtiglice,<code>mihtiglice</code>,1,0.0003521
359,mihtilice,<code>mihtilice</code>,1,0.0003521
359,mihtum,<code>mihtum</code>,1,0.0003521
359,mildheortnys,<code>mildheortnys</code>,1,0.0003521
359,modes,<code>modes</code>,1,0.0003521
359,mu&eth;e,<code>mu&amp;d;e</code>,1,0.0003521
359,munte,<code>munte</code>,1,0.0003521
359,mynster,<code>mynster</code>,1,0.0003521
359,n&aelig;glum,<code>n&amp;ae;glum</code>,1,0.0003521
359,n&aelig;ron,<code>n&amp;ae;ron</code>,1,0.0003521
359,n&aelig;s,<code>n&amp;ae;s</code>,1,0.0003521
359,neadia&eth;,<code>neadia&amp;d;</code>,1,0.0003521
359,nextan,<code>nextan</code>,1,0.0003521
359,nihte,<code>nihte</code>,1,0.0003521
359,niwan,<code>niwan</code>,1,0.0003521
359,nyd&thorn;earfnyssum,<code>nyd&amp;t;earfnyssum</code>,1,0.0003521
359,nydde,<code>nydde</code>,1,0.0003521
359,o&eth;re,<code>o&amp;d;re</code>,1,0.0003521
359,o&eth;rum,<code>o&amp;d;rum</code>,1,0.0003521
359,o&thorn;er,<code>o&amp;t;er</code>,1,0.0003521
359,o&thorn;ere,<code>o&amp;t;ere</code>,1,0.0003521
359,o&thorn;res,<code>o&amp;t;res</code>,1,0.0003521
359,ofer&thorn;ogen,<code>ofer&amp;t;ogen</code>,1,0.0003521
359,oferstige,<code>oferstige</code>,1,0.0003521
359,ofstang,<code>ofstang</code>,1,0.0003521
359,olifeti,<code>olifeti</code>,1,0.0003521
359,oncneowon,<code>oncneowon</code>,1,0.0003521
359,onfon,<code>onfon</code>,1,0.0003521
359,ongan,<code>ongan</code>,1,0.0003521
359,onhaga&eth;,<code>onhaga&amp;d;</code>,1,0.0003521
359,open,<code>open</code>,1,0.0003521
359,orm&aelig;tum,<code>orm&amp;ae;tum</code>,1,0.0003521
359,orsorglice,<code>orsorglice</code>,1,0.0003521
359,persciscum,<code>persciscum</code>,1,0.0003521
359,perscissum,<code>perscissum</code>,1,0.0003521
359,pinunge,<code>pinunge</code>,1,0.0003521
359,preoste,<code>preoste</code>,1,0.0003521
359,preostum,<code>preostum</code>,1,0.0003521
359,r&aelig;dbora,<code>r&amp;ae;dbora</code>,1,0.0003521
359,race,<code>race</code>,1,0.0003521
359,readnysse,<code>readnysse</code>,1,0.0003521
359,recce,<code>recce</code>,1,0.0003521
359,reste,<code>reste</code>,1,0.0003521
359,ri&eth;um,<code>ri&amp;d;um</code>,1,0.0003521
359,rihtwisnysse,<code>rihtwisnysse</code>,1,0.0003521
359,rixa&eth;,<code>rixa&amp;d;</code>,1,0.0003521
359,rixie,<code>rixie</code>,1,0.0003521
359,rosam,<code>rosam</code>,1,0.0003521
359,s&aelig;don,<code>s&amp;ae;don</code>,1,0.0003521
359,s&aelig;t,<code>s&amp;ae;t</code>,1,0.0003521
359,sanct&#275;,<code>sanct&amp;e;</code>,1,0.0003521
359,sarnys,<code>sarnys</code>,1,0.0003521
359,sawul,<code>sawul</code>,1,0.0003521
359,scin&eth;,<code>scin&amp;d;</code>,1,0.0003521
359,scina&eth;,<code>scina&amp;d;</code>,1,0.0003521
359,scinendan,<code>scinendan</code>,1,0.0003521
359,sealdest,<code>sealdest</code>,1,0.0003521
359,secge,<code>secge</code>,1,0.0003521
359,seig&eth;,<code>seig&amp;d;</code>,1,0.0003521
359,selost,<code>selost</code>,1,0.0003521
359,sendan,<code>sendan</code>,1,0.0003521
359,seofon,<code>seofon</code>,1,0.0003521
359,seolfres,<code>seolfres</code>,1,0.0003521
359,septembris,<code>septembris</code>,1,0.0003521
359,setton,<code>setton</code>,1,0.0003521
359,si&eth;f&aelig;t,<code>si&amp;d;f&amp;ae;t</code>,1,0.0003521
359,si&eth;odon,<code>si&amp;d;odon</code>,1,0.0003521
359,sibbe,<code>sibbe</code>,1,0.0003521
359,sindon,<code>sindon</code>,1,0.0003521
359,singallic,<code>singallic</code>,1,0.0003521
359,singalum,<code>singalum</code>,1,0.0003521
359,sinscipe,<code>sinscipe</code>,1,0.0003521
359,sion,<code>sion</code>,1,0.0003521
359,smeagende,<code>smeagende</code>,1,0.0003521
359,smeagie,<code>smeagie</code>,1,0.0003521
359,smeagungum,<code>smeagungum</code>,1,0.0003521
359,so&eth;f&aelig;ste,<code>so&amp;d;f&amp;ae;ste</code>,1,0.0003521
359,so&eth;f&aelig;stnysse,<code>so&amp;d;f&amp;ae;stnysse</code>,1,0.0003521
359,so&eth;re,<code>so&amp;d;re</code>,1,0.0003521
359,so&thorn;re,<code>so&amp;t;re</code>,1,0.0003521
359,spere,<code>spere</code>,1,0.0003521
359,spr&aelig;ce,<code>spr&amp;ae;ce</code>,1,0.0003521
359,sprecenne,<code>sprecenne</code>,1,0.0003521
359,st&aelig;ppende,<code>st&amp;ae;ppende</code>,1,0.0003521
359,standan,<code>standan</code>,1,0.0003521
359,stangeweorce,<code>stangeweorce</code>,1,0.0003521
359,stemde,<code>stemde</code>,1,0.0003521
359,stent,<code>stent</code>,1,0.0003521
359,stod,<code>stod</code>,1,0.0003521
359,stodon,<code>stodon</code>,1,0.0003521
359,streamlicum,<code>streamlicum</code>,1,0.0003521
359,sume,<code>sume</code>,1,0.0003521
359,sumere,<code>sumere</code>,1,0.0003521
359,sumon,<code>sumon</code>,1,0.0003521
359,sumum,<code>sumum</code>,1,0.0003521
359,swetum,<code>swetum</code>,1,0.0003521
359,swilcne,<code>swilcne</code>,1,0.0003521
359,swor,<code>swor</code>,1,0.0003521
359,swurd,<code>swurd</code>,1,0.0003521
359,swutelicor,<code>swutelicor</code>,1,0.0003521
359,swutellice,<code>swutellice</code>,1,0.0003521
359,swutelre,<code>swutelre</code>,1,0.0003521
359,swyftlice,<code>swyftlice</code>,1,0.0003521
359,sylfe,<code>sylfe</code>,1,0.0003521
359,symbeld&aelig;ig,<code>symbeld&amp;ae;ig</code>,1,0.0003521
359,symle,<code>symle</code>,1,0.0003521
359,syn,<code>syn</code>,1,0.0003521
359,synful,<code>synful</code>,1,0.0003521
359,synfullan,<code>synfullan</code>,1,0.0003521
359,temples,<code>temples</code>,1,0.0003521
359,tengde,<code>tengde</code>,1,0.0003521
359,ti&thorn;ian,<code>ti&amp;t;ian</code>,1,0.0003521
359,tihtinge,<code>tihtinge</code>,1,0.0003521
359,to&thorn;undenum,<code>to&amp;t;undenum</code>,1,0.0003521
359,tobr&aelig;con,<code>tobr&amp;ae;con</code>,1,0.0003521
359,tocymes,<code>tocymes</code>,1,0.0003521
359,tod&aelig;g,<code>tod&amp;ae;g</code>,1,0.0003521
359,tod&aelig;gi,<code>tod&amp;ae;gi</code>,1,0.0003521
359,toforan,<code>toforan</code>,1,0.0003521
359,tosawen,<code>tosawen</code>,1,0.0003521
359,towurpon,<code>towurpon</code>,1,0.0003521
359,trahtbec,<code>trahtbec</code>,1,0.0003521
359,trahtbocum,<code>trahtbocum</code>,1,0.0003521
359,treowe,<code>treowe</code>,1,0.0003521
359,truman,<code>truman</code>,1,0.0003521
359,trymminge,<code>trymminge</code>,1,0.0003521
359,twa,<code>twa</code>,1,0.0003521
359,twynung,<code>twynung</code>,1,0.0003521
359,u&thorn;on,<code>u&amp;t;on</code>,1,0.0003521
359,unasecgendlic,<code>unasecgendlic</code>,1,0.0003521
359,unasecgendlice,<code>unasecgendlice</code>,1,0.0003521
359,unasecgendlicum,<code>unasecgendlicum</code>,1,0.0003521
359,unawur&eth;ia&eth;,<code>unawur&amp;d;ia&amp;d;</code>,1,0.0003521
359,undeadlican,<code>undeadlican</code>,1,0.0003521
359,undeadlicum,<code>undeadlicum</code>,1,0.0003521
359,under&thorn;eod,<code>under&amp;t;eod</code>,1,0.0003521
359,underfengon,<code>underfengon</code>,1,0.0003521
359,underfo,<code>underfo</code>,1,0.0003521
359,undergeaton,<code>undergeaton</code>,1,0.0003521
359,underwri&eth;ode,<code>underwri&amp;d;ode</code>,1,0.0003521
359,ungerime,<code>ungerime</code>,1,0.0003521
359,ungesceadwisra,<code>ungesceadwisra</code>,1,0.0003521
359,ungewemmede,<code>ungewemmede</code>,1,0.0003521
359,unr&aelig;dlice,<code>unr&amp;ae;dlice</code>,1,0.0003521
359,unrihtwisan,<code>unrihtwisan</code>,1,0.0003521
359,untwylice,<code>untwylice</code>,1,0.0003521
359,unwi&eth;metenlic,<code>unwi&amp;d;metenlic</code>,1,0.0003521
359,upf&aelig;reldes,<code>upf&amp;ae;reldes</code>,1,0.0003521
359,urum,<code>urum</code>,1,0.0003521
359,utfarende,<code>utfarende</code>,1,0.0003521
359,virginis,<code>virginis</code>,1,0.0003521
359,w&aelig;lhreowan,<code>w&amp;ae;lhreowan</code>,1,0.0003521
359,w&aelig;pmanna,<code>w&amp;ae;pmanna</code>,1,0.0003521
359,w&aelig;pna,<code>w&amp;ae;pna</code>,1,0.0003521
359,w&aelig;pne,<code>w&amp;ae;pne</code>,1,0.0003521
359,w&aelig;pnu,<code>w&amp;ae;pnu</code>,1,0.0003521
359,w&aelig;rscipe,<code>w&amp;ae;rscipe</code>,1,0.0003521
359,w&aelig;stmb&aelig;re,<code>w&amp;ae;stmb&amp;ae;re</code>,1,0.0003521
359,w&aelig;stmb&aelig;rnysse,<code>w&amp;ae;stmb&amp;ae;rnysse</code>,1,0.0003521
359,wacedon,<code>wacedon</code>,1,0.0003521
359,wealdend,<code>wealdend</code>,1,0.0003521
359,wealgstod,<code>wealgstod</code>,1,0.0003521
359,wear&thorn;,<code>wear&amp;t;</code>,1,0.0003521
359,weardsetl,<code>weardsetl</code>,1,0.0003521
359,weardsetlum,<code>weardsetlum</code>,1,0.0003521
359,wende,<code>wende</code>,1,0.0003521
359,wenon,<code>wenon</code>,1,0.0003521
359,wenst,<code>wenst</code>,1,0.0003521
359,weolc,<code>weolc</code>,1,0.0003521
359,weredum,<code>weredum</code>,1,0.0003521
359,wi&eth;cwe&thorn;e,<code>wi&amp;d;cwe&amp;t;e</code>,1,0.0003521
359,wi&eth;ersaca,<code>wi&amp;d;ersaca</code>,1,0.0003521
359,wi&eth;meten,<code>wi&amp;d;meten</code>,1,0.0003521
359,wi&thorn;ersaca,<code>wi&amp;t;ersaca</code>,1,0.0003521
359,wicode,<code>wicode</code>,1,0.0003521
359,wide,<code>wide</code>,1,0.0003521
359,wifmannum,<code>wifmannum</code>,1,0.0003521
359,willa&eth;,<code>willa&amp;d;</code>,1,0.0003521
359,wimmanna,<code>wimmanna</code>,1,0.0003521
359,witegan,<code>witegan</code>,1,0.0003521
359,wlite,<code>wlite</code>,1,0.0003521
359,wlitegan,<code>wlitegan</code>,1,0.0003521
359,wlites,<code>wlites</code>,1,0.0003521
359,wlitigre,<code>wlitigre</code>,1,0.0003521
359,wope,<code>wope</code>,1,0.0003521
359,worde,<code>worde</code>,1,0.0003521
359,wordum,<code>wordum</code>,1,0.0003521
359,woruld,<code>woruld</code>,1,0.0003521
359,worulda,<code>worulda</code>,1,0.0003521
359,worulde,<code>worulde</code>,1,0.0003521
359,wulderfulle,<code>wulderfulle</code>,1,0.0003521
359,wuldor,<code>wuldor</code>,1,0.0003521
359,wuna&eth;,<code>wuna&amp;d;</code>,1,0.0003521
359,wunderlicum,<code>wunderlicum</code>,1,0.0003521
359,wundorlic,<code>wundorlic</code>,1,0.0003521
359,wundra,<code>wundra</code>,1,0.0003521
359,wundrade,<code>wundrade</code>,1,0.0003521
359,wununga,<code>wununga</code>,1,0.0003521
359,wur&eth;fullum,<code>wur&amp;d;fullum</code>,1,0.0003521
359,wurde,<code>wurde</code>,1,0.0003521
359,wurdon,<code>wurdon</code>,1,0.0003521
359,wydewe,<code>wydewe</code>,1,0.0003521
359,wylla&eth;,<code>wylla&amp;d;</code>,1,0.0003521
359,wylle,<code>wylle</code>,1,0.0003521
359,wynsumestan,<code>wynsumestan</code>,1,0.0003521
359,wynsumlice,<code>wynsumlice</code>,1,0.0003521
359,wynsumre,<code>wynsumre</code>,1,0.0003521
359,xviii,<code>xviii</code>,1,0.0003521
359,ymbrene,<code>ymbrene</code>,1,0.0003521
359,ymbtrymed,<code>ymbtrymed</code>,1,0.0003521
359,ymbtrymedon,<code>ymbtrymedon</code>,1,0.0003521
359,ymtrymed,<code>ymtrymed</code>,1,0.0003521
359,yr&eth;lande,<code>yr&amp;d;lande</code>,1,0.0003521
