B_Prose,B01,B01.001.028_AECHom_I__26_T02350.txt,1133,789,3215
RANK,HTML WORD,RAW WORD,COUNT,RELATIVE FREQUENCY
1,&amp;,<code>&amp;amp;</code>,135,0.0419907
2,&thorn;&aelig;t,<code>&amp;t;&amp;ae;t</code>,91,0.0283048
3,he,<code>he</code>,68,0.0211509
4,on,<code>on</code>,62,0.0192846
5,mid,<code>mid</code>,57,0.0177294
5,to,<code>to</code>,57,0.0177294
7,ic,<code>ic</code>,50,0.0155521
8,&thorn;a,<code>&amp;t;a</code>,49,0.0152411
9,&thorn;e,<code>&amp;t;e</code>,48,0.0149300
10,se,<code>se</code>,46,0.0143079
11,hi,<code>hi</code>,45,0.0139969
11,his,<code>his</code>,45,0.0139969
13,&thorn;am,<code>&amp;t;am</code>,41,0.0127527
14,cw&aelig;&eth;,<code>cw&amp;ae;&amp;d;</code>,33,0.0102644
14,ne,<code>ne</code>,33,0.0102644
16,swa,<code>swa</code>,30,0.0093313
17,&eth;a,<code>&amp;d;a</code>,29,0.0090202
17,for,<code>for</code>,29,0.0090202
19,him,<code>him</code>,26,0.0080871
19,petrus,<code>petrus</code>,26,0.0080871
21,&thorn;u,<code>&amp;t;u</code>,24,0.0074650
21,is,<code>is</code>,24,0.0074650
23,&eth;e,<code>&amp;d;e</code>,20,0.0062208
24,&thorn;one,<code>&amp;t;one</code>,19,0.0059098
24,ac,<code>ac</code>,19,0.0059098
24,heora,<code>heora</code>,19,0.0059098
24,hine,<code>hine</code>,19,0.0059098
28,&thorn;&aelig;re,<code>&amp;t;&amp;ae;re</code>,18,0.0055988
29,godes,<code>godes</code>,17,0.0052877
29,hw&aelig;t,<code>hw&amp;ae;t</code>,17,0.0052877
29,me,<code>me</code>,17,0.0052877
32,&eth;u,<code>&amp;d;u</code>,16,0.0049767
32,&thorn;&aelig;s,<code>&amp;t;&amp;ae;s</code>,16,0.0049767
34,&thorn;an,<code>&amp;t;an</code>,15,0.0046656
34,nu,<code>nu</code>,15,0.0046656
36,&thorn;urh,<code>&amp;t;urh</code>,14,0.0043546
36,w&aelig;s,<code>w&amp;ae;s</code>,14,0.0043546
38,geleafan,<code>geleafan</code>,13,0.0040435
39,&thorn;&aelig;ra,<code>&amp;t;&amp;ae;ra</code>,11,0.0034215
39,dry,<code>dry</code>,11,0.0034215
39,nero,<code>nero</code>,11,0.0034215
39,sume,<code>sume</code>,11,0.0034215
43,&thorn;us,<code>&amp;t;us</code>,10,0.0031104
43,&thorn;ysum,<code>&amp;t;ysum</code>,10,0.0031104
43,folc,<code>folc</code>,10,0.0031104
43,ge,<code>ge</code>,10,0.0031104
43,ofer,<code>ofer</code>,10,0.0031104
43,sy,<code>sy</code>,10,0.0031104
43,symon,<code>symon</code>,10,0.0031104
43,w&aelig;ron,<code>w&amp;ae;ron</code>,10,0.0031104
51,&aelig;fter,<code>&amp;ae;fter</code>,9,0.0027994
51,&eth;&aelig;t,<code>&amp;d;&amp;ae;t</code>,9,0.0027994
51,drihten,<code>drihten</code>,9,0.0027994
51,eallum,<code>eallum</code>,9,0.0027994
51,h&aelig;lend,<code>h&amp;ae;lend</code>,9,0.0027994
56,crist,<code>crist</code>,8,0.0024883
56,folce,<code>folce</code>,8,0.0024883
56,mine,<code>mine</code>,8,0.0024883
56,o&eth;&eth;e,<code>o&amp;d;&amp;d;e</code>,8,0.0024883
56,sind,<code>sind</code>,8,0.0024883
56,w&aelig;re,<code>w&amp;ae;re</code>,8,0.0024883
62,&eth;&aelig;s,<code>&amp;d;&amp;ae;s</code>,7,0.0021773
62,&eth;one,<code>&amp;d;one</code>,7,0.0021773
62,andwyrde,<code>andwyrde</code>,7,0.0021773
62,buton,<code>buton</code>,7,0.0021773
62,eac,<code>eac</code>,7,0.0021773
62,eart,<code>eart</code>,7,0.0021773
62,god,<code>god</code>,7,0.0021773
62,manna,<code>manna</code>,7,0.0021773
62,of,<code>of</code>,7,0.0021773
62,petre,<code>petre</code>,7,0.0021773
62,simon,<code>simon</code>,7,0.0021773
62,wordum,<code>wordum</code>,7,0.0021773
74,&thorn;ysne,<code>&amp;t;ysne</code>,6,0.0018663
74,be,<code>be</code>,6,0.0018663
74,bi&eth;,<code>bi&amp;d;</code>,6,0.0018663
74,casere,<code>casere</code>,6,0.0018663
74,criste,<code>criste</code>,6,0.0018663
74,cwe&thorn;ende,<code>cwe&amp;t;ende</code>,6,0.0018663
74,deofles,<code>deofles</code>,6,0.0018663
74,f&aelig;der,<code>f&amp;ae;der</code>,6,0.0018663
74,gast,<code>gast</code>,6,0.0018663
74,gif,<code>gif</code>,6,0.0018663
74,gode,<code>gode</code>,6,0.0018663
74,hit,<code>hit</code>,6,0.0018663
74,lare,<code>lare</code>,6,0.0018663
74,min,<code>min</code>,6,0.0018663
74,naman,<code>naman</code>,6,0.0018663
74,seo,<code>seo</code>,6,0.0018663
74,sunu,<code>sunu</code>,6,0.0018663
74,swilce,<code>swilce</code>,6,0.0018663
74,sy&eth;&eth;an,<code>sy&amp;d;&amp;d;an</code>,6,0.0018663
74,wear&eth;,<code>wear&amp;d;</code>,6,0.0018663
94,an,<code>an</code>,5,0.0015552
94,apostola,<code>apostola</code>,5,0.0015552
94,deadan,<code>deadan</code>,5,0.0015552
94,folces,<code>folces</code>,5,0.0015552
94,gelamp,<code>gelamp</code>,5,0.0015552
94,godas,<code>godas</code>,5,0.0015552
94,halgan,<code>halgan</code>,5,0.0015552
94,heofenum,<code>heofenum</code>,5,0.0015552
94,into,<code>into</code>,5,0.0015552
94,l&aelig;rde,<code>l&amp;ae;rde</code>,5,0.0015552
94,mannum,<code>mannum</code>,5,0.0015552
94,minum,<code>minum</code>,5,0.0015552
94,nan,<code>nan</code>,5,0.0015552
94,o&eth;,<code>o&amp;d;</code>,5,0.0015552
94,ongean,<code>ongean</code>,5,0.0015552
94,paulus,<code>paulus</code>,5,0.0015552
94,petres,<code>petres</code>,5,0.0015552
94,petrum,<code>petrum</code>,5,0.0015552
94,rice,<code>rice</code>,5,0.0015552
113,&aelig;r,<code>&amp;ae;r</code>,4,0.0012442
113,&thorn;&aelig;r,<code>&amp;t;&amp;ae;r</code>,4,0.0012442
113,anre,<code>anre</code>,4,0.0012442
113,bebead,<code>bebead</code>,4,0.0012442
113,bodiende,<code>bodiende</code>,4,0.0012442
113,byrig,<code>byrig</code>,4,0.0012442
113,caseres,<code>caseres</code>,4,0.0012442
113,com,<code>com</code>,4,0.0012442
113,comon,<code>comon</code>,4,0.0012442
113,culfran,<code>culfran</code>,4,0.0012442
113,cyning,<code>cyning</code>,4,0.0012442
113,cyrcan,<code>cyrcan</code>,4,0.0012442
113,drycr&aelig;fte,<code>drycr&amp;ae;fte</code>,4,0.0012442
113,eall,<code>eall</code>,4,0.0012442
113,eow,<code>eow</code>,4,0.0012442
113,f&aelig;rlice,<code>f&amp;ae;rlice</code>,4,0.0012442
113,fet,<code>fet</code>,4,0.0012442
113,forgeaf,<code>forgeaf</code>,4,0.0012442
113,fram,<code>fram</code>,4,0.0012442
113,geond,<code>geond</code>,4,0.0012442
113,heofonlican,<code>heofonlican</code>,4,0.0012442
113,het,<code>het</code>,4,0.0012442
113,lic,<code>lic</code>,4,0.0012442
113,life,<code>life</code>,4,0.0012442
113,man,<code>man</code>,4,0.0012442
113,menn,<code>menn</code>,4,0.0012442
113,micclum,<code>micclum</code>,4,0.0012442
113,paulum,<code>paulum</code>,4,0.0012442
113,philippi,<code>philippi</code>,4,0.0012442
113,samod,<code>samod</code>,4,0.0012442
113,secge,<code>secge</code>,4,0.0012442
113,t&aelig;hte,<code>t&amp;ae;hte</code>,4,0.0012442
113,us,<code>us</code>,4,0.0012442
113,we,<code>we</code>,4,0.0012442
113,wi&eth;,<code>wi&amp;d;</code>,4,0.0012442
113,wylle,<code>wylle</code>,4,0.0012442
149,&aelig;nne,<code>&amp;ae;nne</code>,3,0.0009331
149,&eth;ysum,<code>&amp;d;ysum</code>,3,0.0009331
149,&thorn;&aelig;rrihte,<code>&amp;t;&amp;ae;rrihte</code>,3,0.0009331
149,&thorn;as,<code>&amp;t;as</code>,3,0.0009331
149,&thorn;ine,<code>&amp;t;ine</code>,3,0.0009331
149,&thorn;inum,<code>&amp;t;inum</code>,3,0.0009331
149,&thorn;is,<code>&amp;t;is</code>,3,0.0009331
149,agenum,<code>agenum</code>,3,0.0009331
149,anlicnyssa,<code>anlicnyssa</code>,3,0.0009331
149,anweald,<code>anweald</code>,3,0.0009331
149,ar&aelig;ran,<code>ar&amp;ae;ran</code>,3,0.0009331
149,astah,<code>astah</code>,3,0.0009331
149,bearn,<code>bearn</code>,3,0.0009331
149,bebeode,<code>bebeode</code>,3,0.0009331
149,befran,<code>befran</code>,3,0.0009331
149,beo,<code>beo</code>,3,0.0009331
149,beo&eth;,<code>beo&amp;d;</code>,3,0.0009331
149,bet&aelig;ce,<code>bet&amp;ae;ce</code>,3,0.0009331
149,blod,<code>blod</code>,3,0.0009331
149,cesarea,<code>cesarea</code>,3,0.0009331
149,cristes,<code>cristes</code>,3,0.0009331
149,cw&aelig;don,<code>cw&amp;ae;don</code>,3,0.0009331
149,dyde,<code>dyde</code>,3,0.0009331
149,eft,<code>eft</code>,3,0.0009331
149,englas,<code>englas</code>,3,0.0009331
149,englum,<code>englum</code>,3,0.0009331
149,eor&eth;an,<code>eor&amp;d;an</code>,3,0.0009331
149,eor&thorn;an,<code>eor&amp;t;an</code>,3,0.0009331
149,feower,<code>feower</code>,3,0.0009331
149,fl&aelig;sc,<code>fl&amp;ae;sc</code>,3,0.0009331
149,gaste,<code>gaste</code>,3,0.0009331
149,gelyfdon,<code>gelyfdon</code>,3,0.0009331
149,gesewen,<code>gesewen</code>,3,0.0009331
149,gesih&eth;e,<code>gesih&amp;d;e</code>,3,0.0009331
149,goda,<code>goda</code>,3,0.0009331
149,hellegatu,<code>hellegatu</code>,3,0.0009331
149,heofenan,<code>heofenan</code>,3,0.0009331
149,hlaf,<code>hlaf</code>,3,0.0009331
149,hu,<code>hu</code>,3,0.0009331
149,lif,<code>lif</code>,3,0.0009331
149,lifiendan,<code>lifiendan</code>,3,0.0009331
149,micelre,<code>micelre</code>,3,0.0009331
149,minne,<code>minne</code>,3,0.0009331
149,minre,<code>minre</code>,3,0.0009331
149,na,<code>na</code>,3,0.0009331
149,rices,<code>rices</code>,3,0.0009331
149,sceolde,<code>sceolde</code>,3,0.0009331
149,sege,<code>sege</code>,3,0.0009331
149,sende,<code>sende</code>,3,0.0009331
149,stane,<code>stane</code>,3,0.0009331
149,sylfne,<code>sylfne</code>,3,0.0009331
149,synd,<code>synd</code>,3,0.0009331
149,tor,<code>tor</code>,3,0.0009331
149,uppon,<code>uppon</code>,3,0.0009331
149,wende,<code>wende</code>,3,0.0009331
149,weras,<code>weras</code>,3,0.0009331
149,wolde,<code>wolde</code>,3,0.0009331
149,woldon,<code>woldon</code>,3,0.0009331
207,&aelig;t,<code>&amp;ae;t</code>,2,0.0006221
207,&aelig;teowde,<code>&amp;ae;teowde</code>,2,0.0006221
207,&aelig;tforan,<code>&amp;ae;tforan</code>,2,0.0006221
207,&aelig;wbr&aelig;cum,<code>&amp;ae;wbr&amp;ae;cum</code>,2,0.0006221
207,&eth;am,<code>&amp;d;am</code>,2,0.0006221
207,&eth;es,<code>&amp;d;es</code>,2,0.0006221
207,&thorn;en,<code>&amp;t;en</code>,2,0.0006221
207,&thorn;ence,<code>&amp;t;ence</code>,2,0.0006221
207,&thorn;i,<code>&amp;t;i</code>,2,0.0006221
207,&thorn;inne,<code>&amp;t;inne</code>,2,0.0006221
207,&thorn;inre,<code>&amp;t;inre</code>,2,0.0006221
207,&thorn;onne,<code>&amp;t;onne</code>,2,0.0006221
207,&thorn;rowunge,<code>&amp;t;rowunge</code>,2,0.0006221
207,&thorn;y,<code>&amp;t;y</code>,2,0.0006221
207,&thorn;ysre,<code>&amp;t;ysre</code>,2,0.0006221
207,&thorn;yssere,<code>&amp;t;yssere</code>,2,0.0006221
207,afylled,<code>afylled</code>,2,0.0006221
207,afyrht,<code>afyrht</code>,2,0.0006221
207,ana,<code>ana</code>,2,0.0006221
207,andetnysse,<code>andetnysse</code>,2,0.0006221
207,andwyrdon,<code>andwyrdon</code>,2,0.0006221
207,anum,<code>anum</code>,2,0.0006221
207,apostoli,<code>apostoli</code>,2,0.0006221
207,apostolorvm,<code>apostolorvm</code>,2,0.0006221
207,awende,<code>awende</code>,2,0.0006221
207,bene,<code>bene</code>,2,0.0006221
207,bep&aelig;hte,<code>bep&amp;ae;hte</code>,2,0.0006221
207,betwux,<code>betwux</code>,2,0.0006221
207,biddende,<code>biddende</code>,2,0.0006221
207,bintst,<code>bintst</code>,2,0.0006221
207,blinde,<code>blinde</code>,2,0.0006221
207,bodienne,<code>bodienne</code>,2,0.0006221
207,bodunge,<code>bodunge</code>,2,0.0006221
207,burh,<code>burh</code>,2,0.0006221
207,burhscire,<code>burhscire</code>,2,0.0006221
207,byri,<code>byri</code>,2,0.0006221
207,c&aelig;ge,<code>c&amp;ae;ge</code>,2,0.0006221
207,c&aelig;ig,<code>c&amp;ae;ig</code>,2,0.0006221
207,cw&aelig;de,<code>cw&amp;ae;de</code>,2,0.0006221
207,d&aelig;ge,<code>d&amp;ae;ge</code>,2,0.0006221
207,d&aelig;ig,<code>d&amp;ae;ig</code>,2,0.0006221
207,deadum,<code>deadum</code>,2,0.0006221
207,drihtnes,<code>drihtnes</code>,2,0.0006221
207,eadig,<code>eadig</code>,2,0.0006221
207,ealle,<code>ealle</code>,2,0.0006221
207,ealra,<code>ealra</code>,2,0.0006221
207,earmum,<code>earmum</code>,2,0.0006221
207,ecnysse,<code>ecnysse</code>,2,0.0006221
207,eom,<code>eom</code>,2,0.0006221
207,et,<code>et</code>,2,0.0006221
207,fe&thorn;e,<code>fe&amp;t;e</code>,2,0.0006221
207,fleame,<code>fleame</code>,2,0.0006221
207,fulluhtere,<code>fulluhtere</code>,2,0.0006221
207,fyrste,<code>fyrste</code>,2,0.0006221
207,gastas,<code>gastas</code>,2,0.0006221
207,ge&thorn;eodde,<code>ge&amp;t;eodde</code>,2,0.0006221
207,ge&thorn;ohtas,<code>ge&amp;t;ohtas</code>,2,0.0006221
207,geara,<code>geara</code>,2,0.0006221
207,gebealh,<code>gebealh</code>,2,0.0006221
207,gebunden,<code>gebunden</code>,2,0.0006221
207,gecorenum,<code>gecorenum</code>,2,0.0006221
207,gecweden,<code>gecweden</code>,2,0.0006221
207,gecyrre,<code>gecyrre</code>,2,0.0006221
207,geedcucod,<code>geedcucod</code>,2,0.0006221
207,gehaten,<code>gehaten</code>,2,0.0006221
207,gela&eth;unge,<code>gela&amp;d;unge</code>,2,0.0006221
207,geneal&aelig;hte,<code>geneal&amp;ae;hte</code>,2,0.0006221
207,genemned,<code>genemned</code>,2,0.0006221
207,geseah,<code>geseah</code>,2,0.0006221
207,gesetnysse,<code>gesetnysse</code>,2,0.0006221
207,getealde,<code>getealde</code>,2,0.0006221
207,getengde,<code>getengde</code>,2,0.0006221
207,getimbrod,<code>getimbrod</code>,2,0.0006221
207,getimbrode,<code>getimbrode</code>,2,0.0006221
207,godcundnysse,<code>godcundnysse</code>,2,0.0006221
207,godspellican,<code>godspellican</code>,2,0.0006221
207,h&aelig;f&eth;,<code>h&amp;ae;f&amp;d;</code>,2,0.0006221
207,h&aelig;f&thorn;,<code>h&amp;ae;f&amp;t;</code>,2,0.0006221
207,habba&eth;,<code>habba&amp;d;</code>,2,0.0006221
207,halga,<code>halga</code>,2,0.0006221
207,heafod,<code>heafod</code>,2,0.0006221
207,heahgerefan,<code>heahgerefan</code>,2,0.0006221
207,helias,<code>helias</code>,2,0.0006221
207,heofonum,<code>heofonum</code>,2,0.0006221
207,heoldon,<code>heoldon</code>,2,0.0006221
207,hieremias,<code>hieremias</code>,2,0.0006221
207,hlafordum,<code>hlafordum</code>,2,0.0006221
207,hundas,<code>hundas</code>,2,0.0006221
207,hwa,<code>hwa</code>,2,0.0006221
207,in,<code>in</code>,2,0.0006221
207,inf&aelig;r,<code>inf&amp;ae;r</code>,2,0.0006221
207,iohannes,<code>iohannes</code>,2,0.0006221
207,leasum,<code>leasum</code>,2,0.0006221
207,leng,<code>leng</code>,2,0.0006221
207,lice,<code>lice</code>,2,0.0006221
207,lichaman,<code>lichaman</code>,2,0.0006221
207,lifes,<code>lifes</code>,2,0.0006221
207,lyft,<code>lyft</code>,2,0.0006221
207,magon,<code>magon</code>,2,0.0006221
207,manode,<code>manode</code>,2,0.0006221
207,mihte,<code>mihte</code>,2,0.0006221
207,mihton,<code>mihton</code>,2,0.0006221
207,n&aelig;nne,<code>n&amp;ae;nne</code>,2,0.0006221
207,naht,<code>naht</code>,2,0.0006221
207,nanum,<code>nanum</code>,2,0.0006221
207,neawiste,<code>neawiste</code>,2,0.0006221
207,nella&eth;,<code>nella&amp;d;</code>,2,0.0006221
207,nis,<code>nis</code>,2,0.0006221
207,oncnawe,<code>oncnawe</code>,2,0.0006221
207,onwreah,<code>onwreah</code>,2,0.0006221
207,rode,<code>rode</code>,2,0.0006221
207,romana,<code>romana</code>,2,0.0006221
207,ry&eth;&eth;an,<code>ry&amp;d;&amp;d;an</code>,2,0.0006221
207,sceoldon,<code>sceoldon</code>,2,0.0006221
207,secga&eth;,<code>secga&amp;d;</code>,2,0.0006221
207,so&thorn;re,<code>so&amp;t;re</code>,2,0.0006221
207,st&aelig;nen,<code>st&amp;ae;nen</code>,2,0.0006221
207,stan,<code>stan</code>,2,0.0006221
207,stanum,<code>stanum</code>,2,0.0006221
207,stemne,<code>stemne</code>,2,0.0006221
207,styriende,<code>styriende</code>,2,0.0006221
207,sum,<code>sum</code>,2,0.0006221
207,swi&eth;e,<code>swi&amp;d;e</code>,2,0.0006221
207,synna,<code>synna</code>,2,0.0006221
207,trahtnere,<code>trahtnere</code>,2,0.0006221
207,unbunden,<code>unbunden</code>,2,0.0006221
207,underfeng,<code>underfeng</code>,2,0.0006221
207,weard,<code>weard</code>,2,0.0006221
207,wege,<code>wege</code>,2,0.0006221
207,weig,<code>weig</code>,2,0.0006221
207,weorc,<code>weorc</code>,2,0.0006221
207,wif,<code>wif</code>,2,0.0006221
207,wite,<code>wite</code>,2,0.0006221
207,witega,<code>witega</code>,2,0.0006221
207,word,<code>word</code>,2,0.0006221
207,wununge,<code>wununge</code>,2,0.0006221
207,wur&eth;mynte,<code>wur&amp;d;mynte</code>,2,0.0006221
207,wurdon,<code>wurdon</code>,2,0.0006221
345,&aelig;fterweard,<code>&amp;ae;fterweard</code>,1,0.0003110
345,&aelig;ig&thorn;er,<code>&amp;ae;ig&amp;t;er</code>,1,0.0003110
345,&aelig;lmihtig,<code>&amp;ae;lmihtig</code>,1,0.0003110
345,&aelig;lmihtiga,<code>&amp;ae;lmihtiga</code>,1,0.0003110
345,&aelig;lmihtinne,<code>&amp;ae;lmihtinne</code>,1,0.0003110
345,&aelig;rene,<code>&amp;ae;rene</code>,1,0.0003110
345,&aelig;riste,<code>&amp;ae;riste</code>,1,0.0003110
345,&aelig;tb&aelig;rst,<code>&amp;ae;tb&amp;ae;rst</code>,1,0.0003110
345,&aelig;twint,<code>&amp;ae;twint</code>,1,0.0003110
345,&aelig;twunden,<code>&amp;ae;twunden</code>,1,0.0003110
345,&aelig;we,<code>&amp;ae;we</code>,1,0.0003110
345,&eth;&aelig;r,<code>&amp;d;&amp;ae;r</code>,1,0.0003110
345,&eth;&aelig;ra,<code>&amp;d;&amp;ae;ra</code>,1,0.0003110
345,&eth;&aelig;rtogeanes,<code>&amp;d;&amp;ae;rtogeanes</code>,1,0.0003110
345,&eth;&#275;ss,<code>&amp;d;&amp;e;ss</code>,1,0.0003110
345,&eth;as,<code>&amp;d;as</code>,1,0.0003110
345,&eth;eodum,<code>&amp;d;eodum</code>,1,0.0003110
345,&eth;eowum,<code>&amp;d;eowum</code>,1,0.0003110
345,&eth;i,<code>&amp;d;i</code>,1,0.0003110
345,&eth;is,<code>&amp;d;is</code>,1,0.0003110
345,&eth;isne,<code>&amp;d;isne</code>,1,0.0003110
345,&eth;riddan,<code>&amp;d;riddan</code>,1,0.0003110
345,&eth;rowunge,<code>&amp;d;rowunge</code>,1,0.0003110
345,&eth;ysne,<code>&amp;d;ysne</code>,1,0.0003110
345,&thorn;arrihte,<code>&amp;t;arrihte</code>,1,0.0003110
345,&thorn;eah,<code>&amp;t;eah</code>,1,0.0003110
345,&thorn;eaht,<code>&amp;t;eaht</code>,1,0.0003110
345,&thorn;earfum,<code>&amp;t;earfum</code>,1,0.0003110
345,&thorn;egnas,<code>&amp;t;egnas</code>,1,0.0003110
345,&thorn;eoda,<code>&amp;t;eoda</code>,1,0.0003110
345,&thorn;eodscipe,<code>&amp;t;eodscipe</code>,1,0.0003110
345,&thorn;eodscipum,<code>&amp;t;eodscipum</code>,1,0.0003110
345,&thorn;eotende,<code>&amp;t;eotende</code>,1,0.0003110
345,&thorn;eowa,<code>&amp;t;eowa</code>,1,0.0003110
345,&thorn;eowan,<code>&amp;t;eowan</code>,1,0.0003110
345,&thorn;eowdon,<code>&amp;t;eowdon</code>,1,0.0003110
345,&thorn;eowum,<code>&amp;t;eowum</code>,1,0.0003110
345,&thorn;es,<code>&amp;t;es</code>,1,0.0003110
345,&thorn;ider,<code>&amp;t;ider</code>,1,0.0003110
345,&thorn;isne,<code>&amp;t;isne</code>,1,0.0003110
345,&thorn;isra,<code>&amp;t;isra</code>,1,0.0003110
345,&thorn;ohte,<code>&amp;t;ohte</code>,1,0.0003110
345,&thorn;olian,<code>&amp;t;olian</code>,1,0.0003110
345,&thorn;rim,<code>&amp;t;rim</code>,1,0.0003110
345,&thorn;ritteogo&eth;an,<code>&amp;t;ritteogo&amp;d;an</code>,1,0.0003110
345,&thorn;rowung,<code>&amp;t;rowung</code>,1,0.0003110
345,&thorn;wyria&eth;,<code>&amp;t;wyria&amp;d;</code>,1,0.0003110
345,&thorn;ysra,<code>&amp;t;ysra</code>,1,0.0003110
345,a,<code>a</code>,1,0.0003110
345,a&thorn;enedum,<code>a&amp;t;enedum</code>,1,0.0003110
345,abitan,<code>abitan</code>,1,0.0003110
345,ableow,<code>ableow</code>,1,0.0003110
345,ablicged,<code>ablicged</code>,1,0.0003110
345,acwella&eth;,<code>acwella&amp;d;</code>,1,0.0003110
345,acwellan,<code>acwellan</code>,1,0.0003110
345,adune,<code>adune</code>,1,0.0003110
345,adw&aelig;scan,<code>adw&amp;ae;scan</code>,1,0.0003110
345,afylle,<code>afylle</code>,1,0.0003110
345,afyllede,<code>afyllede</code>,1,0.0003110
345,afyrhte,<code>afyrhte</code>,1,0.0003110
345,agef,<code>agef</code>,1,0.0003110
345,agenre,<code>agenre</code>,1,0.0003110
345,agripina,<code>agripina</code>,1,0.0003110
345,agrippan,<code>agrippan</code>,1,0.0003110
345,ahafen,<code>ahafen</code>,1,0.0003110
345,ahon,<code>ahon</code>,1,0.0003110
345,ahreddon,<code>ahreddon</code>,1,0.0003110
345,aleat,<code>aleat</code>,1,0.0003110
345,alede,<code>alede</code>,1,0.0003110
345,alysednysse,<code>alysednysse</code>,1,0.0003110
345,amen,<code>amen</code>,1,0.0003110
345,amyrde,<code>amyrde</code>,1,0.0003110
345,amyrst,<code>amyrst</code>,1,0.0003110
345,andetst,<code>andetst</code>,1,0.0003110
345,andette,<code>andette</code>,1,0.0003110
345,andgit,<code>andgit</code>,1,0.0003110
345,andsware,<code>andsware</code>,1,0.0003110
345,andweardan,<code>andweardan</code>,1,0.0003110
345,andwerdnysse,<code>andwerdnysse</code>,1,0.0003110
345,anes,<code>anes</code>,1,0.0003110
345,anginne,<code>anginne</code>,1,0.0003110
345,anlicnysse,<code>anlicnysse</code>,1,0.0003110
345,anmodlice,<code>anmodlice</code>,1,0.0003110
345,annysse,<code>annysse</code>,1,0.0003110
345,anr&aelig;dnysse,<code>anr&amp;ae;dnysse</code>,1,0.0003110
345,antimbre,<code>antimbre</code>,1,0.0003110
345,apostol,<code>apostol</code>,1,0.0003110
345,apostolas,<code>apostolas</code>,1,0.0003110
345,apostole,<code>apostole</code>,1,0.0003110
345,apostolican,<code>apostolican</code>,1,0.0003110
345,apostolum,<code>apostolum</code>,1,0.0003110
345,ar&aelig;r,<code>ar&amp;ae;r</code>,1,0.0003110
345,ar&aelig;r&eth;,<code>ar&amp;ae;r&amp;d;</code>,1,0.0003110
345,ar&aelig;rde,<code>ar&amp;ae;rde</code>,1,0.0003110
345,ar&aelig;rdon,<code>ar&amp;ae;rdon</code>,1,0.0003110
345,ar&aelig;re,<code>ar&amp;ae;re</code>,1,0.0003110
345,aras,<code>aras</code>,1,0.0003110
345,arisan,<code>arisan</code>,1,0.0003110
345,arwur&eth;nysse,<code>arwur&amp;d;nysse</code>,1,0.0003110
345,asende,<code>asende</code>,1,0.0003110
345,asia,<code>asia</code>,1,0.0003110
345,asprang,<code>asprang</code>,1,0.0003110
345,astande,<code>astande</code>,1,0.0003110
345,astigan,<code>astigan</code>,1,0.0003110
345,astige,<code>astige</code>,1,0.0003110
345,astrecca&eth;,<code>astrecca&amp;d;</code>,1,0.0003110
345,astrehtum,<code>astrehtum</code>,1,0.0003110
345,awenda&eth;,<code>awenda&amp;d;</code>,1,0.0003110
345,awrat,<code>awrat</code>,1,0.0003110
345,awurpa&eth;,<code>awurpa&amp;d;</code>,1,0.0003110
345,awyriede,<code>awyriede</code>,1,0.0003110
345,awyriedum,<code>awyriedum</code>,1,0.0003110
345,awyrigeda,<code>awyrigeda</code>,1,0.0003110
345,awyrigedan,<code>awyrigedan</code>,1,0.0003110
345,axast,<code>axast</code>,1,0.0003110
345,b&aelig;ce,<code>b&amp;ae;ce</code>,1,0.0003110
345,b&aelig;re,<code>b&amp;ae;re</code>,1,0.0003110
345,bam,<code>bam</code>,1,0.0003110
345,bead,<code>bead</code>,1,0.0003110
345,beah,<code>beah</code>,1,0.0003110
345,bearne,<code>bearne</code>,1,0.0003110
345,bebode,<code>bebode</code>,1,0.0003110
345,bebyrian,<code>bebyrian</code>,1,0.0003110
345,becuma&eth;,<code>becuma&amp;d;</code>,1,0.0003110
345,beda,<code>beda</code>,1,0.0003110
345,bef&aelig;stest,<code>bef&amp;ae;stest</code>,1,0.0003110
345,beget,<code>beget</code>,1,0.0003110
345,behat,<code>behat</code>,1,0.0003110
345,beheafdian,<code>beheafdian</code>,1,0.0003110
345,behete,<code>behete</code>,1,0.0003110
345,bendum,<code>bendum</code>,1,0.0003110
345,benum,<code>benum</code>,1,0.0003110
345,beotlice,<code>beotlice</code>,1,0.0003110
345,bep&aelig;ce,<code>bep&amp;ae;ce</code>,1,0.0003110
345,beran,<code>beran</code>,1,0.0003110
345,berene,<code>berene</code>,1,0.0003110
345,beseah,<code>beseah</code>,1,0.0003110
345,besettan,<code>besettan</code>,1,0.0003110
345,besetton,<code>besetton</code>,1,0.0003110
345,bespr&aelig;c,<code>bespr&amp;ae;c</code>,1,0.0003110
345,bet&aelig;ht,<code>bet&amp;ae;ht</code>,1,0.0003110
345,betweonan,<code>betweonan</code>,1,0.0003110
345,bewand,<code>bewand</code>,1,0.0003110
345,bewende,<code>bewende</code>,1,0.0003110
345,bi&eth;&thorn;inia,<code>bi&amp;d;&amp;t;inia</code>,1,0.0003110
345,bidde,<code>bidde</code>,1,0.0003110
345,bigwiste,<code>bigwiste</code>,1,0.0003110
345,binnon,<code>binnon</code>,1,0.0003110
345,biscopsetl,<code>biscopsetl</code>,1,0.0003110
345,biscopum,<code>biscopum</code>,1,0.0003110
345,bletsode,<code>bletsode</code>,1,0.0003110
345,blisse,<code>blisse</code>,1,0.0003110
345,blissia&eth;,<code>blissia&amp;d;</code>,1,0.0003110
345,blissian,<code>blissian</code>,1,0.0003110
345,blissodon,<code>blissodon</code>,1,0.0003110
345,blode,<code>blode</code>,1,0.0003110
345,boda&eth;,<code>boda&amp;d;</code>,1,0.0003110
345,bodig,<code>bodig</code>,1,0.0003110
345,bodung,<code>bodung</code>,1,0.0003110
345,br&aelig;d,<code>br&amp;ae;d</code>,1,0.0003110
345,bro&thorn;or,<code>bro&amp;t;or</code>,1,0.0003110
345,bylewitnysse,<code>bylewitnysse</code>,1,0.0003110
345,byrgenum,<code>byrgenum</code>,1,0.0003110
345,bysmorful,<code>bysmorful</code>,1,0.0003110
345,bytla&eth;,<code>bytla&amp;d;</code>,1,0.0003110
345,bytlung,<code>bytlung</code>,1,0.0003110
345,caesareae,<code>caesareae</code>,1,0.0003110
345,cappadocia,<code>cappadocia</code>,1,0.0003110
345,carfullice,<code>carfullice</code>,1,0.0003110
345,ceastergewaran,<code>ceastergewaran</code>,1,0.0003110
345,cessaream,<code>cessaream</code>,1,0.0003110
345,cild,<code>cild</code>,1,0.0003110
345,cildum,<code>cildum</code>,1,0.0003110
345,clifodon,<code>clifodon</code>,1,0.0003110
345,clypa&eth;,<code>clypa&amp;d;</code>,1,0.0003110
345,clypiende,<code>clypiende</code>,1,0.0003110
345,clypode,<code>clypode</code>,1,0.0003110
345,cnapa,<code>cnapa</code>,1,0.0003110
345,cnapan,<code>cnapan</code>,1,0.0003110
345,cneowu,<code>cneowu</code>,1,0.0003110
345,cneowum,<code>cneowum</code>,1,0.0003110
345,cnihthade,<code>cnihthade</code>,1,0.0003110
345,costnunga,<code>costnunga</code>,1,0.0003110
345,cr&aelig;fte,<code>cr&amp;ae;fte</code>,1,0.0003110
345,cristendome,<code>cristendome</code>,1,0.0003110
345,cristene,<code>cristene</code>,1,0.0003110
345,cu&eth;,<code>cu&amp;d;</code>,1,0.0003110
345,cucenne,<code>cucenne</code>,1,0.0003110
345,cucu,<code>cucu</code>,1,0.0003110
345,cuman,<code>cuman</code>,1,0.0003110
345,cwe&eth;ende,<code>cwe&amp;d;ende</code>,1,0.0003110
345,cwe&thorn;a&eth;,<code>cwe&amp;t;a&amp;d;</code>,1,0.0003110
345,cweale,<code>cweale</code>,1,0.0003110
345,cwelleras,<code>cwelleras</code>,1,0.0003110
345,cwelleres,<code>cwelleres</code>,1,0.0003110
345,cwellerum,<code>cwellerum</code>,1,0.0003110
345,cwy&eth;,<code>cwy&amp;d;</code>,1,0.0003110
345,cwyddedon,<code>cwyddedon</code>,1,0.0003110
345,cwyddia&eth;,<code>cwyddia&amp;d;</code>,1,0.0003110
345,cwyddodon,<code>cwyddodon</code>,1,0.0003110
345,cwyddunga,<code>cwyddunga</code>,1,0.0003110
345,cwyst,<code>cwyst</code>,1,0.0003110
345,cyle,<code>cyle</code>,1,0.0003110
345,cym&thorn;,<code>cym&amp;t;</code>,1,0.0003110
345,cynedom,<code>cynedom</code>,1,0.0003110
345,cyninges,<code>cyninges</code>,1,0.0003110
345,cyrrcan,<code>cyrrcan</code>,1,0.0003110
345,d&aelig;dbote,<code>d&amp;ae;dbote</code>,1,0.0003110
345,dagum,<code>dagum</code>,1,0.0003110
345,de,<code>de</code>,1,0.0003110
345,de&eth;,<code>de&amp;d;</code>,1,0.0003110
345,dea&eth;,<code>dea&amp;d;</code>,1,0.0003110
345,dea&eth;e,<code>dea&amp;d;e</code>,1,0.0003110
345,deada,<code>deada</code>,1,0.0003110
345,deafe,<code>deafe</code>,1,0.0003110
345,deofla,<code>deofla</code>,1,0.0003110
345,deoflicra,<code>deoflicra</code>,1,0.0003110
345,deoflicum,<code>deoflicum</code>,1,0.0003110
345,deoflu,<code>deoflu</code>,1,0.0003110
345,deofol,<code>deofol</code>,1,0.0003110
345,deofolseoce,<code>deofolseoce</code>,1,0.0003110
345,deopnysse,<code>deopnysse</code>,1,0.0003110
345,deorwur&thorn;lice,<code>deorwur&amp;t;lice</code>,1,0.0003110
345,derian,<code>derian</code>,1,0.0003110
345,dest,<code>dest</code>,1,0.0003110
345,digelnysse,<code>digelnysse</code>,1,0.0003110
345,dihlice,<code>dihlice</code>,1,0.0003110
345,don,<code>don</code>,1,0.0003110
345,draf,<code>draf</code>,1,0.0003110
345,drohtnunga,<code>drohtnunga</code>,1,0.0003110
345,drycr&aelig;ft,<code>drycr&amp;ae;ft</code>,1,0.0003110
345,drys,<code>drys</code>,1,0.0003110
345,dumbne,<code>dumbne</code>,1,0.0003110
345,dweliendra,<code>dweliendra</code>,1,0.0003110
345,dwelode,<code>dwelode</code>,1,0.0003110
345,dwollic,<code>dwollic</code>,1,0.0003110
345,dwollice,<code>dwollice</code>,1,0.0003110
345,dydon,<code>dydon</code>,1,0.0003110
345,eagan,<code>eagan</code>,1,0.0003110
345,eal,<code>eal</code>,1,0.0003110
345,ealles,<code>ealles</code>,1,0.0003110
345,earan,<code>earan</code>,1,0.0003110
345,eare,<code>eare</code>,1,0.0003110
345,earfo&eth;nysse,<code>earfo&amp;d;nysse</code>,1,0.0003110
345,east,<code>east</code>,1,0.0003110
345,eawf&aelig;ste,<code>eawf&amp;ae;ste</code>,1,0.0003110
345,ecge,<code>ecge</code>,1,0.0003110
345,ecum,<code>ecum</code>,1,0.0003110
345,edlean,<code>edlean</code>,1,0.0003110
345,edwiste,<code>edwiste</code>,1,0.0003110
345,edwite,<code>edwite</code>,1,0.0003110
345,ege,<code>ege</code>,1,0.0003110
345,eges,<code>eges</code>,1,0.0003110
345,ehtere,<code>ehtere</code>,1,0.0003110
345,engliscum,<code>engliscum</code>,1,0.0003110
345,entum,<code>entum</code>,1,0.0003110
345,eor&eth;licum,<code>eor&amp;d;licum</code>,1,0.0003110
345,eor&eth;styrung,<code>eor&amp;d;styrung</code>,1,0.0003110
345,f&aelig;deras,<code>f&amp;ae;deras</code>,1,0.0003110
345,f&aelig;gernysse,<code>f&amp;ae;gernysse</code>,1,0.0003110
345,f&aelig;relde,<code>f&amp;ae;relde</code>,1,0.0003110
345,f&aelig;ringa,<code>f&amp;ae;ringa</code>,1,0.0003110
345,f&aelig;stan,<code>f&amp;ae;stan</code>,1,0.0003110
345,f&aelig;stum,<code>f&amp;ae;stum</code>,1,0.0003110
345,far,<code>far</code>,1,0.0003110
345,fe&thorn;errica,<code>fe&amp;t;errica</code>,1,0.0003110
345,feallende,<code>feallende</code>,1,0.0003110
345,feawum,<code>feawum</code>,1,0.0003110
345,fela,<code>fela</code>,1,0.0003110
345,felda,<code>felda</code>,1,0.0003110
345,feore,<code>feore</code>,1,0.0003110
345,ferdon,<code>ferdon</code>,1,0.0003110
345,ferede,<code>ferede</code>,1,0.0003110
345,feredon,<code>feredon</code>,1,0.0003110
345,feria&eth;,<code>feria&amp;d;</code>,1,0.0003110
345,fi&thorn;erhaman,<code>fi&amp;t;erhaman</code>,1,0.0003110
345,fif,<code>fif</code>,1,0.0003110
345,fiscere,<code>fiscere</code>,1,0.0003110
345,fisceres,<code>fisceres</code>,1,0.0003110
345,fl&aelig;sclice,<code>fl&amp;ae;sclice</code>,1,0.0003110
345,fleogan,<code>fleogan</code>,1,0.0003110
345,fleon,<code>fleon</code>,1,0.0003110
345,fleondan,<code>fleondan</code>,1,0.0003110
345,fleonde,<code>fleonde</code>,1,0.0003110
345,forb&aelig;rna&eth;,<code>forb&amp;ae;rna&amp;d;</code>,1,0.0003110
345,forb&aelig;rnan,<code>forb&amp;ae;rnan</code>,1,0.0003110
345,forbere,<code>forbere</code>,1,0.0003110
345,forbugon,<code>forbugon</code>,1,0.0003110
345,fordwinon,<code>fordwinon</code>,1,0.0003110
345,forfleon,<code>forfleon</code>,1,0.0003110
345,forgifa&eth;,<code>forgifa&amp;d;</code>,1,0.0003110
345,forgyfene,<code>forgyfene</code>,1,0.0003110
345,forgyfenys,<code>forgyfenys</code>,1,0.0003110
345,forgyfenyss,<code>forgyfenyss</code>,1,0.0003110
345,forgyfenysse,<code>forgyfenysse</code>,1,0.0003110
345,forgyldan,<code>forgyldan</code>,1,0.0003110
345,forl&aelig;ton,<code>forl&amp;ae;ton</code>,1,0.0003110
345,forleton,<code>forleton</code>,1,0.0003110
345,forlorenum,<code>forlorenum</code>,1,0.0003110
345,forlure,<code>forlure</code>,1,0.0003110
345,forscyldgod,<code>forscyldgod</code>,1,0.0003110
345,forwyrnde,<code>forwyrnde</code>,1,0.0003110
345,fotswa&eth;um,<code>fotswa&amp;d;um</code>,1,0.0003110
345,fotwelmas,<code>fotwelmas</code>,1,0.0003110
345,fr&aelig;cednyssum,<code>fr&amp;ae;cednyssum</code>,1,0.0003110
345,freondscipum,<code>freondscipum</code>,1,0.0003110
345,frofre,<code>frofre</code>,1,0.0003110
345,fullice,<code>fullice</code>,1,0.0003110
345,fulluhte,<code>fulluhte</code>,1,0.0003110
345,fylian,<code>fylian</code>,1,0.0003110
345,fylle,<code>fylle</code>,1,0.0003110
345,fynd,<code>fynd</code>,1,0.0003110
345,fyre,<code>fyre</code>,1,0.0003110
345,fyrst,<code>fyrst</code>,1,0.0003110
345,galatia,<code>galatia</code>,1,0.0003110
345,gastes,<code>gastes</code>,1,0.0003110
345,gastlicre,<code>gastlicre</code>,1,0.0003110
345,gastlicum,<code>gastlicum</code>,1,0.0003110
345,gatu,<code>gatu</code>,1,0.0003110
345,ge&thorn;afode,<code>ge&amp;t;afode</code>,1,0.0003110
345,ge&thorn;eahte,<code>ge&amp;t;eahte</code>,1,0.0003110
345,ge&thorn;eawodon,<code>ge&amp;t;eawodon</code>,1,0.0003110
345,ge&thorn;iwde,<code>ge&amp;t;iwde</code>,1,0.0003110
345,ge&thorn;uht,<code>ge&amp;t;uht</code>,1,0.0003110
345,ge&thorn;yld,<code>ge&amp;t;yld</code>,1,0.0003110
345,geandwyrdan,<code>geandwyrdan</code>,1,0.0003110
345,gear,<code>gear</code>,1,0.0003110
345,geare,<code>geare</code>,1,0.0003110
345,gearwur&eth;odon,<code>gearwur&amp;d;odon</code>,1,0.0003110
345,geaxode,<code>geaxode</code>,1,0.0003110
345,gebedda,<code>gebedda</code>,1,0.0003110
345,gebede,<code>gebede</code>,1,0.0003110
345,gebige,<code>gebige</code>,1,0.0003110
345,gebiggedum,<code>gebiggedum</code>,1,0.0003110
345,gebindan,<code>gebindan</code>,1,0.0003110
345,gebletsodan,<code>gebletsodan</code>,1,0.0003110
345,gebohte,<code>gebohte</code>,1,0.0003110
345,gebro&thorn;ru,<code>gebro&amp;t;ru</code>,1,0.0003110
345,gebrohte,<code>gebrohte</code>,1,0.0003110
345,gebunde,<code>gebunde</code>,1,0.0003110
345,gebyld,<code>gebyld</code>,1,0.0003110
345,gebytlod,<code>gebytlod</code>,1,0.0003110
345,gecampe,<code>gecampe</code>,1,0.0003110
345,gecig&eth;,<code>gecig&amp;d;</code>,1,0.0003110
345,gecigde,<code>gecigde</code>,1,0.0003110
345,gecoren,<code>gecoren</code>,1,0.0003110
345,gecwedene,<code>gecwedene</code>,1,0.0003110
345,gecwyst,<code>gecwyst</code>,1,0.0003110
345,gecyd,<code>gecyd</code>,1,0.0003110
345,gecynd,<code>gecynd</code>,1,0.0003110
345,gecyrran,<code>gecyrran</code>,1,0.0003110
345,gedafenlic,<code>gedafenlic</code>,1,0.0003110
345,gedafenode,<code>gedafenode</code>,1,0.0003110
345,gedafna&eth;,<code>gedafna&amp;d;</code>,1,0.0003110
345,gedon,<code>gedon</code>,1,0.0003110
345,gedwylde,<code>gedwylde</code>,1,0.0003110
345,gedyde,<code>gedyde</code>,1,0.0003110
345,geedcuca&eth;,<code>geedcuca&amp;d;</code>,1,0.0003110
345,geendebyrd,<code>geendebyrd</code>,1,0.0003110
345,geendunge,<code>geendunge</code>,1,0.0003110
345,gef&aelig;stnige,<code>gef&amp;ae;stnige</code>,1,0.0003110
345,gefeccan,<code>gefeccan</code>,1,0.0003110
345,gefeccon,<code>gefeccon</code>,1,0.0003110
345,gefylde,<code>gefylde</code>,1,0.0003110
345,gefylst,<code>gefylst</code>,1,0.0003110
345,geh&aelig;fte,<code>geh&amp;ae;fte</code>,1,0.0003110
345,geh&aelig;lan,<code>geh&amp;ae;lan</code>,1,0.0003110
345,geh&aelig;lde,<code>geh&amp;ae;lde</code>,1,0.0003110
345,gehealdan,<code>gehealdan</code>,1,0.0003110
345,gehealdene,<code>gehealdene</code>,1,0.0003110
345,gehw&aelig;r,<code>gehw&amp;ae;r</code>,1,0.0003110
345,gehyrsuma,<code>gehyrsuma</code>,1,0.0003110
345,gehyrsume,<code>gehyrsume</code>,1,0.0003110
345,gehyrsumedon,<code>gehyrsumedon</code>,1,0.0003110
345,gehyrsumian,<code>gehyrsumian</code>,1,0.0003110
345,gehyrte,<code>gehyrte</code>,1,0.0003110
345,gel&aelig;d,<code>gel&amp;ae;d</code>,1,0.0003110
345,gel&aelig;ddon,<code>gel&amp;ae;ddon</code>,1,0.0003110
345,gel&aelig;hton,<code>gel&amp;ae;hton</code>,1,0.0003110
345,gela&eth;ung,<code>gela&amp;d;ung</code>,1,0.0003110
345,geleaffullum,<code>geleaffullum</code>,1,0.0003110
345,gelette,<code>gelette</code>,1,0.0003110
345,gelogod,<code>gelogod</code>,1,0.0003110
345,gelumpon,<code>gelumpon</code>,1,0.0003110
345,gelyfa&eth;,<code>gelyfa&amp;d;</code>,1,0.0003110
345,gelyfeda,<code>gelyfeda</code>,1,0.0003110
345,gelyfede,<code>gelyfede</code>,1,0.0003110
345,gem&aelig;num,<code>gem&amp;ae;num</code>,1,0.0003110
345,gemynde,<code>gemynde</code>,1,0.0003110
345,gemynte,<code>gemynte</code>,1,0.0003110
345,geneal&aelig;ca&eth;,<code>geneal&amp;ae;ca&amp;d;</code>,1,0.0003110
345,geny&thorn;erod,<code>geny&amp;t;erod</code>,1,0.0003110
345,geopenian,<code>geopenian</code>,1,0.0003110
345,geopenige,<code>geopenige</code>,1,0.0003110
345,gereccan,<code>gereccan</code>,1,0.0003110
345,gereonunge,<code>gereonunge</code>,1,0.0003110
345,gereorde,<code>gereorde</code>,1,0.0003110
345,gerihtwisie,<code>gerihtwisie</code>,1,0.0003110
345,ges&aelig;t,<code>ges&amp;ae;t</code>,1,0.0003110
345,gesceafta,<code>gesceafta</code>,1,0.0003110
345,gesceaftum,<code>gesceaftum</code>,1,0.0003110
345,gesceop,<code>gesceop</code>,1,0.0003110
345,gescop,<code>gescop</code>,1,0.0003110
345,gescyldnysse,<code>gescyldnysse</code>,1,0.0003110
345,geseon,<code>geseon</code>,1,0.0003110
345,gesette,<code>gesette</code>,1,0.0003110
345,gesih&thorn;e,<code>gesih&amp;t;e</code>,1,0.0003110
345,gesmi&eth;od,<code>gesmi&amp;d;od</code>,1,0.0003110
345,gesohte,<code>gesohte</code>,1,0.0003110
345,gestilde,<code>gestilde</code>,1,0.0003110
345,geswutela&eth;,<code>geswutela&amp;d;</code>,1,0.0003110
345,geswutelode,<code>geswutelode</code>,1,0.0003110
345,get,<code>get</code>,1,0.0003110
345,gete,<code>gete</code>,1,0.0003110
345,geti&eth;od,<code>geti&amp;d;od</code>,1,0.0003110
345,geti&thorn;od,<code>geti&amp;t;od</code>,1,0.0003110
345,geti&thorn;odon,<code>geti&amp;t;odon</code>,1,0.0003110
345,getigde,<code>getigde</code>,1,0.0003110
345,getimbrie,<code>getimbrie</code>,1,0.0003110
345,getimbrunga,<code>getimbrunga</code>,1,0.0003110
345,getreowlice,<code>getreowlice</code>,1,0.0003110
345,geunnen,<code>geunnen</code>,1,0.0003110
345,gewear&eth;,<code>gewear&amp;d;</code>,1,0.0003110
345,gewende,<code>gewende</code>,1,0.0003110
345,gewis,<code>gewis</code>,1,0.0003110
345,gewitna&eth;,<code>gewitna&amp;d;</code>,1,0.0003110
345,gewitnysse,<code>gewitnysse</code>,1,0.0003110
345,gewrecon,<code>gewrecon</code>,1,0.0003110
345,geyhte,<code>geyhte</code>,1,0.0003110
345,gife,<code>gife</code>,1,0.0003110
345,gingran,<code>gingran</code>,1,0.0003110
345,git,<code>git</code>,1,0.0003110
345,gleawlice,<code>gleawlice</code>,1,0.0003110
345,godcundlice,<code>godcundlice</code>,1,0.0003110
345,godcundnyss,<code>godcundnyss</code>,1,0.0003110
345,godspel,<code>godspel</code>,1,0.0003110
345,godspelle,<code>godspelle</code>,1,0.0003110
345,godspellere,<code>godspellere</code>,1,0.0003110
345,grecas,<code>grecas</code>,1,0.0003110
345,grundweal,<code>grundweal</code>,1,0.0003110
345,grundwealle,<code>grundwealle</code>,1,0.0003110
345,gylden,<code>gylden</code>,1,0.0003110
345,gyldene,<code>gyldene</code>,1,0.0003110
345,gyt,<code>gyt</code>,1,0.0003110
345,h&aelig;&eth;enre,<code>h&amp;ae;&amp;d;enre</code>,1,0.0003110
345,h&aelig;&thorn;ene,<code>h&amp;ae;&amp;t;ene</code>,1,0.0003110
345,h&aelig;&thorn;enra,<code>h&amp;ae;&amp;t;enra</code>,1,0.0003110
345,h&aelig;bbe,<code>h&amp;ae;bbe</code>,1,0.0003110
345,h&aelig;fde,<code>h&amp;ae;fde</code>,1,0.0003110
345,h&aelig;fdon,<code>h&amp;ae;fdon</code>,1,0.0003110
345,h&aelig;lendes,<code>h&amp;ae;lendes</code>,1,0.0003110
345,h&aelig;se,<code>h&amp;ae;se</code>,1,0.0003110
345,h&aelig;teru,<code>h&amp;ae;teru</code>,1,0.0003110
345,habban,<code>habban</code>,1,0.0003110
345,hade,<code>hade</code>,1,0.0003110
345,hadum,<code>hadum</code>,1,0.0003110
345,hafenleaste,<code>hafenleaste</code>,1,0.0003110
345,halgum,<code>halgum</code>,1,0.0003110
345,haligne,<code>haligne</code>,1,0.0003110
345,halsige,<code>halsige</code>,1,0.0003110
345,halwendum,<code>halwendum</code>,1,0.0003110
345,ham,<code>ham</code>,1,0.0003110
345,handa,<code>handa</code>,1,0.0003110
345,handgeweorc,<code>handgeweorc</code>,1,0.0003110
345,hangie,<code>hangie</code>,1,0.0003110
345,harwenge,<code>harwenge</code>,1,0.0003110
345,hat,<code>hat</code>,1,0.0003110
345,hatode,<code>hatode</code>,1,0.0003110
345,heahne,<code>heahne</code>,1,0.0003110
345,healda&eth;,<code>healda&amp;d;</code>,1,0.0003110
345,healdan,<code>healdan</code>,1,0.0003110
345,healf,<code>healf</code>,1,0.0003110
345,healte,<code>healte</code>,1,0.0003110
345,heannysse,<code>heannysse</code>,1,0.0003110
345,hellegrunde,<code>hellegrunde</code>,1,0.0003110
345,hellewite,<code>hellewite</code>,1,0.0003110
345,hellican,<code>hellican</code>,1,0.0003110
345,heo,<code>heo</code>,1,0.0003110
345,heofenas,<code>heofenas</code>,1,0.0003110
345,heofenlica,<code>heofenlica</code>,1,0.0003110
345,heortan,<code>heortan</code>,1,0.0003110
345,hetelicor,<code>hetelicor</code>,1,0.0003110
345,hierusalem,<code>hierusalem</code>,1,0.0003110
345,hiht,<code>hiht</code>,1,0.0003110
345,hiredcnihtas,<code>hiredcnihtas</code>,1,0.0003110
345,hirede,<code>hirede</code>,1,0.0003110
345,hiw,<code>hiw</code>,1,0.0003110
345,hlaford,<code>hlaford</code>,1,0.0003110
345,hlafordas,<code>hlafordas</code>,1,0.0003110
345,hlihende,<code>hlihende</code>,1,0.0003110
345,hluddre,<code>hluddre</code>,1,0.0003110
345,hlyste,<code>hlyste</code>,1,0.0003110
345,hosp,<code>hosp</code>,1,0.0003110
345,hra&thorn;e,<code>hra&amp;t;e</code>,1,0.0003110
345,hreawes,<code>hreawes</code>,1,0.0003110
345,hreosan,<code>hreosan</code>,1,0.0003110
345,hreosende,<code>hreosende</code>,1,0.0003110
345,hrymde,<code>hrymde</code>,1,0.0003110
345,hryst,<code>hryst</code>,1,0.0003110
345,hund,<code>hund</code>,1,0.0003110
345,hunde,<code>hunde</code>,1,0.0003110
345,hundlice,<code>hundlice</code>,1,0.0003110
345,hundum,<code>hundum</code>,1,0.0003110
345,hungre,<code>hungre</code>,1,0.0003110
345,hwi,<code>hwi</code>,1,0.0003110
345,hwile,<code>hwile</code>,1,0.0003110
345,hwiltidum,<code>hwiltidum</code>,1,0.0003110
345,hyrdelease,<code>hyrdelease</code>,1,0.0003110
345,iesus,<code>iesus</code>,1,0.0003110
345,iherusalem,<code>iherusalem</code>,1,0.0003110
345,iii,<code>iii</code>,1,0.0003110
345,iliricum,<code>iliricum</code>,1,0.0003110
345,innon,<code>innon</code>,1,0.0003110
345,inwerdlice,<code>inwerdlice</code>,1,0.0003110
345,italia,<code>italia</code>,1,0.0003110
345,ivlii,<code>ivlii</code>,1,0.0003110
345,kalendas,<code>kalendas</code>,1,0.0003110
345,katacumbas,<code>katacumbas</code>,1,0.0003110
345,l&aelig;da&eth;,<code>l&amp;ae;da&amp;d;</code>,1,0.0003110
345,l&aelig;dan,<code>l&amp;ae;dan</code>,1,0.0003110
345,l&aelig;rdest,<code>l&amp;ae;rdest</code>,1,0.0003110
345,l&aelig;rende,<code>l&amp;ae;rende</code>,1,0.0003110
345,l&aelig;s,<code>l&amp;ae;s</code>,1,0.0003110
345,la,<code>la</code>,1,0.0003110
345,lange,<code>lange</code>,1,0.0003110
345,langum,<code>langum</code>,1,0.0003110
345,lar,<code>lar</code>,1,0.0003110
345,leahtras,<code>leahtras</code>,1,0.0003110
345,leasan,<code>leasan</code>,1,0.0003110
345,leases,<code>leases</code>,1,0.0003110
345,leasra,<code>leasra</code>,1,0.0003110
345,leodscipum,<code>leodscipum</code>,1,0.0003110
345,leof,<code>leof</code>,1,0.0003110
345,leofa,<code>leofa</code>,1,0.0003110
345,leornode,<code>leornode</code>,1,0.0003110
345,li&thorn;e,<code>li&amp;t;e</code>,1,0.0003110
345,libia,<code>libia</code>,1,0.0003110
345,liflicra,<code>liflicra</code>,1,0.0003110
345,lima,<code>lima</code>,1,0.0003110
345,lof,<code>lof</code>,1,0.0003110
345,lofsangum,<code>lofsangum</code>,1,0.0003110
345,lotwrencum,<code>lotwrencum</code>,1,0.0003110
345,lufedon,<code>lufedon</code>,1,0.0003110
345,lufodon,<code>lufodon</code>,1,0.0003110
345,lybbende,<code>lybbende</code>,1,0.0003110
345,lyfiendan,<code>lyfiendan</code>,1,0.0003110
345,lyfte,<code>lyfte</code>,1,0.0003110
345,lyhst,<code>lyhst</code>,1,0.0003110
345,lyre,<code>lyre</code>,1,0.0003110
345,lytle,<code>lytle</code>,1,0.0003110
345,m&aelig;ig,<code>m&amp;ae;ig</code>,1,0.0003110
345,m&aelig;ig&eth;,<code>m&amp;ae;ig&amp;d;</code>,1,0.0003110
345,m&aelig;iglicere,<code>m&amp;ae;iglicere</code>,1,0.0003110
345,m&aelig;r&thorn;a,<code>m&amp;ae;r&amp;t;a</code>,1,0.0003110
345,m&aelig;ssepreostum,<code>m&amp;ae;ssepreostum</code>,1,0.0003110
345,manega,<code>manega</code>,1,0.0003110
345,manegum,<code>manegum</code>,1,0.0003110
345,manfullan,<code>manfullan</code>,1,0.0003110
345,manfullic,<code>manfullic</code>,1,0.0003110
345,mansumunge,<code>mansumunge</code>,1,0.0003110
345,martyrdomes,<code>martyrdomes</code>,1,0.0003110
345,matheus,<code>matheus</code>,1,0.0003110
345,medeman,<code>medeman</code>,1,0.0003110
345,meder,<code>meder</code>,1,0.0003110
345,men,<code>men</code>,1,0.0003110
345,menniscre,<code>menniscre</code>,1,0.0003110
345,merien,<code>merien</code>,1,0.0003110
345,metes,<code>metes</code>,1,0.0003110
345,micel,<code>micel</code>,1,0.0003110
345,micele,<code>micele</code>,1,0.0003110
345,middaneardes,<code>middaneardes</code>,1,0.0003110
345,mihta,<code>mihta</code>,1,0.0003110
345,miltsiende,<code>miltsiende</code>,1,0.0003110
345,mines,<code>mines</code>,1,0.0003110
345,mislicum,<code>mislicum</code>,1,0.0003110
345,mode,<code>mode</code>,1,0.0003110
345,mon&thorn;as,<code>mon&amp;t;as</code>,1,0.0003110
345,monan,<code>monan</code>,1,0.0003110
345,moste,<code>moste</code>,1,0.0003110
345,moston,<code>moston</code>,1,0.0003110
345,mot,<code>mot</code>,1,0.0003110
345,mu&eth;,<code>mu&amp;d;</code>,1,0.0003110
345,mundboran,<code>mundboran</code>,1,0.0003110
345,mynegungum,<code>mynegungum</code>,1,0.0003110
345,n&aelig;ddran,<code>n&amp;ae;ddran</code>,1,0.0003110
345,n&aelig;f&eth;,<code>n&amp;ae;f&amp;d;</code>,1,0.0003110
345,n&aelig;fde,<code>n&amp;ae;fde</code>,1,0.0003110
345,n&aelig;s,<code>n&amp;ae;s</code>,1,0.0003110
345,na&thorn;or,<code>na&amp;t;or</code>,1,0.0003110
345,nast,<code>nast</code>,1,0.0003110
345,nat,<code>nat</code>,1,0.0003110
345,nerone,<code>nerone</code>,1,0.0003110
345,noldon,<code>noldon</code>,1,0.0003110
345,ny&thorn;er,<code>ny&amp;t;er</code>,1,0.0003110
345,nys,<code>nys</code>,1,0.0003110
345,nyste,<code>nyste</code>,1,0.0003110
345,o&eth;er,<code>o&amp;d;er</code>,1,0.0003110
345,o&eth;erne,<code>o&amp;d;erne</code>,1,0.0003110
345,o&eth;scyt,<code>o&amp;d;scyt</code>,1,0.0003110
345,o&thorn;er,<code>o&amp;t;er</code>,1,0.0003110
345,o&thorn;erne,<code>o&amp;t;erne</code>,1,0.0003110
345,o&thorn;rum,<code>o&amp;t;rum</code>,1,0.0003110
345,oferswi&thorn;de,<code>oferswi&amp;t;de</code>,1,0.0003110
345,ofste,<code>ofste</code>,1,0.0003110
345,oftogen,<code>oftogen</code>,1,0.0003110
345,ofunnon,<code>ofunnon</code>,1,0.0003110
345,onbyrige,<code>onbyrige</code>,1,0.0003110
345,oncnawa&eth;,<code>oncnawa&amp;d;</code>,1,0.0003110
345,ondr&aelig;de,<code>ondr&amp;ae;de</code>,1,0.0003110
345,ondr&aelig;dst,<code>ondr&amp;ae;dst</code>,1,0.0003110
345,onette,<code>onette</code>,1,0.0003110
345,onfo,<code>onfo</code>,1,0.0003110
345,onfo&eth;,<code>onfo&amp;d;</code>,1,0.0003110
345,ongan,<code>ongan</code>,1,0.0003110
345,onhofon,<code>onhofon</code>,1,0.0003110
345,onwrigenysse,<code>onwrigenysse</code>,1,0.0003110
345,onwrih&eth;,<code>onwrih&amp;d;</code>,1,0.0003110
345,orm&aelig;tne,<code>orm&amp;ae;tne</code>,1,0.0003110
345,orm&aelig;tum,<code>orm&amp;ae;tum</code>,1,0.0003110
345,partes,<code>partes</code>,1,0.0003110
345,passio,<code>passio</code>,1,0.0003110
345,passione,<code>passione</code>,1,0.0003110
345,paule,<code>paule</code>,1,0.0003110
345,paules,<code>paules</code>,1,0.0003110
345,pavli,<code>pavli</code>,1,0.0003110
345,petri,<code>petri</code>,1,0.0003110
345,philippus,<code>philippus</code>,1,0.0003110
345,r&aelig;ddon,<code>r&amp;ae;ddon</code>,1,0.0003110
345,r&aelig;dinge,<code>r&amp;ae;dinge</code>,1,0.0003110
345,r&aelig;sdon,<code>r&amp;ae;sdon</code>,1,0.0003110
345,race,<code>race</code>,1,0.0003110
345,regol,<code>regol</code>,1,0.0003110
345,reliqua,<code>reliqua</code>,1,0.0003110
345,rican,<code>rican</code>,1,0.0003110
345,rihtan,<code>rihtan</code>,1,0.0003110
345,rihtwisne,<code>rihtwisne</code>,1,0.0003110
345,rixode,<code>rixode</code>,1,0.0003110
345,rodehencgene,<code>rodehencgene</code>,1,0.0003110
345,romaniscan,<code>romaniscan</code>,1,0.0003110
345,romanisce,<code>romanisce</code>,1,0.0003110
345,romebyri,<code>romebyri</code>,1,0.0003110
345,s&aelig;don,<code>s&amp;ae;don</code>,1,0.0003110
345,sawle,<code>sawle</code>,1,0.0003110
345,sceal,<code>sceal</code>,1,0.0003110
345,sceame,<code>sceame</code>,1,0.0003110
345,scep,<code>scep</code>,1,0.0003110
345,scortre,<code>scortre</code>,1,0.0003110
345,scrude,<code>scrude</code>,1,0.0003110
345,sendest,<code>sendest</code>,1,0.0003110
345,seofon,<code>seofon</code>,1,0.0003110
345,sige,<code>sige</code>,1,0.0003110
345,sigef&aelig;ste,<code>sigef&amp;ae;ste</code>,1,0.0003110
345,siges,<code>siges</code>,1,0.0003110
345,simones,<code>simones</code>,1,0.0003110
345,slyfum,<code>slyfum</code>,1,0.0003110
345,sme&thorn;um,<code>sme&amp;t;um</code>,1,0.0003110
345,so&eth;,<code>so&amp;d;</code>,1,0.0003110
345,so&eth;an,<code>so&amp;d;an</code>,1,0.0003110
345,so&eth;f&aelig;stnys,<code>so&amp;d;f&amp;ae;stnys</code>,1,0.0003110
345,so&eth;lice,<code>so&amp;d;lice</code>,1,0.0003110
345,so&thorn;a,<code>so&amp;t;a</code>,1,0.0003110
345,sona,<code>sona</code>,1,0.0003110
345,spr&aelig;c,<code>spr&amp;ae;c</code>,1,0.0003110
345,sprece,<code>sprece</code>,1,0.0003110
345,st&aelig;p&eth;,<code>st&amp;ae;p&amp;d;</code>,1,0.0003110
345,stana,<code>stana</code>,1,0.0003110
345,steore,<code>steore</code>,1,0.0003110
345,sticca,<code>sticca</code>,1,0.0003110
345,sticcu,<code>sticcu</code>,1,0.0003110
345,sticcum,<code>sticcum</code>,1,0.0003110
345,sticm&aelig;lum,<code>sticm&amp;ae;lum</code>,1,0.0003110
345,stowa,<code>stowa</code>,1,0.0003110
345,stowe,<code>stowe</code>,1,0.0003110
345,strenc&eth;e,<code>strenc&amp;d;e</code>,1,0.0003110
345,strenc&thorn;e,<code>strenc&amp;t;e</code>,1,0.0003110
345,styrigende,<code>styrigende</code>,1,0.0003110
345,sumne,<code>sumne</code>,1,0.0003110
345,suna,<code>suna</code>,1,0.0003110
345,sunderspr&aelig;ce,<code>sunderspr&amp;ae;ce</code>,1,0.0003110
345,sunnan,<code>sunnan</code>,1,0.0003110
345,swunge,<code>swunge</code>,1,0.0003110
345,swurdes,<code>swurdes</code>,1,0.0003110
345,swutelice,<code>swutelice</code>,1,0.0003110
345,sylf,<code>sylf</code>,1,0.0003110
345,sylfren,<code>sylfren</code>,1,0.0003110
345,sylfrene,<code>sylfrene</code>,1,0.0003110
345,symone,<code>symone</code>,1,0.0003110
345,symones,<code>symones</code>,1,0.0003110
345,synderlice,<code>synderlice</code>,1,0.0003110
345,synfullan,<code>synfullan</code>,1,0.0003110
345,synfullum,<code>synfullum</code>,1,0.0003110
345,syrwia&eth;,<code>syrwia&amp;d;</code>,1,0.0003110
345,syx,<code>syx</code>,1,0.0003110
345,tacnum,<code>tacnum</code>,1,0.0003110
345,teah,<code>teah</code>,1,0.0003110
345,ti&eth;e,<code>ti&amp;d;e</code>,1,0.0003110
345,tiberii,<code>tiberii</code>,1,0.0003110
345,tihtinge,<code>tihtinge</code>,1,0.0003110
345,timbrie,<code>timbrie</code>,1,0.0003110
345,to&eth;,<code>to&amp;d;</code>,1,0.0003110
345,tob&aelig;rst,<code>tob&amp;ae;rst</code>,1,0.0003110
345,tobr&aelig;c,<code>tobr&amp;ae;c</code>,1,0.0003110
345,tocnawe,<code>tocnawe</code>,1,0.0003110
345,tod&aelig;ig,<code>tod&amp;ae;ig</code>,1,0.0003110
345,tod&aelig;lde,<code>tod&amp;ae;lde</code>,1,0.0003110
345,todr&aelig;fan,<code>todr&amp;ae;fan</code>,1,0.0003110
345,tog&aelig;dere,<code>tog&amp;ae;dere</code>,1,0.0003110
345,togeanes,<code>togeanes</code>,1,0.0003110
345,tot&aelig;r,<code>tot&amp;ae;r</code>,1,0.0003110
345,tot&aelig;ron,<code>tot&amp;ae;ron</code>,1,0.0003110
345,tw&aelig;minge,<code>tw&amp;ae;minge</code>,1,0.0003110
345,twam,<code>twam</code>,1,0.0003110
345,twegra,<code>twegra</code>,1,0.0003110
345,twentig,<code>twentig</code>,1,0.0003110
345,tyn,<code>tyn</code>,1,0.0003110
345,uenit,<code>uenit</code>,1,0.0003110
345,unbindan,<code>unbindan</code>,1,0.0003110
345,unbinst,<code>unbinst</code>,1,0.0003110
345,unbintst,<code>unbintst</code>,1,0.0003110
345,uncu&eth;e,<code>uncu&amp;d;e</code>,1,0.0003110
345,under,<code>under</code>,1,0.0003110
345,underbeah,<code>underbeah</code>,1,0.0003110
345,understentst,<code>understentst</code>,1,0.0003110
345,ungerim,<code>ungerim</code>,1,0.0003110
345,ungesewenlicne,<code>ungesewenlicne</code>,1,0.0003110
345,ungrapiende,<code>ungrapiende</code>,1,0.0003110
345,untigde,<code>untigde</code>,1,0.0003110
345,untod&aelig;ledlice,<code>untod&amp;ae;ledlice</code>,1,0.0003110
345,untrume,<code>untrume</code>,1,0.0003110
345,untwylice,<code>untwylice</code>,1,0.0003110
345,up,<code>up</code>,1,0.0003110
345,upstie,<code>upstie</code>,1,0.0003110
345,upstige,<code>upstige</code>,1,0.0003110
345,ure,<code>ure</code>,1,0.0003110
345,w&aelig;fersyne,<code>w&amp;ae;fersyne</code>,1,0.0003110
345,w&aelig;lhreowa,<code>w&amp;ae;lhreowa</code>,1,0.0003110
345,w&aelig;lhreowan,<code>w&amp;ae;lhreowan</code>,1,0.0003110
345,weallas,<code>weallas</code>,1,0.0003110
345,wear&thorn;,<code>wear&amp;t;</code>,1,0.0003110
345,wearde,<code>wearde</code>,1,0.0003110
345,welan,<code>welan</code>,1,0.0003110
345,wenan,<code>wenan</code>,1,0.0003110
345,wenda&eth;,<code>wenda&amp;d;</code>,1,0.0003110
345,wene,<code>wene</code>,1,0.0003110
345,weorcum,<code>weorcum</code>,1,0.0003110
345,wer,<code>wer</code>,1,0.0003110
345,wera,<code>wera</code>,1,0.0003110
345,were,<code>were</code>,1,0.0003110
345,wi&eth;ersaca,<code>wi&amp;d;ersaca</code>,1,0.0003110
345,wi&eth;ersacan,<code>wi&amp;d;ersacan</code>,1,0.0003110
345,wi&eth;erwinnan,<code>wi&amp;d;erwinnan</code>,1,0.0003110
345,wi&thorn;&aelig;rwinna,<code>wi&amp;t;&amp;ae;rwinna</code>,1,0.0003110
345,wi&thorn;erwinna,<code>wi&amp;t;erwinna</code>,1,0.0003110
345,wife,<code>wife</code>,1,0.0003110
345,wilt,<code>wilt</code>,1,0.0003110
345,wimmannes,<code>wimmannes</code>,1,0.0003110
345,winna&eth;,<code>winna&amp;d;</code>,1,0.0003110
345,wisdom,<code>wisdom</code>,1,0.0003110
345,witegena,<code>witegena</code>,1,0.0003110
345,witum,<code>witum</code>,1,0.0003110
345,wlitige,<code>wlitige</code>,1,0.0003110
345,worhte,<code>worhte</code>,1,0.0003110
345,woruld,<code>woruld</code>,1,0.0003110
345,woruldmen,<code>woruldmen</code>,1,0.0003110
345,woruldmenn,<code>woruldmenn</code>,1,0.0003110
345,wrec&eth;,<code>wrec&amp;d;</code>,1,0.0003110
345,wuda,<code>wuda</code>,1,0.0003110
345,wuldor,<code>wuldor</code>,1,0.0003110
345,wuldre,<code>wuldre</code>,1,0.0003110
345,wulf,<code>wulf</code>,1,0.0003110
345,wulfas,<code>wulfas</code>,1,0.0003110
345,wundra,<code>wundra</code>,1,0.0003110
345,wundrum,<code>wundrum</code>,1,0.0003110
345,wunia&eth;,<code>wunia&amp;d;</code>,1,0.0003110
345,wur&eth;a&eth;,<code>wur&amp;d;a&amp;d;</code>,1,0.0003110
345,wur&eth;ion,<code>wur&amp;d;ion</code>,1,0.0003110
345,wur&eth;mynt,<code>wur&amp;d;mynt</code>,1,0.0003110
345,wur&thorn;odon,<code>wur&amp;t;odon</code>,1,0.0003110
345,wurde,<code>wurde</code>,1,0.0003110
345,wydewan,<code>wydewan</code>,1,0.0003110
345,wylla&eth;,<code>wylla&amp;d;</code>,1,0.0003110
345,wyr&thorn;e,<code>wyr&amp;t;e</code>,1,0.0003110
345,wyrsta,<code>wyrsta</code>,1,0.0003110
345,wyt,<code>wyt</code>,1,0.0003110
345,yfel,<code>yfel</code>,1,0.0003110
345,ylca,<code>ylca</code>,1,0.0003110
345,ylcan,<code>ylcan</code>,1,0.0003110
345,ymbe,<code>ymbe</code>,1,0.0003110
345,yrn,<code>yrn</code>,1,0.0003110
