B_Prose,B01,B01.001.022_AECHom_I__20_T02290.txt,780,461,3396
RANK,HTML WORD,RAW WORD,COUNT,RELATIVE FREQUENCY
1,&amp;,<code>&amp;amp;</code>,186,0.0547703
2,se,<code>se</code>,114,0.0335689
3,is,<code>is</code>,109,0.0320966
4,he,<code>he</code>,98,0.0288575
5,on,<code>on</code>,75,0.0220848
6,f&aelig;der,<code>f&amp;ae;der</code>,68,0.0200236
7,&thorn;&aelig;t,<code>&amp;t;&amp;ae;t</code>,60,0.0176678
8,ne,<code>ne</code>,55,0.0161955
9,god,<code>god</code>,49,0.0144287
9,his,<code>his</code>,49,0.0144287
11,&thorn;am,<code>&amp;t;am</code>,45,0.0132509
11,swa,<code>swa</code>,45,0.0132509
13,of,<code>of</code>,43,0.0126620
13,sunu,<code>sunu</code>,43,0.0126620
15,an,<code>an</code>,39,0.0114841
16,ac,<code>ac</code>,38,0.0111896
17,&aelig;fre,<code>&amp;ae;fre</code>,36,0.0106007
18,gast,<code>gast</code>,35,0.0103062
19,&thorn;e,<code>&amp;t;e</code>,34,0.0100118
20,&eth;e,<code>&amp;d;e</code>,30,0.0088339
20,&thorn;a,<code>&amp;t;a</code>,30,0.0088339
22,for,<code>for</code>,29,0.0085395
22,hi,<code>hi</code>,29,0.0085395
24,mid,<code>mid</code>,26,0.0076561
25,halga,<code>halga</code>,23,0.0067727
26,bi&eth;,<code>bi&amp;d;</code>,22,0.0064782
26,na,<code>na</code>,22,0.0064782
28,nis,<code>nis</code>,21,0.0061837
29,him,<code>him</code>,20,0.0058893
29,nan,<code>nan</code>,20,0.0058893
31,&thorn;urh,<code>&amp;t;urh</code>,19,0.0055948
31,seo,<code>seo</code>,19,0.0055948
31,to,<code>to</code>,19,0.0055948
31,w&aelig;s,<code>w&amp;ae;s</code>,19,0.0055948
31,we,<code>we</code>,19,0.0055948
36,&thorn;onne,<code>&amp;t;onne</code>,18,0.0053004
36,ealle,<code>ealle</code>,18,0.0053004
36,heo,<code>heo</code>,18,0.0053004
39,&thorn;&aelig;re,<code>&amp;t;&amp;ae;re</code>,17,0.0050059
39,buton,<code>buton</code>,17,0.0050059
41,&thorn;&aelig;s,<code>&amp;t;&amp;ae;s</code>,16,0.0047114
41,&thorn;an,<code>&amp;t;an</code>,16,0.0047114
41,&thorn;ing,<code>&amp;t;ing</code>,16,0.0047114
41,be,<code>be</code>,16,0.0047114
41,ge,<code>ge</code>,16,0.0047114
41,h&aelig;f&eth;,<code>h&amp;ae;f&amp;d;</code>,16,0.0047114
41,man,<code>man</code>,16,0.0047114
48,&eth;&aelig;t,<code>&amp;d;&amp;ae;t</code>,15,0.0044170
48,godes,<code>godes</code>,15,0.0044170
50,&eth;a,<code>&amp;d;a</code>,14,0.0041225
51,hire,<code>hire</code>,13,0.0038280
51,nu,<code>nu</code>,13,0.0038280
53,&thorn;one,<code>&amp;t;one</code>,12,0.0035336
53,&thorn;u,<code>&amp;t;u</code>,12,0.0035336
53,cw&aelig;&eth;,<code>cw&amp;ae;&amp;d;</code>,12,0.0035336
53,eac,<code>eac</code>,12,0.0035336
53,halgan,<code>halgan</code>,12,0.0035336
53,heora,<code>heora</code>,12,0.0035336
53,hine,<code>hine</code>,12,0.0035336
60,&aelig;lmihtig,<code>&amp;ae;lmihtig</code>,11,0.0032391
60,godcundnysse,<code>godcundnysse</code>,11,0.0032391
60,o&eth;&eth;e,<code>o&amp;d;&amp;d;e</code>,11,0.0032391
60,wisdom,<code>wisdom</code>,11,0.0032391
64,acenned,<code>acenned</code>,10,0.0029446
64,crist,<code>crist</code>,10,0.0029446
64,suna,<code>suna</code>,10,0.0029446
64,willa,<code>willa</code>,10,0.0029446
68,&thorn;rynnysse,<code>&amp;t;rynnysse</code>,9,0.0026502
68,beon,<code>beon</code>,9,0.0026502
68,geleafan,<code>geleafan</code>,9,0.0026502
68,halig,<code>halig</code>,9,0.0026502
68,lufu,<code>lufu</code>,9,0.0026502
68,o&eth;er,<code>o&amp;d;er</code>,9,0.0026502
68,sind,<code>sind</code>,9,0.0026502
75,&eth;u,<code>&amp;d;u</code>,8,0.0023557
75,&thorn;i,<code>&amp;t;i</code>,8,0.0023557
75,eft,<code>eft</code>,8,0.0023557
75,gesceop,<code>gesceop</code>,8,0.0023557
75,gode,<code>gode</code>,8,0.0023557
75,hu,<code>hu</code>,8,0.0023557
75,lichaman,<code>lichaman</code>,8,0.0023557
75,wolde,<code>wolde</code>,8,0.0023557
83,&eth;am,<code>&amp;d;am</code>,7,0.0020612
83,eallum,<code>eallum</code>,7,0.0020612
83,g&aelig;&eth;,<code>g&amp;ae;&amp;d;</code>,7,0.0020612
83,gelyfan,<code>gelyfan</code>,7,0.0020612
83,gesceaft,<code>gesceaft</code>,7,0.0020612
83,gif,<code>gif</code>,7,0.0020612
83,hit,<code>hit</code>,7,0.0020612
83,sawul,<code>sawul</code>,7,0.0020612
83,sceal,<code>sceal</code>,7,0.0020612
83,sunnan,<code>sunnan</code>,7,0.0020612
93,&aelig;lc,<code>&amp;ae;lc</code>,6,0.0017668
93,&eth;&aelig;re,<code>&amp;d;&amp;ae;re</code>,6,0.0017668
93,&eth;&aelig;s,<code>&amp;d;&amp;ae;s</code>,6,0.0017668
93,&eth;ing,<code>&amp;d;ing</code>,6,0.0017668
93,&thorn;as,<code>&amp;t;as</code>,6,0.0017668
93,&thorn;ry,<code>&amp;t;ry</code>,6,0.0017668
93,anlicnysse,<code>anlicnysse</code>,6,0.0017668
93,beorhtnys,<code>beorhtnys</code>,6,0.0017668
93,eall,<code>eall</code>,6,0.0017668
93,eallswa,<code>eallswa</code>,6,0.0017668
93,habba&eth;,<code>habba&amp;d;</code>,6,0.0017668
93,hw&aelig;t,<code>hw&amp;ae;t</code>,6,0.0017668
93,m&aelig;g,<code>m&amp;ae;g</code>,6,0.0017668
93,scyppend,<code>scyppend</code>,6,0.0017668
93,so&eth;,<code>so&amp;d;</code>,6,0.0017668
93,sylf,<code>sylf</code>,6,0.0017668
93,understandan,<code>understandan</code>,6,0.0017668
93,ure,<code>ure</code>,6,0.0017668
93,w&aelig;re,<code>w&amp;ae;re</code>,6,0.0017668
112,&aelig;r,<code>&amp;ae;r</code>,5,0.0014723
112,&aelig;t,<code>&amp;ae;t</code>,5,0.0014723
112,&eth;i,<code>&amp;d;i</code>,5,0.0014723
112,&thorn;eahhw&aelig;&eth;ere,<code>&amp;t;eahhw&amp;ae;&amp;d;ere</code>,5,0.0014723
112,ane,<code>ane</code>,5,0.0014723
112,ealne,<code>ealne</code>,5,0.0014723
112,efenece,<code>efenece</code>,5,0.0014723
112,gesceapen,<code>gesceapen</code>,5,0.0014723
112,h&aelig;tu,<code>h&amp;ae;tu</code>,5,0.0014723
112,hw&aelig;&thorn;ere,<code>hw&amp;ae;&amp;t;ere</code>,5,0.0014723
112,hwa,<code>hwa</code>,5,0.0014723
112,mage,<code>mage</code>,5,0.0014723
112,mannes,<code>mannes</code>,5,0.0014723
112,mihte,<code>mihte</code>,5,0.0014723
112,o&thorn;rum,<code>o&amp;t;rum</code>,5,0.0014723
112,sawle,<code>sawle</code>,5,0.0014723
112,sceolon,<code>sceolon</code>,5,0.0014723
112,so&eth;lice,<code>so&amp;d;lice</code>,5,0.0014723
112,tog&aelig;dere,<code>tog&amp;ae;dere</code>,5,0.0014723
112,us,<code>us</code>,5,0.0014723
132,&aelig;ghw&aelig;r,<code>&amp;ae;ghw&amp;ae;r</code>,4,0.0011779
132,&aelig;tg&aelig;dere,<code>&amp;ae;tg&amp;ae;dere</code>,4,0.0011779
132,&eth;one,<code>&amp;d;one</code>,4,0.0011779
132,&thorn;&aelig;r,<code>&amp;t;&amp;ae;r</code>,4,0.0011779
132,&thorn;us,<code>&amp;t;us</code>,4,0.0011779
132,ana,<code>ana</code>,4,0.0011779
132,andgit,<code>andgit</code>,4,0.0011779
132,annysse,<code>annysse</code>,4,0.0011779
132,anre,<code>anre</code>,4,0.0011779
132,beo&eth;,<code>beo&amp;d;</code>,4,0.0011779
132,beorhtnysse,<code>beorhtnysse</code>,4,0.0011779
132,eow,<code>eow</code>,4,0.0011779
132,fram,<code>fram</code>,4,0.0011779
132,gaste,<code>gaste</code>,4,0.0011779
132,geearnungum,<code>geearnungum</code>,4,0.0011779
132,gelic,<code>gelic</code>,4,0.0011779
132,lif,<code>lif</code>,4,0.0011779
132,magon,<code>magon</code>,4,0.0011779
132,mannum,<code>mannum</code>,4,0.0011779
132,mare,<code>mare</code>,4,0.0011779
132,men,<code>men</code>,4,0.0011779
132,miht,<code>miht</code>,4,0.0011779
132,n&aelig;fre,<code>n&amp;ae;fre</code>,4,0.0011779
132,nahwar,<code>nahwar</code>,4,0.0011779
132,nanum,<code>nanum</code>,4,0.0011779
132,sylfne,<code>sylfne</code>,4,0.0011779
132,sylfum,<code>sylfum</code>,4,0.0011779
132,weorc,<code>weorc</code>,4,0.0011779
132,wite,<code>wite</code>,4,0.0011779
132,word,<code>word</code>,4,0.0011779
132,wyrc&eth;,<code>wyrc&amp;d;</code>,4,0.0011779
132,ymbe,<code>ymbe</code>,4,0.0011779
164,&aelig;g&eth;er,<code>&amp;ae;g&amp;d;er</code>,3,0.0008834
164,&aelig;lcum,<code>&amp;ae;lcum</code>,3,0.0008834
164,&aelig;rest,<code>&amp;ae;rest</code>,3,0.0008834
164,&eth;as,<code>&amp;d;as</code>,3,0.0008834
164,&eth;onne,<code>&amp;d;onne</code>,3,0.0008834
164,&eth;reo,<code>&amp;d;reo</code>,3,0.0008834
164,&eth;ry,<code>&amp;d;ry</code>,3,0.0008834
164,&thorn;&aelig;ra,<code>&amp;t;&amp;ae;ra</code>,3,0.0008834
164,&thorn;eahhw&aelig;&thorn;ere,<code>&amp;t;eahhw&amp;ae;&amp;t;ere</code>,3,0.0008834
164,&thorn;reo,<code>&amp;t;reo</code>,3,0.0008834
164,&thorn;rynnyss,<code>&amp;t;rynnyss</code>,3,0.0008834
164,acennednysse,<code>acennednysse</code>,3,0.0008834
164,and,<code>and</code>,3,0.0008834
164,angin,<code>angin</code>,3,0.0008834
164,anginn,<code>anginn</code>,3,0.0008834
164,biscop,<code>biscop</code>,3,0.0008834
164,credan,<code>credan</code>,3,0.0008834
164,cw&aelig;don,<code>cw&amp;ae;don</code>,3,0.0008834
164,eald,<code>eald</code>,3,0.0008834
164,ealra,<code>ealra</code>,3,0.0008834
164,ece,<code>ece</code>,3,0.0008834
164,edwist,<code>edwist</code>,3,0.0008834
164,folc,<code>folc</code>,3,0.0008834
164,fyr,<code>fyr</code>,3,0.0008834
164,fyre,<code>fyre</code>,3,0.0008834
164,gecynd,<code>gecynd</code>,3,0.0008834
164,gedwola,<code>gedwola</code>,3,0.0008834
164,gedwolman,<code>gedwolman</code>,3,0.0008834
164,gelice,<code>gelice</code>,3,0.0008834
164,gelyfa&eth;,<code>gelyfa&amp;d;</code>,3,0.0008834
164,gemynd,<code>gemynd</code>,3,0.0008834
164,gesceafta,<code>gesceafta</code>,3,0.0008834
164,gesihst,<code>gesihst</code>,3,0.0008834
164,geworht,<code>geworht</code>,3,0.0008834
164,geworhte,<code>geworhte</code>,3,0.0008834
164,godas,<code>godas</code>,3,0.0008834
164,heortan,<code>heortan</code>,3,0.0008834
164,hw&aelig;&eth;ere,<code>hw&amp;ae;&amp;d;ere</code>,3,0.0008834
164,ic,<code>ic</code>,3,0.0008834
164,l&aelig;sse,<code>l&amp;ae;sse</code>,3,0.0008834
164,leoman,<code>leoman</code>,3,0.0008834
164,life,<code>life</code>,3,0.0008834
164,mancyn,<code>mancyn</code>,3,0.0008834
164,manna,<code>manna</code>,3,0.0008834
164,ofslogon,<code>ofslogon</code>,3,0.0008834
164,onliht,<code>onliht</code>,3,0.0008834
164,pater,<code>pater</code>,3,0.0008834
164,sindon,<code>sindon</code>,3,0.0008834
164,synna,<code>synna</code>,3,0.0008834
164,untod&aelig;ledlice,<code>untod&amp;ae;ledlice</code>,3,0.0008834
164,uton,<code>uton</code>,3,0.0008834
164,wear&eth;,<code>wear&amp;d;</code>,3,0.0008834
164,willan,<code>willan</code>,3,0.0008834
164,worhte,<code>worhte</code>,3,0.0008834
164,wundra,<code>wundra</code>,3,0.0008834
164,wuniende,<code>wuniende</code>,3,0.0008834
164,wyrcende,<code>wyrcende</code>,3,0.0008834
164,ylcan,<code>ylcan</code>,3,0.0008834
222,&aelig;fter,<code>&amp;ae;fter</code>,2,0.0005889
222,&aelig;lcere,<code>&amp;ae;lcere</code>,2,0.0005889
222,&aelig;lces,<code>&amp;ae;lces</code>,2,0.0005889
222,&aelig;lmihtiga,<code>&amp;ae;lmihtiga</code>,2,0.0005889
222,&eth;eah,<code>&amp;d;eah</code>,2,0.0005889
222,&eth;eahhw&aelig;&eth;ere,<code>&amp;d;eahhw&amp;ae;&amp;d;ere</code>,2,0.0005889
222,&thorn;eah,<code>&amp;t;eah</code>,2,0.0005889
222,&thorn;reora,<code>&amp;t;reora</code>,2,0.0005889
222,&thorn;rowunge,<code>&amp;t;rowunge</code>,2,0.0005889
222,&thorn;rynnys,<code>&amp;t;rynnys</code>,2,0.0005889
222,&thorn;urhwuna&eth;,<code>&amp;t;urhwuna&amp;d;</code>,2,0.0005889
222,a,<code>a</code>,2,0.0005889
222,acen&eth;,<code>acen&amp;d;</code>,2,0.0005889
222,alexander,<code>alexander</code>,2,0.0005889
222,alysednysse,<code>alysednysse</code>,2,0.0005889
222,anginne,<code>anginne</code>,2,0.0005889
222,anum,<code>anum</code>,2,0.0005889
222,asent,<code>asent</code>,2,0.0005889
222,awriten,<code>awriten</code>,2,0.0005889
222,bearn,<code>bearn</code>,2,0.0005889
222,beforan,<code>beforan</code>,2,0.0005889
222,begra,<code>begra</code>,2,0.0005889
222,beheald,<code>beheald</code>,2,0.0005889
222,belimp&eth;,<code>belimp&amp;d;</code>,2,0.0005889
222,bysne,<code>bysne</code>,2,0.0005889
222,cristen,<code>cristen</code>,2,0.0005889
222,cristes,<code>cristes</code>,2,0.0005889
222,de&eth;,<code>de&amp;d;</code>,2,0.0005889
222,dea&eth;e,<code>dea&amp;d;e</code>,2,0.0005889
222,efeneald,<code>efeneald</code>,2,0.0005889
222,englas,<code>englas</code>,2,0.0005889
222,fela,<code>fela</code>,2,0.0005889
222,for&eth;st&aelig;ppende,<code>for&amp;d;st&amp;ae;ppende</code>,2,0.0005889
222,forgeaf,<code>forgeaf</code>,2,0.0005889
222,forwyrhte,<code>forwyrhte</code>,2,0.0005889
222,fullice,<code>fullice</code>,2,0.0005889
222,gan,<code>gan</code>,2,0.0005889
222,ge&thorn;afode,<code>ge&amp;t;afode</code>,2,0.0005889
222,geboren,<code>geboren</code>,2,0.0005889
222,gecynde,<code>gecynde</code>,2,0.0005889
222,gedwylde,<code>gedwylde</code>,2,0.0005889
222,gehaten,<code>gehaten</code>,2,0.0005889
222,gehwa,<code>gehwa</code>,2,0.0005889
222,gehyran,<code>gehyran</code>,2,0.0005889
222,gehyred,<code>gehyred</code>,2,0.0005889
222,gehyrst,<code>gehyrst</code>,2,0.0005889
222,geleafa,<code>geleafa</code>,2,0.0005889
222,gemete,<code>gemete</code>,2,0.0005889
222,gescop,<code>gescop</code>,2,0.0005889
222,gescyp&eth;,<code>gescyp&amp;d;</code>,2,0.0005889
222,gestrynde,<code>gestrynde</code>,2,0.0005889
222,getele,<code>getele</code>,2,0.0005889
222,getrymman,<code>getrymman</code>,2,0.0005889
222,godum,<code>godum</code>,2,0.0005889
222,h&aelig;tan,<code>h&amp;ae;tan</code>,2,0.0005889
222,habban,<code>habban</code>,2,0.0005889
222,halige,<code>halige</code>,2,0.0005889
222,hatte,<code>hatte</code>,2,0.0005889
222,hefe,<code>hefe</code>,2,0.0005889
222,hellewite,<code>hellewite</code>,2,0.0005889
222,hylt,<code>hylt</code>,2,0.0005889
222,iudeisce,<code>iudeisce</code>,2,0.0005889
222,leoma,<code>leoma</code>,2,0.0005889
222,lufast,<code>lufast</code>,2,0.0005889
222,m&aelig;dene,<code>m&amp;ae;dene</code>,2,0.0005889
222,m&aelig;ge,<code>m&amp;ae;ge</code>,2,0.0005889
222,mannan,<code>mannan</code>,2,0.0005889
222,marian,<code>marian</code>,2,0.0005889
222,me,<code>me</code>,2,0.0005889
222,meder,<code>meder</code>,2,0.0005889
222,menniscnysse,<code>menniscnysse</code>,2,0.0005889
222,mihtig,<code>mihtig</code>,2,0.0005889
222,n&aelig;f&eth;,<code>n&amp;ae;f&amp;d;</code>,2,0.0005889
222,naman,<code>naman</code>,2,0.0005889
222,nanes,<code>nanes</code>,2,0.0005889
222,neb,<code>neb</code>,2,0.0005889
222,noster,<code>noster</code>,2,0.0005889
222,nytenu,<code>nytenu</code>,2,0.0005889
222,o&thorn;er,<code>o&amp;t;er</code>,2,0.0005889
222,ongan,<code>ongan</code>,2,0.0005889
222,sceawast,<code>sceawast</code>,2,0.0005889
222,scin&eth;,<code>scin&amp;d;</code>,2,0.0005889
222,sprecan,<code>sprecan</code>,2,0.0005889
222,sy,<code>sy</code>,2,0.0005889
222,sy&eth;&eth;an,<code>sy&amp;d;&amp;d;an</code>,2,0.0005889
222,tod&aelig;led,<code>tod&amp;ae;led</code>,2,0.0005889
222,totw&aelig;mede,<code>totw&amp;ae;mede</code>,2,0.0005889
222,twyn,<code>twyn</code>,2,0.0005889
222,unasecgendlic,<code>unasecgendlic</code>,2,0.0005889
222,underfeng,<code>underfeng</code>,2,0.0005889
222,understent,<code>understent</code>,2,0.0005889
222,untod&aelig;ledlic,<code>untod&amp;ae;ledlic</code>,2,0.0005889
222,urum,<code>urum</code>,2,0.0005889
222,w&aelig;ron,<code>w&amp;ae;ron</code>,2,0.0005889
222,wile,<code>wile</code>,2,0.0005889
222,wuldor,<code>wuldor</code>,2,0.0005889
222,wundrum,<code>wundrum</code>,2,0.0005889
222,wylla&eth;,<code>wylla&amp;d;</code>,2,0.0005889
320,&aelig;g&thorn;er,<code>&amp;ae;g&amp;t;er</code>,1,0.0002945
320,&aelig;lmihti,<code>&amp;ae;lmihti</code>,1,0.0002945
320,&aelig;lmihtigan,<code>&amp;ae;lmihtigan</code>,1,0.0002945
320,&aelig;lmihtige,<code>&amp;ae;lmihtige</code>,1,0.0002945
320,&aelig;lmihtigum,<code>&amp;ae;lmihtigum</code>,1,0.0002945
320,&aelig;nig,<code>&amp;ae;nig</code>,1,0.0002945
320,&aelig;riste,<code>&amp;ae;riste</code>,1,0.0002945
320,&aelig;rnemerigen,<code>&amp;ae;rnemerigen</code>,1,0.0002945
320,&aelig;ror,<code>&amp;ae;ror</code>,1,0.0002945
320,&eth;&aelig;r,<code>&amp;d;&amp;ae;r</code>,1,0.0002945
320,&eth;&aelig;ra,<code>&amp;d;&amp;ae;ra</code>,1,0.0002945
320,&eth;an,<code>&amp;d;an</code>,1,0.0002945
320,&eth;ingum,<code>&amp;d;ingum</code>,1,0.0002945
320,&eth;isne,<code>&amp;d;isne</code>,1,0.0002945
320,&eth;isum,<code>&amp;d;isum</code>,1,0.0002945
320,&eth;reora,<code>&amp;d;reora</code>,1,0.0002945
320,&eth;rim,<code>&amp;d;rim</code>,1,0.0002945
320,&eth;rynnys,<code>&amp;d;rynnys</code>,1,0.0002945
320,&eth;rynnysse,<code>&amp;d;rynnysse</code>,1,0.0002945
320,&eth;us,<code>&amp;d;us</code>,1,0.0002945
320,&thorn;&aelig;rrihte,<code>&amp;t;&amp;ae;rrihte</code>,1,0.0002945
320,&thorn;&aelig;tte,<code>&amp;t;&amp;ae;tte</code>,1,0.0002945
320,&thorn;ancie,<code>&amp;t;ancie</code>,1,0.0002945
320,&thorn;eos,<code>&amp;t;eos</code>,1,0.0002945
320,&thorn;es,<code>&amp;t;es</code>,1,0.0002945
320,&thorn;inga,<code>&amp;t;inga</code>,1,0.0002945
320,&thorn;ridde,<code>&amp;t;ridde</code>,1,0.0002945
320,&thorn;rowigende,<code>&amp;t;rowigende</code>,1,0.0002945
320,&thorn;ryfeald,<code>&amp;t;ryfeald</code>,1,0.0002945
320,&thorn;uhte,<code>&amp;t;uhte</code>,1,0.0002945
320,&thorn;urhwuniende,<code>&amp;t;urhwuniende</code>,1,0.0002945
320,&thorn;y,<code>&amp;t;y</code>,1,0.0002945
320,&thorn;yssere,<code>&amp;t;yssere</code>,1,0.0002945
320,&thorn;ysum,<code>&amp;t;ysum</code>,1,0.0002945
320,abuton,<code>abuton</code>,1,0.0002945
320,adam,<code>adam</code>,1,0.0002945
320,afanda&eth;,<code>afanda&amp;d;</code>,1,0.0002945
320,agen,<code>agen</code>,1,0.0002945
320,agenne,<code>agenne</code>,1,0.0002945
320,agennyssa,<code>agennyssa</code>,1,0.0002945
320,agenum,<code>agenum</code>,1,0.0002945
320,alotene,<code>alotene</code>,1,0.0002945
320,alysan,<code>alysan</code>,1,0.0002945
320,alysede,<code>alysede</code>,1,0.0002945
320,amen,<code>amen</code>,1,0.0002945
320,andet,<code>andet</code>,1,0.0002945
320,andwerdnys,<code>andwerdnys</code>,1,0.0002945
320,antimber,<code>antimber</code>,1,0.0002945
320,antimbre,<code>antimbre</code>,1,0.0002945
320,apostol,<code>apostol</code>,1,0.0002945
320,apostolas,<code>apostolas</code>,1,0.0002945
320,apostolum,<code>apostolum</code>,1,0.0002945
320,ar&aelig;rde,<code>ar&amp;ae;rde</code>,1,0.0002945
320,areccan,<code>areccan</code>,1,0.0002945
320,arisan,<code>arisan</code>,1,0.0002945
320,arrium,<code>arrium</code>,1,0.0002945
320,arrius,<code>arrius</code>,1,0.0002945
320,ascuna&eth;,<code>ascuna&amp;d;</code>,1,0.0002945
320,asecgan,<code>asecgan</code>,1,0.0002945
320,asendan,<code>asendan</code>,1,0.0002945
320,asende,<code>asende</code>,1,0.0002945
320,aslide,<code>aslide</code>,1,0.0002945
320,asmeagan,<code>asmeagan</code>,1,0.0002945
320,aspring&eth;,<code>aspring&amp;d;</code>,1,0.0002945
320,astih&eth;,<code>astih&amp;d;</code>,1,0.0002945
320,augustinus,<code>augustinus</code>,1,0.0002945
320,awent,<code>awent</code>,1,0.0002945
320,aydlod,<code>aydlod</code>,1,0.0002945
320,b&aelig;ftan,<code>b&amp;ae;ftan</code>,1,0.0002945
320,bam,<code>bam</code>,1,0.0002945
320,banum,<code>banum</code>,1,0.0002945
320,becym&eth;,<code>becym&amp;d;</code>,1,0.0002945
320,befangen,<code>befangen</code>,1,0.0002945
320,befoon,<code>befoon</code>,1,0.0002945
320,begeat,<code>begeat</code>,1,0.0002945
320,behofa&eth;,<code>behofa&amp;d;</code>,1,0.0002945
320,behreowsa&eth;,<code>behreowsa&amp;d;</code>,1,0.0002945
320,behydan,<code>behydan</code>,1,0.0002945
320,beigra,<code>beigra</code>,1,0.0002945
320,beohtnys,<code>beohtnys</code>,1,0.0002945
320,beohtnysse,<code>beohtnysse</code>,1,0.0002945
320,beorhtnyss,<code>beorhtnyss</code>,1,0.0002945
320,bep&aelig;ce,<code>bep&amp;ae;ce</code>,1,0.0002945
320,beset,<code>beset</code>,1,0.0002945
320,bet,<code>bet</code>,1,0.0002945
320,betwux,<code>betwux</code>,1,0.0002945
320,bigleofan,<code>bigleofan</code>,1,0.0002945
320,biscope,<code>biscope</code>,1,0.0002945
320,blinde,<code>blinde</code>,1,0.0002945
320,blissige,<code>blissige</code>,1,0.0002945
320,bosme,<code>bosme</code>,1,0.0002945
320,breden,<code>breden</code>,1,0.0002945
320,bro&eth;ru,<code>bro&amp;d;ru</code>,1,0.0002945
320,byrgene,<code>byrgene</code>,1,0.0002945
320,byrgenum,<code>byrgenum</code>,1,0.0002945
320,bysmorlic,<code>bysmorlic</code>,1,0.0002945
320,caseres,<code>caseres</code>,1,0.0002945
320,catholica,<code>catholica</code>,1,0.0002945
320,cild,<code>cild</code>,1,0.0002945
320,cl&aelig;nan,<code>cl&amp;ae;nan</code>,1,0.0002945
320,cl&aelig;nsa&eth;,<code>cl&amp;ae;nsa&amp;d;</code>,1,0.0002945
320,cla&eth;,<code>cla&amp;d;</code>,1,0.0002945
320,clypode,<code>clypode</code>,1,0.0002945
320,com,<code>com</code>,1,0.0002945
320,comon,<code>comon</code>,1,0.0002945
320,cuma&eth;,<code>cuma&amp;d;</code>,1,0.0002945
320,cunnan,<code>cunnan</code>,1,0.0002945
320,cwyst,<code>cwyst</code>,1,0.0002945
320,cy&eth;,<code>cy&amp;d;</code>,1,0.0002945
320,cym&eth;,<code>cym&amp;d;</code>,1,0.0002945
320,cyrcan,<code>cyrcan</code>,1,0.0002945
320,cyre,<code>cyre</code>,1,0.0002945
320,d&aelig;da,<code>d&amp;ae;da</code>,1,0.0002945
320,d&aelig;le,<code>d&amp;ae;le</code>,1,0.0002945
320,de,<code>de</code>,1,0.0002945
320,dea&eth;,<code>dea&amp;d;</code>,1,0.0002945
320,dead,<code>dead</code>,1,0.0002945
320,deadan,<code>deadan</code>,1,0.0002945
320,deadlice,<code>deadlice</code>,1,0.0002945
320,deadum,<code>deadum</code>,1,0.0002945
320,deafe,<code>deafe</code>,1,0.0002945
320,dem,<code>dem</code>,1,0.0002945
320,deofol,<code>deofol</code>,1,0.0002945
320,deor,<code>deor</code>,1,0.0002945
320,digele,<code>digele</code>,1,0.0002945
320,dihte,<code>dihte</code>,1,0.0002945
320,dom,<code>dom</code>,1,0.0002945
320,domesd&aelig;ge,<code>domesd&amp;ae;ge</code>,1,0.0002945
320,don,<code>don</code>,1,0.0002945
320,drig&eth;,<code>drig&amp;d;</code>,1,0.0002945
320,drihtne,<code>drihtne</code>,1,0.0002945
320,dumbe,<code>dumbe</code>,1,0.0002945
320,eal,<code>eal</code>,1,0.0002945
320,ealda&eth;,<code>ealda&amp;d;</code>,1,0.0002945
320,eallra,<code>eallra</code>,1,0.0002945
320,ealre,<code>ealre</code>,1,0.0002945
320,earde,<code>earde</code>,1,0.0002945
320,eardia&eth;,<code>eardia&amp;d;</code>,1,0.0002945
320,eardum,<code>eardum</code>,1,0.0002945
320,earmingas,<code>earmingas</code>,1,0.0002945
320,ecan,<code>ecan</code>,1,0.0002945
320,ecnysse,<code>ecnysse</code>,1,0.0002945
320,edlean,<code>edlean</code>,1,0.0002945
320,edwiste,<code>edwiste</code>,1,0.0002945
320,efne,<code>efne</code>,1,0.0002945
320,eom,<code>eom</code>,1,0.0002945
320,eor&eth;an,<code>eor&amp;d;an</code>,1,0.0002945
320,eor&eth;e,<code>eor&amp;d;e</code>,1,0.0002945
320,eor&thorn;an,<code>eor&amp;t;an</code>,1,0.0002945
320,fadunge,<code>fadunge</code>,1,0.0002945
320,fare,<code>fare</code>,1,0.0002945
320,feria,<code>feria</code>,1,0.0002945
320,fide,<code>fide</code>,1,0.0002945
320,fintst,<code>fintst</code>,1,0.0002945
320,fixas,<code>fixas</code>,1,0.0002945
320,fl&aelig;sce,<code>fl&amp;ae;sce</code>,1,0.0002945
320,flat,<code>flat</code>,1,0.0002945
320,folces,<code>folces</code>,1,0.0002945
320,for&eth;,<code>for&amp;d;</code>,1,0.0002945
320,forbih&eth;,<code>forbih&amp;d;</code>,1,0.0002945
320,forbugan,<code>forbugan</code>,1,0.0002945
320,forbuge,<code>forbuge</code>,1,0.0002945
320,forwear&eth;,<code>forwear&amp;d;</code>,1,0.0002945
320,freatewunge,<code>freatewunge</code>,1,0.0002945
320,froforgast,<code>froforgast</code>,1,0.0002945
320,fugelas,<code>fugelas</code>,1,0.0002945
320,fulluhte,<code>fulluhte</code>,1,0.0002945
320,fultum,<code>fultum</code>,1,0.0002945
320,fultumes,<code>fultumes</code>,1,0.0002945
320,fur&eth;on,<code>fur&amp;d;on</code>,1,0.0002945
320,fur&thorn;on,<code>fur&amp;t;on</code>,1,0.0002945
320,g&aelig;rs,<code>g&amp;ae;rs</code>,1,0.0002945
320,gang,<code>gang</code>,1,0.0002945
320,gange,<code>gange</code>,1,0.0002945
320,gastas,<code>gastas</code>,1,0.0002945
320,ge&aelig;mtogod,<code>ge&amp;ae;mtogod</code>,1,0.0002945
320,ge&thorn;afa,<code>ge&amp;t;afa</code>,1,0.0002945
320,ge&thorn;eaht,<code>ge&amp;t;eaht</code>,1,0.0002945
320,ge&thorn;enc&eth;,<code>ge&amp;t;enc&amp;d;</code>,1,0.0002945
320,ge&thorn;ohtas,<code>ge&amp;t;ohtas</code>,1,0.0002945
320,gebet,<code>gebet</code>,1,0.0002945
320,gebiddan,<code>gebiddan</code>,1,0.0002945
320,gebigan,<code>gebigan</code>,1,0.0002945
320,gecuman,<code>gecuman</code>,1,0.0002945
320,gecweden,<code>gecweden</code>,1,0.0002945
320,gecy&eth;nysse,<code>gecy&amp;d;nysse</code>,1,0.0002945
320,gedon,<code>gedon</code>,1,0.0002945
320,gedwolan,<code>gedwolan</code>,1,0.0002945
320,gedwyldum,<code>gedwyldum</code>,1,0.0002945
320,geearnian,<code>geearnian</code>,1,0.0002945
320,gef&aelig;stnod,<code>gef&amp;ae;stnod</code>,1,0.0002945
320,gefadode,<code>gefadode</code>,1,0.0002945
320,geferum,<code>geferum</code>,1,0.0002945
320,gefl&aelig;schamod,<code>gefl&amp;ae;schamod</code>,1,0.0002945
320,gefremmed,<code>gefremmed</code>,1,0.0002945
320,gefullod,<code>gefullod</code>,1,0.0002945
320,geglada&eth;,<code>geglada&amp;d;</code>,1,0.0002945
320,geh&aelig;lde,<code>geh&amp;ae;lde</code>,1,0.0002945
320,gehealden,<code>gehealden</code>,1,0.0002945
320,gehealdene,<code>gehealdene</code>,1,0.0002945
320,gehw&aelig;r,<code>gehw&amp;ae;r</code>,1,0.0002945
320,gehyr&eth;,<code>gehyr&amp;d;</code>,1,0.0002945
320,gehyrde,<code>gehyrde</code>,1,0.0002945
320,gela&eth;ung,<code>gela&amp;d;ung</code>,1,0.0002945
320,geleornode,<code>geleornode</code>,1,0.0002945
320,gelicnys,<code>gelicnys</code>,1,0.0002945
320,gelicode,<code>gelicode</code>,1,0.0002945
320,geliff&aelig;ste,<code>geliff&amp;ae;ste</code>,1,0.0002945
320,gelogode,<code>gelogode</code>,1,0.0002945
320,gelyf&eth;,<code>gelyf&amp;d;</code>,1,0.0002945
320,gelyfdon,<code>gelyfdon</code>,1,0.0002945
320,gelyfe,<code>gelyfe</code>,1,0.0002945
320,gelyfon,<code>gelyfon</code>,1,0.0002945
320,gem&aelig;nelice,<code>gem&amp;ae;nelice</code>,1,0.0002945
320,geman&eth;,<code>geman&amp;d;</code>,1,0.0002945
320,gemetegod,<code>gemetegod</code>,1,0.0002945
320,gemot,<code>gemot</code>,1,0.0002945
320,gemote,<code>gemote</code>,1,0.0002945
320,gemynde,<code>gemynde</code>,1,0.0002945
320,genamode,<code>genamode</code>,1,0.0002945
320,genemned,<code>genemned</code>,1,0.0002945
320,genemnode,<code>genemnode</code>,1,0.0002945
320,genihtsumlice,<code>genihtsumlice</code>,1,0.0002945
320,geond,<code>geond</code>,1,0.0002945
320,gereordes,<code>gereordes</code>,1,0.0002945
320,ges&aelig;d,<code>ges&amp;ae;d</code>,1,0.0002945
320,ges&aelig;de,<code>ges&amp;ae;de</code>,1,0.0002945
320,ges&aelig;t,<code>ges&amp;ae;t</code>,1,0.0002945
320,gescaft,<code>gescaft</code>,1,0.0002945
320,gesceaftum,<code>gesceaftum</code>,1,0.0002945
320,geseah,<code>geseah</code>,1,0.0002945
320,geseald,<code>geseald</code>,1,0.0002945
320,geseo,<code>geseo</code>,1,0.0002945
320,geseon,<code>geseon</code>,1,0.0002945
320,gesewenlicra,<code>gesewenlicra</code>,1,0.0002945
320,gesih&eth;,<code>gesih&amp;d;</code>,1,0.0002945
320,gesih&eth;e,<code>gesih&amp;d;e</code>,1,0.0002945
320,gestryn&thorn;,<code>gestryn&amp;t;</code>,1,0.0002945
320,gestrynan,<code>gestrynan</code>,1,0.0002945
320,geswince,<code>geswince</code>,1,0.0002945
320,geswutelode,<code>geswutelode</code>,1,0.0002945
320,getacnia&eth;,<code>getacnia&amp;d;</code>,1,0.0002945
320,getrymmed,<code>getrymmed</code>,1,0.0002945
320,gewand,<code>gewand</code>,1,0.0002945
320,gewita,<code>gewita</code>,1,0.0002945
320,gewyrcan,<code>gewyrcan</code>,1,0.0002945
320,gleawnysse,<code>gleawnysse</code>,1,0.0002945
320,godan,<code>godan</code>,1,0.0002945
320,godcundlican,<code>godcundlican</code>,1,0.0002945
320,godcundnyss,<code>godcundnyss</code>,1,0.0002945
320,godspelle,<code>godspelle</code>,1,0.0002945
320,gyngra,<code>gyngra</code>,1,0.0002945
320,h&aelig;&thorn;ung,<code>h&amp;ae;&amp;t;ung</code>,1,0.0002945
320,h&aelig;bbe,<code>h&amp;ae;bbe</code>,1,0.0002945
320,h&aelig;fde,<code>h&amp;ae;fde</code>,1,0.0002945
320,h&aelig;fdon,<code>h&amp;ae;fdon</code>,1,0.0002945
320,h&aelig;lend,<code>h&amp;ae;lend</code>,1,0.0002945
320,h&aelig;lendes,<code>h&amp;ae;lendes</code>,1,0.0002945
320,had,<code>had</code>,1,0.0002945
320,hada,<code>hada</code>,1,0.0002945
320,hadas,<code>hadas</code>,1,0.0002945
320,hadum,<code>hadum</code>,1,0.0002945
320,heage,<code>heage</code>,1,0.0002945
320,healte,<code>healte</code>,1,0.0002945
320,heofenan,<code>heofenan</code>,1,0.0002945
320,heofenas,<code>heofenas</code>,1,0.0002945
320,heofenum,<code>heofenum</code>,1,0.0002945
320,here&eth;,<code>here&amp;d;</code>,1,0.0002945
320,hierusalem,<code>hierusalem</code>,1,0.0002945
320,hlaf,<code>hlaf</code>,1,0.0002945
320,hra&eth;e,<code>hra&amp;d;e</code>,1,0.0002945
320,hreoflige,<code>hreoflige</code>,1,0.0002945
320,hricg,<code>hricg</code>,1,0.0002945
320,hw&aelig;r,<code>hw&amp;ae;r</code>,1,0.0002945
320,hwi,<code>hwi</code>,1,0.0002945
320,hwilc,<code>hwilc</code>,1,0.0002945
320,hwilcum,<code>hwilcum</code>,1,0.0002945
320,hyre,<code>hyre</code>,1,0.0002945
320,iiii,<code>iiii</code>,1,0.0002945
320,ingehyd,<code>ingehyd</code>,1,0.0002945
320,innewearde,<code>innewearde</code>,1,0.0002945
320,inno&eth;e,<code>inno&amp;d;e</code>,1,0.0002945
320,iudeisces,<code>iudeisces</code>,1,0.0002945
320,l&aelig;ssa,<code>l&amp;ae;ssa</code>,1,0.0002945
320,l&aelig;ssan,<code>l&amp;ae;ssan</code>,1,0.0002945
320,l&aelig;t,<code>l&amp;ae;t</code>,1,0.0002945
320,lareowa,<code>lareowa</code>,1,0.0002945
320,lator,<code>lator</code>,1,0.0002945
320,let,<code>let</code>,1,0.0002945
320,lica&eth;,<code>lica&amp;d;</code>,1,0.0002945
320,lichama,<code>lichama</code>,1,0.0002945
320,lichamlic,<code>lichamlic</code>,1,0.0002945
320,lichamlican,<code>lichamlican</code>,1,0.0002945
320,lichamlice,<code>lichamlice</code>,1,0.0002945
320,liff&aelig;stenda,<code>liff&amp;ae;stenda</code>,1,0.0002945
320,locia&eth;,<code>locia&amp;d;</code>,1,0.0002945
320,losia&eth;,<code>losia&amp;d;</code>,1,0.0002945
320,lufia&eth;,<code>lufia&amp;d;</code>,1,0.0002945
320,m&aelig;gen&thorn;rymnyss,<code>m&amp;ae;gen&amp;t;rymnyss</code>,1,0.0002945
320,m&aelig;gen&thorn;rynnysse,<code>m&amp;ae;gen&amp;t;rynnysse</code>,1,0.0002945
320,magas,<code>magas</code>,1,0.0002945
320,mancynne,<code>mancynne</code>,1,0.0002945
320,manegum,<code>manegum</code>,1,0.0002945
320,mede,<code>mede</code>,1,0.0002945
320,menniscnys,<code>menniscnys</code>,1,0.0002945
320,merigen,<code>merigen</code>,1,0.0002945
320,miccle,<code>miccle</code>,1,0.0002945
320,micel,<code>micel</code>,1,0.0002945
320,middaneard,<code>middaneard</code>,1,0.0002945
320,middaneardes,<code>middaneardes</code>,1,0.0002945
320,middangeard,<code>middangeard</code>,1,0.0002945
320,mihton,<code>mihton</code>,1,0.0002945
320,mildheortum,<code>mildheortum</code>,1,0.0002945
320,min,<code>min</code>,1,0.0002945
320,minum,<code>minum</code>,1,0.0002945
320,mot,<code>mot</code>,1,0.0002945
320,n&aelig;fde,<code>n&amp;ae;fde</code>,1,0.0002945
320,n&aelig;nne,<code>n&amp;ae;nne</code>,1,0.0002945
320,n&aelig;ron,<code>n&amp;ae;ron</code>,1,0.0002945
320,na&eth;er,<code>na&amp;d;er</code>,1,0.0002945
320,na&eth;or,<code>na&amp;d;or</code>,1,0.0002945
320,nabba&eth;,<code>nabba&amp;d;</code>,1,0.0002945
320,naht,<code>naht</code>,1,0.0002945
320,nahte,<code>nahte</code>,1,0.0002945
320,nam,<code>nam</code>,1,0.0002945
320,nane,<code>nane</code>,1,0.0002945
320,nelt,<code>nelt</code>,1,0.0002945
320,nemnan,<code>nemnan</code>,1,0.0002945
320,neod,<code>neod</code>,1,0.0002945
320,neode,<code>neode</code>,1,0.0002945
320,neosung,<code>neosung</code>,1,0.0002945
320,neosunge,<code>neosunge</code>,1,0.0002945
320,niht,<code>niht</code>,1,0.0002945
320,nolde,<code>nolde</code>,1,0.0002945
320,nostre,<code>nostre</code>,1,0.0002945
320,nytenum,<code>nytenum</code>,1,0.0002945
320,o&eth;re,<code>o&amp;d;re</code>,1,0.0002945
320,o&eth;res,<code>o&amp;d;res</code>,1,0.0002945
320,o&eth;rum,<code>o&amp;d;rum</code>,1,0.0002945
320,o&thorn;&eth;e,<code>o&amp;t;&amp;d;e</code>,1,0.0002945
320,o&thorn;re,<code>o&amp;t;re</code>,1,0.0002945
320,ofer,<code>ofer</code>,1,0.0002945
320,ofgangende,<code>ofgangende</code>,1,0.0002945
320,onearda&eth;,<code>onearda&amp;d;</code>,1,0.0002945
320,onfon,<code>onfon</code>,1,0.0002945
320,ongean,<code>ongean</code>,1,0.0002945
320,ongunne,<code>ongunne</code>,1,0.0002945
320,onlihting,<code>onlihting</code>,1,0.0002945
320,onwreon,<code>onwreon</code>,1,0.0002945
320,ordfruman,<code>ordfruman</code>,1,0.0002945
320,r&aelig;d,<code>r&amp;ae;d</code>,1,0.0002945
320,resta&eth;,<code>resta&amp;d;</code>,1,0.0002945
320,rice,<code>rice</code>,1,0.0002945
320,rihta,<code>rihta</code>,1,0.0002945
320,rihte,<code>rihte</code>,1,0.0002945
320,rihtgelyfed,<code>rihtgelyfed</code>,1,0.0002945
320,rihtgelyfedra,<code>rihtgelyfedra</code>,1,0.0002945
320,rihtlice,<code>rihtlice</code>,1,0.0002945
320,rihtne,<code>rihtne</code>,1,0.0002945
320,rihtum,<code>rihtum</code>,1,0.0002945
320,romebyrig,<code>romebyrig</code>,1,0.0002945
320,s&aelig;,<code>s&amp;ae;</code>,1,0.0002945
320,s&aelig;t,<code>s&amp;ae;t</code>,1,0.0002945
320,sabellius,<code>sabellius</code>,1,0.0002945
320,sceawa&eth;,<code>sceawa&amp;d;</code>,1,0.0002945
320,sceortlice,<code>sceortlice</code>,1,0.0002945
320,scyppende,<code>scyppende</code>,1,0.0002945
320,sealde,<code>sealde</code>,1,0.0002945
320,secga&eth;,<code>secga&amp;d;</code>,1,0.0002945
320,secgan,<code>secgan</code>,1,0.0002945
320,secge,<code>secge</code>,1,0.0002945
320,settle,<code>settle</code>,1,0.0002945
320,slege,<code>slege</code>,1,0.0002945
320,smea&eth;,<code>smea&amp;d;</code>,1,0.0002945
320,so&eth;an,<code>so&amp;d;an</code>,1,0.0002945
320,so&eth;e,<code>so&amp;d;e</code>,1,0.0002945
320,so&eth;f&aelig;stnysse,<code>so&amp;d;f&amp;ae;stnysse</code>,1,0.0002945
320,so&thorn;a,<code>so&amp;t;a</code>,1,0.0002945
320,so&thorn;re,<code>so&amp;t;re</code>,1,0.0002945
320,spreca&eth;,<code>spreca&amp;d;</code>,1,0.0002945
320,st&aelig;nen,<code>st&amp;ae;nen</code>,1,0.0002945
320,stent,<code>stent</code>,1,0.0002945
320,sum,<code>sum</code>,1,0.0002945
320,sumne,<code>sumne</code>,1,0.0002945
320,sunne,<code>sunne</code>,1,0.0002945
320,swi&eth;e,<code>swi&amp;d;e</code>,1,0.0002945
320,swi&eth;or,<code>swi&amp;d;or</code>,1,0.0002945
320,swilce,<code>swilce</code>,1,0.0002945
320,swutelicor,<code>swutelicor</code>,1,0.0002945
320,swymma&eth;,<code>swymma&amp;d;</code>,1,0.0002945
320,syl&eth;,<code>syl&amp;d;</code>,1,0.0002945
320,sylle,<code>sylle</code>,1,0.0002945
320,synd,<code>synd</code>,1,0.0002945
320,synderlice,<code>synderlice</code>,1,0.0002945
320,synfullan,<code>synfullan</code>,1,0.0002945
320,syngie,<code>syngie</code>,1,0.0002945
320,t&aelig;c&eth;,<code>t&amp;ae;c&amp;d;</code>,1,0.0002945
320,t&aelig;cunge,<code>t&amp;ae;cunge</code>,1,0.0002945
320,t&aelig;hte,<code>t&amp;ae;hte</code>,1,0.0002945
320,tida,<code>tida</code>,1,0.0002945
320,tide,<code>tide</code>,1,0.0002945
320,tihte,<code>tihte</code>,1,0.0002945
320,timan,<code>timan</code>,1,0.0002945
320,togeanes,<code>togeanes</code>,1,0.0002945
320,trahtnode,<code>trahtnode</code>,1,0.0002945
320,trendel,<code>trendel</code>,1,0.0002945
320,tua,<code>tua</code>,1,0.0002945
320,twa,<code>twa</code>,1,0.0002945
320,tyddre,<code>tyddre</code>,1,0.0002945
320,unbefangennlic,<code>unbefangennlic</code>,1,0.0002945
320,uncu&eth;,<code>uncu&amp;d;</code>,1,0.0002945
320,undeadlicum,<code>undeadlicum</code>,1,0.0002945
320,undeop&eth;ancol,<code>undeop&amp;d;ancol</code>,1,0.0002945
320,understenst,<code>understenst</code>,1,0.0002945
320,ungeleaffulra,<code>ungeleaffulra</code>,1,0.0002945
320,ungesewenlicra,<code>ungesewenlicra</code>,1,0.0002945
320,unmihtigra,<code>unmihtigra</code>,1,0.0002945
320,unrihtlic,<code>unrihtlic</code>,1,0.0002945
320,unscyldigum,<code>unscyldigum</code>,1,0.0002945
320,untwylice,<code>untwylice</code>,1,0.0002945
320,up,<code>up</code>,1,0.0002945
320,uprihtne,<code>uprihtne</code>,1,0.0002945
320,upstige,<code>upstige</code>,1,0.0002945
320,ut,<code>ut</code>,1,0.0002945
320,w&aelig;stmb&aelig;rnysse,<code>w&amp;ae;stmb&amp;ae;rnysse</code>,1,0.0002945
320,wacode,<code>wacode</code>,1,0.0002945
320,wah,<code>wah</code>,1,0.0002945
320,wanian,<code>wanian</code>,1,0.0002945
320,wast,<code>wast</code>,1,0.0002945
320,weal,<code>weal</code>,1,0.0002945
320,wel,<code>wel</code>,1,0.0002945
320,wenst,<code>wenst</code>,1,0.0002945
320,wentst,<code>wentst</code>,1,0.0002945
320,weorcum,<code>weorcum</code>,1,0.0002945
320,wi&eth;,<code>wi&amp;d;</code>,1,0.0002945
320,wi&eth;standa&eth;,<code>wi&amp;d;standa&amp;d;</code>,1,0.0002945
320,wi&eth;stent,<code>wi&amp;d;stent</code>,1,0.0002945
320,willa&eth;,<code>willa&amp;d;</code>,1,0.0002945
320,wille,<code>wille</code>,1,0.0002945
320,wilt,<code>wilt</code>,1,0.0002945
320,wis,<code>wis</code>,1,0.0002945
320,wisa,<code>wisa</code>,1,0.0002945
320,wisan,<code>wisan</code>,1,0.0002945
320,wisdome,<code>wisdome</code>,1,0.0002945
320,witegan,<code>witegan</code>,1,0.0002945
320,wode,<code>wode</code>,1,0.0002945
320,wope,<code>wope</code>,1,0.0002945
320,wordum,<code>wordum</code>,1,0.0002945
320,wuldres,<code>wuldres</code>,1,0.0002945
320,wuna&eth;,<code>wuna&amp;d;</code>,1,0.0002945
320,wundor,<code>wundor</code>,1,0.0002945
320,wunia&eth;,<code>wunia&amp;d;</code>,1,0.0002945
320,wunigende,<code>wunigende</code>,1,0.0002945
320,wur&eth;fullice,<code>wur&amp;d;fullice</code>,1,0.0002945
320,wur&eth;mynt,<code>wur&amp;d;mynt</code>,1,0.0002945
320,wurdon,<code>wurdon</code>,1,0.0002945
320,wyr&eth;e,<code>wyr&amp;d;e</code>,1,0.0002945
320,wyxt,<code>wyxt</code>,1,0.0002945
320,yfele,<code>yfele</code>,1,0.0002945
320,ymbhwyrft,<code>ymbhwyrft</code>,1,0.0002945
320,ymhwyrft,<code>ymhwyrft</code>,1,0.0002945
