B_Prose,B01,B01.001.030_AECHom_I__28_T02370.txt,925,633,2382
RANK,HTML WORD,RAW WORD,COUNT,RELATIVE FREQUENCY
1,&amp;,<code>&amp;amp;</code>,91,0.0382032
2,on,<code>on</code>,65,0.0272880
3,&thorn;a,<code>&amp;t;a</code>,56,0.0235097
4,mid,<code>mid</code>,55,0.0230898
5,to,<code>to</code>,49,0.0205709
6,&thorn;am,<code>&amp;t;am</code>,44,0.0184719
7,&thorn;e,<code>&amp;t;e</code>,40,0.0167926
7,hi,<code>hi</code>,40,0.0167926
9,he,<code>he</code>,38,0.0159530
10,se,<code>se</code>,36,0.0151134
11,&thorn;&aelig;t,<code>&amp;t;&amp;ae;t</code>,32,0.0134341
12,&thorn;&aelig;re,<code>&amp;t;&amp;ae;re</code>,26,0.0109152
12,ne,<code>ne</code>,26,0.0109152
14,&eth;a,<code>&amp;d;a</code>,25,0.0104954
15,ac,<code>ac</code>,24,0.0100756
16,heo,<code>heo</code>,23,0.0096558
17,his,<code>his</code>,22,0.0092359
18,for,<code>for</code>,21,0.0088161
19,&eth;e,<code>&amp;d;e</code>,20,0.0083963
20,him,<code>him</code>,19,0.0079765
20,swa,<code>swa</code>,19,0.0079765
22,bi&eth;,<code>bi&amp;d;</code>,18,0.0075567
22,is,<code>is</code>,18,0.0075567
24,&thorn;onne,<code>&amp;t;onne</code>,16,0.0067170
24,w&aelig;s,<code>w&amp;ae;s</code>,16,0.0067170
26,heora,<code>heora</code>,15,0.0062972
26,seo,<code>seo</code>,15,0.0062972
28,gif,<code>gif</code>,14,0.0058774
28,hit,<code>hit</code>,14,0.0058774
30,&thorn;an,<code>&amp;t;an</code>,12,0.0050378
30,godes,<code>godes</code>,12,0.0050378
32,&thorn;u,<code>&amp;t;u</code>,11,0.0046180
32,w&aelig;ron,<code>w&amp;ae;ron</code>,11,0.0046180
34,temple,<code>temple</code>,10,0.0041982
35,&thorn;one,<code>&amp;t;one</code>,9,0.0037783
35,buton,<code>buton</code>,9,0.0037783
35,ofer,<code>ofer</code>,9,0.0037783
38,&thorn;urh,<code>&amp;t;urh</code>,8,0.0033585
38,binnon,<code>binnon</code>,8,0.0033585
38,cw&aelig;&eth;,<code>cw&amp;ae;&amp;d;</code>,8,0.0033585
38,drihten,<code>drihten</code>,8,0.0033585
38,ge,<code>ge</code>,8,0.0033585
38,hire,<code>hire</code>,8,0.0033585
38,manna,<code>manna</code>,8,0.0033585
38,nu,<code>nu</code>,8,0.0033585
38,of,<code>of</code>,8,0.0033585
38,sibbe,<code>sibbe</code>,8,0.0033585
48,&thorn;&aelig;s,<code>&amp;t;&amp;ae;s</code>,7,0.0029387
48,h&aelig;lend,<code>h&amp;ae;lend</code>,7,0.0029387
48,hw&aelig;t,<code>hw&amp;ae;t</code>,7,0.0029387
51,&aelig;r,<code>&amp;ae;r</code>,6,0.0025189
51,&eth;&aelig;t,<code>&amp;d;&amp;ae;t</code>,6,0.0025189
51,&thorn;&aelig;r,<code>&amp;t;&amp;ae;r</code>,6,0.0025189
51,&thorn;inum,<code>&amp;t;inum</code>,6,0.0025189
51,d&aelig;ge,<code>d&amp;ae;ge</code>,6,0.0025189
51,god,<code>god</code>,6,0.0025189
51,hyre,<code>hyre</code>,6,0.0025189
51,lare,<code>lare</code>,6,0.0025189
51,micclum,<code>micclum</code>,6,0.0025189
51,na,<code>na</code>,6,0.0025189
61,&thorn;&aelig;ra,<code>&amp;t;&amp;ae;ra</code>,5,0.0020991
61,and,<code>and</code>,5,0.0020991
61,be,<code>be</code>,5,0.0020991
61,byrig,<code>byrig</code>,5,0.0020991
61,ealle,<code>ealle</code>,5,0.0020991
61,fram,<code>fram</code>,5,0.0020991
61,min,<code>min</code>,5,0.0020991
61,mod,<code>mod</code>,5,0.0020991
61,sawle,<code>sawle</code>,5,0.0020991
61,stemne,<code>stemne</code>,5,0.0020991
61,sume,<code>sume</code>,5,0.0020991
61,toweardan,<code>toweardan</code>,5,0.0020991
73,&aelig;fter,<code>&amp;ae;fter</code>,4,0.0016793
73,&eth;&aelig;r,<code>&amp;d;&amp;ae;r</code>,4,0.0016793
73,&thorn;eah,<code>&amp;t;eah</code>,4,0.0016793
73,&thorn;us,<code>&amp;t;us</code>,4,0.0016793
73,&thorn;ysum,<code>&amp;t;ysum</code>,4,0.0016793
73,adr&aelig;fde,<code>adr&amp;ae;fde</code>,4,0.0016793
73,awriten,<code>awriten</code>,4,0.0016793
73,culfran,<code>culfran</code>,4,0.0016793
73,cwe&thorn;ende,<code>cwe&amp;t;ende</code>,4,0.0016793
73,d&aelig;ighwomlice,<code>d&amp;ae;ighwomlice</code>,4,0.0016793
73,eagum,<code>eagum</code>,4,0.0016793
73,folc,<code>folc</code>,4,0.0016793
73,fynd,<code>fynd</code>,4,0.0016793
73,gebedhus,<code>gebedhus</code>,4,0.0016793
73,gode,<code>gode</code>,4,0.0016793
73,hus,<code>hus</code>,4,0.0016793
73,lustum,<code>lustum</code>,4,0.0016793
73,man,<code>man</code>,4,0.0016793
73,mand&aelig;da,<code>mand&amp;ae;da</code>,4,0.0016793
73,me,<code>me</code>,4,0.0016793
73,nanre,<code>nanre</code>,4,0.0016793
73,o&thorn;rum,<code>o&amp;t;rum</code>,4,0.0016793
73,rihtwisan,<code>rihtwisan</code>,4,0.0016793
73,sind,<code>sind</code>,4,0.0016793
73,stan,<code>stan</code>,4,0.0016793
73,stane,<code>stane</code>,4,0.0016793
73,tempel,<code>tempel</code>,4,0.0016793
73,we,<code>we</code>,4,0.0016793
73,wear&eth;,<code>wear&amp;d;</code>,4,0.0016793
102,&eth;onne,<code>&amp;d;onne</code>,3,0.0012594
102,&thorn;rowunge,<code>&amp;t;rowunge</code>,3,0.0012594
102,bearn,<code>bearn</code>,3,0.0012594
102,beo&eth;,<code>beo&amp;d;</code>,3,0.0012594
102,ceape,<code>ceape</code>,3,0.0012594
102,cristes,<code>cristes</code>,3,0.0012594
102,cypan,<code>cypan</code>,3,0.0012594
102,cypmen,<code>cypmen</code>,3,0.0012594
102,fl&aelig;sclicum,<code>fl&amp;ae;sclicum</code>,3,0.0012594
102,fyrst,<code>fyrst</code>,3,0.0012594
102,gastas,<code>gastas</code>,3,0.0012594
102,ge&thorn;ohtas,<code>ge&amp;t;ohtas</code>,3,0.0012594
102,gedon,<code>gedon</code>,3,0.0012594
102,gelamp,<code>gelamp</code>,3,0.0012594
102,geneosunge,<code>geneosunge</code>,3,0.0012594
102,geny&thorn;erunge,<code>geny&amp;t;erunge</code>,3,0.0012594
102,geseah,<code>geseah</code>,3,0.0012594
102,godspelle,<code>godspelle</code>,3,0.0012594
102,h&aelig;f&eth;,<code>h&amp;ae;f&amp;d;</code>,3,0.0012594
102,habba&eth;,<code>habba&amp;d;</code>,3,0.0012594
102,halignysse,<code>halignysse</code>,3,0.0012594
102,here,<code>here</code>,3,0.0012594
102,hierusalem,<code>hierusalem</code>,3,0.0012594
102,ic,<code>ic</code>,3,0.0012594
102,leahtrum,<code>leahtrum</code>,3,0.0012594
102,life,<code>life</code>,3,0.0012594
102,lufe,<code>lufe</code>,3,0.0012594
102,mihte,<code>mihte</code>,3,0.0012594
102,nan,<code>nan</code>,3,0.0012594
102,oncneow,<code>oncneow</code>,3,0.0012594
102,samod,<code>samod</code>,3,0.0012594
102,sawul,<code>sawul</code>,3,0.0012594
102,scr&aelig;fe,<code>scr&amp;ae;fe</code>,3,0.0012594
102,so&eth;lice,<code>so&amp;d;lice</code>,3,0.0012594
102,spr&aelig;c,<code>spr&amp;ae;c</code>,3,0.0012594
102,stowe,<code>stowe</code>,3,0.0012594
102,sunu,<code>sunu</code>,3,0.0012594
102,swilce,<code>swilce</code>,3,0.0012594
102,tide,<code>tide</code>,3,0.0012594
102,tima,<code>tima</code>,3,0.0012594
102,timan,<code>timan</code>,3,0.0012594
102,toweard,<code>toweard</code>,3,0.0012594
102,underfengon,<code>underfengon</code>,3,0.0012594
102,ut,<code>ut</code>,3,0.0012594
102,witodlice,<code>witodlice</code>,3,0.0012594
102,woldon,<code>woldon</code>,3,0.0012594
102,wrace,<code>wrace</code>,3,0.0012594
102,wracu,<code>wracu</code>,3,0.0012594
102,wunast,<code>wunast</code>,3,0.0012594
102,wuniende,<code>wuniende</code>,3,0.0012594
152,&aelig;lce,<code>&amp;ae;lce</code>,2,0.0008396
152,&aelig;lmihtiga,<code>&amp;ae;lmihtiga</code>,2,0.0008396
152,&eth;ine,<code>&amp;d;ine</code>,2,0.0008396
152,&thorn;ine,<code>&amp;t;ine</code>,2,0.0008396
152,&thorn;ing,<code>&amp;t;ing</code>,2,0.0008396
152,&thorn;ingum,<code>&amp;t;ingum</code>,2,0.0008396
152,&thorn;isum,<code>&amp;t;isum</code>,2,0.0008396
152,&thorn;usenda,<code>&amp;t;usenda</code>,2,0.0008396
152,&thorn;wyran,<code>&amp;t;wyran</code>,2,0.0008396
152,&thorn;wyre,<code>&amp;t;wyre</code>,2,0.0008396
152,&thorn;wyrlicum,<code>&amp;t;wyrlicum</code>,2,0.0008396
152,&thorn;wyrnysse,<code>&amp;t;wyrnysse</code>,2,0.0008396
152,&thorn;yllice,<code>&amp;t;yllice</code>,2,0.0008396
152,agenre,<code>agenre</code>,2,0.0008396
152,ane,<code>ane</code>,2,0.0008396
152,angsumnysse,<code>angsumnysse</code>,2,0.0008396
152,astrecca&eth;,<code>astrecca&amp;d;</code>,2,0.0008396
152,bediglod,<code>bediglod</code>,2,0.0008396
152,bediglode,<code>bediglode</code>,2,0.0008396
152,belaf,<code>belaf</code>,2,0.0008396
152,beon,<code>beon</code>,2,0.0008396
152,blinde,<code>blinde</code>,2,0.0008396
152,blissia&eth;,<code>blissia&amp;d;</code>,2,0.0008396
152,burh,<code>burh</code>,2,0.0008396
152,ceastergewarum,<code>ceastergewarum</code>,2,0.0008396
152,ceastre,<code>ceastre</code>,2,0.0008396
152,com,<code>com</code>,2,0.0008396
152,come,<code>come</code>,2,0.0008396
152,crist,<code>crist</code>,2,0.0008396
152,cwy&eth;,<code>cwy&amp;d;</code>,2,0.0008396
152,cym&eth;,<code>cym&amp;d;</code>,2,0.0008396
152,d&aelig;dbote,<code>d&amp;ae;dbote</code>,2,0.0008396
152,dagum,<code>dagum</code>,2,0.0008396
152,eac,<code>eac</code>,2,0.0008396
152,eadiga,<code>eadiga</code>,2,0.0008396
152,ealdorbiscopas,<code>ealdorbiscopas</code>,2,0.0008396
152,eall,<code>eall</code>,2,0.0008396
152,eft,<code>eft</code>,2,0.0008396
152,endenextan,<code>endenextan</code>,2,0.0008396
152,eode,<code>eode</code>,2,0.0008396
152,eor&eth;an,<code>eor&amp;d;an</code>,2,0.0008396
152,eor&eth;licum,<code>eor&amp;d;licum</code>,2,0.0008396
152,eor&thorn;an,<code>eor&amp;t;an</code>,2,0.0008396
152,feondum,<code>feondum</code>,2,0.0008396
152,for&eth;si&eth;,<code>for&amp;d;si&amp;d;</code>,2,0.0008396
152,for&eth;si&eth;e,<code>for&amp;d;si&amp;d;e</code>,2,0.0008396
152,for&eth;si&thorn;e,<code>for&amp;d;si&amp;t;e</code>,2,0.0008396
152,forl&aelig;ta&eth;,<code>forl&amp;ae;ta&amp;d;</code>,2,0.0008396
152,fyrstes,<code>fyrstes</code>,2,0.0008396
152,ge&thorn;afedon,<code>ge&amp;t;afedon</code>,2,0.0008396
152,geara,<code>geara</code>,2,0.0008396
152,gebedum,<code>gebedum</code>,2,0.0008396
152,gecype,<code>gecype</code>,2,0.0008396
152,gedrefed,<code>gedrefed</code>,2,0.0008396
152,geferr&aelig;dene,<code>geferr&amp;ae;dene</code>,2,0.0008396
152,geh&aelig;lde,<code>geh&amp;ae;lde</code>,2,0.0008396
152,gehiwedre,<code>gehiwedre</code>,2,0.0008396
152,gehwylcum,<code>gehwylcum</code>,2,0.0008396
152,gela&eth;unge,<code>gela&amp;d;unge</code>,2,0.0008396
152,geneal&aelig;hton,<code>geneal&amp;ae;hton</code>,2,0.0008396
152,genyrwia&eth;,<code>genyrwia&amp;d;</code>,2,0.0008396
152,gereccan,<code>gereccan</code>,2,0.0008396
152,godcundre,<code>godcundre</code>,2,0.0008396
152,gregorius,<code>gregorius</code>,2,0.0008396
152,gymdon,<code>gymdon</code>,2,0.0008396
152,h&aelig;fde,<code>h&amp;ae;fde</code>,2,0.0008396
152,halgum,<code>halgum</code>,2,0.0008396
152,halige,<code>halige</code>,2,0.0008396
152,healfe,<code>healfe</code>,2,0.0008396
152,healte,<code>healte</code>,2,0.0008396
152,hellican,<code>hellican</code>,2,0.0008396
152,hr&aelig;dlice,<code>hr&amp;ae;dlice</code>,2,0.0008396
152,hreame,<code>hreame</code>,2,0.0008396
152,hry&thorn;eru,<code>hry&amp;t;eru</code>,2,0.0008396
152,hungre,<code>hungre</code>,2,0.0008396
152,hungres,<code>hungres</code>,2,0.0008396
152,huse,<code>huse</code>,2,0.0008396
152,hwa,<code>hwa</code>,2,0.0008396
152,hwilon,<code>hwilon</code>,2,0.0008396
152,hwylcum,<code>hwylcum</code>,2,0.0008396
152,iacobum,<code>iacobum</code>,2,0.0008396
152,into,<code>into</code>,2,0.0008396
152,iudeiscan,<code>iudeiscan</code>,2,0.0008396
152,iudeiscum,<code>iudeiscum</code>,2,0.0008396
152,lac,<code>lac</code>,2,0.0008396
152,lareow,<code>lareow</code>,2,0.0008396
152,losiendlican,<code>losiendlican</code>,2,0.0008396
152,ma,<code>ma</code>,2,0.0008396
152,manfullan,<code>manfullan</code>,2,0.0008396
152,mannes,<code>mannes</code>,2,0.0008396
152,mannum,<code>mannum</code>,2,0.0008396
152,merien,<code>merien</code>,2,0.0008396
152,micelre,<code>micelre</code>,2,0.0008396
152,mildheorta,<code>mildheorta</code>,2,0.0008396
152,myneteras,<code>myneteras</code>,2,0.0008396
152,n&aelig;s,<code>n&amp;ae;s</code>,2,0.0008396
152,nele,<code>nele</code>,2,0.0008396
152,nis,<code>nis</code>,2,0.0008396
152,nolde,<code>nolde</code>,2,0.0008396
152,o&eth;re,<code>o&amp;d;re</code>,2,0.0008396
152,oncneowe,<code>oncneowe</code>,2,0.0008396
152,oxan,<code>oxan</code>,2,0.0008396
152,romaniscum,<code>romaniscum</code>,2,0.0008396
152,s&aelig;ton,<code>s&amp;ae;ton</code>,2,0.0008396
152,sawla,<code>sawla</code>,2,0.0008396
152,scea&eth;um,<code>scea&amp;d;um</code>,2,0.0008396
152,sceoldon,<code>sceoldon</code>,2,0.0008396
152,scep,<code>scep</code>,2,0.0008396
152,scr&aelig;f,<code>scr&amp;ae;f</code>,2,0.0008396
152,smeagunge,<code>smeagunge</code>,2,0.0008396
152,swipe,<code>swipe</code>,2,0.0008396
152,sy&eth;&eth;an,<code>sy&amp;d;&amp;d;an</code>,2,0.0008396
152,sylfe,<code>sylfe</code>,2,0.0008396
152,sylfum,<code>sylfum</code>,2,0.0008396
152,synd,<code>synd</code>,2,0.0008396
152,t&aelig;cende,<code>t&amp;ae;cende</code>,2,0.0008396
152,teola&eth;,<code>teola&amp;d;</code>,2,0.0008396
152,teolunga,<code>teolunga</code>,2,0.0008396
152,towearde,<code>towearde</code>,2,0.0008396
152,toworpennysse,<code>toworpennysse</code>,2,0.0008396
152,under&thorn;eod,<code>under&amp;t;eod</code>,2,0.0008396
152,us,<code>us</code>,2,0.0008396
152,w&aelig;re,<code>w&amp;ae;re</code>,2,0.0008396
152,wende,<code>wende</code>,2,0.0008396
152,weope,<code>weope</code>,2,0.0008396
152,weorcum,<code>weorcum</code>,2,0.0008396
152,wi&eth;,<code>wi&amp;d;</code>,2,0.0008396
152,wistest,<code>wistest</code>,2,0.0008396
152,witnunge,<code>witnunge</code>,2,0.0008396
152,wolde,<code>wolde</code>,2,0.0008396
152,wundrum,<code>wundrum</code>,2,0.0008396
152,wurdon,<code>wurdon</code>,2,0.0008396
152,wylla&eth;,<code>wylla&amp;d;</code>,2,0.0008396
152,yfel,<code>yfel</code>,2,0.0008396
152,yfelan,<code>yfelan</code>,2,0.0008396
152,yfele,<code>yfele</code>,2,0.0008396
152,yfelnysse,<code>yfelnysse</code>,2,0.0008396
152,ymbe,<code>ymbe</code>,2,0.0008396
152,ymbsitta&eth;,<code>ymbsitta&amp;d;</code>,2,0.0008396
152,ymbtrymminge,<code>ymbtrymminge</code>,2,0.0008396
152,yrm&thorn;a,<code>yrm&amp;t;a</code>,2,0.0008396
293,&aelig;,<code>&amp;ae;</code>,1,0.0004198
293,&aelig;&eth;eling,<code>&amp;ae;&amp;d;eling</code>,1,0.0004198
293,&aelig;&thorn;elboren,<code>&amp;ae;&amp;t;elboren</code>,1,0.0004198
293,&aelig;fterfylienda,<code>&amp;ae;fterfylienda</code>,1,0.0004198
293,&aelig;fterfyliendan,<code>&amp;ae;fterfyliendan</code>,1,0.0004198
293,&aelig;ig&thorn;er,<code>&amp;ae;ig&amp;t;er</code>,1,0.0004198
293,&aelig;niges,<code>&amp;ae;niges</code>,1,0.0004198
293,&aelig;nigre,<code>&amp;ae;nigre</code>,1,0.0004198
293,&aelig;nigum,<code>&amp;ae;nigum</code>,1,0.0004198
293,&aelig;t,<code>&amp;ae;t</code>,1,0.0004198
293,&aelig;teowed,<code>&amp;ae;teowed</code>,1,0.0004198
293,&aelig;teowia&eth;,<code>&amp;ae;teowia&amp;d;</code>,1,0.0004198
293,&eth;&aelig;ra,<code>&amp;d;&amp;ae;ra</code>,1,0.0004198
293,&eth;&aelig;rbinnon,<code>&amp;d;&amp;ae;rbinnon</code>,1,0.0004198
293,&eth;&aelig;re,<code>&amp;d;&amp;ae;re</code>,1,0.0004198
293,&eth;as,<code>&amp;d;as</code>,1,0.0004198
293,&eth;eos,<code>&amp;d;eos</code>,1,0.0004198
293,&eth;inre,<code>&amp;d;inre</code>,1,0.0004198
293,&eth;ola&eth;,<code>&amp;d;ola&amp;d;</code>,1,0.0004198
293,&eth;u,<code>&amp;d;u</code>,1,0.0004198
293,&eth;yllic,<code>&amp;d;yllic</code>,1,0.0004198
293,&thorn;&#275;t,<code>&amp;t;&amp;e;t</code>,1,0.0004198
293,&thorn;as,<code>&amp;t;as</code>,1,0.0004198
293,&thorn;earle,<code>&amp;t;earle</code>,1,0.0004198
293,&thorn;enungum,<code>&amp;t;enungum</code>,1,0.0004198
293,&thorn;eos,<code>&amp;t;eos</code>,1,0.0004198
293,&thorn;eowte,<code>&amp;t;eowte</code>,1,0.0004198
293,&thorn;es,<code>&amp;t;es</code>,1,0.0004198
293,&thorn;ines,<code>&amp;t;ines</code>,1,0.0004198
293,&thorn;inre,<code>&amp;t;inre</code>,1,0.0004198
293,&thorn;is,<code>&amp;t;is</code>,1,0.0004198
293,&thorn;reate,<code>&amp;t;reate</code>,1,0.0004198
293,&thorn;reatungum,<code>&amp;t;reatungum</code>,1,0.0004198
293,&thorn;usend,<code>&amp;t;usend</code>,1,0.0004198
293,&thorn;wyrum,<code>&amp;t;wyrum</code>,1,0.0004198
293,abrudon,<code>abrudon</code>,1,0.0004198
293,abutan,<code>abutan</code>,1,0.0004198
293,acen&eth;,<code>acen&amp;d;</code>,1,0.0004198
293,acwealde,<code>acwealde</code>,1,0.0004198
293,acwealdon,<code>acwealdon</code>,1,0.0004198
293,acwellan,<code>acwellan</code>,1,0.0004198
293,adpropinquaret,<code>adpropinquaret</code>,1,0.0004198
293,adyd,<code>adyd</code>,1,0.0004198
293,afylled,<code>afylled</code>,1,0.0004198
293,amen,<code>amen</code>,1,0.0004198
293,andwerdan,<code>andwerdan</code>,1,0.0004198
293,andwerdnysse,<code>andwerdnysse</code>,1,0.0004198
293,andwyrdes,<code>andwyrdes</code>,1,0.0004198
293,anes,<code>anes</code>,1,0.0004198
293,anre,<code>anre</code>,1,0.0004198
293,anum,<code>anum</code>,1,0.0004198
293,apostol,<code>apostol</code>,1,0.0004198
293,apostolum,<code>apostolum</code>,1,0.0004198
293,ar&aelig;red,<code>ar&amp;ae;red</code>,1,0.0004198
293,arf&aelig;stum,<code>arf&amp;ae;stum</code>,1,0.0004198
293,arleasra,<code>arleasra</code>,1,0.0004198
293,ascufon,<code>ascufon</code>,1,0.0004198
293,ascynde,<code>ascynde</code>,1,0.0004198
293,asende,<code>asende</code>,1,0.0004198
293,astreht,<code>astreht</code>,1,0.0004198
293,ateorigendlican,<code>ateorigendlican</code>,1,0.0004198
293,aweg,<code>aweg</code>,1,0.0004198
293,awende,<code>awende</code>,1,0.0004198
293,awurpon,<code>awurpon</code>,1,0.0004198
293,awyriedan,<code>awyriedan</code>,1,0.0004198
293,awyrigedra,<code>awyrigedra</code>,1,0.0004198
293,bearnum,<code>bearnum</code>,1,0.0004198
293,bebyrian,<code>bebyrian</code>,1,0.0004198
293,bebyrigan,<code>bebyrigan</code>,1,0.0004198
293,beclysede,<code>beclysede</code>,1,0.0004198
293,beclysedum,<code>beclysedum</code>,1,0.0004198
293,becuma&eth;,<code>becuma&amp;d;</code>,1,0.0004198
293,bedigela&eth;,<code>bedigela&amp;d;</code>,1,0.0004198
293,befyl&eth;,<code>befyl&amp;d;</code>,1,0.0004198
293,beg&aelig;&eth;,<code>beg&amp;ae;&amp;d;</code>,1,0.0004198
293,beheafdodon,<code>beheafdodon</code>,1,0.0004198
293,behreowsunge,<code>behreowsunge</code>,1,0.0004198
293,beladunge,<code>beladunge</code>,1,0.0004198
293,belimp&eth;,<code>belimp&amp;d;</code>,1,0.0004198
293,bem&aelig;nde,<code>bem&amp;ae;nde</code>,1,0.0004198
293,benum,<code>benum</code>,1,0.0004198
293,beo,<code>beo</code>,1,0.0004198
293,besarga&eth;,<code>besarga&amp;d;</code>,1,0.0004198
293,besargode,<code>besargode</code>,1,0.0004198
293,beseah,<code>beseah</code>,1,0.0004198
293,besitta&eth;,<code>besitta&amp;d;</code>,1,0.0004198
293,bet&aelig;ht,<code>bet&amp;ae;ht</code>,1,0.0004198
293,beterunge,<code>beterunge</code>,1,0.0004198
293,betwux,<code>betwux</code>,1,0.0004198
293,beweope,<code>beweope</code>,1,0.0004198
293,bicgende,<code>bicgende</code>,1,0.0004198
293,bicgenne,<code>bicgenne</code>,1,0.0004198
293,biddan,<code>biddan</code>,1,0.0004198
293,bigwistes,<code>bigwistes</code>,1,0.0004198
293,bilewitnysse,<code>bilewitnysse</code>,1,0.0004198
293,binnan,<code>binnan</code>,1,0.0004198
293,biternysse,<code>biternysse</code>,1,0.0004198
293,biuian,<code>biuian</code>,1,0.0004198
293,blacan,<code>blacan</code>,1,0.0004198
293,blacian,<code>blacian</code>,1,0.0004198
293,blissa&eth;,<code>blissa&amp;d;</code>,1,0.0004198
293,blisse,<code>blisse</code>,1,0.0004198
293,boda&eth;,<code>boda&amp;d;</code>,1,0.0004198
293,bricum,<code>bricum</code>,1,0.0004198
293,bro&eth;er,<code>bro&amp;d;er</code>,1,0.0004198
293,brucan,<code>brucan</code>,1,0.0004198
293,burhwaru,<code>burhwaru</code>,1,0.0004198
293,buruhware,<code>buruhware</code>,1,0.0004198
293,buruhwaru,<code>buruhwaru</code>,1,0.0004198
293,bysmerlicum,<code>bysmerlicum</code>,1,0.0004198
293,cara&eth;,<code>cara&amp;d;</code>,1,0.0004198
293,care,<code>care</code>,1,0.0004198
293,carfulle,<code>carfulle</code>,1,0.0004198
293,carfulnysse,<code>carfulnysse</code>,1,0.0004198
293,casere,<code>casere</code>,1,0.0004198
293,ceapas,<code>ceapas</code>,1,0.0004198
293,ceaste,<code>ceaste</code>,1,0.0004198
293,ceorigendre,<code>ceorigendre</code>,1,0.0004198
293,cep&eth;,<code>cep&amp;d;</code>,1,0.0004198
293,cild,<code>cild</code>,1,0.0004198
293,ciuitatem,<code>ciuitatem</code>,1,0.0004198
293,clypode,<code>clypode</code>,1,0.0004198
293,clysungum,<code>clysungum</code>,1,0.0004198
293,cnapena,<code>cnapena</code>,1,0.0004198
293,crisaurius,<code>crisaurius</code>,1,0.0004198
293,cum,<code>cum</code>,1,0.0004198
293,cuwon,<code>cuwon</code>,1,0.0004198
293,cwearterne,<code>cwearterne</code>,1,0.0004198
293,cwyde,<code>cwyde</code>,1,0.0004198
293,cy&thorn;ere,<code>cy&amp;t;ere</code>,1,0.0004198
293,cynedome,<code>cynedome</code>,1,0.0004198
293,cynnes,<code>cynnes</code>,1,0.0004198
293,cypa,<code>cypa</code>,1,0.0004198
293,cype,<code>cype</code>,1,0.0004198
293,cyping,<code>cyping</code>,1,0.0004198
293,cyrcan,<code>cyrcan</code>,1,0.0004198
293,d&aelig;da,<code>d&amp;ae;da</code>,1,0.0004198
293,d&aelig;ges,<code>d&amp;ae;ges</code>,1,0.0004198
293,d&aelig;ghwomlice,<code>d&amp;ae;ghwomlice</code>,1,0.0004198
293,d&aelig;l,<code>d&amp;ae;l</code>,1,0.0004198
293,dara,<code>dara</code>,1,0.0004198
293,de&eth;,<code>de&amp;d;</code>,1,0.0004198
293,dea&eth;,<code>dea&amp;d;</code>,1,0.0004198
293,dea&eth;e,<code>dea&amp;d;e</code>,1,0.0004198
293,deoflu,<code>deoflu</code>,1,0.0004198
293,deriende,<code>deriende</code>,1,0.0004198
293,deriendlican,<code>deriendlican</code>,1,0.0004198
293,dom,<code>dom</code>,1,0.0004198
293,dominica,<code>dominica</code>,1,0.0004198
293,don,<code>don</code>,1,0.0004198
293,drohtna&eth;,<code>drohtna&amp;d;</code>,1,0.0004198
293,drohtniende,<code>drohtniende</code>,1,0.0004198
293,duste,<code>duste</code>,1,0.0004198
293,dysegra,<code>dysegra</code>,1,0.0004198
293,ea,<code>ea</code>,1,0.0004198
293,eadig,<code>eadig</code>,1,0.0004198
293,ealdan,<code>ealdan</code>,1,0.0004198
293,ealdorbiscopa,<code>ealdorbiscopa</code>,1,0.0004198
293,ealdormannum,<code>ealdormannum</code>,1,0.0004198
293,ealles,<code>ealles</code>,1,0.0004198
293,eallum,<code>eallum</code>,1,0.0004198
293,eallunga,<code>eallunga</code>,1,0.0004198
293,ealra,<code>ealra</code>,1,0.0004198
293,earde,<code>earde</code>,1,0.0004198
293,earman,<code>earman</code>,1,0.0004198
293,ecere,<code>ecere</code>,1,0.0004198
293,ecnysse,<code>ecnysse</code>,1,0.0004198
293,edlean,<code>edlean</code>,1,0.0004198
293,ege,<code>ege</code>,1,0.0004198
293,egeslican,<code>egeslican</code>,1,0.0004198
293,ehtnysse,<code>ehtnysse</code>,1,0.0004198
293,ehton,<code>ehton</code>,1,0.0004198
293,embe,<code>embe</code>,1,0.0004198
293,eor&thorn;lice,<code>eor&amp;t;lice</code>,1,0.0004198
293,eow,<code>eow</code>,1,0.0004198
293,eower,<code>eower</code>,1,0.0004198
293,f&aelig;derlicere,<code>f&amp;ae;derlicere</code>,1,0.0004198
293,f&aelig;gnia&eth;,<code>f&amp;ae;gnia&amp;d;</code>,1,0.0004198
293,faran,<code>faran</code>,1,0.0004198
293,farende,<code>farende</code>,1,0.0004198
293,fela,<code>fela</code>,1,0.0004198
293,feondlicum,<code>feondlicum</code>,1,0.0004198
293,feorran,<code>feorran</code>,1,0.0004198
293,feowertig,<code>feowertig</code>,1,0.0004198
293,ferde,<code>ferde</code>,1,0.0004198
293,folces,<code>folces</code>,1,0.0004198
293,for&thorn;si&eth;e,<code>for&amp;t;si&amp;d;e</code>,1,0.0004198
293,forbugon,<code>forbugon</code>,1,0.0004198
293,fordyde,<code>fordyde</code>,1,0.0004198
293,foresceawian,<code>foresceawian</code>,1,0.0004198
293,forewittig,<code>forewittig</code>,1,0.0004198
293,forgeaf,<code>forgeaf</code>,1,0.0004198
293,forgymeleasa&eth;,<code>forgymeleasa&amp;d;</code>,1,0.0004198
293,forhtiende,<code>forhtiende</code>,1,0.0004198
293,forlet,<code>forlet</code>,1,0.0004198
293,forlyst,<code>forlyst</code>,1,0.0004198
293,forman,<code>forman</code>,1,0.0004198
293,formolsnod,<code>formolsnod</code>,1,0.0004198
293,forspeonon,<code>forspeonon</code>,1,0.0004198
293,forwel,<code>forwel</code>,1,0.0004198
293,forwyrd,<code>forwyrd</code>,1,0.0004198
293,fr&aelig;cenfullum,<code>fr&amp;ae;cenfullum</code>,1,0.0004198
293,fremode,<code>fremode</code>,1,0.0004198
293,fulfremedlic,<code>fulfremedlic</code>,1,0.0004198
293,funde,<code>funde</code>,1,0.0004198
293,fylig&eth;,<code>fylig&amp;d;</code>,1,0.0004198
293,fyre,<code>fyre</code>,1,0.0004198
293,fyrenfull,<code>fyrenfull</code>,1,0.0004198
293,fyrhte,<code>fyrhte</code>,1,0.0004198
293,g&aelig;&eth;,<code>g&amp;ae;&amp;d;</code>,1,0.0004198
293,gan,<code>gan</code>,1,0.0004198
293,gast,<code>gast</code>,1,0.0004198
293,gasta,<code>gasta</code>,1,0.0004198
293,gastlice,<code>gastlice</code>,1,0.0004198
293,gastum,<code>gastum</code>,1,0.0004198
293,ge&thorn;ohtum,<code>ge&amp;t;ohtum</code>,1,0.0004198
293,ge&thorn;olian,<code>ge&amp;t;olian</code>,1,0.0004198
293,ge&thorn;reata&eth;,<code>ge&amp;t;reata&amp;d;</code>,1,0.0004198
293,geangsumia&eth;,<code>geangsumia&amp;d;</code>,1,0.0004198
293,geangsumod,<code>geangsumod</code>,1,0.0004198
293,gearcode,<code>gearcode</code>,1,0.0004198
293,gearu,<code>gearu</code>,1,0.0004198
293,gebeate,<code>gebeate</code>,1,0.0004198
293,gebeterode,<code>gebeterode</code>,1,0.0004198
293,gebettum,<code>gebettum</code>,1,0.0004198
293,gebro&thorn;ra,<code>gebro&amp;t;ra</code>,1,0.0004198
293,gebroht,<code>gebroht</code>,1,0.0004198
293,gecorenan,<code>gecorenan</code>,1,0.0004198
293,gecorenra,<code>gecorenra</code>,1,0.0004198
293,gecweme,<code>gecweme</code>,1,0.0004198
293,gecyrran,<code>gecyrran</code>,1,0.0004198
293,gedafenlic,<code>gedafenlic</code>,1,0.0004198
293,gedrefedre,<code>gedrefedre</code>,1,0.0004198
293,geegsod,<code>geegsod</code>,1,0.0004198
293,geendian,<code>geendian</code>,1,0.0004198
293,geendigenne,<code>geendigenne</code>,1,0.0004198
293,geendunge,<code>geendunge</code>,1,0.0004198
293,gefada,<code>gefada</code>,1,0.0004198
293,geferl&aelig;hte,<code>geferl&amp;ae;hte</code>,1,0.0004198
293,gefremedon,<code>gefremedon</code>,1,0.0004198
293,gefremman,<code>gefremman</code>,1,0.0004198
293,gefremme,<code>gefremme</code>,1,0.0004198
293,gefyllede,<code>gefyllede</code>,1,0.0004198
293,gegearnungum,<code>gegearnungum</code>,1,0.0004198
293,gegripon,<code>gegripon</code>,1,0.0004198
293,geh&aelig;fde,<code>geh&amp;ae;fde</code>,1,0.0004198
293,gehalgod,<code>gehalgod</code>,1,0.0004198
293,gehaten,<code>gehaten</code>,1,0.0004198
293,gehelp,<code>gehelp</code>,1,0.0004198
293,gehendnysse,<code>gehendnysse</code>,1,0.0004198
293,gehwylces,<code>gehwylces</code>,1,0.0004198
293,gehwyrfa&eth;,<code>gehwyrfa&amp;d;</code>,1,0.0004198
293,gehyp&eth;,<code>gehyp&amp;d;</code>,1,0.0004198
293,gehyran,<code>gehyran</code>,1,0.0004198
293,gehyrsumode,<code>gehyrsumode</code>,1,0.0004198
293,geihton,<code>geihton</code>,1,0.0004198
293,gel&aelig;d,<code>gel&amp;ae;d</code>,1,0.0004198
293,gel&aelig;ddon,<code>gel&amp;ae;ddon</code>,1,0.0004198
293,gela&eth;ung,<code>gela&amp;d;ung</code>,1,0.0004198
293,gela&thorn;unge,<code>gela&amp;t;unge</code>,1,0.0004198
293,geleafan,<code>geleafan</code>,1,0.0004198
293,geleaffulles,<code>geleaffulles</code>,1,0.0004198
293,geleaffullum,<code>geleaffullum</code>,1,0.0004198
293,geleaffulra,<code>geleaffulra</code>,1,0.0004198
293,geleaffulran,<code>geleaffulran</code>,1,0.0004198
293,gelice,<code>gelice</code>,1,0.0004198
293,gelicnysse,<code>gelicnysse</code>,1,0.0004198
293,geliff&aelig;stan,<code>geliff&amp;ae;stan</code>,1,0.0004198
293,gelumpe,<code>gelumpe</code>,1,0.0004198
293,gelumpon,<code>gelumpon</code>,1,0.0004198
293,gelyfan,<code>gelyfan</code>,1,0.0004198
293,gelyfedum,<code>gelyfedum</code>,1,0.0004198
293,gemet,<code>gemet</code>,1,0.0004198
293,gemetum,<code>gemetum</code>,1,0.0004198
293,gemiltsa,<code>gemiltsa</code>,1,0.0004198
293,gemyndig,<code>gemyndig</code>,1,0.0004198
293,gemyndige,<code>gemyndige</code>,1,0.0004198
293,gemynte,<code>gemynte</code>,1,0.0004198
293,geneal&aelig;hte,<code>geneal&amp;ae;hte</code>,1,0.0004198
293,geneosa&eth;,<code>geneosa&amp;d;</code>,1,0.0004198
293,geneosode,<code>geneosode</code>,1,0.0004198
293,geny&eth;erunge,<code>geny&amp;d;erunge</code>,1,0.0004198
293,gesamnode,<code>gesamnode</code>,1,0.0004198
293,gescy,<code>gescy</code>,1,0.0004198
293,geset,<code>geset</code>,1,0.0004198
293,gesetnysse,<code>gesetnysse</code>,1,0.0004198
293,gesih&eth;,<code>gesih&amp;d;</code>,1,0.0004198
293,gesih&eth;e,<code>gesih&amp;d;e</code>,1,0.0004198
293,gesohton,<code>gesohton</code>,1,0.0004198
293,gestreonum,<code>gestreonum</code>,1,0.0004198
293,gesundfulnysse,<code>gesundfulnysse</code>,1,0.0004198
293,geswencenne,<code>geswencenne</code>,1,0.0004198
293,geswice,<code>geswice</code>,1,0.0004198
293,geswutelode,<code>geswutelode</code>,1,0.0004198
293,getacnode,<code>getacnode</code>,1,0.0004198
293,getacnodon,<code>getacnodon</code>,1,0.0004198
293,getacnunge,<code>getacnunge</code>,1,0.0004198
293,getalod,<code>getalod</code>,1,0.0004198
293,getima&eth;,<code>getima&amp;d;</code>,1,0.0004198
293,getimbrian,<code>getimbrian</code>,1,0.0004198
293,getimbrod,<code>getimbrod</code>,1,0.0004198
293,getimbrung,<code>getimbrung</code>,1,0.0004198
293,getimbrunge,<code>getimbrunge</code>,1,0.0004198
293,getrymde,<code>getrymde</code>,1,0.0004198
293,geuntrumod,<code>geuntrumod</code>,1,0.0004198
293,gew&aelig;can,<code>gew&amp;ae;can</code>,1,0.0004198
293,gewelgod,<code>gewelgod</code>,1,0.0004198
293,geweold,<code>geweold</code>,1,0.0004198
293,gewilnode,<code>gewilnode</code>,1,0.0004198
293,gewit,<code>gewit</code>,1,0.0004198
293,gewitegode,<code>gewitegode</code>,1,0.0004198
293,gewitendlicere,<code>gewitendlicere</code>,1,0.0004198
293,gewrit,<code>gewrit</code>,1,0.0004198
293,gife,<code>gife</code>,1,0.0004198
293,gitsung,<code>gitsung</code>,1,0.0004198
293,gitsunge,<code>gitsunge</code>,1,0.0004198
293,godcundum,<code>godcundum</code>,1,0.0004198
293,godspel,<code>godspel</code>,1,0.0004198
293,godum,<code>godum</code>,1,0.0004198
293,gregorivs,<code>gregorivs</code>,1,0.0004198
293,grundlunga,<code>grundlunga</code>,1,0.0004198
293,gyddigende,<code>gyddigende</code>,1,0.0004198
293,gyfe,<code>gyfe</code>,1,0.0004198
293,gyltas,<code>gyltas</code>,1,0.0004198
293,gymeleaste,<code>gymeleaste</code>,1,0.0004198
293,gymene,<code>gymene</code>,1,0.0004198
293,gyt,<code>gyt</code>,1,0.0004198
293,gytsiendan,<code>gytsiendan</code>,1,0.0004198
293,gytsunge,<code>gytsunge</code>,1,0.0004198
293,h&aelig;l,<code>h&amp;ae;l</code>,1,0.0004198
293,h&aelig;lende,<code>h&amp;ae;lende</code>,1,0.0004198
293,h&aelig;s,<code>h&amp;ae;s</code>,1,0.0004198
293,h&#275;tera,<code>h&amp;e;tera</code>,1,0.0004198
293,habban,<code>habban</code>,1,0.0004198
293,hade,<code>hade</code>,1,0.0004198
293,halgan,<code>halgan</code>,1,0.0004198
293,halig,<code>halig</code>,1,0.0004198
293,hand,<code>hand</code>,1,0.0004198
293,hatan,<code>hatan</code>,1,0.0004198
293,hatte,<code>hatte</code>,1,0.0004198
293,healicum,<code>healicum</code>,1,0.0004198
293,heardmoda,<code>heardmoda</code>,1,0.0004198
293,hellicum,<code>hellicum</code>,1,0.0004198
293,heofe,<code>heofe</code>,1,0.0004198
293,heofian,<code>heofian</code>,1,0.0004198
293,heofonlican,<code>heofonlican</code>,1,0.0004198
293,heoldon,<code>heoldon</code>,1,0.0004198
293,herunga,<code>herunga</code>,1,0.0004198
293,herunge,<code>herunge</code>,1,0.0004198
293,hine,<code>hine</code>,1,0.0004198
293,hlaforde,<code>hlaforde</code>,1,0.0004198
293,hlafordes,<code>hlafordes</code>,1,0.0004198
293,hlisa,<code>hlisa</code>,1,0.0004198
293,hoga&eth;,<code>hoga&amp;d;</code>,1,0.0004198
293,hogode,<code>hogode</code>,1,0.0004198
293,hreosa&eth;,<code>hreosa&amp;d;</code>,1,0.0004198
293,hrymde,<code>hrymde</code>,1,0.0004198
293,hryre,<code>hryre</code>,1,0.0004198
293,hu,<code>hu</code>,1,0.0004198
293,hund,<code>hund</code>,1,0.0004198
293,hundnigontig,<code>hundnigontig</code>,1,0.0004198
293,huru&thorn;inga,<code>huru&amp;t;inga</code>,1,0.0004198
293,hwi,<code>hwi</code>,1,0.0004198
293,hwiltidum,<code>hwiltidum</code>,1,0.0004198
293,hwilwendlicum,<code>hwilwendlicum</code>,1,0.0004198
293,hwonlice,<code>hwonlice</code>,1,0.0004198
293,iacobe,<code>iacobe</code>,1,0.0004198
293,idelnysse,<code>idelnysse</code>,1,0.0004198
293,iesus,<code>iesus</code>,1,0.0004198
293,intingan,<code>intingan</code>,1,0.0004198
293,iohannes,<code>iohannes</code>,1,0.0004198
293,iordanen,<code>iordanen</code>,1,0.0004198
293,l&aelig;dan,<code>l&amp;ae;dan</code>,1,0.0004198
293,l&aelig;r&eth;,<code>l&amp;ae;r&amp;d;</code>,1,0.0004198
293,l&aelig;rde,<code>l&amp;ae;rde</code>,1,0.0004198
293,l&aelig;rende,<code>l&amp;ae;rende</code>,1,0.0004198
293,l&aelig;t,<code>l&amp;ae;t</code>,1,0.0004198
293,l&aelig;ta&eth;,<code>l&amp;ae;ta&amp;d;</code>,1,0.0004198
293,la,<code>la</code>,1,0.0004198
293,lace,<code>lace</code>,1,0.0004198
293,lafe,<code>lafe</code>,1,0.0004198
293,lange,<code>lange</code>,1,0.0004198
293,lareowas,<code>lareowas</code>,1,0.0004198
293,leaslican,<code>leaslican</code>,1,0.0004198
293,lecge,<code>lecge</code>,1,0.0004198
293,leodscipum,<code>leodscipum</code>,1,0.0004198
293,leofode,<code>leofode</code>,1,0.0004198
293,lic,<code>lic</code>,1,0.0004198
293,lichama,<code>lichama</code>,1,0.0004198
293,lichaman,<code>lichaman</code>,1,0.0004198
293,lifes,<code>lifes</code>,1,0.0004198
293,liflice,<code>liflice</code>,1,0.0004198
293,lof,<code>lof</code>,1,0.0004198
293,lofsangum,<code>lofsangum</code>,1,0.0004198
293,losia&eth;,<code>losia&amp;d;</code>,1,0.0004198
293,losie,<code>losie</code>,1,0.0004198
293,lytle,<code>lytle</code>,1,0.0004198
293,lytles,<code>lytles</code>,1,0.0004198
293,m&aelig;genleaste,<code>m&amp;ae;genleaste</code>,1,0.0004198
293,m&aelig;glicre,<code>m&amp;ae;glicre</code>,1,0.0004198
293,m&aelig;ig,<code>m&amp;ae;ig</code>,1,0.0004198
293,m&aelig;sta,<code>m&amp;ae;sta</code>,1,0.0004198
293,mage,<code>mage</code>,1,0.0004198
293,manega,<code>manega</code>,1,0.0004198
293,manegum,<code>manegum</code>,1,0.0004198
293,manfullice,<code>manfullice</code>,1,0.0004198
293,manga&eth;,<code>manga&amp;d;</code>,1,0.0004198
293,maran,<code>maran</code>,1,0.0004198
293,maxime,<code>maxime</code>,1,0.0004198
293,maximum,<code>maximum</code>,1,0.0004198
293,maximus,<code>maximus</code>,1,0.0004198
293,men,<code>men</code>,1,0.0004198
293,menigfealdum,<code>menigfealdum</code>,1,0.0004198
293,meniu,<code>meniu</code>,1,0.0004198
293,menniscnysse,<code>menniscnysse</code>,1,0.0004198
293,mete,<code>mete</code>,1,0.0004198
293,micclan,<code>micclan</code>,1,0.0004198
293,micele,<code>micele</code>,1,0.0004198
293,middaneardes,<code>middaneardes</code>,1,0.0004198
293,mihton,<code>mihton</code>,1,0.0004198
293,mildheortnyss,<code>mildheortnyss</code>,1,0.0004198
293,mine,<code>mine</code>,1,0.0004198
293,mislicum,<code>mislicum</code>,1,0.0004198
293,mode,<code>mode</code>,1,0.0004198
293,modignysse,<code>modignysse</code>,1,0.0004198
293,moste,<code>moste</code>,1,0.0004198
293,moton,<code>moton</code>,1,0.0004198
293,mu&eth;e,<code>mu&amp;d;e</code>,1,0.0004198
293,munuc,<code>munuc</code>,1,0.0004198
293,mynega&eth;,<code>mynega&amp;d;</code>,1,0.0004198
293,mynetcypa,<code>mynetcypa</code>,1,0.0004198
293,myryh&eth;e,<code>myryh&amp;d;e</code>,1,0.0004198
293,n&aelig;ron,<code>n&amp;ae;ron</code>,1,0.0004198
293,na&thorn;or,<code>na&amp;t;or</code>,1,0.0004198
293,nabba&eth;,<code>nabba&amp;d;</code>,1,0.0004198
293,nane,<code>nane</code>,1,0.0004198
293,nanum,<code>nanum</code>,1,0.0004198
293,nateshwon,<code>nateshwon</code>,1,0.0004198
293,nelle,<code>nelle</code>,1,0.0004198
293,neosunga,<code>neosunga</code>,1,0.0004198
293,noldon,<code>noldon</code>,1,0.0004198
293,nyt,<code>nyt</code>,1,0.0004198
293,o&eth;,<code>o&amp;d;</code>,1,0.0004198
293,o&eth;&eth;,<code>o&amp;d;&amp;d;</code>,1,0.0004198
293,o&eth;fleon,<code>o&amp;d;fleon</code>,1,0.0004198
293,o&eth;rum,<code>o&amp;d;rum</code>,1,0.0004198
293,o&thorn;&thorn;e,<code>o&amp;t;&amp;t;e</code>,1,0.0004198
293,o&thorn;ra,<code>o&amp;t;ra</code>,1,0.0004198
293,oferwinnenne,<code>oferwinnenne</code>,1,0.0004198
293,offrian,<code>offrian</code>,1,0.0004198
293,offrode,<code>offrode</code>,1,0.0004198
293,ofseah,<code>ofseah</code>,1,0.0004198
293,ofslea&eth;,<code>ofslea&amp;d;</code>,1,0.0004198
293,ofsloh,<code>ofsloh</code>,1,0.0004198
293,oft,<code>oft</code>,1,0.0004198
293,ofteon,<code>ofteon</code>,1,0.0004198
293,oftorfodon,<code>oftorfodon</code>,1,0.0004198
293,oncnawe,<code>oncnawe</code>,1,0.0004198
293,oncnawennysse,<code>oncnawennysse</code>,1,0.0004198
293,oncneowon,<code>oncneowon</code>,1,0.0004198
293,onfoh,<code>onfoh</code>,1,0.0004198
293,ongan,<code>ongan</code>,1,0.0004198
293,ongean,<code>ongean</code>,1,0.0004198
293,onsigon,<code>onsigon</code>,1,0.0004198
293,onsih&eth;,<code>onsih&amp;d;</code>,1,0.0004198
293,onsumere,<code>onsumere</code>,1,0.0004198
293,ontend,<code>ontend</code>,1,0.0004198
293,orof,<code>orof</code>,1,0.0004198
293,orsorgum,<code>orsorgum</code>,1,0.0004198
293,orsorhlice,<code>orsorhlice</code>,1,0.0004198
293,orwene,<code>orwene</code>,1,0.0004198
293,oxa,<code>oxa</code>,1,0.0004198
293,pentecosten,<code>pentecosten</code>,1,0.0004198
293,post,<code>post</code>,1,0.0004198
293,r&aelig;ding,<code>r&amp;ae;ding</code>,1,0.0004198
293,race,<code>race</code>,1,0.0004198
293,rapum,<code>rapum</code>,1,0.0004198
293,rariendre,<code>rariendre</code>,1,0.0004198
293,reaferas,<code>reaferas</code>,1,0.0004198
293,renas,<code>renas</code>,1,0.0004198
293,romanisc,<code>romanisc</code>,1,0.0004198
293,romanisca,<code>romanisca</code>,1,0.0004198
293,sace,<code>sace</code>,1,0.0004198
293,sacerdum,<code>sacerdum</code>,1,0.0004198
293,sang,<code>sang</code>,1,0.0004198
293,sarasceniscum,<code>sarasceniscum</code>,1,0.0004198
293,scea&eth;ena,<code>scea&amp;d;ena</code>,1,0.0004198
293,scea&thorn;an,<code>scea&amp;t;an</code>,1,0.0004198
293,scea&thorn;ena,<code>scea&amp;t;ena</code>,1,0.0004198
293,scea&thorn;um,<code>scea&amp;t;um</code>,1,0.0004198
293,sceamelican,<code>sceamelican</code>,1,0.0004198
293,sceap,<code>sceap</code>,1,0.0004198
293,sceapum,<code>sceapum</code>,1,0.0004198
293,sceattum,<code>sceattum</code>,1,0.0004198
293,sceolde,<code>sceolde</code>,1,0.0004198
293,scinan,<code>scinan</code>,1,0.0004198
293,scire,<code>scire</code>,1,0.0004198
293,scuton,<code>scuton</code>,1,0.0004198
293,scylda,<code>scylda</code>,1,0.0004198
293,sealmsceop,<code>sealmsceop</code>,1,0.0004198
293,sende,<code>sende</code>,1,0.0004198
293,sent,<code>sent</code>,1,0.0004198
293,setton,<code>setton</code>,1,0.0004198
293,sib,<code>sib</code>,1,0.0004198
293,six,<code>six</code>,1,0.0004198
293,smea&eth;,<code>smea&amp;d;</code>,1,0.0004198
293,smea&thorn;anclice,<code>smea&amp;t;anclice</code>,1,0.0004198
293,so&eth;f&aelig;stan,<code>so&amp;d;f&amp;ae;stan</code>,1,0.0004198
293,so&thorn;re,<code>so&amp;t;re</code>,1,0.0004198
293,sona,<code>sona</code>,1,0.0004198
293,spr&aelig;ca,<code>spr&amp;ae;ca</code>,1,0.0004198
293,stanum,<code>stanum</code>,1,0.0004198
293,stephanvm,<code>stephanvm</code>,1,0.0004198
293,stodon,<code>stodon</code>,1,0.0004198
293,storc,<code>storc</code>,1,0.0004198
293,streow,<code>streow</code>,1,0.0004198
293,sum,<code>sum</code>,1,0.0004198
293,sunnan,<code>sunnan</code>,1,0.0004198
293,susle,<code>susle</code>,1,0.0004198
293,sw&aelig;tan,<code>sw&amp;ae;tan</code>,1,0.0004198
293,swalewe,<code>swalewe</code>,1,0.0004198
293,sweartan,<code>sweartan</code>,1,0.0004198
293,swearte,<code>swearte</code>,1,0.0004198
293,swi&eth;e,<code>swi&amp;d;e</code>,1,0.0004198
293,swi&thorn;ost,<code>swi&amp;t;ost</code>,1,0.0004198
293,swilcera,<code>swilcera</code>,1,0.0004198
293,swilcere,<code>swilcere</code>,1,0.0004198
293,swulton,<code>swulton</code>,1,0.0004198
293,swutol,<code>swutol</code>,1,0.0004198
293,swylce,<code>swylce</code>,1,0.0004198
293,swylcum,<code>swylcum</code>,1,0.0004198
293,sy,<code>sy</code>,1,0.0004198
293,syl&eth;,<code>syl&amp;d;</code>,1,0.0004198
293,sylf,<code>sylf</code>,1,0.0004198
293,sylfes,<code>sylfes</code>,1,0.0004198
293,sylfre,<code>sylfre</code>,1,0.0004198
293,sylla&eth;,<code>sylla&amp;d;</code>,1,0.0004198
293,syllende,<code>syllende</code>,1,0.0004198
293,symle,<code>symle</code>,1,0.0004198
293,synfullan,<code>synfullan</code>,1,0.0004198
293,synfullum,<code>synfullum</code>,1,0.0004198
293,syngast,<code>syngast</code>,1,0.0004198
293,synnum,<code>synnum</code>,1,0.0004198
293,syxtyne,<code>syxtyne</code>,1,0.0004198
293,t&aelig;hte,<code>t&amp;ae;hte</code>,1,0.0004198
293,tacnum,<code>tacnum</code>,1,0.0004198
293,tala&eth;,<code>tala&amp;d;</code>,1,0.0004198
293,tearum,<code>tearum</code>,1,0.0004198
293,tid,<code>tid</code>,1,0.0004198
293,tihte,<code>tihte</code>,1,0.0004198
293,titum,<code>titum</code>,1,0.0004198
293,to&thorn;unden,<code>to&amp;t;unden</code>,1,0.0004198
293,tocymes,<code>tocymes</code>,1,0.0004198
293,todr&aelig;f&eth;,<code>todr&amp;ae;f&amp;d;</code>,1,0.0004198
293,todr&aelig;fednys,<code>todr&amp;ae;fednys</code>,1,0.0004198
293,tolysed,<code>tolysed</code>,1,0.0004198
293,tosendon,<code>tosendon</code>,1,0.0004198
293,tostencednyss,<code>tostencednyss</code>,1,0.0004198
293,totw&aelig;m&eth;,<code>totw&amp;ae;m&amp;d;</code>,1,0.0004198
293,toworpen,<code>toworpen</code>,1,0.0004198
293,toworpene,<code>toworpene</code>,1,0.0004198
293,toworpennyss,<code>toworpennyss</code>,1,0.0004198
293,towurpon,<code>towurpon</code>,1,0.0004198
293,trahtnere,<code>trahtnere</code>,1,0.0004198
293,truwian,<code>truwian</code>,1,0.0004198
293,tugon,<code>tugon</code>,1,0.0004198
293,ualeria,<code>ualeria</code>,1,0.0004198
293,uespasianus,<code>uespasianus</code>,1,0.0004198
293,uidens,<code>uidens</code>,1,0.0004198
293,unalyfedlican,<code>unalyfedlican</code>,1,0.0004198
293,undecima,<code>undecima</code>,1,0.0004198
293,under,<code>under</code>,1,0.0004198
293,under&thorn;eoddan,<code>under&amp;t;eoddan</code>,1,0.0004198
293,under&thorn;eoddum,<code>under&amp;t;eoddum</code>,1,0.0004198
293,ungefoh,<code>ungefoh</code>,1,0.0004198
293,ungefohgre,<code>ungefohgre</code>,1,0.0004198
293,ungefohlice,<code>ungefohlice</code>,1,0.0004198
293,unges&aelig;l&eth;e,<code>unges&amp;ae;l&amp;d;e</code>,1,0.0004198
293,unriht,<code>unriht</code>,1,0.0004198
293,unrihtwisan,<code>unrihtwisan</code>,1,0.0004198
293,unrihtwise,<code>unrihtwise</code>,1,0.0004198
293,unsc&aelig;&eth;&eth;ignysse,<code>unsc&amp;ae;&amp;d;&amp;d;ignysse</code>,1,0.0004198
293,untrumnyssum,<code>untrumnyssum</code>,1,0.0004198
293,untwylice,<code>untwylice</code>,1,0.0004198
293,up,<code>up</code>,1,0.0004198
293,upahafen,<code>upahafen</code>,1,0.0004198
293,ure,<code>ure</code>,1,0.0004198
293,urne,<code>urne</code>,1,0.0004198
293,utan,<code>utan</code>,1,0.0004198
293,utf&aelig;r,<code>utf&amp;ae;r</code>,1,0.0004198
293,uton,<code>uton</code>,1,0.0004198
293,w&aelig;lhr&aelig;wum,<code>w&amp;ae;lhr&amp;ae;wum</code>,1,0.0004198
293,w&aelig;stmas,<code>w&amp;ae;stmas</code>,1,0.0004198
293,wage,<code>wage</code>,1,0.0004198
293,wand,<code>wand</code>,1,0.0004198
293,weall,<code>weall</code>,1,0.0004198
293,weld&aelig;dum,<code>weld&amp;ae;dum</code>,1,0.0004198
293,welum,<code>welum</code>,1,0.0004198
293,weop,<code>weop</code>,1,0.0004198
293,weorca,<code>weorca</code>,1,0.0004198
293,weorcstanum,<code>weorcstanum</code>,1,0.0004198
293,wi&eth;cw&aelig;don,<code>wi&amp;d;cw&amp;ae;don</code>,1,0.0004198
293,wi&eth;ercorenan,<code>wi&amp;d;ercorenan</code>,1,0.0004198
293,wic,<code>wic</code>,1,0.0004198
293,willa&eth;,<code>willa&amp;d;</code>,1,0.0004198
293,wisan,<code>wisan</code>,1,0.0004198
293,wiste,<code>wiste</code>,1,0.0004198
293,witega,<code>witega</code>,1,0.0004198
293,wites,<code>wites</code>,1,0.0004198
293,witneras,<code>witneras</code>,1,0.0004198
293,witniendlicum,<code>witniendlicum</code>,1,0.0004198
293,wope,<code>wope</code>,1,0.0004198
293,woplicre,<code>woplicre</code>,1,0.0004198
293,worhte,<code>worhte</code>,1,0.0004198
293,woruld,<code>woruld</code>,1,0.0004198
293,worulda,<code>worulda</code>,1,0.0004198
293,woruldlice,<code>woruldlice</code>,1,0.0004198
293,woruldlicere,<code>woruldlicere</code>,1,0.0004198
293,wuldor,<code>wuldor</code>,1,0.0004198
293,wur&eth;myntum,<code>wur&amp;d;myntum</code>,1,0.0004198
293,wyrm,<code>wyrm</code>,1,0.0004198
293,wyrstum,<code>wyrstum</code>,1,0.0004198
293,ydelre,<code>ydelre</code>,1,0.0004198
293,yfeld&aelig;dum,<code>yfeld&amp;ae;dum</code>,1,0.0004198
293,yfeles,<code>yfeles</code>,1,0.0004198
293,yfelum,<code>yfelum</code>,1,0.0004198
293,ylcan,<code>ylcan</code>,1,0.0004198
293,ylde,<code>ylde</code>,1,0.0004198
293,ymbset,<code>ymbset</code>,1,0.0004198
293,ymbsette,<code>ymbsette</code>,1,0.0004198
293,ymbsettum,<code>ymbsettum</code>,1,0.0004198
293,yrm&eth;u,<code>yrm&amp;d;u</code>,1,0.0004198
293,yrm&thorn;e,<code>yrm&amp;t;e</code>,1,0.0004198
