B_Prose,B01,B01.002.024_AECHom_II__21_T02740.txt,1100,782,2959
RANK,HTML WORD,RAW WORD,COUNT,RELATIVE FREQUENCY
1,and,<code>and</code>,124,0.0419060
2,on,<code>on</code>,71,0.0239946
3,&eth;e,<code>&amp;d;e</code>,60,0.0202771
3,se,<code>se</code>,60,0.0202771
5,swa,<code>swa</code>,54,0.0182494
6,he,<code>he</code>,52,0.0175735
7,&thorn;&aelig;t,<code>&amp;t;&amp;ae;t</code>,51,0.0172356
7,his,<code>his</code>,51,0.0172356
9,hi,<code>hi</code>,49,0.0165596
9,ne,<code>ne</code>,49,0.0165596
11,mid,<code>mid</code>,41,0.0138560
12,&eth;a,<code>&amp;d;a</code>,39,0.0131801
13,to,<code>to</code>,36,0.0121663
14,we,<code>we</code>,31,0.0104765
15,gif,<code>gif</code>,30,0.0101386
16,for,<code>for</code>,29,0.0098006
17,us,<code>us</code>,27,0.0091247
18,heora,<code>heora</code>,26,0.0087868
19,god,<code>god</code>,24,0.0081108
20,is,<code>is</code>,23,0.0077729
21,&eth;am,<code>&amp;d;am</code>,22,0.0074349
21,him,<code>him</code>,22,0.0074349
23,bi&eth;,<code>bi&amp;d;</code>,20,0.0067590
23,eac,<code>eac</code>,20,0.0067590
25,ge,<code>ge</code>,18,0.0060831
26,be,<code>be</code>,17,0.0057452
27,beo&eth;,<code>beo&amp;d;</code>,16,0.0054072
27,eow,<code>eow</code>,16,0.0054072
29,ac,<code>ac</code>,15,0.0050693
29,drihten,<code>drihten</code>,15,0.0050693
29,eft,<code>eft</code>,15,0.0050693
32,&thorn;urh,<code>&amp;t;urh</code>,13,0.0043934
32,beon,<code>beon</code>,13,0.0043934
32,hine,<code>hine</code>,13,0.0043934
32,ure,<code>ure</code>,13,0.0043934
36,buton,<code>buton</code>,12,0.0040554
36,cw&aelig;&eth;,<code>cw&amp;ae;&amp;d;</code>,12,0.0040554
36,gode,<code>gode</code>,12,0.0040554
36,lufe,<code>lufe</code>,12,0.0040554
36,mannum,<code>mannum</code>,12,0.0040554
41,&eth;urh,<code>&amp;d;urh</code>,11,0.0037175
41,&thorn;e,<code>&amp;t;e</code>,11,0.0037175
41,ealle,<code>ealle</code>,11,0.0037175
41,f&aelig;der,<code>f&amp;ae;der</code>,11,0.0037175
41,me,<code>me</code>,11,0.0037175
41,s&aelig;de,<code>s&amp;ae;de</code>,11,0.0037175
47,so&eth;an,<code>so&amp;d;an</code>,10,0.0033795
48,&eth;an,<code>&amp;d;an</code>,9,0.0030416
48,min,<code>min</code>,9,0.0030416
48,sceolon,<code>sceolon</code>,9,0.0030416
51,&eth;isum,<code>&amp;d;isum</code>,8,0.0027036
51,&thorn;onne,<code>&amp;t;onne</code>,8,0.0027036
51,godes,<code>godes</code>,8,0.0027036
51,lufa&eth;,<code>lufa&amp;d;</code>,8,0.0027036
51,nan,<code>nan</code>,8,0.0027036
51,so&eth;lice,<code>so&amp;d;lice</code>,8,0.0027036
51,sylfne,<code>sylfne</code>,8,0.0027036
58,&aelig;r,<code>&amp;ae;r</code>,7,0.0023657
58,&eth;one,<code>&amp;d;one</code>,7,0.0023657
58,&eth;u,<code>&amp;d;u</code>,7,0.0023657
58,apostol,<code>apostol</code>,7,0.0023657
58,hit,<code>hit</code>,7,0.0023657
58,hylt,<code>hylt</code>,7,0.0023657
58,lufia&eth;,<code>lufia&amp;d;</code>,7,0.0023657
58,sind,<code>sind</code>,7,0.0023657
58,symle,<code>symle</code>,7,0.0023657
67,&aelig;hta,<code>&amp;ae;hta</code>,6,0.0020277
67,&eth;eah,<code>&amp;d;eah</code>,6,0.0020277
67,&thorn;a,<code>&amp;t;a</code>,6,0.0020277
67,&thorn;is,<code>&amp;t;is</code>,6,0.0020277
67,fram,<code>fram</code>,6,0.0020277
67,h&aelig;lend,<code>h&amp;ae;lend</code>,6,0.0020277
67,habba&eth;,<code>habba&amp;d;</code>,6,0.0020277
67,heo,<code>heo</code>,6,0.0020277
67,ic,<code>ic</code>,6,0.0020277
67,men,<code>men</code>,6,0.0020277
67,mode,<code>mode</code>,6,0.0020277
67,o&eth;&eth;e,<code>o&amp;d;&amp;d;e</code>,6,0.0020277
79,&aelig;t,<code>&amp;ae;t</code>,5,0.0016898
79,&thorn;&aelig;re,<code>&amp;t;&amp;ae;re</code>,5,0.0016898
79,&thorn;am,<code>&amp;t;am</code>,5,0.0016898
79,heortan,<code>heortan</code>,5,0.0016898
79,hw&aelig;t,<code>hw&amp;ae;t</code>,5,0.0016898
79,hwa,<code>hwa</code>,5,0.0016898
79,lareow,<code>lareow</code>,5,0.0016898
79,man,<code>man</code>,5,0.0016898
79,manna,<code>manna</code>,5,0.0016898
79,nu,<code>nu</code>,5,0.0016898
79,o&eth;erne,<code>o&amp;d;erne</code>,5,0.0016898
79,sceal,<code>sceal</code>,5,0.0016898
79,si&eth;&eth;an,<code>si&amp;d;&amp;d;an</code>,5,0.0016898
79,sylfe,<code>sylfe</code>,5,0.0016898
79,synnum,<code>synnum</code>,5,0.0016898
79,uton,<code>uton</code>,5,0.0016898
79,yfel,<code>yfel</code>,5,0.0016898
96,&aelig;lmihtiga,<code>&amp;ae;lmihtiga</code>,4,0.0013518
96,&thorn;&aelig;s,<code>&amp;t;&amp;ae;s</code>,4,0.0013518
96,&thorn;one,<code>&amp;t;one</code>,4,0.0013518
96,bearn,<code>bearn</code>,4,0.0013518
96,bebod,<code>bebod</code>,4,0.0013518
96,cild,<code>cild</code>,4,0.0013518
96,d&aelig;dum,<code>d&amp;ae;dum</code>,4,0.0013518
96,drihtnes,<code>drihtnes</code>,4,0.0013518
96,eallum,<code>eallum</code>,4,0.0013518
96,eowere,<code>eowere</code>,4,0.0013518
96,ge&eth;inc&eth;e,<code>ge&amp;d;inc&amp;d;e</code>,4,0.0013518
96,gedafena&eth;,<code>gedafena&amp;d;</code>,4,0.0013518
96,geleafan,<code>geleafan</code>,4,0.0013518
96,helle,<code>helle</code>,4,0.0013518
96,hu,<code>hu</code>,4,0.0013518
96,lif,<code>lif</code>,4,0.0013518
96,life,<code>life</code>,4,0.0013518
96,lufian,<code>lufian</code>,4,0.0013518
96,magon,<code>magon</code>,4,0.0013518
96,manega,<code>manega</code>,4,0.0013518
96,menn,<code>menn</code>,4,0.0013518
96,o&eth;er,<code>o&amp;d;er</code>,4,0.0013518
96,o&eth;re,<code>o&amp;d;re</code>,4,0.0013518
96,of,<code>of</code>,4,0.0013518
96,swilce,<code>swilce</code>,4,0.0013518
96,w&aelig;s,<code>w&amp;ae;s</code>,4,0.0013518
96,wel,<code>wel</code>,4,0.0013518
96,wif,<code>wif</code>,4,0.0013518
96,wisdom,<code>wisdom</code>,4,0.0013518
96,ylcan,<code>ylcan</code>,4,0.0013518
126,&aelig;lc,<code>&amp;ae;lc</code>,3,0.0010139
126,&aelig;nne,<code>&amp;ae;nne</code>,3,0.0010139
126,&aelig;we,<code>&amp;ae;we</code>,3,0.0010139
126,&eth;eawum,<code>&amp;d;eawum</code>,3,0.0010139
126,&eth;eoda,<code>&amp;d;eoda</code>,3,0.0010139
126,&eth;i,<code>&amp;d;i</code>,3,0.0010139
126,&eth;ine,<code>&amp;d;ine</code>,3,0.0010139
126,&eth;ing,<code>&amp;d;ing</code>,3,0.0010139
126,&eth;inne,<code>&amp;d;inne</code>,3,0.0010139
126,&eth;onne,<code>&amp;d;onne</code>,3,0.0010139
126,&eth;us,<code>&amp;d;us</code>,3,0.0010139
126,a,<code>a</code>,3,0.0010139
126,bebode,<code>bebode</code>,3,0.0010139
126,begen,<code>begen</code>,3,0.0010139
126,cilde,<code>cilde</code>,3,0.0010139
126,crist,<code>crist</code>,3,0.0010139
126,cristes,<code>cristes</code>,3,0.0010139
126,dea&eth;e,<code>dea&amp;d;e</code>,3,0.0010139
126,dema&eth;,<code>dema&amp;d;</code>,3,0.0010139
126,eor&eth;an,<code>eor&amp;d;an</code>,3,0.0010139
126,fela,<code>fela</code>,3,0.0010139
126,folce,<code>folce</code>,3,0.0010139
126,forsih&eth;,<code>forsih&amp;d;</code>,3,0.0010139
126,gebro&eth;ra,<code>gebro&amp;d;ra</code>,3,0.0010139
126,godum,<code>godum</code>,3,0.0010139
126,h&aelig;bbe,<code>h&amp;ae;bbe</code>,3,0.0010139
126,h&aelig;f&eth;,<code>h&amp;ae;f&amp;d;</code>,3,0.0010139
126,healda&eth;,<code>healda&amp;d;</code>,3,0.0010139
126,l&aelig;rde,<code>l&amp;ae;rde</code>,3,0.0010139
126,lufige,<code>lufige</code>,3,0.0010139
126,lufu,<code>lufu</code>,3,0.0010139
126,m&aelig;g,<code>m&amp;ae;g</code>,3,0.0010139
126,manode,<code>manode</code>,3,0.0010139
126,micclan,<code>micclan</code>,3,0.0010139
126,micel,<code>micel</code>,3,0.0010139
126,mine,<code>mine</code>,3,0.0010139
126,nama,<code>nama</code>,3,0.0010139
126,nextan,<code>nextan</code>,3,0.0010139
126,nis,<code>nis</code>,3,0.0010139
126,nytenu,<code>nytenu</code>,3,0.0010139
126,ofer,<code>ofer</code>,3,0.0010139
126,rice,<code>rice</code>,3,0.0010139
126,rihtwisnysse,<code>rihtwisnysse</code>,3,0.0010139
126,sawle,<code>sawle</code>,3,0.0010139
126,scyppendes,<code>scyppendes</code>,3,0.0010139
126,sealde,<code>sealde</code>,3,0.0010139
126,so&eth;re,<code>so&amp;d;re</code>,3,0.0010139
126,sona,<code>sona</code>,3,0.0010139
126,sumum,<code>sumum</code>,3,0.0010139
126,syllan,<code>syllan</code>,3,0.0010139
126,synna,<code>synna</code>,3,0.0010139
126,timan,<code>timan</code>,3,0.0010139
126,under,<code>under</code>,3,0.0010139
126,wer,<code>wer</code>,3,0.0010139
126,wi&eth;,<code>wi&amp;d;</code>,3,0.0010139
126,wife,<code>wife</code>,3,0.0010139
126,witega,<code>witega</code>,3,0.0010139
183,&aelig;fter,<code>&amp;ae;fter</code>,2,0.0006759
183,&aelig;htum,<code>&amp;ae;htum</code>,2,0.0006759
183,&aelig;lmesd&aelig;dum,<code>&amp;ae;lmesd&amp;ae;dum</code>,2,0.0006759
183,&aelig;rran,<code>&amp;ae;rran</code>,2,0.0006759
183,&eth;&aelig;re,<code>&amp;d;&amp;ae;re</code>,2,0.0006759
183,&eth;&aelig;s,<code>&amp;d;&amp;ae;s</code>,2,0.0006759
183,&eth;eowt,<code>&amp;d;eowt</code>,2,0.0006759
183,&eth;igene,<code>&amp;d;igene</code>,2,0.0006759
183,&thorn;as,<code>&amp;t;as</code>,2,0.0006759
183,&thorn;us,<code>&amp;t;us</code>,2,0.0006759
183,ab&aelig;d,<code>ab&amp;ae;d</code>,2,0.0006759
183,alyst,<code>alyst</code>,2,0.0006759
183,ana,<code>ana</code>,2,0.0006759
183,anes,<code>anes</code>,2,0.0006759
183,anum,<code>anum</code>,2,0.0006759
183,ateoria&eth;,<code>ateoria&amp;d;</code>,2,0.0006759
183,awrat,<code>awrat</code>,2,0.0006759
183,beboda,<code>beboda</code>,2,0.0006759
183,behofia&eth;,<code>behofia&amp;d;</code>,2,0.0006759
183,behydde,<code>behydde</code>,2,0.0006759
183,beo,<code>beo</code>,2,0.0006759
183,beswing&eth;,<code>beswing&amp;d;</code>,2,0.0006759
183,betwux,<code>betwux</code>,2,0.0006759
183,blissia&eth;,<code>blissia&amp;d;</code>,2,0.0006759
183,bodunge,<code>bodunge</code>,2,0.0006759
183,bro&eth;er,<code>bro&amp;d;er</code>,2,0.0006759
183,cristenum,<code>cristenum</code>,2,0.0006759
183,cyning,<code>cyning</code>,2,0.0006759
183,d&aelig;dbote,<code>d&amp;ae;dbote</code>,2,0.0006759
183,d&aelig;ge,<code>d&amp;ae;ge</code>,2,0.0006759
183,deoflu,<code>deoflu</code>,2,0.0006759
183,duge&eth;e,<code>duge&amp;d;e</code>,2,0.0006759
183,eawbr&aelig;ce,<code>eawbr&amp;ae;ce</code>,2,0.0006759
183,eawbr&aelig;cum,<code>eawbr&amp;ae;cum</code>,2,0.0006759
183,efne,<code>efne</code>,2,0.0006759
183,ehtnysse,<code>ehtnysse</code>,2,0.0006759
183,f&aelig;derum,<code>f&amp;ae;derum</code>,2,0.0006759
183,f&aelig;gre,<code>f&amp;ae;gre</code>,2,0.0006759
183,for&eth;,<code>for&amp;d;</code>,2,0.0006759
183,forde&eth;,<code>forde&amp;d;</code>,2,0.0006759
183,forgeaf,<code>forgeaf</code>,2,0.0006759
183,forl&aelig;t,<code>forl&amp;ae;t</code>,2,0.0006759
183,fornim&eth;,<code>fornim&amp;d;</code>,2,0.0006759
183,frema&eth;,<code>frema&amp;d;</code>,2,0.0006759
183,freond,<code>freond</code>,2,0.0006759
183,frynd,<code>frynd</code>,2,0.0006759
183,galnysse,<code>galnysse</code>,2,0.0006759
183,ge&eth;yld,<code>ge&amp;d;yld</code>,2,0.0006759
183,ge&eth;yldige,<code>ge&amp;d;yldige</code>,2,0.0006759
183,geearnian,<code>geearnian</code>,2,0.0006759
183,gehealdene,<code>gehealdene</code>,2,0.0006759
183,gehyr&eth;,<code>gehyr&amp;d;</code>,2,0.0006759
183,gehyra&eth;,<code>gehyra&amp;d;</code>,2,0.0006759
183,gehyrsume,<code>gehyrsume</code>,2,0.0006759
183,gelic,<code>gelic</code>,2,0.0006759
183,gemet,<code>gemet</code>,2,0.0006759
183,ges&aelig;d,<code>ges&amp;ae;d</code>,2,0.0006759
183,gesceade,<code>gesceade</code>,2,0.0006759
183,gesceafte,<code>gesceafte</code>,2,0.0006759
183,gesetnysse,<code>gesetnysse</code>,2,0.0006759
183,gesette,<code>gesette</code>,2,0.0006759
183,gewitna&eth;,<code>gewitna&amp;d;</code>,2,0.0006759
183,godnysse,<code>godnysse</code>,2,0.0006759
183,gyrde,<code>gyrde</code>,2,0.0006759
183,gyt,<code>gyt</code>,2,0.0006759
183,h&aelig;sum,<code>h&amp;ae;sum</code>,2,0.0006759
183,halige,<code>halige</code>,2,0.0006759
183,healdon,<code>healdon</code>,2,0.0006759
183,heofonan,<code>heofonan</code>,2,0.0006759
183,hiwunge,<code>hiwunge</code>,2,0.0006759
183,hlafordas,<code>hlafordas</code>,2,0.0006759
183,hwilon,<code>hwilon</code>,2,0.0006759
183,iohannes,<code>iohannes</code>,2,0.0006759
183,l&aelig;ran,<code>l&amp;ae;ran</code>,2,0.0006759
183,l&aelig;s,<code>l&amp;ae;s</code>,2,0.0006759
183,l&aelig;wedum,<code>l&amp;ae;wedum</code>,2,0.0006759
183,lange,<code>lange</code>,2,0.0006759
183,lare,<code>lare</code>,2,0.0006759
183,lareowas,<code>lareowas</code>,2,0.0006759
183,leoht,<code>leoht</code>,2,0.0006759
183,lichaman,<code>lichaman</code>,2,0.0006759
183,lifes,<code>lifes</code>,2,0.0006759
183,lifigendan,<code>lifigendan</code>,2,0.0006759
183,lufa,<code>lufa</code>,2,0.0006759
183,mancynne,<code>mancynne</code>,2,0.0006759
183,mann,<code>mann</code>,2,0.0006759
183,maran,<code>maran</code>,2,0.0006759
183,menniscum,<code>menniscum</code>,2,0.0006759
183,metodan,<code>metodan</code>,2,0.0006759
183,middanearde,<code>middanearde</code>,2,0.0006759
183,mildheortnysse,<code>mildheortnysse</code>,2,0.0006759
183,modes,<code>modes</code>,2,0.0006759
183,mu&eth;,<code>mu&amp;d;</code>,2,0.0006759
183,mu&eth;e,<code>mu&amp;d;e</code>,2,0.0006759
183,n&aelig;fre,<code>n&amp;ae;fre</code>,2,0.0006759
183,n&aelig;re,<code>n&amp;ae;re</code>,2,0.0006759
183,nele,<code>nele</code>,2,0.0006759
183,nexta,<code>nexta</code>,2,0.0006759
183,o&eth;,<code>o&amp;d;</code>,2,0.0006759
183,o&thorn;&thorn;e,<code>o&amp;t;&amp;t;e</code>,2,0.0006759
183,ofereacan,<code>ofereacan</code>,2,0.0006759
183,ortruwige,<code>ortruwige</code>,2,0.0006759
183,r&aelig;da&eth;,<code>r&amp;ae;da&amp;d;</code>,2,0.0006759
183,s&aelig;w&eth;,<code>s&amp;ae;w&amp;d;</code>,2,0.0006759
183,sceoldon,<code>sceoldon</code>,2,0.0006759
183,scinende,<code>scinende</code>,2,0.0006759
183,scyppend,<code>scyppend</code>,2,0.0006759
183,seo,<code>seo</code>,2,0.0006759
183,sibbe,<code>sibbe</code>,2,0.0006759
183,so&eth;,<code>so&amp;d;</code>,2,0.0006759
183,so&eth;e,<code>so&amp;d;e</code>,2,0.0006759
183,so&eth;f&aelig;stnysse,<code>so&amp;d;f&amp;ae;stnysse</code>,2,0.0006759
183,so&eth;um,<code>so&amp;d;um</code>,2,0.0006759
183,spr&aelig;c,<code>spr&amp;ae;c</code>,2,0.0006759
183,standan,<code>standan</code>,2,0.0006759
183,steore,<code>steore</code>,2,0.0006759
183,sumne,<code>sumne</code>,2,0.0006759
183,sweartum,<code>sweartum</code>,2,0.0006759
183,swi&eth;e,<code>swi&amp;d;e</code>,2,0.0006759
183,swi&eth;or,<code>swi&amp;d;or</code>,2,0.0006759
183,swilcum,<code>swilcum</code>,2,0.0006759
183,sylf,<code>sylf</code>,2,0.0006759
183,sylfum,<code>sylfum</code>,2,0.0006759
183,sylla&eth;,<code>sylla&amp;d;</code>,2,0.0006759
183,toweardan,<code>toweardan</code>,2,0.0006759
183,twam,<code>twam</code>,2,0.0006759
183,underfeh&eth;,<code>underfeh&amp;d;</code>,2,0.0006759
183,unriht,<code>unriht</code>,2,0.0006759
183,urum,<code>urum</code>,2,0.0006759
183,w&aelig;ron,<code>w&amp;ae;ron</code>,2,0.0006759
183,wa,<code>wa</code>,2,0.0006759
183,weorcum,<code>weorcum</code>,2,0.0006759
183,werum,<code>werum</code>,2,0.0006759
183,wordum,<code>wordum</code>,2,0.0006759
183,wunian,<code>wunian</code>,2,0.0006759
183,wyrca&eth;,<code>wyrca&amp;d;</code>,2,0.0006759
319,&aelig;,<code>&amp;ae;</code>,1,0.0003380
319,&aelig;cer,<code>&amp;ae;cer</code>,1,0.0003380
319,&aelig;fre,<code>&amp;ae;fre</code>,1,0.0003380
319,&aelig;lcere,<code>&amp;ae;lcere</code>,1,0.0003380
319,&aelig;lcne,<code>&amp;ae;lcne</code>,1,0.0003380
319,&aelig;lmihtigan,<code>&amp;ae;lmihtigan</code>,1,0.0003380
319,&aelig;lmihtigum,<code>&amp;ae;lmihtigum</code>,1,0.0003380
319,&aelig;ne,<code>&amp;ae;ne</code>,1,0.0003380
319,&aelig;nig,<code>&amp;ae;nig</code>,1,0.0003380
319,&aelig;niges,<code>&amp;ae;niges</code>,1,0.0003380
319,&aelig;nigum,<code>&amp;ae;nigum</code>,1,0.0003380
319,&aelig;pples,<code>&amp;ae;pples</code>,1,0.0003380
319,&aelig;rest,<code>&amp;ae;rest</code>,1,0.0003380
319,&aelig;tbr&aelig;d,<code>&amp;ae;tbr&amp;ae;d</code>,1,0.0003380
319,&aelig;tbreda&eth;,<code>&amp;ae;tbreda&amp;d;</code>,1,0.0003380
319,&aelig;tbret,<code>&amp;ae;tbret</code>,1,0.0003380
319,&aelig;tforan,<code>&amp;ae;tforan</code>,1,0.0003380
319,&aelig;wum,<code>&amp;ae;wum</code>,1,0.0003380
319,&eth;&aelig;ne,<code>&amp;d;&amp;ae;ne</code>,1,0.0003380
319,&eth;&aelig;r,<code>&amp;d;&amp;ae;r</code>,1,0.0003380
319,&eth;&aelig;ra,<code>&amp;d;&amp;ae;ra</code>,1,0.0003380
319,&eth;earfan,<code>&amp;d;earfan</code>,1,0.0003380
319,&eth;eawf&aelig;stan,<code>&amp;d;eawf&amp;ae;stan</code>,1,0.0003380
319,&eth;eostrum,<code>&amp;d;eostrum</code>,1,0.0003380
319,&eth;eowa,<code>&amp;d;eowa</code>,1,0.0003380
319,&eth;eowan,<code>&amp;d;eowan</code>,1,0.0003380
319,&eth;eowdon,<code>&amp;d;eowdon</code>,1,0.0003380
319,&eth;eowia&eth;,<code>&amp;d;eowia&amp;d;</code>,1,0.0003380
319,&eth;eowige,<code>&amp;d;eowige</code>,1,0.0003380
319,&eth;eowum,<code>&amp;d;eowum</code>,1,0.0003380
319,&eth;incg,<code>&amp;d;incg</code>,1,0.0003380
319,&eth;ingian,<code>&amp;d;ingian</code>,1,0.0003380
319,&eth;inre,<code>&amp;d;inre</code>,1,0.0003380
319,&eth;inum,<code>&amp;d;inum</code>,1,0.0003380
319,&eth;ises,<code>&amp;d;ises</code>,1,0.0003380
319,&eth;rea&eth;,<code>&amp;d;rea&amp;d;</code>,1,0.0003380
319,&eth;reade,<code>&amp;d;reade</code>,1,0.0003380
319,&eth;reaga&eth;,<code>&amp;d;reaga&amp;d;</code>,1,0.0003380
319,&eth;reagan,<code>&amp;d;reagan</code>,1,0.0003380
319,&eth;reage,<code>&amp;d;reage</code>,1,0.0003380
319,&eth;reora,<code>&amp;d;reora</code>,1,0.0003380
319,&eth;rowiendlic,<code>&amp;d;rowiendlic</code>,1,0.0003380
319,&eth;rymwealdend,<code>&amp;d;rymwealdend</code>,1,0.0003380
319,&eth;rynnyss,<code>&amp;d;rynnyss</code>,1,0.0003380
319,&eth;urfe,<code>&amp;d;urfe</code>,1,0.0003380
319,&eth;urhteon,<code>&amp;d;urhteon</code>,1,0.0003380
319,&eth;urhwuna&eth;,<code>&amp;d;urhwuna&amp;d;</code>,1,0.0003380
319,&eth;wyran,<code>&amp;d;wyran</code>,1,0.0003380
319,&eth;y,<code>&amp;d;y</code>,1,0.0003380
319,&eth;yssere,<code>&amp;d;yssere</code>,1,0.0003380
319,&thorn;&aelig;ra,<code>&amp;t;&amp;ae;ra</code>,1,0.0003380
319,&thorn;&aelig;slicnysse,<code>&amp;t;&amp;ae;slicnysse</code>,1,0.0003380
319,&thorn;eah,<code>&amp;t;eah</code>,1,0.0003380
319,&thorn;earfan,<code>&amp;t;earfan</code>,1,0.0003380
319,&thorn;eawf&aelig;stnysse,<code>&amp;t;eawf&amp;ae;stnysse</code>,1,0.0003380
319,&thorn;eostru,<code>&amp;t;eostru</code>,1,0.0003380
319,&thorn;eowe,<code>&amp;t;eowe</code>,1,0.0003380
319,&thorn;ine,<code>&amp;t;ine</code>,1,0.0003380
319,&thorn;ines,<code>&amp;t;ines</code>,1,0.0003380
319,&thorn;rea&eth;,<code>&amp;t;rea&amp;d;</code>,1,0.0003380
319,a&eth;as,<code>a&amp;d;as</code>,1,0.0003380
319,a&eth;wea,<code>a&amp;d;wea</code>,1,0.0003380
319,acennede,<code>acennede</code>,1,0.0003380
319,adam,<code>adam</code>,1,0.0003380
319,adreah,<code>adreah</code>,1,0.0003380
319,adylega&eth;,<code>adylega&amp;d;</code>,1,0.0003380
319,afedd,<code>afedd</code>,1,0.0003380
319,afedde,<code>afedde</code>,1,0.0003380
319,agene,<code>agene</code>,1,0.0003380
319,agenne,<code>agenne</code>,1,0.0003380
319,agenum,<code>agenum</code>,1,0.0003380
319,alyfed,<code>alyfed</code>,1,0.0003380
319,am&aelig;ton,<code>am&amp;ae;ton</code>,1,0.0003380
319,amen,<code>amen</code>,1,0.0003380
319,ameten,<code>ameten</code>,1,0.0003380
319,amyrron,<code>amyrron</code>,1,0.0003380
319,andettan,<code>andettan</code>,1,0.0003380
319,andlyfan,<code>andlyfan</code>,1,0.0003380
319,andweardan,<code>andweardan</code>,1,0.0003380
319,anfealdnysse,<code>anfealdnysse</code>,1,0.0003380
319,anfealdre,<code>anfealdre</code>,1,0.0003380
319,anlicnysse,<code>anlicnysse</code>,1,0.0003380
319,anr&aelig;dlice,<code>anr&amp;ae;dlice</code>,1,0.0003380
319,anr&aelig;dum,<code>anr&amp;ae;dum</code>,1,0.0003380
319,anra,<code>anra</code>,1,0.0003380
319,anre,<code>anre</code>,1,0.0003380
319,ansyne,<code>ansyne</code>,1,0.0003380
319,anwealdum,<code>anwealdum</code>,1,0.0003380
319,arise,<code>arise</code>,1,0.0003380
319,arleasan,<code>arleasan</code>,1,0.0003380
319,arleasra,<code>arleasra</code>,1,0.0003380
319,arleasum,<code>arleasum</code>,1,0.0003380
319,arwur&eth;a,<code>arwur&amp;d;a</code>,1,0.0003380
319,arwur&eth;ian,<code>arwur&amp;d;ian</code>,1,0.0003380
319,asetne,<code>asetne</code>,1,0.0003380
319,aspendan,<code>aspendan</code>,1,0.0003380
319,awriten,<code>awriten</code>,1,0.0003380
319,awyrp&eth;,<code>awyrp&amp;d;</code>,1,0.0003380
319,axian,<code>axian</code>,1,0.0003380
319,axode,<code>axode</code>,1,0.0003380
319,bealdum,<code>bealdum</code>,1,0.0003380
319,bearna,<code>bearna</code>,1,0.0003380
319,bearne,<code>bearne</code>,1,0.0003380
319,bearnum,<code>bearnum</code>,1,0.0003380
319,bebead,<code>bebead</code>,1,0.0003380
319,bebeode,<code>bebeode</code>,1,0.0003380
319,bebodu,<code>bebodu</code>,1,0.0003380
319,bec,<code>bec</code>,1,0.0003380
319,becuma&eth;,<code>becuma&amp;d;</code>,1,0.0003380
319,bed&aelig;lede,<code>bed&amp;ae;lede</code>,1,0.0003380
319,bedyglian,<code>bedyglian</code>,1,0.0003380
319,befealla&eth;,<code>befealla&amp;d;</code>,1,0.0003380
319,beforan,<code>beforan</code>,1,0.0003380
319,begyton,<code>begyton</code>,1,0.0003380
319,beluca&eth;,<code>beluca&amp;d;</code>,1,0.0003380
319,bend,<code>bend</code>,1,0.0003380
319,bescofene,<code>bescofene</code>,1,0.0003380
319,besetton,<code>besetton</code>,1,0.0003380
319,bestingon,<code>bestingon</code>,1,0.0003380
319,betwynan,<code>betwynan</code>,1,0.0003380
319,beweria&eth;,<code>beweria&amp;d;</code>,1,0.0003380
319,bidda&eth;,<code>bidda&amp;d;</code>,1,0.0003380
319,biddende,<code>biddende</code>,1,0.0003380
319,bigleofan,<code>bigleofan</code>,1,0.0003380
319,biscop,<code>biscop</code>,1,0.0003380
319,biscopas,<code>biscopas</code>,1,0.0003380
319,bitere,<code>bitere</code>,1,0.0003380
319,bletsode,<code>bletsode</code>,1,0.0003380
319,blinda,<code>blinda</code>,1,0.0003380
319,blindan,<code>blindan</code>,1,0.0003380
319,blindum,<code>blindum</code>,1,0.0003380
319,blissian,<code>blissian</code>,1,0.0003380
319,boclicere,<code>boclicere</code>,1,0.0003380
319,bocum,<code>bocum</code>,1,0.0003380
319,boda&eth;,<code>boda&amp;d;</code>,1,0.0003380
319,bodian,<code>bodian</code>,1,0.0003380
319,bodion,<code>bodion</code>,1,0.0003380
319,bogas,<code>bogas</code>,1,0.0003380
319,bosme,<code>bosme</code>,1,0.0003380
319,bre&eth;er,<code>bre&amp;d;er</code>,1,0.0003380
319,bro&eth;err&aelig;dene,<code>bro&amp;d;err&amp;ae;dene</code>,1,0.0003380
319,bro&eth;or,<code>bro&amp;d;or</code>,1,0.0003380
319,bydelum,<code>bydelum</code>,1,0.0003380
319,bysnian,<code>bysnian</code>,1,0.0003380
319,bysnode,<code>bysnode</code>,1,0.0003380
319,ceaf,<code>ceaf</code>,1,0.0003380
319,cepa&eth;,<code>cepa&amp;d;</code>,1,0.0003380
319,cildru,<code>cildru</code>,1,0.0003380
319,cl&aelig;nan,<code>cl&amp;ae;nan</code>,1,0.0003380
319,cl&aelig;nnysse,<code>cl&amp;ae;nnysse</code>,1,0.0003380
319,cl&aelig;nsian,<code>cl&amp;ae;nsian</code>,1,0.0003380
319,clypia&eth;,<code>clypia&amp;d;</code>,1,0.0003380
319,clypode,<code>clypode</code>,1,0.0003380
319,clypunge,<code>clypunge</code>,1,0.0003380
319,comon,<code>comon</code>,1,0.0003380
319,criste,<code>criste</code>,1,0.0003380
319,cristendom,<code>cristendom</code>,1,0.0003380
319,cu&eth;,<code>cu&amp;d;</code>,1,0.0003380
319,cu&eth;lice,<code>cu&amp;d;lice</code>,1,0.0003380
319,cuma&eth;,<code>cuma&amp;d;</code>,1,0.0003380
319,cwe&eth;a&eth;,<code>cwe&amp;d;a&amp;d;</code>,1,0.0003380
319,cwe&eth;ende,<code>cwe&amp;d;ende</code>,1,0.0003380
319,cwellera,<code>cwellera</code>,1,0.0003380
319,cwelmb&aelig;re,<code>cwelmb&amp;ae;re</code>,1,0.0003380
319,cwy&eth;,<code>cwy&amp;d;</code>,1,0.0003380
319,cwyde,<code>cwyde</code>,1,0.0003380
319,cwydum,<code>cwydum</code>,1,0.0003380
319,cy&eth;,<code>cy&amp;d;</code>,1,0.0003380
319,cy&eth;&eth;e,<code>cy&amp;d;&amp;d;e</code>,1,0.0003380
319,cym&eth;,<code>cym&amp;d;</code>,1,0.0003380
319,cyninge,<code>cyninge</code>,1,0.0003380
319,cypmannum,<code>cypmannum</code>,1,0.0003380
319,d&aelig;fta&eth;,<code>d&amp;ae;fta&amp;d;</code>,1,0.0003380
319,d&aelig;ges,<code>d&amp;ae;ges</code>,1,0.0003380
319,deman,<code>deman</code>,1,0.0003380
319,demum,<code>demum</code>,1,0.0003380
319,deoflum,<code>deoflum</code>,1,0.0003380
319,deofolgyldan,<code>deofolgyldan</code>,1,0.0003380
319,deopnysse,<code>deopnysse</code>,1,0.0003380
319,derian,<code>derian</code>,1,0.0003380
319,dest,<code>dest</code>,1,0.0003380
319,digele,<code>digele</code>,1,0.0003380
319,discipulum,<code>discipulum</code>,1,0.0003380
319,do&eth;,<code>do&amp;d;</code>,1,0.0003380
319,dollice,<code>dollice</code>,1,0.0003380
319,dom,<code>dom</code>,1,0.0003380
319,domsetle,<code>domsetle</code>,1,0.0003380
319,donne,<code>donne</code>,1,0.0003380
319,dorston,<code>dorston</code>,1,0.0003380
319,drencum,<code>drencum</code>,1,0.0003380
319,drihtne,<code>drihtne</code>,1,0.0003380
319,drinceras,<code>drinceras</code>,1,0.0003380
319,druncennysse,<code>druncennysse</code>,1,0.0003380
319,drymen,<code>drymen</code>,1,0.0003380
319,dydrunge,<code>dydrunge</code>,1,0.0003380
319,dyrnan,<code>dyrnan</code>,1,0.0003380
319,dyrne,<code>dyrne</code>,1,0.0003380
319,ea&eth;elice,<code>ea&amp;d;elice</code>,1,0.0003380
319,eadiga,<code>eadiga</code>,1,0.0003380
319,eala,<code>eala</code>,1,0.0003380
319,eallunge,<code>eallunge</code>,1,0.0003380
319,ealne,<code>ealne</code>,1,0.0003380
319,ealre,<code>ealre</code>,1,0.0003380
319,earfo&eth;re,<code>earfo&amp;d;re</code>,1,0.0003380
319,eawf&aelig;stum,<code>eawf&amp;ae;stum</code>,1,0.0003380
319,ece,<code>ece</code>,1,0.0003380
319,ecge,<code>ecge</code>,1,0.0003380
319,ecne,<code>ecne</code>,1,0.0003380
319,ecnysse,<code>ecnysse</code>,1,0.0003380
319,edleane,<code>edleane</code>,1,0.0003380
319,egeslicum,<code>egeslicum</code>,1,0.0003380
319,egsan,<code>egsan</code>,1,0.0003380
319,ehtan,<code>ehtan</code>,1,0.0003380
319,ehterum,<code>ehterum</code>,1,0.0003380
319,eli,<code>eli</code>,1,0.0003380
319,ende,<code>ende</code>,1,0.0003380
319,endebyrdnysse,<code>endebyrdnysse</code>,1,0.0003380
319,endeleaslice,<code>endeleaslice</code>,1,0.0003380
319,endenextan,<code>endenextan</code>,1,0.0003380
319,eor&eth;lice,<code>eor&amp;d;lice</code>,1,0.0003380
319,eower,<code>eower</code>,1,0.0003380
319,eowerne,<code>eowerne</code>,1,0.0003380
319,eowerum,<code>eowerum</code>,1,0.0003380
319,estfullum,<code>estfullum</code>,1,0.0003380
319,eta&eth;,<code>eta&amp;d;</code>,1,0.0003380
319,f&aelig;ce,<code>f&amp;ae;ce</code>,1,0.0003380
319,f&aelig;gerum,<code>f&amp;ae;gerum</code>,1,0.0003380
319,f&aelig;stendagum,<code>f&amp;ae;stendagum</code>,1,0.0003380
319,f&aelig;stende,<code>f&amp;ae;stende</code>,1,0.0003380
319,fandung,<code>fandung</code>,1,0.0003380
319,fara&eth;,<code>fara&amp;d;</code>,1,0.0003380
319,feoll,<code>feoll</code>,1,0.0003380
319,feond,<code>feond</code>,1,0.0003380
319,feondlice,<code>feondlice</code>,1,0.0003380
319,feria,<code>feria</code>,1,0.0003380
319,fi&eth;era,<code>fi&amp;d;era</code>,1,0.0003380
319,fi&eth;ere,<code>fi&amp;d;ere</code>,1,0.0003380
319,flihtes,<code>flihtes</code>,1,0.0003380
319,folc,<code>folc</code>,1,0.0003380
319,forb&aelig;r,<code>forb&amp;ae;r</code>,1,0.0003380
319,forbead,<code>forbead</code>,1,0.0003380
319,forboden,<code>forboden</code>,1,0.0003380
319,fordem&eth;,<code>fordem&amp;d;</code>,1,0.0003380
319,foredum,<code>foredum</code>,1,0.0003380
319,forfleon,<code>forfleon</code>,1,0.0003380
319,forgan,<code>forgan</code>,1,0.0003380
319,forgeafand,<code>forgeafand</code>,1,0.0003380
319,forgym,<code>forgym</code>,1,0.0003380
319,forl&aelig;de,<code>forl&amp;ae;de</code>,1,0.0003380
319,forl&aelig;tenum,<code>forl&amp;ae;tenum</code>,1,0.0003380
319,forl&aelig;ton,<code>forl&amp;ae;ton</code>,1,0.0003380
319,forleas,<code>forleas</code>,1,0.0003380
319,forleose,<code>forleose</code>,1,0.0003380
319,forligeras,<code>forligeras</code>,1,0.0003380
319,forligr,<code>forligr</code>,1,0.0003380
319,forligre,<code>forligre</code>,1,0.0003380
319,forliras,<code>forliras</code>,1,0.0003380
319,forod,<code>forod</code>,1,0.0003380
319,forp&aelig;rde,<code>forp&amp;ae;rde</code>,1,0.0003380
319,forsawon,<code>forsawon</code>,1,0.0003380
319,forscyldgod,<code>forscyldgod</code>,1,0.0003380
319,forscyttan,<code>forscyttan</code>,1,0.0003380
319,forseo,<code>forseo</code>,1,0.0003380
319,forsuwade,<code>forsuwade</code>,1,0.0003380
319,forsuwian,<code>forsuwian</code>,1,0.0003380
319,forsuwige,<code>forsuwige</code>,1,0.0003380
319,forsworennysse,<code>forsworennysse</code>,1,0.0003380
319,forwear&eth;,<code>forwear&amp;d;</code>,1,0.0003380
319,forwyrned,<code>forwyrned</code>,1,0.0003380
319,fr&aelig;cere,<code>fr&amp;ae;cere</code>,1,0.0003380
319,fracodlice,<code>fracodlice</code>,1,0.0003380
319,fracodne,<code>fracodne</code>,1,0.0003380
319,fracodnysse,<code>fracodnysse</code>,1,0.0003380
319,frecednysse,<code>frecednysse</code>,1,0.0003380
319,fremian,<code>fremian</code>,1,0.0003380
319,fremming,<code>fremming</code>,1,0.0003380
319,fremminge,<code>fremminge</code>,1,0.0003380
319,frige,<code>frige</code>,1,0.0003380
319,fugel,<code>fugel</code>,1,0.0003380
319,fulan,<code>fulan</code>,1,0.0003380
319,fulfremednysse,<code>fulfremednysse</code>,1,0.0003380
319,fultume,<code>fultume</code>,1,0.0003380
319,fulum,<code>fulum</code>,1,0.0003380
319,fylla&eth;,<code>fylla&amp;d;</code>,1,0.0003380
319,fyr,<code>fyr</code>,1,0.0003380
319,fyrste,<code>fyrste</code>,1,0.0003380
319,g&aelig;&eth;,<code>g&amp;ae;&amp;d;</code>,1,0.0003380
319,ga&eth;,<code>ga&amp;d;</code>,1,0.0003380
319,gast,<code>gast</code>,1,0.0003380
319,ge&aelig;biligdon,<code>ge&amp;ae;biligdon</code>,1,0.0003380
319,ge&eth;afige,<code>ge&amp;d;afige</code>,1,0.0003380
319,ge&eth;eo&eth;,<code>ge&amp;d;eo&amp;d;</code>,1,0.0003380
319,ge&eth;ingion,<code>ge&amp;d;ingion</code>,1,0.0003380
319,ge&eth;ohtum,<code>ge&amp;d;ohtum</code>,1,0.0003380
319,ge&eth;yh&eth;,<code>ge&amp;d;yh&amp;d;</code>,1,0.0003380
319,geara,<code>geara</code>,1,0.0003380
319,gebedu,<code>gebedu</code>,1,0.0003380
319,gebedum,<code>gebedum</code>,1,0.0003380
319,gebeton,<code>gebeton</code>,1,0.0003380
319,gebiddan,<code>gebiddan</code>,1,0.0003380
319,gebig&eth;,<code>gebig&amp;d;</code>,1,0.0003380
319,gebige,<code>gebige</code>,1,0.0003380
319,gebletsod,<code>gebletsod</code>,1,0.0003380
319,gebro&eth;rum,<code>gebro&amp;d;rum</code>,1,0.0003380
319,gebrohtan,<code>gebrohtan</code>,1,0.0003380
319,gebunden,<code>gebunden</code>,1,0.0003380
319,gebysna&eth;,<code>gebysna&amp;d;</code>,1,0.0003380
319,gebysnunge,<code>gebysnunge</code>,1,0.0003380
319,gecigde,<code>gecigde</code>,1,0.0003380
319,gecigede,<code>gecigede</code>,1,0.0003380
319,gecl&aelig;nsode,<code>gecl&amp;ae;nsode</code>,1,0.0003380
319,gecnyrdnysse,<code>gecnyrdnysse</code>,1,0.0003380
319,gecw&aelig;&eth;,<code>gecw&amp;ae;&amp;d;</code>,1,0.0003380
319,gecweman,<code>gecweman</code>,1,0.0003380
319,gecyst,<code>gecyst</code>,1,0.0003380
319,gedafenlice,<code>gedafenlice</code>,1,0.0003380
319,gedafnige,<code>gedafnige</code>,1,0.0003380
319,gede&eth;,<code>gede&amp;d;</code>,1,0.0003380
319,gedemed,<code>gedemed</code>,1,0.0003380
319,gedreogl&aelig;ca&eth;,<code>gedreogl&amp;ae;ca&amp;d;</code>,1,0.0003380
319,gedwolan,<code>gedwolan</code>,1,0.0003380
319,gedwolum,<code>gedwolum</code>,1,0.0003380
319,gedwylde,<code>gedwylde</code>,1,0.0003380
319,geearnia&eth;,<code>geearnia&amp;d;</code>,1,0.0003380
319,geearnungum,<code>geearnungum</code>,1,0.0003380
319,geedl&aelig;h&eth;,<code>geedl&amp;ae;h&amp;d;</code>,1,0.0003380
319,geemnetta&eth;,<code>geemnetta&amp;d;</code>,1,0.0003380
319,geendod,<code>geendod</code>,1,0.0003380
319,geendunge,<code>geendunge</code>,1,0.0003380
319,gefleon,<code>gefleon</code>,1,0.0003380
319,gefr&aelig;tewode,<code>gefr&amp;ae;tewode</code>,1,0.0003380
319,gefrefrode,<code>gefrefrode</code>,1,0.0003380
319,gefremmon,<code>gefremmon</code>,1,0.0003380
319,gefylla&eth;,<code>gefylla&amp;d;</code>,1,0.0003380
319,gefyllan,<code>gefyllan</code>,1,0.0003380
319,gefylled,<code>gefylled</code>,1,0.0003380
319,gegadrian,<code>gegadrian</code>,1,0.0003380
319,geglencged,<code>geglencged</code>,1,0.0003380
319,geh&aelig;fd,<code>geh&amp;ae;fd</code>,1,0.0003380
319,gehaten,<code>gehaten</code>,1,0.0003380
319,gehealden,<code>gehealden</code>,1,0.0003380
319,gehealdenne,<code>gehealdenne</code>,1,0.0003380
319,gehwa,<code>gehwa</code>,1,0.0003380
319,gehwilcne,<code>gehwilcne</code>,1,0.0003380
319,gehyrenne,<code>gehyrenne</code>,1,0.0003380
319,gehyron,<code>gehyron</code>,1,0.0003380
319,gehyrsum,<code>gehyrsum</code>,1,0.0003380
319,gehyrsumian,<code>gehyrsumian</code>,1,0.0003380
319,gehyrsumnysse,<code>gehyrsumnysse</code>,1,0.0003380
319,gel&aelig;t,<code>gel&amp;ae;t</code>,1,0.0003380
319,gela&eth;unge,<code>gela&amp;d;unge</code>,1,0.0003380
319,gelenge,<code>gelenge</code>,1,0.0003380
319,gelice,<code>gelice</code>,1,0.0003380
319,gelogode,<code>gelogode</code>,1,0.0003380
319,gelome,<code>gelome</code>,1,0.0003380
319,gelomlice,<code>gelomlice</code>,1,0.0003380
319,gem&aelig;nan,<code>gem&amp;ae;nan</code>,1,0.0003380
319,gem&aelig;ne,<code>gem&amp;ae;ne</code>,1,0.0003380
319,gemencgenne,<code>gemencgenne</code>,1,0.0003380
319,gemete,<code>gemete</code>,1,0.0003380
319,geneal&aelig;can,<code>geneal&amp;ae;can</code>,1,0.0003380
319,geneosa&eth;,<code>geneosa&amp;d;</code>,1,0.0003380
319,genim&eth;,<code>genim&amp;d;</code>,1,0.0003380
319,geol&aelig;h&eth;,<code>geol&amp;ae;h&amp;d;</code>,1,0.0003380
319,georne,<code>georne</code>,1,0.0003380
319,gereccenne,<code>gereccenne</code>,1,0.0003380
319,gerihta&eth;,<code>gerihta&amp;d;</code>,1,0.0003380
319,gerihtl&aelig;ce,<code>gerihtl&amp;ae;ce</code>,1,0.0003380
319,gerihtwisia&eth;,<code>gerihtwisia&amp;d;</code>,1,0.0003380
319,gerist,<code>gerist</code>,1,0.0003380
319,ges&aelig;lig,<code>ges&amp;ae;lig</code>,1,0.0003380
319,ges&aelig;lige,<code>ges&amp;ae;lige</code>,1,0.0003380
319,ges&aelig;liglice,<code>ges&amp;ae;liglice</code>,1,0.0003380
319,gescead,<code>gescead</code>,1,0.0003380
319,gesceadwisne,<code>gesceadwisne</code>,1,0.0003380
319,gesceaftes,<code>gesceaftes</code>,1,0.0003380
319,gesceapen,<code>gesceapen</code>,1,0.0003380
319,gesceop,<code>gesceop</code>,1,0.0003380
319,gescyldan,<code>gescyldan</code>,1,0.0003380
319,geset,<code>geset</code>,1,0.0003380
319,gesett,<code>gesett</code>,1,0.0003380
319,gesewene,<code>gesewene</code>,1,0.0003380
319,gesih&eth;e,<code>gesih&amp;d;e</code>,1,0.0003380
319,gespelian,<code>gespelian</code>,1,0.0003380
319,gestrynon,<code>gestrynon</code>,1,0.0003380
319,gestyrede,<code>gestyrede</code>,1,0.0003380
319,gesundful,<code>gesundful</code>,1,0.0003380
319,gesw&aelig;sre,<code>gesw&amp;ae;sre</code>,1,0.0003380
319,geswicenysse,<code>geswicenysse</code>,1,0.0003380
319,geswincfullan,<code>geswincfullan</code>,1,0.0003380
319,geswutela&eth;,<code>geswutela&amp;d;</code>,1,0.0003380
319,geti&eth;ige,<code>geti&amp;d;ige</code>,1,0.0003380
319,getimia&eth;,<code>getimia&amp;d;</code>,1,0.0003380
319,gew&aelig;ht,<code>gew&amp;ae;ht</code>,1,0.0003380
319,gew&aelig;hte,<code>gew&amp;ae;hte</code>,1,0.0003380
319,gewat,<code>gewat</code>,1,0.0003380
319,gewissa&eth;,<code>gewissa&amp;d;</code>,1,0.0003380
319,gewritu,<code>gewritu</code>,1,0.0003380
319,gewritum,<code>gewritum</code>,1,0.0003380
319,gewylt,<code>gewylt</code>,1,0.0003380
319,gewyrc&eth;,<code>gewyrc&amp;d;</code>,1,0.0003380
319,geyrmede,<code>geyrmede</code>,1,0.0003380
319,geyrsia&eth;,<code>geyrsia&amp;d;</code>,1,0.0003380
319,goda,<code>goda</code>,1,0.0003380
319,godre,<code>godre</code>,1,0.0003380
319,godspelle,<code>godspelle</code>,1,0.0003380
319,godspellican,<code>godspellican</code>,1,0.0003380
319,graman,<code>graman</code>,1,0.0003380
319,gyfernysse,<code>gyfernysse</code>,1,0.0003380
319,gymene,<code>gymene</code>,1,0.0003380
319,gyngrum,<code>gyngrum</code>,1,0.0003380
319,gytseras,<code>gytseras</code>,1,0.0003380
319,h&aelig;fde,<code>h&amp;ae;fde</code>,1,0.0003380
319,h&aelig;med,<code>h&amp;ae;med</code>,1,0.0003380
319,h&aelig;mede,<code>h&amp;ae;mede</code>,1,0.0003380
319,h&aelig;mere,<code>h&amp;ae;mere</code>,1,0.0003380
319,h&aelig;se,<code>h&amp;ae;se</code>,1,0.0003380
319,habban,<code>habban</code>,1,0.0003380
319,habbon,<code>habbon</code>,1,0.0003380
319,hade,<code>hade</code>,1,0.0003380
319,hafenleasum,<code>hafenleasum</code>,1,0.0003380
319,halgan,<code>halgan</code>,1,0.0003380
319,halig,<code>halig</code>,1,0.0003380
319,hangia&eth;,<code>hangia&amp;d;</code>,1,0.0003380
319,hata&eth;,<code>hata&amp;d;</code>,1,0.0003380
319,heafod,<code>heafod</code>,1,0.0003380
319,healdan,<code>healdan</code>,1,0.0003380
319,healican,<code>healican</code>,1,0.0003380
319,healice,<code>healice</code>,1,0.0003380
319,healicere,<code>healicere</code>,1,0.0003380
319,healicum,<code>healicum</code>,1,0.0003380
319,hefiglice,<code>hefiglice</code>,1,0.0003380
319,hefigtyme,<code>hefigtyme</code>,1,0.0003380
319,hehstan,<code>hehstan</code>,1,0.0003380
319,helias,<code>helias</code>,1,0.0003380
319,helpa&eth;,<code>helpa&amp;d;</code>,1,0.0003380
319,heofonlican,<code>heofonlican</code>,1,0.0003380
319,heofonum,<code>heofonum</code>,1,0.0003380
319,herian,<code>herian</code>,1,0.0003380
319,herige,<code>herige</code>,1,0.0003380
319,het,<code>het</code>,1,0.0003380
319,hiht,<code>hiht</code>,1,0.0003380
319,hihton,<code>hihton</code>,1,0.0003380
319,hire,<code>hire</code>,1,0.0003380
319,hiwe,<code>hiwe</code>,1,0.0003380
319,hlaford,<code>hlaford</code>,1,0.0003380
319,hlafordum,<code>hlafordum</code>,1,0.0003380
319,hogian,<code>hogian</code>,1,0.0003380
319,hohfullan,<code>hohfullan</code>,1,0.0003380
319,hold,<code>hold</code>,1,0.0003380
319,hrymde,<code>hrymde</code>,1,0.0003380
319,hus,<code>hus</code>,1,0.0003380
319,hw&aelig;nne,<code>hw&amp;ae;nne</code>,1,0.0003380
319,hwilc,<code>hwilc</code>,1,0.0003380
319,hwitnysse,<code>hwitnysse</code>,1,0.0003380
319,hyrde,<code>hyrde</code>,1,0.0003380
319,hyrsumnysse,<code>hyrsumnysse</code>,1,0.0003380
319,iacobus,<code>iacobus</code>,1,0.0003380
319,ingehyde,<code>ingehyde</code>,1,0.0003380
319,inno&eth;,<code>inno&amp;d;</code>,1,0.0003380
319,intingan,<code>intingan</code>,1,0.0003380
319,into,<code>into</code>,1,0.0003380
319,iob,<code>iob</code>,1,0.0003380
319,iobe,<code>iobe</code>,1,0.0003380
319,isaias,<code>isaias</code>,1,0.0003380
319,l&aelig;r&eth;,<code>l&amp;ae;r&amp;d;</code>,1,0.0003380
319,l&aelig;wedan,<code>l&amp;ae;wedan</code>,1,0.0003380
319,l&aelig;wede,<code>l&amp;ae;wede</code>,1,0.0003380
319,la&eth;re,<code>la&amp;d;re</code>,1,0.0003380
319,langsum,<code>langsum</code>,1,0.0003380
319,langsumum,<code>langsumum</code>,1,0.0003380
319,lareowdom,<code>lareowdom</code>,1,0.0003380
319,lareowe,<code>lareowe</code>,1,0.0003380
319,lareowum,<code>lareowum</code>,1,0.0003380
319,larspelle,<code>larspelle</code>,1,0.0003380
319,latteow,<code>latteow</code>,1,0.0003380
319,leas,<code>leas</code>,1,0.0003380
319,leasan,<code>leasan</code>,1,0.0003380
319,leoda,<code>leoda</code>,1,0.0003380
319,leode,<code>leode</code>,1,0.0003380
319,leofan,<code>leofan</code>,1,0.0003380
319,leohte,<code>leohte</code>,1,0.0003380
319,leohtes,<code>leohtes</code>,1,0.0003380
319,leohtlice,<code>leohtlice</code>,1,0.0003380
319,leornian,<code>leornian</code>,1,0.0003380
319,leorningcnihtum,<code>leorningcnihtum</code>,1,0.0003380
319,leornodon,<code>leornodon</code>,1,0.0003380
319,letania,<code>letania</code>,1,0.0003380
319,li&eth;,<code>li&amp;d;</code>,1,0.0003380
319,lica&eth;,<code>lica&amp;d;</code>,1,0.0003380
319,lofian,<code>lofian</code>,1,0.0003380
319,losa&eth;,<code>losa&amp;d;</code>,1,0.0003380
319,lybba&eth;,<code>lybba&amp;d;</code>,1,0.0003380
319,lybban,<code>lybban</code>,1,0.0003380
319,lytlan,<code>lytlan</code>,1,0.0003380
319,lytle,<code>lytle</code>,1,0.0003380
319,lytlum,<code>lytlum</code>,1,0.0003380
319,m&aelig;ge,<code>m&amp;ae;ge</code>,1,0.0003380
319,m&aelig;ra,<code>m&amp;ae;ra</code>,1,0.0003380
319,m&aelig;re,<code>m&amp;ae;re</code>,1,0.0003380
319,m&aelig;ssan,<code>m&amp;ae;ssan</code>,1,0.0003380
319,m&aelig;ssepreostas,<code>m&amp;ae;ssepreostas</code>,1,0.0003380
319,m&aelig;ste,<code>m&amp;ae;ste</code>,1,0.0003380
319,ma,<code>ma</code>,1,0.0003380
319,magas,<code>magas</code>,1,0.0003380
319,mage,<code>mage</code>,1,0.0003380
319,maiore,<code>maiore</code>,1,0.0003380
319,mana&eth;,<code>mana&amp;d;</code>,1,0.0003380
319,manegum,<code>manegum</code>,1,0.0003380
319,manlice,<code>manlice</code>,1,0.0003380
319,manslagan,<code>manslagan</code>,1,0.0003380
319,mede,<code>mede</code>,1,0.0003380
319,medeman,<code>medeman</code>,1,0.0003380
319,menigfealde,<code>menigfealde</code>,1,0.0003380
319,menniscnysse,<code>menniscnysse</code>,1,0.0003380
319,meoxe,<code>meoxe</code>,1,0.0003380
319,mettas,<code>mettas</code>,1,0.0003380
319,micclum,<code>micclum</code>,1,0.0003380
319,micele,<code>micele</code>,1,0.0003380
319,middaneard,<code>middaneard</code>,1,0.0003380
319,miht,<code>miht</code>,1,0.0003380
319,mihta,<code>mihta</code>,1,0.0003380
319,mihtiga,<code>mihtiga</code>,1,0.0003380
319,milde,<code>milde</code>,1,0.0003380
319,mildheorte,<code>mildheorte</code>,1,0.0003380
319,mildheortnys,<code>mildheortnys</code>,1,0.0003380
319,misd&aelig;da,<code>misd&amp;ae;da</code>,1,0.0003380
319,misfaran,<code>misfaran</code>,1,0.0003380
319,mislice,<code>mislice</code>,1,0.0003380
319,mislybban,<code>mislybban</code>,1,0.0003380
319,misr&aelig;de,<code>misr&amp;ae;de</code>,1,0.0003380
319,mod,<code>mod</code>,1,0.0003380
319,moder,<code>moder</code>,1,0.0003380
319,modignysse,<code>modignysse</code>,1,0.0003380
319,modor,<code>modor</code>,1,0.0003380
319,mon&eth;a,<code>mon&amp;d;a</code>,1,0.0003380
319,moton,<code>moton</code>,1,0.0003380
319,myndleasum,<code>myndleasum</code>,1,0.0003380
319,n&aelig;f&eth;,<code>n&amp;ae;f&amp;d;</code>,1,0.0003380
319,n&aelig;ron,<code>n&amp;ae;ron</code>,1,0.0003380
319,nabba&eth;,<code>nabba&amp;d;</code>,1,0.0003380
319,near,<code>near</code>,1,0.0003380
319,nella&eth;,<code>nella&amp;d;</code>,1,0.0003380
319,neosunge,<code>neosunge</code>,1,0.0003380
319,nima&eth;,<code>nima&amp;d;</code>,1,0.0003380
319,niman,<code>niman</code>,1,0.0003380
319,nostre,<code>nostre</code>,1,0.0003380
319,nytennysse,<code>nytennysse</code>,1,0.0003380
319,nytenum,<code>nytenum</code>,1,0.0003380
319,o&eth;res,<code>o&amp;d;res</code>,1,0.0003380
319,o&eth;rum,<code>o&amp;d;rum</code>,1,0.0003380
319,o&thorn;erne,<code>o&amp;t;erne</code>,1,0.0003380
319,ofersceawigende,<code>ofersceawigende</code>,1,0.0003380
319,ofsettum,<code>ofsettum</code>,1,0.0003380
319,oft,<code>oft</code>,1,0.0003380
319,ogan,<code>ogan</code>,1,0.0003380
319,ol&aelig;hte,<code>ol&amp;ae;hte</code>,1,0.0003380
319,oncnawa&eth;,<code>oncnawa&amp;d;</code>,1,0.0003380
319,oncneowon,<code>oncneowon</code>,1,0.0003380
319,onfon,<code>onfon</code>,1,0.0003380
319,ongean,<code>ongean</code>,1,0.0003380
319,onhebbon,<code>onhebbon</code>,1,0.0003380
319,onliht,<code>onliht</code>,1,0.0003380
319,ontent,<code>ontent</code>,1,0.0003380
319,onwununge,<code>onwununge</code>,1,0.0003380
319,orm&aelig;tum,<code>orm&amp;ae;tum</code>,1,0.0003380
319,orsorge,<code>orsorge</code>,1,0.0003380
319,pater,<code>pater</code>,1,0.0003380
319,paulus,<code>paulus</code>,1,0.0003380
319,pistol,<code>pistol</code>,1,0.0003380
319,pistole,<code>pistole</code>,1,0.0003380
319,preost,<code>preost</code>,1,0.0003380
319,re&eth;e,<code>re&amp;d;e</code>,1,0.0003380
319,reaferas,<code>reaferas</code>,1,0.0003380
319,reccend,<code>reccend</code>,1,0.0003380
319,reccendome,<code>reccendome</code>,1,0.0003380
319,receleaslice,<code>receleaslice</code>,1,0.0003380
319,receleasnysse,<code>receleasnysse</code>,1,0.0003380
319,ren,<code>ren</code>,1,0.0003380
319,renas,<code>renas</code>,1,0.0003380
319,reocendum,<code>reocendum</code>,1,0.0003380
319,rican,<code>rican</code>,1,0.0003380
319,ricum,<code>ricum</code>,1,0.0003380
319,rihting,<code>rihting</code>,1,0.0003380
319,rihtinge,<code>rihtinge</code>,1,0.0003380
319,rihtlice,<code>rihtlice</code>,1,0.0003380
319,rihtwis,<code>rihtwis</code>,1,0.0003380
319,rihtwisnyss,<code>rihtwisnyss</code>,1,0.0003380
319,rihtwisra,<code>rihtwisra</code>,1,0.0003380
319,rihtwisum,<code>rihtwisum</code>,1,0.0003380
319,rixa&eth;,<code>rixa&amp;d;</code>,1,0.0003380
319,rodorlicere,<code>rodorlicere</code>,1,0.0003380
319,rohte,<code>rohte</code>,1,0.0003380
319,s&aelig;,<code>s&amp;ae;</code>,1,0.0003380
319,salomon,<code>salomon</code>,1,0.0003380
319,salomones,<code>salomones</code>,1,0.0003380
319,sawla,<code>sawla</code>,1,0.0003380
319,sawul,<code>sawul</code>,1,0.0003380
319,sawullease,<code>sawullease</code>,1,0.0003380
319,scea&eth;an,<code>scea&amp;d;an</code>,1,0.0003380
319,sceamu,<code>sceamu</code>,1,0.0003380
319,sceattum,<code>sceattum</code>,1,0.0003380
319,sceole,<code>sceole</code>,1,0.0003380
319,sceortan,<code>sceortan</code>,1,0.0003380
319,sceortlice,<code>sceortlice</code>,1,0.0003380
319,scincr&aelig;ftum,<code>scincr&amp;ae;ftum</code>,1,0.0003380
319,scoldon,<code>scoldon</code>,1,0.0003380
319,scrude,<code>scrude</code>,1,0.0003380
319,scyldige,<code>scyldige</code>,1,0.0003380
319,scyldigum,<code>scyldigum</code>,1,0.0003380
319,sea&eth;e,<code>sea&amp;d;e</code>,1,0.0003380
319,seca&eth;,<code>seca&amp;d;</code>,1,0.0003380
319,secga&eth;,<code>secga&amp;d;</code>,1,0.0003380
319,secgan,<code>secgan</code>,1,0.0003380
319,secgon,<code>secgon</code>,1,0.0003380
319,secunda,<code>secunda</code>,1,0.0003380
319,segene,<code>segene</code>,1,0.0003380
319,selost,<code>selost</code>,1,0.0003380
319,si&eth;f&aelig;t,<code>si&amp;d;f&amp;ae;t</code>,1,0.0003380
319,sigef&aelig;st,<code>sigef&amp;ae;st</code>,1,0.0003380
319,sindon,<code>sindon</code>,1,0.0003380
319,sinscipe,<code>sinscipe</code>,1,0.0003380
319,sittende,<code>sittende</code>,1,0.0003380
319,sl&aelig;p,<code>sl&amp;ae;p</code>,1,0.0003380
319,sleh,<code>sleh</code>,1,0.0003380
319,smeage,<code>smeage</code>,1,0.0003380
319,snawes,<code>snawes</code>,1,0.0003380
319,snoterne,<code>snoterne</code>,1,0.0003380
319,spara&eth;,<code>spara&amp;d;</code>,1,0.0003380
319,speda,<code>speda</code>,1,0.0003380
319,spelle,<code>spelle</code>,1,0.0003380
319,springa&eth;,<code>springa&amp;d;</code>,1,0.0003380
319,steopcildum,<code>steopcildum</code>,1,0.0003380
319,stowe,<code>stowe</code>,1,0.0003380
319,strang,<code>strang</code>,1,0.0003380
319,stuntnysse,<code>stuntnysse</code>,1,0.0003380
319,styr,<code>styr</code>,1,0.0003380
319,styrde,<code>styrde</code>,1,0.0003380
319,sum,<code>sum</code>,1,0.0003380
319,sumes,<code>sumes</code>,1,0.0003380
319,sunu,<code>sunu</code>,1,0.0003380
319,sw&aelig;rlice,<code>sw&amp;ae;rlice</code>,1,0.0003380
319,sweg&eth;,<code>sweg&amp;d;</code>,1,0.0003380
319,sweltan,<code>sweltan</code>,1,0.0003380
319,swelte,<code>swelte</code>,1,0.0003380
319,sweordes,<code>sweordes</code>,1,0.0003380
319,swi&eth;licere,<code>swi&amp;d;licere</code>,1,0.0003380
319,swi&eth;licum,<code>swi&amp;d;licum</code>,1,0.0003380
319,swicele,<code>swicele</code>,1,0.0003380
319,swicelum,<code>swicelum</code>,1,0.0003380
319,swicola,<code>swicola</code>,1,0.0003380
319,swicolan,<code>swicolan</code>,1,0.0003380
319,swilcra,<code>swilcra</code>,1,0.0003380
319,swinge,<code>swinge</code>,1,0.0003380
319,swingla,<code>swingla</code>,1,0.0003380
319,swinglum,<code>swinglum</code>,1,0.0003380
319,swulton,<code>swulton</code>,1,0.0003380
319,swurd,<code>swurd</code>,1,0.0003380
319,swutellice,<code>swutellice</code>,1,0.0003380
319,swylce,<code>swylce</code>,1,0.0003380
319,swyran,<code>swyran</code>,1,0.0003380
319,sy,<code>sy</code>,1,0.0003380
319,syferlice,<code>syferlice</code>,1,0.0003380
319,syl&eth;,<code>syl&amp;d;</code>,1,0.0003380
319,syle,<code>syle</code>,1,0.0003380
319,syllend,<code>syllend</code>,1,0.0003380
319,syllon,<code>syllon</code>,1,0.0003380
319,synfullum,<code>synfullum</code>,1,0.0003380
319,synga&eth;,<code>synga&amp;d;</code>,1,0.0003380
319,synlicum,<code>synlicum</code>,1,0.0003380
319,syx,<code>syx</code>,1,0.0003380
319,t&aelig;l&eth;,<code>t&amp;ae;l&amp;d;</code>,1,0.0003380
319,tacna,<code>tacna</code>,1,0.0003380
319,tala&eth;,<code>tala&amp;d;</code>,1,0.0003380
319,team,<code>team</code>,1,0.0003380
319,tihtende,<code>tihtende</code>,1,0.0003380
319,tihting,<code>tihting</code>,1,0.0003380
319,tobreca&eth;,<code>tobreca&amp;d;</code>,1,0.0003380
319,toclypigende,<code>toclypigende</code>,1,0.0003380
319,toga&eth;,<code>toga&amp;d;</code>,1,0.0003380
319,towyrp&eth;,<code>towyrp&amp;d;</code>,1,0.0003380
319,treowe,<code>treowe</code>,1,0.0003380
319,treowleasum,<code>treowleasum</code>,1,0.0003380
319,tuwa,<code>tuwa</code>,1,0.0003380
319,tw&aelig;mincge,<code>tw&amp;ae;mincge</code>,1,0.0003380
319,tw&aelig;ming,<code>tw&amp;ae;ming</code>,1,0.0003380
319,twa,<code>twa</code>,1,0.0003380
319,tyht,<code>tyht</code>,1,0.0003380
319,un&eth;&aelig;slicnyss,<code>un&amp;d;&amp;ae;slicnyss</code>,1,0.0003380
319,un&eth;eawas,<code>un&amp;d;eawas</code>,1,0.0003380
319,un&eth;eawum,<code>un&amp;d;eawum</code>,1,0.0003380
319,unalyfedre,<code>unalyfedre</code>,1,0.0003380
319,unametenre,<code>unametenre</code>,1,0.0003380
319,uncl&aelig;num,<code>uncl&amp;ae;num</code>,1,0.0003380
319,underfo,<code>underfo</code>,1,0.0003380
319,underfo&eth;,<code>underfo&amp;d;</code>,1,0.0003380
319,underli&eth;,<code>underli&amp;d;</code>,1,0.0003380
319,understandan,<code>understandan</code>,1,0.0003380
319,unge&eth;w&aelig;rnysse,<code>unge&amp;d;w&amp;ae;rnysse</code>,1,0.0003380
319,ungebeorhlice,<code>ungebeorhlice</code>,1,0.0003380
319,ungel&aelig;reda,<code>ungel&amp;ae;reda</code>,1,0.0003380
319,ungelimpas,<code>ungelimpas</code>,1,0.0003380
319,ungelimpum,<code>ungelimpum</code>,1,0.0003380
319,ungesceadwisum,<code>ungesceadwisum</code>,1,0.0003380
319,ungesewenlice,<code>ungesewenlice</code>,1,0.0003380
319,unlustum,<code>unlustum</code>,1,0.0003380
319,unmen,<code>unmen</code>,1,0.0003380
319,unrihth&aelig;meras,<code>unrihth&amp;ae;meras</code>,1,0.0003380
319,unsynnige,<code>unsynnige</code>,1,0.0003380
319,untobrocenne,<code>untobrocenne</code>,1,0.0003380
319,untrume,<code>untrume</code>,1,0.0003380
319,untrumum,<code>untrumum</code>,1,0.0003380
319,unw&aelig;stmb&aelig;re,<code>unw&amp;ae;stmb&amp;ae;re</code>,1,0.0003380
319,unwisne,<code>unwisne</code>,1,0.0003380
319,ures,<code>ures</code>,1,0.0003380
319,urne,<code>urne</code>,1,0.0003380
319,w&aelig;dlunge,<code>w&amp;ae;dlunge</code>,1,0.0003380
319,w&aelig;lhreawlice,<code>w&amp;ae;lhreawlice</code>,1,0.0003380
319,w&aelig;lhreawum,<code>w&amp;ae;lhreawum</code>,1,0.0003380
319,w&aelig;stmas,<code>w&amp;ae;stmas</code>,1,0.0003380
319,wacmodnysse,<code>wacmodnysse</code>,1,0.0003380
319,wacole,<code>wacole</code>,1,0.0003380
319,wambe,<code>wambe</code>,1,0.0003380
319,wealas,<code>wealas</code>,1,0.0003380
319,wealdend,<code>wealdend</code>,1,0.0003380
319,weaxende,<code>weaxende</code>,1,0.0003380
319,weld&aelig;dum,<code>weld&amp;ae;dum</code>,1,0.0003380
319,welum,<code>welum</code>,1,0.0003380
319,weorce,<code>weorce</code>,1,0.0003380
319,weorces,<code>weorces</code>,1,0.0003380
319,weras,<code>weras</code>,1,0.0003380
319,were,<code>were</code>,1,0.0003380
319,weroda,<code>weroda</code>,1,0.0003380
319,wi&eth;cwe&eth;a&eth;,<code>wi&amp;d;cwe&amp;d;a&amp;d;</code>,1,0.0003380
319,wi&eth;erweardum,<code>wi&amp;d;erweardum</code>,1,0.0003380
319,wi&eth;innan,<code>wi&amp;d;innan</code>,1,0.0003380
319,wiccan,<code>wiccan</code>,1,0.0003380
319,wifa&eth;,<code>wifa&amp;d;</code>,1,0.0003380
319,wifes,<code>wifes</code>,1,0.0003380
319,wigeleras,<code>wigeleras</code>,1,0.0003380
319,wile,<code>wile</code>,1,0.0003380
319,willa&eth;,<code>willa&amp;d;</code>,1,0.0003380
319,wille,<code>wille</code>,1,0.0003380
319,windige,<code>windige</code>,1,0.0003380
319,wisdome,<code>wisdome</code>,1,0.0003380
319,wissige,<code>wissige</code>,1,0.0003380
319,wit,<code>wit</code>,1,0.0003380
319,witegan,<code>witegan</code>,1,0.0003380
319,witodlice,<code>witodlice</code>,1,0.0003380
319,witu,<code>witu</code>,1,0.0003380
319,wohnysse,<code>wohnysse</code>,1,0.0003380
319,wolcnreade,<code>wolcnreade</code>,1,0.0003380
319,wolde,<code>wolde</code>,1,0.0003380
319,word,<code>word</code>,1,0.0003380
319,wrace,<code>wrace</code>,1,0.0003380
319,wuna&eth;,<code>wuna&amp;d;</code>,1,0.0003380
319,wunia&eth;,<code>wunia&amp;d;</code>,1,0.0003380
319,wunige,<code>wunige</code>,1,0.0003380
319,wunigende,<code>wunigende</code>,1,0.0003380
319,wur&eth;e,<code>wur&amp;d;e</code>,1,0.0003380
319,wur&eth;mynt,<code>wur&amp;d;mynt</code>,1,0.0003380
319,wurdon,<code>wurdon</code>,1,0.0003380
319,wydewan,<code>wydewan</code>,1,0.0003380
319,wylt,<code>wylt</code>,1,0.0003380
319,wyrce,<code>wyrce</code>,1,0.0003380
319,wyrcende,<code>wyrcende</code>,1,0.0003380
319,wyrian,<code>wyrian</code>,1,0.0003380
319,wyrig&eth;,<code>wyrig&amp;d;</code>,1,0.0003380
319,wyrigde,<code>wyrigde</code>,1,0.0003380
319,wyrtruma,<code>wyrtruma</code>,1,0.0003380
319,ydel,<code>ydel</code>,1,0.0003380
319,yfelan,<code>yfelan</code>,1,0.0003380
319,yfele,<code>yfele</code>,1,0.0003380
319,yfeles,<code>yfeles</code>,1,0.0003380
319,yfelnysse,<code>yfelnysse</code>,1,0.0003380
319,yfelre,<code>yfelre</code>,1,0.0003380
319,yfelwyllende,<code>yfelwyllende</code>,1,0.0003380
319,ylca,<code>ylca</code>,1,0.0003380
319,ylde,<code>ylde</code>,1,0.0003380
319,yr&eth;ling,<code>yr&amp;d;ling</code>,1,0.0003380
319,yrm&eth;a,<code>yrm&amp;d;a</code>,1,0.0003380
319,ysla,<code>ysla</code>,1,0.0003380
