B_Prose,B01,B01.001.001_AECHom_I__Pref__T02040.txt,477,340,1035
RANK,HTML WORD,RAW WORD,COUNT,RELATIVE FREQUENCY
1,&amp;,<code>&amp;amp;</code>,49,0.0473430
2,he,<code>he</code>,28,0.0270531
3,on,<code>on</code>,26,0.0251208
4,his,<code>his</code>,25,0.0241546
5,&thorn;&aelig;t,<code>&amp;t;&amp;ae;t</code>,23,0.0222222
6,&eth;e,<code>&amp;d;e</code>,22,0.0212560
7,to,<code>to</code>,19,0.0183575
8,se,<code>se</code>,18,0.0173913
9,&eth;a,<code>&amp;d;a</code>,15,0.0144928
10,swa,<code>swa</code>,14,0.0135266
11,ic,<code>ic</code>,13,0.0125604
12,&thorn;e,<code>&amp;t;e</code>,12,0.0115942
12,for,<code>for</code>,12,0.0115942
14,&thorn;a,<code>&amp;t;a</code>,11,0.0106280
14,ne,<code>ne</code>,11,0.0106280
16,&thorn;urh,<code>&amp;t;urh</code>,10,0.0096618
17,god,<code>god</code>,9,0.0086957
18,ac,<code>ac</code>,8,0.0077295
18,is,<code>is</code>,8,0.0077295
20,&eth;urh,<code>&amp;d;urh</code>,7,0.0067633
20,&thorn;am,<code>&amp;t;am</code>,7,0.0067633
20,&thorn;onne,<code>&amp;t;onne</code>,7,0.0067633
20,bi&eth;,<code>bi&amp;d;</code>,7,0.0067633
20,fram,<code>fram</code>,7,0.0067633
20,gif,<code>gif</code>,7,0.0067633
20,godes,<code>godes</code>,7,0.0067633
20,heora,<code>heora</code>,7,0.0067633
20,hi,<code>hi</code>,7,0.0067633
29,&aelig;r,<code>&amp;ae;r</code>,6,0.0057971
29,&eth;an,<code>&amp;d;an</code>,6,0.0057971
29,buton,<code>buton</code>,6,0.0057971
29,deofol,<code>deofol</code>,6,0.0057971
29,of,<code>of</code>,6,0.0057971
29,sylf,<code>sylf</code>,6,0.0057971
35,him,<code>him</code>,5,0.0048309
35,hit,<code>hit</code>,5,0.0048309
35,lare,<code>lare</code>,5,0.0048309
35,swilce,<code>swilce</code>,5,0.0048309
39,anum,<code>anum</code>,4,0.0038647
39,beo&eth;,<code>beo&amp;d;</code>,4,0.0038647
39,beon,<code>beon</code>,4,0.0038647
39,drihten,<code>drihten</code>,4,0.0038647
39,eac,<code>eac</code>,4,0.0038647
39,fela,<code>fela</code>,4,0.0038647
39,fyr,<code>fyr</code>,4,0.0038647
39,geleafan,<code>geleafan</code>,4,0.0038647
39,ure,<code>ure</code>,4,0.0038647
39,we,<code>we</code>,4,0.0038647
39,wile,<code>wile</code>,4,0.0038647
39,wundra,<code>wundra</code>,4,0.0038647
51,&aelig;lmihtiga,<code>&amp;ae;lmihtiga</code>,3,0.0028986
51,&eth;am,<code>&amp;d;am</code>,3,0.0028986
51,&eth;eah,<code>&amp;d;eah</code>,3,0.0028986
51,&eth;u,<code>&amp;d;u</code>,3,0.0028986
51,antecrist,<code>antecrist</code>,3,0.0028986
51,arleasa,<code>arleasa</code>,3,0.0028986
51,crist,<code>crist</code>,3,0.0028986
51,cw&aelig;&eth;,<code>cw&amp;ae;&amp;d;</code>,3,0.0028986
51,gecorenan,<code>gecorenan</code>,3,0.0028986
51,gehwa,<code>gehwa</code>,3,0.0028986
51,gode,<code>gode</code>,3,0.0028986
51,m&aelig;g,<code>m&amp;ae;g</code>,3,0.0028986
51,manna,<code>manna</code>,3,0.0028986
51,mannum,<code>mannum</code>,3,0.0028986
51,me,<code>me</code>,3,0.0028986
51,na,<code>na</code>,3,0.0028986
51,nu,<code>nu</code>,3,0.0028986
51,sind,<code>sind</code>,3,0.0028986
51,swylce,<code>swylce</code>,3,0.0028986
51,ufan,<code>ufan</code>,3,0.0028986
51,wel,<code>wel</code>,3,0.0028986
72,&aelig;lmihtig,<code>&amp;ae;lmihtig</code>,2,0.0019324
72,&aelig;t,<code>&amp;ae;t</code>,2,0.0019324
72,&eth;&aelig;re,<code>&amp;d;&amp;ae;re</code>,2,0.0019324
72,&eth;as,<code>&amp;d;as</code>,2,0.0019324
72,&eth;ing,<code>&amp;d;ing</code>,2,0.0019324
72,&eth;isum,<code>&amp;d;isum</code>,2,0.0019324
72,&eth;onne,<code>&amp;d;onne</code>,2,0.0019324
72,&thorn;&aelig;re,<code>&amp;t;&amp;ae;re</code>,2,0.0019324
72,&thorn;one,<code>&amp;t;one</code>,2,0.0019324
72,arleasan,<code>arleasan</code>,2,0.0019324
72,arleasnysse,<code>arleasnysse</code>,2,0.0019324
72,awende,<code>awende</code>,2,0.0019324
72,boc,<code>boc</code>,2,0.0019324
72,bocum,<code>bocum</code>,2,0.0019324
72,cr&aelig;ft,<code>cr&amp;ae;ft</code>,2,0.0019324
72,cu&eth;on,<code>cu&amp;d;on</code>,2,0.0019324
72,cy&eth;an,<code>cy&amp;d;an</code>,2,0.0019324
72,cym&eth;,<code>cym&amp;d;</code>,2,0.0019324
72,dagas,<code>dagas</code>,2,0.0019324
72,de&eth;,<code>de&amp;d;</code>,2,0.0019324
72,deofles,<code>deofles</code>,2,0.0019324
72,eallum,<code>eallum</code>,2,0.0019324
72,ecan,<code>ecan</code>,2,0.0019324
72,eft,<code>eft</code>,2,0.0019324
72,ehtnysse,<code>ehtnysse</code>,2,0.0019324
72,ende,<code>ende</code>,2,0.0019324
72,ge&eth;afa&eth;,<code>ge&amp;d;afa&amp;d;</code>,2,0.0019324
72,gedreccednyssa,<code>gedreccednyssa</code>,2,0.0019324
72,gedwylde,<code>gedwylde</code>,2,0.0019324
72,gehaten,<code>gehaten</code>,2,0.0019324
72,gerihte,<code>gerihte</code>,2,0.0019324
72,gescyrte,<code>gescyrte</code>,2,0.0019324
72,gesih&eth;e,<code>gesih&amp;d;e</code>,2,0.0019324
72,godspellican,<code>godspellican</code>,2,0.0019324
72,halgum,<code>halgum</code>,2,0.0019324
72,heofenum,<code>heofenum</code>,2,0.0019324
72,heofonum,<code>heofonum</code>,2,0.0019324
72,hine,<code>hine</code>,2,0.0019324
72,hwa,<code>hwa</code>,2,0.0019324
72,leasungum,<code>leasungum</code>,2,0.0019324
72,mancynn,<code>mancynn</code>,2,0.0019324
72,mancynne,<code>mancynne</code>,2,0.0019324
72,mann,<code>mann</code>,2,0.0019324
72,men,<code>men</code>,2,0.0019324
72,menn,<code>menn</code>,2,0.0019324
72,mennisc,<code>mennisc</code>,2,0.0019324
72,mid,<code>mid</code>,2,0.0019324
72,minum,<code>minum</code>,2,0.0019324
72,mycel,<code>mycel</code>,2,0.0019324
72,n&aelig;nne,<code>n&amp;ae;nne</code>,2,0.0019324
72,naman,<code>naman</code>,2,0.0019324
72,sceolon,<code>sceolon</code>,2,0.0019324
72,si&eth;&eth;an,<code>si&amp;d;&amp;d;an</code>,2,0.0019324
72,sy,<code>sy</code>,2,0.0019324
72,sy&eth;&eth;an,<code>sy&amp;d;&amp;d;an</code>,2,0.0019324
72,t&aelig;can,<code>t&amp;ae;can</code>,2,0.0019324
72,tacna,<code>tacna</code>,2,0.0019324
72,timan,<code>timan</code>,2,0.0019324
72,unrihtwisnysse,<code>unrihtwisnysse</code>,2,0.0019324
72,unscyldig,<code>unscyldig</code>,2,0.0019324
72,wear&eth;,<code>wear&amp;d;</code>,2,0.0019324
72,witegan,<code>witegan</code>,2,0.0019324
72,worulde,<code>worulde</code>,2,0.0019324
72,wylle,<code>wylle</code>,2,0.0019324
72,wyrc&eth;,<code>wyrc&amp;d;</code>,2,0.0019324
72,yfelnysse,<code>yfelnysse</code>,2,0.0019324
138,&aelig;&eth;elm&aelig;res,<code>&amp;ae;&amp;d;elm&amp;ae;res</code>,1,0.0009662
138,&aelig;&thorn;elredes,<code>&amp;ae;&amp;t;elredes</code>,1,0.0009662
138,&aelig;ftergengan,<code>&amp;ae;ftergengan</code>,1,0.0009662
138,&aelig;lcere,<code>&amp;ae;lcere</code>,1,0.0009662
138,&aelig;lfeage,<code>&amp;ae;lfeage</code>,1,0.0009662
138,&aelig;lfred,<code>&amp;ae;lfred</code>,1,0.0009662
138,&aelig;lfric,<code>&amp;ae;lfric</code>,1,0.0009662
138,&eth;&aelig;ra,<code>&amp;d;&amp;ae;ra</code>,1,0.0009662
138,&eth;&aelig;s,<code>&amp;d;&amp;ae;s</code>,1,0.0009662
138,&eth;egenas,<code>&amp;d;egenas</code>,1,0.0009662
138,&eth;eos,<code>&amp;d;eos</code>,1,0.0009662
138,&eth;i,<code>&amp;d;i</code>,1,0.0009662
138,&eth;ine,<code>&amp;d;ine</code>,1,0.0009662
138,&eth;is,<code>&amp;d;is</code>,1,0.0009662
138,&eth;issere,<code>&amp;d;issere</code>,1,0.0009662
138,&eth;one,<code>&amp;d;one</code>,1,0.0009662
138,&eth;rowia&eth;,<code>&amp;d;rowia&amp;d;</code>,1,0.0009662
138,&eth;wyrlic,<code>&amp;d;wyrlic</code>,1,0.0009662
138,&thorn;&aelig;s,<code>&amp;t;&amp;ae;s</code>,1,0.0009662
138,&thorn;as,<code>&amp;t;as</code>,1,0.0009662
138,&thorn;eah,<code>&amp;t;eah</code>,1,0.0009662
138,&thorn;egenes,<code>&amp;t;egenes</code>,1,0.0009662
138,&thorn;eodum,<code>&amp;t;eodum</code>,1,0.0009662
138,&thorn;es,<code>&amp;t;es</code>,1,0.0009662
138,&thorn;ine,<code>&amp;t;ine</code>,1,0.0009662
138,&thorn;isum,<code>&amp;t;isum</code>,1,0.0009662
138,&thorn;u,<code>&amp;t;u</code>,1,0.0009662
138,&thorn;urhwunia&eth;,<code>&amp;t;urhwunia&amp;d;</code>,1,0.0009662
138,&thorn;wyrnys,<code>&amp;t;wyrnys</code>,1,0.0009662
138,&thorn;y,<code>&amp;t;y</code>,1,0.0009662
138,&thorn;yssere,<code>&amp;t;yssere</code>,1,0.0009662
138,a&eth;elwoldes,<code>a&amp;d;elwoldes</code>,1,0.0009662
138,acl&aelig;nsade,<code>acl&amp;ae;nsade</code>,1,0.0009662
138,acuman,<code>acuman</code>,1,0.0009662
138,adlige,<code>adlige</code>,1,0.0009662
138,afandod,<code>afandod</code>,1,0.0009662
138,ah,<code>ah</code>,1,0.0009662
138,ahefe,<code>ahefe</code>,1,0.0009662
138,aleua&eth;,<code>aleua&amp;d;</code>,1,0.0009662
138,alysdest,<code>alysdest</code>,1,0.0009662
138,antecriste,<code>antecriste</code>,1,0.0009662
138,antimbre,<code>antimbre</code>,1,0.0009662
138,apostol,<code>apostol</code>,1,0.0009662
138,ara&eth;,<code>ara&amp;d;</code>,1,0.0009662
138,asend,<code>asend</code>,1,0.0009662
138,asendan,<code>asendan</code>,1,0.0009662
138,aworpen,<code>aworpen</code>,1,0.0009662
138,awritan,<code>awritan</code>,1,0.0009662
138,awyrda&eth;,<code>awyrda&amp;d;</code>,1,0.0009662
138,awyrde,<code>awyrde</code>,1,0.0009662
138,b&aelig;d,<code>b&amp;ae;d</code>,1,0.0009662
138,be,<code>be</code>,1,0.0009662
138,bearn,<code>bearn</code>,1,0.0009662
138,bebead,<code>bebead</code>,1,0.0009662
138,bebodum,<code>bebodum</code>,1,0.0009662
138,becuma&eth;,<code>becuma&amp;d;</code>,1,0.0009662
138,becume,<code>becume</code>,1,0.0009662
138,behofia&eth;,<code>behofia&amp;d;</code>,1,0.0009662
138,behofige,<code>behofige</code>,1,0.0009662
138,bene,<code>bene</code>,1,0.0009662
138,beo,<code>beo</code>,1,0.0009662
138,bep&aelig;cenne,<code>bep&amp;ae;cenne</code>,1,0.0009662
138,betwux,<code>betwux</code>,1,0.0009662
138,bilewitnysse,<code>bilewitnysse</code>,1,0.0009662
138,biscope,<code>biscope</code>,1,0.0009662
138,blod,<code>blod</code>,1,0.0009662
138,boclice,<code>boclice</code>,1,0.0009662
138,bugan,<code>bugan</code>,1,0.0009662
138,butan,<code>butan</code>,1,0.0009662
138,bydde,<code>bydde</code>,1,0.0009662
138,bydelas,<code>bydelas</code>,1,0.0009662
138,byme,<code>byme</code>,1,0.0009662
138,bysene,<code>bysene</code>,1,0.0009662
138,bysnian,<code>bysnian</code>,1,0.0009662
138,cernel,<code>cernel</code>,1,0.0009662
138,clypa,<code>clypa</code>,1,0.0009662
138,clypode,<code>clypode</code>,1,0.0009662
138,com,<code>com</code>,1,0.0009662
138,come,<code>come</code>,1,0.0009662
138,costnunge,<code>costnunge</code>,1,0.0009662
138,cristas,<code>cristas</code>,1,0.0009662
138,cristenan,<code>cristenan</code>,1,0.0009662
138,cu&eth;e,<code>cu&amp;d;e</code>,1,0.0009662
138,cuma&eth;,<code>cuma&amp;d;</code>,1,0.0009662
138,cunne,<code>cunne</code>,1,0.0009662
138,cwe&eth;ende,<code>cwe&amp;d;ende</code>,1,0.0009662
138,cwy&eth;,<code>cwy&amp;d;</code>,1,0.0009662
138,cy&eth;,<code>cy&amp;d;</code>,1,0.0009662
138,cyning,<code>cyning</code>,1,0.0009662
138,cyninges,<code>cyninges</code>,1,0.0009662
138,d&aelig;ge,<code>d&amp;ae;ge</code>,1,0.0009662
138,deoflican,<code>deoflican</code>,1,0.0009662
138,digellice,<code>digellice</code>,1,0.0009662
138,discipulum,<code>discipulum</code>,1,0.0009662
138,do,<code>do</code>,1,0.0009662
138,dome,<code>dome</code>,1,0.0009662
138,dyde,<code>dyde</code>,1,0.0009662
138,ea&eth;elicor,<code>ea&amp;d;elicor</code>,1,0.0009662
138,eall,<code>eall</code>,1,0.0009662
138,ealle,<code>ealle</code>,1,0.0009662
138,earde,<code>earde</code>,1,0.0009662
138,earfo&eth;nyssa,<code>earfo&amp;d;nyssa</code>,1,0.0009662
138,ece,<code>ece</code>,1,0.0009662
138,ecelice,<code>ecelice</code>,1,0.0009662
138,ecere,<code>ecere</code>,1,0.0009662
138,ecum,<code>ecum</code>,1,0.0009662
138,edleane,<code>edleane</code>,1,0.0009662
138,ehtnyssa,<code>ehtnyssa</code>,1,0.0009662
138,englisc,<code>englisc</code>,1,0.0009662
138,engliscre,<code>engliscre</code>,1,0.0009662
138,engliscum,<code>engliscum</code>,1,0.0009662
138,eom,<code>eom</code>,1,0.0009662
138,eor&eth;an,<code>eor&amp;d;an</code>,1,0.0009662
138,ezechiel,<code>ezechiel</code>,1,0.0009662
138,fandian,<code>fandian</code>,1,0.0009662
138,fara&eth;,<code>fara&amp;d;</code>,1,0.0009662
138,felda,<code>felda</code>,1,0.0009662
138,feor&eth;an,<code>feor&amp;d;an</code>,1,0.0009662
138,folce,<code>folce</code>,1,0.0009662
138,forb&aelig;rnde,<code>forb&amp;ae;rnde</code>,1,0.0009662
138,forde&eth;,<code>forde&amp;d;</code>,1,0.0009662
138,forwel,<code>forwel</code>,1,0.0009662
138,forwurde,<code>forwurde</code>,1,0.0009662
138,forwyrde,<code>forwyrde</code>,1,0.0009662
138,forwyrdes,<code>forwyrdes</code>,1,0.0009662
138,frecednyssa,<code>frecednyssa</code>,1,0.0009662
138,fremminge,<code>fremminge</code>,1,0.0009662
138,frym&eth;e,<code>frym&amp;d;e</code>,1,0.0009662
138,fultum,<code>fultum</code>,1,0.0009662
138,fultume,<code>fultume</code>,1,0.0009662
138,fultumes,<code>fultumes</code>,1,0.0009662
138,fyre,<code>fyre</code>,1,0.0009662
138,ge&eth;uht,<code>ge&amp;d;uht</code>,1,0.0009662
138,geare,<code>geare</code>,1,0.0009662
138,gebidan,<code>gebidan</code>,1,0.0009662
138,gebigde,<code>gebigde</code>,1,0.0009662
138,gebringe,<code>gebringe</code>,1,0.0009662
138,gebylde,<code>gebylde</code>,1,0.0009662
138,gebyrd,<code>gebyrd</code>,1,0.0009662
138,gebyrige,<code>gebyrige</code>,1,0.0009662
138,gecorenum,<code>gecorenum</code>,1,0.0009662
138,gecw&aelig;&eth;,<code>gecw&amp;ae;&amp;d;</code>,1,0.0009662
138,gecyrran,<code>gecyrran</code>,1,0.0009662
138,gecyrre,<code>gecyrre</code>,1,0.0009662
138,gedwyld,<code>gedwyld</code>,1,0.0009662
138,gedwyldes,<code>gedwyldes</code>,1,0.0009662
138,gedyrstl&aelig;hte,<code>gedyrstl&amp;ae;hte</code>,1,0.0009662
138,geearnion,<code>geearnion</code>,1,0.0009662
138,geendod,<code>geendod</code>,1,0.0009662
138,geendung,<code>geendung</code>,1,0.0009662
138,geendunge,<code>geendunge</code>,1,0.0009662
138,gefylstan,<code>gefylstan</code>,1,0.0009662
138,geh&aelig;l&eth;,<code>geh&amp;ae;l&amp;d;</code>,1,0.0009662
138,geh&aelig;la&eth;,<code>geh&amp;ae;la&amp;d;</code>,1,0.0009662
138,geh&aelig;lan,<code>geh&amp;ae;lan</code>,1,0.0009662
138,geh&aelig;lde,<code>geh&amp;ae;lde</code>,1,0.0009662
138,gehealdene,<code>gehealdene</code>,1,0.0009662
138,gehiwige,<code>gehiwige</code>,1,0.0009662
138,gehw&aelig;r,<code>gehw&amp;ae;r</code>,1,0.0009662
138,gehyrde,<code>gehyrde</code>,1,0.0009662
138,gel&aelig;redran,<code>gel&amp;ae;redran</code>,1,0.0009662
138,geleahtrode,<code>geleahtrode</code>,1,0.0009662
138,gelyfa&eth;,<code>gelyfa&amp;d;</code>,1,0.0009662
138,gemacode,<code>gemacode</code>,1,0.0009662
138,gemyndige,<code>gemyndige</code>,1,0.0009662
138,geornlice,<code>geornlice</code>,1,0.0009662
138,gereht,<code>gereht</code>,1,0.0009662
138,gereorde,<code>gereorde</code>,1,0.0009662
138,gerihtl&aelig;can,<code>gerihtl&amp;ae;can</code>,1,0.0009662
138,geseah,<code>geseah</code>,1,0.0009662
138,gesetnysse,<code>gesetnysse</code>,1,0.0009662
138,gesewenlica,<code>gesewenlica</code>,1,0.0009662
138,gestentst,<code>gestentst</code>,1,0.0009662
138,geswic,<code>geswic</code>,1,0.0009662
138,geswutela&eth;,<code>geswutela&amp;d;</code>,1,0.0009662
138,getrymmed,<code>getrymmed</code>,1,0.0009662
138,geuntruma&eth;,<code>geuntruma&amp;d;</code>,1,0.0009662
138,geuntrumode,<code>geuntrumode</code>,1,0.0009662
138,gewarnast,<code>gewarnast</code>,1,0.0009662
138,geweald,<code>geweald</code>,1,0.0009662
138,gewritu,<code>gewritu</code>,1,0.0009662
138,gewritum,<code>gewritum</code>,1,0.0009662
138,gewur&eth;an,<code>gewur&amp;d;an</code>,1,0.0009662
138,gife,<code>gife</code>,1,0.0009662
138,gingran,<code>gingran</code>,1,0.0009662
138,godre,<code>godre</code>,1,0.0009662
138,godspelle,<code>godspelle</code>,1,0.0009662
138,gold,<code>gold</code>,1,0.0009662
138,goodnys,<code>goodnys</code>,1,0.0009662
138,grama,<code>grama</code>,1,0.0009662
138,gymelease,<code>gymelease</code>,1,0.0009662
138,h&aelig;bbene,<code>h&amp;ae;bbene</code>,1,0.0009662
138,h&aelig;lend,<code>h&amp;ae;lend</code>,1,0.0009662
138,habba&eth;,<code>habba&amp;d;</code>,1,0.0009662
138,hade,<code>hade</code>,1,0.0009662
138,hadum,<code>hadum</code>,1,0.0009662
138,halan,<code>halan</code>,1,0.0009662
138,halsige,<code>halsige</code>,1,0.0009662
138,healfan,<code>healfan</code>,1,0.0009662
138,helle,<code>helle</code>,1,0.0009662
138,heofenan,<code>heofenan</code>,1,0.0009662
138,heofenas,<code>heofenas</code>,1,0.0009662
138,heofenlic,<code>heofenlic</code>,1,0.0009662
138,hire,<code>hire</code>,1,0.0009662
138,hirede,<code>hirede</code>,1,0.0009662
138,hu,<code>hu</code>,1,0.0009662
138,hyrdas,<code>hyrdas</code>,1,0.0009662
138,iacobes,<code>iacobes</code>,1,0.0009662
138,iobes,<code>iobes</code>,1,0.0009662
138,isiam,<code>isiam</code>,1,0.0009662
138,l&aelig;ran,<code>l&amp;ae;ran</code>,1,0.0009662
138,l&aelig;s,<code>l&amp;ae;s</code>,1,0.0009662
138,langsum,<code>langsum</code>,1,0.0009662
138,lareowum,<code>lareowum</code>,1,0.0009662
138,leahtras,<code>leahtras</code>,1,0.0009662
138,leas,<code>leas</code>,1,0.0009662
138,lease,<code>lease</code>,1,0.0009662
138,leasum,<code>leasum</code>,1,0.0009662
138,leasunge,<code>leasunge</code>,1,0.0009662
138,leden,<code>leden</code>,1,0.0009662
138,ledene,<code>ledene</code>,1,0.0009662
138,ledenum,<code>ledenum</code>,1,0.0009662
138,leorningcnihtum,<code>leorningcnihtum</code>,1,0.0009662
138,lichaman,<code>lichaman</code>,1,0.0009662
138,lif,<code>lif</code>,1,0.0009662
138,lybbe,<code>lybbe</code>,1,0.0009662
138,lyre,<code>lyre</code>,1,0.0009662
138,lyt,<code>lyt</code>,1,0.0009662
138,m&aelig;ge,<code>m&amp;ae;ge</code>,1,0.0009662
138,m&aelig;ssepreost,<code>m&amp;ae;ssepreost</code>,1,0.0009662
138,manast,<code>manast</code>,1,0.0009662
138,mand&aelig;dum,<code>mand&amp;ae;dum</code>,1,0.0009662
138,manega,<code>manega</code>,1,0.0009662
138,manegum,<code>manegum</code>,1,0.0009662
138,martyrdome,<code>martyrdome</code>,1,0.0009662
138,micclan,<code>micclan</code>,1,0.0009662
138,micclum,<code>micclum</code>,1,0.0009662
138,micel,<code>micel</code>,1,0.0009662
138,micelre,<code>micelre</code>,1,0.0009662
138,middangeardes,<code>middangeardes</code>,1,0.0009662
138,mihte,<code>mihte</code>,1,0.0009662
138,mode,<code>mode</code>,1,0.0009662
138,modignysse,<code>modignysse</code>,1,0.0009662
138,moste,<code>moste</code>,1,0.0009662
138,munuc,<code>munuc</code>,1,0.0009662
138,mynegunge,<code>mynegunge</code>,1,0.0009662
138,mynstre,<code>mynstre</code>,1,0.0009662
138,myrh&eth;e,<code>myrh&amp;d;e</code>,1,0.0009662
138,n&aelig;f&eth;,<code>n&amp;ae;f&amp;d;</code>,1,0.0009662
138,n&aelig;fdon,<code>n&amp;ae;fdon</code>,1,0.0009662
138,n&aelig;fre,<code>n&amp;ae;fre</code>,1,0.0009662
138,n&aelig;re,<code>n&amp;ae;re</code>,1,0.0009662
138,n&aelig;ron,<code>n&amp;ae;ron</code>,1,0.0009662
138,n&aelig;s,<code>n&amp;ae;s</code>,1,0.0009662
138,nan,<code>nan</code>,1,0.0009662
138,neada&eth;,<code>neada&amp;d;</code>,1,0.0009662
138,neadian,<code>neadian</code>,1,0.0009662
138,nele,<code>nele</code>,1,0.0009662
138,nolde,<code>nolde</code>,1,0.0009662
138,o&eth;,<code>o&amp;d;</code>,1,0.0009662
138,o&eth;rum,<code>o&amp;d;rum</code>,1,0.0009662
138,o&thorn;&thorn;e,<code>o&amp;t;&amp;t;e</code>,1,0.0009662
138,ofgan,<code>ofgan</code>,1,0.0009662
138,ofhreow,<code>ofhreow</code>,1,0.0009662
138,ofslih&eth;,<code>ofslih&amp;d;</code>,1,0.0009662
138,onbuga&eth;,<code>onbuga&amp;d;</code>,1,0.0009662
138,onwreah,<code>onwreah</code>,1,0.0009662
138,openlice,<code>openlice</code>,1,0.0009662
138,ord,<code>ord</code>,1,0.0009662
138,orm&aelig;tan,<code>orm&amp;ae;tan</code>,1,0.0009662
138,paulus,<code>paulus</code>,1,0.0009662
138,praefatio,<code>praefatio</code>,1,0.0009662
138,rice,<code>rice</code>,1,0.0009662
138,samod,<code>samod</code>,1,0.0009662
138,sawla,<code>sawla</code>,1,0.0009662
138,sceal,<code>sceal</code>,1,0.0009662
138,sceolde,<code>sceolde</code>,1,0.0009662
138,sceoldon,<code>sceoldon</code>,1,0.0009662
138,sceole,<code>sceole</code>,1,0.0009662
138,scep,<code>scep</code>,1,0.0009662
138,scyppendes,<code>scyppendes</code>,1,0.0009662
138,sende,<code>sende</code>,1,0.0009662
138,snoterlice,<code>snoterlice</code>,1,0.0009662
138,so&eth;,<code>so&amp;d;</code>,1,0.0009662
138,so&eth;an,<code>so&amp;d;an</code>,1,0.0009662
138,so&eth;f&aelig;stnysse,<code>so&amp;d;f&amp;ae;stnysse</code>,1,0.0009662
138,so&eth;lice,<code>so&amp;d;lice</code>,1,0.0009662
138,spr&aelig;ce,<code>spr&amp;ae;ce</code>,1,0.0009662
138,stemne,<code>stemne</code>,1,0.0009662
138,sumum,<code>sumum</code>,1,0.0009662
138,susle,<code>susle</code>,1,0.0009662
138,sweartan,<code>sweartan</code>,1,0.0009662
138,swelt,<code>swelt</code>,1,0.0009662
138,swi&eth;ost,<code>swi&amp;d;ost</code>,1,0.0009662
138,swilcum,<code>swilcum</code>,1,0.0009662
138,swylcum,<code>swylcum</code>,1,0.0009662
138,swylt,<code>swylt</code>,1,0.0009662
138,synd,<code>synd</code>,1,0.0009662
138,synna,<code>synna</code>,1,0.0009662
138,synnum,<code>synnum</code>,1,0.0009662
138,t&aelig;hte,<code>t&amp;ae;hte</code>,1,0.0009662
138,tealdon,<code>tealdon</code>,1,0.0009662
138,tima,<code>tima</code>,1,0.0009662
138,toweardan,<code>toweardan</code>,1,0.0009662
138,truwiende,<code>truwiende</code>,1,0.0009662
138,truwige,<code>truwige</code>,1,0.0009662
138,undergann,<code>undergann</code>,1,0.0009662
138,ungel&aelig;rede,<code>ungel&amp;ae;rede</code>,1,0.0009662
138,ungerima,<code>ungerima</code>,1,0.0009662
138,unrihtwisan,<code>unrihtwisan</code>,1,0.0009662
138,untrume,<code>untrume</code>,1,0.0009662
138,untrumnyssum,<code>untrumnyssum</code>,1,0.0009662
138,ures,<code>ures</code>,1,0.0009662
138,ut,<code>ut</code>,1,0.0009662
138,w&aelig;lhreowa,<code>w&amp;ae;lhreowa</code>,1,0.0009662
138,w&aelig;s,<code>w&amp;ae;s</code>,1,0.0009662
138,waccre,<code>waccre</code>,1,0.0009662
138,wat,<code>wat</code>,1,0.0009662
138,weald,<code>weald</code>,1,0.0009662
138,weorc,<code>weorc</code>,1,0.0009662
138,weorces,<code>weorces</code>,1,0.0009662
138,weoruld,<code>weoruld</code>,1,0.0009662
138,wi&eth;,<code>wi&amp;d;</code>,1,0.0009662
138,wi&eth;cwe&eth;a&eth;,<code>wi&amp;d;cwe&amp;d;a&amp;d;</code>,1,0.0009662
138,wi&eth;standa&eth;,<code>wi&amp;d;standa&amp;d;</code>,1,0.0009662
138,wisdome,<code>wisdome</code>,1,0.0009662
138,wislicor,<code>wislicor</code>,1,0.0009662
138,wite,<code>wite</code>,1,0.0009662
138,woge,<code>woge</code>,1,0.0009662
138,writ,<code>writ</code>,1,0.0009662
138,writeras,<code>writeras</code>,1,0.0009662
138,wyr&eth;e,<code>wyr&amp;d;e</code>,1,0.0009662
138,wyrca&eth;,<code>wyrca&amp;d;</code>,1,0.0009662
138,wyrcenne,<code>wyrcenne</code>,1,0.0009662
138,wyrhta,<code>wyrhta</code>,1,0.0009662
138,yfel,<code>yfel</code>,1,0.0009662
138,yfelnyss,<code>yfelnyss</code>,1,0.0009662
138,yfelum,<code>yfelum</code>,1,0.0009662
138,ylca,<code>ylca</code>,1,0.0009662
138,yrm&eth;e,<code>yrm&amp;d;e</code>,1,0.0009662
