A_Poetry,A02,A02.005_Dream_T00090.txt,559,414,1109
RANK,HTML WORD,RAW WORD,COUNT,RELATIVE FREQUENCY
1,ic,<code>ic</code>,43,0.0387737
2,on,<code>on</code>,38,0.0342651
3,me,<code>me</code>,27,0.0243463
4,ond,<code>ond</code>,21,0.0189360
4,w&aelig;s,<code>w&amp;ae;s</code>,21,0.0189360
6,mid,<code>mid</code>,20,0.0180343
7,&thorn;&aelig;r,<code>&amp;t;&amp;ae;r</code>,19,0.0171326
7,&thorn;&aelig;t,<code>&amp;t;&amp;ae;t</code>,19,0.0171326
7,&thorn;a,<code>&amp;t;a</code>,19,0.0171326
10,to,<code>to</code>,16,0.0144274
11,he,<code>he</code>,15,0.0135257
12,&thorn;am,<code>&amp;t;am</code>,11,0.0099188
12,hie,<code>hie</code>,11,0.0099188
12,se,<code>se</code>,11,0.0099188
15,him,<code>him</code>,10,0.0090171
16,&eth;&aelig;r,<code>&amp;d;&amp;ae;r</code>,9,0.0081154
17,&thorn;e,<code>&amp;t;e</code>,8,0.0072137
17,eall,<code>eall</code>,8,0.0072137
17,is,<code>is</code>,8,0.0072137
20,for,<code>for</code>,7,0.0063120
20,god,<code>god</code>,7,0.0063120
20,ne,<code>ne</code>,7,0.0063120
23,&aelig;lmihtig,<code>&amp;ae;lmihtig</code>,6,0.0054103
23,&thorn;onne,<code>&amp;t;onne</code>,6,0.0054103
23,dryhtnes,<code>dryhtnes</code>,6,0.0054103
23,his,<code>his</code>,6,0.0054103
23,hw&aelig;&eth;re,<code>hw&amp;ae;&amp;d;re</code>,6,0.0054103
23,nu,<code>nu</code>,6,0.0054103
23,of,<code>of</code>,6,0.0054103
30,&aelig;r,<code>&amp;ae;r</code>,5,0.0045086
30,&eth;am,<code>&amp;d;am</code>,5,0.0045086
30,ac,<code>ac</code>,5,0.0045086
30,ealle,<code>ealle</code>,5,0.0045086
30,geseah,<code>geseah</code>,5,0.0045086
30,ofer,<code>ofer</code>,5,0.0045086
36,dorste,<code>dorste</code>,4,0.0036069
36,dryhten,<code>dryhten</code>,4,0.0036069
36,eor&eth;an,<code>eor&amp;d;an</code>,4,0.0036069
36,gesyh&eth;e,<code>gesyh&amp;d;e</code>,4,0.0036069
36,hine,<code>hine</code>,4,0.0036069
36,hit,<code>hit</code>,4,0.0036069
36,hw&aelig;t,<code>hw&amp;ae;t</code>,4,0.0036069
36,hwile,<code>hwile</code>,4,0.0036069
36,treow,<code>treow</code>,4,0.0036069
36,us,<code>us</code>,4,0.0036069
36,wuldres,<code>wuldres</code>,4,0.0036069
47,&eth;e,<code>&amp;d;e</code>,3,0.0027051
47,&thorn;&aelig;re,<code>&amp;t;&amp;ae;re</code>,3,0.0027051
47,&thorn;rowode,<code>&amp;t;rowode</code>,3,0.0027051
47,beheoldon,<code>beheoldon</code>,3,0.0027051
47,eft,<code>eft</code>,3,0.0027051
47,elne,<code>elne</code>,3,0.0027051
47,feala,<code>feala</code>,3,0.0027051
47,feondas,<code>feondas</code>,3,0.0027051
47,foldan,<code>foldan</code>,3,0.0027051
47,gesceaft,<code>gesceaft</code>,3,0.0027051
47,geweor&eth;ode,<code>geweor&amp;d;ode</code>,3,0.0027051
47,golde,<code>golde</code>,3,0.0027051
47,h&aelig;le&eth;,<code>h&amp;ae;le&amp;d;</code>,3,0.0027051
47,her,<code>her</code>,3,0.0027051
47,hw&aelig;&eth;ere,<code>hw&amp;ae;&amp;d;ere</code>,3,0.0027051
47,man,<code>man</code>,3,0.0027051
47,min,<code>min</code>,3,0.0027051
47,mycle,<code>mycle</code>,3,0.0027051
47,ongan,<code>ongan</code>,3,0.0027051
47,reste,<code>reste</code>,3,0.0027051
47,rode,<code>rode</code>,3,0.0027051
47,swa,<code>swa</code>,3,0.0027051
47,synnum,<code>synnum</code>,3,0.0027051
47,wealdend,<code>wealdend</code>,3,0.0027051
47,wolde,<code>wolde</code>,3,0.0027051
47,wuldre,<code>wuldre</code>,3,0.0027051
73,&aelig;nig,<code>&amp;ae;nig</code>,2,0.0018034
73,&aelig;t,<code>&amp;ae;t</code>,2,0.0018034
73,&eth;a,<code>&amp;d;a</code>,2,0.0018034
73,&eth;u,<code>&amp;d;u</code>,2,0.0018034
73,&thorn;eos,<code>&amp;t;eos</code>,2,0.0018034
73,&thorn;urh,<code>&amp;t;urh</code>,2,0.0018034
73,&thorn;yssum,<code>&amp;t;yssum</code>,2,0.0018034
73,ana,<code>ana</code>,2,0.0018034
73,anra,<code>anra</code>,2,0.0018034
73,beacen,<code>beacen</code>,2,0.0018034
73,beame,<code>beame</code>,2,0.0018034
73,begoten,<code>begoten</code>,2,0.0018034
73,beheold,<code>beheold</code>,2,0.0018034
73,beornas,<code>beornas</code>,2,0.0018034
73,bestemed,<code>bestemed</code>,2,0.0018034
73,blis,<code>blis</code>,2,0.0018034
73,blisse,<code>blisse</code>,2,0.0018034
73,bugan,<code>bugan</code>,2,0.0018034
73,cyning,<code>cyning</code>,2,0.0018034
73,f&aelig;gere,<code>f&amp;ae;gere</code>,2,0.0018034
73,f&aelig;ste,<code>f&amp;ae;ste</code>,2,0.0018034
73,fuse,<code>fuse</code>,2,0.0018034
73,gebiden,<code>gebiden</code>,2,0.0018034
73,gedrefed,<code>gedrefed</code>,2,0.0018034
73,gimmas,<code>gimmas</code>,2,0.0018034
73,godes,<code>godes</code>,2,0.0018034
73,guman,<code>guman</code>,2,0.0018034
73,h&aelig;bbe,<code>h&amp;ae;bbe</code>,2,0.0018034
73,h&aelig;fdon,<code>h&amp;ae;fdon</code>,2,0.0018034
73,halgum,<code>halgum</code>,2,0.0018034
73,heofenum,<code>heofenum</code>,2,0.0018034
73,heofonum,<code>heofonum</code>,2,0.0018034
73,heora,<code>heora</code>,2,0.0018034
73,hr&aelig;w,<code>hr&amp;ae;w</code>,2,0.0018034
73,hwilum,<code>hwilum</code>,2,0.0018034
73,iu,<code>iu</code>,2,0.0018034
73,leofa,<code>leofa</code>,2,0.0018034
73,life,<code>life</code>,2,0.0018034
73,lifes,<code>lifes</code>,2,0.0018034
73,m&aelig;g,<code>m&amp;ae;g</code>,2,0.0018034
73,m&aelig;re,<code>m&amp;ae;re</code>,2,0.0018034
73,m&aelig;te,<code>m&amp;ae;te</code>,2,0.0018034
73,mancynnes,<code>mancynnes</code>,2,0.0018034
73,mannum,<code>mannum</code>,2,0.0018034
73,me&eth;e,<code>me&amp;d;e</code>,2,0.0018034
73,men,<code>men</code>,2,0.0018034
73,menn,<code>menn</code>,2,0.0018034
73,miclan,<code>miclan</code>,2,0.0018034
73,mihte,<code>mihte</code>,2,0.0018034
73,mode,<code>mode</code>,2,0.0018034
73,moldan,<code>moldan</code>,2,0.0018034
73,mycel,<code>mycel</code>,2,0.0018034
73,o&eth;&eth;&aelig;t,<code>o&amp;d;&amp;d;&amp;ae;t</code>,2,0.0018034
73,ongunnon,<code>ongunnon</code>,2,0.0018034
73,rice,<code>rice</code>,2,0.0018034
73,rod,<code>rod</code>,2,0.0018034
73,sceatum,<code>sceatum</code>,2,0.0018034
73,secan,<code>secan</code>,2,0.0018034
73,sigebeam,<code>sigebeam</code>,2,0.0018034
73,sorgum,<code>sorgum</code>,2,0.0018034
73,standan,<code>standan</code>,2,0.0018034
73,stodon,<code>stodon</code>,2,0.0018034
73,swylce,<code>swylce</code>,2,0.0018034
73,under,<code>under</code>,2,0.0018034
73,w&aelig;dum,<code>w&amp;ae;dum</code>,2,0.0018034
73,wealdendes,<code>wealdendes</code>,2,0.0018034
73,well,<code>well</code>,2,0.0018034
73,weorode,<code>weorode</code>,2,0.0018034
73,wesan,<code>wesan</code>,2,0.0018034
73,wolcnum,<code>wolcnum</code>,2,0.0018034
73,word,<code>word</code>,2,0.0018034
73,wunedon,<code>wunedon</code>,2,0.0018034
73,wunian,<code>wunian</code>,2,0.0018034
146,&aelig;&eth;elinge,<code>&amp;ae;&amp;d;elinge</code>,1,0.0009017
146,&aelig;fentide,<code>&amp;ae;fentide</code>,1,0.0009017
146,&aelig;fter,<code>&amp;ae;fter</code>,1,0.0009017
146,&aelig;ghwylc,<code>&amp;ae;ghwylc</code>,1,0.0009017
146,&aelig;ghwylcne,<code>&amp;ae;ghwylcne</code>,1,0.0009017
146,&aelig;lmihtigne,<code>&amp;ae;lmihtigne</code>,1,0.0009017
146,&aelig;r&thorn;an,<code>&amp;ae;r&amp;t;an</code>,1,0.0009017
146,&aelig;rest,<code>&amp;ae;rest</code>,1,0.0009017
146,&aelig;rgewin,<code>&amp;ae;rgewin</code>,1,0.0009017
146,&aelig;rur,<code>&amp;ae;rur</code>,1,0.0009017
146,&aelig;tg&aelig;dere,<code>&amp;ae;tg&amp;ae;dere</code>,1,0.0009017
146,&eth;&aelig;ron,<code>&amp;d;&amp;ae;ron</code>,1,0.0009017
146,&eth;&aelig;t,<code>&amp;d;&amp;ae;t</code>,1,0.0009017
146,&eth;urh,<code>&amp;d;urh</code>,1,0.0009017
146,&thorn;&aelig;s,<code>&amp;t;&amp;ae;s</code>,1,0.0009017
146,&thorn;an,<code>&amp;t;an</code>,1,0.0009017
146,&thorn;ara,<code>&amp;t;ara</code>,1,0.0009017
146,&thorn;as,<code>&amp;t;as</code>,1,0.0009017
146,&thorn;earf,<code>&amp;t;earf</code>,1,0.0009017
146,&thorn;earle,<code>&amp;t;earle</code>,1,0.0009017
146,&thorn;egnas,<code>&amp;t;egnas</code>,1,0.0009017
146,&thorn;enca&thorn;,<code>&amp;t;enca&amp;t;</code>,1,0.0009017
146,&thorn;ence&eth;,<code>&amp;t;ence&amp;d;</code>,1,0.0009017
146,&thorn;enian,<code>&amp;t;enian</code>,1,0.0009017
146,&thorn;eodne,<code>&amp;t;eodne</code>,1,0.0009017
146,&thorn;olodan,<code>&amp;t;olodan</code>,1,0.0009017
146,&thorn;one,<code>&amp;t;one</code>,1,0.0009017
146,&thorn;rymf&aelig;st,<code>&amp;t;rymf&amp;ae;st</code>,1,0.0009017
146,&thorn;uhte,<code>&amp;t;uhte</code>,1,0.0009017
146,&thorn;urhdrifan,<code>&amp;t;urhdrifan</code>,1,0.0009017
146,&thorn;ysne,<code>&amp;t;ysne</code>,1,0.0009017
146,&thorn;ysson,<code>&amp;t;ysson</code>,1,0.0009017
146,&thorn;ystro,<code>&amp;t;ystro</code>,1,0.0009017
146,adomes,<code>adomes</code>,1,0.0009017
146,afysed,<code>afysed</code>,1,0.0009017
146,ah,<code>ah</code>,1,0.0009017
146,aheawen,<code>aheawen</code>,1,0.0009017
146,ahof,<code>ahof</code>,1,0.0009017
146,ahofon,<code>ahofon</code>,1,0.0009017
146,aledon,<code>aledon</code>,1,0.0009017
146,anforht,<code>anforht</code>,1,0.0009017
146,anwealda,<code>anwealda</code>,1,0.0009017
146,ar&aelig;red,<code>ar&amp;ae;red</code>,1,0.0009017
146,aras,<code>aras</code>,1,0.0009017
146,asette,<code>asette</code>,1,0.0009017
146,asetton,<code>asetton</code>,1,0.0009017
146,astag,<code>astag</code>,1,0.0009017
146,astyred,<code>astyred</code>,1,0.0009017
146,b&aelig;ron,<code>b&amp;ae;ron</code>,1,0.0009017
146,banan,<code>banan</code>,1,0.0009017
146,beacna,<code>beacna</code>,1,0.0009017
146,beacne,<code>beacne</code>,1,0.0009017
146,bealuwara,<code>bealuwara</code>,1,0.0009017
146,beam,<code>beam</code>,1,0.0009017
146,beama,<code>beama</code>,1,0.0009017
146,bearn,<code>bearn</code>,1,0.0009017
146,bedealf,<code>bedealf</code>,1,0.0009017
146,bedrifenne,<code>bedrifenne</code>,1,0.0009017
146,beorg,<code>beorg</code>,1,0.0009017
146,beorge,<code>beorge</code>,1,0.0009017
146,beorhtan,<code>beorhtan</code>,1,0.0009017
146,beorhtost,<code>beorhtost</code>,1,0.0009017
146,beorn,<code>beorn</code>,1,0.0009017
146,bere&eth;,<code>bere&amp;d;</code>,1,0.0009017
146,berstan,<code>berstan</code>,1,0.0009017
146,beswyled,<code>beswyled</code>,1,0.0009017
146,bewrigen,<code>bewrigen</code>,1,0.0009017
146,bewrigene,<code>bewrigene</code>,1,0.0009017
146,bewunden,<code>bewunden</code>,1,0.0009017
146,bi&eth;,<code>bi&amp;d;</code>,1,0.0009017
146,bifian,<code>bifian</code>,1,0.0009017
146,bifode,<code>bifode</code>,1,0.0009017
146,biteres,<code>biteres</code>,1,0.0009017
146,bledum,<code>bledum</code>,1,0.0009017
146,bleom,<code>bleom</code>,1,0.0009017
146,bli&eth;e,<code>bli&amp;d;e</code>,1,0.0009017
146,blode,<code>blode</code>,1,0.0009017
146,breostum,<code>breostum</code>,1,0.0009017
146,brucan,<code>brucan</code>,1,0.0009017
146,bryne,<code>bryne</code>,1,0.0009017
146,butu,<code>butu</code>,1,0.0009017
146,byrigde,<code>byrigde</code>,1,0.0009017
146,bysmeredon,<code>bysmeredon</code>,1,0.0009017
146,colode,<code>colode</code>,1,0.0009017
146,com,<code>com</code>,1,0.0009017
146,crist,<code>crist</code>,1,0.0009017
146,criste,<code>criste</code>,1,0.0009017
146,cumen,<code>cumen</code>,1,0.0009017
146,curfon,<code>curfon</code>,1,0.0009017
146,cwe&eth;an,<code>cwe&amp;d;an</code>,1,0.0009017
146,cwi&eth;don,<code>cwi&amp;d;don</code>,1,0.0009017
146,cwom,<code>cwom</code>,1,0.0009017
146,cwoman,<code>cwoman</code>,1,0.0009017
146,cwy&eth;,<code>cwy&amp;d;</code>,1,0.0009017
146,cyninges,<code>cyninges</code>,1,0.0009017
146,cynn,<code>cynn</code>,1,0.0009017
146,cyst,<code>cyst</code>,1,0.0009017
146,daga,<code>daga</code>,1,0.0009017
146,dea&eth;,<code>dea&amp;d;</code>,1,0.0009017
146,dea&eth;es,<code>dea&amp;d;es</code>,1,0.0009017
146,deman,<code>deman</code>,1,0.0009017
146,deopan,<code>deopan</code>,1,0.0009017
146,deorcan,<code>deorcan</code>,1,0.0009017
146,dolg,<code>dolg</code>,1,0.0009017
146,domd&aelig;ge,<code>domd&amp;ae;ge</code>,1,0.0009017
146,domes,<code>domes</code>,1,0.0009017
146,dream,<code>dream</code>,1,0.0009017
146,dreames,<code>dreames</code>,1,0.0009017
146,dreamum,<code>dreamum</code>,1,0.0009017
146,dyde,<code>dyde</code>,1,0.0009017
146,e&eth;el,<code>e&amp;d;el</code>,1,0.0009017
146,ea&eth;mod,<code>ea&amp;d;mod</code>,1,0.0009017
146,eac,<code>eac</code>,1,0.0009017
146,eal,<code>eal</code>,1,0.0009017
146,ealdgewyrhtum,<code>ealdgewyrhtum</code>,1,0.0009017
146,ealdor,<code>ealdor</code>,1,0.0009017
146,eallum,<code>eallum</code>,1,0.0009017
146,ealra,<code>ealra</code>,1,0.0009017
146,earme,<code>earme</code>,1,0.0009017
146,earmra,<code>earmra</code>,1,0.0009017
146,eaxlegespanne,<code>eaxlegespanne</code>,1,0.0009017
146,eaxlum,<code>eaxlum</code>,1,0.0009017
146,efstan,<code>efstan</code>,1,0.0009017
146,egesa,<code>egesa</code>,1,0.0009017
146,egeslic,<code>egeslic</code>,1,0.0009017
146,ende,<code>ende</code>,1,0.0009017
146,engel,<code>engel</code>,1,0.0009017
146,englas,<code>englas</code>,1,0.0009017
146,englum,<code>englum</code>,1,0.0009017
146,eor&eth;wege,<code>eor&amp;d;wege</code>,1,0.0009017
146,eor&thorn;an,<code>eor&amp;t;an</code>,1,0.0009017
146,f&aelig;ger,<code>f&amp;ae;ger</code>,1,0.0009017
146,f&aelig;gran,<code>f&amp;ae;gran</code>,1,0.0009017
146,fah,<code>fah</code>,1,0.0009017
146,fea,<code>fea</code>,1,0.0009017
146,feallan,<code>feallan</code>,1,0.0009017
146,feorgbold,<code>feorgbold</code>,1,0.0009017
146,feorran,<code>feorran</code>,1,0.0009017
146,fife,<code>fife</code>,1,0.0009017
146,folc,<code>folc</code>,1,0.0009017
146,for&eth;,<code>for&amp;d;</code>,1,0.0009017
146,for&eth;eode,<code>for&amp;d;eode</code>,1,0.0009017
146,for&eth;gesceaft,<code>for&amp;d;gesceaft</code>,1,0.0009017
146,for&eth;wege,<code>for&amp;d;wege</code>,1,0.0009017
146,for&thorn;an,<code>for&amp;t;an</code>,1,0.0009017
146,forgeaf,<code>forgeaf</code>,1,0.0009017
146,forht,<code>forht</code>,1,0.0009017
146,forhtia&eth;,<code>forhtia&amp;d;</code>,1,0.0009017
146,forleton,<code>forleton</code>,1,0.0009017
146,forwunded,<code>forwunded</code>,1,0.0009017
146,forwundod,<code>forwundod</code>,1,0.0009017
146,fracodes,<code>fracodes</code>,1,0.0009017
146,fram,<code>fram</code>,1,0.0009017
146,frean,<code>frean</code>,1,0.0009017
146,freond,<code>freond</code>,1,0.0009017
146,freonda,<code>freonda</code>,1,0.0009017
146,freondas,<code>freondas</code>,1,0.0009017
146,frine&eth;,<code>frine&amp;d;</code>,1,0.0009017
146,funda&thorn;,<code>funda&amp;t;</code>,1,0.0009017
146,fyll,<code>fyll</code>,1,0.0009017
146,fyllan,<code>fyllan</code>,1,0.0009017
146,galan,<code>galan</code>,1,0.0009017
146,gange,<code>gange</code>,1,0.0009017
146,gast,<code>gast</code>,1,0.0009017
146,gasta,<code>gasta</code>,1,0.0009017
146,gastas,<code>gastas</code>,1,0.0009017
146,gealga,<code>gealga</code>,1,0.0009017
146,gealgan,<code>gealgan</code>,1,0.0009017
146,gealgtreowe,<code>gealgtreowe</code>,1,0.0009017
146,geara,<code>geara</code>,1,0.0009017
146,geb&aelig;d,<code>geb&amp;ae;d</code>,1,0.0009017
146,gebad,<code>gebad</code>,1,0.0009017
146,gebidda&thorn;,<code>gebidda&amp;t;</code>,1,0.0009017
146,gebringe,<code>gebringe</code>,1,0.0009017
146,geearna&thorn;,<code>geearna&amp;t;</code>,1,0.0009017
146,gef&aelig;stnodon,<code>gef&amp;ae;stnodon</code>,1,0.0009017
146,gefetige,<code>gefetige</code>,1,0.0009017
146,gefrunon,<code>gefrunon</code>,1,0.0009017
146,gefyllan,<code>gefyllan</code>,1,0.0009017
146,gegyred,<code>gegyred</code>,1,0.0009017
146,gegyrwed,<code>gegyrwed</code>,1,0.0009017
146,gehwylce,<code>gehwylce</code>,1,0.0009017
146,gehwylcum,<code>gehwylcum</code>,1,0.0009017
146,gehyran,<code>gehyran</code>,1,0.0009017
146,gehyrde,<code>gehyrde</code>,1,0.0009017
146,gem&aelig;tte,<code>gem&amp;ae;tte</code>,1,0.0009017
146,geman,<code>geman</code>,1,0.0009017
146,genaman,<code>genaman</code>,1,0.0009017
146,genamon,<code>genamon</code>,1,0.0009017
146,geniwad,<code>geniwad</code>,1,0.0009017
146,genoge,<code>genoge</code>,1,0.0009017
146,geong,<code>geong</code>,1,0.0009017
146,geriht,<code>geriht</code>,1,0.0009017
146,gerymde,<code>gerymde</code>,1,0.0009017
146,gesawe,<code>gesawe</code>,1,0.0009017
146,gesecan,<code>gesecan</code>,1,0.0009017
146,geseted,<code>geseted</code>,1,0.0009017
146,gesetton,<code>gesetton</code>,1,0.0009017
146,gesiene,<code>gesiene</code>,1,0.0009017
146,gestah,<code>gestah</code>,1,0.0009017
146,gestigan,<code>gestigan</code>,1,0.0009017
146,gestodon,<code>gestodon</code>,1,0.0009017
146,gewat,<code>gewat</code>,1,0.0009017
146,geweald,<code>geweald</code>,1,0.0009017
146,gewinne,<code>gewinne</code>,1,0.0009017
146,gewiton,<code>gewiton</code>,1,0.0009017
146,geworden,<code>geworden</code>,1,0.0009017
146,geworhton,<code>geworhton</code>,1,0.0009017
146,gode,<code>gode</code>,1,0.0009017
146,gold,<code>gold</code>,1,0.0009017
146,greotende,<code>greotende</code>,1,0.0009017
146,gyredon,<code>gyredon</code>,1,0.0009017
146,gyta,<code>gyta</code>,1,0.0009017
146,h&aelig;fde,<code>h&amp;ae;fde</code>,1,0.0009017
146,h&aelig;lan,<code>h&amp;ae;lan</code>,1,0.0009017
146,h&aelig;lendes,<code>h&amp;ae;lendes</code>,1,0.0009017
146,halige,<code>halige</code>,1,0.0009017
146,ham,<code>ham</code>,1,0.0009017
146,handa,<code>handa</code>,1,0.0009017
146,hate,<code>hate</code>,1,0.0009017
146,heafdum,<code>heafdum</code>,1,0.0009017
146,heahf&aelig;dere,<code>heahf&amp;ae;dere</code>,1,0.0009017
146,healfe,<code>healfe</code>,1,0.0009017
146,heanne,<code>heanne</code>,1,0.0009017
146,heardost,<code>heardost</code>,1,0.0009017
146,hebban,<code>hebban</code>,1,0.0009017
146,hefian,<code>hefian</code>,1,0.0009017
146,helpe,<code>helpe</code>,1,0.0009017
146,heofenas,<code>heofenas</code>,1,0.0009017
146,heofenes,<code>heofenes</code>,1,0.0009017
146,heofona,<code>heofona</code>,1,0.0009017
146,heofonlicne,<code>heofonlicne</code>,1,0.0009017
146,heofonrices,<code>heofonrices</code>,1,0.0009017
146,heonon,<code>heonon</code>,1,0.0009017
146,heton,<code>heton</code>,1,0.0009017
146,hi,<code>hi</code>,1,0.0009017
146,hider,<code>hider</code>,1,0.0009017
146,hiht,<code>hiht</code>,1,0.0009017
146,hilderinca,<code>hilderinca</code>,1,0.0009017
146,hilderincas,<code>hilderincas</code>,1,0.0009017
146,hira,<code>hira</code>,1,0.0009017
146,hlaford,<code>hlaford</code>,1,0.0009017
146,hleo&eth;rode,<code>hleo&amp;d;rode</code>,1,0.0009017
146,hlifige,<code>hlifige</code>,1,0.0009017
146,hnag,<code>hnag</code>,1,0.0009017
146,holmwudu,<code>holmwudu</code>,1,0.0009017
146,holtes,<code>holtes</code>,1,0.0009017
146,hreowcearig,<code>hreowcearig</code>,1,0.0009017
146,huru,<code>huru</code>,1,0.0009017
146,hw&aelig;nne,<code>hw&amp;ae;nne</code>,1,0.0009017
146,hw&aelig;r,<code>hw&amp;ae;r</code>,1,0.0009017
146,hyht,<code>hyht</code>,1,0.0009017
146,hyldan,<code>hyldan</code>,1,0.0009017
146,in,<code>in</code>,1,0.0009017
146,inwidhlemmas,<code>inwidhlemmas</code>,1,0.0009017
146,l&aelig;dan,<code>l&amp;ae;dan</code>,1,0.0009017
146,l&aelig;nan,<code>l&amp;ae;nan</code>,1,0.0009017
146,l&aelig;num,<code>l&amp;ae;num</code>,1,0.0009017
146,la&eth;ost,<code>la&amp;d;ost</code>,1,0.0009017
146,lange,<code>lange</code>,1,0.0009017
146,langunghwila,<code>langunghwila</code>,1,0.0009017
146,leodum,<code>leodum</code>,1,0.0009017
146,leohte,<code>leohte</code>,1,0.0009017
146,lices,<code>lices</code>,1,0.0009017
146,licgende,<code>licgende</code>,1,0.0009017
146,lif,<code>lif</code>,1,0.0009017
146,lifia&thorn;,<code>lifia&amp;t;</code>,1,0.0009017
146,limwerigne,<code>limwerigne</code>,1,0.0009017
146,lyft,<code>lyft</code>,1,0.0009017
146,lysan,<code>lysan</code>,1,0.0009017
146,m&aelig;nige,<code>m&amp;ae;nige</code>,1,0.0009017
146,m&aelig;ran,<code>m&amp;ae;ran</code>,1,0.0009017
146,mancyn,<code>mancyn</code>,1,0.0009017
146,mancynn,<code>mancynn</code>,1,0.0009017
146,manegum,<code>manegum</code>,1,0.0009017
146,manigeo,<code>manigeo</code>,1,0.0009017
146,manigra,<code>manigra</code>,1,0.0009017
146,marian,<code>marian</code>,1,0.0009017
146,meahte,<code>meahte</code>,1,0.0009017
146,middangeard,<code>middangeard</code>,1,0.0009017
146,midre,<code>midre</code>,1,0.0009017
146,miht,<code>miht</code>,1,0.0009017
146,mihtig,<code>mihtig</code>,1,0.0009017
146,minum,<code>minum</code>,1,0.0009017
146,modig,<code>modig</code>,1,0.0009017
146,modor,<code>modor</code>,1,0.0009017
146,modsefa,<code>modsefa</code>,1,0.0009017
146,moldern,<code>moldern</code>,1,0.0009017
146,mot,<code>mot</code>,1,0.0009017
146,mote,<code>mote</code>,1,0.0009017
146,mundbyrd,<code>mundbyrd</code>,1,0.0009017
146,n&aelig;glum,<code>n&amp;ae;glum</code>,1,0.0009017
146,n&aelig;nigum,<code>n&amp;ae;nigum</code>,1,0.0009017
146,nah,<code>nah</code>,1,0.0009017
146,naman,<code>naman</code>,1,0.0009017
146,nihte,<code>nihte</code>,1,0.0009017
146,o&eth;&eth;e,<code>o&amp;d;&amp;d;e</code>,1,0.0009017
146,oftor,<code>oftor</code>,1,0.0009017
146,onbyrigan,<code>onbyrigan</code>,1,0.0009017
146,onginnen,<code>onginnen</code>,1,0.0009017
146,ongyrede,<code>ongyrede</code>,1,0.0009017
146,ongytan,<code>ongytan</code>,1,0.0009017
146,onlysde,<code>onlysde</code>,1,0.0009017
146,onsended,<code>onsended</code>,1,0.0009017
146,onwreoh,<code>onwreoh</code>,1,0.0009017
146,opene,<code>opene</code>,1,0.0009017
146,reordberend,<code>reordberend</code>,1,0.0009017
146,reordberendum,<code>reordberendum</code>,1,0.0009017
146,ricne,<code>ricne</code>,1,0.0009017
146,ricra,<code>ricra</code>,1,0.0009017
146,rihtne,<code>rihtne</code>,1,0.0009017
146,s&aelig;l,<code>s&amp;ae;l</code>,1,0.0009017
146,sare,<code>sare</code>,1,0.0009017
146,sarra,<code>sarra</code>,1,0.0009017
146,sawl,<code>sawl</code>,1,0.0009017
146,sce&eth;&eth;an,<code>sce&amp;d;&amp;d;an</code>,1,0.0009017
146,sceadu,<code>sceadu</code>,1,0.0009017
146,sceal,<code>sceal</code>,1,0.0009017
146,sceatas,<code>sceatas</code>,1,0.0009017
146,sceawode,<code>sceawode</code>,1,0.0009017
146,sceolde,<code>sceolde</code>,1,0.0009017
146,sciman,<code>sciman</code>,1,0.0009017
146,scinan,<code>scinan</code>,1,0.0009017
146,scirne,<code>scirne</code>,1,0.0009017
146,sea&thorn;e,<code>sea&amp;t;e</code>,1,0.0009017
146,secgan,<code>secgan</code>,1,0.0009017
146,secge,<code>secge</code>,1,0.0009017
146,secgum,<code>secgum</code>,1,0.0009017
146,selest,<code>selest</code>,1,0.0009017
146,selesta,<code>selesta</code>,1,0.0009017
146,seo,<code>seo</code>,1,0.0009017
146,seolfre,<code>seolfre</code>,1,0.0009017
146,si,<code>si</code>,1,0.0009017
146,si&eth;&eth;an,<code>si&amp;d;&amp;d;an</code>,1,0.0009017
146,si&eth;fate,<code>si&amp;d;fate</code>,1,0.0009017
146,si&eth;ian,<code>si&amp;d;ian</code>,1,0.0009017
146,sidan,<code>sidan</code>,1,0.0009017
146,side,<code>side</code>,1,0.0009017
146,sie,<code>sie</code>,1,0.0009017
146,sigora,<code>sigora</code>,1,0.0009017
146,sigorf&aelig;st,<code>sigorf&amp;ae;st</code>,1,0.0009017
146,since,<code>since</code>,1,0.0009017
146,singal,<code>singal</code>,1,0.0009017
146,sohton,<code>sohton</code>,1,0.0009017
146,sorga,<code>sorga</code>,1,0.0009017
146,sorhleo&eth;,<code>sorhleo&amp;d;</code>,1,0.0009017
146,spedig,<code>spedig</code>,1,0.0009017
146,sprecan,<code>sprecan</code>,1,0.0009017
146,sta&eth;ole,<code>sta&amp;d;ole</code>,1,0.0009017
146,stane,<code>stane</code>,1,0.0009017
146,steame,<code>steame</code>,1,0.0009017
146,stefn,<code>stefn</code>,1,0.0009017
146,stefne,<code>stefne</code>,1,0.0009017
146,sti&eth;mod,<code>sti&amp;d;mod</code>,1,0.0009017
146,stod,<code>stod</code>,1,0.0009017
146,str&aelig;lum,<code>str&amp;ae;lum</code>,1,0.0009017
146,strang,<code>strang</code>,1,0.0009017
146,strange,<code>strange</code>,1,0.0009017
146,sunu,<code>sunu</code>,1,0.0009017
146,sw&aelig;tan,<code>sw&amp;ae;tan</code>,1,0.0009017
146,swates,<code>swates</code>,1,0.0009017
146,swefna,<code>swefna</code>,1,0.0009017
146,swi&eth;ran,<code>swi&amp;d;ran</code>,1,0.0009017
146,sy&eth;&eth;an,<code>sy&amp;d;&amp;d;an</code>,1,0.0009017
146,sy&eth;&thorn;an,<code>sy&amp;d;&amp;t;an</code>,1,0.0009017
146,sy&thorn;&thorn;an,<code>sy&amp;t;&amp;t;an</code>,1,0.0009017
146,sylfa,<code>sylfa</code>,1,0.0009017
146,sylfe,<code>sylfe</code>,1,0.0009017
146,syllic,<code>syllic</code>,1,0.0009017
146,syllicre,<code>syllicre</code>,1,0.0009017
146,symle,<code>symle</code>,1,0.0009017
146,syndon,<code>syndon</code>,1,0.0009017
146,unc,<code>unc</code>,1,0.0009017
146,unforht,<code>unforht</code>,1,0.0009017
146,up,<code>up</code>,1,0.0009017
146,uppe,<code>uppe</code>,1,0.0009017
146,w&aelig;fersyne,<code>w&amp;ae;fersyne</code>,1,0.0009017
146,w&aelig;ron,<code>w&amp;ae;ron</code>,1,0.0009017
146,w&aelig;tan,<code>w&amp;ae;tan</code>,1,0.0009017
146,wann,<code>wann</code>,1,0.0009017
146,we,<code>we</code>,1,0.0009017
146,wealdende,<code>wealdende</code>,1,0.0009017
146,weard,<code>weard</code>,1,0.0009017
146,weg,<code>weg</code>,1,0.0009017
146,wendan,<code>wendan</code>,1,0.0009017
146,wene,<code>wene</code>,1,0.0009017
146,weop,<code>weop</code>,1,0.0009017
146,weor&eth;ia&eth;,<code>weor&amp;d;ia&amp;d;</code>,1,0.0009017
146,weor&eth;lice,<code>weor&amp;d;lice</code>,1,0.0009017
146,weor&thorn;ian,<code>weor&amp;t;ian</code>,1,0.0009017
146,weorc,<code>weorc</code>,1,0.0009017
146,werede,<code>werede</code>,1,0.0009017
146,wergas,<code>wergas</code>,1,0.0009017
146,weruda,<code>weruda</code>,1,0.0009017
146,wide,<code>wide</code>,1,0.0009017
146,wifa,<code>wifa</code>,1,0.0009017
146,wile,<code>wile</code>,1,0.0009017
146,willa,<code>willa</code>,1,0.0009017
146,wita,<code>wita</code>,1,0.0009017
146,wite,<code>wite</code>,1,0.0009017
146,woldon,<code>woldon</code>,1,0.0009017
146,wommum,<code>wommum</code>,1,0.0009017
146,worde,<code>worde</code>,1,0.0009017
146,wordum,<code>wordum</code>,1,0.0009017
146,worulde,<code>worulde</code>,1,0.0009017
146,wra&eth;ra,<code>wra&amp;d;ra</code>,1,0.0009017
146,wudu,<code>wudu</code>,1,0.0009017
146,wunia&thorn;,<code>wunia&amp;t;</code>,1,0.0009017
146,wylle,<code>wylle</code>,1,0.0009017
146,wynnum,<code>wynnum</code>,1,0.0009017
146,wyrcan,<code>wyrcan</code>,1,0.0009017
146,wyrd,<code>wyrd</code>,1,0.0009017
146,wyrda,<code>wyrda</code>,1,0.0009017
146,ymbclypte,<code>ymbclypte</code>,1,0.0009017
