B_Prose,B09,B09.002.007_Or_6_T06640.txt,1614,1022,6930
RANK,HTML WORD,RAW WORD,COUNT,RELATIVE FREQUENCY
1,&amp;,<code>&amp;amp;</code>,415,0.0598846
2,he,<code>he</code>,244,0.0352092
3,on,<code>on</code>,220,0.0317460
4,&thorn;&aelig;t,<code>&amp;t;&amp;ae;t</code>,193,0.0278499
5,&thorn;&aelig;m,<code>&amp;t;&amp;ae;m</code>,191,0.0275613
6,&thorn;a,<code>&amp;t;a</code>,177,0.0255411
7,w&aelig;s,<code>w&amp;ae;s</code>,149,0.0215007
8,&thorn;e,<code>&amp;t;e</code>,127,0.0183261
9,to,<code>to</code>,123,0.0177489
10,his,<code>his</code>,110,0.0158730
11,him,<code>him</code>,107,0.0154401
12,hie,<code>hie</code>,97,0.0139971
13,&aelig;fter,<code>&amp;ae;fter</code>,78,0.0112554
14,swa,<code>swa</code>,71,0.0102453
15,mon,<code>mon</code>,61,0.0088023
16,hiene,<code>hiene</code>,60,0.0086580
17,mid,<code>mid</code>,57,0.0082251
18,&thorn;&aelig;s,<code>&amp;t;&amp;ae;s</code>,56,0.0080808
19,for,<code>for</code>,55,0.0079365
20,h&aelig;fde,<code>h&amp;ae;fde</code>,53,0.0076479
21,wintra,<code>wintra</code>,51,0.0073593
22,feng,<code>feng</code>,48,0.0069264
22,onwalde,<code>onwalde</code>,48,0.0069264
24,hit,<code>hit</code>,44,0.0063492
25,&thorn;&aelig;re,<code>&amp;t;&amp;ae;re</code>,43,0.0062049
26,romeburg,<code>romeburg</code>,42,0.0060606
27,&thorn;&aelig;r,<code>&amp;t;&amp;ae;r</code>,41,0.0059163
28,getimbred,<code>getimbred</code>,39,0.0056277
28,w&aelig;ron,<code>w&amp;ae;ron</code>,39,0.0056277
30,si&thorn;&thorn;an,<code>si&amp;t;&amp;t;an</code>,38,0.0054834
31,hiora,<code>hiora</code>,37,0.0053391
31,wear&eth;,<code>wear&amp;d;</code>,37,0.0053391
33,romana,<code>romana</code>,36,0.0051948
34,ac,<code>ac</code>,35,0.0050505
34,ne,<code>ne</code>,35,0.0050505
36,&aelig;r,<code>&amp;ae;r</code>,34,0.0049062
37,&thorn;one,<code>&amp;t;one</code>,33,0.0047619
38,se,<code>se</code>,30,0.0043290
39,&thorn;on,<code>&amp;t;on</code>,28,0.0040404
39,ealle,<code>ealle</code>,28,0.0040404
39,m,<code>m</code>,28,0.0040404
42,het,<code>het</code>,27,0.0038961
43,eac,<code>eac</code>,25,0.0036075
44,eft,<code>eft</code>,24,0.0034632
45,ge,<code>ge</code>,23,0.0033189
45,geare,<code>geare</code>,23,0.0033189
47,byrig,<code>byrig</code>,22,0.0031746
47,ofslog,<code>ofslog</code>,22,0.0031746
49,wi&eth;,<code>wi&amp;d;</code>,21,0.0030303
50,heora,<code>heora</code>,19,0.0027417
50,wolde,<code>wolde</code>,19,0.0027417
52,com,<code>com</code>,18,0.0025974
52,micel,<code>micel</code>,18,0.0025974
52,of,<code>of</code>,18,0.0025974
55,bebead,<code>bebead</code>,17,0.0024531
55,from,<code>from</code>,17,0.0024531
55,hi,<code>hi</code>,17,0.0024531
55,monna,<code>monna</code>,17,0.0024531
55,romane,<code>romane</code>,17,0.0024531
55,self,<code>self</code>,17,0.0024531
61,&thorn;ara,<code>&amp;t;ara</code>,16,0.0023088
61,&thorn;onne,<code>&amp;t;onne</code>,16,0.0023088
61,ger,<code>ger</code>,16,0.0023088
61,o&thorn;,<code>o&amp;t;</code>,16,0.0023088
61,rice,<code>rice</code>,16,0.0023088
66,an,<code>an</code>,15,0.0021645
66,gefor,<code>gefor</code>,15,0.0021645
66,mehte,<code>mehte</code>,15,0.0021645
66,ofslagen,<code>ofslagen</code>,15,0.0021645
66,rices,<code>rices</code>,15,0.0021645
66,w&aelig;re,<code>w&amp;ae;re</code>,15,0.0021645
72,nan,<code>nan</code>,14,0.0020202
73,god,<code>god</code>,13,0.0018759
73,godes,<code>godes</code>,13,0.0018759
73,ra&eth;e,<code>ra&amp;d;e</code>,13,0.0018759
73,theodosius,<code>theodosius</code>,13,0.0018759
77,&aelig;t,<code>&amp;ae;t</code>,12,0.0017316
77,men,<code>men</code>,12,0.0017316
77,sume,<code>sume</code>,12,0.0017316
77,ymb,<code>ymb</code>,12,0.0017316
81,casere,<code>casere</code>,11,0.0015873
81,cristenra,<code>cristenra</code>,11,0.0015873
81,dagum,<code>dagum</code>,11,0.0015873
81,h&aelig;fdon,<code>h&amp;ae;fdon</code>,11,0.0015873
81,sende,<code>sende</code>,11,0.0015873
81,sunu,<code>sunu</code>,11,0.0015873
81,swi&thorn;e,<code>swi&amp;t;e</code>,11,0.0015873
88,buton,<code>buton</code>,10,0.0014430
88,cyning,<code>cyning</code>,10,0.0014430
88,fela,<code>fela</code>,10,0.0014430
88,gallie,<code>gallie</code>,10,0.0014430
88,gotan,<code>gotan</code>,10,0.0014430
88,hio,<code>hio</code>,10,0.0014430
88,hund,<code>hund</code>,10,0.0014430
88,ii,<code>ii</code>,10,0.0014430
88,monnum,<code>monnum</code>,10,0.0014430
88,woldon,<code>woldon</code>,10,0.0014430
98,&aelig;rest,<code>&amp;ae;rest</code>,9,0.0012987
98,&thorn;eh,<code>&amp;t;eh</code>,9,0.0012987
98,be,<code>be</code>,9,0.0012987
98,cristen,<code>cristen</code>,9,0.0012987
98,dcccc,<code>dcccc</code>,9,0.0012987
98,hu,<code>hu</code>,9,0.0012987
98,ofer,<code>ofer</code>,9,0.0012987
98,romanum,<code>romanum</code>,9,0.0012987
98,ut,<code>ut</code>,9,0.0012987
98,wear&thorn;,<code>wear&amp;t;</code>,9,0.0012987
98,wurdon,<code>wurdon</code>,9,0.0012987
109,agnum,<code>agnum</code>,8,0.0011544
109,c,<code>c</code>,8,0.0011544
109,constantius,<code>constantius</code>,8,0.0011544
109,cw&aelig;&eth;,<code>cw&amp;ae;&amp;d;</code>,8,0.0011544
109,eall,<code>eall</code>,8,0.0011544
109,galerius,<code>galerius</code>,8,0.0011544
109,gesette,<code>gesette</code>,8,0.0011544
109,haten,<code>haten</code>,8,0.0011544
109,hierusalem,<code>hierusalem</code>,8,0.0011544
109,ilcan,<code>ilcan</code>,8,0.0011544
109,maximianus,<code>maximianus</code>,8,0.0011544
109,maximus,<code>maximus</code>,8,0.0011544
109,o&thorn;er,<code>o&amp;t;er</code>,8,0.0011544
109,ofslean,<code>ofslean</code>,8,0.0011544
109,ra&thorn;e,<code>ra&amp;t;e</code>,8,0.0011544
109,vii,<code>vii</code>,8,0.0011544
125,&thorn;ohte,<code>&amp;t;ohte</code>,7,0.0010101
125,&thorn;riddan,<code>&amp;t;riddan</code>,7,0.0010101
125,anum,<code>anum</code>,7,0.0010101
125,burg,<code>burg</code>,7,0.0010101
125,constantinus,<code>constantinus</code>,7,0.0010101
125,cristendom,<code>cristendom</code>,7,0.0010101
125,dyde,<code>dyde</code>,7,0.0010101
125,ealdormon,<code>ealdormon</code>,7,0.0010101
125,folc,<code>folc</code>,7,0.0010101
125,gear,<code>gear</code>,7,0.0010101
125,gefeaht,<code>gefeaht</code>,7,0.0010101
125,gode,<code>gode</code>,7,0.0010101
125,hunde,<code>hunde</code>,7,0.0010101
125,iii,<code>iii</code>,7,0.0010101
125,italiam,<code>italiam</code>,7,0.0010101
125,oft,<code>oft</code>,7,0.0010101
125,orosius,<code>orosius</code>,7,0.0010101
125,s&aelig;de,<code>s&amp;ae;de</code>,7,0.0010101
125,sceolde,<code>sceolde</code>,7,0.0010101
125,wracu,<code>wracu</code>,7,0.0010101
145,&thorn;y,<code>&amp;t;y</code>,6,0.0008658
145,agustus,<code>agustus</code>,6,0.0008658
145,betuh,<code>betuh</code>,6,0.0008658
145,dioclitianus,<code>dioclitianus</code>,6,0.0008658
145,eallum,<code>eallum</code>,6,0.0008658
145,fierde,<code>fierde</code>,6,0.0008658
145,gaius,<code>gaius</code>,6,0.0008658
145,geboren,<code>geboren</code>,6,0.0008658
145,gedyde,<code>gedyde</code>,6,0.0008658
145,gesealde,<code>gesealde</code>,6,0.0008658
145,gewin,<code>gewin</code>,6,0.0008658
145,habban,<code>habban</code>,6,0.0008658
145,iiii,<code>iiii</code>,6,0.0008658
145,onwald,<code>onwald</code>,6,0.0008658
145,rome,<code>rome</code>,6,0.0008658
145,selfum,<code>selfum</code>,6,0.0008658
145,swi&eth;e,<code>swi&amp;d;e</code>,6,0.0008658
145,tw&aelig;m,<code>tw&amp;ae;m</code>,6,0.0008658
145,vi,<code>vi</code>,6,0.0008658
145,viii,<code>viii</code>,6,0.0008658
145,wi&thorn;,<code>wi&amp;t;</code>,6,0.0008658
145,winnan,<code>winnan</code>,6,0.0008658
167,&aelig;g&thorn;er,<code>&amp;ae;g&amp;t;er</code>,5,0.0007215
167,&thorn;&aelig;rbinnan,<code>&amp;t;&amp;ae;rbinnan</code>,5,0.0007215
167,anwalde,<code>anwalde</code>,5,0.0007215
167,betweonum,<code>betweonum</code>,5,0.0007215
167,clusan,<code>clusan</code>,5,0.0007215
167,cristene,<code>cristene</code>,5,0.0007215
167,cristes,<code>cristes</code>,5,0.0007215
167,f&aelig;relte,<code>f&amp;ae;relte</code>,5,0.0007215
167,forbead,<code>forbead</code>,5,0.0007215
167,forlet,<code>forlet</code>,5,0.0007215
167,geleafan,<code>geleafan</code>,5,0.0007215
167,gif,<code>gif</code>,5,0.0007215
167,gratianus,<code>gratianus</code>,5,0.0007215
167,hine,<code>hine</code>,5,0.0007215
167,let,<code>let</code>,5,0.0007215
167,lond,<code>lond</code>,5,0.0007215
167,micelre,<code>micelre</code>,5,0.0007215
167,mona&eth;,<code>mona&amp;d;</code>,5,0.0007215
167,n&aelig;s,<code>n&amp;ae;s</code>,5,0.0007215
167,nyste,<code>nyste</code>,5,0.0007215
167,o&thorn;&thorn;e,<code>o&amp;t;&amp;t;e</code>,5,0.0007215
167,parthe,<code>parthe</code>,5,0.0007215
167,perse,<code>perse</code>,5,0.0007215
167,sceoldon,<code>sceoldon</code>,5,0.0007215
167,ualens,<code>ualens</code>,5,0.0007215
167,under,<code>under</code>,5,0.0007215
167,up,<code>up</code>,5,0.0007215
167,willan,<code>willan</code>,5,0.0007215
195,&aelig;lc,<code>&amp;ae;lc</code>,4,0.0005772
195,&aelig;nne,<code>&amp;ae;nne</code>,4,0.0005772
195,&aelig;restan,<code>&amp;ae;restan</code>,4,0.0005772
195,&eth;&aelig;m,<code>&amp;d;&amp;ae;m</code>,4,0.0005772
195,&thorn;urh,<code>&amp;t;urh</code>,4,0.0005772
195,adraf,<code>adraf</code>,4,0.0005772
195,affricam,<code>affricam</code>,4,0.0005772
195,agen,<code>agen</code>,4,0.0005772
195,antonius,<code>antonius</code>,4,0.0005772
195,bro&eth;or,<code>bro&amp;d;or</code>,4,0.0005772
195,claudius,<code>claudius</code>,4,0.0005772
195,constantinuse,<code>constantinuse</code>,4,0.0005772
195,crist,<code>crist</code>,4,0.0005772
195,cristnan,<code>cristnan</code>,4,0.0005772
195,cyninge,<code>cyninge</code>,4,0.0005772
195,d&aelig;ge,<code>d&amp;ae;ge</code>,4,0.0005772
195,don,<code>don</code>,4,0.0005772
195,ealne,<code>ealne</code>,4,0.0005772
195,ehtnesse,<code>ehtnesse</code>,4,0.0005772
195,f&aelig;der,<code>f&amp;ae;der</code>,4,0.0005772
195,folce,<code>folce</code>,4,0.0005772
195,forhergedon,<code>forhergedon</code>,4,0.0005772
195,fultum,<code>fultum</code>,4,0.0005772
195,gestod,<code>gestod</code>,4,0.0005772
195,gewear&eth;,<code>gewear&amp;d;</code>,4,0.0005772
195,hiere,<code>hiere</code>,4,0.0005772
195,hr&aelig;dlice,<code>hr&amp;ae;dlice</code>,4,0.0005772
195,italie,<code>italie</code>,4,0.0005772
195,iulianus,<code>iulianus</code>,4,0.0005772
195,londe,<code>londe</code>,4,0.0005772
195,lucinius,<code>lucinius</code>,4,0.0005772
195,m&aelig;st,<code>m&amp;ae;st</code>,4,0.0005772
195,mehten,<code>mehten</code>,4,0.0005772
195,miclum,<code>miclum</code>,4,0.0005772
195,noman,<code>noman</code>,4,0.0005772
195,o&thorn;rum,<code>o&amp;t;rum</code>,4,0.0005772
195,ofstong,<code>ofstong</code>,4,0.0005772
195,ongean,<code>ongean</code>,4,0.0005772
195,onwaldes,<code>onwaldes</code>,4,0.0005772
195,selfne,<code>selfne</code>,4,0.0005772
195,sio,<code>sio</code>,4,0.0005772
195,sona,<code>sona</code>,4,0.0005772
195,suna,<code>suna</code>,4,0.0005772
195,tiberius,<code>tiberius</code>,4,0.0005772
195,tide,<code>tide</code>,4,0.0005772
195,twa,<code>twa</code>,4,0.0005772
195,ualentinianus,<code>ualentinianus</code>,4,0.0005772
195,wiste,<code>wiste</code>,4,0.0005772
243,&aelig;lcne,<code>&amp;ae;lcne</code>,3,0.0004329
243,&aelig;nig,<code>&amp;ae;nig</code>,3,0.0004329
243,&eth;e,<code>&amp;d;e</code>,3,0.0004329
243,&thorn;&aelig;rinne,<code>&amp;t;&amp;ae;rinne</code>,3,0.0004329
243,&thorn;eoda,<code>&amp;t;eoda</code>,3,0.0004329
243,&thorn;unor,<code>&amp;t;unor</code>,3,0.0004329
243,agustuse,<code>agustuse</code>,3,0.0004329
243,ah&aelig;fen,<code>ah&amp;ae;fen</code>,3,0.0004329
243,alexandria,<code>alexandria</code>,3,0.0004329
243,ane,<code>ane</code>,3,0.0004329
243,anfunde,<code>anfunde</code>,3,0.0004329
243,anwald,<code>anwald</code>,3,0.0004329
243,aquilegia,<code>aquilegia</code>,3,0.0004329
243,babylonia,<code>babylonia</code>,3,0.0004329
243,bebudon,<code>bebudon</code>,3,0.0004329
243,bec,<code>bec</code>,3,0.0004329
243,beforan,<code>beforan</code>,3,0.0004329
243,begen,<code>begen</code>,3,0.0004329
243,binnan,<code>binnan</code>,3,0.0004329
243,brettanie,<code>brettanie</code>,3,0.0004329
243,bro&thorn;or,<code>bro&amp;t;or</code>,3,0.0004329
243,bryne,<code>bryne</code>,3,0.0004329
243,cristendome,<code>cristendome</code>,3,0.0004329
243,cristenum,<code>cristenum</code>,3,0.0004329
243,dccc,<code>dccc</code>,3,0.0004329
243,diegellice,<code>diegellice</code>,3,0.0004329
243,donua,<code>donua</code>,3,0.0004329
243,ealra,<code>ealra</code>,3,0.0004329
243,egypte,<code>egypte</code>,3,0.0004329
243,ehtend,<code>ehtend</code>,3,0.0004329
243,eow,<code>eow</code>,3,0.0004329
243,eugenius,<code>eugenius</code>,3,0.0004329
243,findan,<code>findan</code>,3,0.0004329
243,firde,<code>firde</code>,3,0.0004329
243,foran,<code>foran</code>,3,0.0004329
243,forburnon,<code>forburnon</code>,3,0.0004329
243,fri&eth;,<code>fri&amp;d;</code>,3,0.0004329
243,fultume,<code>fultume</code>,3,0.0004329
243,gallium,<code>gallium</code>,3,0.0004329
243,ge&thorn;oht,<code>ge&amp;t;oht</code>,3,0.0004329
243,geacsade,<code>geacsade</code>,3,0.0004329
243,geendade,<code>geendade</code>,3,0.0004329
243,gefeoht,<code>gefeoht</code>,3,0.0004329
243,gefeohte,<code>gefeohte</code>,3,0.0004329
243,gewinn,<code>gewinn</code>,3,0.0004329
243,healfe,<code>healfe</code>,3,0.0004329
243,heton,<code>heton</code>,3,0.0004329
243,hiera,<code>hiera</code>,3,0.0004329
243,hus,<code>hus</code>,3,0.0004329
243,hw&aelig;r,<code>hw&amp;ae;r</code>,3,0.0004329
243,hw&aelig;t,<code>hw&amp;ae;t</code>,3,0.0004329
243,ilirice,<code>ilirice</code>,3,0.0004329
243,is,<code>is</code>,3,0.0004329
243,l&aelig;ssan,<code>l&amp;ae;ssan</code>,3,0.0004329
243,lande,<code>lande</code>,3,0.0004329
243,lare,<code>lare</code>,3,0.0004329
243,leng,<code>leng</code>,3,0.0004329
243,lif,<code>lif</code>,3,0.0004329
243,m&aelig;g,<code>m&amp;ae;g</code>,3,0.0004329
243,marseus,<code>marseus</code>,3,0.0004329
243,micle,<code>micle</code>,3,0.0004329
243,mila,<code>mila</code>,3,0.0004329
243,misd&aelig;da,<code>misd&amp;ae;da</code>,3,0.0004329
243,mon&eth;e,<code>mon&amp;d;e</code>,3,0.0004329
243,mon&thorn;e,<code>mon&amp;t;e</code>,3,0.0004329
243,monege,<code>monege</code>,3,0.0004329
243,monn,<code>monn</code>,3,0.0004329
243,muntum,<code>muntum</code>,3,0.0004329
243,n&aelig;nne,<code>n&amp;ae;nne</code>,3,0.0004329
243,nanuht,<code>nanuht</code>,3,0.0004329
243,niwlice,<code>niwlice</code>,3,0.0004329
243,nolde,<code>nolde</code>,3,0.0004329
243,nu,<code>nu</code>,3,0.0004329
243,o&thorn;erre,<code>o&amp;t;erre</code>,3,0.0004329
243,ofermetto,<code>ofermetto</code>,3,0.0004329
243,ofslogon,<code>ofslogon</code>,3,0.0004329
243,ongon,<code>ongon</code>,3,0.0004329
243,onorius,<code>onorius</code>,3,0.0004329
243,s&aelig;,<code>s&amp;ae;</code>,3,0.0004329
243,s&aelig;don,<code>s&amp;ae;don</code>,3,0.0004329
243,selfe,<code>selfe</code>,3,0.0004329
243,seofe&thorn;an,<code>seofe&amp;t;an</code>,3,0.0004329
243,seofon,<code>seofon</code>,3,0.0004329
243,seuerus,<code>seuerus</code>,3,0.0004329
243,sibbe,<code>sibbe</code>,3,0.0004329
243,sirie,<code>sirie</code>,3,0.0004329
243,swelc,<code>swelc</code>,3,0.0004329
243,timbrede,<code>timbrede</code>,3,0.0004329
243,traianus,<code>traianus</code>,3,0.0004329
243,tune,<code>tune</code>,3,0.0004329
243,v,<code>v</code>,3,0.0004329
243,w&aelig;ren,<code>w&amp;ae;ren</code>,3,0.0004329
243,wunnon,<code>wunnon</code>,3,0.0004329
243,wurde,<code>wurde</code>,3,0.0004329
243,x,<code>x</code>,3,0.0004329
243,xii,<code>xii</code>,3,0.0004329
243,xxx,<code>xxx</code>,3,0.0004329
340,&aelig;fre,<code>&amp;ae;fre</code>,2,0.0002886
340,&aelig;fterran,<code>&amp;ae;fterran</code>,2,0.0002886
340,&aelig;lce,<code>&amp;ae;lce</code>,2,0.0002886
340,&thorn;&aelig;tte,<code>&amp;t;&amp;ae;tte</code>,2,0.0002886
340,&thorn;eowas,<code>&amp;t;eowas</code>,2,0.0002886
340,&thorn;iderweard,<code>&amp;t;iderweard</code>,2,0.0002886
340,&thorn;igedon,<code>&amp;t;igedon</code>,2,0.0002886
340,&thorn;isses,<code>&amp;t;isses</code>,2,0.0002886
340,&thorn;ohton,<code>&amp;t;ohton</code>,2,0.0002886
340,&thorn;onces,<code>&amp;t;onces</code>,2,0.0002886
340,abrahame,<code>abrahame</code>,2,0.0002886
340,achileus,<code>achileus</code>,2,0.0002886
340,acwealde,<code>acwealde</code>,2,0.0002886
340,acwealdon,<code>acwealdon</code>,2,0.0002886
340,adrifan,<code>adrifan</code>,2,0.0002886
340,agene,<code>agene</code>,2,0.0002886
340,ahte,<code>ahte</code>,2,0.0002886
340,alrica,<code>alrica</code>,2,0.0002886
340,alrican,<code>alrican</code>,2,0.0002886
340,and,<code>and</code>,2,0.0002886
340,anes,<code>anes</code>,2,0.0002886
340,anguldon,<code>anguldon</code>,2,0.0002886
340,apostol,<code>apostol</code>,2,0.0002886
340,archadius,<code>archadius</code>,2,0.0002886
340,aurelius,<code>aurelius</code>,2,0.0002886
340,awriten,<code>awriten</code>,2,0.0002886
340,b&aelig;don,<code>b&amp;ae;don</code>,2,0.0002886
340,bebod,<code>bebod</code>,2,0.0002886
340,becom,<code>becom</code>,2,0.0002886
340,bes&aelig;t,<code>bes&amp;ae;t</code>,2,0.0002886
340,beswican,<code>beswican</code>,2,0.0002886
340,betaht,<code>betaht</code>,2,0.0002886
340,betahte,<code>betahte</code>,2,0.0002886
340,betste,<code>betste</code>,2,0.0002886
340,bibliotheoco,<code>bibliotheoco</code>,2,0.0002886
340,boc,<code>boc</code>,2,0.0002886
340,bre&eth;er,<code>bre&amp;d;er</code>,2,0.0002886
340,capitoliam,<code>capitoliam</code>,2,0.0002886
340,caseras,<code>caseras</code>,2,0.0002886
340,caseres,<code>caseres</code>,2,0.0002886
340,cirican,<code>cirican</code>,2,0.0002886
340,claudiuses,<code>claudiuses</code>,2,0.0002886
340,constans,<code>constans</code>,2,0.0002886
340,constantinopolim,<code>constantinopolim</code>,2,0.0002886
340,crecum,<code>crecum</code>,2,0.0002886
340,cristendomes,<code>cristendomes</code>,2,0.0002886
340,cristnum,<code>cristnum</code>,2,0.0002886
340,cw&aelig;don,<code>cw&amp;ae;don</code>,2,0.0002886
340,cyningas,<code>cyningas</code>,2,0.0002886
340,d&aelig;l,<code>d&amp;ae;l</code>,2,0.0002886
340,dagas,<code>dagas</code>,2,0.0002886
340,decius,<code>decius</code>,2,0.0002886
340,diofolgield,<code>diofolgield</code>,2,0.0002886
340,domitianus,<code>domitianus</code>,2,0.0002886
340,dune,<code>dune</code>,2,0.0002886
340,eahta,<code>eahta</code>,2,0.0002886
340,ealdormen,<code>ealdormen</code>,2,0.0002886
340,earde,<code>earde</code>,2,0.0002886
340,east,<code>east</code>,2,0.0002886
340,eastane,<code>eastane</code>,2,0.0002886
340,ende,<code>ende</code>,2,0.0002886
340,f&aelig;ste,<code>f&amp;ae;ste</code>,2,0.0002886
340,faran,<code>faran</code>,2,0.0002886
340,feawa,<code>feawa</code>,2,0.0002886
340,feor&thorn;an,<code>feor&amp;t;an</code>,2,0.0002886
340,feower,<code>feower</code>,2,0.0002886
340,fielle,<code>fielle</code>,2,0.0002886
340,fird,<code>fird</code>,2,0.0002886
340,firmus,<code>firmus</code>,2,0.0002886
340,flana,<code>flana</code>,2,0.0002886
340,fleah,<code>fleah</code>,2,0.0002886
340,folcum,<code>folcum</code>,2,0.0002886
340,folga&eth;,<code>folga&amp;d;</code>,2,0.0002886
340,for&thorn;,<code>for&amp;t;</code>,2,0.0002886
340,forb&aelig;rned,<code>forb&amp;ae;rned</code>,2,0.0002886
340,forlete,<code>forlete</code>,2,0.0002886
340,forwurdon,<code>forwurdon</code>,2,0.0002886
340,funde,<code>funde</code>,2,0.0002886
340,fyr,<code>fyr</code>,2,0.0002886
340,gaiuses,<code>gaiuses</code>,2,0.0002886
340,galeriuse,<code>galeriuse</code>,2,0.0002886
340,galliam,<code>galliam</code>,2,0.0002886
340,gallienus,<code>gallienus</code>,2,0.0002886
340,gallus,<code>gallus</code>,2,0.0002886
340,geblote,<code>geblote</code>,2,0.0002886
340,gebringan,<code>gebringan</code>,2,0.0002886
340,gebrohte,<code>gebrohte</code>,2,0.0002886
340,geceas,<code>geceas</code>,2,0.0002886
340,gecuron,<code>gecuron</code>,2,0.0002886
340,gedwolan,<code>gedwolan</code>,2,0.0002886
340,geeode,<code>geeode</code>,2,0.0002886
340,gefeng,<code>gefeng</code>,2,0.0002886
340,gefliemde,<code>gefliemde</code>,2,0.0002886
340,gefliemed,<code>gefliemed</code>,2,0.0002886
340,gegaderad,<code>gegaderad</code>,2,0.0002886
340,gehaten,<code>gehaten</code>,2,0.0002886
340,gehet,<code>gehet</code>,2,0.0002886
340,gel&aelig;dd,<code>gel&amp;ae;dd</code>,2,0.0002886
340,gel&aelig;dde,<code>gel&amp;ae;dde</code>,2,0.0002886
340,gel&aelig;redestan,<code>gel&amp;ae;redestan</code>,2,0.0002886
340,gelicost,<code>gelicost</code>,2,0.0002886
340,geniedde,<code>geniedde</code>,2,0.0002886
340,genog,<code>genog</code>,2,0.0002886
340,ges&aelig;t,<code>ges&amp;ae;t</code>,2,0.0002886
340,geseald,<code>geseald</code>,2,0.0002886
340,gesetton,<code>gesetton</code>,2,0.0002886
340,gesiene,<code>gesiene</code>,2,0.0002886
340,getenge,<code>getenge</code>,2,0.0002886
340,getimbrede,<code>getimbrede</code>,2,0.0002886
340,geworht,<code>geworht</code>,2,0.0002886
340,gewr&aelig;c,<code>gewr&amp;ae;c</code>,2,0.0002886
340,gewrit,<code>gewrit</code>,2,0.0002886
340,gewuna,<code>gewuna</code>,2,0.0002886
340,giet,<code>giet</code>,2,0.0002886
340,godan,<code>godan</code>,2,0.0002886
340,h&aelig;fden,<code>h&amp;ae;fden</code>,2,0.0002886
340,h&aelig;te,<code>h&amp;ae;te</code>,2,0.0002886
340,hete,<code>hete</code>,2,0.0002886
340,hlaford,<code>hlaford</code>,2,0.0002886
340,hold,<code>hold</code>,2,0.0002886
340,hunas,<code>hunas</code>,2,0.0002886
340,hunger,<code>hunger</code>,2,0.0002886
340,hungor,<code>hungor</code>,2,0.0002886
340,hungre,<code>hungre</code>,2,0.0002886
340,huse,<code>huse</code>,2,0.0002886
340,hwile,<code>hwile</code>,2,0.0002886
340,i,<code>i</code>,2,0.0002886
340,ianes,<code>ianes</code>,2,0.0002886
340,ie&eth;elice,<code>ie&amp;d;elice</code>,2,0.0002886
340,igland,<code>igland</code>,2,0.0002886
340,iohannes,<code>iohannes</code>,2,0.0002886
340,ispanie,<code>ispanie</code>,2,0.0002886
340,iudan,<code>iudan</code>,2,0.0002886
340,iudena,<code>iudena</code>,2,0.0002886
340,la&eth;e,<code>la&amp;d;e</code>,2,0.0002886
340,leof,<code>leof</code>,2,0.0002886
340,leofre,<code>leofre</code>,2,0.0002886
340,leornode,<code>leornode</code>,2,0.0002886
340,lifes,<code>lifes</code>,2,0.0002886
340,longe,<code>longe</code>,2,0.0002886
340,lxvii,<code>lxvii</code>,2,0.0002886
340,lytelne,<code>lytelne</code>,2,0.0002886
340,lytle,<code>lytle</code>,2,0.0002886
340,m&aelig;stan,<code>m&amp;ae;stan</code>,2,0.0002886
340,magnentiuse,<code>magnentiuse</code>,2,0.0002886
340,man,<code>man</code>,2,0.0002886
340,marcus,<code>marcus</code>,2,0.0002886
340,martyra,<code>martyra</code>,2,0.0002886
340,maxentius,<code>maxentius</code>,2,0.0002886
340,mehton,<code>mehton</code>,2,0.0002886
340,mesopotamiam,<code>mesopotamiam</code>,2,0.0002886
340,middangeardes,<code>middangeardes</code>,2,0.0002886
340,milde,<code>milde</code>,2,0.0002886
340,mildesta,<code>mildesta</code>,2,0.0002886
340,modor,<code>modor</code>,2,0.0002886
340,moncwealm,<code>moncwealm</code>,2,0.0002886
340,monegum,<code>monegum</code>,2,0.0002886
340,monigfealdum,<code>monigfealdum</code>,2,0.0002886
340,monnes,<code>monnes</code>,2,0.0002886
340,moste,<code>moste</code>,2,0.0002886
340,mosten,<code>mosten</code>,2,0.0002886
340,munecas,<code>munecas</code>,2,0.0002886
340,n&aelig;fde,<code>n&amp;ae;fde</code>,2,0.0002886
340,n&aelig;re,<code>n&amp;ae;re</code>,2,0.0002886
340,na,<code>na</code>,2,0.0002886
340,nane,<code>nane</code>,2,0.0002886
340,nanum,<code>nanum</code>,2,0.0002886
340,neah,<code>neah</code>,2,0.0002886
340,nefa,<code>nefa</code>,2,0.0002886
340,nerfa,<code>nerfa</code>,2,0.0002886
340,nero,<code>nero</code>,2,0.0002886
340,nieddon,<code>nieddon</code>,2,0.0002886
340,nige&thorn;an,<code>nige&amp;t;an</code>,2,0.0002886
340,niht,<code>niht</code>,2,0.0002886
340,nom,<code>nom</code>,2,0.0002886
340,nugiet,<code>nugiet</code>,2,0.0002886
340,o&thorn;ran,<code>o&amp;t;ran</code>,2,0.0002886
340,oferwon,<code>oferwon</code>,2,0.0002886
340,oferwonn,<code>oferwonn</code>,2,0.0002886
340,onfeng,<code>onfeng</code>,2,0.0002886
340,ongunnon,<code>ongunnon</code>,2,0.0002886
340,onwalda,<code>onwalda</code>,2,0.0002886
340,onwaldas,<code>onwaldas</code>,2,0.0002886
340,onwealdas,<code>onwealdas</code>,2,0.0002886
340,onwealde,<code>onwealde</code>,2,0.0002886
340,openlice,<code>openlice</code>,2,0.0002886
340,othon,<code>othon</code>,2,0.0002886
340,palestina,<code>palestina</code>,2,0.0002886
340,pannoniam,<code>pannoniam</code>,2,0.0002886
340,persum,<code>persum</code>,2,0.0002886
340,petrus,<code>petrus</code>,2,0.0002886
340,philippus,<code>philippus</code>,2,0.0002886
340,pilatus,<code>pilatus</code>,2,0.0002886
340,plegan,<code>plegan</code>,2,0.0002886
340,purpuran,<code>purpuran</code>,2,0.0002886
340,ricsade,<code>ricsade</code>,2,0.0002886
340,ricsian,<code>ricsian</code>,2,0.0002886
340,romebyrig,<code>romebyrig</code>,2,0.0002886
340,ryht,<code>ryht</code>,2,0.0002886
340,sapan,<code>sapan</code>,2,0.0002886
340,sealde,<code>sealde</code>,2,0.0002886
340,sellan,<code>sellan</code>,2,0.0002886
340,senatorum,<code>senatorum</code>,2,0.0002886
340,sendon,<code>sendon</code>,2,0.0002886
340,seo,<code>seo</code>,2,0.0002886
340,sermende,<code>sermende</code>,2,0.0002886
340,simle,<code>simle</code>,2,0.0002886
340,siria,<code>siria</code>,2,0.0002886
340,sittan,<code>sittan</code>,2,0.0002886
340,sweoran,<code>sweoran</code>,2,0.0002886
340,swi&thorn;ost,<code>swi&amp;t;ost</code>,2,0.0002886
340,swostor,<code>swostor</code>,2,0.0002886
340,tida,<code>tida</code>,2,0.0002886
340,tituse,<code>tituse</code>,2,0.0002886
340,tod&aelig;ldon,<code>tod&amp;ae;ldon</code>,2,0.0002886
340,toeacan,<code>toeacan</code>,2,0.0002886
340,towearp,<code>towearp</code>,2,0.0002886
340,tu,<code>tu</code>,2,0.0002886
340,twam,<code>twam</code>,2,0.0002886
340,twegen,<code>twegen</code>,2,0.0002886
340,twelftan,<code>twelftan</code>,2,0.0002886
340,ualentinianuses,<code>ualentinianuses</code>,2,0.0002886
340,ualerianus,<code>ualerianus</code>,2,0.0002886
340,under&thorn;iedde,<code>under&amp;t;iedde</code>,2,0.0002886
340,ungemete,<code>ungemete</code>,2,0.0002886
340,unsibbe,<code>unsibbe</code>,2,0.0002886
340,unweor&eth;nesse,<code>unweor&amp;d;nesse</code>,2,0.0002886
340,utsihte,<code>utsihte</code>,2,0.0002886
340,westen,<code>westen</code>,2,0.0002886
340,wi&eth;erwearde,<code>wi&amp;d;erwearde</code>,2,0.0002886
340,wi&eth;erwinnan,<code>wi&amp;d;erwinnan</code>,2,0.0002886
340,wif,<code>wif</code>,2,0.0002886
340,wille,<code>wille</code>,2,0.0002886
340,wind,<code>wind</code>,2,0.0002886
340,winnende,<code>winnende</code>,2,0.0002886
340,winter,<code>winter</code>,2,0.0002886
340,woh,<code>woh</code>,2,0.0002886
340,wordes,<code>wordes</code>,2,0.0002886
340,wr&aelig;c,<code>wr&amp;ae;c</code>,2,0.0002886
340,wrace,<code>wrace</code>,2,0.0002886
340,wrecan,<code>wrecan</code>,2,0.0002886
340,wundor,<code>wundor</code>,2,0.0002886
340,xci,<code>xci</code>,2,0.0002886
340,xi,<code>xi</code>,2,0.0002886
340,xiiii,<code>xiiii</code>,2,0.0002886
340,xv,<code>xv</code>,2,0.0002886
340,xvii,<code>xvii</code>,2,0.0002886
340,xx,<code>xx</code>,2,0.0002886
340,xxiiii,<code>xxiiii</code>,2,0.0002886
340,xxv,<code>xxv</code>,2,0.0002886
340,xxxiii,<code>xxxiii</code>,2,0.0002886
340,yfel,<code>yfel</code>,2,0.0002886
340,ymbe,<code>ymbe</code>,2,0.0002886
593,&aelig;ftem&aelig;stan,<code>&amp;ae;ftem&amp;ae;stan</code>,1,0.0001443
593,&aelig;g&thorn;&aelig;r,<code>&amp;ae;g&amp;t;&amp;ae;r</code>,1,0.0001443
593,&aelig;g&thorn;ere,<code>&amp;ae;g&amp;t;ere</code>,1,0.0001443
593,&aelig;gypte,<code>&amp;ae;gypte</code>,1,0.0001443
593,&aelig;lmihtegum,<code>&amp;ae;lmihtegum</code>,1,0.0001443
593,&aelig;lmihtigum,<code>&amp;ae;lmihtigum</code>,1,0.0001443
593,&aelig;nigne,<code>&amp;ae;nigne</code>,1,0.0001443
593,&aelig;reste,<code>&amp;ae;reste</code>,1,0.0001443
593,&aelig;ror,<code>&amp;ae;ror</code>,1,0.0001443
593,&aelig;rran,<code>&amp;ae;rran</code>,1,0.0001443
593,&aelig;tg&aelig;dere,<code>&amp;ae;tg&amp;ae;dere</code>,1,0.0001443
593,&aelig;tiubena,<code>&amp;ae;tiubena</code>,1,0.0001443
593,&aelig;tsemne,<code>&amp;ae;tsemne</code>,1,0.0001443
593,&eth;&aelig;r,<code>&amp;d;&amp;ae;r</code>,1,0.0001443
593,&eth;&aelig;ron,<code>&amp;d;&amp;ae;ron</code>,1,0.0001443
593,&eth;a,<code>&amp;d;a</code>,1,0.0001443
593,&eth;on,<code>&amp;d;on</code>,1,0.0001443
593,&eth;riddan,<code>&amp;d;riddan</code>,1,0.0001443
593,&thorn;&aelig;nne,<code>&amp;t;&amp;ae;nne</code>,1,0.0001443
593,&thorn;&aelig;r&aelig;t,<code>&amp;t;&amp;ae;r&amp;ae;t</code>,1,0.0001443
593,&thorn;&aelig;rto,<code>&amp;t;&amp;ae;rto</code>,1,0.0001443
593,&thorn;&aelig;rtomiddes,<code>&amp;t;&amp;ae;rtomiddes</code>,1,0.0001443
593,&thorn;eah,<code>&amp;t;eah</code>,1,0.0001443
593,&thorn;earf,<code>&amp;t;earf</code>,1,0.0001443
593,&thorn;eaw,<code>&amp;t;eaw</code>,1,0.0001443
593,&thorn;eawa,<code>&amp;t;eawa</code>,1,0.0001443
593,&thorn;eawum,<code>&amp;t;eawum</code>,1,0.0001443
593,&thorn;encende,<code>&amp;t;encende</code>,1,0.0001443
593,&thorn;eode,<code>&amp;t;eode</code>,1,0.0001443
593,&thorn;eodosiuses,<code>&amp;t;eodosiuses</code>,1,0.0001443
593,&thorn;eodum,<code>&amp;t;eodum</code>,1,0.0001443
593,&thorn;eosternes,<code>&amp;t;eosternes</code>,1,0.0001443
593,&thorn;eowum,<code>&amp;t;eowum</code>,1,0.0001443
593,&thorn;ider,<code>&amp;t;ider</code>,1,0.0001443
593,&thorn;ing,<code>&amp;t;ing</code>,1,0.0001443
593,&thorn;ingan,<code>&amp;t;ingan</code>,1,0.0001443
593,&thorn;ingum,<code>&amp;t;ingum</code>,1,0.0001443
593,&thorn;isne,<code>&amp;t;isne</code>,1,0.0001443
593,&thorn;issa,<code>&amp;t;issa</code>,1,0.0001443
593,&thorn;isse,<code>&amp;t;isse</code>,1,0.0001443
593,&thorn;onan,<code>&amp;t;onan</code>,1,0.0001443
593,&thorn;reatunge,<code>&amp;t;reatunge</code>,1,0.0001443
593,&thorn;ridda,<code>&amp;t;ridda</code>,1,0.0001443
593,&thorn;riwa,<code>&amp;t;riwa</code>,1,0.0001443
593,&thorn;uhte,<code>&amp;t;uhte</code>,1,0.0001443
593,&thorn;urhteon,<code>&amp;t;urhteon</code>,1,0.0001443
593,&thorn;urhtogen,<code>&amp;t;urhtogen</code>,1,0.0001443
593,&thorn;urhwunade,<code>&amp;t;urhwunade</code>,1,0.0001443
593,&thorn;urst,<code>&amp;t;urst</code>,1,0.0001443
593,&thorn;urste,<code>&amp;t;urste</code>,1,0.0001443
593,&thorn;usend,<code>&amp;t;usend</code>,1,0.0001443
593,&thorn;wyres,<code>&amp;t;wyres</code>,1,0.0001443
593,a,<code>a</code>,1,0.0001443
593,a&eth;er,<code>a&amp;d;er</code>,1,0.0001443
593,a&eth;stod,<code>a&amp;d;stod</code>,1,0.0001443
593,a&thorn;eostrade,<code>a&amp;t;eostrade</code>,1,0.0001443
593,a&thorn;ewde,<code>a&amp;t;ewde</code>,1,0.0001443
593,a&thorn;um,<code>a&amp;t;um</code>,1,0.0001443
593,ab&aelig;don,<code>ab&amp;ae;don</code>,1,0.0001443
593,abite,<code>abite</code>,1,0.0001443
593,abr&aelig;c,<code>abr&amp;ae;c</code>,1,0.0001443
593,abulge,<code>abulge</code>,1,0.0001443
593,acoren,<code>acoren</code>,1,0.0001443
593,actesifonte,<code>actesifonte</code>,1,0.0001443
593,acwellan,<code>acwellan</code>,1,0.0001443
593,adle,<code>adle</code>,1,0.0001443
593,adr&aelig;fde,<code>adr&amp;ae;fde</code>,1,0.0001443
593,adrencte,<code>adrencte</code>,1,0.0001443
593,adrianus,<code>adrianus</code>,1,0.0001443
593,adrifon,<code>adrifon</code>,1,0.0001443
593,adyde,<code>adyde</code>,1,0.0001443
593,aegypte,<code>aegypte</code>,1,0.0001443
593,af&aelig;stnian,<code>af&amp;ae;stnian</code>,1,0.0001443
593,afaren,<code>afaren</code>,1,0.0001443
593,affrice,<code>affrice</code>,1,0.0001443
593,affricum,<code>affricum</code>,1,0.0001443
593,afielde,<code>afielde</code>,1,0.0001443
593,afliemde,<code>afliemde</code>,1,0.0001443
593,aforan,<code>aforan</code>,1,0.0001443
593,africam,<code>africam</code>,1,0.0001443
593,africum,<code>africum</code>,1,0.0001443
593,ageafon,<code>ageafon</code>,1,0.0001443
593,agenum,<code>agenum</code>,1,0.0001443
593,agiefan,<code>agiefan</code>,1,0.0001443
593,agylte,<code>agylte</code>,1,0.0001443
593,ahangen,<code>ahangen</code>,1,0.0001443
593,aheng,<code>aheng</code>,1,0.0001443
593,ahengon,<code>ahengon</code>,1,0.0001443
593,ahwet,<code>ahwet</code>,1,0.0001443
593,alamanni,<code>alamanni</code>,1,0.0001443
593,albinus,<code>albinus</code>,1,0.0001443
593,aldormonnum,<code>aldormonnum</code>,1,0.0001443
593,alecgan,<code>alecgan</code>,1,0.0001443
593,alexander,<code>alexander</code>,1,0.0001443
593,alle,<code>alle</code>,1,0.0001443
593,alomonne,<code>alomonne</code>,1,0.0001443
593,amansumianne,<code>amansumianne</code>,1,0.0001443
593,ambogestes,<code>ambogestes</code>,1,0.0001443
593,andon,<code>andon</code>,1,0.0001443
593,andregatia,<code>andregatia</code>,1,0.0001443
593,anfiteatrum,<code>anfiteatrum</code>,1,0.0001443
593,angeaton,<code>angeaton</code>,1,0.0001443
593,angin,<code>angin</code>,1,0.0001443
593,angolden,<code>angolden</code>,1,0.0001443
593,angunnen,<code>angunnen</code>,1,0.0001443
593,anlicnesse,<code>anlicnesse</code>,1,0.0001443
593,anne,<code>anne</code>,1,0.0001443
593,antiochia,<code>antiochia</code>,1,0.0001443
593,anwaldas,<code>anwaldas</code>,1,0.0001443
593,anweald,<code>anweald</code>,1,0.0001443
593,anwealde,<code>anwealde</code>,1,0.0001443
593,anwendan,<code>anwendan</code>,1,0.0001443
593,anwig,<code>anwig</code>,1,0.0001443
593,anwold,<code>anwold</code>,1,0.0001443
593,apostola,<code>apostola</code>,1,0.0001443
593,arbogastes,<code>arbogastes</code>,1,0.0001443
593,arbogestes,<code>arbogestes</code>,1,0.0001443
593,are,<code>are</code>,1,0.0001443
593,arianiscan,<code>arianiscan</code>,1,0.0001443
593,arleasan,<code>arleasan</code>,1,0.0001443
593,arlease,<code>arlease</code>,1,0.0001443
593,armeniam,<code>armeniam</code>,1,0.0001443
593,arrianiscan,<code>arrianiscan</code>,1,0.0001443
593,arrianisce,<code>arrianisce</code>,1,0.0001443
593,arrius,<code>arrius</code>,1,0.0001443
593,as&aelig;de,<code>as&amp;ae;de</code>,1,0.0001443
593,asceotan,<code>asceotan</code>,1,0.0001443
593,asettan,<code>asettan</code>,1,0.0001443
593,asette,<code>asette</code>,1,0.0001443
593,asiam,<code>asiam</code>,1,0.0001443
593,asirium,<code>asirium</code>,1,0.0001443
593,aslog,<code>aslog</code>,1,0.0001443
593,astigen,<code>astigen</code>,1,0.0001443
593,at,<code>at</code>,1,0.0001443
593,athanaricus,<code>athanaricus</code>,1,0.0001443
593,atimbran,<code>atimbran</code>,1,0.0001443
593,atre,<code>atre</code>,1,0.0001443
593,ats&aelig;mne,<code>ats&amp;ae;mne</code>,1,0.0001443
593,attor,<code>attor</code>,1,0.0001443
593,attre,<code>attre</code>,1,0.0001443
593,attres,<code>attres</code>,1,0.0001443
593,atugon,<code>atugon</code>,1,0.0001443
593,aurelianus,<code>aurelianus</code>,1,0.0001443
593,aureliuse,<code>aureliuse</code>,1,0.0001443
593,aweg,<code>aweg</code>,1,0.0001443
593,awest,<code>awest</code>,1,0.0001443
593,awierged,<code>awierged</code>,1,0.0001443
593,awritene,<code>awritene</code>,1,0.0001443
593,b&aelig;&eth;es,<code>b&amp;ae;&amp;d;es</code>,1,0.0001443
593,b&aelig;d,<code>b&amp;ae;d</code>,1,0.0001443
593,b&aelig;m,<code>b&amp;ae;m</code>,1,0.0001443
593,b&aelig;rnan,<code>b&amp;ae;rnan</code>,1,0.0001443
593,bad,<code>bad</code>,1,0.0001443
593,be&thorn;ridian,<code>be&amp;t;ridian</code>,1,0.0001443
593,bead,<code>bead</code>,1,0.0001443
593,bearn,<code>bearn</code>,1,0.0001443
593,bearnum,<code>bearnum</code>,1,0.0001443
593,bebode,<code>bebode</code>,1,0.0001443
593,beboden,<code>beboden</code>,1,0.0001443
593,become,<code>become</code>,1,0.0001443
593,bedraf,<code>bedraf</code>,1,0.0001443
593,bedrifen,<code>bedrifen</code>,1,0.0001443
593,beeode,<code>beeode</code>,1,0.0001443
593,beeodon,<code>beeodon</code>,1,0.0001443
593,began,<code>began</code>,1,0.0001443
593,beganne,<code>beganne</code>,1,0.0001443
593,begeondan,<code>begeondan</code>,1,0.0001443
593,beheafdian,<code>beheafdian</code>,1,0.0001443
593,beluce,<code>beluce</code>,1,0.0001443
593,ben&aelig;mde,<code>ben&amp;ae;mde</code>,1,0.0001443
593,benom,<code>benom</code>,1,0.0001443
593,beon,<code>beon</code>,1,0.0001443
593,besierede,<code>besierede</code>,1,0.0001443
593,bestelan,<code>bestelan</code>,1,0.0001443
593,beswac,<code>beswac</code>,1,0.0001443
593,beswicanne,<code>beswicanne</code>,1,0.0001443
593,beswicen,<code>beswicen</code>,1,0.0001443
593,bet,<code>bet</code>,1,0.0001443
593,bet&aelig;hte,<code>bet&amp;ae;hte</code>,1,0.0001443
593,betan,<code>betan</code>,1,0.0001443
593,beteran,<code>beteran</code>,1,0.0001443
593,betere,<code>betere</code>,1,0.0001443
593,betyndan,<code>betyndan</code>,1,0.0001443
593,bewerian,<code>bewerian</code>,1,0.0001443
593,bewitanne,<code>bewitanne</code>,1,0.0001443
593,biernende,<code>biernende</code>,1,0.0001443
593,bion,<code>bion</code>,1,0.0001443
593,biscepa,<code>biscepa</code>,1,0.0001443
593,biscepas,<code>biscepas</code>,1,0.0001443
593,biscepe,<code>biscepe</code>,1,0.0001443
593,bismrade,<code>bismrade</code>,1,0.0001443
593,bismre,<code>bismre</code>,1,0.0001443
593,bismrum,<code>bismrum</code>,1,0.0001443
593,blodryne,<code>blodryne</code>,1,0.0001443
593,blotende,<code>blotende</code>,1,0.0001443
593,boca,<code>boca</code>,1,0.0001443
593,bonorum,<code>bonorum</code>,1,0.0001443
593,bothmose,<code>bothmose</code>,1,0.0001443
593,br&aelig;&thorn;e,<code>br&amp;ae;&amp;t;e</code>,1,0.0001443
593,brad,<code>brad</code>,1,0.0001443
593,bretlande,<code>bretlande</code>,1,0.0001443
593,brettaniam,<code>brettaniam</code>,1,0.0001443
593,brettannie,<code>brettannie</code>,1,0.0001443
593,brettas,<code>brettas</code>,1,0.0001443
593,bringan,<code>bringan</code>,1,0.0001443
593,bro&thorn;rum,<code>bro&amp;t;rum</code>,1,0.0001443
593,brobus,<code>brobus</code>,1,0.0001443
593,brocode,<code>brocode</code>,1,0.0001443
593,brohten,<code>brohten</code>,1,0.0001443
593,brucan,<code>brucan</code>,1,0.0001443
593,brycge,<code>brycge</code>,1,0.0001443
593,bude,<code>bude</code>,1,0.0001443
593,burga,<code>burga</code>,1,0.0001443
593,burgendum,<code>burgendum</code>,1,0.0001443
593,burgleode,<code>burgleode</code>,1,0.0001443
593,canone,<code>canone</code>,1,0.0001443
593,capodotiam,<code>capodotiam</code>,1,0.0001443
593,cartaina,<code>cartaina</code>,1,0.0001443
593,carus,<code>carus</code>,1,0.0001443
593,casera,<code>casera</code>,1,0.0001443
593,casern,<code>casern</code>,1,0.0001443
593,caucarius,<code>caucarius</code>,1,0.0001443
593,cealc,<code>cealc</code>,1,0.0001443
593,ceald,<code>ceald</code>,1,0.0001443
593,cempena,<code>cempena</code>,1,0.0001443
593,cene,<code>cene</code>,1,0.0001443
593,cesar,<code>cesar</code>,1,0.0001443
593,cesares,<code>cesares</code>,1,0.0001443
593,ciefese,<code>ciefese</code>,1,0.0001443
593,cierre,<code>cierre</code>,1,0.0001443
593,ciningum,<code>ciningum</code>,1,0.0001443
593,ciricum,<code>ciricum</code>,1,0.0001443
593,cirus,<code>cirus</code>,1,0.0001443
593,cista,<code>cista</code>,1,0.0001443
593,claudiuse,<code>claudiuse</code>,1,0.0001443
593,cludas,<code>cludas</code>,1,0.0001443
593,come,<code>come</code>,1,0.0001443
593,constante,<code>constante</code>,1,0.0001443
593,constantine,<code>constantine</code>,1,0.0001443
593,constantiuse,<code>constantiuse</code>,1,0.0001443
593,consul,<code>consul</code>,1,0.0001443
593,corn,<code>corn</code>,1,0.0001443
593,costigan,<code>costigan</code>,1,0.0001443
593,creca,<code>creca</code>,1,0.0001443
593,crispum,<code>crispum</code>,1,0.0001443
593,cristena,<code>cristena</code>,1,0.0001443
593,cristenne,<code>cristenne</code>,1,0.0001443
593,cristne,<code>cristne</code>,1,0.0001443
593,cu&thorn;e,<code>cu&amp;t;e</code>,1,0.0001443
593,cucne,<code>cucne</code>,1,0.0001443
593,cuman,<code>cuman</code>,1,0.0001443
593,cwen,<code>cwen</code>,1,0.0001443
593,cy&thorn;an,<code>cy&amp;t;an</code>,1,0.0001443
593,cyme,<code>cyme</code>,1,0.0001443
593,cynerice,<code>cynerice</code>,1,0.0001443
593,cyninges,<code>cyninges</code>,1,0.0001443
593,cynn,<code>cynn</code>,1,0.0001443
593,cynne,<code>cynne</code>,1,0.0001443
593,d&aelig;d&aelig;,<code>d&amp;ae;d&amp;ae;</code>,1,0.0001443
593,d&aelig;da,<code>d&amp;ae;da</code>,1,0.0001443
593,d&aelig;dbote,<code>d&amp;ae;dbote</code>,1,0.0001443
593,d&aelig;g,<code>d&amp;ae;g</code>,1,0.0001443
593,d&aelig;ghwamlice,<code>d&amp;ae;ghwamlice</code>,1,0.0001443
593,d&aelig;gum,<code>d&amp;ae;gum</code>,1,0.0001443
593,dalmatie,<code>dalmatie</code>,1,0.0001443
593,dati,<code>dati</code>,1,0.0001443
593,dauides,<code>dauides</code>,1,0.0001443
593,dea&eth;e,<code>dea&amp;d;e</code>,1,0.0001443
593,deadra,<code>deadra</code>,1,0.0001443
593,dem,<code>dem</code>,1,0.0001443
593,demde,<code>demde</code>,1,0.0001443
593,denisc&aelig;,<code>denisc&amp;ae;</code>,1,0.0001443
593,deofla,<code>deofla</code>,1,0.0001443
593,deofolgield,<code>deofolgield</code>,1,0.0001443
593,deofolgildum,<code>deofolgildum</code>,1,0.0001443
593,di&thorn;a,<code>di&amp;t;a</code>,1,0.0001443
593,diacone,<code>diacone</code>,1,0.0001443
593,dioclitiane,<code>dioclitiane</code>,1,0.0001443
593,dioclitie,<code>dioclitie</code>,1,0.0001443
593,diofolgielda,<code>diofolgielda</code>,1,0.0001443
593,diofolgieldhus,<code>diofolgieldhus</code>,1,0.0001443
593,diofolgilda,<code>diofolgilda</code>,1,0.0001443
593,diofolgildum,<code>diofolgildum</code>,1,0.0001443
593,dior,<code>dior</code>,1,0.0001443
593,do&eth;,<code>do&amp;d;</code>,1,0.0001443
593,dohtor,<code>dohtor</code>,1,0.0001443
593,dom,<code>dom</code>,1,0.0001443
593,donde,<code>donde</code>,1,0.0001443
593,dorste,<code>dorste</code>,1,0.0001443
593,dryhten,<code>dryhten</code>,1,0.0001443
593,dugu&eth;um,<code>dugu&amp;d;um</code>,1,0.0001443
593,dura,<code>dura</code>,1,0.0001443
593,duru,<code>duru</code>,1,0.0001443
593,dyrre,<code>dyrre</code>,1,0.0001443
593,ea,<code>ea</code>,1,0.0001443
593,ea&eth;metto,<code>ea&amp;d;metto</code>,1,0.0001443
593,eacon,<code>eacon</code>,1,0.0001443
593,eahtateo&thorn;an,<code>eahtateo&amp;t;an</code>,1,0.0001443
593,eahtatiene,<code>eahtatiene</code>,1,0.0001443
593,eahto&thorn;an,<code>eahto&amp;t;an</code>,1,0.0001443
593,eal,<code>eal</code>,1,0.0001443
593,eald,<code>eald</code>,1,0.0001443
593,ealdan,<code>ealdan</code>,1,0.0001443
593,ealdhlafordes,<code>ealdhlafordes</code>,1,0.0001443
593,ealdormonnum,<code>ealdormonnum</code>,1,0.0001443
593,eallne,<code>eallne</code>,1,0.0001443
593,eam,<code>eam</code>,1,0.0001443
593,eardf&aelig;ste,<code>eardf&amp;ae;ste</code>,1,0.0001443
593,earge,<code>earge</code>,1,0.0001443
593,eastan,<code>eastan</code>,1,0.0001443
593,eastd&aelig;las,<code>eastd&amp;ae;las</code>,1,0.0001443
593,eastd&aelig;le,<code>eastd&amp;ae;le</code>,1,0.0001443
593,eastemestan,<code>eastemestan</code>,1,0.0001443
593,eastende,<code>eastende</code>,1,0.0001443
593,eastlond,<code>eastlond</code>,1,0.0001443
593,eawenga,<code>eawenga</code>,1,0.0001443
593,ecnesse,<code>ecnesse</code>,1,0.0001443
593,effesum,<code>effesum</code>,1,0.0001443
593,eforwicceastre,<code>eforwicceastre</code>,1,0.0001443
593,ege,<code>ege</code>,1,0.0001443
593,egypta,<code>egypta</code>,1,0.0001443
593,egyptum,<code>egyptum</code>,1,0.0001443
593,ehtan,<code>ehtan</code>,1,0.0001443
593,ehtnes,<code>ehtnes</code>,1,0.0001443
593,ehton,<code>ehton</code>,1,0.0001443
593,el&thorn;eode,<code>el&amp;t;eode</code>,1,0.0001443
593,el&thorn;iede,<code>el&amp;t;iede</code>,1,0.0001443
593,elena,<code>elena</code>,1,0.0001443
593,elenan,<code>elenan</code>,1,0.0001443
593,emilianus,<code>emilianus</code>,1,0.0001443
593,emilitum,<code>emilitum</code>,1,0.0001443
593,emnlice,<code>emnlice</code>,1,0.0001443
593,endlefan,<code>endlefan</code>,1,0.0001443
593,enleftan,<code>enleftan</code>,1,0.0001443
593,eode,<code>eode</code>,1,0.0001443
593,eor&eth;beofung,<code>eor&amp;d;beofung</code>,1,0.0001443
593,eor&thorn;an,<code>eor&amp;t;an</code>,1,0.0001443
593,eower,<code>eower</code>,1,0.0001443
593,eowerne,<code>eowerne</code>,1,0.0001443
593,eowre,<code>eowre</code>,1,0.0001443
593,eudoxius,<code>eudoxius</code>,1,0.0001443
593,f&aelig;h&thorn;e,<code>f&amp;ae;h&amp;t;e</code>,1,0.0001443
593,f&aelig;reltes,<code>f&amp;ae;reltes</code>,1,0.0001443
593,f&aelig;stenne,<code>f&amp;ae;stenne</code>,1,0.0001443
593,f&aelig;stmod,<code>f&amp;ae;stmod</code>,1,0.0001443
593,facn,<code>facn</code>,1,0.0001443
593,farende,<code>farende</code>,1,0.0001443
593,farenne,<code>farenne</code>,1,0.0001443
593,feaht,<code>feaht</code>,1,0.0001443
593,fenge,<code>fenge</code>,1,0.0001443
593,feollon,<code>feollon</code>,1,0.0001443
593,feondscipe,<code>feondscipe</code>,1,0.0001443
593,feondum,<code>feondum</code>,1,0.0001443
593,feores,<code>feores</code>,1,0.0001443
593,feorme,<code>feorme</code>,1,0.0001443
593,feos,<code>feos</code>,1,0.0001443
593,feowerteo&thorn;an,<code>feowerteo&amp;t;an</code>,1,0.0001443
593,feowerteog&thorn;an,<code>feowerteog&amp;t;an</code>,1,0.0001443
593,fierd,<code>fierd</code>,1,0.0001443
593,fiftan,<code>fiftan</code>,1,0.0001443
593,filonem,<code>filonem</code>,1,0.0001443
593,firenlustum,<code>firenlustum</code>,1,0.0001443
593,firrest,<code>firrest</code>,1,0.0001443
593,first,<code>first</code>,1,0.0001443
593,firste,<code>firste</code>,1,0.0001443
593,fisca,<code>fisca</code>,1,0.0001443
593,flan,<code>flan</code>,1,0.0001443
593,fliema,<code>fliema</code>,1,0.0001443
593,floriam,<code>floriam</code>,1,0.0001443
593,folces,<code>folces</code>,1,0.0001443
593,folgodan,<code>folgodan</code>,1,0.0001443
593,fon,<code>fon</code>,1,0.0001443
593,forb&aelig;rnan,<code>forb&amp;ae;rnan</code>,1,0.0001443
593,forb&aelig;rndon,<code>forb&amp;ae;rndon</code>,1,0.0001443
593,forbugan,<code>forbugan</code>,1,0.0001443
593,forceorfan,<code>forceorfan</code>,1,0.0001443
593,fordon,<code>fordon</code>,1,0.0001443
593,fordrifan,<code>fordrifan</code>,1,0.0001443
593,fordyde,<code>fordyde</code>,1,0.0001443
593,foreweardre,<code>foreweardre</code>,1,0.0001443
593,forgan,<code>forgan</code>,1,0.0001443
593,forgeaf,<code>forgeaf</code>,1,0.0001443
593,forgeafon,<code>forgeafon</code>,1,0.0001443
593,forgeate,<code>forgeate</code>,1,0.0001443
593,forgef,<code>forgef</code>,1,0.0001443
593,forgiefen,<code>forgiefen</code>,1,0.0001443
593,forhiened,<code>forhiened</code>,1,0.0001443
593,forl&aelig;tan,<code>forl&amp;ae;tan</code>,1,0.0001443
593,forleten,<code>forleten</code>,1,0.0001443
593,forlure,<code>forlure</code>,1,0.0001443
593,forneah,<code>forneah</code>,1,0.0001443
593,foron,<code>foron</code>,1,0.0001443
593,forsawon,<code>forsawon</code>,1,0.0001443
593,forwear&eth;,<code>forwear&amp;d;</code>,1,0.0001443
593,forworden,<code>forworden</code>,1,0.0001443
593,freondscipe,<code>freondscipe</code>,1,0.0001443
593,fri&eth;e,<code>fri&amp;d;e</code>,1,0.0001443
593,fri&thorn;,<code>fri&amp;t;</code>,1,0.0001443
593,fuhte,<code>fuhte</code>,1,0.0001443
593,ful,<code>ful</code>,1,0.0001443
593,fulle,<code>fulle</code>,1,0.0001443
593,fullum,<code>fullum</code>,1,0.0001443
593,fulwade,<code>fulwade</code>,1,0.0001443
593,fulwiht,<code>fulwiht</code>,1,0.0001443
593,fulwihtes,<code>fulwihtes</code>,1,0.0001443
593,fyrcyn,<code>fyrcyn</code>,1,0.0001443
593,fyrhtnesse,<code>fyrhtnesse</code>,1,0.0001443
593,gafol,<code>gafol</code>,1,0.0001443
593,gafole,<code>gafole</code>,1,0.0001443
593,gallia,<code>gallia</code>,1,0.0001443
593,gallica,<code>gallica</code>,1,0.0001443
593,gallienuse,<code>gallienuse</code>,1,0.0001443
593,galua,<code>galua</code>,1,0.0001443
593,garsecge,<code>garsecge</code>,1,0.0001443
593,ge&aelig;rendian,<code>ge&amp;ae;rendian</code>,1,0.0001443
593,ge&thorn;encan,<code>ge&amp;t;encan</code>,1,0.0001443
593,ge&thorn;ingade,<code>ge&amp;t;ingade</code>,1,0.0001443
593,ge&thorn;ohte,<code>ge&amp;t;ohte</code>,1,0.0001443
593,ge&thorn;uhte,<code>ge&amp;t;uhte</code>,1,0.0001443
593,ge&thorn;w&aelig;re,<code>ge&amp;t;w&amp;ae;re</code>,1,0.0001443
593,geagnian,<code>geagnian</code>,1,0.0001443
593,gearian,<code>gearian</code>,1,0.0001443
593,gearum,<code>gearum</code>,1,0.0001443
593,geat,<code>geat</code>,1,0.0001443
593,geate,<code>geate</code>,1,0.0001443
593,geb&aelig;de,<code>geb&amp;ae;de</code>,1,0.0001443
593,gebiddan,<code>gebiddan</code>,1,0.0001443
593,gebigan,<code>gebigan</code>,1,0.0001443
593,geblota,<code>geblota</code>,1,0.0001443
593,gebode,<code>gebode</code>,1,0.0001443
593,gebodu,<code>gebodu</code>,1,0.0001443
593,gebohte,<code>gebohte</code>,1,0.0001443
593,gebrengan,<code>gebrengan</code>,1,0.0001443
593,gebro&eth;or,<code>gebro&amp;d;or</code>,1,0.0001443
593,gebro&thorn;or,<code>gebro&amp;t;or</code>,1,0.0001443
593,gebundenne,<code>gebundenne</code>,1,0.0001443
593,geburnen,<code>geburnen</code>,1,0.0001443
593,gecy&eth;don,<code>gecy&amp;d;don</code>,1,0.0001443
593,gecy&thorn;anne,<code>gecy&amp;t;anne</code>,1,0.0001443
593,ged&aelig;mde,<code>ged&amp;ae;mde</code>,1,0.0001443
593,gedafenlice,<code>gedafenlice</code>,1,0.0001443
593,gedon,<code>gedon</code>,1,0.0001443
593,gedwolmen,<code>gedwolmen</code>,1,0.0001443
593,gedydan,<code>gedydan</code>,1,0.0001443
593,geendad,<code>geendad</code>,1,0.0001443
593,geendian,<code>geendian</code>,1,0.0001443
593,gefangen,<code>gefangen</code>,1,0.0001443
593,gefeohtan,<code>gefeohtan</code>,1,0.0001443
593,gefeohtum,<code>gefeohtum</code>,1,0.0001443
593,gefeoll,<code>gefeoll</code>,1,0.0001443
593,gefeolle,<code>gefeolle</code>,1,0.0001443
593,gefliemdon,<code>gefliemdon</code>,1,0.0001443
593,geflit,<code>geflit</code>,1,0.0001443
593,geflite,<code>geflite</code>,1,0.0001443
593,gefongen,<code>gefongen</code>,1,0.0001443
593,gefr&aelig;twed,<code>gefr&amp;ae;twed</code>,1,0.0001443
593,gefulwad,<code>gefulwad</code>,1,0.0001443
593,gefulwade,<code>gefulwade</code>,1,0.0001443
593,gefylled,<code>gefylled</code>,1,0.0001443
593,gefylste,<code>gefylste</code>,1,0.0001443
593,gegaderade,<code>gegaderade</code>,1,0.0001443
593,gegearod,<code>gegearod</code>,1,0.0001443
593,gegripen,<code>gegripen</code>,1,0.0001443
593,geh&aelig;fde,<code>geh&amp;ae;fde</code>,1,0.0001443
593,gehalgod,<code>gehalgod</code>,1,0.0001443
593,geheold,<code>geheold</code>,1,0.0001443
593,gehulpen,<code>gehulpen</code>,1,0.0001443
593,gehwurfe,<code>gehwurfe</code>,1,0.0001443
593,gehyd,<code>gehyd</code>,1,0.0001443
593,gel&aelig;ded,<code>gel&amp;ae;ded</code>,1,0.0001443
593,gel&aelig;red,<code>gel&amp;ae;red</code>,1,0.0001443
593,gel&aelig;ston,<code>gel&amp;ae;ston</code>,1,0.0001443
593,geleornod,<code>geleornod</code>,1,0.0001443
593,gelice,<code>gelice</code>,1,0.0001443
593,gelifde,<code>gelifde</code>,1,0.0001443
593,gemartrade,<code>gemartrade</code>,1,0.0001443
593,gemartredon,<code>gemartredon</code>,1,0.0001443
593,gemette,<code>gemette</code>,1,0.0001443
593,gemong,<code>gemong</code>,1,0.0001443
593,genam,<code>genam</code>,1,0.0001443
593,genamon,<code>genamon</code>,1,0.0001443
593,genieddon,<code>genieddon</code>,1,0.0001443
593,geniman,<code>geniman</code>,1,0.0001443
593,genom,<code>genom</code>,1,0.0001443
593,geond,<code>geond</code>,1,0.0001443
593,geonge,<code>geonge</code>,1,0.0001443
593,geongrena,<code>geongrena</code>,1,0.0001443
593,georne,<code>georne</code>,1,0.0001443
593,geornfull,<code>geornfull</code>,1,0.0001443
593,gereccean,<code>gereccean</code>,1,0.0001443
593,gerefan,<code>gerefan</code>,1,0.0001443
593,germania,<code>germania</code>,1,0.0001443
593,germanie,<code>germanie</code>,1,0.0001443
593,germanium,<code>germanium</code>,1,0.0001443
593,ges&aelig;ton,<code>ges&amp;ae;ton</code>,1,0.0001443
593,gesawon,<code>gesawon</code>,1,0.0001443
593,gescomian,<code>gescomian</code>,1,0.0001443
593,gescotum,<code>gescotum</code>,1,0.0001443
593,gesecge,<code>gesecge</code>,1,0.0001443
593,gesellan,<code>gesellan</code>,1,0.0001443
593,geset,<code>geset</code>,1,0.0001443
593,geseten,<code>geseten</code>,1,0.0001443
593,gesetnessa,<code>gesetnessa</code>,1,0.0001443
593,gesett,<code>gesett</code>,1,0.0001443
593,gesibsume,<code>gesibsume</code>,1,0.0001443
593,gesittan,<code>gesittan</code>,1,0.0001443
593,gesomnod,<code>gesomnod</code>,1,0.0001443
593,gespr&aelig;con,<code>gespr&amp;ae;con</code>,1,0.0001443
593,gesta&thorn;elade,<code>gesta&amp;t;elade</code>,1,0.0001443
593,gestieran,<code>gestieran</code>,1,0.0001443
593,gestierde,<code>gestierde</code>,1,0.0001443
593,gestiered,<code>gestiered</code>,1,0.0001443
593,gestihtade,<code>gestihtade</code>,1,0.0001443
593,gestilled,<code>gestilled</code>,1,0.0001443
593,gestodon,<code>gestodon</code>,1,0.0001443
593,gestrongade,<code>gestrongade</code>,1,0.0001443
593,geswac,<code>geswac</code>,1,0.0001443
593,geswicen,<code>geswicen</code>,1,0.0001443
593,geswostor,<code>geswostor</code>,1,0.0001443
593,geweald,<code>geweald</code>,1,0.0001443
593,gewilnunga,<code>gewilnunga</code>,1,0.0001443
593,gewinne,<code>gewinne</code>,1,0.0001443
593,gewinnes,<code>gewinnes</code>,1,0.0001443
593,gewintred,<code>gewintred</code>,1,0.0001443
593,gewrecan,<code>gewrecan</code>,1,0.0001443
593,gewrecen,<code>gewrecen</code>,1,0.0001443
593,gewundod,<code>gewundod</code>,1,0.0001443
593,gewurdon,<code>gewurdon</code>,1,0.0001443
593,gierndon,<code>gierndon</code>,1,0.0001443
593,giernende,<code>giernende</code>,1,0.0001443
593,gimstanum,<code>gimstanum</code>,1,0.0001443
593,gingran,<code>gingran</code>,1,0.0001443
593,goda,<code>goda</code>,1,0.0001443
593,godas,<code>godas</code>,1,0.0001443
593,godenric,<code>godenric</code>,1,0.0001443
593,gordianus,<code>gordianus</code>,1,0.0001443
593,gotena,<code>gotena</code>,1,0.0001443
593,gotene,<code>gotene</code>,1,0.0001443
593,grom,<code>grom</code>,1,0.0001443
593,grot,<code>grot</code>,1,0.0001443
593,gu&eth;fonan,<code>gu&amp;d;fonan</code>,1,0.0001443
593,gyldene,<code>gyldene</code>,1,0.0001443
593,gyldenne,<code>gyldenne</code>,1,0.0001443
593,gylt,<code>gylt</code>,1,0.0001443
593,h&aelig;&eth;eniscan,<code>h&amp;ae;&amp;d;eniscan</code>,1,0.0001443
593,h&aelig;&eth;nan,<code>h&amp;ae;&amp;d;nan</code>,1,0.0001443
593,h&aelig;&thorn;en,<code>h&amp;ae;&amp;t;en</code>,1,0.0001443
593,h&aelig;f&eth;,<code>h&amp;ae;f&amp;d;</code>,1,0.0001443
593,h&aelig;l,<code>h&amp;ae;l</code>,1,0.0001443
593,habbanne,<code>habbanne</code>,1,0.0001443
593,halgum,<code>halgum</code>,1,0.0001443
593,hamweard,<code>hamweard</code>,1,0.0001443
593,hand,<code>hand</code>,1,0.0001443
593,hatan,<code>hatan</code>,1,0.0001443
593,heafedrica,<code>heafedrica</code>,1,0.0001443
593,heafod,<code>heafod</code>,1,0.0001443
593,healdanne,<code>healdanne</code>,1,0.0001443
593,healdonne,<code>healdonne</code>,1,0.0001443
593,healf,<code>healf</code>,1,0.0001443
593,hean,<code>hean</code>,1,0.0001443
593,heanlic,<code>heanlic</code>,1,0.0001443
593,heard,<code>heard</code>,1,0.0001443
593,heliam,<code>heliam</code>,1,0.0001443
593,heofonrices,<code>heofonrices</code>,1,0.0001443
593,her,<code>her</code>,1,0.0001443
593,herede,<code>herede</code>,1,0.0001443
593,hergedon,<code>hergedon</code>,1,0.0001443
593,hettulf,<code>hettulf</code>,1,0.0001443
593,hiehstan,<code>hiehstan</code>,1,0.0001443
593,hiende,<code>hiende</code>,1,0.0001443
593,hierde,<code>hierde</code>,1,0.0001443
593,hierdon,<code>hierdon</code>,1,0.0001443
593,hierede,<code>hierede</code>,1,0.0001443
593,hindan,<code>hindan</code>,1,0.0001443
593,hlafordhyldo,<code>hlafordhyldo</code>,1,0.0001443
593,hliepan,<code>hliepan</code>,1,0.0001443
593,holde,<code>holde</code>,1,0.0001443
593,hond,<code>hond</code>,1,0.0001443
593,horse,<code>horse</code>,1,0.0001443
593,hreowsian,<code>hreowsian</code>,1,0.0001443
593,hricg,<code>hricg</code>,1,0.0001443
593,hw&aelig;rfigiende,<code>hw&amp;ae;rfigiende</code>,1,0.0001443
593,hwelce,<code>hwelce</code>,1,0.0001443
593,hwon,<code>hwon</code>,1,0.0001443
593,hwonan,<code>hwonan</code>,1,0.0001443
593,hwonon,<code>hwonon</code>,1,0.0001443
593,hyspton,<code>hyspton</code>,1,0.0001443
593,ic,<code>ic</code>,1,0.0001443
593,ie,<code>ie</code>,1,0.0001443
593,ie&thorn;e,<code>ie&amp;t;e</code>,1,0.0001443
593,ieldeste,<code>ieldeste</code>,1,0.0001443
593,ieldran,<code>ieldran</code>,1,0.0001443
593,iernan,<code>iernan</code>,1,0.0001443
593,iglande,<code>iglande</code>,1,0.0001443
593,ilca,<code>ilca</code>,1,0.0001443
593,inne,<code>inne</code>,1,0.0001443
593,into,<code>into</code>,1,0.0001443
593,ispania,<code>ispania</code>,1,0.0001443
593,italia,<code>italia</code>,1,0.0001443
593,iu&thorn;an,<code>iu&amp;t;an</code>,1,0.0001443
593,iudiscan,<code>iudiscan</code>,1,0.0001443
593,iulianuses,<code>iulianuses</code>,1,0.0001443
593,iuninianus,<code>iuninianus</code>,1,0.0001443
593,iustinus,<code>iustinus</code>,1,0.0001443
593,iuuinianus,<code>iuuinianus</code>,1,0.0001443
593,ix,<code>ix</code>,1,0.0001443
593,l&aelig;ce,<code>l&amp;ae;ce</code>,1,0.0001443
593,l&aelig;dan,<code>l&amp;ae;dan</code>,1,0.0001443
593,l&aelig;dde,<code>l&amp;ae;dde</code>,1,0.0001443
593,l&aelig;rde,<code>l&amp;ae;rde</code>,1,0.0001443
593,l&aelig;s,<code>l&amp;ae;s</code>,1,0.0001443
593,la&eth;,<code>la&amp;d;</code>,1,0.0001443
593,la&thorn;e,<code>la&amp;t;e</code>,1,0.0001443
593,lafe,<code>lafe</code>,1,0.0001443
593,land,<code>land</code>,1,0.0001443
593,landum,<code>landum</code>,1,0.0001443
593,lareowum,<code>lareowum</code>,1,0.0001443
593,late,<code>late</code>,1,0.0001443
593,latteowas,<code>latteowas</code>,1,0.0001443
593,latteowe,<code>latteowe</code>,1,0.0001443
593,leahtrade,<code>leahtrade</code>,1,0.0001443
593,leat,<code>leat</code>,1,0.0001443
593,leofast,<code>leofast</code>,1,0.0001443
593,leornunga,<code>leornunga</code>,1,0.0001443
593,leton,<code>leton</code>,1,0.0001443
593,libbendne,<code>libbendne</code>,1,0.0001443
593,licgendan,<code>licgendan</code>,1,0.0001443
593,ligette,<code>ligette</code>,1,0.0001443
593,lii,<code>lii</code>,1,0.0001443
593,londleode,<code>londleode</code>,1,0.0001443
593,londum,<code>londum</code>,1,0.0001443
593,long,<code>long</code>,1,0.0001443
593,luchina,<code>luchina</code>,1,0.0001443
593,lucinuse,<code>lucinuse</code>,1,0.0001443
593,lucius,<code>lucius</code>,1,0.0001443
593,lufan,<code>lufan</code>,1,0.0001443
593,lxii,<code>lxii</code>,1,0.0001443
593,lxx,<code>lxx</code>,1,0.0001443
593,lxxiiii,<code>lxxiiii</code>,1,0.0001443
593,lxxxvii,<code>lxxxvii</code>,1,0.0001443
593,lxxxviii,<code>lxxxviii</code>,1,0.0001443
593,lxxxx,<code>lxxxx</code>,1,0.0001443
593,ly&thorn;rum,<code>ly&amp;t;rum</code>,1,0.0001443
593,m&aelig;cedonium,<code>m&amp;ae;cedonium</code>,1,0.0001443
593,m&aelig;g&eth;,<code>m&amp;ae;g&amp;d;</code>,1,0.0001443
593,m&aelig;g&thorn;e,<code>m&amp;ae;g&amp;t;e</code>,1,0.0001443
593,m&aelig;gelan,<code>m&amp;ae;gelan</code>,1,0.0001443
593,m&aelig;ges,<code>m&amp;ae;ges</code>,1,0.0001443
593,m&aelig;nde,<code>m&amp;ae;nde</code>,1,0.0001443
593,m&aelig;ssepreoste,<code>m&amp;ae;ssepreoste</code>,1,0.0001443
593,m&aelig;ssepreostes,<code>m&amp;ae;ssepreostes</code>,1,0.0001443
593,m&aelig;ssepresbyter,<code>m&amp;ae;ssepresbyter</code>,1,0.0001443
593,m&aelig;ste,<code>m&amp;ae;ste</code>,1,0.0001443
593,m&aelig;stra,<code>m&amp;ae;stra</code>,1,0.0001443
593,ma,<code>ma</code>,1,0.0001443
593,ma&eth;mhuse,<code>ma&amp;d;mhuse</code>,1,0.0001443
593,magentsan,<code>magentsan</code>,1,0.0001443
593,magnentius,<code>magnentius</code>,1,0.0001443
593,magon,<code>magon</code>,1,0.0001443
593,mammea,<code>mammea</code>,1,0.0001443
593,mammeam,<code>mammeam</code>,1,0.0001443
593,maran,<code>maran</code>,1,0.0001443
593,martyre,<code>martyre</code>,1,0.0001443
593,martyrum,<code>martyrum</code>,1,0.0001443
593,martyrunga,<code>martyrunga</code>,1,0.0001443
593,masiliam,<code>masiliam</code>,1,0.0001443
593,maxentiuse,<code>maxentiuse</code>,1,0.0001443
593,maximianuses,<code>maximianuses</code>,1,0.0001443
593,maximinus,<code>maximinus</code>,1,0.0001443
593,medialane,<code>medialane</code>,1,0.0001443
593,mediolane,<code>mediolane</code>,1,0.0001443
593,mettrymnesse,<code>mettrymnesse</code>,1,0.0001443
593,micellre,<code>micellre</code>,1,0.0001443
593,micelra,<code>micelra</code>,1,0.0001443
593,miclan,<code>miclan</code>,1,0.0001443
593,micliende,<code>micliende</code>,1,0.0001443
593,middangeard,<code>middangeard</code>,1,0.0001443
593,mierde,<code>mierde</code>,1,0.0001443
593,mildse,<code>mildse</code>,1,0.0001443
593,mildsung,<code>mildsung</code>,1,0.0001443
593,miltsunge,<code>miltsunge</code>,1,0.0001443
593,mod,<code>mod</code>,1,0.0001443
593,moluia,<code>moluia</code>,1,0.0001443
593,mona,<code>mona</code>,1,0.0001443
593,monige,<code>monige</code>,1,0.0001443
593,monigne,<code>monigne</code>,1,0.0001443
593,monigum,<code>monigum</code>,1,0.0001443
593,monog,<code>monog</code>,1,0.0001443
593,monslihtum,<code>monslihtum</code>,1,0.0001443
593,muntas,<code>muntas</code>,1,0.0001443
593,munuclif,<code>munuclif</code>,1,0.0001443
593,munucum,<code>munucum</code>,1,0.0001443
593,mynstre,<code>mynstre</code>,1,0.0001443
593,n&aelig;fre,<code>n&amp;ae;fre</code>,1,0.0001443
593,na&thorn;er,<code>na&amp;t;er</code>,1,0.0001443
593,nam,<code>nam</code>,1,0.0001443
593,namen,<code>namen</code>,1,0.0001443
593,nanne,<code>nanne</code>,1,0.0001443
593,neh,<code>neh</code>,1,0.0001443
593,ni&thorn;e,<code>ni&amp;t;e</code>,1,0.0001443
593,nicealtan,<code>nicealtan</code>,1,0.0001443
593,nicomedio,<code>nicomedio</code>,1,0.0001443
593,nicomidio,<code>nicomidio</code>,1,0.0001443
593,nihstan,<code>nihstan</code>,1,0.0001443
593,ninus,<code>ninus</code>,1,0.0001443
593,ninuse,<code>ninuse</code>,1,0.0001443
593,nissibi,<code>nissibi</code>,1,0.0001443
593,noht,<code>noht</code>,1,0.0001443
593,noldon,<code>noldon</code>,1,0.0001443
593,nomon,<code>nomon</code>,1,0.0001443
593,nor&thorn;an,<code>nor&amp;t;an</code>,1,0.0001443
593,nor&thorn;meste,<code>nor&amp;t;meste</code>,1,0.0001443
593,numerianus,<code>numerianus</code>,1,0.0001443
593,o&eth;,<code>o&amp;d;</code>,1,0.0001443
593,o&eth;&eth;e,<code>o&amp;d;&amp;d;e</code>,1,0.0001443
593,o&eth;ewde,<code>o&amp;d;ewde</code>,1,0.0001443
593,o&eth;fleah,<code>o&amp;d;fleah</code>,1,0.0001443
593,o&eth;ra,<code>o&amp;d;ra</code>,1,0.0001443
593,o&eth;re,<code>o&amp;d;re</code>,1,0.0001443
593,o&eth;sace,<code>o&amp;d;sace</code>,1,0.0001443
593,o&thorn;brude,<code>o&amp;t;brude</code>,1,0.0001443
593,o&thorn;erne,<code>o&amp;t;erne</code>,1,0.0001443
593,o&thorn;erra,<code>o&amp;t;erra</code>,1,0.0001443
593,o&thorn;fleah,<code>o&amp;t;fleah</code>,1,0.0001443
593,o&thorn;iewed,<code>o&amp;t;iewed</code>,1,0.0001443
593,o&thorn;ra,<code>o&amp;t;ra</code>,1,0.0001443
593,o&thorn;re,<code>o&amp;t;re</code>,1,0.0001443
593,ofercom,<code>ofercom</code>,1,0.0001443
593,oferflitanne,<code>oferflitanne</code>,1,0.0001443
593,oferfunden,<code>oferfunden</code>,1,0.0001443
593,oferhergeade,<code>oferhergeade</code>,1,0.0001443
593,oferhergedon,<code>oferhergedon</code>,1,0.0001443
593,oferhogode,<code>oferhogode</code>,1,0.0001443
593,oferswi&thorn;an,<code>oferswi&amp;t;an</code>,1,0.0001443
593,offeallen,<code>offeallen</code>,1,0.0001443
593,ofrede,<code>ofrede</code>,1,0.0001443
593,ofslogan,<code>ofslogan</code>,1,0.0001443
593,ofsloge,<code>ofsloge</code>,1,0.0001443
593,ofsmorod,<code>ofsmorod</code>,1,0.0001443
593,ofsmorode,<code>ofsmorode</code>,1,0.0001443
593,ofstang,<code>ofstang</code>,1,0.0001443
593,ofsticode,<code>ofsticode</code>,1,0.0001443
593,oftr&aelig;dlica,<code>oftr&amp;ae;dlica</code>,1,0.0001443
593,oftredd,<code>oftredd</code>,1,0.0001443
593,oftsi&thorn;as,<code>oftsi&amp;t;as</code>,1,0.0001443
593,onb&aelig;rnan,<code>onb&amp;ae;rnan</code>,1,0.0001443
593,onb&aelig;rned,<code>onb&amp;ae;rned</code>,1,0.0001443
593,onbead,<code>onbead</code>,1,0.0001443
593,onbugan,<code>onbugan</code>,1,0.0001443
593,ond,<code>ond</code>,1,0.0001443
593,onfengon,<code>onfengon</code>,1,0.0001443
593,onfon,<code>onfon</code>,1,0.0001443
593,ongeanweard,<code>ongeanweard</code>,1,0.0001443
593,ongeaton,<code>ongeaton</code>,1,0.0001443
593,ongunnen,<code>ongunnen</code>,1,0.0001443
593,onlicnes,<code>onlicnes</code>,1,0.0001443
593,onsende,<code>onsende</code>,1,0.0001443
593,onsien,<code>onsien</code>,1,0.0001443
593,onstealde,<code>onstealde</code>,1,0.0001443
593,onufan,<code>onufan</code>,1,0.0001443
593,onweald,<code>onweald</code>,1,0.0001443
593,onwendan,<code>onwendan</code>,1,0.0001443
593,onwinnende,<code>onwinnende</code>,1,0.0001443
593,origenis,<code>origenis</code>,1,0.0001443
593,origenise,<code>origenise</code>,1,0.0001443
593,ostilianus,<code>ostilianus</code>,1,0.0001443
593,palendsan,<code>palendsan</code>,1,0.0001443
593,parhte,<code>parhte</code>,1,0.0001443
593,patricius,<code>patricius</code>,1,0.0001443
593,paulus,<code>paulus</code>,1,0.0001443
593,peohtas,<code>peohtas</code>,1,0.0001443
593,percopiosus,<code>percopiosus</code>,1,0.0001443
593,persa,<code>persa</code>,1,0.0001443
593,perseus,<code>perseus</code>,1,0.0001443
593,philosophus,<code>philosophus</code>,1,0.0001443
593,pinedon,<code>pinedon</code>,1,0.0001443
593,piscenius,<code>piscenius</code>,1,0.0001443
593,pius,<code>pius</code>,1,0.0001443
593,plenius,<code>plenius</code>,1,0.0001443
593,ponpeius,<code>ponpeius</code>,1,0.0001443
593,ponto,<code>ponto</code>,1,0.0001443
593,preostas,<code>preostas</code>,1,0.0001443
593,proculus,<code>proculus</code>,1,0.0001443
593,purpurum,<code>purpurum</code>,1,0.0001443
593,quadratus,<code>quadratus</code>,1,0.0001443
593,quintillus,<code>quintillus</code>,1,0.0001443
593,r&aelig;d&thorn;eahteras,<code>r&amp;ae;d&amp;t;eahteras</code>,1,0.0001443
593,r&aelig;dgota,<code>r&amp;ae;dgota</code>,1,0.0001443
593,r&aelig;dgotan,<code>r&amp;ae;dgotan</code>,1,0.0001443
593,r&aelig;dw&aelig;ne,<code>r&amp;ae;dw&amp;ae;ne</code>,1,0.0001443
593,ra&thorn;ost,<code>ra&amp;t;ost</code>,1,0.0001443
593,rafennan,<code>rafennan</code>,1,0.0001443
593,rafenne,<code>rafenne</code>,1,0.0001443
593,rapum,<code>rapum</code>,1,0.0001443
593,rica,<code>rica</code>,1,0.0001443
593,ricestena,<code>ricestena</code>,1,0.0001443
593,rinde,<code>rinde</code>,1,0.0001443
593,roma,<code>roma</code>,1,0.0001443
593,romanisc,<code>romanisc</code>,1,0.0001443
593,romanisce,<code>romanisce</code>,1,0.0001443
593,romano,<code>romano</code>,1,0.0001443
593,romeburh,<code>romeburh</code>,1,0.0001443
593,rufinus,<code>rufinus</code>,1,0.0001443
593,rufinuse,<code>rufinuse</code>,1,0.0001443
593,ryhtan,<code>ryhtan</code>,1,0.0001443
593,ryhtes,<code>ryhtes</code>,1,0.0001443
593,s&aelig;gde,<code>s&amp;ae;gde</code>,1,0.0001443
593,s&aelig;ton,<code>s&amp;ae;ton</code>,1,0.0001443
593,sacu,<code>sacu</code>,1,0.0001443
593,sardanopolim,<code>sardanopolim</code>,1,0.0001443
593,sarig,<code>sarig</code>,1,0.0001443
593,saturninus,<code>saturninus</code>,1,0.0001443
593,sci&thorn;&thorn;ium,<code>sci&amp;t;&amp;t;ium</code>,1,0.0001443
593,scield,<code>scield</code>,1,0.0001443
593,scipa,<code>scipa</code>,1,0.0001443
593,scipia,<code>scipia</code>,1,0.0001443
593,scipun,<code>scipun</code>,1,0.0001443
593,scira,<code>scira</code>,1,0.0001443
593,scole,<code>scole</code>,1,0.0001443
593,scopleo&eth;,<code>scopleo&amp;d;</code>,1,0.0001443
593,scottas,<code>scottas</code>,1,0.0001443
593,scribanianus,<code>scribanianus</code>,1,0.0001443
593,scribanianuse,<code>scribanianuse</code>,1,0.0001443
593,sculon,<code>sculon</code>,1,0.0001443
593,seaxan,<code>seaxan</code>,1,0.0001443
593,secgan,<code>secgan</code>,1,0.0001443
593,seftnesse,<code>seftnesse</code>,1,0.0001443
593,selestan,<code>selestan</code>,1,0.0001443
593,seleutia,<code>seleutia</code>,1,0.0001443
593,senatum,<code>senatum</code>,1,0.0001443
593,senatusa,<code>senatusa</code>,1,0.0001443
593,seofonteo&thorn;an,<code>seofonteo&amp;t;an</code>,1,0.0001443
593,setton,<code>setton</code>,1,0.0001443
593,si&thorn;mestan,<code>si&amp;t;mestan</code>,1,0.0001443
593,sibb,<code>sibb</code>,1,0.0001443
593,siextegum,<code>siextegum</code>,1,0.0001443
593,sige,<code>sige</code>,1,0.0001443
593,siml,<code>siml</code>,1,0.0001443
593,siri&aelig;,<code>siri&amp;ae;</code>,1,0.0001443
593,siriam,<code>siriam</code>,1,0.0001443
593,sirmie,<code>sirmie</code>,1,0.0001443
593,sixtan,<code>sixtan</code>,1,0.0001443
593,sl&aelig;pendne,<code>sl&amp;ae;pendne</code>,1,0.0001443
593,sleanne,<code>sleanne</code>,1,0.0001443
593,sloge,<code>sloge</code>,1,0.0001443
593,sta&thorn;e,<code>sta&amp;t;e</code>,1,0.0001443
593,sta&thorn;oles,<code>sta&amp;t;oles</code>,1,0.0001443
593,stihtung,<code>stihtung</code>,1,0.0001443
593,stileca,<code>stileca</code>,1,0.0001443
593,stilecan,<code>stilecan</code>,1,0.0001443
593,stincan,<code>stincan</code>,1,0.0001443
593,stowe,<code>stowe</code>,1,0.0001443
593,strong,<code>strong</code>,1,0.0001443
593,stupian,<code>stupian</code>,1,0.0001443
593,su&eth;mestan,<code>su&amp;d;mestan</code>,1,0.0001443
593,sum,<code>sum</code>,1,0.0001443
593,sumum,<code>sumum</code>,1,0.0001443
593,sunderfolge&thorn;a,<code>sunderfolge&amp;t;a</code>,1,0.0001443
593,sunnan,<code>sunnan</code>,1,0.0001443
593,sunum,<code>sunum</code>,1,0.0001443
593,sw&aelig;fas,<code>sw&amp;ae;fas</code>,1,0.0001443
593,swelce,<code>swelce</code>,1,0.0001443
593,swelcne,<code>swelcne</code>,1,0.0001443
593,sweor,<code>sweor</code>,1,0.0001443
593,sweotol,<code>sweotol</code>,1,0.0001443
593,sweotole,<code>sweotole</code>,1,0.0001443
593,swi&thorn;or,<code>swi&amp;t;or</code>,1,0.0001443
593,syngade,<code>syngade</code>,1,0.0001443
593,synna,<code>synna</code>,1,0.0001443
593,tacen,<code>tacen</code>,1,0.0001443
593,tacitus,<code>tacitus</code>,1,0.0001443
593,tacn,<code>tacn</code>,1,0.0001443
593,tacnunga,<code>tacnunga</code>,1,0.0001443
593,talentana,<code>talentana</code>,1,0.0001443
593,teah,<code>teah</code>,1,0.0001443
593,templ,<code>templ</code>,1,0.0001443
593,templum,<code>templum</code>,1,0.0001443
593,tetricum,<code>tetricum</code>,1,0.0001443
593,th&aelig;rsa,<code>th&amp;ae;rsa</code>,1,0.0001443
593,tharsa,<code>tharsa</code>,1,0.0001443
593,theatrum,<code>theatrum</code>,1,0.0001443
593,theodosiuse,<code>theodosiuse</code>,1,0.0001443
593,theram,<code>theram</code>,1,0.0001443
593,therasiam,<code>therasiam</code>,1,0.0001443
593,tiberiuses,<code>tiberiuses</code>,1,0.0001443
593,tig&thorn;ade,<code>tig&amp;t;ade</code>,1,0.0001443
593,tigris,<code>tigris</code>,1,0.0001443
593,timan,<code>timan</code>,1,0.0001443
593,titus,<code>titus</code>,1,0.0001443
593,tituses,<code>tituses</code>,1,0.0001443
593,tobr&aelig;c,<code>tobr&amp;ae;c</code>,1,0.0001443
593,tobr&aelig;con,<code>tobr&amp;ae;con</code>,1,0.0001443
593,tofeoll,<code>tofeoll</code>,1,0.0001443
593,tog&aelig;dere,<code>tog&amp;ae;dere</code>,1,0.0001443
593,tog&aelig;dereweard,<code>tog&amp;ae;dereweard</code>,1,0.0001443
593,tomiddes,<code>tomiddes</code>,1,0.0001443
593,torre,<code>torre</code>,1,0.0001443
593,toslog,<code>toslog</code>,1,0.0001443
593,toweorpan,<code>toweorpan</code>,1,0.0001443
593,traianuses,<code>traianuses</code>,1,0.0001443
593,triumphan,<code>triumphan</code>,1,0.0001443
593,tun,<code>tun</code>,1,0.0001443
593,tunas,<code>tunas</code>,1,0.0001443
593,tuwa,<code>tuwa</code>,1,0.0001443
593,tuwwa,<code>tuwwa</code>,1,0.0001443
593,twegea,<code>twegea</code>,1,0.0001443
593,twentigra,<code>twentigra</code>,1,0.0001443
593,ualense,<code>ualense</code>,1,0.0001443
593,ualenses,<code>ualenses</code>,1,0.0001443
593,ualente,<code>ualente</code>,1,0.0001443
593,uespasiane,<code>uespasiane</code>,1,0.0001443
593,uespasianus,<code>uespasianus</code>,1,0.0001443
593,ueteromonem,<code>ueteromonem</code>,1,0.0001443
593,uitellus,<code>uitellus</code>,1,0.0001443
593,un&thorn;eawa,<code>un&amp;t;eawa</code>,1,0.0001443
593,un&thorn;eawum,<code>un&amp;t;eawum</code>,1,0.0001443
593,uncu&eth;,<code>uncu&amp;d;</code>,1,0.0001443
593,unea&thorn;e,<code>unea&amp;t;e</code>,1,0.0001443
593,unge&thorn;w&aelig;rnes,<code>unge&amp;t;w&amp;ae;rnes</code>,1,0.0001443
593,unge&thorn;w&aelig;rnesse,<code>unge&amp;t;w&amp;ae;rnesse</code>,1,0.0001443
593,ungearwe,<code>ungearwe</code>,1,0.0001443
593,ungelice,<code>ungelice</code>,1,0.0001443
593,ungemetlic,<code>ungemetlic</code>,1,0.0001443
593,unger&aelig;dnesse,<code>unger&amp;ae;dnesse</code>,1,0.0001443
593,ungerade,<code>ungerade</code>,1,0.0001443
593,ungewealdes,<code>ungewealdes</code>,1,0.0001443
593,ungewilde,<code>ungewilde</code>,1,0.0001443
593,unie&eth;nesse,<code>unie&amp;d;nesse</code>,1,0.0001443
593,unryht,<code>unryht</code>,1,0.0001443
593,untrumnesse,<code>untrumnesse</code>,1,0.0001443
593,unweor&eth;lice,<code>unweor&amp;d;lice</code>,1,0.0001443
593,unwillan,<code>unwillan</code>,1,0.0001443
593,unwitende,<code>unwitende</code>,1,0.0001443
593,upahebban,<code>upahebban</code>,1,0.0001443
593,upp,<code>upp</code>,1,0.0001443
593,urne,<code>urne</code>,1,0.0001443
593,utan,<code>utan</code>,1,0.0001443
593,w&aelig;l,<code>w&amp;ae;l</code>,1,0.0001443
593,w&aelig;pena,<code>w&amp;ae;pena</code>,1,0.0001443
593,w&aelig;pna,<code>w&amp;ae;pna</code>,1,0.0001443
593,w&aelig;ter,<code>w&amp;ae;ter</code>,1,0.0001443
593,wanade,<code>wanade</code>,1,0.0001443
593,we,<code>we</code>,1,0.0001443
593,weall,<code>weall</code>,1,0.0001443
593,weaxan,<code>weaxan</code>,1,0.0001443
593,weder,<code>weder</code>,1,0.0001443
593,welgel&aelig;red,<code>welgel&amp;ae;red</code>,1,0.0001443
593,welum,<code>welum</code>,1,0.0001443
593,wendan,<code>wendan</code>,1,0.0001443
593,wende,<code>wende</code>,1,0.0001443
593,weor&eth;,<code>weor&amp;d;</code>,1,0.0001443
593,weor&eth;lice,<code>weor&amp;d;lice</code>,1,0.0001443
593,weor&eth;mynte,<code>weor&amp;d;mynte</code>,1,0.0001443
593,weor&eth;scipe,<code>weor&amp;d;scipe</code>,1,0.0001443
593,weorc,<code>weorc</code>,1,0.0001443
593,wera&thorn;,<code>wera&amp;t;</code>,1,0.0001443
593,werede,<code>werede</code>,1,0.0001443
593,weredon,<code>weredon</code>,1,0.0001443
593,wespasianus,<code>wespasianus</code>,1,0.0001443
593,west,<code>west</code>,1,0.0001443
593,westane,<code>westane</code>,1,0.0001443
593,westd&aelig;le,<code>westd&amp;ae;le</code>,1,0.0001443
593,westemestan,<code>westemestan</code>,1,0.0001443
593,westenne,<code>westenne</code>,1,0.0001443
593,westennes,<code>westennes</code>,1,0.0001443
593,westmest,<code>westmest</code>,1,0.0001443
593,wi&eth;erwinna,<code>wi&amp;d;erwinna</code>,1,0.0001443
593,wi&thorn;erwinnan,<code>wi&amp;t;erwinnan</code>,1,0.0001443
593,wier&eth;e,<code>wier&amp;d;e</code>,1,0.0001443
593,wiernde,<code>wiernde</code>,1,0.0001443
593,wife,<code>wife</code>,1,0.0001443
593,wifmon,<code>wifmon</code>,1,0.0001443
593,wifum,<code>wifum</code>,1,0.0001443
593,willen,<code>willen</code>,1,0.0001443
593,willum,<code>willum</code>,1,0.0001443
593,wilnedon,<code>wilnedon</code>,1,0.0001443
593,wilniende,<code>wilniende</code>,1,0.0001443
593,wisan,<code>wisan</code>,1,0.0001443
593,witan,<code>witan</code>,1,0.0001443
593,witgan,<code>witgan</code>,1,0.0001443
593,wolden,<code>wolden</code>,1,0.0001443
593,won,<code>won</code>,1,0.0001443
593,wonn,<code>wonn</code>,1,0.0001443
593,worold&thorn;inga,<code>worold&amp;t;inga</code>,1,0.0001443
593,woroldlica,<code>woroldlica</code>,1,0.0001443
593,woroldlice,<code>woroldlice</code>,1,0.0001443
593,woruldier&thorn;um,<code>woruldier&amp;t;um</code>,1,0.0001443
593,wr&aelig;csi&thorn;e,<code>wr&amp;ae;csi&amp;t;e</code>,1,0.0001443
593,wra&eth;,<code>wra&amp;d;</code>,1,0.0001443
593,wrence,<code>wrence</code>,1,0.0001443
593,wroht,<code>wroht</code>,1,0.0001443
593,wucena,<code>wucena</code>,1,0.0001443
593,wundra,<code>wundra</code>,1,0.0001443
593,wyr&thorn;e,<code>wyr&amp;t;e</code>,1,0.0001443
593,wyr&thorn;igre,<code>wyr&amp;t;igre</code>,1,0.0001443
593,wyrcan,<code>wyrcan</code>,1,0.0001443
593,wyscte,<code>wyscte</code>,1,0.0001443
593,xc,<code>xc</code>,1,0.0001443
593,xcvii,<code>xcvii</code>,1,0.0001443
593,xcviii,<code>xcviii</code>,1,0.0001443
593,xersan,<code>xersan</code>,1,0.0001443
593,xiii,<code>xiii</code>,1,0.0001443
593,xix,<code>xix</code>,1,0.0001443
593,xli,<code>xli</code>,1,0.0001443
593,xliii,<code>xliii</code>,1,0.0001443
593,xlix,<code>xlix</code>,1,0.0001443
593,xlvi,<code>xlvi</code>,1,0.0001443
593,xvi,<code>xvi</code>,1,0.0001443
593,xxi,<code>xxi</code>,1,0.0001443
593,xxiii,<code>xxiii</code>,1,0.0001443
593,xxix,<code>xxix</code>,1,0.0001443
593,xxvii,<code>xxvii</code>,1,0.0001443
593,xxviiii,<code>xxviiii</code>,1,0.0001443
593,xxxi,<code>xxxi</code>,1,0.0001443
593,xxxii,<code>xxxii</code>,1,0.0001443
593,xxxix,<code>xxxix</code>,1,0.0001443
593,xxxv,<code>xxxv</code>,1,0.0001443
593,xxxviii,<code>xxxviii</code>,1,0.0001443
593,yfelade,<code>yfelade</code>,1,0.0001443
593,yfele,<code>yfele</code>,1,0.0001443
593,ymbfaren,<code>ymbfaren</code>,1,0.0001443
593,ymbutan,<code>ymbutan</code>,1,0.0001443
