A_Poetry,A04,A04.002_Jud_T01380.txt,1100,838,2027
RANK,HTML WORD,RAW WORD,COUNT,RELATIVE FREQUENCY
113,&aelig;&eth;ele,<code>&amp;ae;&amp;d;ele</code>,2,0.0009867
78,&aelig;dre,<code>&amp;ae;dre</code>,3,0.0014800
263,&aelig;f&eth;oncan,<code>&amp;ae;f&amp;d;oncan</code>,1,0.0004933
263,&aelig;fre,<code>&amp;ae;fre</code>,1,0.0004933
78,&aelig;fter,<code>&amp;ae;fter</code>,3,0.0014800
263,&aelig;ghwylcne,<code>&amp;ae;ghwylcne</code>,1,0.0004933
263,&aelig;ghwylcum,<code>&amp;ae;ghwylcum</code>,1,0.0004933
263,&aelig;lfscinu,<code>&amp;ae;lfscinu</code>,1,0.0004933
263,&aelig;lmihtig,<code>&amp;ae;lmihtig</code>,1,0.0004933
113,&aelig;lmihtigan,<code>&amp;ae;lmihtigan</code>,2,0.0009867
263,&aelig;nig,<code>&amp;ae;nig</code>,1,0.0004933
62,&aelig;r,<code>&amp;ae;r</code>,4,0.0019734
263,&aelig;r&eth;on,<code>&amp;ae;r&amp;d;on</code>,1,0.0004933
263,&aelig;rest,<code>&amp;ae;rest</code>,1,0.0004933
263,&aelig;scplegan,<code>&amp;ae;scplegan</code>,1,0.0004933
263,&aelig;scrofe,<code>&amp;ae;scrofe</code>,1,0.0004933
28,&aelig;t,<code>&amp;ae;t</code>,8,0.0039467
263,&aelig;tes,<code>&amp;ae;tes</code>,1,0.0004933
263,&aelig;tsomne,<code>&amp;ae;tsomne</code>,1,0.0004933
263,&aelig;tywan,<code>&amp;ae;tywan</code>,1,0.0004933
62,&eth;&aelig;r,<code>&amp;d;&amp;ae;r</code>,4,0.0019734
62,&eth;&aelig;re,<code>&amp;d;&amp;ae;re</code>,4,0.0019734
28,&eth;&aelig;s,<code>&amp;d;&amp;ae;s</code>,8,0.0039467
113,&eth;&aelig;t,<code>&amp;d;&amp;ae;t</code>,2,0.0009867
3,&eth;a,<code>&amp;d;a</code>,44,0.0217070
6,&eth;am,<code>&amp;d;am</code>,27,0.0133202
263,&eth;ar,<code>&amp;d;ar</code>,1,0.0004933
33,&eth;e,<code>&amp;d;e</code>,7,0.0034534
263,&eth;eah,<code>&amp;d;eah</code>,1,0.0004933
263,&eth;earf,<code>&amp;d;earf</code>,1,0.0004933
263,&eth;eawum,<code>&amp;d;eawum</code>,1,0.0004933
263,&eth;egnas,<code>&amp;d;egnas</code>,1,0.0004933
263,&eth;eoden,<code>&amp;d;eoden</code>,1,0.0004933
263,&eth;eodguman,<code>&amp;d;eodguman</code>,1,0.0004933
263,&eth;inenne,<code>&amp;d;inenne</code>,1,0.0004933
263,&eth;inges,<code>&amp;d;inges</code>,1,0.0004933
263,&eth;onan,<code>&amp;d;onan</code>,1,0.0004933
78,&eth;one,<code>&amp;d;one</code>,3,0.0014800
263,&eth;reate,<code>&amp;d;reate</code>,1,0.0004933
263,&eth;reatum,<code>&amp;d;reatum</code>,1,0.0004933
263,&eth;rym,<code>&amp;d;rym</code>,1,0.0004933
263,&eth;rymmum,<code>&amp;d;rymmum</code>,1,0.0004933
263,&eth;rynesse,<code>&amp;d;rynesse</code>,1,0.0004933
263,&eth;urh,<code>&amp;d;urh</code>,1,0.0004933
263,&eth;ys,<code>&amp;d;ys</code>,1,0.0004933
263,&eth;ysse,<code>&amp;d;ysse</code>,1,0.0004933
35,&thorn;&aelig;r,<code>&amp;t;&amp;ae;r</code>,6,0.0029600
78,&thorn;&aelig;re,<code>&amp;t;&amp;ae;re</code>,3,0.0014800
12,&thorn;&aelig;s,<code>&amp;t;&amp;ae;s</code>,14,0.0069068
4,&thorn;&aelig;t,<code>&amp;t;&amp;ae;t</code>,37,0.0182536
7,&thorn;a,<code>&amp;t;a</code>,22,0.0108535
44,&thorn;am,<code>&amp;t;am</code>,5,0.0024667
263,&thorn;ancolmode,<code>&amp;t;ancolmode</code>,1,0.0004933
263,&thorn;anonne,<code>&amp;t;anonne</code>,1,0.0004933
113,&thorn;ara,<code>&amp;t;ara</code>,2,0.0009867
11,&thorn;e,<code>&amp;t;e</code>,17,0.0083868
263,&thorn;eah,<code>&amp;t;eah</code>,1,0.0004933
113,&thorn;earfe,<code>&amp;t;earfe</code>,2,0.0009867
263,&thorn;earfendre,<code>&amp;t;earfendre</code>,1,0.0004933
44,&thorn;earle,<code>&amp;t;earle</code>,5,0.0024667
113,&thorn;earlmod,<code>&amp;t;earlmod</code>,2,0.0009867
263,&thorn;egnas,<code>&amp;t;egnas</code>,1,0.0004933
263,&thorn;egon,<code>&amp;t;egon</code>,1,0.0004933
263,&thorn;enden,<code>&amp;t;enden</code>,1,0.0004933
263,&thorn;eoden,<code>&amp;t;eoden</code>,1,0.0004933
263,&thorn;eodguman,<code>&amp;t;eodguman</code>,1,0.0004933
113,&thorn;eodne,<code>&amp;t;eodne</code>,2,0.0009867
113,&thorn;eodnes,<code>&amp;t;eodnes</code>,2,0.0009867
263,&thorn;eowen,<code>&amp;t;eowen</code>,1,0.0004933
263,&thorn;ing,<code>&amp;t;ing</code>,1,0.0004933
113,&thorn;inre,<code>&amp;t;inre</code>,2,0.0009867
263,&thorn;ohte,<code>&amp;t;ohte</code>,1,0.0004933
263,&thorn;ohton,<code>&amp;t;ohton</code>,1,0.0004933
263,&thorn;oledon,<code>&amp;t;oledon</code>,1,0.0004933
263,&thorn;oligende,<code>&amp;t;oligende</code>,1,0.0004933
263,&thorn;on,<code>&amp;t;on</code>,1,0.0004933
263,&thorn;oncwyr&eth;e,<code>&amp;t;oncwyr&amp;d;e</code>,1,0.0004933
35,&thorn;one,<code>&amp;t;one</code>,6,0.0029600
263,&thorn;onne,<code>&amp;t;onne</code>,1,0.0004933
263,&thorn;rage,<code>&amp;t;rage</code>,1,0.0004933
263,&thorn;ringan,<code>&amp;t;ringan</code>,1,0.0004933
263,&thorn;rungon,<code>&amp;t;rungon</code>,1,0.0004933
263,&thorn;rymful,<code>&amp;t;rymful</code>,1,0.0004933
263,&thorn;rymlic,<code>&amp;t;rymlic</code>,1,0.0004933
263,&thorn;rymme,<code>&amp;t;rymme</code>,1,0.0004933
263,&thorn;rymmes,<code>&amp;t;rymmes</code>,1,0.0004933
35,&thorn;urh,<code>&amp;t;urh</code>,6,0.0029600
263,&thorn;us,<code>&amp;t;us</code>,1,0.0004933
263,&thorn;usendm&aelig;lum,<code>&amp;t;usendm&amp;ae;lum</code>,1,0.0004933
263,&thorn;y,<code>&amp;t;y</code>,1,0.0004933
263,&thorn;yder,<code>&amp;t;yder</code>,1,0.0004933
263,&thorn;yrfen,<code>&amp;t;yrfen</code>,1,0.0004933
263,&thorn;ys,<code>&amp;t;ys</code>,1,0.0004933
263,&thorn;ysne,<code>&amp;t;ysne</code>,1,0.0004933
263,&thorn;yssa,<code>&amp;t;yssa</code>,1,0.0004933
263,&thorn;ystre,<code>&amp;t;ystre</code>,1,0.0004933
263,&thorn;ystrum,<code>&amp;t;ystrum</code>,1,0.0004933
263,a,<code>a</code>,1,0.0004933
263,abr&aelig;d,<code>abr&amp;ae;d</code>,1,0.0004933
62,ac,<code>ac</code>,4,0.0019734
78,acw&aelig;&eth;,<code>acw&amp;ae;&amp;d;</code>,3,0.0014800
263,afor,<code>afor</code>,1,0.0004933
263,ageaf,<code>ageaf</code>,1,0.0004933
263,ageafon,<code>ageafon</code>,1,0.0004933
263,agon,<code>agon</code>,1,0.0004933
263,agotene,<code>agotene</code>,1,0.0004933
263,ahongen,<code>ahongen</code>,1,0.0004933
62,ahte,<code>ahte</code>,4,0.0019734
263,aldor,<code>aldor</code>,1,0.0004933
113,aldre,<code>aldre</code>,2,0.0009867
263,alede,<code>alede</code>,1,0.0004933
263,alwaldan,<code>alwaldan</code>,1,0.0004933
263,anbyhtscealcas,<code>anbyhtscealcas</code>,1,0.0004933
263,anes,<code>anes</code>,1,0.0004933
263,aninga,<code>aninga</code>,1,0.0004933
263,anra,<code>anra</code>,1,0.0004933
263,anre,<code>anre</code>,1,0.0004933
263,areted,<code>areted</code>,1,0.0004933
263,arf&aelig;st,<code>arf&amp;ae;st</code>,1,0.0004933
263,arod,<code>arod</code>,1,0.0004933
263,ascegan,<code>ascegan</code>,1,0.0004933
113,assiria,<code>assiria</code>,2,0.0009867
263,assyria,<code>assyria</code>,1,0.0004933
263,assyrium,<code>assyrium</code>,1,0.0004933
263,aswefede,<code>aswefede</code>,1,0.0004933
263,atolan,<code>atolan</code>,1,0.0004933
263,atolne,<code>atolne</code>,1,0.0004933
263,awa,<code>awa</code>,1,0.0004933
113,aweccan,<code>aweccan</code>,2,0.0009867
263,b&aelig;lc,<code>b&amp;ae;lc</code>,1,0.0004933
263,b&aelig;ron,<code>b&amp;ae;ron</code>,1,0.0004933
263,ba,<code>ba</code>,1,0.0004933
78,baldor,<code>baldor</code>,3,0.0014800
113,be,<code>be</code>,2,0.0009867
263,be&aelig;ftan,<code>be&amp;ae;ftan</code>,1,0.0004933
263,be&eth;eahte,<code>be&amp;d;eahte</code>,1,0.0004933
263,beadorinca,<code>beadorinca</code>,1,0.0004933
263,beadowe,<code>beadowe</code>,1,0.0004933
263,beaduwe,<code>beaduwe</code>,1,0.0004933
263,beaga,<code>beaga</code>,1,0.0004933
263,beagum,<code>beagum</code>,1,0.0004933
263,beahhrodene,<code>beahhrodene</code>,1,0.0004933
263,bealde,<code>bealde</code>,1,0.0004933
263,bealofull,<code>bealofull</code>,1,0.0004933
263,bealofulla,<code>bealofulla</code>,1,0.0004933
113,bealofullan,<code>bealofullan</code>,2,0.0009867
263,bearhtme,<code>bearhtme</code>,1,0.0004933
113,bearn,<code>bearn</code>,2,0.0009867
263,bearna,<code>bearna</code>,1,0.0004933
263,bearnum,<code>bearnum</code>,1,0.0004933
113,bebead,<code>bebead</code>,2,0.0009867
263,becom,<code>becom</code>,1,0.0004933
263,becomon,<code>becomon</code>,1,0.0004933
263,bed,<code>bed</code>,1,0.0004933
113,bedde,<code>bedde</code>,2,0.0009867
263,beddes,<code>beddes</code>,1,0.0004933
263,bedreste,<code>bedreste</code>,1,0.0004933
263,begea,<code>begea</code>,1,0.0004933
263,begen,<code>begen</code>,1,0.0004933
263,beh&eth;e,<code>beh&amp;d;e</code>,1,0.0004933
263,beheafdod,<code>beheafdod</code>,1,0.0004933
263,belidenne,<code>belidenne</code>,1,0.0004933
263,ben&aelig;man,<code>ben&amp;ae;man</code>,1,0.0004933
263,bencsittende,<code>bencsittende</code>,1,0.0004933
263,bencum,<code>bencum</code>,1,0.0004933
78,beorhtan,<code>beorhtan</code>,3,0.0014800
263,beorhte,<code>beorhte</code>,1,0.0004933
263,beorhtra,<code>beorhtra</code>,1,0.0004933
263,beorna,<code>beorna</code>,1,0.0004933
113,beornas,<code>beornas</code>,2,0.0009867
263,bera&eth;,<code>bera&amp;d;</code>,1,0.0004933
263,berenne,<code>berenne</code>,1,0.0004933
263,besmitan,<code>besmitan</code>,1,0.0004933
113,bethuliam,<code>bethuliam</code>,2,0.0009867
263,bewunden,<code>bewunden</code>,1,0.0004933
113,biddan,<code>biddan</code>,2,0.0009867
263,binnan,<code>binnan</code>,1,0.0004933
113,bl&aelig;d,<code>bl&amp;ae;d</code>,2,0.0009867
263,blachleor,<code>blachleor</code>,1,0.0004933
263,blacne,<code>blacne</code>,1,0.0004933
78,bli&eth;e,<code>bli&amp;d;e</code>,3,0.0014800
263,blican,<code>blican</code>,1,0.0004933
113,blodig,<code>blodig</code>,2,0.0009867
263,bodedon,<code>bodedon</code>,1,0.0004933
263,bodian,<code>bodian</code>,1,0.0004933
263,bollan,<code>bollan</code>,1,0.0004933
113,bord,<code>bord</code>,2,0.0009867
263,bordum,<code>bordum</code>,1,0.0004933
263,boren,<code>boren</code>,1,0.0004933
263,bradswyrd,<code>bradswyrd</code>,1,0.0004933
113,brego,<code>brego</code>,2,0.0009867
263,brema,<code>brema</code>,1,0.0004933
263,breostum,<code>breostum</code>,1,0.0004933
263,brogan,<code>brogan</code>,1,0.0004933
263,brohton,<code>brohton</code>,1,0.0004933
263,brugdon,<code>brugdon</code>,1,0.0004933
263,brune,<code>brune</code>,1,0.0004933
113,brytta,<code>brytta</code>,2,0.0009867
263,bryttan,<code>bryttan</code>,1,0.0004933
263,bunan,<code>bunan</code>,1,0.0004933
263,burga,<code>burga</code>,1,0.0004933
263,burgeteld,<code>burgeteld</code>,1,0.0004933
263,burgetelde,<code>burgetelde</code>,1,0.0004933
263,burgeteldes,<code>burgeteldes</code>,1,0.0004933
263,burgleoda,<code>burgleoda</code>,1,0.0004933
263,burhleodum,<code>burhleodum</code>,1,0.0004933
263,burhsittende,<code>burhsittende</code>,1,0.0004933
263,butan,<code>butan</code>,1,0.0004933
62,byrig,<code>byrig</code>,4,0.0019734
113,byrnan,<code>byrnan</code>,2,0.0009867
263,byrnhomas,<code>byrnhomas</code>,1,0.0004933
263,byrnwigena,<code>byrnwigena</code>,1,0.0004933
263,byrnwiggende,<code>byrnwiggende</code>,1,0.0004933
263,bysmerlice,<code>bysmerlice</code>,1,0.0004933
263,campe,<code>campe</code>,1,0.0004933
263,cene,<code>cene</code>,1,0.0004933
263,cenra,<code>cenra</code>,1,0.0004933
263,cirdon,<code>cirdon</code>,1,0.0004933
263,cirman,<code>cirman</code>,1,0.0004933
263,cneoris,<code>cneoris</code>,1,0.0004933
263,cohhetan,<code>cohhetan</code>,1,0.0004933
263,collenferh&eth;e,<code>collenferh&amp;d;e</code>,1,0.0004933
263,com,<code>com</code>,1,0.0004933
263,comon,<code>comon</code>,1,0.0004933
263,compwige,<code>compwige</code>,1,0.0004933
263,cumblum,<code>cumblum</code>,1,0.0004933
113,cumbolwigan,<code>cumbolwigan</code>,2,0.0009867
113,cumen,<code>cumen</code>,2,0.0009867
78,cwicera,<code>cwicera</code>,3,0.0014800
263,cy&eth;&eth;e,<code>cy&amp;d;&amp;d;e</code>,1,0.0004933
113,cy&eth;an,<code>cy&amp;d;an</code>,2,0.0009867
113,cynerofe,<code>cynerofe</code>,2,0.0009867
263,cyning,<code>cyning</code>,1,0.0004933
263,cyninga,<code>cyninga</code>,1,0.0004933
263,cynna,<code>cynna</code>,1,0.0004933
263,cynne,<code>cynne</code>,1,0.0004933
113,cynnes,<code>cynnes</code>,2,0.0009867
263,d&aelig;g,<code>d&amp;ae;g</code>,1,0.0004933
263,d&aelig;geweorce,<code>d&amp;ae;geweorce</code>,1,0.0004933
263,d&aelig;gred,<code>d&amp;ae;gred</code>,1,0.0004933
113,d&aelig;l,<code>d&amp;ae;l</code>,2,0.0009867
263,de&eth;,<code>de&amp;d;</code>,1,0.0004933
113,dea&eth;e,<code>dea&amp;d;e</code>,2,0.0009867
263,dead,<code>dead</code>,1,0.0004933
113,dema,<code>dema</code>,2,0.0009867
263,deman,<code>deman</code>,1,0.0004933
263,deofulcunda,<code>deofulcunda</code>,1,0.0004933
263,dogore,<code>dogore</code>,1,0.0004933
263,dolhwund,<code>dolhwund</code>,1,0.0004933
113,dom,<code>dom</code>,2,0.0009867
263,dome,<code>dome</code>,1,0.0004933
263,domlice,<code>domlice</code>,1,0.0004933
263,dorste,<code>dorste</code>,1,0.0004933
263,dreamas,<code>dreamas</code>,1,0.0004933
263,drencte,<code>drencte</code>,1,0.0004933
263,drihtne,<code>drihtne</code>,1,0.0004933
263,drugon,<code>drugon</code>,1,0.0004933
113,druncen,<code>druncen</code>,2,0.0009867
44,dryhten,<code>dryhten</code>,5,0.0024667
263,dryhtguman,<code>dryhtguman</code>,1,0.0004933
263,dryhtne,<code>dryhtne</code>,1,0.0004933
263,duge&eth;a,<code>duge&amp;d;a</code>,1,0.0004933
263,dugu&eth;e,<code>dugu&amp;d;e</code>,1,0.0004933
263,dune,<code>dune</code>,1,0.0004933
263,dynedan,<code>dynedan</code>,1,0.0004933
263,dynede,<code>dynede</code>,1,0.0004933
263,dyre,<code>dyre</code>,1,0.0004933
263,e&eth;elweardas,<code>e&amp;d;elweardas</code>,1,0.0004933
263,e&eth;le,<code>e&amp;d;le</code>,1,0.0004933
263,ea&eth;medum,<code>ea&amp;d;medum</code>,1,0.0004933
113,ea&eth;ost,<code>ea&amp;d;ost</code>,2,0.0009867
44,eac,<code>eac</code>,5,0.0024667
263,eades,<code>eades</code>,1,0.0004933
263,eadhre&eth;ige,<code>eadhre&amp;d;ige</code>,1,0.0004933
263,eadigan,<code>eadigan</code>,1,0.0004933
113,eal,<code>eal</code>,2,0.0009867
113,ealde,<code>ealde</code>,2,0.0009867
263,ealdfeondum,<code>ealdfeondum</code>,1,0.0004933
263,ealdgeni&eth;lan,<code>ealdgeni&amp;d;lan</code>,1,0.0004933
263,ealdhettende,<code>ealdhettende</code>,1,0.0004933
44,ealdor,<code>ealdor</code>,5,0.0024667
263,ealdor&thorn;egnum,<code>ealdor&amp;t;egnum</code>,1,0.0004933
263,ealdordugu&eth;e,<code>ealdordugu&amp;d;e</code>,1,0.0004933
263,ealdre,<code>ealdre</code>,1,0.0004933
263,eall,<code>eall</code>,1,0.0004933
35,ealle,<code>ealle</code>,6,0.0029600
113,ealles,<code>ealles</code>,2,0.0009867
263,eallgylden,<code>eallgylden</code>,1,0.0004933
78,eallum,<code>eallum</code>,3,0.0014800
263,ealne,<code>ealne</code>,1,0.0004933
263,ealra,<code>ealra</code>,1,0.0004933
263,earn,<code>earn</code>,1,0.0004933
263,eastan,<code>eastan</code>,1,0.0004933
78,ebrea,<code>ebrea</code>,3,0.0014800
263,ebreas,<code>ebreas</code>,1,0.0004933
113,ebrisce,<code>ebrisce</code>,2,0.0009867
263,ecgplegan,<code>ecgplegan</code>,1,0.0004933
263,ecgum,<code>ecgum</code>,1,0.0004933
263,edwit,<code>edwit</code>,1,0.0004933
113,eft,<code>eft</code>,2,0.0009867
263,egesa,<code>egesa</code>,1,0.0004933
263,egesful,<code>egesful</code>,1,0.0004933
263,egesfull,<code>egesfull</code>,1,0.0004933
263,eglan,<code>eglan</code>,1,0.0004933
263,ehton,<code>ehton</code>,1,0.0004933
263,el&eth;eoda,<code>el&amp;d;eoda</code>,1,0.0004933
263,el&eth;eodigra,<code>el&amp;d;eodigra</code>,1,0.0004933
263,ellen&thorn;riste,<code>ellen&amp;t;riste</code>,1,0.0004933
263,ellend&aelig;da,<code>ellend&amp;ae;da</code>,1,0.0004933
113,ellenrof,<code>ellenrof</code>,2,0.0009867
263,ellor,<code>ellor</code>,1,0.0004933
263,elne,<code>elne</code>,1,0.0004933
62,ende,<code>ende</code>,4,0.0019734
62,eodon,<code>eodon</code>,4,0.0019734
263,eor&eth;an,<code>eor&amp;d;an</code>,1,0.0004933
113,eorla,<code>eorla</code>,2,0.0009867
113,eorlas,<code>eorlas</code>,2,0.0009867
113,eornoste,<code>eornoste</code>,2,0.0009867
44,eow,<code>eow</code>,5,0.0024667
263,eowdon,<code>eowdon</code>,1,0.0004933
263,eowere,<code>eowere</code>,1,0.0004933
263,f&aelig;der,<code>f&amp;ae;der</code>,1,0.0004933
113,f&aelig;ge,<code>f&amp;ae;ge</code>,2,0.0009867
263,f&aelig;ger,<code>f&amp;ae;ger</code>,1,0.0004933
263,f&aelig;gre,<code>f&amp;ae;gre</code>,1,0.0004933
263,f&aelig;gum,<code>f&amp;ae;gum</code>,1,0.0004933
263,f&aelig;rspel,<code>f&amp;ae;rspel</code>,1,0.0004933
263,f&aelig;ste,<code>f&amp;ae;ste</code>,1,0.0004933
263,f&aelig;stengeates,<code>f&amp;ae;stengeates</code>,1,0.0004933
263,f&aelig;stenne,<code>f&amp;ae;stenne</code>,1,0.0004933
263,f&aelig;telse,<code>f&amp;ae;telse</code>,1,0.0004933
62,fagum,<code>fagum</code>,4,0.0019734
263,fe&eth;elaste,<code>fe&amp;d;elaste</code>,1,0.0004933
263,feaht,<code>feaht</code>,1,0.0004933
263,feax,<code>feax</code>,1,0.0004933
263,feaxe,<code>feaxe</code>,1,0.0004933
263,feng,<code>feng</code>,1,0.0004933
263,feondscea&eth;an,<code>feondscea&amp;d;an</code>,1,0.0004933
263,feor&eth;an,<code>feor&amp;d;an</code>,1,0.0004933
263,feorran,<code>feorran</code>,1,0.0004933
263,feran,<code>feran</code>,1,0.0004933
263,ferh&eth;gleawe,<code>ferh&amp;d;gleawe</code>,1,0.0004933
263,fetigan,<code>fetigan</code>,1,0.0004933
113,fira,<code>fira</code>,2,0.0009867
263,flana,<code>flana</code>,1,0.0004933
263,fleah,<code>fleah</code>,1,0.0004933
263,fleam,<code>fleam</code>,1,0.0004933
263,fleogan,<code>fleogan</code>,1,0.0004933
263,fleohnet,<code>fleohnet</code>,1,0.0004933
113,fletsittendum,<code>fletsittendum</code>,2,0.0009867
263,flore,<code>flore</code>,1,0.0004933
263,flugon,<code>flugon</code>,1,0.0004933
78,folc,<code>folc</code>,3,0.0014800
113,folce,<code>folce</code>,2,0.0009867
263,folces,<code>folces</code>,1,0.0004933
263,folcstede,<code>folcstede</code>,1,0.0004933
113,folctogan,<code>folctogan</code>,2,0.0009867
263,foldan,<code>foldan</code>,1,0.0004933
263,folme,<code>folme</code>,1,0.0004933
263,folmum,<code>folmum</code>,1,0.0004933
113,for,<code>for</code>,2,0.0009867
35,for&eth;,<code>for&amp;d;</code>,6,0.0029600
263,for&eth;ylmed,<code>for&amp;d;ylmed</code>,1,0.0004933
263,forbiged,<code>forbiged</code>,1,0.0004933
263,forcearf,<code>forcearf</code>,1,0.0004933
263,fordraf,<code>fordraf</code>,1,0.0004933
263,foregenga,<code>foregenga</code>,1,0.0004933
263,forem&aelig;rne,<code>forem&amp;ae;rne</code>,1,0.0004933
263,forgif,<code>forgif</code>,1,0.0004933
263,forgolden,<code>forgolden</code>,1,0.0004933
263,forhtlice,<code>forhtlice</code>,1,0.0004933
263,forl&aelig;ton,<code>forl&amp;ae;ton</code>,1,0.0004933
263,forleosan,<code>forleosan</code>,1,0.0004933
263,forleton,<code>forleton</code>,1,0.0004933
263,foron,<code>foron</code>,1,0.0004933
263,forweor&eth;an,<code>forweor&amp;d;an</code>,1,0.0004933
263,forwyrd,<code>forwyrd</code>,1,0.0004933
263,frea,<code>frea</code>,1,0.0004933
263,fremedon,<code>fremedon</code>,1,0.0004933
263,freorig,<code>freorig</code>,1,0.0004933
113,frofre,<code>frofre</code>,2,0.0009867
78,fromlice,<code>fromlice</code>,3,0.0014800
263,frumgaras,<code>frumgaras</code>,1,0.0004933
78,frym&eth;a,<code>frym&amp;d;a</code>,3,0.0014800
263,fugel,<code>fugel</code>,1,0.0004933
263,fuglum,<code>fuglum</code>,1,0.0004933
263,fuhton,<code>fuhton</code>,1,0.0004933
263,fula,<code>fula</code>,1,0.0004933
263,fulle,<code>fulle</code>,1,0.0004933
113,fultum,<code>fultum</code>,2,0.0009867
113,funde,<code>funde</code>,2,0.0009867
263,fundon,<code>fundon</code>,1,0.0004933
263,fylgan,<code>fylgan</code>,1,0.0004933
263,fyllan,<code>fyllan</code>,1,0.0004933
263,fylle,<code>fylle</code>,1,0.0004933
113,fynd,<code>fynd</code>,2,0.0009867
263,fyrdwicum,<code>fyrdwicum</code>,1,0.0004933
263,fyrngeflitu,<code>fyrngeflitu</code>,1,0.0004933
263,fyrst,<code>fyrst</code>,1,0.0004933
263,fysan,<code>fysan</code>,1,0.0004933
113,g&aelig;st,<code>g&amp;ae;st</code>,2,0.0009867
263,g&aelig;stes,<code>g&amp;ae;stes</code>,1,0.0004933
263,galferh&eth;,<code>galferh&amp;d;</code>,1,0.0004933
263,galmoda,<code>galmoda</code>,1,0.0004933
263,gan,<code>gan</code>,1,0.0004933
263,garas,<code>garas</code>,1,0.0004933
263,gargewinnes,<code>gargewinnes</code>,1,0.0004933
35,ge,<code>ge</code>,6,0.0029600
263,ge&eth;afian,<code>ge&amp;d;afian</code>,1,0.0004933
263,ge&eth;once,<code>ge&amp;d;once</code>,1,0.0004933
263,ge&eth;rungen,<code>ge&amp;d;rungen</code>,1,0.0004933
263,ge&eth;ungen,<code>ge&amp;d;ungen</code>,1,0.0004933
263,geaf,<code>geaf</code>,1,0.0004933
263,gearo&thorn;oncolre,<code>gearo&amp;t;oncolre</code>,1,0.0004933
263,gearwe,<code>gearwe</code>,1,0.0004933
263,geat,<code>geat</code>,1,0.0004933
263,geb&aelig;rdon,<code>geb&amp;ae;rdon</code>,1,0.0004933
263,gebidenne,<code>gebidenne</code>,1,0.0004933
263,geblonden,<code>geblonden</code>,1,0.0004933
263,gebroht,<code>gebroht</code>,1,0.0004933
263,gebrohte,<code>gebrohte</code>,1,0.0004933
263,gebrohton,<code>gebrohton</code>,1,0.0004933
263,gebunden,<code>gebunden</code>,1,0.0004933
263,gebylde,<code>gebylde</code>,1,0.0004933
263,gecoste,<code>gecoste</code>,1,0.0004933
263,gecunnian,<code>gecunnian</code>,1,0.0004933
263,gecy&eth;ed,<code>gecy&amp;d;ed</code>,1,0.0004933
263,gedemed,<code>gedemed</code>,1,0.0004933
263,gedrefed,<code>gedrefed</code>,1,0.0004933
263,gedyrsod,<code>gedyrsod</code>,1,0.0004933
263,geeodon,<code>geeodon</code>,1,0.0004933
263,gefeah,<code>gefeah</code>,1,0.0004933
113,gefeohte,<code>gefeohte</code>,2,0.0009867
263,gefeol,<code>gefeol</code>,1,0.0004933
113,gefeoll,<code>gefeoll</code>,2,0.0009867
263,gefohten,<code>gefohten</code>,1,0.0004933
263,gefr&aelig;gen,<code>gefr&amp;ae;gen</code>,1,0.0004933
263,gefr&aelig;gn,<code>gefr&amp;ae;gn</code>,1,0.0004933
113,gefr&aelig;tewod,<code>gefr&amp;ae;tewod</code>,2,0.0009867
113,gefremede,<code>gefremede</code>,2,0.0009867
263,gefri&eth;ode,<code>gefri&amp;d;ode</code>,1,0.0004933
113,gegan,<code>gegan</code>,2,0.0009867
263,gegangan,<code>gegangan</code>,1,0.0004933
263,gegearewod,<code>gegearewod</code>,1,0.0004933
263,gegnum,<code>gegnum</code>,1,0.0004933
263,gegremede,<code>gegremede</code>,1,0.0004933
263,geh&aelig;fted,<code>geh&amp;ae;fted</code>,1,0.0004933
263,geheawan,<code>geheawan</code>,1,0.0004933
113,geheawen,<code>geheawen</code>,2,0.0009867
263,gehl&aelig;ste,<code>gehl&amp;ae;ste</code>,1,0.0004933
263,gehrodene,<code>gehrodene</code>,1,0.0004933
263,gehw&aelig;ne,<code>gehw&amp;ae;ne</code>,1,0.0004933
263,gehwylces,<code>gehwylces</code>,1,0.0004933
263,gehwylcne,<code>gehwylcne</code>,1,0.0004933
263,gehyran,<code>gehyran</code>,1,0.0004933
263,gehyrdon,<code>gehyrdon</code>,1,0.0004933
62,geleafan,<code>geleafan</code>,4,0.0019734
263,gelome,<code>gelome</code>,1,0.0004933
263,gelyste,<code>gelyste</code>,1,0.0004933
263,gemang,<code>gemang</code>,1,0.0004933
113,gemong,<code>gemong</code>,2,0.0009867
263,gemyndig,<code>gemyndig</code>,1,0.0004933
113,genam,<code>genam</code>,2,0.0009867
263,geneahhe,<code>geneahhe</code>,1,0.0004933
263,geniwod,<code>geniwod</code>,1,0.0004933
263,geny&eth;erad,<code>geny&amp;d;erad</code>,1,0.0004933
263,geomor,<code>geomor</code>,1,0.0004933
263,geomormodum,<code>geomormodum</code>,1,0.0004933
263,geond,<code>geond</code>,1,0.0004933
263,geonge,<code>geonge</code>,1,0.0004933
263,georn,<code>georn</code>,1,0.0004933
263,georne,<code>georne</code>,1,0.0004933
263,gerenode,<code>gerenode</code>,1,0.0004933
263,gerihte,<code>gerihte</code>,1,0.0004933
263,ges&aelig;ged,<code>ges&amp;ae;ged</code>,1,0.0004933
263,ges&aelig;led,<code>ges&amp;ae;led</code>,1,0.0004933
263,gesceop,<code>gesceop</code>,1,0.0004933
263,geseon,<code>geseon</code>,1,0.0004933
263,gesi&eth;as,<code>gesi&amp;d;as</code>,1,0.0004933
263,geslegene,<code>geslegene</code>,1,0.0004933
113,gesne,<code>gesne</code>,2,0.0009867
263,gesohte,<code>gesohte</code>,1,0.0004933
263,gespeow,<code>gespeow</code>,1,0.0004933
263,gestyrde,<code>gestyrde</code>,1,0.0004933
263,geswi&eth;rod,<code>geswi&amp;d;rod</code>,1,0.0004933
263,geswutelod,<code>geswutelod</code>,1,0.0004933
263,gesynta,<code>gesynta</code>,1,0.0004933
113,getacnod,<code>getacnod</code>,2,0.0009867
263,geunne,<code>geunne</code>,1,0.0004933
113,gewat,<code>gewat</code>,2,0.0009867
263,gewealdan,<code>gewealdan</code>,1,0.0004933
263,geweor&eth;od,<code>geweor&amp;d;od</code>,1,0.0004933
263,gewitan,<code>gewitan</code>,1,0.0004933
263,gewitlocan,<code>gewitlocan</code>,1,0.0004933
263,geworden,<code>geworden</code>,1,0.0004933
263,gewrec,<code>gewrec</code>,1,0.0004933
263,gife&eth;e,<code>gife&amp;d;e</code>,1,0.0004933
263,gifena,<code>gifena</code>,1,0.0004933
263,gingran,<code>gingran</code>,1,0.0004933
113,ginnan,<code>ginnan</code>,2,0.0009867
263,girwan,<code>girwan</code>,1,0.0004933
263,gl&aelig;dmode,<code>gl&amp;ae;dmode</code>,1,0.0004933
263,gleaw,<code>gleaw</code>,1,0.0004933
113,gleawe,<code>gleawe</code>,2,0.0009867
263,gleawhydig,<code>gleawhydig</code>,1,0.0004933
44,god,<code>god</code>,5,0.0024667
263,goda,<code>goda</code>,1,0.0004933
263,gode,<code>gode</code>,1,0.0004933
263,godes,<code>godes</code>,1,0.0004933
78,golde,<code>golde</code>,3,0.0014800
263,goldgifan,<code>goldgifan</code>,1,0.0004933
263,goldwine,<code>goldwine</code>,1,0.0004933
113,grame,<code>grame</code>,2,0.0009867
263,greot,<code>greot</code>,1,0.0004933
263,gristbitian,<code>gristbitian</code>,1,0.0004933
263,grundas,<code>grundas</code>,1,0.0004933
263,grunde,<code>grunde</code>,1,0.0004933
113,gu&eth;e,<code>gu&amp;d;e</code>,2,0.0009867
263,gu&eth;fanum,<code>gu&amp;d;fanum</code>,1,0.0004933
263,gu&eth;frecan,<code>gu&amp;d;frecan</code>,1,0.0004933
263,gu&eth;sceorp,<code>gu&amp;d;sceorp</code>,1,0.0004933
263,guldon,<code>guldon</code>,1,0.0004933
263,guman,<code>guman</code>,1,0.0004933
22,gumena,<code>gumena</code>,9,0.0044401
263,gylede,<code>gylede</code>,1,0.0004933
263,gyrnde,<code>gyrnde</code>,1,0.0004933
263,gysterne,<code>gysterne</code>,1,0.0004933
113,gyt,<code>gyt</code>,2,0.0009867
263,gytesalum,<code>gytesalum</code>,1,0.0004933
113,h&aelig;&eth;enan,<code>h&amp;ae;&amp;d;enan</code>,2,0.0009867
263,h&aelig;&eth;enes,<code>h&amp;ae;&amp;d;enes</code>,1,0.0004933
263,h&aelig;&eth;enra,<code>h&amp;ae;&amp;d;enra</code>,1,0.0004933
78,h&aelig;fde,<code>h&amp;ae;fde</code>,3,0.0014800
78,h&aelig;fdon,<code>h&amp;ae;fdon</code>,3,0.0014800
263,h&aelig;fte,<code>h&amp;ae;fte</code>,1,0.0004933
35,h&aelig;le&eth;,<code>h&amp;ae;le&amp;d;</code>,6,0.0029600
263,h&aelig;le&eth;a,<code>h&amp;ae;le&amp;d;a</code>,1,0.0004933
263,hafa&eth;,<code>hafa&amp;d;</code>,1,0.0004933
263,halgan,<code>halgan</code>,1,0.0004933
263,haligan,<code>haligan</code>,1,0.0004933
113,halige,<code>halige</code>,2,0.0009867
263,haligre,<code>haligre</code>,1,0.0004933
113,ham,<code>ham</code>,2,0.0009867
263,hand,<code>hand</code>,1,0.0004933
263,hare,<code>hare</code>,1,0.0004933
263,hate,<code>hate</code>,1,0.0004933
14,he,<code>he</code>,13,0.0064134
263,hea&eth;orincas,<code>hea&amp;d;orincas</code>,1,0.0004933
263,hea&eth;orinces,<code>hea&amp;d;orinces</code>,1,0.0004933
62,heafod,<code>heafod</code>,4,0.0019734
263,heafodgerimes,<code>heafodgerimes</code>,1,0.0004933
263,heafodweardas,<code>heafodweardas</code>,1,0.0004933
263,healdend,<code>healdend</code>,1,0.0004933
263,healfne,<code>healfne</code>,1,0.0004933
263,hean,<code>hean</code>,1,0.0004933
113,heanne,<code>heanne</code>,2,0.0009867
263,heapum,<code>heapum</code>,1,0.0004933
113,hearde,<code>hearde</code>,2,0.0009867
263,heardne,<code>heardne</code>,1,0.0004933
263,heardra,<code>heardra</code>,1,0.0004933
263,heardum,<code>heardum</code>,1,0.0004933
263,hearran,<code>hearran</code>,1,0.0004933
263,hehsta,<code>hehsta</code>,1,0.0004933
113,hehstan,<code>hehstan</code>,2,0.0009867
263,hellebryne,<code>hellebryne</code>,1,0.0004933
263,helm,<code>helm</code>,1,0.0004933
78,helmas,<code>helmas</code>,3,0.0014800
263,helmum,<code>helmum</code>,1,0.0004933
263,helpe,<code>helpe</code>,1,0.0004933
22,heo,<code>heo</code>,9,0.0044401
263,heofonum,<code>heofonum</code>,1,0.0004933
263,heoldon,<code>heoldon</code>,1,0.0004933
113,heolfrig,<code>heolfrig</code>,2,0.0009867
263,heolstran,<code>heolstran</code>,1,0.0004933
113,heora,<code>heora</code>,2,0.0009867
263,heorte,<code>heorte</code>,1,0.0004933
263,heoruw&aelig;pnum,<code>heoruw&amp;ae;pnum</code>,1,0.0004933
263,heowon,<code>heowon</code>,1,0.0004933
78,her,<code>her</code>,3,0.0014800
263,herbuendra,<code>herbuendra</code>,1,0.0004933
263,here,<code>here</code>,1,0.0004933
113,herefolces,<code>herefolces</code>,2,0.0009867
263,herereaf,<code>herereaf</code>,1,0.0004933
113,herew&aelig;&eth;an,<code>herew&amp;ae;&amp;d;an</code>,2,0.0009867
263,herige,<code>herige</code>,1,0.0004933
263,heriges,<code>heriges</code>,1,0.0004933
263,herpa&eth;,<code>herpa&amp;d;</code>,1,0.0004933
44,het,<code>het</code>,5,0.0024667
263,hete,<code>hete</code>,1,0.0004933
263,hete&thorn;oncolne,<code>hete&amp;t;oncolne</code>,1,0.0004933
22,hi,<code>hi</code>,9,0.0044401
10,hie,<code>hie</code>,19,0.0093735
263,hige,<code>hige</code>,1,0.0004933
263,hige&eth;oncolre,<code>hige&amp;d;oncolre</code>,1,0.0004933
263,higerofe,<code>higerofe</code>,1,0.0004933
113,hilde,<code>hilde</code>,2,0.0009867
263,hildeleo&eth;,<code>hildeleo&amp;d;</code>,1,0.0004933
263,hilden&aelig;dran,<code>hilden&amp;ae;dran</code>,1,0.0004933
9,him,<code>him</code>,20,0.0098668
263,hinsi&eth;e,<code>hinsi&amp;d;e</code>,1,0.0004933
15,his,<code>his</code>,12,0.0059201
263,hit,<code>hit</code>,1,0.0004933
263,hlaforde,<code>hlaforde</code>,1,0.0004933
263,hlanca,<code>hlanca</code>,1,0.0004933
263,hloh,<code>hloh</code>,1,0.0004933
78,hlude,<code>hlude</code>,3,0.0014800
263,hlummon,<code>hlummon</code>,1,0.0004933
263,hlydde,<code>hlydde</code>,1,0.0004933
263,hlynede,<code>hlynede</code>,1,0.0004933
113,hogedon,<code>hogedon</code>,2,0.0009867
263,holofernes,<code>holofernes</code>,1,0.0004933
44,holofernus,<code>holofernus</code>,5,0.0024667
263,hond,<code>hond</code>,1,0.0004933
263,hopian,<code>hopian</code>,1,0.0004933
263,hornbogan,<code>hornbogan</code>,1,0.0004933
263,hosp,<code>hosp</code>,1,0.0004933
263,hr&aelig;gl,<code>hr&amp;ae;gl</code>,1,0.0004933
263,hr&aelig;w,<code>hr&amp;ae;w</code>,1,0.0004933
263,hra&eth;e,<code>hra&amp;d;e</code>,1,0.0004933
263,hre&eth;re,<code>hre&amp;d;re</code>,1,0.0004933
263,hrefn,<code>hrefn</code>,1,0.0004933
263,hreoh,<code>hreoh</code>,1,0.0004933
263,hreowigmode,<code>hreowigmode</code>,1,0.0004933
263,hringum,<code>hringum</code>,1,0.0004933
263,hrofe,<code>hrofe</code>,1,0.0004933
44,hu,<code>hu</code>,5,0.0024667
263,hund,<code>hund</code>,1,0.0004933
263,hupseax,<code>hupseax</code>,1,0.0004933
263,huru,<code>huru</code>,1,0.0004933
263,hw&aelig;ne,<code>hw&amp;ae;ne</code>,1,0.0004933
263,hwealfum,<code>hwealfum</code>,1,0.0004933
263,hwearf,<code>hwearf</code>,1,0.0004933
263,hwearfum,<code>hwearfum</code>,1,0.0004933
263,hwile,<code>hwile</code>,1,0.0004933
263,hyhsta,<code>hyhsta</code>,1,0.0004933
263,hyht,<code>hyht</code>,1,0.0004933
263,hyhtwynna,<code>hyhtwynna</code>,1,0.0004933
263,hyldo,<code>hyldo</code>,1,0.0004933
35,hyne,<code>hyne</code>,6,0.0029600
28,hyra,<code>hyra</code>,8,0.0039467
263,hyrde,<code>hyrde</code>,1,0.0004933
15,hyre,<code>hyre</code>,12,0.0059201
263,hyrnednebba,<code>hyrnednebba</code>,1,0.0004933
263,hyrsta,<code>hyrsta</code>,1,0.0004933
263,hyt,<code>hyt</code>,1,0.0004933
28,ic,<code>ic</code>,8,0.0039467
62,ides,<code>ides</code>,4,0.0019734
263,idesa,<code>idesa</code>,1,0.0004933
78,idese,<code>idese</code>,3,0.0014800
15,in,<code>in</code>,12,0.0059201
263,innan,<code>innan</code>,1,0.0004933
78,inne,<code>inne</code>,3,0.0014800
263,inwidda,<code>inwidda</code>,1,0.0004933
33,iudith,<code>iudith</code>,7,0.0034534
263,iudith&eth;e,<code>iudith&amp;d;e</code>,1,0.0004933
263,iudithe,<code>iudithe</code>,1,0.0004933
263,l&aelig;&eth;&eth;a,<code>l&amp;ae;&amp;d;&amp;d;a</code>,1,0.0004933
263,l&aelig;&eth;&eth;um,<code>l&amp;ae;&amp;d;&amp;d;um</code>,1,0.0004933
263,l&aelig;dan,<code>l&amp;ae;dan</code>,1,0.0004933
263,l&aelig;dde,<code>l&amp;ae;dde</code>,1,0.0004933
113,l&aelig;ddon,<code>l&amp;ae;ddon</code>,2,0.0009867
78,l&aelig;g,<code>l&amp;ae;g</code>,3,0.0014800
263,la&eth;,<code>la&amp;d;</code>,1,0.0004933
263,la&eth;an,<code>la&amp;d;an</code>,1,0.0004933
113,la&eth;estan,<code>la&amp;d;estan</code>,2,0.0009867
113,la&eth;ne,<code>la&amp;d;ne</code>,2,0.0009867
263,la&eth;ost,<code>la&amp;d;ost</code>,1,0.0004933
113,la&eth;ra,<code>la&amp;d;ra</code>,2,0.0009867
263,la&eth;um,<code>la&amp;d;um</code>,1,0.0004933
263,lagon,<code>lagon</code>,1,0.0004933
263,landbuende,<code>landbuende</code>,1,0.0004933
113,lange,<code>lange</code>,2,0.0009867
263,lare,<code>lare</code>,1,0.0004933
113,last,<code>last</code>,2,0.0009867
263,laste,<code>laste</code>,1,0.0004933
263,late,<code>late</code>,1,0.0004933
263,leanes,<code>leanes</code>,1,0.0004933
263,leap,<code>leap</code>,1,0.0004933
263,leas,<code>leas</code>,1,0.0004933
263,leng,<code>leng</code>,1,0.0004933
263,lengran,<code>lengran</code>,1,0.0004933
263,leoda,<code>leoda</code>,1,0.0004933
263,leodhatan,<code>leodhatan</code>,1,0.0004933
263,leodum,<code>leodum</code>,1,0.0004933
263,leof,<code>leof</code>,1,0.0004933
263,leofan,<code>leofan</code>,1,0.0004933
263,leohtne,<code>leohtne</code>,1,0.0004933
263,leoman,<code>leoman</code>,1,0.0004933
263,leton,<code>leton</code>,1,0.0004933
263,li&eth;,<code>li&amp;d;</code>,1,0.0004933
263,licgan,<code>licgan</code>,1,0.0004933
263,life,<code>life</code>,1,0.0004933
113,lifes,<code>lifes</code>,2,0.0009867
113,linde,<code>linde</code>,2,0.0009867
263,lindum,<code>lindum</code>,1,0.0004933
263,lindwerod,<code>lindwerod</code>,1,0.0004933
263,lindwiggende,<code>lindwiggende</code>,1,0.0004933
263,listum,<code>listum</code>,1,0.0004933
263,londbuendum,<code>londbuendum</code>,1,0.0004933
263,losian,<code>losian</code>,1,0.0004933
113,lungre,<code>lungre</code>,2,0.0009867
263,lustum,<code>lustum</code>,1,0.0004933
263,lyfdon,<code>lyfdon</code>,1,0.0004933
263,lyfte,<code>lyfte</code>,1,0.0004933
263,lythwon,<code>lythwon</code>,1,0.0004933
263,m&aelig;g,<code>m&amp;ae;g</code>,1,0.0004933
19,m&aelig;g&eth;,<code>m&amp;ae;g&amp;d;</code>,10,0.0049334
263,m&aelig;g&eth;a,<code>m&amp;ae;g&amp;d;a</code>,1,0.0004933
263,m&aelig;ge,<code>m&amp;ae;ge</code>,1,0.0004933
113,m&aelig;gen,<code>m&amp;ae;gen</code>,2,0.0009867
263,m&aelig;geneacen,<code>m&amp;ae;geneacen</code>,1,0.0004933
263,m&aelig;r&eth;e,<code>m&amp;ae;r&amp;d;e</code>,1,0.0004933
263,m&aelig;ran,<code>m&amp;ae;ran</code>,1,0.0004933
263,m&aelig;rost,<code>m&amp;ae;rost</code>,1,0.0004933
263,m&aelig;rra,<code>m&amp;ae;rra</code>,1,0.0004933
263,m&aelig;st,<code>m&amp;ae;st</code>,1,0.0004933
263,m&aelig;sta,<code>m&amp;ae;sta</code>,1,0.0004933
263,m&aelig;ste,<code>m&amp;ae;ste</code>,1,0.0004933
263,ma&eth;ma,<code>ma&amp;d;ma</code>,1,0.0004933
263,madma,<code>madma</code>,1,0.0004933
263,madmas,<code>madmas</code>,1,0.0004933
263,mago&thorn;egnas,<code>mago&amp;t;egnas</code>,1,0.0004933
263,magon,<code>magon</code>,1,0.0004933
263,manna,<code>manna</code>,1,0.0004933
113,mannan,<code>mannan</code>,2,0.0009867
263,manode,<code>manode</code>,1,0.0004933
263,maran,<code>maran</code>,1,0.0004933
44,me,<code>me</code>,5,0.0024667
113,mece,<code>mece</code>,2,0.0009867
113,mede,<code>mede</code>,2,0.0009867
263,medobyrig,<code>medobyrig</code>,1,0.0004933
263,medowerige,<code>medowerige</code>,1,0.0004933
263,medowerigum,<code>medowerigum</code>,1,0.0004933
263,medugal,<code>medugal</code>,1,0.0004933
263,men,<code>men</code>,1,0.0004933
263,meowlan,<code>meowlan</code>,1,0.0004933
263,meowle,<code>meowle</code>,1,0.0004933
263,metod,<code>metod</code>,1,0.0004933
263,metodes,<code>metodes</code>,1,0.0004933
113,miclum,<code>miclum</code>,2,0.0009867
15,mid,<code>mid</code>,12,0.0059201
263,middan,<code>middan</code>,1,0.0004933
78,mihte,<code>mihte</code>,3,0.0014800
113,mihten,<code>mihten</code>,2,0.0009867
113,mihtig,<code>mihtig</code>,2,0.0009867
263,mihton,<code>mihton</code>,1,0.0004933
78,miltse,<code>miltse</code>,3,0.0014800
263,mine,<code>mine</code>,1,0.0004933
263,minra,<code>minra</code>,1,0.0004933
263,minum,<code>minum</code>,1,0.0004933
263,mod,<code>mod</code>,1,0.0004933
44,mode,<code>mode</code>,5,0.0024667
263,modig,<code>modig</code>,1,0.0004933
263,modiga,<code>modiga</code>,1,0.0004933
263,modigre,<code>modigre</code>,1,0.0004933
263,moldan,<code>moldan</code>,1,0.0004933
113,mon,<code>mon</code>,2,0.0009867
263,mon&eth;es,<code>mon&amp;d;es</code>,1,0.0004933
113,monna,<code>monna</code>,2,0.0009867
263,mor&eth;ra,<code>mor&amp;d;ra</code>,1,0.0004933
263,mor&eth;res,<code>mor&amp;d;res</code>,1,0.0004933
263,morgencollan,<code>morgencollan</code>,1,0.0004933
263,morgentid,<code>morgentid</code>,1,0.0004933
263,moste,<code>moste</code>,1,0.0004933
113,mote,<code>mote</code>,2,0.0009867
263,mundbyrd,<code>mundbyrd</code>,1,0.0004933
263,mundum,<code>mundum</code>,1,0.0004933
263,murnan,<code>murnan</code>,1,0.0004933
263,mynton,<code>mynton</code>,1,0.0004933
263,n&aelig;fre,<code>n&amp;ae;fre</code>,1,0.0004933
263,n&aelig;nig,<code>n&amp;ae;nig</code>,1,0.0004933
78,n&aelig;s,<code>n&amp;ae;s</code>,3,0.0014800
263,nahte,<code>nahte</code>,1,0.0004933
263,naman,<code>naman</code>,1,0.0004933
263,nan,<code>nan</code>,1,0.0004933
113,nanne,<code>nanne</code>,2,0.0009867
22,ne,<code>ne</code>,9,0.0044401
263,ne&eth;de,<code>ne&amp;d;de</code>,1,0.0004933
263,neah,<code>neah</code>,1,0.0004933
113,neal&aelig;hte,<code>neal&amp;ae;hte</code>,2,0.0009867
263,near,<code>near</code>,1,0.0004933
263,nehstan,<code>nehstan</code>,1,0.0004933
263,nemnan,<code>nemnan</code>,1,0.0004933
263,neosan,<code>neosan</code>,1,0.0004933
263,neowelne,<code>neowelne</code>,1,0.0004933
263,nergend,<code>nergend</code>,1,0.0004933
263,nergende,<code>nergende</code>,1,0.0004933
263,nergendes,<code>nergendes</code>,1,0.0004933
263,nest,<code>nest</code>,1,0.0004933
263,ni&eth;a,<code>ni&amp;d;a</code>,1,0.0004933
263,ni&eth;e,<code>ni&amp;d;e</code>,1,0.0004933
263,ni&eth;heard,<code>ni&amp;d;heard</code>,1,0.0004933
263,ni&eth;hycgende,<code>ni&amp;d;hycgende</code>,1,0.0004933
263,ni&eth;um,<code>ni&amp;d;um</code>,1,0.0004933
263,niht,<code>niht</code>,1,0.0004933
263,nihte,<code>nihte</code>,1,0.0004933
263,nihtes,<code>nihtes</code>,1,0.0004933
263,nimanne,<code>nimanne</code>,1,0.0004933
263,no,<code>no</code>,1,0.0004933
78,nu,<code>nu</code>,3,0.0014800
263,nyd,<code>nyd</code>,1,0.0004933
263,nyde,<code>nyde</code>,1,0.0004933
263,nym&eth;e,<code>nym&amp;d;e</code>,1,0.0004933
263,nyste,<code>nyste</code>,1,0.0004933
113,o&eth;,<code>o&amp;d;</code>,2,0.0009867
113,o&eth;&eth;e,<code>o&amp;d;&amp;d;e</code>,2,0.0009867
62,o&eth;&thorn;&aelig;t,<code>o&amp;d;&amp;t;&amp;ae;t</code>,4,0.0019734
263,o&eth;&thorn;rong,<code>o&amp;d;&amp;t;rong</code>,1,0.0004933
263,o&eth;re,<code>o&amp;d;re</code>,1,0.0004933
19,of,<code>of</code>,10,0.0049334
113,ofer,<code>ofer</code>,2,0.0009867
263,ofercuman,<code>ofercuman</code>,1,0.0004933
263,oferdrencte,<code>oferdrencte</code>,1,0.0004933
263,oferwunnen,<code>oferwunnen</code>,1,0.0004933
113,ofostlice,<code>ofostlice</code>,2,0.0009867
78,ofstum,<code>ofstum</code>,3,0.0014800
2,on,<code>on</code>,51,0.0251603
263,onbryrde,<code>onbryrde</code>,1,0.0004933
1,ond,<code>ond</code>,53,0.0261470
263,onettan,<code>onettan</code>,1,0.0004933
263,onette,<code>onette</code>,1,0.0004933
113,ongan,<code>ongan</code>,2,0.0009867
263,ongean,<code>ongean</code>,1,0.0004933
113,ongeaton,<code>ongeaton</code>,2,0.0009867
113,ongunnon,<code>ongunnon</code>,2,0.0009867
263,onh&aelig;ted,<code>onh&amp;ae;ted</code>,1,0.0004933
263,onleah,<code>onleah</code>,1,0.0004933
263,onwoce,<code>onwoce</code>,1,0.0004933
263,onwri&eth;an,<code>onwri&amp;d;an</code>,1,0.0004933
263,orcas,<code>orcas</code>,1,0.0004933
263,oretm&aelig;cgas,<code>oretm&amp;ae;cgas</code>,1,0.0004933
263,orfeorme,<code>orfeorme</code>,1,0.0004933
263,orsawle,<code>orsawle</code>,1,0.0004933
263,r&aelig;da,<code>r&amp;ae;da</code>,1,0.0004933
263,r&aelig;de,<code>r&amp;ae;de</code>,1,0.0004933
263,r&aelig;fndon,<code>r&amp;ae;fndon</code>,1,0.0004933
113,r&aelig;swan,<code>r&amp;ae;swan</code>,2,0.0009867
263,randwiggendra,<code>randwiggendra</code>,1,0.0004933
263,re&eth;e,<code>re&amp;d;e</code>,1,0.0004933
263,readum,<code>readum</code>,1,0.0004933
263,recene,<code>recene</code>,1,0.0004933
263,reocende,<code>reocende</code>,1,0.0004933
78,reste,<code>reste</code>,3,0.0014800
263,reston,<code>reston</code>,1,0.0004933
78,rica,<code>rica</code>,3,0.0014800
263,rican,<code>rican</code>,1,0.0004933
263,rice,<code>rice</code>,1,0.0004933
263,ricne,<code>ricne</code>,1,0.0004933
263,rihte,<code>rihte</code>,1,0.0004933
113,rinca,<code>rinca</code>,2,0.0009867
263,roderas,<code>roderas</code>,1,0.0004933
263,roderum,<code>roderum</code>,1,0.0004933
263,rofe,<code>rofe</code>,1,0.0004933
263,rofra,<code>rofra</code>,1,0.0004933
113,rondwiggende,<code>rondwiggende</code>,2,0.0009867
263,rum,<code>rum</code>,1,0.0004933
113,rume,<code>rume</code>,2,0.0009867
263,rune,<code>rune</code>,1,0.0004933
263,s&aelig;cce,<code>s&amp;ae;cce</code>,1,0.0004933
263,s&aelig;gde,<code>s&amp;ae;gde</code>,1,0.0004933
263,s&aelig;te,<code>s&amp;ae;te</code>,1,0.0004933
263,s&aelig;ton,<code>s&amp;ae;ton</code>,1,0.0004933
263,salowigpada,<code>salowigpada</code>,1,0.0004933
263,sang,<code>sang</code>,1,0.0004933
263,sarra,<code>sarra</code>,1,0.0004933
263,sc&aelig;ron,<code>sc&amp;ae;ron</code>,1,0.0004933
263,scea&eth;e,<code>scea&amp;d;e</code>,1,0.0004933
263,scea&eth;ena,<code>scea&amp;d;ena</code>,1,0.0004933
263,scea&eth;um,<code>scea&amp;d;um</code>,1,0.0004933
263,sceacan,<code>sceacan</code>,1,0.0004933
263,sceal,<code>sceal</code>,1,0.0004933
263,scealcas,<code>scealcas</code>,1,0.0004933
263,scearpne,<code>scearpne</code>,1,0.0004933
263,sceolde,<code>sceolde</code>,1,0.0004933
263,sceotend,<code>sceotend</code>,1,0.0004933
263,scildas,<code>scildas</code>,1,0.0004933
263,scildburh,<code>scildburh</code>,1,0.0004933
263,scire,<code>scire</code>,1,0.0004933
263,scirm&aelig;led,<code>scirm&amp;ae;led</code>,1,0.0004933
263,sculon,<code>sculon</code>,1,0.0004933
263,scuras,<code>scuras</code>,1,0.0004933
263,scurum,<code>scurum</code>,1,0.0004933
263,scyne,<code>scyne</code>,1,0.0004933
263,scyppendes,<code>scyppendes</code>,1,0.0004933
7,se,<code>se</code>,22,0.0108535
263,searo&eth;oncol,<code>searo&amp;d;oncol</code>,1,0.0004933
263,searo&thorn;oncelra,<code>searo&amp;t;oncelra</code>,1,0.0004933
263,sece&eth;,<code>sece&amp;d;</code>,1,0.0004933
263,secgan,<code>secgan</code>,1,0.0004933
263,secgas,<code>secgas</code>,1,0.0004933
263,sende,<code>sende</code>,1,0.0004933
263,sendon,<code>sendon</code>,1,0.0004933
22,seo,<code>seo</code>,9,0.0044401
113,si&eth;,<code>si&amp;d;</code>,2,0.0009867
113,si&eth;e,<code>si&amp;d;e</code>,2,0.0009867
263,si&eth;fate,<code>si&amp;d;fate</code>,1,0.0004933
263,side,<code>side</code>,1,0.0004933
263,sige&thorn;ufas,<code>sige&amp;t;ufas</code>,1,0.0004933
263,sigefolce,<code>sigefolce</code>,1,0.0004933
263,sigerofe,<code>sigerofe</code>,1,0.0004933
263,sigewonge,<code>sigewonge</code>,1,0.0004933
263,sigor,<code>sigor</code>,1,0.0004933
263,sigore,<code>sigore</code>,1,0.0004933
263,sigores,<code>sigores</code>,1,0.0004933
263,sigorlean,<code>sigorlean</code>,1,0.0004933
113,sinces,<code>sinces</code>,2,0.0009867
263,sine,<code>sine</code>,1,0.0004933
263,sinre,<code>sinre</code>,1,0.0004933
263,sinum,<code>sinum</code>,1,0.0004933
263,sittan,<code>sittan</code>,1,0.0004933
263,sl&aelig;pe,<code>sl&amp;ae;pe</code>,1,0.0004933
263,slegef&aelig;ge,<code>slegef&amp;ae;ge</code>,1,0.0004933
263,slogon,<code>slogon</code>,1,0.0004933
113,sloh,<code>sloh</code>,2,0.0009867
263,snelra,<code>snelra</code>,1,0.0004933
263,snoteran,<code>snoteran</code>,1,0.0004933
263,snotere,<code>snotere</code>,1,0.0004933
78,snude,<code>snude</code>,3,0.0014800
113,so&eth;ne,<code>so&amp;d;ne</code>,2,0.0009867
62,somod,<code>somod</code>,4,0.0019734
263,sorga,<code>sorga</code>,1,0.0004933
263,sorgum,<code>sorgum</code>,1,0.0004933
263,sparedon,<code>sparedon</code>,1,0.0004933
263,speow,<code>speow</code>,1,0.0004933
113,spr&aelig;c,<code>spr&amp;ae;c</code>,2,0.0009867
263,starian,<code>starian</code>,1,0.0004933
263,steape,<code>steape</code>,1,0.0004933
263,stedehearde,<code>stedehearde</code>,1,0.0004933
113,stercedferh&eth;e,<code>stercedferh&amp;d;e</code>,2,0.0009867
263,sti&eth;moda,<code>sti&amp;d;moda</code>,1,0.0004933
263,stodon,<code>stodon</code>,1,0.0004933
44,stopon,<code>stopon</code>,5,0.0024667
263,str&aelig;las,<code>str&amp;ae;las</code>,1,0.0004933
263,streamas,<code>streamas</code>,1,0.0004933
263,styrmde,<code>styrmde</code>,1,0.0004933
263,styrmdon,<code>styrmdon</code>,1,0.0004933
263,styrnmode,<code>styrnmode</code>,1,0.0004933
263,sum,<code>sum</code>,1,0.0004933
263,sumne,<code>sumne</code>,1,0.0004933
263,sundoryrfes,<code>sundoryrfes</code>,1,0.0004933
263,susle,<code>susle</code>,1,0.0004933
263,sw&aelig;sendo,<code>sw&amp;ae;sendo</code>,1,0.0004933
12,swa,<code>swa</code>,14,0.0069068
263,swa&eth;e,<code>swa&amp;d;e</code>,1,0.0004933
263,swatigne,<code>swatigne</code>,1,0.0004933
44,swegles,<code>swegles</code>,5,0.0024667
263,sweoran,<code>sweoran</code>,1,0.0004933
263,sweorcendferh&eth;e,<code>sweorcendferh&amp;d;e</code>,1,0.0004933
263,sweord,<code>sweord</code>,1,0.0004933
113,sweorde,<code>sweorde</code>,2,0.0009867
113,sweordum,<code>sweordum</code>,2,0.0009867
263,sweot,<code>sweot</code>,1,0.0004933
263,sweotole,<code>sweotole</code>,1,0.0004933
263,sweotollice,<code>sweotollice</code>,1,0.0004933
263,swi&eth;lic,<code>swi&amp;d;lic</code>,1,0.0004933
113,swi&eth;mod,<code>swi&amp;d;mod</code>,2,0.0009867
263,swi&eth;ran,<code>swi&amp;d;ran</code>,1,0.0004933
113,swiman,<code>swiman</code>,2,0.0009867
263,swy&eth;e,<code>swy&amp;d;e</code>,1,0.0004933
263,swy&eth;or,<code>swy&amp;d;or</code>,1,0.0004933
44,swylce,<code>swylce</code>,5,0.0024667
263,swylcne,<code>swylcne</code>,1,0.0004933
263,swyrd,<code>swyrd</code>,1,0.0004933
263,swyrdgeswing,<code>swyrdgeswing</code>,1,0.0004933
78,swyrdum,<code>swyrdum</code>,3,0.0014800
263,sy,<code>sy</code>,1,0.0004933
44,sy&eth;&eth;an,<code>sy&amp;d;&amp;d;an</code>,5,0.0024667
263,sylf,<code>sylf</code>,1,0.0004933
263,sylfes,<code>sylfes</code>,1,0.0004933
263,sylfra,<code>sylfra</code>,1,0.0004933
263,sylfre,<code>sylfre</code>,1,0.0004933
263,symbel,<code>symbel</code>,1,0.0004933
263,symle,<code>symle</code>,1,0.0004933
263,syndon,<code>syndon</code>,1,0.0004933
263,teah,<code>teah</code>,1,0.0004933
263,teran,<code>teran</code>,1,0.0004933
263,ti&eth;e,<code>ti&amp;d;e</code>,1,0.0004933
263,tid,<code>tid</code>,1,0.0004933
263,tide,<code>tide</code>,1,0.0004933
263,tilian,<code>tilian</code>,1,0.0004933
113,tir,<code>tir</code>,2,0.0009867
113,tires,<code>tires</code>,2,0.0009867
4,to,<code>to</code>,37,0.0182536
263,to&eth;on,<code>to&amp;d;on</code>,1,0.0004933
263,tobredon,<code>tobredon</code>,1,0.0004933
263,togeanes,<code>togeanes</code>,1,0.0004933
263,tohtan,<code>tohtan</code>,1,0.0004933
263,torhtan,<code>torhtan</code>,1,0.0004933
263,torhtlic,<code>torhtlic</code>,1,0.0004933
113,torhtmod,<code>torhtmod</code>,2,0.0009867
263,torn,<code>torn</code>,1,0.0004933
263,torne,<code>torne</code>,1,0.0004933
113,toweard,<code>toweard</code>,2,0.0009867
263,tr&aelig;f,<code>tr&amp;ae;f</code>,1,0.0004933
113,tr&aelig;fe,<code>tr&amp;ae;fe</code>,2,0.0009867
263,trumne,<code>trumne</code>,1,0.0004933
113,tweode,<code>tweode</code>,2,0.0009867
113,u&eth;e,<code>u&amp;d;e</code>,2,0.0009867
263,ufan,<code>ufan</code>,1,0.0004933
44,under,<code>under</code>,5,0.0024667
263,unl&aelig;dan,<code>unl&amp;ae;dan</code>,1,0.0004933
263,unlyfigendes,<code>unlyfigendes</code>,1,0.0004933
263,unlyfigendum,<code>unlyfigendum</code>,1,0.0004933
263,unrote,<code>unrote</code>,1,0.0004933
263,unsofte,<code>unsofte</code>,1,0.0004933
263,unsw&aelig;slicne,<code>unsw&amp;ae;slicne</code>,1,0.0004933
263,unsyfra,<code>unsyfra</code>,1,0.0004933
263,up,<code>up</code>,1,0.0004933
113,ure,<code>ure</code>,2,0.0009867
263,urigfe&eth;era,<code>urigfe&amp;d;era</code>,1,0.0004933
263,urnon,<code>urnon</code>,1,0.0004933
113,us,<code>us</code>,2,0.0009867
113,ut,<code>ut</code>,2,0.0009867
263,ute,<code>ute</code>,1,0.0004933
263,w&aelig;ccende,<code>w&amp;ae;ccende</code>,1,0.0004933
263,w&aelig;lgifre,<code>w&amp;ae;lgifre</code>,1,0.0004933
263,w&aelig;lgifrum,<code>w&amp;ae;lgifrum</code>,1,0.0004933
263,w&aelig;lscel,<code>w&amp;ae;lscel</code>,1,0.0004933
263,w&aelig;pen,<code>w&amp;ae;pen</code>,1,0.0004933
263,w&aelig;rlogan,<code>w&amp;ae;rlogan</code>,1,0.0004933
28,w&aelig;ron,<code>w&amp;ae;ron</code>,8,0.0039467
19,w&aelig;s,<code>w&amp;ae;s</code>,10,0.0049334
263,wagon,<code>wagon</code>,1,0.0004933
263,walde,<code>walde</code>,1,0.0004933
113,waldend,<code>waldend</code>,2,0.0009867
263,wand,<code>wand</code>,1,0.0004933
263,wanna,<code>wanna</code>,1,0.0004933
263,we,<code>we</code>,1,0.0004933
263,weagesi&eth;as,<code>weagesi&amp;d;as</code>,1,0.0004933
263,wealgate,<code>wealgate</code>,1,0.0004933
263,weall,<code>weall</code>,1,0.0004933
263,weallas,<code>weallas</code>,1,0.0004933
263,wealles,<code>wealles</code>,1,0.0004933
22,wear&eth;,<code>wear&amp;d;</code>,9,0.0044401
113,weard,<code>weard</code>,2,0.0009867
263,wearde,<code>wearde</code>,1,0.0004933
113,wel,<code>wel</code>,2,0.0009867
263,wende,<code>wende</code>,1,0.0004933
263,weor&eth;mynde,<code>weor&amp;d;mynde</code>,1,0.0004933
62,weras,<code>weras</code>,4,0.0019734
113,werigferh&eth;e,<code>werigferh&amp;d;e</code>,2,0.0009867
263,werod,<code>werod</code>,1,0.0004933
263,weroda,<code>weroda</code>,1,0.0004933
44,wi&eth;,<code>wi&amp;d;</code>,5,0.0024667
263,wi&eth;ertrod,<code>wi&amp;d;ertrod</code>,1,0.0004933
263,widan,<code>widan</code>,1,0.0004933
263,wide,<code>wide</code>,1,0.0004933
263,widle,<code>widle</code>,1,0.0004933
113,wif,<code>wif</code>,2,0.0009867
263,wigena,<code>wigena</code>,1,0.0004933
62,wiggend,<code>wiggend</code>,4,0.0019734
263,wiggendum,<code>wiggendum</code>,1,0.0004933
263,wiht,<code>wiht</code>,1,0.0004933
263,willan,<code>willan</code>,1,0.0004933
263,wind,<code>wind</code>,1,0.0004933
113,wine,<code>wine</code>,2,0.0009867
263,winedryhten,<code>winedryhten</code>,1,0.0004933
263,wingedrince,<code>wingedrince</code>,1,0.0004933
263,winhatan,<code>winhatan</code>,1,0.0004933
263,winsade,<code>winsade</code>,1,0.0004933
263,wistan,<code>wistan</code>,1,0.0004933
263,witum,<code>witum</code>,1,0.0004933
263,wlanc,<code>wlanc</code>,1,0.0004933
263,wlance,<code>wlance</code>,1,0.0004933
263,wlitan,<code>wlitan</code>,1,0.0004933
113,wlitegan,<code>wlitegan</code>,2,0.0009867
263,wolcna,<code>wolcna</code>,1,0.0004933
113,wolde,<code>wolde</code>,2,0.0009867
263,womfull,<code>womfull</code>,1,0.0004933
263,womme,<code>womme</code>,1,0.0004933
78,word,<code>word</code>,3,0.0014800
263,wordum,<code>wordum</code>,1,0.0004933
263,worhte,<code>worhte</code>,1,0.0004933
263,worhton,<code>worhton</code>,1,0.0004933
263,wornum,<code>wornum</code>,1,0.0004933
263,woruld,<code>woruld</code>,1,0.0004933
263,woruldbuendra,<code>woruldbuendra</code>,1,0.0004933
263,worulde,<code>worulde</code>,1,0.0004933
113,wrehton,<code>wrehton</code>,2,0.0009867
78,wuldor,<code>wuldor</code>,3,0.0014800
263,wuldorbl&aelig;d,<code>wuldorbl&amp;ae;d</code>,1,0.0004933
263,wuldre,<code>wuldre</code>,1,0.0004933
263,wuldres,<code>wuldres</code>,1,0.0004933
263,wulf,<code>wulf</code>,1,0.0004933
263,wulfum,<code>wulfum</code>,1,0.0004933
78,wundenlocc,<code>wundenlocc</code>,3,0.0014800
263,wundrum,<code>wundrum</code>,1,0.0004933
263,wunian,<code>wunian</code>,1,0.0004933
263,wunode,<code>wunode</code>,1,0.0004933
263,wurdon,<code>wurdon</code>,1,0.0004933
263,wurpon,<code>wurpon</code>,1,0.0004933
113,wylle,<code>wylle</code>,2,0.0009867
263,wyrcean,<code>wyrcean</code>,1,0.0004933
263,wyrmsele,<code>wyrmsele</code>,1,0.0004933
263,wyrmum,<code>wyrmum</code>,1,0.0004933
263,ycan,<code>ycan</code>,1,0.0004933
113,yldestan,<code>yldestan</code>,2,0.0009867
113,ymbe,<code>ymbe</code>,2,0.0009867
263,yrre,<code>yrre</code>,1,0.0004933
35,ys,<code>ys</code>,6,0.0029600
