A_Poetry,A02,A02.005_Dream_T00090.txt,550,408,1109
RANK,HTML WORD,RAW WORD,COUNT,RELATIVE FREQUENCY
1,ic,<code>ic</code>,43,0.0387737
2,on,<code>on</code>,38,0.0342651
3,&thorn;&aelig;r,<code>&amp;t;&amp;ae;r</code>,28,0.0252480
4,me,<code>me</code>,27,0.0243463
5,&thorn;a,<code>&amp;t;a</code>,21,0.0189360
5,and,<code>and</code>,21,0.0189360
5,w&aelig;s,<code>w&amp;ae;s</code>,21,0.0189360
8,&thorn;&aelig;t,<code>&amp;t;&amp;ae;t</code>,20,0.0180343
8,mid,<code>mid</code>,20,0.0180343
10,&thorn;am,<code>&amp;t;am</code>,16,0.0144274
10,to,<code>to</code>,16,0.0144274
12,he,<code>he</code>,15,0.0135257
13,&thorn;e,<code>&amp;t;e</code>,11,0.0099188
13,hie,<code>hie</code>,11,0.0099188
13,se,<code>se</code>,11,0.0099188
16,him,<code>him</code>,10,0.0090171
17,eall,<code>eall</code>,8,0.0072137
17,is,<code>is</code>,8,0.0072137
19,for,<code>for</code>,7,0.0063120
19,god,<code>god</code>,7,0.0063120
19,ne,<code>ne</code>,7,0.0063120
22,&aelig;lmihtig,<code>&amp;ae;lmihtig</code>,6,0.0054103
22,&thorn;onne,<code>&amp;t;onne</code>,6,0.0054103
22,dryhtnes,<code>dryhtnes</code>,6,0.0054103
22,his,<code>his</code>,6,0.0054103
22,hw&aelig;&thorn;re,<code>hw&amp;ae;&amp;t;re</code>,6,0.0054103
22,nu,<code>nu</code>,6,0.0054103
22,of,<code>of</code>,6,0.0054103
29,&aelig;r,<code>&amp;ae;r</code>,5,0.0045086
29,ac,<code>ac</code>,5,0.0045086
29,ealle,<code>ealle</code>,5,0.0045086
29,eor&thorn;an,<code>eor&amp;t;an</code>,5,0.0045086
29,geseah,<code>geseah</code>,5,0.0045086
29,ofer,<code>ofer</code>,5,0.0045086
35,dorste,<code>dorste</code>,4,0.0036069
35,dryhten,<code>dryhten</code>,4,0.0036069
35,gesyh&thorn;e,<code>gesyh&amp;t;e</code>,4,0.0036069
35,hine,<code>hine</code>,4,0.0036069
35,hit,<code>hit</code>,4,0.0036069
35,hw&aelig;t,<code>hw&amp;ae;t</code>,4,0.0036069
35,hwile,<code>hwile</code>,4,0.0036069
35,treow,<code>treow</code>,4,0.0036069
35,us,<code>us</code>,4,0.0036069
35,wuldres,<code>wuldres</code>,4,0.0036069
45,&thorn;&aelig;re,<code>&amp;t;&amp;ae;re</code>,3,0.0027051
45,&thorn;rowode,<code>&amp;t;rowode</code>,3,0.0027051
45,&thorn;urh,<code>&amp;t;urh</code>,3,0.0027051
45,beheoldon,<code>beheoldon</code>,3,0.0027051
45,eft,<code>eft</code>,3,0.0027051
45,elne,<code>elne</code>,3,0.0027051
45,feala,<code>feala</code>,3,0.0027051
45,feondas,<code>feondas</code>,3,0.0027051
45,foldan,<code>foldan</code>,3,0.0027051
45,gesceaft,<code>gesceaft</code>,3,0.0027051
45,geweor&thorn;ode,<code>geweor&amp;t;ode</code>,3,0.0027051
45,golde,<code>golde</code>,3,0.0027051
45,h&aelig;le&thorn;,<code>h&amp;ae;le&amp;t;</code>,3,0.0027051
45,her,<code>her</code>,3,0.0027051
45,hw&aelig;&thorn;ere,<code>hw&amp;ae;&amp;t;ere</code>,3,0.0027051
45,man,<code>man</code>,3,0.0027051
45,min,<code>min</code>,3,0.0027051
45,mycle,<code>mycle</code>,3,0.0027051
45,ongan,<code>ongan</code>,3,0.0027051
45,reste,<code>reste</code>,3,0.0027051
45,rode,<code>rode</code>,3,0.0027051
45,swa,<code>swa</code>,3,0.0027051
45,sy&thorn;&thorn;an,<code>sy&amp;t;&amp;t;an</code>,3,0.0027051
45,synnum,<code>synnum</code>,3,0.0027051
45,wealdend,<code>wealdend</code>,3,0.0027051
45,wolde,<code>wolde</code>,3,0.0027051
45,wuldre,<code>wuldre</code>,3,0.0027051
72,&aelig;nig,<code>&amp;ae;nig</code>,2,0.0018034
72,&aelig;t,<code>&amp;ae;t</code>,2,0.0018034
72,&thorn;eos,<code>&amp;t;eos</code>,2,0.0018034
72,&thorn;u,<code>&amp;t;u</code>,2,0.0018034
72,&thorn;yssum,<code>&amp;t;yssum</code>,2,0.0018034
72,ana,<code>ana</code>,2,0.0018034
72,anra,<code>anra</code>,2,0.0018034
72,beacen,<code>beacen</code>,2,0.0018034
72,beame,<code>beame</code>,2,0.0018034
72,begoten,<code>begoten</code>,2,0.0018034
72,beheold,<code>beheold</code>,2,0.0018034
72,beornas,<code>beornas</code>,2,0.0018034
72,bestemed,<code>bestemed</code>,2,0.0018034
72,blis,<code>blis</code>,2,0.0018034
72,blisse,<code>blisse</code>,2,0.0018034
72,bugan,<code>bugan</code>,2,0.0018034
72,cyning,<code>cyning</code>,2,0.0018034
72,f&aelig;gere,<code>f&amp;ae;gere</code>,2,0.0018034
72,f&aelig;ste,<code>f&amp;ae;ste</code>,2,0.0018034
72,fuse,<code>fuse</code>,2,0.0018034
72,gebiden,<code>gebiden</code>,2,0.0018034
72,gedrefed,<code>gedrefed</code>,2,0.0018034
72,gimmas,<code>gimmas</code>,2,0.0018034
72,godes,<code>godes</code>,2,0.0018034
72,guman,<code>guman</code>,2,0.0018034
72,h&aelig;bbe,<code>h&amp;ae;bbe</code>,2,0.0018034
72,h&aelig;fdon,<code>h&amp;ae;fdon</code>,2,0.0018034
72,halgum,<code>halgum</code>,2,0.0018034
72,heofenum,<code>heofenum</code>,2,0.0018034
72,heofonum,<code>heofonum</code>,2,0.0018034
72,heora,<code>heora</code>,2,0.0018034
72,hr&aelig;w,<code>hr&amp;ae;w</code>,2,0.0018034
72,hwilum,<code>hwilum</code>,2,0.0018034
72,iu,<code>iu</code>,2,0.0018034
72,leofa,<code>leofa</code>,2,0.0018034
72,life,<code>life</code>,2,0.0018034
72,lifes,<code>lifes</code>,2,0.0018034
72,m&aelig;g,<code>m&amp;ae;g</code>,2,0.0018034
72,m&aelig;re,<code>m&amp;ae;re</code>,2,0.0018034
72,m&aelig;te,<code>m&amp;ae;te</code>,2,0.0018034
72,mancynnes,<code>mancynnes</code>,2,0.0018034
72,mannum,<code>mannum</code>,2,0.0018034
72,me&thorn;e,<code>me&amp;t;e</code>,2,0.0018034
72,men,<code>men</code>,2,0.0018034
72,menn,<code>menn</code>,2,0.0018034
72,miclan,<code>miclan</code>,2,0.0018034
72,mihte,<code>mihte</code>,2,0.0018034
72,mode,<code>mode</code>,2,0.0018034
72,moldan,<code>moldan</code>,2,0.0018034
72,mycel,<code>mycel</code>,2,0.0018034
72,o&thorn;&thorn;&aelig;t,<code>o&amp;t;&amp;t;&amp;ae;t</code>,2,0.0018034
72,ongunnon,<code>ongunnon</code>,2,0.0018034
72,rice,<code>rice</code>,2,0.0018034
72,rod,<code>rod</code>,2,0.0018034
72,sceatum,<code>sceatum</code>,2,0.0018034
72,secan,<code>secan</code>,2,0.0018034
72,sigebeam,<code>sigebeam</code>,2,0.0018034
72,sorgum,<code>sorgum</code>,2,0.0018034
72,standan,<code>standan</code>,2,0.0018034
72,stodon,<code>stodon</code>,2,0.0018034
72,swylce,<code>swylce</code>,2,0.0018034
72,under,<code>under</code>,2,0.0018034
72,w&aelig;dum,<code>w&amp;ae;dum</code>,2,0.0018034
72,wealdendes,<code>wealdendes</code>,2,0.0018034
72,well,<code>well</code>,2,0.0018034
72,weorode,<code>weorode</code>,2,0.0018034
72,wesan,<code>wesan</code>,2,0.0018034
72,wolcnum,<code>wolcnum</code>,2,0.0018034
72,word,<code>word</code>,2,0.0018034
72,wunedon,<code>wunedon</code>,2,0.0018034
72,wunian,<code>wunian</code>,2,0.0018034
143,&aelig;&thorn;elinge,<code>&amp;ae;&amp;t;elinge</code>,1,0.0009017
143,&aelig;fentide,<code>&amp;ae;fentide</code>,1,0.0009017
143,&aelig;fter,<code>&amp;ae;fter</code>,1,0.0009017
143,&aelig;ghwylc,<code>&amp;ae;ghwylc</code>,1,0.0009017
143,&aelig;ghwylcne,<code>&amp;ae;ghwylcne</code>,1,0.0009017
143,&aelig;lmihtigne,<code>&amp;ae;lmihtigne</code>,1,0.0009017
143,&aelig;r&thorn;an,<code>&amp;ae;r&amp;t;an</code>,1,0.0009017
143,&aelig;rest,<code>&amp;ae;rest</code>,1,0.0009017
143,&aelig;rgewin,<code>&amp;ae;rgewin</code>,1,0.0009017
143,&aelig;rur,<code>&amp;ae;rur</code>,1,0.0009017
143,&aelig;tg&aelig;dere,<code>&amp;ae;tg&amp;ae;dere</code>,1,0.0009017
143,&thorn;&aelig;ron,<code>&amp;t;&amp;ae;ron</code>,1,0.0009017
143,&thorn;&aelig;s,<code>&amp;t;&amp;ae;s</code>,1,0.0009017
143,&thorn;an,<code>&amp;t;an</code>,1,0.0009017
143,&thorn;ara,<code>&amp;t;ara</code>,1,0.0009017
143,&thorn;as,<code>&amp;t;as</code>,1,0.0009017
143,&thorn;earf,<code>&amp;t;earf</code>,1,0.0009017
143,&thorn;earle,<code>&amp;t;earle</code>,1,0.0009017
143,&thorn;egnas,<code>&amp;t;egnas</code>,1,0.0009017
143,&thorn;enca&thorn;,<code>&amp;t;enca&amp;t;</code>,1,0.0009017
143,&thorn;ence&thorn;,<code>&amp;t;ence&amp;t;</code>,1,0.0009017
143,&thorn;enian,<code>&amp;t;enian</code>,1,0.0009017
143,&thorn;eodne,<code>&amp;t;eodne</code>,1,0.0009017
143,&thorn;olodan,<code>&amp;t;olodan</code>,1,0.0009017
143,&thorn;one,<code>&amp;t;one</code>,1,0.0009017
143,&thorn;rymf&aelig;st,<code>&amp;t;rymf&amp;ae;st</code>,1,0.0009017
143,&thorn;uhte,<code>&amp;t;uhte</code>,1,0.0009017
143,&thorn;urhdrifan,<code>&amp;t;urhdrifan</code>,1,0.0009017
143,&thorn;ysne,<code>&amp;t;ysne</code>,1,0.0009017
143,&thorn;ysson,<code>&amp;t;ysson</code>,1,0.0009017
143,&thorn;ystro,<code>&amp;t;ystro</code>,1,0.0009017
143,adomes,<code>adomes</code>,1,0.0009017
143,afysed,<code>afysed</code>,1,0.0009017
143,ah,<code>ah</code>,1,0.0009017
143,aheawen,<code>aheawen</code>,1,0.0009017
143,ahof,<code>ahof</code>,1,0.0009017
143,ahofon,<code>ahofon</code>,1,0.0009017
143,aledon,<code>aledon</code>,1,0.0009017
143,anforht,<code>anforht</code>,1,0.0009017
143,anwealda,<code>anwealda</code>,1,0.0009017
143,ar&aelig;red,<code>ar&amp;ae;red</code>,1,0.0009017
143,aras,<code>aras</code>,1,0.0009017
143,asette,<code>asette</code>,1,0.0009017
143,asetton,<code>asetton</code>,1,0.0009017
143,astag,<code>astag</code>,1,0.0009017
143,astyred,<code>astyred</code>,1,0.0009017
143,b&aelig;ron,<code>b&amp;ae;ron</code>,1,0.0009017
143,banan,<code>banan</code>,1,0.0009017
143,beacna,<code>beacna</code>,1,0.0009017
143,beacne,<code>beacne</code>,1,0.0009017
143,bealuwara,<code>bealuwara</code>,1,0.0009017
143,beam,<code>beam</code>,1,0.0009017
143,beama,<code>beama</code>,1,0.0009017
143,bearn,<code>bearn</code>,1,0.0009017
143,bedealf,<code>bedealf</code>,1,0.0009017
143,bedrifenne,<code>bedrifenne</code>,1,0.0009017
143,beorg,<code>beorg</code>,1,0.0009017
143,beorge,<code>beorge</code>,1,0.0009017
143,beorhtan,<code>beorhtan</code>,1,0.0009017
143,beorhtost,<code>beorhtost</code>,1,0.0009017
143,beorn,<code>beorn</code>,1,0.0009017
143,bere&thorn;,<code>bere&amp;t;</code>,1,0.0009017
143,berstan,<code>berstan</code>,1,0.0009017
143,beswyled,<code>beswyled</code>,1,0.0009017
143,bewrigen,<code>bewrigen</code>,1,0.0009017
143,bewrigene,<code>bewrigene</code>,1,0.0009017
143,bewunden,<code>bewunden</code>,1,0.0009017
143,bi&thorn;,<code>bi&amp;t;</code>,1,0.0009017
143,bifian,<code>bifian</code>,1,0.0009017
143,bifode,<code>bifode</code>,1,0.0009017
143,biteres,<code>biteres</code>,1,0.0009017
143,bledum,<code>bledum</code>,1,0.0009017
143,bleom,<code>bleom</code>,1,0.0009017
143,bli&thorn;e,<code>bli&amp;t;e</code>,1,0.0009017
143,blode,<code>blode</code>,1,0.0009017
143,breostum,<code>breostum</code>,1,0.0009017
143,brucan,<code>brucan</code>,1,0.0009017
143,bryne,<code>bryne</code>,1,0.0009017
143,butu,<code>butu</code>,1,0.0009017
143,byrigde,<code>byrigde</code>,1,0.0009017
143,bysmeredon,<code>bysmeredon</code>,1,0.0009017
143,colode,<code>colode</code>,1,0.0009017
143,com,<code>com</code>,1,0.0009017
143,crist,<code>crist</code>,1,0.0009017
143,criste,<code>criste</code>,1,0.0009017
143,cumen,<code>cumen</code>,1,0.0009017
143,curfon,<code>curfon</code>,1,0.0009017
143,cwe&thorn;an,<code>cwe&amp;t;an</code>,1,0.0009017
143,cwi&thorn;don,<code>cwi&amp;t;don</code>,1,0.0009017
143,cwom,<code>cwom</code>,1,0.0009017
143,cwoman,<code>cwoman</code>,1,0.0009017
143,cwy&thorn;,<code>cwy&amp;t;</code>,1,0.0009017
143,cyninges,<code>cyninges</code>,1,0.0009017
143,cynn,<code>cynn</code>,1,0.0009017
143,cyst,<code>cyst</code>,1,0.0009017
143,daga,<code>daga</code>,1,0.0009017
143,dea&thorn;,<code>dea&amp;t;</code>,1,0.0009017
143,dea&thorn;es,<code>dea&amp;t;es</code>,1,0.0009017
143,deman,<code>deman</code>,1,0.0009017
143,deopan,<code>deopan</code>,1,0.0009017
143,deorcan,<code>deorcan</code>,1,0.0009017
143,dolg,<code>dolg</code>,1,0.0009017
143,domd&aelig;ge,<code>domd&amp;ae;ge</code>,1,0.0009017
143,domes,<code>domes</code>,1,0.0009017
143,dream,<code>dream</code>,1,0.0009017
143,dreames,<code>dreames</code>,1,0.0009017
143,dreamum,<code>dreamum</code>,1,0.0009017
143,dyde,<code>dyde</code>,1,0.0009017
143,e&thorn;el,<code>e&amp;t;el</code>,1,0.0009017
143,ea&thorn;mod,<code>ea&amp;t;mod</code>,1,0.0009017
143,eac,<code>eac</code>,1,0.0009017
143,eal,<code>eal</code>,1,0.0009017
143,ealdgewyrhtum,<code>ealdgewyrhtum</code>,1,0.0009017
143,ealdor,<code>ealdor</code>,1,0.0009017
143,eallum,<code>eallum</code>,1,0.0009017
143,ealra,<code>ealra</code>,1,0.0009017
143,earme,<code>earme</code>,1,0.0009017
143,earmra,<code>earmra</code>,1,0.0009017
143,eaxlegespanne,<code>eaxlegespanne</code>,1,0.0009017
143,eaxlum,<code>eaxlum</code>,1,0.0009017
143,efstan,<code>efstan</code>,1,0.0009017
143,egesa,<code>egesa</code>,1,0.0009017
143,egeslic,<code>egeslic</code>,1,0.0009017
143,ende,<code>ende</code>,1,0.0009017
143,engel,<code>engel</code>,1,0.0009017
143,englas,<code>englas</code>,1,0.0009017
143,englum,<code>englum</code>,1,0.0009017
143,eor&thorn;wege,<code>eor&amp;t;wege</code>,1,0.0009017
143,f&aelig;ger,<code>f&amp;ae;ger</code>,1,0.0009017
143,f&aelig;gran,<code>f&amp;ae;gran</code>,1,0.0009017
143,fah,<code>fah</code>,1,0.0009017
143,fea,<code>fea</code>,1,0.0009017
143,feallan,<code>feallan</code>,1,0.0009017
143,feorgbold,<code>feorgbold</code>,1,0.0009017
143,feorran,<code>feorran</code>,1,0.0009017
143,fife,<code>fife</code>,1,0.0009017
143,folc,<code>folc</code>,1,0.0009017
143,for&thorn;,<code>for&amp;t;</code>,1,0.0009017
143,for&thorn;an,<code>for&amp;t;an</code>,1,0.0009017
143,for&thorn;eode,<code>for&amp;t;eode</code>,1,0.0009017
143,for&thorn;gesceaft,<code>for&amp;t;gesceaft</code>,1,0.0009017
143,for&thorn;wege,<code>for&amp;t;wege</code>,1,0.0009017
143,forgeaf,<code>forgeaf</code>,1,0.0009017
143,forht,<code>forht</code>,1,0.0009017
143,forhtia&thorn;,<code>forhtia&amp;t;</code>,1,0.0009017
143,forleton,<code>forleton</code>,1,0.0009017
143,forwunded,<code>forwunded</code>,1,0.0009017
143,forwundod,<code>forwundod</code>,1,0.0009017
143,fracodes,<code>fracodes</code>,1,0.0009017
143,fram,<code>fram</code>,1,0.0009017
143,frean,<code>frean</code>,1,0.0009017
143,freond,<code>freond</code>,1,0.0009017
143,freonda,<code>freonda</code>,1,0.0009017
143,freondas,<code>freondas</code>,1,0.0009017
143,frine&thorn;,<code>frine&amp;t;</code>,1,0.0009017
143,funda&thorn;,<code>funda&amp;t;</code>,1,0.0009017
143,fyll,<code>fyll</code>,1,0.0009017
143,fyllan,<code>fyllan</code>,1,0.0009017
143,galan,<code>galan</code>,1,0.0009017
143,gange,<code>gange</code>,1,0.0009017
143,gast,<code>gast</code>,1,0.0009017
143,gasta,<code>gasta</code>,1,0.0009017
143,gastas,<code>gastas</code>,1,0.0009017
143,gealga,<code>gealga</code>,1,0.0009017
143,gealgan,<code>gealgan</code>,1,0.0009017
143,gealgtreowe,<code>gealgtreowe</code>,1,0.0009017
143,geara,<code>geara</code>,1,0.0009017
143,geb&aelig;d,<code>geb&amp;ae;d</code>,1,0.0009017
143,gebad,<code>gebad</code>,1,0.0009017
143,gebidda&thorn;,<code>gebidda&amp;t;</code>,1,0.0009017
143,gebringe,<code>gebringe</code>,1,0.0009017
143,geearna&thorn;,<code>geearna&amp;t;</code>,1,0.0009017
143,gef&aelig;stnodon,<code>gef&amp;ae;stnodon</code>,1,0.0009017
143,gefetige,<code>gefetige</code>,1,0.0009017
143,gefrunon,<code>gefrunon</code>,1,0.0009017
143,gefyllan,<code>gefyllan</code>,1,0.0009017
143,gegyred,<code>gegyred</code>,1,0.0009017
143,gegyrwed,<code>gegyrwed</code>,1,0.0009017
143,gehwylce,<code>gehwylce</code>,1,0.0009017
143,gehwylcum,<code>gehwylcum</code>,1,0.0009017
143,gehyran,<code>gehyran</code>,1,0.0009017
143,gehyrde,<code>gehyrde</code>,1,0.0009017
143,gem&aelig;tte,<code>gem&amp;ae;tte</code>,1,0.0009017
143,geman,<code>geman</code>,1,0.0009017
143,genaman,<code>genaman</code>,1,0.0009017
143,genamon,<code>genamon</code>,1,0.0009017
143,geniwad,<code>geniwad</code>,1,0.0009017
143,genoge,<code>genoge</code>,1,0.0009017
143,geong,<code>geong</code>,1,0.0009017
143,geriht,<code>geriht</code>,1,0.0009017
143,gerymde,<code>gerymde</code>,1,0.0009017
143,gesawe,<code>gesawe</code>,1,0.0009017
143,gesecan,<code>gesecan</code>,1,0.0009017
143,geseted,<code>geseted</code>,1,0.0009017
143,gesetton,<code>gesetton</code>,1,0.0009017
143,gesiene,<code>gesiene</code>,1,0.0009017
143,gestah,<code>gestah</code>,1,0.0009017
143,gestigan,<code>gestigan</code>,1,0.0009017
143,gestodon,<code>gestodon</code>,1,0.0009017
143,gewat,<code>gewat</code>,1,0.0009017
143,geweald,<code>geweald</code>,1,0.0009017
143,gewinne,<code>gewinne</code>,1,0.0009017
143,gewiton,<code>gewiton</code>,1,0.0009017
143,geworden,<code>geworden</code>,1,0.0009017
143,geworhton,<code>geworhton</code>,1,0.0009017
143,gode,<code>gode</code>,1,0.0009017
143,gold,<code>gold</code>,1,0.0009017
143,greotende,<code>greotende</code>,1,0.0009017
143,gyredon,<code>gyredon</code>,1,0.0009017
143,gyta,<code>gyta</code>,1,0.0009017
143,h&aelig;fde,<code>h&amp;ae;fde</code>,1,0.0009017
143,h&aelig;lan,<code>h&amp;ae;lan</code>,1,0.0009017
143,h&aelig;lendes,<code>h&amp;ae;lendes</code>,1,0.0009017
143,halige,<code>halige</code>,1,0.0009017
143,ham,<code>ham</code>,1,0.0009017
143,handa,<code>handa</code>,1,0.0009017
143,hate,<code>hate</code>,1,0.0009017
143,heafdum,<code>heafdum</code>,1,0.0009017
143,heahf&aelig;dere,<code>heahf&amp;ae;dere</code>,1,0.0009017
143,healfe,<code>healfe</code>,1,0.0009017
143,heanne,<code>heanne</code>,1,0.0009017
143,heardost,<code>heardost</code>,1,0.0009017
143,hebban,<code>hebban</code>,1,0.0009017
143,hefian,<code>hefian</code>,1,0.0009017
143,helpe,<code>helpe</code>,1,0.0009017
143,heofenas,<code>heofenas</code>,1,0.0009017
143,heofenes,<code>heofenes</code>,1,0.0009017
143,heofona,<code>heofona</code>,1,0.0009017
143,heofonlicne,<code>heofonlicne</code>,1,0.0009017
143,heofonrices,<code>heofonrices</code>,1,0.0009017
143,heonon,<code>heonon</code>,1,0.0009017
143,heton,<code>heton</code>,1,0.0009017
143,hi,<code>hi</code>,1,0.0009017
143,hider,<code>hider</code>,1,0.0009017
143,hiht,<code>hiht</code>,1,0.0009017
143,hilderinca,<code>hilderinca</code>,1,0.0009017
143,hilderincas,<code>hilderincas</code>,1,0.0009017
143,hira,<code>hira</code>,1,0.0009017
143,hlaford,<code>hlaford</code>,1,0.0009017
143,hleo&thorn;rode,<code>hleo&amp;t;rode</code>,1,0.0009017
143,hlifige,<code>hlifige</code>,1,0.0009017
143,hnag,<code>hnag</code>,1,0.0009017
143,holmwudu,<code>holmwudu</code>,1,0.0009017
143,holtes,<code>holtes</code>,1,0.0009017
143,hreowcearig,<code>hreowcearig</code>,1,0.0009017
143,huru,<code>huru</code>,1,0.0009017
143,hw&aelig;nne,<code>hw&amp;ae;nne</code>,1,0.0009017
143,hw&aelig;r,<code>hw&amp;ae;r</code>,1,0.0009017
143,hyht,<code>hyht</code>,1,0.0009017
143,hyldan,<code>hyldan</code>,1,0.0009017
143,in,<code>in</code>,1,0.0009017
143,inwidhlemmas,<code>inwidhlemmas</code>,1,0.0009017
143,l&aelig;dan,<code>l&amp;ae;dan</code>,1,0.0009017
143,l&aelig;nan,<code>l&amp;ae;nan</code>,1,0.0009017
143,l&aelig;num,<code>l&amp;ae;num</code>,1,0.0009017
143,la&thorn;ost,<code>la&amp;t;ost</code>,1,0.0009017
143,lange,<code>lange</code>,1,0.0009017
143,langunghwila,<code>langunghwila</code>,1,0.0009017
143,leodum,<code>leodum</code>,1,0.0009017
143,leohte,<code>leohte</code>,1,0.0009017
143,lices,<code>lices</code>,1,0.0009017
143,licgende,<code>licgende</code>,1,0.0009017
143,lif,<code>lif</code>,1,0.0009017
143,lifia&thorn;,<code>lifia&amp;t;</code>,1,0.0009017
143,limwerigne,<code>limwerigne</code>,1,0.0009017
143,lyft,<code>lyft</code>,1,0.0009017
143,lysan,<code>lysan</code>,1,0.0009017
143,m&aelig;nige,<code>m&amp;ae;nige</code>,1,0.0009017
143,m&aelig;ran,<code>m&amp;ae;ran</code>,1,0.0009017
143,mancyn,<code>mancyn</code>,1,0.0009017
143,mancynn,<code>mancynn</code>,1,0.0009017
143,manegum,<code>manegum</code>,1,0.0009017
143,manigeo,<code>manigeo</code>,1,0.0009017
143,manigra,<code>manigra</code>,1,0.0009017
143,marian,<code>marian</code>,1,0.0009017
143,meahte,<code>meahte</code>,1,0.0009017
143,middangeard,<code>middangeard</code>,1,0.0009017
143,midre,<code>midre</code>,1,0.0009017
143,miht,<code>miht</code>,1,0.0009017
143,mihtig,<code>mihtig</code>,1,0.0009017
143,minum,<code>minum</code>,1,0.0009017
143,modig,<code>modig</code>,1,0.0009017
143,modor,<code>modor</code>,1,0.0009017
143,modsefa,<code>modsefa</code>,1,0.0009017
143,moldern,<code>moldern</code>,1,0.0009017
143,mot,<code>mot</code>,1,0.0009017
143,mote,<code>mote</code>,1,0.0009017
143,mundbyrd,<code>mundbyrd</code>,1,0.0009017
143,n&aelig;glum,<code>n&amp;ae;glum</code>,1,0.0009017
143,n&aelig;nigum,<code>n&amp;ae;nigum</code>,1,0.0009017
143,nah,<code>nah</code>,1,0.0009017
143,naman,<code>naman</code>,1,0.0009017
143,nihte,<code>nihte</code>,1,0.0009017
143,o&thorn;&thorn;e,<code>o&amp;t;&amp;t;e</code>,1,0.0009017
143,oftor,<code>oftor</code>,1,0.0009017
143,onbyrigan,<code>onbyrigan</code>,1,0.0009017
143,onginnen,<code>onginnen</code>,1,0.0009017
143,ongyrede,<code>ongyrede</code>,1,0.0009017
143,ongytan,<code>ongytan</code>,1,0.0009017
143,onlysde,<code>onlysde</code>,1,0.0009017
143,onsended,<code>onsended</code>,1,0.0009017
143,onwreoh,<code>onwreoh</code>,1,0.0009017
143,opene,<code>opene</code>,1,0.0009017
143,reordberend,<code>reordberend</code>,1,0.0009017
143,reordberendum,<code>reordberendum</code>,1,0.0009017
143,ricne,<code>ricne</code>,1,0.0009017
143,ricra,<code>ricra</code>,1,0.0009017
143,rihtne,<code>rihtne</code>,1,0.0009017
143,s&aelig;l,<code>s&amp;ae;l</code>,1,0.0009017
143,sare,<code>sare</code>,1,0.0009017
143,sarra,<code>sarra</code>,1,0.0009017
143,sawl,<code>sawl</code>,1,0.0009017
143,sce&thorn;&thorn;an,<code>sce&amp;t;&amp;t;an</code>,1,0.0009017
143,sceadu,<code>sceadu</code>,1,0.0009017
143,sceal,<code>sceal</code>,1,0.0009017
143,sceatas,<code>sceatas</code>,1,0.0009017
143,sceawode,<code>sceawode</code>,1,0.0009017
143,sceolde,<code>sceolde</code>,1,0.0009017
143,sciman,<code>sciman</code>,1,0.0009017
143,scinan,<code>scinan</code>,1,0.0009017
143,scirne,<code>scirne</code>,1,0.0009017
143,sea&thorn;e,<code>sea&amp;t;e</code>,1,0.0009017
143,secgan,<code>secgan</code>,1,0.0009017
143,secge,<code>secge</code>,1,0.0009017
143,secgum,<code>secgum</code>,1,0.0009017
143,selest,<code>selest</code>,1,0.0009017
143,selesta,<code>selesta</code>,1,0.0009017
143,seo,<code>seo</code>,1,0.0009017
143,seolfre,<code>seolfre</code>,1,0.0009017
143,si,<code>si</code>,1,0.0009017
143,si&thorn;&thorn;an,<code>si&amp;t;&amp;t;an</code>,1,0.0009017
143,si&thorn;fate,<code>si&amp;t;fate</code>,1,0.0009017
143,si&thorn;ian,<code>si&amp;t;ian</code>,1,0.0009017
143,sidan,<code>sidan</code>,1,0.0009017
143,side,<code>side</code>,1,0.0009017
143,sie,<code>sie</code>,1,0.0009017
143,sigora,<code>sigora</code>,1,0.0009017
143,sigorf&aelig;st,<code>sigorf&amp;ae;st</code>,1,0.0009017
143,since,<code>since</code>,1,0.0009017
143,singal,<code>singal</code>,1,0.0009017
143,sohton,<code>sohton</code>,1,0.0009017
143,sorga,<code>sorga</code>,1,0.0009017
143,sorhleo&thorn;,<code>sorhleo&amp;t;</code>,1,0.0009017
143,spedig,<code>spedig</code>,1,0.0009017
143,sprecan,<code>sprecan</code>,1,0.0009017
143,sta&thorn;ole,<code>sta&amp;t;ole</code>,1,0.0009017
143,stane,<code>stane</code>,1,0.0009017
143,steame,<code>steame</code>,1,0.0009017
143,stefn,<code>stefn</code>,1,0.0009017
143,stefne,<code>stefne</code>,1,0.0009017
143,sti&thorn;mod,<code>sti&amp;t;mod</code>,1,0.0009017
143,stod,<code>stod</code>,1,0.0009017
143,str&aelig;lum,<code>str&amp;ae;lum</code>,1,0.0009017
143,strang,<code>strang</code>,1,0.0009017
143,strange,<code>strange</code>,1,0.0009017
143,sunu,<code>sunu</code>,1,0.0009017
143,sw&aelig;tan,<code>sw&amp;ae;tan</code>,1,0.0009017
143,swates,<code>swates</code>,1,0.0009017
143,swefna,<code>swefna</code>,1,0.0009017
143,swi&thorn;ran,<code>swi&amp;t;ran</code>,1,0.0009017
143,sylfa,<code>sylfa</code>,1,0.0009017
143,sylfe,<code>sylfe</code>,1,0.0009017
143,syllic,<code>syllic</code>,1,0.0009017
143,syllicre,<code>syllicre</code>,1,0.0009017
143,symle,<code>symle</code>,1,0.0009017
143,syndon,<code>syndon</code>,1,0.0009017
143,unc,<code>unc</code>,1,0.0009017
143,unforht,<code>unforht</code>,1,0.0009017
143,up,<code>up</code>,1,0.0009017
143,uppe,<code>uppe</code>,1,0.0009017
143,w&aelig;fersyne,<code>w&amp;ae;fersyne</code>,1,0.0009017
143,w&aelig;ron,<code>w&amp;ae;ron</code>,1,0.0009017
143,w&aelig;tan,<code>w&amp;ae;tan</code>,1,0.0009017
143,wann,<code>wann</code>,1,0.0009017
143,we,<code>we</code>,1,0.0009017
143,wealdende,<code>wealdende</code>,1,0.0009017
143,weard,<code>weard</code>,1,0.0009017
143,weg,<code>weg</code>,1,0.0009017
143,wendan,<code>wendan</code>,1,0.0009017
143,wene,<code>wene</code>,1,0.0009017
143,weop,<code>weop</code>,1,0.0009017
143,weor&thorn;ia&thorn;,<code>weor&amp;t;ia&amp;t;</code>,1,0.0009017
143,weor&thorn;ian,<code>weor&amp;t;ian</code>,1,0.0009017
143,weor&thorn;lice,<code>weor&amp;t;lice</code>,1,0.0009017
143,weorc,<code>weorc</code>,1,0.0009017
143,werede,<code>werede</code>,1,0.0009017
143,wergas,<code>wergas</code>,1,0.0009017
143,weruda,<code>weruda</code>,1,0.0009017
143,wide,<code>wide</code>,1,0.0009017
143,wifa,<code>wifa</code>,1,0.0009017
143,wile,<code>wile</code>,1,0.0009017
143,willa,<code>willa</code>,1,0.0009017
143,wita,<code>wita</code>,1,0.0009017
143,wite,<code>wite</code>,1,0.0009017
143,woldon,<code>woldon</code>,1,0.0009017
143,wommum,<code>wommum</code>,1,0.0009017
143,worde,<code>worde</code>,1,0.0009017
143,wordum,<code>wordum</code>,1,0.0009017
143,worulde,<code>worulde</code>,1,0.0009017
143,wra&thorn;ra,<code>wra&amp;t;ra</code>,1,0.0009017
143,wudu,<code>wudu</code>,1,0.0009017
143,wunia&thorn;,<code>wunia&amp;t;</code>,1,0.0009017
143,wylle,<code>wylle</code>,1,0.0009017
143,wynnum,<code>wynnum</code>,1,0.0009017
143,wyrcan,<code>wyrcan</code>,1,0.0009017
143,wyrd,<code>wyrd</code>,1,0.0009017
143,wyrda,<code>wyrda</code>,1,0.0009017
143,ymbclypte,<code>ymbclypte</code>,1,0.0009017
