virtual,manuscript,A02.005_Dream_T00090,550,408,550
RANK,HTML WORD,RAW WORD,COUNT,RELATIVE FREQUENCY
1,ic,ic,43,0.038773669972949
2,on,on,38,0.034265103697024
3,&thorn;&aelig;r,&amp;t;&amp;ae;r,28,0.025247971145176
4,me,me,27,0.024346257889991
5,&thorn;a,&amp;t;a,21,0.018935978358882
5,and,and,21,0.018935978358882
5,w&aelig;s,w&amp;ae;s,21,0.018935978358882
8,&thorn;&aelig;t,&amp;t;&amp;ae;t,20,0.018034265103697
8,mid,mid,20,0.018034265103697
10,&thorn;am,&amp;t;am,16,0.014427412082958
10,to,to,16,0.014427412082958
12,he,he,15,0.013525698827773
13,&thorn;e,&amp;t;e,11,0.0099188458070334
13,hie,hie,11,0.0099188458070334
13,se,se,11,0.0099188458070334
16,him,him,10,0.0090171325518485
17,eall,eall,8,0.0072137060414788
17,is,is,8,0.0072137060414788
19,for,for,7,0.006311992786294
19,god,god,7,0.006311992786294
19,ne,ne,7,0.006311992786294
22,&aelig;lmihtig,&amp;ae;lmihtig,6,0.0054102795311091
22,&thorn;onne,&amp;t;onne,6,0.0054102795311091
22,dryhtnes,dryhtnes,6,0.0054102795311091
22,his,his,6,0.0054102795311091
22,hw&aelig;&thorn;re,hw&amp;ae;&amp;t;re,6,0.0054102795311091
22,nu,nu,6,0.0054102795311091
22,of,of,6,0.0054102795311091
29,&aelig;r,&amp;ae;r,5,0.0045085662759243
29,ac,ac,5,0.0045085662759243
29,ealle,ealle,5,0.0045085662759243
29,eor&thorn;an,eor&amp;t;an,5,0.0045085662759243
29,geseah,geseah,5,0.0045085662759243
29,ofer,ofer,5,0.0045085662759243
35,dorste,dorste,4,0.0036068530207394
35,dryhten,dryhten,4,0.0036068530207394
35,gesyh&thorn;e,gesyh&amp;t;e,4,0.0036068530207394
35,hine,hine,4,0.0036068530207394
35,hit,hit,4,0.0036068530207394
35,hw&aelig;t,hw&amp;ae;t,4,0.0036068530207394
35,hwile,hwile,4,0.0036068530207394
35,treow,treow,4,0.0036068530207394
35,us,us,4,0.0036068530207394
35,wuldres,wuldres,4,0.0036068530207394
45,&thorn;&aelig;re,&amp;t;&amp;ae;re,3,0.0027051397655546
45,&thorn;rowode,&amp;t;rowode,3,0.0027051397655546
45,&thorn;urh,&amp;t;urh,3,0.0027051397655546
45,beheoldon,beheoldon,3,0.0027051397655546
45,eft,eft,3,0.0027051397655546
45,elne,elne,3,0.0027051397655546
45,feala,feala,3,0.0027051397655546
45,feondas,feondas,3,0.0027051397655546
45,foldan,foldan,3,0.0027051397655546
45,gesceaft,gesceaft,3,0.0027051397655546
45,geweor&thorn;ode,geweor&amp;t;ode,3,0.0027051397655546
45,golde,golde,3,0.0027051397655546
45,h&aelig;le&thorn;,h&amp;ae;le&amp;t;,3,0.0027051397655546
45,her,her,3,0.0027051397655546
45,hw&aelig;&thorn;ere,hw&amp;ae;&amp;t;ere,3,0.0027051397655546
45,man,man,3,0.0027051397655546
45,min,min,3,0.0027051397655546
45,mycle,mycle,3,0.0027051397655546
45,ongan,ongan,3,0.0027051397655546
45,reste,reste,3,0.0027051397655546
45,rode,rode,3,0.0027051397655546
45,swa,swa,3,0.0027051397655546
45,sy&thorn;&thorn;an,sy&amp;t;&amp;t;an,3,0.0027051397655546
45,synnum,synnum,3,0.0027051397655546
45,wealdend,wealdend,3,0.0027051397655546
45,wolde,wolde,3,0.0027051397655546
45,wuldre,wuldre,3,0.0027051397655546
72,&aelig;nig,&amp;ae;nig,2,0.0018034265103697
72,&aelig;t,&amp;ae;t,2,0.0018034265103697
72,&thorn;eos,&amp;t;eos,2,0.0018034265103697
72,&thorn;u,&amp;t;u,2,0.0018034265103697
72,&thorn;yssum,&amp;t;yssum,2,0.0018034265103697
72,ana,ana,2,0.0018034265103697
72,anra,anra,2,0.0018034265103697
72,beacen,beacen,2,0.0018034265103697
72,beame,beame,2,0.0018034265103697
72,begoten,begoten,2,0.0018034265103697
72,beheold,beheold,2,0.0018034265103697
72,beornas,beornas,2,0.0018034265103697
72,bestemed,bestemed,2,0.0018034265103697
72,blis,blis,2,0.0018034265103697
72,blisse,blisse,2,0.0018034265103697
72,bugan,bugan,2,0.0018034265103697
72,cyning,cyning,2,0.0018034265103697
72,f&aelig;gere,f&amp;ae;gere,2,0.0018034265103697
72,f&aelig;ste,f&amp;ae;ste,2,0.0018034265103697
72,fuse,fuse,2,0.0018034265103697
72,gebiden,gebiden,2,0.0018034265103697
72,gedrefed,gedrefed,2,0.0018034265103697
72,gimmas,gimmas,2,0.0018034265103697
72,godes,godes,2,0.0018034265103697
72,guman,guman,2,0.0018034265103697
72,h&aelig;bbe,h&amp;ae;bbe,2,0.0018034265103697
72,h&aelig;fdon,h&amp;ae;fdon,2,0.0018034265103697
72,halgum,halgum,2,0.0018034265103697
72,heofenum,heofenum,2,0.0018034265103697
72,heofonum,heofonum,2,0.0018034265103697
72,heora,heora,2,0.0018034265103697
72,hr&aelig;w,hr&amp;ae;w,2,0.0018034265103697
72,hwilum,hwilum,2,0.0018034265103697
72,iu,iu,2,0.0018034265103697
72,leofa,leofa,2,0.0018034265103697
72,life,life,2,0.0018034265103697
72,lifes,lifes,2,0.0018034265103697
72,m&aelig;g,m&amp;ae;g,2,0.0018034265103697
72,m&aelig;re,m&amp;ae;re,2,0.0018034265103697
72,m&aelig;te,m&amp;ae;te,2,0.0018034265103697
72,mancynnes,mancynnes,2,0.0018034265103697
72,mannum,mannum,2,0.0018034265103697
72,me&thorn;e,me&amp;t;e,2,0.0018034265103697
72,men,men,2,0.0018034265103697
72,menn,menn,2,0.0018034265103697
72,miclan,miclan,2,0.0018034265103697
72,mihte,mihte,2,0.0018034265103697
72,mode,mode,2,0.0018034265103697
72,moldan,moldan,2,0.0018034265103697
72,mycel,mycel,2,0.0018034265103697
72,o&thorn;&thorn;&aelig;t,o&amp;t;&amp;t;&amp;ae;t,2,0.0018034265103697
72,ongunnon,ongunnon,2,0.0018034265103697
72,rice,rice,2,0.0018034265103697
72,rod,rod,2,0.0018034265103697
72,sceatum,sceatum,2,0.0018034265103697
72,secan,secan,2,0.0018034265103697
72,sigebeam,sigebeam,2,0.0018034265103697
72,sorgum,sorgum,2,0.0018034265103697
72,standan,standan,2,0.0018034265103697
72,stodon,stodon,2,0.0018034265103697
72,swylce,swylce,2,0.0018034265103697
72,under,under,2,0.0018034265103697
72,w&aelig;dum,w&amp;ae;dum,2,0.0018034265103697
72,wealdendes,wealdendes,2,0.0018034265103697
72,well,well,2,0.0018034265103697
72,weorode,weorode,2,0.0018034265103697
72,wesan,wesan,2,0.0018034265103697
72,wolcnum,wolcnum,2,0.0018034265103697
72,word,word,2,0.0018034265103697
72,wunedon,wunedon,2,0.0018034265103697
72,wunian,wunian,2,0.0018034265103697
143,&aelig;&thorn;elinge,&amp;ae;&amp;t;elinge,1,0.00090171325518485
143,&aelig;fentide,&amp;ae;fentide,1,0.00090171325518485
143,&aelig;fter,&amp;ae;fter,1,0.00090171325518485
143,&aelig;ghwylc,&amp;ae;ghwylc,1,0.00090171325518485
143,&aelig;ghwylcne,&amp;ae;ghwylcne,1,0.00090171325518485
143,&aelig;lmihtigne,&amp;ae;lmihtigne,1,0.00090171325518485
143,&aelig;r&thorn;an,&amp;ae;r&amp;t;an,1,0.00090171325518485
143,&aelig;rest,&amp;ae;rest,1,0.00090171325518485
143,&aelig;rgewin,&amp;ae;rgewin,1,0.00090171325518485
143,&aelig;rur,&amp;ae;rur,1,0.00090171325518485
143,&aelig;tg&aelig;dere,&amp;ae;tg&amp;ae;dere,1,0.00090171325518485
143,&thorn;&aelig;ron,&amp;t;&amp;ae;ron,1,0.00090171325518485
143,&thorn;&aelig;s,&amp;t;&amp;ae;s,1,0.00090171325518485
143,&thorn;an,&amp;t;an,1,0.00090171325518485
143,&thorn;ara,&amp;t;ara,1,0.00090171325518485
143,&thorn;as,&amp;t;as,1,0.00090171325518485
143,&thorn;earf,&amp;t;earf,1,0.00090171325518485
143,&thorn;earle,&amp;t;earle,1,0.00090171325518485
143,&thorn;egnas,&amp;t;egnas,1,0.00090171325518485
143,&thorn;enca&thorn;,&amp;t;enca&amp;t;,1,0.00090171325518485
143,&thorn;ence&thorn;,&amp;t;ence&amp;t;,1,0.00090171325518485
143,&thorn;enian,&amp;t;enian,1,0.00090171325518485
143,&thorn;eodne,&amp;t;eodne,1,0.00090171325518485
143,&thorn;olodan,&amp;t;olodan,1,0.00090171325518485
143,&thorn;one,&amp;t;one,1,0.00090171325518485
143,&thorn;rymf&aelig;st,&amp;t;rymf&amp;ae;st,1,0.00090171325518485
143,&thorn;uhte,&amp;t;uhte,1,0.00090171325518485
143,&thorn;urhdrifan,&amp;t;urhdrifan,1,0.00090171325518485
143,&thorn;ysne,&amp;t;ysne,1,0.00090171325518485
143,&thorn;ysson,&amp;t;ysson,1,0.00090171325518485
143,&thorn;ystro,&amp;t;ystro,1,0.00090171325518485
143,adomes,adomes,1,0.00090171325518485
143,afysed,afysed,1,0.00090171325518485
143,ah,ah,1,0.00090171325518485
143,aheawen,aheawen,1,0.00090171325518485
143,ahof,ahof,1,0.00090171325518485
143,ahofon,ahofon,1,0.00090171325518485
143,aledon,aledon,1,0.00090171325518485
143,anforht,anforht,1,0.00090171325518485
143,anwealda,anwealda,1,0.00090171325518485
143,ar&aelig;red,ar&amp;ae;red,1,0.00090171325518485
143,aras,aras,1,0.00090171325518485
143,asette,asette,1,0.00090171325518485
143,asetton,asetton,1,0.00090171325518485
143,astag,astag,1,0.00090171325518485
143,astyred,astyred,1,0.00090171325518485
143,b&aelig;ron,b&amp;ae;ron,1,0.00090171325518485
143,banan,banan,1,0.00090171325518485
143,beacna,beacna,1,0.00090171325518485
143,beacne,beacne,1,0.00090171325518485
143,bealuwara,bealuwara,1,0.00090171325518485
143,beam,beam,1,0.00090171325518485
143,beama,beama,1,0.00090171325518485
143,bearn,bearn,1,0.00090171325518485
143,bedealf,bedealf,1,0.00090171325518485
143,bedrifenne,bedrifenne,1,0.00090171325518485
143,beorg,beorg,1,0.00090171325518485
143,beorge,beorge,1,0.00090171325518485
143,beorhtan,beorhtan,1,0.00090171325518485
143,beorhtost,beorhtost,1,0.00090171325518485
143,beorn,beorn,1,0.00090171325518485
143,bere&thorn;,bere&amp;t;,1,0.00090171325518485
143,berstan,berstan,1,0.00090171325518485
143,beswyled,beswyled,1,0.00090171325518485
143,bewrigen,bewrigen,1,0.00090171325518485
143,bewrigene,bewrigene,1,0.00090171325518485
143,bewunden,bewunden,1,0.00090171325518485
143,bi&thorn;,bi&amp;t;,1,0.00090171325518485
143,bifian,bifian,1,0.00090171325518485
143,bifode,bifode,1,0.00090171325518485
143,biteres,biteres,1,0.00090171325518485
143,bledum,bledum,1,0.00090171325518485
143,bleom,bleom,1,0.00090171325518485
143,bli&thorn;e,bli&amp;t;e,1,0.00090171325518485
143,blode,blode,1,0.00090171325518485
143,breostum,breostum,1,0.00090171325518485
143,brucan,brucan,1,0.00090171325518485
143,bryne,bryne,1,0.00090171325518485
143,butu,butu,1,0.00090171325518485
143,byrigde,byrigde,1,0.00090171325518485
143,bysmeredon,bysmeredon,1,0.00090171325518485
143,colode,colode,1,0.00090171325518485
143,com,com,1,0.00090171325518485
143,crist,crist,1,0.00090171325518485
143,criste,criste,1,0.00090171325518485
143,cumen,cumen,1,0.00090171325518485
143,curfon,curfon,1,0.00090171325518485
143,cwe&thorn;an,cwe&amp;t;an,1,0.00090171325518485
143,cwi&thorn;don,cwi&amp;t;don,1,0.00090171325518485
143,cwom,cwom,1,0.00090171325518485
143,cwoman,cwoman,1,0.00090171325518485
143,cwy&thorn;,cwy&amp;t;,1,0.00090171325518485
143,cyninges,cyninges,1,0.00090171325518485
143,cynn,cynn,1,0.00090171325518485
143,cyst,cyst,1,0.00090171325518485
143,daga,daga,1,0.00090171325518485
143,dea&thorn;,dea&amp;t;,1,0.00090171325518485
143,dea&thorn;es,dea&amp;t;es,1,0.00090171325518485
143,deman,deman,1,0.00090171325518485
143,deopan,deopan,1,0.00090171325518485
143,deorcan,deorcan,1,0.00090171325518485
143,dolg,dolg,1,0.00090171325518485
143,domd&aelig;ge,domd&amp;ae;ge,1,0.00090171325518485
143,domes,domes,1,0.00090171325518485
143,dream,dream,1,0.00090171325518485
143,dreames,dreames,1,0.00090171325518485
143,dreamum,dreamum,1,0.00090171325518485
143,dyde,dyde,1,0.00090171325518485
143,e&thorn;el,e&amp;t;el,1,0.00090171325518485
143,ea&thorn;mod,ea&amp;t;mod,1,0.00090171325518485
143,eac,eac,1,0.00090171325518485
143,eal,eal,1,0.00090171325518485
143,ealdgewyrhtum,ealdgewyrhtum,1,0.00090171325518485
143,ealdor,ealdor,1,0.00090171325518485
143,eallum,eallum,1,0.00090171325518485
143,ealra,ealra,1,0.00090171325518485
143,earme,earme,1,0.00090171325518485
143,earmra,earmra,1,0.00090171325518485
143,eaxlegespanne,eaxlegespanne,1,0.00090171325518485
143,eaxlum,eaxlum,1,0.00090171325518485
143,efstan,efstan,1,0.00090171325518485
143,egesa,egesa,1,0.00090171325518485
143,egeslic,egeslic,1,0.00090171325518485
143,ende,ende,1,0.00090171325518485
143,engel,engel,1,0.00090171325518485
143,englas,englas,1,0.00090171325518485
143,englum,englum,1,0.00090171325518485
143,eor&thorn;wege,eor&amp;t;wege,1,0.00090171325518485
143,f&aelig;ger,f&amp;ae;ger,1,0.00090171325518485
143,f&aelig;gran,f&amp;ae;gran,1,0.00090171325518485
143,fah,fah,1,0.00090171325518485
143,fea,fea,1,0.00090171325518485
143,feallan,feallan,1,0.00090171325518485
143,feorgbold,feorgbold,1,0.00090171325518485
143,feorran,feorran,1,0.00090171325518485
143,fife,fife,1,0.00090171325518485
143,folc,folc,1,0.00090171325518485
143,for&thorn;,for&amp;t;,1,0.00090171325518485
143,for&thorn;an,for&amp;t;an,1,0.00090171325518485
143,for&thorn;eode,for&amp;t;eode,1,0.00090171325518485
143,for&thorn;gesceaft,for&amp;t;gesceaft,1,0.00090171325518485
143,for&thorn;wege,for&amp;t;wege,1,0.00090171325518485
143,forgeaf,forgeaf,1,0.00090171325518485
143,forht,forht,1,0.00090171325518485
143,forhtia&thorn;,forhtia&amp;t;,1,0.00090171325518485
143,forleton,forleton,1,0.00090171325518485
143,forwunded,forwunded,1,0.00090171325518485
143,forwundod,forwundod,1,0.00090171325518485
143,fracodes,fracodes,1,0.00090171325518485
143,fram,fram,1,0.00090171325518485
143,frean,frean,1,0.00090171325518485
143,freond,freond,1,0.00090171325518485
143,freonda,freonda,1,0.00090171325518485
143,freondas,freondas,1,0.00090171325518485
143,frine&thorn;,frine&amp;t;,1,0.00090171325518485
143,funda&thorn;,funda&amp;t;,1,0.00090171325518485
143,fyll,fyll,1,0.00090171325518485
143,fyllan,fyllan,1,0.00090171325518485
143,galan,galan,1,0.00090171325518485
143,gange,gange,1,0.00090171325518485
143,gast,gast,1,0.00090171325518485
143,gasta,gasta,1,0.00090171325518485
143,gastas,gastas,1,0.00090171325518485
143,gealga,gealga,1,0.00090171325518485
143,gealgan,gealgan,1,0.00090171325518485
143,gealgtreowe,gealgtreowe,1,0.00090171325518485
143,geara,geara,1,0.00090171325518485
143,geb&aelig;d,geb&amp;ae;d,1,0.00090171325518485
143,gebad,gebad,1,0.00090171325518485
143,gebidda&thorn;,gebidda&amp;t;,1,0.00090171325518485
143,gebringe,gebringe,1,0.00090171325518485
143,geearna&thorn;,geearna&amp;t;,1,0.00090171325518485
143,gef&aelig;stnodon,gef&amp;ae;stnodon,1,0.00090171325518485
143,gefetige,gefetige,1,0.00090171325518485
143,gefrunon,gefrunon,1,0.00090171325518485
143,gefyllan,gefyllan,1,0.00090171325518485
143,gegyred,gegyred,1,0.00090171325518485
143,gegyrwed,gegyrwed,1,0.00090171325518485
143,gehwylce,gehwylce,1,0.00090171325518485
143,gehwylcum,gehwylcum,1,0.00090171325518485
143,gehyran,gehyran,1,0.00090171325518485
143,gehyrde,gehyrde,1,0.00090171325518485
143,gem&aelig;tte,gem&amp;ae;tte,1,0.00090171325518485
143,geman,geman,1,0.00090171325518485
143,genaman,genaman,1,0.00090171325518485
143,genamon,genamon,1,0.00090171325518485
143,geniwad,geniwad,1,0.00090171325518485
143,genoge,genoge,1,0.00090171325518485
143,geong,geong,1,0.00090171325518485
143,geriht,geriht,1,0.00090171325518485
143,gerymde,gerymde,1,0.00090171325518485
143,gesawe,gesawe,1,0.00090171325518485
143,gesecan,gesecan,1,0.00090171325518485
143,geseted,geseted,1,0.00090171325518485
143,gesetton,gesetton,1,0.00090171325518485
143,gesiene,gesiene,1,0.00090171325518485
143,gestah,gestah,1,0.00090171325518485
143,gestigan,gestigan,1,0.00090171325518485
143,gestodon,gestodon,1,0.00090171325518485
143,gewat,gewat,1,0.00090171325518485
143,geweald,geweald,1,0.00090171325518485
143,gewinne,gewinne,1,0.00090171325518485
143,gewiton,gewiton,1,0.00090171325518485
143,geworden,geworden,1,0.00090171325518485
143,geworhton,geworhton,1,0.00090171325518485
143,gode,gode,1,0.00090171325518485
143,gold,gold,1,0.00090171325518485
143,greotende,greotende,1,0.00090171325518485
143,gyredon,gyredon,1,0.00090171325518485
143,gyta,gyta,1,0.00090171325518485
143,h&aelig;fde,h&amp;ae;fde,1,0.00090171325518485
143,h&aelig;lan,h&amp;ae;lan,1,0.00090171325518485
143,h&aelig;lendes,h&amp;ae;lendes,1,0.00090171325518485
143,halige,halige,1,0.00090171325518485
143,ham,ham,1,0.00090171325518485
143,handa,handa,1,0.00090171325518485
143,hate,hate,1,0.00090171325518485
143,heafdum,heafdum,1,0.00090171325518485
143,heahf&aelig;dere,heahf&amp;ae;dere,1,0.00090171325518485
143,healfe,healfe,1,0.00090171325518485
143,heanne,heanne,1,0.00090171325518485
143,heardost,heardost,1,0.00090171325518485
143,hebban,hebban,1,0.00090171325518485
143,hefian,hefian,1,0.00090171325518485
143,helpe,helpe,1,0.00090171325518485
143,heofenas,heofenas,1,0.00090171325518485
143,heofenes,heofenes,1,0.00090171325518485
143,heofona,heofona,1,0.00090171325518485
143,heofonlicne,heofonlicne,1,0.00090171325518485
143,heofonrices,heofonrices,1,0.00090171325518485
143,heonon,heonon,1,0.00090171325518485
143,heton,heton,1,0.00090171325518485
143,hi,hi,1,0.00090171325518485
143,hider,hider,1,0.00090171325518485
143,hiht,hiht,1,0.00090171325518485
143,hilderinca,hilderinca,1,0.00090171325518485
143,hilderincas,hilderincas,1,0.00090171325518485
143,hira,hira,1,0.00090171325518485
143,hlaford,hlaford,1,0.00090171325518485
143,hleo&thorn;rode,hleo&amp;t;rode,1,0.00090171325518485
143,hlifige,hlifige,1,0.00090171325518485
143,hnag,hnag,1,0.00090171325518485
143,holmwudu,holmwudu,1,0.00090171325518485
143,holtes,holtes,1,0.00090171325518485
143,hreowcearig,hreowcearig,1,0.00090171325518485
143,huru,huru,1,0.00090171325518485
143,hw&aelig;nne,hw&amp;ae;nne,1,0.00090171325518485
143,hw&aelig;r,hw&amp;ae;r,1,0.00090171325518485
143,hyht,hyht,1,0.00090171325518485
143,hyldan,hyldan,1,0.00090171325518485
143,in,in,1,0.00090171325518485
143,inwidhlemmas,inwidhlemmas,1,0.00090171325518485
143,l&aelig;dan,l&amp;ae;dan,1,0.00090171325518485
143,l&aelig;nan,l&amp;ae;nan,1,0.00090171325518485
143,l&aelig;num,l&amp;ae;num,1,0.00090171325518485
143,la&thorn;ost,la&amp;t;ost,1,0.00090171325518485
143,lange,lange,1,0.00090171325518485
143,langunghwila,langunghwila,1,0.00090171325518485
143,leodum,leodum,1,0.00090171325518485
143,leohte,leohte,1,0.00090171325518485
143,lices,lices,1,0.00090171325518485
143,licgende,licgende,1,0.00090171325518485
143,lif,lif,1,0.00090171325518485
143,lifia&thorn;,lifia&amp;t;,1,0.00090171325518485
143,limwerigne,limwerigne,1,0.00090171325518485
143,lyft,lyft,1,0.00090171325518485
143,lysan,lysan,1,0.00090171325518485
143,m&aelig;nige,m&amp;ae;nige,1,0.00090171325518485
143,m&aelig;ran,m&amp;ae;ran,1,0.00090171325518485
143,mancyn,mancyn,1,0.00090171325518485
143,mancynn,mancynn,1,0.00090171325518485
143,manegum,manegum,1,0.00090171325518485
143,manigeo,manigeo,1,0.00090171325518485
143,manigra,manigra,1,0.00090171325518485
143,marian,marian,1,0.00090171325518485
143,meahte,meahte,1,0.00090171325518485
143,middangeard,middangeard,1,0.00090171325518485
143,midre,midre,1,0.00090171325518485
143,miht,miht,1,0.00090171325518485
143,mihtig,mihtig,1,0.00090171325518485
143,minum,minum,1,0.00090171325518485
143,modig,modig,1,0.00090171325518485
143,modor,modor,1,0.00090171325518485
143,modsefa,modsefa,1,0.00090171325518485
143,moldern,moldern,1,0.00090171325518485
143,mot,mot,1,0.00090171325518485
143,mote,mote,1,0.00090171325518485
143,mundbyrd,mundbyrd,1,0.00090171325518485
143,n&aelig;glum,n&amp;ae;glum,1,0.00090171325518485
143,n&aelig;nigum,n&amp;ae;nigum,1,0.00090171325518485
143,nah,nah,1,0.00090171325518485
143,naman,naman,1,0.00090171325518485
143,nihte,nihte,1,0.00090171325518485
143,o&thorn;&thorn;e,o&amp;t;&amp;t;e,1,0.00090171325518485
143,oftor,oftor,1,0.00090171325518485
143,onbyrigan,onbyrigan,1,0.00090171325518485
143,onginnen,onginnen,1,0.00090171325518485
143,ongyrede,ongyrede,1,0.00090171325518485
143,ongytan,ongytan,1,0.00090171325518485
143,onlysde,onlysde,1,0.00090171325518485
143,onsended,onsended,1,0.00090171325518485
143,onwreoh,onwreoh,1,0.00090171325518485
143,opene,opene,1,0.00090171325518485
143,reordberend,reordberend,1,0.00090171325518485
143,reordberendum,reordberendum,1,0.00090171325518485
143,ricne,ricne,1,0.00090171325518485
143,ricra,ricra,1,0.00090171325518485
143,rihtne,rihtne,1,0.00090171325518485
143,s&aelig;l,s&amp;ae;l,1,0.00090171325518485
143,sare,sare,1,0.00090171325518485
143,sarra,sarra,1,0.00090171325518485
143,sawl,sawl,1,0.00090171325518485
143,sce&thorn;&thorn;an,sce&amp;t;&amp;t;an,1,0.00090171325518485
143,sceadu,sceadu,1,0.00090171325518485
143,sceal,sceal,1,0.00090171325518485
143,sceatas,sceatas,1,0.00090171325518485
143,sceawode,sceawode,1,0.00090171325518485
143,sceolde,sceolde,1,0.00090171325518485
143,sciman,sciman,1,0.00090171325518485
143,scinan,scinan,1,0.00090171325518485
143,scirne,scirne,1,0.00090171325518485
143,sea&thorn;e,sea&amp;t;e,1,0.00090171325518485
143,secgan,secgan,1,0.00090171325518485
143,secge,secge,1,0.00090171325518485
143,secgum,secgum,1,0.00090171325518485
143,selest,selest,1,0.00090171325518485
143,selesta,selesta,1,0.00090171325518485
143,seo,seo,1,0.00090171325518485
143,seolfre,seolfre,1,0.00090171325518485
143,si,si,1,0.00090171325518485
143,si&thorn;&thorn;an,si&amp;t;&amp;t;an,1,0.00090171325518485
143,si&thorn;fate,si&amp;t;fate,1,0.00090171325518485
143,si&thorn;ian,si&amp;t;ian,1,0.00090171325518485
143,sidan,sidan,1,0.00090171325518485
143,side,side,1,0.00090171325518485
143,sie,sie,1,0.00090171325518485
143,sigora,sigora,1,0.00090171325518485
143,sigorf&aelig;st,sigorf&amp;ae;st,1,0.00090171325518485
143,since,since,1,0.00090171325518485
143,singal,singal,1,0.00090171325518485
143,sohton,sohton,1,0.00090171325518485
143,sorga,sorga,1,0.00090171325518485
143,sorhleo&thorn;,sorhleo&amp;t;,1,0.00090171325518485
143,spedig,spedig,1,0.00090171325518485
143,sprecan,sprecan,1,0.00090171325518485
143,sta&thorn;ole,sta&amp;t;ole,1,0.00090171325518485
143,stane,stane,1,0.00090171325518485
143,steame,steame,1,0.00090171325518485
143,stefn,stefn,1,0.00090171325518485
143,stefne,stefne,1,0.00090171325518485
143,sti&thorn;mod,sti&amp;t;mod,1,0.00090171325518485
143,stod,stod,1,0.00090171325518485
143,str&aelig;lum,str&amp;ae;lum,1,0.00090171325518485
143,strang,strang,1,0.00090171325518485
143,strange,strange,1,0.00090171325518485
143,sunu,sunu,1,0.00090171325518485
143,sw&aelig;tan,sw&amp;ae;tan,1,0.00090171325518485
143,swates,swates,1,0.00090171325518485
143,swefna,swefna,1,0.00090171325518485
143,swi&thorn;ran,swi&amp;t;ran,1,0.00090171325518485
143,sylfa,sylfa,1,0.00090171325518485
143,sylfe,sylfe,1,0.00090171325518485
143,syllic,syllic,1,0.00090171325518485
143,syllicre,syllicre,1,0.00090171325518485
143,symle,symle,1,0.00090171325518485
143,syndon,syndon,1,0.00090171325518485
143,unc,unc,1,0.00090171325518485
143,unforht,unforht,1,0.00090171325518485
143,up,up,1,0.00090171325518485
143,uppe,uppe,1,0.00090171325518485
143,w&aelig;fersyne,w&amp;ae;fersyne,1,0.00090171325518485
143,w&aelig;ron,w&amp;ae;ron,1,0.00090171325518485
143,w&aelig;tan,w&amp;ae;tan,1,0.00090171325518485
143,wann,wann,1,0.00090171325518485
143,we,we,1,0.00090171325518485
143,wealdende,wealdende,1,0.00090171325518485
143,weard,weard,1,0.00090171325518485
143,weg,weg,1,0.00090171325518485
143,wendan,wendan,1,0.00090171325518485
143,wene,wene,1,0.00090171325518485
143,weop,weop,1,0.00090171325518485
143,weor&thorn;ia&thorn;,weor&amp;t;ia&amp;t;,1,0.00090171325518485
143,weor&thorn;ian,weor&amp;t;ian,1,0.00090171325518485
143,weor&thorn;lice,weor&amp;t;lice,1,0.00090171325518485
143,weorc,weorc,1,0.00090171325518485
143,werede,werede,1,0.00090171325518485
143,wergas,wergas,1,0.00090171325518485
143,weruda,weruda,1,0.00090171325518485
143,wide,wide,1,0.00090171325518485
143,wifa,wifa,1,0.00090171325518485
143,wile,wile,1,0.00090171325518485
143,willa,willa,1,0.00090171325518485
143,wita,wita,1,0.00090171325518485
143,wite,wite,1,0.00090171325518485
143,woldon,woldon,1,0.00090171325518485
143,wommum,wommum,1,0.00090171325518485
143,worde,worde,1,0.00090171325518485
143,wordum,wordum,1,0.00090171325518485
143,worulde,worulde,1,0.00090171325518485
143,wra&thorn;ra,wra&amp;t;ra,1,0.00090171325518485
143,wudu,wudu,1,0.00090171325518485
143,wunia&thorn;,wunia&amp;t;,1,0.00090171325518485
143,wylle,wylle,1,0.00090171325518485
143,wynnum,wynnum,1,0.00090171325518485
143,wyrcan,wyrcan,1,0.00090171325518485
143,wyrd,wyrd,1,0.00090171325518485
143,wyrda,wyrda,1,0.00090171325518485
143,ymbclypte,ymbclypte,1,0.00090171325518485
