A_Poetry,A03,A03.022.048_Rid_48_T00790.txt,41,39,43
RANK,HTML WORD,RAW WORD,COUNT,RELATIVE FREQUENCY
3,&thorn;eah,<code>&amp;t;eah</code>,1,0.0232558
3,be&thorn;encan,<code>be&amp;t;encan</code>,1,0.0232558
3,butan,<code>butan</code>,1,0.0232558
3,cirmde,<code>cirmde</code>,1,0.0232558
3,cw&aelig;&eth;,<code>cw&amp;ae;&amp;d;</code>,1,0.0232558
3,endean,<code>endean</code>,1,0.0232558
1,for,<code>for</code>,2,0.0465116
3,g&aelig;sta,<code>g&amp;ae;sta</code>,1,0.0232558
3,galdorcwide,<code>galdorcwide</code>,1,0.0232558
3,gecw&aelig;&eth;,<code>gecw&amp;ae;&amp;d;</code>,1,0.0232558
3,gefr&aelig;gn,<code>gefr&amp;ae;gn</code>,1,0.0232558
3,geh&aelig;le,<code>geh&amp;ae;le</code>,1,0.0232558
3,gleawe,<code>gleawe</code>,1,0.0232558
3,gode,<code>gode</code>,1,0.0232558
3,goldes,<code>goldes</code>,1,0.0232558
3,guman,<code>guman</code>,1,0.0232558
3,h&aelig;le&thorn;um,<code>h&amp;ae;le&amp;t;um</code>,1,0.0232558
3,h&aelig;lo,<code>h&amp;ae;lo</code>,1,0.0232558
3,he,<code>he</code>,1,0.0232558
3,helpend,<code>helpend</code>,1,0.0232558
3,hlude,<code>hlude</code>,1,0.0232558
1,hring,<code>hring</code>,2,0.0465116
3,hyra,<code>hyra</code>,1,0.0232558
3,ic,<code>ic</code>,1,0.0232558
3,mec,<code>mec</code>,1,0.0232558
3,ne,<code>ne</code>,1,0.0232558
3,ongietan,<code>ongietan</code>,1,0.0232558
3,readan,<code>readan</code>,1,0.0232558
3,ryne,<code>ryne</code>,1,0.0232558
3,se,<code>se</code>,1,0.0232558
3,secgum,<code>secgum</code>,1,0.0232558
3,sinc,<code>sinc</code>,1,0.0232558
3,stefne,<code>stefne</code>,1,0.0232558
3,strongum,<code>strongum</code>,1,0.0232558
3,swa,<code>swa</code>,1,0.0232558
3,swigende,<code>swigende</code>,1,0.0232558
3,tila,<code>tila</code>,1,0.0232558
3,to,<code>to</code>,1,0.0232558
3,torhtne,<code>torhtne</code>,1,0.0232558
3,tungan,<code>tungan</code>,1,0.0232558
3,wordum,<code>wordum</code>,1,0.0232558
