A_Poetry,A03,A03.034.025_Rid_85_T01270.txt,39,35,47
RANK,HTML WORD,RAW WORD,COUNT,RELATIVE FREQUENCY
5,&aelig;tsomne,<code>&amp;ae;tsomne</code>,1,0.0212766
5,&thorn;enden,<code>&amp;t;enden</code>,1,0.0212766
5,&thorn;onne,<code>&amp;t;onne</code>,1,0.0212766
5,&thorn;ragum,<code>&amp;t;ragum</code>,1,0.0212766
5,&thorn;reohtigra,<code>&amp;t;reohtigra</code>,1,0.0212766
5,a,<code>a</code>,1,0.0212766
5,bi&eth;,<code>bi&amp;d;</code>,1,0.0212766
5,dea&eth;,<code>dea&amp;d;</code>,1,0.0212766
5,dryhten,<code>dryhten</code>,1,0.0212766
5,eom,<code>eom</code>,1,0.0212766
5,for&eth;,<code>for&amp;d;</code>,1,0.0212766
5,ged&aelig;la&eth;,<code>ged&amp;ae;la&amp;d;</code>,1,0.0212766
5,gif,<code>gif</code>,1,0.0212766
2,he,<code>he</code>,3,0.0638298
5,him,<code>him</code>,1,0.0212766
5,hlud,<code>hlud</code>,1,0.0212766
5,hwilum,<code>hwilum</code>,1,0.0212766
1,ic,<code>ic</code>,5,0.1063830
5,in,<code>in</code>,1,0.0212766
5,lifge,<code>lifge</code>,1,0.0212766
3,me,<code>me</code>,2,0.0425532
5,min,<code>min</code>,1,0.0212766
5,ne,<code>ne</code>,1,0.0212766
5,nis,<code>nis</code>,1,0.0212766
5,reste,<code>reste</code>,1,0.0212766
5,sceal,<code>sceal</code>,1,0.0212766
5,scop,<code>scop</code>,1,0.0212766
5,sele,<code>sele</code>,1,0.0212766
5,si&thorn;,<code>si&amp;t;</code>,1,0.0212766
5,strengra,<code>strengra</code>,1,0.0212766
5,swiftre,<code>swiftre</code>,1,0.0212766
5,swige,<code>swige</code>,1,0.0212766
5,sylfa,<code>sylfa</code>,1,0.0212766
3,unc,<code>unc</code>,2,0.0425532
5,wit,<code>wit</code>,1,0.0212766
5,witod,<code>witod</code>,1,0.0212766
5,wunige,<code>wunige</code>,1,0.0212766
5,ymb,<code>ymb</code>,1,0.0212766
5,yrnan,<code>yrnan</code>,1,0.0212766
