A_Poetry,A03,A03.031.001_Rid_30b_T00990.txt,44,42,48
RANK,HTML WORD,RAW WORD,COUNT,RELATIVE FREQUENCY
3,&aelig;fter,<code>&amp;ae;fter</code>,1,0.0208333
3,&thorn;&aelig;r,<code>&amp;t;&amp;ae;r</code>,1,0.0208333
3,&thorn;onne,<code>&amp;t;onne</code>,1,0.0208333
3,bear,<code>bear</code>,1,0.0208333
3,blowende,<code>blowende</code>,1,0.0208333
3,byrnende,<code>byrnende</code>,1,0.0208333
3,dre,<code>dre</code>,1,0.0208333
3,eadignesse,<code>eadignesse</code>,1,0.0208333
3,eom,<code>eom</code>,1,0.0208333
3,for&eth;weges,<code>for&amp;d;weges</code>,1,0.0208333
3,ful,<code>ful</code>,1,0.0208333
3,fus,<code>fus</code>,1,0.0208333
3,fyre,<code>fyre</code>,1,0.0208333
3,gecyssa&eth;,<code>gecyssa&amp;d;</code>,1,0.0208333
3,gemylted,<code>gemylted</code>,1,0.0208333
3,gesi&thorn;as,<code>gesi&amp;t;as</code>,1,0.0208333
3,gesomnad,<code>gesomnad</code>,1,0.0208333
3,gled,<code>gled</code>,1,0.0208333
3,hi,<code>hi</code>,1,0.0208333
3,hondum,<code>hondum</code>,1,0.0208333
1,ic,<code>ic</code>,3,0.0625000
3,lace,<code>lace</code>,1,0.0208333
3,ligbysig,<code>ligbysig</code>,1,0.0208333
3,me,<code>me</code>,1,0.0208333
1,mec,<code>mec</code>,3,0.0625000
3,mid,<code>mid</code>,1,0.0208333
3,miltsum,<code>miltsum</code>,1,0.0208333
3,modge,<code>modge</code>,1,0.0208333
3,mongum,<code>mongum</code>,1,0.0208333
3,oft,<code>oft</code>,1,0.0208333
3,ond,<code>ond</code>,1,0.0208333
3,onh&aelig;bbe,<code>onh&amp;ae;bbe</code>,1,0.0208333
3,onhniga&eth;,<code>onhniga&amp;d;</code>,1,0.0208333
3,sceal,<code>sceal</code>,1,0.0208333
3,senda&eth;,<code>senda&amp;d;</code>,1,0.0208333
3,swa,<code>swa</code>,1,0.0208333
3,to,<code>to</code>,1,0.0208333
3,upcyme,<code>upcyme</code>,1,0.0208333
3,w,<code>w</code>,1,0.0208333
3,weras,<code>weras</code>,1,0.0208333
3,wif,<code>wif</code>,1,0.0208333
3,winde,<code>winde</code>,1,0.0208333
3,wlonce,<code>wlonce</code>,1,0.0208333
3,ycan,<code>ycan</code>,1,0.0208333
