A_Poetry,A03,A03.024_JDay_I_T00920.txt,455,342,784
RANK,HTML WORD,RAW WORD,COUNT,RELATIVE FREQUENCY
114,&aelig;fre,<code>&amp;ae;fre</code>,1,0.0012755
16,&aelig;fter,<code>&amp;ae;fter</code>,6,0.0076531
33,&aelig;r,<code>&amp;ae;r</code>,3,0.0038265
114,&aelig;rende,<code>&amp;ae;rende</code>,1,0.0012755
60,&aelig;t,<code>&amp;ae;t</code>,2,0.0025510
114,&eth;&aelig;t,<code>&amp;d;&amp;ae;t</code>,1,0.0012755
27,&thorn;&aelig;r,<code>&amp;t;&amp;ae;r</code>,4,0.0051020
60,&thorn;&aelig;re,<code>&amp;t;&amp;ae;re</code>,2,0.0025510
9,&thorn;&aelig;s,<code>&amp;t;&amp;ae;s</code>,9,0.0114796
1,&thorn;&aelig;t,<code>&amp;t;&amp;ae;t</code>,20,0.0255102
114,&thorn;&aelig;tte,<code>&amp;t;&amp;ae;tte</code>,1,0.0012755
33,&thorn;a,<code>&amp;t;a</code>,3,0.0038265
6,&thorn;am,<code>&amp;t;am</code>,11,0.0140306
114,&thorn;ara,<code>&amp;t;ara</code>,1,0.0012755
5,&thorn;e,<code>&amp;t;e</code>,13,0.0165816
114,&thorn;eah,<code>&amp;t;eah</code>,1,0.0012755
114,&thorn;earf,<code>&amp;t;earf</code>,1,0.0012755
114,&thorn;earlic,<code>&amp;t;earlic</code>,1,0.0012755
114,&thorn;eawas,<code>&amp;t;eawas</code>,1,0.0012755
114,&thorn;ence&eth;,<code>&amp;t;ence&amp;d;</code>,1,0.0012755
114,&thorn;eoden,<code>&amp;t;eoden</code>,1,0.0012755
114,&thorn;es,<code>&amp;t;es</code>,1,0.0012755
60,&thorn;isne,<code>&amp;t;isne</code>,2,0.0025510
114,&thorn;issa,<code>&amp;t;issa</code>,1,0.0012755
33,&thorn;isse,<code>&amp;t;isse</code>,3,0.0038265
114,&thorn;issum,<code>&amp;t;issum</code>,1,0.0012755
114,&thorn;on,<code>&amp;t;on</code>,1,0.0012755
60,&thorn;one,<code>&amp;t;one</code>,2,0.0025510
2,&thorn;onne,<code>&amp;t;onne</code>,16,0.0204082
114,&thorn;rea,<code>&amp;t;rea</code>,1,0.0012755
60,&thorn;urh,<code>&amp;t;urh</code>,2,0.0025510
60,&thorn;us,<code>&amp;t;us</code>,2,0.0025510
114,&thorn;y,<code>&amp;t;y</code>,1,0.0012755
22,a,<code>a</code>,5,0.0063776
114,a&thorn;yte&eth;,<code>a&amp;t;yte&amp;d;</code>,1,0.0012755
114,ablawe&thorn;,<code>ablawe&amp;t;</code>,1,0.0012755
16,ac,<code>ac</code>,6,0.0076531
114,acolod,<code>acolod</code>,1,0.0012755
114,adames,<code>adames</code>,1,0.0012755
114,agiefen,<code>agiefen</code>,1,0.0012755
114,ah,<code>ah</code>,1,0.0012755
114,al&aelig;ta&eth;,<code>al&amp;ae;ta&amp;d;</code>,1,0.0012755
114,alifde,<code>alifde</code>,1,0.0012755
114,alysed,<code>alysed</code>,1,0.0012755
114,anra,<code>anra</code>,1,0.0012755
114,ban,<code>ban</code>,1,0.0012755
114,bansele,<code>bansele</code>,1,0.0012755
114,be&thorn;eaht,<code>be&amp;t;eaht</code>,1,0.0012755
114,beam,<code>beam</code>,1,0.0012755
114,bearn,<code>bearn</code>,1,0.0012755
114,bearna,<code>bearna</code>,1,0.0012755
114,bemurne&eth;,<code>bemurne&amp;d;</code>,1,0.0012755
114,beo&eth;,<code>beo&amp;d;</code>,1,0.0012755
114,beofa&eth;,<code>beofa&amp;d;</code>,1,0.0012755
114,beofia&eth;,<code>beofia&amp;d;</code>,1,0.0012755
114,beon,<code>beon</code>,1,0.0012755
60,beorht,<code>beorht</code>,2,0.0025510
33,beorhte,<code>beorhte</code>,3,0.0038265
114,bera&eth;,<code>bera&amp;d;</code>,1,0.0012755
114,beswica&eth;,<code>beswica&amp;d;</code>,1,0.0012755
114,betlic,<code>betlic</code>,1,0.0012755
7,bi&eth;,<code>bi&amp;d;</code>,10,0.0127551
16,bi&thorn;,<code>bi&amp;t;</code>,6,0.0076531
114,bilocen,<code>bilocen</code>,1,0.0012755
114,bl&aelig;c,<code>bl&amp;ae;c</code>,1,0.0012755
114,bl&aelig;das,<code>bl&amp;ae;das</code>,1,0.0012755
114,blacne,<code>blacne</code>,1,0.0012755
114,blod,<code>blod</code>,1,0.0012755
114,blodgyte,<code>blodgyte</code>,1,0.0012755
114,bodige,<code>bodige</code>,1,0.0012755
114,bold,<code>bold</code>,1,0.0012755
114,boldes,<code>boldes</code>,1,0.0012755
114,brego,<code>brego</code>,1,0.0012755
114,brigde&eth;,<code>brigde&amp;d;</code>,1,0.0012755
114,brogan,<code>brogan</code>,1,0.0012755
114,brogna,<code>brogna</code>,1,0.0012755
114,bronda,<code>bronda</code>,1,0.0012755
114,brondas,<code>brondas</code>,1,0.0012755
114,brucan,<code>brucan</code>,1,0.0012755
114,bruce&eth;,<code>bruce&amp;d;</code>,1,0.0012755
114,brynehatne,<code>brynehatne</code>,1,0.0012755
114,bunden,<code>bunden</code>,1,0.0012755
114,butan,<code>butan</code>,1,0.0012755
60,byman,<code>byman</code>,2,0.0025510
33,byrnende,<code>byrnende</code>,3,0.0038265
114,bysmer,<code>bysmer</code>,1,0.0012755
114,cealdes,<code>cealdes</code>,1,0.0012755
114,cearian,<code>cearian</code>,1,0.0012755
114,cl&aelig;ne,<code>cl&amp;ae;ne</code>,1,0.0012755
114,cl&aelig;nnisse,<code>cl&amp;ae;nnisse</code>,1,0.0012755
114,cl&aelig;num,<code>cl&amp;ae;num</code>,1,0.0012755
114,clomme,<code>clomme</code>,1,0.0012755
60,con,<code>con</code>,2,0.0025510
114,crist,<code>crist</code>,1,0.0012755
114,cu&eth;,<code>cu&amp;d;</code>,1,0.0012755
114,cu&thorn;,<code>cu&amp;t;</code>,1,0.0012755
114,cunne,<code>cunne</code>,1,0.0012755
114,cw&aelig;&eth;,<code>cw&amp;ae;&amp;d;</code>,1,0.0012755
114,cwicra,<code>cwicra</code>,1,0.0012755
60,cwide,<code>cwide</code>,2,0.0025510
114,cy&thorn;an,<code>cy&amp;t;an</code>,1,0.0012755
114,cyme&thorn;,<code>cyme&amp;t;</code>,1,0.0012755
114,cyning,<code>cyning</code>,1,0.0012755
114,cyninga,<code>cyninga</code>,1,0.0012755
60,d&aelig;de,<code>d&amp;ae;de</code>,2,0.0025510
114,d&aelig;dum,<code>d&amp;ae;dum</code>,1,0.0012755
33,d&aelig;g,<code>d&amp;ae;g</code>,3,0.0038265
33,d&aelig;ge,<code>d&amp;ae;ge</code>,3,0.0038265
60,d&aelig;l,<code>d&amp;ae;l</code>,2,0.0025510
114,deopan,<code>deopan</code>,1,0.0012755
114,deophydigra,<code>deophydigra</code>,1,0.0012755
114,deopne,<code>deopne</code>,1,0.0012755
60,dreoge&eth;,<code>dreoge&amp;d;</code>,2,0.0025510
114,droflic,<code>droflic</code>,1,0.0012755
114,dryhten,<code>dryhten</code>,1,0.0012755
114,dryhtne,<code>dryhtne</code>,1,0.0012755
114,dryhtnes,<code>dryhtnes</code>,1,0.0012755
114,dyne&eth;,<code>dyne&amp;d;</code>,1,0.0012755
114,e&thorn;el,<code>e&amp;t;el</code>,1,0.0012755
33,eal,<code>eal</code>,3,0.0038265
60,ealdor,<code>ealdor</code>,2,0.0025510
114,ealdre,<code>ealdre</code>,1,0.0012755
114,eall,<code>eall</code>,1,0.0012755
60,ealle,<code>ealle</code>,2,0.0025510
114,ealles,<code>ealles</code>,1,0.0012755
114,eallum,<code>eallum</code>,1,0.0012755
60,ealne,<code>ealne</code>,2,0.0025510
114,ealra,<code>ealra</code>,1,0.0012755
60,ece,<code>ece</code>,2,0.0025510
114,egsan,<code>egsan</code>,1,0.0012755
60,ende,<code>ende</code>,2,0.0025510
114,enge,<code>enge</code>,1,0.0012755
33,eor&thorn;an,<code>eor&amp;t;an</code>,3,0.0038265
114,eorles,<code>eorles</code>,1,0.0012755
114,f&aelig;&thorn;m,<code>f&amp;ae;&amp;t;m</code>,1,0.0012755
114,f&aelig;der,<code>f&amp;ae;der</code>,1,0.0012755
114,f&aelig;r,<code>f&amp;ae;r</code>,1,0.0012755
114,f&aelig;ste,<code>f&amp;ae;ste</code>,1,0.0012755
114,fealle&eth;,<code>fealle&amp;d;</code>,1,0.0012755
60,fela,<code>fela</code>,2,0.0025510
114,feondum,<code>feondum</code>,1,0.0012755
60,feores,<code>feores</code>,2,0.0025510
114,fer&eth;gleaw,<code>fer&amp;d;gleaw</code>,1,0.0012755
114,firena,<code>firena</code>,1,0.0012755
114,fisces,<code>fisces</code>,1,0.0012755
114,fleoga&eth;,<code>fleoga&amp;d;</code>,1,0.0012755
114,flod,<code>flod</code>,1,0.0012755
114,flowe&eth;,<code>flowe&amp;d;</code>,1,0.0012755
114,folc,<code>folc</code>,1,0.0012755
27,foldan,<code>foldan</code>,4,0.0051020
60,for,<code>for</code>,2,0.0025510
114,for&eth;,<code>for&amp;d;</code>,1,0.0012755
60,for&thorn;on,<code>for&amp;t;on</code>,2,0.0025510
114,forb&aelig;rnan,<code>forb&amp;ae;rnan</code>,1,0.0012755
114,fore,<code>fore</code>,1,0.0012755
114,forgieldan,<code>forgieldan</code>,1,0.0012755
114,fr&aelig;twe&eth;,<code>fr&amp;ae;twe&amp;d;</code>,1,0.0012755
114,fricgan,<code>fricgan</code>,1,0.0012755
33,ful,<code>ful</code>,3,0.0038265
33,fyr,<code>fyr</code>,3,0.0038265
114,g&aelig;st,<code>g&amp;ae;st</code>,1,0.0012755
60,g&aelig;sta,<code>g&amp;ae;sta</code>,2,0.0025510
114,g&aelig;stes,<code>g&amp;ae;stes</code>,1,0.0012755
114,ge&thorn;encan,<code>ge&amp;t;encan</code>,1,0.0012755
114,ge&thorn;ence&eth;,<code>ge&amp;t;ence&amp;d;</code>,1,0.0012755
114,ge&thorn;ence&thorn;,<code>ge&amp;t;ence&amp;t;</code>,1,0.0012755
114,ge&thorn;inged,<code>ge&amp;t;inged</code>,1,0.0012755
114,ge&thorn;ohtas,<code>ge&amp;t;ohtas</code>,1,0.0012755
60,gearo,<code>gearo</code>,2,0.0025510
114,gearwa&eth;,<code>gearwa&amp;d;</code>,1,0.0012755
114,gebonnen,<code>gebonnen</code>,1,0.0012755
114,gecy&thorn;e&eth;,<code>gecy&amp;t;e&amp;d;</code>,1,0.0012755
114,gecy&thorn;ed,<code>gecy&amp;t;ed</code>,1,0.0012755
114,gefylled,<code>gefylled</code>,1,0.0012755
114,geg&aelig;drad,<code>geg&amp;ae;drad</code>,1,0.0012755
114,gegonge&eth;,<code>gegonge&amp;d;</code>,1,0.0012755
114,geheganne,<code>geheganne</code>,1,0.0012755
114,gehl&aelig;ges,<code>gehl&amp;ae;ges</code>,1,0.0012755
60,gehwylc,<code>gehwylc</code>,2,0.0025510
114,gehwylce,<code>gehwylce</code>,1,0.0012755
60,gehwylcum,<code>gehwylcum</code>,2,0.0025510
114,gehyre&eth;,<code>gehyre&amp;d;</code>,1,0.0012755
114,gehyrwe&eth;,<code>gehyrwe&amp;d;</code>,1,0.0012755
114,geleafan,<code>geleafan</code>,1,0.0012755
114,geleana&eth;,<code>geleana&amp;d;</code>,1,0.0012755
60,gelimpan,<code>gelimpan</code>,2,0.0025510
114,gemeldad,<code>gemeldad</code>,1,0.0012755
114,gemitta&eth;,<code>gemitta&amp;d;</code>,1,0.0012755
114,gemot,<code>gemot</code>,1,0.0012755
114,geomor,<code>geomor</code>,1,0.0012755
114,geond,<code>geond</code>,1,0.0012755
60,georne,<code>georne</code>,2,0.0025510
114,gereccan,<code>gereccan</code>,1,0.0012755
114,gescaden,<code>gescaden</code>,1,0.0012755
33,gesceaft,<code>gesceaft</code>,3,0.0038265
114,gesceafte,<code>gesceafte</code>,1,0.0012755
114,gesetu,<code>gesetu</code>,1,0.0012755
114,gesomnad,<code>gesomnad</code>,1,0.0012755
114,gesta&thorn;elad,<code>gesta&amp;t;elad</code>,1,0.0012755
114,gestigan,<code>gestigan</code>,1,0.0012755
114,gew&aelig;gan,<code>gew&amp;ae;gan</code>,1,0.0012755
114,gewear&eth;,<code>gewear&amp;d;</code>,1,0.0012755
60,geweor&thorn;an,<code>geweor&amp;t;an</code>,2,0.0025510
114,geworhtan,<code>geworhtan</code>,1,0.0012755
114,gewyrht,<code>gewyrht</code>,1,0.0012755
114,gilpan,<code>gilpan</code>,1,0.0012755
114,ginna,<code>ginna</code>,1,0.0012755
114,gl&aelig;d,<code>gl&amp;ae;d</code>,1,0.0012755
114,gleda,<code>gleda</code>,1,0.0012755
60,gode,<code>gode</code>,2,0.0025510
27,godes,<code>godes</code>,4,0.0051020
114,godum,<code>godum</code>,1,0.0012755
114,greote,<code>greote</code>,1,0.0012755
114,gromhydge,<code>gromhydge</code>,1,0.0012755
114,grund,<code>grund</code>,1,0.0012755
60,gryre,<code>gryre</code>,2,0.0025510
114,guman,<code>guman</code>,1,0.0012755
114,gylpe,<code>gylpe</code>,1,0.0012755
114,h&aelig;le&thorn;a,<code>h&amp;ae;le&amp;t;a</code>,1,0.0012755
114,h&aelig;lend,<code>h&amp;ae;lend</code>,1,0.0012755
114,hafa&eth;,<code>hafa&amp;d;</code>,1,0.0012755
114,halge,<code>halge</code>,1,0.0012755
114,ham,<code>ham</code>,1,0.0012755
33,hat,<code>hat</code>,3,0.0038265
114,hates,<code>hates</code>,1,0.0012755
9,he,<code>he</code>,9,0.0114796
33,heah&thorn;u,<code>heah&amp;t;u</code>,3,0.0038265
114,heape,<code>heape</code>,1,0.0012755
114,heardlic,<code>heardlic</code>,1,0.0012755
114,helle,<code>helle</code>,1,0.0012755
114,hellegrund,<code>hellegrund</code>,1,0.0012755
33,heofona,<code>heofona</code>,3,0.0038265
114,heofoncyninga,<code>heofoncyninga</code>,1,0.0012755
33,heofonum,<code>heofonum</code>,3,0.0038265
114,heonansi&thorn;e,<code>heonansi&amp;t;e</code>,1,0.0012755
114,heortum,<code>heortum</code>,1,0.0012755
60,her,<code>her</code>,2,0.0025510
114,herem&aelig;gen,<code>herem&amp;ae;gen</code>,1,0.0012755
114,hergan,<code>hergan</code>,1,0.0012755
33,hi,<code>hi</code>,3,0.0038265
114,hider,<code>hider</code>,1,0.0012755
13,him,<code>him</code>,8,0.0102041
114,hine,<code>hine</code>,1,0.0012755
22,his,<code>his</code>,5,0.0063776
16,hit,<code>hit</code>,6,0.0076531
114,hlaforde,<code>hlaforde</code>,1,0.0012755
114,hlude,<code>hlude</code>,1,0.0012755
114,hludre,<code>hludre</code>,1,0.0012755
114,hond,<code>hond</code>,1,0.0012755
114,horn,<code>horn</code>,1,0.0012755
60,hu,<code>hu</code>,2,0.0025510
114,hw&aelig;&thorn;re,<code>hw&amp;ae;&amp;t;re</code>,1,0.0012755
60,hwa,<code>hwa</code>,2,0.0025510
114,hy,<code>hy</code>,1,0.0012755
33,hyhst,<code>hyhst</code>,3,0.0038265
114,hyht,<code>hyht</code>,1,0.0012755
114,hyhtlic,<code>hyhtlic</code>,1,0.0012755
114,hyhtum,<code>hyhtum</code>,1,0.0012755
114,hyra,<code>hyra</code>,1,0.0012755
114,hyrde,<code>hyrde</code>,1,0.0012755
114,hyre,<code>hyre</code>,1,0.0012755
114,hyre&eth;,<code>hyre&amp;d;</code>,1,0.0012755
60,ic,<code>ic</code>,2,0.0025510
22,in,<code>in</code>,5,0.0063776
114,innan,<code>innan</code>,1,0.0012755
16,is,<code>is</code>,6,0.0076531
114,l&aelig;ran,<code>l&amp;ae;ran</code>,1,0.0012755
114,l&aelig;t,<code>l&amp;ae;t</code>,1,0.0012755
114,laca&eth;,<code>laca&amp;d;</code>,1,0.0012755
114,lagu,<code>lagu</code>,1,0.0012755
114,lame,<code>lame</code>,1,0.0012755
114,lare,<code>lare</code>,1,0.0012755
114,larna,<code>larna</code>,1,0.0012755
114,leahtra,<code>leahtra</code>,1,0.0012755
114,lean,<code>lean</code>,1,0.0012755
114,leanes,<code>leanes</code>,1,0.0012755
114,lease,<code>lease</code>,1,0.0012755
60,leg,<code>leg</code>,2,0.0025510
114,leng,<code>leng</code>,1,0.0012755
114,leoda,<code>leoda</code>,1,0.0012755
114,leode,<code>leode</code>,1,0.0012755
114,leohte,<code>leohte</code>,1,0.0012755
114,leohtes,<code>leohtes</code>,1,0.0012755
114,lic,<code>lic</code>,1,0.0012755
114,lice,<code>lice</code>,1,0.0012755
60,lif,<code>lif</code>,2,0.0025510
60,life,<code>life</code>,2,0.0025510
114,lifes,<code>lifes</code>,1,0.0012755
114,lifgan,<code>lifgan</code>,1,0.0012755
114,lifgen,<code>lifgen</code>,1,0.0012755
60,lig,<code>lig</code>,2,0.0025510
60,lige,<code>lige</code>,2,0.0025510
114,lixe&eth;,<code>lixe&amp;d;</code>,1,0.0012755
114,lof,<code>lof</code>,1,0.0012755
114,lond,<code>lond</code>,1,0.0012755
114,lufan,<code>lufan</code>,1,0.0012755
114,lyfte,<code>lyfte</code>,1,0.0012755
114,lyftes,<code>lyftes</code>,1,0.0012755
114,lyt,<code>lyt</code>,1,0.0012755
114,lytulu,<code>lytulu</code>,1,0.0012755
33,m&aelig;g,<code>m&amp;ae;g</code>,3,0.0038265
114,m&aelig;ge,<code>m&amp;ae;ge</code>,1,0.0012755
114,m&aelig;gen,<code>m&amp;ae;gen</code>,1,0.0012755
114,m&aelig;gencyninga,<code>m&amp;ae;gencyninga</code>,1,0.0012755
114,m&aelig;gencyninges,<code>m&amp;ae;gencyninges</code>,1,0.0012755
33,m&aelig;stan,<code>m&amp;ae;stan</code>,3,0.0038265
114,mare,<code>mare</code>,1,0.0012755
114,meotud,<code>meotud</code>,1,0.0012755
114,micle,<code>micle</code>,1,0.0012755
13,mid,<code>mid</code>,8,0.0102041
60,middangeard,<code>middangeard</code>,2,0.0025510
114,middangeardes,<code>middangeardes</code>,1,0.0012755
114,mircan,<code>mircan</code>,1,0.0012755
114,modbysgunge,<code>modbysgunge</code>,1,0.0012755
114,mon,<code>mon</code>,1,0.0012755
114,moncynnes,<code>moncynnes</code>,1,0.0012755
114,monegum,<code>monegum</code>,1,0.0012755
114,mongum,<code>mongum</code>,1,0.0012755
114,monnum,<code>monnum</code>,1,0.0012755
60,mote,<code>mote</code>,2,0.0025510
114,mu&thorn;e,<code>mu&amp;t;e</code>,1,0.0012755
60,n&aelig;fre,<code>n&amp;ae;fre</code>,2,0.0025510
114,n&aelig;nges,<code>n&amp;ae;nges</code>,1,0.0012755
114,n&aelig;nig,<code>n&amp;ae;nig</code>,1,0.0012755
3,ne,<code>ne</code>,15,0.0191327
114,nime&eth;,<code>nime&amp;d;</code>,1,0.0012755
60,nis,<code>nis</code>,2,0.0025510
114,no,<code>no</code>,1,0.0012755
114,noht,<code>noht</code>,1,0.0012755
27,nu,<code>nu</code>,4,0.0051020
114,nym&thorn;e,<code>nym&amp;t;e</code>,1,0.0012755
114,o&thorn;&thorn;&aelig;t,<code>o&amp;t;&amp;t;&amp;ae;t</code>,1,0.0012755
33,o&thorn;&thorn;e,<code>o&amp;t;&amp;t;e</code>,3,0.0038265
114,of,<code>of</code>,1,0.0012755
27,ofer,<code>ofer</code>,4,0.0051020
114,ofer&thorn;rym,<code>ofer&amp;t;rym</code>,1,0.0012755
33,oft,<code>oft</code>,3,0.0038265
4,on,<code>on</code>,14,0.0178571
114,on&aelig;led,<code>on&amp;ae;led</code>,1,0.0012755
114,oncwe&thorn;,<code>oncwe&amp;t;</code>,1,0.0012755
9,ond,<code>ond</code>,9,0.0114796
114,ondgiet,<code>ondgiet</code>,1,0.0012755
114,ondr&aelig;dan,<code>ondr&amp;ae;dan</code>,1,0.0012755
114,onette&eth;,<code>onette&amp;d;</code>,1,0.0012755
114,onfinde&eth;,<code>onfinde&amp;d;</code>,1,0.0012755
114,onfon,<code>onfon</code>,1,0.0012755
60,ongean,<code>ongean</code>,2,0.0025510
114,ons&aelig;gd,<code>ons&amp;ae;gd</code>,1,0.0012755
114,onsende&eth;,<code>onsende&amp;d;</code>,1,0.0012755
114,orleg,<code>orleg</code>,1,0.0012755
114,re&thorn;ra,<code>re&amp;t;ra</code>,1,0.0012755
114,rincas,<code>rincas</code>,1,0.0012755
114,rixia&eth;,<code>rixia&amp;d;</code>,1,0.0012755
114,rode,<code>rode</code>,1,0.0012755
114,ryhta,<code>ryhta</code>,1,0.0012755
114,s&aelig;ne,<code>s&amp;ae;ne</code>,1,0.0012755
114,sare,<code>sare</code>,1,0.0012755
114,sarig,<code>sarig</code>,1,0.0012755
114,sarlic,<code>sarlic</code>,1,0.0012755
114,sawel,<code>sawel</code>,1,0.0012755
114,sawle,<code>sawle</code>,1,0.0012755
114,sc&aelig;cen,<code>sc&amp;ae;cen</code>,1,0.0012755
15,sceal,<code>sceal</code>,7,0.0089286
114,sceatas,<code>sceatas</code>,1,0.0012755
114,scine&eth;,<code>scine&amp;d;</code>,1,0.0012755
114,sculon,<code>sculon</code>,1,0.0012755
7,se,<code>se</code>,10,0.0127551
114,seca&eth;,<code>seca&amp;d;</code>,1,0.0012755
114,secga&eth;,<code>secga&amp;d;</code>,1,0.0012755
114,sefan,<code>sefan</code>,1,0.0012755
114,sele,<code>sele</code>,1,0.0012755
114,seo,<code>seo</code>,1,0.0012755
114,seo&eth;,<code>seo&amp;d;</code>,1,0.0012755
114,si&eth;f&aelig;t,<code>si&amp;d;f&amp;ae;t</code>,1,0.0012755
114,si&thorn;,<code>si&amp;t;</code>,1,0.0012755
22,si&thorn;&thorn;an,<code>si&amp;t;&amp;t;an</code>,5,0.0063776
114,si&thorn;e,<code>si&amp;t;e</code>,1,0.0012755
114,sibbe,<code>sibbe</code>,1,0.0012755
114,sie,<code>sie</code>,1,0.0012755
114,sigedryhten,<code>sigedryhten</code>,1,0.0012755
114,site&eth;,<code>site&amp;d;</code>,1,0.0012755
114,so&eth;,<code>so&amp;d;</code>,1,0.0012755
114,so&thorn;,<code>so&amp;t;</code>,1,0.0012755
114,spr&aelig;c,<code>spr&amp;ae;c</code>,1,0.0012755
114,spr&aelig;ce,<code>spr&amp;ae;ce</code>,1,0.0012755
114,stefn,<code>stefn</code>,1,0.0012755
33,stonde&eth;,<code>stonde&amp;d;</code>,3,0.0038265
114,stryna&eth;,<code>stryna&amp;d;</code>,1,0.0012755
22,swa,<code>swa</code>,5,0.0063776
114,sweg,<code>sweg</code>,1,0.0012755
114,swegl,<code>swegl</code>,1,0.0012755
114,swi&thorn;ran,<code>swi&amp;t;ran</code>,1,0.0012755
114,swican,<code>swican</code>,1,0.0012755
114,swylce,<code>swylce</code>,1,0.0012755
60,sy,<code>sy</code>,2,0.0025510
114,sylfes,<code>sylfes</code>,1,0.0012755
114,symbelgal,<code>symbelgal</code>,1,0.0012755
114,synfull,<code>synfull</code>,1,0.0012755
60,synna,<code>synna</code>,2,0.0025510
60,synnum,<code>synnum</code>,2,0.0025510
114,tilga&eth;,<code>tilga&amp;d;</code>,1,0.0012755
114,timbre&eth;,<code>timbre&amp;d;</code>,1,0.0012755
114,tir,<code>tir</code>,1,0.0012755
9,to,<code>to</code>,9,0.0114796
114,togeanes,<code>togeanes</code>,1,0.0012755
114,tom&aelig;lde&eth;,<code>tom&amp;ae;lde&amp;d;</code>,1,0.0012755
114,torhtlice,<code>torhtlice</code>,1,0.0012755
114,tungul,<code>tungul</code>,1,0.0012755
114,tyr,<code>tyr</code>,1,0.0012755
114,tyta&thorn;,<code>tyta&amp;t;</code>,1,0.0012755
114,ufan,<code>ufan</code>,1,0.0012755
60,under,<code>under</code>,2,0.0025510
114,upheofon,<code>upheofon</code>,1,0.0012755
33,us,<code>us</code>,3,0.0038265
60,user,<code>user</code>,2,0.0025510
60,w&aelig;s,<code>w&amp;ae;s</code>,2,0.0025510
114,w&aelig;tres,<code>w&amp;ae;tres</code>,1,0.0012755
60,waldend,<code>waldend</code>,2,0.0025510
114,waldendes,<code>waldendes</code>,1,0.0012755
60,wat,<code>wat</code>,2,0.0025510
33,we,<code>we</code>,3,0.0038265
114,wear&eth;,<code>wear&amp;d;</code>,1,0.0012755
114,weard,<code>weard</code>,1,0.0012755
114,weardas,<code>weardas</code>,1,0.0012755
114,wel,<code>wel</code>,1,0.0012755
114,welan,<code>welan</code>,1,0.0012755
114,weor&eth;an,<code>weor&amp;d;an</code>,1,0.0012755
114,weor&thorn;an,<code>weor&amp;t;an</code>,1,0.0012755
33,weor&thorn;e&eth;,<code>weor&amp;t;e&amp;d;</code>,3,0.0038265
114,weorud,<code>weorud</code>,1,0.0012755
114,weras,<code>weras</code>,1,0.0012755
114,wide,<code>wide</code>,1,0.0012755
114,wif,<code>wif</code>,1,0.0012755
16,wile,<code>wile</code>,6,0.0076531
114,willa&eth;,<code>willa&amp;d;</code>,1,0.0012755
114,wille,<code>wille</code>,1,0.0012755
114,willum,<code>willum</code>,1,0.0012755
114,wilna,<code>wilna</code>,1,0.0012755
114,wines,<code>wines</code>,1,0.0012755
114,wite,<code>wite</code>,1,0.0012755
114,wlonca,<code>wlonca</code>,1,0.0012755
114,womma,<code>womma</code>,1,0.0012755
114,wongas,<code>wongas</code>,1,0.0012755
114,word,<code>word</code>,1,0.0012755
114,woruld,<code>woruld</code>,1,0.0012755
27,worulde,<code>worulde</code>,4,0.0051020
60,wuldre,<code>wuldre</code>,2,0.0025510
114,wuldres,<code>wuldres</code>,1,0.0012755
114,wynstre,<code>wynstre</code>,1,0.0012755
114,wyrcan,<code>wyrcan</code>,1,0.0012755
114,wyrd,<code>wyrd</code>,1,0.0012755
114,wyrde,<code>wyrde</code>,1,0.0012755
114,wyrs,<code>wyrs</code>,1,0.0012755
33,yfles,<code>yfles</code>,3,0.0038265
114,yrm&thorn;u,<code>yrm&amp;t;u</code>,1,0.0012755
