A_Poetry,A03,A03.034.021_Rid_81_T01230.txt,51,46,63
RANK,HTML WORD,RAW WORD,COUNT,RELATIVE FREQUENCY
6,&aelig;ldum,<code>&amp;ae;ldum</code>,1,0.0158730
6,&aelig;nne,<code>&amp;ae;nne</code>,1,0.0158730
6,&thorn;&aelig;r,<code>&amp;t;&amp;ae;r</code>,1,0.0158730
6,&thorn;&aelig;t,<code>&amp;t;&amp;ae;t</code>,1,0.0158730
6,&thorn;e,<code>&amp;t;e</code>,1,0.0158730
6,&thorn;ece&eth;,<code>&amp;t;ece&amp;d;</code>,1,0.0158730
6,&thorn;yrelwombne,<code>&amp;t;yrelwombne</code>,1,0.0158730
6,aglac,<code>aglac</code>,1,0.0158730
6,beata&eth;,<code>beata&amp;d;</code>,1,0.0158730
6,belcedsweora,<code>belcedsweora</code>,1,0.0158730
6,byledbreost,<code>byledbreost</code>,1,0.0158730
6,dreoge,<code>dreoge</code>,1,0.0158730
6,eagan,<code>eagan</code>,1,0.0158730
6,earan,<code>earan</code>,1,0.0158730
6,eard,<code>eard</code>,1,0.0158730
6,eom,<code>eom</code>,1,0.0158730
6,eose&eth;,<code>eose&amp;d;</code>,1,0.0158730
6,fealle&eth;,<code>fealle&amp;d;</code>,1,0.0158730
6,foot,<code>foot</code>,1,0.0158730
6,h&aelig;bbe,<code>h&amp;ae;bbe</code>,1,0.0158730
6,h&aelig;gl,<code>h&amp;ae;gl</code>,1,0.0158730
6,heafod,<code>heafod</code>,1,0.0158730
6,heane,<code>heane</code>,1,0.0158730
6,hearda,<code>hearda</code>,1,0.0158730
6,heardnebb,<code>heardnebb</code>,1,0.0158730
6,hneccan,<code>hneccan</code>,1,0.0158730
6,hrere&eth;,<code>hrere&amp;d;</code>,1,0.0158730
6,hrim,<code>hrim</code>,1,0.0158730
6,hrycg,<code>hrycg</code>,1,0.0158730
2,ic,<code>ic</code>,2,0.0317460
6,m&aelig;,<code>m&amp;ae;</code>,1,0.0158730
2,mec,<code>mec</code>,2,0.0317460
6,middum,<code>middum</code>,1,0.0158730
6,mine,<code>mine</code>,1,0.0158730
6,ofer,<code>ofer</code>,1,0.0158730
6,ol,<code>ol</code>,1,0.0158730
2,on,<code>on</code>,2,0.0317460
1,ond,<code>ond</code>,9,0.1428571
6,orst,<code>orst</code>,1,0.0158730
6,sag,<code>sag</code>,1,0.0158730
2,se,<code>se</code>,2,0.0317460
6,sidan,<code>sidan</code>,1,0.0158730
6,snaw,<code>snaw</code>,1,0.0158730
6,steapne,<code>steapne</code>,1,0.0158730
6,steort,<code>steort</code>,1,0.0158730
6,stondende,<code>stondende</code>,1,0.0158730
6,streamas,<code>streamas</code>,1,0.0158730
6,twa,<code>twa</code>,1,0.0158730
6,wege&eth;,<code>wege&amp;d;</code>,1,0.0158730
6,wonsceaft,<code>wonsceaft</code>,1,0.0158730
6,wudu,<code>wudu</code>,1,0.0158730
