A_Poetry,A03,A03.022.046_Rid_46_T00770.txt,33,28,42
RANK,HTML WORD,RAW WORD,COUNT,RELATIVE FREQUENCY
6,&aelig;&thorn;elinga,<code>&amp;ae;&amp;t;elinga</code>,1,0.0238095
6,&aelig;ghw&aelig;&eth;res,<code>&amp;ae;ghw&amp;ae;&amp;d;res</code>,1,0.0238095
6,&aelig;t,<code>&amp;ae;t</code>,1,0.0238095
6,&thorn;&aelig;r,<code>&amp;t;&amp;ae;r</code>,1,0.0238095
6,&thorn;ara,<code>&amp;t;ara</code>,1,0.0238095
6,dohtor,<code>dohtor</code>,1,0.0238095
6,ealra,<code>ealra</code>,1,0.0238095
6,eam,<code>eam</code>,1,0.0238095
6,eorla,<code>eorla</code>,1,0.0238095
6,f&aelig;der,<code>f&amp;ae;der</code>,1,0.0238095
6,fife,<code>fife</code>,1,0.0238095
6,freolico,<code>freolico</code>,1,0.0238095
6,frumbearn,<code>frumbearn</code>,1,0.0238095
6,gesweostor,<code>gesweostor</code>,1,0.0238095
2,his,<code>his</code>,3,0.0714286
6,hyra,<code>hyra</code>,1,0.0238095
6,idesa,<code>idesa</code>,1,0.0238095
6,inne,<code>inne</code>,1,0.0238095
6,insittendra,<code>insittendra</code>,1,0.0238095
3,mid,<code>mid</code>,2,0.0476190
6,nefa,<code>nefa</code>,1,0.0238095
1,ond,<code>ond</code>,5,0.1190476
6,s&aelig;t,<code>s&amp;ae;t</code>,1,0.0238095
3,suno,<code>suno</code>,2,0.0476190
6,swase,<code>swase</code>,1,0.0238095
6,twa,<code>twa</code>,1,0.0238095
6,twam,<code>twam</code>,1,0.0238095
3,twegen,<code>twegen</code>,2,0.0476190
6,w&aelig;ron,<code>w&amp;ae;ron</code>,1,0.0238095
6,w&aelig;s,<code>w&amp;ae;s</code>,1,0.0238095
6,wer,<code>wer</code>,1,0.0238095
6,wifum,<code>wifum</code>,1,0.0238095
6,wine,<code>wine</code>,1,0.0238095
