A_Poetry,A03,A03.022.023_Rid_23_T00540.txt,76,68,100
RANK,HTML WORD,RAW WORD,COUNT,RELATIVE FREQUENCY
4,&aelig;nigum,<code>&amp;ae;nigum</code>,2,0.0200000
4,&aelig;r,<code>&amp;ae;r</code>,2,0.0200000
9,&aelig;tren,<code>&amp;ae;tren</code>,1,0.0100000
9,&thorn;&aelig;r,<code>&amp;t;&amp;ae;r</code>,1,0.0100000
9,&thorn;&aelig;s,<code>&amp;t;&amp;ae;s</code>,1,0.0100000
2,&thorn;&aelig;t,<code>&amp;t;&amp;ae;t</code>,7,0.0700000
9,&thorn;one,<code>&amp;t;one</code>,1,0.0100000
4,&thorn;onne,<code>&amp;t;onne</code>,2,0.0200000
9,agof,<code>agof</code>,1,0.0100000
9,aswape,<code>aswape</code>,1,0.0100000
9,attor,<code>attor</code>,1,0.0100000
9,beo,<code>beo</code>,1,0.0100000
9,beom,<code>beom</code>,1,0.0100000
9,bosme,<code>bosme</code>,1,0.0100000
9,ea&thorn;e,<code>ea&amp;t;e</code>,1,0.0100000
9,ealfelo,<code>ealfelo</code>,1,0.0100000
9,eallgearo,<code>eallgearo</code>,1,0.0100000
9,eft,<code>eft</code>,1,0.0100000
9,eom,<code>eom</code>,1,0.0100000
9,f&aelig;ste,<code>f&amp;ae;ste</code>,1,0.0100000
9,fare&eth;,<code>fare&amp;d;</code>,1,0.0100000
9,feor,<code>feor</code>,1,0.0100000
9,feore,<code>feore</code>,1,0.0100000
9,feorhbealo,<code>feorhbealo</code>,1,0.0100000
9,fleoge&eth;,<code>fleoge&amp;d;</code>,1,0.0100000
9,forl&aelig;te&eth;,<code>forl&amp;ae;te&amp;d;</code>,1,0.0100000
9,fullwered,<code>fullwered</code>,1,0.0100000
9,geap,<code>geap</code>,1,0.0100000
9,geblonden,<code>geblonden</code>,1,0.0100000
9,geceapa&thorn;,<code>geceapa&amp;t;</code>,1,0.0100000
9,gescop,<code>gescop</code>,1,0.0100000
9,gewin,<code>gewin</code>,1,0.0100000
9,gif,<code>gif</code>,1,0.0100000
9,gumena,<code>gumena</code>,1,0.0100000
9,hatte,<code>hatte</code>,1,0.0100000
9,hine,<code>hine</code>,1,0.0100000
9,hrife,<code>hrife</code>,1,0.0100000
9,hrine&eth;,<code>hrine&amp;d;</code>,1,0.0100000
9,hw&aelig;t,<code>hw&amp;ae;t</code>,1,0.0100000
9,hwylcum,<code>hwylcum</code>,1,0.0100000
9,hyran,<code>hyran</code>,1,0.0100000
1,ic,<code>ic</code>,10,0.1000000
9,is,<code>is</code>,1,0.0100000
9,lengre,<code>lengre</code>,1,0.0100000
9,leo&thorn;o,<code>leo&amp;t;o</code>,1,0.0100000
9,m&aelig;gne,<code>m&amp;ae;gne</code>,1,0.0100000
9,mandrinc,<code>mandrinc</code>,1,0.0100000
3,me,<code>me</code>,5,0.0500000
9,min,<code>min</code>,1,0.0100000
9,ne,<code>ne</code>,1,0.0100000
9,nelle,<code>nelle</code>,1,0.0100000
9,noma,<code>noma</code>,1,0.0100000
9,nym&thorn;e,<code>nym&amp;t;e</code>,1,0.0100000
9,o&thorn;&thorn;&aelig;t,<code>o&amp;t;&amp;t;&amp;ae;t</code>,1,0.0100000
4,of,<code>of</code>,2,0.0200000
9,on,<code>on</code>,1,0.0100000
9,onbuge,<code>onbuge</code>,1,0.0100000
9,ond,<code>ond</code>,1,0.0100000
9,onga,<code>onga</code>,1,0.0100000
9,onhwyrfed,<code>onhwyrfed</code>,1,0.0100000
9,saga,<code>saga</code>,1,0.0100000
9,sceapen,<code>sceapen</code>,1,0.0100000
4,se,<code>se</code>,2,0.0200000
9,searos&aelig;led,<code>searos&amp;ae;led</code>,1,0.0100000
9,si&thorn;&thorn;an,<code>si&amp;t;&amp;t;an</code>,1,0.0100000
9,sine,<code>sine</code>,1,0.0100000
9,sp&aelig;te,<code>sp&amp;ae;te</code>,1,0.0100000
9,spilde,<code>spilde</code>,1,0.0100000
9,sprice,<code>sprice</code>,1,0.0100000
9,togonge&eth;,<code>togonge&amp;d;</code>,1,0.0100000
9,unbunden,<code>unbunden</code>,1,0.0100000
9,waldend,<code>waldend</code>,1,0.0100000
9,wiht,<code>wiht</code>,1,0.0100000
9,wite,<code>wite</code>,1,0.0100000
9,wr&aelig;tlic,<code>wr&amp;ae;tlic</code>,1,0.0100000
9,ymb,<code>ymb</code>,1,0.0100000
