A_Poetry,A03,A03.022.032_Rid_32_T00630.txt,74,69,79
RANK,HTML WORD,RAW WORD,COUNT,RELATIVE FREQUENCY
6,&thorn;&aelig;s,<code>&amp;t;&amp;ae;s</code>,1,0.0126582
6,&thorn;e,<code>&amp;t;e</code>,1,0.0126582
6,&thorn;es,<code>&amp;t;es</code>,1,0.0126582
6,&thorn;u,<code>&amp;t;u</code>,1,0.0126582
6,anum,<code>anum</code>,1,0.0126582
6,bruca&eth;,<code>bruca&amp;d;</code>,1,0.0126582
6,cunne,<code>cunne</code>,1,0.0126582
6,dreoge&eth;,<code>dreoge&amp;d;</code>,1,0.0126582
6,earmas,<code>earmas</code>,1,0.0126582
6,exle,<code>exle</code>,1,0.0126582
1,faran,<code>faran</code>,2,0.0253165
6,fela,<code>fela</code>,1,0.0126582
6,feldas,<code>feldas</code>,1,0.0126582
6,feran,<code>feran</code>,1,0.0126582
6,fere&eth;,<code>fere&amp;d;</code>,1,0.0126582
6,fet,<code>fet</code>,1,0.0126582
6,foddurwelan,<code>foddurwelan</code>,1,0.0126582
6,folcscipe,<code>folcscipe</code>,1,0.0126582
6,folme,<code>folme</code>,1,0.0126582
6,gaful,<code>gaful</code>,1,0.0126582
6,geara,<code>geara</code>,1,0.0126582
6,gefr&aelig;twad,<code>gefr&amp;ae;twad</code>,1,0.0126582
6,gehwam,<code>gehwam</code>,1,0.0126582
6,gewlitegad,<code>gewlitegad</code>,1,0.0126582
6,gielde&eth;,<code>gielde&amp;d;</code>,1,0.0126582
6,giellende,<code>giellende</code>,1,0.0126582
6,gif,<code>gif</code>,1,0.0126582
6,gleaw,<code>gleaw</code>,1,0.0126582
6,greote,<code>greote</code>,1,0.0126582
6,grindan,<code>grindan</code>,1,0.0126582
6,guman,<code>guman</code>,1,0.0126582
6,h&aelig;fde,<code>h&amp;ae;fde</code>,1,0.0126582
6,heane,<code>heane</code>,1,0.0126582
6,hw&aelig;t,<code>hw&amp;ae;t</code>,1,0.0126582
6,hweorfan,<code>hweorfan</code>,1,0.0126582
6,ic,<code>ic</code>,1,0.0126582
6,in,<code>in</code>,1,0.0126582
6,is,<code>is</code>,1,0.0126582
6,middan,<code>middan</code>,1,0.0126582
6,middangeard,<code>middangeard</code>,1,0.0126582
6,missenlicum,<code>missenlicum</code>,1,0.0126582
6,moncynne,<code>moncynne</code>,1,0.0126582
6,mu&eth;,<code>mu&amp;d;</code>,1,0.0126582
6,n&aelig;fde,<code>n&amp;ae;fde</code>,1,0.0126582
1,ne,<code>ne</code>,2,0.0253165
6,nyt,<code>nyt</code>,1,0.0126582
6,ofer,<code>ofer</code>,1,0.0126582
1,on,<code>on</code>,2,0.0253165
1,ond,<code>ond</code>,2,0.0253165
6,rece,<code>rece</code>,1,0.0126582
6,ribba,<code>ribba</code>,1,0.0126582
6,rice,<code>rice</code>,1,0.0126582
6,sceal,<code>sceal</code>,1,0.0126582
6,seah,<code>seah</code>,1,0.0126582
6,searo,<code>searo</code>,1,0.0126582
6,searoceap,<code>searoceap</code>,1,0.0126582
6,sellic,<code>sellic</code>,1,0.0126582
6,sellicu,<code>sellicu</code>,1,0.0126582
6,si&thorn;um,<code>si&amp;t;um</code>,1,0.0126582
6,sie,<code>sie</code>,1,0.0126582
6,sio,<code>sio</code>,1,0.0126582
6,swi&thorn;e,<code>swi&amp;t;e</code>,1,0.0126582
6,swifan,<code>swifan</code>,1,0.0126582
6,syne,<code>syne</code>,1,0.0126582
6,w&aelig;s,<code>w&amp;ae;s</code>,1,0.0126582
6,werum,<code>werum</code>,1,0.0126582
6,wi&eth;,<code>wi&amp;d;</code>,1,0.0126582
6,wige&eth;,<code>wige&amp;d;</code>,1,0.0126582
1,wiht,<code>wiht</code>,2,0.0253165
6,wis,<code>wis</code>,1,0.0126582
6,wist,<code>wist</code>,1,0.0126582
6,wisum,<code>wisum</code>,1,0.0126582
6,worda,<code>worda</code>,1,0.0126582
6,wr&aelig;ttum,<code>wr&amp;ae;ttum</code>,1,0.0126582
