A_Poetry,A03,A03.022.004_Rid_4_T00350.txt,54,47,61
RANK,HTML WORD,RAW WORD,COUNT,RELATIVE FREQUENCY
8,&thorn;&aelig;r,<code>&amp;t;&amp;ae;r</code>,1,0.0163934
1,&thorn;&aelig;t,<code>&amp;t;&amp;ae;t</code>,2,0.0327869
8,&thorn;eah,<code>&amp;t;eah</code>,1,0.0163934
1,&thorn;egne,<code>&amp;t;egne</code>,2,0.0327869
8,&thorn;once,<code>&amp;t;once</code>,1,0.0163934
8,&thorn;ragbysig,<code>&amp;t;ragbysig</code>,1,0.0163934
8,b&aelig;g,<code>b&amp;ae;g</code>,1,0.0163934
8,bed,<code>bed</code>,1,0.0163934
8,berste&eth;,<code>berste&amp;d;</code>,1,0.0163934
8,bi&thorn;,<code>bi&amp;t;</code>,1,0.0163934
8,breahtme,<code>breahtme</code>,1,0.0163934
8,brecan,<code>brecan</code>,1,0.0163934
8,cy&thorn;an,<code>cy&amp;t;an</code>,1,0.0163934
8,eode,<code>eode</code>,1,0.0163934
8,gebundenne,<code>gebundenne</code>,1,0.0163934
8,georne,<code>georne</code>,1,0.0163934
8,gesecgan,<code>gesecgan</code>,1,0.0163934
8,gretan,<code>gretan</code>,1,0.0163934
8,gromheortum,<code>gromheortum</code>,1,0.0163934
8,h&aelig;fted,<code>h&amp;ae;fted</code>,1,0.0163934
8,halswri&thorn;an,<code>halswri&amp;t;an</code>,1,0.0163934
8,him,<code>him</code>,1,0.0163934
8,hlaford,<code>hlaford</code>,1,0.0163934
8,hringum,<code>hringum</code>,1,0.0163934
8,hwilum,<code>hwilum</code>,1,0.0163934
8,hyran,<code>hyran</code>,1,0.0163934
1,ic,<code>ic</code>,2,0.0327869
8,lim,<code>lim</code>,1,0.0163934
8,m&aelig;ge,<code>m&amp;ae;ge</code>,1,0.0163934
1,me,<code>me</code>,2,0.0327869
8,mec,<code>mec</code>,1,0.0163934
8,medwisum,<code>medwisum</code>,1,0.0163934
8,men,<code>men</code>,1,0.0163934
8,meowle,<code>meowle</code>,1,0.0163934
1,min,<code>min</code>,2,0.0327869
1,minum,<code>minum</code>,2,0.0327869
8,o&eth;&thorn;e,<code>o&amp;d;&amp;t;e</code>,1,0.0163934
8,oft,<code>oft</code>,1,0.0163934
1,on,<code>on</code>,2,0.0327869
8,oncwe&thorn;e,<code>oncwe&amp;t;e</code>,1,0.0163934
8,ond,<code>ond</code>,1,0.0163934
8,sceal,<code>sceal</code>,1,0.0163934
8,se,<code>se</code>,1,0.0163934
8,sealde,<code>sealde</code>,1,0.0163934
8,secg,<code>secg</code>,1,0.0163934
8,sl&aelig;pwerigne,<code>sl&amp;ae;pwerigne</code>,1,0.0163934
8,sped,<code>sped</code>,1,0.0163934
8,spel,<code>spel</code>,1,0.0163934
8,sylfe,<code>sylfe</code>,1,0.0163934
8,wearm,<code>wearm</code>,1,0.0163934
8,wiht,<code>wiht</code>,1,0.0163934
8,winterceald,<code>winterceald</code>,1,0.0163934
8,wite,<code>wite</code>,1,0.0163934
8,wordum,<code>wordum</code>,1,0.0163934
