A_Poetry,A03,A03.022.030_Rid_30a_T00610.txt,45,41,52
RANK,HTML WORD,RAW WORD,COUNT,RELATIVE FREQUENCY
5,&aelig;fter,<code>&amp;ae;fter</code>,1,0.0192308
5,&thorn;&aelig;r,<code>&amp;t;&amp;ae;r</code>,1,0.0192308
5,&thorn;&aelig;t,<code>&amp;t;&amp;ae;t</code>,1,0.0192308
5,&thorn;onne,<code>&amp;t;onne</code>,1,0.0192308
5,bearu,<code>bearu</code>,1,0.0192308
5,bewunden,<code>bewunden</code>,1,0.0192308
5,blowende,<code>blowende</code>,1,0.0192308
5,byrnende,<code>byrnende</code>,1,0.0192308
5,cyssa&eth;,<code>cyssa&amp;d;</code>,1,0.0192308
5,eadignesse,<code>eadignesse</code>,1,0.0192308
5,eom,<code>eom</code>,1,0.0192308
5,for&eth;weges,<code>for&amp;d;weges</code>,1,0.0192308
5,ful,<code>ful</code>,1,0.0192308
5,fus,<code>fus</code>,1,0.0192308
5,fyre,<code>fyre</code>,1,0.0192308
5,gebysgad,<code>gebysgad</code>,1,0.0192308
5,gesi&thorn;as,<code>gesi&amp;t;as</code>,1,0.0192308
5,gesomnad,<code>gesomnad</code>,1,0.0192308
5,gled,<code>gled</code>,1,0.0192308
5,hi,<code>hi</code>,1,0.0192308
5,hondum,<code>hondum</code>,1,0.0192308
1,ic,<code>ic</code>,3,0.0576923
5,lace,<code>lace</code>,1,0.0192308
5,legbysig,<code>legbysig</code>,1,0.0192308
5,me,<code>me</code>,1,0.0192308
1,mec,<code>mec</code>,3,0.0576923
1,mid,<code>mid</code>,3,0.0576923
5,miltse,<code>miltse</code>,1,0.0192308
5,monige,<code>monige</code>,1,0.0192308
5,monnum,<code>monnum</code>,1,0.0192308
5,oft,<code>oft</code>,1,0.0192308
4,ond,<code>ond</code>,2,0.0384615
5,onh&aelig;bbe,<code>onh&amp;ae;bbe</code>,1,0.0192308
5,onhniga&thorn;,<code>onhniga&amp;t;</code>,1,0.0192308
5,sceal,<code>sceal</code>,1,0.0192308
5,senda&eth;,<code>senda&amp;d;</code>,1,0.0192308
5,to,<code>to</code>,1,0.0192308
5,upcyme,<code>upcyme</code>,1,0.0192308
5,wedre,<code>wedre</code>,1,0.0192308
5,weras,<code>weras</code>,1,0.0192308
5,wif,<code>wif</code>,1,0.0192308
5,winde,<code>winde</code>,1,0.0192308
5,wlonce,<code>wlonce</code>,1,0.0192308
5,wuldre,<code>wuldre</code>,1,0.0192308
5,ycan,<code>ycan</code>,1,0.0192308
