A_Poetry,A03,A03.022.041_Rid_41_T00720.txt,40,34,49
RANK,HTML WORD,RAW WORD,COUNT,RELATIVE FREQUENCY
1,&thorn;&aelig;s,<code>&amp;t;&amp;ae;s</code>,5,0.1020408
2,&thorn;&aelig;t,<code>&amp;t;&amp;ae;t</code>,2,0.0408163
7,&thorn;a,<code>&amp;t;a</code>,1,0.0204082
7,&thorn;e,<code>&amp;t;e</code>,1,0.0204082
7,&thorn;eoda,<code>&amp;t;eoda</code>,1,0.0204082
7,agen,<code>agen</code>,1,0.0204082
2,bearn,<code>bearn</code>,2,0.0408163
7,brucen,<code>brucen</code>,1,0.0204082
7,cynna,<code>cynna</code>,1,0.0204082
7,deorestan,<code>deorestan</code>,1,0.0204082
7,do&eth;,<code>do&amp;d;</code>,1,0.0204082
7,dryhta,<code>dryhta</code>,1,0.0204082
7,edniwu,<code>edniwu</code>,1,0.0204082
7,eor&thorn;an,<code>eor&amp;t;an</code>,1,0.0204082
7,foldan,<code>foldan</code>,1,0.0204082
7,ge&thorn;encanne,<code>ge&amp;t;encanne</code>,1,0.0204082
7,gefean,<code>gefean</code>,1,0.0204082
7,gehwylcum,<code>gehwylcum</code>,1,0.0204082
7,her,<code>her</code>,1,0.0204082
7,hw&aelig;t,<code>hw&amp;ae;t</code>,1,0.0204082
7,in,<code>in</code>,1,0.0204082
2,is,<code>is</code>,2,0.0408163
7,lifgan,<code>lifgan</code>,1,0.0204082
7,magon,<code>magon</code>,1,0.0204082
7,moddor,<code>moddor</code>,1,0.0204082
7,monigra,<code>monigra</code>,1,0.0204082
7,ne,<code>ne</code>,1,0.0204082
7,nym&eth;e,<code>nym&amp;d;e</code>,1,0.0204082
7,ofer,<code>ofer</code>,1,0.0204082
7,owiht,<code>owiht</code>,1,0.0204082
7,sceat,<code>sceat</code>,1,0.0204082
7,selestan,<code>selestan</code>,1,0.0204082
7,seo,<code>seo</code>,1,0.0204082
7,sweartestan,<code>sweartestan</code>,1,0.0204082
7,sy,<code>sy</code>,1,0.0204082
2,to,<code>to</code>,2,0.0408163
2,we,<code>we</code>,2,0.0408163
7,werum,<code>werum</code>,1,0.0204082
7,wiht,<code>wiht</code>,1,0.0204082
7,wisf&aelig;stum,<code>wisf&amp;ae;stum</code>,1,0.0204082
