A_Poetry,A03,A03.011_Wid_T00210.txt,505,425,845
RANK,HTML WORD,RAW WORD,COUNT,RELATIVE FREQUENCY
81,&aelig;&thorn;ele,<code>&amp;ae;&amp;t;ele</code>,1,0.0011834
81,&aelig;fnan,<code>&amp;ae;fnan</code>,1,0.0011834
81,&aelig;fter,<code>&amp;ae;fter</code>,1,0.0011834
81,&aelig;gelmund,<code>&amp;ae;gelmund</code>,1,0.0011834
81,&aelig;ht,<code>&amp;ae;ht</code>,1,0.0011834
81,&aelig;lfwine,<code>&amp;ae;lfwine</code>,1,0.0011834
81,&aelig;nenum,<code>&amp;ae;nenum</code>,1,0.0011834
81,&aelig;rest,<code>&amp;ae;rest</code>,1,0.0011834
81,&aelig;t,<code>&amp;ae;t</code>,1,0.0011834
81,&aelig;tla,<code>&amp;ae;tla</code>,1,0.0011834
81,&aelig;tlan,<code>&amp;ae;tlan</code>,1,0.0011834
81,&aelig;tsomne,<code>&amp;ae;tsomne</code>,1,0.0011834
81,&eth;onan,<code>&amp;d;onan</code>,1,0.0011834
81,&eth;onne,<code>&amp;d;onne</code>,1,0.0011834
11,&thorn;&aelig;r,<code>&amp;t;&amp;ae;r</code>,6,0.0071006
81,&thorn;&aelig;re,<code>&amp;t;&amp;ae;re</code>,1,0.0011834
81,&thorn;&aelig;s,<code>&amp;t;&amp;ae;s</code>,1,0.0011834
11,&thorn;&aelig;t,<code>&amp;t;&amp;ae;t</code>,6,0.0071006
7,&thorn;a,<code>&amp;t;a</code>,7,0.0082840
32,&thorn;am,<code>&amp;t;am</code>,2,0.0023669
21,&thorn;ara,<code>&amp;t;ara</code>,3,0.0035503
6,&thorn;e,<code>&amp;t;e</code>,9,0.0106509
81,&thorn;eah,<code>&amp;t;eah</code>,1,0.0011834
81,&thorn;earfe,<code>&amp;t;earfe</code>,1,0.0011834
81,&thorn;eawum,<code>&amp;t;eawum</code>,1,0.0011834
81,&thorn;enden,<code>&amp;t;enden</code>,1,0.0011834
81,&thorn;eode,<code>&amp;t;eode</code>,1,0.0011834
81,&thorn;eodenstol,<code>&amp;t;eodenstol</code>,1,0.0011834
81,&thorn;eodna,<code>&amp;t;eodna</code>,1,0.0011834
32,&thorn;eodric,<code>&amp;t;eodric</code>,2,0.0023669
81,&thorn;oncword,<code>&amp;t;oncword</code>,1,0.0011834
81,&thorn;one,<code>&amp;t;one</code>,1,0.0011834
21,&thorn;onne,<code>&amp;t;onne</code>,3,0.0035503
81,&thorn;rage,<code>&amp;t;rage</code>,1,0.0011834
81,&thorn;rowendum,<code>&amp;t;rowendum</code>,1,0.0011834
81,&thorn;rym,<code>&amp;t;rym</code>,1,0.0011834
81,&thorn;yle,<code>&amp;t;yle</code>,1,0.0011834
32,&thorn;yringum,<code>&amp;t;yringum</code>,2,0.0023669
81,a,<code>a</code>,1,0.0011834
81,ac,<code>ac</code>,1,0.0011834
81,ahofan,<code>ahofan</code>,1,0.0011834
81,ahte,<code>ahte</code>,1,0.0011834
81,al&aelig;g,<code>al&amp;ae;g</code>,1,0.0011834
81,alewih,<code>alewih</code>,1,0.0011834
81,alexandreas,<code>alexandreas</code>,1,0.0011834
81,amothingum,<code>amothingum</code>,1,0.0011834
81,ane,<code>ane</code>,1,0.0011834
81,anihst,<code>anihst</code>,1,0.0011834
81,ar&aelig;ran,<code>ar&amp;ae;ran</code>,1,0.0011834
81,baningum,<code>baningum</code>,1,0.0011834
81,be,<code>be</code>,1,0.0011834
81,beadecan,<code>beadecan</code>,1,0.0011834
32,beag,<code>beag</code>,2,0.0023669
81,beaga,<code>beaga</code>,1,0.0011834
81,bearn,<code>bearn</code>,1,0.0011834
81,becca,<code>becca</code>,1,0.0011834
81,beccan,<code>beccan</code>,1,0.0011834
81,beorhtra,<code>beorhtra</code>,1,0.0011834
32,bi,<code>bi</code>,2,0.0023669
81,bi&thorn;,<code>bi&amp;t;</code>,1,0.0011834
81,bicwom,<code>bicwom</code>,1,0.0011834
81,bid&aelig;led,<code>bid&amp;ae;led</code>,1,0.0011834
81,billing,<code>billing</code>,1,0.0011834
81,breoca,<code>breoca</code>,1,0.0011834
81,brondingum,<code>brondingum</code>,1,0.0011834
81,bryttian,<code>bryttian</code>,1,0.0011834
32,burgendum,<code>burgendum</code>,2,0.0023669
81,burgwarena,<code>burgwarena</code>,1,0.0011834
81,c&aelig;lic,<code>c&amp;ae;lic</code>,1,0.0011834
32,casere,<code>casere</code>,2,0.0023669
81,cnihtwesende,<code>cnihtwesende</code>,1,0.0011834
81,cnosle,<code>cnosle</code>,1,0.0011834
32,creacum,<code>creacum</code>,2,0.0023669
81,cu&thorn;an,<code>cu&amp;t;an</code>,1,0.0011834
81,cunnade,<code>cunnade</code>,1,0.0011834
81,cwen,<code>cwen</code>,1,0.0011834
81,cynegode,<code>cynegode</code>,1,0.0011834
81,cynerica,<code>cynerica</code>,1,0.0011834
21,cyning,<code>cyning</code>,3,0.0035503
81,cynn,<code>cynn</code>,1,0.0011834
81,cynne,<code>cynne</code>,1,0.0011834
81,cynnes,<code>cynnes</code>,1,0.0011834
81,cystum,<code>cystum</code>,1,0.0011834
81,deanum,<code>deanum</code>,1,0.0011834
81,denum,<code>denum</code>,1,0.0011834
81,dohte,<code>dohte</code>,1,0.0011834
81,dohten,<code>dohten</code>,1,0.0011834
81,dohtor,<code>dohtor</code>,1,0.0011834
32,dom,<code>dom</code>,2,0.0023669
81,dryhtcwen,<code>dryhtcwen</code>,1,0.0011834
32,dugu&thorn;e,<code>dugu&amp;t;e</code>,2,0.0023669
81,e&eth;le,<code>e&amp;d;le</code>,1,0.0011834
32,e&thorn;el,<code>e&amp;t;el</code>,2,0.0023669
81,e&thorn;elstol,<code>e&amp;t;elstol</code>,1,0.0011834
81,eadgilse,<code>eadgilse</code>,1,0.0011834
81,eadwine,<code>eadwine</code>,1,0.0011834
32,eadwines,<code>eadwines</code>,2,0.0023669
81,eal,<code>eal</code>,1,0.0011834
81,ealdne,<code>ealdne</code>,1,0.0011834
81,ealhhild,<code>ealhhild</code>,1,0.0011834
81,ealhhilde,<code>ealhhilde</code>,1,0.0011834
81,ealle,<code>ealle</code>,1,0.0011834
81,ealne,<code>ealne</code>,1,0.0011834
32,ealra,<code>ealra</code>,2,0.0023669
81,earmanrices,<code>earmanrices</code>,1,0.0011834
81,east&thorn;yringum,<code>east&amp;t;yringum</code>,1,0.0011834
81,eastan,<code>eastan</code>,1,0.0011834
81,eastgotan,<code>eastgotan</code>,1,0.0011834
81,eatule,<code>eatule</code>,1,0.0011834
81,ebreum,<code>ebreum</code>,1,0.0011834
81,efeneald,<code>efeneald</code>,1,0.0011834
81,egyptum,<code>egyptum</code>,1,0.0011834
81,elsan,<code>elsan</code>,1,0.0011834
81,emercan,<code>emercan</code>,1,0.0011834
81,engle,<code>engle</code>,1,0.0011834
81,englum,<code>englum</code>,1,0.0011834
81,eolum,<code>eolum</code>,1,0.0011834
81,eor&thorn;an,<code>eor&amp;t;an</code>,1,0.0011834
81,eorl,<code>eorl</code>,1,0.0011834
32,eorlscipe,<code>eorlscipe</code>,2,0.0023669
81,eorlscype,<code>eorlscype</code>,1,0.0011834
81,eormanric,<code>eormanric</code>,1,0.0011834
81,eormanrice,<code>eormanrice</code>,1,0.0011834
81,eormanrices,<code>eormanrices</code>,1,0.0011834
81,eowum,<code>eowum</code>,1,0.0011834
81,exsyringum,<code>exsyringum</code>,1,0.0011834
32,f&aelig;der,<code>f&amp;ae;der</code>,2,0.0023669
81,f&aelig;lre,<code>f&amp;ae;lre</code>,1,0.0011834
17,fela,<code>fela</code>,4,0.0047337
81,feor,<code>feor</code>,1,0.0011834
81,feringe,<code>feringe</code>,1,0.0011834
81,fifeldore,<code>fifeldore</code>,1,0.0011834
81,fin,<code>fin</code>,1,0.0011834
32,finnum,<code>finnum</code>,2,0.0023669
81,fleag,<code>fleag</code>,1,0.0011834
81,flette,<code>flette</code>,1,0.0011834
81,folca,<code>folca</code>,1,0.0011834
81,folcwalding,<code>folcwalding</code>,1,0.0011834
81,foldan,<code>foldan</code>,1,0.0011834
81,folgade,<code>folgade</code>,1,0.0011834
81,for,<code>for</code>,1,0.0011834
81,for&eth;,<code>for&amp;d;</code>,1,0.0011834
81,for&thorn;on,<code>for&amp;t;on</code>,1,0.0011834
81,forbigdan,<code>forbigdan</code>,1,0.0011834
32,fore,<code>fore</code>,2,0.0023669
17,forgeaf,<code>forgeaf</code>,4,0.0047337
81,forheowan,<code>forheowan</code>,1,0.0011834
81,forman,<code>forman</code>,1,0.0011834
81,forwr&aelig;con,<code>forwr&amp;ae;con</code>,1,0.0011834
81,frea,<code>frea</code>,1,0.0011834
81,fremdra,<code>fremdra</code>,1,0.0011834
81,fremede,<code>fremede</code>,1,0.0011834
81,freo&thorn;eric,<code>freo&amp;t;eric</code>,1,0.0011834
81,freo&thorn;uwebban,<code>freo&amp;t;uwebban</code>,1,0.0011834
81,freom&aelig;gum,<code>freom&amp;ae;gum</code>,1,0.0011834
81,fresna,<code>fresna</code>,1,0.0011834
81,fridlan,<code>fridlan</code>,1,0.0011834
81,frodne,<code>frodne</code>,1,0.0011834
81,from,<code>from</code>,1,0.0011834
32,froncum,<code>froncum</code>,2,0.0023669
81,fruma,<code>fruma</code>,1,0.0011834
81,frumtingum,<code>frumtingum</code>,1,0.0011834
81,frysum,<code>frysum</code>,1,0.0011834
32,ful,<code>ful</code>,2,0.0023669
81,gar,<code>gar</code>,1,0.0011834
21,ge&thorn;ah,<code>ge&amp;t;ah</code>,3,0.0035503
81,ge&thorn;eon,<code>ge&amp;t;eon</code>,1,0.0011834
81,geatum,<code>geatum</code>,1,0.0011834
81,gedales,<code>gedales</code>,1,0.0011834
81,gedryht,<code>gedryht</code>,1,0.0011834
81,gef&thorn;um,<code>gef&amp;t;um</code>,1,0.0011834
81,gefflegum,<code>gefflegum</code>,1,0.0011834
81,gefr&aelig;ge,<code>gefr&amp;ae;ge</code>,1,0.0011834
81,gefr&aelig;gen,<code>gefr&amp;ae;gen</code>,1,0.0011834
81,gefr&aelig;gn,<code>gefr&amp;ae;gn</code>,1,0.0011834
81,gefwulf,<code>gefwulf</code>,1,0.0011834
81,gehealdenne,<code>gehealdenne</code>,1,0.0011834
81,gehwylc,<code>gehwylc</code>,1,0.0011834
81,gem&aelig;rde,<code>gem&amp;ae;rde</code>,1,0.0011834
81,gemeta&eth;,<code>gemeta&amp;d;</code>,1,0.0011834
81,geofum,<code>geofum</code>,1,0.0011834
21,geond,<code>geond</code>,3,0.0035503
32,geondferde,<code>geondferde</code>,2,0.0023669
81,geondhwearf,<code>geondhwearf</code>,1,0.0011834
81,gesceapum,<code>gesceapum</code>,1,0.0011834
81,gescyred,<code>gescyred</code>,1,0.0011834
32,gesi&thorn;a,<code>gesi&amp;t;a</code>,2,0.0023669
32,geslog,<code>geslog</code>,2,0.0023669
81,gesohte,<code>gesohte</code>,1,0.0011834
81,geweald,<code>geweald</code>,1,0.0011834
81,gewyrce&eth;,<code>gewyrce&amp;d;</code>,1,0.0011834
81,giefe,<code>giefe</code>,1,0.0011834
81,giellende,<code>giellende</code>,1,0.0011834
81,gifica,<code>gifica</code>,1,0.0011834
81,ginne,<code>ginne</code>,1,0.0011834
81,gislhere,<code>gislhere</code>,1,0.0011834
81,gl&aelig;dlicne,<code>gl&amp;ae;dlicne</code>,1,0.0011834
81,gleawne,<code>gleawne</code>,1,0.0011834
81,gleomen,<code>gleomen</code>,1,0.0011834
32,glommum,<code>glommum</code>,2,0.0023669
81,god,<code>god</code>,1,0.0011834
81,gode,<code>gode</code>,1,0.0011834
81,godes,<code>godes</code>,1,0.0011834
81,godne,<code>godne</code>,1,0.0011834
81,golde,<code>golde</code>,1,0.0011834
81,goldes,<code>goldes</code>,1,0.0011834
81,goldhrodene,<code>goldhrodene</code>,1,0.0011834
32,gotena,<code>gotena</code>,2,0.0023669
81,gotum,<code>gotum</code>,1,0.0011834
81,grome,<code>grome</code>,1,0.0011834
81,grund,<code>grund</code>,1,0.0011834
81,grunda,<code>grunda</code>,1,0.0011834
81,gu&eth;here,<code>gu&amp;d;here</code>,1,0.0011834
32,gumena,<code>gumena</code>,2,0.0023669
81,gydda,<code>gydda</code>,1,0.0011834
81,h&aelig;&eth;num,<code>h&amp;ae;&amp;d;num</code>,1,0.0011834
81,h&aelig;bbe,<code>h&amp;ae;bbe</code>,1,0.0011834
81,h&aelig;fde,<code>h&amp;ae;fde</code>,1,0.0011834
81,h&aelig;le&thorn;um,<code>h&amp;ae;le&amp;t;um</code>,1,0.0011834
81,h&aelig;lsingum,<code>h&amp;ae;lsingum</code>,1,0.0011834
81,h&aelig;twerum,<code>h&amp;ae;twerum</code>,1,0.0011834
81,hafa&eth;,<code>hafa&amp;d;</code>,1,0.0011834
81,hagena,<code>hagena</code>,1,0.0011834
32,ham,<code>ham</code>,2,0.0023669
81,hama,<code>hama</code>,1,0.0011834
81,haman,<code>haman</code>,1,0.0011834
81,haten,<code>haten</code>,1,0.0011834
11,he,<code>he</code>,6,0.0071006
81,he&eth;can,<code>he&amp;d;can</code>,1,0.0011834
81,hea&eth;obeardna,<code>hea&amp;d;obeardna</code>,1,0.0011834
81,hea&thorn;oreamum,<code>hea&amp;t;oreamum</code>,1,0.0011834
81,hea&thorn;oric,<code>hea&amp;t;oric</code>,1,0.0011834
81,heahf&aelig;stne,<code>heahf&amp;ae;stne</code>,1,0.0011834
81,heape,<code>heape</code>,1,0.0011834
81,heardum,<code>heardum</code>,1,0.0011834
81,hearpan,<code>hearpan</code>,1,0.0011834
81,helm,<code>helm</code>,1,0.0011834
81,heoden,<code>heoden</code>,1,0.0011834
81,heofonum,<code>heofonum</code>,1,0.0011834
32,heoldon,<code>heoldon</code>,2,0.0023669
81,heorote,<code>heorote</code>,1,0.0011834
81,heortan,<code>heortan</code>,1,0.0011834
81,her,<code>her</code>,1,0.0011834
81,here,<code>here</code>,1,0.0011834
81,herefarena,<code>herefarena</code>,1,0.0011834
81,herelingas,<code>herelingas</code>,1,0.0011834
81,hi,<code>hi</code>,1,0.0011834
21,him,<code>him</code>,3,0.0035503
81,his,<code>his</code>,1,0.0011834
81,hit,<code>hit</code>,1,0.0011834
81,hleo&thorn;or,<code>hleo&amp;t;or</code>,1,0.0011834
81,hleodryhtne,<code>hleodryhtne</code>,1,0.0011834
81,hli&thorn;e,<code>hli&amp;t;e</code>,1,0.0011834
81,hlude,<code>hlude</code>,1,0.0011834
81,hn&aelig;f,<code>hn&amp;ae;f</code>,1,0.0011834
81,hocingum,<code>hocingum</code>,1,0.0011834
81,holen,<code>holen</code>,1,0.0011834
81,holmrygum,<code>holmrygum</code>,1,0.0011834
81,hond,<code>hond</code>,1,0.0011834
81,hr&aelig;da,<code>hr&amp;ae;da</code>,1,0.0011834
81,hre&eth;cyninges,<code>hre&amp;d;cyninges</code>,1,0.0011834
81,hre&eth;gotum,<code>hre&amp;d;gotum</code>,1,0.0011834
81,hringa,<code>hringa</code>,1,0.0011834
81,hringweald,<code>hringweald</code>,1,0.0011834
81,hro&eth;gar,<code>hro&amp;d;gar</code>,1,0.0011834
81,hro&thorn;wulf,<code>hro&amp;t;wulf</code>,1,0.0011834
81,hronum,<code>hronum</code>,1,0.0011834
81,hu,<code>hu</code>,1,0.0011834
81,hun,<code>hun</code>,1,0.0011834
81,hund,<code>hund</code>,1,0.0011834
32,hundingum,<code>hundingum</code>,2,0.0023669
81,hungar,<code>hungar</code>,1,0.0011834
32,hunum,<code>hunum</code>,2,0.0023669
81,hw&aelig;&thorn;re,<code>hw&amp;ae;&amp;t;re</code>,1,0.0011834
81,hw&aelig;r,<code>hw&amp;ae;r</code>,1,0.0011834
81,hwala,<code>hwala</code>,1,0.0011834
81,hweorfa&eth;,<code>hweorfa&amp;d;</code>,1,0.0011834
81,hwile,<code>hwile</code>,1,0.0011834
81,hwinende,<code>hwinende</code>,1,0.0011834
32,hy,<code>hy</code>,2,0.0023669
81,hyrdon,<code>hyrdon</code>,1,0.0011834
81,hyre,<code>hyre</code>,1,0.0011834
3,ic,<code>ic</code>,38,0.0449704
81,idumingum,<code>idumingum</code>,1,0.0011834
81,in,<code>in</code>,1,0.0011834
81,incgen&thorn;eow,<code>incgen&amp;t;eow</code>,1,0.0011834
81,indeum,<code>indeum</code>,1,0.0011834
81,ingeldes,<code>ingeldes</code>,1,0.0011834
81,innweorud,<code>innweorud</code>,1,0.0011834
81,israhelum,<code>israhelum</code>,1,0.0011834
81,istum,<code>istum</code>,1,0.0011834
32,leane,<code>leane</code>,2,0.0023669
81,lengde,<code>lengde</code>,1,0.0011834
32,lengest,<code>lengest</code>,2,0.0023669
81,leodum,<code>leodum</code>,1,0.0011834
81,leofa&eth;,<code>leofa&amp;d;</code>,1,0.0011834
81,leofast,<code>leofast</code>,1,0.0011834
81,leofum,<code>leofum</code>,1,0.0011834
81,leoht,<code>leoht</code>,1,0.0011834
81,leohteste,<code>leohteste</code>,1,0.0011834
81,leonum,<code>leonum</code>,1,0.0011834
81,lidwicingum,<code>lidwicingum</code>,1,0.0011834
81,lif,<code>lif</code>,1,0.0011834
81,lifgan,<code>lifgan</code>,1,0.0011834
32,lof,<code>lof</code>,2,0.0023669
81,lofes,<code>lofes</code>,1,0.0011834
81,lond,<code>lond</code>,1,0.0011834
32,londa,<code>londa</code>,2,0.0023669
81,londbuendum,<code>londbuendum</code>,1,0.0011834
32,longbeardum,<code>longbeardum</code>,2,0.0023669
81,m&aelig;g,<code>m&amp;ae;g</code>,1,0.0011834
81,m&aelig;g&thorn;a,<code>m&amp;ae;g&amp;t;a</code>,1,0.0011834
81,m&aelig;g&thorn;um,<code>m&amp;ae;g&amp;t;um</code>,1,0.0011834
81,m&aelig;nan,<code>m&amp;ae;nan</code>,1,0.0011834
21,m&aelig;st,<code>m&amp;ae;st</code>,3,0.0035503
81,ma&eth;olade,<code>ma&amp;d;olade</code>,1,0.0011834
32,ma&thorn;&thorn;um,<code>ma&amp;t;&amp;t;um</code>,2,0.0023669
81,manna,<code>manna</code>,1,0.0011834
81,maran,<code>maran</code>,1,0.0011834
11,me,<code>me</code>,6,0.0071006
81,meaca,<code>meaca</code>,1,0.0011834
81,mearchealf,<code>mearchealf</code>,1,0.0011834
81,men,<code>men</code>,1,0.0011834
81,mengo,<code>mengo</code>,1,0.0011834
81,meoduhealle,<code>meoduhealle</code>,1,0.0011834
81,merce,<code>merce</code>,1,0.0011834
2,mid,<code>mid</code>,57,0.0674556
81,mine,<code>mine</code>,1,0.0011834
81,mines,<code>mines</code>,1,0.0011834
81,minum,<code>minum</code>,1,0.0011834
81,modgast,<code>modgast</code>,1,0.0011834
81,modum,<code>modum</code>,1,0.0011834
81,mofdingum,<code>mofdingum</code>,1,0.0011834
81,moidum,<code>moidum</code>,1,0.0011834
81,moncynnes,<code>moncynnes</code>,1,0.0011834
81,monige,<code>monige</code>,1,0.0011834
17,monna,<code>monna</code>,4,0.0047337
81,mynelicne,<code>mynelicne</code>,1,0.0011834
81,myrginga,<code>myrginga</code>,1,0.0011834
15,myrgingum,<code>myrgingum</code>,5,0.0059172
81,n&aelig;fre,<code>n&amp;ae;fre</code>,1,0.0011834
81,n&aelig;nig,<code>n&amp;ae;nig</code>,1,0.0011834
81,n&aelig;s,<code>n&amp;ae;s</code>,1,0.0011834
21,ne,<code>ne</code>,3,0.0035503
81,nemnan,<code>nemnan</code>,1,0.0011834
81,no,<code>no</code>,1,0.0011834
81,nor&eth;,<code>nor&amp;d;</code>,1,0.0011834
81,o&thorn;&thorn;&aelig;t,<code>o&amp;t;&amp;t;&amp;ae;t</code>,1,0.0011834
81,o&thorn;&thorn;e,<code>o&amp;t;&amp;t;e</code>,1,0.0011834
81,o&thorn;erne,<code>o&amp;t;erne</code>,1,0.0011834
81,o&thorn;rum,<code>o&amp;t;rum</code>,1,0.0011834
32,of,<code>of</code>,2,0.0023669
21,ofer,<code>ofer</code>,3,0.0035503
21,offa,<code>offa</code>,3,0.0035503
81,offan,<code>offan</code>,1,0.0011834
21,oft,<code>oft</code>,3,0.0035503
7,on,<code>on</code>,7,0.0082840
1,ond,<code>ond</code>,74,0.0875740
81,onfond,<code>onfond</code>,1,0.0011834
81,ongend,<code>ongend</code>,1,0.0011834
81,ongend&thorn;eow,<code>ongend&amp;t;eow</code>,1,0.0011834
32,ongle,<code>ongle</code>,2,0.0023669
81,ongon,<code>ongon</code>,1,0.0011834
81,onleac,<code>onleac</code>,1,0.0011834
81,onwocon,<code>onwocon</code>,1,0.0011834
81,ord,<code>ord</code>,1,0.0011834
81,orette,<code>orette</code>,1,0.0011834
81,oswine,<code>oswine</code>,1,0.0011834
81,peohtum,<code>peohtum</code>,1,0.0011834
81,persum,<code>persum</code>,1,0.0011834
81,r&aelig;dan,<code>r&amp;ae;dan</code>,1,0.0011834
81,r&aelig;dhere,<code>r&amp;ae;dhere</code>,1,0.0011834
81,reorde,<code>reorde</code>,1,0.0011834
81,rice,<code>rice</code>,1,0.0011834
81,rices,<code>rices</code>,1,0.0011834
81,ricost,<code>ricost</code>,1,0.0011834
81,rondhere,<code>rondhere</code>,1,0.0011834
81,rondingum,<code>rondingum</code>,1,0.0011834
81,rugum,<code>rugum</code>,1,0.0011834
81,rumstan,<code>rumstan</code>,1,0.0011834
81,rumwalum,<code>rumwalum</code>,1,0.0011834
81,s&aelig;denum,<code>s&amp;ae;denum</code>,1,0.0011834
81,s&aelig;fer&eth;,<code>s&amp;ae;fer&amp;d;</code>,1,0.0011834
81,s&aelig;mestan,<code>s&amp;ae;mestan</code>,1,0.0011834
81,s&aelig;ne,<code>s&amp;ae;ne</code>,1,0.0011834
81,sc&aelig;ce&eth;,<code>sc&amp;ae;ce&amp;d;</code>,1,0.0011834
81,sceafa,<code>sceafa</code>,1,0.0011834
81,sceafthere,<code>sceafthere</code>,1,0.0011834
81,sceal,<code>sceal</code>,1,0.0011834
81,sceatta,<code>sceatta</code>,1,0.0011834
32,sceolde,<code>sceolde</code>,2,0.0023669
81,sceoldon,<code>sceoldon</code>,1,0.0011834
81,scilling,<code>scilling</code>,1,0.0011834
81,scillingrime,<code>scillingrime</code>,1,0.0011834
81,sciran,<code>sciran</code>,1,0.0011834
81,scottum,<code>scottum</code>,1,0.0011834
81,scri&thorn;ende,<code>scri&amp;t;ende</code>,1,0.0011834
81,scridefinnum,<code>scridefinnum</code>,1,0.0011834
5,se,<code>se</code>,10,0.0118343
81,seafolan,<code>seafolan</code>,1,0.0011834
81,sealde,<code>sealde</code>,1,0.0011834
81,seaxum,<code>seaxum</code>,1,0.0011834
81,seccan,<code>seccan</code>,1,0.0011834
81,secga&eth;,<code>secga&amp;d;</code>,1,0.0011834
32,secgan,<code>secgan</code>,2,0.0023669
32,selast,<code>selast</code>,2,0.0023669
81,selestan,<code>selestan</code>,1,0.0011834
81,sellan,<code>sellan</code>,1,0.0011834
81,sercingum,<code>sercingum</code>,1,0.0011834
81,seringum,<code>seringum</code>,1,0.0011834
32,si&thorn;&thorn;an,<code>si&amp;t;&amp;t;an</code>,2,0.0023669
81,si&thorn;e,<code>si&amp;t;e</code>,1,0.0011834
81,sibbe,<code>sibbe</code>,1,0.0011834
81,siex,<code>siex</code>,1,0.0011834
81,sifecan,<code>sifecan</code>,1,0.0011834
81,sigedryhtne,<code>sigedryhtne</code>,1,0.0011834
81,sigehere,<code>sigehere</code>,1,0.0011834
81,simle,<code>simle</code>,1,0.0011834
81,singan,<code>singan</code>,1,0.0011834
81,sm&aelig;tes,<code>sm&amp;ae;tes</code>,1,0.0011834
7,sohte,<code>sohte</code>,7,0.0082840
81,somod,<code>somod</code>,1,0.0011834
32,song,<code>song</code>,2,0.0023669
81,songe,<code>songe</code>,1,0.0011834
81,songes,<code>songes</code>,1,0.0011834
81,spell,<code>spell</code>,1,0.0011834
81,spreca&thorn;,<code>spreca&amp;t;</code>,1,0.0011834
32,sprecan,<code>sprecan</code>,2,0.0023669
81,su&eth;,<code>su&amp;d;</code>,1,0.0011834
81,su&thorn;denum,<code>su&amp;t;denum</code>,1,0.0011834
81,suhtorf&aelig;dran,<code>suhtorf&amp;ae;dran</code>,1,0.0011834
81,sumne,<code>sumne</code>,1,0.0011834
81,sw&aelig;fe,<code>sw&amp;ae;fe</code>,1,0.0011834
32,sw&aelig;fum,<code>sw&amp;ae;fum</code>,2,0.0023669
17,swa,<code>swa</code>,4,0.0047337
81,swegle,<code>swegle</code>,1,0.0011834
32,sweom,<code>sweom</code>,2,0.0023669
81,sweorde,<code>sweorde</code>,1,0.0011834
81,sweordum,<code>sweordum</code>,1,0.0011834
81,sweordwerum,<code>sweordwerum</code>,1,0.0011834
81,swinsade,<code>swinsade</code>,1,0.0011834
81,swylce,<code>swylce</code>,1,0.0011834
32,sycgum,<code>sycgum</code>,2,0.0023669
81,syle&eth;,<code>syle&amp;d;</code>,1,0.0011834
81,symle,<code>symle</code>,1,0.0011834
15,to,<code>to</code>,5,0.0059172
81,uncrum,<code>uncrum</code>,1,0.0011834
32,under,<code>under</code>,2,0.0023669
81,unhneaweste,<code>unhneaweste</code>,1,0.0011834
81,unhneawne,<code>unhneawne</code>,1,0.0011834
81,unwenes,<code>unwenes</code>,1,0.0011834
81,w&aelig;ran,<code>w&amp;ae;ran</code>,1,0.0011834
81,w&aelig;rlogan,<code>w&amp;ae;rlogan</code>,1,0.0011834
81,w&aelig;rnum,<code>w&amp;ae;rnum</code>,1,0.0011834
4,w&aelig;s,<code>w&amp;ae;s</code>,23,0.0272189
81,wada,<code>wada</code>,1,0.0011834
81,wala,<code>wala</code>,1,0.0011834
81,wald,<code>wald</code>,1,0.0011834
81,wealdan,<code>wealdan</code>,1,0.0011834
81,wel,<code>wel</code>,1,0.0011834
81,wenlum,<code>wenlum</code>,1,0.0011834
7,weold,<code>weold</code>,7,0.0082840
81,weoldan,<code>weoldan</code>,1,0.0011834
81,wergan,<code>wergan</code>,1,0.0011834
81,wernum,<code>wernum</code>,1,0.0011834
81,werum,<code>werum</code>,1,0.0011834
81,wi&eth;,<code>wi&amp;d;</code>,1,0.0011834
81,wi&thorn;ergield,<code>wi&amp;t;ergield</code>,1,0.0011834
81,wi&thorn;myrginga,<code>wi&amp;t;myrginga</code>,1,0.0011834
81,wicinga,<code>wicinga</code>,1,0.0011834
81,wicingum,<code>wicingum</code>,1,0.0011834
81,wide,<code>wide</code>,1,0.0011834
81,widsi&eth;,<code>widsi&amp;d;</code>,1,0.0011834
81,wifum,<code>wifum</code>,1,0.0011834
81,wig,<code>wig</code>,1,0.0011834
32,wile,<code>wile</code>,2,0.0023669
81,wilna,<code>wilna</code>,1,0.0011834
81,winburga,<code>winburga</code>,1,0.0011834
81,winedum,<code>winedum</code>,1,0.0011834
81,wiolena,<code>wiolena</code>,1,0.0011834
81,wisse,<code>wisse</code>,1,0.0011834
81,wistlawudu,<code>wistlawudu</code>,1,0.0011834
81,wit,<code>wit</code>,1,0.0011834
81,witta,<code>witta</code>,1,0.0011834
81,wloncan,<code>wloncan</code>,1,0.0011834
81,wlonce,<code>wlonce</code>,1,0.0011834
81,wod,<code>wod</code>,1,0.0011834
81,woingum,<code>woingum</code>,1,0.0011834
81,wordhord,<code>wordhord</code>,1,0.0011834
81,wordum,<code>wordum</code>,1,0.0011834
81,worn,<code>worn</code>,1,0.0011834
81,wr&aelig;ccan,<code>wr&amp;ae;ccan</code>,1,0.0011834
81,wra&thorn;es,<code>wra&amp;t;es</code>,1,0.0011834
81,wrosnum,<code>wrosnum</code>,1,0.0011834
81,wudga,<code>wudga</code>,1,0.0011834
81,wudgan,<code>wudgan</code>,1,0.0011834
81,wulfhere,<code>wulfhere</code>,1,0.0011834
81,wulfingum,<code>wulfingum</code>,1,0.0011834
81,wundnan,<code>wundnan</code>,1,0.0011834
81,wyrcenne,<code>wyrcenne</code>,1,0.0011834
81,wyrmhere,<code>wyrmhere</code>,1,0.0011834
81,yfles,<code>yfles</code>,1,0.0011834
81,ymb,<code>ymb</code>,1,0.0011834
81,ymbrum,<code>ymbrum</code>,1,0.0011834
81,ytum,<code>ytum</code>,1,0.0011834
