A_Poetry,A03,A03.034.032_Rid_92_T01330.txt,28,26,30
RANK,HTML WORD,RAW WORD,COUNT,RELATIVE FREQUENCY
3,beam,<code>beam</code>,1,0.0333333
3,beg,<code>beg</code>,1,0.0333333
3,beot,<code>beot</code>,1,0.0333333
3,brunra,<code>brunra</code>,1,0.0333333
3,byre&eth;,<code>byre&amp;d;</code>,1,0.0333333
3,e,<code>e</code>,1,0.0333333
3,eom,<code>eom</code>,1,0.0333333
3,feorhbora,<code>feorhbora</code>,1,0.0333333
3,foldan,<code>foldan</code>,1,0.0333333
3,freolic,<code>freolic</code>,1,0.0333333
3,geardum,<code>geardum</code>,1,0.0333333
3,gold,<code>gold</code>,1,0.0333333
3,gu&eth;wigan,<code>gu&amp;d;wigan</code>,1,0.0333333
3,hildew&aelig;pen,<code>hildew&amp;ae;pen</code>,1,0.0333333
3,holte,<code>holte</code>,1,0.0333333
3,hringe,<code>hringe</code>,1,0.0333333
3,hyhtlic,<code>hyhtlic</code>,1,0.0333333
3,ic,<code>ic</code>,1,0.0333333
3,nu,<code>nu</code>,1,0.0333333
3,o&thorn;rum,<code>o&amp;t;rum</code>,1,0.0333333
1,on,<code>on</code>,2,0.0666667
1,ond,<code>ond</code>,2,0.0666667
3,sond,<code>sond</code>,1,0.0333333
3,w&aelig;s,<code>w&amp;ae;s</code>,1,0.0333333
3,w&aelig;stm,<code>w&amp;ae;stm</code>,1,0.0333333
3,weres,<code>weres</code>,1,0.0333333
3,wifes,<code>wifes</code>,1,0.0333333
3,wynnsta&thorn;ol,<code>wynnsta&amp;t;ol</code>,1,0.0333333
