A_Poetry,A03,A03.014_OrW_T00240.txt,407,331,599
RANK,HTML WORD,RAW WORD,COUNT,RELATIVE FREQUENCY
77,&aelig;fenne,<code>&amp;ae;fenne</code>,1,0.0016694
77,&aelig;fter,<code>&amp;ae;fter</code>,1,0.0016694
77,&aelig;ghw&aelig;s,<code>&amp;ae;ghw&amp;ae;s</code>,1,0.0016694
23,&aelig;ghwylc,<code>&amp;ae;ghwylc</code>,3,0.0050083
77,&aelig;gne,<code>&amp;ae;gne</code>,1,0.0016694
77,&aelig;lda,<code>&amp;ae;lda</code>,1,0.0016694
77,&aelig;lmihtig,<code>&amp;ae;lmihtig</code>,1,0.0016694
77,&aelig;rd&aelig;ge,<code>&amp;ae;rd&amp;ae;ge</code>,1,0.0016694
77,&aelig;springe,<code>&amp;ae;springe</code>,1,0.0016694
77,&thorn;&aelig;r,<code>&amp;t;&amp;ae;r</code>,1,0.0016694
17,&thorn;&aelig;s,<code>&amp;t;&amp;ae;s</code>,4,0.0066778
3,&thorn;&aelig;t,<code>&amp;t;&amp;ae;t</code>,11,0.0183639
11,&thorn;a,<code>&amp;t;a</code>,5,0.0083472
7,&thorn;am,<code>&amp;t;am</code>,8,0.0133556
77,&thorn;ara,<code>&amp;t;ara</code>,1,0.0016694
36,&thorn;as,<code>&amp;t;as</code>,2,0.0033389
3,&thorn;e,<code>&amp;t;e</code>,11,0.0183639
77,&thorn;egn,<code>&amp;t;egn</code>,1,0.0016694
77,&thorn;encan,<code>&amp;t;encan</code>,1,0.0016694
77,&thorn;eodne,<code>&amp;t;eodne</code>,1,0.0016694
77,&thorn;eodnes,<code>&amp;t;eodnes</code>,1,0.0016694
77,&thorn;inne,<code>&amp;t;inne</code>,1,0.0016694
23,&thorn;is,<code>&amp;t;is</code>,3,0.0050083
77,&thorn;oncian,<code>&amp;t;oncian</code>,1,0.0016694
77,&thorn;one,<code>&amp;t;one</code>,1,0.0016694
17,&thorn;onne,<code>&amp;t;onne</code>,4,0.0066778
77,&thorn;ream,<code>&amp;t;ream</code>,1,0.0016694
77,&thorn;reatas,<code>&amp;t;reatas</code>,1,0.0016694
77,&thorn;rym,<code>&amp;t;rym</code>,1,0.0016694
36,&thorn;u,<code>&amp;t;u</code>,2,0.0033389
11,&thorn;urh,<code>&amp;t;urh</code>,5,0.0083472
77,&thorn;y,<code>&amp;t;y</code>,1,0.0016694
36,a,<code>a</code>,2,0.0033389
77,a&thorn;reotan,<code>a&amp;t;reotan</code>,1,0.0016694
36,ac,<code>ac</code>,2,0.0033389
77,agen,<code>agen</code>,1,0.0016694
77,agend,<code>agend</code>,1,0.0016694
77,ahefed,<code>ahefed</code>,1,0.0016694
77,anes,<code>anes</code>,1,0.0016694
77,anra,<code>anra</code>,1,0.0016694
77,ascian,<code>ascian</code>,1,0.0016694
77,aspyrgan,<code>aspyrgan</code>,1,0.0016694
77,awa,<code>awa</code>,1,0.0016694
77,bearna,<code>bearna</code>,1,0.0016694
77,behabban,<code>behabban</code>,1,0.0016694
77,beo&eth;,<code>beo&amp;d;</code>,1,0.0016694
77,beorht,<code>beorht</code>,1,0.0016694
77,beorhtost,<code>beorhtost</code>,1,0.0016694
77,bera&eth;,<code>bera&amp;d;</code>,1,0.0016694
77,beran,<code>beran</code>,1,0.0016694
77,bestry&thorn;ed,<code>bestry&amp;t;ed</code>,1,0.0016694
77,bewritan,<code>bewritan</code>,1,0.0016694
77,bibead,<code>bibead</code>,1,0.0016694
36,bibod,<code>bibod</code>,2,0.0033389
77,biddan,<code>biddan</code>,1,0.0016694
77,biere&eth;,<code>biere&amp;d;</code>,1,0.0016694
77,bl&aelig;d,<code>bl&amp;ae;d</code>,1,0.0016694
77,blisse,<code>blisse</code>,1,0.0016694
77,brim,<code>brim</code>,1,0.0016694
77,bringe,<code>bringe</code>,1,0.0016694
77,bronda,<code>bronda</code>,1,0.0016694
36,brucan,<code>brucan</code>,2,0.0033389
77,cig&eth;,<code>cig&amp;d;</code>,1,0.0016694
36,cneorissum,<code>cneorissum</code>,2,0.0033389
77,con,<code>con</code>,1,0.0016694
77,cr&aelig;ft,<code>cr&amp;ae;ft</code>,1,0.0016694
77,cr&aelig;ftas,<code>cr&amp;ae;ftas</code>,1,0.0016694
77,cr&aelig;fte,<code>cr&amp;ae;fte</code>,1,0.0016694
36,cu&thorn;e,<code>cu&amp;t;e</code>,2,0.0033389
77,cu&thorn;on,<code>cu&amp;t;on</code>,1,0.0016694
77,cwichrerende,<code>cwichrerende</code>,1,0.0016694
36,cyme&eth;,<code>cyme&amp;d;</code>,2,0.0033389
77,cyndelice,<code>cyndelice</code>,1,0.0016694
23,cyning,<code>cyning</code>,3,0.0050083
77,cynnes,<code>cynnes</code>,1,0.0016694
77,d&aelig;da,<code>d&amp;ae;da</code>,1,0.0016694
77,d&aelig;g,<code>d&amp;ae;g</code>,1,0.0016694
77,demena,<code>demena</code>,1,0.0016694
77,deop,<code>deop</code>,1,0.0016694
77,deophydig,<code>deophydig</code>,1,0.0016694
77,dogra,<code>dogra</code>,1,0.0016694
77,dom,<code>dom</code>,1,0.0016694
77,dream,<code>dream</code>,1,0.0016694
36,dryhtnes,<code>dryhtnes</code>,2,0.0033389
77,dugu&thorn;e,<code>dugu&amp;t;e</code>,1,0.0016694
77,dygelra,<code>dygelra</code>,1,0.0016694
77,ea&eth;e,<code>ea&amp;d;e</code>,1,0.0016694
77,eadge,<code>eadge</code>,1,0.0016694
77,eadgum,<code>eadgum</code>,1,0.0016694
77,eadigra,<code>eadigra</code>,1,0.0016694
77,eagna,<code>eagna</code>,1,0.0016694
77,eagum,<code>eagum</code>,1,0.0016694
36,eal,<code>eal</code>,2,0.0033389
77,ealdre,<code>ealdre</code>,1,0.0016694
36,ealle,<code>ealle</code>,2,0.0033389
77,ealra,<code>ealra</code>,1,0.0016694
77,eastan,<code>eastan</code>,1,0.0016694
77,eca,<code>eca</code>,1,0.0016694
36,ece,<code>ece</code>,2,0.0033389
77,elne,<code>elne</code>,1,0.0016694
77,engla,<code>engla</code>,1,0.0016694
77,eor&eth;an,<code>eor&amp;d;an</code>,1,0.0016694
77,eor&thorn;an,<code>eor&amp;t;an</code>,1,0.0016694
77,eor&thorn;e,<code>eor&amp;t;e</code>,1,0.0016694
36,f&aelig;&thorn;m,<code>f&amp;ae;&amp;t;m</code>,2,0.0033389
77,f&aelig;der,<code>f&amp;ae;der</code>,1,0.0016694
77,f&aelig;re&eth;,<code>f&amp;ae;re&amp;d;</code>,1,0.0016694
77,f&aelig;ste,<code>f&amp;ae;ste</code>,1,0.0016694
77,f&aelig;stlice,<code>f&amp;ae;stlice</code>,1,0.0016694
77,f&aelig;stnian,<code>f&amp;ae;stnian</code>,1,0.0016694
77,faran,<code>faran</code>,1,0.0016694
77,farende,<code>farende</code>,1,0.0016694
77,fela,<code>fela</code>,1,0.0016694
77,felageongne,<code>felageongne</code>,1,0.0016694
77,fer&eth;e,<code>fer&amp;d;e</code>,1,0.0016694
77,fer&eth;sefan,<code>fer&amp;d;sefan</code>,1,0.0016694
77,fere,<code>fere</code>,1,0.0016694
36,fira,<code>fira</code>,2,0.0033389
77,fisc,<code>fisc</code>,1,0.0016694
77,flod,<code>flod</code>,1,0.0016694
77,flode,<code>flode</code>,1,0.0016694
77,foldan,<code>foldan</code>,1,0.0016694
17,for&eth;,<code>for&amp;d;</code>,4,0.0066778
77,for&eth;gesceaft,<code>for&amp;d;gesceaft</code>,1,0.0016694
77,for&eth;m&aelig;re,<code>for&amp;d;m&amp;ae;re</code>,1,0.0016694
77,for&thorn;,<code>for&amp;t;</code>,1,0.0016694
11,for&thorn;on,<code>for&amp;t;on</code>,5,0.0083472
77,forgiefan,<code>forgiefan</code>,1,0.0016694
36,forl&aelig;te,<code>forl&amp;ae;te</code>,2,0.0033389
77,forswi&thorn;,<code>forswi&amp;t;</code>,1,0.0016694
36,frea,<code>frea</code>,2,0.0033389
77,frean,<code>frean</code>,1,0.0016694
77,fremdne,<code>fremdne</code>,1,0.0016694
77,fremma&thorn;,<code>fremma&amp;t;</code>,1,0.0016694
77,fricgan,<code>fricgan</code>,1,0.0016694
77,fricgende,<code>fricgende</code>,1,0.0016694
77,frod,<code>frod</code>,1,0.0016694
77,frofre,<code>frofre</code>,1,0.0016694
77,frumstole,<code>frumstole</code>,1,0.0016694
77,frym&thorn;e,<code>frym&amp;t;e</code>,1,0.0016694
77,fulgonge,<code>fulgonge</code>,1,0.0016694
77,fundige,<code>fundige</code>,1,0.0016694
77,fur&thorn;or,<code>fur&amp;t;or</code>,1,0.0016694
77,fus,<code>fus</code>,1,0.0016694
77,fyrnum,<code>fyrnum</code>,1,0.0016694
77,g&aelig;ste,<code>g&amp;ae;ste</code>,1,0.0016694
77,garsecges,<code>garsecges</code>,1,0.0016694
77,ge&thorn;ring,<code>ge&amp;t;ring</code>,1,0.0016694
77,geara,<code>geara</code>,1,0.0016694
77,gecynd,<code>gecynd</code>,1,0.0016694
77,gedefestan,<code>gedefestan</code>,1,0.0016694
77,gef&aelig;stna,<code>gef&amp;ae;stna</code>,1,0.0016694
77,gegierwed,<code>gegierwed</code>,1,0.0016694
77,gegripan,<code>gegripan</code>,1,0.0016694
17,gehwam,<code>gehwam</code>,4,0.0066778
77,gehwone,<code>gehwone</code>,1,0.0016694
77,gehycgan,<code>gehycgan</code>,1,0.0016694
77,gehyr,<code>gehyr</code>,1,0.0016694
77,gem&aelig;re,<code>gem&amp;ae;re</code>,1,0.0016694
77,gemet,<code>gemet</code>,1,0.0016694
77,gemetu,<code>gemetu</code>,1,0.0016694
77,gemyndge,<code>gemyndge</code>,1,0.0016694
77,geneah,<code>geneah</code>,1,0.0016694
77,genip,<code>genip</code>,1,0.0016694
77,genoh,<code>genoh</code>,1,0.0016694
77,geond,<code>geond</code>,1,0.0016694
77,georne,<code>georne</code>,1,0.0016694
77,gesceaft,<code>gesceaft</code>,1,0.0016694
23,gesceafta,<code>gesceafta</code>,3,0.0050083
77,gesceafte,<code>gesceafte</code>,1,0.0016694
36,gescop,<code>gescop</code>,2,0.0033389
77,gescynde&eth;,<code>gescynde&amp;d;</code>,1,0.0016694
77,gesecgan,<code>gesecgan</code>,1,0.0016694
77,gesecge,<code>gesecge</code>,1,0.0016694
77,geseo&eth;,<code>geseo&amp;d;</code>,1,0.0016694
77,geseo&thorn;,<code>geseo&amp;t;</code>,1,0.0016694
77,gesih&eth;,<code>gesih&amp;d;</code>,1,0.0016694
77,gespon,<code>gespon</code>,1,0.0016694
77,gestigan,<code>gestigan</code>,1,0.0016694
36,geweorc,<code>geweorc</code>,2,0.0033389
77,gewite&eth;,<code>gewite&amp;d;</code>,1,0.0016694
77,gewitte,<code>gewitte</code>,1,0.0016694
77,gieddingum,<code>gieddingum</code>,1,0.0016694
77,gif,<code>gif</code>,1,0.0016694
77,gliwes,<code>gliwes</code>,1,0.0016694
77,glom,<code>glom</code>,1,0.0016694
23,godes,<code>godes</code>,3,0.0050083
77,goldtorht,<code>goldtorht</code>,1,0.0016694
77,gretan,<code>gretan</code>,1,0.0016694
36,grund,<code>grund</code>,2,0.0033389
77,grundas,<code>grundas</code>,1,0.0016694
77,guman,<code>guman</code>,1,0.0016694
77,h&aelig;le,<code>h&amp;ae;le</code>,1,0.0016694
77,habba&eth;,<code>habba&amp;d;</code>,1,0.0016694
36,halgan,<code>halgan</code>,2,0.0033389
17,he,<code>he</code>,4,0.0066778
77,hea&thorn;,<code>hea&amp;t;</code>,1,0.0016694
36,heah,<code>heah</code>,2,0.0033389
77,healda&eth;,<code>healda&amp;d;</code>,1,0.0016694
77,healdan,<code>healdan</code>,1,0.0016694
36,healde&eth;,<code>healde&amp;d;</code>,2,0.0033389
77,hean,<code>hean</code>,1,0.0016694
77,heape,<code>heape</code>,1,0.0016694
77,hebba&thorn;,<code>hebba&amp;t;</code>,1,0.0016694
77,heo,<code>heo</code>,1,0.0016694
36,heofon,<code>heofon</code>,2,0.0033389
77,heofoncondelle,<code>heofoncondelle</code>,1,0.0016694
77,heofoncyninges,<code>heofoncyninges</code>,1,0.0016694
77,heofones,<code>heofones</code>,1,0.0016694
77,heofontorht,<code>heofontorht</code>,1,0.0016694
77,heor&eth;werud,<code>heor&amp;d;werud</code>,1,0.0016694
77,herespel,<code>herespel</code>,1,0.0016694
77,herga,<code>herga</code>,1,0.0016694
77,heteni&thorn;a,<code>heteni&amp;t;a</code>,1,0.0016694
36,hi,<code>hi</code>,2,0.0033389
6,him,<code>him</code>,9,0.0150250
8,his,<code>his</code>,6,0.0100167
77,hluttor,<code>hluttor</code>,1,0.0016694
77,holmas,<code>holmas</code>,1,0.0016694
77,hond,<code>hond</code>,1,0.0016694
77,hordes,<code>hordes</code>,1,0.0016694
23,hre&thorn;re,<code>hre&amp;t;re</code>,3,0.0050083
77,hu,<code>hu</code>,1,0.0016694
77,hw&aelig;t,<code>hw&amp;ae;t</code>,1,0.0016694
77,hwa,<code>hwa</code>,1,0.0016694
77,hweorfe&eth;,<code>hweorfe&amp;d;</code>,1,0.0016694
77,hy,<code>hy</code>,1,0.0016694
77,hycgende,<code>hycgende</code>,1,0.0016694
77,hyge,<code>hyge</code>,1,0.0016694
77,hygecr&aelig;ftig,<code>hygecr&amp;ae;ftig</code>,1,0.0016694
77,hyhtlic,<code>hyhtlic</code>,1,0.0016694
77,hyra,<code>hyra</code>,1,0.0016694
77,hyre,<code>hyre</code>,1,0.0016694
77,ic,<code>ic</code>,1,0.0016694
77,idle,<code>idle</code>,1,0.0016694
2,in,<code>in</code>,12,0.0200334
11,is,<code>is</code>,5,0.0083472
77,iu,<code>iu</code>,1,0.0016694
77,l&aelig;de&thorn;,<code>l&amp;ae;de&amp;t;</code>,1,0.0016694
77,l&aelig;ne,<code>l&amp;ae;ne</code>,1,0.0016694
77,la&thorn;a&eth;,<code>la&amp;t;a&amp;d;</code>,1,0.0016694
77,lagustream,<code>lagustream</code>,1,0.0016694
77,lare,<code>lare</code>,1,0.0016694
36,leofa&eth;,<code>leofa&amp;d;</code>,2,0.0033389
77,leoht,<code>leoht</code>,1,0.0016694
77,leohte,<code>leohte</code>,1,0.0016694
77,leohtes,<code>leohtes</code>,1,0.0016694
77,leorna,<code>leorna</code>,1,0.0016694
77,lif,<code>lif</code>,1,0.0016694
36,lifes,<code>lifes</code>,2,0.0033389
77,lifgendra,<code>lifgendra</code>,1,0.0016694
77,lissa,<code>lissa</code>,1,0.0016694
77,lixende,<code>lixende</code>,1,0.0016694
77,lof,<code>lof</code>,1,0.0016694
77,lond,<code>lond</code>,1,0.0016694
77,londbuende,<code>londbuende</code>,1,0.0016694
77,longan,<code>longan</code>,1,0.0016694
77,lungre,<code>lungre</code>,1,0.0016694
77,lustas,<code>lustas</code>,1,0.0016694
77,lyft,<code>lyft</code>,1,0.0016694
23,m&aelig;ge,<code>m&amp;ae;ge</code>,3,0.0050083
77,m&aelig;gen&thorn;rymme,<code>m&amp;ae;gen&amp;t;rymme</code>,1,0.0016694
77,m&aelig;gensped,<code>m&amp;ae;gensped</code>,1,0.0016694
77,m&aelig;rum,<code>m&amp;ae;rum</code>,1,0.0016694
36,m&aelig;st,<code>m&amp;ae;st</code>,2,0.0033389
77,magon,<code>magon</code>,1,0.0016694
77,maran,<code>maran</code>,1,0.0016694
36,meaht,<code>meaht</code>,2,0.0033389
77,meahtlocum,<code>meahtlocum</code>,1,0.0016694
77,meotude,<code>meotude</code>,1,0.0016694
77,meotudes,<code>meotudes</code>,1,0.0016694
77,mere,<code>mere</code>,1,0.0016694
77,miclan,<code>miclan</code>,1,0.0016694
77,miclum,<code>miclum</code>,1,0.0016694
8,mid,<code>mid</code>,6,0.0100167
77,missenlice,<code>missenlice</code>,1,0.0016694
77,misthleo&thorn;u,<code>misthleo&amp;t;u</code>,1,0.0016694
77,mode,<code>mode</code>,1,0.0016694
77,modigne,<code>modigne</code>,1,0.0016694
77,moldhrerendra,<code>moldhrerendra</code>,1,0.0016694
23,mon,<code>mon</code>,3,0.0050083
77,monna,<code>monna</code>,1,0.0016694
77,monnan,<code>monnan</code>,1,0.0016694
77,monnes,<code>monnes</code>,1,0.0016694
77,morgna,<code>morgna</code>,1,0.0016694
77,mot,<code>mot</code>,1,0.0016694
77,mote,<code>mote</code>,1,0.0016694
77,n&aelig;nig,<code>n&amp;ae;nig</code>,1,0.0016694
36,ne,<code>ne</code>,2,0.0033389
77,niht,<code>niht</code>,1,0.0016694
77,nihte,<code>nihte</code>,1,0.0016694
36,nis,<code>nis</code>,2,0.0033389
36,nu,<code>nu</code>,2,0.0033389
77,nydbibod,<code>nydbibod</code>,1,0.0016694
77,o&thorn;&thorn;&aelig;t,<code>o&amp;t;&amp;t;&amp;ae;t</code>,1,0.0016694
77,o&thorn;&thorn;e,<code>o&amp;t;&amp;t;e</code>,1,0.0016694
77,o&thorn;er,<code>o&amp;t;er</code>,1,0.0016694
77,o&thorn;rum,<code>o&amp;t;rum</code>,1,0.0016694
23,ofer,<code>ofer</code>,3,0.0050083
77,oft,<code>oft</code>,1,0.0016694
5,on,<code>on</code>,10,0.0166945
1,ond,<code>ond</code>,14,0.0233723
77,ongietanne,<code>ongietanne</code>,1,0.0016694
77,orgeate,<code>orgeate</code>,1,0.0016694
77,p&aelig;&thorn;e&eth;,<code>p&amp;ae;&amp;t;e&amp;d;</code>,1,0.0016694
77,r&aelig;df&aelig;ste,<code>r&amp;ae;df&amp;ae;ste</code>,1,0.0016694
36,rice,<code>rice</code>,2,0.0033389
77,rincas,<code>rincas</code>,1,0.0016694
77,ryht,<code>ryht</code>,1,0.0016694
77,s&aelig;s,<code>s&amp;ae;s</code>,1,0.0016694
36,sceal,<code>sceal</code>,2,0.0033389
77,sceoldon,<code>sceoldon</code>,1,0.0016694
77,scir,<code>scir</code>,1,0.0016694
77,sculon,<code>sculon</code>,1,0.0016694
36,scyle,<code>scyle</code>,2,0.0033389
11,se,<code>se</code>,5,0.0083472
77,searoruna,<code>searoruna</code>,1,0.0016694
77,secgende,<code>secgende</code>,1,0.0016694
77,sellan,<code>sellan</code>,1,0.0016694
77,sette,<code>sette</code>,1,0.0016694
77,si&thorn;&thorn;an,<code>si&amp;t;&amp;t;an</code>,1,0.0016694
77,sidne,<code>sidne</code>,1,0.0016694
77,sidra,<code>sidra</code>,1,0.0016694
77,sigan,<code>sigan</code>,1,0.0016694
77,sigora,<code>sigora</code>,1,0.0016694
77,sin,<code>sin</code>,1,0.0016694
77,snowe&eth;,<code>snowe&amp;d;</code>,1,0.0016694
77,so&eth;cyning,<code>so&amp;d;cyning</code>,1,0.0016694
77,sped,<code>sped</code>,1,0.0016694
77,sprecan,<code>sprecan</code>,1,0.0016694
77,stefnbyrd,<code>stefnbyrd</code>,1,0.0016694
77,steora,<code>steora</code>,1,0.0016694
77,sti&eth;lice,<code>sti&amp;d;lice</code>,1,0.0016694
77,sti&thorn;e,<code>sti&amp;t;e</code>,1,0.0016694
77,stonda&eth;,<code>stonda&amp;d;</code>,1,0.0016694
77,stonde&thorn;,<code>stonde&amp;t;</code>,1,0.0016694
77,sunne,<code>sunne</code>,1,0.0016694
11,swa,<code>swa</code>,5,0.0083472
77,swegl,<code>swegl</code>,1,0.0016694
77,swegle,<code>swegle</code>,1,0.0016694
77,sweotule,<code>sweotule</code>,1,0.0016694
77,sy,<code>sy</code>,1,0.0016694
77,sylfra,<code>sylfra</code>,1,0.0016694
77,syllan,<code>syllan</code>,1,0.0016694
77,sylle,<code>sylle</code>,1,0.0016694
77,symbel,<code>symbel</code>,1,0.0016694
77,symle,<code>symle</code>,1,0.0016694
77,synna,<code>synna</code>,1,0.0016694
77,tacen,<code>tacen</code>,1,0.0016694
23,teala,<code>teala</code>,3,0.0050083
77,teofanade,<code>teofanade</code>,1,0.0016694
77,teofenede,<code>teofenede</code>,1,0.0016694
77,tid,<code>tid</code>,1,0.0016694
77,tih&eth;,<code>tih&amp;d;</code>,1,0.0016694
8,to,<code>to</code>,6,0.0100167
36,tungol,<code>tungol</code>,2,0.0033389
36,under,<code>under</code>,2,0.0033389
77,unhwylen,<code>unhwylen</code>,1,0.0016694
77,unrim,<code>unrim</code>,1,0.0016694
77,upcund,<code>upcund</code>,1,0.0016694
23,us,<code>us</code>,3,0.0050083
77,ut,<code>ut</code>,1,0.0016694
77,w&aelig;gas,<code>w&amp;ae;gas</code>,1,0.0016694
77,w&aelig;ge,<code>w&amp;ae;ge</code>,1,0.0016694
77,w&aelig;tra,<code>w&amp;ae;tra</code>,1,0.0016694
77,wacia&eth;,<code>wacia&amp;d;</code>,1,0.0016694
77,wadan,<code>wadan</code>,1,0.0016694
23,we,<code>we</code>,3,0.0050083
36,weard,<code>weard</code>,2,0.0033389
77,wel,<code>wel</code>,1,0.0016694
36,wera,<code>wera</code>,2,0.0033389
77,westrodor,<code>westrodor</code>,1,0.0016694
17,wi&eth;,<code>wi&amp;d;</code>,4,0.0066778
23,wi&thorn;,<code>wi&amp;t;</code>,3,0.0050083
77,wideferh,<code>wideferh</code>,1,0.0016694
77,wihte,<code>wihte</code>,1,0.0016694
77,willa&eth;,<code>willa&amp;d;</code>,1,0.0016694
77,wille,<code>wille</code>,1,0.0016694
77,wilt,<code>wilt</code>,1,0.0016694
77,wisdom,<code>wisdom</code>,1,0.0016694
77,wislice,<code>wislice</code>,1,0.0016694
77,wisne,<code>wisne</code>,1,0.0016694
77,wiston,<code>wiston</code>,1,0.0016694
77,witan,<code>witan</code>,1,0.0016694
77,wlita&eth;,<code>wlita&amp;d;</code>,1,0.0016694
36,wlite,<code>wlite</code>,2,0.0033389
77,wlitig,<code>wlitig</code>,1,0.0016694
77,wo&eth;boran,<code>wo&amp;d;boran</code>,1,0.0016694
77,wolde,<code>wolde</code>,1,0.0016694
77,won,<code>won</code>,1,0.0016694
77,wonne,<code>wonne</code>,1,0.0016694
77,word,<code>word</code>,1,0.0016694
77,wordhordes,<code>wordhordes</code>,1,0.0016694
77,wordum,<code>wordum</code>,1,0.0016694
36,woruld,<code>woruld</code>,2,0.0033389
77,worulde,<code>worulde</code>,1,0.0016694
77,wrecan,<code>wrecan</code>,1,0.0016694
77,wuldor,<code>wuldor</code>,1,0.0016694
77,wuldre,<code>wuldre</code>,1,0.0016694
77,wuldres,<code>wuldres</code>,1,0.0016694
77,wundra,<code>wundra</code>,1,0.0016694
77,wundrum,<code>wundrum</code>,1,0.0016694
77,wunia&eth;,<code>wunia&amp;d;</code>,1,0.0016694
77,wynne,<code>wynne</code>,1,0.0016694
77,wynsum,<code>wynsum</code>,1,0.0016694
77,y&thorn;um,<code>y&amp;t;um</code>,1,0.0016694
77,ymb,<code>ymb</code>,1,0.0016694
