A_Poetry,A03,A03.022.005_Rid_5_T00360.txt,65,61,71
RANK,HTML WORD,RAW WORD,COUNT,RELATIVE FREQUENCY
5,&aelig;ldum,<code>&amp;ae;ldum</code>,1,0.0140845
5,&aelig;r,<code>&amp;ae;r</code>,1,0.0140845
5,&thorn;&aelig;t,<code>&amp;t;&amp;ae;t</code>,1,0.0140845
5,&thorn;ara,<code>&amp;t;ara</code>,1,0.0140845
5,&thorn;e,<code>&amp;t;e</code>,1,0.0140845
5,&thorn;urh,<code>&amp;t;urh</code>,1,0.0140845
5,abidan,<code>abidan</code>,1,0.0140845
2,ac,<code>ac</code>,2,0.0281690
5,anhaga,<code>anhaga</code>,1,0.0140845
5,beadoweorca,<code>beadoweorca</code>,1,0.0140845
5,bille,<code>bille</code>,1,0.0140845
5,bita&eth;,<code>bita&amp;d;</code>,1,0.0140845
5,burgum,<code>burgum</code>,1,0.0140845
5,cyme,<code>cyme</code>,1,0.0140845
5,dagum,<code>dagum</code>,1,0.0140845
5,dea&eth;slege,<code>dea&amp;d;slege</code>,1,0.0140845
5,dolg,<code>dolg</code>,1,0.0140845
5,eacen,<code>eacen</code>,1,0.0140845
5,eal,<code>eal</code>,1,0.0140845
5,ecga,<code>ecga</code>,1,0.0140845
5,ecgum,<code>ecgum</code>,1,0.0140845
5,eom,<code>eom</code>,1,0.0140845
5,feohtan,<code>feohtan</code>,1,0.0140845
5,findan,<code>findan</code>,1,0.0140845
5,folcstede,<code>folcstede</code>,1,0.0140845
5,forwur&eth;e,<code>forwur&amp;d;e</code>,1,0.0140845
5,frecne,<code>frecne</code>,1,0.0140845
5,frofre,<code>frofre</code>,1,0.0140845
5,gebennad,<code>gebennad</code>,1,0.0140845
5,geh&aelig;lde,<code>geh&amp;ae;lde</code>,1,0.0140845
5,gemotes,<code>gemotes</code>,1,0.0140845
5,geoc,<code>geoc</code>,1,0.0140845
5,gu&eth;gewinnes,<code>gu&amp;d;gewinnes</code>,1,0.0140845
5,heardecg,<code>heardecg</code>,1,0.0140845
5,heoroscearp,<code>heoroscearp</code>,1,0.0140845
5,hnossia&eth;,<code>hnossia&amp;d;</code>,1,0.0140845
5,homera,<code>homera</code>,1,0.0140845
5,hondweorc,<code>hondweorc</code>,1,0.0140845
1,ic,<code>ic</code>,4,0.0563380
5,in,<code>in</code>,1,0.0140845
5,iserne,<code>iserne</code>,1,0.0140845
5,l&aelig;cecynn,<code>l&amp;ae;cecynn</code>,1,0.0140845
5,la&thorn;ran,<code>la&amp;t;ran</code>,1,0.0140845
5,lafe,<code>lafe</code>,1,0.0140845
2,me,<code>me</code>,2,0.0281690
5,meahte,<code>meahte</code>,1,0.0140845
5,mec,<code>mec</code>,1,0.0140845
2,mid,<code>mid</code>,2,0.0281690
5,n&aelig;fre,<code>n&amp;ae;fre</code>,1,0.0140845
5,ne,<code>ne</code>,1,0.0140845
5,nihtum,<code>nihtum</code>,1,0.0140845
5,oft,<code>oft</code>,1,0.0140845
5,on,<code>on</code>,1,0.0140845
5,ond,<code>ond</code>,1,0.0140845
5,s&aelig;d,<code>s&amp;ae;d</code>,1,0.0140845
5,sceal,<code>sceal</code>,1,0.0140845
5,seo,<code>seo</code>,1,0.0140845
5,smi&thorn;a,<code>smi&amp;t;a</code>,1,0.0140845
5,wene,<code>wene</code>,1,0.0140845
5,weor&eth;a&eth;,<code>weor&amp;d;a&amp;d;</code>,1,0.0140845
5,werig,<code>werig</code>,1,0.0140845
5,wig,<code>wig</code>,1,0.0140845
5,wund,<code>wund</code>,1,0.0140845
5,wunde,<code>wunde</code>,1,0.0140845
5,wyrtum,<code>wyrtum</code>,1,0.0140845
