A_Poetry,A03,A03.034.017_Rid_77_T01190.txt,43,41,45
RANK,HTML WORD,RAW WORD,COUNT,RELATIVE FREQUENCY
3,&thorn;e,<code>&amp;t;e</code>,1,0.0222222
3,&thorn;eahte,<code>&amp;t;eahte</code>,1,0.0222222
3,arype&eth;,<code>arype&amp;d;</code>,1,0.0222222
3,d,<code>d</code>,1,0.0222222
3,ea,<code>ea</code>,1,0.0222222
3,ec,<code>ec</code>,1,0.0222222
3,eor&thorn;an,<code>eor&amp;t;an</code>,1,0.0222222
3,fe&thorn;elease,<code>fe&amp;t;elease</code>,1,0.0222222
3,fedde,<code>fedde</code>,1,0.0222222
3,felles,<code>felles</code>,1,0.0222222
3,fl&aelig;sc,<code>fl&amp;ae;sc</code>,1,0.0222222
3,flode,<code>flode</code>,1,0.0222222
3,fretan,<code>fretan</code>,1,0.0222222
3,getenge,<code>getenge</code>,1,0.0222222
3,he,<code>he</code>,1,0.0222222
3,hr,<code>hr</code>,1,0.0222222
3,hyd,<code>hyd</code>,1,0.0222222
3,ic,<code>ic</code>,1,0.0222222
3,ite&eth;,<code>ite&amp;d;</code>,1,0.0222222
3,me,<code>me</code>,1,0.0222222
1,mec,<code>mec</code>,2,0.0444444
3,min,<code>min</code>,1,0.0222222
3,monna,<code>monna</code>,1,0.0222222
3,mu&eth;,<code>mu&amp;d;</code>,1,0.0222222
3,ne,<code>ne</code>,1,0.0222222
3,nu,<code>nu</code>,1,0.0222222
3,of,<code>of</code>,1,0.0222222
3,oft,<code>oft</code>,1,0.0222222
3,ond,<code>ond</code>,1,0.0222222
3,ongean,<code>ongean</code>,1,0.0222222
3,ontynde,<code>ontynde</code>,1,0.0222222
3,orde,<code>orde</code>,1,0.0222222
3,recce&eth;,<code>recce&amp;d;</code>,1,0.0222222
3,s&aelig;,<code>s&amp;ae;</code>,1,0.0222222
3,seaxes,<code>seaxes</code>,1,0.0222222
1,si&thorn;&thorn;an,<code>si&amp;t;&amp;t;an</code>,2,0.0444444
3,sidan,<code>sidan</code>,1,0.0222222
3,sum,<code>sum</code>,1,0.0222222
3,sundhelm,<code>sundhelm</code>,1,0.0222222
3,unsodene,<code>unsodene</code>,1,0.0222222
3,wile,<code>wile</code>,1,0.0222222
3,wrugon,<code>wrugon</code>,1,0.0222222
3,y&thorn;a,<code>y&amp;t;a</code>,1,0.0222222
