A_Poetry,A03,A03.022.007_Rid_7_T00380.txt,43,36,53
RANK,HTML WORD,RAW WORD,COUNT,RELATIVE FREQUENCY
8,&thorn;a,<code>&amp;t;a</code>,1,0.0188679
8,&thorn;eos,<code>&amp;t;eos</code>,1,0.0188679
2,&thorn;onne,<code>&amp;t;onne</code>,3,0.0566038
8,ahebba&eth;,<code>ahebba&amp;d;</code>,1,0.0188679
8,beom,<code>beom</code>,1,0.0188679
8,buge,<code>buge</code>,1,0.0188679
8,byht,<code>byht</code>,1,0.0188679
8,byre&eth;,<code>byre&amp;d;</code>,1,0.0188679
8,drefe,<code>drefe</code>,1,0.0188679
8,ferende,<code>ferende</code>,1,0.0188679
8,flode,<code>flode</code>,1,0.0188679
8,folc,<code>folc</code>,1,0.0188679
8,foldan,<code>foldan</code>,1,0.0188679
8,fr&aelig;twe,<code>fr&amp;ae;twe</code>,1,0.0188679
8,g&aelig;st,<code>g&amp;ae;st</code>,1,0.0188679
8,getenge,<code>getenge</code>,1,0.0188679
8,h&aelig;le&thorn;a,<code>h&amp;ae;le&amp;t;a</code>,1,0.0188679
8,hea,<code>hea</code>,1,0.0188679
8,hlude,<code>hlude</code>,1,0.0188679
8,hr&aelig;gl,<code>hr&amp;ae;gl</code>,1,0.0188679
8,hrusan,<code>hrusan</code>,1,0.0188679
8,hwilum,<code>hwilum</code>,1,0.0188679
8,hyrste,<code>hyrste</code>,1,0.0188679
3,ic,<code>ic</code>,2,0.0377358
8,lyft,<code>lyft</code>,1,0.0188679
3,mec,<code>mec</code>,2,0.0377358
8,min,<code>min</code>,1,0.0188679
3,mine,<code>mine</code>,2,0.0377358
8,ne,<code>ne</code>,1,0.0188679
3,o&thorn;&thorn;e,<code>o&amp;t;&amp;t;e</code>,2,0.0377358
3,ofer,<code>ofer</code>,2,0.0377358
1,ond,<code>ond</code>,4,0.0754717
8,singa&eth;,<code>singa&amp;d;</code>,1,0.0188679
8,strengu,<code>strengu</code>,1,0.0188679
8,swiga&eth;,<code>swiga&amp;d;</code>,1,0.0188679
8,swinsia&eth;,<code>swinsia&amp;d;</code>,1,0.0188679
8,swoga&eth;,<code>swoga&amp;d;</code>,1,0.0188679
8,torhte,<code>torhte</code>,1,0.0188679
8,trede,<code>trede</code>,1,0.0188679
8,wado,<code>wado</code>,1,0.0188679
8,wic,<code>wic</code>,1,0.0188679
8,wide,<code>wide</code>,1,0.0188679
8,wolcna,<code>wolcna</code>,1,0.0188679
