A_Poetry,A03,A03.034.028_Rid_88_T01300.txt,122,95,170
RANK,HTML WORD,RAW WORD,COUNT,RELATIVE FREQUENCY
28,&aelig;fter,<code>&amp;ae;fter</code>,1,0.0058824
28,&aelig;htum,<code>&amp;ae;htum</code>,1,0.0058824
28,&aelig;r,<code>&amp;ae;r</code>,1,0.0058824
28,&aelig;t,<code>&amp;ae;t</code>,1,0.0058824
10,&thorn;&aelig;r,<code>&amp;t;&amp;ae;r</code>,2,0.0117647
28,&thorn;&aelig;re,<code>&amp;t;&amp;ae;re</code>,1,0.0058824
28,&thorn;am,<code>&amp;t;am</code>,1,0.0058824
10,&thorn;e,<code>&amp;t;e</code>,2,0.0117647
10,&thorn;y,<code>&amp;t;y</code>,2,0.0117647
10,ac,<code>ac</code>,2,0.0117647
28,agen,<code>agen</code>,1,0.0058824
28,anga,<code>anga</code>,1,0.0058824
28,aw&thorn;er,<code>aw&amp;t;er</code>,1,0.0058824
28,b&aelig;c,<code>b&amp;ae;c</code>,1,0.0058824
10,be,<code>be</code>,2,0.0117647
28,beadwe,<code>beadwe</code>,1,0.0058824
10,begen,<code>begen</code>,2,0.0117647
10,bordes,<code>bordes</code>,2,0.0117647
4,bro&thorn;or,<code>bro&amp;t;or</code>,4,0.0235294
28,bro&thorn;orleas,<code>bro&amp;t;orleas</code>,1,0.0058824
28,cuman,<code>cuman</code>,1,0.0058824
28,cy&eth;de,<code>cy&amp;d;de</code>,1,0.0058824
28,d,<code>d</code>,1,0.0058824
10,eard,<code>eard</code>,2,0.0117647
28,eardade,<code>eardade</code>,1,0.0058824
28,eardian,<code>eardian</code>,1,0.0058824
28,ellen,<code>ellen</code>,1,0.0058824
10,ende,<code>ende</code>,2,0.0117647
28,eom,<code>eom</code>,1,0.0058824
10,eor&thorn;an,<code>eor&amp;t;an</code>,2,0.0117647
28,f&aelig;ste,<code>f&amp;ae;ste</code>,1,0.0058824
28,fgeaf,<code>fgeaf</code>,1,0.0058824
28,finde&eth;,<code>finde&amp;d;</code>,1,0.0058824
28,fremmanne,<code>fremmanne</code>,1,0.0058824
28,ful,<code>ful</code>,1,0.0058824
28,geond,<code>geond</code>,1,0.0058824
28,geong,<code>geong</code>,1,0.0058824
28,gescop,<code>gescop</code>,1,0.0058824
28,gesome,<code>gesome</code>,1,0.0058824
28,gewendan,<code>gewendan</code>,1,0.0058824
28,gingran,<code>gingran</code>,1,0.0058824
28,gumcynnes,<code>gumcynnes</code>,1,0.0058824
28,heah,<code>heah</code>,1,0.0058824
28,healfe,<code>healfe</code>,1,0.0058824
28,hearde,<code>hearde</code>,1,0.0058824
28,helm,<code>helm</code>,1,0.0058824
28,her,<code>her</code>,1,0.0058824
28,his,<code>his</code>,1,0.0058824
28,holt,<code>holt</code>,1,0.0058824
28,hw&aelig;r,<code>hw&amp;ae;r</code>,1,0.0058824
28,hyrra,<code>hyrra</code>,1,0.0058824
28,hyrstum,<code>hyrstum</code>,1,0.0058824
1,ic,<code>ic</code>,9,0.0529412
28,innan,<code>innan</code>,1,0.0058824
28,is,<code>is</code>,1,0.0058824
28,m&aelig;g,<code>m&amp;ae;g</code>,1,0.0058824
28,m&aelig;ran,<code>m&amp;ae;ran</code>,1,0.0058824
28,magas,<code>magas</code>,1,0.0058824
10,me,<code>me</code>,2,0.0117647
10,mec,<code>mec</code>,2,0.0117647
28,meotud,<code>meotud</code>,1,0.0058824
28,mi,<code>mi</code>,1,0.0058824
3,min,<code>min</code>,5,0.0294118
28,n&aelig;fre,<code>n&amp;ae;fre</code>,1,0.0058824
5,ne,<code>ne</code>,3,0.0176471
28,nihtum,<code>nihtum</code>,1,0.0058824
28,nis,<code>nis</code>,1,0.0058824
10,nu,<code>nu</code>,2,0.0117647
28,o&eth;&thorn;ringan,<code>o&amp;d;&amp;t;ringan</code>,1,0.0058824
28,ofer,<code>ofer</code>,1,0.0058824
10,oft,<code>oft</code>,2,0.0117647
2,on,<code>on</code>,6,0.0352941
28,on&thorn;ungan,<code>on&amp;t;ungan</code>,1,0.0058824
5,ond,<code>ond</code>,3,0.0176471
28,r&aelig;des,<code>r&amp;ae;des</code>,1,0.0058824
28,s,<code>s</code>,1,0.0058824
28,s&aelig;cce,<code>s&amp;ae;cce</code>,1,0.0058824
28,sawle,<code>sawle</code>,1,0.0058824
10,sceal,<code>sceal</code>,2,0.0117647
28,sceata,<code>sceata</code>,1,0.0058824
28,scildon,<code>scildon</code>,1,0.0058824
28,sculon,<code>sculon</code>,1,0.0058824
28,scurum,<code>scurum</code>,1,0.0058824
5,se,<code>se</code>,3,0.0176471
28,se&thorn;eana,<code>se&amp;t;eana</code>,1,0.0058824
28,slita&eth;,<code>slita&amp;d;</code>,1,0.0058824
28,sped,<code>sped</code>,1,0.0058824
28,spore,<code>spore</code>,1,0.0058824
28,sta&eth;ol,<code>sta&amp;d;ol</code>,1,0.0058824
28,sta&thorn;ol,<code>sta&amp;t;ol</code>,1,0.0058824
28,stod,<code>stod</code>,1,0.0058824
28,stodan,<code>stodan</code>,1,0.0058824
28,stondan,<code>stondan</code>,1,0.0058824
28,stonde,<code>stonde</code>,1,0.0058824
28,sumor,<code>sumor</code>,1,0.0058824
10,swa,<code>swa</code>,2,0.0117647
28,ti,<code>ti</code>,1,0.0058824
28,to,<code>to</code>,1,0.0058824
28,twam,<code>twam</code>,1,0.0058824
28,um,<code>um</code>,1,0.0058824
5,unc,<code>unc</code>,3,0.0176471
28,uncer,<code>uncer</code>,1,0.0058824
28,uncre,<code>uncre</code>,1,0.0058824
28,unsceafta,<code>unsceafta</code>,1,0.0058824
28,uplong,<code>uplong</code>,1,0.0058824
10,w&aelig;ron,<code>w&amp;ae;ron</code>,2,0.0117647
10,w&aelig;s,<code>w&amp;ae;s</code>,2,0.0117647
28,wat,<code>wat</code>,1,0.0058824
28,weardian,<code>weardian</code>,1,0.0058824
28,weor&eth;ra,<code>weor&amp;d;ra</code>,1,0.0058824
28,weox,<code>weox</code>,1,0.0058824
28,wera,<code>wera</code>,1,0.0058824
28,wi&eth;,<code>wi&amp;d;</code>,1,0.0058824
5,wit,<code>wit</code>,3,0.0176471
28,wombe,<code>wombe</code>,1,0.0058824
28,wonn,<code>wonn</code>,1,0.0058824
28,wonnum,<code>wonnum</code>,1,0.0058824
28,wrugon,<code>wrugon</code>,1,0.0058824
28,wuda,<code>wuda</code>,1,0.0058824
28,wudubeama,<code>wudubeama</code>,1,0.0058824
28,wundorlic,<code>wundorlic</code>,1,0.0058824
28,wyrda&thorn;,<code>wyrda&amp;t;</code>,1,0.0058824
