A_Poetry,A03,A03.022.021_Rid_21_T00520.txt,71,62,94
RANK,HTML WORD,RAW WORD,COUNT,RELATIVE FREQUENCY
10,&aelig;t,<code>&amp;ae;t</code>,1,0.0106383
6,&thorn;&aelig;t,<code>&amp;t;&amp;ae;t</code>,2,0.0212766
10,&thorn;ena&thorn;,<code>&amp;t;ena&amp;t;</code>,1,0.0106383
10,&thorn;urh,<code>&amp;t;urh</code>,1,0.0106383
10,&thorn;y&eth;,<code>&amp;t;y&amp;d;</code>,1,0.0106383
10,an,<code>an</code>,1,0.0106383
10,be,<code>be</code>,1,0.0106383
10,bearwe,<code>bearwe</code>,1,0.0106383
6,bi&thorn;,<code>bi&amp;t;</code>,2,0.0212766
10,brungen,<code>brungen</code>,1,0.0106383
10,bunden,<code>bunden</code>,1,0.0106383
10,cr&aelig;fte,<code>cr&amp;ae;fte</code>,1,0.0106383
10,f&aelig;re&eth;,<code>f&amp;ae;re&amp;d;</code>,1,0.0106383
10,f&aelig;st,<code>f&amp;ae;st</code>,1,0.0106383
10,fealle&thorn;,<code>fealle&amp;t;</code>,1,0.0106383
10,fela,<code>fela</code>,1,0.0106383
10,feond,<code>feond</code>,1,0.0106383
10,fere,<code>fere</code>,1,0.0106383
10,for&eth;,<code>for&amp;d;</code>,1,0.0106383
10,for&eth;weard,<code>for&amp;d;weard</code>,1,0.0106383
10,geonge,<code>geonge</code>,1,0.0106383
10,gif,<code>gif</code>,1,0.0106383
10,gongendre,<code>gongendre</code>,1,0.0106383
10,gr&aelig;fe,<code>gr&amp;ae;fe</code>,1,0.0106383
10,grene,<code>grene</code>,1,0.0106383
10,grunde,<code>grunde</code>,1,0.0106383
10,h&aelig;bbe,<code>h&amp;ae;bbe</code>,1,0.0106383
10,har,<code>har</code>,1,0.0106383
10,heafde,<code>heafde</code>,1,0.0106383
10,healfe,<code>healfe</code>,1,0.0106383
10,hindeweardre,<code>hindeweardre</code>,1,0.0106383
6,hlaford,<code>hlaford</code>,2,0.0212766
10,holtes,<code>holtes</code>,1,0.0106383
10,honga&thorn;,<code>honga&amp;t;</code>,1,0.0106383
10,hrycg,<code>hrycg</code>,1,0.0106383
5,ic,<code>ic</code>,3,0.0319149
10,is,<code>is</code>,1,0.0106383
4,me,<code>me</code>,4,0.0425532
10,mec,<code>mec</code>,1,0.0106383
2,min,<code>min</code>,5,0.0531915
10,neb,<code>neb</code>,1,0.0106383
10,neol,<code>neol</code>,1,0.0106383
10,ni&thorn;erweard,<code>ni&amp;t;erweard</code>,1,0.0106383
10,o&thorn;er,<code>o&amp;t;er</code>,1,0.0106383
10,o&thorn;re,<code>o&amp;t;re</code>,1,0.0106383
10,of,<code>of</code>,1,0.0106383
1,on,<code>on</code>,7,0.0744681
2,ond,<code>ond</code>,5,0.0531915
10,or&thorn;oncpil,<code>or&amp;t;oncpil</code>,1,0.0106383
10,sawe&thorn;,<code>sawe&amp;t;</code>,1,0.0106383
10,sidan,<code>sidan</code>,1,0.0106383
10,sny&thorn;ige,<code>sny&amp;t;ige</code>,1,0.0106383
10,steorte,<code>steorte</code>,1,0.0106383
6,sw&aelig;&eth;,<code>sw&amp;ae;&amp;d;</code>,2,0.0212766
10,swa,<code>swa</code>,1,0.0106383
10,sweart,<code>sweart</code>,1,0.0106383
10,sweotol,<code>sweotol</code>,1,0.0106383
10,teala,<code>teala</code>,1,0.0106383
10,tere,<code>tere</code>,1,0.0106383
10,to&thorn;um,<code>to&amp;t;um</code>,1,0.0106383
10,under,<code>under</code>,1,0.0106383
10,w&aelig;gne,<code>w&amp;ae;gne</code>,1,0.0106383
10,weard,<code>weard</code>,1,0.0106383
10,wege&eth;,<code>wege&amp;d;</code>,1,0.0106383
10,wegen,<code>wegen</code>,1,0.0106383
10,wisa&eth;,<code>wisa&amp;d;</code>,1,0.0106383
10,woh,<code>woh</code>,1,0.0106383
10,wonge,<code>wonge</code>,1,0.0106383
10,wrecen,<code>wrecen</code>,1,0.0106383
10,wriga&thorn;,<code>wriga&amp;t;</code>,1,0.0106383
10,wundra,<code>wundra</code>,1,0.0106383
