A_Poetry,A03,A03.034.018_Rid_78_T01200.txt,23,22,24
RANK,HTML WORD,RAW WORD,COUNT,RELATIVE FREQUENCY
2,&aelig;t,<code>&amp;ae;t</code>,1,0.0416667
2,&thorn;urh,<code>&amp;t;urh</code>,1,0.0416667
2,bewrigene,<code>bewrigene</code>,1,0.0416667
2,cwealde,<code>cwealde</code>,1,0.0416667
2,cynn,<code>cynn</code>,1,0.0416667
2,flodas,<code>flodas</code>,1,0.0416667
2,flote,<code>flote</code>,1,0.0416667
2,ges&aelig;t,<code>ges&amp;ae;t</code>,1,0.0416667
2,ham,<code>ham</code>,1,0.0416667
2,him,<code>him</code>,1,0.0416667
1,ic,<code>ic</code>,2,0.0833333
2,me,<code>me</code>,1,0.0416667
2,minum,<code>minum</code>,1,0.0416667
2,mos,<code>mos</code>,1,0.0416667
2,ne,<code>ne</code>,1,0.0416667
2,oft,<code>oft</code>,1,0.0416667
2,ond,<code>ond</code>,1,0.0416667
2,or&thorn;onc,<code>or&amp;t;onc</code>,1,0.0416667
2,s,<code>s</code>,1,0.0416667
2,swa,<code>swa</code>,1,0.0416667
2,to,<code>to</code>,1,0.0416667
2,y&thorn;um,<code>y&amp;t;um</code>,1,0.0416667
2,yde,<code>yde</code>,1,0.0416667
