A_Poetry,A03,A03.022.009_Rid_9_T00400.txt,62,54,74
RANK,HTML WORD,RAW WORD,COUNT,RELATIVE FREQUENCY
4,&thorn;a,<code>&amp;t;a</code>,2,0.0270270
9,&thorn;eccan,<code>&amp;t;eccan</code>,1,0.0135135
9,&thorn;issum,<code>&amp;t;issum</code>,1,0.0135135
4,&thorn;y,<code>&amp;t;y</code>,2,0.0270270
9,agen,<code>agen</code>,1,0.0135135
9,an,<code>an</code>,1,0.0135135
9,arlice,<code>arlice</code>,1,0.0135135
9,asettan,<code>asettan</code>,1,0.0135135
9,aweox,<code>aweox</code>,1,0.0135135
9,bearn,<code>bearn</code>,1,0.0135135
9,dagum,<code>dagum</code>,1,0.0135135
9,deadne,<code>deadne</code>,1,0.0135135
9,dohtra,<code>dohtra</code>,1,0.0135135
9,dyde,<code>dyde</code>,1,0.0135135
9,eacen,<code>eacen</code>,1,0.0135135
9,ealdor,<code>ealdor</code>,1,0.0135135
9,f&aelig;der,<code>f&amp;ae;der</code>,1,0.0135135
9,fedde,<code>fedde</code>,1,0.0135135
9,feorh,<code>feorh</code>,1,0.0135135
9,freo&thorn;ode,<code>freo&amp;t;ode</code>,1,0.0135135
9,fri&thorn;e,<code>fri&amp;t;e</code>,1,0.0135135
9,g&aelig;ste,<code>g&amp;ae;ste</code>,1,0.0135135
9,gen,<code>gen</code>,1,0.0135135
9,gesceapu,<code>gesceapu</code>,1,0.0135135
9,h&aelig;fde,<code>h&amp;ae;fde</code>,1,0.0135135
4,heo,<code>heo</code>,2,0.0270270
9,heold,<code>heold</code>,1,0.0135135
9,hire,<code>hire</code>,1,0.0135135
9,hleosceorpe,<code>hleosceorpe</code>,1,0.0135135
4,ic,<code>ic</code>,2,0.0270270
9,in,<code>in</code>,1,0.0135135
9,innan,<code>innan</code>,1,0.0135135
9,l&aelig;s,<code>l&amp;ae;s</code>,1,0.0135135
9,m&aelig;g,<code>m&amp;ae;g</code>,1,0.0135135
9,me,<code>me</code>,1,0.0135135
9,meahte,<code>meahte</code>,1,0.0135135
2,mec,<code>mec</code>,3,0.0405405
9,mege,<code>mege</code>,1,0.0135135
9,min,<code>min</code>,1,0.0135135
9,modor,<code>modor</code>,1,0.0135135
9,ne,<code>ne</code>,1,0.0135135
4,o&thorn;&thorn;&aelig;t,<code>o&amp;t;&amp;t;&amp;ae;t</code>,2,0.0270270
9,ofgeafun,<code>ofgeafun</code>,1,0.0135135
9,on,<code>on</code>,1,0.0135135
2,ond,<code>ond</code>,3,0.0405405
9,ongon,<code>ongon</code>,1,0.0135135
9,sceate,<code>sceate</code>,1,0.0135135
9,seo,<code>seo</code>,1,0.0135135
9,si&thorn;&thorn;an,<code>si&amp;t;&amp;t;an</code>,1,0.0135135
9,si&thorn;as,<code>si&amp;t;as</code>,1,0.0135135
9,suna,<code>suna</code>,1,0.0135135
9,sw&aelig;sra,<code>sw&amp;ae;sra</code>,1,0.0135135
1,swa,<code>swa</code>,4,0.0540541
9,under,<code>under</code>,1,0.0135135
9,ungesibbum,<code>ungesibbum</code>,1,0.0135135
9,w&aelig;ron,<code>w&amp;ae;ron</code>,1,0.0135135
9,w&aelig;s,<code>w&amp;ae;s</code>,1,0.0135135
9,wear&eth;,<code>wear&amp;d;</code>,1,0.0135135
9,wedum,<code>wedum</code>,1,0.0135135
9,welhold,<code>welhold</code>,1,0.0135135
9,widdor,<code>widdor</code>,1,0.0135135
9,wrah,<code>wrah</code>,1,0.0135135
