A_Poetry,A03,A03.034.031_Rid_91_T01320.txt,56,52,61
RANK,HTML WORD,RAW WORD,COUNT,RELATIVE FREQUENCY
5,&thorn;&aelig;s,<code>&amp;t;&amp;ae;s</code>,1,0.0163934
2,&thorn;&aelig;t,<code>&amp;t;&amp;ae;t</code>,2,0.0327869
5,&thorn;ara,<code>&amp;t;ara</code>,1,0.0163934
5,&thorn;e,<code>&amp;t;e</code>,1,0.0163934
5,&thorn;icgan,<code>&amp;t;icgan</code>,1,0.0163934
2,&thorn;onne,<code>&amp;t;onne</code>,2,0.0327869
5,&thorn;yrel,<code>&amp;t;yrel</code>,1,0.0163934
5,ascufan,<code>ascufan</code>,1,0.0163934
5,awrecan,<code>awrecan</code>,1,0.0163934
5,b&aelig;c,<code>b&amp;ae;c</code>,1,0.0163934
5,begine,<code>begine</code>,1,0.0163934
5,bregde,<code>bregde</code>,1,0.0163934
5,feole,<code>feole</code>,1,0.0163934
5,for&eth;,<code>for&amp;d;</code>,1,0.0163934
5,frean,<code>frean</code>,1,0.0163934
5,freo&thorn;a&eth;,<code>freo&amp;t;a&amp;d;</code>,1,0.0163934
5,ge&thorn;uren,<code>ge&amp;t;uren</code>,1,0.0163934
5,gyrded,<code>gyrded</code>,1,0.0163934
5,he,<code>he</code>,1,0.0163934
5,heafod,<code>heafod</code>,1,0.0163934
5,hearde,<code>hearde</code>,1,0.0163934
5,heardum,<code>heardum</code>,1,0.0163934
5,het,<code>het</code>,1,0.0163934
5,hindan,<code>hindan</code>,1,0.0163934
5,hlaford,<code>hlaford</code>,1,0.0163934
5,hnitan,<code>hnitan</code>,1,0.0163934
5,homere,<code>homere</code>,1,0.0163934
5,hordes,<code>hordes</code>,1,0.0163934
5,hringum,<code>hringum</code>,1,0.0163934
5,hwilum,<code>hwilum</code>,1,0.0163934
5,hyrde,<code>hyrde</code>,1,0.0163934
1,ic,<code>ic</code>,3,0.0491803
5,is,<code>is</code>,1,0.0163934
5,lafe,<code>lafe</code>,1,0.0163934
5,life,<code>life</code>,1,0.0163934
5,me,<code>me</code>,1,0.0163934
5,middelnihtum,<code>middelnihtum</code>,1,0.0163934
2,min,<code>min</code>,2,0.0327869
5,mines,<code>mines</code>,1,0.0163934
5,mod,<code>mod</code>,1,0.0163934
5,nebbe,<code>nebbe</code>,1,0.0163934
5,of,<code>of</code>,1,0.0163934
5,oft,<code>oft</code>,1,0.0163934
5,ongean,<code>ongean</code>,1,0.0163934
5,sceal,<code>sceal</code>,1,0.0163934
5,searopila,<code>searopila</code>,1,0.0163934
5,sinum,<code>sinum</code>,1,0.0163934
5,stica&eth;,<code>stica&amp;d;</code>,1,0.0163934
5,sworfen,<code>sworfen</code>,1,0.0163934
5,under,<code>under</code>,1,0.0163934
5,w,<code>w</code>,1,0.0163934
5,w&aelig;lcr&aelig;fte,<code>w&amp;ae;lcr&amp;ae;fte</code>,1,0.0163934
5,wi&eth;,<code>wi&amp;d;</code>,1,0.0163934
5,wile,<code>wile</code>,1,0.0163934
5,willum,<code>willum</code>,1,0.0163934
5,wund,<code>wund</code>,1,0.0163934
