A_Poetry,A03,A03.016_Pan_T00260.txt,279,227,392
RANK,HTML WORD,RAW WORD,COUNT,RELATIVE FREQUENCY
53,&aelig;&thorn;ele,<code>&amp;ae;&amp;t;ele</code>,1,0.0025510
53,&aelig;&thorn;elicra,<code>&amp;ae;&amp;t;elicra</code>,1,0.0025510
53,&aelig;&thorn;elu,<code>&amp;ae;&amp;t;elu</code>,1,0.0025510
12,&aelig;fter,<code>&amp;ae;fter</code>,4,0.0102041
53,&aelig;ghw&aelig;s,<code>&amp;ae;ghw&amp;ae;s</code>,1,0.0025510
53,&aelig;ghwylc,<code>&amp;ae;ghwylc</code>,1,0.0025510
53,&aelig;lmihtig,<code>&amp;ae;lmihtig</code>,1,0.0025510
53,&aelig;ngum,<code>&amp;ae;ngum</code>,1,0.0025510
22,&aelig;nlicra,<code>&amp;ae;nlicra</code>,2,0.0051020
53,&aelig;r,<code>&amp;ae;r</code>,1,0.0025510
53,&aelig;thwam,<code>&amp;ae;thwam</code>,1,0.0025510
53,&eth;&aelig;r,<code>&amp;d;&amp;ae;r</code>,1,0.0025510
53,&eth;&aelig;t,<code>&amp;d;&amp;ae;t</code>,1,0.0025510
22,&thorn;&aelig;re,<code>&amp;t;&amp;ae;re</code>,2,0.0051020
8,&thorn;&aelig;s,<code>&amp;t;&amp;ae;s</code>,5,0.0127551
12,&thorn;&aelig;t,<code>&amp;t;&amp;ae;t</code>,4,0.0102041
22,&thorn;&aelig;tte,<code>&amp;t;&amp;ae;tte</code>,2,0.0051020
3,&thorn;am,<code>&amp;t;am</code>,6,0.0153061
53,&thorn;ara,<code>&amp;t;ara</code>,1,0.0025510
3,&thorn;e,<code>&amp;t;e</code>,6,0.0153061
53,&thorn;eoden,<code>&amp;t;eoden</code>,1,0.0025510
53,&thorn;eodwiga,<code>&amp;t;eodwiga</code>,1,0.0025510
53,&thorn;ige&eth;,<code>&amp;t;ige&amp;d;</code>,1,0.0025510
53,&thorn;isne,<code>&amp;t;isne</code>,1,0.0025510
53,&thorn;olade,<code>&amp;t;olade</code>,1,0.0025510
15,&thorn;one,<code>&amp;t;one</code>,3,0.0076531
15,&thorn;onne,<code>&amp;t;onne</code>,3,0.0076531
53,&thorn;reanydum,<code>&amp;t;reanydum</code>,1,0.0025510
53,&thorn;reo,<code>&amp;t;reo</code>,1,0.0025510
53,&thorn;reonihta,<code>&amp;t;reonihta</code>,1,0.0025510
22,&thorn;riddan,<code>&amp;t;riddan</code>,2,0.0051020
53,&thorn;rungon,<code>&amp;t;rungon</code>,1,0.0025510
53,&thorn;ry&thorn;um,<code>&amp;t;ry&amp;t;um</code>,1,0.0025510
53,&thorn;rymme,<code>&amp;t;rymme</code>,1,0.0025510
22,&thorn;urh,<code>&amp;t;urh</code>,2,0.0051020
53,&thorn;y,<code>&amp;t;y</code>,1,0.0025510
53,anga,<code>anga</code>,1,0.0025510
53,anstapan,<code>anstapan</code>,1,0.0025510
22,anum,<code>anum</code>,2,0.0051020
53,aras,<code>aras</code>,1,0.0025510
53,areccan,<code>areccan</code>,1,0.0025510
53,astonde&eth;,<code>astonde&amp;d;</code>,1,0.0025510
53,attorscea&thorn;an,<code>attorscea&amp;t;an</code>,1,0.0025510
53,attres,<code>attres</code>,1,0.0025510
53,bearn,<code>bearn</code>,1,0.0025510
53,bearnum,<code>bearnum</code>,1,0.0025510
53,beorhtan,<code>beorhtan</code>,1,0.0025510
22,beorhtra,<code>beorhtra</code>,2,0.0051020
53,beorn&thorn;reat,<code>beorn&amp;t;reat</code>,1,0.0025510
15,bi,<code>bi</code>,3,0.0076531
53,bi&thorn;eahte,<code>bi&amp;t;eahte</code>,1,0.0025510
53,bibuge&eth;,<code>bibuge&amp;d;</code>,1,0.0025510
53,bl&aelig;c,<code>bl&amp;ae;c</code>,1,0.0025510
53,bleom,<code>bleom</code>,1,0.0025510
53,blice&eth;,<code>blice&amp;d;</code>,1,0.0025510
53,blostmum,<code>blostmum</code>,1,0.0025510
53,bosm,<code>bosm</code>,1,0.0025510
53,bregdende,<code>bregdende</code>,1,0.0025510
53,brigda,<code>brigda</code>,1,0.0025510
53,brim,<code>brim</code>,1,0.0025510
53,burgsalum,<code>burgsalum</code>,1,0.0025510
15,butan,<code>butan</code>,3,0.0076531
53,ceastrum,<code>ceastrum</code>,1,0.0025510
53,cy&thorn;a&eth;,<code>cy&amp;t;a&amp;d;</code>,1,0.0025510
22,cyme&eth;,<code>cyme&amp;d;</code>,2,0.0051020
53,cynestolum,<code>cynestolum</code>,1,0.0025510
53,cynn,<code>cynn</code>,1,0.0025510
53,d&aelig;g,<code>d&amp;ae;g</code>,1,0.0025510
53,d&aelig;ge,<code>d&amp;ae;ge</code>,1,0.0025510
53,d&aelig;le&eth;,<code>d&amp;ae;le&amp;d;</code>,1,0.0025510
53,dare&eth;lacende,<code>dare&amp;d;lacende</code>,1,0.0025510
53,dea&eth;,<code>dea&amp;d;</code>,1,0.0025510
15,deor,<code>deor</code>,3,0.0076531
53,deora,<code>deora</code>,1,0.0025510
53,deores,<code>deores</code>,1,0.0025510
53,digle,<code>digle</code>,1,0.0025510
22,dracan,<code>dracan</code>,2,0.0051020
53,dreama,<code>dreama</code>,1,0.0025510
53,dryhta,<code>dryhta</code>,1,0.0025510
53,dryhten,<code>dryhten</code>,1,0.0025510
22,dugu&eth;a,<code>dugu&amp;d;a</code>,2,0.0051020
22,dunscrafum,<code>dunscrafum</code>,2,0.0051020
53,dygle,<code>dygle</code>,1,0.0025510
53,e&eth;les,<code>e&amp;d;les</code>,1,0.0025510
53,ea&eth;mede,<code>ea&amp;d;mede</code>,1,0.0025510
53,ealda,<code>ealda</code>,1,0.0025510
22,ealle,<code>ealle</code>,2,0.0051020
22,eallum,<code>eallum</code>,2,0.0051020
53,ealne,<code>ealne</code>,1,0.0025510
53,ealra,<code>ealra</code>,1,0.0025510
53,eard,<code>eard</code>,1,0.0025510
53,efne,<code>efne</code>,1,0.0025510
53,ellenrof,<code>ellenrof</code>,1,0.0025510
53,engla,<code>engla</code>,1,0.0025510
22,eor&thorn;an,<code>eor&amp;t;an</code>,2,0.0051020
53,eoredcystum,<code>eoredcystum</code>,1,0.0025510
53,estig,<code>estig</code>,1,0.0025510
53,f&aelig;c,<code>f&amp;ae;c</code>,1,0.0025510
53,f&aelig;der,<code>f&amp;ae;der</code>,1,0.0025510
53,f&aelig;gen,<code>f&amp;ae;gen</code>,1,0.0025510
53,f&aelig;gerra,<code>f&amp;ae;gerra</code>,1,0.0025510
22,fara&eth;,<code>fara&amp;d;</code>,2,0.0051020
53,feond,<code>feond</code>,1,0.0025510
53,feorhnere,<code>feorhnere</code>,1,0.0025510
53,feorlondum,<code>feorlondum</code>,1,0.0025510
53,firum,<code>firum</code>,1,0.0025510
53,foddor,<code>foddor</code>,1,0.0025510
53,folca,<code>folca</code>,1,0.0025510
53,foldhrerendra,<code>foldhrerendra</code>,1,0.0025510
53,foldwegum,<code>foldwegum</code>,1,0.0025510
22,fore,<code>fore</code>,2,0.0051020
22,fr&aelig;twum,<code>fr&amp;ae;twum</code>,2,0.0051020
53,fream&aelig;rne,<code>fream&amp;ae;rne</code>,1,0.0025510
53,freond,<code>freond</code>,1,0.0025510
53,fugla,<code>fugla</code>,1,0.0025510
53,fylle,<code>fylle</code>,1,0.0025510
53,fyrngeflitan,<code>fyrngeflitan</code>,1,0.0025510
53,fyrnum,<code>fyrnum</code>,1,0.0025510
53,g&aelig;sthalge,<code>g&amp;ae;sthalge</code>,1,0.0025510
53,ge,<code>ge</code>,1,0.0025510
22,ge&aelig;fnan,<code>ge&amp;ae;fnan</code>,2,0.0051020
53,gebiesgad,<code>gebiesgad</code>,1,0.0025510
53,gecw&aelig;&eth;,<code>gecw&amp;ae;&amp;d;</code>,1,0.0025510
53,gecynd,<code>gecynd</code>,1,0.0025510
53,gefetrade,<code>gefetrade</code>,1,0.0025510
53,gefysde,<code>gefysde</code>,1,0.0025510
53,gehw&aelig;s,<code>gehw&amp;ae;s</code>,1,0.0025510
53,gehwone,<code>gehwone</code>,1,0.0025510
22,gehwylc,<code>gehwylc</code>,2,0.0051020
22,gehwylces,<code>gehwylces</code>,2,0.0051020
53,gehwylcre,<code>gehwylcre</code>,1,0.0025510
53,gehwylcum,<code>gehwylcum</code>,1,0.0025510
53,gemetf&aelig;st,<code>gemetf&amp;ae;st</code>,1,0.0025510
8,geond,<code>geond</code>,5,0.0127551
53,gereordum,<code>gereordum</code>,1,0.0025510
53,ges&aelig;lde,<code>ges&amp;ae;lde</code>,1,0.0025510
53,gesceafta,<code>gesceafta</code>,1,0.0025510
53,gesceaftum,<code>gesceaftum</code>,1,0.0025510
53,geswing,<code>geswing</code>,1,0.0025510
53,gewelgad,<code>gewelgad</code>,1,0.0025510
53,gewritum,<code>gewritum</code>,1,0.0025510
53,giefe,<code>giefe</code>,1,0.0025510
53,gien,<code>gien</code>,1,0.0025510
22,god,<code>god</code>,2,0.0051020
53,grund,<code>grund</code>,1,0.0025510
53,grymetende,<code>grymetende</code>,1,0.0025510
53,guman,<code>guman</code>,1,0.0025510
53,h&aelig;le&eth;,<code>h&amp;ae;le&amp;d;</code>,1,0.0025510
53,hafa&eth;,<code>hafa&amp;d;</code>,1,0.0025510
53,haten,<code>haten</code>,1,0.0025510
3,he,<code>he</code>,6,0.0153061
53,healfa,<code>healfa</code>,1,0.0025510
53,heapum,<code>heapum</code>,1,0.0025510
53,his,<code>his</code>,1,0.0025510
53,hiw,<code>hiw</code>,1,0.0025510
53,hiwa,<code>hiwa</code>,1,0.0025510
53,hyht,<code>hyht</code>,1,0.0025510
53,hyrdon,<code>hyrdon</code>,1,0.0025510
53,ic,<code>ic</code>,1,0.0025510
22,in,<code>in</code>,2,0.0051020
53,innan,<code>innan</code>,1,0.0025510
53,iosephes,<code>iosephes</code>,1,0.0025510
2,is,<code>is</code>,7,0.0178571
53,la&thorn;es,<code>la&amp;t;es</code>,1,0.0025510
53,leofa&thorn;,<code>leofa&amp;t;</code>,1,0.0025510
53,leoft&aelig;l,<code>leoft&amp;ae;l</code>,1,0.0025510
53,lixe&eth;,<code>lixe&amp;d;</code>,1,0.0025510
53,lixte,<code>lixte</code>,1,0.0025510
53,lufsum,<code>lufsum</code>,1,0.0025510
53,m&aelig;g,<code>m&amp;ae;g</code>,1,0.0025510
53,magon,<code>magon</code>,1,0.0025510
53,men,<code>men</code>,1,0.0025510
22,middangeard,<code>middangeard</code>,2,0.0051020
53,milde,<code>milde</code>,1,0.0025510
53,mon&thorn;w&aelig;re,<code>mon&amp;t;w&amp;ae;re</code>,1,0.0025510
53,monge,<code>monge</code>,1,0.0025510
53,monig,<code>monig</code>,1,0.0025510
53,monigfealde,<code>monigfealde</code>,1,0.0025510
53,mu&eth;,<code>mu&amp;d;</code>,1,0.0025510
22,ne,<code>ne</code>,2,0.0051020
53,nele,<code>nele</code>,1,0.0025510
53,neotan,<code>neotan</code>,1,0.0025510
53,ni&thorn;&thorn;a,<code>ni&amp;t;&amp;t;a</code>,1,0.0025510
53,ni&thorn;re,<code>ni&amp;t;re</code>,1,0.0025510
53,niht,<code>niht</code>,1,0.0025510
53,noman,<code>noman</code>,1,0.0025510
15,o&thorn;rum,<code>o&amp;t;rum</code>,3,0.0076531
8,of,<code>of</code>,5,0.0127551
53,ofestum,<code>ofestum</code>,1,0.0025510
3,on,<code>on</code>,6,0.0153061
1,ond,<code>ond</code>,13,0.0331633
53,ondwra&eth;,<code>ondwra&amp;d;</code>,1,0.0025510
53,ordfruman,<code>ordfruman</code>,1,0.0025510
53,pandher,<code>pandher</code>,1,0.0025510
53,paulus,<code>paulus</code>,1,0.0025510
53,r&aelig;dend,<code>r&amp;ae;dend</code>,1,0.0025510
53,r&aelig;ste,<code>r&amp;ae;ste</code>,1,0.0025510
53,rim,<code>rim</code>,1,0.0025510
53,ryhte,<code>ryhte</code>,1,0.0025510
53,s&aelig;gde,<code>s&amp;ae;gde</code>,1,0.0025510
53,sanctus,<code>sanctus</code>,1,0.0025510
53,sceata,<code>sceata</code>,1,0.0025510
53,scyne,<code>scyne</code>,1,0.0025510
53,scynra,<code>scynra</code>,1,0.0025510
8,se,<code>se</code>,5,0.0127551
53,sealty&thorn;a,<code>sealty&amp;t;a</code>,1,0.0025510
53,sece&eth;,<code>sece&amp;d;</code>,1,0.0025510
53,secga&eth;,<code>secga&amp;d;</code>,1,0.0025510
53,secgan,<code>secgan</code>,1,0.0025510
53,sellend,<code>sellend</code>,1,0.0025510
53,sellicra,<code>sellicra</code>,1,0.0025510
53,si&thorn;&thorn;an,<code>si&amp;t;&amp;t;an</code>,1,0.0025510
53,sigora,<code>sigora</code>,1,0.0025510
22,sind,<code>sind</code>,2,0.0051020
53,sindon,<code>sindon</code>,1,0.0025510
22,sl&aelig;pe,<code>sl&amp;ae;pe</code>,2,0.0051020
53,sneome,<code>sneome</code>,1,0.0025510
53,snottra,<code>snottra</code>,1,0.0025510
53,so&eth;f&aelig;ste,<code>so&amp;d;f&amp;ae;ste</code>,1,0.0025510
53,some,<code>some</code>,1,0.0025510
53,steam,<code>steam</code>,1,0.0025510
22,stefne,<code>stefne</code>,2,0.0051020
12,stenc,<code>stenc</code>,4,0.0102041
53,stowe,<code>stowe</code>,1,0.0025510
53,sumum,<code>sumum</code>,1,0.0025510
53,sundorgecynd,<code>sundorgecynd</code>,1,0.0025510
53,susla,<code>susla</code>,1,0.0025510
53,sw&aelig;cca,<code>sw&amp;ae;cca</code>,1,0.0025510
3,swa,<code>swa</code>,6,0.0153061
53,swefote,<code>swefote</code>,1,0.0025510
53,sweghleo&thorn;or,<code>sweghleo&amp;t;or</code>,1,0.0025510
53,swete,<code>swete</code>,1,0.0025510
53,swettra,<code>swettra</code>,1,0.0025510
53,swi&thorn;ra,<code>swi&amp;t;ra</code>,1,0.0025510
53,swicce,<code>swicce</code>,1,0.0025510
53,swife&eth;,<code>swife&amp;d;</code>,1,0.0025510
22,symle,<code>symle</code>,2,0.0051020
53,teagum,<code>teagum</code>,1,0.0025510
53,telga,<code>telga</code>,1,0.0025510
53,tid,<code>tid</code>,1,0.0025510
15,to,<code>to</code>,3,0.0076531
53,tunece,<code>tunece</code>,1,0.0025510
53,under,<code>under</code>,1,0.0025510
53,ungny&eth;e,<code>ungny&amp;d;e</code>,1,0.0025510
53,unrimu,<code>unrimu</code>,1,0.0025510
53,up,<code>up</code>,1,0.0025510
53,uppe,<code>uppe</code>,1,0.0025510
22,us,<code>us</code>,2,0.0051020
53,ut,<code>ut</code>,1,0.0025510
53,w&aelig;re,<code>w&amp;ae;re</code>,1,0.0025510
53,w&aelig;s,<code>w&amp;ae;s</code>,1,0.0025510
53,w&aelig;ter,<code>w&amp;ae;ter</code>,1,0.0025510
22,we,<code>we</code>,2,0.0051020
53,weardian,<code>weardian</code>,1,0.0025510
53,weras,<code>weras</code>,1,0.0025510
53,wide,<code>wide</code>,1,0.0025510
53,widsceope,<code>widsceope</code>,1,0.0025510
53,wiht,<code>wiht</code>,1,0.0025510
53,wildra,<code>wildra</code>,1,0.0025510
53,wildres,<code>wildres</code>,1,0.0025510
53,wisf&aelig;ste,<code>wisf&amp;ae;ste</code>,1,0.0025510
53,witan,<code>witan</code>,1,0.0025510
53,wlitig,<code>wlitig</code>,1,0.0025510
53,wo&thorn;a,<code>wo&amp;t;a</code>,1,0.0025510
53,wongstede,<code>wongstede</code>,1,0.0025510
53,world,<code>world</code>,1,0.0025510
53,wornas,<code>wornas</code>,1,0.0025510
53,woruld,<code>woruld</code>,1,0.0025510
53,wr&aelig;tlic,<code>wr&amp;ae;tlic</code>,1,0.0025510
53,wr&aelig;tlice,<code>wr&amp;ae;tlice</code>,1,0.0025510
53,wr&aelig;tlicra,<code>wr&amp;ae;tlicra</code>,1,0.0025510
53,wudubledum,<code>wudubledum</code>,1,0.0025510
22,wundrum,<code>wundrum</code>,2,0.0051020
53,wynsum,<code>wynsum</code>,1,0.0025510
53,wynsumast,<code>wynsumast</code>,1,0.0025510
53,wynsumra,<code>wynsumra</code>,1,0.0025510
53,wyrta,<code>wyrta</code>,1,0.0025510
53,yfla,<code>yfla</code>,1,0.0025510
53,ymbhwyrft,<code>ymbhwyrft</code>,1,0.0025510
