A_Poetry,A03,A03.032_Husb_T01010.txt,204,174,279
RANK,HTML WORD,RAW WORD,COUNT,RELATIVE FREQUENCY
31,&aelig;ld,<code>&amp;ae;ld</code>,1,0.0035842
31,&aelig;nges,<code>&amp;ae;nges</code>,1,0.0035842
17,&aelig;rdagum,<code>&amp;ae;rdagum</code>,2,0.0071685
17,&aelig;tsomne,<code>&amp;ae;tsomne</code>,2,0.0071685
11,&thorn;&aelig;r,<code>&amp;t;&amp;ae;r</code>,3,0.0107527
31,&thorn;&aelig;s,<code>&amp;t;&amp;ae;s</code>,1,0.0035842
4,&thorn;&aelig;t,<code>&amp;t;&amp;ae;t</code>,5,0.0179211
17,&thorn;a,<code>&amp;t;a</code>,2,0.0071685
3,&thorn;e,<code>&amp;t;e</code>,6,0.0215054
31,&thorn;eah,<code>&amp;t;eah</code>,1,0.0035842
17,&thorn;ec,<code>&amp;t;ec</code>,2,0.0071685
31,&thorn;enden,<code>&amp;t;enden</code>,1,0.0035842
31,&thorn;eoden,<code>&amp;t;eoden</code>,1,0.0035842
31,&thorn;eodnes,<code>&amp;t;eodnes</code>,1,0.0035842
17,&thorn;in,<code>&amp;t;in</code>,2,0.0071685
31,&thorn;isne,<code>&amp;t;isne</code>,1,0.0035842
17,&thorn;onne,<code>&amp;t;onne</code>,2,0.0071685
2,&thorn;u,<code>&amp;t;u</code>,7,0.0250896
31,a&thorn;e,<code>a&amp;t;e</code>,1,0.0035842
31,a&thorn;rong,<code>a&amp;t;rong</code>,1,0.0035842
31,adraf,<code>adraf</code>,1,0.0035842
31,agrof,<code>agrof</code>,1,0.0035842
31,alwaldend,<code>alwaldend</code>,1,0.0035842
31,an,<code>an</code>,1,0.0035842
31,aweox,<code>aweox</code>,1,0.0035842
31,bates,<code>bates</code>,1,0.0035842
31,be,<code>be</code>,1,0.0035842
31,beagas,<code>beagas</code>,1,0.0035842
31,beam,<code>beam</code>,1,0.0035842
31,bearwe,<code>bearwe</code>,1,0.0035842
31,beneah,<code>beneah</code>,1,0.0035842
31,benemnan,<code>benemnan</code>,1,0.0035842
31,biddan,<code>biddan</code>,1,0.0035842
31,bugan,<code>bugan</code>,1,0.0035842
31,ceol&thorn;ele,<code>ceol&amp;t;ele</code>,1,0.0035842
31,cumen,<code>cumen</code>,1,0.0035842
31,cunnan,<code>cunnan</code>,1,0.0035842
17,d,<code>d</code>,2,0.0071685
31,dear,<code>dear</code>,1,0.0035842
31,dohtor,<code>dohtor</code>,1,0.0035842
31,drefde,<code>drefde</code>,1,0.0035842
17,e&thorn;el,<code>e&amp;t;el</code>,2,0.0071685
31,ea,<code>ea</code>,1,0.0035842
31,eald,<code>eald</code>,1,0.0035842
31,eard,<code>eard</code>,1,0.0035842
31,el&thorn;eode,<code>el&amp;t;eode</code>,1,0.0035842
31,ellor,<code>ellor</code>,1,0.0035842
31,eom,<code>eom</code>,1,0.0035842
31,eor&thorn;an,<code>eor&amp;t;an</code>,1,0.0035842
31,eorlgestreona,<code>eorlgestreona</code>,1,0.0035842
31,f&aelig;dan,<code>f&amp;ae;dan</code>,1,0.0035842
31,f&aelig;gre,<code>f&amp;ae;gre</code>,1,0.0035842
31,f&aelig;h&thorn;o,<code>f&amp;ae;h&amp;t;o</code>,1,0.0035842
31,faran,<code>faran</code>,1,0.0035842
17,findest,<code>findest</code>,2,0.0071685
31,flotweg,<code>flotweg</code>,1,0.0035842
31,foldan,<code>foldan</code>,1,0.0035842
31,for&eth;si&thorn;es,<code>for&amp;d;si&amp;t;es</code>,1,0.0035842
31,frean,<code>frean</code>,1,0.0035842
31,fremman,<code>fremman</code>,1,0.0035842
31,freondscype,<code>freondscype</code>,1,0.0035842
31,ful,<code>ful</code>,1,0.0035842
31,gad,<code>gad</code>,1,0.0035842
31,galan,<code>galan</code>,1,0.0035842
31,geac,<code>geac</code>,1,0.0035842
31,geador,<code>geador</code>,1,0.0035842
31,geb&aelig;ded,<code>geb&amp;ae;ded</code>,1,0.0035842
31,gebeot,<code>gebeot</code>,1,0.0035842
31,gecyre,<code>gecyre</code>,1,0.0035842
31,gehatan,<code>gehatan</code>,1,0.0035842
31,gehyrde,<code>gehyrde</code>,1,0.0035842
31,gelettan,<code>gelettan</code>,1,0.0035842
31,gelimpan,<code>gelimpan</code>,1,0.0035842
31,gemunde,<code>gemunde</code>,1,0.0035842
31,gemyndum,<code>gemyndum</code>,1,0.0035842
31,genoh,<code>genoh</code>,1,0.0035842
31,geomorne,<code>geomorne</code>,1,0.0035842
31,geong,<code>geong</code>,1,0.0035842
31,georn,<code>georn</code>,1,0.0035842
31,gesi&thorn;um,<code>gesi&amp;t;um</code>,1,0.0035842
31,gesohte,<code>gesohte</code>,1,0.0035842
31,gespr&aelig;con,<code>gespr&amp;ae;con</code>,1,0.0035842
31,gespr&aelig;conn,<code>gespr&amp;ae;conn</code>,1,0.0035842
31,getw&aelig;fan,<code>getw&amp;ae;fan</code>,1,0.0035842
31,geunne,<code>geunne</code>,1,0.0035842
31,gewitlocan,<code>gewitlocan</code>,1,0.0035842
31,gif,<code>gif</code>,1,0.0035842
11,git,<code>git</code>,3,0.0107527
31,god,<code>god</code>,1,0.0035842
31,goldes,<code>goldes</code>,1,0.0035842
31,h&aelig;le&thorn;a,<code>h&amp;ae;le&amp;t;a</code>,1,0.0035842
17,hafa&eth;,<code>hafa&amp;d;</code>,2,0.0071685
9,he,<code>he</code>,4,0.0143369
31,heah,<code>heah</code>,1,0.0035842
31,healde,<code>healde</code>,1,0.0035842
31,heht,<code>heht</code>,1,0.0035842
31,heonan,<code>heonan</code>,1,0.0035842
17,her,<code>her</code>,2,0.0071685
31,het,<code>het</code>,1,0.0035842
11,him,<code>him</code>,3,0.0107527
31,hine,<code>hine</code>,1,0.0035842
31,hli&thorn;es,<code>hli&amp;t;es</code>,1,0.0035842
31,hofu,<code>hofu</code>,1,0.0035842
31,hu,<code>hu</code>,1,0.0035842
31,hw&aelig;t,<code>hw&amp;ae;t</code>,1,0.0035842
31,hycge,<code>hycge</code>,1,0.0035842
31,hyge,<code>hyge</code>,1,0.0035842
4,ic,<code>ic</code>,5,0.0179211
31,in,<code>in</code>,1,0.0035842
31,inc,<code>inc</code>,1,0.0035842
31,incer,<code>incer</code>,1,0.0035842
31,is,<code>is</code>,1,0.0035842
31,l&aelig;ran,<code>l&amp;ae;ran</code>,1,0.0035842
31,l&aelig;stan,<code>l&amp;ae;stan</code>,1,0.0035842
31,l&aelig;t,<code>l&amp;ae;t</code>,1,0.0035842
31,lade,<code>lade</code>,1,0.0035842
31,lagu,<code>lagu</code>,1,0.0035842
31,lifgendne,<code>lifgendne</code>,1,0.0035842
31,lifgendum,<code>lifgendum</code>,1,0.0035842
31,lond,<code>lond</code>,1,0.0035842
31,londes,<code>londes</code>,1,0.0035842
31,lustum,<code>lustum</code>,1,0.0035842
31,m&aelig;g,<code>m&amp;ae;g</code>,1,0.0035842
31,m&aelig;wes,<code>m&amp;ae;wes</code>,1,0.0035842
31,ma&eth;ma,<code>ma&amp;d;ma</code>,1,0.0035842
31,mara,<code>mara</code>,1,0.0035842
31,me,<code>me</code>,1,0.0035842
31,meara,<code>meara</code>,1,0.0035842
17,mec,<code>mec</code>,2,0.0071685
31,mengan,<code>mengan</code>,1,0.0035842
31,meododreama,<code>meododreama</code>,1,0.0035842
31,meoduburgum,<code>meoduburgum</code>,1,0.0035842
31,mere,<code>mere</code>,1,0.0035842
31,merelade,<code>merelade</code>,1,0.0035842
31,merestreamas,<code>merestreamas</code>,1,0.0035842
17,min,<code>min</code>,2,0.0071685
31,mines,<code>mines</code>,1,0.0035842
31,modlufan,<code>modlufan</code>,1,0.0035842
31,mon,<code>mon</code>,1,0.0035842
31,mondryhten,<code>mondryhten</code>,1,0.0035842
31,monn,<code>monn</code>,1,0.0035842
31,monnan,<code>monnan</code>,1,0.0035842
31,moston,<code>moston</code>,1,0.0035842
31,motan,<code>motan</code>,1,0.0035842
31,n&aelig;glede,<code>n&amp;ae;glede</code>,1,0.0035842
31,nacan,<code>nacan</code>,1,0.0035842
4,ne,<code>ne</code>,5,0.0179211
31,nis,<code>nis</code>,1,0.0035842
4,nu,<code>nu</code>,5,0.0179211
31,nyde,<code>nyde</code>,1,0.0035842
31,of,<code>of</code>,1,0.0035842
9,ofer,<code>ofer</code>,4,0.0143369
31,oferwunnen,<code>oferwunnen</code>,1,0.0035842
11,oft,<code>oft</code>,3,0.0107527
1,on,<code>on</code>,13,0.0465950
4,ond,<code>ond</code>,5,0.0179211
31,ongin,<code>ongin</code>,1,0.0035842
31,onsite,<code>onsite</code>,1,0.0035842
31,onsundran,<code>onsundran</code>,1,0.0035842
31,oran,<code>oran</code>,1,0.0035842
31,r,<code>r</code>,1,0.0035842
31,ra,<code>ra</code>,1,0.0035842
17,s,<code>s</code>,2,0.0071685
31,s&aelig;gde,<code>s&amp;ae;gde</code>,1,0.0035842
31,s&aelig;nacan,<code>s&amp;ae;nacan</code>,1,0.0035842
31,sceal,<code>sceal</code>,1,0.0035842
31,scealt,<code>scealt</code>,1,0.0035842
31,sceolde,<code>sceolde</code>,1,0.0035842
11,se,<code>se</code>,3,0.0107527
31,sealte,<code>sealte</code>,1,0.0035842
31,secan,<code>secan</code>,1,0.0035842
31,secgan,<code>secgan</code>,1,0.0035842
31,secgum,<code>secgum</code>,1,0.0035842
31,settan,<code>settan</code>,1,0.0035842
11,si&thorn;&thorn;an,<code>si&amp;t;&amp;t;an</code>,3,0.0107527
31,si&thorn;es,<code>si&amp;t;es</code>,1,0.0035842
31,sige&thorn;eode,<code>sige&amp;t;eode</code>,1,0.0035842
31,sinchroden,<code>sinchroden</code>,1,0.0035842
31,sse,<code>sse</code>,1,0.0035842
31,streamas,<code>streamas</code>,1,0.0035842
31,su&eth;,<code>su&amp;d;</code>,1,0.0035842
31,sylf,<code>sylf</code>,1,0.0035842
31,sylfa,<code>sylfa</code>,1,0.0035842
31,tirf&aelig;ste,<code>tirf&amp;ae;ste</code>,1,0.0035842
31,treocyn,<code>treocyn</code>,1,0.0035842
31,treowe,<code>treowe</code>,1,0.0035842
31,tudre,<code>tudre</code>,1,0.0035842
31,twega,<code>twega</code>,1,0.0035842
31,ut,<code>ut</code>,1,0.0035842
31,w,<code>w</code>,1,0.0035842
31,w&aelig;re,<code>w&amp;ae;re</code>,1,0.0035842
31,wean,<code>wean</code>,1,0.0035842
31,weardigan,<code>weardigan</code>,1,0.0035842
31,wenum,<code>wenum</code>,1,0.0035842
31,willa,<code>willa</code>,1,0.0035842
31,wille,<code>wille</code>,1,0.0035842
31,wilna,<code>wilna</code>,1,0.0035842
31,wine,<code>wine</code>,1,0.0035842
31,winetreowe,<code>winetreowe</code>,1,0.0035842
31,wolde,<code>wolde</code>,1,0.0035842
31,wordbeotunga,<code>wordbeotunga</code>,1,0.0035842
31,worulde,<code>worulde</code>,1,0.0035842
31,y&thorn;a,<code>y&amp;t;a</code>,1,0.0035842
31,ymb,<code>ymb</code>,1,0.0035842
