A_Poetry,A03,A03.022.029_Rid_29_T00600.txt,67,55,81
RANK,HTML WORD,RAW WORD,COUNT,RELATIVE FREQUENCY
13,&eth;a,<code>&amp;d;a</code>,1,0.0123457
3,&thorn;&aelig;re,<code>&amp;t;&amp;ae;re</code>,2,0.0246914
3,&thorn;a,<code>&amp;t;a</code>,2,0.0246914
3,&thorn;am,<code>&amp;t;am</code>,2,0.0246914
13,&thorn;onan,<code>&amp;t;onan</code>,1,0.0123457
13,ahredde,<code>ahredde</code>,1,0.0123457
13,asettan,<code>asettan</code>,1,0.0123457
13,atimbran,<code>atimbran</code>,1,0.0123457
13,bedraf,<code>bedraf</code>,1,0.0123457
13,bitweonum,<code>bitweonum</code>,1,0.0123457
13,bur,<code>bur</code>,1,0.0123457
13,byrig,<code>byrig</code>,1,0.0123457
13,cu&eth;,<code>cu&amp;d;</code>,1,0.0123457
13,cwom,<code>cwom</code>,1,0.0123457
13,deaw,<code>deaw</code>,1,0.0123457
13,dust,<code>dust</code>,1,0.0123457
13,eallum,<code>eallum</code>,1,0.0123457
13,eor&eth;buendum,<code>eor&amp;d;buendum</code>,1,0.0123457
13,eor&thorn;an,<code>eor&amp;t;an</code>,1,0.0123457
13,f&aelig;h&thorn;um,<code>f&amp;ae;h&amp;t;um</code>,1,0.0123457
13,feol,<code>feol</code>,1,0.0123457
13,feran,<code>feran</code>,1,0.0123457
3,for&eth;,<code>for&amp;d;</code>,2,0.0246914
13,gegierwed,<code>gegierwed</code>,1,0.0123457
13,geseah,<code>geseah</code>,1,0.0123457
3,gewat,<code>gewat</code>,2,0.0246914
13,gewiste,<code>gewiste</code>,1,0.0123457
13,gif,<code>gif</code>,1,0.0123457
3,ham,<code>ham</code>,2,0.0246914
13,heofonum,<code>heofonum</code>,1,0.0123457
13,heresi&thorn;e,<code>heresi&amp;t;e</code>,1,0.0123457
13,hit,<code>hit</code>,1,0.0123457
13,hornum,<code>hornum</code>,1,0.0123457
13,hrof,<code>hrof</code>,1,0.0123457
1,hu&thorn;e,<code>hu&amp;t;e</code>,3,0.0370370
3,hyre,<code>hyre</code>,2,0.0246914
13,ic,<code>ic</code>,1,0.0123457
13,is,<code>is</code>,1,0.0123457
13,l&aelig;dan,<code>l&amp;ae;dan</code>,1,0.0123457
13,leohtlic,<code>leohtlic</code>,1,0.0123457
13,listum,<code>listum</code>,1,0.0123457
13,lyftf&aelig;t,<code>lyftf&amp;ae;t</code>,1,0.0123457
13,meahte,<code>meahte</code>,1,0.0123457
13,n&aelig;nig,<code>n&amp;ae;nig</code>,1,0.0123457
13,niht,<code>niht</code>,1,0.0123457
13,of,<code>of</code>,1,0.0123457
3,ofer,<code>ofer</code>,2,0.0246914
3,on,<code>on</code>,2,0.0246914
13,ond,<code>ond</code>,1,0.0123457
13,onette,<code>onette</code>,1,0.0123457
13,searwum,<code>searwum</code>,1,0.0123457
13,seo,<code>seo</code>,1,0.0123457
13,si&eth;,<code>si&amp;d;</code>,1,0.0123457
13,si&thorn;&thorn;an,<code>si&amp;t;&amp;t;an</code>,1,0.0123457
13,stonc,<code>stonc</code>,1,0.0123457
13,swa,<code>swa</code>,1,0.0123457
1,to,<code>to</code>,3,0.0370370
13,walde,<code>walde</code>,1,0.0123457
13,wealles,<code>wealles</code>,1,0.0123457
13,wera,<code>wera</code>,1,0.0123457
13,west,<code>west</code>,1,0.0123457
3,wiht,<code>wiht</code>,2,0.0246914
13,wihte,<code>wihte</code>,1,0.0123457
13,willan,<code>willan</code>,1,0.0123457
13,wreccan,<code>wreccan</code>,1,0.0123457
13,wundorlice,<code>wundorlice</code>,1,0.0123457
13,wundorlicu,<code>wundorlicu</code>,1,0.0123457
