A_Poetry,A03,A03.022.039_Rid_39_T00700.txt,130,106,183
RANK,HTML WORD,RAW WORD,COUNT,RELATIVE FREQUENCY
25,&aelig;fre,<code>&amp;ae;fre</code>,1,0.0054645
9,&aelig;fter,<code>&amp;ae;fter</code>,2,0.0109290
25,&aelig;g&thorn;er,<code>&amp;ae;g&amp;t;er</code>,1,0.0054645
25,&aelig;ghwylc,<code>&amp;ae;ghwylc</code>,1,0.0054645
25,&aelig;ghwylcne,<code>&amp;ae;ghwylcne</code>,1,0.0054645
25,&aelig;nig,<code>&amp;ae;nig</code>,1,0.0054645
25,&thorn;&aelig;r,<code>&amp;t;&amp;ae;r</code>,1,0.0054645
6,&thorn;&aelig;t,<code>&amp;t;&amp;ae;t</code>,3,0.0163934
9,&thorn;ara,<code>&amp;t;ara</code>,2,0.0109290
9,&thorn;as,<code>&amp;t;as</code>,2,0.0109290
9,&thorn;e,<code>&amp;t;e</code>,2,0.0109290
25,&thorn;ing,<code>&amp;t;ing</code>,1,0.0054645
25,&thorn;isne,<code>&amp;t;isne</code>,1,0.0054645
25,&thorn;onne,<code>&amp;t;onne</code>,1,0.0054645
25,&thorn;u,<code>&amp;t;u</code>,1,0.0054645
25,&thorn;y,<code>&amp;t;y</code>,1,0.0054645
4,ac,<code>ac</code>,4,0.0218579
25,ban,<code>ban</code>,1,0.0054645
25,bearnum,<code>bearnum</code>,1,0.0054645
25,becne&eth;,<code>becne&amp;d;</code>,1,0.0054645
25,bi&eth;,<code>bi&amp;d;</code>,1,0.0054645
25,bi&thorn;,<code>bi&amp;t;</code>,1,0.0054645
25,blod,<code>blod</code>,1,0.0054645
25,cenned,<code>cenned</code>,1,0.0054645
25,dreogan,<code>dreogan</code>,1,0.0054645
25,eagena,<code>eagena</code>,1,0.0054645
25,ealdorgesceaft,<code>ealdorgesceaft</code>,1,0.0054645
25,ealra,<code>ealra</code>,1,0.0054645
25,earmost,<code>earmost</code>,1,0.0054645
25,efne,<code>efne</code>,1,0.0054645
25,eft,<code>eft</code>,1,0.0054645
25,feorh,<code>feorh</code>,1,0.0054645
25,feorhberendra,<code>feorhberendra</code>,1,0.0054645
25,feran,<code>feran</code>,1,0.0054645
25,foldan,<code>foldan</code>,1,0.0054645
25,folme,<code>folme</code>,1,0.0054645
25,fot,<code>fot</code>,1,0.0054645
25,frofre,<code>frofre</code>,1,0.0054645
25,gecyndum,<code>gecyndum</code>,1,0.0054645
9,geond,<code>geond</code>,2,0.0109290
25,gesceapu,<code>gesceapu</code>,1,0.0054645
25,gesecan,<code>gesecan</code>,1,0.0054645
25,gesecgan,<code>gesecgan</code>,1,0.0054645
25,gesecganne,<code>gesecganne</code>,1,0.0054645
25,gesyne,<code>gesyne</code>,1,0.0054645
25,gewit,<code>gewit</code>,1,0.0054645
25,gewite&eth;,<code>gewite&amp;d;</code>,1,0.0054645
9,gewritu,<code>gewritu</code>,2,0.0109290
25,gif,<code>gif</code>,1,0.0054645
25,gonge&eth;,<code>gonge&amp;d;</code>,1,0.0054645
3,hafa&eth;,<code>hafa&amp;d;</code>,5,0.0273224
9,hafa&thorn;,<code>hafa&amp;t;</code>,2,0.0109290
25,hamleas,<code>hamleas</code>,1,0.0054645
25,hatte,<code>hatte</code>,1,0.0054645
25,heanre,<code>heanre</code>,1,0.0054645
25,helle,<code>helle</code>,1,0.0054645
9,heo,<code>heo</code>,2,0.0109290
25,heofonum,<code>heofonum</code>,1,0.0054645
2,hio,<code>hio</code>,9,0.0491803
25,hit,<code>hit</code>,1,0.0054645
9,hran,<code>hran</code>,2,0.0109290
25,hu,<code>hu</code>,1,0.0054645
25,hw&aelig;&thorn;re,<code>hw&amp;ae;&amp;t;re</code>,1,0.0054645
25,hw&aelig;t,<code>hw&amp;ae;t</code>,1,0.0054645
25,hweorfan,<code>hweorfan</code>,1,0.0054645
25,hyre,<code>hyre</code>,1,0.0054645
6,is,<code>is</code>,3,0.0163934
25,larum,<code>larum</code>,1,0.0054645
25,laste,<code>laste</code>,1,0.0054645
25,leofa&thorn;,<code>leofa&amp;t;</code>,1,0.0054645
25,lifgan,<code>lifgan</code>,1,0.0054645
25,lim,<code>lim</code>,1,0.0054645
25,long,<code>long</code>,1,0.0054645
25,m&aelig;ge,<code>m&amp;ae;ge</code>,1,0.0054645
25,maran,<code>maran</code>,1,0.0054645
25,men,<code>men</code>,1,0.0054645
25,micle,<code>micle</code>,1,0.0054645
25,miclum,<code>miclum</code>,1,0.0054645
25,mid,<code>mid</code>,1,0.0054645
25,middangeard,<code>middangeard</code>,1,0.0054645
25,moncynne,<code>moncynne</code>,1,0.0054645
25,mongum,<code>mongum</code>,1,0.0054645
25,monnum,<code>monnum</code>,1,0.0054645
25,mot,<code>mot</code>,1,0.0054645
25,mu&eth;,<code>mu&amp;d;</code>,1,0.0054645
9,n&aelig;fre,<code>n&amp;ae;fre</code>,2,0.0109290
1,ne,<code>ne</code>,14,0.0765027
25,niht,<code>niht</code>,1,0.0054645
25,no,<code>no</code>,1,0.0054645
25,o&thorn;re,<code>o&amp;t;re</code>,1,0.0054645
25,on,<code>on</code>,1,0.0054645
25,ond,<code>ond</code>,1,0.0054645
25,recene,<code>recene</code>,1,0.0054645
25,reselan,<code>reselan</code>,1,0.0054645
25,saga,<code>saga</code>,1,0.0054645
25,sawle,<code>sawle</code>,1,0.0054645
6,sceal,<code>sceal</code>,3,0.0163934
25,se&thorn;eah,<code>se&amp;t;eah</code>,1,0.0054645
9,secga&eth;,<code>secga&amp;d;</code>,2,0.0109290
25,secganne,<code>secganne</code>,1,0.0054645
9,seo,<code>seo</code>,2,0.0109290
25,si&thorn;as,<code>si&amp;t;as</code>,1,0.0054645
25,so&eth;,<code>so&amp;d;</code>,1,0.0054645
25,so&thorn;um,<code>so&amp;t;um</code>,1,0.0054645
25,spr&aelig;c,<code>spr&amp;ae;c</code>,1,0.0054645
25,sundor,<code>sundor</code>,1,0.0054645
25,sundorcr&aelig;ft,<code>sundorcr&amp;ae;ft</code>,1,0.0054645
25,sweotol,<code>sweotol</code>,1,0.0054645
9,sy,<code>sy</code>,2,0.0109290
25,tidum,<code>tidum</code>,1,0.0054645
4,to,<code>to</code>,4,0.0218579
25,twega,<code>twega</code>,1,0.0054645
25,w&aelig;re,<code>w&amp;ae;re</code>,1,0.0054645
25,wear&eth;,<code>wear&amp;d;</code>,1,0.0054645
25,weg,<code>weg</code>,1,0.0054645
25,wi&thorn;,<code>wi&amp;t;</code>,1,0.0054645
25,wide,<code>wide</code>,1,0.0054645
9,wideferh,<code>wideferh</code>,2,0.0109290
9,wiht,<code>wiht</code>,2,0.0109290
25,wihta,<code>wihta</code>,1,0.0054645
25,wile,<code>wile</code>,1,0.0054645
25,witen,<code>witen</code>,1,0.0054645
25,woh,<code>woh</code>,1,0.0054645
9,wordum,<code>wordum</code>,2,0.0109290
25,wr&aelig;tlic,<code>wr&amp;ae;tlic</code>,1,0.0054645
25,wreccan,<code>wreccan</code>,1,0.0054645
25,wuldorcyninges,<code>wuldorcyninges</code>,1,0.0054645
25,wundorworuld,<code>wundorworuld</code>,1,0.0054645
25,wyrda,<code>wyrda</code>,1,0.0054645
25,ymb,<code>ymb</code>,1,0.0054645
