A_Poetry,A03,A03.031.002_Rid_60_T01000.txt,83,73,97
RANK,HTML WORD,RAW WORD,COUNT,RELATIVE FREQUENCY
11,&aelig;fre,<code>&amp;ae;fre</code>,1,0.0103093
11,&aelig;nig,<code>&amp;ae;nig</code>,1,0.0103093
11,&aelig;r,<code>&amp;ae;r</code>,1,0.0103093
11,&aelig;rendspr&aelig;ce,<code>&amp;ae;rendspr&amp;ae;ce</code>,1,0.0103093
11,&aelig;t,<code>&amp;ae;t</code>,1,0.0103093
11,&thorn;&aelig;r,<code>&amp;t;&amp;ae;r</code>,1,0.0103093
1,&thorn;&aelig;t,<code>&amp;t;&amp;ae;t</code>,4,0.0412371
11,&thorn;am,<code>&amp;t;am</code>,1,0.0103093
3,&thorn;e,<code>&amp;t;e</code>,2,0.0206186
11,&thorn;ingum,<code>&amp;t;ingum</code>,1,0.0103093
11,abeodan,<code>abeodan</code>,1,0.0103093
11,ac,<code>ac</code>,1,0.0103093
11,an&aelig;de,<code>an&amp;ae;de</code>,1,0.0103093
11,anum,<code>anum</code>,1,0.0103093
11,be,<code>be</code>,1,0.0103093
11,bealdlice,<code>bealdlice</code>,1,0.0103093
11,beheolde,<code>beheolde</code>,1,0.0103093
11,beleolc,<code>beleolc</code>,1,0.0103093
11,beorna,<code>beorna</code>,1,0.0103093
11,brune,<code>brune</code>,1,0.0103093
11,conn,<code>conn</code>,1,0.0103093
11,cynnes,<code>cynnes</code>,1,0.0103093
11,d&aelig;l,<code>d&amp;ae;l</code>,1,0.0103093
11,eard,<code>eard</code>,1,0.0103093
11,eorles,<code>eorles</code>,1,0.0103093
11,f&aelig;st,<code>f&amp;ae;st</code>,1,0.0103093
11,fea,<code>fea</code>,1,0.0103093
11,for,<code>for</code>,1,0.0103093
11,frumsta&thorn;ole,<code>frumsta&amp;t;ole</code>,1,0.0103093
11,ge&thorn;ydan,<code>ge&amp;t;ydan</code>,1,0.0103093
11,gehwam,<code>gehwam</code>,1,0.0103093
11,gewunade,<code>gewunade</code>,1,0.0103093
11,hit,<code>hit</code>,1,0.0103093
11,hond,<code>hond</code>,1,0.0103093
11,hu,<code>hu</code>,1,0.0103093
1,ic,<code>ic</code>,4,0.0412371
11,inge&thorn;onc,<code>inge&amp;t;onc</code>,1,0.0103093
11,is,<code>is</code>,1,0.0103093
11,laguf&aelig;&eth;me,<code>laguf&amp;ae;&amp;d;me</code>,1,0.0103093
11,lyt,<code>lyt</code>,1,0.0103093
11,m&aelig;nden,<code>m&amp;ae;nden</code>,1,0.0103093
11,ma,<code>ma</code>,1,0.0103093
3,mec,<code>mec</code>,2,0.0206186
11,meodubence,<code>meodubence</code>,1,0.0103093
11,merefaro&thorn;e,<code>merefaro&amp;t;e</code>,1,0.0103093
11,minne,<code>minne</code>,1,0.0103093
11,minum,<code>minum</code>,1,0.0103093
11,monna,<code>monna</code>,1,0.0103093
11,mu&eth;leas,<code>mu&amp;d;leas</code>,1,0.0103093
3,ne,<code>ne</code>,2,0.0206186
11,neah,<code>neah</code>,1,0.0103093
11,o&thorn;&thorn;e,<code>o&amp;t;&amp;t;e</code>,1,0.0103093
11,ofer,<code>ofer</code>,1,0.0103093
3,on,<code>on</code>,2,0.0206186
3,ond,<code>ond</code>,2,0.0206186
3,ord,<code>ord</code>,2,0.0206186
11,s&aelig;wealle,<code>s&amp;ae;wealle</code>,1,0.0103093
3,sceolde,<code>sceolde</code>,2,0.0206186
11,searolic,<code>searolic</code>,1,0.0103093
11,seaxes,<code>seaxes</code>,1,0.0103093
11,sefan,<code>sefan</code>,1,0.0103093
11,seo,<code>seo</code>,1,0.0103093
11,si&eth;,<code>si&amp;d;</code>,1,0.0103093
11,sio,<code>sio</code>,1,0.0103093
11,somod,<code>somod</code>,1,0.0103093
11,sonde,<code>sonde</code>,1,0.0103093
11,sprecan,<code>sprecan</code>,1,0.0103093
11,swa,<code>swa</code>,1,0.0103093
11,swi&thorn;re,<code>swi&amp;t;re</code>,1,0.0103093
11,swylc,<code>swylc</code>,1,0.0103093
11,twam,<code>twam</code>,1,0.0103093
11,uhtna,<code>uhtna</code>,1,0.0103093
11,unc,<code>unc</code>,1,0.0103093
11,uncre,<code>uncre</code>,1,0.0103093
3,w&aelig;s,<code>w&amp;ae;s</code>,2,0.0206186
11,wende,<code>wende</code>,1,0.0103093
11,wi&thorn;,<code>wi&amp;t;</code>,1,0.0103093
11,widdor,<code>widdor</code>,1,0.0103093
11,wordcwidas,<code>wordcwidas</code>,1,0.0103093
11,wordum,<code>wordum</code>,1,0.0103093
11,wrixlan,<code>wrixlan</code>,1,0.0103093
11,wundres,<code>wundres</code>,1,0.0103093
11,y&eth;,<code>y&amp;d;</code>,1,0.0103093
