A_Poetry,A03,A03.022.001_Rid_1_T00320.txt,75,66,89
RANK,HTML WORD,RAW WORD,COUNT,RELATIVE FREQUENCY
10,&aelig;r,<code>&amp;ae;r</code>,1,0.0112360
4,&thorn;&aelig;s,<code>&amp;t;&amp;ae;s</code>,2,0.0224719
2,&thorn;&aelig;t,<code>&amp;t;&amp;ae;t</code>,3,0.0337079
10,&thorn;a,<code>&amp;t;a</code>,1,0.0112360
10,&thorn;e,<code>&amp;t;e</code>,1,0.0112360
10,&thorn;ecce,<code>&amp;t;ecce</code>,1,0.0112360
4,&thorn;onne,<code>&amp;t;onne</code>,2,0.0224719
10,&thorn;ragum,<code>&amp;t;ragum</code>,1,0.0112360
10,&thorn;rymful,<code>&amp;t;rymful</code>,1,0.0112360
10,&thorn;unie,<code>&amp;t;unie</code>,1,0.0112360
10,asecgan,<code>asecgan</code>,1,0.0112360
10,astige,<code>astige</code>,1,0.0112360
10,b&aelig;rne,<code>b&amp;ae;rne</code>,1,0.0112360
10,beamas,<code>beamas</code>,1,0.0112360
10,bearwas,<code>bearwas</code>,1,0.0112360
10,bere,<code>bere</code>,1,0.0112360
10,bi&eth;,<code>bi&amp;d;</code>,1,0.0112360
10,bledhwate,<code>bledhwate</code>,1,0.0112360
10,eor&thorn;an,<code>eor&amp;t;an</code>,1,0.0112360
10,fere,<code>fere</code>,1,0.0112360
10,fl&aelig;sc,<code>fl&amp;ae;sc</code>,1,0.0112360
10,folcsalo,<code>folcsalo</code>,1,0.0112360
10,foldan,<code>foldan</code>,1,0.0112360
10,foldbuendra,<code>foldbuendra</code>,1,0.0112360
10,fylle,<code>fylle</code>,1,0.0112360
10,g&aelig;stas,<code>g&amp;ae;stas</code>,1,0.0112360
10,gehrefed,<code>gehrefed</code>,1,0.0112360
10,geond,<code>geond</code>,1,0.0112360
10,h&aelig;bbe,<code>h&amp;ae;bbe</code>,1,0.0112360
10,h&aelig;le&thorn;a,<code>h&amp;ae;le&amp;t;a</code>,1,0.0112360
10,hadas,<code>hadas</code>,1,0.0112360
10,haswe,<code>haswe</code>,1,0.0112360
10,hatte,<code>hatte</code>,1,0.0112360
10,heahum,<code>heahum</code>,1,0.0112360
10,hl&aelig;st,<code>hl&amp;ae;st</code>,1,0.0112360
10,hlin,<code>hlin</code>,1,0.0112360
10,holme,<code>holme</code>,1,0.0112360
10,horsc,<code>horsc</code>,1,0.0112360
10,hrere,<code>hrere</code>,1,0.0112360
10,hrofum,<code>hrofum</code>,1,0.0112360
10,hrycge,<code>hrycge</code>,1,0.0112360
10,hu,<code>hu</code>,1,0.0112360
4,hwa,<code>hwa</code>,2,0.0224719
10,hwylc,<code>hwylc</code>,1,0.0112360
10,hygecr&aelig;ftig,<code>hygecr&amp;ae;ftig</code>,1,0.0112360
2,ic,<code>ic</code>,3,0.0337079
10,is,<code>is</code>,1,0.0112360
10,m&aelig;ge,<code>m&amp;ae;ge</code>,1,0.0112360
10,me,<code>me</code>,1,0.0112360
10,meahtum,<code>meahtum</code>,1,0.0112360
4,mec,<code>mec</code>,2,0.0224719
10,o&thorn;&thorn;e,<code>o&amp;t;&amp;t;e</code>,1,0.0112360
10,ofer,<code>ofer</code>,1,0.0112360
1,on,<code>on</code>,5,0.0561798
4,ond,<code>ond</code>,2,0.0224719
10,r&aelig;ced,<code>r&amp;ae;ced</code>,1,0.0112360
10,re&thorn;e,<code>re&amp;t;e</code>,1,0.0112360
10,reafige,<code>reafige</code>,1,0.0112360
10,recas,<code>recas</code>,1,0.0112360
10,saga,<code>saga</code>,1,0.0112360
10,sended,<code>sended</code>,1,0.0112360
10,si&eth;,<code>si&amp;d;</code>,1,0.0112360
10,somod,<code>somod</code>,1,0.0112360
10,stiga&eth;,<code>stiga&amp;d;</code>,1,0.0112360
10,strong,<code>strong</code>,1,0.0112360
10,stundum,<code>stundum</code>,1,0.0112360
10,sunde,<code>sunde</code>,1,0.0112360
10,w&aelig;lcwealm,<code>w&amp;ae;lcwealm</code>,1,0.0112360
10,wa&thorn;e,<code>wa&amp;t;e</code>,1,0.0112360
10,wera,<code>wera</code>,1,0.0112360
10,wide,<code>wide</code>,1,0.0112360
4,wr&aelig;ce,<code>wr&amp;ae;ce</code>,2,0.0224719
10,wreah,<code>wreah</code>,1,0.0112360
10,wrecen,<code>wrecen</code>,1,0.0112360
10,wudu,<code>wudu</code>,1,0.0112360
