A_Poetry,A03,A03.019_Soul_II_T00290.txt,438,332,779
RANK,HTML WORD,RAW WORD,COUNT,RELATIVE FREQUENCY
49,&aelig;fre,<code>&amp;ae;fre</code>,2,0.0025674
49,&aelig;ghwylc,<code>&amp;ae;ghwylc</code>,2,0.0025674
107,&aelig;ghwylcum,<code>&amp;ae;ghwylcum</code>,1,0.0012837
49,&aelig;lmihtig,<code>&amp;ae;lmihtig</code>,2,0.0025674
107,&aelig;nge,<code>&amp;ae;nge</code>,1,0.0012837
107,&aelig;nige,<code>&amp;ae;nige</code>,1,0.0012837
10,&aelig;r,<code>&amp;ae;r</code>,10,0.0128370
107,&aelig;rest,<code>&amp;ae;rest</code>,1,0.0012837
20,&aelig;t,<code>&amp;ae;t</code>,5,0.0064185
107,&aelig;tes,<code>&amp;ae;tes</code>,1,0.0012837
107,&aelig;tsomne,<code>&amp;ae;tsomne</code>,1,0.0012837
107,&aelig;twelan,<code>&amp;ae;twelan</code>,1,0.0012837
107,&eth;&aelig;s,<code>&amp;d;&amp;ae;s</code>,1,0.0012837
107,&eth;e,<code>&amp;d;e</code>,1,0.0012837
49,&eth;onne,<code>&amp;d;onne</code>,2,0.0025674
16,&thorn;&aelig;r,<code>&amp;t;&amp;ae;r</code>,6,0.0077022
49,&thorn;&aelig;s,<code>&amp;t;&amp;ae;s</code>,2,0.0025674
4,&thorn;&aelig;t,<code>&amp;t;&amp;ae;t</code>,16,0.0205392
9,&thorn;a,<code>&amp;t;a</code>,12,0.0154044
20,&thorn;am,<code>&amp;t;am</code>,5,0.0064185
3,&thorn;e,<code>&amp;t;e</code>,19,0.0243902
107,&thorn;eah,<code>&amp;t;eah</code>,1,0.0012837
107,&thorn;enden,<code>&amp;t;enden</code>,1,0.0012837
107,&thorn;in,<code>&amp;t;in</code>,1,0.0012837
33,&thorn;ine,<code>&amp;t;ine</code>,3,0.0038511
49,&thorn;inra,<code>&amp;t;inra</code>,2,0.0025674
107,&thorn;inre,<code>&amp;t;inre</code>,1,0.0012837
107,&thorn;inum,<code>&amp;t;inum</code>,1,0.0012837
107,&thorn;is,<code>&amp;t;is</code>,1,0.0012837
107,&thorn;on,<code>&amp;t;on</code>,1,0.0012837
49,&thorn;one,<code>&amp;t;one</code>,2,0.0025674
4,&thorn;onne,<code>&amp;t;onne</code>,16,0.0205392
107,&thorn;reo,<code>&amp;t;reo</code>,1,0.0012837
107,&thorn;ritig,<code>&amp;t;ritig</code>,1,0.0012837
107,&thorn;rowian,<code>&amp;t;rowian</code>,1,0.0012837
107,&thorn;rymful,<code>&amp;t;rymful</code>,1,0.0012837
1,&thorn;u,<code>&amp;t;u</code>,24,0.0308087
107,&thorn;uhte,<code>&amp;t;uhte</code>,1,0.0012837
107,&thorn;unedest,<code>&amp;t;unedest</code>,1,0.0012837
15,&thorn;urh,<code>&amp;t;urh</code>,7,0.0089859
107,&thorn;urhite&eth;,<code>&amp;t;urhite&amp;d;</code>,1,0.0012837
107,&thorn;urhsmyh&eth;,<code>&amp;t;urhsmyh&amp;d;</code>,1,0.0012837
107,&thorn;urstge,<code>&amp;t;urstge</code>,1,0.0012837
107,&thorn;us,<code>&amp;t;us</code>,1,0.0012837
107,&thorn;usend,<code>&amp;t;usend</code>,1,0.0012837
49,&thorn;y,<code>&amp;t;y</code>,2,0.0025674
107,abidan,<code>abidan</code>,1,0.0012837
33,ac,<code>ac</code>,3,0.0038511
107,acolad,<code>acolad</code>,1,0.0012837
107,adon,<code>adon</code>,1,0.0012837
107,agieldan,<code>agieldan</code>,1,0.0012837
107,ana,<code>ana</code>,1,0.0012837
107,ancenda,<code>ancenda</code>,1,0.0012837
107,anra,<code>anra</code>,1,0.0012837
107,arleasan,<code>arleasan</code>,1,0.0012837
107,asogene,<code>asogene</code>,1,0.0012837
107,asundra&eth;,<code>asundra&amp;d;</code>,1,0.0012837
107,bad,<code>bad</code>,1,0.0012837
107,ban,<code>ban</code>,1,0.0012837
107,behofa&thorn;,<code>behofa&amp;t;</code>,1,0.0012837
33,beo&eth;,<code>beo&amp;d;</code>,3,0.0038511
107,beslitan,<code>beslitan</code>,1,0.0012837
107,besliten,<code>besliten</code>,1,0.0012837
107,bewitige,<code>bewitige</code>,1,0.0012837
16,bi&eth;,<code>bi&amp;d;</code>,6,0.0077022
49,bi&thorn;,<code>bi&amp;t;</code>,2,0.0025674
107,bicowen,<code>bicowen</code>,1,0.0012837
107,bifongen,<code>bifongen</code>,1,0.0012837
107,bireafod,<code>bireafod</code>,1,0.0012837
107,blode,<code>blode</code>,1,0.0012837
107,brucan,<code>brucan</code>,1,0.0012837
107,bu,<code>bu</code>,1,0.0012837
33,butan,<code>butan</code>,3,0.0038511
107,caldan,<code>caldan</code>,1,0.0012837
107,cearful,<code>cearful</code>,1,0.0012837
107,ceowan,<code>ceowan</code>,1,0.0012837
107,cleopa&eth;,<code>cleopa&amp;d;</code>,1,0.0012837
107,cuman,<code>cuman</code>,1,0.0012837
107,cyme&eth;,<code>cyme&amp;d;</code>,1,0.0012837
107,cynn,<code>cynn</code>,1,0.0012837
107,d&aelig;da,<code>d&amp;ae;da</code>,1,0.0012837
107,d&aelig;dum,<code>d&amp;ae;dum</code>,1,0.0012837
49,d&aelig;ge,<code>d&amp;ae;ge</code>,2,0.0025674
107,dea&eth;,<code>dea&amp;d;</code>,1,0.0012837
107,dea&eth;d&aelig;ge,<code>dea&amp;d;d&amp;ae;ge</code>,1,0.0012837
107,deaf,<code>deaf</code>,1,0.0012837
107,deoplic,<code>deoplic</code>,1,0.0012837
107,deora,<code>deora</code>,1,0.0012837
107,do,<code>do</code>,1,0.0012837
107,do&eth;,<code>do&amp;d;</code>,1,0.0012837
107,domd&aelig;ge,<code>domd&amp;ae;ge</code>,1,0.0012837
107,dome,<code>dome</code>,1,0.0012837
107,dreahtest,<code>dreahtest</code>,1,0.0012837
107,dreamas,<code>dreamas</code>,1,0.0012837
107,dreorga,<code>dreorga</code>,1,0.0012837
107,drinca&eth;,<code>drinca&amp;d;</code>,1,0.0012837
107,drinces,<code>drinces</code>,1,0.0012837
107,drug,<code>drug</code>,1,0.0012837
33,dryhten,<code>dryhten</code>,3,0.0038511
49,dryhtne,<code>dryhtne</code>,2,0.0025674
107,dumb,<code>dumb</code>,1,0.0012837
107,dust,<code>dust</code>,1,0.0012837
107,duste,<code>duste</code>,1,0.0012837
107,eagan,<code>eagan</code>,1,0.0012837
107,eal,<code>eal</code>,1,0.0012837
49,ealle,<code>ealle</code>,2,0.0025674
107,eallum,<code>eallum</code>,1,0.0012837
49,ealra,<code>ealra</code>,2,0.0025674
107,eardode,<code>eardode</code>,1,0.0012837
107,eardungstowe,<code>eardungstowe</code>,1,0.0012837
107,earfo&eth;lice,<code>earfo&amp;d;lice</code>,1,0.0012837
49,eart,<code>eart</code>,2,0.0025674
107,eawdest,<code>eawdest</code>,1,0.0012837
107,ece,<code>ece</code>,1,0.0012837
107,edringe,<code>edringe</code>,1,0.0012837
107,efne,<code>efne</code>,1,0.0012837
107,eftsona,<code>eftsona</code>,1,0.0012837
49,ende,<code>ende</code>,2,0.0025674
107,engel,<code>engel</code>,1,0.0012837
107,eor&eth;f&aelig;t,<code>eor&amp;d;f&amp;ae;t</code>,1,0.0012837
107,eor&eth;scr&aelig;fe,<code>eor&amp;d;scr&amp;ae;fe</code>,1,0.0012837
26,eor&thorn;an,<code>eor&amp;t;an</code>,4,0.0051348
107,f&aelig;der,<code>f&amp;ae;der</code>,1,0.0012837
107,feldgongende,<code>feldgongende</code>,1,0.0012837
107,feoh,<code>feoh</code>,1,0.0012837
107,feran,<code>feran</code>,1,0.0012837
107,findan,<code>findan</code>,1,0.0012837
107,firena&thorn;,<code>firena&amp;t;</code>,1,0.0012837
107,firenfulle,<code>firenfulle</code>,1,0.0012837
49,firenlustas,<code>firenlustas</code>,2,0.0025674
107,fisc,<code>fisc</code>,1,0.0012837
107,fl&aelig;sc,<code>fl&amp;ae;sc</code>,1,0.0012837
107,fl&aelig;sce,<code>fl&amp;ae;sce</code>,1,0.0012837
107,fl&aelig;schord,<code>fl&amp;ae;schord</code>,1,0.0012837
49,for,<code>for</code>,2,0.0025674
49,for&thorn;on,<code>for&amp;t;on</code>,2,0.0025674
107,forweornast,<code>forweornast</code>,1,0.0012837
107,frofre,<code>frofre</code>,1,0.0012837
49,from,<code>from</code>,2,0.0025674
107,frumsceafte,<code>frumsceafte</code>,1,0.0012837
107,fugel,<code>fugel</code>,1,0.0012837
107,ful,<code>ful</code>,1,0.0012837
107,fulwihte,<code>fulwihte</code>,1,0.0012837
107,fylnes,<code>fylnes</code>,1,0.0012837
107,fyrn,<code>fyrn</code>,1,0.0012837
20,g&aelig;st,<code>g&amp;ae;st</code>,5,0.0064185
107,g&aelig;ste,<code>g&amp;ae;ste</code>,1,0.0012837
107,g&aelig;stes,<code>g&amp;ae;stes</code>,1,0.0012837
49,ge,<code>ge</code>,2,0.0025674
49,ge&thorn;ohtes,<code>ge&amp;t;ohtes</code>,2,0.0025674
107,ge&thorn;rungon,<code>ge&amp;t;rungon</code>,1,0.0012837
49,geaflas,<code>geaflas</code>,2,0.0025674
107,geah&thorn;e,<code>geah&amp;t;e</code>,1,0.0012837
107,gearwode,<code>gearwode</code>,1,0.0012837
107,gebohte,<code>gebohte</code>,1,0.0012837
107,gebunde,<code>gebunde</code>,1,0.0012837
107,ged&aelig;lde,<code>ged&amp;ae;lde</code>,1,0.0012837
107,gedales,<code>gedales</code>,1,0.0012837
107,gedrefed,<code>gedrefed</code>,1,0.0012837
107,geedbyrded,<code>geedbyrded</code>,1,0.0012837
107,geg&aelig;dra&eth;,<code>geg&amp;ae;dra&amp;d;</code>,1,0.0012837
107,geh&aelig;ftnadest,<code>geh&amp;ae;ftnadest</code>,1,0.0012837
107,geh&thorn;um,<code>geh&amp;t;um</code>,1,0.0012837
107,gehatan,<code>gehatan</code>,1,0.0012837
107,gehwam,<code>gehwam</code>,1,0.0012837
107,gehyran,<code>gehyran</code>,1,0.0012837
107,gelicnes,<code>gelicnes</code>,1,0.0012837
107,gem&aelig;ccan,<code>gem&amp;ae;ccan</code>,1,0.0012837
107,gemyndum,<code>gemyndum</code>,1,0.0012837
107,gene&thorn;e&eth;,<code>gene&amp;t;e&amp;d;</code>,1,0.0012837
107,geoce,<code>geoce</code>,1,0.0012837
107,geomrum,<code>geomrum</code>,1,0.0012837
107,geryme&eth;,<code>geryme&amp;d;</code>,1,0.0012837
107,gesargad,<code>gesargad</code>,1,0.0012837
107,gescenta,<code>gescenta</code>,1,0.0012837
49,gesecan,<code>gesecan</code>,2,0.0025674
107,gesibbra,<code>gesibbra</code>,1,0.0012837
107,gesta&thorn;elad,<code>gesta&amp;t;elad</code>,1,0.0012837
107,gestyred,<code>gestyred</code>,1,0.0012837
107,geweaxen,<code>geweaxen</code>,1,0.0012837
107,geworhte,<code>geworhte</code>,1,0.0012837
107,geworhton,<code>geworhton</code>,1,0.0012837
107,gewurde,<code>gewurde</code>,1,0.0012837
107,giefl,<code>giefl</code>,1,0.0012837
107,gifer,<code>gifer</code>,1,0.0012837
107,gifl,<code>gifl</code>,1,0.0012837
107,gifre,<code>gifre</code>,1,0.0012837
33,god,<code>god</code>,3,0.0038511
107,goda,<code>goda</code>,1,0.0012837
33,gode,<code>gode</code>,3,0.0038511
107,godes,<code>godes</code>,1,0.0012837
107,gold,<code>gold</code>,1,0.0012837
107,goman,<code>goman</code>,1,0.0012837
107,gr&aelig;dge,<code>gr&amp;ae;dge</code>,1,0.0012837
107,grimlice,<code>grimlice</code>,1,0.0012837
107,grimmeste,<code>grimmeste</code>,1,0.0012837
107,h&aelig;le&thorn;a,<code>h&amp;ae;le&amp;t;a</code>,1,0.0012837
107,hafa&eth;,<code>hafa&amp;d;</code>,1,0.0012837
107,halege,<code>halege</code>,1,0.0012837
107,halgan,<code>halgan</code>,1,0.0012837
107,hamas,<code>hamas</code>,1,0.0012837
107,hatte,<code>hatte</code>,1,0.0012837
26,he,<code>he</code>,4,0.0051348
49,heafod,<code>heafod</code>,2,0.0025674
107,healfe,<code>healfe</code>,1,0.0012837
107,heardan,<code>heardan</code>,1,0.0012837
107,heardra,<code>heardra</code>,1,0.0012837
49,helle,<code>helle</code>,2,0.0025674
107,hellegrund,<code>hellegrund</code>,1,0.0012837
33,heo,<code>heo</code>,3,0.0038511
107,heofondreamas,<code>heofondreamas</code>,1,0.0012837
107,heolfres,<code>heolfres</code>,1,0.0012837
107,heonan,<code>heonan</code>,1,0.0012837
33,her,<code>her</code>,3,0.0038511
107,hider,<code>hider</code>,1,0.0012837
49,him,<code>him</code>,2,0.0025674
33,his,<code>his</code>,3,0.0038511
107,hit,<code>hit</code>,1,0.0012837
107,hlo&thorn;um,<code>hlo&amp;t;um</code>,1,0.0012837
107,hogode,<code>hogode</code>,1,0.0012837
107,honcred,<code>honcred</code>,1,0.0012837
49,hond,<code>hond</code>,2,0.0025674
107,honda,<code>honda</code>,1,0.0012837
107,horsclice,<code>horsclice</code>,1,0.0012837
107,hra,<code>hra</code>,1,0.0012837
107,hrefn,<code>hrefn</code>,1,0.0012837
107,hremig,<code>hremig</code>,1,0.0012837
107,hro&thorn;or,<code>hro&amp;t;or</code>,1,0.0012837
49,hu,<code>hu</code>,2,0.0025674
107,hund,<code>hund</code>,1,0.0012837
107,hungre,<code>hungre</code>,1,0.0012837
107,hungrum,<code>hungrum</code>,1,0.0012837
49,huru,<code>huru</code>,2,0.0025674
107,hw&aelig;&thorn;re,<code>hw&amp;ae;&amp;t;re</code>,1,0.0012837
16,hw&aelig;t,<code>hw&amp;ae;t</code>,6,0.0077022
107,hweorfan,<code>hweorfan</code>,1,0.0012837
107,hwon,<code>hwon</code>,1,0.0012837
107,hy,<code>hy</code>,1,0.0012837
107,hyrste,<code>hyrste</code>,1,0.0012837
11,ic,<code>ic</code>,9,0.0115533
26,in,<code>in</code>,4,0.0051348
107,innan,<code>innan</code>,1,0.0012837
107,is,<code>is</code>,1,0.0012837
107,l&aelig;ded,<code>l&amp;ae;ded</code>,1,0.0012837
107,lames,<code>lames</code>,1,0.0012837
107,leofre,<code>leofre</code>,1,0.0012837
107,li&eth;,<code>li&amp;d;</code>,1,0.0012837
49,lic,<code>lic</code>,2,0.0025674
33,lichoman,<code>lichoman</code>,3,0.0038511
107,life,<code>life</code>,1,0.0012837
107,lifgendra,<code>lifgendra</code>,1,0.0012837
107,lifgendum,<code>lifgendum</code>,1,0.0012837
107,lige&eth;,<code>lige&amp;d;</code>,1,0.0012837
107,lime,<code>lime</code>,1,0.0012837
107,lofsong,<code>lofsong</code>,1,0.0012837
49,long,<code>long</code>,2,0.0025674
49,longe,<code>longe</code>,2,0.0025674
107,lust,<code>lust</code>,1,0.0012837
49,lyt,<code>lyt</code>,2,0.0025674
107,lytel,<code>lytel</code>,1,0.0012837
33,m&aelig;g,<code>m&amp;ae;g</code>,3,0.0038511
107,m&aelig;gen&thorn;rymme,<code>m&amp;ae;gen&amp;t;rymme</code>,1,0.0012837
107,magon,<code>magon</code>,1,0.0012837
12,me,<code>me</code>,8,0.0102696
107,meahte,<code>meahte</code>,1,0.0012837
107,mec,<code>mec</code>,1,0.0012837
107,medder,<code>medder</code>,1,0.0012837
107,men,<code>men</code>,1,0.0012837
33,menn,<code>menn</code>,3,0.0038511
107,meotud,<code>meotud</code>,1,0.0012837
49,miclan,<code>miclan</code>,2,0.0025674
107,micle,<code>micle</code>,1,0.0012837
49,mid,<code>mid</code>,2,0.0025674
107,minra,<code>minra</code>,1,0.0012837
107,minum,<code>minum</code>,1,0.0012837
107,modsnotterra,<code>modsnotterra</code>,1,0.0012837
49,moldan,<code>moldan</code>,2,0.0025674
107,moldwyrmas,<code>moldwyrmas</code>,1,0.0012837
107,mon,<code>mon</code>,1,0.0012837
107,monige,<code>monige</code>,1,0.0012837
49,monna,<code>monna</code>,2,0.0025674
49,monnum,<code>monnum</code>,2,0.0025674
107,mu&thorn;es,<code>mu&amp;t;es</code>,1,0.0012837
107,n&aelig;dle,<code>n&amp;ae;dle</code>,1,0.0012837
107,n&aelig;fre,<code>n&amp;ae;fre</code>,1,0.0012837
49,n&aelig;ngum,<code>n&amp;ae;ngum</code>,2,0.0025674
107,n&aelig;nig,<code>n&amp;ae;nig</code>,1,0.0012837
107,nales,<code>nales</code>,1,0.0012837
107,nan,<code>nan</code>,1,0.0012837
7,ne,<code>ne</code>,15,0.0192555
107,neat,<code>neat</code>,1,0.0012837
107,ned,<code>ned</code>,1,0.0012837
107,neoda,<code>neoda</code>,1,0.0012837
107,niht,<code>niht</code>,1,0.0012837
107,nihtes,<code>nihtes</code>,1,0.0012837
107,nime&eth;,<code>nime&amp;d;</code>,1,0.0012837
107,nis,<code>nis</code>,1,0.0012837
107,no,<code>no</code>,1,0.0012837
26,nu,<code>nu</code>,4,0.0051348
107,nyde,<code>nyde</code>,1,0.0012837
107,o&eth;&eth;e,<code>o&amp;d;&amp;d;e</code>,1,0.0012837
33,o&thorn;&thorn;e,<code>o&amp;t;&amp;t;e</code>,3,0.0038511
107,o&thorn;re,<code>o&amp;t;re</code>,1,0.0012837
107,o&thorn;rum,<code>o&amp;t;rum</code>,1,0.0012837
20,of,<code>of</code>,5,0.0064185
107,of&thorn;yrsted,<code>of&amp;t;yrsted</code>,1,0.0012837
49,oft,<code>oft</code>,2,0.0025674
4,on,<code>on</code>,16,0.0205392
2,ond,<code>ond</code>,20,0.0256739
107,ondsware,<code>ondsware</code>,1,0.0012837
107,ondwyrdan,<code>ondwyrdan</code>,1,0.0012837
107,onfon,<code>onfon</code>,1,0.0012837
107,onsende,<code>onsende</code>,1,0.0012837
107,onsended,<code>onsended</code>,1,0.0012837
107,onsundran,<code>onsundran</code>,1,0.0012837
107,onwrigene,<code>onwrigene</code>,1,0.0012837
49,re&thorn;e,<code>re&amp;t;e</code>,2,0.0025674
107,readan,<code>readan</code>,1,0.0012837
107,reafia&eth;,<code>reafia&amp;d;</code>,1,0.0012837
49,reorde,<code>reorde</code>,2,0.0025674
107,rib,<code>rib</code>,1,0.0012837
107,roderum,<code>roderum</code>,1,0.0012837
107,ryht,<code>ryht</code>,1,0.0012837
107,s&aelig;,<code>s&amp;ae;</code>,1,0.0012837
107,s&aelig;d,<code>s&amp;ae;d</code>,1,0.0012837
107,sawl,<code>sawl</code>,1,0.0012837
20,sawle,<code>sawle</code>,5,0.0064185
26,sceal,<code>sceal</code>,4,0.0051348
49,scealt,<code>scealt</code>,2,0.0025674
107,scearpran,<code>scearpran</code>,1,0.0012837
49,sceolde,<code>sceolde</code>,2,0.0025674
107,scome,<code>scome</code>,1,0.0012837
49,scrife,<code>scrife</code>,2,0.0025674
33,sculon,<code>sculon</code>,3,0.0038511
107,scyle,<code>scyle</code>,1,0.0012837
12,se,<code>se</code>,8,0.0102696
107,se&thorn;eah,<code>se&amp;t;eah</code>,1,0.0012837
49,secan,<code>secan</code>,2,0.0025674
49,secgan,<code>secgan</code>,2,0.0025674
107,selle,<code>selle</code>,1,0.0012837
107,sended,<code>sended</code>,1,0.0012837
107,seo,<code>seo</code>,1,0.0012837
107,seofon,<code>seofon</code>,1,0.0012837
107,seonowum,<code>seonowum</code>,1,0.0012837
107,seonwe,<code>seonwe</code>,1,0.0012837
107,seonwum,<code>seonwum</code>,1,0.0012837
49,si&eth;,<code>si&amp;d;</code>,2,0.0025674
20,si&thorn;&thorn;an,<code>si&amp;t;&amp;t;an</code>,5,0.0064185
107,si&thorn;ade,<code>si&amp;t;ade</code>,1,0.0012837
107,si&thorn;e,<code>si&amp;t;e</code>,1,0.0012837
107,sibbe,<code>sibbe</code>,1,0.0012837
107,sindan,<code>sindan</code>,1,0.0012837
107,sindon,<code>sindon</code>,1,0.0012837
107,snyttro,<code>snyttro</code>,1,0.0012837
107,somud,<code>somud</code>,1,0.0012837
107,spede,<code>spede</code>,1,0.0012837
107,sprice&eth;,<code>sprice&amp;d;</code>,1,0.0012837
107,stronge,<code>stronge</code>,1,0.0012837
12,swa,<code>swa</code>,8,0.0102696
107,swearta,<code>swearta</code>,1,0.0012837
107,swearte,<code>swearte</code>,1,0.0012837
107,sweora,<code>sweora</code>,1,0.0012837
107,swi&thorn;e,<code>swi&amp;t;e</code>,1,0.0012837
107,swylcra,<code>swylcra</code>,1,0.0012837
107,sylf,<code>sylf</code>,1,0.0012837
107,sylfa,<code>sylfa</code>,1,0.0012837
49,sylfes,<code>sylfes</code>,2,0.0025674
107,sylfor,<code>sylfor</code>,1,0.0012837
49,sylfum,<code>sylfum</code>,2,0.0025674
107,symle,<code>symle</code>,1,0.0012837
107,synnum,<code>synnum</code>,1,0.0012837
107,tiolode,<code>tiolode</code>,1,0.0012837
8,to,<code>to</code>,13,0.0166881
107,to&thorn;as,<code>to&amp;t;as</code>,1,0.0012837
107,toginene,<code>toginene</code>,1,0.0012837
107,tohleo&thorn;ode,<code>tohleo&amp;t;ode</code>,1,0.0012837
107,tohliden,<code>tohliden</code>,1,0.0012837
107,toslitene,<code>toslitene</code>,1,0.0012837
107,totogen,<code>totogen</code>,1,0.0012837
107,totyh&eth;,<code>totyh&amp;d;</code>,1,0.0012837
107,tungan,<code>tungan</code>,1,0.0012837
107,tunge,<code>tunge</code>,1,0.0012837
107,tyn,<code>tyn</code>,1,0.0012837
107,ufan,<code>ufan</code>,1,0.0012837
107,ufon,<code>ufon</code>,1,0.0012837
26,unc,<code>unc</code>,4,0.0051348
107,uncres,<code>uncres</code>,1,0.0012837
107,unwillan,<code>unwillan</code>,1,0.0012837
107,ut,<code>ut</code>,1,0.0012837
107,w&aelig;dum,<code>w&amp;ae;dum</code>,1,0.0012837
107,w&aelig;g,<code>w&amp;ae;g</code>,1,0.0012837
107,w&aelig;ran,<code>w&amp;ae;ran</code>,1,0.0012837
16,w&aelig;re,<code>w&amp;ae;re</code>,6,0.0077022
107,w&aelig;ron,<code>w&amp;ae;ron</code>,1,0.0012837
26,w&aelig;s,<code>w&amp;ae;s</code>,4,0.0051348
107,weg,<code>weg</code>,1,0.0012837
107,wemman,<code>wemman</code>,1,0.0012837
107,werede,<code>werede</code>,1,0.0012837
107,werga,<code>werga</code>,1,0.0012837
107,wergan,<code>wergan</code>,1,0.0012837
107,werge,<code>werge</code>,1,0.0012837
107,westenne,<code>westenne</code>,1,0.0012837
107,wi&eth;,<code>wi&amp;d;</code>,1,0.0012837
107,wi&thorn;erlean,<code>wi&amp;t;erlean</code>,1,0.0012837
49,wiht,<code>wiht</code>,2,0.0025674
107,wihte,<code>wihte</code>,1,0.0012837
107,wildra,<code>wildra</code>,1,0.0012837
107,wile,<code>wile</code>,1,0.0012837
107,wilt,<code>wilt</code>,1,0.0012837
107,wines,<code>wines</code>,1,0.0012837
49,wintra,<code>wintra</code>,2,0.0025674
49,wiste,<code>wiste</code>,2,0.0025674
49,wit,<code>wit</code>,2,0.0025674
107,wita,<code>wita</code>,1,0.0012837
49,wite,<code>wite</code>,2,0.0025674
107,witum,<code>witum</code>,1,0.0012837
107,wlonc,<code>wlonc</code>,1,0.0012837
107,wolde,<code>wolde</code>,1,0.0012837
107,won,<code>won</code>,1,0.0012837
49,wordum,<code>wordum</code>,2,0.0025674
107,worhtest,<code>worhtest</code>,1,0.0012837
107,worlde,<code>worlde</code>,1,0.0012837
33,worulde,<code>worulde</code>,3,0.0038511
107,wrixlan,<code>wrixlan</code>,1,0.0012837
107,wuldor,<code>wuldor</code>,1,0.0012837
49,wunde,<code>wunde</code>,2,0.0025674
107,wunian,<code>wunian</code>,1,0.0012837
49,wurde,<code>wurde</code>,2,0.0025674
107,wyrce,<code>wyrce</code>,1,0.0012837
107,wyrm,<code>wyrm</code>,1,0.0012837
107,wyrma,<code>wyrma</code>,1,0.0012837
107,wyrmas,<code>wyrmas</code>,1,0.0012837
107,wyrmcynna,<code>wyrmcynna</code>,1,0.0012837
107,wyrmes,<code>wyrmes</code>,1,0.0012837
107,wyrmum,<code>wyrmum</code>,1,0.0012837
107,wyrreste,<code>wyrreste</code>,1,0.0012837
107,ymb,<code>ymb</code>,1,0.0012837
107,yrm&thorn;a,<code>yrm&amp;t;a</code>,1,0.0012837
