A_Poetry,A03,A03.022.013_Rid_13_T00440.txt,59,53,65
RANK,HTML WORD,RAW WORD,COUNT,RELATIVE FREQUENCY
7,&aelig;ngum,<code>&amp;ae;ngum</code>,1,0.0153846
7,&aelig;r,<code>&amp;ae;r</code>,1,0.0153846
7,&thorn;am,<code>&amp;t;am</code>,1,0.0153846
7,&thorn;e,<code>&amp;t;e</code>,1,0.0153846
7,&thorn;eah,<code>&amp;t;eah</code>,1,0.0153846
1,&thorn;y,<code>&amp;t;y</code>,2,0.0307692
7,anra,<code>anra</code>,1,0.0153846
7,aweahte,<code>aweahte</code>,1,0.0153846
7,bi&eth;,<code>bi&amp;d;</code>,1,0.0153846
7,birofene,<code>birofene</code>,1,0.0153846
7,blede,<code>blede</code>,1,0.0153846
7,cwico,<code>cwico</code>,1,0.0153846
7,ealra,<code>ealra</code>,1,0.0153846
7,fell,<code>fell</code>,1,0.0153846
7,feorg,<code>feorg</code>,1,0.0153846
7,for&eth;cymene,<code>for&amp;d;cymene</code>,1,0.0153846
7,fr&aelig;twe,<code>fr&amp;ae;twe</code>,1,0.0153846
7,gebro&thorn;or,<code>gebro&amp;t;or</code>,1,0.0153846
7,gehwylces,<code>gehwylces</code>,1,0.0153846
7,geniwad,<code>geniwad</code>,1,0.0153846
7,gesyne,<code>gesyne</code>,1,0.0153846
7,gewitan,<code>gewitan</code>,1,0.0153846
7,h&aelig;fdon,<code>h&amp;ae;fdon</code>,1,0.0153846
7,haswe,<code>haswe</code>,1,0.0153846
7,hongedon,<code>hongedon</code>,1,0.0153846
7,hr&aelig;gl,<code>hr&amp;ae;gl</code>,1,0.0153846
7,hy,<code>hy</code>,1,0.0153846
1,hyra,<code>hyra</code>,2,0.0307692
7,ic,<code>ic</code>,1,0.0153846
7,laste,<code>laste</code>,1,0.0153846
7,leton,<code>leton</code>,1,0.0153846
7,licgan,<code>licgan</code>,1,0.0153846
7,lond,<code>lond</code>,1,0.0153846
7,meahtum,<code>meahtum</code>,1,0.0153846
7,mid,<code>mid</code>,1,0.0153846
7,mu&thorn;um,<code>mu&amp;t;um</code>,1,0.0153846
1,ne,<code>ne</code>,2,0.0307692
1,on,<code>on</code>,2,0.0307692
1,ond,<code>ond</code>,2,0.0307692
7,reafe,<code>reafe</code>,1,0.0153846
7,rodra,<code>rodra</code>,1,0.0153846
7,sarre,<code>sarre</code>,1,0.0153846
7,sceoldon,<code>sceoldon</code>,1,0.0153846
7,seah,<code>seah</code>,1,0.0153846
7,seles,<code>seles</code>,1,0.0153846
7,si&eth;e,<code>si&amp;d;e</code>,1,0.0153846
7,slitan,<code>slitan</code>,1,0.0153846
7,swa,<code>swa</code>,1,0.0153846
7,sweostor,<code>sweostor</code>,1,0.0153846
7,sweotol,<code>sweotol</code>,1,0.0153846
1,tredan,<code>tredan</code>,2,0.0307692
7,turf,<code>turf</code>,1,0.0153846
7,vi,<code>vi</code>,1,0.0153846
7,w&aelig;ge,<code>w&amp;ae;ge</code>,1,0.0153846
7,w&aelig;ron,<code>w&amp;ae;ron</code>,1,0.0153846
7,w&aelig;s,<code>w&amp;ae;s</code>,1,0.0153846
7,weardes,<code>weardes</code>,1,0.0153846
7,wyrs,<code>wyrs</code>,1,0.0153846
7,x,<code>x</code>,1,0.0153846
