A_Poetry,A03,A03.022.037_Rid_37_T00680.txt,50,48,52
RANK,HTML WORD,RAW WORD,COUNT,RELATIVE FREQUENCY
3,&thorn;&aelig;t,<code>&amp;t;&amp;ae;t</code>,1,0.0192308
3,&thorn;a,<code>&amp;t;a</code>,1,0.0192308
3,&thorn;am,<code>&amp;t;am</code>,1,0.0192308
3,&thorn;egn,<code>&amp;t;egn</code>,1,0.0192308
3,&thorn;onne,<code>&amp;t;onne</code>,1,0.0192308
3,&thorn;ri&thorn;um,<code>&amp;t;ri&amp;t;um</code>,1,0.0192308
3,&thorn;urh,<code>&amp;t;urh</code>,1,0.0192308
3,a&thorn;runten,<code>a&amp;t;runten</code>,1,0.0192308
3,ac,<code>ac</code>,1,0.0192308
3,ar&aelig;red,<code>ar&amp;ae;red</code>,1,0.0192308
3,bi&eth;,<code>bi&amp;d;</code>,1,0.0192308
3,bi&thorn;,<code>bi&amp;t;</code>,1,0.0192308
3,bl&aelig;d,<code>bl&amp;ae;d</code>,1,0.0192308
3,bosme,<code>bosme</code>,1,0.0192308
3,bot,<code>bot</code>,1,0.0192308
3,cyme&eth;,<code>cyme&amp;d;</code>,1,0.0192308
3,eage,<code>eage</code>,1,0.0192308
3,eft,<code>eft</code>,1,0.0192308
3,f&aelig;der,<code>f&amp;ae;der</code>,1,0.0192308
3,felde,<code>felde</code>,1,0.0192308
3,fleah,<code>fleah</code>,1,0.0192308
3,folgade,<code>folgade</code>,1,0.0192308
3,gefered,<code>gefered</code>,1,0.0192308
3,geseah,<code>geseah</code>,1,0.0192308
3,h&aelig;fde,<code>h&amp;ae;fde</code>,1,0.0192308
1,he,<code>he</code>,2,0.0384615
1,him,<code>him</code>,2,0.0384615
3,hindan,<code>hindan</code>,1,0.0192308
3,his,<code>his</code>,1,0.0192308
3,hit,<code>hit</code>,1,0.0192308
3,ic,<code>ic</code>,1,0.0192308
3,in,<code>in</code>,1,0.0192308
3,inna&eth;,<code>inna&amp;d;</code>,1,0.0192308
3,m&aelig;genrofa,<code>m&amp;ae;genrofa</code>,1,0.0192308
3,man,<code>man</code>,1,0.0192308
3,micel,<code>micel</code>,1,0.0192308
3,ne,<code>ne</code>,1,0.0192308
3,o&thorn;rum,<code>o&amp;t;rum</code>,1,0.0192308
3,on,<code>on</code>,1,0.0192308
3,ond,<code>ond</code>,1,0.0192308
3,sceal,<code>sceal</code>,1,0.0192308
3,sunu,<code>sunu</code>,1,0.0192308
3,swylte&eth;,<code>swylte&amp;d;</code>,1,0.0192308
3,sylfa,<code>sylfa</code>,1,0.0192308
3,syllan,<code>syllan</code>,1,0.0192308
3,symle,<code>symle</code>,1,0.0192308
3,w&aelig;s,<code>w&amp;ae;s</code>,1,0.0192308
3,wihte,<code>wihte</code>,1,0.0192308
3,womb,<code>womb</code>,1,0.0192308
3,wyrce&eth;,<code>wyrce&amp;d;</code>,1,0.0192308
