A_Poetry,A03,A03.034.026_Rid_86_T01280.txt,34,32,41
RANK,HTML WORD,RAW WORD,COUNT,RELATIVE FREQUENCY
3,&thorn;&aelig;r,<code>&amp;t;&amp;ae;r</code>,1,0.0243902
3,an,<code>an</code>,1,0.0243902
3,anne,<code>anne</code>,1,0.0243902
3,cwom,<code>cwom</code>,1,0.0243902
3,eage,<code>eage</code>,1,0.0243902
3,earan,<code>earan</code>,1,0.0243902
3,earmas,<code>earmas</code>,1,0.0243902
3,eaxle,<code>eaxle</code>,1,0.0243902
3,fet,<code>fet</code>,1,0.0243902
3,gongan,<code>gongan</code>,1,0.0243902
3,h&aelig;fde,<code>h&amp;ae;fde</code>,1,0.0243902
3,hatte,<code>hatte</code>,1,0.0243902
3,heafda,<code>heafda</code>,1,0.0243902
3,honda,<code>honda</code>,1,0.0243902
3,hrycg,<code>hrycg</code>,1,0.0243902
3,hund,<code>hund</code>,1,0.0243902
3,hw&aelig;t,<code>hw&amp;ae;t</code>,1,0.0243902
3,ic,<code>ic</code>,1,0.0243902
3,ii,<code>ii</code>,1,0.0243902
3,m&aelig;&eth;le,<code>m&amp;ae;&amp;d;le</code>,1,0.0243902
3,mode,<code>mode</code>,1,0.0243902
3,monige,<code>monige</code>,1,0.0243902
3,on,<code>on</code>,1,0.0243902
1,ond,<code>ond</code>,6,0.1463415
3,s&aelig;ton,<code>s&amp;ae;ton</code>,1,0.0243902
3,saga,<code>saga</code>,1,0.0243902
3,sidan,<code>sidan</code>,1,0.0243902
3,snottre,<code>snottre</code>,1,0.0243902
3,sweoran,<code>sweoran</code>,1,0.0243902
2,twa,<code>twa</code>,3,0.0731707
3,weras,<code>weras</code>,1,0.0243902
3,wiht,<code>wiht</code>,1,0.0243902
3,wombe,<code>wombe</code>,1,0.0243902
3,xii,<code>xii</code>,1,0.0243902
