A_Poetry,A03,A03.015_Rim_T00250.txt,390,349,498
RANK,HTML WORD,RAW WORD,COUNT,RELATIVE FREQUENCY
20,&aelig;r,<code>&amp;ae;r</code>,2,0.0040161
42,&aelig;t,<code>&amp;ae;t</code>,1,0.0020080
8,&thorn;&aelig;r,<code>&amp;t;&amp;ae;r</code>,5,0.0100402
42,&thorn;&aelig;re,<code>&amp;t;&amp;ae;re</code>,1,0.0020080
5,&thorn;&aelig;t,<code>&amp;t;&amp;ae;t</code>,7,0.0140562
9,&thorn;a,<code>&amp;t;a</code>,4,0.0080321
42,&thorn;e,<code>&amp;t;e</code>,1,0.0020080
42,&thorn;egnum,<code>&amp;t;egnum</code>,1,0.0020080
42,&thorn;enden,<code>&amp;t;enden</code>,1,0.0020080
42,&thorn;is,<code>&amp;t;is</code>,1,0.0020080
14,&thorn;onne,<code>&amp;t;onne</code>,3,0.0060241
42,&thorn;urh,<code>&amp;t;urh</code>,1,0.0020080
42,&thorn;wite&thorn;,<code>&amp;t;wite&amp;t;</code>,1,0.0020080
42,a&eth;,<code>a&amp;d;</code>,1,0.0020080
42,aa,<code>aa</code>,1,0.0020080
20,ac,<code>ac</code>,2,0.0040161
42,adroren,<code>adroren</code>,1,0.0020080
42,ahte,<code>ahte</code>,1,0.0020080
42,ald,<code>ald</code>,1,0.0020080
42,alegon,<code>alegon</code>,1,0.0020080
42,an,<code>an</code>,1,0.0020080
42,areaht,<code>areaht</code>,1,0.0020080
42,aweaht,<code>aweaht</code>,1,0.0020080
42,balawun,<code>balawun</code>,1,0.0020080
42,bald,<code>bald</code>,1,0.0020080
42,ban,<code>ban</code>,1,0.0020080
42,beacnade,<code>beacnade</code>,1,0.0020080
42,bealofus,<code>bealofus</code>,1,0.0020080
42,becyme&eth;,<code>becyme&amp;d;</code>,1,0.0020080
42,befeold,<code>befeold</code>,1,0.0020080
42,beo&thorn;,<code>beo&amp;t;</code>,1,0.0020080
42,beofode,<code>beofode</code>,1,0.0020080
42,beorht,<code>beorht</code>,1,0.0020080
42,besc&aelig;r,<code>besc&amp;ae;r</code>,1,0.0020080
42,betran,<code>betran</code>,1,0.0020080
42,bi&thorn;,<code>bi&amp;t;</code>,1,0.0020080
42,biglad,<code>biglad</code>,1,0.0020080
42,biscyrede,<code>biscyrede</code>,1,0.0020080
42,bite&eth;,<code>bite&amp;d;</code>,1,0.0020080
42,bitran,<code>bitran</code>,1,0.0020080
42,bittre,<code>bittre</code>,1,0.0020080
42,biwerede,<code>biwerede</code>,1,0.0020080
42,biweredon,<code>biweredon</code>,1,0.0020080
20,bl&aelig;d,<code>bl&amp;ae;d</code>,2,0.0040161
42,bleoum,<code>bleoum</code>,1,0.0020080
42,blinni&eth;,<code>blinni&amp;d;</code>,1,0.0020080
42,blissa,<code>blissa</code>,1,0.0020080
42,blissade,<code>blissade</code>,1,0.0020080
20,blisse,<code>blisse</code>,2,0.0040161
42,blostma,<code>blostma</code>,1,0.0020080
42,borgsorg,<code>borgsorg</code>,1,0.0020080
42,brad,<code>brad</code>,1,0.0020080
42,breostum,<code>breostum</code>,1,0.0020080
42,brondhord,<code>brondhord</code>,1,0.0020080
42,burgsele,<code>burgsele</code>,1,0.0020080
42,byrge&eth;,<code>byrge&amp;d;</code>,1,0.0020080
42,byrne&eth;,<code>byrne&amp;d;</code>,1,0.0020080
42,cinni&eth;,<code>cinni&amp;d;</code>,1,0.0020080
20,cola&eth;,<code>cola&amp;d;</code>,2,0.0040161
42,d&aelig;g,<code>d&amp;ae;g</code>,1,0.0020080
42,d&aelig;ge,<code>d&amp;ae;ge</code>,1,0.0020080
42,deop,<code>deop</code>,1,0.0020080
42,dream,<code>dream</code>,1,0.0020080
42,dreamas,<code>dreamas</code>,1,0.0020080
42,drohta&eth;,<code>drohta&amp;d;</code>,1,0.0020080
42,dryhtlic,<code>dryhtlic</code>,1,0.0020080
42,dryhtscype,<code>dryhtscype</code>,1,0.0020080
42,dynede,<code>dynede</code>,1,0.0020080
42,dyre,<code>dyre</code>,1,0.0020080
42,e&eth;les,<code>e&amp;d;les</code>,1,0.0020080
42,eacnade,<code>eacnade</code>,1,0.0020080
42,ead,<code>ead</code>,1,0.0020080
42,eadig,<code>eadig</code>,1,0.0020080
42,eal,<code>eal</code>,1,0.0020080
42,ealda&thorn;,<code>ealda&amp;t;</code>,1,0.0020080
42,ealdorstol,<code>ealdorstol</code>,1,0.0020080
42,eardes,<code>eardes</code>,1,0.0020080
42,eatole,<code>eatole</code>,1,0.0020080
42,efenpynde,<code>efenpynde</code>,1,0.0020080
20,ellen,<code>ellen</code>,2,0.0040161
42,eor&eth;m&aelig;gen,<code>eor&amp;d;m&amp;ae;gen</code>,1,0.0020080
42,eor&thorn;e,<code>eor&amp;t;e</code>,1,0.0020080
42,f&aelig;gnade,<code>f&amp;ae;gnade</code>,1,0.0020080
42,f&aelig;gre,<code>f&amp;ae;gre</code>,1,0.0020080
42,fealle&eth;,<code>fealle&amp;d;</code>,1,0.0020080
42,feohgiefe,<code>feohgiefe</code>,1,0.0020080
42,feondon,<code>feondon</code>,1,0.0020080
42,feondscipe,<code>feondscipe</code>,1,0.0020080
42,feore,<code>feore</code>,1,0.0020080
42,feredon,<code>feredon</code>,1,0.0020080
42,fl&aelig;sce,<code>fl&amp;ae;sce</code>,1,0.0020080
42,flah,<code>flah</code>,1,0.0020080
42,flahmah,<code>flahmah</code>,1,0.0020080
42,flan,<code>flan</code>,1,0.0020080
42,flanhred,<code>flanhred</code>,1,0.0020080
42,fleah,<code>fleah</code>,1,0.0020080
42,flean,<code>flean</code>,1,0.0020080
42,flite&thorn;,<code>flite&amp;t;</code>,1,0.0020080
42,flyhtum,<code>flyhtum</code>,1,0.0020080
42,folcum,<code>folcum</code>,1,0.0020080
42,foldan,<code>foldan</code>,1,0.0020080
42,foldwela,<code>foldwela</code>,1,0.0020080
42,for,<code>for</code>,1,0.0020080
42,forgeaf,<code>forgeaf</code>,1,0.0020080
42,forgrowen,<code>forgrowen</code>,1,0.0020080
42,forleosa&eth;,<code>forleosa&amp;d;</code>,1,0.0020080
42,fr&aelig;twed,<code>fr&amp;ae;twed</code>,1,0.0020080
42,fr&aelig;twum,<code>fr&amp;ae;twum</code>,1,0.0020080
42,freaum,<code>freaum</code>,1,0.0020080
42,freo&thorn;ode,<code>freo&amp;t;ode</code>,1,0.0020080
42,freolic,<code>freolic</code>,1,0.0020080
42,frite&thorn;,<code>frite&amp;t;</code>,1,0.0020080
42,frodade,<code>frodade</code>,1,0.0020080
42,from,<code>from</code>,1,0.0020080
42,fromum,<code>fromum</code>,1,0.0020080
42,gad,<code>gad</code>,1,0.0020080
42,galdorwordum,<code>galdorwordum</code>,1,0.0020080
42,ge&thorn;ence&eth;,<code>ge&amp;t;ence&amp;d;</code>,1,0.0020080
42,ge&thorn;yge&eth;,<code>ge&amp;t;yge&amp;d;</code>,1,0.0020080
42,ge&thorn;yhte,<code>ge&amp;t;yhte</code>,1,0.0020080
42,gear,<code>gear</code>,1,0.0020080
42,gearwade,<code>gearwade</code>,1,0.0020080
42,geatwum,<code>geatwum</code>,1,0.0020080
42,gebad,<code>gebad</code>,1,0.0020080
20,geblowen,<code>geblowen</code>,2,0.0040161
42,geceosa&eth;,<code>geceosa&amp;d;</code>,1,0.0020080
42,gecynde,<code>gecynde</code>,1,0.0020080
42,gedreosa&eth;,<code>gedreosa&amp;d;</code>,1,0.0020080
42,gefean,<code>gefean</code>,1,0.0020080
42,gefegon,<code>gefegon</code>,1,0.0020080
42,gefest,<code>gefest</code>,1,0.0020080
42,gehloten,<code>gehloten</code>,1,0.0020080
42,gehonge,<code>gehonge</code>,1,0.0020080
42,gehongum,<code>gehongum</code>,1,0.0020080
42,gehreosa&eth;,<code>gehreosa&amp;d;</code>,1,0.0020080
42,gelice,<code>gelice</code>,1,0.0020080
42,gellende,<code>gellende</code>,1,0.0020080
42,gemon,<code>gemon</code>,1,0.0020080
42,gemonge,<code>gemonge</code>,1,0.0020080
42,gemynde,<code>gemynde</code>,1,0.0020080
20,genag,<code>genag</code>,2,0.0040161
20,generede,<code>generede</code>,2,0.0040161
42,generedon,<code>generedon</code>,1,0.0020080
42,gengdon,<code>gengdon</code>,1,0.0020080
42,gerscype,<code>gerscype</code>,1,0.0020080
42,gescad,<code>gescad</code>,1,0.0020080
42,geseon,<code>geseon</code>,1,0.0020080
42,geteoh,<code>geteoh</code>,1,0.0020080
42,getonge,<code>getonge</code>,1,0.0020080
42,gew&aelig;f,<code>gew&amp;ae;f</code>,1,0.0020080
42,gewige&eth;,<code>gewige&amp;d;</code>,1,0.0020080
20,gewite&eth;,<code>gewite&amp;d;</code>,2,0.0040161
42,gewyrht,<code>gewyrht</code>,1,0.0020080
42,giestas,<code>giestas</code>,1,0.0020080
42,gim,<code>gim</code>,1,0.0020080
42,gl&aelig;d,<code>gl&amp;ae;d</code>,1,0.0020080
42,glad,<code>glad</code>,1,0.0020080
42,glengdon,<code>glengdon</code>,1,0.0020080
42,glenged,<code>glenged</code>,1,0.0020080
42,glide&thorn;,<code>glide&amp;t;</code>,1,0.0020080
42,gliwum,<code>gliwum</code>,1,0.0020080
42,god,<code>god</code>,1,0.0020080
42,godade,<code>godade</code>,1,0.0020080
42,gol,<code>gol</code>,1,0.0020080
42,gold,<code>gold</code>,1,0.0020080
42,gomen,<code>gomen</code>,1,0.0020080
42,gongum,<code>gongum</code>,1,0.0020080
20,gr&aelig;f,<code>gr&amp;ae;f</code>,2,0.0040161
42,gr&aelig;fe&thorn;,<code>gr&amp;ae;fe&amp;t;</code>,1,0.0020080
42,gr&aelig;ft,<code>gr&amp;ae;ft</code>,1,0.0020080
42,grete&eth;,<code>grete&amp;d;</code>,1,0.0020080
42,grimme,<code>grimme</code>,1,0.0020080
42,grofe,<code>grofe</code>,1,0.0020080
20,grorn,<code>grorn</code>,2,0.0040161
42,h&aelig;fde,<code>h&amp;ae;fde</code>,1,0.0020080
42,h&aelig;le&thorn;e,<code>h&amp;ae;le&amp;t;e</code>,1,0.0020080
42,had,<code>had</code>,1,0.0020080
42,hafa&eth;,<code>hafa&amp;d;</code>,1,0.0020080
42,halgum,<code>halgum</code>,1,0.0020080
20,he,<code>he</code>,2,0.0040161
42,healle,<code>healle</code>,1,0.0020080
42,heanne,<code>heanne</code>,1,0.0020080
42,hearpe,<code>hearpe</code>,1,0.0020080
42,hente&eth;,<code>hente&amp;d;</code>,1,0.0020080
42,heofona,<code>heofona</code>,1,0.0020080
42,heofsi&thorn;um,<code>heofsi&amp;t;um</code>,1,0.0020080
42,heold,<code>heold</code>,1,0.0020080
9,her,<code>her</code>,4,0.0080321
42,heredon,<code>heredon</code>,1,0.0020080
42,hetes,<code>hetes</code>,1,0.0020080
42,hilde,<code>hilde</code>,1,0.0020080
20,him,<code>him</code>,2,0.0040161
42,hine,<code>hine</code>,1,0.0020080
42,his,<code>his</code>,1,0.0020080
20,hiwum,<code>hiwum</code>,2,0.0040161
42,hleo&thorn;or,<code>hleo&amp;t;or</code>,1,0.0020080
42,hlifade,<code>hlifade</code>,1,0.0020080
42,hlisa,<code>hlisa</code>,1,0.0020080
42,hlude,<code>hlude</code>,1,0.0020080
42,hlynede,<code>hlynede</code>,1,0.0020080
42,hoga&thorn;,<code>hoga&amp;t;</code>,1,0.0020080
42,horsce,<code>horsce</code>,1,0.0020080
42,hre&thorn;er,<code>hre&amp;t;er</code>,1,0.0020080
42,hreoh,<code>hreoh</code>,1,0.0020080
42,hwearfade,<code>hwearfade</code>,1,0.0020080
42,hwite&eth;,<code>hwite&amp;d;</code>,1,0.0020080
42,hygedryht,<code>hygedryht</code>,1,0.0020080
42,hyhtgiefu,<code>hyhtgiefu</code>,1,0.0020080
42,hyhtlic,<code>hyhtlic</code>,1,0.0020080
42,hyhtlice,<code>hyhtlice</code>,1,0.0020080
5,ic,<code>ic</code>,7,0.0140562
1,in,<code>in</code>,13,0.0261044
14,is,<code>is</code>,3,0.0060241
42,lad,<code>lad</code>,1,0.0020080
42,lagustreame,<code>lagustreame</code>,1,0.0020080
42,leahtras,<code>leahtras</code>,1,0.0020080
42,lengdon,<code>lengdon</code>,1,0.0020080
42,leo&thorn;ode,<code>leo&amp;t;ode</code>,1,0.0020080
42,leo&thorn;u,<code>leo&amp;t;u</code>,1,0.0020080
42,leodum,<code>leodum</code>,1,0.0020080
42,leoht,<code>leoht</code>,1,0.0020080
42,leoma,<code>leoma</code>,1,0.0020080
42,lichoma,<code>lichoma</code>,1,0.0020080
20,lif,<code>lif</code>,2,0.0040161
42,lifes,<code>lifes</code>,1,0.0020080
42,lige&eth;,<code>lige&amp;d;</code>,1,0.0020080
42,lima,<code>lima</code>,1,0.0020080
42,linne&eth;,<code>linne&amp;d;</code>,1,0.0020080
42,linni&eth;,<code>linni&amp;d;</code>,1,0.0020080
14,lisse,<code>lisse</code>,3,0.0060241
42,listum,<code>listum</code>,1,0.0020080
42,longe,<code>longe</code>,1,0.0020080
42,longum,<code>longum</code>,1,0.0020080
20,lustum,<code>lustum</code>,2,0.0040161
42,m&aelig;g,<code>m&amp;ae;g</code>,1,0.0020080
42,m&aelig;gen,<code>m&amp;ae;gen</code>,1,0.0020080
42,m&aelig;gnade,<code>m&amp;ae;gnade</code>,1,0.0020080
7,me,<code>me</code>,6,0.0120482
9,mec,<code>mec</code>,4,0.0080321
42,men,<code>men</code>,1,0.0020080
42,mengdon,<code>mengdon</code>,1,0.0020080
42,meotude,<code>meotude</code>,1,0.0020080
42,miclum,<code>miclum</code>,1,0.0020080
42,mid,<code>mid</code>,1,0.0020080
42,miltsa,<code>miltsa</code>,1,0.0020080
14,min,<code>min</code>,3,0.0060241
42,mine,<code>mine</code>,1,0.0020080
42,minsade,<code>minsade</code>,1,0.0020080
42,mis&thorn;ah,<code>mis&amp;t;ah</code>,1,0.0020080
42,mod,<code>mod</code>,1,0.0020080
42,modes,<code>modes</code>,1,0.0020080
42,mon,<code>mon</code>,1,0.0020080
42,moncyn,<code>moncyn</code>,1,0.0020080
42,mor&thorn;a,<code>mor&amp;t;a</code>,1,0.0020080
42,mot,<code>mot</code>,1,0.0020080
42,nan,<code>nan</code>,1,0.0020080
3,ne,<code>ne</code>,9,0.0180723
42,neah,<code>neah</code>,1,0.0020080
42,neaht,<code>neaht</code>,1,0.0020080
42,nearwade,<code>nearwade</code>,1,0.0020080
42,neda,<code>neda</code>,1,0.0020080
42,nefne,<code>nefne</code>,1,0.0020080
42,nihtes,<code>nihtes</code>,1,0.0020080
42,nime&thorn;,<code>nime&amp;t;</code>,1,0.0020080
9,nu,<code>nu</code>,4,0.0080321
42,nydbysgum,<code>nydbysgum</code>,1,0.0020080
42,nydgrapum,<code>nydgrapum</code>,1,0.0020080
42,nyhstan,<code>nyhstan</code>,1,0.0020080
42,o&thorn;&thorn;&aelig;t,<code>o&amp;t;&amp;t;&amp;ae;t</code>,1,0.0020080
42,ofer,<code>ofer</code>,1,0.0020080
42,ofer&thorn;eaht,<code>ofer&amp;t;eaht</code>,1,0.0020080
42,ofoll,<code>ofoll</code>,1,0.0020080
42,ofonn,<code>ofonn</code>,1,0.0020080
20,oft,<code>oft</code>,2,0.0040161
42,oftor,<code>oftor</code>,1,0.0020080
42,ol,<code>ol</code>,1,0.0020080
42,on,<code>on</code>,1,0.0020080
42,onconn,<code>onconn</code>,1,0.0020080
3,ond,<code>ond</code>,9,0.0180723
42,onginne&eth;,<code>onginne&amp;d;</code>,1,0.0020080
42,onlah,<code>onlah</code>,1,0.0020080
42,onspreht,<code>onspreht</code>,1,0.0020080
20,onwrah,<code>onwrah</code>,2,0.0040161
42,r&aelig;dm&aelig;gne,<code>r&amp;ae;dm&amp;ae;gne</code>,1,0.0020080
42,rad,<code>rad</code>,1,0.0020080
42,rice,<code>rice</code>,1,0.0020080
42,rinc,<code>rinc</code>,1,0.0020080
42,roderum,<code>roderum</code>,1,0.0020080
42,rof,<code>rof</code>,1,0.0020080
42,rot,<code>rot</code>,1,0.0020080
42,s&aelig;ge,<code>s&amp;ae;ge</code>,1,0.0020080
42,sar,<code>sar</code>,1,0.0020080
42,scealcas,<code>scealcas</code>,1,0.0020080
42,scearpe,<code>scearpe</code>,1,0.0020080
42,sceoh,<code>sceoh</code>,1,0.0020080
42,scrad,<code>scrad</code>,1,0.0020080
42,scri&thorn;e&eth;,<code>scri&amp;t;e&amp;d;</code>,1,0.0020080
42,scrifen,<code>scrifen</code>,1,0.0020080
42,scyl,<code>scyl</code>,1,0.0020080
42,scyldum,<code>scyldum</code>,1,0.0020080
42,scyndan,<code>scyndan</code>,1,0.0020080
42,scynde&eth;,<code>scynde&amp;d;</code>,1,0.0020080
9,se,<code>se</code>,4,0.0080321
42,searofearo,<code>searofearo</code>,1,0.0020080
42,searohwit,<code>searohwit</code>,1,0.0020080
42,searwade,<code>searwade</code>,1,0.0020080
42,secgas,<code>secgas</code>,1,0.0020080
42,segon,<code>segon</code>,1,0.0020080
42,sele,<code>sele</code>,1,0.0020080
42,sende&thorn;,<code>sende&amp;t;</code>,1,0.0020080
14,seo,<code>seo</code>,3,0.0060241
42,sib,<code>sib</code>,1,0.0020080
20,sibbe,<code>sibbe</code>,2,0.0040161
42,sida&eth;,<code>sida&amp;d;</code>,1,0.0020080
42,sinc,<code>sinc</code>,1,0.0020080
42,sincgew&aelig;ge,<code>sincgew&amp;ae;ge</code>,1,0.0020080
42,sindon,<code>sindon</code>,1,0.0020080
42,singryn,<code>singryn</code>,1,0.0020080
42,sinni&thorn;,<code>sinni&amp;t;</code>,1,0.0020080
42,slite&eth;,<code>slite&amp;d;</code>,1,0.0020080
42,smite&thorn;,<code>smite&amp;t;</code>,1,0.0020080
42,sner,<code>sner</code>,1,0.0020080
42,so&eth;ne,<code>so&amp;d;ne</code>,1,0.0020080
42,sola&thorn;,<code>sola&amp;t;</code>,1,0.0020080
42,sorgum,<code>sorgum</code>,1,0.0020080
42,sta&thorn;ol&aelig;htum,<code>sta&amp;t;ol&amp;ae;htum</code>,1,0.0020080
42,steapum,<code>steapum</code>,1,0.0020080
42,steold,<code>steold</code>,1,0.0020080
42,stepegongum,<code>stepegongum</code>,1,0.0020080
42,stund,<code>stund</code>,1,0.0020080
42,sumurhat,<code>sumurhat</code>,1,0.0020080
14,swa,<code>swa</code>,3,0.0060241
42,sweglrad,<code>sweglrad</code>,1,0.0020080
42,swence&eth;,<code>swence&amp;d;</code>,1,0.0020080
42,swi&thorn;e,<code>swi&amp;t;e</code>,1,0.0020080
42,swinsade,<code>swinsade</code>,1,0.0020080
42,swylce,<code>swylce</code>,1,0.0020080
42,symbel,<code>symbel</code>,1,0.0020080
42,synne,<code>synne</code>,1,0.0020080
42,tan,<code>tan</code>,1,0.0020080
42,teala,<code>teala</code>,1,0.0020080
42,telgade,<code>telgade</code>,1,0.0020080
42,tillice,<code>tillice</code>,1,0.0020080
42,tinne&eth;,<code>tinne&amp;d;</code>,1,0.0020080
42,tir,<code>tir</code>,1,0.0020080
42,tirum,<code>tirum</code>,1,0.0020080
20,to,<code>to</code>,2,0.0040161
42,toflowen,<code>toflowen</code>,1,0.0020080
42,torhte,<code>torhte</code>,1,0.0020080
42,torn,<code>torn</code>,1,0.0020080
42,toyrne&eth;,<code>toyrne&amp;d;</code>,1,0.0020080
42,trag,<code>trag</code>,1,0.0020080
42,treow,<code>treow</code>,1,0.0020080
42,treow&thorn;rag,<code>treow&amp;t;rag</code>,1,0.0020080
42,under,<code>under</code>,1,0.0020080
42,ungrynde,<code>ungrynde</code>,1,0.0020080
42,untrume,<code>untrume</code>,1,0.0020080
42,uton,<code>uton</code>,1,0.0020080
42,w&aelig;gon,<code>w&amp;ae;gon</code>,1,0.0020080
42,w&aelig;lgar,<code>w&amp;ae;lgar</code>,1,0.0020080
42,w&aelig;r,<code>w&amp;ae;r</code>,1,0.0020080
42,w&aelig;ron,<code>w&amp;ae;ron</code>,1,0.0020080
2,w&aelig;s,<code>w&amp;ae;s</code>,11,0.0220884
42,w&aelig;stmum,<code>w&amp;ae;stmum</code>,1,0.0020080
42,wealle&eth;,<code>wealle&amp;d;</code>,1,0.0020080
42,welgade,<code>welgade</code>,1,0.0020080
42,wende&thorn;,<code>wende&amp;t;</code>,1,0.0020080
42,wennan,<code>wennan</code>,1,0.0020080
42,wenne,<code>wenne</code>,1,0.0020080
42,weold,<code>weold</code>,1,0.0020080
42,weord,<code>weord</code>,1,0.0020080
42,wercyn,<code>wercyn</code>,1,0.0020080
42,werig,<code>werig</code>,1,0.0020080
42,wicg,<code>wicg</code>,1,0.0020080
42,widsi&eth;,<code>widsi&amp;d;</code>,1,0.0020080
42,wilbec,<code>wilbec</code>,1,0.0020080
42,winne&eth;,<code>winne&amp;d;</code>,1,0.0020080
42,wist,<code>wist</code>,1,0.0020080
42,wommum,<code>wommum</code>,1,0.0020080
42,wongum,<code>wongum</code>,1,0.0020080
20,world,<code>world</code>,2,0.0040161
42,wr&aelig;cf&aelig;c,<code>wr&amp;ae;cf&amp;ae;c</code>,1,0.0020080
42,wra&thorn;,<code>wra&amp;t;</code>,1,0.0020080
42,wri&thorn;a&eth;,<code>wri&amp;t;a&amp;d;</code>,1,0.0020080
42,wuldre,<code>wuldre</code>,1,0.0020080
42,wuniendo,<code>wuniendo</code>,1,0.0020080
42,wynne,<code>wynne</code>,1,0.0020080
42,wyrd,<code>wyrd</code>,1,0.0020080
42,wyrde,<code>wyrde</code>,1,0.0020080
42,wyrm,<code>wyrm</code>,1,0.0020080
