A_Poetry,A03,A03.022.031_Rid_31_T00620.txt,111,95,137
RANK,HTML WORD,RAW WORD,COUNT,RELATIVE FREQUENCY
17,&aelig;r,<code>&amp;ae;r</code>,1,0.0072993
6,&aelig;t,<code>&amp;ae;t</code>,2,0.0145985
17,&thorn;&aelig;r,<code>&amp;t;&amp;ae;r</code>,1,0.0072993
17,&thorn;&aelig;s,<code>&amp;t;&amp;ae;s</code>,1,0.0072993
17,&thorn;e,<code>&amp;t;e</code>,1,0.0072993
17,&thorn;es,<code>&amp;t;es</code>,1,0.0072993
17,&thorn;ige&eth;,<code>&amp;t;ige&amp;d;</code>,1,0.0072993
17,&thorn;ince&eth;,<code>&amp;t;ince&amp;d;</code>,1,0.0072993
17,&thorn;ing,<code>&amp;t;ing</code>,1,0.0072993
17,&thorn;onne,<code>&amp;t;onne</code>,1,0.0072993
17,&thorn;urh,<code>&amp;t;urh</code>,1,0.0072993
17,b&aelig;r,<code>b&amp;ae;r</code>,1,0.0072993
17,beagum,<code>beagum</code>,1,0.0072993
17,beornas,<code>beornas</code>,1,0.0072993
17,bide&thorn;,<code>bide&amp;t;</code>,1,0.0072993
17,blisse,<code>blisse</code>,1,0.0072993
17,bro&thorn;or,<code>bro&amp;t;or</code>,1,0.0072993
17,cr&aelig;ft,<code>cr&amp;ae;ft</code>,1,0.0072993
17,cr&aelig;ftum,<code>cr&amp;ae;ftum</code>,1,0.0072993
17,cy&thorn;an,<code>cy&amp;t;an</code>,1,0.0072993
17,cyrre&eth;,<code>cyrre&amp;d;</code>,1,0.0072993
17,deall,<code>deall</code>,1,0.0072993
17,deor,<code>deor</code>,1,0.0072993
17,domes,<code>domes</code>,1,0.0072993
17,dumb,<code>dumb</code>,1,0.0072993
17,eorlum,<code>eorlum</code>,1,0.0072993
17,f&aelig;ger,<code>f&amp;ae;ger</code>,1,0.0072993
17,fe&thorn;egeorn,<code>fe&amp;t;egeorn</code>,1,0.0072993
17,fela,<code>fela</code>,1,0.0072993
17,fet,<code>fet</code>,1,0.0072993
17,fleogan,<code>fleogan</code>,1,0.0072993
17,folme,<code>folme</code>,1,0.0072993
17,fot,<code>fot</code>,1,0.0072993
17,fote,<code>fote</code>,1,0.0072993
17,fr&aelig;twed,<code>fr&amp;ae;twed</code>,1,0.0072993
17,fremman,<code>fremman</code>,1,0.0072993
17,fugele,<code>fugele</code>,1,0.0072993
17,gecoren,<code>gecoren</code>,1,0.0072993
17,gefr&aelig;twad,<code>gefr&amp;ae;twad</code>,1,0.0072993
17,gelice,<code>gelice</code>,1,0.0072993
17,gelome,<code>gelome</code>,1,0.0072993
6,gemonge,<code>gemonge</code>,2,0.0145985
17,geneahhe,<code>geneahhe</code>,1,0.0072993
17,georn,<code>georn</code>,1,0.0072993
17,gewlitegad,<code>gewlitegad</code>,1,0.0072993
17,gongan,<code>gongan</code>,1,0.0072993
17,h&aelig;fde,<code>h&amp;ae;fde</code>,1,0.0072993
17,habba&eth;,<code>habba&amp;d;</code>,1,0.0072993
17,hafa&eth;,<code>hafa&amp;d;</code>,1,0.0072993
17,halse,<code>halse</code>,1,0.0072993
6,heo,<code>heo</code>,2,0.0145985
17,him,<code>him</code>,1,0.0072993
6,hio,<code>hio</code>,2,0.0145985
17,hleo&thorn;or,<code>hleo&amp;t;or</code>,1,0.0072993
17,hord,<code>hord</code>,1,0.0072993
17,hu,<code>hu</code>,1,0.0072993
4,hw&aelig;&thorn;re,<code>hw&amp;ae;&amp;t;re</code>,3,0.0218978
17,hw&aelig;t,<code>hw&amp;ae;t</code>,1,0.0072993
17,hwonne,<code>hwonne</code>,1,0.0072993
17,hycgenne,<code>hycgenne</code>,1,0.0072993
2,hyre,<code>hyre</code>,4,0.0291971
17,hyrstum,<code>hyrstum</code>,1,0.0072993
17,ic,<code>ic</code>,1,0.0072993
4,is,<code>is</code>,3,0.0218978
17,lacan,<code>lacan</code>,1,0.0072993
6,m&aelig;g,<code>m&amp;ae;g</code>,2,0.0145985
17,m&aelig;ge,<code>m&amp;ae;ge</code>,1,0.0072993
17,m&aelig;gne,<code>m&amp;ae;gne</code>,1,0.0072993
17,me,<code>me</code>,1,0.0072993
17,micel,<code>micel</code>,1,0.0072993
17,mid,<code>mid</code>,1,0.0072993
17,middangeard,<code>middangeard</code>,1,0.0072993
17,missenlicum,<code>missenlicum</code>,1,0.0072993
17,mote,<code>mote</code>,1,0.0072993
6,ne,<code>ne</code>,2,0.0145985
17,neb,<code>neb</code>,1,0.0072993
17,neo&thorn;an,<code>neo&amp;t;an</code>,1,0.0072993
17,ni&thorn;erweard,<code>ni&amp;t;erweard</code>,1,0.0072993
17,no,<code>no</code>,1,0.0072993
17,nower,<code>nower</code>,1,0.0072993
17,oft,<code>oft</code>,1,0.0072993
1,on,<code>on</code>,6,0.0437956
6,ond,<code>ond</code>,2,0.0145985
17,onginne&eth;,<code>onginne&amp;d;</code>,1,0.0072993
17,r&aelig;cede,<code>r&amp;ae;cede</code>,1,0.0072993
17,s&aelig;les,<code>s&amp;ae;les</code>,1,0.0072993
17,seah,<code>seah</code>,1,0.0072993
17,sellic,<code>sellic</code>,1,0.0072993
17,seo,<code>seo</code>,1,0.0072993
17,sie,<code>sie</code>,1,0.0072993
17,sine,<code>sine</code>,1,0.0072993
17,singan,<code>singan</code>,1,0.0072993
6,sio,<code>sio</code>,2,0.0145985
17,site&eth;,<code>site&amp;d;</code>,1,0.0072993
17,symble,<code>symble</code>,1,0.0072993
17,to,<code>to</code>,1,0.0072993
6,w&aelig;s,<code>w&amp;ae;s</code>,2,0.0145985
17,w&aelig;stum,<code>w&amp;ae;stum</code>,1,0.0072993
17,wara&eth;,<code>wara&amp;d;</code>,1,0.0072993
6,werum,<code>werum</code>,2,0.0145985
2,wiht,<code>wiht</code>,4,0.0291971
6,wisum,<code>wisum</code>,2,0.0145985
17,wo&eth;boran,<code>wo&amp;d;boran</code>,1,0.0072993
17,wo&eth;giefu,<code>wo&amp;d;giefu</code>,1,0.0072993
17,wonge,<code>wonge</code>,1,0.0072993
17,wordum,<code>wordum</code>,1,0.0072993
17,wr&aelig;tlic,<code>wr&amp;ae;tlic</code>,1,0.0072993
17,wr&aelig;ttum,<code>wr&amp;ae;ttum</code>,1,0.0072993
17,wuna&eth;,<code>wuna&amp;d;</code>,1,0.0072993
17,wundorlicran,<code>wundorlicran</code>,1,0.0072993
17,wynlicu,<code>wynlicu</code>,1,0.0072993
