A_Poetry,A03,A03.034.022_Rid_82_T01240.txt,14,14,14
RANK,HTML WORD,RAW WORD,COUNT,RELATIVE FREQUENCY
1,e&eth;,<code>e&amp;d;</code>,1,0.0714286
1,fell,<code>fell</code>,1,0.0714286
1,fl&aelig;sc,<code>fl&amp;ae;sc</code>,1,0.0714286
1,fotum,<code>fotum</code>,1,0.0714286
1,gehwam,<code>gehwam</code>,1,0.0714286
1,gong,<code>gong</code>,1,0.0714286
1,gongende,<code>gongende</code>,1,0.0714286
1,greate,<code>greate</code>,1,0.0714286
1,is,<code>is</code>,1,0.0714286
1,m&aelig;la,<code>m&amp;ae;la</code>,1,0.0714286
1,ne,<code>ne</code>,1,0.0714286
1,sceal,<code>sceal</code>,1,0.0714286
1,swilge&eth;,<code>swilge&amp;d;</code>,1,0.0714286
1,wiht,<code>wiht</code>,1,0.0714286
