A_Poetry,A03,A03.022.042_Rid_42_T00730.txt,81,75,88
RANK,HTML WORD,RAW WORD,COUNT,RELATIVE FREQUENCY
7,&aelig;sc,<code>&amp;ae;sc</code>,1,0.0113636
7,&aelig;t,<code>&amp;ae;t</code>,1,0.0113636
7,&aelig;tsomne,<code>&amp;ae;tsomne</code>,1,0.0113636
7,&thorn;&aelig;r,<code>&amp;t;&amp;ae;r</code>,1,0.0113636
2,&thorn;&aelig;s,<code>&amp;t;&amp;ae;s</code>,2,0.0227273
1,&thorn;a,<code>&amp;t;a</code>,3,0.0340909
7,&thorn;am,<code>&amp;t;am</code>,1,0.0113636
7,&thorn;ara,<code>&amp;t;ara</code>,1,0.0113636
2,&thorn;e,<code>&amp;t;e</code>,2,0.0227273
7,&thorn;urh,<code>&amp;t;urh</code>,1,0.0113636
7,acas,<code>acas</code>,1,0.0113636
2,an,<code>an</code>,2,0.0227273
7,anfeng,<code>anfeng</code>,1,0.0113636
7,bec,<code>bec</code>,1,0.0113636
7,bega,<code>bega</code>,1,0.0113636
7,bewrigene,<code>bewrigene</code>,1,0.0113636
7,c&aelig;gan,<code>c&amp;ae;gan</code>,1,0.0113636
7,clamme,<code>clamme</code>,1,0.0113636
7,cr&aelig;fte,<code>cr&amp;ae;fte</code>,1,0.0113636
7,f&aelig;mne,<code>f&amp;ae;mne</code>,1,0.0113636
7,flette,<code>flette</code>,1,0.0113636
7,fyllo,<code>fyllo</code>,1,0.0113636
7,gif,<code>gif</code>,1,0.0113636
7,h&aelig;gelas,<code>h&amp;ae;gelas</code>,1,0.0113636
7,h&aelig;medlaces,<code>h&amp;ae;medlaces</code>,1,0.0113636
7,hatne,<code>hatne</code>,1,0.0113636
7,heanmode,<code>heanmode</code>,1,0.0113636
7,heold,<code>heold</code>,1,0.0113636
7,heortan,<code>heortan</code>,1,0.0113636
7,hordgates,<code>hordgates</code>,1,0.0113636
7,hu,<code>hu</code>,1,0.0113636
7,hwitloc,<code>hwitloc</code>,1,0.0113636
7,hwylc,<code>hwylc</code>,1,0.0113636
7,hygef&aelig;ste,<code>hygef&amp;ae;ste</code>,1,0.0113636
2,ic,<code>ic</code>,2,0.0227273
7,is,<code>is</code>,1,0.0113636
7,linan,<code>linan</code>,1,0.0113636
7,m&aelig;g,<code>m&amp;ae;g</code>,1,0.0113636
7,mid,<code>mid</code>,1,0.0113636
7,naman,<code>naman</code>,1,0.0113636
7,nu,<code>nu</code>,1,0.0113636
7,nyd,<code>nyd</code>,1,0.0113636
7,o&thorn;er,<code>o&amp;t;er</code>,1,0.0113636
7,on,<code>on</code>,1,0.0113636
7,ond,<code>ond</code>,1,0.0113636
7,onleac,<code>onleac</code>,1,0.0113636
7,or&thorn;oncbendum,<code>or&amp;t;oncbendum</code>,1,0.0113636
7,plegan,<code>plegan</code>,1,0.0113636
7,r&aelig;dellan,<code>r&amp;ae;dellan</code>,1,0.0113636
7,rincum,<code>rincum</code>,1,0.0113636
7,runstafas,<code>runstafas</code>,1,0.0113636
7,rynemenn,<code>rynemenn</code>,1,0.0113636
7,sceal,<code>sceal</code>,1,0.0113636
7,se,<code>se</code>,1,0.0113636
7,seah,<code>seah</code>,1,0.0113636
7,secgan,<code>secgan</code>,1,0.0113636
7,sindon,<code>sindon</code>,1,0.0113636
7,some,<code>some</code>,1,0.0113636
7,speow,<code>speow</code>,1,0.0113636
7,swa,<code>swa</code>,1,0.0113636
7,torhta,<code>torhta</code>,1,0.0113636
2,twa,<code>twa</code>,2,0.0227273
7,twega,<code>twega</code>,1,0.0113636
7,twegen,<code>twegen</code>,1,0.0113636
7,undearnunga,<code>undearnunga</code>,1,0.0113636
7,under,<code>under</code>,1,0.0113636
7,undyrne,<code>undyrne</code>,1,0.0113636
7,us,<code>us</code>,1,0.0113636
7,ute,<code>ute</code>,1,0.0113636
7,w&aelig;dum,<code>w&amp;ae;dum</code>,1,0.0113636
7,weorces,<code>weorces</code>,1,0.0113636
7,werum,<code>werum</code>,1,0.0113636
7,wesan,<code>wesan</code>,1,0.0113636
7,wi&eth;,<code>wi&amp;d;</code>,1,0.0113636
7,wihta,<code>wihta</code>,1,0.0113636
7,wihte,<code>wihte</code>,1,0.0113636
7,wine,<code>wine</code>,1,0.0113636
7,witan,<code>witan</code>,1,0.0113636
7,wlanc,<code>wlanc</code>,1,0.0113636
7,wr&aelig;tlice,<code>wr&amp;ae;tlice</code>,1,0.0113636
7,wyhte,<code>wyhte</code>,1,0.0113636
