A_Poetry,A03,A03.022.011_Rid_11_T00420.txt,52,49,55
RANK,HTML WORD,RAW WORD,COUNT,RELATIVE FREQUENCY
4,&aelig;r,<code>&amp;ae;r</code>,1,0.0181818
1,&thorn;&aelig;s,<code>&amp;t;&amp;ae;s</code>,2,0.0363636
4,&thorn;&aelig;t,<code>&amp;t;&amp;ae;t</code>,1,0.0181818
4,&thorn;eawes,<code>&amp;t;eawes</code>,1,0.0181818
4,beorhte,<code>beorhte</code>,1,0.0181818
4,bestolene,<code>bestolene</code>,1,0.0181818
4,bringa&eth;,<code>bringa&amp;d;</code>,1,0.0181818
4,d&aelig;de,<code>d&amp;ae;de</code>,1,0.0181818
4,deora&thorn;,<code>deora&amp;t;</code>,1,0.0181818
4,deorast,<code>deorast</code>,1,0.0181818
4,dole,<code>dole</code>,1,0.0181818
4,dwelle,<code>dwelle</code>,1,0.0181818
4,dysge,<code>dysge</code>,1,0.0181818
4,fore,<code>fore</code>,1,0.0181818
4,gedwolene,<code>gedwolene</code>,1,0.0181818
4,gehwam,<code>gehwam</code>,1,0.0181818
4,gem&aelig;dde,<code>gem&amp;ae;dde</code>,1,0.0181818
4,geswica&thorn;,<code>geswica&amp;t;</code>,1,0.0181818
4,gif,<code>gif</code>,1,0.0181818
4,hasofag,<code>hasofag</code>,1,0.0181818
4,heah,<code>heah</code>,1,0.0181818
4,heo,<code>heo</code>,1,0.0181818
4,hi,<code>hi</code>,1,0.0181818
4,him,<code>him</code>,1,0.0181818
4,horda,<code>horda</code>,1,0.0181818
4,hr&aelig;gl,<code>hr&amp;ae;gl</code>,1,0.0181818
4,hwette,<code>hwette</code>,1,0.0181818
4,hyrste,<code>hyrste</code>,1,0.0181818
1,ic,<code>ic</code>,2,0.0363636
4,is,<code>is</code>,1,0.0181818
4,min,<code>min</code>,1,0.0181818
4,mine,<code>mine</code>,1,0.0181818
4,minum,<code>minum</code>,1,0.0181818
4,mode,<code>mode</code>,1,0.0181818
4,ne,<code>ne</code>,1,0.0181818
4,nowiht,<code>nowiht</code>,1,0.0181818
4,nyttre,<code>nyttre</code>,1,0.0181818
4,o&thorn;rum,<code>o&amp;t;rum</code>,1,0.0181818
4,on,<code>on</code>,1,0.0181818
1,ond,<code>ond</code>,2,0.0363636
4,reade,<code>reade</code>,1,0.0181818
4,reafe,<code>reafe</code>,1,0.0181818
4,scire,<code>scire</code>,1,0.0181818
4,si&thorn;&thorn;an,<code>si&amp;t;&amp;t;an</code>,1,0.0181818
4,styre,<code>styre</code>,1,0.0181818
4,swa,<code>swa</code>,1,0.0181818
4,unr&aelig;des,<code>unr&amp;ae;des</code>,1,0.0181818
4,unr&aelig;dsi&thorn;as,<code>unr&amp;ae;dsi&amp;t;as</code>,1,0.0181818
4,wa,<code>wa</code>,1,0.0181818
4,wat,<code>wat</code>,1,0.0181818
4,wisan,<code>wisan</code>,1,0.0181818
4,won,<code>won</code>,1,0.0181818
