A_Poetry,A03,A03.022.047_Rid_47_T00780.txt,38,37,40
RANK,HTML WORD,RAW WORD,COUNT,RELATIVE FREQUENCY
2,&thorn;&aelig;s,<code>&amp;t;&amp;ae;s</code>,1,0.0250000
1,&thorn;&aelig;t,<code>&amp;t;&amp;ae;t</code>,3,0.0750000
2,&thorn;a,<code>&amp;t;a</code>,1,0.0250000
2,&thorn;am,<code>&amp;t;am</code>,1,0.0250000
2,&thorn;e,<code>&amp;t;e</code>,1,0.0250000
2,&thorn;eof,<code>&amp;t;eof</code>,1,0.0250000
2,&thorn;rymf&aelig;stne,<code>&amp;t;rymf&amp;ae;stne</code>,1,0.0250000
2,&thorn;uhte,<code>&amp;t;uhte</code>,1,0.0250000
2,&thorn;y,<code>&amp;t;y</code>,1,0.0250000
2,&thorn;ystro,<code>&amp;t;ystro</code>,1,0.0250000
2,cwide,<code>cwide</code>,1,0.0250000
2,forswealg,<code>forswealg</code>,1,0.0250000
2,fr&aelig;t,<code>fr&amp;ae;t</code>,1,0.0250000
2,gefr&aelig;gn,<code>gefr&amp;ae;gn</code>,1,0.0250000
2,gied,<code>gied</code>,1,0.0250000
2,gleawra,<code>gleawra</code>,1,0.0250000
2,he,<code>he</code>,1,0.0250000
2,ic,<code>ic</code>,1,0.0250000
2,in,<code>in</code>,1,0.0250000
2,me,<code>me</code>,1,0.0250000
2,mo&eth;&eth;e,<code>mo&amp;d;&amp;d;e</code>,1,0.0250000
2,ne,<code>ne</code>,1,0.0250000
2,ond,<code>ond</code>,1,0.0250000
2,se,<code>se</code>,1,0.0250000
2,st&aelig;lgiest,<code>st&amp;ae;lgiest</code>,1,0.0250000
2,sta&thorn;ol,<code>sta&amp;t;ol</code>,1,0.0250000
2,strangan,<code>strangan</code>,1,0.0250000
2,sumes,<code>sumes</code>,1,0.0250000
2,swealg,<code>swealg</code>,1,0.0250000
2,w&aelig;s,<code>w&amp;ae;s</code>,1,0.0250000
2,wera,<code>wera</code>,1,0.0250000
2,wihte,<code>wihte</code>,1,0.0250000
2,word,<code>word</code>,1,0.0250000
2,wordum,<code>wordum</code>,1,0.0250000
2,wr&aelig;tlicu,<code>wr&amp;ae;tlicu</code>,1,0.0250000
2,wundor,<code>wundor</code>,1,0.0250000
2,wyrd,<code>wyrd</code>,1,0.0250000
2,wyrm,<code>wyrm</code>,1,0.0250000
