A_Poetry,A03,A03.022.044_Rid_44_T00750.txt,40,38,42
RANK,HTML WORD,RAW WORD,COUNT,RELATIVE FREQUENCY
3,&aelig;r,<code>&amp;ae;r</code>,1,0.0238095
1,&thorn;&aelig;t,<code>&amp;t;&amp;ae;t</code>,2,0.0476190
3,&thorn;eo,<code>&amp;t;eo</code>,1,0.0238095
3,&thorn;onne,<code>&amp;t;onne</code>,1,0.0238095
3,&thorn;yrel,<code>&amp;t;yrel</code>,1,0.0238095
3,agen,<code>agen</code>,1,0.0238095
3,bi,<code>bi</code>,1,0.0238095
3,bi&eth;,<code>bi&amp;d;</code>,1,0.0238095
3,cneo,<code>cneo</code>,1,0.0238095
3,cu&thorn;e,<code>cu&amp;t;e</code>,1,0.0238095
3,efenlang,<code>efenlang</code>,1,0.0238095
3,esne,<code>esne</code>,1,0.0238095
3,foran,<code>foran</code>,1,0.0238095
3,frean,<code>frean</code>,1,0.0238095
3,gefylde,<code>gefylde</code>,1,0.0238095
3,godne,<code>godne</code>,1,0.0238095
3,gretan,<code>gretan</code>,1,0.0238095
3,hafa&eth;,<code>hafa&amp;d;</code>,1,0.0238095
3,hangellan,<code>hangellan</code>,1,0.0238095
3,he,<code>he</code>,1,0.0238095
3,heafde,<code>heafde</code>,1,0.0238095
3,heard,<code>heard</code>,1,0.0238095
3,hefe&eth;,<code>hefe&amp;d;</code>,1,0.0238095
1,his,<code>his</code>,2,0.0476190
3,hol,<code>hol</code>,1,0.0238095
3,honga&eth;,<code>honga&amp;d;</code>,1,0.0238095
3,hr&aelig;gl,<code>hr&amp;ae;gl</code>,1,0.0238095
3,is,<code>is</code>,1,0.0238095
3,mid,<code>mid</code>,1,0.0238095
3,ofer,<code>ofer</code>,1,0.0238095
3,oft,<code>oft</code>,1,0.0238095
3,ond,<code>ond</code>,1,0.0238095
3,sceate,<code>sceate</code>,1,0.0238095
3,se,<code>se</code>,1,0.0238095
3,stede,<code>stede</code>,1,0.0238095
3,sti&thorn;,<code>sti&amp;t;</code>,1,0.0238095
3,under,<code>under</code>,1,0.0238095
3,weres,<code>weres</code>,1,0.0238095
3,wile,<code>wile</code>,1,0.0238095
3,wr&aelig;tlic,<code>wr&amp;ae;tlic</code>,1,0.0238095
