A_Poetry,A03,A03.022.017_Rid_17_T00480.txt,51,47,55
RANK,HTML WORD,RAW WORD,COUNT,RELATIVE FREQUENCY
1,&thorn;&aelig;t,<code>&amp;t;&amp;ae;t</code>,2,0.0363636
5,&thorn;urh,<code>&amp;t;urh</code>,1,0.0181818
5,&thorn;y,<code>&amp;t;y</code>,1,0.0181818
5,attorsperum,<code>attorsperum</code>,1,0.0181818
5,beadow&aelig;pnum,<code>beadow&amp;ae;pnum</code>,1,0.0181818
5,bi&thorn;,<code>bi&amp;t;</code>,1,0.0181818
5,bihealde&eth;,<code>bihealde&amp;d;</code>,1,0.0181818
5,bitrum,<code>bitrum</code>,1,0.0181818
5,brunum,<code>brunum</code>,1,0.0181818
5,d&aelig;gtidum,<code>d&amp;ae;gtidum</code>,1,0.0181818
5,deore,<code>deore</code>,1,0.0181818
5,dryhtgestreona,<code>dryhtgestreona</code>,1,0.0181818
5,eglum,<code>eglum</code>,1,0.0181818
5,eodorwirum,<code>eodorwirum</code>,1,0.0181818
5,eom,<code>eom</code>,1,0.0181818
5,f&aelig;st,<code>f&amp;ae;st</code>,1,0.0181818
5,fare&eth;,<code>fare&amp;d;</code>,1,0.0181818
5,fleoga&eth;,<code>fleoga&amp;d;</code>,1,0.0181818
5,frea,<code>frea</code>,1,0.0181818
5,fylle,<code>fylle</code>,1,0.0181818
5,gefylled,<code>gefylled</code>,1,0.0181818
5,gemunan,<code>gemunan</code>,1,0.0181818
5,heorde,<code>heorde</code>,1,0.0181818
5,hrife,<code>hrife</code>,1,0.0181818
5,hu,<code>hu</code>,1,0.0181818
5,hwilum,<code>hwilum</code>,1,0.0181818
5,hyldepilas,<code>hyldepilas</code>,1,0.0181818
1,ic,<code>ic</code>,2,0.0363636
5,inna&eth;,<code>inna&amp;d;</code>,1,0.0181818
5,innan,<code>innan</code>,1,0.0181818
5,is,<code>is</code>,1,0.0181818
5,mare,<code>mare</code>,1,0.0181818
1,me,<code>me</code>,2,0.0363636
5,men,<code>men</code>,1,0.0181818
5,min,<code>min</code>,1,0.0181818
1,minre,<code>minre</code>,2,0.0363636
5,mu&thorn;,<code>mu&amp;t;</code>,1,0.0181818
5,mundbora,<code>mundbora</code>,1,0.0181818
5,of,<code>of</code>,1,0.0181818
5,oft,<code>oft</code>,1,0.0181818
5,onginne,<code>onginne</code>,1,0.0181818
5,ordum,<code>ordum</code>,1,0.0181818
5,sp&aelig;te,<code>sp&amp;ae;te</code>,1,0.0181818
5,sped,<code>sped</code>,1,0.0181818
5,sperebrogan,<code>sperebrogan</code>,1,0.0181818
5,sweartum,<code>sweartum</code>,1,0.0181818
5,swelgan,<code>swelgan</code>,1,0.0181818
5,til,<code>til</code>,1,0.0181818
5,wlitig,<code>wlitig</code>,1,0.0181818
5,wloncum,<code>wloncum</code>,1,0.0181818
5,wombhord,<code>wombhord</code>,1,0.0181818
