A_Poetry,A03,A03.022.006_Rid_6_T00370.txt,52,47,61
RANK,HTML WORD,RAW WORD,COUNT,RELATIVE FREQUENCY
6,&aelig;r,<code>&amp;ae;r</code>,1,0.0163934
2,&thorn;&aelig;s,<code>&amp;t;&amp;ae;s</code>,2,0.0327869
6,&thorn;a,<code>&amp;t;a</code>,1,0.0163934
6,&thorn;eah,<code>&amp;t;eah</code>,1,0.0163934
2,&thorn;onne,<code>&amp;t;onne</code>,2,0.0327869
6,arete,<code>arete</code>,1,0.0163934
6,b&aelig;rne,<code>b&amp;ae;rne</code>,1,0.0163934
6,bete,<code>bete</code>,1,0.0163934
6,compe,<code>compe</code>,1,0.0163934
6,crist,<code>crist</code>,1,0.0163934
6,cwice,<code>cwice</code>,1,0.0163934
6,cyn,<code>cyn</code>,1,0.0163934
6,deop,<code>deop</code>,1,0.0163934
6,drohta&eth;,<code>drohta&amp;d;</code>,1,0.0163934
6,eft,<code>eft</code>,1,0.0163934
6,eor&thorn;an,<code>eor&amp;t;an</code>,1,0.0163934
6,fela&eth;,<code>fela&amp;d;</code>,1,0.0163934
6,feohtan,<code>feohtan</code>,1,0.0163934
6,feorran,<code>feorran</code>,1,0.0163934
6,frea,<code>frea</code>,1,0.0163934
6,frefre,<code>frefre</code>,1,0.0163934
6,gedreag,<code>gedreag</code>,1,0.0163934
6,gesette,<code>gesette</code>,1,0.0163934
6,getenge,<code>getenge</code>,1,0.0163934
6,hate&thorn;,<code>hate&amp;t;</code>,1,0.0163934
6,hi,<code>hi</code>,1,0.0163934
6,him,<code>him</code>,1,0.0163934
6,hrine,<code>hrine</code>,1,0.0163934
2,hwilum,<code>hwilum</code>,2,0.0327869
6,hyra,<code>hyra</code>,1,0.0163934
1,ic,<code>ic</code>,6,0.0983607
2,mec,<code>mec</code>,2,0.0327869
6,mid,<code>mid</code>,1,0.0163934
6,min,<code>min</code>,1,0.0163934
6,mod,<code>mod</code>,1,0.0163934
6,monigra,<code>monigra</code>,1,0.0163934
6,n&aelig;te,<code>n&amp;ae;te</code>,1,0.0163934
6,ni&thorn;e,<code>ni&amp;t;e</code>,1,0.0163934
6,no,<code>no</code>,1,0.0163934
6,o&thorn;res,<code>o&amp;t;res</code>,1,0.0163934
6,ofer,<code>ofer</code>,1,0.0163934
6,oft,<code>oft</code>,1,0.0163934
6,on,<code>on</code>,1,0.0163934
6,sigora,<code>sigora</code>,1,0.0163934
6,so&eth;,<code>so&amp;d;</code>,1,0.0163934
6,swa,<code>swa</code>,1,0.0163934
6,swi&thorn;e,<code>swi&amp;t;e</code>,1,0.0163934
6,swylce,<code>swylce</code>,1,0.0163934
6,to,<code>to</code>,1,0.0163934
6,unrimu,<code>unrimu</code>,1,0.0163934
6,waldend,<code>waldend</code>,1,0.0163934
6,winne,<code>winne</code>,1,0.0163934
