A_Poetry,A03,A03.022.010_Rid_10_T00410.txt,55,49,64
RANK,HTML WORD,RAW WORD,COUNT,RELATIVE FREQUENCY
4,&thorn;a,<code>&amp;t;a</code>,2,0.0312500
7,&thorn;eaht,<code>&amp;t;eaht</code>,1,0.0156250
7,ahof,<code>ahof</code>,1,0.0156250
7,anum,<code>anum</code>,1,0.0156250
7,awox,<code>awox</code>,1,0.0156250
7,b&aelig;r,<code>b&amp;ae;r</code>,1,0.0156250
7,beames,<code>beames</code>,1,0.0156250
7,besuncen,<code>besuncen</code>,1,0.0156250
7,blacum,<code>blacum</code>,1,0.0156250
7,brimes,<code>brimes</code>,1,0.0156250
7,cwico,<code>cwico</code>,1,0.0156250
7,cwom,<code>cwom</code>,1,0.0156250
7,f&aelig;&eth;mum,<code>f&amp;ae;&amp;d;mum</code>,1,0.0156250
7,feorh,<code>feorh</code>,1,0.0156250
7,firgenstreamum,<code>firgenstreamum</code>,1,0.0156250
7,flode,<code>flode</code>,1,0.0156250
7,getenge,<code>getenge</code>,1,0.0156250
7,h&aelig;fde,<code>h&amp;ae;fde</code>,1,0.0156250
7,hatte,<code>hatte</code>,1,0.0156250
7,hr&aelig;gle,<code>hr&amp;ae;gle</code>,1,0.0156250
7,hw&aelig;t,<code>hw&amp;ae;t</code>,1,0.0156250
7,hwite,<code>hwite</code>,1,0.0156250
7,hyrste,<code>hyrste</code>,1,0.0156250
1,ic,<code>ic</code>,3,0.0468750
7,li&thorn;endum,<code>li&amp;t;endum</code>,1,0.0156250
7,lice,<code>lice</code>,1,0.0156250
7,lifgende,<code>lifgende</code>,1,0.0156250
7,lyft,<code>lyft</code>,1,0.0156250
7,mec,<code>mec</code>,1,0.0156250
7,min,<code>min</code>,1,0.0156250
4,mine,<code>mine</code>,2,0.0312500
7,nearwe,<code>nearwe</code>,1,0.0156250
7,neb,<code>neb</code>,1,0.0156250
7,neo&thorn;an,<code>neo&amp;t;an</code>,1,0.0156250
4,of,<code>of</code>,2,0.0312500
7,ofer,<code>ofer</code>,1,0.0156250
1,on,<code>on</code>,3,0.0468750
1,ond,<code>ond</code>,3,0.0468750
7,saga,<code>saga</code>,1,0.0156250
7,seolhba&thorn;o,<code>seolhba&amp;t;o</code>,1,0.0156250
7,si&thorn;&thorn;an,<code>si&amp;t;&amp;t;an</code>,1,0.0156250
7,sume,<code>sume</code>,1,0.0156250
7,sunde,<code>sunde</code>,1,0.0156250
7,swi&thorn;e,<code>swi&amp;t;e</code>,1,0.0156250
7,ufan,<code>ufan</code>,1,0.0156250
7,underflowen,<code>underflowen</code>,1,0.0156250
7,upp,<code>upp</code>,1,0.0156250
7,w&aelig;ge,<code>w&amp;ae;ge</code>,1,0.0156250
7,w&aelig;ron,<code>w&amp;ae;ron</code>,1,0.0156250
7,w&aelig;s,<code>w&amp;ae;s</code>,1,0.0156250
7,w&aelig;tre,<code>w&amp;ae;tre</code>,1,0.0156250
7,wide,<code>wide</code>,1,0.0156250
7,wind,<code>wind</code>,1,0.0156250
7,wuda,<code>wuda</code>,1,0.0156250
7,y&thorn;um,<code>y&amp;t;um</code>,1,0.0156250
