A_Poetry,A03,A03.013_Max_I_T00230.txt,834,673,1428
RANK,HTML WORD,RAW WORD,COUNT,RELATIVE FREQUENCY
162,&aelig;&thorn;elinga,<code>&amp;ae;&amp;t;elinga</code>,1,0.0007003
162,&aelig;ghw&aelig;r,<code>&amp;ae;ghw&amp;ae;r</code>,1,0.0007003
162,&aelig;hte,<code>&amp;ae;hte</code>,1,0.0007003
162,&aelig;lc,<code>&amp;ae;lc</code>,1,0.0007003
68,&aelig;ldum,<code>&amp;ae;ldum</code>,2,0.0014006
162,&aelig;lmihtig,<code>&amp;ae;lmihtig</code>,1,0.0007003
162,&aelig;lmihtigne,<code>&amp;ae;lmihtigne</code>,1,0.0007003
162,&aelig;metlan,<code>&amp;ae;metlan</code>,1,0.0007003
29,&aelig;r,<code>&amp;ae;r</code>,5,0.0035014
162,&aelig;r&thorn;on,<code>&amp;ae;r&amp;t;on</code>,1,0.0007003
162,&aelig;radl,<code>&amp;ae;radl</code>,1,0.0007003
49,&aelig;rest,<code>&amp;ae;rest</code>,3,0.0021008
49,&aelig;t,<code>&amp;ae;t</code>,3,0.0021008
162,&aelig;tgeofa,<code>&amp;ae;tgeofa</code>,1,0.0007003
162,&aelig;trenmod,<code>&amp;ae;trenmod</code>,1,0.0007003
68,&aelig;tsomne,<code>&amp;ae;tsomne</code>,2,0.0014006
68,&thorn;&aelig;r,<code>&amp;t;&amp;ae;r</code>,2,0.0014006
18,&thorn;&aelig;s,<code>&amp;t;&amp;ae;s</code>,10,0.0070028
8,&thorn;&aelig;t,<code>&amp;t;&amp;ae;t</code>,17,0.0119048
49,&thorn;a,<code>&amp;t;a</code>,3,0.0021008
37,&thorn;am,<code>&amp;t;am</code>,4,0.0028011
68,&thorn;ara,<code>&amp;t;ara</code>,2,0.0014006
68,&thorn;as,<code>&amp;t;as</code>,2,0.0014006
11,&thorn;e,<code>&amp;t;e</code>,14,0.0098039
68,&thorn;eah,<code>&amp;t;eah</code>,2,0.0014006
68,&thorn;earf,<code>&amp;t;earf</code>,2,0.0014006
162,&thorn;eawa,<code>&amp;t;eawa</code>,1,0.0007003
162,&thorn;ence&eth;,<code>&amp;t;ence&amp;d;</code>,1,0.0007003
162,&thorn;enden,<code>&amp;t;enden</code>,1,0.0007003
68,&thorn;eoda,<code>&amp;t;eoda</code>,2,0.0014006
162,&thorn;eode,<code>&amp;t;eode</code>,1,0.0007003
162,&thorn;eoden,<code>&amp;t;eoden</code>,1,0.0007003
162,&thorn;eodum,<code>&amp;t;eodum</code>,1,0.0007003
162,&thorn;ine,<code>&amp;t;ine</code>,1,0.0007003
162,&thorn;ing,<code>&amp;t;ing</code>,1,0.0007003
162,&thorn;ingum,<code>&amp;t;ingum</code>,1,0.0007003
68,&thorn;inne,<code>&amp;t;inne</code>,2,0.0014006
162,&thorn;olian,<code>&amp;t;olian</code>,1,0.0007003
162,&thorn;one,<code>&amp;t;one</code>,1,0.0007003
14,&thorn;onne,<code>&amp;t;onne</code>,12,0.0084034
162,&thorn;rage,<code>&amp;t;rage</code>,1,0.0007003
162,&thorn;riste,<code>&amp;t;riste</code>,1,0.0007003
162,&thorn;risthycgende,<code>&amp;t;risthycgende</code>,1,0.0007003
162,&thorn;rym,<code>&amp;t;rym</code>,1,0.0007003
68,&thorn;u,<code>&amp;t;u</code>,2,0.0014006
29,&thorn;y,<code>&amp;t;y</code>,5,0.0035014
29,a,<code>a</code>,5,0.0035014
162,a&thorn;olwarum,<code>a&amp;t;olwarum</code>,1,0.0007003
162,abeles,<code>abeles</code>,1,0.0007003
162,abreo&thorn;e&eth;,<code>abreo&amp;t;e&amp;d;</code>,1,0.0007003
68,ac,<code>ac</code>,2,0.0014006
162,acwele,<code>acwele</code>,1,0.0007003
162,acy&thorn;an,<code>acy&amp;t;an</code>,1,0.0007003
162,adl,<code>adl</code>,1,0.0007003
162,agen,<code>agen</code>,1,0.0007003
162,ahogodan,<code>ahogodan</code>,1,0.0007003
162,ahte,<code>ahte</code>,1,0.0007003
162,ahyrdon,<code>ahyrdon</code>,1,0.0007003
162,al&aelig;de,<code>al&amp;ae;de</code>,1,0.0007003
162,alwalda,<code>alwalda</code>,1,0.0007003
162,alyfed,<code>alyfed</code>,1,0.0007003
162,an,<code>an</code>,1,0.0007003
49,ana,<code>ana</code>,3,0.0021008
162,and&aelig;ge,<code>and&amp;ae;ge</code>,1,0.0007003
162,anes,<code>anes</code>,1,0.0007003
162,anwealdes,<code>anwealdes</code>,1,0.0007003
162,ar,<code>ar</code>,1,0.0007003
162,ar&aelig;d,<code>ar&amp;ae;d</code>,1,0.0007003
162,ar&aelig;rde,<code>ar&amp;ae;rde</code>,1,0.0007003
162,areccan,<code>areccan</code>,1,0.0007003
162,arise&eth;,<code>arise&amp;d;</code>,1,0.0007003
162,aspringe&eth;,<code>aspringe&amp;d;</code>,1,0.0007003
162,atemedne,<code>atemedne</code>,1,0.0007003
162,awegen,<code>awegen</code>,1,0.0007003
162,b&aelig;de&eth;,<code>b&amp;ae;de&amp;d;</code>,1,0.0007003
162,b&aelig;m,<code>b&amp;ae;m</code>,1,0.0007003
162,bacum,<code>bacum</code>,1,0.0007003
162,bam,<code>bam</code>,1,0.0007003
162,be,<code>be</code>,1,0.0007003
162,beadwe,<code>beadwe</code>,1,0.0007003
162,beag,<code>beag</code>,1,0.0007003
162,beagum,<code>beagum</code>,1,0.0007003
162,bealoblonden,<code>bealoblonden</code>,1,0.0007003
162,bealoleas,<code>bealoleas</code>,1,0.0007003
68,beam,<code>beam</code>,2,0.0014006
162,bearn,<code>bearn</code>,1,0.0007003
162,bec,<code>bec</code>,1,0.0007003
162,befeolan,<code>befeolan</code>,1,0.0007003
162,bega,<code>bega</code>,1,0.0007003
68,begen,<code>begen</code>,2,0.0014006
162,behli&eth;,<code>behli&amp;d;</code>,1,0.0007003
162,behofa&eth;,<code>behofa&amp;d;</code>,1,0.0007003
162,beo&eth;,<code>beo&amp;d;</code>,1,0.0007003
49,beo&thorn;,<code>beo&amp;t;</code>,3,0.0021008
162,beode&eth;,<code>beode&amp;d;</code>,1,0.0007003
162,beon,<code>beon</code>,1,0.0007003
162,beorga&eth;,<code>beorga&amp;d;</code>,1,0.0007003
162,beran,<code>beran</code>,1,0.0007003
162,betre,<code>betre</code>,1,0.0007003
162,bewinde&eth;,<code>bewinde&amp;d;</code>,1,0.0007003
162,bewitian,<code>bewitian</code>,1,0.0007003
162,bi,<code>bi</code>,1,0.0007003
25,bi&eth;,<code>bi&amp;d;</code>,6,0.0042017
7,bi&thorn;,<code>bi&amp;t;</code>,19,0.0133053
162,bidan,<code>bidan</code>,1,0.0007003
162,bilih&eth;,<code>bilih&amp;d;</code>,1,0.0007003
162,bilwitra,<code>bilwitra</code>,1,0.0007003
162,bli&thorn;e,<code>bli&amp;t;e</code>,1,0.0007003
162,blind,<code>blind</code>,1,0.0007003
162,blode,<code>blode</code>,1,0.0007003
162,boga,<code>boga</code>,1,0.0007003
162,boge,<code>boge</code>,1,0.0007003
162,boldagendum,<code>boldagendum</code>,1,0.0007003
162,bord,<code>bord</code>,1,0.0007003
162,bordan,<code>bordan</code>,1,0.0007003
68,borde,<code>borde</code>,2,0.0014006
162,br&aelig;dan,<code>br&amp;ae;dan</code>,1,0.0007003
162,breost,<code>breost</code>,1,0.0007003
162,breostum,<code>breostum</code>,1,0.0007003
162,bro&eth;or,<code>bro&amp;d;or</code>,1,0.0007003
162,bro&thorn;or,<code>bro&amp;t;or</code>,1,0.0007003
162,brycgian,<code>brycgian</code>,1,0.0007003
162,bryde,<code>bryde</code>,1,0.0007003
68,bu,<code>bu</code>,2,0.0014006
162,bunum,<code>bunum</code>,1,0.0007003
162,byge&thorn;,<code>byge&amp;t;</code>,1,0.0007003
162,cain,<code>cain</code>,1,0.0007003
162,calcrondes,<code>calcrondes</code>,1,0.0007003
162,ceape,<code>ceape</code>,1,0.0007003
162,ceapeadig,<code>ceapeadig</code>,1,0.0007003
162,cempan,<code>cempan</code>,1,0.0007003
162,cene,<code>cene</code>,1,0.0007003
162,cennan,<code>cennan</code>,1,0.0007003
68,cenum,<code>cenum</code>,2,0.0014006
162,ceol,<code>ceol</code>,1,0.0007003
162,ceole,<code>ceole</code>,1,0.0007003
162,ceorl,<code>ceorl</code>,1,0.0007003
162,ci&thorn;as,<code>ci&amp;t;as</code>,1,0.0007003
162,cildgeongne,<code>cildgeongne</code>,1,0.0007003
162,cl&aelig;ne,<code>cl&amp;ae;ne</code>,1,0.0007003
68,con,<code>con</code>,2,0.0014006
162,cu&thorn;,<code>cu&amp;t;</code>,1,0.0007003
162,cu&thorn;es,<code>cu&amp;t;es</code>,1,0.0007003
162,cuman,<code>cuman</code>,1,0.0007003
162,cumen,<code>cumen</code>,1,0.0007003
68,cunne,<code>cunne</code>,2,0.0014006
68,cwealm,<code>cwealm</code>,2,0.0014006
68,cwene,<code>cwene</code>,2,0.0014006
162,cwicne,<code>cwicne</code>,1,0.0007003
162,cy&thorn;&thorn;e,<code>cy&amp;t;&amp;t;e</code>,1,0.0007003
162,cyme,<code>cyme</code>,1,0.0007003
49,cyme&eth;,<code>cyme&amp;d;</code>,3,0.0021008
162,cyme&thorn;,<code>cyme&amp;t;</code>,1,0.0007003
68,cyning,<code>cyning</code>,2,0.0014006
162,cyningwic,<code>cyningwic</code>,1,0.0007003
68,cynne,<code>cynne</code>,2,0.0014006
162,cynnes,<code>cynnes</code>,1,0.0007003
162,cype&thorn;,<code>cype&amp;t;</code>,1,0.0007003
162,d&aelig;ges,<code>d&amp;ae;ges</code>,1,0.0007003
68,dea&eth;,<code>dea&amp;d;</code>,2,0.0014006
162,dea&thorn;,<code>dea&amp;t;</code>,1,0.0007003
162,deada,<code>deada</code>,1,0.0007003
162,deades,<code>deades</code>,1,0.0007003
162,deadum,<code>deadum</code>,1,0.0007003
162,degol,<code>degol</code>,1,0.0007003
162,deop,<code>deop</code>,1,0.0007003
162,deopost,<code>deopost</code>,1,0.0007003
68,deor,<code>deor</code>,2,0.0014006
162,dogra,<code>dogra</code>,1,0.0007003
162,dol,<code>dol</code>,1,0.0007003
68,dom,<code>dom</code>,2,0.0014006
162,drece&thorn;,<code>drece&amp;t;</code>,1,0.0007003
162,druga&eth;,<code>druga&amp;d;</code>,1,0.0007003
162,drugon,<code>drugon</code>,1,0.0007003
162,dryhten,<code>dryhten</code>,1,0.0007003
68,dyrne,<code>dyrne</code>,2,0.0014006
162,e&thorn;le,<code>e&amp;t;le</code>,1,0.0007003
162,eadgum,<code>eadgum</code>,1,0.0007003
162,eadig,<code>eadig</code>,1,0.0007003
162,eaforan,<code>eaforan</code>,1,0.0007003
162,eagan,<code>eagan</code>,1,0.0007003
162,eagna,<code>eagna</code>,1,0.0007003
162,eal,<code>eal</code>,1,0.0007003
68,ealdian,<code>ealdian</code>,2,0.0014006
162,eallum,<code>eallum</code>,1,0.0007003
162,eardas,<code>eardas</code>,1,0.0007003
162,eargne,<code>eargne</code>,1,0.0007003
68,earm,<code>earm</code>,2,0.0014006
68,ece,<code>ece</code>,2,0.0014006
162,ecg,<code>ecg</code>,1,0.0007003
162,edhwyrft,<code>edhwyrft</code>,1,0.0007003
162,efenfela,<code>efenfela</code>,1,0.0007003
37,eft,<code>eft</code>,4,0.0028011
162,eglond,<code>eglond</code>,1,0.0007003
162,elne,<code>elne</code>,1,0.0007003
162,ende,<code>ende</code>,1,0.0007003
162,eodor,<code>eodor</code>,1,0.0007003
162,eofor,<code>eofor</code>,1,0.0007003
162,eor&eth;an,<code>eor&amp;d;an</code>,1,0.0007003
162,eor&eth;e,<code>eor&amp;d;e</code>,1,0.0007003
25,eor&thorn;an,<code>eor&amp;t;an</code>,6,0.0042017
162,eor&thorn;e,<code>eor&amp;t;e</code>,1,0.0007003
162,eorl,<code>eorl</code>,1,0.0007003
162,eorle,<code>eorle</code>,1,0.0007003
162,eorles,<code>eorles</code>,1,0.0007003
162,eorod,<code>eorod</code>,1,0.0007003
162,eos,<code>eos</code>,1,0.0007003
162,f&aelig;&thorn;me&thorn;,<code>f&amp;ae;&amp;t;me&amp;t;</code>,1,0.0007003
162,f&aelig;der,<code>f&amp;ae;der</code>,1,0.0007003
162,f&aelig;ge,<code>f&amp;ae;ge</code>,1,0.0007003
162,f&aelig;gre,<code>f&amp;ae;gre</code>,1,0.0007003
162,f&aelig;h&thorn;o,<code>f&amp;ae;h&amp;t;o</code>,1,0.0007003
162,f&aelig;mne,<code>f&amp;ae;mne</code>,1,0.0007003
68,f&aelig;ste,<code>f&amp;ae;ste</code>,2,0.0014006
162,f&aelig;sthydigra,<code>f&amp;ae;sthydigra</code>,1,0.0007003
162,fe&thorn;a,<code>fe&amp;t;a</code>,1,0.0007003
162,fealwe,<code>fealwe</code>,1,0.0007003
162,fedan,<code>fedan</code>,1,0.0007003
162,fede,<code>fede</code>,1,0.0007003
25,fela,<code>fela</code>,6,0.0042017
162,felaf&aelig;cne,<code>felaf&amp;ae;cne</code>,1,0.0007003
162,felameahtig,<code>felameahtig</code>,1,0.0007003
68,feor,<code>feor</code>,2,0.0014006
162,feorhcynna,<code>feorhcynna</code>,1,0.0007003
162,feorran,<code>feorran</code>,1,0.0007003
68,fer&eth;,<code>fer&amp;d;</code>,2,0.0014006
162,feran,<code>feran</code>,1,0.0007003
162,fere&eth;,<code>fere&amp;d;</code>,1,0.0007003
162,fetre,<code>fetre</code>,1,0.0007003
68,fira,<code>fira</code>,2,0.0014006
162,flota,<code>flota</code>,1,0.0007003
162,foldan,<code>foldan</code>,1,0.0007003
49,for,<code>for</code>,3,0.0021008
162,for&eth;,<code>for&amp;d;</code>,1,0.0007003
162,for&thorn;on,<code>for&amp;t;on</code>,1,0.0007003
162,forcwe&thorn;an,<code>forcwe&amp;t;an</code>,1,0.0007003
162,forgeaf,<code>forgeaf</code>,1,0.0007003
162,forgietan,<code>forgietan</code>,1,0.0007003
162,forhelan,<code>forhelan</code>,1,0.0007003
162,forleose,<code>forleose</code>,1,0.0007003
162,forman,<code>forman</code>,1,0.0007003
162,forst,<code>forst</code>,1,0.0007003
162,forstes,<code>forstes</code>,1,0.0007003
162,forstolen,<code>forstolen</code>,1,0.0007003
162,frean,<code>frean</code>,1,0.0007003
162,fremde,<code>fremde</code>,1,0.0007003
162,fremman,<code>fremman</code>,1,0.0007003
162,freo&eth;,<code>freo&amp;d;</code>,1,0.0007003
162,freond,<code>freond</code>,1,0.0007003
162,freosan,<code>freosan</code>,1,0.0007003
162,frige,<code>frige</code>,1,0.0007003
162,frod,<code>frod</code>,1,0.0007003
162,frodne,<code>frodne</code>,1,0.0007003
162,frodum,<code>frodum</code>,1,0.0007003
162,frym&thorn;e,<code>frym&amp;t;e</code>,1,0.0007003
162,frynd,<code>frynd</code>,1,0.0007003
162,frysan,<code>frysan</code>,1,0.0007003
68,ful,<code>ful</code>,2,0.0014006
162,fulle,<code>fulle</code>,1,0.0007003
162,fundian,<code>fundian</code>,1,0.0007003
162,fur&thorn;um,<code>fur&amp;t;um</code>,1,0.0007003
162,fus,<code>fus</code>,1,0.0007003
162,fyr,<code>fyr</code>,1,0.0007003
162,fyra,<code>fyra</code>,1,0.0007003
162,fyrn,<code>fyrn</code>,1,0.0007003
162,fyrwetgeornra,<code>fyrwetgeornra</code>,1,0.0007003
162,g&aelig;ste,<code>g&amp;ae;ste</code>,1,0.0007003
162,gar,<code>gar</code>,1,0.0007003
162,garni&thorn;,<code>garni&amp;t;</code>,1,0.0007003
68,ge&thorn;eon,<code>ge&amp;t;eon</code>,2,0.0014006
162,ge&thorn;ih&eth;,<code>ge&amp;t;ih&amp;d;</code>,1,0.0007003
162,ge&thorn;ingad,<code>ge&amp;t;ingad</code>,1,0.0007003
162,ge&thorn;ohtas,<code>ge&amp;t;ohtas</code>,1,0.0007003
162,ge&thorn;onc,<code>ge&amp;t;onc</code>,1,0.0007003
162,ge&thorn;w&aelig;re,<code>ge&amp;t;w&amp;ae;re</code>,1,0.0007003
162,ge&thorn;yldig,<code>ge&amp;t;yldig</code>,1,0.0007003
162,geara,<code>geara</code>,1,0.0007003
162,gearnian,<code>gearnian</code>,1,0.0007003
162,gearo,<code>gearo</code>,1,0.0007003
162,geb&aelig;dan,<code>geb&amp;ae;dan</code>,1,0.0007003
162,gebicgan,<code>gebicgan</code>,1,0.0007003
162,gebidan,<code>gebidan</code>,1,0.0007003
162,gebringe&thorn;,<code>gebringe&amp;t;</code>,1,0.0007003
68,gebunden,<code>gebunden</code>,2,0.0014006
162,gebyrdum,<code>gebyrdum</code>,1,0.0007003
162,gebyre,<code>gebyre</code>,1,0.0007003
162,gecostes,<code>gecostes</code>,1,0.0007003
162,gecynde,<code>gecynde</code>,1,0.0007003
162,ged&aelig;led,<code>ged&amp;ae;led</code>,1,0.0007003
162,ged&aelig;len,<code>ged&amp;ae;len</code>,1,0.0007003
162,gedal,<code>gedal</code>,1,0.0007003
162,gedefe,<code>gedefe</code>,1,0.0007003
162,gedefum,<code>gedefum</code>,1,0.0007003
162,gedyrned,<code>gedyrned</code>,1,0.0007003
162,gefera,<code>gefera</code>,1,0.0007003
162,geferan,<code>geferan</code>,1,0.0007003
162,gegierwed,<code>gegierwed</code>,1,0.0007003
162,gegretan,<code>gegretan</code>,1,0.0007003
162,gehealdan,<code>gehealdan</code>,1,0.0007003
162,gehealden,<code>gehealden</code>,1,0.0007003
162,gehegan,<code>gehegan</code>,1,0.0007003
162,gehnigan,<code>gehnigan</code>,1,0.0007003
162,gehwam,<code>gehwam</code>,1,0.0007003
162,gehwylc,<code>gehwylc</code>,1,0.0007003
68,gehwylcum,<code>gehwylcum</code>,2,0.0014006
162,gel&aelig;ra&eth;,<code>gel&amp;ae;ra&amp;d;</code>,1,0.0007003
68,gelic,<code>gelic</code>,2,0.0014006
68,gem&aelig;ccan,<code>gem&amp;ae;ccan</code>,2,0.0014006
162,gem&aelig;ne,<code>gem&amp;ae;ne</code>,1,0.0007003
162,gemet,<code>gemet</code>,1,0.0007003
162,gemonian,<code>gemonian</code>,1,0.0007003
162,gen,<code>gen</code>,1,0.0007003
162,gen&aelig;gled,<code>gen&amp;ae;gled</code>,1,0.0007003
68,geneah,<code>geneah</code>,2,0.0014006
162,genge,<code>genge</code>,1,0.0007003
162,genime&eth;,<code>genime&amp;d;</code>,1,0.0007003
162,geocran,<code>geocran</code>,1,0.0007003
162,geofen,<code>geofen</code>,1,0.0007003
162,geofum,<code>geofum</code>,1,0.0007003
68,geond,<code>geond</code>,2,0.0014006
162,geong,<code>geong</code>,1,0.0007003
162,geongne,<code>geongne</code>,1,0.0007003
162,georn,<code>georn</code>,1,0.0007003
162,ger&aelig;can,<code>ger&amp;ae;can</code>,1,0.0007003
162,ger&aelig;dan,<code>ger&amp;ae;dan</code>,1,0.0007003
162,gerisa&eth;,<code>gerisa&amp;d;</code>,1,0.0007003
68,gerise&eth;,<code>gerise&amp;d;</code>,2,0.0014006
162,gerise&thorn;,<code>gerise&amp;t;</code>,1,0.0007003
162,gesceafta,<code>gesceafta</code>,1,0.0007003
162,gesecgan,<code>gesecgan</code>,1,0.0007003
162,gesi&eth;m&aelig;gen,<code>gesi&amp;d;m&amp;ae;gen</code>,1,0.0007003
162,gesi&thorn;um,<code>gesi&amp;t;um</code>,1,0.0007003
162,gesigan,<code>gesigan</code>,1,0.0007003
162,gesih&thorn;e,<code>gesih&amp;t;e</code>,1,0.0007003
162,gesingan,<code>gesingan</code>,1,0.0007003
162,gesitta&eth;,<code>gesitta&amp;d;</code>,1,0.0007003
162,gespringe&eth;,<code>gespringe&amp;d;</code>,1,0.0007003
162,gesprungon,<code>gesprungon</code>,1,0.0007003
162,gestryne&eth;,<code>gestryne&amp;d;</code>,1,0.0007003
162,gestyre&eth;,<code>gestyre&amp;d;</code>,1,0.0007003
162,gesundum,<code>gesundum</code>,1,0.0007003
162,geswica&eth;,<code>geswica&amp;d;</code>,1,0.0007003
162,geteod,<code>geteod</code>,1,0.0007003
68,geteode,<code>geteode</code>,2,0.0014006
162,getrume,<code>getrume</code>,1,0.0007003
162,gewealden,<code>gewealden</code>,1,0.0007003
162,gewear&eth;,<code>gewear&amp;d;</code>,1,0.0007003
162,geweaxan,<code>geweaxan</code>,1,0.0007003
162,geweorpan,<code>geweorpan</code>,1,0.0007003
162,gewin,<code>gewin</code>,1,0.0007003
68,gewite&thorn;,<code>gewite&amp;t;</code>,2,0.0014006
162,gewitte,<code>gewitte</code>,1,0.0007003
162,gied,<code>gied</code>,1,0.0007003
162,gieddum,<code>gieddum</code>,1,0.0007003
162,giefe,<code>giefe</code>,1,0.0007003
22,gif,<code>gif</code>,8,0.0056022
162,gifan,<code>gifan</code>,1,0.0007003
162,gifre,<code>gifre</code>,1,0.0007003
162,gifstol,<code>gifstol</code>,1,0.0007003
162,gleawe,<code>gleawe</code>,1,0.0007003
162,gleomen,<code>gleomen</code>,1,0.0007003
162,gliwes,<code>gliwes</code>,1,0.0007003
162,gnornian,<code>gnornian</code>,1,0.0007003
14,god,<code>god</code>,12,0.0084034
68,gold,<code>gold</code>,2,0.0014006
162,golde,<code>golde</code>,1,0.0007003
162,gomela&eth;,<code>gomela&amp;d;</code>,1,0.0007003
162,gomen,<code>gomen</code>,1,0.0007003
162,gongan,<code>gongan</code>,1,0.0007003
162,gr&aelig;f,<code>gr&amp;ae;f</code>,1,0.0007003
162,gr&aelig;ga,<code>gr&amp;ae;ga</code>,1,0.0007003
162,greggum,<code>greggum</code>,1,0.0007003
162,gretan,<code>gretan</code>,1,0.0007003
162,grimmum,<code>grimmum</code>,1,0.0007003
162,grome,<code>grome</code>,1,0.0007003
162,growan,<code>growan</code>,1,0.0007003
162,growe&eth;,<code>growe&amp;d;</code>,1,0.0007003
162,gryre,<code>gryre</code>,1,0.0007003
162,gu&eth;,<code>gu&amp;d;</code>,1,0.0007003
162,gu&eth;bord,<code>gu&amp;d;bord</code>,1,0.0007003
162,guma,<code>guma</code>,1,0.0007003
49,guman,<code>guman</code>,3,0.0021008
162,gumum,<code>gumum</code>,1,0.0007003
162,gyme&eth;,<code>gyme&amp;d;</code>,1,0.0007003
162,h&aelig;&thorn;num,<code>h&amp;ae;&amp;t;num</code>,1,0.0007003
162,h&aelig;bbe,<code>h&amp;ae;bbe</code>,1,0.0007003
162,h&aelig;le&eth;,<code>h&amp;ae;le&amp;d;</code>,1,0.0007003
162,h&aelig;lo,<code>h&amp;ae;lo</code>,1,0.0007003
68,habba&eth;,<code>habba&amp;d;</code>,2,0.0014006
162,habban,<code>habban</code>,1,0.0007003
162,hadl,<code>hadl</code>,1,0.0007003
68,hafa&eth;,<code>hafa&amp;d;</code>,2,0.0014006
68,hafa&thorn;,<code>hafa&amp;t;</code>,2,0.0014006
162,hal,<code>hal</code>,1,0.0007003
162,halgum,<code>halgum</code>,1,0.0007003
68,ham,<code>ham</code>,2,0.0014006
162,hat,<code>hat</code>,1,0.0007003
5,he,<code>he</code>,23,0.0161064
162,heafe,<code>heafe</code>,1,0.0007003
162,heahsetle,<code>heahsetle</code>,1,0.0007003
68,healda&eth;,<code>healda&amp;d;</code>,2,0.0014006
162,healda&thorn;,<code>healda&amp;t;</code>,1,0.0007003
49,healdan,<code>healdan</code>,3,0.0021008
162,hean,<code>hean</code>,1,0.0007003
162,heanan,<code>heanan</code>,1,0.0007003
68,heardum,<code>heardum</code>,2,0.0014006
162,hearpan,<code>hearpan</code>,1,0.0007003
68,helm,<code>helm</code>,2,0.0014006
162,heo,<code>heo</code>,1,0.0007003
162,heofe&eth;,<code>heofe&amp;d;</code>,1,0.0007003
162,heofod,<code>heofod</code>,1,0.0007003
162,heofodgimme,<code>heofodgimme</code>,1,0.0007003
162,heonan,<code>heonan</code>,1,0.0007003
162,heoro,<code>heoro</code>,1,0.0007003
68,heortan,<code>heortan</code>,2,0.0014006
162,heorte,<code>heorte</code>,1,0.0007003
162,hergan,<code>hergan</code>,1,0.0007003
162,het,<code>het</code>,1,0.0007003
25,hi,<code>hi</code>,6,0.0042017
3,him,<code>him</code>,28,0.0196078
162,hinder,<code>hinder</code>,1,0.0007003
17,hine,<code>hine</code>,11,0.0077031
14,his,<code>his</code>,12,0.0084034
29,hit,<code>hit</code>,5,0.0035014
162,hleor,<code>hleor</code>,1,0.0007003
162,holen,<code>holen</code>,1,0.0007003
68,holm,<code>holm</code>,2,0.0014006
37,hond,<code>hond</code>,4,0.0028011
162,hondum,<code>hondum</code>,1,0.0007003
68,hord,<code>hord</code>,2,0.0014006
162,hospe,<code>hospe</code>,1,0.0007003
162,hr&aelig;gl,<code>hr&amp;ae;gl</code>,1,0.0007003
162,hrusan,<code>hrusan</code>,1,0.0007003
162,hungre,<code>hungre</code>,1,0.0007003
162,huru,<code>huru</code>,1,0.0007003
162,husl,<code>husl</code>,1,0.0007003
162,hw&aelig;&thorn;er,<code>hw&amp;ae;&amp;t;er</code>,1,0.0007003
68,hw&aelig;r,<code>hw&amp;ae;r</code>,2,0.0014006
162,hwa,<code>hwa</code>,1,0.0007003
162,hweorfan,<code>hweorfan</code>,1,0.0007003
68,hwonne,<code>hwonne</code>,2,0.0014006
18,hy,<code>hy</code>,10,0.0070028
49,hyge,<code>hyge</code>,3,0.0021008
162,hygecr&aelig;ft,<code>hygecr&amp;ae;ft</code>,1,0.0007003
162,hylest,<code>hylest</code>,1,0.0007003
49,hyra,<code>hyra</code>,3,0.0021008
37,hyre,<code>hyre</code>,4,0.0028011
162,ic,<code>ic</code>,1,0.0007003
162,idle,<code>idle</code>,1,0.0007003
162,iete&eth;,<code>iete&amp;d;</code>,1,0.0007003
11,in,<code>in</code>,14,0.0098039
162,in&aelig;led,<code>in&amp;ae;led</code>,1,0.0007003
162,inbindan,<code>inbindan</code>,1,0.0007003
162,inwyrcan,<code>inwyrcan</code>,1,0.0007003
29,is,<code>is</code>,5,0.0035014
162,l&aelig;ces,<code>l&amp;ae;ces</code>,1,0.0007003
162,l&aelig;dan,<code>l&amp;ae;dan</code>,1,0.0007003
162,l&aelig;de,<code>l&amp;ae;de</code>,1,0.0007003
162,l&aelig;nne,<code>l&amp;ae;nne</code>,1,0.0007003
162,l&aelig;ran,<code>l&amp;ae;ran</code>,1,0.0007003
162,l&aelig;s,<code>l&amp;ae;s</code>,1,0.0007003
162,l&aelig;sest,<code>l&amp;ae;sest</code>,1,0.0007003
162,l&aelig;t,<code>l&amp;ae;t</code>,1,0.0007003
162,la&eth;,<code>la&amp;d;</code>,1,0.0007003
162,la&eth;a&thorn;,<code>la&amp;d;a&amp;t;</code>,1,0.0007003
162,leafum,<code>leafum</code>,1,0.0007003
162,lean,<code>lean</code>,1,0.0007003
162,leana,<code>leana</code>,1,0.0007003
162,lef,<code>lef</code>,1,0.0007003
162,lenge,<code>lenge</code>,1,0.0007003
162,lengest,<code>lengest</code>,1,0.0007003
162,leo&thorn;,<code>leo&amp;t;</code>,1,0.0007003
162,leo&thorn;a,<code>leo&amp;t;a</code>,1,0.0007003
162,leodon,<code>leodon</code>,1,0.0007003
162,leodum,<code>leodum</code>,1,0.0007003
49,leof,<code>leof</code>,3,0.0021008
162,leofa&eth;,<code>leofa&amp;d;</code>,1,0.0007003
162,leofes,<code>leofes</code>,1,0.0007003
162,leogan,<code>leogan</code>,1,0.0007003
162,leoht,<code>leoht</code>,1,0.0007003
162,leohte,<code>leohte</code>,1,0.0007003
162,leohtmod,<code>leohtmod</code>,1,0.0007003
162,leomu,<code>leomu</code>,1,0.0007003
162,leornere,<code>leornere</code>,1,0.0007003
162,li&thorn;,<code>li&amp;t;</code>,1,0.0007003
68,li&thorn;an,<code>li&amp;t;an</code>,2,0.0014006
162,licgende,<code>licgende</code>,1,0.0007003
162,lida,<code>lida</code>,1,0.0007003
162,lif,<code>lif</code>,1,0.0007003
162,lifga&thorn;,<code>lifga&amp;t;</code>,1,0.0007003
162,lifgan,<code>lifgan</code>,1,0.0007003
162,linden,<code>linden</code>,1,0.0007003
162,lisse,<code>lisse</code>,1,0.0007003
162,list,<code>list</code>,1,0.0007003
162,lofes,<code>lofes</code>,1,0.0007003
68,londe,<code>londe</code>,2,0.0014006
162,londes,<code>londes</code>,1,0.0007003
162,longa&eth;,<code>longa&amp;d;</code>,1,0.0007003
162,longe,<code>longe</code>,1,0.0007003
162,lot,<code>lot</code>,1,0.0007003
162,lucan,<code>lucan</code>,1,0.0007003
162,lufu,<code>lufu</code>,1,0.0007003
162,lyswe,<code>lyswe</code>,1,0.0007003
162,m&aelig;cga,<code>m&amp;ae;cga</code>,1,0.0007003
37,m&aelig;g,<code>m&amp;ae;g</code>,4,0.0028011
162,m&aelig;g&eth;egsan,<code>m&amp;ae;g&amp;d;egsan</code>,1,0.0007003
162,m&aelig;gen,<code>m&amp;ae;gen</code>,1,0.0007003
162,m&aelig;l,<code>m&amp;ae;l</code>,1,0.0007003
162,m&aelig;na&eth;,<code>m&amp;ae;na&amp;d;</code>,1,0.0007003
162,ma&thorn;&thorn;um,<code>ma&amp;t;&amp;t;um</code>,1,0.0007003
162,ma&thorn;mum,<code>ma&amp;t;mum</code>,1,0.0007003
162,magon,<code>magon</code>,1,0.0007003
162,magutimbres,<code>magutimbres</code>,1,0.0007003
162,man,<code>man</code>,1,0.0007003
162,maran,<code>maran</code>,1,0.0007003
68,mare,<code>mare</code>,2,0.0014006
162,me,<code>me</code>,1,0.0007003
162,me&thorn;e,<code>me&amp;t;e</code>,1,0.0007003
162,meares,<code>meares</code>,1,0.0007003
162,mearum,<code>mearum</code>,1,0.0007003
162,mec,<code>mec</code>,1,0.0007003
162,meltan,<code>meltan</code>,1,0.0007003
22,men,<code>men</code>,8,0.0056022
162,meodor&aelig;denne,<code>meodor&amp;ae;denne</code>,1,0.0007003
29,meotud,<code>meotud</code>,5,0.0035014
162,mere,<code>mere</code>,1,0.0007003
49,mete,<code>mete</code>,3,0.0021008
162,micel,<code>micel</code>,1,0.0007003
11,mid,<code>mid</code>,14,0.0098039
162,middangeardes,<code>middangeardes</code>,1,0.0007003
162,min,<code>min</code>,1,0.0007003
162,missenlicu,<code>missenlicu</code>,1,0.0007003
162,mod,<code>mod</code>,1,0.0007003
68,mode,<code>mode</code>,2,0.0014006
68,modge&thorn;oncas,<code>modge&amp;t;oncas</code>,2,0.0014006
4,mon,<code>mon</code>,25,0.0175070
162,mona&eth;,<code>mona&amp;d;</code>,1,0.0007003
162,monan,<code>monan</code>,1,0.0007003
162,moncynne,<code>moncynne</code>,1,0.0007003
162,monegum,<code>monegum</code>,1,0.0007003
162,monge,<code>monge</code>,1,0.0007003
162,monig,<code>monig</code>,1,0.0007003
162,monige,<code>monige</code>,1,0.0007003
162,monna,<code>monna</code>,1,0.0007003
68,monnan,<code>monnan</code>,2,0.0014006
37,monnes,<code>monnes</code>,4,0.0028011
162,mor&thorn;or,<code>mor&amp;t;or</code>,1,0.0007003
162,mor&thorn;orcwealm,<code>mor&amp;t;orcwealm</code>,1,0.0007003
162,mote,<code>mote</code>,1,0.0007003
162,mu&thorn;a,<code>mu&amp;t;a</code>,1,0.0007003
162,mundum,<code>mundum</code>,1,0.0007003
162,n&aelig;fre,<code>n&amp;ae;fre</code>,1,0.0007003
162,n&aelig;nig,<code>n&amp;ae;nig</code>,1,0.0007003
162,n&aelig;s,<code>n&amp;ae;s</code>,1,0.0007003
162,nales,<code>nales</code>,1,0.0007003
68,nat,<code>nat</code>,2,0.0014006
8,ne,<code>ne</code>,17,0.0119048
68,nefne,<code>nefne</code>,2,0.0014006
162,nefre,<code>nefre</code>,1,0.0007003
162,nella&eth;,<code>nella&amp;d;</code>,1,0.0007003
162,nelle,<code>nelle</code>,1,0.0007003
162,nerede,<code>nerede</code>,1,0.0007003
162,nergend,<code>nergend</code>,1,0.0007003
162,nest,<code>nest</code>,1,0.0007003
68,ni&eth;,<code>ni&amp;d;</code>,2,0.0014006
162,ni&thorn;,<code>ni&amp;t;</code>,1,0.0007003
162,niman,<code>niman</code>,1,0.0007003
68,nime&eth;,<code>nime&amp;d;</code>,2,0.0014006
162,niwe,<code>niwe</code>,1,0.0007003
162,nyde,<code>nyde</code>,1,0.0007003
162,nytta&eth;,<code>nytta&amp;d;</code>,1,0.0007003
162,nyttost,<code>nyttost</code>,1,0.0007003
68,o&thorn;&thorn;&aelig;t,<code>o&amp;t;&amp;t;&amp;ae;t</code>,2,0.0014006
68,o&thorn;&thorn;e,<code>o&amp;t;&amp;t;e</code>,2,0.0014006
162,o&thorn;er,<code>o&amp;t;er</code>,1,0.0007003
162,o&thorn;res,<code>o&amp;t;res</code>,1,0.0007003
49,of,<code>of</code>,3,0.0021008
68,ofer,<code>ofer</code>,2,0.0014006
162,ofercumen,<code>ofercumen</code>,1,0.0007003
20,oft,<code>oft</code>,9,0.0063025
162,oftigen,<code>oftigen</code>,1,0.0007003
6,on,<code>on</code>,21,0.0147059
2,ond,<code>ond</code>,30,0.0210084
162,onettan,<code>onettan</code>,1,0.0007003
162,onfeh&eth;,<code>onfeh&amp;d;</code>,1,0.0007003
162,onge,<code>onge</code>,1,0.0007003
162,onginna&eth;,<code>onginna&amp;d;</code>,1,0.0007003
162,onginnan,<code>onginnan</code>,1,0.0007003
162,onh&aelig;lne,<code>onh&amp;ae;lne</code>,1,0.0007003
162,ord,<code>ord</code>,1,0.0007003
37,r&aelig;d,<code>r&amp;ae;d</code>,4,0.0028011
162,reafere,<code>reafere</code>,1,0.0007003
162,recene,<code>recene</code>,1,0.0007003
162,reorde,<code>reorde</code>,1,0.0007003
68,rice,<code>rice</code>,2,0.0014006
162,ricene,<code>ricene</code>,1,0.0007003
162,ridan,<code>ridan</code>,1,0.0007003
162,rincas,<code>rincas</code>,1,0.0007003
162,roderas,<code>roderas</code>,1,0.0007003
162,rogian,<code>rogian</code>,1,0.0007003
162,rowe&thorn;,<code>rowe&amp;t;</code>,1,0.0007003
68,rume,<code>rume</code>,2,0.0014006
162,rumheort,<code>rumheort</code>,1,0.0007003
68,rune,<code>rune</code>,2,0.0014006
68,ryht,<code>ryht</code>,2,0.0014006
162,ryhte,<code>ryhte</code>,1,0.0007003
162,s&aelig;,<code>s&amp;ae;</code>,1,0.0007003
162,s&aelig;lum,<code>s&amp;ae;lum</code>,1,0.0007003
162,sacan,<code>sacan</code>,1,0.0007003
162,sace,<code>sace</code>,1,0.0007003
162,sar,<code>sar</code>,1,0.0007003
162,sawla,<code>sawla</code>,1,0.0007003
162,sawlum,<code>sawlum</code>,1,0.0007003
162,sceade,<code>sceade</code>,1,0.0007003
162,sceaft,<code>sceaft</code>,1,0.0007003
162,sceafte,<code>sceafte</code>,1,0.0007003
1,sceal,<code>sceal</code>,50,0.0350140
162,scealc,<code>scealc</code>,1,0.0007003
162,sceoldan,<code>sceoldan</code>,1,0.0007003
29,sceolon,<code>sceolon</code>,5,0.0035014
162,sceolun,<code>sceolun</code>,1,0.0007003
162,sceomiande,<code>sceomiande</code>,1,0.0007003
162,sceop,<code>sceop</code>,1,0.0007003
162,scip,<code>scip</code>,1,0.0007003
162,scir,<code>scir</code>,1,0.0007003
162,scod,<code>scod</code>,1,0.0007003
162,scop,<code>scop</code>,1,0.0007003
68,scyld,<code>scyld</code>,2,0.0014006
162,scyle,<code>scyle</code>,1,0.0007003
8,se,<code>se</code>,17,0.0119048
162,se&thorn;eah,<code>se&amp;t;eah</code>,1,0.0007003
162,sealde,<code>sealde</code>,1,0.0007003
162,secgan,<code>secgan</code>,1,0.0007003
162,segle,<code>segle</code>,1,0.0007003
162,selast,<code>selast</code>,1,0.0007003
68,seldan,<code>seldan</code>,2,0.0014006
162,sele,<code>sele</code>,1,0.0007003
162,sellic,<code>sellic</code>,1,0.0007003
162,sema&thorn;,<code>sema&amp;t;</code>,1,0.0007003
162,seo,<code>seo</code>,1,0.0007003
162,seoc,<code>seoc</code>,1,0.0007003
49,si&thorn;&thorn;an,<code>si&amp;t;&amp;t;an</code>,3,0.0021008
162,si&thorn;e,<code>si&amp;t;e</code>,1,0.0007003
162,sibbe,<code>sibbe</code>,1,0.0007003
162,sidum,<code>sidum</code>,1,0.0007003
162,sigesceorp,<code>sigesceorp</code>,1,0.0007003
162,sinc,<code>sinc</code>,1,0.0007003
162,sio,<code>sio</code>,1,0.0007003
162,sli&thorn;endne,<code>sli&amp;t;endne</code>,1,0.0007003
162,sli&thorn;hende,<code>sli&amp;t;hende</code>,1,0.0007003
162,slite&eth;,<code>slite&amp;d;</code>,1,0.0007003
162,slog,<code>slog</code>,1,0.0007003
162,smilte,<code>smilte</code>,1,0.0007003
162,snotre,<code>snotre</code>,1,0.0007003
49,snyttro,<code>snyttro</code>,3,0.0021008
162,so&eth;,<code>so&amp;d;</code>,1,0.0007003
162,so&eth;cyning,<code>so&amp;d;cyning</code>,1,0.0007003
162,spere,<code>spere</code>,1,0.0007003
162,stan,<code>stan</code>,1,0.0007003
49,stondan,<code>stondan</code>,3,0.0021008
162,stonde,<code>stonde</code>,1,0.0007003
162,stonde&eth;,<code>stonde&amp;d;</code>,1,0.0007003
162,storm,<code>storm</code>,1,0.0007003
162,str&aelig;le,<code>str&amp;ae;le</code>,1,0.0007003
162,streonum,<code>streonum</code>,1,0.0007003
162,strongum,<code>strongum</code>,1,0.0007003
162,styran,<code>styran</code>,1,0.0007003
162,sumera,<code>sumera</code>,1,0.0007003
162,sumor,<code>sumor</code>,1,0.0007003
162,sund,<code>sund</code>,1,0.0007003
162,sundorsefan,<code>sundorsefan</code>,1,0.0007003
68,sunnan,<code>sunnan</code>,2,0.0014006
162,sw&aelig;sne,<code>sw&amp;ae;sne</code>,1,0.0007003
22,swa,<code>swa</code>,8,0.0056022
162,swealg,<code>swealg</code>,1,0.0007003
162,swefan,<code>swefan</code>,1,0.0007003
162,swegle,<code>swegle</code>,1,0.0007003
162,swegltorht,<code>swegltorht</code>,1,0.0007003
162,sweltan,<code>sweltan</code>,1,0.0007003
68,sweorde,<code>sweorde</code>,2,0.0014006
68,sy,<code>sy</code>,2,0.0014006
162,syle&eth;,<code>syle&amp;d;</code>,1,0.0007003
162,syle&thorn;,<code>syle&amp;t;</code>,1,0.0007003
68,sylf,<code>sylf</code>,2,0.0014006
162,sylfa,<code>sylfa</code>,1,0.0007003
68,syllan,<code>syllan</code>,2,0.0014006
162,sylle,<code>sylle</code>,1,0.0007003
162,symle,<code>symle</code>,1,0.0007003
162,synne,<code>synne</code>,1,0.0007003
162,t&aelig;fle,<code>t&amp;ae;fle</code>,1,0.0007003
162,t&aelig;fles,<code>t&amp;ae;fles</code>,1,0.0007003
162,teala,<code>teala</code>,1,0.0007003
68,teode,<code>teode</code>,2,0.0014006
162,teoselum,<code>teoselum</code>,1,0.0007003
162,tidum,<code>tidum</code>,1,0.0007003
162,tih&eth;,<code>tih&amp;d;</code>,1,0.0007003
68,til,<code>til</code>,2,0.0014006
162,tiles,<code>tiles</code>,1,0.0007003
162,tilum,<code>tilum</code>,1,0.0007003
20,to,<code>to</code>,9,0.0063025
162,tobreden,<code>tobreden</code>,1,0.0007003
162,tod&aelig;le,<code>tod&amp;ae;le</code>,1,0.0007003
162,toglide,<code>toglide</code>,1,0.0007003
162,tom&aelig;lde,<code>tom&amp;ae;lde</code>,1,0.0007003
162,tomes,<code>tomes</code>,1,0.0007003
162,torhtre,<code>torhtre</code>,1,0.0007003
162,torn,<code>torn</code>,1,0.0007003
162,toweorpa&eth;,<code>toweorpa&amp;d;</code>,1,0.0007003
162,towi&thorn;re,<code>towi&amp;t;re</code>,1,0.0007003
162,treo,<code>treo</code>,1,0.0007003
162,treow,<code>treow</code>,1,0.0007003
162,trymman,<code>trymman</code>,1,0.0007003
162,tu,<code>tu</code>,1,0.0007003
162,tune,<code>tune</code>,1,0.0007003
162,tunglu,<code>tunglu</code>,1,0.0007003
162,twegen,<code>twegen</code>,1,0.0007003
162,tyhtan,<code>tyhtan</code>,1,0.0007003
162,umbor,<code>umbor</code>,1,0.0007003
162,un&thorn;inged,<code>un&amp;t;inged</code>,1,0.0007003
49,under,<code>under</code>,3,0.0021008
162,ungetreow,<code>ungetreow</code>,1,0.0007003
162,unginnost,<code>unginnost</code>,1,0.0007003
162,unl&aelig;d,<code>unl&amp;ae;d</code>,1,0.0007003
162,unnyttost,<code>unnyttost</code>,1,0.0007003
162,unstille,<code>unstille</code>,1,0.0007003
162,unwiotodne,<code>unwiotodne</code>,1,0.0007003
29,us,<code>us</code>,5,0.0035014
162,userne,<code>userne</code>,1,0.0007003
162,usic,<code>usic</code>,1,0.0007003
162,w&aelig;de,<code>w&amp;ae;de</code>,1,0.0007003
162,w&aelig;do,<code>w&amp;ae;do</code>,1,0.0007003
162,w&aelig;g,<code>w&amp;ae;g</code>,1,0.0007003
162,w&aelig;l,<code>w&amp;ae;l</code>,1,0.0007003
162,w&aelig;pna,<code>w&amp;ae;pna</code>,1,0.0007003
162,w&aelig;ra,<code>w&amp;ae;ra</code>,1,0.0007003
162,w&aelig;ran,<code>w&amp;ae;ran</code>,1,0.0007003
68,w&aelig;re,<code>w&amp;ae;re</code>,2,0.0014006
162,w&aelig;rleas,<code>w&amp;ae;rleas</code>,1,0.0007003
68,w&aelig;s,<code>w&amp;ae;s</code>,2,0.0014006
162,w&aelig;sce&eth;,<code>w&amp;ae;sce&amp;d;</code>,1,0.0007003
162,w&aelig;ter,<code>w&amp;ae;ter</code>,1,0.0007003
162,w&aelig;tres,<code>w&amp;ae;tres</code>,1,0.0007003
162,waldend,<code>waldend</code>,1,0.0007003
162,wanige,<code>wanige</code>,1,0.0007003
162,warig,<code>warig</code>,1,0.0007003
37,wat,<code>wat</code>,4,0.0028011
68,we,<code>we</code>,2,0.0014006
162,wealde&eth;,<code>wealde&amp;d;</code>,1,0.0007003
162,weallas,<code>weallas</code>,1,0.0007003
162,wear&eth;,<code>wear&amp;d;</code>,1,0.0007003
162,wearm,<code>wearm</code>,1,0.0007003
162,wearnum,<code>wearnum</code>,1,0.0007003
162,weaxan,<code>weaxan</code>,1,0.0007003
162,wece&eth;,<code>wece&amp;d;</code>,1,0.0007003
162,weder,<code>weder</code>,1,0.0007003
162,wedre,<code>wedre</code>,1,0.0007003
162,wega,<code>wega</code>,1,0.0007003
162,wegan,<code>wegan</code>,1,0.0007003
162,wel,<code>wel</code>,1,0.0007003
162,wenan,<code>wenan</code>,1,0.0007003
162,wenda&eth;,<code>wenda&amp;d;</code>,1,0.0007003
162,wene&eth;,<code>wene&amp;d;</code>,1,0.0007003
162,weor&eth;,<code>weor&amp;d;</code>,1,0.0007003
162,weor&eth;e,<code>weor&amp;d;e</code>,1,0.0007003
162,weor&thorn;e,<code>weor&amp;t;e</code>,1,0.0007003
49,weor&thorn;e&eth;,<code>weor&amp;t;e&amp;d;</code>,3,0.0021008
162,weorpe&eth;,<code>weorpe&amp;d;</code>,1,0.0007003
162,weos,<code>weos</code>,1,0.0007003
162,wepe&eth;,<code>wepe&amp;d;</code>,1,0.0007003
68,wer,<code>wer</code>,2,0.0014006
162,werig,<code>werig</code>,1,0.0007003
162,werum,<code>werum</code>,1,0.0007003
37,wesan,<code>wesan</code>,4,0.0028011
162,wese,<code>wese</code>,1,0.0007003
37,wi&thorn;,<code>wi&amp;t;</code>,4,0.0028011
162,wi&thorn;re,<code>wi&amp;t;re</code>,1,0.0007003
162,wic,<code>wic</code>,1,0.0007003
162,wicfreo&thorn;a,<code>wicfreo&amp;t;a</code>,1,0.0007003
37,wide,<code>wide</code>,4,0.0028011
162,widgongel,<code>widgongel</code>,1,0.0007003
37,wif,<code>wif</code>,4,0.0028011
162,wife,<code>wife</code>,1,0.0007003
68,wig,<code>wig</code>,2,0.0014006
162,wiht,<code>wiht</code>,1,0.0007003
162,wilcuma,<code>wilcuma</code>,1,0.0007003
162,wile,<code>wile</code>,1,0.0007003
162,willan,<code>willan</code>,1,0.0007003
162,wille,<code>wille</code>,1,0.0007003
68,wind,<code>wind</code>,2,0.0014006
162,winde,<code>winde</code>,1,0.0007003
162,wine,<code>wine</code>,1,0.0007003
68,wineleas,<code>wineleas</code>,2,0.0014006
162,winter,<code>winter</code>,1,0.0007003
162,wislicu,<code>wislicu</code>,1,0.0007003
162,wist,<code>wist</code>,1,0.0007003
162,wisum,<code>wisum</code>,1,0.0007003
162,witan,<code>witan</code>,1,0.0007003
162,wite,<code>wite</code>,1,0.0007003
162,wlenco,<code>wlenco</code>,1,0.0007003
162,woden,<code>woden</code>,1,0.0007003
68,wommum,<code>wommum</code>,2,0.0014006
162,wonhydig,<code>wonhydig</code>,1,0.0007003
162,wons&aelig;lge,<code>wons&amp;ae;lge</code>,1,0.0007003
162,wons&aelig;lig,<code>wons&amp;ae;lig</code>,1,0.0007003
68,word,<code>word</code>,2,0.0014006
68,wordum,<code>wordum</code>,2,0.0014006
162,worhte,<code>worhte</code>,1,0.0007003
162,worn,<code>worn</code>,1,0.0007003
68,woruld,<code>woruld</code>,2,0.0014006
162,wr&aelig;d,<code>wr&amp;ae;d</code>,1,0.0007003
162,wracu,<code>wracu</code>,1,0.0007003
162,writan,<code>writan</code>,1,0.0007003
162,wrixlan,<code>wrixlan</code>,1,0.0007003
162,wrohtdropan,<code>wrohtdropan</code>,1,0.0007003
162,wuda,<code>wuda</code>,1,0.0007003
162,wudu,<code>wudu</code>,1,0.0007003
162,wuldor,<code>wuldor</code>,1,0.0007003
162,wuldre,<code>wuldre</code>,1,0.0007003
162,wulf,<code>wulf</code>,1,0.0007003
162,wulfas,<code>wulfas</code>,1,0.0007003
162,wunden,<code>wunden</code>,1,0.0007003
162,wundrum,<code>wundrum</code>,1,0.0007003
162,wunian,<code>wunian</code>,1,0.0007003
162,wyn,<code>wyn</code>,1,0.0007003
162,wyrd,<code>wyrd</code>,1,0.0007003
162,wyrda,<code>wyrda</code>,1,0.0007003
162,wyrpe,<code>wyrpe</code>,1,0.0007003
162,yce&eth;,<code>yce&amp;d;</code>,1,0.0007003
162,yfel,<code>yfel</code>,1,0.0007003
162,yldo,<code>yldo</code>,1,0.0007003
162,ymb,<code>ymb</code>,1,0.0007003
162,ymbsittan,<code>ymbsittan</code>,1,0.0007003
162,yrfe,<code>yrfe</code>,1,0.0007003
162,yrne,<code>yrne</code>,1,0.0007003
