A_Poetry,A03,A03.022.043_Rid_43_T00740.txt,76,65,97
RANK,HTML WORD,RAW WORD,COUNT,RELATIVE FREQUENCY
12,&aelig;&thorn;elum,<code>&amp;ae;&amp;t;elum</code>,1,0.0103093
12,&aelig;t,<code>&amp;ae;t</code>,1,0.0103093
12,&thorn;&aelig;t,<code>&amp;t;&amp;ae;t</code>,1,0.0103093
6,&thorn;am,<code>&amp;t;am</code>,2,0.0206186
3,&thorn;e,<code>&amp;t;e</code>,3,0.0309278
12,&thorn;ena&eth;,<code>&amp;t;ena&amp;d;</code>,1,0.0103093
12,&thorn;onne,<code>&amp;t;onne</code>,1,0.0103093
12,&thorn;urst,<code>&amp;t;urst</code>,1,0.0103093
12,adle,<code>adle</code>,1,0.0103093
12,agan,<code>agan</code>,1,0.0103093
12,anre,<code>anre</code>,1,0.0103093
12,arlice,<code>arlice</code>,1,0.0103093
12,bam,<code>bam</code>,1,0.0103093
12,bearme,<code>bearme</code>,1,0.0103093
12,begen,<code>begen</code>,1,0.0103093
12,blisse,<code>blisse</code>,1,0.0103093
12,bro&thorn;or,<code>bro&amp;t;or</code>,1,0.0103093
12,care,<code>care</code>,1,0.0103093
12,cnosles,<code>cnosles</code>,1,0.0103093
12,cuma,<code>cuma</code>,1,0.0103093
12,cy&thorn;e,<code>cy&amp;t;e</code>,1,0.0103093
12,cynewordum,<code>cynewordum</code>,1,0.0103093
12,deorne,<code>deorne</code>,1,0.0103093
12,e&eth;&thorn;a,<code>e&amp;d;&amp;t;a</code>,1,0.0103093
12,ellorfuse,<code>ellorfuse</code>,1,0.0103093
3,esne,<code>esne</code>,3,0.0309278
12,finda&eth;,<code>finda&amp;d;</code>,1,0.0103093
12,fore,<code>fore</code>,1,0.0103093
12,forht,<code>forht</code>,1,0.0103093
12,frean,<code>frean</code>,1,0.0103093
12,from,<code>from</code>,1,0.0103093
12,geardum,<code>geardum</code>,1,0.0103093
12,gesunde,<code>gesunde</code>,1,0.0103093
12,giest,<code>giest</code>,1,0.0103093
6,gif,<code>gif</code>,2,0.0206186
12,grimma,<code>grimma</code>,1,0.0103093
12,ham,<code>ham</code>,1,0.0103093
12,hata,<code>hata</code>,1,0.0103093
12,hatte,<code>hatte</code>,1,0.0103093
12,her,<code>her</code>,1,0.0103093
3,him,<code>him</code>,3,0.0309278
12,his,<code>his</code>,1,0.0103093
12,hlaforde,<code>hlaforde</code>,1,0.0103093
12,hu,<code>hu</code>,1,0.0103093
12,hungor,<code>hungor</code>,1,0.0103093
12,hweorfa&eth;,<code>hweorfa&amp;d;</code>,1,0.0103093
6,hy,<code>hy</code>,2,0.0206186
12,hyre&eth;,<code>hyre&amp;d;</code>,1,0.0103093
6,ic,<code>ic</code>,2,0.0206186
12,in,<code>in</code>,1,0.0103093
12,indryhtne,<code>indryhtne</code>,1,0.0103093
12,m&aelig;g,<code>m&amp;ae;g</code>,1,0.0103093
12,magan,<code>magan</code>,1,0.0103093
12,moddor,<code>moddor</code>,1,0.0103093
12,mon,<code>mon</code>,1,0.0103093
2,ne,<code>ne</code>,4,0.0412371
12,o&thorn;rum,<code>o&amp;t;rum</code>,1,0.0103093
6,on,<code>on</code>,2,0.0206186
6,ond,<code>ond</code>,2,0.0206186
12,sce&eth;&eth;an,<code>sce&amp;d;&amp;d;an</code>,1,0.0103093
12,sce&eth;e&eth;,<code>sce&amp;d;e&amp;d;</code>,1,0.0103093
12,sceal,<code>sceal</code>,1,0.0103093
1,se,<code>se</code>,7,0.0721649
12,si&eth;fate,<code>si&amp;d;fate</code>,1,0.0103093
12,sprice,<code>sprice</code>,1,0.0103093
12,sweostor,<code>sweostor</code>,1,0.0103093
12,unrim,<code>unrim</code>,1,0.0103093
12,wat,<code>wat</code>,1,0.0103093
12,wesan,<code>wesan</code>,1,0.0103093
12,wile,<code>wile</code>,1,0.0103093
12,wille,<code>wille</code>,1,0.0103093
12,wiste,<code>wiste</code>,1,0.0103093
12,witode,<code>witode</code>,1,0.0103093
12,yfle,<code>yfle</code>,1,0.0103093
12,yldo,<code>yldo</code>,1,0.0103093
12,ymb,<code>ymb</code>,1,0.0103093
