A_Poetry,A03,A03.022.034_Rid_34_T00650.txt,51,48,55
RANK,HTML WORD,RAW WORD,COUNT,RELATIVE FREQUENCY
4,&aelig;t,<code>&amp;ae;t</code>,1,0.0181818
4,&thorn;&aelig;t,<code>&amp;t;&amp;ae;t</code>,1,0.0181818
1,&thorn;a,<code>&amp;t;a</code>,3,0.0545455
4,&thorn;e,<code>&amp;t;e</code>,1,0.0181818
4,aa,<code>aa</code>,1,0.0181818
4,beorhte,<code>beorhte</code>,1,0.0181818
2,bi&thorn;,<code>bi&amp;t;</code>,2,0.0363636
4,blican,<code>blican</code>,1,0.0181818
4,blowan,<code>blowan</code>,1,0.0181818
4,burgum,<code>burgum</code>,1,0.0181818
4,f&aelig;st,<code>f&amp;ae;st</code>,1,0.0181818
4,f&aelig;ste,<code>f&amp;ae;ste</code>,1,0.0181818
4,fede&eth;,<code>fede&amp;d;</code>,1,0.0181818
4,fela,<code>fela</code>,1,0.0181818
4,feoh,<code>feoh</code>,1,0.0181818
4,finde&eth;,<code>finde&amp;d;</code>,1,0.0181818
4,geond,<code>geond</code>,1,0.0181818
4,geseah,<code>geseah</code>,1,0.0181818
4,gonge&eth;,<code>gonge&amp;d;</code>,1,0.0181818
4,growan,<code>growan</code>,1,0.0181818
4,hafa&eth;,<code>hafa&amp;d;</code>,1,0.0181818
4,ham,<code>ham</code>,1,0.0181818
4,heo,<code>heo</code>,1,0.0181818
4,hi&thorn;e&eth;,<code>hi&amp;t;e&amp;d;</code>,1,0.0181818
4,hio,<code>hio</code>,1,0.0181818
4,holdlice,<code>holdlice</code>,1,0.0181818
4,hyre,<code>hyre</code>,1,0.0181818
4,ic,<code>ic</code>,1,0.0181818
4,in,<code>in</code>,1,0.0181818
4,l&aelig;te&eth;,<code>l&amp;ae;te&amp;d;</code>,1,0.0181818
4,ne,<code>ne</code>,1,0.0181818
4,nebb,<code>nebb</code>,1,0.0181818
4,ni&thorn;erweard,<code>ni&amp;t;erweard</code>,1,0.0181818
4,nytte,<code>nytte</code>,1,0.0181818
4,on,<code>on</code>,1,0.0181818
2,ond,<code>ond</code>,2,0.0363636
4,sece&eth;,<code>sece&amp;d;</code>,1,0.0181818
4,seo,<code>seo</code>,1,0.0181818
4,sta&thorn;olwonge,<code>sta&amp;t;olwonge</code>,1,0.0181818
4,stille,<code>stille</code>,1,0.0181818
4,stondan,<code>stondan</code>,1,0.0181818
4,to,<code>to</code>,1,0.0181818
4,to&thorn;a,<code>to&amp;t;a</code>,1,0.0181818
4,tyh&eth;,<code>tyh&amp;d;</code>,1,0.0181818
4,w&aelig;&thorn;e&eth;,<code>w&amp;ae;&amp;t;e&amp;d;</code>,1,0.0181818
4,weallas,<code>weallas</code>,1,0.0181818
4,wera,<code>wera</code>,1,0.0181818
4,wiht,<code>wiht</code>,1,0.0181818
4,wlitigan,<code>wlitigan</code>,1,0.0181818
4,wyrte,<code>wyrte</code>,1,0.0181818
4,wyrtum,<code>wyrtum</code>,1,0.0181818
