A_Poetry,A03,A03.022.019_Rid_19_T00500.txt,43,38,51
RANK,HTML WORD,RAW WORD,COUNT,RELATIVE FREQUENCY
6,&thorn;r&aelig;gan,<code>&amp;t;r&amp;ae;gan</code>,1,0.0196078
6,&thorn;y,<code>&amp;t;y</code>,1,0.0196078
3,a,<code>a</code>,2,0.0392157
6,beorhtre,<code>beorhtre</code>,1,0.0196078
6,c,<code>c</code>,1,0.0196078
6,e,<code>e</code>,1,0.0196078
6,f,<code>f</code>,1,0.0196078
6,ferede,<code>ferede</code>,1,0.0196078
6,for,<code>for</code>,1,0.0196078
6,g,<code>g</code>,1,0.0196078
3,h,<code>h</code>,2,0.0392157
6,h&aelig;fde,<code>h&amp;ae;fde</code>,1,0.0196078
6,hatte,<code>hatte</code>,1,0.0196078
6,heafodbeorhtne,<code>heafodbeorhtne</code>,1,0.0196078
6,hilde&thorn;ry&thorn;e,<code>hilde&amp;t;ry&amp;t;e</code>,1,0.0196078
6,him,<code>him</code>,1,0.0196078
6,hrycge,<code>hrycge</code>,1,0.0196078
6,hw&aelig;t,<code>hw&amp;ae;t</code>,1,0.0196078
6,hygewloncne,<code>hygewloncne</code>,1,0.0196078
3,ic,<code>ic</code>,2,0.0392157
6,m,<code>m</code>,1,0.0196078
6,n,<code>n</code>,1,0.0196078
6,n&aelig;gledne,<code>n&amp;ae;gledne</code>,1,0.0196078
1,o,<code>o</code>,4,0.0784314
6,ofer,<code>ofer</code>,1,0.0196078
2,on,<code>on</code>,3,0.0588235
6,r,<code>r</code>,1,0.0196078
6,rad,<code>rad</code>,1,0.0196078
6,rade,<code>rade</code>,1,0.0196078
6,rofne,<code>rofne</code>,1,0.0196078
6,rynestrong,<code>rynestrong</code>,1,0.0196078
6,s,<code>s</code>,1,0.0196078
6,s&aelig;lwong,<code>s&amp;ae;lwong</code>,1,0.0196078
6,saga,<code>saga</code>,1,0.0196078
6,seah,<code>seah</code>,1,0.0196078
6,si&thorn;e,<code>si&amp;t;e</code>,1,0.0196078
6,si&thorn;f&aelig;t,<code>si&amp;t;f&amp;ae;t</code>,1,0.0196078
6,swi&thorn;e,<code>swi&amp;t;e</code>,1,0.0196078
6,swiftne,<code>swiftne</code>,1,0.0196078
6,swylcra,<code>swylcra</code>,1,0.0196078
6,w,<code>w</code>,1,0.0196078
6,w&aelig;s,<code>w&amp;ae;s</code>,1,0.0196078
6,widlast,<code>widlast</code>,1,0.0196078
