A_Poetry,A03,A03.022.045_Rid_45_T00760.txt,23,22,24
RANK,HTML WORD,RAW WORD,COUNT,RELATIVE FREQUENCY
2,&thorn;&aelig;t,<code>&amp;t;&amp;ae;t</code>,1,0.0416667
2,&thorn;eahte,<code>&amp;t;eahte</code>,1,0.0416667
2,&thorn;ecene,<code>&amp;t;ecene</code>,1,0.0416667
2,&thorn;eodnes,<code>&amp;t;eodnes</code>,1,0.0416667
2,&thorn;indan,<code>&amp;t;indan</code>,1,0.0416667
2,&thorn;ing,<code>&amp;t;ing</code>,1,0.0416667
2,&thorn;rindende,<code>&amp;t;rindende</code>,1,0.0416667
2,&thorn;unian,<code>&amp;t;unian</code>,1,0.0416667
2,banlease,<code>banlease</code>,1,0.0416667
2,bryd,<code>bryd</code>,1,0.0416667
2,dohtor,<code>dohtor</code>,1,0.0416667
2,gefr&aelig;gn,<code>gefr&amp;ae;gn</code>,1,0.0416667
2,grapode,<code>grapode</code>,1,0.0416667
2,hebban,<code>hebban</code>,1,0.0416667
2,hondum,<code>hondum</code>,1,0.0416667
2,hr&aelig;gle,<code>hr&amp;ae;gle</code>,1,0.0416667
2,hygewlonc,<code>hygewlonc</code>,1,0.0416667
2,ic,<code>ic</code>,1,0.0416667
2,nathw&aelig;t,<code>nathw&amp;ae;t</code>,1,0.0416667
1,on,<code>on</code>,2,0.0833333
2,ond,<code>ond</code>,1,0.0416667
2,weaxan,<code>weaxan</code>,1,0.0416667
2,wincle,<code>wincle</code>,1,0.0416667
