A_Poetry,A03,A03.034.001_Rid_61_T01030.txt,46,44,49
RANK,HTML WORD,RAW WORD,COUNT,RELATIVE FREQUENCY
3,&thorn;&aelig;s,<code>&amp;t;&amp;ae;s</code>,1,0.0204082
3,&thorn;eodne,<code>&amp;t;eodne</code>,1,0.0204082
3,ateah,<code>ateah</code>,1,0.0204082
3,bileac,<code>bileac</code>,1,0.0204082
3,dohte,<code>dohte</code>,1,0.0204082
3,earce,<code>earce</code>,1,0.0204082
3,ellen,<code>ellen</code>,1,0.0204082
3,f&aelig;ste,<code>f&amp;ae;ste</code>,1,0.0204082
3,fegde,<code>fegde</code>,1,0.0204082
3,folmum,<code>folmum</code>,1,0.0204082
3,fr&aelig;twedne,<code>fr&amp;ae;twedne</code>,1,0.0204082
3,frean,<code>frean</code>,1,0.0204082
3,freolicu,<code>freolicu</code>,1,0.0204082
3,fyllan,<code>fyllan</code>,1,0.0204082
3,gif,<code>gif</code>,1,0.0204082
3,haten,<code>haten</code>,1,0.0204082
3,heafod,<code>heafod</code>,1,0.0204082
3,hio,<code>hio</code>,1,0.0204082
3,holdum,<code>holdum</code>,1,0.0204082
3,hre&thorn;re,<code>hre&amp;t;re</code>,1,0.0204082
3,hw&aelig;t,<code>hw&amp;ae;t</code>,1,0.0204082
3,hwilum,<code>hwilum</code>,1,0.0204082
3,ic,<code>ic</code>,1,0.0204082
3,ides,<code>ides</code>,1,0.0204082
3,m&aelig;ne,<code>m&amp;ae;ne</code>,1,0.0204082
3,me,<code>me</code>,1,0.0204082
2,mec,<code>mec</code>,2,0.0408163
3,meowle,<code>meowle</code>,1,0.0204082
3,nathw&aelig;t,<code>nathw&amp;ae;t</code>,1,0.0204082
3,nearo,<code>nearo</code>,1,0.0204082
3,nio&thorn;an,<code>nio&amp;t;an</code>,1,0.0204082
3,oft,<code>oft</code>,1,0.0204082
1,on,<code>on</code>,3,0.0612245
3,ond,<code>ond</code>,1,0.0204082
3,ondfengan,<code>ondfengan</code>,1,0.0204082
3,r&aelig;d,<code>r&amp;ae;d</code>,1,0.0204082
3,ruwes,<code>ruwes</code>,1,0.0204082
3,sceolde,<code>sceolde</code>,1,0.0204082
3,sealde,<code>sealde</code>,1,0.0204082
3,si&eth;&thorn;an,<code>si&amp;d;&amp;t;an</code>,1,0.0204082
3,sinum,<code>sinum</code>,1,0.0204082
3,sticade,<code>sticade</code>,1,0.0204082
3,swa,<code>swa</code>,1,0.0204082
3,up,<code>up</code>,1,0.0204082
3,upweardne,<code>upweardne</code>,1,0.0204082
3,w&aelig;s,<code>w&amp;ae;s</code>,1,0.0204082
