A_Poetry,A03,A03.008_Prec_T00180.txt,333,250,570
RANK,HTML WORD,RAW WORD,COUNT,RELATIVE FREQUENCY
84,&aelig;feste,<code>&amp;ae;feste</code>,1,0.0017544
84,&aelig;fre,<code>&amp;ae;fre</code>,1,0.0017544
84,&aelig;lda,<code>&amp;ae;lda</code>,1,0.0017544
84,&aelig;ngum,<code>&amp;ae;ngum</code>,1,0.0017544
84,&aelig;wiscmod,<code>&amp;ae;wiscmod</code>,1,0.0017544
84,&eth;riddan,<code>&amp;d;riddan</code>,1,0.0017544
84,&eth;us,<code>&amp;d;us</code>,1,0.0017544
84,&thorn;&aelig;r,<code>&amp;t;&amp;ae;r</code>,1,0.0017544
8,&thorn;&aelig;t,<code>&amp;t;&amp;ae;t</code>,7,0.0122807
42,&thorn;&aelig;tte,<code>&amp;t;&amp;ae;tte</code>,2,0.0035088
42,&thorn;a,<code>&amp;t;a</code>,2,0.0035088
42,&thorn;am,<code>&amp;t;am</code>,2,0.0035088
2,&thorn;e,<code>&amp;t;e</code>,15,0.0263158
84,&thorn;eah,<code>&amp;t;eah</code>,1,0.0017544
17,&thorn;ec,<code>&amp;t;ec</code>,5,0.0087719
84,&thorn;enden,<code>&amp;t;enden</code>,1,0.0017544
84,&thorn;eodscype,<code>&amp;t;eodscype</code>,1,0.0017544
84,&thorn;in,<code>&amp;t;in</code>,1,0.0017544
84,&thorn;ine,<code>&amp;t;ine</code>,1,0.0017544
84,&thorn;inne,<code>&amp;t;inne</code>,1,0.0017544
17,&thorn;inum,<code>&amp;t;inum</code>,5,0.0087719
22,&thorn;is,<code>&amp;t;is</code>,4,0.0070175
84,&thorn;oncsnottor,<code>&amp;t;oncsnottor</code>,1,0.0017544
33,&thorn;onne,<code>&amp;t;onne</code>,3,0.0052632
3,&thorn;u,<code>&amp;t;u</code>,12,0.0210526
84,&thorn;unge,<code>&amp;t;unge</code>,1,0.0017544
84,&thorn;urh,<code>&amp;t;urh</code>,1,0.0017544
42,&thorn;y,<code>&amp;t;y</code>,2,0.0035088
6,a,<code>a</code>,9,0.0157895
13,ac,<code>ac</code>,6,0.0105263
84,anne,<code>anne</code>,1,0.0017544
84,arf&aelig;st,<code>arf&amp;ae;st</code>,1,0.0017544
84,asigan,<code>asigan</code>,1,0.0017544
84,aswic,<code>aswic</code>,1,0.0017544
22,bearn,<code>bearn</code>,4,0.0070175
42,beo,<code>beo</code>,2,0.0035088
84,beorg,<code>beorg</code>,1,0.0017544
84,ber,<code>ber</code>,1,0.0017544
84,betran,<code>betran</code>,1,0.0017544
33,bi&eth;,<code>bi&amp;d;</code>,3,0.0052632
84,bi&thorn;,<code>bi&amp;t;</code>,1,0.0017544
84,bibod,<code>bibod</code>,1,0.0017544
84,bismitan,<code>bismitan</code>,1,0.0017544
84,bli&eth;ne,<code>bli&amp;d;ne</code>,1,0.0017544
84,blissa&eth;,<code>blissa&amp;d;</code>,1,0.0017544
84,breahtme,<code>breahtme</code>,1,0.0017544
84,breostcofan,<code>breostcofan</code>,1,0.0017544
84,breostge&thorn;oncum,<code>breostge&amp;t;oncum</code>,1,0.0017544
84,breostgehygdum,<code>breostgehygdum</code>,1,0.0017544
84,breostum,<code>breostum</code>,1,0.0017544
84,brosna&eth;,<code>brosna&amp;d;</code>,1,0.0017544
84,bruce&thorn;,<code>bruce&amp;t;</code>,1,0.0017544
84,cola&eth;,<code>cola&amp;d;</code>,1,0.0017544
84,cystum,<code>cystum</code>,1,0.0017544
84,d&aelig;da,<code>d&amp;ae;da</code>,1,0.0017544
84,deag,<code>deag</code>,1,0.0017544
84,deah,<code>deah</code>,1,0.0017544
84,do,<code>do</code>,1,0.0017544
84,dol,<code>dol</code>,1,0.0017544
84,dollic,<code>dollic</code>,1,0.0017544
84,domas,<code>domas</code>,1,0.0017544
84,don,<code>don</code>,1,0.0017544
84,druncen,<code>druncen</code>,1,0.0017544
84,dryme&eth;,<code>dryme&amp;d;</code>,1,0.0017544
84,duge,<code>duge</code>,1,0.0017544
84,eades,<code>eades</code>,1,0.0017544
84,eadwelan,<code>eadwelan</code>,1,0.0017544
42,eaforan,<code>eaforan</code>,2,0.0035088
84,eahta,<code>eahta</code>,1,0.0017544
84,eahto&thorn;an,<code>eahto&amp;t;an</code>,1,0.0017544
22,eald,<code>eald</code>,4,0.0070175
84,efn,<code>efn</code>,1,0.0017544
17,eft,<code>eft</code>,5,0.0087719
84,ellen,<code>ellen</code>,1,0.0017544
22,elne,<code>elne</code>,4,0.0070175
84,f&aelig;cne,<code>f&amp;ae;cne</code>,1,0.0017544
7,f&aelig;der,<code>f&amp;ae;der</code>,8,0.0140351
84,f&aelig;gerwyrde,<code>f&amp;ae;gerwyrde</code>,1,0.0017544
84,f&aelig;h&thorn;e,<code>f&amp;ae;h&amp;t;e</code>,1,0.0017544
42,fela,<code>fela</code>,2,0.0035088
84,feond,<code>feond</code>,1,0.0017544
84,feor&thorn;an,<code>feor&amp;t;an</code>,1,0.0017544
84,feore,<code>feore</code>,1,0.0017544
84,feorma,<code>feorma</code>,1,0.0017544
42,fer&eth;e,<code>fer&amp;d;e</code>,2,0.0035088
84,fiftan,<code>fiftan</code>,1,0.0017544
84,firena,<code>firena</code>,1,0.0017544
84,firene,<code>firene</code>,1,0.0017544
84,firenum,<code>firenum</code>,1,0.0017544
84,flyh&eth;,<code>flyh&amp;d;</code>,1,0.0017544
84,folca,<code>folca</code>,1,0.0017544
84,for,<code>for</code>,1,0.0017544
84,for&eth;,<code>for&amp;d;</code>,1,0.0017544
84,for&eth;gesceaft,<code>for&amp;d;gesceaft</code>,1,0.0017544
84,for&eth;on,<code>for&amp;d;on</code>,1,0.0017544
84,fore,<code>fore</code>,1,0.0017544
84,forl&aelig;ta&thorn;,<code>forl&amp;ae;ta&amp;t;</code>,1,0.0017544
84,fraco&thorn;e,<code>fraco&amp;t;e</code>,1,0.0017544
84,frea,<code>frea</code>,1,0.0017544
84,frean,<code>frean</code>,1,0.0017544
84,fremdre,<code>fremdre</code>,1,0.0017544
84,freme,<code>freme</code>,1,0.0017544
84,freme&eth;,<code>freme&amp;d;</code>,1,0.0017544
84,freo,<code>freo</code>,1,0.0017544
84,freobearn,<code>freobearn</code>,1,0.0017544
42,freonde,<code>freonde</code>,2,0.0035088
33,frod,<code>frod</code>,3,0.0052632
84,frode,<code>frode</code>,1,0.0017544
84,ful,<code>ful</code>,1,0.0017544
84,fultum,<code>fultum</code>,1,0.0017544
42,fyrngewritu,<code>fyrngewritu</code>,2,0.0035088
84,ge&thorn;afa,<code>ge&amp;t;afa</code>,1,0.0017544
84,ge&thorn;oht,<code>ge&amp;t;oht</code>,1,0.0017544
84,geare,<code>geare</code>,1,0.0017544
84,geceos,<code>geceos</code>,1,0.0017544
84,ged&aelig;led,<code>ged&amp;ae;led</code>,1,0.0017544
84,gegrette,<code>gegrette</code>,1,0.0017544
42,geheald,<code>geheald</code>,2,0.0035088
84,geheortum,<code>geheortum</code>,1,0.0017544
84,gehw&aelig;re,<code>gehw&amp;ae;re</code>,1,0.0017544
84,gehwylc,<code>gehwylc</code>,1,0.0017544
84,gehwylces,<code>gehwylces</code>,1,0.0017544
84,gehwylcne,<code>gehwylcne</code>,1,0.0017544
42,gehygdum,<code>gehygdum</code>,2,0.0035088
84,gemetlice,<code>gemetlice</code>,1,0.0017544
84,gemunde,<code>gemunde</code>,1,0.0017544
84,gemynd,<code>gemynd</code>,1,0.0017544
84,gemyne,<code>gemyne</code>,1,0.0017544
84,genim,<code>genim</code>,1,0.0017544
84,geofona,<code>geofona</code>,1,0.0017544
84,geongum,<code>geongum</code>,1,0.0017544
84,georn,<code>georn</code>,1,0.0017544
84,geornast,<code>geornast</code>,1,0.0017544
84,georne,<code>georne</code>,1,0.0017544
84,geotende,<code>geotende</code>,1,0.0017544
84,gerisnum,<code>gerisnum</code>,1,0.0017544
84,gesprecan,<code>gesprecan</code>,1,0.0017544
84,gewealdan,<code>gewealdan</code>,1,0.0017544
84,gewita,<code>gewita</code>,1,0.0017544
84,gewite&eth;,<code>gewite&amp;d;</code>,1,0.0017544
84,gewuna,<code>gewuna</code>,1,0.0017544
84,gewyrhta,<code>gewyrhta</code>,1,0.0017544
84,gewyrhtu,<code>gewyrhtu</code>,1,0.0017544
84,geyced,<code>geyced</code>,1,0.0017544
84,giedda,<code>giedda</code>,1,0.0017544
84,gielde&eth;,<code>gielde&amp;d;</code>,1,0.0017544
84,gielp,<code>gielp</code>,1,0.0017544
42,gif,<code>gif</code>,2,0.0035088
84,gleaw,<code>gleaw</code>,1,0.0017544
22,god,<code>god</code>,4,0.0070175
84,goda,<code>goda</code>,1,0.0017544
42,gode,<code>gode</code>,2,0.0035088
84,gomola,<code>gomola</code>,1,0.0017544
84,grund,<code>grund</code>,1,0.0017544
33,guma,<code>guma</code>,3,0.0052632
42,h&aelig;le,<code>h&amp;ae;le</code>,2,0.0035088
84,habba&eth;,<code>habba&amp;d;</code>,1,0.0017544
84,hafa,<code>hafa</code>,1,0.0017544
84,haligra,<code>haligra</code>,1,0.0017544
13,he,<code>he</code>,6,0.0105263
84,heah,<code>heah</code>,1,0.0017544
42,heald,<code>heald</code>,2,0.0035088
42,healdan,<code>healdan</code>,2,0.0035088
84,heoroworda,<code>heoroworda</code>,1,0.0017544
84,heortan,<code>heortan</code>,1,0.0017544
84,her,<code>her</code>,1,0.0017544
84,hi,<code>hi</code>,1,0.0017544
13,him,<code>him</code>,6,0.0105263
8,his,<code>his</code>,7,0.0122807
84,hit,<code>hit</code>,1,0.0017544
84,hleotan,<code>hleotan</code>,1,0.0017544
84,hlud,<code>hlud</code>,1,0.0017544
84,hre&thorn;re,<code>hre&amp;t;re</code>,1,0.0017544
42,hw&aelig;t,<code>hw&amp;ae;t</code>,2,0.0035088
84,hycgan,<code>hycgan</code>,1,0.0017544
33,hyge,<code>hyge</code>,3,0.0052632
84,hyhte,<code>hyhte</code>,1,0.0017544
84,hyrde,<code>hyrde</code>,1,0.0017544
84,idese,<code>idese</code>,1,0.0017544
84,idla&eth;,<code>idla&amp;d;</code>,1,0.0017544
4,in,<code>in</code>,10,0.0175439
33,l&aelig;ran,<code>l&amp;ae;ran</code>,3,0.0052632
22,l&aelig;rde,<code>l&amp;ae;rde</code>,4,0.0070175
84,l&aelig;rgedefe,<code>l&amp;ae;rgedefe</code>,1,0.0017544
84,l&aelig;s,<code>l&amp;ae;s</code>,1,0.0017544
22,l&aelig;t,<code>l&amp;ae;t</code>,4,0.0070175
84,la&eth;licre,<code>la&amp;d;licre</code>,1,0.0017544
84,lara,<code>lara</code>,1,0.0017544
42,lare,<code>lare</code>,2,0.0035088
84,lareowas,<code>lareowas</code>,1,0.0017544
84,leofe,<code>leofe</code>,1,0.0017544
84,leofwende,<code>leofwende</code>,1,0.0017544
84,leoht,<code>leoht</code>,1,0.0017544
84,leorna,<code>leorna</code>,1,0.0017544
84,lifge,<code>lifge</code>,1,0.0017544
84,long,<code>long</code>,1,0.0017544
22,lufan,<code>lufan</code>,4,0.0070175
84,lyge,<code>lyge</code>,1,0.0017544
84,m&aelig;g,<code>m&amp;ae;g</code>,1,0.0017544
84,m&aelig;g&eth;e,<code>m&amp;ae;g&amp;d;e</code>,1,0.0017544
42,m&aelig;ge,<code>m&amp;ae;ge</code>,2,0.0035088
42,maga,<code>maga</code>,2,0.0035088
84,magan,<code>magan</code>,1,0.0017544
84,mago,<code>mago</code>,1,0.0017544
42,man,<code>man</code>,2,0.0035088
84,meahtum,<code>meahtum</code>,1,0.0017544
42,men,<code>men</code>,2,0.0035088
42,meotud,<code>meotud</code>,2,0.0035088
84,meotudes,<code>meotudes</code>,1,0.0017544
84,meowlan,<code>meowlan</code>,1,0.0017544
33,mid,<code>mid</code>,3,0.0052632
84,mildum,<code>mildum</code>,1,0.0017544
84,min,<code>min</code>,1,0.0017544
22,mode,<code>mode</code>,4,0.0070175
84,modes,<code>modes</code>,1,0.0017544
84,modleofne,<code>modleofne</code>,1,0.0017544
84,modor,<code>modor</code>,1,0.0017544
84,modsnottor,<code>modsnottor</code>,1,0.0017544
42,mon,<code>mon</code>,2,0.0035088
84,monian,<code>monian</code>,1,0.0017544
84,monig,<code>monig</code>,1,0.0017544
84,mu&thorn;e,<code>mu&amp;t;e</code>,1,0.0017544
42,n&aelig;fre,<code>n&amp;ae;fre</code>,2,0.0035088
84,n&aelig;gde,<code>n&amp;ae;gde</code>,1,0.0017544
84,nales,<code>nales</code>,1,0.0017544
4,ne,<code>ne</code>,10,0.0175439
84,nefne,<code>nefne</code>,1,0.0017544
84,ni&eth;,<code>ni&amp;d;</code>,1,0.0017544
84,nige&thorn;an,<code>nige&amp;t;an</code>,1,0.0017544
84,nis,<code>nis</code>,1,0.0017544
84,no,<code>no</code>,1,0.0017544
84,nu,<code>nu</code>,1,0.0017544
84,o&thorn;&thorn;e,<code>o&amp;t;&amp;t;e</code>,1,0.0017544
84,o&thorn;re,<code>o&amp;t;re</code>,1,0.0017544
42,o&thorn;rum,<code>o&amp;t;rum</code>,2,0.0035088
84,ofer,<code>ofer</code>,1,0.0017544
84,oft,<code>oft</code>,1,0.0017544
8,on,<code>on</code>,7,0.0122807
84,oncunne,<code>oncunne</code>,1,0.0017544
1,ond,<code>ond</code>,17,0.0298246
84,ondgit,<code>ondgit</code>,1,0.0017544
84,ongieldan,<code>ongieldan</code>,1,0.0017544
84,ongiet,<code>ongiet</code>,1,0.0017544
22,ongon,<code>ongon</code>,4,0.0070175
84,r&aelig;dhycgende,<code>r&amp;ae;dhycgende</code>,1,0.0017544
84,r&aelig;fn,<code>r&amp;ae;fn</code>,1,0.0017544
84,rice,<code>rice</code>,1,0.0017544
84,ryht,<code>ryht</code>,1,0.0017544
84,ryhtum,<code>ryhtum</code>,1,0.0017544
42,s&aelig;gde,<code>s&amp;ae;gde</code>,2,0.0035088
84,sawelsusles,<code>sawelsusles</code>,1,0.0017544
84,sawle,<code>sawle</code>,1,0.0017544
22,sceal,<code>sceal</code>,4,0.0070175
84,scearpe,<code>scearpe</code>,1,0.0017544
84,scome,<code>scome</code>,1,0.0017544
84,scyppend,<code>scyppend</code>,1,0.0017544
42,se,<code>se</code>,2,0.0035088
84,secge,<code>secge</code>,1,0.0017544
33,sefan,<code>sefan</code>,3,0.0052632
84,seldan,<code>seldan</code>,1,0.0017544
84,seldon,<code>seldon</code>,1,0.0017544
84,selle,<code>selle</code>,1,0.0017544
84,seofe&thorn;an,<code>seofe&amp;t;an</code>,1,0.0017544
84,si&eth;e,<code>si&amp;d;e</code>,1,0.0017544
8,si&thorn;e,<code>si&amp;t;e</code>,7,0.0122807
84,si&thorn;ian,<code>si&amp;t;ian</code>,1,0.0017544
84,siextan,<code>siextan</code>,1,0.0017544
84,simle,<code>simle</code>,1,0.0017544
42,snottor,<code>snottor</code>,2,0.0035088
84,snyttra,<code>snyttra</code>,1,0.0017544
84,so&eth;,<code>so&amp;d;</code>,1,0.0017544
84,so&thorn;,<code>so&amp;t;</code>,1,0.0017544
84,sorgful,<code>sorgful</code>,1,0.0017544
84,sorgleas,<code>sorgleas</code>,1,0.0017544
84,spedig,<code>spedig</code>,1,0.0017544
84,spella,<code>spella</code>,1,0.0017544
84,sundorwine,<code>sundorwine</code>,1,0.0017544
42,sunu,<code>sunu</code>,2,0.0035088
84,sw&aelig;s,<code>sw&amp;ae;s</code>,1,0.0017544
33,swa,<code>swa</code>,3,0.0052632
84,swi&thorn;or,<code>swi&amp;t;or</code>,1,0.0017544
42,swylce,<code>swylce</code>,2,0.0035088
17,sy,<code>sy</code>,5,0.0087719
84,sy&thorn;e,<code>sy&amp;t;e</code>,1,0.0017544
84,syge,<code>syge</code>,1,0.0017544
84,sylfum,<code>sylfum</code>,1,0.0017544
13,symle,<code>symle</code>,6,0.0105263
84,t&aelig;lende,<code>t&amp;ae;lende</code>,1,0.0017544
84,teo&thorn;an,<code>teo&amp;t;an</code>,1,0.0017544
8,to,<code>to</code>,7,0.0122807
84,tornsorgna,<code>tornsorgna</code>,1,0.0017544
84,toscead,<code>toscead</code>,1,0.0017544
84,trymmen,<code>trymmen</code>,1,0.0017544
84,tweospr&aelig;ce,<code>tweospr&amp;ae;ce</code>,1,0.0017544
84,u&eth;wita,<code>u&amp;d;wita</code>,1,0.0017544
84,w&aelig;r,<code>w&amp;ae;r</code>,1,0.0017544
84,w&aelig;rwyrde,<code>w&amp;ae;rwyrde</code>,1,0.0017544
42,warna&eth;,<code>warna&amp;d;</code>,2,0.0035088
84,wast,<code>wast</code>,1,0.0017544
84,wel,<code>wel</code>,1,0.0017544
84,wen,<code>wen</code>,1,0.0017544
42,wene,<code>wene</code>,2,0.0035088
84,weor&eth;e,<code>weor&amp;d;e</code>,1,0.0017544
84,weoruda,<code>weoruda</code>,1,0.0017544
42,wes,<code>wes</code>,2,0.0035088
17,wi&eth;,<code>wi&amp;d;</code>,5,0.0087719
84,widan,<code>widan</code>,1,0.0017544
84,wifes,<code>wifes</code>,1,0.0017544
84,wiht,<code>wiht</code>,1,0.0017544
84,willan,<code>willan</code>,1,0.0017544
84,wille,<code>wille</code>,1,0.0017544
84,wis,<code>wis</code>,1,0.0017544
42,wisdom,<code>wisdom</code>,2,0.0035088
84,wisdomes,<code>wisdomes</code>,1,0.0017544
42,wisf&aelig;st,<code>wisf&amp;ae;st</code>,2,0.0035088
84,wisf&aelig;stum,<code>wisf&amp;ae;stum</code>,1,0.0017544
42,wite,<code>wite</code>,2,0.0035088
84,wom,<code>wom</code>,1,0.0017544
84,wommas,<code>wommas</code>,1,0.0017544
84,wommes,<code>wommes</code>,1,0.0017544
84,word,<code>word</code>,1,0.0017544
42,worda,<code>worda</code>,2,0.0035088
42,wordum,<code>wordum</code>,2,0.0035088
84,worn,<code>worn</code>,1,0.0017544
84,wuna&eth;,<code>wuna&amp;d;</code>,1,0.0017544
84,wylme,<code>wylme</code>,1,0.0017544
84,wyrsa,<code>wyrsa</code>,1,0.0017544
84,wyrsan,<code>wyrsan</code>,1,0.0017544
84,yfel,<code>yfel</code>,1,0.0017544
84,yfles,<code>yfles</code>,1,0.0017544
84,yldrum,<code>yldrum</code>,1,0.0017544
42,ymb,<code>ymb</code>,2,0.0035088
42,yrre,<code>yrre</code>,2,0.0035088
