A_Poetry,A03,A03.030_HomFr_II_T00980.txt,89,80,104
RANK,HTML WORD,RAW WORD,COUNT,RELATIVE FREQUENCY
10,&eth;&aelig;r,<code>&amp;d;&amp;ae;r</code>,1,0.0096154
10,&thorn;a,<code>&amp;t;a</code>,1,0.0096154
10,&thorn;am,<code>&amp;t;am</code>,1,0.0096154
10,&thorn;as,<code>&amp;t;as</code>,1,0.0096154
10,&thorn;eah,<code>&amp;t;eah</code>,1,0.0096154
4,&thorn;eos,<code>&amp;t;eos</code>,2,0.0192308
10,&thorn;inne,<code>&amp;t;inne</code>,1,0.0096154
10,&thorn;inum,<code>&amp;t;inum</code>,1,0.0096154
10,&thorn;ystre,<code>&amp;t;ystre</code>,1,0.0096154
1,an,<code>an</code>,5,0.0480769
10,ar&aelig;r,<code>ar&amp;ae;r</code>,1,0.0096154
10,aweox,<code>aweox</code>,1,0.0096154
10,beorht,<code>beorht</code>,1,0.0096154
10,bi&thorn;,<code>bi&amp;t;</code>,1,0.0096154
10,bi&thorn;eaht,<code>bi&amp;t;eaht</code>,1,0.0096154
10,bind,<code>bind</code>,1,0.0096154
10,br,<code>br</code>,1,0.0096154
4,dom,<code>dom</code>,2,0.0192308
10,dreamas,<code>dreamas</code>,1,0.0096154
10,dreoge&eth;,<code>dreoge&amp;d;</code>,1,0.0096154
10,dryhtne,<code>dryhtne</code>,1,0.0096154
10,dugu&eth;e,<code>dugu&amp;d;e</code>,1,0.0096154
10,e,<code>e</code>,1,0.0096154
10,ealles,<code>ealles</code>,1,0.0096154
10,ece,<code>ece</code>,1,0.0096154
10,edygled,<code>edygled</code>,1,0.0096154
10,f&aelig;der,<code>f&amp;ae;der</code>,1,0.0096154
10,f&aelig;ste,<code>f&amp;ae;ste</code>,1,0.0096154
10,fare&eth;,<code>fare&amp;d;</code>,1,0.0096154
10,fer&eth;e,<code>fer&amp;d;e</code>,1,0.0096154
10,folces,<code>folces</code>,1,0.0096154
10,foldan,<code>foldan</code>,1,0.0096154
10,frofre,<code>frofre</code>,1,0.0096154
10,fruma,<code>fruma</code>,1,0.0096154
10,fulwiht,<code>fulwiht</code>,1,0.0096154
10,g&aelig;ste,<code>g&amp;ae;ste</code>,1,0.0096154
10,ge&thorn;eoh,<code>ge&amp;t;eoh</code>,1,0.0096154
10,gefeoh,<code>gefeoh</code>,1,0.0096154
10,gehyded,<code>gehyded</code>,1,0.0096154
10,geleafa,<code>geleafa</code>,1,0.0096154
10,gelicade,<code>gelicade</code>,1,0.0096154
10,geong,<code>geong</code>,1,0.0096154
10,gesceaft,<code>gesceaft</code>,1,0.0096154
10,gesceap,<code>gesceap</code>,1,0.0096154
10,gesceop,<code>gesceop</code>,1,0.0096154
10,halgan,<code>halgan</code>,1,0.0096154
10,heald,<code>heald</code>,1,0.0096154
10,helme,<code>helme</code>,1,0.0096154
10,heolstre,<code>heolstre</code>,1,0.0096154
10,hordfate,<code>hordfate</code>,1,0.0096154
10,hordlocan,<code>hordlocan</code>,1,0.0096154
10,hwilum,<code>hwilum</code>,1,0.0096154
10,hyge,<code>hyge</code>,1,0.0096154
10,in,<code>in</code>,1,0.0096154
3,is,<code>is</code>,3,0.0288462
10,l&aelig;ne,<code>l&amp;ae;ne</code>,1,0.0096154
10,leohtes,<code>leohtes</code>,1,0.0096154
10,lifgende,<code>lifgende</code>,1,0.0096154
10,longe,<code>longe</code>,1,0.0096154
10,m&aelig;ge&eth;,<code>m&amp;ae;ge&amp;d;</code>,1,0.0096154
4,mid,<code>mid</code>,2,0.0192308
10,modhwatu,<code>modhwatu</code>,1,0.0096154
10,modsefan,<code>modsefan</code>,1,0.0096154
10,moncynne,<code>moncynne</code>,1,0.0096154
10,monig,<code>monig</code>,1,0.0096154
10,nu,<code>nu</code>,1,0.0096154
10,oferf&aelig;&eth;med,<code>oferf&amp;ae;&amp;d;med</code>,1,0.0096154
4,on,<code>on</code>,2,0.0192308
2,ond,<code>ond</code>,4,0.0384615
10,op,<code>op</code>,1,0.0096154
10,ordfruma,<code>ordfruma</code>,1,0.0096154
10,scan,<code>scan</code>,1,0.0096154
10,scurum,<code>scurum</code>,1,0.0096154
10,scynde&eth;,<code>scynde&amp;d;</code>,1,0.0096154
4,se,<code>se</code>,2,0.0192308
4,si&thorn;&thorn;an,<code>si&amp;t;&amp;t;an</code>,2,0.0192308
10,stode,<code>stode</code>,1,0.0096154
10,swa,<code>swa</code>,1,0.0096154
10,teora&eth;,<code>teora&amp;d;</code>,1,0.0096154
10,to,<code>to</code>,1,0.0096154
10,treowge&thorn;ofta,<code>treowge&amp;t;ofta</code>,1,0.0096154
10,treowum,<code>treowum</code>,1,0.0096154
10,uncu&thorn;,<code>uncu&amp;t;</code>,1,0.0096154
10,w&aelig;s,<code>w&amp;ae;s</code>,1,0.0096154
10,wacia&thorn;,<code>wacia&amp;t;</code>,1,0.0096154
10,wel,<code>wel</code>,1,0.0096154
10,weox,<code>weox</code>,1,0.0096154
10,wordbeot,<code>wordbeot</code>,1,0.0096154
10,woruld,<code>woruld</code>,1,0.0096154
