A_Poetry,A02,A02.003_Soul_I_T00070.txt,544,397,1084
RANK,HTML WORD,RAW WORD,COUNT,RELATIVE FREQUENCY
1,on,<code>on</code>,33,0.0304428
2,&eth;u,<code>&amp;d;u</code>,32,0.0295203
3,&thorn;&aelig;t,<code>&amp;t;&amp;ae;t</code>,26,0.0239852
4,ne,<code>ne</code>,25,0.0230627
4,ond,<code>ond</code>,25,0.0230627
6,&thorn;e,<code>&amp;t;e</code>,23,0.0212177
7,&thorn;onne,<code>&amp;t;onne</code>,18,0.0166052
8,me,<code>me</code>,17,0.0156827
9,to,<code>to</code>,16,0.0147601
10,&thorn;a,<code>&amp;t;a</code>,13,0.0119926
10,ic,<code>ic</code>,13,0.0119926
10,swa,<code>swa</code>,13,0.0119926
13,&aelig;r,<code>&amp;ae;r</code>,12,0.0110701
14,bi&eth;,<code>bi&amp;d;</code>,9,0.0083026
14,se,<code>se</code>,9,0.0083026
16,&aelig;t,<code>&amp;ae;t</code>,8,0.0073801
16,&eth;e,<code>&amp;d;e</code>,8,0.0073801
16,her,<code>her</code>,8,0.0073801
16,w&aelig;re,<code>w&amp;ae;re</code>,8,0.0073801
20,&thorn;&aelig;r,<code>&amp;t;&amp;ae;r</code>,7,0.0064576
20,hw&aelig;t,<code>hw&amp;ae;t</code>,7,0.0064576
22,&thorn;u,<code>&amp;t;u</code>,6,0.0055351
22,&thorn;urh,<code>&amp;t;urh</code>,6,0.0055351
22,gast,<code>gast</code>,6,0.0055351
22,of,<code>of</code>,6,0.0055351
22,wyt,<code>wyt</code>,6,0.0055351
27,&thorn;am,<code>&amp;t;am</code>,5,0.0046125
27,ac,<code>ac</code>,5,0.0046125
27,god,<code>god</code>,5,0.0046125
27,lichoman,<code>lichoman</code>,5,0.0046125
27,mid,<code>mid</code>,5,0.0046125
27,o&eth;&eth;e,<code>o&amp;d;&amp;d;e</code>,5,0.0046125
27,sawle,<code>sawle</code>,5,0.0046125
27,worulde,<code>worulde</code>,5,0.0046125
35,&eth;am,<code>&amp;d;am</code>,4,0.0036900
35,&thorn;&aelig;s,<code>&amp;t;&amp;ae;s</code>,4,0.0036900
35,&thorn;us,<code>&amp;t;us</code>,4,0.0036900
35,beo&eth;,<code>beo&amp;d;</code>,4,0.0036900
35,dryhten,<code>dryhten</code>,4,0.0036900
35,eor&eth;an,<code>eor&amp;d;an</code>,4,0.0036900
35,for&eth;an,<code>for&amp;d;an</code>,4,0.0036900
35,gode,<code>gode</code>,4,0.0036900
35,hie,<code>hie</code>,4,0.0036900
35,manna,<code>manna</code>,4,0.0036900
35,men,<code>men</code>,4,0.0036900
35,nu,<code>nu</code>,4,0.0036900
35,sy&eth;&eth;an,<code>sy&amp;d;&amp;d;an</code>,4,0.0036900
35,unc,<code>unc</code>,4,0.0036900
35,w&aelig;s,<code>w&amp;ae;s</code>,4,0.0036900
35,wiste,<code>wiste</code>,4,0.0036900
35,wolde,<code>wolde</code>,4,0.0036900
52,&aelig;fre,<code>&amp;ae;fre</code>,3,0.0027675
52,&eth;onne,<code>&amp;d;onne</code>,3,0.0027675
52,&thorn;eah,<code>&amp;t;eah</code>,3,0.0027675
52,&thorn;in,<code>&amp;t;in</code>,3,0.0027675
52,&thorn;ine,<code>&amp;t;ine</code>,3,0.0027675
52,&thorn;one,<code>&amp;t;one</code>,3,0.0027675
52,butan,<code>butan</code>,3,0.0027675
52,d&aelig;ge,<code>d&amp;ae;ge</code>,3,0.0027675
52,dome,<code>dome</code>,3,0.0027675
52,ealle,<code>ealle</code>,3,0.0027675
52,for,<code>for</code>,3,0.0027675
52,frofre,<code>frofre</code>,3,0.0027675
52,godes,<code>godes</code>,3,0.0027675
52,he,<code>he</code>,3,0.0027675
52,his,<code>his</code>,3,0.0027675
52,hu,<code>hu</code>,3,0.0027675
52,huru,<code>huru</code>,3,0.0027675
52,lange,<code>lange</code>,3,0.0027675
52,lyt,<code>lyt</code>,3,0.0027675
52,magon,<code>magon</code>,3,0.0027675
52,nan,<code>nan</code>,3,0.0027675
52,sceal,<code>sceal</code>,3,0.0027675
52,scealt,<code>scealt</code>,3,0.0027675
52,scrife,<code>scrife</code>,3,0.0027675
52,w&aelig;ron,<code>w&amp;ae;ron</code>,3,0.0027675
52,wyrma,<code>wyrma</code>,3,0.0027675
52,wyrmum,<code>wyrmum</code>,3,0.0027675
79,&aelig;lmihtig,<code>&amp;ae;lmihtig</code>,2,0.0018450
79,&aelig;tsomne,<code>&amp;ae;tsomne</code>,2,0.0018450
79,&thorn;inra,<code>&amp;t;inra</code>,2,0.0018450
79,&thorn;inre,<code>&amp;t;inre</code>,2,0.0018450
79,&thorn;y,<code>&amp;t;y</code>,2,0.0018450
79,a,<code>a</code>,2,0.0018450
79,beon,<code>beon</code>,2,0.0018450
79,bewunden,<code>bewunden</code>,2,0.0018450
79,brucan,<code>brucan</code>,2,0.0018450
79,cuman,<code>cuman</code>,2,0.0018450
79,d&aelig;dum,<code>d&amp;ae;dum</code>,2,0.0018450
79,dryhtne,<code>dryhtne</code>,2,0.0018450
79,drynces,<code>drynces</code>,2,0.0018450
79,eart,<code>eart</code>,2,0.0018450
79,ende,<code>ende</code>,2,0.0018450
79,f&aelig;der,<code>f&amp;ae;der</code>,2,0.0018450
79,fl&aelig;sce,<code>fl&amp;ae;sce</code>,2,0.0018450
79,for&thorn;an,<code>for&amp;t;an</code>,2,0.0018450
79,fram,<code>fram</code>,2,0.0018450
79,ful,<code>ful</code>,2,0.0018450
79,fyrenlustas,<code>fyrenlustas</code>,2,0.0018450
79,gastes,<code>gastes</code>,2,0.0018450
79,ge&thorn;ohtest,<code>ge&amp;t;ohtest</code>,2,0.0018450
79,gesecan,<code>gesecan</code>,2,0.0018450
79,gifre,<code>gifre</code>,2,0.0018450
79,goda,<code>goda</code>,2,0.0018450
79,greta&thorn;,<code>greta&amp;t;</code>,2,0.0018450
79,h&aelig;le&eth;a,<code>h&amp;ae;le&amp;d;a</code>,2,0.0018450
79,halige,<code>halige</code>,2,0.0018450
79,hand,<code>hand</code>,2,0.0018450
79,heafod,<code>heafod</code>,2,0.0018450
79,helle,<code>helle</code>,2,0.0018450
79,him,<code>him</code>,2,0.0018450
79,hit,<code>hit</code>,2,0.0018450
79,hwan,<code>hwan</code>,2,0.0018450
79,is,<code>is</code>,2,0.0018450
79,lang,<code>lang</code>,2,0.0018450
79,lic,<code>lic</code>,2,0.0018450
79,life,<code>life</code>,2,0.0018450
79,lustum,<code>lustum</code>,2,0.0018450
79,m&aelig;g,<code>m&amp;ae;g</code>,2,0.0018450
79,mannum,<code>mannum</code>,2,0.0018450
79,minum,<code>minum</code>,2,0.0018450
79,moldan,<code>moldan</code>,2,0.0018450
79,n&aelig;nigum,<code>n&amp;ae;nigum</code>,2,0.0018450
79,oft,<code>oft</code>,2,0.0018450
79,re&eth;e,<code>re&amp;d;e</code>,2,0.0018450
79,reorde,<code>reorde</code>,2,0.0018450
79,sawl,<code>sawl</code>,2,0.0018450
79,sceolde,<code>sceolde</code>,2,0.0018450
79,sculon,<code>sculon</code>,2,0.0018450
79,sealdest,<code>sealdest</code>,2,0.0018450
79,secan,<code>secan</code>,2,0.0018450
79,secgan,<code>secgan</code>,2,0.0018450
79,sylfes,<code>sylfes</code>,2,0.0018450
79,sylfum,<code>sylfum</code>,2,0.0018450
79,synt,<code>synt</code>,2,0.0018450
79,tungan,<code>tungan</code>,2,0.0018450
79,ufan,<code>ufan</code>,2,0.0018450
79,w&aelig;g,<code>w&amp;ae;g</code>,2,0.0018450
79,wat,<code>wat</code>,2,0.0018450
79,wi&eth;,<code>wi&amp;d;</code>,2,0.0018450
79,wintra,<code>wintra</code>,2,0.0018450
79,wite,<code>wite</code>,2,0.0018450
79,witum,<code>witum</code>,2,0.0018450
79,wordum,<code>wordum</code>,2,0.0018450
79,wuldor,<code>wuldor</code>,2,0.0018450
79,wurde,<code>wurde</code>,2,0.0018450
79,wyrmas,<code>wyrmas</code>,2,0.0018450
148,&aelig;ghwylc,<code>&amp;ae;ghwylc</code>,1,0.0009225
148,&aelig;ghwylcum,<code>&amp;ae;ghwylcum</code>,1,0.0009225
148,&aelig;hta,<code>&amp;ae;hta</code>,1,0.0009225
148,&aelig;nige,<code>&amp;ae;nige</code>,1,0.0009225
148,&aelig;rende,<code>&amp;ae;rende</code>,1,0.0009225
148,&aelig;rest,<code>&amp;ae;rest</code>,1,0.0009225
148,&aelig;tes,<code>&amp;ae;tes</code>,1,0.0009225
148,&aelig;twelan,<code>&amp;ae;twelan</code>,1,0.0009225
148,&eth;&aelig;s,<code>&amp;d;&amp;ae;s</code>,1,0.0009225
148,&thorn;&aelig;re,<code>&amp;t;&amp;ae;re</code>,1,0.0009225
148,&thorn;ara,<code>&amp;t;ara</code>,1,0.0009225
148,&thorn;earf,<code>&amp;t;earf</code>,1,0.0009225
148,&thorn;earft,<code>&amp;t;earft</code>,1,0.0009225
148,&thorn;eodcyning,<code>&amp;t;eodcyning</code>,1,0.0009225
148,&thorn;ing,<code>&amp;t;ing</code>,1,0.0009225
148,&thorn;inum,<code>&amp;t;inum</code>,1,0.0009225
148,&thorn;is,<code>&amp;t;is</code>,1,0.0009225
148,&thorn;on,<code>&amp;t;on</code>,1,0.0009225
148,&thorn;reo,<code>&amp;t;reo</code>,1,0.0009225
148,&thorn;rowian,<code>&amp;t;rowian</code>,1,0.0009225
148,&thorn;rymful,<code>&amp;t;rymful</code>,1,0.0009225
148,&thorn;rymlice,<code>&amp;t;rymlice</code>,1,0.0009225
148,&thorn;uhte,<code>&amp;t;uhte</code>,1,0.0009225
148,&thorn;unedest,<code>&amp;t;unedest</code>,1,0.0009225
148,&thorn;urfon,<code>&amp;t;urfon</code>,1,0.0009225
148,&thorn;urhete&eth;,<code>&amp;t;urhete&amp;d;</code>,1,0.0009225
148,&thorn;urhsmyh&eth;,<code>&amp;t;urhsmyh&amp;d;</code>,1,0.0009225
148,&thorn;usend,<code>&amp;t;usend</code>,1,0.0009225
148,&thorn;ysses,<code>&amp;t;ysses</code>,1,0.0009225
148,&thorn;yssum,<code>&amp;t;yssum</code>,1,0.0009225
148,acenneda,<code>acenneda</code>,1,0.0009225
148,acolod,<code>acolod</code>,1,0.0009225
148,adon,<code>adon</code>,1,0.0009225
148,agildan,<code>agildan</code>,1,0.0009225
148,agilpan,<code>agilpan</code>,1,0.0009225
148,ahofe,<code>ahofe</code>,1,0.0009225
148,ahtest,<code>ahtest</code>,1,0.0009225
148,ana,<code>ana</code>,1,0.0009225
148,andsware,<code>andsware</code>,1,0.0009225
148,andwyrdan,<code>andwyrdan</code>,1,0.0009225
148,anra,<code>anra</code>,1,0.0009225
148,arleasan,<code>arleasan</code>,1,0.0009225
148,arum,<code>arum</code>,1,0.0009225
148,asocene,<code>asocene</code>,1,0.0009225
148,asyndre&eth;,<code>asyndre&amp;d;</code>,1,0.0009225
148,aweaxen,<code>aweaxen</code>,1,0.0009225
148,awiht,<code>awiht</code>,1,0.0009225
148,awihte,<code>awihte</code>,1,0.0009225
148,b&aelig;m,<code>b&amp;ae;m</code>,1,0.0009225
148,ban,<code>ban</code>,1,0.0009225
148,beag,<code>beag</code>,1,0.0009225
148,becowen,<code>becowen</code>,1,0.0009225
148,befangen,<code>befangen</code>,1,0.0009225
148,behofa&eth;,<code>behofa&amp;d;</code>,1,0.0009225
148,beo&thorn;,<code>beo&amp;t;</code>,1,0.0009225
148,bereafod,<code>bereafod</code>,1,0.0009225
148,besliten,<code>besliten</code>,1,0.0009225
148,bio&eth;,<code>bio&amp;d;</code>,1,0.0009225
148,blode,<code>blode</code>,1,0.0009225
148,boldwela,<code>boldwela</code>,1,0.0009225
148,bryde,<code>bryde</code>,1,0.0009225
148,bygdest,<code>bygdest</code>,1,0.0009225
148,cealdan,<code>cealdan</code>,1,0.0009225
148,cearful,<code>cearful</code>,1,0.0009225
148,cearie,<code>cearie</code>,1,0.0009225
148,ceowan,<code>ceowan</code>,1,0.0009225
148,cleopa&eth;,<code>cleopa&amp;d;</code>,1,0.0009225
148,cumen,<code>cumen</code>,1,0.0009225
148,cure,<code>cure</code>,1,0.0009225
148,cyme,<code>cyme</code>,1,0.0009225
148,cyme&eth;,<code>cyme&amp;d;</code>,1,0.0009225
148,cynn,<code>cynn</code>,1,0.0009225
148,cynna,<code>cynna</code>,1,0.0009225
148,d&aelig;da,<code>d&amp;ae;da</code>,1,0.0009225
148,dea&eth;,<code>dea&amp;d;</code>,1,0.0009225
148,dea&eth;d&aelig;ge,<code>dea&amp;d;d&amp;ae;ge</code>,1,0.0009225
148,deaf,<code>deaf</code>,1,0.0009225
148,deoplic,<code>deoplic</code>,1,0.0009225
148,deora,<code>deora</code>,1,0.0009225
148,do,<code>do</code>,1,0.0009225
148,do&eth;,<code>do&amp;d;</code>,1,0.0009225
148,domd&aelig;ge,<code>domd&amp;ae;ge</code>,1,0.0009225
148,dream,<code>dream</code>,1,0.0009225
148,dreamas,<code>dreamas</code>,1,0.0009225
148,drehtest,<code>drehtest</code>,1,0.0009225
148,dreorega,<code>dreorega</code>,1,0.0009225
148,druh,<code>druh</code>,1,0.0009225
148,dryhtnes,<code>dryhtnes</code>,1,0.0009225
148,dumb,<code>dumb</code>,1,0.0009225
148,dust,<code>dust</code>,1,0.0009225
148,duste,<code>duste</code>,1,0.0009225
148,eadiglicre,<code>eadiglicre</code>,1,0.0009225
148,eagan,<code>eagan</code>,1,0.0009225
148,eaglas,<code>eaglas</code>,1,0.0009225
148,eal,<code>eal</code>,1,0.0009225
148,eala,<code>eala</code>,1,0.0009225
148,eall,<code>eall</code>,1,0.0009225
148,ealles,<code>ealles</code>,1,0.0009225
148,eallra,<code>eallra</code>,1,0.0009225
148,eallum,<code>eallum</code>,1,0.0009225
148,ealra,<code>ealra</code>,1,0.0009225
148,eardode,<code>eardode</code>,1,0.0009225
148,eardungstowe,<code>eardungstowe</code>,1,0.0009225
148,earfo&eth;lice,<code>earfo&amp;d;lice</code>,1,0.0009225
148,earnunga,<code>earnunga</code>,1,0.0009225
148,ecne,<code>ecne</code>,1,0.0009225
148,efne,<code>efne</code>,1,0.0009225
148,eft,<code>eft</code>,1,0.0009225
148,eftsona,<code>eftsona</code>,1,0.0009225
148,engel,<code>engel</code>,1,0.0009225
148,engla,<code>engla</code>,1,0.0009225
148,englas,<code>englas</code>,1,0.0009225
148,eor&eth;f&aelig;t,<code>eor&amp;d;f&amp;ae;t</code>,1,0.0009225
148,eor&eth;scr&aelig;fe,<code>eor&amp;d;scr&amp;ae;fe</code>,1,0.0009225
148,eor&thorn;an,<code>eor&amp;t;an</code>,1,0.0009225
148,eowdest,<code>eowdest</code>,1,0.0009225
148,f&aelig;gere,<code>f&amp;ae;gere</code>,1,0.0009225
148,f&aelig;re&eth;,<code>f&amp;ae;re&amp;d;</code>,1,0.0009225
148,f&aelig;stest,<code>f&amp;ae;stest</code>,1,0.0009225
148,feldgangende,<code>feldgangende</code>,1,0.0009225
148,feoh,<code>feoh</code>,1,0.0009225
148,feran,<code>feran</code>,1,0.0009225
148,ferh&eth;e,<code>ferh&amp;d;e</code>,1,0.0009225
148,findan,<code>findan</code>,1,0.0009225
148,fingras,<code>fingras</code>,1,0.0009225
148,fisc,<code>fisc</code>,1,0.0009225
148,fl&aelig;sc,<code>fl&amp;ae;sc</code>,1,0.0009225
148,fl&aelig;schord,<code>fl&amp;ae;schord</code>,1,0.0009225
148,foldan,<code>foldan</code>,1,0.0009225
148,forwisnad,<code>forwisnad</code>,1,0.0009225
148,frym&eth;e,<code>frym&amp;d;e</code>,1,0.0009225
148,fugel,<code>fugel</code>,1,0.0009225
148,fulnes,<code>fulnes</code>,1,0.0009225
148,fulwihte,<code>fulwihte</code>,1,0.0009225
148,funden,<code>funden</code>,1,0.0009225
148,fyrenfulle,<code>fyrenfulle</code>,1,0.0009225
148,fyrn,<code>fyrn</code>,1,0.0009225
148,fyrna&eth;,<code>fyrna&amp;d;</code>,1,0.0009225
148,gastas,<code>gastas</code>,1,0.0009225
148,gaste,<code>gaste</code>,1,0.0009225
148,ge,<code>ge</code>,1,0.0009225
148,ge&thorn;ence,<code>ge&amp;t;ence</code>,1,0.0009225
148,ge&thorn;rungon,<code>ge&amp;t;rungon</code>,1,0.0009225
148,ge&thorn;ungen,<code>ge&amp;t;ungen</code>,1,0.0009225
148,geafe,<code>geafe</code>,1,0.0009225
148,geaglas,<code>geaglas</code>,1,0.0009225
148,gebohte,<code>gebohte</code>,1,0.0009225
148,gebunde,<code>gebunde</code>,1,0.0009225
148,ged&aelig;lde,<code>ged&amp;ae;lde</code>,1,0.0009225
148,gedales,<code>gedales</code>,1,0.0009225
148,gedrefed,<code>gedrefed</code>,1,0.0009225
148,geeodest,<code>geeodest</code>,1,0.0009225
148,gefean,<code>gefean</code>,1,0.0009225
148,gefr&aelig;tewod,<code>gefr&amp;ae;tewod</code>,1,0.0009225
148,gefyldest,<code>gefyldest</code>,1,0.0009225
148,geg&aelig;derode,<code>geg&amp;ae;derode</code>,1,0.0009225
148,geh&aelig;ftnedest,<code>geh&amp;ae;ftnedest</code>,1,0.0009225
148,gehatan,<code>gehatan</code>,1,0.0009225
148,gehw&aelig;s,<code>gehw&amp;ae;s</code>,1,0.0009225
148,gehwam,<code>gehwam</code>,1,0.0009225
148,gehwylces,<code>gehwylces</code>,1,0.0009225
148,gehwylcum,<code>gehwylcum</code>,1,0.0009225
148,gehyran,<code>gehyran</code>,1,0.0009225
148,gelicnes,<code>gelicnes</code>,1,0.0009225
148,gem&aelig;ccan,<code>gem&amp;ae;ccan</code>,1,0.0009225
148,gemotstede,<code>gemotstede</code>,1,0.0009225
148,gemundest,<code>gemundest</code>,1,0.0009225
148,gemynde,<code>gemynde</code>,1,0.0009225
148,generedest,<code>generedest</code>,1,0.0009225
148,geniht,<code>geniht</code>,1,0.0009225
148,genydde,<code>genydde</code>,1,0.0009225
148,geoce,<code>geoce</code>,1,0.0009225
148,geoh&eth;um,<code>geoh&amp;d;um</code>,1,0.0009225
148,geomrum,<code>geomrum</code>,1,0.0009225
148,geryme&eth;,<code>geryme&amp;d;</code>,1,0.0009225
148,gesamna&eth;,<code>gesamna&amp;d;</code>,1,0.0009225
148,gesargod,<code>gesargod</code>,1,0.0009225
148,gesawon,<code>gesawon</code>,1,0.0009225
148,gesta&eth;olod,<code>gesta&amp;d;olod</code>,1,0.0009225
148,gestryned,<code>gestryned</code>,1,0.0009225
148,gesybban,<code>gesybban</code>,1,0.0009225
148,gesynta,<code>gesynta</code>,1,0.0009225
148,geworhte,<code>geworhte</code>,1,0.0009225
148,geworhton,<code>geworhton</code>,1,0.0009225
148,gewurde,<code>gewurde</code>,1,0.0009225
148,gifel,<code>gifel</code>,1,0.0009225
148,gifer,<code>gifer</code>,1,0.0009225
148,gold,<code>gold</code>,1,0.0009225
148,goman,<code>goman</code>,1,0.0009225
148,gr&aelig;dige,<code>gr&amp;ae;dige</code>,1,0.0009225
148,grimlice,<code>grimlice</code>,1,0.0009225
148,grimmeste,<code>grimmeste</code>,1,0.0009225
148,gyfl,<code>gyfl</code>,1,0.0009225
148,gyt,<code>gyt</code>,1,0.0009225
148,h&aelig;le&eth;um,<code>h&amp;ae;le&amp;d;um</code>,1,0.0009225
148,habban,<code>habban</code>,1,0.0009225
148,halgan,<code>halgan</code>,1,0.0009225
148,hamas,<code>hamas</code>,1,0.0009225
148,hancred,<code>hancred</code>,1,0.0009225
148,handa,<code>handa</code>,1,0.0009225
148,hatte,<code>hatte</code>,1,0.0009225
148,heah&thorn;ungene,<code>heah&amp;t;ungene</code>,1,0.0009225
148,healfa,<code>healfa</code>,1,0.0009225
148,heardan,<code>heardan</code>,1,0.0009225
148,hearde,<code>hearde</code>,1,0.0009225
148,heardum,<code>heardum</code>,1,0.0009225
148,hellegrund,<code>hellegrund</code>,1,0.0009225
148,heofena,<code>heofena</code>,1,0.0009225
148,heofona,<code>heofona</code>,1,0.0009225
148,heofondreamas,<code>heofondreamas</code>,1,0.0009225
148,heofonum,<code>heofonum</code>,1,0.0009225
148,heonon,<code>heonon</code>,1,0.0009225
148,hider,<code>hider</code>,1,0.0009225
148,hige,<code>hige</code>,1,0.0009225
148,hira,<code>hira</code>,1,0.0009225
148,hogodest,<code>hogodest</code>,1,0.0009225
148,hre&eth;re,<code>hre&amp;d;re</code>,1,0.0009225
148,hrefen,<code>hrefen</code>,1,0.0009225
148,hremig,<code>hremig</code>,1,0.0009225
148,hreowan,<code>hreowan</code>,1,0.0009225
148,hund,<code>hund</code>,1,0.0009225
148,hungre,<code>hungre</code>,1,0.0009225
148,hungregum,<code>hungregum</code>,1,0.0009225
148,huxlicum,<code>huxlicum</code>,1,0.0009225
148,hweorfan,<code>hweorfan</code>,1,0.0009225
148,hwylce,<code>hwylce</code>,1,0.0009225
148,hyhtlicre,<code>hyhtlicre</code>,1,0.0009225
148,hyn&eth;um,<code>hyn&amp;d;um</code>,1,0.0009225
148,hyrsta,<code>hyrsta</code>,1,0.0009225
148,in,<code>in</code>,1,0.0009225
148,innan,<code>innan</code>,1,0.0009225
148,iu,<code>iu</code>,1,0.0009225
148,l&aelig;dan,<code>l&amp;ae;dan</code>,1,0.0009225
148,l&aelig;ded,<code>l&amp;ae;ded</code>,1,0.0009225
148,la,<code>la</code>,1,0.0009225
148,la&eth;lic,<code>la&amp;d;lic</code>,1,0.0009225
148,lames,<code>lames</code>,1,0.0009225
148,lamf&aelig;t,<code>lamf&amp;ae;t</code>,1,0.0009225
148,langa&thorn;,<code>langa&amp;t;</code>,1,0.0009225
148,legerbed,<code>legerbed</code>,1,0.0009225
148,leofesta,<code>leofesta</code>,1,0.0009225
148,leofost,<code>leofost</code>,1,0.0009225
148,leofra,<code>leofra</code>,1,0.0009225
148,li&eth;,<code>li&amp;d;</code>,1,0.0009225
148,lifiendum,<code>lifiendum</code>,1,0.0009225
148,lifigendra,<code>lifigendra</code>,1,0.0009225
148,lige&eth;,<code>lige&amp;d;</code>,1,0.0009225
148,lime,<code>lime</code>,1,0.0009225
148,lofsang,<code>lofsang</code>,1,0.0009225
148,lust,<code>lust</code>,1,0.0009225
148,lustgryrum,<code>lustgryrum</code>,1,0.0009225
148,lytel,<code>lytel</code>,1,0.0009225
148,m&aelig;gen&thorn;rymme,<code>m&amp;ae;gen&amp;t;rymme</code>,1,0.0009225
148,m&aelig;ran,<code>m&amp;ae;ran</code>,1,0.0009225
148,man,<code>man</code>,1,0.0009225
148,manige,<code>manige</code>,1,0.0009225
148,meahte,<code>meahte</code>,1,0.0009225
148,meder,<code>meder</code>,1,0.0009225
148,meotod,<code>meotod</code>,1,0.0009225
148,miclan,<code>miclan</code>,1,0.0009225
148,min,<code>min</code>,1,0.0009225
148,mines,<code>mines</code>,1,0.0009225
148,minra,<code>minra</code>,1,0.0009225
148,modsnotra,<code>modsnotra</code>,1,0.0009225
148,moldwyrmas,<code>moldwyrmas</code>,1,0.0009225
148,moste,<code>moste</code>,1,0.0009225
148,moton,<code>moton</code>,1,0.0009225
148,mu&eth;es,<code>mu&amp;d;es</code>,1,0.0009225
148,myclan,<code>myclan</code>,1,0.0009225
148,mycle,<code>mycle</code>,1,0.0009225
148,mycles,<code>mycles</code>,1,0.0009225
148,n&aelig;dle,<code>n&amp;ae;dle</code>,1,0.0009225
148,n&aelig;fre,<code>n&amp;ae;fre</code>,1,0.0009225
148,na,<code>na</code>,1,0.0009225
148,nall&aelig;s,<code>nall&amp;ae;s</code>,1,0.0009225
148,neat,<code>neat</code>,1,0.0009225
148,nede,<code>nede</code>,1,0.0009225
148,nieda,<code>nieda</code>,1,0.0009225
148,niht,<code>niht</code>,1,0.0009225
148,nihtes,<code>nihtes</code>,1,0.0009225
148,nime&eth;,<code>nime&amp;d;</code>,1,0.0009225
148,nis,<code>nis</code>,1,0.0009225
148,o&eth;rum,<code>o&amp;d;rum</code>,1,0.0009225
148,of&thorn;yrsted,<code>of&amp;t;yrsted</code>,1,0.0009225
148,onbad,<code>onbad</code>,1,0.0009225
148,onbidan,<code>onbidan</code>,1,0.0009225
148,ondsware,<code>ondsware</code>,1,0.0009225
148,onfon,<code>onfon</code>,1,0.0009225
148,onsende,<code>onsende</code>,1,0.0009225
148,onsended,<code>onsended</code>,1,0.0009225
148,onsundrum,<code>onsundrum</code>,1,0.0009225
148,onweg,<code>onweg</code>,1,0.0009225
148,onwrigene,<code>onwrigene</code>,1,0.0009225
148,readan,<code>readan</code>,1,0.0009225
148,reafia&eth;,<code>reafia&amp;d;</code>,1,0.0009225
148,rib,<code>rib</code>,1,0.0009225
148,rice,<code>rice</code>,1,0.0009225
148,riht,<code>riht</code>,1,0.0009225
148,roderum,<code>roderum</code>,1,0.0009225
148,s&aelig;,<code>s&amp;ae;</code>,1,0.0009225
148,s&aelig;d,<code>s&amp;ae;d</code>,1,0.0009225
148,samod,<code>samod</code>,1,0.0009225
148,sarlice,<code>sarlice</code>,1,0.0009225
148,sceadene,<code>sceadene</code>,1,0.0009225
148,sceall,<code>sceall</code>,1,0.0009225
148,sceame,<code>sceame</code>,1,0.0009225
148,sceamian,<code>sceamian</code>,1,0.0009225
148,scearpran,<code>scearpran</code>,1,0.0009225
148,sceolon,<code>sceolon</code>,1,0.0009225
148,scippend,<code>scippend</code>,1,0.0009225
148,scyle,<code>scyle</code>,1,0.0009225
148,sece&eth;,<code>sece&amp;d;</code>,1,0.0009225
148,selre,<code>selre</code>,1,0.0009225
148,sended,<code>sended</code>,1,0.0009225
148,seofon,<code>seofon</code>,1,0.0009225
148,seolfor,<code>seolfor</code>,1,0.0009225
148,si&eth;,<code>si&amp;d;</code>,1,0.0009225
148,si&eth;&eth;an,<code>si&amp;d;&amp;d;an</code>,1,0.0009225
148,si&eth;&thorn;an,<code>si&amp;d;&amp;t;an</code>,1,0.0009225
148,si&eth;ode,<code>si&amp;d;ode</code>,1,0.0009225
148,sigef&aelig;ste,<code>sigef&amp;ae;ste</code>,1,0.0009225
148,sina,<code>sina</code>,1,0.0009225
148,sio,<code>sio</code>,1,0.0009225
148,slitan,<code>slitan</code>,1,0.0009225
148,snottre,<code>snottre</code>,1,0.0009225
148,snyttro,<code>snyttro</code>,1,0.0009225
148,so&eth;f&aelig;stan,<code>so&amp;d;f&amp;ae;stan</code>,1,0.0009225
148,so&eth;lice,<code>so&amp;d;lice</code>,1,0.0009225
148,sorge,<code>sorge</code>,1,0.0009225
148,sorgode,<code>sorgode</code>,1,0.0009225
148,speda,<code>speda</code>,1,0.0009225
148,spreca&eth;,<code>spreca&amp;d;</code>,1,0.0009225
148,sprece&eth;,<code>sprece&amp;d;</code>,1,0.0009225
148,strange,<code>strange</code>,1,0.0009225
148,swearta,<code>swearta</code>,1,0.0009225
148,swearte,<code>swearte</code>,1,0.0009225
148,swi&eth;e,<code>swi&amp;d;e</code>,1,0.0009225
148,swylc,<code>swylc</code>,1,0.0009225
148,swylcra,<code>swylcra</code>,1,0.0009225
148,swyra,<code>swyra</code>,1,0.0009225
148,sy&thorn;an,<code>sy&amp;t;an</code>,1,0.0009225
148,sybbe,<code>sybbe</code>,1,0.0009225
148,sylf,<code>sylf</code>,1,0.0009225
148,sylfa,<code>sylfa</code>,1,0.0009225
148,sylfe,<code>sylfe</code>,1,0.0009225
148,symble,<code>symble</code>,1,0.0009225
148,synfullan,<code>synfullan</code>,1,0.0009225
148,synnum,<code>synnum</code>,1,0.0009225
148,synum,<code>synum</code>,1,0.0009225
148,te&eth;,<code>te&amp;d;</code>,1,0.0009225
148,tilode,<code>tilode</code>,1,0.0009225
148,toginene,<code>toginene</code>,1,0.0009225
148,tohliden,<code>tohliden</code>,1,0.0009225
148,tohrorene,<code>tohrorene</code>,1,0.0009225
148,toli&eth;ode,<code>toli&amp;d;ode</code>,1,0.0009225
148,toslitene,<code>toslitene</code>,1,0.0009225
148,totogenne,<code>totogenne</code>,1,0.0009225
148,totyh&eth;,<code>totyh&amp;d;</code>,1,0.0009225
148,tyn,<code>tyn</code>,1,0.0009225
148,uncre,<code>uncre</code>,1,0.0009225
148,uncres,<code>uncres</code>,1,0.0009225
148,unwillum,<code>unwillum</code>,1,0.0009225
148,ut,<code>ut</code>,1,0.0009225
148,w&aelig;dle,<code>w&amp;ae;dle</code>,1,0.0009225
148,w&aelig;dum,<code>w&amp;ae;dum</code>,1,0.0009225
148,wemman,<code>wemman</code>,1,0.0009225
148,weoruda,<code>weoruda</code>,1,0.0009225
148,werede,<code>werede</code>,1,0.0009225
148,werian,<code>werian</code>,1,0.0009225
148,werie,<code>werie</code>,1,0.0009225
148,weriga,<code>weriga</code>,1,0.0009225
148,westenne,<code>westenne</code>,1,0.0009225
148,wi&eth;erlean,<code>wi&amp;d;erlean</code>,1,0.0009225
148,wihta,<code>wihta</code>,1,0.0009225
148,wildra,<code>wildra</code>,1,0.0009225
148,wille,<code>wille</code>,1,0.0009225
148,wilna,<code>wilna</code>,1,0.0009225
148,wine,<code>wine</code>,1,0.0009225
148,wines,<code>wines</code>,1,0.0009225
148,wit,<code>wit</code>,1,0.0009225
148,wlanc,<code>wlanc</code>,1,0.0009225
148,word,<code>word</code>,1,0.0009225
148,worhtest,<code>worhtest</code>,1,0.0009225
148,woruldrice,<code>woruldrice</code>,1,0.0009225
148,wrixlian,<code>wrixlian</code>,1,0.0009225
148,wunda,<code>wunda</code>,1,0.0009225
148,wunde,<code>wunde</code>,1,0.0009225
148,wunian,<code>wunian</code>,1,0.0009225
148,wyle,<code>wyle</code>,1,0.0009225
148,wylt,<code>wylt</code>,1,0.0009225
148,wyrcan,<code>wyrcan</code>,1,0.0009225
148,wyrm,<code>wyrm</code>,1,0.0009225
148,wyrreste,<code>wyrreste</code>,1,0.0009225
148,xxx,<code>xxx</code>,1,0.0009225
148,yfele,<code>yfele</code>,1,0.0009225
148,ymbe,<code>ymbe</code>,1,0.0009225
148,yrm&eth;a,<code>yrm&amp;d;a</code>,1,0.0009225
