A_Poetry,A02,A02.002_Fates_T00060.txt,460,373,667
RANK,HTML WORD,RAW WORD,COUNT,RELATIVE FREQUENCY
1,ond,<code>ond</code>,17,0.0254873
2,on,<code>on</code>,16,0.0239880
3,&thorn;&aelig;t,<code>&amp;t;&amp;ae;t</code>,8,0.0119940
4,&thorn;urh,<code>&amp;t;urh</code>,7,0.0104948
4,he,<code>he</code>,7,0.0104948
4,w&aelig;s,<code>w&amp;ae;s</code>,7,0.0104948
7,&thorn;&aelig;r,<code>&amp;t;&amp;ae;r</code>,6,0.0089955
7,ic,<code>ic</code>,6,0.0089955
7,in,<code>in</code>,6,0.0089955
7,se,<code>se</code>,6,0.0089955
11,him,<code>him</code>,5,0.0074963
11,to,<code>to</code>,5,0.0074963
11,we,<code>we</code>,5,0.0074963
11,wear&eth;,<code>wear&amp;d;</code>,5,0.0074963
15,&eth;a,<code>&amp;d;a</code>,4,0.0059970
15,&thorn;one,<code>&amp;t;one</code>,4,0.0059970
15,&thorn;onne,<code>&amp;t;onne</code>,4,0.0059970
15,ece,<code>ece</code>,4,0.0059970
15,eor&eth;an,<code>eor&amp;d;an</code>,4,0.0059970
15,for,<code>for</code>,4,0.0059970
15,fore,<code>fore</code>,4,0.0059970
15,his,<code>his</code>,4,0.0059970
15,lif,<code>lif</code>,4,0.0059970
15,mid,<code>mid</code>,4,0.0059970
15,miht,<code>miht</code>,4,0.0059970
15,nu,<code>nu</code>,4,0.0059970
15,wide,<code>wide</code>,4,0.0059970
15,wuldres,<code>wuldres</code>,4,0.0059970
29,&aelig;fter,<code>&amp;ae;fter</code>,3,0.0044978
29,&eth;e,<code>&amp;d;e</code>,3,0.0044978
29,&eth;urh,<code>&amp;d;urh</code>,3,0.0044978
29,&thorn;&aelig;s,<code>&amp;t;&amp;ae;s</code>,3,0.0044978
29,&thorn;a,<code>&amp;t;a</code>,3,0.0044978
29,&thorn;as,<code>&amp;t;as</code>,3,0.0044978
29,cyning,<code>cyning</code>,3,0.0044978
29,ealle,<code>ealle</code>,3,0.0044978
29,gesohte,<code>gesohte</code>,3,0.0044978
29,hw&aelig;t,<code>hw&amp;ae;t</code>,3,0.0044978
29,me,<code>me</code>,3,0.0044978
29,ne,<code>ne</code>,3,0.0044978
29,ofer,<code>ofer</code>,3,0.0044978
29,sy&eth;&eth;an,<code>sy&amp;d;&amp;d;an</code>,3,0.0044978
43,&aelig;&eth;elingas,<code>&amp;ae;&amp;d;elingas</code>,2,0.0029985
43,&thorn;anon,<code>&amp;t;anon</code>,2,0.0029985
43,&thorn;urg,<code>&amp;t;urg</code>,2,0.0029985
43,ac,<code>ac</code>,2,0.0029985
43,aldre,<code>aldre</code>,2,0.0029985
43,an,<code>an</code>,2,0.0029985
43,begang,<code>begang</code>,2,0.0029985
43,beorn,<code>beorn</code>,2,0.0029985
43,bidde,<code>bidde</code>,2,0.0029985
43,bro&eth;or,<code>bro&amp;d;or</code>,2,0.0029985
43,cyninges,<code>cyninges</code>,2,0.0029985
43,dea&eth;e,<code>dea&amp;d;e</code>,2,0.0029985
43,dream,<code>dream</code>,2,0.0029985
43,dryhtnes,<code>dryhtnes</code>,2,0.0029985
43,eac,<code>eac</code>,2,0.0029985
43,ende,<code>ende</code>,2,0.0029985
43,engla,<code>engla</code>,2,0.0029985
43,feorh,<code>feorh</code>,2,0.0029985
43,gecrang,<code>gecrang</code>,2,0.0029985
43,gehyrdon,<code>gehyrdon</code>,2,0.0029985
43,gene&eth;de,<code>gene&amp;d;de</code>,2,0.0029985
43,gesceaft,<code>gesceaft</code>,2,0.0029985
43,halgan,<code>halgan</code>,2,0.0029985
43,hie,<code>hie</code>,2,0.0029985
43,hu,<code>hu</code>,2,0.0029985
43,hwa,<code>hwa</code>,2,0.0029985
43,iacob,<code>iacob</code>,2,0.0029985
43,is,<code>is</code>,2,0.0029985
43,land,<code>land</code>,2,0.0029985
43,leane,<code>leane</code>,2,0.0029985
43,leoht,<code>leoht</code>,2,0.0029985
43,lof,<code>lof</code>,2,0.0029985
43,lufige,<code>lufige</code>,2,0.0029985
43,m&aelig;re,<code>m&amp;ae;re</code>,2,0.0029985
43,menn,<code>menn</code>,2,0.0029985
43,of,<code>of</code>,2,0.0029985
43,reccan,<code>reccan</code>,2,0.0029985
43,s&aelig;ne,<code>s&amp;ae;ne</code>,2,0.0029985
43,sceal,<code>sceal</code>,2,0.0029985
43,sceoldon,<code>sceoldon</code>,2,0.0029985
43,swa,<code>swa</code>,2,0.0029985
43,swylce,<code>swylce</code>,2,0.0029985
43,uncu&eth;,<code>uncu&amp;d;</code>,2,0.0029985
43,unhwilen,<code>unhwilen</code>,2,0.0029985
43,wi&eth;,<code>wi&amp;d;</code>,2,0.0029985
88,&aelig;,<code>&amp;ae;</code>,1,0.0014993
88,&aelig;&eth;ele,<code>&amp;ae;&amp;d;ele</code>,1,0.0014993
88,&aelig;&eth;elo,<code>&amp;ae;&amp;d;elo</code>,1,0.0014993
88,&aelig;festum,<code>&amp;ae;festum</code>,1,0.0014993
88,&aelig;gl&aelig;awe,<code>&amp;ae;gl&amp;ae;awe</code>,1,0.0014993
88,&aelig;htwelan,<code>&amp;ae;htwelan</code>,1,0.0014993
88,&aelig;lcum,<code>&amp;ae;lcum</code>,1,0.0014993
88,&aelig;niges,<code>&amp;ae;niges</code>,1,0.0014993
88,&aelig;t,<code>&amp;ae;t</code>,1,0.0014993
88,&aelig;tsomne,<code>&amp;ae;tsomne</code>,1,0.0014993
88,&eth;eodcyninges,<code>&amp;d;eodcyninges</code>,1,0.0014993
88,&eth;u,<code>&amp;d;u</code>,1,0.0014993
88,&eth;urg,<code>&amp;d;urg</code>,1,0.0014993
88,&eth;us,<code>&amp;d;us</code>,1,0.0014993
88,&thorn;&aelig;m,<code>&amp;t;&amp;ae;m</code>,1,0.0014993
88,&thorn;am,<code>&amp;t;am</code>,1,0.0014993
88,&thorn;e,<code>&amp;t;e</code>,1,0.0014993
88,&thorn;egna,<code>&amp;t;egna</code>,1,0.0014993
88,&thorn;egnas,<code>&amp;t;egnas</code>,1,0.0014993
88,&thorn;ehte,<code>&amp;t;ehte</code>,1,0.0014993
88,&thorn;eodnes,<code>&amp;t;eodnes</code>,1,0.0014993
88,&thorn;eodom,<code>&amp;t;eodom</code>,1,0.0014993
88,&thorn;isse,<code>&amp;t;isse</code>,1,0.0014993
88,&thorn;isses,<code>&amp;t;isses</code>,1,0.0014993
88,&thorn;onon,<code>&amp;t;onon</code>,1,0.0014993
88,&thorn;rage,<code>&amp;t;rage</code>,1,0.0014993
88,&thorn;reodode,<code>&amp;t;reodode</code>,1,0.0014993
88,&thorn;riste,<code>&amp;t;riste</code>,1,0.0014993
88,&thorn;rowigan,<code>&amp;t;rowigan</code>,1,0.0014993
88,&thorn;rowode,<code>&amp;t;rowode</code>,1,0.0014993
88,&thorn;rym,<code>&amp;t;rym</code>,1,0.0014993
88,&thorn;rymme,<code>&amp;t;rymme</code>,1,0.0014993
88,&thorn;ysne,<code>&amp;t;ysne</code>,1,0.0014993
88,&thorn;ysses,<code>&amp;t;ysses</code>,1,0.0014993
88,a,<code>a</code>,1,0.0014993
88,achagia,<code>achagia</code>,1,0.0014993
88,ah,<code>ah</code>,1,0.0014993
88,ahangen,<code>ahangen</code>,1,0.0014993
88,albano,<code>albano</code>,1,0.0014993
88,ana,<code>ana</code>,1,0.0014993
88,andreas,<code>andreas</code>,1,0.0014993
88,apostolhad,<code>apostolhad</code>,1,0.0014993
88,aras,<code>aras</code>,1,0.0014993
88,asettan,<code>asettan</code>,1,0.0014993
88,asseum,<code>asseum</code>,1,0.0014993
88,astrias,<code>astrias</code>,1,0.0014993
88,aswebban,<code>aswebban</code>,1,0.0014993
88,awa,<code>awa</code>,1,0.0014993
88,awehte,<code>awehte</code>,1,0.0014993
88,bam,<code>bam</code>,1,0.0014993
88,bartholameus,<code>bartholameus</code>,1,0.0014993
88,be,<code>be</code>,1,0.0014993
88,be&thorn;earf,<code>be&amp;t;earf</code>,1,0.0014993
88,beadorofe,<code>beadorofe</code>,1,0.0014993
88,beaducr&aelig;ftig,<code>beaducr&amp;ae;ftig</code>,1,0.0014993
88,bec,<code>bec</code>,1,0.0014993
88,bene,<code>bene</code>,1,0.0014993
88,beneotan,<code>beneotan</code>,1,0.0014993
88,beorhtan,<code>beorhtan</code>,1,0.0014993
88,beorhtne,<code>beorhtne</code>,1,0.0014993
88,beornas,<code>beornas</code>,1,0.0014993
88,bi&eth;,<code>bi&amp;d;</code>,1,0.0014993
88,bite,<code>bite</code>,1,0.0014993
88,boldwelan,<code>boldwelan</code>,1,0.0014993
88,botles,<code>botles</code>,1,0.0014993
88,bruca&thorn;,<code>bruca&amp;t;</code>,1,0.0014993
88,brucan,<code>brucan</code>,1,0.0014993
88,bruce,<code>bruce</code>,1,0.0014993
88,byrhtme,<code>byrhtme</code>,1,0.0014993
88,c,<code>c</code>,1,0.0014993
88,cl&aelig;num,<code>cl&amp;ae;num</code>,1,0.0014993
88,cleopigan,<code>cleopigan</code>,1,0.0014993
88,cneorisse,<code>cneorisse</code>,1,0.0014993
88,collenfer&eth;,<code>collenfer&amp;d;</code>,1,0.0014993
88,cr&aelig;ftes,<code>cr&amp;ae;ftes</code>,1,0.0014993
88,criste,<code>criste</code>,1,0.0014993
88,cunnon,<code>cunnon</code>,1,0.0014993
88,cwealm,<code>cwealm</code>,1,0.0014993
88,cy&eth;don,<code>cy&amp;d;don</code>,1,0.0014993
88,d&aelig;dum,<code>d&amp;ae;dum</code>,1,0.0014993
88,d&aelig;ges,<code>d&amp;ae;ges</code>,1,0.0014993
88,d&aelig;l,<code>d&amp;ae;l</code>,1,0.0014993
88,d&aelig;las,<code>d&amp;ae;las</code>,1,0.0014993
88,deman,<code>deman</code>,1,0.0014993
88,dom,<code>dom</code>,1,0.0014993
88,domf&aelig;ste,<code>domf&amp;ae;ste</code>,1,0.0014993
88,dreamas,<code>dreamas</code>,1,0.0014993
88,dryhtlic,<code>dryhtlic</code>,1,0.0014993
88,dryhtne,<code>dryhtne</code>,1,0.0014993
88,e&eth;el,<code>e&amp;d;el</code>,1,0.0014993
88,e&eth;le,<code>e&amp;d;le</code>,1,0.0014993
88,eadig,<code>eadig</code>,1,0.0014993
88,ealdre,<code>ealdre</code>,1,0.0014993
88,eard,<code>eard</code>,1,0.0014993
88,eardes,<code>eardes</code>,1,0.0014993
88,eardwic,<code>eardwic</code>,1,0.0014993
88,edgiong,<code>edgiong</code>,1,0.0014993
88,effessia,<code>effessia</code>,1,0.0014993
88,efne,<code>efne</code>,1,0.0014993
88,egias,<code>egias</code>,1,0.0014993
88,ellen,<code>ellen</code>,1,0.0014993
88,elles,<code>elles</code>,1,0.0014993
88,ended&aelig;g,<code>ended&amp;ae;g</code>,1,0.0014993
88,eorlas,<code>eorlas</code>,1,0.0014993
88,f,<code>f</code>,1,0.0014993
88,f&aelig;der,<code>f&amp;ae;der</code>,1,0.0014993
88,f&aelig;mnan,<code>f&amp;ae;mnan</code>,1,0.0014993
88,fand,<code>fand</code>,1,0.0014993
88,fegde,<code>fegde</code>,1,0.0014993
88,feor,<code>feor</code>,1,0.0014993
88,feorg,<code>feorg</code>,1,0.0014993
88,findan,<code>findan</code>,1,0.0014993
88,finit,<code>finit</code>,1,0.0014993
88,fitte,<code>fitte</code>,1,0.0014993
88,fl&aelig;sce,<code>fl&amp;ae;sce</code>,1,0.0014993
88,folce,<code>folce</code>,1,0.0014993
88,for&eth;,<code>for&amp;d;</code>,1,0.0014993
88,for&thorn;an,<code>for&amp;t;an</code>,1,0.0014993
88,fore&thorn;ances,<code>fore&amp;t;ances</code>,1,0.0014993
88,forhogodan,<code>forhogodan</code>,1,0.0014993
88,fornam,<code>fornam</code>,1,0.0014993
88,fr&aelig;tewa,<code>fr&amp;ae;tewa</code>,1,0.0014993
88,frame,<code>frame</code>,1,0.0014993
88,freonda,<code>freonda</code>,1,0.0014993
88,fri&eth;es,<code>fri&amp;d;es</code>,1,0.0014993
88,fricle,<code>fricle</code>,1,0.0014993
88,frofre,<code>frofre</code>,1,0.0014993
88,fultomes,<code>fultomes</code>,1,0.0014993
88,fyrdhwate,<code>fyrdhwate</code>,1,0.0014993
88,gad,<code>gad</code>,1,0.0014993
88,galdres,<code>galdres</code>,1,0.0014993
88,galgan,<code>galgan</code>,1,0.0014993
88,gastes,<code>gastes</code>,1,0.0014993
88,gealgan,<code>gealgan</code>,1,0.0014993
88,gearapolim,<code>gearapolim</code>,1,0.0014993
88,geceas,<code>geceas</code>,1,0.0014993
88,gecorene,<code>gecorene</code>,1,0.0014993
88,ged&aelig;lan,<code>ged&amp;ae;lan</code>,1,0.0014993
88,ged&aelig;led,<code>ged&amp;ae;led</code>,1,0.0014993
88,gedreosan,<code>gedreosan</code>,1,0.0014993
88,gef&aelig;lsod,<code>gef&amp;ae;lsod</code>,1,0.0014993
88,gefean,<code>gefean</code>,1,0.0014993
88,gefrege,<code>gefrege</code>,1,0.0014993
88,gel&aelig;dde,<code>gel&amp;ae;dde</code>,1,0.0014993
88,geleafan,<code>geleafan</code>,1,0.0014993
88,gemyndig,<code>gemyndig</code>,1,0.0014993
88,geoce,<code>geoce</code>,1,0.0014993
88,geomrum,<code>geomrum</code>,1,0.0014993
88,geong,<code>geong</code>,1,0.0014993
88,geornor,<code>geornor</code>,1,0.0014993
88,gesealde,<code>gesealde</code>,1,0.0014993
88,gesealdon,<code>gesealdon</code>,1,0.0014993
88,gesecan,<code>gesecan</code>,1,0.0014993
88,gestreon,<code>gestreon</code>,1,0.0014993
88,geweor&eth;od,<code>geweor&amp;d;od</code>,1,0.0014993
88,gewitte,<code>gewitte</code>,1,0.0014993
88,giddes,<code>giddes</code>,1,0.0014993
88,gilde&eth;,<code>gilde&amp;d;</code>,1,0.0014993
88,gleaw,<code>gleaw</code>,1,0.0014993
88,godcundes,<code>godcundes</code>,1,0.0014993
88,gode,<code>gode</code>,1,0.0014993
88,godes,<code>godes</code>,1,0.0014993
88,godu,<code>godu</code>,1,0.0014993
88,gu&eth;hw&aelig;t,<code>gu&amp;d;hw&amp;ae;t</code>,1,0.0014993
88,gu&eth;plegan,<code>gu&amp;d;plegan</code>,1,0.0014993
88,h&aelig;&eth;en,<code>h&amp;ae;&amp;d;en</code>,1,0.0014993
88,h&aelig;&eth;ene,<code>h&amp;ae;&amp;d;ene</code>,1,0.0014993
88,h&aelig;&eth;engild,<code>h&amp;ae;&amp;d;engild</code>,1,0.0014993
88,hade,<code>hade</code>,1,0.0014993
88,hafa&eth;,<code>hafa&amp;d;</code>,1,0.0014993
88,halga,<code>halga</code>,1,0.0014993
88,halig,<code>halig</code>,1,0.0014993
88,halige,<code>halige</code>,1,0.0014993
88,ham,<code>ham</code>,1,0.0014993
88,hames,<code>hames</code>,1,0.0014993
88,hand,<code>hand</code>,1,0.0014993
88,heafde,<code>heafde</code>,1,0.0014993
88,heap,<code>heap</code>,1,0.0014993
88,heape,<code>heape</code>,1,0.0014993
88,heh&eth;o,<code>heh&amp;d;o</code>,1,0.0014993
88,heht,<code>heht</code>,1,0.0014993
88,helpe,<code>helpe</code>,1,0.0014993
88,heonan,<code>heonan</code>,1,0.0014993
88,her,<code>her</code>,1,0.0014993
88,heriges,<code>heriges</code>,1,0.0014993
88,herode,<code>herode</code>,1,0.0014993
88,het,<code>het</code>,1,0.0014993
88,hige,<code>hige</code>,1,0.0014993
88,hihta,<code>hihta</code>,1,0.0014993
88,hildecor&eth;re,<code>hildecor&amp;d;re</code>,1,0.0014993
88,hildeheard,<code>hildeheard</code>,1,0.0014993
88,hine,<code>hine</code>,1,0.0014993
88,hlyt,<code>hlyt</code>,1,0.0014993
88,hrif,<code>hrif</code>,1,0.0014993
88,hro&eth;re,<code>hro&amp;d;re</code>,1,0.0014993
88,huru,<code>huru</code>,1,0.0014993
88,hw&aelig;r,<code>hw&amp;ae;r</code>,1,0.0014993
88,hyge,<code>hyge</code>,1,0.0014993
88,hygeblind,<code>hygeblind</code>,1,0.0014993
88,hyran,<code>hyran</code>,1,0.0014993
88,hyrde,<code>hyrde</code>,1,0.0014993
88,idle,<code>idle</code>,1,0.0014993
88,ierusalem,<code>ierusalem</code>,1,0.0014993
88,indea,<code>indea</code>,1,0.0014993
88,indeum,<code>indeum</code>,1,0.0014993
88,iohanne,<code>iohanne</code>,1,0.0014993
88,irtacus,<code>irtacus</code>,1,0.0014993
88,iudeum,<code>iudeum</code>,1,0.0014993
88,l,<code>l</code>,1,0.0014993
88,l&aelig;nan,<code>l&amp;ae;nan</code>,1,0.0014993
88,l&aelig;ne,<code>l&amp;ae;ne</code>,1,0.0014993
88,l&aelig;rde,<code>l&amp;ae;rde</code>,1,0.0014993
88,l&aelig;t,<code>l&amp;ae;t</code>,1,0.0014993
88,l&aelig;tan,<code>l&amp;ae;tan</code>,1,0.0014993
88,lade,<code>lade</code>,1,0.0014993
88,langne,<code>langne</code>,1,0.0014993
88,langsumre,<code>langsumre</code>,1,0.0014993
88,lare,<code>lare</code>,1,0.0014993
88,laste,<code>laste</code>,1,0.0014993
88,lean,<code>lean</code>,1,0.0014993
88,leasan,<code>leasan</code>,1,0.0014993
88,leo&eth;giddunga,<code>leo&amp;d;giddunga</code>,1,0.0014993
88,leode,<code>leode</code>,1,0.0014993
88,leofast,<code>leofast</code>,1,0.0014993
88,leofe,<code>leofe</code>,1,0.0014993
88,leofra,<code>leofra</code>,1,0.0014993
88,leohtes,<code>leohtes</code>,1,0.0014993
88,li&eth;ra,<code>li&amp;d;ra</code>,1,0.0014993
88,lic,<code>lic</code>,1,0.0014993
88,lice,<code>lice</code>,1,0.0014993
88,lices,<code>lices</code>,1,0.0014993
88,life,<code>life</code>,1,0.0014993
88,lifes,<code>lifes</code>,1,0.0014993
88,lifwela,<code>lifwela</code>,1,0.0014993
88,lige&eth;,<code>lige&amp;d;</code>,1,0.0014993
88,lindgelaces,<code>lindgelaces</code>,1,0.0014993
88,lyste&eth;,<code>lyste&amp;d;</code>,1,0.0014993
88,m&aelig;g,<code>m&amp;ae;g</code>,1,0.0014993
88,m&aelig;r&eth;o,<code>m&amp;ae;r&amp;d;o</code>,1,0.0014993
88,m&aelig;st,<code>m&amp;ae;st</code>,1,0.0014993
88,manegum,<code>manegum</code>,1,0.0014993
88,mann,<code>mann</code>,1,0.0014993
88,manna,<code>manna</code>,1,0.0014993
88,manncynnes,<code>manncynnes</code>,1,0.0014993
88,matheus,<code>matheus</code>,1,0.0014993
88,middangeard,<code>middangeard</code>,1,0.0014993
88,mine,<code>mine</code>,1,0.0014993
88,mod,<code>mod</code>,1,0.0014993
88,motan,<code>motan</code>,1,0.0014993
88,moton,<code>moton</code>,1,0.0014993
88,mycel,<code>mycel</code>,1,0.0014993
88,n,<code>n</code>,1,0.0014993
88,n&aelig;ron,<code>n&amp;ae;ron</code>,1,0.0014993
88,n&aelig;s,<code>n&amp;ae;s</code>,1,0.0014993
88,nama,<code>nama</code>,1,0.0014993
88,nat,<code>nat</code>,1,0.0014993
88,nearowe,<code>nearowe</code>,1,0.0014993
88,nearwe,<code>nearwe</code>,1,0.0014993
88,nem&thorn;e,<code>nem&amp;t;e</code>,1,0.0014993
88,neosa&eth;,<code>neosa&amp;d;</code>,1,0.0014993
88,neosan,<code>neosan</code>,1,0.0014993
88,nerones,<code>nerones</code>,1,0.0014993
88,nihtes,<code>nihtes</code>,1,0.0014993
88,o&eth;re,<code>o&amp;d;re</code>,1,0.0014993
88,ofgefon,<code>ofgefon</code>,1,0.0014993
88,oncy&eth;ig,<code>oncy&amp;d;ig</code>,1,0.0014993
88,onhyrded,<code>onhyrded</code>,1,0.0014993
88,onlihted,<code>onlihted</code>,1,0.0014993
88,onwoc,<code>onwoc</code>,1,0.0014993
88,or,<code>or</code>,1,0.0014993
88,ordfruma,<code>ordfruma</code>,1,0.0014993
88,paulus,<code>paulus</code>,1,0.0014993
88,persea,<code>persea</code>,1,0.0014993
88,petrus,<code>petrus</code>,1,0.0014993
88,philipus,<code>philipus</code>,1,0.0014993
88,ricene,<code>ricene</code>,1,0.0014993
88,rincum,<code>rincum</code>,1,0.0014993
88,rode,<code>rode</code>,1,0.0014993
88,romebyrig,<code>romebyrig</code>,1,0.0014993
88,s&aelig;cce,<code>s&amp;ae;cce</code>,1,0.0014993
88,sacerdum,<code>sacerdum</code>,1,0.0014993
88,samnode,<code>samnode</code>,1,0.0014993
88,samod,<code>samod</code>,1,0.0014993
88,sang,<code>sang</code>,1,0.0014993
88,sawle,<code>sawle</code>,1,0.0014993
88,sceall,<code>sceall</code>,1,0.0014993
88,sceolde,<code>sceolde</code>,1,0.0014993
88,searwe,<code>searwe</code>,1,0.0014993
88,secan,<code>secan</code>,1,0.0014993
88,sefan,<code>sefan</code>,1,0.0014993
88,sendan,<code>sendan</code>,1,0.0014993
88,seocum,<code>seocum</code>,1,0.0014993
88,seoma&thorn;,<code>seoma&amp;t;</code>,1,0.0014993
88,si&eth;,<code>si&amp;d;</code>,1,0.0014993
88,si&eth;e,<code>si&amp;d;e</code>,1,0.0014993
88,si&eth;es,<code>si&amp;d;es</code>,1,0.0014993
88,si&eth;frome,<code>si&amp;d;frome</code>,1,0.0014993
88,si&eth;geomor,<code>si&amp;d;geomor</code>,1,0.0014993
88,sie,<code>sie</code>,1,0.0014993
88,sigelean,<code>sigelean</code>,1,0.0014993
88,sigelwarum,<code>sigelwarum</code>,1,0.0014993
88,sigores,<code>sigores</code>,1,0.0014993
88,simon,<code>simon</code>,1,0.0014993
88,sin,<code>sin</code>,1,0.0014993
88,sindon,<code>sindon</code>,1,0.0014993
88,so&eth;,<code>so&amp;d;</code>,1,0.0014993
88,so&eth;an,<code>so&amp;d;an</code>,1,0.0014993
88,sohte,<code>sohte</code>,1,0.0014993
88,sohton,<code>sohton</code>,1,0.0014993
88,sprang,<code>sprang</code>,1,0.0014993
88,stande&eth;,<code>stande&amp;d;</code>,1,0.0014993
88,stande&thorn;,<code>stande&amp;t;</code>,1,0.0014993
88,stenges,<code>stenges</code>,1,0.0014993
88,sti&eth;mod,<code>sti&amp;d;mod</code>,1,0.0014993
88,sume,<code>sume</code>,1,0.0014993
88,swegle,<code>swegle</code>,1,0.0014993
88,sweng,<code>sweng</code>,1,0.0014993
88,sweordes,<code>sweordes</code>,1,0.0014993
88,sweordr&aelig;s,<code>sweordr&amp;ae;s</code>,1,0.0014993
88,swilt,<code>swilt</code>,1,0.0014993
88,sy&thorn;&thorn;an,<code>sy&amp;t;&amp;t;an</code>,1,0.0014993
88,sylfa,<code>sylfa</code>,1,0.0014993
88,thaddeus,<code>thaddeus</code>,1,0.0014993
88,thomas,<code>thomas</code>,1,0.0014993
88,tilmodige,<code>tilmodige</code>,1,0.0014993
88,tir,<code>tir</code>,1,0.0014993
88,tireadige,<code>tireadige</code>,1,0.0014993
88,toglide&eth;,<code>toglide&amp;d;</code>,1,0.0014993
88,tohreosan,<code>tohreosan</code>,1,0.0014993
88,tohtan,<code>tohtan</code>,1,0.0014993
88,torhte,<code>torhte</code>,1,0.0014993
88,twegen,<code>twegen</code>,1,0.0014993
88,twelfe,<code>twelfe</code>,1,0.0014993
88,u,<code>u</code>,1,0.0014993
88,unbr&aelig;cne,<code>unbr&amp;ae;cne</code>,1,0.0014993
88,undyrne,<code>undyrne</code>,1,0.0014993
88,unlytel,<code>unlytel</code>,1,0.0014993
88,usse,<code>usse</code>,1,0.0014993
88,utu,<code>utu</code>,1,0.0014993
88,w,<code>w</code>,1,0.0014993
88,w&aelig;lreaf,<code>w&amp;ae;lreaf</code>,1,0.0014993
88,w&aelig;lreow,<code>w&amp;ae;lreow</code>,1,0.0014993
88,w&aelig;penhete,<code>w&amp;ae;penhete</code>,1,0.0014993
88,w&aelig;pnum,<code>w&amp;ae;pnum</code>,1,0.0014993
88,w&aelig;ron,<code>w&amp;ae;ron</code>,1,0.0014993
88,weg,<code>weg</code>,1,0.0014993
88,wegan,<code>wegan</code>,1,0.0014993
88,weor&eth;ian,<code>weor&amp;d;ian</code>,1,0.0014993
88,weorc,<code>weorc</code>,1,0.0014993
88,weormum,<code>weormum</code>,1,0.0014993
88,weorodum,<code>weorodum</code>,1,0.0014993
88,weorudum,<code>weorudum</code>,1,0.0014993
88,wer&thorn;eoda,<code>wer&amp;t;eoda</code>,1,0.0014993
88,weres,<code>weres</code>,1,0.0014993
88,werum,<code>werum</code>,1,0.0014993
88,wic,<code>wic</code>,1,0.0014993
88,wig,<code>wig</code>,1,0.0014993
88,wiges,<code>wiges</code>,1,0.0014993
88,wisode,<code>wisode</code>,1,0.0014993
88,wolde,<code>wolde</code>,1,0.0014993
88,word,<code>word</code>,1,0.0014993
88,wordum,<code>wordum</code>,1,0.0014993
88,worulde,<code>worulde</code>,1,0.0014993
88,woruldwunigende,<code>woruldwunigende</code>,1,0.0014993
88,wuldorcining,<code>wuldorcining</code>,1,0.0014993
88,wund,<code>wund</code>,1,0.0014993
88,wundorcr&aelig;fte,<code>wundorcr&amp;ae;fte</code>,1,0.0014993
88,wunigean,<code>wunigean</code>,1,0.0014993
88,wurd,<code>wurd</code>,1,0.0014993
88,xii,<code>xii</code>,1,0.0014993
88,y,<code>y</code>,1,0.0014993
88,yppe,<code>yppe</code>,1,0.0014993
88,yrne,<code>yrne</code>,1,0.0014993
