A_Poetry,A03,A03.034.033_Rid_93_T01340.txt,135,121,165
RANK,HTML WORD,RAW WORD,COUNT,RELATIVE FREQUENCY
1,ic,<code>ic</code>,5,0.0303030
1,on,<code>on</code>,5,0.0303030
3,hwilum,<code>hwilum</code>,4,0.0242424
3,mec,<code>mec</code>,4,0.0242424
3,of,<code>of</code>,4,0.0242424
3,ond,<code>ond</code>,4,0.0242424
7,min,<code>min</code>,3,0.0181818
7,ne,<code>ne</code>,3,0.0181818
9,&thorn;&aelig;t,<code>&amp;t;&amp;ae;t</code>,2,0.0121212
9,bord,<code>bord</code>,2,0.0121212
9,frea,<code>frea</code>,2,0.0121212
9,in,<code>in</code>,2,0.0121212
9,nu,<code>nu</code>,2,0.0121212
9,s,<code>s</code>,2,0.0121212
15,&aelig;r,<code>&amp;ae;r</code>,1,0.0060606
15,&thorn;&aelig;r,<code>&amp;t;&amp;ae;r</code>,1,0.0060606
15,&thorn;a,<code>&amp;t;a</code>,1,0.0060606
15,&thorn;e,<code>&amp;t;e</code>,1,0.0060606
15,&thorn;eah,<code>&amp;t;eah</code>,1,0.0060606
15,&thorn;olige,<code>&amp;t;olige</code>,1,0.0060606
15,&thorn;one,<code>&amp;t;one</code>,1,0.0060606
15,&thorn;onne,<code>&amp;t;onne</code>,1,0.0060606
15,ac,<code>ac</code>,1,0.0060606
15,adraf,<code>adraf</code>,1,0.0060606
15,agl&aelig;ca,<code>agl&amp;ae;ca</code>,1,0.0060606
15,agnade,<code>agnade</code>,1,0.0060606
15,anne,<code>anne</code>,1,0.0060606
15,b,<code>b</code>,1,0.0060606
15,b&aelig;r,<code>b&amp;ae;r</code>,1,0.0060606
15,bef&aelig;&eth;me,<code>bef&amp;ae;&amp;d;me</code>,1,0.0060606
15,bemearn,<code>bemearn</code>,1,0.0060606
15,bennade,<code>bennade</code>,1,0.0060606
15,bewaden,<code>bewaden</code>,1,0.0060606
15,bite,<code>bite</code>,1,0.0060606
15,biton,<code>biton</code>,1,0.0060606
15,blace,<code>blace</code>,1,0.0060606
15,blod,<code>blod</code>,1,0.0060606
15,bro&thorn;or,<code>bro&amp;t;or</code>,1,0.0060606
15,brun,<code>brun</code>,1,0.0060606
15,com,<code>com</code>,1,0.0060606
15,d,<code>d</code>,1,0.0060606
15,d&aelig;gcondel,<code>d&amp;ae;gcondel</code>,1,0.0060606
15,d&aelig;grime,<code>d&amp;ae;grime</code>,1,0.0060606
15,dalu,<code>dalu</code>,1,0.0060606
15,de,<code>de</code>,1,0.0060606
15,dea&thorn;es,<code>dea&amp;t;es</code>,1,0.0060606
15,deo,<code>deo</code>,1,0.0060606
15,deop,<code>deop</code>,1,0.0060606
15,dugu&thorn;e,<code>dugu&amp;t;e</code>,1,0.0060606
15,e,<code>e</code>,1,0.0060606
15,e&thorn;el,<code>e&amp;t;el</code>,1,0.0060606
15,eagum,<code>eagum</code>,1,0.0060606
15,ealle,<code>ealle</code>,1,0.0060606
15,earde,<code>earde</code>,1,0.0060606
15,eft,<code>eft</code>,1,0.0060606
15,eorc,<code>eorc</code>,1,0.0060606
15,eorpes,<code>eorpes</code>,1,0.0060606
15,fealle&eth;,<code>fealle&amp;d;</code>,1,0.0060606
15,feaxe,<code>feaxe</code>,1,0.0060606
15,feond,<code>feond</code>,1,0.0060606
15,feore,<code>feore</code>,1,0.0060606
15,fere&eth;,<code>fere&amp;d;</code>,1,0.0060606
15,for,<code>for</code>,1,0.0060606
15,forst,<code>forst</code>,1,0.0060606
15,fot,<code>fot</code>,1,0.0060606
15,frod,<code>frod</code>,1,0.0060606
15,fusum,<code>fusum</code>,1,0.0060606
15,gehle&thorn;an,<code>gehle&amp;t;an</code>,1,0.0060606
15,gewat,<code>gewat</code>,1,0.0060606
15,gingra,<code>gingra</code>,1,0.0060606
15,gleawstol,<code>gleawstol</code>,1,0.0060606
15,grof,<code>grof</code>,1,0.0060606
15,h&aelig;bbe,<code>h&amp;ae;bbe</code>,1,0.0060606
15,hara,<code>hara</code>,1,0.0060606
15,heah,<code>heah</code>,1,0.0060606
15,heard,<code>heard</code>,1,0.0060606
15,heolfor,<code>heolfor</code>,1,0.0060606
15,hi&thorn;ende,<code>hi&amp;t;ende</code>,1,0.0060606
15,him,<code>him</code>,1,0.0060606
15,hli&thorn;o,<code>hli&amp;t;o</code>,1,0.0060606
15,hord,<code>hord</code>,1,0.0060606
15,hre&thorn;re,<code>hre&amp;t;re</code>,1,0.0060606
15,hrimighearde,<code>hrimighearde</code>,1,0.0060606
15,hyht,<code>hyht</code>,1,0.0060606
15,innanweardne,<code>innanweardne</code>,1,0.0060606
15,isern,<code>isern</code>,1,0.0060606
15,me,<code>me</code>,1,0.0060606
15,meahte,<code>meahte</code>,1,0.0060606
15,mine,<code>mine</code>,1,0.0060606
15,nathw&aelig;t,<code>nathw&amp;ae;t</code>,1,0.0060606
15,no,<code>no</code>,1,0.0060606
15,o&thorn;&thorn;&aelig;t,<code>o&amp;t;&amp;t;&amp;ae;t</code>,1,0.0060606
15,oft,<code>oft</code>,1,0.0060606
15,rad,<code>rad</code>,1,0.0060606
15,rpne,<code>rpne</code>,1,0.0060606
15,sceolde,<code>sceolde</code>,1,0.0060606
15,scoc,<code>scoc</code>,1,0.0060606
15,se,<code>se</code>,1,0.0060606
15,secan,<code>secan</code>,1,0.0060606
15,si&thorn;&thorn;an,<code>si&amp;t;&amp;t;an</code>,1,0.0060606
15,sinum,<code>sinum</code>,1,0.0060606
15,sohte,<code>sohte</code>,1,0.0060606
15,spe,<code>spe</code>,1,0.0060606
15,st&aelig;pe,<code>st&amp;ae;pe</code>,1,0.0060606
15,stanwongas,<code>stanwongas</code>,1,0.0060606
15,stealc,<code>stealc</code>,1,0.0060606
15,steppe&eth;,<code>steppe&amp;d;</code>,1,0.0060606
15,sti&eth;,<code>sti&amp;d;</code>,1,0.0060606
15,sti&eth;ecg,<code>sti&amp;d;ecg</code>,1,0.0060606
15,stigan,<code>stigan</code>,1,0.0060606
15,stonde,<code>stonde</code>,1,0.0060606
15,strong,<code>strong</code>,1,0.0060606
15,stunde,<code>stunde</code>,1,0.0060606
15,style,<code>style</code>,1,0.0060606
15,sunne,<code>sunne</code>,1,0.0060606
15,swelge,<code>swelge</code>,1,0.0060606
15,ufan,<code>ufan</code>,1,0.0060606
15,up,<code>up</code>,1,0.0060606
15,ut,<code>ut</code>,1,0.0060606
15,w,<code>w</code>,1,0.0060606
15,w&aelig;tre,<code>w&amp;ae;tre</code>,1,0.0060606
15,wara&eth;,<code>wara&amp;d;</code>,1,0.0060606
15,weop,<code>weop</code>,1,0.0060606
15,wide,<code>wide</code>,1,0.0060606
15,wigan,<code>wigan</code>,1,0.0060606
15,willum,<code>willum</code>,1,0.0060606
15,wilum,<code>wilum</code>,1,0.0060606
15,wlite&eth;,<code>wlite&amp;d;</code>,1,0.0060606
15,wod,<code>wod</code>,1,0.0060606
15,wombe,<code>wombe</code>,1,0.0060606
15,wonnsceaft,<code>wonnsceaft</code>,1,0.0060606
15,wrecan,<code>wrecan</code>,1,0.0060606
15,wuda,<code>wuda</code>,1,0.0060606
15,wulfes,<code>wulfes</code>,1,0.0060606
15,wunde,<code>wunde</code>,1,0.0060606
