A_Poetry,A03,A03.026_Hell_T00940.txt,445,323,813
RANK,HTML WORD,RAW WORD,COUNT,RELATIVE FREQUENCY
1,&thorn;u,<code>&amp;t;u</code>,22,0.0270603
1,ond,<code>ond</code>,22,0.0270603
3,&thorn;a,<code>&amp;t;a</code>,19,0.0233702
4,in,<code>in</code>,17,0.0209102
5,&thorn;&aelig;t,<code>&amp;t;&amp;ae;t</code>,14,0.0172202
5,on,<code>on</code>,14,0.0172202
5,to,<code>to</code>,14,0.0172202
8,&thorn;e,<code>&amp;t;e</code>,13,0.0159902
9,he,<code>he</code>,10,0.0123001
10,&thorn;&aelig;re,<code>&amp;t;&amp;ae;re</code>,9,0.0110701
11,fore,<code>fore</code>,8,0.0098401
11,us,<code>us</code>,8,0.0098401
11,we,<code>we</code>,8,0.0098401
14,&thorn;&aelig;s,<code>&amp;t;&amp;ae;s</code>,7,0.0086101
14,me,<code>me</code>,7,0.0086101
16,&thorn;am,<code>&amp;t;am</code>,6,0.0073801
16,dryhten,<code>dryhten</code>,6,0.0073801
16,ne,<code>ne</code>,6,0.0073801
16,nu,<code>nu</code>,6,0.0073801
20,bidan,<code>bidan</code>,5,0.0061501
20,ealle,<code>ealle</code>,5,0.0061501
20,godes,<code>godes</code>,5,0.0061501
20,hu,<code>hu</code>,5,0.0061501
20,hy,<code>hy</code>,5,0.0061501
20,ic,<code>ic</code>,5,0.0061501
20,mid,<code>mid</code>,5,0.0061501
20,w&aelig;s,<code>w&amp;ae;s</code>,5,0.0061501
28,&thorn;onne,<code>&amp;t;onne</code>,4,0.0049200
28,&thorn;y,<code>&amp;t;y</code>,4,0.0049200
28,cyninga,<code>cyninga</code>,4,0.0049200
28,eala,<code>eala</code>,4,0.0049200
28,helle,<code>helle</code>,4,0.0049200
28,his,<code>his</code>,4,0.0049200
28,iudeum,<code>iudeum</code>,4,0.0049200
28,modig,<code>modig</code>,4,0.0049200
28,swylce,<code>swylce</code>,4,0.0049200
28,user,<code>user</code>,4,0.0049200
38,&aelig;&thorn;elinges,<code>&amp;ae;&amp;t;elinges</code>,3,0.0036900
38,&thorn;inre,<code>&amp;t;inre</code>,3,0.0036900
38,&thorn;inum,<code>&amp;t;inum</code>,3,0.0036900
38,&thorn;isne,<code>&amp;t;isne</code>,3,0.0036900
38,&thorn;urh,<code>&amp;t;urh</code>,3,0.0036900
38,ac,<code>ac</code>,3,0.0036900
38,bendum,<code>bendum</code>,3,0.0036900
38,ealra,<code>ealra</code>,3,0.0036900
38,fela,<code>fela</code>,3,0.0036900
38,folces,<code>folces</code>,3,0.0036900
38,h&aelig;le&eth;,<code>h&amp;ae;le&amp;d;</code>,3,0.0036900
38,h&aelig;lend,<code>h&amp;ae;lend</code>,3,0.0036900
38,hine,<code>hine</code>,3,0.0036900
38,iohannis,<code>iohannis</code>,3,0.0036900
38,iordane,<code>iordane</code>,3,0.0036900
38,sigebearn,<code>sigebearn</code>,3,0.0036900
38,sylfes,<code>sylfes</code>,3,0.0036900
38,under,<code>under</code>,3,0.0036900
38,w&aelig;ron,<code>w&amp;ae;ron</code>,3,0.0036900
38,weoruda,<code>weoruda</code>,3,0.0036900
38,wiston,<code>wiston</code>,3,0.0036900
38,wolde,<code>wolde</code>,3,0.0036900
38,wyn,<code>wyn</code>,3,0.0036900
38,wynnum,<code>wynnum</code>,3,0.0036900
62,&aelig;r,<code>&amp;ae;r</code>,2,0.0024600
62,&thorn;&aelig;r,<code>&amp;t;&amp;ae;r</code>,2,0.0024600
62,&thorn;eoden,<code>&amp;t;eoden</code>,2,0.0024600
62,&thorn;ines,<code>&amp;t;ines</code>,2,0.0024600
62,&thorn;onc,<code>&amp;t;onc</code>,2,0.0024600
62,&thorn;reat,<code>&amp;t;reat</code>,2,0.0024600
62,an,<code>an</code>,2,0.0024600
62,beorge,<code>beorge</code>,2,0.0024600
62,bethlem,<code>bethlem</code>,2,0.0024600
62,bi&eth;,<code>bi&amp;d;</code>,2,0.0024600
62,brohtest,<code>brohtest</code>,2,0.0024600
62,burg,<code>burg</code>,2,0.0024600
62,cwom,<code>cwom</code>,2,0.0024600
62,cyning,<code>cyning</code>,2,0.0024600
62,eac,<code>eac</code>,2,0.0024600
62,ealles,<code>ealles</code>,2,0.0024600
62,eart,<code>eart</code>,2,0.0024600
62,eor&eth;&aelig;rn,<code>eor&amp;d;&amp;ae;rn</code>,2,0.0024600
62,foldbuende,<code>foldbuende</code>,2,0.0024600
62,for,<code>for</code>,2,0.0024600
62,from,<code>from</code>,2,0.0024600
62,fruma,<code>fruma</code>,2,0.0024600
62,gecy&eth;dest,<code>gecy&amp;d;dest</code>,2,0.0024600
62,gemot,<code>gemot</code>,2,0.0024600
62,geseah,<code>geseah</code>,2,0.0024600
62,gewunadest,<code>gewunadest</code>,2,0.0024600
62,god,<code>god</code>,2,0.0024600
62,helm,<code>helm</code>,2,0.0024600
62,hierusalem,<code>hierusalem</code>,2,0.0024600
62,him,<code>him</code>,2,0.0024600
62,lic,<code>lic</code>,2,0.0024600
62,lof,<code>lof</code>,2,0.0024600
62,longe,<code>longe</code>,2,0.0024600
62,m&aelig;ge,<code>m&amp;ae;ge</code>,2,0.0024600
62,maria,<code>maria</code>,2,0.0024600
62,meaht,<code>meaht</code>,2,0.0024600
62,mengo,<code>mengo</code>,2,0.0024600
62,modge,<code>modge</code>,2,0.0024600
62,monna,<code>monna</code>,2,0.0024600
62,mostan,<code>mostan</code>,2,0.0024600
62,murnende,<code>murnende</code>,2,0.0024600
62,nales,<code>nales</code>,2,0.0024600
62,of,<code>of</code>,2,0.0024600
62,se,<code>se</code>,2,0.0024600
62,secan,<code>secan</code>,2,0.0024600
62,selast,<code>selast</code>,2,0.0024600
62,seo,<code>seo</code>,2,0.0024600
62,si&eth;,<code>si&amp;d;</code>,2,0.0024600
62,sie,<code>sie</code>,2,0.0024600
62,sigedryhten,<code>sigedryhten</code>,2,0.0024600
62,snottor,<code>snottor</code>,2,0.0024600
62,spr&aelig;c,<code>spr&amp;ae;c</code>,2,0.0024600
62,stille,<code>stille</code>,2,0.0024600
62,stowe,<code>stowe</code>,2,0.0024600
62,swa,<code>swa</code>,2,0.0024600
62,uhtan,<code>uhtan</code>,2,0.0024600
62,usse,<code>usse</code>,2,0.0024600
62,wille,<code>wille</code>,2,0.0024600
62,woldest,<code>woldest</code>,2,0.0024600
62,wr&aelig;ccan,<code>wr&amp;ae;ccan</code>,2,0.0024600
62,ymb,<code>ymb</code>,2,0.0024600
123,&aelig;&thorn;elcunde,<code>&amp;ae;&amp;t;elcunde</code>,1,0.0012300
123,&aelig;&thorn;elinga,<code>&amp;ae;&amp;t;elinga</code>,1,0.0012300
123,&aelig;nne,<code>&amp;ae;nne</code>,1,0.0012300
123,&aelig;riste,<code>&amp;ae;riste</code>,1,0.0012300
123,&aelig;t,<code>&amp;ae;t</code>,1,0.0012300
123,&aelig;tg&aelig;dre,<code>&amp;ae;tg&amp;ae;dre</code>,1,0.0012300
123,&aelig;tywdest,<code>&amp;ae;tywdest</code>,1,0.0012300
123,&thorn;eah,<code>&amp;t;eah</code>,1,0.0012300
123,&thorn;earf,<code>&amp;t;earf</code>,1,0.0012300
123,&thorn;earfe,<code>&amp;t;earfe</code>,1,0.0012300
123,&thorn;egn,<code>&amp;t;egn</code>,1,0.0012300
123,&thorn;eoda,<code>&amp;t;eoda</code>,1,0.0012300
123,&thorn;ing,<code>&amp;t;ing</code>,1,0.0012300
123,&thorn;issum,<code>&amp;t;issum</code>,1,0.0012300
123,&thorn;one,<code>&amp;t;one</code>,1,0.0012300
123,&thorn;rungon,<code>&amp;t;rungon</code>,1,0.0012300
123,&thorn;rym,<code>&amp;t;rym</code>,1,0.0012300
123,&thorn;ynes,<code>&amp;t;ynes</code>,1,0.0012300
123,&thorn;ystre,<code>&amp;t;ystre</code>,1,0.0012300
123,a,<code>a</code>,1,0.0012300
123,abead,<code>abead</code>,1,0.0012300
123,abraham,<code>abraham</code>,1,0.0012300
123,acendest,<code>acendest</code>,1,0.0012300
123,acolad,<code>acolad</code>,1,0.0012300
123,adam,<code>adam</code>,1,0.0012300
123,adreag,<code>adreag</code>,1,0.0012300
123,ageaf,<code>ageaf</code>,1,0.0012300
123,ana,<code>ana</code>,1,0.0012300
123,ane,<code>ane</code>,1,0.0012300
123,aras,<code>aras</code>,1,0.0012300
123,are,<code>are</code>,1,0.0012300
123,ba&thorn;odan,<code>ba&amp;t;odan</code>,1,0.0012300
123,be&thorn;eahte,<code>be&amp;t;eahte</code>,1,0.0012300
123,bealdlice,<code>bealdlice</code>,1,0.0012300
123,bealuclommum,<code>bealuclommum</code>,1,0.0012300
123,beh&aelig;fde,<code>beh&amp;ae;fde</code>,1,0.0012300
123,beofiende,<code>beofiende</code>,1,0.0012300
123,beofode,<code>beofode</code>,1,0.0012300
123,bera&eth;,<code>bera&amp;d;</code>,1,0.0012300
123,bereotan,<code>bereotan</code>,1,0.0012300
123,beswican,<code>beswican</code>,1,0.0012300
123,bi&thorn;eaht,<code>bi&amp;t;eaht</code>,1,0.0012300
123,bicgan,<code>bicgan</code>,1,0.0012300
123,bilocen,<code>bilocen</code>,1,0.0012300
123,bim&aelig;nan,<code>bim&amp;ae;nan</code>,1,0.0012300
123,bimengdes,<code>bimengdes</code>,1,0.0012300
123,binde&eth;,<code>binde&amp;d;</code>,1,0.0012300
123,bitre,<code>bitre</code>,1,0.0012300
123,bli&eth;e,<code>bli&amp;d;e</code>,1,0.0012300
123,bli&thorn;e,<code>bli&amp;t;e</code>,1,0.0012300
123,bona,<code>bona</code>,1,0.0012300
123,bonan,<code>bonan</code>,1,0.0012300
123,bosm,<code>bosm</code>,1,0.0012300
123,breostum,<code>breostum</code>,1,0.0012300
123,bro&thorn;orleasne,<code>bro&amp;t;orleasne</code>,1,0.0012300
123,brucan,<code>brucan</code>,1,0.0012300
123,burge,<code>burge</code>,1,0.0012300
123,burggeatum,<code>burggeatum</code>,1,0.0012300
123,burgwaran,<code>burgwaran</code>,1,0.0012300
123,burgwarena,<code>burgwarena</code>,1,0.0012300
123,burnan,<code>burnan</code>,1,0.0012300
123,byrnan,<code>byrnan</code>,1,0.0012300
123,byrnwigend,<code>byrnwigend</code>,1,0.0012300
123,ceastrum,<code>ceastrum</code>,1,0.0012300
123,cild,<code>cild</code>,1,0.0012300
123,cildhade,<code>cildhade</code>,1,0.0012300
123,clustor,<code>clustor</code>,1,0.0012300
123,cnyht,<code>cnyht</code>,1,0.0012300
123,crist,<code>crist</code>,1,0.0012300
123,cuman,<code>cuman</code>,1,0.0012300
123,cyne&thorn;rymma,<code>cyne&amp;t;rymma</code>,1,0.0012300
123,cyne&thorn;rymme,<code>cyne&amp;t;rymme</code>,1,0.0012300
123,cyrdon,<code>cyrdon</code>,1,0.0012300
123,d&aelig;ge,<code>d&amp;ae;ge</code>,1,0.0012300
123,d&aelig;gred,<code>d&amp;ae;gred</code>,1,0.0012300
123,dauid,<code>dauid</code>,1,0.0012300
123,dea&eth;,<code>dea&amp;d;</code>,1,0.0012300
123,deope,<code>deope</code>,1,0.0012300
123,dohtor,<code>dohtor</code>,1,0.0012300
123,dorum,<code>dorum</code>,1,0.0012300
123,dry,<code>dry</code>,1,0.0012300
123,duru,<code>duru</code>,1,0.0012300
123,dyra,<code>dyra</code>,1,0.0012300
123,eal,<code>eal</code>,1,0.0012300
123,ealdfind,<code>ealdfind</code>,1,0.0012300
123,ealne,<code>ealne</code>,1,0.0012300
123,easterniht,<code>easterniht</code>,1,0.0012300
123,efne,<code>efne</code>,1,0.0012300
123,eftcymes,<code>eftcymes</code>,1,0.0012300
123,ellen,<code>ellen</code>,1,0.0012300
123,end,<code>end</code>,1,0.0012300
123,engla,<code>engla</code>,1,0.0012300
123,eor&eth;&aelig;rne,<code>eor&amp;d;&amp;ae;rne</code>,1,0.0012300
123,eorl,<code>eorl</code>,1,0.0012300
123,eorles,<code>eorles</code>,1,0.0012300
123,esaias,<code>esaias</code>,1,0.0012300
123,f&aelig;gre,<code>f&amp;ae;gre</code>,1,0.0012300
123,f&aelig;mnena,<code>f&amp;ae;mnena</code>,1,0.0012300
123,fah,<code>fah</code>,1,0.0012300
123,feollan,<code>feollan</code>,1,0.0012300
123,feondum,<code>feondum</code>,1,0.0012300
123,feores,<code>feores</code>,1,0.0012300
123,folca,<code>folca</code>,1,0.0012300
123,folde,<code>folde</code>,1,0.0012300
123,for&eth;,<code>for&amp;d;</code>,1,0.0012300
123,for&thorn;on,<code>for&amp;t;on</code>,1,0.0012300
123,forbrecan,<code>forbrecan</code>,1,0.0012300
123,forbygan,<code>forbygan</code>,1,0.0012300
123,frea,<code>frea</code>,1,0.0012300
123,freo&thorn;o,<code>freo&amp;t;o</code>,1,0.0012300
123,ful,<code>ful</code>,1,0.0012300
123,fullwihte,<code>fullwihte</code>,1,0.0012300
123,fundon,<code>fundon</code>,1,0.0012300
123,fysde,<code>fysde</code>,1,0.0012300
123,g&aelig;st,<code>g&amp;ae;st</code>,1,0.0012300
123,gabrihel,<code>gabrihel</code>,1,0.0012300
123,gebunden,<code>gebunden</code>,1,0.0012300
123,gedyrstum,<code>gedyrstum</code>,1,0.0012300
123,gefeah,<code>gefeah</code>,1,0.0012300
123,gehaten,<code>gehaten</code>,1,0.0012300
123,gehyddan,<code>gehyddan</code>,1,0.0012300
123,gehyrdon,<code>gehyrdon</code>,1,0.0012300
123,gelyfa&eth;,<code>gelyfa&amp;d;</code>,1,0.0012300
123,gelyfe&eth;,<code>gelyfe&amp;d;</code>,1,0.0012300
123,gemiltsie,<code>gemiltsie</code>,1,0.0012300
123,gemyndig,<code>gemyndig</code>,1,0.0012300
123,geogo&eth;e,<code>geogo&amp;d;e</code>,1,0.0012300
123,geomormod,<code>geomormod</code>,1,0.0012300
123,geondferan,<code>geondferan</code>,1,0.0012300
123,geondflowan,<code>geondflowan</code>,1,0.0012300
123,geonge,<code>geonge</code>,1,0.0012300
123,geriman,<code>geriman</code>,1,0.0012300
123,gesealdest,<code>gesealdest</code>,1,0.0012300
123,gesecan,<code>gesecan</code>,1,0.0012300
123,geseon,<code>geseon</code>,1,0.0012300
123,gesetu,<code>gesetu</code>,1,0.0012300
123,gesoht,<code>gesoht</code>,1,0.0012300
123,gesohtes,<code>gesohtes</code>,1,0.0012300
123,geweald,<code>geweald</code>,1,0.0012300
123,gewitte,<code>gewitte</code>,1,0.0012300
123,gierwan,<code>gierwan</code>,1,0.0012300
123,giet,<code>giet</code>,1,0.0012300
123,gifre,<code>gifre</code>,1,0.0012300
123,git,<code>git</code>,1,0.0012300
123,gleaw,<code>gleaw</code>,1,0.0012300
123,grette,<code>grette</code>,1,0.0012300
123,gumena,<code>gumena</code>,1,0.0012300
123,gust,<code>gust</code>,1,0.0012300
123,h&aelig;dre,<code>h&amp;ae;dre</code>,1,0.0012300
123,h&aelig;fde,<code>h&amp;ae;fde</code>,1,0.0012300
123,h&aelig;le&thorn;a,<code>h&amp;ae;le&amp;t;a</code>,1,0.0012300
123,h&aelig;lendes,<code>h&amp;ae;lendes</code>,1,0.0012300
123,habban,<code>habban</code>,1,0.0012300
123,hagosteald,<code>hagosteald</code>,1,0.0012300
123,halsie,<code>halsie</code>,1,0.0012300
123,halsige,<code>halsige</code>,1,0.0012300
123,heahf&aelig;dra,<code>heahf&amp;ae;dra</code>,1,0.0012300
123,heapa,<code>heapa</code>,1,0.0012300
123,heard,<code>heard</code>,1,0.0012300
123,hearde,<code>hearde</code>,1,0.0012300
123,heht,<code>heht</code>,1,0.0012300
123,hellwara,<code>hellwara</code>,1,0.0012300
123,helmberendra,<code>helmberendra</code>,1,0.0012300
123,helwaran,<code>helwaran</code>,1,0.0012300
123,helwarum,<code>helwarum</code>,1,0.0012300
123,heofona,<code>heofona</code>,1,0.0012300
123,heold,<code>heold</code>,1,0.0012300
123,heorosceorp,<code>heorosceorp</code>,1,0.0012300
123,herga&eth;,<code>herga&amp;d;</code>,1,0.0012300
123,hi,<code>hi</code>,1,0.0012300
123,hilde,<code>hilde</code>,1,0.0012300
123,hinsi&eth;,<code>hinsi&amp;d;</code>,1,0.0012300
123,hlafordes,<code>hlafordes</code>,1,0.0012300
123,hlogan,<code>hlogan</code>,1,0.0012300
123,hlyhhende,<code>hlyhhende</code>,1,0.0012300
123,hond,<code>hond</code>,1,0.0012300
123,honda,<code>honda</code>,1,0.0012300
123,hreowen,<code>hreowen</code>,1,0.0012300
123,huru,<code>huru</code>,1,0.0012300
123,hwile,<code>hwile</code>,1,0.0012300
123,hwonne,<code>hwonne</code>,1,0.0012300
123,hwylc,<code>hwylc</code>,1,0.0012300
123,hyldo,<code>hyldo</code>,1,0.0012300
123,hyra,<code>hyra</code>,1,0.0012300
123,hyrde,<code>hyrde</code>,1,0.0012300
123,iacob,<code>iacob</code>,1,0.0012300
123,ian,<code>ian</code>,1,0.0012300
123,ige,<code>ige</code>,1,0.0012300
123,inum,<code>inum</code>,1,0.0012300
123,isac,<code>isac</code>,1,0.0012300
123,iudea,<code>iudea</code>,1,0.0012300
123,l&aelig;dan,<code>l&amp;ae;dan</code>,1,0.0012300
123,leofa,<code>leofa</code>,1,0.0012300
123,lete,<code>lete</code>,1,0.0012300
123,lifgende,<code>lifgende</code>,1,0.0012300
123,locu,<code>locu</code>,1,0.0012300
123,lufan,<code>lufan</code>,1,0.0012300
123,lum,<code>lum</code>,1,0.0012300
123,m&aelig;g&eth;,<code>m&amp;ae;g&amp;d;</code>,1,0.0012300
123,m&aelig;gburg,<code>m&amp;ae;gburg</code>,1,0.0012300
123,m&aelig;gen&thorn;rym,<code>m&amp;ae;gen&amp;t;rym</code>,1,0.0012300
123,m&aelig;ges,<code>m&amp;ae;ges</code>,1,0.0012300
123,meotude,<code>meotude</code>,1,0.0012300
123,middangeard,<code>middangeard</code>,1,0.0012300
123,milde,<code>milde</code>,1,0.0012300
123,miltsum,<code>miltsum</code>,1,0.0012300
123,min,<code>min</code>,1,0.0012300
123,minum,<code>minum</code>,1,0.0012300
123,mod,<code>mod</code>,1,0.0012300
123,mode,<code>mode</code>,1,0.0012300
123,modigne,<code>modigne</code>,1,0.0012300
123,modor,<code>modor</code>,1,0.0012300
123,moldan,<code>moldan</code>,1,0.0012300
123,mon,<code>mon</code>,1,0.0012300
123,mon&thorn;w&aelig;re,<code>mon&amp;t;w&amp;ae;re</code>,1,0.0012300
123,mona&eth;,<code>mona&amp;d;</code>,1,0.0012300
123,moncynne,<code>moncynne</code>,1,0.0012300
123,moncynnes,<code>moncynnes</code>,1,0.0012300
123,monig,<code>monig</code>,1,0.0012300
123,monige,<code>monige</code>,1,0.0012300
123,moste,<code>moste</code>,1,0.0012300
123,moyses,<code>moyses</code>,1,0.0012300
123,mu&eth;,<code>mu&amp;d;</code>,1,0.0012300
123,mundbora,<code>mundbora</code>,1,0.0012300
123,nama,<code>nama</code>,1,0.0012300
123,nearwe,<code>nearwe</code>,1,0.0012300
123,ni&eth;loc,<code>ni&amp;d;loc</code>,1,0.0012300
123,no,<code>no</code>,1,0.0012300
123,o&thorn;&thorn;&aelig;t,<code>o&amp;t;&amp;t;&amp;ae;t</code>,1,0.0012300
123,o&thorn;er,<code>o&amp;t;er</code>,1,0.0012300
123,o&thorn;rad,<code>o&amp;t;rad</code>,1,0.0012300
123,o&thorn;re,<code>o&amp;t;re</code>,1,0.0012300
123,oferwurpe,<code>oferwurpe</code>,1,0.0012300
123,oflyste,<code>oflyste</code>,1,0.0012300
123,oft,<code>oft</code>,1,0.0012300
123,onbryrdon,<code>onbryrdon</code>,1,0.0012300
123,onette,<code>onette</code>,1,0.0012300
123,onfeng,<code>onfeng</code>,1,0.0012300
123,ongeat,<code>ongeat</code>,1,0.0012300
123,onginnan,<code>onginnan</code>,1,0.0012300
123,ongunnon,<code>ongunnon</code>,1,0.0012300
123,onwoc,<code>onwoc</code>,1,0.0012300
123,open,<code>open</code>,1,0.0012300
123,ord,<code>ord</code>,1,0.0012300
123,r&aelig;st,<code>r&amp;ae;st</code>,1,0.0012300
123,re&thorn;ust,<code>re&amp;t;ust</code>,1,0.0012300
123,reafian,<code>reafian</code>,1,0.0012300
123,reonge,<code>reonge</code>,1,0.0012300
123,rice,<code>rice</code>,1,0.0012300
123,rohte,<code>rohte</code>,1,0.0012300
123,s&aelig;gde,<code>s&amp;ae;gde</code>,1,0.0012300
123,s&aelig;s,<code>s&amp;ae;s</code>,1,0.0012300
123,sacharias,<code>sacharias</code>,1,0.0012300
123,sarigu,<code>sarigu</code>,1,0.0012300
123,sceacen,<code>sceacen</code>,1,0.0012300
123,sceal,<code>sceal</code>,1,0.0012300
123,scearp,<code>scearp</code>,1,0.0012300
123,sceolde,<code>sceolde</code>,1,0.0012300
123,sceoldon,<code>sceoldon</code>,1,0.0012300
123,scinan,<code>scinan</code>,1,0.0012300
123,sculon,<code>sculon</code>,1,0.0012300
123,scyppend,<code>scyppend</code>,1,0.0012300
123,secgan,<code>secgan</code>,1,0.0012300
123,sendan,<code>sendan</code>,1,0.0012300
123,setan,<code>setan</code>,1,0.0012300
123,si&thorn;&thorn;an,<code>si&amp;t;&amp;t;an</code>,1,0.0012300
123,si&thorn;adest,<code>si&amp;t;adest</code>,1,0.0012300
123,sibbe,<code>sibbe</code>,1,0.0012300
123,siex,<code>siex</code>,1,0.0012300
123,sigef&aelig;st,<code>sigef&amp;ae;st</code>,1,0.0012300
123,singa&eth;,<code>singa&amp;d;</code>,1,0.0012300
123,sittan,<code>sittan</code>,1,0.0012300
123,sohton,<code>sohton</code>,1,0.0012300
123,sondgrotu,<code>sondgrotu</code>,1,0.0012300
123,sorgum,<code>sorgum</code>,1,0.0012300
123,stonda&eth;,<code>stonda&amp;d;</code>,1,0.0012300
123,sweord,<code>sweord</code>,1,0.0012300
123,swi&thorn;e,<code>swi&amp;t;e</code>,1,0.0012300
123,sygebearn,<code>sygebearn</code>,1,0.0012300
123,sylfa,<code>sylfa</code>,1,0.0012300
123,sylfe,<code>sylfe</code>,1,0.0012300
123,symle,<code>symle</code>,1,0.0012300
123,synne,<code>synne</code>,1,0.0012300
123,tu,<code>tu</code>,1,0.0012300
123,unc,<code>unc</code>,1,0.0012300
123,unrim,<code>unrim</code>,1,0.0012300
123,ure,<code>ure</code>,1,0.0012300
123,urum,<code>urum</code>,1,0.0012300
123,ussum,<code>ussum</code>,1,0.0012300
123,w&aelig;re,<code>w&amp;ae;re</code>,1,0.0012300
123,w&aelig;tre,<code>w&amp;ae;tre</code>,1,0.0012300
123,w&aelig;tres,<code>w&amp;ae;tres</code>,1,0.0012300
123,waldend,<code>waldend</code>,1,0.0012300
123,weallas,<code>weallas</code>,1,0.0012300
123,weg,<code>weg</code>,1,0.0012300
123,wendan,<code>wendan</code>,1,0.0012300
123,wene,<code>wene</code>,1,0.0012300
123,wenum,<code>wenum</code>,1,0.0012300
123,weorces,<code>weorces</code>,1,0.0012300
123,weorod,<code>weorod</code>,1,0.0012300
123,weoroda,<code>weoroda</code>,1,0.0012300
123,werigu,<code>werigu</code>,1,0.0012300
123,wide,<code>wide</code>,1,0.0012300
123,wif,<code>wif</code>,1,0.0012300
123,wifmenn,<code>wifmenn</code>,1,0.0012300
123,wifmonna,<code>wifmonna</code>,1,0.0012300
123,wilcuman,<code>wilcuman</code>,1,0.0012300
123,wilnian,<code>wilnian</code>,1,0.0012300
123,wis,<code>wis</code>,1,0.0012300
123,wit,<code>wit</code>,1,0.0012300
123,witgena,<code>witgena</code>,1,0.0012300
123,witod,<code>witod</code>,1,0.0012300
123,woldan,<code>woldan</code>,1,0.0012300
123,wope,<code>wope</code>,1,0.0012300
123,word,<code>word</code>,1,0.0012300
123,worde,<code>worde</code>,1,0.0012300
123,wordum,<code>wordum</code>,1,0.0012300
123,wr&aelig;csi&eth;,<code>wr&amp;ae;csi&amp;d;</code>,1,0.0012300
123,wuldorgiefa,<code>wuldorgiefa</code>,1,0.0012300
123,wunde,<code>wunde</code>,1,0.0012300
123,wynne,<code>wynne</code>,1,0.0012300
123,y&eth;,<code>y&amp;d;</code>,1,0.0012300
123,ymbfon,<code>ymbfon</code>,1,0.0012300
