A_Poetry,A03,A03.034.027_Rid_87_T01290.txt,33,31,35
RANK,HTML WORD,RAW WORD,COUNT,RELATIVE FREQUENCY
1,hio,<code>hio</code>,2,0.0571429
1,on,<code>on</code>,2,0.0571429
3,&thorn;egn,<code>&amp;t;egn</code>,1,0.0285714
3,&thorn;ry&thorn;um,<code>&amp;t;ry&amp;t;um</code>,1,0.0285714
3,&thorn;uhte,<code>&amp;t;uhte</code>,1,0.0285714
3,bleowe,<code>bleowe</code>,1,0.0285714
3,borcade,<code>borcade</code>,1,0.0285714
3,eage,<code>eage</code>,1,0.0285714
3,folgade,<code>folgade</code>,1,0.0285714
3,ge&thorn;rungne,<code>ge&amp;t;rungne</code>,1,0.0285714
3,godlic,<code>godlic</code>,1,0.0285714
3,grap,<code>grap</code>,1,0.0285714
3,gumrinc,<code>gumrinc</code>,1,0.0285714
3,h&aelig;fde,<code>h&amp;ae;fde</code>,1,0.0285714
3,heofones,<code>heofones</code>,1,0.0285714
3,ic,<code>ic</code>,1,0.0285714
3,m&aelig;genstrong,<code>m&amp;ae;genstrong</code>,1,0.0285714
3,me,<code>me</code>,1,0.0285714
3,micel,<code>micel</code>,1,0.0285714
3,micle,<code>micle</code>,1,0.0285714
3,mundrof,<code>mundrof</code>,1,0.0285714
3,niol,<code>niol</code>,1,0.0285714
3,ond,<code>ond</code>,1,0.0285714
3,se&thorn;eah,<code>se&amp;t;eah</code>,1,0.0285714
3,seah,<code>seah</code>,1,0.0285714
3,sona,<code>sona</code>,1,0.0285714
3,to&thorn;e,<code>to&amp;t;e</code>,1,0.0285714
3,wancode,<code>wancode</code>,1,0.0285714
3,wiht,<code>wiht</code>,1,0.0285714
3,willum,<code>willum</code>,1,0.0285714
3,wolde,<code>wolde</code>,1,0.0285714
3,wombe,<code>wombe</code>,1,0.0285714
3,wundorlice,<code>wundorlice</code>,1,0.0285714
