A_Poetry,A03,A03.034.006_Rid_66_T01080.txt,47,41,56
RANK,HTML WORD,RAW WORD,COUNT,RELATIVE FREQUENCY
1,&thorn;onne,<code>&amp;t;onne</code>,4,0.0714286
2,ic,<code>ic</code>,3,0.0535714
3,&thorn;es,<code>&amp;t;es</code>,2,0.0357143
3,me,<code>me</code>,2,0.0357143
3,middangeard,<code>middangeard</code>,2,0.0357143
3,ond,<code>ond</code>,2,0.0357143
7,bearm,<code>bearm</code>,1,0.0178571
7,e&thorn;el,<code>e&amp;t;el</code>,1,0.0178571
7,ealle,<code>ealle</code>,1,0.0178571
7,ealne,<code>ealne</code>,1,0.0178571
7,eard,<code>eard</code>,1,0.0178571
7,engla,<code>engla</code>,1,0.0178571
7,eom,<code>eom</code>,1,0.0178571
7,eor&thorn;an,<code>eor&amp;t;an</code>,1,0.0178571
7,f&aelig;&eth;mum,<code>f&amp;ae;&amp;d;mum</code>,1,0.0178571
7,flodas,<code>flodas</code>,1,0.0178571
7,foldan,<code>foldan</code>,1,0.0178571
7,gefylle,<code>gefylle</code>,1,0.0178571
7,grene,<code>grene</code>,1,0.0178571
7,grundum,<code>grundum</code>,1,0.0178571
7,hatte,<code>hatte</code>,1,0.0178571
7,helle,<code>helle</code>,1,0.0178571
7,heofonas,<code>heofonas</code>,1,0.0178571
7,hondwyrm,<code>hondwyrm</code>,1,0.0178571
7,hrine,<code>hrine</code>,1,0.0178571
7,hw&aelig;t,<code>hw&amp;ae;t</code>,1,0.0178571
7,l&aelig;sse,<code>l&amp;ae;sse</code>,1,0.0178571
7,leohtre,<code>leohtre</code>,1,0.0178571
7,mare,<code>mare</code>,1,0.0178571
7,merestreamas,<code>merestreamas</code>,1,0.0178571
7,mid,<code>mid</code>,1,0.0178571
7,mona,<code>mona</code>,1,0.0178571
7,ofer,<code>ofer</code>,1,0.0178571
7,oferstige,<code>oferstige</code>,1,0.0178571
7,on,<code>on</code>,1,0.0178571
7,r&aelig;ce,<code>r&amp;ae;ce</code>,1,0.0178571
7,s&aelig;s,<code>s&amp;ae;s</code>,1,0.0178571
7,saga,<code>saga</code>,1,0.0178571
7,side,<code>side</code>,1,0.0178571
7,sind,<code>sind</code>,1,0.0178571
7,sunne,<code>sunne</code>,1,0.0178571
7,swiftre,<code>swiftre</code>,1,0.0178571
7,sylfum,<code>sylfum</code>,1,0.0178571
7,underhnige,<code>underhnige</code>,1,0.0178571
7,wide,<code>wide</code>,1,0.0178571
7,wongas,<code>wongas</code>,1,0.0178571
7,wuldres,<code>wuldres</code>,1,0.0178571
