A_Poetry,A03,A03.034.007_Rid_67_T01090.txt,62,58,66
RANK,HTML WORD,RAW WORD,COUNT,RELATIVE FREQUENCY
1,&thorn;&aelig;t,<code>&amp;t;&amp;ae;t</code>,2,0.0303030
1,ic,<code>ic</code>,2,0.0303030
1,oft,<code>oft</code>,2,0.0303030
1,wiht,<code>wiht</code>,2,0.0303030
5,&thorn;&aelig;r,<code>&amp;t;&amp;ae;r</code>,1,0.0151515
5,&thorn;e,<code>&amp;t;e</code>,1,0.0151515
5,&thorn;enden,<code>&amp;t;enden</code>,1,0.0151515
5,&thorn;eodcyninges,<code>&amp;t;eodcyninges</code>,1,0.0151515
5,&thorn;inge,<code>&amp;t;inge</code>,1,0.0151515
5,buga&eth;,<code>buga&amp;d;</code>,1,0.0151515
5,cunne,<code>cunne</code>,1,0.0151515
5,cwi&thorn;e&eth;,<code>cwi&amp;t;e&amp;d;</code>,1,0.0151515
5,cy,<code>cy</code>,1,0.0151515
5,de&eth;,<code>de&amp;d;</code>,1,0.0151515
5,druncon,<code>druncon</code>,1,0.0151515
5,ealdre,<code>ealdre</code>,1,0.0151515
5,ece,<code>ece</code>,1,0.0151515
5,eor&thorn;an,<code>eor&amp;t;an</code>,1,0.0151515
5,fet,<code>fet</code>,1,0.0151515
5,fira,<code>fira</code>,1,0.0151515
5,for&thorn;on,<code>for&amp;t;on</code>,1,0.0151515
5,gefr&aelig;gn,<code>gefr&amp;ae;gn</code>,1,0.0151515
5,gegierwed,<code>gegierwed</code>,1,0.0151515
5,gehw,<code>gehw</code>,1,0.0151515
5,geseah,<code>geseah</code>,1,0.0151515
5,golde,<code>golde</code>,1,0.0151515
5,guman,<code>guman</code>,1,0.0151515
5,hafa&eth;,<code>hafa&amp;d;</code>,1,0.0151515
5,hio,<code>hio</code>,1,0.0151515
5,hw&aelig;t,<code>hw&amp;ae;t</code>,1,0.0151515
5,hwylc,<code>hwylc</code>,1,0.0151515
5,lareow,<code>lareow</code>,1,0.0151515
5,leoda,<code>leoda</code>,1,0.0151515
5,lifgan,<code>lifgan</code>,1,0.0151515
5,longe,<code>longe</code>,1,0.0151515
5,m&aelig;g,<code>m&amp;ae;g</code>,1,0.0151515
5,me,<code>me</code>,1,0.0151515
5,menn,<code>menn</code>,1,0.0151515
5,missenlice,<code>missenlice</code>,1,0.0151515
5,mu&eth;,<code>mu&amp;d;</code>,1,0.0151515
5,n&aelig;nne,<code>n&amp;ae;nne</code>,1,0.0151515
5,ne,<code>ne</code>,1,0.0151515
5,nu,<code>nu</code>,1,0.0151515
5,on,<code>on</code>,1,0.0151515
5,ond,<code>ond</code>,1,0.0151515
5,saca&eth;,<code>saca&amp;d;</code>,1,0.0151515
5,sceatas,<code>sceatas</code>,1,0.0151515
5,se,<code>se</code>,1,0.0151515
5,secge,<code>secge</code>,1,0.0151515
5,seo,<code>seo</code>,1,0.0151515
5,seolfre,<code>seolfre</code>,1,0.0151515
5,since,<code>since</code>,1,0.0151515
5,snytt,<code>snytt</code>,1,0.0151515
5,sy,<code>sy</code>,1,0.0151515
5,symle,<code>symle</code>,1,0.0151515
5,wear&eth;,<code>wear&amp;d;</code>,1,0.0151515
5,welan,<code>welan</code>,1,0.0151515
5,wisdome,<code>wisdome</code>,1,0.0151515
5,wisf&aelig;stra,<code>wisf&amp;ae;stra</code>,1,0.0151515
5,wordgaldra,<code>wordgaldra</code>,1,0.0151515
5,wr&aelig;tlice,<code>wr&amp;ae;tlice</code>,1,0.0151515
5,wundor,<code>wundor</code>,1,0.0151515
