A_Poetry,A03,A03.022.055_Rid_55_T00860.txt,80,71,95
RANK,HTML WORD,RAW WORD,COUNT,RELATIVE FREQUENCY
1,ond,<code>ond</code>,6,0.0631579
2,se,<code>se</code>,4,0.0421053
3,&thorn;&aelig;r,<code>&amp;t;&amp;ae;r</code>,2,0.0210526
3,&thorn;&aelig;s,<code>&amp;t;&amp;ae;s</code>,2,0.0210526
3,healle,<code>healle</code>,2,0.0210526
3,ic,<code>ic</code>,2,0.0210526
3,in,<code>in</code>,2,0.0210526
3,on,<code>on</code>,2,0.0210526
3,secgan,<code>secgan</code>,2,0.0210526
10,&aelig;&thorn;elu,<code>&amp;ae;&amp;t;elu</code>,1,0.0105263
10,&aelig;r,<code>&amp;ae;r</code>,1,0.0105263
10,&aelig;tg&aelig;dre,<code>&amp;ae;tg&amp;ae;dre</code>,1,0.0105263
10,&thorn;&aelig;t,<code>&amp;t;&amp;ae;t</code>,1,0.0105263
10,&thorn;isses,<code>&amp;t;isses</code>,1,0.0105263
10,ab&aelig;d,<code>ab&amp;ae;d</code>,1,0.0105263
10,abr&aelig;ce,<code>abr&amp;ae;ce</code>,1,0.0105263
10,acc,<code>acc</code>,1,0.0105263
10,anne,<code>anne</code>,1,0.0105263
10,beames,<code>beames</code>,1,0.0105263
10,beran,<code>beran</code>,1,0.0105263
10,burg,<code>burg</code>,1,0.0105263
10,cynna,<code>cynna</code>,1,0.0105263
10,d&aelig;l,<code>d&amp;ae;l</code>,1,0.0105263
10,druncon,<code>druncon</code>,1,0.0105263
10,ea&thorn;e,<code>ea&amp;t;e</code>,1,0.0105263
10,ealle,<code>ealle</code>,1,0.0105263
10,eorlum,<code>eorlum</code>,1,0.0105263
10,fealwa,<code>fealwa</code>,1,0.0105263
10,feower,<code>feower</code>,1,0.0105263
10,flet,<code>flet</code>,1,0.0105263
10,for,<code>for</code>,1,0.0105263
10,frean,<code>frean</code>,1,0.0105263
10,gieddes,<code>gieddes</code>,1,0.0105263
10,gold,<code>gold</code>,1,0.0105263
10,goldhilted,<code>goldhilted</code>,1,0.0105263
10,h&aelig;le&eth;,<code>h&amp;ae;le&amp;d;</code>,1,0.0105263
10,habba&eth;,<code>habba&amp;d;</code>,1,0.0105263
10,hatte,<code>hatte</code>,1,0.0105263
10,he,<code>he</code>,1,0.0105263
10,hearda,<code>hearda</code>,1,0.0105263
10,helwara,<code>helwara</code>,1,0.0105263
10,hine,<code>hine</code>,1,0.0105263
10,his,<code>his</code>,1,0.0105263
10,hl&aelig;dre,<code>hl&amp;ae;dre</code>,1,0.0105263
10,hlin,<code>hlin</code>,1,0.0105263
10,holen,<code>holen</code>,1,0.0105263
10,hu,<code>hu</code>,1,0.0105263
10,iw,<code>iw</code>,1,0.0105263
10,m&aelig;g,<code>m&amp;ae;g</code>,1,0.0105263
10,ma&eth;m,<code>ma&amp;d;m</code>,1,0.0105263
10,me,<code>me</code>,1,0.0105263
10,mede,<code>mede</code>,1,0.0105263
10,mondryhtne,<code>mondryhtne</code>,1,0.0105263
10,naman,<code>naman</code>,1,0.0105263
10,nu,<code>nu</code>,1,0.0105263
10,nyt,<code>nyt</code>,1,0.0105263
10,oft,<code>oft</code>,1,0.0105263
10,ondsware,<code>ondsware</code>,1,0.0105263
10,r&aelig;rde,<code>r&amp;ae;rde</code>,1,0.0105263
10,rode,<code>rode</code>,1,0.0105263
10,roderum,<code>roderum</code>,1,0.0105263
10,seah,<code>seah</code>,1,0.0105263
10,searobunden,<code>searobunden</code>,1,0.0105263
10,seolfres,<code>seolfres</code>,1,0.0105263
10,sinc,<code>sinc</code>,1,0.0105263
10,sindon,<code>sindon</code>,1,0.0105263
10,sweord,<code>sweord</code>,1,0.0105263
10,tacn,<code>tacn</code>,1,0.0105263
10,to,<code>to</code>,1,0.0105263
10,up,<code>up</code>,1,0.0105263
10,us,<code>us</code>,1,0.0105263
10,w&aelig;pen,<code>w&amp;ae;pen</code>,1,0.0105263
10,w&aelig;s,<code>w&amp;ae;s</code>,1,0.0105263
10,wordum,<code>wordum</code>,1,0.0105263
10,wr&aelig;tlic,<code>wr&amp;ae;tlic</code>,1,0.0105263
10,wudu,<code>wudu</code>,1,0.0105263
10,wudutreow,<code>wudutreow</code>,1,0.0105263
10,wulfheafedtreo,<code>wulfheafedtreo</code>,1,0.0105263
10,wunden,<code>wunden</code>,1,0.0105263
10,ywe,<code>ywe</code>,1,0.0105263
