A_Poetry,A03,A03.006_Wan_T00160.txt,461,380,692
RANK,HTML WORD,RAW WORD,COUNT,RELATIVE FREQUENCY
1,ne,<code>ne</code>,14,0.0202312
2,to,<code>to</code>,13,0.0187861
3,ond,<code>ond</code>,11,0.0158960
4,bi&eth;,<code>bi&amp;d;</code>,10,0.0144509
4,he,<code>he</code>,10,0.0144509
6,&thorn;e,<code>&amp;t;e</code>,9,0.0130058
6,swa,<code>swa</code>,9,0.0130058
8,his,<code>his</code>,8,0.0115607
8,ic,<code>ic</code>,8,0.0115607
8,in,<code>in</code>,8,0.0115607
8,on,<code>on</code>,8,0.0115607
12,&thorn;onne,<code>&amp;t;onne</code>,7,0.0101156
12,him,<code>him</code>,7,0.0101156
12,sceal,<code>sceal</code>,7,0.0101156
15,hw&aelig;r,<code>hw&amp;ae;r</code>,6,0.0086705
15,oft,<code>oft</code>,6,0.0086705
15,se,<code>se</code>,6,0.0086705
18,eal,<code>eal</code>,5,0.0072254
18,hu,<code>hu</code>,5,0.0072254
20,&aelig;r,<code>&amp;ae;r</code>,4,0.0057803
20,cwom,<code>cwom</code>,4,0.0057803
20,her,<code>her</code>,4,0.0057803
20,l&aelig;ne,<code>l&amp;ae;ne</code>,4,0.0057803
20,m&aelig;g,<code>m&amp;ae;g</code>,4,0.0057803
25,&thorn;&aelig;t,<code>&amp;t;&amp;ae;t</code>,3,0.0043353
25,&thorn;a,<code>&amp;t;a</code>,3,0.0043353
25,&thorn;am,<code>&amp;t;am</code>,3,0.0043353
25,&thorn;as,<code>&amp;t;as</code>,3,0.0043353
25,&thorn;isne,<code>&amp;t;isne</code>,3,0.0043353
25,cunne,<code>cunne</code>,3,0.0043353
25,eala,<code>eala</code>,3,0.0043353
25,feor,<code>feor</code>,3,0.0043353
25,for&thorn;on,<code>for&amp;t;on</code>,3,0.0043353
25,geond,<code>geond</code>,3,0.0043353
25,mid,<code>mid</code>,3,0.0043353
25,minne,<code>minne</code>,3,0.0043353
25,no,<code>no</code>,3,0.0043353
25,nu,<code>nu</code>,3,0.0043353
25,ofer,<code>ofer</code>,3,0.0043353
25,sceolde,<code>sceolde</code>,3,0.0043353
25,seo,<code>seo</code>,3,0.0043353
25,sorg,<code>sorg</code>,3,0.0043353
25,stonde&eth;,<code>stonde&amp;d;</code>,3,0.0043353
25,sumne,<code>sumne</code>,3,0.0043353
25,wat,<code>wat</code>,3,0.0043353
46,&eth;onne,<code>&amp;d;onne</code>,2,0.0028902
46,&thorn;&aelig;r,<code>&amp;t;&amp;ae;r</code>,2,0.0028902
46,&thorn;is,<code>&amp;t;is</code>,2,0.0028902
46,are,<code>are</code>,2,0.0028902
46,beorn,<code>beorn</code>,2,0.0028902
46,bi&thorn;,<code>bi&amp;t;</code>,2,0.0028902
46,cw&aelig;&eth;,<code>cw&amp;ae;&amp;d;</code>,2,0.0028902
46,eft,<code>eft</code>,2,0.0028902
46,eor&thorn;an,<code>eor&amp;t;an</code>,2,0.0028902
46,eorl,<code>eorl</code>,2,0.0028902
46,f&aelig;ste,<code>f&amp;ae;ste</code>,2,0.0028902
46,gebind,<code>gebind</code>,2,0.0028902
46,gefremman,<code>gefremman</code>,2,0.0028902
46,gemon,<code>gemon</code>,2,0.0028902
46,geniwad,<code>geniwad</code>,2,0.0028902
46,goldwine,<code>goldwine</code>,2,0.0028902
46,heofonum,<code>heofonum</code>,2,0.0028902
46,hine,<code>hine</code>,2,0.0028902
46,hreo,<code>hreo</code>,2,0.0028902
46,hrusan,<code>hrusan</code>,2,0.0028902
46,lif,<code>lif</code>,2,0.0028902
46,longe,<code>longe</code>,2,0.0028902
46,middangeard,<code>middangeard</code>,2,0.0028902
46,min,<code>min</code>,2,0.0028902
46,mine,<code>mine</code>,2,0.0028902
46,mod,<code>mod</code>,2,0.0028902
46,mode,<code>mode</code>,2,0.0028902
46,modsefan,<code>modsefan</code>,2,0.0028902
46,n&aelig;fre,<code>n&amp;ae;fre</code>,2,0.0028902
46,o&thorn;&thorn;&aelig;t,<code>o&amp;t;&amp;t;&amp;ae;t</code>,2,0.0028902
46,o&thorn;&thorn;e,<code>o&amp;t;&amp;t;e</code>,2,0.0028902
46,under,<code>under</code>,2,0.0028902
46,w&aelig;lsleahta,<code>w&amp;ae;lsleahta</code>,2,0.0028902
46,wa&thorn;ema,<code>wa&amp;t;ema</code>,2,0.0028902
46,wille,<code>wille</code>,2,0.0028902
46,wyrd,<code>wyrd</code>,2,0.0028902
82,&aelig;fter,<code>&amp;ae;fter</code>,1,0.0014451
82,&aelig;lda,<code>&amp;ae;lda</code>,1,0.0014451
82,&aelig;t,<code>&amp;ae;t</code>,1,0.0014451
82,&aelig;tg&aelig;dre,<code>&amp;ae;tg&amp;ae;dre</code>,1,0.0014451
82,&thorn;eah,<code>&amp;t;eah</code>,1,0.0014451
82,&thorn;eaw,<code>&amp;t;eaw</code>,1,0.0014451
82,&thorn;eodnes,<code>&amp;t;eodnes</code>,1,0.0014451
82,&thorn;es,<code>&amp;t;es</code>,1,0.0014451
82,&thorn;ince&eth;,<code>&amp;t;ince&amp;d;</code>,1,0.0014451
82,&thorn;isse,<code>&amp;t;isse</code>,1,0.0014451
82,&thorn;onan,<code>&amp;t;onan</code>,1,0.0014451
82,&thorn;one,<code>&amp;t;one</code>,1,0.0014451
82,&thorn;rag,<code>&amp;t;rag</code>,1,0.0014451
82,&thorn;ry&thorn;e,<code>&amp;t;ry&amp;t;e</code>,1,0.0014451
82,&thorn;rym,<code>&amp;t;rym</code>,1,0.0014451
82,&thorn;y,<code>&amp;t;y</code>,1,0.0014451
82,acwi&eth;,<code>acwi&amp;d;</code>,1,0.0014451
82,acy&thorn;an,<code>acy&amp;t;an</code>,1,0.0014451
82,age,<code>age</code>,1,0.0014451
82,ana,<code>ana</code>,1,0.0014451
82,andan,<code>andan</code>,1,0.0014451
82,anhaga,<code>anhaga</code>,1,0.0014451
82,anhogan,<code>anhogan</code>,1,0.0014451
82,ar&#275;d,<code>ar&amp;e;d</code>,1,0.0014451
82,asca,<code>asca</code>,1,0.0014451
82,asecgan,<code>asecgan</code>,1,0.0014451
82,ba&thorn;ian,<code>ba&amp;t;ian</code>,1,0.0014451
82,benne,<code>benne</code>,1,0.0014451
82,beo&eth;,<code>beo&amp;d;</code>,1,0.0014451
82,beorht,<code>beorht</code>,1,0.0014451
82,beot,<code>beot</code>,1,0.0014451
82,bi,<code>bi</code>,1,0.0014451
82,bid&aelig;led,<code>bid&amp;ae;led</code>,1,0.0014451
82,bidrorene,<code>bidrorene</code>,1,0.0014451
82,biforan,<code>biforan</code>,1,0.0014451
82,bihrorene,<code>bihrorene</code>,1,0.0014451
82,binda&eth;,<code>binda&amp;d;</code>,1,0.0014451
82,binde,<code>binde</code>,1,0.0014451
82,binde&eth;,<code>binde&amp;d;</code>,1,0.0014451
82,biwaune,<code>biwaune</code>,1,0.0014451
82,biwrah,<code>biwrah</code>,1,0.0014451
82,bl&aelig;d,<code>bl&amp;ae;d</code>,1,0.0014451
82,bote,<code>bote</code>,1,0.0014451
82,br&aelig;dan,<code>br&amp;ae;dan</code>,1,0.0014451
82,breac,<code>breac</code>,1,0.0014451
82,breahtma,<code>breahtma</code>,1,0.0014451
82,breostcofan,<code>breostcofan</code>,1,0.0014451
82,breostum,<code>breostum</code>,1,0.0014451
82,brimfuglas,<code>brimfuglas</code>,1,0.0014451
82,bringe&eth;,<code>bringe&amp;d;</code>,1,0.0014451
82,bryttan,<code>bryttan</code>,1,0.0014451
82,bune,<code>bune</code>,1,0.0014451
82,burgwara,<code>burgwara</code>,1,0.0014451
82,byrnwiga,<code>byrnwiga</code>,1,0.0014451
82,ceare,<code>ceare</code>,1,0.0014451
82,cearo,<code>cearo</code>,1,0.0014451
82,clyppe,<code>clyppe</code>,1,0.0014451
82,cneo,<code>cneo</code>,1,0.0014451
82,cnyssa&eth;,<code>cnyssa&amp;d;</code>,1,0.0014451
82,collenfer&eth;,<code>collenfer&amp;d;</code>,1,0.0014451
82,cu&eth;ra,<code>cu&amp;d;ra</code>,1,0.0014451
82,cunna&eth;,<code>cunna&amp;d;</code>,1,0.0014451
82,cwi&thorn;an,<code>cwi&amp;t;an</code>,1,0.0014451
82,cwicra,<code>cwicra</code>,1,0.0014451
82,cwidegiedda,<code>cwidegiedda</code>,1,0.0014451
82,cyme&eth;,<code>cyme&amp;d;</code>,1,0.0014451
82,cysse,<code>cysse</code>,1,0.0014451
82,d&aelig;l,<code>d&amp;ae;l</code>,1,0.0014451
82,dea&eth;e,<code>dea&amp;d;e</code>,1,0.0014451
82,deope,<code>deope</code>,1,0.0014451
82,deorce,<code>deorce</code>,1,0.0014451
82,dogra,<code>dogra</code>,1,0.0014451
82,domgeorne,<code>domgeorne</code>,1,0.0014451
82,dreame,<code>dreame</code>,1,0.0014451
82,dreorig,<code>dreorig</code>,1,0.0014451
82,dreorighleor,<code>dreorighleor</code>,1,0.0014451
82,dreorigne,<code>dreorigne</code>,1,0.0014451
82,dreose&eth;,<code>dreose&amp;d;</code>,1,0.0014451
82,dugu&thorn;,<code>dugu&amp;t;</code>,1,0.0014451
82,dugu&thorn;e,<code>dugu&amp;t;e</code>,1,0.0014451
82,durre,<code>durre</code>,1,0.0014451
82,e&eth;le,<code>e&amp;d;le</code>,1,0.0014451
82,eald,<code>eald</code>,1,0.0014451
82,eall,<code>eall</code>,1,0.0014451
82,ealra,<code>ealra</code>,1,0.0014451
82,ealre,<code>ealre</code>,1,0.0014451
82,eardgeard,<code>eardgeard</code>,1,0.0014451
82,eardstapa,<code>eardstapa</code>,1,0.0014451
82,earfe&thorn;a,<code>earfe&amp;t;a</code>,1,0.0014451
82,earfo&eth;lic,<code>earfo&amp;d;lic</code>,1,0.0014451
82,earmcearig,<code>earmcearig</code>,1,0.0014451
82,earmne,<code>earmne</code>,1,0.0014451
82,ederas,<code>ederas</code>,1,0.0014451
82,elne,<code>elne</code>,1,0.0014451
82,enta,<code>enta</code>,1,0.0014451
82,eor&eth;scr&aelig;fe,<code>eor&amp;d;scr&amp;ae;fe</code>,1,0.0014451
82,eorla,<code>eorla</code>,1,0.0014451
82,eorlas,<code>eorlas</code>,1,0.0014451
82,eorle,<code>eorle</code>,1,0.0014451
82,f&aelig;der,<code>f&amp;ae;der</code>,1,0.0014451
82,f&aelig;gen,<code>f&amp;ae;gen</code>,1,0.0014451
82,f&aelig;rlice,<code>f&amp;ae;rlice</code>,1,0.0014451
82,f&aelig;stnung,<code>f&amp;ae;stnung</code>,1,0.0014451
82,fah,<code>fah</code>,1,0.0014451
82,fe&thorn;ra,<code>fe&amp;t;ra</code>,1,0.0014451
82,fealle&thorn;,<code>fealle&amp;t;</code>,1,0.0014451
82,fealwe,<code>fealwe</code>,1,0.0014451
82,fela,<code>fela</code>,1,0.0014451
82,feoh,<code>feoh</code>,1,0.0014451
82,feohgifre,<code>feohgifre</code>,1,0.0014451
82,fer&eth;,<code>fer&amp;d;</code>,1,0.0014451
82,fer&eth;e,<code>fer&amp;d;e</code>,1,0.0014451
82,fer&eth;loca,<code>fer&amp;d;loca</code>,1,0.0014451
82,fer&eth;locan,<code>fer&amp;d;locan</code>,1,0.0014451
82,ferede,<code>ferede</code>,1,0.0014451
82,feterum,<code>feterum</code>,1,0.0014451
82,findan,<code>findan</code>,1,0.0014451
82,fleotendra,<code>fleotendra</code>,1,0.0014451
82,flet,<code>flet</code>,1,0.0014451
82,foldan,<code>foldan</code>,1,0.0014451
82,for,<code>for</code>,1,0.0014451
82,for&eth;on,<code>for&amp;d;on</code>,1,0.0014451
82,for&eth;wege,<code>for&amp;d;wege</code>,1,0.0014451
82,for&thorn;olian,<code>for&amp;t;olian</code>,1,0.0014451
82,forht,<code>forht</code>,1,0.0014451
82,fornom,<code>fornom</code>,1,0.0014451
82,fornoman,<code>fornoman</code>,1,0.0014451
82,frefran,<code>frefran</code>,1,0.0014451
82,freom&aelig;gum,<code>freom&amp;ae;gum</code>,1,0.0014451
82,freond,<code>freond</code>,1,0.0014451
82,freondleasne,<code>freondleasne</code>,1,0.0014451
82,freorig,<code>freorig</code>,1,0.0014451
82,frod,<code>frod</code>,1,0.0014451
82,frofre,<code>frofre</code>,1,0.0014451
82,fugel,<code>fugel</code>,1,0.0014451
82,ful,<code>ful</code>,1,0.0014451
82,g&aelig;stlic,<code>g&amp;ae;stlic</code>,1,0.0014451
82,ge&thorn;encan,<code>ge&amp;t;encan</code>,1,0.0014451
82,ge&thorn;ohte,<code>ge&amp;t;ohte</code>,1,0.0014451
82,ge&thorn;yldig,<code>ge&amp;t;yldig</code>,1,0.0014451
82,geara,<code>geara</code>,1,0.0014451
82,geardagum,<code>geardagum</code>,1,0.0014451
82,geare,<code>geare</code>,1,0.0014451
82,gearwe,<code>gearwe</code>,1,0.0014451
82,gebidan,<code>gebidan</code>,1,0.0014451
82,gebide&eth;,<code>gebide&amp;d;</code>,1,0.0014451
82,gebinda&eth;,<code>gebinda&amp;d;</code>,1,0.0014451
82,gecrong,<code>gecrong</code>,1,0.0014451
82,ged&aelig;lde,<code>ged&amp;ae;lde</code>,1,0.0014451
82,gedreas,<code>gedreas</code>,1,0.0014451
82,geferan,<code>geferan</code>,1,0.0014451
82,gehealde&thorn;,<code>gehealde&amp;t;</code>,1,0.0014451
82,geholena,<code>geholena</code>,1,0.0014451
82,gehwam,<code>gehwam</code>,1,0.0014451
82,gehwylce,<code>gehwylce</code>,1,0.0014451
82,gehydde,<code>gehydde</code>,1,0.0014451
82,gehygd,<code>gehygd</code>,1,0.0014451
82,gemenged,<code>gemenged</code>,1,0.0014451
82,gemynd,<code>gemynd</code>,1,0.0014451
82,gemyndig,<code>gemyndig</code>,1,0.0014451
82,genap,<code>genap</code>,1,0.0014451
82,geneahhe,<code>geneahhe</code>,1,0.0014451
82,geogu&eth;e,<code>geogu&amp;d;e</code>,1,0.0014451
82,geond&thorn;ence,<code>geond&amp;t;ence</code>,1,0.0014451
82,geond&thorn;ence&eth;,<code>geond&amp;t;ence&amp;d;</code>,1,0.0014451
82,geondhweorfe&eth;,<code>geondhweorfe&amp;d;</code>,1,0.0014451
82,geondsceawa&eth;,<code>geondsceawa&amp;d;</code>,1,0.0014451
82,georn,<code>georn</code>,1,0.0014451
82,georne,<code>georne</code>,1,0.0014451
82,ges&aelig;t,<code>ges&amp;ae;t</code>,1,0.0014451
82,gesceaft,<code>gesceaft</code>,1,0.0014451
82,geseldan,<code>geseldan</code>,1,0.0014451
82,gesetu,<code>gesetu</code>,1,0.0014451
82,gesih&eth;,<code>gesih&amp;d;</code>,1,0.0014451
82,gesteal,<code>gesteal</code>,1,0.0014451
82,gesweorce,<code>gesweorce</code>,1,0.0014451
82,gewat,<code>gewat</code>,1,0.0014451
82,geweorc,<code>geweorc</code>,1,0.0014451
82,giefstolas,<code>giefstolas</code>,1,0.0014451
82,gielpes,<code>gielpes</code>,1,0.0014451
82,gleaw,<code>gleaw</code>,1,0.0014451
82,gliwstafum,<code>gliwstafum</code>,1,0.0014451
82,gold,<code>gold</code>,1,0.0014451
82,grete&eth;,<code>grete&amp;d;</code>,1,0.0014451
82,guma,<code>guma</code>,1,0.0014451
82,h&aelig;glfare,<code>h&amp;ae;glfare</code>,1,0.0014451
82,h&aelig;le,<code>h&amp;ae;le</code>,1,0.0014451
82,h&aelig;le&thorn;um,<code>h&amp;ae;le&amp;t;um</code>,1,0.0014451
82,hafa&eth;,<code>hafa&amp;d;</code>,1,0.0014451
82,hagle,<code>hagle</code>,1,0.0014451
82,hara,<code>hara</code>,1,0.0014451
82,hatheort,<code>hatheort</code>,1,0.0014451
82,heafod,<code>heafod</code>,1,0.0014451
82,heah,<code>heah</code>,1,0.0014451
82,healde,<code>healde</code>,1,0.0014451
82,hean,<code>hean</code>,1,0.0014451
82,heanne,<code>heanne</code>,1,0.0014451
82,hefigran,<code>hefigran</code>,1,0.0014451
82,helpe,<code>helpe</code>,1,0.0014451
82,heo,<code>heo</code>,1,0.0014451
82,heolstre,<code>heolstre</code>,1,0.0014451
82,heortan,<code>heortan</code>,1,0.0014451
82,hi,<code>hi</code>,1,0.0014451
82,holm,<code>holm</code>,1,0.0014451
82,honda,<code>honda</code>,1,0.0014451
82,hondum,<code>hondum</code>,1,0.0014451
82,hordcofan,<code>hordcofan</code>,1,0.0014451
82,hr&aelig;dwyrde,<code>hr&amp;ae;dwyrde</code>,1,0.0014451
82,hre&thorn;ra,<code>hre&amp;t;ra</code>,1,0.0014451
82,hreosan,<code>hreosan</code>,1,0.0014451
82,hreosende,<code>hreosende</code>,1,0.0014451
82,hreran,<code>hreran</code>,1,0.0014451
82,hri&eth;,<code>hri&amp;d;</code>,1,0.0014451
82,hrim,<code>hrim</code>,1,0.0014451
82,hrimcealde,<code>hrimcealde</code>,1,0.0014451
82,hrime,<code>hrime</code>,1,0.0014451
82,hry&eth;ge,<code>hry&amp;d;ge</code>,1,0.0014451
82,hryre,<code>hryre</code>,1,0.0014451
82,hwan,<code>hwan</code>,1,0.0014451
82,hweorfan,<code>hweorfan</code>,1,0.0014451
82,hwider,<code>hwider</code>,1,0.0014451
82,hwilum,<code>hwilum</code>,1,0.0014451
82,hycge,<code>hycge</code>,1,0.0014451
82,hyge,<code>hyge</code>,1,0.0014451
82,hyra,<code>hyra</code>,1,0.0014451
82,idel,<code>idel</code>,1,0.0014451
82,idlu,<code>idlu</code>,1,0.0014451
82,indryhten,<code>indryhten</code>,1,0.0014451
82,is,<code>is</code>,1,0.0014451
82,iu,<code>iu</code>,1,0.0014451
82,lagulade,<code>lagulade</code>,1,0.0014451
82,larcwidum,<code>larcwidum</code>,1,0.0014451
82,laste,<code>laste</code>,1,0.0014451
82,lease,<code>lease</code>,1,0.0014451
82,lecge,<code>lecge</code>,1,0.0014451
82,leofes,<code>leofes</code>,1,0.0014451
82,leofra,<code>leofra</code>,1,0.0014451
82,leofre,<code>leofre</code>,1,0.0014451
82,licga&eth;,<code>licga&amp;d;</code>,1,0.0014451
82,lyt,<code>lyt</code>,1,0.0014451
82,m&aelig;re,<code>m&amp;ae;re</code>,1,0.0014451
82,ma&thorn;&thorn;umgyfa,<code>ma&amp;t;&amp;t;umgyfa</code>,1,0.0014451
82,maga,<code>maga</code>,1,0.0014451
82,mago,<code>mago</code>,1,0.0014451
82,magu&thorn;egnas,<code>magu&amp;t;egnas</code>,1,0.0014451
82,meahte,<code>meahte</code>,1,0.0014451
82,mearg,<code>mearg</code>,1,0.0014451
82,mec,<code>mec</code>,1,0.0014451
82,meoduhealle,<code>meoduhealle</code>,1,0.0014451
82,metudes,<code>metudes</code>,1,0.0014451
82,miltse,<code>miltse</code>,1,0.0014451
82,missenlice,<code>missenlice</code>,1,0.0014451
82,modcearig,<code>modcearig</code>,1,0.0014451
82,modge,<code>modge</code>,1,0.0014451
82,modsefa,<code>modsefa</code>,1,0.0014451
82,mon,<code>mon</code>,1,0.0014451
82,mondryhten,<code>mondryhten</code>,1,0.0014451
82,nal&aelig;s,<code>nal&amp;ae;s</code>,1,0.0014451
82,nales,<code>nales</code>,1,0.0014451
82,nan,<code>nan</code>,1,0.0014451
82,neah,<code>neah</code>,1,0.0014451
82,nem&thorn;e,<code>nem&amp;t;e</code>,1,0.0014451
82,nihthelm,<code>nihthelm</code>,1,0.0014451
82,nihtscua,<code>nihtscua</code>,1,0.0014451
82,nipe&eth;,<code>nipe&amp;d;</code>,1,0.0014451
82,nis,<code>nis</code>,1,0.0014451
82,nor&thorn;an,<code>nor&amp;t;an</code>,1,0.0014451
82,o&thorn;b&aelig;r,<code>o&amp;t;b&amp;ae;r</code>,1,0.0014451
82,of,<code>of</code>,1,0.0014451
82,ofgeafon,<code>ofgeafon</code>,1,0.0014451
82,ongietan,<code>ongietan</code>,1,0.0014451
82,onsende&eth;,<code>onsende&amp;d;</code>,1,0.0014451
82,onw&aelig;cne&eth;,<code>onw&amp;ae;cne&amp;d;</code>,1,0.0014451
82,onwende&eth;,<code>onwende&amp;d;</code>,1,0.0014451
82,rice,<code>rice</code>,1,0.0014451
82,rune,<code>rune</code>,1,0.0014451
82,rycene,<code>rycene</code>,1,0.0014451
82,s&aelig;,<code>s&amp;ae;</code>,1,0.0014451
82,s&aelig;lan,<code>s&amp;ae;lan</code>,1,0.0014451
82,sare,<code>sare</code>,1,0.0014451
82,scyppend,<code>scyppend</code>,1,0.0014451
82,sece&eth;,<code>sece&amp;d;</code>,1,0.0014451
82,secga,<code>secga</code>,1,0.0014451
82,sefan,<code>sefan</code>,1,0.0014451
82,sele,<code>sele</code>,1,0.0014451
82,seledreamas,<code>seledreamas</code>,1,0.0014451
82,selesecgas,<code>selesecgas</code>,1,0.0014451
82,sendan,<code>sendan</code>,1,0.0014451
82,si&thorn;&thorn;an,<code>si&amp;t;&amp;t;an</code>,1,0.0014451
82,sinc&thorn;ege,<code>sinc&amp;t;ege</code>,1,0.0014451
82,sinces,<code>sinces</code>,1,0.0014451
82,sindon,<code>sindon</code>,1,0.0014451
82,sl&aelig;p,<code>sl&amp;ae;p</code>,1,0.0014451
82,sli&thorn;en,<code>sli&amp;t;en</code>,1,0.0014451
82,snaw,<code>snaw</code>,1,0.0014451
82,snottor,<code>snottor</code>,1,0.0014451
82,so&thorn;e,<code>so&amp;t;e</code>,1,0.0014451
82,sohte,<code>sohte</code>,1,0.0014451
82,somod,<code>somod</code>,1,0.0014451
82,sprice&eth;,<code>sprice&amp;d;</code>,1,0.0014451
82,stanhleo&thorn;u,<code>stanhleo&amp;t;u</code>,1,0.0014451
82,stodon,<code>stodon</code>,1,0.0014451
82,stonda&thorn;,<code>stonda&amp;t;</code>,1,0.0014451
82,stormas,<code>stormas</code>,1,0.0014451
82,sume,<code>sume</code>,1,0.0014451
82,sundor,<code>sundor</code>,1,0.0014451
82,sw&aelig;sne,<code>sw&amp;ae;sne</code>,1,0.0014451
82,sweotule,<code>sweotule</code>,1,0.0014451
82,swi&thorn;e,<code>swi&amp;t;e</code>,1,0.0014451
82,swimma&eth;,<code>swimma&amp;d;</code>,1,0.0014451
82,symbla,<code>symbla</code>,1,0.0014451
82,til,<code>til</code>,1,0.0014451
82,torn,<code>torn</code>,1,0.0014451
82,treowe,<code>treowe</code>,1,0.0014451
82,uhtna,<code>uhtna</code>,1,0.0014451
82,us,<code>us</code>,1,0.0014451
82,w&aelig;lgifru,<code>w&amp;ae;lgifru</code>,1,0.0014451
82,w&aelig;pen,<code>w&amp;ae;pen</code>,1,0.0014451
82,w&aelig;re,<code>w&amp;ae;re</code>,1,0.0014451
82,wac,<code>wac</code>,1,0.0014451
82,wadan,<code>wadan</code>,1,0.0014451
82,waldend,<code>waldend</code>,1,0.0014451
82,wanhydig,<code>wanhydig</code>,1,0.0014451
82,wara&eth;,<code>wara&amp;d;</code>,1,0.0014451
82,weal,<code>weal</code>,1,0.0014451
82,weallas,<code>weallas</code>,1,0.0014451
82,wealle,<code>wealle</code>,1,0.0014451
82,wealsteal,<code>wealsteal</code>,1,0.0014451
82,weg,<code>weg</code>,1,0.0014451
82,wegas,<code>wegas</code>,1,0.0014451
82,wel,<code>wel</code>,1,0.0014451
82,wela,<code>wela</code>,1,0.0014451
82,weman,<code>weman</code>,1,0.0014451
82,wenede,<code>wenede</code>,1,0.0014451
82,weor&thorn;an,<code>weor&amp;t;an</code>,1,0.0014451
82,weor&thorn;e&eth;,<code>weor&amp;t;e&amp;d;</code>,1,0.0014451
82,weoruld,<code>weoruld</code>,1,0.0014451
82,wer,<code>wer</code>,1,0.0014451
82,werig,<code>werig</code>,1,0.0014451
82,werigne,<code>werigne</code>,1,0.0014451
82,weste,<code>weste</code>,1,0.0014451
82,wi&eth;stondan,<code>wi&amp;d;stondan</code>,1,0.0014451
82,wig,<code>wig</code>,1,0.0014451
82,wiga,<code>wiga</code>,1,0.0014451
82,winde,<code>winde</code>,1,0.0014451
82,winedryhtnes,<code>winedryhtnes</code>,1,0.0014451
82,wineleas,<code>wineleas</code>,1,0.0014451
82,winem&aelig;ga,<code>winem&amp;ae;ga</code>,1,0.0014451
82,winsalo,<code>winsalo</code>,1,0.0014451
82,wintercearig,<code>wintercearig</code>,1,0.0014451
82,wintra,<code>wintra</code>,1,0.0014451
82,wintres,<code>wintres</code>,1,0.0014451
82,wis,<code>wis</code>,1,0.0014451
82,wise,<code>wise</code>,1,0.0014451
82,wisse,<code>wisse</code>,1,0.0014451
82,wiste,<code>wiste</code>,1,0.0014451
82,wita,<code>wita</code>,1,0.0014451
82,wlonc,<code>wlonc</code>,1,0.0014451
82,wod,<code>wod</code>,1,0.0014451
82,wolde,<code>wolde</code>,1,0.0014451
82,woma,<code>woma</code>,1,0.0014451
82,won,<code>won</code>,1,0.0014451
82,word,<code>word</code>,1,0.0014451
82,woria&eth;,<code>woria&amp;d;</code>,1,0.0014451
82,worn,<code>worn</code>,1,0.0014451
82,woruld,<code>woruld</code>,1,0.0014451
82,worulde,<code>worulde</code>,1,0.0014451
82,woruldrice,<code>woruldrice</code>,1,0.0014451
82,wr&aelig;clast,<code>wr&amp;ae;clast</code>,1,0.0014451
82,wr&aelig;clastas,<code>wr&amp;ae;clastas</code>,1,0.0014451
82,wra&thorn;ra,<code>wra&amp;t;ra</code>,1,0.0014451
82,wulf,<code>wulf</code>,1,0.0014451
82,wunden,<code>wunden</code>,1,0.0014451
82,wundrum,<code>wundrum</code>,1,0.0014451
82,wyn,<code>wyn</code>,1,0.0014451
82,wynnum,<code>wynnum</code>,1,0.0014451
82,wyrda,<code>wyrda</code>,1,0.0014451
82,wyrde,<code>wyrde</code>,1,0.0014451
82,wyrmlicum,<code>wyrmlicum</code>,1,0.0014451
82,y&thorn;de,<code>y&amp;t;de</code>,1,0.0014451
