A_Poetry,A03,A03.022.026_Rid_26_T00570.txt,130,119,163
RANK,HTML WORD,RAW WORD,COUNT,RELATIVE FREQUENCY
1,ond,<code>ond</code>,12,0.0736196
2,&thorn;y,<code>&amp;t;y</code>,6,0.0368098
2,mec,<code>mec</code>,6,0.0368098
4,&thorn;a,<code>&amp;t;a</code>,3,0.0184049
4,ic,<code>ic</code>,3,0.0184049
4,on,<code>on</code>,3,0.0184049
4,si&thorn;&thorn;an,<code>si&amp;t;&amp;t;an</code>,3,0.0184049
8,eft,<code>eft</code>,2,0.0122699
8,hy,<code>hy</code>,2,0.0122699
8,m&aelig;re,<code>m&amp;ae;re</code>,2,0.0122699
8,min,<code>min</code>,2,0.0122699
12,&thorn;&aelig;r,<code>&amp;t;&amp;ae;r</code>,1,0.0061350
12,&thorn;am,<code>&amp;t;am</code>,1,0.0061350
12,&thorn;e,<code>&amp;t;e</code>,1,0.0061350
12,&thorn;onan,<code>&amp;t;onan</code>,1,0.0061350
12,arstafum,<code>arstafum</code>,1,0.0061350
12,be&thorn;enede,<code>be&amp;t;enede</code>,1,0.0061350
12,beamtelge,<code>beamtelge</code>,1,0.0061350
12,bearn,<code>bearn</code>,1,0.0061350
12,begrunden,<code>begrunden</code>,1,0.0061350
12,beleas,<code>beleas</code>,1,0.0061350
12,beo&eth;,<code>beo&amp;d;</code>,1,0.0061350
12,besny&thorn;ede,<code>besny&amp;t;ede</code>,1,0.0061350
12,bifongen,<code>bifongen</code>,1,0.0061350
12,bilecga&eth;,<code>bilecga&amp;d;</code>,1,0.0061350
12,binom,<code>binom</code>,1,0.0061350
12,brerd,<code>brerd</code>,1,0.0061350
12,brucan,<code>brucan</code>,1,0.0061350
12,brunne,<code>brunne</code>,1,0.0061350
12,clyppa&eth;,<code>clyppa&amp;d;</code>,1,0.0061350
12,d&aelig;le,<code>d&amp;ae;le</code>,1,0.0061350
12,dol,<code>dol</code>,1,0.0061350
12,dryhtfolca,<code>dryhtfolca</code>,1,0.0061350
12,dyde,<code>dyde</code>,1,0.0061350
12,dyfde,<code>dyfde</code>,1,0.0061350
12,ead,<code>ead</code>,1,0.0061350
12,ecg,<code>ecg</code>,1,0.0061350
12,estum,<code>estum</code>,1,0.0061350
12,f&aelig;&thorn;mum,<code>f&amp;ae;&amp;t;mum</code>,1,0.0061350
12,f&aelig;ste,<code>f&amp;ae;ste</code>,1,0.0061350
12,feoldan,<code>feoldan</code>,1,0.0061350
12,feonda,<code>feonda</code>,1,0.0061350
12,feore,<code>feore</code>,1,0.0061350
12,fer&thorn;e,<code>fer&amp;t;e</code>,1,0.0061350
12,fingras,<code>fingras</code>,1,0.0061350
12,for&thorn;on,<code>for&amp;t;on</code>,1,0.0061350
12,freonda,<code>freonda</code>,1,0.0061350
12,frige,<code>frige</code>,1,0.0061350
12,frodran,<code>frodran</code>,1,0.0061350
12,fugles,<code>fugles</code>,1,0.0061350
12,geneahhe,<code>geneahhe</code>,1,0.0061350
12,geond,<code>geond</code>,1,0.0061350
12,gereno,<code>gereno</code>,1,0.0061350
12,gesibbra,<code>gesibbra</code>,1,0.0061350
12,gesundran,<code>gesundran</code>,1,0.0061350
12,getreowra,<code>getreowra</code>,1,0.0061350
12,gierede,<code>gierede</code>,1,0.0061350
12,gif,<code>gif</code>,1,0.0061350
12,gifre,<code>gifre</code>,1,0.0061350
12,gliwedon,<code>gliwedon</code>,1,0.0061350
12,godra,<code>godra</code>,1,0.0061350
12,golde,<code>golde</code>,1,0.0061350
12,h&aelig;fde,<code>h&amp;ae;fde</code>,1,0.0061350
12,h&aelig;le&eth;,<code>h&amp;ae;le&amp;d;</code>,1,0.0061350
12,h&aelig;le&thorn;um,<code>h&amp;ae;le&amp;t;um</code>,1,0.0061350
12,habba&thorn;,<code>habba&amp;t;</code>,1,0.0061350
12,halig,<code>halig</code>,1,0.0061350
12,hatte,<code>hatte</code>,1,0.0061350
12,heard,<code>heard</code>,1,0.0061350
12,helm,<code>helm</code>,1,0.0061350
12,heortum,<code>heortum</code>,1,0.0061350
12,herum,<code>herum</code>,1,0.0061350
12,hi,<code>hi</code>,1,0.0061350
12,hleobordum,<code>hleobordum</code>,1,0.0061350
12,hw&aelig;t,<code>hw&amp;ae;t</code>,1,0.0061350
12,hw&aelig;tran,<code>hw&amp;ae;tran</code>,1,0.0061350
12,hyde,<code>hyde</code>,1,0.0061350
12,hygebli&thorn;ran,<code>hygebli&amp;t;ran</code>,1,0.0061350
12,hyra,<code>hyra</code>,1,0.0061350
12,is,<code>is</code>,1,0.0061350
12,lissum,<code>lissum</code>,1,0.0061350
12,lufan,<code>lufan</code>,1,0.0061350
12,ma,<code>ma</code>,1,0.0061350
12,me,<code>me</code>,1,0.0061350
12,mid,<code>mid</code>,1,0.0061350
12,nales,<code>nales</code>,1,0.0061350
12,nama,<code>nama</code>,1,0.0061350
12,ni&thorn;um,<code>ni&amp;t;um</code>,1,0.0061350
12,nu,<code>nu</code>,1,0.0061350
12,nytte,<code>nytte</code>,1,0.0061350
12,ofer,<code>ofer</code>,1,0.0061350
12,reada,<code>reada</code>,1,0.0061350
12,se,<code>se</code>,1,0.0061350
12,seaxses,<code>seaxses</code>,1,0.0061350
12,sette,<code>sette</code>,1,0.0061350
12,si&thorn;ade,<code>si&amp;t;ade</code>,1,0.0061350
12,sigef&aelig;stran,<code>sigef&amp;ae;stran</code>,1,0.0061350
12,sindrum,<code>sindrum</code>,1,0.0061350
12,smi&thorn;a,<code>smi&amp;t;a</code>,1,0.0061350
12,sna&eth;,<code>sna&amp;d;</code>,1,0.0061350
12,so&thorn;ra,<code>so&amp;t;ra</code>,1,0.0061350
12,speddropum,<code>speddropum</code>,1,0.0061350
12,spyrede,<code>spyrede</code>,1,0.0061350
12,stop,<code>stop</code>,1,0.0061350
12,streames,<code>streames</code>,1,0.0061350
12,sum,<code>sum</code>,1,0.0061350
12,sunnan,<code>sunnan</code>,1,0.0061350
12,sw&aelig;sra,<code>sw&amp;ae;sra</code>,1,0.0061350
12,swealg,<code>swealg</code>,1,0.0061350
12,sweartlast,<code>sweartlast</code>,1,0.0061350
12,swi&thorn;e,<code>swi&amp;t;e</code>,1,0.0061350
12,sylf,<code>sylf</code>,1,0.0061350
12,telg,<code>telg</code>,1,0.0061350
12,tilra,<code>tilra</code>,1,0.0061350
12,to,<code>to</code>,1,0.0061350
12,tyr,<code>tyr</code>,1,0.0061350
12,w&aelig;tre,<code>w&amp;ae;tre</code>,1,0.0061350
12,w&aelig;tte,<code>w&amp;ae;tte</code>,1,0.0061350
12,weorc,<code>weorc</code>,1,0.0061350
12,wera,<code>wera</code>,1,0.0061350
12,wide,<code>wide</code>,1,0.0061350
12,willa&eth;,<code>willa&amp;d;</code>,1,0.0061350
12,wire,<code>wire</code>,1,0.0061350
12,wite,<code>wite</code>,1,0.0061350
12,woruldstrenga,<code>woruldstrenga</code>,1,0.0061350
12,wr&aelig;tlic,<code>wr&amp;ae;tlic</code>,1,0.0061350
12,wrah,<code>wrah</code>,1,0.0061350
12,wuldorgesteald,<code>wuldorgesteald</code>,1,0.0061350
12,wyn,<code>wyn</code>,1,0.0061350
12,yca&eth;,<code>yca&amp;d;</code>,1,0.0061350
