A_Poetry,A03,A03.022.003_Rid_3_T00340.txt,292,251,405
RANK,HTML WORD,RAW WORD,COUNT,RELATIVE FREQUENCY
1,ic,<code>ic</code>,13,0.0320988
1,on,<code>on</code>,13,0.0320988
3,&thorn;onne,<code>&amp;t;onne</code>,8,0.0197531
3,hwilum,<code>hwilum</code>,8,0.0197531
3,ond,<code>ond</code>,8,0.0197531
6,&thorn;&aelig;t,<code>&amp;t;&amp;ae;t</code>,7,0.0172840
6,ofer,<code>ofer</code>,7,0.0172840
8,of,<code>of</code>,6,0.0148148
9,mec,<code>mec</code>,5,0.0123457
10,&thorn;&aelig;r,<code>&amp;t;&amp;ae;r</code>,4,0.0098765
10,bi&eth;,<code>bi&amp;d;</code>,4,0.0098765
10,me,<code>me</code>,4,0.0098765
10,sceal,<code>sceal</code>,4,0.0098765
14,&thorn;e,<code>&amp;t;e</code>,3,0.0074074
14,hwa,<code>hwa</code>,3,0.0074074
14,ne,<code>ne</code>,3,0.0074074
14,stille,<code>stille</code>,3,0.0074074
14,ufan,<code>ufan</code>,3,0.0074074
14,under,<code>under</code>,3,0.0074074
14,y&thorn;a,<code>y&amp;t;a</code>,3,0.0074074
21,&thorn;&aelig;s,<code>&amp;t;&amp;ae;s</code>,2,0.0049383
21,&thorn;ara,<code>&amp;t;ara</code>,2,0.0049383
21,&thorn;urh,<code>&amp;t;urh</code>,2,0.0049383
21,burgum,<code>burgum</code>,2,0.0049383
21,deorc,<code>deorc</code>,2,0.0049383
21,eft,<code>eft</code>,2,0.0049383
21,egsa,<code>egsa</code>,2,0.0049383
21,enge,<code>enge</code>,2,0.0049383
21,gif,<code>gif</code>,2,0.0049383
21,heah,<code>heah</code>,2,0.0049383
21,him,<code>him</code>,2,0.0049383
21,londe,<code>londe</code>,2,0.0049383
21,micle,<code>micle</code>,2,0.0049383
21,mot,<code>mot</code>,2,0.0049383
21,o&thorn;&thorn;e,<code>o&amp;t;&amp;t;e</code>,2,0.0049383
21,se,<code>se</code>,2,0.0049383
21,streamas,<code>streamas</code>,2,0.0049383
21,swa,<code>swa</code>,2,0.0049383
21,up,<code>up</code>,2,0.0049383
21,wi&eth;,<code>wi&amp;d;</code>,2,0.0049383
21,wide,<code>wide</code>,2,0.0049383
42,&aelig;ldum,<code>&amp;ae;ldum</code>,1,0.0024691
42,&aelig;t,<code>&amp;ae;t</code>,1,0.0024691
42,&eth;a,<code>&amp;d;a</code>,1,0.0024691
42,&thorn;a,<code>&amp;t;a</code>,1,0.0024691
42,&thorn;am,<code>&amp;t;am</code>,1,0.0024691
42,&thorn;eow,<code>&amp;t;eow</code>,1,0.0024691
42,&thorn;one,<code>&amp;t;one</code>,1,0.0024691
42,&thorn;rafa&eth;,<code>&amp;t;rafa&amp;d;</code>,1,0.0024691
42,&thorn;ragum,<code>&amp;t;ragum</code>,1,0.0024691
42,&thorn;rimme,<code>&amp;t;rimme</code>,1,0.0024691
42,&thorn;ringan,<code>&amp;t;ringan</code>,1,0.0024691
42,&thorn;rymful,<code>&amp;t;rymful</code>,1,0.0024691
42,&thorn;rymma,<code>&amp;t;rymma</code>,1,0.0024691
42,&thorn;urhr&aelig;se,<code>&amp;t;urhr&amp;ae;se</code>,1,0.0024691
42,&thorn;ynce&eth;,<code>&amp;t;ynce&amp;d;</code>,1,0.0024691
42,&thorn;ystrum,<code>&amp;t;ystrum</code>,1,0.0024691
42,&thorn;ywan,<code>&amp;t;ywan</code>,1,0.0024691
42,a&thorn;ringe,<code>a&amp;t;ringe</code>,1,0.0024691
42,ac,<code>ac</code>,1,0.0024691
42,aglace,<code>aglace</code>,1,0.0024691
42,anstelle,<code>anstelle</code>,1,0.0024691
42,arise&eth;,<code>arise&amp;d;</code>,1,0.0024691
42,astige&eth;,<code>astige&amp;d;</code>,1,0.0024691
42,atol,<code>atol</code>,1,0.0024691
42,b&aelig;ce,<code>b&amp;ae;ce</code>,1,0.0024691
42,bearm,<code>bearm</code>,1,0.0024691
42,bende,<code>bende</code>,1,0.0024691
42,beofia&eth;,<code>beofia&amp;d;</code>,1,0.0024691
42,beom,<code>beom</code>,1,0.0024691
42,bid,<code>bid</code>,1,0.0024691
42,bida&eth;,<code>bida&amp;d;</code>,1,0.0024691
42,bierste&eth;,<code>bierste&amp;d;</code>,1,0.0024691
42,bifohten,<code>bifohten</code>,1,0.0024691
42,birofen,<code>birofen</code>,1,0.0024691
42,blacan,<code>blacan</code>,1,0.0024691
42,blace,<code>blace</code>,1,0.0024691
42,bosm,<code>bosm</code>,1,0.0024691
42,bosme,<code>bosme</code>,1,0.0024691
42,bradan,<code>bradan</code>,1,0.0024691
42,breahtm,<code>breahtm</code>,1,0.0024691
42,breahtma,<code>breahtma</code>,1,0.0024691
42,brimgiesta,<code>brimgiesta</code>,1,0.0024691
42,brogan,<code>brogan</code>,1,0.0024691
42,byre&eth;,<code>byre&amp;d;</code>,1,0.0024691
42,byrnan,<code>byrnan</code>,1,0.0024691
42,ceole,<code>ceole</code>,1,0.0024691
42,cleofu,<code>cleofu</code>,1,0.0024691
42,clomme,<code>clomme</code>,1,0.0024691
42,cryde&thorn;,<code>cryde&amp;t;</code>,1,0.0024691
42,cyme&eth;,<code>cyme&amp;d;</code>,1,0.0024691
42,cynne,<code>cynne</code>,1,0.0024691
42,dea&eth;speru,<code>dea&amp;d;speru</code>,1,0.0024691
42,dol,<code>dol</code>,1,0.0024691
42,dryhtum,<code>dryhtum</code>,1,0.0024691
42,dun,<code>dun</code>,1,0.0024691
42,dype,<code>dype</code>,1,0.0024691
42,e&thorn;elstol,<code>e&amp;t;elstol</code>,1,0.0024691
42,eare,<code>eare</code>,1,0.0024691
42,earpan,<code>earpan</code>,1,0.0024691
42,ecg,<code>ecg</code>,1,0.0024691
42,ecge,<code>ecge</code>,1,0.0024691
42,efne,<code>efne</code>,1,0.0024691
42,eor&thorn;an,<code>eor&amp;t;an</code>,1,0.0024691
42,eored&thorn;reat,<code>eored&amp;t;reat</code>,1,0.0024691
42,f&aelig;mig,<code>f&amp;ae;mig</code>,1,0.0024691
42,f&aelig;ste,<code>f&amp;ae;ste</code>,1,0.0024691
42,famig,<code>famig</code>,1,0.0024691
42,fara&eth;,<code>fara&amp;d;</code>,1,0.0024691
42,fare&eth;,<code>fare&amp;d;</code>,1,0.0024691
42,farende,<code>farende</code>,1,0.0024691
42,fea,<code>fea</code>,1,0.0024691
42,feallan,<code>feallan</code>,1,0.0024691
42,feohtende,<code>feohtende</code>,1,0.0024691
42,feore,<code>feore</code>,1,0.0024691
42,fera&eth;,<code>fera&amp;d;</code>,1,0.0024691
42,fere,<code>fere</code>,1,0.0024691
42,fere&eth;,<code>fere&amp;d;</code>,1,0.0024691
42,flan,<code>flan</code>,1,0.0024691
42,fleogan,<code>fleogan</code>,1,0.0024691
42,flintgr&aelig;gne,<code>flintgr&amp;ae;gne</code>,1,0.0024691
42,flod,<code>flod</code>,1,0.0024691
42,folcum,<code>folcum</code>,1,0.0024691
42,frea,<code>frea</code>,1,0.0024691
42,frean,<code>frean</code>,1,0.0024691
42,frumsceafte,<code>frumsceafte</code>,1,0.0024691
42,full,<code>full</code>,1,0.0024691
42,fulne,<code>fulne</code>,1,0.0024691
42,fur&thorn;um,<code>fur&amp;t;um</code>,1,0.0024691
42,fus,<code>fus</code>,1,0.0024691
42,fyre,<code>fyre</code>,1,0.0024691
42,g&aelig;sta,<code>g&amp;ae;sta</code>,1,0.0024691
42,ge&thorn;r&aelig;c,<code>ge&amp;t;r&amp;ae;c</code>,1,0.0024691
42,ge&thorn;ring,<code>ge&amp;t;ring</code>,1,0.0024691
42,geblonden,<code>geblonden</code>,1,0.0024691
42,gebreca,<code>gebreca</code>,1,0.0024691
42,gebrecu,<code>gebrecu</code>,1,0.0024691
42,gedyga&eth;,<code>gedyga&amp;d;</code>,1,0.0024691
42,gedyne,<code>gedyne</code>,1,0.0024691
42,gemagnad,<code>gemagnad</code>,1,0.0024691
42,gemitta&eth;,<code>gemitta&amp;d;</code>,1,0.0024691
42,genearwa&eth;,<code>genearwa&amp;d;</code>,1,0.0024691
42,ger&aelig;ce&eth;,<code>ger&amp;ae;ce&amp;d;</code>,1,0.0024691
42,geryhtu,<code>geryhtu</code>,1,0.0024691
42,gesceafte,<code>gesceafte</code>,1,0.0024691
42,gestille&eth;,<code>gestille&amp;d;</code>,1,0.0024691
42,gestune,<code>gestune</code>,1,0.0024691
42,gewealde,<code>gewealde</code>,1,0.0024691
42,gewite,<code>gewite</code>,1,0.0024691
42,geywed,<code>geywed</code>,1,0.0024691
42,grimman,<code>grimman</code>,1,0.0024691
42,h&aelig;le&thorn;a,<code>h&amp;ae;le&amp;t;a</code>,1,0.0024691
42,h&aelig;ste,<code>h&amp;ae;ste</code>,1,0.0024691
42,habban,<code>habban</code>,1,0.0024691
42,hatte,<code>hatte</code>,1,0.0024691
42,he,<code>he</code>,1,0.0024691
42,hea,<code>hea</code>,1,0.0024691
42,hean,<code>hean</code>,1,0.0024691
42,helm,<code>helm</code>,1,0.0024691
42,heord,<code>heord</code>,1,0.0024691
42,hine,<code>hine</code>,1,0.0024691
42,hlade,<code>hlade</code>,1,0.0024691
42,hlincas,<code>hlincas</code>,1,0.0024691
42,hlo&eth;gecrod,<code>hlo&amp;d;gecrod</code>,1,0.0024691
42,hlud,<code>hlud</code>,1,0.0024691
42,hludast,<code>hludast</code>,1,0.0024691
42,hlude,<code>hlude</code>,1,0.0024691
42,hnige,<code>hnige</code>,1,0.0024691
42,holm,<code>holm</code>,1,0.0024691
42,hopgehnastes,<code>hopgehnastes</code>,1,0.0024691
42,hornsalu,<code>hornsalu</code>,1,0.0024691
42,hrere,<code>hrere</code>,1,0.0024691
42,hruse,<code>hruse</code>,1,0.0024691
42,hrycg,<code>hrycg</code>,1,0.0024691
42,hrycge,<code>hrycge</code>,1,0.0024691
42,hrycgum,<code>hrycgum</code>,1,0.0024691
42,hw&aelig;&thorn;re,<code>hw&amp;ae;&amp;t;re</code>,1,0.0024691
42,hw&aelig;t,<code>hw&amp;ae;t</code>,1,0.0024691
42,hwyrftweges,<code>hwyrftweges</code>,1,0.0024691
42,hy,<code>hy</code>,1,0.0024691
42,hyran,<code>hyran</code>,1,0.0024691
42,hyre,<code>hyre</code>,1,0.0024691
42,l&aelig;ta&eth;,<code>l&amp;ae;ta&amp;d;</code>,1,0.0024691
42,l&aelig;te,<code>l&amp;ae;te</code>,1,0.0024691
42,l&aelig;te&eth;,<code>l&amp;ae;te&amp;d;</code>,1,0.0024691
42,lagu,<code>lagu</code>,1,0.0024691
42,lagustreama,<code>lagustreama</code>,1,0.0024691
42,last,<code>last</code>,1,0.0024691
42,legde,<code>legde</code>,1,0.0024691
42,lige,<code>lige</code>,1,0.0024691
42,lyft,<code>lyft</code>,1,0.0024691
42,lyfte,<code>lyfte</code>,1,0.0024691
42,m&aelig;st,<code>m&amp;ae;st</code>,1,0.0024691
42,meahtum,<code>meahtum</code>,1,0.0024691
42,mearclonde,<code>mearclonde</code>,1,0.0024691
42,meotud,<code>meotud</code>,1,0.0024691
42,micel,<code>micel</code>,1,0.0024691
42,min,<code>min</code>,1,0.0024691
42,mines,<code>mines</code>,1,0.0024691
42,mod&thorn;rea,<code>mod&amp;t;rea</code>,1,0.0024691
42,monna,<code>monna</code>,1,0.0024691
42,nah,<code>nah</code>,1,0.0024691
42,neah,<code>neah</code>,1,0.0024691
42,near,<code>near</code>,1,0.0024691
42,o&thorn;&thorn;&aelig;t,<code>o&amp;t;&amp;t;&amp;ae;t</code>,1,0.0024691
42,o&thorn;er,<code>o&amp;t;er</code>,1,0.0024691
42,o&thorn;rum,<code>o&amp;t;rum</code>,1,0.0024691
42,onbugan,<code>onbugan</code>,1,0.0024691
42,ondr&aelig;de&eth;,<code>ondr&amp;ae;de&amp;d;</code>,1,0.0024691
42,or,<code>or</code>,1,0.0024691
42,orleges,<code>orleges</code>,1,0.0024691
42,r&aelig;re,<code>r&amp;ae;re</code>,1,0.0024691
42,regn,<code>regn</code>,1,0.0024691
42,restan,<code>restan</code>,1,0.0024691
42,rice,<code>rice</code>,1,0.0024691
42,ridan,<code>ridan</code>,1,0.0024691
42,ride&eth;,<code>ride&amp;d;</code>,1,0.0024691
42,rynegiestes,<code>rynegiestes</code>,1,0.0024691
42,s&aelig;,<code>s&amp;ae;</code>,1,0.0024691
42,s&aelig;cce,<code>s&amp;ae;cce</code>,1,0.0024691
42,saga,<code>saga</code>,1,0.0024691
42,salwonges,<code>salwonges</code>,1,0.0024691
42,scearp,<code>scearp</code>,1,0.0024691
42,scearpum,<code>scearpum</code>,1,0.0024691
42,sceo,<code>sceo</code>,1,0.0024691
42,scin,<code>scin</code>,1,0.0024691
42,scotia&eth;,<code>scotia&amp;d;</code>,1,0.0024691
42,scri&thorn;ende,<code>scri&amp;t;ende</code>,1,0.0024691
42,scyle,<code>scyle</code>,1,0.0024691
42,seaw,<code>seaw</code>,1,0.0024691
42,sende&eth;,<code>sende&amp;d;</code>,1,0.0024691
42,site&eth;,<code>site&amp;d;</code>,1,0.0024691
42,sli&thorn;re,<code>sli&amp;t;re</code>,1,0.0024691
42,slupan,<code>slupan</code>,1,0.0024691
42,so&eth;,<code>so&amp;d;</code>,1,0.0024691
42,st&aelig;&eth;&thorn;e,<code>st&amp;ae;&amp;d;&amp;t;e</code>,1,0.0024691
42,sta&thorn;e,<code>sta&amp;t;e</code>,1,0.0024691
42,stanhleo&thorn;u,<code>stanhleo&amp;t;u</code>,1,0.0024691
42,stealc,<code>stealc</code>,1,0.0024691
42,steape,<code>steape</code>,1,0.0024691
42,sti&eth;weg,<code>sti&amp;d;weg</code>,1,0.0024691
42,stige,<code>stige</code>,1,0.0024691
42,stiwitum,<code>stiwitum</code>,1,0.0024691
42,str&aelig;le,<code>str&amp;ae;le</code>,1,0.0024691
42,streamgewinnes,<code>streamgewinnes</code>,1,0.0024691
42,strong,<code>strong</code>,1,0.0024691
42,styrgan,<code>styrgan</code>,1,0.0024691
42,styrge,<code>styrge</code>,1,0.0024691
42,sum,<code>sum</code>,1,0.0024691
42,sumne,<code>sumne</code>,1,0.0024691
42,sumsendu,<code>sumsendu</code>,1,0.0024691
42,sw&aelig;ta&eth;,<code>sw&amp;ae;ta&amp;d;</code>,1,0.0024691
42,sweart,<code>sweart</code>,1,0.0024691
42,swega,<code>swega</code>,1,0.0024691
42,swi&thorn;feorm,<code>swi&amp;t;feorm</code>,1,0.0024691
42,swift,<code>swift</code>,1,0.0024691
42,swige,<code>swige</code>,1,0.0024691
42,swylte&eth;,<code>swylte&amp;d;</code>,1,0.0024691
42,t&aelig;cne&eth;,<code>t&amp;ae;cne&amp;d;</code>,1,0.0024691
42,tid,<code>tid</code>,1,0.0024691
42,to,<code>to</code>,1,0.0024691
42,to&thorn;ringe,<code>to&amp;t;ringe</code>,1,0.0024691
42,tosomne,<code>tosomne</code>,1,0.0024691
42,underhnigan,<code>underhnigan</code>,1,0.0024691
42,w&aelig;g,<code>w&amp;ae;g</code>,1,0.0024691
42,w&aelig;gfatu,<code>w&amp;ae;gfatu</code>,1,0.0024691
42,w&aelig;pen,<code>w&amp;ae;pen</code>,1,0.0024691
42,w&aelig;pnum,<code>w&amp;ae;pnum</code>,1,0.0024691
42,w&aelig;tan,<code>w&amp;ae;tan</code>,1,0.0024691
42,wagia&eth;,<code>wagia&amp;d;</code>,1,0.0024691
42,weallas,<code>weallas</code>,1,0.0024691
42,wealle,<code>wealle</code>,1,0.0024691
42,wegas,<code>wegas</code>,1,0.0024691
42,wen,<code>wen</code>,1,0.0024691
42,weor&thorn;an,<code>weor&amp;t;an</code>,1,0.0024691
42,wera,<code>wera</code>,1,0.0024691
42,wi&thorn;,<code>wi&amp;t;</code>,1,0.0024691
42,wicstede,<code>wicstede</code>,1,0.0024691
42,winne,<code>winne</code>,1,0.0024691
42,winne&eth;,<code>winne&amp;d;</code>,1,0.0024691
42,winnende,<code>winnende</code>,1,0.0024691
42,wisa&thorn;,<code>wisa&amp;t;</code>,1,0.0024691
42,wolcengehnaste,<code>wolcengehnaste</code>,1,0.0024691
42,wolcnfare,<code>wolcnfare</code>,1,0.0024691
42,wombe,<code>wombe</code>,1,0.0024691
42,won,<code>won</code>,1,0.0024691
42,wonn,<code>wonn</code>,1,0.0024691
42,wr&aelig;de,<code>wr&amp;ae;de</code>,1,0.0024691
42,wregan,<code>wregan</code>,1,0.0024691
42,wrege,<code>wrege</code>,1,0.0024691
42,wrice&eth;,<code>wrice&amp;d;</code>,1,0.0024691
42,wudu,<code>wudu</code>,1,0.0024691
