A_Poetry,A03,A03.009_Sea_T00190.txt,475,381,766
RANK,HTML WORD,RAW WORD,COUNT,RELATIVE FREQUENCY
1,ne,<code>ne</code>,22,0.0287206
2,&thorn;&aelig;t,<code>&amp;t;&amp;ae;t</code>,16,0.0208877
2,to,<code>to</code>,16,0.0208877
4,him,<code>him</code>,14,0.0182768
5,ond,<code>ond</code>,13,0.0169713
6,on,<code>on</code>,12,0.0156658
7,his,<code>his</code>,11,0.0143603
7,in,<code>in</code>,11,0.0143603
9,&thorn;e,<code>&amp;t;e</code>,10,0.0130548
9,se,<code>se</code>,10,0.0130548
11,&thorn;onne,<code>&amp;t;onne</code>,9,0.0117493
11,he,<code>he</code>,9,0.0117493
11,ic,<code>ic</code>,9,0.0117493
14,for&thorn;on,<code>for&amp;t;on</code>,8,0.0104439
15,eor&thorn;an,<code>eor&amp;t;an</code>,7,0.0091384
15,mid,<code>mid</code>,7,0.0091384
17,&thorn;&aelig;r,<code>&amp;t;&amp;ae;r</code>,6,0.0078329
17,&thorn;&aelig;s,<code>&amp;t;&amp;ae;s</code>,6,0.0078329
17,&thorn;a,<code>&amp;t;a</code>,6,0.0078329
20,bi&thorn;,<code>bi&amp;t;</code>,5,0.0065274
20,we,<code>we</code>,5,0.0065274
22,dryhten,<code>dryhten</code>,4,0.0052219
22,hine,<code>hine</code>,4,0.0052219
22,hu,<code>hu</code>,4,0.0052219
22,me,<code>me</code>,4,0.0052219
22,nu,<code>nu</code>,4,0.0052219
22,ofer,<code>ofer</code>,4,0.0052219
22,oft,<code>oft</code>,4,0.0052219
22,wille,<code>wille</code>,4,0.0052219
30,&aelig;r,<code>&amp;ae;r</code>,3,0.0039164
30,be,<code>be</code>,3,0.0039164
30,cyme&eth;,<code>cyme&amp;d;</code>,3,0.0039164
30,ealle,<code>ealle</code>,3,0.0039164
30,hyge,<code>hyge</code>,3,0.0039164
30,is,<code>is</code>,3,0.0039164
30,m&aelig;g,<code>m&amp;ae;g</code>,3,0.0039164
30,mon,<code>mon</code>,3,0.0039164
30,o&thorn;&thorn;e,<code>o&amp;t;&amp;t;e</code>,3,0.0039164
30,sind,<code>sind</code>,3,0.0039164
30,wat,<code>wat</code>,3,0.0039164
41,&thorn;am,<code>&amp;t;am</code>,2,0.0026110
41,&thorn;eah,<code>&amp;t;eah</code>,2,0.0026110
41,a,<code>a</code>,2,0.0026110
41,bearn,<code>bearn</code>,2,0.0026110
41,bi&eth;,<code>bi&amp;d;</code>,2,0.0026110
41,bl&aelig;d,<code>bl&amp;ae;d</code>,2,0.0026110
41,d&aelig;dum,<code>d&amp;ae;dum</code>,2,0.0026110
41,dreamas,<code>dreamas</code>,2,0.0026110
41,dryhtnes,<code>dryhtnes</code>,2,0.0026110
41,ecan,<code>ecan</code>,2,0.0026110
41,ece,<code>ece</code>,2,0.0026110
41,feor,<code>feor</code>,2,0.0026110
41,fer&eth;,<code>fer&amp;d;</code>,2,0.0026110
41,foldan,<code>foldan</code>,2,0.0026110
41,fore,<code>fore</code>,2,0.0026110
41,ful,<code>ful</code>,2,0.0026110
41,gebiden,<code>gebiden</code>,2,0.0026110
41,gehwylc,<code>gehwylc</code>,2,0.0026110
41,gehwylce,<code>gehwylce</code>,2,0.0026110
41,gelyfe&eth;,<code>gelyfe&amp;d;</code>,2,0.0026110
41,gewealc,<code>gewealc</code>,2,0.0026110
41,gewitene,<code>gewitene</code>,2,0.0026110
41,h&aelig;gl,<code>h&amp;ae;gl</code>,2,0.0026110
41,healdan,<code>healdan</code>,2,0.0026110
41,heofonum,<code>heofonum</code>,2,0.0026110
41,heortan,<code>heortan</code>,2,0.0026110
41,hi,<code>hi</code>,2,0.0026110
41,hw&aelig;t,<code>hw&amp;ae;t</code>,2,0.0026110
41,hweorfe&eth;,<code>hweorfe&amp;d;</code>,2,0.0026110
41,hwon,<code>hwon</code>,2,0.0026110
41,hyht,<code>hyht</code>,2,0.0026110
41,lif,<code>lif</code>,2,0.0026110
41,lifes,<code>lifes</code>,2,0.0026110
41,lof,<code>lof</code>,2,0.0026110
41,meahte,<code>meahte</code>,2,0.0026110
41,min,<code>min</code>,2,0.0026110
41,mod,<code>mod</code>,2,0.0026110
41,modes,<code>modes</code>,2,0.0026110
41,mona&eth;,<code>mona&amp;d;</code>,2,0.0026110
41,monna,<code>monna</code>,2,0.0026110
41,s&aelig;,<code>s&amp;ae;</code>,2,0.0026110
41,sceatas,<code>sceatas</code>,2,0.0026110
41,scyle,<code>scyle</code>,2,0.0026110
41,seo,<code>seo</code>,2,0.0026110
41,sorge,<code>sorge</code>,2,0.0026110
41,swa,<code>swa</code>,2,0.0026110
41,swylce,<code>swylce</code>,2,0.0026110
41,tid,<code>tid</code>,2,0.0026110
41,w&aelig;ron,<code>w&amp;ae;ron</code>,2,0.0026110
41,wi&eth;,<code>wi&amp;d;</code>,2,0.0026110
41,woruld,<code>woruld</code>,2,0.0026110
41,wyn,<code>wyn</code>,2,0.0026110
41,yldo,<code>yldo</code>,2,0.0026110
41,ymb,<code>ymb</code>,2,0.0026110
95,&aelig;&thorn;elinga,<code>&amp;ae;&amp;t;elinga</code>,1,0.0013055
95,&aelig;fter,<code>&amp;ae;fter</code>,1,0.0013055
95,&aelig;ftercwe&thorn;endra,<code>&amp;ae;ftercwe&amp;t;endra</code>,1,0.0013055
95,&aelig;lda,<code>&amp;ae;lda</code>,1,0.0013055
95,&aelig;nges,<code>&amp;ae;nges</code>,1,0.0013055
95,&aelig;nig,<code>&amp;ae;nig</code>,1,0.0013055
95,&aelig;t,<code>&amp;ae;t</code>,1,0.0013055
95,&thorn;&aelig;re,<code>&amp;t;&amp;ae;re</code>,1,0.0013055
95,&thorn;as,<code>&amp;t;as</code>,1,0.0013055
95,&thorn;encan,<code>&amp;t;encan</code>,1,0.0013055
95,&thorn;ence&eth;,<code>&amp;t;ence&amp;d;</code>,1,0.0013055
95,&thorn;enden,<code>&amp;t;enden</code>,1,0.0013055
95,&thorn;eos,<code>&amp;t;eos</code>,1,0.0013055
95,&thorn;ider,<code>&amp;t;ider</code>,1,0.0013055
95,&thorn;inga,<code>&amp;t;inga</code>,1,0.0013055
95,&thorn;is,<code>&amp;t;is</code>,1,0.0013055
95,&thorn;onc,<code>&amp;t;onc</code>,1,0.0013055
95,&thorn;reora,<code>&amp;t;reora</code>,1,0.0013055
95,&thorn;rowade,<code>&amp;t;rowade</code>,1,0.0013055
95,&thorn;urh,<code>&amp;t;urh</code>,1,0.0013055
95,ac,<code>ac</code>,1,0.0013055
95,adl,<code>adl</code>,1,0.0013055
95,aga,<code>aga</code>,1,0.0013055
95,agen,<code>agen</code>,1,0.0013055
95,ah,<code>ah</code>,1,0.0013055
95,amen,<code>amen</code>,1,0.0013055
95,anfloga,<code>anfloga</code>,1,0.0013055
95,ar,<code>ar</code>,1,0.0013055
95,atol,<code>atol</code>,1,0.0013055
95,awa,<code>awa</code>,1,0.0013055
95,b&aelig;le,<code>b&amp;ae;le</code>,1,0.0013055
95,bealo,<code>bealo</code>,1,0.0013055
95,bealosi&thorn;a,<code>bealosi&amp;t;a</code>,1,0.0013055
95,bearwas,<code>bearwas</code>,1,0.0013055
95,beode&eth;,<code>beode&amp;d;</code>,1,0.0013055
95,beorn,<code>beorn</code>,1,0.0013055
95,beotan,<code>beotan</code>,1,0.0013055
95,betst,<code>betst</code>,1,0.0013055
95,bidan,<code>bidan</code>,1,0.0013055
95,bidroren,<code>bidroren</code>,1,0.0013055
95,bigeal,<code>bigeal</code>,1,0.0013055
95,bigeat,<code>bigeat</code>,1,0.0013055
95,bihongen,<code>bihongen</code>,1,0.0013055
95,bisgo,<code>bisgo</code>,1,0.0013055
95,bitre,<code>bitre</code>,1,0.0013055
95,bitter,<code>bitter</code>,1,0.0013055
95,blaca&eth;,<code>blaca&amp;d;</code>,1,0.0013055
95,blostmum,<code>blostmum</code>,1,0.0013055
95,bond,<code>bond</code>,1,0.0013055
95,breostceare,<code>breostceare</code>,1,0.0013055
95,breosthord,<code>breosthord</code>,1,0.0013055
95,brimlade,<code>brimlade</code>,1,0.0013055
95,bro&thorn;or,<code>bro&amp;t;or</code>,1,0.0013055
95,bruca&eth;,<code>bruca&amp;d;</code>,1,0.0013055
95,burgum,<code>burgum</code>,1,0.0013055
95,butan,<code>butan</code>,1,0.0013055
95,byrgan,<code>byrgan</code>,1,0.0013055
95,byrig,<code>byrig</code>,1,0.0013055
95,caldast,<code>caldast</code>,1,0.0013055
95,calde,<code>calde</code>,1,0.0013055
95,caldum,<code>caldum</code>,1,0.0013055
95,caseras,<code>caseras</code>,1,0.0013055
95,ceare,<code>ceare</code>,1,0.0013055
95,cearselda,<code>cearselda</code>,1,0.0013055
95,ceole,<code>ceole</code>,1,0.0013055
95,cl&aelig;ne,<code>cl&amp;ae;ne</code>,1,0.0013055
95,clifum,<code>clifum</code>,1,0.0013055
95,clommum,<code>clommum</code>,1,0.0013055
95,cnossa&eth;,<code>cnossa&amp;d;</code>,1,0.0013055
95,cnyssa&eth;,<code>cnyssa&amp;d;</code>,1,0.0013055
95,corna,<code>corna</code>,1,0.0013055
95,cumen,<code>cumen</code>,1,0.0013055
95,cunnige,<code>cunnige</code>,1,0.0013055
95,cyningas,<code>cyningas</code>,1,0.0013055
95,dagas,<code>dagas</code>,1,0.0013055
95,dea&eth;,<code>dea&amp;d;</code>,1,0.0013055
95,deade,<code>deade</code>,1,0.0013055
95,deadum,<code>deadum</code>,1,0.0013055
95,deofle,<code>deofle</code>,1,0.0013055
95,deor,<code>deor</code>,1,0.0013055
95,deorum,<code>deorum</code>,1,0.0013055
95,dol,<code>dol</code>,1,0.0013055
95,dome,<code>dome</code>,1,0.0013055
95,dream,<code>dream</code>,1,0.0013055
95,dreoga&eth;,<code>dreoga&amp;d;</code>,1,0.0013055
95,dryhtlicestum,<code>dryhtlicestum</code>,1,0.0013055
95,duge&thorn;um,<code>duge&amp;t;um</code>,1,0.0013055
95,dugu&eth;,<code>dugu&amp;d;</code>,1,0.0013055
95,dyde,<code>dyde</code>,1,0.0013055
95,e&thorn;el,<code>e&amp;t;el</code>,1,0.0013055
95,ea&thorn;mod,<code>ea&amp;t;mod</code>,1,0.0013055
95,eac,<code>eac</code>,1,0.0013055
95,eadig,<code>eadig</code>,1,0.0013055
95,eadignesse,<code>eadignesse</code>,1,0.0013055
95,eal,<code>eal</code>,1,0.0013055
95,ealda&eth;,<code>ealda&amp;d;</code>,1,0.0013055
95,ealdor,<code>ealdor</code>,1,0.0013055
95,ealdre,<code>ealdre</code>,1,0.0013055
95,eard,<code>eard</code>,1,0.0013055
95,earfo&eth;hwile,<code>earfo&amp;d;hwile</code>,1,0.0013055
95,earmcearig,<code>earmcearig</code>,1,0.0013055
95,earn,<code>earn</code>,1,0.0013055
95,ecghete,<code>ecghete</code>,1,0.0013055
95,eft,<code>eft</code>,1,0.0013055
95,egsa,<code>egsa</code>,1,0.0013055
95,egsan,<code>egsan</code>,1,0.0013055
95,el&thorn;eodigra,<code>el&amp;t;eodigra</code>,1,0.0013055
95,elles,<code>elles</code>,1,0.0013055
95,englum,<code>englum</code>,1,0.0013055
95,eor&eth;welan,<code>eor&amp;d;welan</code>,1,0.0013055
95,eorla,<code>eorla</code>,1,0.0013055
95,esteadig,<code>esteadig</code>,1,0.0013055
95,f&aelig;gria&eth;,<code>f&amp;ae;gria&amp;d;</code>,1,0.0013055
95,f&aelig;grost,<code>f&amp;ae;grost</code>,1,0.0013055
95,f&aelig;gum,<code>f&amp;ae;gum</code>,1,0.0013055
95,fare&eth;,<code>fare&amp;d;</code>,1,0.0013055
95,feasceaftig,<code>feasceaftig</code>,1,0.0013055
95,fela,<code>fela</code>,1,0.0013055
95,feol,<code>feol</code>,1,0.0013055
95,feonda,<code>feonda</code>,1,0.0013055
95,feorg,<code>feorg</code>,1,0.0013055
95,feorh,<code>feorh</code>,1,0.0013055
95,feran,<code>feran</code>,1,0.0013055
95,fet,<code>fet</code>,1,0.0013055
95,fl&aelig;schoma,<code>fl&amp;ae;schoma</code>,1,0.0013055
95,fleag,<code>fleag</code>,1,0.0013055
95,flodwegas,<code>flodwegas</code>,1,0.0013055
95,for,<code>for</code>,1,0.0013055
95,forb&aelig;rnedne,<code>forb&amp;ae;rnedne</code>,1,0.0013055
95,forgiefene,<code>forgiefene</code>,1,0.0013055
95,forste,<code>forste</code>,1,0.0013055
95,forswelgan,<code>forswelgan</code>,1,0.0013055
95,frefran,<code>frefran</code>,1,0.0013055
95,fremum,<code>fremum</code>,1,0.0013055
95,fromweardum,<code>fromweardum</code>,1,0.0013055
95,fulne,<code>fulne</code>,1,0.0013055
95,funda&eth;,<code>funda&amp;d;</code>,1,0.0013055
95,fusne,<code>fusne</code>,1,0.0013055
95,fyres,<code>fyres</code>,1,0.0013055
95,ganetes,<code>ganetes</code>,1,0.0013055
95,ge&thorn;encan,<code>ge&amp;t;encan</code>,1,0.0013055
95,ge&thorn;ohtas,<code>ge&amp;t;ohtas</code>,1,0.0013055
95,ge&thorn;rungen,<code>ge&amp;t;rungen</code>,1,0.0013055
95,geac,<code>geac</code>,1,0.0013055
95,geborenum,<code>geborenum</code>,1,0.0013055
95,gebunden,<code>gebunden</code>,1,0.0013055
95,gecunnad,<code>gecunnad</code>,1,0.0013055
95,gedon,<code>gedon</code>,1,0.0013055
95,gedroren,<code>gedroren</code>,1,0.0013055
95,gefelan,<code>gefelan</code>,1,0.0013055
95,gefremedon,<code>gefremedon</code>,1,0.0013055
95,gehn&aelig;ged,<code>gehn&amp;ae;ged</code>,1,0.0013055
95,gehwam,<code>gehwam</code>,1,0.0013055
95,gehygd,<code>gehygd</code>,1,0.0013055
95,gehyrde,<code>gehyrde</code>,1,0.0013055
95,gelac,<code>gelac</code>,1,0.0013055
95,gelagu,<code>gelagu</code>,1,0.0013055
95,gelong,<code>gelong</code>,1,0.0013055
95,gelyfe,<code>gelyfe</code>,1,0.0013055
95,gemete,<code>gemete</code>,1,0.0013055
95,gemonia&eth;,<code>gemonia&amp;d;</code>,1,0.0013055
95,geoce,<code>geoce</code>,1,0.0013055
95,geogu&thorn;e,<code>geogu&amp;t;e</code>,1,0.0013055
95,geomran,<code>geomran</code>,1,0.0013055
95,geond,<code>geond</code>,1,0.0013055
95,gesece,<code>gesece</code>,1,0.0013055
95,gesta&thorn;ela&eth;,<code>gesta&amp;t;ela&amp;d;</code>,1,0.0013055
95,gesta&thorn;elade,<code>gesta&amp;t;elade</code>,1,0.0013055
95,geswincdagum,<code>geswincdagum</code>,1,0.0013055
95,geweor&thorn;ade,<code>geweor&amp;t;ade</code>,1,0.0013055
95,gewis,<code>gewis</code>,1,0.0013055
95,gewitan,<code>gewitan</code>,1,0.0013055
95,geworhtne,<code>geworhtne</code>,1,0.0013055
95,gewyrce,<code>gewyrce</code>,1,0.0013055
95,gielle&eth;,<code>gielle&amp;d;</code>,1,0.0013055
95,gifena,<code>gifena</code>,1,0.0013055
95,gifre,<code>gifre</code>,1,0.0013055
95,gnorna&eth;,<code>gnorna&amp;d;</code>,1,0.0013055
95,god,<code>god</code>,1,0.0013055
95,godes,<code>godes</code>,1,0.0013055
95,gold,<code>gold</code>,1,0.0013055
95,golde,<code>golde</code>,1,0.0013055
95,goldgiefan,<code>goldgiefan</code>,1,0.0013055
95,gomelfeax,<code>gomelfeax</code>,1,0.0013055
95,gomene,<code>gomene</code>,1,0.0013055
95,gr&aelig;dig,<code>gr&amp;ae;dig</code>,1,0.0013055
95,gr&aelig;f,<code>gr&amp;ae;f</code>,1,0.0013055
95,grundas,<code>grundas</code>,1,0.0013055
95,h&aelig;bbe,<code>h&amp;ae;bbe</code>,1,0.0013055
95,hafa&eth;,<code>hafa&amp;d;</code>,1,0.0013055
95,halgan,<code>halgan</code>,1,0.0013055
95,ham,<code>ham</code>,1,0.0013055
95,hat,<code>hat</code>,1,0.0013055
95,hatran,<code>hatran</code>,1,0.0013055
95,healda&thorn;,<code>healda&amp;t;</code>,1,0.0013055
95,hean,<code>hean</code>,1,0.0013055
95,hearpan,<code>hearpan</code>,1,0.0013055
95,heonan,<code>heonan</code>,1,0.0013055
95,her,<code>her</code>,1,0.0013055
95,hergen,<code>hergen</code>,1,0.0013055
95,hit,<code>hit</code>,1,0.0013055
95,hleahtor,<code>hleahtor</code>,1,0.0013055
95,hleo&thorn;or,<code>hleo&amp;t;or</code>,1,0.0013055
95,hleom&aelig;ga,<code>hleom&amp;ae;ga</code>,1,0.0013055
95,hlimman,<code>hlimman</code>,1,0.0013055
95,hold,<code>hold</code>,1,0.0013055
95,holma,<code>holma</code>,1,0.0013055
95,hond,<code>hond</code>,1,0.0013055
95,hre&thorn;er,<code>hre&amp;t;er</code>,1,0.0013055
95,hre&thorn;erlocan,<code>hre&amp;t;erlocan</code>,1,0.0013055
95,hrim,<code>hrim</code>,1,0.0013055
95,hrimgicelum,<code>hrimgicelum</code>,1,0.0013055
95,hring&thorn;ege,<code>hring&amp;t;ege</code>,1,0.0013055
95,hrusan,<code>hrusan</code>,1,0.0013055
95,huilpan,<code>huilpan</code>,1,0.0013055
95,hungor,<code>hungor</code>,1,0.0013055
95,hw&aelig;les,<code>hw&amp;ae;les</code>,1,0.0013055
95,hw&aelig;lweg,<code>hw&amp;ae;lweg</code>,1,0.0013055
95,hw&aelig;r,<code>hw&amp;ae;r</code>,1,0.0013055
95,hwete&eth;,<code>hwete&amp;d;</code>,1,0.0013055
95,hwilum,<code>hwilum</code>,1,0.0013055
95,hycgan,<code>hycgan</code>,1,0.0013055
95,hyde&eth;,<code>hyde&amp;d;</code>,1,0.0013055
95,indryhto,<code>indryhto</code>,1,0.0013055
95,innan,<code>innan</code>,1,0.0013055
95,iscaldne,<code>iscaldne</code>,1,0.0013055
95,iscealdne,<code>iscealdne</code>,1,0.0013055
95,isigfe&thorn;era,<code>isigfe&amp;t;era</code>,1,0.0013055
95,iu,<code>iu</code>,1,0.0013055
95,iuwine,<code>iuwine</code>,1,0.0013055
95,l&aelig;ne,<code>l&amp;ae;ne</code>,1,0.0013055
95,la&thorn;ne,<code>la&amp;t;ne</code>,1,0.0013055
95,lagu,<code>lagu</code>,1,0.0013055
95,lastum,<code>lastum</code>,1,0.0013055
95,lastworda,<code>lastworda</code>,1,0.0013055
95,lecga&eth;,<code>lecga&amp;d;</code>,1,0.0013055
95,leofa&eth;,<code>leofa&amp;d;</code>,1,0.0013055
95,leofa&thorn;,<code>leofa&amp;t;</code>,1,0.0013055
95,leofne,<code>leofne</code>,1,0.0013055
95,lifdon,<code>lifdon</code>,1,0.0013055
95,lifge,<code>lifge</code>,1,0.0013055
95,lifgendra,<code>lifgendra</code>,1,0.0013055
95,limpe&eth;,<code>limpe&amp;d;</code>,1,0.0013055
95,londe,<code>londe</code>,1,0.0013055
95,longunge,<code>longunge</code>,1,0.0013055
95,losa&eth;,<code>losa&amp;d;</code>,1,0.0013055
95,lufan,<code>lufan</code>,1,0.0013055
95,lust,<code>lust</code>,1,0.0013055
95,lyt,<code>lyt</code>,1,0.0013055
95,m&aelig;la,<code>m&amp;ae;la</code>,1,0.0013055
95,m&aelig;r&thorn;a,<code>m&amp;ae;r&amp;t;a</code>,1,0.0013055
95,m&aelig;st,<code>m&amp;ae;st</code>,1,0.0013055
95,m&aelig;w,<code>m&amp;ae;w</code>,1,0.0013055
95,ma&thorn;mum,<code>ma&amp;t;mum</code>,1,0.0013055
95,meahtigra,<code>meahtigra</code>,1,0.0013055
95,mec,<code>mec</code>,1,0.0013055
95,medodrince,<code>medodrince</code>,1,0.0013055
95,meotod,<code>meotod</code>,1,0.0013055
95,meotud,<code>meotud</code>,1,0.0013055
95,meotudes,<code>meotudes</code>,1,0.0013055
95,mereflode,<code>mereflode</code>,1,0.0013055
95,merewerges,<code>merewerges</code>,1,0.0013055
95,micel,<code>micel</code>,1,0.0013055
95,middangeard,<code>middangeard</code>,1,0.0013055
95,mine,<code>mine</code>,1,0.0013055
95,mislicum,<code>mislicum</code>,1,0.0013055
95,mode,<code>mode</code>,1,0.0013055
95,modsefa,<code>modsefa</code>,1,0.0013055
95,modwlonc,<code>modwlonc</code>,1,0.0013055
95,molde,<code>molde</code>,1,0.0013055
95,monnes,<code>monnes</code>,1,0.0013055
95,moten,<code>moten</code>,1,0.0013055
95,n&aelig;bbe,<code>n&amp;ae;bbe</code>,1,0.0013055
95,n&aelig;ron,<code>n&amp;ae;ron</code>,1,0.0013055
95,nacan,<code>nacan</code>,1,0.0013055
95,nap,<code>nap</code>,1,0.0013055
95,nearo,<code>nearo</code>,1,0.0013055
95,nefne,<code>nefne</code>,1,0.0013055
95,ni&thorn;,<code>ni&amp;t;</code>,1,0.0013055
95,nihtscua,<code>nihtscua</code>,1,0.0013055
95,nihtwaco,<code>nihtwaco</code>,1,0.0013055
95,nima&eth;,<code>nima&amp;d;</code>,1,0.0013055
95,nis,<code>nis</code>,1,0.0013055
95,no,<code>no</code>,1,0.0013055
95,nor&thorn;an,<code>nor&amp;t;an</code>,1,0.0013055
95,o&eth;&thorn;ringe&eth;,<code>o&amp;d;&amp;t;ringe&amp;d;</code>,1,0.0013055
95,of,<code>of</code>,1,0.0013055
95,oncw&aelig;&eth;,<code>oncw&amp;ae;&amp;d;</code>,1,0.0013055
95,oncyrre&eth;,<code>oncyrre&amp;d;</code>,1,0.0013055
95,ondr&aelig;de&thorn;,<code>ondr&amp;ae;de&amp;t;</code>,1,0.0013055
95,onette&eth;,<code>onette&amp;d;</code>,1,0.0013055
95,onhreran,<code>onhreran</code>,1,0.0013055
95,onmedlan,<code>onmedlan</code>,1,0.0013055
95,onsyn,<code>onsyn</code>,1,0.0013055
95,owiht,<code>owiht</code>,1,0.0013055
95,reorde,<code>reorde</code>,1,0.0013055
95,rices,<code>rices</code>,1,0.0013055
95,s&aelig;fore,<code>s&amp;ae;fore</code>,1,0.0013055
95,sar,<code>sar</code>,1,0.0013055
95,sawle,<code>sawle</code>,1,0.0013055
95,sceal,<code>sceal</code>,1,0.0013055
95,sceolde,<code>sceolde</code>,1,0.0013055
95,scurum,<code>scurum</code>,1,0.0013055
95,sealty&thorn;a,<code>sealty&amp;t;a</code>,1,0.0013055
95,seara&eth;,<code>seara&amp;d;</code>,1,0.0013055
95,secg,<code>secg</code>,1,0.0013055
95,secgan,<code>secgan</code>,1,0.0013055
95,sefan,<code>sefan</code>,1,0.0013055
95,seofedun,<code>seofedun</code>,1,0.0013055
95,si&thorn;&thorn;an,<code>si&amp;t;&amp;t;an</code>,1,0.0013055
95,si&thorn;as,<code>si&amp;t;as</code>,1,0.0013055
95,si&thorn;e,<code>si&amp;t;e</code>,1,0.0013055
95,simle,<code>simle</code>,1,0.0013055
95,singe&eth;,<code>singe&amp;d;</code>,1,0.0013055
95,singende,<code>singende</code>,1,0.0013055
95,slat,<code>slat</code>,1,0.0013055
95,sniwde,<code>sniwde</code>,1,0.0013055
95,so&eth;gied,<code>so&amp;d;gied</code>,1,0.0013055
95,song,<code>song</code>,1,0.0013055
95,sta&thorn;elum,<code>sta&amp;t;elum</code>,1,0.0013055
95,stanclifu,<code>stanclifu</code>,1,0.0013055
95,stearn,<code>stearn</code>,1,0.0013055
95,stefnan,<code>stefnan</code>,1,0.0013055
95,sti&thorn;e,<code>sti&amp;t;e</code>,1,0.0013055
95,stieran,<code>stieran</code>,1,0.0013055
95,stonda&eth;,<code>stonda&amp;d;</code>,1,0.0013055
95,stormas,<code>stormas</code>,1,0.0013055
95,streamas,<code>streamas</code>,1,0.0013055
95,stregan,<code>stregan</code>,1,0.0013055
95,strongum,<code>strongum</code>,1,0.0013055
95,sum,<code>sum</code>,1,0.0013055
95,sume,<code>sume</code>,1,0.0013055
95,sumeres,<code>sumeres</code>,1,0.0013055
95,sweg,<code>sweg</code>,1,0.0013055
95,swete,<code>swete</code>,1,0.0013055
95,swi&thorn;re,<code>swi&amp;t;re</code>,1,0.0013055
95,sy,<code>sy</code>,1,0.0013055
95,sylf,<code>sylf</code>,1,0.0013055
95,sylfum,<code>sylfum</code>,1,0.0013055
95,synna,<code>synna</code>,1,0.0013055
95,tilien,<code>tilien</code>,1,0.0013055
95,togeanes,<code>togeanes</code>,1,0.0013055
95,tweon,<code>tweon</code>,1,0.0013055
95,un&thorn;inged,<code>un&amp;t;inged</code>,1,0.0013055
95,unwearnum,<code>unwearnum</code>,1,0.0013055
95,uprodor,<code>uprodor</code>,1,0.0013055
95,urigfe&thorn;ra,<code>urigfe&amp;t;ra</code>,1,0.0013055
95,usic,<code>usic</code>,1,0.0013055
95,uton,<code>uton</code>,1,0.0013055
95,w&aelig;g,<code>w&amp;ae;g</code>,1,0.0013055
95,wacran,<code>wacran</code>,1,0.0013055
95,weard,<code>weard</code>,1,0.0013055
95,weg,<code>weg</code>,1,0.0013055
95,weor&thorn;e&eth;,<code>weor&amp;t;e&amp;d;</code>,1,0.0013055
95,wera,<code>wera</code>,1,0.0013055
95,werig,<code>werig</code>,1,0.0013055
95,werum,<code>werum</code>,1,0.0013055
95,wi&thorn;,<code>wi&amp;t;</code>,1,0.0013055
95,wide,<code>wide</code>,1,0.0013055
95,widost,<code>widost</code>,1,0.0013055
95,wife,<code>wife</code>,1,0.0013055
95,wine,<code>wine</code>,1,0.0013055
95,winem&aelig;gum,<code>winem&amp;ae;gum</code>,1,0.0013055
95,wingal,<code>wingal</code>,1,0.0013055
95,winter,<code>winter</code>,1,0.0013055
95,wisum,<code>wisum</code>,1,0.0013055
95,wlitigia&eth;,<code>wlitigia&amp;d;</code>,1,0.0013055
95,wlonc,<code>wlonc</code>,1,0.0013055
95,wongas,<code>wongas</code>,1,0.0013055
95,worulde,<code>worulde</code>,1,0.0013055
95,wr&aelig;ccan,<code>wr&amp;ae;ccan</code>,1,0.0013055
95,wr&aelig;clastas,<code>wr&amp;ae;clastas</code>,1,0.0013055
95,wrecan,<code>wrecan</code>,1,0.0013055
95,wuldres,<code>wuldres</code>,1,0.0013055
95,wunade,<code>wunade</code>,1,0.0013055
95,wunia&eth;,<code>wunia&amp;d;</code>,1,0.0013055
95,wyrd,<code>wyrd</code>,1,0.0013055
95,y&eth;a,<code>y&amp;d;a</code>,1,0.0013055
95,y&thorn;a,<code>y&amp;t;a</code>,1,0.0013055
95,ylfete,<code>ylfete</code>,1,0.0013055
95,ymbe,<code>ymbe</code>,1,0.0013055
