A_Poetry,A03,A03.022.052_Rid_52_T00830.txt,32,31,33
RANK,HTML WORD,RAW WORD,COUNT,RELATIVE FREQUENCY
1,bendum,<code>bendum</code>,2,0.0606061
2,&thorn;a,<code>&amp;t;a</code>,1,0.0303030
2,&thorn;ara,<code>&amp;t;ara</code>,1,0.0303030
2,an,<code>an</code>,1,0.0303030
2,bega,<code>bega</code>,1,0.0303030
2,f&aelig;ste,<code>f&amp;ae;ste</code>,1,0.0303030
2,f&aelig;stra,<code>f&amp;ae;stra</code>,1,0.0303030
2,fergan,<code>fergan</code>,1,0.0303030
2,gefeterade,<code>gefeterade</code>,1,0.0303030
2,genamnan,<code>genamnan</code>,1,0.0303030
2,getenge,<code>getenge</code>,1,0.0303030
2,hearde,<code>hearde</code>,1,0.0303030
2,hrof,<code>hrof</code>,1,0.0303030
2,hyra,<code>hyra</code>,1,0.0303030
2,ic,<code>ic</code>,1,0.0303030
2,in,<code>in</code>,1,0.0303030
2,nearwum,<code>nearwum</code>,1,0.0303030
2,o&thorn;rum,<code>o&amp;t;rum</code>,1,0.0303030
2,r&aelig;ced,<code>r&amp;ae;ced</code>,1,0.0303030
2,r&aelig;pingas,<code>r&amp;ae;pingas</code>,1,0.0303030
2,sales,<code>sales</code>,1,0.0303030
2,seah,<code>seah</code>,1,0.0303030
2,seo,<code>seo</code>,1,0.0303030
2,si&thorn;e,<code>si&amp;t;e</code>,1,0.0303030
2,tog&aelig;dre,<code>tog&amp;ae;dre</code>,1,0.0303030
2,twegen,<code>twegen</code>,1,0.0303030
2,under,<code>under</code>,1,0.0303030
2,w&aelig;ron,<code>w&amp;ae;ron</code>,1,0.0303030
2,w&aelig;s,<code>w&amp;ae;s</code>,1,0.0303030
2,wale,<code>wale</code>,1,0.0303030
2,weold,<code>weold</code>,1,0.0303030
2,wonfah,<code>wonfah</code>,1,0.0303030
