A_Poetry,A03,A03.022.014_Rid_14_T00450.txt,78,70,99
RANK,HTML WORD,RAW WORD,COUNT,RELATIVE FREQUENCY
1,hwilum,<code>hwilum</code>,10,0.1010101
2,ic,<code>ic</code>,6,0.0606061
3,sceal,<code>sceal</code>,3,0.0303030
4,mec,<code>mec</code>,2,0.0202020
4,ofer,<code>ofer</code>,2,0.0202020
4,on,<code>on</code>,2,0.0202020
4,to,<code>to</code>,2,0.0202020
4,weras,<code>weras</code>,2,0.0202020
9,&thorn;&aelig;r,<code>&amp;t;&amp;ae;r</code>,1,0.0101010
9,&thorn;ece&eth;,<code>&amp;t;ece&amp;d;</code>,1,0.0101010
9,&thorn;onne,<code>&amp;t;onne</code>,1,0.0101010
9,beaghroden,<code>beaghroden</code>,1,0.0101010
9,behly&thorn;ed,<code>behly&amp;t;ed</code>,1,0.0101010
9,beorhtne,<code>beorhtne</code>,1,0.0101010
9,bonne,<code>bonne</code>,1,0.0101010
9,bordum,<code>bordum</code>,1,0.0101010
9,bosm,<code>bosm</code>,1,0.0101010
9,bosme,<code>bosme</code>,1,0.0101010
9,byre&thorn;,<code>byre&amp;t;</code>,1,0.0101010
9,cyssa&eth;,<code>cyssa&amp;d;</code>,1,0.0101010
9,drinca&eth;,<code>drinca&amp;d;</code>,1,0.0101010
9,feondscea&thorn;an,<code>feondscea&amp;t;an</code>,1,0.0101010
9,fere&eth;,<code>fere&amp;d;</code>,1,0.0101010
9,flodas,<code>flodas</code>,1,0.0101010
9,flyman,<code>flyman</code>,1,0.0101010
9,folcwigan,<code>folcwigan</code>,1,0.0101010
9,forstolen,<code>forstolen</code>,1,0.0101010
9,fr&aelig;twed,<code>fr&amp;ae;twed</code>,1,0.0101010
9,fr&aelig;twum,<code>fr&amp;ae;twum</code>,1,0.0101010
9,freolic,<code>freolic</code>,1,0.0101010
9,frige,<code>frige</code>,1,0.0101010
9,fyrdsceorp,<code>fyrdsceorp</code>,1,0.0101010
9,gefylle&eth;,<code>gefylle&amp;d;</code>,1,0.0101010
9,geong,<code>geong</code>,1,0.0101010
9,gereordum,<code>gereordum</code>,1,0.0101010
9,golde,<code>golde</code>,1,0.0101010
9,hagostealdmon,<code>hagostealdmon</code>,1,0.0101010
9,hatte,<code>hatte</code>,1,0.0101010
9,heafodleas,<code>heafodleas</code>,1,0.0101010
9,heard,<code>heard</code>,1,0.0101010
9,hilde,<code>hilde</code>,1,0.0101010
9,hleo&thorn;re,<code>hleo&amp;t;re</code>,1,0.0101010
9,hongige,<code>hongige</code>,1,0.0101010
9,hreddan,<code>hreddan</code>,1,0.0101010
9,hw&aelig;t,<code>hw&amp;ae;t</code>,1,0.0101010
9,hyrstum,<code>hyrstum</code>,1,0.0101010
9,la&eth;ige,<code>la&amp;d;ige</code>,1,0.0101010
9,licgan,<code>licgan</code>,1,0.0101010
9,m&aelig;g&eth;a,<code>m&amp;ae;g&amp;d;a</code>,1,0.0101010
9,mearce,<code>mearce</code>,1,0.0101010
9,merehengest,<code>merehengest</code>,1,0.0101010
9,minne,<code>minne</code>,1,0.0101010
9,minre,<code>minre</code>,1,0.0101010
9,nu,<code>nu</code>,1,0.0101010
9,of,<code>of</code>,1,0.0101010
9,ond,<code>ond</code>,1,0.0101010
9,rincas,<code>rincas</code>,1,0.0101010
9,sincfag,<code>sincfag</code>,1,0.0101010
9,stefne,<code>stefne</code>,1,0.0101010
9,sum,<code>sum</code>,1,0.0101010
9,sumes,<code>sumes</code>,1,0.0101010
9,swelgan,<code>swelgan</code>,1,0.0101010
9,sylfore,<code>sylfore</code>,1,0.0101010
9,w&aelig;penwiga,<code>w&amp;ae;penwiga</code>,1,0.0101010
9,w&aelig;s,<code>w&amp;ae;s</code>,1,0.0101010
9,wage,<code>wage</code>,1,0.0101010
9,wega&eth;,<code>wega&amp;d;</code>,1,0.0101010
9,wicge,<code>wicge</code>,1,0.0101010
9,wilgehle&thorn;an,<code>wilgehle&amp;t;an</code>,1,0.0101010
9,winde,<code>winde</code>,1,0.0101010
9,wine,<code>wine</code>,1,0.0101010
9,wirbogum,<code>wirbogum</code>,1,0.0101010
9,wlitig,<code>wlitig</code>,1,0.0101010
9,wlonc,<code>wlonc</code>,1,0.0101010
9,wlonce,<code>wlonce</code>,1,0.0101010
9,woum,<code>woum</code>,1,0.0101010
9,wra&thorn;um,<code>wra&amp;t;um</code>,1,0.0101010
9,wycg,<code>wycg</code>,1,0.0101010
