A_Poetry,A03,A03.034.012_Rid_72_T01140.txt,72,66,83
RANK,HTML WORD,RAW WORD,COUNT,RELATIVE FREQUENCY
1,ic,<code>ic</code>,5,0.0602410
2,on,<code>on</code>,4,0.0481928
3,me,<code>me</code>,2,0.0240964
3,mec,<code>mec</code>,2,0.0240964
3,oft,<code>oft</code>,2,0.0240964
3,w&aelig;s,<code>w&amp;ae;s</code>,2,0.0240964
7,&aelig;ngum,<code>&amp;ae;ngum</code>,1,0.0120482
7,&thorn;&aelig;h,<code>&amp;t;&amp;ae;h</code>,1,0.0120482
7,&thorn;&aelig;t,<code>&amp;t;&amp;ae;t</code>,1,0.0120482
7,&thorn;ara,<code>&amp;t;ara</code>,1,0.0120482
7,&thorn;e,<code>&amp;t;e</code>,1,0.0120482
7,&thorn;earle,<code>&amp;t;earle</code>,1,0.0120482
7,&thorn;rowade,<code>&amp;t;rowade</code>,1,0.0120482
7,&thorn;urh,<code>&amp;t;urh</code>,1,0.0120482
7,&thorn;yrel,<code>&amp;t;yrel</code>,1,0.0120482
7,an,<code>an</code>,1,0.0120482
7,beag,<code>beag</code>,1,0.0120482
7,beame,<code>beame</code>,1,0.0120482
7,bro&thorn;or,<code>bro&amp;t;or</code>,1,0.0120482
7,bunden,<code>bunden</code>,1,0.0120482
7,d&aelig;gtidum,<code>d&amp;ae;gtidum</code>,1,0.0120482
7,d&aelig;l,<code>d&amp;ae;l</code>,1,0.0120482
7,drincan,<code>drincan</code>,1,0.0120482
7,earfo&eth;a,<code>earfo&amp;d;a</code>,1,0.0120482
7,egle,<code>egle</code>,1,0.0120482
7,fedde,<code>fedde</code>,1,0.0120482
7,feower,<code>feower</code>,1,0.0120482
7,fo,<code>fo</code>,1,0.0120482
7,forlet,<code>forlet</code>,1,0.0120482
7,geaf,<code>geaf</code>,1,0.0120482
7,gehwylc,<code>gehwylc</code>,1,0.0120482
7,gem&aelig;ne,<code>gem&amp;ae;ne</code>,1,0.0120482
7,gif,<code>gif</code>,1,0.0120482
7,h&aelig;fde,<code>h&amp;ae;fde</code>,1,0.0120482
7,healse,<code>healse</code>,1,0.0120482
7,hyrde,<code>hyrde</code>,1,0.0120482
7,isern,<code>isern</code>,1,0.0120482
7,laste,<code>laste</code>,1,0.0120482
7,lust,<code>lust</code>,1,0.0120482
7,lytel,<code>lytel</code>,1,0.0120482
7,mearcpa&thorn;as,<code>mearcpa&amp;t;as</code>,1,0.0120482
7,meldade,<code>meldade</code>,1,0.0120482
7,min,<code>min</code>,1,0.0120482
7,monna,<code>monna</code>,1,0.0120482
7,moras,<code>moras</code>,1,0.0120482
7,n&aelig;fre,<code>n&amp;ae;fre</code>,1,0.0120482
7,o&thorn;&thorn;&aelig;t,<code>o&amp;t;&amp;t;&amp;ae;t</code>,1,0.0120482
7,ond,<code>ond</code>,1,0.0120482
7,onsundran,<code>onsundran</code>,1,0.0120482
7,ordst&aelig;pe,<code>ordst&amp;ae;pe</code>,1,0.0120482
7,p&aelig;&eth;de,<code>p&amp;ae;&amp;d;de</code>,1,0.0120482
7,pe,<code>pe</code>,1,0.0120482
7,sare,<code>sare</code>,1,0.0120482
7,scod,<code>scod</code>,1,0.0120482
7,sealde,<code>sealde</code>,1,0.0120482
7,si&thorn;ade,<code>si&amp;t;ade</code>,1,0.0120482
7,sidan,<code>sidan</code>,1,0.0120482
7,sw&aelig;se,<code>sw&amp;ae;se</code>,1,0.0120482
7,sweartum,<code>sweartum</code>,1,0.0120482
7,sweostor,<code>sweostor</code>,1,0.0120482
7,swigade,<code>swigade</code>,1,0.0120482
7,te,<code>te</code>,1,0.0120482
7,teah,<code>teah</code>,1,0.0120482
7,tr&aelig;d,<code>tr&amp;ae;d</code>,1,0.0120482
7,unc,<code>unc</code>,1,0.0120482
7,under,<code>under</code>,1,0.0120482
7,w&aelig;ron,<code>w&amp;ae;ron</code>,1,0.0120482
7,walas,<code>walas</code>,1,0.0120482
7,wean,<code>wean</code>,1,0.0120482
7,weorc,<code>weorc</code>,1,0.0120482
7,widdor,<code>widdor</code>,1,0.0120482
7,yldra,<code>yldra</code>,1,0.0120482
