A_Poetry,A03,A03.022.049_Rid_49_T00800.txt,56,49,65
RANK,HTML WORD,RAW WORD,COUNT,RELATIVE FREQUENCY
1,ond,<code>ond</code>,3,0.0461538
1,se,<code>se</code>,3,0.0461538
3,&thorn;&aelig;t,<code>&amp;t;&amp;ae;t</code>,2,0.0307692
3,him,<code>him</code>,2,0.0307692
3,ic,<code>ic</code>,2,0.0307692
3,oft,<code>oft</code>,2,0.0307692
3,to,<code>to</code>,2,0.0307692
8,&aelig;&thorn;elingas,<code>&amp;ae;&amp;t;elingas</code>,1,0.0153846
8,&aelig;r,<code>&amp;ae;r</code>,1,0.0153846
8,&thorn;a,<code>&amp;t;a</code>,1,0.0153846
8,&thorn;am,<code>&amp;t;am</code>,1,0.0153846
8,&thorn;e,<code>&amp;t;e</code>,1,0.0153846
8,&thorn;egn,<code>&amp;t;egn</code>,1,0.0153846
8,&thorn;urh,<code>&amp;t;urh</code>,1,0.0153846
8,anne,<code>anne</code>,1,0.0153846
8,cwene,<code>cwene</code>,1,0.0153846
8,cyn,<code>cyn</code>,1,0.0153846
8,cyningas,<code>cyningas</code>,1,0.0153846
8,d&aelig;ges,<code>d&amp;ae;ges</code>,1,0.0153846
8,deafne,<code>deafne</code>,1,0.0153846
8,do&thorn;,<code>do&amp;t;</code>,1,0.0153846
8,dug&thorn;um,<code>dug&amp;t;um</code>,1,0.0153846
8,dumba,<code>dumba</code>,1,0.0153846
8,dumban,<code>dumban</code>,1,0.0153846
8,dyrran,<code>dyrran</code>,1,0.0153846
8,eardf&aelig;stne,<code>eardf&amp;ae;stne</code>,1,0.0153846
8,eorp,<code>eorp</code>,1,0.0153846
8,forswilge&eth;,<code>forswilge&amp;d;</code>,1,0.0153846
8,gen,<code>gen</code>,1,0.0153846
8,gifrum,<code>gifrum</code>,1,0.0153846
8,golde,<code>golde</code>,1,0.0153846
8,goman,<code>goman</code>,1,0.0153846
8,gopes,<code>gopes</code>,1,0.0153846
8,her,<code>her</code>,1,0.0153846
8,hond,<code>hond</code>,1,0.0153846
8,hwilum,<code>hwilum</code>,1,0.0153846
8,lacum,<code>lacum</code>,1,0.0153846
8,ne,<code>ne</code>,1,0.0153846
8,nemnan,<code>nemnan</code>,1,0.0153846
8,nu,<code>nu</code>,1,0.0153846
8,nytte,<code>nytte</code>,1,0.0153846
8,o&thorn;re,<code>o&amp;t;re</code>,1,0.0153846
8,on,<code>on</code>,1,0.0153846
8,saloneb,<code>saloneb</code>,1,0.0153846
8,sende&eth;,<code>sende&amp;d;</code>,1,0.0153846
8,standan,<code>standan</code>,1,0.0153846
8,swa,<code>swa</code>,1,0.0153846
8,sweart,<code>sweart</code>,1,0.0153846
8,swilge&eth;,<code>swilge&amp;d;</code>,1,0.0153846
8,under,<code>under</code>,1,0.0153846
8,unwita,<code>unwita</code>,1,0.0153846
8,wat,<code>wat</code>,1,0.0153846
8,wicum,<code>wicum</code>,1,0.0153846
8,wille,<code>wille</code>,1,0.0153846
8,wilnia&eth;,<code>wilnia&amp;d;</code>,1,0.0153846
8,wonna,<code>wonna</code>,1,0.0153846
