A_Poetry,A03,A03.034.029_Rid_89_T01310.txt,24,24,24
RANK,HTML WORD,RAW WORD,COUNT,RELATIVE FREQUENCY
1,&thorn;oncade,<code>&amp;t;oncade</code>,1,0.0416667
1,&thorn;rage,<code>&amp;t;rage</code>,1,0.0416667
1,&thorn;ygan,<code>&amp;t;ygan</code>,1,0.0416667
1,beg,<code>beg</code>,1,0.0416667
1,eft,<code>eft</code>,1,0.0416667
1,grette,<code>grette</code>,1,0.0416667
1,h&aelig;fde,<code>h&amp;ae;fde</code>,1,0.0416667
1,him,<code>him</code>,1,0.0416667
1,hindan,<code>hindan</code>,1,0.0416667
1,hwilum,<code>hwilum</code>,1,0.0416667
1,le&thorn;re,<code>le&amp;t;re</code>,1,0.0416667
1,listum,<code>listum</code>,1,0.0416667
1,on,<code>on</code>,1,0.0416667
1,se,<code>se</code>,1,0.0416667
1,si&thorn;&thorn;an,<code>si&amp;t;&amp;t;an</code>,1,0.0416667
1,sw&aelig;sendum,<code>sw&amp;ae;sendum</code>,1,0.0416667
1,swylce,<code>swylce</code>,1,0.0416667
1,tne,<code>tne</code>,1,0.0416667
1,u,<code>u</code>,1,0.0416667
1,w&aelig;s,<code>w&amp;ae;s</code>,1,0.0416667
1,wea,<code>wea</code>,1,0.0416667
1,wiht,<code>wiht</code>,1,0.0416667
1,wombe,<code>wombe</code>,1,0.0416667
1,worhte,<code>worhte</code>,1,0.0416667
