A_Poetry,A03,A03.022.056_Rid_56_T00870.txt,56,50,66
RANK,HTML WORD,RAW WORD,COUNT,RELATIVE FREQUENCY
1,&thorn;&aelig;r,<code>&amp;t;&amp;ae;r</code>,4,0.0606061
2,ic,<code>ic</code>,3,0.0454545
2,w&aelig;s,<code>w&amp;ae;s</code>,3,0.0454545
4,geseah,<code>geseah</code>,2,0.0303030
4,o&thorn;er,<code>o&amp;t;er</code>,2,0.0303030
4,on,<code>on</code>,2,0.0303030
7,&thorn;&aelig;re,<code>&amp;t;&amp;ae;re</code>,1,0.0151515
7,&thorn;am,<code>&amp;t;am</code>,1,0.0151515
7,&thorn;ara,<code>&amp;t;ara</code>,1,0.0151515
7,ane,<code>ane</code>,1,0.0151515
7,bennegean,<code>bennegean</code>,1,0.0151515
7,beran,<code>beran</code>,1,0.0151515
7,bihongen,<code>bihongen</code>,1,0.0151515
7,biidf&aelig;st,<code>biidf&amp;ae;st</code>,1,0.0151515
7,bisgo,<code>bisgo</code>,1,0.0151515
7,daro&thorn;as,<code>daro&amp;t;as</code>,1,0.0151515
7,deopra,<code>deopra</code>,1,0.0151515
7,dolga,<code>dolga</code>,1,0.0151515
7,dreag,<code>dreag</code>,1,0.0151515
7,druncon,<code>druncon</code>,1,0.0151515
7,f&aelig;ste,<code>f&amp;ae;ste</code>,1,0.0151515
7,feng,<code>feng</code>,1,0.0151515
7,flana,<code>flana</code>,1,0.0151515
7,flet,<code>flet</code>,1,0.0151515
7,fota,<code>fota</code>,1,0.0151515
7,gebunden,<code>gebunden</code>,1,0.0151515
7,getenge,<code>getenge</code>,1,0.0151515
7,geweorc,<code>geweorc</code>,1,0.0151515
7,h&aelig;le&eth;,<code>h&amp;ae;le&amp;d;</code>,1,0.0151515
7,hea&thorn;oglemma,<code>hea&amp;t;oglemma</code>,1,0.0151515
7,hlaforde,<code>hlaforde</code>,1,0.0151515
7,holt,<code>holt</code>,1,0.0151515
7,hweorfende,<code>hweorfende</code>,1,0.0151515
7,hwilum,<code>hwilum</code>,1,0.0151515
7,hyre,<code>hyre</code>,1,0.0151515
7,inne,<code>inne</code>,1,0.0151515
7,lafe,<code>lafe</code>,1,0.0151515
7,leafum,<code>leafum</code>,1,0.0151515
7,leolc,<code>leolc</code>,1,0.0151515
7,londe,<code>londe</code>,1,0.0151515
7,lyfte,<code>lyfte</code>,1,0.0151515
7,minum,<code>minum</code>,1,0.0151515
7,neah,<code>neah</code>,1,0.0151515
7,ond,<code>ond</code>,1,0.0151515
7,se,<code>se</code>,1,0.0151515
7,searwum,<code>searwum</code>,1,0.0151515
7,stod,<code>stod</code>,1,0.0151515
7,torhtan,<code>torhtan</code>,1,0.0151515
7,treow,<code>treow</code>,1,0.0151515
7,w&aelig;ron,<code>w&amp;ae;ron</code>,1,0.0151515
7,weo,<code>weo</code>,1,0.0151515
7,wido,<code>wido</code>,1,0.0151515
7,wiht,<code>wiht</code>,1,0.0151515
7,wihte,<code>wihte</code>,1,0.0151515
7,winnende,<code>winnende</code>,1,0.0151515
7,wudu,<code>wudu</code>,1,0.0151515
