A_Poetry,A03,A03.022.028_Rid_28_T00590.txt,63,59,71
RANK,HTML WORD,RAW WORD,COUNT,RELATIVE FREQUENCY
1,ond,<code>ond</code>,4,0.0563380
2,&thorn;y,<code>&amp;t;y</code>,3,0.0422535
2,mid,<code>mid</code>,3,0.0422535
4,to,<code>to</code>,2,0.0281690
5,&aelig;fter,<code>&amp;ae;fter</code>,1,0.0140845
5,&aelig;r,<code>&amp;ae;r</code>,1,0.0140845
5,&thorn;ara,<code>&amp;t;ara</code>,1,0.0140845
5,&thorn;e,<code>&amp;t;e</code>,1,0.0140845
5,&thorn;onne,<code>&amp;t;onne</code>,1,0.0140845
5,&thorn;yrred,<code>&amp;t;yrred</code>,1,0.0140845
5,bi&eth;,<code>bi&amp;d;</code>,1,0.0140845
5,bi&thorn;,<code>bi&amp;t;</code>,1,0.0140845
5,bl&aelig;ced,<code>bl&amp;ae;ced</code>,1,0.0140845
5,bruce&eth;,<code>bruce&amp;d;</code>,1,0.0140845
5,bunden,<code>bunden</code>,1,0.0140845
5,clenge&eth;,<code>clenge&amp;d;</code>,1,0.0140845
5,corfen,<code>corfen</code>,1,0.0140845
5,cwicra,<code>cwicra</code>,1,0.0140845
5,cyrred,<code>cyrred</code>,1,0.0140845
5,d&aelig;l,<code>d&amp;ae;l</code>,1,0.0140845
5,dea&thorn;e,<code>dea&amp;t;e</code>,1,0.0140845
5,deman,<code>deman</code>,1,0.0140845
5,dream,<code>dream</code>,1,0.0140845
5,dryhta,<code>dryhta</code>,1,0.0140845
5,durum,<code>durum</code>,1,0.0140845
5,f&aelig;gre,<code>f&amp;ae;gre</code>,1,0.0140845
5,feorran,<code>feorran</code>,1,0.0140845
5,foldan,<code>foldan</code>,1,0.0140845
5,fr&aelig;twed,<code>fr&amp;ae;twed</code>,1,0.0140845
5,geatwed,<code>geatwed</code>,1,0.0140845
5,gegierwed,<code>gegierwed</code>,1,0.0140845
5,gestreona,<code>gestreona</code>,1,0.0140845
5,grymmestan,<code>grymmestan</code>,1,0.0140845
5,gumena,<code>gumena</code>,1,0.0140845
5,heardestan,<code>heardestan</code>,1,0.0140845
5,hw&aelig;t,<code>hw&amp;ae;t</code>,1,0.0140845
5,hwile,<code>hwile</code>,1,0.0140845
5,hycganne,<code>hycganne</code>,1,0.0140845
5,in,<code>in</code>,1,0.0140845
5,innan,<code>innan</code>,1,0.0140845
5,is,<code>is</code>,1,0.0140845
5,l&aelig;ded,<code>l&amp;ae;ded</code>,1,0.0140845
5,lenge&eth;,<code>lenge&amp;d;</code>,1,0.0140845
5,lifgende,<code>lifgende</code>,1,0.0140845
5,longe,<code>longe</code>,1,0.0140845
5,meldan,<code>meldan</code>,1,0.0140845
5,menn,<code>menn</code>,1,0.0140845
5,micel,<code>micel</code>,1,0.0140845
5,mislice,<code>mislice</code>,1,0.0140845
5,no,<code>no</code>,1,0.0140845
5,onginne&eth;,<code>onginne&amp;d;</code>,1,0.0140845
5,scearpestan,<code>scearpestan</code>,1,0.0140845
5,seo,<code>seo</code>,1,0.0140845
5,sprice&eth;,<code>sprice&amp;d;</code>,1,0.0140845
5,sworfen,<code>sworfen</code>,1,0.0140845
5,sy,<code>sy</code>,1,0.0140845
5,w&aelig;ced,<code>w&amp;ae;ced</code>,1,0.0140845
5,wi&eth;,<code>wi&amp;d;</code>,1,0.0140845
5,wiht,<code>wiht</code>,1,0.0140845
5,wihta,<code>wihta</code>,1,0.0140845
5,wilna,<code>wilna</code>,1,0.0140845
5,wisf&aelig;stum,<code>wisf&amp;ae;stum</code>,1,0.0140845
5,wunden,<code>wunden</code>,1,0.0140845
