A_Poetry,A03,A03.022.033_Rid_33_T00640.txt,65,59,75
RANK,HTML WORD,RAW WORD,COUNT,RELATIVE FREQUENCY
1,on,<code>on</code>,4,0.0533333
2,&thorn;&aelig;t,<code>&amp;t;&amp;ae;t</code>,3,0.0400000
2,is,<code>is</code>,3,0.0400000
4,min,<code>min</code>,2,0.0266667
4,to,<code>to</code>,2,0.0266667
4,w&aelig;s,<code>w&amp;ae;s</code>,2,0.0266667
7,&aelig;fter,<code>&amp;ae;fter</code>,1,0.0133333
7,&aelig;ldum,<code>&amp;ae;ldum</code>,1,0.0133333
7,&thorn;&aelig;s,<code>&amp;t;&amp;ae;s</code>,1,0.0133333
7,beadoweorca,<code>beadoweorca</code>,1,0.0133333
7,biter,<code>biter</code>,1,0.0133333
7,bond,<code>bond</code>,1,0.0133333
7,bordweallas,<code>bordweallas</code>,1,0.0133333
7,ceole,<code>ceole</code>,1,0.0133333
7,cleopode,<code>cleopode</code>,1,0.0133333
7,cu&thorn;,<code>cu&amp;t;</code>,1,0.0133333
7,cwom,<code>cwom</code>,1,0.0133333
7,cymlic,<code>cymlic</code>,1,0.0133333
7,cynnes,<code>cynnes</code>,1,0.0133333
7,deorestan,<code>deorestan</code>,1,0.0133333
7,dohtor,<code>dohtor</code>,1,0.0133333
7,eacen,<code>eacen</code>,1,0.0133333
7,ealra,<code>ealra</code>,1,0.0133333
7,earde,<code>earde</code>,1,0.0133333
7,ecge,<code>ecge</code>,1,0.0133333
7,egesful,<code>egesful</code>,1,0.0133333
7,firum,<code>firum</code>,1,0.0133333
7,folce,<code>folce</code>,1,0.0133333
7,foldan,<code>foldan</code>,1,0.0133333
7,from,<code>from</code>,1,0.0133333
7,gehwam,<code>gehwam</code>,1,0.0133333
7,gesceaft,<code>gesceaft</code>,1,0.0133333
7,grof,<code>grof</code>,1,0.0133333
7,gryrelic,<code>gryrelic</code>,1,0.0133333
7,heardhi&thorn;ende,<code>heardhi&amp;t;ende</code>,1,0.0133333
7,hetegrim,<code>hetegrim</code>,1,0.0133333
7,heterune,<code>heterune</code>,1,0.0133333
7,hilde,<code>hilde</code>,1,0.0133333
7,hio,<code>hio</code>,1,0.0133333
7,hleahtor,<code>hleahtor</code>,1,0.0133333
7,hlinsade,<code>hlinsade</code>,1,0.0133333
7,hlude,<code>hlude</code>,1,0.0133333
7,hyre,<code>hyre</code>,1,0.0133333
7,li&thorn;an,<code>li&amp;t;an</code>,1,0.0133333
7,liden,<code>liden</code>,1,0.0133333
7,lissum,<code>lissum</code>,1,0.0133333
7,londa,<code>londa</code>,1,0.0133333
7,londe,<code>londe</code>,1,0.0133333
7,m&aelig;g&eth;a,<code>m&amp;ae;g&amp;d;a</code>,1,0.0133333
7,modor,<code>modor</code>,1,0.0133333
7,s&aelig;gde,<code>s&amp;ae;gde</code>,1,0.0133333
7,s&aelig;ne,<code>s&amp;ae;ne</code>,1,0.0133333
7,sceal,<code>sceal</code>,1,0.0133333
7,scearpe,<code>scearpe</code>,1,0.0133333
7,searocr&aelig;ftig,<code>searocr&amp;ae;ftig</code>,1,0.0133333
7,seo,<code>seo</code>,1,0.0133333
7,stondan,<code>stondan</code>,1,0.0133333
7,swa,<code>swa</code>,1,0.0133333
7,sylfre,<code>sylfre</code>,1,0.0133333
7,up,<code>up</code>,1,0.0133333
7,w&aelig;ron,<code>w&amp;ae;ron</code>,1,0.0133333
7,wege,<code>wege</code>,1,0.0133333
7,wiht,<code>wiht</code>,1,0.0133333
7,wr&aelig;tlicu,<code>wr&amp;ae;tlicu</code>,1,0.0133333
7,ymb,<code>ymb</code>,1,0.0133333
