A_Poetry,A03,A03.017_Whale_T00270.txt,319,265,471
RANK,HTML WORD,RAW WORD,COUNT,RELATIVE FREQUENCY
1,on,<code>on</code>,14,0.0297240
2,ond,<code>ond</code>,11,0.0233546
3,&thorn;&aelig;t,<code>&amp;t;&amp;ae;t</code>,10,0.0212314
4,&thorn;am,<code>&amp;t;am</code>,9,0.0191083
4,&thorn;onne,<code>&amp;t;onne</code>,9,0.0191083
4,se,<code>se</code>,9,0.0191083
7,&thorn;a,<code>&amp;t;a</code>,7,0.0148620
7,in,<code>in</code>,7,0.0148620
9,&thorn;e,<code>&amp;t;e</code>,6,0.0127389
10,&thorn;urh,<code>&amp;t;urh</code>,5,0.0106157
10,f&aelig;ste,<code>f&amp;ae;ste</code>,5,0.0106157
10,he,<code>he</code>,5,0.0106157
10,him,<code>him</code>,5,0.0106157
10,his,<code>his</code>,5,0.0106157
10,swa,<code>swa</code>,5,0.0106157
16,mid,<code>mid</code>,4,0.0084926
16,to,<code>to</code>,4,0.0084926
18,&aelig;t,<code>&amp;ae;t</code>,3,0.0063694
18,&eth;onne,<code>&amp;d;onne</code>,3,0.0063694
18,&thorn;&aelig;r,<code>&amp;t;&amp;ae;r</code>,3,0.0063694
18,bi,<code>bi</code>,3,0.0063694
18,bi&eth;,<code>bi&amp;d;</code>,3,0.0063694
18,bi&thorn;,<code>bi&amp;t;</code>,3,0.0063694
18,helle,<code>helle</code>,3,0.0063694
18,hy,<code>hy</code>,3,0.0063694
18,is,<code>is</code>,3,0.0063694
18,of,<code>of</code>,3,0.0063694
18,stenc,<code>stenc</code>,3,0.0063694
18,willan,<code>willan</code>,3,0.0063694
30,&aelig;fter,<code>&amp;ae;fter</code>,2,0.0042463
30,&thorn;&aelig;s,<code>&amp;t;&amp;ae;s</code>,2,0.0042463
30,&thorn;&aelig;tte,<code>&amp;t;&amp;ae;tte</code>,2,0.0042463
30,&thorn;as,<code>&amp;t;as</code>,2,0.0042463
30,&thorn;one,<code>&amp;t;one</code>,2,0.0042463
30,a,<code>a</code>,2,0.0042463
30,cr&aelig;ftig,<code>cr&amp;ae;ftig</code>,2,0.0042463
30,cynn,<code>cynn</code>,2,0.0042463
30,f&aelig;ringa,<code>f&amp;ae;ringa</code>,2,0.0042463
30,goman,<code>goman</code>,2,0.0042463
30,hafa&eth;,<code>hafa&amp;d;</code>,2,0.0042463
30,hi,<code>hi</code>,2,0.0042463
30,hine,<code>hine</code>,2,0.0042463
30,motan,<code>motan</code>,2,0.0042463
30,ne,<code>ne</code>,2,0.0042463
30,o&thorn;&thorn;&aelig;t,<code>o&amp;t;&amp;t;&amp;ae;t</code>,2,0.0042463
30,o&thorn;re,<code>o&amp;t;re</code>,2,0.0042463
30,ontyne&eth;,<code>ontyne&amp;d;</code>,2,0.0042463
30,scipu,<code>scipu</code>,2,0.0042463
30,tid,<code>tid</code>,2,0.0042463
30,tog&aelig;dre,<code>tog&amp;ae;dre</code>,2,0.0042463
30,we,<code>we</code>,2,0.0042463
30,wic,<code>wic</code>,2,0.0042463
30,wordum,<code>wordum</code>,2,0.0042463
30,wuldorcyning,<code>wuldorcyning</code>,2,0.0042463
55,&aelig;fre,<code>&amp;ae;fre</code>,1,0.0021231
55,&aelig;la&eth;,<code>&amp;ae;la&amp;d;</code>,1,0.0021231
55,&aelig;led,<code>&amp;ae;led</code>,1,0.0021231
55,&aelig;r,<code>&amp;ae;r</code>,1,0.0021231
55,&aelig;tes,<code>&amp;ae;tes</code>,1,0.0021231
55,&eth;&aelig;r,<code>&amp;d;&amp;ae;r</code>,1,0.0021231
55,&thorn;eaw,<code>&amp;t;eaw</code>,1,0.0021231
55,&thorn;on,<code>&amp;t;on</code>,1,0.0021231
55,agl&aelig;can,<code>agl&amp;ae;can</code>,1,0.0021231
55,awyrgda,<code>awyrgda</code>,1,0.0021231
55,bealwes,<code>bealwes</code>,1,0.0021231
55,beo&thorn;,<code>beo&amp;t;</code>,1,0.0021231
55,beswica&eth;,<code>beswica&amp;d;</code>,1,0.0021231
55,beswican,<code>beswican</code>,1,0.0021231
55,beswicen,<code>beswicen</code>,1,0.0021231
55,bi&thorn;eaht,<code>bi&amp;t;eaht</code>,1,0.0021231
55,bif&aelig;ste&eth;,<code>bif&amp;ae;ste&amp;d;</code>,1,0.0021231
55,bihlemme&eth;,<code>bihlemme&amp;d;</code>,1,0.0021231
55,bisceawa&eth;,<code>bisceawa&amp;d;</code>,1,0.0021231
55,bisence&eth;,<code>bisence&amp;d;</code>,1,0.0021231
55,biwunden,<code>biwunden</code>,1,0.0021231
55,bysga&eth;,<code>bysga&amp;d;</code>,1,0.0021231
55,ceafl,<code>ceafl</code>,1,0.0021231
55,cenned,<code>cenned</code>,1,0.0021231
55,ceolas,<code>ceolas</code>,1,0.0021231
55,cleofia&eth;,<code>cleofia&amp;d;</code>,1,0.0021231
55,collenfer&thorn;e,<code>collenfer&amp;t;e</code>,1,0.0021231
55,cuma&eth;,<code>cuma&amp;d;</code>,1,0.0021231
55,cwicsusle,<code>cwicsusle</code>,1,0.0021231
55,cy&thorn;an,<code>cy&amp;t;an</code>,1,0.0021231
55,cyme&eth;,<code>cyme&amp;d;</code>,1,0.0021231
55,cynnes,<code>cynnes</code>,1,0.0021231
55,d&aelig;da,<code>d&amp;ae;da</code>,1,0.0021231
55,dea&eth;sele,<code>dea&amp;d;sele</code>,1,0.0021231
55,deofla,<code>deofla</code>,1,0.0021231
55,deoflum,<code>deoflum</code>,1,0.0021231
55,drence,<code>drence</code>,1,0.0021231
55,drohtende,<code>drohtende</code>,1,0.0021231
55,dryhtna,<code>dryhtna</code>,1,0.0021231
55,dryhtne,<code>dryhtne</code>,1,0.0021231
55,dugu&eth;e,<code>dugu&amp;d;e</code>,1,0.0021231
55,dyrne,<code>dyrne</code>,1,0.0021231
55,eagum,<code>eagum</code>,1,0.0021231
55,eallinga,<code>eallinga</code>,1,0.0021231
55,ealond,<code>ealond</code>,1,0.0021231
55,ealonde,<code>ealonde</code>,1,0.0021231
55,edwylme,<code>edwylme</code>,1,0.0021231
55,eglond,<code>eglond</code>,1,0.0021231
55,ende,<code>ende</code>,1,0.0021231
55,eorlas,<code>eorlas</code>,1,0.0021231
55,f&aelig;cna,<code>f&amp;ae;cna</code>,1,0.0021231
55,f&aelig;stenne,<code>f&amp;ae;stenne</code>,1,0.0021231
55,facnes,<code>facnes</code>,1,0.0021231
55,fah,<code>fah</code>,1,0.0021231
55,fara&eth;,<code>fara&amp;d;</code>,1,0.0021231
55,fara&eth;lacende,<code>fara&amp;d;lacende</code>,1,0.0021231
55,fare&eth;lacendum,<code>fare&amp;d;lacendum</code>,1,0.0021231
55,faro&eth;lacende,<code>faro&amp;d;lacende</code>,1,0.0021231
55,fastitocalon,<code>fastitocalon</code>,1,0.0021231
55,fenge,<code>fenge</code>,1,0.0021231
55,feond,<code>feond</code>,1,0.0021231
55,feondum,<code>feondum</code>,1,0.0021231
55,feore,<code>feore</code>,1,0.0021231
55,feorgbona,<code>feorgbona</code>,1,0.0021231
55,feorhcwale,<code>feorhcwale</code>,1,0.0021231
55,fer&eth;grim,<code>fer&amp;d;grim</code>,1,0.0021231
55,ferend,<code>ferend</code>,1,0.0021231
55,ferhtgereaht,<code>ferhtgereaht</code>,1,0.0021231
55,fira,<code>fira</code>,1,0.0021231
55,firenum,<code>firenum</code>,1,0.0021231
55,fisca,<code>fisca</code>,1,0.0021231
55,fiscas,<code>fiscas</code>,1,0.0021231
55,fitte,<code>fitte</code>,1,0.0021231
55,flah,<code>flah</code>,1,0.0021231
55,for&thorn;on,<code>for&amp;t;on</code>,1,0.0021231
55,frecne,<code>frecne</code>,1,0.0021231
55,frecnes,<code>frecnes</code>,1,0.0021231
55,fremedon,<code>fremedon</code>,1,0.0021231
55,fremma&eth;,<code>fremma&amp;d;</code>,1,0.0021231
55,frofre,<code>frofre</code>,1,0.0021231
55,fyrnstreama,<code>fyrnstreama</code>,1,0.0021231
55,g&aelig;st,<code>g&amp;ae;st</code>,1,0.0021231
55,garsecges,<code>garsecges</code>,1,0.0021231
55,geasne,<code>geasne</code>,1,0.0021231
55,gebroht,<code>gebroht</code>,1,0.0021231
55,geceosa&eth;,<code>geceosa&amp;d;</code>,1,0.0021231
55,gecnawe&eth;,<code>gecnawe&amp;d;</code>,1,0.0021231
55,gecynd,<code>gecynd</code>,1,0.0021231
55,gefeged,<code>gefeged</code>,1,0.0021231
55,gefele&eth;,<code>gefele&amp;d;</code>,1,0.0021231
55,geflotan,<code>geflotan</code>,1,0.0021231
55,gefylled,<code>gefylled</code>,1,0.0021231
55,gehrodene,<code>gehrodene</code>,1,0.0021231
55,gehwam,<code>gehwam</code>,1,0.0021231
55,gehwylc,<code>gehwylc</code>,1,0.0021231
55,gehwylcum,<code>gehwylcum</code>,1,0.0021231
55,gehyda&eth;,<code>gehyda&amp;d;</code>,1,0.0021231
55,gelic,<code>gelic</code>,1,0.0021231
55,geliste,<code>geliste</code>,1,0.0021231
55,gemah,<code>gemah</code>,1,0.0021231
55,gemeted,<code>gemeted</code>,1,0.0021231
55,gen,<code>gen</code>,1,0.0021231
55,georne,<code>georne</code>,1,0.0021231
55,gesece&eth;,<code>gesece&amp;d;</code>,1,0.0021231
55,geseon,<code>geseon</code>,1,0.0021231
55,gewicia&eth;,<code>gewicia&amp;d;</code>,1,0.0021231
55,gewita&eth;,<code>gewita&amp;d;</code>,1,0.0021231
55,gewite&eth;,<code>gewite&amp;d;</code>,1,0.0021231
55,gewite&thorn;,<code>gewite&amp;t;</code>,1,0.0021231
55,gien,<code>gien</code>,1,0.0021231
55,goda,<code>goda</code>,1,0.0021231
55,grimman,<code>grimman</code>,1,0.0021231
55,grimme,<code>grimme</code>,1,0.0021231
55,grund,<code>grund</code>,1,0.0021231
55,grundleasne,<code>grundleasne</code>,1,0.0021231
55,gumena,<code>gumena</code>,1,0.0021231
55,gyltum,<code>gyltum</code>,1,0.0021231
55,h&aelig;le&thorn;,<code>h&amp;ae;le&amp;t;</code>,1,0.0021231
55,h&aelig;le&thorn;a,<code>h&amp;ae;le&amp;t;a</code>,1,0.0021231
55,h&aelig;lu,<code>h&amp;ae;lu</code>,1,0.0021231
55,heahfyr,<code>heahfyr</code>,1,0.0021231
55,heahstefn,<code>heahstefn</code>,1,0.0021231
55,heanum,<code>heanum</code>,1,0.0021231
55,heolo&thorn;helme,<code>heolo&amp;t;helme</code>,1,0.0021231
55,her,<code>her</code>,1,0.0021231
55,herehu&thorn;e,<code>herehu&amp;t;e</code>,1,0.0021231
55,hinsi&thorn;e,<code>hinsi&amp;t;e</code>,1,0.0021231
55,hira,<code>hira</code>,1,0.0021231
55,hiw,<code>hiw</code>,1,0.0021231
55,hlemme&eth;,<code>hlemme&amp;d;</code>,1,0.0021231
55,hlinduru,<code>hlinduru</code>,1,0.0021231
55,holme,<code>holme</code>,1,0.0021231
55,hreofum,<code>hreofum</code>,1,0.0021231
55,hringe,<code>hringe</code>,1,0.0021231
55,hungor,<code>hungor</code>,1,0.0021231
55,hw&aelig;l,<code>hw&amp;ae;l</code>,1,0.0021231
55,hw&aelig;les,<code>hw&amp;ae;les</code>,1,0.0021231
55,hwale,<code>hwale</code>,1,0.0021231
55,hweorfan,<code>hweorfan</code>,1,0.0021231
55,hwilnan,<code>hwilnan</code>,1,0.0021231
55,hwyrft,<code>hwyrft</code>,1,0.0021231
55,hyrdon,<code>hyrdon</code>,1,0.0021231
55,ic,<code>ic</code>,1,0.0021231
55,inno&thorn;e,<code>inno&amp;t;e</code>,1,0.0021231
55,l&aelig;nan,<code>l&amp;ae;nan</code>,1,0.0021231
55,l&aelig;te&eth;,<code>l&amp;ae;te&amp;d;</code>,1,0.0021231
55,larum,<code>larum</code>,1,0.0021231
55,leahtrum,<code>leahtrum</code>,1,0.0021231
55,leaslice,<code>leaslice</code>,1,0.0021231
55,leasne,<code>leasne</code>,1,0.0021231
55,leofne,<code>leofne</code>,1,0.0021231
55,lices,<code>lices</code>,1,0.0021231
55,lif,<code>lif</code>,1,0.0021231
55,lifdagum,<code>lifdagum</code>,1,0.0021231
55,lofe,<code>lofe</code>,1,0.0021231
55,luste,<code>luste</code>,1,0.0021231
55,lyste&thorn;,<code>lyste&amp;t;</code>,1,0.0021231
55,m&aelig;st,<code>m&amp;ae;st</code>,1,0.0021231
55,ma,<code>ma</code>,1,0.0021231
55,meaht,<code>meaht</code>,1,0.0021231
55,mereweard,<code>mereweard</code>,1,0.0021231
55,micla,<code>micla</code>,1,0.0021231
55,miclan,<code>miclan</code>,1,0.0021231
55,mistglome,<code>mistglome</code>,1,0.0021231
55,modgemynd,<code>modgemynd</code>,1,0.0021231
55,moton,<code>moton</code>,1,0.0021231
55,mu&eth;,<code>mu&amp;d;</code>,1,0.0021231
55,nagon,<code>nagon</code>,1,0.0021231
55,neotan,<code>neotan</code>,1,0.0021231
55,ni&thorn;&thorn;a,<code>ni&amp;t;&amp;t;a</code>,1,0.0021231
55,ni&thorn;er,<code>ni&amp;t;er</code>,1,0.0021231
55,no&thorn;e,<code>no&amp;t;e</code>,1,0.0021231
55,noma,<code>noma</code>,1,0.0021231
55,nu,<code>nu</code>,1,0.0021231
55,ofer,<code>ofer</code>,1,0.0021231
55,ofre,<code>ofre</code>,1,0.0021231
55,oft,<code>oft</code>,1,0.0021231
55,oftost,<code>oftost</code>,1,0.0021231
55,oncyrrapum,<code>oncyrrapum</code>,1,0.0021231
55,ongean,<code>ongean</code>,1,0.0021231
55,r&aelig;ste,<code>r&amp;ae;ste</code>,1,0.0021231
55,reonigmode,<code>reonigmode</code>,1,0.0021231
55,s&aelig;fisca,<code>s&amp;ae;fisca</code>,1,0.0021231
55,s&aelig;li&thorn;ende,<code>s&amp;ae;li&amp;t;ende</code>,1,0.0021231
55,s&aelig;mearas,<code>s&amp;ae;mearas</code>,1,0.0021231
55,s&aelig;ryrica,<code>s&amp;ae;ryrica</code>,1,0.0021231
55,scealcum,<code>scealcum</code>,1,0.0021231
55,scinna,<code>scinna</code>,1,0.0021231
55,sealtne,<code>sealtne</code>,1,0.0021231
55,searo,<code>searo</code>,1,0.0021231
55,secan,<code>secan</code>,1,0.0021231
55,sece&eth;,<code>sece&amp;d;</code>,1,0.0021231
55,secen,<code>secen</code>,1,0.0021231
55,semninga,<code>semninga</code>,1,0.0021231
55,setla&thorn;,<code>setla&amp;t;</code>,1,0.0021231
55,si&thorn;&thorn;an,<code>si&amp;t;&amp;t;an</code>,1,0.0021231
55,sibbe,<code>sibbe</code>,1,0.0021231
55,sli&thorn;en,<code>sli&amp;t;en</code>,1,0.0021231
55,sondbeorgum,<code>sondbeorgum</code>,1,0.0021231
55,sta&thorn;e,<code>sta&amp;t;e</code>,1,0.0021231
55,stane,<code>stane</code>,1,0.0021231
55,stonda&eth;,<code>stonda&amp;d;</code>,1,0.0021231
55,streame,<code>streame</code>,1,0.0021231
55,sum,<code>sum</code>,1,0.0021231
55,sundes,<code>sundes</code>,1,0.0021231
55,sundhwate,<code>sundhwate</code>,1,0.0021231
55,sweta,<code>sweta</code>,1,0.0021231
55,swetne,<code>swetne</code>,1,0.0021231
55,swice,<code>swice</code>,1,0.0021231
55,swimma&eth;,<code>swimma&amp;d;</code>,1,0.0021231
55,swylce,<code>swylce</code>,1,0.0021231
55,teosu,<code>teosu</code>,1,0.0021231
55,tilra,<code>tilra</code>,1,0.0021231
55,tyhta&thorn;,<code>tyhta&amp;t;</code>,1,0.0021231
55,under,<code>under</code>,1,0.0021231
55,unlonde,<code>unlonde</code>,1,0.0021231
55,unr&aelig;d,<code>unr&amp;ae;d</code>,1,0.0021231
55,unw&aelig;rlice,<code>unw&amp;ae;rlice</code>,1,0.0021231
55,unware,<code>unware</code>,1,0.0021231
55,unwillum,<code>unwillum</code>,1,0.0021231
55,up,<code>up</code>,1,0.0021231
55,ut,<code>ut</code>,1,0.0021231
55,uton,<code>uton</code>,1,0.0021231
55,utsi&thorn;,<code>utsi&amp;t;</code>,1,0.0021231
55,w&aelig;des,<code>w&amp;ae;des</code>,1,0.0021231
55,w&aelig;g,<code>w&amp;ae;g</code>,1,0.0021231
55,w&aelig;gli&thorn;ende,<code>w&amp;ae;gli&amp;t;ende</code>,1,0.0021231
55,w&aelig;rlogan,<code>w&amp;ae;rlogan</code>,1,0.0021231
55,w&aelig;ter&thorn;isa,<code>w&amp;ae;ter&amp;t;isa</code>,1,0.0021231
55,weardia&eth;,<code>weardia&amp;d;</code>,1,0.0021231
55,wecca&eth;,<code>wecca&amp;d;</code>,1,0.0021231
55,wedres,<code>wedres</code>,1,0.0021231
55,weleras,<code>weleras</code>,1,0.0021231
55,wema&eth;,<code>wema&amp;d;</code>,1,0.0021231
55,wena&eth;,<code>wena&amp;d;</code>,1,0.0021231
55,wena&thorn;,<code>wena&amp;t;</code>,1,0.0021231
55,weor&eth;a&thorn;,<code>weor&amp;d;a&amp;t;</code>,1,0.0021231
55,weor&thorn;e&eth;,<code>weor&amp;t;e&amp;d;</code>,1,0.0021231
55,weorcum,<code>weorcum</code>,1,0.0021231
55,weorude,<code>weorude</code>,1,0.0021231
55,werigfer&eth;e,<code>werigfer&amp;d;e</code>,1,0.0021231
55,wi&eth;,<code>wi&amp;d;</code>,1,0.0021231
55,wi&eth;sace,<code>wi&amp;d;sace</code>,1,0.0021231
55,wida,<code>wida</code>,1,0.0021231
55,widan,<code>widan</code>,1,0.0021231
55,wide,<code>wide</code>,1,0.0021231
55,wille,<code>wille</code>,1,0.0021231
55,wise,<code>wise</code>,1,0.0021231
55,wliten,<code>wliten</code>,1,0.0021231
55,wlonc,<code>wlonc</code>,1,0.0021231
55,wloncum,<code>wloncum</code>,1,0.0021231
55,wo&eth;cr&aelig;fte,<code>wo&amp;d;cr&amp;ae;fte</code>,1,0.0021231
55,worie,<code>worie</code>,1,0.0021231
55,wr&aelig;tlicran,<code>wr&amp;ae;tlicran</code>,1,0.0021231
55,wra&thorn;e,<code>wra&amp;t;e</code>,1,0.0021231
55,wuldres,<code>wuldres</code>,1,0.0021231
55,wunia&thorn;,<code>wunia&amp;t;</code>,1,0.0021231
55,wylm,<code>wylm</code>,1,0.0021231
55,wynne,<code>wynne</code>,1,0.0021231
55,wynnum,<code>wynnum</code>,1,0.0021231
55,wynsum,<code>wynsum</code>,1,0.0021231
55,y&eth;mearas,<code>y&amp;d;mearas</code>,1,0.0021231
55,ymb,<code>ymb</code>,1,0.0021231
55,ymbe,<code>ymbe</code>,1,0.0021231
55,ymbseald,<code>ymbseald</code>,1,0.0021231
