A_Poetry,A03,A03.022.038_Rid_38_T00690.txt,34,31,37
RANK,HTML WORD,RAW WORD,COUNT,RELATIVE FREQUENCY
1,gif,<code>gif</code>,2,0.0540541
1,on,<code>on</code>,2,0.0540541
1,wiht,<code>wiht</code>,2,0.0540541
4,&thorn;a,<code>&amp;t;a</code>,1,0.0270270
4,&thorn;e,<code>&amp;t;e</code>,1,0.0270270
4,&thorn;eotan,<code>&amp;t;eotan</code>,1,0.0270270
4,binde&eth;,<code>binde&amp;d;</code>,1,0.0270270
4,brice&eth;,<code>brice&amp;d;</code>,1,0.0270270
4,cwice,<code>cwice</code>,1,0.0270270
4,duna,<code>duna</code>,1,0.0270270
4,feower,<code>feower</code>,1,0.0270270
4,fer&eth;fri&thorn;ende,<code>fer&amp;d;fri&amp;t;ende</code>,1,0.0270270
4,forlet,<code>forlet</code>,1,0.0270270
4,gafol,<code>gafol</code>,1,0.0270270
4,gedyge&eth;,<code>gedyge&amp;d;</code>,1,0.0270270
4,geogu&eth;myr&thorn;e,<code>geogu&amp;d;myr&amp;t;e</code>,1,0.0270270
4,ges&aelig;gde,<code>ges&amp;ae;gde</code>,1,0.0270270
4,gesceap,<code>gesceap</code>,1,0.0270270
4,geseah,<code>geseah</code>,1,0.0270270
4,gr&aelig;dig,<code>gr&amp;ae;dig</code>,1,0.0270270
4,he,<code>he</code>,1,0.0270270
4,him,<code>him</code>,1,0.0270270
4,hio,<code>hio</code>,1,0.0270270
4,ic,<code>ic</code>,1,0.0270270
4,ma&thorn;elade,<code>ma&amp;t;elade</code>,1,0.0270270
4,me,<code>me</code>,1,0.0270270
4,mon,<code>mon</code>,1,0.0270270
4,sceotan,<code>sceotan</code>,1,0.0270270
4,scire,<code>scire</code>,1,0.0270270
4,se,<code>se</code>,1,0.0270270
4,seo,<code>seo</code>,1,0.0270270
4,tobirste&eth;,<code>tobirste&amp;d;</code>,1,0.0270270
4,w&aelig;pnedcynnes,<code>w&amp;ae;pnedcynnes</code>,1,0.0270270
4,wellan,<code>wellan</code>,1,0.0270270
