A_Poetry,A03,A03.022.035_Rid_35_T00660.txt,71,65,87
RANK,HTML WORD,RAW WORD,COUNT,RELATIVE FREQUENCY
1,ne,<code>ne</code>,8,0.0919540
2,mec,<code>mec</code>,5,0.0574713
3,me,<code>me</code>,3,0.0344828
4,&thorn;urh,<code>&amp;t;urh</code>,2,0.0229885
4,gew&aelig;de,<code>gew&amp;ae;de</code>,2,0.0229885
4,ic,<code>ic</code>,2,0.0229885
7,&aelig;rist,<code>&amp;ae;rist</code>,1,0.0114943
7,&aelig;t,<code>&amp;ae;t</code>,1,0.0114943
7,&thorn;a,<code>&amp;t;a</code>,1,0.0114943
7,&thorn;e,<code>&amp;t;e</code>,1,0.0114943
7,&thorn;is,<code>&amp;t;is</code>,1,0.0114943
7,&thorn;r&aelig;d,<code>&amp;t;r&amp;ae;d</code>,1,0.0114943
7,&thorn;reata,<code>&amp;t;reata</code>,1,0.0114943
7,am,<code>am</code>,1,0.0114943
7,aw&aelig;fan,<code>aw&amp;ae;fan</code>,1,0.0114943
7,beo&eth;,<code>beo&amp;d;</code>,1,0.0114943
7,beworhtne,<code>beworhtne</code>,1,0.0114943
7,cende,<code>cende</code>,1,0.0114943
7,cnyssan,<code>cnyssan</code>,1,0.0114943
7,cr&aelig;ftum,<code>cr&amp;ae;ftum</code>,1,0.0114943
7,eor&thorn;an,<code>eor&amp;t;an</code>,1,0.0114943
7,flysum,<code>flysum</code>,1,0.0114943
7,for,<code>for</code>,1,0.0114943
7,fr&aelig;twa&eth;,<code>fr&amp;ae;twa&amp;d;</code>,1,0.0114943
7,freorig,<code>freorig</code>,1,0.0114943
7,ge&thorn;r&aelig;cu,<code>ge&amp;t;r&amp;ae;cu</code>,1,0.0114943
7,geatwum,<code>geatwum</code>,1,0.0114943
7,geolo,<code>geolo</code>,1,0.0114943
7,gleaw,<code>gleaw</code>,1,0.0114943
7,godwebb,<code>godwebb</code>,1,0.0114943
7,h&aelig;le&thorn;um,<code>h&amp;ae;le&amp;t;um</code>,1,0.0114943
7,h&aelig;rum,<code>h&amp;ae;rum</code>,1,0.0114943
7,hafu,<code>hafu</code>,1,0.0114943
7,hatan,<code>hatan</code>,1,0.0114943
7,heahcr&aelig;ft,<code>heahcr&amp;ae;ft</code>,1,0.0114943
7,his,<code>his</code>,1,0.0114943
7,hlimme&eth;,<code>hlimme&amp;d;</code>,1,0.0114943
7,hrisil,<code>hrisil</code>,1,0.0114943
7,hrutende,<code>hrutende</code>,1,0.0114943
7,hw&aelig;&thorn;re,<code>hw&amp;ae;&amp;t;re</code>,1,0.0114943
7,hw&aelig;t,<code>hw&amp;ae;t</code>,1,0.0114943
7,hyge&thorn;oncum,<code>hyge&amp;t;oncum</code>,1,0.0114943
7,hyhtlic,<code>hyhtlic</code>,1,0.0114943
7,inna&thorn;e,<code>inna&amp;t;e</code>,1,0.0114943
7,min,<code>min</code>,1,0.0114943
7,mon,<code>mon</code>,1,0.0114943
7,of,<code>of</code>,1,0.0114943
7,ofer,<code>ofer</code>,1,0.0114943
7,ohwonan,<code>ohwonan</code>,1,0.0114943
7,saga,<code>saga</code>,1,0.0114943
7,sceal,<code>sceal</code>,1,0.0114943
7,scri&thorn;e&eth;,<code>scri&amp;t;e&amp;d;</code>,1,0.0114943
7,se,<code>se</code>,1,0.0114943
7,se&thorn;eah,<code>se&amp;t;eah</code>,1,0.0114943
7,searo&thorn;oncum,<code>searo&amp;t;oncum</code>,1,0.0114943
7,so&eth;cwidum,<code>so&amp;d;cwidum</code>,1,0.0114943
7,sy,<code>sy</code>,1,0.0114943
7,w&aelig;ta,<code>w&amp;ae;ta</code>,1,0.0114943
7,wat,<code>wat</code>,1,0.0114943
7,wearp,<code>wearp</code>,1,0.0114943
7,wefle,<code>wefle</code>,1,0.0114943
7,wide,<code>wide</code>,1,0.0114943
7,wile,<code>wile</code>,1,0.0114943
7,wisf&aelig;st,<code>wisf&amp;ae;st</code>,1,0.0114943
7,wong,<code>wong</code>,1,0.0114943
7,wordum,<code>wordum</code>,1,0.0114943
7,wulle,<code>wulle</code>,1,0.0114943
7,wundene,<code>wundene</code>,1,0.0114943
7,wundrum,<code>wundrum</code>,1,0.0114943
7,wyrda,<code>wyrda</code>,1,0.0114943
7,wyrmas,<code>wyrmas</code>,1,0.0114943
