A_Poetry,A03,A03.034.011_Rid_71_T01130.txt,46,43,49
RANK,HTML WORD,RAW WORD,COUNT,RELATIVE FREQUENCY
1,eom,<code>eom</code>,2,0.0408163
1,ic,<code>ic</code>,2,0.0408163
1,ond,<code>ond</code>,2,0.0408163
4,&aelig;ht,<code>&amp;ae;ht</code>,1,0.0204082
4,&thorn;a,<code>&amp;t;a</code>,1,0.0204082
4,&thorn;e,<code>&amp;t;e</code>,1,0.0204082
4,&thorn;onne,<code>&amp;t;onne</code>,1,0.0204082
4,bete,<code>bete</code>,1,0.0204082
4,bew&aelig;fed,<code>bew&amp;ae;fed</code>,1,0.0204082
4,dryhtne,<code>dryhtne</code>,1,0.0204082
4,f&aelig;ste,<code>f&amp;ae;ste</code>,1,0.0204082
4,fe,<code>fe</code>,1,0.0204082
4,feole,<code>feole</code>,1,0.0204082
4,for,<code>for</code>,1,0.0204082
4,fyres,<code>fyres</code>,1,0.0204082
4,gehyrsted,<code>gehyrsted</code>,1,0.0204082
4,genearwad,<code>genearwad</code>,1,0.0204082
4,geweor&thorn;ad,<code>geweor&amp;t;ad</code>,1,0.0204082
4,go,<code>go</code>,1,0.0204082
4,gold,<code>gold</code>,1,0.0204082
4,gripe,<code>gripe</code>,1,0.0204082
4,hringum,<code>hringum</code>,1,0.0204082
4,hwilum,<code>hwilum</code>,1,0.0204082
4,i,<code>i</code>,1,0.0204082
4,iu,<code>iu</code>,1,0.0204082
4,laf,<code>laf</code>,1,0.0204082
4,me,<code>me</code>,1,0.0204082
4,min,<code>min</code>,1,0.0204082
4,minum,<code>minum</code>,1,0.0204082
4,nu,<code>nu</code>,1,0.0204082
4,reade,<code>reade</code>,1,0.0204082
4,rices,<code>rices</code>,1,0.0204082
4,sceal,<code>sceal</code>,1,0.0204082
4,se,<code>se</code>,1,0.0204082
4,sta&thorn;ol,<code>sta&amp;t;ol</code>,1,0.0204082
4,steapwong,<code>steapwong</code>,1,0.0204082
4,sti&eth;,<code>sti&amp;d;</code>,1,0.0204082
4,w&aelig;s,<code>w&amp;ae;s</code>,1,0.0204082
4,wepe&eth;,<code>wepe&amp;d;</code>,1,0.0204082
4,wige&eth;,<code>wige&amp;d;</code>,1,0.0204082
4,wire,<code>wire</code>,1,0.0204082
4,wlite,<code>wlite</code>,1,0.0204082
4,wlitetorhtra,<code>wlitetorhtra</code>,1,0.0204082
4,wra&thorn;ra,<code>wra&amp;t;ra</code>,1,0.0204082
4,wyrta,<code>wyrta</code>,1,0.0204082
4,y&thorn;an,<code>y&amp;t;an</code>,1,0.0204082
