A_Poetry,A03,A03.022.024_Rid_24_T00550.txt,50,45,65
RANK,HTML WORD,RAW WORD,COUNT,RELATIVE FREQUENCY
1,hwilum,<code>hwilum</code>,7,0.1076923
2,swa,<code>swa</code>,5,0.0769231
3,ic,<code>ic</code>,4,0.0615385
4,eom,<code>eom</code>,2,0.0307692
4,ond,<code>ond</code>,2,0.0307692
6,&aelig;,<code>&amp;ae;</code>,1,0.0153846
6,&thorn;&aelig;r,<code>&amp;t;&amp;ae;r</code>,1,0.0153846
6,&thorn;a,<code>&amp;t;a</code>,1,0.0153846
6,&thorn;one,<code>&amp;t;one</code>,1,0.0153846
6,becna&thorn;,<code>becna&amp;t;</code>,1,0.0153846
6,beorce,<code>beorce</code>,1,0.0153846
6,bl&aelig;te,<code>bl&amp;ae;te</code>,1,0.0153846
6,earn,<code>earn</code>,1,0.0153846
6,fulleste&eth;,<code>fulleste&amp;d;</code>,1,0.0153846
6,g,<code>g</code>,1,0.0153846
6,gat,<code>gat</code>,1,0.0153846
6,gem&aelig;ne,<code>gem&amp;ae;ne</code>,1,0.0153846
6,gielle,<code>gielle</code>,1,0.0153846
6,glado,<code>glado</code>,1,0.0153846
6,glidan,<code>glidan</code>,1,0.0153846
6,gos,<code>gos</code>,1,0.0153846
6,gr&aelig;de,<code>gr&amp;ae;de</code>,1,0.0153846
6,gu&eth;fugles,<code>gu&amp;d;fugles</code>,1,0.0153846
6,h,<code>h</code>,1,0.0153846
6,hafoc,<code>hafoc</code>,1,0.0153846
6,haswan,<code>haswan</code>,1,0.0153846
6,haten,<code>haten</code>,1,0.0153846
6,hleo&thorn;or,<code>hleo&amp;t;or</code>,1,0.0153846
6,hund,<code>hund</code>,1,0.0153846
6,i,<code>i</code>,1,0.0153846
6,m&aelig;wes,<code>m&amp;ae;wes</code>,1,0.0153846
6,mec,<code>mec</code>,1,0.0153846
6,mine,<code>mine</code>,1,0.0153846
6,mu&thorn;e,<code>mu&amp;t;e</code>,1,0.0153846
6,nemna&eth;,<code>nemna&amp;d;</code>,1,0.0153846
6,nu,<code>nu</code>,1,0.0153846
6,o,<code>o</code>,1,0.0153846
6,onhyrge,<code>onhyrge</code>,1,0.0153846
6,r,<code>r</code>,1,0.0153846
6,reorde,<code>reorde</code>,1,0.0153846
6,siex,<code>siex</code>,1,0.0153846
6,sitte,<code>sitte</code>,1,0.0153846
6,song,<code>song</code>,1,0.0153846
6,stafas,<code>stafas</code>,1,0.0153846
6,stefne,<code>stefne</code>,1,0.0153846
6,sweotule,<code>sweotule</code>,1,0.0153846
6,swylce,<code>swylce</code>,1,0.0153846
6,wiht,<code>wiht</code>,1,0.0153846
6,wr&aelig;sne,<code>wr&amp;ae;sne</code>,1,0.0153846
6,wunderlicu,<code>wunderlicu</code>,1,0.0153846
