A_Poetry,A03,A03.025_Res_T00930.txt,416,315,765
RANK,HTML WORD,RAW WORD,COUNT,RELATIVE FREQUENCY
1,ic,<code>ic</code>,35,0.0457516
2,ond,<code>ond</code>,27,0.0352941
3,me,<code>me</code>,22,0.0287582
4,on,<code>on</code>,20,0.0261438
5,&thorn;e,<code>&amp;t;e</code>,14,0.0183007
5,&thorn;onne,<code>&amp;t;onne</code>,14,0.0183007
7,&thorn;&aelig;t,<code>&amp;t;&amp;ae;t</code>,12,0.0156863
8,min,<code>min</code>,11,0.0143791
8,to,<code>to</code>,11,0.0143791
10,ne,<code>ne</code>,10,0.0130719
11,&thorn;u,<code>&amp;t;u</code>,9,0.0117647
12,him,<code>him</code>,8,0.0104575
12,mec,<code>mec</code>,8,0.0104575
14,god,<code>god</code>,7,0.0091503
14,nu,<code>nu</code>,7,0.0091503
16,&thorn;eah,<code>&amp;t;eah</code>,6,0.0078431
16,dryhten,<code>dryhten</code>,6,0.0078431
16,fela,<code>fela</code>,6,0.0078431
19,eom,<code>eom</code>,5,0.0065359
19,for,<code>for</code>,5,0.0065359
19,m&aelig;g,<code>m&amp;ae;g</code>,5,0.0065359
22,cyning,<code>cyning</code>,4,0.0052288
22,for&thorn;on,<code>for&amp;t;on</code>,4,0.0052288
22,hy,<code>hy</code>,4,0.0052288
22,in,<code>in</code>,4,0.0052288
22,is,<code>is</code>,4,0.0052288
22,minum,<code>minum</code>,4,0.0052288
22,moncynnes,<code>moncynnes</code>,4,0.0052288
22,sawle,<code>sawle</code>,4,0.0052288
22,sylf,<code>sylf</code>,4,0.0052288
31,&aelig;fter,<code>&amp;ae;fter</code>,3,0.0039216
31,&aelig;t,<code>&amp;ae;t</code>,3,0.0039216
31,&thorn;&aelig;r,<code>&amp;t;&amp;ae;r</code>,3,0.0039216
31,&thorn;&aelig;s,<code>&amp;t;&amp;ae;s</code>,3,0.0039216
31,&thorn;a,<code>&amp;t;a</code>,3,0.0039216
31,&thorn;am,<code>&amp;t;am</code>,3,0.0039216
31,&thorn;ara,<code>&amp;t;ara</code>,3,0.0039216
31,&thorn;inga,<code>&amp;t;inga</code>,3,0.0039216
31,&thorn;isse,<code>&amp;t;isse</code>,3,0.0039216
31,a,<code>a</code>,3,0.0039216
31,eal,<code>eal</code>,3,0.0039216
31,ealles,<code>ealles</code>,3,0.0039216
31,ece,<code>ece</code>,3,0.0039216
31,eor&thorn;an,<code>eor&amp;t;an</code>,3,0.0039216
31,fore,<code>fore</code>,3,0.0039216
31,gode,<code>gode</code>,3,0.0039216
31,h&aelig;bbe,<code>h&amp;ae;bbe</code>,3,0.0039216
31,hyrde,<code>hyrde</code>,3,0.0039216
31,l&aelig;t,<code>l&amp;ae;t</code>,3,0.0039216
31,mode,<code>mode</code>,3,0.0039216
31,r&aelig;d,<code>r&amp;ae;d</code>,3,0.0039216
31,se&thorn;eah,<code>se&amp;t;eah</code>,3,0.0039216
31,swa,<code>swa</code>,3,0.0039216
31,w&aelig;ron,<code>w&amp;ae;ron</code>,3,0.0039216
55,&thorn;inne,<code>&amp;t;inne</code>,2,0.0026144
55,&thorn;inre,<code>&amp;t;inre</code>,2,0.0026144
55,&thorn;onc,<code>&amp;t;onc</code>,2,0.0026144
55,&thorn;y,<code>&amp;t;y</code>,2,0.0026144
55,abolgen,<code>abolgen</code>,2,0.0026144
55,arna,<code>arna</code>,2,0.0026144
55,bealod&aelig;de,<code>bealod&amp;ae;de</code>,2,0.0026144
55,bittre,<code>bittre</code>,2,0.0026144
55,e&thorn;le,<code>e&amp;t;le</code>,2,0.0026144
55,englas,<code>englas</code>,2,0.0026144
55,f&aelig;der,<code>f&amp;ae;der</code>,2,0.0026144
55,feorma,<code>feorma</code>,2,0.0026144
55,fer&thorn;e,<code>fer&amp;t;e</code>,2,0.0026144
55,forgif,<code>forgif</code>,2,0.0026144
55,frea,<code>frea</code>,2,0.0026144
55,fus,<code>fus</code>,2,0.0026144
55,gehwylce,<code>gehwylce</code>,2,0.0026144
55,geoca,<code>geoca</code>,2,0.0026144
55,he,<code>he</code>,2,0.0026144
55,his,<code>his</code>,2,0.0026144
55,huru,<code>huru</code>,2,0.0026144
55,hw&aelig;&thorn;re,<code>hw&amp;ae;&amp;t;re</code>,2,0.0026144
55,l&aelig;dan,<code>l&amp;ae;dan</code>,2,0.0026144
55,lif,<code>lif</code>,2,0.0026144
55,ma,<code>ma</code>,2,0.0026144
55,meotod,<code>meotod</code>,2,0.0026144
55,meotud,<code>meotud</code>,2,0.0026144
55,miltse,<code>miltse</code>,2,0.0026144
55,mine,<code>mine</code>,2,0.0026144
55,mines,<code>mines</code>,2,0.0026144
55,minne,<code>minne</code>,2,0.0026144
55,minre,<code>minre</code>,2,0.0026144
55,mot,<code>mot</code>,2,0.0026144
55,o&thorn;rum,<code>o&amp;t;rum</code>,2,0.0026144
55,of,<code>of</code>,2,0.0026144
55,sceal,<code>sceal</code>,2,0.0026144
55,se,<code>se</code>,2,0.0026144
55,sefa,<code>sefa</code>,2,0.0026144
55,selast,<code>selast</code>,2,0.0026144
55,spr&aelig;ce,<code>spr&amp;ae;ce</code>,2,0.0026144
55,sylfum,<code>sylfum</code>,2,0.0026144
55,willan,<code>willan</code>,2,0.0026144
55,word,<code>word</code>,2,0.0026144
55,worulde,<code>worulde</code>,2,0.0026144
55,wylle,<code>wylle</code>,2,0.0026144
55,ymb,<code>ymb</code>,2,0.0026144
55,yrm&thorn;u,<code>yrm&amp;t;u</code>,2,0.0026144
102,&aelig;festum,<code>&amp;ae;festum</code>,1,0.0013072
102,&aelig;lce,<code>&amp;ae;lce</code>,1,0.0013072
102,&aelig;lmihta,<code>&amp;ae;lmihta</code>,1,0.0013072
102,&aelig;nge,<code>&amp;ae;nge</code>,1,0.0013072
102,&aelig;nige,<code>&amp;ae;nige</code>,1,0.0013072
102,&aelig;nigne,<code>&amp;ae;nigne</code>,1,0.0013072
102,&aelig;r,<code>&amp;ae;r</code>,1,0.0013072
102,&eth;&aelig;s,<code>&amp;d;&amp;ae;s</code>,1,0.0013072
102,&eth;e,<code>&amp;d;e</code>,1,0.0013072
102,&thorn;as,<code>&amp;t;as</code>,1,0.0013072
102,&thorn;earfe,<code>&amp;t;earfe</code>,1,0.0013072
102,&thorn;ec,<code>&amp;t;ec</code>,1,0.0013072
102,&thorn;ence,<code>&amp;t;ence</code>,1,0.0013072
102,&thorn;in,<code>&amp;t;in</code>,1,0.0013072
102,&thorn;ine,<code>&amp;t;ine</code>,1,0.0013072
102,&thorn;is,<code>&amp;t;is</code>,1,0.0013072
102,&thorn;ola&eth;,<code>&amp;t;ola&amp;d;</code>,1,0.0013072
102,&thorn;olade,<code>&amp;t;olade</code>,1,0.0013072
102,&thorn;olian,<code>&amp;t;olian</code>,1,0.0013072
102,&thorn;olige,<code>&amp;t;olige</code>,1,0.0013072
102,&thorn;one,<code>&amp;t;one</code>,1,0.0013072
102,&thorn;rowian,<code>&amp;t;rowian</code>,1,0.0013072
102,&thorn;uhten,<code>&amp;t;uhten</code>,1,0.0013072
102,&thorn;us,<code>&amp;t;us</code>,1,0.0013072
102,adreogan,<code>adreogan</code>,1,0.0013072
102,adreoge,<code>adreoge</code>,1,0.0013072
102,afysed,<code>afysed</code>,1,0.0013072
102,age,<code>age</code>,1,0.0013072
102,alifde,<code>alifde</code>,1,0.0013072
102,alyfe,<code>alyfe</code>,1,0.0013072
102,anhoga,<code>anhoga</code>,1,0.0013072
102,ar&aelig;re,<code>ar&amp;ae;re</code>,1,0.0013072
102,arf&aelig;st,<code>arf&amp;ae;st</code>,1,0.0013072
102,asettan,<code>asettan</code>,1,0.0013072
102,bat,<code>bat</code>,1,0.0013072
102,bebeode,<code>bebeode</code>,1,0.0013072
102,bette,<code>bette</code>,1,0.0013072
102,bi,<code>bi</code>,1,0.0013072
102,bi&eth;,<code>bi&amp;d;</code>,1,0.0013072
102,bi&thorn;,<code>bi&amp;t;</code>,1,0.0013072
102,bibodu,<code>bibodu</code>,1,0.0013072
102,bidan,<code>bidan</code>,1,0.0013072
102,bitre,<code>bitre</code>,1,0.0013072
102,bli&thorn;e,<code>bli&amp;t;e</code>,1,0.0013072
102,bot,<code>bot</code>,1,0.0013072
102,bote,<code>bote</code>,1,0.0013072
102,brego,<code>brego</code>,1,0.0013072
102,butan,<code>butan</code>,1,0.0013072
102,cearu,<code>cearu</code>,1,0.0013072
102,conn,<code>conn</code>,1,0.0013072
102,const,<code>const</code>,1,0.0013072
102,crist,<code>crist</code>,1,0.0013072
102,cume,<code>cume</code>,1,0.0013072
102,cunnunge,<code>cunnunge</code>,1,0.0013072
102,cy&eth;&thorn;u,<code>cy&amp;d;&amp;t;u</code>,1,0.0013072
102,cyme,<code>cyme</code>,1,0.0013072
102,cyninga,<code>cyninga</code>,1,0.0013072
102,dagum,<code>dagum</code>,1,0.0013072
102,dema,<code>dema</code>,1,0.0013072
102,deofol,<code>deofol</code>,1,0.0013072
102,deopne,<code>deopne</code>,1,0.0013072
102,dogrum,<code>dogrum</code>,1,0.0013072
102,dreames,<code>dreames</code>,1,0.0013072
102,drohtian,<code>drohtian</code>,1,0.0013072
102,dryhtne,<code>dryhtne</code>,1,0.0013072
102,dyde,<code>dyde</code>,1,0.0013072
102,eaden,<code>eaden</code>,1,0.0013072
102,eala,<code>eala</code>,1,0.0013072
102,eall,<code>eall</code>,1,0.0013072
102,earfo&thorn;um,<code>earfo&amp;t;um</code>,1,0.0013072
102,earm,<code>earm</code>,1,0.0013072
102,earninga,<code>earninga</code>,1,0.0013072
102,earnode,<code>earnode</code>,1,0.0013072
102,ecan,<code>ecan</code>,1,0.0013072
102,ellen,<code>ellen</code>,1,0.0013072
102,eorl,<code>eorl</code>,1,0.0013072
102,f&aelig;ste,<code>f&amp;ae;ste</code>,1,0.0013072
102,f&aelig;stlice,<code>f&amp;ae;stlice</code>,1,0.0013072
102,faca,<code>faca</code>,1,0.0013072
102,fah,<code>fah</code>,1,0.0013072
102,faro&eth;e,<code>faro&amp;d;e</code>,1,0.0013072
102,feam,<code>feam</code>,1,0.0013072
102,feasceaft,<code>feasceaft</code>,1,0.0013072
102,fer&eth;weg,<code>fer&amp;d;weg</code>,1,0.0013072
102,fierst,<code>fierst</code>,1,0.0013072
102,firend&aelig;da,<code>firend&amp;ae;da</code>,1,0.0013072
102,fleot,<code>fleot</code>,1,0.0013072
102,folce,<code>folce</code>,1,0.0013072
102,foldan,<code>foldan</code>,1,0.0013072
102,fore&thorn;onc,<code>fore&amp;t;onc</code>,1,0.0013072
102,fore&thorn;oncas,<code>fore&amp;t;oncas</code>,1,0.0013072
102,forgeafe,<code>forgeafe</code>,1,0.0013072
102,forht,<code>forht</code>,1,0.0013072
102,forhte,<code>forhte</code>,1,0.0013072
102,forl&aelig;t,<code>forl&amp;ae;t</code>,1,0.0013072
102,forstond,<code>forstond</code>,1,0.0013072
102,fr&aelig;twian,<code>fr&amp;ae;twian</code>,1,0.0013072
102,frean,<code>frean</code>,1,0.0013072
102,frem&thorn;um,<code>frem&amp;t;um</code>,1,0.0013072
102,fremede,<code>fremede</code>,1,0.0013072
102,freode,<code>freode</code>,1,0.0013072
102,freondes,<code>freondes</code>,1,0.0013072
102,frofre,<code>frofre</code>,1,0.0013072
102,frym&eth;e,<code>frym&amp;d;e</code>,1,0.0013072
102,ful,<code>ful</code>,1,0.0013072
102,fullesta&eth;,<code>fullesta&amp;d;</code>,1,0.0013072
102,fundian,<code>fundian</code>,1,0.0013072
102,fundige,<code>fundige</code>,1,0.0013072
102,fyrhto,<code>fyrhto</code>,1,0.0013072
102,fyrste,<code>fyrste</code>,1,0.0013072
102,g&aelig;st,<code>g&amp;ae;st</code>,1,0.0013072
102,g&aelig;sta,<code>g&amp;ae;sta</code>,1,0.0013072
102,g&aelig;ste,<code>g&amp;ae;ste</code>,1,0.0013072
102,g&aelig;stes,<code>g&amp;ae;stes</code>,1,0.0013072
102,ge&thorn;eo,<code>ge&amp;t;eo</code>,1,0.0013072
102,ge&thorn;ohtas,<code>ge&amp;t;ohtas</code>,1,0.0013072
102,ge&thorn;yld,<code>ge&amp;t;yld</code>,1,0.0013072
102,geara,<code>geara</code>,1,0.0013072
102,gearone,<code>gearone</code>,1,0.0013072
102,gearwian,<code>gearwian</code>,1,0.0013072
102,gebunden,<code>gebunden</code>,1,0.0013072
102,gebycge,<code>gebycge</code>,1,0.0013072
102,gecwe,<code>gecwe</code>,1,0.0013072
102,gefeon,<code>gefeon</code>,1,0.0013072
102,gefeorma,<code>gefeorma</code>,1,0.0013072
102,gefreo&thorn;a,<code>gefreo&amp;t;a</code>,1,0.0013072
102,gefylste,<code>gefylste</code>,1,0.0013072
102,gehogode,<code>gehogode</code>,1,0.0013072
102,gehwylces,<code>gehwylces</code>,1,0.0013072
102,geleafan,<code>geleafan</code>,1,0.0013072
102,geleoran,<code>geleoran</code>,1,0.0013072
102,gelomp,<code>gelomp</code>,1,0.0013072
102,gelong,<code>gelong</code>,1,0.0013072
102,gelufian,<code>gelufian</code>,1,0.0013072
102,gelugon,<code>gelugon</code>,1,0.0013072
102,gemearcenne,<code>gemearcenne</code>,1,0.0013072
102,gemon,<code>gemon</code>,1,0.0013072
102,gemynd,<code>gemynd</code>,1,0.0013072
102,geniman,<code>geniman</code>,1,0.0013072
102,geogu&thorn;e,<code>geogu&amp;t;e</code>,1,0.0013072
102,geomor,<code>geomor</code>,1,0.0013072
102,gesceope,<code>gesceope</code>,1,0.0013072
102,gesece,<code>gesece</code>,1,0.0013072
102,geseo,<code>geseo</code>,1,0.0013072
102,gesette,<code>gesette</code>,1,0.0013072
102,gesta&eth;elad,<code>gesta&amp;d;elad</code>,1,0.0013072
102,gestyr,<code>gestyr</code>,1,0.0013072
102,getacna,<code>getacna</code>,1,0.0013072
102,getilge,<code>getilge</code>,1,0.0013072
102,gewitnad,<code>gewitnad</code>,1,0.0013072
102,gewyrhto,<code>gewyrhto</code>,1,0.0013072
102,giet,<code>giet</code>,1,0.0013072
102,gif,<code>gif</code>,1,0.0013072
102,gleaw,<code>gleaw</code>,1,0.0013072
102,gleawlice,<code>gleawlice</code>,1,0.0013072
102,gnorna&eth;,<code>gnorna&amp;d;</code>,1,0.0013072
102,goldes,<code>goldes</code>,1,0.0013072
102,grimra,<code>grimra</code>,1,0.0013072
102,gromra,<code>gromra</code>,1,0.0013072
102,gylta,<code>gylta</code>,1,0.0013072
102,h&aelig;dre,<code>h&amp;ae;dre</code>,1,0.0013072
102,h&aelig;fde,<code>h&amp;ae;fde</code>,1,0.0013072
102,h&aelig;l,<code>h&amp;ae;l</code>,1,0.0013072
102,h&aelig;le,<code>h&amp;ae;le</code>,1,0.0013072
102,habban,<code>habban</code>,1,0.0013072
102,halga,<code>halga</code>,1,0.0013072
102,halgan,<code>halgan</code>,1,0.0013072
102,halges,<code>halges</code>,1,0.0013072
102,helpe,<code>helpe</code>,1,0.0013072
102,heofon,<code>heofon</code>,1,0.0013072
102,heofoncyninges,<code>heofoncyninges</code>,1,0.0013072
102,heofonm&aelig;gnes,<code>heofonm&amp;ae;gnes</code>,1,0.0013072
102,her,<code>her</code>,1,0.0013072
102,hi,<code>hi</code>,1,0.0013072
102,hige,<code>hige</code>,1,0.0013072
102,hio,<code>hio</code>,1,0.0013072
102,hlyhhan,<code>hlyhhan</code>,1,0.0013072
102,hw&aelig;t,<code>hw&amp;ae;t</code>,1,0.0013072
102,hwy,<code>hwy</code>,1,0.0013072
102,hyht,<code>hyht</code>,1,0.0013072
102,hyhtan,<code>hyhtan</code>,1,0.0013072
102,hyldo,<code>hyldo</code>,1,0.0013072
102,hyre,<code>hyre</code>,1,0.0013072
102,l&aelig;s,<code>l&amp;ae;s</code>,1,0.0013072
102,l&aelig;tlicor,<code>l&amp;ae;tlicor</code>,1,0.0013072
102,la&eth;ne,<code>la&amp;d;ne</code>,1,0.0013072
102,lagu,<code>lagu</code>,1,0.0013072
102,leane,<code>leane</code>,1,0.0013072
102,leas,<code>leas</code>,1,0.0013072
102,leng,<code>leng</code>,1,0.0013072
102,leo&thorn;o,<code>leo&amp;t;o</code>,1,0.0013072
102,leodwynna,<code>leodwynna</code>,1,0.0013072
102,leofra,<code>leofra</code>,1,0.0013072
102,leohte,<code>leohte</code>,1,0.0013072
102,leohtes,<code>leohtes</code>,1,0.0013072
102,leorendum,<code>leorendum</code>,1,0.0013072
102,lic,<code>lic</code>,1,0.0013072
102,life,<code>life</code>,1,0.0013072
102,lifgende,<code>lifgende</code>,1,0.0013072
102,lim,<code>lim</code>,1,0.0013072
102,lisse,<code>lisse</code>,1,0.0013072
102,longe,<code>longe</code>,1,0.0013072
102,longunge,<code>longunge</code>,1,0.0013072
102,lufena,<code>lufena</code>,1,0.0013072
102,lyfde,<code>lyfde</code>,1,0.0013072
102,lyt,<code>lyt</code>,1,0.0013072
102,m&aelig;le,<code>m&amp;ae;le</code>,1,0.0013072
102,m&aelig;re,<code>m&amp;ae;re</code>,1,0.0013072
102,mana,<code>mana</code>,1,0.0013072
102,manigfeald,<code>manigfeald</code>,1,0.0013072
102,manigfealdan,<code>manigfealdan</code>,1,0.0013072
102,martirdom,<code>martirdom</code>,1,0.0013072
102,meahtig,<code>meahtig</code>,1,0.0013072
102,meahtum,<code>meahtum</code>,1,0.0013072
102,men,<code>men</code>,1,0.0013072
102,meorda,<code>meorda</code>,1,0.0013072
102,meotudes,<code>meotudes</code>,1,0.0013072
102,micel,<code>micel</code>,1,0.0013072
102,micle,<code>micle</code>,1,0.0013072
102,mid,<code>mid</code>,1,0.0013072
102,mihtig,<code>mihtig</code>,1,0.0013072
102,miltsa,<code>miltsa</code>,1,0.0013072
102,mod,<code>mod</code>,1,0.0013072
102,modearfo&thorn;a,<code>modearfo&amp;t;a</code>,1,0.0013072
102,mon,<code>mon</code>,1,0.0013072
102,monnum,<code>monnum</code>,1,0.0013072
102,morgenseoc,<code>morgenseoc</code>,1,0.0013072
102,motan,<code>motan</code>,1,0.0013072
102,mundbora,<code>mundbora</code>,1,0.0013072
102,n&aelig;fre,<code>n&amp;ae;fre</code>,1,0.0013072
102,nah,<code>nah</code>,1,0.0013072
102,nat,<code>nat</code>,1,0.0013072
102,neawest,<code>neawest</code>,1,0.0013072
102,nergende,<code>nergende</code>,1,0.0013072
102,no,<code>no</code>,1,0.0013072
102,ofer,<code>ofer</code>,1,0.0013072
102,oferhydige,<code>oferhydige</code>,1,0.0013072
102,ondgiet,<code>ondgiet</code>,1,0.0013072
102,ongegn,<code>ongegn</code>,1,0.0013072
102,ongietan,<code>ongietan</code>,1,0.0013072
102,onstep,<code>onstep</code>,1,0.0013072
102,onwendan,<code>onwendan</code>,1,0.0013072
102,regn&thorn;eof,<code>regn&amp;t;eof</code>,1,0.0013072
102,ricum,<code>ricum</code>,1,0.0013072
102,s&aelig;we,<code>s&amp;ae;we</code>,1,0.0013072
102,sarcwide,<code>sarcwide</code>,1,0.0013072
102,sarspel,<code>sarspel</code>,1,0.0013072
102,sce&thorn;&thorn;an,<code>sce&amp;t;&amp;t;an</code>,1,0.0013072
102,sceade,<code>sceade</code>,1,0.0013072
102,scul,<code>scul</code>,1,0.0013072
102,scyppendum,<code>scyppendum</code>,1,0.0013072
102,sealde,<code>sealde</code>,1,0.0013072
102,sealdest,<code>sealdest</code>,1,0.0013072
102,secga,<code>secga</code>,1,0.0013072
102,secge,<code>secge</code>,1,0.0013072
102,sellan,<code>sellan</code>,1,0.0013072
102,sendan,<code>sendan</code>,1,0.0013072
102,seo,<code>seo</code>,1,0.0013072
102,seoc,<code>seoc</code>,1,0.0013072
102,si&eth;,<code>si&amp;d;</code>,1,0.0013072
102,si&eth;fate,<code>si&amp;d;fate</code>,1,0.0013072
102,si&thorn;,<code>si&amp;t;</code>,1,0.0013072
102,si&thorn;&thorn;an,<code>si&amp;t;&amp;t;an</code>,1,0.0013072
102,si&thorn;e,<code>si&amp;t;e</code>,1,0.0013072
102,si&thorn;um,<code>si&amp;t;um</code>,1,0.0013072
102,sie,<code>sie</code>,1,0.0013072
102,sindon,<code>sindon</code>,1,0.0013072
102,so&eth;f&aelig;st,<code>so&amp;d;f&amp;ae;st</code>,1,0.0013072
102,so&thorn;f&aelig;st,<code>so&amp;t;f&amp;ae;st</code>,1,0.0013072
102,stonde,<code>stonde</code>,1,0.0013072
102,storm,<code>storm</code>,1,0.0013072
102,sume,<code>sume</code>,1,0.0013072
102,swi&thorn;,<code>swi&amp;t;</code>,1,0.0013072
102,sy,<code>sy</code>,1,0.0013072
102,sylfes,<code>sylfes</code>,1,0.0013072
102,symle,<code>symle</code>,1,0.0013072
102,synna,<code>synna</code>,1,0.0013072
102,synnum,<code>synnum</code>,1,0.0013072
102,t&aelig;le,<code>t&amp;ae;le</code>,1,0.0013072
102,tanum,<code>tanum</code>,1,0.0013072
102,tungla,<code>tungla</code>,1,0.0013072
102,tylgust,<code>tylgust</code>,1,0.0013072
102,unfyr,<code>unfyr</code>,1,0.0013072
102,unian,<code>unian</code>,1,0.0013072
102,unne,<code>unne</code>,1,0.0013072
102,w&aelig;re,<code>w&amp;ae;re</code>,1,0.0013072
102,w&aelig;s,<code>w&amp;ae;s</code>,1,0.0013072
102,waccor,<code>waccor</code>,1,0.0013072
102,waldend,<code>waldend</code>,1,0.0013072
102,wat,<code>wat</code>,1,0.0013072
102,wear&eth;,<code>wear&amp;d;</code>,1,0.0013072
102,weaxan,<code>weaxan</code>,1,0.0013072
102,wel,<code>wel</code>,1,0.0013072
102,weorc,<code>weorc</code>,1,0.0013072
102,weorude,<code>weorude</code>,1,0.0013072
102,werge,<code>werge</code>,1,0.0013072
102,wihta,<code>wihta</code>,1,0.0013072
102,wineleas,<code>wineleas</code>,1,0.0013072
102,wis,<code>wis</code>,1,0.0013072
102,wite&eth;,<code>wite&amp;d;</code>,1,0.0013072
102,witig,<code>witig</code>,1,0.0013072
102,won&aelig;htum,<code>won&amp;ae;htum</code>,1,0.0013072
102,wr&aelig;cca,<code>wr&amp;ae;cca</code>,1,0.0013072
102,wr&aelig;ce,<code>wr&amp;ae;ce</code>,1,0.0013072
102,wra&eth;,<code>wra&amp;d;</code>,1,0.0013072
102,wudu,<code>wudu</code>,1,0.0013072
102,wuldor,<code>wuldor</code>,1,0.0013072
102,wuldorcyninge,<code>wuldorcyninge</code>,1,0.0013072
102,wuldordream,<code>wuldordream</code>,1,0.0013072
102,wundor,<code>wundor</code>,1,0.0013072
102,wundorcyning,<code>wundorcyning</code>,1,0.0013072
102,wyrd,<code>wyrd</code>,1,0.0013072
102,wyrda,<code>wyrda</code>,1,0.0013072
102,wyrde,<code>wyrde</code>,1,0.0013072
102,yca&eth;,<code>yca&amp;d;</code>,1,0.0013072
