A_Poetry,A03,A03.022.008_Rid_8_T00390.txt,49,47,52
RANK,HTML WORD,RAW WORD,COUNT,RELATIVE FREQUENCY
1,ic,<code>ic</code>,3,0.0576923
2,hlude,<code>hlude</code>,2,0.0384615
3,&aelig;fensceop,<code>&amp;ae;fensceop</code>,1,0.0192308
3,&thorn;e,<code>&amp;t;e</code>,1,0.0192308
3,&thorn;onne,<code>&amp;t;onne</code>,1,0.0192308
3,&thorn;urh,<code>&amp;t;urh</code>,1,0.0192308
3,blisse,<code>blisse</code>,1,0.0192308
3,bodige,<code>bodige</code>,1,0.0192308
3,bringe,<code>bringe</code>,1,0.0192308
3,bugendre,<code>bugendre</code>,1,0.0192308
3,burgum,<code>burgum</code>,1,0.0192308
3,cirme,<code>cirme</code>,1,0.0192308
3,eald,<code>eald</code>,1,0.0192308
3,eorlum,<code>eorlum</code>,1,0.0192308
3,fela,<code>fela</code>,1,0.0192308
3,geneahhe,<code>geneahhe</code>,1,0.0192308
3,h&aelig;le&thorn;um,<code>h&amp;ae;le&amp;t;um</code>,1,0.0192308
3,hatte,<code>hatte</code>,1,0.0192308
3,heafodwo&thorn;e,<code>heafodwo&amp;t;e</code>,1,0.0192308
3,healde,<code>healde</code>,1,0.0192308
3,hleo&thorn;re,<code>hleo&amp;t;re</code>,1,0.0192308
3,hw&aelig;t,<code>hw&amp;ae;t</code>,1,0.0192308
3,in,<code>in</code>,1,0.0192308
3,mi&thorn;e,<code>mi&amp;t;e</code>,1,0.0192308
3,mine,<code>mine</code>,1,0.0192308
3,minre,<code>minre</code>,1,0.0192308
3,mongum,<code>mongum</code>,1,0.0192308
3,mu&thorn;,<code>mu&amp;t;</code>,1,0.0192308
3,ne,<code>ne</code>,1,0.0192308
3,nigende,<code>nigende</code>,1,0.0192308
3,on,<code>on</code>,1,0.0192308
3,onhyrge,<code>onhyrge</code>,1,0.0192308
3,reordum,<code>reordum</code>,1,0.0192308
3,saga,<code>saga</code>,1,0.0192308
3,sceawendwisan,<code>sceawendwisan</code>,1,0.0192308
3,scirenige,<code>scirenige</code>,1,0.0192308
3,singe,<code>singe</code>,1,0.0192308
3,sitta&eth;,<code>sitta&amp;d;</code>,1,0.0192308
3,sprece,<code>sprece</code>,1,0.0192308
3,stefne,<code>stefne</code>,1,0.0192308
3,stille,<code>stille</code>,1,0.0192308
3,styrme,<code>styrme</code>,1,0.0192308
3,swa,<code>swa</code>,1,0.0192308
3,wicum,<code>wicum</code>,1,0.0192308
3,wilcumena,<code>wilcumena</code>,1,0.0192308
3,wisan,<code>wisan</code>,1,0.0192308
3,wo&thorn;e,<code>wo&amp;t;e</code>,1,0.0192308
3,wrencum,<code>wrencum</code>,1,0.0192308
3,wrixle,<code>wrixle</code>,1,0.0192308
