A_Poetry,A03,A03.012_Fort_T00220.txt,372,322,545
RANK,HTML WORD,RAW WORD,COUNT,RELATIVE FREQUENCY
1,on,<code>on</code>,24,0.0440367
2,ond,<code>ond</code>,21,0.0385321
3,sceal,<code>sceal</code>,15,0.0275229
4,he,<code>he</code>,10,0.0183486
4,sum,<code>sum</code>,10,0.0183486
6,his,<code>his</code>,9,0.0165138
6,sumum,<code>sumum</code>,9,0.0165138
8,him,<code>him</code>,7,0.0128440
9,mid,<code>mid</code>,6,0.0110092
10,bi&eth;,<code>bi&amp;d;</code>,5,0.0091743
10,bi&thorn;,<code>bi&amp;t;</code>,5,0.0091743
10,o&thorn;&thorn;&aelig;t,<code>o&amp;t;&amp;t;&amp;ae;t</code>,5,0.0091743
10,sumne,<code>sumne</code>,5,0.0091743
14,&thorn;&aelig;t,<code>&amp;t;&amp;ae;t</code>,4,0.0073394
14,se,<code>se</code>,4,0.0073394
14,swa,<code>swa</code>,4,0.0073394
14,to,<code>to</code>,4,0.0073394
14,weor&thorn;e&eth;,<code>weor&amp;t;e&amp;d;</code>,4,0.0073394
19,&aelig;t,<code>&amp;ae;t</code>,3,0.0055046
19,&thorn;&aelig;r,<code>&amp;t;&amp;ae;r</code>,3,0.0055046
19,&thorn;e,<code>&amp;t;e</code>,3,0.0055046
19,&thorn;onne,<code>&amp;t;onne</code>,3,0.0055046
19,ful,<code>ful</code>,3,0.0055046
19,ne,<code>ne</code>,3,0.0055046
19,seo,<code>seo</code>,3,0.0055046
19,weor&thorn;a&eth;,<code>weor&amp;t;a&amp;d;</code>,3,0.0055046
27,&thorn;&aelig;s,<code>&amp;t;&amp;ae;s</code>,2,0.0036697
27,&thorn;icgan,<code>&amp;t;icgan</code>,2,0.0036697
27,&thorn;urh,<code>&amp;t;urh</code>,2,0.0036697
27,beame,<code>beame</code>,2,0.0036697
27,bearn,<code>bearn</code>,2,0.0036697
27,beore,<code>beore</code>,2,0.0036697
27,eor&thorn;an,<code>eor&amp;t;an</code>,2,0.0036697
27,foldan,<code>foldan</code>,2,0.0036697
27,folmum,<code>folmum</code>,2,0.0036697
27,fore,<code>fore</code>,2,0.0036697
27,frecne,<code>frecne</code>,2,0.0036697
27,gegonge&eth;,<code>gegonge&amp;d;</code>,2,0.0036697
27,geond,<code>geond</code>,2,0.0036697
27,gesceapo,<code>gesceapo</code>,2,0.0036697
27,godes,<code>godes</code>,2,0.0036697
27,hine,<code>hine</code>,2,0.0036697
27,honda,<code>honda</code>,2,0.0036697
27,lif,<code>lif</code>,2,0.0036697
27,meahtum,<code>meahtum</code>,2,0.0036697
27,mode,<code>mode</code>,2,0.0036697
27,modor,<code>modor</code>,2,0.0036697
27,mu&thorn;e,<code>mu&amp;t;e</code>,2,0.0036697
27,oft,<code>oft</code>,2,0.0036697
27,scrife&eth;,<code>scrife&amp;d;</code>,2,0.0036697
51,&aelig;ghw&aelig;r,<code>&amp;ae;ghw&amp;ae;r</code>,1,0.0018349
51,&aelig;ghwa,<code>&amp;ae;ghwa</code>,1,0.0018349
51,&aelig;ghwylcum,<code>&amp;ae;ghwylcum</code>,1,0.0018349
51,&aelig;nig,<code>&amp;ae;nig</code>,1,0.0018349
51,&aelig;r,<code>&amp;ae;r</code>,1,0.0018349
51,&aelig;tfeohtan,<code>&amp;ae;tfeohtan</code>,1,0.0018349
51,&aelig;tgiefan,<code>&amp;ae;tgiefan</code>,1,0.0018349
51,&thorn;&aelig;tte,<code>&amp;t;&amp;ae;tte</code>,1,0.0018349
51,&thorn;a,<code>&amp;t;a</code>,1,0.0018349
51,&thorn;eccan,<code>&amp;t;eccan</code>,1,0.0018349
51,&thorn;ige&eth;,<code>&amp;t;ige&amp;d;</code>,1,0.0018349
51,&thorn;onc,<code>&amp;t;onc</code>,1,0.0018349
51,&thorn;y,<code>&amp;t;y</code>,1,0.0018349
51,a,<code>a</code>,1,0.0018349
51,abreotan,<code>abreotan</code>,1,0.0018349
51,abrocen,<code>abrocen</code>,1,0.0018349
51,ac,<code>ac</code>,1,0.0018349
51,agetan,<code>agetan</code>,1,0.0018349
51,ah,<code>ah</code>,1,0.0018349
51,ahi&thorn;an,<code>ahi&amp;t;an</code>,1,0.0018349
51,ana,<code>ana</code>,1,0.0018349
51,aswencan,<code>aswencan</code>,1,0.0018349
51,atemian,<code>atemian</code>,1,0.0018349
51,b&aelig;le,<code>b&amp;ae;le</code>,1,0.0018349
51,bancofa,<code>bancofa</code>,1,0.0018349
51,bencsittendum,<code>bencsittendum</code>,1,0.0018349
51,beorn,<code>beorn</code>,1,0.0018349
51,beran,<code>beran</code>,1,0.0018349
51,bewegen,<code>bewegen</code>,1,0.0018349
51,bide&eth;,<code>bide&amp;d;</code>,1,0.0018349
51,bimurne&eth;,<code>bimurne&amp;d;</code>,1,0.0018349
51,bireafod,<code>bireafod</code>,1,0.0018349
51,biscyred,<code>biscyred</code>,1,0.0018349
51,biwergan,<code>biwergan</code>,1,0.0018349
51,bl&aelig;d,<code>bl&amp;ae;d</code>,1,0.0018349
51,blac,<code>blac</code>,1,0.0018349
51,bleobordes,<code>bleobordes</code>,1,0.0018349
51,bleom,<code>bleom</code>,1,0.0018349
51,blissian,<code>blissian</code>,1,0.0018349
51,blodig,<code>blodig</code>,1,0.0018349
51,boceras,<code>boceras</code>,1,0.0018349
51,brad,<code>brad</code>,1,0.0018349
51,bringa&eth;,<code>bringa&amp;d;</code>,1,0.0018349
51,brond,<code>brond</code>,1,0.0018349
51,brondas,<code>brondas</code>,1,0.0018349
51,brytencyninges,<code>brytencyninges</code>,1,0.0018349
51,byreles,<code>byreles</code>,1,0.0018349
51,cenna&eth;,<code>cenna&amp;d;</code>,1,0.0018349
51,con,<code>con</code>,1,0.0018349
51,cr&aelig;ft,<code>cr&amp;ae;ft</code>,1,0.0018349
51,cr&aelig;ftas,<code>cr&amp;ae;ftas</code>,1,0.0018349
51,cwanian,<code>cwanian</code>,1,0.0018349
51,cweman,<code>cweman</code>,1,0.0018349
51,cyme&eth;,<code>cyme&amp;d;</code>,1,0.0018349
51,d&aelig;dum,<code>d&amp;ae;dum</code>,1,0.0018349
51,d&aelig;l,<code>d&amp;ae;l</code>,1,0.0018349
51,d&aelig;le&eth;,<code>d&amp;ae;le&amp;d;</code>,1,0.0018349
51,de&thorn;,<code>de&amp;t;</code>,1,0.0018349
51,dealne,<code>dealne</code>,1,0.0018349
51,dream,<code>dream</code>,1,0.0018349
51,dreamum,<code>dreamum</code>,1,0.0018349
51,dreogan,<code>dreogan</code>,1,0.0018349
51,drincendra,<code>drincendra</code>,1,0.0018349
51,dryhten,<code>dryhten</code>,1,0.0018349
51,dryhtenbealo,<code>dryhtenbealo</code>,1,0.0018349
51,ea&eth;mod,<code>ea&amp;d;mod</code>,1,0.0018349
51,eadig,<code>eadig</code>,1,0.0018349
51,eadwelan,<code>eadwelan</code>,1,0.0018349
51,ealdor,<code>ealdor</code>,1,0.0018349
51,ealdre,<code>ealdre</code>,1,0.0018349
51,ealles,<code>ealles</code>,1,0.0018349
51,eallum,<code>eallum</code>,1,0.0018349
51,ealne,<code>ealne</code>,1,0.0018349
51,ealowosan,<code>ealowosan</code>,1,0.0018349
51,earfe&eth;m&aelig;cgum,<code>earfe&amp;d;m&amp;ae;cgum</code>,1,0.0018349
51,earfe&thorn;a,<code>earfe&amp;t;a</code>,1,0.0018349
51,earfo&eth;si&thorn;,<code>earfo&amp;d;si&amp;t;</code>,1,0.0018349
51,earmlice,<code>earmlice</code>,1,0.0018349
51,ecg,<code>ecg</code>,1,0.0018349
51,eft,<code>eft</code>,1,0.0018349
51,el&thorn;eodigra,<code>el&amp;t;eodigra</code>,1,0.0018349
51,endest&aelig;f,<code>endest&amp;ae;f</code>,1,0.0018349
51,eormencynnes,<code>eormencynnes</code>,1,0.0018349
51,etan,<code>etan</code>,1,0.0018349
51,f&aelig;der,<code>f&amp;ae;der</code>,1,0.0018349
51,f&aelig;gne,<code>f&amp;ae;gne</code>,1,0.0018349
51,facne,<code>facne</code>,1,0.0018349
51,fe&eth;e,<code>fe&amp;d;e</code>,1,0.0018349
51,fe&thorn;a&eth;,<code>fe&amp;t;a&amp;d;</code>,1,0.0018349
51,fe&thorn;e,<code>fe&amp;t;e</code>,1,0.0018349
51,feallan,<code>feallan</code>,1,0.0018349
51,fealle&thorn;,<code>fealle&amp;t;</code>,1,0.0018349
51,fede&thorn;,<code>fede&amp;t;</code>,1,0.0018349
51,feleleas,<code>feleleas</code>,1,0.0018349
51,feoh,<code>feoh</code>,1,0.0018349
51,feor&eth;,<code>feor&amp;d;</code>,1,0.0018349
51,feores,<code>feores</code>,1,0.0018349
51,feormendra,<code>feormendra</code>,1,0.0018349
51,feorwegas,<code>feorwegas</code>,1,0.0018349
51,ferede,<code>ferede</code>,1,0.0018349
51,ferga&eth;,<code>ferga&amp;d;</code>,1,0.0018349
51,feterum,<code>feterum</code>,1,0.0018349
51,fi&thorn;erleas,<code>fi&amp;t;erleas</code>,1,0.0018349
51,fi&thorn;rum,<code>fi&amp;t;rum</code>,1,0.0018349
51,fira,<code>fira</code>,1,0.0018349
51,flihte,<code>flihte</code>,1,0.0018349
51,for&eth;,<code>for&amp;d;</code>,1,0.0018349
51,for&thorn;on,<code>for&amp;t;on</code>,1,0.0018349
51,fordrifan,<code>fordrifan</code>,1,0.0018349
51,forspildan,<code>forspildan</code>,1,0.0018349
51,fotum,<code>fotum</code>,1,0.0018349
51,fretan,<code>fretan</code>,1,0.0018349
51,fugel,<code>fugel</code>,1,0.0018349
51,galgan,<code>galgan</code>,1,0.0018349
51,gar,<code>gar</code>,1,0.0018349
51,geapum,<code>geapum</code>,1,0.0018349
51,gearrimum,<code>gearrimum</code>,1,0.0018349
51,gearwad,<code>gearwad</code>,1,0.0018349
51,gebregd,<code>gebregd</code>,1,0.0018349
51,gebyrdum,<code>gebyrdum</code>,1,0.0018349
51,gebysgad,<code>gebysgad</code>,1,0.0018349
51,gedrinc,<code>gedrinc</code>,1,0.0018349
51,geg&aelig;&eth;,<code>geg&amp;ae;&amp;d;</code>,1,0.0018349
51,gehealdan,<code>gehealdan</code>,1,0.0018349
51,gehyrde&eth;,<code>gehyrde&amp;d;</code>,1,0.0018349
51,gehyrste&eth;,<code>gehyrste&amp;d;</code>,1,0.0018349
51,gel&aelig;red,<code>gel&amp;ae;red</code>,1,0.0018349
51,geloden,<code>geloden</code>,1,0.0018349
51,gemearcian,<code>gemearcian</code>,1,0.0018349
51,gemet,<code>gemet</code>,1,0.0018349
51,geogo&thorn;e,<code>geogo&amp;t;e</code>,1,0.0018349
51,geogu&eth;feore,<code>geogu&amp;d;feore</code>,1,0.0018349
51,geogu&thorn;e,<code>geogu&amp;t;e</code>,1,0.0018349
51,geongan,<code>geongan</code>,1,0.0018349
51,gesih&eth;,<code>gesih&amp;d;</code>,1,0.0018349
51,geweald,<code>geweald</code>,1,0.0018349
51,gewealdenne,<code>gewealdenne</code>,1,0.0018349
51,giefa&eth;,<code>giefa&amp;d;</code>,1,0.0018349
51,gieflum,<code>gieflum</code>,1,0.0018349
51,gierwa&thorn;,<code>gierwa&amp;t;</code>,1,0.0018349
51,gl&aelig;d,<code>gl&amp;ae;d</code>,1,0.0018349
51,gled,<code>gled</code>,1,0.0018349
51,god,<code>god</code>,1,0.0018349
51,goldsmi&thorn;e,<code>goldsmi&amp;t;e</code>,1,0.0018349
51,gongan,<code>gongan</code>,1,0.0018349
51,gu&eth;,<code>gu&amp;d;</code>,1,0.0018349
51,gu&thorn;e,<code>gu&amp;t;e</code>,1,0.0018349
51,gyrwa&eth;,<code>gyrwa&amp;d;</code>,1,0.0018349
51,h&aelig;&eth;stapa,<code>h&amp;ae;&amp;d;stapa</code>,1,0.0018349
51,h&aelig;le,<code>h&amp;ae;le</code>,1,0.0018349
51,h&aelig;le&thorn;um,<code>h&amp;ae;le&amp;t;um</code>,1,0.0018349
51,hagostealdes,<code>hagostealdes</code>,1,0.0018349
51,har,<code>har</code>,1,0.0018349
51,heafoc,<code>heafoc</code>,1,0.0018349
51,heafodsyne,<code>heafodsyne</code>,1,0.0018349
51,healde&eth;,<code>healde&amp;d;</code>,1,0.0018349
51,hean,<code>hean</code>,1,0.0018349
51,heape,<code>heape</code>,1,0.0018349
51,hearpan,<code>hearpan</code>,1,0.0018349
51,heoroswealwe,<code>heoroswealwe</code>,1,0.0018349
51,hinsi&thorn;,<code>hinsi&amp;t;</code>,1,0.0018349
51,hit,<code>hit</code>,1,0.0018349
51,hlafordes,<code>hlafordes</code>,1,0.0018349
51,hleape&eth;,<code>hleape&amp;d;</code>,1,0.0018349
51,holte,<code>holte</code>,1,0.0018349
51,hond,<code>hond</code>,1,0.0018349
51,hr&aelig;d,<code>hr&amp;ae;d</code>,1,0.0018349
51,hrefn,<code>hrefn</code>,1,0.0018349
51,hreoh,<code>hreoh</code>,1,0.0018349
51,hungor,<code>hungor</code>,1,0.0018349
51,hw&aelig;t,<code>hw&amp;ae;t</code>,1,0.0018349
51,hyre,<code>hyre</code>,1,0.0018349
51,in,<code>in</code>,1,0.0018349
51,l&aelig;tan,<code>l&amp;ae;tan</code>,1,0.0018349
51,la&eth;,<code>la&amp;d;</code>,1,0.0018349
51,la&thorn;um,<code>la&amp;t;um</code>,1,0.0018349
51,lace&eth;,<code>lace&amp;d;</code>,1,0.0018349
51,leane,<code>leane</code>,1,0.0018349
51,leas,<code>leas</code>,1,0.0018349
51,lef,<code>lef</code>,1,0.0018349
51,lengre,<code>lengre</code>,1,0.0018349
51,leo&thorn;u,<code>leo&amp;t;u</code>,1,0.0018349
51,leomena,<code>leomena</code>,1,0.0018349
51,leomu,<code>leomu</code>,1,0.0018349
51,lepe&thorn;,<code>lepe&amp;t;</code>,1,0.0018349
51,lifes,<code>lifes</code>,1,0.0018349
51,liff&aelig;stan,<code>liff&amp;ae;stan</code>,1,0.0018349
51,lifgedal,<code>lifgedal</code>,1,0.0018349
51,lifgendra,<code>lifgendra</code>,1,0.0018349
51,linnan,<code>linnan</code>,1,0.0018349
51,lond,<code>lond</code>,1,0.0018349
51,lungre,<code>lungre</code>,1,0.0018349
51,lust,<code>lust</code>,1,0.0018349
51,lyfte,<code>lyfte</code>,1,0.0018349
51,lyftscea&thorn;an,<code>lyftscea&amp;t;an</code>,1,0.0018349
51,lyftswiftne,<code>lyftswiftne</code>,1,0.0018349
51,lyt,<code>lyt</code>,1,0.0018349
51,lytlum,<code>lytlum</code>,1,0.0018349
51,m&aelig;cga,<code>m&amp;ae;cga</code>,1,0.0018349
51,m&aelig;g,<code>m&amp;ae;g</code>,1,0.0018349
51,m&aelig;gburge,<code>m&amp;ae;gburge</code>,1,0.0018349
51,m&aelig;ge,<code>m&amp;ae;ge</code>,1,0.0018349
51,m&aelig;na&eth;,<code>m&amp;ae;na&amp;d;</code>,1,0.0018349
51,ma&thorn;mas,<code>ma&amp;t;mas</code>,1,0.0018349
51,meahtig,<code>meahtig</code>,1,0.0018349
51,meces,<code>meces</code>,1,0.0018349
51,meodubence,<code>meodubence</code>,1,0.0018349
51,meoduful,<code>meoduful</code>,1,0.0018349
51,meodugal,<code>meodugal</code>,1,0.0018349
51,meodugales,<code>meodugales</code>,1,0.0018349
51,meotudgesceaft,<code>meotudgesceaft</code>,1,0.0018349
51,meowle,<code>meowle</code>,1,0.0018349
51,micel,<code>micel</code>,1,0.0018349
51,micla,<code>micla</code>,1,0.0018349
51,middangeard,<code>middangeard</code>,1,0.0018349
51,miltsum,<code>miltsum</code>,1,0.0018349
51,missenlice,<code>missenlice</code>,1,0.0018349
51,monna,<code>monna</code>,1,0.0018349
51,monnan,<code>monnan</code>,1,0.0018349
51,monnes,<code>monnes</code>,1,0.0018349
51,monnum,<code>monnum</code>,1,0.0018349
51,murnan,<code>murnan</code>,1,0.0018349
51,n&aelig;gl,<code>n&amp;ae;gl</code>,1,0.0018349
51,nemna&eth;,<code>nemna&amp;d;</code>,1,0.0018349
51,neod,<code>neod</code>,1,0.0018349
51,neomegende,<code>neomegende</code>,1,0.0018349
51,neotan,<code>neotan</code>,1,0.0018349
51,nergend,<code>nergend</code>,1,0.0018349
51,nest,<code>nest</code>,1,0.0018349
51,nime&thorn;,<code>nime&amp;t;</code>,1,0.0018349
51,no&thorn;er,<code>no&amp;t;er</code>,1,0.0018349
51,noma,<code>noma</code>,1,0.0018349
51,nu,<code>nu</code>,1,0.0018349
51,nyde,<code>nyde</code>,1,0.0018349
51,o&thorn;&thorn;e,<code>o&amp;t;&amp;t;e</code>,1,0.0018349
51,o&thorn;&thorn;ringe&eth;,<code>o&amp;t;&amp;t;ringe&amp;d;</code>,1,0.0018349
51,of,<code>of</code>,1,0.0018349
51,orwena,<code>orwena</code>,1,0.0018349
51,re&thorn;e,<code>re&amp;t;e</code>,1,0.0018349
51,read,<code>read</code>,1,0.0018349
51,reote&eth;,<code>reote&amp;d;</code>,1,0.0018349
51,ridan,<code>ridan</code>,1,0.0018349
51,salwigpad,<code>salwigpad</code>,1,0.0018349
51,sar,<code>sar</code>,1,0.0018349
51,sawelleasne,<code>sawelleasne</code>,1,0.0018349
51,sawle,<code>sawle</code>,1,0.0018349
51,sawlhord,<code>sawlhord</code>,1,0.0018349
51,sc&aelig;cen,<code>sc&amp;ae;cen</code>,1,0.0018349
51,sceacol,<code>sceacol</code>,1,0.0018349
51,sceat,<code>sceat</code>,1,0.0018349
51,sceop,<code>sceop</code>,1,0.0018349
51,scralletan,<code>scralletan</code>,1,0.0018349
51,scyre&thorn;,<code>scyre&amp;t;</code>,1,0.0018349
51,scyrede,<code>scyrede</code>,1,0.0018349
51,scyte,<code>scyte</code>,1,0.0018349
51,se&thorn;eah,<code>se&amp;t;eah</code>,1,0.0018349
51,secgas,<code>secgas</code>,1,0.0018349
51,secge,<code>secge</code>,1,0.0018349
51,seoc,<code>seoc</code>,1,0.0018349
51,seomian,<code>seomian</code>,1,0.0018349
51,seonobennum,<code>seonobennum</code>,1,0.0018349
51,si&thorn;e,<code>si&amp;t;e</code>,1,0.0018349
51,sige&eth;,<code>sige&amp;d;</code>,1,0.0018349
51,sine,<code>sine</code>,1,0.0018349
51,sittan,<code>sittan</code>,1,0.0018349
51,slite&eth;,<code>slite&amp;d;</code>,1,0.0018349
51,snellice,<code>snellice</code>,1,0.0018349
51,snere,<code>snere</code>,1,0.0018349
51,sume,<code>sume</code>,1,0.0018349
51,sworcenfer&eth;,<code>sworcenfer&amp;d;</code>,1,0.0018349
51,swylc,<code>swylc</code>,1,0.0018349
51,swylte,<code>swylte</code>,1,0.0018349
51,syle&eth;,<code>syle&amp;d;</code>,1,0.0018349
51,sylfcwale,<code>sylfcwale</code>,1,0.0018349
51,t&aelig;fle,<code>t&amp;ae;fle</code>,1,0.0018349
51,t&aelig;ta&thorn;,<code>t&amp;ae;ta&amp;t;</code>,1,0.0018349
51,tenna&thorn;,<code>tenna&amp;t;</code>,1,0.0018349
51,tid,<code>tid</code>,1,0.0018349
51,tiir,<code>tiir</code>,1,0.0018349
51,torhtlicne,<code>torhtlicne</code>,1,0.0018349
51,tredan,<code>tredan</code>,1,0.0018349
51,uriglast,<code>uriglast</code>,1,0.0018349
51,w&aelig;dum,<code>w&amp;ae;dum</code>,1,0.0018349
51,w&aelig;lisca,<code>w&amp;ae;lisca</code>,1,0.0018349
51,w&aelig;lmiste,<code>w&amp;ae;lmiste</code>,1,0.0018349
51,wat,<code>wat</code>,1,0.0018349
51,wealic,<code>wealic</code>,1,0.0018349
51,weaxendum,<code>weaxendum</code>,1,0.0018349
51,wel,<code>wel</code>,1,0.0018349
51,welan,<code>welan</code>,1,0.0018349
51,weor&eth;e&eth;,<code>weor&amp;d;e&amp;d;</code>,1,0.0018349
51,weor&thorn;an,<code>weor&amp;t;an</code>,1,0.0018349
51,weoroda,<code>weoroda</code>,1,0.0018349
51,wer,<code>wer</code>,1,0.0018349
51,were,<code>were</code>,1,0.0018349
51,werig,<code>werig</code>,1,0.0018349
51,westem,<code>westem</code>,1,0.0018349
51,wif,<code>wif</code>,1,0.0018349
51,wigplegan,<code>wigplegan</code>,1,0.0018349
51,wildne,<code>wildne</code>,1,0.0018349
51,wineleas,<code>wineleas</code>,1,0.0018349
51,winsadum,<code>winsadum</code>,1,0.0018349
51,winter,<code>winter</code>,1,0.0018349
51,wisf&aelig;ste,<code>wisf&amp;ae;ste</code>,1,0.0018349
51,wloncne,<code>wloncne</code>,1,0.0018349
51,wonsceaftum,<code>wonsceaftum</code>,1,0.0018349
51,worda,<code>worda</code>,1,0.0018349
51,woruld,<code>woruld</code>,1,0.0018349
51,wr&aelig;stan,<code>wr&amp;ae;stan</code>,1,0.0018349
51,wr&aelig;tlice,<code>wr&amp;ae;tlice</code>,1,0.0018349
51,wudubeames,<code>wudubeames</code>,1,0.0018349
51,wulf,<code>wulf</code>,1,0.0018349
51,wundorgiefe,<code>wundorgiefe</code>,1,0.0018349
51,wunian,<code>wunian</code>,1,0.0018349
51,wyndagum,<code>wyndagum</code>,1,0.0018349
51,wynsum,<code>wynsum</code>,1,0.0018349
51,wyrde,<code>wyrde</code>,1,0.0018349
51,wyrp,<code>wyrp</code>,1,0.0018349
51,wyrplas,<code>wyrplas</code>,1,0.0018349
51,wyrtruman,<code>wyrtruman</code>,1,0.0018349
51,yldo,<code>yldo</code>,1,0.0018349
51,yrrum,<code>yrrum</code>,1,0.0018349
