A_Poetry,A03,A03.022.015_Rid_15_T00460.txt,136,121,176
RANK,HTML WORD,RAW WORD,COUNT,RELATIVE FREQUENCY
1,ic,<code>ic</code>,12,0.0681818
2,on,<code>on</code>,7,0.0397727
3,me,<code>me</code>,5,0.0284091
4,&thorn;urh,<code>&amp;t;urh</code>,4,0.0227273
4,gif,<code>gif</code>,4,0.0227273
4,ond,<code>ond</code>,4,0.0227273
7,ne,<code>ne</code>,3,0.0170455
8,&thorn;&aelig;r,<code>&amp;t;&amp;ae;r</code>,2,0.0113636
8,&thorn;am,<code>&amp;t;am</code>,2,0.0113636
8,him,<code>him</code>,2,0.0113636
8,mid,<code>mid</code>,2,0.0113636
8,mine,<code>mine</code>,2,0.0113636
8,sceal,<code>sceal</code>,2,0.0113636
8,si&thorn;&thorn;an,<code>si&amp;t;&amp;t;an</code>,2,0.0113636
8,witod,<code>witod</code>,2,0.0113636
16,&aelig;fterweard,<code>&amp;ae;fterweard</code>,1,0.0056818
16,&thorn;&aelig;t,<code>&amp;t;&amp;ae;t</code>,1,0.0056818
16,&thorn;e,<code>&amp;t;e</code>,1,0.0056818
16,&thorn;earf,<code>&amp;t;earf</code>,1,0.0056818
16,&thorn;yrel,<code>&amp;t;yrel</code>,1,0.0056818
16,ac,<code>ac</code>,1,0.0056818
16,an,<code>an</code>,1,0.0056818
16,b&aelig;ce,<code>b&amp;ae;ce</code>,1,0.0056818
16,beadow&aelig;pen,<code>beadow&amp;ae;pen</code>,1,0.0056818
16,bearnum,<code>bearnum</code>,1,0.0056818
16,beorg,<code>beorg</code>,1,0.0056818
16,bera&eth;,<code>bera&amp;d;</code>,1,0.0056818
16,bere,<code>bere</code>,1,0.0056818
16,bi&eth;,<code>bi&amp;d;</code>,1,0.0056818
16,bi&thorn;,<code>bi&amp;t;</code>,1,0.0056818
16,bidan,<code>bidan</code>,1,0.0056818
16,bide,<code>bide</code>,1,0.0056818
16,bold,<code>bold</code>,1,0.0056818
16,breost,<code>breost</code>,1,0.0056818
16,buge,<code>buge</code>,1,0.0056818
16,cume,<code>cume</code>,1,0.0056818
16,dea&eth;,<code>dea&amp;d;</code>,1,0.0056818
16,dear,<code>dear</code>,1,0.0056818
16,degolne,<code>degolne</code>,1,0.0056818
16,dune,<code>dune</code>,1,0.0056818
16,durum,<code>durum</code>,1,0.0056818
16,e&eth;le,<code>e&amp;d;le</code>,1,0.0056818
16,ea&thorn;e,<code>ea&amp;t;e</code>,1,0.0056818
16,eaforan,<code>eaforan</code>,1,0.0056818
16,eagum,<code>eagum</code>,1,0.0056818
16,ealles,<code>ealles</code>,1,0.0056818
16,earan,<code>earan</code>,1,0.0056818
16,eom,<code>eom</code>,1,0.0056818
16,fe&thorn;e,<code>fe&amp;t;e</code>,1,0.0056818
16,fe&thorn;emundum,<code>fe&amp;t;emundum</code>,1,0.0056818
16,fealo,<code>fealo</code>,1,0.0056818
16,feorh,<code>feorh</code>,1,0.0056818
16,fergan,<code>fergan</code>,1,0.0056818
16,fleah,<code>fleah</code>,1,0.0056818
16,fleame,<code>fleame</code>,1,0.0056818
16,for&thorn;on,<code>for&amp;t;on</code>,1,0.0056818
16,forhtmod,<code>forhtmod</code>,1,0.0056818
16,freora,<code>freora</code>,1,0.0056818
16,fromlice,<code>fromlice</code>,1,0.0056818
16,g&aelig;st,<code>g&amp;ae;st</code>,1,0.0056818
16,gegnpa&thorn;e,<code>gegnpa&amp;t;e</code>,1,0.0056818
16,gel&aelig;dan,<code>gel&amp;ae;dan</code>,1,0.0056818
16,genergan,<code>genergan</code>,1,0.0056818
16,geogu&eth;cnosle,<code>geogu&amp;d;cnosle</code>,1,0.0056818
16,ger&aelig;ce,<code>ger&amp;ae;ce</code>,1,0.0056818
16,geruman,<code>geruman</code>,1,0.0056818
16,gesibbe,<code>gesibbe</code>,1,0.0056818
16,gr&aelig;s,<code>gr&amp;ae;s</code>,1,0.0056818
16,grene,<code>grene</code>,1,0.0056818
16,gu&thorn;gemotes,<code>gu&amp;t;gemotes</code>,1,0.0056818
16,gyrn,<code>gyrn</code>,1,0.0056818
16,hals,<code>hals</code>,1,0.0056818
16,he,<code>he</code>,1,0.0056818
16,heafod,<code>heafod</code>,1,0.0056818
16,her,<code>her</code>,1,0.0056818
16,hest,<code>hest</code>,1,0.0056818
16,hildepilum,<code>hildepilum</code>,1,0.0056818
16,hine,<code>hine</code>,1,0.0056818
16,his,<code>his</code>,1,0.0056818
16,hleorum,<code>hleorum</code>,1,0.0056818
16,hlifia&eth;,<code>hlifia&amp;d;</code>,1,0.0056818
16,hrino,<code>hrino</code>,1,0.0056818
16,hrof,<code>hrof</code>,1,0.0056818
16,hwit,<code>hwit</code>,1,0.0056818
16,hwonne,<code>hwonne</code>,1,0.0056818
16,hylles,<code>hylles</code>,1,0.0056818
16,in,<code>in</code>,1,0.0056818
16,is,<code>is</code>,1,0.0056818
16,la&eth;gewinnum,<code>la&amp;d;gewinnum</code>,1,0.0056818
16,longe,<code>longe</code>,1,0.0056818
16,m&aelig;g,<code>m&amp;ae;g</code>,1,0.0056818
16,m&aelig;gburge,<code>m&amp;ae;gburge</code>,1,0.0056818
16,mec,<code>mec</code>,1,0.0056818
16,min,<code>min</code>,1,0.0056818
16,minum,<code>minum</code>,1,0.0056818
16,mot,<code>mot</code>,1,0.0056818
16,nearwe,<code>nearwe</code>,1,0.0056818
16,nele,<code>nele</code>,1,0.0056818
16,nergan,<code>nergan</code>,1,0.0056818
16,ni&eth;scea&thorn;a,<code>ni&amp;d;scea&amp;t;a</code>,1,0.0056818
16,of,<code>of</code>,1,0.0056818
16,ofer,<code>ofer</code>,1,0.0056818
16,onfinde&eth;,<code>onfinde&amp;d;</code>,1,0.0056818
16,onh&aelig;le,<code>onh&amp;ae;le</code>,1,0.0056818
16,onsittan,<code>onsittan</code>,1,0.0056818
16,ordum,<code>ordum</code>,1,0.0056818
16,r&aelig;d,<code>r&amp;ae;d</code>,1,0.0056818
16,re&thorn;es,<code>re&amp;t;es</code>,1,0.0056818
16,se,<code>se</code>,1,0.0056818
16,sece&thorn;,<code>sece&amp;t;</code>,1,0.0056818
16,sidan,<code>sidan</code>,1,0.0056818
16,some,<code>some</code>,1,0.0056818
16,standa&eth;,<code>standa&amp;d;</code>,1,0.0056818
16,steapne,<code>steapne</code>,1,0.0056818
16,steppe,<code>steppe</code>,1,0.0056818
16,stige,<code>stige</code>,1,0.0056818
16,str&aelig;te,<code>str&amp;ae;te</code>,1,0.0056818
16,sw&aelig;se,<code>sw&amp;ae;se</code>,1,0.0056818
16,swa,<code>swa</code>,1,0.0056818
16,swa&thorn;e,<code>swa&amp;t;e</code>,1,0.0056818
16,swe,<code>swe</code>,1,0.0056818
16,swift,<code>swift</code>,1,0.0056818
16,swylce,<code>swylce</code>,1,0.0056818
16,teale,<code>teale</code>,1,0.0056818
16,to,<code>to</code>,1,0.0056818
16,tos&aelig;le&thorn;,<code>tos&amp;ae;le&amp;t;</code>,1,0.0056818
16,tu,<code>tu</code>,1,0.0056818
16,w&aelig;lgrim,<code>w&amp;ae;lgrim</code>,1,0.0056818
16,w&aelig;lhwelpes,<code>w&amp;ae;lhwelpes</code>,1,0.0056818
16,weg,<code>weg</code>,1,0.0056818
16,weor&thorn;e&eth;,<code>weor&amp;t;e&amp;d;</code>,1,0.0056818
16,wic,<code>wic</code>,1,0.0056818
16,wig,<code>wig</code>,1,0.0056818
16,wiga,<code>wiga</code>,1,0.0056818
16,wiht,<code>wiht</code>,1,0.0056818
16,wyrcan,<code>wyrcan</code>,1,0.0056818
