A_Poetry,A03,A03.034.035_Rid_95_T01360.txt,59,54,69
RANK,HTML WORD,RAW WORD,COUNT,RELATIVE FREQUENCY
1,ic,<code>ic</code>,4,0.0579710
1,ond,<code>ond</code>,4,0.0579710
3,mine,<code>mine</code>,3,0.0434783
4,nu,<code>nu</code>,2,0.0289855
4,sceal,<code>sceal</code>,2,0.0289855
6,&aelig;lda,<code>&amp;ae;lda</code>,1,0.0144928
6,&aelig;nig,<code>&amp;ae;nig</code>,1,0.0144928
6,&aelig;r,<code>&amp;ae;r</code>,1,0.0144928
6,&thorn;&aelig;r,<code>&amp;t;&amp;ae;r</code>,1,0.0144928
6,&thorn;eah,<code>&amp;t;eah</code>,1,0.0144928
6,bearn,<code>bearn</code>,1,0.0144928
6,bemi&thorn;e,<code>bemi&amp;t;e</code>,1,0.0144928
6,beorhtne,<code>beorhtne</code>,1,0.0144928
6,bl&aelig;d,<code>bl&amp;ae;d</code>,1,0.0144928
6,burgum,<code>burgum</code>,1,0.0144928
6,cu&eth;,<code>cu&amp;d;</code>,1,0.0144928
6,cy&thorn;an,<code>cy&amp;t;an</code>,1,0.0144928
6,eom,<code>eom</code>,1,0.0144928
6,eor&eth;an,<code>eor&amp;d;an</code>,1,0.0144928
6,eorlum,<code>eorlum</code>,1,0.0144928
6,fere,<code>fere</code>,1,0.0144928
6,folcum,<code>folcum</code>,1,0.0144928
6,fremdes,<code>fremdes</code>,1,0.0144928
6,freondum,<code>freondum</code>,1,0.0144928
6,gefr&aelig;ge,<code>gefr&amp;ae;ge</code>,1,0.0144928
6,gehwylcum,<code>gehwylcum</code>,1,0.0144928
6,gif,<code>gif</code>,1,0.0144928
6,god,<code>god</code>,1,0.0144928
6,habban,<code>habban</code>,1,0.0144928
6,heanum,<code>heanum</code>,1,0.0144928
6,hi&thorn;endra,<code>hi&amp;t;endra</code>,1,0.0144928
6,hwilum,<code>hwilum</code>,1,0.0144928
6,hyht,<code>hyht</code>,1,0.0144928
6,in,<code>in</code>,1,0.0144928
6,indryhten,<code>indryhten</code>,1,0.0144928
6,lastas,<code>lastas</code>,1,0.0144928
6,londbuendra,<code>londbuendra</code>,1,0.0144928
6,lufia&thorn;,<code>lufia&amp;t;</code>,1,0.0144928
6,me,<code>me</code>,1,0.0144928
6,men,<code>men</code>,1,0.0144928
6,midwist,<code>midwist</code>,1,0.0144928
6,monigum,<code>monigum</code>,1,0.0144928
6,monna,<code>monna</code>,1,0.0144928
6,no,<code>no</code>,1,0.0144928
6,o&thorn;&thorn;e,<code>o&amp;t;&amp;t;e</code>,1,0.0144928
6,ofer,<code>ofer</code>,1,0.0144928
6,oft,<code>oft</code>,1,0.0144928
6,reste,<code>reste</code>,1,0.0144928
6,ricum,<code>ricum</code>,1,0.0144928
6,seca&eth;,<code>seca&amp;d;</code>,1,0.0144928
6,snottre,<code>snottre</code>,1,0.0144928
6,spreca&eth;,<code>spreca&amp;d;</code>,1,0.0144928
6,stonde&eth;,<code>stonde&amp;d;</code>,1,0.0144928
6,swa&thorn;e,<code>swa&amp;t;e</code>,1,0.0144928
6,swi&thorn;ast,<code>swi&amp;t;ast</code>,1,0.0144928
6,swi&thorn;e,<code>swi&amp;t;e</code>,1,0.0144928
6,wide,<code>wide</code>,1,0.0144928
6,wisdom,<code>wisdom</code>,1,0.0144928
6,word,<code>word</code>,1,0.0144928
