A_Poetry,A03,A03.022.018_Rid_18_T00490.txt,23,22,25
RANK,HTML WORD,RAW WORD,COUNT,RELATIVE FREQUENCY
1,ic,<code>ic</code>,3,0.1200000
2,&thorn;eah,<code>&amp;t;eah</code>,1,0.0400000
2,ceole,<code>ceole</code>,1,0.0400000
2,cnosles,<code>cnosles</code>,1,0.0400000
2,eom,<code>eom</code>,1,0.0400000
2,for,<code>for</code>,1,0.0400000
2,h&aelig;bbe,<code>h&amp;ae;bbe</code>,1,0.0400000
2,m&aelig;g,<code>m&amp;ae;g</code>,1,0.0400000
2,m&aelig;ldan,<code>m&amp;ae;ldan</code>,1,0.0400000
2,ma,<code>ma</code>,1,0.0400000
2,mines,<code>mines</code>,1,0.0400000
2,monnum,<code>monnum</code>,1,0.0400000
2,mu&thorn;,<code>mu&amp;t;</code>,1,0.0400000
2,ne,<code>ne</code>,1,0.0400000
2,on,<code>on</code>,1,0.0400000
2,ond,<code>ond</code>,1,0.0400000
2,sprecan,<code>sprecan</code>,1,0.0400000
2,w&aelig;s,<code>w&amp;ae;s</code>,1,0.0400000
2,wide,<code>wide</code>,1,0.0400000
2,wiht,<code>wiht</code>,1,0.0400000
2,wombe,<code>wombe</code>,1,0.0400000
2,word,<code>word</code>,1,0.0400000
2,wunderlicu,<code>wunderlicu</code>,1,0.0400000
