A_Poetry,A03,A03.034.010_Rid_70_T01120.txt,37,35,39
RANK,HTML WORD,RAW WORD,COUNT,RELATIVE FREQUENCY
1,&thorn;e,<code>&amp;t;e</code>,2,0.0512821
1,is,<code>is</code>,2,0.0512821
3,&thorn;am,<code>&amp;t;am</code>,1,0.0256410
3,&thorn;urh,<code>&amp;t;urh</code>,1,0.0256410
3,be,<code>be</code>,1,0.0256410
3,conn,<code>conn</code>,1,0.0256410
3,dreoge&eth;,<code>dreoge&amp;d;</code>,1,0.0256410
3,eaxle,<code>eaxle</code>,1,0.0256410
3,gesceapo,<code>gesceapo</code>,1,0.0256410
3,gescyldrum,<code>gescyldrum</code>,1,0.0256410
3,geworht,<code>geworht</code>,1,0.0256410
3,h&aelig;le&thorn;um,<code>h&amp;ae;le&amp;t;um</code>,1,0.0256410
3,hafa&thorn;,<code>hafa&amp;t;</code>,1,0.0256410
3,heah,<code>heah</code>,1,0.0256410
3,his,<code>his</code>,1,0.0256410
3,hleortorht,<code>hleortorht</code>,1,0.0256410
3,hyre,<code>hyre</code>,1,0.0256410
3,ne,<code>ne</code>,1,0.0256410
3,nytte,<code>nytte</code>,1,0.0256410
3,on,<code>on</code>,1,0.0256410
3,ond,<code>ond</code>,1,0.0256410
3,or&thorn;oncum,<code>or&amp;t;oncum</code>,1,0.0256410
3,scearp,<code>scearp</code>,1,0.0256410
3,se,<code>se</code>,1,0.0256410
3,sidan,<code>sidan</code>,1,0.0256410
3,singe&eth;,<code>singe&amp;d;</code>,1,0.0256410
3,stonde,<code>stonde</code>,1,0.0256410
3,swa,<code>swa</code>,1,0.0256410
3,sweora,<code>sweora</code>,1,0.0256410
3,to,<code>to</code>,1,0.0256410
3,tua,<code>tua</code>,1,0.0256410
3,wege,<code>wege</code>,1,0.0256410
3,wiht,<code>wiht</code>,1,0.0256410
3,wisan,<code>wisan</code>,1,0.0256410
3,woh,<code>woh</code>,1,0.0256410
3,wr&aelig;tlic,<code>wr&amp;ae;tlic</code>,1,0.0256410
3,wr&aelig;tlice,<code>wr&amp;ae;tlice</code>,1,0.0256410
