A_Poetry,A03,A03.022.054_Rid_54_T00850.txt,64,61,67
RANK,HTML WORD,RAW WORD,COUNT,RELATIVE FREQUENCY
1,his,<code>his</code>,2,0.0298507
1,hyre,<code>hyre</code>,2,0.0298507
1,under,<code>under</code>,2,0.0298507
4,&aelig;r,<code>&amp;ae;r</code>,1,0.0149254
4,&aelig;t,<code>&amp;ae;t</code>,1,0.0149254
4,&thorn;&aelig;r,<code>&amp;t;&amp;ae;r</code>,1,0.0149254
4,&thorn;&aelig;s,<code>&amp;t;&amp;ae;s</code>,1,0.0149254
4,&thorn;&aelig;t,<code>&amp;t;&amp;ae;t</code>,1,0.0149254
4,&thorn;egn,<code>&amp;t;egn</code>,1,0.0149254
4,&thorn;on,<code>&amp;t;on</code>,1,0.0149254
4,&thorn;ragum,<code>&amp;t;ragum</code>,1,0.0149254
4,agen,<code>agen</code>,1,0.0149254
4,bicga&eth;,<code>bicga&amp;d;</code>,1,0.0149254
4,buta,<code>buta</code>,1,0.0149254
4,cwom,<code>cwom</code>,1,0.0149254
4,esne,<code>esne</code>,1,0.0149254
4,feo,<code>feo</code>,1,0.0149254
4,feorran,<code>feorran</code>,1,0.0149254
4,fer&eth;&thorn;um,<code>fer&amp;d;&amp;t;um</code>,1,0.0149254
4,freoga&eth;,<code>freoga&amp;d;</code>,1,0.0149254
4,gangan,<code>gangan</code>,1,0.0149254
4,gehwam,<code>gehwam</code>,1,0.0149254
4,gode,<code>gode</code>,1,0.0149254
4,gyrdels,<code>gyrdels</code>,1,0.0149254
4,gyrdelse,<code>gyrdelse</code>,1,0.0149254
4,h&aelig;gstealdmon,<code>h&amp;ae;gstealdmon</code>,1,0.0149254
4,he,<code>he</code>,1,0.0149254
4,hie,<code>hie</code>,1,0.0149254
4,hio,<code>hio</code>,1,0.0149254
4,hof,<code>hof</code>,1,0.0149254
4,hondum,<code>hondum</code>,1,0.0149254
4,hr&aelig;gl,<code>hr&amp;ae;gl</code>,1,0.0149254
4,hrand,<code>hrand</code>,1,0.0149254
4,hror,<code>hror</code>,1,0.0149254
4,hw&aelig;&thorn;re,<code>hw&amp;ae;&amp;t;re</code>,1,0.0149254
4,hyse,<code>hyse</code>,1,0.0149254
4,in,<code>in</code>,1,0.0149254
4,men,<code>men</code>,1,0.0149254
4,mid,<code>mid</code>,1,0.0149254
4,nathw&aelig;t,<code>nathw&amp;ae;t</code>,1,0.0149254
4,nyt,<code>nyt</code>,1,0.0149254
4,oft,<code>oft</code>,1,0.0149254
4,ond,<code>ond</code>,1,0.0149254
4,ongon,<code>ongon</code>,1,0.0149254
4,onnette,<code>onnette</code>,1,0.0149254
4,sti&thorn;es,<code>sti&amp;t;es</code>,1,0.0149254
4,stondan,<code>stondan</code>,1,0.0149254
4,stondendre,<code>stondendre</code>,1,0.0149254
4,stop,<code>stop</code>,1,0.0149254
4,strong,<code>strong</code>,1,0.0149254
4,stunda,<code>stunda</code>,1,0.0149254
4,teorode,<code>teorode</code>,1,0.0149254
4,tillic,<code>tillic</code>,1,0.0149254
4,to,<code>to</code>,1,0.0149254
4,up,<code>up</code>,1,0.0149254
4,w&aelig;s,<code>w&amp;ae;s</code>,1,0.0149254
4,wagedan,<code>wagedan</code>,1,0.0149254
4,weaxan,<code>weaxan</code>,1,0.0149254
4,weorces,<code>weorces</code>,1,0.0149254
4,werig,<code>werig</code>,1,0.0149254
4,willan,<code>willan</code>,1,0.0149254
4,wincsele,<code>wincsele</code>,1,0.0149254
4,wisse,<code>wisse</code>,1,0.0149254
4,worhte,<code>worhte</code>,1,0.0149254
