A_Poetry,A03,A03.034.008_Rid_68_T01100.txt,12,12,12
RANK,HTML WORD,RAW WORD,COUNT,RELATIVE FREQUENCY
1,&thorn;a,<code>&amp;t;a</code>,1,0.0833333
1,feran,<code>feran</code>,1,0.0833333
1,gegierwed,<code>gegierwed</code>,1,0.0833333
1,geseah,<code>geseah</code>,1,0.0833333
1,heo,<code>heo</code>,1,0.0833333
1,ic,<code>ic</code>,1,0.0833333
1,on,<code>on</code>,1,0.0833333
1,w&aelig;s,<code>w&amp;ae;s</code>,1,0.0833333
1,weg,<code>weg</code>,1,0.0833333
1,wiht,<code>wiht</code>,1,0.0833333
1,wr&aelig;tlice,<code>wr&amp;ae;tlice</code>,1,0.0833333
1,wundrum,<code>wundrum</code>,1,0.0833333
