A_Poetry,A03,A03.034.024_Rid_84_T01260.txt,183,157,234
RANK,HTML WORD,RAW WORD,COUNT,RELATIVE FREQUENCY
1,ond,<code>ond</code>,10,0.0427350
2,bi&thorn;,<code>bi&amp;t;</code>,6,0.0256410
3,&thorn;&aelig;t,<code>&amp;t;&amp;ae;t</code>,4,0.0170940
3,&thorn;e,<code>&amp;t;e</code>,4,0.0170940
3,bi&eth;,<code>bi&amp;d;</code>,4,0.0170940
3,m&aelig;gen,<code>m&amp;ae;gen</code>,4,0.0170940
7,&thorn;ara,<code>&amp;t;ara</code>,3,0.0128205
7,eor&thorn;an,<code>eor&amp;t;an</code>,3,0.0128205
7,h&aelig;le&thorn;um,<code>h&amp;ae;le&amp;t;um</code>,3,0.0128205
7,is,<code>is</code>,3,0.0128205
7,wundrum,<code>wundrum</code>,3,0.0128205
12,&thorn;eah,<code>&amp;t;eah</code>,2,0.0085470
12,an,<code>an</code>,2,0.0085470
12,bearn,<code>bearn</code>,2,0.0085470
12,dyre,<code>dyre</code>,2,0.0085470
12,eacen,<code>eacen</code>,2,0.0085470
12,ed,<code>ed</code>,2,0.0085470
12,hrusan,<code>hrusan</code>,2,0.0085470
12,hu,<code>hu</code>,2,0.0085470
12,m&aelig;g,<code>m&amp;ae;g</code>,2,0.0085470
12,mislic,<code>mislic</code>,2,0.0085470
12,ne,<code>ne</code>,2,0.0085470
12,oft,<code>oft</code>,2,0.0085470
12,wlite,<code>wlite</code>,2,0.0085470
12,wordum,<code>wordum</code>,2,0.0085470
12,wynsum,<code>wynsum</code>,2,0.0085470
27,&aelig;fre,<code>&amp;ae;fre</code>,1,0.0042735
27,&aelig;lda,<code>&amp;ae;lda</code>,1,0.0042735
27,&aelig;nig,<code>&amp;ae;nig</code>,1,0.0042735
27,&aelig;r,<code>&amp;ae;r</code>,1,0.0042735
27,&thorn;&aelig;s,<code>&amp;t;&amp;ae;s</code>,1,0.0042735
27,&thorn;ecene,<code>&amp;t;ecene</code>,1,0.0042735
27,&thorn;on,<code>&amp;t;on</code>,1,0.0042735
27,&thorn;rym,<code>&amp;t;rym</code>,1,0.0042735
27,&thorn;urh,<code>&amp;t;urh</code>,1,0.0042735
27,acenned,<code>acenned</code>,1,0.0042735
27,aloden,<code>aloden</code>,1,0.0042735
27,anre,<code>anre</code>,1,0.0042735
27,aweorp,<code>aweorp</code>,1,0.0042735
27,be,<code>be</code>,1,0.0042735
27,bestre&thorn;ed,<code>bestre&amp;t;ed</code>,1,0.0042735
27,bewat,<code>bewat</code>,1,0.0042735
27,beweorpe&eth;,<code>beweorpe&amp;d;</code>,1,0.0042735
27,bewre&thorn;ed,<code>bewre&amp;t;ed</code>,1,0.0042735
27,cl&aelig;ngeorn,<code>cl&amp;ae;ngeorn</code>,1,0.0042735
27,cr&aelig;ft,<code>cr&amp;ae;ft</code>,1,0.0042735
27,cr&aelig;fte,<code>cr&amp;ae;fte</code>,1,0.0042735
27,cy,<code>cy</code>,1,0.0042735
27,cynn,<code>cynn</code>,1,0.0042735
27,cynna,<code>cynna</code>,1,0.0042735
27,cystig,<code>cystig</code>,1,0.0042735
27,dea&eth;e,<code>dea&amp;d;e</code>,1,0.0042735
27,deorra,<code>deorra</code>,1,0.0042735
27,du,<code>du</code>,1,0.0042735
27,dw&aelig;sce&eth;,<code>dw&amp;ae;sce&amp;d;</code>,1,0.0042735
27,eadgum,<code>eadgum</code>,1,0.0042735
27,eagum,<code>eagum</code>,1,0.0042735
27,ealle,<code>ealle</code>,1,0.0042735
27,earmum,<code>earmum</code>,1,0.0042735
27,ende,<code>ende</code>,1,0.0042735
27,es,<code>es</code>,1,0.0042735
27,etenge,<code>etenge</code>,1,0.0042735
27,f&aelig;der,<code>f&amp;ae;der</code>,1,0.0042735
27,f&aelig;ger,<code>f&amp;ae;ger</code>,1,0.0042735
27,fare&eth;,<code>fare&amp;d;</code>,1,0.0042735
27,fele&eth;,<code>fele&amp;d;</code>,1,0.0042735
27,fer&thorn;um,<code>fer&amp;t;um</code>,1,0.0042735
27,ferende,<code>ferende</code>,1,0.0042735
27,firene,<code>firene</code>,1,0.0042735
27,for&eth;gesceaft,<code>for&amp;d;gesceaft</code>,1,0.0042735
27,freolic,<code>freolic</code>,1,0.0042735
27,frodra,<code>frodra</code>,1,0.0042735
27,fromast,<code>fromast</code>,1,0.0042735
27,fter,<code>fter</code>,1,0.0042735
27,funda&eth;,<code>funda&amp;d;</code>,1,0.0042735
27,fyrn,<code>fyrn</code>,1,0.0042735
27,g&aelig;,<code>g&amp;ae;</code>,1,0.0042735
27,ge,<code>ge</code>,1,0.0042735
27,gearora,<code>gearora</code>,1,0.0042735
27,gecy&thorn;an,<code>gecy&amp;t;an</code>,1,0.0042735
27,gehladen,<code>gehladen</code>,1,0.0042735
27,gehroden,<code>gehroden</code>,1,0.0042735
27,gemiclad,<code>gemiclad</code>,1,0.0042735
27,geofum,<code>geofum</code>,1,0.0042735
27,geond,<code>geond</code>,1,0.0042735
27,geopena,<code>geopena</code>,1,0.0042735
27,gesweotlad,<code>gesweotlad</code>,1,0.0042735
27,get&aelig;se,<code>get&amp;ae;se</code>,1,0.0042735
27,getenge,<code>getenge</code>,1,0.0042735
27,geweor&thorn;ad,<code>geweor&amp;t;ad</code>,1,0.0042735
27,gewlitegad,<code>gewlitegad</code>,1,0.0042735
27,gifrost,<code>gifrost</code>,1,0.0042735
27,gimmum,<code>gimmum</code>,1,0.0042735
27,gleaw,<code>gleaw</code>,1,0.0042735
27,gr&aelig;dgost,<code>gr&amp;ae;dgost</code>,1,0.0042735
27,grimme,<code>grimme</code>,1,0.0042735
27,grundbedd,<code>grundbedd</code>,1,0.0042735
27,grunde,<code>grunde</code>,1,0.0042735
27,grymeta&eth;,<code>grymeta&amp;d;</code>,1,0.0042735
27,h,<code>h</code>,1,0.0042735
27,hafa&eth;,<code>hafa&amp;d;</code>,1,0.0042735
27,heardra,<code>heardra</code>,1,0.0042735
27,hio,<code>hio</code>,1,0.0042735
27,hordum,<code>hordum</code>,1,0.0042735
27,hordword,<code>hordword</code>,1,0.0042735
27,hreoh,<code>hreoh</code>,1,0.0042735
27,hreren,<code>hreren</code>,1,0.0042735
27,hrif,<code>hrif</code>,1,0.0042735
27,hrine&eth;,<code>hrine&amp;d;</code>,1,0.0042735
27,hy,<code>hy</code>,1,0.0042735
27,hyhste,<code>hyhste</code>,1,0.0042735
27,len,<code>len</code>,1,0.0042735
27,leof,<code>leof</code>,1,0.0042735
27,lyfte,<code>lyfte</code>,1,0.0042735
27,m&aelig;ge,<code>m&amp;ae;ge</code>,1,0.0042735
27,m&aelig;gene,<code>m&amp;ae;gene</code>,1,0.0042735
27,m&aelig;re,<code>m&amp;ae;re</code>,1,0.0042735
27,m&aelig;rra,<code>m&amp;ae;rra</code>,1,0.0042735
27,magon,<code>magon</code>,1,0.0042735
27,meaht,<code>meaht</code>,1,0.0042735
27,mengo,<code>mengo</code>,1,0.0042735
27,meotudes,<code>meotudes</code>,1,0.0042735
27,micle,<code>micle</code>,1,0.0042735
27,moddor,<code>moddor</code>,1,0.0042735
27,mode,<code>mode</code>,1,0.0042735
27,modor,<code>modor</code>,1,0.0042735
27,mon,<code>mon</code>,1,0.0042735
27,monigra,<code>monigra</code>,1,0.0042735
27,n&aelig;nig,<code>n&amp;ae;nig</code>,1,0.0042735
27,nearograp,<code>nearograp</code>,1,0.0042735
27,neol,<code>neol</code>,1,0.0042735
27,o&thorn;er,<code>o&amp;t;er</code>,1,0.0042735
27,o&thorn;rum,<code>o&amp;t;rum</code>,1,0.0042735
27,ofer,<code>ofer</code>,1,0.0042735
27,on,<code>on</code>,1,0.0042735
27,onhlid,<code>onhlid</code>,1,0.0042735
27,onne,<code>onne</code>,1,0.0042735
27,or,<code>or</code>,1,0.0042735
27,re&thorn;e,<code>re&amp;t;e</code>,1,0.0042735
27,risse,<code>risse</code>,1,0.0042735
27,ryne,<code>ryne</code>,1,0.0042735
27,sawe,<code>sawe</code>,1,0.0042735
27,sceafte,<code>sceafte</code>,1,0.0042735
27,searwum,<code>searwum</code>,1,0.0042735
27,sellic,<code>sellic</code>,1,0.0042735
27,sio,<code>sio</code>,1,0.0042735
27,snottor,<code>snottor</code>,1,0.0042735
27,stanum,<code>stanum</code>,1,0.0042735
27,stormum,<code>stormum</code>,1,0.0042735
27,strongne,<code>strongne</code>,1,0.0042735
27,sunu,<code>sunu</code>,1,0.0042735
27,swa,<code>swa</code>,1,0.0042735
27,swi&thorn;ost,<code>swi&amp;t;ost</code>,1,0.0042735
27,swylce,<code>swylce</code>,1,0.0042735
27,sy,<code>sy</code>,1,0.0042735
27,timbred,<code>timbred</code>,1,0.0042735
27,tride&thorn;,<code>tride&amp;t;</code>,1,0.0042735
27,tydre&eth;,<code>tydre&amp;d;</code>,1,0.0042735
27,under,<code>under</code>,1,0.0042735
27,utan,<code>utan</code>,1,0.0042735
27,w&aelig;s,<code>w&amp;ae;s</code>,1,0.0042735
27,w&aelig;stmum,<code>w&amp;ae;stmum</code>,1,0.0042735
27,wafia&eth;,<code>wafia&amp;d;</code>,1,0.0042735
27,weall,<code>weall</code>,1,0.0042735
27,wer&thorn;eode,<code>wer&amp;t;eode</code>,1,0.0042735
27,weras,<code>weras</code>,1,0.0042735
27,wife&eth;,<code>wife&amp;d;</code>,1,0.0042735
27,wiht,<code>wiht</code>,1,0.0042735
27,wihta,<code>wihta</code>,1,0.0042735
27,wisan,<code>wisan</code>,1,0.0042735
27,wistum,<code>wistum</code>,1,0.0042735
27,wlitig,<code>wlitig</code>,1,0.0042735
27,wlitiga&eth;,<code>wlitiga&amp;d;</code>,1,0.0042735
27,wloncum,<code>wloncum</code>,1,0.0042735
27,worldbearna,<code>worldbearna</code>,1,0.0042735
27,worulde,<code>worulde</code>,1,0.0042735
27,wreoh,<code>wreoh</code>,1,0.0042735
27,wuldor,<code>wuldor</code>,1,0.0042735
27,wuldorgimm,<code>wuldorgimm</code>,1,0.0042735
27,wuldornyttingum,<code>wuldornyttingum</code>,1,0.0042735
27,wundigen,<code>wundigen</code>,1,0.0042735
27,wundra,<code>wundra</code>,1,0.0042735
27,wurde,<code>wurde</code>,1,0.0042735
