A_Poetry,A03,A03.034.013_Rid_73_T01150.txt,115,101,142
RANK,HTML WORD,RAW WORD,COUNT,RELATIVE FREQUENCY
1,ic,<code>ic</code>,5,0.0352113
1,on,<code>on</code>,5,0.0352113
1,ond,<code>ond</code>,5,0.0352113
4,mec,<code>mec</code>,4,0.0281690
5,&thorn;&aelig;t,<code>&amp;t;&amp;ae;t</code>,3,0.0211268
5,of,<code>of</code>,3,0.0211268
7,&aelig;r,<code>&amp;ae;r</code>,2,0.0140845
7,&thorn;a,<code>&amp;t;a</code>,2,0.0140845
7,&thorn;e,<code>&amp;t;e</code>,2,0.0140845
7,cr&aelig;fte,<code>cr&amp;ae;fte</code>,2,0.0140845
7,hwilum,<code>hwilum</code>,2,0.0140845
7,me,<code>me</code>,2,0.0140845
7,mine,<code>mine</code>,2,0.0140845
7,wisan,<code>wisan</code>,2,0.0140845
15,&aelig;fter,<code>&amp;ae;fter</code>,1,0.0070423
15,&thorn;&aelig;r,<code>&amp;t;&amp;ae;r</code>,1,0.0070423
15,&thorn;&aelig;re,<code>&amp;t;&amp;ae;re</code>,1,0.0070423
15,&thorn;am,<code>&amp;t;am</code>,1,0.0070423
15,&thorn;eode,<code>&amp;t;eode</code>,1,0.0070423
15,&thorn;eofes,<code>&amp;t;eofes</code>,1,0.0070423
15,&thorn;onan,<code>&amp;t;onan</code>,1,0.0070423
15,&thorn;onne,<code>&amp;t;onne</code>,1,0.0070423
15,&thorn;ristra,<code>&amp;t;ristra</code>,1,0.0070423
15,an,<code>an</code>,1,0.0070423
15,aweox,<code>aweox</code>,1,0.0070423
15,beheold,<code>beheold</code>,1,0.0070423
15,bescine&eth;,<code>bescine&amp;d;</code>,1,0.0070423
15,bonan,<code>bonan</code>,1,0.0070423
15,br&aelig;gnlocan,<code>br&amp;ae;gnlocan</code>,1,0.0070423
15,brece,<code>brece</code>,1,0.0070423
15,bugan,<code>bugan</code>,1,0.0070423
15,bysigo,<code>bysigo</code>,1,0.0070423
15,cu&eth;,<code>cu&amp;d;</code>,1,0.0070423
15,cunne,<code>cunne</code>,1,0.0070423
15,cwic,<code>cwic</code>,1,0.0070423
15,d&aelig;l,<code>d&amp;ae;l</code>,1,0.0070423
15,deag,<code>deag</code>,1,0.0070423
15,dlan,<code>dlan</code>,1,0.0070423
15,dome,<code>dome</code>,1,0.0070423
15,e&thorn;elf&aelig;sten,<code>e&amp;t;elf&amp;ae;sten</code>,1,0.0070423
15,earde,<code>earde</code>,1,0.0070423
15,eawunga,<code>eawunga</code>,1,0.0070423
15,eaxle,<code>eaxle</code>,1,0.0070423
15,ec,<code>ec</code>,1,0.0070423
15,ellen,<code>ellen</code>,1,0.0070423
15,eom,<code>eom</code>,1,0.0070423
15,eorp,<code>eorp</code>,1,0.0070423
15,f&aelig;gre,<code>f&amp;ae;gre</code>,1,0.0070423
15,fealwe,<code>fealwe</code>,1,0.0070423
15,feddon,<code>feddon</code>,1,0.0070423
15,feorma&eth;,<code>feorma&amp;d;</code>,1,0.0070423
15,feringe,<code>feringe</code>,1,0.0070423
15,folme,<code>folme</code>,1,0.0070423
15,for&eth;weard,<code>for&amp;d;weard</code>,1,0.0070423
15,frean,<code>frean</code>,1,0.0070423
15,fremman,<code>fremman</code>,1,0.0070423
15,fri&eth;,<code>fri&amp;d;</code>,1,0.0070423
15,frodne,<code>frodne</code>,1,0.0070423
15,from,<code>from</code>,1,0.0070423
15,fus,<code>fus</code>,1,0.0070423
15,fyrd,<code>fyrd</code>,1,0.0070423
15,gearum,<code>gearum</code>,1,0.0070423
15,gecynde,<code>gecynde</code>,1,0.0070423
15,gedydon,<code>gedydon</code>,1,0.0070423
15,gegyrde,<code>gegyrde</code>,1,0.0070423
15,gesceape,<code>gesceape</code>,1,0.0070423
15,gif,<code>gif</code>,1,0.0070423
15,grome,<code>grome</code>,1,0.0070423
15,h&aelig;fde,<code>h&amp;ae;fde</code>,1,0.0070423
15,h&aelig;fte,<code>h&amp;ae;fte</code>,1,0.0070423
15,hatte,<code>hatte</code>,1,0.0070423
15,he,<code>he</code>,1,0.0070423
15,hea&thorn;osigel,<code>hea&amp;t;osigel</code>,1,0.0070423
15,heofonwolcn,<code>heofonwolcn</code>,1,0.0070423
15,his,<code>his</code>,1,0.0070423
15,hruse,<code>hruse</code>,1,0.0070423
15,hw&aelig;t,<code>hw&amp;ae;t</code>,1,0.0070423
15,ipe,<code>ipe</code>,1,0.0070423
15,is,<code>is</code>,1,0.0070423
15,m&aelig;,<code>m&amp;ae;</code>,1,0.0070423
15,mines,<code>mines</code>,1,0.0070423
15,minum,<code>minum</code>,1,0.0070423
15,nu,<code>nu</code>,1,0.0070423
15,o&thorn;&thorn;&aelig;t,<code>o&amp;t;&amp;t;&amp;ae;t</code>,1,0.0070423
15,o&thorn;&thorn;e,<code>o&amp;t;&amp;t;e</code>,1,0.0070423
15,onhwyrfdon,<code>onhwyrfdon</code>,1,0.0070423
15,onwendan,<code>onwendan</code>,1,0.0070423
15,ri,<code>ri</code>,1,0.0070423
15,saga,<code>saga</code>,1,0.0070423
15,sceolde,<code>sceolde</code>,1,0.0070423
15,scir,<code>scir</code>,1,0.0070423
15,se,<code>se</code>,1,0.0070423
15,sidan,<code>sidan</code>,1,0.0070423
15,sm&aelig;l,<code>sm&amp;ae;l</code>,1,0.0070423
15,sum,<code>sum</code>,1,0.0070423
15,swiora,<code>swiora</code>,1,0.0070423
15,to,<code>to</code>,1,0.0070423
15,under,<code>under</code>,1,0.0070423
15,utan,<code>utan</code>,1,0.0070423
15,w,<code>w</code>,1,0.0070423
15,we,<code>we</code>,1,0.0070423
15,wegedon,<code>wegedon</code>,1,0.0070423
15,wende&eth;,<code>wende&amp;d;</code>,1,0.0070423
15,wi&thorn;,<code>wi&amp;t;</code>,1,0.0070423
15,wicum,<code>wicum</code>,1,0.0070423
15,wide,<code>wide</code>,1,0.0070423
15,wiga,<code>wiga</code>,1,0.0070423
15,wige&eth;,<code>wige&amp;d;</code>,1,0.0070423
15,willan,<code>willan</code>,1,0.0070423
15,wo,<code>wo</code>,1,0.0070423
15,wonge,<code>wonge</code>,1,0.0070423
15,wrohtst&aelig;p,<code>wrohtst&amp;ae;p</code>,1,0.0070423
15,wunode,<code>wunode</code>,1,0.0070423
15,wurdon,<code>wurdon</code>,1,0.0070423
15,wyrcan,<code>wyrcan</code>,1,0.0070423
