A_Poetry,A03,A03.022.012_Rid_12_T00430.txt,70,65,82
RANK,HTML WORD,RAW WORD,COUNT,RELATIVE FREQUENCY
1,hwilum,<code>hwilum</code>,5,0.0609756
1,ic,<code>ic</code>,5,0.0609756
3,me,<code>me</code>,3,0.0365854
4,fotum,<code>fotum</code>,2,0.0243902
4,ond,<code>ond</code>,2,0.0243902
6,&aelig;fter,<code>&amp;ae;fter</code>,1,0.0121951
6,&thorn;e,<code>&amp;t;e</code>,1,0.0121951
6,&thorn;enden,<code>&amp;t;enden</code>,1,0.0121951
6,&thorn;eowige,<code>&amp;t;eowige</code>,1,0.0121951
6,&thorn;y&eth;,<code>&amp;t;y&amp;d;</code>,1,0.0121951
6,beorne,<code>beorne</code>,1,0.0121951
6,bere,<code>bere</code>,1,0.0121951
6,binde,<code>binde</code>,1,0.0121951
6,bosme,<code>bosme</code>,1,0.0121951
6,broht,<code>broht</code>,1,0.0121951
6,bryd,<code>bryd</code>,1,0.0121951
6,dea&thorn;e,<code>dea&amp;t;e</code>,1,0.0121951
6,deorcum,<code>deorcum</code>,1,0.0121951
6,deorum,<code>deorum</code>,1,0.0121951
6,dol,<code>dol</code>,1,0.0121951
6,drincan,<code>drincan</code>,1,0.0121951
6,druncmennen,<code>druncmennen</code>,1,0.0121951
6,dryhtum,<code>dryhtum</code>,1,0.0121951
6,f&aelig;&eth;me,<code>f&amp;ae;&amp;d;me</code>,1,0.0121951
6,f&aelig;gre,<code>f&amp;ae;gre</code>,1,0.0121951
6,f&aelig;ste,<code>f&amp;ae;ste</code>,1,0.0121951
6,felawlonc,<code>felawlonc</code>,1,0.0121951
6,feorh,<code>feorh</code>,1,0.0121951
6,feorran,<code>feorran</code>,1,0.0121951
6,fere,<code>fere</code>,1,0.0121951
6,foldan,<code>foldan</code>,1,0.0121951
6,fyre,<code>fyre</code>,1,0.0121951
6,g&aelig;st,<code>g&amp;ae;st</code>,1,0.0121951
6,geneahhe,<code>geneahhe</code>,1,0.0121951
6,geond,<code>geond</code>,1,0.0121951
6,gif,<code>gif</code>,1,0.0121951
6,grene,<code>grene</code>,1,0.0121951
6,hatte,<code>hatte</code>,1,0.0121951
6,hond,<code>hond</code>,1,0.0121951
6,hw&aelig;t,<code>hw&amp;ae;t</code>,1,0.0121951
6,hwyrfe&eth;,<code>hwyrfe&amp;d;</code>,1,0.0121951
6,hygegalan,<code>hygegalan</code>,1,0.0121951
6,in,<code>in</code>,1,0.0121951
6,lifgende,<code>lifgende</code>,1,0.0121951
6,lond,<code>lond</code>,1,0.0121951
6,losa&eth;,<code>losa&amp;d;</code>,1,0.0121951
6,mec,<code>mec</code>,1,0.0121951
6,men,<code>men</code>,1,0.0121951
6,nihtum,<code>nihtum</code>,1,0.0121951
6,of,<code>of</code>,1,0.0121951
6,on,<code>on</code>,1,0.0121951
6,reafige,<code>reafige</code>,1,0.0121951
6,saga,<code>saga</code>,1,0.0121951
6,sellan,<code>sellan</code>,1,0.0121951
6,selle,<code>selle</code>,1,0.0121951
6,slite,<code>slite</code>,1,0.0121951
6,stica&thorn;,<code>stica&amp;t;</code>,1,0.0121951
6,swearte,<code>swearte</code>,1,0.0121951
6,sweartne,<code>sweartne</code>,1,0.0121951
6,swife&eth;,<code>swife&amp;d;</code>,1,0.0121951
6,to,<code>to</code>,1,0.0121951
6,triede&eth;,<code>triede&amp;d;</code>,1,0.0121951
6,w&aelig;te&eth;,<code>w&amp;ae;te&amp;d;</code>,1,0.0121951
6,w&aelig;tre,<code>w&amp;ae;tre</code>,1,0.0121951
6,wale,<code>wale</code>,1,0.0121951
6,wealas,<code>wealas</code>,1,0.0121951
6,wege&eth;,<code>wege&amp;d;</code>,1,0.0121951
6,wonfeax,<code>wonfeax</code>,1,0.0121951
6,wongas,<code>wongas</code>,1,0.0121951
6,wyrme&eth;,<code>wyrme&amp;d;</code>,1,0.0121951
