A_Poetry,A03,A03.020_Deor_T00300.txt,153,127,224
RANK,HTML WORD,RAW WORD,COUNT,RELATIVE FREQUENCY
1,&thorn;&aelig;t,<code>&amp;t;&amp;ae;t</code>,13,0.0580357
2,swa,<code>swa</code>,8,0.0357143
3,&thorn;&aelig;s,<code>&amp;t;&amp;ae;s</code>,7,0.0312500
3,m&aelig;g,<code>m&amp;ae;g</code>,7,0.0312500
5,&thorn;isses,<code>&amp;t;isses</code>,6,0.0267857
5,ofereode,<code>ofereode</code>,6,0.0267857
5,w&aelig;s,<code>w&amp;ae;s</code>,6,0.0267857
8,on,<code>on</code>,5,0.0223214
9,ahte,<code>ahte</code>,3,0.0133929
9,ic,<code>ic</code>,3,0.0133929
9,me,<code>me</code>,3,0.0133929
12,d&aelig;l,<code>d&amp;ae;l</code>,2,0.0089286
12,ge&thorn;encan,<code>ge&amp;t;encan</code>,2,0.0089286
12,geneahhe,<code>geneahhe</code>,2,0.0089286
12,h&aelig;fde,<code>h&amp;ae;fde</code>,2,0.0089286
12,heo,<code>heo</code>,2,0.0089286
12,him,<code>him</code>,2,0.0089286
12,hyre,<code>hyre</code>,2,0.0089286
12,monegum,<code>monegum</code>,2,0.0089286
12,monn,<code>monn</code>,2,0.0089286
12,ne,<code>ne</code>,2,0.0089286
12,sefan,<code>sefan</code>,2,0.0089286
12,sylfum,<code>sylfum</code>,2,0.0089286
12,we,<code>we</code>,2,0.0089286
12,wean,<code>wean</code>,2,0.0089286
12,wintra,<code>wintra</code>,2,0.0089286
27,&aelig;fre,<code>&amp;ae;fre</code>,1,0.0044643
27,&aelig;r,<code>&amp;ae;r</code>,1,0.0044643
27,&eth;eodric,<code>&amp;d;eodric</code>,1,0.0044643
27,&thorn;as,<code>&amp;t;as</code>,1,0.0044643
27,&thorn;ince&eth;,<code>&amp;t;ince&amp;d;</code>,1,0.0044643
27,&thorn;ing,<code>&amp;t;ing</code>,1,0.0044643
27,&thorn;onne,<code>&amp;t;onne</code>,1,0.0044643
27,&thorn;riste,<code>&amp;t;riste</code>,1,0.0044643
27,&thorn;ritig,<code>&amp;t;ritig</code>,1,0.0044643
27,anhydig,<code>anhydig</code>,1,0.0044643
27,are,<code>are</code>,1,0.0044643
27,be,<code>be</code>,1,0.0044643
27,beadohilde,<code>beadohilde</code>,1,0.0044643
27,bi,<code>bi</code>,1,0.0044643
27,bid&aelig;led,<code>bid&amp;ae;led</code>,1,0.0044643
27,binom,<code>binom</code>,1,0.0044643
27,bl&aelig;d,<code>bl&amp;ae;d</code>,1,0.0044643
27,bro&thorn;ra,<code>bro&amp;t;ra</code>,1,0.0044643
27,burg,<code>burg</code>,1,0.0044643
27,cu&thorn;,<code>cu&amp;t;</code>,1,0.0044643
27,cunnade,<code>cunnade</code>,1,0.0044643
27,cynerices,<code>cynerices</code>,1,0.0044643
27,cyning,<code>cyning</code>,1,0.0044643
27,dea&thorn;,<code>dea&amp;t;</code>,1,0.0044643
27,deor,<code>deor</code>,1,0.0044643
27,dreag,<code>dreag</code>,1,0.0044643
27,dryhten,<code>dryhten</code>,1,0.0044643
27,dryhtne,<code>dryhtne</code>,1,0.0044643
27,dyre,<code>dyre</code>,1,0.0044643
27,eacen,<code>eacen</code>,1,0.0044643
27,ealle,<code>ealle</code>,1,0.0044643
27,earfo&eth;a,<code>earfo&amp;d;a</code>,1,0.0044643
27,earfo&thorn;a,<code>earfo&amp;t;a</code>,1,0.0044643
27,endeleas,<code>endeleas</code>,1,0.0044643
27,eorl,<code>eorl</code>,1,0.0044643
27,eorla,<code>eorla</code>,1,0.0044643
27,eorle,<code>eorle</code>,1,0.0044643
27,eormanrices,<code>eormanrices</code>,1,0.0044643
27,fela,<code>fela</code>,1,0.0044643
27,folc,<code>folc</code>,1,0.0044643
27,folga&eth;,<code>folga&amp;d;</code>,1,0.0044643
27,frige,<code>frige</code>,1,0.0044643
27,ge&thorn;ah,<code>ge&amp;t;ah</code>,1,0.0044643
27,ge&thorn;oht,<code>ge&amp;t;oht</code>,1,0.0044643
27,gearolice,<code>gearolice</code>,1,0.0044643
27,geascodan,<code>geascodan</code>,1,0.0044643
27,geates,<code>geates</code>,1,0.0044643
27,gebunden,<code>gebunden</code>,1,0.0044643
27,gefrugnon,<code>gefrugnon</code>,1,0.0044643
27,geond,<code>geond</code>,1,0.0044643
27,gesceawa&eth;,<code>gesceawa&amp;d;</code>,1,0.0044643
27,gesealde,<code>gesealde</code>,1,0.0044643
27,gesi&thorn;&thorn;e,<code>gesi&amp;t;&amp;t;e</code>,1,0.0044643
27,gotena,<code>gotena</code>,1,0.0044643
27,grim,<code>grim</code>,1,0.0044643
27,grundlease,<code>grundlease</code>,1,0.0044643
27,heodeninga,<code>heodeninga</code>,1,0.0044643
27,heorrenda,<code>heorrenda</code>,1,0.0044643
27,hi,<code>hi</code>,1,0.0044643
27,hine,<code>hine</code>,1,0.0044643
27,hlaford,<code>hlaford</code>,1,0.0044643
27,hleo,<code>hleo</code>,1,0.0044643
27,holdne,<code>holdne</code>,1,0.0044643
27,hu,<code>hu</code>,1,0.0044643
27,hwile,<code>hwile</code>,1,0.0044643
27,legde,<code>legde</code>,1,0.0044643
27,leo&eth;cr&aelig;ftig,<code>leo&amp;d;cr&amp;ae;ftig</code>,1,0.0044643
27,londryht,<code>londryht</code>,1,0.0044643
27,longa&thorn;,<code>longa&amp;t;</code>,1,0.0044643
27,m&aelig;&eth;hilde,<code>m&amp;ae;&amp;d;hilde</code>,1,0.0044643
27,m&aelig;ringa,<code>m&amp;ae;ringa</code>,1,0.0044643
27,meahte,<code>meahte</code>,1,0.0044643
27,monge,<code>monge</code>,1,0.0044643
27,monig,<code>monig</code>,1,0.0044643
27,nede,<code>nede</code>,1,0.0044643
27,ni&eth;had,<code>ni&amp;d;had</code>,1,0.0044643
27,noma,<code>noma</code>,1,0.0044643
27,nu,<code>nu</code>,1,0.0044643
27,o&thorn;&thorn;&aelig;t,<code>o&amp;t;&amp;t;&amp;ae;t</code>,1,0.0044643
27,ofercumen,<code>ofercumen</code>,1,0.0044643
27,oft,<code>oft</code>,1,0.0044643
27,ond,<code>ond</code>,1,0.0044643
27,onfond,<code>onfond</code>,1,0.0044643
27,ongieten,<code>ongieten</code>,1,0.0044643
27,rices,<code>rices</code>,1,0.0044643
27,s&aelig;lum,<code>s&amp;ae;lum</code>,1,0.0044643
27,s&aelig;t,<code>s&amp;ae;t</code>,1,0.0044643
27,sar,<code>sar</code>,1,0.0044643
27,sceolde,<code>sceolde</code>,1,0.0044643
27,scop,<code>scop</code>,1,0.0044643
27,secg,<code>secg</code>,1,0.0044643
27,secgan,<code>secgan</code>,1,0.0044643
27,seo,<code>seo</code>,1,0.0044643
27,seonobende,<code>seonobende</code>,1,0.0044643
27,si&thorn;&thorn;an,<code>si&amp;t;&amp;t;an</code>,1,0.0044643
27,site&eth;,<code>site&amp;d;</code>,1,0.0044643
27,sl&aelig;p,<code>sl&amp;ae;p</code>,1,0.0044643
27,sorgcearig,<code>sorgcearig</code>,1,0.0044643
27,sorge,<code>sorge</code>,1,0.0044643
27,sorglufu,<code>sorglufu</code>,1,0.0044643
27,sorgum,<code>sorgum</code>,1,0.0044643
27,sumum,<code>sumum</code>,1,0.0044643
27,sweorce&eth;,<code>sweorce&amp;d;</code>,1,0.0044643
27,swoncre,<code>swoncre</code>,1,0.0044643
27,sy,<code>sy</code>,1,0.0044643
27,sylfre,<code>sylfre</code>,1,0.0044643
27,syllan,<code>syllan</code>,1,0.0044643
27,tilne,<code>tilne</code>,1,0.0044643
27,to,<code>to</code>,1,0.0044643
27,w&aelig;re,<code>w&amp;ae;re</code>,1,0.0044643
27,weana,<code>weana</code>,1,0.0044643
27,welund,<code>welund</code>,1,0.0044643
27,wenan,<code>wenan</code>,1,0.0044643
27,wende&thorn;,<code>wende&amp;t;</code>,1,0.0044643
27,wide,<code>wide</code>,1,0.0044643
27,wille,<code>wille</code>,1,0.0044643
27,wintercealde,<code>wintercealde</code>,1,0.0044643
27,wislicne,<code>wislicne</code>,1,0.0044643
27,witig,<code>witig</code>,1,0.0044643
27,woruld,<code>woruld</code>,1,0.0044643
27,wr&aelig;ce,<code>wr&amp;ae;ce</code>,1,0.0044643
27,wr&aelig;ces,<code>wr&amp;ae;ces</code>,1,0.0044643
27,wurdon,<code>wurdon</code>,1,0.0044643
27,wurman,<code>wurman</code>,1,0.0044643
27,wylfenne,<code>wylfenne</code>,1,0.0044643
27,wyscte,<code>wyscte</code>,1,0.0044643
27,ymb,<code>ymb</code>,1,0.0044643
