A_Poetry,A03,A03.003_Az_T00130.txt,599,458,1064
RANK,HTML WORD,RAW WORD,COUNT,RELATIVE FREQUENCY
1,ond,<code>ond</code>,60,0.0563910
2,&thorn;&aelig;t,<code>&amp;t;&amp;ae;t</code>,17,0.0159774
2,to,<code>to</code>,17,0.0159774
4,dryhten,<code>dryhten</code>,16,0.0150376
5,&thorn;ec,<code>&amp;t;ec</code>,15,0.0140977
6,&thorn;a,<code>&amp;t;a</code>,13,0.0122180
6,&thorn;urh,<code>&amp;t;urh</code>,13,0.0122180
6,in,<code>in</code>,13,0.0122180
9,&thorn;am,<code>&amp;t;am</code>,10,0.0093985
9,&thorn;e,<code>&amp;t;e</code>,10,0.0093985
9,se,<code>se</code>,10,0.0093985
12,on,<code>on</code>,9,0.0084586
12,swa,<code>swa</code>,9,0.0084586
12,we,<code>we</code>,9,0.0084586
15,&thorn;u,<code>&amp;t;u</code>,8,0.0075188
15,cyning,<code>cyning</code>,8,0.0075188
15,god,<code>god</code>,8,0.0075188
15,nu,<code>nu</code>,8,0.0075188
15,us,<code>us</code>,8,0.0075188
20,ece,<code>ece</code>,7,0.0065789
20,waldend,<code>waldend</code>,7,0.0065789
22,for,<code>for</code>,6,0.0056391
22,hergen,<code>hergen</code>,6,0.0056391
22,him,<code>him</code>,6,0.0056391
22,mid,<code>mid</code>,6,0.0056391
22,ne,<code>ne</code>,6,0.0056391
27,&thorn;ine,<code>&amp;t;ine</code>,5,0.0046992
27,ac,<code>ac</code>,5,0.0046992
27,bletsien,<code>bletsien</code>,5,0.0046992
27,ealle,<code>ealle</code>,5,0.0046992
27,f&aelig;der,<code>f&amp;ae;der</code>,5,0.0046992
27,geond,<code>geond</code>,5,0.0046992
27,hi,<code>hi</code>,5,0.0046992
27,of,<code>of</code>,5,0.0046992
27,w&aelig;s,<code>w&amp;ae;s</code>,5,0.0046992
27,w&aelig;ter,<code>w&amp;ae;ter</code>,5,0.0046992
37,&thorn;&aelig;r,<code>&amp;t;&amp;ae;r</code>,4,0.0037594
37,&thorn;in,<code>&amp;t;in</code>,4,0.0037594
37,&thorn;one,<code>&amp;t;one</code>,4,0.0037594
37,bearn,<code>bearn</code>,4,0.0037594
37,eac,<code>eac</code>,4,0.0037594
37,engel,<code>engel</code>,4,0.0037594
37,he,<code>he</code>,4,0.0037594
37,meotud,<code>meotud</code>,4,0.0037594
45,&eth;a,<code>&amp;d;a</code>,3,0.0028195
45,&thorn;&aelig;s,<code>&amp;t;&amp;ae;s</code>,3,0.0028195
45,&thorn;as,<code>&amp;t;as</code>,3,0.0028195
45,&thorn;onne,<code>&amp;t;onne</code>,3,0.0028195
45,&thorn;ry,<code>&amp;t;ry</code>,3,0.0028195
45,bletsige,<code>bletsige</code>,3,0.0028195
45,bryne,<code>bryne</code>,3,0.0028195
45,deop,<code>deop</code>,3,0.0028195
45,fela,<code>fela</code>,3,0.0028195
45,frean,<code>frean</code>,3,0.0028195
45,fyr,<code>fyr</code>,3,0.0028195
45,had,<code>had</code>,3,0.0028195
45,halig,<code>halig</code>,3,0.0028195
45,his,<code>his</code>,3,0.0028195
45,hyra,<code>hyra</code>,3,0.0028195
45,hyrde,<code>hyrde</code>,3,0.0028195
45,leoman,<code>leoman</code>,3,0.0028195
45,lifgende,<code>lifgende</code>,3,0.0028195
45,lig,<code>lig</code>,3,0.0028195
45,meotod,<code>meotod</code>,3,0.0028195
45,milde,<code>milde</code>,3,0.0028195
45,miltsum,<code>miltsum</code>,3,0.0028195
45,ofer,<code>ofer</code>,3,0.0028195
45,so&eth;f&aelig;st,<code>so&amp;d;f&amp;ae;st</code>,3,0.0028195
45,ymb,<code>ymb</code>,3,0.0028195
70,&aelig;fter,<code>&amp;ae;fter</code>,2,0.0018797
70,&aelig;r,<code>&amp;ae;r</code>,2,0.0018797
70,&thorn;eoda,<code>&amp;t;eoda</code>,2,0.0018797
70,&thorn;on,<code>&amp;t;on</code>,2,0.0018797
70,a,<code>a</code>,2,0.0018797
70,are,<code>are</code>,2,0.0018797
70,azarias,<code>azarias</code>,2,0.0018797
70,bibod,<code>bibod</code>,2,0.0018797
70,bilwit,<code>bilwit</code>,2,0.0018797
70,bl&aelig;d,<code>bl&amp;ae;d</code>,2,0.0018797
70,bremen,<code>bremen</code>,2,0.0018797
70,crist,<code>crist</code>,2,0.0018797
70,cwom,<code>cwom</code>,2,0.0018797
70,dryhtnes,<code>dryhtnes</code>,2,0.0018797
70,eart,<code>eart</code>,2,0.0018797
70,ecne,<code>ecne</code>,2,0.0018797
70,eor&eth;welan,<code>eor&amp;d;welan</code>,2,0.0018797
70,eor&thorn;an,<code>eor&amp;t;an</code>,2,0.0018797
70,eorl,<code>eorl</code>,2,0.0018797
70,felameahtigne,<code>felameahtigne</code>,2,0.0018797
70,folca,<code>folca</code>,2,0.0018797
70,ful,<code>ful</code>,2,0.0018797
70,fyres,<code>fyres</code>,2,0.0018797
70,g&aelig;sta,<code>g&amp;ae;sta</code>,2,0.0018797
70,g&aelig;stlufan,<code>g&amp;ae;stlufan</code>,2,0.0018797
70,gehwylc,<code>gehwylc</code>,2,0.0018797
70,geonge,<code>geonge</code>,2,0.0018797
70,georne,<code>georne</code>,2,0.0018797
70,gescop,<code>gescop</code>,2,0.0018797
70,gestod,<code>gestod</code>,2,0.0018797
70,halga,<code>halga</code>,2,0.0018797
70,halgan,<code>halgan</code>,2,0.0018797
70,haligne,<code>haligne</code>,2,0.0018797
70,haligra,<code>haligra</code>,2,0.0018797
70,hea,<code>hea</code>,2,0.0018797
70,hluttor,<code>hluttor</code>,2,0.0018797
70,hwearft,<code>hwearft</code>,2,0.0018797
70,ic,<code>ic</code>,2,0.0018797
70,is,<code>is</code>,2,0.0018797
70,l&aelig;test,<code>l&amp;ae;test</code>,2,0.0018797
70,leohtes,<code>leohtes</code>,2,0.0018797
70,lice,<code>lice</code>,2,0.0018797
70,lyft,<code>lyft</code>,2,0.0018797
70,meaht,<code>meaht</code>,2,0.0018797
70,meahtum,<code>meahtum</code>,2,0.0018797
70,meotudes,<code>meotudes</code>,2,0.0018797
70,miltse,<code>miltse</code>,2,0.0018797
70,modum,<code>modum</code>,2,0.0018797
70,monna,<code>monna</code>,2,0.0018797
70,oft,<code>oft</code>,2,0.0018797
70,sceal,<code>sceal</code>,2,0.0018797
70,sceolde,<code>sceolde</code>,2,0.0018797
70,scod,<code>scod</code>,2,0.0018797
70,scyppend,<code>scyppend</code>,2,0.0018797
70,si&thorn;&thorn;an,<code>si&amp;t;&amp;t;an</code>,2,0.0018797
70,so&eth;e,<code>so&amp;d;e</code>,2,0.0018797
70,unrime,<code>unrime</code>,2,0.0018797
70,wear&eth;,<code>wear&amp;d;</code>,2,0.0018797
70,weor&eth;ian,<code>weor&amp;d;ian</code>,2,0.0018797
70,wer,<code>wer</code>,2,0.0018797
70,wer&thorn;eode,<code>wer&amp;t;eode</code>,2,0.0018797
70,wi&eth;,<code>wi&amp;d;</code>,2,0.0018797
70,willan,<code>willan</code>,2,0.0018797
70,wis,<code>wis</code>,2,0.0018797
70,wolde,<code>wolde</code>,2,0.0018797
70,word,<code>word</code>,2,0.0018797
70,worulde,<code>worulde</code>,2,0.0018797
70,woruldsceafta,<code>woruldsceafta</code>,2,0.0018797
70,wuldor,<code>wuldor</code>,2,0.0018797
70,wuldorcyning,<code>wuldorcyning</code>,2,0.0018797
70,wuldorf&aelig;st,<code>wuldorf&amp;ae;st</code>,2,0.0018797
70,wuldorhoman,<code>wuldorhoman</code>,2,0.0018797
142,&aelig;,<code>&amp;ae;</code>,1,0.0009398
142,&aelig;f&aelig;stum,<code>&amp;ae;f&amp;ae;stum</code>,1,0.0009398
142,&aelig;htgewealda,<code>&amp;ae;htgewealda</code>,1,0.0009398
142,&aelig;lbeorhta,<code>&amp;ae;lbeorhta</code>,1,0.0009398
142,&aelig;led,<code>&amp;ae;led</code>,1,0.0009398
142,&aelig;lmihtig,<code>&amp;ae;lmihtig</code>,1,0.0009398
142,&aelig;rende,<code>&amp;ae;rende</code>,1,0.0009398
142,&aelig;sprynge,<code>&amp;ae;sprynge</code>,1,0.0009398
142,&aelig;tgongan,<code>&amp;ae;tgongan</code>,1,0.0009398
142,&eth;eoda,<code>&amp;d;eoda</code>,1,0.0009398
142,&eth;in,<code>&amp;d;in</code>,1,0.0009398
142,&eth;onne,<code>&amp;d;onne</code>,1,0.0009398
142,&thorn;&aelig;re,<code>&amp;t;&amp;ae;re</code>,1,0.0009398
142,&thorn;an,<code>&amp;t;an</code>,1,0.0009398
142,&thorn;eah,<code>&amp;t;eah</code>,1,0.0009398
142,&thorn;earfum,<code>&amp;t;earfum</code>,1,0.0009398
142,&thorn;enden,<code>&amp;t;enden</code>,1,0.0009398
142,&thorn;eoden,<code>&amp;t;eoden</code>,1,0.0009398
142,&thorn;eowas,<code>&amp;t;eowas</code>,1,0.0009398
142,&thorn;inne,<code>&amp;t;inne</code>,1,0.0009398
142,&thorn;reanyd,<code>&amp;t;reanyd</code>,1,0.0009398
142,&thorn;reanydum,<code>&amp;t;reanydum</code>,1,0.0009398
142,&thorn;rim,<code>&amp;t;rim</code>,1,0.0009398
142,abead,<code>abead</code>,1,0.0009398
142,abrahame,<code>abrahame</code>,1,0.0009398
142,acolmod,<code>acolmod</code>,1,0.0009398
142,acw&aelig;&eth;,<code>acw&amp;ae;&amp;d;</code>,1,0.0009398
142,acwellan,<code>acwellan</code>,1,0.0009398
142,ade,<code>ade</code>,1,0.0009398
142,ah,<code>ah</code>,1,0.0009398
142,allwihta,<code>allwihta</code>,1,0.0009398
142,ana,<code>ana</code>,1,0.0009398
142,ananias,<code>ananias</code>,1,0.0009398
142,anhydig,<code>anhydig</code>,1,0.0009398
142,anra,<code>anra</code>,1,0.0009398
142,arena,<code>arena</code>,1,0.0009398
142,b&aelig;don,<code>b&amp;ae;don</code>,1,0.0009398
142,b&aelig;le,<code>b&amp;ae;le</code>,1,0.0009398
142,bearg,<code>bearg</code>,1,0.0009398
142,bearnum,<code>bearnum</code>,1,0.0009398
142,beo&eth;,<code>beo&amp;d;</code>,1,0.0009398
142,beorgan,<code>beorgan</code>,1,0.0009398
142,beorht,<code>beorht</code>,1,0.0009398
142,beorhtne,<code>beorhtne</code>,1,0.0009398
142,bewr&aelig;ce,<code>bewr&amp;ae;ce</code>,1,0.0009398
142,bewreah,<code>bewreah</code>,1,0.0009398
142,bi,<code>bi</code>,1,0.0009398
142,bi&eth;,<code>bi&amp;d;</code>,1,0.0009398
142,bibodu,<code>bibodu</code>,1,0.0009398
142,bidda&thorn;,<code>bidda&amp;t;</code>,1,0.0009398
142,bigong,<code>bigong</code>,1,0.0009398
142,bihealde&eth;,<code>bihealde&amp;d;</code>,1,0.0009398
142,bilegde,<code>bilegde</code>,1,0.0009398
142,bittra,<code>bittra</code>,1,0.0009398
142,blace,<code>blace</code>,1,0.0009398
142,bledum,<code>bledum</code>,1,0.0009398
142,bletsia&eth;,<code>bletsia&amp;d;</code>,1,0.0009398
142,bletsian,<code>bletsian</code>,1,0.0009398
142,br&aelig;con,<code>br&amp;ae;con</code>,1,0.0009398
142,bradan,<code>bradan</code>,1,0.0009398
142,bradne,<code>bradne</code>,1,0.0009398
142,breahtmum,<code>breahtmum</code>,1,0.0009398
142,breahtumhwate,<code>breahtumhwate</code>,1,0.0009398
142,brego,<code>brego</code>,1,0.0009398
142,brice,<code>brice</code>,1,0.0009398
142,brime,<code>brime</code>,1,0.0009398
142,brimflodas,<code>brimflodas</code>,1,0.0009398
142,brynebrogan,<code>brynebrogan</code>,1,0.0009398
142,brytenrices,<code>brytenrices</code>,1,0.0009398
142,buga&eth;,<code>buga&amp;d;</code>,1,0.0009398
142,burgsittende,<code>burgsittende</code>,1,0.0009398
142,byrnende,<code>byrnende</code>,1,0.0009398
142,byrnendes,<code>byrnendes</code>,1,0.0009398
142,caldea,<code>caldea</code>,1,0.0009398
142,caldeas,<code>caldeas</code>,1,0.0009398
142,cenned,<code>cenned</code>,1,0.0009398
142,ceolas,<code>ceolas</code>,1,0.0009398
142,cl&aelig;num,<code>cl&amp;ae;num</code>,1,0.0009398
142,clife,<code>clife</code>,1,0.0009398
142,cniehtas,<code>cniehtas</code>,1,0.0009398
142,cnyhta,<code>cnyhta</code>,1,0.0009398
142,con,<code>con</code>,1,0.0009398
142,cr&aelig;ft,<code>cr&amp;ae;ft</code>,1,0.0009398
142,cw&aelig;don,<code>cw&amp;ae;don</code>,1,0.0009398
142,cyneryce,<code>cyneryce</code>,1,0.0009398
142,cynn,<code>cynn</code>,1,0.0009398
142,d&aelig;da,<code>d&amp;ae;da</code>,1,0.0009398
142,d&aelig;dhwatan,<code>d&amp;ae;dhwatan</code>,1,0.0009398
142,d&aelig;dum,<code>d&amp;ae;dum</code>,1,0.0009398
142,d&aelig;g,<code>d&amp;ae;g</code>,1,0.0009398
142,d&aelig;ges,<code>d&amp;ae;ges</code>,1,0.0009398
142,deor,<code>deor</code>,1,0.0009398
142,dom,<code>dom</code>,1,0.0009398
142,domas,<code>domas</code>,1,0.0009398
142,domf&aelig;st,<code>domf&amp;ae;st</code>,1,0.0009398
142,domlice,<code>domlice</code>,1,0.0009398
142,dreag,<code>dreag</code>,1,0.0009398
142,dreorung,<code>dreorung</code>,1,0.0009398
142,dropena,<code>dropena</code>,1,0.0009398
142,drugon,<code>drugon</code>,1,0.0009398
142,dugu&eth;e,<code>dugu&amp;d;e</code>,1,0.0009398
142,duna,<code>duna</code>,1,0.0009398
142,dydon,<code>dydon</code>,1,0.0009398
142,dyrne,<code>dyrne</code>,1,0.0009398
142,ea&eth;medum,<code>ea&amp;d;medum</code>,1,0.0009398
142,ea&eth;modheorte,<code>ea&amp;d;modheorte</code>,1,0.0009398
142,eal,<code>eal</code>,1,0.0009398
142,ealdgecynd,<code>ealdgecynd</code>,1,0.0009398
142,ealdornere,<code>ealdornere</code>,1,0.0009398
142,ealdre,<code>ealdre</code>,1,0.0009398
142,eall,<code>eall</code>,1,0.0009398
142,eargrund,<code>eargrund</code>,1,0.0009398
142,ege,<code>ege</code>,1,0.0009398
142,elne,<code>elne</code>,1,0.0009398
142,englas,<code>englas</code>,1,0.0009398
142,engles,<code>engles</code>,1,0.0009398
142,eodon,<code>eodon</code>,1,0.0009398
142,eor&eth;cyninges,<code>eor&amp;d;cyninges</code>,1,0.0009398
142,et,<code>et</code>,1,0.0009398
142,f&aelig;ger,<code>f&amp;ae;ger</code>,1,0.0009398
142,fara&eth;,<code>fara&amp;d;</code>,1,0.0009398
142,fea,<code>fea</code>,1,0.0009398
142,feondas,<code>feondas</code>,1,0.0009398
142,feorh,<code>feorh</code>,1,0.0009398
142,fer&eth;e,<code>fer&amp;d;e</code>,1,0.0009398
142,feran,<code>feran</code>,1,0.0009398
142,fi&thorn;rum,<code>fi&amp;t;rum</code>,1,0.0009398
142,fire,<code>fire</code>,1,0.0009398
142,fiscas,<code>fiscas</code>,1,0.0009398
142,foldbuendum,<code>foldbuendum</code>,1,0.0009398
142,folde,<code>folde</code>,1,0.0009398
142,for&eth;,<code>for&amp;d;</code>,1,0.0009398
142,for&eth;on,<code>for&amp;d;on</code>,1,0.0009398
142,for&thorn;on,<code>for&amp;t;on</code>,1,0.0009398
142,fore,<code>fore</code>,1,0.0009398
142,fore&thorn;oncas,<code>fore&amp;t;oncas</code>,1,0.0009398
142,forhogodon,<code>forhogodon</code>,1,0.0009398
142,forst,<code>forst</code>,1,0.0009398
142,fracu&eth;,<code>fracu&amp;d;</code>,1,0.0009398
142,freme,<code>freme</code>,1,0.0009398
142,fremest,<code>fremest</code>,1,0.0009398
142,fromcynn,<code>fromcynn</code>,1,0.0009398
142,frumspr&aelig;ce,<code>frumspr&amp;ae;ce</code>,1,0.0009398
142,fuglas,<code>fuglas</code>,1,0.0009398
142,fyl,<code>fyl</code>,1,0.0009398
142,fyre,<code>fyre</code>,1,0.0009398
142,fyrndagum,<code>fyrndagum</code>,1,0.0009398
142,g&aelig;st,<code>g&amp;ae;st</code>,1,0.0009398
142,g&aelig;stas,<code>g&amp;ae;stas</code>,1,0.0009398
142,ge&thorn;oncum,<code>ge&amp;t;oncum</code>,1,0.0009398
142,geare,<code>geare</code>,1,0.0009398
142,gebunden,<code>gebunden</code>,1,0.0009398
142,gecy&eth;,<code>gecy&amp;d;</code>,1,0.0009398
142,gedygdon,<code>gedygdon</code>,1,0.0009398
142,geearnia&eth;,<code>geearnia&amp;d;</code>,1,0.0009398
142,gefr&aelig;ge,<code>gefr&amp;ae;ge</code>,1,0.0009398
142,gefregen,<code>gefregen</code>,1,0.0009398
142,gehate&eth;,<code>gehate&amp;d;</code>,1,0.0009398
142,gehete,<code>gehete</code>,1,0.0009398
142,gehw&aelig;s,<code>gehw&amp;ae;s</code>,1,0.0009398
142,gehwam,<code>gehwam</code>,1,0.0009398
142,gehyld,<code>gehyld</code>,1,0.0009398
142,gehyrdon,<code>gehyrdon</code>,1,0.0009398
142,gem&aelig;ne,<code>gem&amp;ae;ne</code>,1,0.0009398
142,genge,<code>genge</code>,1,0.0009398
142,genipu,<code>genipu</code>,1,0.0009398
142,geoca,<code>geoca</code>,1,0.0009398
142,geocend,<code>geocend</code>,1,0.0009398
142,geofonfloda,<code>geofonfloda</code>,1,0.0009398
142,georn,<code>georn</code>,1,0.0009398
142,geornlice,<code>geornlice</code>,1,0.0009398
142,gerad,<code>gerad</code>,1,0.0009398
142,gesceafta,<code>gesceafta</code>,1,0.0009398
142,gesceafte,<code>gesceafte</code>,1,0.0009398
142,gesette,<code>gesette</code>,1,0.0009398
142,gesigef&aelig;ste,<code>gesigef&amp;ae;ste</code>,1,0.0009398
142,gesigef&aelig;ston,<code>gesigef&amp;ae;ston</code>,1,0.0009398
142,geswencton,<code>geswencton</code>,1,0.0009398
142,geswi&eth;de,<code>geswi&amp;d;de</code>,1,0.0009398
142,gewat,<code>gewat</code>,1,0.0009398
142,gewlitegad,<code>gewlitegad</code>,1,0.0009398
142,gif,<code>gif</code>,1,0.0009398
142,gifre,<code>gifre</code>,1,0.0009398
142,gleawe,<code>gleawe</code>,1,0.0009398
142,gleda,<code>gleda</code>,1,0.0009398
142,godes,<code>godes</code>,1,0.0009398
142,gongan,<code>gongan</code>,1,0.0009398
142,good,<code>good</code>,1,0.0009398
142,gromhydig,<code>gromhydig</code>,1,0.0009398
142,grund,<code>grund</code>,1,0.0009398
142,guma,<code>guma</code>,1,0.0009398
142,h&aelig;&eth;ne,<code>h&amp;ae;&amp;d;ne</code>,1,0.0009398
142,h&aelig;&thorn;enra,<code>h&amp;ae;&amp;t;enra</code>,1,0.0009398
142,h&aelig;dre,<code>h&amp;ae;dre</code>,1,0.0009398
142,h&aelig;fdes,<code>h&amp;ae;fdes</code>,1,0.0009398
142,h&aelig;fdon,<code>h&amp;ae;fdon</code>,1,0.0009398
142,h&aelig;ft,<code>h&amp;ae;ft</code>,1,0.0009398
142,h&aelig;se,<code>h&amp;ae;se</code>,1,0.0009398
142,habba&eth;,<code>habba&amp;d;</code>,1,0.0009398
142,habban,<code>habban</code>,1,0.0009398
142,hafa&eth;,<code>hafa&amp;d;</code>,1,0.0009398
142,halgum,<code>halgum</code>,1,0.0009398
142,hat,<code>hat</code>,1,0.0009398
142,hata,<code>hata</code>,1,0.0009398
142,hatan,<code>hatan</code>,1,0.0009398
142,hate,<code>hate</code>,1,0.0009398
142,hatne,<code>hatne</code>,1,0.0009398
142,healda&eth;,<code>healda&amp;d;</code>,1,0.0009398
142,healle,<code>healle</code>,1,0.0009398
142,heanne,<code>heanne</code>,1,0.0009398
142,heapum,<code>heapum</code>,1,0.0009398
142,hebban,<code>hebban</code>,1,0.0009398
142,help,<code>help</code>,1,0.0009398
142,helpe,<code>helpe</code>,1,0.0009398
142,heofonas,<code>heofonas</code>,1,0.0009398
142,heofonbeorht,<code>heofonbeorht</code>,1,0.0009398
142,heofondreame,<code>heofondreame</code>,1,0.0009398
142,heofonfuglas,<code>heofonfuglas</code>,1,0.0009398
142,heofonsteorran,<code>heofonsteorran</code>,1,0.0009398
142,heofonum,<code>heofonum</code>,1,0.0009398
142,heor&eth;e,<code>heor&amp;d;e</code>,1,0.0009398
142,heorogrimmes,<code>heorogrimmes</code>,1,0.0009398
142,her,<code>her</code>,1,0.0009398
142,herede,<code>herede</code>,1,0.0009398
142,heredon,<code>heredon</code>,1,0.0009398
142,herga&eth;,<code>herga&amp;d;</code>,1,0.0009398
142,herge,<code>herge</code>,1,0.0009398
142,hergende,<code>hergende</code>,1,0.0009398
142,het,<code>het</code>,1,0.0009398
142,hit,<code>hit</code>,1,0.0009398
142,hleo&eth;,<code>hleo&amp;d;</code>,1,0.0009398
142,hleo&thorn;orcwidas,<code>hleo&amp;t;orcwidas</code>,1,0.0009398
142,hleo&thorn;rede,<code>hleo&amp;t;rede</code>,1,0.0009398
142,hlisan,<code>hlisan</code>,1,0.0009398
142,hlutre,<code>hlutre</code>,1,0.0009398
142,hluttra&eth;,<code>hluttra&amp;d;</code>,1,0.0009398
142,hluttre,<code>hluttre</code>,1,0.0009398
142,hlyst,<code>hlyst</code>,1,0.0009398
142,holmas,<code>holmas</code>,1,0.0009398
142,horsce,<code>horsce</code>,1,0.0009398
142,hra&thorn;ost,<code>hra&amp;t;ost</code>,1,0.0009398
142,hreo,<code>hreo</code>,1,0.0009398
142,hus,<code>hus</code>,1,0.0009398
142,hw&aelig;tmode,<code>hw&amp;ae;tmode</code>,1,0.0009398
142,hwearf,<code>hwearf</code>,1,0.0009398
142,hweorfa&eth;,<code>hweorfa&amp;d;</code>,1,0.0009398
142,hwile,<code>hwile</code>,1,0.0009398
142,hwurfun,<code>hwurfun</code>,1,0.0009398
142,hy,<code>hy</code>,1,0.0009398
142,hylda,<code>hylda</code>,1,0.0009398
142,hyldo,<code>hyldo</code>,1,0.0009398
142,iacobe,<code>iacobe</code>,1,0.0009398
142,iii,<code>iii</code>,1,0.0009398
142,iiii,<code>iiii</code>,1,0.0009398
142,inge&thorn;oncum,<code>inge&amp;t;oncum</code>,1,0.0009398
142,inne,<code>inne</code>,1,0.0009398
142,isace,<code>isace</code>,1,0.0009398
142,israhela,<code>israhela</code>,1,0.0009398
142,lacende,<code>lacende</code>,1,0.0009398
142,lagufloda,<code>lagufloda</code>,1,0.0009398
142,leanige,<code>leanige</code>,1,0.0009398
142,lease,<code>lease</code>,1,0.0009398
142,lege,<code>lege</code>,1,0.0009398
142,leode,<code>leode</code>,1,0.0009398
142,leodum,<code>leodum</code>,1,0.0009398
142,leofa,<code>leofa</code>,1,0.0009398
142,leohte,<code>leohte</code>,1,0.0009398
142,liexende,<code>liexende</code>,1,0.0009398
142,lif,<code>lif</code>,1,0.0009398
142,lifes,<code>lifes</code>,1,0.0009398
142,lifga&eth;,<code>lifga&amp;d;</code>,1,0.0009398
142,lifgen,<code>lifgen</code>,1,0.0009398
142,lige,<code>lige</code>,1,0.0009398
142,liges,<code>liges</code>,1,0.0009398
142,ligetta,<code>ligetta</code>,1,0.0009398
142,lisse,<code>lisse</code>,1,0.0009398
142,lissum,<code>lissum</code>,1,0.0009398
142,lofe,<code>lofe</code>,1,0.0009398
142,lofigen,<code>lofigen</code>,1,0.0009398
142,londa,<code>londa</code>,1,0.0009398
142,longe,<code>longe</code>,1,0.0009398
142,lufan,<code>lufan</code>,1,0.0009398
142,lufigen,<code>lufigen</code>,1,0.0009398
142,lux,<code>lux</code>,1,0.0009398
142,m&aelig;g,<code>m&amp;ae;g</code>,1,0.0009398
142,m&aelig;gen,<code>m&amp;ae;gen</code>,1,0.0009398
142,m&aelig;geneacan,<code>m&amp;ae;geneacan</code>,1,0.0009398
142,m&aelig;re,<code>m&amp;ae;re</code>,1,0.0009398
142,m&aelig;rne,<code>m&amp;ae;rne</code>,1,0.0009398
142,m&aelig;sseras,<code>m&amp;ae;sseras</code>,1,0.0009398
142,manna,<code>manna</code>,1,0.0009398
142,maran,<code>maran</code>,1,0.0009398
142,mare,<code>mare</code>,1,0.0009398
142,me,<code>me</code>,1,0.0009398
142,meahtan,<code>meahtan</code>,1,0.0009398
142,meahte,<code>meahte</code>,1,0.0009398
142,men,<code>men</code>,1,0.0009398
142,merestreamas,<code>merestreamas</code>,1,0.0009398
142,middangeard,<code>middangeard</code>,1,0.0009398
142,mildne,<code>mildne</code>,1,0.0009398
142,misahel,<code>misahel</code>,1,0.0009398
142,modsefan,<code>modsefan</code>,1,0.0009398
142,mon&thorn;eawum,<code>mon&amp;t;eawum</code>,1,0.0009398
142,mona,<code>mona</code>,1,0.0009398
142,monig,<code>monig</code>,1,0.0009398
142,monigne,<code>monigne</code>,1,0.0009398
142,monnum,<code>monnum</code>,1,0.0009398
142,moras,<code>moras</code>,1,0.0009398
142,morgenren,<code>morgenren</code>,1,0.0009398
142,n&aelig;fre,<code>n&amp;ae;fre</code>,1,0.0009398
142,n&aelig;ngum,<code>n&amp;ae;ngum</code>,1,0.0009398
142,nabocodonossor,<code>nabocodonossor</code>,1,0.0009398
142,nales,<code>nales</code>,1,0.0009398
142,near,<code>near</code>,1,0.0009398
142,nerganne,<code>nerganne</code>,1,0.0009398
142,ni&eth;,<code>ni&amp;d;</code>,1,0.0009398
142,ni&thorn;as,<code>ni&amp;t;as</code>,1,0.0009398
142,niht,<code>niht</code>,1,0.0009398
142,noma,<code>noma</code>,1,0.0009398
142,nyten,<code>nyten</code>,1,0.0009398
142,o&eth;,<code>o&amp;d;</code>,1,0.0009398
142,oferhogedon,<code>oferhogedon</code>,1,0.0009398
142,oferhygdum,<code>oferhygdum</code>,1,0.0009398
142,ofne,<code>ofne</code>,1,0.0009398
142,ofnes,<code>ofnes</code>,1,0.0009398
142,ondsacan,<code>ondsacan</code>,1,0.0009398
142,ongeaton,<code>ongeaton</code>,1,0.0009398
142,ongytan,<code>ongytan</code>,1,0.0009398
142,onhrera&eth;,<code>onhrera&amp;d;</code>,1,0.0009398
142,onlicust,<code>onlicust</code>,1,0.0009398
142,onsende,<code>onsende</code>,1,0.0009398
142,onsended,<code>onsended</code>,1,0.0009398
142,onw&aelig;cnan,<code>onw&amp;ae;cnan</code>,1,0.0009398
142,onwealca&eth;,<code>onwealca&amp;d;</code>,1,0.0009398
142,r&aelig;de,<code>r&amp;ae;de</code>,1,0.0009398
142,r&aelig;swum,<code>r&amp;ae;swum</code>,1,0.0009398
142,rehte,<code>rehte</code>,1,0.0009398
142,reorde,<code>reorde</code>,1,0.0009398
142,rice,<code>rice</code>,1,0.0009398
142,rodera,<code>rodera</code>,1,0.0009398
142,roderum,<code>roderum</code>,1,0.0009398
142,ryhte,<code>ryhte</code>,1,0.0009398
142,s&aelig;s,<code>s&amp;ae;s</code>,1,0.0009398
142,sacerdas,<code>sacerdas</code>,1,0.0009398
142,saule,<code>saule</code>,1,0.0009398
142,sawl,<code>sawl</code>,1,0.0009398
142,sce&thorn;&thorn;an,<code>sce&amp;t;&amp;t;an</code>,1,0.0009398
142,sce&thorn;e&eth;,<code>sce&amp;t;e&amp;d;</code>,1,0.0009398
142,sceolon,<code>sceolon</code>,1,0.0009398
142,scilde,<code>scilde</code>,1,0.0009398
142,scop,<code>scop</code>,1,0.0009398
142,sealt,<code>sealt</code>,1,0.0009398
142,seldlicra,<code>seldlicra</code>,1,0.0009398
142,sended,<code>sended</code>,1,0.0009398
142,seo,<code>seo</code>,1,0.0009398
142,settend,<code>settend</code>,1,0.0009398
142,si&eth;e,<code>si&amp;d;e</code>,1,0.0009398
142,sigef&aelig;stan,<code>sigef&amp;ae;stan</code>,1,0.0009398
142,sigerof,<code>sigerof</code>,1,0.0009398
142,sigora,<code>sigora</code>,1,0.0009398
142,sindon,<code>sindon</code>,1,0.0009398
142,sinum,<code>sinum</code>,1,0.0009398
142,snaw,<code>snaw</code>,1,0.0009398
142,so&eth;,<code>so&amp;d;</code>,1,0.0009398
142,so&eth;an,<code>so&amp;d;an</code>,1,0.0009398
142,sond,<code>sond</code>,1,0.0009398
142,sumeres,<code>sumeres</code>,1,0.0009398
142,sumor,<code>sumor</code>,1,0.0009398
142,sunde,<code>sunde</code>,1,0.0009398
142,sundor,<code>sundor</code>,1,0.0009398
142,sunne,<code>sunne</code>,1,0.0009398
142,sunu,<code>sunu</code>,1,0.0009398
142,swealg,<code>swealg</code>,1,0.0009398
142,swi&eth;,<code>swi&amp;d;</code>,1,0.0009398
142,swi&eth;es,<code>swi&amp;d;es</code>,1,0.0009398
142,swylce,<code>swylce</code>,1,0.0009398
142,sy,<code>sy</code>,1,0.0009398
142,syle&eth;,<code>syle&amp;d;</code>,1,0.0009398
142,sylfa,<code>sylfa</code>,1,0.0009398
142,synne,<code>synne</code>,1,0.0009398
142,tanum,<code>tanum</code>,1,0.0009398
142,tenebre,<code>tenebre</code>,1,0.0009398
142,tid,<code>tid</code>,1,0.0009398
142,todrifen,<code>todrifen</code>,1,0.0009398
142,todw&aelig;sced,<code>todw&amp;ae;sced</code>,1,0.0009398
142,tohworfne,<code>tohworfne</code>,1,0.0009398
142,tosceaf,<code>tosceaf</code>,1,0.0009398
142,toswengde,<code>toswengde</code>,1,0.0009398
142,tosweop,<code>tosweop</code>,1,0.0009398
142,towrecene,<code>towrecene</code>,1,0.0009398
142,trymma&eth;,<code>trymma&amp;d;</code>,1,0.0009398
142,tydra&eth;,<code>tydra&amp;d;</code>,1,0.0009398
142,ufon,<code>ufon</code>,1,0.0009398
142,unwemme,<code>unwemme</code>,1,0.0009398
142,ure,<code>ure</code>,1,0.0009398
142,user,<code>user</code>,1,0.0009398
142,usic,<code>usic</code>,1,0.0009398
142,usse,<code>usse</code>,1,0.0009398
142,w&aelig;dum,<code>w&amp;ae;dum</code>,1,0.0009398
142,w&aelig;gas,<code>w&amp;ae;gas</code>,1,0.0009398
142,w&aelig;stem,<code>w&amp;ae;stem</code>,1,0.0009398
142,w&aelig;stmum,<code>w&amp;ae;stmum</code>,1,0.0009398
142,w&aelig;tra,<code>w&amp;ae;tra</code>,1,0.0009398
142,waro&thorn;a,<code>waro&amp;t;a</code>,1,0.0009398
142,weard,<code>weard</code>,1,0.0009398
142,weardum,<code>weardum</code>,1,0.0009398
142,wearme,<code>wearme</code>,1,0.0009398
142,weaxa&eth;,<code>weaxa&amp;d;</code>,1,0.0009398
142,weder,<code>weder</code>,1,0.0009398
142,wederdagas,<code>wederdagas</code>,1,0.0009398
142,wedere,<code>wedere</code>,1,0.0009398
142,weld&aelig;dum,<code>weld&amp;ae;dum</code>,1,0.0009398
142,weor&eth;an,<code>weor&amp;d;an</code>,1,0.0009398
142,weor&thorn;e&eth;,<code>weor&amp;t;e&amp;d;</code>,1,0.0009398
142,weorca,<code>weorca</code>,1,0.0009398
142,weorcum,<code>weorcum</code>,1,0.0009398
142,weorn,<code>weorn</code>,1,0.0009398
142,wer&thorn;eoda,<code>wer&amp;t;eoda</code>,1,0.0009398
142,wesa&eth;,<code>wesa&amp;d;</code>,1,0.0009398
142,wese,<code>wese</code>,1,0.0009398
142,widferende,<code>widferende</code>,1,0.0009398
142,widne,<code>widne</code>,1,0.0009398
142,willa&eth;,<code>willa&amp;d;</code>,1,0.0009398
142,windig,<code>windig</code>,1,0.0009398
142,winterbitera,<code>winterbitera</code>,1,0.0009398
142,wintra,<code>wintra</code>,1,0.0009398
142,wisa,<code>wisa</code>,1,0.0009398
142,wiste,<code>wiste</code>,1,0.0009398
142,witon,<code>witon</code>,1,0.0009398
142,wlitega,<code>wlitega</code>,1,0.0009398
142,wlitescyne,<code>wlitescyne</code>,1,0.0009398
142,wlitig,<code>wlitig</code>,1,0.0009398
142,wlitigne,<code>wlitigne</code>,1,0.0009398
142,wolcna,<code>wolcna</code>,1,0.0009398
142,wom,<code>wom</code>,1,0.0009398
142,wordcwidas,<code>wordcwidas</code>,1,0.0009398
142,wordum,<code>wordum</code>,1,0.0009398
142,worhton,<code>worhton</code>,1,0.0009398
142,woruldcyninges,<code>woruldcyninges</code>,1,0.0009398
142,woruldhyhte,<code>woruldhyhte</code>,1,0.0009398
142,woruldspedum,<code>woruldspedum</code>,1,0.0009398
142,wudige,<code>wudige</code>,1,0.0009398
142,wudubearwas,<code>wudubearwas</code>,1,0.0009398
142,wuldre,<code>wuldre</code>,1,0.0009398
142,wuldres,<code>wuldres</code>,1,0.0009398
142,wunia&eth;,<code>wunia&amp;d;</code>,1,0.0009398
142,wurde,<code>wurde</code>,1,0.0009398
142,wurdon,<code>wurdon</code>,1,0.0009398
142,wynlico,<code>wynlico</code>,1,0.0009398
142,wynsum,<code>wynsum</code>,1,0.0009398
142,wyrce&eth;,<code>wyrce&amp;d;</code>,1,0.0009398
142,wyrcest,<code>wyrcest</code>,1,0.0009398
142,wyrrestan,<code>wyrrestan</code>,1,0.0009398
142,wyrt,<code>wyrt</code>,1,0.0009398
142,y&thorn;e,<code>y&amp;t;e</code>,1,0.0009398
142,ycan,<code>ycan</code>,1,0.0009398
142,yced,<code>yced</code>,1,0.0009398
142,yldran,<code>yldran</code>,1,0.0009398
