A_Poetry,A03,A03.022.059_Rid_59_T00900.txt,84,76,95
RANK,HTML WORD,RAW WORD,COUNT,RELATIVE FREQUENCY
1,in,<code>in</code>,4,0.0421053
2,ond,<code>ond</code>,3,0.0315789
3,&thorn;&aelig;s,<code>&amp;t;&amp;ae;s</code>,2,0.0210526
3,&thorn;e,<code>&amp;t;e</code>,2,0.0210526
3,dryhtnes,<code>dryhtnes</code>,2,0.0210526
3,healle,<code>healle</code>,2,0.0210526
3,hring,<code>hring</code>,2,0.0210526
3,se,<code>se</code>,2,0.0210526
9,&aelig;&thorn;elan,<code>&amp;ae;&amp;t;elan</code>,1,0.0105263
9,&aelig;fter,<code>&amp;ae;fter</code>,1,0.0105263
9,&aelig;niges,<code>&amp;ae;niges</code>,1,0.0105263
9,&eth;&aelig;s,<code>&amp;d;&amp;ae;s</code>,1,0.0105263
9,&thorn;&aelig;re,<code>&amp;t;&amp;ae;re</code>,1,0.0105263
9,&thorn;a,<code>&amp;t;a</code>,1,0.0105263
9,b&aelig;d,<code>b&amp;ae;d</code>,1,0.0105263
9,beages,<code>beages</code>,1,0.0105263
9,bene,<code>bene</code>,1,0.0105263
9,benne,<code>benne</code>,1,0.0105263
9,brohte,<code>brohte</code>,1,0.0105263
9,ceastre,<code>ceastre</code>,1,0.0105263
9,cu&thorn;e,<code>cu&amp;t;e</code>,1,0.0105263
9,cw&aelig;&eth;,<code>cw&amp;ae;&amp;d;</code>,1,0.0105263
9,cw&aelig;den,<code>cw&amp;ae;den</code>,1,0.0105263
9,cw&aelig;don,<code>cw&amp;ae;don</code>,1,0.0105263
9,dolg,<code>dolg</code>,1,0.0105263
9,don,<code>don</code>,1,0.0105263
9,dumba,<code>dumba</code>,1,0.0105263
9,eagna,<code>eagna</code>,1,0.0105263
9,ealdorburg,<code>ealdorburg</code>,1,0.0105263
9,fer&thorn;&thorn;um,<code>fer&amp;t;&amp;t;um</code>,1,0.0105263
9,folmum,<code>folmum</code>,1,0.0105263
9,fri&thorn;ospede,<code>fri&amp;t;ospede</code>,1,0.0105263
9,frode,<code>frode</code>,1,0.0105263
9,g&aelig;st,<code>g&amp;ae;st</code>,1,0.0105263
9,g&aelig;ste,<code>g&amp;ae;ste</code>,1,0.0105263
9,gemynd,<code>gemynd</code>,1,0.0105263
9,gesecan,<code>gesecan</code>,1,0.0105263
9,gesih&eth;,<code>gesih&amp;d;</code>,1,0.0105263
9,gif,<code>gif</code>,1,0.0105263
9,gleawe,<code>gleawe</code>,1,0.0105263
9,god,<code>god</code>,1,0.0105263
9,godes,<code>godes</code>,1,0.0105263
9,goldes,<code>goldes</code>,1,0.0105263
9,gyldenne,<code>gyldenne</code>,1,0.0105263
9,h&aelig;le&thorn;um,<code>h&amp;ae;le&amp;t;um</code>,1,0.0105263
9,h&aelig;lend,<code>h&amp;ae;lend</code>,1,0.0105263
9,he,<code>he</code>,1,0.0105263
9,him,<code>him</code>,1,0.0105263
9,his,<code>his</code>,1,0.0105263
9,hringes,<code>hringes</code>,1,0.0105263
9,hu,<code>hu</code>,1,0.0105263
9,hyrede,<code>hyrede</code>,1,0.0105263
9,ic,<code>ic</code>,1,0.0105263
9,m&aelig;g,<code>m&amp;ae;g</code>,1,0.0105263
9,men,<code>men</code>,1,0.0105263
9,modum,<code>modum</code>,1,0.0105263
9,monnes,<code>monnes</code>,1,0.0105263
9,naman,<code>naman</code>,1,0.0105263
9,ne,<code>ne</code>,1,0.0105263
9,nemde,<code>nemde</code>,1,0.0105263
9,nergende,<code>nergende</code>,1,0.0105263
9,on,<code>on</code>,1,0.0105263
9,ongietan,<code>ongietan</code>,1,0.0105263
9,r&aelig;de,<code>r&amp;ae;de</code>,1,0.0105263
9,rodera,<code>rodera</code>,1,0.0105263
9,sceawian,<code>sceawian</code>,1,0.0105263
9,seah,<code>seah</code>,1,0.0105263
9,sinum,<code>sinum</code>,1,0.0105263
9,swa,<code>swa</code>,1,0.0105263
9,tacen,<code>tacen</code>,1,0.0105263
9,tillfremmendra,<code>tillfremmendra</code>,1,0.0105263
9,to,<code>to</code>,1,0.0105263
9,torhte,<code>torhte</code>,1,0.0105263
9,ungefullodre,<code>ungefullodre</code>,1,0.0105263
9,w&aelig;s,<code>w&amp;ae;s</code>,1,0.0105263
9,wende,<code>wende</code>,1,0.0105263
9,wended,<code>wended</code>,1,0.0105263
9,wille,<code>wille</code>,1,0.0105263
9,wloncra,<code>wloncra</code>,1,0.0105263
9,word,<code>word</code>,1,0.0105263
9,wr&aelig;tlican,<code>wr&amp;ae;tlican</code>,1,0.0105263
9,wri&thorn;an,<code>wri&amp;t;an</code>,1,0.0105263
9,wunda,<code>wunda</code>,1,0.0105263
9,wylted,<code>wylted</code>,1,0.0105263
