A_Poetry,A03,A03.022.020_Rid_20_T00510.txt,161,140,218
RANK,HTML WORD,RAW WORD,COUNT,RELATIVE FREQUENCY
1,ic,<code>ic</code>,15,0.0688073
2,me,<code>me</code>,9,0.0412844
3,on,<code>on</code>,8,0.0366972
4,mec,<code>mec</code>,5,0.0229358
4,ne,<code>ne</code>,5,0.0229358
6,&thorn;e,<code>&amp;t;e</code>,3,0.0137615
6,hyre,<code>hyre</code>,3,0.0137615
6,minum,<code>minum</code>,3,0.0137615
6,oft,<code>oft</code>,3,0.0137615
10,&thorn;&aelig;s,<code>&amp;t;&amp;ae;s</code>,2,0.0091743
10,&thorn;&aelig;t,<code>&amp;t;&amp;ae;t</code>,2,0.0091743
10,eom,<code>eom</code>,2,0.0091743
10,frean,<code>frean</code>,2,0.0091743
10,geaf,<code>geaf</code>,2,0.0091743
10,gif,<code>gif</code>,2,0.0091743
10,gu&thorn;e,<code>gu&amp;t;e</code>,2,0.0091743
10,hwilum,<code>hwilum</code>,2,0.0091743
10,ond,<code>ond</code>,2,0.0091743
10,sceal,<code>sceal</code>,2,0.0091743
10,se,<code>se</code>,2,0.0091743
10,wyrne&eth;,<code>wyrne&amp;d;</code>,2,0.0091743
22,&aelig;fter,<code>&amp;ae;fter</code>,1,0.0045872
22,&aelig;t,<code>&amp;ae;t</code>,1,0.0045872
22,&thorn;&aelig;r,<code>&amp;t;&amp;ae;r</code>,1,0.0045872
22,&thorn;am,<code>&amp;t;am</code>,1,0.0045872
22,&thorn;earf,<code>&amp;t;earf</code>,1,0.0045872
22,&thorn;eodne,<code>&amp;t;eodne</code>,1,0.0045872
22,&thorn;olian,<code>&amp;t;olian</code>,1,0.0045872
22,&thorn;onc,<code>&amp;t;onc</code>,1,0.0045872
22,&thorn;one,<code>&amp;t;one</code>,1,0.0045872
22,&thorn;onne,<code>&amp;t;onne</code>,1,0.0045872
22,&thorn;urh,<code>&amp;t;urh</code>,1,0.0045872
22,abelge,<code>abelge</code>,1,0.0045872
22,ac,<code>ac</code>,1,0.0045872
22,awyrged,<code>awyrged</code>,1,0.0045872
22,bearn,<code>bearn</code>,1,0.0045872
22,bearngestreona,<code>bearngestreona</code>,1,0.0045872
22,bende,<code>bende</code>,1,0.0045872
22,beorht,<code>beorht</code>,1,0.0045872
22,bi&eth;,<code>bi&amp;d;</code>,1,0.0045872
22,bleofag,<code>bleofag</code>,1,0.0045872
22,bonan,<code>bonan</code>,1,0.0045872
22,brucan,<code>brucan</code>,1,0.0045872
22,bryde,<code>bryde</code>,1,0.0045872
22,byrne,<code>byrne</code>,1,0.0045872
22,compes,<code>compes</code>,1,0.0045872
22,compw&aelig;pnum,<code>compw&amp;ae;pnum</code>,1,0.0045872
22,cwelle,<code>cwelle</code>,1,0.0045872
22,cyning,<code>cyning</code>,1,0.0045872
22,d&aelig;g,<code>d&amp;ae;g</code>,1,0.0045872
22,dol,<code>dol</code>,1,0.0045872
22,drinca&eth;,<code>drinca&amp;d;</code>,1,0.0045872
22,dyde,<code>dyde</code>,1,0.0045872
22,eaforan,<code>eaforan</code>,1,0.0045872
22,eft,<code>eft</code>,1,0.0045872
22,f&aelig;gre,<code>f&amp;ae;gre</code>,1,0.0045872
22,fah,<code>fah</code>,1,0.0045872
22,feore,<code>feore</code>,1,0.0045872
22,firena&thorn;,<code>firena&amp;t;</code>,1,0.0045872
22,floce&eth;,<code>floce&amp;d;</code>,1,0.0045872
22,folmum,<code>folmum</code>,1,0.0045872
22,for,<code>for</code>,1,0.0045872
22,for&eth;,<code>for&amp;d;</code>,1,0.0045872
22,for&thorn;on,<code>for&amp;t;on</code>,1,0.0045872
22,frecne,<code>frecne</code>,1,0.0045872
22,fremme,<code>fremme</code>,1,0.0045872
22,freonde,<code>freonde</code>,1,0.0045872
22,from,<code>from</code>,1,0.0045872
22,g&aelig;le&eth;,<code>g&amp;ae;le&amp;d;</code>,1,0.0045872
22,g&aelig;stberend,<code>g&amp;ae;stberend</code>,1,0.0045872
22,geara,<code>geara</code>,1,0.0045872
22,geardas,<code>geardas</code>,1,0.0045872
22,gegyrwed,<code>gegyrwed</code>,1,0.0045872
22,gemicledu,<code>gemicledu</code>,1,0.0045872
22,gen&aelig;ge&eth;,<code>gen&amp;ae;ge&amp;d;</code>,1,0.0045872
22,geno,<code>geno</code>,1,0.0045872
22,gerum,<code>gerum</code>,1,0.0045872
22,gestreona,<code>gestreona</code>,1,0.0045872
22,gewin,<code>gewin</code>,1,0.0045872
22,gien,<code>gien</code>,1,0.0045872
22,gold,<code>gold</code>,1,0.0045872
22,gromra,<code>gromra</code>,1,0.0045872
22,gyme,<code>gyme</code>,1,0.0045872
22,gyrwe&eth;,<code>gyrwe&amp;d;</code>,1,0.0045872
22,h&aelig;le&thorn;a,<code>h&amp;ae;le&amp;t;a</code>,1,0.0045872
22,h&aelig;med,<code>h&amp;ae;med</code>,1,0.0045872
22,habban,<code>habban</code>,1,0.0045872
22,hagostealde,<code>hagostealde</code>,1,0.0045872
22,hea&thorn;ore,<code>hea&amp;t;ore</code>,1,0.0045872
22,healde&eth;,<code>healde&amp;d;</code>,1,0.0045872
22,healdende,<code>healdende</code>,1,0.0045872
22,heo,<code>heo</code>,1,0.0045872
22,his,<code>his</code>,1,0.0045872
22,hlafordleas,<code>hlafordleas</code>,1,0.0045872
22,hlutterne,<code>hlutterne</code>,1,0.0045872
22,hondweorc,<code>hondweorc</code>,1,0.0045872
22,hringas,<code>hringas</code>,1,0.0045872
22,hweorfan,<code>hweorfan</code>,1,0.0045872
22,hwylc,<code>hwylc</code>,1,0.0045872
22,hy,<code>hy</code>,1,0.0045872
22,hyhtplegan,<code>hyhtplegan</code>,1,0.0045872
22,is,<code>is</code>,1,0.0045872
22,l&aelig;te&eth;,<code>l&amp;ae;te&amp;d;</code>,1,0.0045872
22,legde,<code>legde</code>,1,0.0045872
22,leof,<code>leof</code>,1,0.0045872
22,m&aelig;gburg,<code>m&amp;ae;gburg</code>,1,0.0045872
22,m&aelig;ne&eth;,<code>m&amp;ae;ne&amp;d;</code>,1,0.0045872
22,mengo,<code>mengo</code>,1,0.0045872
22,meodu,<code>meodu</code>,1,0.0045872
22,min,<code>min</code>,1,0.0045872
22,mine,<code>mine</code>,1,0.0045872
22,mot,<code>mot</code>,1,0.0045872
22,mote,<code>mote</code>,1,0.0045872
22,nym&thorn;e,<code>nym&amp;t;e</code>,1,0.0045872
22,o&thorn;rum,<code>o&amp;t;rum</code>,1,0.0045872
22,ofer,<code>ofer</code>,1,0.0045872
22,orlegfromne,<code>orlegfromne</code>,1,0.0045872
22,radwerigne,<code>radwerigne</code>,1,0.0045872
22,sace,<code>sace</code>,1,0.0045872
22,sceacan,<code>sceacan</code>,1,0.0045872
22,sceapen,<code>sceapen</code>,1,0.0045872
22,scod,<code>scod</code>,1,0.0045872
22,sele,<code>sele</code>,1,0.0045872
22,seolfre,<code>seolfre</code>,1,0.0045872
22,seoma&eth;,<code>seoma&amp;d;</code>,1,0.0045872
22,sinc,<code>sinc</code>,1,0.0045872
22,since,<code>since</code>,1,0.0045872
22,sio,<code>sio</code>,1,0.0045872
22,smi&thorn;a,<code>smi&amp;t;a</code>,1,0.0045872
22,sprece&eth;,<code>sprece&amp;d;</code>,1,0.0045872
22,swa,<code>swa</code>,1,0.0045872
22,swylce,<code>swylce</code>,1,0.0045872
22,sylfum,<code>sylfum</code>,1,0.0045872
22,to,<code>to</code>,1,0.0045872
22,ungod,<code>ungod</code>,1,0.0045872
22,w&aelig;lgim,<code>w&amp;ae;lgim</code>,1,0.0045872
22,w&aelig;pnum,<code>w&amp;ae;pnum</code>,1,0.0045872
22,waldend,<code>waldend</code>,1,0.0045872
22,wege,<code>wege</code>,1,0.0045872
22,wenan,<code>wenan</code>,1,0.0045872
22,weor&thorn;a&eth;,<code>weor&amp;t;a&amp;d;</code>,1,0.0045872
22,weor&thorn;e&eth;,<code>weor&amp;t;e&amp;d;</code>,1,0.0045872
22,wi&thorn;,<code>wi&amp;t;</code>,1,0.0045872
22,wide,<code>wide</code>,1,0.0045872
22,widgalum,<code>widgalum</code>,1,0.0045872
22,wife,<code>wife</code>,1,0.0045872
22,wiht,<code>wiht</code>,1,0.0045872
22,willan,<code>willan</code>,1,0.0045872
22,wir,<code>wir</code>,1,0.0045872
22,wirum,<code>wirum</code>,1,0.0045872
22,wisa&eth;,<code>wisa&amp;d;</code>,1,0.0045872
22,wisan,<code>wisan</code>,1,0.0045872
22,witod,<code>witod</code>,1,0.0045872
22,woc,<code>woc</code>,1,0.0045872
22,wom,<code>wom</code>,1,0.0045872
22,wonie,<code>wonie</code>,1,0.0045872
22,wordlofes,<code>wordlofes</code>,1,0.0045872
22,wordum,<code>wordum</code>,1,0.0045872
22,wr&aelig;ce,<code>wr&amp;ae;ce</code>,1,0.0045872
22,wunderlicu,<code>wunderlicu</code>,1,0.0045872
22,ymb,<code>ymb</code>,1,0.0045872
