A_Poetry,A03,A03.022.022_Rid_22_T00530.txt,92,80,120
RANK,HTML WORD,RAW WORD,COUNT,RELATIVE FREQUENCY
1,ne,<code>ne</code>,9,0.0750000
2,on,<code>on</code>,4,0.0333333
2,ond,<code>ond</code>,4,0.0333333
4,&thorn;a,<code>&amp;t;a</code>,3,0.0250000
4,hyra,<code>hyra</code>,3,0.0250000
4,ofer,<code>ofer</code>,3,0.0250000
4,to,<code>to</code>,3,0.0250000
4,under,<code>under</code>,3,0.0250000
9,swa,<code>swa</code>,2,0.0166667
9,w&aelig;gn,<code>w&amp;ae;gn</code>,2,0.0166667
9,weras,<code>weras</code>,2,0.0166667
9,wicg,<code>wicg</code>,2,0.0166667
13,&aelig;scum,<code>&amp;ae;scum</code>,1,0.0083333
13,&aelig;tsomne,<code>&amp;ae;tsomne</code>,1,0.0083333
13,&thorn;&aelig;t,<code>&amp;t;&amp;ae;t</code>,1,0.0083333
13,ac,<code>ac</code>,1,0.0083333
13,atol,<code>atol</code>,1,0.0083333
13,b&aelig;c,<code>b&amp;ae;c</code>,1,0.0083333
13,be,<code>be</code>,1,0.0083333
13,beornas,<code>beornas</code>,1,0.0083333
13,bloncan,<code>bloncan</code>,1,0.0083333
13,brohte,<code>brohte</code>,1,0.0083333
13,burnan,<code>burnan</code>,1,0.0083333
13,byht,<code>byht</code>,1,0.0083333
13,cwom,<code>cwom</code>,1,0.0083333
13,cyrde,<code>cyrde</code>,1,0.0083333
13,dealle,<code>dealle</code>,1,0.0083333
13,deop,<code>deop</code>,1,0.0083333
13,drefde,<code>drefde</code>,1,0.0083333
13,eh,<code>eh</code>,1,0.0083333
13,ellenrofe,<code>ellenrofe</code>,1,0.0083333
13,eoredm&aelig;cgas,<code>eoredm&amp;ae;cgas</code>,1,0.0083333
13,eorlas,<code>eorlas</code>,1,0.0083333
13,esna,<code>esna</code>,1,0.0083333
13,f&aelig;thengest,<code>f&amp;ae;thengest</code>,1,0.0083333
13,feolan,<code>feolan</code>,1,0.0083333
13,fleag,<code>fleag</code>,1,0.0083333
13,flod,<code>flod</code>,1,0.0083333
13,flode,<code>flode</code>,1,0.0083333
13,fridhengestas,<code>fridhengestas</code>,1,0.0083333
13,from,<code>from</code>,1,0.0083333
13,fundedon,<code>fundedon</code>,1,0.0083333
13,ge&thorn;r&aelig;c,<code>ge&amp;t;r&amp;ae;c</code>,1,0.0083333
13,gestum,<code>gestum</code>,1,0.0083333
13,gesund,<code>gesund</code>,1,0.0083333
13,grunde,<code>grunde</code>,1,0.0083333
13,h&aelig;fdon,<code>h&amp;ae;fdon</code>,1,0.0083333
13,hea,<code>hea</code>,1,0.0083333
13,heaum,<code>heaum</code>,1,0.0083333
13,hi,<code>hi</code>,1,0.0083333
13,hine,<code>hine</code>,1,0.0083333
13,hlodan,<code>hlodan</code>,1,0.0083333
13,hors,<code>hors</code>,1,0.0083333
13,hrunge,<code>hrunge</code>,1,0.0083333
13,hw&aelig;&thorn;re,<code>hw&amp;ae;&amp;t;re</code>,1,0.0083333
13,hy,<code>hy</code>,1,0.0083333
13,iiii,<code>iiii</code>,1,0.0083333
13,lagu,<code>lagu</code>,1,0.0083333
13,lande,<code>lande</code>,1,0.0083333
13,lx,<code>lx</code>,1,0.0083333
13,lyfte,<code>lyfte</code>,1,0.0083333
13,m&aelig;gen,<code>m&amp;ae;gen</code>,1,0.0083333
13,magorincas,<code>magorincas</code>,1,0.0083333
13,meahton,<code>meahton</code>,1,0.0083333
13,mere,<code>mere</code>,1,0.0083333
13,mid,<code>mid</code>,1,0.0083333
13,monna,<code>monna</code>,1,0.0083333
13,o&eth;b&aelig;r,<code>o&amp;d;b&amp;ae;r</code>,1,0.0083333
13,o&thorn;erne,<code>o&amp;t;erne</code>,1,0.0083333
13,of,<code>of</code>,1,0.0083333
13,ofras,<code>ofras</code>,1,0.0083333
13,ongunnon,<code>ongunnon</code>,1,0.0083333
13,oxa,<code>oxa</code>,1,0.0083333
13,ridan,<code>ridan</code>,1,0.0083333
13,sceamas,<code>sceamas</code>,1,0.0083333
13,somod,<code>somod</code>,1,0.0083333
13,st&aelig;&eth;e,<code>st&amp;ae;&amp;d;e</code>,1,0.0083333
13,stigan,<code>stigan</code>,1,0.0083333
13,stopan,<code>stopan</code>,1,0.0083333
13,streamas,<code>streamas</code>,1,0.0083333
13,stronge,<code>stronge</code>,1,0.0083333
13,swom,<code>swom</code>,1,0.0083333
13,teah,<code>teah</code>,1,0.0083333
13,up,<code>up</code>,1,0.0083333
13,w&aelig;ge,<code>w&amp;ae;ge</code>,1,0.0083333
13,w&aelig;gst&aelig;&thorn;e,<code>w&amp;ae;gst&amp;ae;&amp;t;e</code>,1,0.0083333
13,w&aelig;s,<code>w&amp;ae;s</code>,1,0.0083333
13,w&aelig;tres,<code>w&amp;ae;tres</code>,1,0.0083333
13,wicgum,<code>wicgum</code>,1,0.0083333
13,wod,<code>wod</code>,1,0.0083333
13,xi,<code>xi</code>,1,0.0083333
13,y&thorn;a,<code>y&amp;t;a</code>,1,0.0083333
