A_Poetry,A03,A03.004_Phoen_T00140.txt,1688,1182,3731
RANK,HTML WORD,RAW WORD,COUNT,RELATIVE FREQUENCY
1,ond,<code>ond</code>,103,0.0276065
2,ne,<code>ne</code>,69,0.0184937
2,on,<code>on</code>,69,0.0184937
4,se,<code>se</code>,59,0.0158135
5,in,<code>in</code>,58,0.0155454
6,&thorn;onne,<code>&amp;t;onne</code>,51,0.0136693
7,&thorn;&aelig;t,<code>&amp;t;&amp;ae;t</code>,48,0.0128652
8,&thorn;&aelig;r,<code>&amp;t;&amp;ae;r</code>,45,0.0120611
9,&thorn;am,<code>&amp;t;am</code>,41,0.0109890
10,him,<code>him</code>,40,0.0107210
11,he,<code>he</code>,38,0.0101849
12,swa,<code>swa</code>,36,0.0096489
13,bi&eth;,<code>bi&amp;d;</code>,34,0.0091128
14,&thorn;a,<code>&amp;t;a</code>,29,0.0077727
15,&thorn;urh,<code>&amp;t;urh</code>,28,0.0075047
16,to,<code>to</code>,27,0.0072367
17,is,<code>is</code>,26,0.0069686
18,&aelig;fter,<code>&amp;ae;fter</code>,25,0.0067006
19,ofer,<code>ofer</code>,22,0.0058965
20,eft,<code>eft</code>,21,0.0056285
20,his,<code>his</code>,21,0.0056285
22,mid,<code>mid</code>,20,0.0053605
23,fugel,<code>fugel</code>,18,0.0048244
23,of,<code>of</code>,18,0.0048244
23,under,<code>under</code>,18,0.0048244
26,&thorn;e,<code>&amp;t;e</code>,17,0.0045564
27,&thorn;&aelig;s,<code>&amp;t;&amp;ae;s</code>,15,0.0040204
28,foldan,<code>foldan</code>,12,0.0032163
28,hi,<code>hi</code>,12,0.0032163
28,lif,<code>lif</code>,12,0.0032163
31,&eth;onne,<code>&amp;d;onne</code>,10,0.0026802
31,ac,<code>ac</code>,10,0.0026802
31,eor&thorn;an,<code>eor&amp;t;an</code>,10,0.0026802
31,f&aelig;der,<code>f&amp;ae;der</code>,10,0.0026802
35,&aelig;t,<code>&amp;ae;t</code>,9,0.0024122
35,f&aelig;ger,<code>f&amp;ae;ger</code>,9,0.0024122
35,lifes,<code>lifes</code>,9,0.0024122
35,seo,<code>seo</code>,9,0.0024122
39,beo&eth;,<code>beo&amp;d;</code>,8,0.0021442
39,dryhtnes,<code>dryhtnes</code>,8,0.0021442
39,fe&thorn;rum,<code>fe&amp;t;rum</code>,8,0.0021442
39,godes,<code>godes</code>,8,0.0021442
39,heofonum,<code>heofonum</code>,8,0.0021442
39,m&aelig;g,<code>m&amp;ae;g</code>,8,0.0021442
39,o&thorn;&thorn;&aelig;t,<code>o&amp;t;&amp;t;&amp;ae;t</code>,8,0.0021442
39,si&thorn;&thorn;an,<code>si&amp;t;&amp;t;an</code>,8,0.0021442
39,sunnan,<code>sunnan</code>,8,0.0021442
39,woruld,<code>woruld</code>,8,0.0021442
39,wuldres,<code>wuldres</code>,8,0.0021442
39,wundrum,<code>wundrum</code>,8,0.0021442
51,&thorn;one,<code>&amp;t;one</code>,7,0.0018762
51,cyme,<code>cyme</code>,7,0.0018762
51,cyning,<code>cyning</code>,7,0.0018762
51,dryhten,<code>dryhten</code>,7,0.0018762
51,ece,<code>ece</code>,7,0.0018762
51,edniwe,<code>edniwe</code>,7,0.0018762
51,fenix,<code>fenix</code>,7,0.0018762
51,fugles,<code>fugles</code>,7,0.0018762
51,gehwylc,<code>gehwylc</code>,7,0.0018762
51,symle,<code>symle</code>,7,0.0018762
51,tid,<code>tid</code>,7,0.0018762
51,us,<code>us</code>,7,0.0018762
51,weor&thorn;e&eth;,<code>weor&amp;t;e&amp;d;</code>,7,0.0018762
51,wong,<code>wong</code>,7,0.0018762
51,wuldre,<code>wuldre</code>,7,0.0018762
66,&aelig;fre,<code>&amp;ae;fre</code>,6,0.0016081
66,&aelig;r,<code>&amp;ae;r</code>,6,0.0016081
66,&thorn;&aelig;re,<code>&amp;t;&amp;ae;re</code>,6,0.0016081
66,ban,<code>ban</code>,6,0.0016081
66,bi&thorn;,<code>bi&amp;t;</code>,6,0.0016081
66,eard,<code>eard</code>,6,0.0016081
66,f&aelig;gre,<code>f&amp;ae;gre</code>,6,0.0016081
66,feorh,<code>feorh</code>,6,0.0016081
66,fr&aelig;twe,<code>fr&amp;ae;twe</code>,6,0.0016081
66,grene,<code>grene</code>,6,0.0016081
66,heah,<code>heah</code>,6,0.0016081
66,ic,<code>ic</code>,6,0.0016081
66,wynnum,<code>wynnum</code>,6,0.0016081
66,wyrtum,<code>wyrtum</code>,6,0.0016081
80,&aelig;nig,<code>&amp;ae;nig</code>,5,0.0013401
80,&thorn;eah,<code>&amp;t;eah</code>,5,0.0013401
80,anra,<code>anra</code>,5,0.0013401
80,ascan,<code>ascan</code>,5,0.0013401
80,beorhte,<code>beorhte</code>,5,0.0013401
80,cy&thorn;a&eth;,<code>cy&amp;t;a&amp;d;</code>,5,0.0013401
80,dea&eth;,<code>dea&amp;d;</code>,5,0.0013401
80,ealdre,<code>ealdre</code>,5,0.0013401
80,ende,<code>ende</code>,5,0.0013401
80,frod,<code>frod</code>,5,0.0013401
80,fyres,<code>fyres</code>,5,0.0013401
80,geblowen,<code>geblowen</code>,5,0.0013401
80,gewite&eth;,<code>gewite&amp;d;</code>,5,0.0013401
80,gim,<code>gim</code>,5,0.0013401
80,god,<code>god</code>,5,0.0013401
80,halge,<code>halge</code>,5,0.0013401
80,her,<code>her</code>,5,0.0013401
80,hine,<code>hine</code>,5,0.0013401
80,lafe,<code>lafe</code>,5,0.0013401
80,lond,<code>lond</code>,5,0.0013401
80,middangeard,<code>middangeard</code>,5,0.0013401
80,nest,<code>nest</code>,5,0.0013401
80,sindon,<code>sindon</code>,5,0.0013401
80,swegle,<code>swegle</code>,5,0.0013401
80,swegles,<code>swegles</code>,5,0.0013401
80,wlitig,<code>wlitig</code>,5,0.0013401
80,wr&aelig;tlice,<code>wr&amp;ae;tlice</code>,5,0.0013401
80,wyn,<code>wyn</code>,5,0.0013401
80,wyrta,<code>wyrta</code>,5,0.0013401
80,ymb,<code>ymb</code>,5,0.0013401
110,&aelig;&thorn;ela,<code>&amp;ae;&amp;t;ela</code>,4,0.0010721
110,&aelig;lmihtig,<code>&amp;ae;lmihtig</code>,4,0.0010721
110,&thorn;as,<code>&amp;t;as</code>,4,0.0010721
110,&thorn;isses,<code>&amp;t;isses</code>,4,0.0010721
110,&thorn;on,<code>&amp;t;on</code>,4,0.0010721
110,a,<code>a</code>,4,0.0010721
110,beam,<code>beam</code>,4,0.0010721
110,beorhtast,<code>beorhtast</code>,4,0.0010721
110,bifongen,<code>bifongen</code>,4,0.0010721
110,bryne,<code>bryne</code>,4,0.0010721
110,byrig,<code>byrig</code>,4,0.0010721
110,byrne&eth;,<code>byrne&amp;d;</code>,4,0.0010721
110,cl&aelig;ne,<code>cl&amp;ae;ne</code>,4,0.0010721
110,cyme&eth;,<code>cyme&amp;d;</code>,4,0.0010721
110,cynnes,<code>cynnes</code>,4,0.0010721
110,eadig,<code>eadig</code>,4,0.0010721
110,eal,<code>eal</code>,4,0.0010721
110,edgeong,<code>edgeong</code>,4,0.0010721
110,engla,<code>engla</code>,4,0.0010721
110,eor&eth;an,<code>eor&amp;d;an</code>,4,0.0010721
110,fugla,<code>fugla</code>,4,0.0010721
110,fyr,<code>fyr</code>,4,0.0010721
110,g&aelig;stas,<code>g&amp;ae;stas</code>,4,0.0010721
110,gecynd,<code>gecynd</code>,4,0.0010721
110,gefean,<code>gefean</code>,4,0.0010721
110,gehwam,<code>gehwam</code>,4,0.0010721
110,geong,<code>geong</code>,4,0.0010721
110,halgum,<code>halgum</code>,4,0.0010721
110,heanne,<code>heanne</code>,4,0.0010721
110,hiwe,<code>hiwe</code>,4,0.0010721
110,hu,<code>hu</code>,4,0.0010721
110,hw&aelig;&thorn;re,<code>hw&amp;ae;&amp;t;re</code>,4,0.0010721
110,hwonne,<code>hwonne</code>,4,0.0010721
110,hy,<code>hy</code>,4,0.0010721
110,leohte,<code>leohte</code>,4,0.0010721
110,lic,<code>lic</code>,4,0.0010721
110,lig,<code>lig</code>,4,0.0010721
110,lof,<code>lof</code>,4,0.0010721
110,lyfte,<code>lyfte</code>,4,0.0010721
110,meotudes,<code>meotudes</code>,4,0.0010721
110,moldan,<code>moldan</code>,4,0.0010721
110,mot,<code>mot</code>,4,0.0010721
110,mote,<code>mote</code>,4,0.0010721
110,no,<code>no</code>,4,0.0010721
110,oft,<code>oft</code>,4,0.0010721
110,scine&eth;,<code>scine&amp;d;</code>,4,0.0010721
110,secan,<code>secan</code>,4,0.0010721
110,sece&eth;,<code>sece&amp;d;</code>,4,0.0010721
110,si&eth;,<code>si&amp;d;</code>,4,0.0010721
110,sigora,<code>sigora</code>,4,0.0010721
110,sunne,<code>sunne</code>,4,0.0010721
110,tacen,<code>tacen</code>,4,0.0010721
110,togeanes,<code>togeanes</code>,4,0.0010721
110,up,<code>up</code>,4,0.0010721
110,utan,<code>utan</code>,4,0.0010721
110,w&aelig;s,<code>w&amp;ae;s</code>,4,0.0010721
110,w&aelig;stmum,<code>w&amp;ae;stmum</code>,4,0.0010721
110,we,<code>we</code>,4,0.0010721
110,wintra,<code>wintra</code>,4,0.0010721
110,word,<code>word</code>,4,0.0010721
110,yslan,<code>yslan</code>,4,0.0010721
171,&aelig;&thorn;ele,<code>&amp;ae;&amp;t;ele</code>,3,0.0008041
171,&aelig;nlic,<code>&amp;ae;nlic</code>,3,0.0008041
171,&aelig;riste,<code>&amp;ae;riste</code>,3,0.0008041
171,&eth;&aelig;r,<code>&amp;d;&amp;ae;r</code>,3,0.0008041
171,&thorn;enden,<code>&amp;t;enden</code>,3,0.0008041
171,&thorn;ige&eth;,<code>&amp;t;ige&amp;d;</code>,3,0.0008041
171,&thorn;onan,<code>&amp;t;onan</code>,3,0.0008041
171,&thorn;ringa&eth;,<code>&amp;t;ringa&amp;d;</code>,3,0.0008041
171,&thorn;rym,<code>&amp;t;rym</code>,3,0.0008041
171,&thorn;y,<code>&amp;t;y</code>,3,0.0008041
171,afysed,<code>afysed</code>,3,0.0008041
171,ana,<code>ana</code>,3,0.0008041
171,beacna&eth;,<code>beacna&amp;d;</code>,3,0.0008041
171,bl&aelig;d,<code>bl&amp;ae;d</code>,3,0.0008041
171,blede,<code>blede</code>,3,0.0008041
171,bledum,<code>bledum</code>,3,0.0008041
171,breostum,<code>breostum</code>,3,0.0008041
171,butan,<code>butan</code>,3,0.0008041
171,d&aelig;dum,<code>d&amp;ae;dum</code>,3,0.0008041
171,e&thorn;el,<code>e&amp;t;el</code>,3,0.0008041
171,eadge,<code>eadge</code>,3,0.0008041
171,ealle,<code>ealle</code>,3,0.0008041
171,eastan,<code>eastan</code>,3,0.0008041
171,englum,<code>englum</code>,3,0.0008041
171,f&aelig;grum,<code>f&amp;ae;grum</code>,3,0.0008041
171,feor,<code>feor</code>,3,0.0008041
171,for&eth;,<code>for&amp;d;</code>,3,0.0008041
171,fr&aelig;twum,<code>fr&amp;ae;twum</code>,3,0.0008041
171,fuglas,<code>fuglas</code>,3,0.0008041
171,fultum,<code>fultum</code>,3,0.0008041
171,geardum,<code>geardum</code>,3,0.0008041
171,gebysgad,<code>gebysgad</code>,3,0.0008041
171,gedryht,<code>gedryht</code>,3,0.0008041
171,gehw&aelig;s,<code>gehw&amp;ae;s</code>,3,0.0008041
171,gehwone,<code>gehwone</code>,3,0.0008041
171,gelicast,<code>gelicast</code>,3,0.0008041
171,geond,<code>geond</code>,3,0.0008041
171,gescop,<code>gescop</code>,3,0.0008041
171,gesetu,<code>gesetu</code>,3,0.0008041
171,giefe,<code>giefe</code>,3,0.0008041
171,h&aelig;le&thorn;a,<code>h&amp;ae;le&amp;t;a</code>,3,0.0008041
171,halig,<code>halig</code>,3,0.0008041
171,ham,<code>ham</code>,3,0.0008041
171,hea,<code>hea</code>,3,0.0008041
171,heahcyning,<code>heahcyning</code>,3,0.0008041
171,hus,<code>hus</code>,3,0.0008041
171,l&aelig;ne,<code>l&amp;ae;ne</code>,3,0.0008041
171,leofne,<code>leofne</code>,3,0.0008041
171,leoht,<code>leoht</code>,3,0.0008041
171,lichoman,<code>lichoman</code>,3,0.0008041
171,life,<code>life</code>,3,0.0008041
171,lixe&eth;,<code>lixe&amp;d;</code>,3,0.0008041
171,meahtum,<code>meahtum</code>,3,0.0008041
171,men,<code>men</code>,3,0.0008041
171,micel,<code>micel</code>,3,0.0008041
171,moncynnes,<code>moncynnes</code>,3,0.0008041
171,monna,<code>monna</code>,3,0.0008041
171,n&aelig;fre,<code>n&amp;ae;fre</code>,3,0.0008041
171,neotan,<code>neotan</code>,3,0.0008041
171,nis,<code>nis</code>,3,0.0008041
171,nu,<code>nu</code>,3,0.0008041
171,sawla,<code>sawla</code>,3,0.0008041
171,scyne,<code>scyne</code>,3,0.0008041
171,secga&eth;,<code>secga&amp;d;</code>,3,0.0008041
171,si&thorn;um,<code>si&amp;t;um</code>,3,0.0008041
171,sind,<code>sind</code>,3,0.0008041
171,snel,<code>snel</code>,3,0.0008041
171,somna&eth;,<code>somna&amp;d;</code>,3,0.0008041
171,somod,<code>somod</code>,3,0.0008041
171,stencum,<code>stencum</code>,3,0.0008041
171,stonda&eth;,<code>stonda&amp;d;</code>,3,0.0008041
171,strong,<code>strong</code>,3,0.0008041
171,sum,<code>sum</code>,3,0.0008041
171,swinsa&eth;,<code>swinsa&amp;d;</code>,3,0.0008041
171,swylce,<code>swylce</code>,3,0.0008041
171,sylf,<code>sylf</code>,3,0.0008041
171,twelf,<code>twelf</code>,3,0.0008041
171,w&aelig;stmas,<code>w&amp;ae;stmas</code>,3,0.0008041
171,wat,<code>wat</code>,3,0.0008041
171,wear&eth;,<code>wear&amp;d;</code>,3,0.0008041
171,wearda&eth;,<code>wearda&amp;d;</code>,3,0.0008041
171,weorca,<code>weorca</code>,3,0.0008041
171,wi&eth;,<code>wi&amp;d;</code>,3,0.0008041
171,wiht,<code>wiht</code>,3,0.0008041
171,wilda,<code>wilda</code>,3,0.0008041
171,wlite,<code>wlite</code>,3,0.0008041
171,wuldorcyning,<code>wuldorcyning</code>,3,0.0008041
171,wuna&eth;,<code>wuna&amp;d;</code>,3,0.0008041
171,wynsum,<code>wynsum</code>,3,0.0008041
171,wynsume,<code>wynsume</code>,3,0.0008041
261,&aelig;&thorn;elan,<code>&amp;ae;&amp;t;elan</code>,2,0.0005360
261,&aelig;&thorn;elast,<code>&amp;ae;&amp;t;elast</code>,2,0.0005360
261,&aelig;&thorn;elestum,<code>&amp;ae;&amp;t;elestum</code>,2,0.0005360
261,&aelig;&thorn;eling,<code>&amp;ae;&amp;t;eling</code>,2,0.0005360
261,&aelig;&thorn;elne,<code>&amp;ae;&amp;t;elne</code>,2,0.0005360
261,&aelig;ghw&aelig;s,<code>&amp;ae;ghw&amp;ae;s</code>,2,0.0005360
261,&aelig;lda,<code>&amp;ae;lda</code>,2,0.0005360
261,&aelig;le&eth;,<code>&amp;ae;le&amp;d;</code>,2,0.0005360
261,&aelig;r&thorn;on,<code>&amp;ae;r&amp;t;on</code>,2,0.0005360
261,&aelig;rest,<code>&amp;ae;rest</code>,2,0.0005360
261,&eth;us,<code>&amp;d;us</code>,2,0.0005360
261,&thorn;&aelig;tte,<code>&amp;t;&amp;ae;tte</code>,2,0.0005360
261,&thorn;ara,<code>&amp;t;ara</code>,2,0.0005360
261,&thorn;ece&eth;,<code>&amp;t;ece&amp;d;</code>,2,0.0005360
261,&thorn;egun,<code>&amp;t;egun</code>,2,0.0005360
261,&thorn;is,<code>&amp;t;is</code>,2,0.0005360
261,&thorn;isse,<code>&amp;t;isse</code>,2,0.0005360
261,&thorn;reatum,<code>&amp;t;reatum</code>,2,0.0005360
261,&thorn;rymlice,<code>&amp;t;rymlice</code>,2,0.0005360
261,&thorn;us,<code>&amp;t;us</code>,2,0.0005360
261,ade,<code>ade</code>,2,0.0005360
261,agan,<code>agan</code>,2,0.0005360
261,agenne,<code>agenne</code>,2,0.0005360
261,agnum,<code>agnum</code>,2,0.0005360
261,amerede,<code>amerede</code>,2,0.0005360
261,b&aelig;le,<code>b&amp;ae;le</code>,2,0.0005360
261,beald,<code>beald</code>,2,0.0005360
261,bearwes,<code>bearwes</code>,2,0.0005360
261,beorht,<code>beorht</code>,2,0.0005360
261,bi,<code>bi</code>,2,0.0005360
261,bi&thorn;eahte,<code>bi&amp;t;eahte</code>,2,0.0005360
261,bitolden,<code>bitolden</code>,2,0.0005360
261,bl&aelig;st,<code>bl&amp;ae;st</code>,2,0.0005360
261,blice&eth;,<code>blice&amp;d;</code>,2,0.0005360
261,blissum,<code>blissum</code>,2,0.0005360
261,brego,<code>brego</code>,2,0.0005360
261,brimcald,<code>brimcald</code>,2,0.0005360
261,brogden,<code>brogden</code>,2,0.0005360
261,brucan,<code>brucan</code>,2,0.0005360
261,byman,<code>byman</code>,2,0.0005360
261,byre,<code>byre</code>,2,0.0005360
261,cneo,<code>cneo</code>,2,0.0005360
261,cristes,<code>cristes</code>,2,0.0005360
261,cynn,<code>cynn</code>,2,0.0005360
261,d&aelig;ges,<code>d&amp;ae;ges</code>,2,0.0005360
261,dea&thorn;e,<code>dea&amp;t;e</code>,2,0.0005360
261,dom,<code>dom</code>,2,0.0005360
261,domlicum,<code>domlicum</code>,2,0.0005360
261,dreama,<code>dreama</code>,2,0.0005360
261,drohta&eth;,<code>drohta&amp;d;</code>,2,0.0005360
261,dugu&eth;a,<code>dugu&amp;d;a</code>,2,0.0005360
261,eades,<code>eades</code>,2,0.0005360
261,eadgum,<code>eadgum</code>,2,0.0005360
261,eadigra,<code>eadigra</code>,2,0.0005360
261,eall,<code>eall</code>,2,0.0005360
261,ealne,<code>ealne</code>,2,0.0005360
261,ealra,<code>ealra</code>,2,0.0005360
261,earde,<code>earde</code>,2,0.0005360
261,ecan,<code>ecan</code>,2,0.0005360
261,eces,<code>eces</code>,2,0.0005360
261,est,<code>est</code>,2,0.0005360
261,et,<code>et</code>,2,0.0005360
261,f&aelig;&eth;m,<code>f&amp;ae;&amp;d;m</code>,2,0.0005360
261,f&aelig;ste,<code>f&amp;ae;ste</code>,2,0.0005360
261,fe&thorn;re,<code>fe&amp;t;re</code>,2,0.0005360
261,fealwe,<code>fealwe</code>,2,0.0005360
261,fela,<code>fela</code>,2,0.0005360
261,fi&thorn;ru,<code>fi&amp;t;ru</code>,2,0.0005360
261,fira,<code>fira</code>,2,0.0005360
261,fl&aelig;sce,<code>fl&amp;ae;sce</code>,2,0.0005360
261,flyhte,<code>flyhte</code>,2,0.0005360
261,for,<code>for</code>,2,0.0005360
261,for&thorn;on,<code>for&amp;t;on</code>,2,0.0005360
261,fore,<code>fore</code>,2,0.0005360
261,forht,<code>forht</code>,2,0.0005360
261,forst,<code>forst</code>,2,0.0005360
261,fotum,<code>fotum</code>,2,0.0005360
261,frean,<code>frean</code>,2,0.0005360
261,frecnan,<code>frecnan</code>,2,0.0005360
261,from,<code>from</code>,2,0.0005360
261,frym&thorn;e,<code>frym&amp;t;e</code>,2,0.0005360
261,fugle,<code>fugle</code>,2,0.0005360
261,fyrngeweorc,<code>fyrngeweorc</code>,2,0.0005360
261,ge&thorn;ungen,<code>ge&amp;t;ungen</code>,2,0.0005360
261,gearum,<code>gearum</code>,2,0.0005360
261,geblissad,<code>geblissad</code>,2,0.0005360
261,gebringe&eth;,<code>gebringe&amp;d;</code>,2,0.0005360
261,gebrocen,<code>gebrocen</code>,2,0.0005360
261,gecorene,<code>gecorene</code>,2,0.0005360
261,gefe&eth;,<code>gefe&amp;d;</code>,2,0.0005360
261,gefea,<code>gefea</code>,2,0.0005360
261,gefr&aelig;ge,<code>gefr&amp;ae;ge</code>,2,0.0005360
261,gefr&aelig;twad,<code>gefr&amp;ae;twad</code>,2,0.0005360
261,gefr&aelig;twed,<code>gefr&amp;ae;twed</code>,2,0.0005360
261,geg&aelig;dra&eth;,<code>geg&amp;ae;dra&amp;d;</code>,2,0.0005360
261,gehwylcum,<code>gehwylcum</code>,2,0.0005360
261,gelice,<code>gelice</code>,2,0.0005360
261,geniwad,<code>geniwad</code>,2,0.0005360
261,geofona,<code>geofona</code>,2,0.0005360
261,geomormode,<code>geomormode</code>,2,0.0005360
261,geomran,<code>geomran</code>,2,0.0005360
261,georne,<code>georne</code>,2,0.0005360
261,gesece&eth;,<code>gesece&amp;d;</code>,2,0.0005360
261,gesette,<code>gesette</code>,2,0.0005360
261,getimbre&eth;,<code>getimbre&amp;d;</code>,2,0.0005360
261,gewritu,<code>gewritu</code>,2,0.0005360
261,gewritum,<code>gewritum</code>,2,0.0005360
261,gewyrce&eth;,<code>gewyrce&amp;d;</code>,2,0.0005360
261,gimme,<code>gimme</code>,2,0.0005360
261,goda,<code>goda</code>,2,0.0005360
261,gode,<code>gode</code>,2,0.0005360
261,grund,<code>grund</code>,2,0.0005360
261,h&aelig;bbe,<code>h&amp;ae;bbe</code>,2,0.0005360
261,h&aelig;dre,<code>h&amp;ae;dre</code>,2,0.0005360
261,h&aelig;lend,<code>h&amp;ae;lend</code>,2,0.0005360
261,had,<code>had</code>,2,0.0005360
261,hafa&eth;,<code>hafa&amp;d;</code>,2,0.0005360
261,halga,<code>halga</code>,2,0.0005360
261,heafde,<code>heafde</code>,2,0.0005360
261,healfa,<code>healfa</code>,2,0.0005360
261,hearda,<code>hearda</code>,2,0.0005360
261,heofona,<code>heofona</code>,2,0.0005360
261,heortan,<code>heortan</code>,2,0.0005360
261,herga&eth;,<code>herga&amp;d;</code>,2,0.0005360
261,hit,<code>hit</code>,2,0.0005360
261,hleo,<code>hleo</code>,2,0.0005360
261,hlifia&eth;,<code>hlifia&amp;d;</code>,2,0.0005360
261,holtes,<code>holtes</code>,2,0.0005360
261,hreoh,<code>hreoh</code>,2,0.0005360
261,hryre,<code>hryre</code>,2,0.0005360
261,hweorfa&eth;,<code>hweorfa&amp;d;</code>,2,0.0005360
261,hyht,<code>hyht</code>,2,0.0005360
261,hyra,<code>hyra</code>,2,0.0005360
261,innan,<code>innan</code>,2,0.0005360
261,leane,<code>leane</code>,2,0.0005360
261,leohtes,<code>leohtes</code>,2,0.0005360
261,leoma,<code>leoma</code>,2,0.0005360
261,lice,<code>lice</code>,2,0.0005360
261,lices,<code>lices</code>,2,0.0005360
261,lig&thorn;r&aelig;ce,<code>lig&amp;t;r&amp;ae;ce</code>,2,0.0005360
261,lissa,<code>lissa</code>,2,0.0005360
261,lofia&eth;,<code>lofia&amp;d;</code>,2,0.0005360
261,londes,<code>londes</code>,2,0.0005360
261,longne,<code>longne</code>,2,0.0005360
261,lucis,<code>lucis</code>,2,0.0005360
261,lyft,<code>lyft</code>,2,0.0005360
261,m&aelig;ra&eth;,<code>m&amp;ae;ra&amp;d;</code>,2,0.0005360
261,m&aelig;ran,<code>m&amp;ae;ran</code>,2,0.0005360
261,m&aelig;ste,<code>m&amp;ae;ste</code>,2,0.0005360
261,meaht,<code>meaht</code>,2,0.0005360
261,meahta,<code>meahta</code>,2,0.0005360
261,meotude,<code>meotude</code>,2,0.0005360
261,middangeardes,<code>middangeardes</code>,2,0.0005360
261,mode,<code>mode</code>,2,0.0005360
261,monegum,<code>monegum</code>,2,0.0005360
261,monge,<code>monge</code>,2,0.0005360
261,mongum,<code>mongum</code>,2,0.0005360
261,motun,<code>motun</code>,2,0.0005360
261,nan,<code>nan</code>,2,0.0005360
261,neod,<code>neod</code>,2,0.0005360
261,neste,<code>neste</code>,2,0.0005360
261,ni&thorn;,<code>ni&amp;t;</code>,2,0.0005360
261,ni&thorn;a,<code>ni&amp;t;a</code>,2,0.0005360
261,nihtes,<code>nihtes</code>,2,0.0005360
261,niwe,<code>niwe</code>,2,0.0005360
261,o&eth;,<code>o&amp;d;</code>,2,0.0005360
261,on&aelig;led,<code>on&amp;ae;led</code>,2,0.0005360
261,onbryrded,<code>onbryrded</code>,2,0.0005360
261,onette&eth;,<code>onette&amp;d;</code>,2,0.0005360
261,onfeh&eth;,<code>onfeh&amp;d;</code>,2,0.0005360
261,onfon,<code>onfon</code>,2,0.0005360
261,onhliden,<code>onhliden</code>,2,0.0005360
261,onsund,<code>onsund</code>,2,0.0005360
261,onsyn,<code>onsyn</code>,2,0.0005360
261,rice,<code>rice</code>,2,0.0005360
261,sawlum,<code>sawlum</code>,2,0.0005360
261,sce&thorn;&thorn;an,<code>sce&amp;t;&amp;t;an</code>,2,0.0005360
261,sce&thorn;e&eth;,<code>sce&amp;t;e&amp;d;</code>,2,0.0005360
261,sceal,<code>sceal</code>,2,0.0005360
261,sceolde,<code>sceolde</code>,2,0.0005360
261,scir,<code>scir</code>,2,0.0005360
261,scyld,<code>scyld</code>,2,0.0005360
261,selestan,<code>selestan</code>,2,0.0005360
261,sette,<code>sette</code>,2,0.0005360
261,side,<code>side</code>,2,0.0005360
261,sidne,<code>sidne</code>,2,0.0005360
261,singa&eth;,<code>singa&amp;d;</code>,2,0.0005360
261,singe&eth;,<code>singe&amp;d;</code>,2,0.0005360
261,snaw,<code>snaw</code>,2,0.0005360
261,so&eth;cyning,<code>so&amp;d;cyning</code>,2,0.0005360
261,so&eth;f&aelig;stra,<code>so&amp;d;f&amp;ae;stra</code>,2,0.0005360
261,sped,<code>sped</code>,2,0.0005360
261,stefn,<code>stefn</code>,2,0.0005360
261,stefne,<code>stefne</code>,2,0.0005360
261,stenc,<code>stenc</code>,2,0.0005360
261,su&thorn;an,<code>su&amp;t;an</code>,2,0.0005360
261,sumeres,<code>sumeres</code>,2,0.0005360
261,sunbeorht,<code>sunbeorht</code>,2,0.0005360
261,swar,<code>swar</code>,2,0.0005360
261,swe&thorn;ra&eth;,<code>swe&amp;t;ra&amp;d;</code>,2,0.0005360
261,swetum,<code>swetum</code>,2,0.0005360
261,swylthwile,<code>swylthwile</code>,2,0.0005360
261,sy,<code>sy</code>,2,0.0005360
261,sylfes,<code>sylfes</code>,2,0.0005360
261,torhte,<code>torhte</code>,2,0.0005360
261,treow,<code>treow</code>,2,0.0005360
261,tungla,<code>tungla</code>,2,0.0005360
261,tyrf,<code>tyrf</code>,2,0.0005360
261,uplican,<code>uplican</code>,2,0.0005360
261,usse,<code>usse</code>,2,0.0005360
261,w&aelig;stma,<code>w&amp;ae;stma</code>,2,0.0005360
261,w&aelig;ter,<code>w&amp;ae;ter</code>,2,0.0005360
261,wa&thorn;um,<code>wa&amp;t;um</code>,2,0.0005360
261,waldend,<code>waldend</code>,2,0.0005360
261,wearm,<code>wearm</code>,2,0.0005360
261,weaxe&eth;,<code>weaxe&amp;d;</code>,2,0.0005360
261,weder,<code>weder</code>,2,0.0005360
261,wel,<code>wel</code>,2,0.0005360
261,welan,<code>welan</code>,2,0.0005360
261,weor&eth;e&eth;,<code>weor&amp;d;e&amp;d;</code>,2,0.0005360
261,weor&thorn;an,<code>weor&amp;t;an</code>,2,0.0005360
261,weoruda,<code>weoruda</code>,2,0.0005360
261,wesan,<code>wesan</code>,2,0.0005360
261,wic,<code>wic</code>,2,0.0005360
261,wicum,<code>wicum</code>,2,0.0005360
261,wihte,<code>wihte</code>,2,0.0005360
261,wile,<code>wile</code>,2,0.0005360
261,willan,<code>willan</code>,2,0.0005360
261,willum,<code>willum</code>,2,0.0005360
261,wintres,<code>wintres</code>,2,0.0005360
261,wintrum,<code>wintrum</code>,2,0.0005360
261,wlitigan,<code>wlitigan</code>,2,0.0005360
261,wlitige,<code>wlitige</code>,2,0.0005360
261,wo&eth;cr&aelig;fte,<code>wo&amp;d;cr&amp;ae;fte</code>,2,0.0005360
261,wolcen,<code>wolcen</code>,2,0.0005360
261,wolcnum,<code>wolcnum</code>,2,0.0005360
261,wrida&eth;,<code>wrida&amp;d;</code>,2,0.0005360
261,wudu,<code>wudu</code>,2,0.0005360
261,wunia&eth;,<code>wunia&amp;d;</code>,2,0.0005360
261,wunian,<code>wunian</code>,2,0.0005360
261,wylm,<code>wylm</code>,2,0.0005360
261,wynsumra,<code>wynsumra</code>,2,0.0005360
261,wyrhta,<code>wyrhta</code>,2,0.0005360
261,yldran,<code>yldran</code>,2,0.0005360
261,yldu,<code>yldu</code>,2,0.0005360
261,yrm&thorn;u,<code>yrm&amp;t;u</code>,2,0.0005360
507,&aelig;,<code>&amp;ae;</code>,1,0.0002680
507,&aelig;&eth;ele,<code>&amp;ae;&amp;d;ele</code>,1,0.0002680
507,&aelig;&thorn;elstenca,<code>&amp;ae;&amp;t;elstenca</code>,1,0.0002680
507,&aelig;&thorn;eltungla,<code>&amp;ae;&amp;t;eltungla</code>,1,0.0002680
507,&aelig;&thorn;elum,<code>&amp;ae;&amp;t;elum</code>,1,0.0002680
507,&aelig;fest,<code>&amp;ae;fest</code>,1,0.0002680
507,&aelig;gerum,<code>&amp;ae;gerum</code>,1,0.0002680
507,&aelig;ghwylc,<code>&amp;ae;ghwylc</code>,1,0.0002680
507,&aelig;htgestreon,<code>&amp;ae;htgestreon</code>,1,0.0002680
507,&aelig;ldum,<code>&amp;ae;ldum</code>,1,0.0002680
507,&aelig;led,<code>&amp;ae;led</code>,1,0.0002680
507,&aelig;ledfyr,<code>&amp;ae;ledfyr</code>,1,0.0002680
507,&aelig;lmessan,<code>&amp;ae;lmessan</code>,1,0.0002680
507,&aelig;lmihtiga,<code>&amp;ae;lmihtiga</code>,1,0.0002680
507,&aelig;nges,<code>&amp;ae;nges</code>,1,0.0002680
507,&aelig;nigne,<code>&amp;ae;nigne</code>,1,0.0002680
507,&aelig;ples,<code>&amp;ae;ples</code>,1,0.0002680
507,&aelig;ppel,<code>&amp;ae;ppel</code>,1,0.0002680
507,&aelig;pplede,<code>&amp;ae;pplede</code>,1,0.0002680
507,&aelig;rdagum,<code>&amp;ae;rdagum</code>,1,0.0002680
507,&aelig;springe,<code>&amp;ae;springe</code>,1,0.0002680
507,&aelig;te,<code>&amp;ae;te</code>,1,0.0002680
507,&aelig;tsomne,<code>&amp;ae;tsomne</code>,1,0.0002680
507,&eth;&aelig;t,<code>&amp;d;&amp;ae;t</code>,1,0.0002680
507,&eth;a,<code>&amp;d;a</code>,1,0.0002680
507,&eth;e,<code>&amp;d;e</code>,1,0.0002680
507,&eth;eawum,<code>&amp;d;eawum</code>,1,0.0002680
507,&eth;eodnes,<code>&amp;d;eodnes</code>,1,0.0002680
507,&eth;one,<code>&amp;d;one</code>,1,0.0002680
507,&thorn;eahte,<code>&amp;t;eahte</code>,1,0.0002680
507,&thorn;earlic,<code>&amp;t;earlic</code>,1,0.0002680
507,&thorn;ecca&eth;,<code>&amp;t;ecca&amp;d;</code>,1,0.0002680
507,&thorn;egn,<code>&amp;t;egn</code>,1,0.0002680
507,&thorn;egnum,<code>&amp;t;egnum</code>,1,0.0002680
507,&thorn;eoda,<code>&amp;t;eoda</code>,1,0.0002680
507,&thorn;eode,<code>&amp;t;eode</code>,1,0.0002680
507,&thorn;eodne,<code>&amp;t;eodne</code>,1,0.0002680
507,&thorn;eodnes,<code>&amp;t;eodnes</code>,1,0.0002680
507,&thorn;eos,<code>&amp;t;eos</code>,1,0.0002680
507,&thorn;eow,<code>&amp;t;eow</code>,1,0.0002680
507,&thorn;ines,<code>&amp;t;ines</code>,1,0.0002680
507,&thorn;onc,<code>&amp;t;onc</code>,1,0.0002680
507,&thorn;onces,<code>&amp;t;onces</code>,1,0.0002680
507,&thorn;rage,<code>&amp;t;rage</code>,1,0.0002680
507,&thorn;ragum,<code>&amp;t;ragum</code>,1,0.0002680
507,&thorn;riddan,<code>&amp;t;riddan</code>,1,0.0002680
507,&thorn;rist,<code>&amp;t;rist</code>,1,0.0002680
507,&thorn;riwa,<code>&amp;t;riwa</code>,1,0.0002680
507,&thorn;ry&thorn;e,<code>&amp;t;ry&amp;t;e</code>,1,0.0002680
507,&thorn;ry&thorn;um,<code>&amp;t;ry&amp;t;um</code>,1,0.0002680
507,&thorn;rymma,<code>&amp;t;rymma</code>,1,0.0002680
507,&thorn;rymme,<code>&amp;t;rymme</code>,1,0.0002680
507,&thorn;rymsittendum,<code>&amp;t;rymsittendum</code>,1,0.0002680
507,&thorn;u,<code>&amp;t;u</code>,1,0.0002680
507,&thorn;urst,<code>&amp;t;urst</code>,1,0.0002680
507,&thorn;usend,<code>&amp;t;usend</code>,1,0.0002680
507,&thorn;usende,<code>&amp;t;usende</code>,1,0.0002680
507,abywde,<code>abywde</code>,1,0.0002680
507,acende,<code>acende</code>,1,0.0002680
507,acenned,<code>acenned</code>,1,0.0002680
507,acolad,<code>acolad</code>,1,0.0002680
507,ad,<code>ad</code>,1,0.0002680
507,ades,<code>ades</code>,1,0.0002680
507,adleg,<code>adleg</code>,1,0.0002680
507,af&aelig;red,<code>af&amp;ae;red</code>,1,0.0002680
507,afede&eth;,<code>afede&amp;d;</code>,1,0.0002680
507,aflyh&eth;,<code>aflyh&amp;d;</code>,1,0.0002680
507,afyrred,<code>afyrred</code>,1,0.0002680
507,ageald,<code>ageald</code>,1,0.0002680
507,agl&aelig;can,<code>agl&amp;ae;can</code>,1,0.0002680
507,agne,<code>agne</code>,1,0.0002680
507,ahebba&eth;,<code>ahebba&amp;d;</code>,1,0.0002680
507,ahyded,<code>ahyded</code>,1,0.0002680
507,al&aelig;dan,<code>al&amp;ae;dan</code>,1,0.0002680
507,al&aelig;de,<code>al&amp;ae;de</code>,1,0.0002680
507,alleluia,<code>alleluia</code>,1,0.0002680
507,alm&aelig;,<code>alm&amp;ae;</code>,1,0.0002680
507,altis,<code>altis</code>,1,0.0002680
507,alyfed,<code>alyfed</code>,1,0.0002680
507,alyse&eth;,<code>alyse&amp;d;</code>,1,0.0002680
507,and,<code>and</code>,1,0.0002680
507,anforleton,<code>anforleton</code>,1,0.0002680
507,anga,<code>anga</code>,1,0.0002680
507,anhaga,<code>anhaga</code>,1,0.0002680
507,anhoga,<code>anhoga</code>,1,0.0002680
507,anum,<code>anum</code>,1,0.0002680
507,anwald,<code>anwald</code>,1,0.0002680
507,ar,<code>ar</code>,1,0.0002680
507,asc&aelig;ce&eth;,<code>asc&amp;ae;ce&amp;d;</code>,1,0.0002680
507,astelle&eth;,<code>astelle&amp;d;</code>,1,0.0002680
507,asundrad,<code>asundrad</code>,1,0.0002680
507,aswefed,<code>aswefed</code>,1,0.0002680
507,atre,<code>atre</code>,1,0.0002680
507,auctor,<code>auctor</code>,1,0.0002680
507,aweaht,<code>aweaht</code>,1,0.0002680
507,aweaxen,<code>aweaxen</code>,1,0.0002680
507,awece&eth;,<code>awece&amp;d;</code>,1,0.0002680
507,awyrde,<code>awyrde</code>,1,0.0002680
507,b&aelig;c,<code>b&amp;ae;c</code>,1,0.0002680
507,b&aelig;l,<code>b&amp;ae;l</code>,1,0.0002680
507,b&aelig;l&thorn;r&aelig;ce,<code>b&amp;ae;l&amp;t;r&amp;ae;ce</code>,1,0.0002680
507,b&aelig;les,<code>b&amp;ae;les</code>,1,0.0002680
507,ba&eth;a,<code>ba&amp;d;a</code>,1,0.0002680
507,bana,<code>bana</code>,1,0.0002680
507,banf&aelig;t,<code>banf&amp;ae;t</code>,1,0.0002680
507,banfatu,<code>banfatu</code>,1,0.0002680
507,basu,<code>basu</code>,1,0.0002680
507,beacnes,<code>beacnes</code>,1,0.0002680
507,beaducr&aelig;ftig,<code>beaducr&amp;ae;ftig</code>,1,0.0002680
507,beag,<code>beag</code>,1,0.0002680
507,beaga,<code>beaga</code>,1,0.0002680
507,bealosorge,<code>bealosorge</code>,1,0.0002680
507,beama,<code>beama</code>,1,0.0002680
507,beamas,<code>beamas</code>,1,0.0002680
507,beame,<code>beame</code>,1,0.0002680
507,beames,<code>beames</code>,1,0.0002680
507,bearn,<code>bearn</code>,1,0.0002680
507,bearo,<code>bearo</code>,1,0.0002680
507,bearwa,<code>bearwa</code>,1,0.0002680
507,bearwas,<code>bearwas</code>,1,0.0002680
507,bearwe,<code>bearwe</code>,1,0.0002680
507,bebyrge&eth;,<code>bebyrge&amp;d;</code>,1,0.0002680
507,begietan,<code>begietan</code>,1,0.0002680
507,behealdan,<code>behealdan</code>,1,0.0002680
507,beo&thorn;,<code>beo&amp;t;</code>,1,0.0002680
507,beode&eth;,<code>beode&amp;d;</code>,1,0.0002680
507,beorga,<code>beorga</code>,1,0.0002680
507,beorgas,<code>beorgas</code>,1,0.0002680
507,beorge&eth;,<code>beorge&amp;d;</code>,1,0.0002680
507,beorhstede,<code>beorhstede</code>,1,0.0002680
507,beorhta,<code>beorhta</code>,1,0.0002680
507,beorhtan,<code>beorhtan</code>,1,0.0002680
507,beorhtne,<code>beorhtne</code>,1,0.0002680
507,beseted,<code>beseted</code>,1,0.0002680
507,betelda&eth;,<code>betelda&amp;d;</code>,1,0.0002680
507,bewitigan,<code>bewitigan</code>,1,0.0002680
507,bi&thorn;rungen,<code>bi&amp;t;rungen</code>,1,0.0002680
507,biba&thorn;a&eth;,<code>biba&amp;t;a&amp;d;</code>,1,0.0002680
507,bibead,<code>bibead</code>,1,0.0002680
507,biclyppe&eth;,<code>biclyppe&amp;d;</code>,1,0.0002680
507,bide&eth;,<code>bide&amp;d;</code>,1,0.0002680
507,bideglad,<code>bideglad</code>,1,0.0002680
507,biere&eth;,<code>biere&amp;d;</code>,1,0.0002680
507,bige&eth;,<code>bige&amp;d;</code>,1,0.0002680
507,bigengan,<code>bigengan</code>,1,0.0002680
507,bihealdan,<code>bihealdan</code>,1,0.0002680
507,bihealde&thorn;,<code>bihealde&amp;t;</code>,1,0.0002680
507,biholene,<code>biholene</code>,1,0.0002680
507,bihydde,<code>bihydde</code>,1,0.0002680
507,bihyded,<code>bihyded</code>,1,0.0002680
507,binumene,<code>binumene</code>,1,0.0002680
507,bisete&eth;,<code>bisete&amp;d;</code>,1,0.0002680
507,biseted,<code>biseted</code>,1,0.0002680
507,bisorga&eth;,<code>bisorga&amp;d;</code>,1,0.0002680
507,biswac,<code>biswac</code>,1,0.0002680
507,bitelde&eth;,<code>bitelde&amp;d;</code>,1,0.0002680
507,bitres,<code>bitres</code>,1,0.0002680
507,bitter,<code>bitter</code>,1,0.0002680
507,bittre,<code>bittre</code>,1,0.0002680
507,bityned,<code>bityned</code>,1,0.0002680
507,biweaxen,<code>biweaxen</code>,1,0.0002680
507,biwunden,<code>biwunden</code>,1,0.0002680
507,bl&aelig;ddaga,<code>bl&amp;ae;ddaga</code>,1,0.0002680
507,blacum,<code>blacum</code>,1,0.0002680
507,blandem,<code>blandem</code>,1,0.0002680
507,bleobrygdum,<code>bleobrygdum</code>,1,0.0002680
507,bletsia&eth;,<code>bletsia&amp;d;</code>,1,0.0002680
507,bli&thorn;an,<code>bli&amp;t;an</code>,1,0.0002680
507,bli&thorn;e,<code>bli&amp;t;e</code>,1,0.0002680
507,blican,<code>blican</code>,1,0.0002680
507,blice,<code>blice</code>,1,0.0002680
507,blostman,<code>blostman</code>,1,0.0002680
507,blostmum,<code>blostmum</code>,1,0.0002680
507,br&aelig;d,<code>br&amp;ae;d</code>,1,0.0002680
507,breahtme,<code>breahtme</code>,1,0.0002680
507,breca&eth;,<code>breca&amp;d;</code>,1,0.0002680
507,bregu,<code>bregu</code>,1,0.0002680
507,breost,<code>breost</code>,1,0.0002680
507,breostsefa,<code>breostsefa</code>,1,0.0002680
507,brice&eth;,<code>brice&amp;d;</code>,1,0.0002680
507,brid,<code>brid</code>,1,0.0002680
507,briddes,<code>briddes</code>,1,0.0002680
507,bringa&eth;,<code>bringa&amp;d;</code>,1,0.0002680
507,brond,<code>brond</code>,1,0.0002680
507,brondes,<code>brondes</code>,1,0.0002680
507,brosnia&eth;,<code>brosnia&amp;d;</code>,1,0.0002680
507,brun,<code>brun</code>,1,0.0002680
507,bu,<code>bu</code>,1,0.0002680
507,buga&eth;,<code>buga&amp;d;</code>,1,0.0002680
507,burgum,<code>burgum</code>,1,0.0002680
507,burnan,<code>burnan</code>,1,0.0002680
507,byrgdon,<code>byrgdon</code>,1,0.0002680
507,byrgenum,<code>byrgenum</code>,1,0.0002680
507,caldum,<code>caldum</code>,1,0.0002680
507,caseres,<code>caseres</code>,1,0.0002680
507,celo,<code>celo</code>,1,0.0002680
507,cempa,<code>cempa</code>,1,0.0002680
507,cempan,<code>cempan</code>,1,0.0002680
507,cenned,<code>cenned</code>,1,0.0002680
507,ceosa&eth;,<code>ceosa&amp;d;</code>,1,0.0002680
507,ceose,<code>ceose</code>,1,0.0002680
507,cildes,<code>cildes</code>,1,0.0002680
507,cl&aelig;na,<code>cl&amp;ae;na</code>,1,0.0002680
507,cl&aelig;num,<code>cl&amp;ae;num</code>,1,0.0002680
507,clam,<code>clam</code>,1,0.0002680
507,cleowenne,<code>cleowenne</code>,1,0.0002680
507,cnyse&eth;,<code>cnyse&amp;d;</code>,1,0.0002680
507,condelle,<code>condelle</code>,1,0.0002680
507,cor&eth;ra,<code>cor&amp;d;ra</code>,1,0.0002680
507,cornes,<code>cornes</code>,1,0.0002680
507,cr&aelig;ftum,<code>cr&amp;ae;ftum</code>,1,0.0002680
507,crist,<code>crist</code>,1,0.0002680
507,cuman,<code>cuman</code>,1,0.0002680
507,cwealm,<code>cwealm</code>,1,0.0002680
507,cy&thorn;&thorn;u,<code>cy&amp;t;&amp;t;u</code>,1,0.0002680
507,cylegicelum,<code>cylegicelum</code>,1,0.0002680
507,cyn,<code>cyn</code>,1,0.0002680
507,cyne&thorn;rym,<code>cyne&amp;t;rym</code>,1,0.0002680
507,cynegold,<code>cynegold</code>,1,0.0002680
507,cyninges,<code>cyninges</code>,1,0.0002680
507,cynne,<code>cynne</code>,1,0.0002680
507,cyrra&eth;,<code>cyrra&amp;d;</code>,1,0.0002680
507,d&aelig;da,<code>d&amp;ae;da</code>,1,0.0002680
507,d&aelig;g,<code>d&amp;ae;g</code>,1,0.0002680
507,d&aelig;ge,<code>d&amp;ae;ge</code>,1,0.0002680
507,d&aelig;gred,<code>d&amp;ae;gred</code>,1,0.0002680
507,d&aelig;l,<code>d&amp;ae;l</code>,1,0.0002680
507,d&aelig;le&eth;,<code>d&amp;ae;le&amp;d;</code>,1,0.0002680
507,dalu,<code>dalu</code>,1,0.0002680
507,dea&eth;dene,<code>dea&amp;d;dene</code>,1,0.0002680
507,dea&eth;e,<code>dea&amp;d;e</code>,1,0.0002680
507,dea&eth;r&aelig;ced,<code>dea&amp;d;r&amp;ae;ced</code>,1,0.0002680
507,dea&thorn;,<code>dea&amp;t;</code>,1,0.0002680
507,dea&thorn;es,<code>dea&amp;t;es</code>,1,0.0002680
507,deal,<code>deal</code>,1,0.0002680
507,deman,<code>deman</code>,1,0.0002680
507,dene,<code>dene</code>,1,0.0002680
507,deorca,<code>deorca</code>,1,0.0002680
507,deorce,<code>deorce</code>,1,0.0002680
507,deorcne,<code>deorcne</code>,1,0.0002680
507,deore,<code>deore</code>,1,0.0002680
507,deormod,<code>deormod</code>,1,0.0002680
507,dogorrimes,<code>dogorrimes</code>,1,0.0002680
507,dohtrum,<code>dohtrum</code>,1,0.0002680
507,domes,<code>domes</code>,1,0.0002680
507,dream,<code>dream</code>,1,0.0002680
507,dreamas,<code>dreamas</code>,1,0.0002680
507,dreames,<code>dreames</code>,1,0.0002680
507,dreoge&eth;,<code>dreoge&amp;d;</code>,1,0.0002680
507,dreosa&eth;,<code>dreosa&amp;d;</code>,1,0.0002680
507,dreose&eth;,<code>dreose&amp;d;</code>,1,0.0002680
507,drusende,<code>drusende</code>,1,0.0002680
507,dryhtne,<code>dryhtne</code>,1,0.0002680
507,dryhtum,<code>dryhtum</code>,1,0.0002680
507,drymendra,<code>drymendra</code>,1,0.0002680
507,dryre,<code>dryre</code>,1,0.0002680
507,duge&thorn;a,<code>duge&amp;t;a</code>,1,0.0002680
507,dunscrafu,<code>dunscrafu</code>,1,0.0002680
507,duru,<code>duru</code>,1,0.0002680
507,dw&aelig;sce&thorn;,<code>dw&amp;ae;sce&amp;t;</code>,1,0.0002680
507,e&eth;le,<code>e&amp;d;le</code>,1,0.0002680
507,e&eth;les,<code>e&amp;d;les</code>,1,0.0002680
507,e&thorn;ellond,<code>e&amp;t;ellond</code>,1,0.0002680
507,e&thorn;eltyrf,<code>e&amp;t;eltyrf</code>,1,0.0002680
507,eac,<code>eac</code>,1,0.0002680
507,ead,<code>ead</code>,1,0.0002680
507,eadga,<code>eadga</code>,1,0.0002680
507,eadgan,<code>eadgan</code>,1,0.0002680
507,eadwela,<code>eadwela</code>,1,0.0002680
507,eadwelum,<code>eadwelum</code>,1,0.0002680
507,eaferum,<code>eaferum</code>,1,0.0002680
507,eaggebyrd,<code>eaggebyrd</code>,1,0.0002680
507,ealdcy&eth;&thorn;e,<code>ealdcy&amp;d;&amp;t;e</code>,1,0.0002680
507,ealdcy&eth;&thorn;u,<code>ealdcy&amp;d;&amp;t;u</code>,1,0.0002680
507,ealdfeonda,<code>ealdfeonda</code>,1,0.0002680
507,ealdfeondes,<code>ealdfeondes</code>,1,0.0002680
507,ealdne,<code>ealdne</code>,1,0.0002680
507,ealdor,<code>ealdor</code>,1,0.0002680
507,ealdordom,<code>ealdordom</code>,1,0.0002680
507,ealdum,<code>ealdum</code>,1,0.0002680
507,ealles,<code>ealles</code>,1,0.0002680
507,eallum,<code>eallum</code>,1,0.0002680
507,ealonde,<code>ealonde</code>,1,0.0002680
507,eardes,<code>eardes</code>,1,0.0002680
507,eardinga,<code>eardinga</code>,1,0.0002680
507,eardstede,<code>eardstede</code>,1,0.0002680
507,eardwic,<code>eardwic</code>,1,0.0002680
507,earme,<code>earme</code>,1,0.0002680
507,earmum,<code>earmum</code>,1,0.0002680
507,earna&eth;,<code>earna&amp;d;</code>,1,0.0002680
507,earne,<code>earne</code>,1,0.0002680
507,earnes,<code>earnes</code>,1,0.0002680
507,eart,<code>eart</code>,1,0.0002680
507,eastd&aelig;lum,<code>eastd&amp;ae;lum</code>,1,0.0002680
507,eastwegum,<code>eastwegum</code>,1,0.0002680
507,edgiong,<code>edgiong</code>,1,0.0002680
507,edniwinga,<code>edniwinga</code>,1,0.0002680
507,edwenden,<code>edwenden</code>,1,0.0002680
507,efenhleo&thorn;re,<code>efenhleo&amp;t;re</code>,1,0.0002680
507,egeslic,<code>egeslic</code>,1,0.0002680
507,egsan,<code>egsan</code>,1,0.0002680
507,elne,<code>elne</code>,1,0.0002680
507,endige,<code>endige</code>,1,0.0002680
507,enga,<code>enga</code>,1,0.0002680
507,eor&eth;wege,<code>eor&amp;d;wege</code>,1,0.0002680
507,eorcnanstanum,<code>eorcnanstanum</code>,1,0.0002680
507,eoredciestum,<code>eoredciestum</code>,1,0.0002680
507,eorl,<code>eorl</code>,1,0.0002680
507,eorla,<code>eorla</code>,1,0.0002680
507,estan,<code>estan</code>,1,0.0002680
507,f&aelig;&eth;mrimes,<code>f&amp;ae;&amp;d;mrimes</code>,1,0.0002680
507,f&aelig;cne,<code>f&amp;ae;cne</code>,1,0.0002680
507,f&aelig;gerran,<code>f&amp;ae;gerran</code>,1,0.0002680
507,f&aelig;ges,<code>f&amp;ae;ges</code>,1,0.0002680
507,f&aelig;grestum,<code>f&amp;ae;grestum</code>,1,0.0002680
507,f&aelig;ringa,<code>f&amp;ae;ringa</code>,1,0.0002680
507,f&aelig;st,<code>f&amp;ae;st</code>,1,0.0002680
507,f&aelig;stne,<code>f&amp;ae;stne</code>,1,0.0002680
507,facne,<code>facne</code>,1,0.0002680
507,facnes,<code>facnes</code>,1,0.0002680
507,fag,<code>fag</code>,1,0.0002680
507,fah,<code>fah</code>,1,0.0002680
507,fara&eth;,<code>fara&amp;d;</code>,1,0.0002680
507,fare&eth;,<code>fare&amp;d;</code>,1,0.0002680
507,fe&eth;re,<code>fe&amp;d;re</code>,1,0.0002680
507,fe&eth;rum,<code>fe&amp;d;rum</code>,1,0.0002680
507,fe&thorn;erhoma,<code>fe&amp;t;erhoma</code>,1,0.0002680
507,fealla&eth;,<code>fealla&amp;d;</code>,1,0.0002680
507,fealle&thorn;,<code>fealle&amp;t;</code>,1,0.0002680
507,fealo,<code>fealo</code>,1,0.0002680
507,feld,<code>feld</code>,1,0.0002680
507,feng,<code>feng</code>,1,0.0002680
507,feond,<code>feond</code>,1,0.0002680
507,feondes,<code>feondes</code>,1,0.0002680
507,feorg,<code>feorg</code>,1,0.0002680
507,feorhgeong,<code>feorhgeong</code>,1,0.0002680
507,feorhhord,<code>feorhhord</code>,1,0.0002680
507,feorma&eth;,<code>feorma&amp;d;</code>,1,0.0002680
507,feorran,<code>feorran</code>,1,0.0002680
507,fer&eth;,<code>fer&amp;d;</code>,1,0.0002680
507,fer&thorn;&thorn;e,<code>fer&amp;t;&amp;t;e</code>,1,0.0002680
507,fi&thorn;rum,<code>fi&amp;t;rum</code>,1,0.0002680
507,fine,<code>fine</code>,1,0.0002680
507,finta,<code>finta</code>,1,0.0002680
507,firgenstream,<code>firgenstream</code>,1,0.0002680
507,firum,<code>firum</code>,1,0.0002680
507,fl&aelig;sc,<code>fl&amp;ae;sc</code>,1,0.0002680
507,fleogan,<code>fleogan</code>,1,0.0002680
507,fleoge&eth;,<code>fleoge&amp;d;</code>,1,0.0002680
507,flodwylmum,<code>flodwylmum</code>,1,0.0002680
507,flyh&eth;,<code>flyh&amp;d;</code>,1,0.0002680
507,flyhthwate,<code>flyhthwate</code>,1,0.0002680
507,flyhthwates,<code>flyhthwates</code>,1,0.0002680
507,fn&aelig;st,<code>fn&amp;ae;st</code>,1,0.0002680
507,foddor,<code>foddor</code>,1,0.0002680
507,fodor&thorn;ege,<code>fodor&amp;t;ege</code>,1,0.0002680
507,folca,<code>folca</code>,1,0.0002680
507,folcagendra,<code>folcagendra</code>,1,0.0002680
507,folcum,<code>folcum</code>,1,0.0002680
507,folde,<code>folde</code>,1,0.0002680
507,foldw&aelig;stmum,<code>foldw&amp;ae;stmum</code>,1,0.0002680
507,folgia&eth;,<code>folgia&amp;d;</code>,1,0.0002680
507,for&eth;weardne,<code>for&amp;d;weardne</code>,1,0.0002680
507,for&thorn;ylmde,<code>for&amp;t;ylmde</code>,1,0.0002680
507,foran,<code>foran</code>,1,0.0002680
507,forbirste&eth;,<code>forbirste&amp;d;</code>,1,0.0002680
507,forbodene,<code>forbodene</code>,1,0.0002680
507,foregengan,<code>foregengan</code>,1,0.0002680
507,foremihtig,<code>foremihtig</code>,1,0.0002680
507,forgeaf,<code>forgeaf</code>,1,0.0002680
507,forgiefen,<code>forgiefen</code>,1,0.0002680
507,forgife&eth;,<code>forgife&amp;d;</code>,1,0.0002680
507,forgildan,<code>forgildan</code>,1,0.0002680
507,forgripe&eth;,<code>forgripe&amp;d;</code>,1,0.0002680
507,forgrunden,<code>forgrunden</code>,1,0.0002680
507,forhycge,<code>forhycge</code>,1,0.0002680
507,fornom,<code>fornom</code>,1,0.0002680
507,forstes,<code>forstes</code>,1,0.0002680
507,forswele&eth;,<code>forswele&amp;d;</code>,1,0.0002680
507,forweard,<code>forweard</code>,1,0.0002680
507,fotas,<code>fotas</code>,1,0.0002680
507,fr&aelig;twa,<code>fr&amp;ae;twa</code>,1,0.0002680
507,frefrend,<code>frefrend</code>,1,0.0002680
507,fremma&eth;,<code>fremma&amp;d;</code>,1,0.0002680
507,freo&thorn;u,<code>freo&amp;t;u</code>,1,0.0002680
507,fromlice,<code>fromlice</code>,1,0.0002680
507,fruma,<code>fruma</code>,1,0.0002680
507,fruman,<code>fruman</code>,1,0.0002680
507,frym&eth;,<code>frym&amp;d;</code>,1,0.0002680
507,frym&eth;a,<code>frym&amp;d;a</code>,1,0.0002680
507,frym&eth;e,<code>frym&amp;d;e</code>,1,0.0002680
507,frym&thorn;a,<code>frym&amp;t;a</code>,1,0.0002680
507,fugelas,<code>fugelas</code>,1,0.0002680
507,fugeltimber,<code>fugeltimber</code>,1,0.0002680
507,fugol,<code>fugol</code>,1,0.0002680
507,ful,<code>ful</code>,1,0.0002680
507,fur&thorn;or,<code>fur&amp;t;or</code>,1,0.0002680
507,fus,<code>fus</code>,1,0.0002680
507,fylle,<code>fylle</code>,1,0.0002680
507,fyra,<code>fyra</code>,1,0.0002680
507,fyrba&eth;e,<code>fyrba&amp;d;e</code>,1,0.0002680
507,fyre,<code>fyre</code>,1,0.0002680
507,fyrndagum,<code>fyrndagum</code>,1,0.0002680
507,fyrngearum,<code>fyrngearum</code>,1,0.0002680
507,fyrngesceap,<code>fyrngesceap</code>,1,0.0002680
507,fyrngesetu,<code>fyrngesetu</code>,1,0.0002680
507,fyrstmearce,<code>fyrstmearce</code>,1,0.0002680
507,g&aelig;dra&eth;,<code>g&amp;ae;dra&amp;d;</code>,1,0.0002680
507,g&aelig;st,<code>g&amp;ae;st</code>,1,0.0002680
507,g&aelig;sta,<code>g&amp;ae;sta</code>,1,0.0002680
507,g&aelig;stes,<code>g&amp;ae;stes</code>,1,0.0002680
507,garsecg,<code>garsecg</code>,1,0.0002680
507,gaudia,<code>gaudia</code>,1,0.0002680
507,ge,<code>ge</code>,1,0.0002680
507,ge&thorn;oncum,<code>ge&amp;t;oncum</code>,1,0.0002680
507,ge&thorn;ry&thorn;ed,<code>ge&amp;t;ry&amp;t;ed</code>,1,0.0002680
507,geador,<code>geador</code>,1,0.0002680
507,geaflas,<code>geaflas</code>,1,0.0002680
507,geardagum,<code>geardagum</code>,1,0.0002680
507,gearwian,<code>gearwian</code>,1,0.0002680
507,geascad,<code>geascad</code>,1,0.0002680
507,geb&aelig;ru,<code>geb&amp;ae;ru</code>,1,0.0002680
507,gebead,<code>gebead</code>,1,0.0002680
507,gebedu,<code>gebedu</code>,1,0.0002680
507,gebidan,<code>gebidan</code>,1,0.0002680
507,gebide&thorn;,<code>gebide&amp;t;</code>,1,0.0002680
507,geblonden,<code>geblonden</code>,1,0.0002680
507,geblowene,<code>geblowene</code>,1,0.0002680
507,gebod,<code>gebod</code>,1,0.0002680
507,gebreadad,<code>gebreadad</code>,1,0.0002680
507,gebredade,<code>gebredade</code>,1,0.0002680
507,gebregd,<code>gebregd</code>,1,0.0002680
507,gebrosnad,<code>gebrosnad</code>,1,0.0002680
507,gebyrd,<code>gebyrd</code>,1,0.0002680
507,gebyrge,<code>gebyrge</code>,1,0.0002680
507,geceose&eth;,<code>geceose&amp;d;</code>,1,0.0002680
507,geclungne,<code>geclungne</code>,1,0.0002680
507,gecornum,<code>gecornum</code>,1,0.0002680
507,gecw&aelig;&eth;,<code>gecw&amp;ae;&amp;d;</code>,1,0.0002680
507,gecyg&eth;,<code>gecyg&amp;d;</code>,1,0.0002680
507,gecynde,<code>gecynde</code>,1,0.0002680
507,ged&aelig;led,<code>ged&amp;ae;led</code>,1,0.0002680
507,gedal,<code>gedal</code>,1,0.0002680
507,gedemed,<code>gedemed</code>,1,0.0002680
507,geealdad,<code>geealdad</code>,1,0.0002680
507,geeawe,<code>geeawe</code>,1,0.0002680
507,geendad,<code>geendad</code>,1,0.0002680
507,gef&aelig;r,<code>gef&amp;ae;r</code>,1,0.0002680
507,gefealic,<code>gefealic</code>,1,0.0002680
507,gefeged,<code>gefeged</code>,1,0.0002680
507,gefere,<code>gefere</code>,1,0.0002680
507,gefremede,<code>gefremede</code>,1,0.0002680
507,gefremma&thorn;,<code>gefremma&amp;t;</code>,1,0.0002680
507,gefremme,<code>gefremme</code>,1,0.0002680
507,gefreo&thorn;a,<code>gefreo&amp;t;a</code>,1,0.0002680
507,gefreogum,<code>gefreogum</code>,1,0.0002680
507,gefrugnen,<code>gefrugnen</code>,1,0.0002680
507,gefylgan,<code>gefylgan</code>,1,0.0002680
507,gefylle&eth;,<code>gefylle&amp;d;</code>,1,0.0002680
507,gefylled,<code>gefylled</code>,1,0.0002680
507,gehealden,<code>gehealden</code>,1,0.0002680
507,gehefgad,<code>gehefgad</code>,1,0.0002680
507,gehegan,<code>gehegan</code>,1,0.0002680
507,geheoldan,<code>geheoldan</code>,1,0.0002680
507,gehladene,<code>gehladene</code>,1,0.0002680
507,gehongen,<code>gehongen</code>,1,0.0002680
507,gehongne,<code>gehongne</code>,1,0.0002680
507,gehroden,<code>gehroden</code>,1,0.0002680
507,gehw&aelig;&eth;er,<code>gehw&amp;ae;&amp;d;er</code>,1,0.0002680
507,gehwane,<code>gehwane</code>,1,0.0002680
507,gehware,<code>gehware</code>,1,0.0002680
507,gehwylces,<code>gehwylces</code>,1,0.0002680
507,gehygdum,<code>gehygdum</code>,1,0.0002680
507,gehyra&eth;,<code>gehyra&amp;d;</code>,1,0.0002680
507,gehyrdun,<code>gehyrdun</code>,1,0.0002680
507,gel&aelig;de&eth;,<code>gel&amp;ae;de&amp;d;</code>,1,0.0002680
507,geleafan,<code>geleafan</code>,1,0.0002680
507,gelic,<code>gelic</code>,1,0.0002680
507,gelices,<code>gelices</code>,1,0.0002680
507,gelicnes,<code>gelicnes</code>,1,0.0002680
507,gemah,<code>gemah</code>,1,0.0002680
507,gemearca&eth;,<code>gemearca&amp;d;</code>,1,0.0002680
507,gemearcad,<code>gemearcad</code>,1,0.0002680
507,gemete&eth;,<code>gemete&amp;d;</code>,1,0.0002680
507,gemeted,<code>gemeted</code>,1,0.0002680
507,gemonge,<code>gemonge</code>,1,0.0002680
507,gemot,<code>gemot</code>,1,0.0002680
507,geneosa&eth;,<code>geneosa&amp;d;</code>,1,0.0002680
507,geofones,<code>geofones</code>,1,0.0002680
507,geomor,<code>geomor</code>,1,0.0002680
507,geondfara&eth;,<code>geondfara&amp;d;</code>,1,0.0002680
507,geondlace,<code>geondlace</code>,1,0.0002680
507,geondwlite&eth;,<code>geondwlite&amp;d;</code>,1,0.0002680
507,geongra,<code>geongra</code>,1,0.0002680
507,geornor,<code>geornor</code>,1,0.0002680
507,ges&aelig;liga,<code>ges&amp;ae;liga</code>,1,0.0002680
507,gesceaft,<code>gesceaft</code>,1,0.0002680
507,gesceapu,<code>gesceapu</code>,1,0.0002680
507,gescine&thorn;,<code>gescine&amp;t;</code>,1,0.0002680
507,gescod,<code>gescod</code>,1,0.0002680
507,gescodan,<code>gescodan</code>,1,0.0002680
507,gescylded,<code>gescylded</code>,1,0.0002680
507,geseca&eth;,<code>geseca&amp;d;</code>,1,0.0002680
507,geseon,<code>geseon</code>,1,0.0002680
507,gesittan,<code>gesittan</code>,1,0.0002680
507,gesomna&eth;,<code>gesomna&amp;d;</code>,1,0.0002680
507,gesta&thorn;elad,<code>gesta&amp;t;elad</code>,1,0.0002680
507,gestryna&thorn;,<code>gestryna&amp;t;</code>,1,0.0002680
507,geswiged,<code>geswiged</code>,1,0.0002680
507,geswin,<code>geswin</code>,1,0.0002680
507,geweaxen,<code>geweaxen</code>,1,0.0002680
507,geweor&eth;ad,<code>geweor&amp;d;ad</code>,1,0.0002680
507,geweor&eth;e,<code>geweor&amp;d;e</code>,1,0.0002680
507,geweor&thorn;e&eth;,<code>geweor&amp;t;e&amp;d;</code>,1,0.0002680
507,gewica&eth;,<code>gewica&amp;d;</code>,1,0.0002680
507,gewin,<code>gewin</code>,1,0.0002680
507,gewindagas,<code>gewindagas</code>,1,0.0002680
507,gewite,<code>gewite</code>,1,0.0002680
507,gewiten,<code>gewiten</code>,1,0.0002680
507,gewittes,<code>gewittes</code>,1,0.0002680
507,gewlitegad,<code>gewlitegad</code>,1,0.0002680
507,gewunien,<code>gewunien</code>,1,0.0002680
507,gewyrdan,<code>gewyrdan</code>,1,0.0002680
507,gewyrtad,<code>gewyrtad</code>,1,0.0002680
507,gieddade,<code>gieddade</code>,1,0.0002680
507,gieddinga,<code>gieddinga</code>,1,0.0002680
507,gieltas,<code>gieltas</code>,1,0.0002680
507,gifre,<code>gifre</code>,1,0.0002680
507,gimma,<code>gimma</code>,1,0.0002680
507,gin,<code>gin</code>,1,0.0002680
507,giong,<code>giong</code>,1,0.0002680
507,gl&aelig;dmod,<code>gl&amp;ae;dmod</code>,1,0.0002680
507,gl&aelig;dmode,<code>gl&amp;ae;dmode</code>,1,0.0002680
507,gl&aelig;dum,<code>gl&amp;ae;dum</code>,1,0.0002680
507,gl&aelig;m,<code>gl&amp;ae;m</code>,1,0.0002680
507,gl&aelig;s,<code>gl&amp;ae;s</code>,1,0.0002680
507,gladan,<code>gladan</code>,1,0.0002680
507,gladost,<code>gladost</code>,1,0.0002680
507,gladum,<code>gladum</code>,1,0.0002680
507,gleaw,<code>gleaw</code>,1,0.0002680
507,gleawe,<code>gleawe</code>,1,0.0002680
507,gleawmod,<code>gleawmod</code>,1,0.0002680
507,glenge&eth;,<code>glenge&amp;d;</code>,1,0.0002680
507,glidan,<code>glidan</code>,1,0.0002680
507,gliwe,<code>gliwe</code>,1,0.0002680
507,godbearnes,<code>godbearnes</code>,1,0.0002680
507,godd&aelig;dum,<code>godd&amp;ae;dum</code>,1,0.0002680
507,godra,<code>godra</code>,1,0.0002680
507,gold,<code>gold</code>,1,0.0002680
507,goldfate,<code>goldfate</code>,1,0.0002680
507,gomel,<code>gomel</code>,1,0.0002680
507,gomol,<code>gomol</code>,1,0.0002680
507,gong,<code>gong</code>,1,0.0002680
507,gonga&eth;,<code>gonga&amp;d;</code>,1,0.0002680
507,gr&aelig;dig,<code>gr&amp;ae;dig</code>,1,0.0002680
507,gr&aelig;swonge,<code>gr&amp;ae;swonge</code>,1,0.0002680
507,greote,<code>greote</code>,1,0.0002680
507,greotes,<code>greotes</code>,1,0.0002680
507,grimme,<code>grimme</code>,1,0.0002680
507,gu&eth;frecan,<code>gu&amp;d;frecan</code>,1,0.0002680
507,gud&aelig;da,<code>gud&amp;ae;da</code>,1,0.0002680
507,guma,<code>guma</code>,1,0.0002680
507,gumum,<code>gumum</code>,1,0.0002680
507,gyfena,<code>gyfena</code>,1,0.0002680
507,gyfl,<code>gyfl</code>,1,0.0002680
507,gylte,<code>gylte</code>,1,0.0002680
507,gyrne,<code>gyrne</code>,1,0.0002680
507,gyrne&eth;,<code>gyrne&amp;d;</code>,1,0.0002680
507,h&aelig;fdon,<code>h&amp;ae;fdon</code>,1,0.0002680
507,h&aelig;gl,<code>h&amp;ae;gl</code>,1,0.0002680
507,h&aelig;gles,<code>h&amp;ae;gles</code>,1,0.0002680
507,h&aelig;le,<code>h&amp;ae;le</code>,1,0.0002680
507,h&aelig;lende,<code>h&amp;ae;lende</code>,1,0.0002680
507,h&aelig;rfeste,<code>h&amp;ae;rfeste</code>,1,0.0002680
507,h&aelig;tu,<code>h&amp;ae;tu</code>,1,0.0002680
507,habba&thorn;,<code>habba&amp;t;</code>,1,0.0002680
507,hador,<code>hador</code>,1,0.0002680
507,halgan,<code>halgan</code>,1,0.0002680
507,halges,<code>halges</code>,1,0.0002680
507,haliges,<code>haliges</code>,1,0.0002680
507,haligra,<code>haligra</code>,1,0.0002680
507,hals,<code>hals</code>,1,0.0002680
507,hames,<code>hames</code>,1,0.0002680
507,haswa,<code>haswa</code>,1,0.0002680
507,haswigfe&eth;ra,<code>haswigfe&amp;d;ra</code>,1,0.0002680
507,hat,<code>hat</code>,1,0.0002680
507,hata,<code>hata</code>,1,0.0002680
507,hata&eth;,<code>hata&amp;d;</code>,1,0.0002680
507,hate,<code>hate</code>,1,0.0002680
507,haten,<code>haten</code>,1,0.0002680
507,hatost,<code>hatost</code>,1,0.0002680
507,hea&thorn;orofes,<code>hea&amp;t;orofes</code>,1,0.0002680
507,heafelan,<code>heafelan</code>,1,0.0002680
507,heafod,<code>heafod</code>,1,0.0002680
507,heahmod,<code>heahmod</code>,1,0.0002680
507,heahseld,<code>heahseld</code>,1,0.0002680
507,heahsetle,<code>heahsetle</code>,1,0.0002680
507,healda&thorn;,<code>healda&amp;t;</code>,1,0.0002680
507,healdan,<code>healdan</code>,1,0.0002680
507,healde&eth;,<code>healde&amp;d;</code>,1,0.0002680
507,hean,<code>hean</code>,1,0.0002680
507,heannesse,<code>heannesse</code>,1,0.0002680
507,heapum,<code>heapum</code>,1,0.0002680
507,hearmra,<code>hearmra</code>,1,0.0002680
507,hearpan,<code>hearpan</code>,1,0.0002680
507,hefe&eth;,<code>hefe&amp;d;</code>,1,0.0002680
507,helpe,<code>helpe</code>,1,0.0002680
507,heo,<code>heo</code>,1,0.0002680
507,heofon,<code>heofon</code>,1,0.0002680
507,heofonas,<code>heofonas</code>,1,0.0002680
507,heofoncyninges,<code>heofoncyninges</code>,1,0.0002680
507,heofones,<code>heofones</code>,1,0.0002680
507,heofonrices,<code>heofonrices</code>,1,0.0002680
507,heofontunglum,<code>heofontunglum</code>,1,0.0002680
507,heofuna,<code>heofuna</code>,1,0.0002680
507,heofunhrofe,<code>heofunhrofe</code>,1,0.0002680
507,heolstorcofan,<code>heolstorcofan</code>,1,0.0002680
507,heolstre,<code>heolstre</code>,1,0.0002680
507,heonan,<code>heonan</code>,1,0.0002680
507,heorodreorges,<code>heorodreorges</code>,1,0.0002680
507,herra,<code>herra</code>,1,0.0002680
507,hettende,<code>hettende</code>,1,0.0002680
507,hidercyme,<code>hidercyme</code>,1,0.0002680
507,hige,<code>hige</code>,1,0.0002680
507,hindan,<code>hindan</code>,1,0.0002680
507,hindanweard,<code>hindanweard</code>,1,0.0002680
507,hinderweard,<code>hinderweard</code>,1,0.0002680
507,hl&aelig;was,<code>hl&amp;ae;was</code>,1,0.0002680
507,hleo&eth;res,<code>hleo&amp;d;res</code>,1,0.0002680
507,hleo&thorn;or,<code>hleo&amp;t;or</code>,1,0.0002680
507,hleo&thorn;orcwide,<code>hleo&amp;t;orcwide</code>,1,0.0002680
507,hleo&thorn;ra,<code>hleo&amp;t;ra</code>,1,0.0002680
507,hleo&thorn;ria&eth;,<code>hleo&amp;t;ria&amp;d;</code>,1,0.0002680
507,hleona&eth;,<code>hleona&amp;d;</code>,1,0.0002680
507,hlifa&eth;,<code>hlifa&amp;d;</code>,1,0.0002680
507,hlincas,<code>hlincas</code>,1,0.0002680
507,hluttor,<code>hluttor</code>,1,0.0002680
507,hlyn,<code>hlyn</code>,1,0.0002680
507,hlyst,<code>hlyst</code>,1,0.0002680
507,hof,<code>hof</code>,1,0.0002680
507,hold,<code>hold</code>,1,0.0002680
507,holm&thorn;r&aelig;ce,<code>holm&amp;t;r&amp;ae;ce</code>,1,0.0002680
507,holt,<code>holt</code>,1,0.0002680
507,holtwuda,<code>holtwuda</code>,1,0.0002680
507,hond,<code>hond</code>,1,0.0002680
507,hornas,<code>hornas</code>,1,0.0002680
507,hra,<code>hra</code>,1,0.0002680
507,hrawerig,<code>hrawerig</code>,1,0.0002680
507,hremig,<code>hremig</code>,1,0.0002680
507,hremige,<code>hremige</code>,1,0.0002680
507,hreora,<code>hreora</code>,1,0.0002680
507,hreosa&eth;,<code>hreosa&amp;d;</code>,1,0.0002680
507,hrim,<code>hrim</code>,1,0.0002680
507,hrimes,<code>hrimes</code>,1,0.0002680
507,hring,<code>hring</code>,1,0.0002680
507,hringe,<code>hringe</code>,1,0.0002680
507,hrofas,<code>hrofas</code>,1,0.0002680
507,hungor,<code>hungor</code>,1,0.0002680
507,hwit,<code>hwit</code>,1,0.0002680
507,hwopan,<code>hwopan</code>,1,0.0002680
507,hygeg&aelig;lsa,<code>hygeg&amp;ae;lsa</code>,1,0.0002680
507,hyhtlice,<code>hyhtlice</code>,1,0.0002680
507,hyrde,<code>hyrde</code>,1,0.0002680
507,idge,<code>idge</code>,1,0.0002680
507,iglond,<code>iglond</code>,1,0.0002680
507,ilce,<code>ilce</code>,1,0.0002680
507,indryhtum,<code>indryhtum</code>,1,0.0002680
507,iobes,<code>iobes</code>,1,0.0002680
507,iu,<code>iu</code>,1,0.0002680
507,l&aelig;&thorn;&thorn;um,<code>l&amp;ae;&amp;t;&amp;t;um</code>,1,0.0002680
507,l&aelig;da&eth;,<code>l&amp;ae;da&amp;d;</code>,1,0.0002680
507,l&aelig;de&thorn;,<code>l&amp;ae;de&amp;t;</code>,1,0.0002680
507,l&aelig;ded,<code>l&amp;ae;ded</code>,1,0.0002680
507,l&aelig;nan,<code>l&amp;ae;nan</code>,1,0.0002680
507,l&aelig;nne,<code>l&amp;ae;nne</code>,1,0.0002680
507,l&aelig;s,<code>l&amp;ae;s</code>,1,0.0002680
507,la&eth;geni&eth;la,<code>la&amp;d;geni&amp;d;la</code>,1,0.0002680
507,la&thorn;es,<code>la&amp;t;es</code>,1,0.0002680
507,laca&eth;,<code>laca&amp;d;</code>,1,0.0002680
507,lagu,<code>lagu</code>,1,0.0002680
507,lagufloda,<code>lagufloda</code>,1,0.0002680
507,lagustreamas,<code>lagustreamas</code>,1,0.0002680
507,lame,<code>lame</code>,1,0.0002680
507,lare,<code>lare</code>,1,0.0002680
507,laste,<code>laste</code>,1,0.0002680
507,late,<code>late</code>,1,0.0002680
507,laude,<code>laude</code>,1,0.0002680
507,leaf,<code>leaf</code>,1,0.0002680
507,leafsceade,<code>leafsceade</code>,1,0.0002680
507,leahtra,<code>leahtra</code>,1,0.0002680
507,leahtras,<code>leahtras</code>,1,0.0002680
507,leasum,<code>leasum</code>,1,0.0002680
507,lecca&thorn;,<code>lecca&amp;t;</code>,1,0.0002680
507,leger,<code>leger</code>,1,0.0002680
507,lenctenne,<code>lenctenne</code>,1,0.0002680
507,leo&eth;,<code>leo&amp;d;</code>,1,0.0002680
507,leo&thorn;ucr&aelig;ftig,<code>leo&amp;t;ucr&amp;ae;ftig</code>,1,0.0002680
507,leodfruman,<code>leodfruman</code>,1,0.0002680
507,leodscype,<code>leodscype</code>,1,0.0002680
507,leoflic,<code>leoflic</code>,1,0.0002680
507,leomu,<code>leomu</code>,1,0.0002680
507,leomum,<code>leomum</code>,1,0.0002680
507,leorneras,<code>leorneras</code>,1,0.0002680
507,letiti&#275;,<code>letiti&amp;e;</code>,1,0.0002680
507,lician,<code>lician</code>,1,0.0002680
507,lifga&eth;,<code>lifga&amp;d;</code>,1,0.0002680
507,lifgan,<code>lifgan</code>,1,0.0002680
507,ligbryne,<code>ligbryne</code>,1,0.0002680
507,lige,<code>lige</code>,1,0.0002680
507,lige&eth;,<code>lige&amp;d;</code>,1,0.0002680
507,liges,<code>liges</code>,1,0.0002680
507,lihte&eth;,<code>lihte&amp;d;</code>,1,0.0002680
507,lisse,<code>lisse</code>,1,0.0002680
507,lixa&eth;,<code>lixa&amp;d;</code>,1,0.0002680
507,lixan,<code>lixan</code>,1,0.0002680
507,loca&eth;,<code>loca&amp;d;</code>,1,0.0002680
507,londa,<code>londa</code>,1,0.0002680
507,londe,<code>londe</code>,1,0.0002680
507,londwelan,<code>londwelan</code>,1,0.0002680
507,long,<code>long</code>,1,0.0002680
507,longa,<code>longa</code>,1,0.0002680
507,longe,<code>longe</code>,1,0.0002680
507,lucan,<code>lucan</code>,1,0.0002680
507,lufia&eth;,<code>lufia&amp;d;</code>,1,0.0002680
507,lygewordum,<code>lygewordum</code>,1,0.0002680
507,lyhte&eth;,<code>lyhte&amp;d;</code>,1,0.0002680
507,lyre,<code>lyre</code>,1,0.0002680
507,m&aelig;&thorn;le,<code>m&amp;ae;&amp;t;le</code>,1,0.0002680
507,m&aelig;gen&thorn;rymmes,<code>m&amp;ae;gen&amp;t;rymmes</code>,1,0.0002680
507,m&aelig;gne,<code>m&amp;ae;gne</code>,1,0.0002680
507,m&aelig;gnes,<code>m&amp;ae;gnes</code>,1,0.0002680
507,m&aelig;r&eth;a,<code>m&amp;ae;r&amp;d;a</code>,1,0.0002680
507,m&aelig;rost,<code>m&amp;ae;rost</code>,1,0.0002680
507,m&aelig;rsia&eth;,<code>m&amp;ae;rsia&amp;d;</code>,1,0.0002680
507,m&aelig;rum,<code>m&amp;ae;rum</code>,1,0.0002680
507,m&aelig;st,<code>m&amp;ae;st</code>,1,0.0002680
507,magon,<code>magon</code>,1,0.0002680
507,mand&aelig;de,<code>mand&amp;ae;de</code>,1,0.0002680
507,manes,<code>manes</code>,1,0.0002680
507,manfremmendum,<code>manfremmendum</code>,1,0.0002680
507,marmstane,<code>marmstane</code>,1,0.0002680
507,maxima,<code>maxima</code>,1,0.0002680
507,me,<code>me</code>,1,0.0002680
507,me&thorn;ra,<code>me&amp;t;ra</code>,1,0.0002680
507,meaglum,<code>meaglum</code>,1,0.0002680
507,meahte,<code>meahte</code>,1,0.0002680
507,meahten,<code>meahten</code>,1,0.0002680
507,meahtig,<code>meahtig</code>,1,0.0002680
507,mearcia&eth;,<code>mearcia&amp;d;</code>,1,0.0002680
507,meledeawes,<code>meledeawes</code>,1,0.0002680
507,mengu,<code>mengu</code>,1,0.0002680
507,meorde,<code>meorde</code>,1,0.0002680
507,meotod,<code>meotod</code>,1,0.0002680
507,meotud,<code>meotud</code>,1,0.0002680
507,mereflod,<code>mereflod</code>,1,0.0002680
507,merueri,<code>merueri</code>,1,0.0002680
507,meta&eth;,<code>meta&amp;d;</code>,1,0.0002680
507,mete,<code>mete</code>,1,0.0002680
507,metude,<code>metude</code>,1,0.0002680
507,middre,<code>middre</code>,1,0.0002680
507,middum,<code>middum</code>,1,0.0002680
507,midle,<code>midle</code>,1,0.0002680
507,miht,<code>miht</code>,1,0.0002680
507,mihtiga,<code>mihtiga</code>,1,0.0002680
507,mildan,<code>mildan</code>,1,0.0002680
507,milde,<code>milde</code>,1,0.0002680
507,min,<code>min</code>,1,0.0002680
507,mine,<code>mine</code>,1,0.0002680
507,minum,<code>minum</code>,1,0.0002680
507,mirce,<code>mirce</code>,1,0.0002680
507,mitem,<code>mitem</code>,1,0.0002680
507,mod,<code>mod</code>,1,0.0002680
507,modga,<code>modga</code>,1,0.0002680
507,modig,<code>modig</code>,1,0.0002680
507,modigne,<code>modigne</code>,1,0.0002680
507,mold&aelig;rne,<code>mold&amp;ae;rne</code>,1,0.0002680
507,moldgrafum,<code>moldgrafum</code>,1,0.0002680
507,molsnad,<code>molsnad</code>,1,0.0002680
507,mon,<code>mon</code>,1,0.0002680
507,mon&thorn;a,<code>mon&amp;t;a</code>,1,0.0002680
507,monnes,<code>monnes</code>,1,0.0002680
507,mundum,<code>mundum</code>,1,0.0002680
507,muntas,<code>muntas</code>,1,0.0002680
507,n&aelig;dran,<code>n&amp;ae;dran</code>,1,0.0002680
507,n&aelig;nges,<code>n&amp;ae;nges</code>,1,0.0002680
507,n&aelig;s,<code>n&amp;ae;s</code>,1,0.0002680
507,neah,<code>neah</code>,1,0.0002680
507,nean,<code>nean</code>,1,0.0002680
507,nearwe,<code>nearwe</code>,1,0.0002680
507,nebb,<code>nebb</code>,1,0.0002680
507,nemna&eth;,<code>nemna&amp;d;</code>,1,0.0002680
507,nemne,<code>nemne</code>,1,0.0002680
507,neo&thorn;an,<code>neo&amp;t;an</code>,1,0.0002680
507,neobed,<code>neobed</code>,1,0.0002680
507,neorxnawong,<code>neorxnawong</code>,1,0.0002680
507,nergend,<code>nergend</code>,1,0.0002680
507,nesta,<code>nesta</code>,1,0.0002680
507,niht,<code>niht</code>,1,0.0002680
507,nihte,<code>nihte</code>,1,0.0002680
507,nime,<code>nime</code>,1,0.0002680
507,nime&eth;,<code>nime&amp;d;</code>,1,0.0002680
507,nio&thorn;oweard,<code>nio&amp;t;oweard</code>,1,0.0002680
507,niwan,<code>niwan</code>,1,0.0002680
507,noman,<code>noman</code>,1,0.0002680
507,nor&thorn;an,<code>nor&amp;t;an</code>,1,0.0002680
507,o,<code>o</code>,1,0.0002680
507,o&eth;eawe&eth;,<code>o&amp;d;eawe&amp;d;</code>,1,0.0002680
507,o&eth;fleoge&eth;,<code>o&amp;d;fleoge&amp;d;</code>,1,0.0002680
507,o&eth;scufe&eth;,<code>o&amp;d;scufe&amp;d;</code>,1,0.0002680
507,o&thorn;&thorn;e,<code>o&amp;t;&amp;t;e</code>,1,0.0002680
507,o&thorn;rum,<code>o&amp;t;rum</code>,1,0.0002680
507,oferhlifa&eth;,<code>oferhlifa&amp;d;</code>,1,0.0002680
507,oferm&aelig;gne,<code>oferm&amp;ae;gne</code>,1,0.0002680
507,ofestum,<code>ofestum</code>,1,0.0002680
507,ofett,<code>ofett</code>,1,0.0002680
507,ofgiefan,<code>ofgiefan</code>,1,0.0002680
507,ofgiefe&eth;,<code>ofgiefe&amp;d;</code>,1,0.0002680
507,onbrygde&eth;,<code>onbrygde&amp;d;</code>,1,0.0002680
507,ondleofne,<code>ondleofne</code>,1,0.0002680
507,onfeng,<code>onfeng</code>,1,0.0002680
507,ongean,<code>ongean</code>,1,0.0002680
507,ongietan,<code>ongietan</code>,1,0.0002680
507,onginna&eth;,<code>onginna&amp;d;</code>,1,0.0002680
507,onginne&eth;,<code>onginne&amp;d;</code>,1,0.0002680
507,onguldon,<code>onguldon</code>,1,0.0002680
507,ongyn,<code>ongyn</code>,1,0.0002680
507,onh&aelig;ted,<code>onh&amp;ae;ted</code>,1,0.0002680
507,onlice,<code>onlice</code>,1,0.0002680
507,onlicost,<code>onlicost</code>,1,0.0002680
507,onsawen,<code>onsawen</code>,1,0.0002680
507,onspringa&eth;,<code>onspringa&amp;d;</code>,1,0.0002680
507,onsyne,<code>onsyne</code>,1,0.0002680
507,ontynde,<code>ontynde</code>,1,0.0002680
507,onw&aelig;cne&eth;,<code>onw&amp;ae;cne&amp;d;</code>,1,0.0002680
507,onwald,<code>onwald</code>,1,0.0002680
507,onwended,<code>onwended</code>,1,0.0002680
507,oo,<code>oo</code>,1,0.0002680
507,open,<code>open</code>,1,0.0002680
507,openan,<code>openan</code>,1,0.0002680
507,or&thorn;oncum,<code>or&amp;t;oncum</code>,1,0.0002680
507,organan,<code>organan</code>,1,0.0002680
507,pacis,<code>pacis</code>,1,0.0002680
507,pean,<code>pean</code>,1,0.0002680
507,perenne,<code>perenne</code>,1,0.0002680
507,r&aelig;fnan,<code>r&amp;ae;fnan</code>,1,0.0002680
507,regna,<code>regna</code>,1,0.0002680
507,ren,<code>ren</code>,1,0.0002680
507,renes,<code>renes</code>,1,0.0002680
507,reordade,<code>reordade</code>,1,0.0002680
507,reorde,<code>reorde</code>,1,0.0002680
507,reordia&eth;,<code>reordia&amp;d;</code>,1,0.0002680
507,reordum,<code>reordum</code>,1,0.0002680
507,rode,<code>rode</code>,1,0.0002680
507,rodera,<code>rodera</code>,1,0.0002680
507,roderum,<code>roderum</code>,1,0.0002680
507,rume,<code>rume</code>,1,0.0002680
507,ryht,<code>ryht</code>,1,0.0002680
507,ryhte,<code>ryhte</code>,1,0.0002680
507,ryhtfremmende,<code>ryhtfremmende</code>,1,0.0002680
507,rypes,<code>rypes</code>,1,0.0002680
507,s&aelig;,<code>s&amp;ae;</code>,1,0.0002680
507,s&aelig;d,<code>s&amp;ae;d</code>,1,0.0002680
507,s&aelig;ged,<code>s&amp;ae;ged</code>,1,0.0002680
507,s&aelig;lum,<code>s&amp;ae;lum</code>,1,0.0002680
507,sacu,<code>sacu</code>,1,0.0002680
507,sare,<code>sare</code>,1,0.0002680
507,sarlic,<code>sarlic</code>,1,0.0002680
507,sarwr&aelig;ce,<code>sarwr&amp;ae;ce</code>,1,0.0002680
507,sarwracu,<code>sarwracu</code>,1,0.0002680
507,sawel,<code>sawel</code>,1,0.0002680
507,sawle,<code>sawle</code>,1,0.0002680
507,scade,<code>scade</code>,1,0.0002680
507,scancan,<code>scancan</code>,1,0.0002680
507,sce&eth;&eth;an,<code>sce&amp;d;&amp;d;an</code>,1,0.0002680
507,sceade,<code>sceade</code>,1,0.0002680
507,sceadu,<code>sceadu</code>,1,0.0002680
507,scearplice,<code>scearplice</code>,1,0.0002680
507,sceat,<code>sceat</code>,1,0.0002680
507,sceata,<code>sceata</code>,1,0.0002680
507,sceawia&thorn;,<code>sceawia&amp;t;</code>,1,0.0002680
507,sceoldon,<code>sceoldon</code>,1,0.0002680
507,scolu,<code>scolu</code>,1,0.0002680
507,scome,<code>scome</code>,1,0.0002680
507,scur,<code>scur</code>,1,0.0002680
507,scyldum,<code>scyldum</code>,1,0.0002680
507,scyldwyrcende,<code>scyldwyrcende</code>,1,0.0002680
507,scyle,<code>scyle</code>,1,0.0002680
507,scylle,<code>scylle</code>,1,0.0002680
507,scyllum,<code>scyllum</code>,1,0.0002680
507,scyppend,<code>scyppend</code>,1,0.0002680
507,scyppendes,<code>scyppendes</code>,1,0.0002680
507,sealte,<code>sealte</code>,1,0.0002680
507,searo,<code>searo</code>,1,0.0002680
507,searolice,<code>searolice</code>,1,0.0002680
507,searwum,<code>searwum</code>,1,0.0002680
507,sedibus,<code>sedibus</code>,1,0.0002680
507,segn,<code>segn</code>,1,0.0002680
507,self,<code>self</code>,1,0.0002680
507,selle,<code>selle</code>,1,0.0002680
507,sellic,<code>sellic</code>,1,0.0002680
507,sellicran,<code>sellicran</code>,1,0.0002680
507,sende&eth;,<code>sende&amp;d;</code>,1,0.0002680
507,seoma&eth;,<code>seoma&amp;d;</code>,1,0.0002680
507,seono&thorn;,<code>seono&amp;t;</code>,1,0.0002680
507,setl,<code>setl</code>,1,0.0002680
507,si,<code>si</code>,1,0.0002680
507,si&eth;e,<code>si&amp;d;e</code>,1,0.0002680
507,si&thorn;a,<code>si&amp;t;a</code>,1,0.0002680
507,si&thorn;es,<code>si&amp;t;es</code>,1,0.0002680
507,si&thorn;ia&thorn;,<code>si&amp;t;ia&amp;t;</code>,1,0.0002680
507,sib,<code>sib</code>,1,0.0002680
507,sibbe,<code>sibbe</code>,1,0.0002680
507,sibgedryht,<code>sibgedryht</code>,1,0.0002680
507,sidwegum,<code>sidwegum</code>,1,0.0002680
507,siga&eth;,<code>siga&amp;d;</code>,1,0.0002680
507,sigewong,<code>sigewong</code>,1,0.0002680
507,sigorf&aelig;st,<code>sigorf&amp;ae;st</code>,1,0.0002680
507,sincaldu,<code>sincaldu</code>,1,0.0002680
507,sindreamum,<code>sindreamum</code>,1,0.0002680
507,sine,<code>sine</code>,1,0.0002680
507,singan,<code>singan</code>,1,0.0002680
507,site&eth;,<code>site&amp;d;</code>,1,0.0002680
507,sl&aelig;p,<code>sl&amp;ae;p</code>,1,0.0002680
507,smi&thorn;a,<code>smi&amp;t;a</code>,1,0.0002680
507,smylte,<code>smylte</code>,1,0.0002680
507,snell,<code>snell</code>,1,0.0002680
507,snude,<code>snude</code>,1,0.0002680
507,snyttrucr&aelig;ft,<code>snyttrucr&amp;ae;ft</code>,1,0.0002680
507,so&eth;,<code>so&amp;d;</code>,1,0.0002680
507,so&eth;f&aelig;st,<code>so&amp;d;f&amp;ae;st</code>,1,0.0002680
507,so&eth;f&aelig;ste,<code>so&amp;d;f&amp;ae;ste</code>,1,0.0002680
507,so&eth;f&aelig;stum,<code>so&amp;d;f&amp;ae;stum</code>,1,0.0002680
507,so&thorn;f&aelig;ste,<code>so&amp;t;f&amp;ae;ste</code>,1,0.0002680
507,sohton,<code>sohton</code>,1,0.0002680
507,solere,<code>solere</code>,1,0.0002680
507,somnia&eth;,<code>somnia&amp;d;</code>,1,0.0002680
507,somnige,<code>somnige</code>,1,0.0002680
507,sona,<code>sona</code>,1,0.0002680
507,song,<code>song</code>,1,0.0002680
507,songcr&aelig;ftum,<code>songcr&amp;ae;ftum</code>,1,0.0002680
507,songe,<code>songe</code>,1,0.0002680
507,sorg,<code>sorg</code>,1,0.0002680
507,sorge,<code>sorge</code>,1,0.0002680
507,sorgfulran,<code>sorgfulran</code>,1,0.0002680
507,spedig,<code>spedig</code>,1,0.0002680
507,spelboda,<code>spelboda</code>,1,0.0002680
507,splottum,<code>splottum</code>,1,0.0002680
507,sta&thorn;elode,<code>sta&amp;t;elode</code>,1,0.0002680
507,stanclifu,<code>stanclifu</code>,1,0.0002680
507,stane,<code>stane</code>,1,0.0002680
507,steape,<code>steape</code>,1,0.0002680
507,stearc,<code>stearc</code>,1,0.0002680
507,stiga&eth;,<code>stiga&amp;d;</code>,1,0.0002680
507,stige&eth;,<code>stige&amp;d;</code>,1,0.0002680
507,stille,<code>stille</code>,1,0.0002680
507,stod,<code>stod</code>,1,0.0002680
507,stonda&thorn;,<code>stonda&amp;t;</code>,1,0.0002680
507,stonde&eth;,<code>stonde&amp;d;</code>,1,0.0002680
507,stonde&thorn;,<code>stonde&amp;t;</code>,1,0.0002680
507,storma,<code>storma</code>,1,0.0002680
507,stowe,<code>stowe</code>,1,0.0002680
507,streamas,<code>streamas</code>,1,0.0002680
507,streng&eth;u,<code>streng&amp;d;u</code>,1,0.0002680
507,styme&eth;,<code>styme&amp;d;</code>,1,0.0002680
507,su&eth;rodor,<code>su&amp;d;rodor</code>,1,0.0002680
507,sume,<code>sume</code>,1,0.0002680
507,sumes,<code>sumes</code>,1,0.0002680
507,sunbearo,<code>sunbearo</code>,1,0.0002680
507,sundplegan,<code>sundplegan</code>,1,0.0002680
507,sunu,<code>sunu</code>,1,0.0002680
507,sunum,<code>sunum</code>,1,0.0002680
507,sw&aelig;ccum,<code>sw&amp;ae;ccum</code>,1,0.0002680
507,sw&aelig;s,<code>sw&amp;ae;s</code>,1,0.0002680
507,swanes,<code>swanes</code>,1,0.0002680
507,sweg,<code>sweg</code>,1,0.0002680
507,swega,<code>swega</code>,1,0.0002680
507,sweghleo&thorn;res,<code>sweghleo&amp;t;res</code>,1,0.0002680
507,swegl,<code>swegl</code>,1,0.0002680
507,sweglcondelle,<code>sweglcondelle</code>,1,0.0002680
507,swelge&eth;,<code>swelge&amp;d;</code>,1,0.0002680
507,sweoran,<code>sweoran</code>,1,0.0002680
507,swetes,<code>swetes</code>,1,0.0002680
507,swetestan,<code>swetestan</code>,1,0.0002680
507,swetra,<code>swetra</code>,1,0.0002680
507,swi&thorn;e,<code>swi&amp;t;e</code>,1,0.0002680
507,swia&eth;,<code>swia&amp;d;</code>,1,0.0002680
507,swift,<code>swift</code>,1,0.0002680
507,swole,<code>swole</code>,1,0.0002680
507,swoles,<code>swoles</code>,1,0.0002680
507,swongor,<code>swongor</code>,1,0.0002680
507,swylc,<code>swylc</code>,1,0.0002680
507,swyltcwale,<code>swyltcwale</code>,1,0.0002680
507,sylfa,<code>sylfa</code>,1,0.0002680
507,sylfne,<code>sylfne</code>,1,0.0002680
507,symbel,<code>symbel</code>,1,0.0002680
507,synn,<code>synn</code>,1,0.0002680
507,synnig,<code>synnig</code>,1,0.0002680
507,synnum,<code>synnum</code>,1,0.0002680
507,syrwara,<code>syrwara</code>,1,0.0002680
507,tacne,<code>tacne</code>,1,0.0002680
507,tanum,<code>tanum</code>,1,0.0002680
507,tapur,<code>tapur</code>,1,0.0002680
507,telgan,<code>telgan</code>,1,0.0002680
507,telgum,<code>telgum</code>,1,0.0002680
507,teonlice,<code>teonlice</code>,1,0.0002680
507,tida,<code>tida</code>,1,0.0002680
507,tihte,<code>tihte</code>,1,0.0002680
507,tilga&eth;,<code>tilga&amp;d;</code>,1,0.0002680
507,timan,<code>timan</code>,1,0.0002680
507,timbran,<code>timbran</code>,1,0.0002680
507,tireadga,<code>tireadga</code>,1,0.0002680
507,tirf&aelig;st,<code>tirf&amp;ae;st</code>,1,0.0002680
507,tirf&aelig;ste,<code>tirf&amp;ae;ste</code>,1,0.0002680
507,tirmeahtig,<code>tirmeahtig</code>,1,0.0002680
507,to&thorn;as,<code>to&amp;t;as</code>,1,0.0002680
507,toeacan,<code>toeacan</code>,1,0.0002680
507,tog&aelig;dre,<code>tog&amp;ae;dre</code>,1,0.0002680
507,torht,<code>torht</code>,1,0.0002680
507,torhta,<code>torhta</code>,1,0.0002680
507,towegen,<code>towegen</code>,1,0.0002680
507,treowe,<code>treowe</code>,1,0.0002680
507,treowum,<code>treowum</code>,1,0.0002680
507,tu,<code>tu</code>,1,0.0002680
507,tugon,<code>tugon</code>,1,0.0002680
507,tungol,<code>tungol</code>,1,0.0002680
507,twelfum,<code>twelfum</code>,1,0.0002680
507,ufan,<code>ufan</code>,1,0.0002680
507,ufeweard,<code>ufeweard</code>,1,0.0002680
507,unbryce,<code>unbryce</code>,1,0.0002680
507,uncyste,<code>uncyste</code>,1,0.0002680
507,ungewyrded,<code>ungewyrded</code>,1,0.0002680
507,unm&aelig;te,<code>unm&amp;ae;te</code>,1,0.0002680
507,unr&aelig;dum,<code>unr&amp;ae;dum</code>,1,0.0002680
507,unsme&thorn;es,<code>unsme&amp;t;es</code>,1,0.0002680
507,unwemme,<code>unwemme</code>,1,0.0002680
507,upl&aelig;dendra,<code>upl&amp;ae;dendra</code>,1,0.0002680
507,uppe,<code>uppe</code>,1,0.0002680
507,urnen,<code>urnen</code>,1,0.0002680
507,usic,<code>usic</code>,1,0.0002680
507,ut,<code>ut</code>,1,0.0002680
507,w&aelig;dle,<code>w&amp;ae;dle</code>,1,0.0002680
507,w&aelig;ga,<code>w&amp;ae;ga</code>,1,0.0002680
507,w&aelig;lgifre,<code>w&amp;ae;lgifre</code>,1,0.0002680
507,w&aelig;lreaf,<code>w&amp;ae;lreaf</code>,1,0.0002680
507,w&aelig;pnum,<code>w&amp;ae;pnum</code>,1,0.0002680
507,w&aelig;re,<code>w&amp;ae;re</code>,1,0.0002680
507,w&aelig;ron,<code>w&amp;ae;ron</code>,1,0.0002680
507,w&aelig;tra,<code>w&amp;ae;tra</code>,1,0.0002680
507,w&aelig;tres,<code>w&amp;ae;tres</code>,1,0.0002680
507,wa&thorn;eman,<code>wa&amp;t;eman</code>,1,0.0002680
507,wafia&eth;,<code>wafia&amp;d;</code>,1,0.0002680
507,wania&eth;,<code>wania&amp;d;</code>,1,0.0002680
507,we&thorn;el,<code>we&amp;t;el</code>,1,0.0002680
507,wealdas,<code>wealdas</code>,1,0.0002680
507,weallende,<code>weallende</code>,1,0.0002680
507,weard,<code>weard</code>,1,0.0002680
507,wearda&thorn;,<code>wearda&amp;t;</code>,1,0.0002680
507,weardia&eth;,<code>weardia&amp;d;</code>,1,0.0002680
507,wearmia&eth;,<code>wearmia&amp;d;</code>,1,0.0002680
507,weatacen,<code>weatacen</code>,1,0.0002680
507,wece&eth;,<code>wece&amp;d;</code>,1,0.0002680
507,wedercondel,<code>wedercondel</code>,1,0.0002680
507,wedra,<code>wedra</code>,1,0.0002680
507,weld&aelig;dum,<code>weld&amp;ae;dum</code>,1,0.0002680
507,wen,<code>wen</code>,1,0.0002680
507,wendan,<code>wendan</code>,1,0.0002680
507,wene,<code>wene</code>,1,0.0002680
507,weor&eth;mynd,<code>weor&amp;d;mynd</code>,1,0.0002680
507,weor&thorn;a&eth;,<code>weor&amp;t;a&amp;d;</code>,1,0.0002680
507,weor&thorn;ia&eth;,<code>weor&amp;t;ia&amp;d;</code>,1,0.0002680
507,weorc,<code>weorc</code>,1,0.0002680
507,weorcum,<code>weorcum</code>,1,0.0002680
507,weoredum,<code>weoredum</code>,1,0.0002680
507,weorodum,<code>weorodum</code>,1,0.0002680
507,wer,<code>wer</code>,1,0.0002680
507,weras,<code>weras</code>,1,0.0002680
507,werede,<code>werede</code>,1,0.0002680
507,weres,<code>weres</code>,1,0.0002680
507,werigmod,<code>werigmod</code>,1,0.0002680
507,wese&eth;,<code>wese&amp;d;</code>,1,0.0002680
507,west,<code>west</code>,1,0.0002680
507,westan,<code>westan</code>,1,0.0002680
507,westd&aelig;las,<code>westd&amp;ae;las</code>,1,0.0002680
507,weste,<code>weste</code>,1,0.0002680
507,westen,<code>westen</code>,1,0.0002680
507,westenne,<code>westenne</code>,1,0.0002680
507,wicstowe,<code>wicstowe</code>,1,0.0002680
507,wide,<code>wide</code>,1,0.0002680
507,wif,<code>wif</code>,1,0.0002680
507,wifhades,<code>wifhades</code>,1,0.0002680
507,wiga,<code>wiga</code>,1,0.0002680
507,wildne,<code>wildne</code>,1,0.0002680
507,wilgedryht,<code>wilgedryht</code>,1,0.0002680
507,wilgiefa,<code>wilgiefa</code>,1,0.0002680
507,wille,<code>wille</code>,1,0.0002680
507,willsele,<code>willsele</code>,1,0.0002680
507,willwonge,<code>willwonge</code>,1,0.0002680
507,wilsuman,<code>wilsuman</code>,1,0.0002680
507,wind,<code>wind</code>,1,0.0002680
507,windig,<code>windig</code>,1,0.0002680
507,wintergew&aelig;dum,<code>wintergew&amp;ae;dum</code>,1,0.0002680
507,wintergeweorp,<code>wintergeweorp</code>,1,0.0002680
507,winterscur,<code>winterscur</code>,1,0.0002680
507,wisan,<code>wisan</code>,1,0.0002680
507,wisdom,<code>wisdom</code>,1,0.0002680
507,wiste,<code>wiste</code>,1,0.0002680
507,wite,<code>wite</code>,1,0.0002680
507,witedom,<code>witedom</code>,1,0.0002680
507,witgan,<code>witgan</code>,1,0.0002680
507,wlita&eth;,<code>wlita&amp;d;</code>,1,0.0002680
507,wlitigf&aelig;st,<code>wlitigf&amp;ae;st</code>,1,0.0002680
507,wlitigra,<code>wlitigra</code>,1,0.0002680
507,wlitigum,<code>wlitigum</code>,1,0.0002680
507,wlonc,<code>wlonc</code>,1,0.0002680
507,woldan,<code>woldan</code>,1,0.0002680
507,womb,<code>womb</code>,1,0.0002680
507,won,<code>won</code>,1,0.0002680
507,wongas,<code>wongas</code>,1,0.0002680
507,wonge,<code>wonge</code>,1,0.0002680
507,wonges,<code>wonges</code>,1,0.0002680
507,wop,<code>wop</code>,1,0.0002680
507,worda,<code>worda</code>,1,0.0002680
507,wordum,<code>wordum</code>,1,0.0002680
507,worhte,<code>worhte</code>,1,0.0002680
507,worn,<code>worn</code>,1,0.0002680
507,worulda,<code>worulda</code>,1,0.0002680
507,worulde,<code>worulde</code>,1,0.0002680
507,woruldgestreon,<code>woruldgestreon</code>,1,0.0002680
507,woruldwelan,<code>woruldwelan</code>,1,0.0002680
507,wr&aelig;chwile,<code>wr&amp;ae;chwile</code>,1,0.0002680
507,wr&aelig;tlic,<code>wr&amp;ae;tlic</code>,1,0.0002680
507,wra&eth;e,<code>wra&amp;d;e</code>,1,0.0002680
507,wracu,<code>wracu</code>,1,0.0002680
507,wrenca,<code>wrenca</code>,1,0.0002680
507,write,<code>write</code>,1,0.0002680
507,writu,<code>writu</code>,1,0.0002680
507,wrixle&eth;,<code>wrixle&amp;d;</code>,1,0.0002680
507,wrixled,<code>wrixled</code>,1,0.0002680
507,wroht,<code>wroht</code>,1,0.0002680
507,wuda,<code>wuda</code>,1,0.0002680
507,wudubeama,<code>wudubeama</code>,1,0.0002680
507,wudubearwe,<code>wudubearwe</code>,1,0.0002680
507,wudubearwes,<code>wudubearwes</code>,1,0.0002680
507,wudubleda,<code>wudubleda</code>,1,0.0002680
507,wuduholt,<code>wuduholt</code>,1,0.0002680
507,wuduholtum,<code>wuduholtum</code>,1,0.0002680
507,wuldor,<code>wuldor</code>,1,0.0002680
507,wuna&thorn;,<code>wuna&amp;t;</code>,1,0.0002680
507,wunade,<code>wunade</code>,1,0.0002680
507,wundorlice,<code>wundorlice</code>,1,0.0002680
507,wundorlicor,<code>wundorlicor</code>,1,0.0002680
507,wundra,<code>wundra</code>,1,0.0002680
507,wundria&eth;,<code>wundria&amp;d;</code>,1,0.0002680
507,wurdon,<code>wurdon</code>,1,0.0002680
507,wurman,<code>wurman</code>,1,0.0002680
507,wyllan,<code>wyllan</code>,1,0.0002680
507,wyllestreama,<code>wyllestreama</code>,1,0.0002680
507,wyllestreamas,<code>wyllestreamas</code>,1,0.0002680
507,wyllgespryngum,<code>wyllgespryngum</code>,1,0.0002680
507,wynlic,<code>wynlic</code>,1,0.0002680
507,wynlond,<code>wynlond</code>,1,0.0002680
507,wynn,<code>wynn</code>,1,0.0002680
507,wynne,<code>wynne</code>,1,0.0002680
507,wynsumne,<code>wynsumne</code>,1,0.0002680
507,wynsumu,<code>wynsumu</code>,1,0.0002680
507,wynsumum,<code>wynsumum</code>,1,0.0002680
507,wyrce&eth;,<code>wyrce&amp;d;</code>,1,0.0002680
507,wyrm,<code>wyrm</code>,1,0.0002680
507,wyrmum,<code>wyrmum</code>,1,0.0002680
507,y&eth;fare,<code>y&amp;d;fare</code>,1,0.0002680
507,y&eth;mere,<code>y&amp;d;mere</code>,1,0.0002680
507,y&thorn;ast,<code>y&amp;t;ast</code>,1,0.0002680
507,yfla,<code>yfla</code>,1,0.0002680
507,yfle,<code>yfle</code>,1,0.0002680
507,yldo,<code>yldo</code>,1,0.0002680
507,ymbe,<code>ymbe</code>,1,0.0002680
507,ymbfeh&eth;,<code>ymbfeh&amp;d;</code>,1,0.0002680
507,ymbhwyrft,<code>ymbhwyrft</code>,1,0.0002680
507,ymbsete&eth;,<code>ymbsete&amp;d;</code>,1,0.0002680
507,yrfeweard,<code>yrfeweard</code>,1,0.0002680
507,yrm&eth;u,<code>yrm&amp;d;u</code>,1,0.0002680
507,yrre,<code>yrre</code>,1,0.0002680
