A_Poetry,A03,A03.034.004_Rid_64_T01060.txt,33,30,39
RANK,HTML WORD,RAW WORD,COUNT,RELATIVE FREQUENCY
1,ond,<code>ond</code>,5,0.1282051
2,e,<code>e</code>,2,0.0512821
2,ofer,<code>ofer</code>,2,0.0512821
4,&aelig;,<code>&amp;ae;</code>,1,0.0256410
4,&thorn;,<code>&amp;t;</code>,1,0.0256410
4,&thorn;&aelig;s,<code>&amp;t;&amp;ae;s</code>,1,0.0256410
4,&thorn;ry&thorn;a,<code>&amp;t;ry&amp;t;a</code>,1,0.0256410
4,a,<code>a</code>,1,0.0256410
4,b,<code>b</code>,1,0.0256410
4,b&aelig;m,<code>b&amp;ae;m</code>,1,0.0256410
4,beran,<code>beran</code>,1,0.0256410
4,d&aelig;l,<code>d&amp;ae;l</code>,1,0.0256410
4,ea,<code>ea</code>,1,0.0256410
4,f,<code>f</code>,1,0.0256410
4,faran,<code>faran</code>,1,0.0256410
4,fleah,<code>fleah</code>,1,0.0256410
4,folces,<code>folces</code>,1,0.0256410
4,gefeah,<code>gefeah</code>,1,0.0256410
4,h,<code>h</code>,1,0.0256410
4,h&aelig;bbendes,<code>h&amp;ae;bbendes</code>,1,0.0256410
4,hyht,<code>hyht</code>,1,0.0256410
4,i,<code>i</code>,1,0.0256410
4,ic,<code>ic</code>,1,0.0256410
4,on,<code>on</code>,1,0.0256410
4,p,<code>p</code>,1,0.0256410
4,s,<code>s</code>,1,0.0256410
4,seah,<code>seah</code>,1,0.0256410
4,si&thorn;&thorn;e,<code>si&amp;t;&amp;t;e</code>,1,0.0256410
4,swylce,<code>swylce</code>,1,0.0256410
4,sylfes,<code>sylfes</code>,1,0.0256410
4,w,<code>w</code>,1,0.0256410
4,w&aelig;s,<code>w&amp;ae;s</code>,1,0.0256410
4,wong,<code>wong</code>,1,0.0256410
