A_Poetry,A08,A08.001_WaldB_T01430.txt,144,127,172
RANK,HTML WORD,RAW WORD,COUNT,RELATIVE FREQUENCY
1,&eth;e,<code>&amp;d;e</code>,4,0.0232558
1,and,<code>and</code>,4,0.0232558
1,me,<code>me</code>,4,0.0232558
4,&thorn;&aelig;t,<code>&amp;t;&amp;ae;t</code>,3,0.0174419
4,&thorn;onne,<code>&amp;t;onne</code>,3,0.0174419
4,him,<code>him</code>,3,0.0174419
4,on,<code>on</code>,3,0.0174419
4,to,<code>to</code>,3,0.0174419
9,&eth;am,<code>&amp;d;am</code>,2,0.0116279
9,&eth;u,<code>&amp;d;u</code>,2,0.0116279
9,eac,<code>eac</code>,2,0.0116279
9,golde,<code>golde</code>,2,0.0116279
9,hand,<code>hand</code>,2,0.0116279
9,ic,<code>ic</code>,2,0.0116279
9,m&aelig;g,<code>m&amp;ae;g</code>,2,0.0116279
9,mid,<code>mid</code>,2,0.0116279
9,se,<code>se</code>,2,0.0116279
18,&aelig;&eth;elinges,<code>&amp;ae;&amp;d;elinges</code>,1,0.0058140
18,&aelig;htum,<code>&amp;ae;htum</code>,1,0.0058140
18,&aelig;lfheres,<code>&amp;ae;lfheres</code>,1,0.0058140
18,&aelig;r,<code>&amp;ae;r</code>,1,0.0058140
18,&aelig;t,<code>&amp;ae;t</code>,1,0.0058140
18,&eth;a,<code>&amp;d;a</code>,1,0.0058140
18,&eth;eah,<code>&amp;d;eah</code>,1,0.0058140
18,&eth;eodric,<code>&amp;d;eodric</code>,1,0.0058140
18,&eth;ewigges,<code>&amp;d;ewigges</code>,1,0.0058140
18,&eth;i,<code>&amp;d;i</code>,1,0.0058140
18,&eth;ohte,<code>&amp;d;ohte</code>,1,0.0058140
18,&eth;urh,<code>&amp;d;urh</code>,1,0.0058140
18,&eth;us,<code>&amp;d;us</code>,1,0.0058140
18,&thorn;&aelig;r,<code>&amp;t;&amp;ae;r</code>,1,0.0058140
18,&thorn;&aelig;s,<code>&amp;t;&amp;ae;s</code>,1,0.0058140
18,anum,<code>anum</code>,1,0.0058140
18,b&aelig;teran,<code>b&amp;ae;teran</code>,1,0.0058140
18,bearn,<code>bearn</code>,1,0.0058140
18,bi&eth;,<code>bi&amp;d;</code>,1,0.0058140
18,britnian,<code>britnian</code>,1,0.0058140
18,burgenda,<code>burgenda</code>,1,0.0058140
18,buton,<code>buton</code>,1,0.0058140
18,by&eth;,<code>by&amp;d;</code>,1,0.0058140
18,byrnan,<code>byrnan</code>,1,0.0058140
18,ce,<code>ce</code>,1,0.0058140
18,dydon,<code>dydon</code>,1,0.0058140
18,dyrre,<code>dyrre</code>,1,0.0058140
18,ealles,<code>ealles</code>,1,0.0058140
18,earnunga,<code>earnunga</code>,1,0.0058140
18,eaxelum,<code>eaxelum</code>,1,0.0058140
18,eft,<code>eft</code>,1,0.0058140
18,ellenrof,<code>ellenrof</code>,1,0.0058140
18,fah,<code>fah</code>,1,0.0058140
18,feondum,<code>feondum</code>,1,0.0058140
18,feorhhord,<code>feorhhord</code>,1,0.0058140
18,feta,<code>feta</code>,1,0.0058140
18,fifela,<code>fifela</code>,1,0.0058140
18,finde&eth;,<code>finde&amp;d;</code>,1,0.0058140
18,for&eth;,<code>for&amp;d;</code>,1,0.0058140
18,forlet,<code>forlet</code>,1,0.0058140
18,ge,<code>ge</code>,1,0.0058140
18,ge&eth;ence&eth;,<code>ge&amp;d;ence&amp;d;</code>,1,0.0058140
18,geapneb,<code>geapneb</code>,1,0.0058140
18,gearo,<code>gearo</code>,1,0.0058140
18,gefremede,<code>gefremede</code>,1,0.0058140
18,gegirwan,<code>gegirwan</code>,1,0.0058140
18,gehided,<code>gehided</code>,1,0.0058140
18,gehwilces,<code>gehwilces</code>,1,0.0058140
18,gelife&eth;,<code>gelife&amp;d;</code>,1,0.0058140
18,gemeta&eth;,<code>gemeta&amp;d;</code>,1,0.0058140
18,genam,<code>genam</code>,1,0.0058140
18,getw&aelig;mde,<code>getw&amp;ae;mde</code>,1,0.0058140
18,geweald,<code>geweald</code>,1,0.0058140
18,geweor&eth;od,<code>geweor&amp;d;od</code>,1,0.0058140
18,gif,<code>gif</code>,1,0.0058140
18,gioce,<code>gioce</code>,1,0.0058140
18,god,<code>god</code>,1,0.0058140
18,gode,<code>gode</code>,1,0.0058140
18,gripe,<code>gripe</code>,1,0.0058140
18,gu&eth;billa,<code>gu&amp;d;billa</code>,1,0.0058140
18,gyddode,<code>gyddode</code>,1,0.0058140
18,gyf,<code>gyf</code>,1,0.0058140
18,h&aelig;fde,<code>h&amp;ae;fde</code>,1,0.0058140
18,habbanne,<code>habbanne</code>,1,0.0058140
18,hafa,<code>hafa</code>,1,0.0058140
18,hagenan,<code>hagenan</code>,1,0.0058140
18,halgan,<code>halgan</code>,1,0.0058140
18,handa,<code>handa</code>,1,0.0058140
18,hare,<code>hare</code>,1,0.0058140
18,he,<code>he</code>,1,0.0058140
18,hea&eth;uwerigan,<code>hea&amp;d;uwerigan</code>,1,0.0058140
18,helpe,<code>helpe</code>,1,0.0058140
18,her,<code>her</code>,1,0.0058140
18,hilde,<code>hilde</code>,1,0.0058140
18,hildefrofre,<code>hildefrofre</code>,1,0.0058140
18,hine,<code>hine</code>,1,0.0058140
18,hit,<code>hit</code>,1,0.0058140
18,huru,<code>huru</code>,1,0.0058140
18,hw&aelig;t,<code>hw&amp;ae;t</code>,1,0.0058140
18,is,<code>is</code>,1,0.0058140
18,iulean,<code>iulean</code>,1,0.0058140
18,laf,<code>laf</code>,1,0.0058140
18,ma&eth;lode,<code>ma&amp;d;lode</code>,1,0.0058140
18,ma&eth;ma,<code>ma&amp;d;ma</code>,1,0.0058140
18,mece,<code>mece</code>,1,0.0058140
18,mecum,<code>mecum</code>,1,0.0058140
18,micel,<code>micel</code>,1,0.0058140
18,monig,<code>monig</code>,1,0.0058140
18,moten,<code>moten</code>,1,0.0058140
18,ne,<code>ne</code>,1,0.0058140
18,nearwum,<code>nearwum</code>,1,0.0058140
18,ni&eth;hades,<code>ni&amp;d;hades</code>,1,0.0058140
18,o&eth;res,<code>o&amp;d;res</code>,1,0.0058140
18,of,<code>of</code>,1,0.0058140
18,onette,<code>onette</code>,1,0.0058140
18,ongynna&eth;,<code>ongynna&amp;d;</code>,1,0.0058140
18,onsendon,<code>onsendon</code>,1,0.0058140
18,r&aelig;dfest,<code>r&amp;ae;dfest</code>,1,0.0058140
18,reaf,<code>reaf</code>,1,0.0058140
18,recon,<code>recon</code>,1,0.0058140
18,ryha,<code>ryha</code>,1,0.0058140
18,selfum,<code>selfum</code>,1,0.0058140
18,sige,<code>sige</code>,1,0.0058140
18,sinc,<code>sinc</code>,1,0.0058140
18,stande&eth;,<code>stande&amp;d;</code>,1,0.0058140
18,stanfate,<code>stanfate</code>,1,0.0058140
18,stille,<code>stille</code>,1,0.0058140
18,swa,<code>swa</code>,1,0.0058140
18,syllan,<code>syllan</code>,1,0.0058140
18,symle,<code>symle</code>,1,0.0058140
18,unm&aelig;gas,<code>unm&amp;ae;gas</code>,1,0.0058140
18,unscende,<code>unscende</code>,1,0.0058140
18,ut,<code>ut</code>,1,0.0058140
18,waldere,<code>waldere</code>,1,0.0058140
18,wat,<code>wat</code>,1,0.0058140
18,wealdan,<code>wealdan</code>,1,0.0058140
18,welan,<code>welan</code>,1,0.0058140
18,welandes,<code>welandes</code>,1,0.0058140
18,wendest,<code>wendest</code>,1,0.0058140
18,were&eth;,<code>were&amp;d;</code>,1,0.0058140
18,wi&eth;,<code>wi&amp;d;</code>,1,0.0058140
18,widia,<code>widia</code>,1,0.0058140
18,widian,<code>widian</code>,1,0.0058140
18,wiga,<code>wiga</code>,1,0.0058140
18,wine,<code>wine</code>,1,0.0058140
18,wlance,<code>wlance</code>,1,0.0058140
18,wordum,<code>wordum</code>,1,0.0058140
