A_Poetry,A08,A08_WaldA_T01420.txt,147,126,185
RANK,HTML WORD,RAW WORD,COUNT,RELATIVE FREQUENCY
1,&eth;e,<code>&amp;d;e</code>,7,0.0378378
2,&eth;u,<code>&amp;d;u</code>,5,0.0270270
3,&eth;am,<code>&amp;d;am</code>,4,0.0216216
4,&aelig;t,<code>&amp;ae;t</code>,3,0.0162162
4,&eth;y,<code>&amp;d;y</code>,3,0.0162162
4,he,<code>he</code>,3,0.0162162
4,ic,<code>ic</code>,3,0.0162162
4,ne,<code>ne</code>,3,0.0162162
4,o&eth;&eth;e,<code>o&amp;d;&amp;d;e</code>,3,0.0162162
4,to,<code>to</code>,3,0.0162162
11,&eth;in,<code>&amp;d;in</code>,2,0.0108108
11,&thorn;&aelig;t,<code>&amp;t;&amp;ae;t</code>,2,0.0108108
11,and,<code>and</code>,2,0.0108108
11,feohtan,<code>feohtan</code>,2,0.0108108
11,hilde,<code>hilde</code>,2,0.0108108
11,mid,<code>mid</code>,2,0.0108108
11,monnes,<code>monnes</code>,2,0.0108108
11,nu,<code>nu</code>,2,0.0108108
11,scealt,<code>scealt</code>,2,0.0108108
11,secan,<code>secan</code>,2,0.0108108
11,sohtest,<code>sohtest</code>,2,0.0108108
22,&aelig;fter,<code>&amp;ae;fter</code>,1,0.0054054
22,&aelig;lfheres,<code>&amp;ae;lfheres</code>,1,0.0054054
22,&aelig;niges,<code>&amp;ae;niges</code>,1,0.0054054
22,&aelig;nigum,<code>&amp;ae;nigum</code>,1,0.0054054
22,&aelig;r,<code>&amp;ae;r</code>,1,0.0054054
22,&aelig;rest,<code>&amp;ae;rest</code>,1,0.0054054
22,&aelig;tlan,<code>&amp;ae;tlan</code>,1,0.0054054
22,&aelig;tstealle,<code>&amp;ae;tstealle</code>,1,0.0054054
22,&eth;&aelig;s,<code>&amp;d;&amp;ae;s</code>,1,0.0054054
22,&eth;a,<code>&amp;d;a</code>,1,0.0054054
22,&eth;ara,<code>&amp;d;ara</code>,1,0.0054054
22,&eth;as,<code>&amp;d;as</code>,1,0.0054054
22,&eth;eah,<code>&amp;d;eah</code>,1,0.0054054
22,&eth;enden,<code>&amp;d;enden</code>,1,0.0054054
22,&eth;i,<code>&amp;d;i</code>,1,0.0054054
22,&eth;inne,<code>&amp;d;inne</code>,1,0.0054054
22,&eth;isse,<code>&amp;d;isse</code>,1,0.0054054
22,&eth;urh,<code>&amp;d;urh</code>,1,0.0054054
22,&thorn;e,<code>&amp;t;e</code>,1,0.0054054
22,ac,<code>ac</code>,1,0.0054054
22,agan,<code>agan</code>,1,0.0054054
22,aninga,<code>aninga</code>,1,0.0054054
22,beaduwe,<code>beaduwe</code>,1,0.0054054
22,beaga,<code>beaga</code>,1,0.0054054
22,bega,<code>bega</code>,1,0.0054054
22,beorgan,<code>beorgan</code>,1,0.0054054
22,beot,<code>beot</code>,1,0.0054054
22,billum,<code>billum</code>,1,0.0054054
22,byrnhomon,<code>byrnhomon</code>,1,0.0054054
22,can,<code>can</code>,1,0.0054054
22,cide,<code>cide</code>,1,0.0054054
22,cumen,<code>cumen</code>,1,0.0054054
22,cyst,<code>cyst</code>,1,0.0054054
22,d,<code>d</code>,1,0.0054054
22,d&aelig;dum,<code>d&amp;ae;dum</code>,1,0.0054054
22,d&aelig;g,<code>d&amp;ae;g</code>,1,0.0054054
22,d&aelig;ge,<code>d&amp;ae;ge</code>,1,0.0054054
22,dom,<code>dom</code>,1,0.0054054
22,dryhtscipe,<code>dryhtscipe</code>,1,0.0054054
22,ealdne,<code>ealdne</code>,1,0.0054054
22,edwitscype,<code>edwitscype</code>,1,0.0054054
22,eldum,<code>eldum</code>,1,0.0054054
22,ellen,<code>ellen</code>,1,0.0054054
22,fela,<code>fela</code>,1,0.0054054
22,fleon,<code>fleon</code>,1,0.0054054
22,for,<code>for</code>,1,0.0054054
22,forbigan,<code>forbigan</code>,1,0.0054054
22,forbugan,<code>forbugan</code>,1,0.0054054
22,forleosan,<code>forleosan</code>,1,0.0054054
22,forsoc,<code>forsoc</code>,1,0.0054054
22,from,<code>from</code>,1,0.0054054
22,fur&eth;or,<code>fur&amp;d;or</code>,1,0.0054054
22,fyrenlice,<code>fyrenlice</code>,1,0.0054054
22,gedreas,<code>gedreas</code>,1,0.0054054
22,gedreosan,<code>gedreosan</code>,1,0.0054054
22,gehealdan,<code>gehealdan</code>,1,0.0054054
22,geoce,<code>geoce</code>,1,0.0054054
22,georne,<code>georne</code>,1,0.0054054
22,gesawe,<code>gesawe</code>,1,0.0054054
22,geswice&eth;,<code>geswice&amp;d;</code>,1,0.0054054
22,gif,<code>gif</code>,1,0.0054054
22,gife&eth;e,<code>gife&amp;d;e</code>,1,0.0054054
22,god,<code>god</code>,1,0.0054054
22,godum,<code>godum</code>,1,0.0054054
22,gu&eth;here,<code>gu&amp;d;here</code>,1,0.0054054
22,gy,<code>gy</code>,1,0.0054054
22,heardne,<code>heardne</code>,1,0.0054054
22,heowun,<code>heowun</code>,1,0.0054054
22,her,<code>her</code>,1,0.0054054
22,hlafurd,<code>hlafurd</code>,1,0.0054054
22,huru,<code>huru</code>,1,0.0054054
22,hworfan,<code>hworfan</code>,1,0.0054054
22,hyne,<code>hyne</code>,1,0.0054054
22,hyrde,<code>hyrde</code>,1,0.0054054
22,is,<code>is</code>,1,0.0054054
22,l&aelig;t,<code>l&amp;ae;t</code>,1,0.0054054
22,la&eth;ra,<code>la&amp;d;ra</code>,1,0.0054054
22,langne,<code>langne</code>,1,0.0054054
22,leas,<code>leas</code>,1,0.0054054
22,lice,<code>lice</code>,1,0.0054054
22,lif,<code>lif</code>,1,0.0054054
22,m&aelig;l,<code>m&amp;ae;l</code>,1,0.0054054
22,m&aelig;nigo,<code>m&amp;ae;nigo</code>,1,0.0054054
22,ma&eth;ma,<code>ma&amp;d;ma</code>,1,0.0054054
22,mearce,<code>mearce</code>,1,0.0054054
22,mece,<code>mece</code>,1,0.0054054
22,metod,<code>metod</code>,1,0.0054054
22,mimming,<code>mimming</code>,1,0.0054054
22,min,<code>min</code>,1,0.0054054
22,monna,<code>monna</code>,1,0.0054054
22,murn,<code>murn</code>,1,0.0054054
22,nalles,<code>nalles</code>,1,0.0054054
22,o&eth;er,<code>o&amp;d;er</code>,1,0.0054054
22,o&eth;res,<code>o&amp;d;res</code>,1,0.0054054
22,o&eth;rum,<code>o&amp;d;rum</code>,1,0.0054054
22,oe,<code>oe</code>,1,0.0054054
22,ofer,<code>ofer</code>,1,0.0054054
22,oft,<code>oft</code>,1,0.0054054
22,on,<code>on</code>,1,0.0054054
22,ondred,<code>ondred</code>,1,0.0054054
22,ongan,<code>ongan</code>,1,0.0054054
22,ordwyga,<code>ordwyga</code>,1,0.0054054
22,recce,<code>recce</code>,1,0.0054054
22,sceal,<code>sceal</code>,1,0.0054054
22,se,<code>se</code>,1,0.0054054
22,secg,<code>secg</code>,1,0.0054054
22,selfne,<code>selfne</code>,1,0.0054054
22,sunu,<code>sunu</code>,1,0.0054054
22,swatfag,<code>swatfag</code>,1,0.0054054
22,swefan,<code>swefan</code>,1,0.0054054
22,sweordplegan,<code>sweordplegan</code>,1,0.0054054
22,sweordwund,<code>sweordwund</code>,1,0.0054054
22,swurde,<code>swurde</code>,1,0.0054054
22,symle,<code>symle</code>,1,0.0054054
22,syncfatum,<code>syncfatum</code>,1,0.0054054
22,twega,<code>twega</code>,1,0.0054054
22,unryhte,<code>unryhte</code>,1,0.0054054
22,weal,<code>weal</code>,1,0.0054054
22,wear&eth;,<code>wear&amp;d;</code>,1,0.0054054
22,welande,<code>welande</code>,1,0.0054054
22,weor&eth;a,<code>weor&amp;d;a</code>,1,0.0054054
22,wig,<code>wig</code>,1,0.0054054
22,wigr&aelig;denne,<code>wigr&amp;ae;denne</code>,1,0.0054054
22,wine,<code>wine</code>,1,0.0054054
22,worc,<code>worc</code>,1,0.0054054
22,wordum,<code>wordum</code>,1,0.0054054
