A_Poetry,A10,A10.002_Capt_T01460.txt,52,49,57
RANK,HTML WORD,RAW WORD,COUNT,RELATIVE FREQUENCY
1,and,<code>and</code>,4,0.0701754
2,cyning,<code>cyning</code>,2,0.0350877
2,eadmund,<code>eadmund</code>,2,0.0350877
4,&aelig;ror,<code>&amp;ae;ror</code>,1,0.0175439
4,&thorn;eoden,<code>&amp;t;eoden</code>,1,0.0175439
4,&thorn;rage,<code>&amp;t;rage</code>,1,0.0175439
4,afera,<code>afera</code>,1,0.0175439
4,alysde,<code>alysde</code>,1,0.0175439
4,brada,<code>brada</code>,1,0.0175439
4,brimstream,<code>brimstream</code>,1,0.0175439
4,burga,<code>burga</code>,1,0.0175439
4,d&aelig;dfruma,<code>d&amp;ae;dfruma</code>,1,0.0175439
4,d&aelig;ne,<code>d&amp;ae;ne</code>,1,0.0175439
4,deoraby,<code>deoraby</code>,1,0.0175439
4,dor,<code>dor</code>,1,0.0175439
4,dyre,<code>dyre</code>,1,0.0175439
4,ea,<code>ea</code>,1,0.0175439
4,eac,<code>eac</code>,1,0.0175439
4,eadweardes,<code>eadweardes</code>,1,0.0175439
4,eft,<code>eft</code>,1,0.0175439
4,engla,<code>engla</code>,1,0.0175439
4,fife,<code>fife</code>,1,0.0175439
4,for,<code>for</code>,1,0.0175439
4,gebegde,<code>gebegde</code>,1,0.0175439
4,geeode,<code>geeode</code>,1,0.0175439
4,h&aelig;&thorn;enra,<code>h&amp;ae;&amp;t;enra</code>,1,0.0175439
4,h&aelig;fteclommum,<code>h&amp;ae;fteclommum</code>,1,0.0175439
4,her,<code>her</code>,1,0.0175439
4,hie,<code>hie</code>,1,0.0175439
4,his,<code>his</code>,1,0.0175439
4,hleo,<code>hleo</code>,1,0.0175439
4,humbra,<code>humbra</code>,1,0.0175439
4,hwitanwyllesgeat,<code>hwitanwyllesgeat</code>,1,0.0175439
4,lange,<code>lange</code>,1,0.0175439
4,ligoraceaster,<code>ligoraceaster</code>,1,0.0175439
4,lincylene,<code>lincylene</code>,1,0.0175439
4,m&aelig;cgea,<code>m&amp;ae;cgea</code>,1,0.0175439
4,mundbora,<code>mundbora</code>,1,0.0175439
4,myrce,<code>myrce</code>,1,0.0175439
4,nor&eth;mannum,<code>nor&amp;d;mannum</code>,1,0.0175439
4,nyde,<code>nyde</code>,1,0.0175439
4,o&thorn;,<code>o&amp;t;</code>,1,0.0175439
4,on,<code>on</code>,1,0.0175439
4,scade&thorn;,<code>scade&amp;t;</code>,1,0.0175439
4,snotingaham,<code>snotingaham</code>,1,0.0175439
4,stanford,<code>stanford</code>,1,0.0175439
4,swa,<code>swa</code>,1,0.0175439
4,swylce,<code>swylce</code>,1,0.0175439
4,under,<code>under</code>,1,0.0175439
4,w&aelig;ran,<code>w&amp;ae;ran</code>,1,0.0175439
4,weor&thorn;scipe,<code>weor&amp;t;scipe</code>,1,0.0175439
4,wiggendra,<code>wiggendra</code>,1,0.0175439
