A_Poetry,A12,A12_MRune_T01520.txt,381,322,547
RANK,HTML WORD,RAW WORD,COUNT,RELATIVE FREQUENCY
1,and,<code>and</code>,26,0.0475320
2,by&thorn;,<code>by&amp;t;</code>,25,0.0457038
3,on,<code>on</code>,23,0.0420475
4,hi,<code>hi</code>,7,0.0127971
5,bi&thorn;,<code>bi&amp;t;</code>,6,0.0109689
6,&eth;e,<code>&amp;d;e</code>,5,0.0091408
6,&eth;eah,<code>&amp;d;eah</code>,5,0.0091408
6,him,<code>him</code>,5,0.0091408
6,ofer,<code>ofer</code>,5,0.0091408
6,to,<code>to</code>,5,0.0091408
11,&eth;&aelig;r,<code>&amp;d;&amp;ae;r</code>,4,0.0073126
11,gif,<code>gif</code>,4,0.0073126
11,he,<code>he</code>,4,0.0073126
14,bleda,<code>bleda</code>,3,0.0054845
14,eorla,<code>eorla</code>,3,0.0054845
14,for,<code>for</code>,3,0.0054845
14,frofur,<code>frofur</code>,3,0.0054845
14,gehwam,<code>gehwam</code>,3,0.0054845
14,gehwylcum,<code>gehwylcum</code>,3,0.0054845
14,hit,<code>hit</code>,3,0.0054845
14,hrusan,<code>hrusan</code>,3,0.0054845
14,mid,<code>mid</code>,3,0.0054845
23,&aelig;&thorn;elinga,<code>&amp;ae;&amp;t;elinga</code>,2,0.0036563
23,&aelig;&thorn;elingas,<code>&amp;ae;&amp;t;elingas</code>,2,0.0036563
23,&eth;am,<code>&amp;d;am</code>,2,0.0036563
23,&eth;onn,<code>&amp;d;onn</code>,2,0.0036563
23,&thorn;&aelig;t,<code>&amp;t;&amp;ae;t</code>,2,0.0036563
23,a,<code>a</code>,2,0.0036563
23,ac,<code>ac</code>,2,0.0036563
23,bearnum,<code>bearnum</code>,2,0.0036563
23,blac,<code>blac</code>,2,0.0036563
23,brimhengest,<code>brimhengest</code>,2,0.0036563
23,bruce&thorn;,<code>bruce&amp;t;</code>,2,0.0036563
23,eard,<code>eard</code>,2,0.0036563
23,eor&thorn;an,<code>eor&amp;t;an</code>,2,0.0036563
23,f&aelig;ger,<code>f&amp;ae;ger</code>,2,0.0036563
23,fl&aelig;sc,<code>fl&amp;ae;sc</code>,2,0.0036563
23,gehwylc,<code>gehwylc</code>,2,0.0036563
23,gehwylcun,<code>gehwylcun</code>,2,0.0036563
23,gumena,<code>gumena</code>,2,0.0036563
23,h&aelig;f&thorn;,<code>h&amp;ae;f&amp;t;</code>,2,0.0036563
23,h&aelig;le,<code>h&amp;ae;le</code>,2,0.0036563
23,heofones,<code>heofones</code>,2,0.0036563
23,his,<code>his</code>,2,0.0036563
23,is,<code>is</code>,2,0.0036563
23,leas,<code>leas</code>,2,0.0036563
23,lyfte,<code>lyfte</code>,2,0.0036563
23,m&aelig;re,<code>m&amp;ae;re</code>,2,0.0036563
23,manna,<code>manna</code>,2,0.0036563
23,o&thorn;,<code>o&amp;t;</code>,2,0.0036563
23,oftust,<code>oftust</code>,2,0.0036563
23,sceal,<code>sceal</code>,2,0.0036563
23,spr&aelig;ce,<code>spr&amp;ae;ce</code>,2,0.0036563
23,sum,<code>sum</code>,2,0.0036563
23,symble,<code>symble</code>,2,0.0036563
23,tohiht,<code>tohiht</code>,2,0.0036563
23,weor&thorn;e&thorn;,<code>weor&amp;t;e&amp;t;</code>,2,0.0036563
23,wra&thorn;u,<code>wra&amp;t;u</code>,2,0.0036563
23,wyn,<code>wyn</code>,2,0.0036563
60,&aelig;&thorn;ele,<code>&amp;ae;&amp;t;ele</code>,1,0.0018282
60,&aelig;fre,<code>&amp;ae;fre</code>,1,0.0018282
60,&aelig;fter,<code>&amp;ae;fter</code>,1,0.0018282
60,&aelig;ghwylcum,<code>&amp;ae;ghwylcum</code>,1,0.0018282
60,&aelig;lcre,<code>&amp;ae;lcre</code>,1,0.0018282
60,&aelig;nigne,<code>&amp;ae;nigne</code>,1,0.0018282
60,&aelig;rest,<code>&amp;ae;rest</code>,1,0.0018282
60,&aelig;ror,<code>&amp;ae;ror</code>,1,0.0018282
60,&aelig;sc,<code>&amp;ae;sc</code>,1,0.0018282
60,&aelig;tsomne,<code>&amp;ae;tsomne</code>,1,0.0018282
60,&aelig;twist,<code>&amp;ae;twist</code>,1,0.0018282
60,&eth;ar,<code>&amp;d;ar</code>,1,0.0018282
60,&eth;earfum,<code>&amp;d;earfum</code>,1,0.0018282
60,&eth;earle,<code>&amp;d;earle</code>,1,0.0018282
60,&eth;egna,<code>&amp;d;egna</code>,1,0.0018282
60,&eth;on,<code>&amp;d;on</code>,1,0.0018282
60,&eth;one,<code>&amp;d;one</code>,1,0.0018282
60,&eth;orn,<code>&amp;d;orn</code>,1,0.0018282
60,&eth;us,<code>&amp;d;us</code>,1,0.0018282
60,&thorn;eah,<code>&amp;t;eah</code>,1,0.0018282
60,anfeng,<code>anfeng</code>,1,0.0018282
60,anmod,<code>anmod</code>,1,0.0018282
60,anra,<code>anra</code>,1,0.0018282
60,ansyne,<code>ansyne</code>,1,0.0018282
60,ar,<code>ar</code>,1,0.0018282
60,b&aelig;&thorn;,<code>b&amp;ae;&amp;t;</code>,1,0.0018282
60,be&thorn;,<code>be&amp;t;</code>,1,0.0018282
60,beorc,<code>beorc</code>,1,0.0018282
60,beorhte,<code>beorhte</code>,1,0.0018282
60,beorhtlic,<code>beorhtlic</code>,1,0.0018282
60,beorna,<code>beorna</code>,1,0.0018282
60,beornum,<code>beornum</code>,1,0.0018282
60,beorsele,<code>beorsele</code>,1,0.0018282
60,bere&thorn;,<code>bere&amp;t;</code>,1,0.0018282
60,bet&aelig;can,<code>bet&amp;ae;can</code>,1,0.0018282
60,beworpen,<code>beworpen</code>,1,0.0018282
60,bl&aelig;d,<code>bl&amp;ae;d</code>,1,0.0018282
60,bleadum,<code>bleadum</code>,1,0.0018282
60,bli&thorn;e,<code>bli&amp;t;e</code>,1,0.0018282
60,blode,<code>blode</code>,1,0.0018282
60,blysse,<code>blysse</code>,1,0.0018282
60,bolde,<code>bolde</code>,1,0.0018282
60,brega&thorn;,<code>brega&amp;t;</code>,1,0.0018282
60,brene&eth;,<code>brene&amp;d;</code>,1,0.0018282
60,breostan,<code>breostan</code>,1,0.0018282
60,brice,<code>brice</code>,1,0.0018282
60,bridles,<code>bridles</code>,1,0.0018282
60,bringe&thorn;,<code>bringe&amp;t;</code>,1,0.0018282
60,brucan,<code>brucan</code>,1,0.0018282
60,butan,<code>butan</code>,1,0.0018282
60,byrga,<code>byrga</code>,1,0.0018282
60,byrne&thorn;,<code>byrne&amp;t;</code>,1,0.0018282
60,can,<code>can</code>,1,0.0018282
60,cen,<code>cen</code>,1,0.0018282
60,ceosan,<code>ceosan</code>,1,0.0018282
60,colian,<code>colian</code>,1,0.0018282
60,corna,<code>corna</code>,1,0.0018282
60,cu&thorn;,<code>cu&amp;t;</code>,1,0.0018282
60,cwicera,<code>cwicera</code>,1,0.0018282
60,cyning,<code>cyning</code>,1,0.0018282
60,d&aelig;g,<code>d&amp;ae;g</code>,1,0.0018282
60,d&aelig;lan,<code>d&amp;ae;lan</code>,1,0.0018282
60,deor,<code>deor</code>,1,0.0018282
60,deore,<code>deore</code>,1,0.0018282
60,dome,<code>dome</code>,1,0.0018282
60,domes,<code>domes</code>,1,0.0018282
60,drihtne,<code>drihtne</code>,1,0.0018282
60,drihtnes,<code>drihtnes</code>,1,0.0018282
60,dryhten,<code>dryhten</code>,1,0.0018282
60,dyre,<code>dyre</code>,1,0.0018282
60,e&thorn;el,<code>e&amp;t;el</code>,1,0.0018282
60,e&thorn;le,<code>e&amp;t;le</code>,1,0.0018282
60,eac,<code>eac</code>,1,0.0018282
60,eadgum,<code>eadgum</code>,1,0.0018282
60,eadnys,<code>eadnys</code>,1,0.0018282
60,eafix,<code>eafix</code>,1,0.0018282
60,eallum,<code>eallum</code>,1,0.0018282
60,ear,<code>ear</code>,1,0.0018282
60,earme,<code>earme</code>,1,0.0018282
60,earmum,<code>earmum</code>,1,0.0018282
60,eastdenum,<code>eastdenum</code>,1,0.0018282
60,efne,<code>efne</code>,1,0.0018282
60,eft,<code>eft</code>,1,0.0018282
60,egle,<code>egle</code>,1,0.0018282
60,eh,<code>eh</code>,1,0.0018282
60,elda,<code>elda</code>,1,0.0018282
60,eldum,<code>eldum</code>,1,0.0018282
60,eoh,<code>eoh</code>,1,0.0018282
60,eolhx,<code>eolhx</code>,1,0.0018282
60,eorlum,<code>eorlum</code>,1,0.0018282
60,f&aelig;gere,<code>f&amp;ae;gere</code>,1,0.0018282
60,f&aelig;gerne,<code>f&amp;ae;gerne</code>,1,0.0018282
60,f&aelig;relde,<code>f&amp;ae;relde</code>,1,0.0018282
60,f&aelig;rylde,<code>f&amp;ae;rylde</code>,1,0.0018282
60,f&aelig;st,<code>f&amp;ae;st</code>,1,0.0018282
60,f&aelig;stlic,<code>f&amp;ae;stlic</code>,1,0.0018282
60,f&aelig;stlice,<code>f&amp;ae;stlice</code>,1,0.0018282
60,fanda&thorn;,<code>fanda&amp;t;</code>,1,0.0018282
60,felafrecne,<code>felafrecne</code>,1,0.0018282
60,fenne,<code>fenne</code>,1,0.0018282
60,feoh,<code>feoh</code>,1,0.0018282
60,feohtan,<code>feohtan</code>,1,0.0018282
60,feohte&thorn;,<code>feohte&amp;t;</code>,1,0.0018282
60,fere&thorn;,<code>fere&amp;t;</code>,1,0.0018282
60,feria&thorn;,<code>feria&amp;t;</code>,1,0.0018282
60,fira,<code>fira</code>,1,0.0018282
60,firas,<code>firas</code>,1,0.0018282
60,fisces,<code>fisces</code>,1,0.0018282
60,fl&aelig;sces,<code>fl&amp;ae;sces</code>,1,0.0018282
60,flor,<code>flor</code>,1,0.0018282
60,fodor,<code>fodor</code>,1,0.0018282
60,fodres,<code>fodres</code>,1,0.0018282
60,foldan,<code>foldan</code>,1,0.0018282
60,forste,<code>forste</code>,1,0.0018282
60,fyrdgeatewa,<code>fyrdgeatewa</code>,1,0.0018282
60,fyre,<code>fyre</code>,1,0.0018282
60,fyres,<code>fyres</code>,1,0.0018282
60,ganotes,<code>ganotes</code>,1,0.0018282
60,garsecg,<code>garsecg</code>,1,0.0018282
60,ge&thorn;uht,<code>ge&amp;t;uht</code>,1,0.0018282
60,gebeddan,<code>gebeddan</code>,1,0.0018282
60,gede&eth;,<code>gede&amp;d;</code>,1,0.0018282
60,gedreosa&thorn;,<code>gedreosa&amp;t;</code>,1,0.0018282
60,gehw&aelig;&thorn;re,<code>gehw&amp;ae;&amp;t;re</code>,1,0.0018282
60,gehw&aelig;s,<code>gehw&amp;ae;s</code>,1,0.0018282
60,gehwylcne,<code>gehwylcne</code>,1,0.0018282
60,gelicust,<code>gelicust</code>,1,0.0018282
60,geloden,<code>geloden</code>,1,0.0018282
60,gelome,<code>gelome</code>,1,0.0018282
60,geniht,<code>geniht</code>,1,0.0018282
60,genipu,<code>genipu</code>,1,0.0018282
60,ger,<code>ger</code>,1,0.0018282
60,gerysena,<code>gerysena</code>,1,0.0018282
60,gesewen,<code>gesewen</code>,1,0.0018282
60,geswica&thorn;,<code>geswica&amp;t;</code>,1,0.0018282
60,getenge,<code>getenge</code>,1,0.0018282
60,gewat,<code>gewat</code>,1,0.0018282
60,gewita&thorn;,<code>gewita&amp;t;</code>,1,0.0018282
60,geworuht,<code>geworuht</code>,1,0.0018282
60,gimmum,<code>gimmum</code>,1,0.0018282
60,gl&aelig;shluttur,<code>gl&amp;ae;shluttur</code>,1,0.0018282
60,gleng,<code>gleng</code>,1,0.0018282
60,glisna&thorn;,<code>glisna&amp;t;</code>,1,0.0018282
60,god,<code>god</code>,1,0.0018282
60,grimme,<code>grimme</code>,1,0.0018282
60,gyfu,<code>gyfu</code>,1,0.0018282
60,gyme&eth;,<code>gyme&amp;d;</code>,1,0.0018282
60,h&aelig;bbe,<code>h&amp;ae;bbe</code>,1,0.0018282
60,h&aelig;gl,<code>h&amp;ae;gl</code>,1,0.0018282
60,h&aelig;le&thorn;,<code>h&amp;ae;le&amp;t;</code>,1,0.0018282
60,hafa&thorn;,<code>hafa&amp;t;</code>,1,0.0018282
60,halig,<code>halig</code>,1,0.0018282
60,heah,<code>heah</code>,1,0.0018282
60,healde&eth;,<code>healde&amp;d;</code>,1,0.0018282
60,heard,<code>heard</code>,1,0.0018282
60,heardingas,<code>heardingas</code>,1,0.0018282
60,helme,<code>helme</code>,1,0.0018282
60,helpe,<code>helpe</code>,1,0.0018282
60,herenys,<code>herenys</code>,1,0.0018282
60,hiht,<code>hiht</code>,1,0.0018282
60,hihte,<code>hihte</code>,1,0.0018282
60,hine,<code>hine</code>,1,0.0018282
60,hlehter,<code>hlehter</code>,1,0.0018282
60,hleotan,<code>hleotan</code>,1,0.0018282
60,hlysta&thorn;,<code>hlysta&amp;t;</code>,1,0.0018282
60,hofum,<code>hofum</code>,1,0.0018282
60,hornum,<code>hornum</code>,1,0.0018282
60,hors,<code>hors</code>,1,0.0018282
60,hraw,<code>hraw</code>,1,0.0018282
60,hrysted,<code>hrysted</code>,1,0.0018282
60,hw&aelig;&thorn;er,<code>hw&amp;ae;&amp;t;er</code>,1,0.0018282
60,hwitust,<code>hwitust</code>,1,0.0018282
60,hwyrft,<code>hwyrft</code>,1,0.0018282
60,hylt,<code>hylt</code>,1,0.0018282
60,hyrde,<code>hyrde</code>,1,0.0018282
60,hyt,<code>hyt</code>,1,0.0018282
60,ing,<code>ing</code>,1,0.0018282
60,inne,<code>inne</code>,1,0.0018282
60,ior,<code>ior</code>,1,0.0018282
60,l&aelig;te&thorn;,<code>l&amp;ae;te&amp;t;</code>,1,0.0018282
60,lagu,<code>lagu</code>,1,0.0018282
60,lande,<code>lande</code>,1,0.0018282
60,langsum,<code>langsum</code>,1,0.0018282
60,leafum,<code>leafum</code>,1,0.0018282
60,leodum,<code>leodum</code>,1,0.0018282
60,leof,<code>leof</code>,1,0.0018282
60,leofa&thorn;,<code>leofa&amp;t;</code>,1,0.0018282
60,leoht,<code>leoht</code>,1,0.0018282
60,lyt,<code>lyt</code>,1,0.0018282
60,m&aelig;genheardum,<code>m&amp;ae;genheardum</code>,1,0.0018282
60,magan,<code>magan</code>,1,0.0018282
60,man,<code>man</code>,1,0.0018282
60,mannum,<code>mannum</code>,1,0.0018282
60,meare,<code>meare</code>,1,0.0018282
60,men,<code>men</code>,1,0.0018282
60,metodes,<code>metodes</code>,1,0.0018282
60,miclun,<code>miclun</code>,1,0.0018282
60,milpa&thorn;as,<code>milpa&amp;t;as</code>,1,0.0018282
60,modig,<code>modig</code>,1,0.0018282
60,monige,<code>monige</code>,1,0.0018282
60,morstapa,<code>morstapa</code>,1,0.0018282
60,mot,<code>mot</code>,1,0.0018282
60,myrg&thorn;,<code>myrg&amp;t;</code>,1,0.0018282
60,myrg&thorn;e,<code>myrg&amp;t;e</code>,1,0.0018282
60,n&aelig;fre,<code>n&amp;ae;fre</code>,1,0.0018282
60,nacan,<code>nacan</code>,1,0.0018282
60,ne,<code>ne</code>,1,0.0018282
60,ne&thorn;an,<code>ne&amp;t;an</code>,1,0.0018282
60,nearu,<code>nearu</code>,1,0.0018282
60,nemdun,<code>nemdun</code>,1,0.0018282
60,ni&thorn;a,<code>ni&amp;t;a</code>,1,0.0018282
60,nihta,<code>nihta</code>,1,0.0018282
60,nyd,<code>nyd</code>,1,0.0018282
60,o&eth;rum,<code>o&amp;d;rum</code>,1,0.0018282
60,o&thorn;ra,<code>o&amp;t;ra</code>,1,0.0018282
60,of,<code>of</code>,1,0.0018282
60,oferceald,<code>oferceald</code>,1,0.0018282
60,oferheah,<code>oferheah</code>,1,0.0018282
60,oferhyrned,<code>oferhyrned</code>,1,0.0018282
60,oferleof,<code>oferleof</code>,1,0.0018282
60,oft,<code>oft</code>,1,0.0018282
60,oftast,<code>oftast</code>,1,0.0018282
60,onfeng,<code>onfeng</code>,1,0.0018282
60,onginne&thorn;,<code>onginne&amp;t;</code>,1,0.0018282
60,ordfruma,<code>ordfruma</code>,1,0.0018282
60,os,<code>os</code>,1,0.0018282
60,peor&eth;,<code>peor&amp;d;</code>,1,0.0018282
60,plega,<code>plega</code>,1,0.0018282
60,rad,<code>rad</code>,1,0.0018282
60,ran,<code>ran</code>,1,0.0018282
60,re&thorn;e,<code>re&amp;t;e</code>,1,0.0018282
60,recyde,<code>recyde</code>,1,0.0018282
60,resta&thorn;,<code>resta&amp;t;</code>,1,0.0018282
60,reste&eth;,<code>reste&amp;d;</code>,1,0.0018282
60,rihte,<code>rihte</code>,1,0.0018282
60,rihtes,<code>rihtes</code>,1,0.0018282
60,rinca,<code>rinca</code>,1,0.0018282
60,s&aelig;y&thorn;a,<code>s&amp;ae;y&amp;t;a</code>,1,0.0018282
60,sares,<code>sares</code>,1,0.0018282
60,scearp,<code>scearp</code>,1,0.0018282
60,sculun,<code>sculun</code>,1,0.0018282
60,scuras,<code>scuras</code>,1,0.0018282
60,se,<code>se</code>,1,0.0018282
60,secg,<code>secg</code>,1,0.0018282
60,secgun,<code>secgun</code>,1,0.0018282
60,sefte,<code>sefte</code>,1,0.0018282
60,semannum,<code>semannum</code>,1,0.0018282
60,si&eth;&eth;an,<code>si&amp;d;&amp;d;an</code>,1,0.0018282
60,sigel,<code>sigel</code>,1,0.0018282
60,sine,<code>sine</code>,1,0.0018282
60,sitta&thorn;,<code>sitta&amp;t;</code>,1,0.0018282
60,sitte&thorn;,<code>sitte&amp;t;</code>,1,0.0018282
60,slidor,<code>slidor</code>,1,0.0018282
60,sond,<code>sond</code>,1,0.0018282
60,sorge,<code>sorge</code>,1,0.0018282
60,sta&thorn;ule,<code>sta&amp;t;ule</code>,1,0.0018282
60,stede,<code>stede</code>,1,0.0018282
60,sti&thorn;,<code>sti&amp;t;</code>,1,0.0018282
60,swa,<code>swa</code>,1,0.0018282
60,swi&thorn;hw&aelig;t,<code>swi&amp;t;hw&amp;ae;t</code>,1,0.0018282
60,swican,<code>swican</code>,1,0.0018282
60,swice&thorn;,<code>swice&amp;t;</code>,1,0.0018282
60,swy&thorn;e,<code>swy&amp;t;e</code>,1,0.0018282
60,sy&eth;&eth;an,<code>sy&amp;d;&amp;d;an</code>,1,0.0018282
60,sylfa,<code>sylfa</code>,1,0.0018282
60,syllan,<code>syllan</code>,1,0.0018282
60,tacna,<code>tacna</code>,1,0.0018282
60,tanas,<code>tanas</code>,1,0.0018282
60,tealtum,<code>tealtum</code>,1,0.0018282
60,telgum,<code>telgum</code>,1,0.0018282
60,tir,<code>tir</code>,1,0.0018282
60,treow,<code>treow</code>,1,0.0018282
60,treowe,<code>treowe</code>,1,0.0018282
60,trywa,<code>trywa</code>,1,0.0018282
60,tudder,<code>tudder</code>,1,0.0018282
60,ufan,<code>ufan</code>,1,0.0018282
60,underwre&thorn;yd,<code>underwre&amp;t;yd</code>,1,0.0018282
60,ungemetum,<code>ungemetum</code>,1,0.0018282
60,ungemetun,<code>ungemetun</code>,1,0.0018282
60,unsme&thorn;e,<code>unsme&amp;t;e</code>,1,0.0018282
60,unstyllum,<code>unstyllum</code>,1,0.0018282
60,ur,<code>ur</code>,1,0.0018282
60,utan,<code>utan</code>,1,0.0018282
60,w&aelig;g,<code>w&amp;ae;g</code>,1,0.0018282
60,w&aelig;n,<code>w&amp;ae;n</code>,1,0.0018282
60,w&aelig;s,<code>w&amp;ae;s</code>,1,0.0018282
60,w&aelig;tere,<code>w&amp;ae;tere</code>,1,0.0018282
60,w&aelig;tre,<code>w&amp;ae;tre</code>,1,0.0018282
60,wature,<code>wature</code>,1,0.0018282
60,wealca&thorn;,<code>wealca&amp;t;</code>,1,0.0018282
60,weana,<code>weana</code>,1,0.0018282
60,wel,<code>wel</code>,1,0.0018282
60,welege,<code>welege</code>,1,0.0018282
60,wenne,<code>wenne</code>,1,0.0018282
60,wera,<code>wera</code>,1,0.0018282
60,wexe&eth;,<code>wexe&amp;d;</code>,1,0.0018282
60,wi&thorn;,<code>wi&amp;t;</code>,1,0.0018282
60,wicge,<code>wicge</code>,1,0.0018282
60,wicgum,<code>wicgum</code>,1,0.0018282
60,wigan,<code>wigan</code>,1,0.0018282
60,wile,<code>wile</code>,1,0.0018282
60,windes,<code>windes</code>,1,0.0018282
60,wisdomes,<code>wisdomes</code>,1,0.0018282
60,witena,<code>witena</code>,1,0.0018282
60,wlanc,<code>wlanc</code>,1,0.0018282
60,wlancum,<code>wlancum</code>,1,0.0018282
60,wlitig,<code>wlitig</code>,1,0.0018282
60,wr&aelig;cna,<code>wr&amp;ae;cna</code>,1,0.0018282
60,wrixla&thorn;,<code>wrixla&amp;t;</code>,1,0.0018282
60,wuht,<code>wuht</code>,1,0.0018282
60,wunda&thorn;,<code>wunda&amp;t;</code>,1,0.0018282
60,wyle,<code>wyle</code>,1,0.0018282
60,wynan,<code>wynan</code>,1,0.0018282
60,wynna,<code>wynna</code>,1,0.0018282
60,wynnum,<code>wynnum</code>,1,0.0018282
60,wyr&thorn;mynd,<code>wyr&amp;t;mynd</code>,1,0.0018282
60,wyr&thorn;scype,<code>wyr&amp;t;scype</code>,1,0.0018282
60,wyrtrumun,<code>wyrtrumun</code>,1,0.0018282
60,yfyl,<code>yfyl</code>,1,0.0018282
60,ymbe,<code>ymbe</code>,1,0.0018282
60,yr,<code>yr</code>,1,0.0018282
60,ys,<code>ys</code>,1,0.0018282
