A_Poetry,A15,A15_Max_II_T01550.txt,302,265,432
RANK,HTML WORD,RAW WORD,COUNT,RELATIVE FREQUENCY
1,sceal,<code>sceal</code>,39,0.0902778
2,on,<code>on</code>,31,0.0717593
3,and,<code>and</code>,8,0.0185185
3,wi&eth;,<code>wi&amp;d;</code>,8,0.0185185
5,by&eth;,<code>by&amp;d;</code>,7,0.0162037
6,&thorn;e,<code>&amp;t;e</code>,5,0.0115741
7,&thorn;&aelig;t,<code>&amp;t;&amp;ae;t</code>,3,0.0069444
7,&thorn;a,<code>&amp;t;a</code>,3,0.0069444
7,ana,<code>ana</code>,3,0.0069444
7,god,<code>god</code>,3,0.0069444
7,he,<code>he</code>,3,0.0069444
7,heofenum,<code>heofenum</code>,3,0.0069444
7,ymb,<code>ymb</code>,3,0.0069444
14,&aelig;r,<code>&amp;ae;r</code>,2,0.0046296
14,&thorn;ysse,<code>&amp;t;ysse</code>,2,0.0046296
14,&thorn;ystrum,<code>&amp;t;ystrum</code>,2,0.0046296
14,bi&eth;,<code>bi&amp;d;</code>,2,0.0046296
14,cyning,<code>cyning</code>,2,0.0046296
14,domes,<code>domes</code>,2,0.0046296
14,dyrne,<code>dyrne</code>,2,0.0046296
14,eor&eth;an,<code>eor&amp;d;an</code>,2,0.0046296
14,eorle,<code>eorle</code>,2,0.0046296
14,f&aelig;der,<code>f&amp;ae;der</code>,2,0.0046296
14,for,<code>for</code>,2,0.0046296
14,frod,<code>frod</code>,2,0.0046296
14,fyrd,<code>fyrd</code>,2,0.0046296
14,geweorc,<code>geweorc</code>,2,0.0046296
14,gewunian,<code>gewunian</code>,2,0.0046296
14,gode,<code>gode</code>,2,0.0046296
14,healle,<code>healle</code>,2,0.0046296
14,him,<code>him</code>,2,0.0046296
14,lyfte,<code>lyfte</code>,2,0.0046296
14,seo,<code>seo</code>,2,0.0046296
14,so&eth;,<code>so&amp;d;</code>,2,0.0046296
14,standan,<code>standan</code>,2,0.0046296
14,to,<code>to</code>,2,0.0046296
14,wat,<code>wat</code>,2,0.0046296
38,&aelig;&thorn;eling,<code>&amp;ae;&amp;t;eling</code>,1,0.0023148
38,&aelig;fter,<code>&amp;ae;fter</code>,1,0.0023148
38,&aelig;tsomne,<code>&amp;ae;tsomne</code>,1,0.0023148
38,&thorn;&aelig;r,<code>&amp;t;&amp;ae;r</code>,1,0.0023148
38,&thorn;as,<code>&amp;t;as</code>,1,0.0023148
38,&thorn;eof,<code>&amp;t;eof</code>,1,0.0023148
38,&thorn;ragum,<code>&amp;t;ragum</code>,1,0.0023148
38,&thorn;rymmas,<code>&amp;t;rymmas</code>,1,0.0023148
38,&thorn;unar,<code>&amp;t;unar</code>,1,0.0023148
38,&thorn;yrs,<code>&amp;t;yrs</code>,1,0.0023148
38,a,<code>a</code>,1,0.0023148
38,anhaga,<code>anhaga</code>,1,0.0023148
38,beaduwe,<code>beaduwe</code>,1,0.0023148
38,beagas,<code>beagas</code>,1,0.0023148
38,beagum,<code>beagum</code>,1,0.0023148
38,beahgife,<code>beahgife</code>,1,0.0023148
38,bearme,<code>bearme</code>,1,0.0023148
38,bearowe,<code>bearowe</code>,1,0.0023148
38,bebead,<code>bebead</code>,1,0.0023148
38,beo&eth;,<code>beo&amp;d;</code>,1,0.0023148
38,beorh,<code>beorh</code>,1,0.0023148
38,beorhte,<code>beorhte</code>,1,0.0023148
38,bera,<code>bera</code>,1,0.0023148
38,bida&eth;,<code>bida&amp;d;</code>,1,0.0023148
38,bl&aelig;dum,<code>bl&amp;ae;dum</code>,1,0.0023148
38,blowan,<code>blowan</code>,1,0.0023148
38,brim,<code>brim</code>,1,0.0023148
38,bringe&eth;,<code>bringe&amp;d;</code>,1,0.0023148
38,byldan,<code>byldan</code>,1,0.0023148
38,ceald,<code>ceald</code>,1,0.0023148
38,cealdost,<code>cealdost</code>,1,0.0023148
38,ceastra,<code>ceastra</code>,1,0.0023148
38,cennan,<code>cennan</code>,1,0.0023148
38,ceole,<code>ceole</code>,1,0.0023148
38,clibbor,<code>clibbor</code>,1,0.0023148
38,cr&aelig;fte,<code>cr&amp;ae;fte</code>,1,0.0023148
38,cristes,<code>cristes</code>,1,0.0023148
38,cuman,<code>cuman</code>,1,0.0023148
38,cyme&eth;,<code>cyme&amp;d;</code>,1,0.0023148
38,cynne,<code>cynne</code>,1,0.0023148
38,cynren,<code>cynren</code>,1,0.0023148
38,d&aelig;da,<code>d&amp;ae;da</code>,1,0.0023148
38,d&aelig;lan,<code>d&amp;ae;lan</code>,1,0.0023148
38,daro&eth;,<code>daro&amp;d;</code>,1,0.0023148
38,dea&eth;d&aelig;ge,<code>dea&amp;d;d&amp;ae;ge</code>,1,0.0023148
38,dea&thorn;e,<code>dea&amp;t;e</code>,1,0.0023148
38,demend,<code>demend</code>,1,0.0023148
38,deorost,<code>deorost</code>,1,0.0023148
38,digol,<code>digol</code>,1,0.0023148
38,draca,<code>draca</code>,1,0.0023148
38,drihten,<code>drihten</code>,1,0.0023148
38,drihtlic,<code>drihtlic</code>,1,0.0023148
38,dune,<code>dune</code>,1,0.0023148
38,duru,<code>duru</code>,1,0.0023148
38,dyde,<code>dyde</code>,1,0.0023148
38,e&eth;le,<code>e&amp;d;le</code>,1,0.0023148
38,ea,<code>ea</code>,1,0.0023148
38,eald,<code>eald</code>,1,0.0023148
38,ealle,<code>ealle</code>,1,0.0023148
38,ealra,<code>ealra</code>,1,0.0023148
38,earm,<code>earm</code>,1,0.0023148
38,ecg,<code>ecg</code>,1,0.0023148
38,eft,<code>eft</code>,1,0.0023148
38,egesfull,<code>egesfull</code>,1,0.0023148
38,ellen,<code>ellen</code>,1,0.0023148
38,enta,<code>enta</code>,1,0.0023148
38,eofor,<code>eofor</code>,1,0.0023148
38,eor&thorn;an,<code>eor&amp;t;an</code>,1,0.0023148
38,f&aelig;&eth;me,<code>f&amp;ae;&amp;d;me</code>,1,0.0023148
38,f&aelig;gere,<code>f&amp;ae;gere</code>,1,0.0023148
38,f&aelig;mne,<code>f&amp;ae;mne</code>,1,0.0023148
38,f&aelig;st,<code>f&amp;ae;st</code>,1,0.0023148
38,facen,<code>facen</code>,1,0.0023148
38,fah,<code>fah</code>,1,0.0023148
38,feala,<code>feala</code>,1,0.0023148
38,fenne,<code>fenne</code>,1,0.0023148
38,feoh,<code>feoh</code>,1,0.0023148
38,feond,<code>feond</code>,1,0.0023148
38,feorran,<code>feorran</code>,1,0.0023148
38,feran,<code>feran</code>,1,0.0023148
38,fingra,<code>fingra</code>,1,0.0023148
38,firgenstreamas,<code>firgenstreamas</code>,1,0.0023148
38,fisc,<code>fisc</code>,1,0.0023148
38,flodgr&aelig;g,<code>flodgr&amp;ae;g</code>,1,0.0023148
38,flowan,<code>flowan</code>,1,0.0023148
38,folce,<code>folce</code>,1,0.0023148
38,foldan,<code>foldan</code>,1,0.0023148
38,for&eth;gesceaft,<code>for&amp;d;gesceaft</code>,1,0.0023148
38,fr&aelig;twum,<code>fr&amp;ae;twum</code>,1,0.0023148
38,freond,<code>freond</code>,1,0.0023148
38,fugel,<code>fugel</code>,1,0.0023148
38,fyrde,<code>fyrde</code>,1,0.0023148
38,fyrngearum,<code>fyrngearum</code>,1,0.0023148
38,gangan,<code>gangan</code>,1,0.0023148
38,gar,<code>gar</code>,1,0.0023148
38,gastas,<code>gastas</code>,1,0.0023148
38,ge&thorn;eon,<code>ge&amp;t;eon</code>,1,0.0023148
38,geap,<code>geap</code>,1,0.0023148
38,gebeorh,<code>gebeorh</code>,1,0.0023148
38,gebicge,<code>gebicge</code>,1,0.0023148
38,gebidan,<code>gebidan</code>,1,0.0023148
38,gebide&eth;,<code>gebide&amp;d;</code>,1,0.0023148
38,geblanden,<code>geblanden</code>,1,0.0023148
38,gehwam,<code>gehwam</code>,1,0.0023148
38,gehwylc,<code>gehwylc</code>,1,0.0023148
38,geogo&eth;,<code>geogo&amp;d;</code>,1,0.0023148
38,geongne,<code>geongne</code>,1,0.0023148
38,geres,<code>geres</code>,1,0.0023148
38,gesceaft,<code>gesceaft</code>,1,0.0023148
38,gesecean,<code>gesecean</code>,1,0.0023148
38,gesetu,<code>gesetu</code>,1,0.0023148
38,gesi&eth;as,<code>gesi&amp;d;as</code>,1,0.0023148
38,gesyne,<code>gesyne</code>,1,0.0023148
38,getrum,<code>getrum</code>,1,0.0023148
38,gewinn,<code>gewinn</code>,1,0.0023148
38,gif,<code>gif</code>,1,0.0023148
38,gim,<code>gim</code>,1,0.0023148
38,glofe,<code>glofe</code>,1,0.0023148
38,gold,<code>gold</code>,1,0.0023148
38,golde,<code>golde</code>,1,0.0023148
38,gomol,<code>gomol</code>,1,0.0023148
38,grene,<code>grene</code>,1,0.0023148
38,gumena,<code>gumena</code>,1,0.0023148
38,h&aelig;&eth;e,<code>h&amp;ae;&amp;d;e</code>,1,0.0023148
38,h&aelig;le&eth;um,<code>h&amp;ae;le&amp;d;um</code>,1,0.0023148
38,h&aelig;rfest,<code>h&amp;ae;rfest</code>,1,0.0023148
38,hafuc,<code>hafuc</code>,1,0.0023148
38,handa,<code>handa</code>,1,0.0023148
38,hangian,<code>hangian</code>,1,0.0023148
38,hatost,<code>hatost</code>,1,0.0023148
38,healdan,<code>healdan</code>,1,0.0023148
38,hellme,<code>hellme</code>,1,0.0023148
38,heo,<code>heo</code>,1,0.0023148
38,her,<code>her</code>,1,0.0023148
38,hi,<code>hi</code>,1,0.0023148
38,hider,<code>hider</code>,1,0.0023148
38,hilde,<code>hilde</code>,1,0.0023148
38,hire,<code>hire</code>,1,0.0023148
38,hl&aelig;we,<code>hl&amp;ae;we</code>,1,0.0023148
38,hludast,<code>hludast</code>,1,0.0023148
38,holte,<code>holte</code>,1,0.0023148
38,hre&eth;eadegost,<code>hre&amp;d;eadegost</code>,1,0.0023148
38,hrimigost,<code>hrimigost</code>,1,0.0023148
38,hringe,<code>hringe</code>,1,0.0023148
38,hrofas,<code>hrofas</code>,1,0.0023148
38,hweorfa&eth;,<code>hweorfa&amp;d;</code>,1,0.0023148
38,hweorfan,<code>hweorfan</code>,1,0.0023148
38,hwyder,<code>hwyder</code>,1,0.0023148
38,hwylc,<code>hwylc</code>,1,0.0023148
38,hycgean,<code>hycgean</code>,1,0.0023148
38,ides,<code>ides</code>,1,0.0023148
38,in,<code>in</code>,1,0.0023148
38,innan,<code>innan</code>,1,0.0023148
38,is,<code>is</code>,1,0.0023148
38,isern,<code>isern</code>,1,0.0023148
38,la&eth;,<code>la&amp;d;</code>,1,0.0023148
38,la&thorn;e,<code>la&amp;t;e</code>,1,0.0023148
38,lacan,<code>lacan</code>,1,0.0023148
38,laguflod,<code>laguflod</code>,1,0.0023148
38,land,<code>land</code>,1,0.0023148
38,landa,<code>landa</code>,1,0.0023148
38,lande,<code>lande</code>,1,0.0023148
38,leax,<code>leax</code>,1,0.0023148
38,lencten,<code>lencten</code>,1,0.0023148
38,lengest,<code>lengest</code>,1,0.0023148
38,leoht,<code>leoht</code>,1,0.0023148
38,lif,<code>lif</code>,1,0.0023148
38,lyfthelm,<code>lyfthelm</code>,1,0.0023148
38,m&aelig;st,<code>m&amp;ae;st</code>,1,0.0023148
38,man,<code>man</code>,1,0.0023148
38,manna,<code>manna</code>,1,0.0023148
38,mannum,<code>mannum</code>,1,0.0023148
38,mencgan,<code>mencgan</code>,1,0.0023148
38,meotod,<code>meotod</code>,1,0.0023148
38,meotodes,<code>meotodes</code>,1,0.0023148
38,meotud,<code>meotud</code>,1,0.0023148
38,mereflode,<code>mereflode</code>,1,0.0023148
38,mid,<code>mid</code>,1,0.0023148
38,mu&eth;,<code>mu&amp;d;</code>,1,0.0023148
38,myccle,<code>myccle</code>,1,0.0023148
38,n&aelig;ni,<code>n&amp;ae;ni</code>,1,0.0023148
38,nelle,<code>nelle</code>,1,0.0023148
38,nergende,<code>nergende</code>,1,0.0023148
38,o&eth;rum,<code>o&amp;d;rum</code>,1,0.0023148
38,of,<code>of</code>,1,0.0023148
38,ongildan,<code>ongildan</code>,1,0.0023148
38,or&eth;anc,<code>or&amp;d;anc</code>,1,0.0023148
38,rand,<code>rand</code>,1,0.0023148
38,recedes,<code>recedes</code>,1,0.0023148
38,rice,<code>rice</code>,1,0.0023148
38,rum,<code>rum</code>,1,0.0023148
38,sacan,<code>sacan</code>,1,0.0023148
38,sawul,<code>sawul</code>,1,0.0023148
38,sceolan,<code>sceolan</code>,1,0.0023148
38,sceote,<code>sceote</code>,1,0.0023148
38,scinan,<code>scinan</code>,1,0.0023148
38,scri&eth;a&eth;,<code>scri&amp;d;a&amp;d;</code>,1,0.0023148
38,scri&eth;an,<code>scri&amp;d;an</code>,1,0.0023148
38,scur,<code>scur</code>,1,0.0023148
38,scylde,<code>scylde</code>,1,0.0023148
38,se,<code>se</code>,1,0.0023148
38,sealte,<code>sealte</code>,1,0.0023148
38,secge,<code>secge</code>,1,0.0023148
38,segelgyrd,<code>segelgyrd</code>,1,0.0023148
38,sende&eth;,<code>sende&amp;d;</code>,1,0.0023148
38,seomian,<code>seomian</code>,1,0.0023148
38,sigefolca,<code>sigefolca</code>,1,0.0023148
38,sinc,<code>sinc</code>,1,0.0023148
38,snoterost,<code>snoterost</code>,1,0.0023148
38,snotor,<code>snotor</code>,1,0.0023148
38,st&aelig;lan,<code>st&amp;ae;lan</code>,1,0.0023148
38,steap,<code>steap</code>,1,0.0023148
38,stream,<code>stream</code>,1,0.0023148
38,sumor,<code>sumor</code>,1,0.0023148
38,sunwlitegost,<code>sunwlitegost</code>,1,0.0023148
38,swa,<code>swa</code>,1,0.0023148
38,swegel,<code>swegel</code>,1,0.0023148
38,sweord,<code>sweord</code>,1,0.0023148
38,swi&eth;ost,<code>swi&amp;d;ost</code>,1,0.0023148
38,swiftust,<code>swiftust</code>,1,0.0023148
38,switolost,<code>switolost</code>,1,0.0023148
38,sy,<code>sy</code>,1,0.0023148
38,sy&eth;&eth;an,<code>sy&amp;d;&amp;d;an</code>,1,0.0023148
38,sylfa,<code>sylfa</code>,1,0.0023148
38,syndan,<code>syndan</code>,1,0.0023148
38,syndon,<code>syndon</code>,1,0.0023148
38,synne,<code>synne</code>,1,0.0023148
38,til,<code>til</code>,1,0.0023148
38,tirf&aelig;stra,<code>tirf&amp;ae;stra</code>,1,0.0023148
38,to&eth;m&aelig;genes,<code>to&amp;d;m&amp;ae;genes</code>,1,0.0023148
38,treow,<code>treow</code>,1,0.0023148
38,trum,<code>trum</code>,1,0.0023148
38,tungol,<code>tungol</code>,1,0.0023148
38,tydran,<code>tydran</code>,1,0.0023148
38,tyman,<code>tyman</code>,1,0.0023148
38,under,<code>under</code>,1,0.0023148
38,uppe,<code>uppe</code>,1,0.0023148
38,w&aelig;le,<code>w&amp;ae;le</code>,1,0.0023148
38,w&aelig;stmas,<code>w&amp;ae;stmas</code>,1,0.0023148
38,w&aelig;tere,<code>w&amp;ae;tere</code>,1,0.0023148
38,weallan,<code>weallan</code>,1,0.0023148
38,weallstana,<code>weallstana</code>,1,0.0023148
38,wearh,<code>wearh</code>,1,0.0023148
38,weax,<code>weax</code>,1,0.0023148
38,wederum,<code>wederum</code>,1,0.0023148
38,were,<code>were</code>,1,0.0023148
38,wilde,<code>wilde</code>,1,0.0023148
38,wind,<code>wind</code>,1,0.0023148
38,winde,<code>winde</code>,1,0.0023148
38,winter,<code>winter</code>,1,0.0023148
38,wisdom,<code>wisdom</code>,1,0.0023148
38,wlanc,<code>wlanc</code>,1,0.0023148
38,wolcnu,<code>wolcnu</code>,1,0.0023148
38,woruld,<code>woruld</code>,1,0.0023148
38,worulde,<code>worulde</code>,1,0.0023148
38,wr&aelig;tlic,<code>wr&amp;ae;tlic</code>,1,0.0023148
38,wudu,<code>wudu</code>,1,0.0023148
38,wulf,<code>wulf</code>,1,0.0023148
38,wuna&eth;,<code>wuna&amp;d;</code>,1,0.0023148
38,wundrum,<code>wundrum</code>,1,0.0023148
38,wyrcean,<code>wyrcean</code>,1,0.0023148
38,wyrd,<code>wyrd</code>,1,0.0023148
38,y&eth;um,<code>y&amp;d;um</code>,1,0.0023148
38,yfele,<code>yfele</code>,1,0.0023148
38,yldo,<code>yldo</code>,1,0.0023148
