A_Poetry,A17,A17_JDay_II_T01570.txt,952,735,1810
RANK,HTML WORD,RAW WORD,COUNT,RELATIVE FREQUENCY
1,and,<code>and</code>,113,0.0624309
2,ne,<code>ne</code>,54,0.0298343
3,on,<code>on</code>,44,0.0243094
4,&thorn;&aelig;r,<code>&amp;t;&amp;ae;r</code>,40,0.0220994
5,&thorn;&aelig;t,<code>&amp;t;&amp;ae;t</code>,28,0.0154696
6,mid,<code>mid</code>,27,0.0149171
7,&thorn;u,<code>&amp;t;u</code>,21,0.0116022
8,&thorn;e,<code>&amp;t;e</code>,18,0.0099448
8,bi&eth;,<code>bi&amp;d;</code>,18,0.0099448
10,&thorn;a,<code>&amp;t;a</code>,17,0.0093923
10,se,<code>se</code>,17,0.0093923
12,ic,<code>ic</code>,16,0.0088398
13,eal,<code>eal</code>,14,0.0077348
14,eac,<code>eac</code>,12,0.0066298
15,&thorn;onne,<code>&amp;t;onne</code>,11,0.0060773
16,eall,<code>eall</code>,9,0.0049724
16,ealle,<code>ealle</code>,9,0.0049724
16,for,<code>for</code>,9,0.0049724
16,hu,<code>hu</code>,9,0.0049724
16,is,<code>is</code>,9,0.0049724
16,nu,<code>nu</code>,9,0.0049724
22,eor&eth;an,<code>eor&amp;d;an</code>,8,0.0044199
22,he,<code>he</code>,8,0.0044199
22,his,<code>his</code>,8,0.0044199
22,o&eth;&eth;e,<code>o&amp;d;&amp;d;e</code>,8,0.0044199
26,to,<code>to</code>,7,0.0038674
27,&aelig;tsomne,<code>&amp;ae;tsomne</code>,6,0.0033149
27,&thorn;am,<code>&amp;t;am</code>,6,0.0033149
27,ac,<code>ac</code>,6,0.0033149
27,beo&eth;,<code>beo&amp;d;</code>,6,0.0033149
27,her,<code>her</code>,6,0.0033149
27,hw&aelig;t,<code>hw&amp;ae;t</code>,6,0.0033149
27,hwi,<code>hwi</code>,6,0.0033149
27,m&aelig;g,<code>m&amp;ae;g</code>,6,0.0033149
27,man,<code>man</code>,6,0.0033149
27,mod,<code>mod</code>,6,0.0033149
27,o&thorn;&thorn;e,<code>o&amp;t;&amp;t;e</code>,6,0.0033149
27,seo,<code>seo</code>,6,0.0033149
27,swa,<code>swa</code>,6,0.0033149
27,w&aelig;s,<code>w&amp;ae;s</code>,6,0.0033149
41,&eth;a,<code>&amp;d;a</code>,5,0.0027624
41,&thorn;&aelig;nne,<code>&amp;t;&amp;ae;nne</code>,5,0.0027624
41,&thorn;&aelig;s,<code>&amp;t;&amp;ae;s</code>,5,0.0027624
41,&thorn;is,<code>&amp;t;is</code>,5,0.0027624
41,butan,<code>butan</code>,5,0.0027624
41,swi&eth;e,<code>swi&amp;d;e</code>,5,0.0027624
41,witu,<code>witu</code>,5,0.0027624
48,&eth;onne,<code>&amp;d;onne</code>,4,0.0022099
48,&thorn;ara,<code>&amp;t;ara</code>,4,0.0022099
48,earme,<code>earme</code>,4,0.0022099
48,ece,<code>ece</code>,4,0.0022099
48,engla,<code>engla</code>,4,0.0022099
48,god,<code>god</code>,4,0.0022099
48,manna,<code>manna</code>,4,0.0022099
48,micel,<code>micel</code>,4,0.0022099
48,swylce,<code>swylce</code>,4,0.0022099
48,sylfum,<code>sylfum</code>,4,0.0022099
48,tid,<code>tid</code>,4,0.0022099
59,&aelig;nigum,<code>&amp;ae;nigum</code>,3,0.0016575
59,&aelig;t,<code>&amp;ae;t</code>,3,0.0016575
59,&thorn;&aelig;re,<code>&amp;t;&amp;ae;re</code>,3,0.0016575
59,&thorn;urh,<code>&amp;t;urh</code>,3,0.0016575
59,ana,<code>ana</code>,3,0.0016575
59,be,<code>be</code>,3,0.0016575
59,beon,<code>beon</code>,3,0.0016575
59,betwyx,<code>betwyx</code>,3,0.0016575
59,bidde,<code>bidde</code>,3,0.0016575
59,breost,<code>breost</code>,3,0.0016575
59,bryne,<code>bryne</code>,3,0.0016575
59,by&eth;,<code>by&amp;d;</code>,3,0.0016575
59,cyle,<code>cyle</code>,3,0.0016575
59,deman,<code>deman</code>,3,0.0016575
59,drihtne,<code>drihtne</code>,3,0.0016575
59,ealra,<code>ealra</code>,3,0.0016575
59,earman,<code>earman</code>,3,0.0016575
59,f&aelig;der,<code>f&amp;ae;der</code>,3,0.0016575
59,fl&aelig;sc,<code>fl&amp;ae;sc</code>,3,0.0016575
59,frean,<code>frean</code>,3,0.0016575
59,gemang,<code>gemang</code>,3,0.0016575
59,gemunde,<code>gemunde</code>,3,0.0016575
59,godes,<code>godes</code>,3,0.0016575
59,heora,<code>heora</code>,3,0.0016575
59,him,<code>him</code>,3,0.0016575
59,hy,<code>hy</code>,3,0.0016575
59,inne,<code>inne</code>,3,0.0016575
59,lifes,<code>lifes</code>,3,0.0016575
59,lig,<code>lig</code>,3,0.0016575
59,lige,<code>lige</code>,3,0.0016575
59,me,<code>me</code>,3,0.0016575
59,men,<code>men</code>,3,0.0016575
59,miht,<code>miht</code>,3,0.0016575
59,nan,<code>nan</code>,3,0.0016575
59,of,<code>of</code>,3,0.0016575
59,recene,<code>recene</code>,3,0.0016575
59,samod,<code>samod</code>,3,0.0016575
59,scealt,<code>scealt</code>,3,0.0016575
59,sunu,<code>sunu</code>,3,0.0016575
59,sy,<code>sy</code>,3,0.0016575
59,synna,<code>synna</code>,3,0.0016575
59,tearum,<code>tearum</code>,3,0.0016575
59,tomiddes,<code>tomiddes</code>,3,0.0016575
59,wel,<code>wel</code>,3,0.0016575
59,wi&eth;,<code>wi&amp;d;</code>,3,0.0016575
59,wiht,<code>wiht</code>,3,0.0016575
59,wile,<code>wile</code>,3,0.0016575
59,wordum,<code>wordum</code>,3,0.0016575
59,woruld,<code>woruld</code>,3,0.0016575
59,worulde,<code>worulde</code>,3,0.0016575
59,yrre,<code>yrre</code>,3,0.0016575
110,&aelig;fre,<code>&amp;ae;fre</code>,2,0.0011050
110,&aelig;nig,<code>&amp;ae;nig</code>,2,0.0011050
110,&aelig;nigre,<code>&amp;ae;nigre</code>,2,0.0011050
110,&aelig;nlican,<code>&amp;ae;nlican</code>,2,0.0011050
110,&aelig;rd&aelig;dum,<code>&amp;ae;rd&amp;ae;dum</code>,2,0.0011050
110,&eth;e,<code>&amp;d;e</code>,2,0.0011050
110,&thorn;&aelig;ra,<code>&amp;t;&amp;ae;ra</code>,2,0.0011050
110,&thorn;as,<code>&amp;t;as</code>,2,0.0011050
110,&thorn;ider,<code>&amp;t;ider</code>,2,0.0011050
110,&thorn;one,<code>&amp;t;one</code>,2,0.0011050
110,adl,<code>adl</code>,2,0.0011050
110,af&aelig;red,<code>af&amp;ae;red</code>,2,0.0011050
110,anra,<code>anra</code>,2,0.0011050
110,ansyn,<code>ansyn</code>,2,0.0011050
110,arf&aelig;stnes,<code>arf&amp;ae;stnes</code>,2,0.0011050
110,beforan,<code>beforan</code>,2,0.0011050
110,bli&eth;e,<code>bli&amp;d;e</code>,2,0.0011050
110,blindum,<code>blindum</code>,2,0.0011050
110,brytta,<code>brytta</code>,2,0.0011050
110,cuma&eth;,<code>cuma&amp;d;</code>,2,0.0011050
110,cwylmed,<code>cwylmed</code>,2,0.0011050
110,cyme,<code>cyme</code>,2,0.0011050
110,dea&eth;es,<code>dea&amp;d;es</code>,2,0.0011050
110,dom,<code>dom</code>,2,0.0011050
110,drihten,<code>drihten</code>,2,0.0011050
110,drihtnes,<code>drihtnes</code>,2,0.0011050
110,eallum,<code>eallum</code>,2,0.0011050
110,earm,<code>earm</code>,2,0.0011050
110,ecan,<code>ecan</code>,2,0.0011050
110,ecne,<code>ecne</code>,2,0.0011050
110,ege,<code>ege</code>,2,0.0011050
110,ende,<code>ende</code>,2,0.0011050
110,eow,<code>eow</code>,2,0.0011050
110,f&aelig;ringa,<code>f&amp;ae;ringa</code>,2,0.0011050
110,fela,<code>fela</code>,2,0.0011050
110,flyh&eth;,<code>flyh&amp;d;</code>,2,0.0011050
110,forgifnesse,<code>forgifnesse</code>,2,0.0011050
110,fyres,<code>fyres</code>,2,0.0011050
110,fyste,<code>fyste</code>,2,0.0011050
110,ge,<code>ge</code>,2,0.0011050
110,gearugne,<code>gearugne</code>,2,0.0011050
110,gedrefed,<code>gedrefed</code>,2,0.0011050
110,gefylled,<code>gefylled</code>,2,0.0011050
110,gehende,<code>gehende</code>,2,0.0011050
110,gehwam,<code>gehwam</code>,2,0.0011050
110,gehwylc,<code>gehwylc</code>,2,0.0011050
110,gewite&eth;,<code>gewite&amp;d;</code>,2,0.0011050
110,gif,<code>gif</code>,2,0.0011050
110,gl&aelig;d,<code>gl&amp;ae;d</code>,2,0.0011050
110,gode,<code>gode</code>,2,0.0011050
110,gryre,<code>gryre</code>,2,0.0011050
110,gylta,<code>gylta</code>,2,0.0011050
110,gyltas,<code>gyltas</code>,2,0.0011050
110,h&aelig;l,<code>h&amp;ae;l</code>,2,0.0011050
110,haligra,<code>haligra</code>,2,0.0011050
110,helle,<code>helle</code>,2,0.0011050
110,helme,<code>helme</code>,2,0.0011050
110,heonone,<code>heonone</code>,2,0.0011050
110,hihta,<code>hihta</code>,2,0.0011050
110,hit,<code>hit</code>,2,0.0011050
110,hreosa&eth;,<code>hreosa&amp;d;</code>,2,0.0011050
110,hwilum,<code>hwilum</code>,2,0.0011050
110,in,<code>in</code>,2,0.0011050
110,l&aelig;ce,<code>l&amp;ae;ce</code>,2,0.0011050
110,la,<code>la</code>,2,0.0011050
110,la&eth;lic,<code>la&amp;d;lic</code>,2,0.0011050
110,lange,<code>lange</code>,2,0.0011050
110,leohtes,<code>leohtes</code>,2,0.0011050
110,life,<code>life</code>,2,0.0011050
110,m&aelig;ge,<code>m&amp;ae;ge</code>,2,0.0011050
110,m&aelig;st,<code>m&amp;ae;st</code>,2,0.0011050
110,metod,<code>metod</code>,2,0.0011050
110,miclum,<code>miclum</code>,2,0.0011050
110,mihte,<code>mihte</code>,2,0.0011050
110,mode,<code>mode</code>,2,0.0011050
110,ofer,<code>ofer</code>,2,0.0011050
110,ondr&aelig;de,<code>ondr&amp;ae;de</code>,2,0.0011050
110,rice,<code>rice</code>,2,0.0011050
110,rode,<code>rode</code>,2,0.0011050
110,sar,<code>sar</code>,2,0.0011050
110,sauwle,<code>sauwle</code>,2,0.0011050
110,scyldig,<code>scyldig</code>,2,0.0011050
110,sib,<code>sib</code>,2,0.0011050
110,sl&aelig;p,<code>sl&amp;ae;p</code>,2,0.0011050
110,slita&eth;,<code>slita&amp;d;</code>,2,0.0011050
110,sona,<code>sona</code>,2,0.0011050
110,susle,<code>susle</code>,2,0.0011050
110,sweart,<code>sweart</code>,2,0.0011050
110,swegdon,<code>swegdon</code>,2,0.0011050
110,swegles,<code>swegles</code>,2,0.0011050
110,swi&eth;lice,<code>swi&amp;d;lice</code>,2,0.0011050
110,synd,<code>synd</code>,2,0.0011050
110,synnum,<code>synnum</code>,2,0.0011050
110,timan,<code>timan</code>,2,0.0011050
110,tunge,<code>tunge</code>,2,0.0011050
110,ufenan,<code>ufenan</code>,2,0.0011050
110,unrotnes,<code>unrotnes</code>,2,0.0011050
110,uplicum,<code>uplicum</code>,2,0.0011050
110,us,<code>us</code>,2,0.0011050
110,w&aelig;ron,<code>w&amp;ae;ron</code>,2,0.0011050
110,wenda&eth;,<code>wenda&amp;d;</code>,2,0.0011050
110,werod,<code>werod</code>,2,0.0011050
110,werode,<code>werode</code>,2,0.0011050
110,wihte,<code>wihte</code>,2,0.0011050
110,wop,<code>wop</code>,2,0.0011050
110,wope,<code>wope</code>,2,0.0011050
110,worulda,<code>worulda</code>,2,0.0011050
110,wyrmas,<code>wyrmas</code>,2,0.0011050
218,&aelig;ddran,<code>&amp;ae;ddran</code>,1,0.0005525
218,&aelig;ghw&aelig;r,<code>&amp;ae;ghw&amp;ae;r</code>,1,0.0005525
218,&aelig;ghwanum,<code>&amp;ae;ghwanum</code>,1,0.0005525
218,&aelig;lc,<code>&amp;ae;lc</code>,1,0.0005525
218,&aelig;lmihtig,<code>&amp;ae;lmihtig</code>,1,0.0005525
218,&aelig;lmihtiges,<code>&amp;ae;lmihtiges</code>,1,0.0005525
218,&aelig;melnes,<code>&amp;ae;melnes</code>,1,0.0005525
218,&aelig;melnys,<code>&amp;ae;melnys</code>,1,0.0005525
218,&aelig;mtig,<code>&amp;ae;mtig</code>,1,0.0005525
218,&aelig;negum,<code>&amp;ae;negum</code>,1,0.0005525
218,&aelig;ni,<code>&amp;ae;ni</code>,1,0.0005525
218,&aelig;nigu,<code>&amp;ae;nigu</code>,1,0.0005525
218,&aelig;nlicu,<code>&amp;ae;nlicu</code>,1,0.0005525
218,&aelig;nlicum,<code>&amp;ae;nlicum</code>,1,0.0005525
218,&aelig;nne,<code>&amp;ae;nne</code>,1,0.0005525
218,&aelig;rendracan,<code>&amp;ae;rendracan</code>,1,0.0005525
218,&aelig;ttrenum,<code>&amp;ae;ttrenum</code>,1,0.0005525
218,&eth;&aelig;t,<code>&amp;d;&amp;ae;t</code>,1,0.0005525
218,&eth;ena&eth;,<code>&amp;d;ena&amp;d;</code>,1,0.0005525
218,&eth;is,<code>&amp;d;is</code>,1,0.0005525
218,&eth;one,<code>&amp;d;one</code>,1,0.0005525
218,&thorn;&aelig;m,<code>&amp;t;&amp;ae;m</code>,1,0.0005525
218,&thorn;eah,<code>&amp;t;eah</code>,1,0.0005525
218,&thorn;earfan,<code>&amp;t;earfan</code>,1,0.0005525
218,&thorn;earfe,<code>&amp;t;earfe</code>,1,0.0005525
218,&thorn;earle,<code>&amp;t;earle</code>,1,0.0005525
218,&thorn;eodcyningas,<code>&amp;t;eodcyningas</code>,1,0.0005525
218,&thorn;eodne,<code>&amp;t;eodne</code>,1,0.0005525
218,&thorn;eodscipum,<code>&amp;t;eodscipum</code>,1,0.0005525
218,&thorn;eostrum,<code>&amp;t;eostrum</code>,1,0.0005525
218,&thorn;eowast,<code>&amp;t;eowast</code>,1,0.0005525
218,&thorn;inc&eth;,<code>&amp;t;inc&amp;d;</code>,1,0.0005525
218,&thorn;ing,<code>&amp;t;ing</code>,1,0.0005525
218,&thorn;inga,<code>&amp;t;inga</code>,1,0.0005525
218,&thorn;issere,<code>&amp;t;issere</code>,1,0.0005525
218,&thorn;reatum,<code>&amp;t;reatum</code>,1,0.0005525
218,&thorn;rece,<code>&amp;t;rece</code>,1,0.0005525
218,&thorn;rosma,<code>&amp;t;rosma</code>,1,0.0005525
218,&thorn;rosme,<code>&amp;t;rosme</code>,1,0.0005525
218,&thorn;rowast,<code>&amp;t;rowast</code>,1,0.0005525
218,&thorn;rymme,<code>&amp;t;rymme</code>,1,0.0005525
218,&thorn;unerrad,<code>&amp;t;unerrad</code>,1,0.0005525
218,&thorn;urhyrn&eth;,<code>&amp;t;urhyrn&amp;d;</code>,1,0.0005525
218,&thorn;urst,<code>&amp;t;urst</code>,1,0.0005525
218,&thorn;y,<code>&amp;t;y</code>,1,0.0005525
218,&thorn;ysse,<code>&amp;t;ysse</code>,1,0.0005525
218,&thorn;ystrum,<code>&amp;t;ystrum</code>,1,0.0005525
218,a,<code>a</code>,1,0.0005525
218,ab&aelig;red,<code>ab&amp;ae;red</code>,1,0.0005525
218,aboden,<code>aboden</code>,1,0.0005525
218,acende,<code>acende</code>,1,0.0005525
218,acl&aelig;nsad,<code>acl&amp;ae;nsad</code>,1,0.0005525
218,acsige,<code>acsige</code>,1,0.0005525
218,adames,<code>adames</code>,1,0.0005525
218,afeormad,<code>afeormad</code>,1,0.0005525
218,afylled,<code>afylled</code>,1,0.0005525
218,aglidene,<code>aglidene</code>,1,0.0005525
218,agnes,<code>agnes</code>,1,0.0005525
218,agnum,<code>agnum</code>,1,0.0005525
218,agyldan,<code>agyldan</code>,1,0.0005525
218,aht,<code>aht</code>,1,0.0005525
218,alyfed,<code>alyfed</code>,1,0.0005525
218,amarod,<code>amarod</code>,1,0.0005525
218,amasod,<code>amasod</code>,1,0.0005525
218,an,<code>an</code>,1,0.0005525
218,andrysne,<code>andrysne</code>,1,0.0005525
218,andweard,<code>andweard</code>,1,0.0005525
218,ane,<code>ane</code>,1,0.0005525
218,angryslic,<code>angryslic</code>,1,0.0005525
218,ansyne,<code>ansyne</code>,1,0.0005525
218,are,<code>are</code>,1,0.0005525
218,areccan,<code>areccan</code>,1,0.0005525
218,arleas,<code>arleas</code>,1,0.0005525
218,astifad,<code>astifad</code>,1,0.0005525
218,astyred,<code>astyred</code>,1,0.0005525
218,astyrest,<code>astyrest</code>,1,0.0005525
218,atelan,<code>atelan</code>,1,0.0005525
218,atihtum,<code>atihtum</code>,1,0.0005525
218,atule,<code>atule</code>,1,0.0005525
218,aweg,<code>aweg</code>,1,0.0005525
218,awiht,<code>awiht</code>,1,0.0005525
218,awyrgedum,<code>awyrgedum</code>,1,0.0005525
218,b&aelig;rn&eth;,<code>b&amp;ae;rn&amp;d;</code>,1,0.0005525
218,ban,<code>ban</code>,1,0.0005525
218,be&thorn;eht,<code>be&amp;t;eht</code>,1,0.0005525
218,be&thorn;unga,<code>be&amp;t;unga</code>,1,0.0005525
218,bealuwes,<code>bealuwes</code>,1,0.0005525
218,bearwe,<code>bearwe</code>,1,0.0005525
218,beata&eth;,<code>beata&amp;d;</code>,1,0.0005525
218,beate,<code>beate</code>,1,0.0005525
218,bebead,<code>bebead</code>,1,0.0005525
218,becuma&eth;,<code>becuma&amp;d;</code>,1,0.0005525
218,begeat,<code>begeat</code>,1,0.0005525
218,behangen,<code>behangen</code>,1,0.0005525
218,behl&aelig;na&eth;,<code>behl&amp;ae;na&amp;d;</code>,1,0.0005525
218,belife,<code>belife</code>,1,0.0005525
218,bena,<code>bena</code>,1,0.0005525
218,benum,<code>benum</code>,1,0.0005525
218,beo,<code>beo</code>,1,0.0005525
218,beorga,<code>beorga</code>,1,0.0005525
218,beorhtost,<code>beorhtost</code>,1,0.0005525
218,beseah,<code>beseah</code>,1,0.0005525
218,betweoh,<code>betweoh</code>,1,0.0005525
218,betweox,<code>betweox</code>,1,0.0005525
218,beweor&eth;od,<code>beweor&amp;d;od</code>,1,0.0005525
218,bidst,<code>bidst</code>,1,0.0005525
218,bifa&eth;,<code>bifa&amp;d;</code>,1,0.0005525
218,bitera,<code>bitera</code>,1,0.0005525
218,biteran,<code>biteran</code>,1,0.0005525
218,bitere,<code>bitere</code>,1,0.0005525
218,biterlice,<code>biterlice</code>,1,0.0005525
218,biterum,<code>biterum</code>,1,0.0005525
218,blawe&eth;,<code>blawe&amp;d;</code>,1,0.0005525
218,bleowon,<code>bleowon</code>,1,0.0005525
218,bli&eth;nesse,<code>bli&amp;d;nesse</code>,1,0.0005525
218,blisse,<code>blisse</code>,1,0.0005525
218,blissiendum,<code>blissiendum</code>,1,0.0005525
218,blostmum,<code>blostmum</code>,1,0.0005525
218,brasla&eth;,<code>brasla&amp;d;</code>,1,0.0005525
218,brega&eth;,<code>brega&amp;d;</code>,1,0.0005525
218,breged,<code>breged</code>,1,0.0005525
218,breman,<code>breman</code>,1,0.0005525
218,breostes,<code>breostes</code>,1,0.0005525
218,breostgehigdum,<code>breostgehigdum</code>,1,0.0005525
218,breostgehyda,<code>breostgehyda</code>,1,0.0005525
218,broga,<code>broga</code>,1,0.0005525
218,brohte,<code>brohte</code>,1,0.0005525
218,brucan,<code>brucan</code>,1,0.0005525
218,brynigum,<code>brynigum</code>,1,0.0005525
218,brysan,<code>brysan</code>,1,0.0005525
218,buga&eth;,<code>buga&amp;d;</code>,1,0.0005525
218,buton,<code>buton</code>,1,0.0005525
218,byrgum,<code>byrgum</code>,1,0.0005525
218,byrna&eth;,<code>byrna&amp;d;</code>,1,0.0005525
218,bysne,<code>bysne</code>,1,0.0005525
218,care,<code>care</code>,1,0.0005525
218,caru,<code>caru</code>,1,0.0005525
218,ceald,<code>ceald</code>,1,0.0005525
218,cealdes,<code>cealdes</code>,1,0.0005525
218,ceorfa&eth;,<code>ceorfa&amp;d;</code>,1,0.0005525
218,cl&aelig;ne,<code>cl&amp;ae;ne</code>,1,0.0005525
218,cnosl,<code>cnosl</code>,1,0.0005525
218,crist,<code>crist</code>,1,0.0005525
218,criste,<code>criste</code>,1,0.0005525
218,cristes,<code>cristes</code>,1,0.0005525
218,cume,<code>cume</code>,1,0.0005525
218,cumene,<code>cumene</code>,1,0.0005525
218,cw&aelig;&eth;,<code>cw&amp;ae;&amp;d;</code>,1,0.0005525
218,cw&aelig;de,<code>cw&amp;ae;de</code>,1,0.0005525
218,cweartern,<code>cweartern</code>,1,0.0005525
218,cwelra,<code>cwelra</code>,1,0.0005525
218,cwyld,<code>cwyld</code>,1,0.0005525
218,cwyldas,<code>cwyldas</code>,1,0.0005525
218,cwylma&eth;,<code>cwylma&amp;d;</code>,1,0.0005525
218,cy&eth;de,<code>cy&amp;d;de</code>,1,0.0005525
218,cy&thorn;a&eth;,<code>cy&amp;t;a&amp;d;</code>,1,0.0005525
218,cy&thorn;st,<code>cy&amp;t;st</code>,1,0.0005525
218,cym&eth;,<code>cym&amp;d;</code>,1,0.0005525
218,cyme&eth;,<code>cyme&amp;d;</code>,1,0.0005525
218,cyningc,<code>cyningc</code>,1,0.0005525
218,cynn,<code>cynn</code>,1,0.0005525
218,d&aelig;dbote,<code>d&amp;ae;dbote</code>,1,0.0005525
218,d&aelig;dum,<code>d&amp;ae;dum</code>,1,0.0005525
218,d&aelig;g,<code>d&amp;ae;g</code>,1,0.0005525
218,d&aelig;gcu&eth;,<code>d&amp;ae;gcu&amp;d;</code>,1,0.0005525
218,d&aelig;gtide,<code>d&amp;ae;gtide</code>,1,0.0005525
218,dea&eth;beacnigende,<code>dea&amp;d;beacnigende</code>,1,0.0005525
218,dea&eth;e,<code>dea&amp;d;e</code>,1,0.0005525
218,deme&eth;,<code>deme&amp;d;</code>,1,0.0005525
218,demst,<code>demst</code>,1,0.0005525
218,deoflum,<code>deoflum</code>,1,0.0005525
218,deorc,<code>deorc</code>,1,0.0005525
218,deriende,<code>deriende</code>,1,0.0005525
218,dest,<code>dest</code>,1,0.0005525
218,digle,<code>digle</code>,1,0.0005525
218,dihlan,<code>dihlan</code>,1,0.0005525
218,dihle,<code>dihle</code>,1,0.0005525
218,dimhiw,<code>dimhiw</code>,1,0.0005525
218,dimman,<code>dimman</code>,1,0.0005525
218,do,<code>do</code>,1,0.0005525
218,domsetle,<code>domsetle</code>,1,0.0005525
218,drecca&eth;,<code>drecca&amp;d;</code>,1,0.0005525
218,dreogest,<code>dreogest</code>,1,0.0005525
218,dreorige,<code>dreorige</code>,1,0.0005525
218,dreosa&eth;,<code>dreosa&amp;d;</code>,1,0.0005525
218,drihtene,<code>drihtene</code>,1,0.0005525
218,dropum,<code>dropum</code>,1,0.0005525
218,druncennes,<code>druncennes</code>,1,0.0005525
218,drut,<code>drut</code>,1,0.0005525
218,duna,<code>duna</code>,1,0.0005525
218,dwolma,<code>dwolma</code>,1,0.0005525
218,eadegum,<code>eadegum</code>,1,0.0005525
218,eadig,<code>eadig</code>,1,0.0005525
218,eagan,<code>eagan</code>,1,0.0005525
218,eahgemearces,<code>eahgemearces</code>,1,0.0005525
218,eala,<code>eala</code>,1,0.0005525
218,eardian,<code>eardian</code>,1,0.0005525
218,earh,<code>earh</code>,1,0.0005525
218,earma,<code>earma</code>,1,0.0005525
218,earmlice,<code>earmlice</code>,1,0.0005525
218,earmra,<code>earmra</code>,1,0.0005525
218,earmre,<code>earmre</code>,1,0.0005525
218,earmsceapene,<code>earmsceapene</code>,1,0.0005525
218,earmsceapenra,<code>earmsceapenra</code>,1,0.0005525
218,earmum,<code>earmum</code>,1,0.0005525
218,earum,<code>earum</code>,1,0.0005525
218,eces,<code>eces</code>,1,0.0005525
218,ecnesse,<code>ecnesse</code>,1,0.0005525
218,ecum,<code>ecum</code>,1,0.0005525
218,efeste&eth;,<code>efeste&amp;d;</code>,1,0.0005525
218,egeslic,<code>egeslic</code>,1,0.0005525
218,egeslica,<code>egeslica</code>,1,0.0005525
218,egsan,<code>egsan</code>,1,0.0005525
218,elles,<code>elles</code>,1,0.0005525
218,embutan,<code>embutan</code>,1,0.0005525
218,emnes,<code>emnes</code>,1,0.0005525
218,eor&eth;buendra,<code>eor&amp;d;buendra</code>,1,0.0005525
218,eor&eth;e,<code>eor&amp;d;e</code>,1,0.0005525
218,eoredheapas,<code>eoredheapas</code>,1,0.0005525
218,f&aelig;gere,<code>f&amp;ae;gere</code>,1,0.0005525
218,f&aelig;r&eth;,<code>f&amp;ae;r&amp;d;</code>,1,0.0005525
218,f&aelig;rlic,<code>f&amp;ae;rlic</code>,1,0.0005525
218,f&aelig;sthafolnes,<code>f&amp;ae;sthafolnes</code>,1,0.0005525
218,feded,<code>feded</code>,1,0.0005525
218,fefur,<code>fefur</code>,1,0.0005525
218,feh&thorn;,<code>feh&amp;t;</code>,1,0.0005525
218,feor,<code>feor</code>,1,0.0005525
218,feormast,<code>feormast</code>,1,0.0005525
218,feran,<code>feran</code>,1,0.0005525
218,fers,<code>fers</code>,1,0.0005525
218,fl&aelig;sces,<code>fl&amp;ae;sces</code>,1,0.0005525
218,fleaxes,<code>fleaxes</code>,1,0.0005525
218,flecgan,<code>flecgan</code>,1,0.0005525
218,flod,<code>flod</code>,1,0.0005525
218,folca,<code>folca</code>,1,0.0005525
218,foldan,<code>foldan</code>,1,0.0005525
218,for&eth;,<code>for&amp;d;</code>,1,0.0005525
218,for&eth;on,<code>for&amp;d;on</code>,1,0.0005525
218,forbugan,<code>forbugan</code>,1,0.0005525
218,forbugon,<code>forbugon</code>,1,0.0005525
218,forebeacn,<code>forebeacn</code>,1,0.0005525
218,foresteal,<code>foresteal</code>,1,0.0005525
218,forfoh,<code>forfoh</code>,1,0.0005525
218,forht,<code>forht</code>,1,0.0005525
218,forhtas,<code>forhtas</code>,1,0.0005525
218,forhte,<code>forhte</code>,1,0.0005525
218,forhyccan,<code>forhyccan</code>,1,0.0005525
218,forstent,<code>forstent</code>,1,0.0005525
218,forsworcenum,<code>forsworcenum</code>,1,0.0005525
218,forswyrc&eth;,<code>forswyrc&amp;d;</code>,1,0.0005525
218,forwyrnan,<code>forwyrnan</code>,1,0.0005525
218,fr&aelig;tua&eth;,<code>fr&amp;ae;tua&amp;d;</code>,1,0.0005525
218,frea,<code>frea</code>,1,0.0005525
218,frecnan,<code>frecnan</code>,1,0.0005525
218,fremman,<code>fremman</code>,1,0.0005525
218,freolice,<code>freolice</code>,1,0.0005525
218,freolicum,<code>freolicum</code>,1,0.0005525
218,frine&eth;,<code>frine&amp;d;</code>,1,0.0005525
218,frofor,<code>frofor</code>,1,0.0005525
218,frowe,<code>frowe</code>,1,0.0005525
218,ful,<code>ful</code>,1,0.0005525
218,full,<code>full</code>,1,0.0005525
218,fulle,<code>fulle</code>,1,0.0005525
218,fultum,<code>fultum</code>,1,0.0005525
218,fyr,<code>fyr</code>,1,0.0005525
218,fyre,<code>fyre</code>,1,0.0005525
218,fyren,<code>fyren</code>,1,0.0005525
218,fyrene,<code>fyrene</code>,1,0.0005525
218,fyrenlustum,<code>fyrenlustum</code>,1,0.0005525
218,fyrhtu,<code>fyrhtu</code>,1,0.0005525
218,fyrngende,<code>fyrngende</code>,1,0.0005525
218,g&aelig;lsa,<code>g&amp;ae;lsa</code>,1,0.0005525
218,g&aelig;lsan,<code>g&amp;ae;lsan</code>,1,0.0005525
218,galnysse,<code>galnysse</code>,1,0.0005525
218,gastum,<code>gastum</code>,1,0.0005525
218,ge&thorn;anc,<code>ge&amp;t;anc</code>,1,0.0005525
218,ge&thorn;ancas,<code>ge&amp;t;ancas</code>,1,0.0005525
218,ge&thorn;eode,<code>ge&amp;t;eode</code>,1,0.0005525
218,ge&thorn;eon,<code>ge&amp;t;eon</code>,1,0.0005525
218,ge&thorn;ohte,<code>ge&amp;t;ohte</code>,1,0.0005525
218,ge&thorn;uxsa&eth;,<code>ge&amp;t;uxsa&amp;d;</code>,1,0.0005525
218,ge&thorn;w&aelig;rnes,<code>ge&amp;t;w&amp;ae;rnes</code>,1,0.0005525
218,geatu,<code>geatu</code>,1,0.0005525
218,geb&aelig;r,<code>geb&amp;ae;r</code>,1,0.0005525
218,geban,<code>geban</code>,1,0.0005525
218,gebedstowe,<code>gebedstowe</code>,1,0.0005525
218,gebeorh,<code>gebeorh</code>,1,0.0005525
218,gebletsodost,<code>gebletsodost</code>,1,0.0005525
218,geblyssa&eth;,<code>geblyssa&amp;d;</code>,1,0.0005525
218,gebrasl,<code>gebrasl</code>,1,0.0005525
218,gecige,<code>gecige</code>,1,0.0005525
218,geclypede,<code>geclypede</code>,1,0.0005525
218,gecy&eth;e,<code>gecy&amp;d;e</code>,1,0.0005525
218,gedrefe&eth;,<code>gedrefe&amp;d;</code>,1,0.0005525
218,gedw&aelig;scan,<code>gedw&amp;ae;scan</code>,1,0.0005525
218,gedwina&eth;,<code>gedwina&amp;d;</code>,1,0.0005525
218,gedwine&eth;,<code>gedwine&amp;d;</code>,1,0.0005525
218,gedyrstig,<code>gedyrstig</code>,1,0.0005525
218,geearnade,<code>geearnade</code>,1,0.0005525
218,gefean,<code>gefean</code>,1,0.0005525
218,gefor,<code>gefor</code>,1,0.0005525
218,gefremede,<code>gefremede</code>,1,0.0005525
218,gefremman,<code>gefremman</code>,1,0.0005525
218,gefremme,<code>gefremme</code>,1,0.0005525
218,gefylde,<code>gefylde</code>,1,0.0005525
218,geglada&eth;,<code>geglada&amp;d;</code>,1,0.0005525
218,geh&aelig;ge,<code>geh&amp;ae;ge</code>,1,0.0005525
218,geh&aelig;lan,<code>geh&amp;ae;lan</code>,1,0.0005525
218,gehrered,<code>gehrered</code>,1,0.0005525
218,gehwylces,<code>gehwylces</code>,1,0.0005525
218,gehwylcum,<code>gehwylcum</code>,1,0.0005525
218,gehyre&eth;,<code>gehyre&amp;d;</code>,1,0.0005525
218,geleaffullum,<code>geleaffullum</code>,1,0.0005525
218,gelicast,<code>gelicast</code>,1,0.0005525
218,gelice,<code>gelice</code>,1,0.0005525
218,gelimpe&eth;,<code>gelimpe&amp;d;</code>,1,0.0005525
218,gemenged,<code>gemenged</code>,1,0.0005525
218,gemet,<code>gemet</code>,1,0.0005525
218,gemeted,<code>gemeted</code>,1,0.0005525
218,gemonge,<code>gemonge</code>,1,0.0005525
218,gemune,<code>gemune</code>,1,0.0005525
218,gemyne,<code>gemyne</code>,1,0.0005525
218,genim&eth;,<code>genim&amp;d;</code>,1,0.0005525
218,genipu,<code>genipu</code>,1,0.0005525
218,geo,<code>geo</code>,1,0.0005525
218,geopenia&eth;,<code>geopenia&amp;d;</code>,1,0.0005525
218,geotan,<code>geotan</code>,1,0.0005525
218,geregna&eth;,<code>geregna&amp;d;</code>,1,0.0005525
218,ges&aelig;lig,<code>ges&amp;ae;lig</code>,1,0.0005525
218,ges&aelig;ligost,<code>ges&amp;ae;ligost</code>,1,0.0005525
218,gesceop,<code>gesceop</code>,1,0.0005525
218,gesewen,<code>gesewen</code>,1,0.0005525
218,gesw&aelig;ccan,<code>gesw&amp;ae;ccan</code>,1,0.0005525
218,geswenced,<code>geswenced</code>,1,0.0005525
218,gesweotolude,<code>gesweotolude</code>,1,0.0005525
218,geswinc,<code>geswinc</code>,1,0.0005525
218,gesworcen,<code>gesworcen</code>,1,0.0005525
218,gesymed,<code>gesymed</code>,1,0.0005525
218,gesyntum,<code>gesyntum</code>,1,0.0005525
218,geteald,<code>geteald</code>,1,0.0005525
218,geteode,<code>geteode</code>,1,0.0005525
218,gewepan,<code>gewepan</code>,1,0.0005525
218,gewita&eth;,<code>gewita&amp;d;</code>,1,0.0005525
218,geworhte,<code>geworhte</code>,1,0.0005525
218,gewrixl,<code>gewrixl</code>,1,0.0005525
218,gewyrhtum,<code>gewyrhtum</code>,1,0.0005525
218,gicela,<code>gicela</code>,1,0.0005525
218,gifu,<code>gifu</code>,1,0.0005525
218,gl&aelig;dlice,<code>gl&amp;ae;dlice</code>,1,0.0005525
218,gnaga&eth;,<code>gnaga&amp;d;</code>,1,0.0005525
218,gnorn,<code>gnorn</code>,1,0.0005525
218,gnornung,<code>gnornung</code>,1,0.0005525
218,goda,<code>goda</code>,1,0.0005525
218,greotan,<code>greotan</code>,1,0.0005525
218,grimmum,<code>grimmum</code>,1,0.0005525
218,gristbigtung,<code>gristbigtung</code>,1,0.0005525
218,grunde,<code>grunde</code>,1,0.0005525
218,gryrra&eth;,<code>gryrra&amp;d;</code>,1,0.0005525
218,gyldan,<code>gyldan</code>,1,0.0005525
218,gyte,<code>gyte</code>,1,0.0005525
218,h&aelig;f&eth;,<code>h&amp;ae;f&amp;d;</code>,1,0.0005525
218,h&aelig;fst,<code>h&amp;ae;fst</code>,1,0.0005525
218,h&aelig;le,<code>h&amp;ae;le</code>,1,0.0005525
218,habba&eth;,<code>habba&amp;d;</code>,1,0.0005525
218,habban,<code>habban</code>,1,0.0005525
218,hagulscuras,<code>hagulscuras</code>,1,0.0005525
218,halige,<code>halige</code>,1,0.0005525
218,halwende,<code>halwende</code>,1,0.0005525
218,hand,<code>hand</code>,1,0.0005525
218,hat,<code>hat</code>,1,0.0005525
218,hate,<code>hate</code>,1,0.0005525
218,heaf,<code>heaf</code>,1,0.0005525
218,heah&thorn;rymme,<code>heah&amp;t;rymme</code>,1,0.0005525
218,heahf&aelig;deras,<code>heahf&amp;ae;deras</code>,1,0.0005525
218,heahsetle,<code>heahsetle</code>,1,0.0005525
218,healic,<code>healic</code>,1,0.0005525
218,hean,<code>hean</code>,1,0.0005525
218,heanlic,<code>heanlic</code>,1,0.0005525
218,heanra,<code>heanra</code>,1,0.0005525
218,heap,<code>heap</code>,1,0.0005525
218,heapas,<code>heapas</code>,1,0.0005525
218,heapum,<code>heapum</code>,1,0.0005525
218,hearde,<code>hearde</code>,1,0.0005525
218,heardes,<code>heardes</code>,1,0.0005525
218,hearmes,<code>hearmes</code>,1,0.0005525
218,help,<code>help</code>,1,0.0005525
218,hen&eth;a,<code>hen&amp;d;a</code>,1,0.0005525
218,heo,<code>heo</code>,1,0.0005525
218,heofenes,<code>heofenes</code>,1,0.0005525
218,heofenlican,<code>heofenlican</code>,1,0.0005525
218,heofonan,<code>heofonan</code>,1,0.0005525
218,heofone,<code>heofone</code>,1,0.0005525
218,heofonlice,<code>heofonlice</code>,1,0.0005525
218,heofonrice,<code>heofonrice</code>,1,0.0005525
218,heofonrices,<code>heofonrices</code>,1,0.0005525
218,heofonsetle,<code>heofonsetle</code>,1,0.0005525
218,heortan,<code>heortan</code>,1,0.0005525
218,heorte,<code>heorte</code>,1,0.0005525
218,heortleas,<code>heortleas</code>,1,0.0005525
218,heortscr&aelig;fe,<code>heortscr&amp;ae;fe</code>,1,0.0005525
218,hergea,<code>hergea</code>,1,0.0005525
218,hi,<code>hi</code>,1,0.0005525
218,hider,<code>hider</code>,1,0.0005525
218,hinder,<code>hinder</code>,1,0.0005525
218,hleahter,<code>hleahter</code>,1,0.0005525
218,hleapa&eth;,<code>hleapa&amp;d;</code>,1,0.0005525
218,hleo,<code>hleo</code>,1,0.0005525
218,hleor,<code>hleor</code>,1,0.0005525
218,hleorum,<code>hleorum</code>,1,0.0005525
218,hli&eth;u,<code>hli&amp;d;u</code>,1,0.0005525
218,holte,<code>holte</code>,1,0.0005525
218,hopa,<code>hopa</code>,1,0.0005525
218,horwe,<code>horwe</code>,1,0.0005525
218,horwum,<code>horwum</code>,1,0.0005525
218,horxlice,<code>horxlice</code>,1,0.0005525
218,hr&aelig;dra,<code>hr&amp;ae;dra</code>,1,0.0005525
218,hreoh,<code>hreoh</code>,1,0.0005525
218,hreow,<code>hreow</code>,1,0.0005525
218,hreowlicum,<code>hreowlicum</code>,1,0.0005525
218,hryre,<code>hryre</code>,1,0.0005525
218,hunger,<code>hunger</code>,1,0.0005525
218,hw&aelig;ne,<code>hw&amp;ae;ne</code>,1,0.0005525
218,hwile,<code>hwile</code>,1,0.0005525
218,hwittra,<code>hwittra</code>,1,0.0005525
218,hwylce,<code>hwylce</code>,1,0.0005525
218,hwyrf&eth;,<code>hwyrf&amp;d;</code>,1,0.0005525
218,hylt,<code>hylt</code>,1,0.0005525
218,hym,<code>hym</code>,1,0.0005525
218,hyrsta,<code>hyrsta</code>,1,0.0005525
218,innan,<code>innan</code>,1,0.0005525
218,innon,<code>innon</code>,1,0.0005525
218,l&aelig;cedomes,<code>l&amp;ae;cedomes</code>,1,0.0005525
218,l&aelig;re,<code>l&amp;ae;re</code>,1,0.0005525
218,l&aelig;t,<code>l&amp;ae;t</code>,1,0.0005525
218,la&eth;,<code>la&amp;d;</code>,1,0.0005525
218,la&eth;lica,<code>la&amp;d;lica</code>,1,0.0005525
218,la&eth;lices,<code>la&amp;d;lices</code>,1,0.0005525
218,lage,<code>lage</code>,1,0.0005525
218,langan,<code>langan</code>,1,0.0005525
218,latast,<code>latast</code>,1,0.0005525
218,leahtra,<code>leahtra</code>,1,0.0005525
218,leahtrum,<code>leahtrum</code>,1,0.0005525
218,leane,<code>leane</code>,1,0.0005525
218,lecge,<code>lecge</code>,1,0.0005525
218,leofast,<code>leofast</code>,1,0.0005525
218,leofest,<code>leofest</code>,1,0.0005525
218,leoflic,<code>leoflic</code>,1,0.0005525
218,leoht,<code>leoht</code>,1,0.0005525
218,let,<code>let</code>,1,0.0005525
218,lichaman,<code>lichaman</code>,1,0.0005525
218,lif,<code>lif</code>,1,0.0005525
218,liges,<code>liges</code>,1,0.0005525
218,liget,<code>liget</code>,1,0.0005525
218,ligspiwelum,<code>ligspiwelum</code>,1,0.0005525
218,ligst,<code>ligst</code>,1,0.0005525
218,ligum,<code>ligum</code>,1,0.0005525
218,lof,<code>lof</code>,1,0.0005525
218,lufa&eth;,<code>lufa&amp;d;</code>,1,0.0005525
218,lustum,<code>lustum</code>,1,0.0005525
218,lyft,<code>lyft</code>,1,0.0005525
218,lyre,<code>lyre</code>,1,0.0005525
218,lyt,<code>lyt</code>,1,0.0005525
218,lytel,<code>lytel</code>,1,0.0005525
218,m&aelig;dena,<code>m&amp;ae;dena</code>,1,0.0005525
218,m&aelig;denheap,<code>m&amp;ae;denheap</code>,1,0.0005525
218,m&aelig;g&eth;a,<code>m&amp;ae;g&amp;d;a</code>,1,0.0005525
218,m&aelig;r&eth;e,<code>m&amp;ae;r&amp;d;e</code>,1,0.0005525
218,m&aelig;ran,<code>m&amp;ae;ran</code>,1,0.0005525
218,m&aelig;re,<code>m&amp;ae;re</code>,1,0.0005525
218,magon,<code>magon</code>,1,0.0005525
218,mand&aelig;dum,<code>mand&amp;ae;dum</code>,1,0.0005525
218,manes,<code>manes</code>,1,0.0005525
218,manful,<code>manful</code>,1,0.0005525
218,manlican,<code>manlican</code>,1,0.0005525
218,mannes,<code>mannes</code>,1,0.0005525
218,maria,<code>maria</code>,1,0.0005525
218,mearn,<code>mearn</code>,1,0.0005525
218,mede,<code>mede</code>,1,0.0005525
218,meowle,<code>meowle</code>,1,0.0005525
218,micelnysse,<code>micelnysse</code>,1,0.0005525
218,miclan,<code>miclan</code>,1,0.0005525
218,middan,<code>middan</code>,1,0.0005525
218,mihtig,<code>mihtig</code>,1,0.0005525
218,mihtleas,<code>mihtleas</code>,1,0.0005525
218,min,<code>min</code>,1,0.0005525
218,mine,<code>mine</code>,1,0.0005525
218,minne,<code>minne</code>,1,0.0005525
218,minum,<code>minum</code>,1,0.0005525
218,modar,<code>modar</code>,1,0.0005525
218,modum,<code>modum</code>,1,0.0005525
218,moldan,<code>moldan</code>,1,0.0005525
218,mona,<code>mona</code>,1,0.0005525
218,morgen,<code>morgen</code>,1,0.0005525
218,mot,<code>mot</code>,1,0.0005525
218,mote,<code>mote</code>,1,0.0005525
218,murcnigende,<code>murcnigende</code>,1,0.0005525
218,mylta&eth;,<code>mylta&amp;d;</code>,1,0.0005525
218,n&aelig;f&eth;,<code>n&amp;ae;f&amp;d;</code>,1,0.0005525
218,n&aelig;fre,<code>n&amp;ae;fre</code>,1,0.0005525
218,n&aelig;nig,<code>n&amp;ae;nig</code>,1,0.0005525
218,na,<code>na</code>,1,0.0005525
218,naht,<code>naht</code>,1,0.0005525
218,nanes,<code>nanes</code>,1,0.0005525
218,nanre,<code>nanre</code>,1,0.0005525
218,nawiht,<code>nawiht</code>,1,0.0005525
218,nele,<code>nele</code>,1,0.0005525
218,neorxnawonges,<code>neorxnawonges</code>,1,0.0005525
218,nerigende,<code>nerigende</code>,1,0.0005525
218,niht,<code>niht</code>,1,0.0005525
218,nihte,<code>nihte</code>,1,0.0005525
218,nihtum,<code>nihtum</code>,1,0.0005525
218,nis,<code>nis</code>,1,0.0005525
218,nosan,<code>nosan</code>,1,0.0005525
218,ofergeota&thorn;,<code>ofergeota&amp;t;</code>,1,0.0005525
218,ofers&aelig;lig,<code>ofers&amp;ae;lig</code>,1,0.0005525
218,oferswi&eth;a&eth;,<code>oferswi&amp;d;a&amp;d;</code>,1,0.0005525
218,ofnes,<code>ofnes</code>,1,0.0005525
218,oga,<code>oga</code>,1,0.0005525
218,onbindan,<code>onbindan</code>,1,0.0005525
218,ondr&aelig;d,<code>ondr&amp;ae;d</code>,1,0.0005525
218,onginna&eth;,<code>onginna&amp;d;</code>,1,0.0005525
218,onhefde,<code>onhefde</code>,1,0.0005525
218,ontynan,<code>ontynan</code>,1,0.0005525
218,onweg,<code>onweg</code>,1,0.0005525
218,open,<code>open</code>,1,0.0005525
218,openum,<code>openum</code>,1,0.0005525
218,orm&aelig;tnesse,<code>orm&amp;ae;tnesse</code>,1,0.0005525
218,owiht,<code>owiht</code>,1,0.0005525
218,pices,<code>pices</code>,1,0.0005525
218,plaster,<code>plaster</code>,1,0.0005525
218,plega,<code>plega</code>,1,0.0005525
218,r&aelig;dwitan,<code>r&amp;ae;dwitan</code>,1,0.0005525
218,r&aelig;plingas,<code>r&amp;ae;plingas</code>,1,0.0005525
218,r&aelig;scet,<code>r&amp;ae;scet</code>,1,0.0005525
218,r&aelig;sct,<code>r&amp;ae;sct</code>,1,0.0005525
218,re&eth;e,<code>re&amp;d;e</code>,1,0.0005525
218,rea&eth;e,<code>rea&amp;d;e</code>,1,0.0005525
218,read,<code>read</code>,1,0.0005525
218,reade,<code>reade</code>,1,0.0005525
218,readum,<code>readum</code>,1,0.0005525
218,rican,<code>rican</code>,1,0.0005525
218,ricu,<code>ricu</code>,1,0.0005525
218,ricxa&eth;,<code>ricxa&amp;d;</code>,1,0.0005525
218,riht,<code>riht</code>,1,0.0005525
218,rodera,<code>rodera</code>,1,0.0005525
218,roderes,<code>roderes</code>,1,0.0005525
218,rosena,<code>rosena</code>,1,0.0005525
218,ryne,<code>ryne</code>,1,0.0005525
218,s&aelig;,<code>s&amp;ae;</code>,1,0.0005525
218,s&aelig;t,<code>s&amp;ae;t</code>,1,0.0005525
218,sange,<code>sange</code>,1,0.0005525
218,sargunge,<code>sargunge</code>,1,0.0005525
218,sari,<code>sari</code>,1,0.0005525
218,saula,<code>saula</code>,1,0.0005525
218,sca&thorn;a,<code>sca&amp;t;a</code>,1,0.0005525
218,scad,<code>scad</code>,1,0.0005525
218,scea&thorn;a,<code>scea&amp;t;a</code>,1,0.0005525
218,sceade,<code>sceade</code>,1,0.0005525
218,sceamode,<code>sceamode</code>,1,0.0005525
218,scearplice,<code>scearplice</code>,1,0.0005525
218,scenan,<code>scenan</code>,1,0.0005525
218,sciman,<code>sciman</code>,1,0.0005525
218,scina&eth;,<code>scina&amp;d;</code>,1,0.0005525
218,scinendan,<code>scinendan</code>,1,0.0005525
218,scr&aelig;fe,<code>scr&amp;ae;fe</code>,1,0.0005525
218,scr&aelig;fum,<code>scr&amp;ae;fum</code>,1,0.0005525
218,scylda,<code>scylda</code>,1,0.0005525
218,scyndan,<code>scyndan</code>,1,0.0005525
218,scyppend,<code>scyppend</code>,1,0.0005525
218,sealtum,<code>sealtum</code>,1,0.0005525
218,secgan,<code>secgan</code>,1,0.0005525
218,secge,<code>secge</code>,1,0.0005525
218,sefan,<code>sefan</code>,1,0.0005525
218,selast,<code>selast</code>,1,0.0005525
218,selest,<code>selest</code>,1,0.0005525
218,selfum,<code>selfum</code>,1,0.0005525
218,setlum,<code>setlum</code>,1,0.0005525
218,sibbe,<code>sibbe</code>,1,0.0005525
218,sigelbeorht,<code>sigelbeorht</code>,1,0.0005525
218,sigores,<code>sigores</code>,1,0.0005525
218,sinnigan,<code>sinnigan</code>,1,0.0005525
218,sitt,<code>sitt</code>,1,0.0005525
218,slea,<code>slea</code>,1,0.0005525
218,sleac,<code>sleac</code>,1,0.0005525
218,slincan,<code>slincan</code>,1,0.0005525
218,sluman,<code>sluman</code>,1,0.0005525
218,smocan,<code>smocan</code>,1,0.0005525
218,snawe,<code>snawe</code>,1,0.0005525
218,so&eth;,<code>so&amp;d;</code>,1,0.0005525
218,so&eth;e,<code>so&amp;d;e</code>,1,0.0005525
218,some,<code>some</code>,1,0.0005525
218,sorge,<code>sorge</code>,1,0.0005525
218,sorgiendum,<code>sorgiendum</code>,1,0.0005525
218,sorgum,<code>sorgum</code>,1,0.0005525
218,sorh,<code>sorh</code>,1,0.0005525
218,spede,<code>spede</code>,1,0.0005525
218,spellum,<code>spellum</code>,1,0.0005525
218,sperca,<code>sperca</code>,1,0.0005525
218,spr&aelig;c,<code>spr&amp;ae;c</code>,1,0.0005525
218,spr&aelig;ce,<code>spr&amp;ae;ce</code>,1,0.0005525
218,st&aelig;nt,<code>st&amp;ae;nt</code>,1,0.0005525
218,stane,<code>stane</code>,1,0.0005525
218,stearcheard,<code>stearcheard</code>,1,0.0005525
218,stedelease,<code>stedelease</code>,1,0.0005525
218,stefn,<code>stefn</code>,1,0.0005525
218,stent,<code>stent</code>,1,0.0005525
218,steorran,<code>steorran</code>,1,0.0005525
218,sti&eth;um,<code>sti&amp;d;um</code>,1,0.0005525
218,sti&thorn;m&aelig;gen,<code>sti&amp;t;m&amp;ae;gen</code>,1,0.0005525
218,sticelum,<code>sticelum</code>,1,0.0005525
218,storm,<code>storm</code>,1,0.0005525
218,stowa,<code>stowa</code>,1,0.0005525
218,stylla&eth;,<code>stylla&amp;d;</code>,1,0.0005525
218,styre&eth;,<code>styre&amp;d;</code>,1,0.0005525
218,sunne,<code>sunne</code>,1,0.0005525
218,sweartum,<code>sweartum</code>,1,0.0005525
218,sweg,<code>sweg</code>,1,0.0005525
218,swenced,<code>swenced</code>,1,0.0005525
218,swi&eth;lic,<code>swi&amp;d;lic</code>,1,0.0005525
218,swi&eth;ran,<code>swi&amp;d;ran</code>,1,0.0005525
218,swigast,<code>swigast</code>,1,0.0005525
218,swige,<code>swige</code>,1,0.0005525
218,swy&thorn;e,<code>swy&amp;t;e</code>,1,0.0005525
218,sy&thorn;,<code>sy&amp;t;</code>,1,0.0005525
218,syl&eth;,<code>syl&amp;d;</code>,1,0.0005525
218,symle,<code>symle</code>,1,0.0005525
218,synful,<code>synful</code>,1,0.0005525
218,synfullum,<code>synfullum</code>,1,0.0005525
218,synfulra,<code>synfulra</code>,1,0.0005525
218,synne,<code>synne</code>,1,0.0005525
218,synnge,<code>synnge</code>,1,0.0005525
218,synnigu,<code>synnigu</code>,1,0.0005525
218,synscyldigra,<code>synscyldigra</code>,1,0.0005525
218,synt,<code>synt</code>,1,0.0005525
218,tacn,<code>tacn</code>,1,0.0005525
218,te&thorn;,<code>te&amp;t;</code>,1,0.0005525
218,teara,<code>teara</code>,1,0.0005525
218,tearas,<code>tearas</code>,1,0.0005525
218,teonan,<code>teonan</code>,1,0.0005525
218,tima,<code>tima</code>,1,0.0005525
218,tintrega,<code>tintrega</code>,1,0.0005525
218,tod&aelig;le&eth;,<code>tod&amp;ae;le&amp;d;</code>,1,0.0005525
218,todeme&eth;,<code>todeme&amp;d;</code>,1,0.0005525
218,torne,<code>torne</code>,1,0.0005525
218,towearde,<code>towearde</code>,1,0.0005525
218,tungan,<code>tungan</code>,1,0.0005525
218,tuxlum,<code>tuxlum</code>,1,0.0005525
218,ufenon,<code>ufenon</code>,1,0.0005525
218,ufon,<code>ufon</code>,1,0.0005525
218,unalyfed,<code>unalyfed</code>,1,0.0005525
218,unbleoh,<code>unbleoh</code>,1,0.0005525
218,uncr&aelig;ftiga,<code>uncr&amp;ae;ftiga</code>,1,0.0005525
218,uncyst,<code>uncyst</code>,1,0.0005525
218,und&aelig;dum,<code>und&amp;ae;dum</code>,1,0.0005525
218,under,<code>under</code>,1,0.0005525
218,underfo,<code>underfo</code>,1,0.0005525
218,ungemetum,<code>ungemetum</code>,1,0.0005525
218,ungerydre,<code>ungerydre</code>,1,0.0005525
218,unhyrlican,<code>unhyrlican</code>,1,0.0005525
218,unrim,<code>unrim</code>,1,0.0005525
218,unrot,<code>unrot</code>,1,0.0005525
218,unstences,<code>unstences</code>,1,0.0005525
218,upcundra,<code>upcundra</code>,1,0.0005525
218,upheofon,<code>upheofon</code>,1,0.0005525
218,uplic,<code>uplic</code>,1,0.0005525
218,upplice,<code>upplice</code>,1,0.0005525
218,urnon,<code>urnon</code>,1,0.0005525
218,w&aelig;dl,<code>w&amp;ae;dl</code>,1,0.0005525
218,w&aelig;lgrimme,<code>w&amp;ae;lgrimme</code>,1,0.0005525
218,w&aelig;lhreow,<code>w&amp;ae;lhreow</code>,1,0.0005525
218,w&aelig;terburnan,<code>w&amp;ae;terburnan</code>,1,0.0005525
218,w&aelig;tere,<code>w&amp;ae;tere</code>,1,0.0005525
218,wa,<code>wa</code>,1,0.0005525
218,waces,<code>waces</code>,1,0.0005525
218,wagedon,<code>wagedon</code>,1,0.0005525
218,waldend,<code>waldend</code>,1,0.0005525
218,wandian,<code>wandian</code>,1,0.0005525
218,wanhydige,<code>wanhydige</code>,1,0.0005525
218,wanigendan,<code>wanigendan</code>,1,0.0005525
218,wanung,<code>wanung</code>,1,0.0005525
218,we,<code>we</code>,1,0.0005525
218,wealdend,<code>wealdend</code>,1,0.0005525
218,weallendes,<code>weallendes</code>,1,0.0005525
218,wean,<code>wean</code>,1,0.0005525
218,weana,<code>weana</code>,1,0.0005525
218,wear&eth;,<code>wear&amp;d;</code>,1,0.0005525
218,weard,<code>weard</code>,1,0.0005525
218,weardas,<code>weardas</code>,1,0.0005525
218,welega,<code>welega</code>,1,0.0005525
218,welras,<code>welras</code>,1,0.0005525
218,wenan,<code>wenan</code>,1,0.0005525
218,weor&eth;a&thorn;,<code>weor&amp;d;a&amp;t;</code>,1,0.0005525
218,weoxon,<code>weoxon</code>,1,0.0005525
218,wepa&eth;,<code>wepa&amp;d;</code>,1,0.0005525
218,wepe,<code>wepe</code>,1,0.0005525
218,wependra,<code>wependra</code>,1,0.0005525
218,wereda,<code>wereda</code>,1,0.0005525
218,werede,<code>werede</code>,1,0.0005525
218,werige,<code>werige</code>,1,0.0005525
218,wesan,<code>wesan</code>,1,0.0005525
218,wihta,<code>wihta</code>,1,0.0005525
218,willan,<code>willan</code>,1,0.0005525
218,wille,<code>wille</code>,1,0.0005525
218,winda,<code>winda</code>,1,0.0005525
218,winter,<code>winter</code>,1,0.0005525
218,wistum,<code>wistum</code>,1,0.0005525
218,wite,<code>wite</code>,1,0.0005525
218,witegan,<code>witegan</code>,1,0.0005525
218,wlacan,<code>wlacan</code>,1,0.0005525
218,wolcn,<code>wolcn</code>,1,0.0005525
218,woldon,<code>woldon</code>,1,0.0005525
218,wonge,<code>wonge</code>,1,0.0005525
218,wopas,<code>wopas</code>,1,0.0005525
218,wopes,<code>wopes</code>,1,0.0005525
218,worn,<code>worn</code>,1,0.0005525
218,wr&aelig;nnes,<code>wr&amp;ae;nnes</code>,1,0.0005525
218,wrecan,<code>wrecan</code>,1,0.0005525
218,wrecenda,<code>wrecenda</code>,1,0.0005525
218,wudubeamas,<code>wudubeamas</code>,1,0.0005525
218,wuldor,<code>wuldor</code>,1,0.0005525
218,wuldra&thorn;,<code>wuldra&amp;t;</code>,1,0.0005525
218,wunda,<code>wunda</code>,1,0.0005525
218,wur&eth;mynt,<code>wur&amp;d;mynt</code>,1,0.0005525
218,wurde,<code>wurde</code>,1,0.0005525
218,wyle,<code>wyle</code>,1,0.0005525
218,wylspringas,<code>wylspringas</code>,1,0.0005525
218,wynwyrta,<code>wynwyrta</code>,1,0.0005525
218,yfel,<code>yfel</code>,1,0.0005525
218,yfeles,<code>yfeles</code>,1,0.0005525
218,yld,<code>yld</code>,1,0.0005525
218,ymbhwyrft,<code>ymbhwyrft</code>,1,0.0005525
218,ymtrymma&eth;,<code>ymtrymma&amp;d;</code>,1,0.0005525
218,ypte,<code>ypte</code>,1,0.0005525
218,yrm&eth;,<code>yrm&amp;d;</code>,1,0.0005525
218,yrna&eth;,<code>yrna&amp;d;</code>,1,0.0005525
