A_Poetry,A22,A22_LPr_III_T01620.txt,145,120,207
RANK,HTML WORD,RAW WORD,COUNT,RELATIVE FREQUENCY
1,and,<code>and</code>,8,0.0386473
1,us,<code>us</code>,8,0.0386473
3,in,<code>in</code>,6,0.0289855
3,to,<code>to</code>,6,0.0289855
5,on,<code>on</code>,5,0.0241546
6,nu,<code>nu</code>,4,0.0193237
6,swa,<code>swa</code>,4,0.0193237
6,we,<code>we</code>,4,0.0193237
9,&eth;e,<code>&amp;d;e</code>,3,0.0144928
9,&thorn;&aelig;t,<code>&amp;t;&amp;ae;t</code>,3,0.0144928
9,&thorn;in,<code>&amp;t;in</code>,3,0.0144928
9,&thorn;u,<code>&amp;t;u</code>,3,0.0144928
9,crist,<code>crist</code>,3,0.0144928
9,drihten,<code>drihten</code>,3,0.0144928
9,ne,<code>ne</code>,3,0.0144928
9,wi&eth;,<code>wi&amp;d;</code>,3,0.0144928
17,&eth;a,<code>&amp;d;a</code>,2,0.0096618
17,&thorn;e,<code>&amp;t;e</code>,2,0.0096618
17,ferh&eth;locan,<code>ferh&amp;d;locan</code>,2,0.0096618
17,gumena,<code>gumena</code>,2,0.0096618
17,is,<code>is</code>,2,0.0096618
17,leahtras,<code>leahtras</code>,2,0.0096618
17,oft,<code>oft</code>,2,0.0096618
17,urum,<code>urum</code>,2,0.0096618
17,weor&eth;e,<code>weor&amp;d;e</code>,2,0.0096618
26,&aelig;lmihtigum,<code>&amp;ae;lmihtigum</code>,1,0.0048309
26,&eth;anc,<code>&amp;d;anc</code>,1,0.0048309
26,&eth;in,<code>&amp;d;in</code>,1,0.0048309
26,&eth;u,<code>&amp;d;u</code>,1,0.0048309
26,&thorn;&aelig;s,<code>&amp;t;&amp;ae;s</code>,1,0.0048309
26,&thorn;am,<code>&amp;t;am</code>,1,0.0048309
26,&thorn;enca&eth;,<code>&amp;t;enca&amp;d;</code>,1,0.0048309
26,&thorn;eoden,<code>&amp;t;eoden</code>,1,0.0048309
26,&thorn;inra,<code>&amp;t;inra</code>,1,0.0048309
26,&thorn;one,<code>&amp;t;one</code>,1,0.0048309
26,&thorn;urh,<code>&amp;t;urh</code>,1,0.0048309
26,&thorn;urhwunige,<code>&amp;t;urhwunige</code>,1,0.0048309
26,&thorn;y,<code>&amp;t;y</code>,1,0.0048309
26,a,<code>a</code>,1,0.0048309
26,abylgea&eth;,<code>abylgea&amp;d;</code>,1,0.0048309
26,agylta&eth;,<code>agylta&amp;d;</code>,1,0.0048309
26,alet,<code>alet</code>,1,0.0048309
26,alysdest,<code>alysdest</code>,1,0.0048309
26,arlease,<code>arlease</code>,1,0.0048309
26,bidde,<code>bidde</code>,1,0.0048309
26,cl&aelig;na,<code>cl&amp;ae;na</code>,1,0.0048309
26,costunge,<code>costunge</code>,1,0.0048309
26,cume,<code>cume</code>,1,0.0048309
26,cynnes,<code>cynnes</code>,1,0.0048309
26,d&aelig;ge,<code>d&amp;ae;ge</code>,1,0.0048309
26,dema,<code>dema</code>,1,0.0048309
26,eac,<code>eac</code>,1,0.0048309
26,ealra,<code>ealra</code>,1,0.0048309
26,eardunge,<code>eardunge</code>,1,0.0048309
26,earnunge,<code>earnunge</code>,1,0.0048309
26,eart,<code>eart</code>,1,0.0048309
26,ecan,<code>ecan</code>,1,0.0048309
26,engla,<code>engla</code>,1,0.0048309
26,eor&eth;an,<code>eor&amp;d;an</code>,1,0.0048309
26,eor&thorn;an,<code>eor&amp;t;an</code>,1,0.0048309
26,f&aelig;der,<code>f&amp;ae;der</code>,1,0.0048309
26,f&aelig;st,<code>f&amp;ae;st</code>,1,0.0048309
26,f&aelig;ste,<code>f&amp;ae;ste</code>,1,0.0048309
26,feonda,<code>feonda</code>,1,0.0048309
26,feondscipe,<code>feondscipe</code>,1,0.0048309
26,for,<code>for</code>,1,0.0048309
26,for&eth;,<code>for&amp;d;</code>,1,0.0048309
26,forgyf,<code>forgyf</code>,1,0.0048309
26,forl&aelig;ta&eth;,<code>forl&amp;ae;ta&amp;d;</code>,1,0.0048309
26,fram,<code>fram</code>,1,0.0048309
26,fremde,<code>fremde</code>,1,0.0048309
26,frofres,<code>frofres</code>,1,0.0048309
26,gefreo,<code>gefreo</code>,1,0.0048309
26,gehalgod,<code>gehalgod</code>,1,0.0048309
26,gehwylces,<code>gehwylces</code>,1,0.0048309
26,gel&aelig;sted,<code>gel&amp;ae;sted</code>,1,0.0048309
26,geleafa,<code>geleafa</code>,1,0.0048309
26,georne,<code>georne</code>,1,0.0048309
26,gesta&eth;elod,<code>gesta&amp;d;elod</code>,1,0.0048309
26,gewlitegod,<code>gewlitegod</code>,1,0.0048309
26,god,<code>god</code>,1,0.0048309
26,gode,<code>gode</code>,1,0.0048309
26,gyltas,<code>gyltas</code>,1,0.0048309
26,h&aelig;ftnyde,<code>h&amp;ae;ftnyde</code>,1,0.0048309
26,h&aelig;le,<code>h&amp;ae;le</code>,1,0.0048309
26,halig,<code>halig</code>,1,0.0048309
26,heahcyning,<code>heahcyning</code>,1,0.0048309
26,hellewites,<code>hellewites</code>,1,0.0048309
26,heofena,<code>heofena</code>,1,0.0048309
26,heofonum,<code>heofonum</code>,1,0.0048309
26,heofonwuldre,<code>heofonwuldre</code>,1,0.0048309
26,him,<code>him</code>,1,0.0048309
26,hlaf,<code>hlaf</code>,1,0.0048309
26,hluttor,<code>hluttor</code>,1,0.0048309
26,hygecr&aelig;ftum,<code>hygecr&amp;ae;ftum</code>,1,0.0048309
26,ic,<code>ic</code>,1,0.0048309
26,l&aelig;d,<code>l&amp;ae;d</code>,1,0.0048309
26,l&aelig;s,<code>l&amp;ae;s</code>,1,0.0048309
26,lices,<code>lices</code>,1,0.0048309
26,lifd&aelig;ge,<code>lifd&amp;ae;ge</code>,1,0.0048309
26,lifes,<code>lifes</code>,1,0.0048309
26,m&aelig;re,<code>m&amp;ae;re</code>,1,0.0048309
26,mand&aelig;da,<code>mand&amp;ae;da</code>,1,0.0048309
26,manna,<code>manna</code>,1,0.0048309
26,manncynnes,<code>manncynnes</code>,1,0.0048309
26,mannum,<code>mannum</code>,1,0.0048309
26,mid,<code>mid</code>,1,0.0048309
26,middaneard,<code>middaneard</code>,1,0.0048309
26,mihta,<code>mihta</code>,1,0.0048309
26,mihtum,<code>mihtum</code>,1,0.0048309
26,milde,<code>milde</code>,1,0.0048309
26,mildsa,<code>mildsa</code>,1,0.0048309
26,mildum,<code>mildum</code>,1,0.0048309
26,mode,<code>mode</code>,1,0.0048309
26,nama,<code>nama</code>,1,0.0048309
26,neriende,<code>neriende</code>,1,0.0048309
26,nerigende,<code>nerigende</code>,1,0.0048309
26,onsendest,<code>onsendest</code>,1,0.0048309
26,rice,<code>rice</code>,1,0.0048309
26,rices,<code>rices</code>,1,0.0048309
26,rihtwis,<code>rihtwis</code>,1,0.0048309
26,sawlum,<code>sawlum</code>,1,0.0048309
26,se,<code>se</code>,1,0.0048309
26,secga&eth;,<code>secga&amp;d;</code>,1,0.0048309
26,sigedrihten,<code>sigedrihten</code>,1,0.0048309
26,so&eth;,<code>so&amp;d;</code>,1,0.0048309
26,sorge,<code>sorge</code>,1,0.0048309
26,sy,<code>sy</code>,1,0.0048309
26,syle,<code>syle</code>,1,0.0048309
26,synna,<code>synna</code>,1,0.0048309
26,ure,<code>ure</code>,1,0.0048309
26,urne,<code>urne</code>,1,0.0048309
26,wealdend,<code>wealdend</code>,1,0.0048309
26,wean,<code>wean</code>,1,0.0048309
26,weard,<code>weard</code>,1,0.0048309
26,weor&eth;an,<code>weor&amp;d;an</code>,1,0.0048309
26,willa,<code>willa</code>,1,0.0048309
26,witan,<code>witan</code>,1,0.0048309
26,wite,<code>wite</code>,1,0.0048309
26,womd&aelig;de,<code>womd&amp;ae;de</code>,1,0.0048309
26,worulde,<code>worulde</code>,1,0.0048309
26,wuldor,<code>wuldor</code>,1,0.0048309
26,wunda,<code>wunda</code>,1,0.0048309
26,wynnum,<code>wynnum</code>,1,0.0048309
26,yfele,<code>yfele</code>,1,0.0048309
