A_Poetry,A24,A24_PsFr_T01640.txt,397,288,792
RANK,HTML WORD,RAW WORD,COUNT,RELATIVE FREQUENCY
1,and,<code>and</code>,37,0.0467172
2,me,<code>me</code>,32,0.0404040
3,drihten,<code>drihten</code>,27,0.0340909
4,on,<code>on</code>,22,0.0277778
5,&eth;e,<code>&amp;d;e</code>,15,0.0189394
5,min,<code>min</code>,15,0.0189394
7,ic,<code>ic</code>,13,0.0164141
8,us,<code>us</code>,11,0.0138889
9,&thorn;&aelig;t,<code>&amp;t;&amp;ae;t</code>,10,0.0126263
10,&eth;u,<code>&amp;d;u</code>,9,0.0113636
10,&thorn;e,<code>&amp;t;e</code>,9,0.0113636
12,&thorn;u,<code>&amp;t;u</code>,8,0.0101010
12,god,<code>god</code>,8,0.0101010
12,to,<code>to</code>,8,0.0101010
15,fram,<code>fram</code>,7,0.0088384
16,&thorn;in,<code>&amp;t;in</code>,6,0.0075758
16,ece,<code>ece</code>,6,0.0075758
16,ne,<code>ne</code>,6,0.0075758
16,nu,<code>nu</code>,6,0.0075758
16,swa,<code>swa</code>,6,0.0075758
21,&thorn;inum,<code>&amp;t;inum</code>,5,0.0063131
21,eac,<code>eac</code>,5,0.0063131
21,ealle,<code>ealle</code>,5,0.0063131
21,for&eth;on,<code>for&amp;d;on</code>,5,0.0063131
21,gehyr,<code>gehyr</code>,5,0.0063131
21,mine,<code>mine</code>,5,0.0063131
21,naman,<code>naman</code>,5,0.0063131
28,&eth;inre,<code>&amp;d;inre</code>,4,0.0050505
28,&thorn;ine,<code>&amp;t;ine</code>,4,0.0050505
28,&thorn;inne,<code>&amp;t;inne</code>,4,0.0050505
28,do,<code>do</code>,4,0.0050505
28,gebed,<code>gebed</code>,4,0.0050505
28,halig,<code>halig</code>,4,0.0050505
28,he,<code>he</code>,4,0.0050505
28,mode,<code>mode</code>,4,0.0050505
28,ofer,<code>ofer</code>,4,0.0050505
28,sawle,<code>sawle</code>,4,0.0050505
28,we,<code>we</code>,4,0.0050505
28,wese,<code>wese</code>,4,0.0050505
28,wi&eth;,<code>wi&amp;d;</code>,4,0.0050505
41,&aelig;fre,<code>&amp;ae;fre</code>,3,0.0037879
41,&aelig;ghw&aelig;r,<code>&amp;ae;ghw&amp;ae;r</code>,3,0.0037879
41,&aelig;r,<code>&amp;ae;r</code>,3,0.0037879
41,&aelig;t,<code>&amp;ae;t</code>,3,0.0037879
41,&eth;in,<code>&amp;d;in</code>,3,0.0037879
41,eart,<code>eart</code>,3,0.0037879
41,gehweorf,<code>gehweorf</code>,3,0.0037879
41,georne,<code>georne</code>,3,0.0037879
41,gerece,<code>gerece</code>,3,0.0037879
41,huru,<code>huru</code>,3,0.0037879
41,m&aelig;gne,<code>m&amp;ae;gne</code>,3,0.0037879
41,mid,<code>mid</code>,3,0.0037879
41,mihtig,<code>mihtig</code>,3,0.0037879
41,ricene,<code>ricene</code>,3,0.0037879
41,swylce,<code>swylce</code>,3,0.0037879
41,sy,<code>sy</code>,3,0.0037879
41,sy&eth;&eth;an,<code>sy&amp;d;&amp;d;an</code>,3,0.0037879
41,wes,<code>wes</code>,3,0.0037879
59,&eth;inra,<code>&amp;d;inra</code>,2,0.0025253
59,&eth;inum,<code>&amp;d;inum</code>,2,0.0025253
59,&thorn;&aelig;re,<code>&amp;t;&amp;ae;re</code>,2,0.0025253
59,&thorn;a,<code>&amp;t;a</code>,2,0.0025253
59,&thorn;inre,<code>&amp;t;inre</code>,2,0.0025253
59,&thorn;one,<code>&amp;t;one</code>,2,0.0025253
59,&thorn;onne,<code>&amp;t;onne</code>,2,0.0025253
59,ahrede,<code>ahrede</code>,2,0.0025253
59,alys,<code>alys</code>,2,0.0025253
59,ansyne,<code>ansyne</code>,2,0.0025253
59,becume,<code>becume</code>,2,0.0025253
59,beheald,<code>beheald</code>,2,0.0025253
59,d&aelig;dum,<code>d&amp;ae;dum</code>,2,0.0025253
59,d&aelig;g,<code>d&amp;ae;g</code>,2,0.0025253
59,dyde,<code>dyde</code>,2,0.0025253
59,dydest,<code>dydest</code>,2,0.0025253
59,ealdor,<code>ealdor</code>,2,0.0025253
59,eall,<code>eall</code>,2,0.0025253
59,ealra,<code>ealra</code>,2,0.0025253
59,feonda,<code>feonda</code>,2,0.0025253
59,feondum,<code>feondum</code>,2,0.0025253
59,fultum,<code>fultum</code>,2,0.0025253
59,gast,<code>gast</code>,2,0.0025253
59,gehwylce,<code>gehwylce</code>,2,0.0025253
59,gel&aelig;r,<code>gel&amp;ae;r</code>,2,0.0025253
59,gemyndig,<code>gemyndig</code>,2,0.0025253
59,genere,<code>genere</code>,2,0.0025253
59,h&aelig;lend,<code>h&amp;ae;lend</code>,2,0.0025253
59,halgan,<code>halgan</code>,2,0.0025253
59,halne,<code>halne</code>,2,0.0025253
59,her,<code>her</code>,2,0.0025253
59,hit,<code>hit</code>,2,0.0025253
59,holdum,<code>holdum</code>,2,0.0025253
59,hra&eth;e,<code>hra&amp;d;e</code>,2,0.0025253
59,la&eth;um,<code>la&amp;d;um</code>,2,0.0025253
59,lustum,<code>lustum</code>,2,0.0025253
59,mildheortnysse,<code>mildheortnysse</code>,2,0.0025253
59,miltsa,<code>miltsa</code>,2,0.0025253
59,minra,<code>minra</code>,2,0.0025253
59,minre,<code>minre</code>,2,0.0025253
59,morgena,<code>morgena</code>,2,0.0025253
59,of,<code>of</code>,2,0.0025253
59,syle,<code>syle</code>,2,0.0025253
59,sylfne,<code>sylfne</code>,2,0.0025253
59,syndon,<code>syndon</code>,2,0.0025253
59,unriht,<code>unriht</code>,2,0.0025253
59,w&aelig;ron,<code>w&amp;ae;ron</code>,2,0.0025253
59,wel,<code>wel</code>,2,0.0025253
59,willan,<code>willan</code>,2,0.0025253
59,wilt,<code>wilt</code>,2,0.0025253
59,wuldres,<code>wuldres</code>,2,0.0025253
110,&aelig;&thorn;ele,<code>&amp;ae;&amp;t;ele</code>,1,0.0012626
110,&aelig;fter,<code>&amp;ae;fter</code>,1,0.0012626
110,&aelig;nig,<code>&amp;ae;nig</code>,1,0.0012626
110,&aelig;teow,<code>&amp;ae;teow</code>,1,0.0012626
110,&eth;ine,<code>&amp;d;ine</code>,1,0.0012626
110,&eth;inne,<code>&amp;d;inne</code>,1,0.0012626
110,&eth;isse,<code>&amp;d;isse</code>,1,0.0012626
110,&thorn;&aelig;s,<code>&amp;t;&amp;ae;s</code>,1,0.0012626
110,&thorn;am,<code>&amp;t;am</code>,1,0.0012626
110,&thorn;as,<code>&amp;t;as</code>,1,0.0012626
110,&thorn;eoda,<code>&amp;t;eoda</code>,1,0.0012626
110,&thorn;inra,<code>&amp;t;inra</code>,1,0.0012626
110,&thorn;urh,<code>&amp;t;urh</code>,1,0.0012626
110,a,<code>a</code>,1,0.0012626
110,aber,<code>aber</code>,1,0.0012626
110,adle,<code>adle</code>,1,0.0012626
110,adw&aelig;sc,<code>adw&amp;ae;sc</code>,1,0.0012626
110,afeoht,<code>afeoht</code>,1,0.0012626
110,agen,<code>agen</code>,1,0.0012626
110,agylde,<code>agylde</code>,1,0.0012626
110,ahefe,<code>ahefe</code>,1,0.0012626
110,alysde,<code>alysde</code>,1,0.0012626
110,andwlitan,<code>andwlitan</code>,1,0.0012626
110,aris,<code>aris</code>,1,0.0012626
110,awend,<code>awend</code>,1,0.0012626
110,awyrp,<code>awyrp</code>,1,0.0012626
110,b&aelig;rna&eth;,<code>b&amp;ae;rna&amp;d;</code>,1,0.0012626
110,bealde,<code>bealde</code>,1,0.0012626
110,bealuwe,<code>bealuwe</code>,1,0.0012626
110,bearn,<code>bearn</code>,1,0.0012626
110,beboda,<code>beboda</code>,1,0.0012626
110,beluc,<code>beluc</code>,1,0.0012626
110,beo&eth;,<code>beo&amp;d;</code>,1,0.0012626
110,beorhtnys,<code>beorhtnys</code>,1,0.0012626
110,beorhtra,<code>beorhtra</code>,1,0.0012626
110,bi&eth;,<code>bi&amp;d;</code>,1,0.0012626
110,bletsa,<code>bletsa</code>,1,0.0012626
110,bletsige,<code>bletsige</code>,1,0.0012626
110,bli&eth;an,<code>bli&amp;d;an</code>,1,0.0012626
110,bli&eth;e,<code>bli&amp;d;e</code>,1,0.0012626
110,bli&eth;um,<code>bli&amp;d;um</code>,1,0.0012626
110,blisse,<code>blisse</code>,1,0.0012626
110,blodhreowes,<code>blodhreowes</code>,1,0.0012626
110,cigen,<code>cigen</code>,1,0.0012626
110,cl&aelig;ne,<code>cl&amp;ae;ne</code>,1,0.0012626
110,clypode,<code>clypode</code>,1,0.0012626
110,clypunga,<code>clypunga</code>,1,0.0012626
110,cu&eth;um,<code>cu&amp;d;um</code>,1,0.0012626
110,cwe&eth;e,<code>cwe&amp;d;e</code>,1,0.0012626
110,cyng,<code>cyng</code>,1,0.0012626
110,cyning,<code>cyning</code>,1,0.0012626
110,d&aelig;ge,<code>d&amp;ae;ge</code>,1,0.0012626
110,daga,<code>daga</code>,1,0.0012626
110,dagas,<code>dagas</code>,1,0.0012626
110,dem,<code>dem</code>,1,0.0012626
110,deore,<code>deore</code>,1,0.0012626
110,deredon,<code>deredon</code>,1,0.0012626
110,domas,<code>domas</code>,1,0.0012626
110,drihtnes,<code>drihtnes</code>,1,0.0012626
110,dysige,<code>dysige</code>,1,0.0012626
110,ea&eth;bene,<code>ea&amp;d;bene</code>,1,0.0012626
110,eagum,<code>eagum</code>,1,0.0012626
110,eal,<code>eal</code>,1,0.0012626
110,ealdorlice,<code>ealdorlice</code>,1,0.0012626
110,eallum,<code>eallum</code>,1,0.0012626
110,ealne,<code>ealne</code>,1,0.0012626
110,earne,<code>earne</code>,1,0.0012626
110,earum,<code>earum</code>,1,0.0012626
110,ecan,<code>ecan</code>,1,0.0012626
110,edniwe,<code>edniwe</code>,1,0.0012626
110,ehtend,<code>ehtend</code>,1,0.0012626
110,elne,<code>elne</code>,1,0.0012626
110,eor&eth;an,<code>eor&amp;d;an</code>,1,0.0012626
110,esne,<code>esne</code>,1,0.0012626
110,f&aelig;gere,<code>f&amp;ae;gere</code>,1,0.0012626
110,f&aelig;lne,<code>f&amp;ae;lne</code>,1,0.0012626
110,f&aelig;ringa,<code>f&amp;ae;ringa</code>,1,0.0012626
110,feohta&eth;,<code>feohta&amp;d;</code>,1,0.0012626
110,feor,<code>feor</code>,1,0.0012626
110,feore,<code>feore</code>,1,0.0012626
110,feorh&thorn;earfe,<code>feorh&amp;t;earfe</code>,1,0.0012626
110,firene,<code>firene</code>,1,0.0012626
110,folc,<code>folc</code>,1,0.0012626
110,foldum,<code>foldum</code>,1,0.0012626
110,for,<code>for</code>,1,0.0012626
110,for&eth;,<code>for&amp;d;</code>,1,0.0012626
110,fore,<code>fore</code>,1,0.0012626
110,forgeat,<code>forgeat</code>,1,0.0012626
110,forwur&eth;an,<code>forwur&amp;d;an</code>,1,0.0012626
110,forwyrde,<code>forwyrde</code>,1,0.0012626
110,fr&aelig;cnum,<code>fr&amp;ae;cnum</code>,1,0.0012626
110,fremde,<code>fremde</code>,1,0.0012626
110,fremede,<code>fremede</code>,1,0.0012626
110,fuhtan,<code>fuhtan</code>,1,0.0012626
110,full,<code>full</code>,1,0.0012626
110,fultume,<code>fultume</code>,1,0.0012626
110,fultumia&eth;,<code>fultumia&amp;d;</code>,1,0.0012626
110,fylde,<code>fylde</code>,1,0.0012626
110,fyrena,<code>fyrena</code>,1,0.0012626
110,fyrenum,<code>fyrenum</code>,1,0.0012626
110,fyrmest,<code>fyrmest</code>,1,0.0012626
110,gar,<code>gar</code>,1,0.0012626
110,gaste,<code>gaste</code>,1,0.0012626
110,gebidde,<code>gebidde</code>,1,0.0012626
110,gebletsa,<code>gebletsa</code>,1,0.0012626
110,gedefe,<code>gedefe</code>,1,0.0012626
110,gedo,<code>gedo</code>,1,0.0012626
110,gedwelede,<code>gedwelede</code>,1,0.0012626
110,gefultuma,<code>gefultuma</code>,1,0.0012626
110,gefylled,<code>gefylled</code>,1,0.0012626
110,gegrip,<code>gegrip</code>,1,0.0012626
110,geh&aelig;lde,<code>geh&amp;ae;lde</code>,1,0.0012626
110,geh&aelig;le,<code>geh&amp;ae;le</code>,1,0.0012626
110,gehat,<code>gehat</code>,1,0.0012626
110,gehigde,<code>gehigde</code>,1,0.0012626
110,gehlyde,<code>gehlyde</code>,1,0.0012626
110,gelicost,<code>gelicost</code>,1,0.0012626
110,gemynega,<code>gemynega</code>,1,0.0012626
110,geneahhige,<code>geneahhige</code>,1,0.0012626
110,genihtsum,<code>genihtsum</code>,1,0.0012626
110,geniwa,<code>geniwa</code>,1,0.0012626
110,geogu&eth;e,<code>geogu&amp;d;e</code>,1,0.0012626
110,geong,<code>geong</code>,1,0.0012626
110,gereht,<code>gereht</code>,1,0.0012626
110,gereorde,<code>gereorde</code>,1,0.0012626
110,geseo,<code>geseo</code>,1,0.0012626
110,geseoh,<code>geseoh</code>,1,0.0012626
110,gesettest,<code>gesettest</code>,1,0.0012626
110,gesigef&aelig;ste,<code>gesigef&amp;ae;ste</code>,1,0.0012626
110,gesih&eth;e,<code>gesih&amp;d;e</code>,1,0.0012626
110,gestand,<code>gestand</code>,1,0.0012626
110,gestode,<code>gestode</code>,1,0.0012626
110,getryme,<code>getryme</code>,1,0.0012626
110,getrymede,<code>getrymede</code>,1,0.0012626
110,geworden,<code>geworden</code>,1,0.0012626
110,gife,<code>gife</code>,1,0.0012626
110,gifre,<code>gifre</code>,1,0.0012626
110,gleaw,<code>gleaw</code>,1,0.0012626
110,gleda,<code>gleda</code>,1,0.0012626
110,goda,<code>goda</code>,1,0.0012626
110,godan,<code>godan</code>,1,0.0012626
110,gode,<code>gode</code>,1,0.0012626
110,godes,<code>godes</code>,1,0.0012626
110,gramra,<code>gramra</code>,1,0.0012626
110,gryre,<code>gryre</code>,1,0.0012626
110,h&aelig;l,<code>h&amp;ae;l</code>,1,0.0012626
110,h&aelig;le,<code>h&amp;ae;le</code>,1,0.0012626
110,h&aelig;lu,<code>h&amp;ae;lu</code>,1,0.0012626
110,hal,<code>hal</code>,1,0.0012626
110,hale,<code>hale</code>,1,0.0012626
110,handgeweorc,<code>handgeweorc</code>,1,0.0012626
110,heah,<code>heah</code>,1,0.0012626
110,heald,<code>heald</code>,1,0.0012626
110,hefiges,<code>hefiges</code>,1,0.0012626
110,heo,<code>heo</code>,1,0.0012626
110,heofones,<code>heofones</code>,1,0.0012626
110,heonon,<code>heonon</code>,1,0.0012626
110,heora,<code>heora</code>,1,0.0012626
110,heortan,<code>heortan</code>,1,0.0012626
110,here&eth;,<code>here&amp;d;</code>,1,0.0012626
110,herew&aelig;pnum,<code>herew&amp;ae;pnum</code>,1,0.0012626
110,herian,<code>herian</code>,1,0.0012626
110,hi,<code>hi</code>,1,0.0012626
110,hiht,<code>hiht</code>,1,0.0012626
110,hire,<code>hire</code>,1,0.0012626
110,his,<code>his</code>,1,0.0012626
110,hold,<code>hold</code>,1,0.0012626
110,holde,<code>holde</code>,1,0.0012626
110,hreowe&eth;,<code>hreowe&amp;d;</code>,1,0.0012626
110,hw&aelig;thwygu,<code>hw&amp;ae;thwygu</code>,1,0.0012626
110,inneran,<code>inneran</code>,1,0.0012626
110,la,<code>la</code>,1,0.0012626
110,leof,<code>leof</code>,1,0.0012626
110,leofa&eth;,<code>leofa&amp;d;</code>,1,0.0012626
110,leofe,<code>leofe</code>,1,0.0012626
110,lif,<code>lif</code>,1,0.0012626
110,lifigen,<code>lifigen</code>,1,0.0012626
110,lof,<code>lof</code>,1,0.0012626
110,lufia&eth;,<code>lufia&amp;d;</code>,1,0.0012626
110,lungre,<code>lungre</code>,1,0.0012626
110,lyfige,<code>lyfige</code>,1,0.0012626
110,m&aelig;ge,<code>m&amp;ae;ge</code>,1,0.0012626
110,m&aelig;gen,<code>m&amp;ae;gen</code>,1,0.0012626
110,m&aelig;gene,<code>m&amp;ae;gene</code>,1,0.0012626
110,m&aelig;gna,<code>m&amp;ae;gna</code>,1,0.0012626
110,m&aelig;re,<code>m&amp;ae;re</code>,1,0.0012626
110,m&aelig;rsian,<code>m&amp;ae;rsian</code>,1,0.0012626
110,m&aelig;st,<code>m&amp;ae;st</code>,1,0.0012626
110,mand&aelig;dum,<code>mand&amp;ae;dum</code>,1,0.0012626
110,manegum,<code>manegum</code>,1,0.0012626
110,men,<code>men</code>,1,0.0012626
110,milde,<code>milde</code>,1,0.0012626
110,mildheorte,<code>mildheorte</code>,1,0.0012626
110,mildheortnys,<code>mildheortnys</code>,1,0.0012626
110,mildsa,<code>mildsa</code>,1,0.0012626
110,mildse,<code>mildse</code>,1,0.0012626
110,miltsade,<code>miltsade</code>,1,0.0012626
110,mines,<code>mines</code>,1,0.0012626
110,minum,<code>minum</code>,1,0.0012626
110,mod,<code>mod</code>,1,0.0012626
110,modgehygde,<code>modgehygde</code>,1,0.0012626
110,morgen,<code>morgen</code>,1,0.0012626
110,mu&eth;,<code>mu&amp;d;</code>,1,0.0012626
110,mycelan,<code>mycelan</code>,1,0.0012626
110,myclan,<code>myclan</code>,1,0.0012626
110,nahtfremmendra,<code>nahtfremmendra</code>,1,0.0012626
110,neode,<code>neode</code>,1,0.0012626
110,ni&eth;e,<code>ni&amp;d;e</code>,1,0.0012626
110,ni&eth;es,<code>ni&amp;d;es</code>,1,0.0012626
110,ni&thorn;e,<code>ni&amp;t;e</code>,1,0.0012626
110,nyde,<code>nyde</code>,1,0.0012626
110,nym&thorn;e,<code>nym&amp;t;e</code>,1,0.0012626
110,o&eth;&eth;e,<code>o&amp;d;&amp;d;e</code>,1,0.0012626
110,ofergeotul,<code>ofergeotul</code>,1,0.0012626
110,oncyrre,<code>oncyrre</code>,1,0.0012626
110,onfoh,<code>onfoh</code>,1,0.0012626
110,ongyt,<code>ongyt</code>,1,0.0012626
110,onweg,<code>onweg</code>,1,0.0012626
110,r&aelig;d,<code>r&amp;ae;d</code>,1,0.0012626
110,r&aelig;de,<code>r&amp;ae;de</code>,1,0.0012626
110,reccend,<code>reccend</code>,1,0.0012626
110,rece,<code>rece</code>,1,0.0012626
110,recels,<code>recels</code>,1,0.0012626
110,riht,<code>riht</code>,1,0.0012626
110,rihtne,<code>rihtne</code>,1,0.0012626
110,risan,<code>risan</code>,1,0.0012626
110,s&aelig;,<code>s&amp;ae;</code>,1,0.0012626
110,s&aelig;ge,<code>s&amp;ae;ge</code>,1,0.0012626
110,sawul,<code>sawul</code>,1,0.0012626
110,scealcas,<code>scealcas</code>,1,0.0012626
110,scealcum,<code>scealcum</code>,1,0.0012626
110,sceap,<code>sceap</code>,1,0.0012626
110,scyld,<code>scyld</code>,1,0.0012626
110,se,<code>se</code>,1,0.0012626
110,sec,<code>sec</code>,1,0.0012626
110,sib,<code>sib</code>,1,0.0012626
110,simble,<code>simble</code>,1,0.0012626
110,singan,<code>singan</code>,1,0.0012626
110,singe,<code>singe</code>,1,0.0012626
110,so&eth;e,<code>so&amp;d;e</code>,1,0.0012626
110,so&eth;f&aelig;st,<code>so&amp;d;f&amp;ae;st</code>,1,0.0012626
110,so&eth;f&aelig;stnysse,<code>so&amp;d;f&amp;ae;stnysse</code>,1,0.0012626
110,so&eth;re,<code>so&amp;d;re</code>,1,0.0012626
110,so&eth;um,<code>so&amp;d;um</code>,1,0.0012626
110,stande,<code>stande</code>,1,0.0012626
110,stapas,<code>stapas</code>,1,0.0012626
110,stefne,<code>stefne</code>,1,0.0012626
110,stiga,<code>stiga</code>,1,0.0012626
110,sw&aelig;sum,<code>sw&amp;ae;sum</code>,1,0.0012626
110,sylfes,<code>sylfes</code>,1,0.0012626
110,symble,<code>symble</code>,1,0.0012626
110,symle,<code>symle</code>,1,0.0012626
110,tidum,<code>tidum</code>,1,0.0012626
110,torrum,<code>torrum</code>,1,0.0012626
110,uncu&eth;e,<code>uncu&amp;d;e</code>,1,0.0012626
110,unholdum,<code>unholdum</code>,1,0.0012626
110,unrihtes,<code>unrihtes</code>,1,0.0012626
110,ure,<code>ure</code>,1,0.0012626
110,ures,<code>ures</code>,1,0.0012626
110,usic,<code>usic</code>,1,0.0012626
110,utan,<code>utan</code>,1,0.0012626
110,wat,<code>wat</code>,1,0.0012626
110,weard,<code>weard</code>,1,0.0012626
110,wegas,<code>wegas</code>,1,0.0012626
110,wena&eth;,<code>wena&amp;d;</code>,1,0.0012626
110,weor&eth;,<code>weor&amp;d;</code>,1,0.0012626
110,weor&eth;an,<code>weor&amp;d;an</code>,1,0.0012626
110,weorc,<code>weorc</code>,1,0.0012626
110,weres,<code>weres</code>,1,0.0012626
110,weroda,<code>weroda</code>,1,0.0012626
110,wide,<code>wide</code>,1,0.0012626
110,wige,<code>wige</code>,1,0.0012626
110,willa&eth;,<code>willa&amp;d;</code>,1,0.0012626
110,wise,<code>wise</code>,1,0.0012626
110,wislice,<code>wislice</code>,1,0.0012626
110,wolde,<code>wolde</code>,1,0.0012626
110,word,<code>word</code>,1,0.0012626
110,woruld,<code>woruld</code>,1,0.0012626
110,worulde,<code>worulde</code>,1,0.0012626
110,wra&eth;um,<code>wra&amp;d;um</code>,1,0.0012626
110,wuldor,<code>wuldor</code>,1,0.0012626
110,wunia&eth;,<code>wunia&amp;d;</code>,1,0.0012626
110,wynnum,<code>wynnum</code>,1,0.0012626
110,wyr&eth;e,<code>wyr&amp;d;e</code>,1,0.0012626
110,wyrcea&eth;,<code>wyrcea&amp;d;</code>,1,0.0012626
110,yfelum,<code>yfelum</code>,1,0.0012626
110,yrfe,<code>yrfe</code>,1,0.0012626
110,yrre,<code>yrre</code>,1,0.0012626
