A_Poetry,A25,A25_KtHy_T01650.txt,170,148,232
RANK,HTML WORD,RAW WORD,COUNT,RELATIVE FREQUENCY
1,and,<code>and</code>,15,0.0646552
2,&eth;u,<code>&amp;d;u</code>,13,0.0560345
3,on,<code>on</code>,9,0.0387931
4,eart,<code>eart</code>,5,0.0215517
5,&eth;e,<code>&amp;d;e</code>,4,0.0172414
5,dryhten,<code>dryhten</code>,4,0.0172414
7,&eth;a,<code>&amp;d;a</code>,3,0.0129310
7,god,<code>god</code>,3,0.0129310
9,&eth;&aelig;t,<code>&amp;d;&amp;ae;t</code>,2,0.0086207
9,&eth;ines,<code>&amp;d;ines</code>,2,0.0086207
9,ana,<code>ana</code>,2,0.0086207
9,bearn,<code>bearn</code>,2,0.0086207
9,ealle,<code>ealle</code>,2,0.0086207
9,eor&eth;an,<code>eor&amp;d;an</code>,2,0.0086207
9,f&aelig;der,<code>f&amp;ae;der</code>,2,0.0086207
9,f&#275;der,<code>f&amp;e;der</code>,2,0.0086207
9,for,<code>for</code>,2,0.0086207
9,gastes,<code>gastes</code>,2,0.0086207
9,gesc&#275;ft,<code>gesc&amp;e;ft</code>,2,0.0086207
9,halige,<code>halige</code>,2,0.0086207
9,manna,<code>manna</code>,2,0.0086207
9,simle,<code>simle</code>,2,0.0086207
23,&aelig;&eth;elan,<code>&amp;ae;&amp;d;elan</code>,1,0.0043103
23,&aelig;ce,<code>&amp;ae;ce</code>,1,0.0043103
23,&aelig;lmehtig,<code>&amp;ae;lmehtig</code>,1,0.0043103
23,&aelig;nglum,<code>&amp;ae;nglum</code>,1,0.0043103
23,&aelig;t,<code>&amp;ae;t</code>,1,0.0043103
23,&eth;&aelig;re,<code>&amp;d;&amp;ae;re</code>,1,0.0043103
23,&eth;ine,<code>&amp;d;ine</code>,1,0.0043103
23,&eth;inra,<code>&amp;d;inra</code>,1,0.0043103
23,&eth;inre,<code>&amp;d;inre</code>,1,0.0043103
23,&eth;inum,<code>&amp;d;inum</code>,1,0.0043103
23,&eth;rinesse,<code>&amp;d;rinesse</code>,1,0.0043103
23,&eth;riostre,<code>&amp;d;riostre</code>,1,0.0043103
23,&eth;rowunga,<code>&amp;d;rowunga</code>,1,0.0043103
23,&eth;rymme,<code>&amp;d;rymme</code>,1,0.0043103
23,&eth;urh,<code>&amp;d;urh</code>,1,0.0043103
23,&thorn;&aelig;t,<code>&amp;t;&amp;ae;t</code>,1,0.0043103
23,&thorn;ancia&eth;,<code>&amp;t;ancia&amp;d;</code>,1,0.0043103
23,&thorn;e,<code>&amp;t;e</code>,1,0.0043103
23,&thorn;inre,<code>&amp;t;inre</code>,1,0.0043103
23,&thorn;ioda,<code>&amp;t;ioda</code>,1,0.0043103
23,agend,<code>agend</code>,1,0.0043103
23,agenum,<code>agenum</code>,1,0.0043103
23,ahofe,<code>ahofe</code>,1,0.0043103
23,ales,<code>ales</code>,1,0.0043103
23,an,<code>an</code>,1,0.0043103
23,angla,<code>angla</code>,1,0.0043103
23,annesse,<code>annesse</code>,1,0.0043103
23,are,<code>are</code>,1,0.0043103
23,arf&#275;stnesse,<code>arf&amp;e;stnesse</code>,1,0.0043103
23,bilewit,<code>bilewit</code>,1,0.0043103
23,bist,<code>bist</code>,1,0.0043103
23,bl&aelig;tsia&eth;,<code>bl&amp;ae;tsia&amp;d;</code>,1,0.0043103
23,blode,<code>blode</code>,1,0.0043103
23,ceastre,<code>ceastre</code>,1,0.0043103
23,crist,<code>crist</code>,1,0.0043103
23,cwicera,<code>cwicera</code>,1,0.0043103
23,cwucra,<code>cwucra</code>,1,0.0043103
23,cyninga,<code>cyninga</code>,1,0.0043103
23,cyningc,<code>cyningc</code>,1,0.0043103
23,cynne,<code>cynne</code>,1,0.0043103
23,deadra,<code>deadra</code>,1,0.0043103
23,dema,<code>dema</code>,1,0.0043103
23,dreamum,<code>dreamum</code>,1,0.0043103
23,ealles,<code>ealles</code>,1,0.0043103
23,eallra,<code>eallra</code>,1,0.0043103
23,ece,<code>ece</code>,1,0.0043103
23,efeneadig,<code>efeneadig</code>,1,0.0043103
23,fegere,<code>fegere</code>,1,0.0043103
23,fiond,<code>fiond</code>,1,0.0043103
23,folca,<code>folca</code>,1,0.0043103
23,follc,<code>follc</code>,1,0.0043103
23,for&eth;an,<code>for&amp;d;an</code>,1,0.0043103
23,frea,<code>frea</code>,1,0.0043103
23,fruman,<code>fruman</code>,1,0.0043103
23,gasta,<code>gasta</code>,1,0.0043103
23,ge,<code>ge</code>,1,0.0043103
23,gebohtest,<code>gebohtest</code>,1,0.0043103
23,gedo,<code>gedo</code>,1,0.0043103
23,gefelled,<code>gefelled</code>,1,0.0043103
23,gefl&aelig;mdest,<code>gefl&amp;ae;mdest</code>,1,0.0043103
23,gehw&aelig;s,<code>gehw&amp;ae;s</code>,1,0.0043103
23,gehwilces,<code>gehwilces</code>,1,0.0043103
23,gehwilcum,<code>gehwilcum</code>,1,0.0043103
23,gemyndig,<code>gemyndig</code>,1,0.0043103
23,generedes,<code>generedes</code>,1,0.0043103
23,gerena,<code>gerena</code>,1,0.0043103
23,gewealdum,<code>gewealdum</code>,1,0.0043103
23,godf&aelig;der,<code>godf&amp;ae;der</code>,1,0.0043103
23,goodes,<code>goodes</code>,1,0.0043103
23,gumena,<code>gumena</code>,1,0.0043103
23,h&aelig;ahsetle,<code>h&amp;ae;ahsetle</code>,1,0.0043103
23,h&#275;lend,<code>h&amp;e;lend</code>,1,0.0043103
23,hafest,<code>hafest</code>,1,0.0043103
23,hale,<code>hale</code>,1,0.0043103
23,halgan,<code>halgan</code>,1,0.0043103
23,halgum,<code>halgum</code>,1,0.0043103
23,halig,<code>halig</code>,1,0.0043103
23,haliges,<code>haliges</code>,1,0.0043103
23,hand,<code>hand</code>,1,0.0043103
23,heafena,<code>heafena</code>,1,0.0043103
23,heahcyninc,<code>heahcyninc</code>,1,0.0043103
23,hele&eth;a,<code>hele&amp;d;a</code>,1,0.0043103
23,heofenlic,<code>heofenlic</code>,1,0.0043103
23,heria&eth;,<code>heria&amp;d;</code>,1,0.0043103
23,him,<code>him</code>,1,0.0043103
23,hiofen,<code>hiofen</code>,1,0.0043103
23,hiofena,<code>hiofena</code>,1,0.0043103
23,hiofenrices,<code>hiofenrices</code>,1,0.0043103
23,hlio&eth;orcwidum,<code>hlio&amp;d;orcwidum</code>,1,0.0043103
23,in,<code>in</code>,1,0.0043103
23,israela,<code>israela</code>,1,0.0043103
23,lamb,<code>lamb</code>,1,0.0043103
23,leahtrum,<code>leahtrum</code>,1,0.0043103
23,lif&#275;s,<code>lif&amp;e;s</code>,1,0.0043103
23,liofan,<code>liofan</code>,1,0.0043103
23,liofwendum,<code>liofwendum</code>,1,0.0043103
23,lioht,<code>lioht</code>,1,0.0043103
23,lufian,<code>lufian</code>,1,0.0043103
23,m&aelig;gena,<code>m&amp;ae;gena</code>,1,0.0043103
23,m&aelig;htum,<code>m&amp;ae;htum</code>,1,0.0043103
23,manscilde,<code>manscilde</code>,1,0.0043103
23,meahtig,<code>meahtig</code>,1,0.0043103
23,miclan,<code>miclan</code>,1,0.0043103
23,mid,<code>mid</code>,1,0.0043103
23,middangeardes,<code>middangeardes</code>,1,0.0043103
23,mildsa,<code>mildsa</code>,1,0.0043103
23,naman,<code>naman</code>,1,0.0043103
23,nergend,<code>nergend</code>,1,0.0043103
23,nergende,<code>nergende</code>,1,0.0043103
23,ni&eth;a,<code>ni&amp;d;a</code>,1,0.0043103
23,nu,<code>nu</code>,1,0.0043103
23,of,<code>of</code>,1,0.0043103
23,ofer,<code>ofer</code>,1,0.0043103
23,rices,<code>rices</code>,1,0.0043103
23,ricsast,<code>ricsast</code>,1,0.0043103
23,sceppend,<code>sceppend</code>,1,0.0043103
23,senna,<code>senna</code>,1,0.0043103
23,sibb,<code>sibb</code>,1,0.0043103
23,sigef&#275;st,<code>sigef&amp;e;st</code>,1,0.0043103
23,sigefest,<code>sigefest</code>,1,0.0043103
23,sigehr&aelig;mig,<code>sigehr&amp;ae;mig</code>,1,0.0043103
23,sio,<code>sio</code>,1,0.0043103
23,sitest,<code>sitest</code>,1,0.0043103
23,so&eth;,<code>so&amp;d;</code>,1,0.0043103
23,so&eth;lice,<code>so&amp;d;lice</code>,1,0.0043103
23,stefnum,<code>stefnum</code>,1,0.0043103
23,sunu,<code>sunu</code>,1,0.0043103
23,swa,<code>swa</code>,1,0.0043103
23,swi&eth;ran,<code>swi&amp;d;ran</code>,1,0.0043103
23,towurpe,<code>towurpe</code>,1,0.0043103
23,triow,<code>triow</code>,1,0.0043103
23,uppe,<code>uppe</code>,1,0.0043103
23,upplican,<code>upplican</code>,1,0.0043103
23,us,<code>us</code>,1,0.0043103
23,w&aelig;re,<code>w&amp;ae;re</code>,1,0.0043103
23,walden,<code>walden</code>,1,0.0043103
23,waldend,<code>waldend</code>,1,0.0043103
23,we,<code>we</code>,1,0.0043103
23,weard,<code>weard</code>,1,0.0043103
23,weor&eth;lican,<code>weor&amp;d;lican</code>,1,0.0043103
23,weorada,<code>weorada</code>,1,0.0043103
23,willan,<code>willan</code>,1,0.0043103
23,wuldor,<code>wuldor</code>,1,0.0043103
23,wuldordreames,<code>wuldordreames</code>,1,0.0043103
23,wuldre,<code>wuldre</code>,1,0.0043103
23,wuldrian,<code>wuldrian</code>,1,0.0043103
23,wunast,<code>wunast</code>,1,0.0043103
23,wuton,<code>wuton</code>,1,0.0043103
