A_Poetry,A26,A26_KtPs_T01660.txt,473,349,846
RANK,HTML WORD,RAW WORD,COUNT,RELATIVE FREQUENCY
1,and,<code>and</code>,25,0.0295508
2,&eth;u,<code>&amp;d;u</code>,17,0.0200946
3,me,<code>me</code>,16,0.0189125
4,to,<code>to</code>,15,0.0177305
5,ic,<code>ic</code>,14,0.0165485
6,&eth;e,<code>&amp;d;e</code>,13,0.0153664
6,god,<code>god</code>,13,0.0153664
8,&eth;&aelig;t,<code>&amp;d;&amp;ae;t</code>,10,0.0118203
8,on,<code>on</code>,10,0.0118203
10,min,<code>min</code>,9,0.0106383
11,eac,<code>eac</code>,7,0.0082742
11,fram,<code>fram</code>,7,0.0082742
11,nu,<code>nu</code>,7,0.0082742
14,&eth;a,<code>&amp;d;a</code>,6,0.0070922
14,&thorn;&aelig;t,<code>&amp;t;&amp;ae;t</code>,6,0.0070922
14,dryhten,<code>dryhten</code>,6,0.0070922
14,he,<code>he</code>,6,0.0070922
14,in,<code>in</code>,6,0.0070922
14,ne,<code>ne</code>,6,0.0070922
14,selfa,<code>selfa</code>,6,0.0070922
14,w&aelig;s,<code>w&amp;ae;s</code>,6,0.0070922
22,&eth;ine,<code>&amp;d;ine</code>,5,0.0059102
22,&thorn;inre,<code>&amp;t;inre</code>,5,0.0059102
22,an,<code>an</code>,5,0.0059102
22,dryhtne,<code>dryhtne</code>,5,0.0059102
22,mid,<code>mid</code>,5,0.0059102
27,&thorn;a,<code>&amp;t;a</code>,4,0.0047281
27,&thorn;inra,<code>&amp;t;inra</code>,4,0.0047281
27,aldor,<code>aldor</code>,4,0.0047281
27,crist,<code>crist</code>,4,0.0047281
27,dauid,<code>dauid</code>,4,0.0047281
27,dominus,<code>dominus</code>,4,0.0047281
27,forgef,<code>forgef</code>,4,0.0047281
27,gastes,<code>gastes</code>,4,0.0047281
27,him,<code>him</code>,4,0.0047281
27,his,<code>his</code>,4,0.0047281
27,hord,<code>hord</code>,4,0.0047281
27,lufan,<code>lufan</code>,4,0.0047281
27,saula,<code>saula</code>,4,0.0047281
27,simle,<code>simle</code>,4,0.0047281
27,swa,<code>swa</code>,4,0.0047281
27,synna,<code>synna</code>,4,0.0047281
27,weoruda,<code>weoruda</code>,4,0.0047281
27,willan,<code>willan</code>,4,0.0047281
45,&aelig;t,<code>&amp;ae;t</code>,3,0.0035461
45,&eth;urh,<code>&amp;d;urh</code>,3,0.0035461
45,&thorn;e,<code>&amp;t;e</code>,3,0.0035461
45,&thorn;urh,<code>&amp;t;urh</code>,3,0.0035461
45,ac,<code>ac</code>,3,0.0035461
45,bli&eth;se,<code>bli&amp;d;se</code>,3,0.0035461
45,criste,<code>criste</code>,3,0.0035461
45,fer&eth;e,<code>fer&amp;d;e</code>,3,0.0035461
45,for,<code>for</code>,3,0.0035461
45,gast,<code>gast</code>,3,0.0035461
45,ge&eth;ohtas,<code>ge&amp;d;ohtas</code>,3,0.0035461
45,georne,<code>georne</code>,3,0.0035461
45,hio,<code>hio</code>,3,0.0035461
45,lifes,<code>lifes</code>,3,0.0035461
45,liohtes,<code>liohtes</code>,3,0.0035461
45,manna,<code>manna</code>,3,0.0035461
45,miltsa,<code>miltsa</code>,3,0.0035461
45,mote,<code>mote</code>,3,0.0035461
45,neriend,<code>neriend</code>,3,0.0035461
45,sceppend,<code>sceppend</code>,3,0.0035461
45,se,<code>se</code>,3,0.0035461
45,sio&eth;&eth;an,<code>sio&amp;d;&amp;d;an</code>,3,0.0035461
45,so&eth;,<code>so&amp;d;</code>,3,0.0035461
45,sona,<code>sona</code>,3,0.0035461
45,synnum,<code>synnum</code>,3,0.0035461
45,unriht,<code>unriht</code>,3,0.0035461
45,waldend,<code>waldend</code>,3,0.0035461
45,weor&eth;an,<code>weor&amp;d;an</code>,3,0.0035461
45,wunde,<code>wunde</code>,3,0.0035461
74,&aelig;fre,<code>&amp;ae;fre</code>,2,0.0023641
74,&aelig;lmeahtig,<code>&amp;ae;lmeahtig</code>,2,0.0023641
74,&aelig;r,<code>&amp;ae;r</code>,2,0.0023641
74,&eth;an,<code>&amp;d;an</code>,2,0.0023641
74,&eth;anne,<code>&amp;d;anne</code>,2,0.0023641
74,&eth;inum,<code>&amp;d;inum</code>,2,0.0023641
74,&thorn;onne,<code>&amp;t;onne</code>,2,0.0023641
74,&thorn;y,<code>&amp;t;y</code>,2,0.0023641
74,adilga,<code>adilga</code>,2,0.0023641
74,aldre,<code>aldre</code>,2,0.0023641
74,ansione,<code>ansione</code>,2,0.0023641
74,brohte,<code>brohte</code>,2,0.0023641
74,eal,<code>eal</code>,2,0.0023641
74,ealra,<code>ealra</code>,2,0.0023641
74,efter,<code>efter</code>,2,0.0023641
74,for&eth;an,<code>for&amp;d;an</code>,2,0.0023641
74,frea,<code>frea</code>,2,0.0023641
74,frofre,<code>frofre</code>,2,0.0023641
74,gasta,<code>gasta</code>,2,0.0023641
74,gaste,<code>gaste</code>,2,0.0023641
74,geclansa,<code>geclansa</code>,2,0.0023641
74,gefr&#275;med,<code>gefr&amp;e;med</code>,2,0.0023641
74,godan,<code>godan</code>,2,0.0023641
74,gylta,<code>gylta</code>,2,0.0023641
74,h&aelig;lend,<code>h&amp;ae;lend</code>,2,0.0023641
74,halige,<code>halige</code>,2,0.0023641
74,het,<code>het</code>,2,0.0023641
74,hiorde,<code>hiorde</code>,2,0.0023641
74,lichaman,<code>lichaman</code>,2,0.0023641
74,lifiende,<code>lifiende</code>,2,0.0023641
74,lifigende,<code>lifigende</code>,2,0.0023641
74,m&aelig;htig,<code>m&amp;ae;htig</code>,2,0.0023641
74,mancynnes,<code>mancynnes</code>,2,0.0023641
74,meahta,<code>meahta</code>,2,0.0023641
74,meahtig,<code>meahtig</code>,2,0.0023641
74,mehtig,<code>mehtig</code>,2,0.0023641
74,mine,<code>mine</code>,2,0.0023641
74,minum,<code>minum</code>,2,0.0023641
74,oft,<code>oft</code>,2,0.0023641
74,ontyn,<code>ontyn</code>,2,0.0023641
74,saule,<code>saule</code>,2,0.0023641
74,scoldan,<code>scoldan</code>,2,0.0023641
74,selfes,<code>selfes</code>,2,0.0023641
74,selfum,<code>selfum</code>,2,0.0023641
74,sibbe,<code>sibbe</code>,2,0.0023641
74,us,<code>us</code>,2,0.0023641
74,wast,<code>wast</code>,2,0.0023641
74,we,<code>we</code>,2,0.0023641
74,wenne,<code>wenne</code>,2,0.0023641
74,weor&eth;e,<code>weor&amp;d;e</code>,2,0.0023641
74,wordum,<code>wordum</code>,2,0.0023641
125,&aelig;&eth;el&aelig;,<code>&amp;ae;&amp;d;el&amp;ae;</code>,1,0.0011820
125,&aelig;c,<code>&amp;ae;c</code>,1,0.0011820
125,&aelig;ce,<code>&amp;ae;ce</code>,1,0.0011820
125,&aelig;lde,<code>&amp;ae;lde</code>,1,0.0011820
125,&aelig;ldran,<code>&amp;ae;ldran</code>,1,0.0011820
125,&aelig;lm&aelig;htig,<code>&amp;ae;lm&amp;ae;htig</code>,1,0.0011820
125,&aelig;lmehtig,<code>&amp;ae;lmehtig</code>,1,0.0011820
125,&aelig;niges,<code>&amp;ae;niges</code>,1,0.0011820
125,&aelig;west,<code>&amp;ae;west</code>,1,0.0011820
125,&eth;&aelig;m,<code>&amp;d;&amp;ae;m</code>,1,0.0011820
125,&eth;&aelig;re,<code>&amp;d;&amp;ae;re</code>,1,0.0011820
125,&eth;&aelig;s,<code>&amp;d;&amp;ae;s</code>,1,0.0011820
125,&eth;&aelig;tte,<code>&amp;d;&amp;ae;tte</code>,1,0.0011820
125,&eth;am,<code>&amp;d;am</code>,1,0.0011820
125,&eth;ane,<code>&amp;d;ane</code>,1,0.0011820
125,&eth;ara,<code>&amp;d;ara</code>,1,0.0011820
125,&eth;er,<code>&amp;d;er</code>,1,0.0011820
125,&eth;ines,<code>&amp;d;ines</code>,1,0.0011820
125,&eth;ingienne,<code>&amp;d;ingienne</code>,1,0.0011820
125,&eth;ingode,<code>&amp;d;ingode</code>,1,0.0011820
125,&eth;inne,<code>&amp;d;inne</code>,1,0.0011820
125,&eth;inra,<code>&amp;d;inra</code>,1,0.0011820
125,&eth;inre,<code>&amp;d;inre</code>,1,0.0011820
125,&eth;iowa,<code>&amp;d;iowa</code>,1,0.0011820
125,&eth;olienne,<code>&amp;d;olienne</code>,1,0.0011820
125,&eth;us,<code>&amp;d;us</code>,1,0.0011820
125,&lbar;,<code>&amp;lbar;</code>,1,0.0011820
125,&thorn;&aelig;tte,<code>&amp;t;&amp;ae;tte</code>,1,0.0011820
125,&thorn;ane,<code>&amp;t;ane</code>,1,0.0011820
125,&thorn;in,<code>&amp;t;in</code>,1,0.0011820
125,&thorn;ine,<code>&amp;t;ine</code>,1,0.0011820
125,&thorn;ines,<code>&amp;t;ines</code>,1,0.0011820
125,&thorn;ingode,<code>&amp;t;ingode</code>,1,0.0011820
125,&thorn;ioda,<code>&amp;t;ioda</code>,1,0.0011820
125,&thorn;iode,<code>&amp;t;iode</code>,1,0.0011820
125,&thorn;iodum,<code>&amp;t;iodum</code>,1,0.0011820
125,&thorn;u,<code>&amp;t;u</code>,1,0.0011820
125,a,<code>a</code>,1,0.0011820
125,a&eth;weah,<code>a&amp;d;weah</code>,1,0.0011820
125,aferre,<code>aferre</code>,1,0.0011820
125,ahluttra,<code>ahluttra</code>,1,0.0011820
125,ahwerf,<code>ahwerf</code>,1,0.0011820
125,aldorlice,<code>aldorlice</code>,1,0.0011820
125,alwihta,<code>alwihta</code>,1,0.0011820
125,amen,<code>amen</code>,1,0.0011820
125,ana,<code>ana</code>,1,0.0011820
125,andhette,<code>andhette</code>,1,0.0011820
125,anes,<code>anes</code>,1,0.0011820
125,anfehst,<code>anfehst</code>,1,0.0011820
125,anfunde,<code>anfunde</code>,1,0.0011820
125,ansende,<code>ansende</code>,1,0.0011820
125,anum,<code>anum</code>,1,0.0011820
125,arlease,<code>arlease</code>,1,0.0011820
125,arna,<code>arna</code>,1,0.0011820
125,asetta&eth;,<code>asetta&amp;d;</code>,1,0.0011820
125,aweorp,<code>aweorp</code>,1,0.0011820
125,balani&eth;a,<code>balani&amp;d;a</code>,1,0.0011820
125,ban,<code>ban</code>,1,0.0011820
125,bealani&eth;um,<code>bealani&amp;d;um</code>,1,0.0011820
125,beeode,<code>beeode</code>,1,0.0011820
125,beforan,<code>beforan</code>,1,0.0011820
125,befreo,<code>befreo</code>,1,0.0011820
125,beg&#275;ton,<code>beg&amp;e;ton</code>,1,0.0011820
125,beneman,<code>beneman</code>,1,0.0011820
125,benum,<code>benum</code>,1,0.0011820
125,bernelac,<code>bernelac</code>,1,0.0011820
125,bescerwe,<code>bescerwe</code>,1,0.0011820
125,beserode,<code>beserode</code>,1,0.0011820
125,bezabe,<code>bezabe</code>,1,0.0011820
125,bi&eth;,<code>bi&amp;d;</code>,1,0.0011820
125,biddan,<code>biddan</code>,1,0.0011820
125,bidde,<code>bidde</code>,1,0.0011820
125,bilewit,<code>bilewit</code>,1,0.0011820
125,bilwit,<code>bilwit</code>,1,0.0011820
125,bio&eth;,<code>bio&amp;d;</code>,1,0.0011820
125,bli&eth;e,<code>bli&amp;d;e</code>,1,0.0011820
125,blissa&eth;,<code>blissa&amp;d;</code>,1,0.0011820
125,blisse,<code>blisse</code>,1,0.0011820
125,blodgete,<code>blodgete</code>,1,0.0011820
125,br&#275;ga,<code>br&amp;e;ga</code>,1,0.0011820
125,brengan,<code>brengan</code>,1,0.0011820
125,breogo,<code>breogo</code>,1,0.0011820
125,bretta,<code>bretta</code>,1,0.0011820
125,casere,<code>casere</code>,1,0.0011820
125,cealf,<code>cealf</code>,1,0.0011820
125,cerrende,<code>cerrende</code>,1,0.0011820
125,cl&#275;ne,<code>cl&amp;e;ne</code>,1,0.0011820
125,creaftig,<code>creaftig</code>,1,0.0011820
125,cumbulgebrec,<code>cumbulgebrec</code>,1,0.0011820
125,cynedomes,<code>cynedomes</code>,1,0.0011820
125,cyninga,<code>cyninga</code>,1,0.0011820
125,cynn,<code>cynn</code>,1,0.0011820
125,cynost,<code>cynost</code>,1,0.0011820
125,dea&eth;,<code>dea&amp;d;</code>,1,0.0011820
125,deadra,<code>deadra</code>,1,0.0011820
125,deda,<code>deda</code>,1,0.0011820
125,derne,<code>derne</code>,1,0.0011820
125,diormod,<code>diormod</code>,1,0.0011820
125,domas,<code>domas</code>,1,0.0011820
125,dome,<code>dome</code>,1,0.0011820
125,domine,<code>domine</code>,1,0.0011820
125,doom,<code>doom</code>,1,0.0011820
125,dreamas,<code>dreamas</code>,1,0.0011820
125,dryhtnes,<code>dryhtnes</code>,1,0.0011820
125,dun,<code>dun</code>,1,0.0011820
125,ea&eth;mede,<code>ea&amp;d;mede</code>,1,0.0011820
125,eagan,<code>eagan</code>,1,0.0011820
125,eall,<code>eall</code>,1,0.0011820
125,ealne,<code>ealne</code>,1,0.0011820
125,earna,<code>earna</code>,1,0.0011820
125,eft,<code>eft</code>,1,0.0011820
125,elmehtig,<code>elmehtig</code>,1,0.0011820
125,eorre,<code>eorre</code>,1,0.0011820
125,f&aelig;der,<code>f&amp;ae;der</code>,1,0.0011820
125,feola,<code>feola</code>,1,0.0011820
125,feores,<code>feores</code>,1,0.0011820
125,feran,<code>feran</code>,1,0.0011820
125,ferdrinc,<code>ferdrinc</code>,1,0.0011820
125,fere,<code>fere</code>,1,0.0011820
125,feste,<code>feste</code>,1,0.0011820
125,firendeda,<code>firendeda</code>,1,0.0011820
125,fl&aelig;schaman,<code>fl&amp;ae;schaman</code>,1,0.0011820
125,folcum,<code>folcum</code>,1,0.0011820
125,for&eth;,<code>for&amp;d;</code>,1,0.0011820
125,for&eth;gesceaft,<code>for&amp;d;gesceaft</code>,1,0.0011820
125,for&eth;on,<code>for&amp;d;on</code>,1,0.0011820
125,for&eth;weard,<code>for&amp;d;weard</code>,1,0.0011820
125,forgefene,<code>forgefene</code>,1,0.0011820
125,forgefenesse,<code>forgefenesse</code>,1,0.0011820
125,forgeofene,<code>forgeofene</code>,1,0.0011820
125,fr&aelig;msume,<code>fr&amp;ae;msume</code>,1,0.0011820
125,fromne,<code>fromne</code>,1,0.0011820
125,fruma,<code>fruma</code>,1,0.0011820
125,ful,<code>ful</code>,1,0.0011820
125,gast&aelig;,<code>gast&amp;ae;</code>,1,0.0011820
125,ge&eth;anc,<code>ge&amp;d;anc</code>,1,0.0011820
125,ge&eth;ancol,<code>ge&amp;d;ancol</code>,1,0.0011820
125,ge&eth;rec,<code>ge&amp;d;rec</code>,1,0.0011820
125,geb&aelig;d,<code>geb&amp;ae;d</code>,1,0.0011820
125,geb&aelig;r,<code>geb&amp;ae;r</code>,1,0.0011820
125,gebette,<code>gebette</code>,1,0.0011820
125,gebrocenan,<code>gebrocenan</code>,1,0.0011820
125,gecerdan,<code>gecerdan</code>,1,0.0011820
125,gecerre,<code>gecerre</code>,1,0.0011820
125,gecl&aelig;nsod,<code>gecl&amp;ae;nsod</code>,1,0.0011820
125,geclansod,<code>geclansod</code>,1,0.0011820
125,gecy&eth;an,<code>gecy&amp;d;an</code>,1,0.0011820
125,gede&eth;,<code>gede&amp;d;</code>,1,0.0011820
125,gedoo,<code>gedoo</code>,1,0.0011820
125,geeacnod,<code>geeacnod</code>,1,0.0011820
125,geeadmeded,<code>geeadmeded</code>,1,0.0011820
125,geearnian,<code>geearnian</code>,1,0.0011820
125,gefean,<code>gefean</code>,1,0.0011820
125,gefelde,<code>gefelde</code>,1,0.0011820
125,gefr&aelig;mede,<code>gefr&amp;ae;mede</code>,1,0.0011820
125,gefr&aelig;mma&eth;,<code>gefr&amp;ae;mma&amp;d;</code>,1,0.0011820
125,gefremede,<code>gefremede</code>,1,0.0011820
125,gefrigen,<code>gefrigen</code>,1,0.0011820
125,gehernes,<code>gehernes</code>,1,0.0011820
125,gehnysta,<code>gehnysta</code>,1,0.0011820
125,gehw&aelig;r,<code>gehw&amp;ae;r</code>,1,0.0011820
125,geiode,<code>geiode</code>,1,0.0011820
125,gelamp,<code>gelamp</code>,1,0.0011820
125,gelta,<code>gelta</code>,1,0.0011820
125,geltas,<code>geltas</code>,1,0.0011820
125,gemete,<code>gemete</code>,1,0.0011820
125,gemyndig,<code>gemyndig</code>,1,0.0011820
125,geniowa,<code>geniowa</code>,1,0.0011820
125,getreme,<code>getreme</code>,1,0.0011820
125,getremed,<code>getremed</code>,1,0.0011820
125,gewinndagum,<code>gewinndagum</code>,1,0.0011820
125,geworhtan,<code>geworhtan</code>,1,0.0011820
125,gioge&eth;e,<code>gioge&amp;d;e</code>,1,0.0011820
125,gitsunga,<code>gitsunga</code>,1,0.0011820
125,glidan,<code>glidan</code>,1,0.0011820
125,gode,<code>gode</code>,1,0.0011820
125,godes,<code>godes</code>,1,0.0011820
125,godferhte,<code>godferhte</code>,1,0.0011820
125,gramhegdig,<code>gramhegdig</code>,1,0.0011820
125,gylt,<code>gylt</code>,1,0.0011820
125,gyltas,<code>gyltas</code>,1,0.0011820
125,h&aelig;bbe,<code>h&amp;ae;bbe</code>,1,0.0011820
125,h&aelig;bben,<code>h&amp;ae;bben</code>,1,0.0011820
125,h&aelig;fde,<code>h&amp;ae;fde</code>,1,0.0011820
125,h&aelig;le&eth;,<code>h&amp;ae;le&amp;d;</code>,1,0.0011820
125,h&aelig;lo,<code>h&amp;ae;lo</code>,1,0.0011820
125,h&aelig;n&eth;um,<code>h&amp;ae;n&amp;d;um</code>,1,0.0011820
125,haligne,<code>haligne</code>,1,0.0011820
125,handgeweorces,<code>handgeweorces</code>,1,0.0011820
125,haten,<code>haten</code>,1,0.0011820
125,healdenne,<code>healdenne</code>,1,0.0011820
125,hearpera,<code>hearpera</code>,1,0.0011820
125,hegeleasra,<code>hegeleasra</code>,1,0.0011820
125,heht,<code>heht</code>,1,0.0011820
125,hehtful,<code>hehtful</code>,1,0.0011820
125,helende,<code>helende</code>,1,0.0011820
125,helm,<code>helm</code>,1,0.0011820
125,helo,<code>helo</code>,1,0.0011820
125,help,<code>help</code>,1,0.0011820
125,helpe,<code>helpe</code>,1,0.0011820
125,helpend,<code>helpend</code>,1,0.0011820
125,herdon,<code>herdon</code>,1,0.0011820
125,hero,<code>hero</code>,1,0.0011820
125,hierusolim&#275;,<code>hierusolim&amp;e;</code>,1,0.0011820
125,hine,<code>hine</code>,1,0.0011820
125,hiofenrices,<code>hiofenrices</code>,1,0.0011820
125,hiofenum,<code>hiofenum</code>,1,0.0011820
125,hiom,<code>hiom</code>,1,0.0011820
125,hiora,<code>hiora</code>,1,0.0011820
125,hiortan,<code>hiortan</code>,1,0.0011820
125,hiorte,<code>hiorte</code>,1,0.0011820
125,hleo&eth;or,<code>hleo&amp;d;or</code>,1,0.0011820
125,hu,<code>hu</code>,1,0.0011820
125,hw&#275;&eth;ere,<code>hw&amp;e;&amp;d;ere</code>,1,0.0011820
125,hwile,<code>hwile</code>,1,0.0011820
125,inge&thorn;ance,<code>inge&amp;t;ance</code>,1,0.0011820
125,inge&thorn;ancum,<code>inge&amp;t;ancum</code>,1,0.0011820
125,israela,<code>israela</code>,1,0.0011820
125,l&aelig;rde,<code>l&amp;ae;rde</code>,1,0.0011820
125,l&aelig;rdes,<code>l&amp;ae;rdes</code>,1,0.0011820
125,lac,<code>lac</code>,1,0.0011820
125,landes,<code>landes</code>,1,0.0011820
125,langsum,<code>langsum</code>,1,0.0011820
125,le&eth;re,<code>le&amp;d;re</code>,1,0.0011820
125,leahtra,<code>leahtra</code>,1,0.0011820
125,lene,<code>lene</code>,1,0.0011820
125,lif,<code>lif</code>,1,0.0011820
125,lifgende,<code>lifgende</code>,1,0.0011820
125,lifigendra,<code>lifigendra</code>,1,0.0011820
125,liicwer&eth;e,<code>liicwer&amp;d;e</code>,1,0.0011820
125,lioda,<code>lioda</code>,1,0.0011820
125,liodum,<code>liodum</code>,1,0.0011820
125,liofost,<code>liofost</code>,1,0.0011820
125,liofwende,<code>liofwende</code>,1,0.0011820
125,liohtfruma,<code>liohtfruma</code>,1,0.0011820
125,lisse,<code>lisse</code>,1,0.0011820
125,lof,<code>lof</code>,1,0.0011820
125,lufast,<code>lufast</code>,1,0.0011820
125,lufedest,<code>lufedest</code>,1,0.0011820
125,m&aelig;ahtig,<code>m&amp;ae;ahtig</code>,1,0.0011820
125,m&aelig;hte,<code>m&amp;ae;hte</code>,1,0.0011820
125,m&aelig;rost,<code>m&amp;ae;rost</code>,1,0.0011820
125,m&#275;htig,<code>m&amp;e;htig</code>,1,0.0011820
125,ma,<code>ma</code>,1,0.0011820
125,man,<code>man</code>,1,0.0011820
125,mannum,<code>mannum</code>,1,0.0011820
125,menio,<code>menio</code>,1,0.0011820
125,meotod,<code>meotod</code>,1,0.0011820
125,miclan,<code>miclan</code>,1,0.0011820
125,micle,<code>micle</code>,1,0.0011820
125,milde,<code>milde</code>,1,0.0011820
125,mildhiortnesse,<code>mildhiortnesse</code>,1,0.0011820
125,mildostan,<code>mildostan</code>,1,0.0011820
125,miltsunga,<code>miltsunga</code>,1,0.0011820
125,minra,<code>minra</code>,1,0.0011820
125,misdedum,<code>misdedum</code>,1,0.0011820
125,modor,<code>modor</code>,1,0.0011820
125,modswi&eth;ne,<code>modswi&amp;d;ne</code>,1,0.0011820
125,mon,<code>mon</code>,1,0.0011820
125,moste,<code>moste</code>,1,0.0011820
125,mu&eth;,<code>mu&amp;d;</code>,1,0.0011820
125,mundberd,<code>mundberd</code>,1,0.0011820
125,munde,<code>munde</code>,1,0.0011820
125,neata,<code>neata</code>,1,0.0011820
125,neriende,<code>neriende</code>,1,0.0011820
125,of,<code>of</code>,1,0.0011820
125,ofer,<code>ofer</code>,1,0.0011820
125,oferswi&eth;dest,<code>oferswi&amp;d;dest</code>,1,0.0011820
125,oferwinnan,<code>oferwinnan</code>,1,0.0011820
125,oncnawe,<code>oncnawe</code>,1,0.0011820
125,ond,<code>ond</code>,1,0.0011820
125,onsegednesse,<code>onsegednesse</code>,1,0.0011820
125,ontende,<code>ontende</code>,1,0.0011820
125,ontendes,<code>ontendes</code>,1,0.0011820
125,rice,<code>rice</code>,1,0.0011820
125,rihtne,<code>rihtne</code>,1,0.0011820
125,rodera,<code>rodera</code>,1,0.0011820
125,s&aelig;le,<code>s&amp;ae;le</code>,1,0.0011820
125,sangere,<code>sangere</code>,1,0.0011820
125,scame,<code>scame</code>,1,0.0011820
125,scelda,<code>scelda</code>,1,0.0011820
125,sceldig,<code>sceldig</code>,1,0.0011820
125,sceldum,<code>sceldum</code>,1,0.0011820
125,sceppen,<code>sceppen</code>,1,0.0011820
125,scina&eth;,<code>scina&amp;d;</code>,1,0.0011820
125,scinende,<code>scinende</code>,1,0.0011820
125,searocyne,<code>searocyne</code>,1,0.0011820
125,secgan,<code>secgan</code>,1,0.0011820
125,secgende,<code>secgende</code>,1,0.0011820
125,self,<code>self</code>,1,0.0011820
125,selfra,<code>selfra</code>,1,0.0011820
125,selua,<code>selua</code>,1,0.0011820
125,sennum,<code>sennum</code>,1,0.0011820
125,seocan,<code>seocan</code>,1,0.0011820
125,si&thorn;&eth;an,<code>si&amp;t;&amp;d;an</code>,1,0.0011820
125,sigecempa,<code>sigecempa</code>,1,0.0011820
125,sigedryhten,<code>sigedryhten</code>,1,0.0011820
125,sigefest,<code>sigefest</code>,1,0.0011820
125,sinum,<code>sinum</code>,1,0.0011820
125,sion,<code>sion</code>,1,0.0011820
125,sione,<code>sione</code>,1,0.0011820
125,snawe,<code>snawe</code>,1,0.0011820
125,snetera,<code>snetera</code>,1,0.0011820
125,so&eth;f&aelig;stest,<code>so&amp;d;f&amp;ae;stest</code>,1,0.0011820
125,so&eth;festnesse,<code>so&amp;d;festnesse</code>,1,0.0011820
125,sorhfullan,<code>sorhfullan</code>,1,0.0011820
125,sp&aelig;c,<code>sp&amp;ae;c</code>,1,0.0011820
125,stande&eth;,<code>stande&amp;d;</code>,1,0.0011820
125,sw&aelig;,<code>sw&amp;ae;</code>,1,0.0011820
125,swi&eth;e,<code>swi&amp;d;e</code>,1,0.0011820
125,swilce,<code>swilce</code>,1,0.0011820
125,synfulle,<code>synfulle</code>,1,0.0011820
125,syngode,<code>syngode</code>,1,0.0011820
125,triowfest,<code>triowfest</code>,1,0.0011820
125,tunge,<code>tunge</code>,1,0.0011820
125,uncu&eth;e,<code>uncu&amp;d;e</code>,1,0.0011820
125,under,<code>under</code>,1,0.0011820
125,unrihtum,<code>unrihtum</code>,1,0.0011820
125,uriam,<code>uriam</code>,1,0.0011820
125,w&aelig;re,<code>w&amp;ae;re</code>,1,0.0011820
125,w&aelig;ron,<code>w&amp;ae;ron</code>,1,0.0011820
125,walden,<code>walden</code>,1,0.0011820
125,waldende,<code>waldende</code>,1,0.0011820
125,waldendes,<code>waldendes</code>,1,0.0011820
125,wammum,<code>wammum</code>,1,0.0011820
125,wanhogan,<code>wanhogan</code>,1,0.0011820
125,weallas,<code>weallas</code>,1,0.0011820
125,weard,<code>weard</code>,1,0.0011820
125,weogas,<code>weogas</code>,1,0.0011820
125,weoloras,<code>weoloras</code>,1,0.0011820
125,weor&eth;ne,<code>weor&amp;d;ne</code>,1,0.0011820
125,weora,<code>weora</code>,1,0.0011820
125,weorada,<code>weorada</code>,1,0.0011820
125,weorc,<code>weorc</code>,1,0.0011820
125,wi&eth;,<code>wi&amp;d;</code>,1,0.0011820
125,wife,<code>wife</code>,1,0.0011820
125,wigbed,<code>wigbed</code>,1,0.0011820
125,wige,<code>wige</code>,1,0.0011820
125,wille,<code>wille</code>,1,0.0011820
125,willum,<code>willum</code>,1,0.0011820
125,wilnast,<code>wilnast</code>,1,0.0011820
125,witgan,<code>witgan</code>,1,0.0011820
125,wolde,<code>wolde</code>,1,0.0011820
125,womdeda,<code>womdeda</code>,1,0.0011820
125,wordcwidas,<code>wordcwidas</code>,1,0.0011820
125,wynf&#275;ste,<code>wynf&amp;e;ste</code>,1,0.0011820
125,yfela,<code>yfela</code>,1,0.0011820
125,ymb,<code>ymb</code>,1,0.0011820
125,ysopon,<code>ysopon</code>,1,0.0011820
