A_Poetry,A27,A27_Glor_II_T01670.txt,18,17,19
RANK,HTML WORD,RAW WORD,COUNT,RELATIVE FREQUENCY
1,and,<code>and</code>,2,0.1052632
2,&eth;e,<code>&amp;d;e</code>,1,0.0526316
2,amen,<code>amen</code>,1,0.0526316
2,drihten,<code>drihten</code>,1,0.0526316
2,f&aelig;der,<code>f&amp;ae;der</code>,1,0.0526316
2,f&aelig;gere,<code>f&amp;ae;gere</code>,1,0.0526316
2,foldan,<code>foldan</code>,1,0.0526316
2,gaste,<code>gaste</code>,1,0.0526316
2,gem&aelig;ne,<code>gem&amp;ae;ne</code>,1,0.0526316
2,mid,<code>mid</code>,1,0.0526316
2,on,<code>on</code>,1,0.0526316
2,so&eth;um,<code>so&amp;d;um</code>,1,0.0526316
2,sunu,<code>sunu</code>,1,0.0526316
2,sy,<code>sy</code>,1,0.0526316
2,sylfan,<code>sylfan</code>,1,0.0526316
2,wereda,<code>wereda</code>,1,0.0526316
2,wuldor,<code>wuldor</code>,1,0.0526316
2,wur&eth;mynt,<code>wur&amp;d;mynt</code>,1,0.0526316
