A_Poetry,A28,A28_Pr_T01680.txt,266,202,474
RANK,HTML WORD,RAW WORD,COUNT,RELATIVE FREQUENCY
1,and,<code>and</code>,21,0.0443038
2,se,<code>se</code>,12,0.0253165
3,&thorn;e,<code>&amp;t;e</code>,11,0.0232068
3,ne,<code>ne</code>,11,0.0232068
3,on,<code>on</code>,11,0.0232068
6,&thorn;u,<code>&amp;t;u</code>,10,0.0210970
7,&thorn;&aelig;t,<code>&amp;t;&amp;ae;t</code>,9,0.0189873
7,drihten,<code>drihten</code>,9,0.0189873
7,ic,<code>ic</code>,9,0.0189873
7,me,<code>me</code>,9,0.0189873
11,eart,<code>eart</code>,8,0.0168776
12,ealra,<code>ealra</code>,7,0.0147679
13,god,<code>god</code>,6,0.0126582
14,&aelig;la,<code>&amp;ae;la</code>,5,0.0105485
14,ece,<code>ece</code>,5,0.0105485
16,&eth;u,<code>&amp;d;u</code>,4,0.0084388
16,engla,<code>engla</code>,4,0.0084388
16,he,<code>he</code>,4,0.0084388
16,heofena,<code>heofena</code>,4,0.0084388
16,kyning,<code>kyning</code>,4,0.0084388
16,mid,<code>mid</code>,4,0.0084388
16,mihtig,<code>mihtig</code>,4,0.0084388
16,to,<code>to</code>,4,0.0084388
24,&aelig;nig,<code>&amp;ae;nig</code>,3,0.0063291
24,ac,<code>ac</code>,3,0.0063291
24,are,<code>are</code>,3,0.0063291
24,eor&eth;an,<code>eor&amp;d;an</code>,3,0.0063291
24,h&aelig;lend,<code>h&amp;ae;lend</code>,3,0.0063291
24,her,<code>her</code>,3,0.0063291
24,hu,<code>hu</code>,3,0.0063291
24,hwile,<code>hwile</code>,3,0.0063291
24,hy,<code>hy</code>,3,0.0063291
24,m&aelig;re,<code>m&amp;ae;re</code>,3,0.0063291
24,ofer,<code>ofer</code>,3,0.0063291
24,swa,<code>swa</code>,3,0.0063291
24,up,<code>up</code>,3,0.0063291
24,wat,<code>wat</code>,3,0.0063291
24,willan,<code>willan</code>,3,0.0063291
39,&aelig;lmihtig,<code>&amp;ae;lmihtig</code>,2,0.0042194
39,&aelig;r,<code>&amp;ae;r</code>,2,0.0042194
39,&eth;a,<code>&amp;d;a</code>,2,0.0042194
39,&thorn;&aelig;s,<code>&amp;t;&amp;ae;s</code>,2,0.0042194
39,&thorn;a,<code>&amp;t;a</code>,2,0.0042194
39,&thorn;onne,<code>&amp;t;onne</code>,2,0.0042194
39,a,<code>a</code>,2,0.0042194
39,ana,<code>ana</code>,2,0.0042194
39,by&eth;,<code>by&amp;d;</code>,2,0.0042194
39,d&aelig;iges,<code>d&amp;ae;iges</code>,2,0.0042194
39,ealdor,<code>ealdor</code>,2,0.0042194
39,ealle,<code>ealle</code>,2,0.0042194
39,ende,<code>ende</code>,2,0.0042194
39,geond,<code>geond</code>,2,0.0042194
39,gesceafta,<code>gesceafta</code>,2,0.0042194
39,hafa&eth;,<code>hafa&amp;d;</code>,2,0.0042194
39,handlean,<code>handlean</code>,2,0.0042194
39,heofonas,<code>heofonas</code>,2,0.0042194
39,hys,<code>hys</code>,2,0.0042194
39,leoht,<code>leoht</code>,2,0.0042194
39,n&aelig;fre,<code>n&amp;ae;fre</code>,2,0.0042194
39,nihtes,<code>nihtes</code>,2,0.0042194
39,sceawa&eth;,<code>sceawa&amp;d;</code>,2,0.0042194
39,scippend,<code>scippend</code>,2,0.0042194
39,wealdend,<code>wealdend</code>,2,0.0042194
39,wyrc&eth;,<code>wyrc&amp;d;</code>,2,0.0042194
65,&aelig;&eth;ela,<code>&amp;ae;&amp;d;ela</code>,1,0.0021097
65,&aelig;&eth;ele,<code>&amp;ae;&amp;d;ele</code>,1,0.0021097
65,&aelig;rdagum,<code>&amp;ae;rdagum</code>,1,0.0021097
65,&eth;&aelig;ra,<code>&amp;d;&amp;ae;ra</code>,1,0.0021097
65,&eth;&aelig;re,<code>&amp;d;&amp;ae;re</code>,1,0.0021097
65,&eth;onne,<code>&amp;d;onne</code>,1,0.0021097
65,&eth;yn,<code>&amp;d;yn</code>,1,0.0021097
65,&thorn;&aelig;re,<code>&amp;t;&amp;ae;re</code>,1,0.0021097
65,&thorn;am,<code>&amp;t;am</code>,1,0.0021097
65,&thorn;eah,<code>&amp;t;eah</code>,1,0.0021097
65,&thorn;earle,<code>&amp;t;earle</code>,1,0.0021097
65,&thorn;eh,<code>&amp;t;eh</code>,1,0.0021097
65,&thorn;inne,<code>&amp;t;inne</code>,1,0.0021097
65,&thorn;yn,<code>&amp;t;yn</code>,1,0.0021097
65,&thorn;yne,<code>&amp;t;yne</code>,1,0.0021097
65,&thorn;ynum,<code>&amp;t;ynum</code>,1,0.0021097
65,&thorn;ysum,<code>&amp;t;ysum</code>,1,0.0021097
65,aherian,<code>aherian</code>,1,0.0021097
65,akende,<code>akende</code>,1,0.0021097
65,amen,<code>amen</code>,1,0.0021097
65,andette,<code>andette</code>,1,0.0021097
65,areccean,<code>areccean</code>,1,0.0021097
65,as&aelig;cgan,<code>as&amp;ae;cgan</code>,1,0.0021097
65,bearna,<code>bearna</code>,1,0.0021097
65,bearnum,<code>bearnum</code>,1,0.0021097
65,beorhta,<code>beorhta</code>,1,0.0021097
65,beornum,<code>beornum</code>,1,0.0021097
65,bethleem,<code>bethleem</code>,1,0.0021097
65,butan,<code>butan</code>,1,0.0021097
65,bute,<code>bute</code>,1,0.0021097
65,bydde,<code>bydde</code>,1,0.0021097
65,byrig,<code>byrig</code>,1,0.0021097
65,campa&eth;,<code>campa&amp;d;</code>,1,0.0021097
65,crist,<code>crist</code>,1,0.0021097
65,d&aelig;ges,<code>d&amp;ae;ges</code>,1,0.0021097
65,dema,<code>dema</code>,1,0.0021097
65,deofle,<code>deofle</code>,1,0.0021097
65,deopnesse,<code>deopnesse</code>,1,0.0021097
65,do,<code>do</code>,1,0.0021097
65,drihtne,<code>drihtne</code>,1,0.0021097
65,drihtnes,<code>drihtnes</code>,1,0.0021097
65,duge&thorn;a,<code>duge&amp;t;a</code>,1,0.0021097
65,dugu&eth;,<code>dugu&amp;d;</code>,1,0.0021097
65,e&eth;est,<code>e&amp;d;est</code>,1,0.0021097
65,ea&eth;e,<code>ea&amp;d;e</code>,1,0.0021097
65,eadig,<code>eadig</code>,1,0.0021097
65,eadmoda,<code>eadmoda</code>,1,0.0021097
65,eallum,<code>eallum</code>,1,0.0021097
65,ealne,<code>ealne</code>,1,0.0021097
65,ealteawne,<code>ealteawne</code>,1,0.0021097
65,earming,<code>earming</code>,1,0.0021097
65,earminge,<code>earminge</code>,1,0.0021097
65,englum,<code>englum</code>,1,0.0021097
65,eom,<code>eom</code>,1,0.0021097
65,eor&eth;buende,<code>eor&amp;d;buende</code>,1,0.0021097
65,eor&eth;bugende,<code>eor&amp;d;bugende</code>,1,0.0021097
65,f&aelig;der,<code>f&amp;ae;der</code>,1,0.0021097
65,f&aelig;gere,<code>f&amp;ae;gere</code>,1,0.0021097
65,femnena,<code>femnena</code>,1,0.0021097
65,folkes,<code>folkes</code>,1,0.0021097
65,for,<code>for</code>,1,0.0021097
65,for&thorn;an,<code>for&amp;t;an</code>,1,0.0021097
65,forweorn,<code>forweorn</code>,1,0.0021097
65,forwundod,<code>forwundod</code>,1,0.0021097
65,frea,<code>frea</code>,1,0.0021097
65,frofre,<code>frofre</code>,1,0.0021097
65,gast,<code>gast</code>,1,0.0021097
65,ge&thorn;ohte,<code>ge&amp;t;ohte</code>,1,0.0021097
65,geara,<code>geara</code>,1,0.0021097
65,gebidde,<code>gebidde</code>,1,0.0021097
65,gedreoge&eth;,<code>gedreoge&amp;d;</code>,1,0.0021097
65,gefylste,<code>gefylste</code>,1,0.0021097
65,geh&aelig;l,<code>geh&amp;ae;l</code>,1,0.0021097
65,gehweorfe,<code>gehweorfe</code>,1,0.0021097
65,gelacna,<code>gelacna</code>,1,0.0021097
65,gelome,<code>gelome</code>,1,0.0021097
65,gelyfa&eth;,<code>gelyfa&amp;d;</code>,1,0.0021097
65,gelyfe,<code>gelyfe</code>,1,0.0021097
65,gemilsa,<code>gemilsa</code>,1,0.0021097
65,gemilsige,<code>gemilsige</code>,1,0.0021097
65,genehhe,<code>genehhe</code>,1,0.0021097
65,gerim,<code>gerim</code>,1,0.0021097
65,gesomnie,<code>gesomnie</code>,1,0.0021097
65,geswyce,<code>geswyce</code>,1,0.0021097
65,geti&thorn;a,<code>geti&amp;t;a</code>,1,0.0021097
65,gety&thorn;a,<code>gety&amp;t;a</code>,1,0.0021097
65,geweorkes,<code>geweorkes</code>,1,0.0021097
65,gewurde,<code>gewurde</code>,1,0.0021097
65,gewyrcean,<code>gewyrcean</code>,1,0.0021097
65,gif,<code>gif</code>,1,0.0021097
65,goda,<code>goda</code>,1,0.0021097
65,gode,<code>gode</code>,1,0.0021097
65,grund,<code>grund</code>,1,0.0021097
65,gyf,<code>gyf</code>,1,0.0021097
65,h&aelig;fst,<code>h&amp;ae;fst</code>,1,0.0021097
65,h&aelig;le&eth;a,<code>h&amp;ae;le&amp;d;a</code>,1,0.0021097
65,hades,<code>hades</code>,1,0.0021097
65,halga,<code>halga</code>,1,0.0021097
65,haligum,<code>haligum</code>,1,0.0021097
65,halsige,<code>halsige</code>,1,0.0021097
65,heahkyning,<code>heahkyning</code>,1,0.0021097
65,heahnisse,<code>heahnisse</code>,1,0.0021097
65,heofenum,<code>heofenum</code>,1,0.0021097
65,heofonum,<code>heofonum</code>,1,0.0021097
65,herian,<code>herian</code>,1,0.0021097
65,him,<code>him</code>,1,0.0021097
65,hit,<code>hit</code>,1,0.0021097
65,hym,<code>hym</code>,1,0.0021097
65,hyr&aelig;&eth;,<code>hyr&amp;ae;&amp;d;</code>,1,0.0021097
65,inwitni&eth;as,<code>inwitni&amp;d;as</code>,1,0.0021097
65,is,<code>is</code>,1,0.0021097
65,kyninga,<code>kyninga</code>,1,0.0021097
65,kyninges,<code>kyninges</code>,1,0.0021097
65,l&aelig;ca,<code>l&amp;ae;ca</code>,1,0.0021097
65,l&aelig;nan,<code>l&amp;ae;nan</code>,1,0.0021097
65,l&aelig;t,<code>l&amp;ae;t</code>,1,0.0021097
65,leof,<code>leof</code>,1,0.0021097
65,leofa,<code>leofa</code>,1,0.0021097
65,leohtes,<code>leohtes</code>,1,0.0021097
65,lifes,<code>lifes</code>,1,0.0021097
65,lifiende,<code>lifiende</code>,1,0.0021097
65,litla,<code>litla</code>,1,0.0021097
65,ly&eth;ra,<code>ly&amp;d;ra</code>,1,0.0021097
65,lyfe,<code>lyfe</code>,1,0.0021097
65,lyfes,<code>lyfes</code>,1,0.0021097
65,lyfiendne,<code>lyfiendne</code>,1,0.0021097
65,m&aelig;g,<code>m&amp;ae;g</code>,1,0.0021097
65,m&aelig;ge,<code>m&amp;ae;ge</code>,1,0.0021097
65,m&aelig;gen,<code>m&amp;ae;gen</code>,1,0.0021097
65,m&aelig;genstrang,<code>m&amp;ae;genstrang</code>,1,0.0021097
65,m&aelig;genstranga,<code>m&amp;ae;genstranga</code>,1,0.0021097
65,mage,<code>mage</code>,1,0.0021097
65,magon,<code>magon</code>,1,0.0021097
65,man,<code>man</code>,1,0.0021097
65,men,<code>men</code>,1,0.0021097
65,meotod,<code>meotod</code>,1,0.0021097
65,miccla,<code>miccla</code>,1,0.0021097
65,middaneard,<code>middaneard</code>,1,0.0021097
65,miht,<code>miht</code>,1,0.0021097
65,mihta,<code>mihta</code>,1,0.0021097
65,mine,<code>mine</code>,1,0.0021097
65,minre,<code>minre</code>,1,0.0021097
65,mirig&eth;e,<code>mirig&amp;d;e</code>,1,0.0021097
65,mod,<code>mod</code>,1,0.0021097
65,moldan,<code>moldan</code>,1,0.0021097
65,mycel,<code>mycel</code>,1,0.0021097
65,nu,<code>nu</code>,1,0.0021097
65,nyhtes,<code>nyhtes</code>,1,0.0021097
65,o&eth;&eth;e,<code>o&amp;d;&amp;d;e</code>,1,0.0021097
65,of,<code>of</code>,1,0.0021097
65,oft,<code>oft</code>,1,0.0021097
65,ongunnon,<code>ongunnon</code>,1,0.0021097
65,reorde,<code>reorde</code>,1,0.0021097
65,roderum,<code>roderum</code>,1,0.0021097
65,s&aelig;cgan,<code>s&amp;ae;cgan</code>,1,0.0021097
65,saule,<code>saule</code>,1,0.0021097
65,sawle,<code>sawle</code>,1,0.0021097
65,sceolde,<code>sceolde</code>,1,0.0021097
65,scyldi,<code>scyldi</code>,1,0.0021097
65,selost,<code>selost</code>,1,0.0021097
65,si&eth;ian,<code>si&amp;d;ian</code>,1,0.0021097
65,side,<code>side</code>,1,0.0021097
65,sidne,<code>sidne</code>,1,0.0021097
65,sigores,<code>sigores</code>,1,0.0021097
65,sile,<code>sile</code>,1,0.0021097
65,sittan,<code>sittan</code>,1,0.0021097
65,snotra,<code>snotra</code>,1,0.0021097
65,so&eth;,<code>so&amp;d;</code>,1,0.0021097
65,so&eth;e,<code>so&amp;d;e</code>,1,0.0021097
65,swegle,<code>swegle</code>,1,0.0021097
65,swegles,<code>swegles</code>,1,0.0021097
65,swi&eth;e,<code>swi&amp;d;e</code>,1,0.0021097
65,swilce,<code>swilce</code>,1,0.0021097
65,syddra,<code>syddra</code>,1,0.0021097
65,sylfa,<code>sylfa</code>,1,0.0021097
65,syngige,<code>syngige</code>,1,0.0021097
65,synnum,<code>synnum</code>,1,0.0021097
65,tireadig,<code>tireadig</code>,1,0.0021097
65,tosomne,<code>tosomne</code>,1,0.0021097
65,tyreadig,<code>tyreadig</code>,1,0.0021097
65,uppe,<code>uppe</code>,1,0.0021097
65,us,<code>us</code>,1,0.0021097
65,wa,<code>wa</code>,1,0.0021097
65,waldend,<code>waldend</code>,1,0.0021097
65,waldest,<code>waldest</code>,1,0.0021097
65,wast,<code>wast</code>,1,0.0021097
65,we,<code>we</code>,1,0.0021097
65,wel,<code>wel</code>,1,0.0021097
65,weorce,<code>weorce</code>,1,0.0021097
65,werod,<code>werod</code>,1,0.0021097
65,witan,<code>witan</code>,1,0.0021097
65,worde,<code>worde</code>,1,0.0021097
65,worulda,<code>worulda</code>,1,0.0021097
65,wuldres,<code>wuldres</code>,1,0.0021097
65,wunder,<code>wunder</code>,1,0.0021097
65,wyde,<code>wyde</code>,1,0.0021097
65,wyn,<code>wyn</code>,1,0.0021097
65,wynn,<code>wynn</code>,1,0.0021097
65,wytan,<code>wytan</code>,1,0.0021097
65,yfeles,<code>yfeles</code>,1,0.0021097
65,ylda,<code>ylda</code>,1,0.0021097
65,ys,<code>ys</code>,1,0.0021097
