A_Poetry,A30,A30_Aldhelm_T01700.txt,83,76,96
RANK,HTML WORD,RAW WORD,COUNT,RELATIVE FREQUENCY
1,on,<code>on</code>,6,0.0625000
2,&thorn;&aelig;t,<code>&amp;t;&amp;ae;t</code>,3,0.0312500
2,sceal,<code>sceal</code>,3,0.0312500
4,et,<code>et</code>,2,0.0208333
4,etiam,<code>etiam</code>,2,0.0208333
4,he,<code>he</code>,2,0.0208333
4,him,<code>him</code>,2,0.0208333
8,&aelig;&eth;ele,<code>&amp;ae;&amp;d;ele</code>,1,0.0104167
8,&aelig;&thorn;ele,<code>&amp;ae;&amp;t;ele</code>,1,0.0104167
8,&aelig;ne,<code>&amp;ae;ne</code>,1,0.0104167
8,&eth;e,<code>&amp;d;e</code>,1,0.0104167
8,&eth;on,<code>&amp;d;on</code>,1,0.0104167
8,&thorn;urh,<code>&amp;t;urh</code>,1,0.0104167
8,&thorn;us,<code>&amp;t;us</code>,1,0.0104167
8,ac,<code>ac</code>,1,0.0104167
8,angolsexna,<code>angolsexna</code>,1,0.0104167
8,auctor,<code>auctor</code>,1,0.0104167
8,beorn,<code>beorn</code>,1,0.0104167
8,biblos,<code>biblos</code>,1,0.0104167
8,biddan,<code>biddan</code>,1,0.0104167
8,boca,<code>boca</code>,1,0.0104167
8,boethia,<code>boethia</code>,1,0.0104167
8,bonus,<code>bonus</code>,1,0.0104167
8,bretene,<code>bretene</code>,1,0.0104167
8,byscop,<code>byscop</code>,1,0.0104167
8,cosmo,<code>cosmo</code>,1,0.0104167
8,cum,<code>cum</code>,1,0.0104167
8,dinams,<code>dinams</code>,1,0.0104167
8,drihten,<code>drihten</code>,1,0.0104167
8,e&eth;le,<code>e&amp;d;le</code>,1,0.0104167
8,ealdelm,<code>ealdelm</code>,1,0.0104167
8,ealneg,<code>ealneg</code>,1,0.0104167
8,ec,<code>ec</code>,1,0.0104167
8,encratea,<code>encratea</code>,1,0.0104167
8,eor&eth;an,<code>eor&amp;d;an</code>,1,0.0104167
8,euthenia,<code>euthenia</code>,1,0.0104167
8,factor,<code>factor</code>,1,0.0104167
8,for&eth;,<code>for&amp;d;</code>,1,0.0104167
8,fortis,<code>fortis</code>,1,0.0104167
8,fuit,<code>fuit</code>,1,0.0104167
8,fylste,<code>fylste</code>,1,0.0104167
8,geano&eth;e,<code>geano&amp;d;e</code>,1,0.0104167
8,gemind,<code>gemind</code>,1,0.0104167
8,geomres,<code>geomres</code>,1,0.0104167
8,geonges,<code>geonges</code>,1,0.0104167
8,georne,<code>georne</code>,1,0.0104167
8,ges&aelig;d,<code>ges&amp;ae;d</code>,1,0.0104167
8,gesette,<code>gesette</code>,1,0.0104167
8,gleaw,<code>gleaw</code>,1,0.0104167
8,gyfe,<code>gyfe</code>,1,0.0104167
8,his,<code>his</code>,1,0.0104167
8,iamiamque,<code>iamiamque</code>,1,0.0104167
8,ic,<code>ic</code>,1,0.0104167
8,in,<code>in</code>,1,0.0104167
8,ipselos,<code>ipselos</code>,1,0.0104167
8,is,<code>is</code>,1,0.0104167
8,iustus,<code>iustus</code>,1,0.0104167
8,labor,<code>labor</code>,1,0.0104167
8,ladigan,<code>ladigan</code>,1,0.0104167
8,leas,<code>leas</code>,1,0.0104167
8,me,<code>me</code>,1,0.0104167
8,micro,<code>micro</code>,1,0.0104167
8,modes,<code>modes</code>,1,0.0104167
8,nalles,<code>nalles</code>,1,0.0104167
8,ne,<code>ne</code>,1,0.0104167
8,nu,<code>nu</code>,1,0.0104167
8,nusquam,<code>nusquam</code>,1,0.0104167
8,oftor,<code>oftor</code>,1,0.0104167
8,pleno,<code>pleno</code>,1,0.0104167
8,pondus,<code>pondus</code>,1,0.0104167
8,ponus,<code>ponus</code>,1,0.0104167
8,quem,<code>quem</code>,1,0.0104167
8,sanctus,<code>sanctus</code>,1,0.0104167
8,sceop,<code>sceop</code>,1,0.0104167
8,se,<code>se</code>,1,0.0104167
8,secgan,<code>secgan</code>,1,0.0104167
8,sensu,<code>sensu</code>,1,0.0104167
8,simle,<code>simle</code>,1,0.0104167
8,so&eth;,<code>so&amp;d;</code>,1,0.0104167
8,symle,<code>symle</code>,1,0.0104167
8,tenet,<code>tenet</code>,1,0.0104167
8,w&aelig;s,<code>w&amp;ae;s</code>,1,0.0104167
8,yfel,<code>yfel</code>,1,0.0104167
