A_Poetry,A31,A31_Seasons_T01710.txt,685,518,1318
RANK,HTML WORD,RAW WORD,COUNT,RELATIVE FREQUENCY
1,and,<code>and</code>,50,0.0379363
2,on,<code>on</code>,39,0.0295903
3,&thorn;&aelig;t,<code>&amp;t;&amp;ae;t</code>,31,0.0235205
4,&thorn;e,<code>&amp;t;e</code>,26,0.0197269
5,he,<code>he</code>,25,0.0189681
6,&thorn;a,<code>&amp;t;a</code>,23,0.0174507
7,to,<code>to</code>,19,0.0144158
8,we,<code>we</code>,17,0.0128983
9,swa,<code>swa</code>,12,0.0091047
10,&thorn;&aelig;s,<code>&amp;t;&amp;ae;s</code>,11,0.0083460
10,&thorn;am,<code>&amp;t;am</code>,11,0.0083460
10,hie,<code>hie</code>,11,0.0083460
10,him,<code>him</code>,11,0.0083460
10,se,<code>se</code>,11,0.0083460
15,dryhtnes,<code>dryhtnes</code>,10,0.0075873
15,f&aelig;sten,<code>f&amp;ae;sten</code>,10,0.0075873
15,mid,<code>mid</code>,10,0.0075873
18,&thorn;&aelig;r,<code>&amp;t;&amp;ae;r</code>,9,0.0068285
18,ac,<code>ac</code>,9,0.0068285
18,is,<code>is</code>,9,0.0068285
18,ne,<code>ne</code>,9,0.0068285
22,sceolan,<code>sceolan</code>,8,0.0060698
23,&thorn;one,<code>&amp;t;one</code>,7,0.0053111
23,daga,<code>daga</code>,7,0.0053111
23,feowertig,<code>feowertig</code>,7,0.0053111
23,her,<code>her</code>,7,0.0053111
23,hine,<code>hine</code>,7,0.0053111
23,nu,<code>nu</code>,7,0.0053111
29,&aelig;r,<code>&amp;ae;r</code>,6,0.0045524
29,&thorn;u,<code>&amp;t;u</code>,6,0.0045524
29,&thorn;urh,<code>&amp;t;urh</code>,6,0.0045524
29,dryhten,<code>dryhten</code>,6,0.0045524
29,for,<code>for</code>,6,0.0045524
29,gif,<code>gif</code>,6,0.0045524
29,of,<code>of</code>,6,0.0045524
29,us,<code>us</code>,6,0.0045524
29,wuldres,<code>wuldres</code>,6,0.0045524
38,&thorn;&aelig;re,<code>&amp;t;&amp;ae;re</code>,5,0.0037936
38,&thorn;onne,<code>&amp;t;onne</code>,5,0.0037936
38,d&aelig;dum,<code>d&amp;ae;dum</code>,5,0.0037936
38,gyf,<code>gyf</code>,5,0.0037936
38,his,<code>his</code>,5,0.0037936
38,hu,<code>hu</code>,5,0.0037936
38,leodum,<code>leodum</code>,5,0.0037936
38,lifes,<code>lifes</code>,5,0.0037936
46,&aelig;rur,<code>&amp;ae;rur</code>,4,0.0030349
46,&thorn;&aelig;m,<code>&amp;t;&amp;ae;m</code>,4,0.0030349
46,geond,<code>geond</code>,4,0.0030349
46,iu,<code>iu</code>,4,0.0030349
46,lare,<code>lare</code>,4,0.0030349
46,leoda,<code>leoda</code>,4,0.0030349
46,man,<code>man</code>,4,0.0030349
46,samod,<code>samod</code>,4,0.0030349
46,sylfe,<code>sylfe</code>,4,0.0030349
46,w&aelig;s,<code>w&amp;ae;s</code>,4,0.0030349
46,wucan,<code>wucan</code>,4,0.0030349
57,&aelig;t,<code>&amp;ae;t</code>,3,0.0022762
57,bed&aelig;led,<code>bed&amp;ae;led</code>,3,0.0022762
57,boca,<code>boca</code>,3,0.0022762
57,crist,<code>crist</code>,3,0.0022762
57,d&aelig;ghwamlice,<code>d&amp;ae;ghwamlice</code>,3,0.0022762
57,deoran,<code>deoran</code>,3,0.0022762
57,dihte,<code>dihte</code>,3,0.0022762
57,eac,<code>eac</code>,3,0.0022762
57,ealdor,<code>ealdor</code>,3,0.0022762
57,eallum,<code>eallum</code>,3,0.0022762
57,englas,<code>englas</code>,3,0.0022762
57,frean,<code>frean</code>,3,0.0022762
57,fyrna,<code>fyrna</code>,3,0.0022762
57,gumena,<code>gumena</code>,3,0.0022762
57,hafa&eth;,<code>hafa&amp;d;</code>,3,0.0022762
57,halig,<code>halig</code>,3,0.0022762
57,in,<code>in</code>,3,0.0022762
57,life,<code>life</code>,3,0.0022762
57,m&aelig;g,<code>m&amp;ae;g</code>,3,0.0022762
57,m&aelig;rne,<code>m&amp;ae;rne</code>,3,0.0022762
57,m&aelig;ssan,<code>m&amp;ae;ssan</code>,3,0.0022762
57,mon&thorn;e,<code>mon&amp;t;e</code>,3,0.0022762
57,moyses,<code>moyses</code>,3,0.0022762
57,na,<code>na</code>,3,0.0022762
57,o&thorn;&thorn;e,<code>o&amp;t;&amp;t;e</code>,3,0.0022762
57,secgan,<code>secgan</code>,3,0.0022762
57,tid,<code>tid</code>,3,0.0022762
84,&aelig;fre,<code>&amp;ae;fre</code>,2,0.0015175
84,&aelig;fter,<code>&amp;ae;fter</code>,2,0.0015175
84,&aelig;nete,<code>&amp;ae;nete</code>,2,0.0015175
84,&thorn;inga,<code>&amp;t;inga</code>,2,0.0015175
84,&thorn;issum,<code>&amp;t;issum</code>,2,0.0015175
84,anbat,<code>anbat</code>,2,0.0015175
84,arwesan,<code>arwesan</code>,2,0.0015175
84,beorn,<code>beorn</code>,2,0.0015175
84,biddan,<code>biddan</code>,2,0.0015175
84,blisse,<code>blisse</code>,2,0.0015175
84,bremenne,<code>bremenne</code>,2,0.0015175
84,bryttan,<code>bryttan</code>,2,0.0015175
84,byrgenne,<code>byrgenne</code>,2,0.0015175
84,cume&eth;,<code>cume&amp;d;</code>,2,0.0015175
84,d&aelig;g,<code>d&amp;ae;g</code>,2,0.0015175
84,d&aelig;ge,<code>d&amp;ae;ge</code>,2,0.0015175
84,dyde,<code>dyde</code>,2,0.0015175
84,efen,<code>efen</code>,2,0.0015175
84,emb,<code>emb</code>,2,0.0015175
84,engla,<code>engla</code>,2,0.0015175
84,eor&thorn;an,<code>eor&amp;t;an</code>,2,0.0015175
84,eorl,<code>eorl</code>,2,0.0015175
84,f&aelig;stenum,<code>f&amp;ae;stenum</code>,2,0.0015175
84,feala,<code>feala</code>,2,0.0015175
84,feower,<code>feower</code>,2,0.0015175
84,folces,<code>folces</code>,2,0.0015175
84,foldan,<code>foldan</code>,2,0.0015175
84,fyrena,<code>fyrena</code>,2,0.0015175
84,gefylled,<code>gefylled</code>,2,0.0015175
84,gelicum,<code>gelicum</code>,2,0.0015175
84,gelome,<code>gelome</code>,2,0.0015175
84,gewat,<code>gewat</code>,2,0.0015175
84,ham,<code>ham</code>,2,0.0015175
84,heahcyninges,<code>heahcyninges</code>,2,0.0015175
84,healdan,<code>healdan</code>,2,0.0015175
84,heold,<code>heold</code>,2,0.0015175
84,herian,<code>herian</code>,2,0.0015175
84,hi,<code>hi</code>,2,0.0015175
84,hinder,<code>hinder</code>,2,0.0015175
84,hofe,<code>hofe</code>,2,0.0015175
84,hw&aelig;t,<code>hw&amp;ae;t</code>,2,0.0015175
84,leodscipe,<code>leodscipe</code>,2,0.0015175
84,leofum,<code>leofum</code>,2,0.0015175
84,leoran,<code>leoran</code>,2,0.0015175
84,m&aelig;lde,<code>m&amp;ae;lde</code>,2,0.0015175
84,m&aelig;ra,<code>m&amp;ae;ra</code>,2,0.0015175
84,m&aelig;re,<code>m&amp;ae;re</code>,2,0.0015175
84,mann,<code>mann</code>,2,0.0015175
84,manna,<code>manna</code>,2,0.0015175
84,me,<code>me</code>,2,0.0015175
84,mote,<code>mote</code>,2,0.0015175
84,munt,<code>munt</code>,2,0.0015175
84,nahtes,<code>nahtes</code>,2,0.0015175
84,nan,<code>nan</code>,2,0.0015175
84,nemna&eth;,<code>nemna&amp;d;</code>,2,0.0015175
84,nergend,<code>nergend</code>,2,0.0015175
84,nigo&thorn;an,<code>nigo&amp;t;an</code>,2,0.0015175
84,nihta,<code>nihta</code>,2,0.0015175
84,ongan,<code>ongan</code>,2,0.0015175
84,ostran,<code>ostran</code>,2,0.0015175
84,papa,<code>papa</code>,2,0.0015175
84,preostas,<code>preostas</code>,2,0.0015175
84,r&aelig;de,<code>r&amp;ae;de</code>,2,0.0015175
84,rices,<code>rices</code>,2,0.0015175
84,runa,<code>runa</code>,2,0.0015175
84,sacerdas,<code>sacerdas</code>,2,0.0015175
84,sange,<code>sange</code>,2,0.0015175
84,scealt,<code>scealt</code>,2,0.0015175
84,sint,<code>sint</code>,2,0.0015175
84,sona,<code>sona</code>,2,0.0015175
84,su&thorn;an,<code>su&amp;t;an</code>,2,0.0015175
84,sylfne,<code>sylfne</code>,2,0.0015175
84,t&aelig;ppere,<code>t&amp;ae;ppere</code>,2,0.0015175
84,tacne,<code>tacne</code>,2,0.0015175
84,tyd,<code>tyd</code>,2,0.0015175
84,ures,<code>ures</code>,2,0.0015175
84,uton,<code>uton</code>,2,0.0015175
84,wear&eth;,<code>wear&amp;d;</code>,2,0.0015175
84,weg,<code>weg</code>,2,0.0015175
84,wese,<code>wese</code>,2,0.0015175
84,westene,<code>westene</code>,2,0.0015175
84,womma,<code>womma</code>,2,0.0015175
84,word,<code>word</code>,2,0.0015175
84,worulde,<code>worulde</code>,2,0.0015175
168,&aelig;,<code>&amp;ae;</code>,1,0.0007587
168,&aelig;&thorn;el,<code>&amp;ae;&amp;t;el</code>,1,0.0007587
168,&aelig;&thorn;ele,<code>&amp;ae;&amp;t;ele</code>,1,0.0007587
168,&aelig;bylig&thorn;e,<code>&amp;ae;bylig&amp;t;e</code>,1,0.0007587
168,&aelig;feste,<code>&amp;ae;feste</code>,1,0.0007587
168,&aelig;ghw&aelig;r,<code>&amp;ae;ghw&amp;ae;r</code>,1,0.0007587
168,&aelig;lcne,<code>&amp;ae;lcne</code>,1,0.0007587
168,&aelig;lda,<code>&amp;ae;lda</code>,1,0.0007587
168,&aelig;lmesd&aelig;de,<code>&amp;ae;lmesd&amp;ae;de</code>,1,0.0007587
168,&aelig;lmesd&aelig;dum,<code>&amp;ae;lmesd&amp;ae;dum</code>,1,0.0007587
168,&aelig;nig,<code>&amp;ae;nig</code>,1,0.0007587
168,&aelig;rest,<code>&amp;ae;rest</code>,1,0.0007587
168,&aelig;restan,<code>&amp;ae;restan</code>,1,0.0007587
168,&aelig;reste,<code>&amp;ae;reste</code>,1,0.0007587
168,&aelig;rf&aelig;ste,<code>&amp;ae;rf&amp;ae;ste</code>,1,0.0007587
168,&aelig;riste,<code>&amp;ae;riste</code>,1,0.0007587
168,&aelig;rran,<code>&amp;ae;rran</code>,1,0.0007587
168,&aelig;te,<code>&amp;ae;te</code>,1,0.0007587
168,&aelig;tywed,<code>&amp;ae;tywed</code>,1,0.0007587
168,&eth;onne,<code>&amp;d;onne</code>,1,0.0007587
168,&thorn;&aelig;,<code>&amp;t;&amp;ae;</code>,1,0.0007587
168,&thorn;earf,<code>&amp;t;earf</code>,1,0.0007587
168,&thorn;egen,<code>&amp;t;egen</code>,1,0.0007587
168,&thorn;endan,<code>&amp;t;endan</code>,1,0.0007587
168,&thorn;enunga,<code>&amp;t;enunga</code>,1,0.0007587
168,&thorn;eod,<code>&amp;t;eod</code>,1,0.0007587
168,&thorn;eoda,<code>&amp;t;eoda</code>,1,0.0007587
168,&thorn;eodlareow,<code>&amp;t;eodlareow</code>,1,0.0007587
168,&thorn;eodlic,<code>&amp;t;eodlic</code>,1,0.0007587
168,&thorn;eodne,<code>&amp;t;eodne</code>,1,0.0007587
168,&thorn;eodum,<code>&amp;t;eodum</code>,1,0.0007587
168,&thorn;icgan,<code>&amp;t;icgan</code>,1,0.0007587
168,&thorn;ince&eth;,<code>&amp;t;ince&amp;d;</code>,1,0.0007587
168,&thorn;ingan,<code>&amp;t;ingan</code>,1,0.0007587
168,&thorn;inge&eth;,<code>&amp;t;inge&amp;d;</code>,1,0.0007587
168,&thorn;inne,<code>&amp;t;inne</code>,1,0.0007587
168,&thorn;reale,<code>&amp;t;reale</code>,1,0.0007587
168,&thorn;realic,<code>&amp;t;realic</code>,1,0.0007587
168,&thorn;ryddan,<code>&amp;t;ryddan</code>,1,0.0007587
168,&thorn;rydde,<code>&amp;t;rydde</code>,1,0.0007587
168,&thorn;urste,<code>&amp;t;urste</code>,1,0.0007587
168,&thorn;us,<code>&amp;t;us</code>,1,0.0007587
168,&thorn;weale,<code>&amp;t;weale</code>,1,0.0007587
168,&thorn;y,<code>&amp;t;y</code>,1,0.0007587
168,&thorn;ycgen,<code>&amp;t;ycgen</code>,1,0.0007587
168,&thorn;yngian,<code>&amp;t;yngian</code>,1,0.0007587
168,aginna&eth;,<code>aginna&amp;d;</code>,1,0.0007587
168,ahw&aelig;t,<code>ahw&amp;ae;t</code>,1,0.0007587
168,an,<code>an</code>,1,0.0007587
168,andfeng,<code>andfeng</code>,1,0.0007587
168,andlifene,<code>andlifene</code>,1,0.0007587
168,anfenge,<code>anfenge</code>,1,0.0007587
168,anglum,<code>anglum</code>,1,0.0007587
168,anlyht,<code>anlyht</code>,1,0.0007587
168,arisan,<code>arisan</code>,1,0.0007587
168,as&aelig;de,<code>as&amp;ae;de</code>,1,0.0007587
168,asende,<code>asende</code>,1,0.0007587
168,astigenne,<code>astigenne</code>,1,0.0007587
168,atele,<code>atele</code>,1,0.0007587
168,b&aelig;&eth;e,<code>b&amp;ae;&amp;d;e</code>,1,0.0007587
168,b&aelig;le,<code>b&amp;ae;le</code>,1,0.0007587
168,beam,<code>beam</code>,1,0.0007587
168,bearnum,<code>bearnum</code>,1,0.0007587
168,bebeoda&eth;,<code>bebeoda&amp;d;</code>,1,0.0007587
168,bedigled,<code>bedigled</code>,1,0.0007587
168,behl&aelig;ned,<code>behl&amp;ae;ned</code>,1,0.0007587
168,beorhtum,<code>beorhtum</code>,1,0.0007587
168,beornum,<code>beornum</code>,1,0.0007587
168,besyredon,<code>besyredon</code>,1,0.0007587
168,betan,<code>betan</code>,1,0.0007587
168,bi&eth;,<code>bi&amp;d;</code>,1,0.0007587
168,bitere,<code>bitere</code>,1,0.0007587
168,bl&aelig;da,<code>bl&amp;ae;da</code>,1,0.0007587
168,bocstafum,<code>bocstafum</code>,1,0.0007587
168,bote,<code>bote</code>,1,0.0007587
168,breman,<code>breman</code>,1,0.0007587
168,bremne,<code>bremne</code>,1,0.0007587
168,bruce,<code>bruce</code>,1,0.0007587
168,brymenne,<code>brymenne</code>,1,0.0007587
168,brytena,<code>brytena</code>,1,0.0007587
168,brytta,<code>brytta</code>,1,0.0007587
168,butan,<code>butan</code>,1,0.0007587
168,by&eth;,<code>by&amp;d;</code>,1,0.0007587
168,com,<code>com</code>,1,0.0007587
168,costian,<code>costian</code>,1,0.0007587
168,costude,<code>costude</code>,1,0.0007587
168,cr&aelig;ft,<code>cr&amp;ae;ft</code>,1,0.0007587
168,cristes,<code>cristes</code>,1,0.0007587
168,cunne,<code>cunne</code>,1,0.0007587
168,cwe&eth;a&eth;,<code>cwe&amp;d;a&amp;d;</code>,1,0.0007587
168,cymene,<code>cymene</code>,1,0.0007587
168,cyninge,<code>cyninge</code>,1,0.0007587
168,d&aelig;dfruman,<code>d&amp;ae;dfruman</code>,1,0.0007587
168,d&aelig;ghluttre,<code>d&amp;ae;ghluttre</code>,1,0.0007587
168,de&eth;,<code>de&amp;d;</code>,1,0.0007587
168,deman,<code>deman</code>,1,0.0007587
168,deme&eth;,<code>deme&amp;d;</code>,1,0.0007587
168,deopan,<code>deopan</code>,1,0.0007587
168,deorne,<code>deorne</code>,1,0.0007587
168,deornum,<code>deornum</code>,1,0.0007587
168,deorum,<code>deorum</code>,1,0.0007587
168,dom,<code>dom</code>,1,0.0007587
168,dreng,<code>dreng</code>,1,0.0007587
168,drince,<code>drince</code>,1,0.0007587
168,drofe,<code>drofe</code>,1,0.0007587
168,duge&thorn;um,<code>duge&amp;t;um</code>,1,0.0007587
168,dugu&thorn;e,<code>dugu&amp;t;e</code>,1,0.0007587
168,dun,<code>dun</code>,1,0.0007587
168,durre,<code>durre</code>,1,0.0007587
168,dyhte,<code>dyhte</code>,1,0.0007587
168,dymnissa,<code>dymnissa</code>,1,0.0007587
168,dyppan,<code>dyppan</code>,1,0.0007587
168,eald,<code>eald</code>,1,0.0007587
168,ealda,<code>ealda</code>,1,0.0007587
168,ealddagum,<code>ealddagum</code>,1,0.0007587
168,ealdere,<code>ealdere</code>,1,0.0007587
168,ealdre,<code>ealdre</code>,1,0.0007587
168,eall,<code>eall</code>,1,0.0007587
168,ealra,<code>ealra</code>,1,0.0007587
168,eard,<code>eard</code>,1,0.0007587
168,earm,<code>earm</code>,1,0.0007587
168,eastertid,<code>eastertid</code>,1,0.0007587
168,efne,<code>efne</code>,1,0.0007587
168,eft,<code>eft</code>,1,0.0007587
168,ege,<code>ege</code>,1,0.0007587
168,egum,<code>egum</code>,1,0.0007587
168,elda,<code>elda</code>,1,0.0007587
168,elias,<code>elias</code>,1,0.0007587
168,emnihtes,<code>emnihtes</code>,1,0.0007587
168,ende,<code>ende</code>,1,0.0007587
168,engle,<code>engle</code>,1,0.0007587
168,englum,<code>englum</code>,1,0.0007587
168,eor&thorn;bugendum,<code>eor&amp;t;bugendum</code>,1,0.0007587
168,estum,<code>estum</code>,1,0.0007587
168,etan,<code>etan</code>,1,0.0007587
168,f&aelig;stan,<code>f&amp;ae;stan</code>,1,0.0007587
168,f&aelig;ste,<code>f&amp;ae;ste</code>,1,0.0007587
168,f&aelig;stendtida,<code>f&amp;ae;stendtida</code>,1,0.0007587
168,f&aelig;stene,<code>f&amp;ae;stene</code>,1,0.0007587
168,f&aelig;stenne,<code>f&amp;ae;stenne</code>,1,0.0007587
168,f&aelig;stenu,<code>f&amp;ae;stenu</code>,1,0.0007587
168,fah,<code>fah</code>,1,0.0007587
168,feor&thorn;a,<code>feor&amp;t;a</code>,1,0.0007587
168,feor&thorn;e,<code>feor&amp;t;e</code>,1,0.0007587
168,ferde,<code>ferde</code>,1,0.0007587
168,ferede,<code>ferede</code>,1,0.0007587
168,filia&eth;,<code>filia&amp;d;</code>,1,0.0007587
168,filian,<code>filian</code>,1,0.0007587
168,firsude,<code>firsude</code>,1,0.0007587
168,fisc,<code>fisc</code>,1,0.0007587
168,fl&aelig;sces,<code>fl&amp;ae;sces</code>,1,0.0007587
168,flode,<code>flode</code>,1,0.0007587
168,folc,<code>folc</code>,1,0.0007587
168,folce,<code>folce</code>,1,0.0007587
168,fon,<code>fon</code>,1,0.0007587
168,for&thorn;,<code>for&amp;t;</code>,1,0.0007587
168,for&thorn;egide,<code>for&amp;t;egide</code>,1,0.0007587
168,forh&aelig;fenesse,<code>forh&amp;ae;fenesse</code>,1,0.0007587
168,forl&aelig;da&eth;,<code>forl&amp;ae;da&amp;d;</code>,1,0.0007587
168,forme,<code>forme</code>,1,0.0007587
168,fr&aelig;te,<code>fr&amp;ae;te</code>,1,0.0007587
168,fram,<code>fram</code>,1,0.0007587
168,franca,<code>franca</code>,1,0.0007587
168,frea,<code>frea</code>,1,0.0007587
168,fremman,<code>fremman</code>,1,0.0007587
168,freode,<code>freode</code>,1,0.0007587
168,freond,<code>freond</code>,1,0.0007587
168,froda,<code>froda</code>,1,0.0007587
168,from,<code>from</code>,1,0.0007587
168,fruma,<code>fruma</code>,1,0.0007587
168,fry&thorn;a,<code>fry&amp;t;a</code>,1,0.0007587
168,full,<code>full</code>,1,0.0007587
168,fulwihtes,<code>fulwihtes</code>,1,0.0007587
168,fundon,<code>fundon</code>,1,0.0007587
168,fylgest,<code>fylgest</code>,1,0.0007587
168,fylian,<code>fylian</code>,1,0.0007587
168,fyligan,<code>fyligan</code>,1,0.0007587
168,fyligde,<code>fyligde</code>,1,0.0007587
168,fyra,<code>fyra</code>,1,0.0007587
168,fyren,<code>fyren</code>,1,0.0007587
168,fyrene,<code>fyrene</code>,1,0.0007587
168,ge&thorn;igede,<code>ge&amp;t;igede</code>,1,0.0007587
168,ge&thorn;reatige,<code>ge&amp;t;reatige</code>,1,0.0007587
168,geara,<code>geara</code>,1,0.0007587
168,gearum,<code>gearum</code>,1,0.0007587
168,geb&aelig;ded,<code>geb&amp;ae;ded</code>,1,0.0007587
168,gebann,<code>gebann</code>,1,0.0007587
168,gebrefde,<code>gebrefde</code>,1,0.0007587
168,gebyrde,<code>gebyrde</code>,1,0.0007587
168,gedemde,<code>gedemde</code>,1,0.0007587
168,gedemdon,<code>gedemdon</code>,1,0.0007587
168,gef&aelig;stenne,<code>gef&amp;ae;stenne</code>,1,0.0007587
168,gefeana,<code>gefeana</code>,1,0.0007587
168,gefr&aelig;ge,<code>gefr&amp;ae;ge</code>,1,0.0007587
168,gefremme,<code>gefremme</code>,1,0.0007587
168,gefyllan,<code>gefyllan</code>,1,0.0007587
168,gegladian,<code>gegladian</code>,1,0.0007587
168,gehalgod,<code>gehalgod</code>,1,0.0007587
168,gehate&eth;,<code>gehate&amp;d;</code>,1,0.0007587
168,gehaten,<code>gehaten</code>,1,0.0007587
168,gehicgan,<code>gehicgan</code>,1,0.0007587
168,gehwelces,<code>gehwelces</code>,1,0.0007587
168,gehwilc,<code>gehwilc</code>,1,0.0007587
168,gehwilce,<code>gehwilce</code>,1,0.0007587
168,gehwilcum,<code>gehwilcum</code>,1,0.0007587
168,gehwylce,<code>gehwylce</code>,1,0.0007587
168,gehwylces,<code>gehwylces</code>,1,0.0007587
168,gehyrdon,<code>gehyrdon</code>,1,0.0007587
168,gel&aelig;sta&eth;,<code>gel&amp;ae;sta&amp;d;</code>,1,0.0007587
168,gel&aelig;stan,<code>gel&amp;ae;stan</code>,1,0.0007587
168,gel&aelig;stanne,<code>gel&amp;ae;stanne</code>,1,0.0007587
168,gelared,<code>gelared</code>,1,0.0007587
168,gelesen,<code>gelesen</code>,1,0.0007587
168,gelicne,<code>gelicne</code>,1,0.0007587
168,gemearcod,<code>gemearcod</code>,1,0.0007587
168,gemynde,<code>gemynde</code>,1,0.0007587
168,gemyndig,<code>gemyndig</code>,1,0.0007587
168,genemne&eth;,<code>genemne&amp;d;</code>,1,0.0007587
168,ger&aelig;dan,<code>ger&amp;ae;dan</code>,1,0.0007587
168,gerim,<code>gerim</code>,1,0.0007587
168,gerine,<code>gerine</code>,1,0.0007587
168,gerynu,<code>gerynu</code>,1,0.0007587
168,gerynum,<code>gerynum</code>,1,0.0007587
168,gescead,<code>gescead</code>,1,0.0007587
168,gescrifene,<code>gescrifene</code>,1,0.0007587
168,geseah,<code>geseah</code>,1,0.0007587
168,gesealde,<code>gesealde</code>,1,0.0007587
168,gesette,<code>gesette</code>,1,0.0007587
168,gesohte,<code>gesohte</code>,1,0.0007587
168,gestigan,<code>gestigan</code>,1,0.0007587
168,gestrangud,<code>gestrangud</code>,1,0.0007587
168,gestygan,<code>gestygan</code>,1,0.0007587
168,geteald,<code>geteald</code>,1,0.0007587
168,getinge,<code>getinge</code>,1,0.0007587
168,gewesed,<code>gewesed</code>,1,0.0007587
168,gewinna,<code>gewinna</code>,1,0.0007587
168,gewinnan,<code>gewinnan</code>,1,0.0007587
168,gewyr&thorn;e,<code>gewyr&amp;t;e</code>,1,0.0007587
168,gewyrpan,<code>gewyrpan</code>,1,0.0007587
168,god,<code>god</code>,1,0.0007587
168,goda,<code>goda</code>,1,0.0007587
168,goddlife,<code>goddlife</code>,1,0.0007587
168,godes,<code>godes</code>,1,0.0007587
168,gregori&aelig;,<code>gregori&amp;ae;</code>,1,0.0007587
168,gregorius,<code>gregorius</code>,1,0.0007587
168,gremia&eth;,<code>gremia&amp;d;</code>,1,0.0007587
168,gyfle,<code>gyfle</code>,1,0.0007587
168,gyltan,<code>gyltan</code>,1,0.0007587
168,gyltig,<code>gyltig</code>,1,0.0007587
168,gyme,<code>gyme</code>,1,0.0007587
168,gynd,<code>gynd</code>,1,0.0007587
168,gyt,<code>gyt</code>,1,0.0007587
168,h&aelig;bbe,<code>h&amp;ae;bbe</code>,1,0.0007587
168,h&aelig;f&eth;,<code>h&amp;ae;f&amp;d;</code>,1,0.0007587
168,h&aelig;fde,<code>h&amp;ae;fde</code>,1,0.0007587
168,h&aelig;le&thorn;,<code>h&amp;ae;le&amp;t;</code>,1,0.0007587
168,h&aelig;le&thorn;a,<code>h&amp;ae;le&amp;t;a</code>,1,0.0007587
168,h&aelig;t,<code>h&amp;ae;t</code>,1,0.0007587
168,halga,<code>halga</code>,1,0.0007587
168,hali,<code>hali</code>,1,0.0007587
168,haligan,<code>haligan</code>,1,0.0007587
168,handa,<code>handa</code>,1,0.0007587
168,heahcyning,<code>heahcyning</code>,1,0.0007587
168,heald,<code>heald</code>,1,0.0007587
168,healda&eth;,<code>healda&amp;d;</code>,1,0.0007587
168,healden,<code>healden</code>,1,0.0007587
168,hearm,<code>hearm</code>,1,0.0007587
168,hearmes,<code>hearmes</code>,1,0.0007587
168,helias,<code>helias</code>,1,0.0007587
168,helpa&eth;,<code>helpa&amp;d;</code>,1,0.0007587
168,helpes,<code>helpes</code>,1,0.0007587
168,heofena,<code>heofena</code>,1,0.0007587
168,heofenes,<code>heofenes</code>,1,0.0007587
168,heofenwarum,<code>heofenwarum</code>,1,0.0007587
168,heofna,<code>heofna</code>,1,0.0007587
168,heofona,<code>heofona</code>,1,0.0007587
168,heofonum,<code>heofonum</code>,1,0.0007587
168,heoldan,<code>heoldan</code>,1,0.0007587
168,heoldon,<code>heoldon</code>,1,0.0007587
168,heolp,<code>heolp</code>,1,0.0007587
168,heom,<code>heom</code>,1,0.0007587
168,heora,<code>heora</code>,1,0.0007587
168,heowan,<code>heowan</code>,1,0.0007587
168,herescype,<code>herescype</code>,1,0.0007587
168,het,<code>het</code>,1,0.0007587
168,hewan,<code>hewan</code>,1,0.0007587
168,hewdon,<code>hewdon</code>,1,0.0007587
168,hewe,<code>hewe</code>,1,0.0007587
168,hicganne,<code>hicganne</code>,1,0.0007587
168,higef&aelig;ste,<code>higef&amp;ae;ste</code>,1,0.0007587
168,higesynnig,<code>higesynnig</code>,1,0.0007587
168,hiora,<code>hiora</code>,1,0.0007587
168,hit,<code>hit</code>,1,0.0007587
168,horeb,<code>horeb</code>,1,0.0007587
168,hremig,<code>hremig</code>,1,0.0007587
168,hund,<code>hund</code>,1,0.0007587
168,hw&aelig;ne,<code>hw&amp;ae;ne</code>,1,0.0007587
168,hwa,<code>hwa</code>,1,0.0007587
168,hwilcum,<code>hwilcum</code>,1,0.0007587
168,hyht,<code>hyht</code>,1,0.0007587
168,hyra,<code>hyra</code>,1,0.0007587
168,hyrde,<code>hyrde</code>,1,0.0007587
168,ic,<code>ic</code>,1,0.0007587
168,ilcan,<code>ilcan</code>,1,0.0007587
168,inne,<code>inne</code>,1,0.0007587
168,israheala,<code>israheala</code>,1,0.0007587
168,iunius,<code>iunius</code>,1,0.0007587
168,l&aelig;ra&eth;,<code>l&amp;ae;ra&amp;d;</code>,1,0.0007587
168,l&aelig;ran,<code>l&amp;ae;ran</code>,1,0.0007587
168,l&aelig;rde,<code>l&amp;ae;rde</code>,1,0.0007587
168,l&aelig;rede,<code>l&amp;ae;rede</code>,1,0.0007587
168,l&aelig;s,<code>l&amp;ae;s</code>,1,0.0007587
168,lamb,<code>lamb</code>,1,0.0007587
168,land,<code>land</code>,1,0.0007587
168,lange,<code>lange</code>,1,0.0007587
168,lareow,<code>lareow</code>,1,0.0007587
168,larum,<code>larum</code>,1,0.0007587
168,leahtra,<code>leahtra</code>,1,0.0007587
168,leahtrum,<code>leahtrum</code>,1,0.0007587
168,leane,<code>leane</code>,1,0.0007587
168,leaslice,<code>leaslice</code>,1,0.0007587
168,leasne,<code>leasne</code>,1,0.0007587
168,lengten,<code>lengten</code>,1,0.0007587
168,lengtenes,<code>lengtenes</code>,1,0.0007587
168,lengtentid,<code>lengtentid</code>,1,0.0007587
168,leofne,<code>leofne</code>,1,0.0007587
168,leogan,<code>leogan</code>,1,0.0007587
168,leohtras,<code>leohtras</code>,1,0.0007587
168,leordun,<code>leordun</code>,1,0.0007587
168,let,<code>let</code>,1,0.0007587
168,letan,<code>letan</code>,1,0.0007587
168,lichoman,<code>lichoman</code>,1,0.0007587
168,ligegen,<code>ligegen</code>,1,0.0007587
168,lofe,<code>lofe</code>,1,0.0007587
168,lufian,<code>lufian</code>,1,0.0007587
168,lustum,<code>lustum</code>,1,0.0007587
168,m&aelig;&eth;a,<code>m&amp;ae;&amp;d;a</code>,1,0.0007587
168,m&aelig;gen,<code>m&amp;ae;gen</code>,1,0.0007587
168,m&aelig;gena,<code>m&amp;ae;gena</code>,1,0.0007587
168,m&aelig;nige,<code>m&amp;ae;nige</code>,1,0.0007587
168,m&aelig;nium,<code>m&amp;ae;nium</code>,1,0.0007587
168,m&aelig;r&thorn;a,<code>m&amp;ae;r&amp;t;a</code>,1,0.0007587
168,m&aelig;ran,<code>m&amp;ae;ran</code>,1,0.0007587
168,m&aelig;rum,<code>m&amp;ae;rum</code>,1,0.0007587
168,magon,<code>magon</code>,1,0.0007587
168,manes,<code>manes</code>,1,0.0007587
168,mannum,<code>mannum</code>,1,0.0007587
168,martius,<code>martius</code>,1,0.0007587
168,me&thorn;ig,<code>me&amp;t;ig</code>,1,0.0007587
168,mearce,<code>mearce</code>,1,0.0007587
168,mergan,<code>mergan</code>,1,0.0007587
168,mettas,<code>mettas</code>,1,0.0007587
168,micel,<code>micel</code>,1,0.0007587
168,mihta,<code>mihta</code>,1,0.0007587
168,mihte,<code>mihte</code>,1,0.0007587
168,mine,<code>mine</code>,1,0.0007587
168,moldan,<code>moldan</code>,1,0.0007587
168,morgentyd,<code>morgentyd</code>,1,0.0007587
168,mose,<code>mose</code>,1,0.0007587
168,mot,<code>mot</code>,1,0.0007587
168,moysen,<code>moysen</code>,1,0.0007587
168,muntes,<code>muntes</code>,1,0.0007587
168,myrcels,<code>myrcels</code>,1,0.0007587
168,n&aelig;f&thorn;,<code>n&amp;ae;f&amp;t;</code>,1,0.0007587
168,n&aelig;s,<code>n&amp;ae;s</code>,1,0.0007587
168,nanuht,<code>nanuht</code>,1,0.0007587
168,neat,<code>neat</code>,1,0.0007587
168,nehstan,<code>nehstan</code>,1,0.0007587
168,nemde,<code>nemde</code>,1,0.0007587
168,nemne&eth;,<code>nemne&amp;d;</code>,1,0.0007587
168,neorxnawong,<code>neorxnawong</code>,1,0.0007587
168,neosian,<code>neosian</code>,1,0.0007587
168,niwa&eth;,<code>niwa&amp;d;</code>,1,0.0007587
168,niwia&eth;,<code>niwia&amp;d;</code>,1,0.0007587
168,nyhta,<code>nyhta</code>,1,0.0007587
168,o&eth;&eth;e,<code>o&amp;d;&amp;d;e</code>,1,0.0007587
168,o&thorn;,<code>o&amp;t;</code>,1,0.0007587
168,o&thorn;er,<code>o&amp;t;er</code>,1,0.0007587
168,o&thorn;erne,<code>o&amp;t;erne</code>,1,0.0007587
168,o&thorn;rum,<code>o&amp;t;rum</code>,1,0.0007587
168,ofer,<code>ofer</code>,1,0.0007587
168,offredan,<code>offredan</code>,1,0.0007587
168,ofstum,<code>ofstum</code>,1,0.0007587
168,onbolgen,<code>onbolgen</code>,1,0.0007587
168,ond,<code>ond</code>,1,0.0007587
168,ongann,<code>ongann</code>,1,0.0007587
168,ongunnon,<code>ongunnon</code>,1,0.0007587
168,ongynna&eth;,<code>ongynna&amp;d;</code>,1,0.0007587
168,or&thorn;ancum,<code>or&amp;t;ancum</code>,1,0.0007587
168,pentecostenes,<code>pentecostenes</code>,1,0.0007587
168,petres,<code>petres</code>,1,0.0007587
168,r&aelig;dum,<code>r&amp;ae;dum</code>,1,0.0007587
168,ra&thorn;e,<code>ra&amp;t;e</code>,1,0.0007587
168,rican,<code>rican</code>,1,0.0007587
168,rice,<code>rice</code>,1,0.0007587
168,rihte,<code>rihte</code>,1,0.0007587
168,rihtne,<code>rihtne</code>,1,0.0007587
168,rincum,<code>rincum</code>,1,0.0007587
168,romana,<code>romana</code>,1,0.0007587
168,rome,<code>rome</code>,1,0.0007587
168,romwara,<code>romwara</code>,1,0.0007587
168,ryhthicgennde,<code>ryhthicgennde</code>,1,0.0007587
168,sace,<code>sace</code>,1,0.0007587
168,sacerd,<code>sacerd</code>,1,0.0007587
168,sacerdan,<code>sacerdan</code>,1,0.0007587
168,sacerdos,<code>sacerdos</code>,1,0.0007587
168,sadian,<code>sadian</code>,1,0.0007587
168,sancte,<code>sancte</code>,1,0.0007587
168,scal,<code>scal</code>,1,0.0007587
168,sceacan,<code>sceacan</code>,1,0.0007587
168,sceolde,<code>sceolde</code>,1,0.0007587
168,sceole,<code>sceole</code>,1,0.0007587
168,sceolen,<code>sceolen</code>,1,0.0007587
168,scotian,<code>scotian</code>,1,0.0007587
168,scri&thorn;,<code>scri&amp;t;</code>,1,0.0007587
168,scryd,<code>scryd</code>,1,0.0007587
168,scylan,<code>scylan</code>,1,0.0007587
168,seald,<code>seald</code>,1,0.0007587
168,seca&eth;,<code>seca&amp;d;</code>,1,0.0007587
168,secga&thorn;,<code>secga&amp;t;</code>,1,0.0007587
168,sefan,<code>sefan</code>,1,0.0007587
168,sema&eth;,<code>sema&amp;d;</code>,1,0.0007587
168,seofo&thorn;a,<code>seofo&amp;t;a</code>,1,0.0007587
168,september,<code>september</code>,1,0.0007587
168,setle,<code>setle</code>,1,0.0007587
168,sette,<code>sette</code>,1,0.0007587
168,setton,<code>setton</code>,1,0.0007587
168,si&thorn;&thorn;an,<code>si&amp;t;&amp;t;an</code>,1,0.0007587
168,sidne,<code>sidne</code>,1,0.0007587
168,sigora,<code>sigora</code>,1,0.0007587
168,singan,<code>singan</code>,1,0.0007587
168,sinne,<code>sinne</code>,1,0.0007587
168,sio,<code>sio</code>,1,0.0007587
168,sittende,<code>sittende</code>,1,0.0007587
168,sixta,<code>sixta</code>,1,0.0007587
168,so&thorn;an,<code>so&amp;t;an</code>,1,0.0007587
168,sohtan,<code>sohtan</code>,1,0.0007587
168,somod,<code>somod</code>,1,0.0007587
168,sorgum,<code>sorgum</code>,1,0.0007587
168,st&aelig;ppon,<code>st&amp;ae;ppon</code>,1,0.0007587
168,stellan,<code>stellan</code>,1,0.0007587
168,str&aelig;la,<code>str&amp;ae;la</code>,1,0.0007587
168,str&aelig;ta,<code>str&amp;ae;ta</code>,1,0.0007587
168,sty&thorn;um,<code>sty&amp;t;um</code>,1,0.0007587
168,styge,<code>styge</code>,1,0.0007587
168,styrc,<code>styrc</code>,1,0.0007587
168,sum,<code>sum</code>,1,0.0007587
168,sunnand&aelig;ge,<code>sunnand&amp;ae;ge</code>,1,0.0007587
168,susla,<code>susla</code>,1,0.0007587
168,sy&thorn;&thorn;an,<code>sy&amp;t;&amp;t;an</code>,1,0.0007587
168,sylf,<code>sylf</code>,1,0.0007587
168,sylfa,<code>sylfa</code>,1,0.0007587
168,sylfes,<code>sylfes</code>,1,0.0007587
168,sylfum,<code>sylfum</code>,1,0.0007587
168,sylla&eth;,<code>sylla&amp;d;</code>,1,0.0007587
168,syllan,<code>syllan</code>,1,0.0007587
168,sylle&eth;,<code>sylle&amp;d;</code>,1,0.0007587
168,symbel,<code>symbel</code>,1,0.0007587
168,symbelbread,<code>symbelbread</code>,1,0.0007587
168,synga&eth;,<code>synga&amp;d;</code>,1,0.0007587
168,synleas,<code>synleas</code>,1,0.0007587
168,t&aelig;can,<code>t&amp;ae;can</code>,1,0.0007587
168,t&aelig;ch&eth;,<code>t&amp;ae;ch&amp;d;</code>,1,0.0007587
168,teo&thorn;,<code>teo&amp;t;</code>,1,0.0007587
168,togeanes,<code>togeanes</code>,1,0.0007587
168,torhtum,<code>torhtum</code>,1,0.0007587
168,twelfe,<code>twelfe</code>,1,0.0007587
168,tyhta&thorn;,<code>tyhta&amp;t;</code>,1,0.0007587
168,unh&aelig;l,<code>unh&amp;ae;l</code>,1,0.0007587
168,unm&aelig;ne,<code>unm&amp;ae;ne</code>,1,0.0007587
168,uplican,<code>uplican</code>,1,0.0007587
168,ure,<code>ure</code>,1,0.0007587
168,w&aelig;ron,<code>w&amp;ae;ron</code>,1,0.0007587
168,w&aelig;t,<code>w&amp;ae;t</code>,1,0.0007587
168,w&aelig;ter,<code>w&amp;ae;ter</code>,1,0.0007587
168,w&aelig;tere,<code>w&amp;ae;tere</code>,1,0.0007587
168,wancule,<code>wancule</code>,1,0.0007587
168,wang,<code>wang</code>,1,0.0007587
168,wangstede,<code>wangstede</code>,1,0.0007587
168,wear&thorn;,<code>wear&amp;t;</code>,1,0.0007587
168,weard,<code>weard</code>,1,0.0007587
168,wege,<code>wege</code>,1,0.0007587
168,welhwa,<code>welhwa</code>,1,0.0007587
168,wenan,<code>wenan</code>,1,0.0007587
168,weor&thorn;ian,<code>weor&amp;t;ian</code>,1,0.0007587
168,weorc,<code>weorc</code>,1,0.0007587
168,weorces,<code>weorces</code>,1,0.0007587
168,weorcum,<code>weorcum</code>,1,0.0007587
168,weord,<code>weord</code>,1,0.0007587
168,wereda,<code>wereda</code>,1,0.0007587
168,wi&thorn;,<code>wi&amp;t;</code>,1,0.0007587
168,wicgum,<code>wicgum</code>,1,0.0007587
168,wiglia&eth;,<code>wiglia&amp;d;</code>,1,0.0007587
168,willa&thorn;,<code>willa&amp;t;</code>,1,0.0007587
168,wilnodan,<code>wilnodan</code>,1,0.0007587
168,wines,<code>wines</code>,1,0.0007587
168,wisan,<code>wisan</code>,1,0.0007587
168,wist,<code>wist</code>,1,0.0007587
168,wiste,<code>wiste</code>,1,0.0007587
168,wlancne,<code>wlancne</code>,1,0.0007587
168,wlangum,<code>wlangum</code>,1,0.0007587
168,woldon,<code>woldon</code>,1,0.0007587
168,womme,<code>womme</code>,1,0.0007587
168,wommes,<code>wommes</code>,1,0.0007587
168,wordes,<code>wordes</code>,1,0.0007587
168,wordum,<code>wordum</code>,1,0.0007587
168,worhte,<code>worhte</code>,1,0.0007587
168,writan,<code>writan</code>,1,0.0007587
168,wrohte,<code>wrohte</code>,1,0.0007587
168,wulderfrean,<code>wulderfrean</code>,1,0.0007587
168,wulf,<code>wulf</code>,1,0.0007587
168,wuna&eth;,<code>wuna&amp;d;</code>,1,0.0007587
168,wyle,<code>wyle</code>,1,0.0007587
168,wyn,<code>wyn</code>,1,0.0007587
168,wyrd,<code>wyrd</code>,1,0.0007587
168,ylcan,<code>ylcan</code>,1,0.0007587
168,ypplen,<code>ypplen</code>,1,0.0007587
168,ys,<code>ys</code>,1,0.0007587
