A_Poetry,A32,A32.002_CaedW-S_T01730.txt,38,34,42
RANK,HTML WORD,RAW WORD,COUNT,RELATIVE FREQUENCY
1,drihten,<code>drihten</code>,2,0.0476190
1,ece,<code>ece</code>,2,0.0476190
1,he,<code>he</code>,2,0.0476190
1,weard,<code>weard</code>,2,0.0476190
5,&aelig;fter,<code>&amp;ae;fter</code>,1,0.0238095
5,&aelig;lmihtig,<code>&amp;ae;lmihtig</code>,1,0.0238095
5,&aelig;rest,<code>&amp;ae;rest</code>,1,0.0238095
5,&thorn;a,<code>&amp;t;a</code>,1,0.0238095
5,and,<code>and</code>,1,0.0238095
5,bearnum,<code>bearnum</code>,1,0.0238095
5,eor&eth;an,<code>eor&amp;d;an</code>,1,0.0238095
5,firum,<code>firum</code>,1,0.0238095
5,foldan,<code>foldan</code>,1,0.0238095
5,frea,<code>frea</code>,1,0.0238095
5,gehw&aelig;s,<code>gehw&amp;ae;s</code>,1,0.0238095
5,halig,<code>halig</code>,1,0.0238095
5,heofon,<code>heofon</code>,1,0.0238095
5,heofonrices,<code>heofonrices</code>,1,0.0238095
5,herigean,<code>herigean</code>,1,0.0238095
5,his,<code>his</code>,1,0.0238095
5,hrofe,<code>hrofe</code>,1,0.0238095
5,meahte,<code>meahte</code>,1,0.0238095
5,meotodes,<code>meotodes</code>,1,0.0238095
5,middangeard,<code>middangeard</code>,1,0.0238095
5,modge&thorn;anc,<code>modge&amp;t;anc</code>,1,0.0238095
5,moncynnes,<code>moncynnes</code>,1,0.0238095
5,nu,<code>nu</code>,1,0.0238095
5,onstealde,<code>onstealde</code>,1,0.0238095
5,or,<code>or</code>,1,0.0238095
5,sceop,<code>sceop</code>,1,0.0238095
5,sculon,<code>sculon</code>,1,0.0238095
5,scyppend,<code>scyppend</code>,1,0.0238095
5,swa,<code>swa</code>,1,0.0238095
5,teode,<code>teode</code>,1,0.0238095
5,to,<code>to</code>,1,0.0238095
5,weorc,<code>weorc</code>,1,0.0238095
5,wuldorf&aelig;der,<code>wuldorf&amp;ae;der</code>,1,0.0238095
5,wundra,<code>wundra</code>,1,0.0238095
