A_Poetry,A32,A32.001_CaedN_T01720.txt,38,34,42
RANK,HTML WORD,RAW WORD,COUNT,RELATIVE FREQUENCY
1,dryctin,<code>dryctin</code>,2,0.0476190
1,eci,<code>eci</code>,2,0.0476190
1,he,<code>he</code>,2,0.0476190
1,uard,<code>uard</code>,2,0.0476190
5,&aelig;fter,<code>&amp;ae;fter</code>,1,0.0238095
5,aelda,<code>aelda</code>,1,0.0238095
5,aerist,<code>aerist</code>,1,0.0238095
5,allmectig,<code>allmectig</code>,1,0.0238095
5,astelid&aelig;,<code>astelid&amp;ae;</code>,1,0.0238095
5,barnum,<code>barnum</code>,1,0.0238095
5,end,<code>end</code>,1,0.0238095
5,firum,<code>firum</code>,1,0.0238095
5,foldu,<code>foldu</code>,1,0.0238095
5,frea,<code>frea</code>,1,0.0238095
5,gihuaes,<code>gihuaes</code>,1,0.0238095
5,haleg,<code>haleg</code>,1,0.0238095
5,heben,<code>heben</code>,1,0.0238095
5,hefaenricaes,<code>hefaenricaes</code>,1,0.0238095
5,hergan,<code>hergan</code>,1,0.0238095
5,his,<code>his</code>,1,0.0238095
5,hrofe,<code>hrofe</code>,1,0.0238095
5,maecti,<code>maecti</code>,1,0.0238095
5,metud&aelig;s,<code>metud&amp;ae;s</code>,1,0.0238095
5,middungeard,<code>middungeard</code>,1,0.0238095
5,modgidanc,<code>modgidanc</code>,1,0.0238095
5,moncynn&aelig;s,<code>moncynn&amp;ae;s</code>,1,0.0238095
5,nu,<code>nu</code>,1,0.0238095
5,or,<code>or</code>,1,0.0238095
5,scepen,<code>scepen</code>,1,0.0238095
5,scop,<code>scop</code>,1,0.0238095
5,scylun,<code>scylun</code>,1,0.0238095
5,sue,<code>sue</code>,1,0.0238095
5,tha,<code>tha</code>,1,0.0238095
5,tiad&aelig;,<code>tiad&amp;ae;</code>,1,0.0238095
5,til,<code>til</code>,1,0.0238095
5,uerc,<code>uerc</code>,1,0.0238095
5,uuldurfadur,<code>uuldurfadur</code>,1,0.0238095
5,uundra,<code>uundra</code>,1,0.0238095
