A_Poetry,A33,A33.002_BDSH_T01750.txt,24,23,25
RANK,HTML WORD,RAW WORD,COUNT,RELATIVE FREQUENCY
1,his,<code>his</code>,2,0.0800000
2,&eth;aem,<code>&amp;d;aem</code>,1,0.0400000
2,&eth;earf,<code>&amp;d;earf</code>,1,0.0400000
2,&eth;on,<code>&amp;d;on</code>,1,0.0400000
2,&eth;onosnottorra,<code>&amp;d;onosnottorra</code>,1,0.0400000
2,aer,<code>aer</code>,1,0.0400000
2,dea&eth;dege,<code>dea&amp;d;dege</code>,1,0.0400000
2,doemed,<code>doemed</code>,1,0.0400000
2,ester,<code>ester</code>,1,0.0400000
2,fore,<code>fore</code>,1,0.0400000
2,gast&#275;,<code>gast&amp;e;</code>,1,0.0400000
2,godes,<code>godes</code>,1,0.0400000
2,him,<code>him</code>,1,0.0400000
2,hinionge,<code>hinionge</code>,1,0.0400000
2,hwet,<code>hwet</code>,1,0.0400000
2,nedfere,<code>nedfere</code>,1,0.0400000
2,nenig,<code>nenig</code>,1,0.0400000
2,o&eth;&eth;e,<code>o&amp;d;&amp;d;e</code>,1,0.0400000
2,riae,<code>riae</code>,1,0.0400000
2,to,<code>to</code>,1,0.0400000
2,wior&eth;e,<code>wior&amp;d;e</code>,1,0.0400000
2,wior&eth;e&eth;,<code>wior&amp;d;e&amp;d;</code>,1,0.0400000
2,yfles,<code>yfles</code>,1,0.0400000
2,ymbhycgenne,<code>ymbhycgenne</code>,1,0.0400000
