A_Poetry,A33,A33.001_BDSN_T01740.txt,24,23,25
RANK,HTML WORD,RAW WORD,COUNT,RELATIVE FREQUENCY
1,his,<code>his</code>,2,0.0800000
2,aefter,<code>aefter</code>,1,0.0400000
2,aer,<code>aer</code>,1,0.0400000
2,aeththa,<code>aeththa</code>,1,0.0400000
2,deothdaege,<code>deothdaege</code>,1,0.0400000
2,doemid,<code>doemid</code>,1,0.0400000
2,fore,<code>fore</code>,1,0.0400000
2,gastae,<code>gastae</code>,1,0.0400000
2,godaes,<code>godaes</code>,1,0.0400000
2,him,<code>him</code>,1,0.0400000
2,hiniongae,<code>hiniongae</code>,1,0.0400000
2,huaet,<code>huaet</code>,1,0.0400000
2,naenig,<code>naenig</code>,1,0.0400000
2,neidfaerae,<code>neidfaerae</code>,1,0.0400000
2,sie,<code>sie</code>,1,0.0400000
2,thaem,<code>thaem</code>,1,0.0400000
2,than,<code>than</code>,1,0.0400000
2,tharf,<code>tharf</code>,1,0.0400000
2,thoncsnotturra,<code>thoncsnotturra</code>,1,0.0400000
2,to,<code>to</code>,1,0.0400000
2,uueorthae,<code>uueorthae</code>,1,0.0400000
2,uuiurthit,<code>uuiurthit</code>,1,0.0400000
2,yflaes,<code>yflaes</code>,1,0.0400000
2,ymbhycggannae,<code>ymbhycggannae</code>,1,0.0400000
