A_Poetry,A33,A33.003_BDSW-S_T01760.txt,26,25,27
RANK,HTML WORD,RAW WORD,COUNT,RELATIVE FREQUENCY
1,his,<code>his</code>,2,0.0740741
2,&aelig;fter,<code>&amp;ae;fter</code>,1,0.0370370
2,&aelig;r,<code>&amp;ae;r</code>,1,0.0370370
2,&thorn;am,<code>&amp;t;am</code>,1,0.0370370
2,&thorn;ances,<code>&amp;t;ances</code>,1,0.0370370
2,&thorn;earf,<code>&amp;t;earf</code>,1,0.0370370
2,&thorn;onne,<code>&amp;t;onne</code>,1,0.0370370
2,dea&thorn;e,<code>dea&amp;t;e</code>,1,0.0370370
2,demed,<code>demed</code>,1,0.0370370
2,for,<code>for</code>,1,0.0370370
2,gaste,<code>gaste</code>,1,0.0370370
2,gehicgenne,<code>gehicgenne</code>,1,0.0370370
2,godes,<code>godes</code>,1,0.0370370
2,heonengange,<code>heonengange</code>,1,0.0370370
2,heonon,<code>heonon</code>,1,0.0370370
2,him,<code>him</code>,1,0.0370370
2,hw&aelig;t,<code>hw&amp;ae;t</code>,1,0.0370370
2,n&aelig;ni,<code>n&amp;ae;ni</code>,1,0.0370370
2,nedfere,<code>nedfere</code>,1,0.0370370
2,o&thorn;&thorn;e,<code>o&amp;t;&amp;t;e</code>,1,0.0370370
2,snotera,<code>snotera</code>,1,0.0370370
2,sy,<code>sy</code>,1,0.0370370
2,to,<code>to</code>,1,0.0370370
2,weor&thorn;e,<code>weor&amp;t;e</code>,1,0.0370370
2,wyr&thorn;e&thorn;,<code>wyr&amp;t;e&amp;t;</code>,1,0.0370370
2,yfeles,<code>yfeles</code>,1,0.0370370
