A_Poetry,A34,A34_LRid_T01770.txt,70,63,88
RANK,HTML WORD,RAW WORD,COUNT,RELATIVE FREQUENCY
1,ni,<code>ni</code>,7,0.0795455
2,mec,<code>mec</code>,5,0.0568182
3,me,<code>me</code>,4,0.0454545
4,ic,<code>ic</code>,3,0.0340909
5,&eth;eh,<code>&amp;d;eh</code>,2,0.0227273
5,&eth;i,<code>&amp;d;i</code>,2,0.0227273
5,ob,<code>ob</code>,2,0.0227273
8,&eth;a,<code>&amp;d;a</code>,1,0.0113636
8,&eth;erh,<code>&amp;d;erh</code>,1,0.0113636
8,&eth;erih,<code>&amp;d;erih</code>,1,0.0113636
8,&eth;reatun,<code>&amp;d;reatun</code>,1,0.0113636
8,&eth;ret,<code>&amp;d;ret</code>,1,0.0113636
8,aam,<code>aam</code>,1,0.0113636
8,aerest,<code>aerest</code>,1,0.0113636
8,aerigfaerae,<code>aerigfaerae</code>,1,0.0113636
8,anoegun,<code>anoegun</code>,1,0.0113636
8,auefun,<code>auefun</code>,1,0.0113636
8,bia&eth;,<code>bia&amp;d;</code>,1,0.0113636
8,biuorth&aelig;,<code>biuorth&amp;ae;</code>,1,0.0113636
8,brogum,<code>brogum</code>,1,0.0113636
8,c&aelig;nd&aelig;,<code>c&amp;ae;nd&amp;ae;</code>,1,0.0113636
8,cnyssa,<code>cnyssa</code>,1,0.0113636
8,cocrum,<code>cocrum</code>,1,0.0113636
8,craeftum,<code>craeftum</code>,1,0.0113636
8,egsan,<code>egsan</code>,1,0.0113636
8,eor&eth;u,<code>eor&amp;d;u</code>,1,0.0113636
8,fliusum,<code>fliusum</code>,1,0.0113636
8,fraetuath,<code>fraetuath</code>,1,0.0113636
8,freorig,<code>freorig</code>,1,0.0113636
8,geatum,<code>geatum</code>,1,0.0113636
8,geolu,<code>geolu</code>,1,0.0113636
8,gi&eth;raec,<code>gi&amp;d;raec</code>,1,0.0113636
8,giu&aelig;de,<code>giu&amp;ae;de</code>,1,0.0113636
8,godueb,<code>godueb</code>,1,0.0113636
8,h&#275;li&eth;um,<code>h&amp;e;li&amp;d;um</code>,1,0.0113636
8,haf&aelig;,<code>haf&amp;ae;</code>,1,0.0113636
8,hatan,<code>hatan</code>,1,0.0113636
8,hehcraeft,<code>hehcraeft</code>,1,0.0113636
8,herum,<code>herum</code>,1,0.0113636
8,his,<code>his</code>,1,0.0113636
8,hlimmith,<code>hlimmith</code>,1,0.0113636
8,hrisil,<code>hrisil</code>,1,0.0113636
8,hrutendu,<code>hrutendu</code>,1,0.0113636
8,huethrae,<code>huethrae</code>,1,0.0113636
8,hygi&eth;onc,<code>hygi&amp;d;onc</code>,1,0.0113636
8,hyhtlic,<code>hyhtlic</code>,1,0.0113636
8,inna&eth;ae,<code>inna&amp;d;ae</code>,1,0.0113636
8,mith,<code>mith</code>,1,0.0113636
8,ne,<code>ne</code>,1,0.0113636
8,niudlicae,<code>niudlicae</code>,1,0.0113636
8,numen,<code>numen</code>,1,0.0113636
8,ofaer,<code>ofaer</code>,1,0.0113636
8,ouana,<code>ouana</code>,1,0.0113636
8,sceal,<code>sceal</code>,1,0.0113636
8,scelfath,<code>scelfath</code>,1,0.0113636
8,se,<code>se</code>,1,0.0113636
8,si&aelig;,<code>si&amp;ae;</code>,1,0.0113636
8,suae,<code>suae</code>,1,0.0113636
8,uaat,<code>uaat</code>,1,0.0113636
8,uarp,<code>uarp</code>,1,0.0113636
8,uefl&aelig;,<code>uefl&amp;ae;</code>,1,0.0113636
8,ueta,<code>ueta</code>,1,0.0113636
8,uid&aelig;,<code>uid&amp;ae;</code>,1,0.0113636
8,uil,<code>uil</code>,1,0.0113636
8,uong,<code>uong</code>,1,0.0113636
8,uullan,<code>uullan</code>,1,0.0113636
8,uundnae,<code>uundnae</code>,1,0.0113636
8,uundrum,<code>uundrum</code>,1,0.0113636
8,uyrdi,<code>uyrdi</code>,1,0.0113636
8,uyrmas,<code>uyrmas</code>,1,0.0113636
