A_Poetry,A35,A35_LEProv_T01780.txt,29,29,29
RANK,HTML WORD,RAW WORD,COUNT,RELATIVE FREQUENCY
1,&aelig;ghw&aelig;t,<code>&amp;ae;ghw&amp;ae;t</code>,1,0.0344828
1,&#275;terna,<code>&amp;e;terna</code>,1,0.0344828
1,&thorn;&aelig;s,<code>&amp;t;&amp;ae;s</code>,1,0.0344828
1,&thorn;e,<code>&amp;t;e</code>,1,0.0344828
1,a&eth;ystra&eth;,<code>a&amp;d;ystra&amp;d;</code>,1,0.0344828
1,abolescit,<code>abolescit</code>,1,0.0344828
1,acola&eth;,<code>acola&amp;d;</code>,1,0.0344828
1,ala&eth;a&thorn;,<code>ala&amp;d;a&amp;t;</code>,1,0.0344828
1,amor,<code>amor</code>,1,0.0344828
1,ardor,<code>ardor</code>,1,0.0344828
1,asola&eth;,<code>asola&amp;d;</code>,1,0.0344828
1,by&eth;,<code>by&amp;d;</code>,1,0.0344828
1,ece,<code>ece</code>,1,0.0344828
1,forealda&eth;,<code>forealda&amp;d;</code>,1,0.0344828
1,frigesscit,<code>frigesscit</code>,1,0.0344828
1,hat,<code>hat</code>,1,0.0344828
1,hwit,<code>hwit</code>,1,0.0344828
1,leof,<code>leof</code>,1,0.0344828
1,leoht,<code>leoht</code>,1,0.0344828
1,lux,<code>lux</code>,1,0.0344828
1,ne,<code>ne</code>,1,0.0344828
1,nitor,<code>nitor</code>,1,0.0344828
1,non,<code>non</code>,1,0.0344828
1,obtenebrescit,<code>obtenebrescit</code>,1,0.0344828
1,omnia,<code>omnia</code>,1,0.0344828
1,que,<code>que</code>,1,0.0344828
1,senescunt,<code>senescunt</code>,1,0.0344828
1,squalescit,<code>squalescit</code>,1,0.0344828
1,sunt,<code>sunt</code>,1,0.0344828
