A_Poetry,A36,A36_CPPref_T01790.txt,77,73,82
RANK,HTML WORD,RAW WORD,COUNT,RELATIVE FREQUENCY
1,his,<code>his</code>,3,0.0365854
2,and,<code>and</code>,2,0.0243902
2,for&eth;&aelig;m,<code>for&amp;d;&amp;ae;m</code>,2,0.0243902
2,he,<code>he</code>,2,0.0243902
5,&aelig;lfred,<code>&amp;ae;lfred</code>,1,0.0121951
5,&aelig;r,<code>&amp;ae;r</code>,1,0.0121951
5,&aelig;rendgewrit,<code>&amp;ae;rendgewrit</code>,1,0.0121951
5,&eth;&aelig;re,<code>&amp;d;&amp;ae;re</code>,1,0.0121951
5,&eth;&aelig;t,<code>&amp;d;&amp;ae;t</code>,1,0.0121951
5,&eth;a,<code>&amp;d;a</code>,1,0.0121951
5,&eth;e,<code>&amp;d;e</code>,1,0.0121951
5,&eth;orfton,<code>&amp;d;orfton</code>,1,0.0121951
5,&eth;urh,<code>&amp;d;urh</code>,1,0.0121951
5,&thorn;is,<code>&amp;t;is</code>,1,0.0121951
5,adihtode,<code>adihtode</code>,1,0.0121951
5,agustinus,<code>agustinus</code>,1,0.0121951
5,awende,<code>awende</code>,1,0.0121951
5,betest,<code>betest</code>,1,0.0121951
5,bi,<code>bi</code>,1,0.0121951
5,biscepum,<code>biscepum</code>,1,0.0121951
5,bisene,<code>bisene</code>,1,0.0121951
5,brengan,<code>brengan</code>,1,0.0121951
5,brohte,<code>brohte</code>,1,0.0121951
5,cempa,<code>cempa</code>,1,0.0121951
5,cu&eth;on,<code>cu&amp;d;on</code>,1,0.0121951
5,dryhtnes,<code>dryhtnes</code>,1,0.0121951
5,englisc,<code>englisc</code>,1,0.0121951
5,fore,<code>fore</code>,1,0.0121951
5,gefr&aelig;gost,<code>gefr&amp;ae;gost</code>,1,0.0121951
5,gehwelc,<code>gehwelc</code>,1,0.0121951
5,gestriende,<code>gestriende</code>,1,0.0121951
5,gindwod,<code>gindwod</code>,1,0.0121951
5,gleawmod,<code>gleawmod</code>,1,0.0121951
5,gregorius,<code>gregorius</code>,1,0.0121951
5,heht,<code>heht</code>,1,0.0121951
5,hi,<code>hi</code>,1,0.0121951
5,him,<code>him</code>,1,0.0121951
5,hit,<code>hit</code>,1,0.0121951
5,hord,<code>hord</code>,1,0.0121951
5,iegbuendum,<code>iegbuendum</code>,1,0.0121951
5,kyning,<code>kyning</code>,1,0.0121951
5,l&aelig;denspr&aelig;ce,<code>l&amp;ae;denspr&amp;ae;ce</code>,1,0.0121951
5,l&aelig;ste,<code>l&amp;ae;ste</code>,1,0.0121951
5,m&aelig;r&eth;um,<code>m&amp;ae;r&amp;d;um</code>,1,0.0121951
5,m&aelig;st,<code>m&amp;ae;st</code>,1,0.0121951
5,ma,<code>ma</code>,1,0.0121951
5,me,<code>me</code>,1,0.0121951
5,meahte,<code>meahte</code>,1,0.0121951
5,min,<code>min</code>,1,0.0121951
5,modwelegost,<code>modwelegost</code>,1,0.0121951
5,monig,<code>monig</code>,1,0.0121951
5,monna,<code>monna</code>,1,0.0121951
5,monncynnes,<code>monncynnes</code>,1,0.0121951
5,nor&eth;,<code>nor&amp;d;</code>,1,0.0121951
5,ofer,<code>ofer</code>,1,0.0121951
5,on,<code>on</code>,1,0.0121951
5,papa,<code>papa</code>,1,0.0121951
5,rodra,<code>rodra</code>,1,0.0121951
5,rome,<code>rome</code>,1,0.0121951
5,romwara,<code>romwara</code>,1,0.0121951
5,ryhtspell,<code>ryhtspell</code>,1,0.0121951
5,s&aelig;,<code>s&amp;ae;</code>,1,0.0121951
5,sealtne,<code>sealtne</code>,1,0.0121951
5,searo&eth;onca,<code>searo&amp;d;onca</code>,1,0.0121951
5,sefan,<code>sefan</code>,1,0.0121951
5,sendan,<code>sendan</code>,1,0.0121951
5,sende,<code>sende</code>,1,0.0121951
5,si&eth;&eth;an,<code>si&amp;d;&amp;d;an</code>,1,0.0121951
5,snyttro,<code>snyttro</code>,1,0.0121951
5,su&eth;,<code>su&amp;d;</code>,1,0.0121951
5,su&eth;an,<code>su&amp;d;an</code>,1,0.0121951
5,sume,<code>sume</code>,1,0.0121951
5,swa,<code>swa</code>,1,0.0121951
5,swelcra,<code>swelcra</code>,1,0.0121951
5,wearde,<code>wearde</code>,1,0.0121951
5,worda,<code>worda</code>,1,0.0121951
5,writerum,<code>writerum</code>,1,0.0121951
