A_Poetry,A37,A37_CPEp_T01800.txt,138,117,186
RANK,HTML WORD,RAW WORD,COUNT,RELATIVE FREQUENCY
1,&eth;&aelig;t,<code>&amp;d;&amp;ae;t</code>,7,0.0376344
1,on,<code>on</code>,7,0.0376344
3,hine,<code>hine</code>,6,0.0322581
4,&eth;e,<code>&amp;d;e</code>,4,0.0215054
4,he,<code>he</code>,4,0.0215054
4,is,<code>is</code>,4,0.0215054
4,nu,<code>nu</code>,4,0.0215054
4,to,<code>to</code>,4,0.0215054
9,and,<code>and</code>,3,0.0161290
9,iow,<code>iow</code>,3,0.0161290
9,se,<code>se</code>,3,0.0161290
12,&eth;urh,<code>&amp;d;urh</code>,2,0.0107527
12,ac,<code>ac</code>,2,0.0107527
12,brohte,<code>brohte</code>,2,0.0107527
12,dryhtnes,<code>dryhtnes</code>,2,0.0107527
12,gif,<code>gif</code>,2,0.0107527
12,hider,<code>hider</code>,2,0.0107527
12,hit,<code>hit</code>,2,0.0107527
12,kylle,<code>kylle</code>,2,0.0107527
12,sume,<code>sume</code>,2,0.0107527
12,toflowe&eth;,<code>toflowe&amp;d;</code>,2,0.0107527
22,&aelig;fter,<code>&amp;ae;fter</code>,1,0.0053763
22,&eth;&aelig;m,<code>&amp;d;&amp;ae;m</code>,1,0.0053763
22,&eth;&aelig;s,<code>&amp;d;&amp;ae;s</code>,1,0.0053763
22,&eth;a,<code>&amp;d;a</code>,1,0.0053763
22,&eth;egna,<code>&amp;d;egna</code>,1,0.0053763
22,&eth;ing,<code>&amp;d;ing</code>,1,0.0053763
22,&eth;is,<code>&amp;d;is</code>,1,0.0053763
22,&eth;onan,<code>&amp;d;onan</code>,1,0.0053763
22,&eth;y,<code>&amp;d;y</code>,1,0.0053763
22,&eth;yrelne,<code>&amp;d;yrelne</code>,1,0.0053763
22,&eth;ys,<code>&amp;d;ys</code>,1,0.0053763
22,a,<code>a</code>,1,0.0053763
22,bec,<code>bec</code>,1,0.0053763
22,bete,<code>bete</code>,1,0.0053763
22,breostum,<code>breostum</code>,1,0.0053763
22,burnan,<code>burnan</code>,1,0.0053763
22,cume,<code>cume</code>,1,0.0053763
22,cw&aelig;&eth;,<code>cw&amp;ae;&amp;d;</code>,1,0.0053763
22,diop,<code>diop</code>,1,0.0053763
22,drincan,<code>drincan</code>,1,0.0053763
22,dryhten,<code>dryhten</code>,1,0.0053763
22,drync,<code>drync</code>,1,0.0053763
22,durum,<code>durum</code>,1,0.0053763
22,eft,<code>eft</code>,1,0.0053763
22,eor&eth;an,<code>eor&amp;d;an</code>,1,0.0053763
22,f&aelig;stne,<code>f&amp;ae;stne</code>,1,0.0053763
22,f&aelig;tels,<code>f&amp;ae;tels</code>,1,0.0053763
22,feldum,<code>feldum</code>,1,0.0053763
22,fenne,<code>fenne</code>,1,0.0053763
22,fleowen,<code>fleowen</code>,1,0.0053763
22,foldbuendum,<code>foldbuendum</code>,1,0.0053763
22,for&eth;,<code>for&amp;d;</code>,1,0.0053763
22,forloren,<code>forloren</code>,1,0.0053763
22,forsceade,<code>forsceade</code>,1,0.0053763
22,frofre,<code>frofre</code>,1,0.0053763
22,fylle,<code>fylle</code>,1,0.0053763
22,g&aelig;st,<code>g&amp;ae;st</code>,1,0.0053763
22,geaf,<code>geaf</code>,1,0.0053763
22,gecorene,<code>gecorene</code>,1,0.0053763
22,gegiered,<code>gegiered</code>,1,0.0053763
22,geh&aelig;fta&eth;,<code>geh&amp;ae;fta&amp;d;</code>,1,0.0053763
22,gehet,<code>gehet</code>,1,0.0053763
22,gelifden,<code>gelifden</code>,1,0.0053763
22,geond,<code>geond</code>,1,0.0053763
22,georne,<code>georne</code>,1,0.0053763
22,gewitlocan,<code>gewitlocan</code>,1,0.0053763
22,giefe,<code>giefe</code>,1,0.0053763
22,gierdon,<code>gierdon</code>,1,0.0053763
22,god,<code>god</code>,1,0.0053763
22,gode,<code>gode</code>,1,0.0053763
22,gregorius,<code>gregorius</code>,1,0.0053763
22,hafa&eth;,<code>hafa&amp;d;</code>,1,0.0053763
22,halga,<code>halga</code>,1,0.0053763
22,halge,<code>halge</code>,1,0.0053763
22,halig,<code>halig</code>,1,0.0053763
22,hefonrice,<code>hefonrice</code>,1,0.0053763
22,her,<code>her</code>,1,0.0053763
22,herdon,<code>herdon</code>,1,0.0053763
22,him,<code>him</code>,1,0.0053763
22,his,<code>his</code>,1,0.0053763
22,hlada&eth;,<code>hlada&amp;d;</code>,1,0.0053763
22,hlodan,<code>hlodan</code>,1,0.0053763
22,hlud,<code>hlud</code>,1,0.0053763
22,hlutor,<code>hlutor</code>,1,0.0053763
22,hr&aelig;&eth;e,<code>hr&amp;ae;&amp;d;e</code>,1,0.0053763
22,hwelc,<code>hwelc</code>,1,0.0053763
22,inno&eth;um,<code>inno&amp;d;um</code>,1,0.0053763
22,iowrum,<code>iowrum</code>,1,0.0053763
22,l&aelig;s,<code>l&amp;ae;s</code>,1,0.0053763
22,l&aelig;ta&eth;,<code>l&amp;ae;ta&amp;d;</code>,1,0.0053763
22,landscare,<code>landscare</code>,1,0.0053763
22,libbendu,<code>libbendu</code>,1,0.0053763
22,lifes,<code>lifes</code>,1,0.0053763
22,lyfte,<code>lyfte</code>,1,0.0053763
22,lytel,<code>lytel</code>,1,0.0053763
22,manna,<code>manna</code>,1,0.0053763
22,missenlice,<code>missenlice</code>,1,0.0053763
22,mod,<code>mod</code>,1,0.0053763
22,ne,<code>ne</code>,1,0.0053763
22,nis,<code>nis</code>,1,0.0053763
22,o&eth;,<code>o&amp;d;</code>,1,0.0053763
22,o&eth;&eth;e,<code>o&amp;d;&amp;d;e</code>,1,0.0053763
22,of,<code>of</code>,1,0.0053763
22,ofer,<code>ofer</code>,1,0.0053763
22,r&aelig;dlic,<code>r&amp;ae;dlic</code>,1,0.0053763
22,ri&eth;um,<code>ri&amp;d;um</code>,1,0.0053763
22,scirost,<code>scirost</code>,1,0.0053763
22,si&eth;&eth;an,<code>si&amp;d;&amp;d;an</code>,1,0.0053763
22,stille,<code>stille</code>,1,0.0053763
22,stream,<code>stream</code>,1,0.0053763
22,swa,<code>swa</code>,1,0.0053763
22,torinnan,<code>torinnan</code>,1,0.0053763
22,tweo,<code>tweo</code>,1,0.0053763
22,under,<code>under</code>,1,0.0053763
22,undiop,<code>undiop</code>,1,0.0053763
22,unnyt,<code>unnyt</code>,1,0.0053763
22,us,<code>us</code>,1,0.0053763
22,ut,<code>ut</code>,1,0.0053763
22,w&aelig;l,<code>w&amp;ae;l</code>,1,0.0053763
22,w&aelig;ter,<code>w&amp;ae;ter</code>,1,0.0053763
22,w&aelig;terscipe,<code>w&amp;ae;terscipe</code>,1,0.0053763
22,w&aelig;terscipes,<code>w&amp;ae;terscipes</code>,1,0.0053763
22,w&aelig;tra,<code>w&amp;ae;tra</code>,1,0.0053763
22,w&aelig;tru,<code>w&amp;ae;tru</code>,1,0.0053763
22,wel,<code>wel</code>,1,0.0053763
22,welerum,<code>welerum</code>,1,0.0053763
22,welle,<code>welle</code>,1,0.0053763
22,welsprynge,<code>welsprynge</code>,1,0.0053763
22,weor&eth;e,<code>weor&amp;d;e</code>,1,0.0053763
22,wer&eth;,<code>wer&amp;d;</code>,1,0.0053763
22,wereda,<code>wereda</code>,1,0.0053763
22,weres,<code>weres</code>,1,0.0053763
22,weria&eth;,<code>weria&amp;d;</code>,1,0.0053763
22,wisdomes,<code>wisdomes</code>,1,0.0053763
22,wolde,<code>wolde</code>,1,0.0053763
22,worulde,<code>worulde</code>,1,0.0053763
22,wuna&eth;,<code>wuna&amp;d;</code>,1,0.0053763
