A_Poetry,A38,A38_GDPref_T01810.txt,135,110,192
RANK,HTML WORD,RAW WORD,COUNT,RELATIVE FREQUENCY
1,&thorn;e,<code>&amp;t;e</code>,10,0.0520833
2,and,<code>and</code>,8,0.0416667
3,se,<code>se</code>,6,0.0312500
4,&thorn;&aelig;t,<code>&amp;t;&amp;ae;t</code>,5,0.0260417
4,he,<code>he</code>,5,0.0260417
6,him,<code>him</code>,4,0.0208333
7,eac,<code>eac</code>,3,0.0156250
7,his,<code>his</code>,3,0.0156250
7,m&aelig;g,<code>m&amp;ae;g</code>,3,0.0156250
7,me,<code>me</code>,3,0.0156250
7,on,<code>on</code>,3,0.0156250
7,to,<code>to</code>,3,0.0156250
13,&aelig;r,<code>&amp;ae;r</code>,2,0.0104167
13,&eth;as,<code>&amp;d;as</code>,2,0.0104167
13,&eth;e,<code>&amp;d;e</code>,2,0.0104167
13,&thorn;u,<code>&amp;t;u</code>,2,0.0104167
13,bisceop,<code>bisceop</code>,2,0.0104167
13,boc,<code>boc</code>,2,0.0104167
13,god,<code>god</code>,2,0.0104167
13,helpe,<code>helpe</code>,2,0.0104167
13,hiora,<code>hiora</code>,2,0.0104167
13,is,<code>is</code>,2,0.0104167
13,mid,<code>mid</code>,2,0.0104167
13,o&eth;&eth;e,<code>o&amp;d;&amp;d;e</code>,2,0.0104167
13,swa,<code>swa</code>,2,0.0104167
26,&aelig;lfryd,<code>&amp;ae;lfryd</code>,1,0.0052083
26,&aelig;llmihtig,<code>&amp;ae;llmihtig</code>,1,0.0052083
26,&aelig;ltowe,<code>&amp;ae;ltowe</code>,1,0.0052083
26,&aelig;nigne,<code>&amp;ae;nigne</code>,1,0.0052083
26,&eth;am,<code>&amp;d;am</code>,1,0.0052083
26,&eth;ance,<code>&amp;d;ance</code>,1,0.0052083
26,&thorn;&aelig;s,<code>&amp;t;&amp;ae;s</code>,1,0.0052083
26,&thorn;a,<code>&amp;t;a</code>,1,0.0052083
26,&thorn;am,<code>&amp;t;am</code>,1,0.0052083
26,&thorn;ar,<code>&amp;t;ar</code>,1,0.0052083
26,&thorn;ara,<code>&amp;t;ara</code>,1,0.0052083
26,&thorn;earfa,<code>&amp;t;earfa</code>,1,0.0052083
26,&thorn;eos,<code>&amp;t;eos</code>,1,0.0052083
26,&thorn;eossum,<code>&amp;t;eossum</code>,1,0.0052083
26,&thorn;eow,<code>&amp;t;eow</code>,1,0.0052083
26,&thorn;inum,<code>&amp;t;inum</code>,1,0.0052083
26,&thorn;issa,<code>&amp;t;issa</code>,1,0.0052083
26,&thorn;onne,<code>&amp;t;onne</code>,1,0.0052083
26,&thorn;rym,<code>&amp;t;rym</code>,1,0.0052083
26,&thorn;urh,<code>&amp;t;urh</code>,1,0.0052083
26,a,<code>a</code>,1,0.0052083
26,ah,<code>ah</code>,1,0.0052083
26,alne,<code>alne</code>,1,0.0052083
26,an,<code>an</code>,1,0.0052083
26,aof,<code>aof</code>,1,0.0052083
26,awritan,<code>awritan</code>,1,0.0052083
26,beahgifan,<code>beahgifan</code>,1,0.0052083
26,bearn,<code>bearn</code>,1,0.0052083
26,begeat,<code>begeat</code>,1,0.0052083
26,begytan,<code>begytan</code>,1,0.0052083
26,bidde,<code>bidde</code>,1,0.0052083
26,bide&thorn;,<code>bide&amp;t;</code>,1,0.0052083
26,biesene,<code>biesene</code>,1,0.0052083
26,bisene,<code>bisene</code>,1,0.0052083
26,blis,<code>blis</code>,1,0.0052083
26,brytta,<code>brytta</code>,1,0.0052083
26,burgum,<code>burgum</code>,1,0.0052083
26,by&eth;,<code>by&amp;d;</code>,1,0.0052083
26,by&thorn;,<code>by&amp;t;</code>,1,0.0052083
26,bysene,<code>bysene</code>,1,0.0052083
26,cyninga,<code>cyninga</code>,1,0.0052083
26,e,<code>e</code>,1,0.0052083
26,ea&thorn;e,<code>ea&amp;t;e</code>,1,0.0052083
26,eagum,<code>eagum</code>,1,0.0052083
26,ealles,<code>ealles</code>,1,0.0052083
26,eallra,<code>eallra</code>,1,0.0052083
26,ealra,<code>ealra</code>,1,0.0052083
26,ece,<code>ece</code>,1,0.0052083
26,englum,<code>englum</code>,1,0.0052083
26,feola,<code>feola</code>,1,0.0052083
26,findan,<code>findan</code>,1,0.0052083
26,fore,<code>fore</code>,1,0.0052083
26,forgeaf,<code>forgeaf</code>,1,0.0052083
26,forgyu,<code>forgyu</code>,1,0.0052083
26,ful,<code>ful</code>,1,0.0052083
26,fulga&eth;,<code>fulga&amp;d;</code>,1,0.0052083
26,gastlices,<code>gastlices</code>,1,0.0052083
26,gefrugne,<code>gefrugne</code>,1,0.0052083
26,gehwelcre,<code>gehwelcre</code>,1,0.0052083
26,geliefe&eth;,<code>geliefe&amp;d;</code>,1,0.0052083
26,gemearcude,<code>gemearcude</code>,1,0.0052083
26,gemynd,<code>gemynd</code>,1,0.0052083
26,geo,<code>geo</code>,1,0.0052083
26,gesceafta,<code>gesceafta</code>,1,0.0052083
26,geseon,<code>geseon</code>,1,0.0052083
26,gestigan,<code>gestigan</code>,1,0.0052083
26,geweald,<code>geweald</code>,1,0.0052083
26,gif,<code>gif</code>,1,0.0052083
26,godes,<code>godes</code>,1,0.0052083
26,godre,<code>godre</code>,1,0.0052083
26,gyltas,<code>gyltas</code>,1,0.0052083
26,hafast,<code>hafast</code>,1,0.0052083
26,halgum,<code>halgum</code>,1,0.0052083
26,haligra,<code>haligra</code>,1,0.0052083
26,hame,<code>hame</code>,1,0.0052083
26,handum,<code>handum</code>,1,0.0052083
26,heofonlican,<code>heofonlican</code>,1,0.0052083
26,heora,<code>heora</code>,1,0.0052083
26,her,<code>her</code>,1,0.0052083
26,het,<code>het</code>,1,0.0052083
26,hine,<code>hine</code>,1,0.0052083
26,hior&eth;cyninga,<code>hior&amp;d;cyninga</code>,1,0.0052083
26,hyht,<code>hyht</code>,1,0.0052083
26,hyrde,<code>hyrde</code>,1,0.0052083
26,in,<code>in</code>,1,0.0052083
26,ingehygd,<code>ingehygd</code>,1,0.0052083
26,lifes,<code>lifes</code>,1,0.0052083
26,lyste&eth;,<code>lyste&amp;d;</code>,1,0.0052083
26,modge&eth;anc,<code>modge&amp;d;anc</code>,1,0.0052083
26,mon,<code>mon</code>,1,0.0052083
26,motan,<code>motan</code>,1,0.0052083
26,nu,<code>nu</code>,1,0.0052083
26,ond,<code>ond</code>,1,0.0052083
26,r&aelig;dan,<code>r&amp;ae;dan</code>,1,0.0052083
26,res&eth;e,<code>res&amp;d;e</code>,1,0.0052083
26,rices,<code>rices</code>,1,0.0052083
26,saga&eth;,<code>saga&amp;d;</code>,1,0.0052083
26,sceawast,<code>sceawast</code>,1,0.0052083
26,secgan,<code>secgan</code>,1,0.0052083
26,seles&eth;a,<code>seles&amp;d;a</code>,1,0.0052083
26,si&eth;,<code>si&amp;d;</code>,1,0.0052083
26,sielfes,<code>sielfes</code>,1,0.0052083
26,siendon,<code>siendon</code>,1,0.0052083
26,sinces,<code>sinces</code>,1,0.0052083
26,upp,<code>upp</code>,1,0.0052083
26,walden,<code>walden</code>,1,0.0052083
26,wihta,<code>wihta</code>,1,0.0052083
26,worhte,<code>worhte</code>,1,0.0052083
26,wulfstan,<code>wulfstan</code>,1,0.0052083
26,wyn,<code>wyn</code>,1,0.0052083
