A_Poetry,A39,A39_MEp_T01820.txt,58,51,67
RANK,HTML WORD,RAW WORD,COUNT,RELATIVE FREQUENCY
1,&thorn;&aelig;t,<code>&amp;t;&amp;ae;t</code>,4,0.0597015
2,&thorn;e,<code>&amp;t;e</code>,2,0.0298507
2,and,<code>and</code>,2,0.0298507
2,boc,<code>boc</code>,2,0.0298507
2,he,<code>he</code>,2,0.0298507
2,his,<code>his</code>,2,0.0298507
2,mote,<code>mote</code>,2,0.0298507
8,&aelig;ghwylcne,<code>&amp;ae;ghwylcne</code>,1,0.0149254
8,&eth;as,<code>&amp;d;as</code>,1,0.0149254
8,&eth;e,<code>&amp;d;e</code>,1,0.0149254
8,&thorn;&aelig;s,<code>&amp;t;&amp;ae;s</code>,1,0.0149254
8,&thorn;a,<code>&amp;t;a</code>,1,0.0149254
8,&thorn;as,<code>&amp;t;as</code>,1,0.0149254
8,&thorn;one,<code>&amp;t;one</code>,1,0.0149254
8,ah,<code>ah</code>,1,0.0149254
8,aldor,<code>aldor</code>,1,0.0149254
8,aldre,<code>aldre</code>,1,0.0149254
8,amen,<code>amen</code>,1,0.0149254
8,awrat,<code>awrat</code>,1,0.0149254
8,bam,<code>bam</code>,1,0.0149254
8,befo,<code>befo</code>,1,0.0149254
8,bidde,<code>bidde</code>,1,0.0149254
8,bredu,<code>bredu</code>,1,0.0149254
8,bregorices,<code>bregorices</code>,1,0.0149254
8,cr&aelig;fte,<code>cr&amp;ae;fte</code>,1,0.0149254
8,daga,<code>daga</code>,1,0.0149254
8,drihten,<code>drihten</code>,1,0.0149254
8,eac,<code>eac</code>,1,0.0149254
8,ealles,<code>ealles</code>,1,0.0149254
8,ende,<code>ende</code>,1,0.0149254
8,fira,<code>fira</code>,1,0.0149254
8,geendigan,<code>geendigan</code>,1,0.0149254
8,gefyr&eth;rige,<code>gefyr&amp;d;rige</code>,1,0.0149254
8,geunne,<code>geunne</code>,1,0.0149254
8,geweald,<code>geweald</code>,1,0.0149254
8,geweor&thorn;e,<code>geweor&amp;t;e</code>,1,0.0149254
8,gyt,<code>gyt</code>,1,0.0149254
8,handum,<code>handum</code>,1,0.0149254
8,herigan,<code>herigan</code>,1,0.0149254
8,him,<code>him</code>,1,0.0149254
8,ic,<code>ic</code>,1,0.0149254
8,manega,<code>manega</code>,1,0.0149254
8,mann,<code>mann</code>,1,0.0149254
8,mundum,<code>mundum</code>,1,0.0149254
8,o&eth;,<code>o&amp;d;</code>,1,0.0149254
8,on,<code>on</code>,1,0.0149254
8,r&aelig;de,<code>r&amp;ae;de</code>,1,0.0149254
8,riht,<code>riht</code>,1,0.0149254
8,rodera,<code>rodera</code>,1,0.0149254
8,se,<code>se</code>,1,0.0149254
8,synum,<code>synum</code>,1,0.0149254
8,to,<code>to</code>,1,0.0149254
8,twam,<code>twam</code>,1,0.0149254
8,waldend,<code>waldend</code>,1,0.0149254
8,weard,<code>weard</code>,1,0.0149254
8,willan,<code>willan</code>,1,0.0149254
8,writre,<code>writre</code>,1,0.0149254
8,wynsum,<code>wynsum</code>,1,0.0149254
