A_Poetry,A43,A43.004_MCharm_4_T01860.txt,118,79,207
RANK,HTML WORD,RAW WORD,COUNT,RELATIVE FREQUENCY
1,w&aelig;re,<code>w&amp;ae;re</code>,7,0.0338164
2,gif,<code>gif</code>,6,0.0289855
2,on,<code>on</code>,6,0.0289855
4,&eth;e,<code>&amp;d;e</code>,5,0.0241546
4,hit,<code>hit</code>,5,0.0241546
4,o&eth;&eth;e,<code>o&amp;d;&amp;d;e</code>,5,0.0241546
4,spere,<code>spere</code>,5,0.0241546
8,&eth;in,<code>&amp;d;in</code>,4,0.0193237
8,her,<code>her</code>,4,0.0193237
8,hy,<code>hy</code>,4,0.0193237
8,inne,<code>inne</code>,4,0.0193237
8,lytel,<code>lytel</code>,4,0.0193237
8,scoten,<code>scoten</code>,4,0.0193237
8,sy,<code>sy</code>,4,0.0193237
8,ut,<code>ut</code>,4,0.0193237
16,&eth;a,<code>&amp;d;a</code>,3,0.0144928
16,and,<code>and</code>,3,0.0144928
16,bote,<code>bote</code>,3,0.0144928
16,gescot,<code>gescot</code>,3,0.0144928
16,gescotes,<code>gescotes</code>,3,0.0144928
16,h&aelig;gtessan,<code>h&amp;ae;gtessan</code>,3,0.0144928
16,ic,<code>ic</code>,3,0.0144928
16,to,<code>to</code>,3,0.0144928
16,wille,<code>wille</code>,3,0.0144928
25,&eth;is,<code>&amp;d;is</code>,2,0.0096618
25,&eth;u,<code>&amp;d;u</code>,2,0.0096618
25,&thorn;&aelig;r,<code>&amp;t;&amp;ae;r</code>,2,0.0096618
25,esa,<code>esa</code>,2,0.0096618
25,helpan,<code>helpan</code>,2,0.0096618
25,hlude,<code>hlude</code>,2,0.0096618
25,in,<code>in</code>,2,0.0096618
25,nu,<code>nu</code>,2,0.0096618
25,ofer,<code>ofer</code>,2,0.0096618
25,ridan,<code>ridan</code>,2,0.0096618
25,s&aelig;ndan,<code>s&amp;ae;ndan</code>,2,0.0096618
25,seax,<code>seax</code>,2,0.0096618
25,under,<code>under</code>,2,0.0096618
25,w&aelig;ran,<code>w&amp;ae;ran</code>,2,0.0096618
25,ylfa,<code>ylfa</code>,2,0.0096618
40,&aelig;rn,<code>&amp;ae;rn</code>,1,0.0048309
40,&eth;ysne,<code>&amp;d;ysne</code>,1,0.0048309
40,&thorn;&aelig;t,<code>&amp;t;&amp;ae;t</code>,1,0.0048309
40,&thorn;is,<code>&amp;t;is</code>,1,0.0048309
40,&thorn;one,<code>&amp;t;one</code>,1,0.0048309
40,&thorn;onne,<code>&amp;t;onne</code>,1,0.0048309
40,&thorn;u,<code>&amp;t;u</code>,1,0.0048309
40,&thorn;urh,<code>&amp;t;urh</code>,1,0.0048309
40,ado,<code>ado</code>,1,0.0048309
40,anmode,<code>anmode</code>,1,0.0048309
40,at&aelig;sed,<code>at&amp;ae;sed</code>,1,0.0048309
40,ber&aelig;ddon,<code>ber&amp;ae;ddon</code>,1,0.0048309
40,blod,<code>blod</code>,1,0.0048309
40,buteran,<code>buteran</code>,1,0.0048309
40,d&aelig;l,<code>d&amp;ae;l</code>,1,0.0048309
40,drihten,<code>drihten</code>,1,0.0048309
40,eft,<code>eft</code>,1,0.0048309
40,f&aelig;rstice,<code>f&amp;ae;rstice</code>,1,0.0048309
40,feferfuige,<code>feferfuige</code>,1,0.0048309
40,fell,<code>fell</code>,1,0.0048309
40,fl&aelig;sc,<code>fl&amp;ae;sc</code>,1,0.0048309
40,flane,<code>flane</code>,1,0.0048309
40,fleogende,<code>fleogende</code>,1,0.0048309
40,fleoh,<code>fleoh</code>,1,0.0048309
40,forane,<code>forane</code>,1,0.0048309
40,fyrgenheafde,<code>fyrgenheafde</code>,1,0.0048309
40,garas,<code>garas</code>,1,0.0048309
40,gemyltan,<code>gemyltan</code>,1,0.0048309
40,genesan,<code>genesan</code>,1,0.0048309
40,geweorc,<code>geweorc</code>,1,0.0048309
40,gyllende,<code>gyllende</code>,1,0.0048309
40,hal,<code>hal</code>,1,0.0048309
40,helpe,<code>helpe</code>,1,0.0048309
40,him,<code>him</code>,1,0.0048309
40,hl&aelig;w,<code>hl&amp;ae;w</code>,1,0.0048309
40,hyra,<code>hyra</code>,1,0.0048309
40,inwyx&eth;,<code>inwyx&amp;d;</code>,1,0.0048309
40,iserna,<code>iserna</code>,1,0.0048309
40,isernes,<code>isernes</code>,1,0.0048309
40,la,<code>la</code>,1,0.0048309
40,land,<code>land</code>,1,0.0048309
40,leohtum,<code>leohtum</code>,1,0.0048309
40,li&eth;,<code>li&amp;d;</code>,1,0.0048309
40,lif,<code>lif</code>,1,0.0048309
40,linde,<code>linde</code>,1,0.0048309
40,m&aelig;gen,<code>m&amp;ae;gen</code>,1,0.0048309
40,mihtigan,<code>mihtigan</code>,1,0.0048309
40,mote,<code>mote</code>,1,0.0048309
40,n&aelig;fre,<code>n&amp;ae;fre</code>,1,0.0048309
40,n&aelig;s,<code>n&amp;ae;s</code>,1,0.0048309
40,ne,<code>ne</code>,1,0.0048309
40,netele,<code>netele</code>,1,0.0048309
40,ni&eth;,<code>ni&amp;d;</code>,1,0.0048309
40,nim,<code>nim</code>,1,0.0048309
40,o&eth;erne,<code>o&amp;d;erne</code>,1,0.0048309
40,reade,<code>reade</code>,1,0.0048309
40,s&aelig;t,<code>s&amp;ae;t</code>,1,0.0048309
40,s&aelig;tan,<code>s&amp;ae;tan</code>,1,0.0048309
40,sceal,<code>sceal</code>,1,0.0048309
40,scyld,<code>scyld</code>,1,0.0048309
40,scylde,<code>scylde</code>,1,0.0048309
40,seo,<code>seo</code>,1,0.0048309
40,sie,<code>sie</code>,1,0.0048309
40,sloh,<code>sloh</code>,1,0.0048309
40,smi&eth;,<code>smi&amp;d;</code>,1,0.0048309
40,smi&eth;as,<code>smi&amp;d;as</code>,1,0.0048309
40,stod,<code>stod</code>,1,0.0048309
40,swi&eth;e,<code>swi&amp;d;e</code>,1,0.0048309
40,syx,<code>syx</code>,1,0.0048309
40,togeanes,<code>togeanes</code>,1,0.0048309
40,w&aelig;lspera,<code>w&amp;ae;lspera</code>,1,0.0048309
40,w&aelig;tan,<code>w&amp;ae;tan</code>,1,0.0048309
40,wegbrade,<code>wegbrade</code>,1,0.0048309
40,westu,<code>westu</code>,1,0.0048309
40,wi&eth;,<code>wi&amp;d;</code>,1,0.0048309
40,wif,<code>wif</code>,1,0.0048309
40,worhtan,<code>worhtan</code>,1,0.0048309
40,wundrum,<code>wundrum</code>,1,0.0048309
40,wyll,<code>wyll</code>,1,0.0048309
