A_Poetry,A43,A43.003_MCharm_3_T01850.txt,102,75,152
RANK,HTML WORD,RAW WORD,COUNT,RELATIVE FREQUENCY
1,&thorn;&aelig;t,<code>&amp;t;&amp;ae;t</code>,5,0.0328947
1,and,<code>and</code>,5,0.0328947
1,on,<code>on</code>,5,0.0328947
4,&thorn;&aelig;nne,<code>&amp;t;&amp;ae;nne</code>,4,0.0263158
4,him,<code>him</code>,4,0.0263158
4,his,<code>his</code>,4,0.0263158
4,man,<code>man</code>,4,0.0263158
8,&thorn;&aelig;m,<code>&amp;t;&amp;ae;m</code>,3,0.0197368
8,&thorn;a,<code>&amp;t;a</code>,3,0.0197368
8,&thorn;e,<code>&amp;t;e</code>,3,0.0197368
8,&thorn;is,<code>&amp;t;is</code>,3,0.0197368
8,galdor,<code>galdor</code>,3,0.0197368
8,in,<code>in</code>,3,0.0197368
14,an,<code>an</code>,2,0.0131579
14,com,<code>com</code>,2,0.0131579
14,eare,<code>eare</code>,2,0.0131579
14,gangan,<code>gangan</code>,2,0.0131579
14,her,<code>her</code>,2,0.0131579
14,lande,<code>lande</code>,2,0.0131579
14,ne,<code>ne</code>,2,0.0131579
14,of,<code>of</code>,2,0.0131579
14,ofl&aelig;tan,<code>ofl&amp;ae;tan</code>,2,0.0131579
14,ongunnan,<code>ongunnan</code>,2,0.0131579
14,sceal,<code>sceal</code>,2,0.0131579
14,sona,<code>sona</code>,2,0.0131579
14,swa,<code>swa</code>,2,0.0131579
14,sweoran,<code>sweoran</code>,2,0.0131579
28,&aelig;fter,<code>&amp;ae;fter</code>,1,0.0065789
28,&aelig;lcre,<code>&amp;ae;lcre</code>,1,0.0065789
28,&aelig;rest,<code>&amp;ae;rest</code>,1,0.0065789
28,&eth;&aelig;m,<code>&amp;d;&amp;ae;m</code>,1,0.0065789
28,&eth;&aelig;t,<code>&amp;d;&amp;ae;t</code>,1,0.0065789
28,&eth;a,<code>&amp;d;a</code>,1,0.0065789
28,&thorn;&aelig;s,<code>&amp;t;&amp;ae;s</code>,1,0.0065789
28,&thorn;as,<code>&amp;t;as</code>,1,0.0065789
28,&thorn;ry,<code>&amp;t;ry</code>,1,0.0065789
28,&thorn;u,<code>&amp;t;u</code>,1,0.0065789
28,a&eth;as,<code>a&amp;d;as</code>,1,0.0065789
28,adlegan,<code>adlegan</code>,1,0.0065789
28,amen,<code>amen</code>,1,0.0065789
28,begytan,<code>begytan</code>,1,0.0065789
28,bi&eth;,<code>bi&amp;d;</code>,1,0.0065789
28,bufan,<code>bufan</code>,1,0.0065789
28,colian,<code>colian</code>,1,0.0065789
28,coman,<code>coman</code>,1,0.0065789
28,constantinus,<code>constantinus</code>,1,0.0065789
28,cu&thorn;e,<code>cu&amp;t;e</code>,1,0.0065789
28,cw&aelig;&eth;,<code>cw&amp;ae;&amp;d;</code>,1,0.0065789
28,cwe&eth;,<code>cwe&amp;d;</code>,1,0.0065789
28,dagas,<code>dagas</code>,1,0.0065789
28,derian,<code>derian</code>,1,0.0065789
28,dionisius,<code>dionisius</code>,1,0.0065789
28,do,<code>do</code>,1,0.0065789
28,dweores,<code>dweores</code>,1,0.0065789
28,dweorh,<code>dweorh</code>,1,0.0065789
28,eft,<code>eft</code>,1,0.0065789
28,fia&eth;,<code>fia&amp;d;</code>,1,0.0065789
28,ga,<code>ga</code>,1,0.0065789
28,ge&aelig;ndade,<code>ge&amp;ae;ndade</code>,1,0.0065789
28,h&aelig;fde,<code>h&amp;ae;fde</code>,1,0.0065789
28,h&aelig;ncgest,<code>h&amp;ae;ncgest</code>,1,0.0065789
28,haman,<code>haman</code>,1,0.0065789
28,handa,<code>handa</code>,1,0.0065789
28,heo,<code>heo</code>,1,0.0065789
28,hit,<code>hit</code>,1,0.0065789
28,ho,<code>ho</code>,1,0.0065789
28,hy,<code>hy</code>,1,0.0065789
28,iohannes,<code>iohannes</code>,1,0.0065789
28,legde,<code>legde</code>,1,0.0065789
28,li&thorn;an,<code>li&amp;t;an</code>,1,0.0065789
28,li&thorn;u,<code>li&amp;t;u</code>,1,0.0065789
28,lytle,<code>lytle</code>,1,0.0065789
28,m&aelig;denman,<code>m&amp;ae;denman</code>,1,0.0065789
28,malchus,<code>malchus</code>,1,0.0065789
28,mannes,<code>mannes</code>,1,0.0065789
28,martimianus,<code>martimianus</code>,1,0.0065789
28,maximianus,<code>maximianus</code>,1,0.0065789
28,mid,<code>mid</code>,1,0.0065789
28,mihte,<code>mihte</code>,1,0.0065789
28,moldan,<code>moldan</code>,1,0.0065789
28,moste,<code>moste</code>,1,0.0065789
28,n&aelig;fre,<code>n&amp;ae;fre</code>,1,0.0065789
28,naman,<code>naman</code>,1,0.0065789
28,niman,<code>niman</code>,1,0.0065789
28,o&eth;&eth;e,<code>o&amp;d;&amp;d;e</code>,1,0.0065789
28,ofra&eth;,<code>ofra&amp;d;</code>,1,0.0065789
28,ongalan,<code>ongalan</code>,1,0.0065789
28,sel,<code>sel</code>,1,0.0065789
28,serafion,<code>serafion</code>,1,0.0065789
28,singan,<code>singan</code>,1,0.0065789
28,spiderwiht,<code>spiderwiht</code>,1,0.0065789
28,sweostar,<code>sweostar</code>,1,0.0065789
28,swi&eth;re,<code>swi&amp;d;re</code>,1,0.0065789
28,swor,<code>swor</code>,1,0.0065789
28,swylce,<code>swylce</code>,1,0.0065789
28,teage,<code>teage</code>,1,0.0065789
28,to,<code>to</code>,1,0.0065789
28,vii,<code>vii</code>,1,0.0065789
28,w&aelig;re,<code>w&amp;ae;re</code>,1,0.0065789
28,wi&eth;,<code>wi&amp;d;</code>,1,0.0065789
28,writan,<code>writan</code>,1,0.0065789
28,wynstre,<code>wynstre</code>,1,0.0065789
