A_Poetry,A43,A43.012_MCharm_12_T01940.txt,60,49,85
RANK,HTML WORD,RAW WORD,COUNT,RELATIVE FREQUENCY
1,&thorn;u,<code>&amp;t;u</code>,9,0.1058824
2,alswa,<code>alswa</code>,6,0.0705882
3,and,<code>and</code>,3,0.0352941
3,gewur&thorn;e,<code>gewur&amp;t;e</code>,3,0.0352941
3,under,<code>under</code>,3,0.0352941
6,earnes,<code>earnes</code>,2,0.0235294
6,litel,<code>litel</code>,2,0.0235294
6,ne,<code>ne</code>,2,0.0235294
6,on,<code>on</code>,2,0.0235294
6,scealt,<code>scealt</code>,2,0.0235294
6,wenne,<code>wenne</code>,2,0.0235294
12,&thorn;an,<code>&amp;t;an</code>,1,0.0117647
12,&thorn;e,<code>&amp;t;e</code>,1,0.0117647
12,&thorn;er,<code>&amp;t;er</code>,1,0.0117647
12,&thorn;et,<code>&amp;t;et</code>,1,0.0117647
12,a,<code>a</code>,1,0.0117647
12,ac,<code>ac</code>,1,0.0117647
12,anbre,<code>anbre</code>,1,0.0117647
12,anes,<code>anes</code>,1,0.0117647
12,awage,<code>awage</code>,1,0.0117647
12,berhge,<code>berhge</code>,1,0.0117647
12,bro&thorn;er,<code>bro&amp;t;er</code>,1,0.0117647
12,clea,<code>clea</code>,1,0.0117647
12,clinge,<code>clinge</code>,1,0.0117647
12,col,<code>col</code>,1,0.0117647
12,enne,<code>enne</code>,1,0.0117647
12,eonene,<code>eonene</code>,1,0.0117647
12,ermig,<code>ermig</code>,1,0.0117647
12,et,<code>et</code>,1,0.0117647
12,fot,<code>fot</code>,1,0.0117647
12,geweornie,<code>geweornie</code>,1,0.0117647
12,habben,<code>habben</code>,1,0.0117647
12,handwurmes,<code>handwurmes</code>,1,0.0117647
12,hauest,<code>hauest</code>,1,0.0117647
12,he,<code>he</code>,1,0.0117647
12,heafde,<code>heafde</code>,1,0.0117647
12,heor&thorn;e,<code>heor&amp;t;e</code>,1,0.0117647
12,her,<code>her</code>,1,0.0117647
12,hupeban,<code>hupeban</code>,1,0.0117647
12,leaf,<code>leaf</code>,1,0.0117647
12,legge,<code>legge</code>,1,0.0117647
12,lesse,<code>lesse</code>,1,0.0117647
12,linsetcorn,<code>linsetcorn</code>,1,0.0117647
12,miccli,<code>miccli</code>,1,0.0117647
12,nawiht,<code>nawiht</code>,1,0.0117647
12,nenne,<code>nenne</code>,1,0.0117647
12,nihgan,<code>nihgan</code>,1,0.0117647
12,north,<code>north</code>,1,0.0117647
12,sceal,<code>sceal</code>,1,0.0117647
12,scerne,<code>scerne</code>,1,0.0117647
12,scring,<code>scring</code>,1,0.0117647
12,swa,<code>swa</code>,1,0.0117647
12,timbrien,<code>timbrien</code>,1,0.0117647
12,to,<code>to</code>,1,0.0117647
12,tun,<code>tun</code>,1,0.0117647
12,ue&thorn;er,<code>ue&amp;t;er</code>,1,0.0117647
12,wenchichenne,<code>wenchichenne</code>,1,0.0117647
12,weorne,<code>weorne</code>,1,0.0117647
12,weter,<code>weter</code>,1,0.0117647
12,wolues,<code>wolues</code>,1,0.0117647
