A_Poetry,A43,A43.010_MCharm_10_T01920.txt,79,61,112
RANK,HTML WORD,RAW WORD,COUNT,RELATIVE FREQUENCY
1,and,<code>and</code>,8,0.0714286
2,christi,<code>christi</code>,6,0.0535714
3,crux,<code>crux</code>,4,0.0357143
3,cwe&eth;,<code>cwe&amp;d;</code>,4,0.0357143
5,iii,<code>iii</code>,3,0.0267857
6,&eth;eos,<code>&amp;d;eos</code>,2,0.0178571
6,&eth;onne,<code>&amp;d;onne</code>,2,0.0178571
6,&thorn;riwa,<code>&amp;t;riwa</code>,2,0.0178571
6,ab,<code>ab</code>,2,0.0178571
6,crist,<code>crist</code>,2,0.0178571
6,crucem,<code>crucem</code>,2,0.0178571
6,d&aelig;d,<code>d&amp;ae;d</code>,2,0.0178571
6,man,<code>man</code>,2,0.0178571
6,ne,<code>ne</code>,2,0.0178571
6,per,<code>per</code>,2,0.0178571
6,reducat,<code>reducat</code>,2,0.0178571
6,seo,<code>seo</code>,2,0.0178571
6,swa,<code>swa</code>,2,0.0178571
19,&aelig;nyg,<code>&amp;ae;nyg</code>,1,0.0089286
19,&aelig;r,<code>&amp;ae;r</code>,1,0.0089286
19,&eth;e,<code>&amp;d;e</code>,1,0.0089286
19,&eth;is,<code>&amp;d;is</code>,1,0.0089286
19,&thorn;&aelig;t,<code>&amp;t;&amp;ae;t</code>,1,0.0089286
19,&thorn;a,<code>&amp;t;a</code>,1,0.0089286
19,&thorn;e,<code>&amp;t;e</code>,1,0.0089286
19,a,<code>a</code>,1,0.0089286
19,abscondita,<code>abscondita</code>,1,0.0089286
19,ahengon,<code>ahengon</code>,1,0.0089286
19,bethlem,<code>bethlem</code>,1,0.0089286
19,burh,<code>burh</code>,1,0.0089286
19,ceapa,<code>ceapa</code>,1,0.0089286
19,cwe&eth;an,<code>cwe&amp;d;an</code>,1,0.0089286
19,cwe&eth;e,<code>cwe&amp;d;e</code>,1,0.0089286
19,cwy&eth;,<code>cwy&amp;d;</code>,1,0.0089286
19,d&aelig;da,<code>d&amp;ae;da</code>,1,0.0089286
19,ealne,<code>ealne</code>,1,0.0089286
19,east,<code>east</code>,1,0.0089286
19,est,<code>est</code>,1,0.0089286
19,et,<code>et</code>,1,0.0089286
19,for,<code>for</code>,1,0.0089286
19,forhelan,<code>forhelan</code>,1,0.0089286
19,forholen,<code>forholen</code>,1,0.0089286
19,forstolenne,<code>forstolenne</code>,1,0.0089286
19,gebide,<code>gebide</code>,1,0.0089286
19,geboren,<code>geboren</code>,1,0.0089286
19,gedidon,<code>gedidon</code>,1,0.0089286
19,gem&aelig;rsod,<code>gem&amp;ae;rsod</code>,1,0.0089286
19,h&aelig;lon,<code>h&amp;ae;lon</code>,1,0.0089286
19,hatt&aelig;,<code>hatt&amp;ae;</code>,1,0.0089286
19,he,<code>he</code>,1,0.0089286
19,hi,<code>hi</code>,1,0.0089286
19,him,<code>him</code>,1,0.0089286
19,his,<code>his</code>,1,0.0089286
19,hwilcne,<code>hwilcne</code>,1,0.0089286
19,inuenta,<code>inuenta</code>,1,0.0089286
19,is,<code>is</code>,1,0.0089286
19,iudeas,<code>iudeas</code>,1,0.0089286
19,m&aelig;re,<code>m&amp;ae;re</code>,1,0.0089286
19,meridie,<code>meridie</code>,1,0.0089286
19,middangeard,<code>middangeard</code>,1,0.0089286
19,mihton,<code>mihton</code>,1,0.0089286
19,monnum,<code>monnum</code>,1,0.0089286
19,n&aelig;fre,<code>n&amp;ae;fre</code>,1,0.0089286
19,nor&eth;,<code>nor&amp;d;</code>,1,0.0089286
19,o&thorn;er,<code>o&amp;t;er</code>,1,0.0089286
19,occidente,<code>occidente</code>,1,0.0089286
19,ofer,<code>ofer</code>,1,0.0089286
19,on,<code>on</code>,1,0.0089286
19,oriente,<code>oriente</code>,1,0.0089286
19,reducant,<code>reducant</code>,1,0.0089286
19,sceal,<code>sceal</code>,1,0.0089286
19,su&eth;,<code>su&amp;d;</code>,1,0.0089286
19,sunt,<code>sunt</code>,1,0.0089286
19,wes,<code>wes</code>,1,0.0089286
19,west,<code>west</code>,1,0.0089286
19,word,<code>word</code>,1,0.0089286
19,wyr&eth;e,<code>wyr&amp;d;e</code>,1,0.0089286
19,wyr&thorn;e,<code>wyr&amp;t;e</code>,1,0.0089286
19,wyrstan,<code>wyrstan</code>,1,0.0089286
