A_Poetry,A43,A43.002_MCharm_2_T01840.txt,267,193,503
RANK,HTML WORD,RAW WORD,COUNT,RELATIVE FREQUENCY
1,wi&eth;,<code>wi&amp;d;</code>,34,0.0675944
2,and,<code>and</code>,19,0.0377734
3,attre,<code>attre</code>,16,0.0318091
4,heo,<code>heo</code>,12,0.0238569
5,on,<code>on</code>,11,0.0218688
6,&eth;y,<code>&amp;d;y</code>,10,0.0198807
6,&thorn;u,<code>&amp;t;u</code>,10,0.0198807
8,&thorn;a,<code>&amp;t;a</code>,9,0.0178926
9,&eth;e,<code>&amp;d;e</code>,7,0.0139165
9,ofer,<code>ofer</code>,7,0.0139165
11,seo,<code>seo</code>,6,0.0119284
12,&eth;a,<code>&amp;d;a</code>,5,0.0099404
12,&thorn;&aelig;t,<code>&amp;t;&amp;ae;t</code>,5,0.0099404
12,he,<code>he</code>,5,0.0099404
12,viiii,<code>viiii</code>,5,0.0099404
12,wi&thorn;,<code>wi&amp;t;</code>,5,0.0099404
12,wyrta,<code>wyrta</code>,5,0.0099404
18,&eth;u,<code>&amp;d;u</code>,4,0.0079523
18,attor,<code>attor</code>,4,0.0079523
18,hw&aelig;t,<code>hw&amp;ae;t</code>,4,0.0079523
18,m&aelig;g,<code>m&amp;ae;g</code>,4,0.0079523
18,nygon,<code>nygon</code>,4,0.0079523
18,to,<code>to</code>,4,0.0079523
24,&aelig;nig,<code>&amp;ae;nig</code>,3,0.0059642
24,&aelig;r,<code>&amp;ae;r</code>,3,0.0059642
24,&thorn;e,<code>&amp;t;e</code>,3,0.0059642
24,&thorn;is,<code>&amp;t;is</code>,3,0.0059642
24,eastan,<code>eastan</code>,3,0.0059642
24,geond,<code>geond</code>,3,0.0059642
24,iii,<code>iii</code>,3,0.0059642
24,lond,<code>lond</code>,3,0.0059642
24,miht,<code>miht</code>,3,0.0059642
24,nu,<code>nu</code>,3,0.0059642
24,of,<code>of</code>,3,0.0059642
24,onflyge,<code>onflyge</code>,3,0.0059642
24,wyrt,<code>wyrt</code>,3,0.0059642
37,&aelig;ppel,<code>&amp;ae;ppel</code>,2,0.0039761
37,&aelig;t,<code>&amp;ae;t</code>,2,0.0039761
37,&eth;as,<code>&amp;d;as</code>,2,0.0039761
37,&thorn;&aelig;r,<code>&amp;t;&amp;ae;r</code>,2,0.0039761
37,&thorn;eos,<code>&amp;t;eos</code>,2,0.0039761
37,&thorn;on,<code>&amp;t;on</code>,2,0.0039761
37,&thorn;one,<code>&amp;t;one</code>,2,0.0039761
37,ameldodest,<code>ameldodest</code>,2,0.0039761
37,attrum,<code>attrum</code>,2,0.0039761
37,bote,<code>bote</code>,2,0.0039761
37,cume,<code>cume</code>,2,0.0039761
37,do,<code>do</code>,2,0.0039761
37,eallum,<code>eallum</code>,2,0.0039761
37,fille,<code>fille</code>,2,0.0039761
37,ge,<code>ge</code>,2,0.0039761
37,gemyne,<code>gemyne</code>,2,0.0039761
37,hatte,<code>hatte</code>,2,0.0039761
37,him,<code>him</code>,2,0.0039761
37,ic,<code>ic</code>,2,0.0039761
37,in,<code>in</code>,2,0.0039761
37,is,<code>is</code>,2,0.0039761
37,la&thorn;an,<code>la&amp;t;an</code>,2,0.0039761
37,magon,<code>magon</code>,2,0.0039761
37,n&aelig;fre,<code>n&amp;ae;fre</code>,2,0.0039761
37,ne,<code>ne</code>,2,0.0039761
37,o&eth;&eth;e,<code>o&amp;d;&amp;d;e</code>,2,0.0039761
37,ond,<code>ond</code>,2,0.0039761
37,s&aelig;s,<code>s&amp;ae;s</code>,2,0.0039761
37,sapan,<code>sapan</code>,2,0.0039761
37,sealfe,<code>sealfe</code>,2,0.0039761
37,stond,<code>stond</code>,2,0.0039761
37,stuna&eth;,<code>stuna&amp;d;</code>,2,0.0039761
37,sy,<code>sy</code>,2,0.0039761
37,w&aelig;rce,<code>w&amp;ae;rce</code>,2,0.0039761
37,wedenan,<code>wedenan</code>,2,0.0039761
37,wegbrade,<code>wegbrade</code>,2,0.0039761
37,wyrm,<code>wyrm</code>,2,0.0039761
37,xxx,<code>xxx</code>,2,0.0039761
75,&aelig;fter,<code>&amp;ae;fter</code>,1,0.0019881
75,&aelig;ggemongc,<code>&amp;ae;ggemongc</code>,1,0.0019881
75,&aelig;lcre,<code>&amp;ae;lcre</code>,1,0.0019881
75,&aelig;ngan,<code>&amp;ae;ngan</code>,1,0.0019881
75,&aelig;pples,<code>&amp;ae;pples</code>,1,0.0019881
75,&eth;am,<code>&amp;d;am</code>,1,0.0019881
75,&eth;onne,<code>&amp;d;onne</code>,1,0.0019881
75,&thorn;&aelig;m,<code>&amp;t;&amp;ae;m</code>,1,0.0019881
75,&thorn;&aelig;re,<code>&amp;t;&amp;ae;re</code>,1,0.0019881
75,&thorn;&aelig;s,<code>&amp;t;&amp;ae;s</code>,1,0.0019881
75,&thorn;am,<code>&amp;t;am</code>,1,0.0019881
75,&thorn;ara,<code>&amp;t;ara</code>,1,0.0019881
75,&thorn;as,<code>&amp;t;as</code>,1,0.0019881
75,&thorn;onne,<code>&amp;t;onne</code>,1,0.0019881
75,&thorn;orngebl&aelig;d,<code>&amp;t;orngebl&amp;ae;d</code>,1,0.0019881
75,&thorn;ystelgebl&aelig;d,<code>&amp;t;ystelgebl&amp;ae;d</code>,1,0.0019881
75,adle,<code>adle</code>,1,0.0019881
75,alorforda,<code>alorforda</code>,1,0.0019881
75,ana,<code>ana</code>,1,0.0019881
75,aspringan,<code>aspringan</code>,1,0.0019881
75,attorgebl&aelig;d,<code>attorgebl&amp;ae;d</code>,1,0.0019881
75,attorla&eth;an,<code>attorla&amp;d;an</code>,1,0.0019881
75,attorla&eth;e,<code>attorla&amp;d;e</code>,1,0.0019881
75,attres,<code>attres</code>,1,0.0019881
75,axsan,<code>axsan</code>,1,0.0019881
75,basewan,<code>basewan</code>,1,0.0019881
75,be&thorn;e,<code>be&amp;t;e</code>,1,0.0019881
75,behealda&eth;,<code>behealda&amp;d;</code>,1,0.0019881
75,beigra,<code>beigra</code>,1,0.0019881
75,bot,<code>bot</code>,1,0.0019881
75,brunan,<code>brunan</code>,1,0.0019881
75,bryde,<code>bryde</code>,1,0.0019881
75,bryodedon,<code>bryodedon</code>,1,0.0019881
75,bugan,<code>bugan</code>,1,0.0019881
75,buta,<code>buta</code>,1,0.0019881
75,com,<code>com</code>,1,0.0019881
75,cr&aelig;tu,<code>cr&amp;ae;tu</code>,1,0.0019881
75,crist,<code>crist</code>,1,0.0019881
75,cundes,<code>cundes</code>,1,0.0019881
75,curran,<code>curran</code>,1,0.0019881
75,cwene,<code>cwene</code>,1,0.0019881
75,drihten,<code>drihten</code>,1,0.0019881
75,duste,<code>duste</code>,1,0.0019881
75,ea,<code>ea</code>,1,0.0019881
75,eadigum,<code>eadigum</code>,1,0.0019881
75,eal,<code>eal</code>,1,0.0019881
75,ealde,<code>ealde</code>,1,0.0019881
75,ealle,<code>ealle</code>,1,0.0019881
75,ealswa,<code>ealswa</code>,1,0.0019881
75,earan,<code>earan</code>,1,0.0019881
75,earmum,<code>earmum</code>,1,0.0019881
75,f&aelig;r&eth;,<code>f&amp;ae;r&amp;d;</code>,1,0.0019881
75,f&aelig;rbregde,<code>f&amp;ae;rbregde</code>,1,0.0019881
75,fearras,<code>fearras</code>,1,0.0019881
75,felamihtigu,<code>felamihtigu</code>,1,0.0019881
75,feondes,<code>feondes</code>,1,0.0019881
75,feorh,<code>feorh</code>,1,0.0019881
75,fere&eth;,<code>fere&amp;d;</code>,1,0.0019881
75,fere&thorn;,<code>fere&amp;t;</code>,1,0.0019881
75,finol,<code>finol</code>,1,0.0019881
75,finul,<code>finul</code>,1,0.0019881
75,finule,<code>finule</code>,1,0.0019881
75,fleogan,<code>fleogan</code>,1,0.0019881
75,fleoh,<code>fleoh</code>,1,0.0019881
75,fn&aelig;rdon,<code>fn&amp;ae;rdon</code>,1,0.0019881
75,for,<code>for</code>,1,0.0019881
75,galdor,<code>galdor</code>,1,0.0019881
75,ge&aelig;ndade,<code>ge&amp;ae;ndade</code>,1,0.0019881
75,ge&aelig;ndadest,<code>ge&amp;ae;ndadest</code>,1,0.0019881
75,gealdor,<code>gealdor</code>,1,0.0019881
75,geblawe,<code>geblawe</code>,1,0.0019881
75,gefeaht,<code>gefeaht</code>,1,0.0019881
75,gefloge,<code>gefloge</code>,1,0.0019881
75,gegyrede,<code>gegyrede</code>,1,0.0019881
75,genam,<code>genam</code>,1,0.0019881
75,genim,<code>genim</code>,1,0.0019881
75,geolwan,<code>geolwan</code>,1,0.0019881
75,gesceop,<code>gesceop</code>,1,0.0019881
75,gesealde,<code>gesealde</code>,1,0.0019881
75,geweox,<code>geweox</code>,1,0.0019881
75,gewyrc,<code>gewyrc</code>,1,0.0019881
75,gif,<code>gif</code>,1,0.0019881
75,gor,<code>gor</code>,1,0.0019881
75,grenan,<code>grenan</code>,1,0.0019881
75,h&aelig;tte,<code>h&amp;ae;tte</code>,1,0.0019881
75,halig,<code>halig</code>,1,0.0019881
75,hattest,<code>hattest</code>,1,0.0019881
75,heofonum,<code>heofonum</code>,1,0.0019881
75,hond,<code>hond</code>,1,0.0019881
75,hongode,<code>hongode</code>,1,0.0019881
75,hrygc,<code>hrygc</code>,1,0.0019881
75,hus,<code>hus</code>,1,0.0019881
75,hwitan,<code>hwitan</code>,1,0.0019881
75,hy,<code>hy</code>,1,0.0019881
75,ilce,<code>ilce</code>,1,0.0019881
75,innan,<code>innan</code>,1,0.0019881
75,l&aelig;ssan,<code>l&amp;ae;ssan</code>,1,0.0019881
75,l&aelig;sse,<code>l&amp;ae;sse</code>,1,0.0019881
75,la&eth;an,<code>la&amp;d;an</code>,1,0.0019881
75,lombescyrse,<code>lombescyrse</code>,1,0.0019881
75,m&aelig;g&eth;an,<code>m&amp;ae;g&amp;d;an</code>,1,0.0019881
75,m&aelig;g&eth;e,<code>m&amp;ae;g&amp;d;e</code>,1,0.0019881
75,m&aelig;ngc,<code>m&amp;ae;ngc</code>,1,0.0019881
75,mage&eth;an,<code>mage&amp;d;an</code>,1,0.0019881
75,malscrunge,<code>malscrunge</code>,1,0.0019881
75,man,<code>man</code>,1,0.0019881
75,manra,<code>manra</code>,1,0.0019881
75,maran,<code>maran</code>,1,0.0019881
75,mare,<code>mare</code>,1,0.0019881
75,men,<code>men</code>,1,0.0019881
75,mete,<code>mete</code>,1,0.0019881
75,mid,<code>mid</code>,1,0.0019881
75,mihtigu,<code>mihtigu</code>,1,0.0019881
75,modor,<code>modor</code>,1,0.0019881
75,mon,<code>mon</code>,1,0.0019881
75,motan,<code>motan</code>,1,0.0019881
75,mu&eth;,<code>mu&amp;d;</code>,1,0.0019881
75,mucgwyrt,<code>mucgwyrt</code>,1,0.0019881
75,mugcwyrt,<code>mugcwyrt</code>,1,0.0019881
75,n&aelig;ddran,<code>n&amp;ae;ddran</code>,1,0.0019881
75,n&aelig;dran,<code>n&amp;ae;dran</code>,1,0.0019881
75,nean,<code>nean</code>,1,0.0019881
75,netelan,<code>netelan</code>,1,0.0019881
75,nor&eth;an,<code>nor&amp;d;an</code>,1,0.0019881
75,o&eth;&eth;&aelig;t,<code>o&amp;d;&amp;d;&amp;ae;t</code>,1,0.0019881
75,o&thorn;res,<code>o&amp;t;res</code>,1,0.0019881
75,ondan,<code>ondan</code>,1,0.0019881
75,onflygnum,<code>onflygnum</code>,1,0.0019881
75,ons&aelig;nde,<code>ons&amp;ae;nde</code>,1,0.0019881
75,open,<code>open</code>,1,0.0019881
75,openo,<code>openo</code>,1,0.0019881
75,readan,<code>readan</code>,1,0.0019881
75,regenmelde,<code>regenmelde</code>,1,0.0019881
75,renadest,<code>renadest</code>,1,0.0019881
75,reodan,<code>reodan</code>,1,0.0019881
75,rinnende,<code>rinnende</code>,1,0.0019881
75,runlan,<code>runlan</code>,1,0.0019881
75,s&aelig;nde,<code>s&amp;ae;nde</code>,1,0.0019881
75,sealt,<code>sealt</code>,1,0.0019881
75,seolh,<code>seolh</code>,1,0.0019881
75,sette,<code>sette</code>,1,0.0019881
75,sing,<code>sing</code>,1,0.0019881
75,singe,<code>singe</code>,1,0.0019881
75,sloh,<code>sloh</code>,1,0.0019881
75,slypan,<code>slypan</code>,1,0.0019881
75,slyppan,<code>slyppan</code>,1,0.0019881
75,snican,<code>snican</code>,1,0.0019881
75,stane,<code>stane</code>,1,0.0019881
75,sti&eth;e,<code>sti&amp;d;e</code>,1,0.0019881
75,stod,<code>stod</code>,1,0.0019881
75,stune,<code>stune</code>,1,0.0019881
75,swa,<code>swa</code>,1,0.0019881
75,sy&thorn;&eth;an,<code>sy&amp;t;&amp;d;an</code>,1,0.0019881
75,tofleah,<code>tofleah</code>,1,0.0019881
75,toslat,<code>toslat</code>,1,0.0019881
75,toslupan,<code>toslupan</code>,1,0.0019881
75,twa,<code>twa</code>,1,0.0019881
75,una,<code>una</code>,1,0.0019881
75,ut,<code>ut</code>,1,0.0019881
75,vii,<code>vii</code>,1,0.0019881
75,w&aelig;ter,<code>w&amp;ae;ter</code>,1,0.0019881
75,w&aelig;tere,<code>w&amp;ae;tere</code>,1,0.0019881
75,w&aelig;tergebl&aelig;d,<code>w&amp;ae;tergebl&amp;ae;d</code>,1,0.0019881
75,wat,<code>wat</code>,1,0.0019881
75,weoda,<code>weoda</code>,1,0.0019881
75,weorpe&eth;,<code>weorpe&amp;d;</code>,1,0.0019881
75,wer&eth;eode,<code>wer&amp;d;eode</code>,1,0.0019881
75,wergulu,<code>wergulu</code>,1,0.0019881
75,westan,<code>westan</code>,1,0.0019881
75,wi&eth;stode,<code>wi&amp;d;stode</code>,1,0.0019881
75,wi&eth;stonde,<code>wi&amp;d;stonde</code>,1,0.0019881
75,wi&eth;stuna&eth;,<code>wi&amp;d;stuna&amp;d;</code>,1,0.0019881
75,wi&eth;stunedest,<code>wi&amp;d;stunedest</code>,1,0.0019881
75,wihta,<code>wihta</code>,1,0.0019881
75,witig,<code>witig</code>,1,0.0019881
75,woden,<code>woden</code>,1,0.0019881
75,wolde,<code>wolde</code>,1,0.0019881
75,wonnan,<code>wonnan</code>,1,0.0019881
75,worulde,<code>worulde</code>,1,0.0019881
75,wra&eth;an,<code>wra&amp;d;an</code>,1,0.0019881
75,wrece&eth;,<code>wrece&amp;d;</code>,1,0.0019881
75,wudusur&aelig;ppel,<code>wudusur&amp;ae;ppel</code>,1,0.0019881
75,wuldorgeflogenum,<code>wuldorgeflogenum</code>,1,0.0019881
75,wuldortanas,<code>wuldortanas</code>,1,0.0019881
75,wunde,<code>wunde</code>,1,0.0019881
75,wyl,<code>wyl</code>,1,0.0019881
75,wyrc,<code>wyrc</code>,1,0.0019881
75,wyrce,<code>wyrce</code>,1,0.0019881
75,wyrmgebl&aelig;d,<code>wyrmgebl&amp;ae;d</code>,1,0.0019881
75,wyrte,<code>wyrte</code>,1,0.0019881
75,wyrtum,<code>wyrtum</code>,1,0.0019881
75,yldost,<code>yldost</code>,1,0.0019881
75,ysgebl&aelig;d,<code>ysgebl&amp;ae;d</code>,1,0.0019881
