A_Poetry,A43,A43.008_MCharm_8_T01900.txt,58,49,76
RANK,HTML WORD,RAW WORD,COUNT,RELATIVE FREQUENCY
1,and,<code>and</code>,7,0.0921053
2,wi&eth;,<code>wi&amp;d;</code>,5,0.0657895
3,ge,<code>ge</code>,3,0.0394737
4,eor&thorn;an,<code>eor&amp;t;an</code>,2,0.0263158
4,ic,<code>ic</code>,2,0.0263158
4,swa,<code>swa</code>,2,0.0263158
4,swi&thorn;ran,<code>swi&amp;t;ran</code>,2,0.0263158
4,to,<code>to</code>,2,0.0263158
4,under,<code>under</code>,2,0.0263158
10,&aelig;minde,<code>&amp;ae;minde</code>,1,0.0131579
10,&thorn;a,<code>&amp;t;a</code>,1,0.0131579
10,&thorn;inre,<code>&amp;t;inre</code>,1,0.0131579
10,&thorn;inum,<code>&amp;t;inum</code>,1,0.0131579
10,&thorn;onne,<code>&amp;t;onne</code>,1,0.0131579
10,andan,<code>andan</code>,1,0.0131579
10,beo,<code>beo</code>,1,0.0131579
10,bi&eth;,<code>bi&amp;d;</code>,1,0.0131579
10,cwe&eth;,<code>cwe&amp;d;</code>,1,0.0131579
10,cwet,<code>cwet</code>,1,0.0131579
10,e&thorn;eles,<code>e&amp;t;eles</code>,1,0.0131579
10,ealra,<code>ealra</code>,1,0.0131579
10,eor&eth;e,<code>eor&amp;d;e</code>,1,0.0131579
10,fet,<code>fet</code>,1,0.0131579
10,fleogan,<code>fleogan</code>,1,0.0131579
10,fo,<code>fo</code>,1,0.0131579
10,forweorp,<code>forweorp</code>,1,0.0131579
10,fot,<code>fot</code>,1,0.0131579
10,funde,<code>funde</code>,1,0.0131579
10,gehwilc,<code>gehwilc</code>,1,0.0131579
10,gehwilce,<code>gehwilce</code>,1,0.0131579
10,gemindige,<code>gemindige</code>,1,0.0131579
10,godes,<code>godes</code>,1,0.0131579
10,greot,<code>greot</code>,1,0.0131579
10,handa,<code>handa</code>,1,0.0131579
10,hi,<code>hi</code>,1,0.0131579
10,hit,<code>hit</code>,1,0.0131579
10,hw&aelig;t,<code>hw&amp;ae;t</code>,1,0.0131579
10,m&aelig;g,<code>m&amp;ae;g</code>,1,0.0131579
10,manna,<code>manna</code>,1,0.0131579
10,mannes,<code>mannes</code>,1,0.0131579
10,metes,<code>metes</code>,1,0.0131579
10,micelan,<code>micelan</code>,1,0.0131579
10,mid,<code>mid</code>,1,0.0131579
10,mines,<code>mines</code>,1,0.0131579
10,n&aelig;fre,<code>n&amp;ae;fre</code>,1,0.0131579
10,nim,<code>nim</code>,1,0.0131579
10,ofer,<code>ofer</code>,1,0.0131579
10,oferweorp,<code>oferweorp</code>,1,0.0131579
10,siga&eth;,<code>siga&amp;d;</code>,1,0.0131579
10,sigewif,<code>sigewif</code>,1,0.0131579
10,sitte,<code>sitte</code>,1,0.0131579
10,swirman,<code>swirman</code>,1,0.0131579
10,tungan,<code>tungan</code>,1,0.0131579
10,wi&eth;&eth;on,<code>wi&amp;d;&amp;d;on</code>,1,0.0131579
10,wihta,<code>wihta</code>,1,0.0131579
10,wilde,<code>wilde</code>,1,0.0131579
10,wuda,<code>wuda</code>,1,0.0131579
10,ymbe,<code>ymbe</code>,1,0.0131579
