A_Poetry,A43,A43.009_MCharm_9_T01910.txt,83,65,140
RANK,HTML WORD,RAW WORD,COUNT,RELATIVE FREQUENCY
1,&thorn;&aelig;t,<code>&amp;t;&amp;ae;t</code>,9,0.0642857
1,and,<code>and</code>,9,0.0642857
3,feoh,<code>feoh</code>,7,0.0500000
4,to,<code>to</code>,6,0.0428571
5,ic,<code>ic</code>,5,0.0357143
5,ne,<code>ne</code>,5,0.0357143
7,he,<code>he</code>,4,0.0285714
7,his,<code>his</code>,4,0.0285714
7,hit,<code>hit</code>,4,0.0285714
7,swa,<code>swa</code>,4,0.0285714
11,&eth;e,<code>&amp;d;e</code>,3,0.0214286
11,n&aelig;s,<code>n&amp;ae;s</code>,3,0.0214286
13,&eth;is,<code>&amp;d;is</code>,2,0.0142857
13,&thorn;ence,<code>&amp;t;ence</code>,2,0.0142857
13,fere,<code>fere</code>,2,0.0142857
13,ge&thorn;ohte,<code>ge&amp;t;ohte</code>,2,0.0142857
13,mihta,<code>mihta</code>,2,0.0142857
13,n&aelig;fre,<code>n&amp;ae;fre</code>,2,0.0142857
19,&eth;egen,<code>&amp;d;egen</code>,1,0.0071429
19,&eth;ence,<code>&amp;d;ence</code>,1,0.0071429
19,&thorn;&aelig;s,<code>&amp;t;&amp;ae;s</code>,1,0.0071429
19,&thorn;e,<code>&amp;t;e</code>,1,0.0071429
19,&thorn;is,<code>&amp;t;is</code>,1,0.0071429
19,&thorn;rym,<code>&amp;t;rym</code>,1,0.0071429
19,&thorn;ystel,<code>&amp;t;ystel</code>,1,0.0071429
19,age,<code>age</code>,1,0.0071429
19,ahangen,<code>ahangen</code>,1,0.0071429
19,amen,<code>amen</code>,1,0.0071429
19,binnan,<code>binnan</code>,1,0.0071429
19,bre&eth;el,<code>bre&amp;d;el</code>,1,0.0071429
19,crist,<code>crist</code>,1,0.0071429
19,cunne,<code>cunne</code>,1,0.0071429
19,drihten,<code>drihten</code>,1,0.0071429
19,eadelenan,<code>eadelenan</code>,1,0.0071429
19,eall,<code>eall</code>,1,0.0071429
19,find,<code>find</code>,1,0.0071429
19,findanne,<code>findanne</code>,1,0.0071429
19,foldan,<code>foldan</code>,1,0.0071429
19,forholen,<code>forholen</code>,1,0.0071429
19,forstolen,<code>forstolen</code>,1,0.0071429
19,garmund,<code>garmund</code>,1,0.0071429
19,gedige,<code>gedige</code>,1,0.0071429
19,gedo,<code>gedo</code>,1,0.0071429
19,gif,<code>gif</code>,1,0.0071429
19,godes,<code>godes</code>,1,0.0071429
19,hafa,<code>hafa</code>,1,0.0071429
19,ham,<code>ham</code>,1,0.0071429
19,heald,<code>heald</code>,1,0.0071429
19,herod,<code>herod</code>,1,0.0071429
19,him,<code>him</code>,1,0.0071429
19,husa,<code>husa</code>,1,0.0071429
19,hwa,<code>hwa</code>,1,0.0071429
19,hyt,<code>hyt</code>,1,0.0071429
19,landes,<code>landes</code>,1,0.0071429
19,lufianne,<code>lufianne</code>,1,0.0071429
19,m&aelig;gen,<code>m&amp;ae;gen</code>,1,0.0071429
19,ma,<code>ma</code>,1,0.0071429
19,mihte,<code>mihte</code>,1,0.0071429
19,mundcr&aelig;ftas,<code>mundcr&amp;ae;ftas</code>,1,0.0071429
19,n&aelig;bbe,<code>n&amp;ae;bbe</code>,1,0.0071429
19,nanuht,<code>nanuht</code>,1,0.0071429
19,nihtum,<code>nihtum</code>,1,0.0071429
19,o&eth;&eth;e,<code>o&amp;d;&amp;d;e</code>,1,0.0071429
19,o&eth;ehtian,<code>o&amp;d;ehtian</code>,1,0.0071429
19,o&eth;feorrganne,<code>o&amp;d;feorrganne</code>,1,0.0071429
19,o&eth;fergean,<code>o&amp;d;fergean</code>,1,0.0071429
19,o&eth;ferie,<code>o&amp;d;ferie</code>,1,0.0071429
19,o&eth;healde,<code>o&amp;d;healde</code>,1,0.0071429
19,o&eth;l&aelig;danne,<code>o&amp;d;l&amp;ae;danne</code>,1,0.0071429
19,o&eth;l&aelig;de,<code>o&amp;d;l&amp;ae;de</code>,1,0.0071429
19,o&eth;wyrceanne,<code>o&amp;d;wyrceanne</code>,1,0.0071429
19,on,<code>on</code>,1,0.0071429
19,orf,<code>orf</code>,1,0.0071429
19,rode,<code>rode</code>,1,0.0071429
19,sancte,<code>sancte</code>,1,0.0071429
19,se,<code>se</code>,1,0.0071429
19,seo,<code>seo</code>,1,0.0071429
19,syre,<code>syre</code>,1,0.0071429
19,urne,<code>urne</code>,1,0.0071429
19,weornie,<code>weornie</code>,1,0.0071429
19,weornige,<code>weornige</code>,1,0.0071429
19,witanne,<code>witanne</code>,1,0.0071429
19,wudu,<code>wudu</code>,1,0.0071429
