A_Poetry,A43,A43.007_MCharm_7_T01890.txt,90,77,114
RANK,HTML WORD,RAW WORD,COUNT,RELATIVE FREQUENCY
1,ne,<code>ne</code>,8,0.0701754
2,&thorn;e,<code>&amp;t;e</code>,3,0.0263158
2,&thorn;is,<code>&amp;t;is</code>,3,0.0263158
2,and,<code>and</code>,3,0.0263158
2,him,<code>him</code>,3,0.0263158
2,on,<code>on</code>,3,0.0263158
7,&thorn;a,<code>&amp;t;a</code>,2,0.0175439
7,ace,<code>ace</code>,2,0.0175439
7,benne,<code>benne</code>,2,0.0175439
7,do,<code>do</code>,2,0.0175439
7,mon,<code>mon</code>,2,0.0175439
7,sing,<code>sing</code>,2,0.0175439
7,to,<code>to</code>,2,0.0175439
14,&thorn;as,<code>&amp;t;as</code>,1,0.0087719
14,&thorn;on,<code>&amp;t;on</code>,1,0.0087719
14,&thorn;onne,<code>&amp;t;onne</code>,1,0.0087719
14,&thorn;riwa,<code>&amp;t;riwa</code>,1,0.0087719
14,ac,<code>ac</code>,1,0.0087719
14,attorla&thorn;e,<code>attorla&amp;t;e</code>,1,0.0087719
14,awrat,<code>awrat</code>,1,0.0087719
14,beadowr&aelig;da,<code>beadowr&amp;ae;da</code>,1,0.0087719
14,beo&thorn;,<code>beo&amp;t;</code>,1,0.0087719
14,betest,<code>betest</code>,1,0.0087719
14,bi&thorn;,<code>bi&amp;t;</code>,1,0.0087719
14,burnon,<code>burnon</code>,1,0.0087719
14,burston,<code>burston</code>,1,0.0087719
14,cassuc,<code>cassuc</code>,1,0.0087719
14,consolde,<code>consolde</code>,1,0.0087719
14,crop,<code>crop</code>,1,0.0087719
14,dile,<code>dile</code>,1,0.0087719
14,diopian,<code>diopian</code>,1,0.0087719
14,docce,<code>docce</code>,1,0.0087719
14,dolh,<code>dolh</code>,1,0.0087719
14,eagan,<code>eagan</code>,1,0.0087719
14,eala&thorn;,<code>eala&amp;t;</code>,1,0.0087719
14,eallum,<code>eallum</code>,1,0.0087719
14,eare,<code>eare</code>,1,0.0087719
14,elehtre,<code>elehtre</code>,1,0.0087719
14,ellen,<code>ellen</code>,1,0.0087719
14,eofor&thorn;rote,<code>eofor&amp;t;rote</code>,1,0.0087719
14,eolone,<code>eolone</code>,1,0.0087719
14,eor&thorn;an,<code>eor&amp;t;an</code>,1,0.0087719
14,eor&thorn;e,<code>eor&amp;t;e</code>,1,0.0087719
14,eowberge,<code>eowberge</code>,1,0.0087719
14,felterre,<code>felterre</code>,1,0.0087719
14,fenminte,<code>fenminte</code>,1,0.0087719
14,feologan,<code>feologan</code>,1,0.0087719
14,fone,<code>fone</code>,1,0.0087719
14,fundian,<code>fundian</code>,1,0.0087719
14,galdor,<code>galdor</code>,1,0.0087719
14,gealdor,<code>gealdor</code>,1,0.0087719
14,gif,<code>gif</code>,1,0.0087719
14,h&aelig;ligw&aelig;ter,<code>h&amp;ae;ligw&amp;ae;ter</code>,1,0.0087719
14,halew&aelig;ge,<code>halew&amp;ae;ge</code>,1,0.0087719
14,handn&aelig;glas,<code>handn&amp;ae;glas</code>,1,0.0087719
14,healde,<code>healde</code>,1,0.0087719
14,hire,<code>hire</code>,1,0.0087719
14,hoppettan,<code>hoppettan</code>,1,0.0087719
14,ic,<code>ic</code>,1,0.0087719
14,l&aelig;cedome,<code>l&amp;ae;cedome</code>,1,0.0087719
14,leaf,<code>leaf</code>,1,0.0087719
14,lilie,<code>lilie</code>,1,0.0087719
14,locian,<code>locian</code>,1,0.0087719
14,m&aelig;g,<code>m&amp;ae;g</code>,1,0.0087719
14,m&aelig;genum,<code>m&amp;ae;genum</code>,1,0.0087719
14,ma,<code>ma</code>,1,0.0087719
14,manegum,<code>manegum</code>,1,0.0087719
14,marubie,<code>marubie</code>,1,0.0087719
14,merscmealwan,<code>merscmealwan</code>,1,0.0087719
14,mid,<code>mid</code>,1,0.0087719
14,mihtum,<code>mihtum</code>,1,0.0087719
14,ni&thorn;er,<code>ni&amp;t;er</code>,1,0.0087719
14,nio&thorn;oweard,<code>nio&amp;t;oweard</code>,1,0.0087719
14,ofer,<code>ofer</code>,1,0.0087719
14,ofgeot,<code>ofgeot</code>,1,0.0087719
14,onbere,<code>onbere</code>,1,0.0087719
14,polleie,<code>polleie</code>,1,0.0087719
14,self,<code>self</code>,1,0.0087719
14,si&thorn;um,<code>si&amp;t;um</code>,1,0.0087719
14,singan,<code>singan</code>,1,0.0087719
14,streawbergean,<code>streawbergean</code>,1,0.0087719
14,swa,<code>swa</code>,1,0.0087719
14,tearige,<code>tearige</code>,1,0.0087719
14,w&aelig;ter&aelig;lfadle,<code>w&amp;ae;ter&amp;ae;lfadle</code>,1,0.0087719
14,waxsian,<code>waxsian</code>,1,0.0087719
14,wermod,<code>wermod</code>,1,0.0087719
14,wile,<code>wile</code>,1,0.0087719
14,wonne,<code>wonne</code>,1,0.0087719
14,wund,<code>wund</code>,1,0.0087719
14,wunde,<code>wunde</code>,1,0.0087719
