A_Poetry,A43,A43.006_MCharm_6_T01880.txt,131,91,256
RANK,HTML WORD,RAW WORD,COUNT,RELATIVE FREQUENCY
1,&thorn;onne,<code>&amp;t;onne</code>,20,0.0781250
2,and,<code>and</code>,17,0.0664063
3,heo,<code>heo</code>,9,0.0351563
3,to,<code>to</code>,9,0.0351563
5,mid,<code>mid</code>,8,0.0312500
6,se,<code>se</code>,6,0.0234375
7,cwe&thorn;e,<code>cwe&amp;t;e</code>,5,0.0195313
7,ga,<code>ga</code>,5,0.0195313
7,hyre,<code>hyre</code>,5,0.0195313
7,ic,<code>ic</code>,5,0.0195313
7,me,<code>me</code>,5,0.0195313
7,ne,<code>ne</code>,5,0.0195313
13,&thorn;&aelig;re,<code>&amp;t;&amp;ae;re</code>,4,0.0156250
13,&thorn;is,<code>&amp;t;is</code>,4,0.0156250
15,&thorn;&aelig;t,<code>&amp;t;&amp;ae;t</code>,3,0.0117188
15,&thorn;as,<code>&amp;t;as</code>,3,0.0117188
15,afedan,<code>afedan</code>,3,0.0117188
15,bearn,<code>bearn</code>,3,0.0117188
15,bote,<code>bote</code>,3,0.0117188
15,on,<code>on</code>,3,0.0117188
21,&thorn;&aelig;r,<code>&amp;t;&amp;ae;r</code>,2,0.0078125
21,&thorn;a,<code>&amp;t;a</code>,2,0.0078125
21,&thorn;an,<code>&amp;t;an</code>,2,0.0078125
21,&thorn;ihtan,<code>&amp;t;ihtan</code>,2,0.0078125
21,&thorn;riwa,<code>&amp;t;riwa</code>,2,0.0078125
21,&thorn;ysse,<code>&amp;t;ysse</code>,2,0.0078125
21,bebicge,<code>bebicge</code>,2,0.0078125
21,gange,<code>gange</code>,2,0.0078125
21,hit,<code>hit</code>,2,0.0078125
21,in,<code>in</code>,2,0.0078125
21,m&aelig;ge,<code>m&amp;ae;ge</code>,2,0.0078125
21,m&aelig;ran,<code>m&amp;ae;ran</code>,2,0.0078125
21,nal&aelig;s,<code>nal&amp;ae;s</code>,2,0.0078125
21,o&thorn;er,<code>o&amp;t;er</code>,2,0.0078125
21,ofer,<code>ofer</code>,2,0.0078125
21,seo,<code>seo</code>,2,0.0078125
21,st&aelig;ppe,<code>st&amp;ae;ppe</code>,2,0.0078125
21,wifman,<code>wifman</code>,2,0.0078125
21,word,<code>word</code>,2,0.0078125
21,wulle,<code>wulle</code>,2,0.0078125
41,&aelig;fter,<code>&amp;ae;fter</code>,1,0.0039063
41,&thorn;&aelig;s,<code>&amp;t;&amp;ae;s</code>,1,0.0039063
41,&thorn;anan,<code>&amp;t;anan</code>,1,0.0039063
41,&thorn;e,<code>&amp;t;e</code>,1,0.0039063
41,&thorn;one,<code>&amp;t;one</code>,1,0.0039063
41,agenes,<code>agenes</code>,1,0.0039063
41,anes,<code>anes</code>,1,0.0039063
41,bearne,<code>bearne</code>,1,0.0039063
41,bebicgan,<code>bebicgan</code>,1,0.0039063
41,beseo,<code>beseo</code>,1,0.0039063
41,birgenne,<code>birgenne</code>,1,0.0039063
41,blace,<code>blace</code>,1,0.0039063
41,bleos,<code>bleos</code>,1,0.0039063
41,broce,<code>broce</code>,1,0.0039063
41,byrgenne,<code>byrgenne</code>,1,0.0039063
41,cepemannum,<code>cepemannum</code>,1,0.0039063
41,cild,<code>cild</code>,1,0.0039063
41,cilde,<code>cilde</code>,1,0.0039063
41,cildes,<code>cildes</code>,1,0.0039063
41,corn,<code>corn</code>,1,0.0039063
41,criste,<code>criste</code>,1,0.0039063
41,cu,<code>cu</code>,1,0.0039063
41,cume,<code>cume</code>,1,0.0039063
41,cwellendum,<code>cwellendum</code>,1,0.0039063
41,cwic,<code>cwic</code>,1,0.0039063
41,cwican,<code>cwican</code>,1,0.0039063
41,cyrican,<code>cyrican</code>,1,0.0039063
41,d&aelig;l,<code>d&amp;ae;l</code>,1,0.0039063
41,eft,<code>eft</code>,1,0.0039063
41,f&aelig;gan,<code>f&amp;ae;gan</code>,1,0.0039063
41,ferde,<code>ferde</code>,1,0.0039063
41,forswelge,<code>forswelge</code>,1,0.0039063
41,fulborenum,<code>fulborenum</code>,1,0.0039063
41,fulne,<code>fulne</code>,1,0.0039063
41,gan,<code>gan</code>,1,0.0039063
41,ge,<code>ge</code>,1,0.0039063
41,gebyrge,<code>gebyrge</code>,1,0.0039063
41,gebyrgenne,<code>gebyrgenne</code>,1,0.0039063
41,gecy&thorn;ed,<code>gecy&amp;t;ed</code>,1,0.0039063
41,gefele,<code>gefele</code>,1,0.0039063
41,gehwer,<code>gehwer</code>,1,0.0039063
41,genime,<code>genime</code>,1,0.0039063
41,gesupe,<code>gesupe</code>,1,0.0039063
41,gewitenes,<code>gewitenes</code>,1,0.0039063
41,gonge,<code>gonge</code>,1,0.0039063
41,habban,<code>habban</code>,1,0.0039063
41,ham,<code>ham</code>,1,0.0039063
41,hand,<code>hand</code>,1,0.0039063
41,hand&aelig;,<code>hand&amp;ae;</code>,1,0.0039063
41,hire,<code>hire</code>,1,0.0039063
41,hlade,<code>hlade</code>,1,0.0039063
41,hlaforde,<code>hlaforde</code>,1,0.0039063
41,hus,<code>hus</code>,1,0.0039063
41,l&aelig;tbyrde,<code>l&amp;ae;tbyrde</code>,1,0.0039063
41,la&eth;an,<code>la&amp;d;an</code>,1,0.0039063
41,la&thorn;an,<code>la&amp;t;an</code>,1,0.0039063
41,lambyrde,<code>lambyrde</code>,1,0.0039063
41,m&aelig;g,<code>m&amp;ae;g</code>,1,0.0039063
41,maga,<code>maga</code>,1,0.0039063
41,mannes,<code>mannes</code>,1,0.0039063
41,meolc,<code>meolc</code>,1,0.0039063
41,meoluc,<code>meoluc</code>,1,0.0039063
41,mete,<code>mete</code>,1,0.0039063
41,metes,<code>metes</code>,1,0.0039063
41,modor,<code>modor</code>,1,0.0039063
41,mu&eth;,<code>mu&amp;d;</code>,1,0.0039063
41,mu&thorn;e,<code>mu&amp;t;e</code>,1,0.0039063
41,nime,<code>nime</code>,1,0.0039063
41,no,<code>no</code>,1,0.0039063
41,ofeode,<code>ofeode</code>,1,0.0039063
41,reste,<code>reste</code>,1,0.0039063
41,s&aelig;de,<code>s&amp;ae;de</code>,1,0.0039063
41,si,<code>si</code>,1,0.0039063
41,sorge,<code>sorge</code>,1,0.0039063
41,spiwe,<code>spiwe</code>,1,0.0039063
41,sw&aelig;ran,<code>sw&amp;ae;ran</code>,1,0.0039063
41,sw&aelig;rbyrde,<code>sw&amp;ae;rbyrde</code>,1,0.0039063
41,sweartan,<code>sweartan</code>,1,0.0039063
41,sylf,<code>sylf</code>,1,0.0039063
41,toforan,<code>toforan</code>,1,0.0039063
41,up,<code>up</code>,1,0.0039063
41,ut,<code>ut</code>,1,0.0039063
41,w&aelig;tere,<code>w&amp;ae;tere</code>,1,0.0039063
41,w&aelig;teres,<code>w&amp;ae;teres</code>,1,0.0039063
41,weofode,<code>weofode</code>,1,0.0039063
41,wif,<code>wif</code>,1,0.0039063
41,wifmon,<code>wifmon</code>,1,0.0039063
41,wille,<code>wille</code>,1,0.0039063
41,wry,<code>wry</code>,1,0.0039063
41,ylcan,<code>ylcan</code>,1,0.0039063
41,yrnendum,<code>yrnendum</code>,1,0.0039063
