A_Poetry,A43,A43.011_MCharm_11_T01930.txt,176,147,266
RANK,HTML WORD,RAW WORD,COUNT,RELATIVE FREQUENCY
1,and,<code>and</code>,22,0.0827068
2,me,<code>me</code>,14,0.0526316
3,ic,<code>ic</code>,11,0.0413534
4,wi&eth;,<code>wi&amp;d;</code>,9,0.0338346
5,ne,<code>ne</code>,6,0.0225564
5,on,<code>on</code>,6,0.0225564
7,engla,<code>engla</code>,4,0.0150376
8,&thorn;&aelig;t,<code>&amp;t;&amp;ae;t</code>,3,0.0112782
8,&thorn;ane,<code>&amp;t;ane</code>,3,0.0112782
8,&thorn;e,<code>&amp;t;e</code>,3,0.0112782
11,bl&aelig;d,<code>bl&amp;ae;d</code>,2,0.0075188
11,eac,<code>eac</code>,2,0.0075188
11,eal,<code>eal</code>,2,0.0075188
11,eallum,<code>eallum</code>,2,0.0075188
11,feondum,<code>feondum</code>,2,0.0075188
11,gemete,<code>gemete</code>,2,0.0075188
11,godes,<code>godes</code>,2,0.0075188
11,hand,<code>hand</code>,2,0.0075188
11,heofna,<code>heofna</code>,2,0.0075188
11,la&eth;,<code>la&amp;d;</code>,2,0.0075188
11,mote,<code>mote</code>,2,0.0075188
11,rof,<code>rof</code>,2,0.0075188
11,sara,<code>sara</code>,2,0.0075188
11,se,<code>se</code>,2,0.0075188
11,swa,<code>swa</code>,2,0.0075188
11,to,<code>to</code>,2,0.0075188
11,windas,<code>windas</code>,2,0.0075188
11,wuldres,<code>wuldres</code>,2,0.0075188
11,wunian,<code>wunian</code>,2,0.0075188
30,&aelig;lmihtgian,<code>&amp;ae;lmihtgian</code>,1,0.0037594
30,&aelig;lmihtig,<code>&amp;ae;lmihtig</code>,1,0.0037594
30,&eth;ane,<code>&amp;d;ane</code>,1,0.0037594
30,&thorn;&aelig;,<code>&amp;t;&amp;ae;</code>,1,0.0037594
30,&thorn;&aelig;s,<code>&amp;t;&amp;ae;s</code>,1,0.0037594
30,&thorn;a,<code>&amp;t;a</code>,1,0.0037594
30,&thorn;am,<code>&amp;t;am</code>,1,0.0037594
30,&thorn;inra,<code>&amp;t;inra</code>,1,0.0037594
30,&thorn;is,<code>&amp;t;is</code>,1,0.0037594
30,&thorn;isse,<code>&amp;t;isse</code>,1,0.0037594
30,&thorn;usend,<code>&amp;t;usend</code>,1,0.0037594
30,abrame,<code>abrame</code>,1,0.0037594
30,ac,<code>ac</code>,1,0.0037594
30,amen,<code>amen</code>,1,0.0037594
30,annan,<code>annan</code>,1,0.0037594
30,are,<code>are</code>,1,0.0037594
30,bebeode,<code>bebeode</code>,1,0.0037594
30,begale,<code>begale</code>,1,0.0037594
30,belocun,<code>belocun</code>,1,0.0037594
30,beluce,<code>beluce</code>,1,0.0037594
30,beo,<code>beo</code>,1,0.0037594
30,bi&eth;,<code>bi&amp;d;</code>,1,0.0037594
30,bidde,<code>bidde</code>,1,0.0037594
30,biddu,<code>biddu</code>,1,0.0037594
30,bli&eth;u,<code>bli&amp;d;u</code>,1,0.0037594
30,byrne,<code>byrne</code>,1,0.0037594
30,circinde,<code>circinde</code>,1,0.0037594
30,clipige,<code>clipige</code>,1,0.0037594
30,cristes,<code>cristes</code>,1,0.0037594
30,dauit,<code>dauit</code>,1,0.0037594
30,dege,<code>dege</code>,1,0.0037594
30,dryhten,<code>dryhten</code>,1,0.0037594
30,eadiges,<code>eadiges</code>,1,0.0037594
30,eall,<code>eall</code>,1,0.0037594
30,ealle,<code>ealle</code>,1,0.0037594
30,ealles,<code>ealles</code>,1,0.0037594
30,ec,<code>ec</code>,1,0.0037594
30,eghwam,<code>eghwam</code>,1,0.0037594
30,egsa,<code>egsa</code>,1,0.0037594
30,eht,<code>eht</code>,1,0.0037594
30,elizabet,<code>elizabet</code>,1,0.0037594
30,evan,<code>evan</code>,1,0.0037594
30,fare,<code>fare</code>,1,0.0037594
30,feore,<code>feore</code>,1,0.0037594
30,ferion,<code>ferion</code>,1,0.0037594
30,for&eth;,<code>for&amp;d;</code>,1,0.0037594
30,fore,<code>fore</code>,1,0.0037594
30,forht,<code>forht</code>,1,0.0037594
30,freond,<code>freond</code>,1,0.0037594
30,fri&eth;,<code>fri&amp;d;</code>,1,0.0037594
30,fri&thorn;ion,<code>fri&amp;t;ion</code>,1,0.0037594
30,frind,<code>frind</code>,1,0.0037594
30,frofre,<code>frofre</code>,1,0.0037594
30,gast,<code>gast</code>,1,0.0037594
30,gebro&thorn;ru,<code>gebro&amp;t;ru</code>,1,0.0037594
30,gefare,<code>gefare</code>,1,0.0037594
30,gefran,<code>gefran</code>,1,0.0037594
30,geh&aelig;le,<code>geh&amp;ae;le</code>,1,0.0037594
30,geh&aelig;lede,<code>geh&amp;ae;lede</code>,1,0.0037594
30,gehealdon,<code>gehealdon</code>,1,0.0037594
30,gehyrde,<code>gehyrde</code>,1,0.0037594
30,gemyrre,<code>gemyrre</code>,1,0.0037594
30,gesta&thorn;elod,<code>gesta&amp;t;elod</code>,1,0.0037594
30,geswence,<code>geswence</code>,1,0.0037594
30,gewealdon,<code>gewealdon</code>,1,0.0037594
30,gewlitegod,<code>gewlitegod</code>,1,0.0037594
30,gewur&thorn;e,<code>gewur&amp;t;e</code>,1,0.0037594
30,god,<code>god</code>,1,0.0037594
30,godne,<code>godne</code>,1,0.0037594
30,grymma,<code>grymma</code>,1,0.0037594
30,gryre,<code>gryre</code>,1,0.0037594
30,gyrde,<code>gyrde</code>,1,0.0037594
30,haligra,<code>haligra</code>,1,0.0037594
30,halre,<code>halre</code>,1,0.0037594
30,heafod,<code>heafod</code>,1,0.0037594
30,helde,<code>helde</code>,1,0.0037594
30,helm,<code>helm</code>,1,0.0037594
30,hi,<code>hi</code>,1,0.0037594
30,hwile,<code>hwile</code>,1,0.0037594
30,hyht,<code>hyht</code>,1,0.0037594
30,iacob,<code>iacob</code>,1,0.0037594
30,in,<code>in</code>,1,0.0037594
30,inna,<code>inna</code>,1,0.0037594
30,iohannes,<code>iohannes</code>,1,0.0037594
30,iosep,<code>iosep</code>,1,0.0037594
30,isace,<code>isace</code>,1,0.0037594
30,la&thorn;an,<code>la&amp;t;an</code>,1,0.0037594
30,land,<code>land</code>,1,0.0037594
30,lare,<code>lare</code>,1,0.0037594
30,leoht,<code>leoht</code>,1,0.0037594
30,life,<code>life</code>,1,0.0037594
30,lifes,<code>lifes</code>,1,0.0037594
30,lihte,<code>lihte</code>,1,0.0037594
30,lucos,<code>lucos</code>,1,0.0037594
30,lyfes,<code>lyfes</code>,1,0.0037594
30,maga,<code>maga</code>,1,0.0037594
30,marcus,<code>marcus</code>,1,0.0037594
30,marie,<code>marie</code>,1,0.0037594
30,matheus,<code>matheus</code>,1,0.0037594
30,men,<code>men</code>,1,0.0037594
30,mere,<code>mere</code>,1,0.0037594
30,micela,<code>micela</code>,1,0.0037594
30,miltse,<code>miltse</code>,1,0.0037594
30,min,<code>min</code>,1,0.0037594
30,mine,<code>mine</code>,1,0.0037594
30,minum,<code>minum</code>,1,0.0037594
30,mode,<code>mode</code>,1,0.0037594
30,modur,<code>modur</code>,1,0.0037594
30,moyses,<code>moyses</code>,1,0.0037594
30,n&aelig;fre,<code>n&amp;ae;fre</code>,1,0.0037594
30,nerion,<code>nerion</code>,1,0.0037594
30,nu,<code>nu</code>,1,0.0037594
30,ofer,<code>ofer</code>,1,0.0037594
30,paulus,<code>paulus</code>,1,0.0037594
30,petrus,<code>petrus</code>,1,0.0037594
30,rices,<code>rices</code>,1,0.0037594
30,saharie,<code>saharie</code>,1,0.0037594
30,scearp,<code>scearp</code>,1,0.0037594
30,sceolu,<code>sceolu</code>,1,0.0037594
30,scirecg,<code>scirecg</code>,1,0.0037594
30,scyld,<code>scyld</code>,1,0.0037594
30,scyppende,<code>scyppende</code>,1,0.0037594
30,serafhin,<code>serafhin</code>,1,0.0037594
30,si,<code>si</code>,1,0.0037594
30,si&eth;f&aelig;t,<code>si&amp;d;f&amp;ae;t</code>,1,0.0037594
30,sigegyrd,<code>sigegyrd</code>,1,0.0037594
30,sigeres,<code>sigeres</code>,1,0.0037594
30,sigerofra,<code>sigerofra</code>,1,0.0037594
30,simble,<code>simble</code>,1,0.0037594
30,slege,<code>slege</code>,1,0.0037594
30,smylte,<code>smylte</code>,1,0.0037594
30,so&eth;f&aelig;stra,<code>so&amp;d;f&amp;ae;stra</code>,1,0.0037594
30,stice,<code>stice</code>,1,0.0037594
30,stirende,<code>stirende</code>,1,0.0037594
30,sunu,<code>sunu</code>,1,0.0037594
30,swilce,<code>swilce</code>,1,0.0037594
30,swurd,<code>swurd</code>,1,0.0037594
30,sygegealdor,<code>sygegealdor</code>,1,0.0037594
30,w&aelig;lgar,<code>w&amp;ae;lgar</code>,1,0.0037594
30,w&aelig;ter,<code>w&amp;ae;ter</code>,1,0.0037594
30,waro&thorn;um,<code>waro&amp;t;um</code>,1,0.0037594
30,wege,<code>wege</code>,1,0.0037594
30,worces,<code>worces</code>,1,0.0037594
30,worcsige,<code>worcsige</code>,1,0.0037594
30,wordsige,<code>wordsige</code>,1,0.0037594
30,wuldre,<code>wuldre</code>,1,0.0037594
30,wyr&eth;ig,<code>wyr&amp;d;ig</code>,1,0.0037594
