A_Poetry,A43,A43.001_MCharm_1_T01830.txt,354,253,655
RANK,HTML WORD,RAW WORD,COUNT,RELATIVE FREQUENCY
1,and,<code>and</code>,59,0.0900763
2,&thorn;onne,<code>&amp;t;onne</code>,19,0.0290076
2,on,<code>on</code>,19,0.0290076
4,&thorn;&aelig;t,<code>&amp;t;&amp;ae;t</code>,12,0.0183206
5,&thorn;e,<code>&amp;t;e</code>,11,0.0167939
6,to,<code>to</code>,10,0.0152672
7,&thorn;as,<code>&amp;t;as</code>,7,0.0106870
7,ic,<code>ic</code>,7,0.0106870
7,man,<code>man</code>,7,0.0106870
7,se,<code>se</code>,7,0.0106870
11,bidde,<code>bidde</code>,6,0.0091603
12,&eth;onne,<code>&amp;d;onne</code>,5,0.0076336
12,&thorn;&aelig;s,<code>&amp;t;&amp;ae;s</code>,5,0.0076336
12,&thorn;a,<code>&amp;t;a</code>,5,0.0076336
12,cwe&eth;,<code>cwe&amp;d;</code>,5,0.0076336
12,him,<code>him</code>,5,0.0076336
17,&aelig;r,<code>&amp;ae;r</code>,4,0.0061069
17,&eth;as,<code>&amp;d;as</code>,4,0.0061069
17,crux,<code>crux</code>,4,0.0061069
17,et,<code>et</code>,4,0.0061069
17,feower,<code>feower</code>,4,0.0061069
17,mid,<code>mid</code>,4,0.0061069
17,nim,<code>nim</code>,4,0.0061069
17,noster,<code>noster</code>,4,0.0061069
17,pater,<code>pater</code>,4,0.0061069
17,sanctus,<code>sanctus</code>,4,0.0061069
17,swa,<code>swa</code>,4,0.0061069
17,word,<code>word</code>,4,0.0061069
29,&aelig;lces,<code>&amp;ae;lces</code>,3,0.0045802
29,&eth;one,<code>&amp;d;one</code>,3,0.0045802
29,&thorn;&aelig;r,<code>&amp;t;&amp;ae;r</code>,3,0.0045802
29,&thorn;am,<code>&amp;t;am</code>,3,0.0045802
29,&thorn;one,<code>&amp;t;one</code>,3,0.0045802
29,&thorn;u,<code>&amp;t;u</code>,3,0.0045802
29,crescite,<code>crescite</code>,3,0.0045802
29,cwe&thorn;e,<code>cwe&amp;t;e</code>,3,0.0045802
29,drihten,<code>drihten</code>,3,0.0045802
29,ealra,<code>ealra</code>,3,0.0045802
29,eor&thorn;an,<code>eor&amp;t;an</code>,3,0.0045802
29,erce,<code>erce</code>,3,0.0045802
29,geunne,<code>geunne</code>,3,0.0045802
29,iii,<code>iii</code>,3,0.0045802
29,ne,<code>ne</code>,3,0.0045802
29,sy,<code>sy</code>,3,0.0045802
29,turf,<code>turf</code>,3,0.0045802
29,us,<code>us</code>,3,0.0045802
29,wende,<code>wende</code>,3,0.0045802
48,&aelig;t,<code>&amp;ae;t</code>,2,0.0030534
48,&eth;&aelig;r,<code>&amp;d;&amp;ae;r</code>,2,0.0030534
48,&eth;a,<code>&amp;d;a</code>,2,0.0030534
48,&thorn;&aelig;m,<code>&amp;t;&amp;ae;m</code>,2,0.0030534
48,&thorn;&aelig;ra,<code>&amp;t;&amp;ae;ra</code>,2,0.0030534
48,&thorn;ara,<code>&amp;t;ara</code>,2,0.0030534
48,&thorn;riwa,<code>&amp;t;riwa</code>,2,0.0030534
48,are,<code>are</code>,2,0.0030534
48,benedicti,<code>benedicti</code>,2,0.0030534
48,butan,<code>butan</code>,2,0.0030534
48,cristes,<code>cristes</code>,2,0.0030534
48,d&aelig;l,<code>d&amp;ae;l</code>,2,0.0030534
48,drihtnes,<code>drihtnes</code>,2,0.0030534
48,eastweard,<code>eastweard</code>,2,0.0030534
48,ece,<code>ece</code>,2,0.0030534
48,ende,<code>ende</code>,2,0.0030534
48,eor&eth;an,<code>eor&amp;d;an</code>,2,0.0030534
48,fira,<code>fira</code>,2,0.0030534
48,forman,<code>forman</code>,2,0.0030534
48,furh,<code>furh</code>,2,0.0030534
48,gedon,<code>gedon</code>,2,0.0030534
48,gehwylc,<code>gehwylc</code>,2,0.0030534
48,gesceop,<code>gesceop</code>,2,0.0030534
48,gife,<code>gife</code>,2,0.0030534
48,growende,<code>growende</code>,2,0.0030534
48,haligan,<code>haligan</code>,2,0.0030534
48,hi,<code>hi</code>,2,0.0030534
48,his,<code>his</code>,2,0.0030534
48,hu,<code>hu</code>,2,0.0030534
48,in,<code>in</code>,2,0.0030534
48,iohannes,<code>iohannes</code>,2,0.0030534
48,land,<code>land</code>,2,0.0030534
48,lande,<code>lande</code>,2,0.0030534
48,lucas,<code>lucas</code>,2,0.0030534
48,marcus,<code>marcus</code>,2,0.0030534
48,marian,<code>marian</code>,2,0.0030534
48,matheus,<code>matheus</code>,2,0.0030534
48,meaht,<code>meaht</code>,2,0.0030534
48,modor,<code>modor</code>,2,0.0030534
48,nigon,<code>nigon</code>,2,0.0030534
48,nime,<code>nime</code>,2,0.0030534
48,nomine,<code>nomine</code>,2,0.0030534
48,nytte,<code>nytte</code>,2,0.0030534
48,oft,<code>oft</code>,2,0.0030534
48,patris,<code>patris</code>,2,0.0030534
48,s&aelig;d,<code>s&amp;ae;d</code>,2,0.0030534
48,sancta,<code>sancta</code>,2,0.0030534
48,sete,<code>sete</code>,2,0.0030534
48,si,<code>si</code>,2,0.0030534
48,si&thorn;&thorn;an,<code>si&amp;t;&amp;t;an</code>,2,0.0030534
48,sit,<code>sit</code>,2,0.0030534
48,synt,<code>synt</code>,2,0.0030534
48,w&aelig;stma,<code>w&amp;ae;stma</code>,2,0.0030534
48,wi&eth;,<code>wi&amp;d;</code>,2,0.0030534
102,&aelig;cer,<code>&amp;ae;cer</code>,1,0.0015267
102,&aelig;cera,<code>&amp;ae;cera</code>,1,0.0015267
102,&aelig;ceras,<code>&amp;ae;ceras</code>,1,0.0015267
102,&aelig;lcon,<code>&amp;ae;lcon</code>,1,0.0015267
102,&aelig;lcre,<code>&amp;ae;lcre</code>,1,0.0015267
102,&aelig;lmesmannum,<code>&amp;ae;lmesmannum</code>,1,0.0015267
102,&aelig;lmyssan,<code>&amp;ae;lmyssan</code>,1,0.0015267
102,&eth;an,<code>&amp;d;an</code>,1,0.0015267
102,&eth;e,<code>&amp;d;e</code>,1,0.0015267
102,&eth;u,<code>&amp;d;u</code>,1,0.0015267
102,&thorn;&aelig;re,<code>&amp;t;&amp;ae;re</code>,1,0.0015267
102,&thorn;an,<code>&amp;t;an</code>,1,0.0015267
102,&thorn;ances,<code>&amp;t;ances</code>,1,0.0015267
102,&thorn;ine,<code>&amp;t;ine</code>,1,0.0015267
102,&thorn;ing,<code>&amp;t;ing</code>,1,0.0015267
102,&thorn;is,<code>&amp;t;is</code>,1,0.0015267
102,&thorn;urh,<code>&amp;t;urh</code>,1,0.0015267
102,&thorn;us,<code>&amp;t;us</code>,1,0.0015267
102,a&thorn;enedon,<code>a&amp;t;enedon</code>,1,0.0015267
102,abac&aelig;,<code>abac&amp;ae;</code>,1,0.0015267
102,age,<code>age</code>,1,0.0015267
102,alwalda,<code>alwalda</code>,1,0.0015267
102,amen,<code>amen</code>,1,0.0015267
102,andlang,<code>andlang</code>,1,0.0015267
102,anon,<code>anon</code>,1,0.0015267
102,arena,<code>arena</code>,1,0.0015267
102,arim,<code>arim</code>,1,0.0015267
102,asinge,<code>asinge</code>,1,0.0015267
102,astrece,<code>astrece</code>,1,0.0015267
102,aweccan,<code>aweccan</code>,1,0.0015267
102,awendan,<code>awendan</code>,1,0.0015267
102,awrite,<code>awrite</code>,1,0.0015267
102,bealwa,<code>bealwa</code>,1,0.0015267
102,beaman,<code>beaman</code>,1,0.0015267
102,beame,<code>beame</code>,1,0.0015267
102,bebeod,<code>bebeod</code>,1,0.0015267
102,benedicite,<code>benedicite</code>,1,0.0015267
102,beo,<code>beo</code>,1,0.0015267
102,beorhtblowende,<code>beorhtblowende</code>,1,0.0015267
102,beorman,<code>beorman</code>,1,0.0015267
102,bere,<code>bere</code>,1,0.0015267
102,berew&aelig;stma,<code>berew&amp;ae;stma</code>,1,0.0015267
102,betan,<code>betan</code>,1,0.0015267
102,bi&eth;,<code>bi&amp;d;</code>,1,0.0015267
102,bodig,<code>bodig</code>,1,0.0015267
102,borige,<code>borige</code>,1,0.0015267
102,bot,<code>bot</code>,1,0.0015267
102,bradan,<code>bradan</code>,1,0.0015267
102,bradn&aelig;,<code>bradn&amp;ae;</code>,1,0.0015267
102,cinne,<code>cinne</code>,1,0.0015267
102,circean,<code>circean</code>,1,0.0015267
102,corna,<code>corna</code>,1,0.0015267
102,cr&aelig;ftig,<code>cr&amp;ae;ftig</code>,1,0.0015267
102,criste,<code>criste</code>,1,0.0015267
102,cume,<code>cume</code>,1,0.0015267
102,cw&aelig;&eth;,<code>cw&amp;ae;&amp;d;</code>,1,0.0015267
102,cwe&eth;e,<code>cwe&amp;d;e</code>,1,0.0015267
102,cwicbeame,<code>cwicbeame</code>,1,0.0015267
102,cwidol,<code>cwidol</code>,1,0.0015267
102,cynnes,<code>cynnes</code>,1,0.0015267
102,d&aelig;lde,<code>d&amp;ae;lde</code>,1,0.0015267
102,dagige,<code>dagige</code>,1,0.0015267
102,do,<code>do</code>,1,0.0015267
102,domine,<code>domine</code>,1,0.0015267
102,domlice,<code>domlice</code>,1,0.0015267
102,drife,<code>drife</code>,1,0.0015267
102,dry,<code>dry</code>,1,0.0015267
102,drype,<code>drype</code>,1,0.0015267
102,eacniendra,<code>eacniendra</code>,1,0.0015267
102,eadmodlice,<code>eadmodlice</code>,1,0.0015267
102,eall,<code>eall</code>,1,0.0015267
102,ealle,<code>ealle</code>,1,0.0015267
102,eallon,<code>eallon</code>,1,0.0015267
102,earmon,<code>earmon</code>,1,0.0015267
102,ele,<code>ele</code>,1,0.0015267
102,elniendra,<code>elniendra</code>,1,0.0015267
102,eor&thorn;rice,<code>eor&amp;t;rice</code>,1,0.0015267
102,f&aelig;&thorn;me,<code>f&amp;ae;&amp;t;me</code>,1,0.0015267
102,f&aelig;ste,<code>f&amp;ae;ste</code>,1,0.0015267
102,feonda,<code>feonda</code>,1,0.0015267
102,feos,<code>feos</code>,1,0.0015267
102,filii,<code>filii</code>,1,0.0015267
102,finol,<code>finol</code>,1,0.0015267
102,firum,<code>firum</code>,1,0.0015267
102,fodre,<code>fodre</code>,1,0.0015267
102,fodres,<code>fodres</code>,1,0.0015267
102,foldan,<code>foldan</code>,1,0.0015267
102,folde,<code>folde</code>,1,0.0015267
102,for&eth;,<code>for&amp;d;</code>,1,0.0015267
102,ful,<code>ful</code>,1,0.0015267
102,g&aelig;worht,<code>g&amp;ae;worht</code>,1,0.0015267
102,ge&thorn;anc,<code>ge&amp;t;anc</code>,1,0.0015267
102,gealdor,<code>gealdor</code>,1,0.0015267
102,gebletsod,<code>gebletsod</code>,1,0.0015267
102,geborgen,<code>geborgen</code>,1,0.0015267
102,gebringe,<code>gebringe</code>,1,0.0015267
102,gecned,<code>gecned</code>,1,0.0015267
102,gecwedene,<code>gecwedene</code>,1,0.0015267
102,gefri&thorn;od,<code>gefri&amp;t;od</code>,1,0.0015267
102,gefyllan,<code>gefyllan</code>,1,0.0015267
102,gefylle,<code>gefylle</code>,1,0.0015267
102,gefylled,<code>gefylled</code>,1,0.0015267
102,gegaderie,<code>gegaderie</code>,1,0.0015267
102,gehalgod,<code>gehalgod</code>,1,0.0015267
102,gehalgode,<code>gehalgode</code>,1,0.0015267
102,gehw&aelig;ne,<code>gehw&amp;ae;ne</code>,1,0.0015267
102,geleafan,<code>geleafan</code>,1,0.0015267
102,gem&aelig;nigfealda,<code>gem&amp;ae;nigfealda</code>,1,0.0015267
102,gemearca,<code>gemearca</code>,1,0.0015267
102,genim,<code>genim</code>,1,0.0015267
102,geond,<code>geond</code>,1,0.0015267
102,gewexen,<code>gewexen</code>,1,0.0015267
102,geworhte,<code>geworhte</code>,1,0.0015267
102,gif,<code>gif</code>,1,0.0015267
102,glappan,<code>glappan</code>,1,0.0015267
102,god,<code>god</code>,1,0.0015267
102,godes,<code>godes</code>,1,0.0015267
102,grene,<code>grene</code>,1,0.0015267
102,grundas,<code>grundas</code>,1,0.0015267
102,h&aelig;bbe,<code>h&amp;ae;bbe</code>,1,0.0015267
102,h&aelig;fde,<code>h&amp;ae;fde</code>,1,0.0015267
102,hal,<code>hal</code>,1,0.0015267
102,halgan,<code>halgan</code>,1,0.0015267
102,halige,<code>halige</code>,1,0.0015267
102,haligw&aelig;ter,<code>haligw&amp;ae;ter</code>,1,0.0015267
102,haligw&aelig;tere,<code>haligw&amp;ae;tere</code>,1,0.0015267
102,handa,<code>handa</code>,1,0.0015267
102,heahreced,<code>heahreced</code>,1,0.0015267
102,healfa,<code>healfa</code>,1,0.0015267
102,heardan,<code>heardan</code>,1,0.0015267
102,hehra,<code>hehra</code>,1,0.0015267
102,heo,<code>heo</code>,1,0.0015267
102,heofon,<code>heofon</code>,1,0.0015267
102,heofones,<code>heofones</code>,1,0.0015267
102,heofonrices,<code>heofonrices</code>,1,0.0015267
102,heofonum,<code>heofonum</code>,1,0.0015267
102,her,<code>her</code>,1,0.0015267
102,hine,<code>hine</code>,1,0.0015267
102,hit,<code>hit</code>,1,0.0015267
102,hlaf,<code>hlaf</code>,1,0.0015267
102,hunig,<code>hunig</code>,1,0.0015267
102,hw&aelig;tew&aelig;stma,<code>hw&amp;ae;tew&amp;ae;stma</code>,1,0.0015267
102,hwilc,<code>hwilc</code>,1,0.0015267
102,hwitan,<code>hwitan</code>,1,0.0015267
102,hy,<code>hy</code>,1,0.0015267
102,hys,<code>hys</code>,1,0.0015267
102,hyt,<code>hyt</code>,1,0.0015267
102,innewerdre,<code>innewerdre</code>,1,0.0015267
102,landes,<code>landes</code>,1,0.0015267
102,lecge,<code>lecge</code>,1,0.0015267
102,lege,<code>lege</code>,1,0.0015267
102,letanias,<code>letanias</code>,1,0.0015267
102,lifia&thorn;,<code>lifia&amp;t;</code>,1,0.0015267
102,lofe,<code>lofe</code>,1,0.0015267
102,lyblaca,<code>lyblaca</code>,1,0.0015267
102,lyblace,<code>lyblace</code>,1,0.0015267
102,m&aelig;ge,<code>m&amp;ae;ge</code>,1,0.0015267
102,m&aelig;l,<code>m&amp;ae;l</code>,1,0.0015267
102,m&aelig;lo,<code>m&amp;ae;lo</code>,1,0.0015267
102,m&aelig;ran,<code>m&amp;ae;ran</code>,1,0.0015267
102,m&aelig;ssan,<code>m&amp;ae;ssan</code>,1,0.0015267
102,m&aelig;ssepreost,<code>m&amp;ae;ssepreost</code>,1,0.0015267
102,magnificat,<code>magnificat</code>,1,0.0015267
102,me,<code>me</code>,1,0.0015267
102,melo,<code>melo</code>,1,0.0015267
102,meolc,<code>meolc</code>,1,0.0015267
102,meolce,<code>meolce</code>,1,0.0015267
102,miclan,<code>miclan</code>,1,0.0015267
102,mote,<code>mote</code>,1,0.0015267
102,multiplicamini,<code>multiplicamini</code>,1,0.0015267
102,namcu&thorn;re,<code>namcu&amp;t;re</code>,1,0.0015267
102,nan,<code>nan</code>,1,0.0015267
102,nella&thorn;,<code>nella&amp;t;</code>,1,0.0015267
102,neo&thorn;eweardne,<code>neo&amp;t;eweardne</code>,1,0.0015267
102,niht,<code>niht</code>,1,0.0015267
102,noman,<code>noman</code>,1,0.0015267
102,nu,<code>nu</code>,1,0.0015267
102,o&eth;&eth;e,<code>o&amp;d;&amp;d;e</code>,1,0.0015267
102,o&eth;er,<code>o&amp;d;er</code>,1,0.0015267
102,o&thorn;,<code>o&amp;t;</code>,1,0.0015267
102,o&thorn;&thorn;e,<code>o&amp;t;&amp;t;e</code>,1,0.0015267
102,of,<code>of</code>,1,0.0015267
102,ofer,<code>ofer</code>,1,0.0015267
102,onlut,<code>onlut</code>,1,0.0015267
102,onsceote,<code>onsceote</code>,1,0.0015267
102,ontynan,<code>ontynan</code>,1,0.0015267
102,pyt,<code>pyt</code>,1,0.0015267
102,replete,<code>replete</code>,1,0.0015267
102,rode,<code>rode</code>,1,0.0015267
102,sancti,<code>sancti</code>,1,0.0015267
102,sapan,<code>sapan</code>,1,0.0015267
102,sawen,<code>sawen</code>,1,0.0015267
102,sceafta,<code>sceafta</code>,1,0.0015267
102,scirra,<code>scirra</code>,1,0.0015267
102,sealt,<code>sealt</code>,1,0.0015267
102,selle,<code>selle</code>,1,0.0015267
102,seo,<code>seo</code>,1,0.0015267
102,setlgange,<code>setlgange</code>,1,0.0015267
102,si&eth;on,<code>si&amp;d;on</code>,1,0.0015267
102,si&thorn;on,<code>si&amp;t;on</code>,1,0.0015267
102,sie,<code>sie</code>,1,0.0015267
102,sing,<code>sing</code>,1,0.0015267
102,so&thorn;an,<code>so&amp;t;an</code>,1,0.0015267
102,spiritus,<code>spiritus</code>,1,0.0015267
102,sta&eth;ol,<code>sta&amp;d;ol</code>,1,0.0015267
102,stande,<code>stande</code>,1,0.0015267
102,stodon,<code>stodon</code>,1,0.0015267
102,stor,<code>stor</code>,1,0.0015267
102,sules,<code>sules</code>,1,0.0015267
102,sulh,<code>sulh</code>,1,0.0015267
102,sulhgeteogo,<code>sulhgeteogo</code>,1,0.0015267
102,sunganges,<code>sunganges</code>,1,0.0015267
102,sunnan,<code>sunnan</code>,1,0.0015267
102,swylc,<code>swylc</code>,1,0.0015267
102,swylce,<code>swylce</code>,1,0.0015267
102,terre,<code>terre</code>,1,0.0015267
102,to&eth;um,<code>to&amp;d;um</code>,1,0.0015267
102,tog&aelig;dere,<code>tog&amp;ae;dere</code>,1,0.0015267
102,treowcynnes,<code>treowcynnes</code>,1,0.0015267
102,trumne,<code>trumne</code>,1,0.0015267
102,turfa,<code>turfa</code>,1,0.0015267
102,turfon,<code>turfon</code>,1,0.0015267
102,twa,<code>twa</code>,1,0.0015267
102,tyrf,<code>tyrf</code>,1,0.0015267
102,ufon,<code>ufon</code>,1,0.0015267
102,uncu&thorn;,<code>uncu&amp;t;</code>,1,0.0015267
102,under,<code>under</code>,1,0.0015267
102,under&eth;eodde,<code>under&amp;d;eodde</code>,1,0.0015267
102,ungedefe,<code>ungedefe</code>,1,0.0015267
102,upheofon,<code>upheofon</code>,1,0.0015267
102,w&aelig;ron,<code>w&amp;ae;ron</code>,1,0.0015267
102,w&aelig;stmas,<code>w&amp;ae;stmas</code>,1,0.0015267
102,waldend,<code>waldend</code>,1,0.0015267
102,wancgturf,<code>wancgturf</code>,1,0.0015267
102,we,<code>we</code>,1,0.0015267
102,weard,<code>weard</code>,1,0.0015267
102,wel,<code>wel</code>,1,0.0015267
102,weofode,<code>weofode</code>,1,0.0015267
102,weor&thorn;,<code>weor&amp;t;</code>,1,0.0015267
102,weor&thorn;inga,<code>weor&amp;t;inga</code>,1,0.0015267
102,wes,<code>wes</code>,1,0.0015267
102,wexan,<code>wexan</code>,1,0.0015267
102,wexe,<code>wexe</code>,1,0.0015267
102,wexendra,<code>wexendra</code>,1,0.0015267
102,wif,<code>wif</code>,1,0.0015267
102,witega,<code>witega</code>,1,0.0015267
102,wlitigigan,<code>wlitigigan</code>,1,0.0015267
102,woruld,<code>woruld</code>,1,0.0015267
102,woruldnytte,<code>woruldnytte</code>,1,0.0015267
102,wridendra,<code>wridendra</code>,1,0.0015267
102,wyrte,<code>wyrte</code>,1,0.0015267
102,yr&thorn;,<code>yr&amp;t;</code>,1,0.0015267
102,ys,<code>ys</code>,1,0.0015267
