A_Poetry,A43,A43.005_MCharm_5_T01870.txt,78,51,134
RANK,HTML WORD,RAW WORD,COUNT,RELATIVE FREQUENCY
1,&thorn;onne,<code>&amp;t;onne</code>,8,0.0597015
1,&thorn;riwa,<code>&amp;t;riwa</code>,8,0.0597015
3,&thorn;e,<code>&amp;t;e</code>,5,0.0373134
3,christi,<code>christi</code>,5,0.0373134
3,crux,<code>crux</code>,5,0.0373134
6,ab,<code>ab</code>,4,0.0298507
6,and,<code>and</code>,4,0.0298507
6,gebide,<code>gebide</code>,4,0.0298507
9,&thorn;a,<code>&amp;t;a</code>,3,0.0223881
9,cwe&eth;,<code>cwe&amp;d;</code>,3,0.0223881
11,&aelig;rest,<code>&amp;ae;rest</code>,2,0.0149254
11,&thorn;&aelig;t,<code>&amp;t;&amp;ae;t</code>,2,0.0149254
11,&thorn;u,<code>&amp;t;u</code>,2,0.0149254
11,&thorn;urh,<code>&amp;t;urh</code>,2,0.0149254
11,amen,<code>amen</code>,2,0.0149254
11,crist,<code>crist</code>,2,0.0149254
11,cristes,<code>cristes</code>,2,0.0149254
11,cwe&thorn;,<code>cwe&amp;t;</code>,2,0.0149254
11,d&aelig;d,<code>d&amp;ae;d</code>,2,0.0149254
11,est,<code>est</code>,2,0.0149254
11,haligan,<code>haligan</code>,2,0.0149254
11,ne,<code>ne</code>,2,0.0149254
11,reduca&eth;,<code>reduca&amp;d;</code>,2,0.0149254
11,reducat,<code>reducat</code>,2,0.0149254
11,rode,<code>rode</code>,2,0.0149254
11,seo,<code>seo</code>,2,0.0149254
11,swa,<code>swa</code>,2,0.0149254
28,&aelig;r,<code>&amp;ae;r</code>,1,0.0074627
28,&thorn;eos,<code>&amp;t;eos</code>,1,0.0074627
28,&thorn;in,<code>&amp;t;in</code>,1,0.0074627
28,&thorn;inga,<code>&amp;t;inga</code>,1,0.0074627
28,&thorn;yos,<code>&amp;t;yos</code>,1,0.0074627
28,abscondita,<code>abscondita</code>,1,0.0074627
28,ac&aelig;nned,<code>ac&amp;ae;nned</code>,1,0.0074627
28,ahengon,<code>ahengon</code>,1,0.0074627
28,aquilone,<code>aquilone</code>,1,0.0074627
28,austro,<code>austro</code>,1,0.0074627
28,b&aelig;&eth;leem,<code>b&amp;ae;&amp;d;leem</code>,1,0.0074627
28,buruh,<code>buruh</code>,1,0.0074627
28,ceap,<code>ceap</code>,1,0.0074627
28,cwe&thorn;e,<code>cwe&amp;t;e</code>,1,0.0074627
28,d&aelig;da,<code>d&amp;ae;da</code>,1,0.0074627
28,dydon,<code>dydon</code>,1,0.0074627
28,ealne,<code>ealne</code>,1,0.0074627
28,east,<code>east</code>,1,0.0074627
28,elles,<code>elles</code>,1,0.0074627
28,et,<code>et</code>,1,0.0074627
28,for,<code>for</code>,1,0.0074627
28,forhelan,<code>forhelan</code>,1,0.0074627
28,forholen,<code>forholen</code>,1,0.0074627
28,gem&aelig;rsod,<code>gem&amp;ae;rsod</code>,1,0.0074627
28,geond,<code>geond</code>,1,0.0074627
28,gewur&thorn;e,<code>gewur&amp;t;e</code>,1,0.0074627
28,h&aelig;lon,<code>h&amp;ae;lon</code>,1,0.0074627
28,hatte,<code>hatte</code>,1,0.0074627
28,hw&aelig;t,<code>hw&amp;ae;t</code>,1,0.0074627
28,hy,<code>hy</code>,1,0.0074627
28,inuenta,<code>inuenta</code>,1,0.0074627
28,is,<code>is</code>,1,0.0074627
28,iudeas,<code>iudeas</code>,1,0.0074627
28,losod,<code>losod</code>,1,0.0074627
28,m&aelig;re,<code>m&amp;ae;re</code>,1,0.0074627
28,middangeard,<code>middangeard</code>,1,0.0074627
28,mihtan,<code>mihtan</code>,1,0.0074627
28,mon,<code>mon</code>,1,0.0074627
28,monnum,<code>monnum</code>,1,0.0074627
28,n&aelig;nige,<code>n&amp;ae;nige</code>,1,0.0074627
28,nor&eth;,<code>nor&amp;d;</code>,1,0.0074627
28,occidente,<code>occidente</code>,1,0.0074627
28,on,<code>on</code>,1,0.0074627
28,oriente,<code>oriente</code>,1,0.0074627
28,secge,<code>secge</code>,1,0.0074627
28,su&eth;,<code>su&amp;d;</code>,1,0.0074627
28,sy,<code>sy</code>,1,0.0074627
28,w&aelig;s,<code>w&amp;ae;s</code>,1,0.0074627
28,west,<code>west</code>,1,0.0074627
28,wur&thorn;e,<code>wur&amp;t;e</code>,1,0.0074627
28,wyrrestan,<code>wyrrestan</code>,1,0.0074627
