A_Poetry,A44,A44_Instr_T01950.txt,792,607,1674
RANK,HTML WORD,RAW WORD,COUNT,RELATIVE FREQUENCY
1,&thorn;&aelig;t,<code>&amp;t;&amp;ae;t</code>,58,0.0346476
2,and,<code>and</code>,55,0.0328554
3,ne,<code>ne</code>,43,0.0256870
4,he,<code>he</code>,42,0.0250896
5,on,<code>on</code>,39,0.0232975
6,&eth;e,<code>&amp;d;e</code>,29,0.0173238
7,to,<code>to</code>,28,0.0167264
8,is,<code>is</code>,23,0.0137395
9,&thorn;u,<code>&amp;t;u</code>,21,0.0125448
10,his,<code>his</code>,19,0.0113501
11,&thorn;onne,<code>&amp;t;onne</code>,18,0.0107527
12,ac,<code>ac</code>,17,0.0101553
13,hit,<code>hit</code>,16,0.0095579
13,mid,<code>mid</code>,16,0.0095579
13,swa,<code>swa</code>,16,0.0095579
16,bi&eth;,<code>bi&amp;d;</code>,15,0.0089606
17,&aelig;fre,<code>&amp;ae;fre</code>,14,0.0083632
17,&thorn;am,<code>&amp;t;am</code>,14,0.0083632
17,&thorn;e,<code>&amp;t;e</code>,14,0.0083632
17,for,<code>for</code>,14,0.0083632
17,gif,<code>gif</code>,14,0.0083632
22,se,<code>se</code>,13,0.0077658
23,eac,<code>eac</code>,11,0.0065711
24,&aelig;r,<code>&amp;ae;r</code>,9,0.0053763
24,&eth;u,<code>&amp;d;u</code>,9,0.0053763
24,heo,<code>heo</code>,9,0.0053763
24,her,<code>her</code>,9,0.0053763
24,o&eth;&eth;e,<code>o&amp;d;&amp;d;e</code>,9,0.0053763
24,sceal,<code>sceal</code>,9,0.0053763
30,&thorn;eah,<code>&amp;t;eah</code>,7,0.0041816
30,drihten,<code>drihten</code>,7,0.0041816
30,god,<code>god</code>,7,0.0041816
30,scealt,<code>scealt</code>,7,0.0041816
34,&thorn;a,<code>&amp;t;a</code>,6,0.0035842
34,ealra,<code>ealra</code>,6,0.0035842
34,eft,<code>eft</code>,6,0.0035842
34,godd,<code>godd</code>,6,0.0035842
34,m&aelig;g,<code>m&amp;ae;g</code>,6,0.0035842
34,o&eth;er,<code>o&amp;d;er</code>,6,0.0035842
34,us,<code>us</code>,6,0.0035842
34,we,<code>we</code>,6,0.0035842
42,&aelig;fter,<code>&amp;ae;fter</code>,5,0.0029869
42,&aelig;nig,<code>&amp;ae;nig</code>,5,0.0029869
42,&eth;a,<code>&amp;d;a</code>,5,0.0029869
42,&thorn;&aelig;r,<code>&amp;t;&amp;ae;r</code>,5,0.0029869
42,&thorn;one,<code>&amp;t;one</code>,5,0.0029869
42,him,<code>him</code>,5,0.0029869
42,hine,<code>hine</code>,5,0.0029869
42,man,<code>man</code>,5,0.0029869
42,miht,<code>miht</code>,5,0.0029869
42,na,<code>na</code>,5,0.0029869
42,synna,<code>synna</code>,5,0.0029869
53,&thorn;&aelig;ra,<code>&amp;t;&amp;ae;ra</code>,4,0.0023895
53,&thorn;&aelig;s,<code>&amp;t;&amp;ae;s</code>,4,0.0023895
53,eanig,<code>eanig</code>,4,0.0023895
53,geond,<code>geond</code>,4,0.0023895
53,gode,<code>gode</code>,4,0.0023895
53,godes,<code>godes</code>,4,0.0023895
53,heora,<code>heora</code>,4,0.0023895
53,ic,<code>ic</code>,4,0.0023895
53,ma,<code>ma</code>,4,0.0023895
53,mage,<code>mage</code>,4,0.0023895
53,mon,<code>mon</code>,4,0.0023895
53,monnum,<code>monnum</code>,4,0.0023895
53,some,<code>some</code>,4,0.0023895
53,swi&eth;e,<code>swi&amp;d;e</code>,4,0.0023895
53,wel,<code>wel</code>,4,0.0023895
53,wile,<code>wile</code>,4,0.0023895
53,wolde,<code>wolde</code>,4,0.0023895
70,&aelig;ll,<code>&amp;ae;ll</code>,3,0.0017921
70,&aelig;negum,<code>&amp;ae;negum</code>,3,0.0017921
70,&thorn;&aelig;m,<code>&amp;t;&amp;ae;m</code>,3,0.0017921
70,&thorn;an,<code>&amp;t;an</code>,3,0.0017921
70,&thorn;earf,<code>&amp;t;earf</code>,3,0.0017921
70,&thorn;egna,<code>&amp;t;egna</code>,3,0.0017921
70,&thorn;ridde,<code>&amp;t;ridde</code>,3,0.0017921
70,&thorn;urh,<code>&amp;t;urh</code>,3,0.0017921
70,an,<code>an</code>,3,0.0017921
70,beon,<code>beon</code>,3,0.0017921
70,drihtnes,<code>drihtnes</code>,3,0.0017921
70,eal,<code>eal</code>,3,0.0017921
70,eallum,<code>eallum</code>,3,0.0017921
70,eor&eth;an,<code>eor&amp;d;an</code>,3,0.0017921
70,for&thorn;an,<code>for&amp;t;an</code>,3,0.0017921
70,for&thorn;on,<code>for&amp;t;on</code>,3,0.0017921
70,gehwylce,<code>gehwylce</code>,3,0.0017921
70,habbanne,<code>habbanne</code>,3,0.0017921
70,heofonum,<code>heofonum</code>,3,0.0017921
70,lifes,<code>lifes</code>,3,0.0017921
70,maran,<code>maran</code>,3,0.0017921
70,mod,<code>mod</code>,3,0.0017921
70,monna,<code>monna</code>,3,0.0017921
70,nis,<code>nis</code>,3,0.0017921
70,ofer,<code>ofer</code>,3,0.0017921
70,rices,<code>rices</code>,3,0.0017921
70,sylfe,<code>sylfe</code>,3,0.0017921
70,symle,<code>symle</code>,3,0.0017921
70,syndon,<code>syndon</code>,3,0.0017921
70,tale,<code>tale</code>,3,0.0017921
70,weroda,<code>weroda</code>,3,0.0017921
70,wi&eth;,<code>wi&amp;d;</code>,3,0.0017921
70,wille,<code>wille</code>,3,0.0017921
103,&aelig;t,<code>&amp;ae;t</code>,2,0.0011947
103,&eth;&aelig;r,<code>&amp;d;&amp;ae;r</code>,2,0.0011947
103,&#275;ce,<code>&amp;e;ce</code>,2,0.0011947
103,&thorn;em,<code>&amp;t;em</code>,2,0.0011947
103,&thorn;i,<code>&amp;t;i</code>,2,0.0011947
103,&thorn;ince,<code>&amp;t;ince</code>,2,0.0011947
103,&thorn;ing,<code>&amp;t;ing</code>,2,0.0011947
103,a,<code>a</code>,2,0.0011947
103,alning,<code>alning</code>,2,0.0011947
103,apostol,<code>apostol</code>,2,0.0011947
103,cl&aelig;ne,<code>cl&amp;ae;ne</code>,2,0.0011947
103,cr&aelig;fte,<code>cr&amp;ae;fte</code>,2,0.0011947
103,crist,<code>crist</code>,2,0.0011947
103,criste,<code>criste</code>,2,0.0011947
103,cristen,<code>cristen</code>,2,0.0011947
103,cwe&eth;e,<code>cwe&amp;d;e</code>,2,0.0011947
103,d&aelig;grime,<code>d&amp;ae;grime</code>,2,0.0011947
103,d&aelig;l,<code>d&amp;ae;l</code>,2,0.0011947
103,do&eth;,<code>do&amp;d;</code>,2,0.0011947
103,drincas,<code>drincas</code>,2,0.0011947
103,eall,<code>eall</code>,2,0.0011947
103,ealle,<code>ealle</code>,2,0.0011947
103,ealmihtig,<code>ealmihtig</code>,2,0.0011947
103,earman,<code>earman</code>,2,0.0011947
103,ece,<code>ece</code>,2,0.0011947
103,ende,<code>ende</code>,2,0.0011947
103,feower,<code>feower</code>,2,0.0011947
103,forbugan,<code>forbugan</code>,2,0.0011947
103,forgylda&eth;,<code>forgylda&amp;d;</code>,2,0.0011947
103,fram,<code>fram</code>,2,0.0011947
103,ful,<code>ful</code>,2,0.0011947
103,gast,<code>gast</code>,2,0.0011947
103,gebede,<code>gebede</code>,2,0.0011947
103,gel&aelig;ran,<code>gel&amp;ae;ran</code>,2,0.0011947
103,geleafa,<code>geleafa</code>,2,0.0011947
103,gelice,<code>gelice</code>,2,0.0011947
103,georne,<code>georne</code>,2,0.0011947
103,gife&eth;,<code>gife&amp;d;</code>,2,0.0011947
103,h&aelig;fde,<code>h&amp;ae;fde</code>,2,0.0011947
103,habban,<code>habban</code>,2,0.0011947
103,halga,<code>halga</code>,2,0.0011947
103,heofonrices,<code>heofonrices</code>,2,0.0011947
103,huru,<code>huru</code>,2,0.0011947
103,hw&aelig;t,<code>hw&amp;ae;t</code>,2,0.0011947
103,hwile,<code>hwile</code>,2,0.0011947
103,in,<code>in</code>,2,0.0011947
103,kyninge,<code>kyninge</code>,2,0.0011947
103,lange,<code>lange</code>,2,0.0011947
103,leofest,<code>leofest</code>,2,0.0011947
103,lica&eth;,<code>lica&amp;d;</code>,2,0.0011947
103,lif,<code>lif</code>,2,0.0011947
103,longe,<code>longe</code>,2,0.0011947
103,lufan,<code>lufan</code>,2,0.0011947
103,m&aelig;st,<code>m&amp;ae;st</code>,2,0.0011947
103,meda,<code>meda</code>,2,0.0011947
103,men,<code>men</code>,2,0.0011947
103,mihtig,<code>mihtig</code>,2,0.0011947
103,mycelne,<code>mycelne</code>,2,0.0011947
103,mycle,<code>mycle</code>,2,0.0011947
103,naht,<code>naht</code>,2,0.0011947
103,nawiht,<code>nawiht</code>,2,0.0011947
103,nu,<code>nu</code>,2,0.0011947
103,ofte,<code>ofte</code>,2,0.0011947
103,paulus,<code>paulus</code>,2,0.0011947
103,riht,<code>riht</code>,2,0.0011947
103,saula,<code>saula</code>,2,0.0011947
103,scyle,<code>scyle</code>,2,0.0011947
103,scylen,<code>scylen</code>,2,0.0011947
103,seo,<code>seo</code>,2,0.0011947
103,si&eth;&eth;an,<code>si&amp;d;&amp;d;an</code>,2,0.0011947
103,stepum,<code>stepum</code>,2,0.0011947
103,sylfum,<code>sylfum</code>,2,0.0011947
103,synd,<code>synd</code>,2,0.0011947
103,was,<code>was</code>,2,0.0011947
103,wer,<code>wer</code>,2,0.0011947
103,wesan,<code>wesan</code>,2,0.0011947
103,willan,<code>willan</code>,2,0.0011947
103,wisdom,<code>wisdom</code>,2,0.0011947
103,wita,<code>wita</code>,2,0.0011947
103,witegan,<code>witegan</code>,2,0.0011947
103,witena,<code>witena</code>,2,0.0011947
103,ylde,<code>ylde</code>,2,0.0011947
103,ymbe,<code>ymbe</code>,2,0.0011947
186,&aelig;,<code>&amp;ae;</code>,1,0.0005974
186,&aelig;&eth;eles,<code>&amp;ae;&amp;d;eles</code>,1,0.0005974
186,&aelig;&thorn;elne,<code>&amp;ae;&amp;t;elne</code>,1,0.0005974
186,&aelig;ghwilcum,<code>&amp;ae;ghwilcum</code>,1,0.0005974
186,&aelig;ghwylc,<code>&amp;ae;ghwylc</code>,1,0.0005974
186,&aelig;hta,<code>&amp;ae;hta</code>,1,0.0005974
186,&aelig;ighwylce,<code>&amp;ae;ighwylce</code>,1,0.0005974
186,&aelig;ighwylcum,<code>&amp;ae;ighwylcum</code>,1,0.0005974
186,&aelig;la,<code>&amp;ae;la</code>,1,0.0005974
186,&aelig;lc,<code>&amp;ae;lc</code>,1,0.0005974
186,&aelig;lcan,<code>&amp;ae;lcan</code>,1,0.0005974
186,&aelig;lcere,<code>&amp;ae;lcere</code>,1,0.0005974
186,&aelig;lle,<code>&amp;ae;lle</code>,1,0.0005974
186,&aelig;llunga,<code>&amp;ae;llunga</code>,1,0.0005974
186,&aelig;lmessan,<code>&amp;ae;lmessan</code>,1,0.0005974
186,&aelig;lmihtges,<code>&amp;ae;lmihtges</code>,1,0.0005974
186,&aelig;lmihtig,<code>&amp;ae;lmihtig</code>,1,0.0005974
186,&aelig;lmyssan,<code>&amp;ae;lmyssan</code>,1,0.0005974
186,&aelig;lne,<code>&amp;ae;lne</code>,1,0.0005974
186,&aelig;lra,<code>&amp;ae;lra</code>,1,0.0005974
186,&aelig;nglisc,<code>&amp;ae;nglisc</code>,1,0.0005974
186,&aelig;nigum,<code>&amp;ae;nigum</code>,1,0.0005974
186,&aelig;nlepig,<code>&amp;ae;nlepig</code>,1,0.0005974
186,&aelig;rest,<code>&amp;ae;rest</code>,1,0.0005974
186,&aelig;rfo&eth;lices,<code>&amp;ae;rfo&amp;d;lices</code>,1,0.0005974
186,&aelig;rma,<code>&amp;ae;rma</code>,1,0.0005974
186,&aelig;ror,<code>&amp;ae;ror</code>,1,0.0005974
186,&aelig;rran,<code>&amp;ae;rran</code>,1,0.0005974
186,&eth;an,<code>&amp;d;an</code>,1,0.0005974
186,&eth;eah,<code>&amp;d;eah</code>,1,0.0005974
186,&eth;one,<code>&amp;d;one</code>,1,0.0005974
186,&thorn;&aelig;nca&eth;,<code>&amp;t;&amp;ae;nca&amp;d;</code>,1,0.0005974
186,&thorn;&aelig;ncan,<code>&amp;t;&amp;ae;ncan</code>,1,0.0005974
186,&thorn;&aelig;ncest,<code>&amp;t;&amp;ae;ncest</code>,1,0.0005974
186,&thorn;&aelig;re,<code>&amp;t;&amp;ae;re</code>,1,0.0005974
186,&thorn;ancas,<code>&amp;t;ancas</code>,1,0.0005974
186,&thorn;ar,<code>&amp;t;ar</code>,1,0.0005974
186,&thorn;as,<code>&amp;t;as</code>,1,0.0005974
186,&thorn;ear,<code>&amp;t;ear</code>,1,0.0005974
186,&thorn;earfan,<code>&amp;t;earfan</code>,1,0.0005974
186,&thorn;earflicu,<code>&amp;t;earflicu</code>,1,0.0005974
186,&thorn;eawas,<code>&amp;t;eawas</code>,1,0.0005974
186,&thorn;eawum,<code>&amp;t;eawum</code>,1,0.0005974
186,&thorn;egne,<code>&amp;t;egne</code>,1,0.0005974
186,&thorn;eignan,<code>&amp;t;eignan</code>,1,0.0005974
186,&thorn;eing,<code>&amp;t;eing</code>,1,0.0005974
186,&thorn;enc&eth;,<code>&amp;t;enc&amp;d;</code>,1,0.0005974
186,&thorn;ence,<code>&amp;t;ence</code>,1,0.0005974
186,&thorn;eoda,<code>&amp;t;eoda</code>,1,0.0005974
186,&thorn;eodland,<code>&amp;t;eodland</code>,1,0.0005974
186,&thorn;eowa,<code>&amp;t;eowa</code>,1,0.0005974
186,&thorn;eowne,<code>&amp;t;eowne</code>,1,0.0005974
186,&thorn;es,<code>&amp;t;es</code>,1,0.0005974
186,&thorn;in,<code>&amp;t;in</code>,1,0.0005974
186,&thorn;ines,<code>&amp;t;ines</code>,1,0.0005974
186,&thorn;inga,<code>&amp;t;inga</code>,1,0.0005974
186,&thorn;inra,<code>&amp;t;inra</code>,1,0.0005974
186,&thorn;inum,<code>&amp;t;inum</code>,1,0.0005974
186,&thorn;is,<code>&amp;t;is</code>,1,0.0005974
186,&thorn;isne,<code>&amp;t;isne</code>,1,0.0005974
186,&thorn;isse,<code>&amp;t;isse</code>,1,0.0005974
186,&thorn;issera,<code>&amp;t;issera</code>,1,0.0005974
186,&thorn;issere,<code>&amp;t;issere</code>,1,0.0005974
186,&thorn;isses,<code>&amp;t;isses</code>,1,0.0005974
186,&thorn;on,<code>&amp;t;on</code>,1,0.0005974
186,&thorn;rahm&aelig;lum,<code>&amp;t;rahm&amp;ae;lum</code>,1,0.0005974
186,&thorn;reo,<code>&amp;t;reo</code>,1,0.0005974
186,&thorn;reora,<code>&amp;t;reora</code>,1,0.0005974
186,&thorn;rowunga,<code>&amp;t;rowunga</code>,1,0.0005974
186,&thorn;us,<code>&amp;t;us</code>,1,0.0005974
186,abraham,<code>abraham</code>,1,0.0005974
186,after,<code>after</code>,1,0.0005974
186,age,<code>age</code>,1,0.0005974
186,ahef&eth;,<code>ahef&amp;d;</code>,1,0.0005974
186,aht,<code>aht</code>,1,0.0005974
186,al&aelig;te&eth;,<code>al&amp;ae;te&amp;d;</code>,1,0.0005974
186,alise&eth;,<code>alise&amp;d;</code>,1,0.0005974
186,alle,<code>alle</code>,1,0.0005974
186,almihtig,<code>almihtig</code>,1,0.0005974
186,amen,<code>amen</code>,1,0.0005974
186,ane,<code>ane</code>,1,0.0005974
186,angin,<code>angin</code>,1,0.0005974
186,anlicost,<code>anlicost</code>,1,0.0005974
186,ar&aelig;re&eth;,<code>ar&amp;ae;re&amp;d;</code>,1,0.0005974
186,aspyrian,<code>aspyrian</code>,1,0.0005974
186,awiht,<code>awiht</code>,1,0.0005974
186,ayldan,<code>ayldan</code>,1,0.0005974
186,be,<code>be</code>,1,0.0005974
186,bearna,<code>bearna</code>,1,0.0005974
186,bearne,<code>bearne</code>,1,0.0005974
186,bebod,<code>bebod</code>,1,0.0005974
186,becumon,<code>becumon</code>,1,0.0005974
186,behatest,<code>behatest</code>,1,0.0005974
186,beleapen,<code>beleapen</code>,1,0.0005974
186,belucan,<code>belucan</code>,1,0.0005974
186,bena,<code>bena</code>,1,0.0005974
186,beo&eth;,<code>beo&amp;d;</code>,1,0.0005974
186,best,<code>best</code>,1,0.0005974
186,betere,<code>betere</code>,1,0.0005974
186,betweon,<code>betweon</code>,1,0.0005974
186,bewacan,<code>bewacan</code>,1,0.0005974
186,beweardian,<code>beweardian</code>,1,0.0005974
186,bewitan,<code>bewitan</code>,1,0.0005974
186,bli&eth;re,<code>bli&amp;d;re</code>,1,0.0005974
186,blisse,<code>blisse</code>,1,0.0005974
186,bocum,<code>bocum</code>,1,0.0005974
186,breostum,<code>breostum</code>,1,0.0005974
186,bysmer,<code>bysmer</code>,1,0.0005974
186,bysne,<code>bysne</code>,1,0.0005974
186,can,<code>can</code>,1,0.0005974
186,cl&aelig;nlice,<code>cl&amp;ae;nlice</code>,1,0.0005974
186,com,<code>com</code>,1,0.0005974
186,cr&aelig;ft,<code>cr&amp;ae;ft</code>,1,0.0005974
186,cr&aelig;fta,<code>cr&amp;ae;fta</code>,1,0.0005974
186,cristes,<code>cristes</code>,1,0.0005974
186,cuma&eth;,<code>cuma&amp;d;</code>,1,0.0005974
186,cunne,<code>cunne</code>,1,0.0005974
186,cw&aelig;&eth;,<code>cw&amp;ae;&amp;d;</code>,1,0.0005974
186,cwycra,<code>cwycra</code>,1,0.0005974
186,cy&eth;an,<code>cy&amp;d;an</code>,1,0.0005974
186,d&aelig;le&eth;,<code>d&amp;ae;le&amp;d;</code>,1,0.0005974
186,dagas,<code>dagas</code>,1,0.0005974
186,dagum,<code>dagum</code>,1,0.0005974
186,daui&eth;e,<code>daui&amp;d;e</code>,1,0.0005974
186,dauide,<code>dauide</code>,1,0.0005974
186,de&eth;,<code>de&amp;d;</code>,1,0.0005974
186,dei,<code>dei</code>,1,0.0005974
186,deman,<code>deman</code>,1,0.0005974
186,deofla,<code>deofla</code>,1,0.0005974
186,deorwur&eth;es,<code>deorwur&amp;d;es</code>,1,0.0005974
186,dere&eth;,<code>dere&amp;d;</code>,1,0.0005974
186,di&aelig;&eth;es,<code>di&amp;ae;&amp;d;es</code>,1,0.0005974
186,dia&eth;,<code>dia&amp;d;</code>,1,0.0005974
186,dihtum,<code>dihtum</code>,1,0.0005974
186,do,<code>do</code>,1,0.0005974
186,domesd&aelig;ge,<code>domesd&amp;ae;ge</code>,1,0.0005974
186,dusige,<code>dusige</code>,1,0.0005974
186,dw&aelig;sca,<code>dw&amp;ae;sca</code>,1,0.0005974
186,dwollice,<code>dwollice</code>,1,0.0005974
186,dysilice,<code>dysilice</code>,1,0.0005974
186,eadignesse,<code>eadignesse</code>,1,0.0005974
186,eadleanum,<code>eadleanum</code>,1,0.0005974
186,eadmodnesse,<code>eadmodnesse</code>,1,0.0005974
186,ealla,<code>ealla</code>,1,0.0005974
186,eallunga,<code>eallunga</code>,1,0.0005974
186,ealmihtiges,<code>ealmihtiges</code>,1,0.0005974
186,eanegum,<code>eanegum</code>,1,0.0005974
186,ear,<code>ear</code>,1,0.0005974
186,earde,<code>earde</code>,1,0.0005974
186,earfe&eth;u,<code>earfe&amp;d;u</code>,1,0.0005974
186,earm,<code>earm</code>,1,0.0005974
186,earnungum,<code>earnungum</code>,1,0.0005974
186,ecan,<code>ecan</code>,1,0.0005974
186,eces,<code>eces</code>,1,0.0005974
186,ecnesse,<code>ecnesse</code>,1,0.0005974
186,efestlice,<code>efestlice</code>,1,0.0005974
186,ege,<code>ege</code>,1,0.0005974
186,eghwylcne,<code>eghwylcne</code>,1,0.0005974
186,eht,<code>eht</code>,1,0.0005974
186,ended&aelig;ge,<code>ended&amp;ae;ge</code>,1,0.0005974
186,eor&eth;buendra,<code>eor&amp;d;buendra</code>,1,0.0005974
186,eor&eth;bugend,<code>eor&amp;d;bugend</code>,1,0.0005974
186,eor&eth;en,<code>eor&amp;d;en</code>,1,0.0005974
186,eor&eth;lica,<code>eor&amp;d;lica</code>,1,0.0005974
186,eor&eth;lican,<code>eor&amp;d;lican</code>,1,0.0005974
186,eor&eth;rice,<code>eor&amp;d;rice</code>,1,0.0005974
186,f&aelig;der,<code>f&amp;ae;der</code>,1,0.0005974
186,f&aelig;derlice,<code>f&amp;ae;derlice</code>,1,0.0005974
186,f&aelig;ste,<code>f&amp;ae;ste</code>,1,0.0005974
186,f&aelig;sten,<code>f&amp;ae;sten</code>,1,0.0005974
186,f&aelig;sthydigne,<code>f&amp;ae;sthydigne</code>,1,0.0005974
186,f&aelig;stlice,<code>f&amp;ae;stlice</code>,1,0.0005974
186,far,<code>far</code>,1,0.0005974
186,fele,<code>fele</code>,1,0.0005974
186,feondes,<code>feondes</code>,1,0.0005974
186,feor,<code>feor</code>,1,0.0005974
186,feor&eth;a,<code>feor&amp;d;a</code>,1,0.0005974
186,feor&eth;e,<code>feor&amp;d;e</code>,1,0.0005974
186,feos,<code>feos</code>,1,0.0005974
186,filius,<code>filius</code>,1,0.0005974
186,fira,<code>fira</code>,1,0.0005974
186,fleon,<code>fleon</code>,1,0.0005974
186,folc,<code>folc</code>,1,0.0005974
186,for&eth;,<code>for&amp;d;</code>,1,0.0005974
186,for&eth;si&eth;e,<code>for&amp;d;si&amp;d;e</code>,1,0.0005974
186,for&eth;steppende,<code>for&amp;d;steppende</code>,1,0.0005974
186,forceorran,<code>forceorran</code>,1,0.0005974
186,forh&aelig;fednesse,<code>forh&amp;ae;fednesse</code>,1,0.0005974
186,forhelan,<code>forhelan</code>,1,0.0005974
186,forholena,<code>forholena</code>,1,0.0005974
186,forhyded,<code>forhyded</code>,1,0.0005974
186,forl&aelig;t,<code>forl&amp;ae;t</code>,1,0.0005974
186,forwur&eth;on,<code>forwur&amp;d;on</code>,1,0.0005974
186,fota,<code>fota</code>,1,0.0005974
186,frea,<code>frea</code>,1,0.0005974
186,fremman,<code>fremman</code>,1,0.0005974
186,freondscipe,<code>freondscipe</code>,1,0.0005974
186,frumon,<code>frumon</code>,1,0.0005974
186,fula,<code>fula</code>,1,0.0005974
186,fur&eth;or,<code>fur&amp;d;or</code>,1,0.0005974
186,fur&thorn;ur,<code>fur&amp;t;ur</code>,1,0.0005974
186,fylige&eth;,<code>fylige&amp;d;</code>,1,0.0005974
186,g&aelig;f,<code>g&amp;ae;f</code>,1,0.0005974
186,gastes,<code>gastes</code>,1,0.0005974
186,gastlicum,<code>gastlicum</code>,1,0.0005974
186,ge,<code>ge</code>,1,0.0005974
186,ge&thorn;eignod,<code>ge&amp;t;eignod</code>,1,0.0005974
186,ge&thorn;enca&eth;,<code>ge&amp;t;enca&amp;d;</code>,1,0.0005974
186,ge&thorn;encan,<code>ge&amp;t;encan</code>,1,0.0005974
186,ge&thorn;enian,<code>ge&amp;t;enian</code>,1,0.0005974
186,ge&thorn;ungen,<code>ge&amp;t;ungen</code>,1,0.0005974
186,ge&thorn;ylde,<code>ge&amp;t;ylde</code>,1,0.0005974
186,geara,<code>geara</code>,1,0.0005974
186,gearo,<code>gearo</code>,1,0.0005974
186,gearwur&eth;ian,<code>gearwur&amp;d;ian</code>,1,0.0005974
186,gebeta&eth;,<code>gebeta&amp;d;</code>,1,0.0005974
186,gebicgan,<code>gebicgan</code>,1,0.0005974
186,gecampe,<code>gecampe</code>,1,0.0005974
186,geclensa&eth;,<code>geclensa&amp;d;</code>,1,0.0005974
186,gecor&aelig;n,<code>gecor&amp;ae;n</code>,1,0.0005974
186,gecweman,<code>gecweman</code>,1,0.0005974
186,gecweme,<code>gecweme</code>,1,0.0005974
186,gecyrre,<code>gecyrre</code>,1,0.0005974
186,gede&eth;,<code>gede&amp;d;</code>,1,0.0005974
186,gede&thorn;,<code>gede&amp;t;</code>,1,0.0005974
186,gedon,<code>gedon</code>,1,0.0005974
186,geeadmoda&eth;,<code>geeadmoda&amp;d;</code>,1,0.0005974
186,geearna&eth;,<code>geearna&amp;d;</code>,1,0.0005974
186,geearnost,<code>geearnost</code>,1,0.0005974
186,gefinden,<code>gefinden</code>,1,0.0005974
186,gefor&thorn;ian,<code>gefor&amp;t;ian</code>,1,0.0005974
186,gefremman,<code>gefremman</code>,1,0.0005974
186,gefremmon,<code>gefremmon</code>,1,0.0005974
186,gefreolsa&eth;,<code>gefreolsa&amp;d;</code>,1,0.0005974
186,gefylle&eth;,<code>gefylle&amp;d;</code>,1,0.0005974
186,gefylste,<code>gefylste</code>,1,0.0005974
186,gegearcod,<code>gegearcod</code>,1,0.0005974
186,geh&aelig;lede,<code>geh&amp;ae;lede</code>,1,0.0005974
186,gehaten,<code>gehaten</code>,1,0.0005974
186,gehealdan,<code>gehealdan</code>,1,0.0005974
186,geholpen,<code>geholpen</code>,1,0.0005974
186,gehreowa&eth;,<code>gehreowa&amp;d;</code>,1,0.0005974
186,gehwas,<code>gehwas</code>,1,0.0005974
186,gehweas,<code>gehweas</code>,1,0.0005974
186,gehwilc,<code>gehwilc</code>,1,0.0005974
186,gehwilce,<code>gehwilce</code>,1,0.0005974
186,gehwilces,<code>gehwilces</code>,1,0.0005974
186,gehwilcum,<code>gehwilcum</code>,1,0.0005974
186,gehwylcne,<code>gehwylcne</code>,1,0.0005974
186,gehygde,<code>gehygde</code>,1,0.0005974
186,gehyran,<code>gehyran</code>,1,0.0005974
186,gehyrda,<code>gehyrda</code>,1,0.0005974
186,gehyrde,<code>gehyrde</code>,1,0.0005974
186,gehyrdon,<code>gehyrdon</code>,1,0.0005974
186,geky&eth;an,<code>geky&amp;d;an</code>,1,0.0005974
186,gekydde,<code>gekydde</code>,1,0.0005974
186,gel&aelig;re&eth;,<code>gel&amp;ae;re&amp;d;</code>,1,0.0005974
186,gel&aelig;redon,<code>gel&amp;ae;redon</code>,1,0.0005974
186,geleafan,<code>geleafan</code>,1,0.0005974
186,geleornian,<code>geleornian</code>,1,0.0005974
186,gelic,<code>gelic</code>,1,0.0005974
186,gelome,<code>gelome</code>,1,0.0005974
186,gem&aelig;nan,<code>gem&amp;ae;nan</code>,1,0.0005974
186,gem&aelig;ne,<code>gem&amp;ae;ne</code>,1,0.0005974
186,gemeta&eth;,<code>gemeta&amp;d;</code>,1,0.0005974
186,gemetega&eth;,<code>gemetega&amp;d;</code>,1,0.0005974
186,gemettige,<code>gemettige</code>,1,0.0005974
186,gemunan,<code>gemunan</code>,1,0.0005974
186,gemynas,<code>gemynas</code>,1,0.0005974
186,genohne,<code>genohne</code>,1,0.0005974
186,geofona,<code>geofona</code>,1,0.0005974
186,georna,<code>georna</code>,1,0.0005974
186,geornan,<code>geornan</code>,1,0.0005974
186,geornlic&#275;,<code>geornlic&amp;e;</code>,1,0.0005974
186,geornlice,<code>geornlice</code>,1,0.0005974
186,gereht,<code>gereht</code>,1,0.0005974
186,gereowe,<code>gereowe</code>,1,0.0005974
186,gesceaft,<code>gesceaft</code>,1,0.0005974
186,gescop,<code>gescop</code>,1,0.0005974
186,gesecan,<code>gesecan</code>,1,0.0005974
186,gesecanne,<code>gesecanne</code>,1,0.0005974
186,gesmeage,<code>gesmeage</code>,1,0.0005974
186,gestreon,<code>gestreon</code>,1,0.0005974
186,geswica&eth;,<code>geswica&amp;d;</code>,1,0.0005974
186,geswinc,<code>geswinc</code>,1,0.0005974
186,gesyll&aelig;,<code>gesyll&amp;ae;</code>,1,0.0005974
186,gesyllan,<code>gesyllan</code>,1,0.0005974
186,getreowa,<code>getreowa</code>,1,0.0005974
186,gety&thorn;a&eth;,<code>gety&amp;t;a&amp;d;</code>,1,0.0005974
186,geunnan,<code>geunnan</code>,1,0.0005974
186,gewenan,<code>gewenan</code>,1,0.0005974
186,gewerede,<code>gewerede</code>,1,0.0005974
186,gewilnost,<code>gewilnost</code>,1,0.0005974
186,gewita&eth;,<code>gewita&amp;d;</code>,1,0.0005974
186,gewitan,<code>gewitan</code>,1,0.0005974
186,gewonede,<code>gewonede</code>,1,0.0005974
186,gewuna,<code>gewuna</code>,1,0.0005974
186,gewuna&eth;,<code>gewuna&amp;d;</code>,1,0.0005974
186,gewur&eth;an,<code>gewur&amp;d;an</code>,1,0.0005974
186,gewylce,<code>gewylce</code>,1,0.0005974
186,gewyrcan,<code>gewyrcan</code>,1,0.0005974
186,gewyrce,<code>gewyrce</code>,1,0.0005974
186,gewyrce&eth;,<code>gewyrce&amp;d;</code>,1,0.0005974
186,gewyrhtum,<code>gewyrhtum</code>,1,0.0005974
186,gifu,<code>gifu</code>,1,0.0005974
186,gifum,<code>gifum</code>,1,0.0005974
186,goda,<code>goda</code>,1,0.0005974
186,goldes,<code>goldes</code>,1,0.0005974
186,grund,<code>grund</code>,1,0.0005974
186,gume,<code>gume</code>,1,0.0005974
186,gumena,<code>gumena</code>,1,0.0005974
186,h&aelig;le&eth;a,<code>h&amp;ae;le&amp;d;a</code>,1,0.0005974
186,habbe,<code>habbe</code>,1,0.0005974
186,habben,<code>habben</code>,1,0.0005974
186,hafa,<code>hafa</code>,1,0.0005974
186,hafa&eth;,<code>hafa&amp;d;</code>,1,0.0005974
186,halgum,<code>halgum</code>,1,0.0005974
186,halige,<code>halige</code>,1,0.0005974
186,hame,<code>hame</code>,1,0.0005974
186,hand,<code>hand</code>,1,0.0005974
186,handum,<code>handum</code>,1,0.0005974
186,heagost,<code>heagost</code>,1,0.0005974
186,heah&thorn;earfe,<code>heah&amp;t;earfe</code>,1,0.0005974
186,heahcr&aelig;ftig,<code>heahcr&amp;ae;ftig</code>,1,0.0005974
186,heahgestreon,<code>heahgestreon</code>,1,0.0005974
186,healan,<code>healan</code>,1,0.0005974
186,healden,<code>healden</code>,1,0.0005974
186,helle,<code>helle</code>,1,0.0005974
186,heofanan,<code>heofanan</code>,1,0.0005974
186,heofonan,<code>heofonan</code>,1,0.0005974
186,heofonas,<code>heofonas</code>,1,0.0005974
186,heofonkyninges,<code>heofonkyninges</code>,1,0.0005974
186,heom,<code>heom</code>,1,0.0005974
186,heonan,<code>heonan</code>,1,0.0005974
186,heonon,<code>heonon</code>,1,0.0005974
186,heortan,<code>heortan</code>,1,0.0005974
186,herige,<code>herige</code>,1,0.0005974
186,hi,<code>hi</code>,1,0.0005974
186,hieremie,<code>hieremie</code>,1,0.0005974
186,hihta,<code>hihta</code>,1,0.0005974
186,hope,<code>hope</code>,1,0.0005974
186,hreowe,<code>hreowe</code>,1,0.0005974
186,hryre,<code>hryre</code>,1,0.0005974
186,hu,<code>hu</code>,1,0.0005974
186,hw&aelig;r,<code>hw&amp;ae;r</code>,1,0.0005974
186,hw&aelig;thwugo,<code>hw&amp;ae;thwugo</code>,1,0.0005974
186,hwa&eth;ere,<code>hwa&amp;d;ere</code>,1,0.0005974
186,hwi,<code>hwi</code>,1,0.0005974
186,hwilc,<code>hwilc</code>,1,0.0005974
186,hwylce,<code>hwylce</code>,1,0.0005974
186,iacob,<code>iacob</code>,1,0.0005974
186,idelnisse,<code>idelnisse</code>,1,0.0005974
186,innancundre,<code>innancundre</code>,1,0.0005974
186,inne,<code>inne</code>,1,0.0005974
186,inno&eth;e,<code>inno&amp;d;e</code>,1,0.0005974
186,isaac,<code>isaac</code>,1,0.0005974
186,iudagum,<code>iudagum</code>,1,0.0005974
186,iugo&eth;,<code>iugo&amp;d;</code>,1,0.0005974
186,kyng,<code>kyng</code>,1,0.0005974
186,kyning,<code>kyning</code>,1,0.0005974
186,kynnes,<code>kynnes</code>,1,0.0005974
186,l&aelig;ran,<code>l&amp;ae;ran</code>,1,0.0005974
186,l&aelig;s,<code>l&amp;ae;s</code>,1,0.0005974
186,l&aelig;tan,<code>l&amp;ae;tan</code>,1,0.0005974
186,la&eth;,<code>la&amp;d;</code>,1,0.0005974
186,la&eth;es,<code>la&amp;d;es</code>,1,0.0005974
186,laford,<code>laford</code>,1,0.0005974
186,larum,<code>larum</code>,1,0.0005974
186,leana,<code>leana</code>,1,0.0005974
186,leana&eth;,<code>leana&amp;d;</code>,1,0.0005974
186,leoda,<code>leoda</code>,1,0.0005974
186,leodscype,<code>leodscype</code>,1,0.0005974
186,leofes,<code>leofes</code>,1,0.0005974
186,leoht,<code>leoht</code>,1,0.0005974
186,leohte,<code>leohte</code>,1,0.0005974
186,leornung,<code>leornung</code>,1,0.0005974
186,leornunge,<code>leornunge</code>,1,0.0005974
186,lissum,<code>lissum</code>,1,0.0005974
186,locest,<code>locest</code>,1,0.0005974
186,luf&aelig;,<code>luf&amp;ae;</code>,1,0.0005974
186,lufa&eth;,<code>lufa&amp;d;</code>,1,0.0005974
186,lufian,<code>lufian</code>,1,0.0005974
186,lufu,<code>lufu</code>,1,0.0005974
186,lustum,<code>lustum</code>,1,0.0005974
186,lyfte,<code>lyfte</code>,1,0.0005974
186,lytle,<code>lytle</code>,1,0.0005974
186,m&aelig;g&eth;hade,<code>m&amp;ae;g&amp;d;hade</code>,1,0.0005974
186,m&aelig;gne,<code>m&amp;ae;gne</code>,1,0.0005974
186,m&aelig;gnes,<code>m&amp;ae;gnes</code>,1,0.0005974
186,m&aelig;ig,<code>m&amp;ae;ig</code>,1,0.0005974
186,m&aelig;igen,<code>m&amp;ae;igen</code>,1,0.0005974
186,m&aelig;la,<code>m&amp;ae;la</code>,1,0.0005974
186,m&aelig;nige,<code>m&amp;ae;nige</code>,1,0.0005974
186,m&aelig;nigfealda&eth;,<code>m&amp;ae;nigfealda&amp;d;</code>,1,0.0005974
186,m&aelig;rost,<code>m&amp;ae;rost</code>,1,0.0005974
186,m&aelig;ssepreost,<code>m&amp;ae;ssepreost</code>,1,0.0005974
186,m&aelig;ste,<code>m&amp;ae;ste</code>,1,0.0005974
186,madmceoste,<code>madmceoste</code>,1,0.0005974
186,manna,<code>manna</code>,1,0.0005974
186,mede,<code>mede</code>,1,0.0005974
186,medes,<code>medes</code>,1,0.0005974
186,metas,<code>metas</code>,1,0.0005974
186,metes,<code>metes</code>,1,0.0005974
186,metod,<code>metod</code>,1,0.0005974
186,metode,<code>metode</code>,1,0.0005974
186,metodes,<code>metodes</code>,1,0.0005974
186,mette,<code>mette</code>,1,0.0005974
186,mettruman,<code>mettruman</code>,1,0.0005974
186,micele,<code>micele</code>,1,0.0005974
186,miclum,<code>miclum</code>,1,0.0005974
186,mide,<code>mide</code>,1,0.0005974
186,mildheort,<code>mildheort</code>,1,0.0005974
186,mildheortnesse,<code>mildheortnesse</code>,1,0.0005974
186,miltse,<code>miltse</code>,1,0.0005974
186,misd&aelig;da,<code>misd&amp;ae;da</code>,1,0.0005974
186,mislica&eth;,<code>mislica&amp;d;</code>,1,0.0005974
186,missa&eth;,<code>missa&amp;d;</code>,1,0.0005974
186,modsefan,<code>modsefan</code>,1,0.0005974
186,moldan,<code>moldan</code>,1,0.0005974
186,monige,<code>monige</code>,1,0.0005974
186,monnan,<code>monnan</code>,1,0.0005974
186,monnes,<code>monnes</code>,1,0.0005974
186,mot,<code>mot</code>,1,0.0005974
186,mote,<code>mote</code>,1,0.0005974
186,moton,<code>moton</code>,1,0.0005974
186,moyses,<code>moyses</code>,1,0.0005974
186,mu&eth;es,<code>mu&amp;d;es</code>,1,0.0005974
186,munuc,<code>munuc</code>,1,0.0005974
186,munucum,<code>munucum</code>,1,0.0005974
186,mycel,<code>mycel</code>,1,0.0005974
186,mycele,<code>mycele</code>,1,0.0005974
186,myclum,<code>myclum</code>,1,0.0005974
186,n&aelig;fre,<code>n&amp;ae;fre</code>,1,0.0005974
186,n&aelig;nigne,<code>n&amp;ae;nigne</code>,1,0.0005974
186,na&eth;er,<code>na&amp;d;er</code>,1,0.0005974
186,nacodan,<code>nacodan</code>,1,0.0005974
186,neatum,<code>neatum</code>,1,0.0005974
186,nele,<code>nele</code>,1,0.0005974
186,nelle,<code>nelle</code>,1,0.0005974
186,nelt,<code>nelt</code>,1,0.0005974
186,nemnia&eth;,<code>nemnia&amp;d;</code>,1,0.0005974
186,ni&eth;,<code>ni&amp;d;</code>,1,0.0005974
186,nigone,<code>nigone</code>,1,0.0005974
186,nimon,<code>nimon</code>,1,0.0005974
186,niowum,<code>niowum</code>,1,0.0005974
186,noe,<code>noe</code>,1,0.0005974
186,of,<code>of</code>,1,0.0005974
186,ofermettum,<code>ofermettum</code>,1,0.0005974
186,ofermode,<code>ofermode</code>,1,0.0005974
186,oferseagon,<code>oferseagon</code>,1,0.0005974
186,oftih&eth;,<code>oftih&amp;d;</code>,1,0.0005974
186,oftost,<code>oftost</code>,1,0.0005974
186,oht,<code>oht</code>,1,0.0005974
186,on&aelig;led,<code>on&amp;ae;led</code>,1,0.0005974
186,oncw&aelig;&eth;,<code>oncw&amp;ae;&amp;d;</code>,1,0.0005974
186,ondr&aelig;danne,<code>ondr&amp;ae;danne</code>,1,0.0005974
186,onfon,<code>onfon</code>,1,0.0005974
186,ongan,<code>ongan</code>,1,0.0005974
186,onl&aelig;n&eth;,<code>onl&amp;ae;n&amp;d;</code>,1,0.0005974
186,onl&aelig;r,<code>onl&amp;ae;r</code>,1,0.0005974
186,onleoht,<code>onleoht</code>,1,0.0005974
186,onmunde,<code>onmunde</code>,1,0.0005974
186,onsundran,<code>onsundran</code>,1,0.0005974
186,ontendan,<code>ontendan</code>,1,0.0005974
186,onwendan,<code>onwendan</code>,1,0.0005974
186,orsorhnesse,<code>orsorhnesse</code>,1,0.0005974
186,r&aelig;d,<code>r&amp;ae;d</code>,1,0.0005974
186,recce,<code>recce</code>,1,0.0005974
186,riche,<code>riche</code>,1,0.0005974
186,rinca,<code>rinca</code>,1,0.0005974
186,sacerd,<code>sacerd</code>,1,0.0005974
186,saul,<code>saul</code>,1,0.0005974
186,sceaduwa,<code>sceaduwa</code>,1,0.0005974
186,sceawast,<code>sceawast</code>,1,0.0005974
186,sceolon,<code>sceolon</code>,1,0.0005974
186,sculon,<code>sculon</code>,1,0.0005974
186,scur,<code>scur</code>,1,0.0005974
186,scyldig,<code>scyldig</code>,1,0.0005974
186,sealde,<code>sealde</code>,1,0.0005974
186,sealo,<code>sealo</code>,1,0.0005974
186,sec,<code>sec</code>,1,0.0005974
186,secan,<code>secan</code>,1,0.0005974
186,secgan,<code>secgan</code>,1,0.0005974
186,sellan,<code>sellan</code>,1,0.0005974
186,selost,<code>selost</code>,1,0.0005974
186,selre,<code>selre</code>,1,0.0005974
186,sene,<code>sene</code>,1,0.0005974
186,seolfres,<code>seolfres</code>,1,0.0005974
186,sette,<code>sette</code>,1,0.0005974
186,si&eth;geare,<code>si&amp;d;geare</code>,1,0.0005974
186,si&eth;ian,<code>si&amp;d;ian</code>,1,0.0005974
186,sibbe,<code>sibbe</code>,1,0.0005974
186,sidne,<code>sidne</code>,1,0.0005974
186,sigedrihten,<code>sigedrihten</code>,1,0.0005974
186,sigef&aelig;ste,<code>sigef&amp;ae;ste</code>,1,0.0005974
186,sigora,<code>sigora</code>,1,0.0005974
186,sinum,<code>sinum</code>,1,0.0005974
186,slapor,<code>slapor</code>,1,0.0005974
186,slaw,<code>slaw</code>,1,0.0005974
186,sloh,<code>sloh</code>,1,0.0005974
186,smeage,<code>smeage</code>,1,0.0005974
186,snotere,<code>snotere</code>,1,0.0005974
186,so&eth;lice,<code>so&amp;d;lice</code>,1,0.0005974
186,so&eth;ne,<code>so&amp;d;ne</code>,1,0.0005974
186,sona,<code>sona</code>,1,0.0005974
186,speda,<code>speda</code>,1,0.0005974
186,spr&aelig;c,<code>spr&amp;ae;c</code>,1,0.0005974
186,spreac,<code>spreac</code>,1,0.0005974
186,sprecan,<code>sprecan</code>,1,0.0005974
186,swi&eth;ost,<code>swi&amp;d;ost</code>,1,0.0005974
186,swilc,<code>swilc</code>,1,0.0005974
186,swilce,<code>swilce</code>,1,0.0005974
186,swiltan,<code>swiltan</code>,1,0.0005974
186,swincan,<code>swincan</code>,1,0.0005974
186,swylc,<code>swylc</code>,1,0.0005974
186,swylce,<code>swylce</code>,1,0.0005974
186,swylcum,<code>swylcum</code>,1,0.0005974
186,swyltan,<code>swyltan</code>,1,0.0005974
186,sy,<code>sy</code>,1,0.0005974
186,sy&eth;&eth;an,<code>sy&amp;d;&amp;d;an</code>,1,0.0005974
186,sygora,<code>sygora</code>,1,0.0005974
186,syle,<code>syle</code>,1,0.0005974
186,sylfne,<code>sylfne</code>,1,0.0005974
186,symble,<code>symble</code>,1,0.0005974
186,synnum,<code>synnum</code>,1,0.0005974
186,t&aelig;can,<code>t&amp;ae;can</code>,1,0.0005974
186,tapore,<code>tapore</code>,1,0.0005974
186,teo&eth;an,<code>teo&amp;d;an</code>,1,0.0005974
186,tide,<code>tide</code>,1,0.0005974
186,timan,<code>timan</code>,1,0.0005974
186,tohope,<code>tohope</code>,1,0.0005974
186,twam,<code>twam</code>,1,0.0005974
186,twegea,<code>twegea</code>,1,0.0005974
186,un&thorn;eawa,<code>un&amp;t;eawa</code>,1,0.0005974
186,un&thorn;iaw,<code>un&amp;t;iaw</code>,1,0.0005974
186,unl&aelig;rdan,<code>unl&amp;ae;rdan</code>,1,0.0005974
186,unmete,<code>unmete</code>,1,0.0005974
186,unne,<code>unne</code>,1,0.0005974
186,unrihte,<code>unrihte</code>,1,0.0005974
186,unrihtwise,<code>unrihtwise</code>,1,0.0005974
186,unwisdom,<code>unwisdom</code>,1,0.0005974
186,uplican,<code>uplican</code>,1,0.0005974
186,ures,<code>ures</code>,1,0.0005974
186,vndergyte,<code>vndergyte</code>,1,0.0005974
186,w&aelig;lla&eth;,<code>w&amp;ae;lla&amp;d;</code>,1,0.0005974
186,w&aelig;re,<code>w&amp;ae;re</code>,1,0.0005974
186,w&aelig;ron,<code>w&amp;ae;ron</code>,1,0.0005974
186,w&aelig;s,<code>w&amp;ae;s</code>,1,0.0005974
186,w&aelig;teres,<code>w&amp;ae;teres</code>,1,0.0005974
186,waldend,<code>waldend</code>,1,0.0005974
186,wandian,<code>wandian</code>,1,0.0005974
186,wanna,<code>wanna</code>,1,0.0005974
186,wast,<code>wast</code>,1,0.0005974
186,wealdend,<code>wealdend</code>,1,0.0005974
186,wealdendes,<code>wealdendes</code>,1,0.0005974
186,wearde,<code>wearde</code>,1,0.0005974
186,wege,<code>wege</code>,1,0.0005974
186,wela,<code>wela</code>,1,0.0005974
186,weles,<code>weles</code>,1,0.0005974
186,wenan,<code>wenan</code>,1,0.0005974
186,weogas,<code>weogas</code>,1,0.0005974
186,weolan,<code>weolan</code>,1,0.0005974
186,weologan,<code>weologan</code>,1,0.0005974
186,weor&eth;,<code>weor&amp;d;</code>,1,0.0005974
186,weor&eth;scipe,<code>weor&amp;d;scipe</code>,1,0.0005974
186,weorc,<code>weorc</code>,1,0.0005974
186,weorkes,<code>weorkes</code>,1,0.0005974
186,weorlda,<code>weorlda</code>,1,0.0005974
186,weorlde,<code>weorlde</code>,1,0.0005974
186,weoruld&aelig;,<code>weoruld&amp;ae;</code>,1,0.0005974
186,weoruld&aelig;hta,<code>weoruld&amp;ae;hta</code>,1,0.0005974
186,weorulda,<code>weorulda</code>,1,0.0005974
186,weorulde,<code>weorulde</code>,1,0.0005974
186,weoruldes,<code>weoruldes</code>,1,0.0005974
186,weoruldweolona,<code>weoruldweolona</code>,1,0.0005974
186,wera,<code>wera</code>,1,0.0005974
186,weria&eth;,<code>weria&amp;d;</code>,1,0.0005974
186,wicum,<code>wicum</code>,1,0.0005974
186,wilnie,<code>wilnie</code>,1,0.0005974
186,wilt,<code>wilt</code>,1,0.0005974
186,winburgum,<code>winburgum</code>,1,0.0005974
186,winna&eth;,<code>winna&amp;d;</code>,1,0.0005974
186,wisdome,<code>wisdome</code>,1,0.0005974
186,wislic,<code>wislic</code>,1,0.0005974
186,witen,<code>witen</code>,1,0.0005974
186,witona,<code>witona</code>,1,0.0005974
186,womd&aelig;da,<code>womd&amp;ae;da</code>,1,0.0005974
186,wop,<code>wop</code>,1,0.0005974
186,word,<code>word</code>,1,0.0005974
186,worda,<code>worda</code>,1,0.0005974
186,wordcwide,<code>wordcwide</code>,1,0.0005974
186,woruld&thorn;inga,<code>woruld&amp;t;inga</code>,1,0.0005974
186,worulde,<code>worulde</code>,1,0.0005974
186,woruldrice,<code>woruldrice</code>,1,0.0005974
186,wreca&eth;,<code>wreca&amp;d;</code>,1,0.0005974
186,wuldorkyning,<code>wuldorkyning</code>,1,0.0005974
186,wuldre,<code>wuldre</code>,1,0.0005974
186,wunia&eth;,<code>wunia&amp;d;</code>,1,0.0005974
186,wunian,<code>wunian</code>,1,0.0005974
186,wunode,<code>wunode</code>,1,0.0005974
186,wunodest,<code>wunodest</code>,1,0.0005974
186,wurde,<code>wurde</code>,1,0.0005974
186,wyrrest,<code>wyrrest</code>,1,0.0005974
186,yfel,<code>yfel</code>,1,0.0005974
186,yfela,<code>yfela</code>,1,0.0005974
186,ymb,<code>ymb</code>,1,0.0005974
186,ysaie,<code>ysaie</code>,1,0.0005974
