A_Poetry,A45,A45_Cnut_T01960.txt,22,21,23
RANK,HTML WORD,RAW WORD,COUNT,RELATIVE FREQUENCY
1,muneches,<code>muneches</code>,2,0.0869565
2,&eth;a,<code>&amp;d;a</code>,1,0.0434783
2,&eth;e,<code>&amp;d;e</code>,1,0.0434783
2,&eth;er,<code>&amp;d;er</code>,1,0.0434783
2,&thorn;es,<code>&amp;t;es</code>,1,0.0434783
2,and,<code>and</code>,1,0.0434783
2,binnen,<code>binnen</code>,1,0.0434783
2,by,<code>by</code>,1,0.0434783
2,ching,<code>ching</code>,1,0.0434783
2,cnites,<code>cnites</code>,1,0.0434783
2,cnut,<code>cnut</code>,1,0.0434783
2,ely,<code>ely</code>,1,0.0434783
2,here,<code>here</code>,1,0.0434783
2,lant,<code>lant</code>,1,0.0434783
2,merie,<code>merie</code>,1,0.0434783
2,noer,<code>noer</code>,1,0.0434783
2,reu,<code>reu</code>,1,0.0434783
2,rowe&thorn;,<code>rowe&amp;t;</code>,1,0.0434783
2,s&aelig;ng,<code>s&amp;ae;ng</code>,1,0.0434783
2,sungen,<code>sungen</code>,1,0.0434783
2,the,<code>the</code>,1,0.0434783
2,we,<code>we</code>,1,0.0434783
