A_Poetry,A46,A46.002_Godric_II_T01980.txt,40,38,42
RANK,HTML WORD,RAW WORD,COUNT,RELATIVE FREQUENCY
1,marie,<code>marie</code>,2,0.0476190
1,on,<code>on</code>,2,0.0476190
3,&thorn;e,<code>&amp;t;e</code>,1,0.0238095
3,&thorn;in,<code>&amp;t;in</code>,1,0.0238095
3,and,<code>and</code>,1,0.0238095
3,bare,<code>bare</code>,1,0.0238095
3,bring,<code>bring</code>,1,0.0238095
3,crist,<code>crist</code>,1,0.0238095
3,cristes,<code>cristes</code>,1,0.0238095
3,eghtlech,<code>eghtlech</code>,1,0.0238095
3,erthe,<code>erthe</code>,1,0.0238095
3,fot,<code>fot</code>,1,0.0238095
3,godes,<code>godes</code>,1,0.0238095
3,godric,<code>godric</code>,1,0.0238095
3,help,<code>help</code>,1,0.0238095
3,hi,<code>hi</code>,1,0.0238095
3,ic,<code>ic</code>,1,0.0238095
3,ihesu,<code>ihesu</code>,1,0.0238095
3,iledde,<code>iledde</code>,1,0.0238095
3,in,<code>in</code>,1,0.0238095
3,itreide,<code>itreide</code>,1,0.0238095
3,me,<code>me</code>,1,0.0238095
3,mine,<code>mine</code>,1,0.0238095
3,moder,<code>moder</code>,1,0.0238095
3,nazarene,<code>nazarene</code>,1,0.0238095
3,ne,<code>ne</code>,1,0.0238095
3,onfang,<code>onfang</code>,1,0.0238095
3,onfo,<code>onfo</code>,1,0.0238095
3,riche,<code>riche</code>,1,0.0238095
3,sainte,<code>sainte</code>,1,0.0238095
3,scamel,<code>scamel</code>,1,0.0238095
3,scild,<code>scild</code>,1,0.0238095
3,sciulde,<code>sciulde</code>,1,0.0238095
3,seinte,<code>seinte</code>,1,0.0238095
3,sio,<code>sio</code>,1,0.0238095
3,th&aelig;t,<code>th&amp;ae;t</code>,1,0.0238095
3,this,<code>this</code>,1,0.0238095
3,uirgine,<code>uirgine</code>,1,0.0238095
3,uuit,<code>uuit</code>,1,0.0238095
3,wi&eth;,<code>wi&amp;d;</code>,1,0.0238095
