A_Poetry,A46,A46.001_Godric_I_T01970.txt,20,20,20
RANK,HTML WORD,RAW WORD,COUNT,RELATIVE FREQUENCY
1,&thorn;e,<code>&amp;t;e</code>,1,0.0500000
1,&thorn;in,<code>&amp;t;in</code>,1,0.0500000
1,bring,<code>bring</code>,1,0.0500000
1,cristes,<code>cristes</code>,1,0.0500000
1,godes,<code>godes</code>,1,0.0500000
1,godric,<code>godric</code>,1,0.0500000
1,hehtlic,<code>hehtlic</code>,1,0.0500000
1,help,<code>help</code>,1,0.0500000
1,iesu,<code>iesu</code>,1,0.0500000
1,in,<code>in</code>,1,0.0500000
1,marie,<code>marie</code>,1,0.0500000
1,moder,<code>moder</code>,1,0.0500000
1,nazarene,<code>nazarene</code>,1,0.0500000
1,onfang,<code>onfang</code>,1,0.0500000
1,onfo,<code>onfo</code>,1,0.0500000
1,riche,<code>riche</code>,1,0.0500000
1,sancte,<code>sancte</code>,1,0.0500000
1,scild,<code>scild</code>,1,0.0500000
1,uirgine,<code>uirgine</code>,1,0.0500000
1,wi&eth;,<code>wi&amp;d;</code>,1,0.0500000
