A_Poetry,A47,A47_Grave_T01990.txt,127,93,200
RANK,HTML WORD,RAW WORD,COUNT,RELATIVE FREQUENCY
1,&thorn;e,<code>&amp;t;e</code>,10,0.0500000
1,and,<code>and</code>,10,0.0500000
3,&eth;u,<code>&amp;d;u</code>,5,0.0250000
3,&thorn;u,<code>&amp;t;u</code>,5,0.0250000
3,bi&eth;,<code>bi&amp;d;</code>,5,0.0250000
3,hit,<code>hit</code>,5,0.0250000
7,&eth;e,<code>&amp;d;e</code>,4,0.0200000
7,&thorn;et,<code>&amp;t;et</code>,4,0.0200000
9,bist,<code>bist</code>,3,0.0150000
9,hus,<code>hus</code>,3,0.0150000
9,is,<code>is</code>,3,0.0150000
9,molde,<code>molde</code>,3,0.0150000
9,scealt,<code>scealt</code>,3,0.0150000
9,to,<code>to</code>,3,0.0150000
9,wunien,<code>wunien</code>,3,0.0150000
16,&eth;&aelig;t,<code>&amp;d;&amp;ae;t</code>,2,0.0100000
16,&thorn;a,<code>&amp;t;a</code>,2,0.0100000
16,&thorn;in,<code>&amp;t;in</code>,2,0.0100000
16,er,<code>er</code>,2,0.0100000
16,faxes,<code>faxes</code>,2,0.0100000
16,for,<code>for</code>,2,0.0100000
16,ful,<code>ful</code>,2,0.0100000
16,hu,<code>hu</code>,2,0.0100000
16,ladlic,<code>ladlic</code>,2,0.0100000
16,me,<code>me</code>,2,0.0100000
16,ne,<code>ne</code>,2,0.0100000
16,nes,<code>nes</code>,2,0.0100000
16,no,<code>no</code>,2,0.0100000
16,nu,<code>nu</code>,2,0.0100000
16,on,<code>on</code>,2,0.0100000
16,sone,<code>sone</code>,2,0.0100000
16,were,<code>were</code>,2,0.0100000
16,wes,<code>wes</code>,2,0.0100000
16,wule,<code>wule</code>,2,0.0100000
35,&aelig;fre,<code>&amp;ae;fre</code>,1,0.0050000
35,&aelig;fter,<code>&amp;ae;fter</code>,1,0.0050000
35,&eth;&aelig;r,<code>&amp;d;&amp;ae;r</code>,1,0.0050000
35,&eth;a,<code>&amp;d;a</code>,1,0.0050000
35,&eth;er,<code>&amp;d;er</code>,1,0.0050000
35,&eth;es,<code>&amp;d;es</code>,1,0.0050000
35,&eth;us,<code>&amp;d;us</code>,1,0.0050000
35,&thorn;eo,<code>&amp;t;eo</code>,1,0.0050000
35,&thorn;er,<code>&amp;t;er</code>,1,0.0050000
35,&thorn;erinne,<code>&amp;t;erinne</code>,1,0.0050000
35,&thorn;ine,<code>&amp;t;ine</code>,1,0.0050000
35,&thorn;ire,<code>&amp;t;ire</code>,1,0.0050000
35,&thorn;onne,<code>&amp;t;onne</code>,1,0.0050000
35,ac,<code>ac</code>,1,0.0050000
35,al,<code>al</code>,1,0.0050000
35,beo&eth;,<code>beo&amp;d;</code>,1,0.0050000
35,beon,<code>beon</code>,1,0.0050000
35,bidytt,<code>bidytt</code>,1,0.0050000
35,bireued,<code>bireued</code>,1,0.0050000
35,bold,<code>bold</code>,1,0.0050000
35,bring&aelig;&eth;,<code>bring&amp;ae;&amp;d;</code>,1,0.0050000
35,broste,<code>broste</code>,1,0.0050000
35,c&aelig;ge,<code>c&amp;ae;ge</code>,1,0.0050000
35,calde,<code>calde</code>,1,0.0050000
35,come,<code>come</code>,1,0.0050000
35,d&aelig;&eth;,<code>d&amp;ae;&amp;d;</code>,1,0.0050000
35,dearc,<code>dearc</code>,1,0.0050000
35,den,<code>den</code>,1,0.0050000
35,deopnes,<code>deopnes</code>,1,0.0050000
35,deorc&aelig;,<code>deorc&amp;ae;</code>,1,0.0050000
35,dimme,<code>dimme</code>,1,0.0050000
35,dure,<code>dure</code>,1,0.0050000
35,dureleas,<code>dureleas</code>,1,0.0050000
35,efre,<code>efre</code>,1,0.0050000
35,eor&eth;hus,<code>eor&amp;d;hus</code>,1,0.0050000
35,faren,<code>faren</code>,1,0.0050000
35,feire,<code>feire</code>,1,0.0050000
35,feirnes,<code>feirnes</code>,1,0.0050000
35,feste,<code>feste</code>,1,0.0050000
35,fingres,<code>fingres</code>,1,0.0050000
35,forsceden,<code>forsceden</code>,1,0.0050000
35,freond,<code>freond</code>,1,0.0050000
35,fronden,<code>fronden</code>,1,0.0050000
35,ful&aelig;t,<code>ful&amp;ae;t</code>,1,0.0050000
35,gebyld,<code>gebyld</code>,1,0.0050000
35,grim,<code>grim</code>,1,0.0050000
35,gyt,<code>gyt</code>,1,0.0050000
35,h&aelig;fet,<code>h&amp;ae;fet</code>,1,0.0050000
35,healice,<code>healice</code>,1,0.0050000
35,hef&eth;,<code>hef&amp;d;</code>,1,0.0050000
35,helewages,<code>helewages</code>,1,0.0050000
35,honde,<code>honde</code>,1,0.0050000
35,iboren,<code>iboren</code>,1,0.0050000
35,ibyld,<code>ibyld</code>,1,0.0050000
35,idiht,<code>idiht</code>,1,0.0050000
35,ilegd,<code>ilegd</code>,1,0.0050000
35,iloced,<code>iloced</code>,1,0.0050000
35,imeten,<code>imeten</code>,1,0.0050000
35,imynt,<code>imynt</code>,1,0.0050000
35,inne,<code>inne</code>,1,0.0050000
35,iseonne,<code>iseonne</code>,1,0.0050000
35,itinbred,<code>itinbred</code>,1,0.0050000
35,lad,<code>lad</code>,1,0.0050000
35,lad&aelig;st,<code>lad&amp;ae;st</code>,1,0.0050000
35,lage,<code>lage</code>,1,0.0050000
35,lah,<code>lah</code>,1,0.0050000
35,lihten,<code>lihten</code>,1,0.0050000
35,likie,<code>likie</code>,1,0.0050000
35,list,<code>list</code>,1,0.0050000
35,lokien,<code>lokien</code>,1,0.0050000
35,long,<code>long</code>,1,0.0050000
35,meten,<code>meten</code>,1,0.0050000
35,mit,<code>mit</code>,1,0.0050000
35,moder,<code>moder</code>,1,0.0050000
35,n&aelig;le,<code>n&amp;ae;le</code>,1,0.0050000
35,nan,<code>nan</code>,1,0.0050000
35,nefst,<code>nefst</code>,1,0.0050000
35,neh,<code>neh</code>,1,0.0050000
35,nenne,<code>nenne</code>,1,0.0050000
35,of,<code>of</code>,1,0.0050000
35,rof,<code>rof</code>,1,0.0050000
35,sce&aelig;l,<code>sce&amp;ae;l</code>,1,0.0050000
35,seo&eth;&eth;a,<code>seo&amp;d;&amp;d;a</code>,1,0.0050000
35,sidwages,<code>sidwages</code>,1,0.0050000
35,stracien,<code>stracien</code>,1,0.0050000
35,swa,<code>swa</code>,1,0.0050000
35,todele&eth;,<code>todele&amp;d;</code>,1,0.0050000
35,undon,<code>undon</code>,1,0.0050000
35,unhege,<code>unhege</code>,1,0.0050000
35,unheh,<code>unheh</code>,1,0.0050000
35,wi&eth;innen,<code>wi&amp;d;innen</code>,1,0.0050000
35,wurmes,<code>wurmes</code>,1,0.0050000
35,wylle,<code>wylle</code>,1,0.0050000
