A_Poetry,A48,A48_Kenelm_T02000.txt,12,12,12
RANK,HTML WORD,RAW WORD,COUNT,RELATIVE FREQUENCY
1,&thorn;orne,<code>&amp;t;orne</code>,1,0.0833333
1,ane,<code>ane</code>,1,0.0833333
1,becche,<code>becche</code>,1,0.0833333
1,bereued,<code>bereued</code>,1,0.0833333
1,clench,<code>clench</code>,1,0.0833333
1,heued,<code>heued</code>,1,0.0833333
1,in,<code>in</code>,1,0.0833333
1,kenelm,<code>kenelm</code>,1,0.0833333
1,kinebern,<code>kinebern</code>,1,0.0833333
1,liet,<code>liet</code>,1,0.0833333
1,qu,<code>qu</code>,1,0.0833333
1,under,<code>under</code>,1,0.0833333
