A_Poetry,A49,A49_Loth_T02010.txt,12,12,12
RANK,HTML WORD,RAW WORD,COUNT,RELATIVE FREQUENCY
1,&thorn;e,<code>&amp;t;e</code>,1,0.0833333
1,&thorn;ridde,<code>&amp;t;ridde</code>,1,0.0833333
1,and,<code>and</code>,1,0.0833333
1,beorn,<code>beorn</code>,1,0.0833333
1,criste,<code>criste</code>,1,0.0833333
1,lo&thorn;e,<code>lo&amp;t;e</code>,1,0.0833333
1,lo&thorn;ebrokes,<code>lo&amp;t;ebrokes</code>,1,0.0833333
1,sunes,<code>sunes</code>,1,0.0833333
1,ubbe,<code>ubbe</code>,1,0.0833333
1,was,<code>was</code>,1,0.0833333
1,weren,<code>weren</code>,1,0.0833333
1,ynguar,<code>ynguar</code>,1,0.0833333
