A_Poetry,A50,A50_Ps_1751_T02020.txt,10,10,10
RANK,HTML WORD,RAW WORD,COUNT,RELATIVE FREQUENCY
1,cristus,<code>cristus</code>,1,0.1000000
1,cyninga,<code>cyninga</code>,1,0.1000000
1,ealra,<code>ealra</code>,1,0.1000000
1,geardagum,<code>geardagum</code>,1,0.1000000
1,gehwelc,<code>gehwelc</code>,1,0.1000000
1,iudeum,<code>iudeum</code>,1,0.1000000
1,mid,<code>mid</code>,1,0.1000000
1,nemned,<code>nemned</code>,1,0.1000000
1,on,<code>on</code>,1,0.1000000
1,w&aelig;s,<code>w&amp;ae;s</code>,1,0.1000000
