A_Poetry,A51,A51_MPs_T02030.txt,576,473,957
RANK,HTML WORD,RAW WORD,COUNT,RELATIVE FREQUENCY
1,&amp;,<code>&amp;amp;</code>,48,0.0501567
2,on,<code>on</code>,27,0.0282132
3,drihten,<code>drihten</code>,18,0.0188088
4,his,<code>his</code>,15,0.0156740
5,&thorn;et,<code>&amp;t;et</code>,13,0.0135841
5,ne,<code>ne</code>,13,0.0135841
7,&eth;e,<code>&amp;d;e</code>,11,0.0114943
7,he,<code>he</code>,11,0.0114943
7,hi,<code>hi</code>,11,0.0114943
10,god,<code>god</code>,10,0.0104493
10,ic,<code>ic</code>,10,0.0104493
12,him,<code>him</code>,9,0.0094044
12,is,<code>is</code>,9,0.0094044
12,me,<code>me</code>,9,0.0094044
15,nu,<code>nu</code>,8,0.0083595
16,&thorn;&aelig;,<code>&amp;t;&amp;ae;</code>,7,0.0073145
16,mid,<code>mid</code>,7,0.0073145
16,mine,<code>mine</code>,7,0.0073145
16,sw&aelig;,<code>sw&amp;ae;</code>,7,0.0073145
20,e&aelig;lle,<code>e&amp;ae;lle</code>,6,0.0062696
20,for&eth;on,<code>for&amp;d;on</code>,6,0.0062696
20,se,<code>se</code>,6,0.0062696
23,&thorn;onne,<code>&amp;t;onne</code>,5,0.0052247
23,drihtne,<code>drihtne</code>,5,0.0052247
23,hine,<code>hine</code>,5,0.0052247
23,hu,<code>hu</code>,5,0.0052247
23,min,<code>min</code>,5,0.0052247
23,to,<code>to</code>,5,0.0052247
23,usser,<code>usser</code>,5,0.0052247
30,&aelig;r,<code>&amp;ae;r</code>,4,0.0041797
30,&eth;in,<code>&amp;d;in</code>,4,0.0041797
30,&eth;u,<code>&amp;d;u</code>,4,0.0041797
30,&thorn;e,<code>&amp;t;e</code>,4,0.0041797
30,drihtnes,<code>drihtnes</code>,4,0.0041797
30,e&aelig;c,<code>e&amp;ae;c</code>,4,0.0041797
30,folc,<code>folc</code>,4,0.0041797
30,swilce,<code>swilce</code>,4,0.0041797
30,unriht,<code>unriht</code>,4,0.0041797
39,&aelig;fre,<code>&amp;ae;fre</code>,3,0.0031348
39,&eth;et,<code>&amp;d;et</code>,3,0.0031348
39,&thorn;u,<code>&amp;t;u</code>,3,0.0031348
39,bi&eth;,<code>bi&amp;d;</code>,3,0.0031348
39,er,<code>er</code>,3,0.0031348
39,f&aelig;cne,<code>f&amp;ae;cne</code>,3,0.0031348
39,facen,<code>facen</code>,3,0.0031348
39,ge,<code>ge</code>,3,0.0031348
39,gif,<code>gif</code>,3,0.0031348
39,m&aelig;n,<code>m&amp;ae;n</code>,3,0.0031348
39,n&aelig;m&aelig;n,<code>n&amp;ae;m&amp;ae;n</code>,3,0.0031348
39,o&eth;&eth;e,<code>o&amp;d;&amp;d;e</code>,3,0.0031348
39,unrihtes,<code>unrihtes</code>,3,0.0031348
39,we,<code>we</code>,3,0.0031348
39,worhte,<code>worhte</code>,3,0.0031348
54,&aelig;gen,<code>&amp;ae;gen</code>,2,0.0020899
54,&thorn;&aelig;s,<code>&amp;t;&amp;ae;s</code>,2,0.0020899
54,&thorn;a,<code>&amp;t;a</code>,2,0.0020899
54,&thorn;er,<code>&amp;t;er</code>,2,0.0020899
54,&thorn;in,<code>&amp;t;in</code>,2,0.0020899
54,&thorn;ine,<code>&amp;t;ine</code>,2,0.0020899
54,ansine,<code>ansine</code>,2,0.0020899
54,dege,<code>dege</code>,2,0.0020899
54,dem&aelig;,<code>dem&amp;ae;</code>,2,0.0020899
54,dema,<code>dema</code>,2,0.0020899
54,deope,<code>deope</code>,2,0.0020899
54,driht&aelig;n,<code>driht&amp;ae;n</code>,2,0.0020899
54,e&aelig;ll,<code>e&amp;ae;ll</code>,2,0.0020899
54,ealla,<code>ealla</code>,2,0.0020899
54,eallum,<code>eallum</code>,2,0.0020899
54,ece,<code>ece</code>,2,0.0020899
54,elmihtig,<code>elmihtig</code>,2,0.0020899
54,eor&eth;&aelig;n,<code>eor&amp;d;&amp;ae;n</code>,2,0.0020899
54,fegere,<code>fegere</code>,2,0.0020899
54,fest,<code>fest</code>,2,0.0020899
54,feste,<code>feste</code>,2,0.0020899
54,folce,<code>folce</code>,2,0.0020899
54,fold&aelig;n,<code>fold&amp;ae;n</code>,2,0.0020899
54,fore,<code>fore</code>,2,0.0020899
54,georne,<code>georne</code>,2,0.0020899
54,h&aelig;lig,<code>h&amp;ae;lig</code>,2,0.0020899
54,heortan,<code>heortan</code>,2,0.0020899
54,hige,<code>hige</code>,2,0.0020899
54,hior&aelig;,<code>hior&amp;ae;</code>,2,0.0020899
54,hof&aelig;n,<code>hof&amp;ae;n</code>,2,0.0020899
54,holde,<code>holde</code>,2,0.0020899
54,huse,<code>huse</code>,2,0.0020899
54,l&aelig;nge,<code>l&amp;ae;nge</code>,2,0.0020899
54,m&aelig;nn&aelig;,<code>m&amp;ae;nn&amp;ae;</code>,2,0.0020899
54,men,<code>men</code>,2,0.0020899
54,nefre,<code>nefre</code>,2,0.0020899
54,segd&aelig;n,<code>segd&amp;ae;n</code>,2,0.0020899
54,sege,<code>sege</code>,2,0.0020899
54,si&eth;&eth;&aelig;n,<code>si&amp;d;&amp;d;&amp;ae;n</code>,2,0.0020899
54,silfes,<code>silfes</code>,2,0.0020899
54,sing&aelig;n,<code>sing&amp;ae;n</code>,2,0.0020899
54,so&eth;e,<code>so&amp;d;e</code>,2,0.0020899
54,stefne,<code>stefne</code>,2,0.0020899
54,swi&eth;e,<code>swi&amp;d;e</code>,2,0.0020899
54,ure,<code>ure</code>,2,0.0020899
54,were,<code>were</code>,2,0.0020899
54,wi&eth;drife&eth;,<code>wi&amp;d;drife&amp;d;</code>,2,0.0020899
54,winne,<code>winne</code>,2,0.0020899
54,worhton,<code>worhton</code>,2,0.0020899
54,yldo,<code>yldo</code>,2,0.0020899
104,&aelig;,<code>&amp;ae;</code>,1,0.0010449
104,&aelig;&eth;,<code>&amp;ae;&amp;d;</code>,1,0.0010449
104,&aelig;&eth;e,<code>&amp;ae;&amp;d;e</code>,1,0.0010449
104,&aelig;fedde,<code>&amp;ae;fedde</code>,1,0.0010449
104,&aelig;fter,<code>&amp;ae;fter</code>,1,0.0010449
104,&aelig;ghwer,<code>&amp;ae;ghwer</code>,1,0.0010449
104,&aelig;ghwylcne,<code>&amp;ae;ghwylcne</code>,1,0.0010449
104,&aelig;h&aelig;fen,<code>&amp;ae;h&amp;ae;fen</code>,1,0.0010449
104,&aelig;hwer,<code>&amp;ae;hwer</code>,1,0.0010449
104,&aelig;n,<code>&amp;ae;n</code>,1,0.0010449
104,&aelig;na,<code>&amp;ae;na</code>,1,0.0010449
104,&aelig;nd,<code>&amp;ae;nd</code>,1,0.0010449
104,&aelig;ndette,<code>&amp;ae;ndette</code>,1,0.0010449
104,&aelig;ndgyt,<code>&amp;ae;ndgyt</code>,1,0.0010449
104,&aelig;nhorn&aelig;,<code>&amp;ae;nhorn&amp;ae;</code>,1,0.0010449
104,&aelig;nig,<code>&amp;ae;nig</code>,1,0.0010449
104,&aelig;singe,<code>&amp;ae;singe</code>,1,0.0010449
104,&aelig;t,<code>&amp;ae;t</code>,1,0.0010449
104,&aelig;tyw&aelig;&eth;,<code>&amp;ae;tyw&amp;ae;&amp;d;</code>,1,0.0010449
104,&aelig;tywe,<code>&amp;ae;tywe</code>,1,0.0010449
104,&aelig;w&aelig;,<code>&amp;ae;w&amp;ae;</code>,1,0.0010449
104,&aelig;wiht,<code>&amp;ae;wiht</code>,1,0.0010449
104,&eth;&aelig;,<code>&amp;d;&amp;ae;</code>,1,0.0010449
104,&eth;&aelig;r,<code>&amp;d;&amp;ae;r</code>,1,0.0010449
104,&eth;am,<code>&amp;d;am</code>,1,0.0010449
104,&eth;e&aelig;rfe,<code>&amp;d;e&amp;ae;rfe</code>,1,0.0010449
104,&eth;e&eth;,<code>&amp;d;e&amp;d;</code>,1,0.0010449
104,&eth;ence,<code>&amp;d;ence</code>,1,0.0010449
104,&eth;encea&eth;,<code>&amp;d;encea&amp;d;</code>,1,0.0010449
104,&eth;eodum,<code>&amp;d;eodum</code>,1,0.0010449
104,&eth;eos,<code>&amp;d;eos</code>,1,0.0010449
104,&eth;ere,<code>&amp;d;ere</code>,1,0.0010449
104,&eth;es,<code>&amp;d;es</code>,1,0.0010449
104,&eth;ine,<code>&amp;d;ine</code>,1,0.0010449
104,&eth;inr&aelig;,<code>&amp;d;inr&amp;ae;</code>,1,0.0010449
104,&eth;inre,<code>&amp;d;inre</code>,1,0.0010449
104,&eth;inum,<code>&amp;d;inum</code>,1,0.0010449
104,&eth;istre,<code>&amp;d;istre</code>,1,0.0010449
104,&eth;on,<code>&amp;d;on</code>,1,0.0010449
104,&eth;one,<code>&amp;d;one</code>,1,0.0010449
104,&eth;onne,<code>&amp;d;onne</code>,1,0.0010449
104,&eth;re&aelig;t,<code>&amp;d;re&amp;ae;t</code>,1,0.0010449
104,&eth;rea,<code>&amp;d;rea</code>,1,0.0010449
104,&eth;urh,<code>&amp;d;urh</code>,1,0.0010449
104,&eth;yssum,<code>&amp;d;yssum</code>,1,0.0010449
104,&thorn;&aelig;m,<code>&amp;t;&amp;ae;m</code>,1,0.0010449
104,&thorn;&aelig;t,<code>&amp;t;&amp;ae;t</code>,1,0.0010449
104,&thorn;e&aelig;rfe,<code>&amp;t;e&amp;ae;rfe</code>,1,0.0010449
104,&thorn;earle,<code>&amp;t;earle</code>,1,0.0010449
104,&thorn;end&aelig;n,<code>&amp;t;end&amp;ae;n</code>,1,0.0010449
104,&thorn;eodscipe,<code>&amp;t;eodscipe</code>,1,0.0010449
104,&thorn;i,<code>&amp;t;i</code>,1,0.0010449
104,&thorn;inne,<code>&amp;t;inne</code>,1,0.0010449
104,&thorn;inre,<code>&amp;t;inre</code>,1,0.0010449
104,&thorn;inum,<code>&amp;t;inum</code>,1,0.0010449
104,&thorn;isse,<code>&amp;t;isse</code>,1,0.0010449
104,&thorn;one,<code>&amp;t;one</code>,1,0.0010449
104,aa,<code>aa</code>,1,0.0010449
104,acwealdan,<code>acwealdan</code>,1,0.0010449
104,adolfen,<code>adolfen</code>,1,0.0010449
104,agen,<code>agen</code>,1,0.0010449
104,ageotan,<code>ageotan</code>,1,0.0010449
104,ahef,<code>ahef</code>,1,0.0010449
104,ahte,<code>ahte</code>,1,0.0010449
104,and,<code>and</code>,1,0.0010449
104,andett&aelig;n,<code>andett&amp;ae;n</code>,1,0.0010449
104,anlic&aelig;st,<code>anlic&amp;ae;st</code>,1,0.0010449
104,arest,<code>arest</code>,1,0.0010449
104,arise&eth;,<code>arise&amp;d;</code>,1,0.0010449
104,asliden,<code>asliden</code>,1,0.0010449
104,awiht,<code>awiht</code>,1,0.0010449
104,awirgdum,<code>awirgdum</code>,1,0.0010449
104,begirde,<code>begirde</code>,1,0.0010449
104,benemde,<code>benemde</code>,1,0.0010449
104,beo&eth;,<code>beo&amp;d;</code>,1,0.0010449
104,beorh,<code>beorh</code>,1,0.0010449
104,beorht,<code>beorht</code>,1,0.0010449
104,bigea&eth;,<code>bigea&amp;d;</code>,1,0.0010449
104,bist,<code>bist</code>,1,0.0010449
104,bitere,<code>bitere</code>,1,0.0010449
104,bl&aelig;dum,<code>bl&amp;ae;dum</code>,1,0.0010449
104,blod,<code>blod</code>,1,0.0010449
104,blowe&eth;,<code>blowe&amp;d;</code>,1,0.0010449
104,butan,<code>butan</code>,1,0.0010449
104,can,<code>can</code>,1,0.0010449
104,ce&aelig;n,<code>ce&amp;ae;n</code>,1,0.0010449
104,cneow,<code>cneow</code>,1,0.0010449
104,cneowrisse,<code>cneowrisse</code>,1,0.0010449
104,cu&eth;,<code>cu&amp;d;</code>,1,0.0010449
104,cu&eth;e,<code>cu&amp;d;e</code>,1,0.0010449
104,cum&aelig;&eth;,<code>cum&amp;ae;&amp;d;</code>,1,0.0010449
104,cum&aelig;&thorn;,<code>cum&amp;ae;&amp;t;</code>,1,0.0010449
104,cume&eth;,<code>cume&amp;d;</code>,1,0.0010449
104,cunnedan,<code>cunnedan</code>,1,0.0010449
104,cunnedon,<code>cunnedon</code>,1,0.0010449
104,cwe&eth;,<code>cwe&amp;d;</code>,1,0.0010449
104,cwe&eth;&aelig;n,<code>cwe&amp;d;&amp;ae;n</code>,1,0.0010449
104,cwed&aelig;n,<code>cwed&amp;ae;n</code>,1,0.0010449
104,cwem&aelig;n,<code>cwem&amp;ae;n</code>,1,0.0010449
104,cweman,<code>cweman</code>,1,0.0010449
104,cynne,<code>cynne</code>,1,0.0010449
104,cynnes,<code>cynnes</code>,1,0.0010449
104,d&aelig;g&aelig;s,<code>d&amp;ae;g&amp;ae;s</code>,1,0.0010449
104,dagas,<code>dagas</code>,1,0.0010449
104,dedum,<code>dedum</code>,1,0.0010449
104,deop,<code>deop</code>,1,0.0010449
104,deorc,<code>deorc</code>,1,0.0010449
104,deorce,<code>deorce</code>,1,0.0010449
104,disegan,<code>disegan</code>,1,0.0010449
104,disige,<code>disige</code>,1,0.0010449
104,disigr&aelig;,<code>disigr&amp;ae;</code>,1,0.0010449
104,drige,<code>drige</code>,1,0.0010449
104,dydan,<code>dydan</code>,1,0.0010449
104,dyde,<code>dyde</code>,1,0.0010449
104,e&aelig;dig,<code>e&amp;ae;dig</code>,1,0.0010449
104,e&aelig;g&aelig;,<code>e&amp;ae;g&amp;ae;</code>,1,0.0010449
104,e&aelig;gana,<code>e&amp;ae;gana</code>,1,0.0010449
104,e&aelig;gum,<code>e&amp;ae;gum</code>,1,0.0010449
104,e&aelig;lr&aelig;,<code>e&amp;ae;lr&amp;ae;</code>,1,0.0010449
104,e&aelig;lre,<code>e&amp;ae;lre</code>,1,0.0010449
104,e&aelig;re,<code>e&amp;ae;re</code>,1,0.0010449
104,e&aelig;rm&aelig;,<code>e&amp;ae;rm&amp;ae;</code>,1,0.0010449
104,eac,<code>eac</code>,1,0.0010449
104,ealdre,<code>ealdre</code>,1,0.0010449
104,ealdum,<code>ealdum</code>,1,0.0010449
104,eall,<code>eall</code>,1,0.0010449
104,eall&eth;eodige,<code>eall&amp;d;eodige</code>,1,0.0010449
104,earan,<code>earan</code>,1,0.0010449
104,eart,<code>eart</code>,1,0.0010449
104,eceum,<code>eceum</code>,1,0.0010449
104,ecnesse,<code>ecnesse</code>,1,0.0010449
104,edisce,<code>edisce</code>,1,0.0010449
104,efne,<code>efne</code>,1,0.0010449
104,eft,<code>eft</code>,1,0.0010449
104,ege,<code>ege</code>,1,0.0010449
104,ende,<code>ende</code>,1,0.0010449
104,eodon,<code>eodon</code>,1,0.0010449
104,eor&eth;buendr&aelig;,<code>eor&amp;d;buendr&amp;ae;</code>,1,0.0010449
104,eor&eth;e,<code>eor&amp;d;e</code>,1,0.0010449
104,eor&eth;wege,<code>eor&amp;d;wege</code>,1,0.0010449
104,eowre,<code>eowre</code>,1,0.0010449
104,erest,<code>erest</code>,1,0.0010449
104,eror,<code>eror</code>,1,0.0010449
104,etfylige&eth;,<code>etfylige&amp;d;</code>,1,0.0010449
104,f&aelig;gere,<code>f&amp;ae;gere</code>,1,0.0010449
104,facne,<code>facne</code>,1,0.0010449
104,fe&aelig;la,<code>fe&amp;ae;la</code>,1,0.0010449
104,federas,<code>federas</code>,1,0.0010449
104,fele,<code>fele</code>,1,0.0010449
104,feond,<code>feond</code>,1,0.0010449
104,feore,<code>feore</code>,1,0.0010449
104,feorh,<code>feorh</code>,1,0.0010449
104,feowertig,<code>feowertig</code>,1,0.0010449
104,ferh&eth;e,<code>ferh&amp;d;e</code>,1,0.0010449
104,fest&aelig;,<code>fest&amp;ae;</code>,1,0.0010449
104,firenfulr&aelig;,<code>firenfulr&amp;ae;</code>,1,0.0010449
104,fleo,<code>fleo</code>,1,0.0010449
104,flow&aelig;&eth;,<code>flow&amp;ae;&amp;d;</code>,1,0.0010449
104,folde,<code>folde</code>,1,0.0010449
104,folme,<code>folme</code>,1,0.0010449
104,for,<code>for</code>,1,0.0010449
104,for&eth;,<code>for&amp;d;</code>,1,0.0010449
104,forcom&aelig;n,<code>forcom&amp;ae;n</code>,1,0.0010449
104,forhirdan,<code>forhirdan</code>,1,0.0010449
104,forlet&aelig;n,<code>forlet&amp;ae;n</code>,1,0.0010449
104,forweor&eth;&aelig;&eth;,<code>forweor&amp;d;&amp;ae;&amp;d;</code>,1,0.0010449
104,forwordone,<code>forwordone</code>,1,0.0010449
104,fot,<code>fot</code>,1,0.0010449
104,fr&aelig;cne,<code>fr&amp;ae;cne</code>,1,0.0010449
104,fr&aelig;m,<code>fr&amp;ae;m</code>,1,0.0010449
104,fremme,<code>fremme</code>,1,0.0010449
104,fri&eth;stole,<code>fri&amp;d;stole</code>,1,0.0010449
104,frofre,<code>frofre</code>,1,0.0010449
104,frum&aelig;n,<code>frum&amp;ae;n</code>,1,0.0010449
104,ful,<code>ful</code>,1,0.0010449
104,fultum,<code>fultum</code>,1,0.0010449
104,fynd,<code>fynd</code>,1,0.0010449
104,fyr&aelig;nfull&aelig;n,<code>fyr&amp;ae;nfull&amp;ae;n</code>,1,0.0010449
104,fyrene,<code>fyrene</code>,1,0.0010449
104,fyrenwyrht&aelig;n,<code>fyrenwyrht&amp;ae;n</code>,1,0.0010449
104,fyrn,<code>fyrn</code>,1,0.0010449
104,g&aelig;ng&aelig;s,<code>g&amp;ae;ng&amp;ae;s</code>,1,0.0010449
104,ge&aelig;r&aelig;,<code>ge&amp;ae;r&amp;ae;</code>,1,0.0010449
104,ge&aelig;ru,<code>ge&amp;ae;ru</code>,1,0.0010449
104,ge&eth;&aelig;nc&aelig;s,<code>ge&amp;d;&amp;ae;nc&amp;ae;s</code>,1,0.0010449
104,ge&eth;anc,<code>ge&amp;d;anc</code>,1,0.0010449
104,ge&eth;ancas,<code>ge&amp;d;ancas</code>,1,0.0010449
104,ge&eth;ilde,<code>ge&amp;d;ilde</code>,1,0.0010449
104,gearned&aelig;n,<code>gearned&amp;ae;n</code>,1,0.0010449
104,gebeodan,<code>gebeodan</code>,1,0.0010449
104,gebeorgest,<code>gebeorgest</code>,1,0.0010449
104,gebidan,<code>gebidan</code>,1,0.0010449
104,geblowen,<code>geblowen</code>,1,0.0010449
104,ged&aelig;fen&aelig;&thorn;,<code>ged&amp;ae;fen&amp;ae;&amp;t;</code>,1,0.0010449
104,gefestn&aelig;st,<code>gefestn&amp;ae;st</code>,1,0.0010449
104,gefreogan,<code>gefreogan</code>,1,0.0010449
104,gefultumed,<code>gefultumed</code>,1,0.0010449
104,gefultumede,<code>gefultumede</code>,1,0.0010449
104,geheft&aelig;&thorn;,<code>geheft&amp;ae;&amp;t;</code>,1,0.0010449
104,gehind&aelig;n,<code>gehind&amp;ae;n</code>,1,0.0010449
104,gehiran,<code>gehiran</code>,1,0.0010449
104,gehirde,<code>gehirde</code>,1,0.0010449
104,gele&aelig;fsum,<code>gele&amp;ae;fsum</code>,1,0.0010449
104,gelic&aelig;st,<code>gelic&amp;ae;st</code>,1,0.0010449
104,gena,<code>gena</code>,1,0.0010449
104,generie,<code>generie</code>,1,0.0010449
104,genihte,<code>genihte</code>,1,0.0010449
104,genihtsum,<code>genihtsum</code>,1,0.0010449
104,geond,<code>geond</code>,1,0.0010449
104,georn&aelig;st,<code>georn&amp;ae;st</code>,1,0.0010449
104,ger&aelig;,<code>ger&amp;ae;</code>,1,0.0010449
104,ges&aelig;we,<code>ges&amp;ae;we</code>,1,0.0010449
104,gesceawian,<code>gesceawian</code>,1,0.0010449
104,geseawon,<code>geseawon</code>,1,0.0010449
104,gesibbed&aelig;n,<code>gesibbed&amp;ae;n</code>,1,0.0010449
104,gesih&eth;,<code>gesih&amp;d;</code>,1,0.0010449
104,gest&aelig;&thorn;eled,<code>gest&amp;ae;&amp;t;eled</code>,1,0.0010449
104,gestod&aelig;n,<code>gestod&amp;ae;n</code>,1,0.0010449
104,getihtest,<code>getihtest</code>,1,0.0010449
104,getogen,<code>getogen</code>,1,0.0010449
104,getrew&aelig;&thorn;,<code>getrew&amp;ae;&amp;t;</code>,1,0.0010449
104,getrimede,<code>getrimede</code>,1,0.0010449
104,gewerfe&thorn;,<code>gewerfe&amp;t;</code>,1,0.0010449
104,gewitnes,<code>gewitnes</code>,1,0.0010449
104,geworden,<code>geworden</code>,1,0.0010449
104,gewuldrige,<code>gewuldrige</code>,1,0.0010449
104,gild,<code>gild</code>,1,0.0010449
104,gode,<code>gode</code>,1,0.0010449
104,godes,<code>godes</code>,1,0.0010449
104,godu,<code>godu</code>,1,0.0010449
104,gr&aelig;m&aelig;,<code>gr&amp;ae;m&amp;ae;</code>,1,0.0010449
104,grimnesse,<code>grimnesse</code>,1,0.0010449
104,growe&eth;,<code>growe&amp;d;</code>,1,0.0010449
104,guman,<code>guman</code>,1,0.0010449
104,gylde&thorn;,<code>gylde&amp;t;</code>,1,0.0010449
104,gylpa&eth;,<code>gylpa&amp;d;</code>,1,0.0010449
104,gyt,<code>gyt</code>,1,0.0010449
104,h&aelig;f&aelig;d,<code>h&amp;ae;f&amp;ae;d</code>,1,0.0010449
104,h&aelig;lgum,<code>h&amp;ae;lgum</code>,1,0.0010449
104,h&aelig;nd&aelig;,<code>h&amp;ae;nd&amp;ae;</code>,1,0.0010449
104,he&aelig;hest&aelig;n,<code>he&amp;ae;hest&amp;ae;n</code>,1,0.0010449
104,he&aelig;hste,<code>he&amp;ae;hste</code>,1,0.0010449
104,he&aelig;nessum,<code>he&amp;ae;nessum</code>,1,0.0010449
104,he&aelig;p,<code>he&amp;ae;p</code>,1,0.0010449
104,he&aelig;rp&aelig;n,<code>he&amp;ae;rp&amp;ae;n</code>,1,0.0010449
104,heahbeorg&aelig;s,<code>heahbeorg&amp;ae;s</code>,1,0.0010449
104,healda&eth;,<code>healda&amp;d;</code>,1,0.0010449
104,healde&eth;,<code>healde&amp;d;</code>,1,0.0010449
104,hefde,<code>hefde</code>,1,0.0010449
104,hefonrices,<code>hefonrices</code>,1,0.0010449
104,hefre,<code>hefre</code>,1,0.0010449
104,hele&eth;&aelig;,<code>hele&amp;d;&amp;ae;</code>,1,0.0010449
104,helende,<code>helende</code>,1,0.0010449
104,helle,<code>helle</code>,1,0.0010449
104,hellen,<code>hellen</code>,1,0.0010449
104,helu,<code>helu</code>,1,0.0010449
104,heolde,<code>heolde</code>,1,0.0010449
104,herigean,<code>herigean</code>,1,0.0010449
104,hihte,<code>hihte</code>,1,0.0010449
104,hildo,<code>hildo</code>,1,0.0010449
104,hiora,<code>hiora</code>,1,0.0010449
104,hliste,<code>hliste</code>,1,0.0010449
104,hlud&aelig;n,<code>hlud&amp;ae;n</code>,1,0.0010449
104,hlyns&aelig;d&aelig;n,<code>hlyns&amp;ae;d&amp;ae;n</code>,1,0.0010449
104,horn,<code>horn</code>,1,0.0010449
104,hwer,<code>hwer</code>,1,0.0010449
104,hwethwygu,<code>hwethwygu</code>,1,0.0010449
104,hwilc,<code>hwilc</code>,1,0.0010449
104,hwylc,<code>hwylc</code>,1,0.0010449
104,iacobes,<code>iacobes</code>,1,0.0010449
104,kining,<code>kining</code>,1,0.0010449
104,l&aelig;ng&aelig;,<code>l&amp;ae;ng&amp;ae;</code>,1,0.0010449
104,l&aelig;re&eth;,<code>l&amp;ae;re&amp;d;</code>,1,0.0010449
104,lerest,<code>lerest</code>,1,0.0010449
104,lib&aelig;nes,<code>lib&amp;ae;nes</code>,1,0.0010449
104,lide&eth;,<code>lide&amp;d;</code>,1,0.0010449
104,lifd&aelig;g&aelig;s,<code>lifd&amp;ae;g&amp;ae;s</code>,1,0.0010449
104,luf&aelig;dest,<code>luf&amp;ae;dest</code>,1,0.0010449
104,m&aelig;ge,<code>m&amp;ae;ge</code>,1,0.0010449
104,m&aelig;nige,<code>m&amp;ae;nige</code>,1,0.0010449
104,m&aelig;nigeo,<code>m&amp;ae;nigeo</code>,1,0.0010449
104,m&aelig;nigr&aelig;,<code>m&amp;ae;nigr&amp;ae;</code>,1,0.0010449
104,ma,<code>ma</code>,1,0.0010449
104,man,<code>man</code>,1,0.0010449
104,manne,<code>manne</code>,1,0.0010449
104,manwyrht&aelig;n,<code>manwyrht&amp;ae;n</code>,1,0.0010449
104,me&aelig;ht,<code>me&amp;ae;ht</code>,1,0.0010449
104,me&aelig;hte,<code>me&amp;ae;hte</code>,1,0.0010449
104,me&aelig;htig,<code>me&amp;ae;htig</code>,1,0.0010449
104,megene,<code>megene</code>,1,0.0010449
104,megenne,<code>megenne</code>,1,0.0010449
104,megenweorc,<code>megenweorc</code>,1,0.0010449
104,meldia&eth;,<code>meldia&amp;d;</code>,1,0.0010449
104,micelne,<code>micelne</code>,1,0.0010449
104,micla,<code>micla</code>,1,0.0010449
104,micle,<code>micle</code>,1,0.0010449
104,mihtigan,<code>mihtigan</code>,1,0.0010449
104,milde,<code>milde</code>,1,0.0010449
104,mildheortnes,<code>mildheortnes</code>,1,0.0010449
104,minr&aelig;,<code>minr&amp;ae;</code>,1,0.0010449
104,mor&eth;ra,<code>mor&amp;d;ra</code>,1,0.0010449
104,morgenne,<code>morgenne</code>,1,0.0010449
104,ne&aelig;htes,<code>ne&amp;ae;htes</code>,1,0.0010449
104,neah,<code>neah</code>,1,0.0010449
104,neodlice,<code>neodlice</code>,1,0.0010449
104,nim&eth;e,<code>nim&amp;d;e</code>,1,0.0010449
104,nime&eth;,<code>nime&amp;d;</code>,1,0.0010449
104,niowe,<code>niowe</code>,1,0.0010449
104,o&eth;&eth;et,<code>o&amp;d;&amp;d;et</code>,1,0.0010449
104,of,<code>of</code>,1,0.0010449
104,ofer,<code>ofer</code>,1,0.0010449
104,oferhidegum,<code>oferhidegum</code>,1,0.0010449
104,oferhleo&eth;ur,<code>oferhleo&amp;d;ur</code>,1,0.0010449
104,ofslean,<code>ofslean</code>,1,0.0010449
104,oftust,<code>oftust</code>,1,0.0010449
104,oncn&aelig;w&aelig;n,<code>oncn&amp;ae;w&amp;ae;n</code>,1,0.0010449
104,oncneow,<code>oncneow</code>,1,0.0010449
104,oncneowan,<code>oncneowan</code>,1,0.0010449
104,oncyrre,<code>oncyrre</code>,1,0.0010449
104,onfind&aelig;n,<code>onfind&amp;ae;n</code>,1,0.0010449
104,ongeaton,<code>ongeaton</code>,1,0.0010449
104,ongeoton,<code>ongeoton</code>,1,0.0010449
104,ongitan,<code>ongitan</code>,1,0.0010449
104,onlic,<code>onlic</code>,1,0.0010449
104,p&aelig;lm&aelig;,<code>p&amp;ae;lm&amp;ae;</code>,1,0.0010449
104,redes,<code>redes</code>,1,0.0010449
104,reord&aelig;,<code>reord&amp;ae;</code>,1,0.0010449
104,reste,<code>reste</code>,1,0.0010449
104,ricene,<code>ricene</code>,1,0.0010449
104,ricsode,<code>ricsode</code>,1,0.0010449
104,riht,<code>riht</code>,1,0.0010449
104,rihtheortum,<code>rihtheortum</code>,1,0.0010449
104,rimes,<code>rimes</code>,1,0.0010449
104,s&aelig;lterio,<code>s&amp;ae;lterio</code>,1,0.0010449
104,s&aelig;med,<code>s&amp;ae;med</code>,1,0.0010449
104,s&aelig;stre&aelig;m&aelig;s,<code>s&amp;ae;stre&amp;ae;m&amp;ae;s</code>,1,0.0010449
104,sang&aelig;s,<code>sang&amp;ae;s</code>,1,0.0010449
104,sar&aelig;,<code>sar&amp;ae;</code>,1,0.0010449
104,sares,<code>sares</code>,1,0.0010449
104,sarlice,<code>sarlice</code>,1,0.0010449
104,saul,<code>saul</code>,1,0.0010449
104,sawle,<code>sawle</code>,1,0.0010449
104,sawule,<code>sawule</code>,1,0.0010449
104,scarpe,<code>scarpe</code>,1,0.0010449
104,sce&aelig;p,<code>sce&amp;ae;p</code>,1,0.0010449
104,sceawade,<code>sceawade</code>,1,0.0010449
104,scrydde,<code>scrydde</code>,1,0.0010449
104,scyrdde,<code>scyrdde</code>,1,0.0010449
104,se&aelig;&eth;,<code>se&amp;ae;&amp;d;</code>,1,0.0010449
104,se&aelig;s,<code>se&amp;ae;s</code>,1,0.0010449
104,sealde,<code>sealde</code>,1,0.0010449
104,sealmas,<code>sealmas</code>,1,0.0010449
104,sece&aelig;n,<code>sece&amp;ae;n</code>,1,0.0010449
104,secga&eth;,<code>secga&amp;d;</code>,1,0.0010449
104,segde,<code>segde</code>,1,0.0010449
104,setl,<code>setl</code>,1,0.0010449
104,sett&aelig;&thorn;,<code>sett&amp;ae;&amp;t;</code>,1,0.0010449
104,sette,<code>sette</code>,1,0.0010449
104,sille,<code>sille</code>,1,0.0010449
104,silua,<code>silua</code>,1,0.0010449
104,simble,<code>simble</code>,1,0.0010449
104,sind,<code>sind</code>,1,0.0010449
104,sind&aelig;n,<code>sind&amp;ae;n</code>,1,0.0010449
104,sindon,<code>sindon</code>,1,0.0010449
104,sing&aelig;&eth;,<code>sing&amp;ae;&amp;d;</code>,1,0.0010449
104,singa&eth;,<code>singa&amp;d;</code>,1,0.0010449
104,singe,<code>singe</code>,1,0.0010449
104,sinningr&aelig;,<code>sinningr&amp;ae;</code>,1,0.0010449
104,sint,<code>sint</code>,1,0.0010449
104,sio,<code>sio</code>,1,0.0010449
104,sniome,<code>sniome</code>,1,0.0010449
104,so&eth;f&aelig;st,<code>so&amp;d;f&amp;ae;st</code>,1,0.0010449
104,so&eth;fest,<code>so&amp;d;fest</code>,1,0.0010449
104,so&eth;fest&aelig;,<code>so&amp;d;fest&amp;ae;</code>,1,0.0010449
104,so&eth;feste,<code>so&amp;d;feste</code>,1,0.0010449
104,so&eth;festr&aelig;,<code>so&amp;d;festr&amp;ae;</code>,1,0.0010449
104,so&eth;ne,<code>so&amp;d;ne</code>,1,0.0010449
104,so&eth;re,<code>so&amp;d;re</code>,1,0.0010449
104,sohte,<code>sohte</code>,1,0.0010449
104,sprec&aelig;&thorn;,<code>sprec&amp;ae;&amp;t;</code>,1,0.0010449
104,st&aelig;nde,<code>st&amp;ae;nde</code>,1,0.0010449
104,stiopcild&aelig;,<code>stiopcild&amp;ae;</code>,1,0.0010449
104,stod,<code>stod</code>,1,0.0010449
104,strangnesse,<code>strangnesse</code>,1,0.0010449
104,stre&aelig;m&aelig;s,<code>stre&amp;ae;m&amp;ae;s</code>,1,0.0010449
104,strengum,<code>strengum</code>,1,0.0010449
104,stundum,<code>stundum</code>,1,0.0010449
104,swa,<code>swa</code>,1,0.0010449
104,swi&eth;ust,<code>swi&amp;d;ust</code>,1,0.0010449
104,swilc&aelig;,<code>swilc&amp;ae;</code>,1,0.0010449
104,swylce,<code>swylce</code>,1,0.0010449
104,sylfa,<code>sylfa</code>,1,0.0010449
104,synd&aelig;n,<code>synd&amp;ae;n</code>,1,0.0010449
104,tin,<code>tin</code>,1,0.0010449
104,todrife&eth;,<code>todrife&amp;d;</code>,1,0.0010449
104,togedremene,<code>togedremene</code>,1,0.0010449
104,towrecene,<code>towrecene</code>,1,0.0010449
104,unnyt,<code>unnyt</code>,1,0.0010449
104,unriht&aelig;s,<code>unriht&amp;ae;s</code>,1,0.0010449
104,unwiseste,<code>unwiseste</code>,1,0.0010449
104,ures,<code>ures</code>,1,0.0010449
104,urum,<code>urum</code>,1,0.0010449
104,us,<code>us</code>,1,0.0010449
104,uten,<code>uten</code>,1,0.0010449
104,we&aelig;lda&thorn;,<code>we&amp;ae;lda&amp;t;</code>,1,0.0010449
104,we&aelig;ldend,<code>we&amp;ae;ldend</code>,1,0.0010449
104,we&aelig;r&eth;,<code>we&amp;ae;r&amp;d;</code>,1,0.0010449
104,we&aelig;rd,<code>we&amp;ae;rd</code>,1,0.0010449
104,wealde&eth;,<code>wealde&amp;d;</code>,1,0.0010449
104,wealdend,<code>wealdend</code>,1,0.0010449
104,wealdind,<code>wealdind</code>,1,0.0010449
104,weg&aelig;s,<code>weg&amp;ae;s</code>,1,0.0010449
104,wege&aelig;,<code>wege&amp;ae;</code>,1,0.0010449
104,wel,<code>wel</code>,1,0.0010449
104,weninga,<code>weninga</code>,1,0.0010449
104,weor&eth;&aelig;&thorn;,<code>weor&amp;d;&amp;ae;&amp;t;</code>,1,0.0010449
104,weor&eth;e&eth;,<code>weor&amp;d;e&amp;d;</code>,1,0.0010449
104,weor&eth;eod&aelig;,<code>weor&amp;d;eod&amp;ae;</code>,1,0.0010449
104,weorc,<code>weorc</code>,1,0.0010449
104,weorcum,<code>weorcum</code>,1,0.0010449
104,weorden,<code>weorden</code>,1,0.0010449
104,weoruldlife,<code>weoruldlife</code>,1,0.0010449
104,wepan,<code>wepan</code>,1,0.0010449
104,wer,<code>wer</code>,1,0.0010449
104,wer&aelig;n,<code>wer&amp;ae;n</code>,1,0.0010449
104,wergend,<code>wergend</code>,1,0.0010449
104,werum,<code>werum</code>,1,0.0010449
104,werun,<code>werun</code>,1,0.0010449
104,westenne,<code>westenne</code>,1,0.0010449
104,wet,<code>wet</code>,1,0.0010449
104,weterstefnum,<code>weterstefnum</code>,1,0.0010449
104,wi&eth;,<code>wi&amp;d;</code>,1,0.0010449
104,wicum,<code>wicum</code>,1,0.0010449
104,wid&aelig;n,<code>wid&amp;ae;n</code>,1,0.0010449
104,wide,<code>wide</code>,1,0.0010449
104,widr&aelig;,<code>widr&amp;ae;</code>,1,0.0010449
104,widw&aelig;n,<code>widw&amp;ae;n</code>,1,0.0010449
104,wiht,<code>wiht</code>,1,0.0010449
104,wihte,<code>wihte</code>,1,0.0010449
104,wilc,<code>wilc</code>,1,0.0010449
104,wile,<code>wile</code>,1,0.0010449
104,willan,<code>willan</code>,1,0.0010449
104,winnum,<code>winnum</code>,1,0.0010449
104,wintra,<code>wintra</code>,1,0.0010449
104,wiorcum,<code>wiorcum</code>,1,0.0010449
104,wirce&aelig;&eth;,<code>wirce&amp;ae;&amp;d;</code>,1,0.0010449
104,wisdom,<code>wisdom</code>,1,0.0010449
104,wisum,<code>wisum</code>,1,0.0010449
104,wlite,<code>wlite</code>,1,0.0010449
104,woh,<code>woh</code>,1,0.0010449
104,wolde,<code>wolde</code>,1,0.0010449
104,wonhidig,<code>wonhidig</code>,1,0.0010449
104,worht&aelig;n,<code>worht&amp;ae;n</code>,1,0.0010449
104,woruld,<code>woruld</code>,1,0.0010449
104,woruld&aelig;,<code>woruld&amp;ae;</code>,1,0.0010449
104,worulde,<code>worulde</code>,1,0.0010449
104,wr&aelig;&eth;e,<code>wr&amp;ae;&amp;d;e</code>,1,0.0010449
104,wra&eth;an,<code>wra&amp;d;an</code>,1,0.0010449
104,wrec&aelig;n,<code>wrec&amp;ae;n</code>,1,0.0010449
104,wrecen&aelig;,<code>wrecen&amp;ae;</code>,1,0.0010449
104,wreclice,<code>wreclice</code>,1,0.0010449
104,wun&aelig;st,<code>wun&amp;ae;st</code>,1,0.0010449
104,wundorlic,<code>wundorlic</code>,1,0.0010449
104,wuned&aelig;,<code>wuned&amp;ae;</code>,1,0.0010449
104,wurde,<code>wurde</code>,1,0.0010449
104,wutun,<code>wutun</code>,1,0.0010449
104,wyrce&aelig;&thorn;,<code>wyrce&amp;ae;&amp;t;</code>,1,0.0010449
104,ydle,<code>ydle</code>,1,0.0010449
104,yfele,<code>yfele</code>,1,0.0010449
104,ymbhwirft,<code>ymbhwirft</code>,1,0.0010449
104,yrf&aelig;,<code>yrf&amp;ae;</code>,1,0.0010449
104,yrfe,<code>yrfe</code>,1,0.0010449
104,yrre,<code>yrre</code>,1,0.0010449
