A_Poetry,A02,A02.004_HomFr_I_T00080.txt,195,164,264
RANK,HTML WORD,RAW WORD,COUNT,RELATIVE FREQUENCY
1,mid,<code>mid</code>,11,0.0416667
2,ond,<code>ond</code>,10,0.0378788
3,in,<code>in</code>,7,0.0265152
4,swa,<code>swa</code>,6,0.0227273
5,&thorn;am,<code>&amp;t;am</code>,4,0.0151515
5,&thorn;onne,<code>&amp;t;onne</code>,4,0.0151515
5,ne,<code>ne</code>,4,0.0151515
5,on,<code>on</code>,4,0.0151515
5,se,<code>se</code>,4,0.0151515
10,&thorn;&aelig;t,<code>&amp;t;&amp;ae;t</code>,3,0.0113636
10,hafa&eth;,<code>hafa&amp;d;</code>,3,0.0113636
12,&aelig;tsomne,<code>&amp;ae;tsomne</code>,2,0.0075758
12,&eth;e,<code>&amp;d;e</code>,2,0.0075758
12,&thorn;a,<code>&amp;t;a</code>,2,0.0075758
12,&thorn;eah,<code>&amp;t;eah</code>,2,0.0075758
12,bi&eth;,<code>bi&amp;d;</code>,2,0.0075758
12,cyme&eth;,<code>cyme&amp;d;</code>,2,0.0075758
12,dryhten,<code>dryhten</code>,2,0.0075758
12,geblonden,<code>geblonden</code>,2,0.0075758
12,god,<code>god</code>,2,0.0075758
12,he,<code>he</code>,2,0.0075758
12,hyht,<code>hyht</code>,2,0.0075758
12,mane,<code>mane</code>,2,0.0075758
12,me,<code>me</code>,2,0.0075758
12,nu,<code>nu</code>,2,0.0075758
12,o&eth;erne,<code>o&amp;d;erne</code>,2,0.0075758
12,sare,<code>sare</code>,2,0.0075758
12,to,<code>to</code>,2,0.0075758
12,we,<code>we</code>,2,0.0075758
12,weoruda,<code>weoruda</code>,2,0.0075758
12,wynsume,<code>wynsume</code>,2,0.0075758
32,&aelig;f&thorn;ancum,<code>&amp;ae;f&amp;t;ancum</code>,1,0.0037879
32,&aelig;festra,<code>&amp;ae;festra</code>,1,0.0037879
32,&aelig;nlice,<code>&amp;ae;nlice</code>,1,0.0037879
32,&aelig;t,<code>&amp;ae;t</code>,1,0.0037879
32,&aelig;tterne,<code>&amp;ae;tterne</code>,1,0.0037879
32,&aelig;tywe,<code>&amp;ae;tywe</code>,1,0.0037879
32,&eth;a,<code>&amp;d;a</code>,1,0.0037879
32,&eth;u,<code>&amp;d;u</code>,1,0.0037879
32,&thorn;&aelig;s,<code>&amp;t;&amp;ae;s</code>,1,0.0037879
32,&thorn;e,<code>&amp;t;e</code>,1,0.0037879
32,&thorn;enca&thorn;,<code>&amp;t;enca&amp;t;</code>,1,0.0037879
32,&thorn;es,<code>&amp;t;es</code>,1,0.0037879
32,&thorn;urh,<code>&amp;t;urh</code>,1,0.0037879
32,agan,<code>agan</code>,1,0.0037879
32,anleofan,<code>anleofan</code>,1,0.0037879
32,arlicne,<code>arlicne</code>,1,0.0037879
32,bebead,<code>bebead</code>,1,0.0037879
32,beforan,<code>beforan</code>,1,0.0037879
32,behindan,<code>behindan</code>,1,0.0037879
32,beo&eth;,<code>beo&amp;d;</code>,1,0.0037879
32,beon,<code>beon</code>,1,0.0037879
32,bera&eth;,<code>bera&amp;d;</code>,1,0.0037879
32,beswica&thorn;,<code>beswica&amp;t;</code>,1,0.0037879
32,beteran,<code>beteran</code>,1,0.0037879
32,bio&eth;,<code>bio&amp;d;</code>,1,0.0037879
32,bot,<code>bot</code>,1,0.0037879
32,buta,<code>buta</code>,1,0.0037879
32,by&eth;,<code>by&amp;d;</code>,1,0.0037879
32,cr&aelig;ft,<code>cr&amp;ae;ft</code>,1,0.0037879
32,cunnon,<code>cunnon</code>,1,0.0037879
32,cw&aelig;&eth;,<code>cw&amp;ae;&amp;d;</code>,1,0.0037879
32,d&aelig;ges,<code>d&amp;ae;ges</code>,1,0.0037879
32,deofles,<code>deofles</code>,1,0.0037879
32,dream,<code>dream</code>,1,0.0037879
32,drefe&eth;,<code>drefe&amp;d;</code>,1,0.0037879
32,dwele&eth;,<code>dwele&amp;d;</code>,1,0.0037879
32,dyrne,<code>dyrne</code>,1,0.0037879
32,ealda,<code>ealda</code>,1,0.0037879
32,eallunga,<code>eallunga</code>,1,0.0037879
32,ehte&eth;,<code>ehte&amp;d;</code>,1,0.0037879
32,ende,<code>ende</code>,1,0.0037879
32,englum,<code>englum</code>,1,0.0037879
32,eor&eth;an,<code>eor&amp;d;an</code>,1,0.0037879
32,eorl,<code>eorl</code>,1,0.0037879
32,f&aelig;ger,<code>f&amp;ae;ger</code>,1,0.0037879
32,f&aelig;gere,<code>f&amp;ae;gere</code>,1,0.0037879
32,f&aelig;gerum,<code>f&amp;ae;gerum</code>,1,0.0037879
32,facen,<code>facen</code>,1,0.0037879
32,facenlice,<code>facenlice</code>,1,0.0037879
32,facne,<code>facne</code>,1,0.0037879
32,fah,<code>fah</code>,1,0.0037879
32,feara,<code>feara</code>,1,0.0037879
32,for&eth;an,<code>for&amp;d;an</code>,1,0.0037879
32,for&thorn;an,<code>for&amp;t;an</code>,1,0.0037879
32,forleos,<code>forleos</code>,1,0.0037879
32,forwyrd,<code>forwyrd</code>,1,0.0037879
32,freo&eth;,<code>freo&amp;d;</code>,1,0.0037879
32,ful,<code>ful</code>,1,0.0037879
32,fyrh&eth;e,<code>fyrh&amp;d;e</code>,1,0.0037879
32,g&aelig;&eth;,<code>g&amp;ae;&amp;d;</code>,1,0.0037879
32,gastcofan,<code>gastcofan</code>,1,0.0037879
32,gastlice,<code>gastlice</code>,1,0.0037879
32,gastum,<code>gastum</code>,1,0.0037879
32,ge&thorn;ohtas,<code>ge&amp;t;ohtas</code>,1,0.0037879
32,geceose&eth;,<code>geceose&amp;d;</code>,1,0.0037879
32,gefylled,<code>gefylled</code>,1,0.0037879
32,gehata&eth;,<code>gehata&amp;d;</code>,1,0.0037879
32,gehata&thorn;,<code>gehata&amp;t;</code>,1,0.0037879
32,gehatum,<code>gehatum</code>,1,0.0037879
32,gelice,<code>gelice</code>,1,0.0037879
32,geneahe,<code>geneahe</code>,1,0.0037879
32,geoce,<code>geoce</code>,1,0.0037879
32,getrywe&eth;,<code>getrywe&amp;d;</code>,1,0.0037879
32,gewita,<code>gewita</code>,1,0.0037879
32,gewyrcan,<code>gewyrcan</code>,1,0.0037879
32,grimme,<code>grimme</code>,1,0.0037879
32,habba&eth;,<code>habba&amp;d;</code>,1,0.0037879
32,healde,<code>healde</code>,1,0.0037879
32,heofones,<code>heofones</code>,1,0.0037879
32,heortan,<code>heortan</code>,1,0.0037879
32,hie,<code>hie</code>,1,0.0037879
32,him,<code>him</code>,1,0.0037879
32,hindan,<code>hindan</code>,1,0.0037879
32,his,<code>his</code>,1,0.0037879
32,holdlice,<code>holdlice</code>,1,0.0037879
32,hord,<code>hord</code>,1,0.0037879
32,hunig,<code>hunig</code>,1,0.0037879
32,hunigsm&aelig;ccas,<code>hunigsm&amp;ae;ccas</code>,1,0.0037879
32,hwilum,<code>hwilum</code>,1,0.0037879
32,hwylc,<code>hwylc</code>,1,0.0037879
32,hycgan,<code>hycgan</code>,1,0.0037879
32,hyhtan,<code>hyhtan</code>,1,0.0037879
32,hyra,<code>hyra</code>,1,0.0037879
32,innan,<code>innan</code>,1,0.0037879
32,inwit,<code>inwit</code>,1,0.0037879
32,is,<code>is</code>,1,0.0037879
32,leasan,<code>leasan</code>,1,0.0037879
32,leoht,<code>leoht</code>,1,0.0037879
32,life,<code>life</code>,1,0.0037879
32,lifes,<code>lifes</code>,1,0.0037879
32,ligewyrhtum,<code>ligewyrhtum</code>,1,0.0037879
32,lufe,<code>lufe</code>,1,0.0037879
32,m&aelig;gene,<code>m&amp;ae;gene</code>,1,0.0037879
32,manig,<code>manig</code>,1,0.0037879
32,manna,<code>manna</code>,1,0.0037879
32,men,<code>men</code>,1,0.0037879
32,middangeard,<code>middangeard</code>,1,0.0037879
32,miltse,<code>miltse</code>,1,0.0037879
32,mislic,<code>mislic</code>,1,0.0037879
32,mode,<code>mode</code>,1,0.0037879
32,moton,<code>moton</code>,1,0.0037879
32,mu&eth;e,<code>mu&amp;d;e</code>,1,0.0037879
32,n&aelig;nig,<code>n&amp;ae;nig</code>,1,0.0037879
32,nearwe,<code>nearwe</code>,1,0.0037879
32,nehstan,<code>nehstan</code>,1,0.0037879
32,ni&eth;,<code>ni&amp;d;</code>,1,0.0037879
32,nihtes,<code>nihtes</code>,1,0.0037879
32,nim&thorn;e,<code>nim&amp;t;e</code>,1,0.0037879
32,r&aelig;des,<code>r&amp;ae;des</code>,1,0.0037879
32,s&aelig;l,<code>s&amp;ae;l</code>,1,0.0037879
32,sawe&eth;,<code>sawe&amp;d;</code>,1,0.0037879
32,sawle,<code>sawle</code>,1,0.0037879
32,searocr&aelig;ftig,<code>searocr&amp;ae;ftig</code>,1,0.0037879
32,siofa,<code>siofa</code>,1,0.0037879
32,siofan,<code>siofan</code>,1,0.0037879
32,sme&eth;e,<code>sme&amp;d;e</code>,1,0.0037879
32,sme&eth;ne,<code>sme&amp;d;ne</code>,1,0.0037879
32,snottor,<code>snottor</code>,1,0.0037879
32,so&eth;lice,<code>so&amp;d;lice</code>,1,0.0037879
32,sorh,<code>sorh</code>,1,0.0037879
32,spr&aelig;ce,<code>spr&amp;ae;ce</code>,1,0.0037879
32,sprece&eth;,<code>sprece&amp;d;</code>,1,0.0037879
32,stinge,<code>stinge</code>,1,0.0037879
32,sybbe,<code>sybbe</code>,1,0.0037879
32,sybcwide,<code>sybcwide</code>,1,0.0037879
32,syle,<code>syle</code>,1,0.0037879
32,synfullum,<code>synfullum</code>,1,0.0037879
32,synnum,<code>synnum</code>,1,0.0037879
32,t&aelig;gel,<code>t&amp;ae;gel</code>,1,0.0037879
32,t&aelig;le&eth;,<code>t&amp;ae;le&amp;d;</code>,1,0.0037879
32,teonwordum,<code>teonwordum</code>,1,0.0037879
32,treowa,<code>treowa</code>,1,0.0037879
32,tungan,<code>tungan</code>,1,0.0037879
32,uncl&aelig;ne,<code>uncl&amp;ae;ne</code>,1,0.0037879
32,uppe,<code>uppe</code>,1,0.0037879
32,utan,<code>utan</code>,1,0.0037879
32,uton,<code>uton</code>,1,0.0037879
32,w&aelig;re,<code>w&amp;ae;re</code>,1,0.0037879
32,waca&eth;,<code>waca&amp;d;</code>,1,0.0037879
32,wana&eth;,<code>wana&amp;d;</code>,1,0.0037879
32,wea,<code>wea</code>,1,0.0037879
32,weaxe&eth;,<code>weaxe&amp;d;</code>,1,0.0037879
32,welerum,<code>welerum</code>,1,0.0037879
32,wile,<code>wile</code>,1,0.0037879
32,wis,<code>wis</code>,1,0.0037879
32,wist,<code>wist</code>,1,0.0037879
32,wita,<code>wita</code>,1,0.0037879
32,witiga,<code>witiga</code>,1,0.0037879
32,wommes,<code>wommes</code>,1,0.0037879
32,word,<code>word</code>,1,0.0037879
32,wordum,<code>wordum</code>,1,0.0037879
32,woruld,<code>woruld</code>,1,0.0037879
32,wunde,<code>wunde</code>,1,0.0037879
32,wundia&thorn;,<code>wundia&amp;t;</code>,1,0.0037879
