A_Poetry,A03,A03.022.058_Rid_58_T00890.txt,70,65,82
RANK,HTML WORD,RAW WORD,COUNT,RELATIVE FREQUENCY
1,ne,<code>ne</code>,8,0.0975610
2,fere&eth;,<code>fere&amp;d;</code>,3,0.0365854
3,on,<code>on</code>,2,0.0243902
3,swa,<code>swa</code>,2,0.0243902
3,wiht,<code>wiht</code>,2,0.0243902
6,&thorn;ara,<code>&amp;t;ara</code>,1,0.0121951
6,&thorn;eah,<code>&amp;t;eah</code>,1,0.0121951
6,&thorn;eana,<code>&amp;t;eana</code>,1,0.0121951
6,&thorn;eodne,<code>&amp;t;eodne</code>,1,0.0121951
6,&thorn;ry,<code>&amp;t;ry</code>,1,0.0121951
6,&thorn;urh,<code>&amp;t;urh</code>,1,0.0121951
6,anfete,<code>anfete</code>,1,0.0121951
6,bi&eth;,<code>bi&amp;d;</code>,1,0.0121951
6,d&aelig;g,<code>d&amp;ae;g</code>,1,0.0121951
6,d&aelig;l,<code>d&amp;ae;l</code>,1,0.0121951
6,dreogan,<code>dreogan</code>,1,0.0121951
6,ellen,<code>ellen</code>,1,0.0121951
6,eor&eth;gr&aelig;f,<code>eor&amp;d;gr&amp;ae;f</code>,1,0.0121951
6,fela,<code>fela</code>,1,0.0121951
6,fleogan,<code>fleogan</code>,1,0.0121951
6,fo&thorn;res,<code>fo&amp;t;res</code>,1,0.0121951
6,foran,<code>foran</code>,1,0.0121951
6,gielpe&eth;,<code>gielpe&amp;d;</code>,1,0.0121951
6,gifum,<code>gifum</code>,1,0.0121951
6,gitsa&eth;,<code>gitsa&amp;d;</code>,1,0.0121951
6,hafa&eth;,<code>hafa&amp;d;</code>,1,0.0121951
6,heafod,<code>heafod</code>,1,0.0121951
6,hefigne,<code>hefigne</code>,1,0.0121951
6,hie,<code>hie</code>,1,0.0121951
6,hlafordes,<code>hlafordes</code>,1,0.0121951
6,hw&aelig;&thorn;re,<code>hw&amp;ae;&amp;t;re</code>,1,0.0121951
6,hyre,<code>hyre</code>,1,0.0121951
6,hyre&eth;,<code>hyre&amp;d;</code>,1,0.0121951
6,ic,<code>ic</code>,1,0.0121951
6,in,<code>in</code>,1,0.0121951
6,is,<code>is</code>,1,0.0121951
6,isernes,<code>isernes</code>,1,0.0121951
6,ite&thorn;,<code>ite&amp;t;</code>,1,0.0121951
6,lagoflod,<code>lagoflod</code>,1,0.0121951
6,lange,<code>lange</code>,1,0.0121951
6,life,<code>life</code>,1,0.0121951
6,lyfte,<code>lyfte</code>,1,0.0121951
6,lytel,<code>lytel</code>,1,0.0121951
6,m&aelig;g,<code>m&amp;ae;g</code>,1,0.0121951
6,mondryhtne,<code>mondryhtne</code>,1,0.0121951
6,monegum,<code>monegum</code>,1,0.0121951
6,n&aelig;gledbord,<code>n&amp;ae;gledbord</code>,1,0.0121951
6,n&aelig;nigne,<code>n&amp;ae;nigne</code>,1,0.0121951
6,naca,<code>naca</code>,1,0.0121951
6,naman,<code>naman</code>,1,0.0121951
6,nyt,<code>nyt</code>,1,0.0121951
6,oft,<code>oft</code>,1,0.0121951
6,p&aelig;&thorn;e&eth;,<code>p&amp;ae;&amp;t;e&amp;d;</code>,1,0.0121951
6,rad,<code>rad</code>,1,0.0121951
6,ride&eth;,<code>ride&amp;d;</code>,1,0.0121951
6,runstafas,<code>runstafas</code>,1,0.0121951
6,ryhte,<code>ryhte</code>,1,0.0121951
6,scip,<code>scip</code>,1,0.0121951
6,scirne,<code>scirne</code>,1,0.0121951
6,sind,<code>sind</code>,1,0.0121951
6,sinum,<code>sinum</code>,1,0.0121951
6,steort,<code>steort</code>,1,0.0121951
6,swelge&thorn;,<code>swelge&amp;t;</code>,1,0.0121951
6,tidum,<code>tidum</code>,1,0.0121951
6,to&eth;,<code>to&amp;d;</code>,1,0.0121951
6,tungan,<code>tungan</code>,1,0.0121951
6,w&aelig;tan,<code>w&amp;ae;tan</code>,1,0.0121951
6,wat,<code>wat</code>,1,0.0121951
6,wide,<code>wide</code>,1,0.0121951
6,wonge,<code>wonge</code>,1,0.0121951
