A_Poetry,A03,A03.022.036_Rid_36_T00670.txt,74,67,86
RANK,HTML WORD,RAW WORD,COUNT,RELATIVE FREQUENCY
1,ond,<code>ond</code>,6,0.0697674
2,w&aelig;s,<code>w&amp;ae;s</code>,3,0.0348837
3,&thorn;&aelig;t,<code>&amp;t;&amp;ae;t</code>,2,0.0232558
3,&thorn;u,<code>&amp;t;u</code>,2,0.0232558
3,h&aelig;fde,<code>h&amp;ae;fde</code>,2,0.0232558
3,m,<code>m</code>,2,0.0232558
3,on,<code>on</code>,2,0.0232558
8,&aelig;ghwylces,<code>&amp;ae;ghwylces</code>,1,0.0116279
8,&thorn;&aelig;r,<code>&amp;t;&amp;ae;r</code>,1,0.0116279
8,&thorn;&aelig;re,<code>&amp;t;&amp;ae;re</code>,1,0.0116279
8,ac,<code>ac</code>,1,0.0116279
8,ana,<code>ana</code>,1,0.0116279
8,anra,<code>anra</code>,1,0.0116279
8,const,<code>const</code>,1,0.0116279
8,eac,<code>eac</code>,1,0.0116279
8,eagan,<code>eagan</code>,1,0.0116279
8,ehtuwe,<code>ehtuwe</code>,1,0.0116279
8,feowere,<code>feowere</code>,1,0.0116279
8,feran,<code>feran</code>,1,0.0116279
8,fet,<code>fet</code>,1,0.0116279
8,fi&thorn;ru,<code>fi&amp;t;ru</code>,1,0.0116279
8,flodwegas,<code>flodwegas</code>,1,0.0116279
8,for,<code>for</code>,1,0.0116279
8,fugles,<code>fugles</code>,1,0.0116279
8,fugul,<code>fugul</code>,1,0.0116279
8,gegierwed,<code>gegierwed</code>,1,0.0116279
8,gelicnes,<code>gelicnes</code>,1,0.0116279
8,geseah,<code>geseah</code>,1,0.0116279
8,gesecganne,<code>gesecganne</code>,1,0.0116279
8,gif,<code>gif</code>,1,0.0116279
8,gonge,<code>gonge</code>,1,0.0116279
8,h,<code>h</code>,1,0.0116279
8,heafdu,<code>heafdu</code>,1,0.0116279
8,hio,<code>hio</code>,1,0.0116279
8,hors,<code>hors</code>,1,0.0116279
8,horses,<code>horses</code>,1,0.0116279
8,hrycge,<code>hrycge</code>,1,0.0116279
8,hu,<code>hu</code>,1,0.0116279
8,hundes,<code>hundes</code>,1,0.0116279
8,hw&aelig;t,<code>hw&amp;ae;t</code>,1,0.0116279
8,ic,<code>ic</code>,1,0.0116279
8,kf,<code>kf</code>,1,0.0116279
8,l,<code>l</code>,1,0.0116279
8,monn,<code>monn</code>,1,0.0116279
8,monnes,<code>monnes</code>,1,0.0116279
8,na,<code>na</code>,1,0.0116279
8,ne,<code>ne</code>,1,0.0116279
8,qxxs,<code>qxxs</code>,1,0.0116279
8,saga,<code>saga</code>,1,0.0116279
8,seo,<code>seo</code>,1,0.0116279
8,siex,<code>siex</code>,1,0.0116279
8,so&eth;,<code>so&amp;d;</code>,1,0.0116279
8,to,<code>to</code>,1,0.0116279
8,tu,<code>tu</code>,1,0.0116279
8,twelf,<code>twelf</code>,1,0.0116279
8,ufon,<code>ufon</code>,1,0.0116279
8,under,<code>under</code>,1,0.0116279
8,w,<code>w</code>,1,0.0116279
8,w&aelig;re,<code>w&amp;ae;re</code>,1,0.0116279
8,wast,<code>wast</code>,1,0.0116279
8,we,<code>we</code>,1,0.0116279
8,wege,<code>wege</code>,1,0.0116279
8,wf,<code>wf</code>,1,0.0116279
8,wifes,<code>wifes</code>,1,0.0116279
8,wiht,<code>wiht</code>,1,0.0116279
8,wihte,<code>wihte</code>,1,0.0116279
8,wiif,<code>wiif</code>,1,0.0116279
8,wise,<code>wise</code>,1,0.0116279
8,witan,<code>witan</code>,1,0.0116279
8,wlite,<code>wlite</code>,1,0.0116279
8,wombe,<code>wombe</code>,1,0.0116279
8,wr&aelig;tlice,<code>wr&amp;ae;tlice</code>,1,0.0116279
8,wundrum,<code>wundrum</code>,1,0.0116279
8,x,<code>x</code>,1,0.0116279
