A_Poetry,A03,A03.022.057_Rid_57_T00880.txt,28,28,28
RANK,HTML WORD,RAW WORD,COUNT,RELATIVE FREQUENCY
1,&eth;eos,<code>&amp;d;eos</code>,1,0.0357143
1,&thorn;a,<code>&amp;t;a</code>,1,0.0357143
1,bearna,<code>bearna</code>,1,0.0357143
1,bearon&aelig;ssas,<code>bearon&amp;ae;ssas</code>,1,0.0357143
1,beorghleo&thorn;a,<code>beorghleo&amp;t;a</code>,1,0.0357143
1,blace,<code>blace</code>,1,0.0357143
1,burgsalo,<code>burgsalo</code>,1,0.0357143
1,byre&eth;,<code>byre&amp;d;</code>,1,0.0357143
1,cirma&eth;,<code>cirma&amp;d;</code>,1,0.0357143
1,fera&eth;,<code>fera&amp;d;</code>,1,0.0357143
1,heapum,<code>heapum</code>,1,0.0357143
1,hlude,<code>hlude</code>,1,0.0357143
1,hwilum,<code>hwilum</code>,1,0.0357143
1,hy,<code>hy</code>,1,0.0357143
1,lyft,<code>lyft</code>,1,0.0357143
1,lytle,<code>lytle</code>,1,0.0357143
1,nemna&eth;,<code>nemna&amp;d;</code>,1,0.0357143
1,ni&thorn;&thorn;a,<code>ni&amp;t;&amp;t;a</code>,1,0.0357143
1,ofer,<code>ofer</code>,1,0.0357143
1,rope,<code>rope</code>,1,0.0357143
1,salopade,<code>salopade</code>,1,0.0357143
1,sanges,<code>sanges</code>,1,0.0357143
1,sind,<code>sind</code>,1,0.0357143
1,swearte,<code>swearte</code>,1,0.0357143
1,swi&thorn;e,<code>swi&amp;t;e</code>,1,0.0357143
1,sylfe,<code>sylfe</code>,1,0.0357143
1,treda&eth;,<code>treda&amp;d;</code>,1,0.0357143
1,wihte,<code>wihte</code>,1,0.0357143
