A_Poetry,A03,A03.018_Part_T00280.txt,72,61,87
RANK,HTML WORD,RAW WORD,COUNT,RELATIVE FREQUENCY
1,swa,<code>swa</code>,4,0.0459770
2,ge,<code>ge</code>,3,0.0344828
2,to,<code>to</code>,3,0.0344828
4,&thorn;&aelig;t,<code>&amp;t;&amp;ae;t</code>,2,0.0229885
4,ic,<code>ic</code>,2,0.0229885
4,in,<code>in</code>,2,0.0229885
4,me,<code>me</code>,2,0.0229885
4,mid,<code>mid</code>,2,0.0229885
4,on,<code>on</code>,2,0.0229885
4,ond,<code>ond</code>,2,0.0229885
4,wuldres,<code>wuldres</code>,2,0.0229885
12,&aelig;&thorn;elne,<code>&amp;ae;&amp;t;elne</code>,1,0.0114943
12,&thorn;e,<code>&amp;t;e</code>,1,0.0114943
12,&thorn;enden,<code>&amp;t;enden</code>,1,0.0114943
12,&thorn;urh,<code>&amp;t;urh</code>,1,0.0114943
12,&thorn;y,<code>&amp;t;y</code>,1,0.0114943
12,bearna,<code>bearna</code>,1,0.0114943
12,beo&eth;,<code>beo&amp;d;</code>,1,0.0114943
12,beorhte,<code>beorhte</code>,1,0.0114943
12,bi,<code>bi</code>,1,0.0114943
12,cyst,<code>cyst</code>,1,0.0114943
12,d&aelig;g,<code>d&amp;ae;g</code>,1,0.0114943
12,dryhtne,<code>dryhtne</code>,1,0.0114943
12,dugu&eth;e,<code>dugu&amp;d;e</code>,1,0.0114943
12,ealdor,<code>ealdor</code>,1,0.0114943
12,eardwica,<code>eardwica</code>,1,0.0114943
12,earnian,<code>earnian</code>,1,0.0114943
12,eow,<code>eow</code>,1,0.0114943
12,f&aelig;ger,<code>f&amp;ae;ger</code>,1,0.0114943
12,feogan,<code>feogan</code>,1,0.0114943
12,finit,<code>finit</code>,1,0.0114943
12,firene,<code>firene</code>,1,0.0114943
12,fri&thorn;es,<code>fri&amp;t;es</code>,1,0.0114943
12,fugle,<code>fugle</code>,1,0.0114943
12,gebro&thorn;or,<code>gebro&amp;t;or</code>,1,0.0114943
12,gecw&aelig;&eth;,<code>gecw&amp;ae;&amp;d;</code>,1,0.0114943
12,gecyrre,<code>gecyrre</code>,1,0.0114943
12,gen,<code>gen</code>,1,0.0114943
12,geornor,<code>geornor</code>,1,0.0114943
12,geswica&eth;,<code>geswica&amp;d;</code>,1,0.0114943
12,gode,<code>gode</code>,1,0.0114943
12,hellfirena,<code>hellfirena</code>,1,0.0114943
12,hweorfa&eth;,<code>hweorfa&amp;d;</code>,1,0.0114943
12,hwylce,<code>hwylce</code>,1,0.0114943
12,hyge,<code>hyge</code>,1,0.0114943
12,hyrde,<code>hyrde</code>,1,0.0114943
12,milde,<code>milde</code>,1,0.0114943
12,mod,<code>mod</code>,1,0.0114943
12,motan,<code>motan</code>,1,0.0114943
12,oliccan,<code>oliccan</code>,1,0.0114943
12,rimde,<code>rimde</code>,1,0.0114943
12,scine,<code>scine</code>,1,0.0114943
12,secgan,<code>secgan</code>,1,0.0114943
12,si&thorn;&thorn;an,<code>si&amp;t;&amp;t;an</code>,1,0.0114943
12,siblufan,<code>siblufan</code>,1,0.0114943
12,sona,<code>sona</code>,1,0.0114943
12,st&aelig;l,<code>st&amp;ae;l</code>,1,0.0114943
12,sumum,<code>sumum</code>,1,0.0114943
12,sweartra,<code>sweartra</code>,1,0.0114943
12,symle,<code>symle</code>,1,0.0114943
12,talade,<code>talade</code>,1,0.0114943
12,tiid,<code>tiid</code>,1,0.0114943
12,tireadge,<code>tireadge</code>,1,0.0114943
12,torhte,<code>torhte</code>,1,0.0114943
12,treowe,<code>treowe</code>,1,0.0114943
12,us,<code>us</code>,1,0.0114943
12,uton,<code>uton</code>,1,0.0114943
12,we,<code>we</code>,1,0.0114943
12,wlite,<code>wlite</code>,1,0.0114943
12,word,<code>word</code>,1,0.0114943
12,wundorlicne,<code>wundorlicne</code>,1,0.0114943
12,wunian,<code>wunian</code>,1,0.0114943
