A_Poetry,A03,A03.022.051_Rid_51_T00820.txt,36,34,38
RANK,HTML WORD,RAW WORD,COUNT,RELATIVE FREQUENCY
1,feower,<code>feower</code>,2,0.0526316
1,on,<code>on</code>,2,0.0526316
3,blacu,<code>blacu</code>,1,0.0263158
3,deaf,<code>deaf</code>,1,0.0263158
3,dreag,<code>dreag</code>,1,0.0263158
3,eallum,<code>eallum</code>,1,0.0263158
3,f&aelig;ted,<code>f&amp;ae;ted</code>,1,0.0263158
3,fleag,<code>fleag</code>,1,0.0263158
3,fore,<code>fore</code>,1,0.0263158
3,framra,<code>framra</code>,1,0.0263158
3,fuglum,<code>fuglum</code>,1,0.0263158
3,gold,<code>gold</code>,1,0.0263158
3,him,<code>him</code>,1,0.0263158
3,ic,<code>ic</code>,1,0.0263158
3,lastas,<code>lastas</code>,1,0.0263158
3,lyfte,<code>lyfte</code>,1,0.0263158
3,ofer,<code>ofer</code>,1,0.0263158
3,samed,<code>samed</code>,1,0.0263158
3,se,<code>se</code>,1,0.0263158
3,seah,<code>seah</code>,1,0.0263158
3,si&thorn;ian,<code>si&amp;t;ian</code>,1,0.0263158
3,swa&thorn;u,<code>swa&amp;t;u</code>,1,0.0263158
3,swearte,<code>swearte</code>,1,0.0263158
3,swi&thorn;e,<code>swi&amp;t;e</code>,1,0.0263158
3,swift,<code>swift</code>,1,0.0263158
3,t&aelig;cne&thorn;,<code>t&amp;ae;cne&amp;t;</code>,1,0.0263158
3,under,<code>under</code>,1,0.0263158
3,unstille,<code>unstille</code>,1,0.0263158
3,w&aelig;gas,<code>w&amp;ae;gas</code>,1,0.0263158
3,w&aelig;ran,<code>w&amp;ae;ran</code>,1,0.0263158
3,w&aelig;s,<code>w&amp;ae;s</code>,1,0.0263158
3,wiga,<code>wiga</code>,1,0.0263158
3,winnende,<code>winnende</code>,1,0.0263158
3,wr&aelig;tlice,<code>wr&amp;ae;tlice</code>,1,0.0263158
3,wuhte,<code>wuhte</code>,1,0.0263158
3,y&thorn;e,<code>y&amp;t;e</code>,1,0.0263158
