A_Poetry,A03,A03.023_Wife_T00910.txt,234,190,319
RANK,HTML WORD,RAW WORD,COUNT,RELATIVE FREQUENCY
1,ic,<code>ic</code>,15,0.0470219
2,&thorn;&aelig;t,<code>&amp;t;&amp;ae;t</code>,7,0.0219436
3,min,<code>min</code>,6,0.0188088
3,on,<code>on</code>,6,0.0188088
5,ful,<code>ful</code>,5,0.0156740
5,mec,<code>mec</code>,5,0.0156740
7,is,<code>is</code>,4,0.0125392
8,m&aelig;g,<code>m&amp;ae;g</code>,3,0.0094044
8,me,<code>me</code>,3,0.0094044
8,minre,<code>minre</code>,3,0.0094044
8,ne,<code>ne</code>,3,0.0094044
8,oft,<code>oft</code>,3,0.0094044
8,sceal,<code>sceal</code>,3,0.0094044
8,under,<code>under</code>,3,0.0094044
15,&eth;a,<code>&amp;d;a</code>,2,0.0062696
15,&thorn;&aelig;r,<code>&amp;t;&amp;ae;r</code>,2,0.0062696
15,&thorn;&aelig;s,<code>&amp;t;&amp;ae;s</code>,2,0.0062696
15,&thorn;am,<code>&amp;t;am</code>,2,0.0062696
15,&thorn;e,<code>&amp;t;e</code>,2,0.0062696
15,&thorn;issum,<code>&amp;t;issum</code>,2,0.0062696
15,&thorn;onne,<code>&amp;t;onne</code>,2,0.0062696
15,a,<code>a</code>,2,0.0062696
15,actreo,<code>actreo</code>,2,0.0062696
15,ana,<code>ana</code>,2,0.0062696
15,begeat,<code>begeat</code>,2,0.0062696
15,bli&thorn;e,<code>bli&amp;t;e</code>,2,0.0062696
15,eal,<code>eal</code>,2,0.0062696
15,for&thorn;on,<code>for&amp;t;on</code>,2,0.0062696
15,ge&thorn;oht,<code>ge&amp;t;oht</code>,2,0.0062696
15,geb&aelig;ro,<code>geb&amp;ae;ro</code>,2,0.0062696
15,gewat,<code>gewat</code>,2,0.0062696
15,hlaford,<code>hlaford</code>,2,0.0062696
15,in,<code>in</code>,2,0.0062696
15,modceare,<code>modceare</code>,2,0.0062696
15,mon,<code>mon</code>,2,0.0062696
15,no,<code>no</code>,2,0.0062696
15,nu,<code>nu</code>,2,0.0062696
15,of,<code>of</code>,2,0.0062696
15,sy,<code>sy</code>,2,0.0062696
15,unc,<code>unc</code>,2,0.0062696
15,w&aelig;re,<code>w&amp;ae;re</code>,2,0.0062696
15,wic,<code>wic</code>,2,0.0062696
15,wine,<code>wine</code>,2,0.0062696
15,wit,<code>wit</code>,2,0.0062696
45,&aelig;fre,<code>&amp;ae;fre</code>,1,0.0031348
45,&aelig;rest,<code>&amp;ae;rest</code>,1,0.0031348
45,&aelig;t,<code>&amp;ae;t</code>,1,0.0031348
45,&thorn;&aelig;re,<code>&amp;t;&amp;ae;re</code>,1,0.0031348
45,&thorn;as,<code>&amp;t;as</code>,1,0.0031348
45,&thorn;es,<code>&amp;t;es</code>,1,0.0031348
45,&thorn;is,<code>&amp;t;is</code>,1,0.0031348
45,&thorn;on,<code>&amp;t;on</code>,1,0.0031348
45,&thorn;urh,<code>&amp;t;urh</code>,1,0.0031348
45,abidan,<code>abidan</code>,1,0.0031348
45,ahte,<code>ahte</code>,1,0.0031348
45,bearwe,<code>bearwe</code>,1,0.0031348
45,beflowen,<code>beflowen</code>,1,0.0031348
45,behrimed,<code>behrimed</code>,1,0.0031348
45,beotedan,<code>beotedan</code>,1,0.0031348
45,beweaxne,<code>beweaxne</code>,1,0.0031348
45,bi,<code>bi</code>,1,0.0031348
45,bi&eth;,<code>bi&amp;d;</code>,1,0.0031348
45,bitre,<code>bitre</code>,1,0.0031348
45,breostceare,<code>breostceare</code>,1,0.0031348
45,brerum,<code>brerum</code>,1,0.0031348
45,burgtunas,<code>burgtunas</code>,1,0.0031348
45,d&aelig;g,<code>d&amp;ae;g</code>,1,0.0031348
45,dea&eth;,<code>dea&amp;d;</code>,1,0.0031348
45,dena,<code>dena</code>,1,0.0031348
45,dimme,<code>dimme</code>,1,0.0031348
45,dreogan,<code>dreogan</code>,1,0.0031348
45,dreoge&eth;,<code>dreoge&amp;d;</code>,1,0.0031348
45,dreorsele,<code>dreorsele</code>,1,0.0031348
45,duna,<code>duna</code>,1,0.0031348
45,dyrne,<code>dyrne</code>,1,0.0031348
45,eac,<code>eac</code>,1,0.0031348
45,eald,<code>eald</code>,1,0.0031348
45,ealdes,<code>ealdes</code>,1,0.0031348
45,ealles,<code>ealles</code>,1,0.0031348
45,earfo&thorn;a,<code>earfo&amp;t;a</code>,1,0.0031348
45,eft,<code>eft</code>,1,0.0031348
45,elles,<code>elles</code>,1,0.0031348
45,eom,<code>eom</code>,1,0.0031348
45,eor&eth;scr&aelig;fe,<code>eor&amp;d;scr&amp;ae;fe</code>,1,0.0031348
45,eor&eth;scrafu,<code>eor&amp;d;scrafu</code>,1,0.0031348
45,eor&eth;sele,<code>eor&amp;d;sele</code>,1,0.0031348
45,eor&thorn;an,<code>eor&amp;t;an</code>,1,0.0031348
45,f&aelig;h&eth;u,<code>f&amp;ae;h&amp;d;u</code>,1,0.0031348
45,fah,<code>fah</code>,1,0.0031348
45,fela,<code>fela</code>,1,0.0031348
45,felaleofan,<code>felaleofan</code>,1,0.0031348
45,feor,<code>feor</code>,1,0.0031348
45,feorres,<code>feorres</code>,1,0.0031348
45,feran,<code>feran</code>,1,0.0031348
45,folclondes,<code>folclondes</code>,1,0.0031348
45,folga&eth;,<code>folga&amp;d;</code>,1,0.0031348
45,for,<code>for</code>,1,0.0031348
45,frean,<code>frean</code>,1,0.0031348
45,freond,<code>freond</code>,1,0.0031348
45,freonda,<code>freonda</code>,1,0.0031348
45,freondscipe,<code>freondscipe</code>,1,0.0031348
45,fromsi&thorn;,<code>fromsi&amp;t;</code>,1,0.0031348
45,frynd,<code>frynd</code>,1,0.0031348
45,funde,<code>funde</code>,1,0.0031348
45,ge,<code>ge</code>,1,0.0031348
45,gebad,<code>gebad</code>,1,0.0031348
45,ged&aelig;lde,<code>ged&amp;ae;lde</code>,1,0.0031348
45,gedreag,<code>gedreag</code>,1,0.0031348
45,gelac,<code>gelac</code>,1,0.0031348
45,gelong,<code>gelong</code>,1,0.0031348
45,gem&aelig;cne,<code>gem&amp;ae;cne</code>,1,0.0031348
45,gemon,<code>gemon</code>,1,0.0031348
45,geomor,<code>geomor</code>,1,0.0031348
45,geomormod,<code>geomormod</code>,1,0.0031348
45,geomorre,<code>geomorre</code>,1,0.0031348
45,geond,<code>geond</code>,1,0.0031348
45,geong,<code>geong</code>,1,0.0031348
45,gerestan,<code>gerestan</code>,1,0.0031348
45,gewidost,<code>gewidost</code>,1,0.0031348
45,giedd,<code>giedd</code>,1,0.0031348
45,gonge,<code>gonge</code>,1,0.0031348
45,h&aelig;fde,<code>h&amp;ae;fde</code>,1,0.0031348
45,habban,<code>habban</code>,1,0.0031348
45,he,<code>he</code>,1,0.0031348
45,heard,<code>heard</code>,1,0.0031348
45,heards&aelig;ligne,<code>heards&amp;ae;ligne</code>,1,0.0031348
45,heht,<code>heht</code>,1,0.0031348
45,heonan,<code>heonan</code>,1,0.0031348
45,heortan,<code>heortan</code>,1,0.0031348
45,her,<code>her</code>,1,0.0031348
45,herheard,<code>herheard</code>,1,0.0031348
45,het,<code>het</code>,1,0.0031348
45,him,<code>him</code>,1,0.0031348
45,his,<code>his</code>,1,0.0031348
45,hit,<code>hit</code>,1,0.0031348
45,holdra,<code>holdra</code>,1,0.0031348
45,hw&aelig;r,<code>hw&amp;ae;r</code>,1,0.0031348
45,hw&aelig;t,<code>hw&amp;ae;t</code>,1,0.0031348
45,hy,<code>hy</code>,1,0.0031348
45,hycgan,<code>hycgan</code>,1,0.0031348
45,hycgendne,<code>hycgendne</code>,1,0.0031348
45,hyge,<code>hyge</code>,1,0.0031348
45,hygegeomorne,<code>hygegeomorne</code>,1,0.0031348
45,la&eth;licost,<code>la&amp;d;licost</code>,1,0.0031348
45,lango&thorn;e,<code>lango&amp;t;e</code>,1,0.0031348
45,leas,<code>leas</code>,1,0.0031348
45,leger,<code>leger</code>,1,0.0031348
45,leodfruma,<code>leodfruma</code>,1,0.0031348
45,leodum,<code>leodum</code>,1,0.0031348
45,leofe,<code>leofe</code>,1,0.0031348
45,leofes,<code>leofes</code>,1,0.0031348
45,leofra,<code>leofra</code>,1,0.0031348
45,lifdon,<code>lifdon</code>,1,0.0031348
45,life,<code>life</code>,1,0.0031348
45,lifgende,<code>lifgende</code>,1,0.0031348
45,londes,<code>londes</code>,1,0.0031348
45,londstede,<code>londstede</code>,1,0.0031348
45,longa&thorn;es,<code>longa&amp;t;es</code>,1,0.0031348
45,longade,<code>longade</code>,1,0.0031348
45,lyt,<code>lyt</code>,1,0.0031348
45,ma,<code>ma</code>,1,0.0031348
45,magas,<code>magas</code>,1,0.0031348
45,mi&thorn;endne,<code>mi&amp;t;endne</code>,1,0.0031348
45,micle,<code>micle</code>,1,0.0031348
45,mine,<code>mine</code>,1,0.0031348
45,mines,<code>mines</code>,1,0.0031348
45,minra,<code>minra</code>,1,0.0031348
45,mod,<code>mod</code>,1,0.0031348
45,monnan,<code>monnan</code>,1,0.0031348
45,monnes,<code>monnes</code>,1,0.0031348
45,mor&thorn;or,<code>mor&amp;t;or</code>,1,0.0031348
45,mot,<code>mot</code>,1,0.0031348
45,neah,<code>neah</code>,1,0.0031348
45,nemne,<code>nemne</code>,1,0.0031348
45,niman,<code>niman</code>,1,0.0031348
45,niwes,<code>niwes</code>,1,0.0031348
45,o&thorn;&thorn;e,<code>o&amp;t;&amp;t;e</code>,1,0.0031348
45,ofer,<code>ofer</code>,1,0.0031348
45,oflongad,<code>oflongad</code>,1,0.0031348
45,ond,<code>ond</code>,1,0.0031348
45,ongunnon,<code>ongunnon</code>,1,0.0031348
45,onhworfen,<code>onhworfen</code>,1,0.0031348
45,owiht,<code>owiht</code>,1,0.0031348
45,scyle,<code>scyle</code>,1,0.0031348
45,se,<code>se</code>,1,0.0031348
45,secan,<code>secan</code>,1,0.0031348
45,secgan,<code>secgan</code>,1,0.0031348
45,si&eth;,<code>si&amp;d;</code>,1,0.0031348
45,si&thorn;&thorn;an,<code>si&amp;t;&amp;t;an</code>,1,0.0031348
45,sind,<code>sind</code>,1,0.0031348
45,sindon,<code>sindon</code>,1,0.0031348
45,sinsorgna,<code>sinsorgna</code>,1,0.0031348
45,site&eth;,<code>site&amp;d;</code>,1,0.0031348
45,sittan,<code>sittan</code>,1,0.0031348
45,stanhli&thorn;e,<code>stanhli&amp;t;e</code>,1,0.0031348
45,storme,<code>storme</code>,1,0.0031348
45,sumorlangne,<code>sumorlangne</code>,1,0.0031348
45,swa,<code>swa</code>,1,0.0031348
45,swylce,<code>swylce</code>,1,0.0031348
45,sylfre,<code>sylfre</code>,1,0.0031348
45,sylfum,<code>sylfum</code>,1,0.0031348
45,to,<code>to</code>,1,0.0031348
45,tod&aelig;lden,<code>tod&amp;ae;lden</code>,1,0.0031348
45,uhtan,<code>uhtan</code>,1,0.0031348
45,uhtceare,<code>uhtceare</code>,1,0.0031348
45,uncer,<code>uncer</code>,1,0.0031348
45,up,<code>up</code>,1,0.0031348
45,uphea,<code>uphea</code>,1,0.0031348
45,w&aelig;tre,<code>w&amp;ae;tre</code>,1,0.0031348
45,wa,<code>wa</code>,1,0.0031348
45,wea&thorn;earfe,<code>wea&amp;t;earfe</code>,1,0.0031348
45,weardia&eth;,<code>weardia&amp;d;</code>,1,0.0031348
45,weox,<code>weox</code>,1,0.0031348
45,wepan,<code>wepan</code>,1,0.0031348
45,werigmod,<code>werigmod</code>,1,0.0031348
45,wesan,<code>wesan</code>,1,0.0031348
45,wide,<code>wide</code>,1,0.0031348
45,wineleas,<code>wineleas</code>,1,0.0031348
45,wite,<code>wite</code>,1,0.0031348
45,wonn,<code>wonn</code>,1,0.0031348
45,worulde,<code>worulde</code>,1,0.0031348
45,woruldrice,<code>woruldrice</code>,1,0.0031348
45,wr&aelig;cca,<code>wr&amp;ae;cca</code>,1,0.0031348
45,wr&aelig;csi&thorn;a,<code>wr&amp;ae;csi&amp;t;a</code>,1,0.0031348
45,wr&aelig;csi&thorn;as,<code>wr&amp;ae;csi&amp;t;as</code>,1,0.0031348
45,wra&thorn;e,<code>wra&amp;t;e</code>,1,0.0031348
45,wrece,<code>wrece</code>,1,0.0031348
45,wuda,<code>wuda</code>,1,0.0031348
45,wunian,<code>wunian</code>,1,0.0031348
45,wyn,<code>wyn</code>,1,0.0031348
45,wynlicran,<code>wynlicran</code>,1,0.0031348
45,wynna,<code>wynna</code>,1,0.0031348
45,y&thorn;a,<code>y&amp;t;a</code>,1,0.0031348
45,yrm&thorn;a,<code>yrm&amp;t;a</code>,1,0.0031348
