A_Poetry,A03,A03.034.023_Rid_83_T01250.txt,67,62,76
RANK,HTML WORD,RAW WORD,COUNT,RELATIVE FREQUENCY
1,ic,<code>ic</code>,6,0.0789474
2,ac,<code>ac</code>,2,0.0263158
2,fromcynn,<code>fromcynn</code>,2,0.0263158
2,me,<code>me</code>,2,0.0263158
2,min,<code>min</code>,2,0.0263158
6,&aelig;rest,<code>&amp;ae;rest</code>,1,0.0131579
6,agette,<code>agette</code>,1,0.0131579
6,ar&aelig;re,<code>ar&amp;ae;re</code>,1,0.0131579
6,b&aelig;les,<code>b&amp;ae;les</code>,1,0.0131579
6,bewunden,<code>bewunden</code>,1,0.0131579
6,biden,<code>biden</code>,1,0.0131579
6,bro&thorn;or,<code>bro&amp;t;or</code>,1,0.0131579
6,burgum,<code>burgum</code>,1,0.0131579
6,cr&aelig;ftes,<code>cr&amp;ae;ftes</code>,1,0.0131579
6,degolfulne,<code>degolfulne</code>,1,0.0131579
6,dom,<code>dom</code>,1,0.0131579
6,dyran,<code>dyran</code>,1,0.0131579
6,eall,<code>eall</code>,1,0.0131579
6,earde,<code>earde</code>,1,0.0131579
6,eor&thorn;an,<code>eor&amp;t;an</code>,1,0.0131579
6,fah,<code>fah</code>,1,0.0131579
6,fela,<code>fela</code>,1,0.0131579
6,frod,<code>frod</code>,1,0.0131579
6,fruman,<code>fruman</code>,1,0.0131579
6,ful,<code>ful</code>,1,0.0131579
6,fyre,<code>fyre</code>,1,0.0131579
6,gearwe,<code>gearwe</code>,1,0.0131579
6,gef&aelig;lsad,<code>gef&amp;ae;lsad</code>,1,0.0131579
6,gehwylcum,<code>gehwylcum</code>,1,0.0131579
6,gemon,<code>gemon</code>,1,0.0131579
6,geond,<code>geond</code>,1,0.0131579
6,gumena,<code>gumena</code>,1,0.0131579
6,gyrne,<code>gyrne</code>,1,0.0131579
6,h&aelig;bbe,<code>h&amp;ae;bbe</code>,1,0.0131579
6,h&aelig;ftnyd,<code>h&amp;ae;ftnyd</code>,1,0.0131579
6,hatte,<code>hatte</code>,1,0.0131579
6,him,<code>him</code>,1,0.0131579
6,hw&aelig;t,<code>hw&amp;ae;t</code>,1,0.0131579
6,hwa,<code>hwa</code>,1,0.0131579
6,hwilum,<code>hwilum</code>,1,0.0131579
6,in,<code>in</code>,1,0.0131579
6,life,<code>life</code>,1,0.0131579
6,m&aelig;gen,<code>m&amp;ae;gen</code>,1,0.0131579
6,mi&thorn;an,<code>mi&amp;t;an</code>,1,0.0131579
6,middangeardes,<code>middangeardes</code>,1,0.0131579
6,minne,<code>minne</code>,1,0.0131579
6,monna,<code>monna</code>,1,0.0131579
6,mot,<code>mot</code>,1,0.0131579
6,ne,<code>ne</code>,1,0.0131579
6,nu,<code>nu</code>,1,0.0131579
6,of,<code>of</code>,1,0.0131579
6,saga,<code>saga</code>,1,0.0131579
6,sceal,<code>sceal</code>,1,0.0131579
6,se,<code>se</code>,1,0.0131579
6,si&eth;f&aelig;t,<code>si&amp;d;f&amp;ae;t</code>,1,0.0131579
6,si&thorn;&thorn;an,<code>si&amp;t;&amp;t;an</code>,1,0.0131579
6,to,<code>to</code>,1,0.0131579
6,unlytel,<code>unlytel</code>,1,0.0131579
6,w&aelig;s,<code>w&amp;ae;s</code>,1,0.0131579
6,wara&eth;,<code>wara&amp;d;</code>,1,0.0131579
6,wear&eth;,<code>wear&amp;d;</code>,1,0.0131579
6,weard,<code>weard</code>,1,0.0131579
6,wera,<code>wera</code>,1,0.0131579
6,wide,<code>wide</code>,1,0.0131579
6,wongas,<code>wongas</code>,1,0.0131579
6,wundra,<code>wundra</code>,1,0.0131579
6,yfle,<code>yfle</code>,1,0.0131579
