A_Poetry,A03,A03.029_LPr_I_T00970.txt,65,59,73
RANK,HTML WORD,RAW WORD,COUNT,RELATIVE FREQUENCY
1,&thorn;u,<code>&amp;t;u</code>,3,0.0410959
1,to,<code>to</code>,3,0.0410959
3,&thorn;in,<code>&amp;t;in</code>,2,0.0273973
3,on,<code>on</code>,2,0.0273973
3,us,<code>us</code>,2,0.0273973
3,wera,<code>wera</code>,2,0.0273973
7,&thorn;e,<code>&amp;t;e</code>,1,0.0136986
7,&thorn;inum,<code>&amp;t;inum</code>,1,0.0136986
7,&thorn;on,<code>&amp;t;on</code>,1,0.0136986
7,&thorn;one,<code>&amp;t;one</code>,1,0.0136986
7,a,<code>a</code>,1,0.0136986
7,ac,<code>ac</code>,1,0.0136986
7,ar&aelig;red,<code>ar&amp;ae;red</code>,1,0.0136986
7,bearnum,<code>bearnum</code>,1,0.0136986
7,bl&aelig;d,<code>bl&amp;ae;d</code>,1,0.0136986
7,cnyssan,<code>cnyssan</code>,1,0.0136986
7,costunga,<code>costunga</code>,1,0.0136986
7,cyme,<code>cyme</code>,1,0.0136986
7,d&aelig;ge,<code>d&amp;ae;ge</code>,1,0.0136986
7,domf&aelig;stne,<code>domf&amp;ae;stne</code>,1,0.0136986
7,dreame,<code>dreame</code>,1,0.0136986
7,eac,<code>eac</code>,1,0.0136986
7,eardast,<code>eardast</code>,1,0.0136986
7,eart,<code>eart</code>,1,0.0136986
7,f&aelig;der,<code>f&amp;ae;der</code>,1,0.0136986
7,feore,<code>feore</code>,1,0.0136986
7,folca,<code>folca</code>,1,0.0136986
7,foldan,<code>foldan</code>,1,0.0136986
7,freodom,<code>freodom</code>,1,0.0136986
7,from,<code>from</code>,1,0.0136986
7,g,<code>g</code>,1,0.0136986
7,gehwam,<code>gehwam</code>,1,0.0136986
7,geweor&eth;ad,<code>geweor&amp;d;ad</code>,1,0.0136986
7,gief,<code>gief</code>,1,0.0136986
7,halgad,<code>halgad</code>,1,0.0136986
7,helpend,<code>helpend</code>,1,0.0136986
7,heofonum,<code>heofonum</code>,1,0.0136986
7,hlaf,<code>hlaf</code>,1,0.0136986
7,hrofe,<code>hrofe</code>,1,0.0136986
7,l&aelig;t,<code>l&amp;ae;t</code>,1,0.0136986
7,meotod,<code>meotod</code>,1,0.0136986
7,ne,<code>ne</code>,1,0.0136986
7,nergend,<code>nergend</code>,1,0.0136986
7,ni&thorn;&thorn;a,<code>ni&amp;t;&amp;t;a</code>,1,0.0136986
7,noma,<code>noma</code>,1,0.0136986
7,ond,<code>ond</code>,1,0.0136986
7,r&aelig;df&aelig;st,<code>r&amp;ae;df&amp;ae;st</code>,1,0.0136986
7,rice,<code>rice</code>,1,0.0136986
7,rodores,<code>rodores</code>,1,0.0136986
7,rumre,<code>rumre</code>,1,0.0136986
7,singalan,<code>singalan</code>,1,0.0136986
7,so&eth;f&aelig;st,<code>so&amp;d;f&amp;ae;st</code>,1,0.0136986
7,swi&eth;e,<code>swi&amp;d;e</code>,1,0.0136986
7,sy,<code>sy</code>,1,0.0136986
7,syle,<code>syle</code>,1,0.0136986
7,under,<code>under</code>,1,0.0136986
7,userne,<code>userne</code>,1,0.0136986
7,usic,<code>usic</code>,1,0.0136986
7,waldend,<code>waldend</code>,1,0.0136986
7,weorcum,<code>weorcum</code>,1,0.0136986
7,widan,<code>widan</code>,1,0.0136986
7,wide,<code>wide</code>,1,0.0136986
7,willa,<code>willa</code>,1,0.0136986
7,wuldres,<code>wuldres</code>,1,0.0136986
7,yfla,<code>yfla</code>,1,0.0136986
