A_Poetry,A03,A03.022.002_Rid_2_T00330.txt,70,60,81
RANK,HTML WORD,RAW WORD,COUNT,RELATIVE FREQUENCY
1,mec,<code>mec</code>,3,0.0370370
2,&aelig;r,<code>&amp;ae;r</code>,2,0.0246914
2,&thorn;e,<code>&amp;t;e</code>,2,0.0246914
2,&thorn;onne,<code>&amp;t;onne</code>,2,0.0246914
2,ic,<code>ic</code>,2,0.0246914
2,ne,<code>ne</code>,2,0.0246914
2,on,<code>on</code>,2,0.0246914
2,ond,<code>ond</code>,2,0.0246914
2,streamas,<code>streamas</code>,2,0.0246914
2,y&thorn;a,<code>y&amp;t;a</code>,2,0.0246914
11,&thorn;oncol,<code>&amp;t;oncol</code>,1,0.0123457
11,beata&eth;,<code>beata&amp;d;</code>,1,0.0123457
11,bi&eth;,<code>bi&amp;d;</code>,1,0.0123457
11,bi&thorn;,<code>bi&amp;t;</code>,1,0.0123457
11,bi&thorn;eaht,<code>bi&amp;t;eaht</code>,1,0.0123457
11,bregde,<code>bregde</code>,1,0.0123457
11,brimes,<code>brimes</code>,1,0.0123457
11,eft,<code>eft</code>,1,0.0123457
11,eor&thorn;an,<code>eor&amp;t;an</code>,1,0.0123457
11,f&aelig;&thorn;mum,<code>f&amp;ae;&amp;t;mum</code>,1,0.0123457
11,fam,<code>fam</code>,1,0.0123457
11,garsecges,<code>garsecges</code>,1,0.0123457
11,ge&thorn;r&aelig;c,<code>ge&amp;t;r&amp;ae;c</code>,1,0.0123457
11,ge&thorn;w&aelig;re,<code>ge&amp;t;w&amp;ae;re</code>,1,0.0123457
11,gehwam,<code>gehwam</code>,1,0.0123457
11,gewealcen,<code>gewealcen</code>,1,0.0123457
11,gewite,<code>gewite</code>,1,0.0123457
11,gewreged,<code>gewreged</code>,1,0.0123457
11,gifen,<code>gifen</code>,1,0.0123457
11,grimme&eth;,<code>grimme&amp;d;</code>,1,0.0123457
11,grund,<code>grund</code>,1,0.0123457
11,hleo&thorn;a,<code>hleo&amp;t;a</code>,1,0.0123457
11,hlimme&eth;,<code>hlimme&amp;d;</code>,1,0.0123457
11,hlude,<code>hlude</code>,1,0.0123457
11,holmm&aelig;gne,<code>holmm&amp;ae;gne</code>,1,0.0123457
11,hrusan,<code>hrusan</code>,1,0.0123457
11,hw&aelig;lmere,<code>hw&amp;ae;lmere</code>,1,0.0123457
11,hwa,<code>hwa</code>,1,0.0123457
11,hwilum,<code>hwilum</code>,1,0.0123457
11,l&aelig;te,<code>l&amp;ae;te</code>,1,0.0123457
11,latteow,<code>latteow</code>,1,0.0123457
11,losian,<code>losian</code>,1,0.0123457
11,m&aelig;g,<code>m&amp;ae;g</code>,1,0.0123457
11,men,<code>men</code>,1,0.0123457
11,min,<code>min</code>,1,0.0123457
11,mon,<code>mon</code>,1,0.0123457
11,of,<code>of</code>,1,0.0123457
11,s&aelig;grundas,<code>s&amp;ae;grundas</code>,1,0.0123457
11,saga,<code>saga</code>,1,0.0123457
11,se,<code>se</code>,1,0.0123457
11,secan,<code>secan</code>,1,0.0123457
11,si&thorn;a,<code>si&amp;t;a</code>,1,0.0123457
11,side,<code>side</code>,1,0.0123457
11,sonde,<code>sonde</code>,1,0.0123457
11,sta&thorn;u,<code>sta&amp;t;u</code>,1,0.0123457
11,stane,<code>stane</code>,1,0.0123457
11,stealc,<code>stealc</code>,1,0.0123457
11,stille,<code>stille</code>,1,0.0123457
11,stundum,<code>stundum</code>,1,0.0123457
11,styrge,<code>styrge</code>,1,0.0123457
11,sundhelme,<code>sundhelme</code>,1,0.0123457
11,swa,<code>swa</code>,1,0.0123457
11,under,<code>under</code>,1,0.0123457
11,w&aelig;ge,<code>w&amp;ae;ge</code>,1,0.0123457
11,ware,<code>ware</code>,1,0.0123457
11,wena&thorn;,<code>wena&amp;t;</code>,1,0.0123457
11,weor&thorn;a&eth;,<code>weor&amp;t;a&amp;d;</code>,1,0.0123457
11,weorpa&thorn;,<code>weorpa&amp;t;</code>,1,0.0123457
11,winnende,<code>winnende</code>,1,0.0123457
11,wrugon,<code>wrugon</code>,1,0.0123457
