A_Poetry,A03,A03.010_Vain_T00200.txt,334,280,474
RANK,HTML WORD,RAW WORD,COUNT,RELATIVE FREQUENCY
1,&thorn;&aelig;t,<code>&amp;t;&amp;ae;t</code>,13,0.0274262
1,on,<code>on</code>,13,0.0274262
3,in,<code>in</code>,11,0.0232068
4,ond,<code>ond</code>,9,0.0189873
4,se,<code>se</code>,9,0.0189873
6,&thorn;e,<code>&amp;t;e</code>,8,0.0168776
7,he,<code>he</code>,6,0.0126582
7,his,<code>his</code>,6,0.0126582
7,ne,<code>ne</code>,6,0.0126582
10,&thorn;onne,<code>&amp;t;onne</code>,5,0.0105485
10,him,<code>him</code>,5,0.0105485
12,&thorn;a,<code>&amp;t;a</code>,4,0.0084388
12,&thorn;am,<code>&amp;t;am</code>,4,0.0084388
12,swa,<code>swa</code>,4,0.0084388
12,to,<code>to</code>,4,0.0084388
16,&thorn;one,<code>&amp;t;one</code>,3,0.0063291
16,&thorn;u,<code>&amp;t;u</code>,3,0.0063291
16,bearn,<code>bearn</code>,3,0.0063291
16,bi&eth;,<code>bi&amp;d;</code>,3,0.0063291
16,bi&thorn;,<code>bi&amp;t;</code>,3,0.0063291
16,gif,<code>gif</code>,3,0.0063291
16,godes,<code>godes</code>,3,0.0063291
16,l&aelig;te&eth;,<code>l&amp;ae;te&amp;d;</code>,3,0.0063291
16,mid,<code>mid</code>,3,0.0063291
25,&thorn;&aelig;s,<code>&amp;t;&amp;ae;s</code>,2,0.0042194
25,&thorn;egn,<code>&amp;t;egn</code>,2,0.0042194
25,&thorn;issum,<code>&amp;t;issum</code>,2,0.0042194
25,&thorn;rymme,<code>&amp;t;rymme</code>,2,0.0042194
25,agen,<code>agen</code>,2,0.0042194
25,be,<code>be</code>,2,0.0042194
25,beo&eth;,<code>beo&amp;d;</code>,2,0.0042194
25,eal,<code>eal</code>,2,0.0042194
25,eorl,<code>eorl</code>,2,0.0042194
25,feondes,<code>feondes</code>,2,0.0042194
25,g&aelig;st,<code>g&amp;ae;st</code>,2,0.0042194
25,gefremede,<code>gefremede</code>,2,0.0042194
25,hine,<code>hine</code>,2,0.0042194
25,hyra,<code>hyra</code>,2,0.0042194
25,me,<code>me</code>,2,0.0042194
25,mon,<code>mon</code>,2,0.0042194
25,monige,<code>monige</code>,2,0.0042194
25,o&thorn;rum,<code>o&amp;t;rum</code>,2,0.0042194
25,oferhygda,<code>oferhygda</code>,2,0.0042194
25,rice,<code>rice</code>,2,0.0042194
25,simle,<code>simle</code>,2,0.0042194
25,swice,<code>swice</code>,2,0.0042194
25,tid,<code>tid</code>,2,0.0042194
25,ungelice,<code>ungelice</code>,2,0.0042194
25,w&aelig;s,<code>w&amp;ae;s</code>,2,0.0042194
25,wicum,<code>wicum</code>,2,0.0042194
25,witan,<code>witan</code>,2,0.0042194
25,wite,<code>wite</code>,2,0.0042194
25,wuldres,<code>wuldres</code>,2,0.0042194
25,wunian,<code>wunian</code>,2,0.0042194
55,&aelig;f&aelig;stum,<code>&amp;ae;f&amp;ae;stum</code>,1,0.0021097
55,&aelig;f&thorn;onca,<code>&amp;ae;f&amp;t;onca</code>,1,0.0021097
55,&aelig;fstum,<code>&amp;ae;fstum</code>,1,0.0021097
55,&aelig;fter,<code>&amp;ae;fter</code>,1,0.0021097
55,&aelig;ghwylc,<code>&amp;ae;ghwylc</code>,1,0.0021097
55,&aelig;rcwide,<code>&amp;ae;rcwide</code>,1,0.0021097
55,&aelig;scstede,<code>&amp;ae;scstede</code>,1,0.0021097
55,&aelig;t,<code>&amp;ae;t</code>,1,0.0021097
55,&eth;onne,<code>&amp;d;onne</code>,1,0.0021097
55,&thorn;&aelig;tte,<code>&amp;t;&amp;ae;tte</code>,1,0.0021097
55,&thorn;as,<code>&amp;t;as</code>,1,0.0021097
55,&thorn;eah,<code>&amp;t;eah</code>,1,0.0021097
55,&thorn;ence&eth;,<code>&amp;t;ence&amp;d;</code>,1,0.0021097
55,&thorn;eode,<code>&amp;t;eode</code>,1,0.0021097
55,&thorn;eodenstoles,<code>&amp;t;eodenstoles</code>,1,0.0021097
55,&thorn;ince,<code>&amp;t;ince</code>,1,0.0021097
55,&thorn;isse,<code>&amp;t;isse</code>,1,0.0021097
55,&thorn;ohton,<code>&amp;t;ohton</code>,1,0.0021097
55,&thorn;r&aelig;fte,<code>&amp;t;r&amp;ae;fte</code>,1,0.0021097
55,&thorn;ringan,<code>&amp;t;ringan</code>,1,0.0021097
55,&thorn;ringe&eth;,<code>&amp;t;ringe&amp;d;</code>,1,0.0021097
55,&thorn;rinte&eth;,<code>&amp;t;rinte&amp;d;</code>,1,0.0021097
55,&thorn;rymcyning,<code>&amp;t;rymcyning</code>,1,0.0021097
55,&thorn;urh,<code>&amp;t;urh</code>,1,0.0021097
55,&thorn;yslicne,<code>&amp;t;yslicne</code>,1,0.0021097
55,a,<code>a</code>,1,0.0021097
55,abylgnesse,<code>abylgnesse</code>,1,0.0021097
55,ahefe&eth;,<code>ahefe&amp;d;</code>,1,0.0021097
55,ahl&aelig;ne&eth;,<code>ahl&amp;ae;ne&amp;d;</code>,1,0.0021097
55,ahofan,<code>ahofan</code>,1,0.0021097
55,amen,<code>amen</code>,1,0.0021097
55,amyrran,<code>amyrran</code>,1,0.0021097
55,ar,<code>ar</code>,1,0.0021097
55,astag,<code>astag</code>,1,0.0021097
55,astigan,<code>astigan</code>,1,0.0021097
55,awr&aelig;c,<code>awr&amp;ae;c</code>,1,0.0021097
55,b&aelig;lce&eth;,<code>b&amp;ae;lce&amp;d;</code>,1,0.0021097
55,be&thorn;rungen,<code>be&amp;t;rungen</code>,1,0.0021097
55,bebead,<code>bebead</code>,1,0.0021097
55,beo&thorn;,<code>beo&amp;t;</code>,1,0.0021097
55,beorn,<code>beorn</code>,1,0.0021097
55,beornes,<code>beornes</code>,1,0.0021097
55,beryfan,<code>beryfan</code>,1,0.0021097
55,bescyredne,<code>bescyredne</code>,1,0.0021097
55,betran,<code>betran</code>,1,0.0021097
55,bi,<code>bi</code>,1,0.0021097
55,bifongen,<code>bifongen</code>,1,0.0021097
55,blence&thorn;,<code>blence&amp;t;</code>,1,0.0021097
55,bo&eth;,<code>bo&amp;d;</code>,1,0.0021097
55,boca,<code>boca</code>,1,0.0021097
55,bodan,<code>bodan</code>,1,0.0021097
55,breahtem,<code>breahtem</code>,1,0.0021097
55,brecan,<code>brecan</code>,1,0.0021097
55,breoda&eth;,<code>breoda&amp;d;</code>,1,0.0021097
55,breostsefan,<code>breostsefan</code>,1,0.0021097
55,burgweal,<code>burgweal</code>,1,0.0021097
55,cirm,<code>cirm</code>,1,0.0021097
55,cor&thorn;re,<code>cor&amp;t;re</code>,1,0.0021097
55,cunnan,<code>cunnan</code>,1,0.0021097
55,cwide,<code>cwide</code>,1,0.0021097
55,d&aelig;dum,<code>d&amp;ae;dum</code>,1,0.0021097
55,d&aelig;grime,<code>d&amp;ae;grime</code>,1,0.0021097
55,dalum,<code>dalum</code>,1,0.0021097
55,dom,<code>dom</code>,1,0.0021097
55,dream,<code>dream</code>,1,0.0021097
55,druncen,<code>druncen</code>,1,0.0021097
55,dryhtguman,<code>dryhtguman</code>,1,0.0021097
55,ea&eth;mod,<code>ea&amp;d;mod</code>,1,0.0021097
55,ea&eth;modne,<code>ea&amp;d;modne</code>,1,0.0021097
55,ea&thorn;e,<code>ea&amp;t;e</code>,1,0.0021097
55,eard,<code>eard</code>,1,0.0021097
55,eargum,<code>eargum</code>,1,0.0021097
55,engla,<code>engla</code>,1,0.0021097
55,englum,<code>englum</code>,1,0.0021097
55,eor&thorn;an,<code>eor&amp;t;an</code>,1,0.0021097
55,f&aelig;der,<code>f&amp;ae;der</code>,1,0.0021097
55,f&aelig;h&thorn;e,<code>f&amp;ae;h&amp;t;e</code>,1,0.0021097
55,f&aelig;st,<code>f&amp;ae;st</code>,1,0.0021097
55,facensearwum,<code>facensearwum</code>,1,0.0021097
55,facnes,<code>facnes</code>,1,0.0021097
55,faran,<code>faran</code>,1,0.0021097
55,feawum,<code>feawum</code>,1,0.0021097
55,fela,<code>fela</code>,1,0.0021097
55,feo&thorn;,<code>feo&amp;t;</code>,1,0.0021097
55,feohte,<code>feohte</code>,1,0.0021097
55,feond,<code>feond</code>,1,0.0021097
55,fintan,<code>fintan</code>,1,0.0021097
55,fl&aelig;sce,<code>fl&amp;ae;sce</code>,1,0.0021097
55,fligepilum,<code>fligepilum</code>,1,0.0021097
55,folce,<code>folce</code>,1,0.0021097
55,for&eth;spellum,<code>for&amp;d;spellum</code>,1,0.0021097
55,for&thorn;on,<code>for&amp;t;on</code>,1,0.0021097
55,fore,<code>fore</code>,1,0.0021097
55,forsawan,<code>forsawan</code>,1,0.0021097
55,forstod,<code>forstod</code>,1,0.0021097
55,fr&aelig;te,<code>fr&amp;ae;te</code>,1,0.0021097
55,freode,<code>freode</code>,1,0.0021097
55,frod,<code>frod</code>,1,0.0021097
55,frumsceafta,<code>frumsceafta</code>,1,0.0021097
55,ful,<code>ful</code>,1,0.0021097
55,fundia&thorn;,<code>fundia&amp;t;</code>,1,0.0021097
55,fyrndagum,<code>fyrndagum</code>,1,0.0021097
55,g&aelig;lsan,<code>g&amp;ae;lsan</code>,1,0.0021097
55,ge&thorn;encan,<code>ge&amp;t;encan</code>,1,0.0021097
55,ge&thorn;ence&thorn;,<code>ge&amp;t;ence&amp;t;</code>,1,0.0021097
55,gealdre,<code>gealdre</code>,1,0.0021097
55,geara,<code>geara</code>,1,0.0021097
55,gearowyrdig,<code>gearowyrdig</code>,1,0.0021097
55,gebiged,<code>gebiged</code>,1,0.0021097
55,gebyrmed,<code>gebyrmed</code>,1,0.0021097
55,ged&aelig;led,<code>ged&amp;ae;led</code>,1,0.0021097
55,gefylled,<code>gefylled</code>,1,0.0021097
55,geg&aelig;derad,<code>geg&amp;ae;derad</code>,1,0.0021097
55,gehwone,<code>gehwone</code>,1,0.0021097
55,gehwylcum,<code>gehwylcum</code>,1,0.0021097
55,gelic,<code>gelic</code>,1,0.0021097
55,gemete,<code>gemete</code>,1,0.0021097
55,gemittest,<code>gemittest</code>,1,0.0021097
55,gemunan,<code>gemunan</code>,1,0.0021097
55,gemyndum,<code>gemyndum</code>,1,0.0021097
55,gescead,<code>gescead</code>,1,0.0021097
55,gesettan,<code>gesettan</code>,1,0.0021097
55,gesibbra,<code>gesibbra</code>,1,0.0021097
55,gew&aelig;ged,<code>gew&amp;ae;ged</code>,1,0.0021097
55,gewin,<code>gewin</code>,1,0.0021097
55,gleaw,<code>gleaw</code>,1,0.0021097
55,gode,<code>gode</code>,1,0.0021097
55,grim,<code>grim</code>,1,0.0021097
55,grundfusne,<code>grundfusne</code>,1,0.0021097
55,guma,<code>guma</code>,1,0.0021097
55,gyd,<code>gyd</code>,1,0.0021097
55,h&aelig;lo,<code>h&amp;ae;lo</code>,1,0.0021097
55,hafa&eth;,<code>hafa&amp;d;</code>,1,0.0021097
55,haligra,<code>haligra</code>,1,0.0021097
55,heahmodne,<code>heahmodne</code>,1,0.0021097
55,healde&eth;,<code>healde&amp;d;</code>,1,0.0021097
55,hean,<code>hean</code>,1,0.0021097
55,heardne,<code>heardne</code>,1,0.0021097
55,heofon,<code>heofon</code>,1,0.0021097
55,heonan,<code>heonan</code>,1,0.0021097
55,her,<code>her</code>,1,0.0021097
55,heresi&thorn;,<code>heresi&amp;t;</code>,1,0.0021097
55,hi,<code>hi</code>,1,0.0021097
55,hinderhoca,<code>hinderhoca</code>,1,0.0021097
55,hit,<code>hit</code>,1,0.0021097
55,hw&aelig;t,<code>hw&amp;ae;t</code>,1,0.0021097
55,hwete&eth;,<code>hwete&amp;d;</code>,1,0.0021097
55,hwylc,<code>hwylc</code>,1,0.0021097
55,hycgende,<code>hycgende</code>,1,0.0021097
55,hygegar,<code>hygegar</code>,1,0.0021097
55,hyht,<code>hyht</code>,1,0.0021097
55,ic,<code>ic</code>,1,0.0021097
55,innan,<code>innan</code>,1,0.0021097
55,inne,<code>inne</code>,1,0.0021097
55,inwitflan,<code>inwitflan</code>,1,0.0021097
55,iu,<code>iu</code>,1,0.0021097
55,l&aelig;nan,<code>l&amp;ae;nan</code>,1,0.0021097
55,larum,<code>larum</code>,1,0.0021097
55,leag,<code>leag</code>,1,0.0021097
55,leahtrum,<code>leahtrum</code>,1,0.0021097
55,lean,<code>lean</code>,1,0.0021097
55,leofa&eth;,<code>leofa&amp;d;</code>,1,0.0021097
55,leofa&thorn;,<code>leofa&amp;t;</code>,1,0.0021097
55,lete&eth;,<code>lete&amp;d;</code>,1,0.0021097
55,lif,<code>lif</code>,1,0.0021097
55,lufa&eth;,<code>lufa&amp;d;</code>,1,0.0021097
55,m&aelig;&thorn;elhegendra,<code>m&amp;ae;&amp;t;elhegendra</code>,1,0.0021097
55,m&aelig;g,<code>m&amp;ae;g</code>,1,0.0021097
55,m&aelig;la,<code>m&amp;ae;la</code>,1,0.0021097
55,meaht,<code>meaht</code>,1,0.0021097
55,meahte,<code>meahte</code>,1,0.0021097
55,meotud,<code>meotud</code>,1,0.0021097
55,micle,<code>micle</code>,1,0.0021097
55,missenlice,<code>missenlice</code>,1,0.0021097
55,mod,<code>mod</code>,1,0.0021097
55,mode,<code>mode</code>,1,0.0021097
55,modes,<code>modes</code>,1,0.0021097
55,modsefan,<code>modsefan</code>,1,0.0021097
55,mot,<code>mot</code>,1,0.0021097
55,nearowrencum,<code>nearowrencum</code>,1,0.0021097
55,neosi&thorn;um,<code>neosi&amp;t;um</code>,1,0.0021097
55,ni&thorn;er,<code>ni&amp;t;er</code>,1,0.0021097
55,ni&thorn;um,<code>ni&amp;t;um</code>,1,0.0021097
55,nu,<code>nu</code>,1,0.0021097
55,o&thorn;er,<code>o&amp;t;er</code>,1,0.0021097
55,oferhygd,<code>oferhygd</code>,1,0.0021097
55,oferhygdo,<code>oferhygdo</code>,1,0.0021097
55,ofermedum,<code>ofermedum</code>,1,0.0021097
55,oft,<code>oft</code>,1,0.0021097
55,on&aelig;led,<code>on&amp;ae;led</code>,1,0.0021097
55,ongitan,<code>ongitan</code>,1,0.0021097
55,onwreah,<code>onwreah</code>,1,0.0021097
55,orfeormne,<code>orfeormne</code>,1,0.0021097
55,r&aelig;cede,<code>r&amp;ae;cede</code>,1,0.0021097
55,r&aelig;des,<code>r&amp;ae;des</code>,1,0.0021097
55,ricne,<code>ricne</code>,1,0.0021097
55,ryht,<code>ryht</code>,1,0.0021097
55,s&aelig;gde,<code>s&amp;ae;gde</code>,1,0.0021097
55,sceal,<code>sceal</code>,1,0.0021097
55,sceawa&eth;,<code>sceawa&amp;d;</code>,1,0.0021097
55,sceolde,<code>sceolde</code>,1,0.0021097
55,sceote&thorn;,<code>sceote&amp;t;</code>,1,0.0021097
55,scralleta&thorn;,<code>scralleta&amp;t;</code>,1,0.0021097
55,sculon,<code>sculon</code>,1,0.0021097
55,scurum,<code>scurum</code>,1,0.0021097
55,scylde,<code>scylde</code>,1,0.0021097
55,scyldum,<code>scyldum</code>,1,0.0021097
55,searwum,<code>searwum</code>,1,0.0021097
55,selestan,<code>selestan</code>,1,0.0021097
55,sella,<code>sella</code>,1,0.0021097
55,sellan,<code>sellan</code>,1,0.0021097
55,seo,<code>seo</code>,1,0.0021097
55,si&thorn;&thorn;an,<code>si&amp;t;&amp;t;an</code>,1,0.0021097
55,sigora,<code>sigora</code>,1,0.0021097
55,sindan,<code>sindan</code>,1,0.0021097
55,sindon,<code>sindon</code>,1,0.0021097
55,site&thorn;,<code>site&amp;t;</code>,1,0.0021097
55,sitta&thorn;,<code>sitta&amp;t;</code>,1,0.0021097
55,sli&thorn;nan,<code>sli&amp;t;nan</code>,1,0.0021097
55,snottor,<code>snottor</code>,1,0.0021097
55,so&eth;gied,<code>so&amp;d;gied</code>,1,0.0021097
55,so&eth;lice,<code>so&amp;d;lice</code>,1,0.0021097
55,some,<code>some</code>,1,0.0021097
55,song,<code>song</code>,1,0.0021097
55,stige&eth;,<code>stige&amp;d;</code>,1,0.0021097
55,sum,<code>sum</code>,1,0.0021097
55,sundorwundra,<code>sundorwundra</code>,1,0.0021097
55,swi&thorn;or,<code>swi&amp;t;or</code>,1,0.0021097
55,sylfes,<code>sylfes</code>,1,0.0021097
55,sylfne,<code>sylfne</code>,1,0.0021097
55,sylfra,<code>sylfra</code>,1,0.0021097
55,symbelwlonc,<code>symbelwlonc</code>,1,0.0021097
55,symble,<code>symble</code>,1,0.0021097
55,unforcu&thorn;,<code>unforcu&amp;t;</code>,1,0.0021097
55,ungemedemad,<code>ungemedemad</code>,1,0.0021097
55,up,<code>up</code>,1,0.0021097
55,ut,<code>ut</code>,1,0.0021097
55,wacran,<code>wacran</code>,1,0.0021097
55,waldend,<code>waldend</code>,1,0.0021097
55,wat,<code>wat</code>,1,0.0021097
55,we,<code>we</code>,1,0.0021097
55,wear&eth;,<code>wear&amp;d;</code>,1,0.0021097
55,welhwam,<code>welhwam</code>,1,0.0021097
55,wergan,<code>wergan</code>,1,0.0021097
55,werum,<code>werum</code>,1,0.0021097
55,wesan,<code>wesan</code>,1,0.0021097
55,wi&thorn;,<code>wi&amp;t;</code>,1,0.0021097
55,widledan,<code>widledan</code>,1,0.0021097
55,widm&aelig;re,<code>widm&amp;ae;re</code>,1,0.0021097
55,wige,<code>wige</code>,1,0.0021097
55,wigsmi&thorn;as,<code>wigsmi&amp;t;as</code>,1,0.0021097
55,wigsteal,<code>wigsteal</code>,1,0.0021097
55,wilgest,<code>wilgest</code>,1,0.0021097
55,willum,<code>willum</code>,1,0.0021097
55,wilsum,<code>wilsum</code>,1,0.0021097
55,win,<code>win</code>,1,0.0021097
55,winburgum,<code>winburgum</code>,1,0.0021097
55,wine,<code>wine</code>,1,0.0021097
55,wise,<code>wise</code>,1,0.0021097
55,wita,<code>wita</code>,1,0.0021097
55,witega,<code>witega</code>,1,0.0021097
55,witga,<code>witga</code>,1,0.0021097
55,witgan,<code>witgan</code>,1,0.0021097
55,witum,<code>witum</code>,1,0.0021097
55,wlonce,<code>wlonce</code>,1,0.0021097
55,word,<code>word</code>,1,0.0021097
55,wordhord,<code>wordhord</code>,1,0.0021097
55,wordum,<code>wordum</code>,1,0.0021097
55,worlde,<code>worlde</code>,1,0.0021097
55,worn,<code>worn</code>,1,0.0021097
55,worulde,<code>worulde</code>,1,0.0021097
55,wreca&eth;,<code>wreca&amp;d;</code>,1,0.0021097
55,wrence&thorn;,<code>wrence&amp;t;</code>,1,0.0021097
55,wrixla&eth;,<code>wrixla&amp;d;</code>,1,0.0021097
55,wroht,<code>wroht</code>,1,0.0021097
55,wuldorcyning,<code>wuldorcyning</code>,1,0.0021097
55,wuldorcyninge,<code>wuldorcyninge</code>,1,0.0021097
55,wunige,<code>wunige</code>,1,0.0021097
55,wynlond,<code>wynlond</code>,1,0.0021097
55,wyrmum,<code>wyrmum</code>,1,0.0021097
