A_Poetry,A03,A03.022.040_Rid_40_T00710.txt,359,295,630
RANK,HTML WORD,RAW WORD,COUNT,RELATIVE FREQUENCY
1,ic,<code>ic</code>,40,0.0634921
2,eom,<code>eom</code>,26,0.0412698
3,&thorn;onne,<code>&amp;t;onne</code>,20,0.0317460
4,ond,<code>ond</code>,19,0.0301587
5,on,<code>on</code>,14,0.0222222
6,se,<code>se</code>,13,0.0206349
7,&thorn;e,<code>&amp;t;e</code>,9,0.0142857
7,mec,<code>mec</code>,9,0.0142857
9,&thorn;&aelig;t,<code>&amp;t;&amp;ae;t</code>,8,0.0126984
9,m&aelig;g,<code>m&amp;ae;g</code>,8,0.0126984
11,&aelig;ghw&aelig;r,<code>&amp;ae;ghw&amp;ae;r</code>,7,0.0111111
11,eor&thorn;an,<code>eor&amp;t;an</code>,7,0.0111111
11,he,<code>he</code>,7,0.0111111
14,&thorn;es,<code>&amp;t;es</code>,6,0.0095238
14,ne,<code>ne</code>,6,0.0095238
16,her,<code>her</code>,5,0.0079365
16,me,<code>me</code>,5,0.0079365
16,micle,<code>micle</code>,5,0.0079365
16,mid,<code>mid</code>,5,0.0079365
16,o&thorn;&thorn;e,<code>o&amp;t;&amp;t;e</code>,5,0.0079365
21,&thorn;isne,<code>&amp;t;isne</code>,4,0.0063492
21,is,<code>is</code>,4,0.0063492
21,swa,<code>swa</code>,4,0.0063492
21,sy,<code>sy</code>,4,0.0063492
21,to,<code>to</code>,4,0.0063492
21,utan,<code>utan</code>,4,0.0063492
21,wr&aelig;tlice,<code>wr&amp;ae;tlice</code>,4,0.0063492
28,&aelig;fre,<code>&amp;ae;fre</code>,3,0.0047619
28,&thorn;as,<code>&amp;t;as</code>,3,0.0047619
28,&thorn;eah,<code>&amp;t;eah</code>,3,0.0047619
28,&thorn;is,<code>&amp;t;is</code>,3,0.0047619
28,eal,<code>eal</code>,3,0.0047619
28,nu,<code>nu</code>,3,0.0047619
28,swylce,<code>swylce</code>,3,0.0047619
28,under,<code>under</code>,3,0.0047619
28,ymbhwyrft,<code>ymbhwyrft</code>,3,0.0047619
37,&aelig;nig,<code>&amp;ae;nig</code>,2,0.0031746
37,&aelig;t,<code>&amp;ae;t</code>,2,0.0031746
37,&thorn;a,<code>&amp;t;a</code>,2,0.0031746
37,ac,<code>ac</code>,2,0.0031746
37,ana,<code>ana</code>,2,0.0031746
37,br&aelig;dre,<code>br&amp;ae;dre</code>,2,0.0031746
37,ea&thorn;e,<code>ea&amp;t;e</code>,2,0.0031746
37,ealra,<code>ealra</code>,2,0.0031746
37,frym&thorn;e,<code>frym&amp;t;e</code>,2,0.0031746
37,grena,<code>grena</code>,2,0.0031746
37,heafde,<code>heafde</code>,2,0.0031746
37,healde&eth;,<code>healde&amp;d;</code>,2,0.0031746
37,heo,<code>heo</code>,2,0.0031746
37,heofones,<code>heofones</code>,2,0.0031746
37,his,<code>his</code>,2,0.0031746
37,leof,<code>leof</code>,2,0.0031746
37,loccas,<code>loccas</code>,2,0.0031746
37,mara,<code>mara</code>,2,0.0031746
37,meahte,<code>meahte</code>,2,0.0031746
37,middangeard,<code>middangeard</code>,2,0.0031746
37,minre,<code>minre</code>,2,0.0031746
37,moste,<code>moste</code>,2,0.0031746
37,nis,<code>nis</code>,2,0.0031746
37,scyppend,<code>scyppend</code>,2,0.0031746
37,symle,<code>symle</code>,2,0.0031746
37,wealde&eth;,<code>wealde&amp;d;</code>,2,0.0031746
37,wong,<code>wong</code>,2,0.0031746
37,worhte,<code>worhte</code>,2,0.0031746
65,&aelig;rest,<code>&amp;ae;rest</code>,1,0.0015873
65,&aelig;tes,<code>&amp;ae;tes</code>,1,0.0015873
65,&thorn;&aelig;s,<code>&amp;t;&amp;ae;s</code>,1,0.0015873
65,&thorn;ara,<code>&amp;t;ara</code>,1,0.0015873
65,&thorn;icce,<code>&amp;t;icce</code>,1,0.0015873
65,&thorn;ing,<code>&amp;t;ing</code>,1,0.0015873
65,&thorn;inga,<code>&amp;t;inga</code>,1,0.0015873
65,&thorn;issum,<code>&amp;t;issum</code>,1,0.0015873
65,&thorn;on,<code>&amp;t;on</code>,1,0.0015873
65,&thorn;one,<code>&amp;t;one</code>,1,0.0015873
65,&thorn;ry,<code>&amp;t;ry</code>,1,0.0015873
65,&thorn;rymme,<code>&amp;t;rymme</code>,1,0.0015873
65,&thorn;u,<code>&amp;t;u</code>,1,0.0015873
65,&thorn;urh,<code>&amp;t;urh</code>,1,0.0015873
65,&thorn;ynne,<code>&amp;t;ynne</code>,1,0.0015873
65,&thorn;yrse,<code>&amp;t;yrse</code>,1,0.0015873
65,abregan,<code>abregan</code>,1,0.0015873
65,acenned,<code>acenned</code>,1,0.0015873
65,adelan,<code>adelan</code>,1,0.0015873
65,am&aelig;sted,<code>am&amp;ae;sted</code>,1,0.0015873
65,anwalda,<code>anwalda</code>,1,0.0015873
65,awerge,<code>awerge</code>,1,0.0015873
65,aworpen,<code>aworpen</code>,1,0.0015873
65,bealdlice,<code>bealdlice</code>,1,0.0015873
65,bearg,<code>bearg</code>,1,0.0015873
65,bearn,<code>bearn</code>,1,0.0015873
65,bellende,<code>bellende</code>,1,0.0015873
65,beo&eth;,<code>beo&amp;d;</code>,1,0.0015873
65,beobread,<code>beobread</code>,1,0.0015873
65,beorht,<code>beorht</code>,1,0.0015873
65,bescyrede,<code>bescyrede</code>,1,0.0015873
65,betre,<code>betre</code>,1,0.0015873
65,betyned,<code>betyned</code>,1,0.0015873
65,bidsteal,<code>bidsteal</code>,1,0.0015873
65,bifon,<code>bifon</code>,1,0.0015873
65,bihealdan,<code>bihealdan</code>,1,0.0015873
65,bihealde&eth;,<code>bihealde&amp;d;</code>,1,0.0015873
65,blea&eth;,<code>blea&amp;d;</code>,1,0.0015873
65,blende,<code>blende</code>,1,0.0015873
65,blostman,<code>blostman</code>,1,0.0015873
65,bocwuda,<code>bocwuda</code>,1,0.0015873
65,breaga,<code>breaga</code>,1,0.0015873
65,brucan,<code>brucan</code>,1,0.0015873
65,bruna,<code>bruna</code>,1,0.0015873
65,caldra,<code>caldra</code>,1,0.0015873
65,calu,<code>calu</code>,1,0.0015873
65,cenra,<code>cenra</code>,1,0.0015873
65,clympre,<code>clympre</code>,1,0.0015873
65,cyme&eth;,<code>cyme&amp;d;</code>,1,0.0015873
65,cyning,<code>cyning</code>,1,0.0015873
65,deagol,<code>deagol</code>,1,0.0015873
65,delfa&eth;,<code>delfa&amp;d;</code>,1,0.0015873
65,drife&thorn;,<code>drife&amp;t;</code>,1,0.0015873
65,dryge,<code>dryge</code>,1,0.0015873
65,dryhten,<code>dryhten</code>,1,0.0015873
65,dyre,<code>dyre</code>,1,0.0015873
65,eac,<code>eac</code>,1,0.0015873
65,eagan,<code>eagan</code>,1,0.0015873
65,ealdum,<code>ealdum</code>,1,0.0015873
65,ealle,<code>ealle</code>,1,0.0015873
65,eallum,<code>eallum</code>,1,0.0015873
65,ealne,<code>ealne</code>,1,0.0015873
65,earn,<code>earn</code>,1,0.0015873
65,ecan,<code>ecan</code>,1,0.0015873
65,ece,<code>ece</code>,1,0.0015873
65,efnetan,<code>efnetan</code>,1,0.0015873
65,eofore,<code>eofore</code>,1,0.0015873
65,f&aelig;der,<code>f&amp;ae;der</code>,1,0.0015873
65,f&aelig;gerre,<code>f&amp;ae;gerre</code>,1,0.0015873
65,f&aelig;ttra,<code>f&amp;ae;ttra</code>,1,0.0015873
65,fen,<code>fen</code>,1,0.0015873
65,fenyce,<code>fenyce</code>,1,0.0015873
65,feore,<code>feore</code>,1,0.0015873
65,feran,<code>feran</code>,1,0.0015873
65,fingras,<code>fingras</code>,1,0.0015873
65,fleogan,<code>fleogan</code>,1,0.0015873
65,flinte,<code>flinte</code>,1,0.0015873
65,flode,<code>flode</code>,1,0.0015873
65,folm,<code>folm</code>,1,0.0015873
65,fore,<code>fore</code>,1,0.0015873
65,forst,<code>forst</code>,1,0.0015873
65,fotum,<code>fotum</code>,1,0.0015873
65,fr&aelig;twum,<code>fr&amp;ae;twum</code>,1,0.0015873
65,fromlice,<code>fromlice</code>,1,0.0015873
65,fromlicor,<code>fromlicor</code>,1,0.0015873
65,ful,<code>ful</code>,1,0.0015873
65,fula,<code>fula</code>,1,0.0015873
65,fulre,<code>fulre</code>,1,0.0015873
65,fyr,<code>fyr</code>,1,0.0015873
65,g&aelig;&eth;,<code>g&amp;ae;&amp;d;</code>,1,0.0015873
65,g&aelig;sta,<code>g&amp;ae;sta</code>,1,0.0015873
65,garsecges,<code>garsecges</code>,1,0.0015873
65,ge&thorn;eon,<code>ge&amp;t;eon</code>,1,0.0015873
65,gearu,<code>gearu</code>,1,0.0015873
65,gebolgen,<code>gebolgen</code>,1,0.0015873
65,gehwylces,<code>gehwylces</code>,1,0.0015873
65,gena,<code>gena</code>,1,0.0015873
65,geong,<code>geong</code>,1,0.0015873
65,ges&aelig;lig,<code>ges&amp;ae;lig</code>,1,0.0015873
65,gesceafta,<code>gesceafta</code>,1,0.0015873
65,gescyldrum,<code>gescyldrum</code>,1,0.0015873
65,gewefen,<code>gewefen</code>,1,0.0015873
65,geweor&thorn;an,<code>geweor&amp;t;an</code>,1,0.0015873
65,gewundne,<code>gewundne</code>,1,0.0015873
65,giefe&eth;,<code>giefe&amp;d;</code>,1,0.0015873
65,giestron,<code>giestron</code>,1,0.0015873
65,god,<code>god</code>,1,0.0015873
65,goldes,<code>goldes</code>,1,0.0015873
65,goman,<code>goman</code>,1,0.0015873
65,gonge,<code>gonge</code>,1,0.0015873
65,gongende,<code>gongende</code>,1,0.0015873
65,gores,<code>gores</code>,1,0.0015873
65,grima,<code>grima</code>,1,0.0015873
65,grund,<code>grund</code>,1,0.0015873
65,h&aelig;le&thorn;a,<code>h&amp;ae;le&amp;t;a</code>,1,0.0015873
65,hafoc,<code>hafoc</code>,1,0.0015873
65,hafu,<code>hafu</code>,1,0.0015873
65,halsrefe&thorn;re,<code>halsrefe&amp;t;re</code>,1,0.0015873
65,hara,<code>hara</code>,1,0.0015873
65,hate&thorn;,<code>hate&amp;t;</code>,1,0.0015873
65,hatra,<code>hatra</code>,1,0.0015873
65,heahcyning,<code>heahcyning</code>,1,0.0015873
65,healde,<code>healde</code>,1,0.0015873
65,healde&thorn;,<code>healde&amp;t;</code>,1,0.0015873
65,hean,<code>hean</code>,1,0.0015873
65,hearda,<code>hearda</code>,1,0.0015873
65,heardan,<code>heardan</code>,1,0.0015873
65,heardra,<code>heardra</code>,1,0.0015873
65,heardre,<code>heardre</code>,1,0.0015873
65,heasewe,<code>heasewe</code>,1,0.0015873
65,hefigere,<code>hefigere</code>,1,0.0015873
65,heht,<code>heht</code>,1,0.0015873
65,heofon,<code>heofon</code>,1,0.0015873
65,heofone,<code>heofone</code>,1,0.0015873
65,heorugrimma,<code>heorugrimma</code>,1,0.0015873
65,hit,<code>hit</code>,1,0.0015873
65,hnescre,<code>hnescre</code>,1,0.0015873
65,hondwyrm,<code>hondwyrm</code>,1,0.0015873
65,hr&aelig;dra,<code>hr&amp;ae;dra</code>,1,0.0015873
65,hre&thorn;re,<code>hre&amp;t;re</code>,1,0.0015873
65,hrif,<code>hrif</code>,1,0.0015873
65,hrim,<code>hrim</code>,1,0.0015873
65,hrusan,<code>hrusan</code>,1,0.0015873
65,hunige,<code>hunige</code>,1,0.0015873
65,hw&aelig;l,<code>hw&amp;ae;l</code>,1,0.0015873
65,hwearfte,<code>hwearfte</code>,1,0.0015873
65,hweorfe&eth;,<code>hweorfe&amp;d;</code>,1,0.0015873
65,hwite,<code>hwite</code>,1,0.0015873
65,hyrre,<code>hyrre</code>,1,0.0015873
65,hyrstum,<code>hyrstum</code>,1,0.0015873
65,in,<code>in</code>,1,0.0015873
65,irnendan,<code>irnendan</code>,1,0.0015873
65,l&aelig;rde,<code>l&amp;ae;rde</code>,1,0.0015873
65,l&aelig;sse,<code>l&amp;ae;sse</code>,1,0.0015873
65,leades,<code>leades</code>,1,0.0015873
65,lege,<code>lege</code>,1,0.0015873
65,leohtan,<code>leohtan</code>,1,0.0015873
65,leohtre,<code>leohtre</code>,1,0.0015873
65,leoman,<code>leoman</code>,1,0.0015873
65,lifde,<code>lifde</code>,1,0.0015873
65,lifgan,<code>lifgan</code>,1,0.0015873
65,lige&eth;,<code>lige&amp;d;</code>,1,0.0015873
65,lilie,<code>lilie</code>,1,0.0015873
65,longe,<code>longe</code>,1,0.0015873
65,lyfte,<code>lyfte</code>,1,0.0015873
65,lytla,<code>lytla</code>,1,0.0015873
65,m&aelig;gene,<code>m&amp;ae;gene</code>,1,0.0015873
65,m&aelig;re,<code>m&amp;ae;re</code>,1,0.0015873
65,meahtelicor,<code>meahtelicor</code>,1,0.0015873
65,meahtig,<code>meahtig</code>,1,0.0015873
65,meahtum,<code>meahtum</code>,1,0.0015873
65,mesan,<code>mesan</code>,1,0.0015873
65,micla,<code>micla</code>,1,0.0015873
65,min,<code>min</code>,1,0.0015873
65,minum,<code>minum</code>,1,0.0015873
65,modor,<code>modor</code>,1,0.0015873
65,mon,<code>mon</code>,1,0.0015873
65,moncynne,<code>moncynne</code>,1,0.0015873
65,monnum,<code>monnum</code>,1,0.0015873
65,motan,<code>motan</code>,1,0.0015873
65,nardes,<code>nardes</code>,1,0.0015873
65,nemna&eth;,<code>nemna&amp;d;</code>,1,0.0015873
65,nyde,<code>nyde</code>,1,0.0015873
65,nym&thorn;e,<code>nym&amp;t;e</code>,1,0.0015873
65,o&eth;&eth;e,<code>o&amp;d;&amp;d;e</code>,1,0.0015873
65,o&thorn;er,<code>o&amp;t;er</code>,1,0.0015873
65,of,<code>of</code>,1,0.0015873
65,ofer,<code>ofer</code>,1,0.0015873
65,ofergonge&thorn;,<code>ofergonge&amp;t;</code>,1,0.0015873
65,oferswi&thorn;an,<code>oferswi&amp;t;an</code>,1,0.0015873
65,oferswi&thorn;e,<code>oferswi&amp;t;e</code>,1,0.0015873
65,ofestum,<code>ofestum</code>,1,0.0015873
65,on&thorn;unian,<code>on&amp;t;unian</code>,1,0.0015873
65,onlicnesse,<code>onlicnesse</code>,1,0.0015873
65,onwalde,<code>onwalde</code>,1,0.0015873
65,pernex,<code>pernex</code>,1,0.0015873
65,reccan,<code>reccan</code>,1,0.0015873
65,recce,<code>recce</code>,1,0.0015873
65,reccend,<code>reccend</code>,1,0.0015873
65,regnwyrm,<code>regnwyrm</code>,1,0.0015873
65,rice,<code>rice</code>,1,0.0015873
65,ricels,<code>ricels</code>,1,0.0015873
65,rose,<code>rose</code>,1,0.0015873
65,ryht,<code>ryht</code>,1,0.0015873
65,ryhte,<code>ryhte</code>,1,0.0015873
65,sceal,<code>sceal</code>,1,0.0015873
65,sceawige,<code>sceawige</code>,1,0.0015873
65,scinan,<code>scinan</code>,1,0.0015873
65,searo&thorn;oncle,<code>searo&amp;t;oncle</code>,1,0.0015873
65,seaxe,<code>seaxe</code>,1,0.0015873
65,secgas,<code>secgas</code>,1,0.0015873
65,segnberendra,<code>segnberendra</code>,1,0.0015873
65,semninga,<code>semninga</code>,1,0.0015873
65,seo,<code>seo</code>,1,0.0015873
65,sette,<code>sette</code>,1,0.0015873
65,si&thorn;&thorn;an,<code>si&amp;t;&amp;t;an</code>,1,0.0015873
65,sl&aelig;p,<code>sl&amp;ae;p</code>,1,0.0015873
65,slepe,<code>slepe</code>,1,0.0015873
65,sn&aelig;gl,<code>sn&amp;ae;gl</code>,1,0.0015873
65,snelra,<code>snelra</code>,1,0.0015873
65,stan,<code>stan</code>,1,0.0015873
65,stenc,<code>stenc</code>,1,0.0015873
65,stence,<code>stence</code>,1,0.0015873
65,stince&eth;,<code>stince&amp;d;</code>,1,0.0015873
65,stonde&thorn;,<code>stonde&amp;t;</code>,1,0.0015873
65,strengra,<code>strengra</code>,1,0.0015873
65,strengre,<code>strengre</code>,1,0.0015873
65,strongan,<code>strongan</code>,1,0.0015873
65,style,<code>style</code>,1,0.0015873
65,styre&eth;,<code>styre&amp;d;</code>,1,0.0015873
65,sunu,<code>sunu</code>,1,0.0015873
65,sweartan,<code>sweartan</code>,1,0.0015873
65,swearte,<code>swearte</code>,1,0.0015873
65,swetnesse,<code>swetnesse</code>,1,0.0015873
65,swetra,<code>swetra</code>,1,0.0015873
65,swi&thorn;re,<code>swi&amp;t;re</code>,1,0.0015873
65,swifta,<code>swifta</code>,1,0.0015873
65,swiftra,<code>swiftra</code>,1,0.0015873
65,swin,<code>swin</code>,1,0.0015873
65,syne,<code>syne</code>,1,0.0015873
65,tyrf,<code>tyrf</code>,1,0.0015873
65,ufor,<code>ufor</code>,1,0.0015873
65,ulcanus,<code>ulcanus</code>,1,0.0015873
65,unlytel,<code>unlytel</code>,1,0.0015873
65,up,<code>up</code>,1,0.0015873
65,user,<code>user</code>,1,0.0015873
65,uttor,<code>uttor</code>,1,0.0015873
65,w&aelig;ccende,<code>w&amp;ae;ccende</code>,1,0.0015873
65,w&aelig;s,<code>w&amp;ae;s</code>,1,0.0015873
65,w&aelig;we&eth;,<code>w&amp;ae;we&amp;d;</code>,1,0.0015873
65,waldend,<code>waldend</code>,1,0.0015873
65,waldendes,<code>waldendes</code>,1,0.0015873
65,waldendre,<code>waldendre</code>,1,0.0015873
65,waro&eth;,<code>waro&amp;d;</code>,1,0.0015873
65,we,<code>we</code>,1,0.0015873
65,wealde&thorn;,<code>wealde&amp;t;</code>,1,0.0015873
65,weaxa&eth;,<code>weaxa&amp;d;</code>,1,0.0015873
65,weaxe&eth;,<code>weaxe&amp;d;</code>,1,0.0015873
65,wermod,<code>wermod</code>,1,0.0015873
65,wide,<code>wide</code>,1,0.0015873
65,widgelra,<code>widgelra</code>,1,0.0015873
65,widgielra,<code>widgielra</code>,1,0.0015873
65,wifel,<code>wifel</code>,1,0.0015873
65,wiht,<code>wiht</code>,1,0.0015873
65,wind,<code>wind</code>,1,0.0015873
65,winde,<code>winde</code>,1,0.0015873
65,wirum,<code>wirum</code>,1,0.0015873
65,wom,<code>wom</code>,1,0.0015873
65,won,<code>won</code>,1,0.0015873
65,worde,<code>worde</code>,1,0.0015873
65,wordum,<code>wordum</code>,1,0.0015873
65,world,<code>world</code>,1,0.0015873
65,worldlife,<code>worldlife</code>,1,0.0015873
65,wr&aelig;ste,<code>wr&amp;ae;ste</code>,1,0.0015873
65,wr&aelig;stre,<code>wr&amp;ae;stre</code>,1,0.0015873
65,wra&eth;scrafu,<code>wra&amp;d;scrafu</code>,1,0.0015873
65,wra&thorn;ra,<code>wra&amp;t;ra</code>,1,0.0015873
65,wra&thorn;re,<code>wra&amp;t;re</code>,1,0.0015873
65,wre&eth;stu&thorn;um,<code>wre&amp;d;stu&amp;t;um</code>,1,0.0015873
65,wrotende,<code>wrotende</code>,1,0.0015873
65,wudu,<code>wudu</code>,1,0.0015873
65,wundne,<code>wundne</code>,1,0.0015873
65,wundorcr&aelig;fte,<code>wundorcr&amp;ae;fte</code>,1,0.0015873
65,wunian,<code>wunian</code>,1,0.0015873
65,wynlic,<code>wynlic</code>,1,0.0015873
65,wynnum,<code>wynnum</code>,1,0.0015873
65,wyrm,<code>wyrm</code>,1,0.0015873
65,wyrslicre,<code>wyrslicre</code>,1,0.0015873
65,yfle,<code>yfle</code>,1,0.0015873
65,yldra,<code>yldra</code>,1,0.0015873
65,ymb,<code>ymb</code>,1,0.0015873
65,ymbclyppan,<code>ymbclyppan</code>,1,0.0015873
65,ymbclyppe,<code>ymbclyppe</code>,1,0.0015873
65,ymbwinde,<code>ymbwinde</code>,1,0.0015873
65,zefferus,<code>zefferus</code>,1,0.0015873
