A_Poetry,A03,A03.022.016_Rid_16_T00470.txt,56,46,75
RANK,HTML WORD,RAW WORD,COUNT,RELATIVE FREQUENCY
1,ic,<code>ic</code>,8,0.1066667
2,gif,<code>gif</code>,3,0.0400000
2,ond,<code>ond</code>,3,0.0400000
2,wi&thorn;,<code>wi&amp;t;</code>,3,0.0400000
5,&thorn;&aelig;s,<code>&amp;t;&amp;ae;s</code>,2,0.0266667
5,&thorn;&aelig;t,<code>&amp;t;&amp;ae;t</code>,2,0.0266667
5,&thorn;onne,<code>&amp;t;onne</code>,2,0.0266667
5,me,<code>me</code>,2,0.0266667
5,mec,<code>mec</code>,2,0.0266667
5,sceal,<code>sceal</code>,2,0.0266667
11,&thorn;am,<code>&amp;t;am</code>,1,0.0133333
11,&thorn;eaht,<code>&amp;t;eaht</code>,1,0.0133333
11,&thorn;ola&eth;,<code>&amp;t;ola&amp;d;</code>,1,0.0133333
11,beo&eth;,<code>beo&amp;d;</code>,1,0.0133333
11,beom,<code>beom</code>,1,0.0133333
11,bi&thorn;,<code>bi&amp;t;</code>,1,0.0133333
11,e&thorn;el,<code>e&amp;t;el</code>,1,0.0133333
11,eor&thorn;an,<code>eor&amp;t;an</code>,1,0.0133333
11,f&aelig;ste,<code>f&amp;ae;ste</code>,1,0.0133333
11,feohtan,<code>feohtan</code>,1,0.0133333
11,flyma&eth;,<code>flyma&amp;d;</code>,1,0.0133333
11,forstonde,<code>forstonde</code>,1,0.0133333
11,fremde,<code>fremde</code>,1,0.0133333
11,fri&thorn;ian,<code>fri&amp;t;ian</code>,1,0.0133333
11,frige,<code>frige</code>,1,0.0133333
11,gehabban,<code>gehabban</code>,1,0.0133333
11,gewinnes,<code>gewinnes</code>,1,0.0133333
11,gewite,<code>gewite</code>,1,0.0133333
11,hatte,<code>hatte</code>,1,0.0133333
11,hi,<code>hi</code>,1,0.0133333
11,him,<code>him</code>,1,0.0133333
11,hw&aelig;t,<code>hw&amp;ae;t</code>,1,0.0133333
11,min,<code>min</code>,1,0.0133333
11,moton,<code>moton</code>,1,0.0133333
11,o&thorn;fergan,<code>o&amp;t;fergan</code>,1,0.0133333
11,oft,<code>oft</code>,1,0.0133333
11,s&aelig;cce,<code>s&amp;ae;cce</code>,1,0.0133333
11,se,<code>se</code>,1,0.0133333
11,secan,<code>secan</code>,1,0.0133333
11,slitende,<code>slitende</code>,1,0.0133333
11,somod,<code>somod</code>,1,0.0133333
11,sona,<code>sona</code>,1,0.0133333
11,stanas,<code>stanas</code>,1,0.0133333
11,steort,<code>steort</code>,1,0.0133333
11,sti&thorn;ne,<code>sti&amp;t;ne</code>,1,0.0133333
11,stille,<code>stille</code>,1,0.0133333
11,strong,<code>strong</code>,1,0.0133333
11,swi&thorn;ran,<code>swi&amp;t;ran</code>,1,0.0133333
11,tos&aelig;le&eth;,<code>tos&amp;ae;le&amp;d;</code>,1,0.0133333
11,w&aelig;ge,<code>w&amp;ae;ge</code>,1,0.0133333
11,weor&thorn;e,<code>weor&amp;t;e</code>,1,0.0133333
11,wi&eth;,<code>wi&amp;d;</code>,1,0.0133333
11,willa&eth;,<code>willa&amp;d;</code>,1,0.0133333
11,winde,<code>winde</code>,1,0.0133333
11,winnan,<code>winnan</code>,1,0.0133333
11,y&thorn;um,<code>y&amp;t;um</code>,1,0.0133333
