A_Poetry,A03,A03.021_Wulf_T00310.txt,85,65,117
RANK,HTML WORD,RAW WORD,COUNT,RELATIVE FREQUENCY
1,is,<code>is</code>,5,0.0427350
1,on,<code>on</code>,5,0.0427350
3,w&aelig;s,<code>w&amp;ae;s</code>,4,0.0341880
3,wulf,<code>wulf</code>,4,0.0341880
5,ic,<code>ic</code>,3,0.0256410
5,me,<code>me</code>,3,0.0256410
7,&thorn;&aelig;t,<code>&amp;t;&amp;ae;t</code>,2,0.0170940
7,&thorn;ine,<code>&amp;t;ine</code>,2,0.0170940
7,&thorn;onne,<code>&amp;t;onne</code>,2,0.0170940
7,&thorn;reat,<code>&amp;t;reat</code>,2,0.0170940
7,a&thorn;ecgan,<code>a&amp;t;ecgan</code>,2,0.0170940
7,cyme&eth;,<code>cyme&amp;d;</code>,2,0.0170940
7,gif,<code>gif</code>,2,0.0170940
7,he,<code>he</code>,2,0.0170940
7,hine,<code>hine</code>,2,0.0170940
7,hy,<code>hy</code>,2,0.0170940
7,mon,<code>mon</code>,2,0.0170940
7,to,<code>to</code>,2,0.0170940
7,us,<code>us</code>,2,0.0170940
7,willa&eth;,<code>willa&amp;d;</code>,2,0.0170940
21,&thorn;&aelig;r,<code>&amp;t;&amp;ae;r</code>,1,0.0085470
21,&thorn;&aelig;tte,<code>&amp;t;&amp;ae;tte</code>,1,0.0085470
21,&thorn;on,<code>&amp;t;on</code>,1,0.0085470
21,&thorn;u,<code>&amp;t;u</code>,1,0.0085470
21,beaducafa,<code>beaducafa</code>,1,0.0085470
21,bilegde,<code>bilegde</code>,1,0.0085470
21,bire&eth;,<code>bire&amp;d;</code>,1,0.0085470
21,biworpen,<code>biworpen</code>,1,0.0085470
21,bogum,<code>bogum</code>,1,0.0085470
21,dogode,<code>dogode</code>,1,0.0085470
21,ea&thorn;e,<code>ea&amp;t;e</code>,1,0.0085470
21,eac,<code>eac</code>,1,0.0085470
21,eadwacer,<code>eadwacer</code>,1,0.0085470
21,earne,<code>earne</code>,1,0.0085470
21,eglond,<code>eglond</code>,1,0.0085470
21,f&aelig;st,<code>f&amp;ae;st</code>,1,0.0085470
21,fenne,<code>fenne</code>,1,0.0085470
21,geador,<code>geador</code>,1,0.0085470
21,gedydon,<code>gedydon</code>,1,0.0085470
21,gehyrest,<code>gehyrest</code>,1,0.0085470
21,gesomnad,<code>gesomnad</code>,1,0.0085470
21,giedd,<code>giedd</code>,1,0.0085470
21,gife,<code>gife</code>,1,0.0085470
21,him,<code>him</code>,1,0.0085470
21,hit,<code>hit</code>,1,0.0085470
21,hw&aelig;&thorn;re,<code>hw&amp;ae;&amp;t;re</code>,1,0.0085470
21,hwelp,<code>hwelp</code>,1,0.0085470
21,iege,<code>iege</code>,1,0.0085470
21,ige,<code>ige</code>,1,0.0085470
21,la&eth;,<code>la&amp;d;</code>,1,0.0085470
21,lac,<code>lac</code>,1,0.0085470
21,leodum,<code>leodum</code>,1,0.0085470
21,mec,<code>mec</code>,1,0.0085470
21,meteliste,<code>meteliste</code>,1,0.0085470
21,min,<code>min</code>,1,0.0085470
21,mines,<code>mines</code>,1,0.0085470
21,minum,<code>minum</code>,1,0.0085470
21,mod,<code>mod</code>,1,0.0085470
21,murnende,<code>murnende</code>,1,0.0085470
21,n&aelig;fre,<code>n&amp;ae;fre</code>,1,0.0085470
21,nales,<code>nales</code>,1,0.0085470
21,o&thorn;erre,<code>o&amp;t;erre</code>,1,0.0085470
21,ond,<code>ond</code>,1,0.0085470
21,renig,<code>renig</code>,1,0.0085470
21,reotugu,<code>reotugu</code>,1,0.0085470
21,s&aelig;t,<code>s&amp;ae;t</code>,1,0.0085470
21,se,<code>se</code>,1,0.0085470
21,seldcymas,<code>seldcymas</code>,1,0.0085470
21,seoce,<code>seoce</code>,1,0.0085470
21,sindon,<code>sindon</code>,1,0.0085470
21,swylce,<code>swylce</code>,1,0.0085470
21,toslite&eth;,<code>toslite&amp;d;</code>,1,0.0085470
21,uncer,<code>uncer</code>,1,0.0085470
21,uncerne,<code>uncerne</code>,1,0.0085470
21,ungelic,<code>ungelic</code>,1,0.0085470
21,ungelice,<code>ungelice</code>,1,0.0085470
21,w&aelig;lreowe,<code>w&amp;ae;lreowe</code>,1,0.0085470
21,weder,<code>weder</code>,1,0.0085470
21,wena,<code>wena</code>,1,0.0085470
21,wenum,<code>wenum</code>,1,0.0085470
21,weras,<code>weras</code>,1,0.0085470
21,widlastum,<code>widlastum</code>,1,0.0085470
21,wuda,<code>wuda</code>,1,0.0085470
21,wulfes,<code>wulfes</code>,1,0.0085470
21,wyn,<code>wyn</code>,1,0.0085470
