A_Poetry,A03,A03.028_Pha_T00960.txt,41,37,45
RANK,HTML WORD,RAW WORD,COUNT,RELATIVE FREQUENCY
1,&thorn;&aelig;r,<code>&amp;t;&amp;ae;r</code>,2,0.0444444
1,&thorn;&aelig;t,<code>&amp;t;&amp;ae;t</code>,2,0.0444444
1,ic,<code>ic</code>,2,0.0444444
1,w&aelig;re,<code>w&amp;ae;re</code>,2,0.0444444
5,&thorn;a,<code>&amp;t;a</code>,1,0.0222222
5,&thorn;urh,<code>&amp;t;urh</code>,1,0.0222222
5,&thorn;us,<code>&amp;t;us</code>,1,0.0222222
5,a,<code>a</code>,1,0.0222222
5,be,<code>be</code>,1,0.0222222
5,butan,<code>butan</code>,1,0.0222222
5,eal,<code>eal</code>,1,0.0222222
5,ealles,<code>ealles</code>,1,0.0222222
5,farones,<code>farones</code>,1,0.0222222
5,feondscipe,<code>feondscipe</code>,1,0.0222222
5,folc,<code>folc</code>,1,0.0222222
5,fornam,<code>fornam</code>,1,0.0222222
5,fylgan,<code>fylgan</code>,1,0.0222222
5,fyrde,<code>fyrde</code>,1,0.0222222
5,gescyred,<code>gescyred</code>,1,0.0222222
5,godes,<code>godes</code>,1,0.0222222
5,hit,<code>hit</code>,1,0.0222222
5,hun,<code>hun</code>,1,0.0222222
5,hw&aelig;t,<code>hw&amp;ae;t</code>,1,0.0222222
5,hy,<code>hy</code>,1,0.0222222
5,in,<code>in</code>,1,0.0222222
5,me,<code>me</code>,1,0.0222222
5,nat,<code>nat</code>,1,0.0222222
5,on,<code>on</code>,1,0.0222222
5,ongunn,<code>ongunn</code>,1,0.0222222
5,rime,<code>rime</code>,1,0.0222222
5,saga,<code>saga</code>,1,0.0222222
5,screoda,<code>screoda</code>,1,0.0222222
5,searoh&aelig;bbendra,<code>searoh&amp;ae;bbendra</code>,1,0.0222222
5,siex,<code>siex</code>,1,0.0222222
5,wene,<code>wene</code>,1,0.0222222
5,weorudes,<code>weorudes</code>,1,0.0222222
5,wihte,<code>wihte</code>,1,0.0222222
5,woruldrice,<code>woruldrice</code>,1,0.0222222
5,wra&thorn;e,<code>wra&amp;t;e</code>,1,0.0222222
5,wyrde,<code>wyrde</code>,1,0.0222222
5,y&thorn;,<code>y&amp;t;</code>,1,0.0222222
