A_Poetry,A03,A03.022.025_Rid_25_T00560.txt,54,49,64
RANK,HTML WORD,RAW WORD,COUNT,RELATIVE FREQUENCY
1,on,<code>on</code>,5,0.0781250
2,mec,<code>mec</code>,4,0.0625000
3,&thorn;&aelig;t,<code>&amp;t;&amp;ae;t</code>,2,0.0312500
3,ic,<code>ic</code>,2,0.0312500
3,min,<code>min</code>,2,0.0312500
6,&thorn;e,<code>&amp;t;e</code>,1,0.0156250
6,anum,<code>anum</code>,1,0.0156250
6,bedde,<code>bedde</code>,1,0.0156250
6,bi&eth;,<code>bi&amp;d;</code>,1,0.0156250
6,bonan,<code>bonan</code>,1,0.0156250
6,burgsittendra,<code>burgsittendra</code>,1,0.0156250
6,ceorles,<code>ceorles</code>,1,0.0156250
6,cyrtenu,<code>cyrtenu</code>,1,0.0156250
6,dohtor,<code>dohtor</code>,1,0.0156250
6,eage,<code>eage</code>,1,0.0156250
6,eom,<code>eom</code>,1,0.0156250
6,f&aelig;sten,<code>f&amp;ae;sten</code>,1,0.0156250
6,fege&eth;,<code>fege&amp;d;</code>,1,0.0156250
6,fele&thorn;,<code>fele&amp;t;</code>,1,0.0156250
6,ful,<code>ful</code>,1,0.0156250
6,gemotes,<code>gemotes</code>,1,0.0156250
6,gripe&eth;,<code>gripe&amp;d;</code>,1,0.0156250
6,heafod,<code>heafod</code>,1,0.0156250
6,heo,<code>heo</code>,1,0.0156250
6,hwilum,<code>hwilum</code>,1,0.0156250
6,hyhte,<code>hyhte</code>,1,0.0156250
6,is,<code>is</code>,1,0.0156250
6,meowle,<code>meowle</code>,1,0.0156250
6,mines,<code>mines</code>,1,0.0156250
6,modwlonc,<code>modwlonc</code>,1,0.0156250
6,n&aelig;ngum,<code>n&amp;ae;ngum</code>,1,0.0156250
6,nathw&aelig;r,<code>nathw&amp;ae;r</code>,1,0.0156250
6,ne&thorn;e&eth;,<code>ne&amp;t;e&amp;d;</code>,1,0.0156250
6,neahbuendum,<code>neahbuendum</code>,1,0.0156250
6,nearwa&eth;,<code>nearwa&amp;d;</code>,1,0.0156250
6,neo&thorn;an,<code>neo&amp;t;an</code>,1,0.0156250
6,nym&thorn;e,<code>nym&amp;t;e</code>,1,0.0156250
6,nyt,<code>nyt</code>,1,0.0156250
6,r&aelig;se&eth;,<code>r&amp;ae;se&amp;d;</code>,1,0.0156250
6,reafa&eth;,<code>reafa&amp;d;</code>,1,0.0156250
6,reodne,<code>reodne</code>,1,0.0156250
6,ruh,<code>ruh</code>,1,0.0156250
6,sce&thorn;&thorn;e,<code>sce&amp;t;&amp;t;e</code>,1,0.0156250
6,seo,<code>seo</code>,1,0.0156250
6,sona,<code>sona</code>,1,0.0156250
6,sta&thorn;ol,<code>sta&amp;t;ol</code>,1,0.0156250
6,steapheah,<code>steapheah</code>,1,0.0156250
6,stonde,<code>stonde</code>,1,0.0156250
6,w&aelig;t,<code>w&amp;ae;t</code>,1,0.0156250
6,wif,<code>wif</code>,1,0.0156250
6,wifum,<code>wifum</code>,1,0.0156250
6,wiht,<code>wiht</code>,1,0.0156250
6,wundenlocc,<code>wundenlocc</code>,1,0.0156250
6,wunderlicu,<code>wunderlicu</code>,1,0.0156250
