A_Poetry,A03,A03.022.050_Rid_50_T00810.txt,52,48,60
RANK,HTML WORD,RAW WORD,COUNT,RELATIVE FREQUENCY
1,him,<code>him</code>,4,0.0666667
2,hine,<code>hine</code>,3,0.0500000
2,on,<code>on</code>,3,0.0500000
4,he,<code>he</code>,2,0.0333333
5,&thorn;am,<code>&amp;t;am</code>,1,0.0166667
5,&thorn;e,<code>&amp;t;e</code>,1,0.0166667
5,&thorn;egnia&eth;,<code>&amp;t;egnia&amp;d;</code>,1,0.0166667
5,&thorn;eowa&thorn;,<code>&amp;t;eowa&amp;t;</code>,1,0.0166667
5,&thorn;one,<code>&amp;t;one</code>,1,0.0166667
5,acenned,<code>acenned</code>,1,0.0166667
5,atyhted,<code>atyhted</code>,1,0.0166667
5,dryhtum,<code>dryhtum</code>,1,0.0166667
5,dumbum,<code>dumbum</code>,1,0.0166667
5,eor&thorn;an,<code>eor&amp;t;an</code>,1,0.0166667
5,f&aelig;gre,<code>f&amp;ae;gre</code>,1,0.0166667
5,feda&eth;,<code>feda&amp;d;</code>,1,0.0166667
5,feond,<code>feond</code>,1,0.0166667
5,feonde,<code>feonde</code>,1,0.0166667
5,forstrangne,<code>forstrangne</code>,1,0.0166667
5,fremum,<code>fremum</code>,1,0.0166667
5,ge&thorn;w&aelig;re,<code>ge&amp;t;w&amp;ae;re</code>,1,0.0166667
5,gemete,<code>gemete</code>,1,0.0166667
5,gif,<code>gif</code>,1,0.0166667
5,grimme,<code>grimme</code>,1,0.0166667
5,here&eth;,<code>here&amp;d;</code>,1,0.0166667
5,his,<code>his</code>,1,0.0166667
5,is,<code>is</code>,1,0.0166667
5,l&aelig;te&eth;,<code>l&amp;ae;te&amp;d;</code>,1,0.0166667
5,leana&eth;,<code>leana&amp;d;</code>,1,0.0166667
5,life,<code>life</code>,1,0.0166667
5,lissum,<code>lissum</code>,1,0.0166667
5,m&aelig;cgas,<code>m&amp;ae;cgas</code>,1,0.0166667
5,m&aelig;ge&eth;,<code>m&amp;ae;ge&amp;d;</code>,1,0.0166667
5,mid,<code>mid</code>,1,0.0166667
5,nytte,<code>nytte</code>,1,0.0166667
5,of,<code>of</code>,1,0.0166667
5,oft,<code>oft</code>,1,0.0166667
5,ond,<code>ond</code>,1,0.0166667
5,ryhte,<code>ryhte</code>,1,0.0166667
5,stepe&eth;,<code>stepe&amp;d;</code>,1,0.0166667
5,teon,<code>teon</code>,1,0.0166667
5,to,<code>to</code>,1,0.0166667
5,torht,<code>torht</code>,1,0.0166667
5,twam,<code>twam</code>,1,0.0166667
5,wel,<code>wel</code>,1,0.0166667
5,weor&thorn;an,<code>weor&amp;t;an</code>,1,0.0166667
5,wif,<code>wif</code>,1,0.0166667
5,wiga,<code>wiga</code>,1,0.0166667
5,wige&eth;,<code>wige&amp;d;</code>,1,0.0166667
5,wloncne,<code>wloncne</code>,1,0.0166667
5,wri&eth;,<code>wri&amp;d;</code>,1,0.0166667
5,wundrum,<code>wundrum</code>,1,0.0166667
