A_Poetry,A03,A03.022.027_Rid_27_T00580.txt,85,73,104
RANK,HTML WORD,RAW WORD,COUNT,RELATIVE FREQUENCY
1,of,<code>of</code>,4,0.0384615
1,ond,<code>ond</code>,4,0.0384615
3,ic,<code>ic</code>,3,0.0288462
3,mec,<code>mec</code>,3,0.0288462
3,on,<code>on</code>,3,0.0288462
6,&thorn;&aelig;t,<code>&amp;t;&amp;ae;t</code>,2,0.0192308
6,d&aelig;ges,<code>d&amp;ae;ges</code>,2,0.0192308
6,eom,<code>eom</code>,2,0.0192308
6,eor&thorn;an,<code>eor&amp;t;an</code>,2,0.0192308
6,he,<code>he</code>,2,0.0192308
6,ne,<code>ne</code>,2,0.0192308
6,sona,<code>sona</code>,2,0.0192308
13,&aelig;fter,<code>&amp;ae;fter</code>,1,0.0096154
13,&aelig;r,<code>&amp;ae;r</code>,1,0.0096154
13,&eth;e,<code>&amp;d;e</code>,1,0.0096154
13,&thorn;e,<code>&amp;t;e</code>,1,0.0096154
13,ba&thorn;edan,<code>ba&amp;t;edan</code>,1,0.0096154
13,be,<code>be</code>,1,0.0096154
13,bearwum,<code>bearwum</code>,1,0.0096154
13,binde,<code>binde</code>,1,0.0096154
13,bindere,<code>bindere</code>,1,0.0096154
13,binumen,<code>binumen</code>,1,0.0096154
13,bistolen,<code>bistolen</code>,1,0.0096154
13,brungen,<code>brungen</code>,1,0.0096154
13,burghleo&thorn;um,<code>burghleo&amp;t;um</code>,1,0.0096154
13,bydene,<code>bydene</code>,1,0.0096154
13,ceorl,<code>ceorl</code>,1,0.0096154
13,denum,<code>denum</code>,1,0.0096154
13,dole,<code>dole</code>,1,0.0096154
13,dunum,<code>dunum</code>,1,0.0096154
13,dyntum,<code>dyntum</code>,1,0.0096154
13,ealdne,<code>ealdne</code>,1,0.0096154
13,esnas,<code>esnas</code>,1,0.0096154
13,esne,<code>esne</code>,1,0.0096154
13,fe&thorn;re,<code>fe&amp;t;re</code>,1,0.0096154
13,feh&eth;,<code>feh&amp;d;</code>,1,0.0096154
13,feredon,<code>feredon</code>,1,0.0096154
13,folma,<code>folma</code>,1,0.0096154
13,fota,<code>fota</code>,1,0.0096154
13,frige,<code>frige</code>,1,0.0096154
13,funden,<code>funden</code>,1,0.0096154
13,gen&aelig;ste&eth;,<code>gen&amp;ae;ste&amp;d;</code>,1,0.0096154
13,geswice&eth;,<code>geswice&amp;d;</code>,1,0.0096154
13,geweald,<code>geweald</code>,1,0.0096154
13,gif,<code>gif</code>,1,0.0096154
13,h&aelig;le&eth;,<code>h&amp;ae;le&amp;d;</code>,1,0.0096154
13,hatte,<code>hatte</code>,1,0.0096154
13,his,<code>his</code>,1,0.0096154
13,hleo,<code>hleo</code>,1,0.0096154
13,hrofes,<code>hrofes</code>,1,0.0096154
13,hrusan,<code>hrusan</code>,1,0.0096154
13,hrycge,<code>hrycge</code>,1,0.0096154
13,hw&aelig;t,<code>hw&amp;ae;t</code>,1,0.0096154
13,hwilum,<code>hwilum</code>,1,0.0096154
13,in,<code>in</code>,1,0.0096154
13,leohte,<code>leohte</code>,1,0.0096154
13,lifte,<code>lifte</code>,1,0.0096154
13,liste,<code>liste</code>,1,0.0096154
13,m&aelig;gen&thorn;isan,<code>m&amp;ae;gen&amp;t;isan</code>,1,0.0096154
13,m&aelig;gene,<code>m&amp;ae;gene</code>,1,0.0096154
13,mid,<code>mid</code>,1,0.0096154
13,minre,<code>minre</code>,1,0.0096154
13,modes,<code>modes</code>,1,0.0096154
13,nah,<code>nah</code>,1,0.0096154
13,nu,<code>nu</code>,1,0.0096154
13,onfinde&eth;,<code>onfinde&amp;d;</code>,1,0.0096154
13,ongean,<code>ongean</code>,1,0.0096154
13,sceal,<code>sceal</code>,1,0.0096154
13,se,<code>se</code>,1,0.0096154
13,secan,<code>secan</code>,1,0.0096154
13,si&thorn;&thorn;an,<code>si&amp;t;&amp;t;an</code>,1,0.0096154
13,spr&aelig;ce,<code>spr&amp;ae;ce</code>,1,0.0096154
13,strengo,<code>strengo</code>,1,0.0096154
13,strong,<code>strong</code>,1,0.0096154
13,swa,<code>swa</code>,1,0.0096154
13,swingere,<code>swingere</code>,1,0.0096154
13,to,<code>to</code>,1,0.0096154
13,under,<code>under</code>,1,0.0096154
13,unr&aelig;des,<code>unr&amp;ae;des</code>,1,0.0096154
13,w&aelig;gun,<code>w&amp;ae;gun</code>,1,0.0096154
13,weor&eth;,<code>weor&amp;d;</code>,1,0.0096154
13,weorpe,<code>weorpe</code>,1,0.0096154
13,werum,<code>werum</code>,1,0.0096154
13,wi&eth;,<code>wi&amp;d;</code>,1,0.0096154
13,wide,<code>wide</code>,1,0.0096154
