A_Poetry,A03,A03.027_Alms_T00950.txt,47,41,54
RANK,HTML WORD,RAW WORD,COUNT,RELATIVE FREQUENCY
1,he,<code>he</code>,3,0.0555556
2,&thorn;&aelig;t,<code>&amp;t;&amp;ae;t</code>,2,0.0370370
2,for,<code>for</code>,2,0.0370370
2,him,<code>him</code>,2,0.0370370
2,mid,<code>mid</code>,2,0.0370370
2,swa,<code>swa</code>,2,0.0370370
7,&aelig;lmessan,<code>&amp;ae;lmessan</code>,1,0.0185185
7,&thorn;am,<code>&amp;t;am</code>,1,0.0185185
7,&thorn;e,<code>&amp;t;e</code>,1,0.0185185
7,&thorn;one,<code>&amp;t;one</code>,1,0.0185185
7,adw&aelig;sce,<code>adw&amp;ae;sce</code>,1,0.0185185
7,bi&eth;,<code>bi&amp;d;</code>,1,0.0185185
7,bi&thorn;,<code>bi&amp;t;</code>,1,0.0185185
7,blac,<code>blac</code>,1,0.0185185
7,burgum,<code>burgum</code>,1,0.0185185
7,byrnende,<code>byrnende</code>,1,0.0185185
7,doma,<code>doma</code>,1,0.0185185
7,dryhtne,<code>dryhtne</code>,1,0.0185185
7,ealle,<code>ealle</code>,1,0.0185185
7,efne,<code>efne</code>,1,0.0185185
7,eorle,<code>eorle</code>,1,0.0185185
7,hafa&eth;,<code>hafa&amp;d;</code>,1,0.0185185
7,heortan,<code>heortan</code>,1,0.0185185
7,innan,<code>innan</code>,1,0.0185185
7,lacna&eth;,<code>lacna&amp;d;</code>,1,0.0185185
7,leg,<code>leg</code>,1,0.0185185
7,leng,<code>leng</code>,1,0.0185185
7,m&aelig;g,<code>m&amp;ae;g</code>,1,0.0185185
7,m&aelig;st,<code>m&amp;ae;st</code>,1,0.0185185
7,ne,<code>ne</code>,1,0.0185185
7,on,<code>on</code>,1,0.0185185
7,ond,<code>ond</code>,1,0.0185185
7,re&thorn;ehygdig,<code>re&amp;t;ehygdig</code>,1,0.0185185
7,rume,<code>rume</code>,1,0.0185185
7,sawla,<code>sawla</code>,1,0.0185185
7,sce&eth;&eth;an,<code>sce&amp;d;&amp;d;an</code>,1,0.0185185
7,selast,<code>selast</code>,1,0.0185185
7,synna,<code>synna</code>,1,0.0185185
7,toscufe&eth;,<code>toscufe&amp;d;</code>,1,0.0185185
7,ussum,<code>ussum</code>,1,0.0185185
7,w&aelig;tre,<code>w&amp;ae;tre</code>,1,0.0185185
7,weallendan,<code>weallendan</code>,1,0.0185185
7,wel,<code>wel</code>,1,0.0185185
7,weor&eth;mynda,<code>weor&amp;d;mynda</code>,1,0.0185185
7,wer,<code>wer</code>,1,0.0185185
7,worulde,<code>worulde</code>,1,0.0185185
7,wunde,<code>wunde</code>,1,0.0185185
