A_Poetry,A03,A03.034.005_Rid_65_T01070.txt,38,32,50
RANK,HTML WORD,RAW WORD,COUNT,RELATIVE FREQUENCY
1,ic,<code>ic</code>,6,0.1200000
2,mec,<code>mec</code>,4,0.0800000
3,bite,<code>bite</code>,2,0.0400000
3,ne,<code>ne</code>,2,0.0400000
3,on,<code>on</code>,2,0.0400000
3,w&aelig;s,<code>w&amp;ae;s</code>,2,0.0400000
7,&aelig;ghwa,<code>&amp;ae;ghwa</code>,1,0.0200000
7,&aelig;r,<code>&amp;ae;r</code>,1,0.0200000
7,&thorn;ara,<code>&amp;t;ara</code>,1,0.0200000
7,&thorn;e,<code>&amp;t;e</code>,1,0.0200000
7,b&aelig;r,<code>b&amp;ae;r</code>,1,0.0200000
7,bita&eth;,<code>bita&amp;d;</code>,1,0.0200000
7,bite&eth;,<code>bite&amp;d;</code>,1,0.0200000
7,brice&eth;,<code>brice&amp;d;</code>,1,0.0200000
7,cw&aelig;&eth;,<code>cw&amp;ae;&amp;d;</code>,1,0.0200000
7,cwele,<code>cwele</code>,1,0.0200000
7,cwico,<code>cwico</code>,1,0.0200000
7,cwom,<code>cwom</code>,1,0.0200000
7,efne,<code>efne</code>,1,0.0200000
7,eft,<code>eft</code>,1,0.0200000
7,hafa&eth;,<code>hafa&amp;d;</code>,1,0.0200000
7,he,<code>he</code>,1,0.0200000
7,headre,<code>headre</code>,1,0.0200000
7,heafod,<code>heafod</code>,1,0.0200000
7,lic,<code>lic</code>,1,0.0200000
7,me,<code>me</code>,1,0.0200000
7,min,<code>min</code>,1,0.0200000
7,mine,<code>mine</code>,1,0.0200000
7,monige,<code>monige</code>,1,0.0200000
7,monnan,<code>monnan</code>,1,0.0200000
7,nymp&thorn;e,<code>nymp&amp;t;e</code>,1,0.0200000
7,ond,<code>ond</code>,1,0.0200000
7,reafa&eth;,<code>reafa&amp;d;</code>,1,0.0200000
7,scire&thorn;,<code>scire&amp;t;</code>,1,0.0200000
7,se&thorn;eah,<code>se&amp;t;eah</code>,1,0.0200000
7,sindan,<code>sindan</code>,1,0.0200000
7,wiht,<code>wiht</code>,1,0.0200000
7,wisan,<code>wisan</code>,1,0.0200000
