A_Poetry,A03,A03.034.003_Rid_63_T01050.txt,59,54,67
RANK,HTML WORD,RAW WORD,COUNT,RELATIVE FREQUENCY
1,ic,<code>ic</code>,4,0.0597015
2,on,<code>on</code>,3,0.0447761
3,&thorn;&aelig;r,<code>&amp;t;&amp;ae;r</code>,2,0.0298507
3,&thorn;onne,<code>&amp;t;onne</code>,2,0.0298507
3,for&eth;,<code>for&amp;d;</code>,2,0.0298507
6,&thorn;a,<code>&amp;t;a</code>,1,0.0149254
6,&thorn;y,<code>&amp;t;y</code>,1,0.0149254
6,&thorn;y&eth;,<code>&amp;t;y&amp;d;</code>,1,0.0149254
6,an,<code>an</code>,1,0.0149254
6,beo&thorn;,<code>beo&amp;t;</code>,1,0.0149254
6,bi&eth;,<code>bi&amp;d;</code>,1,0.0149254
6,boren,<code>boren</code>,1,0.0149254
6,cofan,<code>cofan</code>,1,0.0149254
6,cyme,<code>cyme</code>,1,0.0149254
6,cysse&eth;,<code>cysse&amp;d;</code>,1,0.0149254
6,drinca&eth;,<code>drinca&amp;d;</code>,1,0.0149254
6,eac,<code>eac</code>,1,0.0149254
6,eom,<code>eom</code>,1,0.0149254
6,esne,<code>esne</code>,1,0.0149254
6,f&aelig;&eth;me,<code>f&amp;ae;&amp;d;me</code>,1,0.0149254
6,f&aelig;gre,<code>f&amp;ae;gre</code>,1,0.0149254
6,folm,<code>folm</code>,1,0.0149254
6,fulre,<code>fulre</code>,1,0.0149254
6,geryde,<code>geryde</code>,1,0.0149254
6,getacnad,<code>getacnad</code>,1,0.0149254
6,gl&aelig;d,<code>gl&amp;ae;d</code>,1,0.0149254
6,golde,<code>golde</code>,1,0.0149254
6,grum,<code>grum</code>,1,0.0149254
6,guman,<code>guman</code>,1,0.0149254
6,his,<code>his</code>,1,0.0149254
6,hw&aelig;t,<code>hw&amp;ae;t</code>,1,0.0149254
6,hwilum,<code>hwilum</code>,1,0.0149254
6,leas,<code>leas</code>,1,0.0149254
6,leohte,<code>leohte</code>,1,0.0149254
6,m&aelig;g,<code>m&amp;ae;g</code>,1,0.0149254
6,me,<code>me</code>,1,0.0149254
6,mec,<code>mec</code>,1,0.0149254
6,mi&thorn;an,<code>mi&amp;t;an</code>,1,0.0149254
6,mid,<code>mid</code>,1,0.0149254
6,mu&thorn;e,<code>mu&amp;t;e</code>,1,0.0149254
6,ne,<code>ne</code>,1,0.0149254
6,oft,<code>oft</code>,1,0.0149254
6,on&thorn;eon,<code>on&amp;t;eon</code>,1,0.0149254
6,r,<code>r</code>,1,0.0149254
6,rinc,<code>rinc</code>,1,0.0149254
6,sceal,<code>sceal</code>,1,0.0149254
6,secga,<code>secga</code>,1,0.0149254
6,seledreame,<code>seledreame</code>,1,0.0149254
6,sona,<code>sona</code>,1,0.0149254
6,swylce,<code>swylce</code>,1,0.0149254
6,te,<code>te</code>,1,0.0149254
6,tillic,<code>tillic</code>,1,0.0149254
6,to,<code>to</code>,1,0.0149254
6,tu,<code>tu</code>,1,0.0149254
6,unc,<code>unc</code>,1,0.0149254
6,w&aelig;s,<code>w&amp;ae;s</code>,1,0.0149254
6,willa,<code>willa</code>,1,0.0149254
6,wit,<code>wit</code>,1,0.0149254
6,wyrce&eth;,<code>wyrce&amp;d;</code>,1,0.0149254
