A_Poetry,A03,A03.034.034_Rid_94_T01350.txt,17,16,20
RANK,HTML WORD,RAW WORD,COUNT,RELATIVE FREQUENCY
1,&thorn;onne,<code>&amp;t;onne</code>,4,0.2000000
2,&thorn;is,<code>&amp;t;is</code>,1,0.0500000
2,&thorn;on,<code>&amp;t;on</code>,1,0.0500000
2,ad,<code>ad</code>,1,0.0500000
2,eall,<code>eall</code>,1,0.0500000
2,gl&aelig;dre,<code>gl&amp;ae;dre</code>,1,0.0500000
2,heofon,<code>heofon</code>,1,0.0500000
2,hyrre,<code>hyrre</code>,1,0.0500000
2,leofre,<code>leofre</code>,1,0.0500000
2,leoht,<code>leoht</code>,1,0.0500000
2,leohtre,<code>leohtre</code>,1,0.0500000
2,sealtry,<code>sealtry</code>,1,0.0500000
2,sme&thorn;r,<code>sme&amp;t;r</code>,1,0.0500000
2,smeare,<code>smeare</code>,1,0.0500000
2,style,<code>style</code>,1,0.0500000
2,sunne,<code>sunne</code>,1,0.0500000
2,w,<code>w</code>,1,0.0500000
