A_Poetry,A03,A03.007_Gifts_T00170.txt,375,303,605
RANK,HTML WORD,RAW WORD,COUNT,RELATIVE FREQUENCY
1,sum,<code>sum</code>,41,0.0677686
2,bi&eth;,<code>bi&amp;d;</code>,25,0.0413223
3,on,<code>on</code>,14,0.0231405
4,ond,<code>ond</code>,12,0.0198347
5,he,<code>he</code>,10,0.0165289
6,&thorn;&aelig;s,<code>&amp;t;&amp;ae;s</code>,8,0.0132231
6,bi&thorn;,<code>bi&amp;t;</code>,8,0.0132231
8,in,<code>in</code>,6,0.0099174
8,sumum,<code>sumum</code>,6,0.0099174
8,to,<code>to</code>,6,0.0099174
11,&thorn;&aelig;t,<code>&amp;t;&amp;ae;t</code>,5,0.0082645
11,&thorn;onne,<code>&amp;t;onne</code>,5,0.0082645
11,hafa&eth;,<code>hafa&amp;d;</code>,5,0.0082645
11,him,<code>him</code>,5,0.0082645
11,his,<code>his</code>,5,0.0082645
11,m&aelig;g,<code>m&amp;ae;g</code>,5,0.0082645
11,ofer,<code>ofer</code>,5,0.0082645
18,gleaw,<code>gleaw</code>,4,0.0066116
18,ne,<code>ne</code>,4,0.0066116
18,o&thorn;&thorn;e,<code>o&amp;t;&amp;t;e</code>,4,0.0066116
21,&aelig;nig,<code>&amp;ae;nig</code>,3,0.0049587
21,&thorn;&aelig;r,<code>&amp;t;&amp;ae;r</code>,3,0.0049587
21,&thorn;y,<code>&amp;t;y</code>,3,0.0049587
21,con,<code>con</code>,3,0.0049587
21,ealle,<code>ealle</code>,3,0.0049587
21,god,<code>god</code>,3,0.0049587
21,her,<code>her</code>,3,0.0049587
21,l&aelig;s,<code>l&amp;ae;s</code>,3,0.0049587
21,mod,<code>mod</code>,3,0.0049587
21,mode,<code>mode</code>,3,0.0049587
21,monna,<code>monna</code>,3,0.0049587
21,monnum,<code>monnum</code>,3,0.0049587
21,se,<code>se</code>,3,0.0049587
21,swa,<code>swa</code>,3,0.0049587
21,wis,<code>wis</code>,3,0.0049587
36,&aelig;t,<code>&amp;ae;t</code>,2,0.0033058
36,&thorn;a,<code>&amp;t;a</code>,2,0.0033058
36,&thorn;ara,<code>&amp;t;ara</code>,2,0.0033058
36,&thorn;e,<code>&amp;t;e</code>,2,0.0033058
36,&thorn;earfe,<code>&amp;t;earfe</code>,2,0.0033058
36,&thorn;egn,<code>&amp;t;egn</code>,2,0.0033058
36,&thorn;eodne,<code>&amp;t;eodne</code>,2,0.0033058
36,&thorn;urh,<code>&amp;t;urh</code>,2,0.0033058
36,a,<code>a</code>,2,0.0033058
36,ac,<code>ac</code>,2,0.0033058
36,ah,<code>ah</code>,2,0.0033058
36,cr&aelig;fta,<code>cr&amp;ae;fta</code>,2,0.0033058
36,cr&aelig;ftig,<code>cr&amp;ae;ftig</code>,2,0.0033058
36,eft,<code>eft</code>,2,0.0033058
36,eor&thorn;an,<code>eor&amp;t;an</code>,2,0.0033058
36,f&aelig;ste,<code>f&amp;ae;ste</code>,2,0.0033058
36,fela,<code>fela</code>,2,0.0033058
36,for,<code>for</code>,2,0.0033058
36,for&eth;,<code>for&amp;d;</code>,2,0.0033058
36,geofona,<code>geofona</code>,2,0.0033058
36,gewitte,<code>gewitte</code>,2,0.0033058
36,giefe,<code>giefe</code>,2,0.0033058
36,lifes,<code>lifes</code>,2,0.0033058
36,men,<code>men</code>,2,0.0033058
36,mid,<code>mid</code>,2,0.0033058
36,milde,<code>milde</code>,2,0.0033058
36,missenlice,<code>missenlice</code>,2,0.0033058
36,modes,<code>modes</code>,2,0.0033058
36,mon,<code>mon</code>,2,0.0033058
36,o&eth;&eth;e,<code>o&amp;d;&amp;d;e</code>,2,0.0033058
36,swi&eth;,<code>swi&amp;d;</code>,2,0.0033058
36,syle&eth;,<code>syle&amp;d;</code>,2,0.0033058
36,weard,<code>weard</code>,2,0.0033058
36,wi&eth;,<code>wi&amp;d;</code>,2,0.0033058
36,wide,<code>wide</code>,2,0.0033058
36,wige,<code>wige</code>,2,0.0033058
36,wlite,<code>wlite</code>,2,0.0033058
73,&aelig;fre,<code>&amp;ae;fre</code>,1,0.0016529
73,&aelig;ghwylc,<code>&amp;ae;ghwylc</code>,1,0.0016529
73,&aelig;hta,<code>&amp;ae;hta</code>,1,0.0016529
73,&aelig;lmesgeorn,<code>&amp;ae;lmesgeorn</code>,1,0.0016529
73,&aelig;tsomne,<code>&amp;ae;tsomne</code>,1,0.0016529
73,&thorn;&aelig;re,<code>&amp;t;&amp;ae;re</code>,1,0.0016529
73,&thorn;afa&eth;,<code>&amp;t;afa&amp;d;</code>,1,0.0016529
73,&thorn;eawf&aelig;stne,<code>&amp;t;eawf&amp;ae;stne</code>,1,0.0016529
73,&thorn;eawum,<code>&amp;t;eawum</code>,1,0.0016529
73,&thorn;eode,<code>&amp;t;eode</code>,1,0.0016529
73,&thorn;inga,<code>&amp;t;inga</code>,1,0.0016529
73,&thorn;is,<code>&amp;t;is</code>,1,0.0016529
73,&thorn;isne,<code>&amp;t;isne</code>,1,0.0016529
73,&thorn;isses,<code>&amp;t;isses</code>,1,0.0016529
73,&thorn;risthydigra,<code>&amp;t;risthydigra</code>,1,0.0016529
73,&thorn;rym,<code>&amp;t;rym</code>,1,0.0016529
73,age,<code>age</code>,1,0.0016529
73,agne,<code>agne</code>,1,0.0016529
73,ahycgan,<code>ahycgan</code>,1,0.0016529
73,ana,<code>ana</code>,1,0.0016529
73,anes,<code>anes</code>,1,0.0016529
73,anum,<code>anum</code>,1,0.0016529
73,arf&aelig;st,<code>arf&amp;ae;st</code>,1,0.0016529
73,argifa,<code>argifa</code>,1,0.0016529
73,arum,<code>arum</code>,1,0.0016529
73,asettan,<code>asettan</code>,1,0.0016529
73,astige,<code>astige</code>,1,0.0016529
73,awritanne,<code>awritanne</code>,1,0.0016529
73,beadocr&aelig;ftig,<code>beadocr&amp;ae;ftig</code>,1,0.0016529
73,beorhte,<code>beorhte</code>,1,0.0016529
73,beorhyrde,<code>beorhyrde</code>,1,0.0016529
73,beorn,<code>beorn</code>,1,0.0016529
73,bewinde&thorn;,<code>bewinde&amp;t;</code>,1,0.0016529
73,biscyrge,<code>biscyrge</code>,1,0.0016529
73,bl&aelig;d,<code>bl&amp;ae;d</code>,1,0.0016529
73,boca,<code>boca</code>,1,0.0016529
73,bord,<code>bord</code>,1,0.0016529
73,bregda&eth;,<code>bregda&amp;d;</code>,1,0.0016529
73,brytta&eth;,<code>brytta&amp;d;</code>,1,0.0016529
73,bylda,<code>bylda</code>,1,0.0016529
73,circnytta,<code>circnytta</code>,1,0.0016529
73,cr&aelig;ft,<code>cr&amp;ae;ft</code>,1,0.0016529
73,cr&aelig;ftum,<code>cr&amp;ae;ftum</code>,1,0.0016529
73,cy&thorn;e&eth;,<code>cy&amp;t;e&amp;d;</code>,1,0.0016529
73,cynne,<code>cynne</code>,1,0.0016529
73,cystum,<code>cystum</code>,1,0.0016529
73,d&aelig;l,<code>d&amp;ae;l</code>,1,0.0016529
73,d&aelig;le&eth;,<code>d&amp;ae;le&amp;d;</code>,1,0.0016529
73,deme&eth;,<code>deme&amp;d;</code>,1,0.0016529
73,deofles,<code>deofles</code>,1,0.0016529
73,deora,<code>deora</code>,1,0.0016529
73,deormod,<code>deormod</code>,1,0.0016529
73,dom,<code>dom</code>,1,0.0016529
73,domas,<code>domas</code>,1,0.0016529
73,domes,<code>domes</code>,1,0.0016529
73,dr&aelig;fend,<code>dr&amp;ae;fend</code>,1,0.0016529
73,dryhten,<code>dryhten</code>,1,0.0016529
73,dryhtguman,<code>dryhtguman</code>,1,0.0016529
73,dryhtwuniendra,<code>dryhtwuniendra</code>,1,0.0016529
73,dugu&thorn;e,<code>dugu&amp;t;e</code>,1,0.0016529
73,dyre,<code>dyre</code>,1,0.0016529
73,eahtia&eth;,<code>eahtia&amp;d;</code>,1,0.0016529
73,ealles,<code>ealles</code>,1,0.0016529
73,ealne,<code>ealne</code>,1,0.0016529
73,ealra,<code>ealra</code>,1,0.0016529
73,earfo&eth;s&aelig;lig,<code>earfo&amp;d;s&amp;ae;lig</code>,1,0.0016529
73,earm,<code>earm</code>,1,0.0016529
73,eor&eth;welan,<code>eor&amp;d;welan</code>,1,0.0016529
73,est,<code>est</code>,1,0.0016529
73,f&aelig;rdryrum,<code>f&amp;ae;rdryrum</code>,1,0.0016529
73,f&aelig;stgongel,<code>f&amp;ae;stgongel</code>,1,0.0016529
73,fe&thorn;espedig,<code>fe&amp;t;espedig</code>,1,0.0016529
73,fealone,<code>fealone</code>,1,0.0016529
73,fer&eth;,<code>fer&amp;d;</code>,1,0.0016529
73,firenum,<code>firenum</code>,1,0.0016529
73,flyge,<code>flyge</code>,1,0.0016529
73,folca,<code>folca</code>,1,0.0016529
73,folcr&aelig;denne,<code>folcr&amp;ae;denne</code>,1,0.0016529
73,folcwita,<code>folcwita</code>,1,0.0016529
73,foldan,<code>foldan</code>,1,0.0016529
73,for&eth;gesynra,<code>for&amp;d;gesynra</code>,1,0.0016529
73,fore,<code>fore</code>,1,0.0016529
73,forhycge,<code>forhycge</code>,1,0.0016529
73,forl&aelig;te,<code>forl&amp;ae;te</code>,1,0.0016529
73,freolic,<code>freolic</code>,1,0.0016529
73,from,<code>from</code>,1,0.0016529
73,fugelbona,<code>fugelbona</code>,1,0.0016529
73,ful,<code>ful</code>,1,0.0016529
73,fur&thorn;or,<code>fur&amp;t;or</code>,1,0.0016529
73,fyrdwisa,<code>fyrdwisa</code>,1,0.0016529
73,g&aelig;stberend,<code>g&amp;ae;stberend</code>,1,0.0016529
73,g&aelig;stes,<code>g&amp;ae;stes</code>,1,0.0016529
73,gares,<code>gares</code>,1,0.0016529
73,ge&thorn;oht,<code>ge&amp;t;oht</code>,1,0.0016529
73,ge&thorn;ohtas,<code>ge&amp;t;ohtas</code>,1,0.0016529
73,ge&thorn;w&aelig;re,<code>ge&amp;t;w&amp;ae;re</code>,1,0.0016529
73,ge&thorn;yde,<code>ge&amp;t;yde</code>,1,0.0016529
73,ge&thorn;yld,<code>ge&amp;t;yld</code>,1,0.0016529
73,ge&thorn;ylde,<code>ge&amp;t;ylde</code>,1,0.0016529
73,gearo,<code>gearo</code>,1,0.0016529
73,gearobrygda,<code>gearobrygda</code>,1,0.0016529
73,gearuwyrdig,<code>gearuwyrdig</code>,1,0.0016529
73,geceose&eth;,<code>geceose&amp;d;</code>,1,0.0016529
73,ged&aelig;le&eth;,<code>ged&amp;ae;le&amp;d;</code>,1,0.0016529
73,gefegan,<code>gefegan</code>,1,0.0016529
73,gefeged,<code>gefeged</code>,1,0.0016529
73,gefeoht,<code>gefeoht</code>,1,0.0016529
73,gefremman,<code>gefremman</code>,1,0.0016529
73,gegearwade,<code>gegearwade</code>,1,0.0016529
73,gehw&aelig;s,<code>gehw&amp;ae;s</code>,1,0.0016529
73,gehweorf,<code>gehweorf</code>,1,0.0016529
73,gehwylcre,<code>gehwylcre</code>,1,0.0016529
73,gehycgan,<code>gehycgan</code>,1,0.0016529
73,gel&aelig;red,<code>gel&amp;ae;red</code>,1,0.0016529
73,gemete,<code>gemete</code>,1,0.0016529
73,geond,<code>geond</code>,1,0.0016529
73,geongra,<code>geongra</code>,1,0.0016529
73,geornlice,<code>geornlice</code>,1,0.0016529
73,gestige&eth;,<code>gestige&amp;d;</code>,1,0.0016529
73,geweald,<code>geweald</code>,1,0.0016529
73,gewealden,<code>gewealden</code>,1,0.0016529
73,gewealdenmod,<code>gewealdenmod</code>,1,0.0016529
73,geweor&eth;e,<code>geweor&amp;d;e</code>,1,0.0016529
73,gewinnes,<code>gewinnes</code>,1,0.0016529
73,gewittig,<code>gewittig</code>,1,0.0016529
73,geworhte,<code>geworhte</code>,1,0.0016529
73,gewyrce&eth;,<code>gewyrce&amp;d;</code>,1,0.0016529
73,giedda,<code>giedda</code>,1,0.0016529
73,giefe&eth;,<code>giefe&amp;d;</code>,1,0.0016529
73,gielpes,<code>gielpes</code>,1,0.0016529
73,gif,<code>gif</code>,1,0.0016529
73,gife,<code>gife</code>,1,0.0016529
73,giff&aelig;st,<code>giff&amp;ae;st</code>,1,0.0016529
73,gilp,<code>gilp</code>,1,0.0016529
73,gimma,<code>gimma</code>,1,0.0016529
73,gleobeames,<code>gleobeames</code>,1,0.0016529
73,gleod&aelig;da,<code>gleod&amp;ae;da</code>,1,0.0016529
73,goldes,<code>goldes</code>,1,0.0016529
73,gomen,<code>gomen</code>,1,0.0016529
73,gretan,<code>gretan</code>,1,0.0016529
73,gum&thorn;egnum,<code>gum&amp;t;egnum</code>,1,0.0016529
73,gumena,<code>gumena</code>,1,0.0016529
73,h&aelig;le,<code>h&amp;ae;le</code>,1,0.0016529
73,hafa&thorn;,<code>hafa&amp;t;</code>,1,0.0016529
73,hafeces,<code>hafeces</code>,1,0.0016529
73,halige,<code>halige</code>,1,0.0016529
73,ham,<code>ham</code>,1,0.0016529
73,hate&eth;,<code>hate&amp;d;</code>,1,0.0016529
73,hea&thorn;ubyrnan,<code>hea&amp;t;ubyrnan</code>,1,0.0016529
73,heahtimbra,<code>heahtimbra</code>,1,0.0016529
73,healice,<code>healice</code>,1,0.0016529
73,heanspedigran,<code>heanspedigran</code>,1,0.0016529
73,heard,<code>heard</code>,1,0.0016529
73,heards&aelig;lig,<code>heards&amp;ae;lig</code>,1,0.0016529
73,hearpan,<code>hearpan</code>,1,0.0016529
73,hebbanne,<code>hebbanne</code>,1,0.0016529
73,helm,<code>helm</code>,1,0.0016529
73,heortan,<code>heortan</code>,1,0.0016529
73,heretoga,<code>heretoga</code>,1,0.0016529
73,hergan,<code>hergan</code>,1,0.0016529
73,hi,<code>hi</code>,1,0.0016529
73,hider,<code>hider</code>,1,0.0016529
73,hilde,<code>hilde</code>,1,0.0016529
73,hine,<code>hine</code>,1,0.0016529
73,hlude,<code>hlude</code>,1,0.0016529
73,hold,<code>hold</code>,1,0.0016529
73,holm,<code>holm</code>,1,0.0016529
73,hond,<code>hond</code>,1,0.0016529
73,hondum,<code>hondum</code>,1,0.0016529
73,horse,<code>horse</code>,1,0.0016529
73,hr&aelig;dt&aelig;fle,<code>hr&amp;ae;dt&amp;ae;fle</code>,1,0.0016529
73,hre&eth;eadigra,<code>hre&amp;d;eadigra</code>,1,0.0016529
73,hunto&thorn;e,<code>hunto&amp;t;e</code>,1,0.0016529
73,hupseax,<code>hupseax</code>,1,0.0016529
73,hw&aelig;&thorn;re,<code>hw&amp;ae;&amp;t;re</code>,1,0.0016529
73,hw&aelig;t,<code>hw&amp;ae;t</code>,1,0.0016529
73,hweorfe,<code>hweorfe</code>,1,0.0016529
73,l&aelig;thydig,<code>l&amp;ae;thydig</code>,1,0.0016529
73,larum,<code>larum</code>,1,0.0016529
73,leo&eth;a,<code>leo&amp;d;a</code>,1,0.0016529
73,leo&thorn;ocr&aelig;ftas,<code>leo&amp;t;ocr&amp;ae;ftas</code>,1,0.0016529
73,leo&thorn;uf&aelig;st,<code>leo&amp;t;uf&amp;ae;st</code>,1,0.0016529
73,leo&thorn;uwac,<code>leo&amp;t;uwac</code>,1,0.0016529
73,leoda,<code>leoda</code>,1,0.0016529
73,leofwende,<code>leofwende</code>,1,0.0016529
73,leoht,<code>leoht</code>,1,0.0016529
73,leohtb&aelig;re,<code>leohtb&amp;ae;re</code>,1,0.0016529
73,lif,<code>lif</code>,1,0.0016529
73,list,<code>list</code>,1,0.0016529
73,listhendig,<code>listhendig</code>,1,0.0016529
73,lof,<code>lof</code>,1,0.0016529
73,lofsongum,<code>lofsongum</code>,1,0.0016529
73,londbuendum,<code>londbuendum</code>,1,0.0016529
73,londe,<code>londe</code>,1,0.0016529
73,lytelhydig,<code>lytelhydig</code>,1,0.0016529
73,m&aelig;&eth;le,<code>m&amp;ae;&amp;d;le</code>,1,0.0016529
73,m&aelig;gend&aelig;da,<code>m&amp;ae;gend&amp;ae;da</code>,1,0.0016529
73,m&aelig;geneacen,<code>m&amp;ae;geneacen</code>,1,0.0016529
73,m&aelig;genstrengo,<code>m&amp;ae;genstrengo</code>,1,0.0016529
73,m&aelig;gne,<code>m&amp;ae;gne</code>,1,0.0016529
73,m&aelig;r&thorn;e,<code>m&amp;ae;r&amp;t;e</code>,1,0.0016529
73,m&aelig;r&thorn;um,<code>m&amp;ae;r&amp;t;um</code>,1,0.0016529
73,ma&thorn;&thorn;um,<code>ma&amp;t;&amp;t;um</code>,1,0.0016529
73,meaht,<code>meaht</code>,1,0.0016529
73,meahtum,<code>meahtum</code>,1,0.0016529
73,meares,<code>meares</code>,1,0.0016529
73,mece,<code>mece</code>,1,0.0016529
73,medspedig,<code>medspedig</code>,1,0.0016529
73,meoduhealle,<code>meoduhealle</code>,1,0.0016529
73,meotud,<code>meotud</code>,1,0.0016529
73,metudes,<code>metudes</code>,1,0.0016529
73,middangeard,<code>middangeard</code>,1,0.0016529
73,modcr&aelig;ftig,<code>modcr&amp;ae;ftig</code>,1,0.0016529
73,modsnottera,<code>modsnottera</code>,1,0.0016529
73,moldan,<code>moldan</code>,1,0.0016529
73,monige,<code>monige</code>,1,0.0016529
73,mot,<code>mot</code>,1,0.0016529
73,n&aelig;fre,<code>n&amp;ae;fre</code>,1,0.0016529
73,n&aelig;nig,<code>n&amp;ae;nig</code>,1,0.0016529
73,neah,<code>neah</code>,1,0.0016529
73,nis,<code>nis</code>,1,0.0016529
73,nu,<code>nu</code>,1,0.0016529
73,nytte,<code>nytte</code>,1,0.0016529
73,of,<code>of</code>,1,0.0016529
73,onfeh&eth;,<code>onfeh&amp;d;</code>,1,0.0016529
73,onfon,<code>onfon</code>,1,0.0016529
73,onlih&eth;,<code>onlih&amp;d;</code>,1,0.0016529
73,onsende,<code>onsende</code>,1,0.0016529
73,ormod,<code>ormod</code>,1,0.0016529
73,r&aelig;ced,<code>r&amp;ae;ced</code>,1,0.0016529
73,r&aelig;d,<code>r&amp;ae;d</code>,1,0.0016529
73,renian,<code>renian</code>,1,0.0016529
73,rond,<code>rond</code>,1,0.0016529
73,ryht,<code>ryht</code>,1,0.0016529
73,ryhtscytte,<code>ryhtscytte</code>,1,0.0016529
73,rynig,<code>rynig</code>,1,0.0016529
73,s&aelig;rofe,<code>s&amp;ae;rofe</code>,1,0.0016529
73,sce&eth;&eth;e,<code>sce&amp;d;&amp;d;e</code>,1,0.0016529
73,sceal,<code>sceal</code>,1,0.0016529
73,scirne,<code>scirne</code>,1,0.0016529
73,scyldes,<code>scyldes</code>,1,0.0016529
73,searocr&aelig;ftig,<code>searocr&amp;ae;ftig</code>,1,0.0016529
73,searolic,<code>searolic</code>,1,0.0016529
73,sele,<code>sele</code>,1,0.0016529
73,sende&eth;,<code>sende&amp;d;</code>,1,0.0016529
73,sidne,<code>sidne</code>,1,0.0016529
73,smi&eth;,<code>smi&amp;d;</code>,1,0.0016529
73,snel,<code>snel</code>,1,0.0016529
73,snelle,<code>snelle</code>,1,0.0016529
73,snyttrucr&aelig;ft,<code>snyttrucr&amp;ae;ft</code>,1,0.0016529
73,spede,<code>spede</code>,1,0.0016529
73,stefnan,<code>stefnan</code>,1,0.0016529
73,stefne,<code>stefne</code>,1,0.0016529
73,steore&eth;,<code>steore&amp;d;</code>,1,0.0016529
73,streamrade,<code>streamrade</code>,1,0.0016529
73,stuna&eth;,<code>stuna&amp;d;</code>,1,0.0016529
73,styre&eth;,<code>styre&amp;d;</code>,1,0.0016529
73,sundorgiefe,<code>sundorgiefe</code>,1,0.0016529
73,swi&eth;snel,<code>swi&amp;d;snel</code>,1,0.0016529
73,swi&thorn;e,<code>swi&amp;t;e</code>,1,0.0016529
73,sy,<code>sy</code>,1,0.0016529
73,syndig,<code>syndig</code>,1,0.0016529
73,til,<code>til</code>,1,0.0016529
73,tosawe&eth;,<code>tosawe&amp;d;</code>,1,0.0016529
73,under,<code>under</code>,1,0.0016529
73,us,<code>us</code>,1,0.0016529
73,w&aelig;g,<code>w&amp;ae;g</code>,1,0.0016529
73,w&aelig;pen&thorn;r&aelig;ce,<code>w&amp;ae;pen&amp;t;r&amp;ae;ce</code>,1,0.0016529
73,w&aelig;stmum,<code>w&amp;ae;stmum</code>,1,0.0016529
73,waldend,<code>waldend</code>,1,0.0016529
73,wega&eth;,<code>wega&amp;d;</code>,1,0.0016529
73,weor&eth;lice,<code>weor&amp;d;lice</code>,1,0.0016529
73,weor&thorn;en,<code>weor&amp;t;en</code>,1,0.0016529
73,weorc,<code>weorc</code>,1,0.0016529
73,weorca,<code>weorca</code>,1,0.0016529
73,weoruda,<code>weoruda</code>,1,0.0016529
73,weorudes,<code>weorudes</code>,1,0.0016529
73,wera,<code>wera</code>,1,0.0016529
73,wi&thorn;,<code>wi&amp;t;</code>,1,0.0016529
73,wicgcr&aelig;fta,<code>wicgcr&amp;ae;fta</code>,1,0.0016529
73,widne,<code>widne</code>,1,0.0016529
73,wiges,<code>wiges</code>,1,0.0016529
73,win&thorn;ege,<code>win&amp;t;ege</code>,1,0.0016529
73,wisa,<code>wisa</code>,1,0.0016529
73,wisdom,<code>wisdom</code>,1,0.0016529
73,wise,<code>wise</code>,1,0.0016529
73,witena,<code>witena</code>,1,0.0016529
73,wlence,<code>wlence</code>,1,0.0016529
73,wlitig,<code>wlitig</code>,1,0.0016529
73,wo&eth;bora,<code>wo&amp;d;bora</code>,1,0.0016529
73,wonspedig,<code>wonspedig</code>,1,0.0016529
73,word,<code>word</code>,1,0.0016529
73,wordcwidum,<code>wordcwidum</code>,1,0.0016529
73,wordgeryno,<code>wordgeryno</code>,1,0.0016529
73,worn,<code>worn</code>,1,0.0016529
73,woruldcr&aelig;ftas,<code>woruldcr&amp;ae;ftas</code>,1,0.0016529
73,woruldgestreona,<code>woruldgestreona</code>,1,0.0016529
73,woruldlife,<code>woruldlife</code>,1,0.0016529
73,woruldricum,<code>woruldricum</code>,1,0.0016529
73,wr&aelig;tlice,<code>wr&amp;ae;tlice</code>,1,0.0016529
73,wuldorgeofona,<code>wuldorgeofona</code>,1,0.0016529
73,wyrhtan,<code>wyrhtan</code>,1,0.0016529
73,y&eth;borde,<code>y&amp;d;borde</code>,1,0.0016529
