A_Poetry,A03,A03.034.002_Rid_62_T01040.txt,47,43,52
RANK,HTML WORD,RAW WORD,COUNT,RELATIVE FREQUENCY
1,on,<code>on</code>,3,0.0576923
2,hwilum,<code>hwilum</code>,2,0.0384615
2,ic,<code>ic</code>,2,0.0384615
2,ond,<code>ond</code>,2,0.0384615
5,&aelig;ftanweardne,<code>&amp;ae;ftanweardne</code>,1,0.0192308
5,&thorn;y&eth;,<code>&amp;t;y&amp;d;</code>,1,0.0192308
5,bi&eth;,<code>bi&amp;d;</code>,1,0.0192308
5,eft,<code>eft</code>,1,0.0192308
5,eom,<code>eom</code>,1,0.0192308
5,fare&eth;,<code>fare&amp;d;</code>,1,0.0192308
5,for&eth;si&thorn;es,<code>for&amp;d;si&amp;t;es</code>,1,0.0192308
5,frean,<code>frean</code>,1,0.0192308
5,from,<code>from</code>,1,0.0192308
5,geryme,<code>geryme</code>,1,0.0192308
5,h&aelig;le&eth;,<code>h&amp;ae;le&amp;d;</code>,1,0.0192308
5,hatne,<code>hatne</code>,1,0.0192308
5,hatte,<code>hatte</code>,1,0.0192308
5,heard,<code>heard</code>,1,0.0192308
5,hingonges,<code>hingonges</code>,1,0.0192308
5,hole,<code>hole</code>,1,0.0192308
5,hr&aelig;gle,<code>hr&amp;ae;gle</code>,1,0.0192308
5,hw&aelig;t,<code>hw&amp;ae;t</code>,1,0.0192308
5,me,<code>me</code>,1,0.0192308
5,mec,<code>mec</code>,1,0.0192308
5,mid,<code>mid</code>,1,0.0192308
5,nathw&aelig;r,<code>nathw&amp;ae;r</code>,1,0.0192308
5,nearo,<code>nearo</code>,1,0.0192308
5,nyde&thorn;,<code>nyde&amp;t;</code>,1,0.0192308
5,of,<code>of</code>,1,0.0192308
5,ofeste,<code>ofeste</code>,1,0.0192308
5,rinc,<code>rinc</code>,1,0.0192308
5,ryhtne,<code>ryhtne</code>,1,0.0192308
5,saga,<code>saga</code>,1,0.0192308
5,scearp,<code>scearp</code>,1,0.0192308
5,se,<code>se</code>,1,0.0192308
5,secg,<code>secg</code>,1,0.0192308
5,strong,<code>strong</code>,1,0.0192308
5,su&thorn;erne,<code>su&amp;t;erne</code>,1,0.0192308
5,swi&thorn;e,<code>swi&amp;t;e</code>,1,0.0192308
5,sylfa,<code>sylfa</code>,1,0.0192308
5,tyh&eth;,<code>tyh&amp;d;</code>,1,0.0192308
5,under,<code>under</code>,1,0.0192308
5,unforcu&eth;,<code>unforcu&amp;d;</code>,1,0.0192308
5,ut,<code>ut</code>,1,0.0192308
5,wade,<code>wade</code>,1,0.0192308
5,wambe,<code>wambe</code>,1,0.0192308
5,weg,<code>weg</code>,1,0.0192308
