A_Poetry,A03,A03.022.053_Rid_53_T00840.txt,66,59,74
RANK,HTML WORD,RAW WORD,COUNT,RELATIVE FREQUENCY
1,on,<code>on</code>,3,0.0405405
2,he,<code>he</code>,2,0.0270270
2,in,<code>in</code>,2,0.0270270
2,o&thorn;rum,<code>o&amp;t;rum</code>,2,0.0270270
2,ond,<code>ond</code>,2,0.0270270
2,se,<code>se</code>,2,0.0270270
2,w&aelig;s,<code>w&amp;ae;s</code>,2,0.0270270
8,&aelig;ftera,<code>&amp;ae;ftera</code>,1,0.0135135
8,&aelig;rra,<code>&amp;ae;rra</code>,1,0.0135135
8,&aelig;tg&aelig;dre,<code>&amp;ae;tg&amp;ae;dre</code>,1,0.0135135
8,&thorn;&aelig;t,<code>&amp;t;&amp;ae;t</code>,1,0.0135135
8,&thorn;urh,<code>&amp;t;urh</code>,1,0.0135135
8,aglachade,<code>aglachade</code>,1,0.0135135
8,an,<code>an</code>,1,0.0135135
8,beam,<code>beam</code>,1,0.0135135
8,bearwe,<code>bearwe</code>,1,0.0135135
8,bendum,<code>bendum</code>,1,0.0135135
8,dagum,<code>dagum</code>,1,0.0135135
8,deope,<code>deope</code>,1,0.0135135
8,dumb,<code>dumb</code>,1,0.0135135
8,eor&thorn;e,<code>eor&amp;t;e</code>,1,0.0135135
8,f&aelig;cnum,<code>f&amp;ae;cnum</code>,1,0.0135135
8,f&aelig;gre,<code>f&amp;ae;gre</code>,1,0.0135135
8,f&aelig;r,<code>f&amp;ae;r</code>,1,0.0135135
8,feddan,<code>feddan</code>,1,0.0135135
8,foran,<code>foran</code>,1,0.0135135
8,frod,<code>frod</code>,1,0.0135135
8,gedolgod,<code>gedolgod</code>,1,0.0135135
8,gefr&aelig;twed,<code>gefr&amp;ae;twed</code>,1,0.0135135
8,genamnan,<code>genamnan</code>,1,0.0135135
8,gif,<code>gif</code>,1,0.0135135
8,heafdes,<code>heafdes</code>,1,0.0135135
8,hildegieste,<code>hildegieste</code>,1,0.0135135
8,hine,<code>hine</code>,1,0.0135135
8,his,<code>his</code>,1,0.0135135
8,hlifian,<code>hlifian</code>,1,0.0135135
8,hord,<code>hord</code>,1,0.0135135
8,hr&aelig;d,<code>hr&amp;ae;d</code>,1,0.0135135
8,hy,<code>hy</code>,1,0.0135135
8,hyrstum,<code>hyrstum</code>,1,0.0135135
8,ic,<code>ic</code>,1,0.0135135
8,m&aelig;gen,<code>m&amp;ae;gen</code>,1,0.0135135
8,moste,<code>moste</code>,1,0.0135135
8,ne&thorn;an,<code>ne&amp;t;an</code>,1,0.0135135
8,nearowe,<code>nearowe</code>,1,0.0135135
8,nu,<code>nu</code>,1,0.0135135
8,o&thorn;&thorn;&aelig;t,<code>o&amp;t;&amp;t;&amp;ae;t</code>,1,0.0135135
8,ofer,<code>ofer</code>,1,0.0135135
8,oft,<code>oft</code>,1,0.0135135
8,ryme&eth;,<code>ryme&amp;d;</code>,1,0.0135135
8,seah,<code>seah</code>,1,0.0135135
8,strudon,<code>strudon</code>,1,0.0135135
8,tanum,<code>tanum</code>,1,0.0135135
8,torhtne,<code>torhtne</code>,1,0.0135135
8,treow,<code>treow</code>,1,0.0135135
8,unl&aelig;t,<code>unl&amp;ae;t</code>,1,0.0135135
8,w&aelig;ter,<code>w&amp;ae;ter</code>,1,0.0135135
8,wear&eth;,<code>wear&amp;d;</code>,1,0.0135135
8,weaxende,<code>weaxende</code>,1,0.0135135
8,weg,<code>weg</code>,1,0.0135135
8,wonnum,<code>wonnum</code>,1,0.0135135
8,wri&thorn;en,<code>wri&amp;t;en</code>,1,0.0135135
8,wudu,<code>wudu</code>,1,0.0135135
8,wunda,<code>wunda</code>,1,0.0135135
8,wynne,<code>wynne</code>,1,0.0135135
8,yste,<code>yste</code>,1,0.0135135
