A_Poetry,A03,A03.034.014_Rid_74_T01160.txt,27,24,32
RANK,HTML WORD,RAW WORD,COUNT,RELATIVE FREQUENCY
1,on,<code>on</code>,3,0.0937500
1,ond,<code>ond</code>,3,0.0937500
3,mid,<code>mid</code>,2,0.0625000
4,&aelig;nlic,<code>&amp;ae;nlic</code>,1,0.0312500
4,ane,<code>ane</code>,1,0.0312500
4,cwene,<code>cwene</code>,1,0.0312500
4,cwicu,<code>cwicu</code>,1,0.0312500
4,dead,<code>dead</code>,1,0.0312500
4,deaf,<code>deaf</code>,1,0.0312500
4,f&aelig;mne,<code>f&amp;ae;mne</code>,1,0.0312500
4,feaxhar,<code>feaxhar</code>,1,0.0312500
4,fer&eth;,<code>fer&amp;d;</code>,1,0.0312500
4,fiscum,<code>fiscum</code>,1,0.0312500
4,fleah,<code>fleah</code>,1,0.0312500
4,flode,<code>flode</code>,1,0.0312500
4,foldan,<code>foldan</code>,1,0.0312500
4,fuglum,<code>fuglum</code>,1,0.0312500
4,geong,<code>geong</code>,1,0.0312500
4,h&aelig;fde,<code>h&amp;ae;fde</code>,1,0.0312500
4,ic,<code>ic</code>,1,0.0312500
4,rinc,<code>rinc</code>,1,0.0312500
4,stop,<code>stop</code>,1,0.0312500
4,swom,<code>swom</code>,1,0.0312500
4,tid,<code>tid</code>,1,0.0312500
4,under,<code>under</code>,1,0.0312500
4,w&aelig;s,<code>w&amp;ae;s</code>,1,0.0312500
4,y&thorn;e,<code>y&amp;t;e</code>,1,0.0312500
