A_Poetry,A03,A03.034.020_Rid_80_T01220.txt,54,49,65
RANK,HTML WORD,RAW WORD,COUNT,RELATIVE FREQUENCY
1,ic,<code>ic</code>,5,0.0769231
1,on,<code>on</code>,5,0.0769231
3,hwilum,<code>hwilum</code>,2,0.0307692
3,is,<code>is</code>,2,0.0307692
3,min,<code>min</code>,2,0.0307692
6,&aelig;&thorn;elinges,<code>&amp;ae;&amp;t;elinges</code>,1,0.0153846
6,&aelig;&thorn;elu,<code>&amp;ae;&amp;t;elu</code>,1,0.0153846
6,&aelig;fter,<code>&amp;ae;fter</code>,1,0.0153846
6,&thorn;&aelig;t,<code>&amp;t;&amp;ae;t</code>,1,0.0153846
6,&thorn;eah,<code>&amp;t;eah</code>,1,0.0153846
6,agyfe,<code>agyfe</code>,1,0.0153846
6,bearwe,<code>bearwe</code>,1,0.0153846
6,bosme,<code>bosme</code>,1,0.0153846
6,cwen,<code>cwen</code>,1,0.0153846
6,cyninges,<code>cyninges</code>,1,0.0153846
6,dohtor,<code>dohtor</code>,1,0.0153846
6,eaxlgestealla,<code>eaxlgestealla</code>,1,0.0153846
6,ende,<code>ende</code>,1,0.0153846
6,eom,<code>eom</code>,1,0.0153846
6,eorles,<code>eorles</code>,1,0.0153846
6,frean,<code>frean</code>,1,0.0153846
6,fyrdrinces,<code>fyrdrinces</code>,1,0.0153846
6,gefara,<code>gefara</code>,1,0.0153846
6,geselda,<code>geselda</code>,1,0.0153846
6,geweox,<code>geweox</code>,1,0.0153846
6,giedde,<code>giedde</code>,1,0.0153846
6,good,<code>good</code>,1,0.0153846
6,h&aelig;bbe,<code>h&amp;ae;bbe</code>,1,0.0153846
6,hatte,<code>hatte</code>,1,0.0153846
6,heard,<code>heard</code>,1,0.0153846
6,herges,<code>herges</code>,1,0.0153846
6,hio,<code>hio</code>,1,0.0153846
6,hond,<code>hond</code>,1,0.0153846
6,hw&aelig;t,<code>hw&amp;ae;t</code>,1,0.0153846
6,hwitloccedu,<code>hwitloccedu</code>,1,0.0153846
6,lege&eth;,<code>lege&amp;d;</code>,1,0.0153846
6,leof,<code>leof</code>,1,0.0153846
6,me,<code>me</code>,1,0.0153846
6,mec,<code>mec</code>,1,0.0153846
6,minum,<code>minum</code>,1,0.0153846
6,oft,<code>oft</code>,1,0.0153846
6,ond,<code>ond</code>,1,0.0153846
6,ride,<code>ride</code>,1,0.0153846
6,saga,<code>saga</code>,1,0.0153846
6,salo,<code>salo</code>,1,0.0153846
6,sum,<code>sum</code>,1,0.0153846
6,sy,<code>sy</code>,1,0.0153846
6,sylfa,<code>sylfa</code>,1,0.0153846
6,tunge,<code>tunge</code>,1,0.0153846
6,wicge,<code>wicge</code>,1,0.0153846
6,wise,<code>wise</code>,1,0.0153846
6,wloncum,<code>wloncum</code>,1,0.0153846
6,wo&eth;boran,<code>wo&amp;d;boran</code>,1,0.0153846
6,wordleana,<code>wordleana</code>,1,0.0153846
