A_Poetry,A07,220,185,293
RANK,HTML WORD,RAW WORD,COUNT,RELATIVE FREQUENCY
1,&eth;a,<code>&amp;d;a</code>,10,0.0341297
1,ne,<code>ne</code>,10,0.0341297
3,and,<code>and</code>,6,0.0204778
3,on,<code>on</code>,6,0.0204778
5,ac,<code>ac</code>,4,0.0136519
5,her,<code>her</code>,4,0.0136519
5,his,<code>his</code>,4,0.0136519
5,nu,<code>nu</code>,4,0.0136519
9,&aelig;t,<code>&amp;ae;t</code>,3,0.0102389
9,he,<code>he</code>,3,0.0102389
9,healle,<code>healle</code>,3,0.0102389
9,hyra,<code>hyra</code>,3,0.0102389
9,ic,<code>ic</code>,3,0.0102389
9,to,<code>to</code>,3,0.0102389
15,&eth;&aelig;re,<code>&amp;d;&amp;ae;re</code>,2,0.0068259
15,&eth;e,<code>&amp;d;e</code>,2,0.0068259
15,byrna&eth;,<code>byrna&amp;d;</code>,2,0.0068259
15,duru,<code>duru</code>,2,0.0068259
15,durum,<code>durum</code>,2,0.0068259
15,eal,<code>eal</code>,2,0.0068259
15,f&aelig;la,<code>f&amp;ae;la</code>,2,0.0068259
15,folces,<code>folces</code>,2,0.0068259
15,fr&aelig;gn,<code>fr&amp;ae;gn</code>,2,0.0068259
15,garulf,<code>garulf</code>,2,0.0068259
15,gyt,<code>gyt</code>,2,0.0068259
15,hig,<code>hig</code>,2,0.0068259
15,him,<code>him</code>,2,0.0068259
15,hine,<code>hine</code>,2,0.0068259
15,is,<code>is</code>,2,0.0068259
15,sel,<code>sel</code>,2,0.0068259
15,swa,<code>swa</code>,2,0.0068259
15,sylf,<code>sylf</code>,2,0.0068259
15,w&aelig;re,<code>w&amp;ae;re</code>,2,0.0068259
15,w&aelig;s,<code>w&amp;ae;s</code>,2,0.0068259
15,wigend,<code>wigend</code>,2,0.0068259
36,&aelig;rest,<code>&amp;ae;rest</code>,1,0.0034130
36,&eth;&aelig;ra,<code>&amp;d;&amp;ae;ra</code>,1,0.0034130
36,&eth;&aelig;t,<code>&amp;d;&amp;ae;t</code>,1,0.0034130
36,&eth;egn,<code>&amp;d;egn</code>,1,0.0034130
36,&eth;is,<code>&amp;d;is</code>,1,0.0034130
36,&eth;isne,<code>&amp;d;isne</code>,1,0.0034130
36,&eth;isse,<code>&amp;d;isse</code>,1,0.0034130
36,&eth;onne,<code>&amp;d;onne</code>,1,0.0034130
36,&eth;u,<code>&amp;d;u</code>,1,0.0034130
36,&eth;yrel,<code>&amp;d;yrel</code>,1,0.0034130
36,&thorn;&aelig;t,<code>&amp;t;&amp;ae;t</code>,1,0.0034130
36,&thorn;es,<code>&amp;t;es</code>,1,0.0034130
36,abrocen,<code>abrocen</code>,1,0.0034130
36,anyman,<code>anyman</code>,1,0.0034130
36,aras,<code>aras</code>,1,0.0034130
36,arisa&eth;,<code>arisa&amp;d;</code>,1,0.0034130
36,b&aelig;re,<code>b&amp;ae;re</code>,1,0.0034130
36,banhelm,<code>banhelm</code>,1,0.0034130
36,bera&eth;,<code>bera&amp;d;</code>,1,0.0034130
36,berstan,<code>berstan</code>,1,0.0034130
36,bord,<code>bord</code>,1,0.0034130
36,buruh&eth;elu,<code>buruh&amp;d;elu</code>,1,0.0034130
36,byrne,<code>byrne</code>,1,0.0034130
36,cellod,<code>cellod</code>,1,0.0034130
36,cempan,<code>cempan</code>,1,0.0034130
36,cenum,<code>cenum</code>,1,0.0034130
36,cu&eth;,<code>cu&amp;d;</code>,1,0.0034130
36,cwe&thorn;,<code>cwe&amp;t;</code>,1,0.0034130
36,cyning,<code>cyning</code>,1,0.0034130
36,daga&eth;,<code>daga&amp;d;</code>,1,0.0034130
36,dagas,<code>dagas</code>,1,0.0034130
36,deormod,<code>deormod</code>,1,0.0034130
36,draca,<code>draca</code>,1,0.0034130
36,drihtgesi&eth;a,<code>drihtgesi&amp;d;a</code>,1,0.0034130
36,drihtlice,<code>drihtlice</code>,1,0.0034130
36,dura,<code>dura</code>,1,0.0034130
36,dynede,<code>dynede</code>,1,0.0034130
36,eac,<code>eac</code>,1,0.0034130
36,eaha,<code>eaha</code>,1,0.0034130
36,ealra,<code>ealra</code>,1,0.0034130
36,eastan,<code>eastan</code>,1,0.0034130
36,ellen,<code>ellen</code>,1,0.0034130
36,eodon,<code>eodon</code>,1,0.0034130
36,eom,<code>eom</code>,1,0.0034130
36,eor&eth;buendra,<code>eor&amp;d;buendra</code>,1,0.0034130
36,eowre,<code>eowre</code>,1,0.0034130
36,feol,<code>feol</code>,1,0.0034130
36,feorh,<code>feorh</code>,1,0.0034130
36,fif,<code>fif</code>,1,0.0034130
36,finnsburuh,<code>finnsburuh</code>,1,0.0034130
36,fleoge&eth;,<code>fleoge&amp;d;</code>,1,0.0034130
36,for&thorn;,<code>for&amp;t;</code>,1,0.0034130
36,forgyldan,<code>forgyldan</code>,1,0.0034130
36,forman,<code>forman</code>,1,0.0034130
36,fremman,<code>fremman</code>,1,0.0034130
36,freolic,<code>freolic</code>,1,0.0034130
36,fugelas,<code>fugelas</code>,1,0.0034130
36,fuhton,<code>fuhton</code>,1,0.0034130
36,fyrenu,<code>fyrenu</code>,1,0.0034130
36,gangan,<code>gangan</code>,1,0.0034130
36,geb&aelig;ran,<code>geb&amp;ae;ran</code>,1,0.0034130
36,gebad,<code>gebad</code>,1,0.0034130
36,gecrang,<code>gecrang</code>,1,0.0034130
36,gefr&aelig;gn,<code>gefr&amp;ae;gn</code>,1,0.0034130
36,gehlyn,<code>gehlyn</code>,1,0.0034130
36,gen&aelig;son,<code>gen&amp;ae;son</code>,1,0.0034130
36,getugon,<code>getugon</code>,1,0.0034130
36,gewat,<code>gewat</code>,1,0.0034130
36,godra,<code>godra</code>,1,0.0034130
36,goldhladen,<code>goldhladen</code>,1,0.0034130
36,gr&aelig;ghama,<code>gr&amp;ae;ghama</code>,1,0.0034130
36,gu&eth;e,<code>gu&amp;d;e</code>,1,0.0034130
36,gu&eth;ere,<code>gu&amp;d;ere</code>,1,0.0034130
36,gu&eth;lafes,<code>gu&amp;d;lafes</code>,1,0.0034130
36,gu&eth;wudu,<code>gu&amp;d;wudu</code>,1,0.0034130
36,gu&thorn;laf,<code>gu&amp;t;laf</code>,1,0.0034130
36,guldan,<code>guldan</code>,1,0.0034130
36,gylle&eth;,<code>gylle&amp;d;</code>,1,0.0034130
36,gyrde,<code>gyrde</code>,1,0.0034130
36,h&aelig;gstealdas,<code>h&amp;ae;gstealdas</code>,1,0.0034130
36,h&aelig;le&eth;,<code>h&amp;ae;le&amp;d;</code>,1,0.0034130
36,h&aelig;le&thorn;,<code>h&amp;ae;le&amp;t;</code>,1,0.0034130
36,habba&eth;,<code>habba&amp;d;</code>,1,0.0034130
36,handa,<code>handa</code>,1,0.0034130
36,hea&thorn;ogeong,<code>hea&amp;t;ogeong</code>,1,0.0034130
36,heard,<code>heard</code>,1,0.0034130
36,heardra,<code>heardra</code>,1,0.0034130
36,helm,<code>helm</code>,1,0.0034130
36,hengest,<code>hengest</code>,1,0.0034130
36,heolde,<code>heolde</code>,1,0.0034130
36,heoldon,<code>heoldon</code>,1,0.0034130
36,heresceorp,<code>heresceorp</code>,1,0.0034130
36,hicgea&thorn;,<code>hicgea&amp;t;</code>,1,0.0034130
36,hilda,<code>hilda</code>,1,0.0034130
36,hilde,<code>hilde</code>,1,0.0034130
36,hleo&thorn;rode,<code>hleo&amp;t;rode</code>,1,0.0034130
36,hlynne&eth;,<code>hlynne&amp;d;</code>,1,0.0034130
36,hn&aelig;f,<code>hn&amp;ae;f</code>,1,0.0034130
36,hn&aelig;fe,<code>hn&amp;ae;fe</code>,1,0.0034130
36,hornas,<code>hornas</code>,1,0.0034130
36,hr&aelig;fen,<code>hr&amp;ae;fen</code>,1,0.0034130
36,hr&aelig;w,<code>hr&amp;ae;w</code>,1,0.0034130
36,hu,<code>hu</code>,1,0.0034130
36,hw&aelig;&thorn;er,<code>hw&amp;ae;&amp;t;er</code>,1,0.0034130
36,hwa,<code>hwa</code>,1,0.0034130
36,hwearf,<code>hwearf</code>,1,0.0034130
36,hwearflicra,<code>hwearflicra</code>,1,0.0034130
36,hyne,<code>hyne</code>,1,0.0034130
36,hyrde,<code>hyrde</code>,1,0.0034130
36,hyrsta,<code>hyrsta</code>,1,0.0034130
36,hyssa,<code>hyssa</code>,1,0.0034130
36,hyt,<code>hyt</code>,1,0.0034130
36,laste,<code>laste</code>,1,0.0034130
36,leod,<code>leod</code>,1,0.0034130
36,linda,<code>linda</code>,1,0.0034130
36,m&aelig;nig,<code>m&amp;ae;nig</code>,1,0.0034130
36,me,<code>me</code>,1,0.0034130
36,medo,<code>medo</code>,1,0.0034130
36,min,<code>min</code>,1,0.0034130
36,mine,<code>mine</code>,1,0.0034130
36,mona,<code>mona</code>,1,0.0034130
36,n&aelig;fre,<code>n&amp;ae;fre</code>,1,0.0034130
36,nama,<code>nama</code>,1,0.0034130
36,nan,<code>nan</code>,1,0.0034130
36,nas,<code>nas</code>,1,0.0034130
36,nefre,<code>nefre</code>,1,0.0034130
36,ni&eth;,<code>ni&amp;d;</code>,1,0.0034130
36,ni&thorn;a,<code>ni&amp;t;a</code>,1,0.0034130
36,o&eth;,<code>o&amp;d;</code>,1,0.0034130
36,o&eth;&eth;e,<code>o&amp;d;&amp;d;e</code>,1,0.0034130
36,o&thorn;rum,<code>o&amp;t;rum</code>,1,0.0034130
36,ofer,<code>ofer</code>,1,0.0034130
36,oncwy&eth;,<code>oncwy&amp;d;</code>,1,0.0034130
36,onmode,<code>onmode</code>,1,0.0034130
36,onwacnigea&eth;,<code>onwacnigea&amp;d;</code>,1,0.0034130
36,orde,<code>orde</code>,1,0.0034130
36,ordlaf,<code>ordlaf</code>,1,0.0034130
36,s&aelig;de,<code>s&amp;ae;de</code>,1,0.0034130
36,scefte,<code>scefte</code>,1,0.0034130
36,sceolde,<code>sceolde</code>,1,0.0034130
36,scyld,<code>scyld</code>,1,0.0034130
36,scyne&eth;,<code>scyne&amp;d;</code>,1,0.0034130
36,sealobrun,<code>sealobrun</code>,1,0.0034130
36,secean,<code>secean</code>,1,0.0034130
36,secgena,<code>secgena</code>,1,0.0034130
36,si&thorn;e,<code>si&amp;t;e</code>,1,0.0034130
36,sigebeorna,<code>sigebeorna</code>,1,0.0034130
36,sigefer&eth;,<code>sigefer&amp;d;</code>,1,0.0034130
36,sigefer&thorn;,<code>sigefer&amp;t;</code>,1,0.0034130
36,singa&eth;,<code>singa&amp;d;</code>,1,0.0034130
36,sixtig,<code>sixtig</code>,1,0.0034130
36,sona,<code>sona</code>,1,0.0034130
36,stod,<code>stod</code>,1,0.0034130
36,styrde,<code>styrde</code>,1,0.0034130
36,sunu,<code>sunu</code>,1,0.0034130
36,sw&aelig;&thorn;er,<code>sw&amp;ae;&amp;t;er</code>,1,0.0034130
36,sweart,<code>sweart</code>,1,0.0034130
36,swetne,<code>swetne</code>,1,0.0034130
36,sword,<code>sword</code>,1,0.0034130
36,swurde,<code>swurde</code>,1,0.0034130
36,swurdleoma,<code>swurdleoma</code>,1,0.0034130
36,swylce,<code>swylce</code>,1,0.0034130
36,undearninga,<code>undearninga</code>,1,0.0034130
36,under,<code>under</code>,1,0.0034130
36,unhror,<code>unhror</code>,1,0.0034130
36,w&aelig;g,<code>w&amp;ae;g</code>,1,0.0034130
36,w&aelig;lslihta,<code>w&amp;ae;lslihta</code>,1,0.0034130
36,wa&eth;ol,<code>wa&amp;d;ol</code>,1,0.0034130
36,wandrode,<code>wandrode</code>,1,0.0034130
36,wead&aelig;da,<code>wead&amp;ae;da</code>,1,0.0034130
36,weana,<code>weana</code>,1,0.0034130
36,wera,<code>wera</code>,1,0.0034130
36,wesa&eth;,<code>wesa&amp;d;</code>,1,0.0034130
36,wide,<code>wide</code>,1,0.0034130
36,willa&eth;,<code>willa&amp;d;</code>,1,0.0034130
36,winna&eth;,<code>winna&amp;d;</code>,1,0.0034130
36,witod,<code>witod</code>,1,0.0034130
36,wolcnum,<code>wolcnum</code>,1,0.0034130
36,wolde,<code>wolde</code>,1,0.0034130
36,wreccea,<code>wreccea</code>,1,0.0034130
36,wund,<code>wund</code>,1,0.0034130
36,wunda,<code>wunda</code>,1,0.0034130
36,wur&thorn;licor,<code>wur&amp;t;licor</code>,1,0.0034130
36,wylle,<code>wylle</code>,1,0.0034130
36,ymbe,<code>ymbe</code>,1,0.0034130
