A_Poetry,A08,260,213,357
RANK,HTML WORD,RAW WORD,COUNT,RELATIVE FREQUENCY
1,&eth;e,<code>&amp;d;e</code>,11,0.0308123
2,&eth;u,<code>&amp;d;u</code>,7,0.0196078
3,&eth;am,<code>&amp;d;am</code>,6,0.0168067
3,and,<code>and</code>,6,0.0168067
3,to,<code>to</code>,6,0.0168067
6,&thorn;&aelig;t,<code>&amp;t;&amp;ae;t</code>,5,0.0140056
6,ic,<code>ic</code>,5,0.0140056
8,&aelig;t,<code>&amp;ae;t</code>,4,0.0112045
8,he,<code>he</code>,4,0.0112045
8,me,<code>me</code>,4,0.0112045
8,mid,<code>mid</code>,4,0.0112045
8,ne,<code>ne</code>,4,0.0112045
8,on,<code>on</code>,4,0.0112045
14,&eth;y,<code>&amp;d;y</code>,3,0.0084034
14,&thorn;onne,<code>&amp;t;onne</code>,3,0.0084034
14,hilde,<code>hilde</code>,3,0.0084034
14,him,<code>him</code>,3,0.0084034
14,o&eth;&eth;e,<code>o&amp;d;&amp;d;e</code>,3,0.0084034
14,se,<code>se</code>,3,0.0084034
20,&aelig;lfheres,<code>&amp;ae;lfheres</code>,2,0.0056022
20,&aelig;r,<code>&amp;ae;r</code>,2,0.0056022
20,&eth;a,<code>&amp;d;a</code>,2,0.0056022
20,&eth;eah,<code>&amp;d;eah</code>,2,0.0056022
20,&eth;i,<code>&amp;d;i</code>,2,0.0056022
20,&eth;in,<code>&amp;d;in</code>,2,0.0056022
20,&eth;urh,<code>&amp;d;urh</code>,2,0.0056022
20,eac,<code>eac</code>,2,0.0056022
20,feohtan,<code>feohtan</code>,2,0.0056022
20,gif,<code>gif</code>,2,0.0056022
20,god,<code>god</code>,2,0.0056022
20,golde,<code>golde</code>,2,0.0056022
20,hand,<code>hand</code>,2,0.0056022
20,her,<code>her</code>,2,0.0056022
20,huru,<code>huru</code>,2,0.0056022
20,is,<code>is</code>,2,0.0056022
20,m&aelig;g,<code>m&amp;ae;g</code>,2,0.0056022
20,ma&eth;ma,<code>ma&amp;d;ma</code>,2,0.0056022
20,mece,<code>mece</code>,2,0.0056022
20,monnes,<code>monnes</code>,2,0.0056022
20,nu,<code>nu</code>,2,0.0056022
20,o&eth;res,<code>o&amp;d;res</code>,2,0.0056022
20,scealt,<code>scealt</code>,2,0.0056022
20,secan,<code>secan</code>,2,0.0056022
20,sohtest,<code>sohtest</code>,2,0.0056022
20,symle,<code>symle</code>,2,0.0056022
20,wine,<code>wine</code>,2,0.0056022
20,wordum,<code>wordum</code>,2,0.0056022
48,&aelig;&eth;elinges,<code>&amp;ae;&amp;d;elinges</code>,1,0.0028011
48,&aelig;fter,<code>&amp;ae;fter</code>,1,0.0028011
48,&aelig;htum,<code>&amp;ae;htum</code>,1,0.0028011
48,&aelig;niges,<code>&amp;ae;niges</code>,1,0.0028011
48,&aelig;nigum,<code>&amp;ae;nigum</code>,1,0.0028011
48,&aelig;rest,<code>&amp;ae;rest</code>,1,0.0028011
48,&aelig;tlan,<code>&amp;ae;tlan</code>,1,0.0028011
48,&aelig;tstealle,<code>&amp;ae;tstealle</code>,1,0.0028011
48,&eth;&aelig;s,<code>&amp;d;&amp;ae;s</code>,1,0.0028011
48,&eth;ara,<code>&amp;d;ara</code>,1,0.0028011
48,&eth;as,<code>&amp;d;as</code>,1,0.0028011
48,&eth;enden,<code>&amp;d;enden</code>,1,0.0028011
48,&eth;eodric,<code>&amp;d;eodric</code>,1,0.0028011
48,&eth;ewigges,<code>&amp;d;ewigges</code>,1,0.0028011
48,&eth;inne,<code>&amp;d;inne</code>,1,0.0028011
48,&eth;isse,<code>&amp;d;isse</code>,1,0.0028011
48,&eth;ohte,<code>&amp;d;ohte</code>,1,0.0028011
48,&eth;us,<code>&amp;d;us</code>,1,0.0028011
48,&thorn;&aelig;r,<code>&amp;t;&amp;ae;r</code>,1,0.0028011
48,&thorn;&aelig;s,<code>&amp;t;&amp;ae;s</code>,1,0.0028011
48,&thorn;e,<code>&amp;t;e</code>,1,0.0028011
48,ac,<code>ac</code>,1,0.0028011
48,agan,<code>agan</code>,1,0.0028011
48,aninga,<code>aninga</code>,1,0.0028011
48,anum,<code>anum</code>,1,0.0028011
48,b&aelig;teran,<code>b&amp;ae;teran</code>,1,0.0028011
48,beaduwe,<code>beaduwe</code>,1,0.0028011
48,beaga,<code>beaga</code>,1,0.0028011
48,bearn,<code>bearn</code>,1,0.0028011
48,bega,<code>bega</code>,1,0.0028011
48,beorgan,<code>beorgan</code>,1,0.0028011
48,beot,<code>beot</code>,1,0.0028011
48,bi&eth;,<code>bi&amp;d;</code>,1,0.0028011
48,billum,<code>billum</code>,1,0.0028011
48,britnian,<code>britnian</code>,1,0.0028011
48,burgenda,<code>burgenda</code>,1,0.0028011
48,buton,<code>buton</code>,1,0.0028011
48,by&eth;,<code>by&amp;d;</code>,1,0.0028011
48,byrnan,<code>byrnan</code>,1,0.0028011
48,byrnhomon,<code>byrnhomon</code>,1,0.0028011
48,can,<code>can</code>,1,0.0028011
48,ce,<code>ce</code>,1,0.0028011
48,cide,<code>cide</code>,1,0.0028011
48,cumen,<code>cumen</code>,1,0.0028011
48,cyst,<code>cyst</code>,1,0.0028011
48,d,<code>d</code>,1,0.0028011
48,d&aelig;dum,<code>d&amp;ae;dum</code>,1,0.0028011
48,d&aelig;g,<code>d&amp;ae;g</code>,1,0.0028011
48,d&aelig;ge,<code>d&amp;ae;ge</code>,1,0.0028011
48,dom,<code>dom</code>,1,0.0028011
48,dryhtscipe,<code>dryhtscipe</code>,1,0.0028011
48,dydon,<code>dydon</code>,1,0.0028011
48,dyrre,<code>dyrre</code>,1,0.0028011
48,ealdne,<code>ealdne</code>,1,0.0028011
48,ealles,<code>ealles</code>,1,0.0028011
48,earnunga,<code>earnunga</code>,1,0.0028011
48,eaxelum,<code>eaxelum</code>,1,0.0028011
48,edwitscype,<code>edwitscype</code>,1,0.0028011
48,eft,<code>eft</code>,1,0.0028011
48,eldum,<code>eldum</code>,1,0.0028011
48,ellen,<code>ellen</code>,1,0.0028011
48,ellenrof,<code>ellenrof</code>,1,0.0028011
48,fah,<code>fah</code>,1,0.0028011
48,fela,<code>fela</code>,1,0.0028011
48,feondum,<code>feondum</code>,1,0.0028011
48,feorhhord,<code>feorhhord</code>,1,0.0028011
48,feta,<code>feta</code>,1,0.0028011
48,fifela,<code>fifela</code>,1,0.0028011
48,finde&eth;,<code>finde&amp;d;</code>,1,0.0028011
48,fleon,<code>fleon</code>,1,0.0028011
48,for,<code>for</code>,1,0.0028011
48,for&eth;,<code>for&amp;d;</code>,1,0.0028011
48,forbigan,<code>forbigan</code>,1,0.0028011
48,forbugan,<code>forbugan</code>,1,0.0028011
48,forleosan,<code>forleosan</code>,1,0.0028011
48,forlet,<code>forlet</code>,1,0.0028011
48,forsoc,<code>forsoc</code>,1,0.0028011
48,from,<code>from</code>,1,0.0028011
48,fur&eth;or,<code>fur&amp;d;or</code>,1,0.0028011
48,fyrenlice,<code>fyrenlice</code>,1,0.0028011
48,ge,<code>ge</code>,1,0.0028011
48,ge&eth;ence&eth;,<code>ge&amp;d;ence&amp;d;</code>,1,0.0028011
48,geapneb,<code>geapneb</code>,1,0.0028011
48,gearo,<code>gearo</code>,1,0.0028011
48,gedreas,<code>gedreas</code>,1,0.0028011
48,gedreosan,<code>gedreosan</code>,1,0.0028011
48,gefremede,<code>gefremede</code>,1,0.0028011
48,gegirwan,<code>gegirwan</code>,1,0.0028011
48,gehealdan,<code>gehealdan</code>,1,0.0028011
48,gehided,<code>gehided</code>,1,0.0028011
48,gehwilces,<code>gehwilces</code>,1,0.0028011
48,gelife&eth;,<code>gelife&amp;d;</code>,1,0.0028011
48,gemeta&eth;,<code>gemeta&amp;d;</code>,1,0.0028011
48,genam,<code>genam</code>,1,0.0028011
48,geoce,<code>geoce</code>,1,0.0028011
48,georne,<code>georne</code>,1,0.0028011
48,gesawe,<code>gesawe</code>,1,0.0028011
48,geswice&eth;,<code>geswice&amp;d;</code>,1,0.0028011
48,getw&aelig;mde,<code>getw&amp;ae;mde</code>,1,0.0028011
48,geweald,<code>geweald</code>,1,0.0028011
48,geweor&eth;od,<code>geweor&amp;d;od</code>,1,0.0028011
48,gife&eth;e,<code>gife&amp;d;e</code>,1,0.0028011
48,gioce,<code>gioce</code>,1,0.0028011
48,gode,<code>gode</code>,1,0.0028011
48,godum,<code>godum</code>,1,0.0028011
48,gripe,<code>gripe</code>,1,0.0028011
48,gu&eth;billa,<code>gu&amp;d;billa</code>,1,0.0028011
48,gu&eth;here,<code>gu&amp;d;here</code>,1,0.0028011
48,gy,<code>gy</code>,1,0.0028011
48,gyddode,<code>gyddode</code>,1,0.0028011
48,gyf,<code>gyf</code>,1,0.0028011
48,h&aelig;fde,<code>h&amp;ae;fde</code>,1,0.0028011
48,habbanne,<code>habbanne</code>,1,0.0028011
48,hafa,<code>hafa</code>,1,0.0028011
48,hagenan,<code>hagenan</code>,1,0.0028011
48,halgan,<code>halgan</code>,1,0.0028011
48,handa,<code>handa</code>,1,0.0028011
48,hare,<code>hare</code>,1,0.0028011
48,hea&eth;uwerigan,<code>hea&amp;d;uwerigan</code>,1,0.0028011
48,heardne,<code>heardne</code>,1,0.0028011
48,helpe,<code>helpe</code>,1,0.0028011
48,heowun,<code>heowun</code>,1,0.0028011
48,hildefrofre,<code>hildefrofre</code>,1,0.0028011
48,hine,<code>hine</code>,1,0.0028011
48,hit,<code>hit</code>,1,0.0028011
48,hlafurd,<code>hlafurd</code>,1,0.0028011
48,hw&aelig;t,<code>hw&amp;ae;t</code>,1,0.0028011
48,hworfan,<code>hworfan</code>,1,0.0028011
48,hyne,<code>hyne</code>,1,0.0028011
48,hyrde,<code>hyrde</code>,1,0.0028011
48,iulean,<code>iulean</code>,1,0.0028011
48,l&aelig;t,<code>l&amp;ae;t</code>,1,0.0028011
48,la&eth;ra,<code>la&amp;d;ra</code>,1,0.0028011
48,laf,<code>laf</code>,1,0.0028011
48,langne,<code>langne</code>,1,0.0028011
48,leas,<code>leas</code>,1,0.0028011
48,lice,<code>lice</code>,1,0.0028011
48,lif,<code>lif</code>,1,0.0028011
48,m&aelig;l,<code>m&amp;ae;l</code>,1,0.0028011
48,m&aelig;nigo,<code>m&amp;ae;nigo</code>,1,0.0028011
48,ma&eth;lode,<code>ma&amp;d;lode</code>,1,0.0028011
48,mearce,<code>mearce</code>,1,0.0028011
48,mecum,<code>mecum</code>,1,0.0028011
48,metod,<code>metod</code>,1,0.0028011
48,micel,<code>micel</code>,1,0.0028011
48,mimming,<code>mimming</code>,1,0.0028011
48,min,<code>min</code>,1,0.0028011
48,monig,<code>monig</code>,1,0.0028011
48,monna,<code>monna</code>,1,0.0028011
48,moten,<code>moten</code>,1,0.0028011
48,murn,<code>murn</code>,1,0.0028011
48,nalles,<code>nalles</code>,1,0.0028011
48,nearwum,<code>nearwum</code>,1,0.0028011
48,ni&eth;hades,<code>ni&amp;d;hades</code>,1,0.0028011
48,o&eth;er,<code>o&amp;d;er</code>,1,0.0028011
48,o&eth;rum,<code>o&amp;d;rum</code>,1,0.0028011
48,oe,<code>oe</code>,1,0.0028011
48,of,<code>of</code>,1,0.0028011
48,ofer,<code>ofer</code>,1,0.0028011
48,oft,<code>oft</code>,1,0.0028011
48,ondred,<code>ondred</code>,1,0.0028011
48,onette,<code>onette</code>,1,0.0028011
48,ongan,<code>ongan</code>,1,0.0028011
48,ongynna&eth;,<code>ongynna&amp;d;</code>,1,0.0028011
48,onsendon,<code>onsendon</code>,1,0.0028011
48,ordwyga,<code>ordwyga</code>,1,0.0028011
48,r&aelig;dfest,<code>r&amp;ae;dfest</code>,1,0.0028011
48,reaf,<code>reaf</code>,1,0.0028011
48,recce,<code>recce</code>,1,0.0028011
48,recon,<code>recon</code>,1,0.0028011
48,ryha,<code>ryha</code>,1,0.0028011
48,sceal,<code>sceal</code>,1,0.0028011
48,secg,<code>secg</code>,1,0.0028011
48,selfne,<code>selfne</code>,1,0.0028011
48,selfum,<code>selfum</code>,1,0.0028011
48,sige,<code>sige</code>,1,0.0028011
48,sinc,<code>sinc</code>,1,0.0028011
48,stande&eth;,<code>stande&amp;d;</code>,1,0.0028011
48,stanfate,<code>stanfate</code>,1,0.0028011
48,stille,<code>stille</code>,1,0.0028011
48,sunu,<code>sunu</code>,1,0.0028011
48,swa,<code>swa</code>,1,0.0028011
48,swatfag,<code>swatfag</code>,1,0.0028011
48,swefan,<code>swefan</code>,1,0.0028011
48,sweordplegan,<code>sweordplegan</code>,1,0.0028011
48,sweordwund,<code>sweordwund</code>,1,0.0028011
48,swurde,<code>swurde</code>,1,0.0028011
48,syllan,<code>syllan</code>,1,0.0028011
48,syncfatum,<code>syncfatum</code>,1,0.0028011
48,twega,<code>twega</code>,1,0.0028011
48,unm&aelig;gas,<code>unm&amp;ae;gas</code>,1,0.0028011
48,unryhte,<code>unryhte</code>,1,0.0028011
48,unscende,<code>unscende</code>,1,0.0028011
48,ut,<code>ut</code>,1,0.0028011
48,waldere,<code>waldere</code>,1,0.0028011
48,wat,<code>wat</code>,1,0.0028011
48,weal,<code>weal</code>,1,0.0028011
48,wealdan,<code>wealdan</code>,1,0.0028011
48,wear&eth;,<code>wear&amp;d;</code>,1,0.0028011
48,welan,<code>welan</code>,1,0.0028011
48,welande,<code>welande</code>,1,0.0028011
48,welandes,<code>welandes</code>,1,0.0028011
48,wendest,<code>wendest</code>,1,0.0028011
48,weor&eth;a,<code>weor&amp;d;a</code>,1,0.0028011
48,were&eth;,<code>were&amp;d;</code>,1,0.0028011
48,wi&eth;,<code>wi&amp;d;</code>,1,0.0028011
48,widia,<code>widia</code>,1,0.0028011
48,widian,<code>widian</code>,1,0.0028011
48,wig,<code>wig</code>,1,0.0028011
48,wiga,<code>wiga</code>,1,0.0028011
48,wigr&aelig;denne,<code>wigr&amp;ae;denne</code>,1,0.0028011
48,wlance,<code>wlance</code>,1,0.0028011
48,worc,<code>worc</code>,1,0.0028011
