A_Poetry,A10,714,587,1127
RANK,HTML WORD,RAW WORD,COUNT,RELATIVE FREQUENCY
1,and,<code>and</code>,43,0.0381544
2,on,<code>on</code>,36,0.0319432
3,w&aelig;s,<code>w&amp;ae;s</code>,19,0.0168589
4,&thorn;a,<code>&amp;t;a</code>,13,0.0115350
4,to,<code>to</code>,13,0.0115350
6,swa,<code>swa</code>,12,0.0106477
7,ne,<code>ne</code>,10,0.0088731
7,ofer,<code>ofer</code>,10,0.0088731
9,&thorn;&aelig;t,<code>&amp;t;&amp;ae;t</code>,9,0.0079858
9,&thorn;e,<code>&amp;t;e</code>,9,0.0079858
9,him,<code>him</code>,9,0.0079858
9,his,<code>his</code>,9,0.0079858
9,man,<code>man</code>,9,0.0079858
9,se,<code>se</code>,9,0.0079858
15,eac,<code>eac</code>,8,0.0070985
15,he,<code>he</code>,8,0.0070985
15,her,<code>her</code>,8,0.0070985
18,&thorn;am,<code>&amp;t;am</code>,7,0.0062112
18,hi,<code>hi</code>,7,0.0062112
18,sume,<code>sume</code>,7,0.0062112
21,&thorn;&aelig;r,<code>&amp;t;&amp;ae;r</code>,6,0.0053239
21,cyning,<code>cyning</code>,6,0.0053239
21,engla,<code>engla</code>,6,0.0053239
21,hine,<code>hine</code>,6,0.0053239
21,wear&eth;,<code>wear&amp;d;</code>,6,0.0053239
26,&aelig;t,<code>&amp;ae;t</code>,5,0.0044366
26,&eth;a,<code>&amp;d;a</code>,5,0.0044366
26,&thorn;&aelig;s,<code>&amp;t;&amp;ae;s</code>,5,0.0044366
26,mid,<code>mid</code>,5,0.0044366
30,&aelig;&thorn;eling,<code>&amp;ae;&amp;t;eling</code>,4,0.0035492
30,&thorn;is,<code>&amp;t;is</code>,4,0.0035492
30,&thorn;one,<code>&amp;t;one</code>,4,0.0035492
30,eft,<code>eft</code>,4,0.0035492
30,eor&eth;an,<code>eor&amp;d;an</code>,4,0.0035492
30,h&aelig;le&eth;,<code>h&amp;ae;le&amp;d;</code>,4,0.0035492
30,land,<code>land</code>,4,0.0035492
30,of,<code>of</code>,4,0.0035492
30,swilce,<code>swilce</code>,4,0.0035492
30,sy&eth;&eth;an,<code>sy&amp;d;&amp;d;an</code>,4,0.0035492
30,wide,<code>wide</code>,4,0.0035492
30,wintra,<code>wintra</code>,4,0.0035492
42,&aelig;r,<code>&amp;ae;r</code>,3,0.0026619
42,&eth;am,<code>&amp;d;am</code>,3,0.0026619
42,bearn,<code>bearn</code>,3,0.0026619
42,criste,<code>criste</code>,3,0.0026619
42,d&aelig;g,<code>d&amp;ae;g</code>,3,0.0026619
42,eadgar,<code>eadgar</code>,3,0.0026619
42,eadmund,<code>eadmund</code>,3,0.0026619
42,eadweardes,<code>eadweardes</code>,3,0.0026619
42,gewat,<code>gewat</code>,3,0.0026619
42,godes,<code>godes</code>,3,0.0026619
42,hit,<code>hit</code>,3,0.0026619
42,in,<code>in</code>,3,0.0026619
42,men,<code>men</code>,3,0.0026619
42,micel,<code>micel</code>,3,0.0026619
42,wunode,<code>wunode</code>,3,0.0026619
57,&aelig;&eth;elredes,<code>&amp;ae;&amp;d;elredes</code>,2,0.0017746
57,&thorn;eah,<code>&amp;t;eah</code>,2,0.0017746
57,&thorn;orfte,<code>&amp;t;orfte</code>,2,0.0017746
57,&thorn;rage,<code>&amp;t;rage</code>,2,0.0017746
57,&thorn;urh,<code>&amp;t;urh</code>,2,0.0017746
57,ac,<code>ac</code>,2,0.0017746
57,acwealde,<code>acwealde</code>,2,0.0017746
57,afaran,<code>afaran</code>,2,0.0017746
57,becom,<code>becom</code>,2,0.0017746
57,beorna,<code>beorna</code>,2,0.0017746
57,bereafod,<code>bereafod</code>,2,0.0017746
57,blende,<code>blende</code>,2,0.0017746
57,brytene,<code>brytene</code>,2,0.0017746
57,campstede,<code>campstede</code>,2,0.0017746
57,com,<code>com</code>,2,0.0017746
57,cy&thorn;&thorn;e,<code>cy&amp;t;&amp;t;e</code>,2,0.0017746
57,deore,<code>deore</code>,2,0.0017746
57,e&eth;el,<code>e&amp;d;el</code>,2,0.0017746
57,eadward,<code>eadward</code>,2,0.0017746
57,earde,<code>earde</code>,2,0.0017746
57,ecgum,<code>ecgum</code>,2,0.0017746
57,eorla,<code>eorla</code>,2,0.0017746
57,eorlas,<code>eorlas</code>,2,0.0017746
57,f&aelig;ge,<code>f&amp;ae;ge</code>,2,0.0017746
57,fife,<code>fife</code>,2,0.0017746
57,for&eth;,<code>for&amp;d;</code>,2,0.0017746
57,forlet,<code>forlet</code>,2,0.0017746
57,froda,<code>froda</code>,2,0.0017746
57,ful,<code>ful</code>,2,0.0017746
57,gefrege,<code>gefrege</code>,2,0.0017746
57,gefylled,<code>gefylled</code>,2,0.0017746
57,gehalgod,<code>gehalgod</code>,2,0.0017746
57,geond,<code>geond</code>,2,0.0017746
57,gerimes,<code>gerimes</code>,2,0.0017746
57,geworden,<code>geworden</code>,2,0.0017746
57,gleawra,<code>gleawra</code>,2,0.0017746
57,godwine,<code>godwine</code>,2,0.0017746
57,heowan,<code>heowan</code>,2,0.0017746
57,hider,<code>hider</code>,2,0.0017746
57,holdlice,<code>holdlice</code>,2,0.0017746
57,is,<code>is</code>,2,0.0017746
57,lange,<code>lange</code>,2,0.0017746
57,leoda,<code>leoda</code>,2,0.0017746
57,leoht,<code>leoht</code>,2,0.0017746
57,lides,<code>lides</code>,2,0.0017746
57,lyfode,<code>lyfode</code>,2,0.0017746
57,menn,<code>menn</code>,2,0.0017746
57,mine,<code>mine</code>,2,0.0017746
57,myrce,<code>myrce</code>,2,0.0017746
57,nama,<code>nama</code>,2,0.0017746
57,nemna&eth;,<code>nemna&amp;d;</code>,2,0.0017746
57,o&eth;&thorn;&aelig;t,<code>o&amp;d;&amp;t;&amp;ae;t</code>,2,0.0017746
57,rice,<code>rice</code>,2,0.0017746
57,s&aelig;cce,<code>s&amp;ae;cce</code>,2,0.0017746
57,sawle,<code>sawle</code>,2,0.0017746
57,sceotta,<code>sceotta</code>,2,0.0017746
57,secga&eth;,<code>secga&amp;d;</code>,2,0.0017746
57,sigora,<code>sigora</code>,2,0.0017746
57,so&thorn;f&aelig;ste,<code>so&amp;t;f&amp;ae;ste</code>,2,0.0017746
57,sunu,<code>sunu</code>,2,0.0017746
57,swi&eth;e,<code>swi&amp;d;e</code>,2,0.0017746
57,tid,<code>tid</code>,2,0.0017746
57,tyn,<code>tyn</code>,2,0.0017746
57,up,<code>up</code>,2,0.0017746
57,w&aelig;ran,<code>w&amp;ae;ran</code>,2,0.0017746
57,waldend,<code>waldend</code>,2,0.0017746
57,waldendes,<code>waldendes</code>,2,0.0017746
57,wealdend,<code>wealdend</code>,2,0.0017746
57,wel,<code>wel</code>,2,0.0017746
57,wi&thorn;,<code>wi&amp;t;</code>,2,0.0017746
57,wiges,<code>wiges</code>,2,0.0017746
128,&aelig;&eth;ela,<code>&amp;ae;&amp;d;ela</code>,1,0.0008873
128,&aelig;&eth;elum,<code>&amp;ae;&amp;d;elum</code>,1,0.0008873
128,&aelig;&thorn;ele,<code>&amp;ae;&amp;t;ele</code>,1,0.0008873
128,&aelig;&thorn;elne,<code>&amp;ae;&amp;t;elne</code>,1,0.0008873
128,&aelig;&thorn;elr&aelig;des,<code>&amp;ae;&amp;t;elr&amp;ae;des</code>,1,0.0008873
128,&aelig;&thorn;elstan,<code>&amp;ae;&amp;t;elstan</code>,1,0.0008873
128,&aelig;&thorn;elum,<code>&amp;ae;&amp;t;elum</code>,1,0.0008873
128,&aelig;fre,<code>&amp;ae;fre</code>,1,0.0008873
128,&aelig;ftan,<code>&amp;ae;ftan</code>,1,0.0008873
128,&aelig;lc,<code>&amp;ae;lc</code>,1,0.0008873
128,&aelig;lfred,<code>&amp;ae;lfred</code>,1,0.0008873
128,&aelig;ra,<code>&amp;ae;ra</code>,1,0.0008873
128,&aelig;ror,<code>&amp;ae;ror</code>,1,0.0008873
128,&aelig;ses,<code>&amp;ae;ses</code>,1,0.0008873
128,&aelig;tsamne,<code>&amp;ae;tsamne</code>,1,0.0008873
128,&aelig;tywed,<code>&amp;ae;tywed</code>,1,0.0008873
128,&aelig;wiscmode,<code>&amp;ae;wiscmode</code>,1,0.0008873
128,&eth;&aelig;r,<code>&amp;d;&amp;ae;r</code>,1,0.0008873
128,&eth;&aelig;re,<code>&amp;d;&amp;ae;re</code>,1,0.0008873
128,&eth;an,<code>&amp;d;an</code>,1,0.0008873
128,&eth;e,<code>&amp;d;e</code>,1,0.0008873
128,&eth;eoden,<code>&amp;d;eoden</code>,1,0.0008873
128,&eth;eowa,<code>&amp;d;eowa</code>,1,0.0008873
128,&eth;is,<code>&amp;d;is</code>,1,0.0008873
128,&eth;isse,<code>&amp;d;isse</code>,1,0.0008873
128,&eth;reat,<code>&amp;d;reat</code>,1,0.0008873
128,&eth;usend,<code>&amp;d;usend</code>,1,0.0008873
128,&thorn;&aelig;ne,<code>&amp;t;&amp;ae;ne</code>,1,0.0008873
128,&thorn;&aelig;ra,<code>&amp;t;&amp;ae;ra</code>,1,0.0008873
128,&thorn;ane,<code>&amp;t;ane</code>,1,0.0008873
128,&thorn;ar,<code>&amp;t;ar</code>,1,0.0008873
128,&thorn;earf,<code>&amp;t;earf</code>,1,0.0008873
128,&thorn;earle,<code>&amp;t;earle</code>,1,0.0008873
128,&thorn;eh,<code>&amp;t;eh</code>,1,0.0008873
128,&thorn;eoden,<code>&amp;t;eoden</code>,1,0.0008873
128,&thorn;eodkyninges,<code>&amp;t;eodkyninges</code>,1,0.0008873
128,&thorn;eodum,<code>&amp;t;eodum</code>,1,0.0008873
128,&thorn;ison,<code>&amp;t;ison</code>,1,0.0008873
128,&thorn;issum,<code>&amp;t;issum</code>,1,0.0008873
128,&thorn;orftun,<code>&amp;t;orftun</code>,1,0.0008873
128,&thorn;y,<code>&amp;t;y</code>,1,0.0008873
128,a,<code>a</code>,1,0.0008873
128,acemannesceastre,<code>acemannesceastre</code>,1,0.0008873
128,adr&aelig;fed,<code>adr&amp;ae;fed</code>,1,0.0008873
128,afera,<code>afera</code>,1,0.0008873
128,afylled,<code>afylled</code>,1,0.0008873
128,ag&aelig;lde,<code>ag&amp;ae;lde</code>,1,0.0008873
128,agangen,<code>agangen</code>,1,0.0008873
128,ageted,<code>ageted</code>,1,0.0008873
128,alysde,<code>alysde</code>,1,0.0008873
128,anlaf,<code>anlaf</code>,1,0.0008873
128,anlafe,<code>anlafe</code>,1,0.0008873
128,anlafes,<code>anlafes</code>,1,0.0008873
128,arhwate,<code>arhwate</code>,1,0.0008873
128,aswefede,<code>aswefede</code>,1,0.0008873
128,aurnen,<code>aurnen</code>,1,0.0008873
128,b&aelig;&eth;,<code>b&amp;ae;&amp;d;</code>,1,0.0008873
128,ba&eth;an,<code>ba&amp;d;an</code>,1,0.0008873
128,be,<code>be</code>,1,0.0008873
128,beaduweorca,<code>beaduweorca</code>,1,0.0008873
128,beahgifa,<code>beahgifa</code>,1,0.0008873
128,beahgyfa,<code>beahgyfa</code>,1,0.0008873
128,bealuleas,<code>bealuleas</code>,1,0.0008873
128,bec,<code>bec</code>,1,0.0008873
128,becoman,<code>becoman</code>,1,0.0008873
128,bef&aelig;ste,<code>bef&amp;ae;ste</code>,1,0.0008873
128,beforan,<code>beforan</code>,1,0.0008873
128,begeatan,<code>begeatan</code>,1,0.0008873
128,begen,<code>begen</code>,1,0.0008873
128,behindan,<code>behindan</code>,1,0.0008873
128,bende,<code>bende</code>,1,0.0008873
128,beorht,<code>beorht</code>,1,0.0008873
128,beorn,<code>beorn</code>,1,0.0008873
128,beornas,<code>beornas</code>,1,0.0008873
128,beslagen,<code>beslagen</code>,1,0.0008873
128,beteran,<code>beteran</code>,1,0.0008873
128,bewerode,<code>bewerode</code>,1,0.0008873
128,bilgeslehtes,<code>bilgeslehtes</code>,1,0.0008873
128,bisceop,<code>bisceop</code>,1,0.0008873
128,bitera,<code>bitera</code>,1,0.0008873
128,blandenfeax,<code>blandenfeax</code>,1,0.0008873
128,bli&eth;e,<code>bli&amp;d;e</code>,1,0.0008873
128,bli&eth;emod,<code>bli&amp;d;emod</code>,1,0.0008873
128,blindne,<code>blindne</code>,1,0.0008873
128,blis,<code>blis</code>,1,0.0008873
128,blisse,<code>blisse</code>,1,0.0008873
128,blission,<code>blission</code>,1,0.0008873
128,bordweal,<code>bordweal</code>,1,0.0008873
128,bosme,<code>bosme</code>,1,0.0008873
128,brad,<code>brad</code>,1,0.0008873
128,brada,<code>brada</code>,1,0.0008873
128,brego,<code>brego</code>,1,0.0008873
128,bregu,<code>bregu</code>,1,0.0008873
128,bremes,<code>bremes</code>,1,0.0008873
128,breostum,<code>breostum</code>,1,0.0008873
128,brimstream,<code>brimstream</code>,1,0.0008873
128,brimu,<code>brimu</code>,1,0.0008873
128,britnode,<code>britnode</code>,1,0.0008873
128,bro&thorn;or,<code>bro&amp;t;or</code>,1,0.0008873
128,brohte,<code>brohte</code>,1,0.0008873
128,brucan,<code>brucan</code>,1,0.0008873
128,brunanburh,<code>brunanburh</code>,1,0.0008873
128,brymmas,<code>brymmas</code>,1,0.0008873
128,brytnodon,<code>brytnodon</code>,1,0.0008873
128,bryttian,<code>bryttian</code>,1,0.0008873
128,bryttum,<code>bryttum</code>,1,0.0008873
128,burga,<code>burga</code>,1,0.0008873
128,butan,<code>butan</code>,1,0.0008873
128,buton,<code>buton</code>,1,0.0008873
128,byre,<code>byre</code>,1,0.0008873
128,byrig,<code>byrig</code>,1,0.0008873
128,byrigde,<code>byrigde</code>,1,0.0008873
128,byrnende,<code>byrnende</code>,1,0.0008873
128,campe,<code>campe</code>,1,0.0008873
128,cealde,<code>cealde</code>,1,0.0008873
128,ceas,<code>ceas</code>,1,0.0008873
128,ciga&eth;,<code>ciga&amp;d;</code>,1,0.0008873
128,cild,<code>cild</code>,1,0.0008873
128,cinges,<code>cinges</code>,1,0.0008873
128,cl&aelig;ne,<code>cl&amp;ae;ne</code>,1,0.0008873
128,clufan,<code>clufan</code>,1,0.0008873
128,cnear,<code>cnear</code>,1,0.0008873
128,cneom&aelig;gum,<code>cneom&amp;ae;gum</code>,1,0.0008873
128,cnut,<code>cnut</code>,1,0.0008873
128,cometa,<code>cometa</code>,1,0.0008873
128,comon,<code>comon</code>,1,0.0008873
128,condel,<code>condel</code>,1,0.0008873
128,cor&eth;re,<code>cor&amp;d;re</code>,1,0.0008873
128,costontinus,<code>costontinus</code>,1,0.0008873
128,cr&aelig;ft,<code>cr&amp;ae;ft</code>,1,0.0008873
128,cr&aelig;ftgleawe,<code>cr&amp;ae;ftgleawe</code>,1,0.0008873
128,cr&aelig;ftig,<code>cr&amp;ae;ftig</code>,1,0.0008873
128,cread,<code>cread</code>,1,0.0008873
128,crungun,<code>crungun</code>,1,0.0008873
128,cumbolgehnastes,<code>cumbolgehnastes</code>,1,0.0008873
128,cynerice,<code>cynerice</code>,1,0.0008873
128,cyneweard,<code>cyneweard</code>,1,0.0008873
128,cyningas,<code>cyningas</code>,1,0.0008873
128,cyninge,<code>cyninge</code>,1,0.0008873
128,cyninges,<code>cyninges</code>,1,0.0008873
128,d&aelig;d,<code>d&amp;ae;d</code>,1,0.0008873
128,d&aelig;dfruma,<code>d&amp;ae;dfruma</code>,1,0.0008873
128,d&aelig;dum,<code>d&amp;ae;dum</code>,1,0.0008873
128,d&aelig;ge,<code>d&amp;ae;ge</code>,1,0.0008873
128,d&aelig;ne,<code>d&amp;ae;ne</code>,1,0.0008873
128,d&aelig;nnede,<code>d&amp;ae;nnede</code>,1,0.0008873
128,dara&eth;a,<code>dara&amp;d;a</code>,1,0.0008873
128,dea&eth;,<code>dea&amp;d;</code>,1,0.0008873
128,dena,<code>dena</code>,1,0.0008873
128,dene,<code>dene</code>,1,0.0008873
128,deop,<code>deop</code>,1,0.0008873
128,deor,<code>deor</code>,1,0.0008873
128,deoraby,<code>deoraby</code>,1,0.0008873
128,deormod,<code>deormod</code>,1,0.0008873
128,difelin,<code>difelin</code>,1,0.0008873
128,dinges,<code>dinges</code>,1,0.0008873
128,dor,<code>dor</code>,1,0.0008873
128,dreamas,<code>dreamas</code>,1,0.0008873
128,dreorig,<code>dreorig</code>,1,0.0008873
128,dreorlicre,<code>dreorlicre</code>,1,0.0008873
128,drihtnes,<code>drihtnes</code>,1,0.0008873
128,dryhten,<code>dryhten</code>,1,0.0008873
128,dyre,<code>dyre</code>,1,0.0008873
128,e&eth;eltyrf,<code>e&amp;d;eltyrf</code>,1,0.0008873
128,ea,<code>ea</code>,1,0.0008873
128,eadgan,<code>eadgan</code>,1,0.0008873
128,eadmundes,<code>eadmundes</code>,1,0.0008873
128,eadwarde,<code>eadwarde</code>,1,0.0008873
128,eadweard,<code>eadweard</code>,1,0.0008873
128,eafora,<code>eafora</code>,1,0.0008873
128,eahte&eth;an,<code>eahte&amp;d;an</code>,1,0.0008873
128,eald,<code>eald</code>,1,0.0008873
128,ealdan,<code>ealdan</code>,1,0.0008873
128,ealde,<code>ealde</code>,1,0.0008873
128,ealdor,<code>ealdor</code>,1,0.0008873
128,ealdorlangne,<code>ealdorlangne</code>,1,0.0008873
128,ealgodon,<code>ealgodon</code>,1,0.0008873
128,eall,<code>eall</code>,1,0.0008873
128,ealle,<code>ealle</code>,1,0.0008873
128,eallum,<code>eallum</code>,1,0.0008873
128,eard,<code>eard</code>,1,0.0008873
128,earmlice,<code>earmlice</code>,1,0.0008873
128,earn,<code>earn</code>,1,0.0008873
128,eastan,<code>eastan</code>,1,0.0008873
128,ec,<code>ec</code>,1,0.0008873
128,eces,<code>eces</code>,1,0.0008873
128,egbuendra,<code>egbuendra</code>,1,0.0008873
128,eiglande,<code>eiglande</code>,1,0.0008873
128,eligbyrig,<code>eligbyrig</code>,1,0.0008873
128,englas,<code>englas</code>,1,0.0008873
128,engle,<code>engle</code>,1,0.0008873
128,englum,<code>englum</code>,1,0.0008873
128,eorl,<code>eorl</code>,1,0.0008873
128,eorle,<code>eorle</code>,1,0.0008873
128,eorodcistum,<code>eorodcistum</code>,1,0.0008873
128,fealene,<code>fealene</code>,1,0.0008873
128,fela,<code>fela</code>,1,0.0008873
128,feld,<code>feld</code>,1,0.0008873
128,feng,<code>feng</code>,1,0.0008873
128,feo,<code>feo</code>,1,0.0008873
128,feollan,<code>feollan</code>,1,0.0008873
128,feorh,<code>feorh</code>,1,0.0008873
128,feredon,<code>feredon</code>,1,0.0008873
128,fleame,<code>fleame</code>,1,0.0008873
128,flod,<code>flod</code>,1,0.0008873
128,flot,<code>flot</code>,1,0.0008873
128,flotan,<code>flotan</code>,1,0.0008873
128,folces,<code>folces</code>,1,0.0008873
128,folcstede,<code>folcstede</code>,1,0.0008873
128,foldan,<code>foldan</code>,1,0.0008873
128,for,<code>for</code>,1,0.0008873
128,for&eth;an,<code>for&amp;d;an</code>,1,0.0008873
128,forgrunden,<code>forgrunden</code>,1,0.0008873
128,forsewen,<code>forsewen</code>,1,0.0008873
128,fram,<code>fram</code>,1,0.0008873
128,frean,<code>frean</code>,1,0.0008873
128,freolic,<code>freolic</code>,1,0.0008873
128,freolice,<code>freolice</code>,1,0.0008873
128,freonda,<code>freonda</code>,1,0.0008873
128,fri&eth;,<code>fri&amp;d;</code>,1,0.0008873
128,from,<code>from</code>,1,0.0008873
128,fruma,<code>fruma</code>,1,0.0008873
128,gamolfeax,<code>gamolfeax</code>,1,0.0008873
128,ganotes,<code>ganotes</code>,1,0.0008873
128,garmittinge,<code>garmittinge</code>,1,0.0008873
128,garum,<code>garum</code>,1,0.0008873
128,gast,<code>gast</code>,1,0.0008873
128,ge&aelig;&thorn;ele,<code>ge&amp;ae;&amp;t;ele</code>,1,0.0008873
128,ge&eth;ring,<code>ge&amp;d;ring</code>,1,0.0008873
128,ge&thorn;afode,<code>ge&amp;t;afode</code>,1,0.0008873
128,ge&thorn;ungen,<code>ge&amp;t;ungen</code>,1,0.0008873
128,geaf,<code>geaf</code>,1,0.0008873
128,geatwum,<code>geatwum</code>,1,0.0008873
128,gebeded,<code>gebeded</code>,1,0.0008873
128,gebegde,<code>gebegde</code>,1,0.0008873
128,gebette,<code>gebette</code>,1,0.0008873
128,gebland,<code>gebland</code>,1,0.0008873
128,gebro&thorn;er,<code>gebro&amp;t;er</code>,1,0.0008873
128,gebundenne,<code>gebundenne</code>,1,0.0008873
128,gebyrdtide,<code>gebyrdtide</code>,1,0.0008873
128,gebyrede,<code>gebyrede</code>,1,0.0008873
128,gecyndne,<code>gecyndne</code>,1,0.0008873
128,gedon,<code>gedon</code>,1,0.0008873
128,geendode,<code>geendode</code>,1,0.0008873
128,geeode,<code>geeode</code>,1,0.0008873
128,gefeohte,<code>gefeohte</code>,1,0.0008873
128,geferan,<code>geferan</code>,1,0.0008873
128,geflemed,<code>geflemed</code>,1,0.0008873
128,gefr&aelig;ge,<code>gefr&amp;ae;ge</code>,1,0.0008873
128,gegaderod,<code>gegaderod</code>,1,0.0008873
128,gehende,<code>gehende</code>,1,0.0008873
128,gehet,<code>gehet</code>,1,0.0008873
128,gehw&aelig;m,<code>gehw&amp;ae;m</code>,1,0.0008873
128,gehw&aelig;ne,<code>gehw&amp;ae;ne</code>,1,0.0008873
128,gehw&aelig;r,<code>gehw&amp;ae;r</code>,1,0.0008873
128,gelamp,<code>gelamp</code>,1,0.0008873
128,gelette,<code>gelette</code>,1,0.0008873
128,gelpan,<code>gelpan</code>,1,0.0008873
128,gelyfenne,<code>gelyfenne</code>,1,0.0008873
128,gemanan,<code>gemanan</code>,1,0.0008873
128,gemotes,<code>gemotes</code>,1,0.0008873
128,genam,<code>genam</code>,1,0.0008873
128,generede,<code>generede</code>,1,0.0008873
128,geonga,<code>geonga</code>,1,0.0008873
128,ger&aelig;dde,<code>ger&amp;ae;dde</code>,1,0.0008873
128,gesceaft,<code>gesceaft</code>,1,0.0008873
128,geslogon,<code>geslogon</code>,1,0.0008873
128,gesohtun,<code>gesohtun</code>,1,0.0008873
128,get,<code>get</code>,1,0.0008873
128,geteled,<code>geteled</code>,1,0.0008873
128,getogene,<code>getogene</code>,1,0.0008873
128,gewealc,<code>gewealc</code>,1,0.0008873
128,gewitan,<code>gewitan</code>,1,0.0008873
128,gewritu,<code>gewritu</code>,1,0.0008873
128,gieta,<code>gieta</code>,1,0.0008873
128,giunge,<code>giunge</code>,1,0.0008873
128,giungne,<code>giungne</code>,1,0.0008873
128,glad,<code>glad</code>,1,0.0008873
128,gnornung,<code>gnornung</code>,1,0.0008873
128,god,<code>god</code>,1,0.0008873
128,goda,<code>goda</code>,1,0.0008873
128,gode,<code>gode</code>,1,0.0008873
128,gr&aelig;digne,<code>gr&amp;ae;digne</code>,1,0.0008873
128,gr&aelig;ge,<code>gr&amp;ae;ge</code>,1,0.0008873
128,grundas,<code>grundas</code>,1,0.0008873
128,gu&eth;e,<code>gu&amp;d;e</code>,1,0.0008873
128,gu&eth;hafoc,<code>gu&amp;d;hafoc</code>,1,0.0008873
128,guma,<code>guma</code>,1,0.0008873
128,gumena,<code>gumena</code>,1,0.0008873
128,gyt,<code>gyt</code>,1,0.0008873
128,h&aelig;&thorn;enra,<code>h&amp;ae;&amp;t;enra</code>,1,0.0008873
128,h&aelig;fde,<code>h&amp;ae;fde</code>,1,0.0008873
128,h&aelig;ft,<code>h&amp;ae;ft</code>,1,0.0008873
128,h&aelig;fteclommum,<code>h&amp;ae;fteclommum</code>,1,0.0008873
128,h&aelig;le&eth;a,<code>h&amp;ae;le&amp;d;a</code>,1,0.0008873
128,h&aelig;le&thorn;a,<code>h&amp;ae;le&amp;t;a</code>,1,0.0008873
128,h&aelig;rran,<code>h&amp;ae;rran</code>,1,0.0008873
128,h&aelig;ttode,<code>h&amp;ae;ttode</code>,1,0.0008873
128,hagestealde,<code>hagestealde</code>,1,0.0008873
128,haligne,<code>haligne</code>,1,0.0008873
128,hama,<code>hama</code>,1,0.0008873
128,hamas,<code>hamas</code>,1,0.0008873
128,hamelode,<code>hamelode</code>,1,0.0008873
128,hamora,<code>hamora</code>,1,0.0008873
128,har,<code>har</code>,1,0.0008873
128,haraldes,<code>haraldes</code>,1,0.0008873
128,harolde,<code>harolde</code>,1,0.0008873
128,hasewanpadan,<code>hasewanpadan</code>,1,0.0008873
128,hata&eth;,<code>hata&amp;d;</code>,1,0.0008873
128,hea&thorn;olinde,<code>hea&amp;t;olinde</code>,1,0.0008873
128,heah&thorn;ungenum,<code>heah&amp;t;ungenum</code>,1,0.0008873
128,healfe,<code>healfe</code>,1,0.0008873
128,heap,<code>heap</code>,1,0.0008873
128,heard,<code>heard</code>,1,0.0008873
128,heardes,<code>heardes</code>,1,0.0008873
128,heo,<code>heo</code>,1,0.0008873
128,heofona,<code>heofona</code>,1,0.0008873
128,heora,<code>heora</code>,1,0.0008873
128,herefleman,<code>herefleman</code>,1,0.0008873
128,herelafum,<code>herelafum</code>,1,0.0008873
128,heriges,<code>heriges</code>,1,0.0008873
128,hettend,<code>hettend</code>,1,0.0008873
128,hie,<code>hie</code>,1,0.0008873
128,higegleawe,<code>higegleawe</code>,1,0.0008873
128,hilderinc,<code>hilderinc</code>,1,0.0008873
128,hindan,<code>hindan</code>,1,0.0008873
128,hlaford,<code>hlaford</code>,1,0.0008873
128,hlehhan,<code>hlehhan</code>,1,0.0008873
128,hleo,<code>hleo</code>,1,0.0008873
128,hleo&eth;rode,<code>hleo&amp;d;rode</code>,1,0.0008873
128,hondplegan,<code>hondplegan</code>,1,0.0008873
128,hord,<code>hord</code>,1,0.0008873
128,hr&aelig;fn,<code>hr&amp;ae;fn</code>,1,0.0008873
128,hr&aelig;w,<code>hr&amp;ae;w</code>,1,0.0008873
128,hreman,<code>hreman</code>,1,0.0008873
128,hremige,<code>hremige</code>,1,0.0008873
128,hreowlice,<code>hreowlice</code>,1,0.0008873
128,hrusan,<code>hrusan</code>,1,0.0008873
128,humbra,<code>humbra</code>,1,0.0008873
128,hund,<code>hund</code>,1,0.0008873
128,hungor,<code>hungor</code>,1,0.0008873
128,hw&aelig;les,<code>hw&amp;ae;les</code>,1,0.0008873
128,hwile,<code>hwile</code>,1,0.0008873
128,hwit,<code>hwit</code>,1,0.0008873
128,hwitanwyllesgeat,<code>hwitanwyllesgeat</code>,1,0.0008873
128,hyrde,<code>hyrde</code>,1,0.0008873
128,hyrdes,<code>hyrdes</code>,1,0.0008873
128,hyrdon,<code>hyrdon</code>,1,0.0008873
128,hyrnednebban,<code>hyrnednebban</code>,1,0.0008873
128,igbuend,<code>igbuend</code>,1,0.0008873
128,inn,<code>inn</code>,1,0.0008873
128,innan,<code>innan</code>,1,0.0008873
128,inwidda,<code>inwidda</code>,1,0.0008873
128,iraland,<code>iraland</code>,1,0.0008873
128,iulius,<code>iulius</code>,1,0.0008873
128,kingc,<code>kingc</code>,1,0.0008873
128,kinge,<code>kinge</code>,1,0.0008873
128,kyne&thorn;rymme,<code>kyne&amp;t;rymme</code>,1,0.0008873
128,kyng,<code>kyng</code>,1,0.0008873
128,kyningc,<code>kyningc</code>,1,0.0008873
128,kynn,<code>kynn</code>,1,0.0008873
128,kystum,<code>kystum</code>,1,0.0008873
128,l&aelig;dde,<code>l&amp;ae;dde</code>,1,0.0008873
128,l&aelig;g,<code>l&amp;ae;g</code>,1,0.0008873
128,l&aelig;gun,<code>l&amp;ae;gun</code>,1,0.0008873
128,l&aelig;ne,<code>l&amp;ae;ne</code>,1,0.0008873
128,la&thorn;ra,<code>la&amp;t;ra</code>,1,0.0008873
128,la&thorn;um,<code>la&amp;t;um</code>,1,0.0008873
128,laf,<code>laf</code>,1,0.0008873
128,lafan,<code>lafan</code>,1,0.0008873
128,lafe,<code>lafe</code>,1,0.0008873
128,lande,<code>lande</code>,1,0.0008873
128,landes,<code>landes</code>,1,0.0008873
128,last,<code>last</code>,1,0.0008873
128,legdun,<code>legdun</code>,1,0.0008873
128,lende,<code>lende</code>,1,0.0008873
128,leode,<code>leode</code>,1,0.0008873
128,leofan,<code>leofan</code>,1,0.0008873
128,leohta,<code>leohta</code>,1,0.0008873
128,letan,<code>letan</code>,1,0.0008873
128,lif,<code>lif</code>,1,0.0008873
128,life,<code>life</code>,1,0.0008873
128,ligoraceaster,<code>ligoraceaster</code>,1,0.0008873
128,lincylene,<code>lincylene</code>,1,0.0008873
128,litle,<code>litle</code>,1,0.0008873
128,lof,<code>lof</code>,1,0.0008873
128,lufan,<code>lufan</code>,1,0.0008873
128,lungre,<code>lungre</code>,1,0.0008873
128,m&aelig;ca,<code>m&amp;ae;ca</code>,1,0.0008873
128,m&aelig;cgea,<code>m&amp;ae;cgea</code>,1,0.0008873
128,m&aelig;ga,<code>m&amp;ae;ga</code>,1,0.0008873
128,m&aelig;nig,<code>m&amp;ae;nig</code>,1,0.0008873
128,m&aelig;r&eth;a,<code>m&amp;ae;r&amp;d;a</code>,1,0.0008873
128,m&aelig;re,<code>m&amp;ae;re</code>,1,0.0008873
128,ma,<code>ma</code>,1,0.0008873
128,mare,<code>mare</code>,1,0.0008873
128,mecum,<code>mecum</code>,1,0.0008873
128,meder,<code>meder</code>,1,0.0008873
128,mere,<code>mere</code>,1,0.0008873
128,metodes,<code>metodes</code>,1,0.0008873
128,miclum,<code>miclum</code>,1,0.0008873
128,mihton,<code>mihton</code>,1,0.0008873
128,milde,<code>milde</code>,1,0.0008873
128,mislice,<code>mislice</code>,1,0.0008873
128,mode,<code>mode</code>,1,0.0008873
128,moldan,<code>moldan</code>,1,0.0008873
128,mona&eth;,<code>mona&amp;d;</code>,1,0.0008873
128,mono&eth;,<code>mono&amp;d;</code>,1,0.0008873
128,morgentid,<code>morgentid</code>,1,0.0008873
128,mundbora,<code>mundbora</code>,1,0.0008873
128,muneca,<code>muneca</code>,1,0.0008873
128,munecon,<code>munecon</code>,1,0.0008873
128,mycel,<code>mycel</code>,1,0.0008873
128,mylenscearpan,<code>mylenscearpan</code>,1,0.0008873
128,myrceon,<code>myrceon</code>,1,0.0008873
128,n&aelig;gledcnearrum,<code>n&amp;ae;gledcnearrum</code>,1,0.0008873
128,naman,<code>naman</code>,1,0.0008873
128,namon,<code>namon</code>,1,0.0008873
128,nanum,<code>nanum</code>,1,0.0008873
128,neah,<code>neah</code>,1,0.0008873
128,nede,<code>nede</code>,1,0.0008873
128,nemna&thorn;,<code>nemna&amp;t;</code>,1,0.0008873
128,ni&eth;a,<code>ni&amp;d;a</code>,1,0.0008873
128,ni&eth;weorca,<code>ni&amp;d;weorca</code>,1,0.0008873
128,nigon,<code>nigon</code>,1,0.0008873
128,nihtum,<code>nihtum</code>,1,0.0008873
128,nor&eth;,<code>nor&amp;d;</code>,1,0.0008873
128,nor&eth;manna,<code>nor&amp;d;manna</code>,1,0.0008873
128,nor&eth;mannum,<code>nor&amp;d;mannum</code>,1,0.0008873
128,nor&thorn;erna,<code>nor&amp;t;erna</code>,1,0.0008873
128,nor&thorn;men,<code>nor&amp;t;men</code>,1,0.0008873
128,nu,<code>nu</code>,1,0.0008873
128,nyde,<code>nyde</code>,1,0.0008873
128,o&eth;,<code>o&amp;d;</code>,1,0.0008873
128,o&eth;er,<code>o&amp;d;er</code>,1,0.0008873
128,o&eth;re,<code>o&amp;d;re</code>,1,0.0008873
128,o&thorn;,<code>o&amp;t;</code>,1,0.0008873
128,o&thorn;re,<code>o&amp;t;re</code>,1,0.0008873
128,ofercom,<code>ofercom</code>,1,0.0008873
128,ofercoman,<code>ofercoman</code>,1,0.0008873
128,ofsloh,<code>ofsloh</code>,1,0.0008873
128,oft,<code>oft</code>,1,0.0008873
128,ondlongne,<code>ondlongne</code>,1,0.0008873
128,oretm&aelig;gcum,<code>oretm&amp;ae;gcum</code>,1,0.0008873
128,oslac,<code>oslac</code>,1,0.0008873
128,pentecostenes,<code>pentecostenes</code>,1,0.0008873
128,plegodan,<code>plegodan</code>,1,0.0008873
128,preosta,<code>preosta</code>,1,0.0008873
128,r&aelig;da,<code>r&amp;ae;da</code>,1,0.0008873
128,r&aelig;dend,<code>r&amp;ae;dend</code>,1,0.0008873
128,riht,<code>riht</code>,1,0.0008873
128,rihte,<code>rihte</code>,1,0.0008873
128,rimcr&aelig;fte,<code>rimcr&amp;ae;fte</code>,1,0.0008873
128,rimes,<code>rimes</code>,1,0.0008873
128,rodera,<code>rodera</code>,1,0.0008873
128,roderum,<code>roderum</code>,1,0.0008873
128,s&aelig;d,<code>s&amp;ae;d</code>,1,0.0008873
128,s&aelig;t,<code>s&amp;ae;t</code>,1,0.0008873
128,sah,<code>sah</code>,1,0.0008873
128,saluwigpadan,<code>saluwigpadan</code>,1,0.0008873
128,saul,<code>saul</code>,1,0.0008873
128,scade&thorn;,<code>scade&amp;t;</code>,1,0.0008873
128,sceard,<code>sceard</code>,1,0.0008873
128,scild,<code>scild</code>,1,0.0008873
128,scipflotan,<code>scipflotan</code>,1,0.0008873
128,scittisc,<code>scittisc</code>,1,0.0008873
128,scoten,<code>scoten</code>,1,0.0008873
128,scottum,<code>scottum</code>,1,0.0008873
128,scylde,<code>scylde</code>,1,0.0008873
128,scype,<code>scype</code>,1,0.0008873
128,sealde,<code>sealde</code>,1,0.0008873
128,seaxe,<code>seaxe</code>,1,0.0008873
128,secan,<code>secan</code>,1,0.0008873
128,secg,<code>secg</code>,1,0.0008873
128,secga,<code>secga</code>,1,0.0008873
128,sende,<code>sende</code>,1,0.0008873
128,seo,<code>seo</code>,1,0.0008873
128,seofene,<code>seofene</code>,1,0.0008873
128,seofon,<code>seofon</code>,1,0.0008873
128,setle,<code>setle</code>,1,0.0008873
128,sette,<code>sette</code>,1,0.0008873
128,sexum,<code>sexum</code>,1,0.0008873
128,si&eth;&thorn;an,<code>si&amp;d;&amp;t;an</code>,1,0.0008873
128,si&thorn;&thorn;an,<code>si&amp;t;&amp;t;an</code>,1,0.0008873
128,sinum,<code>sinum</code>,1,0.0008873
128,sio,<code>sio</code>,1,0.0008873
128,snotingaham,<code>snotingaham</code>,1,0.0008873
128,sohtan,<code>sohtan</code>,1,0.0008873
128,sohton,<code>sohton</code>,1,0.0008873
128,sona,<code>sona</code>,1,0.0008873
128,sta&eth;ole,<code>sta&amp;d;ole</code>,1,0.0008873
128,stanford,<code>stanford</code>,1,0.0008873
128,stefne,<code>stefne</code>,1,0.0008873
128,steorra,<code>steorra</code>,1,0.0008873
128,sti&eth;ferh&thorn;e,<code>sti&amp;d;ferh&amp;t;e</code>,1,0.0008873
128,styple,<code>styple</code>,1,0.0008873
128,su&eth;portice,<code>su&amp;d;portice</code>,1,0.0008873
128,sunne,<code>sunne</code>,1,0.0008873
128,swate,<code>swate</code>,1,0.0008873
128,sweartan,<code>sweartan</code>,1,0.0008873
128,swegles,<code>swegles</code>,1,0.0008873
128,sweorda,<code>sweorda</code>,1,0.0008873
128,sweordes,<code>sweordes</code>,1,0.0008873
128,sweordum,<code>sweordum</code>,1,0.0008873
128,swylce,<code>swylce</code>,1,0.0008873
128,sy&thorn;&thorn;an,<code>sy&amp;t;&amp;t;an</code>,1,0.0008873
128,sylfum,<code>sylfum</code>,1,0.0008873
128,tir,<code>tir</code>,1,0.0008873
128,tirf&aelig;st,<code>tirf&amp;ae;st</code>,1,0.0008873
128,tobr&aelig;c,<code>tobr&amp;ae;c</code>,1,0.0008873
128,todr&aelig;fed,<code>todr&amp;ae;fed</code>,1,0.0008873
128,todraf,<code>todraf</code>,1,0.0008873
128,toward,<code>toward</code>,1,0.0008873
128,tungol,<code>tungol</code>,1,0.0008873
128,twentig,<code>twentig</code>,1,0.0008873
128,u&eth;witan,<code>u&amp;d;witan</code>,1,0.0008873
128,under,<code>under</code>,1,0.0008873
128,unriht,<code>unriht</code>,1,0.0008873
128,unrim,<code>unrim</code>,1,0.0008873
128,unsce&eth;&eth;iga,<code>unsce&amp;d;&amp;d;iga</code>,1,0.0008873
128,unweaxen,<code>unweaxen</code>,1,0.0008873
128,uppe,<code>uppe</code>,1,0.0008873
128,us,<code>us</code>,1,0.0008873
128,ut,<code>ut</code>,1,0.0008873
128,w&aelig;g,<code>w&amp;ae;g</code>,1,0.0008873
128,w&aelig;l,<code>w&amp;ae;l</code>,1,0.0008873
128,w&aelig;lfelda,<code>w&amp;ae;lfelda</code>,1,0.0008873
128,w&aelig;lstowe,<code>w&amp;ae;lstowe</code>,1,0.0008873
128,w&aelig;pengewrixles,<code>w&amp;ae;pengewrixles</code>,1,0.0008873
128,w&aelig;ra,<code>w&amp;ae;ra</code>,1,0.0008873
128,w&aelig;re,<code>w&amp;ae;re</code>,1,0.0008873
128,w&aelig;ron,<code>w&amp;ae;ron</code>,1,0.0008873
128,w&aelig;ter,<code>w&amp;ae;ter</code>,1,0.0008873
128,w&aelig;tera,<code>w&amp;ae;tera</code>,1,0.0008873
128,wace,<code>wace</code>,1,0.0008873
128,walum,<code>walum</code>,1,0.0008873
128,wealas,<code>wealas</code>,1,0.0008873
128,wealdan,<code>wealdan</code>,1,0.0008873
128,wealde,<code>wealde</code>,1,0.0008873
128,weard,<code>weard</code>,1,0.0008873
128,welan,<code>welan</code>,1,0.0008873
128,welhw&aelig;r,<code>welhw&amp;ae;r</code>,1,0.0008873
128,weolan,<code>weolan</code>,1,0.0008873
128,weold,<code>weold</code>,1,0.0008873
128,weoldon,<code>weoldon</code>,1,0.0008873
128,weor&thorn;scipe,<code>weor&amp;t;scipe</code>,1,0.0008873
128,weorode,<code>weorode</code>,1,0.0008873
128,wer&eth;eode,<code>wer&amp;d;eode</code>,1,0.0008873
128,werig,<code>werig</code>,1,0.0008873
128,wesseaxe,<code>wesseaxe</code>,1,0.0008873
128,wesseaxena,<code>wesseaxena</code>,1,0.0008873
128,westende,<code>westende</code>,1,0.0008873
128,westm,<code>westm</code>,1,0.0008873
128,wi&eth;,<code>wi&amp;d;</code>,1,0.0008873
128,wiggendra,<code>wiggendra</code>,1,0.0008873
128,wigsmi&thorn;as,<code>wigsmi&amp;t;as</code>,1,0.0008873
128,wihte,<code>wihte</code>,1,0.0008873
128,wincestre,<code>wincestre</code>,1,0.0008873
128,wintergeteles,<code>wintergeteles</code>,1,0.0008873
128,wis,<code>wis</code>,1,0.0008873
128,wise,<code>wise</code>,1,0.0008873
128,wlance,<code>wlance</code>,1,0.0008873
128,wlitig,<code>wlitig</code>,1,0.0008873
128,wo&eth;boran,<code>wo&amp;d;boran</code>,1,0.0008873
128,wolde,<code>wolde</code>,1,0.0008873
128,worde,<code>worde</code>,1,0.0008873
128,wordsnotor,<code>wordsnotor</code>,1,0.0008873
128,wordum,<code>wordum</code>,1,0.0008873
128,worulda,<code>worulda</code>,1,0.0008873
128,worulde,<code>worulde</code>,1,0.0008873
128,wr&aelig;clastum,<code>wr&amp;ae;clastum</code>,1,0.0008873
128,wracu,<code>wracu</code>,1,0.0008873
128,wulf,<code>wulf</code>,1,0.0008873
128,wundun,<code>wundun</code>,1,0.0008873
128,wur&eth;lice,<code>wur&amp;d;lice</code>,1,0.0008873
128,wurdun,<code>wurdun</code>,1,0.0008873
128,wynsum,<code>wynsum</code>,1,0.0008873
128,wyr&eth;e,<code>wyr&amp;d;e</code>,1,0.0008873
128,wyrndon,<code>wyrndon</code>,1,0.0008873
128,xx,<code>xx</code>,1,0.0008873
128,xxiiii,<code>xxiiii</code>,1,0.0008873
128,xxviii,<code>xxviii</code>,1,0.0008873
128,xxx,<code>xxx</code>,1,0.0008873
128,y&eth;a,<code>y&amp;d;a</code>,1,0.0008873
128,yfel,<code>yfel</code>,1,0.0008873
128,ymbclyppa&eth;,<code>ymbclyppa&amp;d;</code>,1,0.0008873
128,ymbe,<code>ymbe</code>,1,0.0008873
