B_Prose,B02,B02.001.001_WHom_1b_T04020.txt,208,140,390
RANK,HTML WORD,RAW WORD,COUNT,RELATIVE FREQUENCY
1,&thorn;&aelig;t,<code>&amp;t;&amp;ae;t</code>,19,0.0487179
2,&amp;,<code>&amp;amp;</code>,14,0.0358974
2,&thorn;e,<code>&amp;t;e</code>,14,0.0358974
4,is,<code>is</code>,11,0.0282051
4,on,<code>on</code>,11,0.0282051
6,to,<code>to</code>,10,0.0256410
7,his,<code>his</code>,8,0.0205128
8,godes,<code>godes</code>,6,0.0153846
9,nu,<code>nu</code>,5,0.0128205
9,swa,<code>swa</code>,5,0.0128205
9,swy&eth;e,<code>swy&amp;d;e</code>,5,0.0128205
9,us,<code>us</code>,5,0.0128205
13,&thorn;am,<code>&amp;t;am</code>,4,0.0102564
13,&thorn;onne,<code>&amp;t;onne</code>,4,0.0102564
13,and,<code>and</code>,4,0.0102564
13,georne,<code>georne</code>,4,0.0102564
13,hit,<code>hit</code>,4,0.0102564
13,man,<code>man</code>,4,0.0102564
13,ne,<code>ne</code>,4,0.0102564
13,wi&eth;,<code>wi&amp;d;</code>,4,0.0102564
21,&eth;urh,<code>&amp;d;urh</code>,3,0.0076923
21,antecrist,<code>antecrist</code>,3,0.0076923
21,for&eth;am,<code>for&amp;d;am</code>,3,0.0076923
21,he,<code>he</code>,3,0.0076923
21,hy,<code>hy</code>,3,0.0076923
21,n&aelig;fre,<code>n&amp;ae;fre</code>,3,0.0076923
21,warnian,<code>warnian</code>,3,0.0076923
21,wide,<code>wide</code>,3,0.0076923
21,worulde,<code>worulde</code>,3,0.0076923
30,&aelig;lc,<code>&amp;ae;lc</code>,2,0.0051282
30,&aelig;r,<code>&amp;ae;r</code>,2,0.0051282
30,&eth;e,<code>&amp;d;e</code>,2,0.0051282
30,&eth;eah,<code>&amp;d;eah</code>,2,0.0051282
30,&thorn;&aelig;ne,<code>&amp;t;&amp;ae;ne</code>,2,0.0051282
30,&thorn;&aelig;ra,<code>&amp;t;&amp;ae;ra</code>,2,0.0051282
30,&thorn;eah,<code>&amp;t;eah</code>,2,0.0051282
30,&thorn;urh,<code>&amp;t;urh</code>,2,0.0051282
30,a,<code>a</code>,2,0.0051282
30,bi&eth;,<code>bi&amp;d;</code>,2,0.0051282
30,cristendome,<code>cristendome</code>,2,0.0051282
30,cym&eth;,<code>cym&amp;d;</code>,2,0.0051282
30,d&aelig;ge,<code>d&amp;ae;ge</code>,2,0.0051282
30,de&eth;,<code>de&amp;d;</code>,2,0.0051282
30,deofles,<code>deofles</code>,2,0.0051282
30,eac,<code>eac</code>,2,0.0051282
30,egesan,<code>egesan</code>,2,0.0051282
30,fela,<code>fela</code>,2,0.0051282
30,folc,<code>folc</code>,2,0.0051282
30,gebyre&eth;,<code>gebyre&amp;d;</code>,2,0.0051282
30,gelome,<code>gelome</code>,2,0.0051282
30,gescylde,<code>gescylde</code>,2,0.0051282
30,gewear&eth;,<code>gewear&amp;d;</code>,2,0.0051282
30,geweor&eth;e,<code>geweor&amp;d;e</code>,2,0.0051282
30,gewyr&eth;,<code>gewyr&amp;d;</code>,2,0.0051282
30,god,<code>god</code>,2,0.0051282
30,l&aelig;s,<code>l&amp;ae;s</code>,2,0.0051282
30,lare,<code>lare</code>,2,0.0051282
30,mannum,<code>mannum</code>,2,0.0051282
30,mycel,<code>mycel</code>,2,0.0051282
30,o&eth;&eth;on,<code>o&amp;d;&amp;d;on</code>,2,0.0051282
30,o&eth;erne,<code>o&amp;d;erne</code>,2,0.0051282
30,ongean,<code>ongean</code>,2,0.0051282
30,sy,<code>sy</code>,2,0.0051282
30,sylfne,<code>sylfne</code>,2,0.0051282
30,we,<code>we</code>,2,0.0051282
30,wi&eth;ersaca,<code>wi&amp;d;ersaca</code>,2,0.0051282
30,woruld,<code>woruld</code>,2,0.0051282
30,yfel,<code>yfel</code>,2,0.0051282
69,&aelig;fre,<code>&amp;ae;fre</code>,1,0.0025641
69,&aelig;lmihtine,<code>&amp;ae;lmihtine</code>,1,0.0025641
69,&aelig;nig,<code>&amp;ae;nig</code>,1,0.0025641
69,&eth;&aelig;re,<code>&amp;d;&amp;ae;re</code>,1,0.0025641
69,&eth;a,<code>&amp;d;a</code>,1,0.0025641
69,&eth;am,<code>&amp;d;am</code>,1,0.0025641
69,&eth;onne,<code>&amp;d;onne</code>,1,0.0025641
69,&thorn;&aelig;r,<code>&amp;t;&amp;ae;r</code>,1,0.0025641
69,&thorn;&aelig;s,<code>&amp;t;&amp;ae;s</code>,1,0.0025641
69,&thorn;earf,<code>&amp;t;earf</code>,1,0.0025641
69,&thorn;earfe,<code>&amp;t;earfe</code>,1,0.0025641
69,&thorn;eodsca&eth;an,<code>&amp;t;eodsca&amp;d;an</code>,1,0.0025641
69,&thorn;eos,<code>&amp;t;eos</code>,1,0.0025641
69,&thorn;inc&eth;,<code>&amp;t;inc&amp;d;</code>,1,0.0025641
69,&thorn;one,<code>&amp;t;one</code>,1,0.0025641
69,ac,<code>ac</code>,1,0.0025641
69,agan,<code>agan</code>,1,0.0025641
69,amen,<code>amen</code>,1,0.0025641
69,amyrra&eth;,<code>amyrra&amp;d;</code>,1,0.0025641
69,antecriste,<code>antecriste</code>,1,0.0025641
69,anticristus,<code>anticristus</code>,1,0.0025641
69,aredode,<code>aredode</code>,1,0.0025641
69,arisa&eth;,<code>arisa&amp;d;</code>,1,0.0025641
69,bearn,<code>bearn</code>,1,0.0025641
69,bec,<code>bec</code>,1,0.0025641
69,befyle&eth;,<code>befyle&amp;d;</code>,1,0.0025641
69,bel&aelig;de&eth;,<code>bel&amp;ae;de&amp;d;</code>,1,0.0025641
69,beo&eth;,<code>beo&amp;d;</code>,1,0.0025641
69,beswicene,<code>beswicene</code>,1,0.0025641
69,biddan,<code>biddan</code>,1,0.0025641
69,blis,<code>blis</code>,1,0.0025641
69,butan,<code>butan</code>,1,0.0025641
69,by&eth;,<code>by&amp;d;</code>,1,0.0025641
69,bydelum,<code>bydelum</code>,1,0.0025641
69,contrarius,<code>contrarius</code>,1,0.0025641
69,cristendom,<code>cristendom</code>,1,0.0025641
69,cristo,<code>cristo</code>,1,0.0025641
69,deofle,<code>deofle</code>,1,0.0025641
69,deofol,<code>deofol</code>,1,0.0025641
69,do,<code>do</code>,1,0.0025641
69,dreoga&eth;,<code>dreoga&amp;d;</code>,1,0.0025641
69,eagum,<code>eagum</code>,1,0.0025641
69,eallum,<code>eallum</code>,1,0.0025641
69,ealra,<code>ealra</code>,1,0.0025641
69,ealswa,<code>ealswa</code>,1,0.0025641
69,earfo&eth;nes,<code>earfo&amp;d;nes</code>,1,0.0025641
69,ecan,<code>ecan</code>,1,0.0025641
69,ece,<code>ece</code>,1,0.0025641
69,ende,<code>ende</code>,1,0.0025641
69,englisc,<code>englisc</code>,1,0.0025641
69,enim,<code>enim</code>,1,0.0025641
69,eow,<code>eow</code>,1,0.0025641
69,et,<code>et</code>,1,0.0025641
69,forl&aelig;t,<code>forl&amp;ae;t</code>,1,0.0025641
69,fram,<code>fram</code>,1,0.0025641
69,ge,<code>ge</code>,1,0.0025641
69,gebringa&eth;,<code>gebringa&amp;d;</code>,1,0.0025641
69,gecnawan,<code>gecnawan</code>,1,0.0025641
69,gedwylde,<code>gedwylde</code>,1,0.0025641
69,gegearwod,<code>gegearwod</code>,1,0.0025641
69,gehealdenne,<code>gehealdenne</code>,1,0.0025641
69,gehende,<code>gehende</code>,1,0.0025641
69,gehwylc,<code>gehwylc</code>,1,0.0025641
69,gehyre,<code>gehyre</code>,1,0.0025641
69,genamod,<code>genamod</code>,1,0.0025641
69,ger&aelig;d,<code>ger&amp;ae;d</code>,1,0.0025641
69,geryme,<code>geryme</code>,1,0.0025641
69,geseo,<code>geseo</code>,1,0.0025641
69,geseon,<code>geseon</code>,1,0.0025641
69,gewyrca&eth;,<code>gewyrca&amp;d;</code>,1,0.0025641
69,godcunde,<code>godcunde</code>,1,0.0025641
69,godspelle,<code>godspelle</code>,1,0.0025641
69,gyt,<code>gyt</code>,1,0.0025641
69,healdan,<code>healdan</code>,1,0.0025641
69,heora,<code>heora</code>,1,0.0025641
69,heorda,<code>heorda</code>,1,0.0025641
69,hi,<code>hi</code>,1,0.0025641
69,hine,<code>hine</code>,1,0.0025641
69,hr&aelig;dlice,<code>hr&amp;ae;dlice</code>,1,0.0025641
69,hu,<code>hu</code>,1,0.0025641
69,in,<code>in</code>,1,0.0025641
69,l&aelig;den,<code>l&amp;ae;den</code>,1,0.0025641
69,l&aelig;re&eth;,<code>l&amp;ae;re&amp;d;</code>,1,0.0025641
69,lage,<code>lage</code>,1,0.0025641
69,larleste,<code>larleste</code>,1,0.0025641
69,lease,<code>lease</code>,1,0.0025641
69,leng,<code>leng</code>,1,0.0025641
69,leofa&eth;,<code>leofa&amp;d;</code>,1,0.0025641
69,leofan,<code>leofan</code>,1,0.0025641
69,leogeras,<code>leogeras</code>,1,0.0025641
69,libbe,<code>libbe</code>,1,0.0025641
69,lima,<code>lima</code>,1,0.0025641
69,losie,<code>losie</code>,1,0.0025641
69,m&aelig;g,<code>m&amp;ae;g</code>,1,0.0025641
69,m&aelig;nige,<code>m&amp;ae;nige</code>,1,0.0025641
69,m&aelig;nigne,<code>m&amp;ae;nigne</code>,1,0.0025641
69,m&aelig;st,<code>m&amp;ae;st</code>,1,0.0025641
69,m&aelig;ste,<code>m&amp;ae;ste</code>,1,0.0025641
69,magan,<code>magan</code>,1,0.0025641
69,manna,<code>manna</code>,1,0.0025641
69,men,<code>men</code>,1,0.0025641
69,myrh&eth;e,<code>myrh&amp;d;e</code>,1,0.0025641
69,neod,<code>neod</code>,1,0.0025641
69,of,<code>of</code>,1,0.0025641
69,oft,<code>oft</code>,1,0.0025641
69,pseudocristi,<code>pseudocristi</code>,1,0.0025641
69,reliqua,<code>reliqua</code>,1,0.0025641
69,rihtlice,<code>rihtlice</code>,1,0.0025641
69,rihtne,<code>rihtne</code>,1,0.0025641
69,sacerda,<code>sacerda</code>,1,0.0025641
69,scriftscire,<code>scriftscire</code>,1,0.0025641
69,se,<code>se</code>,1,0.0025641
69,secga&eth;,<code>secga&amp;d;</code>,1,0.0025641
69,surgent,<code>surgent</code>,1,0.0025641
69,sw&aelig;slice,<code>sw&amp;ae;slice</code>,1,0.0025641
69,swicole,<code>swicole</code>,1,0.0025641
69,sylf,<code>sylf</code>,1,0.0025641
69,sylfan,<code>sylfan</code>,1,0.0025641
69,synna,<code>synna</code>,1,0.0025641
69,synnum,<code>synnum</code>,1,0.0025641
69,timan,<code>timan</code>,1,0.0025641
69,tobr&aelig;de&eth;,<code>tobr&amp;ae;de&amp;d;</code>,1,0.0025641
69,towerd,<code>towerd</code>,1,0.0025641
69,understanda&eth;,<code>understanda&amp;d;</code>,1,0.0025641
69,unlara,<code>unlara</code>,1,0.0025641
69,unriht,<code>unriht</code>,1,0.0025641
69,unw&aelig;re,<code>unw&amp;ae;re</code>,1,0.0025641
69,up,<code>up</code>,1,0.0025641
69,ure,<code>ure</code>,1,0.0025641
69,utan,<code>utan</code>,1,0.0025641
69,w&aelig;rlicast,<code>w&amp;ae;rlicast</code>,1,0.0025641
69,w&aelig;rlice,<code>w&amp;ae;rlice</code>,1,0.0025641
69,wi&eth;standan,<code>wi&amp;d;standan</code>,1,0.0025641
69,widdast,<code>widdast</code>,1,0.0025641
69,willan,<code>willan</code>,1,0.0025641
69,wisan,<code>wisan</code>,1,0.0025641
69,wodscinn,<code>wodscinn</code>,1,0.0025641
69,worulda,<code>worulda</code>,1,0.0025641
69,wur&eth;an,<code>wur&amp;d;an</code>,1,0.0025641
69,wyrse,<code>wyrse</code>,1,0.0025641
