B_Prose,B09,B09.002.006_Or_5_T06630.txt,1560,1011,6093
RANK,HTML WORD,RAW WORD,COUNT,RELATIVE FREQUENCY
1,&amp;,<code>&amp;amp;</code>,355,0.0582636
2,&thorn;a,<code>&amp;t;a</code>,187,0.0306910
3,&thorn;&aelig;t,<code>&amp;t;&amp;ae;t</code>,174,0.0285574
4,on,<code>on</code>,170,0.0279009
5,hie,<code>hie</code>,148,0.0242902
6,he,<code>he</code>,143,0.0234696
7,&thorn;&aelig;m,<code>&amp;t;&amp;ae;m</code>,140,0.0229772
8,&thorn;e,<code>&amp;t;e</code>,124,0.0203512
9,w&aelig;s,<code>w&amp;ae;s</code>,110,0.0180535
10,him,<code>him</code>,105,0.0172329
11,to,<code>to</code>,96,0.0157558
12,for,<code>for</code>,85,0.0139504
13,his,<code>his</code>,79,0.0129657
14,w&aelig;ron,<code>w&amp;ae;ron</code>,66,0.0108321
15,&aelig;fter,<code>&amp;ae;fter</code>,65,0.0106680
16,mid,<code>mid</code>,63,0.0103397
17,mon,<code>mon</code>,55,0.0090268
18,hiene,<code>hiene</code>,49,0.0080420
18,se,<code>se</code>,49,0.0080420
20,swa,<code>swa</code>,43,0.0070573
21,ealle,<code>ealle</code>,42,0.0068932
22,&thorn;&aelig;r,<code>&amp;t;&amp;ae;r</code>,39,0.0064008
22,wi&eth;,<code>wi&amp;d;</code>,39,0.0064008
24,&thorn;on,<code>&amp;t;on</code>,38,0.0062367
25,consul,<code>consul</code>,35,0.0057443
25,si&thorn;&thorn;an,<code>si&amp;t;&amp;t;an</code>,35,0.0057443
27,&thorn;&aelig;re,<code>&amp;t;&amp;ae;re</code>,33,0.0054161
28,h&aelig;fde,<code>h&amp;ae;fde</code>,31,0.0050878
29,ne,<code>ne</code>,29,0.0047596
30,&thorn;&aelig;s,<code>&amp;t;&amp;ae;s</code>,28,0.0045954
31,hit,<code>hit</code>,27,0.0044313
31,romane,<code>romane</code>,27,0.0044313
33,of,<code>of</code>,26,0.0042672
34,&thorn;one,<code>&amp;t;one</code>,25,0.0041031
34,&thorn;onne,<code>&amp;t;onne</code>,25,0.0041031
36,&aelig;r,<code>&amp;ae;r</code>,23,0.0037748
36,ge,<code>ge</code>,23,0.0037748
36,rome,<code>rome</code>,23,0.0037748
36,wear&eth;,<code>wear&amp;d;</code>,23,0.0037748
40,ac,<code>ac</code>,22,0.0036107
40,hiera,<code>hiera</code>,22,0.0036107
42,an,<code>an</code>,21,0.0034466
42,m,<code>m</code>,21,0.0034466
44,&aelig;t,<code>&amp;ae;t</code>,20,0.0032825
45,eft,<code>eft</code>,19,0.0031183
45,iulius,<code>iulius</code>,19,0.0031183
45,pompeius,<code>pompeius</code>,19,0.0031183
48,eac,<code>eac</code>,17,0.0027901
48,romana,<code>romana</code>,17,0.0027901
50,&thorn;eh,<code>&amp;t;eh</code>,16,0.0026260
50,com,<code>com</code>,16,0.0026260
50,gefliemed,<code>gefliemed</code>,16,0.0026260
50,is,<code>is</code>,16,0.0026260
50,romeburg,<code>romeburg</code>,16,0.0026260
55,heora,<code>heora</code>,15,0.0024618
55,o&thorn;,<code>o&amp;t;</code>,15,0.0024618
57,buton,<code>buton</code>,14,0.0022977
57,eall,<code>eall</code>,14,0.0022977
57,eallum,<code>eallum</code>,14,0.0022977
57,folc,<code>folc</code>,14,0.0022977
57,gefeaht,<code>gefeaht</code>,14,0.0022977
57,getimbred,<code>getimbred</code>,14,0.0022977
57,het,<code>het</code>,14,0.0022977
57,ofslagen,<code>ofslagen</code>,14,0.0022977
65,marius,<code>marius</code>,13,0.0021336
66,&thorn;ara,<code>&amp;t;ara</code>,12,0.0019695
66,fultume,<code>fultume</code>,12,0.0019695
66,wintra,<code>wintra</code>,12,0.0019695
69,anum,<code>anum</code>,11,0.0018054
69,cyning,<code>cyning</code>,11,0.0018054
69,octauianus,<code>octauianus</code>,11,0.0018054
69,swi&thorn;e,<code>swi&amp;t;e</code>,11,0.0018054
69,ut,<code>ut</code>,11,0.0018054
69,vi,<code>vi</code>,11,0.0018054
75,dyde,<code>dyde</code>,10,0.0016412
75,firde,<code>firde</code>,10,0.0016412
75,gefliemde,<code>gefliemde</code>,10,0.0016412
75,geoweor&thorn;an,<code>geoweor&amp;t;an</code>,10,0.0016412
75,hi,<code>hi</code>,10,0.0016412
75,hiere,<code>hiere</code>,10,0.0016412
75,o&thorn;rum,<code>o&amp;t;rum</code>,10,0.0016412
75,tide,<code>tide</code>,10,0.0016412
75,wi&thorn;,<code>wi&amp;t;</code>,10,0.0016412
75,wurdon,<code>wurdon</code>,10,0.0016412
85,betweonum,<code>betweonum</code>,9,0.0014771
85,folce,<code>folce</code>,9,0.0014771
85,hio,<code>hio</code>,9,0.0014771
85,monna,<code>monna</code>,9,0.0014771
85,ofslog,<code>ofslog</code>,9,0.0014771
85,sige,<code>sige</code>,9,0.0014771
85,triumphan,<code>triumphan</code>,9,0.0014771
85,we,<code>we</code>,9,0.0014771
85,wear&thorn;,<code>wear&amp;t;</code>,9,0.0014771
94,antonius,<code>antonius</code>,8,0.0013130
94,cw&aelig;&eth;,<code>cw&amp;ae;&amp;d;</code>,8,0.0013130
94,dagum,<code>dagum</code>,8,0.0013130
94,gif,<code>gif</code>,8,0.0013130
94,h&aelig;fdon,<code>h&amp;ae;fdon</code>,8,0.0013130
94,ic,<code>ic</code>,8,0.0013130
94,ilcan,<code>ilcan</code>,8,0.0013130
94,nu,<code>nu</code>,8,0.0013130
94,o&thorn;re,<code>o&amp;t;re</code>,8,0.0013130
94,ongean,<code>ongean</code>,8,0.0013130
94,romanum,<code>romanum</code>,8,0.0013130
94,self,<code>self</code>,8,0.0013130
94,sendon,<code>sendon</code>,8,0.0013130
107,&thorn;ider,<code>&amp;t;ider</code>,7,0.0011489
107,agustus,<code>agustus</code>,7,0.0011489
107,angean,<code>angean</code>,7,0.0011489
107,anre,<code>anre</code>,7,0.0011489
107,bebead,<code>bebead</code>,7,0.0011489
107,dc,<code>dc</code>,7,0.0011489
107,folces,<code>folces</code>,7,0.0011489
107,gefeohte,<code>gefeohte</code>,7,0.0011489
107,hunde,<code>hunde</code>,7,0.0011489
107,mehte,<code>mehte</code>,7,0.0011489
107,monege,<code>monege</code>,7,0.0011489
107,ra&eth;e,<code>ra&amp;d;e</code>,7,0.0011489
107,s&aelig;,<code>s&amp;ae;</code>,7,0.0011489
107,selfe,<code>selfe</code>,7,0.0011489
107,sume,<code>sume</code>,7,0.0011489
107,wintrum,<code>wintrum</code>,7,0.0011489
123,&aelig;lc,<code>&amp;ae;lc</code>,6,0.0009847
123,&eth;a,<code>&amp;d;a</code>,6,0.0009847
123,agnum,<code>agnum</code>,6,0.0009847
123,ane,<code>ane</code>,6,0.0009847
123,beforan,<code>beforan</code>,6,0.0009847
123,byrig,<code>byrig</code>,6,0.0009847
123,consulas,<code>consulas</code>,6,0.0009847
123,consule,<code>consule</code>,6,0.0009847
123,f&aelig;stenne,<code>f&amp;ae;stenne</code>,6,0.0009847
123,fird,<code>fird</code>,6,0.0009847
123,from,<code>from</code>,6,0.0009847
123,fultum,<code>fultum</code>,6,0.0009847
123,geare,<code>geare</code>,6,0.0009847
123,hu,<code>hu</code>,6,0.0009847
123,hund,<code>hund</code>,6,0.0009847
123,ispania,<code>ispania</code>,6,0.0009847
123,iuliuse,<code>iuliuse</code>,6,0.0009847
123,land,<code>land</code>,6,0.0009847
123,legian,<code>legian</code>,6,0.0009847
123,lond,<code>lond</code>,6,0.0009847
123,men,<code>men</code>,6,0.0009847
123,niht,<code>niht</code>,6,0.0009847
123,ofer,<code>ofer</code>,6,0.0009847
123,ra&thorn;e,<code>ra&amp;t;e</code>,6,0.0009847
123,sceolde,<code>sceolde</code>,6,0.0009847
123,scipia,<code>scipia</code>,6,0.0009847
123,tw&aelig;m,<code>tw&amp;ae;m</code>,6,0.0009847
123,up,<code>up</code>,6,0.0009847
123,w&aelig;re,<code>w&amp;ae;re</code>,6,0.0009847
123,weard,<code>weard</code>,6,0.0009847
153,&aelig;g&thorn;er,<code>&amp;ae;g&amp;t;er</code>,5,0.0008206
153,&eth;&aelig;m,<code>&amp;d;&amp;ae;m</code>,5,0.0008206
153,&thorn;eoda,<code>&amp;t;eoda</code>,5,0.0008206
153,&thorn;y,<code>&amp;t;y</code>,5,0.0008206
153,b&aelig;d,<code>b&amp;ae;d</code>,5,0.0008206
153,brohte,<code>brohte</code>,5,0.0008206
153,burg,<code>burg</code>,5,0.0008206
153,cirre,<code>cirre</code>,5,0.0008206
153,d&aelig;g,<code>d&amp;ae;g</code>,5,0.0008206
153,eahtatig,<code>eahtatig</code>,5,0.0008206
153,forlet,<code>forlet</code>,5,0.0008206
153,geboren,<code>geboren</code>,5,0.0008206
153,gedyde,<code>gedyde</code>,5,0.0008206
153,gefeoht,<code>gefeoht</code>,5,0.0008206
153,gewear&eth;,<code>gewear&amp;d;</code>,5,0.0008206
153,gewin,<code>gewin</code>,5,0.0008206
153,hamweard,<code>hamweard</code>,5,0.0008206
153,hiora,<code>hiora</code>,5,0.0008206
153,hw&aelig;t,<code>hw&amp;ae;t</code>,5,0.0008206
153,ispanie,<code>ispanie</code>,5,0.0008206
153,lucius,<code>lucius</code>,5,0.0008206
153,micel,<code>micel</code>,5,0.0008206
153,micle,<code>micle</code>,5,0.0008206
153,monega,<code>monega</code>,5,0.0008206
153,monnum,<code>monnum</code>,5,0.0008206
153,o&thorn;er,<code>o&amp;t;er</code>,5,0.0008206
153,ofslogon,<code>ofslogon</code>,5,0.0008206
153,orosius,<code>orosius</code>,5,0.0008206
153,sealde,<code>sealde</code>,5,0.0008206
153,silla,<code>silla</code>,5,0.0008206
153,tog&aelig;dere,<code>tog&amp;ae;dere</code>,5,0.0008206
153,us,<code>us</code>,5,0.0008206
153,ymbe,<code>ymbe</code>,5,0.0008206
186,&aelig;lcum,<code>&amp;ae;lcum</code>,4,0.0006565
186,&aelig;nne,<code>&amp;ae;nne</code>,4,0.0006565
186,&thorn;&aelig;tte,<code>&amp;t;&amp;ae;tte</code>,4,0.0006565
186,&thorn;am,<code>&amp;t;am</code>,4,0.0006565
186,&thorn;ridde,<code>&amp;t;ridde</code>,4,0.0006565
186,&thorn;rim,<code>&amp;t;rim</code>,4,0.0006565
186,asiam,<code>asiam</code>,4,0.0006565
186,aweg,<code>aweg</code>,4,0.0006565
186,bedraf,<code>bedraf</code>,4,0.0006565
186,beon,<code>beon</code>,4,0.0006565
186,bes&aelig;t,<code>bes&amp;ae;t</code>,4,0.0006565
186,butan,<code>butan</code>,4,0.0006565
186,byrg,<code>byrg</code>,4,0.0006565
186,come,<code>come</code>,4,0.0006565
186,comon,<code>comon</code>,4,0.0006565
186,creca,<code>creca</code>,4,0.0006565
186,cyningas,<code>cyningas</code>,4,0.0006565
186,cyninge,<code>cyninge</code>,4,0.0006565
186,d&aelig;d,<code>d&amp;ae;d</code>,4,0.0006565
186,d&aelig;l,<code>d&amp;ae;l</code>,4,0.0006565
186,dune,<code>dune</code>,4,0.0006565
186,ealles,<code>ealles</code>,4,0.0006565
186,ealne,<code>ealne</code>,4,0.0006565
186,ege,<code>ege</code>,4,0.0006565
186,f&aelig;sten,<code>f&amp;ae;sten</code>,4,0.0006565
186,farende,<code>farende</code>,4,0.0006565
186,fri&thorn;,<code>fri&amp;t;</code>,4,0.0006565
186,gefera,<code>gefera</code>,4,0.0006565
186,gel&aelig;dde,<code>gel&amp;ae;dde</code>,4,0.0006565
186,geniedde,<code>geniedde</code>,4,0.0006565
186,geseah,<code>geseah</code>,4,0.0006565
186,h&aelig;t,<code>h&amp;ae;t</code>,4,0.0006565
186,ham,<code>ham</code>,4,0.0006565
186,haten,<code>haten</code>,4,0.0006565
186,healfe,<code>healfe</code>,4,0.0006565
186,hring,<code>hring</code>,4,0.0006565
186,iiii,<code>iiii</code>,4,0.0006565
186,iuliuses,<code>iuliuses</code>,4,0.0006565
186,lif,<code>lif</code>,4,0.0006565
186,londe,<code>londe</code>,4,0.0006565
186,longe,<code>longe</code>,4,0.0006565
186,lx,<code>lx</code>,4,0.0006565
186,m&aelig;g,<code>m&amp;ae;g</code>,4,0.0006565
186,m&aelig;st,<code>m&amp;ae;st</code>,4,0.0006565
186,me,<code>me</code>,4,0.0006565
186,mehten,<code>mehten</code>,4,0.0006565
186,metellus,<code>metellus</code>,4,0.0006565
186,nan,<code>nan</code>,4,0.0006565
186,pompeiuse,<code>pompeiuse</code>,4,0.0006565
186,pompeiuses,<code>pompeiuses</code>,4,0.0006565
186,rice,<code>rice</code>,4,0.0006565
186,s&aelig;de,<code>s&amp;ae;de</code>,4,0.0006565
186,sibbe,<code>sibbe</code>,4,0.0006565
186,sio,<code>sio</code>,4,0.0006565
186,swelce,<code>swelce</code>,4,0.0006565
186,tacnade,<code>tacnade</code>,4,0.0006565
186,tida,<code>tida</code>,4,0.0006565
186,ueriatus,<code>ueriatus</code>,4,0.0006565
186,wende,<code>wende</code>,4,0.0006565
186,wordum,<code>wordum</code>,4,0.0006565
186,x,<code>x</code>,4,0.0006565
186,ymb,<code>ymb</code>,4,0.0006565
248,&aelig;lces,<code>&amp;ae;lces</code>,3,0.0004924
248,&aelig;rest,<code>&amp;ae;rest</code>,3,0.0004924
248,&thorn;eah,<code>&amp;t;eah</code>,3,0.0004924
248,&thorn;eowdome,<code>&amp;t;eowdome</code>,3,0.0004924
248,&thorn;ohte,<code>&amp;t;ohte</code>,3,0.0004924
248,&thorn;reo,<code>&amp;t;reo</code>,3,0.0004924
248,&thorn;riddan,<code>&amp;t;riddan</code>,3,0.0004924
248,&thorn;urhteah,<code>&amp;t;urhteah</code>,3,0.0004924
248,agustuses,<code>agustuses</code>,3,0.0004924
248,andwyrde,<code>andwyrde</code>,3,0.0004924
248,anwalde,<code>anwalde</code>,3,0.0004924
248,asia,<code>asia</code>,3,0.0004924
248,be&aelig;ftan,<code>be&amp;ae;ftan</code>,3,0.0004924
248,binnan,<code>binnan</code>,3,0.0004924
248,burgleode,<code>burgleode</code>,3,0.0004924
248,caton,<code>caton</code>,3,0.0004924
248,coman,<code>coman</code>,3,0.0004924
248,cuman,<code>cuman</code>,3,0.0004924
248,d&aelig;ge,<code>d&amp;ae;ge</code>,3,0.0004924
248,don,<code>don</code>,3,0.0004924
248,dreogende,<code>dreogende</code>,3,0.0004924
248,eode,<code>eode</code>,3,0.0004924
248,fela,<code>fela</code>,3,0.0004924
248,folcum,<code>folcum</code>,3,0.0004924
248,fri&thorn;e,<code>fri&amp;t;e</code>,3,0.0004924
248,fyr,<code>fyr</code>,3,0.0004924
248,gefangen,<code>gefangen</code>,3,0.0004924
248,gelicost,<code>gelicost</code>,3,0.0004924
248,gemette,<code>gemette</code>,3,0.0004924
248,geoweor&thorn;a,<code>geoweor&amp;t;a</code>,3,0.0004924
248,gesohte,<code>gesohte</code>,3,0.0004924
248,gewurdon,<code>gewurdon</code>,3,0.0004924
248,h&aelig;te,<code>h&amp;ae;te</code>,3,0.0004924
248,hearde,<code>hearde</code>,3,0.0004924
248,heton,<code>heton</code>,3,0.0004924
248,hine,<code>hine</code>,3,0.0004924
248,hond,<code>hond</code>,3,0.0004924
248,hwelc,<code>hwelc</code>,3,0.0004924
248,hwile,<code>hwile</code>,3,0.0004924
248,hwy,<code>hwy</code>,3,0.0004924
248,ianes,<code>ianes</code>,3,0.0004924
248,ilce,<code>ilce</code>,3,0.0004924
248,ladteow,<code>ladteow</code>,3,0.0004924
248,lande,<code>lande</code>,3,0.0004924
248,life,<code>life</code>,3,0.0004924
248,m&aelig;nde,<code>m&amp;ae;nde</code>,3,0.0004924
248,magon,<code>magon</code>,3,0.0004924
248,mehton,<code>mehton</code>,3,0.0004924
248,micelne,<code>micelne</code>,3,0.0004924
248,monegum,<code>monegum</code>,3,0.0004924
248,n&aelig;dran,<code>n&amp;ae;dran</code>,3,0.0004924
248,neah,<code>neah</code>,3,0.0004924
248,nolde,<code>nolde</code>,3,0.0004924
248,ofslean,<code>ofslean</code>,3,0.0004924
248,oft,<code>oft</code>,3,0.0004924
248,partha,<code>partha</code>,3,0.0004924
248,selfum,<code>selfum</code>,3,0.0004924
248,senatum,<code>senatum</code>,3,0.0004924
248,senatus,<code>senatus</code>,3,0.0004924
248,seofon,<code>seofon</code>,3,0.0004924
248,sillan,<code>sillan</code>,3,0.0004924
248,simle,<code>simle</code>,3,0.0004924
248,sint,<code>sint</code>,3,0.0004924
248,slog,<code>slog</code>,3,0.0004924
248,somnitum,<code>somnitum</code>,3,0.0004924
248,suna,<code>suna</code>,3,0.0004924
248,sunum,<code>sunum</code>,3,0.0004924
248,twa,<code>twa</code>,3,0.0004924
248,twegen,<code>twegen</code>,3,0.0004924
248,under,<code>under</code>,3,0.0004924
248,ungeliefedlic,<code>ungeliefedlic</code>,3,0.0004924
248,vii,<code>vii</code>,3,0.0004924
248,wife,<code>wife</code>,3,0.0004924
248,winnan,<code>winnan</code>,3,0.0004924
248,wolde,<code>wolde</code>,3,0.0004924
248,woldon,<code>woldon</code>,3,0.0004924
248,xl,<code>xl</code>,3,0.0004924
325,&aelig;fre,<code>&amp;ae;fre</code>,2,0.0003282
325,&aelig;fterfylgende,<code>&amp;ae;fterfylgende</code>,2,0.0003282
325,&aelig;lce,<code>&amp;ae;lce</code>,2,0.0003282
325,&eth;&aelig;t,<code>&amp;d;&amp;ae;t</code>,2,0.0003282
325,&thorn;&aelig;rbinnan,<code>&amp;t;&amp;ae;rbinnan</code>,2,0.0003282
325,&thorn;as,<code>&amp;t;as</code>,2,0.0003282
325,&thorn;eode,<code>&amp;t;eode</code>,2,0.0003282
325,&thorn;is,<code>&amp;t;is</code>,2,0.0003282
325,&thorn;ridda,<code>&amp;t;ridda</code>,2,0.0003282
325,&thorn;u,<code>&amp;t;u</code>,2,0.0003282
325,&thorn;uhte,<code>&amp;t;uhte</code>,2,0.0003282
325,&thorn;urh,<code>&amp;t;urh</code>,2,0.0003282
325,&thorn;urhtugon,<code>&amp;t;urhtugon</code>,2,0.0003282
325,&thorn;urst,<code>&amp;t;urst</code>,2,0.0003282
325,a,<code>a</code>,2,0.0003282
325,aceorfan,<code>aceorfan</code>,2,0.0003282
325,adr&aelig;fde,<code>adr&amp;ae;fde</code>,2,0.0003282
325,affrice,<code>affrice</code>,2,0.0003282
325,africe,<code>africe</code>,2,0.0003282
325,agen,<code>agen</code>,2,0.0003282
325,agustuse,<code>agustuse</code>,2,0.0003282
325,aspon,<code>aspon</code>,2,0.0003282
325,befangen,<code>befangen</code>,2,0.0003282
325,bismer,<code>bismer</code>,2,0.0003282
325,boho,<code>boho</code>,2,0.0003282
325,brettas,<code>brettas</code>,2,0.0003282
325,brutus,<code>brutus</code>,2,0.0003282
325,burge,<code>burge</code>,2,0.0003282
325,burgware,<code>burgware</code>,2,0.0003282
325,byrgenne,<code>byrgenne</code>,2,0.0003282
325,c,<code>c</code>,2,0.0003282
325,carcern,<code>carcern</code>,2,0.0003282
325,casere,<code>casere</code>,2,0.0003282
325,cc,<code>cc</code>,2,0.0003282
325,cesar,<code>cesar</code>,2,0.0003282
325,cinna,<code>cinna</code>,2,0.0003282
325,claudius,<code>claudius</code>,2,0.0003282
325,cleopatra,<code>cleopatra</code>,2,0.0003282
325,cleopatron,<code>cleopatron</code>,2,0.0003282
325,consules,<code>consules</code>,2,0.0003282
325,consulum,<code>consulum</code>,2,0.0003282
325,crist,<code>crist</code>,2,0.0003282
325,cyninga,<code>cyninga</code>,2,0.0003282
325,cynnes,<code>cynnes</code>,2,0.0003282
325,d&aelig;de,<code>d&amp;ae;de</code>,2,0.0003282
325,d&aelig;ges,<code>d&amp;ae;ges</code>,2,0.0003282
325,dea&eth;e,<code>dea&amp;d;e</code>,2,0.0003282
325,drifon,<code>drifon</code>,2,0.0003282
325,duru,<code>duru</code>,2,0.0003282
325,dydon,<code>dydon</code>,2,0.0003282
325,eahta,<code>eahta</code>,2,0.0003282
325,eahtatiene,<code>eahtatiene</code>,2,0.0003282
325,eal,<code>eal</code>,2,0.0003282
325,egypti,<code>egypti</code>,2,0.0003282
325,ele,<code>ele</code>,2,0.0003282
325,eodon,<code>eodon</code>,2,0.0003282
325,f&aelig;rende,<code>f&amp;ae;rende</code>,2,0.0003282
325,faran,<code>faran</code>,2,0.0003282
325,fauius,<code>fauius</code>,2,0.0003282
325,feawum,<code>feawum</code>,2,0.0003282
325,feo,<code>feo</code>,2,0.0003282
325,feohtan,<code>feohtan</code>,2,0.0003282
325,feondscipe,<code>feondscipe</code>,2,0.0003282
325,feower,<code>feower</code>,2,0.0003282
325,fiftan,<code>fiftan</code>,2,0.0003282
325,flaccus,<code>flaccus</code>,2,0.0003282
325,fleah,<code>fleah</code>,2,0.0003282
325,forslagen,<code>forslagen</code>,2,0.0003282
325,forwear&thorn;,<code>forwear&amp;t;</code>,2,0.0003282
325,forwierndon,<code>forwierndon</code>,2,0.0003282
325,forwurde,<code>forwurde</code>,2,0.0003282
325,forwurdon,<code>forwurdon</code>,2,0.0003282
325,freond,<code>freond</code>,2,0.0003282
325,gaius,<code>gaius</code>,2,0.0003282
325,gallia,<code>gallia</code>,2,0.0003282
325,gear,<code>gear</code>,2,0.0003282
325,geascade,<code>geascade</code>,2,0.0003282
325,geate,<code>geate</code>,2,0.0003282
325,gebindan,<code>gebindan</code>,2,0.0003282
325,gebundenne,<code>gebundenne</code>,2,0.0003282
325,geceapade,<code>geceapade</code>,2,0.0003282
325,geceapian,<code>geceapian</code>,2,0.0003282
325,gecw&aelig;don,<code>gecw&amp;ae;don</code>,2,0.0003282
325,gecwedr&aelig;denne,<code>gecwedr&amp;ae;denne</code>,2,0.0003282
325,gedon,<code>gedon</code>,2,0.0003282
325,gefaren,<code>gefaren</code>,2,0.0003282
325,gefor,<code>gefor</code>,2,0.0003282
325,gefuhton,<code>gefuhton</code>,2,0.0003282
325,gegaderade,<code>gegaderade</code>,2,0.0003282
325,gelang,<code>gelang</code>,2,0.0003282
325,geliefen,<code>geliefen</code>,2,0.0003282
325,genom,<code>genom</code>,2,0.0003282
325,geoweor&eth;a,<code>geoweor&amp;d;a</code>,2,0.0003282
325,germanie,<code>germanie</code>,2,0.0003282
325,geseald,<code>geseald</code>,2,0.0003282
325,gesealde,<code>gesealde</code>,2,0.0003282
325,gesealdon,<code>gesealdon</code>,2,0.0003282
325,geseon,<code>geseon</code>,2,0.0003282
325,gesetnessa,<code>gesetnessa</code>,2,0.0003282
325,gesohton,<code>gesohton</code>,2,0.0003282
325,getacnad,<code>getacnad</code>,2,0.0003282
325,geteah,<code>geteah</code>,2,0.0003282
325,god,<code>god</code>,2,0.0003282
325,godes,<code>godes</code>,2,0.0003282
325,gylden,<code>gylden</code>,2,0.0003282
325,habban,<code>habban</code>,2,0.0003282
325,hata&eth;,<code>hata&amp;d;</code>,2,0.0003282
325,heafedburg,<code>heafedburg</code>,2,0.0003282
325,heafod,<code>heafod</code>,2,0.0003282
325,healf,<code>healf</code>,2,0.0003282
325,heo,<code>heo</code>,2,0.0003282
325,hira,<code>hira</code>,2,0.0003282
325,hors,<code>hors</code>,2,0.0003282
325,hr&aelig;dlice,<code>hr&amp;ae;dlice</code>,2,0.0003282
325,hungre,<code>hungre</code>,2,0.0003282
325,hw&aelig;&eth;er,<code>hw&amp;ae;&amp;d;er</code>,2,0.0003282
325,hw&aelig;r,<code>hw&amp;ae;r</code>,2,0.0003282
325,hwa,<code>hwa</code>,2,0.0003282
325,iii,<code>iii</code>,2,0.0003282
325,ilca,<code>ilca</code>,2,0.0003282
325,into,<code>into</code>,2,0.0003282
325,ispanium,<code>ispanium</code>,2,0.0003282
325,l&aelig;dde,<code>l&amp;ae;dde</code>,2,0.0003282
325,l&aelig;gon,<code>l&amp;ae;gon</code>,2,0.0003282
325,l&aelig;s,<code>l&amp;ae;s</code>,2,0.0003282
325,l&aelig;ssan,<code>l&amp;ae;ssan</code>,2,0.0003282
325,latteow,<code>latteow</code>,2,0.0003282
325,leng,<code>leng</code>,2,0.0003282
325,leofre,<code>leofre</code>,2,0.0003282
325,londleode,<code>londleode</code>,2,0.0003282
325,lytle,<code>lytle</code>,2,0.0003282
325,m&aelig;stan,<code>m&amp;ae;stan</code>,2,0.0003282
325,mantius,<code>mantius</code>,2,0.0003282
325,maran,<code>maran</code>,2,0.0003282
325,mariuse,<code>mariuse</code>,2,0.0003282
325,marse,<code>marse</code>,2,0.0003282
325,mauritania,<code>mauritania</code>,2,0.0003282
325,metre&thorn;atis,<code>metre&amp;t;atis</code>,2,0.0003282
325,micelre,<code>micelre</code>,2,0.0003282
325,middangeardes,<code>middangeardes</code>,2,0.0003282
325,mona&eth;,<code>mona&amp;d;</code>,2,0.0003282
325,monegan,<code>monegan</code>,2,0.0003282
325,monnes,<code>monnes</code>,2,0.0003282
325,n&aelig;fde,<code>n&amp;ae;fde</code>,2,0.0003282
325,n&aelig;ren,<code>n&amp;ae;ren</code>,2,0.0003282
325,na,<code>na</code>,2,0.0003282
325,nane,<code>nane</code>,2,0.0003282
325,ni&thorn;er,<code>ni&amp;t;er</code>,2,0.0003282
325,nihst,<code>nihst</code>,2,0.0003282
325,nihtes,<code>nihtes</code>,2,0.0003282
325,niman,<code>niman</code>,2,0.0003282
325,noldon,<code>noldon</code>,2,0.0003282
325,nume&eth;ia,<code>nume&amp;d;ia</code>,2,0.0003282
325,o&thorn;erne,<code>o&amp;t;erne</code>,2,0.0003282
325,o&thorn;erre,<code>o&amp;t;erre</code>,2,0.0003282
325,o&thorn;flugon,<code>o&amp;t;flugon</code>,2,0.0003282
325,o&thorn;ra,<code>o&amp;t;ra</code>,2,0.0003282
325,o&thorn;ru,<code>o&amp;t;ru</code>,2,0.0003282
325,ofereode,<code>ofereode</code>,2,0.0003282
325,oferwunnan,<code>oferwunnan</code>,2,0.0003282
325,oferwunnen,<code>oferwunnen</code>,2,0.0003282
325,ofslogan,<code>ofslogan</code>,2,0.0003282
325,oftr&aelig;dlice,<code>oftr&amp;ae;dlice</code>,2,0.0003282
325,ongon,<code>ongon</code>,2,0.0003282
325,openlice,<code>openlice</code>,2,0.0003282
325,ordfruman,<code>ordfruman</code>,2,0.0003282
325,parthe,<code>parthe</code>,2,0.0003282
325,phtolomeus,<code>phtolomeus</code>,2,0.0003282
325,quintus,<code>quintus</code>,2,0.0003282
325,rices,<code>rices</code>,2,0.0003282
325,s&aelig;don,<code>s&amp;ae;don</code>,2,0.0003282
325,saturninus,<code>saturninus</code>,2,0.0003282
325,sceal,<code>sceal</code>,2,0.0003282
325,scipa,<code>scipa</code>,2,0.0003282
325,scipian,<code>scipian</code>,2,0.0003282
325,sculon,<code>sculon</code>,2,0.0003282
325,secganne,<code>secganne</code>,2,0.0003282
325,sende,<code>sende</code>,2,0.0003282
325,seo,<code>seo</code>,2,0.0003282
325,sertorius,<code>sertorius</code>,2,0.0003282
325,seruius,<code>seruius</code>,2,0.0003282
325,sicilium,<code>sicilium</code>,2,0.0003282
325,sindon,<code>sindon</code>,2,0.0003282
325,slege,<code>slege</code>,2,0.0003282
325,sloge,<code>sloge</code>,2,0.0003282
325,sona,<code>sona</code>,2,0.0003282
325,stence,<code>stence</code>,2,0.0003282
325,sum,<code>sum</code>,2,0.0003282
325,sunne,<code>sunne</code>,2,0.0003282
325,swi&eth;e,<code>swi&amp;d;e</code>,2,0.0003282
325,swi&thorn;or,<code>swi&amp;t;or</code>,2,0.0003282
325,swi&thorn;ost,<code>swi&amp;t;ost</code>,2,0.0003282
325,swostor,<code>swostor</code>,2,0.0003282
325,tob&aelig;rst,<code>tob&amp;ae;rst</code>,2,0.0003282
325,truman,<code>truman</code>,2,0.0003282
325,tunecan,<code>tunecan</code>,2,0.0003282
325,twam,<code>twam</code>,2,0.0003282
325,ueriatuses,<code>ueriatuses</code>,2,0.0003282
325,under&thorn;eowas,<code>under&amp;t;eowas</code>,2,0.0003282
325,underfeng,<code>underfeng</code>,2,0.0003282
325,unea&thorn;e,<code>unea&amp;t;e</code>,2,0.0003282
325,unger&aelig;dnesse,<code>unger&amp;ae;dnesse</code>,2,0.0003282
325,unges&aelig;lgestan,<code>unges&amp;ae;lgestan</code>,2,0.0003282
325,unwitende,<code>unwitende</code>,2,0.0003282
325,ure,<code>ure</code>,2,0.0003282
325,utan,<code>utan</code>,2,0.0003282
325,v,<code>v</code>,2,0.0003282
325,w&aelig;ren,<code>w&amp;ae;ren</code>,2,0.0003282
325,w&aelig;tan,<code>w&amp;ae;tan</code>,2,0.0003282
325,wat,<code>wat</code>,2,0.0003282
325,weorod,<code>weorod</code>,2,0.0003282
325,willan,<code>willan</code>,2,0.0003282
325,wille,<code>wille</code>,2,0.0003282
325,winter,<code>winter</code>,2,0.0003282
325,wiste,<code>wiste</code>,2,0.0003282
325,witum,<code>witum</code>,2,0.0003282
325,wolden,<code>wolden</code>,2,0.0003282
325,worolde,<code>worolde</code>,2,0.0003282
325,wunnon,<code>wunnon</code>,2,0.0003282
325,wurden,<code>wurden</code>,2,0.0003282
325,xii,<code>xii</code>,2,0.0003282
325,xiiii,<code>xiiii</code>,2,0.0003282
325,xx,<code>xx</code>,2,0.0003282
325,xxvii,<code>xxvii</code>,2,0.0003282
325,xxxv,<code>xxxv</code>,2,0.0003282
550,&aelig;,<code>&amp;ae;</code>,1,0.0001641
550,&aelig;&thorn;na,<code>&amp;ae;&amp;t;na</code>,1,0.0001641
550,&aelig;fterran,<code>&amp;ae;fterran</code>,1,0.0001641
550,&aelig;genu,<code>&amp;ae;genu</code>,1,0.0001641
550,&aelig;gyptum,<code>&amp;ae;gyptum</code>,1,0.0001641
550,&aelig;lcne,<code>&amp;ae;lcne</code>,1,0.0001641
550,&aelig;lt&aelig;wra,<code>&amp;ae;lt&amp;ae;wra</code>,1,0.0001641
550,&aelig;negu,<code>&amp;ae;negu</code>,1,0.0001641
550,&aelig;negum,<code>&amp;ae;negum</code>,1,0.0001641
550,&aelig;nig,<code>&amp;ae;nig</code>,1,0.0001641
550,&aelig;nigum,<code>&amp;ae;nigum</code>,1,0.0001641
550,&aelig;rendum,<code>&amp;ae;rendum</code>,1,0.0001641
550,&aelig;rene,<code>&amp;ae;rene</code>,1,0.0001641
550,&aelig;restan,<code>&amp;ae;restan</code>,1,0.0001641
550,&aelig;rran,<code>&amp;ae;rran</code>,1,0.0001641
550,&eth;e,<code>&amp;d;e</code>,1,0.0001641
550,&eth;eoda,<code>&amp;d;eoda</code>,1,0.0001641
550,&eth;on,<code>&amp;d;on</code>,1,0.0001641
550,&eth;one,<code>&amp;d;one</code>,1,0.0001641
550,&eth;u,<code>&amp;d;u</code>,1,0.0001641
550,&thorn;&aelig;rinne,<code>&amp;t;&amp;ae;rinne</code>,1,0.0001641
550,&thorn;&aelig;rof,<code>&amp;t;&amp;ae;rof</code>,1,0.0001641
550,&thorn;&aelig;ron,<code>&amp;t;&amp;ae;ron</code>,1,0.0001641
550,&thorn;&aelig;roninnan,<code>&amp;t;&amp;ae;roninnan</code>,1,0.0001641
550,&thorn;afiende,<code>&amp;t;afiende</code>,1,0.0001641
550,&thorn;agiet,<code>&amp;t;agiet</code>,1,0.0001641
550,&thorn;eaw,<code>&amp;t;eaw</code>,1,0.0001641
550,&thorn;egn,<code>&amp;t;egn</code>,1,0.0001641
550,&thorn;egna,<code>&amp;t;egna</code>,1,0.0001641
550,&thorn;ehhw&aelig;&thorn;re,<code>&amp;t;ehhw&amp;ae;&amp;t;re</code>,1,0.0001641
550,&thorn;eofmon,<code>&amp;t;eofmon</code>,1,0.0001641
550,&thorn;eos,<code>&amp;t;eos</code>,1,0.0001641
550,&thorn;eosan,<code>&amp;t;eosan</code>,1,0.0001641
550,&thorn;eowas,<code>&amp;t;eowas</code>,1,0.0001641
550,&thorn;eowe,<code>&amp;t;eowe</code>,1,0.0001641
550,&thorn;icgeanne,<code>&amp;t;icgeanne</code>,1,0.0001641
550,&thorn;iderweard,<code>&amp;t;iderweard</code>,1,0.0001641
550,&thorn;ing,<code>&amp;t;ing</code>,1,0.0001641
550,&thorn;ingum,<code>&amp;t;ingum</code>,1,0.0001641
550,&thorn;ingun,<code>&amp;t;ingun</code>,1,0.0001641
550,&thorn;isse,<code>&amp;t;isse</code>,1,0.0001641
550,&thorn;isses,<code>&amp;t;isses</code>,1,0.0001641
550,&thorn;ohton,<code>&amp;t;ohton</code>,1,0.0001641
550,&thorn;onan,<code>&amp;t;onan</code>,1,0.0001641
550,&thorn;riere&eth;rena,<code>&amp;t;riere&amp;d;rena</code>,1,0.0001641
550,&thorn;riwa,<code>&amp;t;riwa</code>,1,0.0001641
550,&thorn;rong,<code>&amp;t;rong</code>,1,0.0001641
550,&thorn;rowoden,<code>&amp;t;rowoden</code>,1,0.0001641
550,&thorn;usenda,<code>&amp;t;usenda</code>,1,0.0001641
550,&thorn;usendum,<code>&amp;t;usendum</code>,1,0.0001641
550,a&thorn;reotan,<code>a&amp;t;reotan</code>,1,0.0001641
550,a&thorn;rysemodon,<code>a&amp;t;rysemodon</code>,1,0.0001641
550,a&thorn;rytton,<code>a&amp;t;rytton</code>,1,0.0001641
550,abite,<code>abite</code>,1,0.0001641
550,abitt,<code>abitt</code>,1,0.0001641
550,abr&aelig;c,<code>abr&amp;ae;c</code>,1,0.0001641
550,abr&aelig;can,<code>abr&amp;ae;can</code>,1,0.0001641
550,abrecan,<code>abrecan</code>,1,0.0001641
550,acw&aelig;lan,<code>acw&amp;ae;lan</code>,1,0.0001641
550,acw&aelig;lon,<code>acw&amp;ae;lon</code>,1,0.0001641
550,acw&#275;lan,<code>acw&amp;e;lan</code>,1,0.0001641
550,acwealdon,<code>acwealdon</code>,1,0.0001641
550,adelfan,<code>adelfan</code>,1,0.0001641
550,adr&aelig;fdan,<code>adr&amp;ae;fdan</code>,1,0.0001641
550,adr&aelig;fdon,<code>adr&amp;ae;fdon</code>,1,0.0001641
550,adruncne,<code>adruncne</code>,1,0.0001641
550,adyde,<code>adyde</code>,1,0.0001641
550,affricam,<code>affricam</code>,1,0.0001641
550,afleow,<code>afleow</code>,1,0.0001641
550,afliemde,<code>afliemde</code>,1,0.0001641
550,aflugon,<code>aflugon</code>,1,0.0001641
550,afuhten,<code>afuhten</code>,1,0.0001641
550,ageaf,<code>ageaf</code>,1,0.0001641
550,ageafan,<code>ageafan</code>,1,0.0001641
550,ageafon,<code>ageafon</code>,1,0.0001641
550,agifan,<code>agifan</code>,1,0.0001641
550,agne,<code>agne</code>,1,0.0001641
550,agoldene,<code>agoldene</code>,1,0.0001641
550,ahebban,<code>ahebban</code>,1,0.0001641
550,aheng,<code>aheng</code>,1,0.0001641
550,ahleopon,<code>ahleopon</code>,1,0.0001641
550,ahnescaden,<code>ahnescaden</code>,1,0.0001641
550,alegde,<code>alegde</code>,1,0.0001641
550,alet,<code>alet</code>,1,0.0001641
550,alexandriam,<code>alexandriam</code>,1,0.0001641
550,aliefan,<code>aliefan</code>,1,0.0001641
550,aliesde,<code>aliesde</code>,1,0.0001641
550,aloccoden,<code>aloccoden</code>,1,0.0001641
550,ambronos,<code>ambronos</code>,1,0.0001641
550,andrysne,<code>andrysne</code>,1,0.0001641
550,andwlitan,<code>andwlitan</code>,1,0.0001641
550,anes,<code>anes</code>,1,0.0001641
550,anfealdnesse,<code>anfealdnesse</code>,1,0.0001641
550,angeald,<code>angeald</code>,1,0.0001641
550,anilius,<code>anilius</code>,1,0.0001641
550,anr&aelig;dnesse,<code>anr&amp;ae;dnesse</code>,1,0.0001641
550,antiochus,<code>antiochus</code>,1,0.0001641
550,antiochuse,<code>antiochuse</code>,1,0.0001641
550,antoniuse,<code>antoniuse</code>,1,0.0001641
550,antoniuses,<code>antoniuses</code>,1,0.0001641
550,apius,<code>apius</code>,1,0.0001641
550,apulcius,<code>apulcius</code>,1,0.0001641
550,ar&aelig;ran,<code>ar&amp;ae;ran</code>,1,0.0001641
550,archaraus,<code>archaraus</code>,1,0.0001641
550,argeate,<code>argeate</code>,1,0.0001641
550,aristobolus,<code>aristobolus</code>,1,0.0001641
550,aristonocuse,<code>aristonocuse</code>,1,0.0001641
550,armenia,<code>armenia</code>,1,0.0001641
550,armenie,<code>armenie</code>,1,0.0001641
550,arunge,<code>arunge</code>,1,0.0001641
550,ascade,<code>ascade</code>,1,0.0001641
550,ascan,<code>ascan</code>,1,0.0001641
550,ascian,<code>ascian</code>,1,0.0001641
550,ascien,<code>ascien</code>,1,0.0001641
550,asculum,<code>asculum</code>,1,0.0001641
550,asmorodon,<code>asmorodon</code>,1,0.0001641
550,asprong,<code>asprong</code>,1,0.0001641
550,ateon,<code>ateon</code>,1,0.0001641
550,ator,<code>ator</code>,1,0.0001641
550,atre,<code>atre</code>,1,0.0001641
550,attalis,<code>attalis</code>,1,0.0001641
550,atugan,<code>atugan</code>,1,0.0001641
550,aweddon,<code>aweddon</code>,1,0.0001641
550,awende,<code>awende</code>,1,0.0001641
550,aweredon,<code>aweredon</code>,1,0.0001641
550,aworpen,<code>aworpen</code>,1,0.0001641
550,babyloniam,<code>babyloniam</code>,1,0.0001641
550,be,<code>be</code>,1,0.0001641
550,bearnum,<code>bearnum</code>,1,0.0001641
550,beboden,<code>beboden</code>,1,0.0001641
550,becom,<code>becom</code>,1,0.0001641
550,become,<code>become</code>,1,0.0001641
550,bedde,<code>bedde</code>,1,0.0001641
550,begeat,<code>begeat</code>,1,0.0001641
550,begeate,<code>begeate</code>,1,0.0001641
550,begen,<code>begen</code>,1,0.0001641
550,behealdan,<code>behealdan</code>,1,0.0001641
550,belearis,<code>belearis</code>,1,0.0001641
550,bendum,<code>bendum</code>,1,0.0001641
550,bes&aelig;tan,<code>bes&amp;ae;tan</code>,1,0.0001641
550,bescufan,<code>bescufan</code>,1,0.0001641
550,best&aelig;l,<code>best&amp;ae;l</code>,1,0.0001641
550,besuncan,<code>besuncan</code>,1,0.0001641
550,beswac,<code>beswac</code>,1,0.0001641
550,beswican,<code>beswican</code>,1,0.0001641
550,bet,<code>bet</code>,1,0.0001641
550,bet&aelig;can,<code>bet&amp;ae;can</code>,1,0.0001641
550,beteran,<code>beteran</code>,1,0.0001641
550,betogen,<code>betogen</code>,1,0.0001641
550,betsta,<code>betsta</code>,1,0.0001641
550,betuh,<code>betuh</code>,1,0.0001641
550,betuitusan,<code>betuitusan</code>,1,0.0001641
550,betwux,<code>betwux</code>,1,0.0001641
550,betynde,<code>betynde</code>,1,0.0001641
550,betyned,<code>betyned</code>,1,0.0001641
550,bi&eth;,<code>bi&amp;d;</code>,1,0.0001641
550,bi&thorn;&thorn;inia,<code>bi&amp;t;&amp;t;inia</code>,1,0.0001641
550,biddende,<code>biddende</code>,1,0.0001641
550,biernende,<code>biernende</code>,1,0.0001641
550,biscep,<code>biscep</code>,1,0.0001641
550,biscop,<code>biscop</code>,1,0.0001641
550,bisene,<code>bisene</code>,1,0.0001641
550,bismerlecestan,<code>bismerlecestan</code>,1,0.0001641
550,bismerlecre,<code>bismerlecre</code>,1,0.0001641
550,bismrade,<code>bismrade</code>,1,0.0001641
550,bismre,<code>bismre</code>,1,0.0001641
550,blace,<code>blace</code>,1,0.0001641
550,bli&eth;e,<code>bli&amp;d;e</code>,1,0.0001641
550,blod,<code>blod</code>,1,0.0001641
550,blotan,<code>blotan</code>,1,0.0001641
550,boc,<code>boc</code>,1,0.0001641
550,boclande,<code>boclande</code>,1,0.0001641
550,bohan,<code>bohan</code>,1,0.0001641
550,br&aelig;ce,<code>br&amp;ae;ce</code>,1,0.0001641
550,br&aelig;dre,<code>br&amp;ae;dre</code>,1,0.0001641
550,br&aelig;gdenne,<code>br&amp;ae;gdenne</code>,1,0.0001641
550,brad,<code>brad</code>,1,0.0001641
550,bradiende,<code>bradiende</code>,1,0.0001641
550,bretanie,<code>bretanie</code>,1,0.0001641
550,bring&eth;,<code>bring&amp;d;</code>,1,0.0001641
550,bringan,<code>bringan</code>,1,0.0001641
550,bro&eth;or,<code>bro&amp;d;or</code>,1,0.0001641
550,brocu,<code>brocu</code>,1,0.0001641
550,broht,<code>broht</code>,1,0.0001641
550,brohton,<code>brohton</code>,1,0.0001641
550,bryne,<code>bryne</code>,1,0.0001641
550,bufan,<code>bufan</code>,1,0.0001641
550,calendas,<code>calendas</code>,1,0.0001641
550,calfurnan,<code>calfurnan</code>,1,0.0001641
550,calfurnius,<code>calfurnius</code>,1,0.0001641
550,cappadocia,<code>cappadocia</code>,1,0.0001641
550,carcernum,<code>carcernum</code>,1,0.0001641
550,cartaina,<code>cartaina</code>,1,0.0001641
550,cartainam,<code>cartainam</code>,1,0.0001641
550,cassus,<code>cassus</code>,1,0.0001641
550,cato,<code>cato</code>,1,0.0001641
550,caudenes,<code>caudenes</code>,1,0.0001641
550,ccc,<code>ccc</code>,1,0.0001641
550,ceap,<code>ceap</code>,1,0.0001641
550,ceapode,<code>ceapode</code>,1,0.0001641
550,centlond,<code>centlond</code>,1,0.0001641
550,centlonde,<code>centlonde</code>,1,0.0001641
550,cierre,<code>cierre</code>,1,0.0001641
550,cierrun,<code>cierrun</code>,1,0.0001641
550,cild,<code>cild</code>,1,0.0001641
550,cimbros,<code>cimbros</code>,1,0.0001641
550,cirenceastre,<code>cirenceastre</code>,1,0.0001641
550,cirrende,<code>cirrende</code>,1,0.0001641
550,cleopatro,<code>cleopatro</code>,1,0.0001641
550,cleopode,<code>cleopode</code>,1,0.0001641
550,clifu,<code>clifu</code>,1,0.0001641
550,cniht,<code>cniht</code>,1,0.0001641
550,colima,<code>colima</code>,1,0.0001641
550,comen,<code>comen</code>,1,0.0001641
550,consula,<code>consula</code>,1,0.0001641
550,consulato,<code>consulato</code>,1,0.0001641
550,consulatum,<code>consulatum</code>,1,0.0001641
550,coortana,<code>coortana</code>,1,0.0001641
550,coortena,<code>coortena</code>,1,0.0001641
550,corinthum,<code>corinthum</code>,1,0.0001641
550,cornelius,<code>cornelius</code>,1,0.0001641
550,corrinthisce,<code>corrinthisce</code>,1,0.0001641
550,craccus,<code>craccus</code>,1,0.0001641
550,crassus,<code>crassus</code>,1,0.0001641
550,crassuse,<code>crassuse</code>,1,0.0001641
550,crecas,<code>crecas</code>,1,0.0001641
550,crecum,<code>crecum</code>,1,0.0001641
550,cristendom,<code>cristendom</code>,1,0.0001641
550,cu&eth;,<code>cu&amp;d;</code>,1,0.0001641
550,cu&thorn;en,<code>cu&amp;t;en</code>,1,0.0001641
550,cucan,<code>cucan</code>,1,0.0001641
550,cuintinus,<code>cuintinus</code>,1,0.0001641
550,cumen,<code>cumen</code>,1,0.0001641
550,cumene,<code>cumene</code>,1,0.0001641
550,cwe&eth;a&eth;,<code>cwe&amp;d;a&amp;d;</code>,1,0.0001641
550,cwe&thorn;an,<code>cwe&amp;t;an</code>,1,0.0001641
550,cwe&thorn;en,<code>cwe&amp;t;en</code>,1,0.0001641
550,cwen,<code>cwen</code>,1,0.0001641
550,cwene,<code>cwene</code>,1,0.0001641
550,cy&thorn;an,<code>cy&amp;t;an</code>,1,0.0001641
550,cyninges,<code>cyninges</code>,1,0.0001641
550,cyningum,<code>cyningum</code>,1,0.0001641
550,cyprene,<code>cyprene</code>,1,0.0001641
550,d&aelig;la,<code>d&amp;ae;la</code>,1,0.0001641
550,d&aelig;le,<code>d&amp;ae;le</code>,1,0.0001641
550,de&eth;,<code>de&amp;d;</code>,1,0.0001641
550,dea&thorn;e,<code>dea&amp;t;e</code>,1,0.0001641
550,deade,<code>deade</code>,1,0.0001641
550,demetrias,<code>demetrias</code>,1,0.0001641
550,deofolgildum,<code>deofolgildum</code>,1,0.0001641
550,derede,<code>derede</code>,1,0.0001641
550,diegellice,<code>diegellice</code>,1,0.0001641
550,diernden,<code>diernden</code>,1,0.0001641
550,dierran,<code>dierran</code>,1,0.0001641
550,dohtor,<code>dohtor</code>,1,0.0001641
550,donde,<code>donde</code>,1,0.0001641
550,dorstan,<code>dorstan</code>,1,0.0001641
550,dorste,<code>dorste</code>,1,0.0001641
550,dorsten,<code>dorsten</code>,1,0.0001641
550,dorston,<code>dorston</code>,1,0.0001641
550,drife,<code>drife</code>,1,0.0001641
550,drinca,<code>drinca</code>,1,0.0001641
550,drincan,<code>drincan</code>,1,0.0001641
550,dryhten,<code>dryhten</code>,1,0.0001641
550,dugu&eth;,<code>dugu&amp;d;</code>,1,0.0001641
550,dura,<code>dura</code>,1,0.0001641
550,duste,<code>duste</code>,1,0.0001641
550,dydan,<code>dydan</code>,1,0.0001641
550,dyden,<code>dyden</code>,1,0.0001641
550,e&thorn;na,<code>e&amp;t;na</code>,1,0.0001641
550,ea&thorn;e,<code>ea&amp;t;e</code>,1,0.0001641
550,eagan,<code>eagan</code>,1,0.0001641
550,eahte&thorn;a,<code>eahte&amp;t;a</code>,1,0.0001641
550,eala,<code>eala</code>,1,0.0001641
550,eald,<code>eald</code>,1,0.0001641
550,ealdan,<code>ealdan</code>,1,0.0001641
550,ealde,<code>ealde</code>,1,0.0001641
550,ealdgestreonum,<code>ealdgestreonum</code>,1,0.0001641
550,ealdormen,<code>ealdormen</code>,1,0.0001641
550,ealdormon,<code>ealdormon</code>,1,0.0001641
550,eallra,<code>eallra</code>,1,0.0001641
550,eallre,<code>eallre</code>,1,0.0001641
550,ealneg,<code>ealneg</code>,1,0.0001641
550,ealo&eth;,<code>ealo&amp;d;</code>,1,0.0001641
550,ealogeweorc,<code>ealogeweorc</code>,1,0.0001641
550,ealra,<code>ealra</code>,1,0.0001641
550,ealre,<code>ealre</code>,1,0.0001641
550,eame,<code>eame</code>,1,0.0001641
550,earan,<code>earan</code>,1,0.0001641
550,earde,<code>earde</code>,1,0.0001641
550,eardf&aelig;ste,<code>eardf&amp;ae;ste</code>,1,0.0001641
550,earfo&eth;a,<code>earfo&amp;d;a</code>,1,0.0001641
550,earman,<code>earman</code>,1,0.0001641
550,earme,<code>earme</code>,1,0.0001641
550,eart,<code>eart</code>,1,0.0001641
550,east,<code>east</code>,1,0.0001641
550,eastlondum,<code>eastlondum</code>,1,0.0001641
550,eaum,<code>eaum</code>,1,0.0001641
550,egypta,<code>egypta</code>,1,0.0001641
550,el&eth;eodignesse,<code>el&amp;d;eodignesse</code>,1,0.0001641
550,el&thorn;eode,<code>el&amp;t;eode</code>,1,0.0001641
550,elpenda,<code>elpenda</code>,1,0.0001641
550,elpendes,<code>elpendes</code>,1,0.0001641
550,emilius,<code>emilius</code>,1,0.0001641
550,enda&thorn;,<code>enda&amp;t;</code>,1,0.0001641
550,eor&thorn;an,<code>eor&amp;t;an</code>,1,0.0001641
550,eor&thorn;e,<code>eor&amp;t;e</code>,1,0.0001641
550,eow,<code>eow</code>,1,0.0001641
550,eowrum,<code>eowrum</code>,1,0.0001641
550,esernium,<code>esernium</code>,1,0.0001641
550,f&aelig;der,<code>f&amp;ae;der</code>,1,0.0001641
550,f&aelig;deroe&thorn;le,<code>f&amp;ae;deroe&amp;t;le</code>,1,0.0001641
550,f&aelig;gene,<code>f&amp;ae;gene</code>,1,0.0001641
550,f&aelig;gran,<code>f&amp;ae;gran</code>,1,0.0001641
550,f&aelig;relte,<code>f&amp;ae;relte</code>,1,0.0001641
550,f&aelig;ste,<code>f&amp;ae;ste</code>,1,0.0001641
550,f&aelig;stennes,<code>f&amp;ae;stennes</code>,1,0.0001641
550,f&aelig;stlecre,<code>f&amp;ae;stlecre</code>,1,0.0001641
550,fatu,<code>fatu</code>,1,0.0001641
550,fe&thorn;an,<code>fe&amp;t;an</code>,1,0.0001641
550,feaht,<code>feaht</code>,1,0.0001641
550,fealh,<code>fealh</code>,1,0.0001641
550,feawa,<code>feawa</code>,1,0.0001641
550,feawe,<code>feawe</code>,1,0.0001641
550,fedan,<code>fedan</code>,1,0.0001641
550,feng,<code>feng</code>,1,0.0001641
550,fenge,<code>fenge</code>,1,0.0001641
550,fengon,<code>fengon</code>,1,0.0001641
550,feoh,<code>feoh</code>,1,0.0001641
550,feonda,<code>feonda</code>,1,0.0001641
550,feor&thorn;a,<code>feor&amp;t;a</code>,1,0.0001641
550,feorh,<code>feorh</code>,1,0.0001641
550,feorme,<code>feorme</code>,1,0.0001641
550,feowerteo&thorn;an,<code>feowerteo&amp;t;an</code>,1,0.0001641
550,fer&thorn;an,<code>fer&amp;t;an</code>,1,0.0001641
550,fet,<code>fet</code>,1,0.0001641
550,fiend,<code>fiend</code>,1,0.0001641
550,fif,<code>fif</code>,1,0.0001641
550,fifta,<code>fifta</code>,1,0.0001641
550,fifte,<code>fifte</code>,1,0.0001641
550,filimine,<code>filimine</code>,1,0.0001641
550,findan,<code>findan</code>,1,0.0001641
550,first,<code>first</code>,1,0.0001641
550,fiscas,<code>fiscas</code>,1,0.0001641
550,flamineus,<code>flamineus</code>,1,0.0001641
550,fleame,<code>fleame</code>,1,0.0001641
550,folcgefeoht,<code>folcgefeoht</code>,1,0.0001641
550,folucius,<code>folucius</code>,1,0.0001641
550,for&thorn;,<code>for&amp;t;</code>,1,0.0001641
550,foran,<code>foran</code>,1,0.0001641
550,forb&aelig;rnde,<code>forb&amp;ae;rnde</code>,1,0.0001641
550,forb&aelig;rndon,<code>forb&amp;ae;rndon</code>,1,0.0001641
550,forbleow,<code>forbleow</code>,1,0.0001641
550,forburnan,<code>forburnan</code>,1,0.0001641
550,forcu&thorn;ra,<code>forcu&amp;t;ra</code>,1,0.0001641
550,forda,<code>forda</code>,1,0.0001641
550,fore,<code>fore</code>,1,0.0001641
550,foregielpa&eth;,<code>foregielpa&amp;d;</code>,1,0.0001641
550,forgeaf,<code>forgeaf</code>,1,0.0001641
550,forhergeade,<code>forhergeade</code>,1,0.0001641
550,forhergiunge,<code>forhergiunge</code>,1,0.0001641
550,forleton,<code>forleton</code>,1,0.0001641
550,formulton,<code>formulton</code>,1,0.0001641
550,forne&eth;don,<code>forne&amp;d;don</code>,1,0.0001641
550,forscurfon,<code>forscurfon</code>,1,0.0001641
550,forspildon,<code>forspildon</code>,1,0.0001641
550,forwear&eth;,<code>forwear&amp;d;</code>,1,0.0001641
550,fota,<code>fota</code>,1,0.0001641
550,fr&aelig;gn,<code>fr&amp;ae;gn</code>,1,0.0001641
550,fri&eth;,<code>fri&amp;d;</code>,1,0.0001641
550,fri&eth;e,<code>fri&amp;d;e</code>,1,0.0001641
550,frige,<code>frige</code>,1,0.0001641
550,frym&thorn;e,<code>frym&amp;t;e</code>,1,0.0001641
550,fuhte,<code>fuhte</code>,1,0.0001641
550,fulgongan,<code>fulgongan</code>,1,0.0001641
550,fultumes,<code>fultumes</code>,1,0.0001641
550,fuluius,<code>fuluius</code>,1,0.0001641
550,furculus,<code>furculus</code>,1,0.0001641
550,furius,<code>furius</code>,1,0.0001641
550,fyre,<code>fyre</code>,1,0.0001641
550,fyren,<code>fyren</code>,1,0.0001641
550,g&aelig;lle,<code>g&amp;ae;lle</code>,1,0.0001641
550,g&aelig;rstapan,<code>g&amp;ae;rstapan</code>,1,0.0001641
550,gafol,<code>gafol</code>,1,0.0001641
550,gaiuse,<code>gaiuse</code>,1,0.0001641
550,gallie,<code>gallie</code>,1,0.0001641
550,gallium,<code>gallium</code>,1,0.0001641
550,ge&thorn;ancodon,<code>ge&amp;t;ancodon</code>,1,0.0001641
550,ge&thorn;encan,<code>ge&amp;t;encan</code>,1,0.0001641
550,ge&thorn;oftade,<code>ge&amp;t;oftade</code>,1,0.0001641
550,ge&thorn;oftena,<code>ge&amp;t;oftena</code>,1,0.0001641
550,ge&thorn;uhte,<code>ge&amp;t;uhte</code>,1,0.0001641
550,ge&thorn;w&aelig;rnes,<code>ge&amp;t;w&amp;ae;rnes</code>,1,0.0001641
550,geacsade,<code>geacsade</code>,1,0.0001641
550,geagnedan,<code>geagnedan</code>,1,0.0001641
550,geagnian,<code>geagnian</code>,1,0.0001641
550,geares,<code>geares</code>,1,0.0001641
550,gearor,<code>gearor</code>,1,0.0001641
550,gearum,<code>gearum</code>,1,0.0001641
550,geatum,<code>geatum</code>,1,0.0001641
550,gebend,<code>gebend</code>,1,0.0001641
550,gebende,<code>gebende</code>,1,0.0001641
550,gebiggiean,<code>gebiggiean</code>,1,0.0001641
550,geblote,<code>geblote</code>,1,0.0001641
550,geborene,<code>geborene</code>,1,0.0001641
550,gebr&aelig;dde,<code>gebr&amp;ae;dde</code>,1,0.0001641
550,gebringean,<code>gebringean</code>,1,0.0001641
550,gebrocode,<code>gebrocode</code>,1,0.0001641
550,gebunde,<code>gebunde</code>,1,0.0001641
550,gebundon,<code>gebundon</code>,1,0.0001641
550,geceapedon,<code>geceapedon</code>,1,0.0001641
550,geceas,<code>geceas</code>,1,0.0001641
550,gecierde,<code>gecierde</code>,1,0.0001641
550,gecirdon,<code>gecirdon</code>,1,0.0001641
550,gecwedr&aelig;den,<code>gecwedr&amp;ae;den</code>,1,0.0001641
550,gecynd,<code>gecynd</code>,1,0.0001641
550,ged&aelig;lde,<code>ged&amp;ae;lde</code>,1,0.0001641
550,gedone,<code>gedone</code>,1,0.0001641
550,gedydan,<code>gedydan</code>,1,0.0001641
550,geearnod,<code>geearnod</code>,1,0.0001641
550,geegsade,<code>geegsade</code>,1,0.0001641
550,geendad,<code>geendad</code>,1,0.0001641
550,geendian,<code>geendian</code>,1,0.0001641
550,geeode,<code>geeode</code>,1,0.0001641
550,gef&aelig;stnod,<code>gef&amp;ae;stnod</code>,1,0.0001641
550,gefeallen,<code>gefeallen</code>,1,0.0001641
550,gefean,<code>gefean</code>,1,0.0001641
550,gefeccan,<code>gefeccan</code>,1,0.0001641
550,gefeng,<code>gefeng</code>,1,0.0001641
550,gefengon,<code>gefengon</code>,1,0.0001641
550,gefeohtum,<code>gefeohtum</code>,1,0.0001641
550,geferan,<code>geferan</code>,1,0.0001641
550,geferr&aelig;denne,<code>geferr&amp;ae;denne</code>,1,0.0001641
550,gefliemede,<code>gefliemede</code>,1,0.0001641
550,gefon,<code>gefon</code>,1,0.0001641
550,geforan,<code>geforan</code>,1,0.0001641
550,gegaderad,<code>gegaderad</code>,1,0.0001641
550,gegaderedon,<code>gegaderedon</code>,1,0.0001641
550,gegaderod,<code>gegaderod</code>,1,0.0001641
550,geheoldon,<code>geheoldon</code>,1,0.0001641
550,gehierde,<code>gehierde</code>,1,0.0001641
550,gehierdon,<code>gehierdon</code>,1,0.0001641
550,gehorsedra,<code>gehorsedra</code>,1,0.0001641
550,gehulpan,<code>gehulpan</code>,1,0.0001641
550,geiecte,<code>geiecte</code>,1,0.0001641
550,geiecton,<code>geiecton</code>,1,0.0001641
550,gel&aelig;dd,<code>gel&amp;ae;dd</code>,1,0.0001641
550,gel&aelig;rde,<code>gel&amp;ae;rde</code>,1,0.0001641
550,gela&thorn;a&thorn;,<code>gela&amp;t;a&amp;t;</code>,1,0.0001641
550,geleafan,<code>geleafan</code>,1,0.0001641
550,gelegen,<code>gelegen</code>,1,0.0001641
550,gelicade,<code>gelicade</code>,1,0.0001641
550,gelice,<code>gelice</code>,1,0.0001641
550,gelicoden,<code>gelicoden</code>,1,0.0001641
550,gelp,<code>gelp</code>,1,0.0001641
550,gelpe,<code>gelpe</code>,1,0.0001641
550,gem&aelig;ne,<code>gem&amp;ae;ne</code>,1,0.0001641
550,gem&aelig;ro,<code>gem&amp;ae;ro</code>,1,0.0001641
550,gemearcod,<code>gemearcod</code>,1,0.0001641
550,gemeting,<code>gemeting</code>,1,0.0001641
550,gemetton,<code>gemetton</code>,1,0.0001641
550,gemitting,<code>gemitting</code>,1,0.0001641
550,gemong,<code>gemong</code>,1,0.0001641
550,gemot,<code>gemot</code>,1,0.0001641
550,gemot&aelig;rne,<code>gemot&amp;ae;rne</code>,1,0.0001641
550,gemote,<code>gemote</code>,1,0.0001641
550,gemulton,<code>gemulton</code>,1,0.0001641
550,gemyne,<code>gemyne</code>,1,0.0001641
550,genamon,<code>genamon</code>,1,0.0001641
550,genieddon,<code>genieddon</code>,1,0.0001641
550,genoh,<code>genoh</code>,1,0.0001641
550,geocum,<code>geocum</code>,1,0.0001641
550,geogo&eth;e,<code>geogo&amp;d;e</code>,1,0.0001641
550,georne,<code>georne</code>,1,0.0001641
550,geornfulnisse,<code>geornfulnisse</code>,1,0.0001641
550,gerad,<code>gerad</code>,1,0.0001641
550,gere,<code>gere</code>,1,0.0001641
550,gerede,<code>gerede</code>,1,0.0001641
550,gerimes,<code>gerimes</code>,1,0.0001641
550,ges&aelig;d,<code>ges&amp;ae;d</code>,1,0.0001641
550,ges&aelig;lgum,<code>ges&amp;ae;lgum</code>,1,0.0001641
550,gesecgan,<code>gesecgan</code>,1,0.0001641
550,gesecganne,<code>gesecganne</code>,1,0.0001641
550,geseo,<code>geseo</code>,1,0.0001641
550,geset,<code>geset</code>,1,0.0001641
550,gesette,<code>gesette</code>,1,0.0001641
550,gesetton,<code>gesetton</code>,1,0.0001641
550,gesibbe,<code>gesibbe</code>,1,0.0001641
550,gestiered,<code>gestiered</code>,1,0.0001641
550,gestreone,<code>gestreone</code>,1,0.0001641
550,gestreonum,<code>gestreonum</code>,1,0.0001641
550,geswencton,<code>geswencton</code>,1,0.0001641
550,geswican,<code>geswican</code>,1,0.0001641
550,geswigian,<code>geswigian</code>,1,0.0001641
550,geswinc,<code>geswinc</code>,1,0.0001641
550,geswinces,<code>geswinces</code>,1,0.0001641
550,getacnade,<code>getacnade</code>,1,0.0001641
550,getenge,<code>getenge</code>,1,0.0001641
550,getimbran,<code>getimbran</code>,1,0.0001641
550,getimbredon,<code>getimbredon</code>,1,0.0001641
550,getruwade,<code>getruwade</code>,1,0.0001641
550,getrywestan,<code>getrywestan</code>,1,0.0001641
550,getyde,<code>getyde</code>,1,0.0001641
550,gewarhte,<code>gewarhte</code>,1,0.0001641
550,gewealde,<code>gewealde</code>,1,0.0001641
550,gewealdon,<code>gewealdon</code>,1,0.0001641
550,gewelgade,<code>gewelgade</code>,1,0.0001641
550,gewergade,<code>gewergade</code>,1,0.0001641
550,gewinn,<code>gewinn</code>,1,0.0001641
550,gewinna,<code>gewinna</code>,1,0.0001641
550,gewinne,<code>gewinne</code>,1,0.0001641
550,gewinnes,<code>gewinnes</code>,1,0.0001641
550,gewinnum,<code>gewinnum</code>,1,0.0001641
550,geworht,<code>geworht</code>,1,0.0001641
550,gewrecan,<code>gewrecan</code>,1,0.0001641
550,gewritum,<code>gewritum</code>,1,0.0001641
550,gewurde,<code>gewurde</code>,1,0.0001641
550,gewylde,<code>gewylde</code>,1,0.0001641
550,gewyrhton,<code>gewyrhton</code>,1,0.0001641
550,giemde,<code>giemde</code>,1,0.0001641
550,giet,<code>giet</code>,1,0.0001641
550,gifu,<code>gifu</code>,1,0.0001641
550,gilpa&eth;,<code>gilpa&amp;d;</code>,1,0.0001641
550,gisla,<code>gisla</code>,1,0.0001641
550,gneo,<code>gneo</code>,1,0.0001641
550,goda,<code>goda</code>,1,0.0001641
550,godan,<code>godan</code>,1,0.0001641
550,godas,<code>godas</code>,1,0.0001641
550,godra,<code>godra</code>,1,0.0001641
550,goldhord,<code>goldhord</code>,1,0.0001641
550,gretan,<code>gretan</code>,1,0.0001641
550,growendes,<code>growendes</code>,1,0.0001641
550,grund,<code>grund</code>,1,0.0001641
550,guldon,<code>guldon</code>,1,0.0001641
550,gyldene,<code>gyldene</code>,1,0.0001641
550,h&aelig;bbe,<code>h&amp;ae;bbe</code>,1,0.0001641
550,h&aelig;fden,<code>h&amp;ae;fden</code>,1,0.0001641
550,h&aelig;lende,<code>h&amp;ae;lende</code>,1,0.0001641
550,hacelan,<code>hacelan</code>,1,0.0001641
550,hagolade,<code>hagolade</code>,1,0.0001641
550,handa,<code>handa</code>,1,0.0001641
550,hannibales,<code>hannibales</code>,1,0.0001641
550,hea,<code>hea</code>,1,0.0001641
550,healdenne,<code>healdenne</code>,1,0.0001641
550,healfa,<code>healfa</code>,1,0.0001641
550,heapum,<code>heapum</code>,1,0.0001641
550,heard,<code>heard</code>,1,0.0001641
550,heardlice,<code>heardlice</code>,1,0.0001641
550,hefones,<code>hefones</code>,1,0.0001641
550,heofone,<code>heofone</code>,1,0.0001641
550,heofones,<code>heofones</code>,1,0.0001641
550,heofonrice,<code>heofonrice</code>,1,0.0001641
550,heofonum,<code>heofonum</code>,1,0.0001641
550,heortan,<code>heortan</code>,1,0.0001641
550,her,<code>her</code>,1,0.0001641
550,here,<code>here</code>,1,0.0001641
550,hergeade,<code>hergeade</code>,1,0.0001641
550,hergedon,<code>hergedon</code>,1,0.0001641
550,hiende,<code>hiende</code>,1,0.0001641
550,hierde,<code>hierde</code>,1,0.0001641
550,hierdon,<code>hierdon</code>,1,0.0001641
550,hierra,<code>hierra</code>,1,0.0001641
550,hierre,<code>hierre</code>,1,0.0001641
550,hierusalem,<code>hierusalem</code>,1,0.0001641
550,hirde,<code>hirde</code>,1,0.0001641
550,hlafas,<code>hlafas</code>,1,0.0001641
550,hlafm&aelig;sse,<code>hlafm&amp;ae;sse</code>,1,0.0001641
550,hlaford,<code>hlaford</code>,1,0.0001641
550,hlafordas,<code>hlafordas</code>,1,0.0001641
550,honda,<code>honda</code>,1,0.0001641
550,hreowlice,<code>hreowlice</code>,1,0.0001641
550,hringe,<code>hringe</code>,1,0.0001641
550,hryre,<code>hryre</code>,1,0.0001641
550,hulice,<code>hulice</code>,1,0.0001641
550,hundas,<code>hundas</code>,1,0.0001641
550,hw&aelig;&thorn;er,<code>hw&amp;ae;&amp;t;er</code>,1,0.0001641
550,hwearf,<code>hwearf</code>,1,0.0001641
550,hyd,<code>hyd</code>,1,0.0001641
550,hydum,<code>hydum</code>,1,0.0001641
550,hyldo,<code>hyldo</code>,1,0.0001641
550,i&thorn;asfe,<code>i&amp;t;asfe</code>,1,0.0001641
550,ie,<code>ie</code>,1,0.0001641
550,ie&eth;,<code>ie&amp;d;</code>,1,0.0001641
550,ie&thorn;elice,<code>ie&amp;t;elice</code>,1,0.0001641
550,ieldesta,<code>ieldesta</code>,1,0.0001641
550,ierfwearde,<code>ierfwearde</code>,1,0.0001641
550,ierm&thorn;o,<code>ierm&amp;t;o</code>,1,0.0001641
550,iglande,<code>iglande</code>,1,0.0001641
550,iglond,<code>iglond</code>,1,0.0001641
550,iglonde,<code>iglonde</code>,1,0.0001641
550,ilirice,<code>ilirice</code>,1,0.0001641
550,india,<code>india</code>,1,0.0001641
550,induse,<code>induse</code>,1,0.0001641
550,inne,<code>inne</code>,1,0.0001641
550,ipnalis,<code>ipnalis</code>,1,0.0001641
550,irnende,<code>irnende</code>,1,0.0001641
550,italia,<code>italia</code>,1,0.0001641
550,italiam,<code>italiam</code>,1,0.0001641
550,italie,<code>italie</code>,1,0.0001641
550,iudea,<code>iudea</code>,1,0.0001641
550,l,<code>l</code>,1,0.0001641
550,l&aelig;dan,<code>l&amp;ae;dan</code>,1,0.0001641
550,l&aelig;ddon,<code>l&amp;ae;ddon</code>,1,0.0001641
550,l&aelig;rde,<code>l&amp;ae;rde</code>,1,0.0001641
550,l&aelig;stan,<code>l&amp;ae;stan</code>,1,0.0001641
550,la&eth;e,<code>la&amp;d;e</code>,1,0.0001641
550,la&thorn;esta,<code>la&amp;t;esta</code>,1,0.0001641
550,la&thorn;ost,<code>la&amp;t;ost</code>,1,0.0001641
550,ladedon,<code>ladedon</code>,1,0.0001641
550,ladteowas,<code>ladteowas</code>,1,0.0001641
550,ladteowum,<code>ladteowum</code>,1,0.0001641
550,lafe,<code>lafe</code>,1,0.0001641
550,landes,<code>landes</code>,1,0.0001641
550,landum,<code>landum</code>,1,0.0001641
550,lapidus,<code>lapidus</code>,1,0.0001641
550,lare,<code>lare</code>,1,0.0001641
550,lean,<code>lean</code>,1,0.0001641
550,leana,<code>leana</code>,1,0.0001641
550,leane,<code>leane</code>,1,0.0001641
550,leg,<code>leg</code>,1,0.0001641
550,legan,<code>legan</code>,1,0.0001641
550,legean,<code>legean</code>,1,0.0001641
550,legie,<code>legie</code>,1,0.0001641
550,lentulus,<code>lentulus</code>,1,0.0001641
550,leode,<code>leode</code>,1,0.0001641
550,leofa&eth;,<code>leofa&amp;d;</code>,1,0.0001641
550,leofast,<code>leofast</code>,1,0.0001641
550,leohtra,<code>leohtra</code>,1,0.0001641
550,leohtran,<code>leohtran</code>,1,0.0001641
550,lepidus,<code>lepidus</code>,1,0.0001641
550,let,<code>let</code>,1,0.0001641
550,lete,<code>lete</code>,1,0.0001641
550,li&thorn;ran,<code>li&amp;t;ran</code>,1,0.0001641
550,licade,<code>licade</code>,1,0.0001641
550,licgende,<code>licgende</code>,1,0.0001641
550,lime,<code>lime</code>,1,0.0001641
550,lipare,<code>lipare</code>,1,0.0001641
550,loca,<code>loca</code>,1,0.0001641
550,londleoda,<code>londleoda</code>,1,0.0001641
550,londum,<code>londum</code>,1,0.0001641
550,long,<code>long</code>,1,0.0001641
550,lucani,<code>lucani</code>,1,0.0001641
550,lucanum,<code>lucanum</code>,1,0.0001641
550,lucinius,<code>lucinius</code>,1,0.0001641
550,lucio,<code>lucio</code>,1,0.0001641
550,lusitaniam,<code>lusitaniam</code>,1,0.0001641
550,lusitanie,<code>lusitanie</code>,1,0.0001641
550,lxi,<code>lxi</code>,1,0.0001641
550,lxii,<code>lxii</code>,1,0.0001641
550,lxvii,<code>lxvii</code>,1,0.0001641
550,lxx,<code>lxx</code>,1,0.0001641
550,lytel,<code>lytel</code>,1,0.0001641
550,lytigne,<code>lytigne</code>,1,0.0001641
550,lytla,<code>lytla</code>,1,0.0001641
550,lytlan,<code>lytlan</code>,1,0.0001641
550,lytlum,<code>lytlum</code>,1,0.0001641
550,m&aelig;g&thorn;,<code>m&amp;ae;g&amp;t;</code>,1,0.0001641
550,m&aelig;gas,<code>m&amp;ae;gas</code>,1,0.0001641
550,m&aelig;ges,<code>m&amp;ae;ges</code>,1,0.0001641
550,m&aelig;ggemote,<code>m&amp;ae;ggemote</code>,1,0.0001641
550,m&aelig;gr&aelig;denne,<code>m&amp;ae;gr&amp;ae;denne</code>,1,0.0001641
550,m&aelig;nende,<code>m&amp;ae;nende</code>,1,0.0001641
550,m&aelig;re,<code>m&amp;ae;re</code>,1,0.0001641
550,m&aelig;rsum,<code>m&amp;ae;rsum</code>,1,0.0001641
550,m&aelig;sta,<code>m&amp;ae;sta</code>,1,0.0001641
550,ma,<code>ma</code>,1,0.0001641
550,ma&eth;mhus,<code>ma&amp;d;mhus</code>,1,0.0001641
550,malius,<code>malius</code>,1,0.0001641
550,marcellus,<code>marcellus</code>,1,0.0001641
550,marcus,<code>marcus</code>,1,0.0001641
550,mare,<code>mare</code>,1,0.0001641
550,marisiam,<code>marisiam</code>,1,0.0001641
550,marrucine,<code>marrucine</code>,1,0.0001641
550,martius,<code>martius</code>,1,0.0001641
550,mauritani&aelig;,<code>mauritani&amp;ae;</code>,1,0.0001641
550,mecipsuses,<code>mecipsuses</code>,1,0.0001641
550,mella,<code>mella</code>,1,0.0001641
550,mergen,<code>mergen</code>,1,0.0001641
550,metseacsum,<code>metseacsum</code>,1,0.0001641
550,micla,<code>micla</code>,1,0.0001641
550,miclena,<code>miclena</code>,1,0.0001641
550,miclum,<code>miclum</code>,1,0.0001641
550,middangeard,<code>middangeard</code>,1,0.0001641
550,midmestan,<code>midmestan</code>,1,0.0001641
550,mildheortast,<code>mildheortast</code>,1,0.0001641
550,mildsung,<code>mildsung</code>,1,0.0001641
550,miltsunge,<code>miltsunge</code>,1,0.0001641
550,min,<code>min</code>,1,0.0001641
550,minturnan,<code>minturnan</code>,1,0.0001641
550,mitridatis,<code>mitridatis</code>,1,0.0001641
550,modes,<code>modes</code>,1,0.0001641
550,moncwealm,<code>moncwealm</code>,1,0.0001641
550,moncyn,<code>moncyn</code>,1,0.0001641
550,moncynn,<code>moncynn</code>,1,0.0001641
550,moncynne,<code>moncynne</code>,1,0.0001641
550,monegena,<code>monegena</code>,1,0.0001641
550,monegre,<code>monegre</code>,1,0.0001641
550,monfultum,<code>monfultum</code>,1,0.0001641
550,monfultume,<code>monfultume</code>,1,0.0001641
550,monig,<code>monig</code>,1,0.0001641
550,monige,<code>monige</code>,1,0.0001641
550,moste,<code>moste</code>,1,0.0001641
550,moston,<code>moston</code>,1,0.0001641
550,mostumius,<code>mostumius</code>,1,0.0001641
550,n&aelig;fdon,<code>n&amp;ae;fdon</code>,1,0.0001641
550,n&aelig;fre,<code>n&amp;ae;fre</code>,1,0.0001641
550,n&aelig;nne,<code>n&amp;ae;nne</code>,1,0.0001641
550,n&aelig;ron,<code>n&amp;ae;ron</code>,1,0.0001641
550,n&aelig;s,<code>n&amp;ae;s</code>,1,0.0001641
550,nanuht,<code>nanuht</code>,1,0.0001641
550,nanum,<code>nanum</code>,1,0.0001641
550,nasica,<code>nasica</code>,1,0.0001641
550,naw&thorn;er,<code>naw&amp;t;er</code>,1,0.0001641
550,neal&aelig;cte,<code>neal&amp;ae;cte</code>,1,0.0001641
550,near,<code>near</code>,1,0.0001641
550,nearran,<code>nearran</code>,1,0.0001641
550,nefan,<code>nefan</code>,1,0.0001641
550,neh,<code>neh</code>,1,0.0001641
550,nele,<code>nele</code>,1,0.0001641
550,ni&eth;,<code>ni&amp;d;</code>,1,0.0001641
550,nicomedia,<code>nicomedia</code>,1,0.0001641
550,nied&thorn;earfe,<code>nied&amp;t;earfe</code>,1,0.0001641
550,niede,<code>niede</code>,1,0.0001641
550,nietena,<code>nietena</code>,1,0.0001641
550,nietenu,<code>nietenu</code>,1,0.0001641
550,noldan,<code>noldan</code>,1,0.0001641
550,nolden,<code>nolden</code>,1,0.0001641
550,nom,<code>nom</code>,1,0.0001641
550,nor&eth;an,<code>nor&amp;d;an</code>,1,0.0001641
550,nor&eth;westende,<code>nor&amp;d;westende</code>,1,0.0001641
550,numaantium,<code>numaantium</code>,1,0.0001641
550,numantia,<code>numantia</code>,1,0.0001641
550,numantie,<code>numantie</code>,1,0.0001641
550,nume&eth;iam,<code>nume&amp;d;iam</code>,1,0.0001641
550,numenti&aelig;,<code>numenti&amp;ae;</code>,1,0.0001641
550,numentia,<code>numentia</code>,1,0.0001641
550,numentinas,<code>numentinas</code>,1,0.0001641
550,numentine,<code>numentine</code>,1,0.0001641
550,numentisc,<code>numentisc</code>,1,0.0001641
550,o&eth;erne,<code>o&amp;d;erne</code>,1,0.0001641
550,o&thorn;&thorn;e,<code>o&amp;t;&amp;t;e</code>,1,0.0001641
550,o&thorn;&thorn;re,<code>o&amp;t;&amp;t;re</code>,1,0.0001641
550,o&thorn;&thorn;yncende,<code>o&amp;t;&amp;t;yncende</code>,1,0.0001641
550,o&thorn;fleah,<code>o&amp;t;fleah</code>,1,0.0001641
550,o&thorn;res,<code>o&amp;t;res</code>,1,0.0001641
550,octauiane,<code>octauiane</code>,1,0.0001641
550,octauianuse,<code>octauianuse</code>,1,0.0001641
550,octauianuses,<code>octauianuses</code>,1,0.0001641
550,oe&eth;le,<code>oe&amp;d;le</code>,1,0.0001641
550,of&thorn;uhte,<code>of&amp;t;uhte</code>,1,0.0001641
550,of&thorn;yncendum,<code>of&amp;t;yncendum</code>,1,0.0001641
550,oferbrec,<code>oferbrec</code>,1,0.0001641
550,ofercom,<code>ofercom</code>,1,0.0001641
550,ofercuman,<code>ofercuman</code>,1,0.0001641
550,oferdrencton,<code>oferdrencton</code>,1,0.0001641
550,oferhergeade,<code>oferhergeade</code>,1,0.0001641
550,oferhl&aelig;stan,<code>oferhl&amp;ae;stan</code>,1,0.0001641
550,oferwan,<code>oferwan</code>,1,0.0001641
550,oferwunnene,<code>oferwunnene</code>,1,0.0001641
550,ofsceat,<code>ofsceat</code>,1,0.0001641
550,ofslagene,<code>ofslagene</code>,1,0.0001641
550,ofsloge,<code>ofsloge</code>,1,0.0001641
550,ofsticade,<code>ofsticade</code>,1,0.0001641
550,ofsticedon,<code>ofsticedon</code>,1,0.0001641
550,oftost,<code>oftost</code>,1,0.0001641
550,onbad,<code>onbad</code>,1,0.0001641
550,onbead,<code>onbead</code>,1,0.0001641
550,onbudon,<code>onbudon</code>,1,0.0001641
550,onddrysne,<code>onddrysne</code>,1,0.0001641
550,ondr&aelig;dinge,<code>ondr&amp;ae;dinge</code>,1,0.0001641
550,ondwyrde,<code>ondwyrde</code>,1,0.0001641
550,ondyde,<code>ondyde</code>,1,0.0001641
550,onfon,<code>onfon</code>,1,0.0001641
550,ongan,<code>ongan</code>,1,0.0001641
550,onget,<code>onget</code>,1,0.0001641
550,ongin&eth;,<code>ongin&amp;d;</code>,1,0.0001641
550,ongitan,<code>ongitan</code>,1,0.0001641
550,ongunnen,<code>ongunnen</code>,1,0.0001641
550,ongunnon,<code>ongunnon</code>,1,0.0001641
550,onlicnessa,<code>onlicnessa</code>,1,0.0001641
550,onsendan,<code>onsendan</code>,1,0.0001641
550,onsended,<code>onsended</code>,1,0.0001641
550,onwalde,<code>onwalde</code>,1,0.0001641
550,onweald,<code>onweald</code>,1,0.0001641
550,onwealde,<code>onwealde</code>,1,0.0001641
550,openne,<code>openne</code>,1,0.0001641
550,orestes,<code>orestes</code>,1,0.0001641
550,orn,<code>orn</code>,1,0.0001641
550,paflogoniam,<code>paflogoniam</code>,1,0.0001641
550,pannonii,<code>pannonii</code>,1,0.0001641
550,peligni,<code>peligni</code>,1,0.0001641
550,perpena,<code>perpena</code>,1,0.0001641
550,pholomeuse,<code>pholomeuse</code>,1,0.0001641
550,photolomeus,<code>photolomeus</code>,1,0.0001641
550,pincente,<code>pincente</code>,1,0.0001641
550,pincentes,<code>pincentes</code>,1,0.0001641
550,pompeus,<code>pompeus</code>,1,0.0001641
550,ponto,<code>ponto</code>,1,0.0001641
550,pyle,<code>pyle</code>,1,0.0001641
550,pyttas,<code>pyttas</code>,1,0.0001641
550,quintillus,<code>quintillus</code>,1,0.0001641
550,racentum,<code>racentum</code>,1,0.0001641
550,readan,<code>readan</code>,1,0.0001641
550,reafere,<code>reafere</code>,1,0.0001641
550,reaflace,<code>reaflace</code>,1,0.0001641
550,ren,<code>ren</code>,1,0.0001641
550,romebyrg,<code>romebyrg</code>,1,0.0001641
550,rustega,<code>rustega</code>,1,0.0001641
550,ryhtor,<code>ryhtor</code>,1,0.0001641
550,ryne,<code>ryne</code>,1,0.0001641
550,s&aelig;t,<code>s&amp;ae;t</code>,1,0.0001641
550,s&#275;,<code>s&amp;e;</code>,1,0.0001641
550,sace,<code>sace</code>,1,0.0001641
550,sarig,<code>sarig</code>,1,0.0001641
550,sc&aelig;l,<code>sc&amp;ae;l</code>,1,0.0001641
550,sceldas,<code>sceldas</code>,1,0.0001641
550,sceolden,<code>sceolden</code>,1,0.0001641
550,sceoldon,<code>sceoldon</code>,1,0.0001641
550,sci&thorn;&thorn;ium,<code>sci&amp;t;&amp;t;ium</code>,1,0.0001641
550,scinendra,<code>scinendra</code>,1,0.0001641
550,sciphere,<code>sciphere</code>,1,0.0001641
550,scipu,<code>scipu</code>,1,0.0001641
550,scortlice,<code>scortlice</code>,1,0.0001641
550,scyle,<code>scyle</code>,1,0.0001641
550,sealden,<code>sealden</code>,1,0.0001641
550,secgan,<code>secgan</code>,1,0.0001641
550,secgean,<code>secgean</code>,1,0.0001641
550,selesta,<code>selesta</code>,1,0.0001641
550,selfne,<code>selfne</code>,1,0.0001641
550,senatos,<code>senatos</code>,1,0.0001641
550,senatuses,<code>senatuses</code>,1,0.0001641
550,seofo&eth;a,<code>seofo&amp;d;a</code>,1,0.0001641
550,seofo&thorn;an,<code>seofo&amp;t;an</code>,1,0.0001641
550,seolfe,<code>seolfe</code>,1,0.0001641
550,seolfne,<code>seolfne</code>,1,0.0001641
550,seolfum,<code>seolfum</code>,1,0.0001641
550,sermende,<code>sermende</code>,1,0.0001641
550,setl,<code>setl</code>,1,0.0001641
550,setle,<code>setle</code>,1,0.0001641
550,sette,<code>sette</code>,1,0.0001641
550,si&thorn;&eth;an,<code>si&amp;t;&amp;d;an</code>,1,0.0001641
550,si&thorn;an,<code>si&amp;t;an</code>,1,0.0001641
550,sibb,<code>sibb</code>,1,0.0001641
550,sie,<code>sie</code>,1,0.0001641
550,siextan,<code>siextan</code>,1,0.0001641
550,silomone,<code>silomone</code>,1,0.0001641
550,siofo&eth;e,<code>siofo&amp;d;e</code>,1,0.0001641
550,sixta,<code>sixta</code>,1,0.0001641
550,sixte,<code>sixte</code>,1,0.0001641
550,sl&aelig;pe,<code>sl&amp;ae;pe</code>,1,0.0001641
550,slihtum,<code>slihtum</code>,1,0.0001641
550,smyrna,<code>smyrna</code>,1,0.0001641
550,somcucre,<code>somcucre</code>,1,0.0001641
550,somnia,<code>somnia</code>,1,0.0001641
550,somnite,<code>somnite</code>,1,0.0001641
550,sondihtre,<code>sondihtre</code>,1,0.0001641
550,spr&aelig;c,<code>spr&amp;ae;c</code>,1,0.0001641
550,spynge,<code>spynge</code>,1,0.0001641
550,stacan,<code>stacan</code>,1,0.0001641
550,stacum,<code>stacum</code>,1,0.0001641
550,stalade,<code>stalade</code>,1,0.0001641
550,stale,<code>stale</code>,1,0.0001641
550,stalunge,<code>stalunge</code>,1,0.0001641
550,stowe,<code>stowe</code>,1,0.0001641
550,stronge,<code>stronge</code>,1,0.0001641
550,su&thorn;,<code>su&amp;t;</code>,1,0.0001641
550,sumre,<code>sumre</code>,1,0.0001641
550,sunnan,<code>sunnan</code>,1,0.0001641
550,sunu,<code>sunu</code>,1,0.0001641
550,swa&thorn;eah,<code>swa&amp;t;eah</code>,1,0.0001641
550,swealt,<code>swealt</code>,1,0.0001641
550,swege,<code>swege</code>,1,0.0001641
550,swelces,<code>swelces</code>,1,0.0001641
550,sweorde,<code>sweorde</code>,1,0.0001641
550,sweotole,<code>sweotole</code>,1,0.0001641
550,swi&eth;ost,<code>swi&amp;d;ost</code>,1,0.0001641
550,swicdome,<code>swicdome</code>,1,0.0001641
550,swulton,<code>swulton</code>,1,0.0001641
550,swylc,<code>swylc</code>,1,0.0001641
550,sylfrene,<code>sylfrene</code>,1,0.0001641
550,synna,<code>synna</code>,1,0.0001641
550,t&aelig;lde,<code>t&amp;ae;lde</code>,1,0.0001641
550,tacen,<code>tacen</code>,1,0.0001641
550,tarentan,<code>tarentan</code>,1,0.0001641
550,tarquatus,<code>tarquatus</code>,1,0.0001641
550,teah,<code>teah</code>,1,0.0001641
550,temes,<code>temes</code>,1,0.0001641
550,teonum,<code>teonum</code>,1,0.0001641
550,teutonas,<code>teutonas</code>,1,0.0001641
550,thesaliam,<code>thesaliam</code>,1,0.0001641
550,thraci,<code>thraci</code>,1,0.0001641
550,tictator,<code>tictator</code>,1,0.0001641
550,tidlice,<code>tidlice</code>,1,0.0001641
550,tidum,<code>tidum</code>,1,0.0001641
550,tobrecan,<code>tobrecan</code>,1,0.0001641
550,toeacan,<code>toeacan</code>,1,0.0001641
550,tofaren,<code>tofaren</code>,1,0.0001641
550,toge,<code>toge</code>,1,0.0001641
550,toweardan,<code>toweardan</code>,1,0.0001641
550,towearp,<code>towearp</code>,1,0.0001641
550,toworpen,<code>toworpen</code>,1,0.0001641
550,towurpon,<code>towurpon</code>,1,0.0001641
550,triew&thorn;a,<code>triew&amp;t;a</code>,1,0.0001641
550,truwian,<code>truwian</code>,1,0.0001641
550,tunas,<code>tunas</code>,1,0.0001641
550,tune,<code>tune</code>,1,0.0001641
550,tuwa,<code>tuwa</code>,1,0.0001641
550,tweode,<code>tweode</code>,1,0.0001641
550,tweon,<code>tweon</code>,1,0.0001641
550,twiefealdan,<code>twiefealdan</code>,1,0.0001641
550,twywyrdige,<code>twywyrdige</code>,1,0.0001641
550,tyhtan,<code>tyhtan</code>,1,0.0001641
550,u&thorn;on,<code>u&amp;t;on</code>,1,0.0001641
550,uecilius,<code>uecilius</code>,1,0.0001641
550,uestine,<code>uestine</code>,1,0.0001641
550,uht,<code>uht</code>,1,0.0001641
550,uissillus,<code>uissillus</code>,1,0.0001641
550,un&thorn;onces,<code>un&amp;t;onces</code>,1,0.0001641
550,unare,<code>unare</code>,1,0.0001641
550,unarimedlice,<code>unarimedlice</code>,1,0.0001641
550,uncu&eth;,<code>uncu&amp;d;</code>,1,0.0001641
550,under&thorn;eow,<code>under&amp;t;eow</code>,1,0.0001641
550,unea&eth;e,<code>unea&amp;d;e</code>,1,0.0001641
550,ungearone,<code>ungearone</code>,1,0.0001641
550,ungeferlic,<code>ungeferlic</code>,1,0.0001641
550,ungeferlice,<code>ungeferlice</code>,1,0.0001641
550,ungemetlican,<code>ungemetlican</code>,1,0.0001641
550,ungeniedde,<code>ungeniedde</code>,1,0.0001641
550,unsarast,<code>unsarast</code>,1,0.0001641
550,unsibb,<code>unsibb</code>,1,0.0001641
550,unsibbe,<code>unsibbe</code>,1,0.0001641
550,untreowlice,<code>untreowlice</code>,1,0.0001641
550,unweor&eth;ne,<code>unweor&amp;d;ne</code>,1,0.0001641
550,unweor&thorn;e,<code>unweor&amp;t;e</code>,1,0.0001641
550,unwerig,<code>unwerig</code>,1,0.0001641
550,upahofon,<code>upahofon</code>,1,0.0001641
550,ures,<code>ures</code>,1,0.0001641
550,urra,<code>urra</code>,1,0.0001641
550,utancymen,<code>utancymen</code>,1,0.0001641
550,w&aelig;dlan,<code>w&amp;ae;dlan</code>,1,0.0001641
550,w&aelig;tere,<code>w&amp;ae;tere</code>,1,0.0001641
550,wag,<code>wag</code>,1,0.0001641
550,wand,<code>wand</code>,1,0.0001641
550,waniende,<code>waniende</code>,1,0.0001641
550,ware,<code>ware</code>,1,0.0001641
550,weal,<code>weal</code>,1,0.0001641
550,wealle,<code>wealle</code>,1,0.0001641
550,wearp,<code>wearp</code>,1,0.0001641
550,weaxende,<code>weaxende</code>,1,0.0001641
550,weaxendes,<code>weaxendes</code>,1,0.0001641
550,welengaford,<code>welengaford</code>,1,0.0001641
550,welge,<code>welge</code>,1,0.0001641
550,wenden,<code>wenden</code>,1,0.0001641
550,wendon,<code>wendon</code>,1,0.0001641
550,weoll,<code>weoll</code>,1,0.0001641
550,weor&thorn;an,<code>weor&amp;t;an</code>,1,0.0001641
550,weor&thorn;fulnesse,<code>weor&amp;t;fulnesse</code>,1,0.0001641
550,weor&thorn;scipe,<code>weor&amp;t;scipe</code>,1,0.0001641
550,weorc,<code>weorc</code>,1,0.0001641
550,weorca,<code>weorca</code>,1,0.0001641
550,weotan,<code>weotan</code>,1,0.0001641
550,weox,<code>weox</code>,1,0.0001641
550,wepende,<code>wepende</code>,1,0.0001641
550,wereden,<code>wereden</code>,1,0.0001641
550,werode,<code>werode</code>,1,0.0001641
550,wes,<code>wes</code>,1,0.0001641
550,wi&thorn;erwearde,<code>wi&amp;t;erwearde</code>,1,0.0001641
550,wicingas,<code>wicingas</code>,1,0.0001641
550,wildeora,<code>wildeora</code>,1,0.0001641
550,wile,<code>wile</code>,1,0.0001641
550,willa&thorn;,<code>willa&amp;t;</code>,1,0.0001641
550,wilnade,<code>wilnade</code>,1,0.0001641
550,win,<code>win</code>,1,0.0001641
550,wind,<code>wind</code>,1,0.0001641
550,winnende,<code>winnende</code>,1,0.0001641
550,wisan,<code>wisan</code>,1,0.0001641
550,wisten,<code>wisten</code>,1,0.0001641
550,witan,<code>witan</code>,1,0.0001641
550,witen,<code>witen</code>,1,0.0001641
550,witena,<code>witena</code>,1,0.0001641
550,witon,<code>witon</code>,1,0.0001641
550,wlenco,<code>wlenco</code>,1,0.0001641
550,wope,<code>wope</code>,1,0.0001641
550,word,<code>word</code>,1,0.0001641
550,worold,<code>worold</code>,1,0.0001641
550,wrace,<code>wrace</code>,1,0.0001641
550,wrat,<code>wrat</code>,1,0.0001641
550,wuda,<code>wuda</code>,1,0.0001641
550,wuht,<code>wuht</code>,1,0.0001641
550,wulfas,<code>wulfas</code>,1,0.0001641
550,wunda,<code>wunda</code>,1,0.0001641
550,wundor,<code>wundor</code>,1,0.0001641
550,wuniende,<code>wuniende</code>,1,0.0001641
550,wunnan,<code>wunnan</code>,1,0.0001641
550,wurde,<code>wurde</code>,1,0.0001641
550,wyr&thorn;,<code>wyr&amp;t;</code>,1,0.0001641
550,wyrcean,<code>wyrcean</code>,1,0.0001641
550,wyrsan,<code>wyrsan</code>,1,0.0001641
550,xiii,<code>xiii</code>,1,0.0001641
550,xlii,<code>xlii</code>,1,0.0001641
550,xlv,<code>xlv</code>,1,0.0001641
550,xxi,<code>xxi</code>,1,0.0001641
550,xxii,<code>xxii</code>,1,0.0001641
550,xxiii,<code>xxiii</code>,1,0.0001641
550,xxx,<code>xxx</code>,1,0.0001641
550,xxxgum,<code>xxxgum</code>,1,0.0001641
550,xxxvi,<code>xxxvi</code>,1,0.0001641
550,yfel,<code>yfel</code>,1,0.0001641
550,yfelan,<code>yfelan</code>,1,0.0001641
550,yfles,<code>yfles</code>,1,0.0001641
550,ylde,<code>ylde</code>,1,0.0001641
