B_Prose,B09,B09.002.003_Or_2_T06600.txt,1647,1067,6162
RANK,HTML WORD,RAW WORD,COUNT,RELATIVE FREQUENCY
1,&amp;,<code>&amp;amp;</code>,297,0.0481986
2,hie,<code>hie</code>,189,0.0306719
3,&thorn;&aelig;t,<code>&amp;t;&amp;ae;t</code>,185,0.0300227
4,&thorn;a,<code>&amp;t;a</code>,176,0.0285622
5,on,<code>on</code>,127,0.0206102
6,&thorn;e,<code>&amp;t;e</code>,110,0.0178513
7,w&aelig;s,<code>w&amp;ae;s</code>,107,0.0173645
8,him,<code>him</code>,106,0.0172022
9,mid,<code>mid</code>,101,0.0163908
10,&thorn;&aelig;m,<code>&amp;t;&amp;ae;m</code>,99,0.0160662
11,he,<code>he</code>,98,0.0159039
12,to,<code>to</code>,74,0.0120091
13,w&aelig;ron,<code>w&amp;ae;ron</code>,68,0.0110354
14,his,<code>his</code>,64,0.0103862
15,swa,<code>swa</code>,54,0.0087634
16,&thorn;&aelig;r,<code>&amp;t;&amp;ae;r</code>,52,0.0084388
17,heora,<code>heora</code>,51,0.0082765
18,for,<code>for</code>,49,0.0079520
19,&aelig;fter,<code>&amp;ae;fter</code>,43,0.0069783
20,ne,<code>ne</code>,42,0.0068160
21,&eth;&aelig;m,<code>&amp;d;&amp;ae;m</code>,41,0.0066537
21,ge,<code>ge</code>,41,0.0066537
21,se,<code>se</code>,41,0.0066537
24,&aelig;r,<code>&amp;ae;r</code>,37,0.0060045
25,&thorn;onne,<code>&amp;t;onne</code>,35,0.0056800
25,eac,<code>eac</code>,35,0.0056800
27,an,<code>an</code>,32,0.0051931
28,of,<code>of</code>,30,0.0048685
29,burg,<code>burg</code>,29,0.0047063
30,&thorn;&aelig;s,<code>&amp;t;&amp;ae;s</code>,28,0.0045440
30,cyning,<code>cyning</code>,28,0.0045440
30,is,<code>is</code>,28,0.0045440
30,nu,<code>nu</code>,28,0.0045440
30,si&thorn;&thorn;an,<code>si&amp;t;&amp;t;an</code>,28,0.0045440
35,ealle,<code>ealle</code>,27,0.0043817
35,mon,<code>mon</code>,27,0.0043817
37,ac,<code>ac</code>,25,0.0040571
38,&eth;&aelig;t,<code>&amp;d;&amp;ae;t</code>,24,0.0038948
39,hit,<code>hit</code>,23,0.0037326
39,romane,<code>romane</code>,23,0.0037326
39,w&aelig;re,<code>w&amp;ae;re</code>,23,0.0037326
42,&thorn;eh,<code>&amp;t;eh</code>,22,0.0035703
42,buton,<code>buton</code>,22,0.0035703
42,hiora,<code>hiora</code>,22,0.0035703
45,rice,<code>rice</code>,21,0.0034080
45,wear&eth;,<code>wear&amp;d;</code>,21,0.0034080
47,h&aelig;fdon,<code>h&amp;ae;fdon</code>,20,0.0032457
47,hiene,<code>hiene</code>,20,0.0032457
49,hiere,<code>hiere</code>,19,0.0030834
49,wi&eth;,<code>wi&amp;d;</code>,19,0.0030834
51,&eth;a,<code>&amp;d;a</code>,18,0.0029211
51,&thorn;one,<code>&amp;t;one</code>,18,0.0029211
51,from,<code>from</code>,18,0.0029211
51,hu,<code>hu</code>,18,0.0029211
51,mehte,<code>mehte</code>,18,0.0029211
51,seo,<code>seo</code>,18,0.0029211
57,&aelig;t,<code>&amp;ae;t</code>,17,0.0027588
57,&thorn;&aelig;re,<code>&amp;t;&amp;ae;re</code>,17,0.0027588
57,&thorn;ara,<code>&amp;t;ara</code>,17,0.0027588
57,&thorn;on,<code>&amp;t;on</code>,17,0.0027588
57,ic,<code>ic</code>,17,0.0027588
57,we,<code>we</code>,17,0.0027588
63,heo,<code>heo</code>,16,0.0025966
63,swi&thorn;e,<code>swi&amp;t;e</code>,16,0.0025966
65,&thorn;&aelig;tte,<code>&amp;t;&amp;ae;tte</code>,15,0.0024343
66,babylonia,<code>babylonia</code>,14,0.0022720
66,eft,<code>eft</code>,14,0.0022720
68,gefeohte,<code>gefeohte</code>,13,0.0021097
68,h&aelig;fde,<code>h&amp;ae;fde</code>,13,0.0021097
68,hiera,<code>hiera</code>,13,0.0021097
68,wintra,<code>wintra</code>,13,0.0021097
72,&aelig;g&thorn;er,<code>&amp;ae;g&amp;t;er</code>,12,0.0019474
72,cirus,<code>cirus</code>,12,0.0019474
72,cyninge,<code>cyninge</code>,12,0.0019474
72,ea,<code>ea</code>,12,0.0019474
72,o&thorn;,<code>o&amp;t;</code>,12,0.0019474
72,romana,<code>romana</code>,12,0.0019474
72,romeburg,<code>romeburg</code>,12,0.0019474
79,byrig,<code>byrig</code>,11,0.0017851
79,folc,<code>folc</code>,11,0.0017851
79,geare,<code>geare</code>,11,0.0017851
79,gewinn,<code>gewinn</code>,11,0.0017851
79,ofer,<code>ofer</code>,11,0.0017851
79,ofslog,<code>ofslog</code>,11,0.0017851
79,sume,<code>sume</code>,11,0.0017851
79,xersis,<code>xersis</code>,11,0.0017851
87,&eth;e,<code>&amp;d;e</code>,10,0.0016228
87,cw&aelig;&eth;,<code>cw&amp;ae;&amp;d;</code>,10,0.0016228
87,getimbred,<code>getimbred</code>,10,0.0016228
87,hi,<code>hi</code>,10,0.0016228
87,hund,<code>hund</code>,10,0.0016228
87,o&eth;,<code>o&amp;d;</code>,10,0.0016228
87,ongean,<code>ongean</code>,10,0.0016228
94,&eth;&aelig;r,<code>&amp;d;&amp;ae;r</code>,9,0.0014606
94,creca,<code>creca</code>,9,0.0014606
94,eallum,<code>eallum</code>,9,0.0014606
94,fultume,<code>fultume</code>,9,0.0014606
94,ilcan,<code>ilcan</code>,9,0.0014606
94,persa,<code>persa</code>,9,0.0014606
94,sindon,<code>sindon</code>,9,0.0014606
94,swelce,<code>swelce</code>,9,0.0014606
94,ymb,<code>ymb</code>,9,0.0014606
103,&thorn;y,<code>&amp;t;y</code>,8,0.0012983
103,com,<code>com</code>,8,0.0012983
103,cyninges,<code>cyninges</code>,8,0.0012983
103,londe,<code>londe</code>,8,0.0012983
103,orosius,<code>orosius</code>,8,0.0012983
103,sige,<code>sige</code>,8,0.0012983
103,wolde,<code>wolde</code>,8,0.0012983
110,&aelig;rest,<code>&amp;ae;rest</code>,7,0.0011360
110,consulas,<code>consulas</code>,7,0.0011360
110,fela,<code>fela</code>,7,0.0011360
110,forlet,<code>forlet</code>,7,0.0011360
110,god,<code>god</code>,7,0.0011360
110,godes,<code>godes</code>,7,0.0011360
110,h&aelig;fden,<code>h&amp;ae;fden</code>,7,0.0011360
110,hio,<code>hio</code>,7,0.0011360
110,hwile,<code>hwile</code>,7,0.0011360
110,m,<code>m</code>,7,0.0011360
110,men,<code>men</code>,7,0.0011360
110,micel,<code>micel</code>,7,0.0011360
110,monna,<code>monna</code>,7,0.0011360
110,o&thorn;&thorn;e,<code>o&amp;t;&amp;t;e</code>,7,0.0011360
110,romanum,<code>romanum</code>,7,0.0011360
110,romulus,<code>romulus</code>,7,0.0011360
110,tida,<code>tida</code>,7,0.0011360
110,wurdon,<code>wurdon</code>,7,0.0011360
128,&eth;&aelig;re,<code>&amp;d;&amp;ae;re</code>,6,0.0009737
128,&thorn;agiet,<code>&amp;t;agiet</code>,6,0.0009737
128,anum,<code>anum</code>,6,0.0009737
128,asiria,<code>asiria</code>,6,0.0009737
128,beforan,<code>beforan</code>,6,0.0009737
128,bro&eth;or,<code>bro&amp;d;or</code>,6,0.0009737
128,c,<code>c</code>,6,0.0009737
128,consul,<code>consul</code>,6,0.0009737
128,ealra,<code>ealra</code>,6,0.0009737
128,feower,<code>feower</code>,6,0.0009737
128,gode,<code>gode</code>,6,0.0009737
128,hamweard,<code>hamweard</code>,6,0.0009737
128,haten,<code>haten</code>,6,0.0009737
128,healfe,<code>healfe</code>,6,0.0009737
128,het,<code>het</code>,6,0.0009737
128,heton,<code>heton</code>,6,0.0009737
128,hunde,<code>hunde</code>,6,0.0009737
128,ii,<code>ii</code>,6,0.0009737
128,iii,<code>iii</code>,6,0.0009737
128,lafe,<code>lafe</code>,6,0.0009737
128,m&aelig;ge,<code>m&amp;ae;ge</code>,6,0.0009737
128,m&aelig;st,<code>m&amp;ae;st</code>,6,0.0009737
128,mehten,<code>mehten</code>,6,0.0009737
128,sceoldon,<code>sceoldon</code>,6,0.0009737
128,self,<code>self</code>,6,0.0009737
128,selfum,<code>selfum</code>,6,0.0009737
128,ure,<code>ure</code>,6,0.0009737
128,us,<code>us</code>,6,0.0009737
128,winnende,<code>winnende</code>,6,0.0009737
157,&aelig;g&eth;er,<code>&amp;ae;g&amp;d;er</code>,5,0.0008114
157,&aelig;lce,<code>&amp;ae;lce</code>,5,0.0008114
157,&aelig;nig,<code>&amp;ae;nig</code>,5,0.0008114
157,&thorn;usenda,<code>&amp;t;usenda</code>,5,0.0008114
157,agen,<code>agen</code>,5,0.0008114
157,anwald,<code>anwald</code>,5,0.0008114
157,betweonum,<code>betweonum</code>,5,0.0008114
157,binnan,<code>binnan</code>,5,0.0008114
157,brutus,<code>brutus</code>,5,0.0008114
157,cristendomes,<code>cristendomes</code>,5,0.0008114
157,cwen,<code>cwen</code>,5,0.0008114
157,dagum,<code>dagum</code>,5,0.0008114
157,eal,<code>eal</code>,5,0.0008114
157,eall,<code>eall</code>,5,0.0008114
157,ealne,<code>ealne</code>,5,0.0008114
157,eor&thorn;an,<code>eor&amp;t;an</code>,5,0.0008114
157,firde,<code>firde</code>,5,0.0008114
157,folce,<code>folce</code>,5,0.0008114
157,fultum,<code>fultum</code>,5,0.0008114
157,giet,<code>giet</code>,5,0.0008114
157,hwelc,<code>hwelc</code>,5,0.0008114
157,in,<code>in</code>,5,0.0008114
157,na,<code>na</code>,5,0.0008114
157,nan,<code>nan</code>,5,0.0008114
157,ond,<code>ond</code>,5,0.0008114
157,ricsade,<code>ricsade</code>,5,0.0008114
157,roma,<code>roma</code>,5,0.0008114
157,sceolde,<code>sceolde</code>,5,0.0008114
157,scipa,<code>scipa</code>,5,0.0008114
157,secga&eth;,<code>secga&amp;d;</code>,5,0.0008114
157,selfe,<code>selfe</code>,5,0.0008114
157,sie,<code>sie</code>,5,0.0008114
157,sint,<code>sint</code>,5,0.0008114
157,sona,<code>sona</code>,5,0.0008114
157,sunu,<code>sunu</code>,5,0.0008114
157,twa,<code>twa</code>,5,0.0008114
157,wurde,<code>wurde</code>,5,0.0008114
194,&aelig;fterfylgende,<code>&amp;ae;fterfylgende</code>,4,0.0006491
194,&aelig;nne,<code>&amp;ae;nne</code>,4,0.0006491
194,&aelig;rran,<code>&amp;ae;rran</code>,4,0.0006491
194,&thorn;onan,<code>&amp;t;onan</code>,4,0.0006491
194,&thorn;urh,<code>&amp;t;urh</code>,4,0.0006491
194,anne,<code>anne</code>,4,0.0006491
194,anwaldes,<code>anwaldes</code>,4,0.0006491
194,beon,<code>beon</code>,4,0.0006491
194,blode,<code>blode</code>,4,0.0006491
194,consulum,<code>consulum</code>,4,0.0006491
194,cristendome,<code>cristendome</code>,4,0.0006491
194,cuman,<code>cuman</code>,4,0.0006491
194,d&aelig;l,<code>d&amp;ae;l</code>,4,0.0006491
194,darius,<code>darius</code>,4,0.0006491
194,ealdormon,<code>ealdormon</code>,4,0.0006491
194,ende,<code>ende</code>,4,0.0006491
194,f&aelig;der,<code>f&amp;ae;der</code>,4,0.0006491
194,feng,<code>feng</code>,4,0.0006491
194,forleton,<code>forleton</code>,4,0.0006491
194,gedon,<code>gedon</code>,4,0.0006491
194,gel&aelig;dde,<code>gel&amp;ae;dde</code>,4,0.0006491
194,gelice,<code>gelice</code>,4,0.0006491
194,gewyrcan,<code>gewyrcan</code>,4,0.0006491
194,ham,<code>ham</code>,4,0.0006491
194,hatte,<code>hatte</code>,4,0.0006491
194,helle,<code>helle</code>,4,0.0006491
194,hungre,<code>hungre</code>,4,0.0006491
194,lond,<code>lond</code>,4,0.0006491
194,m&aelig;stan,<code>m&amp;ae;stan</code>,4,0.0006491
194,ma,<code>ma</code>,4,0.0006491
194,maran,<code>maran</code>,4,0.0006491
194,mehton,<code>mehton</code>,4,0.0006491
194,n&aelig;ron,<code>n&amp;ae;ron</code>,4,0.0006491
194,na&thorn;er,<code>na&amp;t;er</code>,4,0.0006491
194,ninus,<code>ninus</code>,4,0.0006491
194,noman,<code>noman</code>,4,0.0006491
194,o&thorn;er,<code>o&amp;t;er</code>,4,0.0006491
194,persea,<code>persea</code>,4,0.0006491
194,procos,<code>procos</code>,4,0.0006491
194,s&aelig;de,<code>s&amp;ae;de</code>,4,0.0006491
194,s&aelig;don,<code>s&amp;ae;don</code>,4,0.0006491
194,sabini,<code>sabini</code>,4,0.0006491
194,sci&thorn;&thorn;ie,<code>sci&amp;t;&amp;t;ie</code>,4,0.0006491
194,siex,<code>siex</code>,4,0.0006491
194,suna,<code>suna</code>,4,0.0006491
194,tarcuinius,<code>tarcuinius</code>,4,0.0006491
194,twam,<code>twam</code>,4,0.0006491
194,under,<code>under</code>,4,0.0006491
194,ut,<code>ut</code>,4,0.0006491
194,w&aelig;ren,<code>w&amp;ae;ren</code>,4,0.0006491
194,wene,<code>wene</code>,4,0.0006491
194,willan,<code>willan</code>,4,0.0006491
194,woldon,<code>woldon</code>,4,0.0006491
247,&aelig;restan,<code>&amp;ae;restan</code>,3,0.0004869
247,&eth;&aelig;s,<code>&amp;d;&amp;ae;s</code>,3,0.0004869
247,&thorn;as,<code>&amp;t;as</code>,3,0.0004869
247,&thorn;urhteon,<code>&amp;t;urhteon</code>,3,0.0004869
247,&thorn;us,<code>&amp;t;us</code>,3,0.0004869
247,&thorn;usend,<code>&amp;t;usend</code>,3,0.0004869
247,afor,<code>afor</code>,3,0.0004869
247,agnum,<code>agnum</code>,3,0.0004869
247,ane,<code>ane</code>,3,0.0004869
247,anre,<code>anre</code>,3,0.0004869
247,athenienses,<code>athenienses</code>,3,0.0004869
247,b&aelig;don,<code>b&amp;ae;don</code>,3,0.0004869
247,be,<code>be</code>,3,0.0004869
247,begeaton,<code>begeaton</code>,3,0.0004869
247,beteran,<code>beteran</code>,3,0.0004869
247,biddende,<code>biddende</code>,3,0.0004869
247,bringan,<code>bringan</code>,3,0.0004869
247,brycge,<code>brycge</code>,3,0.0004869
247,byrg,<code>byrg</code>,3,0.0004869
247,caldei,<code>caldei</code>,3,0.0004869
247,come,<code>come</code>,3,0.0004869
247,d&aelig;dum,<code>d&amp;ae;dum</code>,3,0.0004869
247,dagas,<code>dagas</code>,3,0.0004869
247,eam,<code>eam</code>,3,0.0004869
247,ege,<code>ege</code>,3,0.0004869
247,elna,<code>elna</code>,3,0.0004869
247,farende,<code>farende</code>,3,0.0004869
247,feohtende,<code>feohtende</code>,3,0.0004869
247,fird,<code>fird</code>,3,0.0004869
247,fleonde,<code>fleonde</code>,3,0.0004869
247,folces,<code>folces</code>,3,0.0004869
247,folcum,<code>folcum</code>,3,0.0004869
247,foran,<code>foran</code>,3,0.0004869
247,forma,<code>forma</code>,3,0.0004869
247,forsl&aelig;gene,<code>forsl&amp;ae;gene</code>,3,0.0004869
247,fyr,<code>fyr</code>,3,0.0004869
247,gallia,<code>gallia</code>,3,0.0004869
247,gallie,<code>gallie</code>,3,0.0004869
247,gear,<code>gear</code>,3,0.0004869
247,getimbrede,<code>getimbrede</code>,3,0.0004869
247,geweald,<code>geweald</code>,3,0.0004869
247,gewin,<code>gewin</code>,3,0.0004869
247,gewinnes,<code>gewinnes</code>,3,0.0004869
247,geworht,<code>geworht</code>,3,0.0004869
247,gif,<code>gif</code>,3,0.0004869
247,gind,<code>gind</code>,3,0.0004869
247,gionga,<code>gionga</code>,3,0.0004869
247,gotan,<code>gotan</code>,3,0.0004869
247,hergende,<code>hergende</code>,3,0.0004869
247,hire,<code>hire</code>,3,0.0004869
247,ie&eth;,<code>ie&amp;d;</code>,3,0.0004869
247,iiii,<code>iiii</code>,3,0.0004869
247,ionas,<code>ionas</code>,3,0.0004869
247,ladteow,<code>ladteow</code>,3,0.0004869
247,leng,<code>leng</code>,3,0.0004869
247,leode,<code>leode</code>,3,0.0004869
247,leoni&eth;a,<code>leoni&amp;d;a</code>,3,0.0004869
247,lif,<code>lif</code>,3,0.0004869
247,lx,<code>lx</code>,3,0.0004869
247,lytel,<code>lytel</code>,3,0.0004869
247,m&aelig;sta,<code>m&amp;ae;sta</code>,3,0.0004869
247,m&aelig;ste,<code>m&amp;ae;ste</code>,3,0.0004869
247,manna,<code>manna</code>,3,0.0004869
247,menn,<code>menn</code>,3,0.0004869
247,micelne,<code>micelne</code>,3,0.0004869
247,micle,<code>micle</code>,3,0.0004869
247,mila,<code>mila</code>,3,0.0004869
247,modor,<code>modor</code>,3,0.0004869
247,monigfealdan,<code>monigfealdan</code>,3,0.0004869
247,monigfealdum,<code>monigfealdum</code>,3,0.0004869
247,monn,<code>monn</code>,3,0.0004869
247,monnes,<code>monnes</code>,3,0.0004869
247,mosten,<code>mosten</code>,3,0.0004869
247,noldan,<code>noldan</code>,3,0.0004869
247,nolde,<code>nolde</code>,3,0.0004869
247,nugiet,<code>nugiet</code>,3,0.0004869
247,numetores,<code>numetores</code>,3,0.0004869
247,o&thorn;ere,<code>o&amp;t;ere</code>,3,0.0004869
247,ofsl&aelig;gen,<code>ofsl&amp;ae;gen</code>,3,0.0004869
247,perse,<code>perse</code>,3,0.0004869
247,porsenna,<code>porsenna</code>,3,0.0004869
247,ra&eth;e,<code>ra&amp;d;e</code>,3,0.0004869
247,ricsedon,<code>ricsedon</code>,3,0.0004869
247,ricu,<code>ricu</code>,3,0.0004869
247,s&aelig;,<code>s&amp;ae;</code>,3,0.0004869
247,s&aelig;gdon,<code>s&amp;ae;gdon</code>,3,0.0004869
247,sameramis,<code>sameramis</code>,3,0.0004869
247,sculon,<code>sculon</code>,3,0.0004869
247,slege,<code>slege</code>,3,0.0004869
247,slog,<code>slog</code>,3,0.0004869
247,sprecende,<code>sprecende</code>,3,0.0004869
247,swi&thorn;or,<code>swi&amp;t;or</code>,3,0.0004869
247,triumphan,<code>triumphan</code>,3,0.0004869
247,tu,<code>tu</code>,3,0.0004869
247,tw&aelig;m,<code>tw&amp;ae;m</code>,3,0.0004869
247,twegen,<code>twegen</code>,3,0.0004869
247,upp,<code>upp</code>,3,0.0004869
247,w&aelig;ran,<code>w&amp;ae;ran</code>,3,0.0004869
247,weall,<code>weall</code>,3,0.0004869
247,witon,<code>witon</code>,3,0.0004869
247,wunnon,<code>wunnon</code>,3,0.0004869
247,x,<code>x</code>,3,0.0004869
247,yfele,<code>yfele</code>,3,0.0004869
350,&aelig;fterran,<code>&amp;ae;fterran</code>,2,0.0003246
350,&aelig;lcre,<code>&amp;ae;lcre</code>,2,0.0003246
350,&aelig;rendracan,<code>&amp;ae;rendracan</code>,2,0.0003246
350,&eth;&aelig;tte,<code>&amp;d;&amp;ae;tte</code>,2,0.0003246
350,&eth;egn,<code>&amp;d;egn</code>,2,0.0003246
350,&thorn;&aelig;rinne,<code>&amp;t;&amp;ae;rinne</code>,2,0.0003246
350,&thorn;egn,<code>&amp;t;egn</code>,2,0.0003246
350,&thorn;eode,<code>&amp;t;eode</code>,2,0.0003246
350,&thorn;eowdome,<code>&amp;t;eowdome</code>,2,0.0003246
350,&thorn;iss,<code>&amp;t;iss</code>,2,0.0003246
350,&thorn;isse,<code>&amp;t;isse</code>,2,0.0003246
350,&thorn;ohte,<code>&amp;t;ohte</code>,2,0.0003246
350,&thorn;reo,<code>&amp;t;reo</code>,2,0.0003246
350,&thorn;uss,<code>&amp;t;uss</code>,2,0.0003246
350,abeden,<code>abeden</code>,2,0.0003246
350,abr&aelig;c,<code>abr&amp;ae;c</code>,2,0.0003246
350,aceorfan,<code>aceorfan</code>,2,0.0003246
350,acwealde,<code>acwealde</code>,2,0.0003246
350,affricanum,<code>affricanum</code>,2,0.0003246
350,agenne,<code>agenne</code>,2,0.0003246
350,agenre,<code>agenre</code>,2,0.0003246
350,anwaldas,<code>anwaldas</code>,2,0.0003246
350,anweald,<code>anweald</code>,2,0.0003246
350,asirie,<code>asirie</code>,2,0.0003246
350,aspon,<code>aspon</code>,2,0.0003246
350,atheniensum,<code>atheniensum</code>,2,0.0003246
350,awende,<code>awende</code>,2,0.0003246
350,awestan,<code>awestan</code>,2,0.0003246
350,aweste,<code>aweste</code>,2,0.0003246
350,babylonicum,<code>babylonicum</code>,2,0.0003246
350,babylonie,<code>babylonie</code>,2,0.0003246
350,be&aelig;ftan,<code>be&amp;ae;ftan</code>,2,0.0003246
350,begunne,<code>begunne</code>,2,0.0003246
350,beniman,<code>beniman</code>,2,0.0003246
350,bes&aelig;ton,<code>bes&amp;ae;ton</code>,2,0.0003246
350,beswac,<code>beswac</code>,2,0.0003246
350,beswican,<code>beswican</code>,2,0.0003246
350,beswicen,<code>beswicen</code>,2,0.0003246
350,betst,<code>betst</code>,2,0.0003246
350,bewisten,<code>bewisten</code>,2,0.0003246
350,blodes,<code>blodes</code>,2,0.0003246
350,brad,<code>brad</code>,2,0.0003246
350,bradre,<code>bradre</code>,2,0.0003246
350,brohte,<code>brohte</code>,2,0.0003246
350,burga,<code>burga</code>,2,0.0003246
350,burgware,<code>burgware</code>,2,0.0003246
350,capitoliam,<code>capitoliam</code>,2,0.0003246
350,ciruse,<code>ciruse</code>,2,0.0003246
350,ciruses,<code>ciruses</code>,2,0.0003246
350,crecas,<code>crecas</code>,2,0.0003246
350,crecisce,<code>crecisce</code>,2,0.0003246
350,cyningas,<code>cyningas</code>,2,0.0003246
350,d&aelig;g,<code>d&amp;ae;g</code>,2,0.0003246
350,d&aelig;ge,<code>d&amp;ae;ge</code>,2,0.0003246
350,d&aelig;le,<code>d&amp;ae;le</code>,2,0.0003246
350,demm,<code>demm</code>,2,0.0003246
350,dreogende,<code>dreogende</code>,2,0.0003246
350,dune,<code>dune</code>,2,0.0003246
350,dyde,<code>dyde</code>,2,0.0003246
350,ealles,<code>ealles</code>,2,0.0003246
350,eallra,<code>eallra</code>,2,0.0003246
350,eames,<code>eames</code>,2,0.0003246
350,eastrice,<code>eastrice</code>,2,0.0003246
350,eodon,<code>eodon</code>,2,0.0003246
350,eow,<code>eow</code>,2,0.0003246
350,eufrate,<code>eufrate</code>,2,0.0003246
350,f&aelig;derum,<code>f&amp;ae;derum</code>,2,0.0003246
350,f&aelig;sten,<code>f&amp;ae;sten</code>,2,0.0003246
350,feondscipe,<code>feondscipe</code>,2,0.0003246
350,feos,<code>feos</code>,2,0.0003246
350,feowerfetes,<code>feowerfetes</code>,2,0.0003246
350,ferdon,<code>ferdon</code>,2,0.0003246
350,ferscra,<code>ferscra</code>,2,0.0003246
350,fore,<code>fore</code>,2,0.0003246
350,forwurdon,<code>forwurdon</code>,2,0.0003246
350,fri&eth;,<code>fri&amp;d;</code>,2,0.0003246
350,fruman,<code>fruman</code>,2,0.0003246
350,fulcisci,<code>fulcisci</code>,2,0.0003246
350,fultome,<code>fultome</code>,2,0.0003246
350,gallium,<code>gallium</code>,2,0.0003246
350,ge&thorn;afode,<code>ge&amp;t;afode</code>,2,0.0003246
350,geascade,<code>geascade</code>,2,0.0003246
350,gebeotode,<code>gebeotode</code>,2,0.0003246
350,gebodade,<code>gebodade</code>,2,0.0003246
350,gecirdon,<code>gecirdon</code>,2,0.0003246
350,gedyde,<code>gedyde</code>,2,0.0003246
350,geegsade,<code>geegsade</code>,2,0.0003246
350,gefeoht,<code>gefeoht</code>,2,0.0003246
350,gefeohta,<code>gefeohta</code>,2,0.0003246
350,gefeohtan,<code>gefeohtan</code>,2,0.0003246
350,gefeohtum,<code>gefeohtum</code>,2,0.0003246
350,gefeoll,<code>gefeoll</code>,2,0.0003246
350,gefliemde,<code>gefliemde</code>,2,0.0003246
350,gefliemed,<code>gefliemed</code>,2,0.0003246
350,gefor,<code>gefor</code>,2,0.0003246
350,gehierde,<code>gehierde</code>,2,0.0003246
350,gel&aelig;ste,<code>gel&amp;ae;ste</code>,2,0.0003246
350,gelomp,<code>gelomp</code>,2,0.0003246
350,gem&aelig;re,<code>gem&amp;ae;re</code>,2,0.0003246
350,gemong,<code>gemong</code>,2,0.0003246
350,geniedde,<code>geniedde</code>,2,0.0003246
350,gesceop,<code>gesceop</code>,2,0.0003246
350,gesealdon,<code>gesealdon</code>,2,0.0003246
350,gesecan,<code>gesecan</code>,2,0.0003246
350,gesette,<code>gesette</code>,2,0.0003246
350,gesetton,<code>gesetton</code>,2,0.0003246
350,gestihtunge,<code>gestihtunge</code>,2,0.0003246
350,gewinnum,<code>gewinnum</code>,2,0.0003246
350,gewrecan,<code>gewrecan</code>,2,0.0003246
350,gotona,<code>gotona</code>,2,0.0003246
350,h&aelig;bbe,<code>h&amp;ae;bbe</code>,2,0.0003246
350,hand,<code>hand</code>,2,0.0003246
350,heafod,<code>heafod</code>,2,0.0003246
350,heah,<code>heah</code>,2,0.0003246
350,healfa,<code>healfa</code>,2,0.0003246
350,heres,<code>heres</code>,2,0.0003246
350,hergedan,<code>hergedan</code>,2,0.0003246
350,hira,<code>hira</code>,2,0.0003246
350,hlafordas,<code>hlafordas</code>,2,0.0003246
350,hr&aelig;dlice,<code>hr&amp;ae;dlice</code>,2,0.0003246
350,hw&aelig;t,<code>hw&amp;ae;t</code>,2,0.0003246
350,ieldrena,<code>ieldrena</code>,2,0.0003246
350,iernende,<code>iernende</code>,2,0.0003246
350,italia,<code>italia</code>,2,0.0003246
350,l&aelig;cedemonia,<code>l&amp;ae;cedemonia</code>,2,0.0003246
350,l&aelig;cedemonie,<code>l&amp;ae;cedemonie</code>,2,0.0003246
350,l&aelig;ssan,<code>l&amp;ae;ssan</code>,2,0.0003246
350,land,<code>land</code>,2,0.0003246
350,latinus,<code>latinus</code>,2,0.0003246
350,leahtria&eth;,<code>leahtria&amp;d;</code>,2,0.0003246
350,leoni&thorn;a,<code>leoni&amp;t;a</code>,2,0.0003246
350,longe,<code>longe</code>,2,0.0003246
350,lufan,<code>lufan</code>,2,0.0003246
350,lxiiii,<code>lxiiii</code>,2,0.0003246
350,lytle,<code>lytle</code>,2,0.0003246
350,m&aelig;cedoniam,<code>m&amp;ae;cedoniam</code>,2,0.0003246
350,magan,<code>magan</code>,2,0.0003246
350,me&thorn;a,<code>me&amp;t;a</code>,2,0.0003246
350,mete,<code>mete</code>,2,0.0003246
350,metton,<code>metton</code>,2,0.0003246
350,micelre,<code>micelre</code>,2,0.0003246
350,middangeard,<code>middangeard</code>,2,0.0003246
350,middangeardes,<code>middangeardes</code>,2,0.0003246
350,middeweardum,<code>middeweardum</code>,2,0.0003246
350,mode,<code>mode</code>,2,0.0003246
350,monega,<code>monega</code>,2,0.0003246
350,n&aelig;re,<code>n&amp;ae;re</code>,2,0.0003246
350,n&aelig;ren,<code>n&amp;ae;ren</code>,2,0.0003246
350,n&aelig;s,<code>n&amp;ae;s</code>,2,0.0003246
350,nales,<code>nales</code>,2,0.0003246
350,nanum,<code>nanum</code>,2,0.0003246
350,nigon,<code>nigon</code>,2,0.0003246
350,nihstan,<code>nihstan</code>,2,0.0003246
350,niht,<code>niht</code>,2,0.0003246
350,noldon,<code>noldon</code>,2,0.0003246
350,o&eth;&thorn;&aelig;t,<code>o&amp;d;&amp;t;&amp;ae;t</code>,2,0.0003246
350,o&eth;erne,<code>o&amp;d;erne</code>,2,0.0003246
350,o&eth;flugon,<code>o&amp;d;flugon</code>,2,0.0003246
350,o&thorn;erum,<code>o&amp;t;erum</code>,2,0.0003246
350,oferf&aelig;reldes,<code>oferf&amp;ae;reldes</code>,2,0.0003246
350,ofermetto,<code>ofermetto</code>,2,0.0003246
350,oft,<code>oft</code>,2,0.0003246
350,ondr&aelig;dende,<code>ondr&amp;ae;dende</code>,2,0.0003246
350,ongann,<code>ongann</code>,2,0.0003246
350,ongietan,<code>ongietan</code>,2,0.0003246
350,onwalde,<code>onwalde</code>,2,0.0003246
350,onwealdas,<code>onwealdas</code>,2,0.0003246
350,onwealdum,<code>onwealdum</code>,2,0.0003246
350,perseum,<code>perseum</code>,2,0.0003246
350,reccend,<code>reccend</code>,2,0.0003246
350,ricsian,<code>ricsian</code>,2,0.0003246
350,ricsiende,<code>ricsiende</code>,2,0.0003246
350,romebyrig,<code>romebyrig</code>,2,0.0003246
350,romuluse,<code>romuluse</code>,2,0.0003246
350,sabinisce,<code>sabinisce</code>,2,0.0003246
350,sardanopolum,<code>sardanopolum</code>,2,0.0003246
350,sceolden,<code>sceolden</code>,2,0.0003246
350,secgenne,<code>secgenne</code>,2,0.0003246
350,selfra,<code>selfra</code>,2,0.0003246
350,senatum,<code>senatum</code>,2,0.0003246
350,senatus,<code>senatus</code>,2,0.0003246
350,setl,<code>setl</code>,2,0.0003246
350,si&thorn;e,<code>si&amp;t;e</code>,2,0.0003246
350,sicilia,<code>sicilia</code>,2,0.0003246
350,sien,<code>sien</code>,2,0.0003246
350,sio,<code>sio</code>,2,0.0003246
350,stream,<code>stream</code>,2,0.0003246
350,sumne,<code>sumne</code>,2,0.0003246
350,sungen,<code>sungen</code>,2,0.0003246
350,swelc,<code>swelc</code>,2,0.0003246
350,sweor,<code>sweor</code>,2,0.0003246
350,sweora,<code>sweora</code>,2,0.0003246
350,swi&eth;e,<code>swi&amp;d;e</code>,2,0.0003246
350,swi&thorn;ost,<code>swi&amp;t;ost</code>,2,0.0003246
350,swilce,<code>swilce</code>,2,0.0003246
350,tacen,<code>tacen</code>,2,0.0003246
350,tacnade,<code>tacnade</code>,2,0.0003246
350,tarcuinie,<code>tarcuinie</code>,2,0.0003246
350,themestocles,<code>themestocles</code>,2,0.0003246
350,tod&aelig;lde,<code>tod&amp;ae;lde</code>,2,0.0003246
350,ungeliefedlic,<code>ungeliefedlic</code>,2,0.0003246
350,ungetina,<code>ungetina</code>,2,0.0003246
350,unsibbe,<code>unsibbe</code>,2,0.0003246
350,up,<code>up</code>,2,0.0003246
350,upahofon,<code>upahofon</code>,2,0.0003246
350,uton,<code>uton</code>,2,0.0003246
350,vi,<code>vi</code>,2,0.0003246
350,w&aelig;pnedmen,<code>w&amp;ae;pnedmen</code>,2,0.0003246
350,w&aelig;tera,<code>w&amp;ae;tera</code>,2,0.0003246
350,wealles,<code>wealles</code>,2,0.0003246
350,wear&thorn;,<code>wear&amp;t;</code>,2,0.0003246
350,wi&thorn;,<code>wi&amp;t;</code>,2,0.0003246
350,wif,<code>wif</code>,2,0.0003246
350,wifes,<code>wifes</code>,2,0.0003246
350,wifum,<code>wifum</code>,2,0.0003246
350,wille,<code>wille</code>,2,0.0003246
350,wilniende,<code>wilniende</code>,2,0.0003246
350,winnan,<code>winnan</code>,2,0.0003246
350,winter,<code>winter</code>,2,0.0003246
350,wiste,<code>wiste</code>,2,0.0003246
350,witan,<code>witan</code>,2,0.0003246
350,wonn,<code>wonn</code>,2,0.0003246
350,word,<code>word</code>,2,0.0003246
350,wrace,<code>wrace</code>,2,0.0003246
350,wundor,<code>wundor</code>,2,0.0003246
350,wuniende,<code>wuniende</code>,2,0.0003246
350,wunnan,<code>wunnan</code>,2,0.0003246
350,wurden,<code>wurden</code>,2,0.0003246
350,yfel,<code>yfel</code>,2,0.0003246
350,ymbe,<code>ymbe</code>,2,0.0003246
350,ymbgong,<code>ymbgong</code>,2,0.0003246
581,&aelig;,<code>&amp;ae;</code>,1,0.0001623
581,&aelig;cere,<code>&amp;ae;cere</code>,1,0.0001623
581,&aelig;fengifl,<code>&amp;ae;fengifl</code>,1,0.0001623
581,&aelig;fterre,<code>&amp;ae;fterre</code>,1,0.0001623
581,&aelig;g&eth;erre,<code>&amp;ae;g&amp;d;erre</code>,1,0.0001623
581,&aelig;g&eth;res,<code>&amp;ae;g&amp;d;res</code>,1,0.0001623
581,&aelig;g&thorn;ere,<code>&amp;ae;g&amp;t;ere</code>,1,0.0001623
581,&aelig;g&thorn;res,<code>&amp;ae;g&amp;t;res</code>,1,0.0001623
581,&aelig;lc,<code>&amp;ae;lc</code>,1,0.0001623
581,&aelig;lces,<code>&amp;ae;lces</code>,1,0.0001623
581,&aelig;menne,<code>&amp;ae;menne</code>,1,0.0001623
581,&aelig;negu,<code>&amp;ae;negu</code>,1,0.0001623
581,&aelig;niges,<code>&amp;ae;niges</code>,1,0.0001623
581,&aelig;nigne,<code>&amp;ae;nigne</code>,1,0.0001623
581,&aelig;nigu,<code>&amp;ae;nigu</code>,1,0.0001623
581,&aelig;nigum,<code>&amp;ae;nigum</code>,1,0.0001623
581,&aelig;nlicost,<code>&amp;ae;nlicost</code>,1,0.0001623
581,&aelig;renan,<code>&amp;ae;renan</code>,1,0.0001623
581,&aelig;resta,<code>&amp;ae;resta</code>,1,0.0001623
581,&aelig;reste,<code>&amp;ae;reste</code>,1,0.0001623
581,&aelig;tg&aelig;dere,<code>&amp;ae;tg&amp;ae;dere</code>,1,0.0001623
581,&aelig;xsum,<code>&amp;ae;xsum</code>,1,0.0001623
581,&eth;&aelig;rto,<code>&amp;d;&amp;ae;rto</code>,1,0.0001623
581,&eth;&aelig;rymbutan,<code>&amp;d;&amp;ae;rymbutan</code>,1,0.0001623
581,&eth;as,<code>&amp;d;as</code>,1,0.0001623
581,&eth;egna,<code>&amp;d;egna</code>,1,0.0001623
581,&eth;eh,<code>&amp;d;eh</code>,1,0.0001623
581,&eth;iowdome,<code>&amp;d;iowdome</code>,1,0.0001623
581,&eth;on,<code>&amp;d;on</code>,1,0.0001623
581,&eth;riddan,<code>&amp;d;riddan</code>,1,0.0001623
581,&thorn;&aelig;ra,<code>&amp;t;&amp;ae;ra</code>,1,0.0001623
581,&thorn;&aelig;rbinnan,<code>&amp;t;&amp;ae;rbinnan</code>,1,0.0001623
581,&thorn;&aelig;rto,<code>&amp;t;&amp;ae;rto</code>,1,0.0001623
581,&thorn;&aelig;rute,<code>&amp;t;&amp;ae;rute</code>,1,0.0001623
581,&thorn;am,<code>&amp;t;am</code>,1,0.0001623
581,&thorn;ance,<code>&amp;t;ance</code>,1,0.0001623
581,&thorn;eah,<code>&amp;t;eah</code>,1,0.0001623
581,&thorn;eaw,<code>&amp;t;eaw</code>,1,0.0001623
581,&thorn;egne,<code>&amp;t;egne</code>,1,0.0001623
581,&thorn;ehhw&aelig;&thorn;ere,<code>&amp;t;ehhw&amp;ae;&amp;t;ere</code>,1,0.0001623
581,&thorn;encende,<code>&amp;t;encende</code>,1,0.0001623
581,&thorn;eoda,<code>&amp;t;eoda</code>,1,0.0001623
581,&thorn;eodum,<code>&amp;t;eodum</code>,1,0.0001623
581,&thorn;eowas,<code>&amp;t;eowas</code>,1,0.0001623
581,&thorn;eowiende,<code>&amp;t;eowiende</code>,1,0.0001623
581,&thorn;ine,<code>&amp;t;ine</code>,1,0.0001623
581,&thorn;inge,<code>&amp;t;inge</code>,1,0.0001623
581,&thorn;ingum,<code>&amp;t;ingum</code>,1,0.0001623
581,&thorn;iosan,<code>&amp;t;iosan</code>,1,0.0001623
581,&thorn;is,<code>&amp;t;is</code>,1,0.0001623
581,&thorn;ises,<code>&amp;t;ises</code>,1,0.0001623
581,&thorn;isne,<code>&amp;t;isne</code>,1,0.0001623
581,&thorn;issa,<code>&amp;t;issa</code>,1,0.0001623
581,&thorn;isses,<code>&amp;t;isses</code>,1,0.0001623
581,&thorn;ohtan,<code>&amp;t;ohtan</code>,1,0.0001623
581,&thorn;oliende,<code>&amp;t;oliende</code>,1,0.0001623
581,&thorn;onon,<code>&amp;t;onon</code>,1,0.0001623
581,&thorn;ridda,<code>&amp;t;ridda</code>,1,0.0001623
581,&thorn;riddan,<code>&amp;t;riddan</code>,1,0.0001623
581,&thorn;ridde,<code>&amp;t;ridde</code>,1,0.0001623
581,&thorn;rie,<code>&amp;t;rie</code>,1,0.0001623
581,&thorn;rim,<code>&amp;t;rim</code>,1,0.0001623
581,&thorn;rymlicran,<code>&amp;t;rymlicran</code>,1,0.0001623
581,&thorn;u,<code>&amp;t;u</code>,1,0.0001623
581,&thorn;uhte,<code>&amp;t;uhte</code>,1,0.0001623
581,&thorn;urhwunade,<code>&amp;t;urhwunade</code>,1,0.0001623
581,&thorn;urhwunigean,<code>&amp;t;urhwunigean</code>,1,0.0001623
581,&thorn;urst,<code>&amp;t;urst</code>,1,0.0001623
581,&thorn;yl&aelig;s,<code>&amp;t;yl&amp;ae;s</code>,1,0.0001623
581,&thorn;ync&eth;,<code>&amp;t;ync&amp;d;</code>,1,0.0001623
581,&thorn;yrstende,<code>&amp;t;yrstende</code>,1,0.0001623
581,&thorn;yses,<code>&amp;t;yses</code>,1,0.0001623
581,&thorn;ysne,<code>&amp;t;ysne</code>,1,0.0001623
581,a&thorn;as,<code>a&amp;t;as</code>,1,0.0001623
581,abolgen,<code>abolgen</code>,1,0.0001623
581,abr&aelig;cen,<code>abr&amp;ae;cen</code>,1,0.0001623
581,abr&aelig;con,<code>abr&amp;ae;con</code>,1,0.0001623
581,abrecan,<code>abrecan</code>,1,0.0001623
581,abrocen,<code>abrocen</code>,1,0.0001623
581,acr&aelig;ftan,<code>acr&amp;ae;ftan</code>,1,0.0001623
581,acsedon,<code>acsedon</code>,1,0.0001623
581,acuron,<code>acuron</code>,1,0.0001623
581,acw&aelig;lan,<code>acw&amp;ae;lan</code>,1,0.0001623
581,adr&aelig;fdon,<code>adr&amp;ae;fdon</code>,1,0.0001623
581,adrencte,<code>adrencte</code>,1,0.0001623
581,adrincan,<code>adrincan</code>,1,0.0001623
581,adruncen,<code>adruncen</code>,1,0.0001623
581,afaran,<code>afaran</code>,1,0.0001623
581,affrica,<code>affrica</code>,1,0.0001623
581,affricanisce,<code>affricanisce</code>,1,0.0001623
581,aforan,<code>aforan</code>,1,0.0001623
581,afyllan,<code>afyllan</code>,1,0.0001623
581,afylled,<code>afylled</code>,1,0.0001623
581,agenes,<code>agenes</code>,1,0.0001623
581,agiefan,<code>agiefan</code>,1,0.0001623
581,ahafen,<code>ahafen</code>,1,0.0001623
581,ahof,<code>ahof</code>,1,0.0001623
581,ahtene,<code>ahtene</code>,1,0.0001623
581,alexander,<code>alexander</code>,1,0.0001623
581,aliesed,<code>aliesed</code>,1,0.0001623
581,alrica,<code>alrica</code>,1,0.0001623
581,anes,<code>anes</code>,1,0.0001623
581,angan,<code>angan</code>,1,0.0001623
581,ange,<code>ange</code>,1,0.0001623
581,angean,<code>angean</code>,1,0.0001623
581,angin,<code>angin</code>,1,0.0001623
581,anginn,<code>anginn</code>,1,0.0001623
581,anginnan,<code>anginnan</code>,1,0.0001623
581,angite,<code>angite</code>,1,0.0001623
581,anhende,<code>anhende</code>,1,0.0001623
581,anlicnessa,<code>anlicnessa</code>,1,0.0001623
581,anra,<code>anra</code>,1,0.0001623
581,anwalda,<code>anwalda</code>,1,0.0001623
581,anwalde,<code>anwalde</code>,1,0.0001623
581,anwealde,<code>anwealde</code>,1,0.0001623
581,anwig,<code>anwig</code>,1,0.0001623
581,anwige,<code>anwige</code>,1,0.0001623
581,anwigge,<code>anwigge</code>,1,0.0001623
581,aras,<code>aras</code>,1,0.0001623
581,araxis,<code>araxis</code>,1,0.0001623
581,arbate,<code>arbate</code>,1,0.0001623
581,arbatus,<code>arbatus</code>,1,0.0001623
581,are,<code>are</code>,1,0.0001623
581,areccean,<code>areccean</code>,1,0.0001623
581,arlic,<code>arlic</code>,1,0.0001623
581,arrunses,<code>arrunses</code>,1,0.0001623
581,artabatus,<code>artabatus</code>,1,0.0001623
581,artecserses,<code>artecserses</code>,1,0.0001623
581,ascade,<code>ascade</code>,1,0.0001623
581,ascop,<code>ascop</code>,1,0.0001623
581,asiam,<code>asiam</code>,1,0.0001623
581,asiri&aelig;,<code>asiri&amp;ae;</code>,1,0.0001623
581,asponan,<code>asponan</code>,1,0.0001623
581,asprong,<code>asprong</code>,1,0.0001623
581,asteald,<code>asteald</code>,1,0.0001623
581,astealde,<code>astealde</code>,1,0.0001623
581,atellan,<code>atellan</code>,1,0.0001623
581,atheniensa,<code>atheniensa</code>,1,0.0001623
581,atheniense,<code>atheniense</code>,1,0.0001623
581,aweg,<code>aweg</code>,1,0.0001623
581,awest,<code>awest</code>,1,0.0001623
581,awested,<code>awested</code>,1,0.0001623
581,awrat,<code>awrat</code>,1,0.0001623
581,b&aelig;d,<code>b&amp;ae;d</code>,1,0.0001623
581,b&aelig;ran,<code>b&amp;ae;ran</code>,1,0.0001623
581,b&aelig;rndon,<code>b&amp;ae;rndon</code>,1,0.0001623
581,b&aelig;rnende,<code>b&amp;ae;rnende</code>,1,0.0001623
581,babylonisce,<code>babylonisce</code>,1,0.0001623
581,babylonium,<code>babylonium</code>,1,0.0001623
581,be&thorn;ridian,<code>be&amp;t;ridian</code>,1,0.0001623
581,beamas,<code>beamas</code>,1,0.0001623
581,bearnum,<code>bearnum</code>,1,0.0001623
581,bec,<code>bec</code>,1,0.0001623
581,bedrifen,<code>bedrifen</code>,1,0.0001623
581,begietena,<code>begietena</code>,1,0.0001623
581,belifene,<code>belifene</code>,1,0.0001623
581,bena,<code>bena</code>,1,0.0001623
581,benam,<code>benam</code>,1,0.0001623
581,bename,<code>bename</code>,1,0.0001623
581,benamon,<code>benamon</code>,1,0.0001623
581,bene,<code>bene</code>,1,0.0001623
581,benoman,<code>benoman</code>,1,0.0001623
581,benumen,<code>benumen</code>,1,0.0001623
581,berstende,<code>berstende</code>,1,0.0001623
581,besawon,<code>besawon</code>,1,0.0001623
581,besengdan,<code>besengdan</code>,1,0.0001623
581,beseten,<code>beseten</code>,1,0.0001623
581,besirede,<code>besirede</code>,1,0.0001623
581,besman,<code>besman</code>,1,0.0001623
581,bespric&eth;,<code>bespric&amp;d;</code>,1,0.0001623
581,best&aelig;lan,<code>best&amp;ae;lan</code>,1,0.0001623
581,besuncene,<code>besuncene</code>,1,0.0001623
581,besuncenum,<code>besuncenum</code>,1,0.0001623
581,beswicon,<code>beswicon</code>,1,0.0001623
581,besyrede,<code>besyrede</code>,1,0.0001623
581,bet,<code>bet</code>,1,0.0001623
581,bet&aelig;hte,<code>bet&amp;ae;hte</code>,1,0.0001623
581,betere,<code>betere</code>,1,0.0001623
581,betux,<code>betux</code>,1,0.0001623
581,beweorpan,<code>beweorpan</code>,1,0.0001623
581,bewitan,<code>bewitan</code>,1,0.0001623
581,bewopene,<code>bewopene</code>,1,0.0001623
581,beworht,<code>beworht</code>,1,0.0001623
581,beworhte,<code>beworhte</code>,1,0.0001623
581,bi,<code>bi</code>,1,0.0001623
581,bide,<code>bide</code>,1,0.0001623
581,birnende,<code>birnende</code>,1,0.0001623
581,bisena,<code>bisena</code>,1,0.0001623
581,bisene,<code>bisene</code>,1,0.0001623
581,bismere,<code>bismere</code>,1,0.0001623
581,blea&eth;ran,<code>blea&amp;d;ran</code>,1,0.0001623
581,bli&eth;e,<code>bli&amp;d;e</code>,1,0.0001623
581,bli&eth;nesse,<code>bli&amp;d;nesse</code>,1,0.0001623
581,blotan,<code>blotan</code>,1,0.0001623
581,boetium,<code>boetium</code>,1,0.0001623
581,bot,<code>bot</code>,1,0.0001623
581,brede,<code>brede</code>,1,0.0001623
581,bremuste,<code>bremuste</code>,1,0.0001623
581,brociende,<code>brociende</code>,1,0.0001623
581,brocum,<code>brocum</code>,1,0.0001623
581,brosnien,<code>brosnien</code>,1,0.0001623
581,brucan,<code>brucan</code>,1,0.0001623
581,brutuse,<code>brutuse</code>,1,0.0001623
581,brutuses,<code>brutuses</code>,1,0.0001623
581,bryne,<code>bryne</code>,1,0.0001623
581,bufan,<code>bufan</code>,1,0.0001623
581,bugan,<code>bugan</code>,1,0.0001623
581,burgen,<code>burgen</code>,1,0.0001623
581,burgum,<code>burgum</code>,1,0.0001623
581,burgwarana,<code>burgwarana</code>,1,0.0001623
581,burgwarum,<code>burgwarum</code>,1,0.0001623
581,butu,<code>butu</code>,1,0.0001623
581,cambisis,<code>cambisis</code>,1,0.0001623
581,camillis,<code>camillis</code>,1,0.0001623
581,caru,<code>caru</code>,1,0.0001623
581,caseras,<code>caseras</code>,1,0.0001623
581,caserum,<code>caserum</code>,1,0.0001623
581,cempena,<code>cempena</code>,1,0.0001623
581,ciele,<code>ciele</code>,1,0.0001623
581,cilda,<code>cilda</code>,1,0.0001623
581,cildum,<code>cildum</code>,1,0.0001623
581,ciricean,<code>ciricean</code>,1,0.0001623
581,cirinen,<code>cirinen</code>,1,0.0001623
581,cirinensa,<code>cirinensa</code>,1,0.0001623
581,cirre,<code>cirre</code>,1,0.0001623
581,cirrum,<code>cirrum</code>,1,0.0001623
581,claudium,<code>claudium</code>,1,0.0001623
581,claudius,<code>claudius</code>,1,0.0001623
581,cneowe,<code>cneowe</code>,1,0.0001623
581,cnihthade,<code>cnihthade</code>,1,0.0001623
581,comen,<code>comen</code>,1,0.0001623
581,comon,<code>comon</code>,1,0.0001623
581,consule,<code>consule</code>,1,0.0001623
581,consules,<code>consules</code>,1,0.0001623
581,cr&aelig;ft,<code>cr&amp;ae;ft</code>,1,0.0001623
581,cr&aelig;fte,<code>cr&amp;ae;fte</code>,1,0.0001623
581,cr&aelig;ftegast,<code>cr&amp;ae;ftegast</code>,1,0.0001623
581,cr&aelig;ftum,<code>cr&amp;ae;ftum</code>,1,0.0001623
581,cr&aelig;tw&aelig;n,<code>cr&amp;ae;tw&amp;ae;n</code>,1,0.0001623
581,cr&aelig;tw&aelig;ne,<code>cr&amp;ae;tw&amp;ae;ne</code>,1,0.0001623
581,cr&aelig;tw&aelig;num,<code>cr&amp;ae;tw&amp;ae;num</code>,1,0.0001623
581,crecum,<code>crecum</code>,1,0.0001623
581,cristen,<code>cristen</code>,1,0.0001623
581,cristendom,<code>cristendom</code>,1,0.0001623
581,cristnan,<code>cristnan</code>,1,0.0001623
581,cristne,<code>cristne</code>,1,0.0001623
581,croesus,<code>croesus</code>,1,0.0001623
581,crupon,<code>crupon</code>,1,0.0001623
581,cu&thorn;,<code>cu&amp;t;</code>,1,0.0001623
581,cumen,<code>cumen</code>,1,0.0001623
581,curon,<code>curon</code>,1,0.0001623
581,cw&aelig;&thorn;,<code>cw&amp;ae;&amp;t;</code>,1,0.0001623
581,cw&aelig;de,<code>cw&amp;ae;de</code>,1,0.0001623
581,cwaciende,<code>cwaciende</code>,1,0.0001623
581,cwe&thorn;a&eth;,<code>cwe&amp;t;a&amp;d;</code>,1,0.0001623
581,cwe&thorn;an,<code>cwe&amp;t;an</code>,1,0.0001623
581,cwe&thorn;e,<code>cwe&amp;t;e</code>,1,0.0001623
581,cwice,<code>cwice</code>,1,0.0001623
581,cy&thorn;&thorn;e,<code>cy&amp;t;&amp;t;e</code>,1,0.0001623
581,cy&thorn;an,<code>cy&amp;t;an</code>,1,0.0001623
581,cylle,<code>cylle</code>,1,0.0001623
581,cynecynne,<code>cynecynne</code>,1,0.0001623
581,cynecynnes,<code>cynecynnes</code>,1,0.0001623
581,cyninga,<code>cyninga</code>,1,0.0001623
581,cynn,<code>cynn</code>,1,0.0001623
581,cynnes,<code>cynnes</code>,1,0.0001623
581,cyrre,<code>cyrre</code>,1,0.0001623
581,d&aelig;lan,<code>d&amp;ae;lan</code>,1,0.0001623
581,d&aelig;les,<code>d&amp;ae;les</code>,1,0.0001623
581,d&aelig;lum,<code>d&amp;ae;lum</code>,1,0.0001623
581,damaris,<code>damaris</code>,1,0.0001623
581,damera&eth;,<code>damera&amp;d;</code>,1,0.0001623
581,dameris,<code>dameris</code>,1,0.0001623
581,dea&eth;e,<code>dea&amp;d;e</code>,1,0.0001623
581,dea&eth;um,<code>dea&amp;d;um</code>,1,0.0001623
581,derede,<code>derede</code>,1,0.0001623
581,dic,<code>dic</code>,1,0.0001623
581,dice,<code>dice</code>,1,0.0001623
581,diegellice,<code>diegellice</code>,1,0.0001623
581,diegelnessa,<code>diegelnessa</code>,1,0.0001623
581,digle,<code>digle</code>,1,0.0001623
581,dohtra,<code>dohtra</code>,1,0.0001623
581,dom,<code>dom</code>,1,0.0001623
581,dorste,<code>dorste</code>,1,0.0001623
581,dorsten,<code>dorsten</code>,1,0.0001623
581,drifan,<code>drifan</code>,1,0.0001623
581,drincende,<code>drincende</code>,1,0.0001623
581,dryhten,<code>dryhten</code>,1,0.0001623
581,drync,<code>drync</code>,1,0.0001623
581,dryncas,<code>dryncas</code>,1,0.0001623
581,dulfon,<code>dulfon</code>,1,0.0001623
581,dulmuna,<code>dulmuna</code>,1,0.0001623
581,dydon,<code>dydon</code>,1,0.0001623
581,e&eth;na,<code>e&amp;d;na</code>,1,0.0001623
581,ea&eth;e,<code>ea&amp;d;e</code>,1,0.0001623
581,eala,<code>eala</code>,1,0.0001623
581,ealdan,<code>ealdan</code>,1,0.0001623
581,ealddagum,<code>ealddagum</code>,1,0.0001623
581,ealddome,<code>ealddome</code>,1,0.0001623
581,ealdena,<code>ealdena</code>,1,0.0001623
581,ealdordom,<code>ealdordom</code>,1,0.0001623
581,ealdormenn,<code>ealdormenn</code>,1,0.0001623
581,ealdormonn,<code>ealdormonn</code>,1,0.0001623
581,ealdunge,<code>ealdunge</code>,1,0.0001623
581,ealla,<code>ealla</code>,1,0.0001623
581,eard,<code>eard</code>,1,0.0001623
581,eargast,<code>eargast</code>,1,0.0001623
581,eargran,<code>eargran</code>,1,0.0001623
581,earman,<code>earman</code>,1,0.0001623
581,earmne,<code>earmne</code>,1,0.0001623
581,earmran,<code>earmran</code>,1,0.0001623
581,eastd&aelig;l,<code>eastd&amp;ae;l</code>,1,0.0001623
581,easteweardum,<code>easteweardum</code>,1,0.0001623
581,edwit,<code>edwit</code>,1,0.0001623
581,egypte,<code>egypte</code>,1,0.0001623
581,ehtende,<code>ehtende</code>,1,0.0001623
581,emdenes,<code>emdenes</code>,1,0.0001623
581,emnlice,<code>emnlice</code>,1,0.0001623
581,emnre&eth;e,<code>emnre&amp;d;e</code>,1,0.0001623
581,emnum,<code>emnum</code>,1,0.0001623
581,endas,<code>endas</code>,1,0.0001623
581,endlefan,<code>endlefan</code>,1,0.0001623
581,endum,<code>endum</code>,1,0.0001623
581,ent,<code>ent</code>,1,0.0001623
581,eodan,<code>eodan</code>,1,0.0001623
581,eode,<code>eode</code>,1,0.0001623
581,eor&eth;tyrewan,<code>eor&amp;d;tyrewan</code>,1,0.0001623
581,eor&eth;w&aelig;stmas,<code>eor&amp;d;w&amp;ae;stmas</code>,1,0.0001623
581,eor&thorn;e,<code>eor&amp;t;e</code>,1,0.0001623
581,etrusci,<code>etrusci</code>,1,0.0001623
581,f&aelig;ger,<code>f&amp;ae;ger</code>,1,0.0001623
581,f&aelig;h&thorn;e,<code>f&amp;ae;h&amp;t;e</code>,1,0.0001623
581,f&aelig;rende,<code>f&amp;ae;rende</code>,1,0.0001623
581,f&aelig;stast,<code>f&amp;ae;stast</code>,1,0.0001623
581,f&aelig;ste,<code>f&amp;ae;ste</code>,1,0.0001623
581,f&aelig;stes,<code>f&amp;ae;stes</code>,1,0.0001623
581,f&aelig;stness,<code>f&amp;ae;stness</code>,1,0.0001623
581,f&aelig;stre,<code>f&amp;ae;stre</code>,1,0.0001623
581,fabiane,<code>fabiane</code>,1,0.0001623
581,facen,<code>facen</code>,1,0.0001623
581,facn,<code>facn</code>,1,0.0001623
581,fauiuses,<code>fauiuses</code>,1,0.0001623
581,feallende,<code>feallende</code>,1,0.0001623
581,feawa,<code>feawa</code>,1,0.0001623
581,feawan,<code>feawan</code>,1,0.0001623
581,feo,<code>feo</code>,1,0.0001623
581,feoh,<code>feoh</code>,1,0.0001623
581,feohta&eth;,<code>feohta&amp;d;</code>,1,0.0001623
581,feondum,<code>feondum</code>,1,0.0001623
581,feor&eth;a,<code>feor&amp;d;a</code>,1,0.0001623
581,feor&thorn;e,<code>feor&amp;t;e</code>,1,0.0001623
581,feore,<code>feore</code>,1,0.0001623
581,feorh,<code>feorh</code>,1,0.0001623
581,feowerscyte,<code>feowerscyte</code>,1,0.0001623
581,feowertig,<code>feowertig</code>,1,0.0001623
581,ferde,<code>ferde</code>,1,0.0001623
581,fiend,<code>fiend</code>,1,0.0001623
581,fierd,<code>fierd</code>,1,0.0001623
581,fildum,<code>fildum</code>,1,0.0001623
581,finger,<code>finger</code>,1,0.0001623
581,firenlustum,<code>firenlustum</code>,1,0.0001623
581,firr,<code>firr</code>,1,0.0001623
581,first,<code>first</code>,1,0.0001623
581,firste,<code>firste</code>,1,0.0001623
581,fiscere,<code>fiscere</code>,1,0.0001623
581,flede,<code>flede</code>,1,0.0001623
581,fledu,<code>fledu</code>,1,0.0001623
581,floccm&aelig;lum,<code>floccm&amp;ae;lum</code>,1,0.0001623
581,folca,<code>folca</code>,1,0.0001623
581,folcgefeohte,<code>folcgefeohte</code>,1,0.0001623
581,folcgefeohtum,<code>folcgefeohtum</code>,1,0.0001623
581,foln&aelig;h,<code>foln&amp;ae;h</code>,1,0.0001623
581,folneah,<code>folneah</code>,1,0.0001623
581,forb&aelig;rnde,<code>forb&amp;ae;rnde</code>,1,0.0001623
581,forb&aelig;rnden,<code>forb&amp;ae;rnden</code>,1,0.0001623
581,forb&aelig;rndon,<code>forb&amp;ae;rndon</code>,1,0.0001623
581,forb&aelig;rnede,<code>forb&amp;ae;rnede</code>,1,0.0001623
581,forcu&eth;ran,<code>forcu&amp;d;ran</code>,1,0.0001623
581,fordraf,<code>fordraf</code>,1,0.0001623
581,forgeald,<code>forgeald</code>,1,0.0001623
581,forgeatan,<code>forgeatan</code>,1,0.0001623
581,forhergeade,<code>forhergeade</code>,1,0.0001623
581,forhergiunge,<code>forhergiunge</code>,1,0.0001623
581,forheriunge,<code>forheriunge</code>,1,0.0001623
581,forl&aelig;tan,<code>forl&amp;ae;tan</code>,1,0.0001623
581,forleosan,<code>forleosan</code>,1,0.0001623
581,forleten,<code>forleten</code>,1,0.0001623
581,forme,<code>forme</code>,1,0.0001623
581,forn&aelig;h,<code>forn&amp;ae;h</code>,1,0.0001623
581,forneah,<code>forneah</code>,1,0.0001623
581,forseah,<code>forseah</code>,1,0.0001623
581,forsl&aelig;gen,<code>forsl&amp;ae;gen</code>,1,0.0001623
581,forslagen,<code>forslagen</code>,1,0.0001623
581,forslog,<code>forslog</code>,1,0.0001623
581,forsoc,<code>forsoc</code>,1,0.0001623
581,forweor&thorn;an,<code>forweor&amp;t;an</code>,1,0.0001623
581,forwiernan,<code>forwiernan</code>,1,0.0001623
581,forwiernde,<code>forwiernde</code>,1,0.0001623
581,forwierndon,<code>forwierndon</code>,1,0.0001623
581,forwordene,<code>forwordene</code>,1,0.0001623
581,forwurde,<code>forwurde</code>,1,0.0001623
581,forwyrcan,<code>forwyrcan</code>,1,0.0001623
581,fotum,<code>fotum</code>,1,0.0001623
581,fraco&thorn;ast,<code>fraco&amp;t;ast</code>,1,0.0001623
581,freodom,<code>freodom</code>,1,0.0001623
581,freodome,<code>freodome</code>,1,0.0001623
581,freond,<code>freond</code>,1,0.0001623
581,freondscipes,<code>freondscipes</code>,1,0.0001623
581,frumsl&aelig;pe,<code>frumsl&amp;ae;pe</code>,1,0.0001623
581,fuhton,<code>fuhton</code>,1,0.0001623
581,full,<code>full</code>,1,0.0001623
581,funde,<code>funde</code>,1,0.0001623
581,fylle,<code>fylle</code>,1,0.0001623
581,fylstan,<code>fylstan</code>,1,0.0001623
581,fyre,<code>fyre</code>,1,0.0001623
581,fyrste,<code>fyrste</code>,1,0.0001623
581,gafole,<code>gafole</code>,1,0.0001623
581,galliscum,<code>galliscum</code>,1,0.0001623
581,gandes,<code>gandes</code>,1,0.0001623
581,gangan,<code>gangan</code>,1,0.0001623
581,ge&thorn;afiende,<code>ge&amp;t;afiende</code>,1,0.0001623
581,ge&thorn;uhte,<code>ge&amp;t;uhte</code>,1,0.0001623
581,geahsade,<code>geahsade</code>,1,0.0001623
581,geahsian,<code>geahsian</code>,1,0.0001623
581,geata,<code>geata</code>,1,0.0001623
581,geate,<code>geate</code>,1,0.0001623
581,gebetan,<code>gebetan</code>,1,0.0001623
581,gebindan,<code>gebindan</code>,1,0.0001623
581,gebismrad,<code>gebismrad</code>,1,0.0001623
581,gebismrade,<code>gebismrade</code>,1,0.0001623
581,gebletsade,<code>gebletsade</code>,1,0.0001623
581,gebogene,<code>gebogene</code>,1,0.0001623
581,gebolgen,<code>gebolgen</code>,1,0.0001623
581,gebro&eth;rum,<code>gebro&amp;d;rum</code>,1,0.0001623
581,gebulgon,<code>gebulgon</code>,1,0.0001623
581,gebun,<code>gebun</code>,1,0.0001623
581,gebundene,<code>gebundene</code>,1,0.0001623
581,geceas,<code>geceas</code>,1,0.0001623
581,gecierdon,<code>gecierdon</code>,1,0.0001623
581,gecr&aelig;ftgade,<code>gecr&amp;ae;ftgade</code>,1,0.0001623
581,gecw&aelig;&eth;,<code>gecw&amp;ae;&amp;d;</code>,1,0.0001623
581,gecw&aelig;dan,<code>gecw&amp;ae;dan</code>,1,0.0001623
581,gecy&thorn;an,<code>gecy&amp;t;an</code>,1,0.0001623
581,gedelfe,<code>gedelfe</code>,1,0.0001623
581,gedyden,<code>gedyden</code>,1,0.0001623
581,gedydon,<code>gedydon</code>,1,0.0001623
581,geea&eth;medde,<code>geea&amp;d;medde</code>,1,0.0001623
581,geendad,<code>geendad</code>,1,0.0001623
581,geendade,<code>geendade</code>,1,0.0001623
581,geendian,<code>geendian</code>,1,0.0001623
581,geendod,<code>geendod</code>,1,0.0001623
581,geendodon,<code>geendodon</code>,1,0.0001623
581,gefangen,<code>gefangen</code>,1,0.0001623
581,gefaren,<code>gefaren</code>,1,0.0001623
581,gefarenan,<code>gefarenan</code>,1,0.0001623
581,gefeccean,<code>gefeccean</code>,1,0.0001623
581,gefeng,<code>gefeng</code>,1,0.0001623
581,gefengon,<code>gefengon</code>,1,0.0001623
581,gefeollan,<code>gefeollan</code>,1,0.0001623
581,geferena,<code>geferena</code>,1,0.0001623
581,geferum,<code>geferum</code>,1,0.0001623
581,gefongene,<code>gefongene</code>,1,0.0001623
581,gefr&aelig;twedum,<code>gefr&amp;ae;twedum</code>,1,0.0001623
581,gefremman,<code>gefremman</code>,1,0.0001623
581,gegaderedon,<code>gegaderedon</code>,1,0.0001623
581,gegaderod,<code>gegaderod</code>,1,0.0001623
581,gegaderode,<code>gegaderode</code>,1,0.0001623
581,gegiered,<code>gegiered</code>,1,0.0001623
581,gehalgod,<code>gehalgod</code>,1,0.0001623
581,gehet,<code>gehet</code>,1,0.0001623
581,geheton,<code>geheton</code>,1,0.0001623
581,gehroren,<code>gehroren</code>,1,0.0001623
581,gehulpe,<code>gehulpe</code>,1,0.0001623
581,gehwearf,<code>gehwearf</code>,1,0.0001623
581,gel&aelig;dan,<code>gel&amp;ae;dan</code>,1,0.0001623
581,gel&aelig;sten,<code>gel&amp;ae;sten</code>,1,0.0001623
581,gelette,<code>gelette</code>,1,0.0001623
581,geliefanne,<code>geliefanne</code>,1,0.0001623
581,geliefedlice,<code>geliefedlice</code>,1,0.0001623
581,geligre,<code>geligre</code>,1,0.0001623
581,gelimplice,<code>gelimplice</code>,1,0.0001623
581,gelytlade,<code>gelytlade</code>,1,0.0001623
581,gem&aelig;nelice,<code>gem&amp;ae;nelice</code>,1,0.0001623
581,gemetgian,<code>gemetgian</code>,1,0.0001623
581,gemetgunge,<code>gemetgunge</code>,1,0.0001623
581,gemunan,<code>gemunan</code>,1,0.0001623
581,gemunden,<code>gemunden</code>,1,0.0001623
581,gemyndgade,<code>gemyndgade</code>,1,0.0001623
581,genamen,<code>genamen</code>,1,0.0001623
581,genamon,<code>genamon</code>,1,0.0001623
581,generian,<code>generian</code>,1,0.0001623
581,geni&eth;erade,<code>geni&amp;d;erade</code>,1,0.0001623
581,geniedan,<code>geniedan</code>,1,0.0001623
581,genieddon,<code>genieddon</code>,1,0.0001623
581,genoh,<code>genoh</code>,1,0.0001623
581,geomriende,<code>geomriende</code>,1,0.0001623
581,georne,<code>georne</code>,1,0.0001623
581,geornfulran,<code>geornfulran</code>,1,0.0001623
581,geornor,<code>geornor</code>,1,0.0001623
581,geortriewe,<code>geortriewe</code>,1,0.0001623
581,ger,<code>ger</code>,1,0.0001623
581,gerahte,<code>gerahte</code>,1,0.0001623
581,gerestan,<code>gerestan</code>,1,0.0001623
581,gerimanne,<code>gerimanne</code>,1,0.0001623
581,gerisenlicre,<code>gerisenlicre</code>,1,0.0001623
581,ges&aelig;d,<code>ges&amp;ae;d</code>,1,0.0001623
581,gesawan,<code>gesawan</code>,1,0.0001623
581,gesawon,<code>gesawon</code>,1,0.0001623
581,gescadwislecor,<code>gescadwislecor</code>,1,0.0001623
581,gescend,<code>gescend</code>,1,0.0001623
581,gescild,<code>gescild</code>,1,0.0001623
581,gescildan,<code>gescildan</code>,1,0.0001623
581,geseald,<code>geseald</code>,1,0.0001623
581,gesecgean,<code>gesecgean</code>,1,0.0001623
581,gesecgenne,<code>gesecgenne</code>,1,0.0001623
581,gesemed,<code>gesemed</code>,1,0.0001623
581,gesemede,<code>gesemede</code>,1,0.0001623
581,geset,<code>geset</code>,1,0.0001623
581,gesettan,<code>gesettan</code>,1,0.0001623
581,gesewen,<code>gesewen</code>,1,0.0001623
581,gesiene,<code>gesiene</code>,1,0.0001623
581,gesl&aelig;gen,<code>gesl&amp;ae;gen</code>,1,0.0001623
581,gespon,<code>gespon</code>,1,0.0001623
581,gesprecen,<code>gesprecen</code>,1,0.0001623
581,gesunde,<code>gesunde</code>,1,0.0001623
581,gesweotolad,<code>gesweotolad</code>,1,0.0001623
581,geswi&eth;rad,<code>geswi&amp;d;rad</code>,1,0.0001623
581,gesworan,<code>gesworan</code>,1,0.0001623
581,gesworen,<code>gesworen</code>,1,0.0001623
581,getacnod,<code>getacnod</code>,1,0.0001623
581,geteah,<code>geteah</code>,1,0.0001623
581,getimbredon,<code>getimbredon</code>,1,0.0001623
581,getriewdon,<code>getriewdon</code>,1,0.0001623
581,getruwade,<code>getruwade</code>,1,0.0001623
581,getruwedon,<code>getruwedon</code>,1,0.0001623
581,getyg&eth;edon,<code>getyg&amp;d;edon</code>,1,0.0001623
581,getyg&thorn;edon,<code>getyg&amp;t;edon</code>,1,0.0001623
581,geu&eth;en,<code>geu&amp;d;en</code>,1,0.0001623
581,geu&thorn;e,<code>geu&amp;t;e</code>,1,0.0001623
581,geuncl&aelig;nsade,<code>geuncl&amp;ae;nsade</code>,1,0.0001623
581,gewat,<code>gewat</code>,1,0.0001623
581,gewear&eth;,<code>gewear&amp;d;</code>,1,0.0001623
581,gewician,<code>gewician</code>,1,0.0001623
581,gewiten,<code>gewiten</code>,1,0.0001623
581,gewordene,<code>gewordene</code>,1,0.0001623
581,geworhte,<code>geworhte</code>,1,0.0001623
581,gewunedon,<code>gewunedon</code>,1,0.0001623
581,gewurdon,<code>gewurdon</code>,1,0.0001623
581,gewyrht,<code>gewyrht</code>,1,0.0001623
581,giend,<code>giend</code>,1,0.0001623
581,gimstanum,<code>gimstanum</code>,1,0.0001623
581,gingra,<code>gingra</code>,1,0.0001623
581,giong,<code>giong</code>,1,0.0001623
581,gnornunge,<code>gnornunge</code>,1,0.0001623
581,godgieldum,<code>godgieldum</code>,1,0.0001623
581,godne,<code>godne</code>,1,0.0001623
581,godum,<code>godum</code>,1,0.0001623
581,golde,<code>golde</code>,1,0.0001623
581,goldes,<code>goldes</code>,1,0.0001623
581,gong,<code>gong</code>,1,0.0001623
581,grease,<code>grease</code>,1,0.0001623
581,grom,<code>grom</code>,1,0.0001623
581,h&aelig;&thorn;en,<code>h&amp;ae;&amp;t;en</code>,1,0.0001623
581,h&aelig;&thorn;ene,<code>h&amp;ae;&amp;t;ene</code>,1,0.0001623
581,h&aelig;bben,<code>h&amp;ae;bben</code>,1,0.0001623
581,h&aelig;t,<code>h&amp;ae;t</code>,1,0.0001623
581,h&aelig;te,<code>h&amp;ae;te</code>,1,0.0001623
581,h&aelig;tt,<code>h&amp;ae;tt</code>,1,0.0001623
581,habba&eth;,<code>habba&amp;d;</code>,1,0.0001623
581,habbanne,<code>habbanne</code>,1,0.0001623
581,handa,<code>handa</code>,1,0.0001623
581,hatton,<code>hatton</code>,1,0.0001623
581,heafda,<code>heafda</code>,1,0.0001623
581,heafe,<code>heafe</code>,1,0.0001623
581,heafodricu,<code>heafodricu</code>,1,0.0001623
581,heafodstedes,<code>heafodstedes</code>,1,0.0001623
581,healfan,<code>healfan</code>,1,0.0001623
581,heanlice,<code>heanlice</code>,1,0.0001623
581,heanlicne,<code>heanlicne</code>,1,0.0001623
581,hefenisc,<code>hefenisc</code>,1,0.0001623
581,hefon,<code>hefon</code>,1,0.0001623
581,heofodricu,<code>heofodricu</code>,1,0.0001623
581,heofonum,<code>heofonum</code>,1,0.0001623
581,heolde,<code>heolde</code>,1,0.0001623
581,hergeade,<code>hergeade</code>,1,0.0001623
581,hergiunga,<code>hergiunga</code>,1,0.0001623
581,hiersumedon,<code>hiersumedon</code>,1,0.0001623
581,hine,<code>hine</code>,1,0.0001623
581,hiran,<code>hiran</code>,1,0.0001623
581,hirsumeden,<code>hirsumeden</code>,1,0.0001623
581,hiwunge,<code>hiwunge</code>,1,0.0001623
581,holan,<code>holan</code>,1,0.0001623
581,hreosende,<code>hreosende</code>,1,0.0001623
581,hreowe,<code>hreowe</code>,1,0.0001623
581,hrofe,<code>hrofe</code>,1,0.0001623
581,htesseus,<code>htesseus</code>,1,0.0001623
581,hundeahtatig,<code>hundeahtatig</code>,1,0.0001623
581,hundeahtatigum,<code>hundeahtatigum</code>,1,0.0001623
581,hundseofontig,<code>hundseofontig</code>,1,0.0001623
581,hunger,<code>hunger</code>,1,0.0001623
581,hungor,<code>hungor</code>,1,0.0001623
581,hungres,<code>hungres</code>,1,0.0001623
581,huse,<code>huse</code>,1,0.0001623
581,hw&aelig;&eth;ere,<code>hw&amp;ae;&amp;d;ere</code>,1,0.0001623
581,hw&aelig;&thorn;ere,<code>hw&amp;ae;&amp;t;ere</code>,1,0.0001623
581,hw&aelig;r,<code>hw&amp;ae;r</code>,1,0.0001623
581,hwelce,<code>hwelce</code>,1,0.0001623
581,hwelcne,<code>hwelcne</code>,1,0.0001623
581,hwierfan,<code>hwierfan</code>,1,0.0001623
581,hwit,<code>hwit</code>,1,0.0001623
581,hwonne,<code>hwonne</code>,1,0.0001623
581,ie,<code>ie</code>,1,0.0001623
581,ie&eth;re,<code>ie&amp;d;re</code>,1,0.0001623
581,ie&thorn;elice,<code>ie&amp;t;elice</code>,1,0.0001623
581,ierm&thorn;o,<code>ierm&amp;t;o</code>,1,0.0001623
581,ierm&thorn;um,<code>ierm&amp;t;um</code>,1,0.0001623
581,iermingas,<code>iermingas</code>,1,0.0001623
581,iiiix,<code>iiiix</code>,1,0.0001623
581,ilca,<code>ilca</code>,1,0.0001623
581,ilce,<code>ilce</code>,1,0.0001623
581,indie,<code>indie</code>,1,0.0001623
581,ingewinn,<code>ingewinn</code>,1,0.0001623
581,into,<code>into</code>,1,0.0001623
581,irnende,<code>irnende</code>,1,0.0001623
581,irre,<code>irre</code>,1,0.0001623
581,l,<code>l</code>,1,0.0001623
581,l&aelig;cedamania,<code>l&amp;ae;cedamania</code>,1,0.0001623
581,l&aelig;cedemoniam,<code>l&amp;ae;cedemoniam</code>,1,0.0001623
581,l&aelig;cedemonium,<code>l&amp;ae;cedemonium</code>,1,0.0001623
581,l&aelig;fed,<code>l&amp;ae;fed</code>,1,0.0001623
581,l&aelig;g,<code>l&amp;ae;g</code>,1,0.0001623
581,l&aelig;rende,<code>l&amp;ae;rende</code>,1,0.0001623
581,l&aelig;sse,<code>l&amp;ae;sse</code>,1,0.0001623
581,l&aelig;ssena,<code>l&amp;ae;ssena</code>,1,0.0001623
581,l&aelig;st,<code>l&amp;ae;st</code>,1,0.0001623
581,la&eth;ran,<code>la&amp;d;ran</code>,1,0.0001623
581,la&eth;spel,<code>la&amp;d;spel</code>,1,0.0001623
581,ladteowas,<code>ladteowas</code>,1,0.0001623
581,lande,<code>lande</code>,1,0.0001623
581,landes,<code>landes</code>,1,0.0001623
581,landrice,<code>landrice</code>,1,0.0001623
581,leo&eth;um,<code>leo&amp;d;um</code>,1,0.0001623
581,leodum,<code>leodum</code>,1,0.0001623
581,leofre,<code>leofre</code>,1,0.0001623
581,leoni&eth;an,<code>leoni&amp;d;an</code>,1,0.0001623
581,li&eth;es,<code>li&amp;d;es</code>,1,0.0001623
581,li&thorn;a,<code>li&amp;t;a</code>,1,0.0001623
581,libba&eth;,<code>libba&amp;d;</code>,1,0.0001623
581,libbende,<code>libbende</code>,1,0.0001623
581,licgende,<code>licgende</code>,1,0.0001623
581,lii,<code>lii</code>,1,0.0001623
581,locianne,<code>locianne</code>,1,0.0001623
581,londf&aelig;stenne,<code>londf&amp;ae;stenne</code>,1,0.0001623
581,londgem&aelig;re,<code>londgem&amp;ae;re</code>,1,0.0001623
581,londleode,<code>londleode</code>,1,0.0001623
581,longian,<code>longian</code>,1,0.0001623
581,longsumast,<code>longsumast</code>,1,0.0001623
581,longsumere,<code>longsumere</code>,1,0.0001623
581,longsumlice,<code>longsumlice</code>,1,0.0001623
581,lucretie,<code>lucretie</code>,1,0.0001623
581,lucrettie,<code>lucrettie</code>,1,0.0001623
581,lufa&eth;,<code>lufa&amp;d;</code>,1,0.0001623
581,lustb&aelig;rlice,<code>lustb&amp;ae;rlice</code>,1,0.0001623
581,lutedan,<code>lutedan</code>,1,0.0001623
581,lv,<code>lv</code>,1,0.0001623
581,lytlan,<code>lytlan</code>,1,0.0001623
581,lytles,<code>lytles</code>,1,0.0001623
581,lytlum,<code>lytlum</code>,1,0.0001623
581,m&aelig;&eth;e,<code>m&amp;ae;&amp;d;e</code>,1,0.0001623
581,m&aelig;&thorn;e,<code>m&amp;ae;&amp;t;e</code>,1,0.0001623
581,m&aelig;d,<code>m&amp;ae;d</code>,1,0.0001623
581,m&aelig;g,<code>m&amp;ae;g</code>,1,0.0001623
581,m&aelig;ga,<code>m&amp;ae;ga</code>,1,0.0001623
581,m&aelig;gas,<code>m&amp;ae;gas</code>,1,0.0001623
581,m&aelig;gen,<code>m&amp;ae;gen</code>,1,0.0001623
581,m&aelig;gene,<code>m&amp;ae;gene</code>,1,0.0001623
581,m&aelig;genes,<code>m&amp;ae;genes</code>,1,0.0001623
581,m&aelig;genum,<code>m&amp;ae;genum</code>,1,0.0001623
581,m&aelig;ges,<code>m&amp;ae;ges</code>,1,0.0001623
581,m&aelig;hte,<code>m&amp;ae;hte</code>,1,0.0001623
581,m&aelig;r&thorn;a,<code>m&amp;ae;r&amp;t;a</code>,1,0.0001623
581,m&aelig;r&thorn;e,<code>m&amp;ae;r&amp;t;e</code>,1,0.0001623
581,m&aelig;rast,<code>m&amp;ae;rast</code>,1,0.0001623
581,man,<code>man</code>,1,0.0001623
581,mar&eth;onius,<code>mar&amp;d;onius</code>,1,0.0001623
581,mara,<code>mara</code>,1,0.0001623
581,marcuse,<code>marcuse</code>,1,0.0001623
581,mare,<code>mare</code>,1,0.0001623
581,mawe,<code>mawe</code>,1,0.0001623
581,me,<code>me</code>,1,0.0001623
581,me&eth;as,<code>me&amp;d;as</code>,1,0.0001623
581,me&eth;ie,<code>me&amp;d;ie</code>,1,0.0001623
581,mehtan,<code>mehtan</code>,1,0.0001623
581,membra&eth;,<code>membra&amp;d;</code>,1,0.0001623
581,mengeo,<code>mengeo</code>,1,0.0001623
581,menige,<code>menige</code>,1,0.0001623
581,merothonia,<code>merothonia</code>,1,0.0001623
581,micelness,<code>micelness</code>,1,0.0001623
581,micla,<code>micla</code>,1,0.0001623
581,miclan,<code>miclan</code>,1,0.0001623
581,miclena,<code>miclena</code>,1,0.0001623
581,miclian,<code>miclian</code>,1,0.0001623
581,middangearde,<code>middangearde</code>,1,0.0001623
581,middewearde,<code>middewearde</code>,1,0.0001623
581,mihtum,<code>mihtum</code>,1,0.0001623
581,mildelice,<code>mildelice</code>,1,0.0001623
581,mildheortnesse,<code>mildheortnesse</code>,1,0.0001623
581,mildsung,<code>mildsung</code>,1,0.0001623
581,mile,<code>mile</code>,1,0.0001623
581,misspeowe,<code>misspeowe</code>,1,0.0001623
581,mona&eth;,<code>mona&amp;d;</code>,1,0.0001623
581,moncwealm,<code>moncwealm</code>,1,0.0001623
581,moncwealme,<code>moncwealme</code>,1,0.0001623
581,moncwealmes,<code>moncwealmes</code>,1,0.0001623
581,moncynne,<code>moncynne</code>,1,0.0001623
581,moncynnes,<code>moncynnes</code>,1,0.0001623
581,monig,<code>monig</code>,1,0.0001623
581,monige,<code>monige</code>,1,0.0001623
581,monigfeald,<code>monigfeald</code>,1,0.0001623
581,monigfealdlecor,<code>monigfealdlecor</code>,1,0.0001623
581,monncwealmes,<code>monncwealmes</code>,1,0.0001623
581,monncynn,<code>monncynn</code>,1,0.0001623
581,mor&thorn;onius,<code>mor&amp;t;onius</code>,1,0.0001623
581,morotthome,<code>morotthome</code>,1,0.0001623
581,moston,<code>moston</code>,1,0.0001623
581,moton,<code>moton</code>,1,0.0001623
581,mulieses,<code>mulieses</code>,1,0.0001623
581,mutius,<code>mutius</code>,1,0.0001623
581,n&aelig;fdon,<code>n&amp;ae;fdon</code>,1,0.0001623
581,na&eth;ere,<code>na&amp;d;ere</code>,1,0.0001623
581,na&thorn;&aelig;r,<code>na&amp;t;&amp;ae;r</code>,1,0.0001623
581,nabba&eth;,<code>nabba&amp;d;</code>,1,0.0001623
581,nahton,<code>nahton</code>,1,0.0001623
581,naman,<code>naman</code>,1,0.0001623
581,name,<code>name</code>,1,0.0001623
581,nane,<code>nane</code>,1,0.0001623
581,nanes,<code>nanes</code>,1,0.0001623
581,nanne,<code>nanne</code>,1,0.0001623
581,nanre,<code>nanre</code>,1,0.0001623
581,nanuht,<code>nanuht</code>,1,0.0001623
581,neah,<code>neah</code>,1,0.0001623
581,near,<code>near</code>,1,0.0001623
581,nearwan,<code>nearwan</code>,1,0.0001623
581,neh,<code>neh</code>,1,0.0001623
581,nemnede,<code>nemnede</code>,1,0.0001623
581,niede,<code>niede</code>,1,0.0001623
581,niedlingas,<code>niedlingas</code>,1,0.0001623
581,nihst,<code>nihst</code>,1,0.0001623
581,nihtes,<code>nihtes</code>,1,0.0001623
581,ninuse,<code>ninuse</code>,1,0.0001623
581,ninuses,<code>ninuses</code>,1,0.0001623
581,niwan,<code>niwan</code>,1,0.0001623
581,nor&eth;eweardum,<code>nor&amp;d;eweardum</code>,1,0.0001623
581,nysten,<code>nysten</code>,1,0.0001623
581,nyttan,<code>nyttan</code>,1,0.0001623
581,nytte,<code>nytte</code>,1,0.0001623
581,o&eth;&eth;e,<code>o&amp;d;&amp;d;e</code>,1,0.0001623
581,o&eth;&thorn;e,<code>o&amp;d;&amp;t;e</code>,1,0.0001623
581,o&eth;er,<code>o&amp;d;er</code>,1,0.0001623
581,o&eth;erum,<code>o&amp;d;erum</code>,1,0.0001623
581,o&eth;fleon,<code>o&amp;d;fleon</code>,1,0.0001623
581,o&eth;hydan,<code>o&amp;d;hydan</code>,1,0.0001623
581,o&thorn;erne,<code>o&amp;t;erne</code>,1,0.0001623
581,o&thorn;erra,<code>o&amp;t;erra</code>,1,0.0001623
581,o&thorn;erre,<code>o&amp;t;erre</code>,1,0.0001623
581,o&thorn;eru,<code>o&amp;t;eru</code>,1,0.0001623
581,o&thorn;re,<code>o&amp;t;re</code>,1,0.0001623
581,o&thorn;rum,<code>o&amp;t;rum</code>,1,0.0001623
581,of&thorn;yncendum,<code>of&amp;t;yncendum</code>,1,0.0001623
581,ofbeotan,<code>ofbeotan</code>,1,0.0001623
581,ofercumen,<code>ofercumen</code>,1,0.0001623
581,oferfaran,<code>oferfaran</code>,1,0.0001623
581,oferfor,<code>oferfor</code>,1,0.0001623
581,oferhergeade,<code>oferhergeade</code>,1,0.0001623
581,oferm&aelig;tan,<code>oferm&amp;ae;tan</code>,1,0.0001623
581,ofermodgan,<code>ofermodgan</code>,1,0.0001623
581,ofermodgast,<code>ofermodgast</code>,1,0.0001623
581,ofermodgestana,<code>ofermodgestana</code>,1,0.0001623
581,oferwadan,<code>oferwadan</code>,1,0.0001623
581,oferwinnanne,<code>oferwinnanne</code>,1,0.0001623
581,oferwon,<code>oferwon</code>,1,0.0001623
581,ofsl&aelig;gene,<code>ofsl&amp;ae;gene</code>,1,0.0001623
581,ofslagen,<code>ofslagen</code>,1,0.0001623
581,ofslagenra,<code>ofslagenra</code>,1,0.0001623
581,ofslogan,<code>ofslogan</code>,1,0.0001623
581,ofslogon,<code>ofslogon</code>,1,0.0001623
581,oncnawan,<code>oncnawan</code>,1,0.0001623
581,oncnewen,<code>oncnewen</code>,1,0.0001623
581,ondr&aelig;dinge,<code>ondr&amp;ae;dinge</code>,1,0.0001623
581,ondredon,<code>ondredon</code>,1,0.0001623
581,onfeng,<code>onfeng</code>,1,0.0001623
581,onfengen,<code>onfengen</code>,1,0.0001623
581,onfeohtan,<code>onfeohtan</code>,1,0.0001623
581,ongeaten,<code>ongeaten</code>,1,0.0001623
581,onginn,<code>onginn</code>,1,0.0001623
581,ongon,<code>ongon</code>,1,0.0001623
581,onwaldas,<code>onwaldas</code>,1,0.0001623
581,onwaldes,<code>onwaldes</code>,1,0.0001623
581,onwealg,<code>onwealg</code>,1,0.0001623
581,orm&aelig;tan,<code>orm&amp;ae;tan</code>,1,0.0001623
581,persiscan,<code>persiscan</code>,1,0.0001623
581,persum,<code>persum</code>,1,0.0001623
581,pinedon,<code>pinedon</code>,1,0.0001623
581,pleolecestan,<code>pleolecestan</code>,1,0.0001623
581,porsennes,<code>porsennes</code>,1,0.0001623
581,procose,<code>procose</code>,1,0.0001623
581,ptolome,<code>ptolome</code>,1,0.0001623
581,publia,<code>publia</code>,1,0.0001623
581,punda,<code>punda</code>,1,0.0001623
581,r&aelig;d&thorn;eahteras,<code>r&amp;ae;d&amp;t;eahteras</code>,1,0.0001623
581,ra&eth;or,<code>ra&amp;d;or</code>,1,0.0001623
581,reafung,<code>reafung</code>,1,0.0001623
581,remuse,<code>remuse</code>,1,0.0001623
581,remuses,<code>remuses</code>,1,0.0001623
581,rica,<code>rica</code>,1,0.0001623
581,rican,<code>rican</code>,1,0.0001623
581,rices,<code>rices</code>,1,0.0001623
581,ridan,<code>ridan</code>,1,0.0001623
581,romebyrg,<code>romebyrg</code>,1,0.0001623
581,romules,<code>romules</code>,1,0.0001623
581,romuluses,<code>romuluses</code>,1,0.0001623
581,romware,<code>romware</code>,1,0.0001623
581,ryhte,<code>ryhte</code>,1,0.0001623
581,ryhtlicran,<code>ryhtlicran</code>,1,0.0001623
581,ryhtne,<code>ryhtne</code>,1,0.0001623
581,s&aelig;flod,<code>s&amp;ae;flod</code>,1,0.0001623
581,s&aelig;gde,<code>s&amp;ae;gde</code>,1,0.0001623
581,s&aelig;gden,<code>s&amp;ae;gden</code>,1,0.0001623
581,sabina,<code>sabina</code>,1,0.0001623
581,saglum,<code>saglum</code>,1,0.0001623
581,same,<code>same</code>,1,0.0001623
581,sc&aelig;l,<code>sc&amp;ae;l</code>,1,0.0001623
581,sceal,<code>sceal</code>,1,0.0001623
581,sceolan,<code>sceolan</code>,1,0.0001623
581,sceoldan,<code>sceoldan</code>,1,0.0001623
581,sci&eth;&thorn;ie,<code>sci&amp;d;&amp;t;ie</code>,1,0.0001623
581,sci&thorn;&thorn;ium,<code>sci&amp;t;&amp;t;ium</code>,1,0.0001623
581,scipfierde,<code>scipfierde</code>,1,0.0001623
581,scipun,<code>scipun</code>,1,0.0001623
581,sconde,<code>sconde</code>,1,0.0001623
581,scondlicost,<code>scondlicost</code>,1,0.0001623
581,scopleo&eth;um,<code>scopleo&amp;d;um</code>,1,0.0001623
581,scortlice,<code>scortlice</code>,1,0.0001623
581,searawrence,<code>searawrence</code>,1,0.0001623
581,searwum,<code>searwum</code>,1,0.0001623
581,secan,<code>secan</code>,1,0.0001623
581,secean,<code>secean</code>,1,0.0001623
581,secgan,<code>secgan</code>,1,0.0001623
581,secganne,<code>secganne</code>,1,0.0001623
581,secgean,<code>secgean</code>,1,0.0001623
581,seldsiene,<code>seldsiene</code>,1,0.0001623
581,sende,<code>sende</code>,1,0.0001623
581,sendon,<code>sendon</code>,1,0.0001623
581,senno,<code>senno</code>,1,0.0001623
581,seofe&eth;a,<code>seofe&amp;d;a</code>,1,0.0001623
581,seofon,<code>seofon</code>,1,0.0001623
581,sette,<code>sette</code>,1,0.0001623
581,settende,<code>settende</code>,1,0.0001623
581,setton,<code>setton</code>,1,0.0001623
581,si&eth;&eth;an,<code>si&amp;d;&amp;d;an</code>,1,0.0001623
581,si&eth;&thorn;an,<code>si&amp;d;&amp;t;an</code>,1,0.0001623
581,si&eth;meste,<code>si&amp;d;meste</code>,1,0.0001623
581,si&thorn;emestan,<code>si&amp;t;emestan</code>,1,0.0001623
581,sibbe,<code>sibbe</code>,1,0.0001623
581,sica&eth;,<code>sica&amp;d;</code>,1,0.0001623
581,sicilie,<code>sicilie</code>,1,0.0001623
581,sicilium,<code>sicilium</code>,1,0.0001623
581,siluian,<code>siluian</code>,1,0.0001623
581,siluie,<code>siluie</code>,1,0.0001623
581,simbel,<code>simbel</code>,1,0.0001623
581,siolfre,<code>siolfre</code>,1,0.0001623
581,sittan,<code>sittan</code>,1,0.0001623
581,sl&aelig;d,<code>sl&amp;ae;d</code>,1,0.0001623
581,sleande,<code>sleande</code>,1,0.0001623
581,sleges,<code>sleges</code>,1,0.0001623
581,slihtum,<code>slihtum</code>,1,0.0001623
581,slogan,<code>slogan</code>,1,0.0001623
581,snelra,<code>snelra</code>,1,0.0001623
581,so&eth;,<code>so&amp;d;</code>,1,0.0001623
581,sohton,<code>sohton</code>,1,0.0001623
581,spell,<code>spell</code>,1,0.0001623
581,spr&aelig;ce,<code>spr&amp;ae;ce</code>,1,0.0001623
581,spr&aelig;con,<code>spr&amp;ae;con</code>,1,0.0001623
581,sprecan,<code>sprecan</code>,1,0.0001623
581,sprece,<code>sprece</code>,1,0.0001623
581,st&aelig;nce,<code>st&amp;ae;nce</code>,1,0.0001623
581,st&aelig;nenum,<code>st&amp;ae;nenum</code>,1,0.0001623
581,st&aelig;rwriteras,<code>st&amp;ae;rwriteras</code>,1,0.0001623
581,stane,<code>stane</code>,1,0.0001623
581,stellende,<code>stellende</code>,1,0.0001623
581,stod,<code>stod</code>,1,0.0001623
581,stowe,<code>stowe</code>,1,0.0001623
581,stronges,<code>stronges</code>,1,0.0001623
581,su&eth;weardum,<code>su&amp;d;weardum</code>,1,0.0001623
581,sulh,<code>sulh</code>,1,0.0001623
581,sumum,<code>sumum</code>,1,0.0001623
581,sunde,<code>sunde</code>,1,0.0001623
581,swa&thorn;eah,<code>swa&amp;t;eah</code>,1,0.0001623
581,sweflene,<code>sweflene</code>,1,0.0001623
581,swelcerra,<code>swelcerra</code>,1,0.0001623
581,swelcum,<code>swelcum</code>,1,0.0001623
581,sweostor,<code>sweostor</code>,1,0.0001623
581,swetes,<code>swetes</code>,1,0.0001623
581,swi&eth;or,<code>swi&amp;d;or</code>,1,0.0001623
581,swi&eth;ost,<code>swi&amp;d;ost</code>,1,0.0001623
581,swicdom,<code>swicdom</code>,1,0.0001623
581,swicdome,<code>swicdome</code>,1,0.0001623
581,swingan,<code>swingan</code>,1,0.0001623
581,syndrig,<code>syndrig</code>,1,0.0001623
581,t&aelig;la&eth;,<code>t&amp;ae;la&amp;d;</code>,1,0.0001623
581,tacne,<code>tacne</code>,1,0.0001623
581,tacnung,<code>tacnung</code>,1,0.0001623
581,tacnunge,<code>tacnunge</code>,1,0.0001623
581,teonde,<code>teonde</code>,1,0.0001623
581,tictator,<code>tictator</code>,1,0.0001623
581,tictatore,<code>tictatore</code>,1,0.0001623
581,tictatores,<code>tictatores</code>,1,0.0001623
581,tide,<code>tide</code>,1,0.0001623
581,tidum,<code>tidum</code>,1,0.0001623
581,tidun,<code>tidun</code>,1,0.0001623
581,tigelan,<code>tigelan</code>,1,0.0001623
581,timbran,<code>timbran</code>,1,0.0001623
581,tita,<code>tita</code>,1,0.0001623
581,tod&aelig;ge,<code>tod&amp;ae;ge</code>,1,0.0001623
581,toeacan,<code>toeacan</code>,1,0.0001623
581,tofarene,<code>tofarene</code>,1,0.0001623
581,tog&aelig;dere,<code>tog&amp;ae;dere</code>,1,0.0001623
581,toweard,<code>toweard</code>,1,0.0001623
581,towearp,<code>towearp</code>,1,0.0001623
581,treowa,<code>treowa</code>,1,0.0001623
581,triumpheum,<code>triumpheum</code>,1,0.0001623
581,troges,<code>troges</code>,1,0.0001623
581,troia,<code>troia</code>,1,0.0001623
581,truman,<code>truman</code>,1,0.0001623
581,tunum,<code>tunum</code>,1,0.0001623
581,tuscea,<code>tuscea</code>,1,0.0001623
581,tusci,<code>tusci</code>,1,0.0001623
581,twegea,<code>twegea</code>,1,0.0001623
581,twywyrdige,<code>twywyrdige</code>,1,0.0001623
581,tyncenum,<code>tyncenum</code>,1,0.0001623
581,u&thorn;e,<code>u&amp;t;e</code>,1,0.0001623
581,uauius,<code>uauius</code>,1,0.0001623
581,ueigentes,<code>ueigentes</code>,1,0.0001623
581,ueiorum,<code>ueiorum</code>,1,0.0001623
581,un&eth;ances,<code>un&amp;d;ances</code>,1,0.0001623
581,unablinnendlice,<code>unablinnendlice</code>,1,0.0001623
581,unarimedlican,<code>unarimedlican</code>,1,0.0001623
581,unarimedlice,<code>unarimedlice</code>,1,0.0001623
581,unasecgendlicre,<code>unasecgendlicre</code>,1,0.0001623
581,uncl&aelig;nnessa,<code>uncl&amp;ae;nnessa</code>,1,0.0001623
581,uncu&eth;e,<code>uncu&amp;d;e</code>,1,0.0001623
581,under&thorn;eowas,<code>under&amp;t;eowas</code>,1,0.0001623
581,under&thorn;ieded,<code>under&amp;t;ieded</code>,1,0.0001623
581,underfeng,<code>underfeng</code>,1,0.0001623
581,underfengon,<code>underfengon</code>,1,0.0001623
581,underngereorde,<code>underngereorde</code>,1,0.0001623
581,undernmetes,<code>undernmetes</code>,1,0.0001623
581,unea&eth;e,<code>unea&amp;d;e</code>,1,0.0001623
581,unea&thorn;e,<code>unea&amp;t;e</code>,1,0.0001623
581,unge&thorn;w&aelig;rnes,<code>unge&amp;t;w&amp;ae;rnes</code>,1,0.0001623
581,ungefoglecesta,<code>ungefoglecesta</code>,1,0.0001623
581,ungelice,<code>ungelice</code>,1,0.0001623
581,ungemet,<code>ungemet</code>,1,0.0001623
581,ungemetlic,<code>ungemetlic</code>,1,0.0001623
581,ungemetlican,<code>ungemetlican</code>,1,0.0001623
581,ungemetlice,<code>ungemetlice</code>,1,0.0001623
581,ungerade,<code>ungerade</code>,1,0.0001623
581,unget&aelig;sran,<code>unget&amp;ae;sran</code>,1,0.0001623
581,unmetlican,<code>unmetlican</code>,1,0.0001623
581,unmiltsunge,<code>unmiltsunge</code>,1,0.0001623
581,unryhtum,<code>unryhtum</code>,1,0.0001623
581,unryhtwisestana,<code>unryhtwisestana</code>,1,0.0001623
581,untweogendlice,<code>untweogendlice</code>,1,0.0001623
581,unweor&eth;e,<code>unweor&amp;d;e</code>,1,0.0001623
581,unweor&thorn;,<code>unweor&amp;t;</code>,1,0.0001623
581,ures,<code>ures</code>,1,0.0001623
581,urum,<code>urum</code>,1,0.0001623
581,utan,<code>utan</code>,1,0.0001623
581,utera,<code>utera</code>,1,0.0001623
581,v,<code>v</code>,1,0.0001623
581,viii,<code>viii</code>,1,0.0001623
581,w&aelig;l,<code>w&amp;ae;l</code>,1,0.0001623
581,w&aelig;stmb&aelig;ro,<code>w&amp;ae;stmb&amp;ae;ro</code>,1,0.0001623
581,w&aelig;teres,<code>w&amp;ae;teres</code>,1,0.0001623
581,ware,<code>ware</code>,1,0.0001623
581,wealdan,<code>wealdan</code>,1,0.0001623
581,wealle,<code>wealle</code>,1,0.0001623
581,weaxan,<code>weaxan</code>,1,0.0001623
581,weaxe,<code>weaxe</code>,1,0.0001623
581,wel,<code>wel</code>,1,0.0001623
581,welegran,<code>welegran</code>,1,0.0001623
581,welegre,<code>welegre</code>,1,0.0001623
581,wendende,<code>wendende</code>,1,0.0001623
581,wenende,<code>wenende</code>,1,0.0001623
581,weor&eth;esta,<code>weor&amp;d;esta</code>,1,0.0001623
581,weor&eth;lice,<code>weor&amp;d;lice</code>,1,0.0001623
581,weor&thorn;an,<code>weor&amp;t;an</code>,1,0.0001623
581,weorca,<code>weorca</code>,1,0.0001623
581,weorode,<code>weorode</code>,1,0.0001623
581,wer,<code>wer</code>,1,0.0001623
581,wergende,<code>wergende</code>,1,0.0001623
581,werigan,<code>werigan</code>,1,0.0001623
581,wero&thorn;an,<code>wero&amp;t;an</code>,1,0.0001623
581,westan,<code>westan</code>,1,0.0001623
581,westast,<code>westast</code>,1,0.0001623
581,westd&aelig;le,<code>westd&amp;ae;le</code>,1,0.0001623
581,westeweardum,<code>westeweardum</code>,1,0.0001623
581,westrice,<code>westrice</code>,1,0.0001623
581,westweard,<code>westweard</code>,1,0.0001623
581,wi&eth;&aelig;ftan,<code>wi&amp;d;&amp;ae;ftan</code>,1,0.0001623
581,wi&eth;erflitan,<code>wi&amp;d;erflitan</code>,1,0.0001623
581,wi&eth;sacen,<code>wi&amp;d;sacen</code>,1,0.0001623
581,wi&eth;soc,<code>wi&amp;d;soc</code>,1,0.0001623
581,wi&eth;stod,<code>wi&amp;d;stod</code>,1,0.0001623
581,wi&eth;utan,<code>wi&amp;d;utan</code>,1,0.0001623
581,wi&thorn;erflitan,<code>wi&amp;t;erflitan</code>,1,0.0001623
581,wi&thorn;erwinnum,<code>wi&amp;t;erwinnum</code>,1,0.0001623
581,wi&thorn;habban,<code>wi&amp;t;habban</code>,1,0.0001623
581,wicstowa,<code>wicstowa</code>,1,0.0001623
581,wicstowe,<code>wicstowe</code>,1,0.0001623
581,wicstowum,<code>wicstowum</code>,1,0.0001623
581,wife,<code>wife</code>,1,0.0001623
581,wifmen,<code>wifmen</code>,1,0.0001623
581,wifmenn,<code>wifmenn</code>,1,0.0001623
581,wifmon,<code>wifmon</code>,1,0.0001623
581,wighusum,<code>wighusum</code>,1,0.0001623
581,willa&eth;,<code>willa&amp;d;</code>,1,0.0001623
581,willum,<code>willum</code>,1,0.0001623
581,wilnade,<code>wilnade</code>,1,0.0001623
581,win,<code>win</code>,1,0.0001623
581,wines,<code>wines</code>,1,0.0001623
581,winnanne,<code>winnanne</code>,1,0.0001623
581,wintrum,<code>wintrum</code>,1,0.0001623
581,wis,<code>wis</code>,1,0.0001623
581,wiston,<code>wiston</code>,1,0.0001623
581,wite,<code>wite</code>,1,0.0001623
581,wol,<code>wol</code>,1,0.0001623
581,wolb&aelig;rnes,<code>wolb&amp;ae;rnes</code>,1,0.0001623
581,wolbryne,<code>wolbryne</code>,1,0.0001623
581,wolden,<code>wolden</code>,1,0.0001623
581,wolgewinna,<code>wolgewinna</code>,1,0.0001623
581,wordon,<code>wordon</code>,1,0.0001623
581,wordum,<code>wordum</code>,1,0.0001623
581,worhte,<code>worhte</code>,1,0.0001623
581,worolde,<code>worolde</code>,1,0.0001623
581,worulde,<code>worulde</code>,1,0.0001623
581,wr&aelig;ccea,<code>wr&amp;ae;ccea</code>,1,0.0001623
581,wr&aelig;nast,<code>wr&amp;ae;nast</code>,1,0.0001623
581,wrecan,<code>wrecan</code>,1,0.0001623
581,wrecende,<code>wrecende</code>,1,0.0001623
581,wunder,<code>wunder</code>,1,0.0001623
581,wunderlecast,<code>wunderlecast</code>,1,0.0001623
581,wyhta,<code>wyhta</code>,1,0.0001623
581,wyn,<code>wyn</code>,1,0.0001623
581,wyrda,<code>wyrda</code>,1,0.0001623
581,wyrde,<code>wyrde</code>,1,0.0001623
581,wyrsan,<code>wyrsan</code>,1,0.0001623
581,wyrse,<code>wyrse</code>,1,0.0001623
581,xerse,<code>xerse</code>,1,0.0001623
581,xlii,<code>xlii</code>,1,0.0001623
581,xxx,<code>xxx</code>,1,0.0001623
581,yfeles,<code>yfeles</code>,1,0.0001623
581,yflian,<code>yflian</code>,1,0.0001623
581,ymbfaran,<code>ymbfaran</code>,1,0.0001623
581,ymbs&aelig;ton,<code>ymbs&amp;ae;ton</code>,1,0.0001623
581,ymbseten,<code>ymbseten</code>,1,0.0001623
581,ymbutan,<code>ymbutan</code>,1,0.0001623
