A_Poetry,A10,A10.006_DEdw_T01500.txt,132,104,172
RANK,HTML WORD,RAW WORD,COUNT,RELATIVE FREQUENCY
1,and,<code>and</code>,10,0.0581395
2,se,<code>se</code>,4,0.0232558
3,on,<code>on</code>,3,0.0174419
3,swa,<code>swa</code>,3,0.0174419
5,&aelig;&eth;elredes,<code>&amp;ae;&amp;d;elredes</code>,2,0.0116279
5,&thorn;&aelig;s,<code>&amp;t;&amp;ae;s</code>,2,0.0116279
5,&thorn;&aelig;t,<code>&amp;t;&amp;ae;t</code>,2,0.0116279
5,&thorn;eah,<code>&amp;t;eah</code>,2,0.0116279
5,becom,<code>becom</code>,2,0.0116279
5,deore,<code>deore</code>,2,0.0116279
5,eadward,<code>eadward</code>,2,0.0116279
5,engla,<code>engla</code>,2,0.0116279
5,eor&eth;an,<code>eor&amp;d;an</code>,2,0.0116279
5,gerimes,<code>gerimes</code>,2,0.0116279
5,he,<code>he</code>,2,0.0116279
5,her,<code>her</code>,2,0.0116279
5,holdlice,<code>holdlice</code>,2,0.0116279
5,in,<code>in</code>,2,0.0116279
5,menn,<code>menn</code>,2,0.0116279
5,rice,<code>rice</code>,2,0.0116279
5,sawle,<code>sawle</code>,2,0.0116279
5,so&thorn;f&aelig;ste,<code>so&amp;t;f&amp;ae;ste</code>,2,0.0116279
5,sy&eth;&eth;an,<code>sy&amp;d;&amp;d;an</code>,2,0.0116279
5,tid,<code>tid</code>,2,0.0116279
5,w&aelig;s,<code>w&amp;ae;s</code>,2,0.0116279
5,wealdend,<code>wealdend</code>,2,0.0116279
5,wintra,<code>wintra</code>,2,0.0116279
5,wunode,<code>wunode</code>,2,0.0116279
29,&aelig;&eth;ela,<code>&amp;ae;&amp;d;ela</code>,1,0.0058140
29,&aelig;&eth;elum,<code>&amp;ae;&amp;d;elum</code>,1,0.0058140
29,&aelig;&thorn;elne,<code>&amp;ae;&amp;t;elne</code>,1,0.0058140
29,&aelig;&thorn;elum,<code>&amp;ae;&amp;t;elum</code>,1,0.0058140
29,&aelig;r,<code>&amp;ae;r</code>,1,0.0058140
29,&thorn;e,<code>&amp;t;e</code>,1,0.0058140
29,&thorn;earf,<code>&amp;t;earf</code>,1,0.0058140
29,&thorn;eodkyninges,<code>&amp;t;eodkyninges</code>,1,0.0058140
29,&thorn;rage,<code>&amp;t;rage</code>,1,0.0058140
29,a,<code>a</code>,1,0.0058140
29,ag&aelig;lde,<code>ag&amp;ae;lde</code>,1,0.0058140
29,bealuleas,<code>bealuleas</code>,1,0.0058140
29,bef&aelig;ste,<code>bef&amp;ae;ste</code>,1,0.0058140
29,bereafod,<code>bereafod</code>,1,0.0058140
29,bewerode,<code>bewerode</code>,1,0.0058140
29,bitera,<code>bitera</code>,1,0.0058140
29,bli&eth;emod,<code>bli&amp;d;emod</code>,1,0.0058140
29,britnode,<code>britnode</code>,1,0.0058140
29,brymmas,<code>brymmas</code>,1,0.0058140
29,brytnodon,<code>brytnodon</code>,1,0.0058140
29,bryttum,<code>bryttum</code>,1,0.0058140
29,byre,<code>byre</code>,1,0.0058140
29,cealde,<code>cealde</code>,1,0.0058140
29,cl&aelig;ne,<code>cl&amp;ae;ne</code>,1,0.0058140
29,cnut,<code>cnut</code>,1,0.0058140
29,cr&aelig;ftig,<code>cr&amp;ae;ftig</code>,1,0.0058140
29,criste,<code>criste</code>,1,0.0058140
29,d&aelig;dum,<code>d&amp;ae;dum</code>,1,0.0058140
29,dea&eth;,<code>dea&amp;d;</code>,1,0.0058140
29,dena,<code>dena</code>,1,0.0058140
29,e&eth;el,<code>e&amp;d;el</code>,1,0.0058140
29,eac,<code>eac</code>,1,0.0058140
29,eadwarde,<code>eadwarde</code>,1,0.0058140
29,eall,<code>eall</code>,1,0.0058140
29,ealle,<code>ealle</code>,1,0.0058140
29,englas,<code>englas</code>,1,0.0058140
29,englum,<code>englum</code>,1,0.0058140
29,eorle,<code>eorle</code>,1,0.0058140
29,feredon,<code>feredon</code>,1,0.0058140
29,for&eth;,<code>for&amp;d;</code>,1,0.0058140
29,freolic,<code>freolic</code>,1,0.0058140
29,freolice,<code>freolice</code>,1,0.0058140
29,froda,<code>froda</code>,1,0.0058140
29,gast,<code>gast</code>,1,0.0058140
29,ge&thorn;ungen,<code>ge&amp;t;ungen</code>,1,0.0058140
29,geatwum,<code>geatwum</code>,1,0.0058140
29,genam,<code>genam</code>,1,0.0058140
29,geond,<code>geond</code>,1,0.0058140
29,god,<code>god</code>,1,0.0058140
29,godes,<code>godes</code>,1,0.0058140
29,h&aelig;le&eth;a,<code>h&amp;ae;le&amp;d;a</code>,1,0.0058140
29,h&aelig;rran,<code>h&amp;ae;rran</code>,1,0.0058140
29,hagestealde,<code>hagestealde</code>,1,0.0058140
29,haligne,<code>haligne</code>,1,0.0058140
29,harolde,<code>harolde</code>,1,0.0058140
29,heah&thorn;ungenum,<code>heah&amp;t;ungenum</code>,1,0.0058140
29,healfe,<code>healfe</code>,1,0.0058140
29,hlaford,<code>hlaford</code>,1,0.0058140
29,hyrde,<code>hyrde</code>,1,0.0058140
29,hyrdon,<code>hyrdon</code>,1,0.0058140
29,innan,<code>innan</code>,1,0.0058140
29,kingc,<code>kingc</code>,1,0.0058140
29,kinge,<code>kinge</code>,1,0.0058140
29,kyne&thorn;rymme,<code>kyne&amp;t;rymme</code>,1,0.0058140
29,kyng,<code>kyng</code>,1,0.0058140
29,kyningc,<code>kyningc</code>,1,0.0058140
29,kynn,<code>kynn</code>,1,0.0058140
29,kystum,<code>kystum</code>,1,0.0058140
29,land,<code>land</code>,1,0.0058140
29,lande,<code>lande</code>,1,0.0058140
29,landes,<code>landes</code>,1,0.0058140
29,lange,<code>lange</code>,1,0.0058140
29,leode,<code>leode</code>,1,0.0058140
29,leoht,<code>leoht</code>,1,0.0058140
29,lungre,<code>lungre</code>,1,0.0058140
29,milde,<code>milde</code>,1,0.0058140
29,ne,<code>ne</code>,1,0.0058140
29,o&eth;&thorn;&aelig;t,<code>o&amp;d;&amp;t;&amp;ae;t</code>,1,0.0058140
29,of,<code>of</code>,1,0.0058140
29,ofercom,<code>ofercom</code>,1,0.0058140
29,oretm&aelig;gcum,<code>oretm&amp;ae;gcum</code>,1,0.0058140
29,r&aelig;da,<code>r&amp;ae;da</code>,1,0.0058140
29,scottum,<code>scottum</code>,1,0.0058140
29,sende,<code>sende</code>,1,0.0058140
29,sexum,<code>sexum</code>,1,0.0058140
29,sinum,<code>sinum</code>,1,0.0058140
29,swegles,<code>swegles</code>,1,0.0058140
29,sylfum,<code>sylfum</code>,1,0.0058140
29,to,<code>to</code>,1,0.0058140
29,w&aelig;ra,<code>w&amp;ae;ra</code>,1,0.0058140
29,walum,<code>walum</code>,1,0.0058140
29,wel,<code>wel</code>,1,0.0058140
29,welan,<code>welan</code>,1,0.0058140
29,weolan,<code>weolan</code>,1,0.0058140
29,weold,<code>weold</code>,1,0.0058140
29,weoldon,<code>weoldon</code>,1,0.0058140
29,wide,<code>wide</code>,1,0.0058140
29,wihte,<code>wihte</code>,1,0.0058140
29,wordum,<code>wordum</code>,1,0.0058140
29,worulda,<code>worulda</code>,1,0.0058140
29,wr&aelig;clastum,<code>wr&amp;ae;clastum</code>,1,0.0058140
29,xxiiii,<code>xxiiii</code>,1,0.0058140
29,xxviii,<code>xxviii</code>,1,0.0058140
29,ymbclyppa&eth;,<code>ymbclyppa&amp;d;</code>,1,0.0058140
