A_Poetry,A10,A10.005_DAlf_T01490.txt,127,98,198
RANK,HTML WORD,RAW WORD,COUNT,RELATIVE FREQUENCY
1,man,<code>man</code>,8,0.0404040
2,and,<code>and</code>,7,0.0353535
2,sume,<code>sume</code>,7,0.0353535
4,hine,<code>hine</code>,6,0.0303030
4,swa,<code>swa</code>,6,0.0303030
6,he,<code>he</code>,5,0.0252525
6,on,<code>on</code>,5,0.0252525
6,to,<code>to</code>,5,0.0252525
9,&thorn;e,<code>&amp;t;e</code>,4,0.0202020
9,hi,<code>hi</code>,4,0.0202020
11,&thorn;a,<code>&amp;t;a</code>,3,0.0151515
11,&thorn;am,<code>&amp;t;am</code>,3,0.0151515
11,him,<code>him</code>,3,0.0151515
11,hit,<code>hit</code>,3,0.0151515
11,ne,<code>ne</code>,3,0.0151515
16,&aelig;&thorn;eling,<code>&amp;ae;&amp;t;eling</code>,2,0.0101010
16,&thorn;&aelig;t,<code>&amp;t;&amp;ae;t</code>,2,0.0101010
16,ac,<code>ac</code>,2,0.0101010
16,acwealde,<code>acwealde</code>,2,0.0101010
16,blende,<code>blende</code>,2,0.0101010
16,criste,<code>criste</code>,2,0.0101010
16,ful,<code>ful</code>,2,0.0101010
16,godwine,<code>godwine</code>,2,0.0101010
16,her,<code>her</code>,2,0.0101010
16,his,<code>his</code>,2,0.0101010
16,is,<code>is</code>,2,0.0101010
16,lyfode,<code>lyfode</code>,2,0.0101010
16,mid,<code>mid</code>,2,0.0101010
16,se,<code>se</code>,2,0.0101010
30,&aelig;&thorn;elr&aelig;des,<code>&amp;ae;&amp;t;elr&amp;ae;des</code>,1,0.0050505
30,&aelig;lc,<code>&amp;ae;lc</code>,1,0.0050505
30,&aelig;lfred,<code>&amp;ae;lfred</code>,1,0.0050505
30,&aelig;t,<code>&amp;ae;t</code>,1,0.0050505
30,&eth;a,<code>&amp;d;a</code>,1,0.0050505
30,&eth;am,<code>&amp;d;am</code>,1,0.0050505
30,&eth;an,<code>&amp;d;an</code>,1,0.0050505
30,&thorn;ar,<code>&amp;t;ar</code>,1,0.0050505
30,&thorn;eh,<code>&amp;t;eh</code>,1,0.0050505
30,&thorn;ison,<code>&amp;t;ison</code>,1,0.0050505
30,bende,<code>bende</code>,1,0.0050505
30,bli&eth;e,<code>bli&amp;d;e</code>,1,0.0050505
30,blindne,<code>blindne</code>,1,0.0050505
30,blission,<code>blission</code>,1,0.0050505
30,brohte,<code>brohte</code>,1,0.0050505
30,butan,<code>butan</code>,1,0.0050505
30,byrigde,<code>byrigde</code>,1,0.0050505
30,cinges,<code>cinges</code>,1,0.0050505
30,com,<code>com</code>,1,0.0050505
30,comon,<code>comon</code>,1,0.0050505
30,d&aelig;d,<code>d&amp;ae;d</code>,1,0.0050505
30,dene,<code>dene</code>,1,0.0050505
30,dreorlicre,<code>dreorlicre</code>,1,0.0050505
30,earde,<code>earde</code>,1,0.0050505
30,earmlice,<code>earmlice</code>,1,0.0050505
30,ec,<code>ec</code>,1,0.0050505
30,eligbyrig,<code>eligbyrig</code>,1,0.0050505
30,eorl,<code>eorl</code>,1,0.0050505
30,feo,<code>feo</code>,1,0.0050505
30,for&eth;an,<code>for&amp;d;an</code>,1,0.0050505
30,fri&eth;,<code>fri&amp;d;</code>,1,0.0050505
30,ge&thorn;afode,<code>ge&amp;t;afode</code>,1,0.0050505
30,gebundenne,<code>gebundenne</code>,1,0.0050505
30,gebyrede,<code>gebyrede</code>,1,0.0050505
30,gedon,<code>gedon</code>,1,0.0050505
30,geferan,<code>geferan</code>,1,0.0050505
30,gehende,<code>gehende</code>,1,0.0050505
30,gehet,<code>gehet</code>,1,0.0050505
30,gelette,<code>gelette</code>,1,0.0050505
30,gelyfenne,<code>gelyfenne</code>,1,0.0050505
30,ger&aelig;dde,<code>ger&amp;ae;dde</code>,1,0.0050505
30,gode,<code>gode</code>,1,0.0050505
30,gyt,<code>gyt</code>,1,0.0050505
30,h&aelig;ft,<code>h&amp;ae;ft</code>,1,0.0050505
30,h&aelig;ttode,<code>h&amp;ae;ttode</code>,1,0.0050505
30,hamelode,<code>hamelode</code>,1,0.0050505
30,haraldes,<code>haraldes</code>,1,0.0050505
30,hider,<code>hider</code>,1,0.0050505
30,hleo&eth;rode,<code>hleo&amp;d;rode</code>,1,0.0050505
30,hreowlice,<code>hreowlice</code>,1,0.0050505
30,hwile,<code>hwile</code>,1,0.0050505
30,inn,<code>inn</code>,1,0.0050505
30,l&aelig;dde,<code>l&amp;ae;dde</code>,1,0.0050505
30,lende,<code>lende</code>,1,0.0050505
30,leofan,<code>leofan</code>,1,0.0050505
30,meder,<code>meder</code>,1,0.0050505
30,men,<code>men</code>,1,0.0050505
30,mihton,<code>mihton</code>,1,0.0050505
30,mislice,<code>mislice</code>,1,0.0050505
30,munecon,<code>munecon</code>,1,0.0050505
30,mycel,<code>mycel</code>,1,0.0050505
30,namon,<code>namon</code>,1,0.0050505
30,nu,<code>nu</code>,1,0.0050505
30,o&eth;&thorn;&aelig;t,<code>o&amp;d;&amp;t;&amp;ae;t</code>,1,0.0050505
30,o&thorn;re,<code>o&amp;t;re</code>,1,0.0050505
30,ofsloh,<code>ofsloh</code>,1,0.0050505
30,s&aelig;t,<code>s&amp;ae;t</code>,1,0.0050505
30,saul,<code>saul</code>,1,0.0050505
30,scylde,<code>scylde</code>,1,0.0050505
30,scype,<code>scype</code>,1,0.0050505
30,sealde,<code>sealde</code>,1,0.0050505
30,seo,<code>seo</code>,1,0.0050505
30,sette,<code>sette</code>,1,0.0050505
30,sona,<code>sona</code>,1,0.0050505
30,styple,<code>styple</code>,1,0.0050505
30,su&eth;portice,<code>su&amp;d;portice</code>,1,0.0050505
30,sunu,<code>sunu</code>,1,0.0050505
30,swi&eth;e,<code>swi&amp;d;e</code>,1,0.0050505
30,sy&eth;&eth;an,<code>sy&amp;d;&amp;d;an</code>,1,0.0050505
30,sy&thorn;&thorn;an,<code>sy&amp;t;&amp;t;an</code>,1,0.0050505
30,todraf,<code>todraf</code>,1,0.0050505
30,toward,<code>toward</code>,1,0.0050505
30,unriht,<code>unriht</code>,1,0.0050505
30,unsce&eth;&eth;iga,<code>unsce&amp;d;&amp;d;iga</code>,1,0.0050505
30,w&aelig;re,<code>w&amp;ae;re</code>,1,0.0050505
30,w&aelig;ron,<code>w&amp;ae;ron</code>,1,0.0050505
30,w&aelig;s,<code>w&amp;ae;s</code>,1,0.0050505
30,wealdan,<code>wealdan</code>,1,0.0050505
30,wear&eth;,<code>wear&amp;d;</code>,1,0.0050505
30,wel,<code>wel</code>,1,0.0050505
30,westende,<code>westende</code>,1,0.0050505
30,wi&eth;,<code>wi&amp;d;</code>,1,0.0050505
30,wincestre,<code>wincestre</code>,1,0.0050505
30,wolde,<code>wolde</code>,1,0.0050505
30,wunode,<code>wunode</code>,1,0.0050505
30,wur&eth;lice,<code>wur&amp;d;lice</code>,1,0.0050505
30,wyr&eth;e,<code>wyr&amp;d;e</code>,1,0.0050505
30,yfel,<code>yfel</code>,1,0.0050505
