A_Poetry,A03,A03.033_Ruin_T01020.txt,190,169,226
RANK,HTML WORD,RAW WORD,COUNT,RELATIVE FREQUENCY
1,on,<code>on</code>,10,0.0442478
2,ond,<code>ond</code>,4,0.0176991
3,&thorn;&aelig;r,<code>&amp;t;&amp;ae;r</code>,3,0.0132743
3,&thorn;&aelig;t,<code>&amp;t;&amp;ae;t</code>,3,0.0132743
3,hate,<code>hate</code>,3,0.0132743
3,is,<code>is</code>,3,0.0132743
3,w&aelig;ron,<code>w&amp;ae;ron</code>,3,0.0132743
8,&thorn;&aelig;s,<code>&amp;t;&amp;ae;s</code>,2,0.0088496
8,&thorn;a,<code>&amp;t;a</code>,2,0.0088496
8,&thorn;as,<code>&amp;t;as</code>,2,0.0088496
8,&thorn;onne,<code>&amp;t;onne</code>,2,0.0088496
8,ba&thorn;u,<code>ba&amp;t;u</code>,2,0.0088496
8,beorhtan,<code>beorhtan</code>,2,0.0088496
8,burg,<code>burg</code>,2,0.0088496
8,crungon,<code>crungon</code>,2,0.0088496
8,eall,<code>eall</code>,2,0.0088496
8,g,<code>g</code>,2,0.0088496
8,hrusan,<code>hrusan</code>,2,0.0088496
8,monig,<code>monig</code>,2,0.0088496
8,scan,<code>scan</code>,2,0.0088496
8,to,<code>to</code>,2,0.0088496
22,&aelig;fter,<code>&amp;ae;fter</code>,1,0.0044248
22,&aelig;ht,<code>&amp;ae;ht</code>,1,0.0044248
22,&aelig;ldo,<code>&amp;ae;ldo</code>,1,0.0044248
22,&aelig;rsceaft,<code>&amp;ae;rsceaft</code>,1,0.0044248
22,&thorn;&thorn;&aelig;t,<code>&amp;t;&amp;t;&amp;ae;t</code>,1,0.0044248
22,&thorn;es,<code>&amp;t;es</code>,1,0.0044248
22,&thorn;ing,<code>&amp;t;ing</code>,1,0.0044248
22,beag,<code>beag</code>,1,0.0044248
22,befeng,<code>befeng</code>,1,0.0044248
22,beorgum,<code>beorgum</code>,1,0.0044248
22,beorht,<code>beorht</code>,1,0.0044248
22,beorn,<code>beorn</code>,1,0.0044248
22,berofen,<code>berofen</code>,1,0.0044248
22,betend,<code>betend</code>,1,0.0044248
22,bosme,<code>bosme</code>,1,0.0044248
22,bradan,<code>bradan</code>,1,0.0044248
22,brosna&eth;,<code>brosna&amp;d;</code>,1,0.0044248
22,brosnade,<code>brosnade</code>,1,0.0044248
22,burgr&aelig;ced,<code>burgr&amp;ae;ced</code>,1,0.0044248
22,burgsteall,<code>burgsteall</code>,1,0.0044248
22,burgstede,<code>burgstede</code>,1,0.0044248
22,burnsele,<code>burnsele</code>,1,0.0044248
22,burston,<code>burston</code>,1,0.0044248
22,cnea,<code>cnea</code>,1,0.0044248
22,cwoman,<code>cwoman</code>,1,0.0044248
22,cynelic,<code>cynelic</code>,1,0.0044248
22,dreama,<code>dreama</code>,1,0.0044248
22,dreorgia&eth;,<code>dreorgia&amp;d;</code>,1,0.0044248
22,ead,<code>ead</code>,1,0.0044248
22,enta,<code>enta</code>,1,0.0044248
22,eor&eth;grap,<code>eor&amp;d;grap</code>,1,0.0044248
22,eorcanstan,<code>eorcanstan</code>,1,0.0044248
22,fel,<code>fel</code>,1,0.0044248
22,for&thorn;on,<code>for&amp;t;on</code>,1,0.0044248
22,fornom,<code>fornom</code>,1,0.0044248
22,forweorone,<code>forweorone</code>,1,0.0044248
22,full,<code>full</code>,1,0.0044248
22,geap,<code>geap</code>,1,0.0044248
22,gebad,<code>gebad</code>,1,0.0044248
22,gebond,<code>gebond</code>,1,0.0044248
22,gebr&aelig;con,<code>gebr&amp;ae;con</code>,1,0.0044248
22,gebr&aelig;gd,<code>gebr&amp;ae;gd</code>,1,0.0044248
22,gebrocen,<code>gebrocen</code>,1,0.0044248
22,gecrong,<code>gecrong</code>,1,0.0044248
22,gedreas,<code>gedreas</code>,1,0.0044248
22,gedrorene,<code>gedrorene</code>,1,0.0044248
22,gefr&aelig;twed,<code>gefr&amp;ae;twed</code>,1,0.0044248
22,gegrunden,<code>gegrunden</code>,1,0.0044248
22,geheapen,<code>geheapen</code>,1,0.0044248
22,gehrorene,<code>gehrorene</code>,1,0.0044248
22,geleorene,<code>geleorene</code>,1,0.0044248
22,geotan,<code>geotan</code>,1,0.0044248
22,geweorc,<code>geweorc</code>,1,0.0044248
22,gewitan,<code>gewitan</code>,1,0.0044248
22,giet,<code>giet</code>,1,0.0044248
22,gl&aelig;dmod,<code>gl&amp;ae;dmod</code>,1,0.0044248
22,gleoma,<code>gleoma</code>,1,0.0044248
22,goldbeorht,<code>goldbeorht</code>,1,0.0044248
22,grimme,<code>grimme</code>,1,0.0044248
22,hafa&eth;,<code>hafa&amp;d;</code>,1,0.0044248
22,harne,<code>harne</code>,1,0.0044248
22,hat,<code>hat</code>,1,0.0044248
22,heah,<code>heah</code>,1,0.0044248
22,heardgripe,<code>heardgripe</code>,1,0.0044248
22,heo,<code>heo</code>,1,0.0044248
22,heresweg,<code>heresweg</code>,1,0.0044248
22,hergas,<code>hergas</code>,1,0.0044248
22,hofu,<code>hofu</code>,1,0.0044248
22,horngestreon,<code>horngestreon</code>,1,0.0044248
22,hre&thorn;re,<code>hre&amp;t;re</code>,1,0.0044248
22,hreorge,<code>hreorge</code>,1,0.0044248
22,hrim,<code>hrim</code>,1,0.0044248
22,hringas,<code>hringas</code>,1,0.0044248
22,hringmere,<code>hringmere</code>,1,0.0044248
22,hrof,<code>hrof</code>,1,0.0044248
22,hrofas,<code>hrofas</code>,1,0.0044248
22,hrostbeages,<code>hrostbeages</code>,1,0.0044248
22,hrungeat,<code>hrungeat</code>,1,0.0044248
22,hryre,<code>hryre</code>,1,0.0044248
22,hund,<code>hund</code>,1,0.0044248
22,huse,<code>huse</code>,1,0.0044248
22,hw&aelig;tred,<code>hw&amp;ae;tred</code>,1,0.0044248
22,hy&eth;elic,<code>hy&amp;d;elic</code>,1,0.0044248
22,hygerof,<code>hygerof</code>,1,0.0044248
22,hyra,<code>hyra</code>,1,0.0044248
22,in,<code>in</code>,1,0.0044248
22,iu,<code>iu</code>,1,0.0044248
22,lamrindum,<code>lamrindum</code>,1,0.0044248
22,leton,<code>leton</code>,1,0.0044248
22,lime,<code>lime</code>,1,0.0044248
22,m,<code>m</code>,1,0.0044248
22,meodoheall,<code>meodoheall</code>,1,0.0044248
22,micel,<code>micel</code>,1,0.0044248
22,mo,<code>mo</code>,1,0.0044248
22,mod,<code>mod</code>,1,0.0044248
22,monige,<code>monige</code>,1,0.0044248
22,num,<code>num</code>,1,0.0044248
22,o&thorn;,<code>o&amp;t;</code>,1,0.0044248
22,o&thorn;&thorn;&aelig;t,<code>o&amp;t;&amp;t;&amp;ae;t</code>,1,0.0044248
22,o&thorn;rum,<code>o&amp;t;rum</code>,1,0.0044248
22,ofer,<code>ofer</code>,1,0.0044248
22,ofstonden,<code>ofstonden</code>,1,0.0044248
22,oft,<code>oft</code>,1,0.0044248
22,onwende,<code>onwende</code>,1,0.0044248
22,or&thorn;onc,<code>or&amp;t;onc</code>,1,0.0044248
22,r&aelig;ghar,<code>r&amp;ae;ghar</code>,1,0.0044248
22,re,<code>re</code>,1,0.0044248
22,readfah,<code>readfah</code>,1,0.0044248
22,rice,<code>rice</code>,1,0.0044248
22,rices,<code>rices</code>,1,0.0044248
22,sceade&eth;,<code>sceade&amp;d;</code>,1,0.0044248
22,scearde,<code>scearde</code>,1,0.0044248
22,scorene,<code>scorene</code>,1,0.0044248
22,scurbeorge,<code>scurbeorge</code>,1,0.0044248
22,se,<code>se</code>,1,0.0044248
22,seah,<code>seah</code>,1,0.0044248
22,searogimmas,<code>searogimmas</code>,1,0.0044248
22,secgrofra,<code>secgrofra</code>,1,0.0044248
22,seo,<code>seo</code>,1,0.0044248
22,sinc,<code>sinc</code>,1,0.0044248
22,sind,<code>sind</code>,1,0.0044248
22,sta&thorn;olas,<code>sta&amp;t;olas</code>,1,0.0044248
22,stan,<code>stan</code>,1,0.0044248
22,stanhofu,<code>stanhofu</code>,1,0.0044248
22,steap,<code>steap</code>,1,0.0044248
22,stodan,<code>stodan</code>,1,0.0044248
22,stormum,<code>stormum</code>,1,0.0044248
22,stream,<code>stream</code>,1,0.0044248
22,streamas,<code>streamas</code>,1,0.0044248
22,swi&thorn;e,<code>swi&amp;t;e</code>,1,0.0044248
22,swiftne,<code>swiftne</code>,1,0.0044248
22,swylt,<code>swylt</code>,1,0.0044248
22,sylfor,<code>sylfor</code>,1,0.0044248
22,teaforgeapa,<code>teaforgeapa</code>,1,0.0044248
22,tigelum,<code>tigelum</code>,1,0.0044248
22,tog&aelig;dre,<code>tog&amp;ae;dre</code>,1,0.0044248
22,torras,<code>torras</code>,1,0.0044248
22,un,<code>un</code>,1,0.0044248
22,under,<code>under</code>,1,0.0044248
22,undereotone,<code>undereotone</code>,1,0.0044248
22,w&aelig;s,<code>w&amp;ae;s</code>,1,0.0044248
22,wag,<code>wag</code>,1,0.0044248
22,waldend,<code>waldend</code>,1,0.0044248
22,walo,<code>walo</code>,1,0.0044248
22,weal,<code>weal</code>,1,0.0044248
22,weallwalan,<code>weallwalan</code>,1,0.0044248
22,wealstan,<code>wealstan</code>,1,0.0044248
22,wearp,<code>wearp</code>,1,0.0044248
22,wer&thorn;eoda,<code>wer&amp;t;eoda</code>,1,0.0044248
22,wera,<code>wera</code>,1,0.0044248
22,westen,<code>westen</code>,1,0.0044248
22,widan,<code>widan</code>,1,0.0044248
22,wide,<code>wide</code>,1,0.0044248
22,wighyrstum,<code>wighyrstum</code>,1,0.0044248
22,wigsteal,<code>wigsteal</code>,1,0.0044248
22,wingal,<code>wingal</code>,1,0.0044248
22,wirum,<code>wirum</code>,1,0.0044248
22,wlonc,<code>wlonc</code>,1,0.0044248
22,woldagas,<code>woldagas</code>,1,0.0044248
22,wona&eth;,<code>wona&amp;d;</code>,1,0.0044248
22,wong,<code>wong</code>,1,0.0044248
22,wr&aelig;tlic,<code>wr&amp;ae;tlic</code>,1,0.0044248
22,wundrum,<code>wundrum</code>,1,0.0044248
22,wurdon,<code>wurdon</code>,1,0.0044248
22,wylme,<code>wylme</code>,1,0.0044248
22,wyrd,<code>wyrd</code>,1,0.0044248
22,wyrde,<code>wyrde</code>,1,0.0044248
22,wyrhtan,<code>wyrhtan</code>,1,0.0044248
22,yne,<code>yne</code>,1,0.0044248
