virtual,manuscript,B01.001.001_AECHom_I__Pref__T02040,477,340,477
RANK,HTML WORD,RAW WORD,COUNT,RELATIVE FREQUENCY
1,&amp;,&amp;amp;,49,0.047342995169082
2,he,he,28,0.027053140096618
3,on,on,26,0.02512077294686
4,his,his,25,0.024154589371981
5,&thorn;&aelig;t,&amp;t;&amp;ae;t,23,0.022222222222222
6,&eth;e,&amp;d;e,22,0.021256038647343
7,to,to,19,0.018357487922705
8,se,se,18,0.017391304347826
9,&eth;a,&amp;d;a,15,0.014492753623188
10,swa,swa,14,0.013526570048309
11,ic,ic,13,0.01256038647343
12,&thorn;e,&amp;t;e,12,0.011594202898551
12,for,for,12,0.011594202898551
14,&thorn;a,&amp;t;a,11,0.010628019323671
14,ne,ne,11,0.010628019323671
16,&thorn;urh,&amp;t;urh,10,0.0096618357487923
17,god,god,9,0.008695652173913
18,ac,ac,8,0.0077294685990338
18,is,is,8,0.0077294685990338
20,&eth;urh,&amp;d;urh,7,0.0067632850241546
20,&thorn;am,&amp;t;am,7,0.0067632850241546
20,&thorn;onne,&amp;t;onne,7,0.0067632850241546
20,bi&eth;,bi&amp;d;,7,0.0067632850241546
20,fram,fram,7,0.0067632850241546
20,gif,gif,7,0.0067632850241546
20,godes,godes,7,0.0067632850241546
20,heora,heora,7,0.0067632850241546
20,hi,hi,7,0.0067632850241546
29,&aelig;r,&amp;ae;r,6,0.0057971014492754
29,&eth;an,&amp;d;an,6,0.0057971014492754
29,buton,buton,6,0.0057971014492754
29,deofol,deofol,6,0.0057971014492754
29,of,of,6,0.0057971014492754
29,sylf,sylf,6,0.0057971014492754
35,him,him,5,0.0048309178743961
35,hit,hit,5,0.0048309178743961
35,lare,lare,5,0.0048309178743961
35,swilce,swilce,5,0.0048309178743961
39,anum,anum,4,0.0038647342995169
39,beo&eth;,beo&amp;d;,4,0.0038647342995169
39,beon,beon,4,0.0038647342995169
39,drihten,drihten,4,0.0038647342995169
39,eac,eac,4,0.0038647342995169
39,fela,fela,4,0.0038647342995169
39,fyr,fyr,4,0.0038647342995169
39,geleafan,geleafan,4,0.0038647342995169
39,ure,ure,4,0.0038647342995169
39,we,we,4,0.0038647342995169
39,wile,wile,4,0.0038647342995169
39,wundra,wundra,4,0.0038647342995169
51,&aelig;lmihtiga,&amp;ae;lmihtiga,3,0.0028985507246377
51,&eth;am,&amp;d;am,3,0.0028985507246377
51,&eth;eah,&amp;d;eah,3,0.0028985507246377
51,&eth;u,&amp;d;u,3,0.0028985507246377
51,antecrist,antecrist,3,0.0028985507246377
51,arleasa,arleasa,3,0.0028985507246377
51,crist,crist,3,0.0028985507246377
51,cw&aelig;&eth;,cw&amp;ae;&amp;d;,3,0.0028985507246377
51,gecorenan,gecorenan,3,0.0028985507246377
51,gehwa,gehwa,3,0.0028985507246377
51,gode,gode,3,0.0028985507246377
51,m&aelig;g,m&amp;ae;g,3,0.0028985507246377
51,manna,manna,3,0.0028985507246377
51,mannum,mannum,3,0.0028985507246377
51,me,me,3,0.0028985507246377
51,na,na,3,0.0028985507246377
51,nu,nu,3,0.0028985507246377
51,sind,sind,3,0.0028985507246377
51,swylce,swylce,3,0.0028985507246377
51,ufan,ufan,3,0.0028985507246377
51,wel,wel,3,0.0028985507246377
72,&aelig;lmihtig,&amp;ae;lmihtig,2,0.0019323671497585
72,&aelig;t,&amp;ae;t,2,0.0019323671497585
72,&eth;&aelig;re,&amp;d;&amp;ae;re,2,0.0019323671497585
72,&eth;as,&amp;d;as,2,0.0019323671497585
72,&eth;ing,&amp;d;ing,2,0.0019323671497585
72,&eth;isum,&amp;d;isum,2,0.0019323671497585
72,&eth;onne,&amp;d;onne,2,0.0019323671497585
72,&thorn;&aelig;re,&amp;t;&amp;ae;re,2,0.0019323671497585
72,&thorn;one,&amp;t;one,2,0.0019323671497585
72,arleasan,arleasan,2,0.0019323671497585
72,arleasnysse,arleasnysse,2,0.0019323671497585
72,awende,awende,2,0.0019323671497585
72,boc,boc,2,0.0019323671497585
72,bocum,bocum,2,0.0019323671497585
72,cr&aelig;ft,cr&amp;ae;ft,2,0.0019323671497585
72,cu&eth;on,cu&amp;d;on,2,0.0019323671497585
72,cy&eth;an,cy&amp;d;an,2,0.0019323671497585
72,cym&eth;,cym&amp;d;,2,0.0019323671497585
72,dagas,dagas,2,0.0019323671497585
72,de&eth;,de&amp;d;,2,0.0019323671497585
72,deofles,deofles,2,0.0019323671497585
72,eallum,eallum,2,0.0019323671497585
72,ecan,ecan,2,0.0019323671497585
72,eft,eft,2,0.0019323671497585
72,ehtnysse,ehtnysse,2,0.0019323671497585
72,ende,ende,2,0.0019323671497585
72,ge&eth;afa&eth;,ge&amp;d;afa&amp;d;,2,0.0019323671497585
72,gedreccednyssa,gedreccednyssa,2,0.0019323671497585
72,gedwylde,gedwylde,2,0.0019323671497585
72,gehaten,gehaten,2,0.0019323671497585
72,gerihte,gerihte,2,0.0019323671497585
72,gescyrte,gescyrte,2,0.0019323671497585
72,gesih&eth;e,gesih&amp;d;e,2,0.0019323671497585
72,godspellican,godspellican,2,0.0019323671497585
72,halgum,halgum,2,0.0019323671497585
72,heofenum,heofenum,2,0.0019323671497585
72,heofonum,heofonum,2,0.0019323671497585
72,hine,hine,2,0.0019323671497585
72,hwa,hwa,2,0.0019323671497585
72,leasungum,leasungum,2,0.0019323671497585
72,mancynn,mancynn,2,0.0019323671497585
72,mancynne,mancynne,2,0.0019323671497585
72,mann,mann,2,0.0019323671497585
72,men,men,2,0.0019323671497585
72,menn,menn,2,0.0019323671497585
72,mennisc,mennisc,2,0.0019323671497585
72,mid,mid,2,0.0019323671497585
72,minum,minum,2,0.0019323671497585
72,mycel,mycel,2,0.0019323671497585
72,n&aelig;nne,n&amp;ae;nne,2,0.0019323671497585
72,naman,naman,2,0.0019323671497585
72,sceolon,sceolon,2,0.0019323671497585
72,si&eth;&eth;an,si&amp;d;&amp;d;an,2,0.0019323671497585
72,sy,sy,2,0.0019323671497585
72,sy&eth;&eth;an,sy&amp;d;&amp;d;an,2,0.0019323671497585
72,t&aelig;can,t&amp;ae;can,2,0.0019323671497585
72,tacna,tacna,2,0.0019323671497585
72,timan,timan,2,0.0019323671497585
72,unrihtwisnysse,unrihtwisnysse,2,0.0019323671497585
72,unscyldig,unscyldig,2,0.0019323671497585
72,wear&eth;,wear&amp;d;,2,0.0019323671497585
72,witegan,witegan,2,0.0019323671497585
72,worulde,worulde,2,0.0019323671497585
72,wylle,wylle,2,0.0019323671497585
72,wyrc&eth;,wyrc&amp;d;,2,0.0019323671497585
72,yfelnysse,yfelnysse,2,0.0019323671497585
138,&aelig;&eth;elm&aelig;res,&amp;ae;&amp;d;elm&amp;ae;res,1,0.00096618357487923
138,&aelig;&thorn;elredes,&amp;ae;&amp;t;elredes,1,0.00096618357487923
138,&aelig;ftergengan,&amp;ae;ftergengan,1,0.00096618357487923
138,&aelig;lcere,&amp;ae;lcere,1,0.00096618357487923
138,&aelig;lfeage,&amp;ae;lfeage,1,0.00096618357487923
138,&aelig;lfred,&amp;ae;lfred,1,0.00096618357487923
138,&aelig;lfric,&amp;ae;lfric,1,0.00096618357487923
138,&eth;&aelig;ra,&amp;d;&amp;ae;ra,1,0.00096618357487923
138,&eth;&aelig;s,&amp;d;&amp;ae;s,1,0.00096618357487923
138,&eth;egenas,&amp;d;egenas,1,0.00096618357487923
138,&eth;eos,&amp;d;eos,1,0.00096618357487923
138,&eth;i,&amp;d;i,1,0.00096618357487923
138,&eth;ine,&amp;d;ine,1,0.00096618357487923
138,&eth;is,&amp;d;is,1,0.00096618357487923
138,&eth;issere,&amp;d;issere,1,0.00096618357487923
138,&eth;one,&amp;d;one,1,0.00096618357487923
138,&eth;rowia&eth;,&amp;d;rowia&amp;d;,1,0.00096618357487923
138,&eth;wyrlic,&amp;d;wyrlic,1,0.00096618357487923
138,&thorn;&aelig;s,&amp;t;&amp;ae;s,1,0.00096618357487923
138,&thorn;as,&amp;t;as,1,0.00096618357487923
138,&thorn;eah,&amp;t;eah,1,0.00096618357487923
138,&thorn;egenes,&amp;t;egenes,1,0.00096618357487923
138,&thorn;eodum,&amp;t;eodum,1,0.00096618357487923
138,&thorn;es,&amp;t;es,1,0.00096618357487923
138,&thorn;ine,&amp;t;ine,1,0.00096618357487923
138,&thorn;isum,&amp;t;isum,1,0.00096618357487923
138,&thorn;u,&amp;t;u,1,0.00096618357487923
138,&thorn;urhwunia&eth;,&amp;t;urhwunia&amp;d;,1,0.00096618357487923
138,&thorn;wyrnys,&amp;t;wyrnys,1,0.00096618357487923
138,&thorn;y,&amp;t;y,1,0.00096618357487923
138,&thorn;yssere,&amp;t;yssere,1,0.00096618357487923
138,a&eth;elwoldes,a&amp;d;elwoldes,1,0.00096618357487923
138,acl&aelig;nsade,acl&amp;ae;nsade,1,0.00096618357487923
138,acuman,acuman,1,0.00096618357487923
138,adlige,adlige,1,0.00096618357487923
138,afandod,afandod,1,0.00096618357487923
138,ah,ah,1,0.00096618357487923
138,ahefe,ahefe,1,0.00096618357487923
138,aleua&eth;,aleua&amp;d;,1,0.00096618357487923
138,alysdest,alysdest,1,0.00096618357487923
138,antecriste,antecriste,1,0.00096618357487923
138,antimbre,antimbre,1,0.00096618357487923
138,apostol,apostol,1,0.00096618357487923
138,ara&eth;,ara&amp;d;,1,0.00096618357487923
138,asend,asend,1,0.00096618357487923
138,asendan,asendan,1,0.00096618357487923
138,aworpen,aworpen,1,0.00096618357487923
138,awritan,awritan,1,0.00096618357487923
138,awyrda&eth;,awyrda&amp;d;,1,0.00096618357487923
138,awyrde,awyrde,1,0.00096618357487923
138,b&aelig;d,b&amp;ae;d,1,0.00096618357487923
138,be,be,1,0.00096618357487923
138,bearn,bearn,1,0.00096618357487923
138,bebead,bebead,1,0.00096618357487923
138,bebodum,bebodum,1,0.00096618357487923
138,becuma&eth;,becuma&amp;d;,1,0.00096618357487923
138,becume,becume,1,0.00096618357487923
138,behofia&eth;,behofia&amp;d;,1,0.00096618357487923
138,behofige,behofige,1,0.00096618357487923
138,bene,bene,1,0.00096618357487923
138,beo,beo,1,0.00096618357487923
138,bep&aelig;cenne,bep&amp;ae;cenne,1,0.00096618357487923
138,betwux,betwux,1,0.00096618357487923
138,bilewitnysse,bilewitnysse,1,0.00096618357487923
138,biscope,biscope,1,0.00096618357487923
138,blod,blod,1,0.00096618357487923
138,boclice,boclice,1,0.00096618357487923
138,bugan,bugan,1,0.00096618357487923
138,butan,butan,1,0.00096618357487923
138,bydde,bydde,1,0.00096618357487923
138,bydelas,bydelas,1,0.00096618357487923
138,byme,byme,1,0.00096618357487923
138,bysene,bysene,1,0.00096618357487923
138,bysnian,bysnian,1,0.00096618357487923
138,cernel,cernel,1,0.00096618357487923
138,clypa,clypa,1,0.00096618357487923
138,clypode,clypode,1,0.00096618357487923
138,com,com,1,0.00096618357487923
138,come,come,1,0.00096618357487923
138,costnunge,costnunge,1,0.00096618357487923
138,cristas,cristas,1,0.00096618357487923
138,cristenan,cristenan,1,0.00096618357487923
138,cu&eth;e,cu&amp;d;e,1,0.00096618357487923
138,cuma&eth;,cuma&amp;d;,1,0.00096618357487923
138,cunne,cunne,1,0.00096618357487923
138,cwe&eth;ende,cwe&amp;d;ende,1,0.00096618357487923
138,cwy&eth;,cwy&amp;d;,1,0.00096618357487923
138,cy&eth;,cy&amp;d;,1,0.00096618357487923
138,cyning,cyning,1,0.00096618357487923
138,cyninges,cyninges,1,0.00096618357487923
138,d&aelig;ge,d&amp;ae;ge,1,0.00096618357487923
138,deoflican,deoflican,1,0.00096618357487923
138,digellice,digellice,1,0.00096618357487923
138,discipulum,discipulum,1,0.00096618357487923
138,do,do,1,0.00096618357487923
138,dome,dome,1,0.00096618357487923
138,dyde,dyde,1,0.00096618357487923
138,ea&eth;elicor,ea&amp;d;elicor,1,0.00096618357487923
138,eall,eall,1,0.00096618357487923
138,ealle,ealle,1,0.00096618357487923
138,earde,earde,1,0.00096618357487923
138,earfo&eth;nyssa,earfo&amp;d;nyssa,1,0.00096618357487923
138,ece,ece,1,0.00096618357487923
138,ecelice,ecelice,1,0.00096618357487923
138,ecere,ecere,1,0.00096618357487923
138,ecum,ecum,1,0.00096618357487923
138,edleane,edleane,1,0.00096618357487923
138,ehtnyssa,ehtnyssa,1,0.00096618357487923
138,englisc,englisc,1,0.00096618357487923
138,engliscre,engliscre,1,0.00096618357487923
138,engliscum,engliscum,1,0.00096618357487923
138,eom,eom,1,0.00096618357487923
138,eor&eth;an,eor&amp;d;an,1,0.00096618357487923
138,ezechiel,ezechiel,1,0.00096618357487923
138,fandian,fandian,1,0.00096618357487923
138,fara&eth;,fara&amp;d;,1,0.00096618357487923
138,felda,felda,1,0.00096618357487923
138,feor&eth;an,feor&amp;d;an,1,0.00096618357487923
138,folce,folce,1,0.00096618357487923
138,forb&aelig;rnde,forb&amp;ae;rnde,1,0.00096618357487923
138,forde&eth;,forde&amp;d;,1,0.00096618357487923
138,forwel,forwel,1,0.00096618357487923
138,forwurde,forwurde,1,0.00096618357487923
138,forwyrde,forwyrde,1,0.00096618357487923
138,forwyrdes,forwyrdes,1,0.00096618357487923
138,frecednyssa,frecednyssa,1,0.00096618357487923
138,fremminge,fremminge,1,0.00096618357487923
138,frym&eth;e,frym&amp;d;e,1,0.00096618357487923
138,fultum,fultum,1,0.00096618357487923
138,fultume,fultume,1,0.00096618357487923
138,fultumes,fultumes,1,0.00096618357487923
138,fyre,fyre,1,0.00096618357487923
138,ge&eth;uht,ge&amp;d;uht,1,0.00096618357487923
138,geare,geare,1,0.00096618357487923
138,gebidan,gebidan,1,0.00096618357487923
138,gebigde,gebigde,1,0.00096618357487923
138,gebringe,gebringe,1,0.00096618357487923
138,gebylde,gebylde,1,0.00096618357487923
138,gebyrd,gebyrd,1,0.00096618357487923
138,gebyrige,gebyrige,1,0.00096618357487923
138,gecorenum,gecorenum,1,0.00096618357487923
138,gecw&aelig;&eth;,gecw&amp;ae;&amp;d;,1,0.00096618357487923
138,gecyrran,gecyrran,1,0.00096618357487923
138,gecyrre,gecyrre,1,0.00096618357487923
138,gedwyld,gedwyld,1,0.00096618357487923
138,gedwyldes,gedwyldes,1,0.00096618357487923
138,gedyrstl&aelig;hte,gedyrstl&amp;ae;hte,1,0.00096618357487923
138,geearnion,geearnion,1,0.00096618357487923
138,geendod,geendod,1,0.00096618357487923
138,geendung,geendung,1,0.00096618357487923
138,geendunge,geendunge,1,0.00096618357487923
138,gefylstan,gefylstan,1,0.00096618357487923
138,geh&aelig;l&eth;,geh&amp;ae;l&amp;d;,1,0.00096618357487923
138,geh&aelig;la&eth;,geh&amp;ae;la&amp;d;,1,0.00096618357487923
138,geh&aelig;lan,geh&amp;ae;lan,1,0.00096618357487923
138,geh&aelig;lde,geh&amp;ae;lde,1,0.00096618357487923
138,gehealdene,gehealdene,1,0.00096618357487923
138,gehiwige,gehiwige,1,0.00096618357487923
138,gehw&aelig;r,gehw&amp;ae;r,1,0.00096618357487923
138,gehyrde,gehyrde,1,0.00096618357487923
138,gel&aelig;redran,gel&amp;ae;redran,1,0.00096618357487923
138,geleahtrode,geleahtrode,1,0.00096618357487923
138,gelyfa&eth;,gelyfa&amp;d;,1,0.00096618357487923
138,gemacode,gemacode,1,0.00096618357487923
138,gemyndige,gemyndige,1,0.00096618357487923
138,geornlice,geornlice,1,0.00096618357487923
138,gereht,gereht,1,0.00096618357487923
138,gereorde,gereorde,1,0.00096618357487923
138,gerihtl&aelig;can,gerihtl&amp;ae;can,1,0.00096618357487923
138,geseah,geseah,1,0.00096618357487923
138,gesetnysse,gesetnysse,1,0.00096618357487923
138,gesewenlica,gesewenlica,1,0.00096618357487923
138,gestentst,gestentst,1,0.00096618357487923
138,geswic,geswic,1,0.00096618357487923
138,geswutela&eth;,geswutela&amp;d;,1,0.00096618357487923
138,getrymmed,getrymmed,1,0.00096618357487923
138,geuntruma&eth;,geuntruma&amp;d;,1,0.00096618357487923
138,geuntrumode,geuntrumode,1,0.00096618357487923
138,gewarnast,gewarnast,1,0.00096618357487923
138,geweald,geweald,1,0.00096618357487923
138,gewritu,gewritu,1,0.00096618357487923
138,gewritum,gewritum,1,0.00096618357487923
138,gewur&eth;an,gewur&amp;d;an,1,0.00096618357487923
138,gife,gife,1,0.00096618357487923
138,gingran,gingran,1,0.00096618357487923
138,godre,godre,1,0.00096618357487923
138,godspelle,godspelle,1,0.00096618357487923
138,gold,gold,1,0.00096618357487923
138,goodnys,goodnys,1,0.00096618357487923
138,grama,grama,1,0.00096618357487923
138,gymelease,gymelease,1,0.00096618357487923
138,h&aelig;bbene,h&amp;ae;bbene,1,0.00096618357487923
138,h&aelig;lend,h&amp;ae;lend,1,0.00096618357487923
138,habba&eth;,habba&amp;d;,1,0.00096618357487923
138,hade,hade,1,0.00096618357487923
138,hadum,hadum,1,0.00096618357487923
138,halan,halan,1,0.00096618357487923
138,halsige,halsige,1,0.00096618357487923
138,healfan,healfan,1,0.00096618357487923
138,helle,helle,1,0.00096618357487923
138,heofenan,heofenan,1,0.00096618357487923
138,heofenas,heofenas,1,0.00096618357487923
138,heofenlic,heofenlic,1,0.00096618357487923
138,hire,hire,1,0.00096618357487923
138,hirede,hirede,1,0.00096618357487923
138,hu,hu,1,0.00096618357487923
138,hyrdas,hyrdas,1,0.00096618357487923
138,iacobes,iacobes,1,0.00096618357487923
138,iobes,iobes,1,0.00096618357487923
138,isiam,isiam,1,0.00096618357487923
138,l&aelig;ran,l&amp;ae;ran,1,0.00096618357487923
138,l&aelig;s,l&amp;ae;s,1,0.00096618357487923
138,langsum,langsum,1,0.00096618357487923
138,lareowum,lareowum,1,0.00096618357487923
138,leahtras,leahtras,1,0.00096618357487923
138,leas,leas,1,0.00096618357487923
138,lease,lease,1,0.00096618357487923
138,leasum,leasum,1,0.00096618357487923
138,leasunge,leasunge,1,0.00096618357487923
138,leden,leden,1,0.00096618357487923
138,ledene,ledene,1,0.00096618357487923
138,ledenum,ledenum,1,0.00096618357487923
138,leorningcnihtum,leorningcnihtum,1,0.00096618357487923
138,lichaman,lichaman,1,0.00096618357487923
138,lif,lif,1,0.00096618357487923
138,lybbe,lybbe,1,0.00096618357487923
138,lyre,lyre,1,0.00096618357487923
138,lyt,lyt,1,0.00096618357487923
138,m&aelig;ge,m&amp;ae;ge,1,0.00096618357487923
138,m&aelig;ssepreost,m&amp;ae;ssepreost,1,0.00096618357487923
138,manast,manast,1,0.00096618357487923
138,mand&aelig;dum,mand&amp;ae;dum,1,0.00096618357487923
138,manega,manega,1,0.00096618357487923
138,manegum,manegum,1,0.00096618357487923
138,martyrdome,martyrdome,1,0.00096618357487923
138,micclan,micclan,1,0.00096618357487923
138,micclum,micclum,1,0.00096618357487923
138,micel,micel,1,0.00096618357487923
138,micelre,micelre,1,0.00096618357487923
138,middangeardes,middangeardes,1,0.00096618357487923
138,mihte,mihte,1,0.00096618357487923
138,mode,mode,1,0.00096618357487923
138,modignysse,modignysse,1,0.00096618357487923
138,moste,moste,1,0.00096618357487923
138,munuc,munuc,1,0.00096618357487923
138,mynegunge,mynegunge,1,0.00096618357487923
138,mynstre,mynstre,1,0.00096618357487923
138,myrh&eth;e,myrh&amp;d;e,1,0.00096618357487923
138,n&aelig;f&eth;,n&amp;ae;f&amp;d;,1,0.00096618357487923
138,n&aelig;fdon,n&amp;ae;fdon,1,0.00096618357487923
138,n&aelig;fre,n&amp;ae;fre,1,0.00096618357487923
138,n&aelig;re,n&amp;ae;re,1,0.00096618357487923
138,n&aelig;ron,n&amp;ae;ron,1,0.00096618357487923
138,n&aelig;s,n&amp;ae;s,1,0.00096618357487923
138,nan,nan,1,0.00096618357487923
138,neada&eth;,neada&amp;d;,1,0.00096618357487923
138,neadian,neadian,1,0.00096618357487923
138,nele,nele,1,0.00096618357487923
138,nolde,nolde,1,0.00096618357487923
138,o&eth;,o&amp;d;,1,0.00096618357487923
138,o&eth;rum,o&amp;d;rum,1,0.00096618357487923
138,o&thorn;&thorn;e,o&amp;t;&amp;t;e,1,0.00096618357487923
138,ofgan,ofgan,1,0.00096618357487923
138,ofhreow,ofhreow,1,0.00096618357487923
138,ofslih&eth;,ofslih&amp;d;,1,0.00096618357487923
138,onbuga&eth;,onbuga&amp;d;,1,0.00096618357487923
138,onwreah,onwreah,1,0.00096618357487923
138,openlice,openlice,1,0.00096618357487923
138,ord,ord,1,0.00096618357487923
138,orm&aelig;tan,orm&amp;ae;tan,1,0.00096618357487923
138,paulus,paulus,1,0.00096618357487923
138,praefatio,praefatio,1,0.00096618357487923
138,rice,rice,1,0.00096618357487923
138,samod,samod,1,0.00096618357487923
138,sawla,sawla,1,0.00096618357487923
138,sceal,sceal,1,0.00096618357487923
138,sceolde,sceolde,1,0.00096618357487923
138,sceoldon,sceoldon,1,0.00096618357487923
138,sceole,sceole,1,0.00096618357487923
138,scep,scep,1,0.00096618357487923
138,scyppendes,scyppendes,1,0.00096618357487923
138,sende,sende,1,0.00096618357487923
138,snoterlice,snoterlice,1,0.00096618357487923
138,so&eth;,so&amp;d;,1,0.00096618357487923
138,so&eth;an,so&amp;d;an,1,0.00096618357487923
138,so&eth;f&aelig;stnysse,so&amp;d;f&amp;ae;stnysse,1,0.00096618357487923
138,so&eth;lice,so&amp;d;lice,1,0.00096618357487923
138,spr&aelig;ce,spr&amp;ae;ce,1,0.00096618357487923
138,stemne,stemne,1,0.00096618357487923
138,sumum,sumum,1,0.00096618357487923
138,susle,susle,1,0.00096618357487923
138,sweartan,sweartan,1,0.00096618357487923
138,swelt,swelt,1,0.00096618357487923
138,swi&eth;ost,swi&amp;d;ost,1,0.00096618357487923
138,swilcum,swilcum,1,0.00096618357487923
138,swylcum,swylcum,1,0.00096618357487923
138,swylt,swylt,1,0.00096618357487923
138,synd,synd,1,0.00096618357487923
138,synna,synna,1,0.00096618357487923
138,synnum,synnum,1,0.00096618357487923
138,t&aelig;hte,t&amp;ae;hte,1,0.00096618357487923
138,tealdon,tealdon,1,0.00096618357487923
138,tima,tima,1,0.00096618357487923
138,toweardan,toweardan,1,0.00096618357487923
138,truwiende,truwiende,1,0.00096618357487923
138,truwige,truwige,1,0.00096618357487923
138,undergann,undergann,1,0.00096618357487923
138,ungel&aelig;rede,ungel&amp;ae;rede,1,0.00096618357487923
138,ungerima,ungerima,1,0.00096618357487923
138,unrihtwisan,unrihtwisan,1,0.00096618357487923
138,untrume,untrume,1,0.00096618357487923
138,untrumnyssum,untrumnyssum,1,0.00096618357487923
138,ures,ures,1,0.00096618357487923
138,ut,ut,1,0.00096618357487923
138,w&aelig;lhreowa,w&amp;ae;lhreowa,1,0.00096618357487923
138,w&aelig;s,w&amp;ae;s,1,0.00096618357487923
138,waccre,waccre,1,0.00096618357487923
138,wat,wat,1,0.00096618357487923
138,weald,weald,1,0.00096618357487923
138,weorc,weorc,1,0.00096618357487923
138,weorces,weorces,1,0.00096618357487923
138,weoruld,weoruld,1,0.00096618357487923
138,wi&eth;,wi&amp;d;,1,0.00096618357487923
138,wi&eth;cwe&eth;a&eth;,wi&amp;d;cwe&amp;d;a&amp;d;,1,0.00096618357487923
138,wi&eth;standa&eth;,wi&amp;d;standa&amp;d;,1,0.00096618357487923
138,wisdome,wisdome,1,0.00096618357487923
138,wislicor,wislicor,1,0.00096618357487923
138,wite,wite,1,0.00096618357487923
138,woge,woge,1,0.00096618357487923
138,writ,writ,1,0.00096618357487923
138,writeras,writeras,1,0.00096618357487923
138,wyr&eth;e,wyr&amp;d;e,1,0.00096618357487923
138,wyrca&eth;,wyrca&amp;d;,1,0.00096618357487923
138,wyrcenne,wyrcenne,1,0.00096618357487923
138,wyrhta,wyrhta,1,0.00096618357487923
138,yfel,yfel,1,0.00096618357487923
138,yfelnyss,yfelnyss,1,0.00096618357487923
138,yfelum,yfelum,1,0.00096618357487923
138,ylca,ylca,1,0.00096618357487923
138,yrm&eth;e,yrm&amp;d;e,1,0.00096618357487923
