B_Prose,B01,B01.001.025_AECHom_I__23_T02320.txt,716,490,1830
RANK,HTML WORD,RAW WORD,COUNT,RELATIVE FREQUENCY
1,&amp;,<code>&amp;amp;</code>,62,0.0338798
2,he,<code>he</code>,50,0.0273224
2,his,<code>his</code>,50,0.0273224
4,on,<code>on</code>,42,0.0229508
4,se,<code>se</code>,42,0.0229508
6,&thorn;&aelig;t,<code>&amp;t;&amp;ae;t</code>,41,0.0224044
7,ne,<code>ne</code>,39,0.0213115
8,hi,<code>hi</code>,32,0.0174863
9,to,<code>to</code>,30,0.0163934
10,&eth;a,<code>&amp;d;a</code>,29,0.0158470
11,&eth;e,<code>&amp;d;e</code>,28,0.0153005
12,&thorn;a,<code>&amp;t;a</code>,26,0.0142077
13,for,<code>for</code>,24,0.0131148
14,&thorn;am,<code>&amp;t;am</code>,21,0.0114754
15,&thorn;e,<code>&amp;t;e</code>,20,0.0109290
15,mid,<code>mid</code>,20,0.0109290
17,heora,<code>heora</code>,18,0.0098361
17,w&aelig;s,<code>w&amp;ae;s</code>,18,0.0098361
19,&thorn;an,<code>&amp;t;an</code>,16,0.0087432
20,swa,<code>swa</code>,15,0.0081967
21,cw&aelig;&eth;,<code>cw&amp;ae;&amp;d;</code>,14,0.0076503
21,him,<code>him</code>,14,0.0076503
21,is,<code>is</code>,14,0.0076503
24,&thorn;&aelig;s,<code>&amp;t;&amp;ae;s</code>,11,0.0060109
24,ac,<code>ac</code>,11,0.0060109
24,gif,<code>gif</code>,11,0.0060109
27,hine,<code>hine</code>,10,0.0054645
27,us,<code>us</code>,10,0.0054645
29,&thorn;one,<code>&amp;t;one</code>,9,0.0049180
29,eow,<code>eow</code>,9,0.0049180
29,ge,<code>ge</code>,9,0.0049180
29,ic,<code>ic</code>,9,0.0049180
29,rican,<code>rican</code>,9,0.0049180
34,be,<code>be</code>,8,0.0043716
34,fram,<code>fram</code>,8,0.0043716
34,me,<code>me</code>,8,0.0043716
34,nu,<code>nu</code>,8,0.0043716
34,seo,<code>seo</code>,8,0.0043716
39,&thorn;&aelig;ra,<code>&amp;t;&amp;ae;ra</code>,7,0.0038251
39,&thorn;onne,<code>&amp;t;onne</code>,7,0.0038251
39,lazarus,<code>lazarus</code>,7,0.0038251
39,life,<code>life</code>,7,0.0038251
39,w&aelig;re,<code>w&amp;ae;re</code>,7,0.0038251
44,&thorn;&aelig;re,<code>&amp;t;&amp;ae;re</code>,6,0.0032787
44,&thorn;eah,<code>&amp;t;eah</code>,6,0.0032787
44,&thorn;urh,<code>&amp;t;urh</code>,6,0.0032787
44,hw&aelig;t,<code>hw&amp;ae;t</code>,6,0.0032787
44,of,<code>of</code>,6,0.0032787
44,rica,<code>rica</code>,6,0.0032787
44,sum,<code>sum</code>,6,0.0032787
51,&eth;one,<code>&amp;d;one</code>,5,0.0027322
51,&eth;u,<code>&amp;d;u</code>,5,0.0027322
51,abraham,<code>abraham</code>,5,0.0027322
51,bi&eth;,<code>bi&amp;d;</code>,5,0.0027322
51,eac,<code>eac</code>,5,0.0027322
51,h&aelig;lend,<code>h&amp;ae;lend</code>,5,0.0027322
51,min,<code>min</code>,5,0.0027322
51,nan,<code>nan</code>,5,0.0027322
51,sy,<code>sy</code>,5,0.0027322
51,wear&eth;,<code>wear&amp;d;</code>,5,0.0027322
51,yrm&eth;e,<code>yrm&amp;d;e</code>,5,0.0027322
62,&aelig;r,<code>&amp;ae;r</code>,4,0.0021858
62,&aelig;t,<code>&amp;ae;t</code>,4,0.0021858
62,&eth;&aelig;s,<code>&amp;d;&amp;ae;s</code>,4,0.0021858
62,&eth;am,<code>&amp;d;am</code>,4,0.0021858
62,&thorn;earfa,<code>&amp;t;earfa</code>,4,0.0021858
62,and,<code>and</code>,4,0.0021858
62,andwyrde,<code>andwyrde</code>,4,0.0021858
62,b&aelig;r,<code>b&amp;ae;r</code>,4,0.0021858
62,beo&eth;,<code>beo&amp;d;</code>,4,0.0021858
62,eft,<code>eft</code>,4,0.0021858
62,geseo&eth;,<code>geseo&amp;d;</code>,4,0.0021858
62,godes,<code>godes</code>,4,0.0021858
62,heahf&aelig;der,<code>heahf&amp;ae;der</code>,4,0.0021858
62,hit,<code>hit</code>,4,0.0021858
62,hu,<code>hu</code>,4,0.0021858
62,lazarum,<code>lazarum</code>,4,0.0021858
62,man,<code>man</code>,4,0.0021858
62,mihte,<code>mihte</code>,4,0.0021858
62,sawle,<code>sawle</code>,4,0.0021858
62,ure,<code>ure</code>,4,0.0021858
62,wite,<code>wite</code>,4,0.0021858
83,&thorn;earfan,<code>&amp;t;earfan</code>,3,0.0016393
83,&thorn;earfum,<code>&amp;t;earfum</code>,3,0.0016393
83,&thorn;u,<code>&amp;t;u</code>,3,0.0016393
83,bearn,<code>bearn</code>,3,0.0016393
83,beo,<code>beo</code>,3,0.0016393
83,bidde,<code>bidde</code>,3,0.0016393
83,buton,<code>buton</code>,3,0.0016393
83,cristes,<code>cristes</code>,3,0.0016393
83,do&eth;,<code>do&amp;d;</code>,3,0.0016393
83,f&aelig;der,<code>f&amp;ae;der</code>,3,0.0016393
83,gesewen,<code>gesewen</code>,3,0.0016393
83,godspel,<code>godspel</code>,3,0.0016393
83,gregorius,<code>gregorius</code>,3,0.0016393
83,halga,<code>halga</code>,3,0.0016393
83,mannes,<code>mannes</code>,3,0.0016393
83,mode,<code>mode</code>,3,0.0016393
83,moste,<code>moste</code>,3,0.0016393
83,moysen,<code>moysen</code>,3,0.0016393
83,munuc,<code>munuc</code>,3,0.0016393
83,n&aelig;re,<code>n&amp;ae;re</code>,3,0.0016393
83,nella&eth;,<code>nella&amp;d;</code>,3,0.0016393
83,nolde,<code>nolde</code>,3,0.0016393
83,stemne,<code>stemne</code>,3,0.0016393
83,sylf,<code>sylf</code>,3,0.0016393
83,tungan,<code>tungan</code>,3,0.0016393
83,w&aelig;dla,<code>w&amp;ae;dla</code>,3,0.0016393
83,w&aelig;dlan,<code>w&amp;ae;dlan</code>,3,0.0016393
83,we,<code>we</code>,3,0.0016393
83,welan,<code>welan</code>,3,0.0016393
83,welegan,<code>welegan</code>,3,0.0016393
83,wolde,<code>wolde</code>,3,0.0016393
83,wunda,<code>wunda</code>,3,0.0016393
83,wununge,<code>wununge</code>,3,0.0016393
116,&aelig;,<code>&amp;ae;</code>,2,0.0010929
116,&aelig;lmihtigan,<code>&amp;ae;lmihtigan</code>,2,0.0010929
116,&eth;&aelig;t,<code>&amp;d;&amp;ae;t</code>,2,0.0010929
116,&thorn;eahhw&aelig;&thorn;ere,<code>&amp;t;eahhw&amp;ae;&amp;t;ere</code>,2,0.0010929
116,&thorn;i,<code>&amp;t;i</code>,2,0.0010929
116,&thorn;inum,<code>&amp;t;inum</code>,2,0.0010929
116,&thorn;rosm,<code>&amp;t;rosm</code>,2,0.0010929
116,abrahames,<code>abrahames</code>,2,0.0010929
116,ahredde,<code>ahredde</code>,2,0.0010929
116,arise,<code>arise</code>,2,0.0010929
116,beseah,<code>beseah</code>,2,0.0010929
116,besenct,<code>besenct</code>,2,0.0010929
116,betwux,<code>betwux</code>,2,0.0010929
116,bigleofan,<code>bigleofan</code>,2,0.0010929
116,crumena,<code>crumena</code>,2,0.0010929
116,cu&eth;,<code>cu&amp;d;</code>,2,0.0010929
116,cwyde,<code>cwyde</code>,2,0.0010929
116,dea&thorn;e,<code>dea&amp;t;e</code>,2,0.0010929
116,deofles,<code>deofles</code>,2,0.0010929
116,drihten,<code>drihten</code>,2,0.0010929
116,drihtne,<code>drihtne</code>,2,0.0010929
116,ecum,<code>ecum</code>,2,0.0010929
116,englas,<code>englas</code>,2,0.0010929
116,eowre,<code>eowre</code>,2,0.0010929
116,et,<code>et</code>,2,0.0010929
116,ferodon,<code>ferodon</code>,2,0.0010929
116,forgolden,<code>forgolden</code>,2,0.0010929
116,forseah,<code>forseah</code>,2,0.0010929
116,forseon,<code>forseon</code>,2,0.0010929
116,forsewen,<code>forsewen</code>,2,0.0010929
116,ge&eth;uht,<code>ge&amp;d;uht</code>,2,0.0010929
116,gebro&eth;ra,<code>gebro&amp;d;ra</code>,2,0.0010929
116,gebro&thorn;ra,<code>gebro&amp;t;ra</code>,2,0.0010929
116,gecorenan,<code>gecorenan</code>,2,0.0010929
116,gecynde,<code>gecynde</code>,2,0.0010929
116,gef&aelig;stnod,<code>gef&amp;ae;stnod</code>,2,0.0010929
116,gefremode,<code>gefremode</code>,2,0.0010929
116,geglenged,<code>geglenged</code>,2,0.0010929
116,gelamp,<code>gelamp</code>,2,0.0010929
116,geliccodon,<code>geliccodon</code>,2,0.0010929
116,gelyfan,<code>gelyfan</code>,2,0.0010929
116,gemyndig,<code>gemyndig</code>,2,0.0010929
116,genoh,<code>genoh</code>,2,0.0010929
116,geseah,<code>geseah</code>,2,0.0010929
116,gewat,<code>gewat</code>,2,0.0010929
116,gewitnod,<code>gewitnod</code>,2,0.0010929
116,godewebbe,<code>godewebbe</code>,2,0.0010929
116,habba&eth;,<code>habba&amp;d;</code>,2,0.0010929
116,habban,<code>habban</code>,2,0.0010929
116,hafenleast,<code>hafenleast</code>,2,0.0010929
116,halgan,<code>halgan</code>,2,0.0010929
116,halige,<code>halige</code>,2,0.0010929
116,helle,<code>helle</code>,2,0.0010929
116,heofonum,<code>heofonum</code>,2,0.0010929
116,hreoflian,<code>hreoflian</code>,2,0.0010929
116,hrymde,<code>hrymde</code>,2,0.0010929
116,hundas,<code>hundas</code>,2,0.0010929
116,hwa,<code>hwa</code>,2,0.0010929
116,lare,<code>lare</code>,2,0.0010929
116,lareow,<code>lareow</code>,2,0.0010929
116,lic&thorn;rowere,<code>lic&amp;t;rowere</code>,2,0.0010929
116,licgende,<code>licgende</code>,2,0.0010929
116,lufe,<code>lufe</code>,2,0.0010929
116,lytlan,<code>lytlan</code>,2,0.0010929
116,manna,<code>manna</code>,2,0.0010929
116,mannum,<code>mannum</code>,2,0.0010929
116,mare,<code>mare</code>,2,0.0010929
116,martirius,<code>martirius</code>,2,0.0010929
116,menniscum,<code>menniscum</code>,2,0.0010929
116,micclum,<code>micclum</code>,2,0.0010929
116,micel,<code>micel</code>,2,0.0010929
116,micelre,<code>micelre</code>,2,0.0010929
116,mine,<code>mine</code>,2,0.0010929
116,minum,<code>minum</code>,2,0.0010929
116,mundboran,<code>mundboran</code>,2,0.0010929
116,mynstre,<code>mynstre</code>,2,0.0010929
116,mynstres,<code>mynstres</code>,2,0.0010929
116,n&aelig;fde,<code>n&amp;ae;fde</code>,2,0.0010929
116,nama,<code>nama</code>,2,0.0010929
116,naman,<code>naman</code>,2,0.0010929
116,o&thorn;rum,<code>o&amp;t;rum</code>,2,0.0010929
116,ofer,<code>ofer</code>,2,0.0010929
116,oft,<code>oft</code>,2,0.0010929
116,purpuran,<code>purpuran</code>,2,0.0010929
116,reste,<code>reste</code>,2,0.0010929
116,rice,<code>rice</code>,2,0.0010929
116,rihtwisnysse,<code>rihtwisnysse</code>,2,0.0010929
116,s&aelig;de,<code>s&amp;ae;de</code>,2,0.0010929
116,sceolon,<code>sceolon</code>,2,0.0010929
116,scyppendes,<code>scyppendes</code>,2,0.0010929
116,sume,<code>sume</code>,2,0.0010929
116,susle,<code>susle</code>,2,0.0010929
116,sw&aelig;rnysse,<code>sw&amp;ae;rnysse</code>,2,0.0010929
116,sylfne,<code>sylfne</code>,2,0.0010929
116,syllan,<code>syllan</code>,2,0.0010929
116,symle,<code>symle</code>,2,0.0010929
116,tintregum,<code>tintregum</code>,2,0.0010929
116,uncyst,<code>uncyst</code>,2,0.0010929
116,underfenge,<code>underfenge</code>,2,0.0010929
116,up,<code>up</code>,2,0.0010929
116,ut,<code>ut</code>,2,0.0010929
116,waclice,<code>waclice</code>,2,0.0010929
116,warnian,<code>warnian</code>,2,0.0010929
116,welega,<code>welega</code>,2,0.0010929
116,wi&eth;,<code>wi&amp;d;</code>,2,0.0010929
116,wi&eth;ercorenra,<code>wi&amp;d;ercorenra</code>,2,0.0010929
116,willa&eth;,<code>willa&amp;d;</code>,2,0.0010929
116,wiste,<code>wiste</code>,2,0.0010929
116,witegan,<code>witegan</code>,2,0.0010929
116,worulde,<code>worulde</code>,2,0.0010929
116,yrm&thorn;e,<code>yrm&amp;t;e</code>,2,0.0010929
227,&aelig;fre,<code>&amp;ae;fre</code>,1,0.0005464
227,&aelig;fter,<code>&amp;ae;fter</code>,1,0.0005464
227,&aelig;niges,<code>&amp;ae;niges</code>,1,0.0005464
227,&aelig;rende,<code>&amp;ae;rende</code>,1,0.0005464
227,&aelig;tforan,<code>&amp;ae;tforan</code>,1,0.0005464
227,&eth;&aelig;ra,<code>&amp;d;&amp;ae;ra</code>,1,0.0005464
227,&eth;earfena,<code>&amp;d;earfena</code>,1,0.0005464
227,&eth;es,<code>&amp;d;es</code>,1,0.0005464
227,&eth;i,<code>&amp;d;i</code>,1,0.0005464
227,&eth;is,<code>&amp;d;is</code>,1,0.0005464
227,&eth;isum,<code>&amp;d;isum</code>,1,0.0005464
227,&eth;ry,<code>&amp;d;ry</code>,1,0.0005464
227,&thorn;&aelig;r,<code>&amp;t;&amp;ae;r</code>,1,0.0005464
227,&thorn;earle,<code>&amp;t;earle</code>,1,0.0005464
227,&thorn;in,<code>&amp;t;in</code>,1,0.0005464
227,&thorn;ing,<code>&amp;t;ing</code>,1,0.0005464
227,&thorn;ingeras,<code>&amp;t;ingeras</code>,1,0.0005464
227,&thorn;is,<code>&amp;t;is</code>,1,0.0005464
227,&thorn;ises,<code>&amp;t;ises</code>,1,0.0005464
227,&thorn;isre,<code>&amp;t;isre</code>,1,0.0005464
227,&thorn;us,<code>&amp;t;us</code>,1,0.0005464
227,&thorn;yrste,<code>&amp;t;yrste</code>,1,0.0005464
227,&thorn;ysre,<code>&amp;t;ysre</code>,1,0.0005464
227,&thorn;ysum,<code>&amp;t;ysum</code>,1,0.0005464
227,a,<code>a</code>,1,0.0005464
227,ab&aelig;r,<code>ab&amp;ae;r</code>,1,0.0005464
227,abbodes,<code>abbodes</code>,1,0.0005464
227,abbud,<code>abbud</code>,1,0.0005464
227,abbude,<code>abbude</code>,1,0.0005464
227,abrahame,<code>abrahame</code>,1,0.0005464
227,abrecon,<code>abrecon</code>,1,0.0005464
227,acl&aelig;nsode,<code>acl&amp;ae;nsode</code>,1,0.0005464
227,afeorma&eth;,<code>afeorma&amp;d;</code>,1,0.0005464
227,afeormode,<code>afeormode</code>,1,0.0005464
227,afyllede,<code>afyllede</code>,1,0.0005464
227,agen,<code>agen</code>,1,0.0005464
227,agene,<code>agene</code>,1,0.0005464
227,agenre,<code>agenre</code>,1,0.0005464
227,alysde,<code>alysde</code>,1,0.0005464
227,alysednysse,<code>alysednysse</code>,1,0.0005464
227,amen,<code>amen</code>,1,0.0005464
227,anfealdlice,<code>anfealdlice</code>,1,0.0005464
227,anfenge,<code>anfenge</code>,1,0.0005464
227,anginne,<code>anginne</code>,1,0.0005464
227,angsumnyss,<code>angsumnyss</code>,1,0.0005464
227,angsumnyssa,<code>angsumnyssa</code>,1,0.0005464
227,anlicnys,<code>anlicnys</code>,1,0.0005464
227,anre,<code>anre</code>,1,0.0005464
227,anwealde,<code>anwealde</code>,1,0.0005464
227,aras,<code>aras</code>,1,0.0005464
227,ardlice,<code>ardlice</code>,1,0.0005464
227,arwur&eth;ful,<code>arwur&amp;d;ful</code>,1,0.0005464
227,arwur&thorn;e,<code>arwur&amp;t;e</code>,1,0.0005464
227,ascofene,<code>ascofene</code>,1,0.0005464
227,asende,<code>asende</code>,1,0.0005464
227,astah,<code>astah</code>,1,0.0005464
227,astyra&eth;,<code>astyra&amp;d;</code>,1,0.0005464
227,atelican,<code>atelican</code>,1,0.0005464
227,atelicor,<code>atelicor</code>,1,0.0005464
227,aworpennysse,<code>aworpennysse</code>,1,0.0005464
227,b&aelig;ce,<code>b&amp;ae;ce</code>,1,0.0005464
227,b&aelig;d,<code>b&amp;ae;d</code>,1,0.0005464
227,b&aelig;ftan,<code>b&amp;ae;ftan</code>,1,0.0005464
227,bebint,<code>bebint</code>,1,0.0005464
227,beboda,<code>beboda</code>,1,0.0005464
227,bebodum,<code>bebodum</code>,1,0.0005464
227,becomon,<code>becomon</code>,1,0.0005464
227,becumon,<code>becumon</code>,1,0.0005464
227,becym&eth;,<code>becym&amp;d;</code>,1,0.0005464
227,bediglod,<code>bediglod</code>,1,0.0005464
227,bega&eth;,<code>bega&amp;d;</code>,1,0.0005464
227,beheold,<code>beheold</code>,1,0.0005464
227,behreowsian,<code>behreowsian</code>,1,0.0005464
227,beladunge,<code>beladunge</code>,1,0.0005464
227,beodan,<code>beodan</code>,1,0.0005464
227,beodum,<code>beodum</code>,1,0.0005464
227,beon,<code>beon</code>,1,0.0005464
227,beorhtnysse,<code>beorhtnysse</code>,1,0.0005464
227,beorhtre,<code>beorhtre</code>,1,0.0005464
227,bep&aelig;hte,<code>bep&amp;ae;hte</code>,1,0.0005464
227,ber&eth;,<code>ber&amp;d;</code>,1,0.0005464
227,beryp&eth;,<code>beryp&amp;d;</code>,1,0.0005464
227,besargia&eth;,<code>besargia&amp;d;</code>,1,0.0005464
227,besargian,<code>besargian</code>,1,0.0005464
227,besargung,<code>besargung</code>,1,0.0005464
227,besencte,<code>besencte</code>,1,0.0005464
227,bewand,<code>bewand</code>,1,0.0005464
227,bidda&eth;,<code>bidda&amp;d;</code>,1,0.0005464
227,biddende,<code>biddende</code>,1,0.0005464
227,bigspel,<code>bigspel</code>,1,0.0005464
227,blace,<code>blace</code>,1,0.0005464
227,blis,<code>blis</code>,1,0.0005464
227,blisse,<code>blisse</code>,1,0.0005464
227,bodunga,<code>bodunga</code>,1,0.0005464
227,brice,<code>brice</code>,1,0.0005464
227,bro&eth;or,<code>bro&amp;d;or</code>,1,0.0005464
227,bro&thorn;or,<code>bro&amp;t;or</code>,1,0.0005464
227,brucan,<code>brucan</code>,1,0.0005464
227,butan,<code>butan</code>,1,0.0005464
227,byr&eth;ene,<code>byr&amp;d;ene</code>,1,0.0005464
227,c&aelig;ppan,<code>c&amp;ae;ppan</code>,1,0.0005464
227,can,<code>can</code>,1,0.0005464
227,cep&eth;,<code>cep&amp;d;</code>,1,0.0005464
227,cepte,<code>cepte</code>,1,0.0005464
227,cl&aelig;nsung,<code>cl&amp;ae;nsung</code>,1,0.0005464
227,clysinge,<code>clysinge</code>,1,0.0005464
227,comon,<code>comon</code>,1,0.0005464
227,crist,<code>crist</code>,1,0.0005464
227,criste,<code>criste</code>,1,0.0005464
227,cruman,<code>cruman</code>,1,0.0005464
227,cwe&eth;,<code>cwe&amp;d;</code>,1,0.0005464
227,cwe&thorn;ende,<code>cwe&amp;t;ende</code>,1,0.0005464
227,cwicsusle,<code>cwicsusle</code>,1,0.0005464
227,cwy&eth;,<code>cwy&amp;d;</code>,1,0.0005464
227,cwylmia&eth;,<code>cwylmia&amp;d;</code>,1,0.0005464
227,cwylmigende,<code>cwylmigende</code>,1,0.0005464
227,cy&eth;e,<code>cy&amp;d;e</code>,1,0.0005464
227,d&aelig;dbote,<code>d&amp;ae;dbote</code>,1,0.0005464
227,d&aelig;ighwomlice,<code>d&amp;ae;ighwomlice</code>,1,0.0005464
227,dea&eth;e,<code>dea&amp;d;e</code>,1,0.0005464
227,deopnysse,<code>deopnysse</code>,1,0.0005464
227,deorwur&eth;lice,<code>deorwur&amp;d;lice</code>,1,0.0005464
227,deorwur&eth;ra,<code>deorwur&amp;d;ra</code>,1,0.0005464
227,deorwur&thorn;um,<code>deorwur&amp;t;um</code>,1,0.0005464
227,deriendlice,<code>deriendlice</code>,1,0.0005464
227,digelnysse,<code>digelnysse</code>,1,0.0005464
227,diues,<code>diues</code>,1,0.0005464
227,dominica,<code>dominica</code>,1,0.0005464
227,drypan,<code>drypan</code>,1,0.0005464
227,dyde,<code>dyde</code>,1,0.0005464
227,dyppe,<code>dyppe</code>,1,0.0005464
227,ea&eth;elican,<code>ea&amp;d;elican</code>,1,0.0005464
227,eadmodan,<code>eadmodan</code>,1,0.0005464
227,eadmodra,<code>eadmodra</code>,1,0.0005464
227,ealdan,<code>ealdan</code>,1,0.0005464
227,eall,<code>eall</code>,1,0.0005464
227,ealle,<code>ealle</code>,1,0.0005464
227,earde,<code>earde</code>,1,0.0005464
227,eardungstowum,<code>eardungstowum</code>,1,0.0005464
227,earfo&eth;nys,<code>earfo&amp;d;nys</code>,1,0.0005464
227,earma,<code>earma</code>,1,0.0005464
227,earman,<code>earman</code>,1,0.0005464
227,earmlicere,<code>earmlicere</code>,1,0.0005464
227,earmre,<code>earmre</code>,1,0.0005464
227,eart,<code>eart</code>,1,0.0005464
227,eawf&aelig;st,<code>eawf&amp;ae;st</code>,1,0.0005464
227,ecnysse,<code>ecnysse</code>,1,0.0005464
227,edlean,<code>edlean</code>,1,0.0005464
227,edleane,<code>edleane</code>,1,0.0005464
227,efste,<code>efste</code>,1,0.0005464
227,ende,<code>ende</code>,1,0.0005464
227,eom,<code>eom</code>,1,0.0005464
227,eor&eth;an,<code>eor&amp;d;an</code>,1,0.0005464
227,eowerum,<code>eowerum</code>,1,0.0005464
227,eowrum,<code>eowrum</code>,1,0.0005464
227,erat,<code>erat</code>,1,0.0005464
227,estmettas,<code>estmettas</code>,1,0.0005464
227,f&aelig;stnung,<code>f&amp;ae;stnung</code>,1,0.0005464
227,fe&thorn;es,<code>fe&amp;t;es</code>,1,0.0005464
227,ferde,<code>ferde</code>,1,0.0005464
227,feredest,<code>feredest</code>,1,0.0005464
227,ferode,<code>ferode</code>,1,0.0005464
227,fif,<code>fif</code>,1,0.0005464
227,finger,<code>finger</code>,1,0.0005464
227,for&eth;ferde,<code>for&amp;d;ferde</code>,1,0.0005464
227,for&eth;si&thorn;e,<code>for&amp;d;si&amp;t;e</code>,1,0.0005464
227,forb&aelig;r,<code>forb&amp;ae;r</code>,1,0.0005464
227,fordemed,<code>fordemed</code>,1,0.0005464
227,fordonan,<code>fordonan</code>,1,0.0005464
227,forgymeleasia&eth;,<code>forgymeleasia&amp;d;</code>,1,0.0005464
227,forlet,<code>forlet</code>,1,0.0005464
227,forsawon,<code>forsawon</code>,1,0.0005464
227,forseo,<code>forseo</code>,1,0.0005464
227,forseo&eth;,<code>forseo&amp;d;</code>,1,0.0005464
227,forwel,<code>forwel</code>,1,0.0005464
227,forwyrned,<code>forwyrned</code>,1,0.0005464
227,fotum,<code>fotum</code>,1,0.0005464
227,freonda,<code>freonda</code>,1,0.0005464
227,fulfremed,<code>fulfremed</code>,1,0.0005464
227,fullice,<code>fullice</code>,1,0.0005464
227,fulluhtere,<code>fulluhtere</code>,1,0.0005464
227,fyre,<code>fyre</code>,1,0.0005464
227,gaffetunge,<code>gaffetunge</code>,1,0.0005464
227,gast,<code>gast</code>,1,0.0005464
227,gaste,<code>gaste</code>,1,0.0005464
227,gatum,<code>gatum</code>,1,0.0005464
227,ge&aelig;lfremede,<code>ge&amp;ae;lfremede</code>,1,0.0005464
227,ge&thorn;afa&eth;,<code>ge&amp;t;afa&amp;d;</code>,1,0.0005464
227,ge&thorn;enod,<code>ge&amp;t;enod</code>,1,0.0005464
227,ge&thorn;uhte,<code>ge&amp;t;uhte</code>,1,0.0005464
227,geat,<code>geat</code>,1,0.0005464
227,geate,<code>geate</code>,1,0.0005464
227,gebeorscipe,<code>gebeorscipe</code>,1,0.0005464
227,gebro&eth;rum,<code>gebro&amp;d;rum</code>,1,0.0005464
227,gecele,<code>gecele</code>,1,0.0005464
227,gecneow,<code>gecneow</code>,1,0.0005464
227,gecorennysse,<code>gecorennysse</code>,1,0.0005464
227,gecorenum,<code>gecorenum</code>,1,0.0005464
227,gecwylmed,<code>gecwylmed</code>,1,0.0005464
227,gecyrra&eth;,<code>gecyrra&amp;d;</code>,1,0.0005464
227,geedcucedes,<code>geedcucedes</code>,1,0.0005464
227,geendungum,<code>geendungum</code>,1,0.0005464
227,gefredan,<code>gefredan</code>,1,0.0005464
227,gefredde,<code>gefredde</code>,1,0.0005464
227,gefrefrian,<code>gefrefrian</code>,1,0.0005464
227,gefrefrod,<code>gefrefrod</code>,1,0.0005464
227,gefremmon,<code>gefremmon</code>,1,0.0005464
227,gegafspr&aelig;ce,<code>gegafspr&amp;ae;ce</code>,1,0.0005464
227,geglencgedne,<code>geglencgedne</code>,1,0.0005464
227,geh&aelig;l&eth;,<code>geh&amp;ae;l&amp;d;</code>,1,0.0005464
227,gehaten,<code>gehaten</code>,1,0.0005464
227,gehw&aelig;de,<code>gehw&amp;ae;de</code>,1,0.0005464
227,gehwylcum,<code>gehwylcum</code>,1,0.0005464
227,gehyran,<code>gehyran</code>,1,0.0005464
227,gehyrsumian,<code>gehyrsumian</code>,1,0.0005464
227,gelicnysse,<code>gelicnysse</code>,1,0.0005464
227,gemedemode,<code>gemedemode</code>,1,0.0005464
227,gemette,<code>gemette</code>,1,0.0005464
227,gemiltsa,<code>gemiltsa</code>,1,0.0005464
227,gemunde,<code>gemunde</code>,1,0.0005464
227,gemynd,<code>gemynd</code>,1,0.0005464
227,gemyndige,<code>gemyndige</code>,1,0.0005464
227,geneal&aelig;can,<code>geneal&amp;ae;can</code>,1,0.0005464
227,geneal&aelig;hte,<code>geneal&amp;ae;hte</code>,1,0.0005464
227,geneal&aelig;hton,<code>geneal&amp;ae;hton</code>,1,0.0005464
227,genihtsumnys,<code>genihtsumnys</code>,1,0.0005464
227,geny&thorn;erung,<code>geny&amp;t;erung</code>,1,0.0005464
227,geornfulnysse,<code>geornfulnysse</code>,1,0.0005464
227,geornlice,<code>geornlice</code>,1,0.0005464
227,gereordodon,<code>gereordodon</code>,1,0.0005464
227,ges&aelig;d,<code>ges&amp;ae;d</code>,1,0.0005464
227,ges&aelig;l&eth;e,<code>ges&amp;ae;l&amp;d;e</code>,1,0.0005464
227,gesawe,<code>gesawe</code>,1,0.0005464
227,gesceafta,<code>gesceafta</code>,1,0.0005464
227,gesceaftum,<code>gesceaftum</code>,1,0.0005464
227,gescryd,<code>gescryd</code>,1,0.0005464
227,gese&eth;de,<code>gese&amp;d;de</code>,1,0.0005464
227,gesih&eth;,<code>gesih&amp;d;</code>,1,0.0005464
227,gesih&eth;e,<code>gesih&amp;d;e</code>,1,0.0005464
227,gestreone,<code>gestreone</code>,1,0.0005464
227,gesundful,<code>gesundful</code>,1,0.0005464
227,geswencte,<code>geswencte</code>,1,0.0005464
227,geswutelod,<code>geswutelod</code>,1,0.0005464
227,geswutelode,<code>geswutelode</code>,1,0.0005464
227,gete,<code>gete</code>,1,0.0005464
227,geteald,<code>geteald</code>,1,0.0005464
227,geti&eth;ige,<code>geti&amp;d;ige</code>,1,0.0005464
227,geti&thorn;od,<code>geti&amp;t;od</code>,1,0.0005464
227,getima&eth;,<code>getima&amp;d;</code>,1,0.0005464
227,getintregod,<code>getintregod</code>,1,0.0005464
227,geweald,<code>geweald</code>,1,0.0005464
227,gewelgode,<code>gewelgode</code>,1,0.0005464
227,gewem&eth;,<code>gewem&amp;d;</code>,1,0.0005464
227,gewende,<code>gewende</code>,1,0.0005464
227,gewilnia&eth;,<code>gewilnia&amp;d;</code>,1,0.0005464
227,gewislice,<code>gewislice</code>,1,0.0005464
227,gewrecen,<code>gewrecen</code>,1,0.0005464
227,gewunelic,<code>gewunelic</code>,1,0.0005464
227,gingrum,<code>gingrum</code>,1,0.0005464
227,glenge,<code>glenge</code>,1,0.0005464
227,godcundnysse,<code>godcundnysse</code>,1,0.0005464
227,gode,<code>gode</code>,1,0.0005464
227,gylpe,<code>gylpe</code>,1,0.0005464
227,gylt,<code>gylt</code>,1,0.0005464
227,gyltas,<code>gyltas</code>,1,0.0005464
227,gyrlum,<code>gyrlum</code>,1,0.0005464
227,gyrnde,<code>gyrnde</code>,1,0.0005464
227,h&aelig;fde,<code>h&amp;ae;fde</code>,1,0.0005464
227,h&aelig;ftnydum,<code>h&amp;ae;ftnydum</code>,1,0.0005464
227,h&aelig;l&eth;e,<code>h&amp;ae;l&amp;d;e</code>,1,0.0005464
227,h&aelig;lendes,<code>h&amp;ae;lendes</code>,1,0.0005464
227,h&aelig;rum,<code>h&amp;ae;rum</code>,1,0.0005464
227,h&aelig;se,<code>h&amp;ae;se</code>,1,0.0005464
227,h&aelig;tera,<code>h&amp;ae;tera</code>,1,0.0005464
227,halne,<code>halne</code>,1,0.0005464
227,hawia&eth;,<code>hawia&amp;d;</code>,1,0.0005464
227,heahf&aelig;deres,<code>heahf&amp;ae;deres</code>,1,0.0005464
227,healicum,<code>healicum</code>,1,0.0005464
227,heape,<code>heape</code>,1,0.0005464
227,hedan,<code>hedan</code>,1,0.0005464
227,hefes,<code>hefes</code>,1,0.0005464
227,hellewite,<code>hellewite</code>,1,0.0005464
227,hellican,<code>hellican</code>,1,0.0005464
227,heorcnian,<code>heorcnian</code>,1,0.0005464
227,herede,<code>herede</code>,1,0.0005464
227,hingrode,<code>hingrode</code>,1,0.0005464
227,hiwe,<code>hiwe</code>,1,0.0005464
227,homo,<code>homo</code>,1,0.0005464
227,hreoflig,<code>hreoflig</code>,1,0.0005464
227,hreofliga,<code>hreofliga</code>,1,0.0005464
227,hulce,<code>hulce</code>,1,0.0005464
227,hundes,<code>hundes</code>,1,0.0005464
227,hw&aelig;ne,<code>hw&amp;ae;ne</code>,1,0.0005464
227,hw&aelig;r,<code>hw&amp;ae;r</code>,1,0.0005464
227,hwiltidum,<code>hwiltidum</code>,1,0.0005464
227,hwilwendlicum,<code>hwilwendlicum</code>,1,0.0005464
227,hwite,<code>hwite</code>,1,0.0005464
227,induebatur,<code>induebatur</code>,1,0.0005464
227,into,<code>into</code>,1,0.0005464
227,iohannem,<code>iohannem</code>,1,0.0005464
227,l&aelig;ge,<code>l&amp;ae;ge</code>,1,0.0005464
227,l&aelig;ig,<code>l&amp;ae;ig</code>,1,0.0005464
227,lazaras,<code>lazaras</code>,1,0.0005464
227,lazares,<code>lazares</code>,1,0.0005464
227,leode,<code>leode</code>,1,0.0005464
227,leof,<code>leof</code>,1,0.0005464
227,leofan,<code>leofan</code>,1,0.0005464
227,leofode,<code>leofode</code>,1,0.0005464
227,leofostan,<code>leofostan</code>,1,0.0005464
227,leohtre,<code>leohtre</code>,1,0.0005464
227,lic,<code>lic</code>,1,0.0005464
227,licaonia,<code>licaonia</code>,1,0.0005464
227,liccung,<code>liccung</code>,1,0.0005464
227,licgan,<code>licgan</code>,1,0.0005464
227,lige,<code>lige</code>,1,0.0005464
227,lisse,<code>lisse</code>,1,0.0005464
227,lufa&eth;,<code>lufa&amp;d;</code>,1,0.0005464
227,lufian,<code>lufian</code>,1,0.0005464
227,lufodon,<code>lufodon</code>,1,0.0005464
227,lufon,<code>lufon</code>,1,0.0005464
227,lufu,<code>lufu</code>,1,0.0005464
227,m&aelig;g,<code>m&amp;ae;g</code>,1,0.0005464
227,m&aelig;genleaste,<code>m&amp;ae;genleaste</code>,1,0.0005464
227,m&aelig;ig,<code>m&amp;ae;ig</code>,1,0.0005464
227,m&aelig;ig&eth;e,<code>m&amp;ae;ig&amp;d;e</code>,1,0.0005464
227,m&aelig;nde,<code>m&amp;ae;nde</code>,1,0.0005464
227,m&aelig;rlic,<code>m&amp;ae;rlic</code>,1,0.0005464
227,m&aelig;rlice,<code>m&amp;ae;rlice</code>,1,0.0005464
227,magas,<code>magas</code>,1,0.0005464
227,manega,<code>manega</code>,1,0.0005464
227,manfullum,<code>manfullum</code>,1,0.0005464
227,manfulra,<code>manfulra</code>,1,0.0005464
227,mann,<code>mann</code>,1,0.0005464
227,maran,<code>maran</code>,1,0.0005464
227,martiri,<code>martiri</code>,1,0.0005464
227,men,<code>men</code>,1,0.0005464
227,menigfealde,<code>menigfealde</code>,1,0.0005464
227,menn,<code>menn</code>,1,0.0005464
227,menniscnys,<code>menniscnys</code>,1,0.0005464
227,menniscra,<code>menniscra</code>,1,0.0005464
227,metinge,<code>metinge</code>,1,0.0005464
227,mildheortan,<code>mildheortan</code>,1,0.0005464
227,mildheortnysse,<code>mildheortnysse</code>,1,0.0005464
227,minre,<code>minre</code>,1,0.0005464
227,mislice,<code>mislice</code>,1,0.0005464
227,mod,<code>mod</code>,1,0.0005464
227,modegode,<code>modegode</code>,1,0.0005464
227,modes,<code>modes</code>,1,0.0005464
227,modigan,<code>modigan</code>,1,0.0005464
227,moston,<code>moston</code>,1,0.0005464
227,moyses,<code>moyses</code>,1,0.0005464
227,muneces,<code>muneces</code>,1,0.0005464
227,munuce,<code>munuce</code>,1,0.0005464
227,mynegunge,<code>mynegunge</code>,1,0.0005464
227,mysan,<code>mysan</code>,1,0.0005464
227,n&aelig;nne,<code>n&amp;ae;nne</code>,1,0.0005464
227,n&aelig;s,<code>n&amp;ae;s</code>,1,0.0005464
227,nacod,<code>nacod</code>,1,0.0005464
227,nahte,<code>nahte</code>,1,0.0005464
227,namcu&thorn;re,<code>namcu&amp;t;re</code>,1,0.0005464
227,nane,<code>nane</code>,1,0.0005464
227,nanes,<code>nanes</code>,1,0.0005464
227,nanre,<code>nanre</code>,1,0.0005464
227,nateshwon,<code>nateshwon</code>,1,0.0005464
227,nemde,<code>nemde</code>,1,0.0005464
227,neodlice,<code>neodlice</code>,1,0.0005464
227,nis,<code>nis</code>,1,0.0005464
227,o&eth;erne,<code>o&amp;d;erne</code>,1,0.0005464
227,o&thorn;erne,<code>o&amp;t;erne</code>,1,0.0005464
227,o&thorn;re,<code>o&amp;t;re</code>,1,0.0005464
227,o&thorn;res,<code>o&amp;t;res</code>,1,0.0005464
227,oferflowednys,<code>oferflowednys</code>,1,0.0005464
227,oferflowednyssa,<code>oferflowednyssa</code>,1,0.0005464
227,ofhreow,<code>ofhreow</code>,1,0.0005464
227,ogan,<code>ogan</code>,1,0.0005464
227,oluendes,<code>oluendes</code>,1,0.0005464
227,oncneow,<code>oncneow</code>,1,0.0005464
227,oncneowe,<code>oncneowe</code>,1,0.0005464
227,ondr&aelig;denne,<code>ondr&amp;ae;denne</code>,1,0.0005464
227,onfon,<code>onfon</code>,1,0.0005464
227,ongean,<code>ongean</code>,1,0.0005464
227,onwreah,<code>onwreah</code>,1,0.0005464
227,orwene,<code>orwene</code>,1,0.0005464
227,papa,<code>papa</code>,1,0.0005464
227,pentecosten,<code>pentecosten</code>,1,0.0005464
227,pinunga,<code>pinunga</code>,1,0.0005464
227,pleoh,<code>pleoh</code>,1,0.0005464
227,post,<code>post</code>,1,0.0005464
227,purpura,<code>purpura</code>,1,0.0005464
227,quidam,<code>quidam</code>,1,0.0005464
227,r&aelig;dinge,<code>r&amp;ae;dinge</code>,1,0.0005464
227,reafa,<code>reafa</code>,1,0.0005464
227,reafere,<code>reafere</code>,1,0.0005464
227,reafes,<code>reafes</code>,1,0.0005464
227,reliqua,<code>reliqua</code>,1,0.0005464
227,reocendum,<code>reocendum</code>,1,0.0005464
227,rihtwisan,<code>rihtwisan</code>,1,0.0005464
227,rihtwisra,<code>rihtwisra</code>,1,0.0005464
227,rixa&eth;,<code>rixa&amp;d;</code>,1,0.0005464
227,sawul,<code>sawul</code>,1,0.0005464
227,sceama&eth;,<code>sceama&amp;d;</code>,1,0.0005464
227,sceamode,<code>sceamode</code>,1,0.0005464
227,scencton,<code>scencton</code>,1,0.0005464
227,sceoldon,<code>sceoldon</code>,1,0.0005464
227,sceole,<code>sceole</code>,1,0.0005464
227,sceortum,<code>sceortum</code>,1,0.0005464
227,scryddon,<code>scryddon</code>,1,0.0005464
227,secvnda,<code>secvnda</code>,1,0.0005464
227,send,<code>send</code>,1,0.0005464
227,siblingas,<code>siblingas</code>,1,0.0005464
227,siblingum,<code>siblingum</code>,1,0.0005464
227,smeagenne,<code>smeagenne</code>,1,0.0005464
227,so&eth;lice,<code>so&amp;d;lice</code>,1,0.0005464
227,so&thorn;lice,<code>so&amp;t;lice</code>,1,0.0005464
227,spedum,<code>spedum</code>,1,0.0005464
227,spr&aelig;c,<code>spr&amp;ae;c</code>,1,0.0005464
227,springum,<code>springum</code>,1,0.0005464
227,stence,<code>stence</code>,1,0.0005464
227,sti&thorn;lice,<code>sti&amp;t;lice</code>,1,0.0005464
227,stowe,<code>stowe</code>,1,0.0005464
227,sumne,<code>sumne</code>,1,0.0005464
227,sumum,<code>sumum</code>,1,0.0005464
227,swi&eth;e,<code>swi&amp;d;e</code>,1,0.0005464
227,swi&eth;or,<code>swi&amp;d;or</code>,1,0.0005464
227,swi&thorn;ost,<code>swi&amp;t;ost</code>,1,0.0005464
227,swilce,<code>swilce</code>,1,0.0005464
227,swuran,<code>swuran</code>,1,0.0005464
227,sy&eth;&eth;an,<code>sy&amp;d;&amp;d;an</code>,1,0.0005464
227,sylfe,<code>sylfe</code>,1,0.0005464
227,sylfum,<code>sylfum</code>,1,0.0005464
227,syn,<code>syn</code>,1,0.0005464
227,synfullan,<code>synfullan</code>,1,0.0005464
227,synna,<code>synna</code>,1,0.0005464
227,synnum,<code>synnum</code>,1,0.0005464
227,t&aelig;hte,<code>t&amp;ae;hte</code>,1,0.0005464
227,tallice,<code>tallice</code>,1,0.0005464
227,teartlicor,<code>teartlicor</code>,1,0.0005464
227,teartnysse,<code>teartnysse</code>,1,0.0005464
227,tela,<code>tela</code>,1,0.0005464
227,tiht,<code>tiht</code>,1,0.0005464
227,tilia&eth;,<code>tilia&amp;d;</code>,1,0.0005464
227,tintrega,<code>tintrega</code>,1,0.0005464
227,tintregunge,<code>tintregunge</code>,1,0.0005464
227,to&eth;undennesse,<code>to&amp;d;undennesse</code>,1,0.0005464
227,to&thorn;undenum,<code>to&amp;t;undenum</code>,1,0.0005464
227,tocinen,<code>tocinen</code>,1,0.0005464
227,toforan,<code>toforan</code>,1,0.0005464
227,trahtnienne,<code>trahtnienne</code>,1,0.0005464
227,tunge,<code>tunge</code>,1,0.0005464
227,uncysste,<code>uncysste</code>,1,0.0005464
227,uncystig,<code>uncystig</code>,1,0.0005464
227,underfeng,<code>underfeng</code>,1,0.0005464
227,undo&thorn;,<code>undo&amp;t;</code>,1,0.0005464
227,unnytwur&eth;lice,<code>unnytwur&amp;d;lice</code>,1,0.0005464
227,unrihtwisan,<code>unrihtwisan</code>,1,0.0005464
227,untrumnyss,<code>untrumnyss</code>,1,0.0005464
227,upahefednys,<code>upahefednys</code>,1,0.0005464
227,upahefednyss,<code>upahefednyss</code>,1,0.0005464
227,upstige,<code>upstige</code>,1,0.0005464
227,w&aelig;dligende,<code>w&amp;ae;dligende</code>,1,0.0005464
227,w&aelig;dlung,<code>w&amp;ae;dlung</code>,1,0.0005464
227,w&aelig;tere,<code>w&amp;ae;tere</code>,1,0.0005464
227,w&#275;re,<code>w&amp;e;re</code>,1,0.0005464
227,wacnysse,<code>wacnysse</code>,1,0.0005464
227,wana&eth;,<code>wana&amp;d;</code>,1,0.0005464
227,wand,<code>wand</code>,1,0.0005464
227,warnie,<code>warnie</code>,1,0.0005464
227,wealdenda,<code>wealdenda</code>,1,0.0005464
227,weard,<code>weard</code>,1,0.0005464
227,wege,<code>wege</code>,1,0.0005464
227,welig,<code>welig</code>,1,0.0005464
227,welum,<code>welum</code>,1,0.0005464
227,wena&eth;,<code>wena&amp;d;</code>,1,0.0005464
227,wende,<code>wende</code>,1,0.0005464
227,wi&eth;ercoran,<code>wi&amp;d;ercoran</code>,1,0.0005464
227,wille,<code>wille</code>,1,0.0005464
227,wilnia&eth;,<code>wilnia&amp;d;</code>,1,0.0005464
227,wissian,<code>wissian</code>,1,0.0005464
227,witegena,<code>witegena</code>,1,0.0005464
227,witegum,<code>witegum</code>,1,0.0005464
227,woldon,<code>woldon</code>,1,0.0005464
227,wuldor,<code>wuldor</code>,1,0.0005464
227,wuldre,<code>wuldre</code>,1,0.0005464
227,wunigende,<code>wunigende</code>,1,0.0005464
227,ydelum,<code>ydelum</code>,1,0.0005464
227,yfele,<code>yfele</code>,1,0.0005464
227,yfelum,<code>yfelum</code>,1,0.0005464
227,ylcan,<code>ylcan</code>,1,0.0005464
227,yrm&eth;,<code>yrm&amp;d;</code>,1,0.0005464
227,yrna&eth;,<code>yrna&amp;d;</code>,1,0.0005464
