B_Prose,B01,B01.002.010_AECHom_II__9_T02600.txt,998,712,2402
RANK,HTML WORD,RAW WORD,COUNT,RELATIVE FREQUENCY
1,and,<code>and</code>,114,0.0474604
2,&thorn;&aelig;t,<code>&amp;t;&amp;ae;t</code>,68,0.0283097
2,he,<code>he</code>,68,0.0283097
4,on,<code>on</code>,54,0.0224813
5,to,<code>to</code>,51,0.0212323
6,&eth;a,<code>&amp;d;a</code>,46,0.0191507
7,swa,<code>swa</code>,44,0.0183181
8,his,<code>his</code>,42,0.0174854
9,mid,<code>mid</code>,39,0.0162365
10,&eth;e,<code>&amp;d;e</code>,36,0.0149875
11,&eth;am,<code>&amp;d;am</code>,32,0.0133222
12,se,<code>se</code>,31,0.0129059
13,gregorius,<code>gregorius</code>,22,0.0091590
14,hi,<code>hi</code>,21,0.0087427
15,godes,<code>godes</code>,17,0.0070774
15,him,<code>him</code>,17,0.0070774
17,&eth;&aelig;re,<code>&amp;d;&amp;ae;re</code>,16,0.0066611
17,&thorn;a,<code>&amp;t;a</code>,16,0.0066611
17,for,<code>for</code>,16,0.0066611
17,we,<code>we</code>,16,0.0066611
21,&thorn;&aelig;s,<code>&amp;t;&amp;ae;s</code>,15,0.0062448
21,ne,<code>ne</code>,15,0.0062448
23,w&aelig;s,<code>w&amp;ae;s</code>,13,0.0054122
24,&eth;isum,<code>&amp;d;isum</code>,12,0.0049958
24,ac,<code>ac</code>,12,0.0049958
24,hine,<code>hine</code>,12,0.0049958
27,of,<code>of</code>,11,0.0045795
28,&aelig;fter,<code>&amp;ae;fter</code>,10,0.0041632
28,&eth;an,<code>&amp;d;an</code>,10,0.0041632
28,&thorn;e,<code>&amp;t;e</code>,10,0.0041632
28,heora,<code>heora</code>,10,0.0041632
32,folc,<code>folc</code>,9,0.0037469
32,w&aelig;re,<code>w&amp;ae;re</code>,9,0.0037469
32,w&aelig;ron,<code>w&amp;ae;ron</code>,9,0.0037469
35,&eth;eode,<code>&amp;d;eode</code>,8,0.0033306
35,&thorn;urh,<code>&amp;t;urh</code>,8,0.0033306
35,cw&aelig;&eth;,<code>cw&amp;ae;&amp;d;</code>,8,0.0033306
35,hw&aelig;t,<code>hw&amp;ae;t</code>,8,0.0033306
35,ic,<code>ic</code>,8,0.0033306
35,is,<code>is</code>,8,0.0033306
35,papan,<code>papan</code>,8,0.0033306
35,uton,<code>uton</code>,8,0.0033306
43,&aelig;r,<code>&amp;ae;r</code>,7,0.0029142
43,augustinus,<code>augustinus</code>,7,0.0029142
43,be,<code>be</code>,7,0.0029142
43,ge,<code>ge</code>,7,0.0029142
43,gode,<code>gode</code>,7,0.0029142
43,sind,<code>sind</code>,7,0.0029142
43,sylf,<code>sylf</code>,7,0.0029142
43,ure,<code>ure</code>,7,0.0029142
43,us,<code>us</code>,7,0.0029142
52,&aelig;t,<code>&amp;ae;t</code>,6,0.0024979
52,&eth;one,<code>&amp;d;one</code>,6,0.0024979
52,&thorn;one,<code>&amp;t;one</code>,6,0.0024979
52,angelcynne,<code>angelcynne</code>,6,0.0024979
52,asende,<code>asende</code>,6,0.0024979
52,befran,<code>befran</code>,6,0.0024979
52,hu,<code>hu</code>,6,0.0024979
52,lifes,<code>lifes</code>,6,0.0024979
52,micclum,<code>micclum</code>,6,0.0024979
52,papa,<code>papa</code>,6,0.0024979
62,&eth;eah,<code>&amp;d;eah</code>,5,0.0020816
62,cyning,<code>cyning</code>,5,0.0020816
62,d&aelig;ge,<code>d&amp;ae;ge</code>,5,0.0020816
62,eac,<code>eac</code>,5,0.0020816
62,ecan,<code>ecan</code>,5,0.0020816
62,eow,<code>eow</code>,5,0.0020816
62,fram,<code>fram</code>,5,0.0020816
62,god,<code>god</code>,5,0.0020816
62,lare,<code>lare</code>,5,0.0020816
62,man,<code>man</code>,5,0.0020816
62,mihte,<code>mihte</code>,5,0.0020816
62,seo,<code>seo</code>,5,0.0020816
74,&eth;&aelig;ra,<code>&amp;d;&amp;ae;ra</code>,4,0.0016653
74,&eth;&aelig;s,<code>&amp;d;&amp;ae;s</code>,4,0.0016653
74,&eth;ing,<code>&amp;d;ing</code>,4,0.0016653
74,&eth;urh,<code>&amp;d;urh</code>,4,0.0016653
74,&thorn;&aelig;re,<code>&amp;t;&amp;ae;re</code>,4,0.0016653
74,&thorn;am,<code>&amp;t;am</code>,4,0.0016653
74,&thorn;eah,<code>&amp;t;eah</code>,4,0.0016653
74,augustine,<code>augustine</code>,4,0.0016653
74,eadiga,<code>eadiga</code>,4,0.0016653
74,eallum,<code>eallum</code>,4,0.0016653
74,eft,<code>eft</code>,4,0.0016653
74,engla,<code>engla</code>,4,0.0016653
74,gecyrrednysse,<code>gecyrrednysse</code>,4,0.0016653
74,halige,<code>halige</code>,4,0.0016653
74,heortan,<code>heortan</code>,4,0.0016653
74,hit,<code>hit</code>,4,0.0016653
74,leode,<code>leode</code>,4,0.0016653
74,o&eth;,<code>o&amp;d;</code>,4,0.0016653
74,wordum,<code>wordum</code>,4,0.0016653
74,wuldre,<code>wuldre</code>,4,0.0016653
94,&aelig;rendracan,<code>&amp;ae;rendracan</code>,3,0.0012490
94,&eth;u,<code>&amp;d;u</code>,3,0.0012490
94,&thorn;&aelig;ra,<code>&amp;t;&amp;ae;ra</code>,3,0.0012490
94,aweste,<code>aweste</code>,3,0.0012490
94,benum,<code>benum</code>,3,0.0012490
94,beo,<code>beo</code>,3,0.0012490
94,beon,<code>beon</code>,3,0.0012490
94,betwux,<code>betwux</code>,3,0.0012490
94,bi&eth;,<code>bi&amp;d;</code>,3,0.0012490
94,bigleofan,<code>bigleofan</code>,3,0.0012490
94,burh,<code>burh</code>,3,0.0012490
94,buton,<code>buton</code>,3,0.0012490
94,casere,<code>casere</code>,3,0.0012490
94,cristes,<code>cristes</code>,3,0.0012490
94,cwealm,<code>cwealm</code>,3,0.0012490
94,cydde,<code>cydde</code>,3,0.0012490
94,cyninge,<code>cyninge</code>,3,0.0012490
94,dea&eth;e,<code>dea&amp;d;e</code>,3,0.0012490
94,eadigan,<code>eadigan</code>,3,0.0012490
94,englisc,<code>englisc</code>,3,0.0012490
94,eode,<code>eode</code>,3,0.0012490
94,f&aelig;der,<code>f&amp;ae;der</code>,3,0.0012490
94,fela,<code>fela</code>,3,0.0012490
94,gedafena&eth;,<code>gedafena&amp;d;</code>,3,0.0012490
94,gehatene,<code>gehatene</code>,3,0.0012490
94,gesette,<code>gesette</code>,3,0.0012490
94,gif,<code>gif</code>,3,0.0012490
94,gregories,<code>gregories</code>,3,0.0012490
94,gyt,<code>gyt</code>,3,0.0012490
94,halgum,<code>halgum</code>,3,0.0012490
94,heofonlican,<code>heofonlican</code>,3,0.0012490
94,lande,<code>lande</code>,3,0.0012490
94,lif,<code>lif</code>,3,0.0012490
94,life,<code>life</code>,3,0.0012490
94,mannum,<code>mannum</code>,3,0.0012490
94,me,<code>me</code>,3,0.0012490
94,menn,<code>menn</code>,3,0.0012490
94,micel,<code>micel</code>,3,0.0012490
94,nama,<code>nama</code>,3,0.0012490
94,naman,<code>naman</code>,3,0.0012490
94,nu,<code>nu</code>,3,0.0012490
94,ondr&aelig;dan,<code>ondr&amp;ae;dan</code>,3,0.0012490
94,rice,<code>rice</code>,3,0.0012490
94,rices,<code>rices</code>,3,0.0012490
94,romaniscan,<code>romaniscan</code>,3,0.0012490
94,s&aelig;de,<code>s&amp;ae;de</code>,3,0.0012490
94,si&eth;&eth;an,<code>si&amp;d;&amp;d;an</code>,3,0.0012490
94,so&eth;re,<code>so&amp;d;re</code>,3,0.0012490
94,sy,<code>sy</code>,3,0.0012490
94,sylfe,<code>sylfe</code>,3,0.0012490
94,witodlice,<code>witodlice</code>,3,0.0012490
94,word,<code>word</code>,3,0.0012490
94,wundra,<code>wundra</code>,3,0.0012490
94,wurde,<code>wurde</code>,3,0.0012490
148,&aelig;&eth;elborennysse,<code>&amp;ae;&amp;d;elborennysse</code>,2,0.0008326
148,&aelig;lmihtiga,<code>&amp;ae;lmihtiga</code>,2,0.0008326
148,&eth;ancode,<code>&amp;d;ancode</code>,2,0.0008326
148,&eth;eonde,<code>&amp;d;eonde</code>,2,0.0008326
148,&eth;inga,<code>&amp;d;inga</code>,2,0.0008326
148,&thorn;u,<code>&amp;t;u</code>,2,0.0008326
148,ahafen,<code>ahafen</code>,2,0.0008326
148,andwyrde,<code>andwyrde</code>,2,0.0008326
148,angle,<code>angle</code>,2,0.0008326
148,apostol,<code>apostol</code>,2,0.0008326
148,apostola,<code>apostola</code>,2,0.0008326
148,apostolican,<code>apostolican</code>,2,0.0008326
148,awende,<code>awende</code>,2,0.0008326
148,b&aelig;d,<code>b&amp;ae;d</code>,2,0.0008326
148,bebead,<code>bebead</code>,2,0.0008326
148,behat,<code>behat</code>,2,0.0008326
148,bene,<code>bene</code>,2,0.0008326
148,beo&eth;,<code>beo&amp;d;</code>,2,0.0008326
148,blissigan,<code>blissigan</code>,2,0.0008326
148,boc,<code>boc</code>,2,0.0008326
148,bydela,<code>bydela</code>,2,0.0008326
148,cantwarebyrig,<code>cantwarebyrig</code>,2,0.0008326
148,ceastergewaran,<code>ceastergewaran</code>,2,0.0008326
148,dea&eth;,<code>dea&amp;d;</code>,2,0.0008326
148,dema,<code>dema</code>,2,0.0008326
148,deman,<code>deman</code>,2,0.0008326
148,dere,<code>dere</code>,2,0.0008326
148,drohtnode,<code>drohtnode</code>,2,0.0008326
148,drohtnunge,<code>drohtnunge</code>,2,0.0008326
148,e&eth;ele,<code>e&amp;d;ele</code>,2,0.0008326
148,ealdan,<code>ealdan</code>,2,0.0008326
148,ealle,<code>ealle</code>,2,0.0008326
148,eallunge,<code>eallunge</code>,2,0.0008326
148,ealre,<code>ealre</code>,2,0.0008326
148,engliscre,<code>engliscre</code>,2,0.0008326
148,eornostlice,<code>eornostlice</code>,2,0.0008326
148,eoweres,<code>eoweres</code>,2,0.0008326
148,ercebiscope,<code>ercebiscope</code>,2,0.0008326
148,f&aelig;geres,<code>f&amp;ae;geres</code>,2,0.0008326
148,folce,<code>folce</code>,2,0.0008326
148,forl&aelig;tan,<code>forl&amp;ae;tan</code>,2,0.0008326
148,forwel,<code>forwel</code>,2,0.0008326
148,ge&eth;afian,<code>ge&amp;d;afian</code>,2,0.0008326
148,gebedum,<code>gebedum</code>,2,0.0008326
148,gebro&eth;ra,<code>gebro&amp;d;ra</code>,2,0.0008326
148,geceas,<code>geceas</code>,2,0.0008326
148,gecnyrdnysse,<code>gecnyrdnysse</code>,2,0.0008326
148,geferan,<code>geferan</code>,2,0.0008326
148,geferum,<code>geferum</code>,2,0.0008326
148,gefremode,<code>gefremode</code>,2,0.0008326
148,gehaten,<code>gehaten</code>,2,0.0008326
148,gehwilce,<code>gehwilce</code>,2,0.0008326
148,gel&aelig;hte,<code>gel&amp;ae;hte</code>,2,0.0008326
148,gela&eth;unge,<code>gela&amp;d;unge</code>,2,0.0008326
148,gelamp,<code>gelamp</code>,2,0.0008326
148,geleafan,<code>geleafan</code>,2,0.0008326
148,geleaffullum,<code>geleaffullum</code>,2,0.0008326
148,gelyfende,<code>gelyfende</code>,2,0.0008326
148,gemaglicum,<code>gemaglicum</code>,2,0.0008326
148,geond,<code>geond</code>,2,0.0008326
148,ges&aelig;liglice,<code>ges&amp;ae;liglice</code>,2,0.0008326
148,gewilnode,<code>gewilnode</code>,2,0.0008326
148,gewissode,<code>gewissode</code>,2,0.0008326
148,gewritum,<code>gewritum</code>,2,0.0008326
148,gife,<code>gife</code>,2,0.0008326
148,graman,<code>graman</code>,2,0.0008326
148,gregorium,<code>gregorium</code>,2,0.0008326
148,gyltas,<code>gyltas</code>,2,0.0008326
148,h&aelig;fde,<code>h&amp;ae;fde</code>,2,0.0008326
148,h&aelig;se,<code>h&amp;ae;se</code>,2,0.0008326
148,halga,<code>halga</code>,2,0.0008326
148,halgan,<code>halgan</code>,2,0.0008326
148,heo,<code>heo</code>,2,0.0008326
148,hr&aelig;dlice,<code>hr&amp;ae;dlice</code>,2,0.0008326
148,hus,<code>hus</code>,2,0.0008326
148,hwile,<code>hwile</code>,2,0.0008326
148,iglande,<code>iglande</code>,2,0.0008326
148,inf&aelig;r,<code>inf&amp;ae;r</code>,2,0.0008326
148,lareowas,<code>lareowas</code>,2,0.0008326
148,leofostan,<code>leofostan</code>,2,0.0008326
148,lufode,<code>lufode</code>,2,0.0008326
148,m&aelig;ge,<code>m&amp;ae;ge</code>,2,0.0008326
148,mana&eth;,<code>mana&amp;d;</code>,2,0.0008326
148,manega,<code>manega</code>,2,0.0008326
148,manegum,<code>manegum</code>,2,0.0008326
148,manna,<code>manna</code>,2,0.0008326
148,mare,<code>mare</code>,2,0.0008326
148,menige,<code>menige</code>,2,0.0008326
148,menigfealdum,<code>menigfealdum</code>,2,0.0008326
148,micclan,<code>micclan</code>,2,0.0008326
148,miht,<code>miht</code>,2,0.0008326
148,mildheorta,<code>mildheorta</code>,2,0.0008326
148,mildheortnysse,<code>mildheortnysse</code>,2,0.0008326
148,mine,<code>mine</code>,2,0.0008326
148,mode,<code>mode</code>,2,0.0008326
148,munecum,<code>munecum</code>,2,0.0008326
148,n&aelig;s,<code>n&amp;ae;s</code>,2,0.0008326
148,nan,<code>nan</code>,2,0.0008326
148,o&eth;re,<code>o&amp;d;re</code>,2,0.0008326
148,ofer,<code>ofer</code>,2,0.0008326
148,ongann,<code>ongann</code>,2,0.0008326
148,ongean,<code>ongean</code>,2,0.0008326
148,onsigendum,<code>onsigendum</code>,2,0.0008326
148,pistol,<code>pistol</code>,2,0.0008326
148,rihtlice,<code>rihtlice</code>,2,0.0008326
148,romana,<code>romana</code>,2,0.0008326
148,romanaburh,<code>romanaburh</code>,2,0.0008326
148,romanisce,<code>romanisce</code>,2,0.0008326
148,s&aelig;,<code>s&amp;ae;</code>,2,0.0008326
148,s&aelig;le,<code>s&amp;ae;le</code>,2,0.0008326
148,samod,<code>samod</code>,2,0.0008326
148,sceoldon,<code>sceoldon</code>,2,0.0008326
148,sceolon,<code>sceolon</code>,2,0.0008326
148,setle,<code>setle</code>,2,0.0008326
148,setles,<code>setles</code>,2,0.0008326
148,six,<code>six</code>,2,0.0008326
148,so&eth;an,<code>so&amp;d;an</code>,2,0.0008326
148,so&eth;lice,<code>so&amp;d;lice</code>,2,0.0008326
148,sumum,<code>sumum</code>,2,0.0008326
148,swi&eth;e,<code>swi&amp;d;e</code>,2,0.0008326
148,swincan,<code>swincan</code>,2,0.0008326
148,swurde,<code>swurde</code>,2,0.0008326
148,sylfne,<code>sylfne</code>,2,0.0008326
148,tacnum,<code>tacnum</code>,2,0.0008326
148,teah,<code>teah</code>,2,0.0008326
148,tihte,<code>tihte</code>,2,0.0008326
148,underfeng,<code>underfeng</code>,2,0.0008326
148,urum,<code>urum</code>,2,0.0008326
148,w&aelig;ccan,<code>w&amp;ae;ccan</code>,2,0.0008326
148,wear&eth;,<code>wear&amp;d;</code>,2,0.0008326
148,weorc,<code>weorc</code>,2,0.0008326
148,wile,<code>wile</code>,2,0.0008326
148,wille,<code>wille</code>,2,0.0008326
148,wite,<code>wite</code>,2,0.0008326
148,witegan,<code>witegan</code>,2,0.0008326
148,wlite,<code>wlite</code>,2,0.0008326
148,wolde,<code>wolde</code>,2,0.0008326
148,wurdon,<code>wurdon</code>,2,0.0008326
148,yldinge,<code>yldinge</code>,2,0.0008326
287,&aelig;&eth;elboren,<code>&amp;ae;&amp;d;elboren</code>,1,0.0004163
287,&aelig;&eth;elborenre,<code>&amp;ae;&amp;d;elborenre</code>,1,0.0004163
287,&aelig;&eth;elbriht,<code>&amp;ae;&amp;d;elbriht</code>,1,0.0004163
287,&aelig;&eth;elbrihte,<code>&amp;ae;&amp;d;elbrihte</code>,1,0.0004163
287,&aelig;&eth;ellice,<code>&amp;ae;&amp;d;ellice</code>,1,0.0004163
287,&aelig;&thorn;elbrihte,<code>&amp;ae;&amp;t;elbrihte</code>,1,0.0004163
287,&aelig;&thorn;elbyrht,<code>&amp;ae;&amp;t;elbyrht</code>,1,0.0004163
287,&aelig;ftergengan,<code>&amp;ae;ftergengan</code>,1,0.0004163
287,&aelig;g&eth;er,<code>&amp;ae;g&amp;d;er</code>,1,0.0004163
287,&aelig;hta,<code>&amp;ae;hta</code>,1,0.0004163
287,&aelig;lfred,<code>&amp;ae;lfred</code>,1,0.0004163
287,&aelig;lfremede,<code>&amp;ae;lfremede</code>,1,0.0004163
287,&aelig;lle,<code>&amp;ae;lle</code>,1,0.0004163
287,&aelig;lmihtigan,<code>&amp;ae;lmihtigan</code>,1,0.0004163
287,&aelig;lmihtigum,<code>&amp;ae;lmihtigum</code>,1,0.0004163
287,&aelig;nlipige,<code>&amp;ae;nlipige</code>,1,0.0004163
287,&aelig;nne,<code>&amp;ae;nne</code>,1,0.0004163
287,&aelig;rest,<code>&amp;ae;rest</code>,1,0.0004163
287,&aelig;rnemerigen,<code>&amp;ae;rnemerigen</code>,1,0.0004163
287,&aelig;tbr&aelig;d,<code>&amp;ae;tbr&amp;ae;d</code>,1,0.0004163
287,&aelig;tbrodene,<code>&amp;ae;tbrodene</code>,1,0.0004163
287,&aelig;tforan,<code>&amp;ae;tforan</code>,1,0.0004163
287,&aelig;tlutode,<code>&amp;ae;tlutode</code>,1,0.0004163
287,&eth;&aelig;r,<code>&amp;d;&amp;ae;r</code>,1,0.0004163
287,&eth;&aelig;rrihte,<code>&amp;d;&amp;ae;rrihte</code>,1,0.0004163
287,&eth;as,<code>&amp;d;as</code>,1,0.0004163
287,&eth;earfa,<code>&amp;d;earfa</code>,1,0.0004163
287,&eth;earfum,<code>&amp;d;earfum</code>,1,0.0004163
287,&eth;eawum,<code>&amp;d;eawum</code>,1,0.0004163
287,&eth;enian,<code>&amp;d;enian</code>,1,0.0004163
287,&eth;enode,<code>&amp;d;enode</code>,1,0.0004163
287,&eth;eoda,<code>&amp;d;eoda</code>,1,0.0004163
287,&eth;eowan,<code>&amp;d;eowan</code>,1,0.0004163
287,&eth;eowdom,<code>&amp;d;eowdom</code>,1,0.0004163
287,&eth;eowigende,<code>&amp;d;eowigende</code>,1,0.0004163
287,&eth;i,<code>&amp;d;i</code>,1,0.0004163
287,&eth;in,<code>&amp;d;in</code>,1,0.0004163
287,&eth;ingum,<code>&amp;d;ingum</code>,1,0.0004163
287,&eth;inre,<code>&amp;d;inre</code>,1,0.0004163
287,&eth;is,<code>&amp;d;is</code>,1,0.0004163
287,&eth;oligenne,<code>&amp;d;oligenne</code>,1,0.0004163
287,&eth;on,<code>&amp;d;on</code>,1,0.0004163
287,&eth;onon,<code>&amp;d;onon</code>,1,0.0004163
287,&eth;orfton,<code>&amp;d;orfton</code>,1,0.0004163
287,&eth;reora,<code>&amp;d;reora</code>,1,0.0004163
287,&eth;reottyne,<code>&amp;d;reottyne</code>,1,0.0004163
287,&eth;rowade,<code>&amp;d;rowade</code>,1,0.0004163
287,&eth;rowia&eth;,<code>&amp;d;rowia&amp;d;</code>,1,0.0004163
287,&eth;rowunge,<code>&amp;d;rowunge</code>,1,0.0004163
287,&eth;urhwunodon,<code>&amp;d;urhwunodon</code>,1,0.0004163
287,&eth;wyrnyssum,<code>&amp;d;wyrnyssum</code>,1,0.0004163
287,&eth;y,<code>&amp;d;y</code>,1,0.0004163
287,&eth;ysum,<code>&amp;d;ysum</code>,1,0.0004163
287,&thorn;&aelig;rtoeacan,<code>&amp;t;&amp;ae;rtoeacan</code>,1,0.0004163
287,&thorn;&aelig;slice,<code>&amp;t;&amp;ae;slice</code>,1,0.0004163
287,&thorn;as,<code>&amp;t;as</code>,1,0.0004163
287,&thorn;earfe,<code>&amp;t;earfe</code>,1,0.0004163
287,&thorn;earfum,<code>&amp;t;earfum</code>,1,0.0004163
287,&thorn;eode,<code>&amp;t;eode</code>,1,0.0004163
287,&thorn;es,<code>&amp;t;es</code>,1,0.0004163
287,&thorn;ing,<code>&amp;t;ing</code>,1,0.0004163
287,&thorn;onne,<code>&amp;t;onne</code>,1,0.0004163
287,&thorn;onon,<code>&amp;t;onon</code>,1,0.0004163
287,&thorn;rotan,<code>&amp;t;rotan</code>,1,0.0004163
287,&thorn;urstigum,<code>&amp;t;urstigum</code>,1,0.0004163
287,&thorn;us,<code>&amp;t;us</code>,1,0.0004163
287,&thorn;ysne,<code>&amp;t;ysne</code>,1,0.0004163
287,&thorn;ysre,<code>&amp;t;ysre</code>,1,0.0004163
287,a,<code>a</code>,1,0.0004163
287,abbodes,<code>abbodes</code>,1,0.0004163
287,acenned,<code>acenned</code>,1,0.0004163
287,adilegode,<code>adilegode</code>,1,0.0004163
287,adl,<code>adl</code>,1,0.0004163
287,adle,<code>adle</code>,1,0.0004163
287,adrugon,<code>adrugon</code>,1,0.0004163
287,adydde,<code>adydde</code>,1,0.0004163
287,afandode,<code>afandode</code>,1,0.0004163
287,afyrhte,<code>afyrhte</code>,1,0.0004163
287,agenre,<code>agenre</code>,1,0.0004163
287,agenum,<code>agenum</code>,1,0.0004163
287,agylton,<code>agylton</code>,1,0.0004163
287,ahebban,<code>ahebban</code>,1,0.0004163
287,ahredde,<code>ahredde</code>,1,0.0004163
287,al&aelig;dde,<code>al&amp;ae;dde</code>,1,0.0004163
287,alleluia,<code>alleluia</code>,1,0.0004163
287,alysde,<code>alysde</code>,1,0.0004163
287,amen,<code>amen</code>,1,0.0004163
287,ana,<code>ana</code>,1,0.0004163
287,andetnysse,<code>andetnysse</code>,1,0.0004163
287,andswarum,<code>andswarum</code>,1,0.0004163
287,andwerdan,<code>andwerdan</code>,1,0.0004163
287,andwerde,<code>andwerde</code>,1,0.0004163
287,andwerdum,<code>andwerdum</code>,1,0.0004163
287,andwlitan,<code>andwlitan</code>,1,0.0004163
287,angelcynn,<code>angelcynn</code>,1,0.0004163
287,anginne,<code>anginne</code>,1,0.0004163
287,anglorum,<code>anglorum</code>,1,0.0004163
287,anmodlice,<code>anmodlice</code>,1,0.0004163
287,anr&aelig;dnysse,<code>anr&amp;ae;dnysse</code>,1,0.0004163
287,anre,<code>anre</code>,1,0.0004163
287,ansyne,<code>ansyne</code>,1,0.0004163
287,apostolice,<code>apostolice</code>,1,0.0004163
287,ar&aelig;rde,<code>ar&amp;ae;rde</code>,1,0.0004163
287,arf&aelig;sta,<code>arf&amp;ae;sta</code>,1,0.0004163
287,aspende,<code>aspende</code>,1,0.0004163
287,astah,<code>astah</code>,1,0.0004163
287,astrecce,<code>astrecce</code>,1,0.0004163
287,astreht,<code>astreht</code>,1,0.0004163
287,awearp,<code>awearp</code>,1,0.0004163
287,awedde,<code>awedde</code>,1,0.0004163
287,awend,<code>awend</code>,1,0.0004163
287,awendan,<code>awendan</code>,1,0.0004163
287,axode,<code>axode</code>,1,0.0004163
287,bealcette,<code>bealcette</code>,1,0.0004163
287,bearna,<code>bearna</code>,1,0.0004163
287,bebodum,<code>bebodum</code>,1,0.0004163
287,bec,<code>bec</code>,1,0.0004163
287,becom,<code>becom</code>,1,0.0004163
287,becomon,<code>becomon</code>,1,0.0004163
287,becume,<code>becume</code>,1,0.0004163
287,befangen,<code>befangen</code>,1,0.0004163
287,befealle,<code>befealle</code>,1,0.0004163
287,beheold,<code>beheold</code>,1,0.0004163
287,behofedon,<code>behofedon</code>,1,0.0004163
287,behreowsunge,<code>behreowsunge</code>,1,0.0004163
287,bep&aelig;ht,<code>bep&amp;ae;ht</code>,1,0.0004163
287,bereowsung,<code>bereowsung</code>,1,0.0004163
287,bereowsunge,<code>bereowsunge</code>,1,0.0004163
287,bestanda&eth;,<code>bestanda&amp;d;</code>,1,0.0004163
287,bewepan,<code>bewepan</code>,1,0.0004163
287,biggengum,<code>biggengum</code>,1,0.0004163
287,bilewitnysse,<code>bilewitnysse</code>,1,0.0004163
287,binnon,<code>binnon</code>,1,0.0004163
287,biscopas,<code>biscopas</code>,1,0.0004163
287,biscopstol,<code>biscopstol</code>,1,0.0004163
287,biscopstole,<code>biscopstole</code>,1,0.0004163
287,bist,<code>bist</code>,1,0.0004163
287,blisse,<code>blisse</code>,1,0.0004163
287,blissigendum,<code>blissigendum</code>,1,0.0004163
287,boclicum,<code>boclicum</code>,1,0.0004163
287,bocum,<code>bocum</code>,1,0.0004163
287,bodade,<code>bodade</code>,1,0.0004163
287,bodedon,<code>bodedon</code>,1,0.0004163
287,bodian,<code>bodian</code>,1,0.0004163
287,bodigende,<code>bodigende</code>,1,0.0004163
287,bodung,<code>bodung</code>,1,0.0004163
287,bodunge,<code>bodunge</code>,1,0.0004163
287,breoste,<code>breoste</code>,1,0.0004163
287,bro&eth;er,<code>bro&amp;d;er</code>,1,0.0004163
287,brohton,<code>brohton</code>,1,0.0004163
287,bugigendum,<code>bugigendum</code>,1,0.0004163
287,burgum,<code>burgum</code>,1,0.0004163
287,bydelas,<code>bydelas</code>,1,0.0004163
287,byrig,<code>byrig</code>,1,0.0004163
287,caseres,<code>caseres</code>,1,0.0004163
287,cepte,<code>cepte</code>,1,0.0004163
287,cildhade,<code>cildhade</code>,1,0.0004163
287,cl&aelig;ne,<code>cl&amp;ae;ne</code>,1,0.0004163
287,clypa,<code>clypa</code>,1,0.0004163
287,clypa&eth;,<code>clypa&amp;d;</code>,1,0.0004163
287,clypian,<code>clypian</code>,1,0.0004163
287,clypigendum,<code>clypigendum</code>,1,0.0004163
287,cnapan,<code>cnapan</code>,1,0.0004163
287,cnapena,<code>cnapena</code>,1,0.0004163
287,comon,<code>comon</code>,1,0.0004163
287,criste,<code>criste</code>,1,0.0004163
287,cristen,<code>cristen</code>,1,0.0004163
287,cristenan,<code>cristenan</code>,1,0.0004163
287,cristendom,<code>cristendom</code>,1,0.0004163
287,cristendome,<code>cristendome</code>,1,0.0004163
287,cu&eth;,<code>cu&amp;d;</code>,1,0.0004163
287,cw&aelig;don,<code>cw&amp;ae;don</code>,1,0.0004163
287,cwealme,<code>cwealme</code>,1,0.0004163
287,cwyde,<code>cwyde</code>,1,0.0004163
287,cy&eth;a&eth;,<code>cy&amp;d;a&amp;d;</code>,1,0.0004163
287,cypecnihtas,<code>cypecnihtas</code>,1,0.0004163
287,cypmenn,<code>cypmenn</code>,1,0.0004163
287,cyrcan,<code>cyrcan</code>,1,0.0004163
287,cyrde,<code>cyrde</code>,1,0.0004163
287,d&aelig;dbote,<code>d&amp;ae;dbote</code>,1,0.0004163
287,d&aelig;g&eth;erlicum,<code>d&amp;ae;g&amp;d;erlicum</code>,1,0.0004163
287,d&aelig;ghwomlice,<code>d&amp;ae;ghwomlice</code>,1,0.0004163
287,d&aelig;ghwomlicum,<code>d&amp;ae;ghwomlicum</code>,1,0.0004163
287,daga,<code>daga</code>,1,0.0004163
287,dagas,<code>dagas</code>,1,0.0004163
287,dagum,<code>dagum</code>,1,0.0004163
287,de&eth;,<code>de&amp;d;</code>,1,0.0004163
287,dea&eth;es,<code>dea&amp;d;es</code>,1,0.0004163
287,deofle,<code>deofle</code>,1,0.0004163
287,deofles,<code>deofles</code>,1,0.0004163
287,diaconhade,<code>diaconhade</code>,1,0.0004163
287,domes,<code>domes</code>,1,0.0004163
287,drence,<code>drence</code>,1,0.0004163
287,drohtnigenne,<code>drohtnigenne</code>,1,0.0004163
287,dweligende,<code>dweligende</code>,1,0.0004163
287,dymhofon,<code>dymhofon</code>,1,0.0004163
287,dyrstignysse,<code>dyrstignysse</code>,1,0.0004163
287,ea,<code>ea</code>,1,0.0004163
287,eadmodlice,<code>eadmodlice</code>,1,0.0004163
287,eal,<code>eal</code>,1,0.0004163
287,ealdre,<code>ealdre</code>,1,0.0004163
287,eall,<code>eall</code>,1,0.0004163
287,ealles,<code>ealles</code>,1,0.0004163
287,ealra,<code>ealra</code>,1,0.0004163
287,eawf&aelig;sta,<code>eawf&amp;ae;sta</code>,1,0.0004163
287,eawf&aelig;stre,<code>eawf&amp;ae;stre</code>,1,0.0004163
287,ecnesse,<code>ecnesse</code>,1,0.0004163
287,ecum,<code>ecum</code>,1,0.0004163
287,edleane,<code>edleane</code>,1,0.0004163
287,edleanes,<code>edleanes</code>,1,0.0004163
287,efne,<code>efne</code>,1,0.0004163
287,efstan,<code>efstan</code>,1,0.0004163
287,ehtnysse,<code>ehtnysse</code>,1,0.0004163
287,englisce,<code>englisce</code>,1,0.0004163
287,engliscum,<code>engliscum</code>,1,0.0004163
287,eor&eth;bugigende,<code>eor&amp;d;bugigende</code>,1,0.0004163
287,eower,<code>eower</code>,1,0.0004163
287,eowerum,<code>eowerum</code>,1,0.0004163
287,ercehad,<code>ercehad</code>,1,0.0004163
287,estfullum,<code>estfullum</code>,1,0.0004163
287,etherium,<code>etherium</code>,1,0.0004163
287,f&aelig;deras,<code>f&amp;ae;deras</code>,1,0.0004163
287,f&aelig;gere,<code>f&amp;ae;gere</code>,1,0.0004163
287,f&aelig;reldes,<code>f&amp;ae;reldes</code>,1,0.0004163
287,f&aelig;rlica,<code>f&amp;ae;rlica</code>,1,0.0004163
287,f&aelig;rlicum,<code>f&amp;ae;rlicum</code>,1,0.0004163
287,f&aelig;stenum,<code>f&amp;ae;stenum</code>,1,0.0004163
287,f&aelig;sthafelum,<code>f&amp;ae;sthafelum</code>,1,0.0004163
287,fare,<code>fare</code>,1,0.0004163
287,feallende,<code>feallende</code>,1,0.0004163
287,feccan,<code>feccan</code>,1,0.0004163
287,felix,<code>felix</code>,1,0.0004163
287,feor&eth;an,<code>feor&amp;d;an</code>,1,0.0004163
287,feowertig,<code>feowertig</code>,1,0.0004163
287,ferde,<code>ferde</code>,1,0.0004163
287,fifta,<code>fifta</code>,1,0.0004163
287,fleames,<code>fleames</code>,1,0.0004163
287,fleon,<code>fleon</code>,1,0.0004163
287,flowendan,<code>flowendan</code>,1,0.0004163
287,folces,<code>folces</code>,1,0.0004163
287,for&eth;genge,<code>for&amp;d;genge</code>,1,0.0004163
287,for&eth;si&eth;e,<code>for&amp;d;si&amp;d;e</code>,1,0.0004163
287,fores&aelig;da,<code>fores&amp;ae;da</code>,1,0.0004163
287,fores&aelig;de,<code>fores&amp;ae;de</code>,1,0.0004163
287,forest&aelig;p&eth;,<code>forest&amp;ae;p&amp;d;</code>,1,0.0004163
287,forest&aelig;ppa&eth;,<code>forest&amp;ae;ppa&amp;d;</code>,1,0.0004163
287,forgeaf,<code>forgeaf</code>,1,0.0004163
287,forgif&eth;,<code>forgif&amp;d;</code>,1,0.0004163
287,forgyttol,<code>forgyttol</code>,1,0.0004163
287,forh&aelig;fednysse,<code>forh&amp;ae;fednysse</code>,1,0.0004163
287,forhogigende,<code>forhogigende</code>,1,0.0004163
287,forhrada&eth;,<code>forhrada&amp;d;</code>,1,0.0004163
287,forhradian,<code>forhradian</code>,1,0.0004163
287,forhtunge,<code>forhtunge</code>,1,0.0004163
287,forlete,<code>forlete</code>,1,0.0004163
287,forleton,<code>forleton</code>,1,0.0004163
287,foroft,<code>foroft</code>,1,0.0004163
287,forwyrde,<code>forwyrde</code>,1,0.0004163
287,francena,<code>francena</code>,1,0.0004163
287,frema&eth;,<code>frema&amp;d;</code>,1,0.0004163
287,freolice,<code>freolice</code>,1,0.0004163
287,fulfremedlice,<code>fulfremedlice</code>,1,0.0004163
287,fulfremedra,<code>fulfremedra</code>,1,0.0004163
287,fultum,<code>fultum</code>,1,0.0004163
287,fultume,<code>fultume</code>,1,0.0004163
287,fylste,<code>fylste</code>,1,0.0004163
287,fyrlen,<code>fyrlen</code>,1,0.0004163
287,fyrste,<code>fyrste</code>,1,0.0004163
287,gamenode,<code>gamenode</code>,1,0.0004163
287,ge&eth;afode,<code>ge&amp;d;afode</code>,1,0.0004163
287,ge&eth;eodan,<code>ge&amp;d;eodan</code>,1,0.0004163
287,ge&eth;eoddon,<code>ge&amp;d;eoddon</code>,1,0.0004163
287,ge&eth;inc&eth;e,<code>ge&amp;d;inc&amp;d;e</code>,1,0.0004163
287,ge&eth;uht,<code>ge&amp;d;uht</code>,1,0.0004163
287,ge&eth;ungen,<code>ge&amp;d;ungen</code>,1,0.0004163
287,ge&eth;ungene,<code>ge&amp;d;ungene</code>,1,0.0004163
287,geandswarod,<code>geandswarod</code>,1,0.0004163
287,geandwyrd,<code>geandwyrd</code>,1,0.0004163
287,gear,<code>gear</code>,1,0.0004163
287,gearige,<code>gearige</code>,1,0.0004163
287,gearo,<code>gearo</code>,1,0.0004163
287,gearowe,<code>gearowe</code>,1,0.0004163
287,gearum,<code>gearum</code>,1,0.0004163
287,gearwur&eth;ode,<code>gearwur&amp;d;ode</code>,1,0.0004163
287,gebigde,<code>gebigde</code>,1,0.0004163
287,gebigdon,<code>gebigdon</code>,1,0.0004163
287,gebiged,<code>gebiged</code>,1,0.0004163
287,gebrohte,<code>gebrohte</code>,1,0.0004163
287,gebysnungum,<code>gebysnungum</code>,1,0.0004163
287,gecigede,<code>gecigede</code>,1,0.0004163
287,gecneordl&aelig;hte,<code>gecneordl&amp;ae;hte</code>,1,0.0004163
287,gecnyrdnyssum,<code>gecnyrdnyssum</code>,1,0.0004163
287,gecomon,<code>gecomon</code>,1,0.0004163
287,gecoren,<code>gecoren</code>,1,0.0004163
287,gecuman,<code>gecuman</code>,1,0.0004163
287,gecweme,<code>gecweme</code>,1,0.0004163
287,gecygede,<code>gecygede</code>,1,0.0004163
287,gecynde,<code>gecynde</code>,1,0.0004163
287,gecyrran,<code>gecyrran</code>,1,0.0004163
287,gecyrre,<code>gecyrre</code>,1,0.0004163
287,gecyrreda,<code>gecyrreda</code>,1,0.0004163
287,gedeorfum,<code>gedeorfum</code>,1,0.0004163
287,gedihte,<code>gedihte</code>,1,0.0004163
287,gedrefednysse,<code>gedrefednysse</code>,1,0.0004163
287,geearnia&eth;,<code>geearnia&amp;d;</code>,1,0.0004163
287,geearnode,<code>geearnode</code>,1,0.0004163
287,geearnunge,<code>geearnunge</code>,1,0.0004163
287,geefenl&aelig;cenne,<code>geefenl&amp;ae;cenne</code>,1,0.0004163
287,geendebyrdne,<code>geendebyrdne</code>,1,0.0004163
287,geendunge,<code>geendunge</code>,1,0.0004163
287,gef&aelig;dera,<code>gef&amp;ae;dera</code>,1,0.0004163
287,gef&aelig;stnode,<code>gef&amp;ae;stnode</code>,1,0.0004163
287,gefexode,<code>gefexode</code>,1,0.0004163
287,gefr&aelig;tewod,<code>gefr&amp;ae;tewod</code>,1,0.0004163
287,gefrema&eth;,<code>gefrema&amp;d;</code>,1,0.0004163
287,gefremma&eth;,<code>gefremma&amp;d;</code>,1,0.0004163
287,gefremmenne,<code>gefremmenne</code>,1,0.0004163
287,gefullod,<code>gefullod</code>,1,0.0004163
287,gefullode,<code>gefullode</code>,1,0.0004163
287,gefylla&eth;,<code>gefylla&amp;d;</code>,1,0.0004163
287,gefylstan,<code>gefylstan</code>,1,0.0004163
287,gefyrn,<code>gefyrn</code>,1,0.0004163
287,geglengde,<code>geglengde</code>,1,0.0004163
287,gegodode,<code>gegodode</code>,1,0.0004163
287,gegripen,<code>gegripen</code>,1,0.0004163
287,gehadian,<code>gehadian</code>,1,0.0004163
287,gehadod,<code>gehadod</code>,1,0.0004163
287,gehadode,<code>gehadode</code>,1,0.0004163
287,gehalgod,<code>gehalgod</code>,1,0.0004163
287,gehw&aelig;r,<code>gehw&amp;ae;r</code>,1,0.0004163
287,gehwilcum,<code>gehwilcum</code>,1,0.0004163
287,gehyrenne,<code>gehyrenne</code>,1,0.0004163
287,gehyrsumia&eth;,<code>gehyrsumia&amp;d;</code>,1,0.0004163
287,gelende,<code>gelende</code>,1,0.0004163
287,gelica,<code>gelica</code>,1,0.0004163
287,gelicode,<code>gelicode</code>,1,0.0004163
287,gelumpen,<code>gelumpen</code>,1,0.0004163
287,gelustfullode,<code>gelustfullode</code>,1,0.0004163
287,gelyfdon,<code>gelyfdon</code>,1,0.0004163
287,gemagnys,<code>gemagnys</code>,1,0.0004163
287,gemet,<code>gemet</code>,1,0.0004163
287,gemunan,<code>gemunan</code>,1,0.0004163
287,gemunde,<code>gemunde</code>,1,0.0004163
287,gemynde,<code>gemynde</code>,1,0.0004163
287,gemynte,<code>gemynte</code>,1,0.0004163
287,genam,<code>genam</code>,1,0.0004163
287,gename,<code>gename</code>,1,0.0004163
287,geneadad,<code>geneadad</code>,1,0.0004163
287,geneadian,<code>geneadian</code>,1,0.0004163
287,genemnode,<code>genemnode</code>,1,0.0004163
287,generode,<code>generode</code>,1,0.0004163
287,genihtsumlice,<code>genihtsumlice</code>,1,0.0004163
287,genoh,<code>genoh</code>,1,0.0004163
287,genumen,<code>genumen</code>,1,0.0004163
287,geogo&eth;,<code>geogo&amp;d;</code>,1,0.0004163
287,geonglicum,<code>geonglicum</code>,1,0.0004163
287,geopenige,<code>geopenige</code>,1,0.0004163
287,geopenode,<code>geopenode</code>,1,0.0004163
287,geornfullicor,<code>geornfullicor</code>,1,0.0004163
287,geornlice,<code>geornlice</code>,1,0.0004163
287,geortruwige,<code>geortruwige</code>,1,0.0004163
287,gereccan,<code>gereccan</code>,1,0.0004163
287,gerehte,<code>gerehte</code>,1,0.0004163
287,gereorde,<code>gereorde</code>,1,0.0004163
287,gerihtl&aelig;hte,<code>gerihtl&amp;ae;hte</code>,1,0.0004163
287,germanus,<code>germanus</code>,1,0.0004163
287,ges&aelig;t,<code>ges&amp;ae;t</code>,1,0.0004163
287,gescylde,<code>gescylde</code>,1,0.0004163
287,gese&eth;de,<code>gese&amp;d;de</code>,1,0.0004163
287,geseah,<code>geseah</code>,1,0.0004163
287,geseo&eth;,<code>geseo&amp;d;</code>,1,0.0004163
287,geseon,<code>geseon</code>,1,0.0004163
287,gesetton,<code>gesetton</code>,1,0.0004163
287,gesih&eth;,<code>gesih&amp;d;</code>,1,0.0004163
287,gesih&eth;e,<code>gesih&amp;d;e</code>,1,0.0004163
287,geslagena,<code>geslagena</code>,1,0.0004163
287,gestilde,<code>gestilde</code>,1,0.0004163
287,gestod,<code>gestod</code>,1,0.0004163
287,gesundfullice,<code>gesundfullice</code>,1,0.0004163
287,gesungen,<code>gesungen</code>,1,0.0004163
287,geswac,<code>geswac</code>,1,0.0004163
287,geswicon,<code>geswicon</code>,1,0.0004163
287,geswince,<code>geswince</code>,1,0.0004163
287,geswinces,<code>geswinces</code>,1,0.0004163
287,geswutela&eth;,<code>geswutela&amp;d;</code>,1,0.0004163
287,geswutelode,<code>geswutelode</code>,1,0.0004163
287,geteald,<code>geteald</code>,1,0.0004163
287,getele,<code>getele</code>,1,0.0004163
287,getimbrode,<code>getimbrode</code>,1,0.0004163
287,getogen,<code>getogen</code>,1,0.0004163
287,getogene,<code>getogene</code>,1,0.0004163
287,getyd,<code>getyd</code>,1,0.0004163
287,geuferod,<code>geuferod</code>,1,0.0004163
287,geunne,<code>geunne</code>,1,0.0004163
287,gewat,<code>gewat</code>,1,0.0004163
287,gewende,<code>gewende</code>,1,0.0004163
287,geweold,<code>geweold</code>,1,0.0004163
287,gewilnungum,<code>gewilnungum</code>,1,0.0004163
287,gewisslice,<code>gewisslice</code>,1,0.0004163
287,gewita,<code>gewita</code>,1,0.0004163
287,gewitnian,<code>gewitnian</code>,1,0.0004163
287,gewiton,<code>gewiton</code>,1,0.0004163
287,geworhte,<code>geworhte</code>,1,0.0004163
287,gewritu,<code>gewritu</code>,1,0.0004163
287,gewunan,<code>gewunan</code>,1,0.0004163
287,geyrsian,<code>geyrsian</code>,1,0.0004163
287,godum,<code>godum</code>,1,0.0004163
287,golde,<code>golde</code>,1,0.0004163
287,gordianus,<code>gordianus</code>,1,0.0004163
287,grecisc,<code>grecisc</code>,1,0.0004163
287,gregorie,<code>gregorie</code>,1,0.0004163
287,gregorii,<code>gregorii</code>,1,0.0004163
287,gymmum,<code>gymmum</code>,1,0.0004163
287,gyrlum,<code>gyrlum</code>,1,0.0004163
287,gyu,<code>gyu</code>,1,0.0004163
287,h&aelig;&eth;en,<code>h&amp;ae;&amp;d;en</code>,1,0.0004163
287,h&aelig;&eth;ene,<code>h&amp;ae;&amp;d;ene</code>,1,0.0004163
287,h&aelig;&eth;enscipe,<code>h&amp;ae;&amp;d;enscipe</code>,1,0.0004163
287,h&aelig;le,<code>h&amp;ae;le</code>,1,0.0004163
287,h&aelig;lend,<code>h&amp;ae;lend</code>,1,0.0004163
287,h&aelig;sum,<code>h&amp;ae;sum</code>,1,0.0004163
287,habba&eth;,<code>habba&amp;d;</code>,1,0.0004163
287,had,<code>had</code>,1,0.0004163
287,hadunge,<code>hadunge</code>,1,0.0004163
287,halgena,<code>halgena</code>,1,0.0004163
287,halsode,<code>halsode</code>,1,0.0004163
287,handum,<code>handum</code>,1,0.0004163
287,hatte,<code>hatte</code>,1,0.0004163
287,heafodburh,<code>heafodburh</code>,1,0.0004163
287,heahgerefa,<code>heahgerefa</code>,1,0.0004163
287,heardnysse,<code>heardnysse</code>,1,0.0004163
287,heofenan,<code>heofenan</code>,1,0.0004163
287,heofonan,<code>heofonan</code>,1,0.0004163
287,heofonlice,<code>heofonlice</code>,1,0.0004163
287,heofonlicum,<code>heofonlicum</code>,1,0.0004163
287,heofonum,<code>heofonum</code>,1,0.0004163
287,heofunge,<code>heofunge</code>,1,0.0004163
287,heofungum,<code>heofungum</code>,1,0.0004163
287,heold,<code>heold</code>,1,0.0004163
287,herigendlice,<code>herigendlice</code>,1,0.0004163
287,het,<code>het</code>,1,0.0004163
287,historia,<code>historia</code>,1,0.0004163
287,hiwes,<code>hiwes</code>,1,0.0004163
287,hlod,<code>hlod</code>,1,0.0004163
287,hogia&eth;,<code>hogia&amp;d;</code>,1,0.0004163
287,hogode,<code>hogode</code>,1,0.0004163
287,humbre,<code>humbre</code>,1,0.0004163
287,hundeahtatig,<code>hundeahtatig</code>,1,0.0004163
287,hunigswettre,<code>hunigswettre</code>,1,0.0004163
287,huru,<code>huru</code>,1,0.0004163
287,hw&aelig;&eth;er,<code>hw&amp;ae;&amp;d;er</code>,1,0.0004163
287,hwilc,<code>hwilc</code>,1,0.0004163
287,hwilcere,<code>hwilcere</code>,1,0.0004163
287,hwites,<code>hwites</code>,1,0.0004163
287,hwon,<code>hwon</code>,1,0.0004163
287,idelum,<code>idelum</code>,1,0.0004163
287,idus,<code>idus</code>,1,0.0004163
287,iiii,<code>iiii</code>,1,0.0004163
287,inclitus,<code>inclitus</code>,1,0.0004163
287,incundan,<code>incundan</code>,1,0.0004163
287,innweardre,<code>innweardre</code>,1,0.0004163
287,iohannes,<code>iohannes</code>,1,0.0004163
287,iustus,<code>iustus</code>,1,0.0004163
287,l&aelig;tanias,<code>l&amp;ae;tanias</code>,1,0.0004163
287,l&aelig;wede,<code>l&amp;ae;wede</code>,1,0.0004163
287,lac,<code>lac</code>,1,0.0004163
287,lacum,<code>lacum</code>,1,0.0004163
287,landes,<code>landes</code>,1,0.0004163
287,langsuman,<code>langsuman</code>,1,0.0004163
287,langsume,<code>langsume</code>,1,0.0004163
287,lareow,<code>lareow</code>,1,0.0004163
287,lareowa,<code>lareowa</code>,1,0.0004163
287,lareowum,<code>lareowum</code>,1,0.0004163
287,larum,<code>larum</code>,1,0.0004163
287,laurentius,<code>laurentius</code>,1,0.0004163
287,ledene,<code>ledene</code>,1,0.0004163
287,ledenum,<code>ledenum</code>,1,0.0004163
287,leofa&eth;,<code>leofa&amp;d;</code>,1,0.0004163
287,leofode,<code>leofode</code>,1,0.0004163
287,leofosta,<code>leofosta</code>,1,0.0004163
287,letanias,<code>letanias</code>,1,0.0004163
287,letanium,<code>letanium</code>,1,0.0004163
287,lic,<code>lic</code>,1,0.0004163
287,lichaman,<code>lichaman</code>,1,0.0004163
287,lofe,<code>lofe</code>,1,0.0004163
287,lufe,<code>lufe</code>,1,0.0004163
287,lufian,<code>lufian</code>,1,0.0004163
287,luftyme,<code>luftyme</code>,1,0.0004163
287,lybbe,<code>lybbe</code>,1,0.0004163
287,lybbende,<code>lybbende</code>,1,0.0004163
287,m&aelig;g,<code>m&amp;ae;g</code>,1,0.0004163
287,m&aelig;g&eth;e,<code>m&amp;ae;g&amp;d;e</code>,1,0.0004163
287,m&aelig;gne,<code>m&amp;ae;gne</code>,1,0.0004163
287,m&aelig;gnum,<code>m&amp;ae;gnum</code>,1,0.0004163
287,m&aelig;rsast,<code>m&amp;ae;rsast</code>,1,0.0004163
287,m&aelig;ssereafum,<code>m&amp;ae;ssereafum</code>,1,0.0004163
287,magas,<code>magas</code>,1,0.0004163
287,manegra,<code>manegra</code>,1,0.0004163
287,manfullice,<code>manfullice</code>,1,0.0004163
287,manigenne,<code>manigenne</code>,1,0.0004163
287,mann,<code>mann</code>,1,0.0004163
287,manncwealm,<code>manncwealm</code>,1,0.0004163
287,manode,<code>manode</code>,1,0.0004163
287,martii,<code>martii</code>,1,0.0004163
287,martyra,<code>martyra</code>,1,0.0004163
287,mauricium,<code>mauricium</code>,1,0.0004163
287,mauricius,<code>mauricius</code>,1,0.0004163
287,med,<code>med</code>,1,0.0004163
287,mede,<code>mede</code>,1,0.0004163
287,mellitus,<code>mellitus</code>,1,0.0004163
287,menigu,<code>menigu</code>,1,0.0004163
287,mennisc,<code>mennisc</code>,1,0.0004163
287,mettum,<code>mettum</code>,1,0.0004163
287,miccle,<code>miccle</code>,1,0.0004163
287,miccles,<code>miccles</code>,1,0.0004163
287,micelnysse,<code>micelnysse</code>,1,0.0004163
287,micelre,<code>micelre</code>,1,0.0004163
287,middaneard,<code>middaneard</code>,1,0.0004163
287,middaneardlice,<code>middaneardlice</code>,1,0.0004163
287,mihton,<code>mihton</code>,1,0.0004163
287,miltsian,<code>miltsian</code>,1,0.0004163
287,miltsung,<code>miltsung</code>,1,0.0004163
287,min,<code>min</code>,1,0.0004163
287,mod,<code>mod</code>,1,0.0004163
287,moddru,<code>moddru</code>,1,0.0004163
287,mon&eth;as,<code>mon&amp;d;as</code>,1,0.0004163
287,moste,<code>moste</code>,1,0.0004163
287,mote,<code>mote</code>,1,0.0004163
287,moton,<code>moton</code>,1,0.0004163
287,mu&eth;,<code>mu&amp;d;</code>,1,0.0004163
287,munuchades,<code>munuchades</code>,1,0.0004163
287,munuclican,<code>munuclican</code>,1,0.0004163
287,munuclif,<code>munuclif</code>,1,0.0004163
287,mynegunge,<code>mynegunge</code>,1,0.0004163
287,mynstru,<code>mynstru</code>,1,0.0004163
287,n&aelig;fre,<code>n&amp;ae;fre</code>,1,0.0004163
287,n&aelig;nne,<code>n&amp;ae;nne</code>,1,0.0004163
287,na,<code>na</code>,1,0.0004163
287,nele,<code>nele</code>,1,0.0004163
287,nextan,<code>nextan</code>,1,0.0004163
287,nighworfenum,<code>nighworfenum</code>,1,0.0004163
287,niniueiscre,<code>niniueiscre</code>,1,0.0004163
287,nis,<code>nis</code>,1,0.0004163
287,nolde,<code>nolde</code>,1,0.0004163
287,noldon,<code>noldon</code>,1,0.0004163
287,nylle,<code>nylle</code>,1,0.0004163
287,o&eth;&eth;e,<code>o&amp;d;&amp;d;e</code>,1,0.0004163
287,o&eth;rum,<code>o&amp;d;rum</code>,1,0.0004163
287,ofaxode,<code>ofaxode</code>,1,0.0004163
287,ofereacan,<code>ofereacan</code>,1,0.0004163
287,oferstah,<code>oferstah</code>,1,0.0004163
287,ofgan,<code>ofgan</code>,1,0.0004163
287,ofsett,<code>ofsett</code>,1,0.0004163
287,ofslegen,<code>ofslegen</code>,1,0.0004163
287,ondr&aelig;d,<code>ondr&amp;ae;d</code>,1,0.0004163
287,ondred,<code>ondred</code>,1,0.0004163
287,ongunnenan,<code>ongunnenan</code>,1,0.0004163
287,ongunnon,<code>ongunnon</code>,1,0.0004163
287,or&eth;ian,<code>or&amp;d;ian</code>,1,0.0004163
287,p&aelig;llenum,<code>p&amp;ae;llenum</code>,1,0.0004163
287,pallium,<code>pallium</code>,1,0.0004163
287,papanhad,<code>papanhad</code>,1,0.0004163
287,pape,<code>pape</code>,1,0.0004163
287,pelagium,<code>pelagium</code>,1,0.0004163
287,petres,<code>petres</code>,1,0.0004163
287,petrus,<code>petrus</code>,1,0.0004163
287,preosthades,<code>preosthades</code>,1,0.0004163
287,r&aelig;d,<code>r&amp;ae;d</code>,1,0.0004163
287,re&eth;an,<code>re&amp;d;an</code>,1,0.0004163
287,readum,<code>readum</code>,1,0.0004163
287,regollice,<code>regollice</code>,1,0.0004163
287,reliquias,<code>reliquias</code>,1,0.0004163
287,riclice,<code>riclice</code>,1,0.0004163
287,rixode,<code>rixode</code>,1,0.0004163
287,romanabyrig,<code>romanabyrig</code>,1,0.0004163
287,romane,<code>romane</code>,1,0.0004163
287,romaniscre,<code>romaniscre</code>,1,0.0004163
287,rome,<code>rome</code>,1,0.0004163
287,sacerd,<code>sacerd</code>,1,0.0004163
287,sancti,<code>sancti</code>,1,0.0004163
287,sande,<code>sande</code>,1,0.0004163
287,sarnys,<code>sarnys</code>,1,0.0004163
287,sawla,<code>sawla</code>,1,0.0004163
287,sawlum,<code>sawlum</code>,1,0.0004163
287,scea&eth;a,<code>scea&amp;d;a</code>,1,0.0004163
287,sceal,<code>sceal</code>,1,0.0004163
287,sceawigende,<code>sceawigende</code>,1,0.0004163
287,sceolde,<code>sceolde</code>,1,0.0004163
287,scinendum,<code>scinendum</code>,1,0.0004163
287,scire,<code>scire</code>,1,0.0004163
287,scirmen,<code>scirmen</code>,1,0.0004163
287,scortlice,<code>scortlice</code>,1,0.0004163
287,scyldigan,<code>scyldigan</code>,1,0.0004163
287,scyppendes,<code>scyppendes</code>,1,0.0004163
287,sende,<code>sende</code>,1,0.0004163
287,seofo&eth;e,<code>seofo&amp;d;e</code>,1,0.0004163
287,seofon,<code>seofon</code>,1,0.0004163
287,seofonfealde,<code>seofonfealde</code>,1,0.0004163
287,seofonfealdum,<code>seofonfealdum</code>,1,0.0004163
287,setl,<code>setl</code>,1,0.0004163
287,siccetunge,<code>siccetunge</code>,1,0.0004163
287,sicilia,<code>sicilia</code>,1,0.0004163
287,sindon,<code>sindon</code>,1,0.0004163
287,singallice,<code>singallice</code>,1,0.0004163
287,singalum,<code>singalum</code>,1,0.0004163
287,singon,<code>singon</code>,1,0.0004163
287,slege,<code>slege</code>,1,0.0004163
287,slihte,<code>slihte</code>,1,0.0004163
287,so&eth;f&aelig;stnysse,<code>so&amp;d;f&amp;ae;stnysse</code>,1,0.0004163
287,sona,<code>sona</code>,1,0.0004163
287,sprec&eth;,<code>sprec&amp;d;</code>,1,0.0004163
287,standa&eth;,<code>standa&amp;d;</code>,1,0.0004163
287,standan,<code>standan</code>,1,0.0004163
287,sti&eth;licor,<code>sti&amp;d;licor</code>,1,0.0004163
287,stodon,<code>stodon</code>,1,0.0004163
287,str&aelig;t,<code>str&amp;ae;t</code>,1,0.0004163
287,streca,<code>streca</code>,1,0.0004163
287,strecan,<code>strecan</code>,1,0.0004163
287,su&eth;,<code>su&amp;d;</code>,1,0.0004163
287,sum,<code>sum</code>,1,0.0004163
287,sume,<code>sume</code>,1,0.0004163
287,sungon,<code>sungon</code>,1,0.0004163
287,sweartan,<code>sweartan</code>,1,0.0004163
287,sweig&eth;,<code>sweig&amp;d;</code>,1,0.0004163
287,sweltan,<code>sweltan</code>,1,0.0004163
287,swetnysse,<code>swetnysse</code>,1,0.0004163
287,swilcum,<code>swilcum</code>,1,0.0004163
287,swinca&eth;,<code>swinca&amp;d;</code>,1,0.0004163
287,swingle,<code>swingle</code>,1,0.0004163
287,swutelice,<code>swutelice</code>,1,0.0004163
287,sylfa,<code>sylfa</code>,1,0.0004163
287,sylfum,<code>sylfum</code>,1,0.0004163
287,sylfwilles,<code>sylfwilles</code>,1,0.0004163
287,symle,<code>symle</code>,1,0.0004163
287,syndrigum,<code>syndrigum</code>,1,0.0004163
287,synfullan,<code>synfullan</code>,1,0.0004163
287,synna,<code>synna</code>,1,0.0004163
287,t&aelig;hton,<code>t&amp;ae;hton</code>,1,0.0004163
287,tearum,<code>tearum</code>,1,0.0004163
287,tide,<code>tide</code>,1,0.0004163
287,tihtingum,<code>tihtingum</code>,1,0.0004163
287,timan,<code>timan</code>,1,0.0004163
287,tobrece,<code>tobrece</code>,1,0.0004163
287,tot&aelig;r,<code>tot&amp;ae;r</code>,1,0.0004163
287,towearde,<code>towearde</code>,1,0.0004163
287,trahtbec,<code>trahtbec</code>,1,0.0004163
287,truwan,<code>truwan</code>,1,0.0004163
287,tyn,<code>tyn</code>,1,0.0004163
287,un&eth;ancwur&eth;e,<code>un&amp;d;ancwur&amp;d;e</code>,1,0.0004163
287,under,<code>under</code>,1,0.0004163
287,under&eth;eodde,<code>under&amp;d;eodde</code>,1,0.0004163
287,underfonde,<code>underfonde</code>,1,0.0004163
287,undergeat,<code>undergeat</code>,1,0.0004163
287,unsc&aelig;&eth;&eth;igan,<code>unsc&amp;ae;&amp;d;&amp;d;igan</code>,1,0.0004163
287,untrumnyssa,<code>untrumnyssa</code>,1,0.0004163
287,untrumnyssum,<code>untrumnyssum</code>,1,0.0004163
287,upar&aelig;ran,<code>upar&amp;ae;ran</code>,1,0.0004163
287,upplican,<code>upplican</code>,1,0.0004163
287,urbis,<code>urbis</code>,1,0.0004163
287,vigilantius,<code>vigilantius</code>,1,0.0004163
287,w&aelig;felse,<code>w&amp;ae;felse</code>,1,0.0004163
287,w&aelig;stm,<code>w&amp;ae;stm</code>,1,0.0004163
287,w&aelig;stmb&aelig;re,<code>w&amp;ae;stmb&amp;ae;re</code>,1,0.0004163
287,wacol,<code>wacol</code>,1,0.0004163
287,wacollice,<code>wacollice</code>,1,0.0004163
287,wacolre,<code>wacolre</code>,1,0.0004163
287,wacum,<code>wacum</code>,1,0.0004163
287,walawa,<code>walawa</code>,1,0.0004163
287,ware,<code>ware</code>,1,0.0004163
287,warum,<code>warum</code>,1,0.0004163
287,wat,<code>wat</code>,1,0.0004163
287,wealhstoda,<code>wealhstoda</code>,1,0.0004163
287,wealhstodas,<code>wealhstodas</code>,1,0.0004163
287,weig,<code>weig</code>,1,0.0004163
287,wel,<code>wel</code>,1,0.0004163
287,weorces,<code>weorces</code>,1,0.0004163
287,weorcum,<code>weorcum</code>,1,0.0004163
287,wera,<code>wera</code>,1,0.0004163
287,were,<code>were</code>,1,0.0004163
287,wi&eth;erigende,<code>wi&amp;d;erigende</code>,1,0.0004163
287,wi&eth;innan,<code>wi&amp;d;innan</code>,1,0.0004163
287,wi&eth;utan,<code>wi&amp;d;utan</code>,1,0.0004163
287,willan,<code>willan</code>,1,0.0004163
287,wisra,<code>wisra</code>,1,0.0004163
287,witan,<code>witan</code>,1,0.0004163
287,witega,<code>witega</code>,1,0.0004163
287,wlitig,<code>wlitig</code>,1,0.0004163
287,wodnesd&aelig;g,<code>wodnesd&amp;ae;g</code>,1,0.0004163
287,wope,<code>wope</code>,1,0.0004163
287,wopum,<code>wopum</code>,1,0.0004163
287,woruld&eth;ing,<code>woruld&amp;d;ing</code>,1,0.0004163
287,worulde,<code>worulde</code>,1,0.0004163
287,woruldlican,<code>woruldlican</code>,1,0.0004163
287,woruldlicum,<code>woruldlicum</code>,1,0.0004163
287,wr&aelig;csi&eth;,<code>wr&amp;ae;csi&amp;d;</code>,1,0.0004163
287,wreca&eth;,<code>wreca&amp;d;</code>,1,0.0004163
287,wucan,<code>wucan</code>,1,0.0004163
287,wuldorfullice,<code>wuldorfullice</code>,1,0.0004163
287,wundrigende,<code>wundrigende</code>,1,0.0004163
287,wunian,<code>wunian</code>,1,0.0004163
287,wununge,<code>wununge</code>,1,0.0004163
287,wur&eth;mynte,<code>wur&amp;d;mynte</code>,1,0.0004163
287,wur&eth;myntes,<code>wur&amp;d;myntes</code>,1,0.0004163
287,wylle,<code>wylle</code>,1,0.0004163
287,wylme,<code>wylme</code>,1,0.0004163
287,wynsume,<code>wynsume</code>,1,0.0004163
287,yfel,<code>yfel</code>,1,0.0004163
287,yfelra,<code>yfelra</code>,1,0.0004163
287,ymbe,<code>ymbe</code>,1,0.0004163
287,ymbespr&aelig;ce,<code>ymbespr&amp;ae;ce</code>,1,0.0004163
287,yrfenuman,<code>yrfenuman</code>,1,0.0004163
287,yttran,<code>yttran</code>,1,0.0004163
