B_Prose,B01,B01.002.040_AECHom_II__37_T02900.txt,845,575,2235
RANK,HTML WORD,RAW WORD,COUNT,RELATIVE FREQUENCY
1,and,<code>and</code>,123,0.0550336
2,to,<code>to</code>,65,0.0290828
3,&eth;a,<code>&amp;d;a</code>,60,0.0268456
4,he,<code>he</code>,58,0.0259508
5,&thorn;&aelig;t,<code>&amp;t;&amp;ae;t</code>,54,0.0241611
6,se,<code>se</code>,43,0.0192394
7,his,<code>his</code>,42,0.0187919
8,mid,<code>mid</code>,36,0.0161074
9,on,<code>on</code>,33,0.0147651
10,swa,<code>swa</code>,32,0.0143177
11,him,<code>him</code>,27,0.0120805
12,&eth;am,<code>&amp;d;am</code>,26,0.0116331
13,&eth;e,<code>&amp;d;e</code>,25,0.0111857
14,hine,<code>hine</code>,24,0.0107383
15,hi,<code>hi</code>,21,0.0093960
16,&thorn;&aelig;s,<code>&amp;t;&amp;ae;s</code>,20,0.0089485
17,ac,<code>ac</code>,18,0.0080537
18,ne,<code>ne</code>,16,0.0071588
19,hw&aelig;t,<code>hw&amp;ae;t</code>,15,0.0067114
19,is,<code>is</code>,15,0.0067114
21,&aelig;t,<code>&amp;ae;t</code>,14,0.0062640
21,matheus,<code>matheus</code>,14,0.0062640
23,&thorn;e,<code>&amp;t;e</code>,13,0.0058166
23,cw&aelig;&eth;,<code>cw&amp;ae;&amp;d;</code>,13,0.0058166
25,&thorn;a,<code>&amp;t;a</code>,12,0.0053691
26,&thorn;am,<code>&amp;t;am</code>,11,0.0049217
26,apostol,<code>apostol</code>,11,0.0049217
26,for,<code>for</code>,11,0.0049217
29,&eth;an,<code>&amp;d;an</code>,10,0.0044743
29,cyning,<code>cyning</code>,10,0.0044743
29,godspellere,<code>godspellere</code>,10,0.0044743
29,heora,<code>heora</code>,10,0.0044743
29,hu,<code>hu</code>,10,0.0044743
34,apostole,<code>apostole</code>,9,0.0040268
34,fela,<code>fela</code>,9,0.0040268
34,godes,<code>godes</code>,9,0.0040268
34,ic,<code>ic</code>,9,0.0040268
34,me,<code>me</code>,9,0.0040268
34,of,<code>of</code>,9,0.0040268
34,w&aelig;s,<code>w&amp;ae;s</code>,9,0.0040268
34,we,<code>we</code>,9,0.0040268
42,god,<code>god</code>,8,0.0035794
42,gode,<code>gode</code>,8,0.0035794
42,na,<code>na</code>,8,0.0035794
42,us,<code>us</code>,8,0.0035794
46,&eth;urh,<code>&amp;d;urh</code>,7,0.0031320
46,hire,<code>hire</code>,7,0.0031320
46,wear&eth;,<code>wear&amp;d;</code>,7,0.0031320
49,&eth;&aelig;re,<code>&amp;d;&amp;ae;re</code>,6,0.0026846
49,&eth;u,<code>&amp;d;u</code>,6,0.0026846
49,ar&aelig;rde,<code>ar&amp;ae;rde</code>,6,0.0026846
49,com,<code>com</code>,6,0.0026846
49,cyrcan,<code>cyrcan</code>,6,0.0026846
49,ge,<code>ge</code>,6,0.0026846
49,mildheortnysse,<code>mildheortnysse</code>,6,0.0026846
49,nan,<code>nan</code>,6,0.0026846
49,seo,<code>seo</code>,6,0.0026846
49,sunu,<code>sunu</code>,6,0.0026846
49,w&aelig;re,<code>w&amp;ae;re</code>,6,0.0026846
60,&aelig;fter,<code>&amp;ae;fter</code>,5,0.0022371
60,&eth;&aelig;ra,<code>&amp;d;&amp;ae;ra</code>,5,0.0022371
60,&thorn;one,<code>&amp;t;one</code>,5,0.0022371
60,&thorn;urh,<code>&amp;t;urh</code>,5,0.0022371
60,asende,<code>asende</code>,5,0.0022371
60,cyninges,<code>cyninges</code>,5,0.0022371
60,drymen,<code>drymen</code>,5,0.0022371
60,effigenia,<code>effigenia</code>,5,0.0022371
60,gereord,<code>gereord</code>,5,0.0022371
60,halgan,<code>halgan</code>,5,0.0022371
60,het,<code>het</code>,5,0.0022371
60,ofer,<code>ofer</code>,5,0.0022371
60,rice,<code>rice</code>,5,0.0022371
60,si&eth;&eth;an,<code>si&amp;d;&amp;d;an</code>,5,0.0022371
74,&aelig;lmihtigan,<code>&amp;ae;lmihtigan</code>,4,0.0017897
74,&aelig;r,<code>&amp;ae;r</code>,4,0.0017897
74,&eth;&aelig;s,<code>&amp;d;&amp;ae;s</code>,4,0.0017897
74,&eth;isum,<code>&amp;d;isum</code>,4,0.0017897
74,&thorn;&aelig;r,<code>&amp;t;&amp;ae;r</code>,4,0.0017897
74,an,<code>an</code>,4,0.0017897
74,apostoles,<code>apostoles</code>,4,0.0017897
74,be,<code>be</code>,4,0.0017897
74,crist,<code>crist</code>,4,0.0017897
74,cristes,<code>cristes</code>,4,0.0017897
74,cynges,<code>cynges</code>,4,0.0017897
74,drihten,<code>drihten</code>,4,0.0017897
74,eal,<code>eal</code>,4,0.0017897
74,ealra,<code>ealra</code>,4,0.0017897
74,folc,<code>folc</code>,4,0.0017897
74,geceas,<code>geceas</code>,4,0.0017897
74,geseah,<code>geseah</code>,4,0.0017897
74,h&aelig;lend,<code>h&amp;ae;lend</code>,4,0.0017897
74,h&aelig;lende,<code>h&amp;ae;lende</code>,4,0.0017897
74,huse,<code>huse</code>,4,0.0017897
74,irtacus,<code>irtacus</code>,4,0.0017897
74,nu,<code>nu</code>,4,0.0017897
74,synfullan,<code>synfullan</code>,4,0.0017897
74,synfullum,<code>synfullum</code>,4,0.0017897
74,wolde,<code>wolde</code>,4,0.0017897
74,woldon,<code>woldon</code>,4,0.0017897
100,&eth;one,<code>&amp;d;one</code>,3,0.0013423
100,&thorn;&aelig;re,<code>&amp;t;&amp;ae;re</code>,3,0.0013423
100,&thorn;yssere,<code>&amp;t;yssere</code>,3,0.0013423
100,aras,<code>aras</code>,3,0.0013423
100,bi&eth;,<code>bi&amp;d;</code>,3,0.0013423
100,buton,<code>buton</code>,3,0.0013423
100,comon,<code>comon</code>,3,0.0013423
100,criste,<code>criste</code>,3,0.0013423
100,cyninge,<code>cyninge</code>,3,0.0013423
100,d&aelig;dbote,<code>d&amp;ae;dbote</code>,3,0.0013423
100,eac,<code>eac</code>,3,0.0013423
100,ealle,<code>ealle</code>,3,0.0013423
100,eallum,<code>eallum</code>,3,0.0013423
100,eft,<code>eft</code>,3,0.0013423
100,eglippus,<code>eglippus</code>,3,0.0013423
100,eow,<code>eow</code>,3,0.0013423
100,eower,<code>eower</code>,3,0.0013423
100,fara&eth;,<code>fara&amp;d;</code>,3,0.0013423
100,ferde,<code>ferde</code>,3,0.0013423
100,folce,<code>folce</code>,3,0.0013423
100,folga,<code>folga</code>,3,0.0013423
100,forgeaf,<code>forgeaf</code>,3,0.0013423
100,fram,<code>fram</code>,3,0.0013423
100,fyr,<code>fyr</code>,3,0.0013423
100,gearcode,<code>gearcode</code>,3,0.0013423
100,gehaten,<code>gehaten</code>,3,0.0013423
100,geleafan,<code>geleafan</code>,3,0.0013423
100,gesette,<code>gesette</code>,3,0.0013423
100,gif,<code>gif</code>,3,0.0013423
100,gife,<code>gife</code>,3,0.0013423
100,godum,<code>godum</code>,3,0.0013423
100,h&aelig;lendes,<code>h&amp;ae;lendes</code>,3,0.0013423
100,handum,<code>handum</code>,3,0.0013423
100,heofenum,<code>heofenum</code>,3,0.0013423
100,heortan,<code>heortan</code>,3,0.0013423
100,lac,<code>lac</code>,3,0.0013423
100,man,<code>man</code>,3,0.0013423
100,mannes,<code>mannes</code>,3,0.0013423
100,mannum,<code>mannum</code>,3,0.0013423
100,matheum,<code>matheum</code>,3,0.0013423
100,men,<code>men</code>,3,0.0013423
100,mihte,<code>mihte</code>,3,0.0013423
100,naman,<code>naman</code>,3,0.0013423
100,rihtwisan,<code>rihtwisan</code>,3,0.0013423
100,s&aelig;de,<code>s&amp;ae;de</code>,3,0.0013423
100,sunderhalgan,<code>sunderhalgan</code>,3,0.0013423
100,swi&eth;e,<code>swi&amp;d;e</code>,3,0.0013423
100,swilce,<code>swilce</code>,3,0.0013423
100,sy,<code>sy</code>,3,0.0013423
100,twegen,<code>twegen</code>,3,0.0013423
100,w&aelig;ron,<code>w&amp;ae;ron</code>,3,0.0013423
151,&aelig;g&eth;er,<code>&amp;ae;g&amp;d;er</code>,2,0.0008949
151,&aelig;lces,<code>&amp;ae;lces</code>,2,0.0008949
151,&aelig;rist,<code>&amp;ae;rist</code>,2,0.0008949
151,&aelig;tforan,<code>&amp;ae;tforan</code>,2,0.0008949
151,&eth;&aelig;r,<code>&amp;d;&amp;ae;r</code>,2,0.0008949
151,&eth;as,<code>&amp;d;as</code>,2,0.0008949
151,&eth;eah,<code>&amp;d;eah</code>,2,0.0008949
151,&eth;i,<code>&amp;d;i</code>,2,0.0008949
151,&eth;ine,<code>&amp;d;ine</code>,2,0.0008949
151,&eth;ines,<code>&amp;d;ines</code>,2,0.0008949
151,&eth;is,<code>&amp;d;is</code>,2,0.0008949
151,&eth;onne,<code>&amp;d;onne</code>,2,0.0008949
151,&eth;reo,<code>&amp;d;reo</code>,2,0.0008949
151,&eth;urhwunode,<code>&amp;d;urhwunode</code>,2,0.0008949
151,&thorn;&aelig;rrihte,<code>&amp;t;&amp;ae;rrihte</code>,2,0.0008949
151,&thorn;onne,<code>&amp;t;onne</code>,2,0.0008949
151,&thorn;u,<code>&amp;t;u</code>,2,0.0008949
151,&thorn;us,<code>&amp;t;us</code>,2,0.0008949
151,a,<code>a</code>,2,0.0008949
151,amen,<code>amen</code>,2,0.0008949
151,ar&aelig;ran,<code>ar&amp;ae;ran</code>,2,0.0008949
151,arfaxa&eth;,<code>arfaxa&amp;d;</code>,2,0.0008949
151,awrat,<code>awrat</code>,2,0.0008949
151,binnon,<code>binnon</code>,2,0.0008949
151,bletsunge,<code>bletsunge</code>,2,0.0008949
151,boceras,<code>boceras</code>,2,0.0008949
151,botle,<code>botle</code>,2,0.0008949
151,bro&eth;or,<code>bro&amp;d;or</code>,2,0.0008949
151,bryde,<code>bryde</code>,2,0.0008949
151,clypode,<code>clypode</code>,2,0.0008949
151,cuman,<code>cuman</code>,2,0.0008949
151,cwellere,<code>cwellere</code>,2,0.0008949
151,dea&eth;e,<code>dea&amp;d;e</code>,2,0.0008949
151,diaconas,<code>diaconas</code>,2,0.0008949
151,dohtor,<code>dohtor</code>,2,0.0008949
151,dracan,<code>dracan</code>,2,0.0008949
151,drihtnes,<code>drihtnes</code>,2,0.0008949
151,drycr&aelig;fte,<code>drycr&amp;ae;fte</code>,2,0.0008949
151,earfo&eth;lice,<code>earfo&amp;d;lice</code>,2,0.0008949
151,eart,<code>eart</code>,2,0.0008949
151,ebreisc,<code>ebreisc</code>,2,0.0008949
151,ecnysse,<code>ecnysse</code>,2,0.0008949
151,effigenian,<code>effigenian</code>,2,0.0008949
151,eom,<code>eom</code>,2,0.0008949
151,et,<code>et</code>,2,0.0008949
151,eufranon,<code>eufranon</code>,2,0.0008949
151,filigde,<code>filigde</code>,2,0.0008949
151,gange,<code>gange</code>,2,0.0008949
151,geara,<code>geara</code>,2,0.0008949
151,gebedum,<code>gebedum</code>,2,0.0008949
151,gebigan,<code>gebigan</code>,2,0.0008949
151,gefullod,<code>gefullod</code>,2,0.0008949
151,geh&aelig;lan,<code>geh&amp;ae;lan</code>,2,0.0008949
151,geh&aelig;lde,<code>geh&amp;ae;lde</code>,2,0.0008949
151,gela&eth;ode,<code>gela&amp;d;ode</code>,2,0.0008949
151,getimbrunge,<code>getimbrunge</code>,2,0.0008949
151,gewat,<code>gewat</code>,2,0.0008949
151,gold,<code>gold</code>,2,0.0008949
151,h&aelig;fde,<code>h&amp;ae;fde</code>,2,0.0008949
151,halige,<code>halige</code>,2,0.0008949
151,heo,<code>heo</code>,2,0.0008949
151,heofenlican,<code>heofenlican</code>,2,0.0008949
151,hiwe,<code>hiwe</code>,2,0.0008949
151,hwa,<code>hwa</code>,2,0.0008949
151,hwilcere,<code>hwilcere</code>,2,0.0008949
151,in,<code>in</code>,2,0.0008949
151,iudeiscan,<code>iudeiscan</code>,2,0.0008949
151,l&aelig;ces,<code>l&amp;ae;ces</code>,2,0.0008949
151,la,<code>la</code>,2,0.0008949
151,leode,<code>leode</code>,2,0.0008949
151,leof,<code>leof</code>,2,0.0008949
151,leofre,<code>leofre</code>,2,0.0008949
151,leornia&eth;,<code>leornia&amp;d;</code>,2,0.0008949
151,leorningcnihtum,<code>leorningcnihtum</code>,2,0.0008949
151,m&aelig;dene,<code>m&amp;ae;dene</code>,2,0.0008949
151,m&aelig;denu,<code>m&amp;ae;denu</code>,2,0.0008949
151,m&aelig;denum,<code>m&amp;ae;denum</code>,2,0.0008949
151,m&aelig;ne,<code>m&amp;ae;ne</code>,2,0.0008949
151,m&aelig;ssepreostas,<code>m&amp;ae;ssepreostas</code>,2,0.0008949
151,mancynne,<code>mancynne</code>,2,0.0008949
151,manna,<code>manna</code>,2,0.0008949
151,mennisc,<code>mennisc</code>,2,0.0008949
151,mod,<code>mod</code>,2,0.0008949
151,nanes,<code>nanes</code>,2,0.0008949
151,nima&eth;,<code>nima&amp;d;</code>,2,0.0008949
151,o&eth;,<code>o&amp;d;</code>,2,0.0008949
151,offrunge,<code>offrunge</code>,2,0.0008949
151,offrungum,<code>offrungum</code>,2,0.0008949
151,rihtwise,<code>rihtwise</code>,2,0.0008949
151,rihtwisnysse,<code>rihtwisnysse</code>,2,0.0008949
151,sawla,<code>sawla</code>,2,0.0008949
151,sceal,<code>sceal</code>,2,0.0008949
151,sceolde,<code>sceolde</code>,2,0.0008949
151,scyppend,<code>scyppend</code>,2,0.0008949
151,sende,<code>sende</code>,2,0.0008949
151,seolfor,<code>seolfor</code>,2,0.0008949
151,sette,<code>sette</code>,2,0.0008949
151,sinscipe,<code>sinscipe</code>,2,0.0008949
151,sittan,<code>sittan</code>,2,0.0008949
151,sixtig,<code>sixtig</code>,2,0.0008949
151,speow,<code>speow</code>,2,0.0008949
151,spr&aelig;ce,<code>spr&amp;ae;ce</code>,2,0.0008949
151,sum,<code>sum</code>,2,0.0008949
151,sumne,<code>sumne</code>,2,0.0008949
151,sylf,<code>sylf</code>,2,0.0008949
151,sylfe,<code>sylfe</code>,2,0.0008949
151,tempel,<code>tempel</code>,2,0.0008949
151,tod&aelig;g,<code>tod&amp;ae;g</code>,2,0.0008949
151,tolle,<code>tolle</code>,2,0.0008949
151,w&aelig;lhreowa,<code>w&amp;ae;lhreowa</code>,2,0.0008949
151,wile,<code>wile</code>,2,0.0008949
151,willan,<code>willan</code>,2,0.0008949
151,witega,<code>witega</code>,2,0.0008949
151,wuna&eth;,<code>wuna&amp;d;</code>,2,0.0008949
151,wunode,<code>wunode</code>,2,0.0008949
151,wur&eth;ia&eth;,<code>wur&amp;d;ia&amp;d;</code>,2,0.0008949
151,wylle,<code>wylle</code>,2,0.0008949
151,yfele,<code>yfele</code>,2,0.0008949
151,ylde,<code>ylde</code>,2,0.0008949
151,zaroes,<code>zaroes</code>,2,0.0008949
271,&aelig;&eth;elborene,<code>&amp;ae;&amp;d;elborene</code>,1,0.0004474
271,&aelig;&eth;eling,<code>&amp;ae;&amp;d;eling</code>,1,0.0004474
271,&aelig;&eth;elinges,<code>&amp;ae;&amp;d;elinges</code>,1,0.0004474
271,&aelig;&thorn;ele,<code>&amp;ae;&amp;t;ele</code>,1,0.0004474
271,&aelig;&thorn;eling,<code>&amp;ae;&amp;t;eling</code>,1,0.0004474
271,&aelig;lcere,<code>&amp;ae;lcere</code>,1,0.0004474
271,&aelig;lcum,<code>&amp;ae;lcum</code>,1,0.0004474
271,&aelig;licum,<code>&amp;ae;licum</code>,1,0.0004474
271,&aelig;lmihtig,<code>&amp;ae;lmihtig</code>,1,0.0004474
271,&aelig;lmihtiga,<code>&amp;ae;lmihtiga</code>,1,0.0004474
271,&aelig;nne,<code>&amp;ae;nne</code>,1,0.0004474
271,&aelig;tb&aelig;rst,<code>&amp;ae;tb&amp;ae;rst</code>,1,0.0004474
271,&aelig;tberstan,<code>&amp;ae;tberstan</code>,1,0.0004474
271,&aelig;tbr&aelig;d,<code>&amp;ae;tbr&amp;ae;d</code>,1,0.0004474
271,&aelig;tburste,<code>&amp;ae;tburste</code>,1,0.0004474
271,&aelig;teowode,<code>&amp;ae;teowode</code>,1,0.0004474
271,&eth;&aelig;rrihte,<code>&amp;d;&amp;ae;rrihte</code>,1,0.0004474
271,&eth;&aelig;rtoeacan,<code>&amp;d;&amp;ae;rtoeacan</code>,1,0.0004474
271,&eth;earfum,<code>&amp;d;earfum</code>,1,0.0004474
271,&eth;eawa,<code>&amp;d;eawa</code>,1,0.0004474
271,&eth;eawum,<code>&amp;d;eawum</code>,1,0.0004474
271,&eth;egenas,<code>&amp;d;egenas</code>,1,0.0004474
271,&eth;eodum,<code>&amp;d;eodum</code>,1,0.0004474
271,&eth;eowa,<code>&amp;d;eowa</code>,1,0.0004474
271,&eth;es,<code>&amp;d;es</code>,1,0.0004474
271,&eth;ider,<code>&amp;d;ider</code>,1,0.0004474
271,&eth;ing,<code>&amp;d;ing</code>,1,0.0004474
271,&eth;inum,<code>&amp;d;inum</code>,1,0.0004474
271,&eth;onon,<code>&amp;d;onon</code>,1,0.0004474
271,&eth;ritig,<code>&amp;d;ritig</code>,1,0.0004474
271,&eth;rowunge,<code>&amp;d;rowunge</code>,1,0.0004474
271,&eth;urheode,<code>&amp;d;urheode</code>,1,0.0004474
271,&eth;urhwuna&eth;,<code>&amp;d;urhwuna&amp;d;</code>,1,0.0004474
271,&eth;usend,<code>&amp;d;usend</code>,1,0.0004474
271,&eth;yde,<code>&amp;d;yde</code>,1,0.0004474
271,&eth;yssere,<code>&amp;d;yssere</code>,1,0.0004474
271,&thorn;ancwur&eth;ran,<code>&amp;t;ancwur&amp;d;ran</code>,1,0.0004474
271,&thorn;as,<code>&amp;t;as</code>,1,0.0004474
271,&thorn;inena,<code>&amp;t;inena</code>,1,0.0004474
271,&thorn;is,<code>&amp;t;is</code>,1,0.0004474
271,&thorn;ises,<code>&amp;t;ises</code>,1,0.0004474
271,&thorn;isne,<code>&amp;t;isne</code>,1,0.0004474
271,&thorn;issere,<code>&amp;t;issere</code>,1,0.0004474
271,&thorn;yses,<code>&amp;t;yses</code>,1,0.0004474
271,&thorn;ysne,<code>&amp;t;ysne</code>,1,0.0004474
271,ab&aelig;r,<code>ab&amp;ae;r</code>,1,0.0004474
271,abbudissan,<code>abbudissan</code>,1,0.0004474
271,abbudisse,<code>abbudisse</code>,1,0.0004474
271,ablicged,<code>ablicged</code>,1,0.0004474
271,acwealde,<code>acwealde</code>,1,0.0004474
271,acwellan,<code>acwellan</code>,1,0.0004474
271,adelan,<code>adelan</code>,1,0.0004474
271,adr&aelig;fde,<code>adr&amp;ae;fde</code>,1,0.0004474
271,afanda&eth;,<code>afanda&amp;d;</code>,1,0.0004474
271,afaren,<code>afaren</code>,1,0.0004474
271,agenre,<code>agenre</code>,1,0.0004474
271,agenum,<code>agenum</code>,1,0.0004474
271,alefedon,<code>alefedon</code>,1,0.0004474
271,alysend,<code>alysend</code>,1,0.0004474
271,ana,<code>ana</code>,1,0.0004474
271,ancenneda,<code>ancenneda</code>,1,0.0004474
271,andan,<code>andan</code>,1,0.0004474
271,andfenge,<code>andfenge</code>,1,0.0004474
271,andgit,<code>andgit</code>,1,0.0004474
271,andwerdan,<code>andwerdan</code>,1,0.0004474
271,andwyrde,<code>andwyrde</code>,1,0.0004474
271,ane,<code>ane</code>,1,0.0004474
271,anginn,<code>anginn</code>,1,0.0004474
271,anlicnysse,<code>anlicnysse</code>,1,0.0004474
271,anne,<code>anne</code>,1,0.0004474
271,anr&aelig;de,<code>anr&amp;ae;de</code>,1,0.0004474
271,apostoli,<code>apostoli</code>,1,0.0004474
271,apostolum,<code>apostolum</code>,1,0.0004474
271,ar&aelig;ra&eth;,<code>ar&amp;ae;ra&amp;d;</code>,1,0.0004474
271,ar&aelig;red,<code>ar&amp;ae;red</code>,1,0.0004474
271,arasode,<code>arasode</code>,1,0.0004474
271,arleasan,<code>arleasan</code>,1,0.0004474
271,arwur&eth;oston,<code>arwur&amp;d;oston</code>,1,0.0004474
271,asette,<code>asette</code>,1,0.0004474
271,aspende,<code>aspende</code>,1,0.0004474
271,asprang,<code>asprang</code>,1,0.0004474
271,astigan,<code>astigan</code>,1,0.0004474
271,astige,<code>astige</code>,1,0.0004474
271,astrehte,<code>astrehte</code>,1,0.0004474
271,astrehtum,<code>astrehtum</code>,1,0.0004474
271,astyred,<code>astyred</code>,1,0.0004474
271,atogenum,<code>atogenum</code>,1,0.0004474
271,awedde,<code>awedde</code>,1,0.0004474
271,awende,<code>awende</code>,1,0.0004474
271,awurpe,<code>awurpe</code>,1,0.0004474
271,axian,<code>axian</code>,1,0.0004474
271,b&aelig;ce,<code>b&amp;ae;ce</code>,1,0.0004474
271,b&aelig;ftan,<code>b&amp;ae;ftan</code>,1,0.0004474
271,barn,<code>barn</code>,1,0.0004474
271,bearn,<code>bearn</code>,1,0.0004474
271,beciddon,<code>beciddon</code>,1,0.0004474
271,becom,<code>becom</code>,1,0.0004474
271,becuman,<code>becuman</code>,1,0.0004474
271,bedofen,<code>bedofen</code>,1,0.0004474
271,bedredan,<code>bedredan</code>,1,0.0004474
271,befangene,<code>befangene</code>,1,0.0004474
271,behet,<code>behet</code>,1,0.0004474
271,behofia&eth;,<code>behofia&amp;d;</code>,1,0.0004474
271,bel&aelig;fde,<code>bel&amp;ae;fde</code>,1,0.0004474
271,belaf,<code>belaf</code>,1,0.0004474
271,beniman,<code>beniman</code>,1,0.0004474
271,beo,<code>beo</code>,1,0.0004474
271,beo&eth;,<code>beo&amp;d;</code>,1,0.0004474
271,beoda&eth;,<code>beoda&amp;d;</code>,1,0.0004474
271,beon,<code>beon</code>,1,0.0004474
271,bescufe,<code>bescufe</code>,1,0.0004474
271,betere,<code>betere</code>,1,0.0004474
271,bidde,<code>bidde</code>,1,0.0004474
271,biscopas,<code>biscopas</code>,1,0.0004474
271,blawend,<code>blawend</code>,1,0.0004474
271,blinde,<code>blinde</code>,1,0.0004474
271,boc,<code>boc</code>,1,0.0004474
271,botl,<code>botl</code>,1,0.0004474
271,bryd,<code>bryd</code>,1,0.0004474
271,bugon,<code>bugon</code>,1,0.0004474
271,burgum,<code>burgum</code>,1,0.0004474
271,byrig,<code>byrig</code>,1,0.0004474
271,byrnendum,<code>byrnendum</code>,1,0.0004474
271,canst,<code>canst</code>,1,0.0004474
271,ceorodon,<code>ceorodon</code>,1,0.0004474
271,ceorunge,<code>ceorunge</code>,1,0.0004474
271,cl&aelig;nan,<code>cl&amp;ae;nan</code>,1,0.0004474
271,clipigenne,<code>clipigenne</code>,1,0.0004474
271,clypa&eth;,<code>clypa&amp;d;</code>,1,0.0004474
271,clypigenne,<code>clypigenne</code>,1,0.0004474
271,clypunge,<code>clypunge</code>,1,0.0004474
271,cniht,<code>cniht</code>,1,0.0004474
271,cnihta,<code>cnihta</code>,1,0.0004474
271,cnucigende,<code>cnucigende</code>,1,0.0004474
271,co&eth;u,<code>co&amp;d;u</code>,1,0.0004474
271,cr&aelig;ft,<code>cr&amp;ae;ft</code>,1,0.0004474
271,cristen,<code>cristen</code>,1,0.0004474
271,cristene,<code>cristene</code>,1,0.0004474
271,cum,<code>cum</code>,1,0.0004474
271,cuma&eth;,<code>cuma&amp;d;</code>,1,0.0004474
271,cunnon,<code>cunnon</code>,1,0.0004474
271,cw&aelig;don,<code>cw&amp;ae;don</code>,1,0.0004474
271,cwe&eth;,<code>cwe&amp;d;</code>,1,0.0004474
271,cwe&eth;ende,<code>cwe&amp;d;ende</code>,1,0.0004474
271,cwen,<code>cwen</code>,1,0.0004474
271,cwene,<code>cwene</code>,1,0.0004474
271,cynerice,<code>cynerice</code>,1,0.0004474
271,cyste,<code>cyste</code>,1,0.0004474
271,d&aelig;de,<code>d&amp;ae;de</code>,1,0.0004474
271,d&aelig;g,<code>d&amp;ae;g</code>,1,0.0004474
271,d&aelig;ge,<code>d&amp;ae;ge</code>,1,0.0004474
271,d&aelig;ges,<code>d&amp;ae;ges</code>,1,0.0004474
271,d&aelig;lde,<code>d&amp;ae;lde</code>,1,0.0004474
271,daga,<code>daga</code>,1,0.0004474
271,de&eth;,<code>de&amp;d;</code>,1,0.0004474
271,deade,<code>deade</code>,1,0.0004474
271,deofles,<code>deofles</code>,1,0.0004474
271,deoppre,<code>deoppre</code>,1,0.0004474
271,dide,<code>dide</code>,1,0.0004474
271,don,<code>don</code>,1,0.0004474
271,donatus,<code>donatus</code>,1,0.0004474
271,drihtne,<code>drihtne</code>,1,0.0004474
271,drohtnunge,<code>drohtnunge</code>,1,0.0004474
271,dura,<code>dura</code>,1,0.0004474
271,duru,<code>duru</code>,1,0.0004474
271,dweliende,<code>dweliende</code>,1,0.0004474
271,dyrstignys,<code>dyrstignys</code>,1,0.0004474
271,eadigan,<code>eadigan</code>,1,0.0004474
271,ealdormen,<code>ealdormen</code>,1,0.0004474
271,ealles,<code>ealles</code>,1,0.0004474
271,ealne,<code>ealne</code>,1,0.0004474
271,ealre,<code>ealre</code>,1,0.0004474
271,earde,<code>earde</code>,1,0.0004474
271,earme,<code>earme</code>,1,0.0004474
271,eawf&aelig;st,<code>eawf&amp;ae;st</code>,1,0.0004474
271,eawf&aelig;stan,<code>eawf&amp;ae;stan</code>,1,0.0004474
271,eawf&aelig;stre,<code>eawf&amp;ae;stre</code>,1,0.0004474
271,eces,<code>eces</code>,1,0.0004474
271,efne,<code>efne</code>,1,0.0004474
271,egyptisc,<code>egyptisc</code>,1,0.0004474
271,eiusdem,<code>eiusdem</code>,1,0.0004474
271,elefantinus,<code>elefantinus</code>,1,0.0004474
271,engel,<code>engel</code>,1,0.0004474
271,englisc,<code>englisc</code>,1,0.0004474
271,eowerum,<code>eowerum</code>,1,0.0004474
271,estfull,<code>estfull</code>,1,0.0004474
271,estfulnysse,<code>estfulnysse</code>,1,0.0004474
271,ethiopian,<code>ethiopian</code>,1,0.0004474
271,ethiopisc,<code>ethiopisc</code>,1,0.0004474
271,euangelist&aelig;,<code>euangelist&amp;ae;</code>,1,0.0004474
271,eufenissa,<code>eufenissa</code>,1,0.0004474
271,faran,<code>faran</code>,1,0.0004474
271,feng,<code>feng</code>,1,0.0004474
271,fenlicum,<code>fenlicum</code>,1,0.0004474
271,feol,<code>feol</code>,1,0.0004474
271,ferdon,<code>ferdon</code>,1,0.0004474
271,flode,<code>flode</code>,1,0.0004474
271,for&thorn;si&eth;e,<code>for&amp;t;si&amp;d;e</code>,1,0.0004474
271,forb&aelig;rnan,<code>forb&amp;ae;rnan</code>,1,0.0004474
271,forburne,<code>forburne</code>,1,0.0004474
271,foregengan,<code>foregengan</code>,1,0.0004474
271,forgifen,<code>forgifen</code>,1,0.0004474
271,forlet,<code>forlet</code>,1,0.0004474
271,forman,<code>forman</code>,1,0.0004474
271,forsihst,<code>forsihst</code>,1,0.0004474
271,forspeonon,<code>forspeonon</code>,1,0.0004474
271,fotlicum,<code>fotlicum</code>,1,0.0004474
271,fotum,<code>fotum</code>,1,0.0004474
271,fotwylmas,<code>fotwylmas</code>,1,0.0004474
271,frofre,<code>frofre</code>,1,0.0004474
271,fulfremedlice,<code>fulfremedlice</code>,1,0.0004474
271,fulre,<code>fulre</code>,1,0.0004474
271,fyre,<code>fyre</code>,1,0.0004474
271,fyres,<code>fyres</code>,1,0.0004474
271,gadria&eth;,<code>gadria&amp;d;</code>,1,0.0004474
271,gast,<code>gast</code>,1,0.0004474
271,gastes,<code>gastes</code>,1,0.0004474
271,ge&eth;eodan,<code>ge&amp;d;eodan</code>,1,0.0004474
271,ge&eth;eodnysse,<code>ge&amp;d;eodnysse</code>,1,0.0004474
271,ge&eth;inc&eth;e,<code>ge&amp;d;inc&amp;d;e</code>,1,0.0004474
271,ge&eth;inc&eth;um,<code>ge&amp;d;inc&amp;d;um</code>,1,0.0004474
271,gebedda,<code>gebedda</code>,1,0.0004474
271,gebeorscipe,<code>gebeorscipe</code>,1,0.0004474
271,gebiddan,<code>gebiddan</code>,1,0.0004474
271,gebiddende,<code>gebiddende</code>,1,0.0004474
271,gebig&eth;,<code>gebig&amp;d;</code>,1,0.0004474
271,gebletsa,<code>gebletsa</code>,1,0.0004474
271,gebletsod,<code>gebletsod</code>,1,0.0004474
271,geboren,<code>geboren</code>,1,0.0004474
271,gebrohte,<code>gebrohte</code>,1,0.0004474
271,gebyra&eth;,<code>gebyra&amp;d;</code>,1,0.0004474
271,gebysmrian,<code>gebysmrian</code>,1,0.0004474
271,gecl&aelig;nsode,<code>gecl&amp;ae;nsode</code>,1,0.0004474
271,gecw&aelig;&eth;,<code>gecw&amp;ae;&amp;d;</code>,1,0.0004474
271,gecweme,<code>gecweme</code>,1,0.0004474
271,gecyndelic,<code>gecyndelic</code>,1,0.0004474
271,gecyrran,<code>gecyrran</code>,1,0.0004474
271,gedwylde,<code>gedwylde</code>,1,0.0004474
271,geeacna&eth;,<code>geeacna&amp;d;</code>,1,0.0004474
271,geearnunge,<code>geearnunge</code>,1,0.0004474
271,geearnungum,<code>geearnungum</code>,1,0.0004474
271,geefenl&aelig;cunge,<code>geefenl&amp;ae;cunge</code>,1,0.0004474
271,geendodon,<code>geendodon</code>,1,0.0004474
271,geferr&aelig;dene,<code>geferr&amp;ae;dene</code>,1,0.0004474
271,gefremode,<code>gefremode</code>,1,0.0004474
271,gegodod,<code>gegodod</code>,1,0.0004474
271,geh&aelig;fde,<code>geh&amp;ae;fde</code>,1,0.0004474
271,gehadod,<code>gehadod</code>,1,0.0004474
271,gehadodan,<code>gehadodan</code>,1,0.0004474
271,gehadode,<code>gehadode</code>,1,0.0004474
271,gehalgod,<code>gehalgod</code>,1,0.0004474
271,geheald,<code>geheald</code>,1,0.0004474
271,gehwilcum,<code>gehwilcum</code>,1,0.0004474
271,gehyr&eth;,<code>gehyr&amp;d;</code>,1,0.0004474
271,gehyrenne,<code>gehyrenne</code>,1,0.0004474
271,geinnod,<code>geinnod</code>,1,0.0004474
271,gel&aelig;ht,<code>gel&amp;ae;ht</code>,1,0.0004474
271,gel&aelig;hte,<code>gel&amp;ae;hte</code>,1,0.0004474
271,gela&eth;unge,<code>gela&amp;d;unge</code>,1,0.0004474
271,gelice,<code>gelice</code>,1,0.0004474
271,gelome,<code>gelome</code>,1,0.0004474
271,gemartirod,<code>gemartirod</code>,1,0.0004474
271,gemartirode,<code>gemartirode</code>,1,0.0004474
271,gemette,<code>gemette</code>,1,0.0004474
271,geni&eth;erige,<code>geni&amp;d;erige</code>,1,0.0004474
271,geoffrige,<code>geoffrige</code>,1,0.0004474
271,geopena&eth;,<code>geopena&amp;d;</code>,1,0.0004474
271,gerefan,<code>gerefan</code>,1,0.0004474
271,gereorda,<code>gereorda</code>,1,0.0004474
271,gereorda&eth;,<code>gereorda&amp;d;</code>,1,0.0004474
271,gereorde,<code>gereorde</code>,1,0.0004474
271,gereordige,<code>gereordige</code>,1,0.0004474
271,gereordod,<code>gereordod</code>,1,0.0004474
271,gereordode,<code>gereordode</code>,1,0.0004474
271,gerihtl&aelig;can,<code>gerihtl&amp;ae;can</code>,1,0.0004474
271,gerihtwisode,<code>gerihtwisode</code>,1,0.0004474
271,gesawon,<code>gesawon</code>,1,0.0004474
271,gescynde,<code>gescynde</code>,1,0.0004474
271,gesetnysse,<code>gesetnysse</code>,1,0.0004474
271,gesewene,<code>gesewene</code>,1,0.0004474
271,gesih&eth;e,<code>gesih&amp;d;e</code>,1,0.0004474
271,gespr&aelig;c,<code>gespr&amp;ae;c</code>,1,0.0004474
271,gestildon,<code>gestildon</code>,1,0.0004474
271,gestod,<code>gestod</code>,1,0.0004474
271,gestranga,<code>gestranga</code>,1,0.0004474
271,geswefode,<code>geswefode</code>,1,0.0004474
271,geweman,<code>geweman</code>,1,0.0004474
271,gewemde,<code>gewemde</code>,1,0.0004474
271,gewemmednysse,<code>gewemmednysse</code>,1,0.0004474
271,gewende,<code>gewende</code>,1,0.0004474
271,gewendon,<code>gewendon</code>,1,0.0004474
271,gewilnunga,<code>gewilnunga</code>,1,0.0004474
271,gewitte,<code>gewitte</code>,1,0.0004474
271,geworht,<code>geworht</code>,1,0.0004474
271,gewuna,<code>gewuna</code>,1,0.0004474
271,geyrsod,<code>geyrsod</code>,1,0.0004474
271,goda,<code>goda</code>,1,0.0004474
271,goddra,<code>goddra</code>,1,0.0004474
271,godode,<code>godode</code>,1,0.0004474
271,godspelleres,<code>godspelleres</code>,1,0.0004474
271,godspelles,<code>godspelles</code>,1,0.0004474
271,grecisc,<code>grecisc</code>,1,0.0004474
271,h&aelig;&eth;engilde,<code>h&amp;ae;&amp;d;engilde</code>,1,0.0004474
271,h&aelig;fdon,<code>h&amp;ae;fdon</code>,1,0.0004474
271,h&aelig;l&eth;,<code>h&amp;ae;l&amp;d;</code>,1,0.0004474
271,habban,<code>habban</code>,1,0.0004474
271,had,<code>had</code>,1,0.0004474
271,hade,<code>hade</code>,1,0.0004474
271,hal,<code>hal</code>,1,0.0004474
271,halan,<code>halan</code>,1,0.0004474
271,halgum,<code>halgum</code>,1,0.0004474
271,haligreft,<code>haligreft</code>,1,0.0004474
271,haligrefte,<code>haligrefte</code>,1,0.0004474
271,ham,<code>ham</code>,1,0.0004474
271,hand,<code>hand</code>,1,0.0004474
271,hata&eth;,<code>hata&amp;d;</code>,1,0.0004474
271,heafdu,<code>heafdu</code>,1,0.0004474
271,heafod,<code>heafod</code>,1,0.0004474
271,heahne,<code>heahne</code>,1,0.0004474
271,healf,<code>healf</code>,1,0.0004474
271,heofenan,<code>heofenan</code>,1,0.0004474
271,heofenlicum,<code>heofenlicum</code>,1,0.0004474
271,heofonlicere,<code>heofonlicere</code>,1,0.0004474
271,heofonum,<code>heofonum</code>,1,0.0004474
271,heorte,<code>heorte</code>,1,0.0004474
271,hierusalem,<code>hierusalem</code>,1,0.0004474
271,hit,<code>hit</code>,1,0.0004474
271,hnolle,<code>hnolle</code>,1,0.0004474
271,hoga&eth;,<code>hoga&amp;d;</code>,1,0.0004474
271,hominem,<code>hominem</code>,1,0.0004474
271,hra&eth;e,<code>hra&amp;d;e</code>,1,0.0004474
271,hrof,<code>hrof</code>,1,0.0004474
271,humeta,<code>humeta</code>,1,0.0004474
271,hund,<code>hund</code>,1,0.0004474
271,hwi,<code>hwi</code>,1,0.0004474
271,hyrwdon,<code>hyrwdon</code>,1,0.0004474
271,iesus,<code>iesus</code>,1,0.0004474
271,incundre,<code>incundre</code>,1,0.0004474
271,ingehyd,<code>ingehyd</code>,1,0.0004474
271,inne,<code>inne</code>,1,0.0004474
271,inno&eth;e,<code>inno&amp;d;e</code>,1,0.0004474
271,intinga,<code>intinga</code>,1,0.0004474
271,intingan,<code>intingan</code>,1,0.0004474
271,irtace,<code>irtace</code>,1,0.0004474
271,isen,<code>isen</code>,1,0.0004474
271,kalendas,<code>kalendas</code>,1,0.0004474
271,l&aelig;cas,<code>l&amp;ae;cas</code>,1,0.0004474
271,l&aelig;ce,<code>l&amp;ae;ce</code>,1,0.0004474
271,l&aelig;cedome,<code>l&amp;ae;cedome</code>,1,0.0004474
271,l&aelig;rde,<code>l&amp;ae;rde</code>,1,0.0004474
271,l&aelig;ta&eth;,<code>l&amp;ae;ta&amp;d;</code>,1,0.0004474
271,lafe,<code>lafe</code>,1,0.0004474
271,lande,<code>lande</code>,1,0.0004474
271,landes,<code>landes</code>,1,0.0004474
271,langsum,<code>langsum</code>,1,0.0004474
271,langsumnysse,<code>langsumnysse</code>,1,0.0004474
271,lareow,<code>lareow</code>,1,0.0004474
271,leasetende,<code>leasetende</code>,1,0.0004474
271,lede,<code>lede</code>,1,0.0004474
271,leden,<code>leden</code>,1,0.0004474
271,leoda,<code>leoda</code>,1,0.0004474
271,leofe,<code>leofe</code>,1,0.0004474
271,leofode,<code>leofode</code>,1,0.0004474
271,leohtf&aelig;tum,<code>leohtf&amp;ae;tum</code>,1,0.0004474
271,leornian,<code>leornian</code>,1,0.0004474
271,li&eth;e,<code>li&amp;d;e</code>,1,0.0004474
271,lichaman,<code>lichaman</code>,1,0.0004474
271,lichamena,<code>lichamena</code>,1,0.0004474
271,lichamlicere,<code>lichamlicere</code>,1,0.0004474
271,lif,<code>lif</code>,1,0.0004474
271,life,<code>life</code>,1,0.0004474
271,lig,<code>lig</code>,1,0.0004474
271,ligum,<code>ligum</code>,1,0.0004474
271,lof,<code>lof</code>,1,0.0004474
271,lofe,<code>lofe</code>,1,0.0004474
271,lucas,<code>lucas</code>,1,0.0004474
271,lufe,<code>lufe</code>,1,0.0004474
271,lufige,<code>lufige</code>,1,0.0004474
271,lufon,<code>lufon</code>,1,0.0004474
271,lustum,<code>lustum</code>,1,0.0004474
271,lutiende,<code>lutiende</code>,1,0.0004474
271,m&aelig;den,<code>m&amp;ae;den</code>,1,0.0004474
271,m&aelig;dena,<code>m&amp;ae;dena</code>,1,0.0004474
271,m&aelig;g&eth;hade,<code>m&amp;ae;g&amp;d;hade</code>,1,0.0004474
271,m&aelig;g&eth;hades,<code>m&amp;ae;g&amp;d;hades</code>,1,0.0004474
271,m&aelig;ghade,<code>m&amp;ae;ghade</code>,1,0.0004474
271,m&aelig;gnum,<code>m&amp;ae;gnum</code>,1,0.0004474
271,m&aelig;nde,<code>m&amp;ae;nde</code>,1,0.0004474
271,m&aelig;ssode,<code>m&amp;ae;ssode</code>,1,0.0004474
271,ma,<code>ma</code>,1,0.0004474
271,magan,<code>magan</code>,1,0.0004474
271,magon,<code>magon</code>,1,0.0004474
271,manfullum,<code>manfullum</code>,1,0.0004474
271,mannan,<code>mannan</code>,1,0.0004474
271,maran,<code>maran</code>,1,0.0004474
271,mathees,<code>mathees</code>,1,0.0004474
271,mathei,<code>mathei</code>,1,0.0004474
271,matheo,<code>matheo</code>,1,0.0004474
271,medemlice,<code>medemlice</code>,1,0.0004474
271,menigfealdre,<code>menigfealdre</code>,1,0.0004474
271,menigu,<code>menigu</code>,1,0.0004474
271,micclan,<code>micclan</code>,1,0.0004474
271,miccle,<code>miccle</code>,1,0.0004474
271,micel,<code>micel</code>,1,0.0004474
271,micele,<code>micele</code>,1,0.0004474
271,micelne,<code>micelne</code>,1,0.0004474
271,middaneard,<code>middaneard</code>,1,0.0004474
271,middanearde,<code>middanearde</code>,1,0.0004474
271,miht,<code>miht</code>,1,0.0004474
271,mihton,<code>mihton</code>,1,0.0004474
271,miltsige,<code>miltsige</code>,1,0.0004474
271,miltsunge,<code>miltsunge</code>,1,0.0004474
271,min,<code>min</code>,1,0.0004474
271,mine,<code>mine</code>,1,0.0004474
271,mislicum,<code>mislicum</code>,1,0.0004474
271,morbus,<code>morbus</code>,1,0.0004474
271,moton,<code>moton</code>,1,0.0004474
271,myltsige,<code>myltsige</code>,1,0.0004474
271,n&aelig;fre,<code>n&amp;ae;fre</code>,1,0.0004474
271,n&aelig;nne,<code>n&amp;ae;nne</code>,1,0.0004474
271,n&aelig;ron,<code>n&amp;ae;ron</code>,1,0.0004474
271,nama,<code>nama</code>,1,0.0004474
271,nane,<code>nane</code>,1,0.0004474
271,natale,<code>natale</code>,1,0.0004474
271,neo&eth;an,<code>neo&amp;d;an</code>,1,0.0004474
271,neod,<code>neod</code>,1,0.0004474
271,neosunge,<code>neosunge</code>,1,0.0004474
271,nextan,<code>nextan</code>,1,0.0004474
271,niman,<code>niman</code>,1,0.0004474
271,nis,<code>nis</code>,1,0.0004474
271,noes,<code>noes</code>,1,0.0004474
271,nomine,<code>nomine</code>,1,0.0004474
271,nyste,<code>nyste</code>,1,0.0004474
271,nytennysse,<code>nytennysse</code>,1,0.0004474
271,o&eth;&eth;e,<code>o&amp;d;&amp;d;e</code>,1,0.0004474
271,o&eth;er,<code>o&amp;d;er</code>,1,0.0004474
271,o&eth;erne,<code>o&amp;d;erne</code>,1,0.0004474
271,o&eth;re,<code>o&amp;d;re</code>,1,0.0004474
271,o&thorn;&thorn;e,<code>o&amp;t;&amp;t;e</code>,1,0.0004474
271,octobris,<code>octobris</code>,1,0.0004474
271,offrian,<code>offrian</code>,1,0.0004474
271,offrung,<code>offrung</code>,1,0.0004474
271,ofhyrde,<code>ofhyrde</code>,1,0.0004474
271,ofset,<code>ofset</code>,1,0.0004474
271,on&aelig;lde,<code>on&amp;ae;lde</code>,1,0.0004474
271,onbryrdnysse,<code>onbryrdnysse</code>,1,0.0004474
271,onbutan,<code>onbutan</code>,1,0.0004474
271,ongann,<code>ongann</code>,1,0.0004474
271,onlihte,<code>onlihte</code>,1,0.0004474
271,ontendan,<code>ontendan</code>,1,0.0004474
271,onuppon,<code>onuppon</code>,1,0.0004474
271,or&eth;ung,<code>or&amp;d;ung</code>,1,0.0004474
271,ord,<code>ord</code>,1,0.0004474
271,orm&aelig;te,<code>orm&amp;ae;te</code>,1,0.0004474
271,passio,<code>passio</code>,1,0.0004474
271,philippum,<code>philippum</code>,1,0.0004474
271,race,<code>race</code>,1,0.0004474
271,recenne,<code>recenne</code>,1,0.0004474
271,reliqua,<code>reliqua</code>,1,0.0004474
271,reoflige,<code>reoflige</code>,1,0.0004474
271,resurrectio,<code>resurrectio</code>,1,0.0004474
271,rihtlice,<code>rihtlice</code>,1,0.0004474
271,rixode,<code>rixode</code>,1,0.0004474
271,s&aelig;don,<code>s&amp;ae;don</code>,1,0.0004474
271,s&aelig;ton,<code>s&amp;ae;ton</code>,1,0.0004474
271,samod,<code>samod</code>,1,0.0004474
271,sancti,<code>sancti</code>,1,0.0004474
271,sande,<code>sande</code>,1,0.0004474
271,sawle,<code>sawle</code>,1,0.0004474
271,sawul,<code>sawul</code>,1,0.0004474
271,sceolon,<code>sceolon</code>,1,0.0004474
271,sceop,<code>sceop</code>,1,0.0004474
271,scyldum,<code>scyldum</code>,1,0.0004474
271,scyppende,<code>scyppende</code>,1,0.0004474
271,secgan,<code>secgan</code>,1,0.0004474
271,sedentem,<code>sedentem</code>,1,0.0004474
271,sege,<code>sege</code>,1,0.0004474
271,silhearwena,<code>silhearwena</code>,1,0.0004474
271,sind,<code>sind</code>,1,0.0004474
271,slege,<code>slege</code>,1,0.0004474
271,so&eth;an,<code>so&amp;d;an</code>,1,0.0004474
271,so&eth;re,<code>so&amp;d;re</code>,1,0.0004474
271,so&eth;um,<code>so&amp;d;um</code>,1,0.0004474
271,sona,<code>sona</code>,1,0.0004474
271,stande,<code>stande</code>,1,0.0004474
271,stemne,<code>stemne</code>,1,0.0004474
271,stod,<code>stod</code>,1,0.0004474
271,stodon,<code>stodon</code>,1,0.0004474
271,store,<code>store</code>,1,0.0004474
271,strangum,<code>strangum</code>,1,0.0004474
271,stypel,<code>stypel</code>,1,0.0004474
271,sumere,<code>sumere</code>,1,0.0004474
271,suna,<code>suna</code>,1,0.0004474
271,swi&eth;or,<code>swi&amp;d;or</code>,1,0.0004474
271,swurde,<code>swurde</code>,1,0.0004474
271,swurdes,<code>swurdes</code>,1,0.0004474
271,swuster,<code>swuster</code>,1,0.0004474
271,sy&eth;&eth;an,<code>sy&amp;d;&amp;d;an</code>,1,0.0004474
271,sylfne,<code>sylfne</code>,1,0.0004474
271,sylfum,<code>sylfum</code>,1,0.0004474
271,synderlic,<code>synderlic</code>,1,0.0004474
271,synfull,<code>synfull</code>,1,0.0004474
271,synfulle,<code>synfulle</code>,1,0.0004474
271,synscipe,<code>synscipe</code>,1,0.0004474
271,t&aelig;hte,<code>t&amp;ae;hte</code>,1,0.0004474
271,talia&eth;,<code>talia&amp;d;</code>,1,0.0004474
271,taperum,<code>taperum</code>,1,0.0004474
271,tealdon,<code>tealdon</code>,1,0.0004474
271,templ,<code>templ</code>,1,0.0004474
271,temple,<code>temple</code>,1,0.0004474
271,thelonio,<code>thelonio</code>,1,0.0004474
271,tihtinge,<code>tihtinge</code>,1,0.0004474
271,togenes,<code>togenes</code>,1,0.0004474
271,tollere,<code>tollere</code>,1,0.0004474
271,tollscire,<code>tollscire</code>,1,0.0004474
271,tollsetle,<code>tollsetle</code>,1,0.0004474
271,towearp,<code>towearp</code>,1,0.0004474
271,transiret,<code>transiret</code>,1,0.0004474
271,truwa&eth;,<code>truwa&amp;d;</code>,1,0.0004474
271,truwigende,<code>truwigende</code>,1,0.0004474
271,twam,<code>twam</code>,1,0.0004474
271,twentig,<code>twentig</code>,1,0.0004474
271,twyfealdum,<code>twyfealdum</code>,1,0.0004474
271,ueor,<code>ueor</code>,1,0.0004474
271,ufan,<code>ufan</code>,1,0.0004474
271,uidit,<code>uidit</code>,1,0.0004474
271,underfeh&eth;,<code>underfeh&amp;d;</code>,1,0.0004474
271,underfeng,<code>underfeng</code>,1,0.0004474
271,underfenge,<code>underfenge</code>,1,0.0004474
271,unforburnen,<code>unforburnen</code>,1,0.0004474
271,unforht,<code>unforht</code>,1,0.0004474
271,ungesewenlicere,<code>ungesewenlicere</code>,1,0.0004474
271,unhal,<code>unhal</code>,1,0.0004474
271,untruman,<code>untruman</code>,1,0.0004474
271,untrume,<code>untrume</code>,1,0.0004474
271,upstige,<code>upstige</code>,1,0.0004474
271,ure,<code>ure</code>,1,0.0004474
271,urum,<code>urum</code>,1,0.0004474
271,w&aelig;lhreawnysse,<code>w&amp;ae;lhreawnysse</code>,1,0.0004474
271,wast,<code>wast</code>,1,0.0004474
271,wege,<code>wege</code>,1,0.0004474
271,wen&eth;,<code>wen&amp;d;</code>,1,0.0004474
271,weofode,<code>weofode</code>,1,0.0004474
271,weorce,<code>weorce</code>,1,0.0004474
271,weorcum,<code>weorcum</code>,1,0.0004474
271,wi&eth;,<code>wi&amp;d;</code>,1,0.0004474
271,wi&eth;innan,<code>wi&amp;d;innan</code>,1,0.0004474
271,wi&eth;utan,<code>wi&amp;d;utan</code>,1,0.0004474
271,wif,<code>wif</code>,1,0.0004474
271,wife,<code>wife</code>,1,0.0004474
271,willa&eth;,<code>willa&amp;d;</code>,1,0.0004474
271,wind,<code>wind</code>,1,0.0004474
271,wisdomes,<code>wisdomes</code>,1,0.0004474
271,witodlice,<code>witodlice</code>,1,0.0004474
271,wode,<code>wode</code>,1,0.0004474
271,word,<code>word</code>,1,0.0004474
271,worde,<code>worde</code>,1,0.0004474
271,wordum,<code>wordum</code>,1,0.0004474
271,worhte,<code>worhte</code>,1,0.0004474
271,worulde,<code>worulde</code>,1,0.0004474
271,woruldlicra,<code>woruldlicra</code>,1,0.0004474
271,wulderbeage,<code>wulderbeage</code>,1,0.0004474
271,wuldor,<code>wuldor</code>,1,0.0004474
271,wuldrodon,<code>wuldrodon</code>,1,0.0004474
271,wundra,<code>wundra</code>,1,0.0004474
271,wunige,<code>wunige</code>,1,0.0004474
271,wur&eth;e,<code>wur&amp;d;e</code>,1,0.0004474
271,wur&eth;mynte,<code>wur&amp;d;mynte</code>,1,0.0004474
271,wurde,<code>wurde</code>,1,0.0004474
271,wurdon,<code>wurdon</code>,1,0.0004474
271,wydewan,<code>wydewan</code>,1,0.0004474
271,wyr&eth;e,<code>wyr&amp;d;e</code>,1,0.0004474
271,wyrhtena,<code>wyrhtena</code>,1,0.0004474
271,xi,<code>xi</code>,1,0.0004474
271,ylca,<code>ylca</code>,1,0.0004474
