B_Prose,B01,B01.001.002_AECHom_I__1_T02050.txt,1088,702,3494
RANK,HTML WORD,RAW WORD,COUNT,RELATIVE FREQUENCY
1,&amp;,<code>&amp;amp;</code>,264,0.0755581
2,he,<code>he</code>,129,0.0369204
3,&thorn;a,<code>&amp;t;a</code>,87,0.0248998
4,&thorn;&aelig;t,<code>&amp;t;&amp;ae;t</code>,66,0.0188895
5,hi,<code>hi</code>,65,0.0186033
6,to,<code>to</code>,62,0.0177447
7,on,<code>on</code>,58,0.0165999
8,his,<code>his</code>,50,0.0143102
8,mid,<code>mid</code>,50,0.0143102
8,of,<code>of</code>,50,0.0143102
11,&eth;a,<code>&amp;d;a</code>,49,0.0140240
11,god,<code>god</code>,49,0.0140240
13,&thorn;e,<code>&amp;t;e</code>,44,0.0125930
14,him,<code>him</code>,43,0.0123068
15,swa,<code>swa</code>,39,0.0111620
16,ne,<code>ne</code>,36,0.0103034
17,ealle,<code>ealle</code>,35,0.0100172
18,se,<code>se</code>,32,0.0091586
18,w&aelig;s,<code>w&amp;ae;s</code>,32,0.0091586
20,is,<code>is</code>,30,0.0085861
21,&eth;e,<code>&amp;d;e</code>,25,0.0071551
22,ac,<code>ac</code>,23,0.0065827
23,for,<code>for</code>,22,0.0062965
24,&thorn;am,<code>&amp;t;am</code>,21,0.0060103
24,cw&aelig;&eth;,<code>cw&amp;ae;&amp;d;</code>,21,0.0060103
26,&eth;am,<code>&amp;d;am</code>,19,0.0054379
27,w&aelig;ron,<code>w&amp;ae;ron</code>,17,0.0048655
28,adam,<code>adam</code>,16,0.0045793
28,buton,<code>buton</code>,16,0.0045793
28,heora,<code>heora</code>,16,0.0045793
31,&thorn;onne,<code>&amp;t;onne</code>,14,0.0040069
31,eft,<code>eft</code>,14,0.0040069
31,man,<code>man</code>,14,0.0040069
34,wear&eth;,<code>wear&amp;d;</code>,13,0.0037207
35,&thorn;one,<code>&amp;t;one</code>,12,0.0034345
35,&thorn;urh,<code>&amp;t;urh</code>,12,0.0034345
35,ic,<code>ic</code>,12,0.0034345
38,com,<code>com</code>,11,0.0031483
38,gesceop,<code>gesceop</code>,11,0.0031483
38,gode,<code>gode</code>,11,0.0031483
38,hine,<code>hine</code>,11,0.0031483
42,&eth;an,<code>&amp;d;an</code>,10,0.0028620
42,&eth;u,<code>&amp;d;u</code>,10,0.0028620
42,&thorn;u,<code>&amp;t;u</code>,10,0.0028620
42,eor&eth;an,<code>eor&amp;d;an</code>,10,0.0028620
42,ge,<code>ge</code>,10,0.0028620
42,geworhte,<code>geworhte</code>,10,0.0028620
42,godes,<code>godes</code>,10,0.0028620
49,an,<code>an</code>,9,0.0025758
49,beo&eth;,<code>beo&amp;d;</code>,9,0.0025758
49,beon,<code>beon</code>,9,0.0025758
49,gesceafta,<code>gesceafta</code>,9,0.0025758
49,gif,<code>gif</code>,9,0.0025758
49,heo,<code>heo</code>,9,0.0025758
49,mihte,<code>mihte</code>,9,0.0025758
49,we,<code>we</code>,9,0.0025758
49,wolde,<code>wolde</code>,9,0.0025758
58,&aelig;fre,<code>&amp;ae;fre</code>,8,0.0022896
58,eal,<code>eal</code>,8,0.0022896
58,f&aelig;der,<code>f&amp;ae;der</code>,8,0.0022896
58,hit,<code>hit</code>,8,0.0022896
58,hu,<code>hu</code>,8,0.0022896
58,n&aelig;fre,<code>n&amp;ae;fre</code>,8,0.0022896
58,sume,<code>sume</code>,8,0.0022896
65,&aelig;r,<code>&amp;ae;r</code>,7,0.0020034
65,dea&eth;e,<code>dea&amp;d;e</code>,7,0.0020034
65,ealra,<code>ealra</code>,7,0.0020034
65,geara,<code>geara</code>,7,0.0020034
65,hire,<code>hire</code>,7,0.0020034
65,lichaman,<code>lichaman</code>,7,0.0020034
65,mancyn,<code>mancyn</code>,7,0.0020034
65,men,<code>men</code>,7,0.0020034
65,na,<code>na</code>,7,0.0020034
65,nu,<code>nu</code>,7,0.0020034
65,sealde,<code>sealde</code>,7,0.0020034
65,swi&eth;e,<code>swi&amp;d;e</code>,7,0.0020034
77,&thorn;&aelig;re,<code>&amp;t;&amp;ae;re</code>,6,0.0017172
77,acenned,<code>acenned</code>,6,0.0017172
77,gehaten,<code>gehaten</code>,6,0.0017172
77,hund,<code>hund</code>,6,0.0017172
77,life,<code>life</code>,6,0.0017172
77,mannum,<code>mannum</code>,6,0.0017172
77,mihton,<code>mihton</code>,6,0.0017172
77,nan,<code>nan</code>,6,0.0017172
77,rice,<code>rice</code>,6,0.0017172
77,saule,<code>saule</code>,6,0.0017172
77,sceolde,<code>sceolde</code>,6,0.0017172
77,sunu,<code>sunu</code>,6,0.0017172
77,treowes,<code>treowes</code>,6,0.0017172
77,w&aelig;re,<code>w&amp;ae;re</code>,6,0.0017172
91,&aelig;nne,<code>&amp;ae;nne</code>,5,0.0014310
91,&eth;&aelig;s,<code>&amp;d;&amp;ae;s</code>,5,0.0014310
91,&thorn;&aelig;s,<code>&amp;t;&amp;ae;s</code>,5,0.0014310
91,&thorn;reo,<code>&amp;t;reo</code>,5,0.0014310
91,bebod,<code>bebod</code>,5,0.0014310
91,deofle,<code>deofle</code>,5,0.0014310
91,deofles,<code>deofles</code>,5,0.0014310
91,gesceapene,<code>gesceapene</code>,5,0.0014310
91,hw&aelig;t,<code>hw&amp;ae;t</code>,5,0.0014310
91,hwile,<code>hwile</code>,5,0.0014310
91,leofode,<code>leofode</code>,5,0.0014310
91,m&aelig;g,<code>m&amp;ae;g</code>,5,0.0014310
91,middaneard,<code>middaneard</code>,5,0.0014310
91,naman,<code>naman</code>,5,0.0014310
91,nanum,<code>nanum</code>,5,0.0014310
91,neorxnawange,<code>neorxnawange</code>,5,0.0014310
91,nytenu,<code>nytenu</code>,5,0.0014310
91,ure,<code>ure</code>,5,0.0014310
91,w&aelig;stm,<code>w&amp;ae;stm</code>,5,0.0014310
91,werod,<code>werod</code>,5,0.0014310
91,willan,<code>willan</code>,5,0.0014310
91,worhte,<code>worhte</code>,5,0.0014310
113,&eth;&aelig;r,<code>&amp;d;&amp;ae;r</code>,4,0.0011448
113,&eth;&aelig;re,<code>&amp;d;&amp;ae;re</code>,4,0.0011448
113,&eth;on,<code>&amp;d;on</code>,4,0.0011448
113,&thorn;&aelig;ra,<code>&amp;t;&amp;ae;ra</code>,4,0.0011448
113,&thorn;eah,<code>&amp;t;eah</code>,4,0.0011448
113,agenne,<code>agenne</code>,4,0.0011448
113,anum,<code>anum</code>,4,0.0011448
113,awende,<code>awende</code>,4,0.0011448
113,beo,<code>beo</code>,4,0.0011448
113,cw&aelig;don,<code>cw&amp;ae;don</code>,4,0.0011448
113,cyre,<code>cyre</code>,4,0.0011448
113,d&aelig;ge,<code>d&amp;ae;ge</code>,4,0.0011448
113,deofol,<code>deofol</code>,4,0.0011448
113,deoful,<code>deoful</code>,4,0.0011448
113,eallum,<code>eallum</code>,4,0.0011448
113,ealne,<code>ealne</code>,4,0.0011448
113,eart,<code>eart</code>,4,0.0011448
113,ece,<code>ece</code>,4,0.0011448
113,engla,<code>engla</code>,4,0.0011448
113,fordon,<code>fordon</code>,4,0.0011448
113,forwyrhte,<code>forwyrhte</code>,4,0.0011448
113,fram,<code>fram</code>,4,0.0011448
113,gehyrsum,<code>gehyrsum</code>,4,0.0011448
113,geleafan,<code>geleafan</code>,4,0.0011448
113,geond,<code>geond</code>,4,0.0011448
113,gesceapen,<code>gesceapen</code>,4,0.0011448
113,h&aelig;fde,<code>h&amp;ae;fde</code>,4,0.0011448
113,habban,<code>habban</code>,4,0.0011448
113,heofonan,<code>heofonan</code>,4,0.0011448
113,heofonas,<code>heofonas</code>,4,0.0011448
113,heofonum,<code>heofonum</code>,4,0.0011448
113,into,<code>into</code>,4,0.0011448
113,lare,<code>lare</code>,4,0.0011448
113,let,<code>let</code>,4,0.0011448
113,lif,<code>lif</code>,4,0.0011448
113,magon,<code>magon</code>,4,0.0011448
113,min,<code>min</code>,4,0.0011448
113,moder,<code>moder</code>,4,0.0011448
113,nane,<code>nane</code>,4,0.0011448
113,nis,<code>nis</code>,4,0.0011448
113,ofer,<code>ofer</code>,4,0.0011448
113,r&aelig;d,<code>r&amp;ae;d</code>,4,0.0011448
113,scyppend,<code>scyppend</code>,4,0.0011448
113,seo,<code>seo</code>,4,0.0011448
113,sindon,<code>sindon</code>,4,0.0011448
113,smeade,<code>smeade</code>,4,0.0011448
113,suna,<code>suna</code>,4,0.0011448
113,sy&eth;&eth;an,<code>sy&amp;d;&amp;d;an</code>,4,0.0011448
113,synnum,<code>synnum</code>,4,0.0011448
113,us,<code>us</code>,4,0.0011448
113,w&aelig;tere,<code>w&amp;ae;tere</code>,4,0.0011448
113,wif,<code>wif</code>,4,0.0011448
113,yfel,<code>yfel</code>,4,0.0011448
166,&aelig;fter,<code>&amp;ae;fter</code>,3,0.0008586
166,&aelig;g&eth;er,<code>&amp;ae;g&amp;d;er</code>,3,0.0008586
166,&aelig;lcum,<code>&amp;ae;lcum</code>,3,0.0008586
166,&eth;i,<code>&amp;d;i</code>,3,0.0008586
166,&thorn;isre,<code>&amp;t;isre</code>,3,0.0008586
166,ableow,<code>ableow</code>,3,0.0008586
166,adames,<code>adames</code>,3,0.0008586
166,asprang,<code>asprang</code>,3,0.0008586
166,crist,<code>crist</code>,3,0.0008586
166,cristes,<code>cristes</code>,3,0.0008586
166,deade,<code>deade</code>,3,0.0008586
166,eall,<code>eall</code>,3,0.0008586
166,ende,<code>ende</code>,3,0.0008586
166,engel,<code>engel</code>,3,0.0008586
166,englas,<code>englas</code>,3,0.0008586
166,eow,<code>eow</code>,3,0.0008586
166,f&aelig;&eth;ma,<code>f&amp;ae;&amp;d;ma</code>,3,0.0008586
166,fela,<code>fela</code>,3,0.0008586
166,feowertig,<code>feowertig</code>,3,0.0008586
166,flode,<code>flode</code>,3,0.0008586
166,folc,<code>folc</code>,3,0.0008586
166,forgeaf,<code>forgeaf</code>,3,0.0008586
166,fotum,<code>fotum</code>,3,0.0008586
166,geendode,<code>geendode</code>,3,0.0008586
166,geweor&eth;e,<code>geweor&amp;d;e</code>,3,0.0008586
166,geworht,<code>geworht</code>,3,0.0008586
166,gewyrcan,<code>gewyrcan</code>,3,0.0008586
166,godas,<code>godas</code>,3,0.0008586
166,helle,<code>helle</code>,3,0.0008586
166,hellewite,<code>hellewite</code>,3,0.0008586
166,hwi,<code>hwi</code>,3,0.0008586
166,manna,<code>manna</code>,3,0.0008586
166,mannan,<code>mannan</code>,3,0.0008586
166,micelre,<code>micelre</code>,3,0.0008586
166,n&aelig;nne,<code>n&amp;ae;nne</code>,3,0.0008586
166,nigan,<code>nigan</code>,3,0.0008586
166,noe,<code>noe</code>,3,0.0008586
166,nolde,<code>nolde</code>,3,0.0008586
166,o&eth;re,<code>o&amp;d;re</code>,3,0.0008586
166,rices,<code>rices</code>,3,0.0008586
166,s&aelig;,<code>s&amp;ae;</code>,3,0.0008586
166,sawle,<code>sawle</code>,3,0.0008586
166,scyppende,<code>scyppende</code>,3,0.0008586
166,sint,<code>sint</code>,3,0.0008586
166,treowe,<code>treowe</code>,3,0.0008586
166,weorc,<code>weorc</code>,3,0.0008586
166,wi&eth;,<code>wi&amp;d;</code>,3,0.0008586
166,wille,<code>wille</code>,3,0.0008586
166,wolcnum,<code>wolcnum</code>,3,0.0008586
166,wordum,<code>wordum</code>,3,0.0008586
166,wundra,<code>wundra</code>,3,0.0008586
166,ymbe,<code>ymbe</code>,3,0.0008586
218,&aelig;lc,<code>&amp;ae;lc</code>,2,0.0005724
218,&aelig;lcere,<code>&amp;ae;lcere</code>,2,0.0005724
218,&aelig;lmihtig,<code>&amp;ae;lmihtig</code>,2,0.0005724
218,&aelig;lmihtiga,<code>&amp;ae;lmihtiga</code>,2,0.0005724
218,&aelig;lmihtigum,<code>&amp;ae;lmihtigum</code>,2,0.0005724
218,&aelig;rest,<code>&amp;ae;rest</code>,2,0.0005724
218,&aelig;tforan,<code>&amp;ae;tforan</code>,2,0.0005724
218,&eth;ing,<code>&amp;d;ing</code>,2,0.0005724
218,&eth;one,<code>&amp;d;one</code>,2,0.0005724
218,&eth;y,<code>&amp;d;y</code>,2,0.0005724
218,&thorn;&aelig;m,<code>&amp;t;&amp;ae;m</code>,2,0.0005724
218,&thorn;&aelig;r,<code>&amp;t;&amp;ae;r</code>,2,0.0005724
218,&thorn;in,<code>&amp;t;in</code>,2,0.0005724
218,&thorn;incg,<code>&amp;t;incg</code>,2,0.0005724
218,&thorn;inga,<code>&amp;t;inga</code>,2,0.0005724
218,&thorn;ingum,<code>&amp;t;ingum</code>,2,0.0005724
218,&thorn;inum,<code>&amp;t;inum</code>,2,0.0005724
218,&thorn;isne,<code>&amp;t;isne</code>,2,0.0005724
218,&thorn;issere,<code>&amp;t;issere</code>,2,0.0005724
218,&thorn;isum,<code>&amp;t;isum</code>,2,0.0005724
218,&thorn;ritig,<code>&amp;t;ritig</code>,2,0.0005724
218,&thorn;ritti,<code>&amp;t;ritti</code>,2,0.0005724
218,&thorn;ry,<code>&amp;t;ry</code>,2,0.0005724
218,a,<code>a</code>,2,0.0005724
218,acwellan,<code>acwellan</code>,2,0.0005724
218,adr&aelig;fde,<code>adr&amp;ae;fde</code>,2,0.0005724
218,afedde,<code>afedde</code>,2,0.0005724
218,afeoll,<code>afeoll</code>,2,0.0005724
218,ana,<code>ana</code>,2,0.0005724
218,andan,<code>andan</code>,2,0.0005724
218,anlicnyssum,<code>anlicnyssum</code>,2,0.0005724
218,arc,<code>arc</code>,2,0.0005724
218,arce,<code>arce</code>,2,0.0005724
218,asende,<code>asende</code>,2,0.0005724
218,axode,<code>axode</code>,2,0.0005724
218,bearn,<code>bearn</code>,2,0.0005724
218,beswicen,<code>beswicen</code>,2,0.0005724
218,bet&aelig;hte,<code>bet&amp;ae;hte</code>,2,0.0005724
218,betera,<code>betera</code>,2,0.0005724
218,betux,<code>betux</code>,2,0.0005724
218,betwux,<code>betwux</code>,2,0.0005724
218,bi&eth;,<code>bi&amp;d;</code>,2,0.0005724
218,binnan,<code>binnan</code>,2,0.0005724
218,butu,<code>butu</code>,2,0.0005724
218,comon,<code>comon</code>,2,0.0005724
218,cu&eth;on,<code>cu&amp;d;on</code>,2,0.0005724
218,cyld,<code>cyld</code>,2,0.0005724
218,cynne,<code>cynne</code>,2,0.0005724
218,daga,<code>daga</code>,2,0.0005724
218,deadlic,<code>deadlic</code>,2,0.0005724
218,deadlice,<code>deadlice</code>,2,0.0005724
218,deorcynn,<code>deorcynn</code>,2,0.0005724
218,do&eth;,<code>do&amp;d;</code>,2,0.0005724
218,drium,<code>drium</code>,2,0.0005724
218,duna,<code>duna</code>,2,0.0005724
218,ea&eth;modnysse,<code>ea&amp;d;modnysse</code>,2,0.0005724
218,eac,<code>eac</code>,2,0.0005724
218,ecan,<code>ecan</code>,2,0.0005724
218,ecnysse,<code>ecnysse</code>,2,0.0005724
218,eode,<code>eode</code>,2,0.0005724
218,f&aelig;gernysse,<code>f&amp;ae;gernysse</code>,2,0.0005724
218,faran,<code>faran</code>,2,0.0005724
218,fellum,<code>fellum</code>,2,0.0005724
218,feower,<code>feower</code>,2,0.0005724
218,fixas,<code>fixas</code>,2,0.0005724
218,flod,<code>flod</code>,2,0.0005724
218,folce,<code>folce</code>,2,0.0005724
218,forbead,<code>forbead</code>,2,0.0005724
218,forgang,<code>forgang</code>,2,0.0005724
218,forluron,<code>forluron</code>,2,0.0005724
218,fugelas,<code>fugelas</code>,2,0.0005724
218,fulfremedlice,<code>fulfremedlice</code>,2,0.0005724
218,gast,<code>gast</code>,2,0.0005724
218,ge&aelig;t,<code>ge&amp;ae;t</code>,2,0.0005724
218,geceas,<code>geceas</code>,2,0.0005724
218,geearnian,<code>geearnian</code>,2,0.0005724
218,geenda&eth;,<code>geenda&amp;d;</code>,2,0.0005724
218,geferan,<code>geferan</code>,2,0.0005724
218,gehyrsumnysse,<code>gehyrsumnysse</code>,2,0.0005724
218,gel&aelig;dde,<code>gel&amp;ae;dde</code>,2,0.0005724
218,gelic,<code>gelic</code>,2,0.0005724
218,gelice,<code>gelice</code>,2,0.0005724
218,geliff&aelig;ste,<code>geliff&amp;ae;ste</code>,2,0.0005724
218,gemacan,<code>gemacan</code>,2,0.0005724
218,genam,<code>genam</code>,2,0.0005724
218,genoh,<code>genoh</code>,2,0.0005724
218,genumen,<code>genumen</code>,2,0.0005724
218,geopenode,<code>geopenode</code>,2,0.0005724
218,gereord,<code>gereord</code>,2,0.0005724
218,ges&aelig;l&thorn;e,<code>ges&amp;ae;l&amp;t;e</code>,2,0.0005724
218,gesceaft,<code>gesceaft</code>,2,0.0005724
218,gesih&eth;e,<code>gesih&amp;d;e</code>,2,0.0005724
218,gewende,<code>gewende</code>,2,0.0005724
218,godum,<code>godum</code>,2,0.0005724
218,gylt,<code>gylt</code>,2,0.0005724
218,handa,<code>handa</code>,2,0.0005724
218,handum,<code>handum</code>,2,0.0005724
218,hatte,<code>hatte</code>,2,0.0005724
218,heofen,<code>heofen</code>,2,0.0005724
218,heofenan,<code>heofenan</code>,2,0.0005724
218,heortan,<code>heortan</code>,2,0.0005724
218,het,<code>het</code>,2,0.0005724
218,hiwe,<code>hiwe</code>,2,0.0005724
218,hlaford,<code>hlaford</code>,2,0.0005724
218,hwanon,<code>hwanon</code>,2,0.0005724
218,hyra,<code>hyra</code>,2,0.0005724
218,hyre,<code>hyre</code>,2,0.0005724
218,ilcan,<code>ilcan</code>,2,0.0005724
218,in,<code>in</code>,2,0.0005724
218,inno&eth;e,<code>inno&amp;d;e</code>,2,0.0005724
218,l&aelig;t,<code>l&amp;ae;t</code>,2,0.0005724
218,leoht,<code>leoht</code>,2,0.0005724
218,leorninccnihtas,<code>leorninccnihtas</code>,2,0.0005724
218,m&aelig;dene,<code>m&amp;ae;dene</code>,2,0.0005724
218,m&aelig;g&eth;,<code>m&amp;ae;g&amp;d;</code>,2,0.0005724
218,mancynn,<code>mancynn</code>,2,0.0005724
218,mannes,<code>mannes</code>,2,0.0005724
218,maria,<code>maria</code>,2,0.0005724
218,me,<code>me</code>,2,0.0005724
218,meder,<code>meder</code>,2,0.0005724
218,mennisc,<code>mennisc</code>,2,0.0005724
218,micelne,<code>micelne</code>,2,0.0005724
218,miclan,<code>miclan</code>,2,0.0005724
218,miclum,<code>miclum</code>,2,0.0005724
218,minum,<code>minum</code>,2,0.0005724
218,n&aelig;s,<code>n&amp;ae;s</code>,2,0.0005724
218,nam,<code>nam</code>,2,0.0005724
218,nigon,<code>nigon</code>,2,0.0005724
218,o&eth;er,<code>o&amp;d;er</code>,2,0.0005724
218,ongean,<code>ongean</code>,2,0.0005724
218,onmiddan,<code>onmiddan</code>,2,0.0005724
218,ordfruma,<code>ordfruma</code>,2,0.0005724
218,r&aelig;de,<code>r&amp;ae;de</code>,2,0.0005724
218,rihtwis,<code>rihtwis</code>,2,0.0005724
218,scealt,<code>scealt</code>,2,0.0005724
218,sceoldon,<code>sceoldon</code>,2,0.0005724
218,sem,<code>sem</code>,2,0.0005724
218,seofo&eth;an,<code>seofo&amp;d;an</code>,2,0.0005724
218,sette,<code>sette</code>,2,0.0005724
218,si&eth;&eth;an,<code>si&amp;d;&amp;d;an</code>,2,0.0005724
218,spr&aelig;ce,<code>spr&amp;ae;ce</code>,2,0.0005724
218,stent,<code>stent</code>,2,0.0005724
218,sweltan,<code>sweltan</code>,2,0.0005724
218,swilce,<code>swilce</code>,2,0.0005724
218,syndon,<code>syndon</code>,2,0.0005724
218,synne,<code>synne</code>,2,0.0005724
218,synt,<code>synt</code>,2,0.0005724
218,t&aelig;hte,<code>t&amp;ae;hte</code>,2,0.0005724
218,tocnawan,<code>tocnawan</code>,2,0.0005724
218,twam,<code>twam</code>,2,0.0005724
218,tyman,<code>tyman</code>,2,0.0005724
218,undeadlicnysse,<code>undeadlicnysse</code>,2,0.0005724
218,understandan,<code>understandan</code>,2,0.0005724
218,ungehyrsum,<code>ungehyrsum</code>,2,0.0005724
218,up,<code>up</code>,2,0.0005724
218,upahefednysse,<code>upahefednysse</code>,2,0.0005724
218,urne,<code>urne</code>,2,0.0005724
218,uton,<code>uton</code>,2,0.0005724
218,weorce,<code>weorce</code>,2,0.0005724
218,weorcum,<code>weorcum</code>,2,0.0005724
218,weox,<code>weox</code>,2,0.0005724
218,were,<code>were</code>,2,0.0005724
218,wisdom,<code>wisdom</code>,2,0.0005724
218,wisdome,<code>wisdome</code>,2,0.0005724
218,woldon,<code>woldon</code>,2,0.0005724
218,worhton,<code>worhton</code>,2,0.0005724
218,worulde,<code>worulde</code>,2,0.0005724
218,wununge,<code>wununge</code>,2,0.0005724
218,ylca,<code>ylca</code>,2,0.0005724
387,&aelig;,<code>&amp;ae;</code>,1,0.0002862
387,&aelig;lce,<code>&amp;ae;lce</code>,1,0.0002862
387,&aelig;lces,<code>&amp;ae;lces</code>,1,0.0002862
387,&aelig;nig,<code>&amp;ae;nig</code>,1,0.0002862
387,&aelig;rendracan,<code>&amp;ae;rendracan</code>,1,0.0002862
387,&aelig;ristes,<code>&amp;ae;ristes</code>,1,0.0002862
387,&aelig;t,<code>&amp;ae;t</code>,1,0.0002862
387,&aelig;tywed,<code>&amp;ae;tywed</code>,1,0.0002862
387,&eth;&aelig;rrihte,<code>&amp;d;&amp;ae;rrihte</code>,1,0.0002862
387,&eth;&aelig;t,<code>&amp;d;&amp;ae;t</code>,1,0.0002862
387,&eth;eahhw&aelig;&eth;ere,<code>&amp;d;eahhw&amp;ae;&amp;d;ere</code>,1,0.0002862
387,&eth;ines,<code>&amp;d;ines</code>,1,0.0002862
387,&eth;ingum,<code>&amp;d;ingum</code>,1,0.0002862
387,&eth;is,<code>&amp;d;is</code>,1,0.0002862
387,&eth;isum,<code>&amp;d;isum</code>,1,0.0002862
387,&eth;ornas,<code>&amp;d;ornas</code>,1,0.0002862
387,&eth;rowode,<code>&amp;d;rowode</code>,1,0.0002862
387,&#275;nde,<code>&amp;e;nde</code>,1,0.0002862
387,&thorn;&aelig;ne,<code>&amp;t;&amp;ae;ne</code>,1,0.0002862
387,&thorn;&aelig;ron,<code>&amp;t;&amp;ae;ron</code>,1,0.0002862
387,&thorn;&aelig;rrihte,<code>&amp;t;&amp;ae;rrihte</code>,1,0.0002862
387,&thorn;&aelig;rto,<code>&amp;t;&amp;ae;rto</code>,1,0.0002862
387,&thorn;&aelig;rtogenes,<code>&amp;t;&amp;ae;rtogenes</code>,1,0.0002862
387,&thorn;an,<code>&amp;t;an</code>,1,0.0002862
387,&thorn;as,<code>&amp;t;as</code>,1,0.0002862
387,&thorn;eahhw&aelig;&eth;ere,<code>&amp;t;eahhw&amp;ae;&amp;d;ere</code>,1,0.0002862
387,&thorn;egena,<code>&amp;t;egena</code>,1,0.0002862
387,&thorn;enc&eth;,<code>&amp;t;enc&amp;d;</code>,1,0.0002862
387,&thorn;eos,<code>&amp;t;eos</code>,1,0.0002862
387,&thorn;eowa,<code>&amp;t;eowa</code>,1,0.0002862
387,&thorn;es,<code>&amp;t;es</code>,1,0.0002862
387,&thorn;inc,<code>&amp;t;inc</code>,1,0.0002862
387,&thorn;incge,<code>&amp;t;incge</code>,1,0.0002862
387,&thorn;ine,<code>&amp;t;ine</code>,1,0.0002862
387,&thorn;ing,<code>&amp;t;ing</code>,1,0.0002862
387,&thorn;inges,<code>&amp;t;inges</code>,1,0.0002862
387,&thorn;is,<code>&amp;t;is</code>,1,0.0002862
387,&thorn;orfte,<code>&amp;t;orfte</code>,1,0.0002862
387,&thorn;riddan,<code>&amp;t;riddan</code>,1,0.0002862
387,&thorn;riti,<code>&amp;t;riti</code>,1,0.0002862
387,&thorn;rowian,<code>&amp;t;rowian</code>,1,0.0002862
387,&thorn;rowunge,<code>&amp;t;rowunge</code>,1,0.0002862
387,&thorn;rynnes,<code>&amp;t;rynnes</code>,1,0.0002862
387,&thorn;urhwunode,<code>&amp;t;urhwunode</code>,1,0.0002862
387,&thorn;ysne,<code>&amp;t;ysne</code>,1,0.0002862
387,&thorn;ysum,<code>&amp;t;ysum</code>,1,0.0002862
387,abeah,<code>abeah</code>,1,0.0002862
387,abrea&eth;,<code>abrea&amp;d;</code>,1,0.0002862
387,acende,<code>acende</code>,1,0.0002862
387,acom,<code>acom</code>,1,0.0002862
387,acwealdan,<code>acwealdan</code>,1,0.0002862
387,acynned,<code>acynned</code>,1,0.0002862
387,adrencan,<code>adrencan</code>,1,0.0002862
387,adrengt,<code>adrengt</code>,1,0.0002862
387,aeua,<code>aeua</code>,1,0.0002862
387,agenes,<code>agenes</code>,1,0.0002862
387,agenum,<code>agenum</code>,1,0.0002862
387,alysan,<code>alysan</code>,1,0.0002862
387,alysednesse,<code>alysednesse</code>,1,0.0002862
387,alysednysse,<code>alysednysse</code>,1,0.0002862
387,amen,<code>amen</code>,1,0.0002862
387,anam,<code>anam</code>,1,0.0002862
387,ane,<code>ane</code>,1,0.0002862
387,anes,<code>anes</code>,1,0.0002862
387,angin,<code>angin</code>,1,0.0002862
387,anglice,<code>anglice</code>,1,0.0002862
387,anlicnyssa,<code>anlicnyssa</code>,1,0.0002862
387,anlicnysse,<code>anlicnysse</code>,1,0.0002862
387,anno,<code>anno</code>,1,0.0002862
387,anre,<code>anre</code>,1,0.0002862
387,anstandende,<code>anstandende</code>,1,0.0002862
387,antimbre,<code>antimbre</code>,1,0.0002862
387,anweald,<code>anweald</code>,1,0.0002862
387,anwealde,<code>anwealde</code>,1,0.0002862
387,apostolas,<code>apostolas</code>,1,0.0002862
387,apostolum,<code>apostolum</code>,1,0.0002862
387,ar&aelig;r&eth;,<code>ar&amp;ae;r&amp;d;</code>,1,0.0002862
387,ar&aelig;rde,<code>ar&amp;ae;rde</code>,1,0.0002862
387,aras,<code>aras</code>,1,0.0002862
387,arfaxa&eth;,<code>arfaxa&amp;d;</code>,1,0.0002862
387,arisa&eth;,<code>arisa&amp;d;</code>,1,0.0002862
387,arisan,<code>arisan</code>,1,0.0002862
387,arwyr&eth;lice,<code>arwyr&amp;d;lice</code>,1,0.0002862
387,arwyr&eth;nysse,<code>arwyr&amp;d;nysse</code>,1,0.0002862
387,asettum,<code>asettum</code>,1,0.0002862
387,astah,<code>astah</code>,1,0.0002862
387,astige,<code>astige</code>,1,0.0002862
387,atelic,<code>atelic</code>,1,0.0002862
387,awend,<code>awend</code>,1,0.0002862
387,awenst,<code>awenst</code>,1,0.0002862
387,awentst,<code>awentst</code>,1,0.0002862
387,awyh&eth;,<code>awyh&amp;d;</code>,1,0.0002862
387,awyriged,<code>awyriged</code>,1,0.0002862
387,b&aelig;r,<code>b&amp;ae;r</code>,1,0.0002862
387,ban,<code>ban</code>,1,0.0002862
387,banum,<code>banum</code>,1,0.0002862
387,bebead,<code>bebead</code>,1,0.0002862
387,beboda,<code>beboda</code>,1,0.0002862
387,bebyrgdon,<code>bebyrgdon</code>,1,0.0002862
387,becom,<code>becom</code>,1,0.0002862
387,befeallan,<code>befeallan</code>,1,0.0002862
387,began,<code>began</code>,1,0.0002862
387,begunnon,<code>begunnon</code>,1,0.0002862
387,behate,<code>behate</code>,1,0.0002862
387,behaten,<code>behaten</code>,1,0.0002862
387,beheold,<code>beheold</code>,1,0.0002862
387,behet,<code>behet</code>,1,0.0002862
387,beira,<code>beira</code>,1,0.0002862
387,bel&aelig;wen,<code>bel&amp;ae;wen</code>,1,0.0002862
387,beleac,<code>beleac</code>,1,0.0002862
387,belic&eth;,<code>belic&amp;d;</code>,1,0.0002862
387,besceawa&eth;,<code>besceawa&amp;d;</code>,1,0.0002862
387,besencte,<code>besencte</code>,1,0.0002862
387,besetta&eth;,<code>besetta&amp;d;</code>,1,0.0002862
387,beswican,<code>beswican</code>,1,0.0002862
387,beswicone,<code>beswicone</code>,1,0.0002862
387,bet&aelig;c&eth;,<code>bet&amp;ae;c&amp;d;</code>,1,0.0002862
387,bet&aelig;ht,<code>bet&amp;ae;ht</code>,1,0.0002862
387,bet&aelig;hton,<code>bet&amp;ae;hton</code>,1,0.0002862
387,bewiste,<code>bewiste</code>,1,0.0002862
387,bilewite,<code>bilewite</code>,1,0.0002862
387,blinde,<code>blinde</code>,1,0.0002862
387,blindum,<code>blindum</code>,1,0.0002862
387,blod,<code>blod</code>,1,0.0002862
387,bodigende,<code>bodigende</code>,1,0.0002862
387,bremblas,<code>bremblas</code>,1,0.0002862
387,brucan,<code>brucan</code>,1,0.0002862
387,bugon,<code>bugon</code>,1,0.0002862
387,burh,<code>burh</code>,1,0.0002862
387,butan,<code>butan</code>,1,0.0002862
387,bynnan,<code>bynnan</code>,1,0.0002862
387,byrgenum,<code>byrgenum</code>,1,0.0002862
387,byrig,<code>byrig</code>,1,0.0002862
387,byst,<code>byst</code>,1,0.0002862
387,catholicorum,<code>catholicorum</code>,1,0.0002862
387,cham,<code>cham</code>,1,0.0002862
387,cherubim,<code>cherubim</code>,1,0.0002862
387,cild,<code>cild</code>,1,0.0002862
387,cildum,<code>cildum</code>,1,0.0002862
387,cl&aelig;nan,<code>cl&amp;ae;nan</code>,1,0.0002862
387,cl&aelig;ne,<code>cl&amp;ae;ne</code>,1,0.0002862
387,cneowum,<code>cneowum</code>,1,0.0002862
387,come,<code>come</code>,1,0.0002862
387,creaturae,<code>creaturae</code>,1,0.0002862
387,cucan,<code>cucan</code>,1,0.0002862
387,cuce,<code>cuce</code>,1,0.0002862
387,cuces,<code>cuces</code>,1,0.0002862
387,cume,<code>cume</code>,1,0.0002862
387,cw&aelig;dan,<code>cw&amp;ae;dan</code>,1,0.0002862
387,cw&aelig;de,<code>cw&amp;ae;de</code>,1,0.0002862
387,cwe&eth;a&eth;,<code>cwe&amp;d;a&amp;d;</code>,1,0.0002862
387,cwyde,<code>cwyde</code>,1,0.0002862
387,cydde,<code>cydde</code>,1,0.0002862
387,cyddon,<code>cyddon</code>,1,0.0002862
387,cylde,<code>cylde</code>,1,0.0002862
387,cym&eth;,<code>cym&amp;d;</code>,1,0.0002862
387,cyning,<code>cyning</code>,1,0.0002862
387,cyninga,<code>cyninga</code>,1,0.0002862
387,d&aelig;g,<code>d&amp;ae;g</code>,1,0.0002862
387,d&aelig;l,<code>d&amp;ae;l</code>,1,0.0002862
387,d&aelig;lan,<code>d&amp;ae;lan</code>,1,0.0002862
387,d&aelig;le,<code>d&amp;ae;le</code>,1,0.0002862
387,dagum,<code>dagum</code>,1,0.0002862
387,de,<code>de</code>,1,0.0002862
387,dea&eth;,<code>dea&amp;d;</code>,1,0.0002862
387,dea&eth;es,<code>dea&amp;d;es</code>,1,0.0002862
387,deadan,<code>deadan</code>,1,0.0002862
387,deafum,<code>deafum</code>,1,0.0002862
387,deofel,<code>deofel</code>,1,0.0002862
387,deofla,<code>deofla</code>,1,0.0002862
387,deoflu,<code>deoflu</code>,1,0.0002862
387,deoflum,<code>deoflum</code>,1,0.0002862
387,deofulgylde,<code>deofulgylde</code>,1,0.0002862
387,deofulseocum,<code>deofulseocum</code>,1,0.0002862
387,deorcynne,<code>deorcynne</code>,1,0.0002862
387,derige,<code>derige</code>,1,0.0002862
387,discipuli,<code>discipuli</code>,1,0.0002862
387,do,<code>do</code>,1,0.0002862
387,dohtru,<code>dohtru</code>,1,0.0002862
387,domesd&aelig;g,<code>domesd&amp;ae;g</code>,1,0.0002862
387,dominationes,<code>dominationes</code>,1,0.0002862
387,don,<code>don</code>,1,0.0002862
387,dryhten,<code>dryhten</code>,1,0.0002862
387,dumbum,<code>dumbum</code>,1,0.0002862
387,dust,<code>dust</code>,1,0.0002862
387,duste,<code>duste</code>,1,0.0002862
387,dyde,<code>dyde</code>,1,0.0002862
387,ea&eth;e,<code>ea&amp;d;e</code>,1,0.0002862
387,ea&eth;elican,<code>ea&amp;d;elican</code>,1,0.0002862
387,ea&eth;elice,<code>ea&amp;d;elice</code>,1,0.0002862
387,eadmodnysse,<code>eadmodnysse</code>,1,0.0002862
387,eagan,<code>eagan</code>,1,0.0002862
387,ealdor,<code>ealdor</code>,1,0.0002862
387,ealles,<code>ealles</code>,1,0.0002862
387,eallunga,<code>eallunga</code>,1,0.0002862
387,ealre,<code>ealre</code>,1,0.0002862
387,ealswa,<code>ealswa</code>,1,0.0002862
387,earfo&eth;nyssum,<code>earfo&amp;d;nyssum</code>,1,0.0002862
387,ecere,<code>ecere</code>,1,0.0002862
387,ecum,<code>ecum</code>,1,0.0002862
387,ege,<code>ege</code>,1,0.0002862
387,engle,<code>engle</code>,1,0.0002862
387,englum,<code>englum</code>,1,0.0002862
387,entas,<code>entas</code>,1,0.0002862
387,eom,<code>eom</code>,1,0.0002862
387,eor&eth;e,<code>eor&amp;d;e</code>,1,0.0002862
387,eor&eth;lica,<code>eor&amp;d;lica</code>,1,0.0002862
387,eor&eth;licum,<code>eor&amp;d;licum</code>,1,0.0002862
387,eowere,<code>eowere</code>,1,0.0002862
387,eua,<code>eua</code>,1,0.0002862
387,euan,<code>euan</code>,1,0.0002862
387,f&aelig;ger,<code>f&amp;ae;ger</code>,1,0.0002862
387,f&aelig;geran,<code>f&amp;ae;geran</code>,1,0.0002862
387,f&aelig;mne,<code>f&amp;ae;mne</code>,1,0.0002862
387,fell,<code>fell</code>,1,0.0002862
387,feoll,<code>feoll</code>,1,0.0002862
387,feollon,<code>feollon</code>,1,0.0002862
387,feowerteogo&eth;an,<code>feowerteogo&amp;d;an</code>,1,0.0002862
387,fifti,<code>fifti</code>,1,0.0002862
387,fiftig,<code>fiftig</code>,1,0.0002862
387,filidon,<code>filidon</code>,1,0.0002862
387,fisce,<code>fisce</code>,1,0.0002862
387,fixum,<code>fixum</code>,1,0.0002862
387,fl&aelig;sc,<code>fl&amp;ae;sc</code>,1,0.0002862
387,fl&aelig;sce,<code>fl&amp;ae;sce</code>,1,0.0002862
387,fliht,<code>fliht</code>,1,0.0002862
387,for&eth;ferde,<code>for&amp;d;ferde</code>,1,0.0002862
387,for&eth;l&aelig;dan,<code>for&amp;d;l&amp;ae;dan</code>,1,0.0002862
387,forbeode,<code>forbeode</code>,1,0.0002862
387,forbuga&eth;,<code>forbuga&amp;d;</code>,1,0.0002862
387,forcu&thorn;ran,<code>forcu&amp;t;ran</code>,1,0.0002862
387,foresceawode,<code>foresceawode</code>,1,0.0002862
387,forgan,<code>forgan</code>,1,0.0002862
387,forgyf&eth;,<code>forgyf&amp;d;</code>,1,0.0002862
387,forl&aelig;rde,<code>forl&amp;ae;rde</code>,1,0.0002862
387,forl&aelig;red,<code>forl&amp;ae;red</code>,1,0.0002862
387,forleton,<code>forleton</code>,1,0.0002862
387,forligere,<code>forligere</code>,1,0.0002862
387,forloren,<code>forloren</code>,1,0.0002862
387,fornean,<code>fornean</code>,1,0.0002862
387,forsawe,<code>forsawe</code>,1,0.0002862
387,forscyldgod,<code>forscyldgod</code>,1,0.0002862
387,forseo&eth;,<code>forseo&amp;d;</code>,1,0.0002862
387,forsewen,<code>forsewen</code>,1,0.0002862
387,forspanen,<code>forspanen</code>,1,0.0002862
387,forwyrnan,<code>forwyrnan</code>,1,0.0002862
387,fostre,<code>fostre</code>,1,0.0002862
387,frigne,<code>frigne</code>,1,0.0002862
387,frofre,<code>frofre</code>,1,0.0002862
387,fugelcynn,<code>fugelcynn</code>,1,0.0002862
387,fugelcynne,<code>fugelcynne</code>,1,0.0002862
387,fugelum,<code>fugelum</code>,1,0.0002862
387,fulluht,<code>fulluht</code>,1,0.0002862
387,fultum,<code>fultum</code>,1,0.0002862
387,fultume,<code>fultume</code>,1,0.0002862
387,fyr,<code>fyr</code>,1,0.0002862
387,fyre,<code>fyre</code>,1,0.0002862
387,fyrste,<code>fyrste</code>,1,0.0002862
387,g&aelig;&eth;,<code>g&amp;ae;&amp;d;</code>,1,0.0002862
387,ga,<code>ga</code>,1,0.0002862
387,ga&eth;,<code>ga&amp;d;</code>,1,0.0002862
387,gang,<code>gang</code>,1,0.0002862
387,gastas,<code>gastas</code>,1,0.0002862
387,ge&aelig;dl&aelig;hte,<code>ge&amp;ae;dl&amp;ae;hte</code>,1,0.0002862
387,ge&eth;ih&eth;,<code>ge&amp;d;ih&amp;d;</code>,1,0.0002862
387,ge&#275;tst,<code>ge&amp;e;tst</code>,1,0.0002862
387,ge&thorn;afode,<code>ge&amp;t;afode</code>,1,0.0002862
387,ge&thorn;ance,<code>ge&amp;t;ance</code>,1,0.0002862
387,ge&thorn;eon,<code>ge&amp;t;eon</code>,1,0.0002862
387,ge&thorn;uht,<code>ge&amp;t;uht</code>,1,0.0002862
387,gearcode,<code>gearcode</code>,1,0.0002862
387,geare,<code>geare</code>,1,0.0002862
387,gebigde,<code>gebigde</code>,1,0.0002862
387,gebiged,<code>gebiged</code>,1,0.0002862
387,gebrohte,<code>gebrohte</code>,1,0.0002862
387,gebugan,<code>gebugan</code>,1,0.0002862
387,gebuge,<code>gebuge</code>,1,0.0002862
387,gebugon,<code>gebugon</code>,1,0.0002862
387,gebundon,<code>gebundon</code>,1,0.0002862
387,geceosan,<code>geceosan</code>,1,0.0002862
387,gecl&aelig;m,<code>gecl&amp;ae;m</code>,1,0.0002862
387,gecw&aelig;mde,<code>gecw&amp;ae;mde</code>,1,0.0002862
387,gecweman,<code>gecweman</code>,1,0.0002862
387,gecweme,<code>gecweme</code>,1,0.0002862
387,gecynde,<code>gecynde</code>,1,0.0002862
387,gedafenlic,<code>gedafenlic</code>,1,0.0002862
387,gedihte,<code>gedihte</code>,1,0.0002862
387,gedon,<code>gedon</code>,1,0.0002862
387,gedwolmen,<code>gedwolmen</code>,1,0.0002862
387,gedwyld,<code>gedwyld</code>,1,0.0002862
387,geearnast,<code>geearnast</code>,1,0.0002862
387,geearnia&eth;,<code>geearnia&amp;d;</code>,1,0.0002862
387,geearnungum,<code>geearnungum</code>,1,0.0002862
387,geendige,<code>geendige</code>,1,0.0002862
387,geendunge,<code>geendunge</code>,1,0.0002862
387,geeta&eth;,<code>geeta&amp;d;</code>,1,0.0002862
387,gef&aelig;stnod,<code>gef&amp;ae;stnod</code>,1,0.0002862
387,gef&aelig;stnode,<code>gef&amp;ae;stnode</code>,1,0.0002862
387,gefrefrode,<code>gefrefrode</code>,1,0.0002862
387,gefullod,<code>gefullod</code>,1,0.0002862
387,gefyllan,<code>gefyllan</code>,1,0.0002862
387,gegaderie,<code>gegaderie</code>,1,0.0002862
387,gegaderod,<code>gegaderod</code>,1,0.0002862
387,gegearcod,<code>gegearcod</code>,1,0.0002862
387,geglenge,<code>geglenge</code>,1,0.0002862
387,gegodod,<code>gegodod</code>,1,0.0002862
387,gegremod,<code>gegremod</code>,1,0.0002862
387,gegremodon,<code>gegremodon</code>,1,0.0002862
387,gegrette,<code>gegrette</code>,1,0.0002862
387,geh&aelig;lde,<code>geh&amp;ae;lde</code>,1,0.0002862
387,gehalgode,<code>gehalgode</code>,1,0.0002862
387,gehatene,<code>gehatene</code>,1,0.0002862
387,gehealdan,<code>gehealdan</code>,1,0.0002862
387,gehealden,<code>gehealden</code>,1,0.0002862
387,gehref,<code>gehref</code>,1,0.0002862
387,gehwette,<code>gehwette</code>,1,0.0002862
387,gehyrsumian,<code>gehyrsumian</code>,1,0.0002862
387,geinnian,<code>geinnian</code>,1,0.0002862
387,gelogode,<code>gelogode</code>,1,0.0002862
387,gelyfa&eth;,<code>gelyfa&amp;d;</code>,1,0.0002862
387,gelyfan,<code>gelyfan</code>,1,0.0002862
387,gelyfde,<code>gelyfde</code>,1,0.0002862
387,gelyfe,<code>gelyfe</code>,1,0.0002862
387,gelyfede,<code>gelyfede</code>,1,0.0002862
387,gemanan,<code>gemanan</code>,1,0.0002862
387,gemiltsian,<code>gemiltsian</code>,1,0.0002862
387,gemyndig,<code>gemyndig</code>,1,0.0002862
387,genamode,<code>genamode</code>,1,0.0002862
387,genamon,<code>genamon</code>,1,0.0002862
387,geneadian,<code>geneadian</code>,1,0.0002862
387,genedd,<code>genedd</code>,1,0.0002862
387,genemnede,<code>genemnede</code>,1,0.0002862
387,genyman,<code>genyman</code>,1,0.0002862
387,gerimod,<code>gerimod</code>,1,0.0002862
387,gescapene,<code>gescapene</code>,1,0.0002862
387,gesceaftum,<code>gesceaftum</code>,1,0.0002862
387,gesceope,<code>gesceope</code>,1,0.0002862
387,gescrydde,<code>gescrydde</code>,1,0.0002862
387,gescyp&eth;,<code>gescyp&amp;d;</code>,1,0.0002862
387,gescyppan,<code>gescyppan</code>,1,0.0002862
387,geseon,<code>geseon</code>,1,0.0002862
387,gesette,<code>gesette</code>,1,0.0002862
387,gesta&eth;elad,<code>gesta&amp;d;elad</code>,1,0.0002862
387,gesta&eth;olf&aelig;ste,<code>gesta&amp;d;olf&amp;ae;ste</code>,1,0.0002862
387,gestilde,<code>gestilde</code>,1,0.0002862
387,gestrendon,<code>gestrendon</code>,1,0.0002862
387,gestrynde,<code>gestrynde</code>,1,0.0002862
387,geswac,<code>geswac</code>,1,0.0002862
387,geswefode,<code>geswefode</code>,1,0.0002862
387,geswicon,<code>geswicon</code>,1,0.0002862
387,geswince,<code>geswince</code>,1,0.0002862
387,geswynce,<code>geswynce</code>,1,0.0002862
387,gesyh&eth;e,<code>gesyh&amp;d;e</code>,1,0.0002862
387,getacnodon,<code>getacnodon</code>,1,0.0002862
387,getimbrunge,<code>getimbrunge</code>,1,0.0002862
387,getimode,<code>getimode</code>,1,0.0002862
387,getincnysse,<code>getincnysse</code>,1,0.0002862
387,getrymde,<code>getrymde</code>,1,0.0002862
387,geunweor&thorn;od,<code>geunweor&amp;t;od</code>,1,0.0002862
387,gewear&eth;,<code>gewear&amp;d;</code>,1,0.0002862
387,geweaxen,<code>geweaxen</code>,1,0.0002862
387,geweaxene,<code>geweaxene</code>,1,0.0002862
387,geworden,<code>geworden</code>,1,0.0002862
387,gewur&eth;a&eth;,<code>gewur&amp;d;a&amp;d;</code>,1,0.0002862
387,gewylde,<code>gewylde</code>,1,0.0002862
387,gewylt,<code>gewylt</code>,1,0.0002862
387,gewyt,<code>gewyt</code>,1,0.0002862
387,golde,<code>golde</code>,1,0.0002862
387,grama,<code>grama</code>,1,0.0002862
387,graman,<code>graman</code>,1,0.0002862
387,gylte,<code>gylte</code>,1,0.0002862
387,gymene,<code>gymene</code>,1,0.0002862
387,gyse,<code>gyse</code>,1,0.0002862
387,gyt,<code>gyt</code>,1,0.0002862
387,h&aelig;f&eth;,<code>h&amp;ae;f&amp;d;</code>,1,0.0002862
387,h&aelig;fdon,<code>h&amp;ae;fdon</code>,1,0.0002862
387,h&aelig;lu,<code>h&amp;ae;lu</code>,1,0.0002862
387,h&aelig;se,<code>h&amp;ae;se</code>,1,0.0002862
387,habba&eth;,<code>habba&amp;d;</code>,1,0.0002862
387,hadas,<code>hadas</code>,1,0.0002862
387,halga,<code>halga</code>,1,0.0002862
387,halige,<code>halige</code>,1,0.0002862
387,hata&eth;,<code>hata&amp;d;</code>,1,0.0002862
387,hatan,<code>hatan</code>,1,0.0002862
387,hate,<code>hate</code>,1,0.0002862
387,heah,<code>heah</code>,1,0.0002862
387,heahenglas,<code>heahenglas</code>,1,0.0002862
387,heahf&aelig;deras,<code>heahf&amp;ae;deras</code>,1,0.0002862
387,heahne,<code>heahne</code>,1,0.0002862
387,healican,<code>healican</code>,1,0.0002862
387,healtum,<code>healtum</code>,1,0.0002862
387,heb&aelig;r,<code>heb&amp;ae;r</code>,1,0.0002862
387,hebr&aelig;isce,<code>hebr&amp;ae;isce</code>,1,0.0002862
387,hellesusle,<code>hellesusle</code>,1,0.0002862
387,heofenlicum,<code>heofenlicum</code>,1,0.0002862
387,heofonlicum,<code>heofonlicum</code>,1,0.0002862
387,heoldon,<code>heoldon</code>,1,0.0002862
387,heonunfor&eth;,<code>heonunfor&amp;d;</code>,1,0.0002862
387,heorcnunge,<code>heorcnunge</code>,1,0.0002862
387,her,<code>her</code>,1,0.0002862
387,hiht,<code>hiht</code>,1,0.0002862
387,hiora,<code>hiora</code>,1,0.0002862
387,hiwum,<code>hiwum</code>,1,0.0002862
387,hlafe,<code>hlafe</code>,1,0.0002862
387,hlaforda,<code>hlaforda</code>,1,0.0002862
387,hlaforde,<code>hlaforde</code>,1,0.0002862
387,hr&aelig;dlice,<code>hr&amp;ae;dlice</code>,1,0.0002862
387,hra&eth;e,<code>hra&amp;d;e</code>,1,0.0002862
387,hreoflium,<code>hreoflium</code>,1,0.0002862
387,hrepa,<code>hrepa</code>,1,0.0002862
387,hrof,<code>hrof</code>,1,0.0002862
387,hundsyfentig,<code>hundsyfentig</code>,1,0.0002862
387,hw&aelig;&eth;er,<code>hw&amp;ae;&amp;d;er</code>,1,0.0002862
387,hw&aelig;&eth;ere,<code>hw&amp;ae;&amp;d;ere</code>,1,0.0002862
387,hw&aelig;&eth;re,<code>hw&amp;ae;&amp;d;re</code>,1,0.0002862
387,hw&aelig;&thorn;ere,<code>hw&amp;ae;&amp;t;ere</code>,1,0.0002862
387,hy,<code>hy</code>,1,0.0002862
387,hylt,<code>hylt</code>,1,0.0002862
387,iafe&eth;,<code>iafe&amp;d;</code>,1,0.0002862
387,ilca,<code>ilca</code>,1,0.0002862
387,incipit,<code>incipit</code>,1,0.0002862
387,initio,<code>initio</code>,1,0.0002862
387,innf&aelig;r,<code>innf&amp;ae;r</code>,1,0.0002862
387,iudas,<code>iudas</code>,1,0.0002862
387,iudeiscan,<code>iudeiscan</code>,1,0.0002862
387,iudeisce,<code>iudeisce</code>,1,0.0002862
387,iudeiscra,<code>iudeiscra</code>,1,0.0002862
387,ky&eth;&eth;e,<code>ky&amp;d;&amp;d;e</code>,1,0.0002862
387,l&aelig;dde,<code>l&amp;ae;dde</code>,1,0.0002862
387,l&aelig;rde,<code>l&amp;ae;rde</code>,1,0.0002862
387,la&eth;licum,<code>la&amp;d;licum</code>,1,0.0002862
387,lac,<code>lac</code>,1,0.0002862
387,lafe,<code>lafe</code>,1,0.0002862
387,lame,<code>lame</code>,1,0.0002862
387,lamum,<code>lamum</code>,1,0.0002862
387,lang,<code>lang</code>,1,0.0002862
387,leahtre,<code>leahtre</code>,1,0.0002862
387,leahtrum,<code>leahtrum</code>,1,0.0002862
387,leasunga,<code>leasunga</code>,1,0.0002862
387,leasunge,<code>leasunge</code>,1,0.0002862
387,leofestan,<code>leofestan</code>,1,0.0002862
387,leoga&eth;,<code>leoga&amp;d;</code>,1,0.0002862
387,leohtberend,<code>leohtberend</code>,1,0.0002862
387,liber,<code>liber</code>,1,0.0002862
387,lichama,<code>lichama</code>,1,0.0002862
387,lichoma,<code>lichoma</code>,1,0.0002862
387,lichoman,<code>lichoman</code>,1,0.0002862
387,lofe,<code>lofe</code>,1,0.0002862
387,lufedon,<code>lufedon</code>,1,0.0002862
387,lufode,<code>lufode</code>,1,0.0002862
387,lybbendra,<code>lybbendra</code>,1,0.0002862
387,lyf,<code>lyf</code>,1,0.0002862
387,lyre,<code>lyre</code>,1,0.0002862
387,lytle,<code>lytle</code>,1,0.0002862
387,lytles,<code>lytles</code>,1,0.0002862
387,m&aelig;den,<code>m&amp;ae;den</code>,1,0.0002862
387,m&aelig;g&eth;e,<code>m&amp;ae;g&amp;d;e</code>,1,0.0002862
387,m&aelig;gen&thorn;rymme,<code>m&amp;ae;gen&amp;t;rymme</code>,1,0.0002862
387,m&aelig;ig,<code>m&amp;ae;ig</code>,1,0.0002862
387,m&aelig;ig&thorn;e,<code>m&amp;ae;ig&amp;t;e</code>,1,0.0002862
387,m&aelig;nig,<code>m&amp;ae;nig</code>,1,0.0002862
387,m&aelig;ran,<code>m&amp;ae;ran</code>,1,0.0002862
387,m&aelig;re,<code>m&amp;ae;re</code>,1,0.0002862
387,mancynne,<code>mancynne</code>,1,0.0002862
387,mancynnes,<code>mancynnes</code>,1,0.0002862
387,mand&aelig;da,<code>mand&amp;ae;da</code>,1,0.0002862
387,manega,<code>manega</code>,1,0.0002862
387,manfullan,<code>manfullan</code>,1,0.0002862
387,mann,<code>mann</code>,1,0.0002862
387,maran,<code>maran</code>,1,0.0002862
387,marian,<code>marian</code>,1,0.0002862
387,menn,<code>menn</code>,1,0.0002862
387,menniscnysse,<code>menniscnysse</code>,1,0.0002862
387,mennyssc,<code>mennyssc</code>,1,0.0002862
387,metes,<code>metes</code>,1,0.0002862
387,micel,<code>micel</code>,1,0.0002862
387,micle,<code>micle</code>,1,0.0002862
387,mihtige,<code>mihtige</code>,1,0.0002862
387,mines,<code>mines</code>,1,0.0002862
387,modigeanne,<code>modigeanne</code>,1,0.0002862
387,modignysse,<code>modignysse</code>,1,0.0002862
387,modinysse,<code>modinysse</code>,1,0.0002862
387,modor,<code>modor</code>,1,0.0002862
387,mon,<code>mon</code>,1,0.0002862
387,monan,<code>monan</code>,1,0.0002862
387,most,<code>most</code>,1,0.0002862
387,moste,<code>moste</code>,1,0.0002862
387,myclum,<code>myclum</code>,1,0.0002862
387,myrh&eth;e,<code>myrh&amp;d;e</code>,1,0.0002862
387,myrih&eth;e,<code>myrih&amp;d;e</code>,1,0.0002862
387,myslicum,<code>myslicum</code>,1,0.0002862
387,n&aelig;bbe,<code>n&amp;ae;bbe</code>,1,0.0002862
387,n&aelig;ddran,<code>n&amp;ae;ddran</code>,1,0.0002862
387,n&aelig;ron,<code>n&amp;ae;ron</code>,1,0.0002862
387,na&eth;or,<code>na&amp;d;or</code>,1,0.0002862
387,na&eth;rum,<code>na&amp;d;rum</code>,1,0.0002862
387,nabba&eth;,<code>nabba&amp;d;</code>,1,0.0002862
387,nacode,<code>nacode</code>,1,0.0002862
387,nahte,<code>nahte</code>,1,0.0002862
387,nama,<code>nama</code>,1,0.0002862
387,nast,<code>nast</code>,1,0.0002862
387,neadunge,<code>neadunge</code>,1,0.0002862
387,nella&eth;,<code>nella&amp;d;</code>,1,0.0002862
387,nelle,<code>nelle</code>,1,0.0002862
387,nextan,<code>nextan</code>,1,0.0002862
387,niwelnessa,<code>niwelnessa</code>,1,0.0002862
387,noes,<code>noes</code>,1,0.0002862
387,noldon,<code>noldon</code>,1,0.0002862
387,nor&eth;d&aelig;le,<code>nor&amp;d;d&amp;ae;le</code>,1,0.0002862
387,nydde,<code>nydde</code>,1,0.0002862
387,nyste,<code>nyste</code>,1,0.0002862
387,nytencynn,<code>nytencynn</code>,1,0.0002862
387,nytene,<code>nytene</code>,1,0.0002862
387,nywelnysse,<code>nywelnysse</code>,1,0.0002862
387,o&eth;erne,<code>o&amp;d;erne</code>,1,0.0002862
387,of&thorn;uhte,<code>of&amp;t;uhte</code>,1,0.0002862
387,ofermettum,<code>ofermettum</code>,1,0.0002862
387,oferstah,<code>oferstah</code>,1,0.0002862
387,oferteo,<code>oferteo</code>,1,0.0002862
387,ofredon,<code>ofredon</code>,1,0.0002862
387,ofsprincg,<code>ofsprincg</code>,1,0.0002862
387,ofspring,<code>ofspring</code>,1,0.0002862
387,onbyrian,<code>onbyrian</code>,1,0.0002862
387,onbyrigde,<code>onbyrigde</code>,1,0.0002862
387,onbyrigdon,<code>onbyrigdon</code>,1,0.0002862
387,ongeat,<code>ongeat</code>,1,0.0002862
387,onscunode,<code>onscunode</code>,1,0.0002862
387,openlice,<code>openlice</code>,1,0.0002862
387,potestates,<code>potestates</code>,1,0.0002862
387,primo,<code>primo</code>,1,0.0002862
387,primus,<code>primus</code>,1,0.0002862
387,principatus,<code>principatus</code>,1,0.0002862
387,reaf,<code>reaf</code>,1,0.0002862
387,ren,<code>ren</code>,1,0.0002862
387,renboga,<code>renboga</code>,1,0.0002862
387,rib,<code>rib</code>,1,0.0002862
387,ribbe,<code>ribbe</code>,1,0.0002862
387,rihtlice,<code>rihtlice</code>,1,0.0002862
387,rihtne,<code>rihtne</code>,1,0.0002862
387,rihtwisan,<code>rihtwisan</code>,1,0.0002862
387,rihtwisnysse,<code>rihtwisnysse</code>,1,0.0002862
387,rihtwisum,<code>rihtwisum</code>,1,0.0002862
387,rixa&eth;,<code>rixa&amp;d;</code>,1,0.0002862
387,rixia&eth;,<code>rixia&amp;d;</code>,1,0.0002862
387,rodeh&aelig;ncgene,<code>rodeh&amp;ae;ncgene</code>,1,0.0002862
387,ryhtlice,<code>ryhtlice</code>,1,0.0002862
387,sale,<code>sale</code>,1,0.0002862
387,saul,<code>saul</code>,1,0.0002862
387,sawul,<code>sawul</code>,1,0.0002862
387,sceal,<code>sceal</code>,1,0.0002862
387,sceamode,<code>sceamode</code>,1,0.0002862
387,sceocca,<code>sceocca</code>,1,0.0002862
387,sceole,<code>sceole</code>,1,0.0002862
387,sceop,<code>sceop</code>,1,0.0002862
387,sceopon,<code>sceopon</code>,1,0.0002862
387,seamas,<code>seamas</code>,1,0.0002862
387,secge,<code>secge</code>,1,0.0002862
387,segst,<code>segst</code>,1,0.0002862
387,sendan,<code>sendan</code>,1,0.0002862
387,sende,<code>sende</code>,1,0.0002862
387,seolfre,<code>seolfre</code>,1,0.0002862
387,seraphim,<code>seraphim</code>,1,0.0002862
387,sermo,<code>sermo</code>,1,0.0002862
387,sermonum,<code>sermonum</code>,1,0.0002862
387,settan,<code>settan</code>,1,0.0002862
387,si&eth;&thorn;an,<code>si&amp;d;&amp;t;an</code>,1,0.0002862
387,sidan,<code>sidan</code>,1,0.0002862
387,simle,<code>simle</code>,1,0.0002862
387,sind,<code>sind</code>,1,0.0002862
387,sitt,<code>sitt</code>,1,0.0002862
387,sittan,<code>sittan</code>,1,0.0002862
387,six,<code>six</code>,1,0.0002862
387,slege,<code>slege</code>,1,0.0002862
387,slep,<code>slep</code>,1,0.0002862
387,sme&eth;nysse,<code>sme&amp;d;nysse</code>,1,0.0002862
387,smea&eth;,<code>smea&amp;d;</code>,1,0.0002862
387,smeadon,<code>smeadon</code>,1,0.0002862
387,smeaga&eth;,<code>smeaga&amp;d;</code>,1,0.0002862
387,smeagan,<code>smeagan</code>,1,0.0002862
387,smeia&eth;,<code>smeia&amp;d;</code>,1,0.0002862
387,so&eth;a,<code>so&amp;d;a</code>,1,0.0002862
387,so&eth;an,<code>so&amp;d;an</code>,1,0.0002862
387,so&eth;f&aelig;stnysse,<code>so&amp;d;f&amp;ae;stnysse</code>,1,0.0002862
387,so&eth;ne,<code>so&amp;d;ne</code>,1,0.0002862
387,sona,<code>sona</code>,1,0.0002862
387,spr&aelig;con,<code>spr&amp;ae;con</code>,1,0.0002862
387,standan,<code>standan</code>,1,0.0002862
387,stane,<code>stane</code>,1,0.0002862
387,stede,<code>stede</code>,1,0.0002862
387,steorran,<code>steorran</code>,1,0.0002862
387,strange,<code>strange</code>,1,0.0002862
387,stypel,<code>stypel</code>,1,0.0002862
387,sumum,<code>sumum</code>,1,0.0002862
387,sund,<code>sund</code>,1,0.0002862
387,sunnan,<code>sunnan</code>,1,0.0002862
387,sunum,<code>sunum</code>,1,0.0002862
387,swealt,<code>swealt</code>,1,0.0002862
387,swi&eth;ost,<code>swi&amp;d;ost</code>,1,0.0002862
387,swi&eth;ran,<code>swi&amp;d;ran</code>,1,0.0002862
387,swi&eth;ust,<code>swi&amp;d;ust</code>,1,0.0002862
387,swicdom,<code>swicdom</code>,1,0.0002862
387,sy&thorn;&eth;an,<code>sy&amp;t;&amp;d;an</code>,1,0.0002862
387,syl&eth;,<code>syl&amp;d;</code>,1,0.0002862
387,sylf,<code>sylf</code>,1,0.0002862
387,sylfum,<code>sylfum</code>,1,0.0002862
387,synderlice,<code>synderlice</code>,1,0.0002862
387,syx,<code>syx</code>,1,0.0002862
387,teo&eth;an,<code>teo&amp;d;an</code>,1,0.0002862
387,teo&eth;e,<code>teo&amp;d;e</code>,1,0.0002862
387,throni,<code>throni</code>,1,0.0002862
387,tilian,<code>tilian</code>,1,0.0002862
387,tima,<code>tima</code>,1,0.0002862
387,tobr&aelig;ce,<code>tobr&amp;ae;ce</code>,1,0.0002862
387,tobrecan,<code>tobrecan</code>,1,0.0002862
387,tobrecst,<code>tobrecst</code>,1,0.0002862
387,tocyme,<code>tocyme</code>,1,0.0002862
387,todr&aelig;fde,<code>todr&amp;ae;fde</code>,1,0.0002862
387,toferdon,<code>toferdon</code>,1,0.0002862
387,tog&aelig;dere,<code>tog&amp;ae;dere</code>,1,0.0002862
387,togeanes,<code>togeanes</code>,1,0.0002862
387,treow,<code>treow</code>,1,0.0002862
387,tua,<code>tua</code>,1,0.0002862
387,twa,<code>twa</code>,1,0.0002862
387,twegen,<code>twegen</code>,1,0.0002862
387,twelf,<code>twelf</code>,1,0.0002862
387,twelfa,<code>twelfa</code>,1,0.0002862
387,tyhte,<code>tyhte</code>,1,0.0002862
387,tyhttinge,<code>tyhttinge</code>,1,0.0002862
387,tyma,<code>tyma</code>,1,0.0002862
387,tyn,<code>tyn</code>,1,0.0002862
387,tyrwan,<code>tyrwan</code>,1,0.0002862
387,uirago,<code>uirago</code>,1,0.0002862
387,uirtutes,<code>uirtutes</code>,1,0.0002862
387,undeadlice,<code>undeadlice</code>,1,0.0002862
387,under,<code>under</code>,1,0.0002862
387,underfengen,<code>underfengen</code>,1,0.0002862
387,ungeendod,<code>ungeendod</code>,1,0.0002862
387,ungehrepod,<code>ungehrepod</code>,1,0.0002862
387,ungehyrsumnesse,<code>ungehyrsumnesse</code>,1,0.0002862
387,unriht,<code>unriht</code>,1,0.0002862
387,unrihtwisnesse,<code>unrihtwisnesse</code>,1,0.0002862
387,untrumnesse,<code>untrumnesse</code>,1,0.0002862
387,unwaran,<code>unwaran</code>,1,0.0002862
387,urum,<code>urum</code>,1,0.0002862
387,w&aelig;lhr&aelig;wan,<code>w&amp;ae;lhr&amp;ae;wan</code>,1,0.0002862
387,w&aelig;stme,<code>w&amp;ae;stme</code>,1,0.0002862
387,w&aelig;ter,<code>w&amp;ae;ter</code>,1,0.0002862
387,w&aelig;ter&thorn;eotan,<code>w&amp;ae;ter&amp;t;eotan</code>,1,0.0002862
387,w&#275;rede,<code>w&amp;e;rede</code>,1,0.0002862
387,wat,<code>wat</code>,1,0.0002862
387,wed,<code>wed</code>,1,0.0002862
387,weddes,<code>weddes</code>,1,0.0002862
387,weor&eth;ode,<code>weor&amp;d;ode</code>,1,0.0002862
387,weor&eth;odon,<code>weor&amp;d;odon</code>,1,0.0002862
387,weorode,<code>weorode</code>,1,0.0002862
387,weredes,<code>weredes</code>,1,0.0002862
387,weres,<code>weres</code>,1,0.0002862
387,werode,<code>werode</code>,1,0.0002862
387,wi&eth;erweardlic,<code>wi&amp;d;erweardlic</code>,1,0.0002862
387,wi&eth;erweardnysse,<code>wi&amp;d;erweardnysse</code>,1,0.0002862
387,wi&eth;standan,<code>wi&amp;d;standan</code>,1,0.0002862
387,wid,<code>wid</code>,1,0.0002862
387,wife,<code>wife</code>,1,0.0002862
387,wifes,<code>wifes</code>,1,0.0002862
387,wifman,<code>wifman</code>,1,0.0002862
387,wile,<code>wile</code>,1,0.0002862
387,willa,<code>willa</code>,1,0.0002862
387,willes,<code>willes</code>,1,0.0002862
387,windas,<code>windas</code>,1,0.0002862
387,wine,<code>wine</code>,1,0.0002862
387,wintra,<code>wintra</code>,1,0.0002862
387,wintre,<code>wintre</code>,1,0.0002862
387,wircan,<code>wircan</code>,1,0.0002862
387,wis,<code>wis</code>,1,0.0002862
387,wiste,<code>wiste</code>,1,0.0002862
387,wite,<code>wite</code>,1,0.0002862
387,witegan,<code>witegan</code>,1,0.0002862
387,witodlice,<code>witodlice</code>,1,0.0002862
387,wlitegum,<code>wlitegum</code>,1,0.0002862
387,wlitig,<code>wlitig</code>,1,0.0002862
387,wlitige,<code>wlitige</code>,1,0.0002862
387,wodum,<code>wodum</code>,1,0.0002862
387,wunedon,<code>wunedon</code>,1,0.0002862
387,wuniende,<code>wuniende</code>,1,0.0002862
387,wunode,<code>wunode</code>,1,0.0002862
387,wununga,<code>wununga</code>,1,0.0002862
387,wurdon,<code>wurdon</code>,1,0.0002862
387,wyf,<code>wyf</code>,1,0.0002862
387,wylle,<code>wylle</code>,1,0.0002862
387,wylspryngas,<code>wylspryngas</code>,1,0.0002862
387,wyr&eth;mynte,<code>wyr&amp;d;mynte</code>,1,0.0002862
387,wyrc,<code>wyrc</code>,1,0.0002862
387,wyrcan,<code>wyrcan</code>,1,0.0002862
387,wyrcanne,<code>wyrcanne</code>,1,0.0002862
387,wyrsan,<code>wyrsan</code>,1,0.0002862
387,yfela,<code>yfela</code>,1,0.0002862
387,yfelan,<code>yfelan</code>,1,0.0002862
387,yfeld&aelig;de,<code>yfeld&amp;ae;de</code>,1,0.0002862
387,yfeles,<code>yfeles</code>,1,0.0002862
387,yfelum,<code>yfelum</code>,1,0.0002862
387,ylcan,<code>ylcan</code>,1,0.0002862
387,yltstan,<code>yltstan</code>,1,0.0002862
