B_Prose,B01,B01.001.015_AECHom_I__14.1_T02200.txt,851,578,2434
RANK,HTML WORD,RAW WORD,COUNT,RELATIVE FREQUENCY
1,&amp;,<code>&amp;amp;</code>,120,0.0493016
2,&thorn;a,<code>&amp;t;a</code>,63,0.0258833
3,to,<code>to</code>,57,0.0234182
4,&thorn;e,<code>&amp;t;e</code>,47,0.0193098
5,he,<code>he</code>,46,0.0188989
5,on,<code>on</code>,46,0.0188989
7,hi,<code>hi</code>,45,0.0184881
8,&thorn;&aelig;t,<code>&amp;t;&amp;ae;t</code>,44,0.0180772
9,se,<code>se</code>,38,0.0156122
10,mid,<code>mid</code>,34,0.0139688
11,his,<code>his</code>,32,0.0131471
12,we,<code>we</code>,31,0.0127362
13,swa,<code>swa</code>,29,0.0119145
14,for,<code>for</code>,28,0.0115037
15,&thorn;am,<code>&amp;t;am</code>,25,0.0102712
16,godes,<code>godes</code>,23,0.0094495
17,is,<code>is</code>,22,0.0090386
17,ne,<code>ne</code>,22,0.0090386
19,&thorn;one,<code>&amp;t;one</code>,21,0.0086278
19,ac,<code>ac</code>,21,0.0086278
21,&thorn;onne,<code>&amp;t;onne</code>,19,0.0078061
22,&eth;a,<code>&amp;d;a</code>,18,0.0073952
22,&thorn;&aelig;s,<code>&amp;t;&amp;ae;s</code>,18,0.0073952
22,him,<code>him</code>,18,0.0073952
25,&eth;e,<code>&amp;d;e</code>,16,0.0065735
25,cristes,<code>cristes</code>,16,0.0065735
27,&eth;an,<code>&amp;d;an</code>,15,0.0061627
27,assan,<code>assan</code>,15,0.0061627
29,&eth;am,<code>&amp;d;am</code>,14,0.0057518
29,w&aelig;s,<code>w&amp;ae;s</code>,14,0.0057518
31,bi&eth;,<code>bi&amp;d;</code>,13,0.0053410
31,folc,<code>folc</code>,13,0.0053410
31,heora,<code>heora</code>,13,0.0053410
31,of,<code>of</code>,13,0.0053410
35,&thorn;urh,<code>&amp;t;urh</code>,12,0.0049302
35,ealle,<code>ealle</code>,12,0.0049302
35,ge,<code>ge</code>,12,0.0049302
38,&aelig;r,<code>&amp;ae;r</code>,11,0.0045193
38,crist,<code>crist</code>,11,0.0045193
38,criste,<code>criste</code>,11,0.0045193
38,dea&eth;e,<code>dea&amp;d;e</code>,11,0.0045193
38,hine,<code>hine</code>,11,0.0045193
43,and,<code>and</code>,10,0.0041085
43,cw&aelig;&eth;,<code>cw&amp;ae;&amp;d;</code>,10,0.0041085
43,god,<code>god</code>,10,0.0041085
46,&eth;&aelig;re,<code>&amp;d;&amp;ae;re</code>,9,0.0036976
46,gif,<code>gif</code>,9,0.0036976
46,nu,<code>nu</code>,9,0.0036976
46,us,<code>us</code>,9,0.0036976
50,deoful,<code>deoful</code>,8,0.0032868
50,folce,<code>folce</code>,8,0.0032868
50,geleafan,<code>geleafan</code>,8,0.0032868
50,hlaford,<code>hlaford</code>,8,0.0032868
50,sind,<code>sind</code>,8,0.0032868
55,cw&aelig;don,<code>cw&amp;ae;don</code>,7,0.0028759
55,eac,<code>eac</code>,7,0.0028759
55,h&aelig;lend,<code>h&amp;ae;lend</code>,7,0.0028759
55,na,<code>na</code>,7,0.0028759
55,ure,<code>ure</code>,7,0.0028759
55,w&aelig;ron,<code>w&amp;ae;ron</code>,7,0.0028759
61,&thorn;&aelig;re,<code>&amp;t;&amp;ae;re</code>,6,0.0024651
61,be,<code>be</code>,6,0.0024651
61,beon,<code>beon</code>,6,0.0024651
61,com,<code>com</code>,6,0.0024651
61,folan,<code>folan</code>,6,0.0024651
61,fram,<code>fram</code>,6,0.0024651
61,reaf,<code>reaf</code>,6,0.0024651
61,sume,<code>sume</code>,6,0.0024651
69,beo&eth;,<code>beo&amp;d;</code>,5,0.0020542
69,buton,<code>buton</code>,5,0.0020542
69,byrig,<code>byrig</code>,5,0.0020542
69,dauides,<code>dauides</code>,5,0.0020542
69,eow,<code>eow</code>,5,0.0020542
69,f&aelig;der,<code>f&amp;ae;der</code>,5,0.0020542
69,gode,<code>gode</code>,5,0.0020542
69,hierusalem,<code>hierusalem</code>,5,0.0020542
69,life,<code>life</code>,5,0.0020542
69,man,<code>man</code>,5,0.0020542
69,manna,<code>manna</code>,5,0.0020542
69,mihte,<code>mihte</code>,5,0.0020542
69,naman,<code>naman</code>,5,0.0020542
69,sende,<code>sende</code>,5,0.0020542
69,swi&eth;e,<code>swi&amp;d;e</code>,5,0.0020542
84,&thorn;us,<code>&amp;t;us</code>,4,0.0016434
84,angel,<code>angel</code>,4,0.0016434
84,apostol,<code>apostol</code>,4,0.0016434
84,assa,<code>assa</code>,4,0.0016434
84,bearne,<code>bearne</code>,4,0.0016434
84,beforan,<code>beforan</code>,4,0.0016434
84,beo,<code>beo</code>,4,0.0016434
84,cyre,<code>cyre</code>,4,0.0016434
84,dea&eth;,<code>dea&amp;d;</code>,4,0.0016434
84,deofles,<code>deofles</code>,4,0.0016434
84,ecan,<code>ecan</code>,4,0.0016434
84,eft,<code>eft</code>,4,0.0016434
84,ende,<code>ende</code>,4,0.0016434
84,eodon,<code>eodon</code>,4,0.0016434
84,feower,<code>feower</code>,4,0.0016434
84,folces,<code>folces</code>,4,0.0016434
84,gesih&eth;,<code>gesih&amp;d;</code>,4,0.0016434
84,getacnunge,<code>getacnunge</code>,4,0.0016434
84,h&aelig;lende,<code>h&amp;ae;lende</code>,4,0.0016434
84,leorningcnihtas,<code>leorningcnihtas</code>,4,0.0016434
84,lichaman,<code>lichaman</code>,4,0.0016434
84,menn,<code>menn</code>,4,0.0016434
84,nolde,<code>nolde</code>,4,0.0016434
84,o&eth;,<code>o&amp;d;</code>,4,0.0016434
84,ongean,<code>ongean</code>,4,0.0016434
84,palm,<code>palm</code>,4,0.0016434
84,sceolon,<code>sceolon</code>,4,0.0016434
84,sy,<code>sy</code>,4,0.0016434
84,symle,<code>symle</code>,4,0.0016434
84,tempel,<code>tempel</code>,4,0.0016434
84,togeanes,<code>togeanes</code>,4,0.0016434
84,twegen,<code>twegen</code>,4,0.0016434
84,under,<code>under</code>,4,0.0016434
84,wurpon,<code>wurpon</code>,4,0.0016434
118,&aelig;fter,<code>&amp;ae;fter</code>,3,0.0012325
118,&eth;one,<code>&amp;d;one</code>,3,0.0012325
118,&thorn;&aelig;ra,<code>&amp;t;&amp;ae;ra</code>,3,0.0012325
118,&thorn;rowung,<code>&amp;t;rowung</code>,3,0.0012325
118,alysednysse,<code>alysednysse</code>,3,0.0012325
118,comon,<code>comon</code>,3,0.0012325
118,d&aelig;ge,<code>d&amp;ae;ge</code>,3,0.0012325
118,deofle,<code>deofle</code>,3,0.0012325
118,ealdan,<code>ealdan</code>,3,0.0012325
118,ealles,<code>ealles</code>,3,0.0012325
118,fet,<code>fet</code>,3,0.0012325
118,geleaffulle,<code>geleaffulle</code>,3,0.0012325
118,geneal&aelig;hte,<code>geneal&amp;ae;hte</code>,3,0.0012325
118,h&aelig;f&eth;,<code>h&amp;ae;f&amp;d;</code>,3,0.0012325
118,hit,<code>hit</code>,3,0.0012325
118,hu,<code>hu</code>,3,0.0012325
118,ic,<code>ic</code>,3,0.0012325
118,iudeisce,<code>iudeisce</code>,3,0.0012325
118,l&aelig;dan,<code>l&amp;ae;dan</code>,3,0.0012325
118,lare,<code>lare</code>,3,0.0012325
118,mancynn,<code>mancynn</code>,3,0.0012325
118,mann,<code>mann</code>,3,0.0012325
118,miclum,<code>miclum</code>,3,0.0012325
118,sceal,<code>sceal</code>,3,0.0012325
118,secga&eth;,<code>secga&amp;d;</code>,3,0.0012325
118,seo,<code>seo</code>,3,0.0012325
118,sibbe,<code>sibbe</code>,3,0.0012325
118,sylfne,<code>sylfne</code>,3,0.0012325
118,tihte,<code>tihte</code>,3,0.0012325
118,uppon,<code>uppon</code>,3,0.0012325
118,urum,<code>urum</code>,3,0.0012325
118,weorcum,<code>weorcum</code>,3,0.0012325
118,willan,<code>willan</code>,3,0.0012325
118,witega,<code>witega</code>,3,0.0012325
118,woldon,<code>woldon</code>,3,0.0012325
118,wundrum,<code>wundrum</code>,3,0.0012325
118,wur&eth;mynte,<code>wur&amp;d;mynte</code>,3,0.0012325
155,&aelig;,<code>&amp;ae;</code>,2,0.0008217
155,&aelig;g&eth;er,<code>&amp;ae;g&amp;d;er</code>,2,0.0008217
155,&aelig;lmihtigan,<code>&amp;ae;lmihtigan</code>,2,0.0008217
155,&aelig;nne,<code>&amp;ae;nne</code>,2,0.0008217
155,&aelig;se,<code>&amp;ae;se</code>,2,0.0008217
155,&aelig;t,<code>&amp;ae;t</code>,2,0.0008217
155,&eth;&aelig;t,<code>&amp;d;&amp;ae;t</code>,2,0.0008217
155,&eth;i,<code>&amp;d;i</code>,2,0.0008217
155,&eth;is,<code>&amp;d;is</code>,2,0.0008217
155,&eth;isum,<code>&amp;d;isum</code>,2,0.0008217
155,&eth;y,<code>&amp;d;y</code>,2,0.0008217
155,&thorn;an,<code>&amp;t;an</code>,2,0.0008217
155,&thorn;in,<code>&amp;t;in</code>,2,0.0008217
155,&thorn;isum,<code>&amp;t;isum</code>,2,0.0008217
155,&thorn;ysre,<code>&amp;t;ysre</code>,2,0.0008217
155,agean,<code>agean</code>,2,0.0008217
155,agen,<code>agen</code>,2,0.0008217
155,agenne,<code>agenne</code>,2,0.0008217
155,agenre,<code>agenre</code>,2,0.0008217
155,agenum,<code>agenum</code>,2,0.0008217
155,alysede,<code>alysede</code>,2,0.0008217
155,asende,<code>asende</code>,2,0.0008217
155,assena,<code>assena</code>,2,0.0008217
155,awende,<code>awende</code>,2,0.0008217
155,b&aelig;ftan,<code>b&amp;ae;ftan</code>,2,0.0008217
155,b&aelig;ron,<code>b&amp;ae;ron</code>,2,0.0008217
155,beboda,<code>beboda</code>,2,0.0008217
155,behofa&eth;,<code>behofa&amp;d;</code>,2,0.0008217
155,ber&eth;,<code>ber&amp;d;</code>,2,0.0008217
155,bera&eth;,<code>bera&amp;d;</code>,2,0.0008217
155,bodunge,<code>bodunge</code>,2,0.0008217
155,bogas,<code>bogas</code>,2,0.0008217
155,bugan,<code>bugan</code>,2,0.0008217
155,bugon,<code>bugon</code>,2,0.0008217
155,bysne,<code>bysne</code>,2,0.0008217
155,cristendom,<code>cristendom</code>,2,0.0008217
155,cwe&eth;ende,<code>cwe&amp;d;ende</code>,2,0.0008217
155,cweale,<code>cweale</code>,2,0.0008217
155,cyninge,<code>cyninge</code>,2,0.0008217
155,cynne,<code>cynne</code>,2,0.0008217
155,deadan,<code>deadan</code>,2,0.0008217
155,eallum,<code>eallum</code>,2,0.0008217
155,ealne,<code>ealne</code>,2,0.0008217
155,ealra,<code>ealra</code>,2,0.0008217
155,eowrum,<code>eowrum</code>,2,0.0008217
155,fara&eth;,<code>fara&amp;d;</code>,2,0.0008217
155,fola,<code>fola</code>,2,0.0008217
155,forwyrhte,<code>forwyrhte</code>,2,0.0008217
155,fyre,<code>fyre</code>,2,0.0008217
155,gastes,<code>gastes</code>,2,0.0008217
155,gebletsod,<code>gebletsod</code>,2,0.0008217
155,gebrinc&eth;,<code>gebrinc&amp;d;</code>,2,0.0008217
155,gefredde,<code>gefredde</code>,2,0.0008217
155,gehwylc,<code>gehwylc</code>,2,0.0008217
155,gela&eth;ode,<code>gela&amp;d;ode</code>,2,0.0008217
155,gemeta&eth;,<code>gemeta&amp;d;</code>,2,0.0008217
155,geond,<code>geond</code>,2,0.0008217
155,getacnia&eth;,<code>getacnia&amp;d;</code>,2,0.0008217
155,godcundnysse,<code>godcundnysse</code>,2,0.0008217
155,godum,<code>godum</code>,2,0.0008217
155,gyt,<code>gyt</code>,2,0.0008217
155,h&aelig;&eth;en,<code>h&amp;ae;&amp;d;en</code>,2,0.0008217
155,h&aelig;fde,<code>h&amp;ae;fde</code>,2,0.0008217
155,h&aelig;lu,<code>h&amp;ae;lu</code>,2,0.0008217
155,habban,<code>habban</code>,2,0.0008217
155,halgan,<code>halgan</code>,2,0.0008217
155,handa,<code>handa</code>,2,0.0008217
155,heafodmen,<code>heafodmen</code>,2,0.0008217
155,heowon,<code>heowon</code>,2,0.0008217
155,het,<code>het</code>,2,0.0008217
155,hwi,<code>hwi</code>,2,0.0008217
155,iudeiscan,<code>iudeiscan</code>,2,0.0008217
155,l&aelig;g,<code>l&amp;ae;g</code>,2,0.0008217
155,lareowas,<code>lareowas</code>,2,0.0008217
155,lazarum,<code>lazarum</code>,2,0.0008217
155,lic,<code>lic</code>,2,0.0008217
155,lofsang,<code>lofsang</code>,2,0.0008217
155,m&aelig;g,<code>m&amp;ae;g</code>,2,0.0008217
155,mancynne,<code>mancynne</code>,2,0.0008217
155,mancynnes,<code>mancynnes</code>,2,0.0008217
155,mannes,<code>mannes</code>,2,0.0008217
155,mannum,<code>mannum</code>,2,0.0008217
155,me,<code>me</code>,2,0.0008217
155,miclan,<code>miclan</code>,2,0.0008217
155,middaneard,<code>middaneard</code>,2,0.0008217
155,mihton,<code>mihton</code>,2,0.0008217
155,mildheortnysse,<code>mildheortnysse</code>,2,0.0008217
155,mislicum,<code>mislicum</code>,2,0.0008217
155,nan,<code>nan</code>,2,0.0008217
155,nanum,<code>nanum</code>,2,0.0008217
155,niht,<code>niht</code>,2,0.0008217
155,o&eth;&eth;e,<code>o&amp;d;&amp;d;e</code>,2,0.0008217
155,palmtwigu,<code>palmtwigu</code>,2,0.0008217
155,pinungum,<code>pinungum</code>,2,0.0008217
155,reafum,<code>reafum</code>,2,0.0008217
155,rice,<code>rice</code>,2,0.0008217
155,rihtum,<code>rihtum</code>,2,0.0008217
155,rihtwisnysse,<code>rihtwisnysse</code>,2,0.0008217
155,saule,<code>saule</code>,2,0.0008217
155,sealdon,<code>sealdon</code>,2,0.0008217
155,secgan,<code>secgan</code>,2,0.0008217
155,sent,<code>sent</code>,2,0.0008217
155,sige,<code>sige</code>,2,0.0008217
155,siones,<code>siones</code>,2,0.0008217
155,sungon,<code>sungon</code>,2,0.0008217
155,swilce,<code>swilce</code>,2,0.0008217
155,sylfe,<code>sylfe</code>,2,0.0008217
155,synnum,<code>synnum</code>,2,0.0008217
155,t&aelig;hte,<code>t&amp;ae;hte</code>,2,0.0008217
155,tocyme,<code>tocyme</code>,2,0.0008217
155,uncl&aelig;ne,<code>uncl&amp;ae;ne</code>,2,0.0008217
155,untigdon,<code>untigdon</code>,2,0.0008217
155,untigede,<code>untigede</code>,2,0.0008217
155,urne,<code>urne</code>,2,0.0008217
155,wi&eth;sacan,<code>wi&amp;d;sacan</code>,2,0.0008217
155,wolde,<code>wolde</code>,2,0.0008217
155,wuniende,<code>wuniende</code>,2,0.0008217
155,wurdon,<code>wurdon</code>,2,0.0008217
155,wylla&eth;,<code>wylla&amp;d;</code>,2,0.0008217
274,&aelig;fene,<code>&amp;ae;fene</code>,1,0.0004108
274,&aelig;fre,<code>&amp;ae;fre</code>,1,0.0004108
274,&aelig;ftergengan,<code>&amp;ae;ftergengan</code>,1,0.0004108
274,&aelig;ftergengena,<code>&amp;ae;ftergengena</code>,1,0.0004108
274,&aelig;ig&eth;er,<code>&amp;ae;ig&amp;d;er</code>,1,0.0004108
274,&aelig;ig&thorn;er,<code>&amp;ae;ig&amp;t;er</code>,1,0.0004108
274,&aelig;lcere,<code>&amp;ae;lcere</code>,1,0.0004108
274,&aelig;lmihtiga,<code>&amp;ae;lmihtiga</code>,1,0.0004108
274,&aelig;rest,<code>&amp;ae;rest</code>,1,0.0004108
274,&aelig;rist,<code>&amp;ae;rist</code>,1,0.0004108
274,&aelig;s,<code>&amp;ae;s</code>,1,0.0004108
274,&aelig;ses,<code>&amp;ae;ses</code>,1,0.0004108
274,&eth;&aelig;,<code>&amp;d;&amp;ae;</code>,1,0.0004108
274,&eth;&aelig;m,<code>&amp;d;&amp;ae;m</code>,1,0.0004108
274,&eth;&aelig;ra,<code>&amp;d;&amp;ae;ra</code>,1,0.0004108
274,&eth;&aelig;s,<code>&amp;d;&amp;ae;s</code>,1,0.0004108
274,&eth;ises,<code>&amp;d;ises</code>,1,0.0004108
274,&eth;us,<code>&amp;d;us</code>,1,0.0004108
274,&eth;ysre,<code>&amp;d;ysre</code>,1,0.0004108
274,&#275;cum,<code>&amp;e;cum</code>,1,0.0004108
274,&thorn;&aelig;rrihte,<code>&amp;t;&amp;ae;rrihte</code>,1,0.0004108
274,&thorn;ancigan,<code>&amp;t;ancigan</code>,1,0.0004108
274,&thorn;ara,<code>&amp;t;ara</code>,1,0.0004108
274,&thorn;eah,<code>&amp;t;eah</code>,1,0.0004108
274,&thorn;eahhw&aelig;&eth;ere,<code>&amp;t;eahhw&amp;ae;&amp;d;ere</code>,1,0.0004108
274,&thorn;eawum,<code>&amp;t;eawum</code>,1,0.0004108
274,&thorn;eoda,<code>&amp;t;eoda</code>,1,0.0004108
274,&thorn;eoudon,<code>&amp;t;eoudon</code>,1,0.0004108
274,&thorn;eowas,<code>&amp;t;eowas</code>,1,0.0004108
274,&thorn;eowdome,<code>&amp;t;eowdome</code>,1,0.0004108
274,&thorn;incg,<code>&amp;t;incg</code>,1,0.0004108
274,&thorn;ine,<code>&amp;t;ine</code>,1,0.0004108
274,&thorn;ing,<code>&amp;t;ing</code>,1,0.0004108
274,&thorn;ingum,<code>&amp;t;ingum</code>,1,0.0004108
274,&thorn;is,<code>&amp;t;is</code>,1,0.0004108
274,&thorn;rowung&aelig;,<code>&amp;t;rowung&amp;ae;</code>,1,0.0004108
274,&thorn;rowunga,<code>&amp;t;rowunga</code>,1,0.0004108
274,&thorn;rowunge,<code>&amp;t;rowunge</code>,1,0.0004108
274,&thorn;ryh,<code>&amp;t;ryh</code>,1,0.0004108
274,&thorn;u,<code>&amp;t;u</code>,1,0.0004108
274,&thorn;unresd&aelig;ig,<code>&amp;t;unresd&amp;ae;ig</code>,1,0.0004108
274,&thorn;wyrlice,<code>&amp;t;wyrlice</code>,1,0.0004108
274,a,<code>a</code>,1,0.0004108
274,abeah,<code>abeah</code>,1,0.0004108
274,acennednysse,<code>acennednysse</code>,1,0.0004108
274,aceocod,<code>aceocod</code>,1,0.0004108
274,acwealde,<code>acwealde</code>,1,0.0004108
274,adam,<code>adam</code>,1,0.0004108
274,adpropinquasset,<code>adpropinquasset</code>,1,0.0004108
274,adrencte,<code>adrencte</code>,1,0.0004108
274,agenes,<code>agenes</code>,1,0.0004108
274,alysan,<code>alysan</code>,1,0.0004108
274,amenn,<code>amenn</code>,1,0.0004108
274,an,<code>an</code>,1,0.0004108
274,anam,<code>anam</code>,1,0.0004108
274,andan,<code>andan</code>,1,0.0004108
274,andbida&eth;,<code>andbida&amp;d;</code>,1,0.0004108
274,ane,<code>ane</code>,1,0.0004108
274,angin,<code>angin</code>,1,0.0004108
274,anlicnyssum,<code>anlicnyssum</code>,1,0.0004108
274,anra,<code>anra</code>,1,0.0004108
274,anum,<code>anum</code>,1,0.0004108
274,anweald,<code>anweald</code>,1,0.0004108
274,apostola,<code>apostola</code>,1,0.0004108
274,apostolas,<code>apostolas</code>,1,0.0004108
274,ar&aelig;r&eth;,<code>ar&amp;ae;r&amp;d;</code>,1,0.0004108
274,ar&aelig;rde,<code>ar&amp;ae;rde</code>,1,0.0004108
274,ar&aelig;rdon,<code>ar&amp;ae;rdon</code>,1,0.0004108
274,aras,<code>aras</code>,1,0.0004108
274,asceacan,<code>asceacan</code>,1,0.0004108
274,awrehte,<code>awrehte</code>,1,0.0004108
274,awriton,<code>awriton</code>,1,0.0004108
274,axode,<code>axode</code>,1,0.0004108
274,b&aelig;ce,<code>b&amp;ae;ce</code>,1,0.0004108
274,bead,<code>bead</code>,1,0.0004108
274,bebead,<code>bebead</code>,1,0.0004108
274,bebint,<code>bebint</code>,1,0.0004108
274,bebunden,<code>bebunden</code>,1,0.0004108
274,bebyrigdon,<code>bebyrigdon</code>,1,0.0004108
274,behat,<code>behat</code>,1,0.0004108
274,belimp&eth;,<code>belimp&amp;d;</code>,1,0.0004108
274,belyfa&eth;,<code>belyfa&amp;d;</code>,1,0.0004108
274,ben&aelig;med,<code>ben&amp;ae;med</code>,1,0.0004108
274,bendum,<code>bendum</code>,1,0.0004108
274,beoda&eth;,<code>beoda&amp;d;</code>,1,0.0004108
274,besette,<code>besette</code>,1,0.0004108
274,bestrad,<code>bestrad</code>,1,0.0004108
274,beswican,<code>beswican</code>,1,0.0004108
274,bet&aelig;can,<code>bet&amp;ae;can</code>,1,0.0004108
274,betwux,<code>betwux</code>,1,0.0004108
274,bewunden,<code>bewunden</code>,1,0.0004108
274,biddan,<code>biddan</code>,1,0.0004108
274,biggengum,<code>biggengum</code>,1,0.0004108
274,binnan,<code>binnan</code>,1,0.0004108
274,binnon,<code>binnon</code>,1,0.0004108
274,bletsian,<code>bletsian</code>,1,0.0004108
274,blinde,<code>blinde</code>,1,0.0004108
274,bodedon,<code>bodedon</code>,1,0.0004108
274,bricgodon,<code>bricgodon</code>,1,0.0004108
274,bude,<code>bude</code>,1,0.0004108
274,buga&eth;,<code>buga&amp;d;</code>,1,0.0004108
274,butan,<code>butan</code>,1,0.0004108
274,bydelas,<code>bydelas</code>,1,0.0004108
274,byr&eth;ena,<code>byr&amp;d;ena</code>,1,0.0004108
274,byr&eth;ene,<code>byr&amp;d;ene</code>,1,0.0004108
274,byr&eth;enstrang,<code>byr&amp;d;enstrang</code>,1,0.0004108
274,byr&eth;re,<code>byr&amp;d;re</code>,1,0.0004108
274,byrgene,<code>byrgene</code>,1,0.0004108
274,byrigene,<code>byrigene</code>,1,0.0004108
274,bysnian,<code>bysnian</code>,1,0.0004108
274,byspel,<code>byspel</code>,1,0.0004108
274,ceosenne,<code>ceosenne</code>,1,0.0004108
274,cl&aelig;num,<code>cl&amp;ae;num</code>,1,0.0004108
274,cristen,<code>cristen</code>,1,0.0004108
274,cu&eth;,<code>cu&amp;d;</code>,1,0.0004108
274,cum,<code>cum</code>,1,0.0004108
274,cwe&eth;e,<code>cwe&amp;d;e</code>,1,0.0004108
274,cwe&thorn;ende,<code>cwe&amp;t;ende</code>,1,0.0004108
274,cwydas,<code>cwydas</code>,1,0.0004108
274,cym&eth;,<code>cym&amp;d;</code>,1,0.0004108
274,cynecynnes,<code>cynecynnes</code>,1,0.0004108
274,cynge,<code>cynge</code>,1,0.0004108
274,cynincg,<code>cynincg</code>,1,0.0004108
274,cyning,<code>cyning</code>,1,0.0004108
274,cyrcan,<code>cyrcan</code>,1,0.0004108
274,cyrican,<code>cyrican</code>,1,0.0004108
274,d&aelig;de,<code>d&amp;ae;de</code>,1,0.0004108
274,d&aelig;ges,<code>d&amp;ae;ges</code>,1,0.0004108
274,d&aelig;ghwomlice,<code>d&amp;ae;ghwomlice</code>,1,0.0004108
274,d&aelig;lan,<code>d&amp;ae;lan</code>,1,0.0004108
274,dauid,<code>dauid</code>,1,0.0004108
274,de&eth;,<code>de&amp;d;</code>,1,0.0004108
274,deade,<code>deade</code>,1,0.0004108
274,dehtre,<code>dehtre</code>,1,0.0004108
274,deofelgildum,<code>deofelgildum</code>,1,0.0004108
274,deorwur&eth;um,<code>deorwur&amp;d;um</code>,1,0.0004108
274,deorwyr&eth;e,<code>deorwyr&amp;d;e</code>,1,0.0004108
274,dohtor,<code>dohtor</code>,1,0.0004108
274,domes,<code>domes</code>,1,0.0004108
274,dominica,<code>dominica</code>,1,0.0004108
274,drihten,<code>drihten</code>,1,0.0004108
274,drihtnes,<code>drihtnes</code>,1,0.0004108
274,dumbum,<code>dumbum</code>,1,0.0004108
274,dun,<code>dun</code>,1,0.0004108
274,dune,<code>dune</code>,1,0.0004108
274,duste,<code>duste</code>,1,0.0004108
274,dyde,<code>dyde</code>,1,0.0004108
274,dydon,<code>dydon</code>,1,0.0004108
274,ea&eth;mod,<code>ea&amp;d;mod</code>,1,0.0004108
274,ea&eth;modnysse,<code>ea&amp;d;modnysse</code>,1,0.0004108
274,eadige,<code>eadige</code>,1,0.0004108
274,eal,<code>eal</code>,1,0.0004108
274,eall,<code>eall</code>,1,0.0004108
274,earfo&eth;nyssum,<code>earfo&amp;d;nyssum</code>,1,0.0004108
274,earmlic,<code>earmlic</code>,1,0.0004108
274,eart,<code>eart</code>,1,0.0004108
274,easterlican,<code>easterlican</code>,1,0.0004108
274,efne,<code>efne</code>,1,0.0004108
274,egeslice,<code>egeslice</code>,1,0.0004108
274,ehtnysse,<code>ehtnysse</code>,1,0.0004108
274,ehtnyssum,<code>ehtnyssum</code>,1,0.0004108
274,endemes,<code>endemes</code>,1,0.0004108
274,englum,<code>englum</code>,1,0.0004108
274,eom,<code>eom</code>,1,0.0004108
274,eor&eth;lice,<code>eor&amp;d;lice</code>,1,0.0004108
274,et,<code>et</code>,1,0.0004108
274,euan,<code>euan</code>,1,0.0004108
274,f&aelig;relde,<code>f&amp;ae;relde</code>,1,0.0004108
274,f&aelig;tels,<code>f&amp;ae;tels</code>,1,0.0004108
274,feallenda,<code>feallenda</code>,1,0.0004108
274,ferde,<code>ferde</code>,1,0.0004108
274,filigde,<code>filigde</code>,1,0.0004108
274,filio,<code>filio</code>,1,0.0004108
274,fisce,<code>fisce</code>,1,0.0004108
274,fl&aelig;sclicnysse,<code>fl&amp;ae;sclicnysse</code>,1,0.0004108
274,fleame,<code>fleame</code>,1,0.0004108
274,fon,<code>fon</code>,1,0.0004108
274,for&eth;,<code>for&amp;d;</code>,1,0.0004108
274,for&eth;ferde,<code>for&amp;d;ferde</code>,1,0.0004108
274,for&eth;gang,<code>for&amp;d;gang</code>,1,0.0004108
274,for&eth;rihte,<code>for&amp;d;rihte</code>,1,0.0004108
274,forb&aelig;rnde,<code>forb&amp;ae;rnde</code>,1,0.0004108
274,forbugan,<code>forbugan</code>,1,0.0004108
274,forde&eth;,<code>forde&amp;d;</code>,1,0.0004108
274,forgeafon,<code>forgeafon</code>,1,0.0004108
274,forl&aelig;tan,<code>forl&amp;ae;tan</code>,1,0.0004108
274,forl&aelig;tene,<code>forl&amp;ae;tene</code>,1,0.0004108
274,formolsnod,<code>formolsnod</code>,1,0.0004108
274,forp&aelig;ra&eth;,<code>forp&amp;ae;ra&amp;d;</code>,1,0.0004108
274,forswealh,<code>forswealh</code>,1,0.0004108
274,forswylc&eth;,<code>forswylc&amp;d;</code>,1,0.0004108
274,frige&aelig;fen,<code>frige&amp;ae;fen</code>,1,0.0004108
274,frumsceapenan,<code>frumsceapenan</code>,1,0.0004108
274,fulgia&eth;,<code>fulgia&amp;d;</code>,1,0.0004108
274,fulluht,<code>fulluht</code>,1,0.0004108
274,fultum,<code>fultum</code>,1,0.0004108
274,fultume,<code>fultume</code>,1,0.0004108
274,fulum,<code>fulum</code>,1,0.0004108
274,fylian,<code>fylian</code>,1,0.0004108
274,ga&eth;,<code>ga&amp;d;</code>,1,0.0004108
274,ge&thorn;afode,<code>ge&amp;t;afode</code>,1,0.0004108
274,ge&thorn;eode,<code>ge&amp;t;eode</code>,1,0.0004108
274,ge&thorn;w&aelig;re,<code>ge&amp;t;w&amp;ae;re</code>,1,0.0004108
274,gearwe,<code>gearwe</code>,1,0.0004108
274,geaxode,<code>geaxode</code>,1,0.0004108
274,gebige,<code>gebige</code>,1,0.0004108
274,gebletsode,<code>gebletsode</code>,1,0.0004108
274,gebohte,<code>gebohte</code>,1,0.0004108
274,geboren,<code>geboren</code>,1,0.0004108
274,gebringan,<code>gebringan</code>,1,0.0004108
274,gebrohte,<code>gebrohte</code>,1,0.0004108
274,gebrohton,<code>gebrohton</code>,1,0.0004108
274,gebugon,<code>gebugon</code>,1,0.0004108
274,gebunden,<code>gebunden</code>,1,0.0004108
274,gebundenum,<code>gebundenum</code>,1,0.0004108
274,gebysnunga,<code>gebysnunga</code>,1,0.0004108
274,gebysnungum,<code>gebysnungum</code>,1,0.0004108
274,geceas,<code>geceas</code>,1,0.0004108
274,gecweden,<code>gecweden</code>,1,0.0004108
274,gecwemdon,<code>gecwemdon</code>,1,0.0004108
274,ged&aelig;fton,<code>ged&amp;ae;fton</code>,1,0.0004108
274,gedon,<code>gedon</code>,1,0.0004108
274,geeacnia&eth;,<code>geeacnia&amp;d;</code>,1,0.0004108
274,geefenl&aelig;ca&eth;,<code>geefenl&amp;ae;ca&amp;d;</code>,1,0.0004108
274,geendia&eth;,<code>geendia&amp;d;</code>,1,0.0004108
274,geetsta&eth;olode,<code>geetsta&amp;d;olode</code>,1,0.0004108
274,gef&aelig;stnodon,<code>gef&amp;ae;stnodon</code>,1,0.0004108
274,gefr&aelig;twad,<code>gefr&amp;ae;twad</code>,1,0.0004108
274,gefr&aelig;twodne,<code>gefr&amp;ae;twodne</code>,1,0.0004108
274,gefremmed,<code>gefremmed</code>,1,0.0004108
274,gefylled,<code>gefylled</code>,1,0.0004108
274,gefyr&eth;rod,<code>gefyr&amp;d;rod</code>,1,0.0004108
274,gegearna&eth;,<code>gegearna&amp;d;</code>,1,0.0004108
274,geglengan,<code>geglengan</code>,1,0.0004108
274,geh&aelig;ldon,<code>geh&amp;ae;ldon</code>,1,0.0004108
274,gehalgod,<code>gehalgod</code>,1,0.0004108
274,gehealdene,<code>gehealdene</code>,1,0.0004108
274,gehw&aelig;r,<code>gehw&amp;ae;r</code>,1,0.0004108
274,gehwilces,<code>gehwilces</code>,1,0.0004108
274,gehyrsum,<code>gehyrsum</code>,1,0.0004108
274,gel&aelig;dde,<code>gel&amp;ae;dde</code>,1,0.0004108
274,gel&aelig;sta&eth;,<code>gel&amp;ae;sta&amp;d;</code>,1,0.0004108
274,gela&eth;ung,<code>gela&amp;d;ung</code>,1,0.0004108
274,gela&thorn;unge,<code>gela&amp;t;unge</code>,1,0.0004108
274,geleaffulles,<code>geleaffulles</code>,1,0.0004108
274,geleaffullum,<code>geleaffullum</code>,1,0.0004108
274,geleaffulra,<code>geleaffulra</code>,1,0.0004108
274,gelimplicor,<code>gelimplicor</code>,1,0.0004108
274,gelyfa&eth;,<code>gelyfa&amp;d;</code>,1,0.0004108
274,gelyfdon,<code>gelyfdon</code>,1,0.0004108
274,gelyfede,<code>gelyfede</code>,1,0.0004108
274,gemanode,<code>gemanode</code>,1,0.0004108
274,gemetton,<code>gemetton</code>,1,0.0004108
274,genamon,<code>genamon</code>,1,0.0004108
274,geneal&aelig;can,<code>geneal&amp;ae;can</code>,1,0.0004108
274,generode,<code>generode</code>,1,0.0004108
274,genydde,<code>genydde</code>,1,0.0004108
274,geoc,<code>geoc</code>,1,0.0004108
274,geoffrion,<code>geoffrion</code>,1,0.0004108
274,georne,<code>georne</code>,1,0.0004108
274,geornfulnyss,<code>geornfulnyss</code>,1,0.0004108
274,ger&aelig;dd,<code>ger&amp;ae;dd</code>,1,0.0004108
274,ger&aelig;dum,<code>ger&amp;ae;dum</code>,1,0.0004108
274,gerade,<code>gerade</code>,1,0.0004108
274,ges&aelig;d,<code>ges&amp;ae;d</code>,1,0.0004108
274,gesadelod,<code>gesadelod</code>,1,0.0004108
274,gesawon,<code>gesawon</code>,1,0.0004108
274,gesceafta,<code>gesceafta</code>,1,0.0004108
274,gescylda&eth;,<code>gescylda&amp;d;</code>,1,0.0004108
274,geseh,<code>geseh</code>,1,0.0004108
274,geset,<code>geset</code>,1,0.0004108
274,gesetnyssum,<code>gesetnyssum</code>,1,0.0004108
274,geswincfulle,<code>geswincfulle</code>,1,0.0004108
274,getacna&eth;,<code>getacna&amp;d;</code>,1,0.0004108
274,getacnodon,<code>getacnodon</code>,1,0.0004108
274,geteald,<code>geteald</code>,1,0.0004108
274,getemed,<code>getemed</code>,1,0.0004108
274,getemeda,<code>getemeda</code>,1,0.0004108
274,getemede,<code>getemede</code>,1,0.0004108
274,getigeda,<code>getigeda</code>,1,0.0004108
274,getigede,<code>getigede</code>,1,0.0004108
274,getigedne,<code>getigedne</code>,1,0.0004108
274,getimode,<code>getimode</code>,1,0.0004108
274,getrymdon,<code>getrymdon</code>,1,0.0004108
274,gewanode,<code>gewanode</code>,1,0.0004108
274,gewem&eth;,<code>gewem&amp;d;</code>,1,0.0004108
274,gewissia&eth;,<code>gewissia&amp;d;</code>,1,0.0004108
274,gewitegod,<code>gewitegod</code>,1,0.0004108
274,gewitegode,<code>gewitegode</code>,1,0.0004108
274,gewra&eth;,<code>gewra&amp;d;</code>,1,0.0004108
274,gewri&eth;en,<code>gewri&amp;d;en</code>,1,0.0004108
274,gewuna,<code>gewuna</code>,1,0.0004108
274,gewundedon,<code>gewundedon</code>,1,0.0004108
274,gife,<code>gife</code>,1,0.0004108
274,git,<code>git</code>,1,0.0004108
274,godcundnyss,<code>godcundnyss</code>,1,0.0004108
274,godre,<code>godre</code>,1,0.0004108
274,godspelleras,<code>godspelleras</code>,1,0.0004108
274,godspellere,<code>godspellere</code>,1,0.0004108
274,gr&aelig;delice,<code>gr&amp;ae;delice</code>,1,0.0004108
274,gr&aelig;dian,<code>gr&amp;ae;dian</code>,1,0.0004108
274,gr&aelig;dig,<code>gr&amp;ae;dig</code>,1,0.0004108
274,graman,<code>graman</code>,1,0.0004108
274,gyfu,<code>gyfu</code>,1,0.0004108
274,gyldenum,<code>gyldenum</code>,1,0.0004108
274,gymeleaste,<code>gymeleaste</code>,1,0.0004108
274,h&aelig;&thorn;en,<code>h&amp;ae;&amp;t;en</code>,1,0.0004108
274,h&aelig;&thorn;enscipe,<code>h&amp;ae;&amp;t;enscipe</code>,1,0.0004108
274,h&aelig;lendes,<code>h&amp;ae;lendes</code>,1,0.0004108
274,h&aelig;lo,<code>h&amp;ae;lo</code>,1,0.0004108
274,habba&eth;,<code>habba&amp;d;</code>,1,0.0004108
274,halend,<code>halend</code>,1,0.0004108
274,halige,<code>halige</code>,1,0.0004108
274,halwendlic,<code>halwendlic</code>,1,0.0004108
274,heafodmenn,<code>heafodmenn</code>,1,0.0004108
274,heahf&aelig;deras,<code>heahf&amp;ae;deras</code>,1,0.0004108
274,heahf&aelig;derum,<code>heahf&amp;ae;derum</code>,1,0.0004108
274,healda&eth;,<code>healda&amp;d;</code>,1,0.0004108
274,healdan,<code>healdan</code>,1,0.0004108
274,healdon,<code>healdon</code>,1,0.0004108
274,healte,<code>healte</code>,1,0.0004108
274,heannysse,<code>heannysse</code>,1,0.0004108
274,heannyssum,<code>heannyssum</code>,1,0.0004108
274,helle,<code>helle</code>,1,0.0004108
274,heo,<code>heo</code>,1,0.0004108
274,heofenlica,<code>heofenlica</code>,1,0.0004108
274,heofenlican,<code>heofenlican</code>,1,0.0004108
274,heofenlice,<code>heofenlice</code>,1,0.0004108
274,heofenum,<code>heofenum</code>,1,0.0004108
274,heold,<code>heold</code>,1,0.0004108
274,heoldon,<code>heoldon</code>,1,0.0004108
274,herede,<code>herede</code>,1,0.0004108
274,heriendlic,<code>heriendlic</code>,1,0.0004108
274,herigendlic,<code>herigendlic</code>,1,0.0004108
274,herungum,<code>herungum</code>,1,0.0004108
274,hlaforda,<code>hlaforda</code>,1,0.0004108
274,hleahtrum,<code>hleahtrum</code>,1,0.0004108
274,hra&eth;e,<code>hra&amp;d;e</code>,1,0.0004108
274,hungre,<code>hungre</code>,1,0.0004108
274,hw&aelig;&eth;er,<code>hw&amp;ae;&amp;d;er</code>,1,0.0004108
274,hwa,<code>hwa</code>,1,0.0004108
274,hwile,<code>hwile</code>,1,0.0004108
274,hwilwendlicum,<code>hwilwendlicum</code>,1,0.0004108
274,hwylce,<code>hwylce</code>,1,0.0004108
274,hylt,<code>hylt</code>,1,0.0004108
274,hyne,<code>hyne</code>,1,0.0004108
274,hyra,<code>hyra</code>,1,0.0004108
274,hys,<code>hys</code>,1,0.0004108
274,iesus,<code>iesus</code>,1,0.0004108
274,iherosolimis,<code>iherosolimis</code>,1,0.0004108
274,iohannes,<code>iohannes</code>,1,0.0004108
274,ioseph,<code>ioseph</code>,1,0.0004108
274,israhela,<code>israhela</code>,1,0.0004108
274,issaias,<code>issaias</code>,1,0.0004108
274,iudei,<code>iudei</code>,1,0.0004108
274,iudeisc,<code>iudeisc</code>,1,0.0004108
274,l&aelig;da&eth;,<code>l&amp;ae;da&amp;d;</code>,1,0.0004108
274,l&aelig;ra&eth;,<code>l&amp;ae;ra&amp;d;</code>,1,0.0004108
274,l&aelig;ran,<code>l&amp;ae;ran</code>,1,0.0004108
274,l&aelig;renne,<code>l&amp;ae;renne</code>,1,0.0004108
274,l&aelig;wede,<code>l&amp;ae;wede</code>,1,0.0004108
274,lareow,<code>lareow</code>,1,0.0004108
274,lareowa,<code>lareowa</code>,1,0.0004108
274,lareowum,<code>lareowum</code>,1,0.0004108
274,larum,<code>larum</code>,1,0.0004108
274,leahtras,<code>leahtras</code>,1,0.0004108
274,leahtrum,<code>leahtrum</code>,1,0.0004108
274,leidon,<code>leidon</code>,1,0.0004108
274,leodscipes,<code>leodscipes</code>,1,0.0004108
274,leofa&eth;,<code>leofa&amp;d;</code>,1,0.0004108
274,leornia&eth;,<code>leornia&amp;d;</code>,1,0.0004108
274,leorninccnihtas,<code>leorninccnihtas</code>,1,0.0004108
274,li&eth;e,<code>li&amp;d;e</code>,1,0.0004108
274,lica&eth;,<code>lica&amp;d;</code>,1,0.0004108
274,lichama,<code>lichama</code>,1,0.0004108
274,lif,<code>lif</code>,1,0.0004108
274,lifes,<code>lifes</code>,1,0.0004108
274,lofsange,<code>lofsange</code>,1,0.0004108
274,lybba&eth;,<code>lybba&amp;d;</code>,1,0.0004108
274,lyfes,<code>lyfes</code>,1,0.0004108
274,lytle,<code>lytle</code>,1,0.0004108
274,m&aelig;ran,<code>m&amp;ae;ran</code>,1,0.0004108
274,ma,<code>ma</code>,1,0.0004108
274,mage,<code>mage</code>,1,0.0004108
274,magon,<code>magon</code>,1,0.0004108
274,manega,<code>manega</code>,1,0.0004108
274,manncynne,<code>manncynne</code>,1,0.0004108
274,mare,<code>mare</code>,1,0.0004108
274,maria,<code>maria</code>,1,0.0004108
274,martyras,<code>martyras</code>,1,0.0004108
274,martyrum,<code>martyrum</code>,1,0.0004108
274,menig,<code>menig</code>,1,0.0004108
274,mennisc,<code>mennisc</code>,1,0.0004108
274,menniscnysse,<code>menniscnysse</code>,1,0.0004108
274,mennyscnysse,<code>mennyscnysse</code>,1,0.0004108
274,merien,<code>merien</code>,1,0.0004108
274,micel,<code>micel</code>,1,0.0004108
274,micelre,<code>micelre</code>,1,0.0004108
274,mildheortnys,<code>mildheortnys</code>,1,0.0004108
274,min,<code>min</code>,1,0.0004108
274,moder,<code>moder</code>,1,0.0004108
274,modigne,<code>modigne</code>,1,0.0004108
274,mynegungum,<code>mynegungum</code>,1,0.0004108
274,n&aelig;f&eth;,<code>n&amp;ae;f&amp;d;</code>,1,0.0004108
274,n&aelig;glum,<code>n&amp;ae;glum</code>,1,0.0004108
274,n&aelig;nne,<code>n&amp;ae;nne</code>,1,0.0004108
274,n&aelig;s,<code>n&amp;ae;s</code>,1,0.0004108
274,nacedum,<code>nacedum</code>,1,0.0004108
274,nacoda,<code>nacoda</code>,1,0.0004108
274,namon,<code>namon</code>,1,0.0004108
274,nare,<code>nare</code>,1,0.0004108
274,neadunga,<code>neadunga</code>,1,0.0004108
274,nele,<code>nele</code>,1,0.0004108
274,nichodemus,<code>nichodemus</code>,1,0.0004108
274,nihton,<code>nihton</code>,1,0.0004108
274,niman,<code>niman</code>,1,0.0004108
274,nis,<code>nis</code>,1,0.0004108
274,niwre,<code>niwre</code>,1,0.0004108
274,nontid,<code>nontid</code>,1,0.0004108
274,nydde,<code>nydde</code>,1,0.0004108
274,nyten,<code>nyten</code>,1,0.0004108
274,nytenum,<code>nytenum</code>,1,0.0004108
274,o&eth;re,<code>o&amp;d;re</code>,1,0.0004108
274,o&eth;res,<code>o&amp;d;res</code>,1,0.0004108
274,o&eth;rum,<code>o&amp;d;rum</code>,1,0.0004108
274,ofer,<code>ofer</code>,1,0.0004108
274,oferwan,<code>oferwan</code>,1,0.0004108
274,oferwinnan,<code>oferwinnan</code>,1,0.0004108
274,oferwunnon,<code>oferwunnon</code>,1,0.0004108
274,offringsang,<code>offringsang</code>,1,0.0004108
274,ofslean,<code>ofslean</code>,1,0.0004108
274,oft,<code>oft</code>,1,0.0004108
274,oliueti,<code>oliueti</code>,1,0.0004108
274,onginne,<code>onginne</code>,1,0.0004108
274,osanna,<code>osanna</code>,1,0.0004108
274,palmarvm,<code>palmarvm</code>,1,0.0004108
274,paulus,<code>paulus</code>,1,0.0004108
274,petrus,<code>petrus</code>,1,0.0004108
274,pluccia&eth;,<code>pluccia&amp;d;</code>,1,0.0004108
274,r&aelig;da&eth;,<code>r&amp;ae;da&amp;d;</code>,1,0.0004108
274,r&aelig;dinge,<code>r&amp;ae;dinge</code>,1,0.0004108
274,rad,<code>rad</code>,1,0.0004108
274,rapum,<code>rapum</code>,1,0.0004108
274,re&eth;an,<code>re&amp;d;an</code>,1,0.0004108
274,reccenne,<code>reccenne</code>,1,0.0004108
274,reliqua,<code>reliqua</code>,1,0.0004108
274,reste,<code>reste</code>,1,0.0004108
274,ridan,<code>ridan</code>,1,0.0004108
274,ridende,<code>ridende</code>,1,0.0004108
274,rihtlice,<code>rihtlice</code>,1,0.0004108
274,rihtne,<code>rihtne</code>,1,0.0004108
274,rihtwisan,<code>rihtwisan</code>,1,0.0004108
274,rihtwisnys,<code>rihtwisnys</code>,1,0.0004108
274,rihtwisra,<code>rihtwisra</code>,1,0.0004108
274,rixa&eth;,<code>rixa&amp;d;</code>,1,0.0004108
274,rode,<code>rode</code>,1,0.0004108
274,s&aelig;,<code>s&amp;ae;</code>,1,0.0004108
274,s&aelig;terniht,<code>s&amp;ae;terniht</code>,1,0.0004108
274,sace,<code>sace</code>,1,0.0004108
274,sacerd,<code>sacerd</code>,1,0.0004108
274,sacerdas,<code>sacerdas</code>,1,0.0004108
274,samod,<code>samod</code>,1,0.0004108
274,sang,<code>sang</code>,1,0.0004108
274,sangere,<code>sangere</code>,1,0.0004108
274,saulum,<code>saulum</code>,1,0.0004108
274,scawungstow,<code>scawungstow</code>,1,0.0004108
274,sceoldon,<code>sceoldon</code>,1,0.0004108
274,sceole,<code>sceole</code>,1,0.0004108
274,scina&eth;,<code>scina&amp;d;</code>,1,0.0004108
274,scortan,<code>scortan</code>,1,0.0004108
274,scule,<code>scule</code>,1,0.0004108
274,sealde,<code>sealde</code>,1,0.0004108
274,send,<code>send</code>,1,0.0004108
274,si,<code>si</code>,1,0.0004108
274,sib,<code>sib</code>,1,0.0004108
274,sigef&aelig;st,<code>sigef&amp;ae;st</code>,1,0.0004108
274,sigef&aelig;ste,<code>sigef&amp;ae;ste</code>,1,0.0004108
274,singa&eth;,<code>singa&amp;d;</code>,1,0.0004108
274,singan,<code>singan</code>,1,0.0004108
274,sint,<code>sint</code>,1,0.0004108
274,sion,<code>sion</code>,1,0.0004108
274,slege,<code>slege</code>,1,0.0004108
274,smeadon,<code>smeadon</code>,1,0.0004108
274,smeagunge,<code>smeagunge</code>,1,0.0004108
274,so&eth;f&aelig;stnysse,<code>so&amp;d;f&amp;ae;stnysse</code>,1,0.0004108
274,spere,<code>spere</code>,1,0.0004108
274,spr&aelig;c,<code>spr&amp;ae;c</code>,1,0.0004108
274,spr&aelig;ce,<code>spr&amp;ae;ce</code>,1,0.0004108
274,sprecan,<code>sprecan</code>,1,0.0004108
274,sprytte,<code>sprytte</code>,1,0.0004108
274,stedan,<code>stedan</code>,1,0.0004108
274,stent,<code>stent</code>,1,0.0004108
274,stica&eth;,<code>stica&amp;d;</code>,1,0.0004108
274,stincende,<code>stincende</code>,1,0.0004108
274,stop,<code>stop</code>,1,0.0004108
274,stopon,<code>stopon</code>,1,0.0004108
274,strangre,<code>strangre</code>,1,0.0004108
274,stunt,<code>stunt</code>,1,0.0004108
274,stunte,<code>stunte</code>,1,0.0004108
274,stuntnysse,<code>stuntnysse</code>,1,0.0004108
274,sum,<code>sum</code>,1,0.0004108
274,suna,<code>suna</code>,1,0.0004108
274,sungan,<code>sungan</code>,1,0.0004108
274,sunnand&aelig;g,<code>sunnand&amp;ae;g</code>,1,0.0004108
274,sunnanniht,<code>sunnanniht</code>,1,0.0004108
274,sunne,<code>sunne</code>,1,0.0004108
274,sw&aelig;re,<code>sw&amp;ae;re</code>,1,0.0004108
274,swurde,<code>swurde</code>,1,0.0004108
274,swyran,<code>swyran</code>,1,0.0004108
274,sy&eth;&eth;an,<code>sy&amp;d;&amp;d;an</code>,1,0.0004108
274,syfan,<code>syfan</code>,1,0.0004108
274,sylf,<code>sylf</code>,1,0.0004108
274,sylfum,<code>sylfum</code>,1,0.0004108
274,synd,<code>synd</code>,1,0.0004108
274,syndon,<code>syndon</code>,1,0.0004108
274,synfulra,<code>synfulra</code>,1,0.0004108
274,syngie,<code>syngie</code>,1,0.0004108
274,synna,<code>synna</code>,1,0.0004108
274,syrewydon,<code>syrewydon</code>,1,0.0004108
274,temple,<code>temple</code>,1,0.0004108
274,timan,<code>timan</code>,1,0.0004108
274,tintregum,<code>tintregum</code>,1,0.0004108
274,tod&aelig;g,<code>tod&amp;ae;g</code>,1,0.0004108
274,toforan,<code>toforan</code>,1,0.0004108
274,tog&aelig;dere,<code>tog&amp;ae;dere</code>,1,0.0004108
274,toweard,<code>toweard</code>,1,0.0004108
274,trahte,<code>trahte</code>,1,0.0004108
274,treowa,<code>treowa</code>,1,0.0004108
274,treowum,<code>treowum</code>,1,0.0004108
274,twa,<code>twa</code>,1,0.0004108
274,twam,<code>twam</code>,1,0.0004108
274,un&thorn;eawas,<code>un&amp;t;eawas</code>,1,0.0004108
274,unbindan,<code>unbindan</code>,1,0.0004108
274,unbinde,<code>unbinde</code>,1,0.0004108
274,unbunden,<code>unbunden</code>,1,0.0004108
274,uncl&aelig;nnysse,<code>uncl&amp;ae;nnysse</code>,1,0.0004108
274,ungeleaffullan,<code>ungeleaffullan</code>,1,0.0004108
274,ungesceadwis,<code>ungesceadwis</code>,1,0.0004108
274,ungetemed,<code>ungetemed</code>,1,0.0004108
274,unsce&eth;&eth;ian,<code>unsce&amp;d;&amp;d;ian</code>,1,0.0004108
274,untigan,<code>untigan</code>,1,0.0004108
274,untige,<code>untige</code>,1,0.0004108
274,untigea&eth;,<code>untigea&amp;d;</code>,1,0.0004108
274,ures,<code>ures</code>,1,0.0004108
274,uton,<code>uton</code>,1,0.0004108
274,w&aelig;re,<code>w&amp;ae;re</code>,1,0.0004108
274,w&aelig;tere,<code>w&amp;ae;tere</code>,1,0.0004108
274,wacan,<code>wacan</code>,1,0.0004108
274,wear&eth;,<code>wear&amp;d;</code>,1,0.0004108
274,weig,<code>weig</code>,1,0.0004108
274,wel,<code>wel</code>,1,0.0004108
274,weorc,<code>weorc</code>,1,0.0004108
274,weorce,<code>weorce</code>,1,0.0004108
274,werod,<code>werod</code>,1,0.0004108
274,wi&eth;,<code>wi&amp;d;</code>,1,0.0004108
274,wi&eth;cwe&eth;an,<code>wi&amp;d;cwe&amp;d;an</code>,1,0.0004108
274,wi&eth;standan,<code>wi&amp;d;standan</code>,1,0.0004108
274,wi&eth;stande,<code>wi&amp;d;stande</code>,1,0.0004108
274,wif,<code>wif</code>,1,0.0004108
274,wilda,<code>wilda</code>,1,0.0004108
274,willa&eth;,<code>willa&amp;d;</code>,1,0.0004108
274,wille,<code>wille</code>,1,0.0004108
274,wisdome,<code>wisdome</code>,1,0.0004108
274,wisra,<code>wisra</code>,1,0.0004108
274,witegan,<code>witegan</code>,1,0.0004108
274,worhte,<code>worhte</code>,1,0.0004108
274,wucan,<code>wucan</code>,1,0.0004108
274,wuldor,<code>wuldor</code>,1,0.0004108
274,wuldria&eth;,<code>wuldria&amp;d;</code>,1,0.0004108
274,wuldrode,<code>wuldrode</code>,1,0.0004108
274,wundra,<code>wundra</code>,1,0.0004108
274,wur&eth;e,<code>wur&amp;d;e</code>,1,0.0004108
274,wurhton,<code>wurhton</code>,1,0.0004108
274,ydela,<code>ydela</code>,1,0.0004108
274,yfel,<code>yfel</code>,1,0.0004108
274,ylca,<code>ylca</code>,1,0.0004108
274,ymbe,<code>ymbe</code>,1,0.0004108
274,ymbscrydde,<code>ymbscrydde</code>,1,0.0004108
