B_Prose,B01,B01.001.007_AECHom_I__6_T02100.txt,810,532,2170
RANK,HTML WORD,RAW WORD,COUNT,RELATIVE FREQUENCY
1,&amp;,<code>&amp;amp;</code>,97,0.0447005
2,on,<code>on</code>,77,0.0354839
3,&thorn;&aelig;t,<code>&amp;t;&amp;ae;t</code>,46,0.0211982
4,se,<code>se</code>,37,0.0170507
5,&thorn;e,<code>&amp;t;e</code>,34,0.0156682
6,he,<code>he</code>,31,0.0142857
6,his,<code>his</code>,31,0.0142857
6,is,<code>is</code>,31,0.0142857
9,&thorn;am,<code>&amp;t;am</code>,27,0.0124424
9,to,<code>to</code>,27,0.0124424
11,swa,<code>swa</code>,26,0.0119816
12,ac,<code>ac</code>,23,0.0105991
13,mid,<code>mid</code>,22,0.0101382
13,ne,<code>ne</code>,22,0.0101382
15,hi,<code>hi</code>,20,0.0092166
16,for,<code>for</code>,18,0.0082949
17,&thorn;a,<code>&amp;t;a</code>,17,0.0078341
17,d&aelig;ge,<code>d&amp;ae;ge</code>,17,0.0078341
17,w&aelig;s,<code>w&amp;ae;s</code>,17,0.0078341
20,&eth;e,<code>&amp;d;e</code>,16,0.0073733
20,god,<code>god</code>,16,0.0073733
20,we,<code>we</code>,16,0.0073733
23,&thorn;onne,<code>&amp;t;onne</code>,15,0.0069124
24,cw&aelig;&eth;,<code>cw&amp;ae;&amp;d;</code>,14,0.0064516
24,ge,<code>ge</code>,14,0.0064516
24,heora,<code>heora</code>,14,0.0064516
27,&thorn;an,<code>&amp;t;an</code>,13,0.0059908
27,him,<code>him</code>,13,0.0059908
29,&eth;a,<code>&amp;d;a</code>,12,0.0055300
29,geares,<code>geares</code>,12,0.0055300
29,godes,<code>godes</code>,12,0.0055300
29,ic,<code>ic</code>,12,0.0055300
33,&aelig;fter,<code>&amp;ae;fter</code>,11,0.0050691
33,&eth;&aelig;t,<code>&amp;d;&amp;ae;t</code>,11,0.0050691
33,fram,<code>fram</code>,11,0.0050691
36,&thorn;&aelig;re,<code>&amp;t;&amp;ae;re</code>,10,0.0046083
36,buton,<code>buton</code>,10,0.0046083
36,gesette,<code>gesette</code>,10,0.0046083
36,sind,<code>sind</code>,10,0.0046083
40,beo,<code>beo</code>,9,0.0041475
40,gif,<code>gif</code>,9,0.0041475
40,hit,<code>hit</code>,9,0.0041475
40,naman,<code>naman</code>,9,0.0041475
40,of,<code>of</code>,9,0.0041475
40,wed,<code>wed</code>,9,0.0041475
46,&thorn;&aelig;s,<code>&amp;t;&amp;ae;s</code>,8,0.0036866
46,&thorn;urh,<code>&amp;t;urh</code>,8,0.0036866
46,eac,<code>eac</code>,8,0.0036866
46,min,<code>min</code>,8,0.0036866
46,nu,<code>nu</code>,8,0.0036866
46,sy,<code>sy</code>,8,0.0036866
46,ure,<code>ure</code>,8,0.0036866
53,&aelig;,<code>&amp;ae;</code>,7,0.0032258
53,&thorn;one,<code>&amp;t;one</code>,7,0.0032258
53,abraham,<code>abraham</code>,7,0.0032258
53,beo&eth;,<code>beo&amp;d;</code>,7,0.0032258
53,bi&eth;,<code>bi&amp;d;</code>,7,0.0032258
53,d&aelig;g,<code>d&amp;ae;g</code>,7,0.0032258
53,ealdan,<code>ealdan</code>,7,0.0032258
60,&aelig;r,<code>&amp;ae;r</code>,6,0.0027650
60,be,<code>be</code>,6,0.0027650
60,betwux,<code>betwux</code>,6,0.0027650
60,ealle,<code>ealle</code>,6,0.0027650
60,f&aelig;der,<code>f&amp;ae;der</code>,6,0.0027650
60,nis,<code>nis</code>,6,0.0027650
60,w&aelig;ron,<code>w&amp;ae;ron</code>,6,0.0027650
60,ymbsniden,<code>ymbsniden</code>,6,0.0027650
68,abrahames,<code>abrahames</code>,5,0.0023041
68,bletsunge,<code>bletsunge</code>,5,0.0023041
68,cild,<code>cild</code>,5,0.0023041
68,gesceafta,<code>gesceafta</code>,5,0.0023041
68,hw&aelig;t,<code>hw&amp;ae;t</code>,5,0.0023041
68,mannum,<code>mannum</code>,5,0.0023041
68,me,<code>me</code>,5,0.0023041
68,mihte,<code>mihte</code>,5,0.0023041
68,monan,<code>monan</code>,5,0.0023041
68,seo,<code>seo</code>,5,0.0023041
68,symle,<code>symle</code>,5,0.0023041
68,tida,<code>tida</code>,5,0.0023041
68,w&aelig;re,<code>w&amp;ae;re</code>,5,0.0023041
68,ymbsnidenysse,<code>ymbsnidenysse</code>,5,0.0023041
82,&aelig;lc,<code>&amp;ae;lc</code>,4,0.0018433
82,&aelig;lmihtigan,<code>&amp;ae;lmihtigan</code>,4,0.0018433
82,&thorn;isum,<code>&amp;t;isum</code>,4,0.0018433
82,com,<code>com</code>,4,0.0018433
82,ealdor,<code>ealdor</code>,4,0.0018433
82,fyrmest,<code>fyrmest</code>,4,0.0018433
82,galnysse,<code>galnysse</code>,4,0.0018433
82,gehaten,<code>gehaten</code>,4,0.0018433
82,gesceade,<code>gesceade</code>,4,0.0018433
82,gesceapene,<code>gesceapene</code>,4,0.0018433
82,gesceapenysse,<code>gesceapenysse</code>,4,0.0018433
82,halgan,<code>halgan</code>,4,0.0018433
82,het,<code>het</code>,4,0.0018433
82,hine,<code>hine</code>,4,0.0018433
82,hire,<code>hire</code>,4,0.0018433
82,micclum,<code>micclum</code>,4,0.0018433
82,na,<code>na</code>,4,0.0018433
82,nama,<code>nama</code>,4,0.0018433
82,nan,<code>nan</code>,4,0.0018433
82,sceolon,<code>sceolon</code>,4,0.0018433
82,sette,<code>sette</code>,4,0.0018433
82,tacen,<code>tacen</code>,4,0.0018433
82,ylca,<code>ylca</code>,4,0.0018433
105,&aelig;lmihtiga,<code>&amp;ae;lmihtiga</code>,3,0.0013825
105,&eth;&aelig;s,<code>&amp;d;&amp;ae;s</code>,3,0.0013825
105,&eth;am,<code>&amp;d;am</code>,3,0.0013825
105,&eth;eoda,<code>&amp;d;eoda</code>,3,0.0013825
105,&eth;is,<code>&amp;d;is</code>,3,0.0013825
105,&thorn;eah,<code>&amp;t;eah</code>,3,0.0013825
105,&thorn;eawum,<code>&amp;t;eawum</code>,3,0.0013825
105,&thorn;eoda,<code>&amp;t;eoda</code>,3,0.0013825
105,&thorn;in,<code>&amp;t;in</code>,3,0.0013825
105,&thorn;u,<code>&amp;t;u</code>,3,0.0013825
105,&thorn;yssere,<code>&amp;t;yssere</code>,3,0.0013825
105,angin,<code>angin</code>,3,0.0013825
105,apostol,<code>apostol</code>,3,0.0013825
105,crist,<code>crist</code>,3,0.0013825
105,cristendom,<code>cristendom</code>,3,0.0013825
105,cristenum,<code>cristenum</code>,3,0.0013825
105,dagas,<code>dagas</code>,3,0.0013825
105,dagum,<code>dagum</code>,3,0.0013825
105,eahteo&thorn;an,<code>eahteo&amp;t;an</code>,3,0.0013825
105,eallum,<code>eallum</code>,3,0.0013825
105,ealra,<code>ealra</code>,3,0.0013825
105,eow,<code>eow</code>,3,0.0013825
105,folc,<code>folc</code>,3,0.0013825
105,geciged,<code>geciged</code>,3,0.0013825
105,gescyppan,<code>gescyppan</code>,3,0.0013825
105,gode,<code>gode</code>,3,0.0013825
105,h&aelig;lend,<code>h&amp;ae;lend</code>,3,0.0013825
105,habba&eth;,<code>habba&amp;d;</code>,3,0.0013825
105,hata&eth;,<code>hata&amp;d;</code>,3,0.0013825
105,hysecild,<code>hysecild</code>,3,0.0013825
105,iesus,<code>iesus</code>,3,0.0013825
105,lareow,<code>lareow</code>,3,0.0013825
105,lif,<code>lif</code>,3,0.0013825
105,man,<code>man</code>,3,0.0013825
105,manegra,<code>manegra</code>,3,0.0013825
105,men,<code>men</code>,3,0.0013825
105,nane,<code>nane</code>,3,0.0013825
105,oft,<code>oft</code>,3,0.0013825
105,rice,<code>rice</code>,3,0.0013825
105,scyppend,<code>scyppend</code>,3,0.0013825
105,sum,<code>sum</code>,3,0.0013825
105,sylf,<code>sylf</code>,3,0.0013825
105,urum,<code>urum</code>,3,0.0013825
105,us,<code>us</code>,3,0.0013825
105,wif,<code>wif</code>,3,0.0013825
105,wiglungum,<code>wiglungum</code>,3,0.0013825
105,witega,<code>witega</code>,3,0.0013825
105,ymbrene,<code>ymbrene</code>,3,0.0013825
105,ymbsnidene,<code>ymbsnidene</code>,3,0.0013825
154,&aelig;lcere,<code>&amp;ae;lcere</code>,2,0.0009217
154,&eth;es,<code>&amp;d;es</code>,2,0.0009217
154,&eth;i,<code>&amp;d;i</code>,2,0.0009217
154,&eth;one,<code>&amp;d;one</code>,2,0.0009217
154,&eth;u,<code>&amp;d;u</code>,2,0.0009217
154,&thorn;ing,<code>&amp;t;ing</code>,2,0.0009217
154,&thorn;ingum,<code>&amp;t;ingum</code>,2,0.0009217
154,&thorn;is,<code>&amp;t;is</code>,2,0.0009217
154,abrahame,<code>abrahame</code>,2,0.0009217
154,abram,<code>abram</code>,2,0.0009217
154,acennednysse,<code>acennednysse</code>,2,0.0009217
154,anginn,<code>anginn</code>,2,0.0009217
154,anum,<code>anum</code>,2,0.0009217
154,awende,<code>awende</code>,2,0.0009217
154,aydlode,<code>aydlode</code>,2,0.0009217
154,beon,<code>beon</code>,2,0.0009217
154,biggenge,<code>biggenge</code>,2,0.0009217
154,bist,<code>bist</code>,2,0.0009217
154,bocum,<code>bocum</code>,2,0.0009217
154,cepa&eth;,<code>cepa&amp;d;</code>,2,0.0009217
154,come,<code>come</code>,2,0.0009217
154,criste,<code>criste</code>,2,0.0009217
154,cristen,<code>cristen</code>,2,0.0009217
154,cristene,<code>cristene</code>,2,0.0009217
154,cristes,<code>cristes</code>,2,0.0009217
154,cynn,<code>cynn</code>,2,0.0009217
154,d&aelig;gi,<code>d&amp;ae;gi</code>,2,0.0009217
154,deofol,<code>deofol</code>,2,0.0009217
154,do&eth;,<code>do&amp;d;</code>,2,0.0009217
154,domini,<code>domini</code>,2,0.0009217
154,drihtnes,<code>drihtnes</code>,2,0.0009217
154,dyslic,<code>dyslic</code>,2,0.0009217
154,eahta,<code>eahta</code>,2,0.0009217
154,eahteo&eth;an,<code>eahteo&amp;d;an</code>,2,0.0009217
154,eall,<code>eall</code>,2,0.0009217
154,eft,<code>eft</code>,2,0.0009217
154,emnihte,<code>emnihte</code>,2,0.0009217
154,eor&eth;e,<code>eor&amp;d;e</code>,2,0.0009217
154,eower,<code>eower</code>,2,0.0009217
154,est,<code>est</code>,2,0.0009217
154,feor&thorn;an,<code>feor&amp;t;an</code>,2,0.0009217
154,feower,<code>feower</code>,2,0.0009217
154,foresceawunge,<code>foresceawunge</code>,2,0.0009217
154,fulluht,<code>fulluht</code>,2,0.0009217
154,fullum,<code>fullum</code>,2,0.0009217
154,gastlice,<code>gastlice</code>,2,0.0009217
154,gastlicum,<code>gastlicum</code>,2,0.0009217
154,gearlice,<code>gearlice</code>,2,0.0009217
154,gedwylde,<code>gedwylde</code>,2,0.0009217
154,geeacnod,<code>geeacnod</code>,2,0.0009217
154,gehwa,<code>gehwa</code>,2,0.0009217
154,gehyred,<code>gehyred</code>,2,0.0009217
154,geleafan,<code>geleafan</code>,2,0.0009217
154,geleaffullum,<code>geleaffullum</code>,2,0.0009217
154,gescead,<code>gescead</code>,2,0.0009217
154,gesceape,<code>gesceape</code>,2,0.0009217
154,geswutelunge,<code>geswutelunge</code>,2,0.0009217
154,getacnode,<code>getacnode</code>,2,0.0009217
154,getacnunge,<code>getacnunge</code>,2,0.0009217
154,getel,<code>getel</code>,2,0.0009217
154,gewunan,<code>gewunan</code>,2,0.0009217
154,gife,<code>gife</code>,2,0.0009217
154,h&aelig;&eth;enum,<code>h&amp;ae;&amp;d;enum</code>,2,0.0009217
154,halige,<code>halige</code>,2,0.0009217
154,healdan,<code>healdan</code>,2,0.0009217
154,hebreiscan,<code>hebreiscan</code>,2,0.0009217
154,hebreisce,<code>hebreisce</code>,2,0.0009217
154,heofenan,<code>heofenan</code>,2,0.0009217
154,heold,<code>heold</code>,2,0.0009217
154,heortan,<code>heortan</code>,2,0.0009217
154,heretoga,<code>heretoga</code>,2,0.0009217
154,inno&eth;e,<code>inno&amp;d;e</code>,2,0.0009217
154,isaac,<code>isaac</code>,2,0.0009217
154,kalendas,<code>kalendas</code>,2,0.0009217
154,lator,<code>lator</code>,2,0.0009217
154,leahtrum,<code>leahtrum</code>,2,0.0009217
154,lenctenlicere,<code>lenctenlicere</code>,2,0.0009217
154,lichaman,<code>lichaman</code>,2,0.0009217
154,lichamlice,<code>lichamlice</code>,2,0.0009217
154,losa&eth;,<code>losa&amp;d;</code>,2,0.0009217
154,menn,<code>menn</code>,2,0.0009217
154,micel,<code>micel</code>,2,0.0009217
154,moyses,<code>moyses</code>,2,0.0009217
154,mu&eth;,<code>mu&amp;d;</code>,2,0.0009217
154,n&aelig;re,<code>n&amp;ae;re</code>,2,0.0009217
154,nanum,<code>nanum</code>,2,0.0009217
154,nyten,<code>nyten</code>,2,0.0009217
154,o&eth;,<code>o&amp;d;</code>,2,0.0009217
154,o&eth;&eth;e,<code>o&amp;d;&amp;d;e</code>,2,0.0009217
154,ofspring,<code>ofspring</code>,2,0.0009217
154,ofspringe,<code>ofspringe</code>,2,0.0009217
154,ongunnon,<code>ongunnon</code>,2,0.0009217
154,ongynna&eth;,<code>ongynna&amp;d;</code>,2,0.0009217
154,paulus,<code>paulus</code>,2,0.0009217
154,pricum,<code>pricum</code>,2,0.0009217
154,s&aelig;,<code>s&amp;ae;</code>,2,0.0009217
154,sarai,<code>sarai</code>,2,0.0009217
154,sarra,<code>sarra</code>,2,0.0009217
154,sawle,<code>sawle</code>,2,0.0009217
154,sawul,<code>sawul</code>,2,0.0009217
154,sceoldon,<code>sceoldon</code>,2,0.0009217
154,sceole,<code>sceole</code>,2,0.0009217
154,secga&eth;,<code>secga&amp;d;</code>,2,0.0009217
154,so&eth;lice,<code>so&amp;d;lice</code>,2,0.0009217
154,stafum,<code>stafum</code>,2,0.0009217
154,stan,<code>stan</code>,2,0.0009217
154,sume,<code>sume</code>,2,0.0009217
154,sunu,<code>sunu</code>,2,0.0009217
154,swi&thorn;ost,<code>swi&amp;t;ost</code>,2,0.0009217
154,swilce,<code>swilce</code>,2,0.0009217
154,sy&eth;&eth;an,<code>sy&amp;d;&amp;d;an</code>,2,0.0009217
154,synderlice,<code>synderlice</code>,2,0.0009217
154,tunglan,<code>tunglan</code>,2,0.0009217
154,uocatum,<code>uocatum</code>,2,0.0009217
154,urne,<code>urne</code>,2,0.0009217
154,wanian,<code>wanian</code>,2,0.0009217
154,wanunge,<code>wanunge</code>,2,0.0009217
154,wear&eth;,<code>wear&amp;d;</code>,2,0.0009217
154,wi&eth;,<code>wi&amp;d;</code>,2,0.0009217
154,witodlice,<code>witodlice</code>,2,0.0009217
154,worulde,<code>worulde</code>,2,0.0009217
154,wucan,<code>wucan</code>,2,0.0009217
154,wur&eth;mynte,<code>wur&amp;d;mynte</code>,2,0.0009217
154,yfelre,<code>yfelre</code>,2,0.0009217
154,ymsniden,<code>ymsniden</code>,2,0.0009217
279,&aelig;&eth;elum,<code>&amp;ae;&amp;d;elum</code>,1,0.0004608
279,&aelig;&thorn;elboren,<code>&amp;ae;&amp;t;elboren</code>,1,0.0004608
279,&aelig;fen,<code>&amp;ae;fen</code>,1,0.0004608
279,&aelig;g&thorn;er,<code>&amp;ae;g&amp;t;er</code>,1,0.0004608
279,&aelig;licum,<code>&amp;ae;licum</code>,1,0.0004608
279,&aelig;lmihtig,<code>&amp;ae;lmihtig</code>,1,0.0004608
279,&aelig;nig,<code>&amp;ae;nig</code>,1,0.0004608
279,&aelig;nige,<code>&amp;ae;nige</code>,1,0.0004608
279,&aelig;rest,<code>&amp;ae;rest</code>,1,0.0004608
279,&aelig;t,<code>&amp;ae;t</code>,1,0.0004608
279,&aelig;tforeweardan,<code>&amp;ae;tforeweardan</code>,1,0.0004608
279,&eth;&aelig;r,<code>&amp;d;&amp;ae;r</code>,1,0.0004608
279,&eth;as,<code>&amp;d;as</code>,1,0.0004608
279,&eth;earle,<code>&amp;d;earle</code>,1,0.0004608
279,&eth;ing,<code>&amp;d;ing</code>,1,0.0004608
279,&eth;inge,<code>&amp;d;inge</code>,1,0.0004608
279,&eth;urh,<code>&amp;d;urh</code>,1,0.0004608
279,&eth;y,<code>&amp;d;y</code>,1,0.0004608
279,&thorn;&aelig;ra,<code>&amp;t;&amp;ae;ra</code>,1,0.0004608
279,&thorn;ancigende,<code>&amp;t;ancigende</code>,1,0.0004608
279,&thorn;as,<code>&amp;t;as</code>,1,0.0004608
279,&thorn;eahhw&aelig;&eth;ere,<code>&amp;t;eahhw&amp;ae;&amp;d;ere</code>,1,0.0004608
279,&thorn;eningbec,<code>&amp;t;eningbec</code>,1,0.0004608
279,&thorn;eodum,<code>&amp;t;eodum</code>,1,0.0004608
279,&thorn;eowan,<code>&amp;t;eowan</code>,1,0.0004608
279,&thorn;eowetling,<code>&amp;t;eowetling</code>,1,0.0004608
279,&thorn;es,<code>&amp;t;es</code>,1,0.0004608
279,&thorn;i,<code>&amp;t;i</code>,1,0.0004608
279,&thorn;inc&eth;,<code>&amp;t;inc&amp;d;</code>,1,0.0004608
279,&thorn;ince,<code>&amp;t;ince</code>,1,0.0004608
279,&thorn;ines,<code>&amp;t;ines</code>,1,0.0004608
279,&thorn;inum,<code>&amp;t;inum</code>,1,0.0004608
279,&thorn;on,<code>&amp;t;on</code>,1,0.0004608
279,&thorn;rim,<code>&amp;t;rim</code>,1,0.0004608
279,&thorn;rowa&eth;,<code>&amp;t;rowa&amp;d;</code>,1,0.0004608
279,&thorn;ry,<code>&amp;t;ry</code>,1,0.0004608
279,&thorn;us,<code>&amp;t;us</code>,1,0.0004608
279,&thorn;wyrlice,<code>&amp;t;wyrlice</code>,1,0.0004608
279,&thorn;y,<code>&amp;t;y</code>,1,0.0004608
279,&thorn;ysne,<code>&amp;t;ysne</code>,1,0.0004608
279,&thorn;ysum,<code>&amp;t;ysum</code>,1,0.0004608
279,a,<code>a</code>,1,0.0004608
279,ab,<code>ab</code>,1,0.0004608
279,acen&eth;,<code>acen&amp;d;</code>,1,0.0004608
279,acenned,<code>acenned</code>,1,0.0004608
279,acumendlicor,<code>acumendlicor</code>,1,0.0004608
279,acwealdon,<code>acwealdon</code>,1,0.0004608
279,adrih&eth;,<code>adrih&amp;d;</code>,1,0.0004608
279,aduentum,<code>aduentum</code>,1,0.0004608
279,afeormode,<code>afeormode</code>,1,0.0004608
279,afylled,<code>afylled</code>,1,0.0004608
279,agyldan,<code>agyldan</code>,1,0.0004608
279,alyfed,<code>alyfed</code>,1,0.0004608
279,alysde,<code>alysde</code>,1,0.0004608
279,alysend,<code>alysend</code>,1,0.0004608
279,amen,<code>amen</code>,1,0.0004608
279,andbidodon,<code>andbidodon</code>,1,0.0004608
279,andwerdnysse,<code>andwerdnysse</code>,1,0.0004608
279,angelo,<code>angelo</code>,1,0.0004608
279,anginne,<code>anginne</code>,1,0.0004608
279,angynne,<code>angynne</code>,1,0.0004608
279,anlicnysse,<code>anlicnysse</code>,1,0.0004608
279,aprilis,<code>aprilis</code>,1,0.0004608
279,arisa&eth;,<code>arisa&amp;d;</code>,1,0.0004608
279,arisan,<code>arisan</code>,1,0.0004608
279,arist,<code>arist</code>,1,0.0004608
279,arwur&eth;fullan,<code>arwur&amp;d;fullan</code>,1,0.0004608
279,ascyrede,<code>ascyrede</code>,1,0.0004608
279,aspringa&eth;,<code>aspringa&amp;d;</code>,1,0.0004608
279,astealde,<code>astealde</code>,1,0.0004608
279,astrehte,<code>astrehte</code>,1,0.0004608
279,awendan,<code>awendan</code>,1,0.0004608
279,awrat,<code>awrat</code>,1,0.0004608
279,awyrigednysse,<code>awyrigednysse</code>,1,0.0004608
279,bearn,<code>bearn</code>,1,0.0004608
279,bebead,<code>bebead</code>,1,0.0004608
279,beboda,<code>beboda</code>,1,0.0004608
279,bebodu,<code>bebodu</code>,1,0.0004608
279,beda,<code>beda</code>,1,0.0004608
279,bediglod,<code>bediglod</code>,1,0.0004608
279,befangene,<code>befangene</code>,1,0.0004608
279,beforan,<code>beforan</code>,1,0.0004608
279,behate,<code>behate</code>,1,0.0004608
279,behet,<code>behet</code>,1,0.0004608
279,beleac,<code>beleac</code>,1,0.0004608
279,belyfdon,<code>belyfdon</code>,1,0.0004608
279,benedicte,<code>benedicte</code>,1,0.0004608
279,bep&aelig;cend,<code>bep&amp;ae;cend</code>,1,0.0004608
279,besettan,<code>besettan</code>,1,0.0004608
279,bletsian,<code>bletsian</code>,1,0.0004608
279,bletsige,<code>bletsige</code>,1,0.0004608
279,bletsung,<code>bletsung</code>,1,0.0004608
279,brosnunge,<code>brosnunge</code>,1,0.0004608
279,bruca&eth;,<code>bruca&amp;d;</code>,1,0.0004608
279,bryc&eth;,<code>bryc&amp;d;</code>,1,0.0004608
279,ci&thorn;um,<code>ci&amp;t;um</code>,1,0.0004608
279,cide,<code>cide</code>,1,0.0004608
279,cilde,<code>cilde</code>,1,0.0004608
279,circumcideretur,<code>circumcideretur</code>,1,0.0004608
279,circvmcisio,<code>circvmcisio</code>,1,0.0004608
279,clypa&eth;,<code>clypa&amp;d;</code>,1,0.0004608
279,clypode,<code>clypode</code>,1,0.0004608
279,conciperetur,<code>conciperetur</code>,1,0.0004608
279,consummati,<code>consummati</code>,1,0.0004608
279,cristianus,<code>cristianus</code>,1,0.0004608
279,cwe&thorn;a&eth;,<code>cwe&amp;t;a&amp;d;</code>,1,0.0004608
279,cwe&thorn;ende,<code>cwe&amp;t;ende</code>,1,0.0004608
279,cwede,<code>cwede</code>,1,0.0004608
279,cy&eth;,<code>cy&amp;d;</code>,1,0.0004608
279,cyningas,<code>cyningas</code>,1,0.0004608
279,cynnes,<code>cynnes</code>,1,0.0004608
279,cynrene,<code>cynrene</code>,1,0.0004608
279,d&aelig;da,<code>d&amp;ae;da</code>,1,0.0004608
279,d&aelig;g&thorn;erlice,<code>d&amp;ae;g&amp;t;erlice</code>,1,0.0004608
279,d&aelig;ghwomlice,<code>d&amp;ae;ghwomlice</code>,1,0.0004608
279,d&aelig;ghwomlicere,<code>d&amp;ae;ghwomlicere</code>,1,0.0004608
279,d&aelig;ig,<code>d&amp;ae;ig</code>,1,0.0004608
279,d&aelig;l,<code>d&amp;ae;l</code>,1,0.0004608
279,daga,<code>daga</code>,1,0.0004608
279,dare,<code>dare</code>,1,0.0004608
279,dea&eth;e,<code>dea&amp;d;e</code>,1,0.0004608
279,dea&thorn;e,<code>dea&amp;t;e</code>,1,0.0004608
279,deadb&aelig;rum,<code>deadb&amp;ae;rum</code>,1,0.0004608
279,deofelicum,<code>deofelicum</code>,1,0.0004608
279,deofle,<code>deofle</code>,1,0.0004608
279,deofles,<code>deofles</code>,1,0.0004608
279,deoflicum,<code>deoflicum</code>,1,0.0004608
279,deorcynne,<code>deorcynne</code>,1,0.0004608
279,derian,<code>derian</code>,1,0.0004608
279,dies,<code>dies</code>,1,0.0004608
279,dohtra,<code>dohtra</code>,1,0.0004608
279,dorston,<code>dorston</code>,1,0.0004608
279,dracan,<code>dracan</code>,1,0.0004608
279,drihten,<code>drihten</code>,1,0.0004608
279,ea&eth;e,<code>ea&amp;d;e</code>,1,0.0004608
279,ea&eth;elice,<code>ea&amp;d;elice</code>,1,0.0004608
279,eadmodnysse,<code>eadmodnysse</code>,1,0.0004608
279,eagan,<code>eagan</code>,1,0.0004608
279,eahtateo&eth;a,<code>eahtateo&amp;d;a</code>,1,0.0004608
279,eahteo&thorn;a,<code>eahteo&amp;t;a</code>,1,0.0004608
279,eald,<code>eald</code>,1,0.0004608
279,ealde,<code>ealde</code>,1,0.0004608
279,earan,<code>earan</code>,1,0.0004608
279,earm,<code>earm</code>,1,0.0004608
279,earmra,<code>earmra</code>,1,0.0004608
279,ece,<code>ece</code>,1,0.0004608
279,ecere,<code>ecere</code>,1,0.0004608
279,ecnysse,<code>ecnysse</code>,1,0.0004608
279,edwiste,<code>edwiste</code>,1,0.0004608
279,egefullice,<code>egefullice</code>,1,0.0004608
279,egyptiscan,<code>egyptiscan</code>,1,0.0004608
279,eius,<code>eius</code>,1,0.0004608
279,endebyrdnysse,<code>endebyrdnysse</code>,1,0.0004608
279,engle,<code>engle</code>,1,0.0004608
279,eodon,<code>eodon</code>,1,0.0004608
279,eom,<code>eom</code>,1,0.0004608
279,eor&thorn;an,<code>eor&amp;t;an</code>,1,0.0004608
279,eowere,<code>eowere</code>,1,0.0004608
279,eowerum,<code>eowerum</code>,1,0.0004608
279,estfulle,<code>estfulle</code>,1,0.0004608
279,et,<code>et</code>,1,0.0004608
279,f&aelig;r,<code>f&amp;ae;r</code>,1,0.0004608
279,facne,<code>facne</code>,1,0.0004608
279,faran,<code>faran</code>,1,0.0004608
279,feawum,<code>feawum</code>,1,0.0004608
279,felles,<code>felles</code>,1,0.0004608
279,felmenes,<code>felmenes</code>,1,0.0004608
279,feor&eth;an,<code>feor&amp;d;an</code>,1,0.0004608
279,fif,<code>fif</code>,1,0.0004608
279,fl&aelig;sces,<code>fl&amp;ae;sces</code>,1,0.0004608
279,fl&aelig;sclican,<code>fl&amp;ae;sclican</code>,1,0.0004608
279,fleow&eth;,<code>fleow&amp;d;</code>,1,0.0004608
279,flint,<code>flint</code>,1,0.0004608
279,flode,<code>flode</code>,1,0.0004608
279,folce,<code>folce</code>,1,0.0004608
279,for&eth;,<code>for&amp;d;</code>,1,0.0004608
279,for&eth;rihte,<code>for&amp;d;rihte</code>,1,0.0004608
279,forcurfe,<code>forcurfe</code>,1,0.0004608
279,forg&aelig;g&eth;,<code>forg&amp;ae;g&amp;d;</code>,1,0.0004608
279,forma,<code>forma</code>,1,0.0004608
279,forman,<code>forman</code>,1,0.0004608
279,forsuwia&eth;,<code>forsuwia&amp;d;</code>,1,0.0004608
279,fotwylmys,<code>fotwylmys</code>,1,0.0004608
279,freolsia&eth;,<code>freolsia&amp;d;</code>,1,0.0004608
279,fruman,<code>fruman</code>,1,0.0004608
279,fulan,<code>fulan</code>,1,0.0004608
279,fulfremed,<code>fulfremed</code>,1,0.0004608
279,fulre,<code>fulre</code>,1,0.0004608
279,fylmene,<code>fylmene</code>,1,0.0004608
279,fyrenfulla,<code>fyrenfulla</code>,1,0.0004608
279,gang,<code>gang</code>,1,0.0004608
279,gaste,<code>gaste</code>,1,0.0004608
279,gastlican,<code>gastlican</code>,1,0.0004608
279,gastlicere,<code>gastlicere</code>,1,0.0004608
279,ge&thorn;eo&eth;,<code>ge&amp;t;eo&amp;d;</code>,1,0.0004608
279,ge&thorn;eode,<code>ge&amp;t;eode</code>,1,0.0004608
279,ge&thorn;ingc&eth;um,<code>ge&amp;t;ingc&amp;d;um</code>,1,0.0004608
279,ge&thorn;oftr&aelig;dene,<code>ge&amp;t;oftr&amp;ae;dene</code>,1,0.0004608
279,ge&thorn;ohta,<code>ge&amp;t;ohta</code>,1,0.0004608
279,ge&thorn;uht,<code>ge&amp;t;uht</code>,1,0.0004608
279,ge&thorn;uhte,<code>ge&amp;t;uhte</code>,1,0.0004608
279,ge&thorn;w&aelig;rl&aelig;c&eth;,<code>ge&amp;t;w&amp;ae;rl&amp;ae;c&amp;d;</code>,1,0.0004608
279,geara,<code>geara</code>,1,0.0004608
279,gearum,<code>gearum</code>,1,0.0004608
279,gebedda,<code>gebedda</code>,1,0.0004608
279,gebelh,<code>gebelh</code>,1,0.0004608
279,gebigde,<code>gebigde</code>,1,0.0004608
279,gebyrdtide,<code>gebyrdtide</code>,1,0.0004608
279,gecig&eth;,<code>gecig&amp;d;</code>,1,0.0004608
279,gecigged,<code>gecigged</code>,1,0.0004608
279,gecigst,<code>gecigst</code>,1,0.0004608
279,gecorenan,<code>gecorenan</code>,1,0.0004608
279,gecweden,<code>gecweden</code>,1,0.0004608
279,gecynde,<code>gecynde</code>,1,0.0004608
279,gecyndelic,<code>gecyndelic</code>,1,0.0004608
279,gedrefednysse,<code>gedrefednysse</code>,1,0.0004608
279,gedw&aelig;smen,<code>gedw&amp;ae;smen</code>,1,0.0004608
279,geearnian,<code>geearnian</code>,1,0.0004608
279,geedcenned,<code>geedcenned</code>,1,0.0004608
279,geedcuca&eth;,<code>geedcuca&amp;d;</code>,1,0.0004608
279,geedcucia&eth;,<code>geedcucia&amp;d;</code>,1,0.0004608
279,geedl&aelig;con,<code>geedl&amp;ae;con</code>,1,0.0004608
279,gef&aelig;stnunge,<code>gef&amp;ae;stnunge</code>,1,0.0004608
279,gefaran,<code>gefaran</code>,1,0.0004608
279,geferan,<code>geferan</code>,1,0.0004608
279,gefyllan,<code>gefyllan</code>,1,0.0004608
279,gefyllede,<code>gefyllede</code>,1,0.0004608
279,gefyrn,<code>gefyrn</code>,1,0.0004608
279,geglengan,<code>geglengan</code>,1,0.0004608
279,geh&aelig;fd,<code>geh&amp;ae;fd</code>,1,0.0004608
279,geh&aelig;lde,<code>geh&amp;ae;lde</code>,1,0.0004608
279,gehatene,<code>gehatene</code>,1,0.0004608
279,gehealde,<code>gehealde</code>,1,0.0004608
279,geheawene,<code>geheawene</code>,1,0.0004608
279,gehet,<code>gehet</code>,1,0.0004608
279,gehiwod,<code>gehiwod</code>,1,0.0004608
279,gehwilce,<code>gehwilce</code>,1,0.0004608
279,gehyrenne,<code>gehyrenne</code>,1,0.0004608
279,gehyrsume,<code>gehyrsume</code>,1,0.0004608
279,gehyrsumode,<code>gehyrsumode</code>,1,0.0004608
279,geihte,<code>geihte</code>,1,0.0004608
279,gel&aelig;dde,<code>gel&amp;ae;dde</code>,1,0.0004608
279,geleaffulle,<code>geleaffulle</code>,1,0.0004608
279,gelengan,<code>gelengan</code>,1,0.0004608
279,gelic,<code>gelic</code>,1,0.0004608
279,gelyfedra,<code>gelyfedra</code>,1,0.0004608
279,gem&aelig;ne,<code>gem&amp;ae;ne</code>,1,0.0004608
279,gemenigfylde,<code>gemenigfylde</code>,1,0.0004608
279,gemeta&eth;,<code>gemeta&amp;d;</code>,1,0.0004608
279,gemete,<code>gemete</code>,1,0.0004608
279,gemetf&aelig;stnysse,<code>gemetf&amp;ae;stnysse</code>,1,0.0004608
279,gemetum,<code>gemetum</code>,1,0.0004608
279,genam,<code>genam</code>,1,0.0004608
279,genemnode,<code>genemnode</code>,1,0.0004608
279,gereht,<code>gereht</code>,1,0.0004608
279,gereorde,<code>gereorde</code>,1,0.0004608
279,gerim,<code>gerim</code>,1,0.0004608
279,gerimbec,<code>gerimbec</code>,1,0.0004608
279,gerinu,<code>gerinu</code>,1,0.0004608
279,ges&aelig;l&eth;a,<code>ges&amp;ae;l&amp;d;a</code>,1,0.0004608
279,gesceaft,<code>gesceaft</code>,1,0.0004608
279,gesceop,<code>gesceop</code>,1,0.0004608
279,gesceopon,<code>gesceopon</code>,1,0.0004608
279,geset,<code>geset</code>,1,0.0004608
279,gesetnysse,<code>gesetnysse</code>,1,0.0004608
279,gesih&eth;e,<code>gesih&amp;d;e</code>,1,0.0004608
279,gespreca,<code>gespreca</code>,1,0.0004608
279,gesundfulnysse,<code>gesundfulnysse</code>,1,0.0004608
279,geswutelode,<code>geswutelode</code>,1,0.0004608
279,getacna&eth;,<code>getacna&amp;d;</code>,1,0.0004608
279,getacnung,<code>getacnung</code>,1,0.0004608
279,geteald,<code>geteald</code>,1,0.0004608
279,getele,<code>getele</code>,1,0.0004608
279,getimbrunge,<code>getimbrunge</code>,1,0.0004608
279,gewanedum,<code>gewanedum</code>,1,0.0004608
279,gewanige,<code>gewanige</code>,1,0.0004608
279,gewemmednysse,<code>gewemmednysse</code>,1,0.0004608
279,gewende,<code>gewende</code>,1,0.0004608
279,gewisson,<code>gewisson</code>,1,0.0004608
279,geworden,<code>geworden</code>,1,0.0004608
279,geworhte,<code>geworhte</code>,1,0.0004608
279,gewunelic,<code>gewunelic</code>,1,0.0004608
279,gewylde,<code>gewylde</code>,1,0.0004608
279,godcundlicum,<code>godcundlicum</code>,1,0.0004608
279,godspelle,<code>godspelle</code>,1,0.0004608
279,godspellere,<code>godspellere</code>,1,0.0004608
279,gospel,<code>gospel</code>,1,0.0004608
279,grama,<code>grama</code>,1,0.0004608
279,greciscan,<code>greciscan</code>,1,0.0004608
279,gremia&eth;,<code>gremia&amp;d;</code>,1,0.0004608
279,h&aelig;&thorn;engylda,<code>h&amp;ae;&amp;t;engylda</code>,1,0.0004608
279,h&aelig;rfeste,<code>h&amp;ae;rfeste</code>,1,0.0004608
279,h&aelig;se,<code>h&amp;ae;se</code>,1,0.0004608
279,halig,<code>halig</code>,1,0.0004608
279,halwendlice,<code>halwendlice</code>,1,0.0004608
279,handa,<code>handa</code>,1,0.0004608
279,handum,<code>handum</code>,1,0.0004608
279,heahengel,<code>heahengel</code>,1,0.0004608
279,heahf&aelig;der,<code>heahf&amp;ae;der</code>,1,0.0004608
279,heald,<code>heald</code>,1,0.0004608
279,healda&eth;,<code>healda&amp;d;</code>,1,0.0004608
279,healdon,<code>healdon</code>,1,0.0004608
279,healic,<code>healic</code>,1,0.0004608
279,heardran,<code>heardran</code>,1,0.0004608
279,hefe,<code>hefe</code>,1,0.0004608
279,hellewite,<code>hellewite</code>,1,0.0004608
279,heo,<code>heo</code>,1,0.0004608
279,heofonlican,<code>heofonlican</code>,1,0.0004608
279,heononfor&eth;,<code>heononfor&amp;d;</code>,1,0.0004608
279,heorcnunge,<code>heorcnunge</code>,1,0.0004608
279,hiht,<code>hiht</code>,1,0.0004608
279,hihte,<code>hihte</code>,1,0.0004608
279,hired,<code>hired</code>,1,0.0004608
279,hiredes,<code>hiredes</code>,1,0.0004608
279,hlaford,<code>hlaford</code>,1,0.0004608
279,hlyda,<code>hlyda</code>,1,0.0004608
279,hundnigontig,<code>hundnigontig</code>,1,0.0004608
279,hundteontig,<code>hundteontig</code>,1,0.0004608
279,hw&aelig;&thorn;ere,<code>hw&amp;ae;&amp;t;ere</code>,1,0.0004608
279,hwi,<code>hwi</code>,1,0.0004608
279,hwilc,<code>hwilc</code>,1,0.0004608
279,hylt,<code>hylt</code>,1,0.0004608
279,hyra,<code>hyra</code>,1,0.0004608
279,hyre,<code>hyre</code>,1,0.0004608
279,hyrnedan,<code>hyrnedan</code>,1,0.0004608
279,ianvarii,<code>ianvarii</code>,1,0.0004608
279,in,<code>in</code>,1,0.0004608
279,into,<code>into</code>,1,0.0004608
279,isaias,<code>isaias</code>,1,0.0004608
279,israhela,<code>israhela</code>,1,0.0004608
279,l&aelig;wedum,<code>l&amp;ae;wedum</code>,1,0.0004608
279,langf&aelig;rran,<code>langf&amp;ae;rran</code>,1,0.0004608
279,lease,<code>lease</code>,1,0.0004608
279,leasum,<code>leasum</code>,1,0.0004608
279,leaswyrcend,<code>leaswyrcend</code>,1,0.0004608
279,leoda,<code>leoda</code>,1,0.0004608
279,leoht,<code>leoht</code>,1,0.0004608
279,leonum,<code>leonum</code>,1,0.0004608
279,lichamlic,<code>lichamlic</code>,1,0.0004608
279,lime,<code>lime</code>,1,0.0004608
279,limum,<code>limum</code>,1,0.0004608
279,lof,<code>lof</code>,1,0.0004608
279,lucas,<code>lucas</code>,1,0.0004608
279,lufe,<code>lufe</code>,1,0.0004608
279,lustas,<code>lustas</code>,1,0.0004608
279,lybban,<code>lybban</code>,1,0.0004608
279,m&aelig;g,<code>m&amp;ae;g</code>,1,0.0004608
279,m&aelig;g&thorn;um,<code>m&amp;ae;g&amp;t;um</code>,1,0.0004608
279,m&aelig;genf&aelig;stre,<code>m&amp;ae;genf&amp;ae;stre</code>,1,0.0004608
279,m&aelig;ig,<code>m&amp;ae;ig</code>,1,0.0004608
279,m&aelig;ig&eth;,<code>m&amp;ae;ig&amp;d;</code>,1,0.0004608
279,magas,<code>magas</code>,1,0.0004608
279,magon,<code>magon</code>,1,0.0004608
279,mancynne,<code>mancynne</code>,1,0.0004608
279,mand&aelig;dum,<code>mand&amp;ae;dum</code>,1,0.0004608
279,manega,<code>manega</code>,1,0.0004608
279,manegum,<code>manegum</code>,1,0.0004608
279,mann,<code>mann</code>,1,0.0004608
279,manna,<code>manna</code>,1,0.0004608
279,mannes,<code>mannes</code>,1,0.0004608
279,martius,<code>martius</code>,1,0.0004608
279,menigfealde,<code>menigfealde</code>,1,0.0004608
279,menigfealdre,<code>menigfealdre</code>,1,0.0004608
279,menniscnysse,<code>menniscnysse</code>,1,0.0004608
279,menniscum,<code>menniscum</code>,1,0.0004608
279,merigen,<code>merigen</code>,1,0.0004608
279,micclan,<code>micclan</code>,1,0.0004608
279,misfara&eth;,<code>misfara&amp;d;</code>,1,0.0004608
279,moder,<code>moder</code>,1,0.0004608
279,modor,<code>modor</code>,1,0.0004608
279,mon&eth;a,<code>mon&amp;d;a</code>,1,0.0004608
279,mon&eth;as,<code>mon&amp;d;as</code>,1,0.0004608
279,mon&eth;e,<code>mon&amp;d;e</code>,1,0.0004608
279,mon&eth;es,<code>mon&amp;d;es</code>,1,0.0004608
279,mon&eth;um,<code>mon&amp;d;um</code>,1,0.0004608
279,mona,<code>mona</code>,1,0.0004608
279,mona&eth;,<code>mona&amp;d;</code>,1,0.0004608
279,monand&aelig;g,<code>monand&amp;ae;g</code>,1,0.0004608
279,monand&aelig;ge,<code>monand&amp;ae;ge</code>,1,0.0004608
279,moysen,<code>moysen</code>,1,0.0004608
279,n&aelig;ddran,<code>n&amp;ae;ddran</code>,1,0.0004608
279,n&aelig;f&eth;,<code>n&amp;ae;f&amp;d;</code>,1,0.0004608
279,n&aelig;fre,<code>n&amp;ae;fre</code>,1,0.0004608
279,n&aelig;nne,<code>n&amp;ae;nne</code>,1,0.0004608
279,n&aelig;ron,<code>n&amp;ae;ron</code>,1,0.0004608
279,nacedum,<code>nacedum</code>,1,0.0004608
279,naht,<code>naht</code>,1,0.0004608
279,name,<code>name</code>,1,0.0004608
279,neadwislice,<code>neadwislice</code>,1,0.0004608
279,nella&eth;,<code>nella&amp;d;</code>,1,0.0004608
279,nihta,<code>nihta</code>,1,0.0004608
279,niwa,<code>niwa</code>,1,0.0004608
279,niwe,<code>niwe</code>,1,0.0004608
279,niwum,<code>niwum</code>,1,0.0004608
279,noes,<code>noes</code>,1,0.0004608
279,nomen,<code>nomen</code>,1,0.0004608
279,nyte,<code>nyte</code>,1,0.0004608
279,nytenum,<code>nytenum</code>,1,0.0004608
279,o&thorn;,<code>o&amp;t;</code>,1,0.0004608
279,o&thorn;er,<code>o&amp;t;er</code>,1,0.0004608
279,o&thorn;erne,<code>o&amp;t;erne</code>,1,0.0004608
279,o&thorn;rum,<code>o&amp;t;rum</code>,1,0.0004608
279,octabas,<code>octabas</code>,1,0.0004608
279,octo,<code>octo</code>,1,0.0004608
279,ofcyrf,<code>ofcyrf</code>,1,0.0004608
279,ofspringes,<code>ofspringes</code>,1,0.0004608
279,ondr&aelig;dende,<code>ondr&amp;ae;dende</code>,1,0.0004608
279,ongean,<code>ongean</code>,1,0.0004608
279,onginna&eth;,<code>onginna&amp;d;</code>,1,0.0004608
279,ongyn&eth;,<code>ongyn&amp;d;</code>,1,0.0004608
279,onlihte,<code>onlihte</code>,1,0.0004608
279,ord,<code>ord</code>,1,0.0004608
279,ordfruma,<code>ordfruma</code>,1,0.0004608
279,orfcyn,<code>orfcyn</code>,1,0.0004608
279,petrus,<code>petrus</code>,1,0.0004608
279,postquam,<code>postquam</code>,1,0.0004608
279,priusquam,<code>priusquam</code>,1,0.0004608
279,puer,<code>puer</code>,1,0.0004608
279,quod,<code>quod</code>,1,0.0004608
279,re&thorn;um,<code>re&amp;t;um</code>,1,0.0004608
279,rihtlicost,<code>rihtlicost</code>,1,0.0004608
279,rihtlicoste,<code>rihtlicoste</code>,1,0.0004608
279,rihtum,<code>rihtum</code>,1,0.0004608
279,romani,<code>romani</code>,1,0.0004608
279,romaniscre,<code>romaniscre</code>,1,0.0004608
279,s&aelig;d,<code>s&amp;ae;d</code>,1,0.0004608
279,sara,<code>sara</code>,1,0.0004608
279,sawla,<code>sawla</code>,1,0.0004608
279,scearpecgedne,<code>scearpecgedne</code>,1,0.0004608
279,sceolde,<code>sceolde</code>,1,0.0004608
279,scyppendes,<code>scyppendes</code>,1,0.0004608
279,sealde,<code>sealde</code>,1,0.0004608
279,sex,<code>sex</code>,1,0.0004608
279,si&eth;f&aelig;te,<code>si&amp;d;f&amp;ae;te</code>,1,0.0004608
279,singallice,<code>singallice</code>,1,0.0004608
279,so&eth;f&aelig;stnysse,<code>so&amp;d;f&amp;ae;stnysse</code>,1,0.0004608
279,so&eth;re,<code>so&amp;d;re</code>,1,0.0004608
279,so&thorn;um,<code>so&amp;t;um</code>,1,0.0004608
279,spr&aelig;ce,<code>spr&amp;ae;ce</code>,1,0.0004608
279,spr&aelig;cum,<code>spr&amp;ae;cum</code>,1,0.0004608
279,st&aelig;nene,<code>st&amp;ae;nene</code>,1,0.0004608
279,steorran,<code>steorran</code>,1,0.0004608
279,stod,<code>stod</code>,1,0.0004608
279,stowe,<code>stowe</code>,1,0.0004608
279,stunte,<code>stunte</code>,1,0.0004608
279,stuntum,<code>stuntum</code>,1,0.0004608
279,sumerlicum,<code>sumerlicum</code>,1,0.0004608
279,sumne,<code>sumne</code>,1,0.0004608
279,sunnan,<code>sunnan</code>,1,0.0004608
279,sunnand&aelig;g,<code>sunnand&amp;ae;g</code>,1,0.0004608
279,sunstede,<code>sunstede</code>,1,0.0004608
279,sunt,<code>sunt</code>,1,0.0004608
279,swi&eth;e,<code>swi&amp;d;e</code>,1,0.0004608
279,swunce,<code>swunce</code>,1,0.0004608
279,swylcum,<code>swylcum</code>,1,0.0004608
279,sy&eth;&thorn;an,<code>sy&amp;d;&amp;t;an</code>,1,0.0004608
279,sylle,<code>sylle</code>,1,0.0004608
279,synna,<code>synna</code>,1,0.0004608
279,synnum,<code>synnum</code>,1,0.0004608
279,t&aelig;hte,<code>t&amp;ae;hte</code>,1,0.0004608
279,tacne,<code>tacne</code>,1,0.0004608
279,tel&eth;,<code>tel&amp;d;</code>,1,0.0004608
279,teonan,<code>teonan</code>,1,0.0004608
279,tihte,<code>tihte</code>,1,0.0004608
279,tima,<code>tima</code>,1,0.0004608
279,timan,<code>timan</code>,1,0.0004608
279,tintregum,<code>tintregum</code>,1,0.0004608
279,tocnawan,<code>tocnawan</code>,1,0.0004608
279,tot&aelig;ron,<code>tot&amp;ae;ron</code>,1,0.0004608
279,toweardan,<code>toweardan</code>,1,0.0004608
279,towurpan,<code>towurpan</code>,1,0.0004608
279,treowa,<code>treowa</code>,1,0.0004608
279,twam,<code>twam</code>,1,0.0004608
279,unateorigendlice,<code>unateorigendlice</code>,1,0.0004608
279,under&eth;eodde,<code>under&amp;d;eodde</code>,1,0.0004608
279,under&thorn;eod,<code>under&amp;t;eod</code>,1,0.0004608
279,under&thorn;eodde,<code>under&amp;t;eodde</code>,1,0.0004608
279,understandenne,<code>understandenne</code>,1,0.0004608
279,understod,<code>understod</code>,1,0.0004608
279,ungel&aelig;redum,<code>ungel&amp;ae;redum</code>,1,0.0004608
279,uns&aelig;pige,<code>uns&amp;ae;pige</code>,1,0.0004608
279,up,<code>up</code>,1,0.0004608
279,ures,<code>ures</code>,1,0.0004608
279,ut,<code>ut</code>,1,0.0004608
279,utero,<code>utero</code>,1,0.0004608
279,uton,<code>uton</code>,1,0.0004608
279,w&aelig;stme,<code>w&amp;ae;stme</code>,1,0.0004608
279,w&aelig;tere,<code>w&amp;ae;tere</code>,1,0.0004608
279,wa,<code>wa</code>,1,0.0004608
279,weldonde,<code>weldonde</code>,1,0.0004608
279,wen,<code>wen</code>,1,0.0004608
279,wene,<code>wene</code>,1,0.0004608
279,weorca,<code>weorca</code>,1,0.0004608
279,weorce,<code>weorce</code>,1,0.0004608
279,were,<code>were</code>,1,0.0004608
279,westene,<code>westene</code>,1,0.0004608
279,wi&eth;meten,<code>wi&amp;d;meten</code>,1,0.0004608
279,wifa,<code>wifa</code>,1,0.0004608
279,wigelunga,<code>wigelunga</code>,1,0.0004608
279,wiglia&eth;,<code>wiglia&amp;d;</code>,1,0.0004608
279,wiglung,<code>wiglung</code>,1,0.0004608
279,willa&eth;,<code>willa&amp;d;</code>,1,0.0004608
279,wita,<code>wita</code>,1,0.0004608
279,wite,<code>wite</code>,1,0.0004608
279,wolde,<code>wolde</code>,1,0.0004608
279,worda,<code>worda</code>,1,0.0004608
279,worde,<code>worde</code>,1,0.0004608
279,wordum,<code>wordum</code>,1,0.0004608
279,worhte,<code>worhte</code>,1,0.0004608
279,woruldlicere,<code>woruldlicere</code>,1,0.0004608
279,wrace,<code>wrace</code>,1,0.0004608
279,wuldor,<code>wuldor</code>,1,0.0004608
279,wulfum,<code>wulfum</code>,1,0.0004608
279,wunderlice,<code>wunderlice</code>,1,0.0004608
279,wunedon,<code>wunedon</code>,1,0.0004608
279,wununge,<code>wununge</code>,1,0.0004608
279,wur&thorn;mynte,<code>wur&amp;t;mynte</code>,1,0.0004608
279,wurdon,<code>wurdon</code>,1,0.0004608
279,wyriung,<code>wyriung</code>,1,0.0004608
279,wyriunge,<code>wyriunge</code>,1,0.0004608
279,wyrmcynne,<code>wyrmcynne</code>,1,0.0004608
279,xii,<code>xii</code>,1,0.0004608
279,ydel,<code>ydel</code>,1,0.0004608
279,ydelum,<code>ydelum</code>,1,0.0004608
279,yfeld&aelig;dum,<code>yfeld&amp;ae;dum</code>,1,0.0004608
279,yfeltihtend,<code>yfeltihtend</code>,1,0.0004608
279,ylcan,<code>ylcan</code>,1,0.0004608
279,ylde,<code>ylde</code>,1,0.0004608
279,ymbsna&eth;,<code>ymbsna&amp;d;</code>,1,0.0004608
279,ymbsnidenys,<code>ymbsnidenys</code>,1,0.0004608
279,ymbsnidon,<code>ymbsnidon</code>,1,0.0004608
279,yrfenuman,<code>yrfenuman</code>,1,0.0004608
