B_Prose,B01,B01.003.006_AELS__Sebastian__T03060.txt,1296,901,3641
RANK,HTML WORD,RAW WORD,COUNT,RELATIVE FREQUENCY
1,and,<code>and</code>,190,0.0521835
2,&thorn;a,<code>&amp;t;a</code>,125,0.0343312
3,to,<code>to</code>,89,0.0244438
4,on,<code>on</code>,81,0.0222466
5,&thorn;&aelig;t,<code>&amp;t;&amp;ae;t</code>,79,0.0216973
6,&thorn;e,<code>&amp;t;e</code>,67,0.0184015
7,hi,<code>hi</code>,62,0.0170283
8,he,<code>he</code>,59,0.0162043
8,his,<code>his</code>,59,0.0162043
10,mid,<code>mid</code>,57,0.0156550
11,&thorn;am,<code>&amp;t;am</code>,56,0.0153804
12,se,<code>se</code>,48,0.0131832
13,swa,<code>swa</code>,43,0.0118099
14,him,<code>him</code>,39,0.0107113
15,heora,<code>heora</code>,34,0.0093381
15,ne,<code>ne</code>,34,0.0093381
17,cw&aelig;&eth;,<code>cw&amp;ae;&amp;d;</code>,33,0.0090634
17,for,<code>for</code>,33,0.0090634
19,&eth;a,<code>&amp;d;a</code>,24,0.0065916
20,hine,<code>hine</code>,22,0.0060423
21,&thorn;one,<code>&amp;t;one</code>,21,0.0057676
22,ac,<code>ac</code>,20,0.0054930
22,sebastianus,<code>sebastianus</code>,20,0.0054930
24,&thorn;u,<code>&amp;t;u</code>,19,0.0052183
25,&eth;am,<code>&amp;d;am</code>,18,0.0049437
26,het,<code>het</code>,17,0.0046690
26,w&aelig;s,<code>w&amp;ae;s</code>,17,0.0046690
28,geleafan,<code>geleafan</code>,16,0.0043944
29,fram,<code>fram</code>,15,0.0041197
29,ge,<code>ge</code>,15,0.0041197
29,ic,<code>ic</code>,15,0.0041197
32,ealle,<code>ealle</code>,14,0.0038451
33,f&aelig;der,<code>f&amp;ae;der</code>,13,0.0035704
33,god,<code>god</code>,13,0.0035704
33,godes,<code>godes</code>,13,0.0035704
33,wear&eth;,<code>wear&amp;d;</code>,13,0.0035704
37,&aelig;fter,<code>&amp;ae;fter</code>,12,0.0032958
37,&thorn;urh,<code>&amp;t;urh</code>,12,0.0032958
37,chromatius,<code>chromatius</code>,12,0.0032958
37,of,<code>of</code>,12,0.0032958
41,&thorn;&aelig;re,<code>&amp;t;&amp;ae;re</code>,11,0.0030211
41,halgan,<code>halgan</code>,11,0.0030211
41,is,<code>is</code>,11,0.0030211
41,w&aelig;ron,<code>w&amp;ae;ron</code>,11,0.0030211
45,&eth;e,<code>&amp;d;e</code>,10,0.0027465
45,&thorn;&aelig;r,<code>&amp;t;&amp;ae;r</code>,10,0.0027465
45,eac,<code>eac</code>,10,0.0027465
45,gif,<code>gif</code>,10,0.0027465
45,sona,<code>sona</code>,10,0.0027465
45,tranquillinus,<code>tranquillinus</code>,10,0.0027465
51,anum,<code>anum</code>,9,0.0024718
51,casere,<code>casere</code>,9,0.0024718
51,criste,<code>criste</code>,9,0.0024718
51,cristes,<code>cristes</code>,9,0.0024718
51,hw&aelig;t,<code>hw&amp;ae;t</code>,9,0.0024718
51,me,<code>me</code>,9,0.0024718
51,menn,<code>menn</code>,9,0.0024718
51,nu,<code>nu</code>,9,0.0024718
59,&thorn;&aelig;s,<code>&amp;t;&amp;ae;s</code>,8,0.0021972
59,&thorn;ysum,<code>&amp;t;ysum</code>,8,0.0021972
59,crist,<code>crist</code>,8,0.0021972
59,cristenan,<code>cristenan</code>,8,0.0021972
59,eow,<code>eow</code>,8,0.0021972
59,hu,<code>hu</code>,8,0.0021972
59,ofer,<code>ofer</code>,8,0.0021972
59,si&eth;&eth;an,<code>si&amp;d;&amp;d;an</code>,8,0.0021972
67,&thorn;as,<code>&amp;t;as</code>,7,0.0019225
67,&thorn;eah,<code>&amp;t;eah</code>,7,0.0019225
67,&thorn;is,<code>&amp;t;is</code>,7,0.0019225
67,an,<code>an</code>,7,0.0019225
67,eallum,<code>eallum</code>,7,0.0019225
67,gode,<code>gode</code>,7,0.0019225
67,mann,<code>mann</code>,7,0.0019225
67,suna,<code>suna</code>,7,0.0019225
67,tiburtius,<code>tiburtius</code>,7,0.0019225
67,wolde,<code>wolde</code>,7,0.0019225
77,&aelig;fre,<code>&amp;ae;fre</code>,6,0.0016479
77,&aelig;r,<code>&amp;ae;r</code>,6,0.0016479
77,&aelig;t,<code>&amp;ae;t</code>,6,0.0016479
77,&eth;u,<code>&amp;d;u</code>,6,0.0016479
77,bi&eth;,<code>bi&amp;d;</code>,6,0.0016479
77,byrig,<code>byrig</code>,6,0.0016479
77,cempan,<code>cempan</code>,6,0.0016479
77,com,<code>com</code>,6,0.0016479
77,eowrum,<code>eowrum</code>,6,0.0016479
77,fabianus,<code>fabianus</code>,6,0.0016479
77,h&aelig;le,<code>h&amp;ae;le</code>,6,0.0016479
77,hit,<code>hit</code>,6,0.0016479
77,mod,<code>mod</code>,6,0.0016479
77,s&aelig;de,<code>s&amp;ae;de</code>,6,0.0016479
77,sunu,<code>sunu</code>,6,0.0016479
77,wi&eth;,<code>wi&amp;d;</code>,6,0.0016479
77,woldon,<code>woldon</code>,6,0.0016479
77,wurdon,<code>wurdon</code>,6,0.0016479
95,be,<code>be</code>,5,0.0013732
95,beon,<code>beon</code>,5,0.0013732
95,chromatie,<code>chromatie</code>,5,0.0013732
95,eower,<code>eower</code>,5,0.0013732
95,fotum,<code>fotum</code>,5,0.0013732
95,gebro&eth;ra,<code>gebro&amp;d;ra</code>,5,0.0013732
95,gefullod,<code>gefullod</code>,5,0.0013732
95,godas,<code>godas</code>,5,0.0013732
95,h&aelig;lend,<code>h&amp;ae;lend</code>,5,0.0013732
95,heofonum,<code>heofonum</code>,5,0.0013732
95,lif,<code>lif</code>,5,0.0013732
95,man,<code>man</code>,5,0.0013732
95,nicostratus,<code>nicostratus</code>,5,0.0013732
95,o&eth;&eth;e,<code>o&amp;d;&amp;d;e</code>,5,0.0013732
95,policarpus,<code>policarpus</code>,5,0.0013732
95,zoe,<code>zoe</code>,5,0.0013732
111,&eth;&aelig;r,<code>&amp;d;&amp;ae;r</code>,4,0.0010986
111,&eth;one,<code>&amp;d;one</code>,4,0.0010986
111,&thorn;in,<code>&amp;t;in</code>,4,0.0010986
111,beo&eth;,<code>beo&amp;d;</code>,4,0.0010986
111,blysse,<code>blysse</code>,4,0.0010986
111,eft,<code>eft</code>,4,0.0010986
111,eode,<code>eode</code>,4,0.0010986
111,fulluhte,<code>fulluhte</code>,4,0.0010986
111,geh&aelig;led,<code>geh&amp;ae;led</code>,4,0.0010986
111,gehaten,<code>gehaten</code>,4,0.0010986
111,geseah,<code>geseah</code>,4,0.0010986
111,h&aelig;fde,<code>h&amp;ae;fde</code>,4,0.0010986
111,heo,<code>heo</code>,4,0.0010986
111,heold,<code>heold</code>,4,0.0010986
111,hire,<code>hire</code>,4,0.0010986
111,la,<code>la</code>,4,0.0010986
111,life,<code>life</code>,4,0.0010986
111,mannum,<code>mannum</code>,4,0.0010986
111,niht,<code>niht</code>,4,0.0010986
111,o&eth;,<code>o&amp;d;</code>,4,0.0010986
111,o&eth;er,<code>o&amp;d;er</code>,4,0.0010986
111,sceolde,<code>sceolde</code>,4,0.0010986
111,so&eth;,<code>so&amp;d;</code>,4,0.0010986
111,spr&aelig;ce,<code>spr&amp;ae;ce</code>,4,0.0010986
111,sum,<code>sum</code>,4,0.0010986
111,tw&aelig;gen,<code>tw&amp;ae;gen</code>,4,0.0010986
111,weorc,<code>weorc</code>,4,0.0010986
111,witum,<code>witum</code>,4,0.0010986
139,&aelig;ft,<code>&amp;ae;ft</code>,3,0.0008239
139,&aelig;tforan,<code>&amp;ae;tforan</code>,3,0.0008239
139,&thorn;&aelig;ra,<code>&amp;t;&amp;ae;ra</code>,3,0.0008239
139,&thorn;egn,<code>&amp;t;egn</code>,3,0.0008239
139,&thorn;ine,<code>&amp;t;ine</code>,3,0.0008239
139,&thorn;ing,<code>&amp;t;ing</code>,3,0.0008239
139,&thorn;inum,<code>&amp;t;inum</code>,3,0.0008239
139,&thorn;onne,<code>&amp;t;onne</code>,3,0.0008239
139,anre,<code>anre</code>,3,0.0008239
139,aw&aelig;g,<code>aw&amp;ae;g</code>,3,0.0008239
139,b&aelig;d,<code>b&amp;ae;d</code>,3,0.0008239
139,becuman,<code>becuman</code>,3,0.0008239
139,begen,<code>begen</code>,3,0.0008239
139,binnan,<code>binnan</code>,3,0.0008239
139,bist,<code>bist</code>,3,0.0008239
139,comon,<code>comon</code>,3,0.0008239
139,cr&aelig;ft,<code>cr&amp;ae;ft</code>,3,0.0008239
139,dagum,<code>dagum</code>,3,0.0008239
139,drihten,<code>drihten</code>,3,0.0008239
139,dydon,<code>dydon</code>,3,0.0008239
139,eala,<code>eala</code>,3,0.0008239
139,eall,<code>eall</code>,3,0.0008239
139,eart,<code>eart</code>,3,0.0008239
139,ece,<code>ece</code>,3,0.0008239
139,ehtnysse,<code>ehtnysse</code>,3,0.0008239
139,ende,<code>ende</code>,3,0.0008239
139,engel,<code>engel</code>,3,0.0008239
139,eowre,<code>eowre</code>,3,0.0008239
139,faran,<code>faran</code>,3,0.0008239
139,fet,<code>fet</code>,3,0.0008239
139,folce,<code>folce</code>,3,0.0008239
139,fullum,<code>fullum</code>,3,0.0008239
139,gebedum,<code>gebedum</code>,3,0.0008239
139,gebrohte,<code>gebrohte</code>,3,0.0008239
139,gef&aelig;stnode,<code>gef&amp;ae;stnode</code>,3,0.0008239
139,gel&aelig;ht,<code>gel&amp;ae;ht</code>,3,0.0008239
139,gesette,<code>gesette</code>,3,0.0008239
139,godum,<code>godum</code>,3,0.0008239
139,gyt,<code>gyt</code>,3,0.0008239
139,h&aelig;lende,<code>h&amp;ae;lende</code>,3,0.0008239
139,habba&eth;,<code>habba&amp;d;</code>,3,0.0008239
139,halgum,<code>halgum</code>,3,0.0008239
139,hatte,<code>hatte</code>,3,0.0008239
139,heahgerefa,<code>heahgerefa</code>,3,0.0008239
139,lare,<code>lare</code>,3,0.0008239
139,lic,<code>lic</code>,3,0.0008239
139,lifes,<code>lifes</code>,3,0.0008239
139,m&aelig;ge,<code>m&amp;ae;ge</code>,3,0.0008239
139,ma,<code>ma</code>,3,0.0008239
139,manega,<code>manega</code>,3,0.0008239
139,marcellianus,<code>marcellianus</code>,3,0.0008239
139,marcus,<code>marcus</code>,3,0.0008239
139,miht,<code>miht</code>,3,0.0008239
139,mihte,<code>mihte</code>,3,0.0008239
139,min,<code>min</code>,3,0.0008239
139,minum,<code>minum</code>,3,0.0008239
139,moste,<code>moste</code>,3,0.0008239
139,mu&eth;,<code>mu&amp;d;</code>,3,0.0008239
139,mycclum,<code>mycclum</code>,3,0.0008239
139,o&eth;re,<code>o&amp;d;re</code>,3,0.0008239
139,ongunnon,<code>ongunnon</code>,3,0.0008239
139,papa,<code>papa</code>,3,0.0008239
139,preoste,<code>preoste</code>,3,0.0008239
139,rome,<code>rome</code>,3,0.0008239
139,sceoldon,<code>sceoldon</code>,3,0.0008239
139,swi&eth;e,<code>swi&amp;d;e</code>,3,0.0008239
139,swylce,<code>swylce</code>,3,0.0008239
139,sylf,<code>sylf</code>,3,0.0008239
139,synd,<code>synd</code>,3,0.0008239
139,twa,<code>twa</code>,3,0.0008239
139,w&aelig;r,<code>w&amp;ae;r</code>,3,0.0008239
139,w&aelig;re,<code>w&amp;ae;re</code>,3,0.0008239
139,we,<code>we</code>,3,0.0008239
139,wif,<code>wif</code>,3,0.0008239
139,wur&eth;ia&eth;,<code>wur&amp;d;ia&amp;d;</code>,3,0.0008239
214,&aelig;hta,<code>&amp;ae;hta</code>,2,0.0005493
214,&aelig;lmihtigan,<code>&amp;ae;lmihtigan</code>,2,0.0005493
214,&aelig;nne,<code>&amp;ae;nne</code>,2,0.0005493
214,&aelig;teowde,<code>&amp;ae;teowde</code>,2,0.0005493
214,&eth;rittigum,<code>&amp;d;rittigum</code>,2,0.0005493
214,&thorn;egne,<code>&amp;t;egne</code>,2,0.0005493
214,&thorn;i,<code>&amp;t;i</code>,2,0.0005493
214,&thorn;inre,<code>&amp;t;inre</code>,2,0.0005493
214,&thorn;ises,<code>&amp;t;ises</code>,2,0.0005493
214,&thorn;isne,<code>&amp;t;isne</code>,2,0.0005493
214,&thorn;issere,<code>&amp;t;issere</code>,2,0.0005493
214,&thorn;isum,<code>&amp;t;isum</code>,2,0.0005493
214,&thorn;us,<code>&amp;t;us</code>,2,0.0005493
214,acwealde,<code>acwealde</code>,2,0.0005493
214,acwellan,<code>acwellan</code>,2,0.0005493
214,adune,<code>adune</code>,2,0.0005493
214,anlicnyssa,<code>anlicnyssa</code>,2,0.0005493
214,anne,<code>anne</code>,2,0.0005493
214,arleasan,<code>arleasan</code>,2,0.0005493
214,ascyrede,<code>ascyrede</code>,2,0.0005493
214,awurpe,<code>awurpe</code>,2,0.0005493
214,bead,<code>bead</code>,2,0.0005493
214,bearn,<code>bearn</code>,2,0.0005493
214,bebead,<code>bebead</code>,2,0.0005493
214,bediglode,<code>bediglode</code>,2,0.0005493
214,bendum,<code>bendum</code>,2,0.0005493
214,beo,<code>beo</code>,2,0.0005493
214,betwynan,<code>betwynan</code>,2,0.0005493
214,bidde,<code>bidde</code>,2,0.0005493
214,biddende,<code>biddende</code>,2,0.0005493
214,blinde,<code>blinde</code>,2,0.0005493
214,bre&eth;er,<code>bre&amp;d;er</code>,2,0.0005493
214,butan,<code>butan</code>,2,0.0005493
214,caflice,<code>caflice</code>,2,0.0005493
214,campienne,<code>campienne</code>,2,0.0005493
214,cenum,<code>cenum</code>,2,0.0005493
214,chromati&aelig;,<code>chromati&amp;ae;</code>,2,0.0005493
214,clypode,<code>clypode</code>,2,0.0005493
214,coman,<code>coman</code>,2,0.0005493
214,cunnon,<code>cunnon</code>,2,0.0005493
214,cw&aelig;&thorn;,<code>cw&amp;ae;&amp;t;</code>,2,0.0005493
214,cw&aelig;don,<code>cw&amp;ae;don</code>,2,0.0005493
214,d&aelig;ghwamlice,<code>d&amp;ae;ghwamlice</code>,2,0.0005493
214,deofol,<code>deofol</code>,2,0.0005493
214,dioclitiane,<code>dioclitiane</code>,2,0.0005493
214,dioclitianus,<code>dioclitianus</code>,2,0.0005493
214,eadige,<code>eadige</code>,2,0.0005493
214,embe,<code>embe</code>,2,0.0005493
214,endemes,<code>endemes</code>,2,0.0005493
214,eom,<code>eom</code>,2,0.0005493
214,eowerne,<code>eowerne</code>,2,0.0005493
214,et,<code>et</code>,2,0.0005493
214,facne,<code>facne</code>,2,0.0005493
214,ferde,<code>ferde</code>,2,0.0005493
214,flanum,<code>flanum</code>,2,0.0005493
214,folgodon,<code>folgodon</code>,2,0.0005493
214,for&thorn;an,<code>for&amp;t;an</code>,2,0.0005493
214,frecednyssum,<code>frecednyssum</code>,2,0.0005493
214,fullian,<code>fullian</code>,2,0.0005493
214,fulre,<code>fulre</code>,2,0.0005493
214,fyrste,<code>fyrste</code>,2,0.0005493
214,gearcodon,<code>gearcodon</code>,2,0.0005493
214,geare,<code>geare</code>,2,0.0005493
214,geb&aelig;don,<code>geb&amp;ae;don</code>,2,0.0005493
214,gebedda,<code>gebedda</code>,2,0.0005493
214,gebigan,<code>gebigan</code>,2,0.0005493
214,geborene,<code>geborene</code>,2,0.0005493
214,gebugan,<code>gebugan</code>,2,0.0005493
214,gedwylde,<code>gedwylde</code>,2,0.0005493
214,gefullode,<code>gefullode</code>,2,0.0005493
214,geh&aelig;fte,<code>geh&amp;ae;fte</code>,2,0.0005493
214,geh&aelig;lde,<code>geh&amp;ae;lde</code>,2,0.0005493
214,geh&aelig;lede,<code>geh&amp;ae;lede</code>,2,0.0005493
214,gehynde,<code>gehynde</code>,2,0.0005493
214,gelyf,<code>gelyf</code>,2,0.0005493
214,gelyfde,<code>gelyfde</code>,2,0.0005493
214,gelyfst,<code>gelyfst</code>,2,0.0005493
214,gemette,<code>gemette</code>,2,0.0005493
214,gerefa,<code>gerefa</code>,2,0.0005493
214,gewende,<code>gewende</code>,2,0.0005493
214,gife,<code>gife</code>,2,0.0005493
214,git,<code>git</code>,2,0.0005493
214,gleda,<code>gleda</code>,2,0.0005493
214,golde,<code>golde</code>,2,0.0005493
214,h&aelig;&eth;ena,<code>h&amp;ae;&amp;d;ena</code>,2,0.0005493
214,h&aelig;&eth;enan,<code>h&amp;ae;&amp;d;enan</code>,2,0.0005493
214,h&aelig;ftlingas,<code>h&amp;ae;ftlingas</code>,2,0.0005493
214,h&aelig;l&eth;e,<code>h&amp;ae;l&amp;d;e</code>,2,0.0005493
214,habban,<code>habban</code>,2,0.0005493
214,halig,<code>halig</code>,2,0.0005493
214,heahgerefan,<code>heahgerefan</code>,2,0.0005493
214,heardum,<code>heardum</code>,2,0.0005493
214,heortan,<code>heortan</code>,2,0.0005493
214,herigende,<code>herigende</code>,2,0.0005493
214,hnexian,<code>hnexian</code>,2,0.0005493
214,hund,<code>hund</code>,2,0.0005493
214,iouis,<code>iouis</code>,2,0.0005493
214,kasere,<code>kasere</code>,2,0.0005493
214,l&aelig;dan,<code>l&amp;ae;dan</code>,2,0.0005493
214,l&aelig;g,<code>l&amp;ae;g</code>,2,0.0005493
214,l&aelig;t,<code>l&amp;ae;t</code>,2,0.0005493
214,leas,<code>leas</code>,2,0.0005493
214,leornian,<code>leornian</code>,2,0.0005493
214,leornodon,<code>leornodon</code>,2,0.0005493
214,lichaman,<code>lichaman</code>,2,0.0005493
214,lima,<code>lima</code>,2,0.0005493
214,lucina,<code>lucina</code>,2,0.0005493
214,lufe,<code>lufe</code>,2,0.0005493
214,lufode,<code>lufode</code>,2,0.0005493
214,m&aelig;ran,<code>m&amp;ae;ran</code>,2,0.0005493
214,m&aelig;ssepreost,<code>m&amp;ae;ssepreost</code>,2,0.0005493
214,magas,<code>magas</code>,2,0.0005493
214,magon,<code>magon</code>,2,0.0005493
214,manegum,<code>manegum</code>,2,0.0005493
214,martia,<code>martia</code>,2,0.0005493
214,martyra,<code>martyra</code>,2,0.0005493
214,martyras,<code>martyras</code>,2,0.0005493
214,meder,<code>meder</code>,2,0.0005493
214,micclum,<code>micclum</code>,2,0.0005493
214,mine,<code>mine</code>,2,0.0005493
214,minne,<code>minne</code>,2,0.0005493
214,minre,<code>minre</code>,2,0.0005493
214,mislicum,<code>mislicum</code>,2,0.0005493
214,mycclan,<code>mycclan</code>,2,0.0005493
214,n&aelig;re,<code>n&amp;ae;re</code>,2,0.0005493
214,n&aelig;ron,<code>n&amp;ae;ron</code>,2,0.0005493
214,nan,<code>nan</code>,2,0.0005493
214,nihte,<code>nihte</code>,2,0.0005493
214,o&eth;rum,<code>o&amp;d;rum</code>,2,0.0005493
214,ofnas,<code>ofnas</code>,2,0.0005493
214,ongean,<code>ongean</code>,2,0.0005493
214,papan,<code>papan</code>,2,0.0005493
214,pilum,<code>pilum</code>,2,0.0005493
214,quam,<code>quam</code>,2,0.0005493
214,r&aelig;de,<code>r&amp;ae;de</code>,2,0.0005493
214,re&eth;an,<code>re&amp;d;an</code>,2,0.0005493
214,re&eth;e,<code>re&amp;d;e</code>,2,0.0005493
214,scealt,<code>scealt</code>,2,0.0005493
214,sebastiane,<code>sebastiane</code>,2,0.0005493
214,sebastianes,<code>sebastianes</code>,2,0.0005493
214,sebastianum,<code>sebastianum</code>,2,0.0005493
214,sige,<code>sige</code>,2,0.0005493
214,slege,<code>slege</code>,2,0.0005493
214,snotor,<code>snotor</code>,2,0.0005493
214,so&eth;an,<code>so&amp;d;an</code>,2,0.0005493
214,so&eth;f&aelig;st,<code>so&amp;d;f&amp;ae;st</code>,2,0.0005493
214,spr&aelig;con,<code>spr&amp;ae;con</code>,2,0.0005493
214,stanum,<code>stanum</code>,2,0.0005493
214,stocce,<code>stocce</code>,2,0.0005493
214,stod,<code>stod</code>,2,0.0005493
214,stodon,<code>stodon</code>,2,0.0005493
214,sume,<code>sume</code>,2,0.0005493
214,sumum,<code>sumum</code>,2,0.0005493
214,sw&aelig;snyssum,<code>sw&amp;ae;snyssum</code>,2,0.0005493
214,sy,<code>sy</code>,2,0.0005493
214,sylfe,<code>sylfe</code>,2,0.0005493
214,symble,<code>symble</code>,2,0.0005493
214,teonan,<code>teonan</code>,2,0.0005493
214,tidum,<code>tidum</code>,2,0.0005493
214,tihton,<code>tihton</code>,2,0.0005493
214,tobr&aelig;con,<code>tobr&amp;ae;con</code>,2,0.0005493
214,tobrecan,<code>tobrecan</code>,2,0.0005493
214,tranquillinum,<code>tranquillinum</code>,2,0.0005493
214,under,<code>under</code>,2,0.0005493
214,underfo&eth;,<code>underfo&amp;d;</code>,2,0.0005493
214,unrihtwisan,<code>unrihtwisan</code>,2,0.0005493
214,untrume,<code>untrume</code>,2,0.0005493
214,untrumnysse,<code>untrumnysse</code>,2,0.0005493
214,us,<code>us</code>,2,0.0005493
214,ut,<code>ut</code>,2,0.0005493
214,wearrum,<code>wearrum</code>,2,0.0005493
214,wife,<code>wife</code>,2,0.0005493
214,wille,<code>wille</code>,2,0.0005493
214,wita,<code>wita</code>,2,0.0005493
214,wope,<code>wope</code>,2,0.0005493
214,worulde,<code>worulde</code>,2,0.0005493
214,wuldre,<code>wuldre</code>,2,0.0005493
214,wundor,<code>wundor</code>,2,0.0005493
214,wunian,<code>wunian</code>,2,0.0005493
214,wur&eth;odon,<code>wur&amp;d;odon</code>,2,0.0005493
214,yfele,<code>yfele</code>,2,0.0005493
214,ylcan,<code>ylcan</code>,2,0.0005493
396,&aelig;&eth;ela,<code>&amp;ae;&amp;d;ela</code>,1,0.0002746
396,&aelig;&eth;elan,<code>&amp;ae;&amp;d;elan</code>,1,0.0002746
396,&aelig;&thorn;elborene,<code>&amp;ae;&amp;t;elborene</code>,1,0.0002746
396,&aelig;g&eth;res,<code>&amp;ae;g&amp;d;res</code>,1,0.0002746
396,&aelig;geslican,<code>&amp;ae;geslican</code>,1,0.0002746
396,&aelig;lce,<code>&amp;ae;lce</code>,1,0.0002746
396,&aelig;lces,<code>&amp;ae;lces</code>,1,0.0002746
396,&aelig;lmihtig,<code>&amp;ae;lmihtig</code>,1,0.0002746
396,&aelig;lmihtiga,<code>&amp;ae;lmihtiga</code>,1,0.0002746
396,&aelig;ncgel,<code>&amp;ae;ncgel</code>,1,0.0002746
396,&aelig;nig,<code>&amp;ae;nig</code>,1,0.0002746
396,&aelig;nigne,<code>&amp;ae;nigne</code>,1,0.0002746
396,&aelig;nigum,<code>&amp;ae;nigum</code>,1,0.0002746
396,&aelig;rest,<code>&amp;ae;rest</code>,1,0.0002746
396,&aelig;tbredan,<code>&amp;ae;tbredan</code>,1,0.0002746
396,&aelig;te,<code>&amp;ae;te</code>,1,0.0002746
396,&aelig;teowian,<code>&amp;ae;teowian</code>,1,0.0002746
396,&aelig;wf&aelig;st,<code>&amp;ae;wf&amp;ae;st</code>,1,0.0002746
396,&eth;&aelig;ra,<code>&amp;d;&amp;ae;ra</code>,1,0.0002746
396,&eth;&aelig;re,<code>&amp;d;&amp;ae;re</code>,1,0.0002746
396,&eth;&aelig;t,<code>&amp;d;&amp;ae;t</code>,1,0.0002746
396,&eth;egn,<code>&amp;d;egn</code>,1,0.0002746
396,&eth;inum,<code>&amp;d;inum</code>,1,0.0002746
396,&eth;ises,<code>&amp;d;ises</code>,1,0.0002746
396,&eth;onne,<code>&amp;d;onne</code>,1,0.0002746
396,&eth;rittigra,<code>&amp;d;rittigra</code>,1,0.0002746
396,&eth;rowian,<code>&amp;d;rowian</code>,1,0.0002746
396,&eth;usend,<code>&amp;d;usend</code>,1,0.0002746
396,&thorn;&aelig;gnes,<code>&amp;t;&amp;ae;gnes</code>,1,0.0002746
396,&thorn;an,<code>&amp;t;an</code>,1,0.0002746
396,&thorn;anciende,<code>&amp;t;anciende</code>,1,0.0002746
396,&thorn;anon,<code>&amp;t;anon</code>,1,0.0002746
396,&thorn;eawum,<code>&amp;t;eawum</code>,1,0.0002746
396,&thorn;egnas,<code>&amp;t;egnas</code>,1,0.0002746
396,&thorn;egnum,<code>&amp;t;egnum</code>,1,0.0002746
396,&thorn;en,<code>&amp;t;en</code>,1,0.0002746
396,&thorn;enunge,<code>&amp;t;enunge</code>,1,0.0002746
396,&thorn;eow,<code>&amp;t;eow</code>,1,0.0002746
396,&thorn;eowum,<code>&amp;t;eowum</code>,1,0.0002746
396,&thorn;icce,<code>&amp;t;icce</code>,1,0.0002746
396,&thorn;inc&thorn;,<code>&amp;t;inc&amp;t;</code>,1,0.0002746
396,&thorn;ingode,<code>&amp;t;ingode</code>,1,0.0002746
396,&thorn;issera,<code>&amp;t;issera</code>,1,0.0002746
396,&thorn;reora,<code>&amp;t;reora</code>,1,0.0002746
396,&thorn;rowigenne,<code>&amp;t;rowigenne</code>,1,0.0002746
396,&thorn;rym,<code>&amp;t;rym</code>,1,0.0002746
396,&thorn;rynnysse,<code>&amp;t;rynnysse</code>,1,0.0002746
396,&thorn;uhte,<code>&amp;t;uhte</code>,1,0.0002746
396,&thorn;urhwunian,<code>&amp;t;urhwunian</code>,1,0.0002746
396,&thorn;urhwunodon,<code>&amp;t;urhwunodon</code>,1,0.0002746
396,&thorn;usend,<code>&amp;t;usend</code>,1,0.0002746
396,&thorn;usende,<code>&amp;t;usende</code>,1,0.0002746
396,&thorn;yder,<code>&amp;t;yder</code>,1,0.0002746
396,&thorn;yssera,<code>&amp;t;yssera</code>,1,0.0002746
396,&thorn;yssere,<code>&amp;t;yssere</code>,1,0.0002746
396,&thorn;ystra,<code>&amp;t;ystra</code>,1,0.0002746
396,a,<code>a</code>,1,0.0002746
396,a&thorn;woge,<code>a&amp;t;woge</code>,1,0.0002746
396,a&thorn;woh,<code>a&amp;t;woh</code>,1,0.0002746
396,ab&aelig;don,<code>ab&amp;ae;don</code>,1,0.0002746
396,abat,<code>abat</code>,1,0.0002746
396,abite,<code>abite</code>,1,0.0002746
396,ablicgede,<code>ablicgede</code>,1,0.0002746
396,abulgon,<code>abulgon</code>,1,0.0002746
396,acweald,<code>acweald</code>,1,0.0002746
396,adelan,<code>adelan</code>,1,0.0002746
396,adelsea&eth;e,<code>adelsea&amp;d;e</code>,1,0.0002746
396,adr&aelig;fde,<code>adr&amp;ae;fde</code>,1,0.0002746
396,adrinca&eth;,<code>adrinca&amp;d;</code>,1,0.0002746
396,af&aelig;stnodon,<code>af&amp;ae;stnodon</code>,1,0.0002746
396,afeallene,<code>afeallene</code>,1,0.0002746
396,afindan,<code>afindan</code>,1,0.0002746
396,afligdon,<code>afligdon</code>,1,0.0002746
396,afylled,<code>afylled</code>,1,0.0002746
396,afyllede,<code>afyllede</code>,1,0.0002746
396,afyrht,<code>afyrht</code>,1,0.0002746
396,ageafe,<code>ageafe</code>,1,0.0002746
396,agene,<code>agene</code>,1,0.0002746
396,agenre,<code>agenre</code>,1,0.0002746
396,aht,<code>aht</code>,1,0.0002746
396,akennede,<code>akennede</code>,1,0.0002746
396,alecga&eth;,<code>alecga&amp;d;</code>,1,0.0002746
396,alysa&eth;,<code>alysa&amp;d;</code>,1,0.0002746
396,amoltenan,<code>amoltenan</code>,1,0.0002746
396,amyltan,<code>amyltan</code>,1,0.0002746
396,ana,<code>ana</code>,1,0.0002746
396,andette,<code>andette</code>,1,0.0002746
396,ane,<code>ane</code>,1,0.0002746
396,anes,<code>anes</code>,1,0.0002746
396,anfealde,<code>anfealde</code>,1,0.0002746
396,annysse,<code>annysse</code>,1,0.0002746
396,anwealde,<code>anwealde</code>,1,0.0002746
396,apostolas,<code>apostolas</code>,1,0.0002746
396,ar&aelig;can,<code>ar&amp;ae;can</code>,1,0.0002746
396,ar&aelig;de,<code>ar&amp;ae;de</code>,1,0.0002746
396,ar&aelig;ra&eth;,<code>ar&amp;ae;ra&amp;d;</code>,1,0.0002746
396,aras,<code>aras</code>,1,0.0002746
396,arleasa,<code>arleasa</code>,1,0.0002746
396,arlease,<code>arlease</code>,1,0.0002746
396,arn,<code>arn</code>,1,0.0002746
396,arwur&eth;an,<code>arwur&amp;d;an</code>,1,0.0002746
396,arwur&eth;ast,<code>arwur&amp;d;ast</code>,1,0.0002746
396,arwur&eth;ful,<code>arwur&amp;d;ful</code>,1,0.0002746
396,asende,<code>asende</code>,1,0.0002746
396,aspende,<code>aspende</code>,1,0.0002746
396,asprang,<code>asprang</code>,1,0.0002746
396,astah,<code>astah</code>,1,0.0002746
396,atelican,<code>atelican</code>,1,0.0002746
396,awacian,<code>awacian</code>,1,0.0002746
396,awecgan,<code>awecgan</code>,1,0.0002746
396,awendan,<code>awendan</code>,1,0.0002746
396,awende,<code>awende</code>,1,0.0002746
396,awendon,<code>awendon</code>,1,0.0002746
396,awrat,<code>awrat</code>,1,0.0002746
396,awurpa&eth;,<code>awurpa&amp;d;</code>,1,0.0002746
396,awurpon,<code>awurpon</code>,1,0.0002746
396,awyrigde,<code>awyrigde</code>,1,0.0002746
396,awyrigedon,<code>awyrigedon</code>,1,0.0002746
396,axode,<code>axode</code>,1,0.0002746
396,axodon,<code>axodon</code>,1,0.0002746
396,b&aelig;de,<code>b&amp;ae;de</code>,1,0.0002746
396,b&aelig;don,<code>b&amp;ae;don</code>,1,0.0002746
396,b&aelig;gen,<code>b&amp;ae;gen</code>,1,0.0002746
396,b&aelig;ron,<code>b&amp;ae;ron</code>,1,0.0002746
396,ban,<code>ban</code>,1,0.0002746
396,barum,<code>barum</code>,1,0.0002746
396,beah,<code>beah</code>,1,0.0002746
396,bealdlice,<code>bealdlice</code>,1,0.0002746
396,bearnum,<code>bearnum</code>,1,0.0002746
396,bebeode,<code>bebeode</code>,1,0.0002746
396,bebyrgede,<code>bebyrgede</code>,1,0.0002746
396,bebyrigan,<code>bebyrigan</code>,1,0.0002746
396,bebyrigde,<code>bebyrigde</code>,1,0.0002746
396,bec,<code>bec</code>,1,0.0002746
396,becom,<code>becom</code>,1,0.0002746
396,becomon,<code>becomon</code>,1,0.0002746
396,begeat,<code>begeat</code>,1,0.0002746
396,begyrndon,<code>begyrndon</code>,1,0.0002746
396,beheafdian,<code>beheafdian</code>,1,0.0002746
396,behreowsian,<code>behreowsian</code>,1,0.0002746
396,behydd,<code>behydd</code>,1,0.0002746
396,behyddon,<code>behyddon</code>,1,0.0002746
396,belaf,<code>belaf</code>,1,0.0002746
396,belifon,<code>belifon</code>,1,0.0002746
396,ben&aelig;med,<code>ben&amp;ae;med</code>,1,0.0002746
396,benum,<code>benum</code>,1,0.0002746
396,beorhtan,<code>beorhtan</code>,1,0.0002746
396,bep&aelig;c&eth;,<code>bep&amp;ae;c&amp;d;</code>,1,0.0002746
396,berypte,<code>berypte</code>,1,0.0002746
396,beseah,<code>beseah</code>,1,0.0002746
396,bet&aelig;hte,<code>bet&amp;ae;hte</code>,1,0.0002746
396,betwux,<code>betwux</code>,1,0.0002746
396,biggencga,<code>biggencga</code>,1,0.0002746
396,biggengan,<code>biggengan</code>,1,0.0002746
396,biglyfan,<code>biglyfan</code>,1,0.0002746
396,bilewite,<code>bilewite</code>,1,0.0002746
396,binnon,<code>binnon</code>,1,0.0002746
396,bit,<code>bit</code>,1,0.0002746
396,biterlice,<code>biterlice</code>,1,0.0002746
396,blindum,<code>blindum</code>,1,0.0002746
396,blissian,<code>blissian</code>,1,0.0002746
396,blostman,<code>blostman</code>,1,0.0002746
396,boc,<code>boc</code>,1,0.0002746
396,bodia&eth;,<code>bodia&amp;d;</code>,1,0.0002746
396,bonum,<code>bonum</code>,1,0.0002746
396,botl,<code>botl</code>,1,0.0002746
396,br&aelig;ce,<code>br&amp;ae;ce</code>,1,0.0002746
396,breost,<code>breost</code>,1,0.0002746
396,bro&eth;or,<code>bro&amp;d;or</code>,1,0.0002746
396,bro&eth;ra,<code>bro&amp;d;ra</code>,1,0.0002746
396,buton,<code>buton</code>,1,0.0002746
396,byrnan,<code>byrnan</code>,1,0.0002746
396,byrnendan,<code>byrnendan</code>,1,0.0002746
396,byrnende,<code>byrnende</code>,1,0.0002746
396,byrsta,<code>byrsta</code>,1,0.0002746
396,bysmorfulle,<code>bysmorfulle</code>,1,0.0002746
396,bysmorfullum,<code>bysmorfullum</code>,1,0.0002746
396,cafertune,<code>cafertune</code>,1,0.0002746
396,carines,<code>carines</code>,1,0.0002746
396,caseres,<code>caseres</code>,1,0.0002746
396,castolum,<code>castolum</code>,1,0.0002746
396,catacumbas,<code>catacumbas</code>,1,0.0002746
396,ceowa&eth;,<code>ceowa&amp;d;</code>,1,0.0002746
396,cetera,<code>cetera</code>,1,0.0002746
396,cl&aelig;ne,<code>cl&amp;ae;ne</code>,1,0.0002746
396,clypigende,<code>clypigende</code>,1,0.0002746
396,cnapan,<code>cnapan</code>,1,0.0002746
396,cniht,<code>cniht</code>,1,0.0002746
396,cnihta,<code>cnihta</code>,1,0.0002746
396,cnihtas,<code>cnihtas</code>,1,0.0002746
396,cnihtum,<code>cnihtum</code>,1,0.0002746
396,co&eth;e,<code>co&amp;d;e</code>,1,0.0002746
396,come,<code>come</code>,1,0.0002746
396,cr&aelig;fte,<code>cr&amp;ae;fte</code>,1,0.0002746
396,credan,<code>credan</code>,1,0.0002746
396,creta,<code>creta</code>,1,0.0002746
396,cristallan,<code>cristallan</code>,1,0.0002746
396,cristen,<code>cristen</code>,1,0.0002746
396,cristena,<code>cristena</code>,1,0.0002746
396,cristendome,<code>cristendome</code>,1,0.0002746
396,cristene,<code>cristene</code>,1,0.0002746
396,cristenum,<code>cristenum</code>,1,0.0002746
396,cu&eth;,<code>cu&amp;d;</code>,1,0.0002746
396,cucenne,<code>cucenne</code>,1,0.0002746
396,cuma&eth;,<code>cuma&amp;d;</code>,1,0.0002746
396,cume,<code>cume</code>,1,0.0002746
396,cumende,<code>cumende</code>,1,0.0002746
396,cw&aelig;&eth;a&thorn;,<code>cw&amp;ae;&amp;d;a&amp;t;</code>,1,0.0002746
396,cw&aelig;&eth;st,<code>cw&amp;ae;&amp;d;st</code>,1,0.0002746
396,cwearterne,<code>cwearterne</code>,1,0.0002746
396,cwelleras,<code>cwelleras</code>,1,0.0002746
396,cwellere,<code>cwellere</code>,1,0.0002746
396,cwy&eth;a&thorn;,<code>cwy&amp;d;a&amp;t;</code>,1,0.0002746
396,cwyde,<code>cwyde</code>,1,0.0002746
396,cwyst,<code>cwyst</code>,1,0.0002746
396,cy&eth;e,<code>cy&amp;d;e</code>,1,0.0002746
396,cyldra,<code>cyldra</code>,1,0.0002746
396,cynedome,<code>cynedome</code>,1,0.0002746
396,cynehelm,<code>cynehelm</code>,1,0.0002746
396,cyning,<code>cyning</code>,1,0.0002746
396,cys,<code>cys</code>,1,0.0002746
396,d&aelig;da,<code>d&amp;ae;da</code>,1,0.0002746
396,d&aelig;g,<code>d&amp;ae;g</code>,1,0.0002746
396,d&aelig;ge,<code>d&amp;ae;ge</code>,1,0.0002746
396,d&aelig;ges,<code>d&amp;ae;ges</code>,1,0.0002746
396,d&aelig;gred,<code>d&amp;ae;gred</code>,1,0.0002746
396,d&aelig;l,<code>d&amp;ae;l</code>,1,0.0002746
396,d&aelig;lan,<code>d&amp;ae;lan</code>,1,0.0002746
396,d&aelig;lde,<code>d&amp;ae;lde</code>,1,0.0002746
396,daga,<code>daga</code>,1,0.0002746
396,dea&eth;,<code>dea&amp;d;</code>,1,0.0002746
396,deadne,<code>deadne</code>,1,0.0002746
396,dearnunga,<code>dearnunga</code>,1,0.0002746
396,dema,<code>dema</code>,1,0.0002746
396,deman,<code>deman</code>,1,0.0002746
396,deofles,<code>deofles</code>,1,0.0002746
396,deoflice,<code>deoflice</code>,1,0.0002746
396,deoflu,<code>deoflu</code>,1,0.0002746
396,deofollica,<code>deofollica</code>,1,0.0002746
396,deofollicum,<code>deofollicum</code>,1,0.0002746
396,deorwur&eth;ne,<code>deorwur&amp;d;ne</code>,1,0.0002746
396,dera&eth;,<code>dera&amp;d;</code>,1,0.0002746
396,derige,<code>derige</code>,1,0.0002746
396,diaconum,<code>diaconum</code>,1,0.0002746
396,digellice,<code>digellice</code>,1,0.0002746
396,digolnysse,<code>digolnysse</code>,1,0.0002746
396,dimlican,<code>dimlican</code>,1,0.0002746
396,do,<code>do</code>,1,0.0002746
396,dome,<code>dome</code>,1,0.0002746
396,dorste,<code>dorste</code>,1,0.0002746
396,dorston,<code>dorston</code>,1,0.0002746
396,dracon,<code>dracon</code>,1,0.0002746
396,drihtne,<code>drihtne</code>,1,0.0002746
396,drihtnes,<code>drihtnes</code>,1,0.0002746
396,dumbe,<code>dumbe</code>,1,0.0002746
396,dw&aelig;last,<code>dw&amp;ae;last</code>,1,0.0002746
396,dyrnum,<code>dyrnum</code>,1,0.0002746
396,ea&eth;elice,<code>ea&amp;d;elice</code>,1,0.0002746
396,eagan,<code>eagan</code>,1,0.0002746
396,eagum,<code>eagum</code>,1,0.0002746
396,ealdre,<code>ealdre</code>,1,0.0002746
396,ealles,<code>ealles</code>,1,0.0002746
396,ealra,<code>ealra</code>,1,0.0002746
396,ealre,<code>ealre</code>,1,0.0002746
396,earda&eth;,<code>earda&amp;d;</code>,1,0.0002746
396,eardigende,<code>eardigende</code>,1,0.0002746
396,earmingas,<code>earmingas</code>,1,0.0002746
396,earmlican,<code>earmlican</code>,1,0.0002746
396,earmlice,<code>earmlice</code>,1,0.0002746
396,eawf&aelig;stlice,<code>eawf&amp;ae;stlice</code>,1,0.0002746
396,ecan,<code>ecan</code>,1,0.0002746
396,ecce,<code>ecce</code>,1,0.0002746
396,ecere,<code>ecere</code>,1,0.0002746
396,eces,<code>eces</code>,1,0.0002746
396,ecnysse,<code>ecnysse</code>,1,0.0002746
396,edsta&thorn;eligend,<code>edsta&amp;t;eligend</code>,1,0.0002746
396,ehtnys,<code>ehtnys</code>,1,0.0002746
396,elles,<code>elles</code>,1,0.0002746
396,endebyrdnysse,<code>endebyrdnysse</code>,1,0.0002746
396,endeleas,<code>endeleas</code>,1,0.0002746
396,endlyfan,<code>endlyfan</code>,1,0.0002746
396,engle,<code>engle</code>,1,0.0002746
396,eoden,<code>eoden</code>,1,0.0002746
396,eor&eth;licum,<code>eor&amp;d;licum</code>,1,0.0002746
396,estum,<code>estum</code>,1,0.0002746
396,f&aelig;&eth;es,<code>f&amp;ae;&amp;d;es</code>,1,0.0002746
396,f&aelig;ger,<code>f&amp;ae;ger</code>,1,0.0002746
396,f&aelig;rlice,<code>f&amp;ae;rlice</code>,1,0.0002746
396,f&aelig;sten,<code>f&amp;ae;sten</code>,1,0.0002746
396,fara,<code>fara</code>,1,0.0002746
396,fara&eth;,<code>fara&amp;d;</code>,1,0.0002746
396,fealla&eth;,<code>fealla&amp;d;</code>,1,0.0002746
396,feawum,<code>feawum</code>,1,0.0002746
396,februarii,<code>februarii</code>,1,0.0002746
396,fela,<code>fela</code>,1,0.0002746
396,felda,<code>felda</code>,1,0.0002746
396,feng,<code>feng</code>,1,0.0002746
396,feoh,<code>feoh</code>,1,0.0002746
396,feol,<code>feol</code>,1,0.0002746
396,feoll,<code>feoll</code>,1,0.0002746
396,feond,<code>feond</code>,1,0.0002746
396,feondes,<code>feondes</code>,1,0.0002746
396,feondlica,<code>feondlica</code>,1,0.0002746
396,feor,<code>feor</code>,1,0.0002746
396,feorh,<code>feorh</code>,1,0.0002746
396,feower,<code>feower</code>,1,0.0002746
396,ferdon,<code>ferdon</code>,1,0.0002746
396,ferede,<code>ferede</code>,1,0.0002746
396,ferian,<code>ferian</code>,1,0.0002746
396,fif,<code>fif</code>,1,0.0002746
396,fisceras,<code>fisceras</code>,1,0.0002746
396,fl&aelig;sc,<code>fl&amp;ae;sc</code>,1,0.0002746
396,flan,<code>flan</code>,1,0.0002746
396,folgode,<code>folgode</code>,1,0.0002746
396,for&eth;,<code>for&amp;d;</code>,1,0.0002746
396,for&eth;an,<code>for&amp;d;an</code>,1,0.0002746
396,for&eth;ferdon,<code>for&amp;d;ferdon</code>,1,0.0002746
396,for&eth;i,<code>for&amp;d;i</code>,1,0.0002746
396,for&eth;on,<code>for&amp;d;on</code>,1,0.0002746
396,foran,<code>foran</code>,1,0.0002746
396,forbead,<code>forbead</code>,1,0.0002746
396,forbernan,<code>forbernan</code>,1,0.0002746
396,forbugan,<code>forbugan</code>,1,0.0002746
396,forde&eth;,<code>forde&amp;d;</code>,1,0.0002746
396,fore&thorn;ingere,<code>fore&amp;t;ingere</code>,1,0.0002746
396,foregleaw,<code>foregleaw</code>,1,0.0002746
396,fores&aelig;da,<code>fores&amp;ae;da</code>,1,0.0002746
396,foresceawode,<code>foresceawode</code>,1,0.0002746
396,foreseadan,<code>foreseadan</code>,1,0.0002746
396,forestihtan,<code>forestihtan</code>,1,0.0002746
396,forgeaf,<code>forgeaf</code>,1,0.0002746
396,forgeafe,<code>forgeafe</code>,1,0.0002746
396,forgefon,<code>forgefon</code>,1,0.0002746
396,forgifennysse,<code>forgifennysse</code>,1,0.0002746
396,forgulde,<code>forgulde</code>,1,0.0002746
396,forl&aelig;tst,<code>forl&amp;ae;tst</code>,1,0.0002746
396,forleton,<code>forleton</code>,1,0.0002746
396,forseo&eth;,<code>forseo&amp;d;</code>,1,0.0002746
396,forwundod,<code>forwundod</code>,1,0.0002746
396,fotadle,<code>fotadle</code>,1,0.0002746
396,fotl&aelig;stum,<code>fotl&amp;ae;stum</code>,1,0.0002746
396,fratres,<code>fratres</code>,1,0.0002746
396,frecenfullan,<code>frecenfullan</code>,1,0.0002746
396,freode,<code>freode</code>,1,0.0002746
396,freonda,<code>freonda</code>,1,0.0002746
396,frym&eth;e,<code>frym&amp;d;e</code>,1,0.0002746
396,frynd,<code>frynd</code>,1,0.0002746
396,fulan,<code>fulan</code>,1,0.0002746
396,fullice,<code>fullice</code>,1,0.0002746
396,fulluhtba&eth;e,<code>fulluhtba&amp;d;e</code>,1,0.0002746
396,fultum,<code>fultum</code>,1,0.0002746
396,fulum,<code>fulum</code>,1,0.0002746
396,funde,<code>funde</code>,1,0.0002746
396,fur&eth;on,<code>fur&amp;d;on</code>,1,0.0002746
396,fynd,<code>fynd</code>,1,0.0002746
396,fyre,<code>fyre</code>,1,0.0002746
396,fyrmestan,<code>fyrmestan</code>,1,0.0002746
396,fyrst,<code>fyrst</code>,1,0.0002746
396,fyrstes,<code>fyrstes</code>,1,0.0002746
396,gaius,<code>gaius</code>,1,0.0002746
396,gale,<code>gale</code>,1,0.0002746
396,galnysse,<code>galnysse</code>,1,0.0002746
396,gastlicum,<code>gastlicum</code>,1,0.0002746
396,ge&thorn;afia&eth;,<code>ge&amp;t;afia&amp;d;</code>,1,0.0002746
396,ge&thorn;afian,<code>ge&amp;t;afian</code>,1,0.0002746
396,ge&thorn;afode,<code>ge&amp;t;afode</code>,1,0.0002746
396,ge&thorn;ance,<code>ge&amp;t;ance</code>,1,0.0002746
396,gear,<code>gear</code>,1,0.0002746
396,gearlicum,<code>gearlicum</code>,1,0.0002746
396,gearum,<code>gearum</code>,1,0.0002746
396,geb&aelig;d,<code>geb&amp;ae;d</code>,1,0.0002746
396,gebeddan,<code>gebeddan</code>,1,0.0002746
396,gebeorge,<code>gebeorge</code>,1,0.0002746
396,gebeote,<code>gebeote</code>,1,0.0002746
396,gebicgan,<code>gebicgan</code>,1,0.0002746
396,gebidda&eth;,<code>gebidda&amp;d;</code>,1,0.0002746
396,gebidde,<code>gebidde</code>,1,0.0002746
396,gebigdon,<code>gebigdon</code>,1,0.0002746
396,gebletsian,<code>gebletsian</code>,1,0.0002746
396,gebro&eth;ru,<code>gebro&amp;d;ru</code>,1,0.0002746
396,gebro&thorn;ra,<code>gebro&amp;t;ra</code>,1,0.0002746
396,gebro&thorn;rum,<code>gebro&amp;t;rum</code>,1,0.0002746
396,gebroht,<code>gebroht</code>,1,0.0002746
396,gebuga&eth;,<code>gebuga&amp;d;</code>,1,0.0002746
396,gebysgode,<code>gebysgode</code>,1,0.0002746
396,gebysgodon,<code>gebysgodon</code>,1,0.0002746
396,geceas,<code>geceas</code>,1,0.0002746
396,geciged,<code>geciged</code>,1,0.0002746
396,gecyged,<code>gecyged</code>,1,0.0002746
396,gecyssan,<code>gecyssan</code>,1,0.0002746
396,gedon,<code>gedon</code>,1,0.0002746
396,gedrecce,<code>gedrecce</code>,1,0.0002746
396,gedwyld,<code>gedwyld</code>,1,0.0002746
396,gedwyldum,<code>gedwyldum</code>,1,0.0002746
396,geearnian,<code>geearnian</code>,1,0.0002746
396,geearnunga,<code>geearnunga</code>,1,0.0002746
396,gef&aelig;ccan,<code>gef&amp;ae;ccan</code>,1,0.0002746
396,gef&aelig;stnian,<code>gef&amp;ae;stnian</code>,1,0.0002746
396,gefeccan,<code>gefeccan</code>,1,0.0002746
396,gefeoht,<code>gefeoht</code>,1,0.0002746
396,gefeohte,<code>gefeohte</code>,1,0.0002746
396,geferum,<code>geferum</code>,1,0.0002746
396,gefette,<code>gefette</code>,1,0.0002746
396,gefylde,<code>gefylde</code>,1,0.0002746
396,gefyrn,<code>gefyrn</code>,1,0.0002746
396,geh&aelig;ldon,<code>geh&amp;ae;ldon</code>,1,0.0002746
396,geh&aelig;len,<code>geh&amp;ae;len</code>,1,0.0002746
396,gehadode,<code>gehadode</code>,1,0.0002746
396,gehealde,<code>gehealde</code>,1,0.0002746
396,gehealdenne,<code>gehealdenne</code>,1,0.0002746
396,geherode,<code>geherode</code>,1,0.0002746
396,gehiwod,<code>gehiwod</code>,1,0.0002746
396,gehwilcum,<code>gehwilcum</code>,1,0.0002746
396,gehyrtan,<code>gehyrtan</code>,1,0.0002746
396,gehyrte,<code>gehyrte</code>,1,0.0002746
396,geinnod,<code>geinnod</code>,1,0.0002746
396,gel&aelig;dde,<code>gel&amp;ae;dde</code>,1,0.0002746
396,gel&aelig;rde,<code>gel&amp;ae;rde</code>,1,0.0002746
396,gel&aelig;t,<code>gel&amp;ae;t</code>,1,0.0002746
396,geleaffulla,<code>geleaffulla</code>,1,0.0002746
396,geleafleaste,<code>geleafleaste</code>,1,0.0002746
396,gelicnys,<code>gelicnys</code>,1,0.0002746
396,gelumpe,<code>gelumpe</code>,1,0.0002746
396,gelyfa&eth;,<code>gelyfa&amp;d;</code>,1,0.0002746
396,gelyfan,<code>gelyfan</code>,1,0.0002746
396,gelyfdest,<code>gelyfdest</code>,1,0.0002746
396,gelyfdon,<code>gelyfdon</code>,1,0.0002746
396,gemartyrode,<code>gemartyrode</code>,1,0.0002746
396,gemetton,<code>gemetton</code>,1,0.0002746
396,gemiltsode,<code>gemiltsode</code>,1,0.0002746
396,geoffrode,<code>geoffrode</code>,1,0.0002746
396,geoffrodon,<code>geoffrodon</code>,1,0.0002746
396,geonga,<code>geonga</code>,1,0.0002746
396,geopenade,<code>geopenade</code>,1,0.0002746
396,geopenie,<code>geopenie</code>,1,0.0002746
396,geopenode,<code>geopenode</code>,1,0.0002746
396,geornfulnysse,<code>geornfulnysse</code>,1,0.0002746
396,geornlice,<code>geornlice</code>,1,0.0002746
396,gerecednyssum,<code>gerecednyssum</code>,1,0.0002746
396,gerefan,<code>gerefan</code>,1,0.0002746
396,ges&aelig;liga,<code>ges&amp;ae;liga</code>,1,0.0002746
396,ges&aelig;tte,<code>ges&amp;ae;tte</code>,1,0.0002746
396,gesawe,<code>gesawe</code>,1,0.0002746
396,gescead,<code>gescead</code>,1,0.0002746
396,gesceadwise,<code>gesceadwise</code>,1,0.0002746
396,gesceop,<code>gesceop</code>,1,0.0002746
396,geseo&eth;,<code>geseo&amp;d;</code>,1,0.0002746
396,gesetnyssum,<code>gesetnyssum</code>,1,0.0002746
396,gesih&eth;e,<code>gesih&amp;d;e</code>,1,0.0002746
396,gesohte,<code>gesohte</code>,1,0.0002746
396,gestillan,<code>gestillan</code>,1,0.0002746
396,gesund,<code>gesund</code>,1,0.0002746
396,gesundful,<code>gesundful</code>,1,0.0002746
396,geswencte,<code>geswencte</code>,1,0.0002746
396,geswutelode,<code>geswutelode</code>,1,0.0002746
396,getele,<code>getele</code>,1,0.0002746
396,getreowe,<code>getreowe</code>,1,0.0002746
396,getucod,<code>getucod</code>,1,0.0002746
396,geuntrumed,<code>geuntrumed</code>,1,0.0002746
396,gew&aelig;sum,<code>gew&amp;ae;sum</code>,1,0.0002746
396,geweald,<code>geweald</code>,1,0.0002746
396,gewendon,<code>gewendon</code>,1,0.0002746
396,geweold,<code>geweold</code>,1,0.0002746
396,geweorc,<code>geweorc</code>,1,0.0002746
396,gewilnung,<code>gewilnung</code>,1,0.0002746
396,gewilnungum,<code>gewilnungum</code>,1,0.0002746
396,gewinne,<code>gewinne</code>,1,0.0002746
396,gewissa&eth;,<code>gewissa&amp;d;</code>,1,0.0002746
396,gewisslice,<code>gewisslice</code>,1,0.0002746
396,gewissode,<code>gewissode</code>,1,0.0002746
396,gewissunge,<code>gewissunge</code>,1,0.0002746
396,gewitendlic,<code>gewitendlic</code>,1,0.0002746
396,gewitleaste,<code>gewitleaste</code>,1,0.0002746
396,gewregde,<code>gewregde</code>,1,0.0002746
396,gewunelicum,<code>gewunelicum</code>,1,0.0002746
396,gewur&eth;e,<code>gewur&amp;d;e</code>,1,0.0002746
396,gewylt,<code>gewylt</code>,1,0.0002746
396,gewynne,<code>gewynne</code>,1,0.0002746
396,gl&aelig;se,<code>gl&amp;ae;se</code>,1,0.0002746
396,glitiniendum,<code>glitiniendum</code>,1,0.0002746
396,goda&eth;,<code>goda&amp;d;</code>,1,0.0002746
396,godan,<code>godan</code>,1,0.0002746
396,godnysse,<code>godnysse</code>,1,0.0002746
396,gram,<code>gram</code>,1,0.0002746
396,graman,<code>graman</code>,1,0.0002746
396,gretton,<code>gretton</code>,1,0.0002746
396,gydenan,<code>gydenan</code>,1,0.0002746
396,gyldenan,<code>gyldenan</code>,1,0.0002746
396,gyldene,<code>gyldene</code>,1,0.0002746
396,gylte,<code>gylte</code>,1,0.0002746
396,h&aelig;&eth;en,<code>h&amp;ae;&amp;d;en</code>,1,0.0002746
396,h&aelig;&eth;engyldan,<code>h&amp;ae;&amp;d;engyldan</code>,1,0.0002746
396,h&aelig;&eth;engylde,<code>h&amp;ae;&amp;d;engylde</code>,1,0.0002746
396,h&aelig;&eth;enra,<code>h&amp;ae;&amp;d;enra</code>,1,0.0002746
396,h&aelig;&eth;enscype,<code>h&amp;ae;&amp;d;enscype</code>,1,0.0002746
396,h&aelig;&eth;enum,<code>h&amp;ae;&amp;d;enum</code>,1,0.0002746
396,h&aelig;bbe,<code>h&amp;ae;bbe</code>,1,0.0002746
396,h&aelig;f&eth;,<code>h&amp;ae;f&amp;d;</code>,1,0.0002746
396,h&aelig;fdon,<code>h&amp;ae;fdon</code>,1,0.0002746
396,h&aelig;ftum,<code>h&amp;ae;ftum</code>,1,0.0002746
396,h&aelig;lendes,<code>h&amp;ae;lendes</code>,1,0.0002746
396,habitare,<code>habitare</code>,1,0.0002746
396,hades,<code>hades</code>,1,0.0002746
396,hal,<code>hal</code>,1,0.0002746
396,halgena,<code>halgena</code>,1,0.0002746
396,haliges,<code>haliges</code>,1,0.0002746
396,handa,<code>handa</code>,1,0.0002746
396,handum,<code>handum</code>,1,0.0002746
396,hate,<code>hate</code>,1,0.0002746
396,heafod,<code>heafod</code>,1,0.0002746
396,heage,<code>heage</code>,1,0.0002746
396,healda&eth;,<code>healda&amp;d;</code>,1,0.0002746
396,healfe,<code>healfe</code>,1,0.0002746
396,healfne,<code>healfne</code>,1,0.0002746
396,healicum,<code>healicum</code>,1,0.0002746
396,healst,<code>healst</code>,1,0.0002746
396,hentan,<code>hentan</code>,1,0.0002746
396,heofenum,<code>heofenum</code>,1,0.0002746
396,heofiendra,<code>heofiendra</code>,1,0.0002746
396,heofonlice,<code>heofonlice</code>,1,0.0002746
396,heofungum,<code>heofungum</code>,1,0.0002746
396,her,<code>her</code>,1,0.0002746
396,herede,<code>herede</code>,1,0.0002746
396,herigendlic,<code>herigendlic</code>,1,0.0002746
396,herungum,<code>herungum</code>,1,0.0002746
396,hihte,<code>hihte</code>,1,0.0002746
396,hindan,<code>hindan</code>,1,0.0002746
396,hiwum,<code>hiwum</code>,1,0.0002746
396,hloh,<code>hloh</code>,1,0.0002746
396,hluttor,<code>hluttor</code>,1,0.0002746
396,hnah,<code>hnah</code>,1,0.0002746
396,hordcleofan,<code>hordcleofan</code>,1,0.0002746
396,hr&aelig;ddon,<code>hr&amp;ae;ddon</code>,1,0.0002746
396,hra&eth;e,<code>hra&amp;d;e</code>,1,0.0002746
396,hremde,<code>hremde</code>,1,0.0002746
396,hrepa,<code>hrepa</code>,1,0.0002746
396,huru,<code>huru</code>,1,0.0002746
396,huse,<code>huse</code>,1,0.0002746
396,hw&aelig;&eth;er,<code>hw&amp;ae;&amp;d;er</code>,1,0.0002746
396,hw&aelig;ne,<code>hw&amp;ae;ne</code>,1,0.0002746
396,hw&aelig;r,<code>hw&amp;ae;r</code>,1,0.0002746
396,hwa,<code>hwa</code>,1,0.0002746
396,hwi,<code>hwi</code>,1,0.0002746
396,hwylc,<code>hwylc</code>,1,0.0002746
396,hwylce,<code>hwylce</code>,1,0.0002746
396,hyrdas,<code>hyrdas</code>,1,0.0002746
396,hyre,<code>hyre</code>,1,0.0002746
396,hyrede,<code>hyrede</code>,1,0.0002746
396,hyredmenn,<code>hyredmenn</code>,1,0.0002746
396,iglande,<code>iglande</code>,1,0.0002746
396,ilas,<code>ilas</code>,1,0.0002746
396,iles,<code>iles</code>,1,0.0002746
396,in,<code>in</code>,1,0.0002746
396,innhyrede,<code>innhyrede</code>,1,0.0002746
396,into,<code>into</code>,1,0.0002746
396,iocundum,<code>iocundum</code>,1,0.0002746
396,iohannes,<code>iohannes</code>,1,0.0002746
396,ioue,<code>ioue</code>,1,0.0002746
396,isenum,<code>isenum</code>,1,0.0002746
396,kalendas,<code>kalendas</code>,1,0.0002746
396,kaseres,<code>kaseres</code>,1,0.0002746
396,kynedom,<code>kynedom</code>,1,0.0002746
396,kynehelme,<code>kynehelme</code>,1,0.0002746
396,l&aelig;cecr&aelig;ft,<code>l&amp;ae;cecr&amp;ae;ft</code>,1,0.0002746
396,l&aelig;ddan,<code>l&amp;ae;ddan</code>,1,0.0002746
396,l&aelig;dde,<code>l&amp;ae;dde</code>,1,0.0002746
396,l&aelig;ta&eth;,<code>l&amp;ae;ta&amp;d;</code>,1,0.0002746
396,l&aelig;tan,<code>l&amp;ae;tan</code>,1,0.0002746
396,la&eth;um,<code>la&amp;d;um</code>,1,0.0002746
396,lac,<code>lac</code>,1,0.0002746
396,laf,<code>laf</code>,1,0.0002746
396,laga,<code>laga</code>,1,0.0002746
396,lande,<code>lande</code>,1,0.0002746
396,lange,<code>lange</code>,1,0.0002746
396,langsumum,<code>langsumum</code>,1,0.0002746
396,lar,<code>lar</code>,1,0.0002746
396,lareowdom,<code>lareowdom</code>,1,0.0002746
396,lareowum,<code>lareowum</code>,1,0.0002746
396,leafe,<code>leafe</code>,1,0.0002746
396,leahtrum,<code>leahtrum</code>,1,0.0002746
396,leasum,<code>leasum</code>,1,0.0002746
396,leasunga,<code>leasunga</code>,1,0.0002746
396,lecgan,<code>lecgan</code>,1,0.0002746
396,leode,<code>leode</code>,1,0.0002746
396,leoht,<code>leoht</code>,1,0.0002746
396,leohte,<code>leohte</code>,1,0.0002746
396,let,<code>let</code>,1,0.0002746
396,libban,<code>libban</code>,1,0.0002746
396,libbendne,<code>libbendne</code>,1,0.0002746
396,lice,<code>lice</code>,1,0.0002746
396,licgan,<code>licgan</code>,1,0.0002746
396,lichama,<code>lichama</code>,1,0.0002746
396,lifigendan,<code>lifigendan</code>,1,0.0002746
396,limum,<code>limum</code>,1,0.0002746
396,lufia&thorn;,<code>lufia&amp;t;</code>,1,0.0002746
396,lustum,<code>lustum</code>,1,0.0002746
396,lutodest,<code>lutodest</code>,1,0.0002746
396,lyfde,<code>lyfde</code>,1,0.0002746
396,lyfedon,<code>lyfedon</code>,1,0.0002746
396,lyfigende,<code>lyfigende</code>,1,0.0002746
396,m&aelig;dencild,<code>m&amp;ae;dencild</code>,1,0.0002746
396,m&aelig;g,<code>m&amp;ae;g</code>,1,0.0002746
396,m&aelig;gen&thorn;rymme,<code>m&amp;ae;gen&amp;t;rymme</code>,1,0.0002746
396,macion,<code>macion</code>,1,0.0002746
396,maga,<code>maga</code>,1,0.0002746
396,magum,<code>magum</code>,1,0.0002746
396,manfulla,<code>manfulla</code>,1,0.0002746
396,manige,<code>manige</code>,1,0.0002746
396,manna,<code>manna</code>,1,0.0002746
396,marcellianes,<code>marcellianes</code>,1,0.0002746
396,marces,<code>marces</code>,1,0.0002746
396,martyr,<code>martyr</code>,1,0.0002746
396,martyrdome,<code>martyrdome</code>,1,0.0002746
396,martyre,<code>martyre</code>,1,0.0002746
396,martyres,<code>martyres</code>,1,0.0002746
396,martyris,<code>martyris</code>,1,0.0002746
396,mechanisc,<code>mechanisc</code>,1,0.0002746
396,mediolana,<code>mediolana</code>,1,0.0002746
396,mete,<code>mete</code>,1,0.0002746
396,middanearde,<code>middanearde</code>,1,0.0002746
396,middere,<code>middere</code>,1,0.0002746
396,mihtelice,<code>mihtelice</code>,1,0.0002746
396,mihtiga,<code>mihtiga</code>,1,0.0002746
396,mihton,<code>mihton</code>,1,0.0002746
396,miltsunge,<code>miltsunge</code>,1,0.0002746
396,misl&aelig;ran,<code>misl&amp;ae;ran</code>,1,0.0002746
396,mistihton,<code>mistihton</code>,1,0.0002746
396,modor,<code>modor</code>,1,0.0002746
396,moston,<code>moston</code>,1,0.0002746
396,moton,<code>moton</code>,1,0.0002746
396,mundboran,<code>mundboran</code>,1,0.0002746
396,mycel,<code>mycel</code>,1,0.0002746
396,mycelre,<code>mycelre</code>,1,0.0002746
396,myrcelse,<code>myrcelse</code>,1,0.0002746
396,n&aelig;ddran,<code>n&amp;ae;ddran</code>,1,0.0002746
396,n&aelig;f&eth;,<code>n&amp;ae;f&amp;d;</code>,1,0.0002746
396,n&aelig;fre,<code>n&amp;ae;fre</code>,1,0.0002746
396,n&aelig;nne,<code>n&amp;ae;nne</code>,1,0.0002746
396,n&aelig;s,<code>n&amp;ae;s</code>,1,0.0002746
396,na,<code>na</code>,1,0.0002746
396,nacodum,<code>nacodum</code>,1,0.0002746
396,nahte,<code>nahte</code>,1,0.0002746
396,nam,<code>nam</code>,1,0.0002746
396,nama,<code>nama</code>,1,0.0002746
396,nateshwon,<code>nateshwon</code>,1,0.0002746
396,neode,<code>neode</code>,1,0.0002746
396,nigehwyrfedan,<code>nigehwyrfedan</code>,1,0.0002746
396,nihta,<code>nihta</code>,1,0.0002746
396,nihtes,<code>nihtes</code>,1,0.0002746
396,nihtum,<code>nihtum</code>,1,0.0002746
396,nis,<code>nis</code>,1,0.0002746
396,niwan,<code>niwan</code>,1,0.0002746
396,nolde,<code>nolde</code>,1,0.0002746
396,noster,<code>noster</code>,1,0.0002746
396,nyste,<code>nyste</code>,1,0.0002746
396,nytennysse,<code>nytennysse</code>,1,0.0002746
396,o&eth;&thorn;&aelig;t,<code>o&amp;d;&amp;t;&amp;ae;t</code>,1,0.0002746
396,o&thorn;&thorn;e,<code>o&amp;t;&amp;t;e</code>,1,0.0002746
396,o&thorn;re,<code>o&amp;t;re</code>,1,0.0002746
396,ofbeatan,<code>ofbeatan</code>,1,0.0002746
396,ofdr&aelig;dde,<code>ofdr&amp;ae;dde</code>,1,0.0002746
396,offrungum,<code>offrungum</code>,1,0.0002746
396,ofslagan,<code>ofslagan</code>,1,0.0002746
396,ofstunge,<code>ofstunge</code>,1,0.0002746
396,oft,<code>oft</code>,1,0.0002746
396,oftorfod,<code>oftorfod</code>,1,0.0002746
396,onbryrde,<code>onbryrde</code>,1,0.0002746
396,oncn&aelig;wst,<code>oncn&amp;ae;wst</code>,1,0.0002746
396,onginna&eth;,<code>onginna&amp;d;</code>,1,0.0002746
396,onlihtan,<code>onlihtan</code>,1,0.0002746
396,onlihte,<code>onlihte</code>,1,0.0002746
396,onlihton,<code>onlihton</code>,1,0.0002746
396,onlyht,<code>onlyht</code>,1,0.0002746
396,ontende,<code>ontende</code>,1,0.0002746
396,onwerd,<code>onwerd</code>,1,0.0002746
396,org&aelig;llice,<code>org&amp;ae;llice</code>,1,0.0002746
396,orm&aelig;tum,<code>orm&amp;ae;tum</code>,1,0.0002746
396,orsorge,<code>orsorge</code>,1,0.0002746
396,passio,<code>passio</code>,1,0.0002746
396,pater,<code>pater</code>,1,0.0002746
396,pavlvs,<code>pavlvs</code>,1,0.0002746
396,petrus,<code>petrus</code>,1,0.0002746
396,pinian,<code>pinian</code>,1,0.0002746
396,policarpe,<code>policarpe</code>,1,0.0002746
396,preostes,<code>preostes</code>,1,0.0002746
396,punda,<code>punda</code>,1,0.0002746
396,r&aelig;da&eth;,<code>r&amp;ae;da&amp;d;</code>,1,0.0002746
396,r&aelig;dde,<code>r&amp;ae;dde</code>,1,0.0002746
396,re&eth;um,<code>re&amp;d;um</code>,1,0.0002746
396,readum,<code>readum</code>,1,0.0002746
396,recels,<code>recels</code>,1,0.0002746
396,rihtlice,<code>rihtlice</code>,1,0.0002746
396,rihtwis,<code>rihtwis</code>,1,0.0002746
396,rihtwisan,<code>rihtwisan</code>,1,0.0002746
396,rixiende,<code>rixiende</code>,1,0.0002746
396,rodorlice,<code>rodorlice</code>,1,0.0002746
396,rohton,<code>rohton</code>,1,0.0002746
396,romana,<code>romana</code>,1,0.0002746
396,romaniscre,<code>romaniscre</code>,1,0.0002746
396,rumgyfolan,<code>rumgyfolan</code>,1,0.0002746
396,s&aelig;,<code>s&amp;ae;</code>,1,0.0002746
396,sacerd,<code>sacerd</code>,1,0.0002746
396,saglum,<code>saglum</code>,1,0.0002746
396,sancti,<code>sancti</code>,1,0.0002746
396,sang,<code>sang</code>,1,0.0002746
396,sarnyssa,<code>sarnyssa</code>,1,0.0002746
396,sarnysse,<code>sarnysse</code>,1,0.0002746
396,sarnyssum,<code>sarnyssum</code>,1,0.0002746
396,saturnus,<code>saturnus</code>,1,0.0002746
396,sawle,<code>sawle</code>,1,0.0002746
396,sceandlic,<code>sceandlic</code>,1,0.0002746
396,sceandlican,<code>sceandlican</code>,1,0.0002746
396,sceattas,<code>sceattas</code>,1,0.0002746
396,sceattum,<code>sceattum</code>,1,0.0002746
396,sceortere,<code>sceortere</code>,1,0.0002746
396,scinendan,<code>scinendan</code>,1,0.0002746
396,scinende,<code>scinende</code>,1,0.0002746
396,scire,<code>scire</code>,1,0.0002746
396,scyppend,<code>scyppend</code>,1,0.0002746
396,se&eth;e,<code>se&amp;d;e</code>,1,0.0002746
396,sea&eth;e,<code>sea&amp;d;e</code>,1,0.0002746
396,sealm,<code>sealm</code>,1,0.0002746
396,sebastiani,<code>sebastiani</code>,1,0.0002746
396,secan,<code>secan</code>,1,0.0002746
396,secga&eth;,<code>secga&amp;d;</code>,1,0.0002746
396,secgende,<code>secgende</code>,1,0.0002746
396,secst,<code>secst</code>,1,0.0002746
396,seo,<code>seo</code>,1,0.0002746
396,seoca,<code>seoca</code>,1,0.0002746
396,seocan,<code>seocan</code>,1,0.0002746
396,setton,<code>setton</code>,1,0.0002746
396,si&eth;on,<code>si&amp;d;on</code>,1,0.0002746
396,sigebecn,<code>sigebecn</code>,1,0.0002746
396,six,<code>six</code>,1,0.0002746
396,sixtyne,<code>sixtyne</code>,1,0.0002746
396,snotera,<code>snotera</code>,1,0.0002746
396,so&eth;festnysse,<code>so&amp;d;festnysse</code>,1,0.0002746
396,so&eth;lice,<code>so&amp;d;lice</code>,1,0.0002746
396,so&thorn;an,<code>so&amp;t;an</code>,1,0.0002746
396,so&thorn;um,<code>so&amp;t;um</code>,1,0.0002746
396,soce,<code>soce</code>,1,0.0002746
396,spr&aelig;c,<code>spr&amp;ae;c</code>,1,0.0002746
396,spr&aelig;can,<code>spr&amp;ae;can</code>,1,0.0002746
396,spr&aelig;cum,<code>spr&amp;ae;cum</code>,1,0.0002746
396,sprecan,<code>sprecan</code>,1,0.0002746
396,st&aelig;gre,<code>st&amp;ae;gre</code>,1,0.0002746
396,st&aelig;nenan,<code>st&amp;ae;nenan</code>,1,0.0002746
396,standa&eth;,<code>standa&amp;d;</code>,1,0.0002746
396,standan,<code>standan</code>,1,0.0002746
396,stane,<code>stane</code>,1,0.0002746
396,steorran,<code>steorran</code>,1,0.0002746
396,steorrena,<code>steorrena</code>,1,0.0002746
396,steorrum,<code>steorrum</code>,1,0.0002746
396,stille,<code>stille</code>,1,0.0002746
396,stowe,<code>stowe</code>,1,0.0002746
396,strang,<code>strang</code>,1,0.0002746
396,subdiaconum,<code>subdiaconum</code>,1,0.0002746
396,sungon,<code>sungon</code>,1,0.0002746
396,sw&aelig;fne,<code>sw&amp;ae;fne</code>,1,0.0002746
396,sw&aelig;slice,<code>sw&amp;ae;slice</code>,1,0.0002746
396,swi&eth;lican,<code>swi&amp;d;lican</code>,1,0.0002746
396,swi&eth;licre,<code>swi&amp;d;licre</code>,1,0.0002746
396,swi&eth;or,<code>swi&amp;d;or</code>,1,0.0002746
396,swi&thorn;ost,<code>swi&amp;t;ost</code>,1,0.0002746
396,swicol,<code>swicol</code>,1,0.0002746
396,swicolan,<code>swicolan</code>,1,0.0002746
396,swicolum,<code>swicolum</code>,1,0.0002746
396,swilce,<code>swilce</code>,1,0.0002746
396,swilcum,<code>swilcum</code>,1,0.0002746
396,swingelum,<code>swingelum</code>,1,0.0002746
396,swuran,<code>swuran</code>,1,0.0002746
396,swurde,<code>swurde</code>,1,0.0002746
396,swutol,<code>swutol</code>,1,0.0002746
396,swutollice,<code>swutollice</code>,1,0.0002746
396,swystor,<code>swystor</code>,1,0.0002746
396,sydefull,<code>sydefull</code>,1,0.0002746
396,syl&eth;,<code>syl&amp;d;</code>,1,0.0002746
396,sylfa,<code>sylfa</code>,1,0.0002746
396,sylfrenan,<code>sylfrenan</code>,1,0.0002746
396,sylfwylles,<code>sylfwylles</code>,1,0.0002746
396,syllan,<code>syllan</code>,1,0.0002746
396,sylle,<code>sylle</code>,1,0.0002746
396,symle,<code>symle</code>,1,0.0002746
396,syndon,<code>syndon</code>,1,0.0002746
396,synscype,<code>synscype</code>,1,0.0002746
396,t&aelig;hte,<code>t&amp;ae;hte</code>,1,0.0002746
396,tallic,<code>tallic</code>,1,0.0002746
396,tearum,<code>tearum</code>,1,0.0002746
396,templa,<code>templa</code>,1,0.0002746
396,tiburtium,<code>tiburtium</code>,1,0.0002746
396,tide,<code>tide</code>,1,0.0002746
396,tihtingum,<code>tihtingum</code>,1,0.0002746
396,to&eth;um,<code>to&amp;d;um</code>,1,0.0002746
396,tobr&aelig;c,<code>tobr&amp;ae;c</code>,1,0.0002746
396,tobrecon,<code>tobrecon</code>,1,0.0002746
396,tobryton,<code>tobryton</code>,1,0.0002746
396,tocwysan,<code>tocwysan</code>,1,0.0002746
396,tocwysde,<code>tocwysde</code>,1,0.0002746
396,todr&aelig;f&eth;,<code>todr&amp;ae;f&amp;d;</code>,1,0.0002746
396,toforan,<code>toforan</code>,1,0.0002746
396,tog&aelig;dere,<code>tog&amp;ae;dere</code>,1,0.0002746
396,tomiddes,<code>tomiddes</code>,1,0.0002746
396,towurpon,<code>towurpon</code>,1,0.0002746
396,tranquilline,<code>tranquilline</code>,1,0.0002746
396,tranquillines,<code>tranquillines</code>,1,0.0002746
396,treowenan,<code>treowenan</code>,1,0.0002746
396,tungle,<code>tungle</code>,1,0.0002746
396,tunglena,<code>tunglena</code>,1,0.0002746
396,twegen,<code>twegen</code>,1,0.0002746
396,twynia&eth;,<code>twynia&amp;d;</code>,1,0.0002746
396,uictorinus,<code>uictorinus</code>,1,0.0002746
396,un&thorn;earfe,<code>un&amp;t;earfe</code>,1,0.0002746
396,unablinnendlice,<code>unablinnendlice</code>,1,0.0002746
396,unband,<code>unband</code>,1,0.0002746
396,uncl&aelig;nan,<code>uncl&amp;ae;nan</code>,1,0.0002746
396,uncu&eth;,<code>uncu&amp;d;</code>,1,0.0002746
396,underfeh&eth;,<code>underfeh&amp;d;</code>,1,0.0002746
396,underfeng,<code>underfeng</code>,1,0.0002746
396,underhnigan,<code>underhnigan</code>,1,0.0002746
396,unforb&aelig;rnedum,<code>unforb&amp;ae;rnedum</code>,1,0.0002746
396,unforhte,<code>unforhte</code>,1,0.0002746
396,unges&aelig;ligan,<code>unges&amp;ae;ligan</code>,1,0.0002746
396,ungesewenlican,<code>ungesewenlican</code>,1,0.0002746
396,unhal,<code>unhal</code>,1,0.0002746
396,unst&aelig;&eth;&eth;ian,<code>unst&amp;ae;&amp;d;&amp;d;ian</code>,1,0.0002746
396,untobrocen,<code>untobrocen</code>,1,0.0002746
396,untruman,<code>untruman</code>,1,0.0002746
396,untrumne,<code>untrumne</code>,1,0.0002746
396,unum,<code>unum</code>,1,0.0002746
396,up,<code>up</code>,1,0.0002746
396,ure,<code>ure</code>,1,0.0002746
396,w&aelig;cgas,<code>w&amp;ae;cgas</code>,1,0.0002746
396,w&aelig;dligum,<code>w&amp;ae;dligum</code>,1,0.0002746
396,w&aelig;lhreowlice,<code>w&amp;ae;lhreowlice</code>,1,0.0002746
396,w&aelig;terseoc,<code>w&amp;ae;terseoc</code>,1,0.0002746
396,wanung,<code>wanung</code>,1,0.0002746
396,wecg,<code>wecg</code>,1,0.0002746
396,wel,<code>wel</code>,1,0.0002746
396,wena&eth;,<code>wena&amp;d;</code>,1,0.0002746
396,weorcum,<code>weorcum</code>,1,0.0002746
396,weoxon,<code>weoxon</code>,1,0.0002746
396,wepa&eth;,<code>wepa&amp;d;</code>,1,0.0002746
396,wer,<code>wer</code>,1,0.0002746
396,were,<code>were</code>,1,0.0002746
396,werod,<code>werod</code>,1,0.0002746
396,wi&eth;erwinnan,<code>wi&amp;d;erwinnan</code>,1,0.0002746
396,wi&eth;socon,<code>wi&amp;d;socon</code>,1,0.0002746
396,widgyllan,<code>widgyllan</code>,1,0.0002746
396,wifa,<code>wifa</code>,1,0.0002746
396,wifes,<code>wifes</code>,1,0.0002746
396,wifum,<code>wifum</code>,1,0.0002746
396,wiglunga,<code>wiglunga</code>,1,0.0002746
396,willa,<code>willa</code>,1,0.0002746
396,willan,<code>willan</code>,1,0.0002746
396,wis,<code>wis</code>,1,0.0002746
396,wiscton,<code>wiscton</code>,1,0.0002746
396,wisera,<code>wisera</code>,1,0.0002746
396,wislice,<code>wislice</code>,1,0.0002746
396,wisne,<code>wisne</code>,1,0.0002746
396,wissian,<code>wissian</code>,1,0.0002746
396,wiston,<code>wiston</code>,1,0.0002746
396,witan,<code>witan</code>,1,0.0002746
396,witegan,<code>witegan</code>,1,0.0002746
396,witegunge,<code>witegunge</code>,1,0.0002746
396,witodlice,<code>witodlice</code>,1,0.0002746
396,witon,<code>witon</code>,1,0.0002746
396,witu,<code>witu</code>,1,0.0002746
396,wod,<code>wod</code>,1,0.0002746
396,wodum,<code>wodum</code>,1,0.0002746
396,wop,<code>wop</code>,1,0.0002746
396,worda,<code>worda</code>,1,0.0002746
396,worde,<code>worde</code>,1,0.0002746
396,wordum,<code>wordum</code>,1,0.0002746
396,woruld&thorn;ingum,<code>woruld&amp;t;ingum</code>,1,0.0002746
396,wudewan,<code>wudewan</code>,1,0.0002746
396,wudewe,<code>wudewe</code>,1,0.0002746
396,wuldres,<code>wuldres</code>,1,0.0002746
396,wundorlic,<code>wundorlic</code>,1,0.0002746
396,wundra,<code>wundra</code>,1,0.0002746
396,wundrode,<code>wundrode</code>,1,0.0002746
396,wundum,<code>wundum</code>,1,0.0002746
396,wunige,<code>wunige</code>,1,0.0002746
396,wununga,<code>wununga</code>,1,0.0002746
396,wur&eth;,<code>wur&amp;d;</code>,1,0.0002746
396,wur&eth;ast,<code>wur&amp;d;ast</code>,1,0.0002746
396,wur&eth;e,<code>wur&amp;d;e</code>,1,0.0002746
396,wur&eth;lic,<code>wur&amp;d;lic</code>,1,0.0002746
396,wur&eth;mynte,<code>wur&amp;d;mynte</code>,1,0.0002746
396,wur&eth;ode,<code>wur&amp;d;ode</code>,1,0.0002746
396,wurde,<code>wurde</code>,1,0.0002746
396,wurpan,<code>wurpan</code>,1,0.0002746
396,wurpe,<code>wurpe</code>,1,0.0002746
396,wynsum,<code>wynsum</code>,1,0.0002746
396,wynsumnys,<code>wynsumnys</code>,1,0.0002746
396,xiii,<code>xiii</code>,1,0.0002746
396,ydelnyss,<code>ydelnyss</code>,1,0.0002746
396,yfeles,<code>yfeles</code>,1,0.0002746
396,ylce,<code>ylce</code>,1,0.0002746
396,ymbrynum,<code>ymbrynum</code>,1,0.0002746
396,yr&eth;lingas,<code>yr&amp;d;lingas</code>,1,0.0002746
396,zacharian,<code>zacharian</code>,1,0.0002746
