B_Prose,B01,B01.002.013_AECHom_II__12.1_T02630.txt,1144,689,3772
RANK,HTML WORD,RAW WORD,COUNT,RELATIVE FREQUENCY
1,and,<code>and</code>,183,0.0485154
2,on,<code>on</code>,127,0.0336691
3,&thorn;&aelig;t,<code>&amp;t;&amp;ae;t</code>,109,0.0288971
4,&eth;am,<code>&amp;d;am</code>,81,0.0214740
5,se,<code>se</code>,70,0.0185578
6,his,<code>his</code>,61,0.0161718
7,to,<code>to</code>,58,0.0153765
8,is,<code>is</code>,56,0.0148462
9,swa,<code>swa</code>,55,0.0145811
10,he,<code>he</code>,53,0.0140509
11,&eth;a,<code>&amp;d;a</code>,51,0.0135207
12,ne,<code>ne</code>,49,0.0129905
13,hi,<code>hi</code>,47,0.0124602
14,&eth;e,<code>&amp;d;e</code>,43,0.0113998
15,mid,<code>mid</code>,36,0.0095440
16,godes,<code>godes</code>,33,0.0087487
17,we,<code>we</code>,32,0.0084836
18,god,<code>god</code>,31,0.0082185
18,w&aelig;s,<code>w&amp;ae;s</code>,31,0.0082185
20,him,<code>him</code>,27,0.0071580
21,&eth;&aelig;re,<code>&amp;d;&amp;ae;re</code>,24,0.0063627
21,&thorn;a,<code>&amp;t;a</code>,24,0.0063627
21,ic,<code>ic</code>,24,0.0063627
24,&eth;u,<code>&amp;d;u</code>,23,0.0060976
24,for,<code>for</code>,23,0.0060976
26,&thorn;e,<code>&amp;t;e</code>,21,0.0055673
27,of,<code>of</code>,19,0.0050371
28,&aelig;lmihtiga,<code>&amp;ae;lmihtiga</code>,18,0.0047720
28,ealle,<code>ealle</code>,18,0.0047720
30,ac,<code>ac</code>,17,0.0045069
31,&aelig;,<code>&amp;ae;</code>,16,0.0042418
32,&eth;an,<code>&amp;d;an</code>,15,0.0039767
32,be,<code>be</code>,15,0.0039767
32,bebod,<code>bebod</code>,15,0.0039767
35,&eth;urh,<code>&amp;d;urh</code>,14,0.0037116
36,cw&aelig;&eth;,<code>cw&amp;ae;&amp;d;</code>,13,0.0034464
36,eac,<code>eac</code>,13,0.0034464
36,heora,<code>heora</code>,13,0.0034464
36,symle,<code>symle</code>,13,0.0034464
40,&eth;&aelig;s,<code>&amp;d;&amp;ae;s</code>,12,0.0031813
40,&eth;one,<code>&amp;d;one</code>,12,0.0031813
40,folc,<code>folc</code>,12,0.0031813
40,gif,<code>gif</code>,12,0.0031813
40,s&aelig;,<code>s&amp;ae;</code>,12,0.0031813
45,&aelig;fter,<code>&amp;ae;fter</code>,11,0.0029162
45,crist,<code>crist</code>,11,0.0029162
45,cristes,<code>cristes</code>,11,0.0029162
45,folce,<code>folce</code>,11,0.0029162
45,hine,<code>hine</code>,11,0.0029162
45,manna,<code>manna</code>,11,0.0029162
45,ofer,<code>ofer</code>,11,0.0029162
45,pharao,<code>pharao</code>,11,0.0029162
53,an,<code>an</code>,10,0.0026511
53,bi&eth;,<code>bi&amp;d;</code>,10,0.0026511
53,ealdan,<code>ealdan</code>,10,0.0026511
53,eallum,<code>eallum</code>,10,0.0026511
53,f&aelig;der,<code>f&amp;ae;der</code>,10,0.0026511
53,getacnunge,<code>getacnunge</code>,10,0.0026511
53,nan,<code>nan</code>,10,0.0026511
53,nu,<code>nu</code>,10,0.0026511
53,seo,<code>seo</code>,10,0.0026511
53,w&aelig;ron,<code>w&amp;ae;ron</code>,10,0.0026511
63,buton,<code>buton</code>,9,0.0023860
63,moysen,<code>moysen</code>,9,0.0023860
63,o&eth;&eth;e,<code>o&amp;d;&amp;d;e</code>,9,0.0023860
63,ure,<code>ure</code>,9,0.0023860
67,&aelig;t,<code>&amp;ae;t</code>,8,0.0021209
67,&thorn;&aelig;ra,<code>&amp;t;&amp;ae;ra</code>,8,0.0021209
67,&thorn;&aelig;s,<code>&amp;t;&amp;ae;s</code>,8,0.0021209
67,d&aelig;ge,<code>d&amp;ae;ge</code>,8,0.0021209
67,drihten,<code>drihten</code>,8,0.0021209
67,lande,<code>lande</code>,8,0.0021209
67,moyses,<code>moyses</code>,8,0.0021209
67,o&eth;,<code>o&amp;d;</code>,8,0.0021209
67,si&eth;&eth;an,<code>si&amp;d;&amp;d;an</code>,8,0.0021209
76,&thorn;one,<code>&amp;t;one</code>,7,0.0018558
76,&thorn;urh,<code>&amp;t;urh</code>,7,0.0018558
76,beo&eth;,<code>beo&amp;d;</code>,7,0.0018558
76,beon,<code>beon</code>,7,0.0018558
76,eft,<code>eft</code>,7,0.0018558
76,fram,<code>fram</code>,7,0.0018558
76,het,<code>het</code>,7,0.0018558
76,israhela,<code>israhela</code>,7,0.0018558
76,o&eth;er,<code>o&amp;d;er</code>,7,0.0018558
76,so&eth;lice,<code>so&amp;d;lice</code>,7,0.0018558
76,twa,<code>twa</code>,7,0.0018558
76,tyn,<code>tyn</code>,7,0.0018558
76,urum,<code>urum</code>,7,0.0018558
76,us,<code>us</code>,7,0.0018558
76,wite,<code>wite</code>,7,0.0018558
91,&aelig;r,<code>&amp;ae;r</code>,6,0.0015907
91,&eth;in,<code>&amp;d;in</code>,6,0.0015907
91,&eth;ing,<code>&amp;d;ing</code>,6,0.0015907
91,&thorn;&aelig;r,<code>&amp;t;&amp;ae;r</code>,6,0.0015907
91,com,<code>com</code>,6,0.0015907
91,d&aelig;g,<code>d&amp;ae;g</code>,6,0.0015907
91,earde,<code>earde</code>,6,0.0015907
91,egypta,<code>egypta</code>,6,0.0015907
91,eow,<code>eow</code>,6,0.0015907
91,getacnod,<code>getacnod</code>,6,0.0015907
91,h&aelig;fde,<code>h&amp;ae;fde</code>,6,0.0015907
91,halgan,<code>halgan</code>,6,0.0015907
91,lichaman,<code>lichaman</code>,6,0.0015907
91,mannes,<code>mannes</code>,6,0.0015907
91,moder,<code>moder</code>,6,0.0015907
91,na,<code>na</code>,6,0.0015907
91,o&eth;re,<code>o&amp;d;re</code>,6,0.0015907
91,o&eth;res,<code>o&amp;d;res</code>,6,0.0015907
91,sind,<code>sind</code>,6,0.0015907
91,w&aelig;ter,<code>w&amp;ae;ter</code>,6,0.0015907
91,westene,<code>westene</code>,6,0.0015907
91,word,<code>word</code>,6,0.0015907
113,&aelig;lc,<code>&amp;ae;lc</code>,5,0.0013256
113,&eth;rowunge,<code>&amp;d;rowunge</code>,5,0.0013256
113,&thorn;am,<code>&amp;t;am</code>,5,0.0013256
113,anre,<code>anre</code>,5,0.0013256
113,awrat,<code>awrat</code>,5,0.0013256
113,beboda,<code>beboda</code>,5,0.0013256
113,d&aelig;ghwomlice,<code>d&amp;ae;ghwomlice</code>,5,0.0013256
113,eal,<code>eal</code>,5,0.0013256
113,feowertig,<code>feowertig</code>,5,0.0013256
113,gast,<code>gast</code>,5,0.0013256
113,gastlicum,<code>gastlicum</code>,5,0.0013256
113,geara,<code>geara</code>,5,0.0013256
113,gesette,<code>gesette</code>,5,0.0013256
113,geswac,<code>geswac</code>,5,0.0013256
113,getelde,<code>getelde</code>,5,0.0013256
113,gife,<code>gife</code>,5,0.0013256
113,gode,<code>gode</code>,5,0.0013256
113,heofenum,<code>heofenum</code>,5,0.0013256
113,man,<code>man</code>,5,0.0013256
113,micclum,<code>micclum</code>,5,0.0013256
113,micel,<code>micel</code>,5,0.0013256
113,mihte,<code>mihte</code>,5,0.0013256
113,n&aelig;s,<code>n&amp;ae;s</code>,5,0.0013256
113,offria&eth;,<code>offria&amp;d;</code>,5,0.0013256
113,restend&aelig;g,<code>restend&amp;ae;g</code>,5,0.0013256
113,sceolon,<code>sceolon</code>,5,0.0013256
113,wear&eth;,<code>wear&amp;d;</code>,5,0.0013256
113,wolcn,<code>wolcn</code>,5,0.0013256
113,worulde,<code>worulde</code>,5,0.0013256
142,&aelig;lcum,<code>&amp;ae;lcum</code>,4,0.0010604
142,&eth;&aelig;ra,<code>&amp;d;&amp;ae;ra</code>,4,0.0010604
142,&eth;eah,<code>&amp;d;eah</code>,4,0.0010604
142,&thorn;&aelig;re,<code>&amp;t;&amp;ae;re</code>,4,0.0010604
142,&thorn;yssere,<code>&amp;t;yssere</code>,4,0.0010604
142,aaron,<code>aaron</code>,4,0.0010604
142,andgite,<code>andgite</code>,4,0.0010604
142,astah,<code>astah</code>,4,0.0010604
142,becom,<code>becom</code>,4,0.0010604
142,beo,<code>beo</code>,4,0.0010604
142,dihte,<code>dihte</code>,4,0.0010604
142,ealde,<code>ealde</code>,4,0.0010604
142,folces,<code>folces</code>,4,0.0010604
142,gastlican,<code>gastlican</code>,4,0.0010604
142,gastlice,<code>gastlice</code>,4,0.0010604
142,ge,<code>ge</code>,4,0.0010604
142,gecweden,<code>gecweden</code>,4,0.0010604
142,gehaten,<code>gehaten</code>,4,0.0010604
142,geleafan,<code>geleafan</code>,4,0.0010604
142,gestrynde,<code>gestrynde</code>,4,0.0010604
142,gewilna,<code>gewilna</code>,4,0.0010604
142,heortan,<code>heortan</code>,4,0.0010604
142,hit,<code>hit</code>,4,0.0010604
142,hw&aelig;t,<code>hw&amp;ae;t</code>,4,0.0010604
142,land,<code>land</code>,4,0.0010604
142,lichamlice,<code>lichamlice</code>,4,0.0010604
142,mann,<code>mann</code>,4,0.0010604
142,men,<code>men</code>,4,0.0010604
142,min,<code>min</code>,4,0.0010604
142,n&aelig;fre,<code>n&amp;ae;fre</code>,4,0.0010604
142,swilce,<code>swilce</code>,4,0.0010604
142,tabelan,<code>tabelan</code>,4,0.0010604
142,under,<code>under</code>,4,0.0010604
142,witodlice,<code>witodlice</code>,4,0.0010604
142,wolde,<code>wolde</code>,4,0.0010604
177,&aelig;fre,<code>&amp;ae;fre</code>,3,0.0007953
177,&eth;as,<code>&amp;d;as</code>,3,0.0007953
177,&eth;eowte,<code>&amp;d;eowte</code>,3,0.0007953
177,&eth;i,<code>&amp;d;i</code>,3,0.0007953
177,&eth;ine,<code>&amp;d;ine</code>,3,0.0007953
177,&eth;isum,<code>&amp;d;isum</code>,3,0.0007953
177,&eth;reo,<code>&amp;d;reo</code>,3,0.0007953
177,&eth;ridde,<code>&amp;d;ridde</code>,3,0.0007953
177,&eth;unor,<code>&amp;d;unor</code>,3,0.0007953
177,abrahame,<code>abrahame</code>,3,0.0007953
177,anum,<code>anum</code>,3,0.0007953
177,arwur&eth;a,<code>arwur&amp;d;a</code>,3,0.0007953
177,awende,<code>awende</code>,3,0.0007953
177,awritene,<code>awritene</code>,3,0.0007953
177,bebodu,<code>bebodu</code>,3,0.0007953
177,binnon,<code>binnon</code>,3,0.0007953
177,cyning,<code>cyning</code>,3,0.0007953
177,dea&eth;e,<code>dea&amp;d;e</code>,3,0.0007953
177,deofol,<code>deofol</code>,3,0.0007953
177,deopan,<code>deopan</code>,3,0.0007953
177,ealne,<code>ealne</code>,3,0.0007953
177,ealra,<code>ealra</code>,3,0.0007953
177,ecan,<code>ecan</code>,3,0.0007953
177,eode,<code>eode</code>,3,0.0007953
177,ferdon,<code>ferdon</code>,3,0.0007953
177,fifte,<code>fifte</code>,3,0.0007953
177,fifteogo&eth;an,<code>fifteogo&amp;d;an</code>,3,0.0007953
177,fingre,<code>fingre</code>,3,0.0007953
177,forme,<code>forme</code>,3,0.0007953
177,fulluhte,<code>fulluhte</code>,3,0.0007953
177,gefylde,<code>gefylde</code>,3,0.0007953
177,geond,<code>geond</code>,3,0.0007953
177,gesceafta,<code>gesceafta</code>,3,0.0007953
177,gesceop,<code>gesceop</code>,3,0.0007953
177,gescyp&eth;,<code>gescyp&amp;d;</code>,3,0.0007953
177,getacnodon,<code>getacnodon</code>,3,0.0007953
177,h&aelig;m&eth;,<code>h&amp;ae;m&amp;d;</code>,3,0.0007953
177,halga,<code>halga</code>,3,0.0007953
177,hand,<code>hand</code>,3,0.0007953
177,heo,<code>heo</code>,3,0.0007953
177,hlaf,<code>hlaf</code>,3,0.0007953
177,hund,<code>hund</code>,3,0.0007953
177,iacob,<code>iacob</code>,3,0.0007953
177,lace,<code>lace</code>,3,0.0007953
177,lacum,<code>lacum</code>,3,0.0007953
177,lufe,<code>lufe</code>,3,0.0007953
177,magon,<code>magon</code>,3,0.0007953
177,mannum,<code>mannum</code>,3,0.0007953
177,mete,<code>mete</code>,3,0.0007953
177,munte,<code>munte</code>,3,0.0007953
177,naman,<code>naman</code>,3,0.0007953
177,nextan,<code>nextan</code>,3,0.0007953
177,nis,<code>nis</code>,3,0.0007953
177,ofspringe,<code>ofspringe</code>,3,0.0007953
177,readan,<code>readan</code>,3,0.0007953
177,samod,<code>samod</code>,3,0.0007953
177,scyppend,<code>scyppend</code>,3,0.0007953
177,seofo&eth;e,<code>seofo&amp;d;e</code>,3,0.0007953
177,seofon,<code>seofon</code>,3,0.0007953
177,sixte,<code>sixte</code>,3,0.0007953
177,so&eth;f&aelig;stnysse,<code>so&amp;d;f&amp;ae;stnysse</code>,3,0.0007953
177,stane,<code>stane</code>,3,0.0007953
177,sume,<code>sume</code>,3,0.0007953
177,suna,<code>suna</code>,3,0.0007953
177,sunu,<code>sunu</code>,3,0.0007953
177,sylf,<code>sylf</code>,3,0.0007953
177,synna,<code>synna</code>,3,0.0007953
177,tima,<code>tima</code>,3,0.0007953
177,tocyme,<code>tocyme</code>,3,0.0007953
177,twelf,<code>twelf</code>,3,0.0007953
177,up,<code>up</code>,3,0.0007953
177,ures,<code>ures</code>,3,0.0007953
177,wi&eth;cwe&eth;,<code>wi&amp;d;cwe&amp;d;</code>,3,0.0007953
177,wunigende,<code>wunigende</code>,3,0.0007953
177,ydelnysse,<code>ydelnysse</code>,3,0.0007953
177,ylcan,<code>ylcan</code>,3,0.0007953
253,&aelig;hta,<code>&amp;ae;hta</code>,2,0.0005302
253,&aelig;htum,<code>&amp;ae;htum</code>,2,0.0005302
253,&aelig;lce,<code>&amp;ae;lce</code>,2,0.0005302
253,&aelig;lmihtigan,<code>&amp;ae;lmihtigan</code>,2,0.0005302
253,&aelig;nne,<code>&amp;ae;nne</code>,2,0.0005302
253,&aelig;rest,<code>&amp;ae;rest</code>,2,0.0005302
253,&aelig;tforan,<code>&amp;ae;tforan</code>,2,0.0005302
253,&aelig;we,<code>&amp;ae;we</code>,2,0.0005302
253,&eth;&aelig;r,<code>&amp;d;&amp;ae;r</code>,2,0.0005302
253,&eth;eode,<code>&amp;d;eode</code>,2,0.0005302
253,&eth;ines,<code>&amp;d;ines</code>,2,0.0005302
253,&eth;ingum,<code>&amp;d;ingum</code>,2,0.0005302
253,&eth;is,<code>&amp;d;is</code>,2,0.0005302
253,&eth;onne,<code>&amp;d;onne</code>,2,0.0005302
253,&eth;rim,<code>&amp;d;rim</code>,2,0.0005302
253,&eth;wyran,<code>&amp;d;wyran</code>,2,0.0005302
253,&eth;y,<code>&amp;d;y</code>,2,0.0005302
253,&thorn;is,<code>&amp;t;is</code>,2,0.0005302
253,&thorn;isum,<code>&amp;t;isum</code>,2,0.0005302
253,&thorn;onne,<code>&amp;t;onne</code>,2,0.0005302
253,&thorn;us,<code>&amp;t;us</code>,2,0.0005302
253,abraham,<code>abraham</code>,2,0.0005302
253,acwellan,<code>acwellan</code>,2,0.0005302
253,adr&aelig;fe,<code>adr&amp;ae;fe</code>,2,0.0005302
253,ahredde,<code>ahredde</code>,2,0.0005302
253,apostol,<code>apostol</code>,2,0.0005302
253,aras,<code>aras</code>,2,0.0005302
253,arwur&eth;ian,<code>arwur&amp;d;ian</code>,2,0.0005302
253,astih,<code>astih</code>,2,0.0005302
253,astrece,<code>astrece</code>,2,0.0005302
253,bebodum,<code>bebodum</code>,2,0.0005302
253,becomon,<code>becomon</code>,2,0.0005302
253,behet,<code>behet</code>,2,0.0005302
253,besett,<code>besett</code>,2,0.0005302
253,betwux,<code>betwux</code>,2,0.0005302
253,bigleofan,<code>bigleofan</code>,2,0.0005302
253,blod,<code>blod</code>,2,0.0005302
253,bro&eth;er,<code>bro&amp;d;er</code>,2,0.0005302
253,buccan,<code>buccan</code>,2,0.0005302
253,bymena,<code>bymena</code>,2,0.0005302
253,cealf,<code>cealf</code>,2,0.0005302
253,cr&aelig;tum,<code>cr&amp;ae;tum</code>,2,0.0005302
253,cyninge,<code>cyninge</code>,2,0.0005302
253,cynn,<code>cynn</code>,2,0.0005302
253,cynna,<code>cynna</code>,2,0.0005302
253,dagum,<code>dagum</code>,2,0.0005302
253,de&eth;,<code>de&amp;d;</code>,2,0.0005302
253,dea&eth;es,<code>dea&amp;d;es</code>,2,0.0005302
253,deofla,<code>deofla</code>,2,0.0005302
253,don,<code>don</code>,2,0.0005302
253,dreame,<code>dreame</code>,2,0.0005302
253,drihtnes,<code>drihtnes</code>,2,0.0005302
253,drium,<code>drium</code>,2,0.0005302
253,druncon,<code>druncon</code>,2,0.0005302
253,e&eth;ele,<code>e&amp;d;ele</code>,2,0.0005302
253,eahteo&eth;e,<code>eahteo&amp;d;e</code>,2,0.0005302
253,eall,<code>eall</code>,2,0.0005302
253,ealles,<code>ealles</code>,2,0.0005302
253,eallunge,<code>eallunge</code>,2,0.0005302
253,ealre,<code>ealre</code>,2,0.0005302
253,ecelice,<code>ecelice</code>,2,0.0005302
253,edniwe,<code>edniwe</code>,2,0.0005302
253,egefull,<code>egefull</code>,2,0.0005302
253,fare,<code>fare</code>,2,0.0005302
253,feor&eth;e,<code>feor&amp;d;e</code>,2,0.0005302
253,feower,<code>feower</code>,2,0.0005302
253,ferde,<code>ferde</code>,2,0.0005302
253,filigde,<code>filigde</code>,2,0.0005302
253,finger,<code>finger</code>,2,0.0005302
253,flode,<code>flode</code>,2,0.0005302
253,forgeaf,<code>forgeaf</code>,2,0.0005302
253,forl&aelig;tan,<code>forl&amp;ae;tan</code>,2,0.0005302
253,forl&aelig;te,<code>forl&amp;ae;te</code>,2,0.0005302
253,forlet,<code>forlet</code>,2,0.0005302
253,fornean,<code>fornean</code>,2,0.0005302
253,fyres,<code>fyres</code>,2,0.0005302
253,gastlicere,<code>gastlicere</code>,2,0.0005302
253,gecorenan,<code>gecorenan</code>,2,0.0005302
253,gecorenum,<code>gecorenum</code>,2,0.0005302
253,gedihte,<code>gedihte</code>,2,0.0005302
253,gehalgod,<code>gehalgod</code>,2,0.0005302
253,gehealdsumnysse,<code>gehealdsumnysse</code>,2,0.0005302
253,gehwilce,<code>gehwilce</code>,2,0.0005302
253,gela&eth;unge,<code>gela&amp;d;unge</code>,2,0.0005302
253,gelicnysse,<code>gelicnysse</code>,2,0.0005302
253,gelyf,<code>gelyf</code>,2,0.0005302
253,gemenigfylt,<code>gemenigfylt</code>,2,0.0005302
253,gemyndig,<code>gemyndig</code>,2,0.0005302
253,geoffrod,<code>geoffrod</code>,2,0.0005302
253,geopenian,<code>geopenian</code>,2,0.0005302
253,gereste,<code>gereste</code>,2,0.0005302
253,gesceaft,<code>gesceaft</code>,2,0.0005302
253,geseah,<code>geseah</code>,2,0.0005302
253,gesetnyssa,<code>gesetnyssa</code>,2,0.0005302
253,gesewen,<code>gesewen</code>,2,0.0005302
253,geswencte,<code>geswencte</code>,2,0.0005302
253,getacnode,<code>getacnode</code>,2,0.0005302
253,geteld,<code>geteld</code>,2,0.0005302
253,gewita,<code>gewita</code>,2,0.0005302
253,geworhte,<code>geworhte</code>,2,0.0005302
253,godspelle,<code>godspelle</code>,2,0.0005302
253,grunde,<code>grunde</code>,2,0.0005302
253,gyrde,<code>gyrde</code>,2,0.0005302
253,hagol,<code>hagol</code>,2,0.0005302
253,healda&eth;,<code>healda&amp;d;</code>,2,0.0005302
253,heofenlica,<code>heofenlica</code>,2,0.0005302
253,here,<code>here</code>,2,0.0005302
253,hiwe,<code>hiwe</code>,2,0.0005302
253,hream,<code>hream</code>,2,0.0005302
253,hw&aelig;r,<code>hw&amp;ae;r</code>,2,0.0005302
253,hwa,<code>hwa</code>,2,0.0005302
253,isaac,<code>isaac</code>,2,0.0005302
253,israhel,<code>israhel</code>,2,0.0005302
253,l&aelig;g,<code>l&amp;ae;g</code>,2,0.0005302
253,lac,<code>lac</code>,2,0.0005302
253,lamb,<code>lamb</code>,2,0.0005302
253,latteow,<code>latteow</code>,2,0.0005302
253,leas,<code>leas</code>,2,0.0005302
253,leode,<code>leode</code>,2,0.0005302
253,leofa&eth;,<code>leofa&amp;d;</code>,2,0.0005302
253,li&eth;e,<code>li&amp;d;e</code>,2,0.0005302
253,lichama,<code>lichama</code>,2,0.0005302
253,lif,<code>lif</code>,2,0.0005302
253,life,<code>life</code>,2,0.0005302
253,lifes,<code>lifes</code>,2,0.0005302
253,liget,<code>liget</code>,2,0.0005302
253,lof,<code>lof</code>,2,0.0005302
253,ma,<code>ma</code>,2,0.0005302
253,manslaga,<code>manslaga</code>,2,0.0005302
253,me,<code>me</code>,2,0.0005302
253,menigfealde,<code>menigfealde</code>,2,0.0005302
253,menniscnysse,<code>menniscnysse</code>,2,0.0005302
253,micelre,<code>micelre</code>,2,0.0005302
253,middaneard,<code>middaneard</code>,2,0.0005302
253,mihton,<code>mihton</code>,2,0.0005302
253,munt,<code>munt</code>,2,0.0005302
253,n&aelig;ron,<code>n&amp;ae;ron</code>,2,0.0005302
253,nele,<code>nele</code>,2,0.0005302
253,nigo&eth;e,<code>nigo&amp;d;e</code>,2,0.0005302
253,nihte,<code>nihte</code>,2,0.0005302
253,o&eth;erne,<code>o&amp;d;erne</code>,2,0.0005302
253,o&eth;rum,<code>o&amp;d;rum</code>,2,0.0005302
253,o&thorn;&thorn;e,<code>o&amp;t;&amp;t;e</code>,2,0.0005302
253,ofereodon,<code>ofereodon</code>,2,0.0005302
253,oferswi&eth;a&eth;,<code>oferswi&amp;d;a&amp;d;</code>,2,0.0005302
253,oferwreah,<code>oferwreah</code>,2,0.0005302
253,offrian,<code>offrian</code>,2,0.0005302
253,offrodon,<code>offrodon</code>,2,0.0005302
253,offrunga,<code>offrunga</code>,2,0.0005302
253,ofslih,<code>ofslih</code>,2,0.0005302
253,ongean,<code>ongean</code>,2,0.0005302
253,orf,<code>orf</code>,2,0.0005302
253,orfe,<code>orfe</code>,2,0.0005302
253,orm&aelig;te,<code>orm&amp;ae;te</code>,2,0.0005302
253,riddum,<code>riddum</code>,2,0.0005302
253,rihtwisum,<code>rihtwisum</code>,2,0.0005302
253,s&aelig;ternesd&aelig;g,<code>s&amp;ae;ternesd&amp;ae;g</code>,2,0.0005302
253,sawle,<code>sawle</code>,2,0.0005302
253,sceal,<code>sceal</code>,2,0.0005302
253,sceolde,<code>sceolde</code>,2,0.0005302
253,secgan,<code>secgan</code>,2,0.0005302
253,sende,<code>sende</code>,2,0.0005302
253,six,<code>six</code>,2,0.0005302
253,slege,<code>slege</code>,2,0.0005302
253,smyce,<code>smyce</code>,2,0.0005302
253,st&aelig;nenan,<code>st&amp;ae;nenan</code>,2,0.0005302
253,stala,<code>stala</code>,2,0.0005302
253,stan,<code>stan</code>,2,0.0005302
253,stod,<code>stod</code>,2,0.0005302
253,stodon,<code>stodon</code>,2,0.0005302
253,sub,<code>sub</code>,2,0.0005302
253,sunum,<code>sunum</code>,2,0.0005302
253,swi&eth;e,<code>swi&amp;d;e</code>,2,0.0005302
253,sy,<code>sy</code>,2,0.0005302
253,sylfne,<code>sylfne</code>,2,0.0005302
253,synay,<code>synay</code>,2,0.0005302
253,tabelum,<code>tabelum</code>,2,0.0005302
253,teo&eth;e,<code>teo&amp;d;e</code>,2,0.0005302
253,tide,<code>tide</code>,2,0.0005302
253,tosomne,<code>tosomne</code>,2,0.0005302
253,twam,<code>twam</code>,2,0.0005302
253,twegen,<code>twegen</code>,2,0.0005302
253,underfoh,<code>underfoh</code>,2,0.0005302
253,understandenne,<code>understandenne</code>,2,0.0005302
253,unrihtlice,<code>unrihtlice</code>,2,0.0005302
253,unrihtwisum,<code>unrihtwisum</code>,2,0.0005302
253,unsc&aelig;&eth;&eth;ignysse,<code>unsc&amp;ae;&amp;d;&amp;d;ignysse</code>,2,0.0005302
253,ut,<code>ut</code>,2,0.0005302
253,weofode,<code>weofode</code>,2,0.0005302
253,weorca,<code>weorca</code>,2,0.0005302
253,weorces,<code>weorces</code>,2,0.0005302
253,westen,<code>westen</code>,2,0.0005302
253,wi&eth;,<code>wi&amp;d;</code>,2,0.0005302
253,wicodon,<code>wicodon</code>,2,0.0005302
253,wif,<code>wif</code>,2,0.0005302
253,wifes,<code>wifes</code>,2,0.0005302
253,wile,<code>wile</code>,2,0.0005302
253,willa&eth;,<code>willa&amp;d;</code>,2,0.0005302
253,wisdom,<code>wisdom</code>,2,0.0005302
253,wolcne,<code>wolcne</code>,2,0.0005302
253,wolcnes,<code>wolcnes</code>,2,0.0005302
253,wur&eth;ian,<code>wur&amp;d;ian</code>,2,0.0005302
253,wyrhta,<code>wyrhta</code>,2,0.0005302
456,&aelig;ftergengnyssa,<code>&amp;ae;ftergengnyssa</code>,1,0.0002651
456,&aelig;l&eth;eodig,<code>&amp;ae;l&amp;d;eodig</code>,1,0.0002651
456,&aelig;lcere,<code>&amp;ae;lcere</code>,1,0.0002651
456,&aelig;lces,<code>&amp;ae;lces</code>,1,0.0002651
456,&aelig;lican,<code>&amp;ae;lican</code>,1,0.0002651
456,&aelig;lice,<code>&amp;ae;lice</code>,1,0.0002651
456,&aelig;lmihtig,<code>&amp;ae;lmihtig</code>,1,0.0002651
456,&aelig;lmihtigne,<code>&amp;ae;lmihtigne</code>,1,0.0002651
456,&aelig;rende,<code>&amp;ae;rende</code>,1,0.0002651
456,&aelig;rist,<code>&amp;ae;rist</code>,1,0.0002651
456,&aelig;riste,<code>&amp;ae;riste</code>,1,0.0002651
456,&aelig;ristes,<code>&amp;ae;ristes</code>,1,0.0002651
456,&aelig;rran,<code>&amp;ae;rran</code>,1,0.0002651
456,&aelig;tbrede,<code>&amp;ae;tbrede</code>,1,0.0002651
456,&aelig;ton,<code>&amp;ae;ton</code>,1,0.0002651
456,&aelig;tsomne,<code>&amp;ae;tsomne</code>,1,0.0002651
456,&aelig;tstod,<code>&amp;ae;tstod</code>,1,0.0002651
456,&aelig;wbrice,<code>&amp;ae;wbrice</code>,1,0.0002651
456,&eth;earfe,<code>&amp;d;earfe</code>,1,0.0002651
456,&eth;eawlicum,<code>&amp;d;eawlicum</code>,1,0.0002651
456,&eth;eawum,<code>&amp;d;eawum</code>,1,0.0002651
456,&eth;enunge,<code>&amp;d;enunge</code>,1,0.0002651
456,&eth;enungum,<code>&amp;d;enungum</code>,1,0.0002651
456,&eth;eorfnysse,<code>&amp;d;eorfnysse</code>,1,0.0002651
456,&eth;eostru,<code>&amp;d;eostru</code>,1,0.0002651
456,&eth;eostrum,<code>&amp;d;eostrum</code>,1,0.0002651
456,&eth;eowas,<code>&amp;d;eowas</code>,1,0.0002651
456,&eth;eowdomes,<code>&amp;d;eowdomes</code>,1,0.0002651
456,&eth;eowtlicera,<code>&amp;d;eowtlicera</code>,1,0.0002651
456,&eth;icce,<code>&amp;d;icce</code>,1,0.0002651
456,&eth;icga&eth;,<code>&amp;d;icga&amp;d;</code>,1,0.0002651
456,&eth;inga,<code>&amp;d;inga</code>,1,0.0002651
456,&eth;inne,<code>&amp;d;inne</code>,1,0.0002651
456,&eth;riddan,<code>&amp;d;riddan</code>,1,0.0002651
456,&eth;rowode,<code>&amp;d;rowode</code>,1,0.0002651
456,&eth;ry,<code>&amp;d;ry</code>,1,0.0002651
456,&eth;rynnysse,<code>&amp;d;rynnysse</code>,1,0.0002651
456,&eth;urhwunigende,<code>&amp;d;urhwunigende</code>,1,0.0002651
456,&eth;yssera,<code>&amp;d;yssera</code>,1,0.0002651
456,&eth;yssere,<code>&amp;d;yssere</code>,1,0.0002651
456,&thorn;earle,<code>&amp;t;earle</code>,1,0.0002651
456,&thorn;eorfe,<code>&amp;t;eorfe</code>,1,0.0002651
456,&thorn;in,<code>&amp;t;in</code>,1,0.0002651
456,&thorn;ine,<code>&amp;t;ine</code>,1,0.0002651
456,&thorn;inne,<code>&amp;t;inne</code>,1,0.0002651
456,&thorn;isne,<code>&amp;t;isne</code>,1,0.0002651
456,&thorn;ry,<code>&amp;t;ry</code>,1,0.0002651
456,&thorn;u,<code>&amp;t;u</code>,1,0.0002651
456,&thorn;unore,<code>&amp;t;unore</code>,1,0.0002651
456,&thorn;usenda,<code>&amp;t;usenda</code>,1,0.0002651
456,&thorn;yssera,<code>&amp;t;yssera</code>,1,0.0002651
456,a&eth;ystrode,<code>a&amp;d;ystrode</code>,1,0.0002651
456,acenned,<code>acenned</code>,1,0.0002651
456,acwelan,<code>acwelan</code>,1,0.0002651
456,adam,<code>adam</code>,1,0.0002651
456,adames,<code>adames</code>,1,0.0002651
456,adilegode,<code>adilegode</code>,1,0.0002651
456,adranc,<code>adranc</code>,1,0.0002651
456,adune,<code>adune</code>,1,0.0002651
456,adyd,<code>adyd</code>,1,0.0002651
456,adydde,<code>adydde</code>,1,0.0002651
456,adylegode,<code>adylegode</code>,1,0.0002651
456,afedde,<code>afedde</code>,1,0.0002651
456,afleow,<code>afleow</code>,1,0.0002651
456,afylde,<code>afylde</code>,1,0.0002651
456,afylled,<code>afylled</code>,1,0.0002651
456,agenum,<code>agenum</code>,1,0.0002651
456,alysednysse,<code>alysednysse</code>,1,0.0002651
456,alyst,<code>alyst</code>,1,0.0002651
456,ana,<code>ana</code>,1,0.0002651
456,anbidigende,<code>anbidigende</code>,1,0.0002651
456,anbidung,<code>anbidung</code>,1,0.0002651
456,andgites,<code>andgites</code>,1,0.0002651
456,andgitfulle,<code>andgitfulle</code>,1,0.0002651
456,andgyt,<code>andgyt</code>,1,0.0002651
456,andgyte,<code>andgyte</code>,1,0.0002651
456,andwerdum,<code>andwerdum</code>,1,0.0002651
456,andwyrde,<code>andwyrde</code>,1,0.0002651
456,ansund,<code>ansund</code>,1,0.0002651
456,ante,<code>ante</code>,1,0.0002651
456,apostolas,<code>apostolas</code>,1,0.0002651
456,apostolum,<code>apostolum</code>,1,0.0002651
456,ar&aelig;ran,<code>ar&amp;ae;ran</code>,1,0.0002651
456,arett,<code>arett</code>,1,0.0002651
456,arf&aelig;ste,<code>arf&amp;ae;ste</code>,1,0.0002651
456,arleasra,<code>arleasra</code>,1,0.0002651
456,arn,<code>arn</code>,1,0.0002651
456,arwur&eth;nysse,<code>arwur&amp;d;nysse</code>,1,0.0002651
456,asprang,<code>asprang</code>,1,0.0002651
456,asprungon,<code>asprungon</code>,1,0.0002651
456,astealde,<code>astealde</code>,1,0.0002651
456,astrehte,<code>astrehte</code>,1,0.0002651
456,ateoria&eth;,<code>ateoria&amp;d;</code>,1,0.0002651
456,ateorode,<code>ateorode</code>,1,0.0002651
456,awenda&eth;,<code>awenda&amp;d;</code>,1,0.0002651
456,awendedlicnesse,<code>awendedlicnesse</code>,1,0.0002651
456,awrit,<code>awrit</code>,1,0.0002651
456,bebead,<code>bebead</code>,1,0.0002651
456,bebeod,<code>bebeod</code>,1,0.0002651
456,bec,<code>bec</code>,1,0.0002651
456,becumon,<code>becumon</code>,1,0.0002651
456,becymst,<code>becymst</code>,1,0.0002651
456,begann,<code>begann</code>,1,0.0002651
456,begra,<code>begra</code>,1,0.0002651
456,bel&aelig;fde,<code>bel&amp;ae;fde</code>,1,0.0002651
456,belaf,<code>belaf</code>,1,0.0002651
456,belimpa&eth;,<code>belimpa&amp;d;</code>,1,0.0002651
456,beod,<code>beod</code>,1,0.0002651
456,beorhtnys,<code>beorhtnys</code>,1,0.0002651
456,beorman,<code>beorman</code>,1,0.0002651
456,berum,<code>berum</code>,1,0.0002651
456,bigencges,<code>bigencges</code>,1,0.0002651
456,biggengum,<code>biggengum</code>,1,0.0002651
456,bigleofa,<code>bigleofa</code>,1,0.0002651
456,bilewitnysse,<code>bilewitnysse</code>,1,0.0002651
456,biternysse,<code>biternysse</code>,1,0.0002651
456,bl&aelig;dran,<code>bl&amp;ae;dran</code>,1,0.0002651
456,bleowan,<code>bleowan</code>,1,0.0002651
456,blode,<code>blode</code>,1,0.0002651
456,bodigenne,<code>bodigenne</code>,1,0.0002651
456,bodung,<code>bodung</code>,1,0.0002651
456,bogienne,<code>bogienne</code>,1,0.0002651
456,bradum,<code>bradum</code>,1,0.0002651
456,brastligenne,<code>brastligenne</code>,1,0.0002651
456,bringa&eth;,<code>bringa&amp;d;</code>,1,0.0002651
456,bro&eth;or,<code>bro&amp;d;or</code>,1,0.0002651
456,brosnunge,<code>brosnunge</code>,1,0.0002651
456,burh,<code>burh</code>,1,0.0002651
456,burhweallas,<code>burhweallas</code>,1,0.0002651
456,bydela,<code>bydela</code>,1,0.0002651
456,bydelas,<code>bydelas</code>,1,0.0002651
456,byman,<code>byman</code>,1,0.0002651
456,byrgene,<code>byrgene</code>,1,0.0002651
456,byrigene,<code>byrigene</code>,1,0.0002651
456,byrn&eth;,<code>byrn&amp;d;</code>,1,0.0002651
456,bysmorlice,<code>bysmorlice</code>,1,0.0002651
456,cealfe,<code>cealfe</code>,1,0.0002651
456,cild,<code>cild</code>,1,0.0002651
456,cildum,<code>cildum</code>,1,0.0002651
456,cl&aelig;nnysse,<code>cl&amp;ae;nnysse</code>,1,0.0002651
456,clypode,<code>clypode</code>,1,0.0002651
456,cneowe,<code>cneowe</code>,1,0.0002651
456,come,<code>come</code>,1,0.0002651
456,corn,<code>corn</code>,1,0.0002651
456,costnungum,<code>costnungum</code>,1,0.0002651
456,cr&aelig;fte,<code>cr&amp;ae;fte</code>,1,0.0002651
456,cr&aelig;tu,<code>cr&amp;ae;tu</code>,1,0.0002651
456,cristenra,<code>cristenra</code>,1,0.0002651
456,cu&eth;,<code>cu&amp;d;</code>,1,0.0002651
456,cucu,<code>cucu</code>,1,0.0002651
456,culfran,<code>culfran</code>,1,0.0002651
456,cuma&eth;,<code>cuma&amp;d;</code>,1,0.0002651
456,cuman,<code>cuman</code>,1,0.0002651
456,cunne,<code>cunne</code>,1,0.0002651
456,cw&aelig;don,<code>cw&amp;ae;don</code>,1,0.0002651
456,cwealm,<code>cwealm</code>,1,0.0002651
456,cwy&eth;,<code>cwy&amp;d;</code>,1,0.0002651
456,cy&eth;&eth;e,<code>cy&amp;d;&amp;d;e</code>,1,0.0002651
456,cynne,<code>cynne</code>,1,0.0002651
456,cyrcan,<code>cyrcan</code>,1,0.0002651
456,cyrm,<code>cyrm</code>,1,0.0002651
456,d&aelig;d,<code>d&amp;ae;d</code>,1,0.0002651
456,daga,<code>daga</code>,1,0.0002651
456,dagas,<code>dagas</code>,1,0.0002651
456,dead,<code>dead</code>,1,0.0002651
456,deme,<code>deme</code>,1,0.0002651
456,deofellican,<code>deofellican</code>,1,0.0002651
456,digelnyssa,<code>digelnyssa</code>,1,0.0002651
456,digelnysse,<code>digelnysse</code>,1,0.0002651
456,dihtes,<code>dihtes</code>,1,0.0002651
456,dombocum,<code>dombocum</code>,1,0.0002651
456,dome,<code>dome</code>,1,0.0002651
456,dominica,<code>dominica</code>,1,0.0002651
456,dream,<code>dream</code>,1,0.0002651
456,drenc,<code>drenc</code>,1,0.0002651
456,drohtnunge,<code>drohtnunge</code>,1,0.0002651
456,dune,<code>dune</code>,1,0.0002651
456,e&eth;eles,<code>e&amp;d;eles</code>,1,0.0002651
456,ea&eth;elicum,<code>ea&amp;d;elicum</code>,1,0.0002651
456,eagan,<code>eagan</code>,1,0.0002651
456,ealdordome,<code>ealdordome</code>,1,0.0002651
456,ealdra,<code>ealdra</code>,1,0.0002651
456,eard,<code>eard</code>,1,0.0002651
456,eardes,<code>eardes</code>,1,0.0002651
456,eardian,<code>eardian</code>,1,0.0002651
456,eardode,<code>eardode</code>,1,0.0002651
456,eardodon,<code>eardodon</code>,1,0.0002651
456,ece,<code>ece</code>,1,0.0002651
456,ecnysse,<code>ecnysse</code>,1,0.0002651
456,efne,<code>efne</code>,1,0.0002651
456,ege,<code>ege</code>,1,0.0002651
456,egeslice,<code>egeslice</code>,1,0.0002651
456,egiptiscum,<code>egiptiscum</code>,1,0.0002651
456,ego,<code>ego</code>,1,0.0002651
456,egyptisca,<code>egyptisca</code>,1,0.0002651
456,egyptisce,<code>egyptisce</code>,1,0.0002651
456,egyptiscra,<code>egyptiscra</code>,1,0.0002651
456,ehtnysse,<code>ehtnysse</code>,1,0.0002651
456,ele,<code>ele</code>,1,0.0002651
456,ende,<code>ende</code>,1,0.0002651
456,englisc,<code>englisc</code>,1,0.0002651
456,enta,<code>enta</code>,1,0.0002651
456,eom,<code>eom</code>,1,0.0002651
456,eor&eth;lic,<code>eor&amp;d;lic</code>,1,0.0002651
456,eor&eth;lice,<code>eor&amp;d;lice</code>,1,0.0002651
456,eor&eth;lices,<code>eor&amp;d;lices</code>,1,0.0002651
456,esau,<code>esau</code>,1,0.0002651
456,et,<code>et</code>,1,0.0002651
456,ezechiel,<code>ezechiel</code>,1,0.0002651
456,f&aelig;c,<code>f&amp;ae;c</code>,1,0.0002651
456,f&aelig;ce,<code>f&amp;ae;ce</code>,1,0.0002651
456,f&aelig;gernyssa,<code>f&amp;ae;gernyssa</code>,1,0.0002651
456,f&aelig;r&eth;,<code>f&amp;ae;r&amp;d;</code>,1,0.0002651
456,f&aelig;reldes,<code>f&amp;ae;reldes</code>,1,0.0002651
456,fahnyssa,<code>fahnyssa</code>,1,0.0002651
456,far,<code>far</code>,1,0.0002651
456,fara&eth;,<code>fara&amp;d;</code>,1,0.0002651
456,faran,<code>faran</code>,1,0.0002651
456,fela,<code>fela</code>,1,0.0002651
456,feor&eth;an,<code>feor&amp;d;an</code>,1,0.0002651
456,fif,<code>fif</code>,1,0.0002651
456,filigdon,<code>filigdon</code>,1,0.0002651
456,fingra,<code>fingra</code>,1,0.0002651
456,fingras,<code>fingras</code>,1,0.0002651
456,fixas,<code>fixas</code>,1,0.0002651
456,fl&aelig;scene,<code>fl&amp;ae;scene</code>,1,0.0002651
456,fl&aelig;sces,<code>fl&amp;ae;sces</code>,1,0.0002651
456,fl&aelig;sclicum,<code>fl&amp;ae;sclicum</code>,1,0.0002651
456,fleow,<code>fleow</code>,1,0.0002651
456,fleow&eth;,<code>fleow&amp;d;</code>,1,0.0002651
456,flugon,<code>flugon</code>,1,0.0002651
456,for&eth;,<code>for&amp;d;</code>,1,0.0002651
456,forboden,<code>forboden</code>,1,0.0002651
456,fores&aelig;dan,<code>fores&amp;ae;dan</code>,1,0.0002651
456,forg&aelig;ged,<code>forg&amp;ae;ged</code>,1,0.0002651
456,forg&aelig;gednyssa,<code>forg&amp;ae;gednyssa</code>,1,0.0002651
456,forgife,<code>forgife</code>,1,0.0002651
456,forgnogon,<code>forgnogon</code>,1,0.0002651
456,forl&aelig;t,<code>forl&amp;ae;t</code>,1,0.0002651
456,forlir,<code>forlir</code>,1,0.0002651
456,forp&aelig;r&eth;,<code>forp&amp;ae;r&amp;d;</code>,1,0.0002651
456,forseg&eth;,<code>forseg&amp;d;</code>,1,0.0002651
456,forsmorod,<code>forsmorod</code>,1,0.0002651
456,fr&aelig;twunga,<code>fr&amp;ae;twunga</code>,1,0.0002651
456,fremminge,<code>fremminge</code>,1,0.0002651
456,freolice,<code>freolice</code>,1,0.0002651
456,freolsian,<code>freolsian</code>,1,0.0002651
456,freolsige,<code>freolsige</code>,1,0.0002651
456,froggon,<code>froggon</code>,1,0.0002651
456,fruman,<code>fruman</code>,1,0.0002651
456,frumcenneda,<code>frumcenneda</code>,1,0.0002651
456,frumsceafte,<code>frumsceafte</code>,1,0.0002651
456,fugelas,<code>fugelas</code>,1,0.0002651
456,fulfremedlice,<code>fulfremedlice</code>,1,0.0002651
456,full,<code>full</code>,1,0.0002651
456,fulluhtes,<code>fulluhtes</code>,1,0.0002651
456,fullum,<code>fullum</code>,1,0.0002651
456,fundon,<code>fundon</code>,1,0.0002651
456,fur&eth;on,<code>fur&amp;d;on</code>,1,0.0002651
456,fyrd,<code>fyrd</code>,1,0.0002651
456,fyrdinge,<code>fyrdinge</code>,1,0.0002651
456,fyre,<code>fyre</code>,1,0.0002651
456,fyren,<code>fyren</code>,1,0.0002651
456,fyrste,<code>fyrste</code>,1,0.0002651
456,g&aelig;rstapan,<code>g&amp;ae;rstapan</code>,1,0.0002651
456,galnysse,<code>galnysse</code>,1,0.0002651
456,gaste,<code>gaste</code>,1,0.0002651
456,gastes,<code>gastes</code>,1,0.0002651
456,ge&eth;icgan,<code>ge&amp;d;icgan</code>,1,0.0002651
456,ge&eth;uht,<code>ge&amp;d;uht</code>,1,0.0002651
456,ge&eth;ylde,<code>ge&amp;d;ylde</code>,1,0.0002651
456,gear,<code>gear</code>,1,0.0002651
456,geare,<code>geare</code>,1,0.0002651
456,gearowe,<code>gearowe</code>,1,0.0002651
456,geb&aelig;r,<code>geb&amp;ae;r</code>,1,0.0002651
456,gebeotlicum,<code>gebeotlicum</code>,1,0.0002651
456,geboden,<code>geboden</code>,1,0.0002651
456,gebrinca&eth;,<code>gebrinca&amp;d;</code>,1,0.0002651
456,gebrohte,<code>gebrohte</code>,1,0.0002651
456,gebyria&eth;,<code>gebyria&amp;d;</code>,1,0.0002651
456,gebysmrige,<code>gebysmrige</code>,1,0.0002651
456,gecoren,<code>gecoren</code>,1,0.0002651
456,gecy&eth;nyssa,<code>gecy&amp;d;nyssa</code>,1,0.0002651
456,gecy&eth;nysse,<code>gecy&amp;d;nysse</code>,1,0.0002651
456,gecynd,<code>gecynd</code>,1,0.0002651
456,gecynda,<code>gecynda</code>,1,0.0002651
456,gecynde,<code>gecynde</code>,1,0.0002651
456,gecyndes,<code>gecyndes</code>,1,0.0002651
456,gecyrra&eth;,<code>gecyrra&amp;d;</code>,1,0.0002651
456,gecyrre,<code>gecyrre</code>,1,0.0002651
456,gedo&eth;,<code>gedo&amp;d;</code>,1,0.0002651
456,gedwyldes,<code>gedwyldes</code>,1,0.0002651
456,geendode,<code>geendode</code>,1,0.0002651
456,geendunge,<code>geendunge</code>,1,0.0002651
456,geett,<code>geett</code>,1,0.0002651
456,gefadod,<code>gefadod</code>,1,0.0002651
456,geferr&aelig;dene,<code>geferr&amp;ae;dene</code>,1,0.0002651
456,gefremedon,<code>gefremedon</code>,1,0.0002651
456,gefullode,<code>gefullode</code>,1,0.0002651
456,gefylled,<code>gefylled</code>,1,0.0002651
456,gefyllede,<code>gefyllede</code>,1,0.0002651
456,gegadrode,<code>gegadrode</code>,1,0.0002651
456,gehalgige,<code>gehalgige</code>,1,0.0002651
456,gehalgode,<code>gehalgode</code>,1,0.0002651
456,gehatene,<code>gehatene</code>,1,0.0002651
456,gehealdenne,<code>gehealdenne</code>,1,0.0002651
456,gehealdon,<code>gehealdon</code>,1,0.0002651
456,gehelpan,<code>gehelpan</code>,1,0.0002651
456,gehwilc,<code>gehwilc</code>,1,0.0002651
456,gehwilces,<code>gehwilces</code>,1,0.0002651
456,gehwilcum,<code>gehwilcum</code>,1,0.0002651
456,gehyran,<code>gehyran</code>,1,0.0002651
456,gehyrde,<code>gehyrde</code>,1,0.0002651
456,gehyred,<code>gehyred</code>,1,0.0002651
456,gehyrsumode,<code>gehyrsumode</code>,1,0.0002651
456,gel&aelig;de,<code>gel&amp;ae;de</code>,1,0.0002651
456,gel&aelig;t,<code>gel&amp;ae;t</code>,1,0.0002651
456,gela&eth;ung,<code>gela&amp;d;ung</code>,1,0.0002651
456,geleaffulle,<code>geleaffulle</code>,1,0.0002651
456,gelegerod,<code>gelegerod</code>,1,0.0002651
456,gelic,<code>gelic</code>,1,0.0002651
456,gelice,<code>gelice</code>,1,0.0002651
456,geliff&aelig;ste,<code>geliff&amp;ae;ste</code>,1,0.0002651
456,gelimplicere,<code>gelimplicere</code>,1,0.0002651
456,gelyfan,<code>gelyfan</code>,1,0.0002651
456,gemengan,<code>gemengan</code>,1,0.0002651
456,gemenged,<code>gemenged</code>,1,0.0002651
456,gemenigfyldenne,<code>gemenigfyldenne</code>,1,0.0002651
456,gemet,<code>gemet</code>,1,0.0002651
456,geneal&aelig;ce,<code>geneal&amp;ae;ce</code>,1,0.0002651
456,genemnede,<code>genemnede</code>,1,0.0002651
456,genihtsumnysse,<code>genihtsumnysse</code>,1,0.0002651
456,geoffrian,<code>geoffrian</code>,1,0.0002651
456,geopenode,<code>geopenode</code>,1,0.0002651
456,gerecca&eth;,<code>gerecca&amp;d;</code>,1,0.0002651
456,gereord,<code>gereord</code>,1,0.0002651
456,geresta&eth;,<code>geresta&amp;d;</code>,1,0.0002651
456,gesceades,<code>gesceades</code>,1,0.0002651
456,gesceaftum,<code>gesceaftum</code>,1,0.0002651
456,gesceapene,<code>gesceapene</code>,1,0.0002651
456,gesceapennyssa,<code>gesceapennyssa</code>,1,0.0002651
456,gesetnysse,<code>gesetnysse</code>,1,0.0002651
456,gesetnyssum,<code>gesetnyssum</code>,1,0.0002651
456,gesett,<code>gesett</code>,1,0.0002651
456,gesih&eth;e,<code>gesih&amp;d;e</code>,1,0.0002651
456,geslagen,<code>geslagen</code>,1,0.0002651
456,gespreca,<code>gespreca</code>,1,0.0002651
456,gesprecen,<code>gesprecen</code>,1,0.0002651
456,gestilde,<code>gestilde</code>,1,0.0002651
456,gestod,<code>gestod</code>,1,0.0002651
456,geswel,<code>geswel</code>,1,0.0002651
456,geswencednyssa,<code>geswencednyssa</code>,1,0.0002651
456,geswica&eth;,<code>geswica&amp;d;</code>,1,0.0002651
456,geswinc,<code>geswinc</code>,1,0.0002651
456,geswince,<code>geswince</code>,1,0.0002651
456,geswincfullan,<code>geswincfullan</code>,1,0.0002651
456,geswutelunge,<code>geswutelunge</code>,1,0.0002651
456,getacnunga,<code>getacnunga</code>,1,0.0002651
456,geteald,<code>geteald</code>,1,0.0002651
456,getimbrode,<code>getimbrode</code>,1,0.0002651
456,getimbrunge,<code>getimbrunge</code>,1,0.0002651
456,getymbrod,<code>getymbrod</code>,1,0.0002651
456,gewilnast,<code>gewilnast</code>,1,0.0002651
456,gewilnia&eth;,<code>gewilnia&amp;d;</code>,1,0.0002651
456,gewilnige,<code>gewilnige</code>,1,0.0002651
456,gewilnunge,<code>gewilnunge</code>,1,0.0002651
456,gewissa&eth;,<code>gewissa&amp;d;</code>,1,0.0002651
456,gewissige,<code>gewissige</code>,1,0.0002651
456,gewisslice,<code>gewisslice</code>,1,0.0002651
456,gewundod,<code>gewundod</code>,1,0.0002651
456,gewunelice,<code>gewunelice</code>,1,0.0002651
456,gewunelices,<code>gewunelices</code>,1,0.0002651
456,gewur&eth;a&eth;,<code>gewur&amp;d;a&amp;d;</code>,1,0.0002651
456,gewyldan,<code>gewyldan</code>,1,0.0002651
456,gewylde,<code>gewylde</code>,1,0.0002651
456,gewyrcan,<code>gewyrcan</code>,1,0.0002651
456,gifu,<code>gifu</code>,1,0.0002651
456,gilplicum,<code>gilplicum</code>,1,0.0002651
456,gitsunge,<code>gitsunge</code>,1,0.0002651
456,gl&aelig;dan,<code>gl&amp;ae;dan</code>,1,0.0002651
456,gl&aelig;dnysse,<code>gl&amp;ae;dnysse</code>,1,0.0002651
456,gn&aelig;ttum,<code>gn&amp;ae;ttum</code>,1,0.0002651
456,godan,<code>godan</code>,1,0.0002651
456,godcundan,<code>godcundan</code>,1,0.0002651
456,godcundnysse,<code>godcundnysse</code>,1,0.0002651
456,godra,<code>godra</code>,1,0.0002651
456,godspellere,<code>godspellere</code>,1,0.0002651
456,gratia,<code>gratia</code>,1,0.0002651
456,gyt,<code>gyt</code>,1,0.0002651
456,h&aelig;fdon,<code>h&amp;ae;fdon</code>,1,0.0002651
456,h&aelig;m,<code>h&amp;ae;m</code>,1,0.0002651
456,h&aelig;se,<code>h&amp;ae;se</code>,1,0.0002651
456,hadum,<code>hadum</code>,1,0.0002651
456,hafenleaste,<code>hafenleaste</code>,1,0.0002651
456,halig,<code>halig</code>,1,0.0002651
456,handum,<code>handum</code>,1,0.0002651
456,hatte,<code>hatte</code>,1,0.0002651
456,heahf&aelig;der,<code>heahf&amp;ae;der</code>,1,0.0002651
456,heahf&aelig;deras,<code>heahf&amp;ae;deras</code>,1,0.0002651
456,healfa,<code>healfa</code>,1,0.0002651
456,heardan,<code>heardan</code>,1,0.0002651
456,heardheortnysse,<code>heardheortnysse</code>,1,0.0002651
456,heofonlican,<code>heofonlican</code>,1,0.0002651
456,heres,<code>heres</code>,1,0.0002651
456,heretogan,<code>heretogan</code>,1,0.0002651
456,hider,<code>hider</code>,1,0.0002651
456,hierusalem,<code>hierusalem</code>,1,0.0002651
456,hire,<code>hire</code>,1,0.0002651
456,hlafas,<code>hlafas</code>,1,0.0002651
456,hlafe,<code>hlafe</code>,1,0.0002651
456,hlaforde,<code>hlaforde</code>,1,0.0002651
456,hlude,<code>hlude</code>,1,0.0002651
456,hon,<code>hon</code>,1,0.0002651
456,hra&eth;e,<code>hra&amp;d;e</code>,1,0.0002651
456,hrepa&eth;,<code>hrepa&amp;d;</code>,1,0.0002651
456,hu,<code>hu</code>,1,0.0002651
456,hundes,<code>hundes</code>,1,0.0002651
456,hundseofontig,<code>hundseofontig</code>,1,0.0002651
456,hunger,<code>hunger</code>,1,0.0002651
456,hungrigum,<code>hungrigum</code>,1,0.0002651
456,hunig,<code>hunig</code>,1,0.0002651
456,hunige,<code>hunige</code>,1,0.0002651
456,huse,<code>huse</code>,1,0.0002651
456,husle,<code>husle</code>,1,0.0002651
456,hw&aelig;ne,<code>hw&amp;ae;ne</code>,1,0.0002651
456,hyse,<code>hyse</code>,1,0.0002651
456,hywe,<code>hywe</code>,1,0.0002651
456,in,<code>in</code>,1,0.0002651
456,inno&eth;e,<code>inno&amp;d;e</code>,1,0.0002651
456,into,<code>into</code>,1,0.0002651
456,israheles,<code>israheles</code>,1,0.0002651
456,iudea,<code>iudea</code>,1,0.0002651
456,iudeiscra,<code>iudeiscra</code>,1,0.0002651
456,l&aelig;dde,<code>l&amp;ae;dde</code>,1,0.0002651
456,l&aelig;ddon,<code>l&amp;ae;ddon</code>,1,0.0002651
456,l&aelig;t,<code>l&amp;ae;t</code>,1,0.0002651
456,la,<code>la</code>,1,0.0002651
456,lafe,<code>lafe</code>,1,0.0002651
456,langsum,<code>langsum</code>,1,0.0002651
456,lareowas,<code>lareowas</code>,1,0.0002651
456,leaffulran,<code>leaffulran</code>,1,0.0002651
456,leahtras,<code>leahtras</code>,1,0.0002651
456,leahtre,<code>leahtre</code>,1,0.0002651
456,leasunge,<code>leasunge</code>,1,0.0002651
456,lege,<code>lege</code>,1,0.0002651
456,legem,<code>legem</code>,1,0.0002651
456,leodscipe,<code>leodscipe</code>,1,0.0002651
456,leofosta,<code>leofosta</code>,1,0.0002651
456,leofostan,<code>leofostan</code>,1,0.0002651
456,leohtfatu,<code>leohtfatu</code>,1,0.0002651
456,leohtfatum,<code>leohtfatum</code>,1,0.0002651
456,leonum,<code>leonum</code>,1,0.0002651
456,leorningcnihtum,<code>leorningcnihtum</code>,1,0.0002651
456,lic,<code>lic</code>,1,0.0002651
456,lica&eth;,<code>lica&amp;d;</code>,1,0.0002651
456,liflica,<code>liflica</code>,1,0.0002651
456,ligettes,<code>ligettes</code>,1,0.0002651
456,lim,<code>lim</code>,1,0.0002651
456,limes,<code>limes</code>,1,0.0002651
456,lufa&eth;,<code>lufa&amp;d;</code>,1,0.0002651
456,lufu,<code>lufu</code>,1,0.0002651
456,lustfullunga,<code>lustfullunga</code>,1,0.0002651
456,lusum,<code>lusum</code>,1,0.0002651
456,m&aelig;&eth;,<code>m&amp;ae;&amp;d;</code>,1,0.0002651
456,m&aelig;g,<code>m&amp;ae;g</code>,1,0.0002651
456,m&aelig;g&eth;,<code>m&amp;ae;g&amp;d;</code>,1,0.0002651
456,m&aelig;g&eth;e,<code>m&amp;ae;g&amp;d;e</code>,1,0.0002651
456,m&aelig;rsigende,<code>m&amp;ae;rsigende</code>,1,0.0002651
456,m&aelig;sta,<code>m&amp;ae;sta</code>,1,0.0002651
456,manfullic,<code>manfullic</code>,1,0.0002651
456,mannan,<code>mannan</code>,1,0.0002651
456,media,<code>media</code>,1,0.0002651
456,menigfealdan,<code>menigfealdan</code>,1,0.0002651
456,menigfealdre,<code>menigfealdre</code>,1,0.0002651
456,menigfealdum,<code>menigfealdum</code>,1,0.0002651
456,menn,<code>menn</code>,1,0.0002651
456,meolce,<code>meolce</code>,1,0.0002651
456,metes,<code>metes</code>,1,0.0002651
456,meus,<code>meus</code>,1,0.0002651
456,miccle,<code>miccle</code>,1,0.0002651
456,micelnysse,<code>micelnysse</code>,1,0.0002651
456,middanearde,<code>middanearde</code>,1,0.0002651
456,middaneardes,<code>middaneardes</code>,1,0.0002651
456,middaneardlice,<code>middaneardlice</code>,1,0.0002651
456,mihta,<code>mihta</code>,1,0.0002651
456,mihtige,<code>mihtige</code>,1,0.0002651
456,mines,<code>mines</code>,1,0.0002651
456,mislice,<code>mislice</code>,1,0.0002651
456,mislicum,<code>mislicum</code>,1,0.0002651
456,mode,<code>mode</code>,1,0.0002651
456,modigan,<code>modigan</code>,1,0.0002651
456,modignysse,<code>modignysse</code>,1,0.0002651
456,modo,<code>modo</code>,1,0.0002651
456,mot,<code>mot</code>,1,0.0002651
456,moyse,<code>moyse</code>,1,0.0002651
456,mu&eth;e,<code>mu&amp;d;e</code>,1,0.0002651
456,n&aelig;s&eth;yrlum,<code>n&amp;ae;s&amp;d;yrlum</code>,1,0.0002651
456,nacodum,<code>nacodum</code>,1,0.0002651
456,nahwar,<code>nahwar</code>,1,0.0002651
456,namode,<code>namode</code>,1,0.0002651
456,nane,<code>nane</code>,1,0.0002651
456,nanes,<code>nanes</code>,1,0.0002651
456,nat,<code>nat</code>,1,0.0002651
456,nateshwon,<code>nateshwon</code>,1,0.0002651
456,ni&eth;er,<code>ni&amp;d;er</code>,1,0.0002651
456,nihta,<code>nihta</code>,1,0.0002651
456,nihtlicere,<code>nihtlicere</code>,1,0.0002651
456,nihtlicum,<code>nihtlicum</code>,1,0.0002651
456,niwan,<code>niwan</code>,1,0.0002651
456,noes,<code>noes</code>,1,0.0002651
456,nys,<code>nys</code>,1,0.0002651
456,nyste,<code>nyste</code>,1,0.0002651
456,nyten,<code>nyten</code>,1,0.0002651
456,nytenu,<code>nytenu</code>,1,0.0002651
456,o&thorn;,<code>o&amp;t;</code>,1,0.0002651
456,of&eth;uhte,<code>of&amp;d;uhte</code>,1,0.0002651
456,oferarn,<code>oferarn</code>,1,0.0002651
456,offerde,<code>offerde</code>,1,0.0002651
456,offrige,<code>offrige</code>,1,0.0002651
456,ofslih&eth;,<code>ofslih&amp;d;</code>,1,0.0002651
456,onbyrigde,<code>onbyrigde</code>,1,0.0002651
456,onlihte,<code>onlihte</code>,1,0.0002651
456,ons&aelig;gednyssa,<code>ons&amp;ae;gednyssa</code>,1,0.0002651
456,operatur,<code>operatur</code>,1,0.0002651
456,operor,<code>operor</code>,1,0.0002651
456,orhlyte,<code>orhlyte</code>,1,0.0002651
456,pater,<code>pater</code>,1,0.0002651
456,paulus,<code>paulus</code>,1,0.0002651
456,pleolicum,<code>pleolicum</code>,1,0.0002651
456,quadragesime,<code>quadragesime</code>,1,0.0002651
456,r&aelig;da&eth;,<code>r&amp;ae;da&amp;d;</code>,1,0.0002651
456,rammes,<code>rammes</code>,1,0.0002651
456,reade,<code>reade</code>,1,0.0002651
456,readum,<code>readum</code>,1,0.0002651
456,reaf,<code>reaf</code>,1,0.0002651
456,reaflace,<code>reaflace</code>,1,0.0002651
456,reste,<code>reste</code>,1,0.0002651
456,riddan,<code>riddan</code>,1,0.0002651
456,rihtinge,<code>rihtinge</code>,1,0.0002651
456,rihtl&aelig;cunge,<code>rihtl&amp;ae;cunge</code>,1,0.0002651
456,rihtre,<code>rihtre</code>,1,0.0002651
456,rihtwises,<code>rihtwises</code>,1,0.0002651
456,rode,<code>rode</code>,1,0.0002651
456,s&aelig;de,<code>s&amp;ae;de</code>,1,0.0002651
456,s&aelig;ternes,<code>s&amp;ae;ternes</code>,1,0.0002651
456,sacerdas,<code>sacerdas</code>,1,0.0002651
456,sacerde,<code>sacerde</code>,1,0.0002651
456,samtinges,<code>samtinges</code>,1,0.0002651
456,sandceosol,<code>sandceosol</code>,1,0.0002651
456,sawla,<code>sawla</code>,1,0.0002651
456,sceoldon,<code>sceoldon</code>,1,0.0002651
456,sceole,<code>sceole</code>,1,0.0002651
456,sceortlice,<code>sceortlice</code>,1,0.0002651
456,sceotan,<code>sceotan</code>,1,0.0002651
456,scin&eth;,<code>scin&amp;d;</code>,1,0.0002651
456,scinende,<code>scinende</code>,1,0.0002651
456,scyldig,<code>scyldig</code>,1,0.0002651
456,sealt,<code>sealt</code>,1,0.0002651
456,sealte,<code>sealte</code>,1,0.0002651
456,secge,<code>secge</code>,1,0.0002651
456,sehtnysse,<code>sehtnysse</code>,1,0.0002651
456,seofo&eth;an,<code>seofo&amp;d;an</code>,1,0.0002651
456,si&eth;ian,<code>si&amp;d;ian</code>,1,0.0002651
456,si&eth;ode,<code>si&amp;d;ode</code>,1,0.0002651
456,side,<code>side</code>,1,0.0002651
456,sigef&aelig;ste,<code>sigef&amp;ae;ste</code>,1,0.0002651
456,singa&eth;,<code>singa&amp;d;</code>,1,0.0002651
456,slean,<code>slean</code>,1,0.0002651
456,sloh,<code>sloh</code>,1,0.0002651
456,smocigende,<code>smocigende</code>,1,0.0002651
456,snidon,<code>snidon</code>,1,0.0002651
456,so&eth;,<code>so&amp;d;</code>,1,0.0002651
456,so&eth;e,<code>so&amp;d;e</code>,1,0.0002651
456,so&eth;re,<code>so&amp;d;re</code>,1,0.0002651
456,so&eth;um,<code>so&amp;d;um</code>,1,0.0002651
456,some,<code>some</code>,1,0.0002651
456,sona,<code>sona</code>,1,0.0002651
456,spr&aelig;c,<code>spr&amp;ae;c</code>,1,0.0002651
456,st&aelig;&eth;&eth;ignysse,<code>st&amp;ae;&amp;d;&amp;d;ignysse</code>,1,0.0002651
456,st&aelig;f,<code>st&amp;ae;f</code>,1,0.0002651
456,st&aelig;nene,<code>st&amp;ae;nene</code>,1,0.0002651
456,st&aelig;nenum,<code>st&amp;ae;nenum</code>,1,0.0002651
456,stanclud,<code>stanclud</code>,1,0.0002651
456,stanweall,<code>stanweall</code>,1,0.0002651
456,stemn,<code>stemn</code>,1,0.0002651
456,stemne,<code>stemne</code>,1,0.0002651
456,stemnum,<code>stemnum</code>,1,0.0002651
456,stowe,<code>stowe</code>,1,0.0002651
456,strange,<code>strange</code>,1,0.0002651
456,stream,<code>stream</code>,1,0.0002651
456,strica,<code>strica</code>,1,0.0002651
456,styrian,<code>styrian</code>,1,0.0002651
456,styrode,<code>styrode</code>,1,0.0002651
456,styrunga,<code>styrunga</code>,1,0.0002651
456,sungon,<code>sungon</code>,1,0.0002651
456,sunnand&aelig;g,<code>sunnand&amp;ae;g</code>,1,0.0002651
456,sunnand&aelig;ge,<code>sunnand&amp;ae;ge</code>,1,0.0002651
456,swegende,<code>swegende</code>,1,0.0002651
456,swenca&eth;,<code>swenca&amp;d;</code>,1,0.0002651
456,swer,<code>swer</code>,1,0.0002651
456,swi&eth;licum,<code>swi&amp;d;licum</code>,1,0.0002651
456,swi&eth;ost,<code>swi&amp;d;ost</code>,1,0.0002651
456,syfernysse,<code>syfernysse</code>,1,0.0002651
456,sylfum,<code>sylfum</code>,1,0.0002651
456,sylle,<code>sylle</code>,1,0.0002651
456,syllend,<code>syllend</code>,1,0.0002651
456,syn,<code>syn</code>,1,0.0002651
456,synd,<code>synd</code>,1,0.0002651
456,synfullan,<code>synfullan</code>,1,0.0002651
456,synfulles,<code>synfulles</code>,1,0.0002651
456,synnum,<code>synnum</code>,1,0.0002651
456,t&aelig;hte,<code>t&amp;ae;hte</code>,1,0.0002651
456,tabulan,<code>tabulan</code>,1,0.0002651
456,tengde,<code>tengde</code>,1,0.0002651
456,ticcen,<code>ticcen</code>,1,0.0002651
456,timan,<code>timan</code>,1,0.0002651
456,tob&aelig;rst,<code>tob&amp;ae;rst</code>,1,0.0002651
456,tod&aelig;l,<code>tod&amp;ae;l</code>,1,0.0002651
456,tod&aelig;l&eth;,<code>tod&amp;ae;l&amp;d;</code>,1,0.0002651
456,tod&aelig;lede,<code>tod&amp;ae;lede</code>,1,0.0002651
456,toeode,<code>toeode</code>,1,0.0002651
456,tog&aelig;dere,<code>tog&amp;ae;dere</code>,1,0.0002651
456,tosigen,<code>tosigen</code>,1,0.0002651
456,toweard,<code>toweard</code>,1,0.0002651
456,toweardan,<code>toweardan</code>,1,0.0002651
456,towurpan,<code>towurpan</code>,1,0.0002651
456,towurpe,<code>towurpe</code>,1,0.0002651
456,treow,<code>treow</code>,1,0.0002651
456,treowum,<code>treowum</code>,1,0.0002651
456,trum,<code>trum</code>,1,0.0002651
456,turtlan,<code>turtlan</code>,1,0.0002651
456,tyrig&eth;,<code>tyrig&amp;d;</code>,1,0.0002651
456,unasecgendlice,<code>unasecgendlice</code>,1,0.0002651
456,unbegunnen,<code>unbegunnen</code>,1,0.0002651
456,unbrosnunge,<code>unbrosnunge</code>,1,0.0002651
456,under&eth;eod,<code>under&amp;d;eod</code>,1,0.0002651
456,understanda&eth;,<code>understanda&amp;d;</code>,1,0.0002651
456,understandan,<code>understandan</code>,1,0.0002651
456,ungeendod,<code>ungeendod</code>,1,0.0002651
456,ungel&aelig;reda,<code>ungel&amp;ae;reda</code>,1,0.0002651
456,unrihth&aelig;m,<code>unrihth&amp;ae;m</code>,1,0.0002651
456,unrihtwisre,<code>unrihtwisre</code>,1,0.0002651
456,unsceadwislican,<code>unsceadwislican</code>,1,0.0002651
456,upplican,<code>upplican</code>,1,0.0002651
456,uppon,<code>uppon</code>,1,0.0002651
456,usque,<code>usque</code>,1,0.0002651
456,ute,<code>ute</code>,1,0.0002651
456,w&aelig;lreownysse,<code>w&amp;ae;lreownysse</code>,1,0.0002651
456,w&aelig;re,<code>w&amp;ae;re</code>,1,0.0002651
456,w&aelig;stmas,<code>w&amp;ae;stmas</code>,1,0.0002651
456,w&aelig;stmum,<code>w&amp;ae;stmum</code>,1,0.0002651
456,w&aelig;tera,<code>w&amp;ae;tera</code>,1,0.0002651
456,w&aelig;teres,<code>w&amp;ae;teres</code>,1,0.0002651
456,wealdend,<code>wealdend</code>,1,0.0002651
456,weaxbredu,<code>weaxbredu</code>,1,0.0002651
456,weaxbredum,<code>weaxbredum</code>,1,0.0002651
456,wene,<code>wene</code>,1,0.0002651
456,weorce,<code>weorce</code>,1,0.0002651
456,wer,<code>wer</code>,1,0.0002651
456,werig,<code>werig</code>,1,0.0002651
456,werodnyssa,<code>werodnyssa</code>,1,0.0002651
456,wexbredu,<code>wexbredu</code>,1,0.0002651
456,wi&eth;meten,<code>wi&amp;d;meten</code>,1,0.0002651
456,wifum,<code>wifum</code>,1,0.0002651
456,wigendra,<code>wigendra</code>,1,0.0002651
456,wildum,<code>wildum</code>,1,0.0002651
456,wisan,<code>wisan</code>,1,0.0002651
456,wislices,<code>wislices</code>,1,0.0002651
456,wita,<code>wita</code>,1,0.0002651
456,witega,<code>witega</code>,1,0.0002651
456,witegena,<code>witegena</code>,1,0.0002651
456,witum,<code>witum</code>,1,0.0002651
456,worda,<code>worda</code>,1,0.0002651
456,wordum,<code>wordum</code>,1,0.0002651
456,woruldlicere,<code>woruldlicere</code>,1,0.0002651
456,wuldor,<code>wuldor</code>,1,0.0002651
456,wunderlicum,<code>wunderlicum</code>,1,0.0002651
456,wundra,<code>wundra</code>,1,0.0002651
456,wunia&eth;,<code>wunia&amp;d;</code>,1,0.0002651
456,wunian,<code>wunian</code>,1,0.0002651
456,wylle,<code>wylle</code>,1,0.0002651
456,wyrc&eth;,<code>wyrc&amp;d;</code>,1,0.0002651
456,wyrcan,<code>wyrcan</code>,1,0.0002651
456,wyrce,<code>wyrce</code>,1,0.0002651
456,wyrig&eth;,<code>wyrig&amp;d;</code>,1,0.0002651
456,y&eth;um,<code>y&amp;d;um</code>,1,0.0002651
456,yfelnysse,<code>yfelnysse</code>,1,0.0002651
456,ylca,<code>ylca</code>,1,0.0002651
456,ymbe,<code>ymbe</code>,1,0.0002651
