B_Prose,B01,B01.002.012_AECHom_II__11_T02620.txt,1663,1086,5755
RANK,HTML WORD,RAW WORD,COUNT,RELATIVE FREQUENCY
1,and,<code>and</code>,269,0.0467420
2,his,<code>his</code>,169,0.0293658
3,on,<code>on</code>,148,0.0257168
4,&eth;a,<code>&amp;d;a</code>,143,0.0248480
5,se,<code>se</code>,137,0.0238054
6,he,<code>he</code>,132,0.0229366
7,&thorn;&aelig;t,<code>&amp;t;&amp;ae;t</code>,120,0.0208514
8,to,<code>to</code>,117,0.0203301
9,&eth;am,<code>&amp;d;am</code>,103,0.0178975
10,mid,<code>mid</code>,92,0.0159861
11,&thorn;a,<code>&amp;t;a</code>,90,0.0156386
12,swa,<code>swa</code>,80,0.0139010
13,him,<code>him</code>,67,0.0116421
14,hi,<code>hi</code>,64,0.0111208
15,hine,<code>hine</code>,57,0.0099044
16,ne,<code>ne</code>,49,0.0085143
16,w&aelig;s,<code>w&amp;ae;s</code>,49,0.0085143
16,wer,<code>wer</code>,49,0.0085143
19,halga,<code>halga</code>,48,0.0083406
20,&eth;e,<code>&amp;d;e</code>,47,0.0081668
21,&eth;&aelig;re,<code>&amp;d;&amp;ae;re</code>,37,0.0064292
21,benedictus,<code>benedictus</code>,37,0.0064292
23,of,<code>of</code>,33,0.0057341
24,halgan,<code>halgan</code>,32,0.0055604
25,ac,<code>ac</code>,31,0.0053866
25,for,<code>for</code>,31,0.0053866
27,&thorn;&aelig;s,<code>&amp;t;&amp;ae;s</code>,29,0.0050391
28,&eth;one,<code>&amp;d;one</code>,27,0.0046916
28,&thorn;e,<code>&amp;t;e</code>,27,0.0046916
30,heora,<code>heora</code>,25,0.0043440
31,cw&aelig;&eth;,<code>cw&amp;ae;&amp;d;</code>,23,0.0039965
31,mihte,<code>mihte</code>,23,0.0039965
33,&aelig;t,<code>&amp;ae;t</code>,22,0.0038228
33,wear&eth;,<code>wear&amp;d;</code>,22,0.0038228
35,&eth;u,<code>&amp;d;u</code>,21,0.0036490
35,sum,<code>sum</code>,21,0.0036490
37,&thorn;am,<code>&amp;t;am</code>,20,0.0034752
38,&eth;&aelig;s,<code>&amp;d;&amp;ae;s</code>,19,0.0033015
39,&thorn;urh,<code>&amp;t;urh</code>,18,0.0031277
39,godes,<code>godes</code>,18,0.0031277
39,hw&aelig;t,<code>hw&amp;ae;t</code>,18,0.0031277
39,mynstre,<code>mynstre</code>,18,0.0031277
43,&aelig;r,<code>&amp;ae;r</code>,17,0.0029540
43,&eth;&aelig;r,<code>&amp;d;&amp;ae;r</code>,17,0.0029540
43,&thorn;&aelig;r,<code>&amp;t;&amp;ae;r</code>,17,0.0029540
46,&thorn;one,<code>&amp;t;one</code>,16,0.0027802
46,deofol,<code>deofol</code>,16,0.0027802
46,het,<code>het</code>,16,0.0027802
46,munuc,<code>munuc</code>,16,0.0027802
50,&eth;an,<code>&amp;d;an</code>,15,0.0026064
50,d&aelig;ge,<code>d&amp;ae;ge</code>,15,0.0026064
50,hit,<code>hit</code>,15,0.0026064
50,wolde,<code>wolde</code>,15,0.0026064
54,fram,<code>fram</code>,14,0.0024327
54,gebedum,<code>gebedum</code>,14,0.0024327
56,gebro&eth;ra,<code>gebro&amp;d;ra</code>,13,0.0022589
57,be,<code>be</code>,12,0.0020851
57,eft,<code>eft</code>,12,0.0020851
57,sceolde,<code>sceolde</code>,12,0.0020851
60,benedicte,<code>benedicte</code>,11,0.0019114
60,cyrcan,<code>cyrcan</code>,11,0.0019114
60,gebro&eth;rum,<code>gebro&amp;d;rum</code>,11,0.0019114
60,seo,<code>seo</code>,11,0.0019114
60,si&eth;&eth;an,<code>si&amp;d;&amp;d;an</code>,11,0.0019114
60,ut,<code>ut</code>,11,0.0019114
66,&eth;urh,<code>&amp;d;urh</code>,10,0.0017376
66,&thorn;&aelig;re,<code>&amp;t;&amp;ae;re</code>,10,0.0017376
66,h&aelig;fde,<code>h&amp;ae;fde</code>,10,0.0017376
66,ic,<code>ic</code>,10,0.0017376
66,is,<code>is</code>,10,0.0017376
66,me,<code>me</code>,10,0.0017376
66,sona,<code>sona</code>,10,0.0017376
66,were,<code>were</code>,10,0.0017376
74,&aelig;fter,<code>&amp;ae;fter</code>,9,0.0015639
74,&eth;ing,<code>&amp;d;ing</code>,9,0.0015639
74,an,<code>an</code>,9,0.0015639
74,bletsunge,<code>bletsunge</code>,9,0.0015639
74,buton,<code>buton</code>,9,0.0015639
74,eadiga,<code>eadiga</code>,9,0.0015639
74,geseah,<code>geseah</code>,9,0.0015639
74,gewat,<code>gewat</code>,9,0.0015639
74,hu,<code>hu</code>,9,0.0015639
74,micclum,<code>micclum</code>,9,0.0015639
74,s&aelig;de,<code>s&amp;ae;de</code>,9,0.0015639
74,sumum,<code>sumum</code>,9,0.0015639
74,w&aelig;ron,<code>w&amp;ae;ron</code>,9,0.0015639
74,ymbe,<code>ymbe</code>,9,0.0015639
88,&aelig;nne,<code>&amp;ae;nne</code>,8,0.0013901
88,&eth;isum,<code>&amp;d;isum</code>,8,0.0013901
88,anum,<code>anum</code>,8,0.0013901
88,aweg,<code>aweg</code>,8,0.0013901
88,cild,<code>cild</code>,8,0.0013901
88,ealle,<code>ealle</code>,8,0.0013901
88,eode,<code>eode</code>,8,0.0013901
88,gast,<code>gast</code>,8,0.0013901
88,gemette,<code>gemette</code>,8,0.0013901
88,gif,<code>gif</code>,8,0.0013901
88,god,<code>god</code>,8,0.0013901
88,gode,<code>gode</code>,8,0.0013901
88,heo,<code>heo</code>,8,0.0013901
88,mynstres,<code>mynstres</code>,8,0.0013901
88,nu,<code>nu</code>,8,0.0013901
88,stod,<code>stod</code>,8,0.0013901
88,stowe,<code>stowe</code>,8,0.0013901
88,sume,<code>sume</code>,8,0.0013901
88,swi&eth;e,<code>swi&amp;d;e</code>,8,0.0013901
88,uppon,<code>uppon</code>,8,0.0013901
88,wi&eth;,<code>wi&amp;d;</code>,8,0.0013901
88,wordum,<code>wordum</code>,8,0.0013901
110,&aelig;tforan,<code>&amp;ae;tforan</code>,7,0.0012163
110,&thorn;&aelig;rrihte,<code>&amp;t;&amp;ae;rrihte</code>,7,0.0012163
110,&thorn;u,<code>&amp;t;u</code>,7,0.0012163
110,anre,<code>anre</code>,7,0.0012163
110,aras,<code>aras</code>,7,0.0012163
110,b&aelig;d,<code>b&amp;ae;d</code>,7,0.0012163
110,bigleofan,<code>bigleofan</code>,7,0.0012163
110,com,<code>com</code>,7,0.0012163
110,ele,<code>ele</code>,7,0.0012163
110,eow,<code>eow</code>,7,0.0012163
110,hire,<code>hire</code>,7,0.0012163
110,micelre,<code>micelre</code>,7,0.0012163
110,o&eth;,<code>o&amp;d;</code>,7,0.0012163
110,sylf,<code>sylf</code>,7,0.0012163
110,we,<code>we</code>,7,0.0012163
125,&aelig;lmihtiga,<code>&amp;ae;lmihtiga</code>,6,0.0010426
125,&eth;eah,<code>&amp;d;eah</code>,6,0.0010426
125,asende,<code>asende</code>,6,0.0010426
125,benedictes,<code>benedictes</code>,6,0.0010426
125,binnon,<code>binnon</code>,6,0.0010426
125,eor&eth;an,<code>eor&amp;d;an</code>,6,0.0010426
125,gehaten,<code>gehaten</code>,6,0.0010426
125,into,<code>into</code>,6,0.0010426
125,lande,<code>lande</code>,6,0.0010426
125,lifes,<code>lifes</code>,6,0.0010426
125,micel,<code>micel</code>,6,0.0010426
125,mihton,<code>mihton</code>,6,0.0010426
125,n&aelig;fre,<code>n&amp;ae;fre</code>,6,0.0010426
125,na,<code>na</code>,6,0.0010426
125,nan,<code>nan</code>,6,0.0010426
125,preost,<code>preost</code>,6,0.0010426
125,sylfne,<code>sylfne</code>,6,0.0010426
125,tide,<code>tide</code>,6,0.0010426
125,w&aelig;re,<code>w&amp;ae;re</code>,6,0.0010426
125,witegunge,<code>witegunge</code>,6,0.0010426
125,wurdon,<code>wurdon</code>,6,0.0010426
146,&aelig;teowode,<code>&amp;ae;teowode</code>,5,0.0008688
146,&eth;earle,<code>&amp;d;earle</code>,5,0.0008688
146,&thorn;is,<code>&amp;t;is</code>,5,0.0008688
146,andwyrde,<code>andwyrde</code>,5,0.0008688
146,ane,<code>ane</code>,5,0.0008688
146,arn,<code>arn</code>,5,0.0008688
146,biddende,<code>biddende</code>,5,0.0008688
146,cnapan,<code>cnapan</code>,5,0.0008688
146,comon,<code>comon</code>,5,0.0008688
146,eac,<code>eac</code>,5,0.0008688
146,eallum,<code>eallum</code>,5,0.0008688
146,ealne,<code>ealne</code>,5,0.0008688
146,f&aelig;t,<code>f&amp;ae;t</code>,5,0.0008688
146,geswac,<code>geswac</code>,5,0.0008688
146,h&aelig;se,<code>h&amp;ae;se</code>,5,0.0008688
146,habban,<code>habban</code>,5,0.0008688
146,halgum,<code>halgum</code>,5,0.0008688
146,handum,<code>handum</code>,5,0.0008688
146,leoht,<code>leoht</code>,5,0.0008688
146,man,<code>man</code>,5,0.0008688
146,maurus,<code>maurus</code>,5,0.0008688
146,merigen,<code>merigen</code>,5,0.0008688
146,min,<code>min</code>,5,0.0008688
146,mode,<code>mode</code>,5,0.0008688
146,n&aelig;s,<code>n&amp;ae;s</code>,5,0.0008688
146,nextan,<code>nextan</code>,5,0.0008688
146,o&eth;rum,<code>o&amp;d;rum</code>,5,0.0008688
146,ofer,<code>ofer</code>,5,0.0008688
146,sawle,<code>sawle</code>,5,0.0008688
146,sende,<code>sende</code>,5,0.0008688
146,stan,<code>stan</code>,5,0.0008688
146,sunu,<code>sunu</code>,5,0.0008688
146,sweoster,<code>sweoster</code>,5,0.0008688
146,swilce,<code>swilce</code>,5,0.0008688
146,sy&eth;&eth;an,<code>sy&amp;d;&amp;d;an</code>,5,0.0008688
146,symle,<code>symle</code>,5,0.0008688
146,weres,<code>weres</code>,5,0.0008688
146,witodlice,<code>witodlice</code>,5,0.0008688
146,ylcan,<code>ylcan</code>,5,0.0008688
185,&aelig;lmihtigan,<code>&amp;ae;lmihtigan</code>,4,0.0006950
185,&eth;&aelig;rrihte,<code>&amp;d;&amp;ae;rrihte</code>,4,0.0006950
185,&thorn;onne,<code>&amp;t;onne</code>,4,0.0006950
185,agif,<code>agif</code>,4,0.0006950
185,attre,<code>attre</code>,4,0.0006950
185,betwux,<code>betwux</code>,4,0.0006950
185,bro&eth;or,<code>bro&amp;d;or</code>,4,0.0006950
185,clypode,<code>clypode</code>,4,0.0006950
185,drihten,<code>drihten</code>,4,0.0006950
185,eall,<code>eall</code>,4,0.0006950
185,eawf&aelig;st,<code>eawf&amp;ae;st</code>,4,0.0006950
185,efne,<code>efne</code>,4,0.0006950
185,f&aelig;te,<code>f&amp;ae;te</code>,4,0.0006950
185,ferde,<code>ferde</code>,4,0.0006950
185,ge,<code>ge</code>,4,0.0006950
185,ge&eth;uht,<code>ge&amp;d;uht</code>,4,0.0006950
185,gebro&eth;ru,<code>gebro&amp;d;ru</code>,4,0.0006950
185,gecweden,<code>gecweden</code>,4,0.0006950
185,gesawon,<code>gesawon</code>,4,0.0006950
185,getimode,<code>getimode</code>,4,0.0006950
185,heold,<code>heold</code>,4,0.0006950
185,l&aelig;dan,<code>l&amp;ae;dan</code>,4,0.0006950
185,l&aelig;g,<code>l&amp;ae;g</code>,4,0.0006950
185,l&aelig;ne,<code>l&amp;ae;ne</code>,4,0.0006950
185,life,<code>life</code>,4,0.0006950
185,menn,<code>menn</code>,4,0.0006950
185,middaneard,<code>middaneard</code>,4,0.0006950
185,munte,<code>munte</code>,4,0.0006950
185,ongean,<code>ongean</code>,4,0.0006950
185,ontendnysse,<code>ontendnysse</code>,4,0.0006950
185,re&eth;nysse,<code>re&amp;d;nysse</code>,4,0.0006950
185,romebyrig,<code>romebyrig</code>,4,0.0006950
185,scinende,<code>scinende</code>,4,0.0006950
185,so&eth;lice,<code>so&amp;d;lice</code>,4,0.0006950
185,syllan,<code>syllan</code>,4,0.0006950
185,w&aelig;ter,<code>w&amp;ae;ter</code>,4,0.0006950
185,weg,<code>weg</code>,4,0.0006950
222,&aelig;nig,<code>&amp;ae;nig</code>,3,0.0005213
222,&aelig;teowod,<code>&amp;ae;teowod</code>,3,0.0005213
222,&eth;&aelig;ra,<code>&amp;d;&amp;ae;ra</code>,3,0.0005213
222,&eth;is,<code>&amp;d;is</code>,3,0.0005213
222,&eth;reade,<code>&amp;d;reade</code>,3,0.0005213
222,&eth;urhwunode,<code>&amp;d;urhwunode</code>,3,0.0005213
222,&thorn;earle,<code>&amp;t;earle</code>,3,0.0005213
222,abbud,<code>abbud</code>,3,0.0005213
222,ana,<code>ana</code>,3,0.0005213
222,anlicnysse,<code>anlicnysse</code>,3,0.0005213
222,astrehte,<code>astrehte</code>,3,0.0005213
222,awende,<code>awende</code>,3,0.0005213
222,awyrigeda,<code>awyrigeda</code>,3,0.0005213
222,b&aelig;don,<code>b&amp;ae;don</code>,3,0.0005213
222,bebead,<code>bebead</code>,3,0.0005213
222,befran,<code>befran</code>,3,0.0005213
222,bellan,<code>bellan</code>,3,0.0005213
222,beran,<code>beran</code>,3,0.0005213
222,bricum,<code>bricum</code>,3,0.0005213
222,bufon,<code>bufon</code>,3,0.0005213
222,byrgene,<code>byrgene</code>,3,0.0005213
222,cildhade,<code>cildhade</code>,3,0.0005213
222,clypunge,<code>clypunge</code>,3,0.0005213
222,cneowode,<code>cneowode</code>,3,0.0005213
222,d&aelig;l,<code>d&amp;ae;l</code>,3,0.0005213
222,dagum,<code>dagum</code>,3,0.0005213
222,deofles,<code>deofles</code>,3,0.0005213
222,diacones,<code>diacones</code>,3,0.0005213
222,dorste,<code>dorste</code>,3,0.0005213
222,drohtnigende,<code>drohtnigende</code>,3,0.0005213
222,eadigan,<code>eadigan</code>,3,0.0005213
222,eal,<code>eal</code>,3,0.0005213
222,eawf&aelig;ste,<code>eawf&amp;ae;ste</code>,3,0.0005213
222,f&aelig;der,<code>f&amp;ae;der</code>,3,0.0005213
222,f&aelig;rlice,<code>f&amp;ae;rlice</code>,3,0.0005213
222,fela,<code>fela</code>,3,0.0005213
222,for&eth;si&eth;,<code>for&amp;d;si&amp;d;</code>,3,0.0005213
222,fotum,<code>fotum</code>,3,0.0005213
222,gecyrde,<code>gecyrde</code>,3,0.0005213
222,gefrefrode,<code>gefrefrode</code>,3,0.0005213
222,gel&aelig;hte,<code>gel&amp;ae;hte</code>,3,0.0005213
222,gemetton,<code>gemetton</code>,3,0.0005213
222,geond,<code>geond</code>,3,0.0005213
222,gesih&eth;um,<code>gesih&amp;d;um</code>,3,0.0005213
222,gespr&aelig;c,<code>gespr&amp;ae;c</code>,3,0.0005213
222,geswutelode,<code>geswutelode</code>,3,0.0005213
222,geti&eth;ode,<code>geti&amp;d;ode</code>,3,0.0005213
222,gl&aelig;sene,<code>gl&amp;ae;sene</code>,3,0.0005213
222,handa,<code>handa</code>,3,0.0005213
222,heofenum,<code>heofenum</code>,3,0.0005213
222,hiwe,<code>hiwe</code>,3,0.0005213
222,hordere,<code>hordere</code>,3,0.0005213
222,hr&aelig;dlice,<code>hr&amp;ae;dlice</code>,3,0.0005213
222,hra&eth;e,<code>hra&amp;d;e</code>,3,0.0005213
222,hwi,<code>hwi</code>,3,0.0005213
222,la,<code>la</code>,3,0.0005213
222,lic,<code>lic</code>,3,0.0005213
222,lice,<code>lice</code>,3,0.0005213
222,lichaman,<code>lichaman</code>,3,0.0005213
222,lichamlice,<code>lichamlice</code>,3,0.0005213
222,lufe,<code>lufe</code>,3,0.0005213
222,m&aelig;g,<code>m&amp;ae;g</code>,3,0.0005213
222,mann,<code>mann</code>,3,0.0005213
222,men,<code>men</code>,3,0.0005213
222,minne,<code>minne</code>,3,0.0005213
222,mod,<code>mod</code>,3,0.0005213
222,mu&eth;e,<code>mu&amp;d;e</code>,3,0.0005213
222,mynecena,<code>mynecena</code>,3,0.0005213
222,mysan,<code>mysan</code>,3,0.0005213
222,nama,<code>nama</code>,3,0.0005213
222,nateshwon,<code>nateshwon</code>,3,0.0005213
222,niht,<code>niht</code>,3,0.0005213
222,nihte,<code>nihte</code>,3,0.0005213
222,nolde,<code>nolde</code>,3,0.0005213
222,o&eth;er,<code>o&amp;d;er</code>,3,0.0005213
222,o&eth;res,<code>o&amp;d;res</code>,3,0.0005213
222,oft,<code>oft</code>,3,0.0005213
222,placidus,<code>placidus</code>,3,0.0005213
222,rodetacne,<code>rodetacne</code>,3,0.0005213
222,sealde,<code>sealde</code>,3,0.0005213
222,seofon,<code>seofon</code>,3,0.0005213
222,streame,<code>streame</code>,3,0.0005213
222,sumne,<code>sumne</code>,3,0.0005213
222,t&aelig;hte,<code>t&amp;ae;hte</code>,3,0.0005213
222,timan,<code>timan</code>,3,0.0005213
222,tob&aelig;rst,<code>tob&amp;ae;rst</code>,3,0.0005213
222,togeanes,<code>togeanes</code>,3,0.0005213
222,twelf,<code>twelf</code>,3,0.0005213
222,underfeng,<code>underfeng</code>,3,0.0005213
222,undergeat,<code>undergeat</code>,3,0.0005213
222,ungesewenlica,<code>ungesewenlica</code>,3,0.0005213
222,up,<code>up</code>,3,0.0005213
222,urnon,<code>urnon</code>,3,0.0005213
222,us,<code>us</code>,3,0.0005213
222,w&aelig;lhreowa,<code>w&amp;ae;lhreowa</code>,3,0.0005213
222,w&aelig;tere,<code>w&amp;ae;tere</code>,3,0.0005213
222,weard,<code>weard</code>,3,0.0005213
222,wearp,<code>wearp</code>,3,0.0005213
222,wodnysse,<code>wodnysse</code>,3,0.0005213
222,wope,<code>wope</code>,3,0.0005213
222,wyrhtan,<code>wyrhtan</code>,3,0.0005213
323,&aelig;&eth;elan,<code>&amp;ae;&amp;d;elan</code>,2,0.0003475
323,&aelig;lcere,<code>&amp;ae;lcere</code>,2,0.0003475
323,&aelig;rendraca,<code>&amp;ae;rendraca</code>,2,0.0003475
323,&aelig;rest,<code>&amp;ae;rest</code>,2,0.0003475
323,&eth;as,<code>&amp;d;as</code>,2,0.0003475
323,&eth;enungum,<code>&amp;d;enungum</code>,2,0.0003475
323,&eth;eonde,<code>&amp;d;eonde</code>,2,0.0003475
323,&eth;in,<code>&amp;d;in</code>,2,0.0003475
323,&eth;ine,<code>&amp;d;ine</code>,2,0.0003475
323,&eth;ises,<code>&amp;d;ises</code>,2,0.0003475
323,&eth;onne,<code>&amp;d;onne</code>,2,0.0003475
323,&eth;reo,<code>&amp;d;reo</code>,2,0.0003475
323,&thorn;as,<code>&amp;t;as</code>,2,0.0003475
323,&thorn;eah,<code>&amp;t;eah</code>,2,0.0003475
323,&thorn;es,<code>&amp;t;es</code>,2,0.0003475
323,&thorn;us,<code>&amp;t;us</code>,2,0.0003475
323,ab&aelig;d,<code>ab&amp;ae;d</code>,2,0.0003475
323,acwellan,<code>acwellan</code>,2,0.0003475
323,adw&aelig;sced,<code>adw&amp;ae;sced</code>,2,0.0003475
323,afylled,<code>afylled</code>,2,0.0003475
323,afyrht,<code>afyrht</code>,2,0.0003475
323,agenre,<code>agenre</code>,2,0.0003475
323,ahebban,<code>ahebban</code>,2,0.0003475
323,ahylde,<code>ahylde</code>,2,0.0003475
323,andaga,<code>andaga</code>,2,0.0003475
323,andwerdum,<code>andwerdum</code>,2,0.0003475
323,anes,<code>anes</code>,2,0.0003475
323,anr&aelig;dlice,<code>anr&amp;ae;dlice</code>,2,0.0003475
323,ansundne,<code>ansundne</code>,2,0.0003475
323,ar&aelig;ran,<code>ar&amp;ae;ran</code>,2,0.0003475
323,ar&aelig;rde,<code>ar&amp;ae;rde</code>,2,0.0003475
323,aris,<code>aris</code>,2,0.0003475
323,astah,<code>astah</code>,2,0.0003475
323,awrat,<code>awrat</code>,2,0.0003475
323,bearn,<code>bearn</code>,2,0.0003475
323,bebyriged,<code>bebyriged</code>,2,0.0003475
323,bebyrigede,<code>bebyrigede</code>,2,0.0003475
323,becom,<code>becom</code>,2,0.0003475
323,becomon,<code>becomon</code>,2,0.0003475
323,bem&aelig;nde,<code>bem&amp;ae;nde</code>,2,0.0003475
323,bendum,<code>bendum</code>,2,0.0003475
323,bene,<code>bene</code>,2,0.0003475
323,benum,<code>benum</code>,2,0.0003475
323,beseah,<code>beseah</code>,2,0.0003475
323,bet&aelig;ht,<code>bet&amp;ae;ht</code>,2,0.0003475
323,bi&eth;,<code>bi&amp;d;</code>,2,0.0003475
323,biscopes,<code>biscopes</code>,2,0.0003475
323,bletsode,<code>bletsode</code>,2,0.0003475
323,cildes,<code>cildes</code>,2,0.0003475
323,cnapa,<code>cnapa</code>,2,0.0003475
323,come,<code>come</code>,2,0.0003475
323,cristes,<code>cristes</code>,2,0.0003475
323,cu&eth;,<code>cu&amp;d;</code>,2,0.0003475
323,cw&aelig;don,<code>cw&amp;ae;don</code>,2,0.0003475
323,cwe&eth;ende,<code>cwe&amp;d;ende</code>,2,0.0003475
323,cy&eth;an,<code>cy&amp;d;an</code>,2,0.0003475
323,cy&eth;de,<code>cy&amp;d;de</code>,2,0.0003475
323,cydde,<code>cydde</code>,2,0.0003475
323,cyning,<code>cyning</code>,2,0.0003475
323,cytan,<code>cytan</code>,2,0.0003475
323,d&aelig;da,<code>d&amp;ae;da</code>,2,0.0003475
323,d&aelig;g,<code>d&amp;ae;g</code>,2,0.0003475
323,d&aelig;ghwomlice,<code>d&amp;ae;ghwomlice</code>,2,0.0003475
323,d&aelig;le,<code>d&amp;ae;le</code>,2,0.0003475
323,diacon,<code>diacon</code>,2,0.0003475
323,digellice,<code>digellice</code>,2,0.0003475
323,dihte,<code>dihte</code>,2,0.0003475
323,do&eth;,<code>do&amp;d;</code>,2,0.0003475
323,dr&aelig;nc,<code>dr&amp;ae;nc</code>,2,0.0003475
323,draca,<code>draca</code>,2,0.0003475
323,dracan,<code>dracan</code>,2,0.0003475
323,drohtnunge,<code>drohtnunge</code>,2,0.0003475
323,ealdor,<code>ealdor</code>,2,0.0003475
323,eawf&aelig;sta,<code>eawf&amp;ae;sta</code>,2,0.0003475
323,eawf&aelig;stum,<code>eawf&amp;ae;stum</code>,2,0.0003475
323,eh&eth;yrle,<code>eh&amp;d;yrle</code>,2,0.0003475
323,ehte,<code>ehte</code>,2,0.0003475
323,ehtere,<code>ehtere</code>,2,0.0003475
323,eles,<code>eles</code>,2,0.0003475
323,engel,<code>engel</code>,2,0.0003475
323,eodon,<code>eodon</code>,2,0.0003475
323,f&aelig;gnian,<code>f&amp;ae;gnian</code>,2,0.0003475
323,fandian,<code>fandian</code>,2,0.0003475
323,fara&eth;,<code>fara&amp;d;</code>,2,0.0003475
323,faran,<code>faran</code>,2,0.0003475
323,feccan,<code>feccan</code>,2,0.0003475
323,feoh,<code>feoh</code>,2,0.0003475
323,feond,<code>feond</code>,2,0.0003475
323,feorran,<code>feorran</code>,2,0.0003475
323,ferdon,<code>ferdon</code>,2,0.0003475
323,fet,<code>fet</code>,2,0.0003475
323,fleow,<code>fleow</code>,2,0.0003475
323,for&eth;,<code>for&amp;d;</code>,2,0.0003475
323,forgeaf,<code>forgeaf</code>,2,0.0003475
323,forhtigende,<code>forhtigende</code>,2,0.0003475
323,forl&aelig;t,<code>forl&amp;ae;t</code>,2,0.0003475
323,forwel,<code>forwel</code>,2,0.0003475
323,fostermoder,<code>fostermoder</code>,2,0.0003475
323,fostormodor,<code>fostormodor</code>,2,0.0003475
323,fugol,<code>fugol</code>,2,0.0003475
323,fyr,<code>fyr</code>,2,0.0003475
323,fyrste,<code>fyrste</code>,2,0.0003475
323,gang,<code>gang</code>,2,0.0003475
323,gastlican,<code>gastlican</code>,2,0.0003475
323,gear,<code>gear</code>,2,0.0003475
323,geares,<code>geares</code>,2,0.0003475
323,geate,<code>geate</code>,2,0.0003475
323,geaxode,<code>geaxode</code>,2,0.0003475
323,gebede,<code>gebede</code>,2,0.0003475
323,gebigde,<code>gebigde</code>,2,0.0003475
323,gebletsod,<code>gebletsod</code>,2,0.0003475
323,gebysgode,<code>gebysgode</code>,2,0.0003475
323,gebytlunge,<code>gebytlunge</code>,2,0.0003475
323,gecuman,<code>gecuman</code>,2,0.0003475
323,gecyrdon,<code>gecyrdon</code>,2,0.0003475
323,gedon,<code>gedon</code>,2,0.0003475
323,geedcucode,<code>geedcucode</code>,2,0.0003475
323,gehal,<code>gehal</code>,2,0.0003475
323,gehendnysse,<code>gehendnysse</code>,2,0.0003475
323,gehyrde,<code>gehyrde</code>,2,0.0003475
323,gel&aelig;g,<code>gel&amp;ae;g</code>,2,0.0003475
323,geleafan,<code>geleafan</code>,2,0.0003475
323,genihtsumlice,<code>genihtsumlice</code>,2,0.0003475
323,gereorde,<code>gereorde</code>,2,0.0003475
323,gesawe,<code>gesawe</code>,2,0.0003475
323,gesewen,<code>gesewen</code>,2,0.0003475
323,gesih&eth;,<code>gesih&amp;d;</code>,2,0.0003475
323,gesih&eth;e,<code>gesih&amp;d;e</code>,2,0.0003475
323,gestandan,<code>gestandan</code>,2,0.0003475
323,gestod,<code>gestod</code>,2,0.0003475
323,gesw&aelig;sum,<code>gesw&amp;ae;sum</code>,2,0.0003475
323,geswinc,<code>geswinc</code>,2,0.0003475
323,gewendon,<code>gewendon</code>,2,0.0003475
323,gewilnode,<code>gewilnode</code>,2,0.0003475
323,gewissode,<code>gewissode</code>,2,0.0003475
323,gewuna,<code>gewuna</code>,2,0.0003475
323,gewunelic,<code>gewunelic</code>,2,0.0003475
323,giu,<code>giu</code>,2,0.0003475
323,gyrde,<code>gyrde</code>,2,0.0003475
323,gyrlum,<code>gyrlum</code>,2,0.0003475
323,gyt,<code>gyt</code>,2,0.0003475
323,halige,<code>halige</code>,2,0.0003475
323,haligre,<code>haligre</code>,2,0.0003475
323,hatte,<code>hatte</code>,2,0.0003475
323,heafod,<code>heafod</code>,2,0.0003475
323,heofenan,<code>heofenan</code>,2,0.0003475
323,heofonas,<code>heofonas</code>,2,0.0003475
323,heortan,<code>heortan</code>,2,0.0003475
323,hlaf,<code>hlaf</code>,2,0.0003475
323,hlisan,<code>hlisan</code>,2,0.0003475
323,hr&aelig;dnysse,<code>hr&amp;ae;dnysse</code>,2,0.0003475
323,hridder,<code>hridder</code>,2,0.0003475
323,hrymde,<code>hrymde</code>,2,0.0003475
323,husel,<code>husel</code>,2,0.0003475
323,huselgange,<code>huselgange</code>,2,0.0003475
323,hw&aelig;&eth;er,<code>hw&amp;ae;&amp;d;er</code>,2,0.0003475
323,hw&aelig;s,<code>hw&amp;ae;s</code>,2,0.0003475
323,innto,<code>innto</code>,2,0.0003475
323,kycene,<code>kycene</code>,2,0.0003475
323,l&aelig;s,<code>l&amp;ae;s</code>,2,0.0003475
323,lace,<code>lace</code>,2,0.0003475
323,landfolc,<code>landfolc</code>,2,0.0003475
323,lare,<code>lare</code>,2,0.0003475
323,lareowdome,<code>lareowdome</code>,2,0.0003475
323,lareowe,<code>lareowe</code>,2,0.0003475
323,leafe,<code>leafe</code>,2,0.0003475
323,leohte,<code>leohte</code>,2,0.0003475
323,leohtes,<code>leohtes</code>,2,0.0003475
323,leorningcnihta,<code>leorningcnihta</code>,2,0.0003475
323,leorningcnihtum,<code>leorningcnihtum</code>,2,0.0003475
323,m&aelig;nige,<code>m&amp;ae;nige</code>,2,0.0003475
323,m&aelig;ssan,<code>m&amp;ae;ssan</code>,2,0.0003475
323,magas,<code>magas</code>,2,0.0003475
323,magon,<code>magon</code>,2,0.0003475
323,magum,<code>magum</code>,2,0.0003475
323,manna,<code>manna</code>,2,0.0003475
323,mannes,<code>mannes</code>,2,0.0003475
323,maure,<code>maure</code>,2,0.0003475
323,metes,<code>metes</code>,2,0.0003475
323,middanearde,<code>middanearde</code>,2,0.0003475
323,mila,<code>mila</code>,2,0.0003475
323,miltsunge,<code>miltsunge</code>,2,0.0003475
323,mine,<code>mine</code>,2,0.0003475
323,modes,<code>modes</code>,2,0.0003475
323,modignysse,<code>modignysse</code>,2,0.0003475
323,moston,<code>moston</code>,2,0.0003475
323,munecas,<code>munecas</code>,2,0.0003475
323,munuclif,<code>munuclif</code>,2,0.0003475
323,munuclife,<code>munuclife</code>,2,0.0003475
323,mynecenum,<code>mynecenum</code>,2,0.0003475
323,mynster,<code>mynster</code>,2,0.0003475
323,n&aelig;fde,<code>n&amp;ae;fde</code>,2,0.0003475
323,naman,<code>naman</code>,2,0.0003475
323,neb,<code>neb</code>,2,0.0003475
323,nihtes,<code>nihtes</code>,2,0.0003475
323,o&eth;&eth;e,<code>o&amp;d;&amp;d;e</code>,2,0.0003475
323,o&eth;erne,<code>o&amp;d;erne</code>,2,0.0003475
323,onbirigdon,<code>onbirigdon</code>,2,0.0003475
323,ongann,<code>ongann</code>,2,0.0003475
323,penega,<code>penega</code>,2,0.0003475
323,preoste,<code>preoste</code>,2,0.0003475
323,pund,<code>pund</code>,2,0.0003475
323,r&aelig;dinge,<code>r&amp;ae;dinge</code>,2,0.0003475
323,regol,<code>regol</code>,2,0.0003475
323,rice,<code>rice</code>,2,0.0003475
323,riggo,<code>riggo</code>,2,0.0003475
323,romanus,<code>romanus</code>,2,0.0003475
323,salla,<code>salla</code>,2,0.0003475
323,sarnysse,<code>sarnysse</code>,2,0.0003475
323,sawl,<code>sawl</code>,2,0.0003475
323,scr&aelig;fe,<code>scr&amp;ae;fe</code>,2,0.0003475
323,sind,<code>sind</code>,2,0.0003475
323,slapendum,<code>slapendum</code>,2,0.0003475
323,sn&aelig;de,<code>sn&amp;ae;de</code>,2,0.0003475
323,spr&aelig;cum,<code>spr&amp;ae;cum</code>,2,0.0003475
323,stanclude,<code>stanclude</code>,2,0.0003475
323,subdiacone,<code>subdiacone</code>,2,0.0003475
323,swefene,<code>swefene</code>,2,0.0003475
323,swefne,<code>swefne</code>,2,0.0003475
323,swi&eth;or,<code>swi&amp;d;or</code>,2,0.0003475
323,swylce,<code>swylce</code>,2,0.0003475
323,sy,<code>sy</code>,2,0.0003475
323,sylfum,<code>sylfum</code>,2,0.0003475
323,tengde,<code>tengde</code>,2,0.0003475
323,teo&eth;an,<code>teo&amp;d;an</code>,2,0.0003475
323,tintregum,<code>tintregum</code>,2,0.0003475
323,tocnawan,<code>tocnawan</code>,2,0.0003475
323,tocyme,<code>tocyme</code>,2,0.0003475
323,totilla,<code>totilla</code>,2,0.0003475
323,twa,<code>twa</code>,2,0.0003475
323,twegen,<code>twegen</code>,2,0.0003475
323,twentig,<code>twentig</code>,2,0.0003475
323,under,<code>under</code>,2,0.0003475
323,upflora,<code>upflora</code>,2,0.0003475
323,w&aelig;rlice,<code>w&amp;ae;rlice</code>,2,0.0003475
323,w&aelig;terscipe,<code>w&amp;ae;terscipe</code>,2,0.0003475
323,weallweorce,<code>weallweorce</code>,2,0.0003475
323,wege,<code>wege</code>,2,0.0003475
323,weorce,<code>weorce</code>,2,0.0003475
323,westene,<code>westene</code>,2,0.0003475
323,wif,<code>wif</code>,2,0.0003475
323,wine,<code>wine</code>,2,0.0003475
323,woldon,<code>woldon</code>,2,0.0003475
323,worigende,<code>worigende</code>,2,0.0003475
323,wuda,<code>wuda</code>,2,0.0003475
323,wunda,<code>wunda</code>,2,0.0003475
323,wunderlic,<code>wunderlic</code>,2,0.0003475
323,wundor,<code>wundor</code>,2,0.0003475
323,wundrum,<code>wundrum</code>,2,0.0003475
323,wundrunge,<code>wundrunge</code>,2,0.0003475
323,wunian,<code>wunian</code>,2,0.0003475
323,wunode,<code>wunode</code>,2,0.0003475
323,wur&eth;mynte,<code>wur&amp;d;mynte</code>,2,0.0003475
323,yr&eth;ling,<code>yr&amp;d;ling</code>,2,0.0003475
323,yrna&eth;,<code>yrna&amp;d;</code>,2,0.0003475
578,&aelig;&eth;ela,<code>&amp;ae;&amp;d;ela</code>,1,0.0001738
578,&aelig;&eth;elboren,<code>&amp;ae;&amp;d;elboren</code>,1,0.0001738
578,&aelig;&eth;elborenan,<code>&amp;ae;&amp;d;elborenan</code>,1,0.0001738
578,&aelig;&eth;elborenre,<code>&amp;ae;&amp;d;elborenre</code>,1,0.0001738
578,&aelig;&eth;ellice,<code>&amp;ae;&amp;d;ellice</code>,1,0.0001738
578,&aelig;&thorn;elborennysse,<code>&amp;ae;&amp;t;elborennysse</code>,1,0.0001738
578,&aelig;fnunge,<code>&amp;ae;fnunge</code>,1,0.0001738
578,&aelig;fre,<code>&amp;ae;fre</code>,1,0.0001738
578,&aelig;g&eth;er,<code>&amp;ae;g&amp;d;er</code>,1,0.0001738
578,&aelig;hta,<code>&amp;ae;hta</code>,1,0.0001738
578,&aelig;lc,<code>&amp;ae;lc</code>,1,0.0001738
578,&aelig;lmihtig,<code>&amp;ae;lmihtig</code>,1,0.0001738
578,&aelig;mtig,<code>&amp;ae;mtig</code>,1,0.0001738
578,&aelig;ne,<code>&amp;ae;ne</code>,1,0.0001738
578,&aelig;nlipium,<code>&amp;ae;nlipium</code>,1,0.0001738
578,&aelig;rende,<code>&amp;ae;rende</code>,1,0.0001738
578,&aelig;rendracan,<code>&amp;ae;rendracan</code>,1,0.0001738
578,&aelig;rene,<code>&amp;ae;rene</code>,1,0.0001738
578,&aelig;tbr&aelig;d,<code>&amp;ae;tbr&amp;ae;d</code>,1,0.0001738
578,&aelig;tbredan,<code>&amp;ae;tbredan</code>,1,0.0001738
578,&aelig;tes,<code>&amp;ae;tes</code>,1,0.0001738
578,&aelig;tspearn,<code>&amp;ae;tspearn</code>,1,0.0001738
578,&aelig;twindan,<code>&amp;ae;twindan</code>,1,0.0001738
578,&eth;ancunge,<code>&amp;d;ancunge</code>,1,0.0001738
578,&eth;egen,<code>&amp;d;egen</code>,1,0.0001738
578,&eth;egenes,<code>&amp;d;egenes</code>,1,0.0001738
578,&eth;egnum,<code>&amp;d;egnum</code>,1,0.0001738
578,&eth;en,<code>&amp;d;en</code>,1,0.0001738
578,&eth;eow,<code>&amp;d;eow</code>,1,0.0001738
578,&eth;eowan,<code>&amp;d;eowan</code>,1,0.0001738
578,&eth;eowigende,<code>&amp;d;eowigende</code>,1,0.0001738
578,&eth;eowode,<code>&amp;d;eowode</code>,1,0.0001738
578,&eth;eowum,<code>&amp;d;eowum</code>,1,0.0001738
578,&eth;icga&eth;,<code>&amp;d;icga&amp;d;</code>,1,0.0001738
578,&eth;icgan,<code>&amp;d;icgan</code>,1,0.0001738
578,&eth;icge,<code>&amp;d;icge</code>,1,0.0001738
578,&eth;ider,<code>&amp;d;ider</code>,1,0.0001738
578,&eth;ingr&aelig;dene,<code>&amp;d;ingr&amp;ae;dene</code>,1,0.0001738
578,&eth;ingum,<code>&amp;d;ingum</code>,1,0.0001738
578,&eth;inre,<code>&amp;d;inre</code>,1,0.0001738
578,&eth;isne,<code>&amp;d;isne</code>,1,0.0001738
578,&eth;iwde,<code>&amp;d;iwde</code>,1,0.0001738
578,&eth;oligenne,<code>&amp;d;oligenne</code>,1,0.0001738
578,&eth;olode,<code>&amp;d;olode</code>,1,0.0001738
578,&eth;reagende,<code>&amp;d;reagende</code>,1,0.0001738
578,&eth;reora,<code>&amp;d;reora</code>,1,0.0001738
578,&eth;riddan,<code>&amp;d;riddan</code>,1,0.0001738
578,&eth;rim,<code>&amp;d;rim</code>,1,0.0001738
578,&eth;rutigende,<code>&amp;d;rutigende</code>,1,0.0001738
578,&eth;ry,<code>&amp;d;ry</code>,1,0.0001738
578,&eth;unor,<code>&amp;d;unor</code>,1,0.0001738
578,&eth;urhwacole,<code>&amp;d;urhwacole</code>,1,0.0001738
578,&eth;urhwuna&eth;,<code>&amp;d;urhwuna&amp;d;</code>,1,0.0001738
578,&eth;urhwunedon,<code>&amp;d;urhwunedon</code>,1,0.0001738
578,&eth;y,<code>&amp;d;y</code>,1,0.0001738
578,&eth;yllices,<code>&amp;d;yllices</code>,1,0.0001738
578,&eth;yrle,<code>&amp;d;yrle</code>,1,0.0001738
578,&eth;yssere,<code>&amp;d;yssere</code>,1,0.0001738
578,&thorn;&aelig;rinne,<code>&amp;t;&amp;ae;rinne</code>,1,0.0001738
578,&thorn;ancode,<code>&amp;t;ancode</code>,1,0.0001738
578,&thorn;eawas,<code>&amp;t;eawas</code>,1,0.0001738
578,&thorn;eawe,<code>&amp;t;eawe</code>,1,0.0001738
578,&thorn;eawum,<code>&amp;t;eawum</code>,1,0.0001738
578,&thorn;en,<code>&amp;t;en</code>,1,0.0001738
578,&thorn;enigenne,<code>&amp;t;enigenne</code>,1,0.0001738
578,&thorn;eowdome,<code>&amp;t;eowdome</code>,1,0.0001738
578,&thorn;esalla,<code>&amp;t;esalla</code>,1,0.0001738
578,&thorn;icce,<code>&amp;t;icce</code>,1,0.0001738
578,&thorn;iccum,<code>&amp;t;iccum</code>,1,0.0001738
578,&thorn;ing,<code>&amp;t;ing</code>,1,0.0001738
578,&thorn;inne,<code>&amp;t;inne</code>,1,0.0001738
578,&thorn;ises,<code>&amp;t;ises</code>,1,0.0001738
578,&thorn;isne,<code>&amp;t;isne</code>,1,0.0001738
578,&thorn;issere,<code>&amp;t;issere</code>,1,0.0001738
578,&thorn;ornum,<code>&amp;t;ornum</code>,1,0.0001738
578,&thorn;reo,<code>&amp;t;reo</code>,1,0.0001738
578,&thorn;rostle,<code>&amp;t;rostle</code>,1,0.0001738
578,&thorn;urhwunodon,<code>&amp;t;urhwunodon</code>,1,0.0001738
578,&thorn;y,<code>&amp;t;y</code>,1,0.0001738
578,&thorn;ysum,<code>&amp;t;ysum</code>,1,0.0001738
578,a,<code>a</code>,1,0.0001738
578,a&eth;olode,<code>a&amp;d;olode</code>,1,0.0001738
578,ab&aelig;rst,<code>ab&amp;ae;rst</code>,1,0.0001738
578,abbacuc,<code>abbacuc</code>,1,0.0001738
578,abbatis,<code>abbatis</code>,1,0.0001738
578,aberan,<code>aberan</code>,1,0.0001738
578,ableow,<code>ableow</code>,1,0.0001738
578,ablicged,<code>ablicged</code>,1,0.0001738
578,ablicgede,<code>ablicgede</code>,1,0.0001738
578,abr&aelig;d,<code>abr&amp;ae;d</code>,1,0.0001738
578,acuman,<code>acuman</code>,1,0.0001738
578,acwealde,<code>acwealde</code>,1,0.0001738
578,acwealdon,<code>acwealdon</code>,1,0.0001738
578,acwencte,<code>acwencte</code>,1,0.0001738
578,adelfan,<code>adelfan</code>,1,0.0001738
578,adr&aelig;fde,<code>adr&amp;ae;fde</code>,1,0.0001738
578,adrugon,<code>adrugon</code>,1,0.0001738
578,adw&aelig;scte,<code>adw&amp;ae;scte</code>,1,0.0001738
578,adydan,<code>adydan</code>,1,0.0001738
578,aeode,<code>aeode</code>,1,0.0001738
578,afedde,<code>afedde</code>,1,0.0001738
578,afligde,<code>afligde</code>,1,0.0001738
578,afunden,<code>afunden</code>,1,0.0001738
578,afyrhte,<code>afyrhte</code>,1,0.0001738
578,agan,<code>agan</code>,1,0.0001738
578,agenum,<code>agenum</code>,1,0.0001738
578,ageotan,<code>ageotan</code>,1,0.0001738
578,agyldan,<code>agyldan</code>,1,0.0001738
578,ahafen,<code>ahafen</code>,1,0.0001738
578,ahefde,<code>ahefde</code>,1,0.0001738
578,aheng,<code>aheng</code>,1,0.0001738
578,ahofon,<code>ahofon</code>,1,0.0001738
578,ahyld,<code>ahyld</code>,1,0.0001738
578,al&aelig;nenne,<code>al&amp;ae;nenne</code>,1,0.0001738
578,aleat,<code>aleat</code>,1,0.0001738
578,alysde,<code>alysde</code>,1,0.0001738
578,alysede,<code>alysede</code>,1,0.0001738
578,amansumedan,<code>amansumedan</code>,1,0.0001738
578,amansumige,<code>amansumige</code>,1,0.0001738
578,amansumigenne,<code>amansumigenne</code>,1,0.0001738
578,amen,<code>amen</code>,1,0.0001738
578,amyrde,<code>amyrde</code>,1,0.0001738
578,andagan,<code>andagan</code>,1,0.0001738
578,andan,<code>andan</code>,1,0.0001738
578,andbidodon,<code>andbidodon</code>,1,0.0001738
578,andode,<code>andode</code>,1,0.0001738
578,ands&aelig;c,<code>ands&amp;ae;c</code>,1,0.0001738
578,andsware,<code>andsware</code>,1,0.0001738
578,andwlitan,<code>andwlitan</code>,1,0.0001738
578,animan,<code>animan</code>,1,0.0001738
578,annysse,<code>annysse</code>,1,0.0001738
578,anr&aelig;dnysse,<code>anr&amp;ae;dnysse</code>,1,0.0001738
578,ansund,<code>ansund</code>,1,0.0001738
578,anwealdum,<code>anwealdum</code>,1,0.0001738
578,apollo,<code>apollo</code>,1,0.0001738
578,apostola,<code>apostola</code>,1,0.0001738
578,aprelis,<code>aprelis</code>,1,0.0001738
578,aquinenscisre,<code>aquinenscisre</code>,1,0.0001738
578,ar&aelig;r,<code>ar&amp;ae;r</code>,1,0.0001738
578,ar&aelig;ra&eth;,<code>ar&amp;ae;ra&amp;d;</code>,1,0.0001738
578,arasode,<code>arasode</code>,1,0.0001738
578,ardlice,<code>ardlice</code>,1,0.0001738
578,arf&aelig;stlice,<code>arf&amp;ae;stlice</code>,1,0.0001738
578,arie,<code>arie</code>,1,0.0001738
578,arisan,<code>arisan</code>,1,0.0001738
578,arison,<code>arison</code>,1,0.0001738
578,arleasan,<code>arleasan</code>,1,0.0001738
578,arwur&eth;a,<code>arwur&amp;d;a</code>,1,0.0001738
578,arwur&eth;an,<code>arwur&amp;d;an</code>,1,0.0001738
578,arwur&eth;e,<code>arwur&amp;d;e</code>,1,0.0001738
578,arwur&eth;fullan,<code>arwur&amp;d;fullan</code>,1,0.0001738
578,arwur&eth;nysse,<code>arwur&amp;d;nysse</code>,1,0.0001738
578,asanc,<code>asanc</code>,1,0.0001738
578,asceat,<code>asceat</code>,1,0.0001738
578,ascofen,<code>ascofen</code>,1,0.0001738
578,ascyrede,<code>ascyrede</code>,1,0.0001738
578,asette,<code>asette</code>,1,0.0001738
578,aspendon,<code>aspendon</code>,1,0.0001738
578,asprang,<code>asprang</code>,1,0.0001738
578,asprungene,<code>asprungene</code>,1,0.0001738
578,astealde,<code>astealde</code>,1,0.0001738
578,astigenne,<code>astigenne</code>,1,0.0001738
578,astih&eth;,<code>astih&amp;d;</code>,1,0.0001738
578,astod,<code>astod</code>,1,0.0001738
578,astreht,<code>astreht</code>,1,0.0001738
578,astrehtan,<code>astrehtan</code>,1,0.0001738
578,astrehtum,<code>astrehtum</code>,1,0.0001738
578,astyred,<code>astyred</code>,1,0.0001738
578,astyrian,<code>astyrian</code>,1,0.0001738
578,atelicum,<code>atelicum</code>,1,0.0001738
578,ateon,<code>ateon</code>,1,0.0001738
578,atuge,<code>atuge</code>,1,0.0001738
578,awearp,<code>awearp</code>,1,0.0001738
578,awecgan,<code>awecgan</code>,1,0.0001738
578,awedde,<code>awedde</code>,1,0.0001738
578,awegb&aelig;re,<code>awegb&amp;ae;re</code>,1,0.0001738
578,awocon,<code>awocon</code>,1,0.0001738
578,aworpen,<code>aworpen</code>,1,0.0001738
578,awurpan,<code>awurpan</code>,1,0.0001738
578,awurpe,<code>awurpe</code>,1,0.0001738
578,awyrdan,<code>awyrdan</code>,1,0.0001738
578,axigende,<code>axigende</code>,1,0.0001738
578,b&aelig;ftan,<code>b&amp;ae;ftan</code>,1,0.0001738
578,b&aelig;r,<code>b&amp;ae;r</code>,1,0.0001738
578,bam,<code>bam</code>,1,0.0001738
578,ban,<code>ban</code>,1,0.0001738
578,be&eth;ohte,<code>be&amp;d;ohte</code>,1,0.0001738
578,bebeodende,<code>bebeodende</code>,1,0.0001738
578,bebod,<code>bebod</code>,1,0.0001738
578,beboden,<code>beboden</code>,1,0.0001738
578,bebyria&eth;,<code>bebyria&amp;d;</code>,1,0.0001738
578,bebyrigdon,<code>bebyrigdon</code>,1,0.0001738
578,beclypte,<code>beclypte</code>,1,0.0001738
578,beclysedre,<code>beclysedre</code>,1,0.0001738
578,becuman,<code>becuman</code>,1,0.0001738
578,becymst,<code>becymst</code>,1,0.0001738
578,bed,<code>bed</code>,1,0.0001738
578,bedydrode,<code>bedydrode</code>,1,0.0001738
578,beeode,<code>beeode</code>,1,0.0001738
578,bef&aelig;stene,<code>bef&amp;ae;stene</code>,1,0.0001738
578,bef&aelig;ston,<code>bef&amp;ae;ston</code>,1,0.0001738
578,befeol,<code>befeol</code>,1,0.0001738
578,befeoll,<code>befeoll</code>,1,0.0001738
578,begann,<code>begann</code>,1,0.0001738
578,begunnon,<code>begunnon</code>,1,0.0001738
578,behate,<code>behate</code>,1,0.0001738
578,beheald,<code>beheald</code>,1,0.0001738
578,beheold,<code>beheold</code>,1,0.0001738
578,beheoldon,<code>beheoldon</code>,1,0.0001738
578,behet,<code>behet</code>,1,0.0001738
578,behete,<code>behete</code>,1,0.0001738
578,behlaf,<code>behlaf</code>,1,0.0001738
578,behydde,<code>behydde</code>,1,0.0001738
578,bel&aelig;fed,<code>bel&amp;ae;fed</code>,1,0.0001738
578,belife,<code>belife</code>,1,0.0001738
578,bendas,<code>bendas</code>,1,0.0001738
578,bendictes,<code>bendictes</code>,1,0.0001738
578,benedicti,<code>benedicti</code>,1,0.0001738
578,beo,<code>beo</code>,1,0.0001738
578,beon,<code>beon</code>,1,0.0001738
578,beorhtre,<code>beorhtre</code>,1,0.0001738
578,beorhtum,<code>beorhtum</code>,1,0.0001738
578,beortre,<code>beortre</code>,1,0.0001738
578,ber&eth;,<code>ber&amp;d;</code>,1,0.0001738
578,berst,<code>berst</code>,1,0.0001738
578,besargode,<code>besargode</code>,1,0.0001738
578,beseonde,<code>beseonde</code>,1,0.0001738
578,bet&aelig;hte,<code>bet&amp;ae;hte</code>,1,0.0001738
578,betwynan,<code>betwynan</code>,1,0.0001738
578,bewurpe,<code>bewurpe</code>,1,0.0001738
578,bibirigdon,<code>bibirigdon</code>,1,0.0001738
578,bidde,<code>bidde</code>,1,0.0001738
578,biddendan,<code>biddendan</code>,1,0.0001738
578,biddendum,<code>biddendum</code>,1,0.0001738
578,bifigende,<code>bifigende</code>,1,0.0001738
578,bifigendne,<code>bifigendne</code>,1,0.0001738
578,bigleofum,<code>bigleofum</code>,1,0.0001738
578,bist,<code>bist</code>,1,0.0001738
578,bitt,<code>bitt</code>,1,0.0001738
578,blac,<code>blac</code>,1,0.0001738
578,blacan,<code>blacan</code>,1,0.0001738
578,bletsa,<code>bletsa</code>,1,0.0001738
578,bli&eth;e,<code>bli&amp;d;e</code>,1,0.0001738
578,blindnysse,<code>blindnysse</code>,1,0.0001738
578,blissigende,<code>blissigende</code>,1,0.0001738
578,blissigendum,<code>blissigendum</code>,1,0.0001738
578,bodunge,<code>bodunge</code>,1,0.0001738
578,bre&eth;er,<code>bre&amp;d;er</code>,1,0.0001738
578,bremlum,<code>bremlum</code>,1,0.0001738
578,breoste,<code>breoste</code>,1,0.0001738
578,bro&eth;er,<code>bro&amp;d;er</code>,1,0.0001738
578,broce,<code>broce</code>,1,0.0001738
578,brohte,<code>brohte</code>,1,0.0001738
578,brohton,<code>brohton</code>,1,0.0001738
578,brudon,<code>brudon</code>,1,0.0001738
578,butan,<code>butan</code>,1,0.0001738
578,buteran,<code>buteran</code>,1,0.0001738
578,butrucas,<code>butrucas</code>,1,0.0001738
578,byrgen,<code>byrgen</code>,1,0.0001738
578,byrgenne,<code>byrgenne</code>,1,0.0001738
578,byrgenum,<code>byrgenum</code>,1,0.0001738
578,byrig,<code>byrig</code>,1,0.0001738
578,byrnendum,<code>byrnendum</code>,1,0.0001738
578,c&aelig;ppan,<code>c&amp;ae;ppan</code>,1,0.0001738
578,c&aelig;ppe,<code>c&amp;ae;ppe</code>,1,0.0001738
578,casino,<code>casino</code>,1,0.0001738
578,casinum,<code>casinum</code>,1,0.0001738
578,ceastre,<code>ceastre</code>,1,0.0001738
578,ceorl,<code>ceorl</code>,1,0.0001738
578,ceorles,<code>ceorles</code>,1,0.0001738
578,cepte,<code>cepte</code>,1,0.0001738
578,cepton,<code>cepton</code>,1,0.0001738
578,chaldea,<code>chaldea</code>,1,0.0001738
578,cidenne,<code>cidenne</code>,1,0.0001738
578,cilde,<code>cilde</code>,1,0.0001738
578,cinu,<code>cinu</code>,1,0.0001738
578,cla&eth;,<code>cla&amp;d;</code>,1,0.0001738
578,clud,<code>clud</code>,1,0.0001738
578,cludum,<code>cludum</code>,1,0.0001738
578,clypedon,<code>clypedon</code>,1,0.0001738
578,cnolle,<code>cnolle</code>,1,0.0001738
578,corn,<code>corn</code>,1,0.0001738
578,costnere,<code>costnere</code>,1,0.0001738
578,costnung,<code>costnung</code>,1,0.0001738
578,cristena,<code>cristena</code>,1,0.0001738
578,cristenan,<code>cristenan</code>,1,0.0001738
578,cristenne,<code>cristenne</code>,1,0.0001738
578,cristenra,<code>cristenra</code>,1,0.0001738
578,cucu,<code>cucu</code>,1,0.0001738
578,culfran,<code>culfran</code>,1,0.0001738
578,cuman,<code>cuman</code>,1,0.0001738
578,cwe&eth;st,<code>cwe&amp;d;st</code>,1,0.0001738
578,cwelmb&aelig;ran,<code>cwelmb&amp;ae;ran</code>,1,0.0001738
578,cwelmb&aelig;rum,<code>cwelmb&amp;ae;rum</code>,1,0.0001738
578,cwyde,<code>cwyde</code>,1,0.0001738
578,cwylmde,<code>cwylmde</code>,1,0.0001738
578,cy&eth;ende,<code>cy&amp;d;ende</code>,1,0.0001738
578,cyf,<code>cyf</code>,1,0.0001738
578,cynelicum,<code>cynelicum</code>,1,0.0001738
578,cynerices,<code>cynerices</code>,1,0.0001738
578,cyninge,<code>cyninge</code>,1,0.0001738
578,cyrde,<code>cyrde</code>,1,0.0001738
578,d&aelig;d,<code>d&amp;ae;d</code>,1,0.0001738
578,d&aelig;dbote,<code>d&amp;ae;dbote</code>,1,0.0001738
578,dagas,<code>dagas</code>,1,0.0001738
578,danihele,<code>danihele</code>,1,0.0001738
578,dea&eth;,<code>dea&amp;d;</code>,1,0.0001738
578,dea&eth;e,<code>dea&amp;d;e</code>,1,0.0001738
578,dea&eth;es,<code>dea&amp;d;es</code>,1,0.0001738
578,dead,<code>dead</code>,1,0.0001738
578,deada,<code>deada</code>,1,0.0001738
578,deadan,<code>deadan</code>,1,0.0001738
578,deadb&aelig;ra,<code>deadb&amp;ae;ra</code>,1,0.0001738
578,deadlic,<code>deadlic</code>,1,0.0001738
578,deadlicum,<code>deadlicum</code>,1,0.0001738
578,deadne,<code>deadne</code>,1,0.0001738
578,dearnunga,<code>dearnunga</code>,1,0.0001738
578,delfan,<code>delfan</code>,1,0.0001738
578,deofellican,<code>deofellican</code>,1,0.0001738
578,deofolgild,<code>deofolgild</code>,1,0.0001738
578,deopan,<code>deopan</code>,1,0.0001738
578,deoplice,<code>deoplice</code>,1,0.0001738
578,dihtan,<code>dihtan</code>,1,0.0001738
578,do,<code>do</code>,1,0.0001738
578,dorston,<code>dorston</code>,1,0.0001738
578,draf,<code>draf</code>,1,0.0001738
578,drehte,<code>drehte</code>,1,0.0001738
578,drence,<code>drence</code>,1,0.0001738
578,dreorignysse,<code>dreorignysse</code>,1,0.0001738
578,dreorigum,<code>dreorigum</code>,1,0.0001738
578,drincan,<code>drincan</code>,1,0.0001738
578,drince,<code>drince</code>,1,0.0001738
578,drohtnigendum,<code>drohtnigendum</code>,1,0.0001738
578,drohtnode,<code>drohtnode</code>,1,0.0001738
578,druncon,<code>druncon</code>,1,0.0001738
578,dura,<code>dura</code>,1,0.0001738
578,dydrung,<code>dydrung</code>,1,0.0001738
578,dyrling,<code>dyrling</code>,1,0.0001738
578,dyrstignysse,<code>dyrstignysse</code>,1,0.0001738
578,e&eth;le,<code>e&amp;d;le</code>,1,0.0001738
578,ea,<code>ea</code>,1,0.0001738
578,eagum,<code>eagum</code>,1,0.0001738
578,ealda,<code>ealda</code>,1,0.0001738
578,ealdne,<code>ealdne</code>,1,0.0001738
578,ealdordomes,<code>ealdordomes</code>,1,0.0001738
578,ealdre,<code>ealdre</code>,1,0.0001738
578,ealdum,<code>ealdum</code>,1,0.0001738
578,eallunga,<code>eallunga</code>,1,0.0001738
578,eallunge,<code>eallunge</code>,1,0.0001738
578,ealra,<code>ealra</code>,1,0.0001738
578,earde,<code>earde</code>,1,0.0001738
578,eardigende,<code>eardigende</code>,1,0.0001738
578,earfo&eth;nyssa,<code>earfo&amp;d;nyssa</code>,1,0.0001738
578,eastd&aelig;le,<code>eastd&amp;ae;le</code>,1,0.0001738
578,easterd&aelig;ge,<code>easterd&amp;ae;ge</code>,1,0.0001738
578,eastertide,<code>eastertide</code>,1,0.0001738
578,ecan,<code>ecan</code>,1,0.0001738
578,ecnysse,<code>ecnysse</code>,1,0.0001738
578,efide,<code>efide</code>,1,0.0001738
578,egeslice,<code>egeslice</code>,1,0.0001738
578,ehtnysse,<code>ehtnysse</code>,1,0.0001738
578,ehtst,<code>ehtst</code>,1,0.0001738
578,elcunge,<code>elcunge</code>,1,0.0001738
578,elef&aelig;t,<code>elef&amp;ae;t</code>,1,0.0001738
578,elefantinus,<code>elefantinus</code>,1,0.0001738
578,emtwa,<code>emtwa</code>,1,0.0001738
578,engla,<code>engla</code>,1,0.0001738
578,eor&eth;e,<code>eor&amp;d;e</code>,1,0.0001738
578,eowere,<code>eowere</code>,1,0.0001738
578,eowerum,<code>eowerum</code>,1,0.0001738
578,f&aelig;ce,<code>f&amp;ae;ce</code>,1,0.0001738
578,f&aelig;gere,<code>f&amp;ae;gere</code>,1,0.0001738
578,f&aelig;gnigende,<code>f&amp;ae;gnigende</code>,1,0.0001738
578,f&aelig;stre,<code>f&amp;ae;stre</code>,1,0.0001738
578,f&aelig;telsum,<code>f&amp;ae;telsum</code>,1,0.0001738
578,fagnys,<code>fagnys</code>,1,0.0001738
578,fagnysse,<code>fagnysse</code>,1,0.0001738
578,fah,<code>fah</code>,1,0.0001738
578,far,<code>far</code>,1,0.0001738
578,fare,<code>fare</code>,1,0.0001738
578,feawa,<code>feawa</code>,1,0.0001738
578,fefore,<code>fefore</code>,1,0.0001738
578,feldas,<code>feldas</code>,1,0.0001738
578,feoll,<code>feoll</code>,1,0.0001738
578,feollon,<code>feollon</code>,1,0.0001738
578,feondes,<code>feondes</code>,1,0.0001738
578,feos,<code>feos</code>,1,0.0001738
578,feowertig,<code>feowertig</code>,1,0.0001738
578,feredon,<code>feredon</code>,1,0.0001738
578,ferian,<code>ferian</code>,1,0.0001738
578,ferode,<code>ferode</code>,1,0.0001738
578,fette,<code>fette</code>,1,0.0001738
578,fif,<code>fif</code>,1,0.0001738
578,filigde,<code>filigde</code>,1,0.0001738
578,findan,<code>findan</code>,1,0.0001738
578,fl&aelig;scmettas,<code>fl&amp;ae;scmettas</code>,1,0.0001738
578,fleah,<code>fleah</code>,1,0.0001738
578,fledinge,<code>fledinge</code>,1,0.0001738
578,fleowon,<code>fleowon</code>,1,0.0001738
578,fleringe,<code>fleringe</code>,1,0.0001738
578,flicorode,<code>flicorode</code>,1,0.0001738
578,flore,<code>flore</code>,1,0.0001738
578,florege,<code>florege</code>,1,0.0001738
578,florentius,<code>florentius</code>,1,0.0001738
578,flowenne,<code>flowenne</code>,1,0.0001738
578,fn&aelig;de,<code>fn&amp;ae;de</code>,1,0.0001738
578,focan,<code>focan</code>,1,0.0001738
578,folgode,<code>folgode</code>,1,0.0001738
578,for&eth;faren,<code>for&amp;d;faren</code>,1,0.0001738
578,for&eth;ferede,<code>for&amp;d;ferede</code>,1,0.0001738
578,for&eth;yldegode,<code>for&amp;d;yldegode</code>,1,0.0001738
578,forberan,<code>forberan</code>,1,0.0001738
578,forburne,<code>forburne</code>,1,0.0001738
578,fordon,<code>fordon</code>,1,0.0001738
578,fores&aelig;dum,<code>fores&amp;ae;dum</code>,1,0.0001738
578,forfleah,<code>forfleah</code>,1,0.0001738
578,forgulde,<code>forgulde</code>,1,0.0001738
578,forhtmode,<code>forhtmode</code>,1,0.0001738
578,forlet,<code>forlet</code>,1,0.0001738
578,forn,<code>forn</code>,1,0.0001738
578,forridel,<code>forridel</code>,1,0.0001738
578,forseah,<code>forseah</code>,1,0.0001738
578,forswelgan,<code>forswelgan</code>,1,0.0001738
578,forswulge,<code>forswulge</code>,1,0.0001738
578,forwyrde,<code>forwyrde</code>,1,0.0001738
578,forwyrnde,<code>forwyrnde</code>,1,0.0001738
578,fostormoder,<code>fostormoder</code>,1,0.0001738
578,fotswa&eth;um,<code>fotswa&amp;d;um</code>,1,0.0001738
578,framf&aelig;res,<code>framf&amp;ae;res</code>,1,0.0001738
578,francena,<code>francena</code>,1,0.0001738
578,frecednys,<code>frecednys</code>,1,0.0001738
578,frecednysse,<code>frecednysse</code>,1,0.0001738
578,fruman,<code>fruman</code>,1,0.0001738
578,fula,<code>fula</code>,1,0.0001738
578,fulluhtere,<code>fulluhtere</code>,1,0.0001738
578,fulluhteres,<code>fulluhteres</code>,1,0.0001738
578,fultum,<code>fultum</code>,1,0.0001738
578,fus,<code>fus</code>,1,0.0001738
578,fylste,<code>fylste</code>,1,0.0001738
578,fyre,<code>fyre</code>,1,0.0001738
578,fyrlenum,<code>fyrlenum</code>,1,0.0001738
578,ga&eth;,<code>ga&amp;d;</code>,1,0.0001738
578,gallic,<code>gallic</code>,1,0.0001738
578,galnysse,<code>galnysse</code>,1,0.0001738
578,gange,<code>gange</code>,1,0.0001738
578,ge&aelig;ttrodan,<code>ge&amp;ae;ttrodan</code>,1,0.0001738
578,ge&eth;inc&eth;e,<code>ge&amp;d;inc&amp;d;e</code>,1,0.0001738
578,ge&eth;uhte,<code>ge&amp;d;uhte</code>,1,0.0001738
578,ge&eth;w&aelig;rl&aelig;can,<code>ge&amp;d;w&amp;ae;rl&amp;ae;can</code>,1,0.0001738
578,geangsumode,<code>geangsumode</code>,1,0.0001738
578,geare,<code>geare</code>,1,0.0001738
578,gearum,<code>gearum</code>,1,0.0001738
578,geaxian,<code>geaxian</code>,1,0.0001738
578,geb&aelig;d,<code>geb&amp;ae;d</code>,1,0.0001738
578,geb&aelig;r,<code>geb&amp;ae;r</code>,1,0.0001738
578,geband,<code>geband</code>,1,0.0001738
578,gebedhus,<code>gebedhus</code>,1,0.0001738
578,gebedhuse,<code>gebedhuse</code>,1,0.0001738
578,gebeodan,<code>gebeodan</code>,1,0.0001738
578,geboren,<code>geboren</code>,1,0.0001738
578,gebricgod,<code>gebricgod</code>,1,0.0001738
578,gebro&eth;um,<code>gebro&amp;d;um</code>,1,0.0001738
578,gebrohte,<code>gebrohte</code>,1,0.0001738
578,gebundenan,<code>gebundenan</code>,1,0.0001738
578,gebysmrian,<code>gebysmrian</code>,1,0.0001738
578,gebytlu,<code>gebytlu</code>,1,0.0001738
578,gebytlungum,<code>gebytlungum</code>,1,0.0001738
578,gecn&aelig;we,<code>gecn&amp;ae;we</code>,1,0.0001738
578,gecom,<code>gecom</code>,1,0.0001738
578,gecw&aelig;&eth;,<code>gecw&amp;ae;&amp;d;</code>,1,0.0001738
578,gecyd,<code>gecyd</code>,1,0.0001738
578,gecyrr,<code>gecyrr</code>,1,0.0001738
578,gecyrran,<code>gecyrran</code>,1,0.0001738
578,ged&aelig;led,<code>ged&amp;ae;led</code>,1,0.0001738
578,gedafenlicum,<code>gedafenlicum</code>,1,0.0001738
578,gedihtan,<code>gedihtan</code>,1,0.0001738
578,gedreht,<code>gedreht</code>,1,0.0001738
578,gedrehte,<code>gedrehte</code>,1,0.0001738
578,gedrehton,<code>gedrehton</code>,1,0.0001738
578,gedwolman,<code>gedwolman</code>,1,0.0001738
578,gedwymorlicum,<code>gedwymorlicum</code>,1,0.0001738
578,gedyde,<code>gedyde</code>,1,0.0001738
578,gedyrstl&aelig;hst,<code>gedyrstl&amp;ae;hst</code>,1,0.0001738
578,gedyrum,<code>gedyrum</code>,1,0.0001738
578,geearnode,<code>geearnode</code>,1,0.0001738
578,geearnungum,<code>geearnungum</code>,1,0.0001738
578,geendebyrdlice,<code>geendebyrdlice</code>,1,0.0001738
578,gefadedon,<code>gefadedon</code>,1,0.0001738
578,gefean,<code>gefean</code>,1,0.0001738
578,geferod,<code>geferod</code>,1,0.0001738
578,geferum,<code>geferum</code>,1,0.0001738
578,gefette,<code>gefette</code>,1,0.0001738
578,gefon,<code>gefon</code>,1,0.0001738
578,gefredde,<code>gefredde</code>,1,0.0001738
578,gefrefrian,<code>gefrefrian</code>,1,0.0001738
578,gefremede,<code>gefremede</code>,1,0.0001738
578,gefri&eth;ode,<code>gefri&amp;d;ode</code>,1,0.0001738
578,gefylled,<code>gefylled</code>,1,0.0001738
578,gegaderodon,<code>gegaderodon</code>,1,0.0001738
578,gegan,<code>gegan</code>,1,0.0001738
578,geh&aelig;lde,<code>geh&amp;ae;lde</code>,1,0.0001738
578,gehalgod,<code>gehalgod</code>,1,0.0001738
578,gehathyrt,<code>gehathyrt</code>,1,0.0001738
578,gehealdan,<code>gehealdan</code>,1,0.0001738
578,gehende,<code>gehende</code>,1,0.0001738
578,gehendor,<code>gehendor</code>,1,0.0001738
578,geheold,<code>geheold</code>,1,0.0001738
578,gehiwod,<code>gehiwod</code>,1,0.0001738
578,gehrepode,<code>gehrepode</code>,1,0.0001738
578,gehuslian,<code>gehuslian</code>,1,0.0001738
578,gehw&aelig;dan,<code>gehw&amp;ae;dan</code>,1,0.0001738
578,gehw&aelig;dne,<code>gehw&amp;ae;dne</code>,1,0.0001738
578,gehw&aelig;r,<code>gehw&amp;ae;r</code>,1,0.0001738
578,gehwa,<code>gehwa</code>,1,0.0001738
578,gehyran,<code>gehyran</code>,1,0.0001738
578,gehyrdon,<code>gehyrdon</code>,1,0.0001738
578,gehyrenne,<code>gehyrenne</code>,1,0.0001738
578,gehyrsum,<code>gehyrsum</code>,1,0.0001738
578,gehyrsumnysse,<code>gehyrsumnysse</code>,1,0.0001738
578,gel&aelig;d,<code>gel&amp;ae;d</code>,1,0.0001738
578,gel&aelig;redum,<code>gel&amp;ae;redum</code>,1,0.0001738
578,gela&eth;ode,<code>gela&amp;d;ode</code>,1,0.0001738
578,gela&eth;unge,<code>gela&amp;d;unge</code>,1,0.0001738
578,gelamp,<code>gelamp</code>,1,0.0001738
578,geleafful,<code>geleafful</code>,1,0.0001738
578,gelette,<code>gelette</code>,1,0.0001738
578,geletton,<code>geletton</code>,1,0.0001738
578,gelic,<code>gelic</code>,1,0.0001738
578,gelimpan,<code>gelimpan</code>,1,0.0001738
578,gelomlice,<code>gelomlice</code>,1,0.0001738
578,gem&aelig;nged,<code>gem&amp;ae;nged</code>,1,0.0001738
578,gemacode,<code>gemacode</code>,1,0.0001738
578,gemaglicum,<code>gemaglicum</code>,1,0.0001738
578,gemahlice,<code>gemahlice</code>,1,0.0001738
578,gemanod,<code>gemanod</code>,1,0.0001738
578,gemearcode,<code>gemearcode</code>,1,0.0001738
578,gemencged,<code>gemencged</code>,1,0.0001738
578,gemengdon,<code>gemengdon</code>,1,0.0001738
578,gemet,<code>gemet</code>,1,0.0001738
578,gemyndleas,<code>gemyndleas</code>,1,0.0001738
578,genam,<code>genam</code>,1,0.0001738
578,geneal&aelig;c,<code>geneal&amp;ae;c</code>,1,0.0001738
578,geneal&aelig;can,<code>geneal&amp;ae;can</code>,1,0.0001738
578,geneal&aelig;ce,<code>geneal&amp;ae;ce</code>,1,0.0001738
578,geneal&aelig;hte,<code>geneal&amp;ae;hte</code>,1,0.0001738
578,genemnode,<code>genemnode</code>,1,0.0001738
578,geneosode,<code>geneosode</code>,1,0.0001738
578,geneosodon,<code>geneosodon</code>,1,0.0001738
578,genihtsumnysse,<code>genihtsumnysse</code>,1,0.0001738
578,geopenian,<code>geopenian</code>,1,0.0001738
578,georne,<code>georne</code>,1,0.0001738
578,gereccan,<code>gereccan</code>,1,0.0001738
578,gereccenne,<code>gereccenne</code>,1,0.0001738
578,gereordodon,<code>gereordodon</code>,1,0.0001738
578,gereste,<code>gereste</code>,1,0.0001738
578,gereston,<code>gereston</code>,1,0.0001738
578,gerihtl&aelig;ca&eth;,<code>gerihtl&amp;ae;ca&amp;d;</code>,1,0.0001738
578,germanus,<code>germanus</code>,1,0.0001738
578,ges&aelig;lig,<code>ges&amp;ae;lig</code>,1,0.0001738
578,ges&aelig;t,<code>ges&amp;ae;t</code>,1,0.0001738
578,gesceade,<code>gesceade</code>,1,0.0001738
578,gesceaft,<code>gesceaft</code>,1,0.0001738
578,gesceafta,<code>gesceafta</code>,1,0.0001738
578,gescrydne,<code>gescrydne</code>,1,0.0001738
578,geseald,<code>geseald</code>,1,0.0001738
578,geseonde,<code>geseonde</code>,1,0.0001738
578,geset,<code>geset</code>,1,0.0001738
578,gesette,<code>gesette</code>,1,0.0001738
578,gesewene,<code>gesewene</code>,1,0.0001738
578,gesihst,<code>gesihst</code>,1,0.0001738
578,geslegen,<code>geslegen</code>,1,0.0001738
578,gesloh,<code>gesloh</code>,1,0.0001738
578,gesohte,<code>gesohte</code>,1,0.0001738
578,gesohton,<code>gesohton</code>,1,0.0001738
578,gesta&eth;olode,<code>gesta&amp;d;olode</code>,1,0.0001738
578,gesthuse,<code>gesthuse</code>,1,0.0001738
578,gesw&aelig;slice,<code>gesw&amp;ae;slice</code>,1,0.0001738
578,geswenct,<code>geswenct</code>,1,0.0001738
578,geswic,<code>geswic</code>,1,0.0001738
578,geswice,<code>geswice</code>,1,0.0001738
578,getimbrode,<code>getimbrode</code>,1,0.0001738
578,getimbrunge,<code>getimbrunge</code>,1,0.0001738
578,getimbrungum,<code>getimbrungum</code>,1,0.0001738
578,getote,<code>getote</code>,1,0.0001738
578,gewearp,<code>gewearp</code>,1,0.0001738
578,gewende,<code>gewende</code>,1,0.0001738
578,gewicnode,<code>gewicnode</code>,1,0.0001738
578,gewidm&aelig;rsod,<code>gewidm&amp;ae;rsod</code>,1,0.0001738
578,gewislice,<code>gewislice</code>,1,0.0001738
578,gewisslice,<code>gewisslice</code>,1,0.0001738
578,gewitan,<code>gewitan</code>,1,0.0001738
578,gewite,<code>gewite</code>,1,0.0001738
578,gewitegode,<code>gewitegode</code>,1,0.0001738
578,gewittig,<code>gewittig</code>,1,0.0001738
578,gewunan,<code>gewunan</code>,1,0.0001738
578,gewunod,<code>gewunod</code>,1,0.0001738
578,gewunode,<code>gewunode</code>,1,0.0001738
578,gewur&eth;an,<code>gewur&amp;d;an</code>,1,0.0001738
578,gewur&eth;od,<code>gewur&amp;d;od</code>,1,0.0001738
578,gewurde,<code>gewurde</code>,1,0.0001738
578,gife,<code>gife</code>,1,0.0001738
578,gl&aelig;dum,<code>gl&amp;ae;dum</code>,1,0.0001738
578,gl&aelig;senan,<code>gl&amp;ae;senan</code>,1,0.0001738
578,gl&aelig;senum,<code>gl&amp;ae;senum</code>,1,0.0001738
578,godcundlican,<code>godcundlican</code>,1,0.0001738
578,godum,<code>godum</code>,1,0.0001738
578,gregorius,<code>gregorius</code>,1,0.0001738
578,grundlunge,<code>grundlunge</code>,1,0.0001738
578,gyltes,<code>gyltes</code>,1,0.0001738
578,gymde,<code>gymde</code>,1,0.0001738
578,gynigendum,<code>gynigendum</code>,1,0.0001738
578,gyrelan,<code>gyrelan</code>,1,0.0001738
578,gyrelum,<code>gyrelum</code>,1,0.0001738
578,gyrlan,<code>gyrlan</code>,1,0.0001738
578,gyte,<code>gyte</code>,1,0.0001738
578,gytsunge,<code>gytsunge</code>,1,0.0001738
578,h&aelig;&eth;ene,<code>h&amp;ae;&amp;d;ene</code>,1,0.0001738
578,h&aelig;&eth;engild,<code>h&amp;ae;&amp;d;engild</code>,1,0.0001738
578,h&aelig;fst,<code>h&amp;ae;fst</code>,1,0.0001738
578,h&aelig;l&eth;e,<code>h&amp;ae;l&amp;d;e</code>,1,0.0001738
578,h&aelig;rum,<code>h&amp;ae;rum</code>,1,0.0001738
578,h&aelig;s,<code>h&amp;ae;s</code>,1,0.0001738
578,h&aelig;sum,<code>h&amp;ae;sum</code>,1,0.0001738
578,habba&eth;,<code>habba&amp;d;</code>,1,0.0001738
578,had,<code>had</code>,1,0.0001738
578,hafenleas,<code>hafenleas</code>,1,0.0001738
578,hafenleasa,<code>hafenleasa</code>,1,0.0001738
578,hafenleast,<code>hafenleast</code>,1,0.0001738
578,hafenleaste,<code>hafenleaste</code>,1,0.0001738
578,hafenleasum,<code>hafenleasum</code>,1,0.0001738
578,halgena,<code>halgena</code>,1,0.0001738
578,haligne,<code>haligne</code>,1,0.0001738
578,handbredu,<code>handbredu</code>,1,0.0001738
578,handlunge,<code>handlunge</code>,1,0.0001738
578,hata&eth;,<code>hata&amp;d;</code>,1,0.0001738
578,heafde,<code>heafde</code>,1,0.0001738
578,healf,<code>healf</code>,1,0.0001738
578,healfe,<code>healfe</code>,1,0.0001738
578,healicum,<code>healicum</code>,1,0.0001738
578,heannysse,<code>heannysse</code>,1,0.0001738
578,heardan,<code>heardan</code>,1,0.0001738
578,hearmcwydole,<code>hearmcwydole</code>,1,0.0001738
578,hefe,<code>hefe</code>,1,0.0001738
578,heofenlican,<code>heofenlican</code>,1,0.0001738
578,heofonan,<code>heofonan</code>,1,0.0001738
578,heofonlican,<code>heofonlican</code>,1,0.0001738
578,heofonlicum,<code>heofonlicum</code>,1,0.0001738
578,heofungum,<code>heofungum</code>,1,0.0001738
578,heononfor&eth;,<code>heononfor&amp;d;</code>,1,0.0001738
578,herigendlice,<code>herigendlice</code>,1,0.0001738
578,herunga,<code>herunga</code>,1,0.0001738
578,herungum,<code>herungum</code>,1,0.0001738
578,hiw,<code>hiw</code>,1,0.0001738
578,hladende,<code>hladende</code>,1,0.0001738
578,hlafas,<code>hlafas</code>,1,0.0001738
578,hlafe,<code>hlafe</code>,1,0.0001738
578,hlaforde,<code>hlaforde</code>,1,0.0001738
578,hneccan,<code>hneccan</code>,1,0.0001738
578,holodon,<code>holodon</code>,1,0.0001738
578,hreame,<code>hreame</code>,1,0.0001738
578,hrem,<code>hrem</code>,1,0.0001738
578,hremme,<code>hremme</code>,1,0.0001738
578,hriddores,<code>hriddores</code>,1,0.0001738
578,hrofe,<code>hrofe</code>,1,0.0001738
578,hryre,<code>hryre</code>,1,0.0001738
578,hund,<code>hund</code>,1,0.0001738
578,hungergeare,<code>hungergeare</code>,1,0.0001738
578,hungor,<code>hungor</code>,1,0.0001738
578,hungrian,<code>hungrian</code>,1,0.0001738
578,hus,<code>hus</code>,1,0.0001738
578,huse,<code>huse</code>,1,0.0001738
578,huselganges,<code>huselganges</code>,1,0.0001738
578,husle,<code>husle</code>,1,0.0001738
578,hw&aelig;nne,<code>hw&amp;ae;nne</code>,1,0.0001738
578,hw&aelig;thwega,<code>hw&amp;ae;thwega</code>,1,0.0001738
578,hwa,<code>hwa</code>,1,0.0001738
578,hwider,<code>hwider</code>,1,0.0001738
578,hwilc,<code>hwilc</code>,1,0.0001738
578,hwile,<code>hwile</code>,1,0.0001738
578,hwilon,<code>hwilon</code>,1,0.0001738
578,hwitle,<code>hwitle</code>,1,0.0001738
578,hwitum,<code>hwitum</code>,1,0.0001738
578,hwonlice,<code>hwonlice</code>,1,0.0001738
578,hwyccan,<code>hwyccan</code>,1,0.0001738
578,hwylce,<code>hwylce</code>,1,0.0001738
578,hyddest,<code>hyddest</code>,1,0.0001738
578,hyde,<code>hyde</code>,1,0.0001738
578,hyrdemannum,<code>hyrdemannum</code>,1,0.0001738
578,hyre,<code>hyre</code>,1,0.0001738
578,igd&aelig;ges,<code>igd&amp;ae;ges</code>,1,0.0001738
578,inc,<code>inc</code>,1,0.0001738
578,inne,<code>inne</code>,1,0.0001738
578,inneode,<code>inneode</code>,1,0.0001738
578,inran,<code>inran</code>,1,0.0001738
578,iohanne,<code>iohanne</code>,1,0.0001738
578,iohannes,<code>iohannes</code>,1,0.0001738
578,isen,<code>isen</code>,1,0.0001738
578,iu,<code>iu</code>,1,0.0001738
578,iudea,<code>iudea</code>,1,0.0001738
578,kalendas,<code>kalendas</code>,1,0.0001738
578,kycenan,<code>kycenan</code>,1,0.0001738
578,l&aelig;ddon,<code>l&amp;ae;ddon</code>,1,0.0001738
578,lac,<code>lac</code>,1,0.0001738
578,lacum,<code>lacum</code>,1,0.0001738
578,lange,<code>lange</code>,1,0.0001738
578,langlice,<code>langlice</code>,1,0.0001738
578,langsume,<code>langsume</code>,1,0.0001738
578,langsumere,<code>langsumere</code>,1,0.0001738
578,langum,<code>langum</code>,1,0.0001738
578,lareowdomes,<code>lareowdomes</code>,1,0.0001738
578,leaslicum,<code>leaslicum</code>,1,0.0001738
578,lecga&eth;,<code>lecga&amp;d;</code>,1,0.0001738
578,leden,<code>leden</code>,1,0.0001738
578,legeres,<code>legeres</code>,1,0.0001738
578,leof,<code>leof</code>,1,0.0001738
578,leofan,<code>leofan</code>,1,0.0001738
578,leofode,<code>leofode</code>,1,0.0001738
578,leohtfatum,<code>leohtfatum</code>,1,0.0001738
578,leohtlice,<code>leohtlice</code>,1,0.0001738
578,leoman,<code>leoman</code>,1,0.0001738
578,leonum,<code>leonum</code>,1,0.0001738
578,leorningcild,<code>leorningcild</code>,1,0.0001738
578,licgan,<code>licgan</code>,1,0.0001738
578,licgende,<code>licgende</code>,1,0.0001738
578,lichama,<code>lichama</code>,1,0.0001738
578,lichamlic,<code>lichamlic</code>,1,0.0001738
578,lichamlican,<code>lichamlican</code>,1,0.0001738
578,lichamlicne,<code>lichamlicne</code>,1,0.0001738
578,ligenum,<code>ligenum</code>,1,0.0001738
578,liget,<code>liget</code>,1,0.0001738
578,lima,<code>lima</code>,1,0.0001738
578,limum,<code>limum</code>,1,0.0001738
578,loccum,<code>loccum</code>,1,0.0001738
578,lof,<code>lof</code>,1,0.0001738
578,lofe,<code>lofe</code>,1,0.0001738
578,lofsangum,<code>lofsangum</code>,1,0.0001738
578,losian,<code>losian</code>,1,0.0001738
578,lustb&aelig;re,<code>lustb&amp;ae;re</code>,1,0.0001738
578,lybban,<code>lybban</code>,1,0.0001738
578,lyfte,<code>lyfte</code>,1,0.0001738
578,lytlan,<code>lytlan</code>,1,0.0001738
578,lytle,<code>lytle</code>,1,0.0001738
578,m&aelig;den,<code>m&amp;ae;den</code>,1,0.0001738
578,m&aelig;g&eth;e,<code>m&amp;ae;g&amp;d;e</code>,1,0.0001738
578,m&aelig;g&eth;hade,<code>m&amp;ae;g&amp;d;hade</code>,1,0.0001738
578,m&aelig;nsumunge,<code>m&amp;ae;nsumunge</code>,1,0.0001738
578,m&aelig;r&eth;a,<code>m&amp;ae;r&amp;d;a</code>,1,0.0001738
578,m&aelig;ran,<code>m&amp;ae;ran</code>,1,0.0001738
578,m&aelig;ssepreost,<code>m&amp;ae;ssepreost</code>,1,0.0001738
578,m&aelig;ssepreoste,<code>m&amp;ae;ssepreoste</code>,1,0.0001738
578,m&aelig;ssian,<code>m&amp;ae;ssian</code>,1,0.0001738
578,m&aelig;stan,<code>m&amp;ae;stan</code>,1,0.0001738
578,mage,<code>mage</code>,1,0.0001738
578,maledicte,<code>maledicte</code>,1,0.0001738
578,manegum,<code>manegum</code>,1,0.0001738
578,mannan,<code>mannan</code>,1,0.0001738
578,mannum,<code>mannum</code>,1,0.0001738
578,manode,<code>manode</code>,1,0.0001738
578,martine,<code>martine</code>,1,0.0001738
578,mearcode,<code>mearcode</code>,1,0.0001738
578,meder,<code>meder</code>,1,0.0001738
578,meluwes,<code>meluwes</code>,1,0.0001738
578,mercelse,<code>mercelse</code>,1,0.0001738
578,micclan,<code>micclan</code>,1,0.0001738
578,micele,<code>micele</code>,1,0.0001738
578,micelne,<code>micelne</code>,1,0.0001738
578,middan,<code>middan</code>,1,0.0001738
578,miltsige,<code>miltsige</code>,1,0.0001738
578,mislicum,<code>mislicum</code>,1,0.0001738
578,mittan,<code>mittan</code>,1,0.0001738
578,modigian,<code>modigian</code>,1,0.0001738
578,morbus,<code>morbus</code>,1,0.0001738
578,moste,<code>moste</code>,1,0.0001738
578,muneca,<code>muneca</code>,1,0.0001738
578,munece,<code>munece</code>,1,0.0001738
578,munecum,<code>munecum</code>,1,0.0001738
578,muntes,<code>muntes</code>,1,0.0001738
578,muntum,<code>muntum</code>,1,0.0001738
578,munuces,<code>munuces</code>,1,0.0001738
578,munuchades,<code>munuchades</code>,1,0.0001738
578,munuclicum,<code>munuclicum</code>,1,0.0001738
578,mynecene,<code>mynecene</code>,1,0.0001738
578,mynecynu,<code>mynecynu</code>,1,0.0001738
578,mynsterlicum,<code>mynsterlicum</code>,1,0.0001738
578,mynstermunecas,<code>mynstermunecas</code>,1,0.0001738
578,mynstermunecum,<code>mynstermunecum</code>,1,0.0001738
578,mynstra,<code>mynstra</code>,1,0.0001738
578,mynstreand,<code>mynstreand</code>,1,0.0001738
578,mynstru,<code>mynstru</code>,1,0.0001738
578,mynstrum,<code>mynstrum</code>,1,0.0001738
578,n&aelig;ddre,<code>n&amp;ae;ddre</code>,1,0.0001738
578,n&aelig;fdon,<code>n&amp;ae;fdon</code>,1,0.0001738
578,n&aelig;re,<code>n&amp;ae;re</code>,1,0.0001738
578,nacode,<code>nacode</code>,1,0.0001738
578,naht,<code>naht</code>,1,0.0001738
578,name,<code>name</code>,1,0.0001738
578,nanes,<code>nanes</code>,1,0.0001738
578,nanre,<code>nanre</code>,1,0.0001738
578,nanum,<code>nanum</code>,1,0.0001738
578,nearowe,<code>nearowe</code>,1,0.0001738
578,nearu,<code>nearu</code>,1,0.0001738
578,neawiste,<code>neawiste</code>,1,0.0001738
578,neode,<code>neode</code>,1,0.0001738
578,netelum,<code>netelum</code>,1,0.0001738
578,ni&eth;e,<code>ni&amp;d;e</code>,1,0.0001738
578,ni&eth;erlican,<code>ni&amp;d;erlican</code>,1,0.0001738
578,ni&eth;fulla,<code>ni&amp;d;fulla</code>,1,0.0001738
578,ni&eth;fullan,<code>ni&amp;d;fullan</code>,1,0.0001738
578,nigon,<code>nigon</code>,1,0.0001738
578,nihtum,<code>nihtum</code>,1,0.0001738
578,nis,<code>nis</code>,1,0.0001738
578,niwan,<code>niwan</code>,1,0.0001738
578,noldest,<code>noldest</code>,1,0.0001738
578,non,<code>non</code>,1,0.0001738
578,nyston,<code>nyston</code>,1,0.0001738
578,nytennysse,<code>nytennysse</code>,1,0.0001738
578,of&eth;rihte,<code>of&amp;d;rihte</code>,1,0.0001738
578,ofclypode,<code>ofclypode</code>,1,0.0001738
578,ofeletan,<code>ofeletan</code>,1,0.0001738
578,oferhydige,<code>oferhydige</code>,1,0.0001738
578,oferseah,<code>oferseah</code>,1,0.0001738
578,oferseon,<code>oferseon</code>,1,0.0001738
578,oferstih&eth;,<code>oferstih&amp;d;</code>,1,0.0001738
578,oferswi&eth;de,<code>oferswi&amp;d;de</code>,1,0.0001738
578,oferwrogen,<code>oferwrogen</code>,1,0.0001738
578,ofgan,<code>ofgan</code>,1,0.0001738
578,ofgeotan,<code>ofgeotan</code>,1,0.0001738
578,oflangod,<code>oflangod</code>,1,0.0001738
578,ofseah,<code>ofseah</code>,1,0.0001738
578,ofsettan,<code>ofsettan</code>,1,0.0001738
578,olle,<code>olle</code>,1,0.0001738
578,ongeat,<code>ongeat</code>,1,0.0001738
578,ongunnon,<code>ongunnon</code>,1,0.0001738
578,oninnan,<code>oninnan</code>,1,0.0001738
578,onscunigenne,<code>onscunigenne</code>,1,0.0001738
578,ontend,<code>ontend</code>,1,0.0001738
578,ontendnys,<code>ontendnys</code>,1,0.0001738
578,openlicere,<code>openlicere</code>,1,0.0001738
578,orm&aelig;ta,<code>orm&amp;ae;ta</code>,1,0.0001738
578,orm&aelig;tan,<code>orm&amp;ae;tan</code>,1,0.0001738
578,orm&aelig;tnysse,<code>orm&amp;ae;tnysse</code>,1,0.0001738
578,orm&aelig;tre,<code>orm&amp;ae;tre</code>,1,0.0001738
578,p&aelig;llum,<code>p&amp;ae;llum</code>,1,0.0001738
578,placide,<code>placide</code>,1,0.0001738
578,placidum,<code>placidum</code>,1,0.0001738
578,plegan,<code>plegan</code>,1,0.0001738
578,plegende,<code>plegende</code>,1,0.0001738
578,preostes,<code>preostes</code>,1,0.0001738
578,preosthades,<code>preosthades</code>,1,0.0001738
578,profost,<code>profost</code>,1,0.0001738
578,profoste,<code>profoste</code>,1,0.0001738
578,pytt,<code>pytt</code>,1,0.0001738
578,r&aelig;ddan,<code>r&amp;ae;ddan</code>,1,0.0001738
578,ra&eth;or,<code>ra&amp;d;or</code>,1,0.0001738
578,re&eth;an,<code>re&amp;d;an</code>,1,0.0001738
578,re&eth;e,<code>re&amp;d;e</code>,1,0.0001738
578,regole,<code>regole</code>,1,0.0001738
578,regollice,<code>regollice</code>,1,0.0001738
578,rehte,<code>rehte</code>,1,0.0001738
578,reoflium,<code>reoflium</code>,1,0.0001738
578,resta&eth;,<code>resta&amp;d;</code>,1,0.0001738
578,ricene,<code>ricene</code>,1,0.0001738
578,ridendum,<code>ridendum</code>,1,0.0001738
578,riggon,<code>riggon</code>,1,0.0001738
578,rihtwisnysse,<code>rihtwisnysse</code>,1,0.0001738
578,rixa&eth;,<code>rixa&amp;d;</code>,1,0.0001738
578,rixast,<code>rixast</code>,1,0.0001738
578,rixode,<code>rixode</code>,1,0.0001738
578,ryne,<code>ryne</code>,1,0.0001738
578,s&aelig;,<code>s&amp;ae;</code>,1,0.0001738
578,s&aelig;don,<code>s&amp;ae;don</code>,1,0.0001738
578,s&aelig;le,<code>s&amp;ae;le</code>,1,0.0001738
578,s&aelig;t,<code>s&amp;ae;t</code>,1,0.0001738
578,s&aelig;ton,<code>s&amp;ae;ton</code>,1,0.0001738
578,samod,<code>samod</code>,1,0.0001738
578,sancte,<code>sancte</code>,1,0.0001738
578,sancti,<code>sancti</code>,1,0.0001738
578,sanda,<code>sanda</code>,1,0.0001738
578,sarlice,<code>sarlice</code>,1,0.0001738
578,sawla,<code>sawla</code>,1,0.0001738
578,sceacan,<code>sceacan</code>,1,0.0001738
578,sceame,<code>sceame</code>,1,0.0001738
578,sceoc,<code>sceoc</code>,1,0.0001738
578,sceoldest,<code>sceoldest</code>,1,0.0001738
578,sceolon,<code>sceolon</code>,1,0.0001738
578,scolastica,<code>scolastica</code>,1,0.0001738
578,scolastican,<code>scolastican</code>,1,0.0001738
578,scortnysse,<code>scortnysse</code>,1,0.0001738
578,scr&aelig;f,<code>scr&amp;ae;f</code>,1,0.0001738
578,scylcena,<code>scylcena</code>,1,0.0001738
578,scyppend,<code>scyppend</code>,1,0.0001738
578,sea&eth;e,<code>sea&amp;d;e</code>,1,0.0001738
578,seca&eth;,<code>seca&amp;d;</code>,1,0.0001738
578,secge,<code>secge</code>,1,0.0001738
578,seg&eth;,<code>seg&amp;d;</code>,1,0.0001738
578,seglast,<code>seglast</code>,1,0.0001738
578,setle,<code>setle</code>,1,0.0001738
578,si&eth;,<code>si&amp;d;</code>,1,0.0001738
578,si&eth;e,<code>si&amp;d;e</code>,1,0.0001738
578,sibbe,<code>sibbe</code>,1,0.0001738
578,singalre,<code>singalre</code>,1,0.0001738
578,sittan,<code>sittan</code>,1,0.0001738
578,sittende,<code>sittende</code>,1,0.0001738
578,sitton,<code>sitton</code>,1,0.0001738
578,sixtan,<code>sixtan</code>,1,0.0001738
578,sloh,<code>sloh</code>,1,0.0001738
578,smea&eth;ancellice,<code>smea&amp;d;ancellice</code>,1,0.0001738
578,smeagan,<code>smeagan</code>,1,0.0001738
578,smealice,<code>smealice</code>,1,0.0001738
578,sn&aelig;d,<code>sn&amp;ae;d</code>,1,0.0001738
578,so&eth;an,<code>so&amp;d;an</code>,1,0.0001738
578,spr&aelig;ce,<code>spr&amp;ae;ce</code>,1,0.0001738
578,spr&aelig;con,<code>spr&amp;ae;con</code>,1,0.0001738
578,sprang,<code>sprang</code>,1,0.0001738
578,st&aelig;&eth;e,<code>st&amp;ae;&amp;d;e</code>,1,0.0001738
578,standende,<code>standende</code>,1,0.0001738
578,stane,<code>stane</code>,1,0.0001738
578,stemne,<code>stemne</code>,1,0.0001738
578,sti&eth;licum,<code>sti&amp;d;licum</code>,1,0.0001738
578,stica&eth;,<code>stica&amp;d;</code>,1,0.0001738
578,sticcu,<code>sticcu</code>,1,0.0001738
578,stille,<code>stille</code>,1,0.0001738
578,stodon,<code>stodon</code>,1,0.0001738
578,storm,<code>storm</code>,1,0.0001738
578,stowum,<code>stowum</code>,1,0.0001738
578,strangum,<code>strangum</code>,1,0.0001738
578,stream,<code>stream</code>,1,0.0001738
578,streamrynes,<code>streamrynes</code>,1,0.0001738
578,stuntum,<code>stuntum</code>,1,0.0001738
578,subdiacon,<code>subdiacon</code>,1,0.0001738
578,sublacus,<code>sublacus</code>,1,0.0001738
578,sumere,<code>sumere</code>,1,0.0001738
578,sumon,<code>sumon</code>,1,0.0001738
578,suna,<code>suna</code>,1,0.0001738
578,suwade,<code>suwade</code>,1,0.0001738
578,sw&aelig;rlicum,<code>sw&amp;ae;rlicum</code>,1,0.0001738
578,sw&aelig;tende,<code>sw&amp;ae;tende</code>,1,0.0001738
578,sweg,<code>sweg</code>,1,0.0001738
578,swerigende,<code>swerigende</code>,1,0.0001738
578,swigan,<code>swigan</code>,1,0.0001738
578,swilc,<code>swilc</code>,1,0.0001738
578,swilcere,<code>swilcere</code>,1,0.0001738
578,swilcne,<code>swilcne</code>,1,0.0001738
578,swurdboran,<code>swurdboran</code>,1,0.0001738
578,swustor,<code>swustor</code>,1,0.0001738
578,swutellice,<code>swutellice</code>,1,0.0001738
578,swyftilice,<code>swyftilice</code>,1,0.0001738
578,swyftne,<code>swyftne</code>,1,0.0001738
578,swyftum,<code>swyftum</code>,1,0.0001738
578,swyltst,<code>swyltst</code>,1,0.0001738
578,swymmende,<code>swymmende</code>,1,0.0001738
578,sylfe,<code>sylfe</code>,1,0.0001738
578,sylfes,<code>sylfes</code>,1,0.0001738
578,sylfwilles,<code>sylfwilles</code>,1,0.0001738
578,syllenne,<code>syllenne</code>,1,0.0001738
578,synna,<code>synna</code>,1,0.0001738
578,synne,<code>synne</code>,1,0.0001738
578,tacn,<code>tacn</code>,1,0.0001738
578,teah,<code>teah</code>,1,0.0001738
578,tealde,<code>tealde</code>,1,0.0001738
578,teonan,<code>teonan</code>,1,0.0001738
578,teonfullum,<code>teonfullum</code>,1,0.0001738
578,teorung,<code>teorung</code>,1,0.0001738
578,thesalla,<code>thesalla</code>,1,0.0001738
578,ti&eth;ian,<code>ti&amp;d;ian</code>,1,0.0001738
578,tida,<code>tida</code>,1,0.0001738
578,tidsangas,<code>tidsangas</code>,1,0.0001738
578,tidsange,<code>tidsange</code>,1,0.0001738
578,tidum,<code>tidum</code>,1,0.0001738
578,timbrian,<code>timbrian</code>,1,0.0001738
578,tintregena,<code>tintregena</code>,1,0.0001738
578,toberstan,<code>toberstan</code>,1,0.0001738
578,tobr&aelig;con,<code>tobr&amp;ae;con</code>,1,0.0001738
578,toclifrod,<code>toclifrod</code>,1,0.0001738
578,toclofenan,<code>toclofenan</code>,1,0.0001738
578,tocwysed,<code>tocwysed</code>,1,0.0001738
578,tocwysedan,<code>tocwysedan</code>,1,0.0001738
578,tocwysede,<code>tocwysede</code>,1,0.0001738
578,tod&aelig;g,<code>tod&amp;ae;g</code>,1,0.0001738
578,toeacan,<code>toeacan</code>,1,0.0001738
578,tol,<code>tol</code>,1,0.0001738
578,tomerigen,<code>tomerigen</code>,1,0.0001738
578,tospr&aelig;d,<code>tospr&amp;ae;d</code>,1,0.0001738
578,tosprang,<code>tosprang</code>,1,0.0001738
578,towearde,<code>towearde</code>,1,0.0001738
578,towend,<code>towend</code>,1,0.0001738
578,towende,<code>towende</code>,1,0.0001738
578,tungan,<code>tungan</code>,1,0.0001738
578,twam,<code>twam</code>,1,0.0001738
578,u&eth;witum,<code>u&amp;d;witum</code>,1,0.0001738
578,un&eth;ances,<code>un&amp;d;ances</code>,1,0.0001738
578,un&eth;eawas,<code>un&amp;d;eawas</code>,1,0.0001738
578,unalyfedlice,<code>unalyfedlice</code>,1,0.0001738
578,unamansumode,<code>unamansumode</code>,1,0.0001738
578,unasecgendlic,<code>unasecgendlic</code>,1,0.0001738
578,unasecgendlicere,<code>unasecgendlicere</code>,1,0.0001738
578,underfangen,<code>underfangen</code>,1,0.0001738
578,underfengon,<code>underfengon</code>,1,0.0001738
578,unea&eth;e,<code>unea&amp;d;e</code>,1,0.0001738
578,ungehyrsuman,<code>ungehyrsuman</code>,1,0.0001738
578,ungehyrsumnysse,<code>ungehyrsumnysse</code>,1,0.0001738
578,ungemetlice,<code>ungemetlice</code>,1,0.0001738
578,ungerimum,<code>ungerimum</code>,1,0.0001738
578,unlust,<code>unlust</code>,1,0.0001738
578,unlybba,<code>unlybba</code>,1,0.0001738
578,unlybban,<code>unlybban</code>,1,0.0001738
578,unmyndlunge,<code>unmyndlunge</code>,1,0.0001738
578,unrihtwisnysse,<code>unrihtwisnysse</code>,1,0.0001738
578,unrotnysse,<code>unrotnysse</code>,1,0.0001738
578,unscrydde,<code>unscrydde</code>,1,0.0001738
578,unscyldig,<code>unscyldig</code>,1,0.0001738
578,unst&aelig;&eth;&eth;ig,<code>unst&amp;ae;&amp;d;&amp;d;ig</code>,1,0.0001738
578,unst&aelig;&eth;&eth;ignysse,<code>unst&amp;ae;&amp;d;&amp;d;ignysse</code>,1,0.0001738
578,unsta&eth;olf&aelig;st,<code>unsta&amp;d;olf&amp;ae;st</code>,1,0.0001738
578,unsta&eth;olf&aelig;stnysse,<code>unsta&amp;d;olf&amp;ae;stnysse</code>,1,0.0001738
578,unwilles,<code>unwilles</code>,1,0.0001738
578,unwur&eth;e,<code>unwur&amp;d;e</code>,1,0.0001738
578,upahengon,<code>upahengon</code>,1,0.0001738
578,upar&aelig;rde,<code>upar&amp;ae;rde</code>,1,0.0001738
578,upflering,<code>upflering</code>,1,0.0001738
578,uppan,<code>uppan</code>,1,0.0001738
578,upplican,<code>upplican</code>,1,0.0001738
578,ure,<code>ure</code>,1,0.0001738
578,urne,<code>urne</code>,1,0.0001738
578,uteodon,<code>uteodon</code>,1,0.0001738
578,utgangende,<code>utgangende</code>,1,0.0001738
578,w&aelig;lhreowan,<code>w&amp;ae;lhreowan</code>,1,0.0001738
578,w&aelig;rr,<code>w&amp;ae;rr</code>,1,0.0001738
578,waclicum,<code>waclicum</code>,1,0.0001738
578,warnode,<code>warnode</code>,1,0.0001738
578,weall,<code>weall</code>,1,0.0001738
578,wedende,<code>wedende</code>,1,0.0001738
578,weder,<code>weder</code>,1,0.0001738
578,wel,<code>wel</code>,1,0.0001738
578,wencge,<code>wencge</code>,1,0.0001738
578,wende,<code>wende</code>,1,0.0001738
578,weop,<code>weop</code>,1,0.0001738
578,weorc,<code>weorc</code>,1,0.0001738
578,weorcum,<code>weorcum</code>,1,0.0001738
578,werode,<code>werode</code>,1,0.0001738
578,westenre,<code>westenre</code>,1,0.0001738
578,wi&eth;cw&aelig;&eth;,<code>wi&amp;d;cw&amp;ae;&amp;d;</code>,1,0.0001738
578,wi&eth;standan,<code>wi&amp;d;standan</code>,1,0.0001738
578,wi&eth;utan,<code>wi&amp;d;utan</code>,1,0.0001738
578,wicnian,<code>wicnian</code>,1,0.0001738
578,wife,<code>wife</code>,1,0.0001738
578,wilde,<code>wilde</code>,1,0.0001738
578,wile,<code>wile</code>,1,0.0001738
578,wimmen,<code>wimmen</code>,1,0.0001738
578,win,<code>win</code>,1,0.0001738
578,wines,<code>wines</code>,1,0.0001738
578,wisdome,<code>wisdome</code>,1,0.0001738
578,wiste,<code>wiste</code>,1,0.0001738
578,wit,<code>wit</code>,1,0.0001738
578,witegan,<code>witegan</code>,1,0.0001738
578,witst,<code>witst</code>,1,0.0001738
578,wodlican,<code>wodlican</code>,1,0.0001738
578,wohnys,<code>wohnys</code>,1,0.0001738
578,wolcn,<code>wolcn</code>,1,0.0001738
578,worhtest,<code>worhtest</code>,1,0.0001738
578,woruldcarum,<code>woruldcarum</code>,1,0.0001738
578,worulde,<code>worulde</code>,1,0.0001738
578,woruldlice,<code>woruldlice</code>,1,0.0001738
578,woruldmanna,<code>woruldmanna</code>,1,0.0001738
578,wudas,<code>wudas</code>,1,0.0001738
578,wuldor,<code>wuldor</code>,1,0.0001738
578,wuldres,<code>wuldres</code>,1,0.0001738
578,wunderlican,<code>wunderlican</code>,1,0.0001738
578,wunderlicere,<code>wunderlicere</code>,1,0.0001738
578,wundra,<code>wundra</code>,1,0.0001738
578,wundrode,<code>wundrode</code>,1,0.0001738
578,wundrodon,<code>wundrodon</code>,1,0.0001738
578,wunigende,<code>wunigende</code>,1,0.0001738
578,wunigendum,<code>wunigendum</code>,1,0.0001738
578,wurde,<code>wurde</code>,1,0.0001738
578,wurpon,<code>wurpon</code>,1,0.0001738
578,wylode,<code>wylode</code>,1,0.0001738
578,wyrcst,<code>wyrcst</code>,1,0.0001738
578,xii,<code>xii</code>,1,0.0001738
578,y&eth;igende,<code>y&amp;d;igende</code>,1,0.0001738
578,yd&aelig;ges,<code>yd&amp;ae;ges</code>,1,0.0001738
578,yddysce,<code>yddysce</code>,1,0.0001738
578,yfela,<code>yfela</code>,1,0.0001738
578,ymbrene,<code>ymbrene</code>,1,0.0001738
578,yrn,<code>yrn</code>,1,0.0001738
578,yttran,<code>yttran</code>,1,0.0001738
