B_Prose,B01,B01.001.019_AECHom_I__17_T02250.txt,396,259,1080
RANK,HTML WORD,RAW WORD,COUNT,RELATIVE FREQUENCY
1,&amp;,<code>&amp;amp;</code>,69,0.0638889
2,he,<code>he</code>,43,0.0398148
3,se,<code>se</code>,36,0.0333333
4,&thorn;&aelig;t,<code>&amp;t;&amp;ae;t</code>,23,0.0212963
4,ic,<code>ic</code>,23,0.0212963
6,mid,<code>mid</code>,20,0.0185185
7,his,<code>his</code>,18,0.0166667
8,&thorn;e,<code>&amp;t;e</code>,17,0.0157407
9,&thorn;a,<code>&amp;t;a</code>,16,0.0148148
9,for,<code>for</code>,16,0.0148148
9,hyrde,<code>hyrde</code>,16,0.0148148
12,god,<code>god</code>,15,0.0138889
12,is,<code>is</code>,15,0.0138889
14,to,<code>to</code>,14,0.0129630
15,ne,<code>ne</code>,13,0.0120370
15,swa,<code>swa</code>,13,0.0120370
17,hi,<code>hi</code>,12,0.0111111
18,on,<code>on</code>,11,0.0101852
19,&eth;e,<code>&amp;d;e</code>,10,0.0092593
20,ac,<code>ac</code>,9,0.0083333
20,bi&eth;,<code>bi&amp;d;</code>,9,0.0083333
20,hyra,<code>hyra</code>,9,0.0083333
20,na,<code>na</code>,9,0.0083333
24,&eth;am,<code>&amp;d;am</code>,8,0.0074074
24,ge,<code>ge</code>,8,0.0074074
24,wulf,<code>wulf</code>,8,0.0074074
27,godes,<code>godes</code>,7,0.0064815
27,lif,<code>lif</code>,7,0.0064815
27,mine,<code>mine</code>,7,0.0064815
27,sceal,<code>sceal</code>,7,0.0064815
27,scep,<code>scep</code>,7,0.0064815
32,agen,<code>agen</code>,6,0.0055556
32,be,<code>be</code>,6,0.0055556
32,him,<code>him</code>,6,0.0055556
32,of,<code>of</code>,6,0.0055556
32,sceapum,<code>sceapum</code>,6,0.0055556
32,sume,<code>sume</code>,6,0.0055556
32,w&aelig;s,<code>w&amp;ae;s</code>,6,0.0055556
39,&thorn;&aelig;ra,<code>&amp;t;&amp;ae;ra</code>,5,0.0046296
39,&thorn;onne,<code>&amp;t;onne</code>,5,0.0046296
39,&thorn;urh,<code>&amp;t;urh</code>,5,0.0046296
39,an,<code>an</code>,5,0.0046296
39,f&aelig;der,<code>f&amp;ae;der</code>,5,0.0046296
39,hine,<code>hine</code>,5,0.0046296
39,lareow,<code>lareow</code>,5,0.0046296
39,lufa&eth;,<code>lufa&amp;d;</code>,5,0.0046296
39,me,<code>me</code>,5,0.0046296
39,wylle,<code>wylle</code>,5,0.0046296
49,&eth;an,<code>&amp;d;an</code>,4,0.0037037
49,&thorn;am,<code>&amp;t;am</code>,4,0.0037037
49,&thorn;one,<code>&amp;t;one</code>,4,0.0037037
49,crist,<code>crist</code>,4,0.0037037
49,cw&aelig;&eth;,<code>cw&amp;ae;&amp;d;</code>,4,0.0037037
49,flih&eth;,<code>flih&amp;d;</code>,4,0.0037037
49,folce,<code>folce</code>,4,0.0037037
49,gif,<code>gif</code>,4,0.0037037
49,heora,<code>heora</code>,4,0.0037037
49,lare,<code>lare</code>,4,0.0037037
49,lufe,<code>lufe</code>,4,0.0037037
49,min,<code>min</code>,4,0.0037037
49,o&eth;re,<code>o&amp;d;re</code>,4,0.0037037
49,sceapa,<code>sceapa</code>,4,0.0037037
49,sind,<code>sind</code>,4,0.0037037
49,ymbe,<code>ymbe</code>,4,0.0037037
65,&eth;a,<code>&amp;d;a</code>,3,0.0027778
65,&thorn;&aelig;re,<code>&amp;t;&amp;ae;re</code>,3,0.0027778
65,and,<code>and</code>,3,0.0027778
65,cristenan,<code>cristenan</code>,3,0.0027778
65,deoful,<code>deoful</code>,3,0.0027778
65,eac,<code>eac</code>,3,0.0027778
65,ecan,<code>ecan</code>,3,0.0027778
65,eom,<code>eom</code>,3,0.0027778
65,eowde,<code>eowde</code>,3,0.0027778
65,flyh&eth;,<code>flyh&amp;d;</code>,3,0.0027778
65,folc,<code>folc</code>,3,0.0027778
65,gehyra&eth;,<code>gehyra&amp;d;</code>,3,0.0027778
65,goda,<code>goda</code>,3,0.0027778
65,gode,<code>gode</code>,3,0.0027778
65,hit,<code>hit</code>,3,0.0027778
65,hw&aelig;&eth;er,<code>hw&amp;ae;&amp;d;er</code>,3,0.0027778
65,hw&aelig;t,<code>hw&amp;ae;t</code>,3,0.0027778
65,l&aelig;dan,<code>l&amp;ae;dan</code>,3,0.0027778
65,oncn&aelig;w&eth;,<code>oncn&amp;ae;w&amp;d;</code>,3,0.0027778
65,oncnawa&eth;,<code>oncnawa&amp;d;</code>,3,0.0027778
65,oncnawe,<code>oncnawe</code>,3,0.0027778
65,sceap,<code>sceap</code>,3,0.0027778
65,synd,<code>synd</code>,3,0.0027778
65,wi&eth;,<code>wi&amp;d;</code>,3,0.0027778
89,&aelig;lc,<code>&amp;ae;lc</code>,2,0.0018519
89,&thorn;ing,<code>&amp;t;ing</code>,2,0.0018519
89,&thorn;is,<code>&amp;t;is</code>,2,0.0018519
89,&thorn;ysum,<code>&amp;t;ysum</code>,2,0.0018519
89,beon,<code>beon</code>,2,0.0018519
89,biscop,<code>biscop</code>,2,0.0018519
89,cep&eth;,<code>cep&amp;d;</code>,2,0.0018519
89,do&eth;,<code>do&amp;d;</code>,2,0.0018519
89,eowd,<code>eowd</code>,2,0.0018519
89,geh&aelig;le,<code>geh&amp;ae;le</code>,2,0.0018519
89,gesih&eth;,<code>gesih&amp;d;</code>,2,0.0018519
89,gestreon,<code>gestreon</code>,2,0.0018519
89,git,<code>git</code>,2,0.0018519
89,godnys,<code>godnys</code>,2,0.0018519
89,h&aelig;bbe,<code>h&amp;ae;bbe</code>,2,0.0018519
89,h&aelig;lend,<code>h&amp;ae;lend</code>,2,0.0018519
89,hu,<code>hu</code>,2,0.0018519
89,hwa,<code>hwa</code>,2,0.0018519
89,hyrdas,<code>hyrdas</code>,2,0.0018519
89,leahtrum,<code>leahtrum</code>,2,0.0018519
89,life,<code>life</code>,2,0.0018519
89,lufia&eth;,<code>lufia&amp;d;</code>,2,0.0018519
89,mannum,<code>mannum</code>,2,0.0018519
89,mede,<code>mede</code>,2,0.0018519
89,menn,<code>menn</code>,2,0.0018519
89,minum,<code>minum</code>,2,0.0018519
89,mode,<code>mode</code>,2,0.0018519
89,o&eth;&eth;e,<code>o&amp;d;&amp;d;e</code>,2,0.0018519
89,o&eth;rum,<code>o&amp;d;rum</code>,2,0.0018519
89,ongean,<code>ongean</code>,2,0.0018519
89,sc&#275;p,<code>sc&amp;e;p</code>,2,0.0018519
89,sceolon,<code>sceolon</code>,2,0.0018519
89,so&eth;f&aelig;stnysse,<code>so&amp;d;f&amp;ae;stnysse</code>,2,0.0018519
89,spr&aelig;c,<code>spr&amp;ae;c</code>,2,0.0018519
89,stemne,<code>stemne</code>,2,0.0018519
89,sum,<code>sum</code>,2,0.0018519
89,syl&eth;,<code>syl&amp;d;</code>,2,0.0018519
89,sylle,<code>sylle</code>,2,0.0018519
89,t&aelig;h&eth;,<code>t&amp;ae;h&amp;d;</code>,2,0.0018519
89,tostenc&eth;,<code>tostenc&amp;d;</code>,2,0.0018519
89,tostencte,<code>tostencte</code>,2,0.0018519
89,unrihtwisnysse,<code>unrihtwisnysse</code>,2,0.0018519
89,ure,<code>ure</code>,2,0.0018519
89,w&aelig;ron,<code>w&amp;ae;ron</code>,2,0.0018519
89,we,<code>we</code>,2,0.0018519
89,word,<code>word</code>,2,0.0018519
89,woruldlican,<code>woruldlican</code>,2,0.0018519
89,wulfe,<code>wulfe</code>,2,0.0018519
89,wur&eth;mynt,<code>wur&amp;d;mynt</code>,2,0.0018519
138,&aelig;nig,<code>&amp;ae;nig</code>,1,0.0009259
138,&aelig;r,<code>&amp;ae;r</code>,1,0.0009259
138,&aelig;t,<code>&amp;ae;t</code>,1,0.0009259
138,&eth;&aelig;s,<code>&amp;d;&amp;ae;s</code>,1,0.0009259
138,&eth;i,<code>&amp;d;i</code>,1,0.0009259
138,&eth;isre,<code>&amp;d;isre</code>,1,0.0009259
138,&eth;on,<code>&amp;d;on</code>,1,0.0009259
138,&eth;u,<code>&amp;d;u</code>,1,0.0009259
138,&#275;dlean,<code>&amp;e;dlean</code>,1,0.0009259
138,&#275;owde,<code>&amp;e;owde</code>,1,0.0009259
138,&thorn;&aelig;r,<code>&amp;t;&amp;ae;r</code>,1,0.0009259
138,&thorn;&aelig;s,<code>&amp;t;&amp;ae;s</code>,1,0.0009259
138,&thorn;ara,<code>&amp;t;ara</code>,1,0.0009259
138,&thorn;are,<code>&amp;t;are</code>,1,0.0009259
138,&thorn;as,<code>&amp;t;as</code>,1,0.0009259
138,&thorn;eah,<code>&amp;t;eah</code>,1,0.0009259
138,&thorn;eahhw&aelig;&eth;ere,<code>&amp;t;eahhw&amp;ae;&amp;d;ere</code>,1,0.0009259
138,&thorn;earfe,<code>&amp;t;earfe</code>,1,0.0009259
138,&thorn;us,<code>&amp;t;us</code>,1,0.0009259
138,&thorn;yssere,<code>&amp;t;yssere</code>,1,0.0009259
138,a,<code>a</code>,1,0.0009259
138,abit,<code>abit</code>,1,0.0009259
138,abitene,<code>abitene</code>,1,0.0009259
138,agenre,<code>agenre</code>,1,0.0009259
138,agenum,<code>agenum</code>,1,0.0009259
138,ahreddan,<code>ahreddan</code>,1,0.0009259
138,alefed,<code>alefed</code>,1,0.0009259
138,alysednysse,<code>alysednysse</code>,1,0.0009259
138,alysend,<code>alysend</code>,1,0.0009259
138,amenn,<code>amenn</code>,1,0.0009259
138,ana,<code>ana</code>,1,0.0009259
138,anre,<code>anre</code>,1,0.0009259
138,anum,<code>anum</code>,1,0.0009259
138,apostoli,<code>apostoli</code>,1,0.0009259
138,ar&aelig;r&eth;,<code>ar&amp;ae;r&amp;d;</code>,1,0.0009259
138,astyred,<code>astyred</code>,1,0.0009259
138,ateoriendlican,<code>ateoriendlican</code>,1,0.0009259
138,awrat,<code>awrat</code>,1,0.0009259
138,bebead,<code>bebead</code>,1,0.0009259
138,bebyt,<code>bebyt</code>,1,0.0009259
138,begeate,<code>begeate</code>,1,0.0009259
138,begriwen,<code>begriwen</code>,1,0.0009259
138,behealde,<code>behealde</code>,1,0.0009259
138,belimpa&eth;,<code>belimpa&amp;d;</code>,1,0.0009259
138,belyfdon,<code>belyfdon</code>,1,0.0009259
138,beo,<code>beo</code>,1,0.0009259
138,bereafa&eth;,<code>bereafa&amp;d;</code>,1,0.0009259
138,bescyred,<code>bescyred</code>,1,0.0009259
138,bigleofan,<code>bigleofan</code>,1,0.0009259
138,blissa&eth;,<code>blissa&amp;d;</code>,1,0.0009259
138,bonus,<code>bonus</code>,1,0.0009259
138,buga&eth;,<code>buga&amp;d;</code>,1,0.0009259
138,buton,<code>buton</code>,1,0.0009259
138,bysna&eth;,<code>bysna&amp;d;</code>,1,0.0009259
138,bysnige,<code>bysnige</code>,1,0.0009259
138,caria&eth;,<code>caria&amp;d;</code>,1,0.0009259
138,costnungum,<code>costnungum</code>,1,0.0009259
138,criste,<code>criste</code>,1,0.0009259
138,cristene,<code>cristene</code>,1,0.0009259
138,cristenra,<code>cristenra</code>,1,0.0009259
138,cuman,<code>cuman</code>,1,0.0009259
138,cume,<code>cume</code>,1,0.0009259
138,cunnon,<code>cunnon</code>,1,0.0009259
138,cw&aelig;de,<code>cw&amp;ae;de</code>,1,0.0009259
138,cwe&eth;ende,<code>cwe&amp;d;ende</code>,1,0.0009259
138,cwy&eth;,<code>cwy&amp;d;</code>,1,0.0009259
138,cydde,<code>cydde</code>,1,0.0009259
138,cym&eth;,<code>cym&amp;d;</code>,1,0.0009259
138,deofles,<code>deofles</code>,1,0.0009259
138,do,<code>do</code>,1,0.0009259
138,dome,<code>dome</code>,1,0.0009259
138,dominica,<code>dominica</code>,1,0.0009259
138,don,<code>don</code>,1,0.0009259
138,dyde,<code>dyde</code>,1,0.0009259
138,ea&eth;modan,<code>ea&amp;d;modan</code>,1,0.0009259
138,ealle,<code>ealle</code>,1,0.0009259
138,eallum,<code>eallum</code>,1,0.0009259
138,ealra,<code>ealra</code>,1,0.0009259
138,eardum,<code>eardum</code>,1,0.0009259
138,ecnysse,<code>ecnysse</code>,1,0.0009259
138,ego,<code>ego</code>,1,0.0009259
138,eor&eth;lican,<code>eor&amp;d;lican</code>,1,0.0009259
138,eow,<code>eow</code>,1,0.0009259
138,eowed,<code>eowed</code>,1,0.0009259
138,eower,<code>eower</code>,1,0.0009259
138,eowerne,<code>eowerne</code>,1,0.0009259
138,eowerum,<code>eowerum</code>,1,0.0009259
138,eowre,<code>eowre</code>,1,0.0009259
138,et,<code>et</code>,1,0.0009259
138,ezechiel,<code>ezechiel</code>,1,0.0009259
138,ezechihel,<code>ezechihel</code>,1,0.0009259
138,folces,<code>folces</code>,1,0.0009259
138,fordon,<code>fordon</code>,1,0.0009259
138,fore,<code>fore</code>,1,0.0009259
138,forl&aelig;t,<code>forl&amp;ae;t</code>,1,0.0009259
138,forleose,<code>forleose</code>,1,0.0009259
138,forlire,<code>forlire</code>,1,0.0009259
138,forwyrde,<code>forwyrde</code>,1,0.0009259
138,fr&aelig;cednyssa,<code>fr&amp;ae;cednyssa</code>,1,0.0009259
138,fyl&eth;,<code>fyl&amp;d;</code>,1,0.0009259
138,gadrian,<code>gadrian</code>,1,0.0009259
138,gaste,<code>gaste</code>,1,0.0009259
138,gastlice,<code>gastlice</code>,1,0.0009259
138,ge&thorn;inga&eth;,<code>ge&amp;t;inga&amp;d;</code>,1,0.0009259
138,gebedum,<code>gebedum</code>,1,0.0009259
138,gebiddan,<code>gebiddan</code>,1,0.0009259
138,gebrinc&eth;,<code>gebrinc&amp;d;</code>,1,0.0009259
138,gecweden,<code>gecweden</code>,1,0.0009259
138,gecyndelice,<code>gecyndelice</code>,1,0.0009259
138,gedyrstl&aelig;h&eth;,<code>gedyrstl&amp;ae;h&amp;d;</code>,1,0.0009259
138,geh&aelig;lde,<code>geh&amp;ae;lde</code>,1,0.0009259
138,gehealdan,<code>gehealdan</code>,1,0.0009259
138,gehealdenne,<code>gehealdenne</code>,1,0.0009259
138,gehelpan,<code>gehelpan</code>,1,0.0009259
138,gel&aelig;c&eth;,<code>gel&amp;ae;c&amp;d;</code>,1,0.0009259
138,gela&eth;unge,<code>gela&amp;d;unge</code>,1,0.0009259
138,geleafan,<code>geleafan</code>,1,0.0009259
138,genihtsumre,<code>genihtsumre</code>,1,0.0009259
138,geornfulle,<code>geornfulle</code>,1,0.0009259
138,ger&aelig;d,<code>ger&amp;ae;d</code>,1,0.0009259
138,ges&#275;h,<code>ges&amp;e;h</code>,1,0.0009259
138,gesceaft,<code>gesceaft</code>,1,0.0009259
138,gescyldan,<code>gescyldan</code>,1,0.0009259
138,geset,<code>geset</code>,1,0.0009259
138,geswica&eth;,<code>geswica&amp;d;</code>,1,0.0009259
138,geswutelode,<code>geswutelode</code>,1,0.0009259
138,geswutola&eth;,<code>geswutola&amp;d;</code>,1,0.0009259
138,geteald,<code>geteald</code>,1,0.0009259
138,getima&eth;,<code>getima&amp;d;</code>,1,0.0009259
138,getimige,<code>getimige</code>,1,0.0009259
138,getrymman,<code>getrymman</code>,1,0.0009259
138,gewissa&eth;,<code>gewissa&amp;d;</code>,1,0.0009259
138,gimeleas,<code>gimeleas</code>,1,0.0009259
138,gimeleaste,<code>gimeleaste</code>,1,0.0009259
138,gitsunge,<code>gitsunge</code>,1,0.0009259
138,godspel,<code>godspel</code>,1,0.0009259
138,graman,<code>graman</code>,1,0.0009259
138,gym&eth;,<code>gym&amp;d;</code>,1,0.0009259
138,gymde,<code>gymde</code>,1,0.0009259
138,gymeleaste,<code>gymeleaste</code>,1,0.0009259
138,h&aelig;f&eth;,<code>h&amp;ae;f&amp;d;</code>,1,0.0009259
138,halgum,<code>halgum</code>,1,0.0009259
138,handum,<code>handum</code>,1,0.0009259
138,heafde,<code>heafde</code>,1,0.0009259
138,heafod,<code>heafod</code>,1,0.0009259
138,healdan,<code>healdan</code>,1,0.0009259
138,healice,<code>healice</code>,1,0.0009259
138,hreddinge,<code>hreddinge</code>,1,0.0009259
138,hwylcum,<code>hwylcum</code>,1,0.0009259
138,hy&eth;&eth;a,<code>hy&amp;d;&amp;d;a</code>,1,0.0009259
138,hyne,<code>hyne</code>,1,0.0009259
138,innwerdlice,<code>innwerdlice</code>,1,0.0009259
138,iudea,<code>iudea</code>,1,0.0009259
138,l&aelig;se,<code>l&amp;ae;se</code>,1,0.0009259
138,l&aelig;swige,<code>l&amp;ae;swige</code>,1,0.0009259
138,l&aelig;t,<code>l&amp;ae;t</code>,1,0.0009259
138,lande,<code>lande</code>,1,0.0009259
138,lareowum,<code>lareowum</code>,1,0.0009259
138,leodscype,<code>leodscype</code>,1,0.0009259
138,leofa&eth;,<code>leofa&amp;d;</code>,1,0.0009259
138,lichaman,<code>lichaman</code>,1,0.0009259
138,lifes,<code>lifes</code>,1,0.0009259
138,lima,<code>lima</code>,1,0.0009259
138,losode,<code>losode</code>,1,0.0009259
138,lufige,<code>lufige</code>,1,0.0009259
138,lyre,<code>lyre</code>,1,0.0009259
138,m&aelig;g,<code>m&amp;ae;g</code>,1,0.0009259
138,mage,<code>mage</code>,1,0.0009259
138,mancynne,<code>mancynne</code>,1,0.0009259
138,manede,<code>manede</code>,1,0.0009259
138,manega,<code>manega</code>,1,0.0009259
138,manna,<code>manna</code>,1,0.0009259
138,medgilde,<code>medgilde</code>,1,0.0009259
138,men,<code>men</code>,1,0.0009259
138,miclon,<code>miclon</code>,1,0.0009259
138,mislicum,<code>mislicum</code>,1,0.0009259
138,modignysse,<code>modignysse</code>,1,0.0009259
138,n&aelig;f&eth;,<code>n&amp;ae;f&amp;d;</code>,1,0.0009259
138,na&eth;or,<code>na&amp;d;or</code>,1,0.0009259
138,nan,<code>nan</code>,1,0.0009259
138,nast,<code>nast</code>,1,0.0009259
138,nis,<code>nis</code>,1,0.0009259
138,nu,<code>nu</code>,1,0.0009259
138,nys,<code>nys</code>,1,0.0009259
138,o&eth;er,<code>o&amp;d;er</code>,1,0.0009259
138,ofgan,<code>ofgan</code>,1,0.0009259
138,ofsit,<code>ofsit</code>,1,0.0009259
138,ofslyh&eth;,<code>ofslyh&amp;d;</code>,1,0.0009259
138,oncneow,<code>oncneow</code>,1,0.0009259
138,oncneowon,<code>oncneowon</code>,1,0.0009259
138,ontendt,<code>ontendt</code>,1,0.0009259
138,pasca,<code>pasca</code>,1,0.0009259
138,pastor,<code>pastor</code>,1,0.0009259
138,paulus,<code>paulus</code>,1,0.0009259
138,petrus,<code>petrus</code>,1,0.0009259
138,post,<code>post</code>,1,0.0009259
138,re&eth;a,<code>re&amp;d;a</code>,1,0.0009259
138,re&eth;an,<code>re&amp;d;an</code>,1,0.0009259
138,reliqua,<code>reliqua</code>,1,0.0009259
138,rica,<code>rica</code>,1,0.0009259
138,ricceter&#275;,<code>ricceter&amp;e;</code>,1,0.0009259
138,ricxa&eth;,<code>ricxa&amp;d;</code>,1,0.0009259
138,riht,<code>riht</code>,1,0.0009259
138,rihtum,<code>rihtum</code>,1,0.0009259
138,rihtwisnysse,<code>rihtwisnysse</code>,1,0.0009259
138,saula,<code>saula</code>,1,0.0009259
138,scapa,<code>scapa</code>,1,0.0009259
138,sceatta,<code>sceatta</code>,1,0.0009259
138,scyppende,<code>scyppende</code>,1,0.0009259
138,sealde,<code>sealde</code>,1,0.0009259
138,sealdon,<code>sealdon</code>,1,0.0009259
138,secan,<code>secan</code>,1,0.0009259
138,secvnda,<code>secvnda</code>,1,0.0009259
138,seo,<code>seo</code>,1,0.0009259
138,smea&eth;,<code>smea&amp;d;</code>,1,0.0009259
138,so&eth;lice,<code>so&amp;d;lice</code>,1,0.0009259
138,standan,<code>standan</code>,1,0.0009259
138,strangan,<code>strangan</code>,1,0.0009259
138,strange,<code>strange</code>,1,0.0009259
138,strangum,<code>strangum</code>,1,0.0009259
138,suwade,<code>suwade</code>,1,0.0009259
138,sweltan,<code>sweltan</code>,1,0.0009259
138,swi&eth;or,<code>swi&amp;d;or</code>,1,0.0009259
138,swilce,<code>swilce</code>,1,0.0009259
138,sy,<code>sy</code>,1,0.0009259
138,sylf,<code>sylf</code>,1,0.0009259
138,sylfes,<code>sylfes</code>,1,0.0009259
138,sylfne,<code>sylfne</code>,1,0.0009259
138,sylfum,<code>sylfum</code>,1,0.0009259
138,syllan,<code>syllan</code>,1,0.0009259
138,syndon,<code>syndon</code>,1,0.0009259
138,synt,<code>synt</code>,1,0.0009259
138,syrw&eth;,<code>syrw&amp;d;</code>,1,0.0009259
138,t&aelig;can,<code>t&amp;ae;can</code>,1,0.0009259
138,t&aelig;ce,<code>t&amp;ae;ce</code>,1,0.0009259
138,t&aelig;hte,<code>t&amp;ae;hte</code>,1,0.0009259
138,tih&eth;,<code>tih&amp;d;</code>,1,0.0009259
138,totw&aelig;m&eth;,<code>totw&amp;ae;m&amp;d;</code>,1,0.0009259
138,twa,<code>twa</code>,1,0.0009259
138,tyla&eth;,<code>tyla&amp;d;</code>,1,0.0009259
138,under,<code>under</code>,1,0.0009259
138,unrihtwisa,<code>unrihtwisa</code>,1,0.0009259
138,unscyldig,<code>unscyldig</code>,1,0.0009259
138,untrum,<code>untrum</code>,1,0.0009259
138,untruman,<code>untruman</code>,1,0.0009259
138,untrume,<code>untrume</code>,1,0.0009259
138,ware,<code>ware</code>,1,0.0009259
138,wel,<code>wel</code>,1,0.0009259
138,wi&eth;standan,<code>wi&amp;d;standan</code>,1,0.0009259
138,wi&eth;stande,<code>wi&amp;d;stande</code>,1,0.0009259
138,wi&eth;stent,<code>wi&amp;d;stent</code>,1,0.0009259
138,wican,<code>wican</code>,1,0.0009259
138,wille,<code>wille</code>,1,0.0009259
138,witega,<code>witega</code>,1,0.0009259
138,witegan,<code>witegan</code>,1,0.0009259
138,wolde,<code>wolde</code>,1,0.0009259
138,woruld&thorn;ingum,<code>woruld&amp;t;ingum</code>,1,0.0009259
138,wur&eth;mynte,<code>wur&amp;d;mynte</code>,1,0.0009259
138,yfele,<code>yfele</code>,1,0.0009259
