B_Prose,B01,B01.002.033_AECHom_II__30_T02830.txt,586,375,1535
RANK,HTML WORD,RAW WORD,COUNT,RELATIVE FREQUENCY
1,and,<code>and</code>,65,0.0423453
2,&thorn;&aelig;t,<code>&amp;t;&amp;ae;t</code>,40,0.0260586
3,ne,<code>ne</code>,30,0.0195440
3,on,<code>on</code>,30,0.0195440
3,se,<code>se</code>,30,0.0195440
6,&eth;e,<code>&amp;d;e</code>,28,0.0182410
7,mid,<code>mid</code>,22,0.0143322
8,&thorn;e,<code>&amp;t;e</code>,20,0.0130293
8,swa,<code>swa</code>,20,0.0130293
8,to,<code>to</code>,20,0.0130293
11,god,<code>god</code>,19,0.0123779
12,is,<code>is</code>,18,0.0117264
13,hi,<code>hi</code>,17,0.0110749
14,he,<code>he</code>,16,0.0104235
15,&eth;u,<code>&amp;d;u</code>,15,0.0097720
15,bi&eth;,<code>bi&amp;d;</code>,15,0.0097720
17,ge,<code>ge</code>,14,0.0091205
18,gode,<code>gode</code>,13,0.0084691
18,sind,<code>sind</code>,13,0.0084691
18,treow,<code>treow</code>,13,0.0084691
18,yfele,<code>yfele</code>,13,0.0084691
22,cw&aelig;&eth;,<code>cw&amp;ae;&amp;d;</code>,12,0.0078176
22,heora,<code>heora</code>,12,0.0078176
22,yfel,<code>yfel</code>,12,0.0078176
25,ac,<code>ac</code>,11,0.0071661
25,godes,<code>godes</code>,11,0.0071661
27,&eth;a,<code>&amp;d;a</code>,10,0.0065147
27,drihten,<code>drihten</code>,10,0.0065147
27,w&aelig;stmas,<code>w&amp;ae;stmas</code>,10,0.0065147
30,beon,<code>beon</code>,9,0.0058632
30,gif,<code>gif</code>,9,0.0058632
30,habban,<code>habban</code>,9,0.0058632
30,his,<code>his</code>,9,0.0058632
30,of,<code>of</code>,9,0.0058632
30,wyrc&eth;,<code>wyrc&amp;d;</code>,9,0.0058632
36,for,<code>for</code>,8,0.0052117
36,hit,<code>hit</code>,8,0.0052117
36,m&aelig;g,<code>m&amp;ae;g</code>,8,0.0052117
36,sylf,<code>sylf</code>,8,0.0052117
36,w&aelig;stm,<code>w&amp;ae;stm</code>,8,0.0052117
41,&eth;eah,<code>&amp;d;eah</code>,7,0.0045603
41,be,<code>be</code>,7,0.0045603
41,eow,<code>eow</code>,7,0.0045603
41,rice,<code>rice</code>,7,0.0045603
41,weorc,<code>weorc</code>,7,0.0045603
46,&aelig;lc,<code>&amp;ae;lc</code>,6,0.0039088
46,&eth;am,<code>&amp;d;am</code>,6,0.0039088
46,&eth;isum,<code>&amp;d;isum</code>,6,0.0039088
46,f&aelig;der,<code>f&amp;ae;der</code>,6,0.0039088
46,hw&aelig;t,<code>hw&amp;ae;t</code>,6,0.0039088
46,into,<code>into</code>,6,0.0039088
52,&aelig;fre,<code>&amp;ae;fre</code>,5,0.0032573
52,&eth;in,<code>&amp;d;in</code>,5,0.0032573
52,&thorn;a,<code>&amp;t;a</code>,5,0.0032573
52,crist,<code>crist</code>,5,0.0032573
52,halgum,<code>halgum</code>,5,0.0032573
52,heofenan,<code>heofenan</code>,5,0.0032573
52,him,<code>him</code>,5,0.0032573
52,nu,<code>nu</code>,5,0.0032573
52,seo,<code>seo</code>,5,0.0032573
52,us,<code>us</code>,5,0.0032573
52,we,<code>we</code>,5,0.0032573
52,wilt,<code>wilt</code>,5,0.0032573
64,&aelig;,<code>&amp;ae;</code>,4,0.0026059
64,&aelig;lces,<code>&amp;ae;lces</code>,4,0.0026059
64,&eth;an,<code>&amp;d;an</code>,4,0.0026059
64,&eth;ing,<code>&amp;d;ing</code>,4,0.0026059
64,&eth;one,<code>&amp;d;one</code>,4,0.0026059
64,&thorn;onne,<code>&amp;t;onne</code>,4,0.0026059
64,apostol,<code>apostol</code>,4,0.0026059
64,f&aelig;r&eth;,<code>f&amp;ae;r&amp;d;</code>,4,0.0026059
64,godne,<code>godne</code>,4,0.0026059
64,godnysse,<code>godnysse</code>,4,0.0026059
64,godum,<code>godum</code>,4,0.0026059
64,h&aelig;lend,<code>h&amp;ae;lend</code>,4,0.0026059
64,hine,<code>hine</code>,4,0.0026059
64,ic,<code>ic</code>,4,0.0026059
64,man,<code>man</code>,4,0.0026059
64,under,<code>under</code>,4,0.0026059
64,wi&eth;innan,<code>wi&amp;d;innan</code>,4,0.0026059
64,wi&eth;utan,<code>wi&amp;d;utan</code>,4,0.0026059
64,willan,<code>willan</code>,4,0.0026059
83,&aelig;fter,<code>&amp;ae;fter</code>,3,0.0019544
83,&eth;eawum,<code>&amp;d;eawum</code>,3,0.0019544
83,&eth;i,<code>&amp;d;i</code>,3,0.0019544
83,&eth;inum,<code>&amp;d;inum</code>,3,0.0019544
83,&eth;ornum,<code>&amp;d;ornum</code>,3,0.0019544
83,&thorn;&aelig;s,<code>&amp;t;&amp;ae;s</code>,3,0.0019544
83,&thorn;u,<code>&amp;t;u</code>,3,0.0019544
83,behealda&eth;,<code>behealda&amp;d;</code>,3,0.0019544
83,bremelum,<code>bremelum</code>,3,0.0019544
83,eac,<code>eac</code>,3,0.0019544
83,eawf&aelig;stum,<code>eawf&amp;ae;stum</code>,3,0.0019544
83,efne,<code>efne</code>,3,0.0019544
83,fyre,<code>fyre</code>,3,0.0019544
83,geleafan,<code>geleafan</code>,3,0.0019544
83,h&aelig;f&eth;,<code>h&amp;ae;f&amp;d;</code>,3,0.0019544
83,heofonan,<code>heofonan</code>,3,0.0019544
83,heortan,<code>heortan</code>,3,0.0019544
83,hlaford,<code>hlaford</code>,3,0.0019544
83,hwa,<code>hwa</code>,3,0.0019544
83,lufe,<code>lufe</code>,3,0.0019544
83,magon,<code>magon</code>,3,0.0019544
83,mann,<code>mann</code>,3,0.0019544
83,mannum,<code>mannum</code>,3,0.0019544
83,men,<code>men</code>,3,0.0019544
83,nelt,<code>nelt</code>,3,0.0019544
83,o&eth;re,<code>o&amp;d;re</code>,3,0.0019544
83,oncnawa&eth;,<code>oncnawa&amp;d;</code>,3,0.0019544
83,so&eth;an,<code>so&amp;d;an</code>,3,0.0019544
83,so&eth;lice,<code>so&amp;d;lice</code>,3,0.0019544
83,so&eth;re,<code>so&amp;d;re</code>,3,0.0019544
83,stowe,<code>stowe</code>,3,0.0019544
83,sy,<code>sy</code>,3,0.0019544
83,tima,<code>tima</code>,3,0.0019544
83,treowe,<code>treowe</code>,3,0.0019544
83,unw&aelig;stmb&aelig;re,<code>unw&amp;ae;stmb&amp;ae;re</code>,3,0.0019544
83,w&aelig;stmum,<code>w&amp;ae;stmum</code>,3,0.0019544
83,wel,<code>wel</code>,3,0.0019544
83,wi&eth;,<code>wi&amp;d;</code>,3,0.0019544
83,wordum,<code>wordum</code>,3,0.0019544
83,wulfas,<code>wulfas</code>,3,0.0019544
83,wyrcan,<code>wyrcan</code>,3,0.0019544
83,yfelum,<code>yfelum</code>,3,0.0019544
125,&aelig;lmihtiga,<code>&amp;ae;lmihtiga</code>,2,0.0013029
125,&aelig;lmihtigan,<code>&amp;ae;lmihtigan</code>,2,0.0013029
125,&aelig;r,<code>&amp;ae;r</code>,2,0.0013029
125,&aelig;teowode,<code>&amp;ae;teowode</code>,2,0.0013029
125,&aelig;xe,<code>&amp;ae;xe</code>,2,0.0013029
125,&eth;&aelig;re,<code>&amp;d;&amp;ae;re</code>,2,0.0013029
125,&eth;ine,<code>&amp;d;ine</code>,2,0.0013029
125,&eth;onne,<code>&amp;d;onne</code>,2,0.0013029
125,&eth;reo,<code>&amp;d;reo</code>,2,0.0013029
125,&eth;urh,<code>&amp;d;urh</code>,2,0.0013029
125,&thorn;isum,<code>&amp;t;isum</code>,2,0.0013029
125,&thorn;one,<code>&amp;t;one</code>,2,0.0013029
125,&thorn;urh,<code>&amp;t;urh</code>,2,0.0013029
125,&thorn;us,<code>&amp;t;us</code>,2,0.0013029
125,agan,<code>agan</code>,2,0.0013029
125,asende,<code>asende</code>,2,0.0013029
125,awend,<code>awend</code>,2,0.0013029
125,awendan,<code>awendan</code>,2,0.0013029
125,aworpen,<code>aworpen</code>,2,0.0013029
125,biggenga,<code>biggenga</code>,2,0.0013029
125,buton,<code>buton</code>,2,0.0013029
125,cneowu,<code>cneowu</code>,2,0.0013029
125,cristes,<code>cristes</code>,2,0.0013029
125,cwe&eth;,<code>cwe&amp;d;</code>,2,0.0013029
125,d&aelig;dbote,<code>d&amp;ae;dbote</code>,2,0.0013029
125,d&aelig;dum,<code>d&amp;ae;dum</code>,2,0.0013029
125,ealle,<code>ealle</code>,2,0.0013029
125,eallum,<code>eallum</code>,2,0.0013029
125,fic&aelig;ppla,<code>fic&amp;ae;ppla</code>,2,0.0013029
125,forcorfen,<code>forcorfen</code>,2,0.0013029
125,fram,<code>fram</code>,2,0.0013029
125,frema&eth;,<code>frema&amp;d;</code>,2,0.0013029
125,gadera&eth;,<code>gadera&amp;d;</code>,2,0.0013029
125,gear,<code>gear</code>,2,0.0013029
125,gife,<code>gife</code>,2,0.0013029
125,goda,<code>goda</code>,2,0.0013029
125,gold,<code>gold</code>,2,0.0013029
125,h&aelig;bbe,<code>h&amp;ae;bbe</code>,2,0.0013029
125,heofonum,<code>heofonum</code>,2,0.0013029
125,hiwe,<code>hiwe</code>,2,0.0013029
125,hiwum,<code>hiwum</code>,2,0.0013029
125,hlaforde,<code>hlaforde</code>,2,0.0013029
125,inf&aelig;r,<code>inf&amp;ae;r</code>,2,0.0013029
125,lease,<code>lease</code>,2,0.0013029
125,leasum,<code>leasum</code>,2,0.0013029
125,leorningcnihtum,<code>leorningcnihtum</code>,2,0.0013029
125,lif,<code>lif</code>,2,0.0013029
125,manna,<code>manna</code>,2,0.0013029
125,me,<code>me</code>,2,0.0013029
125,meox,<code>meox</code>,2,0.0013029
125,meoxe,<code>meoxe</code>,2,0.0013029
125,miht,<code>miht</code>,2,0.0013029
125,mines,<code>mines</code>,2,0.0013029
125,moyses,<code>moyses</code>,2,0.0013029
125,n&aelig;nne,<code>n&amp;ae;nne</code>,2,0.0013029
125,notast,<code>notast</code>,2,0.0013029
125,o&eth;,<code>o&amp;d;</code>,2,0.0013029
125,o&thorn;&thorn;e,<code>o&amp;t;&amp;t;e</code>,2,0.0013029
125,paulus,<code>paulus</code>,2,0.0013029
125,sceapa,<code>sceapa</code>,2,0.0013029
125,sceolon,<code>sceolon</code>,2,0.0013029
125,sceos,<code>sceos</code>,2,0.0013029
125,seolfor,<code>seolfor</code>,2,0.0013029
125,sohte,<code>sohte</code>,2,0.0013029
125,stent,<code>stent</code>,2,0.0013029
125,sub,<code>sub</code>,2,0.0013029
125,sum,<code>sum</code>,2,0.0013029
125,swilce,<code>swilce</code>,2,0.0013029
125,swilcum,<code>swilcum</code>,2,0.0013029
125,sylfne,<code>sylfne</code>,2,0.0013029
125,timan,<code>timan</code>,2,0.0013029
125,un&eth;ances,<code>un&amp;d;ances</code>,2,0.0013029
125,ure,<code>ure</code>,2,0.0013029
125,w&aelig;s,<code>w&amp;ae;s</code>,2,0.0013029
125,w&aelig;stmb&aelig;re,<code>w&amp;ae;stmb&amp;ae;re</code>,2,0.0013029
125,weorcum,<code>weorcum</code>,2,0.0013029
125,winberian,<code>winberian</code>,2,0.0013029
125,witegan,<code>witegan</code>,2,0.0013029
125,witegum,<code>witegum</code>,2,0.0013029
125,witodlice,<code>witodlice</code>,2,0.0013029
125,worulde,<code>worulde</code>,2,0.0013029
125,wylt,<code>wylt</code>,2,0.0013029
125,wyrca&eth;,<code>wyrca&amp;d;</code>,2,0.0013029
125,wyrtruma,<code>wyrtruma</code>,2,0.0013029
125,yfela,<code>yfela</code>,2,0.0013029
125,yfeles,<code>yfeles</code>,2,0.0013029
125,yfelne,<code>yfelne</code>,2,0.0013029
212,&aelig;hta,<code>&amp;ae;hta</code>,1,0.0006515
212,&aelig;htum,<code>&amp;ae;htum</code>,1,0.0006515
212,&aelig;mtig,<code>&amp;ae;mtig</code>,1,0.0006515
212,&aelig;nige,<code>&amp;ae;nige</code>,1,0.0006515
212,&aelig;nne,<code>&amp;ae;nne</code>,1,0.0006515
212,&aelig;ppeltune,<code>&amp;ae;ppeltune</code>,1,0.0006515
212,&aelig;rest,<code>&amp;ae;rest</code>,1,0.0006515
212,&aelig;t,<code>&amp;ae;t</code>,1,0.0006515
212,&aelig;tforan,<code>&amp;ae;tforan</code>,1,0.0006515
212,&eth;&aelig;ra,<code>&amp;d;&amp;ae;ra</code>,1,0.0006515
212,&eth;&aelig;ron,<code>&amp;d;&amp;ae;ron</code>,1,0.0006515
212,&eth;&aelig;s,<code>&amp;d;&amp;ae;s</code>,1,0.0006515
212,&eth;as,<code>&amp;d;as</code>,1,0.0006515
212,&eth;eowemen,<code>&amp;d;eowemen</code>,1,0.0006515
212,&eth;igde,<code>&amp;d;igde</code>,1,0.0006515
212,&eth;inga&eth;,<code>&amp;d;inga&amp;d;</code>,1,0.0006515
212,&eth;inre,<code>&amp;d;inre</code>,1,0.0006515
212,&eth;is,<code>&amp;d;is</code>,1,0.0006515
212,&eth;isne,<code>&amp;d;isne</code>,1,0.0006515
212,&eth;issere,<code>&amp;d;issere</code>,1,0.0006515
212,&eth;ornas,<code>&amp;d;ornas</code>,1,0.0006515
212,&eth;ry,<code>&amp;d;ry</code>,1,0.0006515
212,&eth;rym,<code>&amp;d;rym</code>,1,0.0006515
212,&eth;urhwuna&eth;,<code>&amp;d;urhwuna&amp;d;</code>,1,0.0006515
212,&eth;urhwunian,<code>&amp;d;urhwunian</code>,1,0.0006515
212,&eth;wyrum,<code>&amp;d;wyrum</code>,1,0.0006515
212,&thorn;&aelig;ron,<code>&amp;t;&amp;ae;ron</code>,1,0.0006515
212,&thorn;am,<code>&amp;t;am</code>,1,0.0006515
212,&thorn;i,<code>&amp;t;i</code>,1,0.0006515
212,&thorn;ine,<code>&amp;t;ine</code>,1,0.0006515
212,&thorn;ines,<code>&amp;t;ines</code>,1,0.0006515
212,&thorn;is,<code>&amp;t;is</code>,1,0.0006515
212,&thorn;rim,<code>&amp;t;rim</code>,1,0.0006515
212,&thorn;urhwuna&eth;,<code>&amp;t;urhwuna&amp;d;</code>,1,0.0006515
212,&thorn;wyrlicum,<code>&amp;t;wyrlicum</code>,1,0.0006515
212,&thorn;yssere,<code>&amp;t;yssere</code>,1,0.0006515
212,a,<code>a</code>,1,0.0006515
212,acorene,<code>acorene</code>,1,0.0006515
212,ad,<code>ad</code>,1,0.0006515
212,adame,<code>adame</code>,1,0.0006515
212,adtendite,<code>adtendite</code>,1,0.0006515
212,afylled,<code>afylled</code>,1,0.0006515
212,afyllede,<code>afyllede</code>,1,0.0006515
212,agenum,<code>agenum</code>,1,0.0006515
212,agif&eth;,<code>agif&amp;d;</code>,1,0.0006515
212,alysednysse,<code>alysednysse</code>,1,0.0006515
212,amen,<code>amen</code>,1,0.0006515
212,an,<code>an</code>,1,0.0006515
212,ancennedan,<code>ancennedan</code>,1,0.0006515
212,andbida&eth;,<code>andbida&amp;d;</code>,1,0.0006515
212,andgit,<code>andgit</code>,1,0.0006515
212,andgitlease,<code>andgitlease</code>,1,0.0006515
212,andwyrde,<code>andwyrde</code>,1,0.0006515
212,anfealdlice,<code>anfealdlice</code>,1,0.0006515
212,ante,<code>ante</code>,1,0.0006515
212,aplanta,<code>aplanta</code>,1,0.0006515
212,aplantod,<code>aplantod</code>,1,0.0006515
212,arleasnysse,<code>arleasnysse</code>,1,0.0006515
212,ateorian,<code>ateorian</code>,1,0.0006515
212,awende,<code>awende</code>,1,0.0006515
212,awurpan,<code>awurpan</code>,1,0.0006515
212,awyriged,<code>awyriged</code>,1,0.0006515
212,awyrtwala,<code>awyrtwala</code>,1,0.0006515
212,b&aelig;d,<code>b&amp;ae;d</code>,1,0.0006515
212,banum,<code>banum</code>,1,0.0006515
212,bec,<code>bec</code>,1,0.0006515
212,becuman,<code>becuman</code>,1,0.0006515
212,bedelfe,<code>bedelfe</code>,1,0.0006515
212,bedolfen,<code>bedolfen</code>,1,0.0006515
212,bega&eth;,<code>bega&amp;d;</code>,1,0.0006515
212,behealde,<code>behealde</code>,1,0.0006515
212,behet,<code>behet</code>,1,0.0006515
212,behete,<code>behete</code>,1,0.0006515
212,behreowsa&eth;,<code>behreowsa&amp;d;</code>,1,0.0006515
212,behreowsiendan,<code>behreowsiendan</code>,1,0.0006515
212,beo,<code>beo</code>,1,0.0006515
212,beo&eth;,<code>beo&amp;d;</code>,1,0.0006515
212,bep&aelig;cenne,<code>bep&amp;ae;cenne</code>,1,0.0006515
212,beran,<code>beran</code>,1,0.0006515
212,beworpen,<code>beworpen</code>,1,0.0006515
212,bewurpe,<code>bewurpe</code>,1,0.0006515
212,bidde,<code>bidde</code>,1,0.0006515
212,bige,<code>bige</code>,1,0.0006515
212,bigende,<code>bigende</code>,1,0.0006515
212,biggengan,<code>biggengan</code>,1,0.0006515
212,bigspel,<code>bigspel</code>,1,0.0006515
212,binnon,<code>binnon</code>,1,0.0006515
212,bist,<code>bist</code>,1,0.0006515
212,bradnyss,<code>bradnyss</code>,1,0.0006515
212,bremelas,<code>bremelas</code>,1,0.0006515
212,byr&eth;,<code>byr&amp;d;</code>,1,0.0006515
212,byrgen,<code>byrgen</code>,1,0.0006515
212,bysga&eth;,<code>bysga&amp;d;</code>,1,0.0006515
212,byst,<code>byst</code>,1,0.0006515
212,cann,<code>cann</code>,1,0.0006515
212,cildne,<code>cildne</code>,1,0.0006515
212,clypia&eth;,<code>clypia&amp;d;</code>,1,0.0006515
212,com,<code>com</code>,1,0.0006515
212,credatis,<code>credatis</code>,1,0.0006515
212,cristena,<code>cristena</code>,1,0.0006515
212,cristenan,<code>cristenan</code>,1,0.0006515
212,cristenra,<code>cristenra</code>,1,0.0006515
212,cuma&eth;,<code>cuma&amp;d;</code>,1,0.0006515
212,cunnon,<code>cunnon</code>,1,0.0006515
212,cw&aelig;de,<code>cw&amp;ae;de</code>,1,0.0006515
212,cwe&eth;a&eth;,<code>cwe&amp;d;a&amp;d;</code>,1,0.0006515
212,cwe&eth;ende,<code>cwe&amp;d;ende</code>,1,0.0006515
212,cwealmb&aelig;re,<code>cwealmb&amp;ae;re</code>,1,0.0006515
212,cymst,<code>cymst</code>,1,0.0006515
212,cyrfe,<code>cyrfe</code>,1,0.0006515
212,cyst,<code>cyst</code>,1,0.0006515
212,d&aelig;da,<code>d&amp;ae;da</code>,1,0.0006515
212,dea&eth;es,<code>dea&amp;d;es</code>,1,0.0006515
212,dead,<code>dead</code>,1,0.0006515
212,deadum,<code>deadum</code>,1,0.0006515
212,dei,<code>dei</code>,1,0.0006515
212,deopnys,<code>deopnys</code>,1,0.0006515
212,deorre,<code>deorre</code>,1,0.0006515
212,dominica,<code>dominica</code>,1,0.0006515
212,dorste,<code>dorste</code>,1,0.0006515
212,drihtne,<code>drihtne</code>,1,0.0006515
212,drihtnes,<code>drihtnes</code>,1,0.0006515
212,drohtniende,<code>drohtniende</code>,1,0.0006515
212,eadmodnys,<code>eadmodnys</code>,1,0.0006515
212,eadmodnysse,<code>eadmodnysse</code>,1,0.0006515
212,ealra,<code>ealra</code>,1,0.0006515
212,ealre,<code>ealre</code>,1,0.0006515
212,eawf&aelig;ste,<code>eawf&amp;ae;ste</code>,1,0.0006515
212,ecum,<code>ecum</code>,1,0.0006515
212,eft,<code>eft</code>,1,0.0006515
212,ehteras,<code>ehteras</code>,1,0.0006515
212,eor&eth;e,<code>eor&amp;d;e</code>,1,0.0006515
212,eor&eth;lic,<code>eor&amp;d;lic</code>,1,0.0006515
212,eower,<code>eower</code>,1,0.0006515
212,eowere,<code>eowere</code>,1,0.0006515
212,est,<code>est</code>,1,0.0006515
212,et,<code>et</code>,1,0.0006515
212,eum,<code>eum</code>,1,0.0006515
212,f&aelig;gere,<code>f&amp;ae;gere</code>,1,0.0006515
212,falsis,<code>falsis</code>,1,0.0006515
212,fara&eth;,<code>fara&amp;d;</code>,1,0.0006515
212,fela,<code>fela</code>,1,0.0006515
212,fictreow,<code>fictreow</code>,1,0.0006515
212,fictreowe,<code>fictreowe</code>,1,0.0006515
212,for&eth;brinc&eth;,<code>for&amp;d;brinc&amp;d;</code>,1,0.0006515
212,for&eth;bringan,<code>for&amp;d;bringan</code>,1,0.0006515
212,forbodenan,<code>forbodenan</code>,1,0.0006515
212,forceorf,<code>forceorf</code>,1,0.0006515
212,forceorfan,<code>forceorfan</code>,1,0.0006515
212,forcorfene,<code>forcorfene</code>,1,0.0006515
212,forcyrfst,<code>forcyrfst</code>,1,0.0006515
212,fores&aelig;de,<code>fores&amp;ae;de</code>,1,0.0006515
212,forgeaf,<code>forgeaf</code>,1,0.0006515
212,forgeafe,<code>forgeafe</code>,1,0.0006515
212,forl&aelig;tan,<code>forl&amp;ae;tan</code>,1,0.0006515
212,forleosan,<code>forleosan</code>,1,0.0006515
212,forloren,<code>forloren</code>,1,0.0006515
212,forlyst,<code>forlyst</code>,1,0.0006515
212,forrotodnysse,<code>forrotodnysse</code>,1,0.0006515
212,ful,<code>ful</code>,1,0.0006515
212,fulan,<code>fulan</code>,1,0.0006515
212,fulre,<code>fulre</code>,1,0.0006515
212,funde,<code>funde</code>,1,0.0006515
212,fur&eth;on,<code>fur&amp;d;on</code>,1,0.0006515
212,fyrmesta,<code>fyrmesta</code>,1,0.0006515
212,fyrmeste,<code>fyrmeste</code>,1,0.0006515
212,fyrst,<code>fyrst</code>,1,0.0006515
212,fyrste,<code>fyrste</code>,1,0.0006515
212,gaste,<code>gaste</code>,1,0.0006515
212,ge&aelig;ttrode,<code>ge&amp;ae;ttrode</code>,1,0.0006515
212,ge&eth;ance,<code>ge&amp;d;ance</code>,1,0.0006515
212,gearlanges,<code>gearlanges</code>,1,0.0006515
212,gebicnode,<code>gebicnode</code>,1,0.0006515
212,gebugan,<code>gebugan</code>,1,0.0006515
212,gebysna&eth;,<code>gebysna&amp;d;</code>,1,0.0006515
212,gecyrran,<code>gecyrran</code>,1,0.0006515
212,gedwolmen,<code>gedwolmen</code>,1,0.0006515
212,gedwyldum,<code>gedwyldum</code>,1,0.0006515
212,geendunge,<code>geendunge</code>,1,0.0006515
212,gefette,<code>gefette</code>,1,0.0006515
212,gefyllede,<code>gefyllede</code>,1,0.0006515
212,gefyllednysse,<code>gefyllednysse</code>,1,0.0006515
212,gegaderian,<code>gegaderian</code>,1,0.0006515
212,geglengan,<code>geglengan</code>,1,0.0006515
212,geleaffullan,<code>geleaffullan</code>,1,0.0006515
212,geleaffullum,<code>geleaffullum</code>,1,0.0006515
212,gelice,<code>gelice</code>,1,0.0006515
212,gelyfan,<code>gelyfan</code>,1,0.0006515
212,gelyfon,<code>gelyfon</code>,1,0.0006515
212,gemete,<code>gemete</code>,1,0.0006515
212,gemette,<code>gemette</code>,1,0.0006515
212,gemettum,<code>gemettum</code>,1,0.0006515
212,gemynd,<code>gemynd</code>,1,0.0006515
212,genoh,<code>genoh</code>,1,0.0006515
212,ges&aelig;d,<code>ges&amp;ae;d</code>,1,0.0006515
212,gesceadwisan,<code>gesceadwisan</code>,1,0.0006515
212,gesetnyssum,<code>gesetnyssum</code>,1,0.0006515
212,gesih&eth;um,<code>gesih&amp;d;um</code>,1,0.0006515
212,gesw&aelig;san,<code>gesw&amp;ae;san</code>,1,0.0006515
212,getacnodon,<code>getacnodon</code>,1,0.0006515
212,gewende,<code>gewende</code>,1,0.0006515
212,gewilnian,<code>gewilnian</code>,1,0.0006515
212,gewyrtrumode,<code>gewyrtrumode</code>,1,0.0006515
212,godspel,<code>godspel</code>,1,0.0006515
212,gr&aelig;dignys,<code>gr&amp;ae;dignys</code>,1,0.0006515
212,gr&aelig;dignysse,<code>gr&amp;ae;dignysse</code>,1,0.0006515
212,gratia,<code>gratia</code>,1,0.0006515
212,growende,<code>growende</code>,1,0.0006515
212,gyme,<code>gyme</code>,1,0.0006515
212,gyrlum,<code>gyrlum</code>,1,0.0006515
212,gyt,<code>gyt</code>,1,0.0006515
212,h&aelig;fde,<code>h&amp;ae;fde</code>,1,0.0006515
212,h&aelig;lu,<code>h&amp;ae;lu</code>,1,0.0006515
212,habba&eth;,<code>habba&amp;d;</code>,1,0.0006515
212,habbon,<code>habbon</code>,1,0.0006515
212,halgan,<code>halgan</code>,1,0.0006515
212,hate,<code>hate</code>,1,0.0006515
212,heahnyss,<code>heahnyss</code>,1,0.0006515
212,heofonlican,<code>heofonlican</code>,1,0.0006515
212,herigendlic,<code>herigendlic</code>,1,0.0006515
212,het,<code>het</code>,1,0.0006515
212,hiredes,<code>hiredes</code>,1,0.0006515
212,hiw,<code>hiw</code>,1,0.0006515
212,hiwerum,<code>hiwerum</code>,1,0.0006515
212,hiwia&eth;,<code>hiwia&amp;d;</code>,1,0.0006515
212,hiwunge,<code>hiwunge</code>,1,0.0006515
212,hluttrum,<code>hluttrum</code>,1,0.0006515
212,hlyste,<code>hlyste</code>,1,0.0006515
212,hoc,<code>hoc</code>,1,0.0006515
212,hrem&eth;,<code>hrem&amp;d;</code>,1,0.0006515
212,huru,<code>huru</code>,1,0.0006515
212,hus,<code>hus</code>,1,0.0006515
212,hw&aelig;s,<code>hw&amp;ae;s</code>,1,0.0006515
212,hwi,<code>hwi</code>,1,0.0006515
212,hwilc,<code>hwilc</code>,1,0.0006515
212,ille,<code>ille</code>,1,0.0006515
212,in,<code>in</code>,1,0.0006515
212,ingehyd,<code>ingehyd</code>,1,0.0006515
212,l&aelig;ran,<code>l&amp;ae;ran</code>,1,0.0006515
212,l&aelig;s,<code>l&amp;ae;s</code>,1,0.0006515
212,l&aelig;t,<code>l&amp;ae;t</code>,1,0.0006515
212,l&aelig;te,<code>l&amp;ae;te</code>,1,0.0006515
212,lange,<code>lange</code>,1,0.0006515
212,langnyss,<code>langnyss</code>,1,0.0006515
212,lare,<code>lare</code>,1,0.0006515
212,leahterfullum,<code>leahterfullum</code>,1,0.0006515
212,leasan,<code>leasan</code>,1,0.0006515
212,lege,<code>lege</code>,1,0.0006515
212,legem,<code>legem</code>,1,0.0006515
212,leofa&eth;,<code>leofa&amp;d;</code>,1,0.0006515
212,licceterum,<code>licceterum</code>,1,0.0006515
212,lichaman,<code>lichaman</code>,1,0.0006515
212,liflease,<code>liflease</code>,1,0.0006515
212,lof,<code>lof</code>,1,0.0006515
212,lufu,<code>lufu</code>,1,0.0006515
212,lyffetunge,<code>lyffetunge</code>,1,0.0006515
212,m&aelig;nde,<code>m&amp;ae;nde</code>,1,0.0006515
212,m&aelig;rsia&eth;,<code>m&amp;ae;rsia&amp;d;</code>,1,0.0006515
212,mancynnes,<code>mancynnes</code>,1,0.0006515
212,mannes,<code>mannes</code>,1,0.0006515
212,menniscnysse,<code>menniscnysse</code>,1,0.0006515
212,micclum,<code>micclum</code>,1,0.0006515
212,middanearde,<code>middanearde</code>,1,0.0006515
212,mihte,<code>mihte</code>,1,0.0006515
212,mine,<code>mine</code>,1,0.0006515
212,misit,<code>misit</code>,1,0.0006515
212,mode,<code>mode</code>,1,0.0006515
212,moste,<code>moste</code>,1,0.0006515
212,mu&eth;e,<code>mu&amp;d;e</code>,1,0.0006515
212,myrh&eth;e,<code>myrh&amp;d;e</code>,1,0.0006515
212,n&aelig;f&eth;,<code>n&amp;ae;f&amp;d;</code>,1,0.0006515
212,n&aelig;fre,<code>n&amp;ae;fre</code>,1,0.0006515
212,na,<code>na</code>,1,0.0006515
212,nabba&eth;,<code>nabba&amp;d;</code>,1,0.0006515
212,nan,<code>nan</code>,1,0.0006515
212,nanum,<code>nanum</code>,1,0.0006515
212,nebwlite,<code>nebwlite</code>,1,0.0006515
212,nele,<code>nele</code>,1,0.0006515
212,nona,<code>nona</code>,1,0.0006515
212,notian,<code>notian</code>,1,0.0006515
212,o&eth;&eth;e,<code>o&amp;d;&amp;d;e</code>,1,0.0006515
212,o&eth;rum,<code>o&amp;d;rum</code>,1,0.0006515
212,ofergeweorcum,<code>ofergeweorcum</code>,1,0.0006515
212,oferstigendan,<code>oferstigendan</code>,1,0.0006515
212,ofsetta&eth;,<code>ofsetta&amp;d;</code>,1,0.0006515
212,onbryrd,<code>onbryrd</code>,1,0.0006515
212,ongean,<code>ongean</code>,1,0.0006515
212,opus,<code>opus</code>,1,0.0006515
212,pentecosten,<code>pentecosten</code>,1,0.0006515
212,post,<code>post</code>,1,0.0006515
212,prophetis,<code>prophetis</code>,1,0.0006515
212,quem,<code>quem</code>,1,0.0006515
212,qui,<code>qui</code>,1,0.0006515
212,re&eth;e,<code>re&amp;d;e</code>,1,0.0006515
212,reaferas,<code>reaferas</code>,1,0.0006515
212,reafigende,<code>reafigende</code>,1,0.0006515
212,regole,<code>regole</code>,1,0.0006515
212,reliqua,<code>reliqua</code>,1,0.0006515
212,rices,<code>rices</code>,1,0.0006515
212,rihtan,<code>rihtan</code>,1,0.0006515
212,rihtinge,<code>rihtinge</code>,1,0.0006515
212,rihtwise,<code>rihtwise</code>,1,0.0006515
212,rihtwisia&eth;,<code>rihtwisia&amp;d;</code>,1,0.0006515
212,sawullease,<code>sawullease</code>,1,0.0006515
212,sceal,<code>sceal</code>,1,0.0006515
212,sceamian,<code>sceamian</code>,1,0.0006515
212,scearpre,<code>scearpre</code>,1,0.0006515
212,scep,<code>scep</code>,1,0.0006515
212,scrud,<code>scrud</code>,1,0.0006515
212,secge,<code>secge</code>,1,0.0006515
212,sette,<code>sette</code>,1,0.0006515
212,setton,<code>setton</code>,1,0.0006515
212,si&eth;&eth;an,<code>si&amp;d;&amp;d;an</code>,1,0.0006515
212,smea&eth;,<code>smea&amp;d;</code>,1,0.0006515
212,so&eth;e,<code>so&amp;d;e</code>,1,0.0006515
212,so&eth;f&aelig;stnysse,<code>so&amp;d;f&amp;ae;stnysse</code>,1,0.0006515
212,so&eth;um,<code>so&amp;d;um</code>,1,0.0006515
212,spr&aelig;c,<code>spr&amp;ae;c</code>,1,0.0006515
212,standan,<code>standan</code>,1,0.0006515
212,stande,<code>stande</code>,1,0.0006515
212,stede,<code>stede</code>,1,0.0006515
212,stemne,<code>stemne</code>,1,0.0006515
212,stylre,<code>stylre</code>,1,0.0006515
212,sumere,<code>sumere</code>,1,0.0006515
212,sunu,<code>sunu</code>,1,0.0006515
212,syndon,<code>syndon</code>,1,0.0006515
212,synna,<code>synna</code>,1,0.0006515
212,t&aelig;hte,<code>t&amp;ae;hte</code>,1,0.0006515
212,t&aelig;la&eth;,<code>t&amp;ae;la&amp;d;</code>,1,0.0006515
212,t&aelig;lon,<code>t&amp;ae;lon</code>,1,0.0006515
212,tala,<code>tala</code>,1,0.0006515
212,timum,<code>timum</code>,1,0.0006515
212,tocnawan,<code>tocnawan</code>,1,0.0006515
212,tocyme,<code>tocyme</code>,1,0.0006515
212,treowa,<code>treowa</code>,1,0.0006515
212,treowes,<code>treowes</code>,1,0.0006515
212,twyfealdlice,<code>twyfealdlice</code>,1,0.0006515
212,twyfealdum,<code>twyfealdum</code>,1,0.0006515
212,ueniunt,<code>ueniunt</code>,1,0.0006515
212,underfon,<code>underfon</code>,1,0.0006515
212,ungel&aelig;redan,<code>ungel&amp;ae;redan</code>,1,0.0006515
212,ungelimpe,<code>ungelimpe</code>,1,0.0006515
212,unherigendlic,<code>unherigendlic</code>,1,0.0006515
212,unnyt,<code>unnyt</code>,1,0.0006515
212,unrihtwisnysse,<code>unrihtwisnysse</code>,1,0.0006515
212,unsc&aelig;&eth;&eth;igan,<code>unsc&amp;ae;&amp;d;&amp;d;igan</code>,1,0.0006515
212,unwur&eth;,<code>unwur&amp;d;</code>,1,0.0006515
212,uos,<code>uos</code>,1,0.0006515
212,ut,<code>ut</code>,1,0.0006515
212,uton,<code>uton</code>,1,0.0006515
212,w&aelig;ron,<code>w&amp;ae;ron</code>,1,0.0006515
212,w&aelig;stmb&aelig;rre,<code>w&amp;ae;stmb&amp;ae;rre</code>,1,0.0006515
212,w&aelig;stmlease,<code>w&amp;ae;stmlease</code>,1,0.0006515
212,wa,<code>wa</code>,1,0.0006515
212,waclic,<code>waclic</code>,1,0.0006515
212,warnia&eth;,<code>warnia&amp;d;</code>,1,0.0006515
212,weorce,<code>weorce</code>,1,0.0006515
212,wexa&eth;,<code>wexa&amp;d;</code>,1,0.0006515
212,wi&eth;cwe&eth;a&eth;,<code>wi&amp;d;cwe&amp;d;a&amp;d;</code>,1,0.0006515
212,wi&eth;saca&eth;,<code>wi&amp;d;saca&amp;d;</code>,1,0.0006515
212,wif,<code>wif</code>,1,0.0006515
212,willa,<code>willa</code>,1,0.0006515
212,wingearde,<code>wingearde</code>,1,0.0006515
212,wingeardes,<code>wingeardes</code>,1,0.0006515
212,wlitige,<code>wlitige</code>,1,0.0006515
212,woldon,<code>woldon</code>,1,0.0006515
212,woruld,<code>woruld</code>,1,0.0006515
212,worulda,<code>worulda</code>,1,0.0006515
212,wregen,<code>wregen</code>,1,0.0006515
212,wuldor,<code>wuldor</code>,1,0.0006515
212,wylla&eth;,<code>wylla&amp;d;</code>,1,0.0006515
212,wyr&eth;e,<code>wyr&amp;d;e</code>,1,0.0006515
212,wyrse,<code>wyrse</code>,1,0.0006515
212,yfelnysse,<code>yfelnysse</code>,1,0.0006515
212,ymbgedelf,<code>ymbgedelf</code>,1,0.0006515
