B_Prose,B01,B01.001.011_AECHom_I__10_T02150.txt,780,497,2428
RANK,HTML WORD,RAW WORD,COUNT,RELATIVE FREQUENCY
1,&amp;,<code>&amp;amp;</code>,118,0.0485997
2,he,<code>he</code>,80,0.0329489
3,&thorn;&aelig;t,<code>&amp;t;&amp;ae;t</code>,58,0.0238880
4,to,<code>to</code>,56,0.0230643
5,se,<code>se</code>,54,0.0222405
6,&thorn;a,<code>&amp;t;a</code>,41,0.0168863
7,&thorn;e,<code>&amp;t;e</code>,39,0.0160626
7,we,<code>we</code>,39,0.0160626
9,on,<code>on</code>,38,0.0156507
10,ne,<code>ne</code>,37,0.0152389
10,swa,<code>swa</code>,37,0.0152389
12,his,<code>his</code>,35,0.0144152
13,is,<code>is</code>,31,0.0127677
14,mid,<code>mid</code>,26,0.0107084
15,&eth;e,<code>&amp;d;e</code>,25,0.0102965
16,ac,<code>ac</code>,24,0.0098847
17,&eth;a,<code>&amp;d;a</code>,23,0.0094728
17,&thorn;urh,<code>&amp;t;urh</code>,23,0.0094728
19,for,<code>for</code>,20,0.0082372
20,&eth;am,<code>&amp;d;am</code>,19,0.0078254
20,hi,<code>hi</code>,19,0.0078254
22,&thorn;&aelig;s,<code>&amp;t;&amp;ae;s</code>,17,0.0070016
22,ure,<code>ure</code>,17,0.0070016
24,&thorn;one,<code>&amp;t;one</code>,15,0.0061779
24,hine,<code>hine</code>,15,0.0061779
26,bi&eth;,<code>bi&amp;d;</code>,14,0.0057661
26,ic,<code>ic</code>,14,0.0057661
26,us,<code>us</code>,14,0.0057661
29,be,<code>be</code>,13,0.0053542
29,crist,<code>crist</code>,13,0.0053542
29,cw&aelig;&eth;,<code>cw&amp;ae;&amp;d;</code>,13,0.0053542
32,blinda,<code>blinda</code>,12,0.0049423
32,gif,<code>gif</code>,12,0.0049423
32,gode,<code>gode</code>,12,0.0049423
32,h&aelig;lend,<code>h&amp;ae;lend</code>,12,0.0049423
32,na,<code>na</code>,12,0.0049423
37,&thorn;onne,<code>&amp;t;onne</code>,11,0.0045305
37,god,<code>god</code>,11,0.0045305
37,him,<code>him</code>,11,0.0045305
37,nan,<code>nan</code>,11,0.0045305
37,nu,<code>nu</code>,11,0.0045305
42,life,<code>life</code>,10,0.0041186
42,man,<code>man</code>,10,0.0041186
44,&thorn;am,<code>&amp;t;am</code>,9,0.0037068
44,hw&aelig;t,<code>hw&amp;ae;t</code>,9,0.0037068
44,urum,<code>urum</code>,9,0.0037068
44,w&aelig;s,<code>w&amp;ae;s</code>,9,0.0037068
48,&eth;an,<code>&amp;d;an</code>,8,0.0032949
48,&eth;i,<code>&amp;d;i</code>,8,0.0032949
48,&thorn;eah,<code>&amp;t;eah</code>,8,0.0032949
48,buton,<code>buton</code>,8,0.0032949
48,ecan,<code>ecan</code>,8,0.0032949
48,geseon,<code>geseon</code>,8,0.0032949
48,hit,<code>hit</code>,8,0.0032949
48,of,<code>of</code>,8,0.0032949
48,saule,<code>saule</code>,8,0.0032949
48,stowe,<code>stowe</code>,8,0.0032949
48,wolde,<code>wolde</code>,8,0.0032949
59,&aelig;r,<code>&amp;ae;r</code>,7,0.0028830
59,&thorn;&aelig;r,<code>&amp;t;&amp;ae;r</code>,7,0.0028830
59,blindan,<code>blindan</code>,7,0.0028830
59,heo,<code>heo</code>,7,0.0028830
59,weig,<code>weig</code>,7,0.0028830
64,&eth;&aelig;re,<code>&amp;d;&amp;ae;re</code>,6,0.0024712
64,&eth;ing,<code>&amp;d;ing</code>,6,0.0024712
64,&eth;u,<code>&amp;d;u</code>,6,0.0024712
64,&thorn;isum,<code>&amp;t;isum</code>,6,0.0024712
64,&thorn;rowunge,<code>&amp;t;rowunge</code>,6,0.0024712
64,ge,<code>ge</code>,6,0.0024712
64,h&aelig;lende,<code>h&amp;ae;lende</code>,6,0.0024712
64,leohtes,<code>leohtes</code>,6,0.0024712
64,mihte,<code>mihte</code>,6,0.0024712
64,seo,<code>seo</code>,6,0.0024712
64,swi&eth;e,<code>swi&amp;d;e</code>,6,0.0024712
75,byrig,<code>byrig</code>,5,0.0020593
75,cristes,<code>cristes</code>,5,0.0020593
75,dea&eth;e,<code>dea&amp;d;e</code>,5,0.0020593
75,eal,<code>eal</code>,5,0.0020593
75,ferde,<code>ferde</code>,5,0.0020593
75,folc,<code>folc</code>,5,0.0020593
75,fram,<code>fram</code>,5,0.0020593
75,lif,<code>lif</code>,5,0.0020593
75,m&aelig;ig,<code>m&amp;ae;ig</code>,5,0.0020593
75,magon,<code>magon</code>,5,0.0020593
75,mann,<code>mann</code>,5,0.0020593
75,me,<code>me</code>,5,0.0020593
75,sum,<code>sum</code>,5,0.0020593
75,swi&eth;or,<code>swi&amp;d;or</code>,5,0.0020593
75,uton,<code>uton</code>,5,0.0020593
90,&eth;isum,<code>&amp;d;isum</code>,4,0.0016474
90,&thorn;&aelig;re,<code>&amp;t;&amp;ae;re</code>,4,0.0016474
90,&thorn;inc,<code>&amp;t;inc</code>,4,0.0016474
90,&thorn;rowian,<code>&amp;t;rowian</code>,4,0.0016474
90,beo&eth;,<code>beo&amp;d;</code>,4,0.0016474
90,beon,<code>beon</code>,4,0.0016474
90,butan,<code>butan</code>,4,0.0016474
90,do,<code>do</code>,4,0.0016474
90,ealle,<code>ealle</code>,4,0.0016474
90,ende,<code>ende</code>,4,0.0016474
90,geleafa,<code>geleafa</code>,4,0.0016474
90,geleafan,<code>geleafan</code>,4,0.0016474
90,gesih&eth;e,<code>gesih&amp;d;e</code>,4,0.0016474
90,getacna&eth;,<code>getacna&amp;d;</code>,4,0.0016474
90,godcundnysse,<code>godcundnysse</code>,4,0.0016474
90,godes,<code>godes</code>,4,0.0016474
90,heortan,<code>heortan</code>,4,0.0016474
90,hiericho,<code>hiericho</code>,4,0.0016474
90,l&aelig;t,<code>l&amp;ae;t</code>,4,0.0016474
90,leoht,<code>leoht</code>,4,0.0016474
90,lichaman,<code>lichaman</code>,4,0.0016474
90,men,<code>men</code>,4,0.0016474
90,min,<code>min</code>,4,0.0016474
90,nele,<code>nele</code>,4,0.0016474
90,s&aelig;t,<code>s&amp;ae;t</code>,4,0.0016474
90,sawul,<code>sawul</code>,4,0.0016474
90,sceolon,<code>sceolon</code>,4,0.0016474
90,so&eth;lice,<code>so&amp;d;lice</code>,4,0.0016474
90,stod,<code>stod</code>,4,0.0016474
90,w&aelig;ron,<code>w&amp;ae;ron</code>,4,0.0016474
90,wege,<code>wege</code>,4,0.0016474
121,&aelig;lc,<code>&amp;ae;lc</code>,3,0.0012356
121,&eth;&aelig;t,<code>&amp;d;&amp;ae;t</code>,3,0.0012356
121,&eth;incg,<code>&amp;d;incg</code>,3,0.0012356
121,&thorn;eahhw&aelig;&eth;ere,<code>&amp;t;eahhw&amp;ae;&amp;d;ere</code>,3,0.0012356
121,&thorn;eahhw&aelig;&eth;re,<code>&amp;t;eahhw&amp;ae;&amp;d;re</code>,3,0.0012356
121,&thorn;incg,<code>&amp;t;incg</code>,3,0.0012356
121,&thorn;ing,<code>&amp;t;ing</code>,3,0.0012356
121,&thorn;rowade,<code>&amp;t;rowade</code>,3,0.0012356
121,bearn,<code>bearn</code>,3,0.0012356
121,biddan,<code>biddan</code>,3,0.0012356
121,blind,<code>blind</code>,3,0.0012356
121,blindnysse,<code>blindnysse</code>,3,0.0012356
121,com,<code>com</code>,3,0.0012356
121,d&aelig;ge,<code>d&amp;ae;ge</code>,3,0.0012356
121,dauides,<code>dauides</code>,3,0.0012356
121,de&eth;,<code>de&amp;d;</code>,3,0.0012356
121,eac,<code>eac</code>,3,0.0012356
121,eode,<code>eode</code>,3,0.0012356
121,f&aelig;r,<code>f&amp;ae;r</code>,3,0.0012356
121,faran,<code>faran</code>,3,0.0012356
121,folces,<code>folces</code>,3,0.0012356
121,ge&thorn;ohtum,<code>ge&amp;t;ohtum</code>,3,0.0012356
121,gebringan,<code>gebringan</code>,3,0.0012356
121,gedon,<code>gedon</code>,3,0.0012356
121,geh&aelig;lde,<code>geh&amp;ae;lde</code>,3,0.0012356
121,gehaten,<code>gehaten</code>,3,0.0012356
121,gehyrde,<code>gehyrde</code>,3,0.0012356
121,gemiltsa,<code>gemiltsa</code>,3,0.0012356
121,geseah,<code>geseah</code>,3,0.0012356
121,gesih&eth;,<code>gesih&amp;d;</code>,3,0.0012356
121,h&aelig;bbe,<code>h&amp;ae;bbe</code>,3,0.0012356
121,h&aelig;f&eth;,<code>h&amp;ae;f&amp;d;</code>,3,0.0012356
121,h&aelig;lendes,<code>h&amp;ae;lendes</code>,3,0.0012356
121,habba&eth;,<code>habba&amp;d;</code>,3,0.0012356
121,habban,<code>habban</code>,3,0.0012356
121,heafod,<code>heafod</code>,3,0.0012356
121,heora,<code>heora</code>,3,0.0012356
121,hw&aelig;&eth;re,<code>hw&amp;ae;&amp;d;re</code>,3,0.0012356
121,hwa,<code>hwa</code>,3,0.0012356
121,leahtras,<code>leahtras</code>,3,0.0012356
121,leohte,<code>leohte</code>,3,0.0012356
121,m&aelig;g,<code>m&amp;ae;g</code>,3,0.0012356
121,mage,<code>mage</code>,3,0.0012356
121,menniscnysse,<code>menniscnysse</code>,3,0.0012356
121,mona,<code>mona</code>,3,0.0012356
121,nolde,<code>nolde</code>,3,0.0012356
121,o&eth;er,<code>o&amp;d;er</code>,3,0.0012356
121,o&eth;erne,<code>o&amp;d;erne</code>,3,0.0012356
121,o&eth;re,<code>o&amp;d;re</code>,3,0.0012356
121,onlihte,<code>onlihte</code>,3,0.0012356
121,rice,<code>rice</code>,3,0.0012356
121,sceal,<code>sceal</code>,3,0.0012356
121,sy,<code>sy</code>,3,0.0012356
121,underfeng,<code>underfeng</code>,3,0.0012356
121,ungesewenlic,<code>ungesewenlic</code>,3,0.0012356
121,w&aelig;re,<code>w&amp;ae;re</code>,3,0.0012356
121,wear&eth;,<code>wear&amp;d;</code>,3,0.0012356
121,worulde,<code>worulde</code>,3,0.0012356
121,wundrum,<code>wundrum</code>,3,0.0012356
180,&aelig;lcere,<code>&amp;ae;lcere</code>,2,0.0008237
180,&aelig;t,<code>&amp;ae;t</code>,2,0.0008237
180,&eth;&aelig;r,<code>&amp;d;&amp;ae;r</code>,2,0.0008237
180,&thorn;as,<code>&amp;t;as</code>,2,0.0008237
180,&thorn;eos,<code>&amp;t;eos</code>,2,0.0008237
180,&thorn;in,<code>&amp;t;in</code>,2,0.0008237
180,ablend,<code>ablend</code>,2,0.0008237
180,acsode,<code>acsode</code>,2,0.0008237
180,anre,<code>anre</code>,2,0.0008237
180,arise,<code>arise</code>,2,0.0008237
180,b&aelig;d,<code>b&amp;ae;d</code>,2,0.0008237
180,beforan,<code>beforan</code>,2,0.0008237
180,began,<code>began</code>,2,0.0008237
180,biddon,<code>biddon</code>,2,0.0008237
180,ciddon,<code>ciddon</code>,2,0.0008237
180,clypode,<code>clypode</code>,2,0.0008237
180,clypunge,<code>clypunge</code>,2,0.0008237
180,costnunga,<code>costnunga</code>,2,0.0008237
180,cw&aelig;don,<code>cw&amp;ae;don</code>,2,0.0008237
180,cwe&eth;e,<code>cwe&amp;d;e</code>,2,0.0008237
180,cwearterne,<code>cwearterne</code>,2,0.0008237
180,cyninge,<code>cyninge</code>,2,0.0008237
180,deadlicnysse,<code>deadlicnysse</code>,2,0.0008237
180,deoful,<code>deoful</code>,2,0.0008237
180,don,<code>don</code>,2,0.0008237
180,doon,<code>doon</code>,2,0.0008237
180,earfo&eth;nyssum,<code>earfo&amp;d;nyssum</code>,2,0.0008237
180,ecelice,<code>ecelice</code>,2,0.0008237
180,ecum,<code>ecum</code>,2,0.0008237
180,forfleah,<code>forfleah</code>,2,0.0008237
180,forl&aelig;t,<code>forl&amp;ae;t</code>,2,0.0008237
180,forwyrde,<code>forwyrde</code>,2,0.0008237
180,fultum,<code>fultum</code>,2,0.0008237
180,fylian,<code>fylian</code>,2,0.0008237
180,gebedum,<code>gebedum</code>,2,0.0008237
180,gebetan,<code>gebetan</code>,2,0.0008237
180,geh&aelig;led,<code>geh&amp;ae;led</code>,2,0.0008237
180,gelyf&eth;,<code>gelyf&amp;d;</code>,2,0.0008237
180,geornlice,<code>geornlice</code>,2,0.0008237
180,gestillan,<code>gestillan</code>,2,0.0008237
180,gewite,<code>gewite</code>,2,0.0008237
180,godspelle,<code>godspelle</code>,2,0.0008237
180,godum,<code>godum</code>,2,0.0008237
180,good,<code>good</code>,2,0.0008237
180,healfum,<code>healfum</code>,2,0.0008237
180,heofonan,<code>heofonan</code>,2,0.0008237
180,heofonum,<code>heofonum</code>,2,0.0008237
180,her,<code>her</code>,2,0.0008237
180,herede,<code>herede</code>,2,0.0008237
180,hu,<code>hu</code>,2,0.0008237
180,hwider,<code>hwider</code>,2,0.0008237
180,lichama,<code>lichama</code>,2,0.0008237
180,loca,<code>loca</code>,2,0.0008237
180,m&aelig;ge,<code>m&amp;ae;ge</code>,2,0.0008237
180,mancyn,<code>mancyn</code>,2,0.0008237
180,manna,<code>manna</code>,2,0.0008237
180,meniu,<code>meniu</code>,2,0.0008237
180,menn,<code>menn</code>,2,0.0008237
180,micel,<code>micel</code>,2,0.0008237
180,mod,<code>mod</code>,2,0.0008237
180,mode,<code>mode</code>,2,0.0008237
180,modes,<code>modes</code>,2,0.0008237
180,myrh&eth;e,<code>myrh&amp;d;e</code>,2,0.0008237
180,n&aelig;fre,<code>n&amp;ae;fre</code>,2,0.0008237
180,nahte,<code>nahte</code>,2,0.0008237
180,nearu,<code>nearu</code>,2,0.0008237
180,nis,<code>nis</code>,2,0.0008237
180,o&eth;,<code>o&amp;d;</code>,2,0.0008237
180,ongean,<code>ongean</code>,2,0.0008237
180,onliht,<code>onliht</code>,2,0.0008237
180,pinungum,<code>pinungum</code>,2,0.0008237
180,r&aelig;da&eth;,<code>r&amp;ae;da&amp;d;</code>,2,0.0008237
180,rixa&eth;,<code>rixa&amp;d;</code>,2,0.0008237
180,scolon,<code>scolon</code>,2,0.0008237
180,sculon,<code>sculon</code>,2,0.0008237
180,sit,<code>sit</code>,2,0.0008237
180,sme&eth;e,<code>sme&amp;d;e</code>,2,0.0008237
180,stemne,<code>stemne</code>,2,0.0008237
180,stent,<code>stent</code>,2,0.0008237
180,sticol,<code>sticol</code>,2,0.0008237
180,sticolan,<code>sticolan</code>,2,0.0008237
180,sylf,<code>sylf</code>,2,0.0008237
180,synnum,<code>synnum</code>,2,0.0008237
180,understandan,<code>understandan</code>,2,0.0008237
180,understent,<code>understent</code>,2,0.0008237
180,unlustas,<code>unlustas</code>,2,0.0008237
180,up,<code>up</code>,2,0.0008237
180,ures,<code>ures</code>,2,0.0008237
180,urne,<code>urne</code>,2,0.0008237
180,ut,<code>ut</code>,2,0.0008237
180,welan,<code>welan</code>,2,0.0008237
180,weorc,<code>weorc</code>,2,0.0008237
180,wi&eth;,<code>wi&amp;d;</code>,2,0.0008237
180,wile,<code>wile</code>,2,0.0008237
180,willa&eth;,<code>willa&amp;d;</code>,2,0.0008237
180,woldon,<code>woldon</code>,2,0.0008237
180,worhte,<code>worhte</code>,2,0.0008237
180,woruld,<code>woruld</code>,2,0.0008237
180,wundor,<code>wundor</code>,2,0.0008237
180,wundra,<code>wundra</code>,2,0.0008237
180,wunian,<code>wunian</code>,2,0.0008237
180,wyle,<code>wyle</code>,2,0.0008237
180,yfelan,<code>yfelan</code>,2,0.0008237
180,yfeles,<code>yfeles</code>,2,0.0008237
284,&aelig;fre,<code>&amp;ae;fre</code>,1,0.0004119
284,&aelig;fter,<code>&amp;ae;fter</code>,1,0.0004119
284,&aelig;g&eth;er,<code>&amp;ae;g&amp;d;er</code>,1,0.0004119
284,&aelig;ig&thorn;er,<code>&amp;ae;ig&amp;t;er</code>,1,0.0004119
284,&aelig;ighw&aelig;r,<code>&amp;ae;ighw&amp;ae;r</code>,1,0.0004119
284,&aelig;lcne,<code>&amp;ae;lcne</code>,1,0.0004119
284,&aelig;lmyssan,<code>&amp;ae;lmyssan</code>,1,0.0004119
284,&aelig;nig,<code>&amp;ae;nig</code>,1,0.0004119
284,&aelig;niges,<code>&amp;ae;niges</code>,1,0.0004119
284,&aelig;teowdon,<code>&amp;ae;teowdon</code>,1,0.0004119
284,&aelig;tforan,<code>&amp;ae;tforan</code>,1,0.0004119
284,&eth;&aelig;m,<code>&amp;d;&amp;ae;m</code>,1,0.0004119
284,&eth;&aelig;rrihte,<code>&amp;d;&amp;ae;rrihte</code>,1,0.0004119
284,&eth;earf,<code>&amp;d;earf</code>,1,0.0004119
284,&eth;et,<code>&amp;d;et</code>,1,0.0004119
284,&eth;on,<code>&amp;d;on</code>,1,0.0004119
284,&eth;one,<code>&amp;d;one</code>,1,0.0004119
284,&eth;riddan,<code>&amp;d;riddan</code>,1,0.0004119
284,&eth;uruh,<code>&amp;d;uruh</code>,1,0.0004119
284,&eth;y,<code>&amp;d;y</code>,1,0.0004119
284,&#275;&thorn;el,<code>&amp;e;&amp;t;el</code>,1,0.0004119
284,&#275;can,<code>&amp;e;can</code>,1,0.0004119
284,&thorn;an,<code>&amp;t;an</code>,1,0.0004119
284,&thorn;enige,<code>&amp;t;enige</code>,1,0.0004119
284,&thorn;eodum,<code>&amp;t;eodum</code>,1,0.0004119
284,&thorn;es,<code>&amp;t;es</code>,1,0.0004119
284,&thorn;inges,<code>&amp;t;inges</code>,1,0.0004119
284,&thorn;is,<code>&amp;t;is</code>,1,0.0004119
284,&thorn;ises,<code>&amp;t;ises</code>,1,0.0004119
284,&thorn;isne,<code>&amp;t;isne</code>,1,0.0004119
284,&thorn;isre,<code>&amp;t;isre</code>,1,0.0004119
284,&thorn;issera,<code>&amp;t;issera</code>,1,0.0004119
284,&thorn;riddan,<code>&amp;t;riddan</code>,1,0.0004119
284,&thorn;rowa&eth;,<code>&amp;t;rowa&amp;d;</code>,1,0.0004119
284,&thorn;urhwunia&eth;,<code>&amp;t;urhwunia&amp;d;</code>,1,0.0004119
284,&thorn;yrenum,<code>&amp;t;yrenum</code>,1,0.0004119
284,a,<code>a</code>,1,0.0004119
284,abrodene,<code>abrodene</code>,1,0.0004119
284,acenned,<code>acenned</code>,1,0.0004119
284,acennede,<code>acennede</code>,1,0.0004119
284,adames,<code>adames</code>,1,0.0004119
284,adeadod,<code>adeadod</code>,1,0.0004119
284,adsumpsit,<code>adsumpsit</code>,1,0.0004119
284,adune,<code>adune</code>,1,0.0004119
284,afyrht,<code>afyrht</code>,1,0.0004119
284,afyrhte,<code>afyrhte</code>,1,0.0004119
284,ah,<code>ah</code>,1,0.0004119
284,ahebban,<code>ahebban</code>,1,0.0004119
284,ahon,<code>ahon</code>,1,0.0004119
284,ahylde,<code>ahylde</code>,1,0.0004119
284,amen,<code>amen</code>,1,0.0004119
284,an,<code>an</code>,1,0.0004119
284,and,<code>and</code>,1,0.0004119
284,andgit,<code>andgit</code>,1,0.0004119
284,andgyte,<code>andgyte</code>,1,0.0004119
284,andweard,<code>andweard</code>,1,0.0004119
284,angin,<code>angin</code>,1,0.0004119
284,anstandende,<code>anstandende</code>,1,0.0004119
284,anum,<code>anum</code>,1,0.0004119
284,apostol,<code>apostol</code>,1,0.0004119
284,aras,<code>aras</code>,1,0.0004119
284,ascofen,<code>ascofen</code>,1,0.0004119
284,astah,<code>astah</code>,1,0.0004119
284,astigan,<code>astigan</code>,1,0.0004119
284,ateora&eth;,<code>ateora&amp;d;</code>,1,0.0004119
284,ateorunge,<code>ateorunge</code>,1,0.0004119
284,awend,<code>awend</code>,1,0.0004119
284,awriten,<code>awriten</code>,1,0.0004119
284,awritene,<code>awritene</code>,1,0.0004119
284,b&aelig;de,<code>b&amp;ae;de</code>,1,0.0004119
284,befon,<code>befon</code>,1,0.0004119
284,begange,<code>begange</code>,1,0.0004119
284,behealdan,<code>behealdan</code>,1,0.0004119
284,behofedon,<code>behofedon</code>,1,0.0004119
284,behofia&eth;,<code>behofia&amp;d;</code>,1,0.0004119
284,bel&aelig;wed,<code>bel&amp;ae;wed</code>,1,0.0004119
284,belocene,<code>belocene</code>,1,0.0004119
284,berype,<code>berype</code>,1,0.0004119
284,besarga&eth;,<code>besarga&amp;d;</code>,1,0.0004119
284,besettan,<code>besettan</code>,1,0.0004119
284,beswinga&eth;,<code>beswinga&amp;d;</code>,1,0.0004119
284,beteran,<code>beteran</code>,1,0.0004119
284,bidde,<code>bidde</code>,1,0.0004119
284,biddende,<code>biddende</code>,1,0.0004119
284,biddenne,<code>biddenne</code>,1,0.0004119
284,bigleofan,<code>bigleofan</code>,1,0.0004119
284,bismore,<code>bismore</code>,1,0.0004119
284,bisne,<code>bisne</code>,1,0.0004119
284,bit,<code>bit</code>,1,0.0004119
284,bocum,<code>bocum</code>,1,0.0004119
284,brad,<code>brad</code>,1,0.0004119
284,breig&eth;,<code>breig&amp;d;</code>,1,0.0004119
284,brucan,<code>brucan</code>,1,0.0004119
284,can,<code>can</code>,1,0.0004119
284,cann,<code>cann</code>,1,0.0004119
284,cl&aelig;ne,<code>cl&amp;ae;ne</code>,1,0.0004119
284,cl&aelig;nnysse,<code>cl&amp;ae;nnysse</code>,1,0.0004119
284,cl&aelig;num,<code>cl&amp;ae;num</code>,1,0.0004119
284,clipige,<code>clipige</code>,1,0.0004119
284,clypian,<code>clypian</code>,1,0.0004119
284,clypige,<code>clypige</code>,1,0.0004119
284,come,<code>come</code>,1,0.0004119
284,comon,<code>comon</code>,1,0.0004119
284,costnungum,<code>costnungum</code>,1,0.0004119
284,criste,<code>criste</code>,1,0.0004119
284,cristenra,<code>cristenra</code>,1,0.0004119
284,cristesbec,<code>cristesbec</code>,1,0.0004119
284,cuma&eth;,<code>cuma&amp;d;</code>,1,0.0004119
284,cume,<code>cume</code>,1,0.0004119
284,cunnon,<code>cunnon</code>,1,0.0004119
284,cweartern,<code>cweartern</code>,1,0.0004119
284,cwy&eth;,<code>cwy&amp;d;</code>,1,0.0004119
284,cy&thorn;an,<code>cy&amp;t;an</code>,1,0.0004119
284,cynehelme,<code>cynehelme</code>,1,0.0004119
284,dea&eth;,<code>dea&amp;d;</code>,1,0.0004119
284,dead,<code>dead</code>,1,0.0004119
284,deadlice,<code>deadlice</code>,1,0.0004119
284,deofel,<code>deofel</code>,1,0.0004119
284,deor,<code>deor</code>,1,0.0004119
284,derian,<code>derian</code>,1,0.0004119
284,diacones,<code>diacones</code>,1,0.0004119
284,digelan,<code>digelan</code>,1,0.0004119
284,digle,<code>digle</code>,1,0.0004119
284,discipulos,<code>discipulos</code>,1,0.0004119
284,do&eth;,<code>do&amp;d;</code>,1,0.0004119
284,dominica,<code>dominica</code>,1,0.0004119
284,doo&eth;,<code>doo&amp;d;</code>,1,0.0004119
284,drecce,<code>drecce</code>,1,0.0004119
284,drihten,<code>drihten</code>,1,0.0004119
284,drihtne,<code>drihtne</code>,1,0.0004119
284,drium,<code>drium</code>,1,0.0004119
284,druncennysse,<code>druncennysse</code>,1,0.0004119
284,dugu&eth;e,<code>dugu&amp;d;e</code>,1,0.0004119
284,dune,<code>dune</code>,1,0.0004119
284,duodecim,<code>duodecim</code>,1,0.0004119
284,dyde,<code>dyde</code>,1,0.0004119
284,dysig,<code>dysig</code>,1,0.0004119
284,e&eth;el,<code>e&amp;d;el</code>,1,0.0004119
284,e&eth;ele,<code>e&amp;d;ele</code>,1,0.0004119
284,ea&eth;e,<code>ea&amp;d;e</code>,1,0.0004119
284,ea&eth;modnysse,<code>ea&amp;d;modnysse</code>,1,0.0004119
284,eagan,<code>eagan</code>,1,0.0004119
284,eage,<code>eage</code>,1,0.0004119
284,ealdan,<code>ealdan</code>,1,0.0004119
284,ealles,<code>ealles</code>,1,0.0004119
284,eallum,<code>eallum</code>,1,0.0004119
284,earfo&eth;nysse,<code>earfo&amp;d;nysse</code>,1,0.0004119
284,earfo&eth;ran,<code>earfo&amp;d;ran</code>,1,0.0004119
284,edwit,<code>edwit</code>,1,0.0004119
284,efne,<code>efne</code>,1,0.0004119
284,efstan,<code>efstan</code>,1,0.0004119
284,eft,<code>eft</code>,1,0.0004119
284,englum,<code>englum</code>,1,0.0004119
284,eodon,<code>eodon</code>,1,0.0004119
284,eom,<code>eom</code>,1,0.0004119
284,eower,<code>eower</code>,1,0.0004119
284,et,<code>et</code>,1,0.0004119
284,f&aelig;der,<code>f&amp;ae;der</code>,1,0.0004119
284,f&aelig;rr,<code>f&amp;ae;rr</code>,1,0.0004119
284,feond,<code>feond</code>,1,0.0004119
284,feorran,<code>feorran</code>,1,0.0004119
284,fili&eth;,<code>fili&amp;d;</code>,1,0.0004119
284,filian,<code>filian</code>,1,0.0004119
284,filide,<code>filide</code>,1,0.0004119
284,fleah,<code>fleah</code>,1,0.0004119
284,for&eth;fara&eth;,<code>for&amp;d;fara&amp;d;</code>,1,0.0004119
284,forgeaf,<code>forgeaf</code>,1,0.0004119
284,forgif&eth;,<code>forgif&amp;d;</code>,1,0.0004119
284,forseo&eth;,<code>forseo&amp;d;</code>,1,0.0004119
284,fotswa&eth;um,<code>fotswa&amp;d;um</code>,1,0.0004119
284,fotum,<code>fotum</code>,1,0.0004119
284,freond,<code>freond</code>,1,0.0004119
284,fugelas,<code>fugelas</code>,1,0.0004119
284,fultume,<code>fultume</code>,1,0.0004119
284,fyl&eth;,<code>fyl&amp;d;</code>,1,0.0004119
284,fylide,<code>fylide</code>,1,0.0004119
284,fylige,<code>fylige</code>,1,0.0004119
284,fyrmest,<code>fyrmest</code>,1,0.0004119
284,galnysse,<code>galnysse</code>,1,0.0004119
284,gange,<code>gange</code>,1,0.0004119
284,gastlican,<code>gastlican</code>,1,0.0004119
284,gastlicum,<code>gastlicum</code>,1,0.0004119
284,ge&thorn;ohtas,<code>ge&amp;t;ohtas</code>,1,0.0004119
284,ge&thorn;uht,<code>ge&amp;t;uht</code>,1,0.0004119
284,geandette,<code>geandette</code>,1,0.0004119
284,gebedu,<code>gebedu</code>,1,0.0004119
284,gebete,<code>gebete</code>,1,0.0004119
284,gebiddan,<code>gebiddan</code>,1,0.0004119
284,gebisnunge,<code>gebisnunge</code>,1,0.0004119
284,gebrinc&eth;,<code>gebrinc&amp;d;</code>,1,0.0004119
284,gebringa&eth;,<code>gebringa&amp;d;</code>,1,0.0004119
284,gebroht,<code>gebroht</code>,1,0.0004119
284,gecoren,<code>gecoren</code>,1,0.0004119
284,gecweden,<code>gecweden</code>,1,0.0004119
284,gecwemelice,<code>gecwemelice</code>,1,0.0004119
284,gecyrran,<code>gecyrran</code>,1,0.0004119
284,gedrefa&eth;,<code>gedrefa&amp;d;</code>,1,0.0004119
284,gedwylde,<code>gedwylde</code>,1,0.0004119
284,gedwyldum,<code>gedwyldum</code>,1,0.0004119
284,geearnian,<code>geearnian</code>,1,0.0004119
284,geearnungum,<code>geearnungum</code>,1,0.0004119
284,geefenl&aelig;can,<code>geefenl&amp;ae;can</code>,1,0.0004119
284,geefenl&#275;ce,<code>geefenl&amp;e;ce</code>,1,0.0004119
284,geendad,<code>geendad</code>,1,0.0004119
284,geendod,<code>geendod</code>,1,0.0004119
284,geferan,<code>geferan</code>,1,0.0004119
284,gefrema&eth;,<code>gefrema&amp;d;</code>,1,0.0004119
284,gefyllan,<code>gefyllan</code>,1,0.0004119
284,gefylle,<code>gefylle</code>,1,0.0004119
284,gefyllede,<code>gefyllede</code>,1,0.0004119
284,geh&aelig;lan,<code>geh&amp;ae;lan</code>,1,0.0004119
284,gehealden,<code>gehealden</code>,1,0.0004119
284,gehierdon,<code>gehierdon</code>,1,0.0004119
284,gehwa,<code>gehwa</code>,1,0.0004119
284,gehwilce,<code>gehwilce</code>,1,0.0004119
284,gehyran,<code>gehyran</code>,1,0.0004119
284,gehyrte,<code>gehyrte</code>,1,0.0004119
284,gel&aelig;ccan,<code>gel&amp;ae;ccan</code>,1,0.0004119
284,gel&aelig;da&eth;,<code>gel&amp;ae;da&amp;d;</code>,1,0.0004119
284,gel&aelig;t,<code>gel&amp;ae;t</code>,1,0.0004119
284,gelamp,<code>gelamp</code>,1,0.0004119
284,geleafleaste,<code>geleafleaste</code>,1,0.0004119
284,gelicre,<code>gelicre</code>,1,0.0004119
284,gelimp&eth;,<code>gelimp&amp;d;</code>,1,0.0004119
284,gelomlice,<code>gelomlice</code>,1,0.0004119
284,gem&aelig;ne,<code>gem&amp;ae;ne</code>,1,0.0004119
284,gemahglice,<code>gemahglice</code>,1,0.0004119
284,gemet,<code>gemet</code>,1,0.0004119
284,gename,<code>gename</code>,1,0.0004119
284,geneal&aelig;c&eth;,<code>geneal&amp;ae;c&amp;d;</code>,1,0.0004119
284,geneal&aelig;hte,<code>geneal&amp;ae;hte</code>,1,0.0004119
284,geneal&aelig;hton,<code>geneal&amp;ae;hton</code>,1,0.0004119
284,georne,<code>georne</code>,1,0.0004119
284,ger&aelig;d,<code>ger&amp;ae;d</code>,1,0.0004119
284,gereht,<code>gereht</code>,1,0.0004119
284,geryno,<code>geryno</code>,1,0.0004119
284,ges&aelig;l&eth;e,<code>ges&amp;ae;l&amp;d;e</code>,1,0.0004119
284,gesceapene,<code>gesceapene</code>,1,0.0004119
284,gesewenlic,<code>gesewenlic</code>,1,0.0004119
284,gesewenlican,<code>gesewenlican</code>,1,0.0004119
284,gesewenlice,<code>gesewenlice</code>,1,0.0004119
284,gesih&thorn;e,<code>gesih&amp;t;e</code>,1,0.0004119
284,gestrangian,<code>gestrangian</code>,1,0.0004119
284,geswican,<code>geswican</code>,1,0.0004119
284,geswice,<code>geswice</code>,1,0.0004119
284,geswinc,<code>geswinc</code>,1,0.0004119
284,geswince,<code>geswince</code>,1,0.0004119
284,geswincum,<code>geswincum</code>,1,0.0004119
284,geswynce,<code>geswynce</code>,1,0.0004119
284,gesyh&eth;e,<code>gesyh&amp;d;e</code>,1,0.0004119
284,getacnedon,<code>getacnedon</code>,1,0.0004119
284,geteald,<code>geteald</code>,1,0.0004119
284,getrymde,<code>getrymde</code>,1,0.0004119
284,getrymman,<code>getrymman</code>,1,0.0004119
284,gewend,<code>gewend</code>,1,0.0004119
284,gewendon,<code>gewendon</code>,1,0.0004119
284,gewillnian,<code>gewillnian</code>,1,0.0004119
284,gewitendlice,<code>gewitendlice</code>,1,0.0004119
284,geworhte,<code>geworhte</code>,1,0.0004119
284,gife,<code>gife</code>,1,0.0004119
284,gimeleaste,<code>gimeleaste</code>,1,0.0004119
284,ginige,<code>ginige</code>,1,0.0004119
284,gitsunge,<code>gitsunge</code>,1,0.0004119
284,godcundlice,<code>godcundlice</code>,1,0.0004119
284,godcundre,<code>godcundre</code>,1,0.0004119
284,godnysse,<code>godnysse</code>,1,0.0004119
284,godre,<code>godre</code>,1,0.0004119
284,godspelles,<code>godspelles</code>,1,0.0004119
284,goldes,<code>goldes</code>,1,0.0004119
284,gooda,<code>gooda</code>,1,0.0004119
284,gyldenum,<code>gyldenum</code>,1,0.0004119
284,gylt,<code>gylt</code>,1,0.0004119
284,gyltas,<code>gyltas</code>,1,0.0004119
284,gyt,<code>gyt</code>,1,0.0004119
284,h&aelig;fde,<code>h&amp;ae;fde</code>,1,0.0004119
284,h&aelig;fst,<code>h&amp;ae;fst</code>,1,0.0004119
284,h&aelig;htum,<code>h&amp;ae;htum</code>,1,0.0004119
284,halig,<code>halig</code>,1,0.0004119
284,halige,<code>halige</code>,1,0.0004119
284,hellewite,<code>hellewite</code>,1,0.0004119
284,heofonlica,<code>heofonlica</code>,1,0.0004119
284,heofonlican,<code>heofonlican</code>,1,0.0004119
284,heofonrice,<code>heofonrice</code>,1,0.0004119
284,heorte,<code>heorte</code>,1,0.0004119
284,het,<code>het</code>,1,0.0004119
284,heton,<code>heton</code>,1,0.0004119
284,hierusalem,<code>hierusalem</code>,1,0.0004119
284,hiht,<code>hiht</code>,1,0.0004119
284,hio,<code>hio</code>,1,0.0004119
284,hola,<code>hola</code>,1,0.0004119
284,hosp,<code>hosp</code>,1,0.0004119
284,hreame,<code>hreame</code>,1,0.0004119
284,hremma&eth;,<code>hremma&amp;d;</code>,1,0.0004119
284,hrepode,<code>hrepode</code>,1,0.0004119
284,hrym&aelig;nne,<code>hrym&amp;ae;nne</code>,1,0.0004119
284,hryman,<code>hryman</code>,1,0.0004119
284,hrymde,<code>hrymde</code>,1,0.0004119
284,hw&aelig;r,<code>hw&amp;ae;r</code>,1,0.0004119
284,hw&aelig;s,<code>hw&amp;ae;s</code>,1,0.0004119
284,hwile,<code>hwile</code>,1,0.0004119
284,hwiltidum,<code>hwiltidum</code>,1,0.0004119
284,hwilwendlican,<code>hwilwendlican</code>,1,0.0004119
284,hwilwendlice,<code>hwilwendlice</code>,1,0.0004119
284,hyht,<code>hyht</code>,1,0.0004119
284,iesus,<code>iesus</code>,1,0.0004119
284,in,<code>in</code>,1,0.0004119
284,inweardre,<code>inweardre</code>,1,0.0004119
284,iudeiscean,<code>iudeiscean</code>,1,0.0004119
284,l&aelig;dan,<code>l&amp;ae;dan</code>,1,0.0004119
284,la,<code>la</code>,1,0.0004119
284,land,<code>land</code>,1,0.0004119
284,lande,<code>lande</code>,1,0.0004119
284,lange,<code>lange</code>,1,0.0004119
284,lare,<code>lare</code>,1,0.0004119
284,lareowes,<code>lareowes</code>,1,0.0004119
284,lease,<code>lease</code>,1,0.0004119
284,leof,<code>leof</code>,1,0.0004119
284,leofa&eth;,<code>leofa&amp;d;</code>,1,0.0004119
284,leofode,<code>leofode</code>,1,0.0004119
284,leofran,<code>leofran</code>,1,0.0004119
284,leohtum,<code>leohtum</code>,1,0.0004119
284,leorninccnihtum,<code>leorninccnihtum</code>,1,0.0004119
284,leornincgcnihtas,<code>leornincgcnihtas</code>,1,0.0004119
284,leorningcnihtas,<code>leorningcnihtas</code>,1,0.0004119
284,leorningcnihtum,<code>leorningcnihtum</code>,1,0.0004119
284,lichamlice,<code>lichamlice</code>,1,0.0004119
284,licie,<code>licie</code>,1,0.0004119
284,licigea&eth;,<code>licigea&amp;d;</code>,1,0.0004119
284,lifes,<code>lifes</code>,1,0.0004119
284,liif,<code>liif</code>,1,0.0004119
284,lim,<code>lim</code>,1,0.0004119
284,lufe,<code>lufe</code>,1,0.0004119
284,lufia&eth;,<code>lufia&amp;d;</code>,1,0.0004119
284,lufian,<code>lufian</code>,1,0.0004119
284,lufige,<code>lufige</code>,1,0.0004119
284,lufon,<code>lufon</code>,1,0.0004119
284,lustas,<code>lustas</code>,1,0.0004119
284,lyste,<code>lyste</code>,1,0.0004119
284,m&aelig;&eth;e,<code>m&amp;ae;&amp;d;e</code>,1,0.0004119
284,m&aelig;nigfealdum,<code>m&amp;ae;nigfealdum</code>,1,0.0004119
284,m&aelig;rsode,<code>m&amp;ae;rsode</code>,1,0.0004119
284,mancynn,<code>mancynn</code>,1,0.0004119
284,mannum,<code>mannum</code>,1,0.0004119
284,mare,<code>mare</code>,1,0.0004119
284,menniscnesse,<code>menniscnesse</code>,1,0.0004119
284,micele,<code>micele</code>,1,0.0004119
284,micelre,<code>micelre</code>,1,0.0004119
284,mildheortnysse,<code>mildheortnysse</code>,1,0.0004119
284,misl&aelig;t,<code>misl&amp;ae;t</code>,1,0.0004119
284,modignysse,<code>modignysse</code>,1,0.0004119
284,mon&eth;e,<code>mon&amp;d;e</code>,1,0.0004119
284,monan,<code>monan</code>,1,0.0004119
284,mood,<code>mood</code>,1,0.0004119
284,mu&eth;,<code>mu&amp;d;</code>,1,0.0004119
284,mu&eth;e,<code>mu&amp;d;e</code>,1,0.0004119
284,myrige,<code>myrige</code>,1,0.0004119
284,n&aelig;bbe,<code>n&amp;ae;bbe</code>,1,0.0004119
284,n&#275;,<code>n&amp;e;</code>,1,0.0004119
284,na&eth;or,<code>na&amp;d;or</code>,1,0.0004119
284,nane,<code>nane</code>,1,0.0004119
284,neorxnawanges,<code>neorxnawanges</code>,1,0.0004119
284,nest,<code>nest</code>,1,0.0004119
284,niht,<code>niht</code>,1,0.0004119
284,nihte,<code>nihte</code>,1,0.0004119
284,niman,<code>niman</code>,1,0.0004119
284,nym&eth;,<code>nym&amp;d;</code>,1,0.0004119
284,nyste,<code>nyste</code>,1,0.0004119
284,nyston,<code>nyston</code>,1,0.0004119
284,nytenum,<code>nytenum</code>,1,0.0004119
284,o&eth;&eth;e,<code>o&amp;d;&amp;d;e</code>,1,0.0004119
284,o&eth;ra,<code>o&amp;d;ra</code>,1,0.0004119
284,ofsitta&eth;,<code>ofsitta&amp;d;</code>,1,0.0004119
284,ofslea&eth;,<code>ofslea&amp;d;</code>,1,0.0004119
284,onbryrd,<code>onbryrd</code>,1,0.0004119
284,onbryrdnysse,<code>onbryrdnysse</code>,1,0.0004119
284,oncn&aelig;w&eth;,<code>oncn&amp;ae;w&amp;d;</code>,1,0.0004119
284,ongeat,<code>ongeat</code>,1,0.0004119
284,onlihtan,<code>onlihtan</code>,1,0.0004119
284,onlihttinge,<code>onlihttinge</code>,1,0.0004119
284,onscunige,<code>onscunige</code>,1,0.0004119
284,onsundran,<code>onsundran</code>,1,0.0004119
284,open,<code>open</code>,1,0.0004119
284,petrus,<code>petrus</code>,1,0.0004119
284,qvinqvagessima,<code>qvinqvagessima</code>,1,0.0004119
284,r&aelig;dde,<code>r&amp;ae;dde</code>,1,0.0004119
284,reliqua,<code>reliqua</code>,1,0.0004119
284,resta&eth;,<code>resta&amp;d;</code>,1,0.0004119
284,reute,<code>reute</code>,1,0.0004119
284,rihtlice,<code>rihtlice</code>,1,0.0004119
284,rihtwisnesse,<code>rihtwisnesse</code>,1,0.0004119
284,rixian,<code>rixian</code>,1,0.0004119
284,rode,<code>rode</code>,1,0.0004119
284,rohte,<code>rohte</code>,1,0.0004119
284,rum,<code>rum</code>,1,0.0004119
284,s&aelig;,<code>s&amp;ae;</code>,1,0.0004119
284,sawulleas,<code>sawulleas</code>,1,0.0004119
284,sceolde,<code>sceolde</code>,1,0.0004119
284,sceoldon,<code>sceoldon</code>,1,0.0004119
284,sceole,<code>sceole</code>,1,0.0004119
284,sceolun,<code>sceolun</code>,1,0.0004119
284,scortan,<code>scortan</code>,1,0.0004119
284,scrifte,<code>scrifte</code>,1,0.0004119
284,sculan,<code>sculan</code>,1,0.0004119
284,sealde,<code>sealde</code>,1,0.0004119
284,segene,<code>segene</code>,1,0.0004119
284,seolfres,<code>seolfres</code>,1,0.0004119
284,si,<code>si</code>,1,0.0004119
284,sitt,<code>sitt</code>,1,0.0004119
284,sme&eth;an,<code>sme&amp;d;an</code>,1,0.0004119
284,smea&eth;,<code>smea&amp;d;</code>,1,0.0004119
284,smeagan,<code>smeagan</code>,1,0.0004119
284,so&eth;e,<code>so&amp;d;e</code>,1,0.0004119
284,so&eth;f&aelig;stness,<code>so&amp;d;f&amp;ae;stness</code>,1,0.0004119
284,so&eth;f&aelig;stnysse,<code>so&amp;d;f&amp;ae;stnysse</code>,1,0.0004119
284,softe,<code>softe</code>,1,0.0004119
284,softnysse,<code>softnysse</code>,1,0.0004119
284,stede,<code>stede</code>,1,0.0004119
284,stille,<code>stille</code>,1,0.0004119
284,sume,<code>sume</code>,1,0.0004119
284,sumere,<code>sumere</code>,1,0.0004119
284,suos,<code>suos</code>,1,0.0004119
284,suwian,<code>suwian</code>,1,0.0004119
284,swicelum,<code>swicelum</code>,1,0.0004119
284,swilce,<code>swilce</code>,1,0.0004119
284,swincon,<code>swincon</code>,1,0.0004119
284,sy&eth;&eth;an,<code>sy&amp;d;&amp;d;an</code>,1,0.0004119
284,sylfum,<code>sylfum</code>,1,0.0004119
284,synfulle,<code>synfulle</code>,1,0.0004119
284,synna,<code>synna</code>,1,0.0004119
284,synt,<code>synt</code>,1,0.0004119
284,t&aelig;ce,<code>t&amp;ae;ce</code>,1,0.0004119
284,t&aelig;cunge,<code>t&amp;ae;cunge</code>,1,0.0004119
284,teah,<code>teah</code>,1,0.0004119
284,tealde,<code>tealde</code>,1,0.0004119
284,tid,<code>tid</code>,1,0.0004119
284,tiht,<code>tiht</code>,1,0.0004119
284,tihte,<code>tihte</code>,1,0.0004119
284,tima,<code>tima</code>,1,0.0004119
284,timan,<code>timan</code>,1,0.0004119
284,tintregum,<code>tintregum</code>,1,0.0004119
284,tocyme,<code>tocyme</code>,1,0.0004119
284,todr&aelig;fe,<code>todr&amp;ae;fe</code>,1,0.0004119
284,todr&aelig;fed,<code>todr&amp;ae;fed</code>,1,0.0004119
284,toweardan,<code>toweardan</code>,1,0.0004119
284,twelf,<code>twelf</code>,1,0.0004119
284,twyna&eth;,<code>twyna&amp;d;</code>,1,0.0004119
284,twynian,<code>twynian</code>,1,0.0004119
284,un&eth;ances,<code>un&amp;d;ances</code>,1,0.0004119
284,un&eth;eawas,<code>un&amp;d;eawas</code>,1,0.0004119
284,unbiddende,<code>unbiddende</code>,1,0.0004119
284,undergytan,<code>undergytan</code>,1,0.0004119
284,undergytt,<code>undergytt</code>,1,0.0004119
284,ungeleafful,<code>ungeleafful</code>,1,0.0004119
284,ungerade,<code>ungerade</code>,1,0.0004119
284,ungesewenlice,<code>ungesewenlice</code>,1,0.0004119
284,ungesewenlicere,<code>ungesewenlicere</code>,1,0.0004119
284,unstrangan,<code>unstrangan</code>,1,0.0004119
284,ute,<code>ute</code>,1,0.0004119
284,vton,<code>vton</code>,1,0.0004119
284,w&aelig;ig,<code>w&amp;ae;ig</code>,1,0.0004119
284,w&aelig;tere,<code>w&amp;ae;tere</code>,1,0.0004119
284,w&#275;ig,<code>w&amp;e;ig</code>,1,0.0004119
284,wana&eth;,<code>wana&amp;d;</code>,1,0.0004119
284,waniende,<code>waniende</code>,1,0.0004119
284,wat,<code>wat</code>,1,0.0004119
284,weg,<code>weg</code>,1,0.0004119
284,weigferenda,<code>weigferenda</code>,1,0.0004119
284,wel,<code>wel</code>,1,0.0004119
284,wenst,<code>wenst</code>,1,0.0004119
284,weorcum,<code>weorcum</code>,1,0.0004119
284,weredes,<code>weredes</code>,1,0.0004119
284,wersan,<code>wersan</code>,1,0.0004119
284,wexende,<code>wexende</code>,1,0.0004119
284,wi&eth;meten,<code>wi&amp;d;meten</code>,1,0.0004119
284,willan,<code>willan</code>,1,0.0004119
284,wilt,<code>wilt</code>,1,0.0004119
284,win&eth;,<code>win&amp;d;</code>,1,0.0004119
284,wissa&eth;,<code>wissa&amp;d;</code>,1,0.0004119
284,witegan,<code>witegan</code>,1,0.0004119
284,worda,<code>worda</code>,1,0.0004119
284,worde,<code>worde</code>,1,0.0004119
284,woruldlican,<code>woruldlican</code>,1,0.0004119
284,woruldlice,<code>woruldlice</code>,1,0.0004119
284,wr&aelig;csi&eth;,<code>wr&amp;ae;csi&amp;d;</code>,1,0.0004119
284,wundre,<code>wundre</code>,1,0.0004119
284,wuniende,<code>wuniende</code>,1,0.0004119
284,wur&eth;mynt,<code>wur&amp;d;mynt</code>,1,0.0004119
284,wur&eth;myntas,<code>wur&amp;d;myntas</code>,1,0.0004119
284,wurdon,<code>wurdon</code>,1,0.0004119
284,wylt,<code>wylt</code>,1,0.0004119
284,wyrcan,<code>wyrcan</code>,1,0.0004119
284,wyrce,<code>wyrce</code>,1,0.0004119
284,wyrcean,<code>wyrcean</code>,1,0.0004119
284,wyrh&eth;,<code>wyrh&amp;d;</code>,1,0.0004119
284,wyx&eth;,<code>wyx&amp;d;</code>,1,0.0004119
284,yfel,<code>yfel</code>,1,0.0004119
284,yfelum,<code>yfelum</code>,1,0.0004119
