B_Prose,B01,B01.002.011_AECHom_II__10_T02610.txt,1219,825,3303
RANK,HTML WORD,RAW WORD,COUNT,RELATIVE FREQUENCY
1,and,<code>and</code>,124,0.0375416
2,his,<code>his</code>,96,0.0290645
3,&eth;a,<code>&amp;d;a</code>,92,0.0278535
4,on,<code>on</code>,91,0.0275507
5,he,<code>he</code>,87,0.0263397
6,mid,<code>mid</code>,77,0.0233121
7,&thorn;&aelig;t,<code>&amp;t;&amp;ae;t</code>,70,0.0211929
7,to,<code>to</code>,70,0.0211929
9,se,<code>se</code>,65,0.0196791
10,&eth;am,<code>&amp;d;am</code>,50,0.0151378
11,&thorn;a,<code>&amp;t;a</code>,39,0.0118074
11,swa,<code>swa</code>,39,0.0118074
13,hi,<code>hi</code>,36,0.0108992
14,him,<code>him</code>,33,0.0099909
15,&eth;e,<code>&amp;d;e</code>,29,0.0087799
16,ne,<code>ne</code>,23,0.0069634
17,w&aelig;s,<code>w&amp;ae;s</code>,22,0.0066606
18,halga,<code>halga</code>,21,0.0063579
19,cu&eth;berhtus,<code>cu&amp;d;berhtus</code>,19,0.0057523
19,hine,<code>hine</code>,19,0.0057523
21,ac,<code>ac</code>,18,0.0054496
22,&aelig;r,<code>&amp;ae;r</code>,17,0.0051468
23,cw&aelig;&eth;,<code>cw&amp;ae;&amp;d;</code>,16,0.0048441
23,heora,<code>heora</code>,16,0.0048441
25,hire,<code>hire</code>,15,0.0045413
25,of,<code>of</code>,15,0.0045413
25,wolde,<code>wolde</code>,15,0.0045413
28,&thorn;&aelig;s,<code>&amp;t;&amp;ae;s</code>,13,0.0039358
28,sum,<code>sum</code>,13,0.0039358
28,swi&eth;e,<code>swi&amp;d;e</code>,13,0.0039358
31,&aelig;fter,<code>&amp;ae;fter</code>,12,0.0036331
31,&eth;one,<code>&amp;d;one</code>,12,0.0036331
33,&eth;&aelig;s,<code>&amp;d;&amp;ae;s</code>,11,0.0033303
33,&thorn;e,<code>&amp;t;e</code>,11,0.0033303
33,hit,<code>hit</code>,11,0.0033303
33,lare,<code>lare</code>,11,0.0033303
33,wear&eth;,<code>wear&amp;d;</code>,11,0.0033303
38,&eth;&aelig;r,<code>&amp;d;&amp;ae;r</code>,10,0.0030276
38,&eth;&aelig;re,<code>&amp;d;&amp;ae;re</code>,10,0.0030276
38,&eth;urh,<code>&amp;d;urh</code>,10,0.0030276
38,halgan,<code>halgan</code>,10,0.0030276
42,&aelig;lmihtiga,<code>&amp;ae;lmihtiga</code>,9,0.0027248
42,&thorn;one,<code>&amp;t;one</code>,9,0.0027248
42,&thorn;urh,<code>&amp;t;urh</code>,9,0.0027248
42,ealle,<code>ealle</code>,9,0.0027248
42,eft,<code>eft</code>,9,0.0027248
42,heo,<code>heo</code>,9,0.0027248
42,hw&aelig;t,<code>hw&amp;ae;t</code>,9,0.0027248
42,sona,<code>sona</code>,9,0.0027248
42,wer,<code>wer</code>,9,0.0027248
51,&eth;isum,<code>&amp;d;isum</code>,8,0.0024220
51,&thorn;am,<code>&amp;t;am</code>,8,0.0024220
51,eac,<code>eac</code>,8,0.0024220
51,for,<code>for</code>,8,0.0024220
51,gif,<code>gif</code>,8,0.0024220
51,god,<code>god</code>,8,0.0024220
51,ic,<code>ic</code>,8,0.0024220
51,life,<code>life</code>,8,0.0024220
51,mihte,<code>mihte</code>,8,0.0024220
51,moste,<code>moste</code>,8,0.0024220
51,si&eth;&eth;an,<code>si&amp;d;&amp;d;an</code>,8,0.0024220
62,&aelig;t,<code>&amp;ae;t</code>,7,0.0021193
62,&eth;eah,<code>&amp;d;eah</code>,7,0.0021193
62,biscop,<code>biscop</code>,7,0.0021193
62,com,<code>com</code>,7,0.0021193
62,micclum,<code>micclum</code>,7,0.0021193
62,sylf,<code>sylf</code>,7,0.0021193
62,wordum,<code>wordum</code>,7,0.0021193
69,be,<code>be</code>,6,0.0018165
69,d&aelig;ge,<code>d&amp;ae;ge</code>,6,0.0018165
69,ferde,<code>ferde</code>,6,0.0018165
69,gode,<code>gode</code>,6,0.0018165
69,hus,<code>hus</code>,6,0.0018165
69,o&eth;,<code>o&amp;d;</code>,6,0.0018165
69,w&aelig;re,<code>w&amp;ae;re</code>,6,0.0018165
76,&thorn;&aelig;re,<code>&amp;t;&amp;ae;re</code>,5,0.0015138
76,cild,<code>cild</code>,5,0.0015138
76,cneow,<code>cneow</code>,5,0.0015138
76,eadigan,<code>eadigan</code>,5,0.0015138
76,folce,<code>folce</code>,5,0.0015138
76,geare,<code>geare</code>,5,0.0015138
76,ges&aelig;t,<code>ges&amp;ae;t</code>,5,0.0015138
76,geu&eth;e,<code>geu&amp;d;e</code>,5,0.0015138
76,is,<code>is</code>,5,0.0015138
76,lande,<code>lande</code>,5,0.0015138
76,lifes,<code>lifes</code>,5,0.0015138
76,plegan,<code>plegan</code>,5,0.0015138
76,s&aelig;,<code>s&amp;ae;</code>,5,0.0015138
76,s&aelig;de,<code>s&amp;ae;de</code>,5,0.0015138
76,sceolde,<code>sceolde</code>,5,0.0015138
76,sume,<code>sume</code>,5,0.0015138
76,symle,<code>symle</code>,5,0.0015138
93,&eth;ises,<code>&amp;d;ises</code>,4,0.0012110
93,&eth;u,<code>&amp;d;u</code>,4,0.0012110
93,&thorn;&aelig;r,<code>&amp;t;&amp;ae;r</code>,4,0.0012110
93,&thorn;onne,<code>&amp;t;onne</code>,4,0.0012110
93,asende,<code>asende</code>,4,0.0012110
93,aweg,<code>aweg</code>,4,0.0012110
93,b&aelig;d,<code>b&amp;ae;d</code>,4,0.0012110
93,begann,<code>begann</code>,4,0.0012110
93,bi&eth;,<code>bi&amp;d;</code>,4,0.0012110
93,biddende,<code>biddende</code>,4,0.0012110
93,brucan,<code>brucan</code>,4,0.0012110
93,comon,<code>comon</code>,4,0.0012110
93,eadiga,<code>eadiga</code>,4,0.0012110
93,eallunge,<code>eallunge</code>,4,0.0012110
93,ecgfridus,<code>ecgfridus</code>,4,0.0012110
93,godes,<code>godes</code>,4,0.0012110
93,halgum,<code>halgum</code>,4,0.0012110
93,heofonan,<code>heofonan</code>,4,0.0012110
93,hereberhtus,<code>hereberhtus</code>,4,0.0012110
93,het,<code>het</code>,4,0.0012110
93,hu,<code>hu</code>,4,0.0012110
93,igland,<code>igland</code>,4,0.0012110
93,licgende,<code>licgende</code>,4,0.0012110
93,me,<code>me</code>,4,0.0012110
93,mihton,<code>mihton</code>,4,0.0012110
93,mode,<code>mode</code>,4,0.0012110
93,o&eth;rum,<code>o&amp;d;rum</code>,4,0.0012110
93,ofer,<code>ofer</code>,4,0.0012110
93,spr&aelig;ce,<code>spr&amp;ae;ce</code>,4,0.0012110
93,swilce,<code>swilce</code>,4,0.0012110
93,sylfne,<code>sylfne</code>,4,0.0012110
93,sylfum,<code>sylfum</code>,4,0.0012110
93,timan,<code>timan</code>,4,0.0012110
93,wif,<code>wif</code>,4,0.0012110
93,wundra,<code>wundra</code>,4,0.0012110
93,wurdon,<code>wurdon</code>,4,0.0012110
129,&aelig;lfl&aelig;d,<code>&amp;ae;lfl&amp;ae;d</code>,3,0.0009083
129,&eth;&aelig;ra,<code>&amp;d;&amp;ae;ra</code>,3,0.0009083
129,&eth;&aelig;rrihte,<code>&amp;d;&amp;ae;rrihte</code>,3,0.0009083
129,&eth;an,<code>&amp;d;an</code>,3,0.0009083
129,&eth;onne,<code>&amp;d;onne</code>,3,0.0009083
129,&thorn;u,<code>&amp;t;u</code>,3,0.0009083
129,&thorn;yssere,<code>&amp;t;yssere</code>,3,0.0009083
129,afligde,<code>afligde</code>,3,0.0009083
129,an,<code>an</code>,3,0.0009083
129,ana,<code>ana</code>,3,0.0009083
129,anes,<code>anes</code>,3,0.0009083
129,b&aelig;don,<code>b&amp;ae;don</code>,3,0.0009083
129,betwux,<code>betwux</code>,3,0.0009083
129,bigleofan,<code>bigleofan</code>,3,0.0009083
129,biscope,<code>biscope</code>,3,0.0009083
129,bletsunge,<code>bletsunge</code>,3,0.0009083
129,breac,<code>breac</code>,3,0.0009083
129,bro&eth;er,<code>bro&amp;d;er</code>,3,0.0009083
129,cildes,<code>cildes</code>,3,0.0009083
129,cu&thorn;berhtus,<code>cu&amp;t;berhtus</code>,3,0.0009083
129,cuma,<code>cuma</code>,3,0.0009083
129,cuman,<code>cuman</code>,3,0.0009083
129,dreorig,<code>dreorig</code>,3,0.0009083
129,drihtnes,<code>drihtnes</code>,3,0.0009083
129,eal,<code>eal</code>,3,0.0009083
129,earn,<code>earn</code>,3,0.0009083
129,eawf&aelig;st,<code>eawf&amp;ae;st</code>,3,0.0009083
129,efne,<code>efne</code>,3,0.0009083
129,engel,<code>engel</code>,3,0.0009083
129,eor&eth;an,<code>eor&amp;d;an</code>,3,0.0009083
129,eow,<code>eow</code>,3,0.0009083
129,f&aelig;rlice,<code>f&amp;ae;rlice</code>,3,0.0009083
129,fela,<code>fela</code>,3,0.0009083
129,ferdon,<code>ferdon</code>,3,0.0009083
129,folc,<code>folc</code>,3,0.0009083
129,folces,<code>folces</code>,3,0.0009083
129,for&eth;,<code>for&amp;d;</code>,3,0.0009083
129,fores&aelig;de,<code>fores&amp;ae;de</code>,3,0.0009083
129,foton,<code>foton</code>,3,0.0009083
129,fram,<code>fram</code>,3,0.0009083
129,gebedu,<code>gebedu</code>,3,0.0009083
129,geh&aelig;fd,<code>geh&amp;ae;fd</code>,3,0.0009083
129,geh&aelig;lde,<code>geh&amp;ae;lde</code>,3,0.0009083
129,gehaten,<code>gehaten</code>,3,0.0009083
129,gelome,<code>gelome</code>,3,0.0009083
129,geseah,<code>geseah</code>,3,0.0009083
129,geworhte,<code>geworhte</code>,3,0.0009083
129,gymdon,<code>gymdon</code>,3,0.0009083
129,h&aelig;fde,<code>h&amp;ae;fde</code>,3,0.0009083
129,heofenan,<code>heofenan</code>,3,0.0009083
129,hors,<code>hors</code>,3,0.0009083
129,hremmas,<code>hremmas</code>,3,0.0009083
129,hwa,<code>hwa</code>,3,0.0009083
129,l&aelig;s,<code>l&amp;ae;s</code>,3,0.0009083
129,la,<code>la</code>,3,0.0009083
129,land,<code>land</code>,3,0.0009083
129,lareow,<code>lareow</code>,3,0.0009083
129,leof,<code>leof</code>,3,0.0009083
129,lif,<code>lif</code>,3,0.0009083
129,lof,<code>lof</code>,3,0.0009083
129,m&aelig;den,<code>m&amp;ae;den</code>,3,0.0009083
129,mod,<code>mod</code>,3,0.0009083
129,munuc,<code>munuc</code>,3,0.0009083
129,mynegunge,<code>mynegunge</code>,3,0.0009083
129,nu,<code>nu</code>,3,0.0009083
129,sacerd,<code>sacerd</code>,3,0.0009083
129,samod,<code>samod</code>,3,0.0009083
129,seo,<code>seo</code>,3,0.0009083
129,si&eth;ode,<code>si&amp;d;ode</code>,3,0.0009083
129,so&eth;lice,<code>so&amp;d;lice</code>,3,0.0009083
129,so&eth;re,<code>so&amp;d;re</code>,3,0.0009083
129,sumne,<code>sumne</code>,3,0.0009083
129,sw&aelig;cce,<code>sw&amp;ae;cce</code>,3,0.0009083
129,sy&eth;&eth;an,<code>sy&amp;d;&amp;d;an</code>,3,0.0009083
129,tearum,<code>tearum</code>,3,0.0009083
129,unc,<code>unc</code>,3,0.0009083
129,w&aelig;ter,<code>w&amp;ae;ter</code>,3,0.0009083
129,wel,<code>wel</code>,3,0.0009083
129,wepende,<code>wepende</code>,3,0.0009083
129,westene,<code>westene</code>,3,0.0009083
129,wi&eth;,<code>wi&amp;d;</code>,3,0.0009083
129,worulde,<code>worulde</code>,3,0.0009083
129,wunode,<code>wunode</code>,3,0.0009083
129,ylcan,<code>ylcan</code>,3,0.0009083
129,ymbe,<code>ymbe</code>,3,0.0009083
214,&aelig;rnemerigen,<code>&amp;ae;rnemerigen</code>,2,0.0006055
214,&aelig;tforan,<code>&amp;ae;tforan</code>,2,0.0006055
214,&eth;enunge,<code>&amp;d;enunge</code>,2,0.0006055
214,&eth;inum,<code>&amp;d;inum</code>,2,0.0006055
214,&eth;isne,<code>&amp;d;isne</code>,2,0.0006055
214,&eth;riddan,<code>&amp;d;riddan</code>,2,0.0006055
214,&eth;ry,<code>&amp;d;ry</code>,2,0.0006055
214,&eth;rywintre,<code>&amp;d;rywintre</code>,2,0.0006055
214,&eth;y,<code>&amp;d;y</code>,2,0.0006055
214,&thorn;&aelig;rrihte,<code>&amp;t;&amp;ae;rrihte</code>,2,0.0006055
214,&thorn;ider,<code>&amp;t;ider</code>,2,0.0006055
214,a,<code>a</code>,2,0.0006055
214,adl,<code>adl</code>,2,0.0006055
214,adlig,<code>adlig</code>,2,0.0006055
214,adlige,<code>adlige</code>,2,0.0006055
214,adw&aelig;scan,<code>adw&amp;ae;scan</code>,2,0.0006055
214,ancersetle,<code>ancersetle</code>,2,0.0006055
214,andwyrde,<code>andwyrde</code>,2,0.0006055
214,anmodlice,<code>anmodlice</code>,2,0.0006055
214,anum,<code>anum</code>,2,0.0006055
214,arn,<code>arn</code>,2,0.0006055
214,awearp,<code>awearp</code>,2,0.0006055
214,be&eth;ode,<code>be&amp;d;ode</code>,2,0.0006055
214,beda,<code>beda</code>,2,0.0006055
214,befran,<code>befran</code>,2,0.0006055
214,befrinan,<code>befrinan</code>,2,0.0006055
214,beon,<code>beon</code>,2,0.0006055
214,binnon,<code>binnon</code>,2,0.0006055
214,biscopes,<code>biscopes</code>,2,0.0006055
214,bodunge,<code>bodunge</code>,2,0.0006055
214,bringan,<code>bringan</code>,2,0.0006055
214,bro&eth;or,<code>bro&amp;d;or</code>,2,0.0006055
214,brymme,<code>brymme</code>,2,0.0006055
214,ceosle,<code>ceosle</code>,2,0.0006055
214,cneowa,<code>cneowa</code>,2,0.0006055
214,cniht,<code>cniht</code>,2,0.0006055
214,cu&eth;berhte,<code>cu&amp;d;berhte</code>,2,0.0006055
214,cu&eth;berhtes,<code>cu&amp;d;berhtes</code>,2,0.0006055
214,cu&eth;berhtum,<code>cu&amp;d;berhtum</code>,2,0.0006055
214,cumena,<code>cumena</code>,2,0.0006055
214,cuthberhtus,<code>cuthberhtus</code>,2,0.0006055
214,cyning,<code>cyning</code>,2,0.0006055
214,cyrcan,<code>cyrcan</code>,2,0.0006055
214,cytan,<code>cytan</code>,2,0.0006055
214,d&aelig;l,<code>d&amp;ae;l</code>,2,0.0006055
214,dearnunge,<code>dearnunge</code>,2,0.0006055
214,deofles,<code>deofles</code>,2,0.0006055
214,deofol,<code>deofol</code>,2,0.0006055
214,dorston,<code>dorston</code>,2,0.0006055
214,dreoriglice,<code>dreoriglice</code>,2,0.0006055
214,dreorignysse,<code>dreorignysse</code>,2,0.0006055
214,drihtne,<code>drihtne</code>,2,0.0006055
214,e&eth;ele,<code>e&amp;d;ele</code>,2,0.0006055
214,ea&eth;elice,<code>ea&amp;d;elice</code>,2,0.0006055
214,eall,<code>eall</code>,2,0.0006055
214,ealra,<code>ealra</code>,2,0.0006055
214,ealre,<code>ealre</code>,2,0.0006055
214,earne,<code>earne</code>,2,0.0006055
214,eawf&aelig;ste,<code>eawf&amp;ae;ste</code>,2,0.0006055
214,ecere,<code>ecere</code>,2,0.0006055
214,englas,<code>englas</code>,2,0.0006055
214,f&aelig;reldes,<code>f&amp;ae;reldes</code>,2,0.0006055
214,fe&eth;unge,<code>fe&amp;d;unge</code>,2,0.0006055
214,fedan,<code>fedan</code>,2,0.0006055
214,feoll,<code>feoll</code>,2,0.0006055
214,fleah,<code>fleah</code>,2,0.0006055
214,flugon,<code>flugon</code>,2,0.0006055
214,for&eth;si&eth;e,<code>for&amp;d;si&amp;d;e</code>,2,0.0006055
214,forlet,<code>forlet</code>,2,0.0006055
214,fotum,<code>fotum</code>,2,0.0006055
214,fyrste,<code>fyrste</code>,2,0.0006055
214,gan,<code>gan</code>,2,0.0006055
214,ge,<code>ge</code>,2,0.0006055
214,gearcian,<code>gearcian</code>,2,0.0006055
214,gebigde,<code>gebigde</code>,2,0.0006055
214,gebringan,<code>gebringan</code>,2,0.0006055
214,gebro&eth;ra,<code>gebro&amp;d;ra</code>,2,0.0006055
214,gecorenan,<code>gecorenan</code>,2,0.0006055
214,gecyrde,<code>gecyrde</code>,2,0.0006055
214,geearnungum,<code>geearnungum</code>,2,0.0006055
214,geendunge,<code>geendunge</code>,2,0.0006055
214,gefera,<code>gefera</code>,2,0.0006055
214,geferan,<code>geferan</code>,2,0.0006055
214,gefrefrode,<code>gefrefrode</code>,2,0.0006055
214,gefyrn,<code>gefyrn</code>,2,0.0006055
214,geleafan,<code>geleafan</code>,2,0.0006055
214,geleaffulre,<code>geleaffulre</code>,2,0.0006055
214,geled,<code>geled</code>,2,0.0006055
214,geneosode,<code>geneosode</code>,2,0.0006055
214,geond,<code>geond</code>,2,0.0006055
214,gereorde,<code>gereorde</code>,2,0.0006055
214,geset,<code>geset</code>,2,0.0006055
214,gestilde,<code>gestilde</code>,2,0.0006055
214,gesund,<code>gesund</code>,2,0.0006055
214,gesundful,<code>gesundful</code>,2,0.0006055
214,geswinces,<code>geswinces</code>,2,0.0006055
214,gewat,<code>gewat</code>,2,0.0006055
214,gewuna,<code>gewuna</code>,2,0.0006055
214,giu,<code>giu</code>,2,0.0006055
214,gymde,<code>gymde</code>,2,0.0006055
214,gyt,<code>gyt</code>,2,0.0006055
214,h&aelig;f&eth;,<code>h&amp;ae;f&amp;d;</code>,2,0.0006055
214,hades,<code>hades</code>,2,0.0006055
214,halige,<code>halige</code>,2,0.0006055
214,halwendum,<code>halwendum</code>,2,0.0006055
214,heardum,<code>heardum</code>,2,0.0006055
214,heofenlican,<code>heofenlican</code>,2,0.0006055
214,heofenlicum,<code>heofenlicum</code>,2,0.0006055
214,hlaf,<code>hlaf</code>,2,0.0006055
214,hohful,<code>hohful</code>,2,0.0006055
214,hr&aelig;dlice,<code>hr&amp;ae;dlice</code>,2,0.0006055
214,hrofe,<code>hrofe</code>,2,0.0006055
214,hwi,<code>hwi</code>,2,0.0006055
214,hwilon,<code>hwilon</code>,2,0.0006055
214,iglande,<code>iglande</code>,2,0.0006055
214,l&aelig;g,<code>l&amp;ae;g</code>,2,0.0006055
214,lac,<code>lac</code>,2,0.0006055
214,lange,<code>lange</code>,2,0.0006055
214,lareowe,<code>lareowe</code>,2,0.0006055
214,lareowes,<code>lareowes</code>,2,0.0006055
214,leofode,<code>leofode</code>,2,0.0006055
214,lic,<code>lic</code>,2,0.0006055
214,lybbende,<code>lybbende</code>,2,0.0006055
214,lyt,<code>lyt</code>,2,0.0006055
214,m&aelig;dene,<code>m&amp;ae;dene</code>,2,0.0006055
214,m&aelig;g,<code>m&amp;ae;g</code>,2,0.0006055
214,man,<code>man</code>,2,0.0006055
214,manegum,<code>manegum</code>,2,0.0006055
214,manna,<code>manna</code>,2,0.0006055
214,men,<code>men</code>,2,0.0006055
214,middan,<code>middan</code>,2,0.0006055
214,min,<code>min</code>,2,0.0006055
214,mu&eth;,<code>mu&amp;d;</code>,2,0.0006055
214,munuclife,<code>munuclife</code>,2,0.0006055
214,mynstre,<code>mynstre</code>,2,0.0006055
214,myrh&eth;e,<code>myrh&amp;d;e</code>,2,0.0006055
214,nan,<code>nan</code>,2,0.0006055
214,nanum,<code>nanum</code>,2,0.0006055
214,o&eth;er,<code>o&amp;d;er</code>,2,0.0006055
214,o&thorn;&thorn;e,<code>o&amp;t;&amp;t;e</code>,2,0.0006055
214,ofre,<code>ofre</code>,2,0.0006055
214,ongann,<code>ongann</code>,2,0.0006055
214,ongeat,<code>ongeat</code>,2,0.0006055
214,rice,<code>rice</code>,2,0.0006055
214,rices,<code>rices</code>,2,0.0006055
214,s&aelig;licum,<code>s&amp;ae;licum</code>,2,0.0006055
214,sang,<code>sang</code>,2,0.0006055
214,sawle,<code>sawle</code>,2,0.0006055
214,scinende,<code>scinende</code>,2,0.0006055
214,sealtan,<code>sealtan</code>,2,0.0006055
214,sealtum,<code>sealtum</code>,2,0.0006055
214,secgan,<code>secgan</code>,2,0.0006055
214,si&eth;ian,<code>si&amp;d;ian</code>,2,0.0006055
214,si&eth;igende,<code>si&amp;d;igende</code>,2,0.0006055
214,smeade,<code>smeade</code>,2,0.0006055
214,snawe,<code>snawe</code>,2,0.0006055
214,spr&aelig;c,<code>spr&amp;ae;c</code>,2,0.0006055
214,sweartan,<code>sweartan</code>,2,0.0006055
214,swi&eth;lice,<code>swi&amp;d;lice</code>,2,0.0006055
214,swyran,<code>swyran</code>,2,0.0006055
214,sy,<code>sy</code>,2,0.0006055
214,sylle,<code>sylle</code>,2,0.0006055
214,tide,<code>tide</code>,2,0.0006055
214,tihte,<code>tihte</code>,2,0.0006055
214,togeanes,<code>togeanes</code>,2,0.0006055
214,twegen,<code>twegen</code>,2,0.0006055
214,underfeng,<code>underfeng</code>,2,0.0006055
214,were,<code>were</code>,2,0.0006055
214,wife,<code>wife</code>,2,0.0006055
214,willan,<code>willan</code>,2,0.0006055
214,wiste,<code>wiste</code>,2,0.0006055
214,witega,<code>witega</code>,2,0.0006055
214,witegunge,<code>witegunge</code>,2,0.0006055
214,witodlice,<code>witodlice</code>,2,0.0006055
214,wodnysse,<code>wodnysse</code>,2,0.0006055
214,woldon,<code>woldon</code>,2,0.0006055
214,word,<code>word</code>,2,0.0006055
214,wuldre,<code>wuldre</code>,2,0.0006055
214,wurde,<code>wurde</code>,2,0.0006055
214,y&eth;e,<code>y&amp;d;e</code>,2,0.0006055
214,yfele,<code>yfele</code>,2,0.0006055
395,&aelig;&eth;ela,<code>&amp;ae;&amp;d;ela</code>,1,0.0003028
395,&aelig;&eth;elan,<code>&amp;ae;&amp;d;elan</code>,1,0.0003028
395,&aelig;&eth;ele,<code>&amp;ae;&amp;d;ele</code>,1,0.0003028
395,&aelig;ddre,<code>&amp;ae;ddre</code>,1,0.0003028
395,&aelig;fre,<code>&amp;ae;fre</code>,1,0.0003028
395,&aelig;ftergengan,<code>&amp;ae;ftergengan</code>,1,0.0003028
395,&aelig;g&eth;er,<code>&amp;ae;g&amp;d;er</code>,1,0.0003028
395,&aelig;l&eth;eodig,<code>&amp;ae;l&amp;d;eodig</code>,1,0.0003028
395,&aelig;lcere,<code>&amp;ae;lcere</code>,1,0.0003028
395,&aelig;lcne,<code>&amp;ae;lcne</code>,1,0.0003028
395,&aelig;lmihtigan,<code>&amp;ae;lmihtigan</code>,1,0.0003028
395,&aelig;lmihtigne,<code>&amp;ae;lmihtigne</code>,1,0.0003028
395,&aelig;lmihtigum,<code>&amp;ae;lmihtigum</code>,1,0.0003028
395,&aelig;nig,<code>&amp;ae;nig</code>,1,0.0003028
395,&aelig;rende,<code>&amp;ae;rende</code>,1,0.0003028
395,&aelig;tsomne,<code>&amp;ae;tsomne</code>,1,0.0003028
395,&aelig;ttrigan,<code>&amp;ae;ttrigan</code>,1,0.0003028
395,&aelig;we,<code>&amp;ae;we</code>,1,0.0003028
395,&eth;&aelig;c,<code>&amp;d;&amp;ae;c</code>,1,0.0003028
395,&eth;earfum,<code>&amp;d;earfum</code>,1,0.0003028
395,&eth;eawum,<code>&amp;d;eawum</code>,1,0.0003028
395,&eth;en,<code>&amp;d;en</code>,1,0.0003028
395,&eth;enode,<code>&amp;d;enode</code>,1,0.0003028
395,&eth;eoda,<code>&amp;d;eoda</code>,1,0.0003028
395,&eth;eos,<code>&amp;d;eos</code>,1,0.0003028
395,&eth;eowracan,<code>&amp;d;eowracan</code>,1,0.0003028
395,&eth;ider,<code>&amp;d;ider</code>,1,0.0003028
395,&eth;ince,<code>&amp;d;ince</code>,1,0.0003028
395,&eth;ine,<code>&amp;d;ine</code>,1,0.0003028
395,&eth;is,<code>&amp;d;is</code>,1,0.0003028
395,&eth;issere,<code>&amp;d;issere</code>,1,0.0003028
395,&eth;on,<code>&amp;d;on</code>,1,0.0003028
395,&eth;reade,<code>&amp;d;reade</code>,1,0.0003028
395,&eth;rymme,<code>&amp;d;rymme</code>,1,0.0003028
395,&eth;urhwunode,<code>&amp;d;urhwunode</code>,1,0.0003028
395,&eth;yses,<code>&amp;d;yses</code>,1,0.0003028
395,&eth;ysum,<code>&amp;d;ysum</code>,1,0.0003028
395,&thorn;&aelig;ra,<code>&amp;t;&amp;ae;ra</code>,1,0.0003028
395,&thorn;&aelig;ron,<code>&amp;t;&amp;ae;ron</code>,1,0.0003028
395,&thorn;as,<code>&amp;t;as</code>,1,0.0003028
395,&thorn;eah,<code>&amp;t;eah</code>,1,0.0003028
395,&thorn;earle,<code>&amp;t;earle</code>,1,0.0003028
395,&thorn;eodorus,<code>&amp;t;eodorus</code>,1,0.0003028
395,&thorn;es,<code>&amp;t;es</code>,1,0.0003028
395,&thorn;ises,<code>&amp;t;ises</code>,1,0.0003028
395,&thorn;isum,<code>&amp;t;isum</code>,1,0.0003028
395,&thorn;y,<code>&amp;t;y</code>,1,0.0003028
395,abad,<code>abad</code>,1,0.0003028
395,abbudysse,<code>abbudysse</code>,1,0.0003028
395,abrude,<code>abrude</code>,1,0.0003028
395,acwencte,<code>acwencte</code>,1,0.0003028
395,adligum,<code>adligum</code>,1,0.0003028
395,adlium,<code>adlium</code>,1,0.0003028
395,adreogan,<code>adreogan</code>,1,0.0003028
395,adune,<code>adune</code>,1,0.0003028
395,adw&aelig;scte,<code>adw&amp;ae;scte</code>,1,0.0003028
395,afedan,<code>afedan</code>,1,0.0003028
395,afedde,<code>afedde</code>,1,0.0003028
395,afylled,<code>afylled</code>,1,0.0003028
395,afyrht,<code>afyrht</code>,1,0.0003028
395,ahredde,<code>ahredde</code>,1,0.0003028
395,aidanes,<code>aidanes</code>,1,0.0003028
395,alefed,<code>alefed</code>,1,0.0003028
395,ameldige,<code>ameldige</code>,1,0.0003028
395,amen,<code>amen</code>,1,0.0003028
395,an&eth;racigende,<code>an&amp;d;racigende</code>,1,0.0003028
395,ancerlif,<code>ancerlif</code>,1,0.0003028
395,ancerlife,<code>ancerlife</code>,1,0.0003028
395,andan,<code>andan</code>,1,0.0003028
395,andweardan,<code>andweardan</code>,1,0.0003028
395,andwerdnyss,<code>andwerdnyss</code>,1,0.0003028
395,andwerdum,<code>andwerdum</code>,1,0.0003028
395,anfealdre,<code>anfealdre</code>,1,0.0003028
395,anim,<code>anim</code>,1,0.0003028
395,anre,<code>anre</code>,1,0.0003028
395,anstandende,<code>anstandende</code>,1,0.0003028
395,apostola,<code>apostola</code>,1,0.0003028
395,aprilis,<code>aprilis</code>,1,0.0003028
395,ar&aelig;rde,<code>ar&amp;ae;rde</code>,1,0.0003028
395,ar&aelig;renne,<code>ar&amp;ae;renne</code>,1,0.0003028
395,ar&aelig;san,<code>ar&amp;ae;san</code>,1,0.0003028
395,ardlice,<code>ardlice</code>,1,0.0003028
395,arf&aelig;stum,<code>arf&amp;ae;stum</code>,1,0.0003028
395,arwur&eth;e,<code>arwur&amp;d;e</code>,1,0.0003028
395,aseow,<code>aseow</code>,1,0.0003028
395,asprang,<code>asprang</code>,1,0.0003028
395,aspringan,<code>aspringan</code>,1,0.0003028
395,astah,<code>astah</code>,1,0.0003028
395,astealde,<code>astealde</code>,1,0.0003028
395,astrehtum,<code>astrehtum</code>,1,0.0003028
395,atugon,<code>atugon</code>,1,0.0003028
395,awendan,<code>awendan</code>,1,0.0003028
395,awende,<code>awende</code>,1,0.0003028
395,awiht,<code>awiht</code>,1,0.0003028
395,awrat,<code>awrat</code>,1,0.0003028
395,awyllan,<code>awyllan</code>,1,0.0003028
395,awyrde,<code>awyrde</code>,1,0.0003028
395,axode,<code>axode</code>,1,0.0003028
395,b&aelig;r,<code>b&amp;ae;r</code>,1,0.0003028
395,b&aelig;re,<code>b&amp;ae;re</code>,1,0.0003028
395,b&aelig;rmen,<code>b&amp;ae;rmen</code>,1,0.0003028
395,b&aelig;ron,<code>b&amp;ae;ron</code>,1,0.0003028
395,be&eth;edon,<code>be&amp;d;edon</code>,1,0.0003028
395,be&eth;orfte,<code>be&amp;d;orfte</code>,1,0.0003028
395,bearn,<code>bearn</code>,1,0.0003028
395,bebyrged,<code>bebyrged</code>,1,0.0003028
395,becomon,<code>becomon</code>,1,0.0003028
395,bed&aelig;led,<code>bed&amp;ae;led</code>,1,0.0003028
395,bediglast,<code>bediglast</code>,1,0.0003028
395,bedydrode,<code>bedydrode</code>,1,0.0003028
395,bedypte,<code>bedypte</code>,1,0.0003028
395,befangen,<code>befangen</code>,1,0.0003028
395,begeat,<code>begeat</code>,1,0.0003028
395,begen,<code>begen</code>,1,0.0003028
395,beheton,<code>beheton</code>,1,0.0003028
395,behydan,<code>behydan</code>,1,0.0003028
395,bel&aelig;f&eth;,<code>bel&amp;ae;f&amp;d;</code>,1,0.0003028
395,bene,<code>bene</code>,1,0.0003028
395,benum,<code>benum</code>,1,0.0003028
395,beo,<code>beo</code>,1,0.0003028
395,beona,<code>beona</code>,1,0.0003028
395,beorhtnysse,<code>beorhtnysse</code>,1,0.0003028
395,bep&aelig;ht,<code>bep&amp;ae;ht</code>,1,0.0003028
395,bere,<code>bere</code>,1,0.0003028
395,bereafian,<code>bereafian</code>,1,0.0003028
395,besargode,<code>besargode</code>,1,0.0003028
395,beseah,<code>beseah</code>,1,0.0003028
395,bestrad,<code>bestrad</code>,1,0.0003028
395,beswuncenum,<code>beswuncenum</code>,1,0.0003028
395,bet,<code>bet</code>,1,0.0003028
395,beworpen,<code>beworpen</code>,1,0.0003028
395,bidda&eth;,<code>bidda&amp;d;</code>,1,0.0003028
395,biddan,<code>biddan</code>,1,0.0003028
395,bidde,<code>bidde</code>,1,0.0003028
395,bigdon,<code>bigdon</code>,1,0.0003028
395,bile,<code>bile</code>,1,0.0003028
395,biscophades,<code>biscophades</code>,1,0.0003028
395,biterum,<code>biterum</code>,1,0.0003028
395,bl&aelig;d,<code>bl&amp;ae;d</code>,1,0.0003028
395,bl&aelig;de,<code>bl&amp;ae;de</code>,1,0.0003028
395,bli&eth;um,<code>bli&amp;d;um</code>,1,0.0003028
395,blindan,<code>blindan</code>,1,0.0003028
395,blisse,<code>blisse</code>,1,0.0003028
395,boclande,<code>boclande</code>,1,0.0003028
395,bodade,<code>bodade</code>,1,0.0003028
395,bodian,<code>bodian</code>,1,0.0003028
395,bodigende,<code>bodigende</code>,1,0.0003028
395,bodunga,<code>bodunga</code>,1,0.0003028
395,boisiles,<code>boisiles</code>,1,0.0003028
395,botles,<code>botles</code>,1,0.0003028
395,br&aelig;&eth;e,<code>br&amp;ae;&amp;d;e</code>,1,0.0003028
395,brandum,<code>brandum</code>,1,0.0003028
395,brastligende,<code>brastligende</code>,1,0.0003028
395,brice,<code>brice</code>,1,0.0003028
395,briddum,<code>briddum</code>,1,0.0003028
395,bridel,<code>bridel</code>,1,0.0003028
395,brohte,<code>brohte</code>,1,0.0003028
395,brohton,<code>brohton</code>,1,0.0003028
395,bruca&eth;,<code>bruca&amp;d;</code>,1,0.0003028
395,brym,<code>brym</code>,1,0.0003028
395,bugian,<code>bugian</code>,1,0.0003028
395,buton,<code>buton</code>,1,0.0003028
395,cempan,<code>cempan</code>,1,0.0003028
395,cepte,<code>cepte</code>,1,0.0003028
395,cildlice,<code>cildlice</code>,1,0.0003028
395,cildra,<code>cildra</code>,1,0.0003028
395,cludum,<code>cludum</code>,1,0.0003028
395,cneowum,<code>cneowum</code>,1,0.0003028
395,co&eth;e,<code>co&amp;d;e</code>,1,0.0003028
395,cossum,<code>cossum</code>,1,0.0003028
395,costnunge,<code>costnunge</code>,1,0.0003028
395,criccum,<code>criccum</code>,1,0.0003028
395,cu&eth;berht,<code>cu&amp;d;berht</code>,1,0.0003028
395,cumli&eth;nysse,<code>cumli&amp;d;nysse</code>,1,0.0003028
395,cumum,<code>cumum</code>,1,0.0003028
395,cuthberhti,<code>cuthberhti</code>,1,0.0003028
395,cw&aelig;don,<code>cw&amp;ae;don</code>,1,0.0003028
395,cy&eth;&eth;e,<code>cy&amp;d;&amp;d;e</code>,1,0.0003028
395,cydde,<code>cydde</code>,1,0.0003028
395,cyfesborena,<code>cyfesborena</code>,1,0.0003028
395,cyninge,<code>cyninge</code>,1,0.0003028
395,cyninges,<code>cyninges</code>,1,0.0003028
395,cyrde,<code>cyrde</code>,1,0.0003028
395,cyste,<code>cyste</code>,1,0.0003028
395,cystelice,<code>cystelice</code>,1,0.0003028
395,d&aelig;dum,<code>d&amp;ae;dum</code>,1,0.0003028
395,d&aelig;gwistes,<code>d&amp;ae;gwistes</code>,1,0.0003028
395,dagas,<code>dagas</code>,1,0.0003028
395,dare,<code>dare</code>,1,0.0003028
395,dea&eth;,<code>dea&amp;d;</code>,1,0.0003028
395,deadlicum,<code>deadlicum</code>,1,0.0003028
395,deofl,<code>deofl</code>,1,0.0003028
395,deofla,<code>deofla</code>,1,0.0003028
395,deoflicere,<code>deoflicere</code>,1,0.0003028
395,depositio,<code>depositio</code>,1,0.0003028
395,derigan,<code>derigan</code>,1,0.0003028
395,digellice,<code>digellice</code>,1,0.0003028
395,digelnyssa,<code>digelnyssa</code>,1,0.0003028
395,digelnysse,<code>digelnysse</code>,1,0.0003028
395,dihte,<code>dihte</code>,1,0.0003028
395,drohtnian,<code>drohtnian</code>,1,0.0003028
395,drohtnode,<code>drohtnode</code>,1,0.0003028
395,drygdon,<code>drygdon</code>,1,0.0003028
395,dwollice,<code>dwollice</code>,1,0.0003028
395,dyde,<code>dyde</code>,1,0.0003028
395,dyderunge,<code>dyderunge</code>,1,0.0003028
395,dyrstelice,<code>dyrstelice</code>,1,0.0003028
395,dyslican,<code>dyslican</code>,1,0.0003028
395,e&eth;eles,<code>e&amp;d;eles</code>,1,0.0003028
395,eadberhte,<code>eadberhte</code>,1,0.0003028
395,eadige,<code>eadige</code>,1,0.0003028
395,eadigra,<code>eadigra</code>,1,0.0003028
395,eadmodlice,<code>eadmodlice</code>,1,0.0003028
395,eahta,<code>eahta</code>,1,0.0003028
395,ealdormannes,<code>ealdormannes</code>,1,0.0003028
395,eallbyrnende,<code>eallbyrnende</code>,1,0.0003028
395,earfo&eth;nyssum,<code>earfo&amp;d;nyssum</code>,1,0.0003028
395,earm,<code>earm</code>,1,0.0003028
395,earmlicere,<code>earmlicere</code>,1,0.0003028
395,eart,<code>eart</code>,1,0.0003028
395,eawf&aelig;sta,<code>eawf&amp;ae;sta</code>,1,0.0003028
395,eawf&aelig;stum,<code>eawf&amp;ae;stum</code>,1,0.0003028
395,ecgfrides,<code>ecgfrides</code>,1,0.0003028
395,ecnysse,<code>ecnysse</code>,1,0.0003028
395,edleane,<code>edleane</code>,1,0.0003028
395,efenealdum,<code>efenealdum</code>,1,0.0003028
395,ele,<code>ele</code>,1,0.0003028
395,elian,<code>elian</code>,1,0.0003028
395,elles,<code>elles</code>,1,0.0003028
395,endebyrdlice,<code>endebyrdlice</code>,1,0.0003028
395,endebyrdnysse,<code>endebyrdnysse</code>,1,0.0003028
395,endemes,<code>endemes</code>,1,0.0003028
395,endlyftan,<code>endlyftan</code>,1,0.0003028
395,engla,<code>engla</code>,1,0.0003028
395,engle,<code>engle</code>,1,0.0003028
395,engles,<code>engles</code>,1,0.0003028
395,eor&eth;lican,<code>eor&amp;d;lican</code>,1,0.0003028
395,eowrum,<code>eowrum</code>,1,0.0003028
395,episcopi,<code>episcopi</code>,1,0.0003028
395,ercebiscop,<code>ercebiscop</code>,1,0.0003028
395,estful,<code>estful</code>,1,0.0003028
395,f&aelig;derlice,<code>f&amp;ae;derlice</code>,1,0.0003028
395,f&aelig;geran,<code>f&amp;ae;geran</code>,1,0.0003028
395,f&aelig;gere,<code>f&amp;ae;gere</code>,1,0.0003028
395,f&aelig;gra,<code>f&amp;ae;gra</code>,1,0.0003028
395,f&aelig;gre,<code>f&amp;ae;gre</code>,1,0.0003028
395,f&aelig;mne,<code>f&amp;ae;mne</code>,1,0.0003028
395,fare,<code>fare</code>,1,0.0003028
395,farne,<code>farne</code>,1,0.0003028
395,fealwun,<code>fealwun</code>,1,0.0003028
395,felda,<code>felda</code>,1,0.0003028
395,feohtenne,<code>feohtenne</code>,1,0.0003028
395,feol,<code>feol</code>,1,0.0003028
395,feond,<code>feond</code>,1,0.0003028
395,ferende,<code>ferende</code>,1,0.0003028
395,ferian,<code>ferian</code>,1,0.0003028
395,ferigan,<code>ferigan</code>,1,0.0003028
395,fet,<code>fet</code>,1,0.0003028
395,filigde,<code>filigde</code>,1,0.0003028
395,filigdon,<code>filigdon</code>,1,0.0003028
395,fisce,<code>fisce</code>,1,0.0003028
395,fisces,<code>fisces</code>,1,0.0003028
395,flan,<code>flan</code>,1,0.0003028
395,fleames,<code>fleames</code>,1,0.0003028
395,fleogende,<code>fleogende</code>,1,0.0003028
395,fleon,<code>fleon</code>,1,0.0003028
395,fligde,<code>fligde</code>,1,0.0003028
395,flod,<code>flod</code>,1,0.0003028
395,flode,<code>flode</code>,1,0.0003028
395,flore,<code>flore</code>,1,0.0003028
395,flowendre,<code>flowendre</code>,1,0.0003028
395,flowendum,<code>flowendum</code>,1,0.0003028
395,flyse,<code>flyse</code>,1,0.0003028
395,fodan,<code>fodan</code>,1,0.0003028
395,fon,<code>fon</code>,1,0.0003028
395,for&eth;si&eth;,<code>for&amp;d;si&amp;d;</code>,1,0.0003028
395,forburne,<code>forburne</code>,1,0.0003028
395,forea&eth;e,<code>forea&amp;d;e</code>,1,0.0003028
395,foregleaw,<code>foregleaw</code>,1,0.0003028
395,fores&aelig;da,<code>fores&amp;ae;da</code>,1,0.0003028
395,foresceawian,<code>foresceawian</code>,1,0.0003028
395,forfleon,<code>forfleon</code>,1,0.0003028
395,forflih&eth;,<code>forflih&amp;d;</code>,1,0.0003028
395,forgeaf,<code>forgeaf</code>,1,0.0003028
395,forhtigende,<code>forhtigende</code>,1,0.0003028
395,forl&aelig;tan,<code>forl&amp;ae;tan</code>,1,0.0003028
395,forlete,<code>forlete</code>,1,0.0003028
395,forleton,<code>forleton</code>,1,0.0003028
395,foroft,<code>foroft</code>,1,0.0003028
395,forsihst,<code>forsihst</code>,1,0.0003028
395,forsuwian,<code>forsuwian</code>,1,0.0003028
395,forwel,<code>forwel</code>,1,0.0003028
395,fotswa&eth;e,<code>fotswa&amp;d;e</code>,1,0.0003028
395,fotswa&eth;um,<code>fotswa&amp;d;um</code>,1,0.0003028
395,fr&aelig;cednysse,<code>fr&amp;ae;cednysse</code>,1,0.0003028
395,fracedan,<code>fracedan</code>,1,0.0003028
395,fremde,<code>fremde</code>,1,0.0003028
395,freondum,<code>freondum</code>,1,0.0003028
395,fri&eth;es,<code>fri&amp;d;es</code>,1,0.0003028
395,frofre,<code>frofre</code>,1,0.0003028
395,fugel,<code>fugel</code>,1,0.0003028
395,fugela,<code>fugela</code>,1,0.0003028
395,fugelas,<code>fugelas</code>,1,0.0003028
395,fultume,<code>fultume</code>,1,0.0003028
395,fur&eth;on,<code>fur&amp;d;on</code>,1,0.0003028
395,fus,<code>fus</code>,1,0.0003028
395,fyr,<code>fyr</code>,1,0.0003028
395,fyres,<code>fyres</code>,1,0.0003028
395,fyrhte,<code>fyrhte</code>,1,0.0003028
395,fyrlenum,<code>fyrlenum</code>,1,0.0003028
395,fyrwites,<code>fyrwites</code>,1,0.0003028
395,fyrwitnysse,<code>fyrwitnysse</code>,1,0.0003028
395,g&aelig;mnigendan,<code>g&amp;ae;mnigendan</code>,1,0.0003028
395,g&aelig;rse,<code>g&amp;ae;rse</code>,1,0.0003028
395,ganges,<code>ganges</code>,1,0.0003028
395,gast,<code>gast</code>,1,0.0003028
395,gastas,<code>gastas</code>,1,0.0003028
395,gastes,<code>gastes</code>,1,0.0003028
395,gastum,<code>gastum</code>,1,0.0003028
395,ge&eth;ancode,<code>ge&amp;d;ancode</code>,1,0.0003028
395,ge&eth;ensum,<code>ge&amp;d;ensum</code>,1,0.0003028
395,ge&eth;eod,<code>ge&amp;d;eod</code>,1,0.0003028
395,ge&eth;eodde,<code>ge&amp;d;eodde</code>,1,0.0003028
395,ge&eth;inc&eth;e,<code>ge&amp;d;inc&amp;d;e</code>,1,0.0003028
395,ge&eth;inc&eth;um,<code>ge&amp;d;inc&amp;d;um</code>,1,0.0003028
395,ge&eth;uge,<code>ge&amp;d;uge</code>,1,0.0003028
395,ge&eth;ungenum,<code>ge&amp;d;ungenum</code>,1,0.0003028
395,ge&eth;ylde,<code>ge&amp;d;ylde</code>,1,0.0003028
395,geandetton,<code>geandetton</code>,1,0.0003028
395,gear,<code>gear</code>,1,0.0003028
395,geara,<code>geara</code>,1,0.0003028
395,geares,<code>geares</code>,1,0.0003028
395,gebeacne,<code>gebeacne</code>,1,0.0003028
395,gebede,<code>gebede</code>,1,0.0003028
395,gebedum,<code>gebedum</code>,1,0.0003028
395,gebetton,<code>gebetton</code>,1,0.0003028
395,gebletsode,<code>gebletsode</code>,1,0.0003028
395,geboren,<code>geboren</code>,1,0.0003028
395,gebro&eth;rum,<code>gebro&amp;d;rum</code>,1,0.0003028
395,gebysnungum,<code>gebysnungum</code>,1,0.0003028
395,geceas,<code>geceas</code>,1,0.0003028
395,gecneordnysse,<code>gecneordnysse</code>,1,0.0003028
395,gecorenne,<code>gecorenne</code>,1,0.0003028
395,gecuron,<code>gecuron</code>,1,0.0003028
395,gecydd,<code>gecydd</code>,1,0.0003028
395,gedafena&eth;,<code>gedafena&amp;d;</code>,1,0.0003028
395,gedafenlice,<code>gedafenlice</code>,1,0.0003028
395,gedeorfum,<code>gedeorfum</code>,1,0.0003028
395,gedon,<code>gedon</code>,1,0.0003028
395,gedreht,<code>gedreht</code>,1,0.0003028
395,gedreoge,<code>gedreoge</code>,1,0.0003028
395,gedwylde,<code>gedwylde</code>,1,0.0003028
395,gedwymorlice,<code>gedwymorlice</code>,1,0.0003028
395,gedyrstl&aelig;hte,<code>gedyrstl&amp;ae;hte</code>,1,0.0003028
395,geeadmette,<code>geeadmette</code>,1,0.0003028
395,geefenl&aelig;cunge,<code>geefenl&amp;ae;cunge</code>,1,0.0003028
395,geendian,<code>geendian</code>,1,0.0003028
395,gefangen,<code>gefangen</code>,1,0.0003028
395,gefeng,<code>gefeng</code>,1,0.0003028
395,geferod,<code>geferod</code>,1,0.0003028
395,geflogen,<code>geflogen</code>,1,0.0003028
395,gefrefrian,<code>gefrefrian</code>,1,0.0003028
395,gefremode,<code>gefremode</code>,1,0.0003028
395,gefylla&eth;,<code>gefylla&amp;d;</code>,1,0.0003028
395,gefylled,<code>gefylled</code>,1,0.0003028
395,gefyllede,<code>gefyllede</code>,1,0.0003028
395,gegladode,<code>gegladode</code>,1,0.0003028
395,geglengde,<code>geglengde</code>,1,0.0003028
395,gegrette,<code>gegrette</code>,1,0.0003028
395,gehalgod,<code>gehalgod</code>,1,0.0003028
395,gehealden,<code>gehealden</code>,1,0.0003028
395,geheold,<code>geheold</code>,1,0.0003028
395,gehw&aelig;r,<code>gehw&amp;ae;r</code>,1,0.0003028
395,gehwilcum,<code>gehwilcum</code>,1,0.0003028
395,gehyrsumode,<code>gehyrsumode</code>,1,0.0003028
395,gel&aelig;d,<code>gel&amp;ae;d</code>,1,0.0003028
395,gel&aelig;ddon,<code>gel&amp;ae;ddon</code>,1,0.0003028
395,gela&eth;od,<code>gela&amp;d;od</code>,1,0.0003028
395,gela&eth;ode,<code>gela&amp;d;ode</code>,1,0.0003028
395,gela&eth;unge,<code>gela&amp;d;unge</code>,1,0.0003028
395,gelamp,<code>gelamp</code>,1,0.0003028
395,gelegered,<code>gelegered</code>,1,0.0003028
395,geleornodon,<code>geleornodon</code>,1,0.0003028
395,geli&eth;ian,<code>geli&amp;d;ian</code>,1,0.0003028
395,gelic,<code>gelic</code>,1,0.0003028
395,gelicode,<code>gelicode</code>,1,0.0003028
395,gelihte,<code>gelihte</code>,1,0.0003028
395,gelimplices,<code>gelimplices</code>,1,0.0003028
395,gelogode,<code>gelogode</code>,1,0.0003028
395,gelomlice,<code>gelomlice</code>,1,0.0003028
395,gelumpe,<code>gelumpe</code>,1,0.0003028
395,gelyfe,<code>gelyfe</code>,1,0.0003028
395,gelyfed,<code>gelyfed</code>,1,0.0003028
395,gemet,<code>gemet</code>,1,0.0003028
395,gemetegode,<code>gemetegode</code>,1,0.0003028
395,gemette,<code>gemette</code>,1,0.0003028
395,gemot,<code>gemot</code>,1,0.0003028
395,gemyndig,<code>gemyndig</code>,1,0.0003028
395,geneosian,<code>geneosian</code>,1,0.0003028
395,geneosodon,<code>geneosodon</code>,1,0.0003028
395,geneosunge,<code>geneosunge</code>,1,0.0003028
395,geniman,<code>geniman</code>,1,0.0003028
395,geogo&eth;e,<code>geogo&amp;d;e</code>,1,0.0003028
395,geopenian,<code>geopenian</code>,1,0.0003028
395,georne,<code>georne</code>,1,0.0003028
395,gereccan,<code>gereccan</code>,1,0.0003028
395,gereccednysse,<code>gereccednysse</code>,1,0.0003028
395,gereord,<code>gereord</code>,1,0.0003028
395,gereordode,<code>gereordode</code>,1,0.0003028
395,gerihta,<code>gerihta</code>,1,0.0003028
395,gerihtl&aelig;hton,<code>gerihtl&amp;ae;hton</code>,1,0.0003028
395,geripode,<code>geripode</code>,1,0.0003028
395,ges&aelig;d,<code>ges&amp;ae;d</code>,1,0.0003028
395,ges&aelig;lige,<code>ges&amp;ae;lige</code>,1,0.0003028
395,gescylde,<code>gescylde</code>,1,0.0003028
395,gescyldnysse,<code>gescyldnysse</code>,1,0.0003028
395,gesecan,<code>gesecan</code>,1,0.0003028
395,geseon,<code>geseon</code>,1,0.0003028
395,gesibsumum,<code>gesibsumum</code>,1,0.0003028
395,gesih&eth;e,<code>gesih&amp;d;e</code>,1,0.0003028
395,gesmyrode,<code>gesmyrode</code>,1,0.0003028
395,gesohte,<code>gesohte</code>,1,0.0003028
395,gesohten,<code>gesohten</code>,1,0.0003028
395,gespr&aelig;c,<code>gespr&amp;ae;c</code>,1,0.0003028
395,gesundfull,<code>gesundfull</code>,1,0.0003028
395,gesw&aelig;slice,<code>gesw&amp;ae;slice</code>,1,0.0003028
395,geswelle,<code>geswelle</code>,1,0.0003028
395,geswette,<code>geswette</code>,1,0.0003028
395,geswic,<code>geswic</code>,1,0.0003028
395,geteald,<code>geteald</code>,1,0.0003028
395,geti&eth;ode,<code>geti&amp;d;ode</code>,1,0.0003028
395,getigde,<code>getigde</code>,1,0.0003028
395,getimode,<code>getimode</code>,1,0.0003028
395,getingnysse,<code>getingnysse</code>,1,0.0003028
395,getrymman,<code>getrymman</code>,1,0.0003028
395,gew&aelig;da,<code>gew&amp;ae;da</code>,1,0.0003028
395,gewende,<code>gewende</code>,1,0.0003028
395,gewidm&aelig;rsod,<code>gewidm&amp;ae;rsod</code>,1,0.0003028
395,gewinne,<code>gewinne</code>,1,0.0003028
395,gewita&eth;,<code>gewita&amp;d;</code>,1,0.0003028
395,gewitte,<code>gewitte</code>,1,0.0003028
395,gewittig,<code>gewittig</code>,1,0.0003028
395,gewri&eth;an,<code>gewri&amp;d;an</code>,1,0.0003028
395,gewritu,<code>gewritu</code>,1,0.0003028
395,gewunelican,<code>gewunelican</code>,1,0.0003028
395,gewunod,<code>gewunod</code>,1,0.0003028
395,godum,<code>godum</code>,1,0.0003028
395,grapode,<code>grapode</code>,1,0.0003028
395,grette,<code>grette</code>,1,0.0003028
395,growende,<code>growende</code>,1,0.0003028
395,grunde,<code>grunde</code>,1,0.0003028
395,gyddunge,<code>gyddunge</code>,1,0.0003028
395,gylt,<code>gylt</code>,1,0.0003028
395,gyrlum,<code>gyrlum</code>,1,0.0003028
395,h&aelig;l&eth;e,<code>h&amp;ae;l&amp;d;e</code>,1,0.0003028
395,h&aelig;se,<code>h&amp;ae;se</code>,1,0.0003028
395,h&aelig;tan,<code>h&amp;ae;tan</code>,1,0.0003028
395,h&aelig;tt,<code>h&amp;ae;tt</code>,1,0.0003028
395,had,<code>had</code>,1,0.0003028
395,hafenleas,<code>hafenleas</code>,1,0.0003028
395,hal,<code>hal</code>,1,0.0003028
395,haligne,<code>haligne</code>,1,0.0003028
395,halsigenne,<code>halsigenne</code>,1,0.0003028
395,halsodon,<code>halsodon</code>,1,0.0003028
395,ham,<code>ham</code>,1,0.0003028
395,handbredum,<code>handbredum</code>,1,0.0003028
395,handum,<code>handum</code>,1,0.0003028
395,heafodece,<code>heafodece</code>,1,0.0003028
395,heahengel,<code>heahengel</code>,1,0.0003028
395,heahsetles,<code>heahsetles</code>,1,0.0003028
395,healfe,<code>healfe</code>,1,0.0003028
395,healic,<code>healic</code>,1,0.0003028
395,healican,<code>healican</code>,1,0.0003028
395,healicere,<code>healicere</code>,1,0.0003028
395,healicre,<code>healicre</code>,1,0.0003028
395,healicum,<code>healicum</code>,1,0.0003028
395,healle,<code>healle</code>,1,0.0003028
395,heap,<code>heap</code>,1,0.0003028
395,hearde,<code>hearde</code>,1,0.0003028
395,heardnebbum,<code>heardnebbum</code>,1,0.0003028
395,heardnesse,<code>heardnesse</code>,1,0.0003028
395,hefigtymum,<code>hefigtymum</code>,1,0.0003028
395,helme,<code>helme</code>,1,0.0003028
395,heofenlice,<code>heofenlice</code>,1,0.0003028
395,heofonas,<code>heofonas</code>,1,0.0003028
395,heofonlican,<code>heofonlican</code>,1,0.0003028
395,heofonum,<code>heofonum</code>,1,0.0003028
395,heolstrum,<code>heolstrum</code>,1,0.0003028
395,heonon,<code>heonon</code>,1,0.0003028
395,heortan,<code>heortan</code>,1,0.0003028
395,herungum,<code>herungum</code>,1,0.0003028
395,hirdr&aelig;dene,<code>hirdr&amp;ae;dene</code>,1,0.0003028
395,hiwe,<code>hiwe</code>,1,0.0003028
395,hiwisc,<code>hiwisc</code>,1,0.0003028
395,hlafas,<code>hlafas</code>,1,0.0003028
395,hleow&eth;e,<code>hleow&amp;d;e</code>,1,0.0003028
395,hlisful,<code>hlisful</code>,1,0.0003028
395,hlosnode,<code>hlosnode</code>,1,0.0003028
395,holdr&aelig;dene,<code>holdr&amp;ae;dene</code>,1,0.0003028
395,holian,<code>holian</code>,1,0.0003028
395,horse,<code>horse</code>,1,0.0003028
395,hremm,<code>hremm</code>,1,0.0003028
395,hrosan,<code>hrosan</code>,1,0.0003028
395,hunig,<code>hunig</code>,1,0.0003028
395,huses,<code>huses</code>,1,0.0003028
395,hw&aelig;r,<code>hw&amp;ae;r</code>,1,0.0003028
395,hw&aelig;te,<code>hw&amp;ae;te</code>,1,0.0003028
395,hw&aelig;tene,<code>hw&amp;ae;tene</code>,1,0.0003028
395,hwitum,<code>hwitum</code>,1,0.0003028
395,hwyder,<code>hwyder</code>,1,0.0003028
395,hylde,<code>hylde</code>,1,0.0003028
395,hyrdeman,<code>hyrdeman</code>,1,0.0003028
395,hyrdemannum,<code>hyrdemannum</code>,1,0.0003028
395,hyrdes,<code>hyrdes</code>,1,0.0003028
395,iglandes,<code>iglandes</code>,1,0.0003028
395,inf&aelig;r,<code>inf&amp;ae;r</code>,1,0.0003028
395,inn,<code>inn</code>,1,0.0003028
395,into,<code>into</code>,1,0.0003028
395,kalendas,<code>kalendas</code>,1,0.0003028
395,l&aelig;cewyrt,<code>l&amp;ae;cewyrt</code>,1,0.0003028
395,l&aelig;rde,<code>l&amp;ae;rde</code>,1,0.0003028
395,l&aelig;swode,<code>l&amp;ae;swode</code>,1,0.0003028
395,l&aelig;wedum,<code>l&amp;ae;wedum</code>,1,0.0003028
395,lagon,<code>lagon</code>,1,0.0003028
395,lang,<code>lang</code>,1,0.0003028
395,langsumum,<code>langsumum</code>,1,0.0003028
395,leasunge,<code>leasunge</code>,1,0.0003028
395,legerbedde,<code>legerbedde</code>,1,0.0003028
395,leo&eth;licere,<code>leo&amp;d;licere</code>,1,0.0003028
395,leodbiscop,<code>leodbiscop</code>,1,0.0003028
395,leode,<code>leode</code>,1,0.0003028
395,leodebiscope,<code>leodebiscope</code>,1,0.0003028
395,leodum,<code>leodum</code>,1,0.0003028
395,leofre,<code>leofre</code>,1,0.0003028
395,leoma,<code>leoma</code>,1,0.0003028
395,li&eth;e,<code>li&amp;d;e</code>,1,0.0003028
395,li&eth;ebige,<code>li&amp;d;ebige</code>,1,0.0003028
395,lichaman,<code>lichaman</code>,1,0.0003028
395,liflican,<code>liflican</code>,1,0.0003028
395,lilian,<code>lilian</code>,1,0.0003028
395,lim,<code>lim</code>,1,0.0003028
395,limum,<code>limum</code>,1,0.0003028
395,lindisfarnea,<code>lindisfarnea</code>,1,0.0003028
395,lindisfarneiscre,<code>lindisfarneiscre</code>,1,0.0003028
395,lindisfarnensiscere,<code>lindisfarnensiscere</code>,1,0.0003028
395,lofes,<code>lofes</code>,1,0.0003028
395,lufe,<code>lufe</code>,1,0.0003028
395,lust,<code>lust</code>,1,0.0003028
395,lustas,<code>lustas</code>,1,0.0003028
395,lustb&aelig;re,<code>lustb&amp;ae;re</code>,1,0.0003028
395,lybban,<code>lybban</code>,1,0.0003028
395,lymum,<code>lymum</code>,1,0.0003028
395,lythwon,<code>lythwon</code>,1,0.0003028
395,m&aelig;ge,<code>m&amp;ae;ge</code>,1,0.0003028
395,m&aelig;ran,<code>m&amp;ae;ran</code>,1,0.0003028
395,manega,<code>manega</code>,1,0.0003028
395,mann,<code>mann</code>,1,0.0003028
395,mannum,<code>mannum</code>,1,0.0003028
395,meder,<code>meder</code>,1,0.0003028
395,medes,<code>medes</code>,1,0.0003028
395,menn,<code>menn</code>,1,0.0003028
395,menniscum,<code>menniscum</code>,1,0.0003028
395,meolce,<code>meolce</code>,1,0.0003028
395,merigenlicere,<code>merigenlicere</code>,1,0.0003028
395,mete,<code>mete</code>,1,0.0003028
395,miccles,<code>miccles</code>,1,0.0003028
395,micele,<code>micele</code>,1,0.0003028
395,micelre,<code>micelre</code>,1,0.0003028
395,mihtelice,<code>mihtelice</code>,1,0.0003028
395,mihtigan,<code>mihtigan</code>,1,0.0003028
395,mihtiges,<code>mihtiges</code>,1,0.0003028
395,mihtiglice,<code>mihtiglice</code>,1,0.0003028
395,miltsige,<code>miltsige</code>,1,0.0003028
395,miltsode,<code>miltsode</code>,1,0.0003028
395,miltsunge,<code>miltsunge</code>,1,0.0003028
395,minegunge,<code>minegunge</code>,1,0.0003028
395,minum,<code>minum</code>,1,0.0003028
395,mislice,<code>mislice</code>,1,0.0003028
395,moder,<code>moder</code>,1,0.0003028
395,moldan,<code>moldan</code>,1,0.0003028
395,moston,<code>moston</code>,1,0.0003028
395,mote,<code>mote</code>,1,0.0003028
395,mynegungum,<code>mynegungum</code>,1,0.0003028
395,myngungum,<code>myngungum</code>,1,0.0003028
395,mynster,<code>mynster</code>,1,0.0003028
395,mynsterlicum,<code>mynsterlicum</code>,1,0.0003028
395,mysan,<code>mysan</code>,1,0.0003028
395,n&aelig;f&eth;,<code>n&amp;ae;f&amp;d;</code>,1,0.0003028
395,n&aelig;nne,<code>n&amp;ae;nne</code>,1,0.0003028
395,n&aelig;re,<code>n&amp;ae;re</code>,1,0.0003028
395,n&aelig;s,<code>n&amp;ae;s</code>,1,0.0003028
395,na,<code>na</code>,1,0.0003028
395,nahte,<code>nahte</code>,1,0.0003028
395,nama,<code>nama</code>,1,0.0003028
395,nane,<code>nane</code>,1,0.0003028
395,nedbricum,<code>nedbricum</code>,1,0.0003028
395,neste,<code>neste</code>,1,0.0003028
395,nextan,<code>nextan</code>,1,0.0003028
395,niht,<code>niht</code>,1,0.0003028
395,nihte,<code>nihte</code>,1,0.0003028
395,nolde,<code>nolde</code>,1,0.0003028
395,nyd&thorn;earfnysse,<code>nyd&amp;t;earfnysse</code>,1,0.0003028
395,nytenlice,<code>nytenlice</code>,1,0.0003028
395,nytennysse,<code>nytennysse</code>,1,0.0003028
395,nytenu,<code>nytenu</code>,1,0.0003028
395,o&eth;re,<code>o&amp;d;re</code>,1,0.0003028
395,o&eth;res,<code>o&amp;d;res</code>,1,0.0003028
395,oferferde,<code>oferferde</code>,1,0.0003028
395,offrige,<code>offrige</code>,1,0.0003028
395,ofscamod,<code>ofscamod</code>,1,0.0003028
395,ofslegen,<code>ofslegen</code>,1,0.0003028
395,oft,<code>oft</code>,1,0.0003028
395,onbryrd,<code>onbryrd</code>,1,0.0003028
395,onbryrdum,<code>onbryrdum</code>,1,0.0003028
395,onette,<code>onette</code>,1,0.0003028
395,onfon,<code>onfon</code>,1,0.0003028
395,ongean,<code>ongean</code>,1,0.0003028
395,onlihte,<code>onlihte</code>,1,0.0003028
395,onsigende,<code>onsigende</code>,1,0.0003028
395,onsundron,<code>onsundron</code>,1,0.0003028
395,opene,<code>opene</code>,1,0.0003028
395,openlice,<code>openlice</code>,1,0.0003028
395,orf,<code>orf</code>,1,0.0003028
395,orsorh,<code>orsorh</code>,1,0.0003028
395,orwene,<code>orwene</code>,1,0.0003028
395,peohtum,<code>peohtum</code>,1,0.0003028
395,plegende,<code>plegende</code>,1,0.0003028
395,prafoste,<code>prafoste</code>,1,0.0003028
395,racu,<code>racu</code>,1,0.0003028
395,raphahel,<code>raphahel</code>,1,0.0003028
395,reow,<code>reow</code>,1,0.0003028
395,ricene,<code>ricene</code>,1,0.0003028
395,ridda,<code>ridda</code>,1,0.0003028
395,ridende,<code>ridende</code>,1,0.0003028
395,rixiende,<code>rixiende</code>,1,0.0003028
395,rixode,<code>rixode</code>,1,0.0003028
395,roderlicum,<code>roderlicum</code>,1,0.0003028
395,rodore,<code>rodore</code>,1,0.0003028
395,rohte,<code>rohte</code>,1,0.0003028
395,rymdon,<code>rymdon</code>,1,0.0003028
395,rysl,<code>rysl</code>,1,0.0003028
395,s&aelig;d,<code>s&amp;ae;d</code>,1,0.0003028
395,s&aelig;le,<code>s&amp;ae;le</code>,1,0.0003028
395,s&aelig;lican,<code>s&amp;ae;lican</code>,1,0.0003028
395,s&aelig;licere,<code>s&amp;ae;licere</code>,1,0.0003028
395,samcuce,<code>samcuce</code>,1,0.0003028
395,sancti,<code>sancti</code>,1,0.0003028
395,sande,<code>sande</code>,1,0.0003028
395,sange,<code>sange</code>,1,0.0003028
395,sare,<code>sare</code>,1,0.0003028
395,sawul,<code>sawul</code>,1,0.0003028
395,sceal,<code>sceal</code>,1,0.0003028
395,scealt,<code>scealt</code>,1,0.0003028
395,sceame,<code>sceame</code>,1,0.0003028
395,sceancan,<code>sceancan</code>,1,0.0003028
395,sceaweres,<code>sceaweres</code>,1,0.0003028
395,sceawode,<code>sceawode</code>,1,0.0003028
395,sceoldon,<code>sceoldon</code>,1,0.0003028
395,sceortnysse,<code>sceortnysse</code>,1,0.0003028
395,scon,<code>scon</code>,1,0.0003028
395,scottum,<code>scottum</code>,1,0.0003028
395,scr&aelig;fum,<code>scr&amp;ae;fum</code>,1,0.0003028
395,scyppend,<code>scyppend</code>,1,0.0003028
395,scyppende,<code>scyppende</code>,1,0.0003028
395,sege,<code>sege</code>,1,0.0003028
395,sendon,<code>sendon</code>,1,0.0003028
395,seocnysse,<code>seocnysse</code>,1,0.0003028
395,seolas,<code>seolas</code>,1,0.0003028
395,seow,<code>seow</code>,1,0.0003028
395,sex,<code>sex</code>,1,0.0003028
395,si&eth;e,<code>si&amp;d;e</code>,1,0.0003028
395,si&eth;f&aelig;te,<code>si&amp;d;f&amp;ae;te</code>,1,0.0003028
395,si&eth;ige,<code>si&amp;d;ige</code>,1,0.0003028
395,si&eth;lice,<code>si&amp;d;lice</code>,1,0.0003028
395,singalum,<code>singalum</code>,1,0.0003028
395,sino&eth;e,<code>sino&amp;d;e</code>,1,0.0003028
395,sitte,<code>sitte</code>,1,0.0003028
395,sittende,<code>sittende</code>,1,0.0003028
395,slapende,<code>slapende</code>,1,0.0003028
395,sleacrre,<code>sleacrre</code>,1,0.0003028
395,smeaga&eth;,<code>smeaga&amp;d;</code>,1,0.0003028
395,smeagan,<code>smeagan</code>,1,0.0003028
395,smedeman,<code>smedeman</code>,1,0.0003028
395,snawhwitum,<code>snawhwitum</code>,1,0.0003028
395,snotera,<code>snotera</code>,1,0.0003028
395,so&eth;es,<code>so&amp;d;es</code>,1,0.0003028
395,sorhfullan,<code>sorhfullan</code>,1,0.0003028
395,sorhlice,<code>sorhlice</code>,1,0.0003028
395,sprecende,<code>sprecende</code>,1,0.0003028
395,st&aelig;&eth;&eth;ignysse,<code>st&amp;ae;&amp;d;&amp;d;ignysse</code>,1,0.0003028
395,st&aelig;&eth;&eth;igum,<code>st&amp;ae;&amp;d;&amp;d;igum</code>,1,0.0003028
395,stalcunge,<code>stalcunge</code>,1,0.0003028
395,standan,<code>standan</code>,1,0.0003028
395,standende,<code>standende</code>,1,0.0003028
395,stearcan,<code>stearcan</code>,1,0.0003028
395,sti&eth;e,<code>sti&amp;d;e</code>,1,0.0003028
395,sti&eth;nyssa,<code>sti&amp;d;nyssa</code>,1,0.0003028
395,stod,<code>stod</code>,1,0.0003028
395,stymende,<code>stymende</code>,1,0.0003028
395,styran,<code>styran</code>,1,0.0003028
395,sumere,<code>sumere</code>,1,0.0003028
395,sumes,<code>sumes</code>,1,0.0003028
395,sumon,<code>sumon</code>,1,0.0003028
395,sund,<code>sund</code>,1,0.0003028
395,sundran,<code>sundran</code>,1,0.0003028
395,sunnbeame,<code>sunnbeame</code>,1,0.0003028
395,sunu,<code>sunu</code>,1,0.0003028
395,sw&aelig;slice,<code>sw&amp;ae;slice</code>,1,0.0003028
395,swearta,<code>swearta</code>,1,0.0003028
395,swearte,<code>swearte</code>,1,0.0003028
395,sweartra,<code>sweartra</code>,1,0.0003028
395,sweartum,<code>sweartum</code>,1,0.0003028
395,sweoster,<code>sweoster</code>,1,0.0003028
395,swettran,<code>swettran</code>,1,0.0003028
395,swicola,<code>swicola</code>,1,0.0003028
395,swigan,<code>swigan</code>,1,0.0003028
395,swines,<code>swines</code>,1,0.0003028
395,syflinge,<code>syflinge</code>,1,0.0003028
395,syle,<code>syle</code>,1,0.0003028
395,syngende,<code>syngende</code>,1,0.0003028
395,syrwum,<code>syrwum</code>,1,0.0003028
395,t&aelig;hte,<code>t&amp;ae;hte</code>,1,0.0003028
395,t&aelig;r,<code>t&amp;ae;r</code>,1,0.0003028
395,t&aelig;ron,<code>t&amp;ae;ron</code>,1,0.0003028
395,tacna,<code>tacna</code>,1,0.0003028
395,ti&eth;ode,<code>ti&amp;d;ode</code>,1,0.0003028
395,tilian,<code>tilian</code>,1,0.0003028
395,timbrian,<code>timbrian</code>,1,0.0003028
395,to&eth;undene,<code>to&amp;d;undene</code>,1,0.0003028
395,tobian,<code>tobian</code>,1,0.0003028
395,tosomne,<code>tosomne</code>,1,0.0003028
395,treow,<code>treow</code>,1,0.0003028
395,treowenum,<code>treowenum</code>,1,0.0003028
395,treowes,<code>treowes</code>,1,0.0003028
395,trumwine,<code>trumwine</code>,1,0.0003028
395,twegra,<code>twegra</code>,1,0.0003028
395,twylicere,<code>twylicere</code>,1,0.0003028
395,un&eth;&aelig;slices,<code>un&amp;d;&amp;ae;slices</code>,1,0.0003028
395,uncre,<code>uncre</code>,1,0.0003028
395,under,<code>under</code>,1,0.0003028
395,under&thorn;eodst,<code>under&amp;t;eodst</code>,1,0.0003028
395,undergeat,<code>undergeat</code>,1,0.0003028
395,underlecgan,<code>underlecgan</code>,1,0.0003028
395,underwre&eth;ode,<code>underwre&amp;d;ode</code>,1,0.0003028
395,unea&eth;elice,<code>unea&amp;d;elice</code>,1,0.0003028
395,unforhtigende,<code>unforhtigende</code>,1,0.0003028
395,ungel&aelig;redum,<code>ungel&amp;ae;redum</code>,1,0.0003028
395,ungelimpes,<code>ungelimpes</code>,1,0.0003028
395,ungemyndige,<code>ungemyndige</code>,1,0.0003028
395,unsc&aelig;&eth;&eth;ig,<code>unsc&amp;ae;&amp;d;&amp;d;ig</code>,1,0.0003028
395,unsc&aelig;&eth;&eth;ige,<code>unsc&amp;ae;&amp;d;&amp;d;ige</code>,1,0.0003028
395,unsi&eth;,<code>unsi&amp;d;</code>,1,0.0003028
395,unsi&eth;e,<code>unsi&amp;d;e</code>,1,0.0003028
395,unwedre,<code>unwedre</code>,1,0.0003028
395,up,<code>up</code>,1,0.0003028
395,us,<code>us</code>,1,0.0003028
395,ut,<code>ut</code>,1,0.0003028
395,w&aelig;dlia&eth;,<code>w&amp;ae;dlia&amp;d;</code>,1,0.0003028
395,w&aelig;dlum,<code>w&amp;ae;dlum</code>,1,0.0003028
395,w&aelig;lhreowe,<code>w&amp;ae;lhreowe</code>,1,0.0003028
395,w&aelig;ron,<code>w&amp;ae;ron</code>,1,0.0003028
395,w&aelig;stene,<code>w&amp;ae;stene</code>,1,0.0003028
395,w&aelig;stma,<code>w&amp;ae;stma</code>,1,0.0003028
395,w&aelig;stme,<code>w&amp;ae;stme</code>,1,0.0003028
395,w&aelig;stmes,<code>w&amp;ae;stmes</code>,1,0.0003028
395,w&aelig;ta,<code>w&amp;ae;ta</code>,1,0.0003028
395,w&aelig;tere,<code>w&amp;ae;tere</code>,1,0.0003028
395,w&aelig;teres,<code>w&amp;ae;teres</code>,1,0.0003028
395,wacode,<code>wacode</code>,1,0.0003028
395,wacum,<code>wacum</code>,1,0.0003028
395,wanian,<code>wanian</code>,1,0.0003028
395,we,<code>we</code>,1,0.0003028
395,wealdend,<code>wealdend</code>,1,0.0003028
395,wearm,<code>wearm</code>,1,0.0003028
395,weg,<code>weg</code>,1,0.0003028
395,wege,<code>wege</code>,1,0.0003028
395,weig,<code>weig</code>,1,0.0003028
395,welegan,<code>welegan</code>,1,0.0003028
395,welig,<code>welig</code>,1,0.0003028
395,wende,<code>wende</code>,1,0.0003028
395,weox,<code>weox</code>,1,0.0003028
395,wepan,<code>wepan</code>,1,0.0003028
395,weres,<code>weres</code>,1,0.0003028
395,werod,<code>werod</code>,1,0.0003028
395,werum,<code>werum</code>,1,0.0003028
395,weste,<code>weste</code>,1,0.0003028
395,westum,<code>westum</code>,1,0.0003028
395,wi&eth;innan,<code>wi&amp;d;innan</code>,1,0.0003028
395,wilnia&eth;,<code>wilnia&amp;d;</code>,1,0.0003028
395,windes,<code>windes</code>,1,0.0003028
395,winlicum,<code>winlicum</code>,1,0.0003028
395,wintre,<code>wintre</code>,1,0.0003028
395,wintres,<code>wintres</code>,1,0.0003028
395,wis,<code>wis</code>,1,0.0003028
395,wisdome,<code>wisdome</code>,1,0.0003028
395,wisdomes,<code>wisdomes</code>,1,0.0003028
395,wislice,<code>wislice</code>,1,0.0003028
395,wita,<code>wita</code>,1,0.0003028
395,witan,<code>witan</code>,1,0.0003028
395,witegan,<code>witegan</code>,1,0.0003028
395,witum,<code>witum</code>,1,0.0003028
395,worde,<code>worde</code>,1,0.0003028
395,woruld&eth;ing,<code>woruld&amp;d;ing</code>,1,0.0003028
395,worulda,<code>worulda</code>,1,0.0003028
395,wulderfullum,<code>wulderfullum</code>,1,0.0003028
395,wuldor,<code>wuldor</code>,1,0.0003028
395,wuldra&eth;,<code>wuldra&amp;d;</code>,1,0.0003028
395,wundorlice,<code>wundorlice</code>,1,0.0003028
395,wundrum,<code>wundrum</code>,1,0.0003028
395,wunedon,<code>wunedon</code>,1,0.0003028
395,wunigende,<code>wunigende</code>,1,0.0003028
395,wur&eth;a&eth;,<code>wur&amp;d;a&amp;d;</code>,1,0.0003028
395,wur&eth;e,<code>wur&amp;d;e</code>,1,0.0003028
395,wur&eth;mynt,<code>wur&amp;d;mynt</code>,1,0.0003028
395,wur&eth;mynte,<code>wur&amp;d;mynte</code>,1,0.0003028
395,wylla&eth;,<code>wylla&amp;d;</code>,1,0.0003028
395,wynne,<code>wynne</code>,1,0.0003028
395,wynsum,<code>wynsum</code>,1,0.0003028
395,wynsumnysse,<code>wynsumnysse</code>,1,0.0003028
395,wyrs,<code>wyrs</code>,1,0.0003028
395,xiii,<code>xiii</code>,1,0.0003028
395,ydelum,<code>ydelum</code>,1,0.0003028
395,yld,<code>yld</code>,1,0.0003028
395,ymbrene,<code>ymbrene</code>,1,0.0003028
395,yrn,<code>yrn</code>,1,0.0003028
