B_Prose,B01,B01.001.009_AECHom_I__8_T02120.txt,811,525,2286
RANK,HTML WORD,RAW WORD,COUNT,RELATIVE FREQUENCY
1,&amp;,<code>&amp;amp;</code>,109,0.0476815
2,he,<code>he</code>,65,0.0284339
3,se,<code>se</code>,49,0.0214348
4,on,<code>on</code>,48,0.0209974
5,his,<code>his</code>,45,0.0196850
6,to,<code>to</code>,41,0.0179353
7,mid,<code>mid</code>,38,0.0166229
8,&thorn;am,<code>&amp;t;am</code>,36,0.0157480
9,&thorn;&aelig;t,<code>&amp;t;&amp;ae;t</code>,35,0.0153106
10,&thorn;a,<code>&amp;t;a</code>,31,0.0135608
11,swa,<code>swa</code>,30,0.0131234
12,&thorn;e,<code>&amp;t;e</code>,28,0.0122485
13,&eth;a,<code>&amp;d;a</code>,24,0.0104987
13,ne,<code>ne</code>,24,0.0104987
15,cw&aelig;&eth;,<code>cw&amp;ae;&amp;d;</code>,22,0.0096238
16,drihten,<code>drihten</code>,20,0.0087489
16,gif,<code>gif</code>,20,0.0087489
18,&eth;e,<code>&amp;d;e</code>,18,0.0078740
18,ac,<code>ac</code>,18,0.0078740
18,bi&eth;,<code>bi&amp;d;</code>,18,0.0078740
18,for,<code>for</code>,18,0.0078740
22,ic,<code>ic</code>,17,0.0074366
23,&thorn;u,<code>&amp;t;u</code>,16,0.0069991
23,godes,<code>godes</code>,16,0.0069991
23,is,<code>is</code>,16,0.0069991
26,hine,<code>hine</code>,14,0.0061242
27,&thorn;&aelig;re,<code>&amp;t;&amp;ae;re</code>,13,0.0056868
27,heora,<code>heora</code>,13,0.0056868
27,him,<code>him</code>,13,0.0056868
30,be,<code>be</code>,12,0.0052493
30,hi,<code>hi</code>,12,0.0052493
32,fram,<code>fram</code>,11,0.0048119
32,w&aelig;s,<code>w&amp;ae;s</code>,11,0.0048119
32,we,<code>we</code>,11,0.0048119
35,geleafan,<code>geleafan</code>,10,0.0043745
35,h&aelig;lend,<code>h&amp;ae;lend</code>,10,0.0043745
37,&thorn;&aelig;s,<code>&amp;t;&amp;ae;s</code>,9,0.0039370
37,hundredes,<code>hundredes</code>,9,0.0039370
37,of,<code>of</code>,9,0.0039370
37,sind,<code>sind</code>,9,0.0039370
41,&thorn;one,<code>&amp;t;one</code>,8,0.0034996
41,&thorn;onne,<code>&amp;t;onne</code>,8,0.0034996
41,buton,<code>buton</code>,8,0.0034996
41,cniht,<code>cniht</code>,8,0.0034996
41,sunu,<code>sunu</code>,8,0.0034996
41,ure,<code>ure</code>,8,0.0034996
41,w&aelig;re,<code>w&amp;ae;re</code>,8,0.0034996
48,&thorn;an,<code>&amp;t;an</code>,7,0.0030621
48,&thorn;urh,<code>&amp;t;urh</code>,7,0.0030621
48,beo&eth;,<code>beo&amp;d;</code>,7,0.0030621
48,ham,<code>ham</code>,7,0.0030621
48,sceolon,<code>sceolon</code>,7,0.0030621
48,wear&eth;,<code>wear&amp;d;</code>,7,0.0030621
54,&thorn;&aelig;r,<code>&amp;t;&amp;ae;r</code>,6,0.0026247
54,crist,<code>crist</code>,6,0.0026247
54,far,<code>far</code>,6,0.0026247
54,geh&aelig;lde,<code>geh&amp;ae;lde</code>,6,0.0026247
54,geh&aelig;led,<code>geh&amp;ae;led</code>,6,0.0026247
54,getacnode,<code>getacnode</code>,6,0.0026247
54,god,<code>god</code>,6,0.0026247
54,gode,<code>gode</code>,6,0.0026247
54,hit,<code>hit</code>,6,0.0026247
54,hreofla,<code>hreofla</code>,6,0.0026247
54,hreoflig,<code>hreoflig</code>,6,0.0026247
54,mann,<code>mann</code>,6,0.0026247
54,mannum,<code>mannum</code>,6,0.0026247
54,miht,<code>miht</code>,6,0.0026247
54,rican,<code>rican</code>,6,0.0026247
54,rice,<code>rice</code>,6,0.0026247
54,sacerde,<code>sacerde</code>,6,0.0026247
54,secge,<code>secge</code>,6,0.0026247
54,under,<code>under</code>,6,0.0026247
73,&eth;&aelig;r,<code>&amp;d;&amp;ae;r</code>,5,0.0021872
73,&eth;u,<code>&amp;d;u</code>,5,0.0021872
73,bearn,<code>bearn</code>,5,0.0021872
73,eow,<code>eow</code>,5,0.0021872
73,gecl&aelig;nsod,<code>gecl&amp;ae;nsod</code>,5,0.0021872
73,geswutelode,<code>geswutelode</code>,5,0.0021872
73,me,<code>me</code>,5,0.0021872
73,seo,<code>seo</code>,5,0.0021872
81,&aelig;,<code>&amp;ae;</code>,4,0.0017498
81,&thorn;eostrum,<code>&amp;t;eostrum</code>,4,0.0017498
81,&thorn;eowan,<code>&amp;t;eowan</code>,4,0.0017498
81,&thorn;isum,<code>&amp;t;isum</code>,4,0.0017498
81,an,<code>an</code>,4,0.0017498
81,anre,<code>anre</code>,4,0.0017498
81,com,<code>com</code>,4,0.0017498
81,criste,<code>criste</code>,4,0.0017498
81,eall,<code>eall</code>,4,0.0017498
81,eastd&aelig;le,<code>eastd&amp;ae;le</code>,4,0.0017498
81,gebit,<code>gebit</code>,4,0.0017498
81,gecl&aelig;nsian,<code>gecl&amp;ae;nsian</code>,4,0.0017498
81,heofenan,<code>heofenan</code>,4,0.0017498
81,hw&aelig;t,<code>hw&amp;ae;t</code>,4,0.0017498
81,man,<code>man</code>,4,0.0017498
81,manega,<code>manega</code>,4,0.0017498
81,menn,<code>menn</code>,4,0.0017498
81,micclum,<code>micclum</code>,4,0.0017498
81,micele,<code>micele</code>,4,0.0017498
81,mihte,<code>mihte</code>,4,0.0017498
81,min,<code>min</code>,4,0.0017498
81,na,<code>na</code>,4,0.0017498
81,nanum,<code>nanum</code>,4,0.0017498
81,sacerd,<code>sacerd</code>,4,0.0017498
81,so&eth;,<code>so&amp;d;</code>,4,0.0017498
81,so&eth;lice,<code>so&amp;d;lice</code>,4,0.0017498
81,sum,<code>sum</code>,4,0.0017498
81,sume,<code>sume</code>,4,0.0017498
81,sylf,<code>sylf</code>,4,0.0017498
81,w&aelig;ron,<code>w&amp;ae;ron</code>,4,0.0017498
81,westd&aelig;le,<code>westd&amp;ae;le</code>,4,0.0017498
81,wilt,<code>wilt</code>,4,0.0017498
81,wop,<code>wop</code>,4,0.0017498
81,word,<code>word</code>,4,0.0017498
115,&aelig;lmihtiga,<code>&amp;ae;lmihtiga</code>,3,0.0013123
115,&aelig;r,<code>&amp;ae;r</code>,3,0.0013123
115,&eth;&aelig;t,<code>&amp;d;&amp;ae;t</code>,3,0.0013123
115,&eth;urh,<code>&amp;d;urh</code>,3,0.0013123
115,&thorn;eostru,<code>&amp;t;eostru</code>,3,0.0013123
115,&thorn;in,<code>&amp;t;in</code>,3,0.0013123
115,&thorn;is,<code>&amp;t;is</code>,3,0.0013123
115,&thorn;issere,<code>&amp;t;issere</code>,3,0.0013123
115,&thorn;us,<code>&amp;t;us</code>,3,0.0013123
115,&thorn;ysum,<code>&amp;t;ysum</code>,3,0.0013123
115,andwyrde,<code>andwyrde</code>,3,0.0013123
115,anwealde,<code>anwealde</code>,3,0.0013123
115,aworpene,<code>aworpene</code>,3,0.0013123
115,b&aelig;d,<code>b&amp;ae;d</code>,3,0.0013123
115,bebead,<code>bebead</code>,3,0.0013123
115,betwux,<code>betwux</code>,3,0.0013123
115,cristenum,<code>cristenum</code>,3,0.0013123
115,cristes,<code>cristes</code>,3,0.0013123
115,cum,<code>cum</code>,3,0.0013123
115,cuma&eth;,<code>cuma&amp;d;</code>,3,0.0013123
115,cwe&eth;,<code>cwe&amp;d;</code>,3,0.0013123
115,cyning,<code>cyning</code>,3,0.0013123
115,de&eth;,<code>de&amp;d;</code>,3,0.0013123
115,eac,<code>eac</code>,3,0.0013123
115,ealdor,<code>ealdor</code>,3,0.0013123
115,eft,<code>eft</code>,3,0.0013123
115,eom,<code>eom</code>,3,0.0013123
115,gecynde,<code>gecynde</code>,3,0.0013123
115,geleafa,<code>geleafa</code>,3,0.0013123
115,geneal&aelig;hte,<code>geneal&amp;ae;hte</code>,3,0.0013123
115,godspellere,<code>godspellere</code>,3,0.0013123
115,h&aelig;lendes,<code>h&amp;ae;lendes</code>,3,0.0013123
115,hal,<code>hal</code>,3,0.0013123
115,hand,<code>hand</code>,3,0.0013123
115,heortan,<code>heortan</code>,3,0.0013123
115,hreoflian,<code>hreoflian</code>,3,0.0013123
115,into,<code>into</code>,3,0.0013123
115,leofa&eth;,<code>leofa&amp;d;</code>,3,0.0013123
115,lichamlice,<code>lichamlice</code>,3,0.0013123
115,life,<code>life</code>,3,0.0013123
115,lufe,<code>lufe</code>,3,0.0013123
115,men,<code>men</code>,3,0.0013123
115,meniu,<code>meniu</code>,3,0.0013123
115,micelne,<code>micelne</code>,3,0.0013123
115,minum,<code>minum</code>,3,0.0013123
115,mislicum,<code>mislicum</code>,3,0.0013123
115,n&aelig;s,<code>n&amp;ae;s</code>,3,0.0013123
115,nan,<code>nan</code>,3,0.0013123
115,nolde,<code>nolde</code>,3,0.0013123
115,o&thorn;rum,<code>o&amp;t;rum</code>,3,0.0013123
115,sawle,<code>sawle</code>,3,0.0013123
115,sceal,<code>sceal</code>,3,0.0013123
115,sceolde,<code>sceolde</code>,3,0.0013123
115,so&thorn;re,<code>so&amp;t;re</code>,3,0.0013123
115,swi&thorn;or,<code>swi&amp;t;or</code>,3,0.0013123
115,sy,<code>sy</code>,3,0.0013123
115,tide,<code>tide</code>,3,0.0013123
115,us,<code>us</code>,3,0.0013123
115,wi&eth;innan,<code>wi&amp;d;innan</code>,3,0.0013123
115,witodlice,<code>witodlice</code>,3,0.0013123
115,yttrum,<code>yttrum</code>,3,0.0013123
176,&aelig;lcere,<code>&amp;ae;lcere</code>,2,0.0008749
176,&aelig;t,<code>&amp;ae;t</code>,2,0.0008749
176,&eth;&aelig;s,<code>&amp;d;&amp;ae;s</code>,2,0.0008749
176,&eth;es,<code>&amp;d;es</code>,2,0.0008749
176,&eth;in,<code>&amp;d;in</code>,2,0.0008749
176,&eth;onne,<code>&amp;d;onne</code>,2,0.0008749
176,&thorn;eah,<code>&amp;t;eah</code>,2,0.0008749
176,&thorn;eode,<code>&amp;t;eode</code>,2,0.0008749
176,&thorn;es,<code>&amp;t;es</code>,2,0.0008749
176,&thorn;ine,<code>&amp;t;ine</code>,2,0.0008749
176,&thorn;isne,<code>&amp;t;isne</code>,2,0.0008749
176,&thorn;y,<code>&amp;t;y</code>,2,0.0008749
176,ablend,<code>ablend</code>,2,0.0008749
176,abrahame,<code>abrahame</code>,2,0.0008749
176,aleat,<code>aleat</code>,2,0.0008749
176,alysde,<code>alysde</code>,2,0.0008749
176,andwerd,<code>andwerd</code>,2,0.0008749
176,andwerdan,<code>andwerdan</code>,2,0.0008749
176,ascyrian,<code>ascyrian</code>,2,0.0008749
176,astah,<code>astah</code>,2,0.0008749
176,astrehte,<code>astrehte</code>,2,0.0008749
176,awrat,<code>awrat</code>,2,0.0008749
176,bed&aelig;led,<code>bed&amp;ae;led</code>,2,0.0008749
176,bedreda,<code>bedreda</code>,2,0.0008749
176,beon,<code>beon</code>,2,0.0008749
176,blindnyssa,<code>blindnyssa</code>,2,0.0008749
176,cempan,<code>cempan</code>,2,0.0008749
176,cl&aelig;nsunge,<code>cl&amp;ae;nsunge</code>,2,0.0008749
176,cume,<code>cume</code>,2,0.0008749
176,cwe&eth;ende,<code>cwe&amp;d;ende</code>,2,0.0008749
176,cwe&thorn;ende,<code>cwe&amp;t;ende</code>,2,0.0008749
176,cwyde,<code>cwyde</code>,2,0.0008749
176,cwylmia&eth;,<code>cwylmia&amp;d;</code>,2,0.0008749
176,cym&eth;,<code>cym&amp;d;</code>,2,0.0008749
176,d&aelig;de,<code>d&amp;ae;de</code>,2,0.0008749
176,do,<code>do</code>,2,0.0008749
176,eadmoda,<code>eadmoda</code>,2,0.0008749
176,eadmodnysse,<code>eadmodnysse</code>,2,0.0008749
176,eagan,<code>eagan</code>,2,0.0008749
176,ealdan,<code>ealdan</code>,2,0.0008749
176,ealdre,<code>ealdre</code>,2,0.0008749
176,ealdres,<code>ealdres</code>,2,0.0008749
176,ealle,<code>ealle</code>,2,0.0008749
176,ealra,<code>ealra</code>,2,0.0008749
176,eastd&aelig;l,<code>eastd&amp;ae;l</code>,2,0.0008749
176,efne,<code>efne</code>,2,0.0008749
176,f&aelig;der,<code>f&amp;ae;der</code>,2,0.0008749
176,f&aelig;r&eth;,<code>f&amp;ae;r&amp;d;</code>,2,0.0008749
176,fagnyssum,<code>fagnyssum</code>,2,0.0008749
176,forbead,<code>forbead</code>,2,0.0008749
176,forseon,<code>forseon</code>,2,0.0008749
176,fyligde,<code>fyligde</code>,2,0.0008749
176,fyr,<code>fyr</code>,2,0.0008749
176,fyre,<code>fyre</code>,2,0.0008749
176,gearo,<code>gearo</code>,2,0.0008749
176,geh&aelig;le,<code>geh&amp;ae;le</code>,2,0.0008749
176,gelyfan,<code>gelyfan</code>,2,0.0008749
176,gelyfde,<code>gelyfde</code>,2,0.0008749
176,gelyfdest,<code>gelyfdest</code>,2,0.0008749
176,gemette,<code>gemette</code>,2,0.0008749
176,geresta&eth;,<code>geresta&amp;d;</code>,2,0.0008749
176,geset,<code>geset</code>,2,0.0008749
176,gesewenlic,<code>gesewenlic</code>,2,0.0008749
176,getimige,<code>getimige</code>,2,0.0008749
176,godcundnysse,<code>godcundnysse</code>,2,0.0008749
176,h&aelig;bbende,<code>h&amp;ae;bbende</code>,2,0.0008749
176,h&aelig;fde,<code>h&amp;ae;fde</code>,2,0.0008749
176,h&aelig;le,<code>h&amp;ae;le</code>,2,0.0008749
176,h&aelig;se,<code>h&amp;ae;se</code>,2,0.0008749
176,heahf&aelig;dere,<code>heahf&amp;ae;dere</code>,2,0.0008749
176,heahf&aelig;derum,<code>heahf&amp;ae;derum</code>,2,0.0008749
176,heo,<code>heo</code>,2,0.0008749
176,hrepode,<code>hrepode</code>,2,0.0008749
176,hrepunge,<code>hrepunge</code>,2,0.0008749
176,hu,<code>hu</code>,2,0.0008749
176,infare,<code>infare</code>,2,0.0008749
176,inran,<code>inran</code>,2,0.0008749
176,israhela,<code>israhela</code>,2,0.0008749
176,lace,<code>lace</code>,2,0.0008749
176,leahtrum,<code>leahtrum</code>,2,0.0008749
176,lichaman,<code>lichaman</code>,2,0.0008749
176,manna,<code>manna</code>,2,0.0008749
176,menniscum,<code>menniscum</code>,2,0.0008749
176,middaneardes,<code>middaneardes</code>,2,0.0008749
176,moyses,<code>moyses</code>,2,0.0008749
176,n&aelig;fre,<code>n&amp;ae;fre</code>,2,0.0008749
176,n&aelig;re,<code>n&amp;ae;re</code>,2,0.0008749
176,nane,<code>nane</code>,2,0.0008749
176,o&eth;&eth;e,<code>o&amp;d;&amp;d;e</code>,2,0.0008749
176,reoflig,<code>reoflig</code>,2,0.0008749
176,snoternysse,<code>snoternysse</code>,2,0.0008749
176,so&thorn;an,<code>so&amp;t;an</code>,2,0.0008749
176,sona,<code>sona</code>,2,0.0008749
176,swi&eth;e,<code>swi&amp;d;e</code>,2,0.0008749
176,swilce,<code>swilce</code>,2,0.0008749
176,synna,<code>synna</code>,2,0.0008749
176,te&eth;,<code>te&amp;d;</code>,2,0.0008749
176,to&eth;a,<code>to&amp;d;a</code>,2,0.0008749
176,to&thorn;a,<code>to&amp;t;a</code>,2,0.0008749
176,wat,<code>wat</code>,2,0.0008749
176,westd&aelig;l,<code>westd&amp;ae;l</code>,2,0.0008749
176,wi&eth;,<code>wi&amp;d;</code>,2,0.0008749
176,wi&eth;utan,<code>wi&amp;d;utan</code>,2,0.0008749
176,witega,<code>witega</code>,2,0.0008749
176,worde,<code>worde</code>,2,0.0008749
176,wundrode,<code>wundrode</code>,2,0.0008749
176,wununge,<code>wununge</code>,2,0.0008749
176,wylle,<code>wylle</code>,2,0.0008749
176,wyr&eth;e,<code>wyr&amp;d;e</code>,2,0.0008749
176,yfeles,<code>yfeles</code>,2,0.0008749
176,yttran,<code>yttran</code>,2,0.0008749
287,&aelig;&eth;eling,<code>&amp;ae;&amp;d;eling</code>,1,0.0004374
287,&aelig;fre,<code>&amp;ae;fre</code>,1,0.0004374
287,&aelig;fter,<code>&amp;ae;fter</code>,1,0.0004374
287,&aelig;fterfyligenda,<code>&amp;ae;fterfyligenda</code>,1,0.0004374
287,&aelig;hta,<code>&amp;ae;hta</code>,1,0.0004374
287,&aelig;ighw&aelig;r,<code>&amp;ae;ighw&amp;ae;r</code>,1,0.0004374
287,&aelig;lces,<code>&amp;ae;lces</code>,1,0.0004374
287,&aelig;lmihtig,<code>&amp;ae;lmihtig</code>,1,0.0004374
287,&aelig;nig,<code>&amp;ae;nig</code>,1,0.0004374
287,&aelig;nigne,<code>&amp;ae;nigne</code>,1,0.0004374
287,&aelig;nigre,<code>&amp;ae;nigre</code>,1,0.0004374
287,&aelig;rist,<code>&amp;ae;rist</code>,1,0.0004374
287,&aelig;riste,<code>&amp;ae;riste</code>,1,0.0004374
287,&aelig;tbr&aelig;d,<code>&amp;ae;tbr&amp;ae;d</code>,1,0.0004374
287,&eth;as,<code>&amp;d;as</code>,1,0.0004374
287,&eth;eah,<code>&amp;d;eah</code>,1,0.0004374
287,&eth;eawa,<code>&amp;d;eawa</code>,1,0.0004374
287,&eth;egen,<code>&amp;d;egen</code>,1,0.0004374
287,&eth;egene,<code>&amp;d;egene</code>,1,0.0004374
287,&eth;eignas,<code>&amp;d;eignas</code>,1,0.0004374
287,&eth;is,<code>&amp;d;is</code>,1,0.0004374
287,&eth;one,<code>&amp;d;one</code>,1,0.0004374
287,&thorn;&aelig;ra,<code>&amp;t;&amp;ae;ra</code>,1,0.0004374
287,&thorn;ancian,<code>&amp;t;ancian</code>,1,0.0004374
287,&thorn;as,<code>&amp;t;as</code>,1,0.0004374
287,&thorn;earfum,<code>&amp;t;earfum</code>,1,0.0004374
287,&thorn;eawas,<code>&amp;t;eawas</code>,1,0.0004374
287,&thorn;eawum,<code>&amp;t;eawum</code>,1,0.0004374
287,&thorn;ecene,<code>&amp;t;ecene</code>,1,0.0004374
287,&thorn;egen,<code>&amp;t;egen</code>,1,0.0004374
287,&thorn;egenes,<code>&amp;t;egenes</code>,1,0.0004374
287,&thorn;eow,<code>&amp;t;eow</code>,1,0.0004374
287,&thorn;eowdome,<code>&amp;t;eowdome</code>,1,0.0004374
287,&thorn;eowum,<code>&amp;t;eowum</code>,1,0.0004374
287,&thorn;ing,<code>&amp;t;ing</code>,1,0.0004374
287,&thorn;inne,<code>&amp;t;inne</code>,1,0.0004374
287,&thorn;ises,<code>&amp;t;ises</code>,1,0.0004374
287,&thorn;rowigendlic,<code>&amp;t;rowigendlic</code>,1,0.0004374
287,&thorn;ry,<code>&amp;t;ry</code>,1,0.0004374
287,&thorn;rynnysse,<code>&amp;t;rynnysse</code>,1,0.0004374
287,&thorn;urfon,<code>&amp;t;urfon</code>,1,0.0004374
287,abraham,<code>abraham</code>,1,0.0004374
287,adlunga,<code>adlunga</code>,1,0.0004374
287,adw&aelig;sced,<code>adw&amp;ae;sced</code>,1,0.0004374
287,afyrsia&eth;,<code>afyrsia&amp;d;</code>,1,0.0004374
287,agen,<code>agen</code>,1,0.0004374
287,agenre,<code>agenre</code>,1,0.0004374
287,amansumian,<code>amansumian</code>,1,0.0004374
287,amen,<code>amen</code>,1,0.0004374
287,and,<code>and</code>,1,0.0004374
287,andetta&eth;,<code>andetta&amp;d;</code>,1,0.0004374
287,andgit,<code>andgit</code>,1,0.0004374
287,andgite,<code>andgite</code>,1,0.0004374
287,andweardan,<code>andweardan</code>,1,0.0004374
287,andwerdnysse,<code>andwerdnysse</code>,1,0.0004374
287,anfealdum,<code>anfealdum</code>,1,0.0004374
287,anfenge,<code>anfenge</code>,1,0.0004374
287,angin,<code>angin</code>,1,0.0004374
287,anginne,<code>anginne</code>,1,0.0004374
287,anlicnysse,<code>anlicnysse</code>,1,0.0004374
287,annanian,<code>annanian</code>,1,0.0004374
287,annysse,<code>annysse</code>,1,0.0004374
287,anr&aelig;dlice,<code>anr&amp;ae;dlice</code>,1,0.0004374
287,anum,<code>anum</code>,1,0.0004374
287,apostol,<code>apostol</code>,1,0.0004374
287,ascyred,<code>ascyred</code>,1,0.0004374
287,asendan,<code>asendan</code>,1,0.0004374
287,asende,<code>asende</code>,1,0.0004374
287,aspende,<code>aspende</code>,1,0.0004374
287,atelic,<code>atelic</code>,1,0.0004374
287,atelice,<code>atelice</code>,1,0.0004374
287,atelicor,<code>atelicor</code>,1,0.0004374
287,ateora&eth;,<code>ateora&amp;d;</code>,1,0.0004374
287,awurpon,<code>awurpon</code>,1,0.0004374
287,awyrp&eth;,<code>awyrp&amp;d;</code>,1,0.0004374
287,b&aelig;don,<code>b&amp;ae;don</code>,1,0.0004374
287,b&aelig;r,<code>b&amp;ae;r</code>,1,0.0004374
287,bearna,<code>bearna</code>,1,0.0004374
287,bearne,<code>bearne</code>,1,0.0004374
287,beboda,<code>beboda</code>,1,0.0004374
287,becuma&eth;,<code>becuma&amp;d;</code>,1,0.0004374
287,befran,<code>befran</code>,1,0.0004374
287,begra,<code>begra</code>,1,0.0004374
287,begriwen,<code>begriwen</code>,1,0.0004374
287,belyfede,<code>belyfede</code>,1,0.0004374
287,beo,<code>beo</code>,1,0.0004374
287,besmit,<code>besmit</code>,1,0.0004374
287,besmite,<code>besmite</code>,1,0.0004374
287,biddan,<code>biddan</code>,1,0.0004374
287,biddende,<code>biddende</code>,1,0.0004374
287,bradum,<code>bradum</code>,1,0.0004374
287,bro&thorn;er,<code>bro&amp;t;er</code>,1,0.0004374
287,bryne,<code>bryne</code>,1,0.0004374
287,buga&eth;,<code>buga&amp;d;</code>,1,0.0004374
287,byrig,<code>byrig</code>,1,0.0004374
287,bysne,<code>bysne</code>,1,0.0004374
287,capharnaum,<code>capharnaum</code>,1,0.0004374
287,cearcigende,<code>cearcigende</code>,1,0.0004374
287,ceastre,<code>ceastre</code>,1,0.0004374
287,cl&aelig;ne,<code>cl&amp;ae;ne</code>,1,0.0004374
287,comon,<code>comon</code>,1,0.0004374
287,cristenan,<code>cristenan</code>,1,0.0004374
287,cu&thorn;e,<code>cu&amp;t;e</code>,1,0.0004374
287,cuman,<code>cuman</code>,1,0.0004374
287,cw&aelig;don,<code>cw&amp;ae;don</code>,1,0.0004374
287,cwacia&eth;,<code>cwacia&amp;d;</code>,1,0.0004374
287,cwe&thorn;e,<code>cwe&amp;t;e</code>,1,0.0004374
287,cwy&eth;,<code>cwy&amp;d;</code>,1,0.0004374
287,cydde,<code>cydde</code>,1,0.0004374
287,cyddon,<code>cyddon</code>,1,0.0004374
287,cyle,<code>cyle</code>,1,0.0004374
287,cyninges,<code>cyninges</code>,1,0.0004374
287,d&aelig;dbetende,<code>d&amp;ae;dbetende</code>,1,0.0004374
287,d&aelig;g,<code>d&amp;ae;g</code>,1,0.0004374
287,d&aelig;ges,<code>d&amp;ae;ges</code>,1,0.0004374
287,d&aelig;las,<code>d&amp;ae;las</code>,1,0.0004374
287,d&aelig;lde,<code>d&amp;ae;lde</code>,1,0.0004374
287,d&aelig;le,<code>d&amp;ae;le</code>,1,0.0004374
287,dauid,<code>dauid</code>,1,0.0004374
287,de,<code>de</code>,1,0.0004374
287,demde,<code>demde</code>,1,0.0004374
287,deofles,<code>deofles</code>,1,0.0004374
287,descendisset,<code>descendisset</code>,1,0.0004374
287,digelnysse,<code>digelnysse</code>,1,0.0004374
287,do&eth;,<code>do&amp;d;</code>,1,0.0004374
287,dome,<code>dome</code>,1,0.0004374
287,domini,<code>domini</code>,1,0.0004374
287,dominica,<code>dominica</code>,1,0.0004374
287,don,<code>don</code>,1,0.0004374
287,donne,<code>donne</code>,1,0.0004374
287,drihtenlican,<code>drihtenlican</code>,1,0.0004374
287,drihtne,<code>drihtne</code>,1,0.0004374
287,drohtnungum,<code>drohtnungum</code>,1,0.0004374
287,dun,<code>dun</code>,1,0.0004374
287,dune,<code>dune</code>,1,0.0004374
287,eadiga,<code>eadiga</code>,1,0.0004374
287,eadmodan,<code>eadmodan</code>,1,0.0004374
287,eadmodnyss,<code>eadmodnyss</code>,1,0.0004374
287,ealde,<code>ealde</code>,1,0.0004374
287,ealldor,<code>ealldor</code>,1,0.0004374
287,ealldre,<code>ealldre</code>,1,0.0004374
287,ealles,<code>ealles</code>,1,0.0004374
287,earman,<code>earman</code>,1,0.0004374
287,eart,<code>eart</code>,1,0.0004374
287,ecan,<code>ecan</code>,1,0.0004374
287,ecelice,<code>ecelice</code>,1,0.0004374
287,ecere,<code>ecere</code>,1,0.0004374
287,ecum,<code>ecum</code>,1,0.0004374
287,edleane,<code>edleane</code>,1,0.0004374
287,ege,<code>ege</code>,1,0.0004374
287,egeful,<code>egeful</code>,1,0.0004374
287,ende,<code>ende</code>,1,0.0004374
287,eode,<code>eode</code>,1,0.0004374
287,eowde,<code>eowde</code>,1,0.0004374
287,epiphania,<code>epiphania</code>,1,0.0004374
287,et,<code>et</code>,1,0.0004374
287,eum,<code>eum</code>,1,0.0004374
287,facn,<code>facn</code>,1,0.0004374
287,fefor,<code>fefor</code>,1,0.0004374
287,fela,<code>fela</code>,1,0.0004374
287,feorran,<code>feorran</code>,1,0.0004374
287,feower,<code>feower</code>,1,0.0004374
287,feowerfealdum,<code>feowerfealdum</code>,1,0.0004374
287,ferde,<code>ferde</code>,1,0.0004374
287,fl&aelig;sces,<code>fl&amp;ae;sces</code>,1,0.0004374
287,fl&aelig;sclicnysse,<code>fl&amp;ae;sclicnysse</code>,1,0.0004374
287,folc,<code>folc</code>,1,0.0004374
287,folce,<code>folce</code>,1,0.0004374
287,folgia&eth;,<code>folgia&amp;d;</code>,1,0.0004374
287,for&eth;si&eth;e,<code>for&amp;d;si&amp;d;e</code>,1,0.0004374
287,for&thorn;faren,<code>for&amp;t;faren</code>,1,0.0004374
287,forgeald,<code>forgeald</code>,1,0.0004374
287,forgolden,<code>forgolden</code>,1,0.0004374
287,forlet,<code>forlet</code>,1,0.0004374
287,forliras,<code>forliras</code>,1,0.0004374
287,forlirum,<code>forlirum</code>,1,0.0004374
287,forsawon,<code>forsawon</code>,1,0.0004374
287,forscyldegedan,<code>forscyldegedan</code>,1,0.0004374
287,forsworenan,<code>forsworenan</code>,1,0.0004374
287,forsworenum,<code>forsworenum</code>,1,0.0004374
287,forwur&eth;a&eth;,<code>forwur&amp;d;a&amp;d;</code>,1,0.0004374
287,fotswa&thorn;um,<code>fotswa&amp;t;um</code>,1,0.0004374
287,fremige,<code>fremige</code>,1,0.0004374
287,fremminge,<code>fremminge</code>,1,0.0004374
287,fremode,<code>fremode</code>,1,0.0004374
287,freonda,<code>freonda</code>,1,0.0004374
287,ful,<code>ful</code>,1,0.0004374
287,fulfremedlice,<code>fulfremedlice</code>,1,0.0004374
287,fulfremedum,<code>fulfremedum</code>,1,0.0004374
287,fultume,<code>fultume</code>,1,0.0004374
287,fyliga&eth;,<code>fyliga&amp;d;</code>,1,0.0004374
287,fyligendan,<code>fyligendan</code>,1,0.0004374
287,fyrenum,<code>fyrenum</code>,1,0.0004374
287,fyrmest,<code>fyrmest</code>,1,0.0004374
287,ga,<code>ga</code>,1,0.0004374
287,gast,<code>gast</code>,1,0.0004374
287,gastlica,<code>gastlica</code>,1,0.0004374
287,gastlican,<code>gastlican</code>,1,0.0004374
287,gastlicum,<code>gastlicum</code>,1,0.0004374
287,ge&thorn;eo&eth;,<code>ge&amp;t;eo&amp;d;</code>,1,0.0004374
287,ge&thorn;eodde,<code>ge&amp;t;eodde</code>,1,0.0004374
287,ge&thorn;reatod,<code>ge&amp;t;reatod</code>,1,0.0004374
287,geandettan,<code>geandettan</code>,1,0.0004374
287,gebeah,<code>gebeah</code>,1,0.0004374
287,gebysnunge,<code>gebysnunge</code>,1,0.0004374
287,gebysnungum,<code>gebysnungum</code>,1,0.0004374
287,gecigede,<code>gecigede</code>,1,0.0004374
287,gecome,<code>gecome</code>,1,0.0004374
287,gecorenan,<code>gecorenan</code>,1,0.0004374
287,gecw&aelig;&eth;,<code>gecw&amp;ae;&amp;d;</code>,1,0.0004374
287,gecweden,<code>gecweden</code>,1,0.0004374
287,gecwedene,<code>gecwedene</code>,1,0.0004374
287,gecynd,<code>gecynd</code>,1,0.0004374
287,gecyrra&eth;,<code>gecyrra&amp;d;</code>,1,0.0004374
287,gecyrrednysse,<code>gecyrrednysse</code>,1,0.0004374
287,gedafena&eth;,<code>gedafena&amp;d;</code>,1,0.0004374
287,gedo&eth;,<code>gedo&amp;d;</code>,1,0.0004374
287,gedyde,<code>gedyde</code>,1,0.0004374
287,geefenl&aelig;ca&eth;,<code>geefenl&amp;ae;ca&amp;d;</code>,1,0.0004374
287,geenda&eth;,<code>geenda&amp;d;</code>,1,0.0004374
287,geendunge,<code>geendunge</code>,1,0.0004374
287,geferl&aelig;hte,<code>geferl&amp;ae;hte</code>,1,0.0004374
287,gefl&aelig;schamod,<code>gefl&amp;ae;schamod</code>,1,0.0004374
287,gefremman,<code>gefremman</code>,1,0.0004374
287,gegaderode,<code>gegaderode</code>,1,0.0004374
287,geh&aelig;lan,<code>geh&amp;ae;lan</code>,1,0.0004374
287,geh&aelig;ledum,<code>geh&amp;ae;ledum</code>,1,0.0004374
287,gehaten,<code>gehaten</code>,1,0.0004374
287,gehwa,<code>gehwa</code>,1,0.0004374
287,gehwilc,<code>gehwilc</code>,1,0.0004374
287,gehyrde,<code>gehyrde</code>,1,0.0004374
287,gehyrenne,<code>gehyrenne</code>,1,0.0004374
287,gela&eth;od,<code>gela&amp;d;od</code>,1,0.0004374
287,gelacnian,<code>gelacnian</code>,1,0.0004374
287,geleafful,<code>geleafful</code>,1,0.0004374
287,geleaffullan,<code>geleaffullan</code>,1,0.0004374
287,geleaffullum,<code>geleaffullum</code>,1,0.0004374
287,gelican,<code>gelican</code>,1,0.0004374
287,gem&aelig;nelicum,<code>gem&amp;ae;nelicum</code>,1,0.0004374
287,gemet,<code>gemet</code>,1,0.0004374
287,gemynde,<code>gemynde</code>,1,0.0004374
287,geneosigenne,<code>geneosigenne</code>,1,0.0004374
287,genihtsumie,<code>genihtsumie</code>,1,0.0004374
287,geoffra,<code>geoffra</code>,1,0.0004374
287,geogo&eth;e,<code>geogo&amp;d;e</code>,1,0.0004374
287,geopenian,<code>geopenian</code>,1,0.0004374
287,gerihtl&aelig;c&eth;,<code>gerihtl&amp;ae;c&amp;d;</code>,1,0.0004374
287,gerihtl&aelig;can,<code>gerihtl&amp;ae;can</code>,1,0.0004374
287,ges&aelig;d,<code>ges&amp;ae;d</code>,1,0.0004374
287,gesceafta,<code>gesceafta</code>,1,0.0004374
287,gesceapene,<code>gesceapene</code>,1,0.0004374
287,geseah,<code>geseah</code>,1,0.0004374
287,gespr&aelig;c,<code>gespr&amp;ae;c</code>,1,0.0004374
287,gesund,<code>gesund</code>,1,0.0004374
287,geswelle,<code>geswelle</code>,1,0.0004374
287,geswic&eth;,<code>geswic&amp;d;</code>,1,0.0004374
287,geswica&eth;,<code>geswica&amp;d;</code>,1,0.0004374
287,geswustru,<code>geswustru</code>,1,0.0004374
287,geswutela,<code>geswutela</code>,1,0.0004374
287,geswutelod,<code>geswutelod</code>,1,0.0004374
287,getacna&eth;,<code>getacna&amp;d;</code>,1,0.0004374
287,geteald,<code>geteald</code>,1,0.0004374
287,gewend,<code>gewend</code>,1,0.0004374
287,gewitnysse,<code>gewitnysse</code>,1,0.0004374
287,geworhte,<code>geworhte</code>,1,0.0004374
287,gewyrpte,<code>gewyrpte</code>,1,0.0004374
287,gilp,<code>gilp</code>,1,0.0004374
287,gilpe,<code>gilpe</code>,1,0.0004374
287,gitseras,<code>gitseras</code>,1,0.0004374
287,gitserum,<code>gitserum</code>,1,0.0004374
287,gladia&eth;,<code>gladia&amp;d;</code>,1,0.0004374
287,gleawlice,<code>gleawlice</code>,1,0.0004374
287,goddre,<code>goddre</code>,1,0.0004374
287,godiende,<code>godiende</code>,1,0.0004374
287,godigende,<code>godigende</code>,1,0.0004374
287,godnysse,<code>godnysse</code>,1,0.0004374
287,godspel,<code>godspel</code>,1,0.0004374
287,godspelle,<code>godspelle</code>,1,0.0004374
287,godspellican,<code>godspellican</code>,1,0.0004374
287,godum,<code>godum</code>,1,0.0004374
287,gyfe,<code>gyfe</code>,1,0.0004374
287,gylp,<code>gylp</code>,1,0.0004374
287,gyrstond&aelig;ig,<code>gyrstond&amp;ae;ig</code>,1,0.0004374
287,gyt,<code>gyt</code>,1,0.0004374
287,h&aelig;bbe,<code>h&amp;ae;bbe</code>,1,0.0004374
287,h&aelig;f&eth;,<code>h&amp;ae;f&amp;d;</code>,1,0.0004374
287,h&aelig;gmon,<code>h&amp;ae;gmon</code>,1,0.0004374
287,h&aelig;l&eth;e,<code>h&amp;ae;l&amp;d;e</code>,1,0.0004374
287,h&aelig;lende,<code>h&amp;ae;lende</code>,1,0.0004374
287,h&aelig;s,<code>h&amp;ae;s</code>,1,0.0004374
287,hadum,<code>hadum</code>,1,0.0004374
287,hafenleaste,<code>hafenleaste</code>,1,0.0004374
287,halga,<code>halga</code>,1,0.0004374
287,halgan,<code>halgan</code>,1,0.0004374
287,halgena,<code>halgena</code>,1,0.0004374
287,halwende,<code>halwende</code>,1,0.0004374
287,handa,<code>handa</code>,1,0.0004374
287,heafodleahter,<code>heafodleahter</code>,1,0.0004374
287,heafodleahtrum,<code>heafodleahtrum</code>,1,0.0004374
287,heahf&aelig;der,<code>heahf&amp;ae;der</code>,1,0.0004374
287,heahf&aelig;dera,<code>heahf&amp;ae;dera</code>,1,0.0004374
287,healfe,<code>healfe</code>,1,0.0004374
287,healfum,<code>healfum</code>,1,0.0004374
287,healfunga,<code>healfunga</code>,1,0.0004374
287,healica,<code>healica</code>,1,0.0004374
287,hellesusle,<code>hellesusle</code>,1,0.0004374
287,heofonum,<code>heofonum</code>,1,0.0004374
287,her,<code>her</code>,1,0.0004374
287,herede,<code>herede</code>,1,0.0004374
287,herunge,<code>herunge</code>,1,0.0004374
287,hired,<code>hired</code>,1,0.0004374
287,hlaford,<code>hlaford</code>,1,0.0004374
287,hoge,<code>hoge</code>,1,0.0004374
287,hreoflan,<code>hreoflan</code>,1,0.0004374
287,hreoflia,<code>hreoflia</code>,1,0.0004374
287,hreofline,<code>hreofline</code>,1,0.0004374
287,hreoflinne,<code>hreoflinne</code>,1,0.0004374
287,hreppenne,<code>hreppenne</code>,1,0.0004374
287,hrepung,<code>hrepung</code>,1,0.0004374
287,hrofe,<code>hrofe</code>,1,0.0004374
287,hwam,<code>hwam</code>,1,0.0004374
287,hwanon,<code>hwanon</code>,1,0.0004374
287,hwilcere,<code>hwilcere</code>,1,0.0004374
287,hwommas,<code>hwommas</code>,1,0.0004374
287,iacob,<code>iacob</code>,1,0.0004374
287,iacobe,<code>iacobe</code>,1,0.0004374
287,iesus,<code>iesus</code>,1,0.0004374
287,iii,<code>iii</code>,1,0.0004374
287,innweardre,<code>innweardre</code>,1,0.0004374
287,inra,<code>inra</code>,1,0.0004374
287,iohannes,<code>iohannes</code>,1,0.0004374
287,isaac,<code>isaac</code>,1,0.0004374
287,isaace,<code>isaace</code>,1,0.0004374
287,issaias,<code>issaias</code>,1,0.0004374
287,iudeiscan,<code>iudeiscan</code>,1,0.0004374
287,l&aelig;ce,<code>l&amp;ae;ce</code>,1,0.0004374
287,l&aelig;cedome,<code>l&amp;ae;cedome</code>,1,0.0004374
287,l&aelig;ig,<code>l&amp;ae;ig</code>,1,0.0004374
287,l&aelig;s,<code>l&amp;ae;s</code>,1,0.0004374
287,la&eth;lic,<code>la&amp;d;lic</code>,1,0.0004374
287,lac,<code>lac</code>,1,0.0004374
287,lare,<code>lare</code>,1,0.0004374
287,lareow,<code>lareow</code>,1,0.0004374
287,leofra,<code>leofra</code>,1,0.0004374
287,leohtes,<code>leohtes</code>,1,0.0004374
287,li&eth;,<code>li&amp;d;</code>,1,0.0004374
287,lic,<code>lic</code>,1,0.0004374
287,lician,<code>lician</code>,1,0.0004374
287,lif,<code>lif</code>,1,0.0004374
287,lufia&eth;,<code>lufia&amp;d;</code>,1,0.0004374
287,lufu,<code>lufu</code>,1,0.0004374
287,lustb&aelig;re,<code>lustb&amp;ae;re</code>,1,0.0004374
287,lyhtinge,<code>lyhtinge</code>,1,0.0004374
287,lytles,<code>lytles</code>,1,0.0004374
287,m&aelig;g&eth;e,<code>m&amp;ae;g&amp;d;e</code>,1,0.0004374
287,m&aelig;ge,<code>m&amp;ae;ge</code>,1,0.0004374
287,m&aelig;glicere,<code>m&amp;ae;glicere</code>,1,0.0004374
287,m&aelig;gna,<code>m&amp;ae;gna</code>,1,0.0004374
287,m&aelig;ig,<code>m&amp;ae;ig</code>,1,0.0004374
287,m&aelig;ra,<code>m&amp;ae;ra</code>,1,0.0004374
287,magon,<code>magon</code>,1,0.0004374
287,mancyn,<code>mancyn</code>,1,0.0004374
287,mancynn,<code>mancynn</code>,1,0.0004374
287,mand&aelig;dum,<code>mand&amp;ae;dum</code>,1,0.0004374
287,manfullum,<code>manfullum</code>,1,0.0004374
287,mannes,<code>mannes</code>,1,0.0004374
287,manslagan,<code>manslagan</code>,1,0.0004374
287,maran,<code>maran</code>,1,0.0004374
287,maria,<code>maria</code>,1,0.0004374
287,martha,<code>martha</code>,1,0.0004374
287,matheus,<code>matheus</code>,1,0.0004374
287,menigfealdan,<code>menigfealdan</code>,1,0.0004374
287,menigfealdum,<code>menigfealdum</code>,1,0.0004374
287,miccle,<code>miccle</code>,1,0.0004374
287,miccles,<code>miccles</code>,1,0.0004374
287,miccllum,<code>miccllum</code>,1,0.0004374
287,micel,<code>micel</code>,1,0.0004374
287,middaneard,<code>middaneard</code>,1,0.0004374
287,midned&aelig;g,<code>midned&amp;ae;g</code>,1,0.0004374
287,mihtiglice,<code>mihtiglice</code>,1,0.0004374
287,mildheorte,<code>mildheorte</code>,1,0.0004374
287,minre,<code>minre</code>,1,0.0004374
287,mod,<code>mod</code>,1,0.0004374
287,modes,<code>modes</code>,1,0.0004374
287,modigan,<code>modigan</code>,1,0.0004374
287,monte,<code>monte</code>,1,0.0004374
287,mu&eth;e,<code>mu&amp;d;e</code>,1,0.0004374
287,multe,<code>multe</code>,1,0.0004374
287,myrh&eth;e,<code>myrh&amp;d;e</code>,1,0.0004374
287,n&aelig;f&eth;,<code>n&amp;ae;f&amp;d;</code>,1,0.0004374
287,n&aelig;nne,<code>n&amp;ae;nne</code>,1,0.0004374
287,n&aelig;ron,<code>n&amp;ae;ron</code>,1,0.0004374
287,namum,<code>namum</code>,1,0.0004374
287,neawiste,<code>neawiste</code>,1,0.0004374
287,neom,<code>neom</code>,1,0.0004374
287,nu,<code>nu</code>,1,0.0004374
287,ny&thorn;er,<code>ny&amp;t;er</code>,1,0.0004374
287,ny&thorn;ereode,<code>ny&amp;t;ereode</code>,1,0.0004374
287,o&eth;re,<code>o&amp;d;re</code>,1,0.0004374
287,o&thorn;,<code>o&amp;t;</code>,1,0.0004374
287,o&thorn;&eth;e,<code>o&amp;t;&amp;d;e</code>,1,0.0004374
287,o&thorn;re,<code>o&amp;t;re</code>,1,0.0004374
287,o&thorn;res,<code>o&amp;t;res</code>,1,0.0004374
287,ofer,<code>ofer</code>,1,0.0004374
287,onbryrdre,<code>onbryrdre</code>,1,0.0004374
287,oncn&aelig;w&eth;,<code>oncn&amp;ae;w&amp;d;</code>,1,0.0004374
287,oncneow,<code>oncneow</code>,1,0.0004374
287,onfon,<code>onfon</code>,1,0.0004374
287,onscunian,<code>onscunian</code>,1,0.0004374
287,paulum,<code>paulum</code>,1,0.0004374
287,paulus,<code>paulus</code>,1,0.0004374
287,planta&eth;,<code>planta&amp;d;</code>,1,0.0004374
287,post,<code>post</code>,1,0.0004374
287,r&aelig;de,<code>r&amp;ae;de</code>,1,0.0004374
287,r&aelig;dinge,<code>r&amp;ae;dinge</code>,1,0.0004374
287,reafode,<code>reafode</code>,1,0.0004374
287,reliqua,<code>reliqua</code>,1,0.0004374
287,ricetere,<code>ricetere</code>,1,0.0004374
287,ricra,<code>ricra</code>,1,0.0004374
287,rihtlice,<code>rihtlice</code>,1,0.0004374
287,rihtwisa,<code>rihtwisa</code>,1,0.0004374
287,rihtwise,<code>rihtwise</code>,1,0.0004374
287,rixia&eth;,<code>rixia&amp;d;</code>,1,0.0004374
287,rixode,<code>rixode</code>,1,0.0004374
287,s&aelig;don,<code>s&amp;ae;don</code>,1,0.0004374
287,sarnyssa,<code>sarnyssa</code>,1,0.0004374
287,sawla,<code>sawla</code>,1,0.0004374
287,sawul,<code>sawul</code>,1,0.0004374
287,scea&thorn;an,<code>scea&amp;t;an</code>,1,0.0004374
287,scea&thorn;um,<code>scea&amp;t;um</code>,1,0.0004374
287,sceawa&eth;,<code>sceawa&amp;d;</code>,1,0.0004374
287,scep,<code>scep</code>,1,0.0004374
287,sealde,<code>sealde</code>,1,0.0004374
287,sealmwyrhta,<code>sealmwyrhta</code>,1,0.0004374
287,secute,<code>secute</code>,1,0.0004374
287,si&eth;&eth;an,<code>si&amp;d;&amp;d;an</code>,1,0.0004374
287,si&eth;ode,<code>si&amp;d;ode</code>,1,0.0004374
287,si&thorn;ian,<code>si&amp;t;ian</code>,1,0.0004374
287,si&thorn;igenne,<code>si&amp;t;igenne</code>,1,0.0004374
287,si&thorn;ode,<code>si&amp;t;ode</code>,1,0.0004374
287,sibbe,<code>sibbe</code>,1,0.0004374
287,so&eth;re,<code>so&amp;d;re</code>,1,0.0004374
287,so&thorn;on,<code>so&amp;t;on</code>,1,0.0004374
287,spr&aelig;ce,<code>spr&amp;ae;ce</code>,1,0.0004374
287,springum,<code>springum</code>,1,0.0004374
287,st&aelig;pum,<code>st&amp;ae;pum</code>,1,0.0004374
287,sunt,<code>sunt</code>,1,0.0004374
287,susle,<code>susle</code>,1,0.0004374
287,swearte,<code>swearte</code>,1,0.0004374
287,swi&thorn;e,<code>swi&amp;t;e</code>,1,0.0004374
287,swi&thorn;licum,<code>swi&amp;t;licum</code>,1,0.0004374
287,swutelice,<code>swutelice</code>,1,0.0004374
287,swylt,<code>swylt</code>,1,0.0004374
287,sy&eth;&eth;an,<code>sy&amp;d;&amp;d;an</code>,1,0.0004374
287,sylfne,<code>sylfne</code>,1,0.0004374
287,synne,<code>synne</code>,1,0.0004374
287,synnum,<code>synnum</code>,1,0.0004374
287,tealde,<code>tealde</code>,1,0.0004374
287,temple,<code>temple</code>,1,0.0004374
287,tid,<code>tid</code>,1,0.0004374
287,tintregum,<code>tintregum</code>,1,0.0004374
287,to&thorn;um,<code>to&amp;t;um</code>,1,0.0004374
287,tog&aelig;dere,<code>tog&amp;ae;dere</code>,1,0.0004374
287,togeanes,<code>togeanes</code>,1,0.0004374
287,tosc&aelig;t,<code>tosc&amp;ae;t</code>,1,0.0004374
287,toslita&eth;,<code>toslita&amp;d;</code>,1,0.0004374
287,trahtnunge,<code>trahtnunge</code>,1,0.0004374
287,turbe,<code>turbe</code>,1,0.0004374
287,twa,<code>twa</code>,1,0.0004374
287,twegen,<code>twegen</code>,1,0.0004374
287,twynige,<code>twynige</code>,1,0.0004374
287,tyra&eth;,<code>tyra&amp;d;</code>,1,0.0004374
287,un&thorn;rowigendlic,<code>un&amp;t;rowigendlic</code>,1,0.0004374
287,unandwerd,<code>unandwerd</code>,1,0.0004374
287,undercyning,<code>undercyning</code>,1,0.0004374
287,undercyninge,<code>undercyninge</code>,1,0.0004374
287,underfeng,<code>underfeng</code>,1,0.0004374
287,undergeat,<code>undergeat</code>,1,0.0004374
287,understande,<code>understande</code>,1,0.0004374
287,understandenne,<code>understandenne</code>,1,0.0004374
287,understod,<code>understod</code>,1,0.0004374
287,ungela&eth;od,<code>ungela&amp;d;od</code>,1,0.0004374
287,ungesewenlic,<code>ungesewenlic</code>,1,0.0004374
287,unhreoflinne,<code>unhreoflinne</code>,1,0.0004374
287,unriht,<code>unriht</code>,1,0.0004374
287,untruman,<code>untruman</code>,1,0.0004374
287,ures,<code>ures</code>,1,0.0004374
287,urum,<code>urum</code>,1,0.0004374
287,uton,<code>uton</code>,1,0.0004374
287,wanhal,<code>wanhal</code>,1,0.0004374
287,wanspedigan,<code>wanspedigan</code>,1,0.0004374
287,warna,<code>warna</code>,1,0.0004374
287,wel,<code>wel</code>,1,0.0004374
287,weld&aelig;da,<code>weld&amp;ae;da</code>,1,0.0004374
287,wena,<code>wena</code>,1,0.0004374
287,wena&eth;,<code>wena&amp;d;</code>,1,0.0004374
287,weorc,<code>weorc</code>,1,0.0004374
287,weorcum,<code>weorcum</code>,1,0.0004374
287,wepende,<code>wepende</code>,1,0.0004374
287,widm&aelig;rsian,<code>widm&amp;ae;rsian</code>,1,0.0004374
287,willa,<code>willa</code>,1,0.0004374
287,willan,<code>willan</code>,1,0.0004374
287,wille,<code>wille</code>,1,0.0004374
287,wisdom,<code>wisdom</code>,1,0.0004374
287,witegum,<code>witegum</code>,1,0.0004374
287,wordum,<code>wordum</code>,1,0.0004374
287,worhte,<code>worhte</code>,1,0.0004374
287,wunda,<code>wunda</code>,1,0.0004374
287,wunderlic,<code>wunderlic</code>,1,0.0004374
287,wunian,<code>wunian</code>,1,0.0004374
287,wuniende,<code>wuniende</code>,1,0.0004374
287,wur&eth;ian,<code>wur&amp;d;ian</code>,1,0.0004374
287,wur&thorn;ian,<code>wur&amp;t;ian</code>,1,0.0004374
287,wyrm,<code>wyrm</code>,1,0.0004374
287,wyrmas,<code>wyrmas</code>,1,0.0004374
287,wyrsiende,<code>wyrsiende</code>,1,0.0004374
287,wyrtruman,<code>wyrtruman</code>,1,0.0004374
287,ydelan,<code>ydelan</code>,1,0.0004374
287,yfelan,<code>yfelan</code>,1,0.0004374
287,yfele,<code>yfele</code>,1,0.0004374
287,yfelnysse,<code>yfelnysse</code>,1,0.0004374
287,ylcan,<code>ylcan</code>,1,0.0004374
287,ylde,<code>ylde</code>,1,0.0004374
287,ymbe,<code>ymbe</code>,1,0.0004374
287,zacheus,<code>zacheus</code>,1,0.0004374
