B_Prose,B01,B01.001.004_AECHom_I__3_T02070.txt,890,640,2199
RANK,HTML WORD,RAW WORD,COUNT,RELATIVE FREQUENCY
1,&amp;,<code>&amp;amp;</code>,97,0.0441110
2,on,<code>on</code>,57,0.0259209
3,he,<code>he</code>,43,0.0195543
3,se,<code>se</code>,43,0.0195543
5,&thorn;&aelig;t,<code>&amp;t;&amp;ae;t</code>,42,0.0190996
6,&thorn;a,<code>&amp;t;a</code>,36,0.0163711
6,to,<code>to</code>,36,0.0163711
8,&thorn;e,<code>&amp;t;e</code>,35,0.0159163
9,his,<code>his</code>,30,0.0136426
10,mid,<code>mid</code>,28,0.0127331
11,ne,<code>ne</code>,26,0.0118236
12,swa,<code>swa</code>,24,0.0109141
13,godes,<code>godes</code>,22,0.0100045
14,&eth;e,<code>&amp;d;e</code>,20,0.0090950
14,is,<code>is</code>,20,0.0090950
16,for,<code>for</code>,19,0.0086403
17,&eth;am,<code>&amp;d;am</code>,18,0.0081855
17,heora,<code>heora</code>,18,0.0081855
17,stephanus,<code>stephanus</code>,18,0.0081855
20,&eth;u,<code>&amp;d;u</code>,15,0.0068213
20,him,<code>him</code>,15,0.0068213
20,w&aelig;s,<code>w&amp;ae;s</code>,15,0.0068213
20,we,<code>we</code>,15,0.0068213
24,gif,<code>gif</code>,14,0.0063665
25,&eth;an,<code>&amp;d;an</code>,13,0.0059118
25,&thorn;onne,<code>&amp;t;onne</code>,13,0.0059118
25,lufe,<code>lufe</code>,13,0.0059118
28,&eth;a,<code>&amp;d;a</code>,12,0.0054570
28,&thorn;one,<code>&amp;t;one</code>,12,0.0054570
28,cw&aelig;&eth;,<code>cw&amp;ae;&amp;d;</code>,12,0.0054570
28,ge,<code>ge</code>,12,0.0054570
28,hi,<code>hi</code>,12,0.0054570
28,hine,<code>hine</code>,12,0.0054570
34,&thorn;urh,<code>&amp;t;urh</code>,11,0.0050023
34,be,<code>be</code>,11,0.0050023
34,gode,<code>gode</code>,11,0.0050023
37,&thorn;&aelig;ra,<code>&amp;t;&amp;ae;ra</code>,10,0.0045475
37,ac,<code>ac</code>,10,0.0045475
37,hit,<code>hit</code>,10,0.0045475
40,nu,<code>nu</code>,9,0.0040928
41,&aelig;t,<code>&amp;ae;t</code>,8,0.0036380
41,bearn,<code>bearn</code>,8,0.0036380
41,drihten,<code>drihten</code>,8,0.0036380
41,god,<code>god</code>,8,0.0036380
41,heofenum,<code>heofenum</code>,8,0.0036380
41,ic,<code>ic</code>,8,0.0036380
41,man,<code>man</code>,8,0.0036380
48,bi&eth;,<code>bi&amp;d;</code>,7,0.0031833
48,crist,<code>crist</code>,7,0.0031833
48,seo,<code>seo</code>,7,0.0031833
48,wear&eth;,<code>wear&amp;d;</code>,7,0.0031833
52,&thorn;am,<code>&amp;t;am</code>,6,0.0027285
52,&thorn;as,<code>&amp;t;as</code>,6,0.0027285
52,&thorn;u,<code>&amp;t;u</code>,6,0.0027285
52,cristes,<code>cristes</code>,6,0.0027285
52,dea&eth;e,<code>dea&amp;d;e</code>,6,0.0027285
52,eow,<code>eow</code>,6,0.0027285
52,f&aelig;der,<code>f&amp;ae;der</code>,6,0.0027285
52,gebro&eth;ra,<code>gebro&amp;d;ra</code>,6,0.0027285
52,hu,<code>hu</code>,6,0.0027285
52,lac,<code>lac</code>,6,0.0027285
52,mannes,<code>mannes</code>,6,0.0027285
52,ure,<code>ure</code>,6,0.0027285
64,beon,<code>beon</code>,5,0.0022738
64,buton,<code>buton</code>,5,0.0022738
64,cy&thorn;ere,<code>cy&amp;t;ere</code>,5,0.0022738
64,eadigan,<code>eadigan</code>,5,0.0022738
64,h&aelig;lend,<code>h&amp;ae;lend</code>,5,0.0022738
64,halga,<code>halga</code>,5,0.0022738
64,halgum,<code>halgum</code>,5,0.0022738
64,heortan,<code>heortan</code>,5,0.0022738
64,hw&aelig;t,<code>hw&amp;ae;t</code>,5,0.0022738
64,mine,<code>mine</code>,5,0.0022738
64,nan,<code>nan</code>,5,0.0022738
64,of,<code>of</code>,5,0.0022738
64,stephane,<code>stephane</code>,5,0.0022738
64,swi&eth;ran,<code>swi&amp;d;ran</code>,5,0.0022738
64,sy,<code>sy</code>,5,0.0022738
64,synna,<code>synna</code>,5,0.0022738
64,us,<code>us</code>,5,0.0022738
64,witodlice,<code>witodlice</code>,5,0.0022738
82,&aelig;fter,<code>&amp;ae;fter</code>,4,0.0018190
82,&aelig;tforan,<code>&amp;ae;tforan</code>,4,0.0018190
82,&eth;&aelig;re,<code>&amp;d;&amp;ae;re</code>,4,0.0018190
82,bro&eth;er,<code>bro&amp;d;er</code>,4,0.0018190
82,dea&eth;,<code>dea&amp;d;</code>,4,0.0018190
82,eac,<code>eac</code>,4,0.0018190
82,ealle,<code>ealle</code>,4,0.0018190
82,fram,<code>fram</code>,4,0.0018190
82,geseah,<code>geseah</code>,4,0.0018190
82,lufu,<code>lufu</code>,4,0.0018190
82,m&aelig;g,<code>m&amp;ae;g</code>,4,0.0018190
82,me,<code>me</code>,4,0.0018190
82,micelre,<code>micelre</code>,4,0.0018190
82,minne,<code>minne</code>,4,0.0018190
82,ongean,<code>ongean</code>,4,0.0018190
82,paulus,<code>paulus</code>,4,0.0018190
82,so&eth;re,<code>so&amp;d;re</code>,4,0.0018190
82,standende,<code>standende</code>,4,0.0018190
82,sunu,<code>sunu</code>,4,0.0018190
82,wi&eth;,<code>wi&amp;d;</code>,4,0.0018190
102,&aelig;,<code>&amp;ae;</code>,3,0.0013643
102,&aelig;lc,<code>&amp;ae;lc</code>,3,0.0013643
102,&aelig;r,<code>&amp;ae;r</code>,3,0.0013643
102,&aelig;rest,<code>&amp;ae;rest</code>,3,0.0013643
102,&thorn;&aelig;s,<code>&amp;t;&amp;ae;s</code>,3,0.0013643
102,&thorn;eah,<code>&amp;t;eah</code>,3,0.0013643
102,&thorn;es,<code>&amp;t;es</code>,3,0.0013643
102,&thorn;ine,<code>&amp;t;ine</code>,3,0.0013643
102,&thorn;rowunge,<code>&amp;t;rowunge</code>,3,0.0013643
102,afylled,<code>afylled</code>,3,0.0013643
102,anum,<code>anum</code>,3,0.0013643
102,betwux,<code>betwux</code>,3,0.0013643
102,blissa&eth;,<code>blissa&amp;d;</code>,3,0.0013643
102,d&aelig;da,<code>d&amp;ae;da</code>,3,0.0013643
102,eadiga,<code>eadiga</code>,3,0.0013643
102,eft,<code>eft</code>,3,0.0013643
102,feond,<code>feond</code>,3,0.0013643
102,forgifan,<code>forgifan</code>,3,0.0013643
102,fynd,<code>fynd</code>,3,0.0013643
102,gaste,<code>gaste</code>,3,0.0013643
102,gebedum,<code>gebedum</code>,3,0.0013643
102,gewitan,<code>gewitan</code>,3,0.0013643
102,gewuldorbeagod,<code>gewuldorbeagod</code>,3,0.0013643
102,h&aelig;f&eth;,<code>h&amp;ae;f&amp;d;</code>,3,0.0013643
102,heofenan,<code>heofenan</code>,3,0.0013643
102,hwa,<code>hwa</code>,3,0.0013643
102,hwi,<code>hwi</code>,3,0.0013643
102,iudei,<code>iudei</code>,3,0.0013643
102,iudeiscan,<code>iudeiscan</code>,3,0.0013643
102,manna,<code>manna</code>,3,0.0013643
102,middanearde,<code>middanearde</code>,3,0.0013643
102,moyses,<code>moyses</code>,3,0.0013643
102,rice,<code>rice</code>,3,0.0013643
102,saulus,<code>saulus</code>,3,0.0013643
102,sete,<code>sete</code>,3,0.0013643
102,so&eth;an,<code>so&amp;d;an</code>,3,0.0013643
102,so&eth;e,<code>so&amp;d;e</code>,3,0.0013643
102,so&eth;lice,<code>so&amp;d;lice</code>,3,0.0013643
102,standan,<code>standan</code>,3,0.0013643
102,stephanum,<code>stephanum</code>,3,0.0013643
102,sum,<code>sum</code>,3,0.0013643
102,swi&eth;or,<code>swi&amp;d;or</code>,3,0.0013643
102,swilce,<code>swilce</code>,3,0.0013643
102,synne,<code>synne</code>,3,0.0013643
102,wolde,<code>wolde</code>,3,0.0013643
102,wurdon,<code>wurdon</code>,3,0.0013643
148,&aelig;g&eth;rum,<code>&amp;ae;g&amp;d;rum</code>,2,0.0009095
148,&eth;in,<code>&amp;d;in</code>,2,0.0009095
148,&eth;incg,<code>&amp;d;incg</code>,2,0.0009095
148,&eth;one,<code>&amp;d;one</code>,2,0.0009095
148,&thorn;&aelig;r,<code>&amp;t;&amp;ae;r</code>,2,0.0009095
148,&thorn;&aelig;re,<code>&amp;t;&amp;ae;re</code>,2,0.0009095
148,&thorn;earle,<code>&amp;t;earle</code>,2,0.0009095
148,&thorn;eoda,<code>&amp;t;eoda</code>,2,0.0009095
148,&thorn;yder,<code>&amp;t;yder</code>,2,0.0009095
148,apostola,<code>apostola</code>,2,0.0009095
148,arleasnysse,<code>arleasnysse</code>,2,0.0009095
148,astah,<code>astah</code>,2,0.0009095
148,b&aelig;d,<code>b&amp;ae;d</code>,2,0.0009095
148,behet,<code>behet</code>,2,0.0009095
148,bist,<code>bist</code>,2,0.0009095
148,bre&eth;er,<code>bre&amp;d;er</code>,2,0.0009095
148,criste,<code>criste</code>,2,0.0009095
148,cwe&eth;a&eth;,<code>cwe&amp;d;a&amp;d;</code>,2,0.0009095
148,d&aelig;ghwomlice,<code>d&amp;ae;ghwomlice</code>,2,0.0009095
148,ealra,<code>ealra</code>,2,0.0009095
148,efne,<code>efne</code>,2,0.0009095
148,eower,<code>eower</code>,2,0.0009095
148,eowere,<code>eowere</code>,2,0.0009095
148,filigde,<code>filigde</code>,2,0.0009095
148,fl&aelig;sce,<code>fl&amp;ae;sce</code>,2,0.0009095
148,folce,<code>folce</code>,2,0.0009095
148,forestop,<code>forestop</code>,2,0.0009095
148,forma,<code>forma</code>,2,0.0009095
148,freond,<code>freond</code>,2,0.0009095
148,fyrmest,<code>fyrmest</code>,2,0.0009095
148,gast,<code>gast</code>,2,0.0009095
148,ge&eth;uht,<code>ge&amp;d;uht</code>,2,0.0009095
148,geciged,<code>geciged</code>,2,0.0009095
148,gecweden,<code>gecweden</code>,2,0.0009095
148,gedeorf,<code>gedeorf</code>,2,0.0009095
148,gefylsta,<code>gefylsta</code>,2,0.0009095
148,gehwa,<code>gehwa</code>,2,0.0009095
148,gehyred,<code>gehyred</code>,2,0.0009095
148,gel&aelig;hton,<code>gel&amp;ae;hton</code>,2,0.0009095
148,gela&eth;unge,<code>gela&amp;d;unge</code>,2,0.0009095
148,geleafan,<code>geleafan</code>,2,0.0009095
148,geseo,<code>geseo</code>,2,0.0009095
148,gesetnysse,<code>gesetnysse</code>,2,0.0009095
148,gesih&eth;e,<code>gesih&amp;d;e</code>,2,0.0009095
148,geswutelod,<code>geswutelod</code>,2,0.0009095
148,godnysse,<code>godnysse</code>,2,0.0009095
148,gyltas,<code>gyltas</code>,2,0.0009095
148,h&aelig;lende,<code>h&amp;ae;lende</code>,2,0.0009095
148,halgan,<code>halgan</code>,2,0.0009095
148,hata&eth;,<code>hata&amp;d;</code>,2,0.0009095
148,heo,<code>heo</code>,2,0.0009095
148,heofenas,<code>heofenas</code>,2,0.0009095
148,heofenlica,<code>heofenlica</code>,2,0.0009095
148,heofenlicum,<code>heofenlicum</code>,2,0.0009095
148,heoldon,<code>heoldon</code>,2,0.0009095
148,iudeiscra,<code>iudeiscra</code>,2,0.0009095
148,iudeisra,<code>iudeisra</code>,2,0.0009095
148,leasan,<code>leasan</code>,2,0.0009095
148,lufian,<code>lufian</code>,2,0.0009095
148,mannum,<code>mannum</code>,2,0.0009095
148,martyr,<code>martyr</code>,2,0.0009095
148,micel,<code>micel</code>,2,0.0009095
148,micele,<code>micele</code>,2,0.0009095
148,miclan,<code>miclan</code>,2,0.0009095
148,miclum,<code>miclum</code>,2,0.0009095
148,mihte,<code>mihte</code>,2,0.0009095
148,na,<code>na</code>,2,0.0009095
148,nama,<code>nama</code>,2,0.0009095
148,o&eth;&eth;e,<code>o&amp;d;&amp;d;e</code>,2,0.0009095
148,o&eth;er,<code>o&amp;d;er</code>,2,0.0009095
148,o&eth;re,<code>o&amp;d;re</code>,2,0.0009095
148,ongunnon,<code>ongunnon</code>,2,0.0009095
148,paules,<code>paules</code>,2,0.0009095
148,r&aelig;dinge,<code>r&amp;ae;dinge</code>,2,0.0009095
148,rihtlice,<code>rihtlice</code>,2,0.0009095
148,scealt,<code>scealt</code>,2,0.0009095
148,sceawast,<code>sceawast</code>,2,0.0009095
148,secga&eth;,<code>secga&amp;d;</code>,2,0.0009095
148,sint,<code>sint</code>,2,0.0009095
148,so&eth;f&aelig;stnyss,<code>so&amp;d;f&amp;ae;stnyss</code>,2,0.0009095
148,spr&aelig;c,<code>spr&amp;ae;c</code>,2,0.0009095
148,stanum,<code>stanum</code>,2,0.0009095
148,stemne,<code>stemne</code>,2,0.0009095
148,stephanes,<code>stephanes</code>,2,0.0009095
148,stowe,<code>stowe</code>,2,0.0009095
148,sumes,<code>sumes</code>,2,0.0009095
148,sumum,<code>sumum</code>,2,0.0009095
148,swi&eth;e,<code>swi&amp;d;e</code>,2,0.0009095
148,sylfes,<code>sylfes</code>,2,0.0009095
148,sylfne,<code>sylfne</code>,2,0.0009095
148,t&aelig;hte,<code>t&amp;ae;hte</code>,2,0.0009095
148,tallice,<code>tallice</code>,2,0.0009095
148,tod&aelig;g,<code>tod&amp;ae;g</code>,2,0.0009095
148,togeanes,<code>togeanes</code>,2,0.0009095
148,underfengon,<code>underfengon</code>,2,0.0009095
148,urum,<code>urum</code>,2,0.0009095
148,uton,<code>uton</code>,2,0.0009095
148,w&aelig;re,<code>w&amp;ae;re</code>,2,0.0009095
148,w&aelig;ron,<code>w&amp;ae;ron</code>,2,0.0009095
148,weofode,<code>weofode</code>,2,0.0009095
148,word,<code>word</code>,2,0.0009095
148,wuldor,<code>wuldor</code>,2,0.0009095
148,yfela,<code>yfela</code>,2,0.0009095
251,&aelig;&thorn;ela,<code>&amp;ae;&amp;t;ela</code>,1,0.0004548
251,&aelig;&thorn;ele,<code>&amp;ae;&amp;t;ele</code>,1,0.0004548
251,&aelig;hta,<code>&amp;ae;hta</code>,1,0.0004548
251,&aelig;htum,<code>&amp;ae;htum</code>,1,0.0004548
251,&aelig;lmesd&aelig;dum,<code>&amp;ae;lmesd&amp;ae;dum</code>,1,0.0004548
251,&aelig;lmihtiga,<code>&amp;ae;lmihtiga</code>,1,0.0004548
251,&aelig;lmihtigum,<code>&amp;ae;lmihtigum</code>,1,0.0004548
251,&aelig;nig,<code>&amp;ae;nig</code>,1,0.0004548
251,&aelig;nne,<code>&amp;ae;nne</code>,1,0.0004548
251,&aelig;riste,<code>&amp;ae;riste</code>,1,0.0004548
251,&aelig;teowed,<code>&amp;ae;teowed</code>,1,0.0004548
251,&eth;&aelig;ra,<code>&amp;d;&amp;ae;ra</code>,1,0.0004548
251,&eth;&aelig;t,<code>&amp;d;&amp;ae;t</code>,1,0.0004548
251,&eth;as,<code>&amp;d;as</code>,1,0.0004548
251,&eth;ines,<code>&amp;d;ines</code>,1,0.0004548
251,&eth;ing,<code>&amp;d;ing</code>,1,0.0004548
251,&eth;inge,<code>&amp;d;inge</code>,1,0.0004548
251,&eth;inum,<code>&amp;d;inum</code>,1,0.0004548
251,&eth;issere,<code>&amp;d;issere</code>,1,0.0004548
251,&eth;isum,<code>&amp;d;isum</code>,1,0.0004548
251,&eth;urh,<code>&amp;d;urh</code>,1,0.0004548
251,&eth;y,<code>&amp;d;y</code>,1,0.0004548
251,&eth;ysne,<code>&amp;d;ysne</code>,1,0.0004548
251,&eth;yssere,<code>&amp;d;yssere</code>,1,0.0004548
251,&eth;ysum,<code>&amp;d;ysum</code>,1,0.0004548
251,&thorn;&aelig;r&aelig;,<code>&amp;t;&amp;ae;r&amp;ae;</code>,1,0.0004548
251,&thorn;&aelig;rrihte,<code>&amp;t;&amp;ae;rrihte</code>,1,0.0004548
251,&thorn;&aelig;rtoeacan,<code>&amp;t;&amp;ae;rtoeacan</code>,1,0.0004548
251,&thorn;eahhw&aelig;&eth;ere,<code>&amp;t;eahhw&amp;ae;&amp;d;ere</code>,1,0.0004548
251,&thorn;earfena,<code>&amp;t;earfena</code>,1,0.0004548
251,&thorn;in,<code>&amp;t;in</code>,1,0.0004548
251,&thorn;inne,<code>&amp;t;inne</code>,1,0.0004548
251,&thorn;inum,<code>&amp;t;inum</code>,1,0.0004548
251,&thorn;isum,<code>&amp;t;isum</code>,1,0.0004548
251,&thorn;reade,<code>&amp;t;reade</code>,1,0.0004548
251,&thorn;ridda,<code>&amp;t;ridda</code>,1,0.0004548
251,&thorn;rowian,<code>&amp;t;rowian</code>,1,0.0004548
251,&thorn;urhwunade,<code>&amp;t;urhwunade</code>,1,0.0004548
251,&thorn;urhwunige,<code>&amp;t;urhwunige</code>,1,0.0004548
251,&thorn;urhwunion,<code>&amp;t;urhwunion</code>,1,0.0004548
251,&thorn;us,<code>&amp;t;us</code>,1,0.0004548
251,&thorn;yssere,<code>&amp;t;yssere</code>,1,0.0004548
251,a,<code>a</code>,1,0.0004548
251,abrahame,<code>abrahame</code>,1,0.0004548
251,actus,<code>actus</code>,1,0.0004548
251,acweald,<code>acweald</code>,1,0.0004548
251,acwealde,<code>acwealde</code>,1,0.0004548
251,acwealdon,<code>acwealdon</code>,1,0.0004548
251,adw&aelig;scte,<code>adw&amp;ae;scte</code>,1,0.0004548
251,ageaf,<code>ageaf</code>,1,0.0004548
251,agene,<code>agene</code>,1,0.0004548
251,agenne,<code>agenne</code>,1,0.0004548
251,agenum,<code>agenum</code>,1,0.0004548
251,agustinus,<code>agustinus</code>,1,0.0004548
251,agylta&eth;,<code>agylta&amp;d;</code>,1,0.0004548
251,ahwar,<code>ahwar</code>,1,0.0004548
251,alysde,<code>alysde</code>,1,0.0004548
251,alysed,<code>alysed</code>,1,0.0004548
251,amenn,<code>amenn</code>,1,0.0004548
251,an,<code>an</code>,1,0.0004548
251,andet,<code>andet</code>,1,0.0004548
251,andetta&eth;,<code>andetta&amp;d;</code>,1,0.0004548
251,angin,<code>angin</code>,1,0.0004548
251,anginne,<code>anginne</code>,1,0.0004548
251,anmodlice,<code>anmodlice</code>,1,0.0004548
251,ansyne,<code>ansyne</code>,1,0.0004548
251,apostol,<code>apostol</code>,1,0.0004548
251,apostolas,<code>apostolas</code>,1,0.0004548
251,apostolorum,<code>apostolorum</code>,1,0.0004548
251,ar&aelig;rde,<code>ar&amp;ae;rde</code>,1,0.0004548
251,aras,<code>aras</code>,1,0.0004548
251,arf&aelig;sta,<code>arf&amp;ae;sta</code>,1,0.0004548
251,arleasa,<code>arleasa</code>,1,0.0004548
251,arleasnyss,<code>arleasnyss</code>,1,0.0004548
251,aspende,<code>aspende</code>,1,0.0004548
251,astande,<code>astande</code>,1,0.0004548
251,astealde,<code>astealde</code>,1,0.0004548
251,astodon,<code>astodon</code>,1,0.0004548
251,astyred,<code>astyred</code>,1,0.0004548
251,astyrode,<code>astyrode</code>,1,0.0004548
251,ateoriendlicre,<code>ateoriendlicre</code>,1,0.0004548
251,b&aelig;de,<code>b&amp;ae;de</code>,1,0.0004548
251,beah,<code>beah</code>,1,0.0004548
251,bealdlice,<code>bealdlice</code>,1,0.0004548
251,bearne,<code>bearne</code>,1,0.0004548
251,beati,<code>beati</code>,1,0.0004548
251,bec,<code>bec</code>,1,0.0004548
251,becym&eth;,<code>becym&amp;d;</code>,1,0.0004548
251,begann,<code>begann</code>,1,0.0004548
251,beheold,<code>beheold</code>,1,0.0004548
251,beheoldon,<code>beheoldon</code>,1,0.0004548
251,ben,<code>ben</code>,1,0.0004548
251,beo,<code>beo</code>,1,0.0004548
251,beo&eth;,<code>beo&amp;d;</code>,1,0.0004548
251,beorhtnysse,<code>beorhtnysse</code>,1,0.0004548
251,bep&aelig;ce,<code>bep&amp;ae;ce</code>,1,0.0004548
251,bes&aelig;don,<code>bes&amp;ae;don</code>,1,0.0004548
251,besargode,<code>besargode</code>,1,0.0004548
251,bet&aelig;can,<code>bet&amp;ae;can</code>,1,0.0004548
251,bet&aelig;hte,<code>bet&amp;ae;hte</code>,1,0.0004548
251,bew&aelig;fed,<code>bew&amp;ae;fed</code>,1,0.0004548
251,bileofan,<code>bileofan</code>,1,0.0004548
251,biton,<code>biton</code>,1,0.0004548
251,bletsungum,<code>bletsungum</code>,1,0.0004548
251,blissigende,<code>blissigende</code>,1,0.0004548
251,blod,<code>blod</code>,1,0.0004548
251,boceras,<code>boceras</code>,1,0.0004548
251,bodung,<code>bodung</code>,1,0.0004548
251,bric&eth;,<code>bric&amp;d;</code>,1,0.0004548
251,bro&eth;or,<code>bro&amp;d;or</code>,1,0.0004548
251,bro&eth;orlicere,<code>bro&amp;d;orlicere</code>,1,0.0004548
251,byleofan,<code>byleofan</code>,1,0.0004548
251,byrig,<code>byrig</code>,1,0.0004548
251,byst,<code>byst</code>,1,0.0004548
251,celis,<code>celis</code>,1,0.0004548
251,cempa,<code>cempa</code>,1,0.0004548
251,cep&eth;,<code>cep&amp;d;</code>,1,0.0004548
251,cild,<code>cild</code>,1,0.0004548
251,cleopiende,<code>cleopiende</code>,1,0.0004548
251,cleopode,<code>cleopode</code>,1,0.0004548
251,clypode,<code>clypode</code>,1,0.0004548
251,cneowu,<code>cneowu</code>,1,0.0004548
251,cneowum,<code>cneowum</code>,1,0.0004548
251,cnihtes,<code>cnihtes</code>,1,0.0004548
251,coronatus,<code>coronatus</code>,1,0.0004548
251,credan,<code>credan</code>,1,0.0004548
251,cristena,<code>cristena</code>,1,0.0004548
251,cristenra,<code>cristenra</code>,1,0.0004548
251,cristenum,<code>cristenum</code>,1,0.0004548
251,cucu,<code>cucu</code>,1,0.0004548
251,cw&aelig;de,<code>cw&amp;ae;de</code>,1,0.0004548
251,cw&aelig;don,<code>cw&amp;ae;don</code>,1,0.0004548
251,cwe&eth;an,<code>cwe&amp;d;an</code>,1,0.0004548
251,cwe&eth;ende,<code>cwe&amp;d;ende</code>,1,0.0004548
251,cwe&eth;enne,<code>cwe&amp;d;enne</code>,1,0.0004548
251,cweale,<code>cweale</code>,1,0.0004548
251,cwellerum,<code>cwellerum</code>,1,0.0004548
251,cwy&eth;,<code>cwy&amp;d;</code>,1,0.0004548
251,cwyst,<code>cwyst</code>,1,0.0004548
251,cy&eth;ere,<code>cy&amp;d;ere</code>,1,0.0004548
251,cy&thorn;eres,<code>cy&amp;t;eres</code>,1,0.0004548
251,cydde,<code>cydde</code>,1,0.0004548
251,cymst,<code>cymst</code>,1,0.0004548
251,cyninges,<code>cyninges</code>,1,0.0004548
251,d&aelig;de,<code>d&amp;ae;de</code>,1,0.0004548
251,d&aelig;ge,<code>d&amp;ae;ge</code>,1,0.0004548
251,d&aelig;ghwamlice,<code>d&amp;ae;ghwamlice</code>,1,0.0004548
251,d&aelig;le,<code>d&amp;ae;le</code>,1,0.0004548
251,dauides,<code>dauides</code>,1,0.0004548
251,deaconas,<code>deaconas</code>,1,0.0004548
251,deadra,<code>deadra</code>,1,0.0004548
251,dema,<code>dema</code>,1,0.0004548
251,deman,<code>deman</code>,1,0.0004548
251,deorwur&eth;e,<code>deorwur&amp;d;e</code>,1,0.0004548
251,deredest,<code>deredest</code>,1,0.0004548
251,diacona,<code>diacona</code>,1,0.0004548
251,diacone,<code>diacone</code>,1,0.0004548
251,diaconum,<code>diaconum</code>,1,0.0004548
251,dihte,<code>dihte</code>,1,0.0004548
251,do&eth;,<code>do&amp;d;</code>,1,0.0004548
251,dwelian,<code>dwelian</code>,1,0.0004548
251,dyde,<code>dyde</code>,1,0.0004548
251,ea&eth;elice,<code>ea&amp;d;elice</code>,1,0.0004548
251,eal,<code>eal</code>,1,0.0004548
251,eala,<code>eala</code>,1,0.0004548
251,ealdorbiscop,<code>ealdorbiscop</code>,1,0.0004548
251,eall,<code>eall</code>,1,0.0004548
251,ealre,<code>ealre</code>,1,0.0004548
251,ealunga,<code>ealunga</code>,1,0.0004548
251,earan,<code>earan</code>,1,0.0004548
251,earde,<code>earde</code>,1,0.0004548
251,earfo&eth;nysse,<code>earfo&amp;d;nysse</code>,1,0.0004548
251,eart,<code>eart</code>,1,0.0004548
251,eca,<code>eca</code>,1,0.0004548
251,ecan,<code>ecan</code>,1,0.0004548
251,ece,<code>ece</code>,1,0.0004548
251,ecnysse,<code>ecnysse</code>,1,0.0004548
251,ecum,<code>ecum</code>,1,0.0004548
251,edwiste,<code>edwiste</code>,1,0.0004548
251,ende,<code>ende</code>,1,0.0004548
251,endebyrdnysse,<code>endebyrdnysse</code>,1,0.0004548
251,engla,<code>engla</code>,1,0.0004548
251,englas,<code>englas</code>,1,0.0004548
251,engles,<code>engles</code>,1,0.0004548
251,englisc,<code>englisc</code>,1,0.0004548
251,eor&eth;lice,<code>eor&amp;d;lice</code>,1,0.0004548
251,eornostlice,<code>eornostlice</code>,1,0.0004548
251,eoweres,<code>eoweres</code>,1,0.0004548
251,eowre,<code>eowre</code>,1,0.0004548
251,es,<code>es</code>,1,0.0004548
251,f&aelig;r&eth;,<code>f&amp;ae;r&amp;d;</code>,1,0.0004548
251,fealle,<code>fealle</code>,1,0.0004548
251,feohtendum,<code>feohtendum</code>,1,0.0004548
251,feondes,<code>feondes</code>,1,0.0004548
251,feor&eth;e,<code>feor&amp;d;e</code>,1,0.0004548
251,feowertig,<code>feowertig</code>,1,0.0004548
251,ferde,<code>ferde</code>,1,0.0004548
251,fifta,<code>fifta</code>,1,0.0004548
251,folc,<code>folc</code>,1,0.0004548
251,folgode,<code>folgode</code>,1,0.0004548
251,for&eth;f&aelig;dera,<code>for&amp;d;f&amp;ae;dera</code>,1,0.0004548
251,for&eth;yldigian,<code>for&amp;d;yldigian</code>,1,0.0004548
251,forbera&eth;,<code>forbera&amp;d;</code>,1,0.0004548
251,forberan,<code>forberan</code>,1,0.0004548
251,forbyrnne,<code>forbyrnne</code>,1,0.0004548
251,forebeacena,<code>forebeacena</code>,1,0.0004548
251,foregengan,<code>foregengan</code>,1,0.0004548
251,fores&aelig;dan,<code>fores&amp;ae;dan</code>,1,0.0004548
251,forewitegode,<code>forewitegode</code>,1,0.0004548
251,forgifa&eth;,<code>forgifa&amp;d;</code>,1,0.0004548
251,forgyf&eth;,<code>forgyf&amp;d;</code>,1,0.0004548
251,forgyfa&eth;,<code>forgyfa&amp;d;</code>,1,0.0004548
251,forgyfan,<code>forgyfan</code>,1,0.0004548
251,forgyfe,<code>forgyfe</code>,1,0.0004548
251,forgyfen,<code>forgyfen</code>,1,0.0004548
251,forgytan,<code>forgytan</code>,1,0.0004548
251,forhtian,<code>forhtian</code>,1,0.0004548
251,forl&aelig;t,<code>forl&amp;ae;t</code>,1,0.0004548
251,forlugon,<code>forlugon</code>,1,0.0004548
251,forlyst,<code>forlyst</code>,1,0.0004548
251,forman,<code>forman</code>,1,0.0004548
251,fors&aelig;de,<code>fors&amp;ae;de</code>,1,0.0004548
251,fors&aelig;don,<code>fors&amp;ae;don</code>,1,0.0004548
251,forsuwia&eth;,<code>forsuwia&amp;d;</code>,1,0.0004548
251,fotum,<code>fotum</code>,1,0.0004548
251,frema&eth;,<code>frema&amp;d;</code>,1,0.0004548
251,fremie,<code>fremie</code>,1,0.0004548
251,frynd,<code>frynd</code>,1,0.0004548
251,fur&eth;on,<code>fur&amp;d;on</code>,1,0.0004548
251,fylstendum,<code>fylstendum</code>,1,0.0004548
251,fyrmesta,<code>fyrmesta</code>,1,0.0004548
251,gang,<code>gang</code>,1,0.0004548
251,gastlican,<code>gastlican</code>,1,0.0004548
251,gastlicum,<code>gastlicum</code>,1,0.0004548
251,ge&eth;eahte,<code>ge&amp;d;eahte</code>,1,0.0004548
251,ge&eth;rowade,<code>ge&amp;d;rowade</code>,1,0.0004548
251,ge&eth;yldelice,<code>ge&amp;d;yldelice</code>,1,0.0004548
251,ge&thorn;eahte,<code>ge&amp;t;eahte</code>,1,0.0004548
251,ge&thorn;oftan,<code>ge&amp;t;oftan</code>,1,0.0004548
251,geara,<code>geara</code>,1,0.0004548
251,geb&aelig;d,<code>geb&amp;ae;d</code>,1,0.0004548
251,gebed,<code>gebed</code>,1,0.0004548
251,gebedu,<code>gebedu</code>,1,0.0004548
251,gebidde,<code>gebidde</code>,1,0.0004548
251,gebigan,<code>gebigan</code>,1,0.0004548
251,gebigde,<code>gebigde</code>,1,0.0004548
251,gebigedum,<code>gebigedum</code>,1,0.0004548
251,gebletsode,<code>gebletsode</code>,1,0.0004548
251,gebodadon,<code>gebodadon</code>,1,0.0004548
251,geboregen,<code>geboregen</code>,1,0.0004548
251,gebyld,<code>gebyld</code>,1,0.0004548
251,gebysnunge,<code>gebysnunge</code>,1,0.0004548
251,geceas,<code>geceas</code>,1,0.0004548
251,gecorenra,<code>gecorenra</code>,1,0.0004548
251,gecuren,<code>gecuren</code>,1,0.0004548
251,gecy&eth;nysse,<code>gecy&amp;d;nysse</code>,1,0.0004548
251,gecygede,<code>gecygede</code>,1,0.0004548
251,gecyrrednysse,<code>gecyrrednysse</code>,1,0.0004548
251,gecyrrun,<code>gecyrrun</code>,1,0.0004548
251,gedafena&eth;,<code>gedafena&amp;d;</code>,1,0.0004548
251,gedafenade,<code>gedafenade</code>,1,0.0004548
251,gedafenlice,<code>gedafenlice</code>,1,0.0004548
251,gede&eth;,<code>gede&amp;d;</code>,1,0.0004548
251,gedemed,<code>gedemed</code>,1,0.0004548
251,gedwylde,<code>gedwylde</code>,1,0.0004548
251,gedydest,<code>gedydest</code>,1,0.0004548
251,gedyrstl&aelig;ce,<code>gedyrstl&amp;ae;ce</code>,1,0.0004548
251,geearnode,<code>geearnode</code>,1,0.0004548
251,geefenl&aelig;can,<code>geefenl&amp;ae;can</code>,1,0.0004548
251,geefenl&aelig;ce,<code>geefenl&amp;ae;ce</code>,1,0.0004548
251,geendunge,<code>geendunge</code>,1,0.0004548
251,gef&aelig;rr&aelig;dene,<code>gef&amp;ae;rr&amp;ae;dene</code>,1,0.0004548
251,gefeohte,<code>gefeohte</code>,1,0.0004548
251,geferr&aelig;dene,<code>geferr&amp;ae;dene</code>,1,0.0004548
251,gefremedest,<code>gefremedest</code>,1,0.0004548
251,gefultumod,<code>gefultumod</code>,1,0.0004548
251,gegladian,<code>gegladian</code>,1,0.0004548
251,gehadedon,<code>gehadedon</code>,1,0.0004548
251,gehadod,<code>gehadod</code>,1,0.0004548
251,gehadode,<code>gehadode</code>,1,0.0004548
251,gehaten,<code>gehaten</code>,1,0.0004548
251,gehwilce,<code>gehwilce</code>,1,0.0004548
251,gehyra&eth;,<code>gehyra&amp;d;</code>,1,0.0004548
251,gehyrdon,<code>gehyrdon</code>,1,0.0004548
251,gehyrsumnesse,<code>gehyrsumnesse</code>,1,0.0004548
251,gel&aelig;dd&#275;,<code>gel&amp;ae;dd&amp;e;</code>,1,0.0004548
251,gel&aelig;ddon,<code>gel&amp;ae;ddon</code>,1,0.0004548
251,gel&aelig;t,<code>gel&amp;ae;t</code>,1,0.0004548
251,gela&eth;ung,<code>gela&amp;d;ung</code>,1,0.0004548
251,geleafa,<code>geleafa</code>,1,0.0004548
251,geleafful,<code>geleafful</code>,1,0.0004548
251,geligenod,<code>geligenod</code>,1,0.0004548
251,gelyfa&eth;,<code>gelyfa&amp;d;</code>,1,0.0004548
251,gem&aelig;nigfyld,<code>gem&amp;ae;nigfyld</code>,1,0.0004548
251,gemedmode,<code>gemedmode</code>,1,0.0004548
251,gemedomode,<code>gemedomode</code>,1,0.0004548
251,gemunde,<code>gemunde</code>,1,0.0004548
251,gemynd,<code>gemynd</code>,1,0.0004548
251,gemynde,<code>gemynde</code>,1,0.0004548
251,gemyndig,<code>gemyndig</code>,1,0.0004548
251,gemyndige,<code>gemyndige</code>,1,0.0004548
251,geneosode,<code>geneosode</code>,1,0.0004548
251,geniwode,<code>geniwode</code>,1,0.0004548
251,geoffra,<code>geoffra</code>,1,0.0004548
251,geoffrie,<code>geoffrie</code>,1,0.0004548
251,geonges,<code>geonges</code>,1,0.0004548
251,geornlice,<code>geornlice</code>,1,0.0004548
251,gereccenne,<code>gereccenne</code>,1,0.0004548
251,gereordode,<code>gereordode</code>,1,0.0004548
251,gerihtl&aelig;can,<code>gerihtl&amp;ae;can</code>,1,0.0004548
251,gerihtwisod,<code>gerihtwisod</code>,1,0.0004548
251,gesawe,<code>gesawe</code>,1,0.0004548
251,gesawon,<code>gesawon</code>,1,0.0004548
251,gescylt,<code>gescylt</code>,1,0.0004548
251,gescynd,<code>gescynd</code>,1,0.0004548
251,gescyndenne,<code>gescyndenne</code>,1,0.0004548
251,gesealde,<code>gesealde</code>,1,0.0004548
251,geset,<code>geset</code>,1,0.0004548
251,gesetton,<code>gesetton</code>,1,0.0004548
251,gesibsuma,<code>gesibsuma</code>,1,0.0004548
251,gesibsumere,<code>gesibsumere</code>,1,0.0004548
251,gesih&eth;um,<code>gesih&amp;d;um</code>,1,0.0004548
251,gesungen,<code>gesungen</code>,1,0.0004548
251,geswic&eth;,<code>geswic&amp;d;</code>,1,0.0004548
251,gesylle,<code>gesylle</code>,1,0.0004548
251,geteald,<code>geteald</code>,1,0.0004548
251,getealde,<code>getealde</code>,1,0.0004548
251,getel,<code>getel</code>,1,0.0004548
251,gewat,<code>gewat</code>,1,0.0004548
251,gewitena,<code>gewitena</code>,1,0.0004548
251,gewitende,<code>gewitende</code>,1,0.0004548
251,gewitendlicum,<code>gewitendlicum</code>,1,0.0004548
251,gewrit,<code>gewrit</code>,1,0.0004548
251,geyfelode,<code>geyfelode</code>,1,0.0004548
251,gife,<code>gife</code>,1,0.0004548
251,glada&eth;,<code>glada&amp;d;</code>,1,0.0004548
251,gladian,<code>gladian</code>,1,0.0004548
251,goda,<code>goda</code>,1,0.0004548
251,godan,<code>godan</code>,1,0.0004548
251,godcunde,<code>godcunde</code>,1,0.0004548
251,godnyssa,<code>godnyssa</code>,1,0.0004548
251,godre,<code>godre</code>,1,0.0004548
251,godspelle,<code>godspelle</code>,1,0.0004548
251,godspellere,<code>godspellere</code>,1,0.0004548
251,greatum,<code>greatum</code>,1,0.0004548
251,grecisc,<code>grecisc</code>,1,0.0004548
251,gyfe,<code>gyfe</code>,1,0.0004548
251,gymeleas,<code>gymeleas</code>,1,0.0004548
251,gyrstand&aelig;g,<code>gyrstand&amp;ae;g</code>,1,0.0004548
251,gyrstand&aelig;ig,<code>gyrstand&amp;ae;ig</code>,1,0.0004548
251,h&aelig;&eth;enan,<code>h&amp;ae;&amp;d;enan</code>,1,0.0004548
251,hacelan,<code>hacelan</code>,1,0.0004548
251,hade,<code>hade</code>,1,0.0004548
251,hagelstanum,<code>hagelstanum</code>,1,0.0004548
251,halgena,<code>halgena</code>,1,0.0004548
251,handum,<code>handum</code>,1,0.0004548
251,hatia&eth;,<code>hatia&amp;d;</code>,1,0.0004548
251,heafodmenn,<code>heafodmenn</code>,1,0.0004548
251,heahf&aelig;dera,<code>heahf&amp;ae;dera</code>,1,0.0004548
251,heahf&aelig;dere,<code>heahf&amp;ae;dere</code>,1,0.0004548
251,healda&eth;,<code>healda&amp;d;</code>,1,0.0004548
251,healicne,<code>healicne</code>,1,0.0004548
251,healicost,<code>healicost</code>,1,0.0004548
251,healle,<code>healle</code>,1,0.0004548
251,heannyssum,<code>heannyssum</code>,1,0.0004548
251,heardum,<code>heardum</code>,1,0.0004548
251,hearmes,<code>hearmes</code>,1,0.0004548
251,hefigtyme,<code>hefigtyme</code>,1,0.0004548
251,heofenlican,<code>heofenlican</code>,1,0.0004548
251,heofenlice,<code>heofenlice</code>,1,0.0004548
251,heold,<code>heold</code>,1,0.0004548
251,heriendlic,<code>heriendlic</code>,1,0.0004548
251,hierusalem,<code>hierusalem</code>,1,0.0004548
251,hlyste,<code>hlyste</code>,1,0.0004548
251,hogie,<code>hogie</code>,1,0.0004548
251,hospas,<code>hospas</code>,1,0.0004548
251,hr&aelig;dlice,<code>hr&amp;ae;dlice</code>,1,0.0004548
251,hrymende,<code>hrymende</code>,1,0.0004548
251,hryre,<code>hryre</code>,1,0.0004548
251,huselhalgung,<code>huselhalgung</code>,1,0.0004548
251,huxlice,<code>huxlice</code>,1,0.0004548
251,hwilc,<code>hwilc</code>,1,0.0004548
251,hylt,<code>hylt</code>,1,0.0004548
251,ianvarii,<code>ianvarii</code>,1,0.0004548
251,ilcan,<code>ilcan</code>,1,0.0004548
251,ilce,<code>ilce</code>,1,0.0004548
251,in,<code>in</code>,1,0.0004548
251,inferde,<code>inferde</code>,1,0.0004548
251,iohannes,<code>iohannes</code>,1,0.0004548
251,iudeiscum,<code>iudeiscum</code>,1,0.0004548
251,kalendas,<code>kalendas</code>,1,0.0004548
251,l&aelig;dde,<code>l&amp;ae;dde</code>,1,0.0004548
251,l&aelig;t,<code>l&amp;ae;t</code>,1,0.0004548
251,lange,<code>lange</code>,1,0.0004548
251,langsumere,<code>langsumere</code>,1,0.0004548
251,lare,<code>lare</code>,1,0.0004548
251,lareow,<code>lareow</code>,1,0.0004548
251,lareowe,<code>lareowe</code>,1,0.0004548
251,lareowes,<code>lareowes</code>,1,0.0004548
251,lease,<code>lease</code>,1,0.0004548
251,leasgewitan,<code>leasgewitan</code>,1,0.0004548
251,leasra,<code>leasra</code>,1,0.0004548
251,leden,<code>leden</code>,1,0.0004548
251,ledon,<code>ledon</code>,1,0.0004548
251,leofostan,<code>leofostan</code>,1,0.0004548
251,leorningcniht,<code>leorningcniht</code>,1,0.0004548
251,lichaman,<code>lichaman</code>,1,0.0004548
251,lichamlicre,<code>lichamlicre</code>,1,0.0004548
251,lif,<code>lif</code>,1,0.0004548
251,lof,<code>lof</code>,1,0.0004548
251,lofsang,<code>lofsang</code>,1,0.0004548
251,lufa&eth;,<code>lufa&amp;d;</code>,1,0.0004548
251,lufia&eth;,<code>lufia&amp;d;</code>,1,0.0004548
251,lufie,<code>lufie</code>,1,0.0004548
251,lufige,<code>lufige</code>,1,0.0004548
251,lufode,<code>lufode</code>,1,0.0004548
251,lybbendra,<code>lybbendra</code>,1,0.0004548
251,lytlan,<code>lytlan</code>,1,0.0004548
251,m&aelig;g&eth;hade,<code>m&amp;ae;g&amp;d;hade</code>,1,0.0004548
251,m&aelig;ig,<code>m&amp;ae;ig</code>,1,0.0004548
251,m&aelig;r&eth;e,<code>m&amp;ae;r&amp;d;e</code>,1,0.0004548
251,m&aelig;ran,<code>m&amp;ae;ran</code>,1,0.0004548
251,m&aelig;re,<code>m&amp;ae;re</code>,1,0.0004548
251,m&aelig;res,<code>m&amp;ae;res</code>,1,0.0004548
251,mann,<code>mann</code>,1,0.0004548
251,mannslaga,<code>mannslaga</code>,1,0.0004548
251,manslagan,<code>manslagan</code>,1,0.0004548
251,martirdom,<code>martirdom</code>,1,0.0004548
251,martirdome,<code>martirdome</code>,1,0.0004548
251,martirum,<code>martirum</code>,1,0.0004548
251,martyrdom,<code>martyrdom</code>,1,0.0004548
251,martyrdome,<code>martyrdome</code>,1,0.0004548
251,martyrdomes,<code>martyrdomes</code>,1,0.0004548
251,martyres,<code>martyres</code>,1,0.0004548
251,mede,<code>mede</code>,1,0.0004548
251,meldan,<code>meldan</code>,1,0.0004548
251,men,<code>men</code>,1,0.0004548
251,menigfealde,<code>menigfealde</code>,1,0.0004548
251,menn,<code>menn</code>,1,0.0004548
251,menniscnysse,<code>menniscnysse</code>,1,0.0004548
251,micelnysse,<code>micelnysse</code>,1,0.0004548
251,micles,<code>micles</code>,1,0.0004548
251,middaneard,<code>middaneard</code>,1,0.0004548
251,mihton,<code>mihton</code>,1,0.0004548
251,milde,<code>milde</code>,1,0.0004548
251,mildheortan,<code>mildheortan</code>,1,0.0004548
251,miltsiende,<code>miltsiende</code>,1,0.0004548
251,min,<code>min</code>,1,0.0004548
251,minum,<code>minum</code>,1,0.0004548
251,mod,<code>mod</code>,1,0.0004548
251,mode,<code>mode</code>,1,0.0004548
251,moste,<code>moste</code>,1,0.0004548
251,moysen,<code>moysen</code>,1,0.0004548
251,mu&eth;e,<code>mu&amp;d;e</code>,1,0.0004548
251,mynigea&eth;,<code>mynigea&amp;d;</code>,1,0.0004548
251,n&aelig;bbe,<code>n&amp;ae;bbe</code>,1,0.0004548
251,n&aelig;fde,<code>n&amp;ae;fde</code>,1,0.0004548
251,namum,<code>namum</code>,1,0.0004548
251,nanum,<code>nanum</code>,1,0.0004548
251,neada&eth;,<code>neada&amp;d;</code>,1,0.0004548
251,nebwlite,<code>nebwlite</code>,1,0.0004548
251,nehstan,<code>nehstan</code>,1,0.0004548
251,nele,<code>nele</code>,1,0.0004548
251,nella&eth;,<code>nella&amp;d;</code>,1,0.0004548
251,nelt,<code>nelt</code>,1,0.0004548
251,neo&eth;or,<code>neo&amp;d;or</code>,1,0.0004548
251,ni&eth;,<code>ni&amp;d;</code>,1,0.0004548
251,ni&eth;fullice,<code>ni&amp;d;fullice</code>,1,0.0004548
251,nicanor,<code>nicanor</code>,1,0.0004548
251,nicolaus,<code>nicolaus</code>,1,0.0004548
251,nis,<code>nis</code>,1,0.0004548
251,nolde,<code>nolde</code>,1,0.0004548
251,noster,<code>noster</code>,1,0.0004548
251,ny&eth;er,<code>ny&amp;d;er</code>,1,0.0004548
251,o&eth;erne,<code>o&amp;d;erne</code>,1,0.0004548
251,o&eth;ra,<code>o&amp;d;ra</code>,1,0.0004548
251,ofer,<code>ofer</code>,1,0.0004548
251,oferswi&eth;an,<code>oferswi&amp;d;an</code>,1,0.0004548
251,oferwan,<code>oferwan</code>,1,0.0004548
251,oferwreah,<code>oferwreah</code>,1,0.0004548
251,offrast,<code>offrast</code>,1,0.0004548
251,offria&eth;,<code>offria&amp;d;</code>,1,0.0004548
251,ofspringe,<code>ofspringe</code>,1,0.0004548
251,oftorfigenne,<code>oftorfigenne</code>,1,0.0004548
251,oftorfod,<code>oftorfod</code>,1,0.0004548
251,ondr&aelig;de,<code>ondr&amp;ae;de</code>,1,0.0004548
251,ongan,<code>ongan</code>,1,0.0004548
251,opene,<code>opene</code>,1,0.0004548
251,ordfruma,<code>ordfruma</code>,1,0.0004548
251,orsorh,<code>orsorh</code>,1,0.0004548
251,ortruwige,<code>ortruwige</code>,1,0.0004548
251,parmenen,<code>parmenen</code>,1,0.0004548
251,passio,<code>passio</code>,1,0.0004548
251,pater,<code>pater</code>,1,0.0004548
251,paule,<code>paule</code>,1,0.0004548
251,paulum,<code>paulum</code>,1,0.0004548
251,philippus,<code>philippus</code>,1,0.0004548
251,procorus,<code>procorus</code>,1,0.0004548
251,protomartiris,<code>protomartiris</code>,1,0.0004548
251,protomartyr,<code>protomartyr</code>,1,0.0004548
251,qui,<code>qui</code>,1,0.0004548
251,r&aelig;da&eth;,<code>r&amp;ae;da&amp;d;</code>,1,0.0004548
251,r&aelig;dene,<code>r&amp;ae;dene</code>,1,0.0004548
251,r&aelig;des,<code>r&amp;ae;des</code>,1,0.0004548
251,race,<code>race</code>,1,0.0004548
251,re&eth;an,<code>re&amp;d;an</code>,1,0.0004548
251,re&eth;nysse,<code>re&amp;d;nysse</code>,1,0.0004548
251,readan,<code>readan</code>,1,0.0004548
251,reaf,<code>reaf</code>,1,0.0004548
251,rican,<code>rican</code>,1,0.0004548
251,riht,<code>riht</code>,1,0.0004548
251,rihtwisa,<code>rihtwisa</code>,1,0.0004548
251,rihtwisan,<code>rihtwisan</code>,1,0.0004548
251,rixa&eth;,<code>rixa&amp;d;</code>,1,0.0004548
251,s&aelig;,<code>s&amp;ae;</code>,1,0.0004548
251,s&aelig;don,<code>s&amp;ae;don</code>,1,0.0004548
251,s&aelig;ton,<code>s&amp;ae;ton</code>,1,0.0004548
251,salomones,<code>salomones</code>,1,0.0004548
251,samod,<code>samod</code>,1,0.0004548
251,saules,<code>saules</code>,1,0.0004548
251,saulum,<code>saulum</code>,1,0.0004548
251,sceolde,<code>sceolde</code>,1,0.0004548
251,sceolun,<code>sceolun</code>,1,0.0004548
251,scuton,<code>scuton</code>,1,0.0004548
251,secgan,<code>secgan</code>,1,0.0004548
251,seofan,<code>seofan</code>,1,0.0004548
251,seofo&eth;a,<code>seofo&amp;d;a</code>,1,0.0004548
251,setl,<code>setl</code>,1,0.0004548
251,setll,<code>setll</code>,1,0.0004548
251,setton,<code>setton</code>,1,0.0004548
251,sigef&aelig;st,<code>sigef&amp;ae;st</code>,1,0.0004548
251,sigef&aelig;stum,<code>sigef&amp;ae;stum</code>,1,0.0004548
251,sind,<code>sind</code>,1,0.0004548
251,sit,<code>sit</code>,1,0.0004548
251,six,<code>six</code>,1,0.0004548
251,sixta,<code>sixta</code>,1,0.0004548
251,slege,<code>slege</code>,1,0.0004548
251,smeade,<code>smeade</code>,1,0.0004548
251,so&eth;a,<code>so&amp;d;a</code>,1,0.0004548
251,so&eth;f&aelig;stnysse,<code>so&amp;d;f&amp;ae;stnysse</code>,1,0.0004548
251,spedum,<code>spedum</code>,1,0.0004548
251,spr&aelig;ce,<code>spr&amp;ae;ce</code>,1,0.0004548
251,sprecenne,<code>sprecenne</code>,1,0.0004548
251,st&aelig;ndon,<code>st&amp;ae;ndon</code>,1,0.0004548
251,st&aelig;nendum,<code>st&amp;ae;nendum</code>,1,0.0004548
251,st&aelig;nenne,<code>st&amp;ae;nenne</code>,1,0.0004548
251,st&aelig;ninge,<code>st&amp;ae;ninge</code>,1,0.0004548
251,stan,<code>stan</code>,1,0.0004548
251,stana,<code>stana</code>,1,0.0004548
251,steal,<code>steal</code>,1,0.0004548
251,stent,<code>stent</code>,1,0.0004548
251,stephani,<code>stephani</code>,1,0.0004548
251,sti&eth;um,<code>sti&amp;d;um</code>,1,0.0004548
251,strenc&eth;e,<code>strenc&amp;d;e</code>,1,0.0004548
251,sume,<code>sume</code>,1,0.0004548
251,sungon,<code>sungon</code>,1,0.0004548
251,sw&aelig;rran,<code>sw&amp;ae;rran</code>,1,0.0004548
251,sweartan,<code>sweartan</code>,1,0.0004548
251,swilcum,<code>swilcum</code>,1,0.0004548
251,swuran,<code>swuran</code>,1,0.0004548
251,sy&eth;&eth;an,<code>sy&amp;d;&amp;d;an</code>,1,0.0004548
251,syfan,<code>syfan</code>,1,0.0004548
251,sylf,<code>sylf</code>,1,0.0004548
251,sylfe,<code>sylfe</code>,1,0.0004548
251,symle,<code>symle</code>,1,0.0004548
251,t&aelig;cunge,<code>t&amp;ae;cunge</code>,1,0.0004548
251,t&aelig;lde,<code>t&amp;ae;lde</code>,1,0.0004548
251,tacna,<code>tacna</code>,1,0.0004548
251,tela,<code>tela</code>,1,0.0004548
251,tempel,<code>tempel</code>,1,0.0004548
251,teona,<code>teona</code>,1,0.0004548
251,tet&eth;,<code>tet&amp;d;</code>,1,0.0004548
251,tihtan,<code>tihtan</code>,1,0.0004548
251,tihte,<code>tihte</code>,1,0.0004548
251,timotheus,<code>timotheus</code>,1,0.0004548
251,todal,<code>todal</code>,1,0.0004548
251,torfienne,<code>torfienne</code>,1,0.0004548
251,toweardan,<code>toweardan</code>,1,0.0004548
251,towent,<code>towent</code>,1,0.0004548
251,towyrp&eth;,<code>towyrp&amp;d;</code>,1,0.0004548
251,trumnyss,<code>trumnyss</code>,1,0.0004548
251,truwie,<code>truwie</code>,1,0.0004548
251,tugon,<code>tugon</code>,1,0.0004548
251,tungan,<code>tungan</code>,1,0.0004548
251,tweigra,<code>tweigra</code>,1,0.0004548
251,underfoh,<code>underfoh</code>,1,0.0004548
251,understanda&eth;,<code>understanda&amp;d;</code>,1,0.0004548
251,ungeleaffulan,<code>ungeleaffulan</code>,1,0.0004548
251,ungeleaffullan,<code>ungeleaffullan</code>,1,0.0004548
251,ungeleaffullum,<code>ungeleaffullum</code>,1,0.0004548
251,ungeleaffulnysse,<code>ungeleaffulnysse</code>,1,0.0004548
251,ungeleaffulre,<code>ungeleaffulre</code>,1,0.0004548
251,ungeleafullnysse,<code>ungeleafullnysse</code>,1,0.0004548
251,unrihtwisnysse,<code>unrihtwisnysse</code>,1,0.0004548
251,up,<code>up</code>,1,0.0004548
251,uppstige,<code>uppstige</code>,1,0.0004548
251,vii,<code>vii</code>,1,0.0004548
251,w&aelig;lreowne,<code>w&amp;ae;lreowne</code>,1,0.0004548
251,weard,<code>weard</code>,1,0.0004548
251,wed,<code>wed</code>,1,0.0004548
251,wedende,<code>wedende</code>,1,0.0004548
251,wege,<code>wege</code>,1,0.0004548
251,weig,<code>weig</code>,1,0.0004548
251,welwillende,<code>welwillende</code>,1,0.0004548
251,weofude,<code>weofude</code>,1,0.0004548
251,weox,<code>weox</code>,1,0.0004548
251,wer,<code>wer</code>,1,0.0004548
251,weres,<code>weres</code>,1,0.0004548
251,wesan,<code>wesan</code>,1,0.0004548
251,westene,<code>westene</code>,1,0.0004548
251,wi&eth;cwe&eth;e,<code>wi&amp;d;cwe&amp;d;e</code>,1,0.0004548
251,wi&eth;standa&eth;,<code>wi&amp;d;standa&amp;d;</code>,1,0.0004548
251,wi&eth;standan,<code>wi&amp;d;standan</code>,1,0.0004548
251,willan,<code>willan</code>,1,0.0004548
251,wille,<code>wille</code>,1,0.0004548
251,wisa,<code>wisa</code>,1,0.0004548
251,wisdome,<code>wisdome</code>,1,0.0004548
251,wissa&eth;,<code>wissa&amp;d;</code>,1,0.0004548
251,woldon,<code>woldon</code>,1,0.0004548
251,worde,<code>worde</code>,1,0.0004548
251,worhte,<code>worhte</code>,1,0.0004548
251,worulde,<code>worulde</code>,1,0.0004548
251,wuldorbeah,<code>wuldorbeah</code>,1,0.0004548
251,wuldra&eth;,<code>wuldra&amp;d;</code>,1,0.0004548
251,wuldre,<code>wuldre</code>,1,0.0004548
251,wuna&eth;,<code>wuna&amp;d;</code>,1,0.0004548
251,wunda,<code>wunda</code>,1,0.0004548
251,wundorlice,<code>wundorlice</code>,1,0.0004548
251,wununge,<code>wununge</code>,1,0.0004548
251,wur&eth;ia&eth;,<code>wur&amp;d;ia&amp;d;</code>,1,0.0004548
251,wur&eth;licur,<code>wur&amp;d;licur</code>,1,0.0004548
251,wur&eth;mynte,<code>wur&amp;d;mynte</code>,1,0.0004548
251,wurpan,<code>wurpan</code>,1,0.0004548
251,wylsprincg,<code>wylsprincg</code>,1,0.0004548
251,yfel,<code>yfel</code>,1,0.0004548
251,yfelan,<code>yfelan</code>,1,0.0004548
251,yfelnyssum,<code>yfelnyssum</code>,1,0.0004548
251,ymbe,<code>ymbe</code>,1,0.0004548
251,yrfenuma,<code>yrfenuma</code>,1,0.0004548
251,yrfenuman,<code>yrfenuman</code>,1,0.0004548
