B_Prose,B01,B01.001.034_AECHom_I__32_T02410.txt,956,660,2510
RANK,HTML WORD,RAW WORD,COUNT,RELATIVE FREQUENCY
1,&amp;,<code>&amp;amp;</code>,116,0.0462151
2,he,<code>he</code>,60,0.0239044
3,on,<code>on</code>,59,0.0235060
4,his,<code>his</code>,55,0.0219124
5,&thorn;&aelig;t,<code>&amp;t;&amp;ae;t</code>,52,0.0207171
6,se,<code>se</code>,49,0.0195219
7,to,<code>to</code>,44,0.0175299
8,swa,<code>swa</code>,41,0.0163347
9,&thorn;a,<code>&amp;t;a</code>,36,0.0143426
10,mid,<code>mid</code>,33,0.0131474
11,&thorn;e,<code>&amp;t;e</code>,32,0.0127490
12,&thorn;am,<code>&amp;t;am</code>,31,0.0123506
13,for,<code>for</code>,29,0.0115538
14,ne,<code>ne</code>,27,0.0107570
15,we,<code>we</code>,26,0.0103586
16,&eth;a,<code>&amp;d;a</code>,23,0.0091633
17,is,<code>is</code>,22,0.0087649
18,&eth;e,<code>&amp;d;e</code>,20,0.0079681
18,&thorn;&aelig;s,<code>&amp;t;&amp;ae;s</code>,20,0.0079681
20,w&aelig;s,<code>w&amp;ae;s</code>,19,0.0075697
21,iohannes,<code>iohannes</code>,18,0.0071713
22,ac,<code>ac</code>,17,0.0067729
22,hine,<code>hine</code>,17,0.0067729
24,bi&eth;,<code>bi&amp;d;</code>,16,0.0063745
25,&thorn;u,<code>&amp;t;u</code>,14,0.0055777
25,&thorn;urh,<code>&amp;t;urh</code>,14,0.0055777
27,&thorn;an,<code>&amp;t;an</code>,13,0.0051793
27,&thorn;one,<code>&amp;t;one</code>,13,0.0051793
27,gif,<code>gif</code>,13,0.0051793
27,herodes,<code>herodes</code>,13,0.0051793
31,heo,<code>heo</code>,12,0.0047809
32,cw&aelig;&eth;,<code>cw&amp;ae;&amp;d;</code>,11,0.0043825
32,ge,<code>ge</code>,11,0.0043825
32,hi,<code>hi</code>,11,0.0043825
32,seo,<code>seo</code>,11,0.0043825
36,&thorn;&aelig;re,<code>&amp;t;&amp;ae;re</code>,10,0.0039841
36,be,<code>be</code>,10,0.0039841
36,heafod,<code>heafod</code>,10,0.0039841
36,hw&aelig;t,<code>hw&amp;ae;t</code>,10,0.0039841
36,ic,<code>ic</code>,10,0.0039841
36,nu,<code>nu</code>,10,0.0039841
42,&thorn;onne,<code>&amp;t;onne</code>,9,0.0035857
42,gode,<code>gode</code>,9,0.0035857
42,him,<code>him</code>,9,0.0035857
42,hit,<code>hit</code>,9,0.0035857
42,lif,<code>lif</code>,9,0.0035857
42,us,<code>us</code>,9,0.0035857
42,wolde,<code>wolde</code>,9,0.0035857
49,eallum,<code>eallum</code>,8,0.0031873
49,wear&eth;,<code>wear&amp;d;</code>,8,0.0031873
51,&aelig;fter,<code>&amp;ae;fter</code>,7,0.0027888
51,betwux,<code>betwux</code>,7,0.0027888
51,dea&eth;e,<code>dea&amp;d;e</code>,7,0.0027888
51,dohtor,<code>dohtor</code>,7,0.0027888
51,f&aelig;der,<code>f&amp;ae;der</code>,7,0.0027888
51,hire,<code>hire</code>,7,0.0027888
51,of,<code>of</code>,7,0.0027888
58,god,<code>god</code>,6,0.0023904
58,iohanne,<code>iohanne</code>,6,0.0023904
58,lange,<code>lange</code>,6,0.0023904
58,life,<code>life</code>,6,0.0023904
58,micclum,<code>micclum</code>,6,0.0023904
58,sind,<code>sind</code>,6,0.0023904
58,ure,<code>ure</code>,6,0.0023904
65,&aelig;r,<code>&amp;ae;r</code>,5,0.0019920
65,&eth;am,<code>&amp;d;am</code>,5,0.0019920
65,&thorn;eah,<code>&amp;t;eah</code>,5,0.0019920
65,buton,<code>buton</code>,5,0.0019920
65,crist,<code>crist</code>,5,0.0019920
65,d&aelig;g,<code>d&amp;ae;g</code>,5,0.0019920
65,dehter,<code>dehter</code>,5,0.0019920
65,fulluhtere,<code>fulluhtere</code>,5,0.0019920
65,godes,<code>godes</code>,5,0.0019920
65,lichaman,<code>lichaman</code>,5,0.0019920
65,m&aelig;ran,<code>m&amp;ae;ran</code>,5,0.0019920
65,me,<code>me</code>,5,0.0019920
65,nan,<code>nan</code>,5,0.0019920
65,sy&eth;&eth;an,<code>sy&amp;d;&amp;d;an</code>,5,0.0019920
65,sylf,<code>sylf</code>,5,0.0019920
65,wife,<code>wife</code>,5,0.0019920
65,witodlice,<code>witodlice</code>,5,0.0019920
82,&eth;es,<code>&amp;d;es</code>,4,0.0015936
82,&thorn;&aelig;r,<code>&amp;t;&amp;ae;r</code>,4,0.0015936
82,&thorn;us,<code>&amp;t;us</code>,4,0.0015936
82,&thorn;ysum,<code>&amp;t;ysum</code>,4,0.0015936
82,a&eth;,<code>a&amp;d;</code>,4,0.0015936
82,acennednysse,<code>acennednysse</code>,4,0.0015936
82,an,<code>an</code>,4,0.0015936
82,anum,<code>anum</code>,4,0.0015936
82,beo&eth;,<code>beo&amp;d;</code>,4,0.0015936
82,byrig,<code>byrig</code>,4,0.0015936
82,cwearterne,<code>cwearterne</code>,4,0.0015936
82,dagas,<code>dagas</code>,4,0.0015936
82,dea&eth;,<code>dea&amp;d;</code>,4,0.0015936
82,eow,<code>eow</code>,4,0.0015936
82,gecweden,<code>gecweden</code>,4,0.0015936
82,gyt,<code>gyt</code>,4,0.0015936
82,halig,<code>halig</code>,4,0.0015936
82,lare,<code>lare</code>,4,0.0015936
82,mannum,<code>mannum</code>,4,0.0015936
82,nis,<code>nis</code>,4,0.0015936
82,nolde,<code>nolde</code>,4,0.0015936
82,o&eth;&eth;e,<code>o&amp;d;&amp;d;e</code>,4,0.0015936
82,rice,<code>rice</code>,4,0.0015936
82,sceolon,<code>sceolon</code>,4,0.0015936
82,timan,<code>timan</code>,4,0.0015936
82,w&aelig;re,<code>w&amp;ae;re</code>,4,0.0015936
82,wif,<code>wif</code>,4,0.0015936
82,witegan,<code>witegan</code>,4,0.0015936
82,ymbe,<code>ymbe</code>,4,0.0015936
111,&eth;&aelig;t,<code>&amp;d;&amp;ae;t</code>,3,0.0011952
111,&eth;u,<code>&amp;d;u</code>,3,0.0011952
111,&thorn;ing,<code>&amp;t;ing</code>,3,0.0011952
111,&thorn;ingum,<code>&amp;t;ingum</code>,3,0.0011952
111,&thorn;is,<code>&amp;t;is</code>,3,0.0011952
111,&thorn;isum,<code>&amp;t;isum</code>,3,0.0011952
111,a&eth;e,<code>a&amp;d;e</code>,3,0.0011952
111,acwellan,<code>acwellan</code>,3,0.0011952
111,alysednysse,<code>alysednysse</code>,3,0.0011952
111,awrat,<code>awrat</code>,3,0.0011952
111,b&aelig;de,<code>b&amp;ae;de</code>,3,0.0011952
111,beo,<code>beo</code>,3,0.0011952
111,beon,<code>beon</code>,3,0.0011952
111,criste,<code>criste</code>,3,0.0011952
111,cw&aelig;don,<code>cw&amp;ae;don</code>,3,0.0011952
111,cwyde,<code>cwyde</code>,3,0.0011952
111,cyning,<code>cyning</code>,3,0.0011952
111,eac,<code>eac</code>,3,0.0011952
111,ealle,<code>ealle</code>,3,0.0011952
111,eft,<code>eft</code>,3,0.0011952
111,forgeaf,<code>forgeaf</code>,3,0.0011952
111,gebeorum,<code>gebeorum</code>,3,0.0011952
111,gehalgod,<code>gehalgod</code>,3,0.0011952
111,gehaten,<code>gehaten</code>,3,0.0011952
111,gelamp,<code>gelamp</code>,3,0.0011952
111,h&aelig;fde,<code>h&amp;ae;fde</code>,3,0.0011952
111,halige,<code>halige</code>,3,0.0011952
111,helwarum,<code>helwarum</code>,3,0.0011952
111,heora,<code>heora</code>,3,0.0011952
111,herode,<code>herode</code>,3,0.0011952
111,herodias,<code>herodias</code>,3,0.0011952
111,het,<code>het</code>,3,0.0011952
111,hr&aelig;dlice,<code>hr&amp;ae;dlice</code>,3,0.0011952
111,iudeisce,<code>iudeisce</code>,3,0.0011952
111,maran,<code>maran</code>,3,0.0011952
111,mare,<code>mare</code>,3,0.0011952
111,naman,<code>naman</code>,3,0.0011952
111,rices,<code>rices</code>,3,0.0011952
111,so&eth;lice,<code>so&amp;d;lice</code>,3,0.0011952
111,sunu,<code>sunu</code>,3,0.0011952
111,swera,<code>swera</code>,3,0.0011952
111,swi&thorn;or,<code>swi&amp;t;or</code>,3,0.0011952
111,swor,<code>swor</code>,3,0.0011952
111,w&aelig;lhreowa,<code>w&amp;ae;lhreowa</code>,3,0.0011952
111,wifes,<code>wifes</code>,3,0.0011952
111,wiste,<code>wiste</code>,3,0.0011952
111,witega,<code>witega</code>,3,0.0011952
111,wundra,<code>wundra</code>,3,0.0011952
111,yfelum,<code>yfelum</code>,3,0.0011952
160,&aelig;lcne,<code>&amp;ae;lcne</code>,2,0.0007968
160,&aelig;lmihtiga,<code>&amp;ae;lmihtiga</code>,2,0.0007968
160,&eth;is,<code>&amp;d;is</code>,2,0.0007968
160,&thorn;in,<code>&amp;t;in</code>,2,0.0007968
160,&thorn;ines,<code>&amp;t;ines</code>,2,0.0007968
160,&thorn;reade,<code>&amp;t;reade</code>,2,0.0007968
160,&thorn;rowunge,<code>&amp;t;rowunge</code>,2,0.0007968
160,&thorn;yssere,<code>&amp;t;yssere</code>,2,0.0007968
160,acwealde,<code>acwealde</code>,2,0.0007968
160,agen,<code>agen</code>,2,0.0007968
160,and,<code>and</code>,2,0.0007968
160,andfenge,<code>andfenge</code>,2,0.0007968
160,anre,<code>anre</code>,2,0.0007968
160,apostol,<code>apostol</code>,2,0.0007968
160,arethe,<code>arethe</code>,2,0.0007968
160,arisa&eth;,<code>arisa&amp;d;</code>,2,0.0007968
160,ascofen,<code>ascofen</code>,2,0.0007968
160,asende,<code>asende</code>,2,0.0007968
160,ateoria&eth;,<code>ateoria&amp;d;</code>,2,0.0007968
160,awendan,<code>awendan</code>,2,0.0007968
160,awyrigede,<code>awyrigede</code>,2,0.0007968
160,b&aelig;d,<code>b&amp;ae;d</code>,2,0.0007968
160,bearnum,<code>bearnum</code>,2,0.0007968
160,becom,<code>becom</code>,2,0.0007968
160,befran,<code>befran</code>,2,0.0007968
160,bidde,<code>bidde</code>,2,0.0007968
160,bide,<code>bide</code>,2,0.0007968
160,bodade,<code>bodade</code>,2,0.0007968
160,bodunge,<code>bodunge</code>,2,0.0007968
160,bre&thorn;er,<code>bre&amp;t;er</code>,2,0.0007968
160,bro&eth;or,<code>bro&amp;d;or</code>,2,0.0007968
160,byst,<code>byst</code>,2,0.0007968
160,casere,<code>casere</code>,2,0.0007968
160,cild,<code>cild</code>,2,0.0007968
160,comon,<code>comon</code>,2,0.0007968
160,cristenum,<code>cristenum</code>,2,0.0007968
160,cristes,<code>cristes</code>,2,0.0007968
160,cw&aelig;de,<code>cw&amp;ae;de</code>,2,0.0007968
160,cwellere,<code>cwellere</code>,2,0.0007968
160,cynedom,<code>cynedom</code>,2,0.0007968
160,cyninge,<code>cyninge</code>,2,0.0007968
160,cyninges,<code>cyninges</code>,2,0.0007968
160,d&aelig;l,<code>d&amp;ae;l</code>,2,0.0007968
160,disce,<code>disce</code>,2,0.0007968
160,dome,<code>dome</code>,2,0.0007968
160,dracan,<code>dracan</code>,2,0.0007968
160,ealdormen,<code>ealdormen</code>,2,0.0007968
160,ecan,<code>ecan</code>,2,0.0007968
160,ece,<code>ece</code>,2,0.0007968
160,ecnysse,<code>ecnysse</code>,2,0.0007968
160,ende,<code>ende</code>,2,0.0007968
160,endenextan,<code>endenextan</code>,2,0.0007968
160,eom,<code>eom</code>,2,0.0007968
160,et,<code>et</code>,2,0.0007968
160,feondum,<code>feondum</code>,2,0.0007968
160,feower,<code>feower</code>,2,0.0007968
160,fi&thorn;erfotum,<code>fi&amp;t;erfotum</code>,2,0.0007968
160,forestop,<code>forestop</code>,2,0.0007968
160,forgyfan,<code>forgyfan</code>,2,0.0007968
160,forhradian,<code>forhradian</code>,2,0.0007968
160,fram,<code>fram</code>,2,0.0007968
160,fulan,<code>fulan</code>,2,0.0007968
160,fulluhte,<code>fulluhte</code>,2,0.0007968
160,fyrste,<code>fyrste</code>,2,0.0007968
160,geara,<code>geara</code>,2,0.0007968
160,geboren,<code>geboren</code>,2,0.0007968
160,gebrohte,<code>gebrohte</code>,2,0.0007968
160,gebyrdtide,<code>gebyrdtide</code>,2,0.0007968
160,gedafena&eth;,<code>gedafena&amp;d;</code>,2,0.0007968
160,geendian,<code>geendian</code>,2,0.0007968
160,gehyrdon,<code>gehyrdon</code>,2,0.0007968
160,genam,<code>genam</code>,2,0.0007968
160,gereorde,<code>gereorde</code>,2,0.0007968
160,ges&aelig;lig,<code>ges&amp;ae;lig</code>,2,0.0007968
160,geswutela,<code>geswutela</code>,2,0.0007968
160,geswutelod,<code>geswutelod</code>,2,0.0007968
160,gew&aelig;hte,<code>gew&amp;ae;hte</code>,2,0.0007968
160,gewit,<code>gewit</code>,2,0.0007968
160,godspellere,<code>godspellere</code>,2,0.0007968
160,gylt,<code>gylt</code>,2,0.0007968
160,h&aelig;lend,<code>h&amp;ae;lend</code>,2,0.0007968
160,halgum,<code>halgum</code>,2,0.0007968
160,herodiaden,<code>herodiaden</code>,2,0.0007968
160,hleapunge,<code>hleapunge</code>,2,0.0007968
160,hw&aelig;r,<code>hw&amp;ae;r</code>,2,0.0007968
160,hwile,<code>hwile</code>,2,0.0007968
160,hyre,<code>hyre</code>,2,0.0007968
160,iohannem,<code>iohannem</code>,2,0.0007968
160,leofa&eth;,<code>leofa&amp;d;</code>,2,0.0007968
160,leorningcnihtas,<code>leorningcnihtas</code>,2,0.0007968
160,lic,<code>lic</code>,2,0.0007968
160,lichama,<code>lichama</code>,2,0.0007968
160,lufia&eth;,<code>lufia&amp;d;</code>,2,0.0007968
160,lybbe,<code>lybbe</code>,2,0.0007968
160,m&aelig;denum,<code>m&amp;ae;denum</code>,2,0.0007968
160,manega,<code>manega</code>,2,0.0007968
160,manna,<code>manna</code>,2,0.0007968
160,mannes,<code>mannes</code>,2,0.0007968
160,men,<code>men</code>,2,0.0007968
160,micele,<code>micele</code>,2,0.0007968
160,mihte,<code>mihte</code>,2,0.0007968
160,mine,<code>mine</code>,2,0.0007968
160,na,<code>na</code>,2,0.0007968
160,nanum,<code>nanum</code>,2,0.0007968
160,niht,<code>niht</code>,2,0.0007968
160,o&thorn;res,<code>o&amp;t;res</code>,2,0.0007968
160,ofer,<code>ofer</code>,2,0.0007968
160,paulus,<code>paulus</code>,2,0.0007968
160,philippus,<code>philippus</code>,2,0.0007968
160,plegode,<code>plegode</code>,2,0.0007968
160,rihtwisum,<code>rihtwisum</code>,2,0.0007968
160,rixia&eth;,<code>rixia&amp;d;</code>,2,0.0007968
160,sceolde,<code>sceolde</code>,2,0.0007968
160,secge,<code>secge</code>,2,0.0007968
160,selre,<code>selre</code>,2,0.0007968
160,seofon,<code>seofon</code>,2,0.0007968
160,sette,<code>sette</code>,2,0.0007968
160,sinscipe,<code>sinscipe</code>,2,0.0007968
160,sitta&eth;,<code>sitta&amp;d;</code>,2,0.0007968
160,so&eth;f&aelig;stnysse,<code>so&amp;d;f&amp;ae;stnysse</code>,2,0.0007968
160,spr&aelig;c,<code>spr&amp;ae;c</code>,2,0.0007968
160,sume,<code>sume</code>,2,0.0007968
160,swilce,<code>swilce</code>,2,0.0007968
160,sylfne,<code>sylfne</code>,2,0.0007968
160,tide,<code>tide</code>,2,0.0007968
160,twam,<code>twam</code>,2,0.0007968
160,urne,<code>urne</code>,2,0.0007968
160,urum,<code>urum</code>,2,0.0007968
160,wi&eth;,<code>wi&amp;d;</code>,2,0.0007968
160,wille,<code>wille</code>,2,0.0007968
160,wisa,<code>wisa</code>,2,0.0007968
160,witan,<code>witan</code>,2,0.0007968
160,wr&aelig;csi&eth;e,<code>wr&amp;ae;csi&amp;d;e</code>,2,0.0007968
160,wurdon,<code>wurdon</code>,2,0.0007968
160,wylle,<code>wylle</code>,2,0.0007968
160,wyrsan,<code>wyrsan</code>,2,0.0007968
160,yld,<code>yld</code>,2,0.0007968
297,&aelig;fre,<code>&amp;ae;fre</code>,1,0.0003984
297,&aelig;fterfylian,<code>&amp;ae;fterfylian</code>,1,0.0003984
297,&aelig;g&eth;er,<code>&amp;ae;g&amp;d;er</code>,1,0.0003984
297,&aelig;lcere,<code>&amp;ae;lcere</code>,1,0.0003984
297,&aelig;nne,<code>&amp;ae;nne</code>,1,0.0003984
297,&aelig;renddracum,<code>&amp;ae;renddracum</code>,1,0.0003984
297,&aelig;rest,<code>&amp;ae;rest</code>,1,0.0003984
297,&aelig;t,<code>&amp;ae;t</code>,1,0.0003984
297,&aelig;tfleon,<code>&amp;ae;tfleon</code>,1,0.0003984
297,&aelig;tforan,<code>&amp;ae;tforan</code>,1,0.0003984
297,&aelig;we,<code>&amp;ae;we</code>,1,0.0003984
297,&eth;&aelig;re,<code>&amp;d;&amp;ae;re</code>,1,0.0003984
297,&eth;&aelig;s,<code>&amp;d;&amp;ae;s</code>,1,0.0003984
297,&eth;eah,<code>&amp;d;eah</code>,1,0.0003984
297,&eth;eahhw&aelig;&eth;ere,<code>&amp;d;eahhw&amp;ae;&amp;d;ere</code>,1,0.0003984
297,&eth;earle,<code>&amp;d;earle</code>,1,0.0003984
297,&eth;eawum,<code>&amp;d;eawum</code>,1,0.0003984
297,&eth;ing,<code>&amp;d;ing</code>,1,0.0003984
297,&eth;inra,<code>&amp;d;inra</code>,1,0.0003984
297,&eth;reo,<code>&amp;d;reo</code>,1,0.0003984
297,&eth;rim,<code>&amp;d;rim</code>,1,0.0003984
297,&eth;rowunga,<code>&amp;d;rowunga</code>,1,0.0003984
297,&eth;urh,<code>&amp;d;urh</code>,1,0.0003984
297,&eth;yssera,<code>&amp;d;yssera</code>,1,0.0003984
297,&thorn;&aelig;rrihte,<code>&amp;t;&amp;ae;rrihte</code>,1,0.0003984
297,&thorn;&aelig;rto,<code>&amp;t;&amp;ae;rto</code>,1,0.0003984
297,&thorn;anon,<code>&amp;t;anon</code>,1,0.0003984
297,&thorn;as,<code>&amp;t;as</code>,1,0.0003984
297,&thorn;eahhw&aelig;&thorn;ere,<code>&amp;t;eahhw&amp;ae;&amp;t;ere</code>,1,0.0003984
297,&thorn;earfan,<code>&amp;t;earfan</code>,1,0.0003984
297,&thorn;enas,<code>&amp;t;enas</code>,1,0.0003984
297,&thorn;enunge,<code>&amp;t;enunge</code>,1,0.0003984
297,&thorn;eode,<code>&amp;t;eode</code>,1,0.0003984
297,&thorn;es,<code>&amp;t;es</code>,1,0.0003984
297,&thorn;illice,<code>&amp;t;illice</code>,1,0.0003984
297,&thorn;ine,<code>&amp;t;ine</code>,1,0.0003984
297,&thorn;inge,<code>&amp;t;inge</code>,1,0.0003984
297,&thorn;ingunge,<code>&amp;t;ingunge</code>,1,0.0003984
297,&thorn;inne,<code>&amp;t;inne</code>,1,0.0003984
297,&thorn;rea&eth;,<code>&amp;t;rea&amp;d;</code>,1,0.0003984
297,&thorn;reo,<code>&amp;t;reo</code>,1,0.0003984
297,&thorn;rowia&eth;,<code>&amp;t;rowia&amp;d;</code>,1,0.0003984
297,&thorn;ry,<code>&amp;t;ry</code>,1,0.0003984
297,&thorn;rymsetl,<code>&amp;t;rymsetl</code>,1,0.0003984
297,&thorn;urste,<code>&amp;t;urste</code>,1,0.0003984
297,&thorn;y,<code>&amp;t;y</code>,1,0.0003984
297,&thorn;yses,<code>&amp;t;yses</code>,1,0.0003984
297,&thorn;yssera,<code>&amp;t;yssera</code>,1,0.0003984
297,&thorn;yssum,<code>&amp;t;yssum</code>,1,0.0003984
297,a,<code>a</code>,1,0.0003984
297,a&eth;sware,<code>a&amp;d;sware</code>,1,0.0003984
297,a&thorn;e,<code>a&amp;t;e</code>,1,0.0003984
297,a&thorn;umme,<code>a&amp;t;umme</code>,1,0.0003984
297,abigail,<code>abigail</code>,1,0.0003984
297,ablawan,<code>ablawan</code>,1,0.0003984
297,acenned,<code>acenned</code>,1,0.0003984
297,acweald,<code>acweald</code>,1,0.0003984
297,adyligian,<code>adyligian</code>,1,0.0003984
297,afyrht,<code>afyrht</code>,1,0.0003984
297,ageat,<code>ageat</code>,1,0.0003984
297,ahw&aelig;nan,<code>ahw&amp;ae;nan</code>,1,0.0003984
297,ahwar,<code>ahwar</code>,1,0.0003984
297,alexandria,<code>alexandria</code>,1,0.0003984
297,amen,<code>amen</code>,1,0.0003984
297,andbidian,<code>andbidian</code>,1,0.0003984
297,ands&aelig;te,<code>ands&amp;ae;te</code>,1,0.0003984
297,andweardan,<code>andweardan</code>,1,0.0003984
297,andwerde,<code>andwerde</code>,1,0.0003984
297,andwyrde,<code>andwyrde</code>,1,0.0003984
297,arabiscre,<code>arabiscre</code>,1,0.0003984
297,aras,<code>aras</code>,1,0.0003984
297,archelaus,<code>archelaus</code>,1,0.0003984
297,arleasra,<code>arleasra</code>,1,0.0003984
297,arn,<code>arn</code>,1,0.0003984
297,asend,<code>asend</code>,1,0.0003984
297,aspidum,<code>aspidum</code>,1,0.0003984
297,astigan,<code>astigan</code>,1,0.0003984
297,ateorung,<code>ateorung</code>,1,0.0003984
297,augustinus,<code>augustinus</code>,1,0.0003984
297,aw&aelig;gan,<code>aw&amp;ae;gan</code>,1,0.0003984
297,awearp,<code>awearp</code>,1,0.0003984
297,awende,<code>awende</code>,1,0.0003984
297,awriten,<code>awriten</code>,1,0.0003984
297,b&aelig;cst,<code>b&amp;ae;cst</code>,1,0.0003984
297,babtiste,<code>babtiste</code>,1,0.0003984
297,ban,<code>ban</code>,1,0.0003984
297,bebead,<code>bebead</code>,1,0.0003984
297,bebyrigdon,<code>bebyrigdon</code>,1,0.0003984
297,bebyriged,<code>bebyriged</code>,1,0.0003984
297,befealla&eth;,<code>befealla&amp;d;</code>,1,0.0003984
297,befeallen,<code>befeallen</code>,1,0.0003984
297,befyle,<code>befyle</code>,1,0.0003984
297,behaten,<code>behaten</code>,1,0.0003984
297,beheafdian,<code>beheafdian</code>,1,0.0003984
297,beheafdod,<code>beheafdod</code>,1,0.0003984
297,beheafdode,<code>beheafdode</code>,1,0.0003984
297,beheafdunge,<code>beheafdunge</code>,1,0.0003984
297,behet,<code>behet</code>,1,0.0003984
297,behreowsunge,<code>behreowsunge</code>,1,0.0003984
297,bel&aelig;wde,<code>bel&amp;ae;wde</code>,1,0.0003984
297,bene,<code>bene</code>,1,0.0003984
297,beorscipe,<code>beorscipe</code>,1,0.0003984
297,bep&aelig;hte,<code>bep&amp;ae;hte</code>,1,0.0003984
297,beran,<code>beran</code>,1,0.0003984
297,besceawia&eth;,<code>besceawia&amp;d;</code>,1,0.0003984
297,besceawienne,<code>besceawienne</code>,1,0.0003984
297,bescornum,<code>bescornum</code>,1,0.0003984
297,beswac,<code>beswac</code>,1,0.0003984
297,beswing&eth;,<code>beswing&amp;d;</code>,1,0.0003984
297,bet&aelig;hte,<code>bet&amp;ae;hte</code>,1,0.0003984
297,biddan,<code>biddan</code>,1,0.0003984
297,bigleofan,<code>bigleofan</code>,1,0.0003984
297,binnon,<code>binnon</code>,1,0.0003984
297,blac,<code>blac</code>,1,0.0003984
297,blinde,<code>blinde</code>,1,0.0003984
297,blindum,<code>blindum</code>,1,0.0003984
297,blisse,<code>blisse</code>,1,0.0003984
297,blissode,<code>blissode</code>,1,0.0003984
297,blod,<code>blod</code>,1,0.0003984
297,blode,<code>blode</code>,1,0.0003984
297,bodia&eth;,<code>bodia&amp;d;</code>,1,0.0003984
297,breac,<code>breac</code>,1,0.0003984
297,bringan,<code>bringan</code>,1,0.0003984
297,brohte,<code>brohte</code>,1,0.0003984
297,brosnung,<code>brosnung</code>,1,0.0003984
297,burh,<code>burh</code>,1,0.0003984
297,carfullice,<code>carfullice</code>,1,0.0003984
297,cep&eth;,<code>cep&amp;d;</code>,1,0.0003984
297,cildhad,<code>cildhad</code>,1,0.0003984
297,cnihthad,<code>cnihthad</code>,1,0.0003984
297,cnihthade,<code>cnihthade</code>,1,0.0003984
297,co&eth;um,<code>co&amp;d;um</code>,1,0.0003984
297,crede,<code>crede</code>,1,0.0003984
297,creopendum,<code>creopendum</code>,1,0.0003984
297,cristesbec,<code>cristesbec</code>,1,0.0003984
297,cunnon,<code>cunnon</code>,1,0.0003984
297,cw&aelig;&thorn;,<code>cw&amp;ae;&amp;t;</code>,1,0.0003984
297,cwe&eth;,<code>cwe&amp;d;</code>,1,0.0003984
297,cwe&eth;ende,<code>cwe&amp;d;ende</code>,1,0.0003984
297,cwe&thorn;ende,<code>cwe&amp;t;ende</code>,1,0.0003984
297,cwy&eth;,<code>cwy&amp;d;</code>,1,0.0003984
297,cy&eth;a&eth;,<code>cy&amp;d;a&amp;d;</code>,1,0.0003984
297,cy&eth;nysse,<code>cy&amp;d;nysse</code>,1,0.0003984
297,cy&thorn;an,<code>cy&amp;t;an</code>,1,0.0003984
297,cyn,<code>cyn</code>,1,0.0003984
297,cynerice,<code>cynerice</code>,1,0.0003984
297,cynesetle,<code>cynesetle</code>,1,0.0003984
297,cyrclican,<code>cyrclican</code>,1,0.0003984
297,d&aelig;dbote,<code>d&amp;ae;dbote</code>,1,0.0003984
297,d&aelig;de,<code>d&amp;ae;de</code>,1,0.0003984
297,d&aelig;ge,<code>d&amp;ae;ge</code>,1,0.0003984
297,d&aelig;ges,<code>d&amp;ae;ges</code>,1,0.0003984
297,d&aelig;lde,<code>d&amp;ae;lde</code>,1,0.0003984
297,dagum,<code>dagum</code>,1,0.0003984
297,dalila,<code>dalila</code>,1,0.0003984
297,danihel,<code>danihel</code>,1,0.0003984
297,dauid,<code>dauid</code>,1,0.0003984
297,de&eth;,<code>de&amp;d;</code>,1,0.0003984
297,dea&thorn;e,<code>dea&amp;t;e</code>,1,0.0003984
297,dead,<code>dead</code>,1,0.0003984
297,deadan,<code>deadan</code>,1,0.0003984
297,deafe,<code>deafe</code>,1,0.0003984
297,decollatio,<code>decollatio</code>,1,0.0003984
297,deofles,<code>deofles</code>,1,0.0003984
297,deorcynne,<code>deorcynne</code>,1,0.0003984
297,deorwur&thorn;an,<code>deorwur&amp;t;an</code>,1,0.0003984
297,deorwur&thorn;um,<code>deorwur&amp;t;um</code>,1,0.0003984
297,dera&eth;,<code>dera&amp;d;</code>,1,0.0003984
297,derige,<code>derige</code>,1,0.0003984
297,digelnyssum,<code>digelnyssum</code>,1,0.0003984
297,domes,<code>domes</code>,1,0.0003984
297,draca,<code>draca</code>,1,0.0003984
297,drihten,<code>drihten</code>,1,0.0003984
297,drinca&eth;,<code>drinca&amp;d;</code>,1,0.0003984
297,drohtnunge,<code>drohtnunge</code>,1,0.0003984
297,dweledon,<code>dweledon</code>,1,0.0003984
297,dyde,<code>dyde</code>,1,0.0003984
297,dyrstigan,<code>dyrstigan</code>,1,0.0003984
297,eadig,<code>eadig</code>,1,0.0003984
297,eall,<code>eall</code>,1,0.0003984
297,ealra,<code>ealra</code>,1,0.0003984
297,earfo&eth;lice,<code>earfo&amp;d;lice</code>,1,0.0003984
297,earfo&eth;nysse,<code>earfo&amp;d;nysse</code>,1,0.0003984
297,eart,<code>eart</code>,1,0.0003984
297,easternum,<code>easternum</code>,1,0.0003984
297,edissa,<code>edissa</code>,1,0.0003984
297,efne,<code>efne</code>,1,0.0003984
297,ege,<code>ege</code>,1,0.0003984
297,ehtnysse,<code>ehtnysse</code>,1,0.0003984
297,eode,<code>eode</code>,1,0.0003984
297,eor&thorn;an,<code>eor&amp;t;an</code>,1,0.0003984
297,eornostlice,<code>eornostlice</code>,1,0.0003984
297,eower,<code>eower</code>,1,0.0003984
297,erast,<code>erast</code>,1,0.0003984
297,fara&eth;,<code>fara&amp;d;</code>,1,0.0003984
297,feawum,<code>feawum</code>,1,0.0003984
297,feaxe,<code>feaxe</code>,1,0.0003984
297,feaxes,<code>feaxes</code>,1,0.0003984
297,fela,<code>fela</code>,1,0.0003984
297,feng,<code>feng</code>,1,0.0003984
297,feor&thorn;an,<code>feor&amp;t;an</code>,1,0.0003984
297,feore,<code>feore</code>,1,0.0003984
297,feorhadle,<code>feorhadle</code>,1,0.0003984
297,fercia&eth;,<code>fercia&amp;d;</code>,1,0.0003984
297,ferde,<code>ferde</code>,1,0.0003984
297,feredon,<code>feredon</code>,1,0.0003984
297,ferodon,<code>ferodon</code>,1,0.0003984
297,fi&thorn;errica,<code>fi&amp;t;errica</code>,1,0.0003984
297,fi&thorn;errican,<code>fi&amp;t;errican</code>,1,0.0003984
297,fif,<code>fif</code>,1,0.0003984
297,folc,<code>folc</code>,1,0.0003984
297,folce,<code>folce</code>,1,0.0003984
297,folgeras,<code>folgeras</code>,1,0.0003984
297,forbugon,<code>forbugon</code>,1,0.0003984
297,forbyt,<code>forbyt</code>,1,0.0003984
297,fore,<code>fore</code>,1,0.0003984
297,fores&aelig;dan,<code>fores&amp;ae;dan</code>,1,0.0003984
297,forestihte,<code>forestihte</code>,1,0.0003984
297,forfleon,<code>forfleon</code>,1,0.0003984
297,forgifan,<code>forgifan</code>,1,0.0003984
297,forgyfe,<code>forgyfe</code>,1,0.0003984
297,forl&aelig;ton,<code>forl&amp;ae;ton</code>,1,0.0003984
297,forligerlice,<code>forligerlice</code>,1,0.0003984
297,forlire,<code>forlire</code>,1,0.0003984
297,forlure,<code>forlure</code>,1,0.0003984
297,forman,<code>forman</code>,1,0.0003984
297,fornumene,<code>fornumene</code>,1,0.0003984
297,forrynel,<code>forrynel</code>,1,0.0003984
297,forseon,<code>forseon</code>,1,0.0003984
297,forsewenlicor,<code>forsewenlicor</code>,1,0.0003984
297,forsih&eth;,<code>forsih&amp;d;</code>,1,0.0003984
297,forwel,<code>forwel</code>,1,0.0003984
297,forwyrnde,<code>forwyrnde</code>,1,0.0003984
297,fotsceamul,<code>fotsceamul</code>,1,0.0003984
297,fr&aelig;cednyssum,<code>fr&amp;ae;cednyssum</code>,1,0.0003984
297,freolsd&aelig;ge,<code>freolsd&amp;ae;ge</code>,1,0.0003984
297,fulfremeda,<code>fulfremeda</code>,1,0.0003984
297,fulluhteres,<code>fulluhteres</code>,1,0.0003984
297,fulnyssum,<code>fulnyssum</code>,1,0.0003984
297,fur&thorn;or,<code>fur&amp;t;or</code>,1,0.0003984
297,fylig&eth;,<code>fylig&amp;d;</code>,1,0.0003984
297,fyrst,<code>fyrst</code>,1,0.0003984
297,ga&eth;,<code>ga&amp;d;</code>,1,0.0003984
297,gaste,<code>gaste</code>,1,0.0003984
297,ge&aelig;swicod,<code>ge&amp;ae;swicod</code>,1,0.0003984
297,ge&thorn;afa&eth;,<code>ge&amp;t;afa&amp;d;</code>,1,0.0003984
297,ge&thorn;afode,<code>ge&amp;t;afode</code>,1,0.0003984
297,ge&thorn;uht,<code>ge&amp;t;uht</code>,1,0.0003984
297,ge&thorn;ungenum,<code>ge&amp;t;ungenum</code>,1,0.0003984
297,geangsumod,<code>geangsumod</code>,1,0.0003984
297,gearcian,<code>gearcian</code>,1,0.0003984
297,gebedum,<code>gebedum</code>,1,0.0003984
297,gebeorscipe,<code>gebeorscipe</code>,1,0.0003984
297,gebetan,<code>gebetan</code>,1,0.0003984
297,gebro&eth;ra,<code>gebro&amp;d;ra</code>,1,0.0003984
297,gebro&eth;ru,<code>gebro&amp;d;ru</code>,1,0.0003984
297,gebro&thorn;ra,<code>gebro&amp;t;ra</code>,1,0.0003984
297,gebyh&eth;,<code>gebyh&amp;d;</code>,1,0.0003984
297,gebyrdtidum,<code>gebyrdtidum</code>,1,0.0003984
297,geciged,<code>geciged</code>,1,0.0003984
297,gecl&aelig;nsode,<code>gecl&amp;ae;nsode</code>,1,0.0003984
297,gecorenan,<code>gecorenan</code>,1,0.0003984
297,gecwedene,<code>gecwedene</code>,1,0.0003984
297,gecweme,<code>gecweme</code>,1,0.0003984
297,gecwemednysse,<code>gecwemednysse</code>,1,0.0003984
297,gecydde,<code>gecydde</code>,1,0.0003984
297,gedon,<code>gedon</code>,1,0.0003984
297,gedrecednyssum,<code>gedrecednyssum</code>,1,0.0003984
297,gedrefed,<code>gedrefed</code>,1,0.0003984
297,gedwolmen,<code>gedwolmen</code>,1,0.0003984
297,geearnian,<code>geearnian</code>,1,0.0003984
297,geearnungum,<code>geearnungum</code>,1,0.0003984
297,geendad,<code>geendad</code>,1,0.0003984
297,geendod,<code>geendod</code>,1,0.0003984
297,geendunge,<code>geendunge</code>,1,0.0003984
297,gef&aelig;stnode,<code>gef&amp;ae;stnode</code>,1,0.0003984
297,gefeohte,<code>gefeohte</code>,1,0.0003984
297,gefeormode,<code>gefeormode</code>,1,0.0003984
297,gegaderast,<code>gegaderast</code>,1,0.0003984
297,geh&aelig;fte,<code>geh&amp;ae;fte</code>,1,0.0003984
297,geh&aelig;lde,<code>geh&amp;ae;lde</code>,1,0.0003984
297,gehealden,<code>gehealden</code>,1,0.0003984
297,geheold,<code>geheold</code>,1,0.0003984
297,gehw&aelig;r,<code>gehw&amp;ae;r</code>,1,0.0003984
297,gehwa,<code>gehwa</code>,1,0.0003984
297,gehyra&eth;,<code>gehyra&amp;d;</code>,1,0.0003984
297,gehyrde,<code>gehyrde</code>,1,0.0003984
297,gehyred,<code>gehyred</code>,1,0.0003984
297,gehyrsumedon,<code>gehyrsumedon</code>,1,0.0003984
297,gel&aelig;de,<code>gel&amp;ae;de</code>,1,0.0003984
297,gela&eth;ode,<code>gela&amp;d;ode</code>,1,0.0003984
297,gelic,<code>gelic</code>,1,0.0003984
297,gelicode,<code>gelicode</code>,1,0.0003984
297,gelimp&eth;,<code>gelimp&amp;d;</code>,1,0.0003984
297,gelogode,<code>gelogode</code>,1,0.0003984
297,gelufedan,<code>gelufedan</code>,1,0.0003984
297,gelyf,<code>gelyf</code>,1,0.0003984
297,gemartyrod,<code>gemartyrod</code>,1,0.0003984
297,gemedemian,<code>gemedemian</code>,1,0.0003984
297,gemengde,<code>gemengde</code>,1,0.0003984
297,gemynd,<code>gemynd</code>,1,0.0003984
297,gemynde,<code>gemynde</code>,1,0.0003984
297,gemyndig,<code>gemyndig</code>,1,0.0003984
297,geneadige,<code>geneadige</code>,1,0.0003984
297,geneadod,<code>geneadod</code>,1,0.0003984
297,geneosian,<code>geneosian</code>,1,0.0003984
297,geneosodon,<code>geneosodon</code>,1,0.0003984
297,geond,<code>geond</code>,1,0.0003984
297,georne,<code>georne</code>,1,0.0003984
297,geornlice,<code>geornlice</code>,1,0.0003984
297,geortruwa&eth;,<code>geortruwa&amp;d;</code>,1,0.0003984
297,gereccan,<code>gereccan</code>,1,0.0003984
297,gereccednysse,<code>gereccednysse</code>,1,0.0003984
297,gesawon,<code>gesawon</code>,1,0.0003984
297,gescyld,<code>gescyld</code>,1,0.0003984
297,gescyndan,<code>gescyndan</code>,1,0.0003984
297,geseah,<code>geseah</code>,1,0.0003984
297,geseo&eth;,<code>geseo&amp;d;</code>,1,0.0003984
297,gesih&eth;e,<code>gesih&amp;d;e</code>,1,0.0003984
297,gesundful,<code>gesundful</code>,1,0.0003984
297,geswinc,<code>geswinc</code>,1,0.0003984
297,geswinca,<code>geswinca</code>,1,0.0003984
297,geswince,<code>geswince</code>,1,0.0003984
297,geswincum,<code>geswincum</code>,1,0.0003984
297,geswutelode,<code>geswutelode</code>,1,0.0003984
297,getel,<code>getel</code>,1,0.0003984
297,gewanode,<code>gewanode</code>,1,0.0003984
297,gewifode,<code>gewifode</code>,1,0.0003984
297,gewilnode,<code>gewilnode</code>,1,0.0003984
297,gewite,<code>gewite</code>,1,0.0003984
297,gewitnod,<code>gewitnod</code>,1,0.0003984
297,gewitnysse,<code>gewitnysse</code>,1,0.0003984
297,gewunelic,<code>gewunelic</code>,1,0.0003984
297,gezabel,<code>gezabel</code>,1,0.0003984
297,gleawnysse,<code>gleawnysse</code>,1,0.0003984
297,gliges,<code>gliges</code>,1,0.0003984
297,godcundlican,<code>godcundlican</code>,1,0.0003984
297,godspel,<code>godspel</code>,1,0.0003984
297,godspelles,<code>godspelles</code>,1,0.0003984
297,godum,<code>godum</code>,1,0.0003984
297,graman,<code>graman</code>,1,0.0003984
297,greciscum,<code>greciscum</code>,1,0.0003984
297,grintst,<code>grintst</code>,1,0.0003984
297,gyfe,<code>gyfe</code>,1,0.0003984
297,gysternlica,<code>gysternlica</code>,1,0.0003984
297,h&aelig;bbe,<code>h&amp;ae;bbe</code>,1,0.0003984
297,h&aelig;f&eth;,<code>h&amp;ae;f&amp;d;</code>,1,0.0003984
297,h&aelig;fdon,<code>h&amp;ae;fdon</code>,1,0.0003984
297,h&aelig;lendes,<code>h&amp;ae;lendes</code>,1,0.0003984
297,h&aelig;r,<code>h&amp;ae;r</code>,1,0.0003984
297,habban,<code>habban</code>,1,0.0003984
297,halwendum,<code>halwendum</code>,1,0.0003984
297,hate,<code>hate</code>,1,0.0003984
297,hatte,<code>hatte</code>,1,0.0003984
297,heafdes,<code>heafdes</code>,1,0.0003984
297,heafodleahtrum,<code>heafodleahtrum</code>,1,0.0003984
297,healfne,<code>healfne</code>,1,0.0003984
297,healtan,<code>healtan</code>,1,0.0003984
297,helwara,<code>helwara</code>,1,0.0003984
297,heofenan,<code>heofenan</code>,1,0.0003984
297,hera&eth;,<code>hera&amp;d;</code>,1,0.0003984
297,here,<code>here</code>,1,0.0003984
297,herodem,<code>herodem</code>,1,0.0003984
297,hete,<code>hete</code>,1,0.0003984
297,hierusalem,<code>hierusalem</code>,1,0.0003984
297,hileaste,<code>hileaste</code>,1,0.0003984
297,hiwode,<code>hiwode</code>,1,0.0003984
297,hleapendan,<code>hleapendan</code>,1,0.0003984
297,hlisan,<code>hlisan</code>,1,0.0003984
297,hlystan,<code>hlystan</code>,1,0.0003984
297,hogast,<code>hogast</code>,1,0.0003984
297,hogian,<code>hogian</code>,1,0.0003984
297,hoppestran,<code>hoppestran</code>,1,0.0003984
297,hospe,<code>hospe</code>,1,0.0003984
297,hreowlice,<code>hreowlice</code>,1,0.0003984
297,hu,<code>hu</code>,1,0.0003984
297,humeta,<code>humeta</code>,1,0.0003984
297,hundeahtatig,<code>hundeahtatig</code>,1,0.0003984
297,hw&aelig;s,<code>hw&amp;ae;s</code>,1,0.0003984
297,hweles,<code>hweles</code>,1,0.0003984
297,hwene,<code>hwene</code>,1,0.0003984
297,hwilwendan,<code>hwilwendan</code>,1,0.0003984
297,hwit,<code>hwit</code>,1,0.0003984
297,idelum,<code>idelum</code>,1,0.0003984
297,iiii,<code>iiii</code>,1,0.0003984
297,in,<code>in</code>,1,0.0003984
297,inno&eth;e,<code>inno&amp;d;e</code>,1,0.0003984
297,intinga,<code>intinga</code>,1,0.0003984
297,intingan,<code>intingan</code>,1,0.0003984
297,into,<code>into</code>,1,0.0003984
297,iohannis,<code>iohannis</code>,1,0.0003984
297,ionas,<code>ionas</code>,1,0.0003984
297,iosephus,<code>iosephus</code>,1,0.0003984
297,iudeiscum,<code>iudeiscum</code>,1,0.0003984
297,kalendas,<code>kalendas</code>,1,0.0003984
297,l&aelig;fde,<code>l&amp;ae;fde</code>,1,0.0003984
297,l&aelig;g,<code>l&amp;ae;g</code>,1,0.0003984
297,l&aelig;ssan,<code>l&amp;ae;ssan</code>,1,0.0003984
297,l&aelig;sse,<code>l&amp;ae;sse</code>,1,0.0003984
297,lande,<code>lande</code>,1,0.0003984
297,langere,<code>langere</code>,1,0.0003984
297,langum,<code>langum</code>,1,0.0003984
297,lease,<code>lease</code>,1,0.0003984
297,ledon,<code>ledon</code>,1,0.0003984
297,leo,<code>leo</code>,1,0.0003984
297,leofode,<code>leofode</code>,1,0.0003984
297,leomu,<code>leomu</code>,1,0.0003984
297,leon,<code>leon</code>,1,0.0003984
297,leonum,<code>leonum</code>,1,0.0003984
297,leornia&eth;,<code>leornia&amp;d;</code>,1,0.0003984
297,liflic,<code>liflic</code>,1,0.0003984
297,liflice,<code>liflice</code>,1,0.0003984
297,loca,<code>loca</code>,1,0.0003984
297,lucas,<code>lucas</code>,1,0.0003984
297,ly&eth;ran,<code>ly&amp;d;ran</code>,1,0.0003984
297,lybban,<code>lybban</code>,1,0.0003984
297,lyma,<code>lyma</code>,1,0.0003984
297,lytle,<code>lytle</code>,1,0.0003984
297,m&aelig;denes,<code>m&amp;ae;denes</code>,1,0.0003984
297,m&aelig;gnum,<code>m&amp;ae;gnum</code>,1,0.0003984
297,m&aelig;res,<code>m&amp;ae;res</code>,1,0.0003984
297,m&aelig;resta,<code>m&amp;ae;resta</code>,1,0.0003984
297,m&aelig;rra,<code>m&amp;ae;rra</code>,1,0.0003984
297,m&aelig;rsunge,<code>m&amp;ae;rsunge</code>,1,0.0003984
297,m&aelig;rsungum,<code>m&amp;ae;rsungum</code>,1,0.0003984
297,ma&eth;m,<code>ma&amp;d;m</code>,1,0.0003984
297,macherunta,<code>macherunta</code>,1,0.0003984
297,man,<code>man</code>,1,0.0003984
297,mana&eth;,<code>mana&amp;d;</code>,1,0.0003984
297,mancynnes,<code>mancynnes</code>,1,0.0003984
297,mand&aelig;dum,<code>mand&amp;ae;dum</code>,1,0.0003984
297,manfulles,<code>manfulles</code>,1,0.0003984
297,manfullic,<code>manfullic</code>,1,0.0003984
297,mann,<code>mann</code>,1,0.0003984
297,mansliht,<code>mansliht</code>,1,0.0003984
297,manslihte,<code>manslihte</code>,1,0.0003984
297,manswara,<code>manswara</code>,1,0.0003984
297,marcvs,<code>marcvs</code>,1,0.0003984
297,martyrdome,<code>martyrdome</code>,1,0.0003984
297,mede,<code>mede</code>,1,0.0003984
297,meder,<code>meder</code>,1,0.0003984
297,menige,<code>menige</code>,1,0.0003984
297,menigfealdum,<code>menigfealdum</code>,1,0.0003984
297,meniu,<code>meniu</code>,1,0.0003984
297,merigenlic,<code>merigenlic</code>,1,0.0003984
297,micelne,<code>micelne</code>,1,0.0003984
297,middaneard,<code>middaneard</code>,1,0.0003984
297,middanearde,<code>middanearde</code>,1,0.0003984
297,mihi,<code>mihi</code>,1,0.0003984
297,miht,<code>miht</code>,1,0.0003984
297,mildheorta,<code>mildheorta</code>,1,0.0003984
297,minne,<code>minne</code>,1,0.0003984
297,misit,<code>misit</code>,1,0.0003984
297,mislicum,<code>mislicum</code>,1,0.0003984
297,moder,<code>moder</code>,1,0.0003984
297,modignysse,<code>modignysse</code>,1,0.0003984
297,moton,<code>moton</code>,1,0.0003984
297,munecum,<code>munecum</code>,1,0.0003984
297,mynegunge,<code>mynegunge</code>,1,0.0003984
297,mynegungum,<code>mynegungum</code>,1,0.0003984
297,n&aelig;ddercynne,<code>n&amp;ae;ddercynne</code>,1,0.0003984
297,n&aelig;nne,<code>n&amp;ae;nne</code>,1,0.0003984
297,n&aelig;s,<code>n&amp;ae;s</code>,1,0.0003984
297,nabal,<code>nabal</code>,1,0.0003984
297,nabo&eth;,<code>nabo&amp;d;</code>,1,0.0003984
297,nane,<code>nane</code>,1,0.0003984
297,nanre,<code>nanre</code>,1,0.0003984
297,nat,<code>nat</code>,1,0.0003984
297,nella&eth;,<code>nella&amp;d;</code>,1,0.0003984
297,neoda,<code>neoda</code>,1,0.0003984
297,neode,<code>neode</code>,1,0.0003984
297,nihte,<code>nihte</code>,1,0.0003984
297,ny&thorn;er,<code>ny&amp;t;er</code>,1,0.0003984
297,o&eth;,<code>o&amp;d;</code>,1,0.0003984
297,o&thorn;&eth;e,<code>o&amp;t;&amp;d;e</code>,1,0.0003984
297,o&thorn;er,<code>o&amp;t;er</code>,1,0.0003984
297,o&thorn;re,<code>o&amp;t;re</code>,1,0.0003984
297,oferscyt,<code>oferscyt</code>,1,0.0003984
297,oferspecum,<code>oferspecum</code>,1,0.0003984
297,ofslean,<code>ofslean</code>,1,0.0003984
297,ofslegen,<code>ofslegen</code>,1,0.0003984
297,oft,<code>oft</code>,1,0.0003984
297,ol&aelig;c&eth;,<code>ol&amp;ae;c&amp;d;</code>,1,0.0003984
297,ol&aelig;cunge,<code>ol&amp;ae;cunge</code>,1,0.0003984
297,ondr&aelig;da&eth;,<code>ondr&amp;ae;da&amp;d;</code>,1,0.0003984
297,ondredon,<code>ondredon</code>,1,0.0003984
297,ons&aelig;gednyss,<code>ons&amp;ae;gednyss</code>,1,0.0003984
297,ons&aelig;gednysse,<code>ons&amp;ae;gednysse</code>,1,0.0003984
297,onwreah,<code>onwreah</code>,1,0.0003984
297,philippe,<code>philippe</code>,1,0.0003984
297,pilate,<code>pilate</code>,1,0.0003984
297,plega,<code>plega</code>,1,0.0003984
297,plegan,<code>plegan</code>,1,0.0003984
297,pleolican,<code>pleolican</code>,1,0.0003984
297,r&aelig;dinge,<code>r&amp;ae;dinge</code>,1,0.0003984
297,r&aelig;dlicor,<code>r&amp;ae;dlicor</code>,1,0.0003984
297,r&aelig;hte,<code>r&amp;ae;hte</code>,1,0.0003984
297,re&thorn;re,<code>re&amp;t;re</code>,1,0.0003984
297,reliqua,<code>reliqua</code>,1,0.0003984
297,reoflige,<code>reoflige</code>,1,0.0003984
297,riht,<code>riht</code>,1,0.0003984
297,rihte,<code>rihte</code>,1,0.0003984
297,rihtwis,<code>rihtwis</code>,1,0.0003984
297,rihtwisan,<code>rihtwisan</code>,1,0.0003984
297,rihtwisnysse,<code>rihtwisnysse</code>,1,0.0003984
297,rixa&eth;,<code>rixa&amp;d;</code>,1,0.0003984
297,rixode,<code>rixode</code>,1,0.0003984
297,s&aelig;,<code>s&amp;ae;</code>,1,0.0003984
297,s&aelig;gne,<code>s&amp;ae;gne</code>,1,0.0003984
297,s&aelig;wst,<code>s&amp;ae;wst</code>,1,0.0003984
297,salomon,<code>salomon</code>,1,0.0003984
297,samaritaniscum,<code>samaritaniscum</code>,1,0.0003984
297,samod,<code>samod</code>,1,0.0003984
297,samson,<code>samson</code>,1,0.0003984
297,sancti,<code>sancti</code>,1,0.0003984
297,sarnys,<code>sarnys</code>,1,0.0003984
297,sc&aelig;&eth;e,<code>sc&amp;ae;&amp;d;e</code>,1,0.0003984
297,scealt,<code>scealt</code>,1,0.0003984
297,sceawia&eth;,<code>sceawia&amp;d;</code>,1,0.0003984
297,sceole,<code>sceole</code>,1,0.0003984
297,sceopon,<code>sceopon</code>,1,0.0003984
297,scortlice,<code>scortlice</code>,1,0.0003984
297,scylda,<code>scylda</code>,1,0.0003984
297,sea&eth;e,<code>sea&amp;d;e</code>,1,0.0003984
297,sealde,<code>sealde</code>,1,0.0003984
297,sebaste,<code>sebaste</code>,1,0.0003984
297,sende,<code>sende</code>,1,0.0003984
297,septembris,<code>septembris</code>,1,0.0003984
297,sigef&aelig;stum,<code>sigef&amp;ae;stum</code>,1,0.0003984
297,sinscipes,<code>sinscipes</code>,1,0.0003984
297,slapa&eth;,<code>slapa&amp;d;</code>,1,0.0003984
297,slege,<code>slege</code>,1,0.0003984
297,snoteran,<code>snoteran</code>,1,0.0003984
297,snotornysse,<code>snotornysse</code>,1,0.0003984
297,so&eth;,<code>so&amp;d;</code>,1,0.0003984
297,so&eth;f&aelig;stnyss,<code>so&amp;d;f&amp;ae;stnyss</code>,1,0.0003984
297,spr&aelig;ce,<code>spr&amp;ae;ce</code>,1,0.0003984
297,sta&thorn;olf&aelig;stnysse,<code>sta&amp;t;olf&amp;ae;stnysse</code>,1,0.0003984
297,standa&eth;,<code>standa&amp;d;</code>,1,0.0003984
297,stede,<code>stede</code>,1,0.0003984
297,stent,<code>stent</code>,1,0.0003984
297,stowe,<code>stowe</code>,1,0.0003984
297,strangan,<code>strangan</code>,1,0.0003984
297,stuntan,<code>stuntan</code>,1,0.0003984
297,stuntnysse,<code>stuntnysse</code>,1,0.0003984
297,sumere,<code>sumere</code>,1,0.0003984
297,sumne,<code>sumne</code>,1,0.0003984
297,sumum,<code>sumum</code>,1,0.0003984
297,suna,<code>suna</code>,1,0.0003984
297,sweltan,<code>sweltan</code>,1,0.0003984
297,sweltende,<code>sweltende</code>,1,0.0003984
297,swerian,<code>swerian</code>,1,0.0003984
297,swerige,<code>swerige</code>,1,0.0003984
297,swi&eth;e,<code>swi&amp;d;e</code>,1,0.0003984
297,swi&eth;or,<code>swi&amp;d;or</code>,1,0.0003984
297,swicole,<code>swicole</code>,1,0.0003984
297,swilcne,<code>swilcne</code>,1,0.0003984
297,swincan,<code>swincan</code>,1,0.0003984
297,swurd,<code>swurd</code>,1,0.0003984
297,swutelunge,<code>swutelunge</code>,1,0.0003984
297,swylcum,<code>swylcum</code>,1,0.0003984
297,sy,<code>sy</code>,1,0.0003984
297,sylfum,<code>sylfum</code>,1,0.0003984
297,symle,<code>symle</code>,1,0.0003984
297,syn,<code>syn</code>,1,0.0003984
297,syngast,<code>syngast</code>,1,0.0003984
297,syrwde,<code>syrwde</code>,1,0.0003984
297,syrwungum,<code>syrwungum</code>,1,0.0003984
297,tealdon,<code>tealdon</code>,1,0.0003984
297,tenuit,<code>tenuit</code>,1,0.0003984
297,teolast,<code>teolast</code>,1,0.0003984
297,tetrahch&#275;,<code>tetrahch&amp;e;</code>,1,0.0003984
297,ti&thorn;a,<code>ti&amp;t;a</code>,1,0.0003984
297,tobr&aelig;ce,<code>tobr&amp;ae;ce</code>,1,0.0003984
297,tobrytte,<code>tobrytte</code>,1,0.0003984
297,tocyme,<code>tocyme</code>,1,0.0003984
297,toweard,<code>toweard</code>,1,0.0003984
297,toweardan,<code>toweardan</code>,1,0.0003984
297,toweardne,<code>toweardne</code>,1,0.0003984
297,trahtnere,<code>trahtnere</code>,1,0.0003984
297,trahtnunge,<code>trahtnunge</code>,1,0.0003984
297,twegen,<code>twegen</code>,1,0.0003984
297,tyn,<code>tyn</code>,1,0.0003984
297,un&thorn;&aelig;slicum,<code>un&amp;t;&amp;ae;slicum</code>,1,0.0003984
297,uncl&aelig;nan,<code>uncl&amp;ae;nan</code>,1,0.0003984
297,underfeh&eth;,<code>underfeh&amp;d;</code>,1,0.0003984
297,underfeng,<code>underfeng</code>,1,0.0003984
297,unformolten,<code>unformolten</code>,1,0.0003984
297,ungederod,<code>ungederod</code>,1,0.0003984
297,ungeendod,<code>ungeendod</code>,1,0.0003984
297,ungerime,<code>ungerime</code>,1,0.0003984
297,unges&aelig;lige,<code>unges&amp;ae;lige</code>,1,0.0003984
297,ungesome,<code>ungesome</code>,1,0.0003984
297,ungewemmed,<code>ungewemmed</code>,1,0.0003984
297,unhyhst,<code>unhyhst</code>,1,0.0003984
297,unrotne,<code>unrotne</code>,1,0.0003984
297,unst&aelig;&eth;&thorn;igan,<code>unst&amp;ae;&amp;d;&amp;t;igan</code>,1,0.0003984
297,untruman,<code>untruman</code>,1,0.0003984
297,unw&aelig;rlice,<code>unw&amp;ae;rlice</code>,1,0.0003984
297,upspring,<code>upspring</code>,1,0.0003984
297,ures,<code>ures</code>,1,0.0003984
297,utf&aelig;re,<code>utf&amp;ae;re</code>,1,0.0003984
297,w&aelig;da,<code>w&amp;ae;da</code>,1,0.0003984
297,w&aelig;lhreawan,<code>w&amp;ae;lhreawan</code>,1,0.0003984
297,w&aelig;lhreowre,<code>w&amp;ae;lhreowre</code>,1,0.0003984
297,w&aelig;stm,<code>w&amp;ae;stm</code>,1,0.0003984
297,w&aelig;stme,<code>w&amp;ae;stme</code>,1,0.0003984
297,wacia&eth;,<code>wacia&amp;d;</code>,1,0.0003984
297,wast,<code>wast</code>,1,0.0003984
297,weal,<code>weal</code>,1,0.0003984
297,weall,<code>weall</code>,1,0.0003984
297,wende,<code>wende</code>,1,0.0003984
297,weolde,<code>weolde</code>,1,0.0003984
297,wer,<code>wer</code>,1,0.0003984
297,werignys,<code>werignys</code>,1,0.0003984
297,westene,<code>westene</code>,1,0.0003984
297,wexst,<code>wexst</code>,1,0.0003984
297,wi&eth;cwe&thorn;an,<code>wi&amp;d;cwe&amp;t;an</code>,1,0.0003984
297,wi&eth;cwe&thorn;on,<code>wi&amp;d;cwe&amp;t;on</code>,1,0.0003984
297,wi&eth;metene,<code>wi&amp;d;metene</code>,1,0.0003984
297,wi&eth;metenne,<code>wi&amp;d;metenne</code>,1,0.0003984
297,wi&eth;soce,<code>wi&amp;d;soce</code>,1,0.0003984
297,wifa,<code>wifa</code>,1,0.0003984
297,wildedeor,<code>wildedeor</code>,1,0.0003984
297,wildeora,<code>wildeora</code>,1,0.0003984
297,wile,<code>wile</code>,1,0.0003984
297,wilna&eth;,<code>wilna&amp;d;</code>,1,0.0003984
297,windum,<code>windum</code>,1,0.0003984
297,witum,<code>witum</code>,1,0.0003984
297,wodum,<code>wodum</code>,1,0.0003984
297,woldest,<code>woldest</code>,1,0.0003984
297,woldon,<code>woldon</code>,1,0.0003984
297,word,<code>word</code>,1,0.0003984
297,worde,<code>worde</code>,1,0.0003984
297,wordum,<code>wordum</code>,1,0.0003984
297,woruld,<code>woruld</code>,1,0.0003984
297,wr&aelig;cful,<code>wr&amp;ae;cful</code>,1,0.0003984
297,wr&aelig;cfulle,<code>wr&amp;ae;cfulle</code>,1,0.0003984
297,wrehton,<code>wrehton</code>,1,0.0003984
297,wuldor,<code>wuldor</code>,1,0.0003984
297,wuldre,<code>wuldre</code>,1,0.0003984
297,wuna&eth;,<code>wuna&amp;d;</code>,1,0.0003984
297,wunia&eth;,<code>wunia&amp;d;</code>,1,0.0003984
297,wunienne,<code>wunienne</code>,1,0.0003984
297,wunode,<code>wunode</code>,1,0.0003984
297,wur&eth;mynte,<code>wur&amp;d;mynte</code>,1,0.0003984
297,wurmcynne,<code>wurmcynne</code>,1,0.0003984
297,wyfst,<code>wyfst</code>,1,0.0003984
297,wyrcan,<code>wyrcan</code>,1,0.0003984
297,wyrce,<code>wyrce</code>,1,0.0003984
297,wyrdwritere,<code>wyrdwritere</code>,1,0.0003984
297,wyrmcynn,<code>wyrmcynn</code>,1,0.0003984
297,yfelan,<code>yfelan</code>,1,0.0003984
297,yfele,<code>yfele</code>,1,0.0003984
297,yfelnysse,<code>yfelnysse</code>,1,0.0003984
297,ylca,<code>ylca</code>,1,0.0003984
297,ylcan,<code>ylcan</code>,1,0.0003984
297,ylde,<code>ylde</code>,1,0.0003984
297,yrfenuma,<code>yrfenuma</code>,1,0.0003984
297,yrnst,<code>yrnst</code>,1,0.0003984
