B_Prose,B01,B01.002.042_AECHom_II__39.1_T02920.txt,1237,884,3246
RANK,HTML WORD,RAW WORD,COUNT,RELATIVE FREQUENCY
1,and,<code>and</code>,135,0.0415896
2,he,<code>he</code>,106,0.0326556
3,on,<code>on</code>,94,0.0289587
4,his,<code>his</code>,83,0.0255699
5,&eth;a,<code>&amp;d;a</code>,81,0.0249538
6,mid,<code>mid</code>,73,0.0224892
7,to,<code>to</code>,68,0.0209489
8,&thorn;&aelig;t,<code>&amp;t;&amp;ae;t</code>,60,0.0184843
9,se,<code>se</code>,49,0.0150955
10,&eth;am,<code>&amp;d;am</code>,44,0.0135551
11,swa,<code>swa</code>,43,0.0132471
12,&thorn;a,<code>&amp;t;a</code>,35,0.0107825
12,hine,<code>hine</code>,35,0.0107825
14,martinus,<code>martinus</code>,30,0.0092421
15,&eth;e,<code>&amp;d;e</code>,24,0.0073937
16,hi,<code>hi</code>,23,0.0070856
16,him,<code>him</code>,23,0.0070856
16,ne,<code>ne</code>,23,0.0070856
16,w&aelig;s,<code>w&amp;ae;s</code>,23,0.0070856
20,&thorn;e,<code>&amp;t;e</code>,22,0.0067776
21,wear&eth;,<code>wear&amp;d;</code>,21,0.0064695
22,&thorn;&aelig;s,<code>&amp;t;&amp;ae;s</code>,19,0.0058534
22,heora,<code>heora</code>,19,0.0058534
24,&thorn;am,<code>&amp;t;am</code>,18,0.0055453
25,of,<code>of</code>,17,0.0052372
26,halgan,<code>halgan</code>,16,0.0049291
27,&aelig;r,<code>&amp;ae;r</code>,15,0.0046211
27,for,<code>for</code>,15,0.0046211
27,fram,<code>fram</code>,15,0.0046211
30,&thorn;urh,<code>&amp;t;urh</code>,14,0.0043130
30,ac,<code>ac</code>,14,0.0043130
30,sona,<code>sona</code>,14,0.0043130
33,eac,<code>eac</code>,13,0.0040049
34,halga,<code>halga</code>,12,0.0036969
34,wolde,<code>wolde</code>,12,0.0036969
36,&aelig;fter,<code>&amp;ae;fter</code>,11,0.0033888
36,&eth;&aelig;re,<code>&amp;d;&amp;ae;re</code>,11,0.0033888
36,&eth;one,<code>&amp;d;one</code>,11,0.0033888
36,sum,<code>sum</code>,11,0.0033888
40,&eth;isum,<code>&amp;d;isum</code>,10,0.0030807
40,&eth;urh,<code>&amp;d;urh</code>,10,0.0030807
40,an,<code>an</code>,10,0.0030807
40,w&aelig;re,<code>w&amp;ae;re</code>,10,0.0030807
44,biscop,<code>biscop</code>,9,0.0027726
44,hit,<code>hit</code>,9,0.0027726
44,life,<code>life</code>,9,0.0027726
47,&aelig;t,<code>&amp;ae;t</code>,8,0.0024646
47,&eth;&aelig;s,<code>&amp;d;&amp;ae;s</code>,8,0.0024646
47,cw&aelig;&eth;,<code>cw&amp;ae;&amp;d;</code>,8,0.0024646
47,ealle,<code>ealle</code>,8,0.0024646
47,eallum,<code>eallum</code>,8,0.0024646
47,gode,<code>gode</code>,8,0.0024646
47,hw&aelig;t,<code>hw&amp;ae;t</code>,8,0.0024646
47,si&eth;&eth;an,<code>si&amp;d;&amp;d;an</code>,8,0.0024646
47,swilce,<code>swilce</code>,8,0.0024646
56,&eth;&aelig;r,<code>&amp;d;&amp;ae;r</code>,7,0.0021565
56,&thorn;&aelig;r,<code>&amp;t;&amp;ae;r</code>,7,0.0021565
56,&thorn;&aelig;re,<code>&amp;t;&amp;ae;re</code>,7,0.0021565
56,eft,<code>eft</code>,7,0.0021565
56,gyt,<code>gyt</code>,7,0.0021565
56,micclum,<code>micclum</code>,7,0.0021565
56,n&aelig;s,<code>n&amp;ae;s</code>,7,0.0021565
56,swi&eth;e,<code>swi&amp;d;e</code>,7,0.0021565
56,w&aelig;ron,<code>w&amp;ae;ron</code>,7,0.0021565
56,ylcan,<code>ylcan</code>,7,0.0021565
66,&thorn;eah,<code>&amp;t;eah</code>,6,0.0018484
66,&thorn;one,<code>&amp;t;one</code>,6,0.0018484
66,buton,<code>buton</code>,6,0.0018484
66,gewat,<code>gewat</code>,6,0.0018484
66,god,<code>god</code>,6,0.0018484
66,het,<code>het</code>,6,0.0018484
66,is,<code>is</code>,6,0.0018484
66,lare,<code>lare</code>,6,0.0018484
66,man,<code>man</code>,6,0.0018484
66,mannum,<code>mannum</code>,6,0.0018484
66,martines,<code>martines</code>,6,0.0018484
66,o&eth;,<code>o&amp;d;</code>,6,0.0018484
66,s&aelig;de,<code>s&amp;ae;de</code>,6,0.0018484
66,seo,<code>seo</code>,6,0.0018484
66,wer,<code>wer</code>,6,0.0018484
81,byrig,<code>byrig</code>,5,0.0015404
81,deofol,<code>deofol</code>,5,0.0015404
81,drihten,<code>drihten</code>,5,0.0015404
81,f&aelig;der,<code>f&amp;ae;der</code>,5,0.0015404
81,ferde,<code>ferde</code>,5,0.0015404
81,geleafan,<code>geleafan</code>,5,0.0015404
81,gif,<code>gif</code>,5,0.0015404
81,h&aelig;&eth;en,<code>h&amp;ae;&amp;d;en</code>,5,0.0015404
81,huse,<code>huse</code>,5,0.0015404
81,ic,<code>ic</code>,5,0.0015404
81,na,<code>na</code>,5,0.0015404
81,ongean,<code>ongean</code>,5,0.0015404
81,sylfne,<code>sylfne</code>,5,0.0015404
81,we,<code>we</code>,5,0.0015404
81,were,<code>were</code>,5,0.0015404
81,wi&eth;,<code>wi&amp;d;</code>,5,0.0015404
97,&aelig;nne,<code>&amp;ae;nne</code>,4,0.0012323
97,&eth;an,<code>&amp;d;an</code>,4,0.0012323
97,&eth;eah,<code>&amp;d;eah</code>,4,0.0012323
97,&eth;ing,<code>&amp;d;ing</code>,4,0.0012323
97,ar&aelig;rde,<code>ar&amp;ae;rde</code>,4,0.0012323
97,aweg,<code>aweg</code>,4,0.0012323
97,b&aelig;d,<code>b&amp;ae;d</code>,4,0.0012323
97,com,<code>com</code>,4,0.0012323
97,dea&eth;e,<code>dea&amp;d;e</code>,4,0.0012323
97,englas,<code>englas</code>,4,0.0012323
97,folc,<code>folc</code>,4,0.0012323
97,gebedum,<code>gebedum</code>,4,0.0012323
97,gehende,<code>gehende</code>,4,0.0012323
97,gehwilce,<code>gehwilce</code>,4,0.0012323
97,gesih&eth;e,<code>gesih&amp;d;e</code>,4,0.0012323
97,gewinne,<code>gewinne</code>,4,0.0012323
97,h&aelig;&eth;enan,<code>h&amp;ae;&amp;d;enan</code>,4,0.0012323
97,h&aelig;lend,<code>h&amp;ae;lend</code>,4,0.0012323
97,handa,<code>handa</code>,4,0.0012323
97,heofenum,<code>heofenum</code>,4,0.0012323
97,hu,<code>hu</code>,4,0.0012323
97,hwilon,<code>hwilon</code>,4,0.0012323
97,me,<code>me</code>,4,0.0012323
97,mode,<code>mode</code>,4,0.0012323
97,nan,<code>nan</code>,4,0.0012323
97,nolde,<code>nolde</code>,4,0.0012323
97,symle,<code>symle</code>,4,0.0012323
97,timan,<code>timan</code>,4,0.0012323
97,wende,<code>wende</code>,4,0.0012323
97,worulde,<code>worulde</code>,4,0.0012323
97,wurdon,<code>wurdon</code>,4,0.0012323
128,&eth;earfan,<code>&amp;d;earfan</code>,3,0.0009242
128,&eth;onne,<code>&amp;d;onne</code>,3,0.0009242
128,&eth;u,<code>&amp;d;u</code>,3,0.0009242
128,&thorn;earle,<code>&amp;t;earle</code>,3,0.0009242
128,&thorn;u,<code>&amp;t;u</code>,3,0.0009242
128,a,<code>a</code>,3,0.0009242
128,ahredde,<code>ahredde</code>,3,0.0009242
128,anre,<code>anre</code>,3,0.0009242
128,be,<code>be</code>,3,0.0009242
128,beon,<code>beon</code>,3,0.0009242
128,blisse,<code>blisse</code>,3,0.0009242
128,casere,<code>casere</code>,3,0.0009242
128,criste,<code>criste</code>,3,0.0009242
128,endemes,<code>endemes</code>,3,0.0009242
128,eor&eth;an,<code>eor&amp;d;an</code>,3,0.0009242
128,f&aelig;rlice,<code>f&amp;ae;rlice</code>,3,0.0009242
128,forlet,<code>forlet</code>,3,0.0009242
128,geara,<code>geara</code>,3,0.0009242
128,geb&aelig;d,<code>geb&amp;ae;d</code>,3,0.0009242
128,gefeohte,<code>gefeohte</code>,3,0.0009242
128,gefullod,<code>gefullod</code>,3,0.0009242
128,geh&aelig;lde,<code>geh&amp;ae;lde</code>,3,0.0009242
128,gehalgod,<code>gehalgod</code>,3,0.0009242
128,gelamp,<code>gelamp</code>,3,0.0009242
128,gelome,<code>gelome</code>,3,0.0009242
128,geseah,<code>geseah</code>,3,0.0009242
128,geswenct,<code>geswenct</code>,3,0.0009242
128,godes,<code>godes</code>,3,0.0009242
128,h&aelig;&eth;enscipe,<code>h&amp;ae;&amp;d;enscipe</code>,3,0.0009242
128,halig,<code>halig</code>,3,0.0009242
128,healicum,<code>healicum</code>,3,0.0009242
128,helme,<code>helme</code>,3,0.0009242
128,hire,<code>hire</code>,3,0.0009242
128,leofode,<code>leofode</code>,3,0.0009242
128,lic,<code>lic</code>,3,0.0009242
128,lifigendan,<code>lifigendan</code>,3,0.0009242
128,manega,<code>manega</code>,3,0.0009242
128,men,<code>men</code>,3,0.0009242
128,mihte,<code>mihte</code>,3,0.0009242
128,mihton,<code>mihton</code>,3,0.0009242
128,mislicum,<code>mislicum</code>,3,0.0009242
128,mynstre,<code>mynstre</code>,3,0.0009242
128,nihte,<code>nihte</code>,3,0.0009242
128,o&eth;&eth;e,<code>o&amp;d;&amp;d;e</code>,3,0.0009242
128,ongann,<code>ongann</code>,3,0.0009242
128,sceolde,<code>sceolde</code>,3,0.0009242
128,si&eth;ode,<code>si&amp;d;ode</code>,3,0.0009242
128,so&eth;re,<code>so&amp;d;re</code>,3,0.0009242
128,stowe,<code>stowe</code>,3,0.0009242
128,turonisce,<code>turonisce</code>,3,0.0009242
128,us,<code>us</code>,3,0.0009242
128,weres,<code>weres</code>,3,0.0009242
128,wunode,<code>wunode</code>,3,0.0009242
128,ylde,<code>ylde</code>,3,0.0009242
128,ymbe,<code>ymbe</code>,3,0.0009242
183,&aelig;nig,<code>&amp;ae;nig</code>,2,0.0006161
183,&aelig;rest,<code>&amp;ae;rest</code>,2,0.0006161
183,&aelig;teowode,<code>&amp;ae;teowode</code>,2,0.0006161
183,&eth;&aelig;ra,<code>&amp;d;&amp;ae;ra</code>,2,0.0006161
183,&eth;earle,<code>&amp;d;earle</code>,2,0.0006161
183,&eth;ider,<code>&amp;d;ider</code>,2,0.0006161
183,&eth;ine,<code>&amp;d;ine</code>,2,0.0006161
183,&thorn;onne,<code>&amp;t;onne</code>,2,0.0006161
183,afyrht,<code>afyrht</code>,2,0.0006161
183,alyfed,<code>alyfed</code>,2,0.0006161
183,andwerdnysse,<code>andwerdnysse</code>,2,0.0006161
183,andwyrde,<code>andwyrde</code>,2,0.0006161
183,anum,<code>anum</code>,2,0.0006161
183,aras,<code>aras</code>,2,0.0006161
183,arleas,<code>arleas</code>,2,0.0006161
183,arn,<code>arn</code>,2,0.0006161
183,asprang,<code>asprang</code>,2,0.0006161
183,astrehte,<code>astrehte</code>,2,0.0006161
183,awed,<code>awed</code>,2,0.0006161
183,awende,<code>awende</code>,2,0.0006161
183,b&aelig;ron,<code>b&amp;ae;ron</code>,2,0.0006161
183,beah,<code>beah</code>,2,0.0006161
183,befran,<code>befran</code>,2,0.0006161
183,bene,<code>bene</code>,2,0.0006161
183,betwux,<code>betwux</code>,2,0.0006161
183,bew&aelig;fde,<code>bew&amp;ae;fde</code>,2,0.0006161
183,biddende,<code>biddende</code>,2,0.0006161
183,caseres,<code>caseres</code>,2,0.0006161
183,cempa,<code>cempa</code>,2,0.0006161
183,cempan,<code>cempan</code>,2,0.0006161
183,cempena,<code>cempena</code>,2,0.0006161
183,cnapa,<code>cnapa</code>,2,0.0006161
183,come,<code>come</code>,2,0.0006161
183,comon,<code>comon</code>,2,0.0006161
183,cr&aelig;ft,<code>cr&amp;ae;ft</code>,2,0.0006161
183,cyrcan,<code>cyrcan</code>,2,0.0006161
183,digelnysse,<code>digelnysse</code>,2,0.0006161
183,drihtne,<code>drihtne</code>,2,0.0006161
183,drihtnes,<code>drihtnes</code>,2,0.0006161
183,ea,<code>ea</code>,2,0.0006161
183,eadiga,<code>eadiga</code>,2,0.0006161
183,eadmodnysse,<code>eadmodnysse</code>,2,0.0006161
183,earde,<code>earde</code>,2,0.0006161
183,ecere,<code>ecere</code>,2,0.0006161
183,eowode,<code>eowode</code>,2,0.0006161
183,fefore,<code>fefore</code>,2,0.0006161
183,fleogende,<code>fleogende</code>,2,0.0006161
183,folces,<code>folces</code>,2,0.0006161
183,for&eth;si&eth;e,<code>for&amp;d;si&amp;d;e</code>,2,0.0006161
183,forcurfon,<code>forcurfon</code>,2,0.0006161
183,fordwan,<code>fordwan</code>,2,0.0006161
183,fornean,<code>fornean</code>,2,0.0006161
183,forwel,<code>forwel</code>,2,0.0006161
183,forwyrnde,<code>forwyrnde</code>,2,0.0006161
183,frynd,<code>frynd</code>,2,0.0006161
183,fugelas,<code>fugelas</code>,2,0.0006161
183,fulluhte,<code>fulluhte</code>,2,0.0006161
183,fyrste,<code>fyrste</code>,2,0.0006161
183,gastlicum,<code>gastlicum</code>,2,0.0006161
183,ge&eth;eah,<code>ge&amp;d;eah</code>,2,0.0006161
183,gebro&eth;rum,<code>gebro&amp;d;rum</code>,2,0.0006161
183,gebugon,<code>gebugon</code>,2,0.0006161
183,gebunden,<code>gebunden</code>,2,0.0006161
183,gecampe,<code>gecampe</code>,2,0.0006161
183,gedwyld,<code>gedwyld</code>,2,0.0006161
183,gedwylde,<code>gedwylde</code>,2,0.0006161
183,geh&aelig;fd,<code>geh&amp;ae;fd</code>,2,0.0006161
183,gehyrdon,<code>gehyrdon</code>,2,0.0006161
183,gel&aelig;d,<code>gel&amp;ae;d</code>,2,0.0006161
183,gel&aelig;hton,<code>gel&amp;ae;hton</code>,2,0.0006161
183,gelacnode,<code>gelacnode</code>,2,0.0006161
183,gemette,<code>gemette</code>,2,0.0006161
183,geniman,<code>geniman</code>,2,0.0006161
183,gereorde,<code>gereorde</code>,2,0.0006161
183,gereste,<code>gereste</code>,2,0.0006161
183,geset,<code>geset</code>,2,0.0006161
183,gesundful,<code>gesundful</code>,2,0.0006161
183,gife,<code>gife</code>,2,0.0006161
183,h&aelig;&eth;ene,<code>h&amp;ae;&amp;d;ene</code>,2,0.0006161
183,h&aelig;fde,<code>h&amp;ae;fde</code>,2,0.0006161
183,h&aelig;lendes,<code>h&amp;ae;lendes</code>,2,0.0006161
183,habban,<code>habban</code>,2,0.0006161
183,halgum,<code>halgum</code>,2,0.0006161
183,halige,<code>halige</code>,2,0.0006161
183,halwendum,<code>halwendum</code>,2,0.0006161
183,handum,<code>handum</code>,2,0.0006161
183,hatte,<code>hatte</code>,2,0.0006161
183,hearde,<code>hearde</code>,2,0.0006161
183,heo,<code>heo</code>,2,0.0006161
183,heofenan,<code>heofenan</code>,2,0.0006161
183,heold,<code>heold</code>,2,0.0006161
183,here,<code>here</code>,2,0.0006161
183,hilarium,<code>hilarium</code>,2,0.0006161
183,hiwe,<code>hiwe</code>,2,0.0006161
183,hrepunge,<code>hrepunge</code>,2,0.0006161
183,hundeahtatig,<code>hundeahtatig</code>,2,0.0006161
183,hus,<code>hus</code>,2,0.0006161
183,hwi,<code>hwi</code>,2,0.0006161
183,hwider,<code>hwider</code>,2,0.0006161
183,hynan,<code>hynan</code>,2,0.0006161
183,into,<code>into</code>,2,0.0006161
183,isene,<code>isene</code>,2,0.0006161
183,l&aelig;nan,<code>l&amp;ae;nan</code>,2,0.0006161
183,leode,<code>leode</code>,2,0.0006161
183,leoht,<code>leoht</code>,2,0.0006161
183,lifes,<code>lifes</code>,2,0.0006161
183,lig,<code>lig</code>,2,0.0006161
183,lybbende,<code>lybbende</code>,2,0.0006161
183,m&aelig;den,<code>m&amp;ae;den</code>,2,0.0006161
183,m&aelig;ran,<code>m&amp;ae;ran</code>,2,0.0006161
183,m&aelig;rlice,<code>m&amp;ae;rlice</code>,2,0.0006161
183,magum,<code>magum</code>,2,0.0006161
183,mannan,<code>mannan</code>,2,0.0006161
183,mannes,<code>mannes</code>,2,0.0006161
183,martine,<code>martine</code>,2,0.0006161
183,martinum,<code>martinum</code>,2,0.0006161
183,menn,<code>menn</code>,2,0.0006161
183,micelre,<code>micelre</code>,2,0.0006161
183,mu&eth;e,<code>mu&amp;d;e</code>,2,0.0006161
183,muneca,<code>muneca</code>,2,0.0006161
183,munuc,<code>munuc</code>,2,0.0006161
183,mynster,<code>mynster</code>,2,0.0006161
183,naht,<code>naht</code>,2,0.0006161
183,naman,<code>naman</code>,2,0.0006161
183,o&thorn;&thorn;e,<code>o&amp;t;&amp;t;e</code>,2,0.0006161
183,oft,<code>oft</code>,2,0.0006161
183,orsorh,<code>orsorh</code>,2,0.0006161
183,pictauienscisce,<code>pictauienscisce</code>,2,0.0006161
183,preostas,<code>preostas</code>,2,0.0006161
183,purpuran,<code>purpuran</code>,2,0.0006161
183,re&eth;an,<code>re&amp;d;an</code>,2,0.0006161
183,rice,<code>rice</code>,2,0.0006161
183,s&aelig;le,<code>s&amp;ae;le</code>,2,0.0006161
183,sange,<code>sange</code>,2,0.0006161
183,scea&eth;a,<code>scea&amp;d;a</code>,2,0.0006161
183,scea&eth;an,<code>scea&amp;d;an</code>,2,0.0006161
183,scealfran,<code>scealfran</code>,2,0.0006161
183,scean,<code>scean</code>,2,0.0006161
183,scinende,<code>scinende</code>,2,0.0006161
183,sealde,<code>sealde</code>,2,0.0006161
183,secgenne,<code>secgenne</code>,2,0.0006161
183,sette,<code>sette</code>,2,0.0006161
183,sind,<code>sind</code>,2,0.0006161
183,slege,<code>slege</code>,2,0.0006161
183,so&eth;an,<code>so&amp;d;an</code>,2,0.0006161
183,so&eth;lice,<code>so&amp;d;lice</code>,2,0.0006161
183,stow,<code>stow</code>,2,0.0006161
183,sume,<code>sume</code>,2,0.0006161
183,sumere,<code>sumere</code>,2,0.0006161
183,sumes,<code>sumes</code>,2,0.0006161
183,sumum,<code>sumum</code>,2,0.0006161
183,sweartum,<code>sweartum</code>,2,0.0006161
183,swi&eth;or,<code>swi&amp;d;or</code>,2,0.0006161
183,sy,<code>sy</code>,2,0.0006161
183,sylene,<code>sylene</code>,2,0.0006161
183,toweardan,<code>toweardan</code>,2,0.0006161
183,towearp,<code>towearp</code>,2,0.0006161
183,treow,<code>treow</code>,2,0.0006161
183,twam,<code>twam</code>,2,0.0006161
183,under,<code>under</code>,2,0.0006161
183,underb&aelig;c,<code>underb&amp;ae;c</code>,2,0.0006161
183,underfeng,<code>underfeng</code>,2,0.0006161
183,w&aelig;lhreowan,<code>w&amp;ae;lhreowan</code>,2,0.0006161
183,weofod,<code>weofod</code>,2,0.0006161
183,westene,<code>westene</code>,2,0.0006161
183,windes,<code>windes</code>,2,0.0006161
183,witodlice,<code>witodlice</code>,2,0.0006161
183,woldon,<code>woldon</code>,2,0.0006161
183,wope,<code>wope</code>,2,0.0006161
183,wordum,<code>wordum</code>,2,0.0006161
183,wur&eth;odon,<code>wur&amp;d;odon</code>,2,0.0006161
354,&aelig;&eth;elboren,<code>&amp;ae;&amp;d;elboren</code>,1,0.0003081
354,&aelig;&eth;ele,<code>&amp;ae;&amp;d;ele</code>,1,0.0003081
354,&aelig;&thorn;elborenum,<code>&amp;ae;&amp;t;elborenum</code>,1,0.0003081
354,&aelig;fre,<code>&amp;ae;fre</code>,1,0.0003081
354,&aelig;lmihtigan,<code>&amp;ae;lmihtigan</code>,1,0.0003081
354,&aelig;ne,<code>&amp;ae;ne</code>,1,0.0003081
354,&aelig;nigum,<code>&amp;ae;nigum</code>,1,0.0003081
354,&aelig;nlipium,<code>&amp;ae;nlipium</code>,1,0.0003081
354,&aelig;rendgewrit,<code>&amp;ae;rendgewrit</code>,1,0.0003081
354,&aelig;riste,<code>&amp;ae;riste</code>,1,0.0003081
354,&aelig;tbredan,<code>&amp;ae;tbredan</code>,1,0.0003081
354,&aelig;teowod,<code>&amp;ae;teowod</code>,1,0.0003081
354,&aelig;tslad,<code>&amp;ae;tslad</code>,1,0.0003081
354,&aelig;tsomne,<code>&amp;ae;tsomne</code>,1,0.0003081
354,&aelig;tstandan,<code>&amp;ae;tstandan</code>,1,0.0003081
354,&aelig;tstod,<code>&amp;ae;tstod</code>,1,0.0003081
354,&aelig;xe,<code>&amp;ae;xe</code>,1,0.0003081
354,&eth;&aelig;rrihte,<code>&amp;d;&amp;ae;rrihte</code>,1,0.0003081
354,&eth;eawas,<code>&amp;d;eawas</code>,1,0.0003081
354,&eth;eawum,<code>&amp;d;eawum</code>,1,0.0003081
354,&eth;egen,<code>&amp;d;egen</code>,1,0.0003081
354,&eth;enode,<code>&amp;d;enode</code>,1,0.0003081
354,&eth;enungum,<code>&amp;d;enungum</code>,1,0.0003081
354,&eth;eode,<code>&amp;d;eode</code>,1,0.0003081
354,&eth;eowa,<code>&amp;d;eowa</code>,1,0.0003081
354,&eth;eowcnapena,<code>&amp;d;eowcnapena</code>,1,0.0003081
354,&eth;eowian,<code>&amp;d;eowian</code>,1,0.0003081
354,&eth;in,<code>&amp;d;in</code>,1,0.0003081
354,&eth;inges,<code>&amp;d;inges</code>,1,0.0003081
354,&eth;ingige,<code>&amp;d;ingige</code>,1,0.0003081
354,&eth;ingr&aelig;dene,<code>&amp;d;ingr&amp;ae;dene</code>,1,0.0003081
354,&eth;inre,<code>&amp;d;inre</code>,1,0.0003081
354,&eth;ises,<code>&amp;d;ises</code>,1,0.0003081
354,&eth;reade,<code>&amp;d;reade</code>,1,0.0003081
354,&eth;reow,<code>&amp;d;reow</code>,1,0.0003081
354,&eth;rowunge,<code>&amp;d;rowunge</code>,1,0.0003081
354,&eth;rymme,<code>&amp;d;rymme</code>,1,0.0003081
354,&eth;urhgan,<code>&amp;d;urhgan</code>,1,0.0003081
354,&eth;us,<code>&amp;d;us</code>,1,0.0003081
354,&eth;wyres,<code>&amp;d;wyres</code>,1,0.0003081
354,&eth;ygde,<code>&amp;d;ygde</code>,1,0.0003081
354,&eth;yllices,<code>&amp;d;yllices</code>,1,0.0003081
354,&eth;yssere,<code>&amp;d;yssere</code>,1,0.0003081
354,&thorn;as,<code>&amp;t;as</code>,1,0.0003081
354,&thorn;earfum,<code>&amp;t;earfum</code>,1,0.0003081
354,&thorn;egen,<code>&amp;t;egen</code>,1,0.0003081
354,&thorn;inum,<code>&amp;t;inum</code>,1,0.0003081
354,&thorn;urhwacol,<code>&amp;t;urhwacol</code>,1,0.0003081
354,&thorn;us,<code>&amp;t;us</code>,1,0.0003081
354,&thorn;wyrum,<code>&amp;t;wyrum</code>,1,0.0003081
354,abad,<code>abad</code>,1,0.0003081
354,abraham,<code>abraham</code>,1,0.0003081
354,acenned,<code>acenned</code>,1,0.0003081
354,acwellan,<code>acwellan</code>,1,0.0003081
354,adlig,<code>adlig</code>,1,0.0003081
354,adligne,<code>adligne</code>,1,0.0003081
354,adune,<code>adune</code>,1,0.0003081
354,adw&aelig;scte,<code>adw&amp;ae;scte</code>,1,0.0003081
354,adwelodon,<code>adwelodon</code>,1,0.0003081
354,afed,<code>afed</code>,1,0.0003081
354,afindan,<code>afindan</code>,1,0.0003081
354,afligde,<code>afligde</code>,1,0.0003081
354,afylan,<code>afylan</code>,1,0.0003081
354,agenum,<code>agenum</code>,1,0.0003081
354,agna,<code>agna</code>,1,0.0003081
354,aheawan,<code>aheawan</code>,1,0.0003081
354,aheng,<code>aheng</code>,1,0.0003081
354,aheowon,<code>aheowon</code>,1,0.0003081
354,ahred,<code>ahred</code>,1,0.0003081
354,aht,<code>aht</code>,1,0.0003081
354,ahwar,<code>ahwar</code>,1,0.0003081
354,ahyld,<code>ahyld</code>,1,0.0003081
354,al&aelig;ndon,<code>al&amp;ae;ndon</code>,1,0.0003081
354,aleat,<code>aleat</code>,1,0.0003081
354,alysde,<code>alysde</code>,1,0.0003081
354,ameldod,<code>ameldod</code>,1,0.0003081
354,amen,<code>amen</code>,1,0.0003081
354,an&thorn;r&aelig;cum,<code>an&amp;t;r&amp;ae;cum</code>,1,0.0003081
354,ana,<code>ana</code>,1,0.0003081
354,andetere,<code>andetere</code>,1,0.0003081
354,andode,<code>andode</code>,1,0.0003081
354,andwerdum,<code>andwerdum</code>,1,0.0003081
354,andwlita,<code>andwlita</code>,1,0.0003081
354,ane,<code>ane</code>,1,0.0003081
354,anes,<code>anes</code>,1,0.0003081
354,anmodlice,<code>anmodlice</code>,1,0.0003081
354,anr&aelig;dnysse,<code>anr&amp;ae;dnysse</code>,1,0.0003081
354,ansundre,<code>ansundre</code>,1,0.0003081
354,apostolum,<code>apostolum</code>,1,0.0003081
354,ardlice,<code>ardlice</code>,1,0.0003081
354,arf&aelig;stnys,<code>arf&amp;ae;stnys</code>,1,0.0003081
354,arrianes,<code>arrianes</code>,1,0.0003081
354,asende,<code>asende</code>,1,0.0003081
354,astah,<code>astah</code>,1,0.0003081
354,astyrede,<code>astyrede</code>,1,0.0003081
354,ateah,<code>ateah</code>,1,0.0003081
354,atelic,<code>atelic</code>,1,0.0003081
354,atelicum,<code>atelicum</code>,1,0.0003081
354,atogenum,<code>atogenum</code>,1,0.0003081
354,attre,<code>attre</code>,1,0.0003081
354,attres,<code>attres</code>,1,0.0003081
354,awendan,<code>awendan</code>,1,0.0003081
354,aworpen,<code>aworpen</code>,1,0.0003081
354,awrehte,<code>awrehte</code>,1,0.0003081
354,awritan,<code>awritan</code>,1,0.0003081
354,awurpon,<code>awurpon</code>,1,0.0003081
354,awyrgeda,<code>awyrgeda</code>,1,0.0003081
354,awyrigedan,<code>awyrigedan</code>,1,0.0003081
354,axian,<code>axian</code>,1,0.0003081
354,axode,<code>axode</code>,1,0.0003081
354,axum,<code>axum</code>,1,0.0003081
354,b&aelig;de,<code>b&amp;ae;de</code>,1,0.0003081
354,basing,<code>basing</code>,1,0.0003081
354,basinge,<code>basinge</code>,1,0.0003081
354,basinges,<code>basinges</code>,1,0.0003081
354,beame,<code>beame</code>,1,0.0003081
354,bearn,<code>bearn</code>,1,0.0003081
354,becom,<code>becom</code>,1,0.0003081
354,becuma&eth;,<code>becuma&amp;d;</code>,1,0.0003081
354,befrinon,<code>befrinon</code>,1,0.0003081
354,begann,<code>begann</code>,1,0.0003081
354,behofode,<code>behofode</code>,1,0.0003081
354,beladige,<code>beladige</code>,1,0.0003081
354,bendas,<code>bendas</code>,1,0.0003081
354,bende,<code>bende</code>,1,0.0003081
354,beo,<code>beo</code>,1,0.0003081
354,beorhtre,<code>beorhtre</code>,1,0.0003081
354,bep&aelig;ht,<code>bep&amp;ae;ht</code>,1,0.0003081
354,bep&aelig;hte,<code>bep&amp;ae;hte</code>,1,0.0003081
354,bes&aelig;ton,<code>bes&amp;ae;ton</code>,1,0.0003081
354,beseah,<code>beseah</code>,1,0.0003081
354,bestang,<code>bestang</code>,1,0.0003081
354,bestreowod,<code>bestreowod</code>,1,0.0003081
354,beswica&eth;,<code>beswica&amp;d;</code>,1,0.0003081
354,bet&aelig;hst,<code>bet&amp;ae;hst</code>,1,0.0003081
354,bet&aelig;ht,<code>bet&amp;ae;ht</code>,1,0.0003081
354,betwynan,<code>betwynan</code>,1,0.0003081
354,bewera&eth;,<code>bewera&amp;d;</code>,1,0.0003081
354,biddan,<code>biddan</code>,1,0.0003081
354,bigde,<code>bigde</code>,1,0.0003081
354,binnon,<code>binnon</code>,1,0.0003081
354,biscopas,<code>biscopas</code>,1,0.0003081
354,biscopdome,<code>biscopdome</code>,1,0.0003081
354,biscope,<code>biscope</code>,1,0.0003081
354,bl&aelig;d,<code>bl&amp;ae;d</code>,1,0.0003081
354,bli&eth;e,<code>bli&amp;d;e</code>,1,0.0003081
354,bli&eth;elice,<code>bli&amp;d;elice</code>,1,0.0003081
354,blodes,<code>blodes</code>,1,0.0003081
354,boclicere,<code>boclicere</code>,1,0.0003081
354,bodige,<code>bodige</code>,1,0.0003081
354,bogum,<code>bogum</code>,1,0.0003081
354,brande,<code>brande</code>,1,0.0003081
354,brastliende,<code>brastliende</code>,1,0.0003081
354,bricum,<code>bricum</code>,1,0.0003081
354,burhscire,<code>burhscire</code>,1,0.0003081
354,burhwara,<code>burhwara</code>,1,0.0003081
354,burhwaru,<code>burhwaru</code>,1,0.0003081
354,butu,<code>butu</code>,1,0.0003081
354,byrnan,<code>byrnan</code>,1,0.0003081
354,bysmor,<code>bysmor</code>,1,0.0003081
354,ceaflas,<code>ceaflas</code>,1,0.0003081
354,ceastre,<code>ceastre</code>,1,0.0003081
354,cempum,<code>cempum</code>,1,0.0003081
354,ceowan,<code>ceowan</code>,1,0.0003081
354,cepte,<code>cepte</code>,1,0.0003081
354,cildhade,<code>cildhade</code>,1,0.0003081
354,cl&aelig;nan,<code>cl&amp;ae;nan</code>,1,0.0003081
354,clypigende,<code>clypigende</code>,1,0.0003081
354,clywen,<code>clywen</code>,1,0.0003081
354,cniht,<code>cniht</code>,1,0.0003081
354,co&eth;e,<code>co&amp;d;e</code>,1,0.0003081
354,co&eth;um,<code>co&amp;d;um</code>,1,0.0003081
354,constantium,<code>constantium</code>,1,0.0003081
354,cosse,<code>cosse</code>,1,0.0003081
354,crist,<code>crist</code>,1,0.0003081
354,cristen,<code>cristen</code>,1,0.0003081
354,cristendome,<code>cristendome</code>,1,0.0003081
354,cu&eth;lice,<code>cu&amp;d;lice</code>,1,0.0003081
354,cu&eth;um,<code>cu&amp;d;um</code>,1,0.0003081
354,cw&aelig;de,<code>cw&amp;ae;de</code>,1,0.0003081
354,cw&aelig;don,<code>cw&amp;ae;don</code>,1,0.0003081
354,cwellere,<code>cwellere</code>,1,0.0003081
354,cwyde,<code>cwyde</code>,1,0.0003081
354,cy&eth;ere,<code>cy&amp;d;ere</code>,1,0.0003081
354,cy&eth;erum,<code>cy&amp;d;erum</code>,1,0.0003081
354,cydde,<code>cydde</code>,1,0.0003081
354,cyle,<code>cyle</code>,1,0.0003081
354,cymes,<code>cymes</code>,1,0.0003081
354,cynegyrde,<code>cynegyrde</code>,1,0.0003081
354,cynelice,<code>cynelice</code>,1,0.0003081
354,cyning,<code>cyning</code>,1,0.0003081
354,cyrde,<code>cyrde</code>,1,0.0003081
354,d&aelig;g,<code>d&amp;ae;g</code>,1,0.0003081
354,d&aelig;ge,<code>d&amp;ae;ge</code>,1,0.0003081
354,d&aelig;l,<code>d&amp;ae;l</code>,1,0.0003081
354,d&aelig;lde,<code>d&amp;ae;lde</code>,1,0.0003081
354,dagas,<code>dagas</code>,1,0.0003081
354,dagum,<code>dagum</code>,1,0.0003081
354,de,<code>de</code>,1,0.0003081
354,deadan,<code>deadan</code>,1,0.0003081
354,deadne,<code>deadne</code>,1,0.0003081
354,deofellican,<code>deofellican</code>,1,0.0003081
354,deofle,<code>deofle</code>,1,0.0003081
354,deoflu,<code>deoflu</code>,1,0.0003081
354,deoflum,<code>deoflum</code>,1,0.0003081
354,deor,<code>deor</code>,1,0.0003081
354,deorfenne,<code>deorfenne</code>,1,0.0003081
354,deorum,<code>deorum</code>,1,0.0003081
354,depositio,<code>depositio</code>,1,0.0003081
354,dohtor,<code>dohtor</code>,1,0.0003081
354,doppetan,<code>doppetan</code>,1,0.0003081
354,dr&aelig;fe,<code>dr&amp;ae;fe</code>,1,0.0003081
354,drenc,<code>drenc</code>,1,0.0003081
354,dreorig,<code>dreorig</code>,1,0.0003081
354,dumb,<code>dumb</code>,1,0.0003081
354,dwollican,<code>dwollican</code>,1,0.0003081
354,e&eth;elicor,<code>e&amp;d;elicor</code>,1,0.0003081
354,eadmoda,<code>eadmoda</code>,1,0.0003081
354,eagum,<code>eagum</code>,1,0.0003081
354,eahtatyne,<code>eahtatyne</code>,1,0.0003081
354,eal,<code>eal</code>,1,0.0003081
354,eala,<code>eala</code>,1,0.0003081
354,eald,<code>eald</code>,1,0.0003081
354,ealdor,<code>ealdor</code>,1,0.0003081
354,eallunge,<code>eallunge</code>,1,0.0003081
354,ealre,<code>ealre</code>,1,0.0003081
354,earm,<code>earm</code>,1,0.0003081
354,earman,<code>earman</code>,1,0.0003081
354,eawf&aelig;st,<code>eawf&amp;ae;st</code>,1,0.0003081
354,eawf&aelig;stum,<code>eawf&amp;ae;stum</code>,1,0.0003081
354,efencempan,<code>efencempan</code>,1,0.0003081
354,efne,<code>efne</code>,1,0.0003081
354,egeslican,<code>egeslican</code>,1,0.0003081
354,eglode,<code>eglode</code>,1,0.0003081
354,ehtende,<code>ehtende</code>,1,0.0003081
354,eius,<code>eius</code>,1,0.0003081
354,ele,<code>ele</code>,1,0.0003081
354,eles,<code>eles</code>,1,0.0003081
354,embe,<code>embe</code>,1,0.0003081
354,emtwa,<code>emtwa</code>,1,0.0003081
354,engel,<code>engel</code>,1,0.0003081
354,engla,<code>engla</code>,1,0.0003081
354,englum,<code>englum</code>,1,0.0003081
354,eom,<code>eom</code>,1,0.0003081
354,episcopi,<code>episcopi</code>,1,0.0003081
354,estfullum,<code>estfullum</code>,1,0.0003081
354,euantius,<code>euantius</code>,1,0.0003081
354,f&aelig;deras,<code>f&amp;ae;deras</code>,1,0.0003081
354,f&aelig;gen,<code>f&amp;ae;gen</code>,1,0.0003081
354,f&aelig;geran,<code>f&amp;ae;geran</code>,1,0.0003081
354,f&aelig;gnode,<code>f&amp;ae;gnode</code>,1,0.0003081
354,f&aelig;gre,<code>f&amp;ae;gre</code>,1,0.0003081
354,f&aelig;mne,<code>f&amp;ae;mne</code>,1,0.0003081
354,f&aelig;relde,<code>f&amp;ae;relde</code>,1,0.0003081
354,f&aelig;rlican,<code>f&amp;ae;rlican</code>,1,0.0003081
354,f&aelig;stum,<code>f&amp;ae;stum</code>,1,0.0003081
354,facenlice,<code>facenlice</code>,1,0.0003081
354,faran,<code>faran</code>,1,0.0003081
354,farende,<code>farende</code>,1,0.0003081
354,feallende,<code>feallende</code>,1,0.0003081
354,feawa,<code>feawa</code>,1,0.0003081
354,feawum,<code>feawum</code>,1,0.0003081
354,fela,<code>fela</code>,1,0.0003081
354,feoll,<code>feoll</code>,1,0.0003081
354,feond,<code>feond</code>,1,0.0003081
354,feonda,<code>feonda</code>,1,0.0003081
354,feondlican,<code>feondlican</code>,1,0.0003081
354,feondum,<code>feondum</code>,1,0.0003081
354,feorh,<code>feorh</code>,1,0.0003081
354,feorran,<code>feorran</code>,1,0.0003081
354,ferian,<code>ferian</code>,1,0.0003081
354,ferodon,<code>ferodon</code>,1,0.0003081
354,fet,<code>fet</code>,1,0.0003081
354,filigde,<code>filigde</code>,1,0.0003081
354,fingras,<code>fingras</code>,1,0.0003081
354,fixa,<code>fixa</code>,1,0.0003081
354,fixno&eth;es,<code>fixno&amp;d;es</code>,1,0.0003081
354,fleah,<code>fleah</code>,1,0.0003081
354,fleame,<code>fleame</code>,1,0.0003081
354,flode,<code>flode</code>,1,0.0003081
354,flore,<code>flore</code>,1,0.0003081
354,folce,<code>folce</code>,1,0.0003081
354,foldan,<code>foldan</code>,1,0.0003081
354,folgo&eth;e,<code>folgo&amp;d;e</code>,1,0.0003081
354,folgode,<code>folgode</code>,1,0.0003081
354,for&eth;,<code>for&amp;d;</code>,1,0.0003081
354,for&eth;gan,<code>for&amp;d;gan</code>,1,0.0003081
354,for&eth;si&eth;,<code>for&amp;d;si&amp;d;</code>,1,0.0003081
354,forb&aelig;r,<code>forb&amp;ae;r</code>,1,0.0003081
354,forbeah,<code>forbeah</code>,1,0.0003081
354,forealdode,<code>forealdode</code>,1,0.0003081
354,fores&aelig;de,<code>fores&amp;ae;de</code>,1,0.0003081
354,foresceawunge,<code>foresceawunge</code>,1,0.0003081
354,forgeaf,<code>forgeaf</code>,1,0.0003081
354,forgifenysse,<code>forgifenysse</code>,1,0.0003081
354,forhra&eth;e,<code>forhra&amp;d;e</code>,1,0.0003081
354,forht,<code>forht</code>,1,0.0003081
354,forl&aelig;t,<code>forl&amp;ae;t</code>,1,0.0003081
354,forl&aelig;tan,<code>forl&amp;ae;tan</code>,1,0.0003081
354,forl&aelig;tene,<code>forl&amp;ae;tene</code>,1,0.0003081
354,forl&aelig;tst,<code>forl&amp;ae;tst</code>,1,0.0003081
354,forleton,<code>forleton</code>,1,0.0003081
354,forsuwian,<code>forsuwian</code>,1,0.0003081
354,forswi&eth;e,<code>forswi&amp;d;e</code>,1,0.0003081
354,forwear&eth;,<code>forwear&amp;d;</code>,1,0.0003081
354,fostorcild,<code>fostorcild</code>,1,0.0003081
354,fotum,<code>fotum</code>,1,0.0003081
354,fotwylmas,<code>fotwylmas</code>,1,0.0003081
354,frecednysse,<code>frecednysse</code>,1,0.0003081
354,frecednyssum,<code>frecednyssum</code>,1,0.0003081
354,freonda,<code>freonda</code>,1,0.0003081
354,fruman,<code>fruman</code>,1,0.0003081
354,fulluhtes,<code>fulluhtes</code>,1,0.0003081
354,fulnysse,<code>fulnysse</code>,1,0.0003081
354,fultum,<code>fultum</code>,1,0.0003081
354,fulum,<code>fulum</code>,1,0.0003081
354,fyftyne,<code>fyftyne</code>,1,0.0003081
354,fyren,<code>fyren</code>,1,0.0003081
354,fyrlenum,<code>fyrlenum</code>,1,0.0003081
354,gast,<code>gast</code>,1,0.0003081
354,gastes,<code>gastes</code>,1,0.0003081
354,gastlicne,<code>gastlicne</code>,1,0.0003081
354,ge&aelig;ttrod,<code>ge&amp;ae;ttrod</code>,1,0.0003081
354,ge&eth;afian,<code>ge&amp;d;afian</code>,1,0.0003081
354,ge&eth;afode,<code>ge&amp;d;afode</code>,1,0.0003081
354,ge&eth;eo&eth;,<code>ge&amp;d;eo&amp;d;</code>,1,0.0003081
354,ge&eth;eodde,<code>ge&amp;d;eodde</code>,1,0.0003081
354,ge&eth;ugon,<code>ge&amp;d;ugon</code>,1,0.0003081
354,ge&eth;uht,<code>ge&amp;d;uht</code>,1,0.0003081
354,ge&eth;ylde,<code>ge&amp;d;ylde</code>,1,0.0003081
354,ge&eth;yldig,<code>ge&amp;d;yldig</code>,1,0.0003081
354,gearum,<code>gearum</code>,1,0.0003081
354,gearwur&eth;ode,<code>gearwur&amp;d;ode</code>,1,0.0003081
354,geban,<code>geban</code>,1,0.0003081
354,gebeda,<code>gebeda</code>,1,0.0003081
354,gebede,<code>gebede</code>,1,0.0003081
354,gebicnunge,<code>gebicnunge</code>,1,0.0003081
354,gebigde,<code>gebigde</code>,1,0.0003081
354,gebigedum,<code>gebigedum</code>,1,0.0003081
354,gebletsode,<code>gebletsode</code>,1,0.0003081
354,gebroht,<code>gebroht</code>,1,0.0003081
354,gebrohte,<code>gebrohte</code>,1,0.0003081
354,gebudon,<code>gebudon</code>,1,0.0003081
354,gebylde,<code>gebylde</code>,1,0.0003081
354,geceas,<code>geceas</code>,1,0.0003081
354,gecn&aelig;we,<code>gecn&amp;ae;we</code>,1,0.0003081
354,gecom,<code>gecom</code>,1,0.0003081
354,gecorenan,<code>gecorenan</code>,1,0.0003081
354,gecristnod,<code>gecristnod</code>,1,0.0003081
354,gecuron,<code>gecuron</code>,1,0.0003081
354,gecw&aelig;&eth;,<code>gecw&amp;ae;&amp;d;</code>,1,0.0003081
354,gecweden,<code>gecweden</code>,1,0.0003081
354,gecwemde,<code>gecwemde</code>,1,0.0003081
354,gecydd,<code>gecydd</code>,1,0.0003081
354,gecyrdon,<code>gecyrdon</code>,1,0.0003081
354,gecyrred,<code>gecyrred</code>,1,0.0003081
354,ged&aelig;lede,<code>ged&amp;ae;lede</code>,1,0.0003081
354,gedrefed,<code>gedrefed</code>,1,0.0003081
354,gedwymorum,<code>gedwymorum</code>,1,0.0003081
354,geearnungum,<code>geearnungum</code>,1,0.0003081
354,geedcucod,<code>geedcucod</code>,1,0.0003081
354,geendod,<code>geendod</code>,1,0.0003081
354,geendunge,<code>geendunge</code>,1,0.0003081
354,gef&aelig;stnode,<code>gef&amp;ae;stnode</code>,1,0.0003081
354,gefege,<code>gefege</code>,1,0.0003081
354,geferan,<code>geferan</code>,1,0.0003081
354,geferum,<code>geferum</code>,1,0.0003081
354,gefrefrode,<code>gefrefrode</code>,1,0.0003081
354,gefyllede,<code>gefyllede</code>,1,0.0003081
354,gefylsta,<code>gefylsta</code>,1,0.0003081
354,gefyrn,<code>gefyrn</code>,1,0.0003081
354,geglencged,<code>geglencged</code>,1,0.0003081
354,geglengd,<code>geglengd</code>,1,0.0003081
354,geh&aelig;led,<code>geh&amp;ae;led</code>,1,0.0003081
354,geh&aelig;lede,<code>geh&amp;ae;lede</code>,1,0.0003081
354,gehalgodes,<code>gehalgodes</code>,1,0.0003081
354,gehalgodum,<code>gehalgodum</code>,1,0.0003081
354,gehaten,<code>gehaten</code>,1,0.0003081
354,gehealdene,<code>gehealdene</code>,1,0.0003081
354,geheold,<code>geheold</code>,1,0.0003081
354,geheolp,<code>geheolp</code>,1,0.0003081
354,gehiwod,<code>gehiwod</code>,1,0.0003081
354,gehlyde,<code>gehlyde</code>,1,0.0003081
354,geholpen,<code>geholpen</code>,1,0.0003081
354,gehw&aelig;r,<code>gehw&amp;ae;r</code>,1,0.0003081
354,gehwilcum,<code>gehwilcum</code>,1,0.0003081
354,gehyrenne,<code>gehyrenne</code>,1,0.0003081
354,gehyrte,<code>gehyrte</code>,1,0.0003081
354,gel&aelig;ddon,<code>gel&amp;ae;ddon</code>,1,0.0003081
354,gel&aelig;ht,<code>gel&amp;ae;ht</code>,1,0.0003081
354,gel&aelig;redan,<code>gel&amp;ae;redan</code>,1,0.0003081
354,gel&aelig;redum,<code>gel&amp;ae;redum</code>,1,0.0003081
354,geleaffulra,<code>geleaffulra</code>,1,0.0003081
354,geleornodon,<code>geleornodon</code>,1,0.0003081
354,gelicnysse,<code>gelicnysse</code>,1,0.0003081
354,gelogode,<code>gelogode</code>,1,0.0003081
354,gelyfde,<code>gelyfde</code>,1,0.0003081
354,gelyfdon,<code>gelyfdon</code>,1,0.0003081
354,gem&aelig;cca,<code>gem&amp;ae;cca</code>,1,0.0003081
354,gem&aelig;ne,<code>gem&amp;ae;ne</code>,1,0.0003081
354,gemet,<code>gemet</code>,1,0.0003081
354,gemete,<code>gemete</code>,1,0.0003081
354,gemetst,<code>gemetst</code>,1,0.0003081
354,gemetton,<code>gemetton</code>,1,0.0003081
354,gemiltsa,<code>gemiltsa</code>,1,0.0003081
354,gemyndig,<code>gemyndig</code>,1,0.0003081
354,genamode,<code>genamode</code>,1,0.0003081
354,geneal&aelig;hte,<code>geneal&amp;ae;hte</code>,1,0.0003081
354,geneosian,<code>geneosian</code>,1,0.0003081
354,geneosode,<code>geneosode</code>,1,0.0003081
354,geneosodon,<code>geneosodon</code>,1,0.0003081
354,geneosunge,<code>geneosunge</code>,1,0.0003081
354,geomerodon,<code>geomerodon</code>,1,0.0003081
354,geond,<code>geond</code>,1,0.0003081
354,georne,<code>georne</code>,1,0.0003081
354,ger&aelig;d,<code>ger&amp;ae;d</code>,1,0.0003081
354,gerefan,<code>gerefan</code>,1,0.0003081
354,ges&aelig;lig,<code>ges&amp;ae;lig</code>,1,0.0003081
354,ges&aelig;t,<code>ges&amp;ae;t</code>,1,0.0003081
354,gesawon,<code>gesawon</code>,1,0.0003081
354,gesceapu,<code>gesceapu</code>,1,0.0003081
354,gescryd,<code>gescryd</code>,1,0.0003081
354,gescrydde,<code>gescrydde</code>,1,0.0003081
354,gescrydne,<code>gescrydne</code>,1,0.0003081
354,gesecan,<code>gesecan</code>,1,0.0003081
354,gesetnysse,<code>gesetnysse</code>,1,0.0003081
354,gesewen,<code>gesewen</code>,1,0.0003081
354,gesibbode,<code>gesibbode</code>,1,0.0003081
354,gestryndon,<code>gestryndon</code>,1,0.0003081
354,gesund,<code>gesund</code>,1,0.0003081
354,gesw&aelig;s,<code>gesw&amp;ae;s</code>,1,0.0003081
354,gesw&aelig;sre,<code>gesw&amp;ae;sre</code>,1,0.0003081
354,gesw&aelig;sum,<code>gesw&amp;ae;sum</code>,1,0.0003081
354,geswac,<code>geswac</code>,1,0.0003081
354,geswenctan,<code>geswenctan</code>,1,0.0003081
354,geswican,<code>geswican</code>,1,0.0003081
354,geswutelode,<code>geswutelode</code>,1,0.0003081
354,getenge,<code>getenge</code>,1,0.0003081
354,geti&eth;ode,<code>geti&amp;d;ode</code>,1,0.0003081
354,geuntrumod,<code>geuntrumod</code>,1,0.0003081
354,gew&aelig;du,<code>gew&amp;ae;du</code>,1,0.0003081
354,gew&aelig;dum,<code>gew&amp;ae;dum</code>,1,0.0003081
354,gew&aelig;ht,<code>gew&amp;ae;ht</code>,1,0.0003081
354,gew&aelig;pnod,<code>gew&amp;ae;pnod</code>,1,0.0003081
354,gewende,<code>gewende</code>,1,0.0003081
354,gewilnast,<code>gewilnast</code>,1,0.0003081
354,gewinn,<code>gewinn</code>,1,0.0003081
354,gewisse,<code>gewisse</code>,1,0.0003081
354,gewisslice,<code>gewisslice</code>,1,0.0003081
354,gewitan,<code>gewitan</code>,1,0.0003081
354,gewiton,<code>gewiton</code>,1,0.0003081
354,gewittig,<code>gewittig</code>,1,0.0003081
354,gewritum,<code>gewritum</code>,1,0.0003081
354,gewuldrod,<code>gewuldrod</code>,1,0.0003081
354,gewunelicum,<code>gewunelicum</code>,1,0.0003081
354,gewurdon,<code>gewurdon</code>,1,0.0003081
354,gl&aelig;s,<code>gl&amp;ae;s</code>,1,0.0003081
354,godan,<code>godan</code>,1,0.0003081
354,godcundan,<code>godcundan</code>,1,0.0003081
354,godnysse,<code>godnysse</code>,1,0.0003081
354,godspelle,<code>godspelle</code>,1,0.0003081
354,godum,<code>godum</code>,1,0.0003081
354,gr&aelig;delice,<code>gr&amp;ae;delice</code>,1,0.0003081
354,gradum,<code>gradum</code>,1,0.0003081
354,grimre,<code>grimre</code>,1,0.0003081
354,gripa&eth;,<code>gripa&amp;d;</code>,1,0.0003081
354,grunde,<code>grunde</code>,1,0.0003081
354,gyld,<code>gyld</code>,1,0.0003081
354,gyltum,<code>gyltum</code>,1,0.0003081
354,gymde,<code>gymde</code>,1,0.0003081
354,gyngrum,<code>gyngrum</code>,1,0.0003081
354,gyniendum,<code>gyniendum</code>,1,0.0003081
354,gyte,<code>gyte</code>,1,0.0003081
354,h&aelig;&eth;ena,<code>h&amp;ae;&amp;d;ena</code>,1,0.0003081
354,h&aelig;&eth;engilda,<code>h&amp;ae;&amp;d;engilda</code>,1,0.0003081
354,h&aelig;&eth;engyld,<code>h&amp;ae;&amp;d;engyld</code>,1,0.0003081
354,h&aelig;&eth;enum,<code>h&amp;ae;&amp;d;enum</code>,1,0.0003081
354,h&aelig;le,<code>h&amp;ae;le</code>,1,0.0003081
354,h&aelig;ran,<code>h&amp;ae;ran</code>,1,0.0003081
354,h&aelig;rum,<code>h&amp;ae;rum</code>,1,0.0003081
354,h&aelig;se,<code>h&amp;ae;se</code>,1,0.0003081
354,habba&eth;,<code>habba&amp;d;</code>,1,0.0003081
354,had,<code>had</code>,1,0.0003081
354,hades,<code>hades</code>,1,0.0003081
354,hal,<code>hal</code>,1,0.0003081
354,halwendan,<code>halwendan</code>,1,0.0003081
354,ham,<code>ham</code>,1,0.0003081
354,hand,<code>hand</code>,1,0.0003081
354,hatum,<code>hatum</code>,1,0.0003081
354,heafde,<code>heafde</code>,1,0.0003081
354,heafod,<code>heafod</code>,1,0.0003081
354,heafodman,<code>heafodman</code>,1,0.0003081
354,heahf&aelig;der,<code>heahf&amp;ae;der</code>,1,0.0003081
354,heahne,<code>heahne</code>,1,0.0003081
354,healdan,<code>healdan</code>,1,0.0003081
354,healic,<code>healic</code>,1,0.0003081
354,healicre,<code>healicre</code>,1,0.0003081
354,heardre,<code>heardre</code>,1,0.0003081
354,heardum,<code>heardum</code>,1,0.0003081
354,hefegum,<code>hefegum</code>,1,0.0003081
354,helle,<code>helle</code>,1,0.0003081
354,heofung,<code>heofung</code>,1,0.0003081
354,heofunge,<code>heofunge</code>,1,0.0003081
354,hetelice,<code>hetelice</code>,1,0.0003081
354,hilarius,<code>hilarius</code>,1,0.0003081
354,hirede,<code>hirede</code>,1,0.0003081
354,hiw,<code>hiw</code>,1,0.0003081
354,hiwode,<code>hiwode</code>,1,0.0003081
354,hlaford,<code>hlaford</code>,1,0.0003081
354,hlogon,<code>hlogon</code>,1,0.0003081
354,hlude,<code>hlude</code>,1,0.0003081
354,hnolle,<code>hnolle</code>,1,0.0003081
354,holdra,<code>holdra</code>,1,0.0003081
354,holte,<code>holte</code>,1,0.0003081
354,hospspr&aelig;c,<code>hospspr&amp;ae;c</code>,1,0.0003081
354,hr&aelig;dlice,<code>hr&amp;ae;dlice</code>,1,0.0003081
354,hreame,<code>hreame</code>,1,0.0003081
354,hreas,<code>hreas</code>,1,0.0003081
354,hreoflinne,<code>hreoflinne</code>,1,0.0003081
354,hreosendum,<code>hreosendum</code>,1,0.0003081
354,hreppan,<code>hreppan</code>,1,0.0003081
354,hrofe,<code>hrofe</code>,1,0.0003081
354,hrymde,<code>hrymde</code>,1,0.0003081
354,hundas,<code>hundas</code>,1,0.0003081
354,huru,<code>huru</code>,1,0.0003081
354,hw&aelig;ne,<code>hw&amp;ae;ne</code>,1,0.0003081
354,hw&aelig;s,<code>hw&amp;ae;s</code>,1,0.0003081
354,hwa,<code>hwa</code>,1,0.0003081
354,hwam,<code>hwam</code>,1,0.0003081
354,hwilc,<code>hwilc</code>,1,0.0003081
354,hwilces,<code>hwilces</code>,1,0.0003081
354,hwittre,<code>hwittre</code>,1,0.0003081
354,idus,<code>idus</code>,1,0.0003081
354,iii,<code>iii</code>,1,0.0003081
354,ingehyd,<code>ingehyd</code>,1,0.0003081
354,italia,<code>italia</code>,1,0.0003081
354,iu,<code>iu</code>,1,0.0003081
354,iugu&eth;,<code>iugu&amp;d;</code>,1,0.0003081
354,iuliane,<code>iuliane</code>,1,0.0003081
354,iulianus,<code>iulianus</code>,1,0.0003081
354,l&aelig;cedom,<code>l&amp;ae;cedom</code>,1,0.0003081
354,l&aelig;g,<code>l&amp;ae;g</code>,1,0.0003081
354,l&aelig;ran,<code>l&amp;ae;ran</code>,1,0.0003081
354,la&eth;ode,<code>la&amp;d;ode</code>,1,0.0003081
354,la&eth;um,<code>la&amp;d;um</code>,1,0.0003081
354,lange,<code>lange</code>,1,0.0003081
354,langlice,<code>langlice</code>,1,0.0003081
354,langum,<code>langum</code>,1,0.0003081
354,lareowes,<code>lareowes</code>,1,0.0003081
354,leasan,<code>leasan</code>,1,0.0003081
354,leasungum,<code>leasungum</code>,1,0.0003081
354,legerbedde,<code>legerbedde</code>,1,0.0003081
354,legere,<code>legere</code>,1,0.0003081
354,leoda,<code>leoda</code>,1,0.0003081
354,leodbiscope,<code>leodbiscope</code>,1,0.0003081
354,leodum,<code>leodum</code>,1,0.0003081
354,leofa&eth;,<code>leofa&amp;d;</code>,1,0.0003081
354,leofan,<code>leofan</code>,1,0.0003081
354,leohtleasre,<code>leohtleasre</code>,1,0.0003081
354,let,<code>let</code>,1,0.0003081
354,li&eth;egan,<code>li&amp;d;egan</code>,1,0.0003081
354,lice,<code>lice</code>,1,0.0003081
354,lices,<code>lices</code>,1,0.0003081
354,licgende,<code>licgende</code>,1,0.0003081
354,lichaman,<code>lichaman</code>,1,0.0003081
354,lif,<code>lif</code>,1,0.0003081
354,lifleasan,<code>lifleasan</code>,1,0.0003081
354,lige,<code>lige</code>,1,0.0003081
354,limum,<code>limum</code>,1,0.0003081
354,locc,<code>locc</code>,1,0.0003081
354,losian,<code>losian</code>,1,0.0003081
354,lufe,<code>lufe</code>,1,0.0003081
354,lymum,<code>lymum</code>,1,0.0003081
354,lytlum,<code>lytlum</code>,1,0.0003081
354,m&aelig;&eth;leasan,<code>m&amp;ae;&amp;d;leasan</code>,1,0.0003081
354,m&aelig;denum,<code>m&amp;ae;denum</code>,1,0.0003081
354,m&aelig;ra,<code>m&amp;ae;ra</code>,1,0.0003081
354,m&aelig;rne,<code>m&amp;ae;rne</code>,1,0.0003081
354,m&aelig;ssan,<code>m&amp;ae;ssan</code>,1,0.0003081
354,m&aelig;ssepreostum,<code>m&amp;ae;ssepreostum</code>,1,0.0003081
354,mage,<code>mage</code>,1,0.0003081
354,magon,<code>magon</code>,1,0.0003081
354,mand&aelig;dum,<code>mand&amp;ae;dum</code>,1,0.0003081
354,manegum,<code>manegum</code>,1,0.0003081
354,manes,<code>manes</code>,1,0.0003081
354,manfullum,<code>manfullum</code>,1,0.0003081
354,manna,<code>manna</code>,1,0.0003081
354,maria,<code>maria</code>,1,0.0003081
354,martini,<code>martini</code>,1,0.0003081
354,martires,<code>martires</code>,1,0.0003081
354,meda,<code>meda</code>,1,0.0003081
354,menigu,<code>menigu</code>,1,0.0003081
354,mennisc,<code>mennisc</code>,1,0.0003081
354,mennisce,<code>mennisce</code>,1,0.0003081
354,meoloc,<code>meoloc</code>,1,0.0003081
354,merien,<code>merien</code>,1,0.0003081
354,mete,<code>mete</code>,1,0.0003081
354,metoda,<code>metoda</code>,1,0.0003081
354,mettrume,<code>mettrume</code>,1,0.0003081
354,micclan,<code>micclan</code>,1,0.0003081
354,micel,<code>micel</code>,1,0.0003081
354,middere,<code>middere</code>,1,0.0003081
354,middes,<code>middes</code>,1,0.0003081
354,mila,<code>mila</code>,1,0.0003081
354,mildheortnys,<code>mildheortnys</code>,1,0.0003081
354,min,<code>min</code>,1,0.0003081
354,moder,<code>moder</code>,1,0.0003081
354,modig,<code>modig</code>,1,0.0003081
354,mu&eth;,<code>mu&amp;d;</code>,1,0.0003081
354,muneclice,<code>muneclice</code>,1,0.0003081
354,munton,<code>munton</code>,1,0.0003081
354,munuclicere,<code>munuclicere</code>,1,0.0003081
354,munuclif,<code>munuclif</code>,1,0.0003081
354,mynecena,<code>mynecena</code>,1,0.0003081
354,mynstra,<code>mynstra</code>,1,0.0003081
354,n&aelig;ddran,<code>n&amp;ae;ddran</code>,1,0.0003081
354,n&aelig;fde,<code>n&amp;ae;fde</code>,1,0.0003081
354,n&aelig;fdon,<code>n&amp;ae;fdon</code>,1,0.0003081
354,n&aelig;re,<code>n&amp;ae;re</code>,1,0.0003081
354,nacedan,<code>nacedan</code>,1,0.0003081
354,nacodan,<code>nacodan</code>,1,0.0003081
354,nacodne,<code>nacodne</code>,1,0.0003081
354,nahte,<code>nahte</code>,1,0.0003081
354,nanum,<code>nanum</code>,1,0.0003081
354,nateshwon,<code>nateshwon</code>,1,0.0003081
354,nawar,<code>nawar</code>,1,0.0003081
354,neawiste,<code>neawiste</code>,1,0.0003081
354,neode,<code>neode</code>,1,0.0003081
354,noldon,<code>noldon</code>,1,0.0003081
354,nouembris,<code>nouembris</code>,1,0.0003081
354,nu,<code>nu</code>,1,0.0003081
354,nydbehefe,<code>nydbehefe</code>,1,0.0003081
354,nyste,<code>nyste</code>,1,0.0003081
354,nyten,<code>nyten</code>,1,0.0003081
354,nytenum,<code>nytenum</code>,1,0.0003081
354,o&eth;er,<code>o&amp;d;er</code>,1,0.0003081
354,o&eth;erne,<code>o&amp;d;erne</code>,1,0.0003081
354,o&eth;re,<code>o&amp;d;re</code>,1,0.0003081
354,o&eth;rum,<code>o&amp;d;rum</code>,1,0.0003081
354,obitu,<code>obitu</code>,1,0.0003081
354,ofcyrfe,<code>ofcyrfe</code>,1,0.0003081
354,ofdr&aelig;d,<code>ofdr&amp;ae;d</code>,1,0.0003081
354,ofer,<code>ofer</code>,1,0.0003081
354,offeoll,<code>offeoll</code>,1,0.0003081
354,ofsceamode,<code>ofsceamode</code>,1,0.0003081
354,ofseah,<code>ofseah</code>,1,0.0003081
354,ofslegen,<code>ofslegen</code>,1,0.0003081
354,ol&aelig;can,<code>ol&amp;ae;can</code>,1,0.0003081
354,olfendes,<code>olfendes</code>,1,0.0003081
354,onbryrdnysse,<code>onbryrdnysse</code>,1,0.0003081
354,oncneowe,<code>oncneowe</code>,1,0.0003081
354,ondr&aelig;de,<code>ondr&amp;ae;de</code>,1,0.0003081
354,ondred,<code>ondred</code>,1,0.0003081
354,ongunnon,<code>ongunnon</code>,1,0.0003081
354,onsundron,<code>onsundron</code>,1,0.0003081
354,ontende,<code>ontende</code>,1,0.0003081
354,onuppon,<code>onuppon</code>,1,0.0003081
354,orm&aelig;te,<code>orm&amp;ae;te</code>,1,0.0003081
354,orm&aelig;tre,<code>orm&amp;ae;tre</code>,1,0.0003081
354,orm&aelig;tum,<code>orm&amp;ae;tum</code>,1,0.0003081
354,orsorhlice,<code>orsorhlice</code>,1,0.0003081
354,pannonia,<code>pannonia</code>,1,0.0003081
354,paule,<code>paule</code>,1,0.0003081
354,petre,<code>petre</code>,1,0.0003081
354,pinbeam,<code>pinbeam</code>,1,0.0003081
354,racenteagum,<code>racenteagum</code>,1,0.0003081
354,readum,<code>readum</code>,1,0.0003081
354,reafes,<code>reafes</code>,1,0.0003081
354,regollicere,<code>regollicere</code>,1,0.0003081
354,rican,<code>rican</code>,1,0.0003081
354,riddan,<code>riddan</code>,1,0.0003081
354,rixa&eth;,<code>rixa&amp;d;</code>,1,0.0003081
354,rodetacn,<code>rodetacn</code>,1,0.0003081
354,rodetacne,<code>rodetacne</code>,1,0.0003081
354,romana,<code>romana</code>,1,0.0003081
354,s&aelig;mtinges,<code>s&amp;ae;mtinges</code>,1,0.0003081
354,s&aelig;ton,<code>s&amp;ae;ton</code>,1,0.0003081
354,sabaria,<code>sabaria</code>,1,0.0003081
354,sah,<code>sah</code>,1,0.0003081
354,samcucu,<code>samcucu</code>,1,0.0003081
354,samod,<code>samod</code>,1,0.0003081
354,sanct,<code>sanct</code>,1,0.0003081
354,sancti,<code>sancti</code>,1,0.0003081
354,sarlice,<code>sarlice</code>,1,0.0003081
354,sawlode,<code>sawlode</code>,1,0.0003081
354,sawul,<code>sawul</code>,1,0.0003081
354,scea&eth;um,<code>scea&amp;d;um</code>,1,0.0003081
354,sceadu,<code>sceadu</code>,1,0.0003081
354,sceancum,<code>sceancum</code>,1,0.0003081
354,sceandlicum,<code>sceandlicum</code>,1,0.0003081
354,scearpum,<code>scearpum</code>,1,0.0003081
354,sceawian,<code>sceawian</code>,1,0.0003081
354,sceocca,<code>sceocca</code>,1,0.0003081
354,sceoccan,<code>sceoccan</code>,1,0.0003081
354,scinan,<code>scinan</code>,1,0.0003081
354,scinenda,<code>scinenda</code>,1,0.0003081
354,scinendan,<code>scinendan</code>,1,0.0003081
354,scipe,<code>scipe</code>,1,0.0003081
354,scortan,<code>scortan</code>,1,0.0003081
354,scrydan,<code>scrydan</code>,1,0.0003081
354,scylde,<code>scylde</code>,1,0.0003081
354,scyppende,<code>scyppende</code>,1,0.0003081
354,scyppendes,<code>scyppendes</code>,1,0.0003081
354,secgan,<code>secgan</code>,1,0.0003081
354,seoc,<code>seoc</code>,1,0.0003081
354,seoce,<code>seoce</code>,1,0.0003081
354,setl,<code>setl</code>,1,0.0003081
354,sexe,<code>sexe</code>,1,0.0003081
354,si&eth;e,<code>si&amp;d;e</code>,1,0.0003081
354,si&eth;ian,<code>si&amp;d;ian</code>,1,0.0003081
354,sibbe,<code>sibbe</code>,1,0.0003081
354,sibbian,<code>sibbian</code>,1,0.0003081
354,singan,<code>singan</code>,1,0.0003081
354,sl&aelig;pe,<code>sl&amp;ae;pe</code>,1,0.0003081
354,slean,<code>slean</code>,1,0.0003081
354,sloh,<code>sloh</code>,1,0.0003081
354,smeagende,<code>smeagende</code>,1,0.0003081
354,smyrelse,<code>smyrelse</code>,1,0.0003081
354,so&eth;,<code>so&amp;d;</code>,1,0.0003081
354,so&eth;f&aelig;sta,<code>so&amp;d;f&amp;ae;sta</code>,1,0.0003081
354,so&eth;um,<code>so&amp;d;um</code>,1,0.0003081
354,socne,<code>socne</code>,1,0.0003081
354,softnys,<code>softnys</code>,1,0.0003081
354,span,<code>span</code>,1,0.0003081
354,spreca&eth;,<code>spreca&amp;d;</code>,1,0.0003081
354,stale,<code>stale</code>,1,0.0003081
354,stanc,<code>stanc</code>,1,0.0003081
354,standan,<code>standan</code>,1,0.0003081
354,stemne,<code>stemne</code>,1,0.0003081
354,stence,<code>stence</code>,1,0.0003081
354,stenst,<code>stenst</code>,1,0.0003081
354,steppende,<code>steppende</code>,1,0.0003081
354,sti&eth;re,<code>sti&amp;d;re</code>,1,0.0003081
354,sticelan,<code>sticelan</code>,1,0.0003081
354,stod,<code>stod</code>,1,0.0003081
354,strangan,<code>strangan</code>,1,0.0003081
354,sumne,<code>sumne</code>,1,0.0003081
354,sumon,<code>sumon</code>,1,0.0003081
354,sunu,<code>sunu</code>,1,0.0003081
354,sw&aelig;rlice,<code>sw&amp;ae;rlice</code>,1,0.0003081
354,swealt,<code>swealt</code>,1,0.0003081
354,swefne,<code>swefne</code>,1,0.0003081
354,swegde,<code>swegde</code>,1,0.0003081
354,swegendum,<code>swegendum</code>,1,0.0003081
354,swi&eth;licere,<code>swi&amp;d;licere</code>,1,0.0003081
354,swi&eth;ost,<code>swi&amp;d;ost</code>,1,0.0003081
354,swilcne,<code>swilcne</code>,1,0.0003081
354,swincendum,<code>swincendum</code>,1,0.0003081
354,swuran,<code>swuran</code>,1,0.0003081
354,swurde,<code>swurde</code>,1,0.0003081
354,swymman,<code>swymman</code>,1,0.0003081
354,sylf,<code>sylf</code>,1,0.0003081
354,syllenne,<code>syllenne</code>,1,0.0003081
354,synderlices,<code>synderlices</code>,1,0.0003081
354,tacne,<code>tacne</code>,1,0.0003081
354,tecla,<code>tecla</code>,1,0.0003081
354,templ,<code>templ</code>,1,0.0003081
354,temples,<code>temples</code>,1,0.0003081
354,tetradius,<code>tetradius</code>,1,0.0003081
354,tide,<code>tide</code>,1,0.0003081
354,to&eth;um,<code>to&amp;d;um</code>,1,0.0003081
354,tocearf,<code>tocearf</code>,1,0.0003081
354,tocnawan,<code>tocnawan</code>,1,0.0003081
354,tocwysan,<code>tocwysan</code>,1,0.0003081
354,tocwysed,<code>tocwysed</code>,1,0.0003081
354,tocyme,<code>tocyme</code>,1,0.0003081
354,tocymes,<code>tocymes</code>,1,0.0003081
354,toeacan,<code>toeacan</code>,1,0.0003081
354,togeanes,<code>togeanes</code>,1,0.0003081
354,tolysde,<code>tolysde</code>,1,0.0003081
354,toslopen,<code>toslopen</code>,1,0.0003081
354,tospr&aelig;con,<code>tospr&amp;ae;con</code>,1,0.0003081
354,toswollen,<code>toswollen</code>,1,0.0003081
354,towearde,<code>towearde</code>,1,0.0003081
354,towende,<code>towende</code>,1,0.0003081
354,towurpan,<code>towurpan</code>,1,0.0003081
354,towurpon,<code>towurpon</code>,1,0.0003081
354,treowe,<code>treowe</code>,1,0.0003081
354,trumne,<code>trumne</code>,1,0.0003081
354,truwode,<code>truwode</code>,1,0.0003081
354,tungel,<code>tungel</code>,1,0.0003081
354,turoniscre,<code>turoniscre</code>,1,0.0003081
354,twa,<code>twa</code>,1,0.0003081
354,twegen,<code>twegen</code>,1,0.0003081
354,tyn,<code>tyn</code>,1,0.0003081
354,tyrndon,<code>tyrndon</code>,1,0.0003081
354,underfangen,<code>underfangen</code>,1,0.0003081
354,underfeh&eth;,<code>underfeh&amp;d;</code>,1,0.0003081
354,underfenge,<code>underfenge</code>,1,0.0003081
354,underhnige,<code>underhnige</code>,1,0.0003081
354,unforht,<code>unforht</code>,1,0.0003081
354,unge&eth;w&aelig;ran,<code>unge&amp;d;w&amp;ae;ran</code>,1,0.0003081
354,unge&eth;w&aelig;re,<code>unge&amp;d;w&amp;ae;re</code>,1,0.0003081
354,ungefullod,<code>ungefullod</code>,1,0.0003081
354,ungesceadwis,<code>ungesceadwis</code>,1,0.0003081
354,ungesewenlice,<code>ungesewenlice</code>,1,0.0003081
354,ungew&aelig;pnod,<code>ungew&amp;ae;pnod</code>,1,0.0003081
354,unlybban,<code>unlybban</code>,1,0.0003081
354,unscyldigum,<code>unscyldigum</code>,1,0.0003081
354,unsme&eth;an,<code>unsme&amp;d;an</code>,1,0.0003081
354,unw&aelig;re,<code>unw&amp;ae;re</code>,1,0.0003081
354,unwene,<code>unwene</code>,1,0.0003081
354,unwur&eth;ne,<code>unwur&amp;d;ne</code>,1,0.0003081
354,up,<code>up</code>,1,0.0003081
354,upahafenum,<code>upahafenum</code>,1,0.0003081
354,ure,<code>ure</code>,1,0.0003081
354,urnon,<code>urnon</code>,1,0.0003081
354,ut,<code>ut</code>,1,0.0003081
354,uton,<code>uton</code>,1,0.0003081
354,w&aelig;de,<code>w&amp;ae;de</code>,1,0.0003081
354,w&aelig;dlan,<code>w&amp;ae;dlan</code>,1,0.0003081
354,w&aelig;dligum,<code>w&amp;ae;dligum</code>,1,0.0003081
354,w&aelig;lhreawum,<code>w&amp;ae;lhreawum</code>,1,0.0003081
354,w&aelig;lhreowa,<code>w&amp;ae;lhreowa</code>,1,0.0003081
354,w&aelig;lhreowe,<code>w&amp;ae;lhreowe</code>,1,0.0003081
354,w&aelig;pen,<code>w&amp;ae;pen</code>,1,0.0003081
354,waces,<code>waces</code>,1,0.0003081
354,wacode,<code>wacode</code>,1,0.0003081
354,wand,<code>wand</code>,1,0.0003081
354,wannhalum,<code>wannhalum</code>,1,0.0003081
354,wanscryddum,<code>wanscryddum</code>,1,0.0003081
354,wel,<code>wel</code>,1,0.0003081
354,weligre,<code>weligre</code>,1,0.0003081
354,wellybbendum,<code>wellybbendum</code>,1,0.0003081
354,wen,<code>wen</code>,1,0.0003081
354,weofode,<code>weofode</code>,1,0.0003081
354,weorcum,<code>weorcum</code>,1,0.0003081
354,werlice,<code>werlice</code>,1,0.0003081
354,weroda,<code>weroda</code>,1,0.0003081
354,wi&eth;cw&aelig;de,<code>wi&amp;d;cw&amp;ae;de</code>,1,0.0003081
354,wi&eth;cw&aelig;don,<code>wi&amp;d;cw&amp;ae;don</code>,1,0.0003081
354,wi&eth;cwe&eth;e,<code>wi&amp;d;cwe&amp;d;e</code>,1,0.0003081
354,wi&eth;ersacan,<code>wi&amp;d;ersacan</code>,1,0.0003081
354,wi&eth;erwinna,<code>wi&amp;d;erwinna</code>,1,0.0003081
354,wi&eth;feaht,<code>wi&amp;d;feaht</code>,1,0.0003081
354,wide,<code>wide</code>,1,0.0003081
354,wif,<code>wif</code>,1,0.0003081
354,willa,<code>willa</code>,1,0.0003081
354,wille,<code>wille</code>,1,0.0003081
354,wines,<code>wines</code>,1,0.0003081
354,wintres,<code>wintres</code>,1,0.0003081
354,wiste,<code>wiste</code>,1,0.0003081
354,wite,<code>wite</code>,1,0.0003081
354,witegode,<code>witegode</code>,1,0.0003081
354,witegunge,<code>witegunge</code>,1,0.0003081
354,witniendlices,<code>witniendlices</code>,1,0.0003081
354,witon,<code>witon</code>,1,0.0003081
354,witum,<code>witum</code>,1,0.0003081
354,wod,<code>wod</code>,1,0.0003081
354,woda,<code>woda</code>,1,0.0003081
354,wodnysse,<code>wodnysse</code>,1,0.0003081
354,wop,<code>wop</code>,1,0.0003081
354,worde,<code>worde</code>,1,0.0003081
354,worhte,<code>worhte</code>,1,0.0003081
354,woruldlicum,<code>woruldlicum</code>,1,0.0003081
354,woruldrica,<code>woruldrica</code>,1,0.0003081
354,wrat,<code>wrat</code>,1,0.0003081
354,wuldor,<code>wuldor</code>,1,0.0003081
354,wuldorful,<code>wuldorful</code>,1,0.0003081
354,wuldorfulla,<code>wuldorfulla</code>,1,0.0003081
354,wuldorfullan,<code>wuldorfullan</code>,1,0.0003081
354,wuldre,<code>wuldre</code>,1,0.0003081
354,wulfas,<code>wulfas</code>,1,0.0003081
354,wunderlice,<code>wunderlice</code>,1,0.0003081
354,wunderlicum,<code>wunderlicum</code>,1,0.0003081
354,wundra,<code>wundra</code>,1,0.0003081
354,wundrum,<code>wundrum</code>,1,0.0003081
354,wunian,<code>wunian</code>,1,0.0003081
354,wunigende,<code>wunigende</code>,1,0.0003081
354,wunnon,<code>wunnon</code>,1,0.0003081
354,wunodon,<code>wunodon</code>,1,0.0003081
354,wununge,<code>wununge</code>,1,0.0003081
354,wur&eth;mynte,<code>wur&amp;d;mynte</code>,1,0.0003081
354,wur&eth;ode,<code>wur&amp;d;ode</code>,1,0.0003081
354,wurde,<code>wurde</code>,1,0.0003081
354,wydewan,<code>wydewan</code>,1,0.0003081
354,wylla&eth;,<code>wylla&amp;d;</code>,1,0.0003081
354,wynne,<code>wynne</code>,1,0.0003081
354,wyntre,<code>wyntre</code>,1,0.0003081
354,wyr&eth;e,<code>wyr&amp;d;e</code>,1,0.0003081
354,wyrmes,<code>wyrmes</code>,1,0.0003081
354,yfele,<code>yfele</code>,1,0.0003081
354,yld,<code>yld</code>,1,0.0003081
354,yrm&eth;um,<code>yrm&amp;d;um</code>,1,0.0003081
