B_Prose,B01,B01.002.037_AECHom_II__35_T02870.txt,869,574,2508
RANK,HTML WORD,RAW WORD,COUNT,RELATIVE FREQUENCY
1,and,<code>and</code>,147,0.0586124
2,his,<code>his</code>,77,0.0307018
3,on,<code>on</code>,66,0.0263158
4,swa,<code>swa</code>,64,0.0255183
5,he,<code>he</code>,51,0.0203349
6,&eth;a,<code>&amp;d;a</code>,45,0.0179426
7,ne,<code>ne</code>,44,0.0175439
8,&thorn;&aelig;t,<code>&amp;t;&amp;ae;t</code>,40,0.0159490
9,to,<code>to</code>,36,0.0143541
10,&eth;e,<code>&amp;d;e</code>,35,0.0139553
10,se,<code>se</code>,35,0.0139553
12,ic,<code>ic</code>,32,0.0127592
13,him,<code>him</code>,31,0.0123604
14,iob,<code>iob</code>,28,0.0111643
15,for,<code>for</code>,26,0.0103668
16,cw&aelig;&eth;,<code>cw&amp;ae;&amp;d;</code>,23,0.0091707
17,hi,<code>hi</code>,21,0.0083732
18,is,<code>is</code>,19,0.0075758
19,god,<code>god</code>,17,0.0067783
19,hine,<code>hine</code>,17,0.0067783
21,mid,<code>mid</code>,16,0.0063796
21,w&aelig;s,<code>w&amp;ae;s</code>,16,0.0063796
23,ac,<code>ac</code>,15,0.0059809
24,&eth;am,<code>&amp;d;am</code>,14,0.0055821
24,&thorn;a,<code>&amp;t;a</code>,14,0.0055821
24,&thorn;e,<code>&amp;t;e</code>,14,0.0055821
24,w&aelig;ron,<code>w&amp;ae;ron</code>,14,0.0055821
28,heora,<code>heora</code>,13,0.0051834
28,of,<code>of</code>,13,0.0051834
30,&eth;an,<code>&amp;d;an</code>,12,0.0047847
30,be,<code>be</code>,12,0.0047847
30,ealle,<code>ealle</code>,12,0.0047847
30,eor&eth;an,<code>eor&amp;d;an</code>,12,0.0047847
30,godes,<code>godes</code>,12,0.0047847
35,&aelig;hta,<code>&amp;ae;hta</code>,11,0.0043860
35,deofol,<code>deofol</code>,11,0.0043860
35,drihten,<code>drihten</code>,11,0.0043860
38,eallum,<code>eallum</code>,10,0.0039872
38,eft,<code>eft</code>,10,0.0039872
38,man,<code>man</code>,10,0.0039872
41,com,<code>com</code>,9,0.0035885
41,nu,<code>nu</code>,9,0.0035885
43,&eth;ine,<code>&amp;d;ine</code>,8,0.0031898
43,&eth;u,<code>&amp;d;u</code>,8,0.0031898
43,eow,<code>eow</code>,8,0.0031898
43,gode,<code>gode</code>,8,0.0031898
43,hit,<code>hit</code>,8,0.0031898
43,min,<code>min</code>,8,0.0031898
43,we,<code>we</code>,8,0.0031898
50,comon,<code>comon</code>,7,0.0027911
50,eac,<code>eac</code>,7,0.0027911
50,me,<code>me</code>,7,0.0027911
50,minum,<code>minum</code>,7,0.0027911
50,w&aelig;re,<code>w&amp;ae;re</code>,7,0.0027911
55,&aelig;t,<code>&amp;ae;t</code>,6,0.0023923
55,&eth;eah,<code>&amp;d;eah</code>,6,0.0023923
55,&eth;usend,<code>&amp;d;usend</code>,6,0.0023923
55,ana,<code>ana</code>,6,0.0023923
55,bearn,<code>bearn</code>,6,0.0023923
55,fram,<code>fram</code>,6,0.0023923
55,gesih&eth;e,<code>gesih&amp;d;e</code>,6,0.0023923
55,gif,<code>gif</code>,6,0.0023923
55,h&aelig;fde,<code>h&amp;ae;fde</code>,6,0.0023923
55,heofenum,<code>heofenum</code>,6,0.0023923
55,hund,<code>hund</code>,6,0.0023923
55,seo,<code>seo</code>,6,0.0023923
55,seofon,<code>seofon</code>,6,0.0023923
55,wi&eth;,<code>wi&amp;d;</code>,6,0.0023923
69,&aelig;r,<code>&amp;ae;r</code>,5,0.0019936
69,&eth;&aelig;re,<code>&amp;d;&amp;ae;re</code>,5,0.0019936
69,&eth;isum,<code>&amp;d;isum</code>,5,0.0019936
69,&eth;onne,<code>&amp;d;onne</code>,5,0.0019936
69,&thorn;&aelig;s,<code>&amp;t;&amp;ae;s</code>,5,0.0019936
69,&thorn;am,<code>&amp;t;am</code>,5,0.0019936
69,&thorn;is,<code>&amp;t;is</code>,5,0.0019936
69,&thorn;urh,<code>&amp;t;urh</code>,5,0.0019936
69,acwealde,<code>acwealde</code>,5,0.0019936
69,ansyne,<code>ansyne</code>,5,0.0019936
69,buton,<code>buton</code>,5,0.0019936
69,cydde,<code>cydde</code>,5,0.0019936
69,dagas,<code>dagas</code>,5,0.0019936
69,dyde,<code>dyde</code>,5,0.0019936
69,eal,<code>eal</code>,5,0.0019936
69,ge,<code>ge</code>,5,0.0019936
69,hw&aelig;t,<code>hw&amp;ae;t</code>,5,0.0019936
69,iobe,<code>iobe</code>,5,0.0019936
69,iobes,<code>iobes</code>,5,0.0019936
69,mine,<code>mine</code>,5,0.0019936
69,ongean,<code>ongean</code>,5,0.0019936
69,so&eth;lice,<code>so&amp;d;lice</code>,5,0.0019936
69,sum,<code>sum</code>,5,0.0019936
69,ure,<code>ure</code>,5,0.0019936
69,welerum,<code>welerum</code>,5,0.0019936
94,&aelig;fter,<code>&amp;ae;fter</code>,4,0.0015949
94,&aelig;lmihtiga,<code>&amp;ae;lmihtiga</code>,4,0.0015949
94,&eth;&aelig;ra,<code>&amp;d;&amp;ae;ra</code>,4,0.0015949
94,&eth;as,<code>&amp;d;as</code>,4,0.0015949
94,&eth;is,<code>&amp;d;is</code>,4,0.0015949
94,&eth;one,<code>&amp;d;one</code>,4,0.0015949
94,&eth;reo,<code>&amp;d;reo</code>,4,0.0015949
94,&eth;urh,<code>&amp;d;urh</code>,4,0.0015949
94,&thorn;as,<code>&amp;t;as</code>,4,0.0015949
94,&thorn;u,<code>&amp;t;u</code>,4,0.0015949
94,assan,<code>assan</code>,4,0.0015949
94,bi&eth;,<code>bi&amp;d;</code>,4,0.0015949
94,d&aelig;ge,<code>d&amp;ae;ge</code>,4,0.0015949
94,deofles,<code>deofles</code>,4,0.0015949
94,dohtra,<code>dohtra</code>,4,0.0015949
94,efne,<code>efne</code>,4,0.0015949
94,fif,<code>fif</code>,4,0.0015949
94,fyr,<code>fyr</code>,4,0.0015949
94,geara,<code>geara</code>,4,0.0015949
94,gyt,<code>gyt</code>,4,0.0015949
94,life,<code>life</code>,4,0.0015949
94,mannum,<code>mannum</code>,4,0.0015949
94,ofer,<code>ofer</code>,4,0.0015949
94,sceapa,<code>sceapa</code>,4,0.0015949
94,scucca,<code>scucca</code>,4,0.0015949
94,suna,<code>suna</code>,4,0.0015949
94,swi&eth;e,<code>swi&amp;d;e</code>,4,0.0015949
94,syngode,<code>syngode</code>,4,0.0015949
94,wer,<code>wer</code>,4,0.0015949
123,&aelig;rendraca,<code>&amp;ae;rendraca</code>,3,0.0011962
123,&eth;eowan,<code>&amp;d;eowan</code>,3,0.0011962
123,&eth;in,<code>&amp;d;in</code>,3,0.0011962
123,&eth;ing,<code>&amp;d;ing</code>,3,0.0011962
123,&eth;ingum,<code>&amp;d;ingum</code>,3,0.0011962
123,&eth;inre,<code>&amp;d;inre</code>,3,0.0011962
123,&eth;us,<code>&amp;d;us</code>,3,0.0011962
123,&thorn;&aelig;re,<code>&amp;t;&amp;ae;re</code>,3,0.0011962
123,&thorn;one,<code>&amp;t;one</code>,3,0.0011962
123,&thorn;onne,<code>&amp;t;onne</code>,3,0.0011962
123,andwyrde,<code>andwyrde</code>,3,0.0011962
123,bearna,<code>bearna</code>,3,0.0011962
123,beo,<code>beo</code>,3,0.0011962
123,beon,<code>beon</code>,3,0.0011962
123,betwux,<code>betwux</code>,3,0.0011962
123,cyningas,<code>cyningas</code>,3,0.0011962
123,dagum,<code>dagum</code>,3,0.0011962
123,f&aelig;rlice,<code>f&amp;ae;rlice</code>,3,0.0011962
123,geb&aelig;d,<code>geb&amp;ae;d</code>,3,0.0011962
123,gelica,<code>gelica</code>,3,0.0011962
123,hand,<code>hand</code>,3,0.0011962
123,handa,<code>handa</code>,3,0.0011962
123,hire,<code>hire</code>,3,0.0011962
123,lac,<code>lac</code>,3,0.0011962
123,lif,<code>lif</code>,3,0.0011962
123,lyre,<code>lyre</code>,3,0.0011962
123,mannes,<code>mannes</code>,3,0.0011962
123,micclum,<code>micclum</code>,3,0.0011962
123,minne,<code>minne</code>,3,0.0011962
123,nan,<code>nan</code>,3,0.0011962
123,olfenda,<code>olfenda</code>,3,0.0011962
123,oxena,<code>oxena</code>,3,0.0011962
123,race,<code>race</code>,3,0.0011962
123,sawle,<code>sawle</code>,3,0.0011962
123,sceal,<code>sceal</code>,3,0.0011962
123,secgan,<code>secgan</code>,3,0.0011962
123,si&eth;&eth;an,<code>si&amp;d;&amp;d;an</code>,3,0.0011962
123,sind,<code>sind</code>,3,0.0011962
123,spr&aelig;ce,<code>spr&amp;ae;ce</code>,3,0.0011962
123,swi&eth;or,<code>swi&amp;d;or</code>,3,0.0011962
123,swilce,<code>swilce</code>,3,0.0011962
123,sylf,<code>sylf</code>,3,0.0011962
123,sylfum,<code>sylfum</code>,3,0.0011962
123,symle,<code>symle</code>,3,0.0011962
123,underfeng,<code>underfeng</code>,3,0.0011962
123,ungelimp,<code>ungelimp</code>,3,0.0011962
123,wif,<code>wif</code>,3,0.0011962
123,yfel,<code>yfel</code>,3,0.0011962
171,&aelig;lc,<code>&amp;ae;lc</code>,2,0.0007974
171,&aelig;tb&aelig;rst,<code>&amp;ae;tb&amp;ae;rst</code>,2,0.0007974
171,&eth;eowa,<code>&amp;d;eowa</code>,2,0.0007974
171,&eth;i,<code>&amp;d;i</code>,2,0.0007974
171,&eth;rim,<code>&amp;d;rim</code>,2,0.0007974
171,&eth;ry,<code>&amp;d;ry</code>,2,0.0007974
171,&thorn;&aelig;ra,<code>&amp;t;&amp;ae;ra</code>,2,0.0007974
171,&thorn;an,<code>&amp;t;an</code>,2,0.0007974
171,&thorn;eah,<code>&amp;t;eah</code>,2,0.0007974
171,&thorn;ises,<code>&amp;t;ises</code>,2,0.0007974
171,&thorn;usend,<code>&amp;t;usend</code>,2,0.0007974
171,agen,<code>agen</code>,2,0.0007974
171,ah,<code>ah</code>,2,0.0007974
171,an,<code>an</code>,2,0.0007974
171,andgyt,<code>andgyt</code>,2,0.0007974
171,anre,<code>anre</code>,2,0.0007974
171,anum,<code>anum</code>,2,0.0007974
171,aras,<code>aras</code>,2,0.0007974
171,astrece,<code>astrece</code>,2,0.0007974
171,awrat,<code>awrat</code>,2,0.0007974
171,balda&eth;,<code>balda&amp;d;</code>,2,0.0007974
171,ban,<code>ban</code>,2,0.0007974
171,beheolde,<code>beheolde</code>,2,0.0007974
171,behreowsunge,<code>behreowsunge</code>,2,0.0007974
171,bilewite,<code>bilewite</code>,2,0.0007974
171,blinda,<code>blinda</code>,2,0.0007974
171,bosme,<code>bosme</code>,2,0.0007974
171,bysne,<code>bysne</code>,2,0.0007974
171,campdom,<code>campdom</code>,2,0.0007974
171,come,<code>come</code>,2,0.0007974
171,cristes,<code>cristes</code>,2,0.0007974
171,de&eth;,<code>de&amp;d;</code>,2,0.0007974
171,dei,<code>dei</code>,2,0.0007974
171,dicit,<code>dicit</code>,2,0.0007974
171,ea&eth;elice,<code>ea&amp;d;elice</code>,2,0.0007974
171,eadigan,<code>eadigan</code>,2,0.0007974
171,ealdum,<code>ealdum</code>,2,0.0007974
171,edleanes,<code>edleanes</code>,2,0.0007974
171,ehtnysse,<code>ehtnysse</code>,2,0.0007974
171,elifaz,<code>elifaz</code>,2,0.0007974
171,englas,<code>englas</code>,2,0.0007974
171,f&aelig;r&eth;,<code>f&amp;ae;r&amp;d;</code>,2,0.0007974
171,felle,<code>felle</code>,2,0.0007974
171,feowertig,<code>feowertig</code>,2,0.0007974
171,ferde,<code>ferde</code>,2,0.0007974
171,ferdon,<code>ferdon</code>,2,0.0007974
171,fl&aelig;sc,<code>fl&amp;ae;sc</code>,2,0.0007974
171,forb&aelig;rnde,<code>forb&amp;ae;rnde</code>,2,0.0007974
171,forbugende,<code>forbugende</code>,2,0.0007974
171,forgeaf,<code>forgeaf</code>,2,0.0007974
171,freondum,<code>freondum</code>,2,0.0007974
171,ge&eth;afode,<code>ge&amp;d;afode</code>,2,0.0007974
171,ge&eth;yld,<code>ge&amp;d;yld</code>,2,0.0007974
171,gebit,<code>gebit</code>,2,0.0007974
171,gebro&eth;ra,<code>gebro&amp;d;ra</code>,2,0.0007974
171,gecyrde,<code>gecyrde</code>,2,0.0007974
171,gefrefrodon,<code>gefrefrodon</code>,2,0.0007974
171,geh&aelig;lde,<code>geh&amp;ae;lde</code>,2,0.0007974
171,gehealdene,<code>gehealdene</code>,2,0.0007974
171,gelamp,<code>gelamp</code>,2,0.0007974
171,geleafan,<code>geleafan</code>,2,0.0007974
171,geneosodon,<code>geneosodon</code>,2,0.0007974
171,geond,<code>geond</code>,2,0.0007974
171,geseah,<code>geseah</code>,2,0.0007974
171,getyme,<code>getyme</code>,2,0.0007974
171,gewendan,<code>gewendan</code>,2,0.0007974
171,gewende,<code>gewende</code>,2,0.0007974
171,gewinne,<code>gewinne</code>,2,0.0007974
171,gewunelic,<code>gewunelic</code>,2,0.0007974
171,hus,<code>hus</code>,2,0.0007974
171,hw&aelig;r,<code>hw&amp;ae;r</code>,2,0.0007974
171,hwanon,<code>hwanon</code>,2,0.0007974
171,hwi,<code>hwi</code>,2,0.0007974
171,hyrdas,<code>hyrdas</code>,2,0.0007974
171,l&aelig;wedum,<code>l&amp;ae;wedum</code>,2,0.0007974
171,la,<code>la</code>,2,0.0007974
171,leofode,<code>leofode</code>,2,0.0007974
171,m&aelig;&eth;e,<code>m&amp;ae;&amp;d;e</code>,2,0.0007974
171,m&aelig;g,<code>m&amp;ae;g</code>,2,0.0007974
171,magon,<code>magon</code>,2,0.0007974
171,men,<code>men</code>,2,0.0007974
171,micele,<code>micele</code>,2,0.0007974
171,n&aelig;ron,<code>n&amp;ae;ron</code>,2,0.0007974
171,na,<code>na</code>,2,0.0007974
171,nacod,<code>nacod</code>,2,0.0007974
171,nama,<code>nama</code>,2,0.0007974
171,nis,<code>nis</code>,2,0.0007974
171,nolde,<code>nolde</code>,2,0.0007974
171,o&eth;,<code>o&amp;d;</code>,2,0.0007974
171,o&eth;er,<code>o&amp;d;er</code>,2,0.0007974
171,o&eth;rum,<code>o&amp;d;rum</code>,2,0.0007974
171,offrode,<code>offrode</code>,2,0.0007974
171,ofslogon,<code>ofslogon</code>,2,0.0007974
171,ondr&aelig;dende,<code>ondr&amp;ae;dende</code>,2,0.0007974
171,reaf,<code>reaf</code>,2,0.0007974
171,rihtlice,<code>rihtlice</code>,2,0.0007974
171,rihtwis,<code>rihtwis</code>,2,0.0007974
171,s&aelig;de,<code>s&amp;ae;de</code>,2,0.0007974
171,samod,<code>samod</code>,2,0.0007974
171,sceocca,<code>sceocca</code>,2,0.0007974
171,sceoccan,<code>sceoccan</code>,2,0.0007974
171,sceole,<code>sceole</code>,2,0.0007974
171,scep,<code>scep</code>,2,0.0007974
171,sofar,<code>sofar</code>,2,0.0007974
171,spr&aelig;c,<code>spr&amp;ae;c</code>,2,0.0007974
171,spr&aelig;con,<code>spr&amp;ae;con</code>,2,0.0007974
171,steopbearne,<code>steopbearne</code>,2,0.0007974
171,stod,<code>stod</code>,2,0.0007974
171,stodon,<code>stodon</code>,2,0.0007974
171,sumum,<code>sumum</code>,2,0.0007974
171,sunnan,<code>sunnan</code>,2,0.0007974
171,sunum,<code>sunum</code>,2,0.0007974
171,synna,<code>synna</code>,2,0.0007974
171,twa,<code>twa</code>,2,0.0007974
171,twyfealdum,<code>twyfealdum</code>,2,0.0007974
171,ufan,<code>ufan</code>,2,0.0007974
171,untrumnysse,<code>untrumnysse</code>,2,0.0007974
171,upon,<code>upon</code>,2,0.0007974
171,us,<code>us</code>,2,0.0007974
171,were,<code>were</code>,2,0.0007974
171,wite,<code>wite</code>,2,0.0007974
171,wolde,<code>wolde</code>,2,0.0007974
171,worulde,<code>worulde</code>,2,0.0007974
171,wunde,<code>wunde</code>,2,0.0007974
171,wurde,<code>wurde</code>,2,0.0007974
296,&aelig;l&eth;eodig,<code>&amp;ae;l&amp;d;eodig</code>,1,0.0003987
296,&aelig;lmihtigan,<code>&amp;ae;lmihtigan</code>,1,0.0003987
296,&aelig;lmihtigum,<code>&amp;ae;lmihtigum</code>,1,0.0003987
296,&aelig;mode,<code>&amp;ae;mode</code>,1,0.0003987
296,&aelig;nigum,<code>&amp;ae;nigum</code>,1,0.0003987
296,&aelig;nne,<code>&amp;ae;nne</code>,1,0.0003987
296,&aelig;rnemerigen,<code>&amp;ae;rnemerigen</code>,1,0.0003987
296,&aelig;tfleah,<code>&amp;ae;tfleah</code>,1,0.0003987
296,&aelig;tforan,<code>&amp;ae;tforan</code>,1,0.0003987
296,&aelig;ton,<code>&amp;ae;ton</code>,1,0.0003987
296,&aelig;twand,<code>&amp;ae;twand</code>,1,0.0003987
296,&eth;&aelig;ron,<code>&amp;d;&amp;ae;ron</code>,1,0.0003987
296,&eth;anon,<code>&amp;d;anon</code>,1,0.0003987
296,&eth;earfena,<code>&amp;d;earfena</code>,1,0.0003987
296,&eth;earfleas,<code>&amp;d;earfleas</code>,1,0.0003987
296,&eth;earfum,<code>&amp;d;earfum</code>,1,0.0003987
296,&eth;eawas,<code>&amp;d;eawas</code>,1,0.0003987
296,&eth;egen,<code>&amp;d;egen</code>,1,0.0003987
296,&eth;enca&eth;,<code>&amp;d;enca&amp;d;</code>,1,0.0003987
296,&eth;enode,<code>&amp;d;enode</code>,1,0.0003987
296,&eth;enungum,<code>&amp;d;enungum</code>,1,0.0003987
296,&eth;ingr&aelig;dene,<code>&amp;d;ingr&amp;ae;dene</code>,1,0.0003987
296,&eth;inra,<code>&amp;d;inra</code>,1,0.0003987
296,&eth;olige,<code>&amp;d;olige</code>,1,0.0003987
296,&eth;rafungum,<code>&amp;d;rafungum</code>,1,0.0003987
296,&eth;reagenne,<code>&amp;d;reagenne</code>,1,0.0003987
296,&eth;ridda,<code>&amp;d;ridda</code>,1,0.0003987
296,&eth;rowunge,<code>&amp;d;rowunge</code>,1,0.0003987
296,&eth;rymsetl,<code>&amp;d;rymsetl</code>,1,0.0003987
296,&eth;urh&eth;yd,<code>&amp;d;urh&amp;d;yd</code>,1,0.0003987
296,&eth;wyrnyssum,<code>&amp;d;wyrnyssum</code>,1,0.0003987
296,&eth;y,<code>&amp;d;y</code>,1,0.0003987
296,&eth;yllice,<code>&amp;d;yllice</code>,1,0.0003987
296,&eth;yssere,<code>&amp;d;yssere</code>,1,0.0003987
296,&thorn;&aelig;rrihte,<code>&amp;t;&amp;ae;rrihte</code>,1,0.0003987
296,&thorn;&aelig;rto,<code>&amp;t;&amp;ae;rto</code>,1,0.0003987
296,&thorn;earfan,<code>&amp;t;earfan</code>,1,0.0003987
296,&thorn;earfena,<code>&amp;t;earfena</code>,1,0.0003987
296,&thorn;es,<code>&amp;t;es</code>,1,0.0003987
296,&thorn;ine,<code>&amp;t;ine</code>,1,0.0003987
296,&thorn;olmodan,<code>&amp;t;olmodan</code>,1,0.0003987
296,&thorn;ry,<code>&amp;t;ry</code>,1,0.0003987
296,&thorn;urhwunast,<code>&amp;t;urhwunast</code>,1,0.0003987
296,&thorn;us,<code>&amp;t;us</code>,1,0.0003987
296,abite,<code>abite</code>,1,0.0003987
296,abrahame,<code>abrahame</code>,1,0.0003987
296,acennede,<code>acennede</code>,1,0.0003987
296,adam,<code>adam</code>,1,0.0003987
296,afeol,<code>afeol</code>,1,0.0003987
296,agenum,<code>agenum</code>,1,0.0003987
296,agylton,<code>agylton</code>,1,0.0003987
296,altera,<code>altera</code>,1,0.0003987
296,alysde,<code>alysde</code>,1,0.0003987
296,alysend,<code>alysend</code>,1,0.0003987
296,amen,<code>amen</code>,1,0.0003987
296,amyrrede,<code>amyrrede</code>,1,0.0003987
296,anbida&eth;,<code>anbida&amp;d;</code>,1,0.0003987
296,andgit,<code>andgit</code>,1,0.0003987
296,andgites,<code>andgites</code>,1,0.0003987
296,anes,<code>anes</code>,1,0.0003987
296,anfealdon,<code>anfealdon</code>,1,0.0003987
296,angeli,<code>angeli</code>,1,0.0003987
296,angynne,<code>angynne</code>,1,0.0003987
296,anr&aelig;dnysse,<code>anr&amp;ae;dnysse</code>,1,0.0003987
296,ansyn,<code>ansyn</code>,1,0.0003987
296,antecrist,<code>antecrist</code>,1,0.0003987
296,apostol,<code>apostol</code>,1,0.0003987
296,ara,<code>ara</code>,1,0.0003987
296,arise,<code>arise</code>,1,0.0003987
296,arleasan,<code>arleasan</code>,1,0.0003987
296,arleasra,<code>arleasra</code>,1,0.0003987
296,ascr&aelig;p,<code>ascr&amp;ae;p</code>,1,0.0003987
296,asendan,<code>asendan</code>,1,0.0003987
296,asent,<code>asent</code>,1,0.0003987
296,astrecce,<code>astrecce</code>,1,0.0003987
296,astyredest,<code>astyredest</code>,1,0.0003987
296,atelice,<code>atelice</code>,1,0.0003987
296,ateorodest,<code>ateorodest</code>,1,0.0003987
296,awecgan,<code>awecgan</code>,1,0.0003987
296,awegene,<code>awegene</code>,1,0.0003987
296,awend,<code>awend</code>,1,0.0003987
296,awendenne,<code>awendenne</code>,1,0.0003987
296,awendon,<code>awendon</code>,1,0.0003987
296,awent,<code>awent</code>,1,0.0003987
296,awriten,<code>awriten</code>,1,0.0003987
296,axode,<code>axode</code>,1,0.0003987
296,axum,<code>axum</code>,1,0.0003987
296,bebead,<code>bebead</code>,1,0.0003987
296,become,<code>become</code>,1,0.0003987
296,becume,<code>becume</code>,1,0.0003987
296,bed&aelig;led,<code>bed&amp;ae;led</code>,1,0.0003987
296,bediglode,<code>bediglode</code>,1,0.0003987
296,beeode,<code>beeode</code>,1,0.0003987
296,befangen,<code>befangen</code>,1,0.0003987
296,behydde,<code>behydde</code>,1,0.0003987
296,belimp&eth;,<code>belimp&amp;d;</code>,1,0.0003987
296,benam,<code>benam</code>,1,0.0003987
296,benamon,<code>benamon</code>,1,0.0003987
296,beo&eth;,<code>beo&amp;d;</code>,1,0.0003987
296,bep&aelig;cenne,<code>bep&amp;ae;cenne</code>,1,0.0003987
296,besent,<code>besent</code>,1,0.0003987
296,bestreowodon,<code>bestreowodon</code>,1,0.0003987
296,beswac,<code>beswac</code>,1,0.0003987
296,beswican,<code>beswican</code>,1,0.0003987
296,beswice,<code>beswice</code>,1,0.0003987
296,betwynan,<code>betwynan</code>,1,0.0003987
296,bidde,<code>bidde</code>,1,0.0003987
296,bilewitnysse,<code>bilewitnysse</code>,1,0.0003987
296,biterum,<code>biterum</code>,1,0.0003987
296,bletsode,<code>bletsode</code>,1,0.0003987
296,bletsodest,<code>bletsodest</code>,1,0.0003987
296,blindan,<code>blindan</code>,1,0.0003987
296,blindum,<code>blindum</code>,1,0.0003987
296,bliss,<code>bliss</code>,1,0.0003987
296,blisse,<code>blisse</code>,1,0.0003987
296,blissia&eth;,<code>blissia&amp;d;</code>,1,0.0003987
296,blissode,<code>blissode</code>,1,0.0003987
296,boc,<code>boc</code>,1,0.0003987
296,bre&eth;er,<code>bre&amp;d;er</code>,1,0.0003987
296,care,<code>care</code>,1,0.0003987
296,cempa,<code>cempa</code>,1,0.0003987
296,chaldeiscan,<code>chaldeiscan</code>,1,0.0003987
296,costnung,<code>costnung</code>,1,0.0003987
296,costnunga,<code>costnunga</code>,1,0.0003987
296,costnungum,<code>costnungum</code>,1,0.0003987
296,crocscearde,<code>crocscearde</code>,1,0.0003987
296,cu&eth;on,<code>cu&amp;d;on</code>,1,0.0003987
296,cucan,<code>cucan</code>,1,0.0003987
296,cucenne,<code>cucenne</code>,1,0.0003987
296,cuman,<code>cuman</code>,1,0.0003987
296,cumende,<code>cumende</code>,1,0.0003987
296,cunnon,<code>cunnon</code>,1,0.0003987
296,cw&aelig;don,<code>cw&amp;ae;don</code>,1,0.0003987
296,cy&eth;enne,<code>cy&amp;d;enne</code>,1,0.0003987
296,cym&eth;,<code>cym&amp;d;</code>,1,0.0003987
296,d&aelig;da,<code>d&amp;ae;da</code>,1,0.0003987
296,d&aelig;ges,<code>d&amp;ae;ges</code>,1,0.0003987
296,dea&eth;,<code>dea&amp;d;</code>,1,0.0003987
296,deopan,<code>deopan</code>,1,0.0003987
296,deopnys,<code>deopnys</code>,1,0.0003987
296,deopnysse,<code>deopnysse</code>,1,0.0003987
296,derode,<code>derode</code>,1,0.0003987
296,didon,<code>didon</code>,1,0.0003987
296,digelan,<code>digelan</code>,1,0.0003987
296,digele,<code>digele</code>,1,0.0003987
296,digelnysse,<code>digelnysse</code>,1,0.0003987
296,dominica,<code>dominica</code>,1,0.0003987
296,drihtne,<code>drihtne</code>,1,0.0003987
296,drihtnes,<code>drihtnes</code>,1,0.0003987
296,druncon,<code>druncon</code>,1,0.0003987
296,duru,<code>duru</code>,1,0.0003987
296,duste,<code>duste</code>,1,0.0003987
296,dustes,<code>dustes</code>,1,0.0003987
296,dysige,<code>dysige</code>,1,0.0003987
296,dyslice,<code>dyslice</code>,1,0.0003987
296,dyslices,<code>dyslices</code>,1,0.0003987
296,eage,<code>eage</code>,1,0.0003987
296,eahta,<code>eahta</code>,1,0.0003987
296,eahteo&eth;an,<code>eahteo&amp;d;an</code>,1,0.0003987
296,eala,<code>eala</code>,1,0.0003987
296,ealda,<code>ealda</code>,1,0.0003987
296,eall,<code>eall</code>,1,0.0003987
296,ealra,<code>ealra</code>,1,0.0003987
296,ealre,<code>ealre</code>,1,0.0003987
296,earfo&eth;nyssum,<code>earfo&amp;d;nyssum</code>,1,0.0003987
296,earme,<code>earme</code>,1,0.0003987
296,eart,<code>eart</code>,1,0.0003987
296,easternum,<code>easternum</code>,1,0.0003987
296,ecan,<code>ecan</code>,1,0.0003987
296,ecnysse,<code>ecnysse</code>,1,0.0003987
296,edwit,<code>edwit</code>,1,0.0003987
296,edwite,<code>edwite</code>,1,0.0003987
296,ege,<code>ege</code>,1,0.0003987
296,ende,<code>ende</code>,1,0.0003987
296,endebyrdnysse,<code>endebyrdnysse</code>,1,0.0003987
296,endenextan,<code>endenextan</code>,1,0.0003987
296,eodon,<code>eodon</code>,1,0.0003987
296,eom,<code>eom</code>,1,0.0003987
296,eor&eth;e,<code>eor&amp;d;e</code>,1,0.0003987
296,eower,<code>eower</code>,1,0.0003987
296,eowere,<code>eowere</code>,1,0.0003987
296,eowerne,<code>eowerne</code>,1,0.0003987
296,et,<code>et</code>,1,0.0003987
296,eta&eth;,<code>eta&amp;d;</code>,1,0.0003987
296,euan,<code>euan</code>,1,0.0003987
296,f&aelig;der,<code>f&amp;ae;der</code>,1,0.0003987
296,f&aelig;gnode,<code>f&amp;ae;gnode</code>,1,0.0003987
296,f&aelig;rlic,<code>f&amp;ae;rlic</code>,1,0.0003987
296,fara&eth;,<code>fara&amp;d;</code>,1,0.0003987
296,fearras,<code>fearras</code>,1,0.0003987
296,fel,<code>fel</code>,1,0.0003987
296,fela,<code>fela</code>,1,0.0003987
296,feol,<code>feol</code>,1,0.0003987
296,feondes,<code>feondes</code>,1,0.0003987
296,feor&eth;a,<code>feor&amp;d;a</code>,1,0.0003987
296,feor&eth;an,<code>feor&amp;d;an</code>,1,0.0003987
296,feower,<code>feower</code>,1,0.0003987
296,feowertyne,<code>feowertyne</code>,1,0.0003987
296,fifta,<code>fifta</code>,1,0.0003987
296,filii,<code>filii</code>,1,0.0003987
296,fl&aelig;sce,<code>fl&amp;ae;sce</code>,1,0.0003987
296,floccum,<code>floccum</code>,1,0.0003987
296,flysum,<code>flysum</code>,1,0.0003987
296,forcearf,<code>forcearf</code>,1,0.0003987
296,forgeald,<code>forgeald</code>,1,0.0003987
296,forgoldene,<code>forgoldene</code>,1,0.0003987
296,forgyldan,<code>forgyldan</code>,1,0.0003987
296,forl&aelig;tan,<code>forl&amp;ae;tan</code>,1,0.0003987
296,forlet,<code>forlet</code>,1,0.0003987
296,forlorene,<code>forlorene</code>,1,0.0003987
296,forrotodnysse,<code>forrotodnysse</code>,1,0.0003987
296,forscruncen,<code>forscruncen</code>,1,0.0003987
296,forsearode,<code>forsearode</code>,1,0.0003987
296,forsuwade,<code>forsuwade</code>,1,0.0003987
296,forsuwia&eth;,<code>forsuwia&amp;d;</code>,1,0.0003987
296,forwyrde,<code>forwyrde</code>,1,0.0003987
296,forwyrnde,<code>forwyrnde</code>,1,0.0003987
296,fot,<code>fot</code>,1,0.0003987
296,fotsceamel,<code>fotsceamel</code>,1,0.0003987
296,fotsceamele,<code>fotsceamele</code>,1,0.0003987
296,frema&eth;,<code>frema&amp;d;</code>,1,0.0003987
296,fremode,<code>fremode</code>,1,0.0003987
296,freond,<code>freond</code>,1,0.0003987
296,freonda,<code>freonda</code>,1,0.0003987
296,frofer,<code>frofer</code>,1,0.0003987
296,fulfremednys,<code>fulfremednys</code>,1,0.0003987
296,fulfremedre,<code>fulfremedre</code>,1,0.0003987
296,fullice,<code>fullice</code>,1,0.0003987
296,fultume,<code>fultume</code>,1,0.0003987
296,gastlica,<code>gastlica</code>,1,0.0003987
296,gastlice,<code>gastlice</code>,1,0.0003987
296,ge&aelig;&eth;rytte,<code>ge&amp;ae;&amp;d;rytte</code>,1,0.0003987
296,ge&eth;ance,<code>ge&amp;d;ance</code>,1,0.0003987
296,ge&eth;ih&eth;,<code>ge&amp;d;ih&amp;d;</code>,1,0.0003987
296,ge&eth;inc&eth;um,<code>ge&amp;d;inc&amp;d;um</code>,1,0.0003987
296,ge&eth;yldige,<code>ge&amp;d;yldige</code>,1,0.0003987
296,geafon,<code>geafon</code>,1,0.0003987
296,geanbida&eth;,<code>geanbida&amp;d;</code>,1,0.0003987
296,geanlicod,<code>geanlicod</code>,1,0.0003987
296,geaxod,<code>geaxod</code>,1,0.0003987
296,geaxodon,<code>geaxodon</code>,1,0.0003987
296,gebletsod,<code>gebletsod</code>,1,0.0003987
296,gecigde,<code>gecigde</code>,1,0.0003987
296,gecorenan,<code>gecorenan</code>,1,0.0003987
296,gecostnod,<code>gecostnod</code>,1,0.0003987
296,gecw&aelig;don,<code>gecw&amp;ae;don</code>,1,0.0003987
296,gecweden,<code>gecweden</code>,1,0.0003987
296,gedon,<code>gedon</code>,1,0.0003987
296,gedrehtan,<code>gedrehtan</code>,1,0.0003987
296,geearnunga,<code>geearnunga</code>,1,0.0003987
296,geferum,<code>geferum</code>,1,0.0003987
296,gefrefrigenne,<code>gefrefrigenne</code>,1,0.0003987
296,gefrefrode,<code>gefrefrode</code>,1,0.0003987
296,gefylstan,<code>gefylstan</code>,1,0.0003987
296,gehalgode,<code>gehalgode</code>,1,0.0003987
296,gehaten,<code>gehaten</code>,1,0.0003987
296,geheolp,<code>geheolp</code>,1,0.0003987
296,gehiwod,<code>gehiwod</code>,1,0.0003987
296,gehlywde,<code>gehlywde</code>,1,0.0003987
296,gehwa,<code>gehwa</code>,1,0.0003987
296,gehyran,<code>gehyran</code>,1,0.0003987
296,gehyre,<code>gehyre</code>,1,0.0003987
296,gel&aelig;hton,<code>gel&amp;ae;hton</code>,1,0.0003987
296,gel&aelig;red,<code>gel&amp;ae;red</code>,1,0.0003987
296,gela&eth;odon,<code>gela&amp;d;odon</code>,1,0.0003987
296,gela&eth;unge,<code>gela&amp;d;unge</code>,1,0.0003987
296,geleaffullum,<code>geleaffullum</code>,1,0.0003987
296,geled,<code>geled</code>,1,0.0003987
296,gelicode,<code>gelicode</code>,1,0.0003987
296,gem&aelig;rsod,<code>gem&amp;ae;rsod</code>,1,0.0003987
296,gemette,<code>gemette</code>,1,0.0003987
296,gemyndige,<code>gemyndige</code>,1,0.0003987
296,genam,<code>genam</code>,1,0.0003987
296,genoh,<code>genoh</code>,1,0.0003987
296,geoffria&eth;,<code>geoffria&amp;d;</code>,1,0.0003987
296,geopenode,<code>geopenode</code>,1,0.0003987
296,gereccan,<code>gereccan</code>,1,0.0003987
296,gereccednysse,<code>gereccednysse</code>,1,0.0003987
296,ges&aelig;l&eth;e,<code>ges&amp;ae;l&amp;d;e</code>,1,0.0003987
296,gescynd,<code>gescynd</code>,1,0.0003987
296,geseo,<code>geseo</code>,1,0.0003987
296,geset,<code>geset</code>,1,0.0003987
296,geseten,<code>geseten</code>,1,0.0003987
296,gesewene,<code>gesewene</code>,1,0.0003987
296,gesibbe,<code>gesibbe</code>,1,0.0003987
296,gesih&eth;,<code>gesih&amp;d;</code>,1,0.0003987
296,gesihst,<code>gesihst</code>,1,0.0003987
296,gespr&aelig;c,<code>gespr&amp;ae;c</code>,1,0.0003987
296,geswencednysse,<code>geswencednysse</code>,1,0.0003987
296,geswencte,<code>geswencte</code>,1,0.0003987
296,geswencton,<code>geswencton</code>,1,0.0003987
296,geswustru,<code>geswustru</code>,1,0.0003987
296,getacnung,<code>getacnung</code>,1,0.0003987
296,geteald,<code>geteald</code>,1,0.0003987
296,getel,<code>getel</code>,1,0.0003987
296,getill,<code>getill</code>,1,0.0003987
296,getucod,<code>getucod</code>,1,0.0003987
296,getymu,<code>getymu</code>,1,0.0003987
296,geunrotsod,<code>geunrotsod</code>,1,0.0003987
296,geuntrumode,<code>geuntrumode</code>,1,0.0003987
296,gewelga&eth;,<code>gewelga&amp;d;</code>,1,0.0003987
296,geweman,<code>geweman</code>,1,0.0003987
296,gewinn,<code>gewinn</code>,1,0.0003987
296,gewitleast,<code>gewitleast</code>,1,0.0003987
296,gewrit,<code>gewrit</code>,1,0.0003987
296,gife,<code>gife</code>,1,0.0003987
296,goda,<code>goda</code>,1,0.0003987
296,godan,<code>godan</code>,1,0.0003987
296,godum,<code>godum</code>,1,0.0003987
296,gram,<code>gram</code>,1,0.0003987
296,gremienne,<code>gremienne</code>,1,0.0003987
296,grymetende,<code>grymetende</code>,1,0.0003987
296,gylpe,<code>gylpe</code>,1,0.0003987
296,gyrndon,<code>gyrndon</code>,1,0.0003987
296,gytsunge,<code>gytsunge</code>,1,0.0003987
296,h&aelig;f&eth;,<code>h&amp;ae;f&amp;d;</code>,1,0.0003987
296,h&aelig;fdon,<code>h&amp;ae;fdon</code>,1,0.0003987
296,habba&eth;,<code>habba&amp;d;</code>,1,0.0003987
296,habban,<code>habban</code>,1,0.0003987
296,halgan,<code>halgan</code>,1,0.0003987
296,halgum,<code>halgum</code>,1,0.0003987
296,halige,<code>halige</code>,1,0.0003987
296,ham,<code>ham</code>,1,0.0003987
296,handgeweorc,<code>handgeweorc</code>,1,0.0003987
296,heafod,<code>heafod</code>,1,0.0003987
296,heahf&aelig;dere,<code>heahf&amp;ae;dere</code>,1,0.0003987
296,heald,<code>heald</code>,1,0.0003987
296,healtum,<code>healtum</code>,1,0.0003987
296,hegum,<code>hegum</code>,1,0.0003987
296,heofen,<code>heofen</code>,1,0.0003987
296,heold,<code>heold</code>,1,0.0003987
296,heonan,<code>heonan</code>,1,0.0003987
296,heortan,<code>heortan</code>,1,0.0003987
296,herunge,<code>herunge</code>,1,0.0003987
296,hiht,<code>hiht</code>,1,0.0003987
296,hired,<code>hired</code>,1,0.0003987
296,hlaf,<code>hlaf</code>,1,0.0003987
296,hnolle,<code>hnolle</code>,1,0.0003987
296,horwum,<code>horwum</code>,1,0.0003987
296,hreosende,<code>hreosende</code>,1,0.0003987
296,hrepa,<code>hrepa</code>,1,0.0003987
296,hrepode,<code>hrepode</code>,1,0.0003987
296,hrymdon,<code>hrymdon</code>,1,0.0003987
296,hrymende,<code>hrymende</code>,1,0.0003987
296,hryre,<code>hryre</code>,1,0.0003987
296,huse,<code>huse</code>,1,0.0003987
296,hw&aelig;&eth;ere,<code>hw&amp;ae;&amp;d;ere</code>,1,0.0003987
296,hw&aelig;ne,<code>hw&amp;ae;ne</code>,1,0.0003987
296,hwam,<code>hwam</code>,1,0.0003987
296,hwemmum,<code>hwemmum</code>,1,0.0003987
296,hwilc,<code>hwilc</code>,1,0.0003987
296,hwile,<code>hwile</code>,1,0.0003987
296,hwon,<code>hwon</code>,1,0.0003987
296,hyd,<code>hyd</code>,1,0.0003987
296,hylt,<code>hylt</code>,1,0.0003987
296,hyrman,<code>hyrman</code>,1,0.0003987
296,i,<code>i</code>,1,0.0003987
296,idel,<code>idel</code>,1,0.0003987
296,ilas,<code>ilas</code>,1,0.0003987
296,in,<code>in</code>,1,0.0003987
296,inn,<code>inn</code>,1,0.0003987
296,inno&eth;e,<code>inno&amp;d;e</code>,1,0.0003987
296,l&aelig;fde,<code>l&amp;ae;fde</code>,1,0.0003987
296,l&aelig;g,<code>l&amp;ae;g</code>,1,0.0003987
296,l&aelig;s,<code>l&amp;ae;s</code>,1,0.0003987
296,l&aelig;swodon,<code>l&amp;ae;swodon</code>,1,0.0003987
296,lame,<code>lame</code>,1,0.0003987
296,lande,<code>lande</code>,1,0.0003987
296,langsum,<code>langsum</code>,1,0.0003987
296,langsume,<code>langsume</code>,1,0.0003987
296,langsumnysse,<code>langsumnysse</code>,1,0.0003987
296,lareowas,<code>lareowas</code>,1,0.0003987
296,legitur,<code>legitur</code>,1,0.0003987
296,leo,<code>leo</code>,1,0.0003987
296,leofa&eth;,<code>leofa&amp;d;</code>,1,0.0003987
296,leoman,<code>leoman</code>,1,0.0003987
296,lic,<code>lic</code>,1,0.0003987
296,lice,<code>lice</code>,1,0.0003987
296,loccas,<code>loccas</code>,1,0.0003987
296,logia&eth;,<code>logia&amp;d;</code>,1,0.0003987
296,lustum,<code>lustum</code>,1,0.0003987
296,lytles,<code>lytles</code>,1,0.0003987
296,m&aelig;g&eth;e,<code>m&amp;ae;g&amp;d;e</code>,1,0.0003987
296,m&aelig;ge,<code>m&amp;ae;ge</code>,1,0.0003987
296,m&aelig;ran,<code>m&amp;ae;ran</code>,1,0.0003987
296,m&aelig;re,<code>m&amp;ae;re</code>,1,0.0003987
296,m&aelig;rne,<code>m&amp;ae;rne</code>,1,0.0003987
296,ma&eth;an,<code>ma&amp;d;an</code>,1,0.0003987
296,magum,<code>magum</code>,1,0.0003987
296,mancynn,<code>mancynn</code>,1,0.0003987
296,mancynne,<code>mancynne</code>,1,0.0003987
296,manega,<code>manega</code>,1,0.0003987
296,manegum,<code>manegum</code>,1,0.0003987
296,manfulla,<code>manfulla</code>,1,0.0003987
296,maran,<code>maran</code>,1,0.0003987
296,medgildan,<code>medgildan</code>,1,0.0003987
296,menigfealdum,<code>menigfealdum</code>,1,0.0003987
296,menniscnysse,<code>menniscnysse</code>,1,0.0003987
296,mense,<code>mense</code>,1,0.0003987
296,micclan,<code>micclan</code>,1,0.0003987
296,miccle,<code>miccle</code>,1,0.0003987
296,micel,<code>micel</code>,1,0.0003987
296,micelne,<code>micelne</code>,1,0.0003987
296,mihton,<code>mihton</code>,1,0.0003987
296,mines,<code>mines</code>,1,0.0003987
296,minra,<code>minra</code>,1,0.0003987
296,minre,<code>minre</code>,1,0.0003987
296,mixene,<code>mixene</code>,1,0.0003987
296,mod,<code>mod</code>,1,0.0003987
296,modes,<code>modes</code>,1,0.0003987
296,modignysse,<code>modignysse</code>,1,0.0003987
296,modor,<code>modor</code>,1,0.0003987
296,mot,<code>mot</code>,1,0.0003987
296,n&aelig;fre,<code>n&amp;ae;fre</code>,1,0.0003987
296,n&aelig;re,<code>n&amp;ae;re</code>,1,0.0003987
296,n&aelig;s,<code>n&amp;ae;s</code>,1,0.0003987
296,naht,<code>naht</code>,1,0.0003987
296,nahte,<code>nahte</code>,1,0.0003987
296,naman,<code>naman</code>,1,0.0003987
296,near,<code>near</code>,1,0.0003987
296,neo&eth;ewerde,<code>neo&amp;d;ewerde</code>,1,0.0003987
296,niht,<code>niht</code>,1,0.0003987
296,nima&eth;,<code>nima&amp;d;</code>,1,0.0003987
296,o&eth;&eth;e,<code>o&amp;d;&amp;d;e</code>,1,0.0003987
296,o&eth;re,<code>o&amp;d;re</code>,1,0.0003987
296,o&thorn;&thorn;e,<code>o&amp;t;&amp;t;e</code>,1,0.0003987
296,of&eth;rihte,<code>of&amp;d;rihte</code>,1,0.0003987
296,oferr&aelig;de,<code>oferr&amp;ae;de</code>,1,0.0003987
296,oferstih&eth;,<code>oferstih&amp;d;</code>,1,0.0003987
296,offrung,<code>offrung</code>,1,0.0003987
296,olfendas,<code>olfendas</code>,1,0.0003987
296,onbutan,<code>onbutan</code>,1,0.0003987
296,oncneowon,<code>oncneowon</code>,1,0.0003987
296,ondr&aelig;t,<code>ondr&amp;ae;t</code>,1,0.0003987
296,orfe,<code>orfe</code>,1,0.0003987
296,orm&aelig;tan,<code>orm&amp;ae;tan</code>,1,0.0003987
296,orm&aelig;te,<code>orm&amp;ae;te</code>,1,0.0003987
296,petrus,<code>petrus</code>,1,0.0003987
296,quando,<code>quando</code>,1,0.0003987
296,r&aelig;da&eth;,<code>r&amp;ae;da&amp;d;</code>,1,0.0003987
296,r&aelig;dan,<code>r&amp;ae;dan</code>,1,0.0003987
296,rammas,<code>rammas</code>,1,0.0003987
296,rice,<code>rice</code>,1,0.0003987
296,riht,<code>riht</code>,1,0.0003987
296,rihtwisnysse,<code>rihtwisnysse</code>,1,0.0003987
296,rihtwisra,<code>rihtwisra</code>,1,0.0003987
296,s&aelig;,<code>s&amp;ae;</code>,1,0.0003987
296,s&aelig;don,<code>s&amp;ae;don</code>,1,0.0003987
296,s&aelig;t,<code>s&amp;ae;t</code>,1,0.0003987
296,s&aelig;ton,<code>s&amp;ae;ton</code>,1,0.0003987
296,sabei,<code>sabei</code>,1,0.0003987
296,sandcorn,<code>sandcorn</code>,1,0.0003987
296,sar,<code>sar</code>,1,0.0003987
296,sarlice,<code>sarlice</code>,1,0.0003987
296,sarnys,<code>sarnys</code>,1,0.0003987
296,sarnysse,<code>sarnysse</code>,1,0.0003987
296,sarnyssum,<code>sarnyssum</code>,1,0.0003987
296,sawlum,<code>sawlum</code>,1,0.0003987
296,sceolon,<code>sceolon</code>,1,0.0003987
296,scortan,<code>scortan</code>,1,0.0003987
296,scuccan,<code>scuccan</code>,1,0.0003987
296,scyppende,<code>scyppende</code>,1,0.0003987
296,scyrtinge,<code>scyrtinge</code>,1,0.0003987
296,secende,<code>secende</code>,1,0.0003987
296,secga&eth;,<code>secga&amp;d;</code>,1,0.0003987
296,seg&eth;,<code>seg&amp;d;</code>,1,0.0003987
296,seofan,<code>seofan</code>,1,0.0003987
296,seofonfealde,<code>seofonfealde</code>,1,0.0003987
296,septembri,<code>septembri</code>,1,0.0003987
296,sidan,<code>sidan</code>,1,0.0003987
296,sindon,<code>sindon</code>,1,0.0003987
296,six,<code>six</code>,1,0.0003987
296,slapa&eth;,<code>slapa&amp;d;</code>,1,0.0003987
296,sloh,<code>sloh</code>,1,0.0003987
296,smeagenne,<code>smeagenne</code>,1,0.0003987
296,spreca&eth;,<code>spreca&amp;d;</code>,1,0.0003987
296,strange,<code>strange</code>,1,0.0003987
296,strenc&eth;,<code>strenc&amp;d;</code>,1,0.0003987
296,stunt,<code>stunt</code>,1,0.0003987
296,sume,<code>sume</code>,1,0.0003987
296,sunne,<code>sunne</code>,1,0.0003987
296,sw&aelig;rran,<code>sw&amp;ae;rran</code>,1,0.0003987
296,swegde,<code>swegde</code>,1,0.0003987
296,swelt,<code>swelt</code>,1,0.0003987
296,swi&eth;lic,<code>swi&amp;d;lic</code>,1,0.0003987
296,swicola,<code>swicola</code>,1,0.0003987
296,swingle,<code>swingle</code>,1,0.0003987
296,swurde,<code>swurde</code>,1,0.0003987
296,swustru,<code>swustru</code>,1,0.0003987
296,swylce,<code>swylce</code>,1,0.0003987
296,sy,<code>sy</code>,1,0.0003987
296,sy&thorn;&thorn;an,<code>sy&amp;t;&amp;t;an</code>,1,0.0003987
296,syfre,<code>syfre</code>,1,0.0003987
296,syl&eth;,<code>syl&amp;d;</code>,1,0.0003987
296,syll,<code>syll</code>,1,0.0003987
296,syngia&eth;,<code>syngia&amp;d;</code>,1,0.0003987
296,synne,<code>synne</code>,1,0.0003987
296,synnum,<code>synnum</code>,1,0.0003987
296,syrwungum,<code>syrwungum</code>,1,0.0003987
296,t&aelig;le,<code>t&amp;ae;le</code>,1,0.0003987
296,timan,<code>timan</code>,1,0.0003987
296,tirigdon,<code>tirigdon</code>,1,0.0003987
296,togeanes,<code>togeanes</code>,1,0.0003987
296,tosloh,<code>tosloh</code>,1,0.0003987
296,toswollen,<code>toswollen</code>,1,0.0003987
296,tot&aelig;r,<code>tot&amp;ae;r</code>,1,0.0003987
296,tot&aelig;re,<code>tot&amp;ae;re</code>,1,0.0003987
296,tot&aelig;ron,<code>tot&amp;ae;ron</code>,1,0.0003987
296,trahtnodon,<code>trahtnodon</code>,1,0.0003987
296,translatio,<code>translatio</code>,1,0.0003987
296,tunecan,<code>tunecan</code>,1,0.0003987
296,tyn,<code>tyn</code>,1,0.0003987
296,ufewerdan,<code>ufewerdan</code>,1,0.0003987
296,una,<code>una</code>,1,0.0003987
296,unalyfedlic,<code>unalyfedlic</code>,1,0.0003987
296,underfengon,<code>underfengon</code>,1,0.0003987
296,underfo,<code>underfo</code>,1,0.0003987
296,underfon,<code>underfon</code>,1,0.0003987
296,understandenne,<code>understandenne</code>,1,0.0003987
296,ungel&aelig;redra,<code>ungel&amp;ae;redra</code>,1,0.0003987
296,ungesewenlican,<code>ungesewenlican</code>,1,0.0003987
296,unriht,<code>unriht</code>,1,0.0003987
296,unrihtwisnysse,<code>unrihtwisnysse</code>,1,0.0003987
296,unrotnysse,<code>unrotnysse</code>,1,0.0003987
296,unsc&aelig;&eth;&eth;ignysse,<code>unsc&amp;ae;&amp;d;&amp;d;ignysse</code>,1,0.0003987
296,untrumnys,<code>untrumnys</code>,1,0.0003987
296,untrumnyssum,<code>untrumnyssum</code>,1,0.0003987
296,w&aelig;gan,<code>w&amp;ae;gan</code>,1,0.0003987
296,wacole,<code>wacole</code>,1,0.0003987
296,wat,<code>wat</code>,1,0.0003987
296,wear&eth;,<code>wear&amp;d;</code>,1,0.0003987
296,wegferendum,<code>wegferendum</code>,1,0.0003987
296,weld&aelig;da,<code>weld&amp;ae;da</code>,1,0.0003987
296,welum,<code>welum</code>,1,0.0003987
296,welwyllendan,<code>welwyllendan</code>,1,0.0003987
296,weolle,<code>weolle</code>,1,0.0003987
296,weoxon,<code>weoxon</code>,1,0.0003987
296,wepende,<code>wepende</code>,1,0.0003987
296,weres,<code>weres</code>,1,0.0003987
296,westene,<code>westene</code>,1,0.0003987
296,wi&eth;erwinna,<code>wi&amp;d;erwinna</code>,1,0.0003987
296,wi&eth;meten,<code>wi&amp;d;meten</code>,1,0.0003987
296,wi&eth;standa&eth;,<code>wi&amp;d;standa&amp;d;</code>,1,0.0003987
296,wi&eth;utan,<code>wi&amp;d;utan</code>,1,0.0003987
296,wifes,<code>wifes</code>,1,0.0003987
296,wille,<code>wille</code>,1,0.0003987
296,wimmen,<code>wimmen</code>,1,0.0003987
296,wind,<code>wind</code>,1,0.0003987
296,wirig&eth;,<code>wirig&amp;d;</code>,1,0.0003987
296,wison,<code>wison</code>,1,0.0003987
296,witodlice,<code>witodlice</code>,1,0.0003987
296,wlitige,<code>wlitige</code>,1,0.0003987
296,wordum,<code>wordum</code>,1,0.0003987
296,wuldor,<code>wuldor</code>,1,0.0003987
296,wuldres,<code>wuldres</code>,1,0.0003987
296,wundra,<code>wundra</code>,1,0.0003987
296,wundrodon,<code>wundrodon</code>,1,0.0003987
296,wur&eth;mynt,<code>wur&amp;d;mynt</code>,1,0.0003987
296,wydewan,<code>wydewan</code>,1,0.0003987
296,wyrig,<code>wyrig</code>,1,0.0003987
296,wyrig&eth;,<code>wyrig&amp;d;</code>,1,0.0003987
296,wyrms,<code>wyrms</code>,1,0.0003987
296,wyrstan,<code>wyrstan</code>,1,0.0003987
296,ylca,<code>ylca</code>,1,0.0003987
296,yldestan,<code>yldestan</code>,1,0.0003987
296,ymbscin&eth;,<code>ymbscin&amp;d;</code>,1,0.0003987
296,ymbscryd,<code>ymbscryd</code>,1,0.0003987
296,ymbtrymedest,<code>ymbtrymedest</code>,1,0.0003987
296,ymhwyrfte,<code>ymhwyrfte</code>,1,0.0003987
296,ymscryd,<code>ymscryd</code>,1,0.0003987
296,yr&eth;ling,<code>yr&amp;d;ling</code>,1,0.0003987
296,yr&eth;lingas,<code>yr&amp;d;lingas</code>,1,0.0003987
296,yrm&eth;,<code>yrm&amp;d;</code>,1,0.0003987
296,yslum,<code>yslum</code>,1,0.0003987
