B_Prose,B01,B01.001.006_AECHom_I__5_T02090.txt,824,600,2003
RANK,HTML WORD,RAW WORD,COUNT,RELATIVE FREQUENCY
1,&amp;,<code>&amp;amp;</code>,74,0.0369446
2,he,<code>he</code>,70,0.0349476
3,&thorn;a,<code>&amp;t;a</code>,46,0.0229656
3,to,<code>to</code>,46,0.0229656
5,&thorn;&aelig;t,<code>&amp;t;&amp;ae;t</code>,45,0.0224663
6,hi,<code>hi</code>,44,0.0219670
7,on,<code>on</code>,43,0.0214678
8,his,<code>his</code>,36,0.0179730
9,swa,<code>swa</code>,31,0.0154768
10,&thorn;e,<code>&amp;t;e</code>,30,0.0149775
11,&eth;a,<code>&amp;d;a</code>,29,0.0144783
12,&thorn;am,<code>&amp;t;am</code>,27,0.0134798
13,mid,<code>mid</code>,25,0.0124813
14,him,<code>him</code>,22,0.0109835
15,ne,<code>ne</code>,21,0.0104843
16,se,<code>se</code>,20,0.0099850
17,&thorn;&aelig;s,<code>&amp;t;&amp;ae;s</code>,19,0.0094858
17,ac,<code>ac</code>,19,0.0094858
19,hine,<code>hine</code>,18,0.0089865
20,&eth;e,<code>&amp;d;e</code>,15,0.0074888
20,&thorn;&aelig;re,<code>&amp;t;&amp;ae;re</code>,15,0.0074888
22,for,<code>for</code>,13,0.0064903
22,w&aelig;s,<code>w&amp;ae;s</code>,13,0.0064903
24,herodes,<code>herodes</code>,12,0.0059910
25,&eth;&aelig;t,<code>&amp;d;&amp;ae;t</code>,11,0.0054918
25,heora,<code>heora</code>,11,0.0054918
27,be,<code>be</code>,9,0.0044933
27,cild,<code>cild</code>,9,0.0044933
27,ealle,<code>ealle</code>,9,0.0044933
30,&thorn;eah,<code>&amp;t;eah</code>,8,0.0039940
30,het,<code>het</code>,8,0.0039940
30,ic,<code>ic</code>,8,0.0039940
30,is,<code>is</code>,8,0.0039940
30,of,<code>of</code>,8,0.0039940
30,w&aelig;re,<code>w&amp;ae;re</code>,8,0.0039940
36,cw&aelig;&eth;,<code>cw&amp;ae;&amp;d;</code>,7,0.0034948
36,eft,<code>eft</code>,7,0.0034948
36,fram,<code>fram</code>,7,0.0034948
36,lande,<code>lande</code>,7,0.0034948
36,mihte,<code>mihte</code>,7,0.0034948
36,seo,<code>seo</code>,7,0.0034948
36,sind,<code>sind</code>,7,0.0034948
36,w&aelig;ron,<code>w&amp;ae;ron</code>,7,0.0034948
36,wear&eth;,<code>wear&amp;d;</code>,7,0.0034948
45,&aelig;fter,<code>&amp;ae;fter</code>,6,0.0029955
45,&thorn;an,<code>&amp;t;an</code>,6,0.0029955
45,cilde,<code>cilde</code>,6,0.0029955
45,com,<code>com</code>,6,0.0029955
45,crist,<code>crist</code>,6,0.0029955
45,gif,<code>gif</code>,6,0.0029955
45,rice,<code>rice</code>,6,0.0029955
45,we,<code>we</code>,6,0.0029955
53,&thorn;one,<code>&amp;t;one</code>,5,0.0024963
53,&thorn;onne,<code>&amp;t;onne</code>,5,0.0024963
53,&thorn;y,<code>&amp;t;y</code>,5,0.0024963
53,acwealde,<code>acwealde</code>,5,0.0024963
53,beon,<code>beon</code>,5,0.0024963
53,buton,<code>buton</code>,5,0.0024963
53,cildra,<code>cildra</code>,5,0.0024963
53,engel,<code>engel</code>,5,0.0024963
53,godes,<code>godes</code>,5,0.0024963
53,hit,<code>hit</code>,5,0.0024963
53,micclum,<code>micclum</code>,5,0.0024963
53,o&eth;,<code>o&amp;d;</code>,5,0.0024963
53,tungelwitegan,<code>tungelwitegan</code>,5,0.0024963
66,&thorn;&aelig;r,<code>&amp;t;&amp;ae;r</code>,4,0.0019970
66,&thorn;&aelig;ra,<code>&amp;t;&amp;ae;ra</code>,4,0.0019970
66,&thorn;urh,<code>&amp;t;urh</code>,4,0.0019970
66,&thorn;us,<code>&amp;t;us</code>,4,0.0019970
66,&thorn;ysum,<code>&amp;t;ysum</code>,4,0.0019970
66,bethleem,<code>bethleem</code>,4,0.0019970
66,byrig,<code>byrig</code>,4,0.0019970
66,cildes,<code>cildes</code>,4,0.0019970
66,cristes,<code>cristes</code>,4,0.0019970
66,efne,<code>efne</code>,4,0.0019970
66,egypta,<code>egypta</code>,4,0.0019970
66,ehtnysse,<code>ehtnysse</code>,4,0.0019970
66,gesawon,<code>gesawon</code>,4,0.0019970
66,hire,<code>hire</code>,4,0.0019970
66,iudeiscan,<code>iudeiscan</code>,4,0.0019970
66,me,<code>me</code>,4,0.0019970
66,meder,<code>meder</code>,4,0.0019970
66,samod,<code>samod</code>,4,0.0019970
66,slege,<code>slege</code>,4,0.0019970
66,so&eth;lice,<code>so&amp;d;lice</code>,4,0.0019970
66,timan,<code>timan</code>,4,0.0019970
66,wolde,<code>wolde</code>,4,0.0019970
66,wurdon,<code>wurdon</code>,4,0.0019970
66,ymbe,<code>ymbe</code>,4,0.0019970
90,&aelig;r,<code>&amp;ae;r</code>,3,0.0014978
90,&aelig;t,<code>&amp;ae;t</code>,3,0.0014978
90,acenned,<code>acenned</code>,3,0.0014978
90,anre,<code>anre</code>,3,0.0014978
90,bebead,<code>bebead</code>,3,0.0014978
90,becom,<code>becom</code>,3,0.0014978
90,befran,<code>befran</code>,3,0.0014978
90,comon,<code>comon</code>,3,0.0014978
90,criste,<code>criste</code>,3,0.0014978
90,cyninges,<code>cyninges</code>,3,0.0014978
90,eac,<code>eac</code>,3,0.0014978
90,ealne,<code>ealne</code>,3,0.0014978
90,eastd&aelig;le,<code>eastd&amp;ae;le</code>,3,0.0014978
90,gebiddan,<code>gebiddan</code>,3,0.0014978
90,gefrefrod,<code>gefrefrod</code>,3,0.0014978
90,gefylled,<code>gefylled</code>,3,0.0014978
90,geornlice,<code>geornlice</code>,3,0.0014978
90,herode,<code>herode</code>,3,0.0014978
90,hw&aelig;t,<code>hw&amp;ae;t</code>,3,0.0014978
90,israhela,<code>israhela</code>,3,0.0014978
90,lifes,<code>lifes</code>,3,0.0014978
90,na,<code>na</code>,3,0.0014978
90,nu,<code>nu</code>,3,0.0014978
90,ongean,<code>ongean</code>,3,0.0014978
90,rachel,<code>rachel</code>,3,0.0014978
90,sceolde,<code>sceolde</code>,3,0.0014978
90,steorran,<code>steorran</code>,3,0.0014978
90,swi&eth;e,<code>swi&amp;d;e</code>,3,0.0014978
90,tocyme,<code>tocyme</code>,3,0.0014978
90,tungelwitegum,<code>tungelwitegum</code>,3,0.0014978
90,witegung,<code>witegung</code>,3,0.0014978
121,&aelig;rest,<code>&amp;ae;rest</code>,2,0.0009985
121,&aelig;teowde,<code>&amp;ae;teowde</code>,2,0.0009985
121,&eth;&aelig;ra,<code>&amp;d;&amp;ae;ra</code>,2,0.0009985
121,&eth;&aelig;re,<code>&amp;d;&amp;ae;re</code>,2,0.0009985
121,&eth;&aelig;s,<code>&amp;d;&amp;ae;s</code>,2,0.0009985
121,&eth;am,<code>&amp;d;am</code>,2,0.0009985
121,&eth;one,<code>&amp;d;one</code>,2,0.0009985
121,&eth;us,<code>&amp;d;us</code>,2,0.0009985
121,&thorn;&aelig;rrihte,<code>&amp;t;&amp;ae;rrihte</code>,2,0.0009985
121,&thorn;i,<code>&amp;t;i</code>,2,0.0009985
121,&thorn;is,<code>&amp;t;is</code>,2,0.0009985
121,&thorn;rowian,<code>&amp;t;rowian</code>,2,0.0009985
121,&thorn;ry,<code>&amp;t;ry</code>,2,0.0009985
121,acennednysse,<code>acennednysse</code>,2,0.0009985
121,acwellan,<code>acwellan</code>,2,0.0009985
121,aras,<code>aras</code>,2,0.0009985
121,ardlice,<code>ardlice</code>,2,0.0009985
121,aris,<code>aris</code>,2,0.0009985
121,arleasan,<code>arleasan</code>,2,0.0009985
121,arleaslice,<code>arleaslice</code>,2,0.0009985
121,asende,<code>asende</code>,2,0.0009985
121,awrat,<code>awrat</code>,2,0.0009985
121,befrina&eth;,<code>befrina&amp;d;</code>,2,0.0009985
121,betealde,<code>betealde</code>,2,0.0009985
121,beweop,<code>beweop</code>,2,0.0009985
121,blostman,<code>blostman</code>,2,0.0009985
121,casere,<code>casere</code>,2,0.0009985
121,caseres,<code>caseres</code>,2,0.0009985
121,cempan,<code>cempan</code>,2,0.0009985
121,clypode,<code>clypode</code>,2,0.0009985
121,cwe&thorn;ende,<code>cwe&amp;t;ende</code>,2,0.0009985
121,cy&thorn;a&eth;,<code>cy&amp;t;a&amp;d;</code>,2,0.0009985
121,cyning,<code>cyning</code>,2,0.0009985
121,cyninge,<code>cyninge</code>,2,0.0009985
121,d&aelig;ge,<code>d&amp;ae;ge</code>,2,0.0009985
121,dea&eth;,<code>dea&amp;d;</code>,2,0.0009985
121,dea&eth;e,<code>dea&amp;d;e</code>,2,0.0009985
121,dea&eth;es,<code>dea&amp;d;es</code>,2,0.0009985
121,ealdras,<code>ealdras</code>,2,0.0009985
121,eall,<code>eall</code>,2,0.0009985
121,ecan,<code>ecan</code>,2,0.0009985
121,embe,<code>embe</code>,2,0.0009985
121,eow,<code>eow</code>,2,0.0009985
121,fara&eth;,<code>fara&amp;d;</code>,2,0.0009985
121,feoroh,<code>feoroh</code>,2,0.0009985
121,ferede,<code>ferede</code>,2,0.0009985
121,ferian,<code>ferian</code>,2,0.0009985
121,folc,<code>folc</code>,2,0.0009985
121,for&eth;farene,<code>for&amp;d;farene</code>,2,0.0009985
121,forbugan,<code>forbugan</code>,2,0.0009985
121,fosterf&aelig;der,<code>fosterf&amp;ae;der</code>,2,0.0009985
121,ge,<code>ge</code>,2,0.0009985
121,gecyrdon,<code>gecyrdon</code>,2,0.0009985
121,gem&aelig;nelicum,<code>gem&amp;ae;nelicum</code>,2,0.0009985
121,gemetton,<code>gemetton</code>,2,0.0009985
121,geneal&aelig;can,<code>geneal&amp;ae;can</code>,2,0.0009985
121,geswutelode,<code>geswutelode</code>,2,0.0009985
121,gewende,<code>gewende</code>,2,0.0009985
121,geweold,<code>geweold</code>,2,0.0009985
121,god,<code>god</code>,2,0.0009985
121,gyt,<code>gyt</code>,2,0.0009985
121,h&aelig;lendes,<code>h&amp;ae;lendes</code>,2,0.0009985
121,h&aelig;se,<code>h&amp;ae;se</code>,2,0.0009985
121,handa,<code>handa</code>,2,0.0009985
121,heo,<code>heo</code>,2,0.0009985
121,hu,<code>hu</code>,2,0.0009985
121,hw&aelig;r,<code>hw&amp;ae;r</code>,2,0.0009985
121,hysecild,<code>hysecild</code>,2,0.0009985
121,iosepe,<code>iosepe</code>,2,0.0009985
121,ioseph,<code>ioseph</code>,2,0.0009985
121,iudeisce,<code>iudeisce</code>,2,0.0009985
121,iudeiscra,<code>iudeiscra</code>,2,0.0009985
121,iudeiscum,<code>iudeiscum</code>,2,0.0009985
121,lichama,<code>lichama</code>,2,0.0009985
121,lichaman,<code>lichaman</code>,2,0.0009985
121,life,<code>life</code>,2,0.0009985
121,micel,<code>micel</code>,2,0.0009985
121,middaneard,<code>middaneard</code>,2,0.0009985
121,mines,<code>mines</code>,2,0.0009985
121,moste,<code>moste</code>,2,0.0009985
121,n&aelig;s,<code>n&amp;ae;s</code>,2,0.0009985
121,naht,<code>naht</code>,2,0.0009985
121,nan,<code>nan</code>,2,0.0009985
121,nihte,<code>nihte</code>,2,0.0009985
121,nim,<code>nim</code>,2,0.0009985
121,nolde,<code>nolde</code>,2,0.0009985
121,noldon,<code>noldon</code>,2,0.0009985
121,ofereode,<code>ofereode</code>,2,0.0009985
121,re&thorn;an,<code>re&amp;t;an</code>,2,0.0009985
121,sende,<code>sende</code>,2,0.0009985
121,steorra,<code>steorra</code>,2,0.0009985
121,stincende,<code>stincende</code>,2,0.0009985
121,sunderspr&aelig;ce,<code>sunderspr&amp;ae;ce</code>,2,0.0009985
121,sunu,<code>sunu</code>,2,0.0009985
121,swefne,<code>swefne</code>,2,0.0009985
121,swefnum,<code>swefnum</code>,2,0.0009985
121,swilce,<code>swilce</code>,2,0.0009985
121,syrewunge,<code>syrewunge</code>,2,0.0009985
121,syrwodon,<code>syrwodon</code>,2,0.0009985
121,twywintrum,<code>twywintrum</code>,2,0.0009985
121,us,<code>us</code>,2,0.0009985
121,w&aelig;lhreowan,<code>w&amp;ae;lhreowan</code>,2,0.0009985
121,wur&eth;mynte,<code>wur&amp;d;mynte</code>,2,0.0009985
121,ylde,<code>ylde</code>,2,0.0009985
225,&aelig;&eth;eling,<code>&amp;ae;&amp;d;eling</code>,1,0.0004993
225,&aelig;&thorn;elboren,<code>&amp;ae;&amp;t;elboren</code>,1,0.0004993
225,&aelig;&thorn;elinges,<code>&amp;ae;&amp;t;elinges</code>,1,0.0004993
225,&aelig;&thorn;ryt,<code>&amp;ae;&amp;t;ryt</code>,1,0.0004993
225,&aelig;lcere,<code>&amp;ae;lcere</code>,1,0.0004993
225,&aelig;lcum,<code>&amp;ae;lcum</code>,1,0.0004993
225,&aelig;lfremeda,<code>&amp;ae;lfremeda</code>,1,0.0004993
225,&aelig;lmihtigum,<code>&amp;ae;lmihtigum</code>,1,0.0004993
225,&aelig;ne,<code>&amp;ae;ne</code>,1,0.0004993
225,&aelig;nig,<code>&amp;ae;nig</code>,1,0.0004993
225,&aelig;niges,<code>&amp;ae;niges</code>,1,0.0004993
225,&aelig;nne,<code>&amp;ae;nne</code>,1,0.0004993
225,&aelig;ppel,<code>&amp;ae;ppel</code>,1,0.0004993
225,&aelig;riste,<code>&amp;ae;riste</code>,1,0.0004993
225,&aelig;tburste,<code>&amp;ae;tburste</code>,1,0.0004993
225,&aelig;teowede,<code>&amp;ae;teowede</code>,1,0.0004993
225,&aelig;tforan,<code>&amp;ae;tforan</code>,1,0.0004993
225,&aelig;tum,<code>&amp;ae;tum</code>,1,0.0004993
225,&aelig;twundon,<code>&amp;ae;twundon</code>,1,0.0004993
225,&eth;&aelig;r,<code>&amp;d;&amp;ae;r</code>,1,0.0004993
225,&eth;an,<code>&amp;d;an</code>,1,0.0004993
225,&eth;as,<code>&amp;d;as</code>,1,0.0004993
225,&eth;earfleas,<code>&amp;d;earfleas</code>,1,0.0004993
225,&eth;earle,<code>&amp;d;earle</code>,1,0.0004993
225,&eth;ince,<code>&amp;d;ince</code>,1,0.0004993
225,&eth;is,<code>&amp;d;is</code>,1,0.0004993
225,&eth;rowunge,<code>&amp;d;rowunge</code>,1,0.0004993
225,&eth;ry,<code>&amp;d;ry</code>,1,0.0004993
225,&eth;u,<code>&amp;d;u</code>,1,0.0004993
225,&eth;urharn,<code>&amp;d;urharn</code>,1,0.0004993
225,&eth;y,<code>&amp;d;y</code>,1,0.0004993
225,&eth;yde,<code>&amp;d;yde</code>,1,0.0004993
225,&eth;yllic,<code>&amp;d;yllic</code>,1,0.0004993
225,&thorn;as,<code>&amp;t;as</code>,1,0.0004993
225,&thorn;earle,<code>&amp;t;earle</code>,1,0.0004993
225,&thorn;enunge,<code>&amp;t;enunge</code>,1,0.0004993
225,&thorn;ingunge,<code>&amp;t;ingunge</code>,1,0.0004993
225,&thorn;isum,<code>&amp;t;isum</code>,1,0.0004993
225,&thorn;ohte,<code>&amp;t;ohte</code>,1,0.0004993
225,&thorn;oterung,<code>&amp;t;oterung</code>,1,0.0004993
225,&thorn;rowienne,<code>&amp;t;rowienne</code>,1,0.0004993
225,&thorn;rowodon,<code>&amp;t;rowodon</code>,1,0.0004993
225,&thorn;rymsetle,<code>&amp;t;rymsetle</code>,1,0.0004993
225,&thorn;u,<code>&amp;t;u</code>,1,0.0004993
225,&thorn;urhwacole,<code>&amp;t;urhwacole</code>,1,0.0004993
225,&thorn;yssere,<code>&amp;t;yssere</code>,1,0.0004993
225,&thorn;yssre,<code>&amp;t;yssre</code>,1,0.0004993
225,a,<code>a</code>,1,0.0004993
225,acennedan,<code>acennedan</code>,1,0.0004993
225,acennednys,<code>acennednys</code>,1,0.0004993
225,acweald,<code>acweald</code>,1,0.0004993
225,acwehte,<code>acwehte</code>,1,0.0004993
225,adilegode,<code>adilegode</code>,1,0.0004993
225,adl,<code>adl</code>,1,0.0004993
225,adligendum,<code>adligendum</code>,1,0.0004993
225,adreah,<code>adreah</code>,1,0.0004993
225,afyrht,<code>afyrht</code>,1,0.0004993
225,agenne,<code>agenne</code>,1,0.0004993
225,ahafen,<code>ahafen</code>,1,0.0004993
225,alexandrum,<code>alexandrum</code>,1,0.0004993
225,amen,<code>amen</code>,1,0.0004993
225,an,<code>an</code>,1,0.0004993
225,an&thorn;racode,<code>an&amp;t;racode</code>,1,0.0004993
225,and,<code>and</code>,1,0.0004993
225,andettan,<code>andettan</code>,1,0.0004993
225,andgite,<code>andgite</code>,1,0.0004993
225,andwerd,<code>andwerd</code>,1,0.0004993
225,andwerdan,<code>andwerdan</code>,1,0.0004993
225,anes,<code>anes</code>,1,0.0004993
225,angsumlice,<code>angsumlice</code>,1,0.0004993
225,angsumnysse,<code>angsumnysse</code>,1,0.0004993
225,antipatrem,<code>antipatrem</code>,1,0.0004993
225,ar&aelig;can,<code>ar&amp;ae;can</code>,1,0.0004993
225,archelaus,<code>archelaus</code>,1,0.0004993
225,arisa&eth;,<code>arisa&amp;d;</code>,1,0.0004993
225,arleasa,<code>arleasa</code>,1,0.0004993
225,arleasre,<code>arleasre</code>,1,0.0004993
225,arwur&eth;fulle,<code>arwur&amp;d;fulle</code>,1,0.0004993
225,astyred,<code>astyred</code>,1,0.0004993
225,ateorian,<code>ateorian</code>,1,0.0004993
225,ateorode,<code>ateorode</code>,1,0.0004993
225,attor,<code>attor</code>,1,0.0004993
225,awriten,<code>awriten</code>,1,0.0004993
225,axodon,<code>axodon</code>,1,0.0004993
225,ba&eth;u,<code>ba&amp;d;u</code>,1,0.0004993
225,barn,<code>barn</code>,1,0.0004993
225,be&thorn;unge,<code>be&amp;t;unge</code>,1,0.0004993
225,bebodum,<code>bebodum</code>,1,0.0004993
225,beclysan,<code>beclysan</code>,1,0.0004993
225,beclysde,<code>beclysde</code>,1,0.0004993
225,becomon,<code>becomon</code>,1,0.0004993
225,bedigelod,<code>bedigelod</code>,1,0.0004993
225,beforan,<code>beforan</code>,1,0.0004993
225,befrinende,<code>befrinende</code>,1,0.0004993
225,beneo&thorn;on,<code>beneo&amp;t;on</code>,1,0.0004993
225,beo,<code>beo</code>,1,0.0004993
225,beo&eth;,<code>beo&amp;d;</code>,1,0.0004993
225,bep&aelig;ht,<code>bep&amp;ae;ht</code>,1,0.0004993
225,bet&aelig;hte,<code>bet&amp;ae;hte</code>,1,0.0004993
225,betleem,<code>betleem</code>,1,0.0004993
225,betwux,<code>betwux</code>,1,0.0004993
225,bewep&eth;,<code>bewep&amp;d;</code>,1,0.0004993
225,bidda&eth;,<code>bidda&amp;d;</code>,1,0.0004993
225,blissian,<code>blissian</code>,1,0.0004993
225,blissodon,<code>blissodon</code>,1,0.0004993
225,blodes,<code>blodes</code>,1,0.0004993
225,boceras,<code>boceras</code>,1,0.0004993
225,bosmum,<code>bosmum</code>,1,0.0004993
225,breac,<code>breac</code>,1,0.0004993
225,breost,<code>breost</code>,1,0.0004993
225,breostum,<code>breostum</code>,1,0.0004993
225,bufon,<code>bufon</code>,1,0.0004993
225,burga,<code>burga</code>,1,0.0004993
225,burgum,<code>burgum</code>,1,0.0004993
225,burhscire,<code>burhscire</code>,1,0.0004993
225,burhwaru,<code>burhwaru</code>,1,0.0004993
225,cenningstow,<code>cenningstow</code>,1,0.0004993
225,cenningstowe,<code>cenningstowe</code>,1,0.0004993
225,cildcradole,<code>cildcradole</code>,1,0.0004993
225,cildru,<code>cildru</code>,1,0.0004993
225,cinges,<code>cinges</code>,1,0.0004993
225,come,<code>come</code>,1,0.0004993
225,cristesbec,<code>cristesbec</code>,1,0.0004993
225,cu&eth;on,<code>cu&amp;d;on</code>,1,0.0004993
225,cuma&eth;,<code>cuma&amp;d;</code>,1,0.0004993
225,cwale,<code>cwale</code>,1,0.0004993
225,cwe&eth;,<code>cwe&amp;d;</code>,1,0.0004993
225,cwe&eth;ende,<code>cwe&amp;d;ende</code>,1,0.0004993
225,cweartene,<code>cweartene</code>,1,0.0004993
225,cwearterne,<code>cwearterne</code>,1,0.0004993
225,cwelleras,<code>cwelleras</code>,1,0.0004993
225,cwellere,<code>cwellere</code>,1,0.0004993
225,cwy&eth;,<code>cwy&amp;d;</code>,1,0.0004993
225,cwydeleas,<code>cwydeleas</code>,1,0.0004993
225,cwylmian,<code>cwylmian</code>,1,0.0004993
225,cy&eth;,<code>cy&amp;d;</code>,1,0.0004993
225,cydde,<code>cydde</code>,1,0.0004993
225,cyle,<code>cyle</code>,1,0.0004993
225,cym&thorn;,<code>cym&amp;t;</code>,1,0.0004993
225,cynecynn,<code>cynecynn</code>,1,0.0004993
225,cynecynne,<code>cynecynne</code>,1,0.0004993
225,cynelican,<code>cynelican</code>,1,0.0004993
225,cynelice,<code>cynelice</code>,1,0.0004993
225,cynerices,<code>cynerices</code>,1,0.0004993
225,cynesetle,<code>cynesetle</code>,1,0.0004993
225,d&aelig;g&thorn;erlicum,<code>d&amp;ae;g&amp;t;erlicum</code>,1,0.0004993
225,dagum,<code>dagum</code>,1,0.0004993
225,dome,<code>dome</code>,1,0.0004993
225,dorste,<code>dorste</code>,1,0.0004993
225,drehton,<code>drehton</code>,1,0.0004993
225,e&thorn;ele,<code>e&amp;t;ele</code>,1,0.0004993
225,ea,<code>ea</code>,1,0.0004993
225,eadig,<code>eadig</code>,1,0.0004993
225,eadige,<code>eadige</code>,1,0.0004993
225,eadigra,<code>eadigra</code>,1,0.0004993
225,eagan,<code>eagan</code>,1,0.0004993
225,eal,<code>eal</code>,1,0.0004993
225,eala,<code>eala</code>,1,0.0004993
225,ealdorbiscopas,<code>ealdorbiscopas</code>,1,0.0004993
225,ealdra,<code>ealdra</code>,1,0.0004993
225,ealdrum,<code>ealdrum</code>,1,0.0004993
225,ealles,<code>ealles</code>,1,0.0004993
225,eallum,<code>eallum</code>,1,0.0004993
225,eard,<code>eard</code>,1,0.0004993
225,earde,<code>earde</code>,1,0.0004993
225,eardode,<code>eardode</code>,1,0.0004993
225,earfo&eth;lice,<code>earfo&amp;d;lice</code>,1,0.0004993
225,earfo&thorn;lice,<code>earfo&amp;t;lice</code>,1,0.0004993
225,eart,<code>eart</code>,1,0.0004993
225,ece,<code>ece</code>,1,0.0004993
225,ecelice,<code>ecelice</code>,1,0.0004993
225,edleanes,<code>edleanes</code>,1,0.0004993
225,efenealdan,<code>efenealdan</code>,1,0.0004993
225,efenhlyttan,<code>efenhlyttan</code>,1,0.0004993
225,egeslice,<code>egeslice</code>,1,0.0004993
225,ehtere,<code>ehtere</code>,1,0.0004993
225,ele,<code>ele</code>,1,0.0004993
225,ende,<code>ende</code>,1,0.0004993
225,engelicum,<code>engelicum</code>,1,0.0004993
225,eodon,<code>eodon</code>,1,0.0004993
225,eor&eth;lice,<code>eor&amp;d;lice</code>,1,0.0004993
225,eornostlice,<code>eornostlice</code>,1,0.0004993
225,euanealdan,<code>euanealdan</code>,1,0.0004993
225,f&aelig;der,<code>f&amp;ae;der</code>,1,0.0004993
225,f&aelig;gnian,<code>f&amp;ae;gnian</code>,1,0.0004993
225,f&aelig;r,<code>f&amp;ae;r</code>,1,0.0004993
225,facenfullan,<code>facenfullan</code>,1,0.0004993
225,fare,<code>fare</code>,1,0.0004993
225,feallan,<code>feallan</code>,1,0.0004993
225,fela,<code>fela</code>,1,0.0004993
225,ferdon,<code>ferdon</code>,1,0.0004993
225,ferode,<code>ferode</code>,1,0.0004993
225,fiftig,<code>fiftig</code>,1,0.0004993
225,fleame,<code>fleame</code>,1,0.0004993
225,fleoh,<code>fleoh</code>,1,0.0004993
225,fleow,<code>fleow</code>,1,0.0004993
225,folces,<code>folces</code>,1,0.0004993
225,folgia&eth;,<code>folgia&amp;d;</code>,1,0.0004993
225,for&eth;si&eth;,<code>for&amp;d;si&amp;d;</code>,1,0.0004993
225,for&eth;si&eth;e,<code>for&amp;d;si&amp;d;e</code>,1,0.0004993
225,for&thorn;si&eth;es,<code>for&amp;t;si&amp;d;es</code>,1,0.0004993
225,forcyrdon,<code>forcyrdon</code>,1,0.0004993
225,fordo,<code>fordo</code>,1,0.0004993
225,fordyde,<code>fordyde</code>,1,0.0004993
225,forfluge,<code>forfluge</code>,1,0.0004993
225,forgyfan,<code>forgyfan</code>,1,0.0004993
225,forhradode,<code>forhradode</code>,1,0.0004993
225,forman,<code>forman</code>,1,0.0004993
225,forseah,<code>forseah</code>,1,0.0004993
225,forsodene,<code>forsodene</code>,1,0.0004993
225,forste,<code>forste</code>,1,0.0004993
225,forsw&aelig;led,<code>forsw&amp;ae;led</code>,1,0.0004993
225,forwurdon,<code>forwurdon</code>,1,0.0004993
225,fotum,<code>fotum</code>,1,0.0004993
225,fremian,<code>fremian</code>,1,0.0004993
225,fremode,<code>fremode</code>,1,0.0004993
225,freolstide,<code>freolstide</code>,1,0.0004993
225,fullum,<code>fullum</code>,1,0.0004993
225,g&aelig;&eth;,<code>g&amp;ae;&amp;d;</code>,1,0.0004993
225,galilea,<code>galilea</code>,1,0.0004993
225,gastlican,<code>gastlican</code>,1,0.0004993
225,ge&thorn;eaht,<code>ge&amp;t;eaht</code>,1,0.0004993
225,ge&thorn;inc&thorn;e,<code>ge&amp;t;inc&amp;t;e</code>,1,0.0004993
225,ge&thorn;uht,<code>ge&amp;t;uht</code>,1,0.0004993
225,geaplice,<code>geaplice</code>,1,0.0004993
225,geara,<code>geara</code>,1,0.0004993
225,geares,<code>geares</code>,1,0.0004993
225,geaxode,<code>geaxode</code>,1,0.0004993
225,geaxodon,<code>geaxodon</code>,1,0.0004993
225,geb&aelig;don,<code>geb&amp;ae;don</code>,1,0.0004993
225,geb&aelig;ran,<code>geb&amp;ae;ran</code>,1,0.0004993
225,gebe&eth;edon,<code>gebe&amp;d;edon</code>,1,0.0004993
225,geborene,<code>geborene</code>,1,0.0004993
225,gebyrdtide,<code>gebyrdtide</code>,1,0.0004993
225,gebyrode,<code>gebyrode</code>,1,0.0004993
225,gecampe,<code>gecampe</code>,1,0.0004993
225,geciged,<code>geciged</code>,1,0.0004993
225,geclypode,<code>geclypode</code>,1,0.0004993
225,gecwedene,<code>gecwedene</code>,1,0.0004993
225,gecwylmed,<code>gecwylmed</code>,1,0.0004993
225,gecyrran,<code>gecyrran</code>,1,0.0004993
225,gedrehte,<code>gedrehte</code>,1,0.0004993
225,gedwimor,<code>gedwimor</code>,1,0.0004993
225,geferan,<code>geferan</code>,1,0.0004993
225,gefran,<code>gefran</code>,1,0.0004993
225,gefredde,<code>gefredde</code>,1,0.0004993
225,gefyllan,<code>gefyllan</code>,1,0.0004993
225,gegremod,<code>gegremod</code>,1,0.0004993
225,gegripene,<code>gegripene</code>,1,0.0004993
225,geh&aelig;fde,<code>geh&amp;ae;fde</code>,1,0.0004993
225,geh&aelig;lan,<code>geh&amp;ae;lan</code>,1,0.0004993
225,gehaten,<code>gehaten</code>,1,0.0004993
225,gehatene,<code>gehatene</code>,1,0.0004993
225,gehende,<code>gehende</code>,1,0.0004993
225,gehw&aelig;de,<code>gehw&amp;ae;de</code>,1,0.0004993
225,gehwylcum,<code>gehwylcum</code>,1,0.0004993
225,gehwyrfon,<code>gehwyrfon</code>,1,0.0004993
225,gehyred,<code>gehyred</code>,1,0.0004993
225,gehyrende,<code>gehyrende</code>,1,0.0004993
225,gehyrsumian,<code>gehyrsumian</code>,1,0.0004993
225,gel&aelig;hte,<code>gel&amp;ae;hte</code>,1,0.0004993
225,gela&eth;ode,<code>gela&amp;d;ode</code>,1,0.0004993
225,gela&eth;unge,<code>gela&amp;d;unge</code>,1,0.0004993
225,gela&thorn;ung,<code>gela&amp;t;ung</code>,1,0.0004993
225,gelamp,<code>gelamp</code>,1,0.0004993
225,gelangode,<code>gelangode</code>,1,0.0004993
225,geleaffullum,<code>geleaffullum</code>,1,0.0004993
225,geled,<code>geled</code>,1,0.0004993
225,gelicnysse,<code>gelicnysse</code>,1,0.0004993
225,gem&aelig;rum,<code>gem&amp;ae;rum</code>,1,0.0004993
225,gemartyrode,<code>gemartyrode</code>,1,0.0004993
225,gemeta&eth;,<code>gemeta&amp;d;</code>,1,0.0004993
225,gemette,<code>gemette</code>,1,0.0004993
225,gemunde,<code>gemunde</code>,1,0.0004993
225,gemynegod,<code>gemynegod</code>,1,0.0004993
225,gemynt,<code>gemynt</code>,1,0.0004993
225,gemynte,<code>gemynte</code>,1,0.0004993
225,gen&aelig;glod,<code>gen&amp;ae;glod</code>,1,0.0004993
225,genamode,<code>genamode</code>,1,0.0004993
225,geneadode,<code>geneadode</code>,1,0.0004993
225,geneal&aelig;hte,<code>geneal&amp;ae;hte</code>,1,0.0004993
225,geoffrodon,<code>geoffrodon</code>,1,0.0004993
225,geond,<code>geond</code>,1,0.0004993
225,geongan,<code>geongan</code>,1,0.0004993
225,geopenodon,<code>geopenodon</code>,1,0.0004993
225,geripode,<code>geripode</code>,1,0.0004993
225,ges&aelig;lig,<code>ges&amp;ae;lig</code>,1,0.0004993
225,ges&aelig;lige,<code>ges&amp;ae;lige</code>,1,0.0004993
225,ges&aelig;liglice,<code>ges&amp;ae;liglice</code>,1,0.0004993
225,gesamnode,<code>gesamnode</code>,1,0.0004993
225,gesceapu,<code>gesceapu</code>,1,0.0004993
225,geseah,<code>geseah</code>,1,0.0004993
225,gesicton,<code>gesicton</code>,1,0.0004993
225,gesthuse,<code>gesthuse</code>,1,0.0004993
225,gestod,<code>gestod</code>,1,0.0004993
225,gesundfulnysse,<code>gesundfulnysse</code>,1,0.0004993
225,geswencte,<code>geswencte</code>,1,0.0004993
225,getacnode,<code>getacnode</code>,1,0.0004993
225,geteon,<code>geteon</code>,1,0.0004993
225,getimode,<code>getimode</code>,1,0.0004993
225,geuferod,<code>geuferod</code>,1,0.0004993
225,gewarnode,<code>gewarnode</code>,1,0.0004993
225,gewat,<code>gewat</code>,1,0.0004993
225,gewemmednysse,<code>gewemmednysse</code>,1,0.0004993
225,gewend,<code>gewend</code>,1,0.0004993
225,gewendon,<code>gewendon</code>,1,0.0004993
225,gewilnode,<code>gewilnode</code>,1,0.0004993
225,gewissa&eth;,<code>gewissa&amp;d;</code>,1,0.0004993
225,gewitan,<code>gewitan</code>,1,0.0004993
225,gewite,<code>gewite</code>,1,0.0004993
225,gewiton,<code>gewiton</code>,1,0.0004993
225,gewreged,<code>gewreged</code>,1,0.0004993
225,gewrites,<code>gewrites</code>,1,0.0004993
225,gewylt,<code>gewylt</code>,1,0.0004993
225,gifernysse,<code>gifernysse</code>,1,0.0004993
225,glad,<code>glad</code>,1,0.0004993
225,godcundlice,<code>godcundlice</code>,1,0.0004993
225,godspel,<code>godspel</code>,1,0.0004993
225,godspellice,<code>godspellice</code>,1,0.0004993
225,gold,<code>gold</code>,1,0.0004993
225,gyh&eth;a,<code>gyh&amp;d;a</code>,1,0.0004993
225,gyrdle,<code>gyrdle</code>,1,0.0004993
225,gyrlum,<code>gyrlum</code>,1,0.0004993
225,gyte,<code>gyte</code>,1,0.0004993
225,h&aelig;bbende,<code>h&amp;ae;bbende</code>,1,0.0004993
225,h&aelig;fde,<code>h&amp;ae;fde</code>,1,0.0004993
225,h&aelig;lend,<code>h&amp;ae;lend</code>,1,0.0004993
225,h&aelig;tan,<code>h&amp;ae;tan</code>,1,0.0004993
225,habban,<code>habban</code>,1,0.0004993
225,halgan,<code>halgan</code>,1,0.0004993
225,halwende,<code>halwende</code>,1,0.0004993
225,ham,<code>ham</code>,1,0.0004993
225,hamcyme,<code>hamcyme</code>,1,0.0004993
225,hate,<code>hate</code>,1,0.0004993
225,hatte,<code>hatte</code>,1,0.0004993
225,hatunge,<code>hatunge</code>,1,0.0004993
225,heahf&aelig;deres,<code>heahf&amp;ae;deres</code>,1,0.0004993
225,heannysse,<code>heannysse</code>,1,0.0004993
225,heofenlican,<code>heofenlican</code>,1,0.0004993
225,heofenlice,<code>heofenlice</code>,1,0.0004993
225,heofenlicere,<code>heofenlicere</code>,1,0.0004993
225,heofigendre,<code>heofigendre</code>,1,0.0004993
225,heofonlican,<code>heofonlican</code>,1,0.0004993
225,heofunge,<code>heofunge</code>,1,0.0004993
225,heortan,<code>heortan</code>,1,0.0004993
225,heretoga,<code>heretoga</code>,1,0.0004993
225,hetelice,<code>hetelice</code>,1,0.0004993
225,hieremias,<code>hieremias</code>,1,0.0004993
225,hiericho,<code>hiericho</code>,1,0.0004993
225,hierusalem,<code>hierusalem</code>,1,0.0004993
225,hlaforde,<code>hlaforde</code>,1,0.0004993
225,hnappode,<code>hnappode</code>,1,0.0004993
225,hordfatu,<code>hordfatu</code>,1,0.0004993
225,hospe,<code>hospe</code>,1,0.0004993
225,hr&aelig;dlic,<code>hr&amp;ae;dlic</code>,1,0.0004993
225,hri&eth;ode,<code>hri&amp;d;ode</code>,1,0.0004993
225,hweos,<code>hweos</code>,1,0.0004993
225,hwider,<code>hwider</code>,1,0.0004993
225,hwilces,<code>hwilces</code>,1,0.0004993
225,hwilcne,<code>hwilcne</code>,1,0.0004993
225,hwitum,<code>hwitum</code>,1,0.0004993
225,hwon,<code>hwon</code>,1,0.0004993
225,hwylcum,<code>hwylcum</code>,1,0.0004993
225,hyre,<code>hyre</code>,1,0.0004993
225,iacobes,<code>iacobes</code>,1,0.0004993
225,ianvarii,<code>ianvarii</code>,1,0.0004993
225,in,<code>in</code>,1,0.0004993
225,infantvm,<code>infantvm</code>,1,0.0004993
225,innan,<code>innan</code>,1,0.0004993
225,inno&eth;,<code>inno&amp;d;</code>,1,0.0004993
225,inno&eth;as,<code>inno&amp;d;as</code>,1,0.0004993
225,innocentivm,<code>innocentivm</code>,1,0.0004993
225,inst&aelig;pe,<code>inst&amp;ae;pe</code>,1,0.0004993
225,intingan,<code>intingan</code>,1,0.0004993
225,iordanen,<code>iordanen</code>,1,0.0004993
225,iosephe,<code>iosephe</code>,1,0.0004993
225,iudea,<code>iudea</code>,1,0.0004993
225,iudeisc,<code>iudeisc</code>,1,0.0004993
225,kalendas,<code>kalendas</code>,1,0.0004993
225,l&aelig;ca,<code>l&amp;ae;ca</code>,1,0.0004993
225,l&aelig;ce,<code>l&amp;ae;ce</code>,1,0.0004993
225,l&aelig;cum,<code>l&amp;ae;cum</code>,1,0.0004993
225,l&aelig;g,<code>l&amp;ae;g</code>,1,0.0004993
225,l&aelig;s,<code>l&amp;ae;s</code>,1,0.0004993
225,lac,<code>lac</code>,1,0.0004993
225,land,<code>land</code>,1,0.0004993
225,langsume,<code>langsume</code>,1,0.0004993
225,langsumere,<code>langsumere</code>,1,0.0004993
225,langsumre,<code>langsumre</code>,1,0.0004993
225,leng,<code>leng</code>,1,0.0004993
225,leoda,<code>leoda</code>,1,0.0004993
225,leofa&eth;,<code>leofa&amp;d;</code>,1,0.0004993
225,lic&thorn;enunge,<code>lic&amp;t;enunge</code>,1,0.0004993
225,lichamlice,<code>lichamlice</code>,1,0.0004993
225,lif,<code>lif</code>,1,0.0004993
225,lima,<code>lima</code>,1,0.0004993
225,lofsang,<code>lofsang</code>,1,0.0004993
225,lust,<code>lust</code>,1,0.0004993
225,luste,<code>luste</code>,1,0.0004993
225,lytlingas,<code>lytlingas</code>,1,0.0004993
225,lytlingum,<code>lytlingum</code>,1,0.0004993
225,m&aelig;g&eth;,<code>m&amp;ae;g&amp;d;</code>,1,0.0004993
225,m&aelig;ge,<code>m&amp;ae;ge</code>,1,0.0004993
225,m&aelig;gi,<code>m&amp;ae;gi</code>,1,0.0004993
225,m&aelig;rlicum,<code>m&amp;ae;rlicum</code>,1,0.0004993
225,m&aelig;rsa&eth;,<code>m&amp;ae;rsa&amp;d;</code>,1,0.0004993
225,ma,<code>ma</code>,1,0.0004993
225,ma&eth;an,<code>ma&amp;d;an</code>,1,0.0004993
225,mage,<code>mage</code>,1,0.0004993
225,manfulla,<code>manfulla</code>,1,0.0004993
225,manfullice,<code>manfullice</code>,1,0.0004993
225,manna,<code>manna</code>,1,0.0004993
225,manncynne,<code>manncynne</code>,1,0.0004993
225,mannum,<code>mannum</code>,1,0.0004993
225,maran,<code>maran</code>,1,0.0004993
225,marian,<code>marian</code>,1,0.0004993
225,martyra,<code>martyra</code>,1,0.0004993
225,martyrdome,<code>martyrdome</code>,1,0.0004993
225,martyrum,<code>martyrum</code>,1,0.0004993
225,matheus,<code>matheus</code>,1,0.0004993
225,menigfealdre,<code>menigfealdre</code>,1,0.0004993
225,menigu,<code>menigu</code>,1,0.0004993
225,metes,<code>metes</code>,1,0.0004993
225,micheam,<code>micheam</code>,1,0.0004993
225,middanearde,<code>middanearde</code>,1,0.0004993
225,middaneardes,<code>middaneardes</code>,1,0.0004993
225,middeweardan,<code>middeweardan</code>,1,0.0004993
225,mihton,<code>mihton</code>,1,0.0004993
225,minne,<code>minne</code>,1,0.0004993
225,minum,<code>minum</code>,1,0.0004993
225,mirran,<code>mirran</code>,1,0.0004993
225,mislicere,<code>mislicere</code>,1,0.0004993
225,moddra,<code>moddra</code>,1,0.0004993
225,moddru,<code>moddru</code>,1,0.0004993
225,moder,<code>moder</code>,1,0.0004993
225,moderlicum,<code>moderlicum</code>,1,0.0004993
225,moston,<code>moston</code>,1,0.0004993
225,moyses,<code>moyses</code>,1,0.0004993
225,mu&thorn;e,<code>mu&amp;t;e</code>,1,0.0004993
225,n&aelig;re,<code>n&amp;ae;re</code>,1,0.0004993
225,n&aelig;ron,<code>n&amp;ae;ron</code>,1,0.0004993
225,nanre,<code>nanre</code>,1,0.0004993
225,nanum,<code>nanum</code>,1,0.0004993
225,natale,<code>natale</code>,1,0.0004993
225,nateshwon,<code>nateshwon</code>,1,0.0004993
225,nazarenisc,<code>nazarenisc</code>,1,0.0004993
225,nazareth,<code>nazareth</code>,1,0.0004993
225,neal&aelig;cunge,<code>neal&amp;ae;cunge</code>,1,0.0004993
225,neawiste,<code>neawiste</code>,1,0.0004993
225,nele,<code>nele</code>,1,0.0004993
225,nelle,<code>nelle</code>,1,0.0004993
225,neod,<code>neod</code>,1,0.0004993
225,nextan,<code>nextan</code>,1,0.0004993
225,niht,<code>niht</code>,1,0.0004993
225,nihtes,<code>nihtes</code>,1,0.0004993
225,nihtlice,<code>nihtlice</code>,1,0.0004993
225,nis,<code>nis</code>,1,0.0004993
225,niwan,<code>niwan</code>,1,0.0004993
225,ny&thorn;erfeallende,<code>ny&amp;t;erfeallende</code>,1,0.0004993
225,o&eth;&eth;e,<code>o&amp;d;&amp;d;e</code>,1,0.0004993
225,o&eth;erne,<code>o&amp;d;erne</code>,1,0.0004993
225,o&eth;res,<code>o&amp;d;res</code>,1,0.0004993
225,of&thorn;uhte,<code>of&amp;t;uhte</code>,1,0.0004993
225,ofer,<code>ofer</code>,1,0.0004993
225,oferswi&eth;don,<code>oferswi&amp;d;don</code>,1,0.0004993
225,ofslea&eth;,<code>ofslea&amp;d;</code>,1,0.0004993
225,ofsloge,<code>ofsloge</code>,1,0.0004993
225,ofsloh,<code>ofsloh</code>,1,0.0004993
225,ondred,<code>ondred</code>,1,0.0004993
225,onwunode,<code>onwunode</code>,1,0.0004993
225,or&thorn;ian,<code>or&amp;t;ian</code>,1,0.0004993
225,orm&aelig;tre,<code>orm&amp;ae;tre</code>,1,0.0004993
225,orwene,<code>orwene</code>,1,0.0004993
225,palmtwigu,<code>palmtwigu</code>,1,0.0004993
225,r&aelig;d,<code>r&amp;ae;d</code>,1,0.0004993
225,race,<code>race</code>,1,0.0004993
225,racu,<code>racu</code>,1,0.0004993
225,re&eth;an,<code>re&amp;d;an</code>,1,0.0004993
225,recels,<code>recels</code>,1,0.0004993
225,ricene,<code>ricene</code>,1,0.0004993
225,rices,<code>rices</code>,1,0.0004993
225,ricetere,<code>ricetere</code>,1,0.0004993
225,rihtlice,<code>rihtlice</code>,1,0.0004993
225,rixa&eth;,<code>rixa&amp;d;</code>,1,0.0004993
225,rixode,<code>rixode</code>,1,0.0004993
225,rodehengene,<code>rodehengene</code>,1,0.0004993
225,romaniscum,<code>romaniscum</code>,1,0.0004993
225,rome,<code>rome</code>,1,0.0004993
225,s&aelig;don,<code>s&amp;ae;don</code>,1,0.0004993
225,salome,<code>salome</code>,1,0.0004993
225,sceatte,<code>sceatte</code>,1,0.0004993
225,screadigenne,<code>screadigenne</code>,1,0.0004993
225,scyllinga,<code>scyllinga</code>,1,0.0004993
225,seax,<code>seax</code>,1,0.0004993
225,secga&eth;,<code>secga&amp;d;</code>,1,0.0004993
225,secge,<code>secge</code>,1,0.0004993
225,siblingas,<code>siblingas</code>,1,0.0004993
225,sicetunga,<code>sicetunga</code>,1,0.0004993
225,sigef&aelig;stum,<code>sigef&amp;ae;stum</code>,1,0.0004993
225,singa&eth;,<code>singa&amp;d;</code>,1,0.0004993
225,singal,<code>singal</code>,1,0.0004993
225,singallice,<code>singallice</code>,1,0.0004993
225,sl&aelig;pes,<code>sl&amp;ae;pes</code>,1,0.0004993
225,sl&#275;pe,<code>sl&amp;e;pe</code>,1,0.0004993
225,sl&#275;pleast,<code>sl&amp;e;pleast</code>,1,0.0004993
225,smea&eth;,<code>smea&amp;d;</code>,1,0.0004993
225,smeadon,<code>smeadon</code>,1,0.0004993
225,snoternysse,<code>snoternysse</code>,1,0.0004993
225,snotorwyrde,<code>snotorwyrde</code>,1,0.0004993
225,so&eth;an,<code>so&amp;d;an</code>,1,0.0004993
225,sohte,<code>sohte</code>,1,0.0004993
225,spr&aelig;ce,<code>spr&amp;ae;ce</code>,1,0.0004993
225,standa&eth;,<code>standa&amp;d;</code>,1,0.0004993
225,steam,<code>steam</code>,1,0.0004993
225,stemn,<code>stemn</code>,1,0.0004993
225,stod,<code>stod</code>,1,0.0004993
225,sumere,<code>sumere</code>,1,0.0004993
225,suslum,<code>suslum</code>,1,0.0004993
225,sweltendra,<code>sweltendra</code>,1,0.0004993
225,sweostor,<code>sweostor</code>,1,0.0004993
225,swi&eth;licum,<code>swi&amp;d;licum</code>,1,0.0004993
225,swi&eth;or,<code>swi&amp;d;or</code>,1,0.0004993
225,swi&thorn;e,<code>swi&amp;t;e</code>,1,0.0004993
225,swicdome,<code>swicdome</code>,1,0.0004993
225,swicola,<code>swicola</code>,1,0.0004993
225,swlce,<code>swlce</code>,1,0.0004993
225,swulton,<code>swulton</code>,1,0.0004993
225,swurd,<code>swurd</code>,1,0.0004993
225,swutellice,<code>swutellice</code>,1,0.0004993
225,sy&eth;&eth;an,<code>sy&amp;d;&amp;d;an</code>,1,0.0004993
225,sylf,<code>sylf</code>,1,0.0004993
225,sylfne,<code>sylfne</code>,1,0.0004993
225,sylfwilles,<code>sylfwilles</code>,1,0.0004993
225,syllan,<code>syllan</code>,1,0.0004993
225,syrewungum,<code>syrewungum</code>,1,0.0004993
225,syrwde,<code>syrwde</code>,1,0.0004993
225,syrwede,<code>syrwede</code>,1,0.0004993
225,teah,<code>teah</code>,1,0.0004993
225,teon,<code>teon</code>,1,0.0004993
225,tide,<code>tide</code>,1,0.0004993
225,toblawennys,<code>toblawennys</code>,1,0.0004993
225,toborsten,<code>toborsten</code>,1,0.0004993
225,tod&aelig;ig,<code>tod&amp;ae;ig</code>,1,0.0004993
225,toeacan,<code>toeacan</code>,1,0.0004993
225,toslopen,<code>toslopen</code>,1,0.0004993
225,toswollenum,<code>toswollenum</code>,1,0.0004993
225,toweard,<code>toweard</code>,1,0.0004993
225,twam,<code>twam</code>,1,0.0004993
225,twegra,<code>twegra</code>,1,0.0004993
225,twelftan,<code>twelftan</code>,1,0.0004993
225,unaberendlic,<code>unaberendlic</code>,1,0.0004993
225,unasecgendlic,<code>unasecgendlic</code>,1,0.0004993
225,ungeleaffulnysse,<code>ungeleaffulnysse</code>,1,0.0004993
225,ungelyfendlic,<code>ungelyfendlic</code>,1,0.0004993
225,ungemyndig,<code>ungemyndig</code>,1,0.0004993
225,ungewittige,<code>ungewittige</code>,1,0.0004993
225,unsc&aelig;&eth;&eth;ige,<code>unsc&amp;ae;&amp;d;&amp;d;ige</code>,1,0.0004993
225,unsc&aelig;&eth;&eth;igum,<code>unsc&amp;ae;&amp;d;&amp;d;igum</code>,1,0.0004993
225,upaspringende,<code>upaspringende</code>,1,0.0004993
225,v,<code>v</code>,1,0.0004993
225,w&aelig;lhreowa,<code>w&amp;ae;lhreowa</code>,1,0.0004993
225,w&aelig;stme,<code>w&amp;ae;stme</code>,1,0.0004993
225,w&aelig;terseocnys,<code>w&amp;ae;terseocnys</code>,1,0.0004993
225,wacost,<code>wacost</code>,1,0.0004993
225,wat,<code>wat</code>,1,0.0004993
225,wear&thorn;,<code>wear&amp;t;</code>,1,0.0004993
225,weg,<code>weg</code>,1,0.0004993
225,wendon,<code>wendon</code>,1,0.0004993
225,weollon,<code>weollon</code>,1,0.0004993
225,wer,<code>wer</code>,1,0.0004993
225,wi&eth;,<code>wi&amp;d;</code>,1,0.0004993
225,wi&eth;brudon,<code>wi&amp;d;brudon</code>,1,0.0004993
225,wi&eth;utan,<code>wi&amp;d;utan</code>,1,0.0004993
225,wif,<code>wif</code>,1,0.0004993
225,wile,<code>wile</code>,1,0.0004993
225,willa&eth;,<code>willa&amp;d;</code>,1,0.0004993
225,wisdom,<code>wisdom</code>,1,0.0004993
225,witegan,<code>witegan</code>,1,0.0004993
225,witegode,<code>witegode</code>,1,0.0004993
225,witodlice,<code>witodlice</code>,1,0.0004993
225,wlacum,<code>wlacum</code>,1,0.0004993
225,wop,<code>wop</code>,1,0.0004993
225,worde,<code>worde</code>,1,0.0004993
225,wordum,<code>wordum</code>,1,0.0004993
225,woreldlicum,<code>woreldlicum</code>,1,0.0004993
225,worulde,<code>worulde</code>,1,0.0004993
225,wr&aelig;cfullum,<code>wr&amp;ae;cfullum</code>,1,0.0004993
225,wracu,<code>wracu</code>,1,0.0004993
225,wuldorbeagienne,<code>wuldorbeagienne</code>,1,0.0004993
225,wuldorfullice,<code>wuldorfullice</code>,1,0.0004993
225,wunode,<code>wunode</code>,1,0.0004993
225,wurde,<code>wurde</code>,1,0.0004993
225,wylla&eth;,<code>wylla&amp;d;</code>,1,0.0004993
225,wyrdwriteras,<code>wyrdwriteras</code>,1,0.0004993
225,yld,<code>yld</code>,1,0.0004993
225,yldinge,<code>yldinge</code>,1,0.0004993
225,ymbhwyrft,<code>ymbhwyrft</code>,1,0.0004993
225,ymbrene,<code>ymbrene</code>,1,0.0004993
225,yrm&eth;e,<code>yrm&amp;d;e</code>,1,0.0004993
225,yrm&thorn;a,<code>yrm&amp;t;a</code>,1,0.0004993
