B_Prose,B01,B01.002.004_AECHom_II__3_T02540.txt,901,546,3150
RANK,HTML WORD,RAW WORD,COUNT,RELATIVE FREQUENCY
1,and,<code>and</code>,148,0.0469841
2,he,<code>he</code>,101,0.0320635
3,&thorn;&aelig;t,<code>&amp;t;&amp;ae;t</code>,85,0.0269841
4,on,<code>on</code>,75,0.0238095
5,se,<code>se</code>,59,0.0187302
6,&eth;a,<code>&amp;d;a</code>,57,0.0180952
6,ne,<code>ne</code>,57,0.0180952
8,swa,<code>swa</code>,55,0.0174603
9,&eth;e,<code>&amp;d;e</code>,50,0.0158730
9,to,<code>to</code>,50,0.0158730
11,w&aelig;s,<code>w&amp;ae;s</code>,37,0.0117460
12,hi,<code>hi</code>,35,0.0111111
12,is,<code>is</code>,35,0.0111111
14,for,<code>for</code>,32,0.0101587
14,his,<code>his</code>,32,0.0101587
16,&thorn;e,<code>&amp;t;e</code>,27,0.0085714
16,ac,<code>ac</code>,27,0.0085714
16,godes,<code>godes</code>,27,0.0085714
16,him,<code>him</code>,27,0.0085714
20,mid,<code>mid</code>,25,0.0079365
21,&thorn;a,<code>&amp;t;a</code>,24,0.0076190
21,crist,<code>crist</code>,24,0.0076190
23,gast,<code>gast</code>,20,0.0063492
24,&eth;&aelig;re,<code>&amp;d;&amp;ae;re</code>,19,0.0060317
24,fulluhte,<code>fulluhte</code>,19,0.0060317
26,be,<code>be</code>,18,0.0057143
26,fulluht,<code>fulluht</code>,18,0.0057143
26,iohannes,<code>iohannes</code>,18,0.0057143
29,&eth;i,<code>&amp;d;i</code>,17,0.0053968
29,god,<code>god</code>,17,0.0053968
29,ic,<code>ic</code>,17,0.0053968
32,&eth;am,<code>&amp;d;am</code>,16,0.0050794
32,we,<code>we</code>,16,0.0050794
34,halga,<code>halga</code>,15,0.0047619
34,na,<code>na</code>,15,0.0047619
36,&eth;an,<code>&amp;d;an</code>,14,0.0044444
36,&thorn;urh,<code>&amp;t;urh</code>,14,0.0044444
36,beon,<code>beon</code>,14,0.0044444
36,com,<code>com</code>,14,0.0044444
36,cw&aelig;&eth;,<code>cw&amp;ae;&amp;d;</code>,14,0.0044444
36,ealle,<code>ealle</code>,14,0.0044444
36,gefullod,<code>gefullod</code>,14,0.0044444
36,nan,<code>nan</code>,14,0.0044444
36,of,<code>of</code>,14,0.0044444
45,&thorn;&aelig;s,<code>&amp;t;&amp;ae;s</code>,13,0.0041270
45,criste,<code>criste</code>,13,0.0041270
47,cristes,<code>cristes</code>,12,0.0038095
47,f&aelig;der,<code>f&amp;ae;der</code>,12,0.0038095
49,&thorn;onne,<code>&amp;t;onne</code>,11,0.0034921
49,w&aelig;ron,<code>w&amp;ae;ron</code>,11,0.0034921
51,&aelig;t,<code>&amp;ae;t</code>,10,0.0031746
51,&eth;u,<code>&amp;d;u</code>,10,0.0031746
51,culfran,<code>culfran</code>,10,0.0031746
51,geleafan,<code>geleafan</code>,10,0.0031746
51,hit,<code>hit</code>,10,0.0031746
51,mannum,<code>mannum</code>,10,0.0031746
51,synna,<code>synna</code>,10,0.0031746
58,&aelig;fre,<code>&amp;ae;fre</code>,9,0.0028571
58,&eth;&aelig;r,<code>&amp;d;&amp;ae;r</code>,9,0.0028571
58,&thorn;am,<code>&amp;t;am</code>,9,0.0028571
58,beo&eth;,<code>beo&amp;d;</code>,9,0.0028571
58,buton,<code>buton</code>,9,0.0028571
58,eac,<code>eac</code>,9,0.0028571
58,eft,<code>eft</code>,9,0.0028571
58,halgan,<code>halgan</code>,9,0.0028571
58,man,<code>man</code>,9,0.0028571
58,seo,<code>seo</code>,9,0.0028571
68,&eth;one,<code>&amp;d;one</code>,8,0.0025397
68,eallum,<code>eallum</code>,8,0.0025397
68,eow,<code>eow</code>,8,0.0025397
68,ge,<code>ge</code>,8,0.0025397
68,nis,<code>nis</code>,8,0.0025397
68,sceal,<code>sceal</code>,8,0.0025397
68,us,<code>us</code>,8,0.0025397
75,&aelig;r,<code>&amp;ae;r</code>,7,0.0022222
75,gif,<code>gif</code>,7,0.0022222
75,heora,<code>heora</code>,7,0.0022222
75,hiwe,<code>hiwe</code>,7,0.0022222
75,hw&aelig;t,<code>hw&amp;ae;t</code>,7,0.0022222
75,manna,<code>manna</code>,7,0.0022222
75,me,<code>me</code>,7,0.0022222
75,n&aelig;s,<code>n&amp;ae;s</code>,7,0.0022222
75,nu,<code>nu</code>,7,0.0022222
75,sind,<code>sind</code>,7,0.0022222
75,sunu,<code>sunu</code>,7,0.0022222
75,swi&eth;e,<code>swi&amp;d;e</code>,7,0.0022222
75,wolde,<code>wolde</code>,7,0.0022222
88,&aelig;fter,<code>&amp;ae;fter</code>,6,0.0019048
88,&aelig;lc,<code>&amp;ae;lc</code>,6,0.0019048
88,&eth;onne,<code>&amp;d;onne</code>,6,0.0019048
88,&eth;urh,<code>&amp;d;urh</code>,6,0.0019048
88,an,<code>an</code>,6,0.0019048
88,beo,<code>beo</code>,6,0.0019048
88,cild,<code>cild</code>,6,0.0019048
88,gode,<code>gode</code>,6,0.0019048
88,heo,<code>heo</code>,6,0.0019048
88,hine,<code>hine</code>,6,0.0019048
88,hire,<code>hire</code>,6,0.0019048
88,iohanne,<code>iohanne</code>,6,0.0019048
88,mann,<code>mann</code>,6,0.0019048
88,sceolde,<code>sceolde</code>,6,0.0019048
88,synne,<code>synne</code>,6,0.0019048
88,urum,<code>urum</code>,6,0.0019048
88,w&aelig;re,<code>w&amp;ae;re</code>,6,0.0019048
105,&eth;&aelig;s,<code>&amp;d;&amp;ae;s</code>,5,0.0015873
105,&eth;ing,<code>&amp;d;ing</code>,5,0.0015873
105,&eth;isum,<code>&amp;d;isum</code>,5,0.0015873
105,&eth;us,<code>&amp;d;us</code>,5,0.0015873
105,&thorn;one,<code>&amp;t;one</code>,5,0.0015873
105,don,<code>don</code>,5,0.0015873
105,fyres,<code>fyres</code>,5,0.0015873
105,gefullode,<code>gefullode</code>,5,0.0015873
105,gehaten,<code>gehaten</code>,5,0.0015873
105,gehealdene,<code>gehealdene</code>,5,0.0015873
105,handum,<code>handum</code>,5,0.0015873
105,hw&aelig;&eth;ere,<code>hw&amp;ae;&amp;d;ere</code>,5,0.0015873
105,lamb,<code>lamb</code>,5,0.0015873
105,menniscnysse,<code>menniscnysse</code>,5,0.0015873
105,micel,<code>micel</code>,5,0.0015873
105,nanum,<code>nanum</code>,5,0.0015873
105,rice,<code>rice</code>,5,0.0015873
105,sceoldon,<code>sceoldon</code>,5,0.0015873
105,sindon,<code>sindon</code>,5,0.0015873
105,sume,<code>sume</code>,5,0.0015873
105,sy,<code>sy</code>,5,0.0015873
126,&aelig;,<code>&amp;ae;</code>,4,0.0012698
126,&thorn;&aelig;r,<code>&amp;t;&amp;ae;r</code>,4,0.0012698
126,ana,<code>ana</code>,4,0.0012698
126,andwyrde,<code>andwyrde</code>,4,0.0012698
126,axa&eth;,<code>axa&amp;d;</code>,4,0.0012698
126,bi&eth;,<code>bi&amp;d;</code>,4,0.0012698
126,bufon,<code>bufon</code>,4,0.0012698
126,clypode,<code>clypode</code>,4,0.0012698
126,culfre,<code>culfre</code>,4,0.0012698
126,d&aelig;ge,<code>d&amp;ae;ge</code>,4,0.0012698
126,deofle,<code>deofle</code>,4,0.0012698
126,forgifenysse,<code>forgifenysse</code>,4,0.0012698
126,fullode,<code>fullode</code>,4,0.0012698
126,fulluhtere,<code>fulluhtere</code>,4,0.0012698
126,fyr,<code>fyr</code>,4,0.0012698
126,fyre,<code>fyre</code>,4,0.0012698
126,gecynde,<code>gecynde</code>,4,0.0012698
126,h&aelig;bbe,<code>h&amp;ae;bbe</code>,4,0.0012698
126,habban,<code>habban</code>,4,0.0012698
126,hu,<code>hu</code>,4,0.0012698
126,lareow,<code>lareow</code>,4,0.0012698
126,lareowas,<code>lareowas</code>,4,0.0012698
126,life,<code>life</code>,4,0.0012698
126,mare,<code>mare</code>,4,0.0012698
126,meder,<code>meder</code>,4,0.0012698
126,men,<code>men</code>,4,0.0012698
126,menn,<code>menn</code>,4,0.0012698
126,mihte,<code>mihte</code>,4,0.0012698
126,nanes,<code>nanes</code>,4,0.0012698
126,ofer,<code>ofer</code>,4,0.0012698
126,sceolon,<code>sceolon</code>,4,0.0012698
126,ure,<code>ure</code>,4,0.0012698
126,wel,<code>wel</code>,4,0.0012698
126,wi&eth;sace,<code>wi&amp;d;sace</code>,4,0.0012698
160,&eth;as,<code>&amp;d;as</code>,3,0.0009524
160,&eth;rynnysse,<code>&amp;d;rynnysse</code>,3,0.0009524
160,&thorn;&aelig;re,<code>&amp;t;&amp;ae;re</code>,3,0.0009524
160,&thorn;eah,<code>&amp;t;eah</code>,3,0.0009524
160,acenned,<code>acenned</code>,3,0.0009524
160,andwyrt,<code>andwyrt</code>,3,0.0009524
160,anre,<code>anre</code>,3,0.0009524
160,axodon,<code>axodon</code>,3,0.0009524
160,bilewitnysse,<code>bilewitnysse</code>,3,0.0009524
160,cwe&eth;,<code>cwe&amp;d;</code>,3,0.0009524
160,cy&eth;an,<code>cy&amp;d;an</code>,3,0.0009524
160,cym&eth;,<code>cym&amp;d;</code>,3,0.0009524
160,de&eth;,<code>de&amp;d;</code>,3,0.0009524
160,do,<code>do</code>,3,0.0009524
160,ea,<code>ea</code>,3,0.0009524
160,eadmodnys,<code>eadmodnys</code>,3,0.0009524
160,eal,<code>eal</code>,3,0.0009524
160,eall,<code>eall</code>,3,0.0009524
160,ealra,<code>ealra</code>,3,0.0009524
160,ecan,<code>ecan</code>,3,0.0009524
160,folc,<code>folc</code>,3,0.0009524
160,folce,<code>folce</code>,3,0.0009524
160,fram,<code>fram</code>,3,0.0009524
160,fullian,<code>fullian</code>,3,0.0009524
160,geworhte,<code>geworhte</code>,3,0.0009524
160,godf&aelig;der,<code>godf&amp;ae;der</code>,3,0.0009524
160,gyt,<code>gyt</code>,3,0.0009524
160,h&aelig;f&eth;,<code>h&amp;ae;f&amp;d;</code>,3,0.0009524
160,heofonum,<code>heofonum</code>,3,0.0009524
160,hwi,<code>hwi</code>,3,0.0009524
160,leofa&eth;,<code>leofa&amp;d;</code>,3,0.0009524
160,mage,<code>mage</code>,3,0.0009524
160,mannes,<code>mannes</code>,3,0.0009524
160,middaneardes,<code>middaneardes</code>,3,0.0009524
160,na&eth;or,<code>na&amp;d;or</code>,3,0.0009524
160,nane,<code>nane</code>,3,0.0009524
160,o&eth;,<code>o&amp;d;</code>,3,0.0009524
160,o&eth;&eth;e,<code>o&amp;d;&amp;d;e</code>,3,0.0009524
160,o&eth;re,<code>o&amp;d;re</code>,3,0.0009524
160,r&aelig;da&eth;,<code>r&amp;ae;da&amp;d;</code>,3,0.0009524
160,so&eth;an,<code>so&amp;d;an</code>,3,0.0009524
160,so&eth;re,<code>so&amp;d;re</code>,3,0.0009524
160,sylf,<code>sylf</code>,3,0.0009524
160,t&aelig;hte,<code>t&amp;ae;hte</code>,3,0.0009524
160,uton,<code>uton</code>,3,0.0009524
160,w&aelig;tere,<code>w&amp;ae;tere</code>,3,0.0009524
160,wear&eth;,<code>wear&amp;d;</code>,3,0.0009524
160,weorcum,<code>weorcum</code>,3,0.0009524
160,wi&eth;s&aelig;cst,<code>wi&amp;d;s&amp;ae;cst</code>,3,0.0009524
160,wordum,<code>wordum</code>,3,0.0009524
210,&aelig;g&eth;er,<code>&amp;ae;g&amp;d;er</code>,2,0.0006349
210,&aelig;lmihtiga,<code>&amp;ae;lmihtiga</code>,2,0.0006349
210,&aelig;rest,<code>&amp;ae;rest</code>,2,0.0006349
210,&aelig;teowed,<code>&amp;ae;teowed</code>,2,0.0006349
210,&eth;&aelig;ra,<code>&amp;d;&amp;ae;ra</code>,2,0.0006349
210,&eth;es,<code>&amp;d;es</code>,2,0.0006349
210,&eth;inum,<code>&amp;d;inum</code>,2,0.0006349
210,&eth;is,<code>&amp;d;is</code>,2,0.0006349
210,&eth;ry,<code>&amp;d;ry</code>,2,0.0006349
210,&eth;yssere,<code>&amp;d;yssere</code>,2,0.0006349
210,&thorn;u,<code>&amp;t;u</code>,2,0.0006349
210,a,<code>a</code>,2,0.0006349
210,agen,<code>agen</code>,2,0.0006349
210,apostol,<code>apostol</code>,2,0.0006349
210,apostoli,<code>apostoli</code>,2,0.0006349
210,apostolon,<code>apostolon</code>,2,0.0006349
210,beheton,<code>beheton</code>,2,0.0006349
210,behreowsunge,<code>behreowsunge</code>,2,0.0006349
210,betere,<code>betere</code>,2,0.0006349
210,betwux,<code>betwux</code>,2,0.0006349
210,bocum,<code>bocum</code>,2,0.0006349
210,bydel,<code>bydel</code>,2,0.0006349
210,byrnende,<code>byrnende</code>,2,0.0006349
210,bysne,<code>bysne</code>,2,0.0006349
210,cildes,<code>cildes</code>,2,0.0006349
210,come,<code>come</code>,2,0.0006349
210,comon,<code>comon</code>,2,0.0006349
210,cristendom,<code>cristendom</code>,2,0.0006349
210,cw&aelig;don,<code>cw&amp;ae;don</code>,2,0.0006349
210,cwe&eth;ende,<code>cwe&amp;d;ende</code>,2,0.0006349
210,cyning,<code>cyning</code>,2,0.0006349
210,d&aelig;dbot,<code>d&amp;ae;dbot</code>,2,0.0006349
210,d&aelig;g,<code>d&amp;ae;g</code>,2,0.0006349
210,dea&eth;e,<code>dea&amp;d;e</code>,2,0.0006349
210,deofol,<code>deofol</code>,2,0.0006349
210,do&eth;,<code>do&amp;d;</code>,2,0.0006349
210,dohtor,<code>dohtor</code>,2,0.0006349
210,drihten,<code>drihten</code>,2,0.0006349
210,eadignysse,<code>eadignysse</code>,2,0.0006349
210,eadmodnysse,<code>eadmodnysse</code>,2,0.0006349
210,ealdan,<code>ealdan</code>,2,0.0006349
210,ealre,<code>ealre</code>,2,0.0006349
210,ehte,<code>ehte</code>,2,0.0006349
210,eom,<code>eom</code>,2,0.0006349
210,eowre,<code>eowre</code>,2,0.0006349
210,forbugan,<code>forbugan</code>,2,0.0006349
210,forcoruen,<code>forcoruen</code>,2,0.0006349
210,forgeaf,<code>forgeaf</code>,2,0.0006349
210,forgyt,<code>forgyt</code>,2,0.0006349
210,forsih&eth;,<code>forsih&amp;d;</code>,2,0.0006349
210,fullige,<code>fullige</code>,2,0.0006349
210,g&aelig;&eth;,<code>g&amp;ae;&amp;d;</code>,2,0.0006349
210,ge&eth;afa,<code>ge&amp;d;afa</code>,2,0.0006349
210,ge&eth;afode,<code>ge&amp;d;afode</code>,2,0.0006349
210,geallan,<code>geallan</code>,2,0.0006349
210,geandwyrde,<code>geandwyrde</code>,2,0.0006349
210,gefyl&eth;,<code>gefyl&amp;d;</code>,2,0.0006349
210,gefylde,<code>gefylde</code>,2,0.0006349
210,gehwa,<code>gehwa</code>,2,0.0006349
210,gehyrsuma&eth;,<code>gehyrsuma&amp;d;</code>,2,0.0006349
210,gela&eth;unge,<code>gela&amp;d;unge</code>,2,0.0006349
210,gelice,<code>gelice</code>,2,0.0006349
210,gelyfe,<code>gelyfe</code>,2,0.0006349
210,gelyfst,<code>gelyfst</code>,2,0.0006349
210,geneal&aelig;h&eth;,<code>geneal&amp;ae;h&amp;d;</code>,2,0.0006349
210,geopenod,<code>geopenod</code>,2,0.0006349
210,geopenode,<code>geopenode</code>,2,0.0006349
210,gesette,<code>gesette</code>,2,0.0006349
210,gesewen,<code>gesewen</code>,2,0.0006349
210,geworht,<code>geworht</code>,2,0.0006349
210,godcundnysse,<code>godcundnysse</code>,2,0.0006349
210,h&aelig;lend,<code>h&amp;ae;lend</code>,2,0.0006349
210,halige,<code>halige</code>,2,0.0006349
210,helle,<code>helle</code>,2,0.0006349
210,heofonas,<code>heofonas</code>,2,0.0006349
210,her,<code>her</code>,2,0.0006349
210,hw&aelig;&eth;er,<code>hw&amp;ae;&amp;d;er</code>,2,0.0006349
210,hwilc,<code>hwilc</code>,2,0.0006349
210,inne,<code>inne</code>,2,0.0006349
210,iohannem,<code>iohannem</code>,2,0.0006349
210,iordanis,<code>iordanis</code>,2,0.0006349
210,lambes,<code>lambes</code>,2,0.0006349
210,lare,<code>lare</code>,2,0.0006349
210,lareowa,<code>lareowa</code>,2,0.0006349
210,lareowe,<code>lareowe</code>,2,0.0006349
210,leof,<code>leof</code>,2,0.0006349
210,leofa,<code>leofa</code>,2,0.0006349
210,li&eth;nysse,<code>li&amp;d;nysse</code>,2,0.0006349
210,lica&eth;,<code>lica&amp;d;</code>,2,0.0006349
210,lichaman,<code>lichaman</code>,2,0.0006349
210,lufa&eth;,<code>lufa&amp;d;</code>,2,0.0006349
210,lufe,<code>lufe</code>,2,0.0006349
210,ma,<code>ma</code>,2,0.0006349
210,mancynne,<code>mancynne</code>,2,0.0006349
210,mihton,<code>mihton</code>,2,0.0006349
210,min,<code>min</code>,2,0.0006349
210,minum,<code>minum</code>,2,0.0006349
210,mod,<code>mod</code>,2,0.0006349
210,moste,<code>moste</code>,2,0.0006349
210,n&aelig;f&eth;,<code>n&amp;ae;f&amp;d;</code>,2,0.0006349
210,n&aelig;re,<code>n&amp;ae;re</code>,2,0.0006349
210,nanre,<code>nanre</code>,2,0.0006349
210,nele,<code>nele</code>,2,0.0006349
210,neod,<code>neod</code>,2,0.0006349
210,o&eth;er,<code>o&amp;d;er</code>,2,0.0006349
210,o&eth;ra,<code>o&amp;d;ra</code>,2,0.0006349
210,o&eth;rum,<code>o&amp;d;rum</code>,2,0.0006349
210,reaf,<code>reaf</code>,2,0.0006349
210,reaflac,<code>reaflac</code>,2,0.0006349
210,rihtwisnysse,<code>rihtwisnysse</code>,2,0.0006349
210,sealde,<code>sealde</code>,2,0.0006349
210,si&eth;&eth;an,<code>si&amp;d;&amp;d;an</code>,2,0.0006349
210,si&eth;e,<code>si&amp;d;e</code>,2,0.0006349
210,slege,<code>slege</code>,2,0.0006349
210,so&eth;e,<code>so&amp;d;e</code>,2,0.0006349
210,so&eth;lice,<code>so&amp;d;lice</code>,2,0.0006349
210,sprecan,<code>sprecan</code>,2,0.0006349
210,stemn,<code>stemn</code>,2,0.0006349
210,stent,<code>stent</code>,2,0.0006349
210,sum,<code>sum</code>,2,0.0006349
210,sylfne,<code>sylfne</code>,2,0.0006349
210,sylfum,<code>sylfum</code>,2,0.0006349
210,synnum,<code>synnum</code>,2,0.0006349
210,t&aelig;c&eth;,<code>t&amp;ae;c&amp;d;</code>,2,0.0006349
210,t&aelig;cunge,<code>t&amp;ae;cunge</code>,2,0.0006349
210,unsc&aelig;&eth;&eth;ignysse,<code>unsc&amp;ae;&amp;d;&amp;d;ignysse</code>,2,0.0006349
210,unsprecendan,<code>unsprecendan</code>,2,0.0006349
210,untod&aelig;ledlic,<code>untod&amp;ae;ledlic</code>,2,0.0006349
210,w&aelig;ter,<code>w&amp;ae;ter</code>,2,0.0006349
210,weorc,<code>weorc</code>,2,0.0006349
210,weorca,<code>weorca</code>,2,0.0006349
210,wer,<code>wer</code>,2,0.0006349
210,wi&eth;,<code>wi&amp;d;</code>,2,0.0006349
210,wi&eth;innan,<code>wi&amp;d;innan</code>,2,0.0006349
210,wi&eth;utan,<code>wi&amp;d;utan</code>,2,0.0006349
210,wif,<code>wif</code>,2,0.0006349
210,willan,<code>willan</code>,2,0.0006349
210,wisdom,<code>wisdom</code>,2,0.0006349
210,wisra,<code>wisra</code>,2,0.0006349
210,wit,<code>wit</code>,2,0.0006349
210,woldon,<code>woldon</code>,2,0.0006349
210,woruld,<code>woruld</code>,2,0.0006349
210,wundra,<code>wundra</code>,2,0.0006349
210,wunigende,<code>wunigende</code>,2,0.0006349
210,wyrca&eth;,<code>wyrca&amp;d;</code>,2,0.0006349
210,wyrcan,<code>wyrcan</code>,2,0.0006349
356,&aelig;lcere,<code>&amp;ae;lcere</code>,1,0.0003175
356,&aelig;lcne,<code>&amp;ae;lcne</code>,1,0.0003175
356,&aelig;lcum,<code>&amp;ae;lcum</code>,1,0.0003175
356,&aelig;lmihtig,<code>&amp;ae;lmihtig</code>,1,0.0003175
356,&aelig;niges,<code>&amp;ae;niges</code>,1,0.0003175
356,&aelig;nne,<code>&amp;ae;nne</code>,1,0.0003175
356,&aelig;tbrude,<code>&amp;ae;tbrude</code>,1,0.0003175
356,&aelig;tbryt,<code>&amp;ae;tbryt</code>,1,0.0003175
356,&eth;eah,<code>&amp;d;eah</code>,1,0.0003175
356,&eth;earf,<code>&amp;d;earf</code>,1,0.0003175
356,&eth;eawas,<code>&amp;d;eawas</code>,1,0.0003175
356,&eth;en,<code>&amp;d;en</code>,1,0.0003175
356,&eth;eos,<code>&amp;d;eos</code>,1,0.0003175
356,&eth;eow,<code>&amp;d;eow</code>,1,0.0003175
356,&eth;eowan,<code>&amp;d;eowan</code>,1,0.0003175
356,&eth;icgan,<code>&amp;d;icgan</code>,1,0.0003175
356,&eth;in,<code>&amp;d;in</code>,1,0.0003175
356,&eth;ine,<code>&amp;d;ine</code>,1,0.0003175
356,&eth;inges,<code>&amp;d;inges</code>,1,0.0003175
356,&eth;ingum,<code>&amp;d;ingum</code>,1,0.0003175
356,&eth;ohte,<code>&amp;d;ohte</code>,1,0.0003175
356,&eth;ritig,<code>&amp;d;ritig</code>,1,0.0003175
356,&eth;rowode,<code>&amp;d;rowode</code>,1,0.0003175
356,&eth;rowunge,<code>&amp;d;rowunge</code>,1,0.0003175
356,&eth;rym,<code>&amp;d;rym</code>,1,0.0003175
356,&eth;rynnys,<code>&amp;d;rynnys</code>,1,0.0003175
356,&eth;weh&eth;,<code>&amp;d;weh&amp;d;</code>,1,0.0003175
356,&eth;woh,<code>&amp;d;woh</code>,1,0.0003175
356,&eth;yssum,<code>&amp;d;yssum</code>,1,0.0003175
356,&eth;ysum,<code>&amp;d;ysum</code>,1,0.0003175
356,&thorn;&aelig;rrihte,<code>&amp;t;&amp;ae;rrihte</code>,1,0.0003175
356,&thorn;an,<code>&amp;t;an</code>,1,0.0003175
356,&thorn;as,<code>&amp;t;as</code>,1,0.0003175
356,&thorn;eowas,<code>&amp;t;eowas</code>,1,0.0003175
356,&thorn;eowracan,<code>&amp;t;eowracan</code>,1,0.0003175
356,&thorn;es,<code>&amp;t;es</code>,1,0.0003175
356,&thorn;incan,<code>&amp;t;incan</code>,1,0.0003175
356,&thorn;is,<code>&amp;t;is</code>,1,0.0003175
356,&thorn;ises,<code>&amp;t;ises</code>,1,0.0003175
356,&thorn;isum,<code>&amp;t;isum</code>,1,0.0003175
356,&thorn;reo,<code>&amp;t;reo</code>,1,0.0003175
356,&thorn;riddan,<code>&amp;t;riddan</code>,1,0.0003175
356,&thorn;ridde,<code>&amp;t;ridde</code>,1,0.0003175
356,&thorn;ritig,<code>&amp;t;ritig</code>,1,0.0003175
356,&thorn;ry,<code>&amp;t;ry</code>,1,0.0003175
356,&thorn;rym,<code>&amp;t;rym</code>,1,0.0003175
356,&thorn;us,<code>&amp;t;us</code>,1,0.0003175
356,&thorn;yses,<code>&amp;t;yses</code>,1,0.0003175
356,a&eth;olige,<code>a&amp;d;olige</code>,1,0.0003175
356,a&thorn;weh&eth;,<code>a&amp;t;weh&amp;d;</code>,1,0.0003175
356,adw&aelig;sce,<code>adw&amp;ae;sce</code>,1,0.0003175
356,adylega&eth;,<code>adylega&amp;d;</code>,1,0.0003175
356,adylegode,<code>adylegode</code>,1,0.0003175
356,aepiphania,<code>aepiphania</code>,1,0.0003175
356,agene,<code>agene</code>,1,0.0003175
356,agenre,<code>agenre</code>,1,0.0003175
356,agenum,<code>agenum</code>,1,0.0003175
356,agyldan,<code>agyldan</code>,1,0.0003175
356,alyfed,<code>alyfed</code>,1,0.0003175
356,amen,<code>amen</code>,1,0.0003175
356,andetton,<code>andetton</code>,1,0.0003175
356,andgit,<code>andgit</code>,1,0.0003175
356,andwyrdan,<code>andwyrdan</code>,1,0.0003175
356,anes,<code>anes</code>,1,0.0003175
356,anfeald,<code>anfeald</code>,1,0.0003175
356,anlicnysse,<code>anlicnysse</code>,1,0.0003175
356,annysse,<code>annysse</code>,1,0.0003175
356,anum,<code>anum</code>,1,0.0003175
356,anweald,<code>anweald</code>,1,0.0003175
356,apostolum,<code>apostolum</code>,1,0.0003175
356,arisan,<code>arisan</code>,1,0.0003175
356,asetton,<code>asetton</code>,1,0.0003175
356,asolcennys,<code>asolcennys</code>,1,0.0003175
356,astah,<code>astah</code>,1,0.0003175
356,astellan,<code>astellan</code>,1,0.0003175
356,astyrede,<code>astyrede</code>,1,0.0003175
356,awent,<code>awent</code>,1,0.0003175
356,aworpen,<code>aworpen</code>,1,0.0003175
356,awriten,<code>awriten</code>,1,0.0003175
356,awriton,<code>awriton</code>,1,0.0003175
356,b&aelig;d,<code>b&amp;ae;d</code>,1,0.0003175
356,bearnum,<code>bearnum</code>,1,0.0003175
356,bebod,<code>bebod</code>,1,0.0003175
356,beboden,<code>beboden</code>,1,0.0003175
356,bebodum,<code>bebodum</code>,1,0.0003175
356,bec,<code>bec</code>,1,0.0003175
356,becym&eth;,<code>becym&amp;d;</code>,1,0.0003175
356,befangen,<code>befangen</code>,1,0.0003175
356,beforan,<code>beforan</code>,1,0.0003175
356,befrin&eth;,<code>befrin&amp;d;</code>,1,0.0003175
356,bega&eth;,<code>bega&amp;d;</code>,1,0.0003175
356,begange,<code>begange</code>,1,0.0003175
356,behate,<code>behate</code>,1,0.0003175
356,behet,<code>behet</code>,1,0.0003175
356,behofia&eth;,<code>behofia&amp;d;</code>,1,0.0003175
356,behofode,<code>behofode</code>,1,0.0003175
356,behreowsia&eth;,<code>behreowsia&amp;d;</code>,1,0.0003175
356,behreowsian,<code>behreowsian</code>,1,0.0003175
356,beode,<code>beode</code>,1,0.0003175
356,beor,<code>beor</code>,1,0.0003175
356,beran,<code>beran</code>,1,0.0003175
356,bet&aelig;hte,<code>bet&amp;ae;hte</code>,1,0.0003175
356,beteran,<code>beteran</code>,1,0.0003175
356,bewepan,<code>bewepan</code>,1,0.0003175
356,bigencge,<code>bigencge</code>,1,0.0003175
356,bilewite,<code>bilewite</code>,1,0.0003175
356,bilewitnys,<code>bilewitnys</code>,1,0.0003175
356,biternysse,<code>biternysse</code>,1,0.0003175
356,blacan,<code>blacan</code>,1,0.0003175
356,blode,<code>blode</code>,1,0.0003175
356,bodedon,<code>bodedon</code>,1,0.0003175
356,bodian,<code>bodian</code>,1,0.0003175
356,borh,<code>borh</code>,1,0.0003175
356,br&aelig;dan,<code>br&amp;ae;dan</code>,1,0.0003175
356,brohton,<code>brohton</code>,1,0.0003175
356,bryne,<code>bryne</code>,1,0.0003175
356,bufan,<code>bufan</code>,1,0.0003175
356,burne,<code>burne</code>,1,0.0003175
356,butan,<code>butan</code>,1,0.0003175
356,bysnia&eth;,<code>bysnia&amp;d;</code>,1,0.0003175
356,bysnige,<code>bysnige</code>,1,0.0003175
356,byterwyrde,<code>byterwyrde</code>,1,0.0003175
356,cann,<code>cann</code>,1,0.0003175
356,caue,<code>caue</code>,1,0.0003175
356,cempan,<code>cempan</code>,1,0.0003175
356,cidde,<code>cidde</code>,1,0.0003175
356,cildra,<code>cildra</code>,1,0.0003175
356,cl&aelig;nsunge,<code>cl&amp;ae;nsunge</code>,1,0.0003175
356,clawum,<code>clawum</code>,1,0.0003175
356,cristen,<code>cristen</code>,1,0.0003175
356,cristendome,<code>cristendome</code>,1,0.0003175
356,cristenum,<code>cristenum</code>,1,0.0003175
356,cruman,<code>cruman</code>,1,0.0003175
356,cu&eth;on,<code>cu&amp;d;on</code>,1,0.0003175
356,cuman,<code>cuman</code>,1,0.0003175
356,cumende,<code>cumende</code>,1,0.0003175
356,cunnon,<code>cunnon</code>,1,0.0003175
356,cwe&eth;e,<code>cwe&amp;d;e</code>,1,0.0003175
356,cwe&thorn;st,<code>cwe&amp;t;st</code>,1,0.0003175
356,cwy&eth;,<code>cwy&amp;d;</code>,1,0.0003175
356,cwyde,<code>cwyde</code>,1,0.0003175
356,cymst,<code>cymst</code>,1,0.0003175
356,cynegum,<code>cynegum</code>,1,0.0003175
356,cyninga,<code>cyninga</code>,1,0.0003175
356,cynnes,<code>cynnes</code>,1,0.0003175
356,cyrcan,<code>cyrcan</code>,1,0.0003175
356,d&aelig;da,<code>d&amp;ae;da</code>,1,0.0003175
356,d&aelig;dbote,<code>d&amp;ae;dbote</code>,1,0.0003175
356,dehter,<code>dehter</code>,1,0.0003175
356,domes,<code>domes</code>,1,0.0003175
356,domini,<code>domini</code>,1,0.0003175
356,donne,<code>donne</code>,1,0.0003175
356,dorste,<code>dorste</code>,1,0.0003175
356,dranc,<code>dranc</code>,1,0.0003175
356,dreame,<code>dreame</code>,1,0.0003175
356,drifa&eth;,<code>drifa&amp;d;</code>,1,0.0003175
356,drohtnode,<code>drohtnode</code>,1,0.0003175
356,druncnia&eth;,<code>druncnia&amp;d;</code>,1,0.0003175
356,dwelodon,<code>dwelodon</code>,1,0.0003175
356,dyde,<code>dyde</code>,1,0.0003175
356,eadig,<code>eadig</code>,1,0.0003175
356,eadmodlice,<code>eadmodlice</code>,1,0.0003175
356,eala,<code>eala</code>,1,0.0003175
356,ealles,<code>ealles</code>,1,0.0003175
356,ealu,<code>ealu</code>,1,0.0003175
356,eastertide,<code>eastertide</code>,1,0.0003175
356,ece,<code>ece</code>,1,0.0003175
356,edlean,<code>edlean</code>,1,0.0003175
356,egeslic,<code>egeslic</code>,1,0.0003175
356,egeslice,<code>egeslice</code>,1,0.0003175
356,ende,<code>ende</code>,1,0.0003175
356,eode,<code>eode</code>,1,0.0003175
356,eor&eth;an,<code>eor&amp;d;an</code>,1,0.0003175
356,eor&eth;licum,<code>eor&amp;d;licum</code>,1,0.0003175
356,eowrum,<code>eowrum</code>,1,0.0003175
356,facn,<code>facn</code>,1,0.0003175
356,fante,<code>fante</code>,1,0.0003175
356,faran,<code>faran</code>,1,0.0003175
356,feaht,<code>feaht</code>,1,0.0003175
356,fealla&eth;,<code>fealla&amp;d;</code>,1,0.0003175
356,feawa,<code>feawa</code>,1,0.0003175
356,feawum,<code>feawum</code>,1,0.0003175
356,ferde,<code>ferde</code>,1,0.0003175
356,findan,<code>findan</code>,1,0.0003175
356,fleogan,<code>fleogan</code>,1,0.0003175
356,folces,<code>folces</code>,1,0.0003175
356,for&eth;,<code>for&amp;d;</code>,1,0.0003175
356,forb&aelig;rnan,<code>forb&amp;ae;rnan</code>,1,0.0003175
356,forb&aelig;rned,<code>forb&amp;ae;rned</code>,1,0.0003175
356,foresewen,<code>foresewen</code>,1,0.0003175
356,forespr&aelig;ce,<code>forespr&amp;ae;ce</code>,1,0.0003175
356,forgifen,<code>forgifen</code>,1,0.0003175
356,forgifenys,<code>forgifenys</code>,1,0.0003175
356,forgifenyss,<code>forgifenyss</code>,1,0.0003175
356,forgyfene,<code>forgyfene</code>,1,0.0003175
356,forhtigende,<code>forhtigende</code>,1,0.0003175
356,fornim&eth;,<code>fornim&amp;d;</code>,1,0.0003175
356,forniman,<code>forniman</code>,1,0.0003175
356,forp&aelig;ra&eth;,<code>forp&amp;ae;ra&amp;d;</code>,1,0.0003175
356,forspreca,<code>forspreca</code>,1,0.0003175
356,fugel,<code>fugel</code>,1,0.0003175
356,fugelas,<code>fugelas</code>,1,0.0003175
356,fugeles,<code>fugeles</code>,1,0.0003175
356,fulfremed,<code>fulfremed</code>,1,0.0003175
356,full,<code>full</code>,1,0.0003175
356,fulla&eth;,<code>fulla&amp;d;</code>,1,0.0003175
356,fullia&eth;,<code>fullia&amp;d;</code>,1,0.0003175
356,fullodon,<code>fullodon</code>,1,0.0003175
356,fulluhtes,<code>fulluhtes</code>,1,0.0003175
356,fullweaxen,<code>fullweaxen</code>,1,0.0003175
356,fur&eth;on,<code>fur&amp;d;on</code>,1,0.0003175
356,gaste,<code>gaste</code>,1,0.0003175
356,gastes,<code>gastes</code>,1,0.0003175
356,ge&eth;ogen,<code>ge&amp;d;ogen</code>,1,0.0003175
356,ge&eth;uht,<code>ge&amp;d;uht</code>,1,0.0003175
356,ge&eth;uhte,<code>ge&amp;d;uhte</code>,1,0.0003175
356,ge&eth;ungen,<code>ge&amp;d;ungen</code>,1,0.0003175
356,ge&eth;yldelice,<code>ge&amp;d;yldelice</code>,1,0.0003175
356,gea,<code>gea</code>,1,0.0003175
356,geara,<code>geara</code>,1,0.0003175
356,gearcunge,<code>gearcunge</code>,1,0.0003175
356,geares,<code>geares</code>,1,0.0003175
356,gebetan,<code>gebetan</code>,1,0.0003175
356,gebigan,<code>gebigan</code>,1,0.0003175
356,gebletsode,<code>gebletsode</code>,1,0.0003175
356,geboren,<code>geboren</code>,1,0.0003175
356,gebringe,<code>gebringe</code>,1,0.0003175
356,gebuge,<code>gebuge</code>,1,0.0003175
356,gebugon,<code>gebugon</code>,1,0.0003175
356,gebysnungum,<code>gebysnungum</code>,1,0.0003175
356,gecorene,<code>gecorene</code>,1,0.0003175
356,gecumen,<code>gecumen</code>,1,0.0003175
356,gecw&aelig;&eth;,<code>gecw&amp;ae;&amp;d;</code>,1,0.0003175
356,gecwe&eth;an,<code>gecwe&amp;d;an</code>,1,0.0003175
356,gecy&eth;nys,<code>gecy&amp;d;nys</code>,1,0.0003175
356,gecy&eth;nyssa,<code>gecy&amp;d;nyssa</code>,1,0.0003175
356,gecynd,<code>gecynd</code>,1,0.0003175
356,gedafena&eth;,<code>gedafena&amp;d;</code>,1,0.0003175
356,gedon,<code>gedon</code>,1,0.0003175
356,gedwolmen,<code>gedwolmen</code>,1,0.0003175
356,gedyrum,<code>gedyrum</code>,1,0.0003175
356,geearnian,<code>geearnian</code>,1,0.0003175
356,geearnode,<code>geearnode</code>,1,0.0003175
356,geearnungum,<code>geearnungum</code>,1,0.0003175
356,geendunge,<code>geendunge</code>,1,0.0003175
356,gefera,<code>gefera</code>,1,0.0003175
356,gefremedon,<code>gefremedon</code>,1,0.0003175
356,gefulla&eth;,<code>gefulla&amp;d;</code>,1,0.0003175
356,gefullian,<code>gefullian</code>,1,0.0003175
356,gefyllan,<code>gefyllan</code>,1,0.0003175
356,gefyllon,<code>gefyllon</code>,1,0.0003175
356,geh&aelig;l&eth;,<code>geh&amp;ae;l&amp;d;</code>,1,0.0003175
356,geh&aelig;led,<code>geh&amp;ae;led</code>,1,0.0003175
356,gehadedum,<code>gehadedum</code>,1,0.0003175
356,gehalga&eth;,<code>gehalga&amp;d;</code>,1,0.0003175
356,gehalgode,<code>gehalgode</code>,1,0.0003175
356,gehwam,<code>gehwam</code>,1,0.0003175
356,gehyrsumnys,<code>gehyrsumnys</code>,1,0.0003175
356,gehyrsumnysse,<code>gehyrsumnysse</code>,1,0.0003175
356,gehyrte,<code>gehyrte</code>,1,0.0003175
356,gel&aelig;cca&eth;,<code>gel&amp;ae;cca&amp;d;</code>,1,0.0003175
356,geleafa,<code>geleafa</code>,1,0.0003175
356,geleaflice,<code>geleaflice</code>,1,0.0003175
356,gelicnysse,<code>gelicnysse</code>,1,0.0003175
356,gelogod,<code>gelogod</code>,1,0.0003175
356,gelyfan,<code>gelyfan</code>,1,0.0003175
356,gelyfdon,<code>gelyfdon</code>,1,0.0003175
356,gemedemode,<code>gemedemode</code>,1,0.0003175
356,gemetegie,<code>gemetegie</code>,1,0.0003175
356,gemyndige,<code>gemyndige</code>,1,0.0003175
356,geneal&aelig;ca&eth;,<code>geneal&amp;ae;ca&amp;d;</code>,1,0.0003175
356,geni&eth;erade,<code>geni&amp;d;erade</code>,1,0.0003175
356,geoffrod,<code>geoffrod</code>,1,0.0003175
356,geond,<code>geond</code>,1,0.0003175
356,ger&aelig;ddon,<code>ger&amp;ae;ddon</code>,1,0.0003175
356,gerefan,<code>gerefan</code>,1,0.0003175
356,gereord,<code>gereord</code>,1,0.0003175
356,ges&aelig;de,<code>ges&amp;ae;de</code>,1,0.0003175
356,ges&aelig;t,<code>ges&amp;ae;t</code>,1,0.0003175
356,gescead,<code>gescead</code>,1,0.0003175
356,gesceafta,<code>gesceafta</code>,1,0.0003175
356,gesceapen,<code>gesceapen</code>,1,0.0003175
356,gesceop,<code>gesceop</code>,1,0.0003175
356,gescipe,<code>gescipe</code>,1,0.0003175
356,gescylde,<code>gescylde</code>,1,0.0003175
356,geseah,<code>geseah</code>,1,0.0003175
356,geset,<code>geset</code>,1,0.0003175
356,gesetnys,<code>gesetnys</code>,1,0.0003175
356,gesetnyssum,<code>gesetnyssum</code>,1,0.0003175
356,gesewene,<code>gesewene</code>,1,0.0003175
356,gesibsum,<code>gesibsum</code>,1,0.0003175
356,gesta&eth;elodon,<code>gesta&amp;d;elodon</code>,1,0.0003175
356,gesti&eth;od,<code>gesti&amp;d;od</code>,1,0.0003175
356,gestrynan,<code>gestrynan</code>,1,0.0003175
356,geswicennysse,<code>geswicennysse</code>,1,0.0003175
356,geswutelod,<code>geswutelod</code>,1,0.0003175
356,getacna&eth;,<code>getacna&amp;d;</code>,1,0.0003175
356,getacnian,<code>getacnian</code>,1,0.0003175
356,getacnode,<code>getacnode</code>,1,0.0003175
356,getacnungum,<code>getacnungum</code>,1,0.0003175
356,geteald,<code>geteald</code>,1,0.0003175
356,getemprie,<code>getemprie</code>,1,0.0003175
356,getimige,<code>getimige</code>,1,0.0003175
356,getotum,<code>getotum</code>,1,0.0003175
356,gewilnast,<code>gewilnast</code>,1,0.0003175
356,gewislicor,<code>gewislicor</code>,1,0.0003175
356,gewittig,<code>gewittig</code>,1,0.0003175
356,gewurde,<code>gewurde</code>,1,0.0003175
356,gewyrce,<code>gewyrce</code>,1,0.0003175
356,gife,<code>gife</code>,1,0.0003175
356,glida,<code>glida</code>,1,0.0003175
356,godcundan,<code>godcundan</code>,1,0.0003175
356,godne,<code>godne</code>,1,0.0003175
356,godnysse,<code>godnysse</code>,1,0.0003175
356,godra,<code>godra</code>,1,0.0003175
356,h&aelig;&eth;enra,<code>h&amp;ae;&amp;d;enra</code>,1,0.0003175
356,h&aelig;re,<code>h&amp;ae;re</code>,1,0.0003175
356,habba&eth;,<code>habba&amp;d;</code>,1,0.0003175
356,had,<code>had</code>,1,0.0003175
356,hadum,<code>hadum</code>,1,0.0003175
356,halgum,<code>halgum</code>,1,0.0003175
356,hand,<code>hand</code>,1,0.0003175
356,heafde,<code>heafde</code>,1,0.0003175
356,heafod,<code>heafod</code>,1,0.0003175
356,heafodleahtras,<code>heafodleahtras</code>,1,0.0003175
356,healdan,<code>healdan</code>,1,0.0003175
356,healice,<code>healice</code>,1,0.0003175
356,heofon,<code>heofon</code>,1,0.0003175
356,heofonan,<code>heofonan</code>,1,0.0003175
356,heolde,<code>heolde</code>,1,0.0003175
356,het,<code>het</code>,1,0.0003175
356,hiredmenn,<code>hiredmenn</code>,1,0.0003175
356,hiwisce,<code>hiwisce</code>,1,0.0003175
356,hiwum,<code>hiwum</code>,1,0.0003175
356,hlaf,<code>hlaf</code>,1,0.0003175
356,hlafordes,<code>hlafordes</code>,1,0.0003175
356,hr&aelig;dlice,<code>hr&amp;ae;dlice</code>,1,0.0003175
356,hremmes,<code>hremmes</code>,1,0.0003175
356,hrymde,<code>hrymde</code>,1,0.0003175
356,hund,<code>hund</code>,1,0.0003175
356,hundum,<code>hundum</code>,1,0.0003175
356,huru,<code>huru</code>,1,0.0003175
356,hus,<code>hus</code>,1,0.0003175
356,huselgang,<code>huselgang</code>,1,0.0003175
356,huselhalgung,<code>huselhalgung</code>,1,0.0003175
356,huxlic,<code>huxlic</code>,1,0.0003175
356,hwa,<code>hwa</code>,1,0.0003175
356,hwanon,<code>hwanon</code>,1,0.0003175
356,hwelpas,<code>hwelpas</code>,1,0.0003175
356,ianuarii,<code>ianuarii</code>,1,0.0003175
356,idus,<code>idus</code>,1,0.0003175
356,in,<code>in</code>,1,0.0003175
356,innan,<code>innan</code>,1,0.0003175
356,into,<code>into</code>,1,0.0003175
356,iordane,<code>iordane</code>,1,0.0003175
356,iu,<code>iu</code>,1,0.0003175
356,iudeisce,<code>iudeisce</code>,1,0.0003175
356,l&aelig;fde,<code>l&amp;ae;fde</code>,1,0.0003175
356,l&aelig;g,<code>l&amp;ae;g</code>,1,0.0003175
356,l&aelig;ssan,<code>l&amp;ae;ssan</code>,1,0.0003175
356,l&aelig;t,<code>l&amp;ae;t</code>,1,0.0003175
356,la,<code>la</code>,1,0.0003175
356,lac,<code>lac</code>,1,0.0003175
356,langsum,<code>langsum</code>,1,0.0003175
356,lareowum,<code>lareowum</code>,1,0.0003175
356,leahtrum,<code>leahtrum</code>,1,0.0003175
356,leofode,<code>leofode</code>,1,0.0003175
356,leornige,<code>leornige</code>,1,0.0003175
356,li&eth;e,<code>li&amp;d;e</code>,1,0.0003175
356,li&eth;nys,<code>li&amp;d;nys</code>,1,0.0003175
356,lif,<code>lif</code>,1,0.0003175
356,lifes,<code>lifes</code>,1,0.0003175
356,losia&eth;,<code>losia&amp;d;</code>,1,0.0003175
356,lufu,<code>lufu</code>,1,0.0003175
356,lytel,<code>lytel</code>,1,0.0003175
356,lytle,<code>lytle</code>,1,0.0003175
356,m&aelig;dene,<code>m&amp;ae;dene</code>,1,0.0003175
356,m&aelig;g,<code>m&amp;ae;g</code>,1,0.0003175
356,m&aelig;r&eth;a,<code>m&amp;ae;r&amp;d;a</code>,1,0.0003175
356,m&aelig;re,<code>m&amp;ae;re</code>,1,0.0003175
356,m&aelig;rra,<code>m&amp;ae;rra</code>,1,0.0003175
356,m&aelig;ssepreost,<code>m&amp;ae;ssepreost</code>,1,0.0003175
356,mannan,<code>mannan</code>,1,0.0003175
356,marian,<code>marian</code>,1,0.0003175
356,mettas,<code>mettas</code>,1,0.0003175
356,micele,<code>micele</code>,1,0.0003175
356,micelnyss,<code>micelnyss</code>,1,0.0003175
356,middanearde,<code>middanearde</code>,1,0.0003175
356,mihtige,<code>mihtige</code>,1,0.0003175
356,mildheortnysse,<code>mildheortnysse</code>,1,0.0003175
356,misbysnia&eth;,<code>misbysnia&amp;d;</code>,1,0.0003175
356,misd&aelig;da,<code>misd&amp;ae;da</code>,1,0.0003175
356,mislic,<code>mislic</code>,1,0.0003175
356,mist&aelig;ca&eth;,<code>mist&amp;ae;ca&amp;d;</code>,1,0.0003175
356,moder,<code>moder</code>,1,0.0003175
356,mote,<code>mote</code>,1,0.0003175
356,mynega&eth;,<code>mynega&amp;d;</code>,1,0.0003175
356,myrh&eth;e,<code>myrh&amp;d;e</code>,1,0.0003175
356,n&aelig;bbe,<code>n&amp;ae;bbe</code>,1,0.0003175
356,n&aelig;fre,<code>n&amp;ae;fre</code>,1,0.0003175
356,n&aelig;nne,<code>n&amp;ae;nne</code>,1,0.0003175
356,naman,<code>naman</code>,1,0.0003175
356,name,<code>name</code>,1,0.0003175
356,ni&eth;er,<code>ni&amp;d;er</code>,1,0.0003175
356,niman,<code>niman</code>,1,0.0003175
356,nime,<code>nime</code>,1,0.0003175
356,nolde,<code>nolde</code>,1,0.0003175
356,nytennys,<code>nytennys</code>,1,0.0003175
356,o&thorn;&thorn;e,<code>o&amp;t;&amp;t;e</code>,1,0.0003175
356,ofbeata&eth;,<code>ofbeata&amp;d;</code>,1,0.0003175
356,oferslegum,<code>oferslegum</code>,1,0.0003175
356,ofet,<code>ofet</code>,1,0.0003175
356,ofslea&eth;,<code>ofslea&amp;d;</code>,1,0.0003175
356,oft,<code>oft</code>,1,0.0003175
356,oluendes,<code>oluendes</code>,1,0.0003175
356,on&aelig;lde,<code>on&amp;ae;lde</code>,1,0.0003175
356,onbryrd,<code>onbryrd</code>,1,0.0003175
356,onbryrde,<code>onbryrde</code>,1,0.0003175
356,onbryrt,<code>onbryrt</code>,1,0.0003175
356,ondr&aelig;t,<code>ondr&amp;ae;t</code>,1,0.0003175
356,ondredon,<code>ondredon</code>,1,0.0003175
356,onfo,<code>onfo</code>,1,0.0003175
356,ongean,<code>ongean</code>,1,0.0003175
356,openlice,<code>openlice</code>,1,0.0003175
356,paulus,<code>paulus</code>,1,0.0003175
356,pinunga,<code>pinunga</code>,1,0.0003175
356,preost,<code>preost</code>,1,0.0003175
356,re&eth;e,<code>re&amp;d;e</code>,1,0.0003175
356,riht,<code>riht</code>,1,0.0003175
356,rihtlic,<code>rihtlic</code>,1,0.0003175
356,rihtne,<code>rihtne</code>,1,0.0003175
356,rixa&eth;,<code>rixa&amp;d;</code>,1,0.0003175
356,rodetacn,<code>rodetacn</code>,1,0.0003175
356,s&aelig;de,<code>s&amp;ae;de</code>,1,0.0003175
356,s&aelig;ton,<code>s&amp;ae;ton</code>,1,0.0003175
356,sace,<code>sace</code>,1,0.0003175
356,sawla,<code>sawla</code>,1,0.0003175
356,sawle,<code>sawle</code>,1,0.0003175
356,sceo&eth;wang,<code>sceo&amp;d;wang</code>,1,0.0003175
356,sceole,<code>sceole</code>,1,0.0003175
356,scinende,<code>scinende</code>,1,0.0003175
356,sealmscop,<code>sealmscop</code>,1,0.0003175
356,sealmwyrhta,<code>sealmwyrhta</code>,1,0.0003175
356,sege,<code>sege</code>,1,0.0003175
356,sende,<code>sende</code>,1,0.0003175
356,sermo,<code>sermo</code>,1,0.0003175
356,sette,<code>sette</code>,1,0.0003175
356,sibbe,<code>sibbe</code>,1,0.0003175
356,sleac,<code>sleac</code>,1,0.0003175
356,sleace,<code>sleace</code>,1,0.0003175
356,smea&eth;,<code>smea&amp;d;</code>,1,0.0003175
356,sni&eth;an,<code>sni&amp;d;an</code>,1,0.0003175
356,so&eth;,<code>so&amp;d;</code>,1,0.0003175
356,spr&aelig;c,<code>spr&amp;ae;c</code>,1,0.0003175
356,spr&aelig;ce,<code>spr&amp;ae;ce</code>,1,0.0003175
356,sti&eth;lice,<code>sti&amp;d;lice</code>,1,0.0003175
356,stille,<code>stille</code>,1,0.0003175
356,stod,<code>stod</code>,1,0.0003175
356,strengra,<code>strengra</code>,1,0.0003175
356,suna,<code>suna</code>,1,0.0003175
356,swi&eth;or,<code>swi&amp;d;or</code>,1,0.0003175
356,swilce,<code>swilce</code>,1,0.0003175
356,swutele,<code>swutele</code>,1,0.0003175
356,swutelung,<code>swutelung</code>,1,0.0003175
356,sylfe,<code>sylfe</code>,1,0.0003175
356,sylle,<code>sylle</code>,1,0.0003175
356,syndon,<code>syndon</code>,1,0.0003175
356,syngia&eth;,<code>syngia&amp;d;</code>,1,0.0003175
356,t&aelig;ca&eth;,<code>t&amp;ae;ca&amp;d;</code>,1,0.0003175
356,t&aelig;ce,<code>t&amp;ae;ce</code>,1,0.0003175
356,t&aelig;hton,<code>t&amp;ae;hton</code>,1,0.0003175
356,toclypung,<code>toclypung</code>,1,0.0003175
356,tocyme,<code>tocyme</code>,1,0.0003175
356,toeacan,<code>toeacan</code>,1,0.0003175
356,toforan,<code>toforan</code>,1,0.0003175
356,togeanes,<code>togeanes</code>,1,0.0003175
356,tolleras,<code>tolleras</code>,1,0.0003175
356,toweard,<code>toweard</code>,1,0.0003175
356,trahtnunga,<code>trahtnunga</code>,1,0.0003175
356,treow,<code>treow</code>,1,0.0003175
356,truca&eth;,<code>truca&amp;d;</code>,1,0.0003175
356,twam,<code>twam</code>,1,0.0003175
356,twentig,<code>twentig</code>,1,0.0003175
356,twyfeald,<code>twyfeald</code>,1,0.0003175
356,twyfealde,<code>twyfealde</code>,1,0.0003175
356,twylic,<code>twylic</code>,1,0.0003175
356,uiii,<code>uiii</code>,1,0.0003175
356,un&eth;eaw,<code>un&amp;d;eaw</code>,1,0.0003175
356,un&eth;eawas,<code>un&amp;d;eawas</code>,1,0.0003175
356,unbindan,<code>unbindan</code>,1,0.0003175
356,unc,<code>unc</code>,1,0.0003175
356,underfeh&eth;,<code>underfeh&amp;d;</code>,1,0.0003175
356,underfeng,<code>underfeng</code>,1,0.0003175
356,understandan,<code>understandan</code>,1,0.0003175
356,ungefullod,<code>ungefullod</code>,1,0.0003175
356,ungelyfedum,<code>ungelyfedum</code>,1,0.0003175
356,ungewittigan,<code>ungewittigan</code>,1,0.0003175
356,unhearmgeorn,<code>unhearmgeorn</code>,1,0.0003175
356,unmihte,<code>unmihte</code>,1,0.0003175
356,unre&eth;e,<code>unre&amp;d;e</code>,1,0.0003175
356,unsc&aelig;&eth;&eth;ig,<code>unsc&amp;ae;&amp;d;&amp;d;ig</code>,1,0.0003175
356,upstige,<code>upstige</code>,1,0.0003175
356,utan,<code>utan</code>,1,0.0003175
356,w&aelig;stm,<code>w&amp;ae;stm</code>,1,0.0003175
356,w&aelig;stme,<code>w&amp;ae;stme</code>,1,0.0003175
356,w&aelig;stmum,<code>w&amp;ae;stmum</code>,1,0.0003175
356,w&aelig;tena,<code>w&amp;ae;tena</code>,1,0.0003175
356,waccran,<code>waccran</code>,1,0.0003175
356,wace,<code>wace</code>,1,0.0003175
356,weallende,<code>weallende</code>,1,0.0003175
356,wenan,<code>wenan</code>,1,0.0003175
356,wende,<code>wende</code>,1,0.0003175
356,westene,<code>westene</code>,1,0.0003175
356,wex&eth;,<code>wex&amp;d;</code>,1,0.0003175
356,wi&eth;erode,<code>wi&amp;d;erode</code>,1,0.0003175
356,wi&eth;metennysse,<code>wi&amp;d;metennysse</code>,1,0.0003175
356,wi&eth;sacan,<code>wi&amp;d;sacan</code>,1,0.0003175
356,wi&eth;sacen,<code>wi&amp;d;sacen</code>,1,0.0003175
356,wi&eth;soc,<code>wi&amp;d;soc</code>,1,0.0003175
356,wifa,<code>wifa</code>,1,0.0003175
356,wife,<code>wife</code>,1,0.0003175
356,willa,<code>willa</code>,1,0.0003175
356,wilt,<code>wilt</code>,1,0.0003175
356,win,<code>win</code>,1,0.0003175
356,wintra,<code>wintra</code>,1,0.0003175
356,wison,<code>wison</code>,1,0.0003175
356,wite,<code>wite</code>,1,0.0003175
356,wodum,<code>wodum</code>,1,0.0003175
356,word,<code>word</code>,1,0.0003175
356,worhte,<code>worhte</code>,1,0.0003175
356,wuda,<code>wuda</code>,1,0.0003175
356,wunode,<code>wunode</code>,1,0.0003175
356,wurdon,<code>wurdon</code>,1,0.0003175
356,wurpe,<code>wurpe</code>,1,0.0003175
356,wyllspringas,<code>wyllspringas</code>,1,0.0003175
356,wyr&eth;e,<code>wyr&amp;d;e</code>,1,0.0003175
356,wyrmum,<code>wyrmum</code>,1,0.0003175
356,wyrse,<code>wyrse</code>,1,0.0003175
356,yfel,<code>yfel</code>,1,0.0003175
356,yfele,<code>yfele</code>,1,0.0003175
356,yfelra,<code>yfelra</code>,1,0.0003175
356,yfelum,<code>yfelum</code>,1,0.0003175
356,ylca,<code>ylca</code>,1,0.0003175
356,ylde,<code>ylde</code>,1,0.0003175
356,ymbe,<code>ymbe</code>,1,0.0003175
356,ymbhwyrft,<code>ymbhwyrft</code>,1,0.0003175
