A_Poetry,A10,A10.004_DEdg_T01480.txt,161,132,217
RANK,HTML WORD,RAW WORD,COUNT,RELATIVE FREQUENCY
1,on,<code>on</code>,9,0.0414747
2,and,<code>and</code>,7,0.0322581
3,w&aelig;s,<code>w&amp;ae;s</code>,6,0.0276498
4,&thorn;a,<code>&amp;t;a</code>,5,0.0230415
4,ofer,<code>ofer</code>,5,0.0230415
6,h&aelig;le&eth;,<code>h&amp;ae;le&amp;d;</code>,4,0.0184332
7,of,<code>of</code>,3,0.0138249
7,wear&eth;,<code>wear&amp;d;</code>,3,0.0138249
7,wide,<code>wide</code>,3,0.0138249
10,&aelig;r,<code>&amp;ae;r</code>,2,0.0092166
10,&thorn;&aelig;t,<code>&amp;t;&amp;ae;t</code>,2,0.0092166
10,&thorn;am,<code>&amp;t;am</code>,2,0.0092166
10,&thorn;e,<code>&amp;t;e</code>,2,0.0092166
10,&thorn;is,<code>&amp;t;is</code>,2,0.0092166
10,&thorn;one,<code>&amp;t;one</code>,2,0.0092166
10,&thorn;urh,<code>&amp;t;urh</code>,2,0.0092166
10,bearn,<code>bearn</code>,2,0.0092166
10,eadgar,<code>eadgar</code>,2,0.0092166
10,eft,<code>eft</code>,2,0.0092166
10,engla,<code>engla</code>,2,0.0092166
10,eor&eth;an,<code>eor&amp;d;an</code>,2,0.0092166
10,gewat,<code>gewat</code>,2,0.0092166
10,him,<code>him</code>,2,0.0092166
10,his,<code>his</code>,2,0.0092166
10,men,<code>men</code>,2,0.0092166
10,nama,<code>nama</code>,2,0.0092166
10,se,<code>se</code>,2,0.0092166
10,to,<code>to</code>,2,0.0092166
10,waldendes,<code>waldendes</code>,2,0.0092166
30,&aelig;tywed,<code>&amp;ae;tywed</code>,1,0.0046083
30,&eth;a,<code>&amp;d;a</code>,1,0.0046083
30,&eth;am,<code>&amp;d;am</code>,1,0.0046083
30,&eth;eowa,<code>&amp;d;eowa</code>,1,0.0046083
30,&eth;isse,<code>&amp;d;isse</code>,1,0.0046083
30,&thorn;&aelig;ne,<code>&amp;t;&amp;ae;ne</code>,1,0.0046083
30,&thorn;&aelig;r,<code>&amp;t;&amp;ae;r</code>,1,0.0046083
30,adr&aelig;fed,<code>adr&amp;ae;fed</code>,1,0.0046083
30,afylled,<code>afylled</code>,1,0.0046083
30,b&aelig;&eth;,<code>b&amp;ae;&amp;d;</code>,1,0.0046083
30,be,<code>be</code>,1,0.0046083
30,beahgyfa,<code>beahgyfa</code>,1,0.0046083
30,beorna,<code>beorna</code>,1,0.0046083
30,bereafod,<code>bereafod</code>,1,0.0046083
30,bisceop,<code>bisceop</code>,1,0.0046083
30,blisse,<code>blisse</code>,1,0.0046083
30,brego,<code>brego</code>,1,0.0046083
30,breostum,<code>breostum</code>,1,0.0046083
30,brytene,<code>brytene</code>,1,0.0046083
30,byrnende,<code>byrnende</code>,1,0.0046083
30,ceas,<code>ceas</code>,1,0.0046083
30,cild,<code>cild</code>,1,0.0046083
30,cometa,<code>cometa</code>,1,0.0046083
30,cr&aelig;ft,<code>cr&amp;ae;ft</code>,1,0.0046083
30,cr&aelig;ftgleawe,<code>cr&amp;ae;ftgleawe</code>,1,0.0046083
30,cynerice,<code>cynerice</code>,1,0.0046083
30,cyneweard,<code>cyneweard</code>,1,0.0046083
30,cyning,<code>cyning</code>,1,0.0046083
30,d&aelig;g,<code>d&amp;ae;g</code>,1,0.0046083
30,deormod,<code>deormod</code>,1,0.0046083
30,dreamas,<code>dreamas</code>,1,0.0046083
30,e&eth;el,<code>e&amp;d;el</code>,1,0.0046083
30,e&eth;eltyrf,<code>e&amp;d;eltyrf</code>,1,0.0046083
30,eac,<code>eac</code>,1,0.0046083
30,eadweard,<code>eadweard</code>,1,0.0046083
30,eahte&eth;an,<code>eahte&amp;d;an</code>,1,0.0046083
30,ealdor,<code>ealdor</code>,1,0.0046083
30,earde,<code>earde</code>,1,0.0046083
30,egbuendra,<code>egbuendra</code>,1,0.0046083
30,eorla,<code>eorla</code>,1,0.0046083
30,fela,<code>fela</code>,1,0.0046083
30,feng,<code>feng</code>,1,0.0046083
30,foldan,<code>foldan</code>,1,0.0046083
30,forlet,<code>forlet</code>,1,0.0046083
30,forsewen,<code>forsewen</code>,1,0.0046083
30,fruma,<code>fruma</code>,1,0.0046083
30,gamolfeax,<code>gamolfeax</code>,1,0.0046083
30,ganotes,<code>ganotes</code>,1,0.0046083
30,ge&eth;ring,<code>ge&amp;d;ring</code>,1,0.0046083
30,geaf,<code>geaf</code>,1,0.0046083
30,gebette,<code>gebette</code>,1,0.0046083
30,gecyndne,<code>gecyndne</code>,1,0.0046083
30,geendode,<code>geendode</code>,1,0.0046083
30,gefr&aelig;ge,<code>gefr&amp;ae;ge</code>,1,0.0046083
30,gefrege,<code>gefrege</code>,1,0.0046083
30,gehw&aelig;m,<code>gehw&amp;ae;m</code>,1,0.0046083
30,gehw&aelig;r,<code>gehw&amp;ae;r</code>,1,0.0046083
30,geond,<code>geond</code>,1,0.0046083
30,geonga,<code>geonga</code>,1,0.0046083
30,getogene,<code>getogene</code>,1,0.0046083
30,gewealc,<code>gewealc</code>,1,0.0046083
30,gleawra,<code>gleawra</code>,1,0.0046083
30,gnornung,<code>gnornung</code>,1,0.0046083
30,goda,<code>goda</code>,1,0.0046083
30,godes,<code>godes</code>,1,0.0046083
30,hama,<code>hama</code>,1,0.0046083
30,hata&eth;,<code>hata&amp;d;</code>,1,0.0046083
30,heofona,<code>heofona</code>,1,0.0046083
30,her,<code>her</code>,1,0.0046083
30,higegleawe,<code>higegleawe</code>,1,0.0046083
30,hrusan,<code>hrusan</code>,1,0.0046083
30,hungor,<code>hungor</code>,1,0.0046083
30,hw&aelig;les,<code>hw&amp;ae;les</code>,1,0.0046083
30,in,<code>in</code>,1,0.0046083
30,iulius,<code>iulius</code>,1,0.0046083
30,l&aelig;ne,<code>l&amp;ae;ne</code>,1,0.0046083
30,leoda,<code>leoda</code>,1,0.0046083
30,leoht,<code>leoht</code>,1,0.0046083
30,lif,<code>lif</code>,1,0.0046083
30,life,<code>life</code>,1,0.0046083
30,lof,<code>lof</code>,1,0.0046083
30,lufan,<code>lufan</code>,1,0.0046083
30,m&aelig;r&eth;a,<code>m&amp;ae;r&amp;d;a</code>,1,0.0046083
30,man,<code>man</code>,1,0.0046083
30,metodes,<code>metodes</code>,1,0.0046083
30,micel,<code>micel</code>,1,0.0046083
30,mine,<code>mine</code>,1,0.0046083
30,mode,<code>mode</code>,1,0.0046083
30,moldan,<code>moldan</code>,1,0.0046083
30,mona&eth;,<code>mona&amp;d;</code>,1,0.0046083
30,mono&eth;,<code>mono&amp;d;</code>,1,0.0046083
30,myrceon,<code>myrceon</code>,1,0.0046083
30,naman,<code>naman</code>,1,0.0046083
30,nemna&eth;,<code>nemna&amp;d;</code>,1,0.0046083
30,nihtum,<code>nihtum</code>,1,0.0046083
30,o&eth;er,<code>o&amp;d;er</code>,1,0.0046083
30,oslac,<code>oslac</code>,1,0.0046083
30,r&aelig;dend,<code>r&amp;ae;dend</code>,1,0.0046083
30,riht,<code>riht</code>,1,0.0046083
30,rihte,<code>rihte</code>,1,0.0046083
30,rimcr&aelig;fte,<code>rimcr&amp;ae;fte</code>,1,0.0046083
30,rodera,<code>rodera</code>,1,0.0046083
30,roderum,<code>roderum</code>,1,0.0046083
30,sigora,<code>sigora</code>,1,0.0046083
30,sta&eth;ole,<code>sta&amp;d;ole</code>,1,0.0046083
30,steorra,<code>steorra</code>,1,0.0046083
30,sti&eth;ferh&thorn;e,<code>sti&amp;d;ferh&amp;t;e</code>,1,0.0046083
30,swi&eth;e,<code>swi&amp;d;e</code>,1,0.0046083
30,sy&eth;&eth;an,<code>sy&amp;d;&amp;d;an</code>,1,0.0046083
30,tirf&aelig;st,<code>tirf&amp;ae;st</code>,1,0.0046083
30,tobr&aelig;c,<code>tobr&amp;ae;c</code>,1,0.0046083
30,todr&aelig;fed,<code>todr&amp;ae;fed</code>,1,0.0046083
30,tyn,<code>tyn</code>,1,0.0046083
30,unweaxen,<code>unweaxen</code>,1,0.0046083
30,uppe,<code>uppe</code>,1,0.0046083
30,w&aelig;g,<code>w&amp;ae;g</code>,1,0.0046083
30,w&aelig;ran,<code>w&amp;ae;ran</code>,1,0.0046083
30,w&aelig;tera,<code>w&amp;ae;tera</code>,1,0.0046083
30,wace,<code>wace</code>,1,0.0046083
30,waldend,<code>waldend</code>,1,0.0046083
30,weard,<code>weard</code>,1,0.0046083
30,welhw&aelig;r,<code>welhw&amp;ae;r</code>,1,0.0046083
30,wer&eth;eode,<code>wer&amp;d;eode</code>,1,0.0046083
30,westm,<code>westm</code>,1,0.0046083
30,wis,<code>wis</code>,1,0.0046083
30,wise,<code>wise</code>,1,0.0046083
30,wlitig,<code>wlitig</code>,1,0.0046083
30,wo&eth;boran,<code>wo&amp;d;boran</code>,1,0.0046083
30,wordsnotor,<code>wordsnotor</code>,1,0.0046083
30,wracu,<code>wracu</code>,1,0.0046083
30,wynsum,<code>wynsum</code>,1,0.0046083
30,y&eth;a,<code>y&amp;d;a</code>,1,0.0046083
