A_Poetry,A11,96,82,123
RANK,HTML WORD,RAW WORD,COUNT,RELATIVE FREQUENCY
1,and,<code>and</code>,8,0.0650407
2,in,<code>in</code>,5,0.0406504
3,is,<code>is</code>,4,0.0325203
4,&eth;e,<code>&amp;d;e</code>,3,0.0243902
4,&eth;em,<code>&amp;d;em</code>,3,0.0243902
6,&eth;&aelig;r,<code>&amp;d;&amp;ae;r</code>,2,0.0162602
6,&eth;er,<code>&amp;d;er</code>,2,0.0162602
6,&eth;es,<code>&amp;d;es</code>,2,0.0162602
6,biscop,<code>biscop</code>,2,0.0162602
6,clene,<code>clene</code>,2,0.0162602
6,inne,<code>inne</code>,2,0.0162602
6,midd,<code>midd</code>,2,0.0162602
6,on,<code>on</code>,2,0.0162602
6,wundrum,<code>wundrum</code>,2,0.0162602
15,&aelig;&eth;ele,<code>&amp;ae;&amp;d;ele</code>,1,0.0081301
15,&aelig;&eth;elwold,<code>&amp;ae;&amp;d;elwold</code>,1,0.0081301
15,&aelig;t,<code>&amp;ae;t</code>,1,0.0081301
15,&eth;ene,<code>&amp;d;ene</code>,1,0.0081301
15,&eth;eos,<code>&amp;d;eos</code>,1,0.0081301
15,&eth;ere,<code>&amp;d;ere</code>,1,0.0081301
15,abbot,<code>abbot</code>,1,0.0081301
15,aidan,<code>aidan</code>,1,0.0081301
15,arfesta,<code>arfesta</code>,1,0.0081301
15,bearnum,<code>bearnum</code>,1,0.0081301
15,beda,<code>beda</code>,1,0.0081301
15,bide&eth;,<code>bide&amp;d;</code>,1,0.0081301
15,bocera,<code>bocera</code>,1,0.0081301
15,boisil,<code>boisil</code>,1,0.0081301
15,breoma,<code>breoma</code>,1,0.0081301
15,breome,<code>breome</code>,1,0.0081301
15,breotenrice,<code>breotenrice</code>,1,0.0081301
15,burch,<code>burch</code>,1,0.0081301
15,byri,<code>byri</code>,1,0.0081301
15,cudberch,<code>cudberch</code>,1,0.0081301
15,cudberte,<code>cudberte</code>,1,0.0081301
15,cyninges,<code>cyninges</code>,1,0.0081301
15,dalum,<code>dalum</code>,1,0.0081301
15,deope,<code>deope</code>,1,0.0081301
15,deor,<code>deor</code>,1,0.0081301
15,deora,<code>deora</code>,1,0.0081301
15,domes,<code>domes</code>,1,0.0081301
15,drihnes,<code>drihnes</code>,1,0.0081301
15,ea,<code>ea</code>,1,0.0081301
15,eac,<code>eac</code>,1,0.0081301
15,eadberch,<code>eadberch</code>,1,0.0081301
15,eadfri&eth;,<code>eadfri&amp;d;</code>,1,0.0081301
15,eadig,<code>eadig</code>,1,0.0081301
15,eadige,<code>eadige</code>,1,0.0081301
15,eardi&aelig;&eth;,<code>eardi&amp;ae;&amp;d;</code>,1,0.0081301
15,engle,<code>engle</code>,1,0.0081301
15,feola,<code>feola</code>,1,0.0081301
15,fisca,<code>fisca</code>,1,0.0081301
15,floda,<code>floda</code>,1,0.0081301
15,geche&eth;e,<code>geche&amp;d;e</code>,1,0.0081301
15,gecy&eth;ed,<code>gecy&amp;d;ed</code>,1,0.0081301
15,geferes,<code>geferes</code>,1,0.0081301
15,gemonge,<code>gemonge</code>,1,0.0081301
15,genom,<code>genom</code>,1,0.0081301
15,geond,<code>geond</code>,1,0.0081301
15,gesta&eth;olad,<code>gesta&amp;d;olad</code>,1,0.0081301
15,gew&aelig;xen,<code>gew&amp;ae;xen</code>,1,0.0081301
15,gewexen,<code>gewexen</code>,1,0.0081301
15,gewur&eth;a&eth;,<code>gewur&amp;d;a&amp;d;</code>,1,0.0081301
15,he,<code>he</code>,1,0.0081301
15,heafud,<code>heafud</code>,1,0.0081301
15,heom,<code>heom</code>,1,0.0081301
15,his,<code>his</code>,1,0.0081301
15,kyn,<code>kyn</code>,1,0.0081301
15,lara,<code>lara</code>,1,0.0081301
15,leo,<code>leo</code>,1,0.0081301
15,lerde,<code>lerde</code>,1,0.0081301
15,lustum,<code>lustum</code>,1,0.0081301
15,micel,<code>micel</code>,1,0.0081301
15,minstre,<code>minstre</code>,1,0.0081301
15,monia,<code>monia</code>,1,0.0081301
15,monige,<code>monige</code>,1,0.0081301
15,osuualdes,<code>osuualdes</code>,1,0.0081301
15,reliquia,<code>reliquia</code>,1,0.0081301
15,segge&eth;,<code>segge&amp;d;</code>,1,0.0081301
15,stanas,<code>stanas</code>,1,0.0081301
15,steppa,<code>steppa</code>,1,0.0081301
15,stronge,<code>stronge</code>,1,0.0081301
15,unarimeda,<code>unarimeda</code>,1,0.0081301
15,ungerim,<code>ungerim</code>,1,0.0081301
15,wel,<code>wel</code>,1,0.0081301
15,weor,<code>weor</code>,1,0.0081301
15,wer,<code>wer</code>,1,0.0081301
15,wilda,<code>wilda</code>,1,0.0081301
15,writ,<code>writ</code>,1,0.0081301
15,wudaf&aelig;stern,<code>wudaf&amp;ae;stern</code>,1,0.0081301
15,wuna&eth;,<code>wuna&amp;d;</code>,1,0.0081301
15,wuniad,<code>wuniad</code>,1,0.0081301
15,wycum,<code>wycum</code>,1,0.0081301
15,y&eth;um,<code>y&amp;d;um</code>,1,0.0081301
15,ymbeornad,<code>ymbeornad</code>,1,0.0081301
15,ymbutan,<code>ymbutan</code>,1,0.0081301
