A_Poetry,A10,A10.003_CEdg_T01470.txt,93,82,118
RANK,HTML WORD,RAW WORD,COUNT,RELATIVE FREQUENCY
1,w&aelig;s,<code>w&amp;ae;s</code>,8,0.0677966
2,and,<code>and</code>,6,0.0508475
3,on,<code>on</code>,4,0.0338983
4,&eth;a,<code>&amp;d;a</code>,3,0.0254237
4,&thorn;a,<code>&amp;t;a</code>,3,0.0254237
6,&thorn;&aelig;r,<code>&amp;t;&amp;ae;r</code>,2,0.0169492
6,gehalgod,<code>gehalgod</code>,2,0.0169492
6,geworden,<code>geworden</code>,2,0.0169492
6,micel,<code>micel</code>,2,0.0169492
6,to,<code>to</code>,2,0.0169492
6,wintra,<code>wintra</code>,2,0.0169492
12,&eth;&aelig;r,<code>&amp;d;&amp;ae;r</code>,1,0.0084746
12,&eth;&aelig;re,<code>&amp;d;&amp;ae;re</code>,1,0.0084746
12,&eth;am,<code>&amp;d;am</code>,1,0.0084746
12,&eth;e,<code>&amp;d;e</code>,1,0.0084746
12,&eth;eoden,<code>&amp;d;eoden</code>,1,0.0084746
12,&eth;is,<code>&amp;d;is</code>,1,0.0084746
12,&eth;reat,<code>&amp;d;reat</code>,1,0.0084746
12,&eth;usend,<code>&amp;d;usend</code>,1,0.0084746
12,&thorn;&aelig;s,<code>&amp;t;&amp;ae;s</code>,1,0.0084746
12,&thorn;am,<code>&amp;t;am</code>,1,0.0084746
12,&thorn;is,<code>&amp;t;is</code>,1,0.0084746
12,&thorn;one,<code>&amp;t;one</code>,1,0.0084746
12,acemannesceastre,<code>acemannesceastre</code>,1,0.0084746
12,agangen,<code>agangen</code>,1,0.0084746
12,aurnen,<code>aurnen</code>,1,0.0084746
12,ba&eth;an,<code>ba&amp;d;an</code>,1,0.0084746
12,bearn,<code>bearn</code>,1,0.0084746
12,beornas,<code>beornas</code>,1,0.0084746
12,blis,<code>blis</code>,1,0.0084746
12,bremes,<code>bremes</code>,1,0.0084746
12,buton,<code>buton</code>,1,0.0084746
12,byrig,<code>byrig</code>,1,0.0084746
12,ciga&eth;,<code>ciga&amp;d;</code>,1,0.0084746
12,cor&eth;re,<code>cor&amp;d;re</code>,1,0.0084746
12,cyninge,<code>cyninge</code>,1,0.0084746
12,cyninges,<code>cyninges</code>,1,0.0084746
12,d&aelig;g,<code>d&amp;ae;g</code>,1,0.0084746
12,d&aelig;ge,<code>d&amp;ae;ge</code>,1,0.0084746
12,eac,<code>eac</code>,1,0.0084746
12,eadgan,<code>eadgan</code>,1,0.0084746
12,eadgar,<code>eadgar</code>,1,0.0084746
12,eadmundes,<code>eadmundes</code>,1,0.0084746
12,eafora,<code>eafora</code>,1,0.0084746
12,ealdan,<code>ealdan</code>,1,0.0084746
12,eallum,<code>eallum</code>,1,0.0084746
12,engla,<code>engla</code>,1,0.0084746
12,fram,<code>fram</code>,1,0.0084746
12,frean,<code>frean</code>,1,0.0084746
12,gebyrdtide,<code>gebyrdtide</code>,1,0.0084746
12,gefrege,<code>gefrege</code>,1,0.0084746
12,gegaderod,<code>gegaderod</code>,1,0.0084746
12,gelamp,<code>gelamp</code>,1,0.0084746
12,get,<code>get</code>,1,0.0084746
12,geteled,<code>geteled</code>,1,0.0084746
12,gewritu,<code>gewritu</code>,1,0.0084746
12,gleawra,<code>gleawra</code>,1,0.0084746
12,h&aelig;fde,<code>h&amp;ae;fde</code>,1,0.0084746
12,heap,<code>heap</code>,1,0.0084746
12,heard,<code>heard</code>,1,0.0084746
12,her,<code>her</code>,1,0.0084746
12,hi,<code>hi</code>,1,0.0084746
12,him,<code>him</code>,1,0.0084746
12,hund,<code>hund</code>,1,0.0084746
12,hyrdes,<code>hyrdes</code>,1,0.0084746
12,igbuend,<code>igbuend</code>,1,0.0084746
12,lafe,<code>lafe</code>,1,0.0084746
12,leohta,<code>leohta</code>,1,0.0084746
12,miclum,<code>miclum</code>,1,0.0084746
12,mine,<code>mine</code>,1,0.0084746
12,muneca,<code>muneca</code>,1,0.0084746
12,neah,<code>neah</code>,1,0.0084746
12,nemna&eth;,<code>nemna&amp;d;</code>,1,0.0084746
12,nemna&thorn;,<code>nemna&amp;t;</code>,1,0.0084746
12,ni&eth;a,<code>ni&amp;d;a</code>,1,0.0084746
12,ni&eth;weorca,<code>ni&amp;d;weorca</code>,1,0.0084746
12,nigon,<code>nigon</code>,1,0.0084746
12,o&eth;re,<code>o&amp;d;re</code>,1,0.0084746
12,pentecostenes,<code>pentecostenes</code>,1,0.0084746
12,preosta,<code>preosta</code>,1,0.0084746
12,rimes,<code>rimes</code>,1,0.0084746
12,secga&eth;,<code>secga&amp;d;</code>,1,0.0084746
12,seofon,<code>seofon</code>,1,0.0084746
12,sigora,<code>sigora</code>,1,0.0084746
12,swa,<code>swa</code>,1,0.0084746
12,twentig,<code>twentig</code>,1,0.0084746
12,tyn,<code>tyn</code>,1,0.0084746
12,waldend,<code>waldend</code>,1,0.0084746
12,wintergeteles,<code>wintergeteles</code>,1,0.0084746
12,worde,<code>worde</code>,1,0.0084746
12,worulde,<code>worulde</code>,1,0.0084746
12,xx,<code>xx</code>,1,0.0084746
12,xxx,<code>xxx</code>,1,0.0084746
