A_Poetry,A18,407,332,648
RANK,HTML WORD,RAW WORD,COUNT,RELATIVE FREQUENCY
1,and,<code>and</code>,31,0.0478395
2,&thorn;u,<code>&amp;t;u</code>,29,0.0447531
3,&thorn;&aelig;t,<code>&amp;t;&amp;ae;t</code>,21,0.0324074
4,&thorn;e,<code>&amp;t;e</code>,17,0.0262346
5,on,<code>on</code>,14,0.0216049
6,&thorn;a,<code>&amp;t;a</code>,9,0.0138889
7,he,<code>he</code>,7,0.0108025
7,to,<code>to</code>,7,0.0108025
9,&thorn;&aelig;nne,<code>&amp;t;&amp;ae;nne</code>,6,0.0092593
9,&thorn;ine,<code>&amp;t;ine</code>,6,0.0092593
9,scealt,<code>scealt</code>,6,0.0092593
9,swi&eth;e,<code>swi&amp;d;e</code>,6,0.0092593
13,gif,<code>gif</code>,5,0.0077160
13,ne,<code>ne</code>,5,0.0077160
13,se,<code>se</code>,5,0.0077160
16,&aelig;r,<code>&amp;ae;r</code>,4,0.0061728
16,ealle,<code>ealle</code>,4,0.0061728
16,is,<code>is</code>,4,0.0061728
16,mid,<code>mid</code>,4,0.0061728
16,sauwle,<code>sauwle</code>,4,0.0061728
16,swa,<code>swa</code>,4,0.0061728
22,&thorn;&aelig;r,<code>&amp;t;&amp;ae;r</code>,3,0.0046296
22,&thorn;&aelig;re,<code>&amp;t;&amp;ae;re</code>,3,0.0046296
22,bi&eth;,<code>bi&amp;d;</code>,3,0.0046296
22,bidde,<code>bidde</code>,3,0.0046296
22,ece,<code>ece</code>,3,0.0046296
22,ende,<code>ende</code>,3,0.0046296
22,god,<code>god</code>,3,0.0046296
22,heo,<code>heo</code>,3,0.0046296
22,saule,<code>saule</code>,3,0.0046296
22,wi&eth;,<code>wi&amp;d;</code>,3,0.0046296
32,&aelig;fter,<code>&amp;ae;fter</code>,2,0.0030864
32,&eth;e,<code>&amp;d;e</code>,2,0.0030864
32,&thorn;inum,<code>&amp;t;inum</code>,2,0.0030864
32,&thorn;urh,<code>&amp;t;urh</code>,2,0.0030864
32,&thorn;y,<code>&amp;t;y</code>,2,0.0030864
32,a,<code>a</code>,2,0.0030864
32,ac,<code>ac</code>,2,0.0030864
32,d&aelig;ges,<code>d&amp;ae;ges</code>,2,0.0030864
32,drihten,<code>drihten</code>,2,0.0030864
32,drihtnes,<code>drihtnes</code>,2,0.0030864
32,eor&eth;an,<code>eor&amp;d;an</code>,2,0.0030864
32,factor,<code>factor</code>,2,0.0030864
32,feondum,<code>feondum</code>,2,0.0030864
32,forl&aelig;tan,<code>forl&amp;ae;tan</code>,2,0.0030864
32,frofre,<code>frofre</code>,2,0.0030864
32,gehwylces,<code>gehwylces</code>,2,0.0030864
32,heofena,<code>heofena</code>,2,0.0030864
32,hi,<code>hi</code>,2,0.0030864
32,him,<code>him</code>,2,0.0030864
32,hit,<code>hit</code>,2,0.0030864
32,ic,<code>ic</code>,2,0.0030864
32,l&aelig;re,<code>l&amp;ae;re</code>,2,0.0030864
32,leoht,<code>leoht</code>,2,0.0030864
32,life,<code>life</code>,2,0.0030864
32,man,<code>man</code>,2,0.0030864
32,manna,<code>manna</code>,2,0.0030864
32,metod,<code>metod</code>,2,0.0030864
32,mundi,<code>mundi</code>,2,0.0030864
32,nihtes,<code>nihtes</code>,2,0.0030864
32,nu,<code>nu</code>,2,0.0030864
32,oft,<code>oft</code>,2,0.0030864
32,rice,<code>rice</code>,2,0.0030864
32,seo,<code>seo</code>,2,0.0030864
32,so&eth;f&aelig;stan,<code>so&amp;d;f&amp;ae;stan</code>,2,0.0030864
32,symle,<code>symle</code>,2,0.0030864
32,synna,<code>synna</code>,2,0.0030864
32,thronum,<code>thronum</code>,2,0.0030864
32,un&thorn;eawas,<code>un&amp;t;eawas</code>,2,0.0030864
32,uoce,<code>uoce</code>,2,0.0030864
32,uplican,<code>uplican</code>,2,0.0030864
32,w&aelig;s,<code>w&amp;ae;s</code>,2,0.0030864
32,wille,<code>wille</code>,2,0.0030864
32,wilt,<code>wilt</code>,2,0.0030864
32,wylle,<code>wylle</code>,2,0.0030864
76,&aelig;&thorn;elre,<code>&amp;ae;&amp;t;elre</code>,1,0.0015432
76,&aelig;fre,<code>&amp;ae;fre</code>,1,0.0015432
76,&aelig;htum,<code>&amp;ae;htum</code>,1,0.0015432
76,&aelig;lmesgeorn,<code>&amp;ae;lmesgeorn</code>,1,0.0015432
76,&aelig;lmessan,<code>&amp;ae;lmessan</code>,1,0.0015432
76,&aelig;lmessylen,<code>&amp;ae;lmessylen</code>,1,0.0015432
76,&aelig;lmihtigne,<code>&amp;ae;lmihtigne</code>,1,0.0015432
76,&aelig;t,<code>&amp;ae;t</code>,1,0.0015432
76,&aelig;tes,<code>&amp;ae;tes</code>,1,0.0015432
76,&eth;eoda,<code>&amp;d;eoda</code>,1,0.0015432
76,&eth;inca&thorn;,<code>&amp;d;inca&amp;t;</code>,1,0.0015432
76,&#275;cum,<code>&amp;e;cum</code>,1,0.0015432
76,&thorn;&aelig;m,<code>&amp;t;&amp;ae;m</code>,1,0.0015432
76,&thorn;&aelig;ne,<code>&amp;t;&amp;ae;ne</code>,1,0.0015432
76,&thorn;&aelig;s,<code>&amp;t;&amp;ae;s</code>,1,0.0015432
76,&thorn;anan,<code>&amp;t;anan</code>,1,0.0015432
76,&thorn;as,<code>&amp;t;as</code>,1,0.0015432
76,&thorn;eah,<code>&amp;t;eah</code>,1,0.0015432
76,&thorn;eodne,<code>&amp;t;eodne</code>,1,0.0015432
76,&thorn;eos,<code>&amp;t;eos</code>,1,0.0015432
76,&thorn;in,<code>&amp;t;in</code>,1,0.0015432
76,&thorn;ince,<code>&amp;t;ince</code>,1,0.0015432
76,&thorn;ingian,<code>&amp;t;ingian</code>,1,0.0015432
76,&thorn;inre,<code>&amp;t;inre</code>,1,0.0015432
76,&thorn;is,<code>&amp;t;is</code>,1,0.0015432
76,&thorn;onne,<code>&amp;t;onne</code>,1,0.0015432
76,&thorn;rymcyningc,<code>&amp;t;rymcyningc</code>,1,0.0015432
76,acenned,<code>acenned</code>,1,0.0015432
76,adrifan,<code>adrifan</code>,1,0.0015432
76,adw&aelig;scan,<code>adw&amp;ae;scan</code>,1,0.0015432
76,aeternus,<code>aeternus</code>,1,0.0015432
76,age,<code>age</code>,1,0.0015432
76,al&aelig;tan,<code>al&amp;ae;tan</code>,1,0.0015432
76,almum,<code>almum</code>,1,0.0015432
76,alta,<code>alta</code>,1,0.0015432
76,alysan,<code>alysan</code>,1,0.0015432
76,ana,<code>ana</code>,1,0.0015432
76,anim&#275;,<code>anim&amp;e;</code>,1,0.0015432
76,auctor,<code>auctor</code>,1,0.0015432
76,beatus,<code>beatus</code>,1,0.0015432
76,becuma&eth;,<code>becuma&amp;d;</code>,1,0.0015432
76,bed&aelig;led,<code>bed&amp;ae;led</code>,1,0.0015432
76,befangen,<code>befangen</code>,1,0.0015432
76,begytan,<code>begytan</code>,1,0.0015432
76,bemurnan,<code>bemurnan</code>,1,0.0015432
76,beo,<code>beo</code>,1,0.0015432
76,beorgan,<code>beorgan</code>,1,0.0015432
76,biddan,<code>biddan</code>,1,0.0015432
76,bide,<code>bide</code>,1,0.0015432
76,bli&eth;e,<code>bli&amp;d;e</code>,1,0.0015432
76,blissum,<code>blissum</code>,1,0.0015432
76,blowende,<code>blowende</code>,1,0.0015432
76,boda,<code>boda</code>,1,0.0015432
76,bona,<code>bona</code>,1,0.0015432
76,bringa&eth;,<code>bringa&amp;d;</code>,1,0.0015432
76,brucan,<code>brucan</code>,1,0.0015432
76,butan,<code>butan</code>,1,0.0015432
76,byrden,<code>byrden</code>,1,0.0015432
76,caelorum,<code>caelorum</code>,1,0.0015432
76,casta,<code>casta</code>,1,0.0015432
76,cealdum,<code>cealdum</code>,1,0.0015432
76,ceapa,<code>ceapa</code>,1,0.0015432
76,cennan,<code>cennan</code>,1,0.0015432
76,ceosan,<code>ceosan</code>,1,0.0015432
76,christum,<code>christum</code>,1,0.0015432
76,christus,<code>christus</code>,1,0.0015432
76,cl&aelig;nan,<code>cl&amp;ae;nan</code>,1,0.0015432
76,cl&aelig;ne,<code>cl&amp;ae;ne</code>,1,0.0015432
76,clara,<code>clara</code>,1,0.0015432
76,clemens,<code>clemens</code>,1,0.0015432
76,cosmi,<code>cosmi</code>,1,0.0015432
76,cweman,<code>cweman</code>,1,0.0015432
76,cyninga,<code>cyninga</code>,1,0.0015432
76,cyningc,<code>cyningc</code>,1,0.0015432
76,cyricsocnum,<code>cyricsocnum</code>,1,0.0015432
76,d&aelig;da,<code>d&amp;ae;da</code>,1,0.0015432
76,d&aelig;gred,<code>d&amp;ae;gred</code>,1,0.0015432
76,de,<code>de</code>,1,0.0015432
76,deria&eth;,<code>deria&amp;d;</code>,1,0.0015432
76,deus,<code>deus</code>,1,0.0015432
76,digolice,<code>digolice</code>,1,0.0015432
76,digollice,<code>digollice</code>,1,0.0015432
76,dihle,<code>dihle</code>,1,0.0015432
76,drihtne,<code>drihtne</code>,1,0.0015432
76,druncen,<code>druncen</code>,1,0.0015432
76,druncennes,<code>druncennes</code>,1,0.0015432
76,dydest,<code>dydest</code>,1,0.0015432
76,dyrnegeligere,<code>dyrnegeligere</code>,1,0.0015432
76,e&thorn;el,<code>e&amp;t;el</code>,1,0.0015432
76,e&thorn;elrices,<code>e&amp;t;elrices</code>,1,0.0015432
76,e&thorn;le,<code>e&amp;t;le</code>,1,0.0015432
76,eac,<code>eac</code>,1,0.0015432
76,eadige,<code>eadige</code>,1,0.0015432
76,eadignesse,<code>eadignesse</code>,1,0.0015432
76,eadmod,<code>eadmod</code>,1,0.0015432
76,eadmodlice,<code>eadmodlice</code>,1,0.0015432
76,eal,<code>eal</code>,1,0.0015432
76,eall,<code>eall</code>,1,0.0015432
76,eallum,<code>eallum</code>,1,0.0015432
76,ealluncga,<code>ealluncga</code>,1,0.0015432
76,ealninga,<code>ealninga</code>,1,0.0015432
76,ealra,<code>ealra</code>,1,0.0015432
76,eard,<code>eard</code>,1,0.0015432
76,eardes,<code>eardes</code>,1,0.0015432
76,eardwic,<code>eardwic</code>,1,0.0015432
76,earfo&eth;lice,<code>earfo&amp;d;lice</code>,1,0.0015432
76,earhlice,<code>earhlice</code>,1,0.0015432
76,eces,<code>eces</code>,1,0.0015432
76,ege,<code>ege</code>,1,0.0015432
76,embe,<code>embe</code>,1,0.0015432
76,et,<code>et</code>,1,0.0015432
76,f&aelig;ste,<code>f&amp;ae;ste</code>,1,0.0015432
76,f&aelig;stenum,<code>f&amp;ae;stenum</code>,1,0.0015432
76,feddest,<code>feddest</code>,1,0.0015432
76,fela,<code>fela</code>,1,0.0015432
76,feonda,<code>feonda</code>,1,0.0015432
76,filian,<code>filian</code>,1,0.0015432
76,filige,<code>filige</code>,1,0.0015432
76,filius,<code>filius</code>,1,0.0015432
76,fleoh,<code>fleoh</code>,1,0.0015432
76,fleon,<code>fleon</code>,1,0.0015432
76,fo,<code>fo</code>,1,0.0015432
76,for&eth;an,<code>for&amp;d;an</code>,1,0.0015432
76,for&thorn;am,<code>for&amp;t;am</code>,1,0.0015432
76,for&thorn;an,<code>for&amp;t;an</code>,1,0.0015432
76,forh&aelig;fdnessum,<code>forh&amp;ae;fdnessum</code>,1,0.0015432
76,forl&aelig;te,<code>forl&amp;ae;te</code>,1,0.0015432
76,forleose,<code>forleose</code>,1,0.0015432
76,foroft,<code>foroft</code>,1,0.0015432
76,forweor&eth;e,<code>forweor&amp;d;e</code>,1,0.0015432
76,forwyrned,<code>forwyrned</code>,1,0.0015432
76,fremman,<code>fremman</code>,1,0.0015432
76,freolice,<code>freolice</code>,1,0.0015432
76,frequenter,<code>frequenter</code>,1,0.0015432
76,friclo,<code>friclo</code>,1,0.0015432
76,fultum,<code>fultum</code>,1,0.0015432
76,fultumes,<code>fultumes</code>,1,0.0015432
76,fylle,<code>fylle</code>,1,0.0015432
76,gast,<code>gast</code>,1,0.0015432
76,ge&thorn;ancas,<code>ge&amp;t;ancas</code>,1,0.0015432
76,ge&thorn;encan,<code>ge&amp;t;encan</code>,1,0.0015432
76,gebed,<code>gebed</code>,1,0.0015432
76,gebedum,<code>gebedum</code>,1,0.0015432
76,gebindan,<code>gebindan</code>,1,0.0015432
76,gebyrd,<code>gebyrd</code>,1,0.0015432
76,gedon,<code>gedon</code>,1,0.0015432
76,gefleman,<code>gefleman</code>,1,0.0015432
76,gehw&aelig;ne,<code>gehw&amp;ae;ne</code>,1,0.0015432
76,gehwilcum,<code>gehwilcum</code>,1,0.0015432
76,gel&aelig;de,<code>gel&amp;ae;de</code>,1,0.0015432
76,gelome,<code>gelome</code>,1,0.0015432
76,gelyf&eth;,<code>gelyf&amp;d;</code>,1,0.0015432
76,gemang,<code>gemang</code>,1,0.0015432
76,gemet,<code>gemet</code>,1,0.0015432
76,gemiltsa&eth;,<code>gemiltsa&amp;d;</code>,1,0.0015432
76,georne,<code>georne</code>,1,0.0015432
76,ges&aelig;l&eth;a,<code>ges&amp;ae;l&amp;d;a</code>,1,0.0015432
76,gesecan,<code>gesecan</code>,1,0.0015432
76,gesomna&eth;,<code>gesomna&amp;d;</code>,1,0.0015432
76,gestigan,<code>gestigan</code>,1,0.0015432
76,gestryndes,<code>gestryndes</code>,1,0.0015432
76,gesylle,<code>gesylle</code>,1,0.0015432
76,geunne,<code>geunne</code>,1,0.0015432
76,geweald,<code>geweald</code>,1,0.0015432
76,gewil,<code>gewil</code>,1,0.0015432
76,gife,<code>gife</code>,1,0.0015432
76,gl&aelig;dlice,<code>gl&amp;ae;dlice</code>,1,0.0015432
76,glenga&eth;,<code>glenga&amp;d;</code>,1,0.0015432
76,goda,<code>goda</code>,1,0.0015432
76,gode,<code>gode</code>,1,0.0015432
76,godes,<code>godes</code>,1,0.0015432
76,godra,<code>godra</code>,1,0.0015432
76,gumena,<code>gumena</code>,1,0.0015432
76,gyltas,<code>gyltas</code>,1,0.0015432
76,gyt,<code>gyt</code>,1,0.0015432
76,h&aelig;l,<code>h&amp;ae;l</code>,1,0.0015432
76,h&aelig;lende,<code>h&amp;ae;lende</code>,1,0.0015432
76,hafa,<code>hafa</code>,1,0.0015432
76,halgan,<code>halgan</code>,1,0.0015432
76,halgum,<code>halgum</code>,1,0.0015432
76,halige,<code>halige</code>,1,0.0015432
76,handa,<code>handa</code>,1,0.0015432
76,har,<code>har</code>,1,0.0015432
76,healdan,<code>healdan</code>,1,0.0015432
76,hefie,<code>hefie</code>,1,0.0015432
76,hefig,<code>hefig</code>,1,0.0015432
76,helpes,<code>helpes</code>,1,0.0015432
76,heonon,<code>heonon</code>,1,0.0015432
76,hilderinc,<code>hilderinc</code>,1,0.0015432
76,hine,<code>hine</code>,1,0.0015432
76,his,<code>his</code>,1,0.0015432
76,hluttre,<code>hluttre</code>,1,0.0015432
76,hopa,<code>hopa</code>,1,0.0015432
76,hremi,<code>hremi</code>,1,0.0015432
76,hu,<code>hu</code>,1,0.0015432
76,hwilwendan,<code>hwilwendan</code>,1,0.0015432
76,hy,<code>hy</code>,1,0.0015432
76,hyge,<code>hyge</code>,1,0.0015432
76,hyra,<code>hyra</code>,1,0.0015432
76,in,<code>in</code>,1,0.0015432
76,inne,<code>inne</code>,1,0.0015432
76,iudex,<code>iudex</code>,1,0.0015432
76,iustus,<code>iustus</code>,1,0.0015432
76,l&aelig;ne,<code>l&amp;ae;ne</code>,1,0.0015432
76,l&aelig;s,<code>l&amp;ae;s</code>,1,0.0015432
76,la&eth;um,<code>la&amp;d;um</code>,1,0.0015432
76,lac,<code>lac</code>,1,0.0015432
76,larum,<code>larum</code>,1,0.0015432
76,lengc,<code>lengc</code>,1,0.0015432
76,leofne,<code>leofne</code>,1,0.0015432
76,leohtes,<code>leohtes</code>,1,0.0015432
76,lif,<code>lif</code>,1,0.0015432
76,lifes,<code>lifes</code>,1,0.0015432
76,luce,<code>luce</code>,1,0.0015432
76,lufa,<code>lufa</code>,1,0.0015432
76,lufedest,<code>lufedest</code>,1,0.0015432
76,lufu,<code>lufu</code>,1,0.0015432
76,m&aelig;g,<code>m&amp;ae;g</code>,1,0.0015432
76,m&aelig;ge,<code>m&amp;ae;ge</code>,1,0.0015432
76,m&aelig;ra,<code>m&amp;ae;ra</code>,1,0.0015432
76,magna,<code>magna</code>,1,0.0015432
76,marian,<code>marian</code>,1,0.0015432
76,metodes,<code>metodes</code>,1,0.0015432
76,miccla,<code>miccla</code>,1,0.0015432
76,micel,<code>micel</code>,1,0.0015432
76,micle,<code>micle</code>,1,0.0015432
76,miht,<code>miht</code>,1,0.0015432
76,mihtu,<code>mihtu</code>,1,0.0015432
76,milde,<code>milde</code>,1,0.0015432
76,minum,<code>minum</code>,1,0.0015432
76,mode,<code>mode</code>,1,0.0015432
76,most,<code>most</code>,1,0.0015432
76,mundbora,<code>mundbora</code>,1,0.0015432
76,mundum,<code>mundum</code>,1,0.0015432
76,n,<code>n</code>,1,0.0015432
76,nafast,<code>nafast</code>,1,0.0015432
76,nearwe,<code>nearwe</code>,1,0.0015432
76,niht,<code>niht</code>,1,0.0015432
76,o&eth;&eth;e,<code>o&amp;d;&amp;d;e</code>,1,0.0015432
76,o&thorn;era,<code>o&amp;t;era</code>,1,0.0015432
76,of,<code>of</code>,1,0.0015432
76,oferfylle,<code>oferfylle</code>,1,0.0015432
76,oftost,<code>oftost</code>,1,0.0015432
76,omnes,<code>omnes</code>,1,0.0015432
76,ondr&aelig;d,<code>ondr&amp;ae;d</code>,1,0.0015432
76,ondr&aelig;t,<code>ondr&amp;ae;t</code>,1,0.0015432
76,onfo,<code>onfo</code>,1,0.0015432
76,ongean,<code>ongean</code>,1,0.0015432
76,ongyt,<code>ongyt</code>,1,0.0015432
76,onsended,<code>onsended</code>,1,0.0015432
76,orbem,<code>orbem</code>,1,0.0015432
76,ord,<code>ord</code>,1,0.0015432
76,pacis,<code>pacis</code>,1,0.0015432
76,partu,<code>partu</code>,1,0.0015432
76,perhennem,<code>perhennem</code>,1,0.0015432
76,polorum,<code>polorum</code>,1,0.0015432
76,qui,<code>qui</code>,1,0.0015432
76,r&aelig;d,<code>r&amp;ae;d</code>,1,0.0015432
76,redemptor,<code>redemptor</code>,1,0.0015432
76,regem,<code>regem</code>,1,0.0015432
76,regentem,<code>regentem</code>,1,0.0015432
76,regit,<code>regit</code>,1,0.0015432
76,regna,<code>regna</code>,1,0.0015432
76,restat,<code>restat</code>,1,0.0015432
76,reste,<code>reste</code>,1,0.0015432
76,rices,<code>rices</code>,1,0.0015432
76,rogo,<code>rogo</code>,1,0.0015432
76,salus,<code>salus</code>,1,0.0015432
76,sanct&#275;,<code>sanct&amp;e;</code>,1,0.0015432
76,sanctibli&eth;mod,<code>sanctibli&amp;d;mod</code>,1,0.0015432
76,sceal,<code>sceal</code>,1,0.0015432
76,scolde,<code>scolde</code>,1,0.0015432
76,sedentem,<code>sedentem</code>,1,0.0015432
76,si&eth;e,<code>si&amp;d;e</code>,1,0.0015432
76,sibbe,<code>sibbe</code>,1,0.0015432
76,sl&aelig;pes,<code>sl&amp;ae;pes</code>,1,0.0015432
76,smeage,<code>smeage</code>,1,0.0015432
76,so&eth;f&aelig;sta,<code>so&amp;d;f&amp;ae;sta</code>,1,0.0015432
76,sta&thorn;elas,<code>sta&amp;t;elas</code>,1,0.0015432
76,summi,<code>summi</code>,1,0.0015432
76,summo,<code>summo</code>,1,0.0015432
76,summus,<code>summus</code>,1,0.0015432
76,supplex,<code>supplex</code>,1,0.0015432
76,swi&eth;or,<code>swi&amp;d;or</code>,1,0.0015432
76,swi&eth;ost,<code>swi&amp;d;ost</code>,1,0.0015432
76,swincan,<code>swincan</code>,1,0.0015432
76,sy,<code>sy</code>,1,0.0015432
76,syle,<code>syle</code>,1,0.0015432
76,sylf,<code>sylf</code>,1,0.0015432
76,sylfes,<code>sylfes</code>,1,0.0015432
76,sylfne,<code>sylfne</code>,1,0.0015432
76,syllanne,<code>syllanne</code>,1,0.0015432
76,synd,<code>synd</code>,1,0.0015432
76,synlustas,<code>synlustas</code>,1,0.0015432
76,throno,<code>throno</code>,1,0.0015432
76,tid,<code>tid</code>,1,0.0015432
76,tohwan,<code>tohwan</code>,1,0.0015432
76,uirginem,<code>uirginem</code>,1,0.0015432
76,uirginis,<code>uirginis</code>,1,0.0015432
76,uirtute,<code>uirtute</code>,1,0.0015432
76,uiuendo,<code>uiuendo</code>,1,0.0015432
76,uncu&eth;,<code>uncu&amp;d;</code>,1,0.0015432
76,ungemet,<code>ungemet</code>,1,0.0015432
76,unica,<code>unica</code>,1,0.0015432
76,uoca,<code>uoca</code>,1,0.0015432
76,uoluntate,<code>uoluntate</code>,1,0.0015432
76,upplican,<code>upplican</code>,1,0.0015432
76,ut,<code>ut</code>,1,0.0015432
76,w&aelig;ccan,<code>w&amp;ae;ccan</code>,1,0.0015432
76,w&aelig;dlan,<code>w&amp;ae;dlan</code>,1,0.0015432
76,wambe,<code>wambe</code>,1,0.0015432
76,warna,<code>warna</code>,1,0.0015432
76,we,<code>we</code>,1,0.0015432
76,wederum,<code>wederum</code>,1,0.0015432
76,welena,<code>welena</code>,1,0.0015432
76,weorca,<code>weorca</code>,1,0.0015432
76,wilnung,<code>wilnung</code>,1,0.0015432
76,wine,<code>wine</code>,1,0.0015432
76,winna&eth;,<code>winna&amp;d;</code>,1,0.0015432
76,wis,<code>wis</code>,1,0.0015432
76,wisan,<code>wisan</code>,1,0.0015432
76,wisdomes,<code>wisdomes</code>,1,0.0015432
76,witodlice,<code>witodlice</code>,1,0.0015432
76,word,<code>word</code>,1,0.0015432
76,wordum,<code>wordum</code>,1,0.0015432
76,woruld,<code>woruld</code>,1,0.0015432
76,wuldres,<code>wuldres</code>,1,0.0015432
76,wyr&eth;,<code>wyr&amp;d;</code>,1,0.0015432
76,wyrc,<code>wyrc</code>,1,0.0015432
76,wyrce,<code>wyrce</code>,1,0.0015432
76,yfel,<code>yfel</code>,1,0.0015432
76,ymbe,<code>ymbe</code>,1,0.0015432
