A_Poetry,A20,A20_LPr_II_T01600.txt,375,270,747
RANK,HTML WORD,RAW WORD,COUNT,RELATIVE FREQUENCY
1,and,<code>and</code>,55,0.0736278
2,&thorn;u,<code>&amp;t;u</code>,23,0.0307898
3,on,<code>on</code>,21,0.0281124
4,&thorn;e,<code>&amp;t;e</code>,16,0.0214190
4,swa,<code>swa</code>,16,0.0214190
6,we,<code>we</code>,15,0.0200803
7,ealle,<code>ealle</code>,14,0.0187416
8,&thorn;in,<code>&amp;t;in</code>,13,0.0174029
9,eart,<code>eart</code>,11,0.0147256
9,us,<code>us</code>,11,0.0147256
11,ure,<code>ure</code>,10,0.0133869
12,god,<code>god</code>,9,0.0120482
13,&thorn;ar,<code>&amp;t;ar</code>,7,0.0093708
13,&thorn;ine,<code>&amp;t;ine</code>,7,0.0093708
15,ece,<code>ece</code>,6,0.0080321
15,to,<code>to</code>,6,0.0080321
17,&thorn;&aelig;t,<code>&amp;t;&amp;ae;t</code>,5,0.0066934
17,&thorn;onne,<code>&amp;t;onne</code>,5,0.0066934
17,engla,<code>engla</code>,5,0.0066934
17,miht,<code>miht</code>,5,0.0066934
21,&aelig;&thorn;ele,<code>&amp;ae;&amp;t;ele</code>,4,0.0053548
21,are,<code>are</code>,4,0.0053548
21,bi&eth;,<code>bi&amp;d;</code>,4,0.0053548
21,cyningc,<code>cyningc</code>,4,0.0053548
21,drihten,<code>drihten</code>,4,0.0053548
21,f&aelig;der,<code>f&amp;ae;der</code>,4,0.0053548
21,geond,<code>geond</code>,4,0.0053548
21,is,<code>is</code>,4,0.0053548
21,ne,<code>ne</code>,4,0.0053548
21,nu,<code>nu</code>,4,0.0053548
21,sawle,<code>sawle</code>,4,0.0053548
32,&thorn;a,<code>&amp;t;a</code>,3,0.0040161
32,&thorn;rym,<code>&amp;t;rym</code>,3,0.0040161
32,&thorn;urh,<code>&amp;t;urh</code>,3,0.0040161
32,a,<code>a</code>,3,0.0040161
32,ac,<code>ac</code>,3,0.0040161
32,anre,<code>anre</code>,3,0.0040161
32,beo&eth;,<code>beo&amp;d;</code>,3,0.0040161
32,bidda&eth;,<code>bidda&amp;d;</code>,3,0.0040161
32,clypia&eth;,<code>clypia&amp;d;</code>,3,0.0040161
32,dema,<code>dema</code>,3,0.0040161
32,eal,<code>eal</code>,3,0.0040161
32,eft,<code>eft</code>,3,0.0040161
32,gifnesse,<code>gifnesse</code>,3,0.0040161
32,halig,<code>halig</code>,3,0.0040161
32,hand,<code>hand</code>,3,0.0040161
32,heah,<code>heah</code>,3,0.0040161
32,heria&eth;,<code>heria&amp;d;</code>,3,0.0040161
32,hig,<code>hig</code>,3,0.0040161
32,lof,<code>lof</code>,3,0.0040161
32,mannum,<code>mannum</code>,3,0.0040161
32,mihta,<code>mihta</code>,3,0.0040161
32,mildse,<code>mildse</code>,3,0.0040161
32,ofer,<code>ofer</code>,3,0.0040161
32,rice,<code>rice</code>,3,0.0040161
32,world,<code>world</code>,3,0.0040161
57,&eth;am,<code>&amp;d;am</code>,2,0.0026774
57,&eth;u,<code>&amp;d;u</code>,2,0.0026774
57,&thorn;am,<code>&amp;t;am</code>,2,0.0026774
57,&thorn;anc,<code>&amp;t;anc</code>,2,0.0026774
57,&thorn;ancia&eth;,<code>&amp;t;ancia&amp;d;</code>,2,0.0026774
57,&thorn;eode,<code>&amp;t;eode</code>,2,0.0026774
57,&thorn;ines,<code>&amp;t;ines</code>,2,0.0026774
57,&thorn;inne,<code>&amp;t;inne</code>,2,0.0026774
57,&thorn;inre,<code>&amp;t;inre</code>,2,0.0026774
57,cyninga,<code>cyninga</code>,2,0.0026774
57,d&aelig;g,<code>d&amp;ae;g</code>,2,0.0026774
57,ealra,<code>ealra</code>,2,0.0026774
57,ealre,<code>ealre</code>,2,0.0026774
57,earda,<code>earda</code>,2,0.0026774
57,f&aelig;gere,<code>f&amp;ae;gere</code>,2,0.0026774
57,fela,<code>fela</code>,2,0.0026774
57,fl&aelig;sce,<code>fl&amp;ae;sce</code>,2,0.0026774
57,for,<code>for</code>,2,0.0026774
57,fram,<code>fram</code>,2,0.0026774
57,gecynd,<code>gecynd</code>,2,0.0026774
57,gehyred,<code>gehyred</code>,2,0.0026774
57,gewur&eth;od,<code>gewur&amp;d;od</code>,2,0.0026774
57,heofonum,<code>heofonum</code>,2,0.0026774
57,her,<code>her</code>,2,0.0026774
57,him,<code>him</code>,2,0.0026774
57,hit,<code>hit</code>,2,0.0026774
57,l&aelig;t,<code>l&amp;ae;t</code>,2,0.0026774
57,lif,<code>lif</code>,2,0.0026774
57,m&aelig;re,<code>m&amp;ae;re</code>,2,0.0026774
57,men,<code>men</code>,2,0.0026774
57,micclum,<code>micclum</code>,2,0.0026774
57,mid,<code>mid</code>,2,0.0026774
57,na,<code>na</code>,2,0.0026774
57,of,<code>of</code>,2,0.0026774
57,rihtwis,<code>rihtwis</code>,2,0.0026774
57,selost,<code>selost</code>,2,0.0026774
57,si&eth;&eth;an,<code>si&amp;d;&amp;d;an</code>,2,0.0026774
57,sibbe,<code>sibbe</code>,2,0.0026774
57,silf,<code>silf</code>,2,0.0026774
57,so&eth;f&aelig;st,<code>so&amp;d;f&amp;ae;st</code>,2,0.0026774
57,st&aelig;fne,<code>st&amp;ae;fne</code>,2,0.0026774
57,swi&eth;e,<code>swi&amp;d;e</code>,2,0.0026774
57,sy,<code>sy</code>,2,0.0026774
57,tyreadig,<code>tyreadig</code>,2,0.0026774
57,waldend,<code>waldend</code>,2,0.0026774
57,weorc,<code>weorc</code>,2,0.0026774
57,willa,<code>willa</code>,2,0.0026774
57,willan,<code>willan</code>,2,0.0026774
57,wisan,<code>wisan</code>,2,0.0026774
106,&aelig;&thorn;elan,<code>&amp;ae;&amp;t;elan</code>,1,0.0013387
106,&aelig;fter,<code>&amp;ae;fter</code>,1,0.0013387
106,&aelig;g&thorn;er,<code>&amp;ae;g&amp;t;er</code>,1,0.0013387
106,&aelig;ghwilcum,<code>&amp;ae;ghwilcum</code>,1,0.0013387
106,&aelig;lcere,<code>&amp;ae;lcere</code>,1,0.0013387
106,&aelig;lcre,<code>&amp;ae;lcre</code>,1,0.0013387
106,&aelig;lmihtig,<code>&amp;ae;lmihtig</code>,1,0.0013387
106,&aelig;r,<code>&amp;ae;r</code>,1,0.0013387
106,&eth;e,<code>&amp;d;e</code>,1,0.0013387
106,&thorn;&aelig;s,<code>&amp;t;&amp;ae;s</code>,1,0.0013387
106,&thorn;eah,<code>&amp;t;eah</code>,1,0.0013387
106,&thorn;eaw,<code>&amp;t;eaw</code>,1,0.0013387
106,&thorn;eawas,<code>&amp;t;eawas</code>,1,0.0013387
106,&thorn;egnas,<code>&amp;t;egnas</code>,1,0.0013387
106,&thorn;eowet,<code>&amp;t;eowet</code>,1,0.0013387
106,&thorn;ingc,<code>&amp;t;ingc</code>,1,0.0013387
106,&thorn;inra,<code>&amp;t;inra</code>,1,0.0013387
106,&thorn;inum,<code>&amp;t;inum</code>,1,0.0013387
106,&thorn;ridde,<code>&amp;t;ridde</code>,1,0.0013387
106,&thorn;us,<code>&amp;t;us</code>,1,0.0013387
106,&thorn;usenda,<code>&amp;t;usenda</code>,1,0.0013387
106,abuga&eth;,<code>abuga&amp;d;</code>,1,0.0013387
106,ac&aelig;nned,<code>ac&amp;ae;nned</code>,1,0.0013387
106,agen,<code>agen</code>,1,0.0013387
106,agene,<code>agene</code>,1,0.0013387
106,agilt,<code>agilt</code>,1,0.0013387
106,agylt,<code>agylt</code>,1,0.0013387
106,alyf,<code>alyf</code>,1,0.0013387
106,alys,<code>alys</code>,1,0.0013387
106,alysan,<code>alysan</code>,1,0.0013387
106,alyse,<code>alyse</code>,1,0.0013387
106,alyse&eth;,<code>alyse&amp;d;</code>,1,0.0013387
106,ana,<code>ana</code>,1,0.0013387
106,ansunde,<code>ansunde</code>,1,0.0013387
106,arisa&eth;,<code>arisa&amp;d;</code>,1,0.0013387
106,b&aelig;rnan,<code>b&amp;ae;rnan</code>,1,0.0013387
106,ban,<code>ban</code>,1,0.0013387
106,be&thorn;urfon,<code>be&amp;t;urfon</code>,1,0.0013387
106,bearn,<code>bearn</code>,1,0.0013387
106,bec,<code>bec</code>,1,0.0013387
106,befealdan,<code>befealdan</code>,1,0.0013387
106,beorhtnysse,<code>beorhtnysse</code>,1,0.0013387
106,beorhtost,<code>beorhtost</code>,1,0.0013387
106,beswican,<code>beswican</code>,1,0.0013387
106,bet&aelig;can,<code>bet&amp;ae;can</code>,1,0.0013387
106,betere,<code>betere</code>,1,0.0013387
106,bewyrc,<code>bewyrc</code>,1,0.0013387
106,blissa,<code>blissa</code>,1,0.0013387
106,blissast,<code>blissast</code>,1,0.0013387
106,bodu,<code>bodu</code>,1,0.0013387
106,br&aelig;con,<code>br&amp;ae;con</code>,1,0.0013387
106,buta,<code>buta</code>,1,0.0013387
106,buton,<code>buton</code>,1,0.0013387
106,casere,<code>casere</code>,1,0.0013387
106,cl&aelig;ne,<code>cl&amp;ae;ne</code>,1,0.0013387
106,clypast,<code>clypast</code>,1,0.0013387
106,costunga,<code>costunga</code>,1,0.0013387
106,crist,<code>crist</code>,1,0.0013387
106,criste,<code>criste</code>,1,0.0013387
106,cristes,<code>cristes</code>,1,0.0013387
106,cum,<code>cum</code>,1,0.0013387
106,cwe&thorn;a&eth;,<code>cwe&amp;t;a&amp;d;</code>,1,0.0013387
106,cwellan,<code>cwellan</code>,1,0.0013387
106,cwycum,<code>cwycum</code>,1,0.0013387
106,cym&eth;,<code>cym&amp;d;</code>,1,0.0013387
106,cynebearn,<code>cynebearn</code>,1,0.0013387
106,cyninc,<code>cyninc</code>,1,0.0013387
106,d&aelig;dum,<code>d&amp;ae;dum</code>,1,0.0013387
106,d&aelig;ges,<code>d&amp;ae;ges</code>,1,0.0013387
106,d&aelig;ghwamlice,<code>d&amp;ae;ghwamlice</code>,1,0.0013387
106,d&aelig;lest,<code>d&amp;ae;lest</code>,1,0.0013387
106,deadum,<code>deadum</code>,1,0.0013387
106,deofles,<code>deofles</code>,1,0.0013387
106,didon,<code>didon</code>,1,0.0013387
106,disige,<code>disige</code>,1,0.0013387
106,domas,<code>domas</code>,1,0.0013387
106,dome,<code>dome</code>,1,0.0013387
106,drihtenes,<code>drihtenes</code>,1,0.0013387
106,dugu&eth;e,<code>dugu&amp;d;e</code>,1,0.0013387
106,dyrnan,<code>dyrnan</code>,1,0.0013387
106,ea&eth;e,<code>ea&amp;d;e</code>,1,0.0013387
106,eadmod,<code>eadmod</code>,1,0.0013387
106,eagena,<code>eagena</code>,1,0.0013387
106,ealles,<code>ealles</code>,1,0.0013387
106,eallum,<code>eallum</code>,1,0.0013387
106,ealne,<code>ealne</code>,1,0.0013387
106,eardas,<code>eardas</code>,1,0.0013387
106,earmon,<code>earmon</code>,1,0.0013387
106,efne,<code>efne</code>,1,0.0013387
106,egsa,<code>egsa</code>,1,0.0013387
106,ended&aelig;ge,<code>ended&amp;ae;ge</code>,1,0.0013387
106,eor&eth;an,<code>eor&amp;d;an</code>,1,0.0013387
106,eor&eth;waru,<code>eor&amp;d;waru</code>,1,0.0013387
106,f&aelig;ger,<code>f&amp;ae;ger</code>,1,0.0013387
106,f&aelig;ste,<code>f&amp;ae;ste</code>,1,0.0013387
106,for&eth;,<code>for&amp;d;</code>,1,0.0013387
106,for&eth;am,<code>for&amp;d;am</code>,1,0.0013387
106,for&eth;si&eth;e,<code>for&amp;d;si&amp;d;e</code>,1,0.0013387
106,forgif,<code>forgif</code>,1,0.0013387
106,forgifa&eth;,<code>forgifa&amp;d;</code>,1,0.0013387
106,forwur&eth;an,<code>forwur&amp;d;an</code>,1,0.0013387
106,frofor,<code>frofor</code>,1,0.0013387
106,frofre,<code>frofre</code>,1,0.0013387
106,fruman,<code>fruman</code>,1,0.0013387
106,fultum,<code>fultum</code>,1,0.0013387
106,fyrde,<code>fyrde</code>,1,0.0013387
106,gast,<code>gast</code>,1,0.0013387
106,gasta,<code>gasta</code>,1,0.0013387
106,ge&aelig;&thorn;elod,<code>ge&amp;ae;&amp;t;elod</code>,1,0.0013387
106,ge&aelig;&thorn;elodest,<code>ge&amp;ae;&amp;t;elodest</code>,1,0.0013387
106,geara,<code>geara</code>,1,0.0013387
106,gebig,<code>gebig</code>,1,0.0013387
106,geblissast,<code>geblissast</code>,1,0.0013387
106,gebrosnodon,<code>gebrosnodon</code>,1,0.0013387
106,gecorene,<code>gecorene</code>,1,0.0013387
106,gecydd,<code>gecydd</code>,1,0.0013387
106,gecynde,<code>gecynde</code>,1,0.0013387
106,geearnia&eth;,<code>geearnia&amp;d;</code>,1,0.0013387
106,gegearwod,<code>gegearwod</code>,1,0.0013387
106,geh&aelig;tst,<code>geh&amp;ae;tst</code>,1,0.0013387
106,gehalgod,<code>gehalgod</code>,1,0.0013387
106,gehwam,<code>gehwam</code>,1,0.0013387
106,gel&aelig;sta&eth;,<code>gel&amp;ae;sta&amp;d;</code>,1,0.0013387
106,gem&aelig;rsod,<code>gem&amp;ae;rsod</code>,1,0.0013387
106,gemeta&eth;,<code>gemeta&amp;d;</code>,1,0.0013387
106,geopenod,<code>geopenod</code>,1,0.0013387
106,gereordum,<code>gereordum</code>,1,0.0013387
106,gesceafta,<code>gesceafta</code>,1,0.0013387
106,gesettest,<code>gesettest</code>,1,0.0013387
106,gesingod,<code>gesingod</code>,1,0.0013387
106,gewil,<code>gewil</code>,1,0.0013387
106,gewitnesse,<code>gewitnesse</code>,1,0.0013387
106,geworden,<code>geworden</code>,1,0.0013387
106,geworhton,<code>geworhton</code>,1,0.0013387
106,gewur&eth;e,<code>gewur&amp;d;e</code>,1,0.0013387
106,gewyrhta,<code>gewyrhta</code>,1,0.0013387
106,gif,<code>gif</code>,1,0.0013387
106,godes,<code>godes</code>,1,0.0013387
106,grund,<code>grund</code>,1,0.0013387
106,h&aelig;lend,<code>h&amp;ae;lend</code>,1,0.0013387
106,habba&eth;,<code>habba&amp;d;</code>,1,0.0013387
106,halige,<code>halige</code>,1,0.0013387
106,haligne,<code>haligne</code>,1,0.0013387
106,handgeweorc,<code>handgeweorc</code>,1,0.0013387
106,heafod,<code>heafod</code>,1,0.0013387
106,heah&thorn;rymnesse,<code>heah&amp;t;rymnesse</code>,1,0.0013387
106,heahsetl,<code>heahsetl</code>,1,0.0013387
106,healf,<code>healf</code>,1,0.0013387
106,heanlice,<code>heanlice</code>,1,0.0013387
106,help,<code>help</code>,1,0.0013387
106,helpst,<code>helpst</code>,1,0.0013387
106,helwaru,<code>helwaru</code>,1,0.0013387
106,heo,<code>heo</code>,1,0.0013387
106,heofonengla,<code>heofonengla</code>,1,0.0013387
106,heofonrice,<code>heofonrice</code>,1,0.0013387
106,heofonwaru,<code>heofonwaru</code>,1,0.0013387
106,heortan,<code>heortan</code>,1,0.0013387
106,herige,<code>herige</code>,1,0.0013387
106,hiht,<code>hiht</code>,1,0.0013387
106,hlaf,<code>hlaf</code>,1,0.0013387
106,hlaford,<code>hlaford</code>,1,0.0013387
106,hundseofontig,<code>hundseofontig</code>,1,0.0013387
106,hwa&eth;er,<code>hwa&amp;d;er</code>,1,0.0013387
106,hwar,<code>hwar</code>,1,0.0013387
106,hwile,<code>hwile</code>,1,0.0013387
106,idele,<code>idele</code>,1,0.0013387
106,in,<code>in</code>,1,0.0013387
106,innan,<code>innan</code>,1,0.0013387
106,l&aelig;ce,<code>l&amp;ae;ce</code>,1,0.0013387
106,l&aelig;da&eth;,<code>l&amp;ae;da&amp;d;</code>,1,0.0013387
106,la&eth;e,<code>la&amp;d;e</code>,1,0.0013387
106,life,<code>life</code>,1,0.0013387
106,lifigenda,<code>lifigenda</code>,1,0.0013387
106,lifigende,<code>lifigende</code>,1,0.0013387
106,lofia&eth;,<code>lofia&amp;d;</code>,1,0.0013387
106,lufe,<code>lufe</code>,1,0.0013387
106,m&aelig;rlice,<code>m&amp;ae;rlice</code>,1,0.0013387
106,m&aelig;ste,<code>m&amp;ae;ste</code>,1,0.0013387
106,magon,<code>magon</code>,1,0.0013387
106,man,<code>man</code>,1,0.0013387
106,manega,<code>manega</code>,1,0.0013387
106,manegum,<code>manegum</code>,1,0.0013387
106,manna,<code>manna</code>,1,0.0013387
106,mare,<code>mare</code>,1,0.0013387
106,mete,<code>mete</code>,1,0.0013387
106,micele,<code>micele</code>,1,0.0013387
106,middaneard,<code>middaneard</code>,1,0.0013387
106,mildsa,<code>mildsa</code>,1,0.0013387
106,mirh&eth;e,<code>mirh&amp;d;e</code>,1,0.0013387
106,mod,<code>mod</code>,1,0.0013387
106,monegum,<code>monegum</code>,1,0.0013387
106,moton,<code>moton</code>,1,0.0013387
106,mund,<code>mund</code>,1,0.0013387
106,nama,<code>nama</code>,1,0.0013387
106,nihtes,<code>nihtes</code>,1,0.0013387
106,o&eth;&eth;e,<code>o&amp;d;&amp;d;e</code>,1,0.0013387
106,oncnawa&eth;,<code>oncnawa&amp;d;</code>,1,0.0013387
106,r&aelig;ca&eth;,<code>r&amp;ae;ca&amp;d;</code>,1,0.0013387
106,r&aelig;dbora,<code>r&amp;ae;dbora</code>,1,0.0013387
106,re&eth;e,<code>re&amp;d;e</code>,1,0.0013387
106,riht,<code>riht</code>,1,0.0013387
106,rihte,<code>rihte</code>,1,0.0013387
106,rihtlice,<code>rihtlice</code>,1,0.0013387
106,rume,<code>rume</code>,1,0.0013387
106,rumheort,<code>rumheort</code>,1,0.0013387
106,rumne,<code>rumne</code>,1,0.0013387
106,s&aelig;ndest,<code>s&amp;ae;ndest</code>,1,0.0013387
106,s&aelig;nst,<code>s&amp;ae;nst</code>,1,0.0013387
106,samod,<code>samod</code>,1,0.0013387
106,sawla,<code>sawla</code>,1,0.0013387
106,scamige,<code>scamige</code>,1,0.0013387
106,sealdest,<code>sealdest</code>,1,0.0013387
106,secga&eth;,<code>secga&amp;d;</code>,1,0.0013387
106,sile,<code>sile</code>,1,0.0013387
106,silfes,<code>silfes</code>,1,0.0013387
106,singa&eth;,<code>singa&amp;d;</code>,1,0.0013387
106,sinna,<code>sinna</code>,1,0.0013387
106,sinre,<code>sinre</code>,1,0.0013387
106,sitst,<code>sitst</code>,1,0.0013387
106,sittest,<code>sittest</code>,1,0.0013387
106,so&eth;,<code>so&amp;d;</code>,1,0.0013387
106,so&eth;an,<code>so&amp;d;an</code>,1,0.0013387
106,so&eth;f&aelig;stan,<code>so&amp;d;f&amp;ae;stan</code>,1,0.0013387
106,so&eth;f&aelig;stne,<code>so&amp;d;f&amp;ae;stne</code>,1,0.0013387
106,spr&aelig;ce,<code>spr&amp;ae;ce</code>,1,0.0013387
106,sunu,<code>sunu</code>,1,0.0013387
106,swi&eth;ran,<code>swi&amp;d;ran</code>,1,0.0013387
106,swilc,<code>swilc</code>,1,0.0013387
106,swutollice,<code>swutollice</code>,1,0.0013387
106,syle,<code>syle</code>,1,0.0013387
106,sylest,<code>sylest</code>,1,0.0013387
106,symle,<code>symle</code>,1,0.0013387
106,synd,<code>synd</code>,1,0.0013387
106,synna,<code>synna</code>,1,0.0013387
106,synnum,<code>synnum</code>,1,0.0013387
106,ti&eth;ast,<code>ti&amp;d;ast</code>,1,0.0013387
106,tosyndrodest,<code>tosyndrodest</code>,1,0.0013387
106,twa,<code>twa</code>,1,0.0013387
106,twegen,<code>twegen</code>,1,0.0013387
106,tyhha&eth;,<code>tyhha&amp;d;</code>,1,0.0013387
106,unrihte,<code>unrihte</code>,1,0.0013387
106,up,<code>up</code>,1,0.0013387
106,urne,<code>urne</code>,1,0.0013387
106,w&aelig;ron,<code>w&amp;ae;ron</code>,1,0.0013387
106,w&aelig;s,<code>w&amp;ae;s</code>,1,0.0013387
106,wat,<code>wat</code>,1,0.0013387
106,wealdend,<code>wealdend</code>,1,0.0013387
106,wel,<code>wel</code>,1,0.0013387
106,were,<code>were</code>,1,0.0013387
106,wi&eth;,<code>wi&amp;d;</code>,1,0.0013387
106,wide,<code>wide</code>,1,0.0013387
106,wife,<code>wife</code>,1,0.0013387
106,wilt,<code>wilt</code>,1,0.0013387
106,wordum,<code>wordum</code>,1,0.0013387
106,worhte,<code>worhte</code>,1,0.0013387
106,worlda,<code>worlda</code>,1,0.0013387
106,worlde,<code>worlde</code>,1,0.0013387
106,worldrice,<code>worldrice</code>,1,0.0013387
106,wuldor,<code>wuldor</code>,1,0.0013387
106,wuldormicele,<code>wuldormicele</code>,1,0.0013387
106,wuldorword,<code>wuldorword</code>,1,0.0013387
106,wuldre,<code>wuldre</code>,1,0.0013387
106,wur&eth;lic,<code>wur&amp;d;lic</code>,1,0.0013387
106,wur&thorn;ia&eth;,<code>wur&amp;t;ia&amp;d;</code>,1,0.0013387
106,wurdon,<code>wurdon</code>,1,0.0013387
106,wyrc&eth;,<code>wyrc&amp;d;</code>,1,0.0013387
106,wyrcan,<code>wyrcan</code>,1,0.0013387
106,wyrse,<code>wyrse</code>,1,0.0013387
106,y&thorn;ost,<code>y&amp;t;ost</code>,1,0.0013387
106,yfele,<code>yfele</code>,1,0.0013387
