B_Prose,B06,940,656,2775
RANK,HTML WORD,RAW WORD,COUNT,RELATIVE FREQUENCY
1,and,<code>and</code>,176,0.0634234
2,&thorn;a,<code>&amp;t;a</code>,109,0.0392793
3,he,<code>he</code>,96,0.0345946
4,&thorn;&aelig;t,<code>&amp;t;&amp;ae;t</code>,95,0.0342342
5,on,<code>on</code>,57,0.0205405
6,&thorn;e,<code>&amp;t;e</code>,50,0.0180180
7,w&aelig;s,<code>w&amp;ae;s</code>,46,0.0165766
8,hig,<code>hig</code>,40,0.0144144
9,his,<code>his</code>,39,0.0140541
10,ic,<code>ic</code>,38,0.0136937
11,to,<code>to</code>,33,0.0118919
12,&thorn;am,<code>&amp;t;am</code>,32,0.0115315
13,him,<code>him</code>,30,0.0108108
14,w&aelig;ron,<code>w&amp;ae;ron</code>,29,0.0104505
15,mid,<code>mid</code>,26,0.0093694
16,swi&eth;e,<code>swi&amp;d;e</code>,24,0.0086486
17,cw&aelig;&eth;,<code>cw&amp;ae;&amp;d;</code>,22,0.0079279
17,in,<code>in</code>,22,0.0079279
19,&thorn;onne,<code>&amp;t;onne</code>,21,0.0075676
20,&thorn;&aelig;r,<code>&amp;t;&amp;ae;r</code>,20,0.0072072
20,se,<code>se</code>,20,0.0072072
22,ne,<code>ne</code>,19,0.0068468
22,s&aelig;de,<code>s&amp;ae;de</code>,19,0.0068468
24,w&aelig;re,<code>w&amp;ae;re</code>,18,0.0064865
25,&thorn;u,<code>&amp;t;u</code>,16,0.0057658
25,hit,<code>hit</code>,16,0.0057658
27,&thorn;&aelig;re,<code>&amp;t;&amp;ae;re</code>,15,0.0054054
27,eom,<code>eom</code>,15,0.0054054
27,hio,<code>hio</code>,15,0.0054054
27,of,<code>of</code>,15,0.0054054
27,sum,<code>sum</code>,15,0.0054054
32,hine,<code>hine</code>,14,0.0050450
32,lichaman,<code>lichaman</code>,14,0.0050450
32,me,<code>me</code>,14,0.0050450
35,eac,<code>eac</code>,13,0.0046847
36,ge,<code>ge</code>,12,0.0043243
36,swa,<code>swa</code>,12,0.0043243
38,blod,<code>blod</code>,11,0.0039640
38,for,<code>for</code>,11,0.0039640
38,geseah,<code>geseah</code>,11,0.0039640
38,sawla,<code>sawla</code>,11,0.0039640
42,&thorn;ara,<code>&amp;t;ara</code>,10,0.0036036
42,buton,<code>buton</code>,10,0.0036036
42,wi&eth;,<code>wi&amp;d;</code>,10,0.0036036
45,deoflu,<code>deoflu</code>,9,0.0032432
45,eall,<code>eall</code>,9,0.0032432
45,eft,<code>eft</code>,9,0.0032432
45,gesih&eth;e,<code>gesih&amp;d;e</code>,9,0.0032432
45,man,<code>man</code>,9,0.0032432
45,synna,<code>synna</code>,9,0.0032432
51,&thorn;is,<code>&amp;t;is</code>,8,0.0028829
51,an,<code>an</code>,8,0.0028829
51,ealle,<code>ealle</code>,8,0.0028829
51,englas,<code>englas</code>,8,0.0028829
51,manna,<code>manna</code>,8,0.0028829
51,sume,<code>sume</code>,8,0.0028829
57,&aelig;t,<code>&amp;ae;t</code>,7,0.0025225
57,&thorn;&aelig;s,<code>&amp;t;&amp;ae;s</code>,7,0.0025225
57,&thorn;issum,<code>&amp;t;issum</code>,7,0.0025225
57,gastas,<code>gastas</code>,7,0.0025225
57,hiora,<code>hiora</code>,7,0.0025225
57,is,<code>is</code>,7,0.0025225
57,micel,<code>micel</code>,7,0.0025225
64,&aelig;r,<code>&amp;ae;r</code>,6,0.0021622
64,&eth;a,<code>&amp;d;a</code>,6,0.0021622
64,&eth;e,<code>&amp;d;e</code>,6,0.0021622
64,&thorn;&aelig;ra,<code>&amp;t;&amp;ae;ra</code>,6,0.0021622
64,&thorn;one,<code>&amp;t;one</code>,6,0.0021622
64,bi,<code>bi</code>,6,0.0021622
64,ea,<code>ea</code>,6,0.0021622
64,god,<code>god</code>,6,0.0021622
64,mannum,<code>mannum</code>,6,0.0021622
64,s&aelig;don,<code>s&amp;ae;don</code>,6,0.0021622
64,sio,<code>sio</code>,6,0.0021622
75,&thorn;as,<code>&amp;t;as</code>,5,0.0018018
75,&thorn;uhte,<code>&amp;t;uhte</code>,5,0.0018018
75,beo,<code>beo</code>,5,0.0018018
75,deoflum,<code>deoflum</code>,5,0.0018018
75,engel,<code>engel</code>,5,0.0018018
75,eow,<code>eow</code>,5,0.0018018
75,fram,<code>fram</code>,5,0.0018018
75,godes,<code>godes</code>,5,0.0018018
75,halgan,<code>halgan</code>,5,0.0018018
75,her,<code>her</code>,5,0.0018018
75,mihte,<code>mihte</code>,5,0.0018018
75,n&aelig;fre,<code>n&amp;ae;fre</code>,5,0.0018018
75,nu,<code>nu</code>,5,0.0018018
75,o&eth;&eth;e,<code>o&amp;d;&amp;d;e</code>,5,0.0018018
75,ofer,<code>ofer</code>,5,0.0018018
75,sawle,<code>sawle</code>,5,0.0018018
75,seo,<code>seo</code>,5,0.0018018
75,synnum,<code>synnum</code>,5,0.0018018
93,&aelig;fre,<code>&amp;ae;fre</code>,4,0.0014414
93,&aelig;fter,<code>&amp;ae;fter</code>,4,0.0014414
93,&thorn;es,<code>&amp;t;es</code>,4,0.0014414
93,&thorn;ing,<code>&amp;t;ing</code>,4,0.0014414
93,ac,<code>ac</code>,4,0.0014414
93,bro&eth;or,<code>bro&amp;d;or</code>,4,0.0014414
93,by&eth;,<code>by&amp;d;</code>,4,0.0014414
93,englum,<code>englum</code>,4,0.0014414
93,gasta,<code>gasta</code>,4,0.0014414
93,gecydde,<code>gecydde</code>,4,0.0014414
93,gif,<code>gif</code>,4,0.0014414
93,gode,<code>gode</code>,4,0.0014414
93,hire,<code>hire</code>,4,0.0014414
93,lif,<code>lif</code>,4,0.0014414
93,sawul,<code>sawul</code>,4,0.0014414
93,semninga,<code>semninga</code>,4,0.0014414
93,sumum,<code>sumum</code>,4,0.0014414
93,symble,<code>symble</code>,4,0.0014414
93,us,<code>us</code>,4,0.0014414
93,ut,<code>ut</code>,4,0.0014414
113,&aelig;lmihtig,<code>&amp;ae;lmihtig</code>,3,0.0010811
113,&eth;am,<code>&amp;d;am</code>,3,0.0010811
113,&thorn;eawas,<code>&amp;t;eawas</code>,3,0.0010811
113,&thorn;eos,<code>&amp;t;eos</code>,3,0.0010811
113,&thorn;isse,<code>&amp;t;isse</code>,3,0.0010811
113,&thorn;urh,<code>&amp;t;urh</code>,3,0.0010811
113,agene,<code>agene</code>,3,0.0010811
113,awyrigdan,<code>awyrigdan</code>,3,0.0010811
113,be,<code>be</code>,3,0.0010811
113,beorhtnesse,<code>beorhtnesse</code>,3,0.0010811
113,bi&eth;,<code>bi&amp;d;</code>,3,0.0010811
113,byrnende,<code>byrnende</code>,3,0.0010811
113,coman,<code>coman</code>,3,0.0010811
113,cristes,<code>cristes</code>,3,0.0010811
113,eagum,<code>eagum</code>,3,0.0010811
113,earman,<code>earman</code>,3,0.0010811
113,eor&eth;an,<code>eor&amp;d;an</code>,3,0.0010811
113,fyr,<code>fyr</code>,3,0.0010811
113,gedyde,<code>gedyde</code>,3,0.0010811
113,gefremode,<code>gefremode</code>,3,0.0010811
113,gehyrde,<code>gehyrde</code>,3,0.0010811
113,gemote,<code>gemote</code>,3,0.0010811
113,gesih&eth;,<code>gesih&amp;d;</code>,3,0.0010811
113,heora,<code>heora</code>,3,0.0010811
113,hira,<code>hira</code>,3,0.0010811
113,leg,<code>leg</code>,3,0.0010811
113,mettum,<code>mettum</code>,3,0.0010811
113,micclan,<code>micclan</code>,3,0.0010811
113,micelre,<code>micelre</code>,3,0.0010811
113,middaneard,<code>middaneard</code>,3,0.0010811
113,minum,<code>minum</code>,3,0.0010811
113,n&aelig;nig,<code>n&amp;ae;nig</code>,3,0.0010811
113,nan,<code>nan</code>,3,0.0010811
113,nio&eth;eran,<code>nio&amp;d;eran</code>,3,0.0010811
113,o&eth;,<code>o&amp;d;</code>,3,0.0010811
113,o&eth;ra,<code>o&amp;d;ra</code>,3,0.0010811
113,onlicnysse,<code>onlicnysse</code>,3,0.0010811
113,sawlum,<code>sawlum</code>,3,0.0010811
113,sea&eth;as,<code>sea&amp;d;as</code>,3,0.0010811
113,secgan,<code>secgan</code>,3,0.0010811
113,secge,<code>secge</code>,3,0.0010811
113,stefne,<code>stefne</code>,3,0.0010811
113,swahwaswa,<code>swahwaswa</code>,3,0.0010811
113,synne,<code>synne</code>,3,0.0010811
113,up,<code>up</code>,3,0.0010811
113,wende,<code>wende</code>,3,0.0010811
113,wregende,<code>wregende</code>,3,0.0010811
160,&aelig;lc,<code>&amp;ae;lc</code>,2,0.0007207
160,&eth;&aelig;ra,<code>&amp;d;&amp;ae;ra</code>,2,0.0007207
160,&eth;one,<code>&amp;d;one</code>,2,0.0007207
160,&eth;u,<code>&amp;d;u</code>,2,0.0007207
160,&thorn;ar,<code>&amp;t;ar</code>,2,0.0007207
160,&thorn;in,<code>&amp;t;in</code>,2,0.0007207
160,&thorn;inga,<code>&amp;t;inga</code>,2,0.0007207
160,&thorn;reade,<code>&amp;t;reade</code>,2,0.0007207
160,&thorn;us,<code>&amp;t;us</code>,2,0.0007207
160,&thorn;y,<code>&amp;t;y</code>,2,0.0007207
160,&thorn;yses,<code>&amp;t;yses</code>,2,0.0007207
160,afylle,<code>afylle</code>,2,0.0007207
160,agen,<code>agen</code>,2,0.0007207
160,agenre,<code>agenre</code>,2,0.0007207
160,andettenne,<code>andettenne</code>,2,0.0007207
160,anra,<code>anra</code>,2,0.0007207
160,anre,<code>anre</code>,2,0.0007207
160,anwealdes,<code>anwealdes</code>,2,0.0007207
160,b&aelig;de,<code>b&amp;ae;de</code>,2,0.0007207
160,bl&aelig;stende,<code>bl&amp;ae;stende</code>,2,0.0007207
160,blodes,<code>blodes</code>,2,0.0007207
160,bricge,<code>bricge</code>,2,0.0007207
160,brohtan,<code>brohtan</code>,2,0.0007207
160,cegde,<code>cegde</code>,2,0.0007207
160,com,<code>com</code>,2,0.0007207
160,cw&aelig;don,<code>cw&amp;ae;don</code>,2,0.0007207
160,cwe&eth;ende,<code>cwe&amp;d;ende</code>,2,0.0007207
160,cynn,<code>cynn</code>,2,0.0007207
160,cynnes,<code>cynnes</code>,2,0.0007207
160,d&aelig;de,<code>d&amp;ae;de</code>,2,0.0007207
160,dead,<code>dead</code>,2,0.0007207
160,deofla,<code>deofla</code>,2,0.0007207
160,drihten,<code>drihten</code>,2,0.0007207
160,eadigan,<code>eadigan</code>,2,0.0007207
160,ealles,<code>ealles</code>,2,0.0007207
160,eallum,<code>eallum</code>,2,0.0007207
160,ealne,<code>ealne</code>,2,0.0007207
160,ece,<code>ece</code>,2,0.0007207
160,efstan,<code>efstan</code>,2,0.0007207
160,egeslic,<code>egeslic</code>,2,0.0007207
160,egeslice,<code>egeslice</code>,2,0.0007207
160,embe,<code>embe</code>,2,0.0007207
160,eower,<code>eower</code>,2,0.0007207
160,eowre,<code>eowre</code>,2,0.0007207
160,eowres,<code>eowres</code>,2,0.0007207
160,eowrum,<code>eowrum</code>,2,0.0007207
160,etan,<code>etan</code>,2,0.0007207
160,fliton,<code>fliton</code>,2,0.0007207
160,folce,<code>folce</code>,2,0.0007207
160,for&eth;,<code>for&amp;d;</code>,2,0.0007207
160,fugela,<code>fugela</code>,2,0.0007207
160,fullice,<code>fullice</code>,2,0.0007207
160,fyre,<code>fyre</code>,2,0.0007207
160,fyrhtu,<code>fyrhtu</code>,2,0.0007207
160,gange,<code>gange</code>,2,0.0007207
160,ge&thorn;eodde,<code>ge&amp;t;eodde</code>,2,0.0007207
160,gecweden,<code>gecweden</code>,2,0.0007207
160,gefean,<code>gefean</code>,2,0.0007207
160,gefirenadest,<code>gefirenadest</code>,2,0.0007207
160,gefremede,<code>gefremede</code>,2,0.0007207
160,gefylled,<code>gefylled</code>,2,0.0007207
160,gehwilc,<code>gehwilc</code>,2,0.0007207
160,gel&aelig;rde,<code>gel&amp;ae;rde</code>,2,0.0007207
160,gerehte,<code>gerehte</code>,2,0.0007207
160,geseage,<code>geseage</code>,2,0.0007207
160,gesege,<code>gesege</code>,2,0.0007207
160,gesegen,<code>gesegen</code>,2,0.0007207
160,gewealdes,<code>gewealdes</code>,2,0.0007207
160,gewitnesse,<code>gewitnesse</code>,2,0.0007207
160,gewyrhtum,<code>gewyrhtum</code>,2,0.0007207
160,granung,<code>granung</code>,2,0.0007207
160,h&aelig;&eth;enra,<code>h&amp;ae;&amp;d;enra</code>,2,0.0007207
160,h&aelig;fdon,<code>h&amp;ae;fdon</code>,2,0.0007207
160,helle,<code>helle</code>,2,0.0007207
160,hiom,<code>hiom</code>,2,0.0007207
160,hlytes,<code>hlytes</code>,2,0.0007207
160,lande,<code>lande</code>,2,0.0007207
160,leofre,<code>leofre</code>,2,0.0007207
160,lichama,<code>lichama</code>,2,0.0007207
160,life,<code>life</code>,2,0.0007207
160,lifes,<code>lifes</code>,2,0.0007207
160,lifigende,<code>lifigende</code>,2,0.0007207
160,locian,<code>locian</code>,2,0.0007207
160,lyttle,<code>lyttle</code>,2,0.0007207
160,m&aelig;gne,<code>m&amp;ae;gne</code>,2,0.0007207
160,m&aelig;gnu,<code>m&amp;ae;gnu</code>,2,0.0007207
160,mannes,<code>mannes</code>,2,0.0007207
160,men,<code>men</code>,2,0.0007207
160,menego,<code>menego</code>,2,0.0007207
160,meniu,<code>meniu</code>,2,0.0007207
160,mete,<code>mete</code>,2,0.0007207
160,midnesse,<code>midnesse</code>,2,0.0007207
160,n&aelig;s,<code>n&amp;ae;s</code>,2,0.0007207
160,nolde,<code>nolde</code>,2,0.0007207
160,nytena,<code>nytena</code>,2,0.0007207
160,nytenes,<code>nytenes</code>,2,0.0007207
160,ofgange,<code>ofgange</code>,2,0.0007207
160,oft,<code>oft</code>,2,0.0007207
160,preoste,<code>preoste</code>,2,0.0007207
160,rehte,<code>rehte</code>,2,0.0007207
160,sceal,<code>sceal</code>,2,0.0007207
160,sceame,<code>sceame</code>,2,0.0007207
160,sceandlican,<code>sceandlican</code>,2,0.0007207
160,sceawode,<code>sceawode</code>,2,0.0007207
160,sceole,<code>sceole</code>,2,0.0007207
160,scinende,<code>scinende</code>,2,0.0007207
160,scylde,<code>scylde</code>,2,0.0007207
160,sona,<code>sona</code>,2,0.0007207
160,stowe,<code>stowe</code>,2,0.0007207
160,sumes,<code>sumes</code>,2,0.0007207
160,swilc,<code>swilc</code>,2,0.0007207
160,sylf,<code>sylf</code>,2,0.0007207
160,syndon,<code>syndon</code>,2,0.0007207
160,tide,<code>tide</code>,2,0.0007207
160,trymedon,<code>trymedon</code>,2,0.0007207
160,under,<code>under</code>,2,0.0007207
160,unnyt,<code>unnyt</code>,2,0.0007207
160,wear&eth;,<code>wear&amp;d;</code>,2,0.0007207
160,wite,<code>wite</code>,2,0.0007207
160,wolde,<code>wolde</code>,2,0.0007207
160,wop,<code>wop</code>,2,0.0007207
160,worde,<code>worde</code>,2,0.0007207
160,wundorlicre,<code>wundorlicre</code>,2,0.0007207
160,wyrrestan,<code>wyrrestan</code>,2,0.0007207
160,yrne,<code>yrne</code>,2,0.0007207
285,&aelig;g&eth;er,<code>&amp;ae;g&amp;d;er</code>,1,0.0003604
285,&aelig;ghw&aelig;t,<code>&amp;ae;ghw&amp;ae;t</code>,1,0.0003604
285,&aelig;ghwilc,<code>&amp;ae;ghwilc</code>,1,0.0003604
285,&aelig;l&eth;eodig,<code>&amp;ae;l&amp;d;eodig</code>,1,0.0003604
285,&aelig;lce,<code>&amp;ae;lce</code>,1,0.0003604
285,&aelig;lces,<code>&amp;ae;lces</code>,1,0.0003604
285,&aelig;lmihtigne,<code>&amp;ae;lmihtigne</code>,1,0.0003604
285,&aelig;nig,<code>&amp;ae;nig</code>,1,0.0003604
285,&aelig;nigman,<code>&amp;ae;nigman</code>,1,0.0003604
285,&aelig;nigum,<code>&amp;ae;nigum</code>,1,0.0003604
285,&aelig;rost,<code>&amp;ae;rost</code>,1,0.0003604
285,&aelig;teawed,<code>&amp;ae;teawed</code>,1,0.0003604
285,&aelig;thran,<code>&amp;ae;thran</code>,1,0.0003604
285,&aelig;tywed,<code>&amp;ae;tywed</code>,1,0.0003604
285,&eth;&aelig;s,<code>&amp;d;&amp;ae;s</code>,1,0.0003604
285,&eth;issa,<code>&amp;d;issa</code>,1,0.0003604
285,&eth;isum,<code>&amp;d;isum</code>,1,0.0003604
285,&thorn;agyt,<code>&amp;t;agyt</code>,1,0.0003604
285,&thorn;an,<code>&amp;t;an</code>,1,0.0003604
285,&thorn;anon,<code>&amp;t;anon</code>,1,0.0003604
285,&thorn;eah,<code>&amp;t;eah</code>,1,0.0003604
285,&thorn;earle,<code>&amp;t;earle</code>,1,0.0003604
285,&thorn;egnade,<code>&amp;t;egnade</code>,1,0.0003604
285,&thorn;egnung,<code>&amp;t;egnung</code>,1,0.0003604
285,&thorn;egnunge,<code>&amp;t;egnunge</code>,1,0.0003604
285,&thorn;eode,<code>&amp;t;eode</code>,1,0.0003604
285,&thorn;eowigende,<code>&amp;t;eowigende</code>,1,0.0003604
285,&thorn;icce,<code>&amp;t;icce</code>,1,0.0003604
285,&thorn;ider,<code>&amp;t;ider</code>,1,0.0003604
285,&thorn;inre,<code>&amp;t;inre</code>,1,0.0003604
285,&thorn;inum,<code>&amp;t;inum</code>,1,0.0003604
285,&thorn;ios,<code>&amp;t;ios</code>,1,0.0003604
285,&thorn;isses,<code>&amp;t;isses</code>,1,0.0003604
285,&thorn;rage,<code>&amp;t;rage</code>,1,0.0003604
285,&thorn;rea,<code>&amp;t;rea</code>,1,0.0003604
285,&thorn;readon,<code>&amp;t;readon</code>,1,0.0003604
285,&thorn;uss,<code>&amp;t;uss</code>,1,0.0003604
285,&thorn;yder,<code>&amp;t;yder</code>,1,0.0003604
285,abbod,<code>abbod</code>,1,0.0003604
285,abboddomes,<code>abboddomes</code>,1,0.0003604
285,abead,<code>abead</code>,1,0.0003604
285,ablendum,<code>ablendum</code>,1,0.0003604
285,ableredum,<code>ableredum</code>,1,0.0003604
285,abrudon,<code>abrudon</code>,1,0.0003604
285,acl&aelig;nsode,<code>acl&amp;ae;nsode</code>,1,0.0003604
285,acweald,<code>acweald</code>,1,0.0003604
285,ag&aelig;lde,<code>ag&amp;ae;lde</code>,1,0.0003604
285,agenne,<code>agenne</code>,1,0.0003604
285,ageote,<code>ageote</code>,1,0.0003604
285,agoten,<code>agoten</code>,1,0.0003604
285,agyt,<code>agyt</code>,1,0.0003604
285,ahofan,<code>ahofan</code>,1,0.0003604
285,ahofe,<code>ahofe</code>,1,0.0003604
285,ahwyrfde,<code>ahwyrfde</code>,1,0.0003604
285,alyfed,<code>alyfed</code>,1,0.0003604
285,alyfede,<code>alyfede</code>,1,0.0003604
285,alysed,<code>alysed</code>,1,0.0003604
285,amansumod,<code>amansumod</code>,1,0.0003604
285,amen,<code>amen</code>,1,0.0003604
285,anbutan,<code>anbutan</code>,1,0.0003604
285,andettan,<code>andettan</code>,1,0.0003604
285,andswarode,<code>andswarode</code>,1,0.0003604
285,andwearde,<code>andwearde</code>,1,0.0003604
285,anes,<code>anes</code>,1,0.0003604
285,anr&aelig;dlice,<code>anr&amp;ae;dlice</code>,1,0.0003604
285,anumen,<code>anumen</code>,1,0.0003604
285,anwealde,<code>anwealde</code>,1,0.0003604
285,ardlice,<code>ardlice</code>,1,0.0003604
285,areceleasode,<code>areceleasode</code>,1,0.0003604
285,arf&aelig;ste,<code>arf&amp;ae;ste</code>,1,0.0003604
285,arf&aelig;stnyssum,<code>arf&amp;ae;stnyssum</code>,1,0.0003604
285,arf&aelig;stre,<code>arf&amp;ae;stre</code>,1,0.0003604
285,arguas,<code>arguas</code>,1,0.0003604
285,arise,<code>arise</code>,1,0.0003604
285,aslidene,<code>aslidene</code>,1,0.0003604
285,astorfenum,<code>astorfenum</code>,1,0.0003604
285,awergedra,<code>awergedra</code>,1,0.0003604
285,awerigdra,<code>awerigdra</code>,1,0.0003604
285,aworpen,<code>aworpen</code>,1,0.0003604
285,awrittenne,<code>awrittenne</code>,1,0.0003604
285,axode,<code>axode</code>,1,0.0003604
285,b&aelig;d,<code>b&amp;ae;d</code>,1,0.0003604
285,b&aelig;m,<code>b&amp;ae;m</code>,1,0.0003604
285,bebodu,<code>bebodu</code>,1,0.0003604
285,bec,<code>bec</code>,1,0.0003604
285,befeollan,<code>befeollan</code>,1,0.0003604
285,befiollan,<code>befiollan</code>,1,0.0003604
285,beladigende,<code>beladigende</code>,1,0.0003604
285,ben&aelig;med,<code>ben&amp;ae;med</code>,1,0.0003604
285,bene,<code>bene</code>,1,0.0003604
285,beon,<code>beon</code>,1,0.0003604
285,beorhnesse,<code>beorhnesse</code>,1,0.0003604
285,beorhtan,<code>beorhtan</code>,1,0.0003604
285,beorhte,<code>beorhte</code>,1,0.0003604
285,beorhtum,<code>beorhtum</code>,1,0.0003604
285,beornan,<code>beornan</code>,1,0.0003604
285,bescyldigende,<code>bescyldigende</code>,1,0.0003604
285,besmitene,<code>besmitene</code>,1,0.0003604
285,bewrigennis,<code>bewrigennis</code>,1,0.0003604
285,bewrigennys,<code>bewrigennys</code>,1,0.0003604
285,biboden,<code>biboden</code>,1,0.0003604
285,bibudon,<code>bibudon</code>,1,0.0003604
285,bicome,<code>bicome</code>,1,0.0003604
285,bidde,<code>bidde</code>,1,0.0003604
285,biforan,<code>biforan</code>,1,0.0003604
285,big,<code>big</code>,1,0.0003604
285,bigleofan,<code>bigleofan</code>,1,0.0003604
285,bigyrded,<code>bigyrded</code>,1,0.0003604
285,bihofia&eth;,<code>bihofia&amp;d;</code>,1,0.0003604
285,biorhtnesse,<code>biorhtnesse</code>,1,0.0003604
285,biorhtre,<code>biorhtre</code>,1,0.0003604
285,biscyldende,<code>biscyldende</code>,1,0.0003604
285,bismorodan,<code>bismorodan</code>,1,0.0003604
285,bl&aelig;stan,<code>bl&amp;ae;stan</code>,1,0.0003604
285,blissode,<code>blissode</code>,1,0.0003604
285,blode,<code>blode</code>,1,0.0003604
285,bocum,<code>bocum</code>,1,0.0003604
285,bogia,<code>bogia</code>,1,0.0003604
285,bote,<code>bote</code>,1,0.0003604
285,bringenne,<code>bringenne</code>,1,0.0003604
285,bro&eth;er,<code>bro&amp;d;er</code>,1,0.0003604
285,brycge,<code>brycge</code>,1,0.0003604
285,brynes,<code>brynes</code>,1,0.0003604
285,byrnendum,<code>byrnendum</code>,1,0.0003604
285,bysmor,<code>bysmor</code>,1,0.0003604
285,bysmorlic,<code>bysmorlic</code>,1,0.0003604
285,byst,<code>byst</code>,1,0.0003604
285,canonibus,<code>canonibus</code>,1,0.0003604
285,ceaster,<code>ceaster</code>,1,0.0003604
285,cegende,<code>cegende</code>,1,0.0003604
285,celnisse,<code>celnisse</code>,1,0.0003604
285,ceolno&eth;e,<code>ceolno&amp;d;e</code>,1,0.0003604
285,cing,<code>cing</code>,1,0.0003604
285,cirican,<code>cirican</code>,1,0.0003604
285,cirmdon,<code>cirmdon</code>,1,0.0003604
285,cl&aelig;nlice,<code>cl&amp;ae;nlice</code>,1,0.0003604
285,cl&aelig;nsunge,<code>cl&amp;ae;nsunge</code>,1,0.0003604
285,cleowen,<code>cleowen</code>,1,0.0003604
285,cneowu,<code>cneowu</code>,1,0.0003604
285,come,<code>come</code>,1,0.0003604
285,corripias,<code>corripias</code>,1,0.0003604
285,cuman,<code>cuman</code>,1,0.0003604
285,cumen,<code>cumen</code>,1,0.0003604
285,cwealmlicre,<code>cwealmlicre</code>,1,0.0003604
285,cweorne,<code>cweorne</code>,1,0.0003604
285,cwylmian,<code>cwylmian</code>,1,0.0003604
285,cydde,<code>cydde</code>,1,0.0003604
285,cym&eth;,<code>cym&amp;d;</code>,1,0.0003604
285,cyrcan,<code>cyrcan</code>,1,0.0003604
285,cyrcean,<code>cyrcean</code>,1,0.0003604
285,cyrican,<code>cyrican</code>,1,0.0003604
285,d&aelig;d,<code>d&amp;ae;d</code>,1,0.0003604
285,d&aelig;ge,<code>d&amp;ae;ge</code>,1,0.0003604
285,d&aelig;gred,<code>d&amp;ae;gred</code>,1,0.0003604
285,d&aelig;las,<code>d&amp;ae;las</code>,1,0.0003604
285,d&aelig;le,<code>d&amp;ae;le</code>,1,0.0003604
285,dagum,<code>dagum</code>,1,0.0003604
285,deah,<code>deah</code>,1,0.0003604
285,denisc,<code>denisc</code>,1,0.0003604
285,deopnesse,<code>deopnesse</code>,1,0.0003604
285,deor,<code>deor</code>,1,0.0003604
285,diofol,<code>diofol</code>,1,0.0003604
285,do&eth;,<code>do&amp;d;</code>,1,0.0003604
285,domes,<code>domes</code>,1,0.0003604
285,domine,<code>domine</code>,1,0.0003604
285,domne,<code>domne</code>,1,0.0003604
285,drihtnes,<code>drihtnes</code>,1,0.0003604
285,drincan,<code>drincan</code>,1,0.0003604
285,drince,<code>drince</code>,1,0.0003604
285,drupung,<code>drupung</code>,1,0.0003604
285,eadigra,<code>eadigra</code>,1,0.0003604
285,eadweard,<code>eadweard</code>,1,0.0003604
285,eagan,<code>eagan</code>,1,0.0003604
285,eagena,<code>eagena</code>,1,0.0003604
285,eahtodest,<code>eahtodest</code>,1,0.0003604
285,ealdan,<code>ealdan</code>,1,0.0003604
285,ealdes,<code>ealdes</code>,1,0.0003604
285,ealdor,<code>ealdor</code>,1,0.0003604
285,ealdum,<code>ealdum</code>,1,0.0003604
285,eallunga,<code>eallunga</code>,1,0.0003604
285,ealra,<code>ealra</code>,1,0.0003604
285,ealre,<code>ealre</code>,1,0.0003604
285,ealu,<code>ealu</code>,1,0.0003604
285,eardigende,<code>eardigende</code>,1,0.0003604
285,earma,<code>earma</code>,1,0.0003604
285,eca,<code>eca</code>,1,0.0003604
285,edwit,<code>edwit</code>,1,0.0003604
285,ege,<code>ege</code>,1,0.0003604
285,egypta,<code>egypta</code>,1,0.0003604
285,ende,<code>ende</code>,1,0.0003604
285,engellican,<code>engellican</code>,1,0.0003604
285,engla,<code>engla</code>,1,0.0003604
285,engliscan,<code>engliscan</code>,1,0.0003604
285,eode,<code>eode</code>,1,0.0003604
285,etenne,<code>etenne</code>,1,0.0003604
285,f&aelig;ce,<code>f&amp;ae;ce</code>,1,0.0003604
285,f&aelig;deras,<code>f&amp;ae;deras</code>,1,0.0003604
285,f&aelig;gera,<code>f&amp;ae;gera</code>,1,0.0003604
285,f&aelig;gernisse,<code>f&amp;ae;gernisse</code>,1,0.0003604
285,f&aelig;gre,<code>f&amp;ae;gre</code>,1,0.0003604
285,f&aelig;rlice,<code>f&amp;ae;rlice</code>,1,0.0003604
285,f&aelig;sten,<code>f&amp;ae;sten</code>,1,0.0003604
285,fagum,<code>fagum</code>,1,0.0003604
285,feallendum,<code>feallendum</code>,1,0.0003604
285,feh&eth;,<code>feh&amp;d;</code>,1,0.0003604
285,feond,<code>feond</code>,1,0.0003604
285,feor&thorn;iode,<code>feor&amp;t;iode</code>,1,0.0003604
285,feorhadle,<code>feorhadle</code>,1,0.0003604
285,ferdon,<code>ferdon</code>,1,0.0003604
285,fif,<code>fif</code>,1,0.0003604
285,fiollon,<code>fiollon</code>,1,0.0003604
285,firnode,<code>firnode</code>,1,0.0003604
285,fixas,<code>fixas</code>,1,0.0003604
285,fleogan,<code>fleogan</code>,1,0.0003604
285,flese,<code>flese</code>,1,0.0003604
285,flihte,<code>flihte</code>,1,0.0003604
285,flode,<code>flode</code>,1,0.0003604
285,folc,<code>folc</code>,1,0.0003604
285,for&eth;fered,<code>for&amp;d;fered</code>,1,0.0003604
285,for&eth;feredra,<code>for&amp;d;feredra</code>,1,0.0003604
285,for&thorn;am&eth;e,<code>for&amp;t;am&amp;d;e</code>,1,0.0003604
285,for&thorn;an&eth;e,<code>for&amp;t;an&amp;d;e</code>,1,0.0003604
285,forbead,<code>forbead</code>,1,0.0003604
285,forbrugde,<code>forbrugde</code>,1,0.0003604
285,forl&aelig;ta&eth;,<code>forl&amp;ae;ta&amp;d;</code>,1,0.0003604
285,forlete,<code>forlete</code>,1,0.0003604
285,forman,<code>forman</code>,1,0.0003604
285,forseo&eth;,<code>forseo&amp;d;</code>,1,0.0003604
285,forsewenlic,<code>forsewenlic</code>,1,0.0003604
285,forst&aelig;l,<code>forst&amp;ae;l</code>,1,0.0003604
285,forstynded,<code>forstynded</code>,1,0.0003604
285,forstynted,<code>forstynted</code>,1,0.0003604
285,forwyrnde,<code>forwyrnde</code>,1,0.0003604
285,fotes,<code>fotes</code>,1,0.0003604
285,fracodan,<code>fracodan</code>,1,0.0003604
285,friode,<code>friode</code>,1,0.0003604
285,fugel,<code>fugel</code>,1,0.0003604
285,fullic,<code>fullic</code>,1,0.0003604
285,fulnes,<code>fulnes</code>,1,0.0003604
285,fur&thorn;on,<code>fur&amp;t;on</code>,1,0.0003604
285,furore,<code>furore</code>,1,0.0003604
285,fyren,<code>fyren</code>,1,0.0003604
285,fyrene,<code>fyrene</code>,1,0.0003604
285,fyrenen,<code>fyrenen</code>,1,0.0003604
285,fyrenfull,<code>fyrenfull</code>,1,0.0003604
285,gangsetlum,<code>gangsetlum</code>,1,0.0003604
285,gastanc,<code>gastanc</code>,1,0.0003604
285,gaste,<code>gaste</code>,1,0.0003604
285,gastlican,<code>gastlican</code>,1,0.0003604
285,gastlicum,<code>gastlicum</code>,1,0.0003604
285,ge&thorn;oht,<code>ge&amp;t;oht</code>,1,0.0003604
285,ge&thorn;r&aelig;sted,<code>ge&amp;t;r&amp;ae;sted</code>,1,0.0003604
285,ge&thorn;ricced,<code>ge&amp;t;ricced</code>,1,0.0003604
285,ge&thorn;uht,<code>ge&amp;t;uht</code>,1,0.0003604
285,geat,<code>geat</code>,1,0.0003604
285,gebed,<code>gebed</code>,1,0.0003604
285,gebeorscipum,<code>gebeorscipum</code>,1,0.0003604
285,gebisgode,<code>gebisgode</code>,1,0.0003604
285,geblodegod,<code>geblodegod</code>,1,0.0003604
285,geboren,<code>geboren</code>,1,0.0003604
285,gecy&eth;e,<code>gecy&amp;d;e</code>,1,0.0003604
285,gedydon,<code>gedydon</code>,1,0.0003604
285,geearnian,<code>geearnian</code>,1,0.0003604
285,geeode,<code>geeode</code>,1,0.0003604
285,geeoden,<code>geeoden</code>,1,0.0003604
285,gef&aelig;gnia&eth;,<code>gef&amp;ae;gnia&amp;d;</code>,1,0.0003604
285,geflit,<code>geflit</code>,1,0.0003604
285,gefremman,<code>gefremman</code>,1,0.0003604
285,gefuhton,<code>gefuhton</code>,1,0.0003604
285,gefylde,<code>gefylde</code>,1,0.0003604
285,gefyllen,<code>gefyllen</code>,1,0.0003604
285,gegitsodest,<code>gegitsodest</code>,1,0.0003604
285,gegripon,<code>gegripon</code>,1,0.0003604
285,gehealden,<code>gehealden</code>,1,0.0003604
285,gehwyrfde,<code>gehwyrfde</code>,1,0.0003604
285,gehyrest,<code>gehyrest</code>,1,0.0003604
285,gel&aelig;ded,<code>gel&amp;ae;ded</code>,1,0.0003604
285,gelic,<code>gelic</code>,1,0.0003604
285,gelyfedum,<code>gelyfedum</code>,1,0.0003604
285,gem&aelig;ne,<code>gem&amp;ae;ne</code>,1,0.0003604
285,gemanes,<code>gemanes</code>,1,0.0003604
285,gemet,<code>gemet</code>,1,0.0003604
285,gemot,<code>gemot</code>,1,0.0003604
285,genamon,<code>genamon</code>,1,0.0003604
285,generedon,<code>generedon</code>,1,0.0003604
285,geornesse,<code>geornesse</code>,1,0.0003604
285,geornissum,<code>geornissum</code>,1,0.0003604
285,ges&aelig;ton,<code>ges&amp;ae;ton</code>,1,0.0003604
285,gesamnod,<code>gesamnod</code>,1,0.0003604
285,gesamnode,<code>gesamnode</code>,1,0.0003604
285,gesceawod,<code>gesceawod</code>,1,0.0003604
285,gescyld,<code>gescyld</code>,1,0.0003604
285,gesegene,<code>gesegene</code>,1,0.0003604
285,gesioh,<code>gesioh</code>,1,0.0003604
285,gespecen,<code>gespecen</code>,1,0.0003604
285,gespr&aelig;ce,<code>gespr&amp;ae;ce</code>,1,0.0003604
285,gestilde,<code>gestilde</code>,1,0.0003604
285,gestrynde,<code>gestrynde</code>,1,0.0003604
285,gesund,<code>gesund</code>,1,0.0003604
285,geswege,<code>geswege</code>,1,0.0003604
285,geswegum,<code>geswegum</code>,1,0.0003604
285,geswutela&eth;,<code>geswutela&amp;d;</code>,1,0.0003604
285,geswutelia&eth;,<code>geswutelia&amp;d;</code>,1,0.0003604
285,getacna&eth;,<code>getacna&amp;d;</code>,1,0.0003604
285,geteald,<code>geteald</code>,1,0.0003604
285,gewita,<code>gewita</code>,1,0.0003604
285,gewita&eth;,<code>gewita&amp;d;</code>,1,0.0003604
285,geworden,<code>geworden</code>,1,0.0003604
285,gewrit,<code>gewrit</code>,1,0.0003604
285,gewrita,<code>gewrita</code>,1,0.0003604
285,gewrite,<code>gewrite</code>,1,0.0003604
285,gewundode,<code>gewundode</code>,1,0.0003604
285,gewyr&eth;e,<code>gewyr&amp;d;e</code>,1,0.0003604
285,gilp,<code>gilp</code>,1,0.0003604
285,giogo&eth;e,<code>giogo&amp;d;e</code>,1,0.0003604
285,gitsung,<code>gitsung</code>,1,0.0003604
285,gitsunge,<code>gitsunge</code>,1,0.0003604
285,godwyrcnisse,<code>godwyrcnisse</code>,1,0.0003604
285,gramm,<code>gramm</code>,1,0.0003604
285,greta&eth;,<code>greta&amp;d;</code>,1,0.0003604
285,grindan,<code>grindan</code>,1,0.0003604
285,gristbitigende,<code>gristbitigende</code>,1,0.0003604
285,gyfernysse,<code>gyfernysse</code>,1,0.0003604
285,gylplice,<code>gylplice</code>,1,0.0003604
285,gymen,<code>gymen</code>,1,0.0003604
285,gyrdelse,<code>gyrdelse</code>,1,0.0003604
285,gyrna&eth;,<code>gyrna&amp;d;</code>,1,0.0003604
285,gyrndon,<code>gyrndon</code>,1,0.0003604
285,gyte,<code>gyte</code>,1,0.0003604
285,h&aelig;fde,<code>h&amp;ae;fde</code>,1,0.0003604
285,hade,<code>hade</code>,1,0.0003604
285,halga,<code>halga</code>,1,0.0003604
285,halgum,<code>halgum</code>,1,0.0003604
285,halige,<code>halige</code>,1,0.0003604
285,haligra,<code>haligra</code>,1,0.0003604
285,ham,<code>ham</code>,1,0.0003604
285,hancrede,<code>hancrede</code>,1,0.0003604
285,handum,<code>handum</code>,1,0.0003604
285,hatheortnysse,<code>hatheortnysse</code>,1,0.0003604
285,heafde,<code>heafde</code>,1,0.0003604
285,heannesse,<code>heannesse</code>,1,0.0003604
285,heap,<code>heap</code>,1,0.0003604
285,heapiende,<code>heapiende</code>,1,0.0003604
285,heapode,<code>heapode</code>,1,0.0003604
285,heardlice,<code>heardlice</code>,1,0.0003604
285,hefiestu,<code>hefiestu</code>,1,0.0003604
285,hefiglice,<code>hefiglice</code>,1,0.0003604
285,helan,<code>helan</code>,1,0.0003604
285,hent,<code>hent</code>,1,0.0003604
285,heofigende,<code>heofigende</code>,1,0.0003604
285,heoldon,<code>heoldon</code>,1,0.0003604
285,heortan,<code>heortan</code>,1,0.0003604
285,hextan,<code>hextan</code>,1,0.0003604
285,hiaf,<code>hiaf</code>,1,0.0003604
285,hiardran,<code>hiardran</code>,1,0.0003604
285,hierusalem,<code>hierusalem</code>,1,0.0003604
285,higeleast,<code>higeleast</code>,1,0.0003604
285,hinsi&eth;e,<code>hinsi&amp;d;e</code>,1,0.0003604
285,hiofigende,<code>hiofigende</code>,1,0.0003604
285,hiofigendra,<code>hiofigendra</code>,1,0.0003604
285,hl&aelig;fdige,<code>hl&amp;ae;fdige</code>,1,0.0003604
285,hleahtre,<code>hleahtre</code>,1,0.0003604
285,hluttor,<code>hluttor</code>,1,0.0003604
285,hneccan,<code>hneccan</code>,1,0.0003604
285,hr&aelig;gle,<code>hr&amp;ae;gle</code>,1,0.0003604
285,hra&eth;e,<code>hra&amp;d;e</code>,1,0.0003604
285,hu,<code>hu</code>,1,0.0003604
285,huru,<code>huru</code>,1,0.0003604
285,huxlic,<code>huxlic</code>,1,0.0003604
285,hw&aelig;&thorn;er,<code>hw&amp;ae;&amp;t;er</code>,1,0.0003604
285,hwile,<code>hwile</code>,1,0.0003604
285,hwilum,<code>hwilum</code>,1,0.0003604
285,hwittra,<code>hwittra</code>,1,0.0003604
285,hwyrfde,<code>hwyrfde</code>,1,0.0003604
285,hylt,<code>hylt</code>,1,0.0003604
285,idel,<code>idel</code>,1,0.0003604
285,idelice,<code>idelice</code>,1,0.0003604
285,incunde,<code>incunde</code>,1,0.0003604
285,ingemang,<code>ingemang</code>,1,0.0003604
285,inlenda,<code>inlenda</code>,1,0.0003604
285,inneweard,<code>inneweard</code>,1,0.0003604
285,ira,<code>ira</code>,1,0.0003604
285,iserne,<code>iserne</code>,1,0.0003604
285,iu,<code>iu</code>,1,0.0003604
285,iugo&eth;e,<code>iugo&amp;d;e</code>,1,0.0003604
285,l&aelig;dde,<code>l&amp;ae;dde</code>,1,0.0003604
285,l&aelig;ddon,<code>l&amp;ae;ddon</code>,1,0.0003604
285,l&aelig;g,<code>l&amp;ae;g</code>,1,0.0003604
285,la&eth;edon,<code>la&amp;d;edon</code>,1,0.0003604
285,ladedon,<code>ladedon</code>,1,0.0003604
285,ladiende,<code>ladiende</code>,1,0.0003604
285,ladlic,<code>ladlic</code>,1,0.0003604
285,lare,<code>lare</code>,1,0.0003604
285,late,<code>late</code>,1,0.0003604
285,leasung,<code>leasung</code>,1,0.0003604
285,lega,<code>lega</code>,1,0.0003604
285,lege,<code>lege</code>,1,0.0003604
285,lengu,<code>lengu</code>,1,0.0003604
285,leodum,<code>leodum</code>,1,0.0003604
285,lices,<code>lices</code>,1,0.0003604
285,licgan,<code>licgan</code>,1,0.0003604
285,lichamum,<code>lichamum</code>,1,0.0003604
285,lifde,<code>lifde</code>,1,0.0003604
285,lifia&eth;,<code>lifia&amp;d;</code>,1,0.0003604
285,liflice,<code>liflice</code>,1,0.0003604
285,ligende,<code>ligende</code>,1,0.0003604
285,lihtigende,<code>lihtigende</code>,1,0.0003604
285,lime,<code>lime</code>,1,0.0003604
285,lorh,<code>lorh</code>,1,0.0003604
285,losa&eth;,<code>losa&amp;d;</code>,1,0.0003604
285,losian,<code>losian</code>,1,0.0003604
285,lufan,<code>lufan</code>,1,0.0003604
285,lufia&eth;,<code>lufia&amp;d;</code>,1,0.0003604
285,lufu,<code>lufu</code>,1,0.0003604
285,lyft,<code>lyft</code>,1,0.0003604
285,lythwon,<code>lythwon</code>,1,0.0003604
285,lyttla,<code>lyttla</code>,1,0.0003604
285,lyttlum,<code>lyttlum</code>,1,0.0003604
285,m&aelig;den,<code>m&amp;ae;den</code>,1,0.0003604
285,m&aelig;gden,<code>m&amp;ae;gden</code>,1,0.0003604
285,m&aelig;gdnes,<code>m&amp;ae;gdnes</code>,1,0.0003604
285,m&aelig;ge,<code>m&amp;ae;ge</code>,1,0.0003604
285,m&aelig;gen,<code>m&amp;ae;gen</code>,1,0.0003604
285,m&aelig;gna,<code>m&amp;ae;gna</code>,1,0.0003604
285,m&aelig;gnum,<code>m&amp;ae;gnum</code>,1,0.0003604
285,m&aelig;nnen,<code>m&amp;ae;nnen</code>,1,0.0003604
285,m&aelig;ra,<code>m&amp;ae;ra</code>,1,0.0003604
285,m&aelig;rlice,<code>m&amp;ae;rlice</code>,1,0.0003604
285,m&aelig;ssepreoste,<code>m&amp;ae;ssepreoste</code>,1,0.0003604
285,m&aelig;ssepreostes,<code>m&amp;ae;ssepreostes</code>,1,0.0003604
285,maca&eth;,<code>maca&amp;d;</code>,1,0.0003604
285,mancynne,<code>mancynne</code>,1,0.0003604
285,mand&aelig;de,<code>mand&amp;ae;de</code>,1,0.0003604
285,manega,<code>manega</code>,1,0.0003604
285,manegum,<code>manegum</code>,1,0.0003604
285,manfullum,<code>manfullum</code>,1,0.0003604
285,manige,<code>manige</code>,1,0.0003604
285,maran,<code>maran</code>,1,0.0003604
285,mare,<code>mare</code>,1,0.0003604
285,menigu,<code>menigu</code>,1,0.0003604
285,mennisc,<code>mennisc</code>,1,0.0003604
285,mennisces,<code>mennisces</code>,1,0.0003604
285,menniscre,<code>menniscre</code>,1,0.0003604
285,meox,<code>meox</code>,1,0.0003604
285,miccle,<code>miccle</code>,1,0.0003604
285,miccligende,<code>miccligende</code>,1,0.0003604
285,micclum,<code>micclum</code>,1,0.0003604
285,micelne,<code>micelne</code>,1,0.0003604
285,micelnysse,<code>micelnysse</code>,1,0.0003604
285,middanearde,<code>middanearde</code>,1,0.0003604
285,middaneardes,<code>middaneardes</code>,1,0.0003604
285,middel,<code>middel</code>,1,0.0003604
285,midnewinter,<code>midnewinter</code>,1,0.0003604
285,mildelice,<code>mildelice</code>,1,0.0003604
285,miltse,<code>miltse</code>,1,0.0003604
285,miltsiend,<code>miltsiend</code>,1,0.0003604
285,miltsunge,<code>miltsunge</code>,1,0.0003604
285,min,<code>min</code>,1,0.0003604
285,mislice,<code>mislice</code>,1,0.0003604
285,moysen,<code>moysen</code>,1,0.0003604
285,mu&eth;,<code>mu&amp;d;</code>,1,0.0003604
285,mycclum,<code>mycclum</code>,1,0.0003604
285,n&aelig;nigre,<code>n&amp;ae;nigre</code>,1,0.0003604
285,n&aelig;re,<code>n&amp;ae;re</code>,1,0.0003604
285,n&aelig;ron,<code>n&amp;ae;ron</code>,1,0.0003604
285,na,<code>na</code>,1,0.0003604
285,nama,<code>nama</code>,1,0.0003604
285,nanes,<code>nanes</code>,1,0.0003604
285,ne&thorn;icge,<code>ne&amp;t;icge</code>,1,0.0003604
285,ne&thorn;icgon,<code>ne&amp;t;icgon</code>,1,0.0003604
285,nedbade,<code>nedbade</code>,1,0.0003604
285,nede&eth;,<code>nede&amp;d;</code>,1,0.0003604
285,nem&aelig;g,<code>nem&amp;ae;g</code>,1,0.0003604
285,neque,<code>neque</code>,1,0.0003604
285,nesecge,<code>nesecge</code>,1,0.0003604
285,neunnon,<code>neunnon</code>,1,0.0003604
285,niorxnawang,<code>niorxnawang</code>,1,0.0003604
285,noe,<code>noe</code>,1,0.0003604
285,nyste,<code>nyste</code>,1,0.0003604
285,nyten,<code>nyten</code>,1,0.0003604
285,nytenu,<code>nytenu</code>,1,0.0003604
285,nyxtan,<code>nyxtan</code>,1,0.0003604
285,o&eth;erne,<code>o&amp;d;erne</code>,1,0.0003604
285,o&eth;lengde,<code>o&amp;d;lengde</code>,1,0.0003604
285,o&eth;lengdon,<code>o&amp;d;lengdon</code>,1,0.0003604
285,o&eth;ru,<code>o&amp;d;ru</code>,1,0.0003604
285,o&eth;rum,<code>o&amp;d;rum</code>,1,0.0003604
285,o&thorn;res,<code>o&amp;t;res</code>,1,0.0003604
285,oferforen,<code>oferforen</code>,1,0.0003604
285,ofergitolness,<code>ofergitolness</code>,1,0.0003604
285,ofrum,<code>ofrum</code>,1,0.0003604
285,ofslagen,<code>ofslagen</code>,1,0.0003604
285,oftor,<code>oftor</code>,1,0.0003604
285,ongean,<code>ongean</code>,1,0.0003604
285,onlicnissum,<code>onlicnissum</code>,1,0.0003604
285,onscunode,<code>onscunode</code>,1,0.0003604
285,onsundran,<code>onsundran</code>,1,0.0003604
285,onweg,<code>onweg</code>,1,0.0003604
285,onwrigen,<code>onwrigen</code>,1,0.0003604
285,open,<code>open</code>,1,0.0003604
285,orm&aelig;tlice,<code>orm&amp;ae;tlice</code>,1,0.0003604
285,orm&aelig;tlicne,<code>orm&amp;ae;tlicne</code>,1,0.0003604
285,orm&aelig;ttre,<code>orm&amp;ae;ttre</code>,1,0.0003604
285,oro&eth;,<code>oro&amp;d;</code>,1,0.0003604
285,pice,<code>pice</code>,1,0.0003604
285,picenan,<code>picenan</code>,1,0.0003604
285,preost,<code>preost</code>,1,0.0003604
285,preostes,<code>preostes</code>,1,0.0003604
285,pund,<code>pund</code>,1,0.0003604
285,r&aelig;da&eth;,<code>r&amp;ae;da&amp;d;</code>,1,0.0003604
285,receleas,<code>receleas</code>,1,0.0003604
285,receleaste,<code>receleaste</code>,1,0.0003604
285,rest,<code>rest</code>,1,0.0003604
285,reste,<code>reste</code>,1,0.0003604
285,rihte,<code>rihte</code>,1,0.0003604
285,rode,<code>rode</code>,1,0.0003604
285,s&aelig;,<code>s&amp;ae;</code>,1,0.0003604
285,s&aelig;dan,<code>s&amp;ae;dan</code>,1,0.0003604
285,s&aelig;gde,<code>s&amp;ae;gde</code>,1,0.0003604
285,s&aelig;streamas,<code>s&amp;ae;streamas</code>,1,0.0003604
285,saga&eth;,<code>saga&amp;d;</code>,1,0.0003604
285,scea&eth;&eth;ignesse,<code>scea&amp;d;&amp;d;ignesse</code>,1,0.0003604
285,sceall,<code>sceall</code>,1,0.0003604
285,sceama&eth;,<code>sceama&amp;d;</code>,1,0.0003604
285,sceawian,<code>sceawian</code>,1,0.0003604
285,sceolde,<code>sceolde</code>,1,0.0003604
285,scinendra,<code>scinendra</code>,1,0.0003604
285,scolde,<code>scolde</code>,1,0.0003604
285,sea&eth;a,<code>sea&amp;d;a</code>,1,0.0003604
285,sea&eth;um,<code>sea&amp;d;um</code>,1,0.0003604
285,sealmsang,<code>sealmsang</code>,1,0.0003604
285,secga&eth;,<code>secga&amp;d;</code>,1,0.0003604
285,secgende,<code>secgende</code>,1,0.0003604
285,segene,<code>segene</code>,1,0.0003604
285,sende,<code>sende</code>,1,0.0003604
285,seoc,<code>seoc</code>,1,0.0003604
285,sette,<code>sette</code>,1,0.0003604
285,sibbe,<code>sibbe</code>,1,0.0003604
285,singallice,<code>singallice</code>,1,0.0003604
285,siocum,<code>siocum</code>,1,0.0003604
285,slagan,<code>slagan</code>,1,0.0003604
285,slapolnis,<code>slapolnis</code>,1,0.0003604
285,sleacnis,<code>sleacnis</code>,1,0.0003604
285,so&eth;f&aelig;stan,<code>so&amp;d;f&amp;ae;stan</code>,1,0.0003604
285,sp&aelig;ce,<code>sp&amp;ae;ce</code>,1,0.0003604
285,sprecende,<code>sprecende</code>,1,0.0003604
285,st&aelig;lde,<code>st&amp;ae;lde</code>,1,0.0003604
285,stale,<code>stale</code>,1,0.0003604
285,stalu,<code>stalu</code>,1,0.0003604
285,stefnum,<code>stefnum</code>,1,0.0003604
285,stemende,<code>stemende</code>,1,0.0003604
285,stenc,<code>stenc</code>,1,0.0003604
285,steor,<code>steor</code>,1,0.0003604
285,stow,<code>stow</code>,1,0.0003604
285,stunce,<code>stunce</code>,1,0.0003604
285,sumere,<code>sumere</code>,1,0.0003604
285,sumne,<code>sumne</code>,1,0.0003604
285,sungon,<code>sungon</code>,1,0.0003604
285,swa&eth;eah,<code>swa&amp;d;eah</code>,1,0.0003604
285,swa&thorn;eah,<code>swa&amp;t;eah</code>,1,0.0003604
285,swearte,<code>swearte</code>,1,0.0003604
285,sweartra,<code>sweartra</code>,1,0.0003604
285,sweg,<code>sweg</code>,1,0.0003604
285,sweltende,<code>sweltende</code>,1,0.0003604
285,swetnysse,<code>swetnysse</code>,1,0.0003604
285,swi&eth;ost,<code>swi&amp;d;ost</code>,1,0.0003604
285,swi&eth;rode,<code>swi&amp;d;rode</code>,1,0.0003604
285,swiciende,<code>swiciende</code>,1,0.0003604
285,swilce,<code>swilce</code>,1,0.0003604
285,sworetunge,<code>sworetunge</code>,1,0.0003604
285,swylc,<code>swylc</code>,1,0.0003604
285,sy&eth;&eth;an,<code>sy&amp;d;&amp;d;an</code>,1,0.0003604
285,syle&eth;,<code>syle&amp;d;</code>,1,0.0003604
285,sylfe,<code>sylfe</code>,1,0.0003604
285,sylle,<code>sylle</code>,1,0.0003604
285,syn,<code>syn</code>,1,0.0003604
285,synd,<code>synd</code>,1,0.0003604
285,syngode,<code>syngode</code>,1,0.0003604
285,tacen,<code>tacen</code>,1,0.0003604
285,tealode,<code>tealode</code>,1,0.0003604
285,teonan,<code>teonan</code>,1,0.0003604
285,tid,<code>tid</code>,1,0.0003604
285,tintregan,<code>tintregan</code>,1,0.0003604
285,toweardan,<code>toweardan</code>,1,0.0003604
285,treow,<code>treow</code>,1,0.0003604
285,triowe,<code>triowe</code>,1,0.0003604
285,tua,<code>tua</code>,1,0.0003604
285,tuo,<code>tuo</code>,1,0.0003604
285,tyslia&eth;,<code>tyslia&amp;d;</code>,1,0.0003604
285,tyslunge,<code>tyslunge</code>,1,0.0003604
285,ufan,<code>ufan</code>,1,0.0003604
285,un&thorn;eawf&aelig;st,<code>un&amp;t;eawf&amp;ae;st</code>,1,0.0003604
285,un&thorn;eawum,<code>un&amp;t;eawum</code>,1,0.0003604
285,unalyfedlice,<code>unalyfedlice</code>,1,0.0003604
285,unar&aelig;fnedlice,<code>unar&amp;ae;fnedlice</code>,1,0.0003604
285,uncu&eth;,<code>uncu&amp;d;</code>,1,0.0003604
285,ungehersumnes,<code>ungehersumnes</code>,1,0.0003604
285,ungehyrsum,<code>ungehyrsum</code>,1,0.0003604
285,ungetriowan,<code>ungetriowan</code>,1,0.0003604
285,unm&aelig;tre,<code>unm&amp;ae;tre</code>,1,0.0003604
285,unmeodumlice,<code>unmeodumlice</code>,1,0.0003604
285,unnytnys,<code>unnytnys</code>,1,0.0003604
285,unnyttra,<code>unnyttra</code>,1,0.0003604
285,unrihtlice,<code>unrihtlice</code>,1,0.0003604
285,unrim,<code>unrim</code>,1,0.0003604
285,unrotnesse,<code>unrotnesse</code>,1,0.0003604
285,untrumra,<code>untrumra</code>,1,0.0003604
285,unwur&thorn;a&eth;,<code>unwur&amp;t;a&amp;d;</code>,1,0.0003604
285,upastigende,<code>upastigende</code>,1,0.0003604
285,uplendiscan,<code>uplendiscan</code>,1,0.0003604
285,uppan,<code>uppan</code>,1,0.0003604
285,ure,<code>ure</code>,1,0.0003604
285,urnon,<code>urnon</code>,1,0.0003604
285,utgongende,<code>utgongende</code>,1,0.0003604
285,w&aelig;lhreowlice,<code>w&amp;ae;lhreowlice</code>,1,0.0003604
285,we,<code>we</code>,1,0.0003604
285,wealla,<code>wealla</code>,1,0.0003604
285,weallas,<code>weallas</code>,1,0.0003604
285,weallende,<code>weallende</code>,1,0.0003604
285,weccende,<code>weccende</code>,1,0.0003604
285,weor&eth;e,<code>weor&amp;d;e</code>,1,0.0003604
285,weorc,<code>weorc</code>,1,0.0003604
285,wepende,<code>wepende</code>,1,0.0003604
285,westan,<code>westan</code>,1,0.0003604
285,wif,<code>wif</code>,1,0.0003604
285,wife,<code>wife</code>,1,0.0003604
285,wiht,<code>wiht</code>,1,0.0003604
285,wimmannum,<code>wimmannum</code>,1,0.0003604
285,wintrum,<code>wintrum</code>,1,0.0003604
285,witodlice,<code>witodlice</code>,1,0.0003604
285,wlitig,<code>wlitig</code>,1,0.0003604
285,word,<code>word</code>,1,0.0003604
285,worda,<code>worda</code>,1,0.0003604
285,worulde,<code>worulde</code>,1,0.0003604
285,wregdon,<code>wregdon</code>,1,0.0003604
285,wund,<code>wund</code>,1,0.0003604
285,wunderlicre,<code>wunderlicre</code>,1,0.0003604
285,wundorlican,<code>wundorlican</code>,1,0.0003604
285,wurde,<code>wurde</code>,1,0.0003604
285,wurdon,<code>wurdon</code>,1,0.0003604
285,wurpon,<code>wurpon</code>,1,0.0003604
285,wylla&eth;,<code>wylla&amp;d;</code>,1,0.0003604
285,wynfri&eth;,<code>wynfri&amp;d;</code>,1,0.0003604
285,wynsumum,<code>wynsumum</code>,1,0.0003604
285,wyr&eth;e,<code>wyr&amp;d;e</code>,1,0.0003604
285,yfela,<code>yfela</code>,1,0.0003604
285,yfelan,<code>yfelan</code>,1,0.0003604
285,yfelso&eth;,<code>yfelso&amp;d;</code>,1,0.0003604
285,yldinge,<code>yldinge</code>,1,0.0003604
285,yldran,<code>yldran</code>,1,0.0003604
285,ymb,<code>ymb</code>,1,0.0003604
285,ymbhwyrfte,<code>ymbhwyrfte</code>,1,0.0003604
285,ymbseted,<code>ymbseted</code>,1,0.0003604
285,yrfe,<code>yrfe</code>,1,0.0003604
285,yrre,<code>yrre</code>,1,0.0003604
285,ytt,<code>ytt</code>,1,0.0003604
