virtual,manuscript,A02.005_Dream_T00090,559,414,559
RANK,HTML WORD,RAW WORD,COUNT,RELATIVE FREQUENCY
1,ic,ic,43,0.038773669972949
2,on,on,38,0.034265103697024
3,me,me,27,0.024346257889991
4,ond,ond,21,0.018935978358882
4,w&aelig;s,w&amp;ae;s,21,0.018935978358882
6,mid,mid,20,0.018034265103697
7,&thorn;&aelig;r,&amp;t;&amp;ae;r,19,0.017132551848512
7,&thorn;&aelig;t,&amp;t;&amp;ae;t,19,0.017132551848512
7,&thorn;a,&amp;t;a,19,0.017132551848512
10,to,to,16,0.014427412082958
11,he,he,15,0.013525698827773
12,&thorn;am,&amp;t;am,11,0.0099188458070334
12,hie,hie,11,0.0099188458070334
12,se,se,11,0.0099188458070334
15,him,him,10,0.0090171325518485
16,&eth;&aelig;r,&amp;d;&amp;ae;r,9,0.0081154192966637
17,&thorn;e,&amp;t;e,8,0.0072137060414788
17,eall,eall,8,0.0072137060414788
17,is,is,8,0.0072137060414788
20,for,for,7,0.006311992786294
20,god,god,7,0.006311992786294
20,ne,ne,7,0.006311992786294
23,&aelig;lmihtig,&amp;ae;lmihtig,6,0.0054102795311091
23,&thorn;onne,&amp;t;onne,6,0.0054102795311091
23,dryhtnes,dryhtnes,6,0.0054102795311091
23,his,his,6,0.0054102795311091
23,hw&aelig;&eth;re,hw&amp;ae;&amp;d;re,6,0.0054102795311091
23,nu,nu,6,0.0054102795311091
23,of,of,6,0.0054102795311091
30,&aelig;r,&amp;ae;r,5,0.0045085662759243
30,&eth;am,&amp;d;am,5,0.0045085662759243
30,ac,ac,5,0.0045085662759243
30,ealle,ealle,5,0.0045085662759243
30,geseah,geseah,5,0.0045085662759243
30,ofer,ofer,5,0.0045085662759243
36,dorste,dorste,4,0.0036068530207394
36,dryhten,dryhten,4,0.0036068530207394
36,eor&eth;an,eor&amp;d;an,4,0.0036068530207394
36,gesyh&eth;e,gesyh&amp;d;e,4,0.0036068530207394
36,hine,hine,4,0.0036068530207394
36,hit,hit,4,0.0036068530207394
36,hw&aelig;t,hw&amp;ae;t,4,0.0036068530207394
36,hwile,hwile,4,0.0036068530207394
36,treow,treow,4,0.0036068530207394
36,us,us,4,0.0036068530207394
36,wuldres,wuldres,4,0.0036068530207394
47,&eth;e,&amp;d;e,3,0.0027051397655546
47,&thorn;&aelig;re,&amp;t;&amp;ae;re,3,0.0027051397655546
47,&thorn;rowode,&amp;t;rowode,3,0.0027051397655546
47,beheoldon,beheoldon,3,0.0027051397655546
47,eft,eft,3,0.0027051397655546
47,elne,elne,3,0.0027051397655546
47,feala,feala,3,0.0027051397655546
47,feondas,feondas,3,0.0027051397655546
47,foldan,foldan,3,0.0027051397655546
47,gesceaft,gesceaft,3,0.0027051397655546
47,geweor&eth;ode,geweor&amp;d;ode,3,0.0027051397655546
47,golde,golde,3,0.0027051397655546
47,h&aelig;le&eth;,h&amp;ae;le&amp;d;,3,0.0027051397655546
47,her,her,3,0.0027051397655546
47,hw&aelig;&eth;ere,hw&amp;ae;&amp;d;ere,3,0.0027051397655546
47,man,man,3,0.0027051397655546
47,min,min,3,0.0027051397655546
47,mycle,mycle,3,0.0027051397655546
47,ongan,ongan,3,0.0027051397655546
47,reste,reste,3,0.0027051397655546
47,rode,rode,3,0.0027051397655546
47,swa,swa,3,0.0027051397655546
47,synnum,synnum,3,0.0027051397655546
47,wealdend,wealdend,3,0.0027051397655546
47,wolde,wolde,3,0.0027051397655546
47,wuldre,wuldre,3,0.0027051397655546
73,&aelig;nig,&amp;ae;nig,2,0.0018034265103697
73,&aelig;t,&amp;ae;t,2,0.0018034265103697
73,&eth;a,&amp;d;a,2,0.0018034265103697
73,&eth;u,&amp;d;u,2,0.0018034265103697
73,&thorn;eos,&amp;t;eos,2,0.0018034265103697
73,&thorn;urh,&amp;t;urh,2,0.0018034265103697
73,&thorn;yssum,&amp;t;yssum,2,0.0018034265103697
73,ana,ana,2,0.0018034265103697
73,anra,anra,2,0.0018034265103697
73,beacen,beacen,2,0.0018034265103697
73,beame,beame,2,0.0018034265103697
73,begoten,begoten,2,0.0018034265103697
73,beheold,beheold,2,0.0018034265103697
73,beornas,beornas,2,0.0018034265103697
73,bestemed,bestemed,2,0.0018034265103697
73,blis,blis,2,0.0018034265103697
73,blisse,blisse,2,0.0018034265103697
73,bugan,bugan,2,0.0018034265103697
73,cyning,cyning,2,0.0018034265103697
73,f&aelig;gere,f&amp;ae;gere,2,0.0018034265103697
73,f&aelig;ste,f&amp;ae;ste,2,0.0018034265103697
73,fuse,fuse,2,0.0018034265103697
73,gebiden,gebiden,2,0.0018034265103697
73,gedrefed,gedrefed,2,0.0018034265103697
73,gimmas,gimmas,2,0.0018034265103697
73,godes,godes,2,0.0018034265103697
73,guman,guman,2,0.0018034265103697
73,h&aelig;bbe,h&amp;ae;bbe,2,0.0018034265103697
73,h&aelig;fdon,h&amp;ae;fdon,2,0.0018034265103697
73,halgum,halgum,2,0.0018034265103697
73,heofenum,heofenum,2,0.0018034265103697
73,heofonum,heofonum,2,0.0018034265103697
73,heora,heora,2,0.0018034265103697
73,hr&aelig;w,hr&amp;ae;w,2,0.0018034265103697
73,hwilum,hwilum,2,0.0018034265103697
73,iu,iu,2,0.0018034265103697
73,leofa,leofa,2,0.0018034265103697
73,life,life,2,0.0018034265103697
73,lifes,lifes,2,0.0018034265103697
73,m&aelig;g,m&amp;ae;g,2,0.0018034265103697
73,m&aelig;re,m&amp;ae;re,2,0.0018034265103697
73,m&aelig;te,m&amp;ae;te,2,0.0018034265103697
73,mancynnes,mancynnes,2,0.0018034265103697
73,mannum,mannum,2,0.0018034265103697
73,me&eth;e,me&amp;d;e,2,0.0018034265103697
73,men,men,2,0.0018034265103697
73,menn,menn,2,0.0018034265103697
73,miclan,miclan,2,0.0018034265103697
73,mihte,mihte,2,0.0018034265103697
73,mode,mode,2,0.0018034265103697
73,moldan,moldan,2,0.0018034265103697
73,mycel,mycel,2,0.0018034265103697
73,o&eth;&eth;&aelig;t,o&amp;d;&amp;d;&amp;ae;t,2,0.0018034265103697
73,ongunnon,ongunnon,2,0.0018034265103697
73,rice,rice,2,0.0018034265103697
73,rod,rod,2,0.0018034265103697
73,sceatum,sceatum,2,0.0018034265103697
73,secan,secan,2,0.0018034265103697
73,sigebeam,sigebeam,2,0.0018034265103697
73,sorgum,sorgum,2,0.0018034265103697
73,standan,standan,2,0.0018034265103697
73,stodon,stodon,2,0.0018034265103697
73,swylce,swylce,2,0.0018034265103697
73,under,under,2,0.0018034265103697
73,w&aelig;dum,w&amp;ae;dum,2,0.0018034265103697
73,wealdendes,wealdendes,2,0.0018034265103697
73,well,well,2,0.0018034265103697
73,weorode,weorode,2,0.0018034265103697
73,wesan,wesan,2,0.0018034265103697
73,wolcnum,wolcnum,2,0.0018034265103697
73,word,word,2,0.0018034265103697
73,wunedon,wunedon,2,0.0018034265103697
73,wunian,wunian,2,0.0018034265103697
146,&aelig;&eth;elinge,&amp;ae;&amp;d;elinge,1,0.00090171325518485
146,&aelig;fentide,&amp;ae;fentide,1,0.00090171325518485
146,&aelig;fter,&amp;ae;fter,1,0.00090171325518485
146,&aelig;ghwylc,&amp;ae;ghwylc,1,0.00090171325518485
146,&aelig;ghwylcne,&amp;ae;ghwylcne,1,0.00090171325518485
146,&aelig;lmihtigne,&amp;ae;lmihtigne,1,0.00090171325518485
146,&aelig;r&thorn;an,&amp;ae;r&amp;t;an,1,0.00090171325518485
146,&aelig;rest,&amp;ae;rest,1,0.00090171325518485
146,&aelig;rgewin,&amp;ae;rgewin,1,0.00090171325518485
146,&aelig;rur,&amp;ae;rur,1,0.00090171325518485
146,&aelig;tg&aelig;dere,&amp;ae;tg&amp;ae;dere,1,0.00090171325518485
146,&eth;&aelig;ron,&amp;d;&amp;ae;ron,1,0.00090171325518485
146,&eth;&aelig;t,&amp;d;&amp;ae;t,1,0.00090171325518485
146,&eth;urh,&amp;d;urh,1,0.00090171325518485
146,&thorn;&aelig;s,&amp;t;&amp;ae;s,1,0.00090171325518485
146,&thorn;an,&amp;t;an,1,0.00090171325518485
146,&thorn;ara,&amp;t;ara,1,0.00090171325518485
146,&thorn;as,&amp;t;as,1,0.00090171325518485
146,&thorn;earf,&amp;t;earf,1,0.00090171325518485
146,&thorn;earle,&amp;t;earle,1,0.00090171325518485
146,&thorn;egnas,&amp;t;egnas,1,0.00090171325518485
146,&thorn;enca&thorn;,&amp;t;enca&amp;t;,1,0.00090171325518485
146,&thorn;ence&eth;,&amp;t;ence&amp;d;,1,0.00090171325518485
146,&thorn;enian,&amp;t;enian,1,0.00090171325518485
146,&thorn;eodne,&amp;t;eodne,1,0.00090171325518485
146,&thorn;olodan,&amp;t;olodan,1,0.00090171325518485
146,&thorn;one,&amp;t;one,1,0.00090171325518485
146,&thorn;rymf&aelig;st,&amp;t;rymf&amp;ae;st,1,0.00090171325518485
146,&thorn;uhte,&amp;t;uhte,1,0.00090171325518485
146,&thorn;urhdrifan,&amp;t;urhdrifan,1,0.00090171325518485
146,&thorn;ysne,&amp;t;ysne,1,0.00090171325518485
146,&thorn;ysson,&amp;t;ysson,1,0.00090171325518485
146,&thorn;ystro,&amp;t;ystro,1,0.00090171325518485
146,adomes,adomes,1,0.00090171325518485
146,afysed,afysed,1,0.00090171325518485
146,ah,ah,1,0.00090171325518485
146,aheawen,aheawen,1,0.00090171325518485
146,ahof,ahof,1,0.00090171325518485
146,ahofon,ahofon,1,0.00090171325518485
146,aledon,aledon,1,0.00090171325518485
146,anforht,anforht,1,0.00090171325518485
146,anwealda,anwealda,1,0.00090171325518485
146,ar&aelig;red,ar&amp;ae;red,1,0.00090171325518485
146,aras,aras,1,0.00090171325518485
146,asette,asette,1,0.00090171325518485
146,asetton,asetton,1,0.00090171325518485
146,astag,astag,1,0.00090171325518485
146,astyred,astyred,1,0.00090171325518485
146,b&aelig;ron,b&amp;ae;ron,1,0.00090171325518485
146,banan,banan,1,0.00090171325518485
146,beacna,beacna,1,0.00090171325518485
146,beacne,beacne,1,0.00090171325518485
146,bealuwara,bealuwara,1,0.00090171325518485
146,beam,beam,1,0.00090171325518485
146,beama,beama,1,0.00090171325518485
146,bearn,bearn,1,0.00090171325518485
146,bedealf,bedealf,1,0.00090171325518485
146,bedrifenne,bedrifenne,1,0.00090171325518485
146,beorg,beorg,1,0.00090171325518485
146,beorge,beorge,1,0.00090171325518485
146,beorhtan,beorhtan,1,0.00090171325518485
146,beorhtost,beorhtost,1,0.00090171325518485
146,beorn,beorn,1,0.00090171325518485
146,bere&eth;,bere&amp;d;,1,0.00090171325518485
146,berstan,berstan,1,0.00090171325518485
146,beswyled,beswyled,1,0.00090171325518485
146,bewrigen,bewrigen,1,0.00090171325518485
146,bewrigene,bewrigene,1,0.00090171325518485
146,bewunden,bewunden,1,0.00090171325518485
146,bi&eth;,bi&amp;d;,1,0.00090171325518485
146,bifian,bifian,1,0.00090171325518485
146,bifode,bifode,1,0.00090171325518485
146,biteres,biteres,1,0.00090171325518485
146,bledum,bledum,1,0.00090171325518485
146,bleom,bleom,1,0.00090171325518485
146,bli&eth;e,bli&amp;d;e,1,0.00090171325518485
146,blode,blode,1,0.00090171325518485
146,breostum,breostum,1,0.00090171325518485
146,brucan,brucan,1,0.00090171325518485
146,bryne,bryne,1,0.00090171325518485
146,butu,butu,1,0.00090171325518485
146,byrigde,byrigde,1,0.00090171325518485
146,bysmeredon,bysmeredon,1,0.00090171325518485
146,colode,colode,1,0.00090171325518485
146,com,com,1,0.00090171325518485
146,crist,crist,1,0.00090171325518485
146,criste,criste,1,0.00090171325518485
146,cumen,cumen,1,0.00090171325518485
146,curfon,curfon,1,0.00090171325518485
146,cwe&eth;an,cwe&amp;d;an,1,0.00090171325518485
146,cwi&eth;don,cwi&amp;d;don,1,0.00090171325518485
146,cwom,cwom,1,0.00090171325518485
146,cwoman,cwoman,1,0.00090171325518485
146,cwy&eth;,cwy&amp;d;,1,0.00090171325518485
146,cyninges,cyninges,1,0.00090171325518485
146,cynn,cynn,1,0.00090171325518485
146,cyst,cyst,1,0.00090171325518485
146,daga,daga,1,0.00090171325518485
146,dea&eth;,dea&amp;d;,1,0.00090171325518485
146,dea&eth;es,dea&amp;d;es,1,0.00090171325518485
146,deman,deman,1,0.00090171325518485
146,deopan,deopan,1,0.00090171325518485
146,deorcan,deorcan,1,0.00090171325518485
146,dolg,dolg,1,0.00090171325518485
146,domd&aelig;ge,domd&amp;ae;ge,1,0.00090171325518485
146,domes,domes,1,0.00090171325518485
146,dream,dream,1,0.00090171325518485
146,dreames,dreames,1,0.00090171325518485
146,dreamum,dreamum,1,0.00090171325518485
146,dyde,dyde,1,0.00090171325518485
146,e&eth;el,e&amp;d;el,1,0.00090171325518485
146,ea&eth;mod,ea&amp;d;mod,1,0.00090171325518485
146,eac,eac,1,0.00090171325518485
146,eal,eal,1,0.00090171325518485
146,ealdgewyrhtum,ealdgewyrhtum,1,0.00090171325518485
146,ealdor,ealdor,1,0.00090171325518485
146,eallum,eallum,1,0.00090171325518485
146,ealra,ealra,1,0.00090171325518485
146,earme,earme,1,0.00090171325518485
146,earmra,earmra,1,0.00090171325518485
146,eaxlegespanne,eaxlegespanne,1,0.00090171325518485
146,eaxlum,eaxlum,1,0.00090171325518485
146,efstan,efstan,1,0.00090171325518485
146,egesa,egesa,1,0.00090171325518485
146,egeslic,egeslic,1,0.00090171325518485
146,ende,ende,1,0.00090171325518485
146,engel,engel,1,0.00090171325518485
146,englas,englas,1,0.00090171325518485
146,englum,englum,1,0.00090171325518485
146,eor&eth;wege,eor&amp;d;wege,1,0.00090171325518485
146,eor&thorn;an,eor&amp;t;an,1,0.00090171325518485
146,f&aelig;ger,f&amp;ae;ger,1,0.00090171325518485
146,f&aelig;gran,f&amp;ae;gran,1,0.00090171325518485
146,fah,fah,1,0.00090171325518485
146,fea,fea,1,0.00090171325518485
146,feallan,feallan,1,0.00090171325518485
146,feorgbold,feorgbold,1,0.00090171325518485
146,feorran,feorran,1,0.00090171325518485
146,fife,fife,1,0.00090171325518485
146,folc,folc,1,0.00090171325518485
146,for&eth;,for&amp;d;,1,0.00090171325518485
146,for&eth;eode,for&amp;d;eode,1,0.00090171325518485
146,for&eth;gesceaft,for&amp;d;gesceaft,1,0.00090171325518485
146,for&eth;wege,for&amp;d;wege,1,0.00090171325518485
146,for&thorn;an,for&amp;t;an,1,0.00090171325518485
146,forgeaf,forgeaf,1,0.00090171325518485
146,forht,forht,1,0.00090171325518485
146,forhtia&eth;,forhtia&amp;d;,1,0.00090171325518485
146,forleton,forleton,1,0.00090171325518485
146,forwunded,forwunded,1,0.00090171325518485
146,forwundod,forwundod,1,0.00090171325518485
146,fracodes,fracodes,1,0.00090171325518485
146,fram,fram,1,0.00090171325518485
146,frean,frean,1,0.00090171325518485
146,freond,freond,1,0.00090171325518485
146,freonda,freonda,1,0.00090171325518485
146,freondas,freondas,1,0.00090171325518485
146,frine&eth;,frine&amp;d;,1,0.00090171325518485
146,funda&thorn;,funda&amp;t;,1,0.00090171325518485
146,fyll,fyll,1,0.00090171325518485
146,fyllan,fyllan,1,0.00090171325518485
146,galan,galan,1,0.00090171325518485
146,gange,gange,1,0.00090171325518485
146,gast,gast,1,0.00090171325518485
146,gasta,gasta,1,0.00090171325518485
146,gastas,gastas,1,0.00090171325518485
146,gealga,gealga,1,0.00090171325518485
146,gealgan,gealgan,1,0.00090171325518485
146,gealgtreowe,gealgtreowe,1,0.00090171325518485
146,geara,geara,1,0.00090171325518485
146,geb&aelig;d,geb&amp;ae;d,1,0.00090171325518485
146,gebad,gebad,1,0.00090171325518485
146,gebidda&thorn;,gebidda&amp;t;,1,0.00090171325518485
146,gebringe,gebringe,1,0.00090171325518485
146,geearna&thorn;,geearna&amp;t;,1,0.00090171325518485
146,gef&aelig;stnodon,gef&amp;ae;stnodon,1,0.00090171325518485
146,gefetige,gefetige,1,0.00090171325518485
146,gefrunon,gefrunon,1,0.00090171325518485
146,gefyllan,gefyllan,1,0.00090171325518485
146,gegyred,gegyred,1,0.00090171325518485
146,gegyrwed,gegyrwed,1,0.00090171325518485
146,gehwylce,gehwylce,1,0.00090171325518485
146,gehwylcum,gehwylcum,1,0.00090171325518485
146,gehyran,gehyran,1,0.00090171325518485
146,gehyrde,gehyrde,1,0.00090171325518485
146,gem&aelig;tte,gem&amp;ae;tte,1,0.00090171325518485
146,geman,geman,1,0.00090171325518485
146,genaman,genaman,1,0.00090171325518485
146,genamon,genamon,1,0.00090171325518485
146,geniwad,geniwad,1,0.00090171325518485
146,genoge,genoge,1,0.00090171325518485
146,geong,geong,1,0.00090171325518485
146,geriht,geriht,1,0.00090171325518485
146,gerymde,gerymde,1,0.00090171325518485
146,gesawe,gesawe,1,0.00090171325518485
146,gesecan,gesecan,1,0.00090171325518485
146,geseted,geseted,1,0.00090171325518485
146,gesetton,gesetton,1,0.00090171325518485
146,gesiene,gesiene,1,0.00090171325518485
146,gestah,gestah,1,0.00090171325518485
146,gestigan,gestigan,1,0.00090171325518485
146,gestodon,gestodon,1,0.00090171325518485
146,gewat,gewat,1,0.00090171325518485
146,geweald,geweald,1,0.00090171325518485
146,gewinne,gewinne,1,0.00090171325518485
146,gewiton,gewiton,1,0.00090171325518485
146,geworden,geworden,1,0.00090171325518485
146,geworhton,geworhton,1,0.00090171325518485
146,gode,gode,1,0.00090171325518485
146,gold,gold,1,0.00090171325518485
146,greotende,greotende,1,0.00090171325518485
146,gyredon,gyredon,1,0.00090171325518485
146,gyta,gyta,1,0.00090171325518485
146,h&aelig;fde,h&amp;ae;fde,1,0.00090171325518485
146,h&aelig;lan,h&amp;ae;lan,1,0.00090171325518485
146,h&aelig;lendes,h&amp;ae;lendes,1,0.00090171325518485
146,halige,halige,1,0.00090171325518485
146,ham,ham,1,0.00090171325518485
146,handa,handa,1,0.00090171325518485
146,hate,hate,1,0.00090171325518485
146,heafdum,heafdum,1,0.00090171325518485
146,heahf&aelig;dere,heahf&amp;ae;dere,1,0.00090171325518485
146,healfe,healfe,1,0.00090171325518485
146,heanne,heanne,1,0.00090171325518485
146,heardost,heardost,1,0.00090171325518485
146,hebban,hebban,1,0.00090171325518485
146,hefian,hefian,1,0.00090171325518485
146,helpe,helpe,1,0.00090171325518485
146,heofenas,heofenas,1,0.00090171325518485
146,heofenes,heofenes,1,0.00090171325518485
146,heofona,heofona,1,0.00090171325518485
146,heofonlicne,heofonlicne,1,0.00090171325518485
146,heofonrices,heofonrices,1,0.00090171325518485
146,heonon,heonon,1,0.00090171325518485
146,heton,heton,1,0.00090171325518485
146,hi,hi,1,0.00090171325518485
146,hider,hider,1,0.00090171325518485
146,hiht,hiht,1,0.00090171325518485
146,hilderinca,hilderinca,1,0.00090171325518485
146,hilderincas,hilderincas,1,0.00090171325518485
146,hira,hira,1,0.00090171325518485
146,hlaford,hlaford,1,0.00090171325518485
146,hleo&eth;rode,hleo&amp;d;rode,1,0.00090171325518485
146,hlifige,hlifige,1,0.00090171325518485
146,hnag,hnag,1,0.00090171325518485
146,holmwudu,holmwudu,1,0.00090171325518485
146,holtes,holtes,1,0.00090171325518485
146,hreowcearig,hreowcearig,1,0.00090171325518485
146,huru,huru,1,0.00090171325518485
146,hw&aelig;nne,hw&amp;ae;nne,1,0.00090171325518485
146,hw&aelig;r,hw&amp;ae;r,1,0.00090171325518485
146,hyht,hyht,1,0.00090171325518485
146,hyldan,hyldan,1,0.00090171325518485
146,in,in,1,0.00090171325518485
146,inwidhlemmas,inwidhlemmas,1,0.00090171325518485
146,l&aelig;dan,l&amp;ae;dan,1,0.00090171325518485
146,l&aelig;nan,l&amp;ae;nan,1,0.00090171325518485
146,l&aelig;num,l&amp;ae;num,1,0.00090171325518485
146,la&eth;ost,la&amp;d;ost,1,0.00090171325518485
146,lange,lange,1,0.00090171325518485
146,langunghwila,langunghwila,1,0.00090171325518485
146,leodum,leodum,1,0.00090171325518485
146,leohte,leohte,1,0.00090171325518485
146,lices,lices,1,0.00090171325518485
146,licgende,licgende,1,0.00090171325518485
146,lif,lif,1,0.00090171325518485
146,lifia&thorn;,lifia&amp;t;,1,0.00090171325518485
146,limwerigne,limwerigne,1,0.00090171325518485
146,lyft,lyft,1,0.00090171325518485
146,lysan,lysan,1,0.00090171325518485
146,m&aelig;nige,m&amp;ae;nige,1,0.00090171325518485
146,m&aelig;ran,m&amp;ae;ran,1,0.00090171325518485
146,mancyn,mancyn,1,0.00090171325518485
146,mancynn,mancynn,1,0.00090171325518485
146,manegum,manegum,1,0.00090171325518485
146,manigeo,manigeo,1,0.00090171325518485
146,manigra,manigra,1,0.00090171325518485
146,marian,marian,1,0.00090171325518485
146,meahte,meahte,1,0.00090171325518485
146,middangeard,middangeard,1,0.00090171325518485
146,midre,midre,1,0.00090171325518485
146,miht,miht,1,0.00090171325518485
146,mihtig,mihtig,1,0.00090171325518485
146,minum,minum,1,0.00090171325518485
146,modig,modig,1,0.00090171325518485
146,modor,modor,1,0.00090171325518485
146,modsefa,modsefa,1,0.00090171325518485
146,moldern,moldern,1,0.00090171325518485
146,mot,mot,1,0.00090171325518485
146,mote,mote,1,0.00090171325518485
146,mundbyrd,mundbyrd,1,0.00090171325518485
146,n&aelig;glum,n&amp;ae;glum,1,0.00090171325518485
146,n&aelig;nigum,n&amp;ae;nigum,1,0.00090171325518485
146,nah,nah,1,0.00090171325518485
146,naman,naman,1,0.00090171325518485
146,nihte,nihte,1,0.00090171325518485
146,o&eth;&eth;e,o&amp;d;&amp;d;e,1,0.00090171325518485
146,oftor,oftor,1,0.00090171325518485
146,onbyrigan,onbyrigan,1,0.00090171325518485
146,onginnen,onginnen,1,0.00090171325518485
146,ongyrede,ongyrede,1,0.00090171325518485
146,ongytan,ongytan,1,0.00090171325518485
146,onlysde,onlysde,1,0.00090171325518485
146,onsended,onsended,1,0.00090171325518485
146,onwreoh,onwreoh,1,0.00090171325518485
146,opene,opene,1,0.00090171325518485
146,reordberend,reordberend,1,0.00090171325518485
146,reordberendum,reordberendum,1,0.00090171325518485
146,ricne,ricne,1,0.00090171325518485
146,ricra,ricra,1,0.00090171325518485
146,rihtne,rihtne,1,0.00090171325518485
146,s&aelig;l,s&amp;ae;l,1,0.00090171325518485
146,sare,sare,1,0.00090171325518485
146,sarra,sarra,1,0.00090171325518485
146,sawl,sawl,1,0.00090171325518485
146,sce&eth;&eth;an,sce&amp;d;&amp;d;an,1,0.00090171325518485
146,sceadu,sceadu,1,0.00090171325518485
146,sceal,sceal,1,0.00090171325518485
146,sceatas,sceatas,1,0.00090171325518485
146,sceawode,sceawode,1,0.00090171325518485
146,sceolde,sceolde,1,0.00090171325518485
146,sciman,sciman,1,0.00090171325518485
146,scinan,scinan,1,0.00090171325518485
146,scirne,scirne,1,0.00090171325518485
146,sea&thorn;e,sea&amp;t;e,1,0.00090171325518485
146,secgan,secgan,1,0.00090171325518485
146,secge,secge,1,0.00090171325518485
146,secgum,secgum,1,0.00090171325518485
146,selest,selest,1,0.00090171325518485
146,selesta,selesta,1,0.00090171325518485
146,seo,seo,1,0.00090171325518485
146,seolfre,seolfre,1,0.00090171325518485
146,si,si,1,0.00090171325518485
146,si&eth;&eth;an,si&amp;d;&amp;d;an,1,0.00090171325518485
146,si&eth;fate,si&amp;d;fate,1,0.00090171325518485
146,si&eth;ian,si&amp;d;ian,1,0.00090171325518485
146,sidan,sidan,1,0.00090171325518485
146,side,side,1,0.00090171325518485
146,sie,sie,1,0.00090171325518485
146,sigora,sigora,1,0.00090171325518485
146,sigorf&aelig;st,sigorf&amp;ae;st,1,0.00090171325518485
146,since,since,1,0.00090171325518485
146,singal,singal,1,0.00090171325518485
146,sohton,sohton,1,0.00090171325518485
146,sorga,sorga,1,0.00090171325518485
146,sorhleo&eth;,sorhleo&amp;d;,1,0.00090171325518485
146,spedig,spedig,1,0.00090171325518485
146,sprecan,sprecan,1,0.00090171325518485
146,sta&eth;ole,sta&amp;d;ole,1,0.00090171325518485
146,stane,stane,1,0.00090171325518485
146,steame,steame,1,0.00090171325518485
146,stefn,stefn,1,0.00090171325518485
146,stefne,stefne,1,0.00090171325518485
146,sti&eth;mod,sti&amp;d;mod,1,0.00090171325518485
146,stod,stod,1,0.00090171325518485
146,str&aelig;lum,str&amp;ae;lum,1,0.00090171325518485
146,strang,strang,1,0.00090171325518485
146,strange,strange,1,0.00090171325518485
146,sunu,sunu,1,0.00090171325518485
146,sw&aelig;tan,sw&amp;ae;tan,1,0.00090171325518485
146,swates,swates,1,0.00090171325518485
146,swefna,swefna,1,0.00090171325518485
146,swi&eth;ran,swi&amp;d;ran,1,0.00090171325518485
146,sy&eth;&eth;an,sy&amp;d;&amp;d;an,1,0.00090171325518485
146,sy&eth;&thorn;an,sy&amp;d;&amp;t;an,1,0.00090171325518485
146,sy&thorn;&thorn;an,sy&amp;t;&amp;t;an,1,0.00090171325518485
146,sylfa,sylfa,1,0.00090171325518485
146,sylfe,sylfe,1,0.00090171325518485
146,syllic,syllic,1,0.00090171325518485
146,syllicre,syllicre,1,0.00090171325518485
146,symle,symle,1,0.00090171325518485
146,syndon,syndon,1,0.00090171325518485
146,unc,unc,1,0.00090171325518485
146,unforht,unforht,1,0.00090171325518485
146,up,up,1,0.00090171325518485
146,uppe,uppe,1,0.00090171325518485
146,w&aelig;fersyne,w&amp;ae;fersyne,1,0.00090171325518485
146,w&aelig;ron,w&amp;ae;ron,1,0.00090171325518485
146,w&aelig;tan,w&amp;ae;tan,1,0.00090171325518485
146,wann,wann,1,0.00090171325518485
146,we,we,1,0.00090171325518485
146,wealdende,wealdende,1,0.00090171325518485
146,weard,weard,1,0.00090171325518485
146,weg,weg,1,0.00090171325518485
146,wendan,wendan,1,0.00090171325518485
146,wene,wene,1,0.00090171325518485
146,weop,weop,1,0.00090171325518485
146,weor&eth;ia&eth;,weor&amp;d;ia&amp;d;,1,0.00090171325518485
146,weor&eth;lice,weor&amp;d;lice,1,0.00090171325518485
146,weor&thorn;ian,weor&amp;t;ian,1,0.00090171325518485
146,weorc,weorc,1,0.00090171325518485
146,werede,werede,1,0.00090171325518485
146,wergas,wergas,1,0.00090171325518485
146,weruda,weruda,1,0.00090171325518485
146,wide,wide,1,0.00090171325518485
146,wifa,wifa,1,0.00090171325518485
146,wile,wile,1,0.00090171325518485
146,willa,willa,1,0.00090171325518485
146,wita,wita,1,0.00090171325518485
146,wite,wite,1,0.00090171325518485
146,woldon,woldon,1,0.00090171325518485
146,wommum,wommum,1,0.00090171325518485
146,worde,worde,1,0.00090171325518485
146,wordum,wordum,1,0.00090171325518485
146,worulde,worulde,1,0.00090171325518485
146,wra&eth;ra,wra&amp;d;ra,1,0.00090171325518485
146,wudu,wudu,1,0.00090171325518485
146,wunia&thorn;,wunia&amp;t;,1,0.00090171325518485
146,wylle,wylle,1,0.00090171325518485
146,wynnum,wynnum,1,0.00090171325518485
146,wyrcan,wyrcan,1,0.00090171325518485
146,wyrd,wyrd,1,0.00090171325518485
146,wyrda,wyrda,1,0.00090171325518485
146,ymbclypte,ymbclypte,1,0.00090171325518485
