A_Poetry,A13,1566,1170,3161
RANK,HTML WORD,RAW WORD,COUNT,RELATIVE FREQUENCY
1,and,<code>and</code>,87,0.0275229
2,on,<code>on</code>,67,0.0211958
3,ne,<code>ne</code>,47,0.0148687
4,he,<code>he</code>,44,0.0139196
5,&eth;&aelig;t,<code>&amp;d;&amp;ae;t</code>,43,0.0136033
6,&eth;onne,<code>&amp;d;onne</code>,42,0.0132869
7,se,<code>se</code>,38,0.0120215
8,hine,<code>hine</code>,37,0.0117052
9,bi&eth;,<code>bi&amp;d;</code>,35,0.0110724
9,cw&aelig;&eth;,<code>cw&amp;ae;&amp;d;</code>,35,0.0110724
9,him,<code>him</code>,35,0.0110724
12,&eth;a,<code>&amp;d;a</code>,32,0.0101234
12,&eth;e,<code>&amp;d;e</code>,32,0.0101234
14,his,<code>his</code>,27,0.0085416
15,saturnus,<code>saturnus</code>,24,0.0075925
16,salomon,<code>salomon</code>,23,0.0072762
17,hie,<code>hie</code>,22,0.0069598
18,ac,<code>ac</code>,21,0.0066435
18,ic,<code>ic</code>,21,0.0066435
20,&eth;&aelig;s,<code>&amp;d;&amp;ae;s</code>,20,0.0063271
20,heo,<code>heo</code>,20,0.0063271
20,mid,<code>mid</code>,20,0.0063271
23,to,<code>to</code>,17,0.0053780
24,&eth;am,<code>&amp;d;am</code>,16,0.0050617
24,is,<code>is</code>,16,0.0050617
26,&eth;urh,<code>&amp;d;urh</code>,14,0.0044290
26,m&aelig;g,<code>m&amp;ae;g</code>,14,0.0044290
28,hafa&eth;,<code>hafa&amp;d;</code>,13,0.0041126
28,of,<code>of</code>,13,0.0041126
30,oft,<code>oft</code>,12,0.0037963
31,&eth;u,<code>&amp;d;u</code>,11,0.0034799
31,full,<code>full</code>,11,0.0034799
33,foldan,<code>foldan</code>,10,0.0031636
33,hit,<code>hit</code>,10,0.0031636
33,hw&aelig;t,<code>hw&amp;ae;t</code>,10,0.0031636
33,o&eth;er,<code>o&amp;d;er</code>,10,0.0031636
33,wile,<code>wile</code>,10,0.0031636
38,&eth;one,<code>&amp;d;one</code>,9,0.0028472
38,cu&aelig;&eth;,<code>cu&amp;ae;&amp;d;</code>,9,0.0028472
38,godes,<code>godes</code>,9,0.0028472
38,in,<code>in</code>,9,0.0028472
38,me,<code>me</code>,9,0.0028472
38,swi&eth;e,<code>swi&amp;d;e</code>,9,0.0028472
44,&aelig;fter,<code>&amp;ae;fter</code>,8,0.0025308
44,beo&eth;,<code>beo&amp;d;</code>,8,0.0025308
44,gif,<code>gif</code>,8,0.0025308
44,helle,<code>helle</code>,8,0.0025308
44,ofer,<code>ofer</code>,8,0.0025308
44,swa,<code>swa</code>,8,0.0025308
50,a,<code>a</code>,7,0.0022145
50,eall,<code>eall</code>,7,0.0022145
50,feond,<code>feond</code>,7,0.0022145
50,filistina,<code>filistina</code>,7,0.0022145
50,sceall,<code>sceall</code>,7,0.0022145
55,&aelig;r,<code>&amp;ae;r</code>,6,0.0018981
55,ealle,<code>ealle</code>,6,0.0018981
55,hiene,<code>hiene</code>,6,0.0018981
55,hira,<code>hira</code>,6,0.0018981
55,hu,<code>hu</code>,6,0.0018981
55,hwilum,<code>hwilum</code>,6,0.0018981
55,o&eth;&eth;e,<code>o&amp;d;&amp;d;e</code>,6,0.0018981
55,rice,<code>rice</code>,6,0.0018981
55,under,<code>under</code>,6,0.0018981
55,w&aelig;ter,<code>w&amp;ae;ter</code>,6,0.0018981
55,willan,<code>willan</code>,6,0.0018981
66,butan,<code>butan</code>,5,0.0015818
66,cristes,<code>cristes</code>,5,0.0015818
66,deofles,<code>deofles</code>,5,0.0015818
66,eor&eth;an,<code>eor&amp;d;an</code>,5,0.0015818
66,for&eth;on,<code>for&amp;d;on</code>,5,0.0015818
66,geond,<code>geond</code>,5,0.0015818
66,hwile,<code>hwile</code>,5,0.0015818
66,manna,<code>manna</code>,5,0.0015818
66,mec,<code>mec</code>,5,0.0015818
66,o&eth;&eth;&aelig;t,<code>o&amp;d;&amp;d;&amp;ae;t</code>,5,0.0015818
66,seo,<code>seo</code>,5,0.0015818
66,wat,<code>wat</code>,5,0.0015818
78,&eth;&aelig;r,<code>&amp;d;&amp;ae;r</code>,4,0.0012654
78,&eth;&aelig;re,<code>&amp;d;&amp;ae;re</code>,4,0.0012654
78,&eth;eah,<code>&amp;d;eah</code>,4,0.0012654
78,an,<code>an</code>,4,0.0012654
78,bearn,<code>bearn</code>,4,0.0012654
78,cynnes,<code>cynnes</code>,4,0.0012654
78,dryhtnes,<code>dryhtnes</code>,4,0.0012654
78,eac,<code>eac</code>,4,0.0012654
78,ealra,<code>ealra</code>,4,0.0012654
78,forhwon,<code>forhwon</code>,4,0.0012654
78,fugel,<code>fugel</code>,4,0.0012654
78,g&aelig;&eth;,<code>g&amp;ae;&amp;d;</code>,4,0.0012654
78,geneahhe,<code>geneahhe</code>,4,0.0012654
78,gesceaft,<code>gesceaft</code>,4,0.0012654
78,god,<code>god</code>,4,0.0012654
78,healda&eth;,<code>healda&amp;d;</code>,4,0.0012654
78,heofona,<code>heofona</code>,4,0.0012654
78,heortan,<code>heortan</code>,4,0.0012654
78,hw&aelig;&eth;re,<code>hw&amp;ae;&amp;d;re</code>,4,0.0012654
78,lifes,<code>lifes</code>,4,0.0012654
78,men,<code>men</code>,4,0.0012654
78,modor,<code>modor</code>,4,0.0012654
78,mot,<code>mot</code>,4,0.0012654
78,n&aelig;fre,<code>n&amp;ae;fre</code>,4,0.0012654
78,n&aelig;nig,<code>n&amp;ae;nig</code>,4,0.0012654
78,sie,<code>sie</code>,4,0.0012654
78,stan,<code>stan</code>,4,0.0012654
78,unl&aelig;de,<code>unl&amp;ae;de</code>,4,0.0012654
78,wi&eth;,<code>wi&amp;d;</code>,4,0.0012654
78,ymb,<code>ymb</code>,4,0.0012654
108,&aelig;ghwylc,<code>&amp;ae;ghwylc</code>,3,0.0009491
108,&aelig;nig,<code>&amp;ae;nig</code>,3,0.0009491
108,&aelig;t,<code>&amp;ae;t</code>,3,0.0009491
108,&eth;ara,<code>&amp;d;ara</code>,3,0.0009491
108,&eth;isse,<code>&amp;d;isse</code>,3,0.0009491
108,&eth;y,<code>&amp;d;y</code>,3,0.0009491
108,be,<code>be</code>,3,0.0009491
108,bec,<code>bec</code>,3,0.0009491
108,boca,<code>boca</code>,3,0.0009491
108,cwide,<code>cwide</code>,3,0.0009491
108,cyme&eth;,<code>cyme&amp;d;</code>,3,0.0009491
108,d&aelig;g,<code>d&amp;ae;g</code>,3,0.0009491
108,dauides,<code>dauides</code>,3,0.0009491
108,de&eth;,<code>de&amp;d;</code>,3,0.0009491
108,deop,<code>deop</code>,3,0.0009491
108,dryhten,<code>dryhten</code>,3,0.0009491
108,dryhtne,<code>dryhtne</code>,3,0.0009491
108,eadig,<code>eadig</code>,3,0.0009491
108,earmra,<code>earmra</code>,3,0.0009491
108,ece,<code>ece</code>,3,0.0009491
108,eft,<code>eft</code>,3,0.0009491
108,engel,<code>engel</code>,3,0.0009491
108,eorl,<code>eorl</code>,3,0.0009491
108,f&aelig;re&eth;,<code>f&amp;ae;re&amp;d;</code>,3,0.0009491
108,f&aelig;ste,<code>f&amp;ae;ste</code>,3,0.0009491
108,fira,<code>fira</code>,3,0.0009491
108,forhwam,<code>forhwam</code>,3,0.0009491
108,forhwan,<code>forhwan</code>,3,0.0009491
108,fotum,<code>fotum</code>,3,0.0009491
108,fyr,<code>fyr</code>,3,0.0009491
108,fyrena,<code>fyrena</code>,3,0.0009491
108,gast,<code>gast</code>,3,0.0009491
108,geap,<code>geap</code>,3,0.0009491
108,gehwylc,<code>gehwylc</code>,3,0.0009491
108,georne,<code>georne</code>,3,0.0009491
108,gesceafte,<code>gesceafte</code>,3,0.0009491
108,gewite&eth;,<code>gewite&amp;d;</code>,3,0.0009491
108,heap,<code>heap</code>,3,0.0009491
108,hlaford,<code>hlaford</code>,3,0.0009491
108,huru,<code>huru</code>,3,0.0009491
108,hwa,<code>hwa</code>,3,0.0009491
108,l,<code>l</code>,3,0.0009491
108,l&aelig;re&eth;,<code>l&amp;ae;re&amp;d;</code>,3,0.0009491
108,lange,<code>lange</code>,3,0.0009491
108,leofa&eth;,<code>leofa&amp;d;</code>,3,0.0009491
108,leoht,<code>leoht</code>,3,0.0009491
108,m,<code>m</code>,3,0.0009491
108,mod,<code>mod</code>,3,0.0009491
108,modes,<code>modes</code>,3,0.0009491
108,mon,<code>mon</code>,3,0.0009491
108,noster,<code>noster</code>,3,0.0009491
108,nu,<code>nu</code>,3,0.0009491
108,pater,<code>pater</code>,3,0.0009491
108,rices,<code>rices</code>,3,0.0009491
108,si&eth;e,<code>si&amp;d;e</code>,3,0.0009491
108,snytro,<code>snytro</code>,3,0.0009491
108,sona,<code>sona</code>,3,0.0009491
108,st&aelig;f,<code>st&amp;ae;f</code>,3,0.0009491
108,sunu,<code>sunu</code>,3,0.0009491
108,swylce,<code>swylce</code>,3,0.0009491
108,us,<code>us</code>,3,0.0009491
108,w&aelig;re,<code>w&amp;ae;re</code>,3,0.0009491
108,was,<code>was</code>,3,0.0009491
108,wealle&eth;,<code>wealle&amp;d;</code>,3,0.0009491
108,wide,<code>wide</code>,3,0.0009491
108,wille,<code>wille</code>,3,0.0009491
108,wop,<code>wop</code>,3,0.0009491
108,woroldrice,<code>woroldrice</code>,3,0.0009491
108,wyrd,<code>wyrd</code>,3,0.0009491
108,wyrda,<code>wyrda</code>,3,0.0009491
108,ymbe,<code>ymbe</code>,3,0.0009491
179,&aelig;fre,<code>&amp;ae;fre</code>,2,0.0006327
179,&aelig;ghwylcum,<code>&amp;ae;ghwylcum</code>,2,0.0006327
179,&aelig;nige,<code>&amp;ae;nige</code>,2,0.0006327
179,&aelig;r&eth;on,<code>&amp;ae;r&amp;d;on</code>,2,0.0006327
179,&aelig;rest,<code>&amp;ae;rest</code>,2,0.0006327
179,&eth;anon,<code>&amp;d;anon</code>,2,0.0006327
179,&eth;enden,<code>&amp;d;enden</code>,2,0.0006327
179,&eth;on,<code>&amp;d;on</code>,2,0.0006327
179,&eth;reamedlan,<code>&amp;d;reamedlan</code>,2,0.0006327
179,&eth;ria,<code>&amp;d;ria</code>,2,0.0006327
179,&thorn;&aelig;t,<code>&amp;t;&amp;ae;t</code>,2,0.0006327
179,&thorn;a,<code>&amp;t;a</code>,2,0.0006327
179,&thorn;am,<code>&amp;t;am</code>,2,0.0006327
179,&thorn;urh,<code>&amp;t;urh</code>,2,0.0006327
179,ana,<code>ana</code>,2,0.0006327
179,anra,<code>anra</code>,2,0.0006327
179,bald,<code>bald</code>,2,0.0006327
179,bealwe,<code>bealwe</code>,2,0.0006327
179,biterne,<code>biterne</code>,2,0.0006327
179,blica&eth;,<code>blica&amp;d;</code>,2,0.0006327
179,blod,<code>blod</code>,2,0.0006327
179,bocum,<code>bocum</code>,2,0.0006327
179,brogan,<code>brogan</code>,2,0.0006327
179,c,<code>c</code>,2,0.0006327
179,caldea,<code>caldea</code>,2,0.0006327
179,caldeas,<code>caldeas</code>,2,0.0006327
179,can,<code>can</code>,2,0.0006327
179,cann,<code>cann</code>,2,0.0006327
179,cantic,<code>cantic</code>,2,0.0006327
179,cenne&eth;,<code>cenne&amp;d;</code>,2,0.0006327
179,cr&aelig;ftas,<code>cr&amp;ae;ftas</code>,2,0.0006327
179,creca,<code>creca</code>,2,0.0006327
179,cu&eth;e,<code>cu&amp;d;e</code>,2,0.0006327
179,cunna&eth;,<code>cunna&amp;d;</code>,2,0.0006327
179,cyme,<code>cyme</code>,2,0.0006327
179,d,<code>d</code>,2,0.0006327
179,d&aelig;ges,<code>d&amp;ae;ges</code>,2,0.0006327
179,dea&eth;,<code>dea&amp;d;</code>,2,0.0006327
179,deme&eth;,<code>deme&amp;d;</code>,2,0.0006327
179,deofol,<code>deofol</code>,2,0.0006327
179,domes,<code>domes</code>,2,0.0006327
179,dreoge&eth;,<code>dreoge&amp;d;</code>,2,0.0006327
179,duru,<code>duru</code>,2,0.0006327
179,duste,<code>duste</code>,2,0.0006327
179,e,<code>e</code>,2,0.0006327
179,eallra,<code>eallra</code>,2,0.0006327
179,eallum,<code>eallum</code>,2,0.0006327
179,ec,<code>ec</code>,2,0.0006327
179,engla,<code>engla</code>,2,0.0006327
179,engles,<code>engles</code>,2,0.0006327
179,f,<code>f</code>,2,0.0006327
179,f&aelig;der,<code>f&amp;ae;der</code>,2,0.0006327
179,f&aelig;ges,<code>f&amp;ae;ges</code>,2,0.0006327
179,f&aelig;h&eth;o,<code>f&amp;ae;h&amp;d;o</code>,2,0.0006327
179,faran,<code>faran</code>,2,0.0006327
179,feldgongende,<code>feldgongende</code>,2,0.0006327
179,feoh,<code>feoh</code>,2,0.0006327
179,feonda,<code>feonda</code>,2,0.0006327
179,feorh,<code>feorh</code>,2,0.0006327
179,feowere,<code>feowere</code>,2,0.0006327
179,flodes,<code>flodes</code>,2,0.0006327
179,for&eth;an,<code>for&amp;d;an</code>,2,0.0006327
179,forcumen,<code>forcumen</code>,2,0.0006327
179,fram,<code>fram</code>,2,0.0006327
179,freondum,<code>freondum</code>,2,0.0006327
179,frite&eth;,<code>frite&amp;d;</code>,2,0.0006327
179,fruma,<code>fruma</code>,2,0.0006327
179,fugol,<code>fugol</code>,2,0.0006327
179,fultum,<code>fultum</code>,2,0.0006327
179,fyra,<code>fyra</code>,2,0.0006327
179,fyres,<code>fyres</code>,2,0.0006327
179,g,<code>g</code>,2,0.0006327
179,gastes,<code>gastes</code>,2,0.0006327
179,geador,<code>geador</code>,2,0.0006327
179,geara,<code>geara</code>,2,0.0006327
179,gebindan,<code>gebindan</code>,2,0.0006327
179,gebrengan,<code>gebrengan</code>,2,0.0006327
179,gecynd,<code>gecynd</code>,2,0.0006327
179,gecyndo,<code>gecyndo</code>,2,0.0006327
179,gehn&aelig;ge&eth;,<code>gehn&amp;ae;ge&amp;d;</code>,2,0.0006327
179,gehwam,<code>gehwam</code>,2,0.0006327
179,gehwane,<code>gehwane</code>,2,0.0006327
179,gehwylce,<code>gehwylce</code>,2,0.0006327
179,gesece&eth;,<code>gesece&amp;d;</code>,2,0.0006327
179,gestrude&eth;,<code>gestrude&amp;d;</code>,2,0.0006327
179,geweald,<code>geweald</code>,2,0.0006327
179,gife,<code>gife</code>,2,0.0006327
179,git,<code>git</code>,2,0.0006327
179,gode,<code>gode</code>,2,0.0006327
179,goldes,<code>goldes</code>,2,0.0006327
179,gr&aelig;dig,<code>gr&amp;ae;dig</code>,2,0.0006327
179,grimme,<code>grimme</code>,2,0.0006327
179,gripe,<code>gripe</code>,2,0.0006327
179,gu&eth;e,<code>gu&amp;d;e</code>,2,0.0006327
179,gumena,<code>gumena</code>,2,0.0006327
179,gylden,<code>gylden</code>,2,0.0006327
179,h&aelig;bbe,<code>h&amp;ae;bbe</code>,2,0.0006327
179,h&aelig;fde,<code>h&amp;ae;fde</code>,2,0.0006327
179,habba&eth;,<code>habba&amp;d;</code>,2,0.0006327
179,hand,<code>hand</code>,2,0.0006327
179,hearde,<code>hearde</code>,2,0.0006327
179,heht,<code>heht</code>,2,0.0006327
179,hierusalem,<code>hierusalem</code>,2,0.0006327
179,hige,<code>hige</code>,2,0.0006327
179,hio,<code>hio</code>,2,0.0006327
179,hornum,<code>hornum</code>,2,0.0006327
179,hungor,<code>hungor</code>,2,0.0006327
179,hwylc,<code>hwylc</code>,2,0.0006327
179,indea,<code>indea</code>,2,0.0006327
179,irenum,<code>irenum</code>,2,0.0006327
179,l&aelig;ce,<code>l&amp;ae;ce</code>,2,0.0006327
179,l&aelig;te&eth;,<code>l&amp;ae;te&amp;d;</code>,2,0.0006327
179,la&eth;,<code>la&amp;d;</code>,2,0.0006327
179,la&eth;an,<code>la&amp;d;an</code>,2,0.0006327
179,land,<code>land</code>,2,0.0006327
179,lare,<code>lare</code>,2,0.0006327
179,leaf,<code>leaf</code>,2,0.0006327
179,leng,<code>leng</code>,2,0.0006327
179,leodum,<code>leodum</code>,2,0.0006327
179,leohte,<code>leohte</code>,2,0.0006327
179,libia,<code>libia</code>,2,0.0006327
179,lifia&eth;,<code>lifia&amp;d;</code>,2,0.0006327
179,lige&eth;,<code>lige&amp;d;</code>,2,0.0006327
179,linan,<code>linan</code>,2,0.0006327
179,loca&eth;,<code>loca&amp;d;</code>,2,0.0006327
179,lond,<code>lond</code>,2,0.0006327
179,lonnum,<code>lonnum</code>,2,0.0006327
179,lytle,<code>lytle</code>,2,0.0006327
179,magan,<code>magan</code>,2,0.0006327
179,man,<code>man</code>,2,0.0006327
179,mane,<code>mane</code>,2,0.0006327
179,mannes,<code>mannes</code>,2,0.0006327
179,meahte,<code>meahte</code>,2,0.0006327
179,metodes,<code>metodes</code>,2,0.0006327
179,micle,<code>micle</code>,2,0.0006327
179,middangeardes,<code>middangeardes</code>,2,0.0006327
179,modsefan,<code>modsefan</code>,2,0.0006327
179,monn,<code>monn</code>,2,0.0006327
179,munt,<code>munt</code>,2,0.0006327
179,neah,<code>neah</code>,2,0.0006327
179,neahtes,<code>neahtes</code>,2,0.0006327
179,niehtes,<code>niehtes</code>,2,0.0006327
179,nieten,<code>nieten</code>,2,0.0006327
179,no,<code>no</code>,2,0.0006327
179,nor&eth;,<code>nor&amp;d;</code>,2,0.0006327
179,onfand,<code>onfand</code>,2,0.0006327
179,orda,<code>orda</code>,2,0.0006327
179,p,<code>p</code>,2,0.0006327
179,q,<code>q</code>,2,0.0006327
179,r,<code>r</code>,2,0.0006327
179,rapas,<code>rapas</code>,2,0.0006327
179,s,<code>s</code>,2,0.0006327
179,s&aelig;ge,<code>s&amp;ae;ge</code>,2,0.0006327
179,saga,<code>saga</code>,2,0.0006327
179,saule,<code>saule</code>,2,0.0006327
179,sceal,<code>sceal</code>,2,0.0006327
179,scyld,<code>scyld</code>,2,0.0006327
179,secan,<code>secan</code>,2,0.0006327
179,segn,<code>segn</code>,2,0.0006327
179,seofan,<code>seofan</code>,2,0.0006327
179,seofon,<code>seofon</code>,2,0.0006327
179,si&eth;&eth;an,<code>si&amp;d;&amp;d;an</code>,2,0.0006327
179,side,<code>side</code>,2,0.0006327
179,simle,<code>simle</code>,2,0.0006327
179,sindon,<code>sindon</code>,2,0.0006327
179,singan,<code>singan</code>,2,0.0006327
179,sn&aelig;d,<code>sn&amp;ae;d</code>,2,0.0006327
179,snaw,<code>snaw</code>,2,0.0006327
179,so&eth;,<code>so&amp;d;</code>,2,0.0006327
179,so&eth;e,<code>so&amp;d;e</code>,2,0.0006327
179,so&eth;f&aelig;stra,<code>so&amp;d;f&amp;ae;stra</code>,2,0.0006327
179,somod,<code>somod</code>,2,0.0006327
179,sorge,<code>sorge</code>,2,0.0006327
179,spane&eth;,<code>spane&amp;d;</code>,2,0.0006327
179,speru,<code>speru</code>,2,0.0006327
179,stica&eth;,<code>stica&amp;d;</code>,2,0.0006327
179,stige&eth;,<code>stige&amp;d;</code>,2,0.0006327
179,strengra,<code>strengra</code>,2,0.0006327
179,su&eth;,<code>su&amp;d;</code>,2,0.0006327
179,sunne,<code>sunne</code>,2,0.0006327
179,sweopan,<code>sweopan</code>,2,0.0006327
179,sweord,<code>sweord</code>,2,0.0006327
179,swilce,<code>swilce</code>,2,0.0006327
179,syllice,<code>syllice</code>,2,0.0006327
179,symle,<code>symle</code>,2,0.0006327
179,t,<code>t</code>,2,0.0006327
179,tomiddes,<code>tomiddes</code>,2,0.0006327
179,tungan,<code>tungan</code>,2,0.0006327
179,twegen,<code>twegen</code>,2,0.0006327
179,usic,<code>usic</code>,2,0.0006327
179,ut,<code>ut</code>,2,0.0006327
179,v,<code>v</code>,2,0.0006327
179,w&aelig;ron,<code>w&amp;ae;ron</code>,2,0.0006327
179,w&aelig;teres,<code>w&amp;ae;teres</code>,2,0.0006327
179,wa,<code>wa</code>,2,0.0006327
179,we,<code>we</code>,2,0.0006327
179,wealla&eth;,<code>wealla&amp;d;</code>,2,0.0006327
179,weallende,<code>weallende</code>,2,0.0006327
179,wena&eth;,<code>wena&amp;d;</code>,2,0.0006327
179,wic,<code>wic</code>,2,0.0006327
179,wige&eth;,<code>wige&amp;d;</code>,2,0.0006327
179,wiht,<code>wiht</code>,2,0.0006327
179,wihte,<code>wihte</code>,2,0.0006327
179,wildeora,<code>wildeora</code>,2,0.0006327
179,winne&eth;,<code>winne&amp;d;</code>,2,0.0006327
179,wintra,<code>wintra</code>,2,0.0006327
179,wisdom,<code>wisdom</code>,2,0.0006327
179,witan,<code>witan</code>,2,0.0006327
179,wite,<code>wite</code>,2,0.0006327
179,wlite,<code>wlite</code>,2,0.0006327
179,wopes,<code>wopes</code>,2,0.0006327
179,worn,<code>worn</code>,2,0.0006327
179,worold,<code>worold</code>,2,0.0006327
179,wuldre,<code>wuldre</code>,2,0.0006327
179,wulf,<code>wulf</code>,2,0.0006327
179,wylm,<code>wylm</code>,2,0.0006327
179,wyrsa,<code>wyrsa</code>,2,0.0006327
179,xxx,<code>xxx</code>,2,0.0006327
397,&aelig;&eth;ela,<code>&amp;ae;&amp;d;ela</code>,1,0.0003164
397,&aelig;&eth;eling,<code>&amp;ae;&amp;d;eling</code>,1,0.0003164
397,&aelig;dran,<code>&amp;ae;dran</code>,1,0.0003164
397,&aelig;f&eth;ancum,<code>&amp;ae;f&amp;d;ancum</code>,1,0.0003164
397,&aelig;ghw&aelig;&eth;er,<code>&amp;ae;ghw&amp;ae;&amp;d;er</code>,1,0.0003164
397,&aelig;ghw&aelig;s,<code>&amp;ae;ghw&amp;ae;s</code>,1,0.0003164
397,&aelig;hte,<code>&amp;ae;hte</code>,1,0.0003164
397,&aelig;led,<code>&amp;ae;led</code>,1,0.0003164
397,&aelig;lmihtig,<code>&amp;ae;lmihtig</code>,1,0.0003164
397,&aelig;lmihtigum,<code>&amp;ae;lmihtigum</code>,1,0.0003164
397,&aelig;rene,<code>&amp;ae;rene</code>,1,0.0003164
397,&aelig;ror,<code>&amp;ae;ror</code>,1,0.0003164
397,&aelig;tg&aelig;dre,<code>&amp;ae;tg&amp;ae;dre</code>,1,0.0003164
397,&eth;as,<code>&amp;d;as</code>,1,0.0003164
397,&eth;earle,<code>&amp;d;earle</code>,1,0.0003164
397,&eth;ec,<code>&amp;d;ec</code>,1,0.0003164
397,&eth;ecelan,<code>&amp;d;ecelan</code>,1,0.0003164
397,&eth;egn,<code>&amp;d;egn</code>,1,0.0003164
397,&eth;eh,<code>&amp;d;eh</code>,1,0.0003164
397,&eth;eod,<code>&amp;d;eod</code>,1,0.0003164
397,&eth;eoden,<code>&amp;d;eoden</code>,1,0.0003164
397,&eth;eos,<code>&amp;d;eos</code>,1,0.0003164
397,&eth;es,<code>&amp;d;es</code>,1,0.0003164
397,&eth;iestrost,<code>&amp;d;iestrost</code>,1,0.0003164
397,&eth;ine,<code>&amp;d;ine</code>,1,0.0003164
397,&eth;is,<code>&amp;d;is</code>,1,0.0003164
397,&eth;issa,<code>&amp;d;issa</code>,1,0.0003164
397,&eth;isses,<code>&amp;d;isses</code>,1,0.0003164
397,&eth;issum,<code>&amp;d;issum</code>,1,0.0003164
397,&eth;rage,<code>&amp;d;rage</code>,1,0.0003164
397,&eth;reoteno,<code>&amp;d;reoteno</code>,1,0.0003164
397,&eth;ridda,<code>&amp;d;ridda</code>,1,0.0003164
397,&eth;rowian,<code>&amp;d;rowian</code>,1,0.0003164
397,&eth;rym,<code>&amp;d;rym</code>,1,0.0003164
397,&eth;urst,<code>&amp;d;urst</code>,1,0.0003164
397,&eth;usend,<code>&amp;d;usend</code>,1,0.0003164
397,&eth;usendgerimes,<code>&amp;d;usendgerimes</code>,1,0.0003164
397,&eth;ycgganne,<code>&amp;d;ycgganne</code>,1,0.0003164
397,&eth;ynce&eth;,<code>&amp;d;ynce&amp;d;</code>,1,0.0003164
397,&#275;ngestan,<code>&amp;e;ngestan</code>,1,0.0003164
397,&thorn;&aelig;s,<code>&amp;t;&amp;ae;s</code>,1,0.0003164
397,&thorn;e,<code>&amp;t;e</code>,1,0.0003164
397,&thorn;eoden,<code>&amp;t;eoden</code>,1,0.0003164
397,&thorn;onne,<code>&amp;t;onne</code>,1,0.0003164
397,&thorn;u,<code>&amp;t;u</code>,1,0.0003164
397,a&eth;reotan,<code>a&amp;d;reotan</code>,1,0.0003164
397,a&eth;reote&eth;,<code>a&amp;d;reote&amp;d;</code>,1,0.0003164
397,a&eth;ringan,<code>a&amp;d;ringan</code>,1,0.0003164
397,ab&aelig;de,<code>ab&amp;ae;de</code>,1,0.0003164
397,abanne,<code>abanne</code>,1,0.0003164
397,abelgan,<code>abelgan</code>,1,0.0003164
397,abite&eth;,<code>abite&amp;d;</code>,1,0.0003164
397,abredan,<code>abredan</code>,1,0.0003164
397,abreote&eth;,<code>abreote&amp;d;</code>,1,0.0003164
397,acende,<code>acende</code>,1,0.0003164
397,adreogan,<code>adreogan</code>,1,0.0003164
397,adw&aelig;sce&eth;,<code>adw&amp;ae;sce&amp;d;</code>,1,0.0003164
397,afede&eth;,<code>afede&amp;d;</code>,1,0.0003164
397,afielde,<code>afielde</code>,1,0.0003164
397,afille&eth;,<code>afille&amp;d;</code>,1,0.0003164
397,afran,<code>afran</code>,1,0.0003164
397,age,<code>age</code>,1,0.0003164
397,agen,<code>agen</code>,1,0.0003164
397,ahie&eth;e&eth;,<code>ahie&amp;d;e&amp;d;</code>,1,0.0003164
397,ahlog,<code>ahlog</code>,1,0.0003164
397,aldor,<code>aldor</code>,1,0.0003164
397,amyrga&eth;,<code>amyrga&amp;d;</code>,1,0.0003164
397,ane,<code>ane</code>,1,0.0003164
397,anne,<code>anne</code>,1,0.0003164
397,annunga,<code>annunga</code>,1,0.0003164
397,ans&aelig;ce&eth;,<code>ans&amp;ae;ce&amp;d;</code>,1,0.0003164
397,anum,<code>anum</code>,1,0.0003164
397,aplum,<code>aplum</code>,1,0.0003164
397,arabia,<code>arabia</code>,1,0.0003164
397,are,<code>are</code>,1,0.0003164
397,arunnen,<code>arunnen</code>,1,0.0003164
397,asceadan,<code>asceadan</code>,1,0.0003164
397,aspyrian,<code>aspyrian</code>,1,0.0003164
397,ast&aelig;ned,<code>ast&amp;ae;ned</code>,1,0.0003164
397,astyre&eth;,<code>astyre&amp;d;</code>,1,0.0003164
397,atercynn,<code>atercynn</code>,1,0.0003164
397,atol,<code>atol</code>,1,0.0003164
397,atole,<code>atole</code>,1,0.0003164
397,attres,<code>attres</code>,1,0.0003164
397,awa,<code>awa</code>,1,0.0003164
397,aweaxen,<code>aweaxen</code>,1,0.0003164
397,awece&eth;,<code>awece&amp;d;</code>,1,0.0003164
397,aweorp,<code>aweorp</code>,1,0.0003164
397,awrite&eth;,<code>awrite&amp;d;</code>,1,0.0003164
397,b&aelig;&eth;,<code>b&amp;ae;&amp;d;</code>,1,0.0003164
397,b&aelig;rne&eth;,<code>b&amp;ae;rne&amp;d;</code>,1,0.0003164
397,baldlice,<code>baldlice</code>,1,0.0003164
397,ban,<code>ban</code>,1,0.0003164
397,banan,<code>banan</code>,1,0.0003164
397,bancofan,<code>bancofan</code>,1,0.0003164
397,be&eth;eahte,<code>be&amp;d;eahte</code>,1,0.0003164
397,beam,<code>beam</code>,1,0.0003164
397,bearm,<code>bearm</code>,1,0.0003164
397,bearnes,<code>bearnes</code>,1,0.0003164
397,beate&eth;,<code>beate&amp;d;</code>,1,0.0003164
397,bebead,<code>bebead</code>,1,0.0003164
397,bebrice&eth;,<code>bebrice&amp;d;</code>,1,0.0003164
397,beclemme,<code>beclemme</code>,1,0.0003164
397,bed&aelig;led,<code>bed&amp;ae;led</code>,1,0.0003164
397,begonganne,<code>begonganne</code>,1,0.0003164
397,begyrda&eth;,<code>begyrda&amp;d;</code>,1,0.0003164
397,behealdan,<code>behealdan</code>,1,0.0003164
397,behelmed,<code>behelmed</code>,1,0.0003164
397,behyde&eth;,<code>behyde&amp;d;</code>,1,0.0003164
397,belucan,<code>belucan</code>,1,0.0003164
397,bemurna&eth;,<code>bemurna&amp;d;</code>,1,0.0003164
397,beorhtan,<code>beorhtan</code>,1,0.0003164
397,besceade&eth;,<code>besceade&amp;d;</code>,1,0.0003164
397,besceawa&eth;,<code>besceawa&amp;d;</code>,1,0.0003164
397,beswican,<code>beswican</code>,1,0.0003164
397,betra,<code>betra</code>,1,0.0003164
397,betynan,<code>betynan</code>,1,0.0003164
397,bewrih&eth;,<code>bewrih&amp;d;</code>,1,0.0003164
397,beyrn,<code>beyrn</code>,1,0.0003164
397,biddan,<code>biddan</code>,1,0.0003164
397,bide&eth;,<code>bide&amp;d;</code>,1,0.0003164
397,biga&eth;,<code>biga&amp;d;</code>,1,0.0003164
397,bill,<code>bill</code>,1,0.0003164
397,bismorlice,<code>bismorlice</code>,1,0.0003164
397,bittres,<code>bittres</code>,1,0.0003164
397,bl&aelig;des,<code>bl&amp;ae;des</code>,1,0.0003164
397,blace,<code>blace</code>,1,0.0003164
397,blacere,<code>blacere</code>,1,0.0003164
397,bleda&eth;,<code>bleda&amp;d;</code>,1,0.0003164
397,bleoum,<code>bleoum</code>,1,0.0003164
397,blican,<code>blican</code>,1,0.0003164
397,blisse,<code>blisse</code>,1,0.0003164
397,blodige,<code>blodige</code>,1,0.0003164
397,bocstafa,<code>bocstafa</code>,1,0.0003164
397,bocstafas,<code>bocstafas</code>,1,0.0003164
397,bodia&eth;,<code>bodia&amp;d;</code>,1,0.0003164
397,boldgetimbru,<code>boldgetimbru</code>,1,0.0003164
397,br&aelig;c,<code>br&amp;ae;c</code>,1,0.0003164
397,brad,<code>brad</code>,1,0.0003164
397,breca&eth;,<code>breca&amp;d;</code>,1,0.0003164
397,brecan,<code>brecan</code>,1,0.0003164
397,bregda&eth;,<code>bregda&amp;d;</code>,1,0.0003164
397,bregde&eth;,<code>bregde&amp;d;</code>,1,0.0003164
397,brego,<code>brego</code>,1,0.0003164
397,breme,<code>breme</code>,1,0.0003164
397,bremra,<code>bremra</code>,1,0.0003164
397,brenge&eth;,<code>brenge&amp;d;</code>,1,0.0003164
397,breosttoga,<code>breosttoga</code>,1,0.0003164
397,brice&eth;,<code>brice&amp;d;</code>,1,0.0003164
397,briece&eth;,<code>briece&amp;d;</code>,1,0.0003164
397,bringan,<code>bringan</code>,1,0.0003164
397,bro&eth;or,<code>bro&amp;d;or</code>,1,0.0003164
397,brucan,<code>brucan</code>,1,0.0003164
397,bryce&eth;,<code>bryce&amp;d;</code>,1,0.0003164
397,bryne,<code>bryne</code>,1,0.0003164
397,bu,<code>bu</code>,1,0.0003164
397,bu&eth;anasan,<code>bu&amp;d;anasan</code>,1,0.0003164
397,burga,<code>burga</code>,1,0.0003164
397,byr&eth;en,<code>byr&amp;d;en</code>,1,0.0003164
397,byre&eth;,<code>byre&amp;d;</code>,1,0.0003164
397,byrgenna,<code>byrgenna</code>,1,0.0003164
397,byrnan,<code>byrnan</code>,1,0.0003164
397,bysig,<code>bysig</code>,1,0.0003164
397,c&aelig;ga,<code>c&amp;ae;ga</code>,1,0.0003164
397,calendcwide,<code>calendcwide</code>,1,0.0003164
397,cantices,<code>cantices</code>,1,0.0003164
397,cappadocia,<code>cappadocia</code>,1,0.0003164
397,cealde,<code>cealde</code>,1,0.0003164
397,ceastre,<code>ceastre</code>,1,0.0003164
397,cempan,<code>cempan</code>,1,0.0003164
397,ces,<code>ces</code>,1,0.0003164
397,ci&eth;,<code>ci&amp;d;</code>,1,0.0003164
397,cile,<code>cile</code>,1,0.0003164
397,cirican,<code>cirican</code>,1,0.0003164
397,cl&aelig;nsa&eth;,<code>cl&amp;ae;nsa&amp;d;</code>,1,0.0003164
397,cludas,<code>cludas</code>,1,0.0003164
397,clusum,<code>clusum</code>,1,0.0003164
397,clymme&eth;,<code>clymme&amp;d;</code>,1,0.0003164
397,coferflod,<code>coferflod</code>,1,0.0003164
397,coforflod,<code>coforflod</code>,1,0.0003164
397,coreffes,<code>coreffes</code>,1,0.0003164
397,corsias,<code>corsias</code>,1,0.0003164
397,cr&aelig;ft,<code>cr&amp;ae;ft</code>,1,0.0003164
397,cr&aelig;fte,<code>cr&amp;ae;fte</code>,1,0.0003164
397,cr&aelig;ftes,<code>cr&amp;ae;ftes</code>,1,0.0003164
397,cr&aelig;ftig,<code>cr&amp;ae;ftig</code>,1,0.0003164
397,crist,<code>crist</code>,1,0.0003164
397,criste,<code>criste</code>,1,0.0003164
397,cristna&eth;,<code>cristna&amp;d;</code>,1,0.0003164
397,cu&eth;,<code>cu&amp;d;</code>,1,0.0003164
397,cuiclifigende,<code>cuiclifigende</code>,1,0.0003164
397,cunnon,<code>cunnon</code>,1,0.0003164
397,cuom,<code>cuom</code>,1,0.0003164
397,cwa&eth;,<code>cwa&amp;d;</code>,1,0.0003164
397,cwealme,<code>cwealme</code>,1,0.0003164
397,cweme,<code>cweme</code>,1,0.0003164
397,cwicra,<code>cwicra</code>,1,0.0003164
397,cwicum,<code>cwicum</code>,1,0.0003164
397,cwom,<code>cwom</code>,1,0.0003164
397,cwyde,<code>cwyde</code>,1,0.0003164
397,cy&eth;&eth;e,<code>cy&amp;d;&amp;d;e</code>,1,0.0003164
397,cyning,<code>cyning</code>,1,0.0003164
397,cynn,<code>cynn</code>,1,0.0003164
397,d&aelig;dfruman,<code>d&amp;ae;dfruman</code>,1,0.0003164
397,d&aelig;dum,<code>d&amp;ae;dum</code>,1,0.0003164
397,d&aelig;ge,<code>d&amp;ae;ge</code>,1,0.0003164
397,d&aelig;glongne,<code>d&amp;ae;glongne</code>,1,0.0003164
397,d&aelig;gred,<code>d&amp;ae;gred</code>,1,0.0003164
397,d&aelig;le,<code>d&amp;ae;le</code>,1,0.0003164
397,daga,<code>daga</code>,1,0.0003164
397,dea&eth;e,<code>dea&amp;d;e</code>,1,0.0003164
397,dea&eth;es,<code>dea&amp;d;es</code>,1,0.0003164
397,deafra,<code>deafra</code>,1,0.0003164
397,dear,<code>dear</code>,1,0.0003164
397,deman,<code>deman</code>,1,0.0003164
397,dene,<code>dene</code>,1,0.0003164
397,deofle,<code>deofle</code>,1,0.0003164
397,deor,<code>deor</code>,1,0.0003164
397,deoran,<code>deoran</code>,1,0.0003164
397,deores,<code>deores</code>,1,0.0003164
397,deorra,<code>deorra</code>,1,0.0003164
397,dierne,<code>dierne</code>,1,0.0003164
397,dohtor,<code>dohtor</code>,1,0.0003164
397,dol,<code>dol</code>,1,0.0003164
397,domd&aelig;ge,<code>domd&amp;ae;ge</code>,1,0.0003164
397,domd&aelig;ges,<code>domd&amp;ae;ges</code>,1,0.0003164
397,don,<code>don</code>,1,0.0003164
397,draca,<code>draca</code>,1,0.0003164
397,dracena,<code>dracena</code>,1,0.0003164
397,dreor,<code>dreor</code>,1,0.0003164
397,dreose&eth;,<code>dreose&amp;d;</code>,1,0.0003164
397,drohta&eth;,<code>drohta&amp;d;</code>,1,0.0003164
397,dropan,<code>dropan</code>,1,0.0003164
397,dryhtscipes,<code>dryhtscipes</code>,1,0.0003164
397,dugo&eth;,<code>dugo&amp;d;</code>,1,0.0003164
397,dugu&eth;um,<code>dugu&amp;d;um</code>,1,0.0003164
397,dumba,<code>dumba</code>,1,0.0003164
397,dumbra,<code>dumbra</code>,1,0.0003164
397,dune,<code>dune</code>,1,0.0003164
397,dyn,<code>dyn</code>,1,0.0003164
397,dynn,<code>dynn</code>,1,0.0003164
397,dynta,<code>dynta</code>,1,0.0003164
397,dyslice,<code>dyslice</code>,1,0.0003164
397,e&eth;,<code>e&amp;d;</code>,1,0.0003164
397,e&eth;el,<code>e&amp;d;el</code>,1,0.0003164
397,e&eth;elrices,<code>e&amp;d;elrices</code>,1,0.0003164
397,e&eth;le,<code>e&amp;d;le</code>,1,0.0003164
397,ea&eth;e,<code>ea&amp;d;e</code>,1,0.0003164
397,ea&eth;ost,<code>ea&amp;d;ost</code>,1,0.0003164
397,eaca,<code>eaca</code>,1,0.0003164
397,eadgum,<code>eadgum</code>,1,0.0003164
397,eadiges,<code>eadiges</code>,1,0.0003164
397,eald,<code>eald</code>,1,0.0003164
397,eallenga,<code>eallenga</code>,1,0.0003164
397,eard,<code>eard</code>,1,0.0003164
397,earde,<code>earde</code>,1,0.0003164
397,eardian,<code>eardian</code>,1,0.0003164
397,earfe&eth;a,<code>earfe&amp;d;a</code>,1,0.0003164
397,earfo&eth;u,<code>earfo&amp;d;u</code>,1,0.0003164
397,earhfare,<code>earhfare</code>,1,0.0003164
397,earnas,<code>earnas</code>,1,0.0003164
397,eart,<code>eart</code>,1,0.0003164
397,east,<code>east</code>,1,0.0003164
397,ecgge,<code>ecgge</code>,1,0.0003164
397,ecggum,<code>ecggum</code>,1,0.0003164
397,edwende,<code>edwende</code>,1,0.0003164
397,edwittes,<code>edwittes</code>,1,0.0003164
397,ege,<code>ege</code>,1,0.0003164
397,egesan,<code>egesan</code>,1,0.0003164
397,egesfullicran,<code>egesfullicran</code>,1,0.0003164
397,egeslice,<code>egeslice</code>,1,0.0003164
397,egipta,<code>egipta</code>,1,0.0003164
397,egna,<code>egna</code>,1,0.0003164
397,elnes,<code>elnes</code>,1,0.0003164
397,ende,<code>ende</code>,1,0.0003164
397,englum,<code>englum</code>,1,0.0003164
397,eor&eth;welan,<code>eor&amp;d;welan</code>,1,0.0003164
397,eor&thorn;an,<code>eor&amp;t;an</code>,1,0.0003164
397,eorlscipes,<code>eorlscipes</code>,1,0.0003164
397,eormenstrynde,<code>eormenstrynde</code>,1,0.0003164
397,eorre,<code>eorre</code>,1,0.0003164
397,f&aelig;&eth;me,<code>f&amp;ae;&amp;d;me</code>,1,0.0003164
397,f&aelig;g&aelig;s,<code>f&amp;ae;g&amp;ae;s</code>,1,0.0003164
397,f&aelig;st,<code>f&amp;ae;st</code>,1,0.0003164
397,f&aelig;sten,<code>f&amp;ae;sten</code>,1,0.0003164
397,f&aelig;stenne,<code>f&amp;ae;stenne</code>,1,0.0003164
397,famig,<code>famig</code>,1,0.0003164
397,fara&eth;,<code>fara&amp;d;</code>,1,0.0003164
397,fe&eth;erhoman,<code>fe&amp;d;erhoman</code>,1,0.0003164
397,fe&eth;ersceatum,<code>fe&amp;d;ersceatum</code>,1,0.0003164
397,fealewia&eth;,<code>fealewia&amp;d;</code>,1,0.0003164
397,fealla&eth;,<code>fealla&amp;d;</code>,1,0.0003164
397,fealle&eth;,<code>fealle&amp;d;</code>,1,0.0003164
397,feax,<code>feax</code>,1,0.0003164
397,feaxe,<code>feaxe</code>,1,0.0003164
397,feld,<code>feld</code>,1,0.0003164
397,felda,<code>felda</code>,1,0.0003164
397,feng,<code>feng</code>,1,0.0003164
397,fengon,<code>fengon</code>,1,0.0003164
397,feohgestreona,<code>feohgestreona</code>,1,0.0003164
397,feohta&eth;,<code>feohta&amp;d;</code>,1,0.0003164
397,feohte&eth;,<code>feohte&amp;d;</code>,1,0.0003164
397,feohtende,<code>feohtende</code>,1,0.0003164
397,feondas,<code>feondas</code>,1,0.0003164
397,feonde,<code>feonde</code>,1,0.0003164
397,feondes,<code>feondes</code>,1,0.0003164
397,feondum,<code>feondum</code>,1,0.0003164
397,feor,<code>feor</code>,1,0.0003164
397,feorbuende,<code>feorbuende</code>,1,0.0003164
397,feorran,<code>feorran</code>,1,0.0003164
397,feower,<code>feower</code>,1,0.0003164
397,fere&eth;,<code>fere&amp;d;</code>,1,0.0003164
397,ferh&eth;,<code>ferh&amp;d;</code>,1,0.0003164
397,ferie,<code>ferie</code>,1,0.0003164
397,ferigend,<code>ferigend</code>,1,0.0003164
397,fet,<code>fet</code>,1,0.0003164
397,feterum,<code>feterum</code>,1,0.0003164
397,fi&eth;eru,<code>fi&amp;d;eru</code>,1,0.0003164
397,fifm&aelig;gnum,<code>fifm&amp;ae;gnum</code>,1,0.0003164
397,fiftigum,<code>fiftigum</code>,1,0.0003164
397,findan,<code>findan</code>,1,0.0003164
397,fisc,<code>fisc</code>,1,0.0003164
397,fisca,<code>fisca</code>,1,0.0003164
397,fl&aelig;schoman,<code>fl&amp;ae;schoman</code>,1,0.0003164
397,flana,<code>flana</code>,1,0.0003164
397,fleonde,<code>fleonde</code>,1,0.0003164
397,fleondne,<code>fleondne</code>,1,0.0003164
397,flet,<code>flet</code>,1,0.0003164
397,flint,<code>flint</code>,1,0.0003164
397,flitan,<code>flitan</code>,1,0.0003164
397,flotan,<code>flotan</code>,1,0.0003164
397,flowan,<code>flowan</code>,1,0.0003164
397,flyht,<code>flyht</code>,1,0.0003164
397,folces,<code>folces</code>,1,0.0003164
397,folctogan,<code>folctogan</code>,1,0.0003164
397,folgo&eth;,<code>folgo&amp;d;</code>,1,0.0003164
397,folme,<code>folme</code>,1,0.0003164
397,for,<code>for</code>,1,0.0003164
397,for&eth;,<code>for&amp;d;</code>,1,0.0003164
397,forcinna&eth;,<code>forcinna&amp;d;</code>,1,0.0003164
397,forcy&eth;&eth;ed,<code>forcy&amp;d;&amp;d;ed</code>,1,0.0003164
397,forcy&eth;ed,<code>forcy&amp;d;ed</code>,1,0.0003164
397,foreweard,<code>foreweard</code>,1,0.0003164
397,forildan,<code>forildan</code>,1,0.0003164
397,forlet,<code>forlet</code>,1,0.0003164
397,forscrife&eth;,<code>forscrife&amp;d;</code>,1,0.0003164
397,forstes,<code>forstes</code>,1,0.0003164
397,forweornia&eth;,<code>forweornia&amp;d;</code>,1,0.0003164
397,fr&aelig;cnan,<code>fr&amp;ae;cnan</code>,1,0.0003164
397,fraco&eth;,<code>fraco&amp;d;</code>,1,0.0003164
397,fraco&eth;ast,<code>fraco&amp;d;ast</code>,1,0.0003164
397,frean,<code>frean</code>,1,0.0003164
397,fremdne,<code>fremdne</code>,1,0.0003164
397,fremede,<code>fremede</code>,1,0.0003164
397,freond,<code>freond</code>,1,0.0003164
397,fricge,<code>fricge</code>,1,0.0003164
397,frine&eth;,<code>frine&amp;d;</code>,1,0.0003164
397,frode,<code>frode</code>,1,0.0003164
397,from,<code>from</code>,1,0.0003164
397,frome,<code>frome</code>,1,0.0003164
397,fruman,<code>fruman</code>,1,0.0003164
397,frumsceaft,<code>frumsceaft</code>,1,0.0003164
397,frumscylda,<code>frumscylda</code>,1,0.0003164
397,fugles,<code>fugles</code>,1,0.0003164
397,fulle,<code>fulle</code>,1,0.0003164
397,fus,<code>fus</code>,1,0.0003164
397,fylge&eth;,<code>fylge&amp;d;</code>,1,0.0003164
397,fyrenes,<code>fyrenes</code>,1,0.0003164
397,fyrn,<code>fyrn</code>,1,0.0003164
397,fyrndagum,<code>fyrndagum</code>,1,0.0003164
397,fyrngewrytum,<code>fyrngewrytum</code>,1,0.0003164
397,fyrst,<code>fyrst</code>,1,0.0003164
397,fyrwet,<code>fyrwet</code>,1,0.0003164
397,fyrwit,<code>fyrwit</code>,1,0.0003164
397,g&aelig;d,<code>g&amp;ae;d</code>,1,0.0003164
397,g&aelig;st,<code>g&amp;ae;st</code>,1,0.0003164
397,g&aelig;stes,<code>g&amp;ae;stes</code>,1,0.0003164
397,gade,<code>gade</code>,1,0.0003164
397,galilea,<code>galilea</code>,1,0.0003164
397,gangan,<code>gangan</code>,1,0.0003164
397,gartorn,<code>gartorn</code>,1,0.0003164
397,gastas,<code>gastas</code>,1,0.0003164
397,ge&aelig;fnan,<code>ge&amp;ae;fnan</code>,1,0.0003164
397,ge&eth;encan,<code>ge&amp;d;encan</code>,1,0.0003164
397,ge&eth;oht,<code>ge&amp;d;oht</code>,1,0.0003164
397,ge&eth;reata&eth;,<code>ge&amp;d;reata&amp;d;</code>,1,0.0003164
397,ge&eth;y&eth;,<code>ge&amp;d;y&amp;d;</code>,1,0.0003164
397,geaf,<code>geaf</code>,1,0.0003164
397,geallboe,<code>geallboe</code>,1,0.0003164
397,geapa,<code>geapa</code>,1,0.0003164
397,geard,<code>geard</code>,1,0.0003164
397,geardas,<code>geardas</code>,1,0.0003164
397,geat,<code>geat</code>,1,0.0003164
397,gebede,<code>gebede</code>,1,0.0003164
397,gebendan,<code>gebendan</code>,1,0.0003164
397,gebisigod,<code>gebisigod</code>,1,0.0003164
397,geblissa&eth;,<code>geblissa&amp;d;</code>,1,0.0003164
397,gebregdstafas,<code>gebregdstafas</code>,1,0.0003164
397,gebrengest,<code>gebrengest</code>,1,0.0003164
397,gebringest,<code>gebringest</code>,1,0.0003164
397,gebryce&eth;,<code>gebryce&amp;d;</code>,1,0.0003164
397,gebryrded,<code>gebryrded</code>,1,0.0003164
397,gebyrd,<code>gebyrd</code>,1,0.0003164
397,geceosan,<code>geceosan</code>,1,0.0003164
397,geclungne,<code>geclungne</code>,1,0.0003164
397,gecosta&eth;,<code>gecosta&amp;d;</code>,1,0.0003164
397,gecy&eth;don,<code>gecy&amp;d;don</code>,1,0.0003164
397,gecy&eth;e&eth;,<code>gecy&amp;d;e&amp;d;</code>,1,0.0003164
397,ged&aelig;lan,<code>ged&amp;ae;lan</code>,1,0.0003164
397,ged&aelig;led,<code>ged&amp;ae;led</code>,1,0.0003164
397,gedegdon,<code>gedegdon</code>,1,0.0003164
397,gedrefed,<code>gedrefed</code>,1,0.0003164
397,geearnunga,<code>geearnunga</code>,1,0.0003164
397,gef&aelig;stna&eth;,<code>gef&amp;ae;stna&amp;d;</code>,1,0.0003164
397,gefealla&eth;,<code>gefealla&amp;d;</code>,1,0.0003164
397,gefeccan,<code>gefeccan</code>,1,0.0003164
397,gefered,<code>gefered</code>,1,0.0003164
397,gefetera&eth;,<code>gefetera&amp;d;</code>,1,0.0003164
397,gefleogan,<code>gefleogan</code>,1,0.0003164
397,geflitu,<code>geflitu</code>,1,0.0003164
397,geflitum,<code>geflitum</code>,1,0.0003164
397,gefr&aelig;gn,<code>gefr&amp;ae;gn</code>,1,0.0003164
397,gefylle&eth;,<code>gefylle&amp;d;</code>,1,0.0003164
397,gegangan,<code>gegangan</code>,1,0.0003164
397,gegange&eth;,<code>gegange&amp;d;</code>,1,0.0003164
397,gegnum,<code>gegnum</code>,1,0.0003164
397,gegoten,<code>gegoten</code>,1,0.0003164
397,gegripe&eth;,<code>gegripe&amp;d;</code>,1,0.0003164
397,geheawe&eth;,<code>geheawe&amp;d;</code>,1,0.0003164
397,gehefega&eth;,<code>gehefega&amp;d;</code>,1,0.0003164
397,geherian,<code>geherian</code>,1,0.0003164
397,gehiere,<code>gehiere</code>,1,0.0003164
397,gehiran,<code>gehiran</code>,1,0.0003164
397,gehn&aelig;ga&eth;,<code>gehn&amp;ae;ga&amp;d;</code>,1,0.0003164
397,gehreosan,<code>gehreosan</code>,1,0.0003164
397,gehw&aelig;s,<code>gehw&amp;ae;s</code>,1,0.0003164
397,gehwelce,<code>gehwelce</code>,1,0.0003164
397,gehwylces,<code>gehwylces</code>,1,0.0003164
397,gehwylcum,<code>gehwylcum</code>,1,0.0003164
397,gehygdo,<code>gehygdo</code>,1,0.0003164
397,gehyrde,<code>gehyrde</code>,1,0.0003164
397,gehyre,<code>gehyre</code>,1,0.0003164
397,gel&aelig;de&eth;,<code>gel&amp;ae;de&amp;d;</code>,1,0.0003164
397,gelic,<code>gelic</code>,1,0.0003164
397,gelice,<code>gelice</code>,1,0.0003164
397,gelicost,<code>gelicost</code>,1,0.0003164
397,gelome,<code>gelome</code>,1,0.0003164
397,gelomp,<code>gelomp</code>,1,0.0003164
397,gem&aelig;re,<code>gem&amp;ae;re</code>,1,0.0003164
397,gemenge&eth;,<code>gemenge&amp;d;</code>,1,0.0003164
397,gemetigian,<code>gemetigian</code>,1,0.0003164
397,gemiltsa&eth;,<code>gemiltsa&amp;d;</code>,1,0.0003164
397,gen&aelig;man,<code>gen&amp;ae;man</code>,1,0.0003164
397,gena,<code>gena</code>,1,0.0003164
397,geomorlice,<code>geomorlice</code>,1,0.0003164
397,geomrende,<code>geomrende</code>,1,0.0003164
397,geomrian,<code>geomrian</code>,1,0.0003164
397,geondhwearf,<code>geondhwearf</code>,1,0.0003164
397,geondscinan,<code>geondscinan</code>,1,0.0003164
397,geong,<code>geong</code>,1,0.0003164
397,geonges,<code>geonges</code>,1,0.0003164
397,geornlice,<code>geornlice</code>,1,0.0003164
397,geota&eth;,<code>geota&amp;d;</code>,1,0.0003164
397,geowes,<code>geowes</code>,1,0.0003164
397,gepalmtwigede,<code>gepalmtwigede</code>,1,0.0003164
397,gepalmtwigoda,<code>gepalmtwigoda</code>,1,0.0003164
397,ger,<code>ger</code>,1,0.0003164
397,ger&aelig;can,<code>ger&amp;ae;can</code>,1,0.0003164
397,ger&aelig;swa,<code>ger&amp;ae;swa</code>,1,0.0003164
397,ges&aelig;le&eth;,<code>ges&amp;ae;le&amp;d;</code>,1,0.0003164
397,ges&aelig;lgost,<code>ges&amp;ae;lgost</code>,1,0.0003164
397,gesamnod,<code>gesamnod</code>,1,0.0003164
397,gesc&aelig;ned,<code>gesc&amp;ae;ned</code>,1,0.0003164
397,gesceafta,<code>gesceafta</code>,1,0.0003164
397,gesceaftum,<code>gesceaftum</code>,1,0.0003164
397,gescop,<code>gescop</code>,1,0.0003164
397,gesecan,<code>gesecan</code>,1,0.0003164
397,gesegled,<code>gesegled</code>,1,0.0003164
397,gesegna&eth;,<code>gesegna&amp;d;</code>,1,0.0003164
397,gesegnod,<code>gesegnod</code>,1,0.0003164
397,geseme,<code>geseme</code>,1,0.0003164
397,gesemes&eth;,<code>gesemes&amp;d;</code>,1,0.0003164
397,gesi&eth;as,<code>gesi&amp;d;as</code>,1,0.0003164
397,gesi&eth;um,<code>gesi&amp;d;um</code>,1,0.0003164
397,gesiehst,<code>gesiehst</code>,1,0.0003164
397,gesiene,<code>gesiene</code>,1,0.0003164
397,gesih&eth;,<code>gesih&amp;d;</code>,1,0.0003164
397,gesih&eth;e,<code>gesih&amp;d;e</code>,1,0.0003164
397,gest&aelig;ppan,<code>gest&amp;ae;ppan</code>,1,0.0003164
397,gesta&eth;elia&eth;,<code>gesta&amp;d;elia&amp;d;</code>,1,0.0003164
397,gestilled,<code>gestilled</code>,1,0.0003164
397,gestondan,<code>gestondan</code>,1,0.0003164
397,gestranga&eth;,<code>gestranga&amp;d;</code>,1,0.0003164
397,gesund,<code>gesund</code>,1,0.0003164
397,geswencan,<code>geswencan</code>,1,0.0003164
397,geswi&eth;ed,<code>geswi&amp;d;ed</code>,1,0.0003164
397,geswican,<code>geswican</code>,1,0.0003164
397,gesyfle&eth;,<code>gesyfle&amp;d;</code>,1,0.0003164
397,get&aelig;lrime,<code>get&amp;ae;lrime</code>,1,0.0003164
397,geteo,<code>geteo</code>,1,0.0003164
397,getige&eth;,<code>getige&amp;d;</code>,1,0.0003164
397,getimbre&eth;,<code>getimbre&amp;d;</code>,1,0.0003164
397,getrumum,<code>getrumum</code>,1,0.0003164
397,getuinnas,<code>getuinnas</code>,1,0.0003164
397,getwinnas,<code>getwinnas</code>,1,0.0003164
397,geunne,<code>geunne</code>,1,0.0003164
397,gewenda&eth;,<code>gewenda&amp;d;</code>,1,0.0003164
397,gewende&eth;,<code>gewende&amp;d;</code>,1,0.0003164
397,geweor&eth;e&eth;,<code>geweor&amp;d;e&amp;d;</code>,1,0.0003164
397,gewesan,<code>gewesan</code>,1,0.0003164
397,gewin,<code>gewin</code>,1,0.0003164
397,gewitest,<code>gewitest</code>,1,0.0003164
397,gewitte,<code>gewitte</code>,1,0.0003164
397,gewlitiga&eth;,<code>gewlitiga&amp;d;</code>,1,0.0003164
397,geworden,<code>geworden</code>,1,0.0003164
397,geworhte,<code>geworhte</code>,1,0.0003164
397,gewritu,<code>gewritu</code>,1,0.0003164
397,gewurdene,<code>gewurdene</code>,1,0.0003164
397,gewurdon,<code>gewurdon</code>,1,0.0003164
397,gewyrcan,<code>gewyrcan</code>,1,0.0003164
397,gielpne,<code>gielpne</code>,1,0.0003164
397,gierde,<code>gierde</code>,1,0.0003164
397,gifrum,<code>gifrum</code>,1,0.0003164
397,gifrust,<code>gifrust</code>,1,0.0003164
397,gih&eth;e,<code>gih&amp;d;e</code>,1,0.0003164
397,gille&eth;,<code>gille&amp;d;</code>,1,0.0003164
397,gilp,<code>gilp</code>,1,0.0003164
397,gilpan,<code>gilpan</code>,1,0.0003164
397,gimm,<code>gimm</code>,1,0.0003164
397,gimmum,<code>gimmum</code>,1,0.0003164
397,giogo&eth;e,<code>giogo&amp;d;e</code>,1,0.0003164
397,gl&aelig;dra,<code>gl&amp;ae;dra</code>,1,0.0003164
397,gleaw,<code>gleaw</code>,1,0.0003164
397,gleda,<code>gleda</code>,1,0.0003164
397,godcundes,<code>godcundes</code>,1,0.0003164
397,godspel,<code>godspel</code>,1,0.0003164
397,golde,<code>golde</code>,1,0.0003164
397,goldwlonce,<code>goldwlonce</code>,1,0.0003164
397,greca,<code>greca</code>,1,0.0003164
397,grene,<code>grene</code>,1,0.0003164
397,greotan,<code>greotan</code>,1,0.0003164
397,griffus,<code>griffus</code>,1,0.0003164
397,gripa&eth;,<code>gripa&amp;d;</code>,1,0.0003164
397,gripu,<code>gripu</code>,1,0.0003164
397,growan,<code>growan</code>,1,0.0003164
397,grund,<code>grund</code>,1,0.0003164
397,grundbuendra,<code>grundbuendra</code>,1,0.0003164
397,grunde,<code>grunde</code>,1,0.0003164
397,grundum,<code>grundum</code>,1,0.0003164
397,grymman,<code>grymman</code>,1,0.0003164
397,gu&eth;m&aelig;cga,<code>gu&amp;d;m&amp;ae;cga</code>,1,0.0003164
397,gyldene,<code>gyldene</code>,1,0.0003164
397,gyldnan,<code>gyldnan</code>,1,0.0003164
397,gyrn,<code>gyrn</code>,1,0.0003164
397,h,<code>h</code>,1,0.0003164
397,h&aelig;dre,<code>h&amp;ae;dre</code>,1,0.0003164
397,h&aelig;ftling,<code>h&amp;ae;ftling</code>,1,0.0003164
397,h&aelig;ftum,<code>h&amp;ae;ftum</code>,1,0.0003164
397,h&aelig;le&eth;a,<code>h&amp;ae;le&amp;d;a</code>,1,0.0003164
397,h&aelig;lo,<code>h&amp;ae;lo</code>,1,0.0003164
397,had,<code>had</code>,1,0.0003164
397,halgan,<code>halgan</code>,1,0.0003164
397,halige,<code>halige</code>,1,0.0003164
397,haliges,<code>haliges</code>,1,0.0003164
397,handa,<code>handa</code>,1,0.0003164
397,hangiende,<code>hangiende</code>,1,0.0003164
397,hata&eth;,<code>hata&amp;d;</code>,1,0.0003164
397,hate&eth;,<code>hate&amp;d;</code>,1,0.0003164
397,haten,<code>haten</code>,1,0.0003164
397,heaf,<code>heaf</code>,1,0.0003164
397,heafdu,<code>heafdu</code>,1,0.0003164
397,heafdum,<code>heafdum</code>,1,0.0003164
397,heafod,<code>heafod</code>,1,0.0003164
397,heahcining,<code>heahcining</code>,1,0.0003164
397,heahgestreon,<code>heahgestreon</code>,1,0.0003164
397,healde,<code>healde</code>,1,0.0003164
397,healde&eth;,<code>healde&amp;d;</code>,1,0.0003164
397,healfa,<code>healfa</code>,1,0.0003164
397,healfum,<code>healfum</code>,1,0.0003164
397,healle,<code>healle</code>,1,0.0003164
397,heardes,<code>heardes</code>,1,0.0003164
397,heardlice,<code>heardlice</code>,1,0.0003164
397,heardne,<code>heardne</code>,1,0.0003164
397,heardost,<code>heardost</code>,1,0.0003164
397,heardum,<code>heardum</code>,1,0.0003164
397,heartan,<code>heartan</code>,1,0.0003164
397,hefenum,<code>hefenum</code>,1,0.0003164
397,hefonum,<code>hefonum</code>,1,0.0003164
397,heofonas,<code>heofonas</code>,1,0.0003164
397,heofonwara,<code>heofonwara</code>,1,0.0003164
397,heolstre,<code>heolstre</code>,1,0.0003164
397,heow,<code>heow</code>,1,0.0003164
397,her,<code>her</code>,1,0.0003164
397,heregeatewa,<code>heregeatewa</code>,1,0.0003164
397,het,<code>het</code>,1,0.0003164
397,hettendum,<code>hettendum</code>,1,0.0003164
397,hi&eth;an,<code>hi&amp;d;an</code>,1,0.0003164
397,hi&eth;endre,<code>hi&amp;d;endre</code>,1,0.0003164
397,hider,<code>hider</code>,1,0.0003164
397,hieltas,<code>hieltas</code>,1,0.0003164
397,hiera,<code>hiera</code>,1,0.0003164
397,hierde,<code>hierde</code>,1,0.0003164
397,hieryhco,<code>hieryhco</code>,1,0.0003164
397,higegeomor,<code>higegeomor</code>,1,0.0003164
397,hilde,<code>hilde</code>,1,0.0003164
397,hildewr&aelig;sne,<code>hildewr&amp;ae;sne</code>,1,0.0003164
397,hinder,<code>hinder</code>,1,0.0003164
397,hire,<code>hire</code>,1,0.0003164
397,hlade&eth;,<code>hlade&amp;d;</code>,1,0.0003164
397,hleahtor,<code>hleahtor</code>,1,0.0003164
397,hleor,<code>hleor</code>,1,0.0003164
397,hnesces,<code>hnesces</code>,1,0.0003164
397,holt,<code>holt</code>,1,0.0003164
397,hr&aelig;gles,<code>hr&amp;ae;gles</code>,1,0.0003164
397,hrigc,<code>hrigc</code>,1,0.0003164
397,hringe&eth;,<code>hringe&amp;d;</code>,1,0.0003164
397,hrof,<code>hrof</code>,1,0.0003164
397,hulic,<code>hulic</code>,1,0.0003164
397,hund,<code>hund</code>,1,0.0003164
397,hunig,<code>hunig</code>,1,0.0003164
397,hw&aelig;&eth;er,<code>hw&amp;ae;&amp;d;er</code>,1,0.0003164
397,hw&aelig;&eth;erne,<code>hw&amp;ae;&amp;d;erne</code>,1,0.0003164
397,hw&aelig;&eth;res,<code>hw&amp;ae;&amp;d;res</code>,1,0.0003164
397,hw&aelig;len,<code>hw&amp;ae;len</code>,1,0.0003164
397,hw&aelig;nne,<code>hw&amp;ae;nne</code>,1,0.0003164
397,hwearfa&eth;,<code>hwearfa&amp;d;</code>,1,0.0003164
397,hwete&eth;,<code>hwete&amp;d;</code>,1,0.0003164
397,hy&eth;e,<code>hy&amp;d;e</code>,1,0.0003164
397,hycgge,<code>hycgge</code>,1,0.0003164
397,hyda&eth;,<code>hyda&amp;d;</code>,1,0.0003164
397,hyde&eth;,<code>hyde&amp;d;</code>,1,0.0003164
397,hyge,<code>hyge</code>,1,0.0003164
397,hyge&eth;,<code>hyge&amp;d;</code>,1,0.0003164
397,hyrsum,<code>hyrsum</code>,1,0.0003164
397,i,<code>i</code>,1,0.0003164
397,i&eth;a,<code>i&amp;d;a</code>,1,0.0003164
397,idese,<code>idese</code>,1,0.0003164
397,ieo,<code>ieo</code>,1,0.0003164
397,ieorrenga,<code>ieorrenga</code>,1,0.0003164
397,ierne,<code>ierne</code>,1,0.0003164
397,iglanda,<code>iglanda</code>,1,0.0003164
397,iiii,<code>iiii</code>,1,0.0003164
397,ingang,<code>ingang</code>,1,0.0003164
397,ingemyndum,<code>ingemyndum</code>,1,0.0003164
397,insceafte,<code>insceafte</code>,1,0.0003164
397,intingum,<code>intingum</code>,1,0.0003164
397,inwitgecyndo,<code>inwitgecyndo</code>,1,0.0003164
397,iren,<code>iren</code>,1,0.0003164
397,israela,<code>israela</code>,1,0.0003164
397,istoriam,<code>istoriam</code>,1,0.0003164
397,l&aelig;ce&eth;,<code>l&amp;ae;ce&amp;d;</code>,1,0.0003164
397,l&aelig;de&eth;,<code>l&amp;ae;de&amp;d;</code>,1,0.0003164
397,l&aelig;nan,<code>l&amp;ae;nan</code>,1,0.0003164
397,l&aelig;sse,<code>l&amp;ae;sse</code>,1,0.0003164
397,l&aelig;sta&eth;,<code>l&amp;ae;sta&amp;d;</code>,1,0.0003164
397,l&aelig;ta&eth;,<code>l&amp;ae;ta&amp;d;</code>,1,0.0003164
397,laguswemmendra,<code>laguswemmendra</code>,1,0.0003164
397,lamena,<code>lamena</code>,1,0.0003164
397,lande,<code>lande</code>,1,0.0003164
397,langre,<code>langre</code>,1,0.0003164
397,larcr&aelig;ftas,<code>larcr&amp;ae;ftas</code>,1,0.0003164
397,lareowum,<code>lareowum</code>,1,0.0003164
397,late,<code>late</code>,1,0.0003164
397,leahtrum,<code>leahtrum</code>,1,0.0003164
397,leas,<code>leas</code>,1,0.0003164
397,legdon,<code>legdon</code>,1,0.0003164
397,lenge,<code>lenge</code>,1,0.0003164
397,lengest,<code>lengest</code>,1,0.0003164
397,leoda,<code>leoda</code>,1,0.0003164
397,leode,<code>leode</code>,1,0.0003164
397,leodgryre,<code>leodgryre</code>,1,0.0003164
397,leofre,<code>leofre</code>,1,0.0003164
397,leoft&aelig;le,<code>leoft&amp;ae;le</code>,1,0.0003164
397,leoma,<code>leoma</code>,1,0.0003164
397,leomona,<code>leomona</code>,1,0.0003164
397,leornenga,<code>leornenga</code>,1,0.0003164
397,li&eth;,<code>li&amp;d;</code>,1,0.0003164
397,li&eth;ran,<code>li&amp;d;ran</code>,1,0.0003164
397,lic,<code>lic</code>,1,0.0003164
397,licgga&eth;,<code>licgga&amp;d;</code>,1,0.0003164
397,lieh&eth;,<code>lieh&amp;d;</code>,1,0.0003164
397,lifdon,<code>lifdon</code>,1,0.0003164
397,lifgetwinnan,<code>lifgetwinnan</code>,1,0.0003164
397,lifiga&eth;,<code>lifiga&amp;d;</code>,1,0.0003164
397,lifigende,<code>lifigende</code>,1,0.0003164
397,lisse&eth;,<code>lisse&amp;d;</code>,1,0.0003164
397,lixan,<code>lixan</code>,1,0.0003164
397,locan,<code>locan</code>,1,0.0003164
397,longa&eth;,<code>longa&amp;d;</code>,1,0.0003164
397,lufa&eth;,<code>lufa&amp;d;</code>,1,0.0003164
397,lufan,<code>lufan</code>,1,0.0003164
397,lufian,<code>lufian</code>,1,0.0003164
397,lute&eth;,<code>lute&amp;d;</code>,1,0.0003164
397,lyfte,<code>lyfte</code>,1,0.0003164
397,lyftfleogendra,<code>lyftfleogendra</code>,1,0.0003164
397,lyt,<code>lyt</code>,1,0.0003164
397,m&aelig;ga,<code>m&amp;ae;ga</code>,1,0.0003164
397,m&aelig;gen&thorn;rymmes,<code>m&amp;ae;gen&amp;t;rymmes</code>,1,0.0003164
397,m&aelig;gn,<code>m&amp;ae;gn</code>,1,0.0003164
397,m&aelig;gwinum,<code>m&amp;ae;gwinum</code>,1,0.0003164
397,m&aelig;ne,<code>m&amp;ae;ne</code>,1,0.0003164
397,m&aelig;r&eth;a,<code>m&amp;ae;r&amp;d;a</code>,1,0.0003164
397,m&aelig;r&eth;o,<code>m&amp;ae;r&amp;d;o</code>,1,0.0003164
397,m&aelig;r&thorn;a,<code>m&amp;ae;r&amp;t;a</code>,1,0.0003164
397,m&aelig;ra,<code>m&amp;ae;ra</code>,1,0.0003164
397,m&aelig;tes,<code>m&amp;ae;tes</code>,1,0.0003164
397,ma,<code>ma</code>,1,0.0003164
397,ma&eth;&eth;umselas,<code>ma&amp;d;&amp;d;umselas</code>,1,0.0003164
397,macedonia,<code>macedonia</code>,1,0.0003164
397,manfulra,<code>manfulra</code>,1,0.0003164
397,manigo,<code>manigo</code>,1,0.0003164
397,maran,<code>maran</code>,1,0.0003164
397,marculfes,<code>marculfes</code>,1,0.0003164
397,mathea,<code>mathea</code>,1,0.0003164
397,me&eth;elcwidas,<code>me&amp;d;elcwidas</code>,1,0.0003164
397,meahta,<code>meahta</code>,1,0.0003164
397,meces,<code>meces</code>,1,0.0003164
397,meda,<code>meda</code>,1,0.0003164
397,medumra,<code>medumra</code>,1,0.0003164
397,melotes,<code>melotes</code>,1,0.0003164
397,meltan,<code>meltan</code>,1,0.0003164
397,mengdon,<code>mengdon</code>,1,0.0003164
397,menn,<code>menn</code>,1,0.0003164
397,meolc,<code>meolc</code>,1,0.0003164
397,mercstede,<code>mercstede</code>,1,0.0003164
397,mere,<code>mere</code>,1,0.0003164
397,mergan,<code>mergan</code>,1,0.0003164
397,mesopotamie,<code>mesopotamie</code>,1,0.0003164
397,metod,<code>metod</code>,1,0.0003164
397,micelan,<code>micelan</code>,1,0.0003164
397,micles,<code>micles</code>,1,0.0003164
397,middan,<code>middan</code>,1,0.0003164
397,middangeard,<code>middangeard</code>,1,0.0003164
397,middangearde,<code>middangearde</code>,1,0.0003164
397,middelgem&aelig;rum,<code>middelgem&amp;ae;rum</code>,1,0.0003164
397,miehtum,<code>miehtum</code>,1,0.0003164
397,miht,<code>miht</code>,1,0.0003164
397,mihte,<code>mihte</code>,1,0.0003164
397,mildne,<code>mildne</code>,1,0.0003164
397,miltse,<code>miltse</code>,1,0.0003164
397,min,<code>min</code>,1,0.0003164
397,mine,<code>mine</code>,1,0.0003164
397,misgemynda,<code>misgemynda</code>,1,0.0003164
397,modega,<code>modega</code>,1,0.0003164
397,modgleawe,<code>modgleawe</code>,1,0.0003164
397,modgum,<code>modgum</code>,1,0.0003164
397,modige,<code>modige</code>,1,0.0003164
397,modigra,<code>modigra</code>,1,0.0003164
397,monig,<code>monig</code>,1,0.0003164
397,monige,<code>monige</code>,1,0.0003164
397,moniges,<code>moniges</code>,1,0.0003164
397,moning,<code>moning</code>,1,0.0003164
397,monnum,<code>monnum</code>,1,0.0003164
397,mor,<code>mor</code>,1,0.0003164
397,mor&eth;or,<code>mor&amp;d;or</code>,1,0.0003164
397,mor&eth;re,<code>mor&amp;d;re</code>,1,0.0003164
397,moras,<code>moras</code>,1,0.0003164
397,mortis,<code>mortis</code>,1,0.0003164
397,mose,<code>mose</code>,1,0.0003164
397,mote,<code>mote</code>,1,0.0003164
397,moton,<code>moton</code>,1,0.0003164
397,mu&eth;,<code>mu&amp;d;</code>,1,0.0003164
397,muntas,<code>muntas</code>,1,0.0003164
397,murnan,<code>murnan</code>,1,0.0003164
397,n,<code>n</code>,1,0.0003164
397,n&aelig;dran,<code>n&amp;ae;dran</code>,1,0.0003164
397,n&aelig;negu,<code>n&amp;ae;negu</code>,1,0.0003164
397,n&aelig;re,<code>n&amp;ae;re</code>,1,0.0003164
397,n&aelig;rende,<code>n&amp;ae;rende</code>,1,0.0003164
397,n&aelig;ron,<code>n&amp;ae;ron</code>,1,0.0003164
397,nafa&eth;,<code>nafa&amp;d;</code>,1,0.0003164
397,nah,<code>nah</code>,1,0.0003164
397,naht,<code>naht</code>,1,0.0003164
397,nama,<code>nama</code>,1,0.0003164
397,namon,<code>namon</code>,1,0.0003164
397,ne&eth;y&eth;,<code>ne&amp;d;y&amp;d;</code>,1,0.0003164
397,nearwe,<code>nearwe</code>,1,0.0003164
397,neat,<code>neat</code>,1,0.0003164
397,nebrondes,<code>nebrondes</code>,1,0.0003164
397,ned,<code>ned</code>,1,0.0003164
397,nele,<code>nele</code>,1,0.0003164
397,nergend,<code>nergend</code>,1,0.0003164
397,nerigend,<code>nerigend</code>,1,0.0003164
397,ni&eth;,<code>ni&amp;d;</code>,1,0.0003164
397,ni&eth;er,<code>ni&amp;d;er</code>,1,0.0003164
397,niehstan,<code>niehstan</code>,1,0.0003164
397,nieht,<code>nieht</code>,1,0.0003164
397,niehta,<code>niehta</code>,1,0.0003164
397,niniuen,<code>niniuen</code>,1,0.0003164
397,nis,<code>nis</code>,1,0.0003164
397,nolde,<code>nolde</code>,1,0.0003164
397,nor&eth;an,<code>nor&amp;d;an</code>,1,0.0003164
397,nyste,<code>nyste</code>,1,0.0003164
397,nyttes,<code>nyttes</code>,1,0.0003164
397,o,<code>o</code>,1,0.0003164
397,o&eth;&eth;glide&eth;,<code>o&amp;d;&amp;d;glide&amp;d;</code>,1,0.0003164
397,oferbide&eth;,<code>oferbide&amp;d;</code>,1,0.0003164
397,oferbricge&eth;,<code>oferbricge&amp;d;</code>,1,0.0003164
397,oferm&aelig;gene,<code>oferm&amp;ae;gene</code>,1,0.0003164
397,ofermodan,<code>ofermodan</code>,1,0.0003164
397,oferstige&eth;,<code>oferstige&amp;d;</code>,1,0.0003164
397,oferwige&eth;,<code>oferwige&amp;d;</code>,1,0.0003164
397,offeoll,<code>offeoll</code>,1,0.0003164
397,ofslih&eth;,<code>ofslih&amp;d;</code>,1,0.0003164
397,ofslog,<code>ofslog</code>,1,0.0003164
397,ome,<code>ome</code>,1,0.0003164
397,on&aelig;le&eth;,<code>on&amp;ae;le&amp;d;</code>,1,0.0003164
397,onbyrege&eth;,<code>onbyrege&amp;d;</code>,1,0.0003164
397,onbyrged,<code>onbyrged</code>,1,0.0003164
397,onette&eth;,<code>onette&amp;d;</code>,1,0.0003164
397,onfo&eth;,<code>onfo&amp;d;</code>,1,0.0003164
397,ongan,<code>ongan</code>,1,0.0003164
397,ongielda&eth;,<code>ongielda&amp;d;</code>,1,0.0003164
397,onh&aelig;tan,<code>onh&amp;ae;tan</code>,1,0.0003164
397,onli&eth;igan,<code>onli&amp;d;igan</code>,1,0.0003164
397,onlocen,<code>onlocen</code>,1,0.0003164
397,onlutan,<code>onlutan</code>,1,0.0003164
397,onmedlan,<code>onmedlan</code>,1,0.0003164
397,onsenda&eth;,<code>onsenda&amp;d;</code>,1,0.0003164
397,onsende&eth;,<code>onsende&amp;d;</code>,1,0.0003164
397,ontynan,<code>ontynan</code>,1,0.0003164
397,ontyne&eth;,<code>ontyne&amp;d;</code>,1,0.0003164
397,onw&aelig;cned,<code>onw&amp;ae;cned</code>,1,0.0003164
397,or&eth;ancas,<code>or&amp;d;ancas</code>,1,0.0003164
397,or&eth;ances,<code>or&amp;d;ances</code>,1,0.0003164
397,ordum,<code>ordum</code>,1,0.0003164
397,organ,<code>organ</code>,1,0.0003164
397,organes,<code>organes</code>,1,0.0003164
397,orlegstunde,<code>orlegstunde</code>,1,0.0003164
397,ormod,<code>ormod</code>,1,0.0003164
397,oro&eth;,<code>oro&amp;d;</code>,1,0.0003164
397,owiht,<code>owiht</code>,1,0.0003164
397,palestinion,<code>palestinion</code>,1,0.0003164
397,palmtreow,<code>palmtreow</code>,1,0.0003164
397,pamhpilia,<code>pamhpilia</code>,1,0.0003164
397,persea,<code>persea</code>,1,0.0003164
397,pit&eth;inia,<code>pit&amp;d;inia</code>,1,0.0003164
397,pores,<code>pores</code>,1,0.0003164
397,predan,<code>predan</code>,1,0.0003164
397,prima,<code>prima</code>,1,0.0003164
397,prologa,<code>prologa</code>,1,0.0003164
397,punda,<code>punda</code>,1,0.0003164
397,r&aelig;ce&eth;,<code>r&amp;ae;ce&amp;d;</code>,1,0.0003164
397,r&aelig;d,<code>r&amp;ae;d</code>,1,0.0003164
397,r&aelig;de&eth;,<code>r&amp;ae;de&amp;d;</code>,1,0.0003164
397,r&aelig;ste,<code>r&amp;ae;ste</code>,1,0.0003164
397,r&aelig;swan,<code>r&amp;ae;swan</code>,1,0.0003164
397,racenteage,<code>racenteage</code>,1,0.0003164
397,reafa&eth;,<code>reafa&amp;d;</code>,1,0.0003164
397,recene,<code>recene</code>,1,0.0003164
397,restan,<code>restan</code>,1,0.0003164
397,reste&eth;,<code>reste&amp;d;</code>,1,0.0003164
397,rumre,<code>rumre</code>,1,0.0003164
397,ryma&eth;,<code>ryma&amp;d;</code>,1,0.0003164
397,s&aelig;gdon,<code>s&amp;ae;gdon</code>,1,0.0003164
397,s&aelig;l,<code>s&amp;ae;l</code>,1,0.0003164
397,s&aelig;l&eth;a,<code>s&amp;ae;l&amp;d;a</code>,1,0.0003164
397,s&aelig;li&eth;ende,<code>s&amp;ae;li&amp;d;ende</code>,1,0.0003164
397,s&aelig;lum,<code>s&amp;ae;lum</code>,1,0.0003164
397,s&aelig;ton,<code>s&amp;ae;ton</code>,1,0.0003164
397,saga&eth;,<code>saga&amp;d;</code>,1,0.0003164
397,sagast,<code>sagast</code>,1,0.0003164
397,saloman,<code>saloman</code>,1,0.0003164
397,samnode,<code>samnode</code>,1,0.0003164
397,samod,<code>samod</code>,1,0.0003164
397,sanere,<code>sanere</code>,1,0.0003164
397,sargia&eth;,<code>sargia&amp;d;</code>,1,0.0003164
397,satanes,<code>satanes</code>,1,0.0003164
397,saula,<code>saula</code>,1,0.0003164
397,saulus,<code>saulus</code>,1,0.0003164
397,scea&eth;a,<code>scea&amp;d;a</code>,1,0.0003164
397,scea&eth;an,<code>scea&amp;d;an</code>,1,0.0003164
397,sceades,<code>sceades</code>,1,0.0003164
397,sceaftas,<code>sceaftas</code>,1,0.0003164
397,sceapen,<code>sceapen</code>,1,0.0003164
397,scearp,<code>scearp</code>,1,0.0003164
397,sceatas,<code>sceatas</code>,1,0.0003164
397,scierpe&eth;,<code>scierpe&amp;d;</code>,1,0.0003164
397,scile,<code>scile</code>,1,0.0003164
397,sciman,<code>sciman</code>,1,0.0003164
397,scine&eth;,<code>scine&amp;d;</code>,1,0.0003164
397,scines,<code>scines</code>,1,0.0003164
397,scip,<code>scip</code>,1,0.0003164
397,scippend,<code>scippend</code>,1,0.0003164
397,scire,<code>scire</code>,1,0.0003164
397,scoldon,<code>scoldon</code>,1,0.0003164
397,sconcan,<code>sconcan</code>,1,0.0003164
397,scy&eth;,<code>scy&amp;d;</code>,1,0.0003164
397,scyldigne,<code>scyldigne</code>,1,0.0003164
397,scyldigra,<code>scyldigra</code>,1,0.0003164
397,scyldum,<code>scyldum</code>,1,0.0003164
397,scyle,<code>scyle</code>,1,0.0003164
397,scyppendes,<code>scyppendes</code>,1,0.0003164
397,searo,<code>searo</code>,1,0.0003164
397,sece&eth;,<code>sece&amp;d;</code>,1,0.0003164
397,secean,<code>secean</code>,1,0.0003164
397,secgan,<code>secgan</code>,1,0.0003164
397,secggan,<code>secggan</code>,1,0.0003164
397,secgge,<code>secgge</code>,1,0.0003164
397,sefa&eth;,<code>sefa&amp;d;</code>,1,0.0003164
397,sefan,<code>sefan</code>,1,0.0003164
397,seld,<code>seld</code>,1,0.0003164
397,seldum,<code>seldum</code>,1,0.0003164
397,selre,<code>selre</code>,1,0.0003164
397,seme,<code>seme</code>,1,0.0003164
397,sende,<code>sende</code>,1,0.0003164
397,sende&eth;,<code>sende&amp;d;</code>,1,0.0003164
397,seolfre,<code>seolfre</code>,1,0.0003164
397,seolfres,<code>seolfres</code>,1,0.0003164
397,seolfrynum,<code>seolfrynum</code>,1,0.0003164
397,seoma&eth;,<code>seoma&amp;d;</code>,1,0.0003164
397,sete&eth;,<code>sete&amp;d;</code>,1,0.0003164
397,si,<code>si</code>,1,0.0003164
397,si&eth;,<code>si&amp;d;</code>,1,0.0003164
397,si&eth;es,<code>si&amp;d;es</code>,1,0.0003164
397,sidan,<code>sidan</code>,1,0.0003164
397,siemle,<code>siemle</code>,1,0.0003164
397,sienfullan,<code>sienfullan</code>,1,0.0003164
397,siennihte,<code>siennihte</code>,1,0.0003164
397,sige,<code>sige</code>,1,0.0003164
397,sille,<code>sille</code>,1,0.0003164
397,singge&eth;,<code>singge&amp;d;</code>,1,0.0003164
397,sio&eth;&eth;an,<code>sio&amp;d;&amp;d;an</code>,1,0.0003164
397,site&eth;,<code>site&amp;d;</code>,1,0.0003164
397,sittan,<code>sittan</code>,1,0.0003164
397,sl&aelig;p,<code>sl&amp;ae;p</code>,1,0.0003164
397,slide&eth;,<code>slide&amp;d;</code>,1,0.0003164
397,sm&aelig;tes,<code>sm&amp;ae;tes</code>,1,0.0003164
397,snoterra,<code>snoterra</code>,1,0.0003164
397,snotra,<code>snotra</code>,1,0.0003164
397,snottrum,<code>snottrum</code>,1,0.0003164
397,snyttra&eth;,<code>snyttra&amp;d;</code>,1,0.0003164
397,so&eth;es,<code>so&amp;d;es</code>,1,0.0003164
397,so&eth;lice,<code>so&amp;d;lice</code>,1,0.0003164
397,so&eth;on,<code>so&amp;d;on</code>,1,0.0003164
397,sohte,<code>sohte</code>,1,0.0003164
397,sorg,<code>sorg</code>,1,0.0003164
397,sorgfullne,<code>sorgfullne</code>,1,0.0003164
397,sorgum,<code>sorgum</code>,1,0.0003164
397,sprc,<code>sprc</code>,1,0.0003164
397,spyrigendes,<code>spyrigendes</code>,1,0.0003164
397,sta&eth;olas,<code>sta&amp;d;olas</code>,1,0.0003164
397,sta&eth;ole,<code>sta&amp;d;ole</code>,1,0.0003164
397,sta&eth;olf&aelig;stne,<code>sta&amp;d;olf&amp;ae;stne</code>,1,0.0003164
397,stana,<code>stana</code>,1,0.0003164
397,stanas,<code>stanas</code>,1,0.0003164
397,standendne,<code>standendne</code>,1,0.0003164
397,steap,<code>steap</code>,1,0.0003164
397,steapa,<code>steapa</code>,1,0.0003164
397,stede,<code>stede</code>,1,0.0003164
397,stefn,<code>stefn</code>,1,0.0003164
397,stefnum,<code>stefnum</code>,1,0.0003164
397,steore&eth;,<code>steore&amp;d;</code>,1,0.0003164
397,steorra,<code>steorra</code>,1,0.0003164
397,sticien,<code>sticien</code>,1,0.0003164
397,sticoles,<code>sticoles</code>,1,0.0003164
397,stiga&eth;,<code>stiga&amp;d;</code>,1,0.0003164
397,stillan,<code>stillan</code>,1,0.0003164
397,stille,<code>stille</code>,1,0.0003164
397,stille&eth;,<code>stille&amp;d;</code>,1,0.0003164
397,stinge&eth;,<code>stinge&amp;d;</code>,1,0.0003164
397,stonde&eth;,<code>stonde&amp;d;</code>,1,0.0003164
397,stowa,<code>stowa</code>,1,0.0003164
397,str&aelig;te,<code>str&amp;ae;te</code>,1,0.0003164
397,strangne,<code>strangne</code>,1,0.0003164
397,stream,<code>stream</code>,1,0.0003164
397,stregda&eth;,<code>stregda&amp;d;</code>,1,0.0003164
397,stregdan,<code>stregdan</code>,1,0.0003164
397,stronges,<code>stronges</code>,1,0.0003164
397,style,<code>style</code>,1,0.0003164
397,stylenan,<code>stylenan</code>,1,0.0003164
397,stylenne,<code>stylenne</code>,1,0.0003164
397,styrnenga,<code>styrnenga</code>,1,0.0003164
397,su&eth;an,<code>su&amp;d;an</code>,1,0.0003164
397,sum,<code>sum</code>,1,0.0003164
397,sume,<code>sume</code>,1,0.0003164
397,sumra,<code>sumra</code>,1,0.0003164
397,sumre,<code>sumre</code>,1,0.0003164
397,suna,<code>suna</code>,1,0.0003164
397,sund,<code>sund</code>,1,0.0003164
397,sundor,<code>sundor</code>,1,0.0003164
397,swa&eth;e,<code>swa&amp;d;e</code>,1,0.0003164
397,swarost,<code>swarost</code>,1,0.0003164
397,swate,<code>swate</code>,1,0.0003164
397,sweartne,<code>sweartne</code>,1,0.0003164
397,sweartra,<code>sweartra</code>,1,0.0003164
397,swenga,<code>swenga</code>,1,0.0003164
397,sweopa&eth;,<code>sweopa&amp;d;</code>,1,0.0003164
397,sweopum,<code>sweopum</code>,1,0.0003164
397,swerian,<code>swerian</code>,1,0.0003164
397,swi&eth;mod,<code>swi&amp;d;mod</code>,1,0.0003164
397,swi&eth;mode,<code>swi&amp;d;mode</code>,1,0.0003164
397,swi&eth;or,<code>swi&amp;d;or</code>,1,0.0003164
397,swice,<code>swice</code>,1,0.0003164
397,swice&eth;,<code>swice&amp;d;</code>,1,0.0003164
397,swigie,<code>swigie</code>,1,0.0003164
397,swilc,<code>swilc</code>,1,0.0003164
397,swinge&eth;,<code>swinge&amp;d;</code>,1,0.0003164
397,swipra,<code>swipra</code>,1,0.0003164
397,sylf,<code>sylf</code>,1,0.0003164
397,sylfren,<code>sylfren</code>,1,0.0003164
397,symbelgereordu,<code>symbelgereordu</code>,1,0.0003164
397,syria,<code>syria</code>,1,0.0003164
397,t&aelig;so,<code>t&amp;ae;so</code>,1,0.0003164
397,tala,<code>tala</code>,1,0.0003164
397,telgum,<code>telgum</code>,1,0.0003164
397,teo&eth;an,<code>teo&amp;d;an</code>,1,0.0003164
397,teswa&eth;,<code>teswa&amp;d;</code>,1,0.0003164
397,tiligan,<code>tiligan</code>,1,0.0003164
397,tir,<code>tir</code>,1,0.0003164
397,to&eth;as,<code>to&amp;d;as</code>,1,0.0003164
397,tobr&aelig;ddon,<code>tobr&amp;ae;ddon</code>,1,0.0003164
397,todraf,<code>todraf</code>,1,0.0003164
397,togegnes,<code>togegnes</code>,1,0.0003164
397,tohwan,<code>tohwan</code>,1,0.0003164
397,torhte,<code>torhte</code>,1,0.0003164
397,tornes,<code>tornes</code>,1,0.0003164
397,toslita&eth;,<code>toslita&amp;d;</code>,1,0.0003164
397,toslite&eth;,<code>toslite&amp;d;</code>,1,0.0003164
397,toweorpe&eth;,<code>toweorpe&amp;d;</code>,1,0.0003164
397,treahteras,<code>treahteras</code>,1,0.0003164
397,tu,<code>tu</code>,1,0.0003164
397,tuigena,<code>tuigena</code>,1,0.0003164
397,tuion,<code>tuion</code>,1,0.0003164
397,tunge,<code>tunge</code>,1,0.0003164
397,tungena,<code>tungena</code>,1,0.0003164
397,tungla,<code>tungla</code>,1,0.0003164
397,twa,<code>twa</code>,1,0.0003164
397,twega,<code>twega</code>,1,0.0003164
397,twegra,<code>twegra</code>,1,0.0003164
397,twelfe,<code>twelfe</code>,1,0.0003164
397,tweon,<code>tweon</code>,1,0.0003164
397,ty&eth;,<code>ty&amp;d;</code>,1,0.0003164
397,tydernessum,<code>tydernessum</code>,1,0.0003164
397,tydran,<code>tydran</code>,1,0.0003164
397,tydre,<code>tydre</code>,1,0.0003164
397,tyhte&eth;,<code>tyhte&amp;d;</code>,1,0.0003164
397,uasa,<code>uasa</code>,1,0.0003164
397,ufan,<code>ufan</code>,1,0.0003164
397,un&eth;anc,<code>un&amp;d;anc</code>,1,0.0003164
397,ungelic,<code>ungelic</code>,1,0.0003164
397,unhiere,<code>unhiere</code>,1,0.0003164
397,unl&aelig;dan,<code>unl&amp;ae;dan</code>,1,0.0003164
397,unlustum,<code>unlustum</code>,1,0.0003164
397,unnit,<code>unnit</code>,1,0.0003164
397,unrotnesse,<code>unrotnesse</code>,1,0.0003164
397,unwitan,<code>unwitan</code>,1,0.0003164
397,uppe,<code>uppe</code>,1,0.0003164
397,utan,<code>utan</code>,1,0.0003164
397,w&aelig;de&eth;,<code>w&amp;ae;de&amp;d;</code>,1,0.0003164
397,w&aelig;dum,<code>w&amp;ae;dum</code>,1,0.0003164
397,w&aelig;lcealde,<code>w&amp;ae;lcealde</code>,1,0.0003164
397,w&aelig;llnota,<code>w&amp;ae;llnota</code>,1,0.0003164
397,w&aelig;pna,<code>w&amp;ae;pna</code>,1,0.0003164
397,w&aelig;pne,<code>w&amp;ae;pne</code>,1,0.0003164
397,w&aelig;pnes,<code>w&amp;ae;pnes</code>,1,0.0003164
397,w&aelig;stmas,<code>w&amp;ae;stmas</code>,1,0.0003164
397,w&aelig;tere,<code>w&amp;ae;tere</code>,1,0.0003164
397,w&aelig;tum,<code>w&amp;ae;tum</code>,1,0.0003164
397,wadan,<code>wadan</code>,1,0.0003164
397,wanhogan,<code>wanhogan</code>,1,0.0003164
397,warnung,<code>warnung</code>,1,0.0003164
397,weall,<code>weall</code>,1,0.0003164
397,weallas,<code>weallas</code>,1,0.0003164
397,wean,<code>wean</code>,1,0.0003164
397,weana,<code>weana</code>,1,0.0003164
397,wear&eth;,<code>wear&amp;d;</code>,1,0.0003164
397,weard,<code>weard</code>,1,0.0003164
397,wearda,<code>wearda</code>,1,0.0003164
397,wearda&eth;,<code>wearda&amp;d;</code>,1,0.0003164
397,wece&eth;,<code>wece&amp;d;</code>,1,0.0003164
397,wedera,<code>wedera</code>,1,0.0003164
397,weg,<code>weg</code>,1,0.0003164
397,welm,<code>welm</code>,1,0.0003164
397,wende,<code>wende</code>,1,0.0003164
397,wende&eth;,<code>wende&amp;d;</code>,1,0.0003164
397,wended,<code>wended</code>,1,0.0003164
397,wendels&aelig;,<code>wendels&amp;ae;</code>,1,0.0003164
397,weor&eth;a&eth;,<code>weor&amp;d;a&amp;d;</code>,1,0.0003164
397,weor&eth;e,<code>weor&amp;d;e</code>,1,0.0003164
397,weor&eth;geornra,<code>weor&amp;d;geornra</code>,1,0.0003164
397,weor&eth;mynta,<code>weor&amp;d;mynta</code>,1,0.0003164
397,weotena,<code>weotena</code>,1,0.0003164
397,weotodne,<code>weotodne</code>,1,0.0003164
397,wepende,<code>wepende</code>,1,0.0003164
397,wer&eth;eodum,<code>wer&amp;d;eodum</code>,1,0.0003164
397,werig,<code>werig</code>,1,0.0003164
397,werige,<code>werige</code>,1,0.0003164
397,werud,<code>werud</code>,1,0.0003164
397,wes&eth;e,<code>wes&amp;d;e</code>,1,0.0003164
397,weste,<code>weste</code>,1,0.0003164
397,westenne,<code>westenne</code>,1,0.0003164
397,wicg,<code>wicg</code>,1,0.0003164
397,widm&aelig;rost,<code>widm&amp;ae;rost</code>,1,0.0003164
397,widsi&eth;,<code>widsi&amp;d;</code>,1,0.0003164
397,wigsteall,<code>wigsteall</code>,1,0.0003164
397,wilde,<code>wilde</code>,1,0.0003164
397,wildeor,<code>wildeor</code>,1,0.0003164
397,wildne,<code>wildne</code>,1,0.0003164
397,wilna,<code>wilna</code>,1,0.0003164
397,wilt,<code>wilt</code>,1,0.0003164
397,wincendra,<code>wincendra</code>,1,0.0003164
397,windes,<code>windes</code>,1,0.0003164
397,winna&eth;,<code>winna&amp;d;</code>,1,0.0003164
397,winnan,<code>winnan</code>,1,0.0003164
397,winrod,<code>winrod</code>,1,0.0003164
397,wintre,<code>wintre</code>,1,0.0003164
397,wisan,<code>wisan</code>,1,0.0003164
397,wisce&eth;,<code>wisce&amp;d;</code>,1,0.0003164
397,wisdomes,<code>wisdomes</code>,1,0.0003164
397,wise,<code>wise</code>,1,0.0003164
397,wisedon,<code>wisedon</code>,1,0.0003164
397,wisra,<code>wisra</code>,1,0.0003164
397,wissefa,<code>wissefa</code>,1,0.0003164
397,wite&eth;,<code>wite&amp;d;</code>,1,0.0003164
397,witena,<code>witena</code>,1,0.0003164
397,woddor,<code>woddor</code>,1,0.0003164
397,woh,<code>woh</code>,1,0.0003164
397,wolcnum,<code>wolcnum</code>,1,0.0003164
397,wolde,<code>wolde</code>,1,0.0003164
397,wongan,<code>wongan</code>,1,0.0003164
397,wopdropan,<code>wopdropan</code>,1,0.0003164
397,wora&eth;,<code>wora&amp;d;</code>,1,0.0003164
397,worc,<code>worc</code>,1,0.0003164
397,word,<code>word</code>,1,0.0003164
397,worolde,<code>worolde</code>,1,0.0003164
397,worpa&eth;,<code>worpa&amp;d;</code>,1,0.0003164
397,wr&aelig;ste&eth;,<code>wr&amp;ae;ste&amp;d;</code>,1,0.0003164
397,wr&aelig;tlican,<code>wr&amp;ae;tlican</code>,1,0.0003164
397,wra&eth;ne,<code>wra&amp;d;ne</code>,1,0.0003164
397,wudu,<code>wudu</code>,1,0.0003164
397,wudutelga,<code>wudutelga</code>,1,0.0003164
397,wuldor,<code>wuldor</code>,1,0.0003164
397,wuldorcining,<code>wuldorcining</code>,1,0.0003164
397,wuldores,<code>wuldores</code>,1,0.0003164
397,wuldorlicne,<code>wuldorlicne</code>,1,0.0003164
397,wuldres,<code>wuldres</code>,1,0.0003164
397,wuna&eth;,<code>wuna&amp;d;</code>,1,0.0003164
397,wunde,<code>wunde</code>,1,0.0003164
397,wundor,<code>wundor</code>,1,0.0003164
397,wunian,<code>wunian</code>,1,0.0003164
397,wunnon,<code>wunnon</code>,1,0.0003164
397,wylle&eth;,<code>wylle&amp;d;</code>,1,0.0003164
397,wylme,<code>wylme</code>,1,0.0003164
397,wyrc&eth;,<code>wyrc&amp;d;</code>,1,0.0003164
397,wyrcan,<code>wyrcan</code>,1,0.0003164
397,wyrma,<code>wyrma</code>,1,0.0003164
397,wyrmes,<code>wyrmes</code>,1,0.0003164
397,wyrmgeardas,<code>wyrmgeardas</code>,1,0.0003164
397,wyrna&eth;,<code>wyrna&amp;d;</code>,1,0.0003164
397,wyrs,<code>wyrs</code>,1,0.0003164
397,wyrsan,<code>wyrsan</code>,1,0.0003164
397,wyrta,<code>wyrta</code>,1,0.0003164
397,wyrtwela,<code>wyrtwela</code>,1,0.0003164
397,xii,<code>xii</code>,1,0.0003164
397,xx,<code>xx</code>,1,0.0003164
397,xxv,<code>xxv</code>,1,0.0003164
397,y&eth;,<code>y&amp;d;</code>,1,0.0003164
397,y&eth;a,<code>y&amp;d;a</code>,1,0.0003164
397,yfla&eth;,<code>yfla&amp;d;</code>,1,0.0003164
397,yfle,<code>yfle</code>,1,0.0003164
397,yldo,<code>yldo</code>,1,0.0003164
397,ymb&eth;ringa&eth;,<code>ymb&amp;d;ringa&amp;d;</code>,1,0.0003164
397,ymbeganga&eth;,<code>ymbeganga&amp;d;</code>,1,0.0003164
397,ymbutan,<code>ymbutan</code>,1,0.0003164
397,yppe&eth;,<code>yppe&amp;d;</code>,1,0.0003164
397,yrfeweard,<code>yrfeweard</code>,1,0.0003164
397,yrra,<code>yrra</code>,1,0.0003164
397,yrre,<code>yrre</code>,1,0.0003164
397,ywe&eth;,<code>ywe&amp;d;</code>,1,0.0003164
