B_Prose,B11,B11.001.001_Conf_1.1__Spindler__T07110.txt,1236,809,4489
RANK,HTML WORD,RAW WORD,COUNT,RELATIVE FREQUENCY
1,and,<code>and</code>,155,0.0345288
2,he,<code>he</code>,114,0.0253954
3,f&aelig;ste,<code>f&amp;ae;ste</code>,98,0.0218311
4,o&eth;&eth;e,<code>o&amp;d;&amp;d;e</code>,92,0.0204945
5,man,<code>man</code>,86,0.0191579
5,swa,<code>swa</code>,86,0.0191579
7,&thorn;&aelig;t,<code>&amp;t;&amp;ae;t</code>,78,0.0173758
8,gyf,<code>gyf</code>,74,0.0164847
8,ne,<code>ne</code>,74,0.0164847
10,gif,<code>gif</code>,73,0.0162620
11,se,<code>se</code>,71,0.0158164
12,his,<code>his</code>,68,0.0151481
13,in,<code>in</code>,65,0.0144798
14,&eth;e,<code>&amp;d;e</code>,63,0.0140343
15,heo,<code>heo</code>,59,0.0131432
16,on,<code>on</code>,58,0.0129205
17,hit,<code>hit</code>,54,0.0120294
18,mid,<code>mid</code>,50,0.0111383
18,sy,<code>sy</code>,50,0.0111383
18,winter,<code>winter</code>,50,0.0111383
21,mot,<code>mot</code>,41,0.0091334
22,to,<code>to</code>,40,0.0089107
23,wif,<code>wif</code>,37,0.0082424
24,nihta,<code>nihta</code>,34,0.0075741
25,him,<code>him</code>,33,0.0073513
26,hi,<code>hi</code>,32,0.0071285
27,de,<code>de</code>,30,0.0066830
27,hwylc,<code>hwylc</code>,30,0.0066830
29,hine,<code>hine</code>,29,0.0064602
30,bi&eth;,<code>bi&amp;d;</code>,27,0.0060147
30,vii,<code>vii</code>,27,0.0060147
32,&thorn;onne,<code>&amp;t;onne</code>,26,0.0057919
33,hire,<code>hire</code>,24,0.0053464
33,xl,<code>xl</code>,24,0.0053464
35,&thorn;e,<code>&amp;t;e</code>,22,0.0049009
35,iii,<code>iii</code>,22,0.0049009
37,gear,<code>gear</code>,20,0.0044553
38,for,<code>for</code>,19,0.0042326
39,&thorn;&aelig;s,<code>&amp;t;&amp;ae;s</code>,18,0.0040098
40,&aelig;fter,<code>&amp;ae;fter</code>,17,0.0037870
40,&thorn;a,<code>&amp;t;a</code>,17,0.0037870
40,eft,<code>eft</code>,17,0.0037870
43,wer,<code>wer</code>,16,0.0035643
44,an,<code>an</code>,15,0.0033415
44,hyre,<code>hyre</code>,15,0.0033415
44,wife,<code>wife</code>,15,0.0033415
47,&eth;a,<code>&amp;d;a</code>,14,0.0031187
47,&thorn;eah,<code>&amp;t;eah</code>,14,0.0031187
47,heora,<code>heora</code>,14,0.0031187
50,&aelig;r,<code>&amp;ae;r</code>,13,0.0028960
50,&thorn;am,<code>&amp;t;am</code>,13,0.0028960
50,h&aelig;me,<code>h&amp;ae;me</code>,13,0.0028960
50,sume,<code>sume</code>,13,0.0028960
54,butan,<code>butan</code>,12,0.0026732
54,by&eth;,<code>by&amp;d;</code>,12,0.0026732
54,husle,<code>husle</code>,12,0.0026732
54,singe,<code>singe</code>,12,0.0026732
54,willa&eth;,<code>willa&amp;d;</code>,12,0.0026732
54,wite,<code>wite</code>,12,0.0026732
60,&eth;am,<code>&amp;d;am</code>,11,0.0024504
60,daga,<code>daga</code>,11,0.0024504
60,m&aelig;ssan,<code>m&amp;ae;ssan</code>,11,0.0024504
60,o&eth;er,<code>o&amp;d;er</code>,11,0.0024504
60,o&eth;erne,<code>o&amp;d;erne</code>,11,0.0024504
65,et,<code>et</code>,10,0.0022277
65,mannes,<code>mannes</code>,10,0.0022277
65,xx,<code>xx</code>,10,0.0022277
68,d&aelig;ge,<code>d&amp;ae;ge</code>,9,0.0020049
68,men,<code>men</code>,9,0.0020049
68,mete,<code>mete</code>,9,0.0020049
68,niht,<code>niht</code>,9,0.0020049
68,sealma,<code>sealma</code>,9,0.0020049
68,seo,<code>seo</code>,9,0.0020049
68,xxx,<code>xxx</code>,9,0.0020049
75,&thorn;one,<code>&amp;t;one</code>,8,0.0017821
75,&thorn;reo,<code>&amp;t;reo</code>,8,0.0017821
75,bearn,<code>bearn</code>,8,0.0017821
75,ceorl,<code>ceorl</code>,8,0.0017821
75,ga,<code>ga</code>,8,0.0017821
75,h&aelig;&eth;en,<code>h&amp;ae;&amp;d;en</code>,8,0.0017821
75,h&aelig;bbe,<code>h&amp;ae;bbe</code>,8,0.0017821
75,hie,<code>hie</code>,8,0.0017821
75,ofslea,<code>ofslea</code>,8,0.0017821
75,w&aelig;re,<code>w&amp;ae;re</code>,8,0.0017821
75,wile,<code>wile</code>,8,0.0017821
86,&aelig;festenu,<code>&amp;ae;festenu</code>,7,0.0015594
86,&aelig;t,<code>&amp;ae;t</code>,7,0.0015594
86,&eth;onne,<code>&amp;d;onne</code>,7,0.0015594
86,dagas,<code>dagas</code>,7,0.0015594
86,do,<code>do</code>,7,0.0015594
86,ete,<code>ete</code>,7,0.0015594
86,fram,<code>fram</code>,7,0.0015594
86,h&aelig;mede,<code>h&amp;ae;mede</code>,7,0.0015594
86,hy,<code>hy</code>,7,0.0015594
86,is,<code>is</code>,7,0.0015594
86,mannan,<code>mannan</code>,7,0.0015594
86,mona&eth;,<code>mona&amp;d;</code>,7,0.0015594
86,motan,<code>motan</code>,7,0.0015594
86,niman,<code>niman</code>,7,0.0015594
86,sacerd,<code>sacerd</code>,7,0.0015594
86,weres,<code>weres</code>,7,0.0015594
86,wifes,<code>wifes</code>,7,0.0015594
86,willan,<code>willan</code>,7,0.0015594
86,x,<code>x</code>,7,0.0015594
86,xii,<code>xii</code>,7,0.0015594
106,&eth;on,<code>&amp;d;on</code>,6,0.0013366
106,&eth;reo,<code>&amp;d;reo</code>,6,0.0013366
106,&eth;riddan,<code>&amp;d;riddan</code>,6,0.0013366
106,&thorn;riddan,<code>&amp;t;riddan</code>,6,0.0013366
106,bete,<code>bete</code>,6,0.0013366
106,cw&aelig;&eth;,<code>cw&amp;ae;&amp;d;</code>,6,0.0013366
106,cyrican,<code>cyrican</code>,6,0.0013366
106,f&aelig;der,<code>f&amp;ae;der</code>,6,0.0013366
106,f&aelig;sten,<code>f&amp;ae;sten</code>,6,0.0013366
106,forleose,<code>forleose</code>,6,0.0013366
106,forlicge,<code>forlicge</code>,6,0.0013366
106,gan,<code>gan</code>,6,0.0013366
106,hund,<code>hund</code>,6,0.0013366
106,o&eth;,<code>o&amp;d;</code>,6,0.0013366
106,o&eth;rum,<code>o&amp;d;rum</code>,6,0.0013366
106,preost,<code>preost</code>,6,0.0013366
106,quomodo,<code>quomodo</code>,6,0.0013366
106,sunnand&aelig;ge,<code>sunnand&amp;ae;ge</code>,6,0.0013366
106,syn,<code>syn</code>,6,0.0013366
106,twa,<code>twa</code>,6,0.0013366
106,twegen,<code>twegen</code>,6,0.0013366
106,v,<code>v</code>,6,0.0013366
106,vel,<code>vel</code>,6,0.0013366
106,wille,<code>wille</code>,6,0.0013366
106,wucan,<code>wucan</code>,6,0.0013366
131,&aelig;r&eth;on,<code>&amp;ae;r&amp;d;on</code>,5,0.0011138
131,&eth;y,<code>&amp;d;y</code>,5,0.0011138
131,&thorn;y,<code>&amp;t;y</code>,5,0.0011138
131,bisceopes,<code>bisceopes</code>,5,0.0011138
131,blod,<code>blod</code>,5,0.0011138
131,c,<code>c</code>,5,0.0011138
131,deme,<code>deme</code>,5,0.0011138
131,grecum,<code>grecum</code>,5,0.0011138
131,handa,<code>handa</code>,5,0.0011138
131,nele,<code>nele</code>,5,0.0011138
131,nelle,<code>nelle</code>,5,0.0011138
131,o&eth;re,<code>o&amp;d;re</code>,5,0.0011138
131,of,<code>of</code>,5,0.0011138
131,ofer,<code>ofer</code>,5,0.0011138
131,owiht,<code>owiht</code>,5,0.0011138
131,qui,<code>qui</code>,5,0.0011138
131,s&aelig;d,<code>s&amp;ae;d</code>,5,0.0011138
131,ymb,<code>ymb</code>,5,0.0011138
131,ymbe,<code>ymbe</code>,5,0.0011138
150,&aelig;festeno,<code>&amp;ae;festeno</code>,4,0.0008911
150,&eth;&aelig;re,<code>&amp;d;&amp;ae;re</code>,4,0.0008911
150,&eth;one,<code>&amp;d;one</code>,4,0.0008911
150,&thorn;&aelig;re,<code>&amp;t;&amp;ae;re</code>,4,0.0008911
150,&thorn;ige&eth;,<code>&amp;t;ige&amp;d;</code>,4,0.0008911
150,asinge,<code>asinge</code>,4,0.0008911
150,beo&eth;,<code>beo&amp;d;</code>,4,0.0008911
150,besmiten,<code>besmiten</code>,4,0.0008911
150,biscop,<code>biscop</code>,4,0.0008911
150,canones,<code>canones</code>,4,0.0008911
150,d&aelig;l,<code>d&amp;ae;l</code>,4,0.0008911
150,dead,<code>dead</code>,4,0.0008911
150,dearnunga,<code>dearnunga</code>,4,0.0008911
150,do&eth;,<code>do&amp;d;</code>,4,0.0008911
150,dome,<code>dome</code>,4,0.0008911
150,etan,<code>etan</code>,4,0.0008911
150,fore,<code>fore</code>,4,0.0008911
150,gehat,<code>gehat</code>,4,0.0008911
150,grecas,<code>grecas</code>,4,0.0008911
150,husel,<code>husel</code>,4,0.0008911
150,licge,<code>licge</code>,4,0.0008911
150,m&aelig;g,<code>m&amp;ae;g</code>,4,0.0008911
150,m&aelig;sse,<code>m&amp;ae;sse</code>,4,0.0008911
150,manna,<code>manna</code>,4,0.0008911
150,modor,<code>modor</code>,4,0.0008911
150,mus,<code>mus</code>,4,0.0008911
150,neat,<code>neat</code>,4,0.0008911
150,nihtum,<code>nihtum</code>,4,0.0008911
150,nis,<code>nis</code>,4,0.0008911
150,nyte,<code>nyte</code>,4,0.0008911
150,onfon,<code>onfon</code>,4,0.0008911
150,preoste,<code>preoste</code>,4,0.0008911
150,romane,<code>romane</code>,4,0.0008911
150,singan,<code>singan</code>,4,0.0008911
150,sunt,<code>sunt</code>,4,0.0008911
150,sunu,<code>sunu</code>,4,0.0008911
150,sy&eth;&eth;an,<code>sy&amp;d;&amp;d;an</code>,4,0.0008911
150,sylle,<code>sylle</code>,4,0.0008911
150,w&aelig;ron,<code>w&amp;ae;ron</code>,4,0.0008911
150,w&aelig;s,<code>w&amp;ae;s</code>,4,0.0008911
150,w&aelig;tan,<code>w&amp;ae;tan</code>,4,0.0008911
150,we,<code>we</code>,4,0.0008911
150,were,<code>were</code>,4,0.0008911
150,wi&eth;,<code>wi&amp;d;</code>,4,0.0008911
150,xv,<code>xv</code>,4,0.0008911
195,&aelig;lmessan,<code>&amp;ae;lmessan</code>,3,0.0006683
195,&aelig;restan,<code>&amp;ae;restan</code>,3,0.0006683
195,&eth;&aelig;r,<code>&amp;d;&amp;ae;r</code>,3,0.0006683
195,&eth;eah,<code>&amp;d;eah</code>,3,0.0006683
195,&eth;icge,<code>&amp;d;icge</code>,3,0.0006683
195,&thorn;&aelig;m,<code>&amp;t;&amp;ae;m</code>,3,0.0006683
195,&thorn;&aelig;ne,<code>&amp;t;&amp;ae;ne</code>,3,0.0006683
195,&thorn;&aelig;r,<code>&amp;t;&amp;ae;r</code>,3,0.0006683
195,&thorn;urh,<code>&amp;t;urh</code>,3,0.0006683
195,ac,<code>ac</code>,3,0.0006683
195,alysan,<code>alysan</code>,3,0.0006683
195,anwealde,<code>anwealde</code>,3,0.0006683
195,baptizati,<code>baptizati</code>,3,0.0006683
195,begra,<code>begra</code>,3,0.0006683
195,beon,<code>beon</code>,3,0.0006683
195,cenne,<code>cenne</code>,3,0.0006683
195,cild,<code>cild</code>,3,0.0006683
195,cniht,<code>cniht</code>,3,0.0006683
195,cyrcan,<code>cyrcan</code>,3,0.0006683
195,dohtor,<code>dohtor</code>,3,0.0006683
195,drince,<code>drince</code>,3,0.0006683
195,eall,<code>eall</code>,3,0.0006683
195,ealle,<code>ealle</code>,3,0.0006683
195,etanne,<code>etanne</code>,3,0.0006683
195,f&aelig;mnan,<code>f&amp;ae;mnan</code>,3,0.0006683
195,f&aelig;mne,<code>f&amp;ae;mne</code>,3,0.0006683
195,fela,<code>fela</code>,3,0.0006683
195,fif,<code>fif</code>,3,0.0006683
195,fl&aelig;sc,<code>fl&amp;ae;sc</code>,3,0.0006683
195,for&eth;am,<code>for&amp;d;am</code>,3,0.0006683
195,for&eth;on,<code>for&amp;d;on</code>,3,0.0006683
195,forl&aelig;tan,<code>forl&amp;ae;tan</code>,3,0.0006683
195,forl&aelig;te,<code>forl&amp;ae;te</code>,3,0.0006683
195,forstele,<code>forstele</code>,3,0.0006683
195,fullige,<code>fullige</code>,3,0.0006683
195,fulluhte,<code>fulluhte</code>,3,0.0006683
195,geares,<code>geares</code>,3,0.0006683
195,gedo,<code>gedo</code>,3,0.0006683
195,geg&aelig;&eth;,<code>geg&amp;ae;&amp;d;</code>,3,0.0006683
195,gehalgod,<code>gehalgod</code>,3,0.0006683
195,gehalgodne,<code>gehalgodne</code>,3,0.0006683
195,geseo,<code>geseo</code>,3,0.0006683
195,gesungen,<code>gesungen</code>,3,0.0006683
195,god,<code>god</code>,3,0.0006683
195,godes,<code>godes</code>,3,0.0006683
195,h&aelig;med,<code>h&amp;ae;med</code>,3,0.0006683
195,hade,<code>hade</code>,3,0.0006683
195,hafa&eth;,<code>hafa&amp;d;</code>,3,0.0006683
195,hal,<code>hal</code>,3,0.0006683
195,hand,<code>hand</code>,3,0.0006683
195,heden,<code>heden</code>,3,0.0006683
195,heom,<code>heom</code>,3,0.0006683
195,hu,<code>hu</code>,3,0.0006683
195,hundum,<code>hundum</code>,3,0.0006683
195,husl,<code>husl</code>,3,0.0006683
195,ii,<code>ii</code>,3,0.0006683
195,l,<code>l</code>,3,0.0006683
195,l&aelig;wede,<code>l&amp;ae;wede</code>,3,0.0006683
195,m&aelig;ge,<code>m&amp;ae;ge</code>,3,0.0006683
195,m&aelig;ssepreost,<code>m&amp;ae;ssepreost</code>,3,0.0006683
195,m&aelig;ssepreostes,<code>m&amp;ae;ssepreostes</code>,3,0.0006683
195,mana&eth;,<code>mana&amp;d;</code>,3,0.0006683
195,mannum,<code>mannum</code>,3,0.0006683
195,mare,<code>mare</code>,3,0.0006683
195,mon,<code>mon</code>,3,0.0006683
195,munuc,<code>munuc</code>,3,0.0006683
195,mynster,<code>mynster</code>,3,0.0006683
195,myrten,<code>myrten</code>,3,0.0006683
195,nigo&eth;an,<code>nigo&amp;d;an</code>,3,0.0006683
195,nyd&thorn;earf,<code>nyd&amp;t;earf</code>,3,0.0006683
195,onfo,<code>onfo</code>,3,0.0006683
195,riht,<code>riht</code>,3,0.0006683
195,saltere,<code>saltere</code>,3,0.0006683
195,swelte,<code>swelte</code>,3,0.0006683
195,swerige,<code>swerige</code>,3,0.0006683
195,swy&eth;or,<code>swy&amp;d;or</code>,3,0.0006683
195,syllan,<code>syllan</code>,3,0.0006683
195,uncl&aelig;ne,<code>uncl&amp;ae;ne</code>,3,0.0006683
195,unhadod,<code>unhadod</code>,3,0.0006683
195,wat,<code>wat</code>,3,0.0006683
195,wesle,<code>wesle</code>,3,0.0006683
195,yldo,<code>yldo</code>,3,0.0006683
277,&aelig;fenes,<code>&amp;ae;fenes</code>,2,0.0004455
277,&aelig;ftere,<code>&amp;ae;ftere</code>,2,0.0004455
277,&aelig;g&eth;er,<code>&amp;ae;g&amp;d;er</code>,2,0.0004455
277,&aelig;ghw&aelig;&eth;er,<code>&amp;ae;ghw&amp;ae;&amp;d;er</code>,2,0.0004455
277,&aelig;niges,<code>&amp;ae;niges</code>,2,0.0004455
277,&aelig;rest,<code>&amp;ae;rest</code>,2,0.0004455
277,&eth;&aelig;m,<code>&amp;d;&amp;ae;m</code>,2,0.0004455
277,&eth;eana,<code>&amp;d;eana</code>,2,0.0004455
277,&eth;eowa,<code>&amp;d;eowa</code>,2,0.0004455
277,&eth;eowan,<code>&amp;d;eowan</code>,2,0.0004455
277,&eth;ince,<code>&amp;d;ince</code>,2,0.0004455
277,&thorn;ara,<code>&amp;t;ara</code>,2,0.0004455
277,&thorn;icge,<code>&amp;t;icge</code>,2,0.0004455
277,&thorn;icgean,<code>&amp;t;icgean</code>,2,0.0004455
277,a,<code>a</code>,2,0.0004455
277,afealle,<code>afealle</code>,2,0.0004455
277,ageote,<code>ageote</code>,2,0.0004455
277,aliorum,<code>aliorum</code>,2,0.0004455
277,anum,<code>anum</code>,2,0.0004455
277,arise,<code>arise</code>,2,0.0004455
277,aspiwe,<code>aspiwe</code>,2,0.0004455
277,aworpen,<code>aworpen</code>,2,0.0004455
277,be,<code>be</code>,2,0.0004455
277,beboden,<code>beboden</code>,2,0.0004455
277,bidde,<code>bidde</code>,2,0.0004455
277,bis,<code>bis</code>,2,0.0004455
277,bro&eth;or,<code>bro&amp;d;or</code>,2,0.0004455
277,byre&eth;,<code>byre&amp;d;</code>,2,0.0004455
277,byrgenne,<code>byrgenne</code>,2,0.0004455
277,c&aelig;ppan,<code>c&amp;ae;ppan</code>,2,0.0004455
277,causis,<code>causis</code>,2,0.0004455
277,cl&aelig;ne,<code>cl&amp;ae;ne</code>,2,0.0004455
277,cneowe,<code>cneowe</code>,2,0.0004455
277,cosse,<code>cosse</code>,2,0.0004455
277,crisman,<code>crisman</code>,2,0.0004455
277,crist,<code>crist</code>,2,0.0004455
277,cum,<code>cum</code>,2,0.0004455
277,cume,<code>cume</code>,2,0.0004455
277,cwelle,<code>cwelle</code>,2,0.0004455
277,dea&eth;e,<code>dea&amp;d;e</code>,2,0.0004455
277,deade,<code>deade</code>,2,0.0004455
277,deoflum,<code>deoflum</code>,2,0.0004455
277,domini,<code>domini</code>,2,0.0004455
277,don,<code>don</code>,2,0.0004455
277,eac,<code>eac</code>,2,0.0004455
277,eal,<code>eal</code>,2,0.0004455
277,eardian,<code>eardian</code>,2,0.0004455
277,eastran,<code>eastran</code>,2,0.0004455
277,ende,<code>ende</code>,2,0.0004455
277,eor&eth;an,<code>eor&amp;d;an</code>,2,0.0004455
277,est,<code>est</code>,2,0.0004455
277,euuangelium,<code>euuangelium</code>,2,0.0004455
277,feor&eth;an,<code>feor&amp;d;an</code>,2,0.0004455
277,feowertig,<code>feowertig</code>,2,0.0004455
277,fiftan,<code>fiftan</code>,2,0.0004455
277,for&eth;an,<code>for&amp;d;an</code>,2,0.0004455
277,forgylde,<code>forgylde</code>,2,0.0004455
277,forl&aelig;te&eth;,<code>forl&amp;ae;te&amp;d;</code>,2,0.0004455
277,fremme,<code>fremme</code>,2,0.0004455
277,freoh,<code>freoh</code>,2,0.0004455
277,fulle,<code>fulle</code>,2,0.0004455
277,fullode,<code>fullode</code>,2,0.0004455
277,fulluhtes,<code>fulluhtes</code>,2,0.0004455
277,fyren,<code>fyren</code>,2,0.0004455
277,g&aelig;&eth;,<code>g&amp;ae;&amp;d;</code>,2,0.0004455
277,ga&eth;,<code>ga&amp;d;</code>,2,0.0004455
277,ge,<code>ge</code>,2,0.0004455
277,ge&eth;afunga,<code>ge&amp;d;afunga</code>,2,0.0004455
277,ge&eth;eoded,<code>ge&amp;d;eoded</code>,2,0.0004455
277,geare,<code>geare</code>,2,0.0004455
277,gecynde,<code>gecynde</code>,2,0.0004455
277,gedafena&eth;,<code>gedafena&amp;d;</code>,2,0.0004455
277,gefullod,<code>gefullod</code>,2,0.0004455
277,gehate,<code>gehate</code>,2,0.0004455
277,gelice,<code>gelice</code>,2,0.0004455
277,gelimpe,<code>gelimpe</code>,2,0.0004455
277,gelome,<code>gelome</code>,2,0.0004455
277,gemette,<code>gemette</code>,2,0.0004455
277,generationibus,<code>generationibus</code>,2,0.0004455
277,geolum,<code>geolum</code>,2,0.0004455
277,gesinscype,<code>gesinscype</code>,2,0.0004455
277,gewemme,<code>gewemme</code>,2,0.0004455
277,gewitnesse,<code>gewitnesse</code>,2,0.0004455
277,gode,<code>gode</code>,2,0.0004455
277,gylde,<code>gylde</code>,2,0.0004455
277,gymeleaste,<code>gymeleaste</code>,2,0.0004455
277,habban,<code>habban</code>,2,0.0004455
277,haligw&aelig;tere,<code>haligw&amp;ae;tere</code>,2,0.0004455
277,handum,<code>handum</code>,2,0.0004455
277,hlaf,<code>hlaf</code>,2,0.0004455
277,homicidiis,<code>homicidiis</code>,2,0.0004455
277,hreowsige,<code>hreowsige</code>,2,0.0004455
277,hus,<code>hus</code>,2,0.0004455
277,hw&aelig;&eth;er,<code>hw&amp;ae;&amp;d;er</code>,2,0.0004455
277,hw&aelig;&thorn;er,<code>hw&amp;ae;&amp;t;er</code>,2,0.0004455
277,hw&aelig;t,<code>hw&amp;ae;t</code>,2,0.0004455
277,hwa,<code>hwa</code>,2,0.0004455
277,hwilc,<code>hwilc</code>,2,0.0004455
277,hwylcum,<code>hwylcum</code>,2,0.0004455
277,iv,<code>iv</code>,2,0.0004455
277,lichaman,<code>lichaman</code>,2,0.0004455
277,lifigendum,<code>lifigendum</code>,2,0.0004455
277,lyfan,<code>lyfan</code>,2,0.0004455
277,lytel,<code>lytel</code>,2,0.0004455
277,m&aelig;ssere,<code>m&amp;ae;ssere</code>,2,0.0004455
277,magum,<code>magum</code>,2,0.0004455
277,maran,<code>maran</code>,2,0.0004455
277,missarum,<code>missarum</code>,2,0.0004455
277,mona&eth;adle,<code>mona&amp;d;adle</code>,2,0.0004455
277,mor&eth;,<code>mor&amp;d;</code>,2,0.0004455
277,mycele,<code>mycele</code>,2,0.0004455
277,mynstergang,<code>mynstergang</code>,2,0.0004455
277,myr&eth;ra,<code>myr&amp;d;ra</code>,2,0.0004455
277,n&aelig;bbe,<code>n&amp;ae;bbe</code>,2,0.0004455
277,n&aelig;nig,<code>n&amp;ae;nig</code>,2,0.0004455
277,nal&aelig;s,<code>nal&amp;ae;s</code>,2,0.0004455
277,naman,<code>naman</code>,2,0.0004455
277,neate,<code>neate</code>,2,0.0004455
277,nime,<code>nime</code>,2,0.0004455
277,non,<code>non</code>,2,0.0004455
277,nyde,<code>nyde</code>,2,0.0004455
277,o&eth;res,<code>o&amp;d;res</code>,2,0.0004455
277,o&thorn;rum,<code>o&amp;t;rum</code>,2,0.0004455
277,onhrine,<code>onhrine</code>,2,0.0004455
277,pentecosten,<code>pentecosten</code>,2,0.0004455
277,psaltere,<code>psaltere</code>,2,0.0004455
277,que,<code>que</code>,2,0.0004455
277,r&aelig;dan,<code>r&amp;ae;dan</code>,2,0.0004455
277,r&aelig;de,<code>r&amp;ae;de</code>,2,0.0004455
277,rihtum,<code>rihtum</code>,2,0.0004455
277,romanum,<code>romanum</code>,2,0.0004455
277,sacerdotibus,<code>sacerdotibus</code>,2,0.0004455
277,si&eth;e,<code>si&amp;d;e</code>,2,0.0004455
277,singe&eth;,<code>singe&amp;d;</code>,2,0.0004455
277,slea,<code>slea</code>,2,0.0004455
277,stale,<code>stale</code>,2,0.0004455
277,swinge,<code>swinge</code>,2,0.0004455
277,swy&eth;e,<code>swy&amp;d;e</code>,2,0.0004455
277,synt,<code>synt</code>,2,0.0004455
277,tuwa,<code>tuwa</code>,2,0.0004455
277,under,<code>under</code>,2,0.0004455
277,unlibban,<code>unlibban</code>,2,0.0004455
277,unrihth&aelig;mede,<code>unrihth&amp;ae;mede</code>,2,0.0004455
277,untrum,<code>untrum</code>,2,0.0004455
277,weofode,<code>weofode</code>,2,0.0004455
277,weorc,<code>weorc</code>,2,0.0004455
277,womwlite,<code>womwlite</code>,2,0.0004455
277,wyrce,<code>wyrce</code>,2,0.0004455
277,wyrpe,<code>wyrpe</code>,2,0.0004455
277,yfela,<code>yfela</code>,2,0.0004455
277,yrfes,<code>yrfes</code>,2,0.0004455
428,&aelig;fen,<code>&amp;ae;fen</code>,1,0.0002228
428,&aelig;fenne,<code>&amp;ae;fenne</code>,1,0.0002228
428,&aelig;festen,<code>&amp;ae;festen</code>,1,0.0002228
428,&aelig;festena,<code>&amp;ae;festena</code>,1,0.0002228
428,&aelig;festra,<code>&amp;ae;festra</code>,1,0.0002228
428,&aelig;fre,<code>&amp;ae;fre</code>,1,0.0002228
428,&aelig;fteran,<code>&amp;ae;fteran</code>,1,0.0002228
428,&aelig;ghwylc,<code>&amp;ae;ghwylc</code>,1,0.0002228
428,&aelig;ghwylce,<code>&amp;ae;ghwylce</code>,1,0.0002228
428,&aelig;ghwylcere,<code>&amp;ae;ghwylcere</code>,1,0.0002228
428,&aelig;lc,<code>&amp;ae;lc</code>,1,0.0002228
428,&aelig;lce,<code>&amp;ae;lce</code>,1,0.0002228
428,&aelig;llriht,<code>&amp;ae;llriht</code>,1,0.0002228
428,&aelig;mtig,<code>&amp;ae;mtig</code>,1,0.0002228
428,&aelig;mtigne,<code>&amp;ae;mtigne</code>,1,0.0002228
428,&aelig;ne,<code>&amp;ae;ne</code>,1,0.0002228
428,&aelig;nig,<code>&amp;ae;nig</code>,1,0.0002228
428,&aelig;rran,<code>&amp;ae;rran</code>,1,0.0002228
428,&aelig;thrine,<code>&amp;ae;thrine</code>,1,0.0002228
428,&aelig;wyrpe,<code>&amp;ae;wyrpe</code>,1,0.0002228
428,&eth;earf,<code>&amp;d;earf</code>,1,0.0002228
428,&eth;eaw,<code>&amp;d;eaw</code>,1,0.0002228
428,&eth;eawe,<code>&amp;d;eawe</code>,1,0.0002228
428,&eth;enung,<code>&amp;d;enung</code>,1,0.0002228
428,&eth;eodde,<code>&amp;d;eodde</code>,1,0.0002228
428,&eth;i,<code>&amp;d;i</code>,1,0.0002228
428,&eth;icgan,<code>&amp;d;icgan</code>,1,0.0002228
428,&eth;icgenne,<code>&amp;d;icgenne</code>,1,0.0002228
428,&eth;ingum,<code>&amp;d;ingum</code>,1,0.0002228
428,&eth;olige,<code>&amp;d;olige</code>,1,0.0002228
428,&eth;ridde,<code>&amp;d;ridde</code>,1,0.0002228
428,&eth;rym,<code>&amp;d;rym</code>,1,0.0002228
428,&eth;u,<code>&amp;d;u</code>,1,0.0002228
428,&eth;us,<code>&amp;d;us</code>,1,0.0002228
428,&eth;wea,<code>&amp;d;wea</code>,1,0.0002228
428,&eth;ylces,<code>&amp;d;ylces</code>,1,0.0002228
428,&eth;ysum,<code>&amp;d;ysum</code>,1,0.0002228
428,&eth;ywen,<code>&amp;d;ywen</code>,1,0.0002228
428,&thorn;&aelig;ron,<code>&amp;t;&amp;ae;ron</code>,1,0.0002228
428,&thorn;afa&eth;,<code>&amp;t;afa&amp;d;</code>,1,0.0002228
428,&thorn;ances,<code>&amp;t;ances</code>,1,0.0002228
428,&thorn;earf,<code>&amp;t;earf</code>,1,0.0002228
428,&thorn;earfende,<code>&amp;t;earfende</code>,1,0.0002228
428,&thorn;earfum,<code>&amp;t;earfum</code>,1,0.0002228
428,&thorn;eh,<code>&amp;t;eh</code>,1,0.0002228
428,&thorn;eode&eth;,<code>&amp;t;eode&amp;d;</code>,1,0.0002228
428,&thorn;eow,<code>&amp;t;eow</code>,1,0.0002228
428,&thorn;eowet,<code>&amp;t;eowet</code>,1,0.0002228
428,&thorn;eowne,<code>&amp;t;eowne</code>,1,0.0002228
428,&thorn;es,<code>&amp;t;es</code>,1,0.0002228
428,&thorn;icgan,<code>&amp;t;icgan</code>,1,0.0002228
428,&thorn;isses,<code>&amp;t;isses</code>,1,0.0002228
428,&thorn;isum,<code>&amp;t;isum</code>,1,0.0002228
428,&thorn;on,<code>&amp;t;on</code>,1,0.0002228
428,&thorn;reatigea&eth;,<code>&amp;t;reatigea&amp;d;</code>,1,0.0002228
428,&thorn;reom,<code>&amp;t;reom</code>,1,0.0002228
428,&thorn;reotteoga&eth;an,<code>&amp;t;reotteoga&amp;d;an</code>,1,0.0002228
428,&thorn;rittigo&eth;an,<code>&amp;t;rittigo&amp;d;an</code>,1,0.0002228
428,&thorn;riwa,<code>&amp;t;riwa</code>,1,0.0002228
428,&thorn;rym,<code>&amp;t;rym</code>,1,0.0002228
428,&thorn;u,<code>&amp;t;u</code>,1,0.0002228
428,&thorn;yf&eth;e,<code>&amp;t;yf&amp;d;e</code>,1,0.0002228
428,&thorn;yslices,<code>&amp;t;yslices</code>,1,0.0002228
428,&thorn;ysum,<code>&amp;t;ysum</code>,1,0.0002228
428,a&eth;,<code>a&amp;d;</code>,1,0.0002228
428,a&eth;er,<code>a&amp;d;er</code>,1,0.0002228
428,a&thorn;e,<code>a&amp;t;e</code>,1,0.0002228
428,abbod,<code>abbod</code>,1,0.0002228
428,abite,<code>abite</code>,1,0.0002228
428,abstinete,<code>abstinete</code>,1,0.0002228
428,actibus,<code>actibus</code>,1,0.0002228
428,acwella&eth;,<code>acwella&amp;d;</code>,1,0.0002228
428,acwelle&eth;,<code>acwelle&amp;d;</code>,1,0.0002228
428,administratione,<code>administratione</code>,1,0.0002228
428,adruncen,<code>adruncen</code>,1,0.0002228
428,adulterantem,<code>adulterantem</code>,1,0.0002228
428,af&aelig;ste,<code>af&amp;ae;ste</code>,1,0.0002228
428,agan,<code>agan</code>,1,0.0002228
428,agant,<code>agant</code>,1,0.0002228
428,agende,<code>agende</code>,1,0.0002228
428,agene,<code>agene</code>,1,0.0002228
428,agenre,<code>agenre</code>,1,0.0002228
428,agenum,<code>agenum</code>,1,0.0002228
428,agotenesse,<code>agotenesse</code>,1,0.0002228
428,agyfe,<code>agyfe</code>,1,0.0002228
428,agyltan,<code>agyltan</code>,1,0.0002228
428,agyte&eth;,<code>agyte&amp;d;</code>,1,0.0002228
428,ahebban,<code>ahebban</code>,1,0.0002228
428,ahenge,<code>ahenge</code>,1,0.0002228
428,alyfed,<code>alyfed</code>,1,0.0002228
428,amansia&eth;,<code>amansia&amp;d;</code>,1,0.0002228
428,amansumode,<code>amansumode</code>,1,0.0002228
428,ammonitio,<code>ammonitio</code>,1,0.0002228
428,ana,<code>ana</code>,1,0.0002228
428,anbide,<code>anbide</code>,1,0.0002228
428,ane,<code>ane</code>,1,0.0002228
428,anl&aelig;te,<code>anl&amp;ae;te</code>,1,0.0002228
428,ante,<code>ante</code>,1,0.0002228
428,apibus,<code>apibus</code>,1,0.0002228
428,apostol,<code>apostol</code>,1,0.0002228
428,apostolorum,<code>apostolorum</code>,1,0.0002228
428,aras,<code>aras</code>,1,0.0002228
428,are,<code>are</code>,1,0.0002228
428,ariopagita,<code>ariopagita</code>,1,0.0002228
428,asecgan,<code>asecgan</code>,1,0.0002228
428,asprungenra,<code>asprungenra</code>,1,0.0002228
428,atogen,<code>atogen</code>,1,0.0002228
428,augustinus,<code>augustinus</code>,1,0.0002228
428,awyrgede,<code>awyrgede</code>,1,0.0002228
428,b&aelig;c&thorn;earm,<code>b&amp;ae;c&amp;t;earm</code>,1,0.0002228
428,b&aelig;rne,<code>b&amp;ae;rne</code>,1,0.0002228
428,baptizatis,<code>baptizatis</code>,1,0.0002228
428,baptizato,<code>baptizato</code>,1,0.0002228
428,basilius,<code>basilius</code>,1,0.0002228
428,beforan,<code>beforan</code>,1,0.0002228
428,bega,<code>bega</code>,1,0.0002228
428,begea,<code>begea</code>,1,0.0002228
428,beginnan,<code>beginnan</code>,1,0.0002228
428,begite,<code>begite</code>,1,0.0002228
428,begytan,<code>begytan</code>,1,0.0002228
428,behofa&eth;,<code>behofa&amp;d;</code>,1,0.0002228
428,behydnysse,<code>behydnysse</code>,1,0.0002228
428,beor&eth;er,<code>beor&amp;d;er</code>,1,0.0002228
428,beor&eth;re,<code>beor&amp;d;re</code>,1,0.0002228
428,berece,<code>berece</code>,1,0.0002228
428,besmite,<code>besmite</code>,1,0.0002228
428,besmite&eth;,<code>besmite&amp;d;</code>,1,0.0002228
428,besmitenes,<code>besmitenes</code>,1,0.0002228
428,besmites,<code>besmites</code>,1,0.0002228
428,besmyten,<code>besmyten</code>,1,0.0002228
428,beswicen,<code>beswicen</code>,1,0.0002228
428,betan,<code>betan</code>,1,0.0002228
428,beten,<code>beten</code>,1,0.0002228
428,beton,<code>beton</code>,1,0.0002228
428,betweonan,<code>betweonan</code>,1,0.0002228
428,biddende,<code>biddende</code>,1,0.0002228
428,binnan,<code>binnan</code>,1,0.0002228
428,bisceop,<code>bisceop</code>,1,0.0002228
428,biscope,<code>biscope</code>,1,0.0002228
428,bletsige,<code>bletsige</code>,1,0.0002228
428,blinnesse,<code>blinnesse</code>,1,0.0002228
428,blode,<code>blode</code>,1,0.0002228
428,blodiges,<code>blodiges</code>,1,0.0002228
428,bot,<code>bot</code>,1,0.0002228
428,breca&eth;,<code>breca&amp;d;</code>,1,0.0002228
428,brecan,<code>brecan</code>,1,0.0002228
428,brece,<code>brece</code>,1,0.0002228
428,breost,<code>breost</code>,1,0.0002228
428,brucan,<code>brucan</code>,1,0.0002228
428,brunum,<code>brunum</code>,1,0.0002228
428,byrige&eth;,<code>byrige&amp;d;</code>,1,0.0002228
428,calic,<code>calic</code>,1,0.0002228
428,canon,<code>canon</code>,1,0.0002228
428,cat,<code>cat</code>,1,0.0002228
428,ccc,<code>ccc</code>,1,0.0002228
428,ceap,<code>ceap</code>,1,0.0002228
428,ceapas,<code>ceapas</code>,1,0.0002228
428,celebratio,<code>celebratio</code>,1,0.0002228
428,celebratione,<code>celebratione</code>,1,0.0002228
428,cennende,<code>cennende</code>,1,0.0002228
428,ceorle,<code>ceorle</code>,1,0.0002228
428,ceorles,<code>ceorles</code>,1,0.0002228
428,cl&aelig;nnesse,<code>cl&amp;ae;nnesse</code>,1,0.0002228
428,cneorisse,<code>cneorisse</code>,1,0.0002228
428,cnihtas,<code>cnihtas</code>,1,0.0002228
428,collectionem,<code>collectionem</code>,1,0.0002228
428,coniunctione,<code>coniunctione</code>,1,0.0002228
428,corn,<code>corn</code>,1,0.0002228
428,cr&aelig;fte,<code>cr&amp;ae;fte</code>,1,0.0002228
428,cristene,<code>cristene</code>,1,0.0002228
428,cristes,<code>cristes</code>,1,0.0002228
428,cristnunga,<code>cristnunga</code>,1,0.0002228
428,cu&eth;,<code>cu&amp;d;</code>,1,0.0002228
428,cuman,<code>cuman</code>,1,0.0002228
428,cw&aelig;don,<code>cw&amp;ae;don</code>,1,0.0002228
428,cwe&thorn;an,<code>cwe&amp;t;an</code>,1,0.0002228
428,cwican,<code>cwican</code>,1,0.0002228
428,cwicu,<code>cwicu</code>,1,0.0002228
428,cybo,<code>cybo</code>,1,0.0002228
428,cynnes,<code>cynnes</code>,1,0.0002228
428,cyricean,<code>cyricean</code>,1,0.0002228
428,cyssan,<code>cyssan</code>,1,0.0002228
428,cysse,<code>cysse</code>,1,0.0002228
428,d&aelig;dbot,<code>d&amp;ae;dbot</code>,1,0.0002228
428,d&aelig;gf&aelig;sten,<code>d&amp;ae;gf&amp;ae;sten</code>,1,0.0002228
428,d&aelig;gsw&aelig;sendo,<code>d&amp;ae;gsw&amp;ae;sendo</code>,1,0.0002228
428,de&eth;,<code>de&amp;d;</code>,1,0.0002228
428,dea&eth;,<code>dea&amp;d;</code>,1,0.0002228
428,deadan,<code>deadan</code>,1,0.0002228
428,deadmus,<code>deadmus</code>,1,0.0002228
428,deadne,<code>deadne</code>,1,0.0002228
428,demde,<code>demde</code>,1,0.0002228
428,deme&eth;,<code>deme&amp;d;</code>,1,0.0002228
428,demonis,<code>demonis</code>,1,0.0002228
428,diacon,<code>diacon</code>,1,0.0002228
428,diaconas,<code>diaconas</code>,1,0.0002228
428,diacones,<code>diacones</code>,1,0.0002228
428,diaconis,<code>diaconis</code>,1,0.0002228
428,diei,<code>diei</code>,1,0.0002228
428,discedat,<code>discedat</code>,1,0.0002228
428,discedit,<code>discedit</code>,1,0.0002228
428,dom,<code>dom</code>,1,0.0002228
428,dominentur,<code>dominentur</code>,1,0.0002228
428,dominici,<code>dominici</code>,1,0.0002228
428,dominus,<code>dominus</code>,1,0.0002228
428,donne,<code>donne</code>,1,0.0002228
428,drycr&aelig;ft,<code>drycr&amp;ae;ft</code>,1,0.0002228
428,dyde,<code>dyde</code>,1,0.0002228
428,dyonisius,<code>dyonisius</code>,1,0.0002228
428,dyrnegeligenan,<code>dyrnegeligenan</code>,1,0.0002228
428,dyrnegeligera,<code>dyrnegeligera</code>,1,0.0002228
428,dyrnegeligeres,<code>dyrnegeligeres</code>,1,0.0002228
428,dyrnegeligeru,<code>dyrnegeligeru</code>,1,0.0002228
428,dysegon,<code>dysegon</code>,1,0.0002228
428,eald,<code>eald</code>,1,0.0002228
428,ealde,<code>ealde</code>,1,0.0002228
428,ealdras,<code>ealdras</code>,1,0.0002228
428,eallum,<code>eallum</code>,1,0.0002228
428,eallunga,<code>eallunga</code>,1,0.0002228
428,eastron,<code>eastron</code>,1,0.0002228
428,eftgehwyrfan,<code>eftgehwyrfan</code>,1,0.0002228
428,eftsona,<code>eftsona</code>,1,0.0002228
428,egla&eth;,<code>egla&amp;d;</code>,1,0.0002228
428,eglade,<code>eglade</code>,1,0.0002228
428,ejus,<code>ejus</code>,1,0.0002228
428,elcor,<code>elcor</code>,1,0.0002228
428,eldrena,<code>eldrena</code>,1,0.0002228
428,elelande,<code>elelande</code>,1,0.0002228
428,endlyfan,<code>endlyfan</code>,1,0.0002228
428,eorran,<code>eorran</code>,1,0.0002228
428,episcopis,<code>episcopis</code>,1,0.0002228
428,etate,<code>etate</code>,1,0.0002228
428,ete&eth;,<code>ete&amp;d;</code>,1,0.0002228
428,eucharistia,<code>eucharistia</code>,1,0.0002228
428,eucharistiae,<code>eucharistiae</code>,1,0.0002228
428,euuangelio,<code>euuangelio</code>,1,0.0002228
428,euuangelista,<code>euuangelista</code>,1,0.0002228
428,f&aelig;sta&eth;,<code>f&amp;ae;sta&amp;d;</code>,1,0.0002228
428,f&aelig;ste&eth;,<code>f&amp;ae;ste&amp;d;</code>,1,0.0002228
428,f&aelig;stendagas,<code>f&amp;ae;stendagas</code>,1,0.0002228
428,f&aelig;stene,<code>f&amp;ae;stene</code>,1,0.0002228
428,f&aelig;stenne,<code>f&amp;ae;stenne</code>,1,0.0002228
428,fare,<code>fare</code>,1,0.0002228
428,fealle,<code>fealle</code>,1,0.0002228
428,fearh,<code>fearh</code>,1,0.0002228
428,feferadle,<code>feferadle</code>,1,0.0002228
428,feo&eth;,<code>feo&amp;d;</code>,1,0.0002228
428,feo&eth;erfotneat,<code>feo&amp;d;erfotneat</code>,1,0.0002228
428,feoh,<code>feoh</code>,1,0.0002228
428,feond,<code>feond</code>,1,0.0002228
428,feondum,<code>feondum</code>,1,0.0002228
428,feos,<code>feos</code>,1,0.0002228
428,feowertiges,<code>feowertiges</code>,1,0.0002228
428,feowertigum,<code>feowertigum</code>,1,0.0002228
428,feowertynewintre,<code>feowertynewintre</code>,1,0.0002228
428,fixas,<code>fixas</code>,1,0.0002228
428,fl&aelig;sces,<code>fl&amp;ae;sces</code>,1,0.0002228
428,fo&eth;,<code>fo&amp;d;</code>,1,0.0002228
428,folc,<code>folc</code>,1,0.0002228
428,folce,<code>folce</code>,1,0.0002228
428,folces,<code>folces</code>,1,0.0002228
428,folcgefeohte,<code>folcgefeohte</code>,1,0.0002228
428,for&eth;fere&eth;,<code>for&amp;d;fere&amp;d;</code>,1,0.0002228
428,for&eth;feredne,<code>for&amp;d;feredne</code>,1,0.0002228
428,for&eth;getenum,<code>for&amp;d;getenum</code>,1,0.0002228
428,foran,<code>foran</code>,1,0.0002228
428,forb&aelig;rne,<code>forb&amp;ae;rne</code>,1,0.0002228
428,forboden,<code>forboden</code>,1,0.0002228
428,foreweardre,<code>foreweardre</code>,1,0.0002228
428,forgange,<code>forgange</code>,1,0.0002228
428,forgyfan,<code>forgyfan</code>,1,0.0002228
428,forgymeleasige,<code>forgymeleasige</code>,1,0.0002228
428,forh&aelig;bbe,<code>forh&amp;ae;bbe</code>,1,0.0002228
428,forl&aelig;ton,<code>forl&amp;ae;ton</code>,1,0.0002228
428,fornicatione,<code>fornicatione</code>,1,0.0002228
428,forstolen,<code>forstolen</code>,1,0.0002228
428,forswelge,<code>forswelge</code>,1,0.0002228
428,forswi&eth;,<code>forswi&amp;d;</code>,1,0.0002228
428,fratrem,<code>fratrem</code>,1,0.0002228
428,frefrede,<code>frefrede</code>,1,0.0002228
428,fremede,<code>fremede</code>,1,0.0002228
428,fremman,<code>fremman</code>,1,0.0002228
428,freo,<code>freo</code>,1,0.0002228
428,freols,<code>freols</code>,1,0.0002228
428,freoman,<code>freoman</code>,1,0.0002228
428,frete,<code>frete</code>,1,0.0002228
428,friged&aelig;ge,<code>friged&amp;ae;ge</code>,1,0.0002228
428,frynd,<code>frynd</code>,1,0.0002228
428,fugelas,<code>fugelas</code>,1,0.0002228
428,fulla&eth;,<code>fulla&amp;d;</code>,1,0.0002228
428,fullice,<code>fullice</code>,1,0.0002228
428,fynde,<code>fynde</code>,1,0.0002228
428,fyr,<code>fyr</code>,1,0.0002228
428,fyrena,<code>fyrena</code>,1,0.0002228
428,galdorcr&aelig;ft,<code>galdorcr&amp;ae;ft</code>,1,0.0002228
428,gast,<code>gast</code>,1,0.0002228
428,gastes,<code>gastes</code>,1,0.0002228
428,ge&eth;afige,<code>ge&amp;d;afige</code>,1,0.0002228
428,ge&eth;afode,<code>ge&amp;d;afode</code>,1,0.0002228
428,ge&eth;afunge,<code>ge&amp;d;afunge</code>,1,0.0002228
428,ge&eth;eodde,<code>ge&amp;d;eodde</code>,1,0.0002228
428,ge&eth;eode,<code>ge&amp;d;eode</code>,1,0.0002228
428,ge&eth;eodnysse,<code>ge&amp;d;eodnysse</code>,1,0.0002228
428,ge&eth;ohtes,<code>ge&amp;d;ohtes</code>,1,0.0002228
428,ge&eth;yded,<code>ge&amp;d;yded</code>,1,0.0002228
428,ge&thorn;afunga,<code>ge&amp;t;afunga</code>,1,0.0002228
428,ge&thorn;eahte,<code>ge&amp;t;eahte</code>,1,0.0002228
428,ge&thorn;inga&eth;,<code>ge&amp;t;inga&amp;d;</code>,1,0.0002228
428,ge&thorn;ohtes,<code>ge&amp;t;ohtes</code>,1,0.0002228
428,geallan,<code>geallan</code>,1,0.0002228
428,geandet,<code>geandet</code>,1,0.0002228
428,gearum,<code>gearum</code>,1,0.0002228
428,gebetan,<code>gebetan</code>,1,0.0002228
428,gebiddan,<code>gebiddan</code>,1,0.0002228
428,gebidde&eth;,<code>gebidde&amp;d;</code>,1,0.0002228
428,gebiscopie,<code>gebiscopie</code>,1,0.0002228
428,gebro&eth;ra,<code>gebro&amp;d;ra</code>,1,0.0002228
428,gebyrige,<code>gebyrige</code>,1,0.0002228
428,geceosan,<code>geceosan</code>,1,0.0002228
428,gecristnodon,<code>gecristnodon</code>,1,0.0002228
428,ged&aelig;len,<code>ged&amp;ae;len</code>,1,0.0002228
428,gede&eth;,<code>gede&amp;d;</code>,1,0.0002228
428,gedigean,<code>gedigean</code>,1,0.0002228
428,gedyde,<code>gedyde</code>,1,0.0002228
428,geeacnunga,<code>geeacnunga</code>,1,0.0002228
428,gefreme&eth;,<code>gefreme&amp;d;</code>,1,0.0002228
428,gefremme,<code>gefremme</code>,1,0.0002228
428,gefremmon,<code>gefremmon</code>,1,0.0002228
428,gefreoge,<code>gefreoge</code>,1,0.0002228
428,gefrige,<code>gefrige</code>,1,0.0002228
428,gefullad,<code>gefullad</code>,1,0.0002228
428,gefulledon,<code>gefulledon</code>,1,0.0002228
428,gefullode,<code>gefullode</code>,1,0.0002228
428,gefylde,<code>gefylde</code>,1,0.0002228
428,gefyllan,<code>gefyllan</code>,1,0.0002228
428,gefylle,<code>gefylle</code>,1,0.0002228
428,gefyrena&eth;,<code>gefyrena&amp;d;</code>,1,0.0002228
428,gefyrenian,<code>gefyrenian</code>,1,0.0002228
428,gegadan,<code>gegadan</code>,1,0.0002228
428,gegaderunga,<code>gegaderunga</code>,1,0.0002228
428,geh&aelig;ftan,<code>geh&amp;ae;ftan</code>,1,0.0002228
428,geh&aelig;fte,<code>geh&amp;ae;fte</code>,1,0.0002228
428,geh&aelig;lan,<code>geh&amp;ae;lan</code>,1,0.0002228
428,geh&aelig;man,<code>geh&amp;ae;man</code>,1,0.0002228
428,geh&aelig;me,<code>geh&amp;ae;me</code>,1,0.0002228
428,gehalgedum,<code>gehalgedum</code>,1,0.0002228
428,gehatan,<code>gehatan</code>,1,0.0002228
428,gehate&eth;,<code>gehate&amp;d;</code>,1,0.0002228
428,gehealdan,<code>gehealdan</code>,1,0.0002228
428,gehwylce,<code>gehwylce</code>,1,0.0002228
428,gehwylcum,<code>gehwylcum</code>,1,0.0002228
428,gehwyrce,<code>gehwyrce</code>,1,0.0002228
428,gel&aelig;ded,<code>gel&amp;ae;ded</code>,1,0.0002228
428,gelang,<code>gelang</code>,1,0.0002228
428,geleofe,<code>geleofe</code>,1,0.0002228
428,gelices,<code>gelices</code>,1,0.0002228
428,gelyfa&eth;,<code>gelyfa&amp;d;</code>,1,0.0002228
428,gemanan,<code>gemanan</code>,1,0.0002228
428,gemeleaste,<code>gemeleaste</code>,1,0.0002228
428,gemeted,<code>gemeted</code>,1,0.0002228
428,genime,<code>genime</code>,1,0.0002228
428,genime&eth;,<code>genime&amp;d;</code>,1,0.0002228
428,genumenne,<code>genumenne</code>,1,0.0002228
428,genyrwode,<code>genyrwode</code>,1,0.0002228
428,geogu&eth;e,<code>geogu&amp;d;e</code>,1,0.0002228
428,geong,<code>geong</code>,1,0.0002228
428,geongan,<code>geongan</code>,1,0.0002228
428,geote,<code>geote</code>,1,0.0002228
428,gerena&eth;,<code>gerena&amp;d;</code>,1,0.0002228
428,gereordia&eth;,<code>gereordia&amp;d;</code>,1,0.0002228
428,gesamnian,<code>gesamnian</code>,1,0.0002228
428,gesamnigan,<code>gesamnigan</code>,1,0.0002228
428,gesamnigean,<code>gesamnigean</code>,1,0.0002228
428,gesamnodon,<code>gesamnodon</code>,1,0.0002228
428,gesamnunga,<code>gesamnunga</code>,1,0.0002228
428,gesawlad,<code>gesawlad</code>,1,0.0002228
428,gesceadan,<code>gesceadan</code>,1,0.0002228
428,gesceadene,<code>gesceadene</code>,1,0.0002228
428,gesceadwisnesse,<code>gesceadwisnesse</code>,1,0.0002228
428,gescyldra,<code>gescyldra</code>,1,0.0002228
428,gescyldro,<code>gescyldro</code>,1,0.0002228
428,gesenodne,<code>gesenodne</code>,1,0.0002228
428,gesette,<code>gesette</code>,1,0.0002228
428,gesingan,<code>gesingan</code>,1,0.0002228
428,gestryne,<code>gestryne</code>,1,0.0002228
428,gesyh&eth;e,<code>gesyh&amp;d;e</code>,1,0.0002228
428,gesyllan,<code>gesyllan</code>,1,0.0002228
428,gesylle,<code>gesylle</code>,1,0.0002228
428,gesystro,<code>gesystro</code>,1,0.0002228
428,getyd,<code>getyd</code>,1,0.0002228
428,geweald,<code>geweald</code>,1,0.0002228
428,gewealdum,<code>gewealdum</code>,1,0.0002228
428,geweaxan,<code>geweaxan</code>,1,0.0002228
428,geweddod,<code>geweddod</code>,1,0.0002228
428,geweddodan,<code>geweddodan</code>,1,0.0002228
428,gewinnan,<code>gewinnan</code>,1,0.0002228
428,gewite,<code>gewite</code>,1,0.0002228
428,gewundige,<code>gewundige</code>,1,0.0002228
428,gewyrce,<code>gewyrce</code>,1,0.0002228
428,geyced,<code>geyced</code>,1,0.0002228
428,gifan,<code>gifan</code>,1,0.0002228
428,gife,<code>gife</code>,1,0.0002228
428,godne,<code>godne</code>,1,0.0002228
428,gustant,<code>gustant</code>,1,0.0002228
428,gyldan,<code>gyldan</code>,1,0.0002228
428,gylte,<code>gylte</code>,1,0.0002228
428,gyrne&eth;,<code>gyrne&amp;d;</code>,1,0.0002228
428,gyt,<code>gyt</code>,1,0.0002228
428,h&aelig;&eth;ena,<code>h&amp;ae;&amp;d;ena</code>,1,0.0002228
428,h&aelig;&eth;enan,<code>h&amp;ae;&amp;d;enan</code>,1,0.0002228
428,h&aelig;&thorn;en,<code>h&amp;ae;&amp;t;en</code>,1,0.0002228
428,h&aelig;fde,<code>h&amp;ae;fde</code>,1,0.0002228
428,h&aelig;ftnyd,<code>h&amp;ae;ftnyd</code>,1,0.0002228
428,h&aelig;ftnyde,<code>h&amp;ae;ftnyde</code>,1,0.0002228
428,h&aelig;gsteald,<code>h&amp;ae;gsteald</code>,1,0.0002228
428,h&aelig;le,<code>h&amp;ae;le</code>,1,0.0002228
428,h&aelig;med&thorn;inc,<code>h&amp;ae;med&amp;t;inc</code>,1,0.0002228
428,h&aelig;rfest,<code>h&amp;ae;rfest</code>,1,0.0002228
428,had,<code>had</code>,1,0.0002228
428,hades,<code>hades</code>,1,0.0002228
428,halde,<code>halde</code>,1,0.0002228
428,halgan,<code>halgan</code>,1,0.0002228
428,halgian,<code>halgian</code>,1,0.0002228
428,halgie,<code>halgie</code>,1,0.0002228
428,halgunga,<code>halgunga</code>,1,0.0002228
428,halig,<code>halig</code>,1,0.0002228
428,haligra,<code>haligra</code>,1,0.0002228
428,haligre,<code>haligre</code>,1,0.0002228
428,haran,<code>haran</code>,1,0.0002228
428,hata&eth;,<code>hata&amp;d;</code>,1,0.0002228
428,heafucfugel,<code>heafucfugel</code>,1,0.0002228
428,healdon,<code>healdon</code>,1,0.0002228
428,healf,<code>healf</code>,1,0.0002228
428,healfsodenum,<code>healfsodenum</code>,1,0.0002228
428,healice,<code>healice</code>,1,0.0002228
428,hearde,<code>hearde</code>,1,0.0002228
428,henfugel,<code>henfugel</code>,1,0.0002228
428,hindan,<code>hindan</code>,1,0.0002228
428,hiw,<code>hiw</code>,1,0.0002228
428,hlafe,<code>hlafe</code>,1,0.0002228
428,hlaford,<code>hlaford</code>,1,0.0002228
428,hlafordes,<code>hlafordes</code>,1,0.0002228
428,hleor,<code>hleor</code>,1,0.0002228
428,homicida,<code>homicida</code>,1,0.0002228
428,homine,<code>homine</code>,1,0.0002228
428,hornas,<code>hornas</code>,1,0.0002228
428,hors,<code>hors</code>,1,0.0002228
428,horses,<code>horses</code>,1,0.0002228
428,hr&aelig;gle,<code>hr&amp;ae;gle</code>,1,0.0002228
428,hra&eth;e,<code>hra&amp;d;e</code>,1,0.0002228
428,hreofel,<code>hreofel</code>,1,0.0002228
428,hreowe,<code>hreowe</code>,1,0.0002228
428,hreowe&eth;,<code>hreowe&amp;d;</code>,1,0.0002228
428,hreowsiendne,<code>hreowsiendne</code>,1,0.0002228
428,hrife,<code>hrife</code>,1,0.0002228
428,hrine,<code>hrine</code>,1,0.0002228
428,hry&eth;er,<code>hry&amp;d;er</code>,1,0.0002228
428,hunig,<code>hunig</code>,1,0.0002228
428,huse,<code>huse</code>,1,0.0002228
428,husles,<code>husles</code>,1,0.0002228
428,hw&aelig;&eth;ere,<code>hw&amp;ae;&amp;d;ere</code>,1,0.0002228
428,hw&aelig;s,<code>hw&amp;ae;s</code>,1,0.0002228
428,hw&aelig;thwegu,<code>hw&amp;ae;thwegu</code>,1,0.0002228
428,hw&aelig;thwuga,<code>hw&amp;ae;thwuga</code>,1,0.0002228
428,hw&aelig;thwugu,<code>hw&amp;ae;thwugu</code>,1,0.0002228
428,hwe&eth;re,<code>hwe&amp;d;re</code>,1,0.0002228
428,hwylcehwegu,<code>hwylcehwegu</code>,1,0.0002228
428,hwylcere,<code>hwylcere</code>,1,0.0002228
428,hwylces,<code>hwylces</code>,1,0.0002228
428,hwylcne,<code>hwylcne</code>,1,0.0002228
428,hwylcnehwugu,<code>hwylcnehwugu</code>,1,0.0002228
428,hyda,<code>hyda</code>,1,0.0002228
428,i,<code>i</code>,1,0.0002228
428,idolatria,<code>idolatria</code>,1,0.0002228
428,ignorantia,<code>ignorantia</code>,1,0.0002228
428,immolantur,<code>immolantur</code>,1,0.0002228
428,impie,<code>impie</code>,1,0.0002228
428,incestis,<code>incestis</code>,1,0.0002228
428,infantibus,<code>infantibus</code>,1,0.0002228
428,infidelis,<code>infidelis</code>,1,0.0002228
428,inmunda,<code>inmunda</code>,1,0.0002228
428,israhele,<code>israhele</code>,1,0.0002228
428,item,<code>item</code>,1,0.0002228
428,iudicantur,<code>iudicantur</code>,1,0.0002228
428,iunguntur,<code>iunguntur</code>,1,0.0002228
428,iuramento,<code>iuramento</code>,1,0.0002228
428,iuvenis,<code>iuvenis</code>,1,0.0002228
428,johannes,<code>johannes</code>,1,0.0002228
428,l&aelig;ce,<code>l&amp;ae;ce</code>,1,0.0002228
428,l&aelig;cedome,<code>l&amp;ae;cedome</code>,1,0.0002228
428,l&aelig;cefeoh,<code>l&amp;ae;cefeoh</code>,1,0.0002228
428,l&aelig;ded,<code>l&amp;ae;ded</code>,1,0.0002228
428,l&aelig;s,<code>l&amp;ae;s</code>,1,0.0002228
428,l&aelig;tan,<code>l&amp;ae;tan</code>,1,0.0002228
428,l&aelig;te,<code>l&amp;ae;te</code>,1,0.0002228
428,l&aelig;wedes,<code>l&amp;ae;wedes</code>,1,0.0002228
428,l&aelig;wedne,<code>l&amp;ae;wedne</code>,1,0.0002228
428,l&aelig;wedra,<code>l&amp;ae;wedra</code>,1,0.0002228
428,lange,<code>lange</code>,1,0.0002228
428,lavacro,<code>lavacro</code>,1,0.0002228
428,laycis,<code>laycis</code>,1,0.0002228
428,leafnesse,<code>leafnesse</code>,1,0.0002228
428,leahtor,<code>leahtor</code>,1,0.0002228
428,leas,<code>leas</code>,1,0.0002228
428,lecge,<code>lecge</code>,1,0.0002228
428,lecten,<code>lecten</code>,1,0.0002228
428,lectionem,<code>lectionem</code>,1,0.0002228
428,lectiones,<code>lectiones</code>,1,0.0002228
428,lenctenadle,<code>lenctenadle</code>,1,0.0002228
428,lenctenf&aelig;stenu,<code>lenctenf&amp;ae;stenu</code>,1,0.0002228
428,leofre,<code>leofre</code>,1,0.0002228
428,leohtlicor,<code>leohtlicor</code>,1,0.0002228
428,leohtor,<code>leohtor</code>,1,0.0002228
428,leohtre,<code>leohtre</code>,1,0.0002228
428,libban,<code>libban</code>,1,0.0002228
428,libbe,<code>libbe</code>,1,0.0002228
428,lic,<code>lic</code>,1,0.0002228
428,lifige,<code>lifige</code>,1,0.0002228
428,livoribus,<code>livoribus</code>,1,0.0002228
428,luste,<code>luste</code>,1,0.0002228
428,lyfa&eth;,<code>lyfa&amp;d;</code>,1,0.0002228
428,lysa&eth;,<code>lysa&amp;d;</code>,1,0.0002228
428,lyste&eth;,<code>lyste&amp;d;</code>,1,0.0002228
428,lytelne,<code>lytelne</code>,1,0.0002228
428,m&aelig;den,<code>m&amp;ae;den</code>,1,0.0002228
428,m&aelig;denhad,<code>m&amp;ae;denhad</code>,1,0.0002228
428,m&aelig;g&eth;a,<code>m&amp;ae;g&amp;d;a</code>,1,0.0002228
428,m&aelig;gen,<code>m&amp;ae;gen</code>,1,0.0002228
428,m&aelig;gewrece,<code>m&amp;ae;gewrece</code>,1,0.0002228
428,m&aelig;le,<code>m&amp;ae;le</code>,1,0.0002228
428,m&aelig;ne,<code>m&amp;ae;ne</code>,1,0.0002228
428,m&aelig;ssetidum,<code>m&amp;ae;ssetidum</code>,1,0.0002228
428,m&aelig;ssigean,<code>m&amp;ae;ssigean</code>,1,0.0002228
428,ma,<code>ma</code>,1,0.0002228
428,magas,<code>magas</code>,1,0.0002228
428,magon,<code>magon</code>,1,0.0002228
428,manswerige,<code>manswerige</code>,1,0.0002228
428,mariti,<code>mariti</code>,1,0.0002228
428,maritis,<code>maritis</code>,1,0.0002228
428,meder,<code>meder</code>,1,0.0002228
428,medlices,<code>medlices</code>,1,0.0002228
428,mencg&eth;,<code>mencg&amp;d;</code>,1,0.0002228
428,mencgean,<code>mencgean</code>,1,0.0002228
428,menn,<code>menn</code>,1,0.0002228
428,mennen,<code>mennen</code>,1,0.0002228
428,merten,<code>merten</code>,1,0.0002228
428,micelu,<code>micelu</code>,1,0.0002228
428,micgan,<code>micgan</code>,1,0.0002228
428,middanwintra,<code>middanwintra</code>,1,0.0002228
428,mihtum,<code>mihtum</code>,1,0.0002228
428,mode,<code>mode</code>,1,0.0002228
428,moldan,<code>moldan</code>,1,0.0002228
428,monachis,<code>monachis</code>,1,0.0002228
428,mor&eth;orslege,<code>mor&amp;d;orslege</code>,1,0.0002228
428,mor&eth;re,<code>mor&amp;d;re</code>,1,0.0002228
428,morgen,<code>morgen</code>,1,0.0002228
428,most,<code>most</code>,1,0.0002228
428,mote,<code>mote</code>,1,0.0002228
428,moysen,<code>moysen</code>,1,0.0002228
428,mu&eth;,<code>mu&amp;d;</code>,1,0.0002228
428,mu&eth;sare,<code>mu&amp;d;sare</code>,1,0.0002228
428,mulieribus,<code>mulieribus</code>,1,0.0002228
428,muneca,<code>muneca</code>,1,0.0002228
428,munecyan,<code>munecyan</code>,1,0.0002228
428,munuchade,<code>munuchade</code>,1,0.0002228
428,mycel,<code>mycel</code>,1,0.0002228
428,myceles,<code>myceles</code>,1,0.0002228
428,mycelne,<code>mycelne</code>,1,0.0002228
428,mynsterman,<code>mynsterman</code>,1,0.0002228
428,myrtenra,<code>myrtenra</code>,1,0.0002228
428,n&aelig;negum,<code>n&amp;ae;negum</code>,1,0.0002228
428,na&eth;er,<code>na&amp;d;er</code>,1,0.0002228
428,na&thorn;er,<code>na&amp;t;er</code>,1,0.0002228
428,nabba&eth;,<code>nabba&amp;d;</code>,1,0.0002228
428,nacode,<code>nacode</code>,1,0.0002228
428,nan,<code>nan</code>,1,0.0002228
428,natalem,<code>natalem</code>,1,0.0002228
428,nawiht,<code>nawiht</code>,1,0.0002228
428,nawuht,<code>nawuht</code>,1,0.0002228
428,neadunga,<code>neadunga</code>,1,0.0002228
428,neata,<code>neata</code>,1,0.0002228
428,neatum,<code>neatum</code>,1,0.0002228
428,neode,<code>neode</code>,1,0.0002228
428,nette,<code>nette</code>,1,0.0002228
428,nim&eth;,<code>nim&amp;d;</code>,1,0.0002228
428,nim&eth;e,<code>nim&amp;d;e</code>,1,0.0002228
428,none,<code>none</code>,1,0.0002228
428,nubant,<code>nubant</code>,1,0.0002228
428,nubere,<code>nubere</code>,1,0.0002228
428,nunnan,<code>nunnan</code>,1,0.0002228
428,nunne,<code>nunne</code>,1,0.0002228
428,nyded,<code>nyded</code>,1,0.0002228
428,nydnysse,<code>nydnysse</code>,1,0.0002228
428,nygo&eth;an,<code>nygo&amp;d;an</code>,1,0.0002228
428,nym&eth;e,<code>nym&amp;d;e</code>,1,0.0002228
428,nyten,<code>nyten</code>,1,0.0002228
428,nytenu,<code>nytenu</code>,1,0.0002228
428,nytnysse,<code>nytnysse</code>,1,0.0002228
428,nywne,<code>nywne</code>,1,0.0002228
428,o&eth;&eth;&aelig;t,<code>o&amp;d;&amp;d;&amp;ae;t</code>,1,0.0002228
428,o&eth;&thorn;e,<code>o&amp;d;&amp;t;e</code>,1,0.0002228
428,o&thorn;&thorn;&aelig;t,<code>o&amp;t;&amp;t;&amp;ae;t</code>,1,0.0002228
428,o&thorn;er,<code>o&amp;t;er</code>,1,0.0002228
428,odit,<code>odit</code>,1,0.0002228
428,of&eth;rycced,<code>of&amp;d;rycced</code>,1,0.0002228
428,ofen,<code>ofen</code>,1,0.0002228
428,oferhacelan,<code>oferhacelan</code>,1,0.0002228
428,ofeste,<code>ofeste</code>,1,0.0002228
428,offrodon,<code>offrodon</code>,1,0.0002228
428,oft,<code>oft</code>,1,0.0002228
428,onfeh&eth;,<code>onfeh&amp;d;</code>,1,0.0002228
428,ons&aelig;g&eth;,<code>ons&amp;ae;g&amp;d;</code>,1,0.0002228
428,ons&aelig;gdnesse,<code>ons&amp;ae;gdnesse</code>,1,0.0002228
428,ons&aelig;gdnysse,<code>ons&amp;ae;gdnysse</code>,1,0.0002228
428,ons&aelig;gednes,<code>ons&amp;ae;gednes</code>,1,0.0002228
428,onsecge,<code>onsecge</code>,1,0.0002228
428,onsecgende,<code>onsecgende</code>,1,0.0002228
428,onsende,<code>onsende</code>,1,0.0002228
428,onwende,<code>onwende</code>,1,0.0002228
428,operibus,<code>operibus</code>,1,0.0002228
428,orationes,<code>orationes</code>,1,0.0002228
428,paganis,<code>paganis</code>,1,0.0002228
428,papa,<code>papa</code>,1,0.0002228
428,peccant,<code>peccant</code>,1,0.0002228
428,pecora,<code>pecora</code>,1,0.0002228
428,peniteant,<code>peniteant</code>,1,0.0002228
428,peopor,<code>peopor</code>,1,0.0002228
428,per,<code>per</code>,1,0.0002228
428,perdita,<code>perdita</code>,1,0.0002228
428,perfecta,<code>perfecta</code>,1,0.0002228
428,piscibus,<code>piscibus</code>,1,0.0002228
428,plenitudo,<code>plenitudo</code>,1,0.0002228
428,porcis,<code>porcis</code>,1,0.0002228
428,possunt,<code>possunt</code>,1,0.0002228
428,preostas,<code>preostas</code>,1,0.0002228
428,presbitero,<code>presbitero</code>,1,0.0002228
428,presbiterum,<code>presbiterum</code>,1,0.0002228
428,presbyteris,<code>presbyteris</code>,1,0.0002228
428,psalteras,<code>psalteras</code>,1,0.0002228
428,puelle,<code>puelle</code>,1,0.0002228
428,pueri,<code>pueri</code>,1,0.0002228
428,pueris,<code>pueris</code>,1,0.0002228
428,r&aelig;da&eth;,<code>r&amp;ae;da&amp;d;</code>,1,0.0002228
428,r&aelig;de&eth;,<code>r&amp;ae;de&amp;d;</code>,1,0.0002228
428,r&aelig;dun,<code>r&amp;ae;dun</code>,1,0.0002228
428,recels,<code>recels</code>,1,0.0002228
428,recelse,<code>recelse</code>,1,0.0002228
428,reliquium,<code>reliquium</code>,1,0.0002228
428,responsoria,<code>responsoria</code>,1,0.0002228
428,rihtan,<code>rihtan</code>,1,0.0002228
428,rihth&aelig;med,<code>rihth&amp;ae;med</code>,1,0.0002228
428,rihtymbrendagas,<code>rihtymbrendagas</code>,1,0.0002228
428,rome,<code>rome</code>,1,0.0002228
428,s&aelig;de,<code>s&amp;ae;de</code>,1,0.0002228
428,sacrificiis,<code>sacrificiis</code>,1,0.0002228
428,saltera,<code>saltera</code>,1,0.0002228
428,sanctificato,<code>sanctificato</code>,1,0.0002228
428,sanctimonialibus,<code>sanctimonialibus</code>,1,0.0002228
428,sange,<code>sange</code>,1,0.0002228
428,sanguine,<code>sanguine</code>,1,0.0002228
428,sawl,<code>sawl</code>,1,0.0002228
428,sawle,<code>sawle</code>,1,0.0002228
428,sceade,<code>sceade</code>,1,0.0002228
428,scearn,<code>scearn</code>,1,0.0002228
428,sceat,<code>sceat</code>,1,0.0002228
428,sceawige,<code>sceawige</code>,1,0.0002228
428,sceawunga,<code>sceawunga</code>,1,0.0002228
428,sceole,<code>sceole</code>,1,0.0002228
428,scire,<code>scire</code>,1,0.0002228
428,scon,<code>scon</code>,1,0.0002228
428,scrift,<code>scrift</code>,1,0.0002228
428,scyllinga,<code>scyllinga</code>,1,0.0002228
428,sealde,<code>sealde</code>,1,0.0002228
428,sealt,<code>sealt</code>,1,0.0002228
428,secan,<code>secan</code>,1,0.0002228
428,sece,<code>sece</code>,1,0.0002228
428,selle,<code>selle</code>,1,0.0002228
428,selre,<code>selre</code>,1,0.0002228
428,seofontynewintre,<code>seofontynewintre</code>,1,0.0002228
428,set,<code>set</code>,1,0.0002228
428,seted,<code>seted</code>,1,0.0002228
428,seu,<code>seu</code>,1,0.0002228
428,si,<code>si</code>,1,0.0002228
428,si&eth;&eth;an,<code>si&amp;d;&amp;d;an</code>,1,0.0002228
428,si&eth;um,<code>si&amp;d;um</code>,1,0.0002228
428,sibi,<code>sibi</code>,1,0.0002228
428,sixtynewintre,<code>sixtynewintre</code>,1,0.0002228
428,sl&aelig;pe,<code>sl&amp;ae;pe</code>,1,0.0002228
428,sl&aelig;pende,<code>sl&amp;ae;pende</code>,1,0.0002228
428,sl&aelig;pes,<code>sl&amp;ae;pes</code>,1,0.0002228
428,slitcwelm,<code>slitcwelm</code>,1,0.0002228
428,slitnesse,<code>slitnesse</code>,1,0.0002228
428,slyh&eth;,<code>slyh&amp;d;</code>,1,0.0002228
428,smyre&thorn;,<code>smyre&amp;t;</code>,1,0.0002228
428,sona,<code>sona</code>,1,0.0002228
428,spatle,<code>spatle</code>,1,0.0002228
428,spiwe,<code>spiwe</code>,1,0.0002228
428,spiwe&eth;an,<code>spiwe&amp;d;an</code>,1,0.0002228
428,sponte,<code>sponte</code>,1,0.0002228
428,spr&aelig;ce,<code>spr&amp;ae;ce</code>,1,0.0002228
428,sprencge,<code>sprencge</code>,1,0.0002228
428,sprenge,<code>sprenge</code>,1,0.0002228
428,stele,<code>stele</code>,1,0.0002228
428,stowe,<code>stowe</code>,1,0.0002228
428,strang,<code>strang</code>,1,0.0002228
428,stream,<code>stream</code>,1,0.0002228
428,suffocato,<code>suffocato</code>,1,0.0002228
428,sumor,<code>sumor</code>,1,0.0002228
428,sunge,<code>sunge</code>,1,0.0002228
428,sunnandagum,<code>sunnandagum</code>,1,0.0002228
428,suum,<code>suum</code>,1,0.0002228
428,swelte&eth;,<code>swelte&amp;d;</code>,1,0.0002228
428,sweostor,<code>sweostor</code>,1,0.0002228
428,swera&eth;,<code>swera&amp;d;</code>,1,0.0002228
428,swi&eth;f&aelig;stnesse,<code>swi&amp;d;f&amp;ae;stnesse</code>,1,0.0002228
428,swinga&eth;,<code>swinga&amp;d;</code>,1,0.0002228
428,swustor,<code>swustor</code>,1,0.0002228
428,swy&eth;lice,<code>swy&amp;d;lice</code>,1,0.0002228
428,swylc,<code>swylc</code>,1,0.0002228
428,swylce,<code>swylce</code>,1,0.0002228
428,swyn,<code>swyn</code>,1,0.0002228
428,swynum,<code>swynum</code>,1,0.0002228
428,syle&eth;,<code>syle&amp;d;</code>,1,0.0002228
428,sylf,<code>sylf</code>,1,0.0002228
428,sylfes,<code>sylfes</code>,1,0.0002228
428,sylfum,<code>sylfum</code>,1,0.0002228
428,synd,<code>synd</code>,1,0.0002228
428,syndon,<code>syndon</code>,1,0.0002228
428,synful,<code>synful</code>,1,0.0002228
428,teara,<code>teara</code>,1,0.0002228
428,teo&eth;an,<code>teo&amp;d;an</code>,1,0.0002228
428,terra,<code>terra</code>,1,0.0002228
428,theodorus,<code>theodorus</code>,1,0.0002228
428,tid,<code>tid</code>,1,0.0002228
428,tide,<code>tide</code>,1,0.0002228
428,tobrocene,<code>tobrocene</code>,1,0.0002228
428,twam,<code>twam</code>,1,0.0002228
428,twelf,<code>twelf</code>,1,0.0002228
428,twentigum,<code>twentigum</code>,1,0.0002228
428,tweonige,<code>tweonige</code>,1,0.0002228
428,unalyfedlice,<code>unalyfedlice</code>,1,0.0002228
428,unar&aelig;fnedan,<code>unar&amp;ae;fnedan</code>,1,0.0002228
428,unforsceawodlice,<code>unforsceawodlice</code>,1,0.0002228
428,unfullad,<code>unfullad</code>,1,0.0002228
428,unfullod,<code>unfullod</code>,1,0.0002228
428,ungewisse,<code>ungewisse</code>,1,0.0002228
428,unmunecod,<code>unmunecod</code>,1,0.0002228
428,unrihth&aelig;med,<code>unrihth&amp;ae;med</code>,1,0.0002228
428,unrihtum,<code>unrihtum</code>,1,0.0002228
428,unsyfernes,<code>unsyfernes</code>,1,0.0002228
428,unsyfernesse,<code>unsyfernesse</code>,1,0.0002228
428,unsyfre,<code>unsyfre</code>,1,0.0002228
428,untrumnesse,<code>untrumnesse</code>,1,0.0002228
428,untrumum,<code>untrumum</code>,1,0.0002228
428,untrymed,<code>untrymed</code>,1,0.0002228
428,uobiscum,<code>uobiscum</code>,1,0.0002228
428,uos,<code>uos</code>,1,0.0002228
428,ut,<code>ut</code>,1,0.0002228
428,utsiht,<code>utsiht</code>,1,0.0002228
428,vi,<code>vi</code>,1,0.0002228
428,w&aelig;pnede,<code>w&amp;ae;pnede</code>,1,0.0002228
428,w&aelig;pnedmen,<code>w&amp;ae;pnedmen</code>,1,0.0002228
428,w&aelig;ren,<code>w&amp;ae;ren</code>,1,0.0002228
428,wanhalne,<code>wanhalne</code>,1,0.0002228
428,wemme,<code>wemme</code>,1,0.0002228
428,weor&eth;a&eth;,<code>weor&amp;d;a&amp;d;</code>,1,0.0002228
428,werige,<code>werige</code>,1,0.0002228
428,werlicre,<code>werlicre</code>,1,0.0002228
428,werod,<code>werod</code>,1,0.0002228
428,wi&eth;&eth;ingian,<code>wi&amp;d;&amp;d;ingian</code>,1,0.0002228
428,wi&eth;cwe&thorn;e,<code>wi&amp;d;cwe&amp;t;e</code>,1,0.0002228
428,widlige,<code>widlige</code>,1,0.0002228
428,wifgyfte,<code>wifgyfte</code>,1,0.0002228
428,wifman,<code>wifman</code>,1,0.0002228
428,wifmen,<code>wifmen</code>,1,0.0002228
428,wifmon,<code>wifmon</code>,1,0.0002228
428,wifum,<code>wifum</code>,1,0.0002228
428,willende,<code>willende</code>,1,0.0002228
428,willes,<code>willes</code>,1,0.0002228
428,wilnunga,<code>wilnunga</code>,1,0.0002228
428,wintra,<code>wintra</code>,1,0.0002228
428,wintre,<code>wintre</code>,1,0.0002228
428,wislicost,<code>wislicost</code>,1,0.0002228
428,wiste,<code>wiste</code>,1,0.0002228
428,wiston,<code>wiston</code>,1,0.0002228
428,witega,<code>witega</code>,1,0.0002228
428,witnige,<code>witnige</code>,1,0.0002228
428,wodnesd&aelig;ge,<code>wodnesd&amp;ae;ge</code>,1,0.0002228
428,wordum,<code>wordum</code>,1,0.0002228
428,worpenne,<code>worpenne</code>,1,0.0002228
428,wrohton,<code>wrohton</code>,1,0.0002228
428,wudewan,<code>wudewan</code>,1,0.0002228
428,wulfum,<code>wulfum</code>,1,0.0002228
428,wulle,<code>wulle</code>,1,0.0002228
428,wund,<code>wund</code>,1,0.0002228
428,wur&thorn;a&eth;,<code>wur&amp;t;a&amp;d;</code>,1,0.0002228
428,wydewe,<code>wydewe</code>,1,0.0002228
428,wylle,<code>wylle</code>,1,0.0002228
428,wyllon,<code>wyllon</code>,1,0.0002228
428,wyrcea&eth;,<code>wyrcea&amp;d;</code>,1,0.0002228
428,wyrmas,<code>wyrmas</code>,1,0.0002228
428,wyrne,<code>wyrne</code>,1,0.0002228
428,wyrpe&eth;,<code>wyrpe&amp;d;</code>,1,0.0002228
428,xxiv,<code>xxiv</code>,1,0.0002228
428,yfelne,<code>yfelne</code>,1,0.0002228
428,yfelsang,<code>yfelsang</code>,1,0.0002228
428,ylca,<code>ylca</code>,1,0.0002228
428,ylde,<code>ylde</code>,1,0.0002228
428,yldrum,<code>yldrum</code>,1,0.0002228
