B_Prose,B12,B12.002_Lit_2__Ker__T07360.txt,39,33,50
RANK,HTML WORD,RAW WORD,COUNT,RELATIVE FREQUENCY
1,&thorn;at,<code>&amp;t;at</code>,4,0.0800000
2,and,<code>and</code>,3,0.0600000
2,on,<code>on</code>,3,0.0600000
2,ure,<code>ure</code>,3,0.0600000
5,is,<code>is</code>,2,0.0400000
5,to,<code>to</code>,2,0.0400000
7,&thorn;e,<code>&amp;t;e</code>,1,0.0200000
7,&thorn;ing,<code>&amp;t;ing</code>,1,0.0200000
7,blod,<code>blod</code>,1,0.0200000
7,bringen,<code>bringen</code>,1,0.0200000
7,bro&thorn;er,<code>bro&amp;t;er</code>,1,0.0200000
7,cristes,<code>cristes</code>,1,0.0200000
7,culpe,<code>culpe</code>,1,0.0200000
7,dead,<code>dead</code>,1,0.0200000
7,dede,<code>dede</code>,1,0.0200000
7,fles,<code>fles</code>,1,0.0200000
7,haue,<code>haue</code>,1,0.0200000
7,hele,<code>hele</code>,1,0.0200000
7,here,<code>here</code>,1,0.0200000
7,his,<code>his</code>,1,0.0200000
7,ic,<code>ic</code>,1,0.0200000
7,ilche,<code>ilche</code>,1,0.0200000
7,in,<code>in</code>,1,0.0200000
7,it,<code>it</code>,1,0.0200000
7,leve,<code>leve</code>,1,0.0200000
7,lif,<code>lif</code>,1,0.0200000
7,live,<code>live</code>,1,0.0200000
7,mei,<code>mei</code>,1,0.0200000
7,of,<code>of</code>,1,0.0200000
7,pectus,<code>pectus</code>,1,0.0200000
7,resinge,<code>resinge</code>,1,0.0200000
7,singed,<code>singed</code>,1,0.0200000
7,suum,<code>suum</code>,1,0.0200000
7,thoct,<code>thoct</code>,1,0.0200000
7,trowes,<code>trowes</code>,1,0.0200000
7,tu,<code>tu</code>,1,0.0200000
7,tundens,<code>tundens</code>,1,0.0200000
7,we,<code>we</code>,1,0.0200000
7,word,<code>word</code>,1,0.0200000
