virtual,manuscript,A02.005_Dream_T00090,559,414,559
RANK,HTML WORD,RAW WORD,COUNT,RELATIVE FREQUENCY
1,&aelig;&eth;elinge,&amp;ae;&amp;d;elinge,1,0.00090171325518485
1,&aelig;fentide,&amp;ae;fentide,1,0.00090171325518485
1,&aelig;fter,&amp;ae;fter,1,0.00090171325518485
1,&aelig;ghwylc,&amp;ae;ghwylc,1,0.00090171325518485
1,&aelig;ghwylcne,&amp;ae;ghwylcne,1,0.00090171325518485
6,&aelig;lmihtig,&amp;ae;lmihtig,6,0.0054102795311091
7,&aelig;lmihtigne,&amp;ae;lmihtigne,1,0.00090171325518485
8,&aelig;nig,&amp;ae;nig,2,0.0018034265103697
9,&aelig;r,&amp;ae;r,5,0.0045085662759243
10,&aelig;r&thorn;an,&amp;ae;r&amp;t;an,1,0.00090171325518485
10,&aelig;rest,&amp;ae;rest,1,0.00090171325518485
10,&aelig;rgewin,&amp;ae;rgewin,1,0.00090171325518485
10,&aelig;rur,&amp;ae;rur,1,0.00090171325518485
14,&aelig;t,&amp;ae;t,2,0.0018034265103697
15,&aelig;tg&aelig;dere,&amp;ae;tg&amp;ae;dere,1,0.00090171325518485
16,&eth;&aelig;r,&amp;d;&amp;ae;r,9,0.0081154192966637
17,&eth;&aelig;ron,&amp;d;&amp;ae;ron,1,0.00090171325518485
17,&eth;&aelig;t,&amp;d;&amp;ae;t,1,0.00090171325518485
19,&eth;a,&amp;d;a,2,0.0018034265103697
20,&eth;am,&amp;d;am,5,0.0045085662759243
21,&eth;e,&amp;d;e,3,0.0027051397655546
22,&eth;u,&amp;d;u,2,0.0018034265103697
23,&eth;urh,&amp;d;urh,1,0.00090171325518485
24,&thorn;&aelig;r,&amp;t;&amp;ae;r,19,0.017132551848512
25,&thorn;&aelig;re,&amp;t;&amp;ae;re,3,0.0027051397655546
26,&thorn;&aelig;s,&amp;t;&amp;ae;s,1,0.00090171325518485
27,&thorn;&aelig;t,&amp;t;&amp;ae;t,19,0.017132551848512
27,&thorn;a,&amp;t;a,19,0.017132551848512
29,&thorn;am,&amp;t;am,11,0.0099188458070334
30,&thorn;an,&amp;t;an,1,0.00090171325518485
30,&thorn;ara,&amp;t;ara,1,0.00090171325518485
30,&thorn;as,&amp;t;as,1,0.00090171325518485
33,&thorn;e,&amp;t;e,8,0.0072137060414788
34,&thorn;earf,&amp;t;earf,1,0.00090171325518485
34,&thorn;earle,&amp;t;earle,1,0.00090171325518485
34,&thorn;egnas,&amp;t;egnas,1,0.00090171325518485
34,&thorn;enca&thorn;,&amp;t;enca&amp;t;,1,0.00090171325518485
34,&thorn;ence&eth;,&amp;t;ence&amp;d;,1,0.00090171325518485
34,&thorn;enian,&amp;t;enian,1,0.00090171325518485
34,&thorn;eodne,&amp;t;eodne,1,0.00090171325518485
41,&thorn;eos,&amp;t;eos,2,0.0018034265103697
42,&thorn;olodan,&amp;t;olodan,1,0.00090171325518485
42,&thorn;one,&amp;t;one,1,0.00090171325518485
44,&thorn;onne,&amp;t;onne,6,0.0054102795311091
45,&thorn;rowode,&amp;t;rowode,3,0.0027051397655546
46,&thorn;rymf&aelig;st,&amp;t;rymf&amp;ae;st,1,0.00090171325518485
46,&thorn;uhte,&amp;t;uhte,1,0.00090171325518485
48,&thorn;urh,&amp;t;urh,2,0.0018034265103697
49,&thorn;urhdrifan,&amp;t;urhdrifan,1,0.00090171325518485
49,&thorn;ysne,&amp;t;ysne,1,0.00090171325518485
49,&thorn;ysson,&amp;t;ysson,1,0.00090171325518485
52,&thorn;yssum,&amp;t;yssum,2,0.0018034265103697
53,&thorn;ystro,&amp;t;ystro,1,0.00090171325518485
54,ac,ac,5,0.0045085662759243
55,adomes,adomes,1,0.00090171325518485
55,afysed,afysed,1,0.00090171325518485
55,ah,ah,1,0.00090171325518485
55,aheawen,aheawen,1,0.00090171325518485
55,ahof,ahof,1,0.00090171325518485
55,ahofon,ahofon,1,0.00090171325518485
55,aledon,aledon,1,0.00090171325518485
62,ana,ana,2,0.0018034265103697
63,anforht,anforht,1,0.00090171325518485
64,anra,anra,2,0.0018034265103697
65,anwealda,anwealda,1,0.00090171325518485
65,ar&aelig;red,ar&amp;ae;red,1,0.00090171325518485
65,aras,aras,1,0.00090171325518485
65,asette,asette,1,0.00090171325518485
65,asetton,asetton,1,0.00090171325518485
65,astag,astag,1,0.00090171325518485
65,astyred,astyred,1,0.00090171325518485
65,b&aelig;ron,b&amp;ae;ron,1,0.00090171325518485
65,banan,banan,1,0.00090171325518485
74,beacen,beacen,2,0.0018034265103697
75,beacna,beacna,1,0.00090171325518485
75,beacne,beacne,1,0.00090171325518485
75,bealuwara,bealuwara,1,0.00090171325518485
75,beam,beam,1,0.00090171325518485
75,beama,beama,1,0.00090171325518485
80,beame,beame,2,0.0018034265103697
81,bearn,bearn,1,0.00090171325518485
81,bedealf,bedealf,1,0.00090171325518485
81,bedrifenne,bedrifenne,1,0.00090171325518485
84,begoten,begoten,2,0.0018034265103697
84,beheold,beheold,2,0.0018034265103697
86,beheoldon,beheoldon,3,0.0027051397655546
87,beorg,beorg,1,0.00090171325518485
87,beorge,beorge,1,0.00090171325518485
87,beorhtan,beorhtan,1,0.00090171325518485
87,beorhtost,beorhtost,1,0.00090171325518485
87,beorn,beorn,1,0.00090171325518485
92,beornas,beornas,2,0.0018034265103697
93,bere&eth;,bere&amp;d;,1,0.00090171325518485
93,berstan,berstan,1,0.00090171325518485
95,bestemed,bestemed,2,0.0018034265103697
96,beswyled,beswyled,1,0.00090171325518485
96,bewrigen,bewrigen,1,0.00090171325518485
96,bewrigene,bewrigene,1,0.00090171325518485
96,bewunden,bewunden,1,0.00090171325518485
96,bi&eth;,bi&amp;d;,1,0.00090171325518485
96,bifian,bifian,1,0.00090171325518485
96,bifode,bifode,1,0.00090171325518485
96,biteres,biteres,1,0.00090171325518485
96,bledum,bledum,1,0.00090171325518485
96,bleom,bleom,1,0.00090171325518485
96,bli&eth;e,bli&amp;d;e,1,0.00090171325518485
107,blis,blis,2,0.0018034265103697
107,blisse,blisse,2,0.0018034265103697
109,blode,blode,1,0.00090171325518485
109,breostum,breostum,1,0.00090171325518485
109,brucan,brucan,1,0.00090171325518485
109,bryne,bryne,1,0.00090171325518485
113,bugan,bugan,2,0.0018034265103697
114,butu,butu,1,0.00090171325518485
114,byrigde,byrigde,1,0.00090171325518485
114,bysmeredon,bysmeredon,1,0.00090171325518485
114,colode,colode,1,0.00090171325518485
114,com,com,1,0.00090171325518485
114,crist,crist,1,0.00090171325518485
114,criste,criste,1,0.00090171325518485
114,cumen,cumen,1,0.00090171325518485
114,curfon,curfon,1,0.00090171325518485
114,cwe&eth;an,cwe&amp;d;an,1,0.00090171325518485
114,cwi&eth;don,cwi&amp;d;don,1,0.00090171325518485
114,cwom,cwom,1,0.00090171325518485
114,cwoman,cwoman,1,0.00090171325518485
114,cwy&eth;,cwy&amp;d;,1,0.00090171325518485
128,cyning,cyning,2,0.0018034265103697
129,cyninges,cyninges,1,0.00090171325518485
129,cynn,cynn,1,0.00090171325518485
129,cyst,cyst,1,0.00090171325518485
129,daga,daga,1,0.00090171325518485
129,dea&eth;,dea&amp;d;,1,0.00090171325518485
129,dea&eth;es,dea&amp;d;es,1,0.00090171325518485
129,deman,deman,1,0.00090171325518485
129,deopan,deopan,1,0.00090171325518485
129,deorcan,deorcan,1,0.00090171325518485
129,dolg,dolg,1,0.00090171325518485
129,domd&aelig;ge,domd&amp;ae;ge,1,0.00090171325518485
129,domes,domes,1,0.00090171325518485
141,dorste,dorste,4,0.0036068530207394
142,dream,dream,1,0.00090171325518485
142,dreames,dreames,1,0.00090171325518485
142,dreamum,dreamum,1,0.00090171325518485
145,dryhten,dryhten,4,0.0036068530207394
146,dryhtnes,dryhtnes,6,0.0054102795311091
147,dyde,dyde,1,0.00090171325518485
147,e&eth;el,e&amp;d;el,1,0.00090171325518485
147,ea&eth;mod,ea&amp;d;mod,1,0.00090171325518485
147,eac,eac,1,0.00090171325518485
147,eal,eal,1,0.00090171325518485
147,ealdgewyrhtum,ealdgewyrhtum,1,0.00090171325518485
147,ealdor,ealdor,1,0.00090171325518485
154,eall,eall,8,0.0072137060414788
155,ealle,ealle,5,0.0045085662759243
156,eallum,eallum,1,0.00090171325518485
156,ealra,ealra,1,0.00090171325518485
156,earme,earme,1,0.00090171325518485
156,earmra,earmra,1,0.00090171325518485
156,eaxlegespanne,eaxlegespanne,1,0.00090171325518485
156,eaxlum,eaxlum,1,0.00090171325518485
156,efstan,efstan,1,0.00090171325518485
163,eft,eft,3,0.0027051397655546
164,egesa,egesa,1,0.00090171325518485
164,egeslic,egeslic,1,0.00090171325518485
166,elne,elne,3,0.0027051397655546
167,ende,ende,1,0.00090171325518485
167,engel,engel,1,0.00090171325518485
167,englas,englas,1,0.00090171325518485
167,englum,englum,1,0.00090171325518485
171,eor&eth;an,eor&amp;d;an,4,0.0036068530207394
172,eor&eth;wege,eor&amp;d;wege,1,0.00090171325518485
172,eor&thorn;an,eor&amp;t;an,1,0.00090171325518485
172,f&aelig;ger,f&amp;ae;ger,1,0.00090171325518485
175,f&aelig;gere,f&amp;ae;gere,2,0.0018034265103697
176,f&aelig;gran,f&amp;ae;gran,1,0.00090171325518485
177,f&aelig;ste,f&amp;ae;ste,2,0.0018034265103697
178,fah,fah,1,0.00090171325518485
178,fea,fea,1,0.00090171325518485
180,feala,feala,3,0.0027051397655546
181,feallan,feallan,1,0.00090171325518485
182,feondas,feondas,3,0.0027051397655546
183,feorgbold,feorgbold,1,0.00090171325518485
183,feorran,feorran,1,0.00090171325518485
183,fife,fife,1,0.00090171325518485
183,folc,folc,1,0.00090171325518485
187,foldan,foldan,3,0.0027051397655546
188,for,for,7,0.006311992786294
189,for&eth;,for&amp;d;,1,0.00090171325518485
189,for&eth;eode,for&amp;d;eode,1,0.00090171325518485
189,for&eth;gesceaft,for&amp;d;gesceaft,1,0.00090171325518485
189,for&eth;wege,for&amp;d;wege,1,0.00090171325518485
189,for&thorn;an,for&amp;t;an,1,0.00090171325518485
189,forgeaf,forgeaf,1,0.00090171325518485
189,forht,forht,1,0.00090171325518485
189,forhtia&eth;,forhtia&amp;d;,1,0.00090171325518485
189,forleton,forleton,1,0.00090171325518485
189,forwunded,forwunded,1,0.00090171325518485
189,forwundod,forwundod,1,0.00090171325518485
189,fracodes,fracodes,1,0.00090171325518485
189,fram,fram,1,0.00090171325518485
189,frean,frean,1,0.00090171325518485
189,freond,freond,1,0.00090171325518485
189,freonda,freonda,1,0.00090171325518485
189,freondas,freondas,1,0.00090171325518485
189,frine&eth;,frine&amp;d;,1,0.00090171325518485
189,funda&thorn;,funda&amp;t;,1,0.00090171325518485
208,fuse,fuse,2,0.0018034265103697
209,fyll,fyll,1,0.00090171325518485
209,fyllan,fyllan,1,0.00090171325518485
209,galan,galan,1,0.00090171325518485
209,gange,gange,1,0.00090171325518485
209,gast,gast,1,0.00090171325518485
209,gasta,gasta,1,0.00090171325518485
209,gastas,gastas,1,0.00090171325518485
209,gealga,gealga,1,0.00090171325518485
209,gealgan,gealgan,1,0.00090171325518485
209,gealgtreowe,gealgtreowe,1,0.00090171325518485
209,geara,geara,1,0.00090171325518485
209,geb&aelig;d,geb&amp;ae;d,1,0.00090171325518485
209,gebad,gebad,1,0.00090171325518485
209,gebidda&thorn;,gebidda&amp;t;,1,0.00090171325518485
223,gebiden,gebiden,2,0.0018034265103697
224,gebringe,gebringe,1,0.00090171325518485
225,gedrefed,gedrefed,2,0.0018034265103697
226,geearna&thorn;,geearna&amp;t;,1,0.00090171325518485
226,gef&aelig;stnodon,gef&amp;ae;stnodon,1,0.00090171325518485
226,gefetige,gefetige,1,0.00090171325518485
226,gefrunon,gefrunon,1,0.00090171325518485
226,gefyllan,gefyllan,1,0.00090171325518485
226,gegyred,gegyred,1,0.00090171325518485
226,gegyrwed,gegyrwed,1,0.00090171325518485
226,gehwylce,gehwylce,1,0.00090171325518485
226,gehwylcum,gehwylcum,1,0.00090171325518485
226,gehyran,gehyran,1,0.00090171325518485
226,gehyrde,gehyrde,1,0.00090171325518485
226,gem&aelig;tte,gem&amp;ae;tte,1,0.00090171325518485
226,geman,geman,1,0.00090171325518485
226,genaman,genaman,1,0.00090171325518485
226,genamon,genamon,1,0.00090171325518485
226,geniwad,geniwad,1,0.00090171325518485
226,genoge,genoge,1,0.00090171325518485
226,geong,geong,1,0.00090171325518485
226,geriht,geriht,1,0.00090171325518485
226,gerymde,gerymde,1,0.00090171325518485
226,gesawe,gesawe,1,0.00090171325518485
247,gesceaft,gesceaft,3,0.0027051397655546
248,geseah,geseah,5,0.0045085662759243
249,gesecan,gesecan,1,0.00090171325518485
249,geseted,geseted,1,0.00090171325518485
249,gesetton,gesetton,1,0.00090171325518485
249,gesiene,gesiene,1,0.00090171325518485
249,gestah,gestah,1,0.00090171325518485
249,gestigan,gestigan,1,0.00090171325518485
249,gestodon,gestodon,1,0.00090171325518485
256,gesyh&eth;e,gesyh&amp;d;e,4,0.0036068530207394
257,gewat,gewat,1,0.00090171325518485
257,geweald,geweald,1,0.00090171325518485
259,geweor&eth;ode,geweor&amp;d;ode,3,0.0027051397655546
260,gewinne,gewinne,1,0.00090171325518485
260,gewiton,gewiton,1,0.00090171325518485
260,geworden,geworden,1,0.00090171325518485
260,geworhton,geworhton,1,0.00090171325518485
264,gimmas,gimmas,2,0.0018034265103697
265,god,god,7,0.006311992786294
266,gode,gode,1,0.00090171325518485
267,godes,godes,2,0.0018034265103697
268,gold,gold,1,0.00090171325518485
269,golde,golde,3,0.0027051397655546
270,greotende,greotende,1,0.00090171325518485
271,guman,guman,2,0.0018034265103697
272,gyredon,gyredon,1,0.00090171325518485
272,gyta,gyta,1,0.00090171325518485
274,h&aelig;bbe,h&amp;ae;bbe,2,0.0018034265103697
275,h&aelig;fde,h&amp;ae;fde,1,0.00090171325518485
276,h&aelig;fdon,h&amp;ae;fdon,2,0.0018034265103697
277,h&aelig;lan,h&amp;ae;lan,1,0.00090171325518485
278,h&aelig;le&eth;,h&amp;ae;le&amp;d;,3,0.0027051397655546
279,h&aelig;lendes,h&amp;ae;lendes,1,0.00090171325518485
280,halgum,halgum,2,0.0018034265103697
281,halige,halige,1,0.00090171325518485
281,ham,ham,1,0.00090171325518485
281,handa,handa,1,0.00090171325518485
281,hate,hate,1,0.00090171325518485
285,he,he,15,0.013525698827773
286,heafdum,heafdum,1,0.00090171325518485
286,heahf&aelig;dere,heahf&amp;ae;dere,1,0.00090171325518485
286,healfe,healfe,1,0.00090171325518485
286,heanne,heanne,1,0.00090171325518485
286,heardost,heardost,1,0.00090171325518485
286,hebban,hebban,1,0.00090171325518485
286,hefian,hefian,1,0.00090171325518485
286,helpe,helpe,1,0.00090171325518485
286,heofenas,heofenas,1,0.00090171325518485
286,heofenes,heofenes,1,0.00090171325518485
296,heofenum,heofenum,2,0.0018034265103697
297,heofona,heofona,1,0.00090171325518485
297,heofonlicne,heofonlicne,1,0.00090171325518485
297,heofonrices,heofonrices,1,0.00090171325518485
300,heofonum,heofonum,2,0.0018034265103697
301,heonon,heonon,1,0.00090171325518485
302,heora,heora,2,0.0018034265103697
303,her,her,3,0.0027051397655546
304,heton,heton,1,0.00090171325518485
304,hi,hi,1,0.00090171325518485
304,hider,hider,1,0.00090171325518485
307,hie,hie,11,0.0099188458070334
308,hiht,hiht,1,0.00090171325518485
308,hilderinca,hilderinca,1,0.00090171325518485
308,hilderincas,hilderincas,1,0.00090171325518485
311,him,him,10,0.0090171325518485
312,hine,hine,4,0.0036068530207394
313,hira,hira,1,0.00090171325518485
314,his,his,6,0.0054102795311091
315,hit,hit,4,0.0036068530207394
316,hlaford,hlaford,1,0.00090171325518485
316,hleo&eth;rode,hleo&amp;d;rode,1,0.00090171325518485
316,hlifige,hlifige,1,0.00090171325518485
316,hnag,hnag,1,0.00090171325518485
316,holmwudu,holmwudu,1,0.00090171325518485
316,holtes,holtes,1,0.00090171325518485
322,hr&aelig;w,hr&amp;ae;w,2,0.0018034265103697
323,hreowcearig,hreowcearig,1,0.00090171325518485
323,huru,huru,1,0.00090171325518485
325,hw&aelig;&eth;ere,hw&amp;ae;&amp;d;ere,3,0.0027051397655546
326,hw&aelig;&eth;re,hw&amp;ae;&amp;d;re,6,0.0054102795311091
327,hw&aelig;nne,hw&amp;ae;nne,1,0.00090171325518485
327,hw&aelig;r,hw&amp;ae;r,1,0.00090171325518485
329,hw&aelig;t,hw&amp;ae;t,4,0.0036068530207394
329,hwile,hwile,4,0.0036068530207394
331,hwilum,hwilum,2,0.0018034265103697
332,hyht,hyht,1,0.00090171325518485
332,hyldan,hyldan,1,0.00090171325518485
334,ic,ic,43,0.038773669972949
335,in,in,1,0.00090171325518485
335,inwidhlemmas,inwidhlemmas,1,0.00090171325518485
337,is,is,8,0.0072137060414788
338,iu,iu,2,0.0018034265103697
339,l&aelig;dan,l&amp;ae;dan,1,0.00090171325518485
339,l&aelig;nan,l&amp;ae;nan,1,0.00090171325518485
339,l&aelig;num,l&amp;ae;num,1,0.00090171325518485
339,la&eth;ost,la&amp;d;ost,1,0.00090171325518485
339,lange,lange,1,0.00090171325518485
339,langunghwila,langunghwila,1,0.00090171325518485
339,leodum,leodum,1,0.00090171325518485
346,leofa,leofa,2,0.0018034265103697
347,leohte,leohte,1,0.00090171325518485
347,lices,lices,1,0.00090171325518485
347,licgende,licgende,1,0.00090171325518485
347,lif,lif,1,0.00090171325518485
351,life,life,2,0.0018034265103697
351,lifes,lifes,2,0.0018034265103697
353,lifia&thorn;,lifia&amp;t;,1,0.00090171325518485
353,limwerigne,limwerigne,1,0.00090171325518485
353,lyft,lyft,1,0.00090171325518485
353,lysan,lysan,1,0.00090171325518485
357,m&aelig;g,m&amp;ae;g,2,0.0018034265103697
358,m&aelig;nige,m&amp;ae;nige,1,0.00090171325518485
358,m&aelig;ran,m&amp;ae;ran,1,0.00090171325518485
360,m&aelig;re,m&amp;ae;re,2,0.0018034265103697
360,m&aelig;te,m&amp;ae;te,2,0.0018034265103697
362,man,man,3,0.0027051397655546
363,mancyn,mancyn,1,0.00090171325518485
363,mancynn,mancynn,1,0.00090171325518485
365,mancynnes,mancynnes,2,0.0018034265103697
366,manegum,manegum,1,0.00090171325518485
366,manigeo,manigeo,1,0.00090171325518485
366,manigra,manigra,1,0.00090171325518485
369,mannum,mannum,2,0.0018034265103697
370,marian,marian,1,0.00090171325518485
371,me,me,27,0.024346257889991
372,me&eth;e,me&amp;d;e,2,0.0018034265103697
373,meahte,meahte,1,0.00090171325518485
374,men,men,2,0.0018034265103697
374,menn,menn,2,0.0018034265103697
374,miclan,miclan,2,0.0018034265103697
377,mid,mid,20,0.018034265103697
378,middangeard,middangeard,1,0.00090171325518485
378,midre,midre,1,0.00090171325518485
378,miht,miht,1,0.00090171325518485
381,mihte,mihte,2,0.0018034265103697
382,mihtig,mihtig,1,0.00090171325518485
383,min,min,3,0.0027051397655546
384,minum,minum,1,0.00090171325518485
385,mode,mode,2,0.0018034265103697
386,modig,modig,1,0.00090171325518485
386,modor,modor,1,0.00090171325518485
386,modsefa,modsefa,1,0.00090171325518485
389,moldan,moldan,2,0.0018034265103697
390,moldern,moldern,1,0.00090171325518485
390,mot,mot,1,0.00090171325518485
390,mote,mote,1,0.00090171325518485
390,mundbyrd,mundbyrd,1,0.00090171325518485
394,mycel,mycel,2,0.0018034265103697
395,mycle,mycle,3,0.0027051397655546
396,n&aelig;glum,n&amp;ae;glum,1,0.00090171325518485
396,n&aelig;nigum,n&amp;ae;nigum,1,0.00090171325518485
396,nah,nah,1,0.00090171325518485
396,naman,naman,1,0.00090171325518485
400,ne,ne,7,0.006311992786294
401,nihte,nihte,1,0.00090171325518485
402,nu,nu,6,0.0054102795311091
403,o&eth;&eth;&aelig;t,o&amp;d;&amp;d;&amp;ae;t,2,0.0018034265103697
404,o&eth;&eth;e,o&amp;d;&amp;d;e,1,0.00090171325518485
405,of,of,6,0.0054102795311091
406,ofer,ofer,5,0.0045085662759243
407,oftor,oftor,1,0.00090171325518485
408,on,on,38,0.034265103697024
409,onbyrigan,onbyrigan,1,0.00090171325518485
410,ond,ond,21,0.018935978358882
411,ongan,ongan,3,0.0027051397655546
412,onginnen,onginnen,1,0.00090171325518485
413,ongunnon,ongunnon,2,0.0018034265103697
414,ongyrede,ongyrede,1,0.00090171325518485
414,ongytan,ongytan,1,0.00090171325518485
414,onlysde,onlysde,1,0.00090171325518485
414,onsended,onsended,1,0.00090171325518485
414,onwreoh,onwreoh,1,0.00090171325518485
414,opene,opene,1,0.00090171325518485
414,reordberend,reordberend,1,0.00090171325518485
414,reordberendum,reordberendum,1,0.00090171325518485
422,reste,reste,3,0.0027051397655546
423,rice,rice,2,0.0018034265103697
424,ricne,ricne,1,0.00090171325518485
424,ricra,ricra,1,0.00090171325518485
424,rihtne,rihtne,1,0.00090171325518485
427,rod,rod,2,0.0018034265103697
428,rode,rode,3,0.0027051397655546
429,s&aelig;l,s&amp;ae;l,1,0.00090171325518485
429,sare,sare,1,0.00090171325518485
429,sarra,sarra,1,0.00090171325518485
429,sawl,sawl,1,0.00090171325518485
429,sce&eth;&eth;an,sce&amp;d;&amp;d;an,1,0.00090171325518485
429,sceadu,sceadu,1,0.00090171325518485
429,sceal,sceal,1,0.00090171325518485
429,sceatas,sceatas,1,0.00090171325518485
437,sceatum,sceatum,2,0.0018034265103697
438,sceawode,sceawode,1,0.00090171325518485
438,sceolde,sceolde,1,0.00090171325518485
438,sciman,sciman,1,0.00090171325518485
438,scinan,scinan,1,0.00090171325518485
438,scirne,scirne,1,0.00090171325518485
443,se,se,11,0.0099188458070334
444,sea&thorn;e,sea&amp;t;e,1,0.00090171325518485
445,secan,secan,2,0.0018034265103697
446,secgan,secgan,1,0.00090171325518485
446,secge,secge,1,0.00090171325518485
446,secgum,secgum,1,0.00090171325518485
446,selest,selest,1,0.00090171325518485
446,selesta,selesta,1,0.00090171325518485
446,seo,seo,1,0.00090171325518485
446,seolfre,seolfre,1,0.00090171325518485
446,si,si,1,0.00090171325518485
446,si&eth;&eth;an,si&amp;d;&amp;d;an,1,0.00090171325518485
446,si&eth;fate,si&amp;d;fate,1,0.00090171325518485
446,si&eth;ian,si&amp;d;ian,1,0.00090171325518485
446,sidan,sidan,1,0.00090171325518485
446,side,side,1,0.00090171325518485
446,sie,sie,1,0.00090171325518485
460,sigebeam,sigebeam,2,0.0018034265103697
461,sigora,sigora,1,0.00090171325518485
461,sigorf&aelig;st,sigorf&amp;ae;st,1,0.00090171325518485
461,since,since,1,0.00090171325518485
461,singal,singal,1,0.00090171325518485
461,sohton,sohton,1,0.00090171325518485
461,sorga,sorga,1,0.00090171325518485
467,sorgum,sorgum,2,0.0018034265103697
468,sorhleo&eth;,sorhleo&amp;d;,1,0.00090171325518485
468,spedig,spedig,1,0.00090171325518485
468,sprecan,sprecan,1,0.00090171325518485
468,sta&eth;ole,sta&amp;d;ole,1,0.00090171325518485
472,standan,standan,2,0.0018034265103697
473,stane,stane,1,0.00090171325518485
473,steame,steame,1,0.00090171325518485
473,stefn,stefn,1,0.00090171325518485
473,stefne,stefne,1,0.00090171325518485
473,sti&eth;mod,sti&amp;d;mod,1,0.00090171325518485
473,stod,stod,1,0.00090171325518485
479,stodon,stodon,2,0.0018034265103697
480,str&aelig;lum,str&amp;ae;lum,1,0.00090171325518485
480,strang,strang,1,0.00090171325518485
480,strange,strange,1,0.00090171325518485
480,sunu,sunu,1,0.00090171325518485
480,sw&aelig;tan,sw&amp;ae;tan,1,0.00090171325518485
485,swa,swa,3,0.0027051397655546
486,swates,swates,1,0.00090171325518485
486,swefna,swefna,1,0.00090171325518485
486,swi&eth;ran,swi&amp;d;ran,1,0.00090171325518485
489,swylce,swylce,2,0.0018034265103697
490,sy&eth;&eth;an,sy&amp;d;&amp;d;an,1,0.00090171325518485
490,sy&eth;&thorn;an,sy&amp;d;&amp;t;an,1,0.00090171325518485
490,sy&thorn;&thorn;an,sy&amp;t;&amp;t;an,1,0.00090171325518485
490,sylfa,sylfa,1,0.00090171325518485
490,sylfe,sylfe,1,0.00090171325518485
490,syllic,syllic,1,0.00090171325518485
490,syllicre,syllicre,1,0.00090171325518485
490,symle,symle,1,0.00090171325518485
490,syndon,syndon,1,0.00090171325518485
499,synnum,synnum,3,0.0027051397655546
500,to,to,16,0.014427412082958
501,treow,treow,4,0.0036068530207394
502,unc,unc,1,0.00090171325518485
503,under,under,2,0.0018034265103697
504,unforht,unforht,1,0.00090171325518485
504,up,up,1,0.00090171325518485
504,uppe,uppe,1,0.00090171325518485
507,us,us,4,0.0036068530207394
508,w&aelig;dum,w&amp;ae;dum,2,0.0018034265103697
509,w&aelig;fersyne,w&amp;ae;fersyne,1,0.00090171325518485
509,w&aelig;ron,w&amp;ae;ron,1,0.00090171325518485
511,w&aelig;s,w&amp;ae;s,21,0.018935978358882
512,w&aelig;tan,w&amp;ae;tan,1,0.00090171325518485
512,wann,wann,1,0.00090171325518485
512,we,we,1,0.00090171325518485
515,wealdend,wealdend,3,0.0027051397655546
516,wealdende,wealdende,1,0.00090171325518485
517,wealdendes,wealdendes,2,0.0018034265103697
518,weard,weard,1,0.00090171325518485
518,weg,weg,1,0.00090171325518485
520,well,well,2,0.0018034265103697
521,wendan,wendan,1,0.00090171325518485
521,wene,wene,1,0.00090171325518485
521,weop,weop,1,0.00090171325518485
521,weor&eth;ia&eth;,weor&amp;d;ia&amp;d;,1,0.00090171325518485
521,weor&eth;lice,weor&amp;d;lice,1,0.00090171325518485
521,weor&thorn;ian,weor&amp;t;ian,1,0.00090171325518485
521,weorc,weorc,1,0.00090171325518485
528,weorode,weorode,2,0.0018034265103697
529,werede,werede,1,0.00090171325518485
529,wergas,wergas,1,0.00090171325518485
529,weruda,weruda,1,0.00090171325518485
532,wesan,wesan,2,0.0018034265103697
533,wide,wide,1,0.00090171325518485
533,wifa,wifa,1,0.00090171325518485
533,wile,wile,1,0.00090171325518485
533,willa,willa,1,0.00090171325518485
533,wita,wita,1,0.00090171325518485
533,wite,wite,1,0.00090171325518485
539,wolcnum,wolcnum,2,0.0018034265103697
540,wolde,wolde,3,0.0027051397655546
541,woldon,woldon,1,0.00090171325518485
541,wommum,wommum,1,0.00090171325518485
543,word,word,2,0.0018034265103697
544,worde,worde,1,0.00090171325518485
544,wordum,wordum,1,0.00090171325518485
544,worulde,worulde,1,0.00090171325518485
544,wra&eth;ra,wra&amp;d;ra,1,0.00090171325518485
544,wudu,wudu,1,0.00090171325518485
549,wuldre,wuldre,3,0.0027051397655546
550,wuldres,wuldres,4,0.0036068530207394
551,wunedon,wunedon,2,0.0018034265103697
552,wunia&thorn;,wunia&amp;t;,1,0.00090171325518485
553,wunian,wunian,2,0.0018034265103697
554,wylle,wylle,1,0.00090171325518485
554,wynnum,wynnum,1,0.00090171325518485
554,wyrcan,wyrcan,1,0.00090171325518485
554,wyrd,wyrd,1,0.00090171325518485
554,wyrda,wyrda,1,0.00090171325518485
554,ymbclypte,ymbclypte,1,0.00090171325518485
