virtual,manuscript,A09_Mald_T01440,942,667,942
RANK,HTML WORD,RAW WORD,COUNT,RELATIVE FREQUENCY
1,&aelig;&thorn;elan,&amp;ae;&amp;t;elan,1,0.00048007681228997
1,&aelig;&thorn;ele,&amp;ae;&amp;t;ele,1,0.00048007681228997
1,&aelig;&thorn;elgares,&amp;ae;&amp;t;elgares,1,0.00048007681228997
1,&aelig;&thorn;elo,&amp;ae;&amp;t;elo,1,0.00048007681228997
5,&aelig;&thorn;elredes,&amp;ae;&amp;t;elredes,3,0.0014402304368699
6,&aelig;&thorn;eric,&amp;ae;&amp;t;eric,1,0.00048007681228997
6,&aelig;fre,&amp;ae;fre,1,0.00048007681228997
6,&aelig;fter,&amp;ae;fter,1,0.00048007681228997
6,&aelig;g&eth;er,&amp;ae;g&amp;d;er,1,0.00048007681228997
6,&aelig;g&thorn;er,&amp;ae;g&amp;t;er,1,0.00048007681228997
6,&aelig;ghwylc,&amp;ae;ghwylc,1,0.00048007681228997
6,&aelig;lfere,&amp;ae;lfere,1,0.00048007681228997
6,&aelig;lfno&eth;,&amp;ae;lfno&amp;d;,1,0.00048007681228997
6,&aelig;lfrices,&amp;ae;lfrices,1,0.00048007681228997
15,&aelig;lfwine,&amp;ae;lfwine,2,0.00096015362457993
15,&aelig;nig,&amp;ae;nig,2,0.00096015362457993
17,&aelig;r,&amp;ae;r,7,0.0033605376860298
18,&aelig;r&aelig;nde,&amp;ae;r&amp;ae;nde,1,0.00048007681228997
19,&aelig;rest,&amp;ae;rest,2,0.00096015362457993
20,&aelig;rndon,&amp;ae;rndon,1,0.00048007681228997
20,&aelig;rost,&amp;ae;rost,1,0.00048007681228997
22,&aelig;sc,&amp;ae;sc,2,0.00096015362457993
23,&aelig;scfer&eth;,&amp;ae;scfer&amp;d;,1,0.00048007681228997
23,&aelig;schere,&amp;ae;schere,1,0.00048007681228997
23,&aelig;scholt,&amp;ae;scholt,1,0.00048007681228997
23,&aelig;ses,&amp;ae;ses,1,0.00048007681228997
27,&aelig;t,&amp;ae;t,16,0.0076812289966395
28,&aelig;tforan,&amp;ae;tforan,1,0.00048007681228997
28,&aelig;tterne,&amp;ae;tterne,1,0.00048007681228997
28,&aelig;ttrynne,&amp;ae;ttrynne,1,0.00048007681228997
31,&aelig;twitan,&amp;ae;twitan,2,0.00096015362457993
31,&eth;&aelig;r,&amp;d;&amp;ae;r,2,0.00096015362457993
31,&eth;&aelig;s,&amp;d;&amp;ae;s,2,0.00096015362457993
34,&eth;a,&amp;d;a,10,0.0048007681228997
35,&eth;am,&amp;d;am,1,0.00048007681228997
36,&eth;e,&amp;d;e,4,0.0019203072491599
37,&eth;eah,&amp;d;eah,1,0.00048007681228997
37,&eth;earfe,&amp;d;earfe,1,0.00048007681228997
37,&eth;egenlice,&amp;d;egenlice,1,0.00048007681228997
37,&eth;eoda,&amp;d;eoda,1,0.00048007681228997
37,&eth;eode,&amp;d;eode,1,0.00048007681228997
37,&eth;eoden,&amp;d;eoden,1,0.00048007681228997
37,&eth;eodne,&amp;d;eodne,1,0.00048007681228997
37,&eth;isse,&amp;d;isse,1,0.00048007681228997
45,&eth;one,&amp;d;one,2,0.00096015362457993
46,&thorn;&aelig;r,&amp;t;&amp;ae;r,20,0.0096015362457993
47,&thorn;&aelig;ra,&amp;t;&amp;ae;ra,1,0.00048007681228997
48,&thorn;&aelig;re,&amp;t;&amp;ae;re,3,0.0014402304368699
49,&thorn;&aelig;s,&amp;t;&amp;ae;s,7,0.0033605376860298
50,&thorn;&aelig;t,&amp;t;&amp;ae;t,55,0.026404224675948
51,&thorn;a,&amp;t;a,61,0.029284685549688
52,&thorn;am,&amp;t;am,24,0.011521843494959
53,&thorn;anc,&amp;t;anc,2,0.00096015362457993
54,&thorn;as,&amp;t;as,1,0.00048007681228997
54,&thorn;at,&amp;t;at,1,0.00048007681228997
56,&thorn;e,&amp;t;e,31,0.014882381180989
57,&thorn;earf,&amp;t;earf,1,0.00048007681228997
58,&thorn;earfe,&amp;t;earfe,3,0.0014402304368699
59,&thorn;earle,&amp;t;earle,1,0.00048007681228997
59,&thorn;egen,&amp;t;egen,1,0.00048007681228997
61,&thorn;egenas,&amp;t;egenas,3,0.0014402304368699
62,&thorn;ence,&amp;t;ence,1,0.00048007681228997
63,&thorn;ence&eth;,&amp;t;ence&amp;d;,2,0.00096015362457993
64,&thorn;eode,&amp;t;eode,1,0.00048007681228997
65,&thorn;eoden,&amp;t;eoden,3,0.0014402304368699
66,&thorn;in,&amp;t;in,1,0.00048007681228997
66,&thorn;ince&eth;,&amp;t;ince&amp;d;,1,0.00048007681228997
66,&thorn;ine,&amp;t;ine,1,0.00048007681228997
66,&thorn;inum,&amp;t;inum,1,0.00048007681228997
70,&thorn;is,&amp;t;is,2,0.00096015362457993
71,&thorn;isne,&amp;t;isne,1,0.00048007681228997
72,&thorn;olian,&amp;t;olian,2,0.00096015362457993
73,&thorn;on,&amp;t;on,1,0.00048007681228997
74,&thorn;one,&amp;t;one,8,0.0038406144983197
75,&thorn;onne,&amp;t;onne,2,0.00096015362457993
76,&thorn;reora,&amp;t;reora,1,0.00048007681228997
77,&thorn;u,&amp;t;u,6,0.0028804608737398
78,&thorn;uhte,&amp;t;uhte,1,0.00048007681228997
78,&thorn;urfe,&amp;t;urfe,1,0.00048007681228997
78,&thorn;urfon,&amp;t;urfon,1,0.00048007681228997
81,&thorn;urh,&amp;t;urh,4,0.0019203072491599
82,&thorn;urhwod,&amp;t;urhwod,1,0.00048007681228997
82,&thorn;urstanes,&amp;t;urstanes,1,0.00048007681228997
82,&thorn;us,&amp;t;us,1,0.00048007681228997
82,&thorn;ysne,&amp;t;ysne,1,0.00048007681228997
82,a,a,1,0.00048007681228997
82,abead,abead,1,0.00048007681228997
82,abeod,abeod,1,0.00048007681228997
82,abreo&eth;e,abreo&amp;d;e,1,0.00048007681228997
90,ac,ac,6,0.0028804608737398
91,acwehte,acwehte,2,0.00096015362457993
92,afeallen,afeallen,1,0.00048007681228997
92,aflymde,aflymde,1,0.00048007681228997
92,afysan,afysan,1,0.00048007681228997
92,agan,agan,1,0.00048007681228997
92,ageaf,ageaf,1,0.00048007681228997
92,agyfen,agyfen,1,0.00048007681228997
92,ah,ah,1,0.00048007681228997
92,ahafen,ahafen,1,0.00048007681228997
100,ahof,ahof,2,0.00096015362457993
101,ahofon,ahofon,1,0.00048007681228997
101,ahte,ahte,1,0.00048007681228997
101,alyfan,alyfan,1,0.00048007681228997
101,amyrde,amyrde,1,0.00048007681228997
101,ana,ana,1,0.00048007681228997
106,and,and,49,0.023523763802208
107,andsware,andsware,1,0.00048007681228997
107,angin,angin,1,0.00048007681228997
109,anne,anne,2,0.00096015362457993
109,anr&aelig;d,anr&amp;ae;d,2,0.00096015362457993
111,ar,ar,1,0.00048007681228997
111,as&aelig;de,as&amp;ae;de,1,0.00048007681228997
111,asceoc,asceoc,1,0.00048007681228997
111,b&aelig;c,b&amp;ae;c,1,0.00048007681228997
115,b&aelig;d,b&amp;ae;d,4,0.0019203072491599
116,b&aelig;don,b&amp;ae;don,3,0.0014402304368699
117,b&aelig;ron,b&amp;ae;ron,1,0.00048007681228997
117,b&aelig;rst,b&amp;ae;rst,1,0.00048007681228997
117,baldlice,baldlice,1,0.00048007681228997
117,baldlicost,baldlicost,1,0.00048007681228997
117,bana,bana,1,0.00048007681228997
122,be,be,4,0.0019203072491599
123,beadur&aelig;s,beadur&amp;ae;s,1,0.00048007681228997
123,beaduwe,beaduwe,1,0.00048007681228997
125,beagas,beagas,2,0.00096015362457993
126,beahgifan,beahgifan,1,0.00048007681228997
127,bearn,bearn,8,0.0038406144983197
128,becomon,becomon,1,0.00048007681228997
129,begen,begen,5,0.0024003840614498
130,bence,bence,1,0.00048007681228997
130,beon,beon,1,0.00048007681228997
130,beorn,beorn,1,0.00048007681228997
130,beorna,beorna,1,0.00048007681228997
134,beornas,beornas,8,0.0038406144983197
135,beorne,beorne,2,0.00096015362457993
135,beornes,beornes,2,0.00096015362457993
137,beornum,beornum,1,0.00048007681228997
138,beot,beot,3,0.0014402304368699
139,beotode,beotode,1,0.00048007681228997
140,beran,beran,2,0.00096015362457993
141,beron,beron,1,0.00048007681228997
141,bestodon,bestodon,1,0.00048007681228997
141,beswicene,beswicene,1,0.00048007681228997
141,betera,betera,1,0.00048007681228997
141,betere,betere,1,0.00048007681228997
141,big,big,1,0.00048007681228997
141,bill,bill,1,0.00048007681228997
141,billum,billum,1,0.00048007681228997
141,biter,biter,1,0.00048007681228997
141,bitere,bitere,1,0.00048007681228997
141,bli&thorn;ra,bli&amp;t;ra,1,0.00048007681228997
141,blodigne,blodigne,1,0.00048007681228997
141,boda,boda,1,0.00048007681228997
141,bogan,bogan,1,0.00048007681228997
155,bord,bord,9,0.0043206913106097
156,borda,borda,1,0.00048007681228997
156,bordes,bordes,1,0.00048007681228997
156,bordum,bordum,1,0.00048007681228997
156,bordweall,bordweall,1,0.00048007681228997
156,br&aelig;c,br&amp;ae;c,1,0.00048007681228997
161,br&aelig;d,br&amp;ae;d,2,0.00096015362457993
162,brad,brad,1,0.00048007681228997
162,bradswurd,bradswurd,1,0.00048007681228997
162,breostum,breostum,1,0.00048007681228997
165,bricge,bricge,2,0.00096015362457993
166,bricgweardas,bricgweardas,1,0.00048007681228997
166,brimli&thorn;endra,brimli&amp;t;endra,1,0.00048007681228997
166,brimmanna,brimmanna,1,0.00048007681228997
166,brimmen,brimmen,1,0.00048007681228997
166,bro&eth;or,bro&amp;d;or,1,0.00048007681228997
166,bro&eth;ru,bro&amp;d;ru,1,0.00048007681228997
166,brocen,brocen,1,0.00048007681228997
166,bruneccg,bruneccg,1,0.00048007681228997
166,bugan,bugan,1,0.00048007681228997
166,bugon,bugon,1,0.00048007681228997
166,bur&thorn;ene,bur&amp;t;ene,1,0.00048007681228997
166,burgon,burgon,1,0.00048007681228997
166,burh,burh,1,0.00048007681228997
166,buton,buton,1,0.00048007681228997
180,bylde,bylde,4,0.0019203072491599
181,byre,byre,1,0.00048007681228997
181,byrhtelmes,byrhtelmes,1,0.00048007681228997
183,byrhtno&eth;,byrhtno&amp;d;,6,0.0028804608737398
184,byrhtno&eth;es,byrhtno&amp;d;es,1,0.00048007681228997
184,byrhtwold,byrhtwold,1,0.00048007681228997
184,byrnan,byrnan,1,0.00048007681228997
187,byrne,byrne,2,0.00096015362457993
188,bysige,bysige,1,0.00048007681228997
188,caflice,caflice,1,0.00048007681228997
188,cafne,cafne,1,0.00048007681228997
188,cald,cald,1,0.00048007681228997
188,ceallian,ceallian,1,0.00048007681228997
188,cellod,cellod,1,0.00048007681228997
188,cempa,cempa,1,0.00048007681228997
195,cene,cene,2,0.00096015362457993
196,cenre,cenre,1,0.00048007681228997
196,ceolan,ceolan,1,0.00048007681228997
196,ceorl,ceorl,1,0.00048007681228997
196,ceorle,ceorle,1,0.00048007681228997
196,clufon,clufon,1,0.00048007681228997
201,clypode,clypode,2,0.00096015362457993
201,cniht,cniht,2,0.00096015362457993
203,com,com,1,0.00048007681228997
203,crincgan,crincgan,1,0.00048007681228997
203,cruncon,cruncon,1,0.00048007681228997
203,cumen,cumen,1,0.00048007681228997
203,cunnian,cunnian,1,0.00048007681228997
208,cw&aelig;&eth;,cw&amp;ae;&amp;d;,2,0.00096015362457993
209,cynne,cynne,1,0.00048007681228997
210,cynnes,cynnes,2,0.00096015362457993
211,cyrm,cyrm,1,0.00048007681228997
211,d&aelig;g,d&amp;ae;g,1,0.00048007681228997
211,d&aelig;gweorces,d&amp;ae;gweorces,1,0.00048007681228997
211,d&aelig;lon,d&amp;ae;lon,1,0.00048007681228997
215,daro&eth;,daro&amp;d;,2,0.00096015362457993
216,deah,deah,1,0.00048007681228997
216,denon,denon,1,0.00048007681228997
216,derian,derian,1,0.00048007681228997
219,dom,dom,2,0.00096015362457993
220,drenga,drenga,1,0.00048007681228997
220,drihten,drihten,1,0.00048007681228997
220,dugu&thorn;e,dugu&amp;t;e,1,0.00048007681228997
220,dunnere,dunnere,1,0.00048007681228997
220,dyde,dyde,1,0.00048007681228997
220,e&thorn;el,e&amp;t;el,1,0.00048007681228997
220,eac,eac,1,0.00048007681228997
220,eadric,eadric,1,0.00048007681228997
228,eadweard,eadweard,2,0.00096015362457993
229,eadwold,eadwold,1,0.00048007681228997
229,eald,eald,1,0.00048007681228997
229,ealda,ealda,1,0.00048007681228997
229,ealde,ealde,1,0.00048007681228997
233,ealdor,ealdor,3,0.0014402304368699
234,ealdorman,ealdorman,1,0.00048007681228997
234,ealdre,ealdre,1,0.00048007681228997
234,ealdres,ealdres,1,0.00048007681228997
234,ealhelm,ealhelm,1,0.00048007681228997
238,eall,eall,2,0.00096015362457993
239,ealle,ealle,8,0.0038406144983197
240,eallum,eallum,2,0.00096015362457993
241,ealra,ealra,1,0.00048007681228997
242,eard,eard,3,0.0014402304368699
243,earh,earh,1,0.00048007681228997
243,earm,earm,1,0.00048007681228997
243,earn,earn,1,0.00048007681228997
243,eart,eart,1,0.00048007681228997
243,easte&eth;e,easte&amp;d;e,1,0.00048007681228997
243,eastseaxena,eastseaxena,1,0.00048007681228997
243,ebban,ebban,1,0.00048007681228997
243,ecg,ecg,1,0.00048007681228997
243,ecglafes,ecglafes,1,0.00048007681228997
243,efston,efston,1,0.00048007681228997
253,eft,eft,3,0.0014402304368699
254,ellen,ellen,1,0.00048007681228997
255,embe,embe,2,0.00096015362457993
256,engla,engla,1,0.00048007681228997
257,eode,eode,5,0.0024003840614498
258,eodon,eodon,2,0.00096015362457993
259,eoh,eoh,1,0.00048007681228997
260,eom,eom,2,0.00096015362457993
261,eor&eth;an,eor&amp;d;an,3,0.0014402304368699
261,eor&thorn;an,eor&amp;t;an,3,0.0014402304368699
263,eorl,eorl,7,0.0033605376860298
264,eorle,eorle,2,0.00096015362457993
265,eorles,eorles,1,0.00048007681228997
265,eornoste,eornoste,1,0.00048007681228997
267,eow,eow,5,0.0024003840614498
268,f&aelig;der,f&amp;ae;der,1,0.00048007681228997
269,f&aelig;ge,f&amp;ae;ge,2,0.00096015362457993
270,f&aelig;gean,f&amp;ae;gean,1,0.00048007681228997
270,f&aelig;gere,f&amp;ae;gere,1,0.00048007681228997
270,f&aelig;ges,f&amp;ae;ges,1,0.00048007681228997
270,f&aelig;h&eth;e,f&amp;ae;h&amp;d;e,1,0.00048007681228997
270,f&aelig;rscea&eth;an,f&amp;ae;rscea&amp;d;an,1,0.00048007681228997
275,f&aelig;ste,f&amp;ae;ste,4,0.0019203072491599
276,f&aelig;sten,f&amp;ae;sten,1,0.00048007681228997
277,f&aelig;stlice,f&amp;ae;stlice,2,0.00096015362457993
278,f&aelig;stnian,f&amp;ae;stnian,1,0.00048007681228997
279,faran,faran,2,0.00096015362457993
280,fe&thorn;an,fe&amp;t;an,1,0.00048007681228997
281,feaht,feaht,4,0.0019203072491599
282,feallan,feallan,2,0.00096015362457993
283,fealohilte,fealohilte,1,0.00048007681228997
284,fela,fela,2,0.00096015362457993
285,felda,felda,1,0.00048007681228997
285,feng,feng,1,0.00048007681228997
285,feoh,feoh,1,0.00048007681228997
288,feohtan,feohtan,2,0.00096015362457993
289,feohte,feohte,1,0.00048007681228997
290,feol,feol,2,0.00096015362457993
291,feolhearde,feolhearde,1,0.00048007681228997
292,feoll,feoll,3,0.0014402304368699
293,feollon,feollon,1,0.00048007681228997
294,feondum,feondum,2,0.00096015362457993
294,feor,feor,2,0.00096015362457993
294,feore,feore,2,0.00096015362457993
294,feores,feores,2,0.00096015362457993
298,feorh,feorh,3,0.0014402304368699
299,feorhhus,feorhhus,1,0.00048007681228997
300,feran,feran,2,0.00096015362457993
301,ferian,ferian,1,0.00048007681228997
301,flan,flan,1,0.00048007681228997
301,flanes,flanes,1,0.00048007681228997
304,fleam,fleam,2,0.00096015362457993
305,fleame,fleame,1,0.00048007681228997
306,fleogan,fleogan,4,0.0019203072491599
307,fleon,fleon,1,0.00048007681228997
308,flod,flod,2,0.00096015362457993
309,flot,flot,1,0.00048007681228997
310,flotan,flotan,2,0.00096015362457993
311,flowende,flowende,1,0.00048007681228997
311,flugon,flugon,1,0.00048007681228997
311,flyht,flyht,1,0.00048007681228997
314,folc,folc,4,0.0019203072491599
315,folce,folce,3,0.0014402304368699
316,folces,folces,1,0.00048007681228997
317,foldan,foldan,3,0.0014402304368699
317,folman,folman,3,0.0014402304368699
319,for,for,4,0.0019203072491599
320,for&eth;,for&amp;d;,11,0.0052808449351896
321,for&eth;georn,for&amp;d;georn,1,0.00048007681228997
321,for&thorn;an,for&amp;t;an,1,0.00048007681228997
321,forbeah,forbeah,1,0.00048007681228997
321,ford,ford,1,0.00048007681228997
321,forda,forda,1,0.00048007681228997
326,forgeaf,forgeaf,2,0.00096015362457993
327,forgyldon,forgyldon,1,0.00048007681228997
327,forheardne,forheardne,1,0.00048007681228997
329,forheawen,forheawen,4,0.0019203072491599
330,forhogode,forhogode,1,0.00048007681228997
330,forhtedon,forhtedon,1,0.00048007681228997
332,forl&aelig;tan,forl&amp;ae;tan,2,0.00096015362457993
333,forlet,forlet,4,0.0019203072491599
334,forman,forman,1,0.00048007681228997
334,formoni,formoni,1,0.00048007681228997
334,forwegen,forwegen,1,0.00048007681228997
334,fotes,fotes,1,0.00048007681228997
334,fotm&aelig;l,fotm&amp;ae;l,1,0.00048007681228997
339,fotum,fotum,2,0.00096015362457993
340,fram,fram,6,0.0028804608737398
341,francan,francan,2,0.00096015362457993
342,frean,frean,5,0.0024003840614498
343,freode,freode,1,0.00048007681228997
343,fri&eth;,fri&amp;d;,1,0.00048007681228997
343,fri&thorn;e,fri&amp;t;e,1,0.00048007681228997
343,fri&thorn;es,fri&amp;t;es,1,0.00048007681228997
347,frod,frod,2,0.00096015362457993
348,frymdi,frymdi,1,0.00048007681228997
348,frynd,frynd,1,0.00048007681228997
350,ful,ful,2,0.00096015362457993
351,full,full,1,0.00048007681228997
351,fundon,fundon,1,0.00048007681228997
351,fur&eth;or,fur&amp;d;or,1,0.00048007681228997
351,fus,fus,1,0.00048007681228997
355,fyl,fyl,2,0.00096015362457993
356,fylstan,fylstan,1,0.00048007681228997
356,fynd,fynd,1,0.00048007681228997
356,fyrde,fyrde,1,0.00048007681228997
356,fyrdrinc,fyrdrinc,1,0.00048007681228997
356,fyrmest,fyrmest,1,0.00048007681228997
356,fysde,fysde,1,0.00048007681228997
356,ga&eth;,ga&amp;d;,1,0.00048007681228997
356,gaddes,gaddes,1,0.00048007681228997
364,gafole,gafole,2,0.00096015362457993
365,gan,gan,1,0.00048007681228997
366,gangan,gangan,4,0.0019203072491599
367,gangon,gangon,1,0.00048007681228997
368,gar,gar,6,0.0028804608737398
369,garas,garas,3,0.0014402304368699
370,garberend,garberend,1,0.00048007681228997
370,gare,gare,1,0.00048007681228997
370,garr&aelig;s,garr&amp;ae;s,1,0.00048007681228997
370,gaste,gaste,1,0.00048007681228997
374,ge,ge,5,0.0024003840614498
375,ge&thorn;anc,ge&amp;t;anc,1,0.00048007681228997
375,ge&thorn;ancie,ge&amp;t;ancie,1,0.00048007681228997
375,ge&thorn;olian,ge&amp;t;olian,1,0.00048007681228997
375,ge&thorn;range,ge&amp;t;range,1,0.00048007681228997
375,gealgean,gealgean,1,0.00048007681228997
375,gearo,gearo,1,0.00048007681228997
381,gearowe,gearowe,2,0.00096015362457993
382,gebad,gebad,1,0.00048007681228997
383,gebeorge,gebeorge,3,0.0014402304368699
384,gebr&aelig;c,gebr&amp;ae;c,1,0.00048007681228997
384,gebro&thorn;ru,gebro&amp;t;ru,1,0.00048007681228997
384,gecampe,gecampe,1,0.00048007681228997
384,geceas,geceas,1,0.00048007681228997
388,gecranc,gecranc,2,0.00096015362457993
389,gecw&aelig;&eth;,gecw&amp;ae;&amp;d;,1,0.00048007681228997
389,gecy&thorn;an,gecy&amp;t;an,1,0.00048007681228997
389,gedon,gedon,1,0.00048007681228997
389,geearnunga,geearnunga,1,0.00048007681228997
389,gefecgan,gefecgan,1,0.00048007681228997
389,gefeohtan,gefeohtan,1,0.00048007681228997
389,gefeohte,gefeohte,1,0.00048007681228997
389,gefera,gefera,1,0.00048007681228997
397,geferan,geferan,2,0.00096015362457993
398,gefor&thorn;od,gefor&amp;t;od,1,0.00048007681228997
398,gegangan,gegangan,1,0.00048007681228997
398,gegremod,gegremod,1,0.00048007681228997
398,gegremode,gegremode,1,0.00048007681228997
398,gegrundene,gegrundene,1,0.00048007681228997
398,gehate,gehate,1,0.00048007681228997
398,gehealdan,gehealdan,1,0.00048007681228997
398,gehende,gehende,1,0.00048007681228997
398,gehet,gehet,1,0.00048007681228997
398,gehleop,gehleop,1,0.00048007681228997
398,gehlyston,gehlyston,1,0.00048007681228997
398,gehw&aelig;&eth;ere,gehw&amp;ae;&amp;d;ere,1,0.00048007681228997
410,gehwylc,gehwylc,2,0.00096015362457993
411,gehyrde,gehyrde,1,0.00048007681228997
411,gehyrst,gehyrst,1,0.00048007681228997
411,gel&aelig;stan,gel&amp;ae;stan,1,0.00048007681228997
411,gel&aelig;ste,gel&amp;ae;ste,1,0.00048007681228997
411,gelette,gelette,1,0.00048007681228997
416,gem&aelig;lde,gem&amp;ae;lde,2,0.00096015362457993
417,gemanode,gemanode,1,0.00048007681228997
418,gemot,gemot,2,0.00096015362457993
419,gemunan,gemunan,1,0.00048007681228997
419,gemunde,gemunde,1,0.00048007681228997
419,gemundon,gemundon,1,0.00048007681228997
419,gename,gename,1,0.00048007681228997
419,geneat,geneat,1,0.00048007681228997
419,genehe,genehe,1,0.00048007681228997
419,geong,geong,1,0.00048007681228997
419,geonga,geonga,1,0.00048007681228997
419,georn,georn,1,0.00048007681228997
428,georne,georne,4,0.0019203072491599
429,geornful,geornful,1,0.00048007681228997
429,geornlice,geornlice,1,0.00048007681228997
429,ger&aelig;dest,ger&amp;ae;dest,1,0.00048007681228997
429,ger&aelig;dum,ger&amp;ae;dum,1,0.00048007681228997
433,ger&aelig;hte,ger&amp;ae;hte,3,0.0014402304368699
434,gerenod,gerenod,1,0.00048007681228997
434,gerymed,gerymed,1,0.00048007681228997
434,ges&aelig;de,ges&amp;ae;de,1,0.00048007681228997
437,gesawon,gesawon,2,0.00096015362457993
438,gesealde,gesealde,1,0.00048007681228997
438,gesealdon,gesealdon,1,0.00048007681228997
438,gesecan,gesecan,1,0.00048007681228997
438,geseman,geseman,1,0.00048007681228997
438,gesohte,gesohte,1,0.00048007681228997
438,gestandan,gestandan,1,0.00048007681228997
438,gesyrwed,gesyrwed,1,0.00048007681228997
438,getohte,getohte,1,0.00048007681228997
438,getrymmed,getrymmed,1,0.00048007681228997
438,geunne,geunne,1,0.00048007681228997
448,gewat,gewat,2,0.00096015362457993
449,geweald,geweald,1,0.00048007681228997
449,gewinn,gewinn,1,0.00048007681228997
449,gewinnan,gewinnan,1,0.00048007681228997
452,gewinne,gewinne,2,0.00096015362457993
453,gewod,gewod,1,0.00048007681228997
454,gewrecan,gewrecan,2,0.00096015362457993
455,gewundod,gewundod,1,0.00048007681228997
456,gewyrcan,gewyrcan,2,0.00096015362457993
457,gif,gif,1,0.00048007681228997
457,gnornian,gnornian,1,0.00048007681228997
459,god,god,5,0.0024003840614498
460,godan,godan,1,0.00048007681228997
460,gode,gode,1,0.00048007681228997
460,godes,godes,1,0.00048007681228997
463,godric,godric,4,0.0019203072491599
464,godrine,godrine,1,0.00048007681228997
464,godum,godum,1,0.00048007681228997
464,godwig,godwig,1,0.00048007681228997
464,gofol,gofol,1,0.00048007681228997
464,golde,golde,1,0.00048007681228997
464,grame,grame,1,0.00048007681228997
464,gramum,gramum,1,0.00048007681228997
464,greote,greote,1,0.00048007681228997
464,gri&eth;,gri&amp;d;,1,0.00048007681228997
464,grim,grim,1,0.00048007681228997
464,grund,grund,1,0.00048007681228997
464,gryreleo&eth;a,gryreleo&amp;d;a,1,0.00048007681228997
476,gu&eth;e,gu&amp;d;e,3,0.0014402304368699
477,gu&eth;plega,gu&amp;d;plega,1,0.00048007681228997
477,gu&eth;rinc,gu&amp;d;rinc,1,0.00048007681228997
479,gu&thorn;e,gu&amp;t;e,5,0.0024003840614498
480,guman,guman,1,0.00048007681228997
481,gyf,gyf,2,0.00096015362457993
482,gylpwordum,gylpwordum,1,0.00048007681228997
482,gymdon,gymdon,1,0.00048007681228997
482,gysel,gysel,1,0.00048007681228997
482,gystas,gystas,1,0.00048007681228997
486,gyt,gyt,2,0.00096015362457993
487,h&aelig;&eth;ene,h&amp;ae;&amp;d;ene,1,0.00048007681228997
487,h&aelig;&thorn;ene,h&amp;ae;&amp;t;ene,1,0.00048007681228997
487,h&aelig;f&eth;,h&amp;ae;f&amp;d;,1,0.00048007681228997
490,h&aelig;fde,h&amp;ae;fde,6,0.0028804608737398
491,h&aelig;l&aelig;&eth;,h&amp;ae;l&amp;ae;&amp;d;,1,0.00048007681228997
491,h&aelig;le&eth;,h&amp;ae;le&amp;d;,1,0.00048007681228997
491,h&aelig;le&eth;a,h&amp;ae;le&amp;d;a,1,0.00048007681228997
491,habban,habban,1,0.00048007681228997
491,hafast,hafast,1,0.00048007681228997
496,hafenode,hafenode,2,0.00096015362457993
497,hafoc,hafoc,1,0.00048007681228997
497,hale,hale,1,0.00048007681228997
497,hals,hals,1,0.00048007681228997
497,ham,ham,1,0.00048007681228997
497,hame,hame,1,0.00048007681228997
502,hand,hand,2,0.00096015362457993
503,handa,handa,1,0.00048007681228997
503,handon,handon,1,0.00048007681228997
505,handum,handum,2,0.00096015362457993
506,har,har,1,0.00048007681228997
507,haten,haten,2,0.00096015362457993
508,he,he,56,0.026884301488238
509,healdan,healdan,6,0.0028804608737398
510,healfe,healfe,2,0.00096015362457993
511,healle,healle,1,0.00048007681228997
511,heanlic,heanlic,1,0.00048007681228997
513,heard,heard,2,0.00096015362457993
514,hearde,hearde,1,0.00048007681228997
514,heardes,heardes,1,0.00048007681228997
514,heardlice,heardlice,1,0.00048007681228997
517,heardne,heardne,2,0.00096015362457993
518,heardra,heardra,1,0.00048007681228997
518,hearma,hearma,1,0.00048007681228997
518,helscea&eth;an,helscea&amp;d;an,1,0.00048007681228997
518,heofenum,heofenum,1,0.00048007681228997
518,heoldon,heoldon,1,0.00048007681228997
518,heonon,heonon,1,0.00048007681228997
518,heor&eth;geneatas,heor&amp;d;geneatas,1,0.00048007681228997
518,heor&eth;werod,heor&amp;d;werod,1,0.00048007681228997
518,heorra,heorra,1,0.00048007681228997
518,heortan,heortan,1,0.00048007681228997
518,heorte,heorte,1,0.00048007681228997
518,heow,heow,1,0.00048007681228997
518,heowon,heowon,1,0.00048007681228997
531,her,her,5,0.0024003840614498
532,here,here,1,0.00048007681228997
532,heregeatu,heregeatu,1,0.00048007681228997
534,het,het,4,0.0019203072491599
535,heton,heton,1,0.00048007681228997
536,hi,hi,25,0.012001920307249
537,hicgan,hicgan,1,0.00048007681228997
537,hider,hider,1,0.00048007681228997
539,hige,hige,2,0.00096015362457993
540,hilde,hilde,8,0.0038406144983197
541,hilderinc,hilderinc,1,0.00048007681228997
542,him,him,19,0.0091214594335094
543,hine,hine,2,0.00096015362457993
544,hiredmen,hiredmen,1,0.00048007681228997
545,his,his,21,0.010081613058089
546,hit,hit,5,0.0024003840614498
547,hlaford,hlaford,4,0.0019203072491599
548,hlaforde,hlaforde,1,0.00048007681228997
548,hlafordleas,hlafordleas,1,0.00048007681228997
548,hleo,hleo,1,0.00048007681228997
548,hloh,hloh,1,0.00048007681228997
552,hogode,hogode,2,0.00096015362457993
553,hogodon,hogodon,1,0.00048007681228997
553,holdost,holdost,1,0.00048007681228997
553,holtes,holtes,1,0.00048007681228997
553,hors,hors,1,0.00048007681228997
553,hream,hream,1,0.00048007681228997
553,hremmas,hremmas,1,0.00048007681228997
553,hringas,hringas,1,0.00048007681228997
553,hringlocan,hringlocan,1,0.00048007681228997
553,hu,hu,1,0.00048007681228997
553,hw&aelig;ne,hw&amp;ae;ne,1,0.00048007681228997
553,hw&aelig;nne,hw&amp;ae;nne,1,0.00048007681228997
564,hw&aelig;t,hw&amp;ae;t,2,0.00096015362457993
565,hwa,hwa,4,0.0019203072491599
566,hwile,hwile,5,0.0024003840614498
567,hwilon,hwilon,2,0.00096015362457993
568,hynan,hynan,1,0.00048007681228997
568,hynde,hynde,1,0.00048007681228997
570,hyra,hyra,11,0.0052808449351896
571,hysas,hysas,1,0.00048007681228997
571,hyse,hyse,1,0.00048007681228997
573,hyssa,hyssa,2,0.00096015362457993
573,hyssas,hyssas,2,0.00096015362457993
575,hysses,hysses,1,0.00048007681228997
576,ic,ic,13,0.0062409985597696
577,in,in,2,0.00096015362457993
578,iren,iren,1,0.00048007681228997
579,is,is,4,0.0019203072491599
580,l&aelig;dan,l&amp;ae;dan,1,0.00048007681228997
581,l&aelig;g,l&amp;ae;g,4,0.0019203072491599
582,l&aelig;ge,l&amp;ae;ge,1,0.00048007681228997
582,l&aelig;rde,l&amp;ae;rde,1,0.00048007681228997
582,l&aelig;rig,l&amp;ae;rig,1,0.00048007681228997
582,l&#275;ge,l&amp;e;ge,1,0.00048007681228997
582,la&eth;e,la&amp;d;e,1,0.00048007681228997
582,la&thorn;ere,la&amp;t;ere,1,0.00048007681228997
582,la&thorn;re,la&amp;t;re,1,0.00048007681228997
589,lagon,lagon,2,0.00096015362457993
590,lagustreamas,lagustreamas,1,0.00048007681228997
590,lande,lande,1,0.00048007681228997
592,landes,landes,2,0.00096015362457993
593,lang,lang,1,0.00048007681228997
593,langa,langa,1,0.00048007681228997
593,leg,leg,1,0.00048007681228997
593,leng,leng,1,0.00048007681228997
593,leoda,leoda,1,0.00048007681228997
593,leodon,leodon,1,0.00048007681228997
593,leodum,leodum,1,0.00048007681228997
593,leofan,leofan,1,0.00048007681228997
601,leofne,leofne,2,0.00096015362457993
602,leofost,leofost,1,0.00048007681228997
602,leofsunu,leofsunu,1,0.00048007681228997
604,let,let,2,0.00096015362457993
605,leton,leton,1,0.00048007681228997
606,li&eth;,li&amp;d;,2,0.00096015362457993
607,licgan,licgan,1,0.00048007681228997
607,lidmanna,lidmanna,1,0.00048007681228997
607,lidmen,lidmen,1,0.00048007681228997
607,lif,lif,1,0.00048007681228997
607,lige&eth;,lige&amp;d;,1,0.00048007681228997
607,lihte,lihte,1,0.00048007681228997
613,linde,linde,2,0.00096015362457993
614,lucon,lucon,1,0.00048007681228997
614,lysan,lysan,1,0.00048007681228997
614,lytegian,lytegian,1,0.00048007681228997
614,lytla&eth;,lytla&amp;d;,1,0.00048007681228997
614,m&aelig;&eth;,m&amp;ae;&amp;d;,1,0.00048007681228997
619,m&aelig;g,m&amp;ae;g,7,0.0033605376860298
620,m&aelig;ge,m&amp;ae;ge,1,0.00048007681228997
620,m&aelig;gen,m&amp;ae;gen,1,0.00048007681228997
620,m&aelig;la,m&amp;ae;la,1,0.00048007681228997
623,m&aelig;lde,m&amp;ae;lde,3,0.0014402304368699
624,m&aelig;nig,m&amp;ae;nig,1,0.00048007681228997
624,m&aelig;nigne,m&amp;ae;nigne,1,0.00048007681228997
624,m&aelig;st,m&amp;ae;st,1,0.00048007681228997
624,m&aelig;ste,m&amp;ae;ste,1,0.00048007681228997
624,ma,ma,1,0.00048007681228997
629,ma&thorn;elode,ma&amp;t;elode,2,0.00096015362457993
630,maccus,maccus,1,0.00048007681228997
631,man,man,5,0.0024003840614498
632,manega,manega,1,0.00048007681228997
632,manian,manian,1,0.00048007681228997
632,manigne,manigne,1,0.00048007681228997
632,manna,manna,1,0.00048007681228997
632,mare,mare,1,0.00048007681228997
637,me,me,7,0.0033605376860298
638,me&thorn;elstede,me&amp;t;elstede,1,0.00048007681228997
638,mear,mear,1,0.00048007681228997
638,meare,meare,1,0.00048007681228997
641,mece,mece,2,0.00096015362457993
642,men,men,4,0.0019203072491599
643,meodo,meodo,1,0.00048007681228997
643,metod,metod,1,0.00048007681228997
643,metode,metode,1,0.00048007681228997
643,miccle,miccle,1,0.00048007681228997
643,miccles,miccles,1,0.00048007681228997
648,mid,mid,23,0.011041766682669
649,mihte,mihte,7,0.0033605376860298
650,milde,milde,1,0.00048007681228997
651,min,min,6,0.0028804608737398
652,mine,mine,1,0.00048007681228997
652,mines,mines,1,0.00048007681228997
652,minne,minne,1,0.00048007681228997
655,minum,minum,2,0.00096015362457993
656,mod,mod,1,0.00048007681228997
656,modi,modi,1,0.00048007681228997
656,modige,modige,1,0.00048007681228997
656,modiglice,modiglice,1,0.00048007681228997
656,most,most,1,0.00048007681228997
656,moste,moste,1,0.00048007681228997
662,moston,moston,3,0.0014402304368699
663,mote,mote,2,0.00096015362457993
664,moton,moton,1,0.00048007681228997
664,murnan,murnan,1,0.00048007681228997
664,murnon,murnon,1,0.00048007681228997
664,myrcon,myrcon,1,0.00048007681228997
664,n&aelig;s,n&amp;ae;s,1,0.00048007681228997
669,na,na,4,0.0019203072491599
670,nama,nama,1,0.00048007681228997
671,ne,ne,20,0.0096015362457993
672,neh,neh,1,0.00048007681228997
672,nelle,nelle,1,0.00048007681228997
672,neotan,neotan,1,0.00048007681228997
675,niman,niman,2,0.00096015362457993
676,nolde,nolde,3,0.0014402304368699
676,noldon,noldon,3,0.0014402304368699
678,nor&eth;hymbron,nor&amp;d;hymbron,1,0.00048007681228997
679,nu,nu,8,0.0038406144983197
680,o&eth;&eth;e,o&amp;d;&amp;d;e,2,0.00096015362457993
680,o&eth;&thorn;&aelig;t,o&amp;d;&amp;t;&amp;ae;t,2,0.00096015362457993
682,o&eth;er,o&amp;d;er,1,0.00048007681228997
683,o&eth;rum,o&amp;d;rum,2,0.00096015362457993
684,o&thorn;er,o&amp;t;er,1,0.00048007681228997
685,o&thorn;erne,o&amp;t;erne,2,0.00096015362457993
686,o&thorn;rum,o&amp;t;rum,1,0.00048007681228997
687,oddan,oddan,2,0.00096015362457993
688,of,of,7,0.0033605376860298
689,ofer,ofer,6,0.0028804608737398
690,ofermode,ofermode,1,0.00048007681228997
691,offa,offa,4,0.0019203072491599
692,offan,offan,1,0.00048007681228997
692,ofre,ofre,1,0.00048007681228997
692,ofsceat,ofsceat,1,0.00048007681228997
692,ofstlice,ofstlice,1,0.00048007681228997
696,oft,oft,4,0.0019203072491599
697,on,on,57,0.027364378300528
698,oncnawan,oncnawan,1,0.00048007681228997
698,oncw&aelig;&eth;,oncw&amp;ae;&amp;d;,1,0.00048007681228997
698,onemn,onemn,1,0.00048007681228997
698,onfeng,onfeng,1,0.00048007681228997
698,onfunde,onfunde,1,0.00048007681228997
703,ongan,ongan,6,0.0028804608737398
704,ongean,ongean,4,0.0019203072491599
705,ongeaton,ongeaton,1,0.00048007681228997
706,ongunnon,ongunnon,2,0.00096015362457993
707,ord,ord,7,0.0033605376860298
708,orde,orde,3,0.0014402304368699
709,oswold,oswold,1,0.00048007681228997
710,pantan,pantan,2,0.00096015362457993
711,prasse,prasse,1,0.00048007681228997
711,r&aelig;dde,r&amp;ae;dde,1,0.00048007681228997
713,ra&eth;e,ra&amp;d;e,2,0.00096015362457993
714,ra&thorn;e,ra&amp;t;e,1,0.00048007681228997
715,rad,rad,2,0.00096015362457993
716,randas,randas,1,0.00048007681228997
716,reaf,reaf,1,0.00048007681228997
716,ricene,ricene,1,0.00048007681228997
716,ricost,ricost,1,0.00048007681228997
716,ridan,ridan,1,0.00048007681228997
716,riht,riht,1,0.00048007681228997
716,rihte,rihte,1,0.00048007681228997
716,rincum,rincum,1,0.00048007681228997
716,rohton,rohton,1,0.00048007681228997
716,s&aelig;de,s&amp;ae;de,1,0.00048007681228997
716,s&aelig;lida,s&amp;ae;lida,1,0.00048007681228997
716,s&aelig;lidan,s&amp;ae;lidan,1,0.00048007681228997
728,s&aelig;mannum,s&amp;ae;mannum,2,0.00096015362457993
729,s&aelig;men,s&amp;ae;men,1,0.00048007681228997
729,s&aelig;rinc,s&amp;ae;rinc,1,0.00048007681228997
729,sang,sang,1,0.00048007681228997
729,sawul,sawul,1,0.00048007681228997
729,sce&eth;e,sce&amp;d;e,1,0.00048007681228997
729,sceaf,sceaf,1,0.00048007681228997
729,sceaft,sceaft,1,0.00048007681228997
736,sceal,sceal,4,0.0019203072491599
737,scealcas,scealcas,1,0.00048007681228997
738,sceat,sceat,2,0.00096015362457993
738,sceattum,sceattum,2,0.00096015362457993
740,sceolde,sceolde,1,0.00048007681228997
741,sceoldon,sceoldon,4,0.0019203072491599
742,sceole,sceole,1,0.00048007681228997
743,sceolon,sceolon,2,0.00096015362457993
744,scir,scir,1,0.00048007681228997
744,scyldas,scyldas,1,0.00048007681228997
744,scyldburh,scyldburh,1,0.00048007681228997
744,scylde,scylde,1,0.00048007681228997
748,scype,scype,2,0.00096015362457993
749,se,se,24,0.011521843494959
750,sealde,sealde,1,0.00048007681228997
750,secg,secg,1,0.00048007681228997
750,secgan,secgan,1,0.00048007681228997
750,secgas,secgas,1,0.00048007681228997
750,sege,sege,1,0.00048007681228997
750,sege&eth;,sege&amp;d;,1,0.00048007681228997
750,sendan,sendan,1,0.00048007681228997
750,sende,sende,1,0.00048007681228997
750,sendon,sendon,1,0.00048007681228997
759,seo,seo,3,0.0014402304368699
760,si&eth;ian,si&amp;d;ian,1,0.00048007681228997
760,si&eth;ie,si&amp;d;ie,1,0.00048007681228997
760,sibyrhtes,sibyrhtes,1,0.00048007681228997
760,sinc,sinc,1,0.00048007681228997
760,sincgyfan,sincgyfan,1,0.00048007681228997
760,sloge,sloge,1,0.00048007681228997
766,sloh,sloh,2,0.00096015362457993
767,snelle,snelle,1,0.00048007681228997
767,softe,softe,1,0.00048007681228997
767,sohton,sohton,1,0.00048007681228997
767,speda&thorn;,speda&amp;t;,1,0.00048007681228997
767,spell,spell,1,0.00048007681228997
767,spere,spere,1,0.00048007681228997
767,speru,speru,1,0.00048007681228997
767,spillan,spillan,1,0.00048007681228997
775,spr&aelig;c,spr&amp;ae;c,2,0.00096015362457993
775,spr&aelig;con,spr&amp;ae;con,2,0.00096015362457993
777,sprang,sprang,1,0.00048007681228997
777,sprengde,sprengde,1,0.00048007681228997
777,st&aelig;&eth;e,st&amp;ae;&amp;d;e,1,0.00048007681228997
777,st&aelig;def&aelig;ste,st&amp;ae;def&amp;ae;ste,1,0.00048007681228997
777,standan,standan,1,0.00048007681228997
777,stang,stang,1,0.00048007681228997
777,stede,stede,1,0.00048007681228997
777,stedef&aelig;ste,stedef&amp;ae;ste,1,0.00048007681228997
777,stemnetton,stemnetton,1,0.00048007681228997
777,sti&eth;,sti&amp;d;,1,0.00048007681228997
777,sti&eth;hicgende,sti&amp;d;hicgende,1,0.00048007681228997
777,sti&eth;lice,sti&amp;d;lice,1,0.00048007681228997
777,stihte,stihte,1,0.00048007681228997
790,stod,stod,5,0.0024003840614498
791,stodon,stodon,7,0.0033605376860298
792,stop,stop,3,0.0014402304368699
793,stream,stream,1,0.00048007681228997
793,stunde,stunde,1,0.00048007681228997
793,sturmere,sturmere,1,0.00048007681228997
793,stynt,stynt,1,0.00048007681228997
793,su&thorn;erne,su&amp;t;erne,1,0.00048007681228997
798,sum,sum,3,0.0014402304368699
799,sume,sume,1,0.00048007681228997
800,sunu,sunu,3,0.0014402304368699
801,swa,swa,12,0.0057609217474796
802,sweltan,sweltan,1,0.00048007681228997
802,swenges,swenges,1,0.00048007681228997
804,swi&eth;e,swi&amp;d;e,3,0.0014402304368699
805,swurd,swurd,4,0.0019203072491599
806,swurde,swurde,1,0.00048007681228997
806,swuster,swuster,1,0.00048007681228997
806,sy,sy,1,0.00048007681228997
806,sylfra,sylfra,1,0.00048007681228997
810,syllan,syllan,2,0.00096015362457993
811,syllon,syllon,1,0.00048007681228997
811,t&aelig;hte,t&amp;ae;hte,1,0.00048007681228997
811,t&aelig;sde,t&amp;ae;sde,1,0.00048007681228997
811,tid,tid,1,0.00048007681228997
811,tir,tir,1,0.00048007681228997
816,to,to,35,0.016802688430149
817,tob&aelig;rst,tob&amp;ae;rst,2,0.00096015362457993
818,tobrocen,tobrocen,1,0.00048007681228997
818,tog&aelig;dere,tog&amp;ae;dere,1,0.00048007681228997
818,totw&aelig;med,totw&amp;ae;med,1,0.00048007681228997
818,trym,trym,1,0.00048007681228997
818,trymedon,trymedon,1,0.00048007681228997
818,trymian,trymian,1,0.00048007681228997
818,twega,twega,1,0.00048007681228997
818,twegen,twegen,1,0.00048007681228997
818,unbefohtene,unbefohtene,1,0.00048007681228997
818,unearge,unearge,1,0.00048007681228997
818,unforcu&eth;,unforcu&amp;d;,1,0.00048007681228997
818,unforhte,unforhte,1,0.00048007681228997
818,unorne,unorne,1,0.00048007681228997
818,unwaclice,unwaclice,1,0.00048007681228997
818,unweaxen,unweaxen,1,0.00048007681228997
818,up,up,1,0.00048007681228997
818,upgang,upgang,1,0.00048007681228997
835,ure,ure,5,0.0024003840614498
836,urne,urne,1,0.00048007681228997
836,urum,urum,1,0.00048007681228997
838,us,us,7,0.0033605376860298
839,ut,ut,1,0.00048007681228997
840,w&aelig;l,w&amp;ae;l,2,0.00096015362457993
840,w&aelig;le,w&amp;ae;le,2,0.00096015362457993
842,w&aelig;lr&aelig;ste,w&amp;ae;lr&amp;ae;ste,1,0.00048007681228997
842,w&aelig;lspere,w&amp;ae;lspere,1,0.00048007681228997
844,w&aelig;lstowe,w&amp;ae;lstowe,2,0.00096015362457993
845,w&aelig;lwulfas,w&amp;ae;lwulfas,1,0.00048007681228997
846,w&aelig;pen,w&amp;ae;pen,3,0.0014402304368699
846,w&aelig;pna,w&amp;ae;pna,3,0.0014402304368699
848,w&aelig;pne,w&amp;ae;pne,1,0.00048007681228997
848,w&aelig;pnes,w&amp;ae;pnes,1,0.00048007681228997
850,w&aelig;pnum,w&amp;ae;pnum,2,0.00096015362457993
850,w&aelig;re,w&amp;ae;re,2,0.00096015362457993
852,w&aelig;ron,w&amp;ae;ron,1,0.00048007681228997
853,w&aelig;s,w&amp;ae;s,19,0.0091214594335094
854,w&aelig;ter,w&amp;ae;ter,2,0.00096015362457993
854,w&aelig;tere,w&amp;ae;tere,2,0.00096015362457993
856,wacian,wacian,1,0.00048007681228997
856,wacne,wacne,1,0.00048007681228997
856,wadan,wadan,1,0.00048007681228997
856,waldend,waldend,1,0.00048007681228997
856,wand,wand,1,0.00048007681228997
856,wandian,wandian,1,0.00048007681228997
856,wandode,wandode,1,0.00048007681228997
856,wat,wat,1,0.00048007681228997
864,we,we,7,0.0033605376860298
865,wealdan,wealdan,4,0.0019203072491599
866,wear&eth;,wear&amp;d;,11,0.0052808449351896
867,wegon,wegon,1,0.00048007681228997
867,wendan,wendan,1,0.00048007681228997
869,wende,wende,2,0.00096015362457993
869,wendon,wendon,2,0.00096015362457993
869,weredon,weredon,2,0.00096015362457993
872,werige,werige,1,0.00048007681228997
873,werod,werod,3,0.0014402304368699
874,werode,werode,1,0.00048007681228997
874,west,west,1,0.00048007681228997
876,wi&eth;,wi&amp;d;,10,0.0048007681228997
877,wi&thorn;erlean,wi&amp;t;erlean,1,0.00048007681228997
877,wicge,wicge,1,0.00048007681228997
877,wicing,wicing,1,0.00048007681228997
880,wicinga,wicinga,3,0.0014402304368699
881,wicingas,wicingas,1,0.00048007681228997
881,wicingum,wicingum,1,0.00048007681228997
881,wiga,wiga,1,0.00048007681228997
884,wigan,wigan,5,0.0024003840614498
884,wige,wige,5,0.0024003840614498
886,wigelines,wigelines,1,0.00048007681228997
886,wigena,wigena,1,0.00048007681228997
886,wigend,wigend,1,0.00048007681228997
889,wiges,wiges,2,0.00096015362457993
890,wigheardne,wigheardne,1,0.00048007681228997
891,wigplegan,wigplegan,2,0.00096015362457993
892,wihagan,wihagan,1,0.00048007681228997
892,wile,wile,1,0.00048007681228997
894,willa&eth;,willa&amp;d;,2,0.00096015362457993
895,willa&thorn;,willa&amp;t;,1,0.00048007681228997
896,wille,wille,4,0.0019203072491599
897,winas,winas,1,0.00048007681228997
897,windan,windan,1,0.00048007681228997
897,wine,wine,1,0.00048007681228997
900,winedrihten,winedrihten,2,0.00096015362457993
901,winemagas,winemagas,1,0.00048007681228997
901,wintrum,wintrum,1,0.00048007681228997
901,wis,wis,1,0.00048007681228997
901,wisode,wisode,1,0.00048007681228997
901,wistan,wistan,1,0.00048007681228997
901,wiste,wiste,1,0.00048007681228997
901,wlancan,wlancan,1,0.00048007681228997
901,wlance,wlance,1,0.00048007681228997
901,wlancne,wlancne,1,0.00048007681228997
901,wlat,wlat,1,0.00048007681228997
911,wod,wod,2,0.00096015362457993
911,wodon,wodon,2,0.00096015362457993
913,wolde,wolde,3,0.0014402304368699
914,woldon,woldon,1,0.00048007681228997
914,word,word,1,0.00048007681228997
914,wordon,wordon,1,0.00048007681228997
917,wordum,wordum,4,0.0019203072491599
918,worulde,worulde,1,0.00048007681228997
918,woruldges&aelig;lig,woruldges&amp;ae;lig,1,0.00048007681228997
918,wr&#275;ce,wr&amp;e;ce,1,0.00048007681228997
918,wrec,wrec,1,0.00048007681228997
922,wrecan,wrecan,2,0.00096015362457993
923,wudu,wudu,1,0.00048007681228997
924,wulfm&aelig;r,wulfm&amp;ae;r,2,0.00096015362457993
925,wulfstan,wulfstan,1,0.00048007681228997
925,wulfstane,wulfstane,1,0.00048007681228997
925,wulfstanes,wulfstanes,1,0.00048007681228997
925,wulm&aelig;r,wulm&amp;ae;r,1,0.00048007681228997
929,wund,wund,2,0.00096015362457993
929,wunde,wunde,2,0.00096015362457993
931,wundon,wundon,1,0.00048007681228997
932,wundum,wundum,2,0.00096015362457993
933,wur&eth;lice,wur&amp;d;lice,1,0.00048007681228997
933,wurde,wurde,1,0.00048007681228997
933,wylle,wylle,1,0.00048007681228997
933,wynna,wynna,1,0.00048007681228997
933,wyrcan,wyrcan,1,0.00048007681228997
933,wyrnde,wyrnde,1,0.00048007681228997
933,yfeles,yfeles,1,0.00048007681228997
933,ymbe,ymbe,1,0.00048007681228997
933,yrh&eth;o,yrh&amp;d;o,1,0.00048007681228997
942,yrre,yrre,2,0.00096015362457993
