virtual,manuscript,A11_Dur_T01510,96,82,96
RANK,HTML WORD,RAW WORD,COUNT,RELATIVE FREQUENCY
1,and,and,8,0.065040650406504
2,in,in,5,0.040650406504065
3,is,is,4,0.032520325203252
4,&eth;e,&amp;d;e,3,0.024390243902439
4,&eth;em,&amp;d;em,3,0.024390243902439
6,&eth;&aelig;r,&amp;d;&amp;ae;r,2,0.016260162601626
6,&eth;er,&amp;d;er,2,0.016260162601626
6,&eth;es,&amp;d;es,2,0.016260162601626
6,biscop,biscop,2,0.016260162601626
6,clene,clene,2,0.016260162601626
6,inne,inne,2,0.016260162601626
6,midd,midd,2,0.016260162601626
6,on,on,2,0.016260162601626
6,wundrum,wundrum,2,0.016260162601626
15,&aelig;&eth;ele,&amp;ae;&amp;d;ele,1,0.008130081300813
15,&aelig;&eth;elwold,&amp;ae;&amp;d;elwold,1,0.008130081300813
15,&aelig;t,&amp;ae;t,1,0.008130081300813
15,&eth;ene,&amp;d;ene,1,0.008130081300813
15,&eth;eos,&amp;d;eos,1,0.008130081300813
15,&eth;ere,&amp;d;ere,1,0.008130081300813
15,abbot,abbot,1,0.008130081300813
15,aidan,aidan,1,0.008130081300813
15,arfesta,arfesta,1,0.008130081300813
15,bearnum,bearnum,1,0.008130081300813
15,beda,beda,1,0.008130081300813
15,bide&eth;,bide&amp;d;,1,0.008130081300813
15,bocera,bocera,1,0.008130081300813
15,boisil,boisil,1,0.008130081300813
15,breoma,breoma,1,0.008130081300813
15,breome,breome,1,0.008130081300813
15,breotenrice,breotenrice,1,0.008130081300813
15,burch,burch,1,0.008130081300813
15,byri,byri,1,0.008130081300813
15,cudberch,cudberch,1,0.008130081300813
15,cudberte,cudberte,1,0.008130081300813
15,cyninges,cyninges,1,0.008130081300813
15,dalum,dalum,1,0.008130081300813
15,deope,deope,1,0.008130081300813
15,deor,deor,1,0.008130081300813
15,deora,deora,1,0.008130081300813
15,domes,domes,1,0.008130081300813
15,drihnes,drihnes,1,0.008130081300813
15,ea,ea,1,0.008130081300813
15,eac,eac,1,0.008130081300813
15,eadberch,eadberch,1,0.008130081300813
15,eadfri&eth;,eadfri&amp;d;,1,0.008130081300813
15,eadig,eadig,1,0.008130081300813
15,eadige,eadige,1,0.008130081300813
15,eardi&aelig;&eth;,eardi&amp;ae;&amp;d;,1,0.008130081300813
15,engle,engle,1,0.008130081300813
15,feola,feola,1,0.008130081300813
15,fisca,fisca,1,0.008130081300813
15,floda,floda,1,0.008130081300813
15,geche&eth;e,geche&amp;d;e,1,0.008130081300813
15,gecy&eth;ed,gecy&amp;d;ed,1,0.008130081300813
15,geferes,geferes,1,0.008130081300813
15,gemonge,gemonge,1,0.008130081300813
15,genom,genom,1,0.008130081300813
15,geond,geond,1,0.008130081300813
15,gesta&eth;olad,gesta&amp;d;olad,1,0.008130081300813
15,gew&aelig;xen,gew&amp;ae;xen,1,0.008130081300813
15,gewexen,gewexen,1,0.008130081300813
15,gewur&eth;a&eth;,gewur&amp;d;a&amp;d;,1,0.008130081300813
15,he,he,1,0.008130081300813
15,heafud,heafud,1,0.008130081300813
15,heom,heom,1,0.008130081300813
15,his,his,1,0.008130081300813
15,kyn,kyn,1,0.008130081300813
15,lara,lara,1,0.008130081300813
15,leo,leo,1,0.008130081300813
15,lerde,lerde,1,0.008130081300813
15,lustum,lustum,1,0.008130081300813
15,micel,micel,1,0.008130081300813
15,minstre,minstre,1,0.008130081300813
15,monia,monia,1,0.008130081300813
15,monige,monige,1,0.008130081300813
15,osuualdes,osuualdes,1,0.008130081300813
15,reliquia,reliquia,1,0.008130081300813
15,segge&eth;,segge&amp;d;,1,0.008130081300813
15,stanas,stanas,1,0.008130081300813
15,steppa,steppa,1,0.008130081300813
15,stronge,stronge,1,0.008130081300813
15,unarimeda,unarimeda,1,0.008130081300813
15,ungerim,ungerim,1,0.008130081300813
15,wel,wel,1,0.008130081300813
15,weor,weor,1,0.008130081300813
15,wer,wer,1,0.008130081300813
15,wilda,wilda,1,0.008130081300813
15,writ,writ,1,0.008130081300813
15,wudaf&aelig;stern,wudaf&amp;ae;stern,1,0.008130081300813
15,wuna&eth;,wuna&amp;d;,1,0.008130081300813
15,wuniad,wuniad,1,0.008130081300813
15,wycum,wycum,1,0.008130081300813
15,y&eth;um,y&amp;d;um,1,0.008130081300813
15,ymbeornad,ymbeornad,1,0.008130081300813
15,ymbutan,ymbutan,1,0.008130081300813
