A_Poetry,A09,A09_Mald_T01440.txt,942,667,2083
RANK,HTML WORD,RAW WORD,COUNT,RELATIVE FREQUENCY
1,&thorn;a,<code>&amp;t;a</code>,61,0.0292847
2,on,<code>on</code>,57,0.0273644
3,he,<code>he</code>,56,0.0268843
4,&thorn;&aelig;t,<code>&amp;t;&amp;ae;t</code>,55,0.0264042
5,and,<code>and</code>,49,0.0235238
6,to,<code>to</code>,35,0.0168027
7,&thorn;e,<code>&amp;t;e</code>,31,0.0148824
8,hi,<code>hi</code>,25,0.0120019
9,&thorn;am,<code>&amp;t;am</code>,24,0.0115218
9,se,<code>se</code>,24,0.0115218
11,mid,<code>mid</code>,23,0.0110418
12,his,<code>his</code>,21,0.0100816
13,&thorn;&aelig;r,<code>&amp;t;&amp;ae;r</code>,20,0.0096015
13,ne,<code>ne</code>,20,0.0096015
15,him,<code>him</code>,19,0.0091215
15,w&aelig;s,<code>w&amp;ae;s</code>,19,0.0091215
17,&aelig;t,<code>&amp;ae;t</code>,16,0.0076812
18,ic,<code>ic</code>,13,0.0062410
19,swa,<code>swa</code>,12,0.0057609
20,for&eth;,<code>for&amp;d;</code>,11,0.0052808
20,hyra,<code>hyra</code>,11,0.0052808
20,wear&eth;,<code>wear&amp;d;</code>,11,0.0052808
23,&eth;a,<code>&amp;d;a</code>,10,0.0048008
23,wi&eth;,<code>wi&amp;d;</code>,10,0.0048008
25,bord,<code>bord</code>,9,0.0043207
26,&thorn;one,<code>&amp;t;one</code>,8,0.0038406
26,bearn,<code>bearn</code>,8,0.0038406
26,beornas,<code>beornas</code>,8,0.0038406
26,ealle,<code>ealle</code>,8,0.0038406
26,hilde,<code>hilde</code>,8,0.0038406
26,nu,<code>nu</code>,8,0.0038406
32,&aelig;r,<code>&amp;ae;r</code>,7,0.0033605
32,&thorn;&aelig;s,<code>&amp;t;&amp;ae;s</code>,7,0.0033605
32,eorl,<code>eorl</code>,7,0.0033605
32,m&aelig;g,<code>m&amp;ae;g</code>,7,0.0033605
32,me,<code>me</code>,7,0.0033605
32,mihte,<code>mihte</code>,7,0.0033605
32,of,<code>of</code>,7,0.0033605
32,ord,<code>ord</code>,7,0.0033605
32,stodon,<code>stodon</code>,7,0.0033605
32,us,<code>us</code>,7,0.0033605
32,we,<code>we</code>,7,0.0033605
43,&thorn;u,<code>&amp;t;u</code>,6,0.0028805
43,ac,<code>ac</code>,6,0.0028805
43,byrhtno&eth;,<code>byrhtno&amp;d;</code>,6,0.0028805
43,fram,<code>fram</code>,6,0.0028805
43,gar,<code>gar</code>,6,0.0028805
43,h&aelig;fde,<code>h&amp;ae;fde</code>,6,0.0028805
43,healdan,<code>healdan</code>,6,0.0028805
43,min,<code>min</code>,6,0.0028805
43,ofer,<code>ofer</code>,6,0.0028805
43,ongan,<code>ongan</code>,6,0.0028805
53,begen,<code>begen</code>,5,0.0024004
53,eode,<code>eode</code>,5,0.0024004
53,eow,<code>eow</code>,5,0.0024004
53,frean,<code>frean</code>,5,0.0024004
53,ge,<code>ge</code>,5,0.0024004
53,god,<code>god</code>,5,0.0024004
53,gu&thorn;e,<code>gu&amp;t;e</code>,5,0.0024004
53,her,<code>her</code>,5,0.0024004
53,hit,<code>hit</code>,5,0.0024004
53,hwile,<code>hwile</code>,5,0.0024004
53,man,<code>man</code>,5,0.0024004
53,stod,<code>stod</code>,5,0.0024004
53,ure,<code>ure</code>,5,0.0024004
53,wigan,<code>wigan</code>,5,0.0024004
53,wige,<code>wige</code>,5,0.0024004
68,&eth;e,<code>&amp;d;e</code>,4,0.0019203
68,&thorn;urh,<code>&amp;t;urh</code>,4,0.0019203
68,b&aelig;d,<code>b&amp;ae;d</code>,4,0.0019203
68,be,<code>be</code>,4,0.0019203
68,bylde,<code>bylde</code>,4,0.0019203
68,f&aelig;ste,<code>f&amp;ae;ste</code>,4,0.0019203
68,feaht,<code>feaht</code>,4,0.0019203
68,fleogan,<code>fleogan</code>,4,0.0019203
68,folc,<code>folc</code>,4,0.0019203
68,for,<code>for</code>,4,0.0019203
68,forheawen,<code>forheawen</code>,4,0.0019203
68,forlet,<code>forlet</code>,4,0.0019203
68,gangan,<code>gangan</code>,4,0.0019203
68,georne,<code>georne</code>,4,0.0019203
68,godric,<code>godric</code>,4,0.0019203
68,het,<code>het</code>,4,0.0019203
68,hlaford,<code>hlaford</code>,4,0.0019203
68,hwa,<code>hwa</code>,4,0.0019203
68,is,<code>is</code>,4,0.0019203
68,l&aelig;g,<code>l&amp;ae;g</code>,4,0.0019203
68,men,<code>men</code>,4,0.0019203
68,na,<code>na</code>,4,0.0019203
68,offa,<code>offa</code>,4,0.0019203
68,oft,<code>oft</code>,4,0.0019203
68,ongean,<code>ongean</code>,4,0.0019203
68,sceal,<code>sceal</code>,4,0.0019203
68,sceoldon,<code>sceoldon</code>,4,0.0019203
68,swurd,<code>swurd</code>,4,0.0019203
68,wealdan,<code>wealdan</code>,4,0.0019203
68,wille,<code>wille</code>,4,0.0019203
68,wordum,<code>wordum</code>,4,0.0019203
99,&aelig;&thorn;elredes,<code>&amp;ae;&amp;t;elredes</code>,3,0.0014402
99,&thorn;&aelig;re,<code>&amp;t;&amp;ae;re</code>,3,0.0014402
99,&thorn;earfe,<code>&amp;t;earfe</code>,3,0.0014402
99,&thorn;egenas,<code>&amp;t;egenas</code>,3,0.0014402
99,&thorn;eoden,<code>&amp;t;eoden</code>,3,0.0014402
99,b&aelig;don,<code>b&amp;ae;don</code>,3,0.0014402
99,beot,<code>beot</code>,3,0.0014402
99,ealdor,<code>ealdor</code>,3,0.0014402
99,eard,<code>eard</code>,3,0.0014402
99,eft,<code>eft</code>,3,0.0014402
99,eor&eth;an,<code>eor&amp;d;an</code>,3,0.0014402
99,eor&thorn;an,<code>eor&amp;t;an</code>,3,0.0014402
99,feoll,<code>feoll</code>,3,0.0014402
99,feorh,<code>feorh</code>,3,0.0014402
99,folce,<code>folce</code>,3,0.0014402
99,foldan,<code>foldan</code>,3,0.0014402
99,folman,<code>folman</code>,3,0.0014402
99,garas,<code>garas</code>,3,0.0014402
99,gebeorge,<code>gebeorge</code>,3,0.0014402
99,ger&aelig;hte,<code>ger&amp;ae;hte</code>,3,0.0014402
99,gu&eth;e,<code>gu&amp;d;e</code>,3,0.0014402
99,m&aelig;lde,<code>m&amp;ae;lde</code>,3,0.0014402
99,moston,<code>moston</code>,3,0.0014402
99,nolde,<code>nolde</code>,3,0.0014402
99,noldon,<code>noldon</code>,3,0.0014402
99,orde,<code>orde</code>,3,0.0014402
99,seo,<code>seo</code>,3,0.0014402
99,stop,<code>stop</code>,3,0.0014402
99,sum,<code>sum</code>,3,0.0014402
99,sunu,<code>sunu</code>,3,0.0014402
99,swi&eth;e,<code>swi&amp;d;e</code>,3,0.0014402
99,w&aelig;pen,<code>w&amp;ae;pen</code>,3,0.0014402
99,w&aelig;pna,<code>w&amp;ae;pna</code>,3,0.0014402
99,werod,<code>werod</code>,3,0.0014402
99,wicinga,<code>wicinga</code>,3,0.0014402
99,wolde,<code>wolde</code>,3,0.0014402
135,&aelig;lfwine,<code>&amp;ae;lfwine</code>,2,0.0009602
135,&aelig;nig,<code>&amp;ae;nig</code>,2,0.0009602
135,&aelig;rest,<code>&amp;ae;rest</code>,2,0.0009602
135,&aelig;sc,<code>&amp;ae;sc</code>,2,0.0009602
135,&aelig;twitan,<code>&amp;ae;twitan</code>,2,0.0009602
135,&eth;&aelig;r,<code>&amp;d;&amp;ae;r</code>,2,0.0009602
135,&eth;&aelig;s,<code>&amp;d;&amp;ae;s</code>,2,0.0009602
135,&eth;one,<code>&amp;d;one</code>,2,0.0009602
135,&thorn;anc,<code>&amp;t;anc</code>,2,0.0009602
135,&thorn;ence&eth;,<code>&amp;t;ence&amp;d;</code>,2,0.0009602
135,&thorn;is,<code>&amp;t;is</code>,2,0.0009602
135,&thorn;olian,<code>&amp;t;olian</code>,2,0.0009602
135,&thorn;onne,<code>&amp;t;onne</code>,2,0.0009602
135,acwehte,<code>acwehte</code>,2,0.0009602
135,ahof,<code>ahof</code>,2,0.0009602
135,anne,<code>anne</code>,2,0.0009602
135,anr&aelig;d,<code>anr&amp;ae;d</code>,2,0.0009602
135,beagas,<code>beagas</code>,2,0.0009602
135,beorne,<code>beorne</code>,2,0.0009602
135,beornes,<code>beornes</code>,2,0.0009602
135,beran,<code>beran</code>,2,0.0009602
135,br&aelig;d,<code>br&amp;ae;d</code>,2,0.0009602
135,bricge,<code>bricge</code>,2,0.0009602
135,byrne,<code>byrne</code>,2,0.0009602
135,cene,<code>cene</code>,2,0.0009602
135,clypode,<code>clypode</code>,2,0.0009602
135,cniht,<code>cniht</code>,2,0.0009602
135,cw&aelig;&eth;,<code>cw&amp;ae;&amp;d;</code>,2,0.0009602
135,cynnes,<code>cynnes</code>,2,0.0009602
135,daro&eth;,<code>daro&amp;d;</code>,2,0.0009602
135,dom,<code>dom</code>,2,0.0009602
135,eadweard,<code>eadweard</code>,2,0.0009602
135,eall,<code>eall</code>,2,0.0009602
135,eallum,<code>eallum</code>,2,0.0009602
135,embe,<code>embe</code>,2,0.0009602
135,eodon,<code>eodon</code>,2,0.0009602
135,eom,<code>eom</code>,2,0.0009602
135,eorle,<code>eorle</code>,2,0.0009602
135,f&aelig;ge,<code>f&amp;ae;ge</code>,2,0.0009602
135,f&aelig;stlice,<code>f&amp;ae;stlice</code>,2,0.0009602
135,faran,<code>faran</code>,2,0.0009602
135,feallan,<code>feallan</code>,2,0.0009602
135,fela,<code>fela</code>,2,0.0009602
135,feohtan,<code>feohtan</code>,2,0.0009602
135,feol,<code>feol</code>,2,0.0009602
135,feondum,<code>feondum</code>,2,0.0009602
135,feor,<code>feor</code>,2,0.0009602
135,feore,<code>feore</code>,2,0.0009602
135,feores,<code>feores</code>,2,0.0009602
135,feran,<code>feran</code>,2,0.0009602
135,fleam,<code>fleam</code>,2,0.0009602
135,flod,<code>flod</code>,2,0.0009602
135,flotan,<code>flotan</code>,2,0.0009602
135,forgeaf,<code>forgeaf</code>,2,0.0009602
135,forl&aelig;tan,<code>forl&amp;ae;tan</code>,2,0.0009602
135,fotum,<code>fotum</code>,2,0.0009602
135,francan,<code>francan</code>,2,0.0009602
135,frod,<code>frod</code>,2,0.0009602
135,ful,<code>ful</code>,2,0.0009602
135,fyl,<code>fyl</code>,2,0.0009602
135,gafole,<code>gafole</code>,2,0.0009602
135,gearowe,<code>gearowe</code>,2,0.0009602
135,gecranc,<code>gecranc</code>,2,0.0009602
135,geferan,<code>geferan</code>,2,0.0009602
135,gehwylc,<code>gehwylc</code>,2,0.0009602
135,gem&aelig;lde,<code>gem&amp;ae;lde</code>,2,0.0009602
135,gemot,<code>gemot</code>,2,0.0009602
135,gesawon,<code>gesawon</code>,2,0.0009602
135,gewat,<code>gewat</code>,2,0.0009602
135,gewinne,<code>gewinne</code>,2,0.0009602
135,gewrecan,<code>gewrecan</code>,2,0.0009602
135,gewyrcan,<code>gewyrcan</code>,2,0.0009602
135,gyf,<code>gyf</code>,2,0.0009602
135,gyt,<code>gyt</code>,2,0.0009602
135,hafenode,<code>hafenode</code>,2,0.0009602
135,hand,<code>hand</code>,2,0.0009602
135,handum,<code>handum</code>,2,0.0009602
135,haten,<code>haten</code>,2,0.0009602
135,healfe,<code>healfe</code>,2,0.0009602
135,heard,<code>heard</code>,2,0.0009602
135,heardne,<code>heardne</code>,2,0.0009602
135,hige,<code>hige</code>,2,0.0009602
135,hine,<code>hine</code>,2,0.0009602
135,hogode,<code>hogode</code>,2,0.0009602
135,hw&aelig;t,<code>hw&amp;ae;t</code>,2,0.0009602
135,hwilon,<code>hwilon</code>,2,0.0009602
135,hyssa,<code>hyssa</code>,2,0.0009602
135,hyssas,<code>hyssas</code>,2,0.0009602
135,in,<code>in</code>,2,0.0009602
135,lagon,<code>lagon</code>,2,0.0009602
135,landes,<code>landes</code>,2,0.0009602
135,leofne,<code>leofne</code>,2,0.0009602
135,let,<code>let</code>,2,0.0009602
135,li&eth;,<code>li&amp;d;</code>,2,0.0009602
135,linde,<code>linde</code>,2,0.0009602
135,ma&thorn;elode,<code>ma&amp;t;elode</code>,2,0.0009602
135,mece,<code>mece</code>,2,0.0009602
135,minum,<code>minum</code>,2,0.0009602
135,mote,<code>mote</code>,2,0.0009602
135,niman,<code>niman</code>,2,0.0009602
135,o&eth;&eth;e,<code>o&amp;d;&amp;d;e</code>,2,0.0009602
135,o&eth;&thorn;&aelig;t,<code>o&amp;d;&amp;t;&amp;ae;t</code>,2,0.0009602
135,o&eth;rum,<code>o&amp;d;rum</code>,2,0.0009602
135,o&thorn;erne,<code>o&amp;t;erne</code>,2,0.0009602
135,oddan,<code>oddan</code>,2,0.0009602
135,ongunnon,<code>ongunnon</code>,2,0.0009602
135,pantan,<code>pantan</code>,2,0.0009602
135,ra&eth;e,<code>ra&amp;d;e</code>,2,0.0009602
135,rad,<code>rad</code>,2,0.0009602
135,s&aelig;mannum,<code>s&amp;ae;mannum</code>,2,0.0009602
135,sceat,<code>sceat</code>,2,0.0009602
135,sceattum,<code>sceattum</code>,2,0.0009602
135,sceolon,<code>sceolon</code>,2,0.0009602
135,scype,<code>scype</code>,2,0.0009602
135,sloh,<code>sloh</code>,2,0.0009602
135,spr&aelig;c,<code>spr&amp;ae;c</code>,2,0.0009602
135,spr&aelig;con,<code>spr&amp;ae;con</code>,2,0.0009602
135,syllan,<code>syllan</code>,2,0.0009602
135,tob&aelig;rst,<code>tob&amp;ae;rst</code>,2,0.0009602
135,w&aelig;l,<code>w&amp;ae;l</code>,2,0.0009602
135,w&aelig;le,<code>w&amp;ae;le</code>,2,0.0009602
135,w&aelig;lstowe,<code>w&amp;ae;lstowe</code>,2,0.0009602
135,w&aelig;pnum,<code>w&amp;ae;pnum</code>,2,0.0009602
135,w&aelig;re,<code>w&amp;ae;re</code>,2,0.0009602
135,w&aelig;ter,<code>w&amp;ae;ter</code>,2,0.0009602
135,w&aelig;tere,<code>w&amp;ae;tere</code>,2,0.0009602
135,wende,<code>wende</code>,2,0.0009602
135,wendon,<code>wendon</code>,2,0.0009602
135,weredon,<code>weredon</code>,2,0.0009602
135,wiges,<code>wiges</code>,2,0.0009602
135,wigplegan,<code>wigplegan</code>,2,0.0009602
135,willa&eth;,<code>willa&amp;d;</code>,2,0.0009602
135,winedrihten,<code>winedrihten</code>,2,0.0009602
135,wod,<code>wod</code>,2,0.0009602
135,wodon,<code>wodon</code>,2,0.0009602
135,wrecan,<code>wrecan</code>,2,0.0009602
135,wulfm&aelig;r,<code>wulfm&amp;ae;r</code>,2,0.0009602
135,wund,<code>wund</code>,2,0.0009602
135,wunde,<code>wunde</code>,2,0.0009602
135,wundum,<code>wundum</code>,2,0.0009602
135,yrre,<code>yrre</code>,2,0.0009602
276,&aelig;&thorn;elan,<code>&amp;ae;&amp;t;elan</code>,1,0.0004801
276,&aelig;&thorn;ele,<code>&amp;ae;&amp;t;ele</code>,1,0.0004801
276,&aelig;&thorn;elgares,<code>&amp;ae;&amp;t;elgares</code>,1,0.0004801
276,&aelig;&thorn;elo,<code>&amp;ae;&amp;t;elo</code>,1,0.0004801
276,&aelig;&thorn;eric,<code>&amp;ae;&amp;t;eric</code>,1,0.0004801
276,&aelig;fre,<code>&amp;ae;fre</code>,1,0.0004801
276,&aelig;fter,<code>&amp;ae;fter</code>,1,0.0004801
276,&aelig;g&eth;er,<code>&amp;ae;g&amp;d;er</code>,1,0.0004801
276,&aelig;g&thorn;er,<code>&amp;ae;g&amp;t;er</code>,1,0.0004801
276,&aelig;ghwylc,<code>&amp;ae;ghwylc</code>,1,0.0004801
276,&aelig;lfere,<code>&amp;ae;lfere</code>,1,0.0004801
276,&aelig;lfno&eth;,<code>&amp;ae;lfno&amp;d;</code>,1,0.0004801
276,&aelig;lfrices,<code>&amp;ae;lfrices</code>,1,0.0004801
276,&aelig;r&aelig;nde,<code>&amp;ae;r&amp;ae;nde</code>,1,0.0004801
276,&aelig;rndon,<code>&amp;ae;rndon</code>,1,0.0004801
276,&aelig;rost,<code>&amp;ae;rost</code>,1,0.0004801
276,&aelig;scfer&eth;,<code>&amp;ae;scfer&amp;d;</code>,1,0.0004801
276,&aelig;schere,<code>&amp;ae;schere</code>,1,0.0004801
276,&aelig;scholt,<code>&amp;ae;scholt</code>,1,0.0004801
276,&aelig;ses,<code>&amp;ae;ses</code>,1,0.0004801
276,&aelig;tforan,<code>&amp;ae;tforan</code>,1,0.0004801
276,&aelig;tterne,<code>&amp;ae;tterne</code>,1,0.0004801
276,&aelig;ttrynne,<code>&amp;ae;ttrynne</code>,1,0.0004801
276,&eth;am,<code>&amp;d;am</code>,1,0.0004801
276,&eth;eah,<code>&amp;d;eah</code>,1,0.0004801
276,&eth;earfe,<code>&amp;d;earfe</code>,1,0.0004801
276,&eth;egenlice,<code>&amp;d;egenlice</code>,1,0.0004801
276,&eth;eoda,<code>&amp;d;eoda</code>,1,0.0004801
276,&eth;eode,<code>&amp;d;eode</code>,1,0.0004801
276,&eth;eoden,<code>&amp;d;eoden</code>,1,0.0004801
276,&eth;eodne,<code>&amp;d;eodne</code>,1,0.0004801
276,&eth;isse,<code>&amp;d;isse</code>,1,0.0004801
276,&thorn;&aelig;ra,<code>&amp;t;&amp;ae;ra</code>,1,0.0004801
276,&thorn;as,<code>&amp;t;as</code>,1,0.0004801
276,&thorn;at,<code>&amp;t;at</code>,1,0.0004801
276,&thorn;earf,<code>&amp;t;earf</code>,1,0.0004801
276,&thorn;earle,<code>&amp;t;earle</code>,1,0.0004801
276,&thorn;egen,<code>&amp;t;egen</code>,1,0.0004801
276,&thorn;ence,<code>&amp;t;ence</code>,1,0.0004801
276,&thorn;eode,<code>&amp;t;eode</code>,1,0.0004801
276,&thorn;in,<code>&amp;t;in</code>,1,0.0004801
276,&thorn;ince&eth;,<code>&amp;t;ince&amp;d;</code>,1,0.0004801
276,&thorn;ine,<code>&amp;t;ine</code>,1,0.0004801
276,&thorn;inum,<code>&amp;t;inum</code>,1,0.0004801
276,&thorn;isne,<code>&amp;t;isne</code>,1,0.0004801
276,&thorn;on,<code>&amp;t;on</code>,1,0.0004801
276,&thorn;reora,<code>&amp;t;reora</code>,1,0.0004801
276,&thorn;uhte,<code>&amp;t;uhte</code>,1,0.0004801
276,&thorn;urfe,<code>&amp;t;urfe</code>,1,0.0004801
276,&thorn;urfon,<code>&amp;t;urfon</code>,1,0.0004801
276,&thorn;urhwod,<code>&amp;t;urhwod</code>,1,0.0004801
276,&thorn;urstanes,<code>&amp;t;urstanes</code>,1,0.0004801
276,&thorn;us,<code>&amp;t;us</code>,1,0.0004801
276,&thorn;ysne,<code>&amp;t;ysne</code>,1,0.0004801
276,a,<code>a</code>,1,0.0004801
276,abead,<code>abead</code>,1,0.0004801
276,abeod,<code>abeod</code>,1,0.0004801
276,abreo&eth;e,<code>abreo&amp;d;e</code>,1,0.0004801
276,afeallen,<code>afeallen</code>,1,0.0004801
276,aflymde,<code>aflymde</code>,1,0.0004801
276,afysan,<code>afysan</code>,1,0.0004801
276,agan,<code>agan</code>,1,0.0004801
276,ageaf,<code>ageaf</code>,1,0.0004801
276,agyfen,<code>agyfen</code>,1,0.0004801
276,ah,<code>ah</code>,1,0.0004801
276,ahafen,<code>ahafen</code>,1,0.0004801
276,ahofon,<code>ahofon</code>,1,0.0004801
276,ahte,<code>ahte</code>,1,0.0004801
276,alyfan,<code>alyfan</code>,1,0.0004801
276,amyrde,<code>amyrde</code>,1,0.0004801
276,ana,<code>ana</code>,1,0.0004801
276,andsware,<code>andsware</code>,1,0.0004801
276,angin,<code>angin</code>,1,0.0004801
276,ar,<code>ar</code>,1,0.0004801
276,as&aelig;de,<code>as&amp;ae;de</code>,1,0.0004801
276,asceoc,<code>asceoc</code>,1,0.0004801
276,b&aelig;c,<code>b&amp;ae;c</code>,1,0.0004801
276,b&aelig;ron,<code>b&amp;ae;ron</code>,1,0.0004801
276,b&aelig;rst,<code>b&amp;ae;rst</code>,1,0.0004801
276,baldlice,<code>baldlice</code>,1,0.0004801
276,baldlicost,<code>baldlicost</code>,1,0.0004801
276,bana,<code>bana</code>,1,0.0004801
276,beadur&aelig;s,<code>beadur&amp;ae;s</code>,1,0.0004801
276,beaduwe,<code>beaduwe</code>,1,0.0004801
276,beahgifan,<code>beahgifan</code>,1,0.0004801
276,becomon,<code>becomon</code>,1,0.0004801
276,bence,<code>bence</code>,1,0.0004801
276,beon,<code>beon</code>,1,0.0004801
276,beorn,<code>beorn</code>,1,0.0004801
276,beorna,<code>beorna</code>,1,0.0004801
276,beornum,<code>beornum</code>,1,0.0004801
276,beotode,<code>beotode</code>,1,0.0004801
276,beron,<code>beron</code>,1,0.0004801
276,bestodon,<code>bestodon</code>,1,0.0004801
276,beswicene,<code>beswicene</code>,1,0.0004801
276,betera,<code>betera</code>,1,0.0004801
276,betere,<code>betere</code>,1,0.0004801
276,big,<code>big</code>,1,0.0004801
276,bill,<code>bill</code>,1,0.0004801
276,billum,<code>billum</code>,1,0.0004801
276,biter,<code>biter</code>,1,0.0004801
276,bitere,<code>bitere</code>,1,0.0004801
276,bli&thorn;ra,<code>bli&amp;t;ra</code>,1,0.0004801
276,blodigne,<code>blodigne</code>,1,0.0004801
276,boda,<code>boda</code>,1,0.0004801
276,bogan,<code>bogan</code>,1,0.0004801
276,borda,<code>borda</code>,1,0.0004801
276,bordes,<code>bordes</code>,1,0.0004801
276,bordum,<code>bordum</code>,1,0.0004801
276,bordweall,<code>bordweall</code>,1,0.0004801
276,br&aelig;c,<code>br&amp;ae;c</code>,1,0.0004801
276,brad,<code>brad</code>,1,0.0004801
276,bradswurd,<code>bradswurd</code>,1,0.0004801
276,breostum,<code>breostum</code>,1,0.0004801
276,bricgweardas,<code>bricgweardas</code>,1,0.0004801
276,brimli&thorn;endra,<code>brimli&amp;t;endra</code>,1,0.0004801
276,brimmanna,<code>brimmanna</code>,1,0.0004801
276,brimmen,<code>brimmen</code>,1,0.0004801
276,bro&eth;or,<code>bro&amp;d;or</code>,1,0.0004801
276,bro&eth;ru,<code>bro&amp;d;ru</code>,1,0.0004801
276,brocen,<code>brocen</code>,1,0.0004801
276,bruneccg,<code>bruneccg</code>,1,0.0004801
276,bugan,<code>bugan</code>,1,0.0004801
276,bugon,<code>bugon</code>,1,0.0004801
276,bur&thorn;ene,<code>bur&amp;t;ene</code>,1,0.0004801
276,burgon,<code>burgon</code>,1,0.0004801
276,burh,<code>burh</code>,1,0.0004801
276,buton,<code>buton</code>,1,0.0004801
276,byre,<code>byre</code>,1,0.0004801
276,byrhtelmes,<code>byrhtelmes</code>,1,0.0004801
276,byrhtno&eth;es,<code>byrhtno&amp;d;es</code>,1,0.0004801
276,byrhtwold,<code>byrhtwold</code>,1,0.0004801
276,byrnan,<code>byrnan</code>,1,0.0004801
276,bysige,<code>bysige</code>,1,0.0004801
276,caflice,<code>caflice</code>,1,0.0004801
276,cafne,<code>cafne</code>,1,0.0004801
276,cald,<code>cald</code>,1,0.0004801
276,ceallian,<code>ceallian</code>,1,0.0004801
276,cellod,<code>cellod</code>,1,0.0004801
276,cempa,<code>cempa</code>,1,0.0004801
276,cenre,<code>cenre</code>,1,0.0004801
276,ceolan,<code>ceolan</code>,1,0.0004801
276,ceorl,<code>ceorl</code>,1,0.0004801
276,ceorle,<code>ceorle</code>,1,0.0004801
276,clufon,<code>clufon</code>,1,0.0004801
276,com,<code>com</code>,1,0.0004801
276,crincgan,<code>crincgan</code>,1,0.0004801
276,cruncon,<code>cruncon</code>,1,0.0004801
276,cumen,<code>cumen</code>,1,0.0004801
276,cunnian,<code>cunnian</code>,1,0.0004801
276,cynne,<code>cynne</code>,1,0.0004801
276,cyrm,<code>cyrm</code>,1,0.0004801
276,d&aelig;g,<code>d&amp;ae;g</code>,1,0.0004801
276,d&aelig;gweorces,<code>d&amp;ae;gweorces</code>,1,0.0004801
276,d&aelig;lon,<code>d&amp;ae;lon</code>,1,0.0004801
276,deah,<code>deah</code>,1,0.0004801
276,denon,<code>denon</code>,1,0.0004801
276,derian,<code>derian</code>,1,0.0004801
276,drenga,<code>drenga</code>,1,0.0004801
276,drihten,<code>drihten</code>,1,0.0004801
276,dugu&thorn;e,<code>dugu&amp;t;e</code>,1,0.0004801
276,dunnere,<code>dunnere</code>,1,0.0004801
276,dyde,<code>dyde</code>,1,0.0004801
276,e&thorn;el,<code>e&amp;t;el</code>,1,0.0004801
276,eac,<code>eac</code>,1,0.0004801
276,eadric,<code>eadric</code>,1,0.0004801
276,eadwold,<code>eadwold</code>,1,0.0004801
276,eald,<code>eald</code>,1,0.0004801
276,ealda,<code>ealda</code>,1,0.0004801
276,ealde,<code>ealde</code>,1,0.0004801
276,ealdorman,<code>ealdorman</code>,1,0.0004801
276,ealdre,<code>ealdre</code>,1,0.0004801
276,ealdres,<code>ealdres</code>,1,0.0004801
276,ealhelm,<code>ealhelm</code>,1,0.0004801
276,ealra,<code>ealra</code>,1,0.0004801
276,earh,<code>earh</code>,1,0.0004801
276,earm,<code>earm</code>,1,0.0004801
276,earn,<code>earn</code>,1,0.0004801
276,eart,<code>eart</code>,1,0.0004801
276,easte&eth;e,<code>easte&amp;d;e</code>,1,0.0004801
276,eastseaxena,<code>eastseaxena</code>,1,0.0004801
276,ebban,<code>ebban</code>,1,0.0004801
276,ecg,<code>ecg</code>,1,0.0004801
276,ecglafes,<code>ecglafes</code>,1,0.0004801
276,efston,<code>efston</code>,1,0.0004801
276,ellen,<code>ellen</code>,1,0.0004801
276,engla,<code>engla</code>,1,0.0004801
276,eoh,<code>eoh</code>,1,0.0004801
276,eorles,<code>eorles</code>,1,0.0004801
276,eornoste,<code>eornoste</code>,1,0.0004801
276,f&aelig;der,<code>f&amp;ae;der</code>,1,0.0004801
276,f&aelig;gean,<code>f&amp;ae;gean</code>,1,0.0004801
276,f&aelig;gere,<code>f&amp;ae;gere</code>,1,0.0004801
276,f&aelig;ges,<code>f&amp;ae;ges</code>,1,0.0004801
276,f&aelig;h&eth;e,<code>f&amp;ae;h&amp;d;e</code>,1,0.0004801
276,f&aelig;rscea&eth;an,<code>f&amp;ae;rscea&amp;d;an</code>,1,0.0004801
276,f&aelig;sten,<code>f&amp;ae;sten</code>,1,0.0004801
276,f&aelig;stnian,<code>f&amp;ae;stnian</code>,1,0.0004801
276,fe&thorn;an,<code>fe&amp;t;an</code>,1,0.0004801
276,fealohilte,<code>fealohilte</code>,1,0.0004801
276,felda,<code>felda</code>,1,0.0004801
276,feng,<code>feng</code>,1,0.0004801
276,feoh,<code>feoh</code>,1,0.0004801
276,feohte,<code>feohte</code>,1,0.0004801
276,feolhearde,<code>feolhearde</code>,1,0.0004801
276,feollon,<code>feollon</code>,1,0.0004801
276,feorhhus,<code>feorhhus</code>,1,0.0004801
276,ferian,<code>ferian</code>,1,0.0004801
276,flan,<code>flan</code>,1,0.0004801
276,flanes,<code>flanes</code>,1,0.0004801
276,fleame,<code>fleame</code>,1,0.0004801
276,fleon,<code>fleon</code>,1,0.0004801
276,flot,<code>flot</code>,1,0.0004801
276,flowende,<code>flowende</code>,1,0.0004801
276,flugon,<code>flugon</code>,1,0.0004801
276,flyht,<code>flyht</code>,1,0.0004801
276,folces,<code>folces</code>,1,0.0004801
276,for&eth;georn,<code>for&amp;d;georn</code>,1,0.0004801
276,for&thorn;an,<code>for&amp;t;an</code>,1,0.0004801
276,forbeah,<code>forbeah</code>,1,0.0004801
276,ford,<code>ford</code>,1,0.0004801
276,forda,<code>forda</code>,1,0.0004801
276,forgyldon,<code>forgyldon</code>,1,0.0004801
276,forheardne,<code>forheardne</code>,1,0.0004801
276,forhogode,<code>forhogode</code>,1,0.0004801
276,forhtedon,<code>forhtedon</code>,1,0.0004801
276,forman,<code>forman</code>,1,0.0004801
276,formoni,<code>formoni</code>,1,0.0004801
276,forwegen,<code>forwegen</code>,1,0.0004801
276,fotes,<code>fotes</code>,1,0.0004801
276,fotm&aelig;l,<code>fotm&amp;ae;l</code>,1,0.0004801
276,freode,<code>freode</code>,1,0.0004801
276,fri&eth;,<code>fri&amp;d;</code>,1,0.0004801
276,fri&thorn;e,<code>fri&amp;t;e</code>,1,0.0004801
276,fri&thorn;es,<code>fri&amp;t;es</code>,1,0.0004801
276,frymdi,<code>frymdi</code>,1,0.0004801
276,frynd,<code>frynd</code>,1,0.0004801
276,full,<code>full</code>,1,0.0004801
276,fundon,<code>fundon</code>,1,0.0004801
276,fur&eth;or,<code>fur&amp;d;or</code>,1,0.0004801
276,fus,<code>fus</code>,1,0.0004801
276,fylstan,<code>fylstan</code>,1,0.0004801
276,fynd,<code>fynd</code>,1,0.0004801
276,fyrde,<code>fyrde</code>,1,0.0004801
276,fyrdrinc,<code>fyrdrinc</code>,1,0.0004801
276,fyrmest,<code>fyrmest</code>,1,0.0004801
276,fysde,<code>fysde</code>,1,0.0004801
276,ga&eth;,<code>ga&amp;d;</code>,1,0.0004801
276,gaddes,<code>gaddes</code>,1,0.0004801
276,gan,<code>gan</code>,1,0.0004801
276,gangon,<code>gangon</code>,1,0.0004801
276,garberend,<code>garberend</code>,1,0.0004801
276,gare,<code>gare</code>,1,0.0004801
276,garr&aelig;s,<code>garr&amp;ae;s</code>,1,0.0004801
276,gaste,<code>gaste</code>,1,0.0004801
276,ge&thorn;anc,<code>ge&amp;t;anc</code>,1,0.0004801
276,ge&thorn;ancie,<code>ge&amp;t;ancie</code>,1,0.0004801
276,ge&thorn;olian,<code>ge&amp;t;olian</code>,1,0.0004801
276,ge&thorn;range,<code>ge&amp;t;range</code>,1,0.0004801
276,gealgean,<code>gealgean</code>,1,0.0004801
276,gearo,<code>gearo</code>,1,0.0004801
276,gebad,<code>gebad</code>,1,0.0004801
276,gebr&aelig;c,<code>gebr&amp;ae;c</code>,1,0.0004801
276,gebro&thorn;ru,<code>gebro&amp;t;ru</code>,1,0.0004801
276,gecampe,<code>gecampe</code>,1,0.0004801
276,geceas,<code>geceas</code>,1,0.0004801
276,gecw&aelig;&eth;,<code>gecw&amp;ae;&amp;d;</code>,1,0.0004801
276,gecy&thorn;an,<code>gecy&amp;t;an</code>,1,0.0004801
276,gedon,<code>gedon</code>,1,0.0004801
276,geearnunga,<code>geearnunga</code>,1,0.0004801
276,gefecgan,<code>gefecgan</code>,1,0.0004801
276,gefeohtan,<code>gefeohtan</code>,1,0.0004801
276,gefeohte,<code>gefeohte</code>,1,0.0004801
276,gefera,<code>gefera</code>,1,0.0004801
276,gefor&thorn;od,<code>gefor&amp;t;od</code>,1,0.0004801
276,gegangan,<code>gegangan</code>,1,0.0004801
276,gegremod,<code>gegremod</code>,1,0.0004801
276,gegremode,<code>gegremode</code>,1,0.0004801
276,gegrundene,<code>gegrundene</code>,1,0.0004801
276,gehate,<code>gehate</code>,1,0.0004801
276,gehealdan,<code>gehealdan</code>,1,0.0004801
276,gehende,<code>gehende</code>,1,0.0004801
276,gehet,<code>gehet</code>,1,0.0004801
276,gehleop,<code>gehleop</code>,1,0.0004801
276,gehlyston,<code>gehlyston</code>,1,0.0004801
276,gehw&aelig;&eth;ere,<code>gehw&amp;ae;&amp;d;ere</code>,1,0.0004801
276,gehyrde,<code>gehyrde</code>,1,0.0004801
276,gehyrst,<code>gehyrst</code>,1,0.0004801
276,gel&aelig;stan,<code>gel&amp;ae;stan</code>,1,0.0004801
276,gel&aelig;ste,<code>gel&amp;ae;ste</code>,1,0.0004801
276,gelette,<code>gelette</code>,1,0.0004801
276,gemanode,<code>gemanode</code>,1,0.0004801
276,gemunan,<code>gemunan</code>,1,0.0004801
276,gemunde,<code>gemunde</code>,1,0.0004801
276,gemundon,<code>gemundon</code>,1,0.0004801
276,gename,<code>gename</code>,1,0.0004801
276,geneat,<code>geneat</code>,1,0.0004801
276,genehe,<code>genehe</code>,1,0.0004801
276,geong,<code>geong</code>,1,0.0004801
276,geonga,<code>geonga</code>,1,0.0004801
276,georn,<code>georn</code>,1,0.0004801
276,geornful,<code>geornful</code>,1,0.0004801
276,geornlice,<code>geornlice</code>,1,0.0004801
276,ger&aelig;dest,<code>ger&amp;ae;dest</code>,1,0.0004801
276,ger&aelig;dum,<code>ger&amp;ae;dum</code>,1,0.0004801
276,gerenod,<code>gerenod</code>,1,0.0004801
276,gerymed,<code>gerymed</code>,1,0.0004801
276,ges&aelig;de,<code>ges&amp;ae;de</code>,1,0.0004801
276,gesealde,<code>gesealde</code>,1,0.0004801
276,gesealdon,<code>gesealdon</code>,1,0.0004801
276,gesecan,<code>gesecan</code>,1,0.0004801
276,geseman,<code>geseman</code>,1,0.0004801
276,gesohte,<code>gesohte</code>,1,0.0004801
276,gestandan,<code>gestandan</code>,1,0.0004801
276,gesyrwed,<code>gesyrwed</code>,1,0.0004801
276,getohte,<code>getohte</code>,1,0.0004801
276,getrymmed,<code>getrymmed</code>,1,0.0004801
276,geunne,<code>geunne</code>,1,0.0004801
276,geweald,<code>geweald</code>,1,0.0004801
276,gewinn,<code>gewinn</code>,1,0.0004801
276,gewinnan,<code>gewinnan</code>,1,0.0004801
276,gewod,<code>gewod</code>,1,0.0004801
276,gewundod,<code>gewundod</code>,1,0.0004801
276,gif,<code>gif</code>,1,0.0004801
276,gnornian,<code>gnornian</code>,1,0.0004801
276,godan,<code>godan</code>,1,0.0004801
276,gode,<code>gode</code>,1,0.0004801
276,godes,<code>godes</code>,1,0.0004801
276,godrine,<code>godrine</code>,1,0.0004801
276,godum,<code>godum</code>,1,0.0004801
276,godwig,<code>godwig</code>,1,0.0004801
276,gofol,<code>gofol</code>,1,0.0004801
276,golde,<code>golde</code>,1,0.0004801
276,grame,<code>grame</code>,1,0.0004801
276,gramum,<code>gramum</code>,1,0.0004801
276,greote,<code>greote</code>,1,0.0004801
276,gri&eth;,<code>gri&amp;d;</code>,1,0.0004801
276,grim,<code>grim</code>,1,0.0004801
276,grund,<code>grund</code>,1,0.0004801
276,gryreleo&eth;a,<code>gryreleo&amp;d;a</code>,1,0.0004801
276,gu&eth;plega,<code>gu&amp;d;plega</code>,1,0.0004801
276,gu&eth;rinc,<code>gu&amp;d;rinc</code>,1,0.0004801
276,guman,<code>guman</code>,1,0.0004801
276,gylpwordum,<code>gylpwordum</code>,1,0.0004801
276,gymdon,<code>gymdon</code>,1,0.0004801
276,gysel,<code>gysel</code>,1,0.0004801
276,gystas,<code>gystas</code>,1,0.0004801
276,h&aelig;&eth;ene,<code>h&amp;ae;&amp;d;ene</code>,1,0.0004801
276,h&aelig;&thorn;ene,<code>h&amp;ae;&amp;t;ene</code>,1,0.0004801
276,h&aelig;f&eth;,<code>h&amp;ae;f&amp;d;</code>,1,0.0004801
276,h&aelig;l&aelig;&eth;,<code>h&amp;ae;l&amp;ae;&amp;d;</code>,1,0.0004801
276,h&aelig;le&eth;,<code>h&amp;ae;le&amp;d;</code>,1,0.0004801
276,h&aelig;le&eth;a,<code>h&amp;ae;le&amp;d;a</code>,1,0.0004801
276,habban,<code>habban</code>,1,0.0004801
276,hafast,<code>hafast</code>,1,0.0004801
276,hafoc,<code>hafoc</code>,1,0.0004801
276,hale,<code>hale</code>,1,0.0004801
276,hals,<code>hals</code>,1,0.0004801
276,ham,<code>ham</code>,1,0.0004801
276,hame,<code>hame</code>,1,0.0004801
276,handa,<code>handa</code>,1,0.0004801
276,handon,<code>handon</code>,1,0.0004801
276,har,<code>har</code>,1,0.0004801
276,healle,<code>healle</code>,1,0.0004801
276,heanlic,<code>heanlic</code>,1,0.0004801
276,hearde,<code>hearde</code>,1,0.0004801
276,heardes,<code>heardes</code>,1,0.0004801
276,heardlice,<code>heardlice</code>,1,0.0004801
276,heardra,<code>heardra</code>,1,0.0004801
276,hearma,<code>hearma</code>,1,0.0004801
276,helscea&eth;an,<code>helscea&amp;d;an</code>,1,0.0004801
276,heofenum,<code>heofenum</code>,1,0.0004801
276,heoldon,<code>heoldon</code>,1,0.0004801
276,heonon,<code>heonon</code>,1,0.0004801
276,heor&eth;geneatas,<code>heor&amp;d;geneatas</code>,1,0.0004801
276,heor&eth;werod,<code>heor&amp;d;werod</code>,1,0.0004801
276,heorra,<code>heorra</code>,1,0.0004801
276,heortan,<code>heortan</code>,1,0.0004801
276,heorte,<code>heorte</code>,1,0.0004801
276,heow,<code>heow</code>,1,0.0004801
276,heowon,<code>heowon</code>,1,0.0004801
276,here,<code>here</code>,1,0.0004801
276,heregeatu,<code>heregeatu</code>,1,0.0004801
276,heton,<code>heton</code>,1,0.0004801
276,hicgan,<code>hicgan</code>,1,0.0004801
276,hider,<code>hider</code>,1,0.0004801
276,hilderinc,<code>hilderinc</code>,1,0.0004801
276,hiredmen,<code>hiredmen</code>,1,0.0004801
276,hlaforde,<code>hlaforde</code>,1,0.0004801
276,hlafordleas,<code>hlafordleas</code>,1,0.0004801
276,hleo,<code>hleo</code>,1,0.0004801
276,hloh,<code>hloh</code>,1,0.0004801
276,hogodon,<code>hogodon</code>,1,0.0004801
276,holdost,<code>holdost</code>,1,0.0004801
276,holtes,<code>holtes</code>,1,0.0004801
276,hors,<code>hors</code>,1,0.0004801
276,hream,<code>hream</code>,1,0.0004801
276,hremmas,<code>hremmas</code>,1,0.0004801
276,hringas,<code>hringas</code>,1,0.0004801
276,hringlocan,<code>hringlocan</code>,1,0.0004801
276,hu,<code>hu</code>,1,0.0004801
276,hw&aelig;ne,<code>hw&amp;ae;ne</code>,1,0.0004801
276,hw&aelig;nne,<code>hw&amp;ae;nne</code>,1,0.0004801
276,hynan,<code>hynan</code>,1,0.0004801
276,hynde,<code>hynde</code>,1,0.0004801
276,hysas,<code>hysas</code>,1,0.0004801
276,hyse,<code>hyse</code>,1,0.0004801
276,hysses,<code>hysses</code>,1,0.0004801
276,iren,<code>iren</code>,1,0.0004801
276,l&aelig;dan,<code>l&amp;ae;dan</code>,1,0.0004801
276,l&aelig;ge,<code>l&amp;ae;ge</code>,1,0.0004801
276,l&aelig;rde,<code>l&amp;ae;rde</code>,1,0.0004801
276,l&aelig;rig,<code>l&amp;ae;rig</code>,1,0.0004801
276,l&#275;ge,<code>l&amp;e;ge</code>,1,0.0004801
276,la&eth;e,<code>la&amp;d;e</code>,1,0.0004801
276,la&thorn;ere,<code>la&amp;t;ere</code>,1,0.0004801
276,la&thorn;re,<code>la&amp;t;re</code>,1,0.0004801
276,lagustreamas,<code>lagustreamas</code>,1,0.0004801
276,lande,<code>lande</code>,1,0.0004801
276,lang,<code>lang</code>,1,0.0004801
276,langa,<code>langa</code>,1,0.0004801
276,leg,<code>leg</code>,1,0.0004801
276,leng,<code>leng</code>,1,0.0004801
276,leoda,<code>leoda</code>,1,0.0004801
276,leodon,<code>leodon</code>,1,0.0004801
276,leodum,<code>leodum</code>,1,0.0004801
276,leofan,<code>leofan</code>,1,0.0004801
276,leofost,<code>leofost</code>,1,0.0004801
276,leofsunu,<code>leofsunu</code>,1,0.0004801
276,leton,<code>leton</code>,1,0.0004801
276,licgan,<code>licgan</code>,1,0.0004801
276,lidmanna,<code>lidmanna</code>,1,0.0004801
276,lidmen,<code>lidmen</code>,1,0.0004801
276,lif,<code>lif</code>,1,0.0004801
276,lige&eth;,<code>lige&amp;d;</code>,1,0.0004801
276,lihte,<code>lihte</code>,1,0.0004801
276,lucon,<code>lucon</code>,1,0.0004801
276,lysan,<code>lysan</code>,1,0.0004801
276,lytegian,<code>lytegian</code>,1,0.0004801
276,lytla&eth;,<code>lytla&amp;d;</code>,1,0.0004801
276,m&aelig;&eth;,<code>m&amp;ae;&amp;d;</code>,1,0.0004801
276,m&aelig;ge,<code>m&amp;ae;ge</code>,1,0.0004801
276,m&aelig;gen,<code>m&amp;ae;gen</code>,1,0.0004801
276,m&aelig;la,<code>m&amp;ae;la</code>,1,0.0004801
276,m&aelig;nig,<code>m&amp;ae;nig</code>,1,0.0004801
276,m&aelig;nigne,<code>m&amp;ae;nigne</code>,1,0.0004801
276,m&aelig;st,<code>m&amp;ae;st</code>,1,0.0004801
276,m&aelig;ste,<code>m&amp;ae;ste</code>,1,0.0004801
276,ma,<code>ma</code>,1,0.0004801
276,maccus,<code>maccus</code>,1,0.0004801
276,manega,<code>manega</code>,1,0.0004801
276,manian,<code>manian</code>,1,0.0004801
276,manigne,<code>manigne</code>,1,0.0004801
276,manna,<code>manna</code>,1,0.0004801
276,mare,<code>mare</code>,1,0.0004801
276,me&thorn;elstede,<code>me&amp;t;elstede</code>,1,0.0004801
276,mear,<code>mear</code>,1,0.0004801
276,meare,<code>meare</code>,1,0.0004801
276,meodo,<code>meodo</code>,1,0.0004801
276,metod,<code>metod</code>,1,0.0004801
276,metode,<code>metode</code>,1,0.0004801
276,miccle,<code>miccle</code>,1,0.0004801
276,miccles,<code>miccles</code>,1,0.0004801
276,milde,<code>milde</code>,1,0.0004801
276,mine,<code>mine</code>,1,0.0004801
276,mines,<code>mines</code>,1,0.0004801
276,minne,<code>minne</code>,1,0.0004801
276,mod,<code>mod</code>,1,0.0004801
276,modi,<code>modi</code>,1,0.0004801
276,modige,<code>modige</code>,1,0.0004801
276,modiglice,<code>modiglice</code>,1,0.0004801
276,most,<code>most</code>,1,0.0004801
276,moste,<code>moste</code>,1,0.0004801
276,moton,<code>moton</code>,1,0.0004801
276,murnan,<code>murnan</code>,1,0.0004801
276,murnon,<code>murnon</code>,1,0.0004801
276,myrcon,<code>myrcon</code>,1,0.0004801
276,n&aelig;s,<code>n&amp;ae;s</code>,1,0.0004801
276,nama,<code>nama</code>,1,0.0004801
276,neh,<code>neh</code>,1,0.0004801
276,nelle,<code>nelle</code>,1,0.0004801
276,neotan,<code>neotan</code>,1,0.0004801
276,nor&eth;hymbron,<code>nor&amp;d;hymbron</code>,1,0.0004801
276,o&eth;er,<code>o&amp;d;er</code>,1,0.0004801
276,o&thorn;er,<code>o&amp;t;er</code>,1,0.0004801
276,o&thorn;rum,<code>o&amp;t;rum</code>,1,0.0004801
276,ofermode,<code>ofermode</code>,1,0.0004801
276,offan,<code>offan</code>,1,0.0004801
276,ofre,<code>ofre</code>,1,0.0004801
276,ofsceat,<code>ofsceat</code>,1,0.0004801
276,ofstlice,<code>ofstlice</code>,1,0.0004801
276,oncnawan,<code>oncnawan</code>,1,0.0004801
276,oncw&aelig;&eth;,<code>oncw&amp;ae;&amp;d;</code>,1,0.0004801
276,onemn,<code>onemn</code>,1,0.0004801
276,onfeng,<code>onfeng</code>,1,0.0004801
276,onfunde,<code>onfunde</code>,1,0.0004801
276,ongeaton,<code>ongeaton</code>,1,0.0004801
276,oswold,<code>oswold</code>,1,0.0004801
276,prasse,<code>prasse</code>,1,0.0004801
276,r&aelig;dde,<code>r&amp;ae;dde</code>,1,0.0004801
276,ra&thorn;e,<code>ra&amp;t;e</code>,1,0.0004801
276,randas,<code>randas</code>,1,0.0004801
276,reaf,<code>reaf</code>,1,0.0004801
276,ricene,<code>ricene</code>,1,0.0004801
276,ricost,<code>ricost</code>,1,0.0004801
276,ridan,<code>ridan</code>,1,0.0004801
276,riht,<code>riht</code>,1,0.0004801
276,rihte,<code>rihte</code>,1,0.0004801
276,rincum,<code>rincum</code>,1,0.0004801
276,rohton,<code>rohton</code>,1,0.0004801
276,s&aelig;de,<code>s&amp;ae;de</code>,1,0.0004801
276,s&aelig;lida,<code>s&amp;ae;lida</code>,1,0.0004801
276,s&aelig;lidan,<code>s&amp;ae;lidan</code>,1,0.0004801
276,s&aelig;men,<code>s&amp;ae;men</code>,1,0.0004801
276,s&aelig;rinc,<code>s&amp;ae;rinc</code>,1,0.0004801
276,sang,<code>sang</code>,1,0.0004801
276,sawul,<code>sawul</code>,1,0.0004801
276,sce&eth;e,<code>sce&amp;d;e</code>,1,0.0004801
276,sceaf,<code>sceaf</code>,1,0.0004801
276,sceaft,<code>sceaft</code>,1,0.0004801
276,scealcas,<code>scealcas</code>,1,0.0004801
276,sceolde,<code>sceolde</code>,1,0.0004801
276,sceole,<code>sceole</code>,1,0.0004801
276,scir,<code>scir</code>,1,0.0004801
276,scyldas,<code>scyldas</code>,1,0.0004801
276,scyldburh,<code>scyldburh</code>,1,0.0004801
276,scylde,<code>scylde</code>,1,0.0004801
276,sealde,<code>sealde</code>,1,0.0004801
276,secg,<code>secg</code>,1,0.0004801
276,secgan,<code>secgan</code>,1,0.0004801
276,secgas,<code>secgas</code>,1,0.0004801
276,sege,<code>sege</code>,1,0.0004801
276,sege&eth;,<code>sege&amp;d;</code>,1,0.0004801
276,sendan,<code>sendan</code>,1,0.0004801
276,sende,<code>sende</code>,1,0.0004801
276,sendon,<code>sendon</code>,1,0.0004801
276,si&eth;ian,<code>si&amp;d;ian</code>,1,0.0004801
276,si&eth;ie,<code>si&amp;d;ie</code>,1,0.0004801
276,sibyrhtes,<code>sibyrhtes</code>,1,0.0004801
276,sinc,<code>sinc</code>,1,0.0004801
276,sincgyfan,<code>sincgyfan</code>,1,0.0004801
276,sloge,<code>sloge</code>,1,0.0004801
276,snelle,<code>snelle</code>,1,0.0004801
276,softe,<code>softe</code>,1,0.0004801
276,sohton,<code>sohton</code>,1,0.0004801
276,speda&thorn;,<code>speda&amp;t;</code>,1,0.0004801
276,spell,<code>spell</code>,1,0.0004801
276,spere,<code>spere</code>,1,0.0004801
276,speru,<code>speru</code>,1,0.0004801
276,spillan,<code>spillan</code>,1,0.0004801
276,sprang,<code>sprang</code>,1,0.0004801
276,sprengde,<code>sprengde</code>,1,0.0004801
276,st&aelig;&eth;e,<code>st&amp;ae;&amp;d;e</code>,1,0.0004801
276,st&aelig;def&aelig;ste,<code>st&amp;ae;def&amp;ae;ste</code>,1,0.0004801
276,standan,<code>standan</code>,1,0.0004801
276,stang,<code>stang</code>,1,0.0004801
276,stede,<code>stede</code>,1,0.0004801
276,stedef&aelig;ste,<code>stedef&amp;ae;ste</code>,1,0.0004801
276,stemnetton,<code>stemnetton</code>,1,0.0004801
276,sti&eth;,<code>sti&amp;d;</code>,1,0.0004801
276,sti&eth;hicgende,<code>sti&amp;d;hicgende</code>,1,0.0004801
276,sti&eth;lice,<code>sti&amp;d;lice</code>,1,0.0004801
276,stihte,<code>stihte</code>,1,0.0004801
276,stream,<code>stream</code>,1,0.0004801
276,stunde,<code>stunde</code>,1,0.0004801
276,sturmere,<code>sturmere</code>,1,0.0004801
276,stynt,<code>stynt</code>,1,0.0004801
276,su&thorn;erne,<code>su&amp;t;erne</code>,1,0.0004801
276,sume,<code>sume</code>,1,0.0004801
276,sweltan,<code>sweltan</code>,1,0.0004801
276,swenges,<code>swenges</code>,1,0.0004801
276,swurde,<code>swurde</code>,1,0.0004801
276,swuster,<code>swuster</code>,1,0.0004801
276,sy,<code>sy</code>,1,0.0004801
276,sylfra,<code>sylfra</code>,1,0.0004801
276,syllon,<code>syllon</code>,1,0.0004801
276,t&aelig;hte,<code>t&amp;ae;hte</code>,1,0.0004801
276,t&aelig;sde,<code>t&amp;ae;sde</code>,1,0.0004801
276,tid,<code>tid</code>,1,0.0004801
276,tir,<code>tir</code>,1,0.0004801
276,tobrocen,<code>tobrocen</code>,1,0.0004801
276,tog&aelig;dere,<code>tog&amp;ae;dere</code>,1,0.0004801
276,totw&aelig;med,<code>totw&amp;ae;med</code>,1,0.0004801
276,trym,<code>trym</code>,1,0.0004801
276,trymedon,<code>trymedon</code>,1,0.0004801
276,trymian,<code>trymian</code>,1,0.0004801
276,twega,<code>twega</code>,1,0.0004801
276,twegen,<code>twegen</code>,1,0.0004801
276,unbefohtene,<code>unbefohtene</code>,1,0.0004801
276,unearge,<code>unearge</code>,1,0.0004801
276,unforcu&eth;,<code>unforcu&amp;d;</code>,1,0.0004801
276,unforhte,<code>unforhte</code>,1,0.0004801
276,unorne,<code>unorne</code>,1,0.0004801
276,unwaclice,<code>unwaclice</code>,1,0.0004801
276,unweaxen,<code>unweaxen</code>,1,0.0004801
276,up,<code>up</code>,1,0.0004801
276,upgang,<code>upgang</code>,1,0.0004801
276,urne,<code>urne</code>,1,0.0004801
276,urum,<code>urum</code>,1,0.0004801
276,ut,<code>ut</code>,1,0.0004801
276,w&aelig;lr&aelig;ste,<code>w&amp;ae;lr&amp;ae;ste</code>,1,0.0004801
276,w&aelig;lspere,<code>w&amp;ae;lspere</code>,1,0.0004801
276,w&aelig;lwulfas,<code>w&amp;ae;lwulfas</code>,1,0.0004801
276,w&aelig;pne,<code>w&amp;ae;pne</code>,1,0.0004801
276,w&aelig;pnes,<code>w&amp;ae;pnes</code>,1,0.0004801
276,w&aelig;ron,<code>w&amp;ae;ron</code>,1,0.0004801
276,wacian,<code>wacian</code>,1,0.0004801
276,wacne,<code>wacne</code>,1,0.0004801
276,wadan,<code>wadan</code>,1,0.0004801
276,waldend,<code>waldend</code>,1,0.0004801
276,wand,<code>wand</code>,1,0.0004801
276,wandian,<code>wandian</code>,1,0.0004801
276,wandode,<code>wandode</code>,1,0.0004801
276,wat,<code>wat</code>,1,0.0004801
276,wegon,<code>wegon</code>,1,0.0004801
276,wendan,<code>wendan</code>,1,0.0004801
276,werige,<code>werige</code>,1,0.0004801
276,werode,<code>werode</code>,1,0.0004801
276,west,<code>west</code>,1,0.0004801
276,wi&thorn;erlean,<code>wi&amp;t;erlean</code>,1,0.0004801
276,wicge,<code>wicge</code>,1,0.0004801
276,wicing,<code>wicing</code>,1,0.0004801
276,wicingas,<code>wicingas</code>,1,0.0004801
276,wicingum,<code>wicingum</code>,1,0.0004801
276,wiga,<code>wiga</code>,1,0.0004801
276,wigelines,<code>wigelines</code>,1,0.0004801
276,wigena,<code>wigena</code>,1,0.0004801
276,wigend,<code>wigend</code>,1,0.0004801
276,wigheardne,<code>wigheardne</code>,1,0.0004801
276,wihagan,<code>wihagan</code>,1,0.0004801
276,wile,<code>wile</code>,1,0.0004801
276,willa&thorn;,<code>willa&amp;t;</code>,1,0.0004801
276,winas,<code>winas</code>,1,0.0004801
276,windan,<code>windan</code>,1,0.0004801
276,wine,<code>wine</code>,1,0.0004801
276,winemagas,<code>winemagas</code>,1,0.0004801
276,wintrum,<code>wintrum</code>,1,0.0004801
276,wis,<code>wis</code>,1,0.0004801
276,wisode,<code>wisode</code>,1,0.0004801
276,wistan,<code>wistan</code>,1,0.0004801
276,wiste,<code>wiste</code>,1,0.0004801
276,wlancan,<code>wlancan</code>,1,0.0004801
276,wlance,<code>wlance</code>,1,0.0004801
276,wlancne,<code>wlancne</code>,1,0.0004801
276,wlat,<code>wlat</code>,1,0.0004801
276,woldon,<code>woldon</code>,1,0.0004801
276,word,<code>word</code>,1,0.0004801
276,wordon,<code>wordon</code>,1,0.0004801
276,worulde,<code>worulde</code>,1,0.0004801
276,woruldges&aelig;lig,<code>woruldges&amp;ae;lig</code>,1,0.0004801
276,wr&#275;ce,<code>wr&amp;e;ce</code>,1,0.0004801
276,wrec,<code>wrec</code>,1,0.0004801
276,wudu,<code>wudu</code>,1,0.0004801
276,wulfstan,<code>wulfstan</code>,1,0.0004801
276,wulfstane,<code>wulfstane</code>,1,0.0004801
276,wulfstanes,<code>wulfstanes</code>,1,0.0004801
276,wulm&aelig;r,<code>wulm&amp;ae;r</code>,1,0.0004801
276,wundon,<code>wundon</code>,1,0.0004801
276,wur&eth;lice,<code>wur&amp;d;lice</code>,1,0.0004801
276,wurde,<code>wurde</code>,1,0.0004801
276,wylle,<code>wylle</code>,1,0.0004801
276,wynna,<code>wynna</code>,1,0.0004801
276,wyrcan,<code>wyrcan</code>,1,0.0004801
276,wyrnde,<code>wyrnde</code>,1,0.0004801
276,yfeles,<code>yfeles</code>,1,0.0004801
276,ymbe,<code>ymbe</code>,1,0.0004801
276,yrh&eth;o,<code>yrh&amp;d;o</code>,1,0.0004801
