A_Poetry,A21,A21_Glor_I_T01610.txt,206,158,341
RANK,HTML WORD,RAW WORD,COUNT,RELATIVE FREQUENCY
1,and,<code>and</code>,37,0.1085044
2,on,<code>on</code>,11,0.0322581
3,ealle,<code>ealle</code>,8,0.0234604
4,&thorn;u,<code>&amp;t;u</code>,7,0.0205279
5,&eth;u,<code>&amp;d;u</code>,6,0.0175953
5,swa,<code>swa</code>,6,0.0175953
7,&thorn;a,<code>&amp;t;a</code>,5,0.0146628
7,&thorn;ine,<code>&amp;t;ine</code>,5,0.0146628
9,&thorn;&aelig;t,<code>&amp;t;&amp;ae;t</code>,4,0.0117302
9,&thorn;urh,<code>&amp;t;urh</code>,4,0.0117302
9,cl&aelig;ne,<code>cl&amp;ae;ne</code>,4,0.0117302
9,ece,<code>ece</code>,4,0.0117302
9,miht,<code>miht</code>,4,0.0117302
14,&eth;in,<code>&amp;d;in</code>,3,0.0087977
14,cyning,<code>cyning</code>,3,0.0087977
14,eall,<code>eall</code>,3,0.0087977
14,gecynd,<code>gecynd</code>,3,0.0087977
14,god,<code>god</code>,3,0.0087977
14,halige,<code>halige</code>,3,0.0087977
14,is,<code>is</code>,3,0.0087977
14,ofer,<code>ofer</code>,3,0.0087977
22,&thorn;e,<code>&amp;t;e</code>,2,0.0058651
22,&thorn;one,<code>&amp;t;one</code>,2,0.0058651
22,cr&aelig;ftas,<code>cr&amp;ae;ftas</code>,2,0.0058651
22,cr&aelig;ftig,<code>cr&amp;ae;ftig</code>,2,0.0058651
22,cristene,<code>cristene</code>,2,0.0058651
22,d&aelig;g,<code>d&amp;ae;g</code>,2,0.0058651
22,dom,<code>dom</code>,2,0.0058651
22,eart,<code>eart</code>,2,0.0058651
22,eor&eth;an,<code>eor&amp;d;an</code>,2,0.0058651
22,gecyddest,<code>gecyddest</code>,2,0.0058651
22,gewrohtest,<code>gewrohtest</code>,2,0.0058651
22,heofonas,<code>heofonas</code>,2,0.0058651
22,lof,<code>lof</code>,2,0.0058651
22,lufu,<code>lufu</code>,2,0.0058651
22,m&aelig;gen,<code>m&amp;ae;gen</code>,2,0.0058651
22,manegum,<code>manegum</code>,2,0.0058651
22,modes,<code>modes</code>,2,0.0058651
22,riht,<code>riht</code>,2,0.0058651
22,sylf,<code>sylf</code>,2,0.0058651
22,syndon,<code>syndon</code>,2,0.0058651
22,w&aelig;s,<code>w&amp;ae;s</code>,2,0.0058651
22,we,<code>we</code>,2,0.0058651
22,weorc,<code>weorc</code>,2,0.0058651
22,wide,<code>wide</code>,2,0.0058651
22,word,<code>word</code>,2,0.0058651
22,woruld,<code>woruld</code>,2,0.0058651
22,worulde,<code>worulde</code>,2,0.0058651
49,&aelig;ghw&aelig;r,<code>&amp;ae;ghw&amp;ae;r</code>,1,0.0029326
49,&eth;&aelig;s,<code>&amp;d;&amp;ae;s</code>,1,0.0029326
49,&eth;anc,<code>&amp;d;anc</code>,1,0.0029326
49,&eth;e,<code>&amp;d;e</code>,1,0.0029326
49,&eth;ines,<code>&amp;d;ines</code>,1,0.0029326
49,&thorn;&aelig;r,<code>&amp;t;&amp;ae;r</code>,1,0.0029326
49,&thorn;anc,<code>&amp;t;anc</code>,1,0.0029326
49,&thorn;ancung,<code>&amp;t;ancung</code>,1,0.0029326
49,&thorn;eawas,<code>&amp;t;eawas</code>,1,0.0029326
49,&thorn;eoda,<code>&amp;t;eoda</code>,1,0.0029326
49,&thorn;in,<code>&amp;t;in</code>,1,0.0029326
49,&thorn;ing,<code>&amp;t;ing</code>,1,0.0029326
49,agen,<code>agen</code>,1,0.0029326
49,ana,<code>ana</code>,1,0.0029326
49,asyndrod,<code>asyndrod</code>,1,0.0029326
49,beald,<code>beald</code>,1,0.0029326
49,bec,<code>bec</code>,1,0.0029326
49,boca,<code>boca</code>,1,0.0029326
49,cl&aelig;nre,<code>cl&amp;ae;nre</code>,1,0.0029326
49,cristes,<code>cristes</code>,1,0.0029326
49,cunnon,<code>cunnon</code>,1,0.0029326
49,cwe&thorn;a&eth;,<code>cwe&amp;t;a&amp;d;</code>,1,0.0029326
49,cy&eth;a&thorn;,<code>cy&amp;d;a&amp;t;</code>,1,0.0029326
49,cyddest,<code>cyddest</code>,1,0.0029326
49,cynna,<code>cynna</code>,1,0.0029326
49,dagum,<code>dagum</code>,1,0.0029326
49,dreamas,<code>dreamas</code>,1,0.0029326
49,drihtnes,<code>drihtnes</code>,1,0.0029326
49,dydest,<code>dydest</code>,1,0.0029326
49,ealles,<code>ealles</code>,1,0.0029326
49,ealre,<code>ealre</code>,1,0.0029326
49,eardas,<code>eardas</code>,1,0.0029326
49,ecan,<code>ecan</code>,1,0.0029326
49,englas,<code>englas</code>,1,0.0029326
49,f&aelig;der,<code>f&amp;ae;der</code>,1,0.0029326
49,f&aelig;gere,<code>f&amp;ae;gere</code>,1,0.0029326
49,feala,<code>feala</code>,1,0.0029326
49,feorhhyrde,<code>feorhhyrde</code>,1,0.0029326
49,foldan,<code>foldan</code>,1,0.0029326
49,fram,<code>fram</code>,1,0.0029326
49,frea,<code>frea</code>,1,0.0029326
49,freo&eth;ia&thorn;,<code>freo&amp;d;ia&amp;t;</code>,1,0.0029326
49,frofer,<code>frofer</code>,1,0.0029326
49,frofra,<code>frofra</code>,1,0.0029326
49,fruman,<code>fruman</code>,1,0.0029326
49,fulle,<code>fulle</code>,1,0.0029326
49,gast,<code>gast</code>,1,0.0029326
49,gastes,<code>gastes</code>,1,0.0029326
49,gebletsod,<code>gebletsod</code>,1,0.0029326
49,gebod,<code>gebod</code>,1,0.0029326
49,gecorenan,<code>gecorenan</code>,1,0.0029326
49,gefor&eth;ad,<code>gefor&amp;d;ad</code>,1,0.0029326
49,gem&aelig;rsodest,<code>gem&amp;ae;rsodest</code>,1,0.0029326
49,geond,<code>geond</code>,1,0.0029326
49,geopenod,<code>geopenod</code>,1,0.0029326
49,gerestest,<code>gerestest</code>,1,0.0029326
49,gesceafta,<code>gesceafta</code>,1,0.0029326
49,gesyne,<code>gesyne</code>,1,0.0029326
49,gewitt,<code>gewitt</code>,1,0.0029326
49,gewlitegod,<code>gewlitegod</code>,1,0.0029326
49,geworhtest,<code>geworhtest</code>,1,0.0029326
49,gewur&eth;od,<code>gewur&amp;d;od</code>,1,0.0029326
49,gode,<code>gode</code>,1,0.0029326
49,godes,<code>godes</code>,1,0.0029326
49,growe&eth;,<code>growe&amp;d;</code>,1,0.0029326
49,grunde,<code>grunde</code>,1,0.0029326
49,halgodest,<code>halgodest</code>,1,0.0029326
49,halig,<code>halig</code>,1,0.0029326
49,haligdomes,<code>haligdomes</code>,1,0.0029326
49,haliges,<code>haliges</code>,1,0.0029326
49,handgeweorc,<code>handgeweorc</code>,1,0.0029326
49,heah,<code>heah</code>,1,0.0029326
49,heah&thorn;rymnesse,<code>heah&amp;t;rymnesse</code>,1,0.0029326
49,heahan,<code>heahan</code>,1,0.0029326
49,healda&eth;,<code>healda&amp;d;</code>,1,0.0029326
49,hehstan,<code>hehstan</code>,1,0.0029326
49,helpe,<code>helpe</code>,1,0.0029326
49,heo,<code>heo</code>,1,0.0029326
49,heortlufan,<code>heortlufan</code>,1,0.0029326
49,her,<code>her</code>,1,0.0029326
49,heria&eth;,<code>heria&amp;d;</code>,1,0.0029326
49,hete,<code>hete</code>,1,0.0029326
49,hig,<code>hig</code>,1,0.0029326
49,higefrofer,<code>higefrofer</code>,1,0.0029326
49,him,<code>him</code>,1,0.0029326
49,hine,<code>hine</code>,1,0.0029326
49,his,<code>his</code>,1,0.0029326
49,hy,<code>hy</code>,1,0.0029326
49,innan,<code>innan</code>,1,0.0029326
49,lareow,<code>lareow</code>,1,0.0029326
49,latteow,<code>latteow</code>,1,0.0029326
49,leohtes,<code>leohtes</code>,1,0.0029326
49,lifes,<code>lifes</code>,1,0.0029326
49,m&aelig;nego,<code>m&amp;ae;nego</code>,1,0.0029326
49,m&aelig;re,<code>m&amp;ae;re</code>,1,0.0029326
49,m&aelig;ste,<code>m&amp;ae;ste</code>,1,0.0029326
49,man,<code>man</code>,1,0.0029326
49,mancynnes,<code>mancynnes</code>,1,0.0029326
49,men,<code>men</code>,1,0.0029326
49,middaneard,<code>middaneard</code>,1,0.0029326
49,middangeard,<code>middangeard</code>,1,0.0029326
49,mihta,<code>mihta</code>,1,0.0029326
49,mihtig,<code>mihtig</code>,1,0.0029326
49,mildse,<code>mildse</code>,1,0.0029326
49,miltse,<code>miltse</code>,1,0.0029326
49,mycele,<code>mycele</code>,1,0.0029326
49,namon,<code>namon</code>,1,0.0029326
49,nu,<code>nu</code>,1,0.0029326
49,oru&eth;,<code>oru&amp;d;</code>,1,0.0029326
49,rixa&eth;,<code>rixa&amp;d;</code>,1,0.0029326
49,sawla,<code>sawla</code>,1,0.0029326
49,sawul,<code>sawul</code>,1,0.0029326
49,se,<code>se</code>,1,0.0029326
49,sealdest,<code>sealdest</code>,1,0.0029326
49,secga&eth;,<code>secga&amp;d;</code>,1,0.0029326
49,seo,<code>seo</code>,1,0.0029326
49,seofo&eth;an,<code>seofo&amp;d;an</code>,1,0.0029326
49,settest,<code>settest</code>,1,0.0029326
49,sib,<code>sib</code>,1,0.0029326
49,sibbe,<code>sibbe</code>,1,0.0029326
49,so&eth;an,<code>so&amp;d;an</code>,1,0.0029326
49,so&eth;e,<code>so&amp;d;e</code>,1,0.0029326
49,so&eth;f&aelig;stra,<code>so&amp;d;f&amp;ae;stra</code>,1,0.0029326
49,so&eth;lice,<code>so&amp;d;lice</code>,1,0.0029326
49,stande&thorn;,<code>stande&amp;t;</code>,1,0.0029326
49,stefne,<code>stefne</code>,1,0.0029326
49,sunnand&aelig;g,<code>sunnand&amp;ae;g</code>,1,0.0029326
49,sunu,<code>sunu</code>,1,0.0029326
49,swutele,<code>swutele</code>,1,0.0029326
49,swy&eth;e,<code>swy&amp;d;e</code>,1,0.0029326
49,swylc,<code>swylc</code>,1,0.0029326
49,swytela&eth;,<code>swytela&amp;d;</code>,1,0.0029326
49,sy,<code>sy</code>,1,0.0029326
49,sy&eth;&eth;on,<code>sy&amp;d;&amp;d;on</code>,1,0.0029326
49,sylfes,<code>sylfes</code>,1,0.0029326
49,symble,<code>symble</code>,1,0.0029326
49,synnum,<code>synnum</code>,1,0.0029326
49,syx,<code>syx</code>,1,0.0029326
49,to,<code>to</code>,1,0.0029326
49,tosyndrodost,<code>tosyndrodost</code>,1,0.0029326
49,uplyft,<code>uplyft</code>,1,0.0029326
49,uplyfte,<code>uplyfte</code>,1,0.0029326
49,w&aelig;stma,<code>w&amp;ae;stma</code>,1,0.0029326
49,wealdan,<code>wealdan</code>,1,0.0029326
49,wealdend,<code>wealdend</code>,1,0.0029326
49,wealdest,<code>wealdest</code>,1,0.0029326
49,willa,<code>willa</code>,1,0.0029326
49,wind,<code>wind</code>,1,0.0029326
49,wlite,<code>wlite</code>,1,0.0029326
49,wlitige,<code>wlitige</code>,1,0.0029326
49,wolcna,<code>wolcna</code>,1,0.0029326
49,worhtest,<code>worhtest</code>,1,0.0029326
49,worulda,<code>worulda</code>,1,0.0029326
49,wuldor,<code>wuldor</code>,1,0.0029326
49,wuldorgyfe,<code>wuldorgyfe</code>,1,0.0029326
49,wuldre,<code>wuldre</code>,1,0.0029326
49,wuna&eth;,<code>wuna&amp;d;</code>,1,0.0029326
49,wylla,<code>wylla</code>,1,0.0029326
