A_Poetry,A23,A23_Creed_T01630.txt,229,186,321
RANK,HTML WORD,RAW WORD,COUNT,RELATIVE FREQUENCY
1,and,<code>and</code>,16,0.0498442
2,ic,<code>ic</code>,7,0.0218069
3,&thorn;&aelig;t,<code>&amp;t;&amp;ae;t</code>,6,0.0186916
3,on,<code>on</code>,6,0.0186916
5,&eth;a,<code>&amp;d;a</code>,5,0.0155763
6,&thorn;e,<code>&amp;t;e</code>,4,0.0124611
6,&thorn;one,<code>&amp;t;one</code>,4,0.0124611
6,gelyfe,<code>gelyfe</code>,4,0.0124611
6,of,<code>of</code>,4,0.0124611
6,se,<code>se</code>,4,0.0124611
6,swa,<code>swa</code>,4,0.0124611
12,&thorn;a,<code>&amp;t;a</code>,3,0.0093458
12,engla,<code>engla</code>,3,0.0093458
12,eor&eth;an,<code>eor&amp;d;an</code>,3,0.0093458
12,f&aelig;der,<code>f&amp;ae;der</code>,3,0.0093458
12,frea,<code>frea</code>,3,0.0093458
12,he,<code>he</code>,3,0.0093458
12,her,<code>her</code>,3,0.0093458
19,&aelig;nne,<code>&amp;ae;nne</code>,2,0.0062305
19,&eth;e,<code>&amp;d;e</code>,2,0.0062305
19,&eth;u,<code>&amp;d;u</code>,2,0.0062305
19,&thorn;&aelig;r,<code>&amp;t;&amp;ae;r</code>,2,0.0062305
19,&thorn;u,<code>&amp;t;u</code>,2,0.0062305
19,ac,<code>ac</code>,2,0.0062305
19,ece,<code>ece</code>,2,0.0062305
19,ecne,<code>ecne</code>,2,0.0062305
19,for,<code>for</code>,2,0.0062305
19,gast,<code>gast</code>,2,0.0062305
19,gesceaft,<code>gesceaft</code>,2,0.0062305
19,getreowe,<code>getreowe</code>,2,0.0062305
19,god,<code>god</code>,2,0.0062305
19,heo,<code>heo</code>,2,0.0062305
19,is,<code>is</code>,2,0.0062305
19,life,<code>life</code>,2,0.0062305
19,m&aelig;rne,<code>m&amp;ae;rne</code>,2,0.0062305
19,mid,<code>mid</code>,2,0.0062305
19,ofer,<code>ofer</code>,2,0.0062305
19,rice,<code>rice</code>,2,0.0062305
19,rices,<code>rices</code>,2,0.0062305
19,secan,<code>secan</code>,2,0.0062305
19,under,<code>under</code>,2,0.0062305
19,uplican,<code>uplican</code>,2,0.0062305
19,wealdend,<code>wealdend</code>,2,0.0062305
44,&aelig;lmihtig,<code>&amp;ae;lmihtig</code>,1,0.0031153
44,&aelig;rende,<code>&amp;ae;rende</code>,1,0.0031153
44,&aelig;rendraca,<code>&amp;ae;rendraca</code>,1,0.0031153
44,&aelig;rest,<code>&amp;ae;rest</code>,1,0.0031153
44,&aelig;t,<code>&amp;ae;t</code>,1,0.0031153
44,&eth;&aelig;r,<code>&amp;d;&amp;ae;r</code>,1,0.0031153
44,&eth;am,<code>&amp;d;am</code>,1,0.0031153
44,&eth;riddan,<code>&amp;d;riddan</code>,1,0.0031153
44,&thorn;&aelig;re,<code>&amp;t;&amp;ae;re</code>,1,0.0031153
44,&thorn;&aelig;s,<code>&amp;t;&amp;ae;s</code>,1,0.0031153
44,&thorn;am,<code>&amp;t;am</code>,1,0.0031153
44,&thorn;eoda,<code>&amp;t;eoda</code>,1,0.0031153
44,&thorn;inga,<code>&amp;t;inga</code>,1,0.0031153
44,&thorn;inne,<code>&amp;t;inne</code>,1,0.0031153
44,&thorn;inra,<code>&amp;t;inra</code>,1,0.0031153
44,&thorn;reo,<code>&amp;t;reo</code>,1,0.0031153
44,&thorn;riwa,<code>&amp;t;riwa</code>,1,0.0031153
44,&thorn;rowade,<code>&amp;t;rowade</code>,1,0.0031153
44,&thorn;ry,<code>&amp;t;ry</code>,1,0.0031153
44,&thorn;urh,<code>&amp;t;urh</code>,1,0.0031153
44,&thorn;y,<code>&amp;t;y</code>,1,0.0031153
44,a&eth;or,<code>a&amp;d;or</code>,1,0.0031153
44,acende,<code>acende</code>,1,0.0031153
44,acenned,<code>acenned</code>,1,0.0031153
44,an,<code>an</code>,1,0.0031153
44,aras,<code>aras</code>,1,0.0031153
44,arette,<code>arette</code>,1,0.0031153
44,asendne,<code>asendne</code>,1,0.0031153
44,bearn,<code>bearn</code>,1,0.0031153
44,began,<code>began</code>,1,0.0031153
44,beluce,<code>beluce</code>,1,0.0031153
44,bethleem,<code>bethleem</code>,1,0.0031153
44,blisse,<code>blisse</code>,1,0.0031153
44,bodedan,<code>bodedan</code>,1,0.0031153
44,bosm,<code>bosm</code>,1,0.0031153
44,breostcofan,<code>breostcofan</code>,1,0.0031153
44,byrigde,<code>byrigde</code>,1,0.0031153
44,canst,<code>canst</code>,1,0.0031153
44,cende,<code>cende</code>,1,0.0031153
44,crist,<code>crist</code>,1,0.0031153
44,cu&eth;lice,<code>cu&amp;d;lice</code>,1,0.0031153
44,cw&aelig;&eth;,<code>cw&amp;ae;&amp;d;</code>,1,0.0031153
44,cyning,<code>cyning</code>,1,0.0031153
44,d&aelig;ge,<code>d&amp;ae;ge</code>,1,0.0031153
44,d&aelig;lest,<code>d&amp;ae;lest</code>,1,0.0031153
44,daga,<code>daga</code>,1,0.0031153
44,dea&eth;,<code>dea&amp;d;</code>,1,0.0031153
44,deora,<code>deora</code>,1,0.0031153
44,doma,<code>doma</code>,1,0.0031153
44,drihten,<code>drihten</code>,1,0.0031153
44,e&eth;el,<code>e&amp;d;el</code>,1,0.0031153
44,e&thorn;el,<code>e&amp;t;el</code>,1,0.0031153
44,eac,<code>eac</code>,1,0.0031153
44,ealdor,<code>ealdor</code>,1,0.0031153
44,ealle,<code>ealle</code>,1,0.0031153
44,eallum,<code>eallum</code>,1,0.0031153
44,ealne,<code>ealne</code>,1,0.0031153
44,ealra,<code>ealra</code>,1,0.0031153
44,eart,<code>eart</code>,1,0.0031153
44,emne,<code>emne</code>,1,0.0031153
44,englas,<code>englas</code>,1,0.0031153
44,eor&eth;buendum,<code>eor&amp;d;buendum</code>,1,0.0031153
44,f&aelig;mnan,<code>f&amp;ae;mnan</code>,1,0.0031153
44,f&aelig;stum,<code>f&amp;ae;stum</code>,1,0.0031153
44,firen,<code>firen</code>,1,0.0031153
44,fl&aelig;sces,<code>fl&amp;ae;sces</code>,1,0.0031153
44,folca,<code>folca</code>,1,0.0031153
44,foldan,<code>foldan</code>,1,0.0031153
44,foldbuendum,<code>foldbuendum</code>,1,0.0031153
44,folgeras,<code>folgeras</code>,1,0.0031153
44,for&eth;,<code>for&amp;d;</code>,1,0.0031153
44,forhtan,<code>forhtan</code>,1,0.0031153
44,forl&aelig;tan,<code>forl&amp;ae;tan</code>,1,0.0031153
44,freobearn,<code>freobearn</code>,1,0.0031153
44,freode,<code>freode</code>,1,0.0031153
44,freolice,<code>freolice</code>,1,0.0031153
44,frofre,<code>frofre</code>,1,0.0031153
44,fylde,<code>fylde</code>,1,0.0031153
44,fylian,<code>fylian</code>,1,0.0031153
44,gabriel,<code>gabriel</code>,1,0.0031153
44,garsecges,<code>garsecges</code>,1,0.0031153
44,ge&thorn;anc,<code>ge&amp;t;anc</code>,1,0.0031153
44,gealgan,<code>gealgan</code>,1,0.0031153
44,gebodode,<code>gebodode</code>,1,0.0031153
44,gecenne,<code>gecenne</code>,1,0.0031153
44,gecweden,<code>gecweden</code>,1,0.0031153
44,gecwema&eth;,<code>gecwema&amp;d;</code>,1,0.0031153
44,gefette,<code>gefette</code>,1,0.0031153
44,gefremmed,<code>gefremmed</code>,1,0.0031153
44,gehwylc,<code>gehwylc</code>,1,0.0031153
44,gehwylces,<code>gehwylces</code>,1,0.0031153
44,gel&aelig;stan,<code>gel&amp;ae;stan</code>,1,0.0031153
44,gem&aelig;nscipe,<code>gem&amp;ae;nscipe</code>,1,0.0031153
44,genemned,<code>genemned</code>,1,0.0031153
44,geomormod,<code>geomormod</code>,1,0.0031153
44,gereordum,<code>gereordum</code>,1,0.0031153
44,gerynum,<code>gerynum</code>,1,0.0031153
44,gesettest,<code>gesettest</code>,1,0.0031153
44,gewear&eth;,<code>gewear&amp;d;</code>,1,0.0031153
44,geworhtest,<code>geworhtest</code>,1,0.0031153
44,giftum,<code>giftum</code>,1,0.0031153
44,godas,<code>godas</code>,1,0.0031153
44,gode,<code>gode</code>,1,0.0031153
44,godes,<code>godes</code>,1,0.0031153
44,grundas,<code>grundas</code>,1,0.0031153
44,gumena,<code>gumena</code>,1,0.0031153
44,h&aelig;lendne,<code>h&amp;ae;lendne</code>,1,0.0031153
44,hafa&eth;,<code>hafa&amp;d;</code>,1,0.0031153
44,halig,<code>halig</code>,1,0.0031153
44,haligne,<code>haligne</code>,1,0.0031153
44,haligra,<code>haligra</code>,1,0.0031153
44,handgyft,<code>handgyft</code>,1,0.0031153
44,heahcyning,<code>heahcyning</code>,1,0.0031153
44,helle,<code>helle</code>,1,0.0031153
44,heofona,<code>heofona</code>,1,0.0031153
44,heria&eth;,<code>heria&amp;d;</code>,1,0.0031153
44,het,<code>het</code>,1,0.0031153
44,hider,<code>hider</code>,1,0.0031153
44,hihte,<code>hihte</code>,1,0.0031153
44,him,<code>him</code>,1,0.0031153
44,his,<code>his</code>,1,0.0031153
44,hu&eth;e,<code>hu&amp;d;e</code>,1,0.0031153
44,ides,<code>ides</code>,1,0.0031153
44,iosep,<code>iosep</code>,1,0.0031153
44,leahtra,<code>leahtra</code>,1,0.0031153
44,leofe,<code>leofe</code>,1,0.0031153
44,lif,<code>lif</code>,1,0.0031153
44,lifes,<code>lifes</code>,1,0.0031153
44,lisse,<code>lisse</code>,1,0.0031153
44,lustum,<code>lustum</code>,1,0.0031153
44,m&aelig;rra,<code>m&amp;ae;rra</code>,1,0.0031153
44,manega,<code>manega</code>,1,0.0031153
44,manna,<code>manna</code>,1,0.0031153
44,marian,<code>marian</code>,1,0.0031153
44,menegu,<code>menegu</code>,1,0.0031153
44,metode,<code>metode</code>,1,0.0031153
44,moldan,<code>moldan</code>,1,0.0031153
44,n&aelig;nne,<code>n&amp;ae;nne</code>,1,0.0031153
44,n&aelig;s,<code>n&amp;ae;s</code>,1,0.0031153
44,naman,<code>naman</code>,1,0.0031153
44,ne,<code>ne</code>,1,0.0031153
44,nolde,<code>nolde</code>,1,0.0031153
44,o&eth;&eth;e,<code>o&amp;d;&amp;d;e</code>,1,0.0031153
44,onfeng,<code>onfeng</code>,1,0.0031153
44,ordfruma,<code>ordfruma</code>,1,0.0031153
44,pilatus,<code>pilatus</code>,1,0.0031153
44,pontisca,<code>pontisca</code>,1,0.0031153
44,recene,<code>recene</code>,1,0.0031153
44,rodore,<code>rodore</code>,1,0.0031153
44,romwarum,<code>romwarum</code>,1,0.0031153
44,runum,<code>runum</code>,1,0.0031153
44,sanctan,<code>sanctan</code>,1,0.0031153
44,sawla,<code>sawla</code>,1,0.0031153
44,sceope,<code>sceope</code>,1,0.0031153
44,sciran,<code>sciran</code>,1,0.0031153
44,scyppend,<code>scyppend</code>,1,0.0031153
44,sealde,<code>sealde</code>,1,0.0031153
44,sefan,<code>sefan</code>,1,0.0031153
44,side,<code>side</code>,1,0.0031153
44,sigef&aelig;st,<code>sigef&amp;ae;st</code>,1,0.0031153
44,sine,<code>sine</code>,1,0.0031153
44,so&eth;,<code>so&amp;d;</code>,1,0.0031153
44,so&eth;ne,<code>so&amp;d;ne</code>,1,0.0031153
44,stah,<code>stah</code>,1,0.0031153
44,sunu,<code>sunu</code>,1,0.0031153
44,suslhofe,<code>suslhofe</code>,1,0.0031153
44,sylfne,<code>sylfne</code>,1,0.0031153
44,sylfre,<code>sylfre</code>,1,0.0031153
44,syn,<code>syn</code>,1,0.0031153
44,synd,<code>synd</code>,1,0.0031153
44,tid,<code>tid</code>,1,0.0031153
44,to,<code>to</code>,1,0.0031153
44,tungla,<code>tungla</code>,1,0.0031153
44,unm&aelig;ne,<code>unm&amp;ae;ne</code>,1,0.0031153
44,up,<code>up</code>,1,0.0031153
44,uplicne,<code>uplicne</code>,1,0.0031153
44,w&aelig;s,<code>w&amp;ae;s</code>,1,0.0031153
44,wang,<code>wang</code>,1,0.0031153
44,weold,<code>weold</code>,1,0.0031153
44,wereda,<code>wereda</code>,1,0.0031153
44,wlanc,<code>wlanc</code>,1,0.0031153
44,wolde,<code>wolde</code>,1,0.0031153
44,worhtest,<code>worhtest</code>,1,0.0031153
44,wuldorgyfa,<code>wuldorgyfa</code>,1,0.0031153
44,xl,<code>xl</code>,1,0.0031153
44,ymbe,<code>ymbe</code>,1,0.0031153
