A_Poetry,A14,662,483,1261
RANK,HTML WORD,RAW WORD,COUNT,RELATIVE FREQUENCY
1,on,<code>on</code>,43,0.0340999
2,and,<code>and</code>,32,0.0253767
3,&thorn;&aelig;s,<code>&amp;t;&amp;ae;s</code>,27,0.0214116
4,niht,<code>niht</code>,26,0.0206186
5,to,<code>to</code>,23,0.0182395
6,&thorn;&aelig;nne,<code>&amp;t;&amp;ae;nne</code>,14,0.0111023
6,&thorn;&aelig;t,<code>&amp;t;&amp;ae;t</code>,14,0.0111023
6,ymb,<code>ymb</code>,14,0.0111023
9,swa,<code>swa</code>,13,0.0103093
9,swylce,<code>swylce</code>,13,0.0103093
11,&thorn;&aelig;tte,<code>&amp;t;&amp;ae;tte</code>,11,0.0087232
11,in,<code>in</code>,11,0.0087232
13,&thorn;e,<code>&amp;t;e</code>,10,0.0079302
13,d&aelig;g,<code>d&amp;ae;g</code>,10,0.0079302
13,embe,<code>embe</code>,10,0.0079302
13,geond,<code>geond</code>,10,0.0079302
13,us,<code>us</code>,10,0.0079302
18,feower,<code>feower</code>,9,0.0071372
18,se,<code>se</code>,9,0.0071372
20,&thorn;a,<code>&amp;t;a</code>,8,0.0063442
20,emb,<code>emb</code>,8,0.0063442
20,tiid,<code>tiid</code>,8,0.0063442
20,wide,<code>wide</code>,8,0.0063442
24,&thorn;am,<code>&amp;t;am</code>,7,0.0055511
24,we,<code>we</code>,7,0.0055511
26,drihtnes,<code>drihtnes</code>,6,0.0047581
26,healda&eth;,<code>healda&amp;d;</code>,6,0.0047581
26,his,<code>his</code>,6,0.0047581
26,m&aelig;re,<code>m&amp;ae;re</code>,6,0.0047581
26,mona&eth;,<code>mona&amp;d;</code>,6,0.0047581
26,nihtum,<code>nihtum</code>,6,0.0047581
26,tune,<code>tune</code>,6,0.0047581
33,&thorn;y,<code>&amp;t;y</code>,5,0.0039651
33,brytene,<code>brytene</code>,5,0.0039651
33,by&eth;,<code>by&amp;d;</code>,5,0.0039651
33,cyme&eth;,<code>cyme&amp;d;</code>,5,0.0039651
33,d&aelig;ge,<code>d&amp;ae;ge</code>,5,0.0039651
33,fif,<code>fif</code>,5,0.0039651
33,tun,<code>tun</code>,5,0.0039651
33,twa,<code>twa</code>,5,0.0039651
41,&thorn;reo,<code>&amp;t;reo</code>,4,0.0031721
41,be,<code>be</code>,4,0.0031721
41,bring&eth;,<code>bring&amp;d;</code>,4,0.0031721
41,butan,<code>butan</code>,4,0.0031721
41,cym&eth;,<code>cym&amp;d;</code>,4,0.0031721
41,eac,<code>eac</code>,4,0.0031721
41,folcum,<code>folcum</code>,4,0.0031721
41,foldan,<code>foldan</code>,4,0.0031721
41,for,<code>for</code>,4,0.0031721
41,is,<code>is</code>,4,0.0031721
41,mid,<code>mid</code>,4,0.0031721
41,middangeard,<code>middangeard</code>,4,0.0031721
41,ne,<code>ne</code>,4,0.0031721
41,nergend,<code>nergend</code>,4,0.0031721
41,ylcan,<code>ylcan</code>,4,0.0031721
56,&aelig;&thorn;ele,<code>&amp;ae;&amp;t;ele</code>,3,0.0023791
56,&aelig;r,<code>&amp;ae;r</code>,3,0.0023791
56,&thorn;&aelig;ne,<code>&amp;t;&amp;ae;ne</code>,3,0.0023791
56,acenned,<code>acenned</code>,3,0.0023791
56,anre,<code>anre</code>,3,0.0023791
56,bearnum,<code>bearnum</code>,3,0.0023791
56,eahta,<code>eahta</code>,3,0.0023791
56,ece,<code>ece</code>,3,0.0023791
56,eorlum,<code>eorlum</code>,3,0.0023791
56,f&aelig;der,<code>f&amp;ae;der</code>,3,0.0023791
56,f&aelig;gere,<code>f&amp;ae;gere</code>,3,0.0023791
56,folc,<code>folc</code>,3,0.0023791
56,god,<code>god</code>,3,0.0023791
56,godes,<code>godes</code>,3,0.0023791
56,her,<code>her</code>,3,0.0023791
56,him,<code>him</code>,3,0.0023791
56,hit,<code>hit</code>,3,0.0023791
56,hw&aelig;t,<code>hw&amp;ae;t</code>,3,0.0023791
56,man,<code>man</code>,3,0.0023791
56,midne,<code>midne</code>,3,0.0023791
56,nihtgerimes,<code>nihtgerimes</code>,3,0.0023791
56,nu,<code>nu</code>,3,0.0023791
56,o&eth;er,<code>o&amp;d;er</code>,3,0.0023791
56,ofer,<code>ofer</code>,3,0.0023791
56,seofon,<code>seofon</code>,3,0.0023791
56,sohte,<code>sohte</code>,3,0.0023791
56,sumor,<code>sumor</code>,3,0.0023791
56,sylfan,<code>sylfan</code>,3,0.0023791
56,up,<code>up</code>,3,0.0023791
56,wealdend,<code>wealdend</code>,3,0.0023791
56,wear&eth;,<code>wear&amp;d;</code>,3,0.0023791
56,wel,<code>wel</code>,3,0.0023791
56,ymbe,<code>ymbe</code>,3,0.0023791
89,&aelig;fter,<code>&amp;ae;fter</code>,2,0.0015860
89,&aelig;rra,<code>&amp;ae;rra</code>,2,0.0015860
89,&eth;&aelig;nne,<code>&amp;d;&amp;ae;nne</code>,2,0.0015860
89,&thorn;as,<code>&amp;t;as</code>,2,0.0015860
89,&thorn;earfe,<code>&amp;t;earfe</code>,2,0.0015860
89,&thorn;egn,<code>&amp;t;egn</code>,2,0.0015860
89,&thorn;eoden,<code>&amp;t;eoden</code>,2,0.0015860
89,&thorn;eodum,<code>&amp;t;eodum</code>,2,0.0015860
89,&thorn;reotyne,<code>&amp;t;reotyne</code>,2,0.0015860
89,&thorn;urh,<code>&amp;t;urh</code>,2,0.0015860
89,astih&eth;,<code>astih&amp;d;</code>,2,0.0015860
89,bearn,<code>bearn</code>,2,0.0015860
89,breostum,<code>breostum</code>,2,0.0015860
89,bringe&eth;,<code>bringe&amp;d;</code>,2,0.0015860
89,crist,<code>crist</code>,2,0.0015860
89,dagas,<code>dagas</code>,2,0.0015860
89,dagena,<code>dagena</code>,2,0.0015860
89,drihten,<code>drihten</code>,2,0.0015860
89,ealde,<code>ealde</code>,2,0.0015860
89,ealling,<code>ealling</code>,2,0.0015860
89,emnihtes,<code>emnihtes</code>,2,0.0015860
89,engla,<code>engla</code>,2,0.0015860
89,eorlas,<code>eorlas</code>,2,0.0015860
89,f&aelig;gerust,<code>f&amp;ae;gerust</code>,2,0.0015860
89,f&aelig;r,<code>f&amp;ae;r</code>,2,0.0015860
89,feorh,<code>feorh</code>,2,0.0015860
89,fere&eth;,<code>fere&amp;d;</code>,2,0.0015860
89,findan,<code>findan</code>,2,0.0015860
89,folce,<code>folce</code>,2,0.0015860
89,for&eth;,<code>for&amp;d;</code>,2,0.0015860
89,for&thorn;an,<code>for&amp;t;an</code>,2,0.0015860
89,frod,<code>frod</code>,2,0.0015860
89,frode,<code>frode</code>,2,0.0015860
89,frofre,<code>frofre</code>,2,0.0015860
89,fur&eth;or,<code>fur&amp;d;or</code>,2,0.0015860
89,gast,<code>gast</code>,2,0.0015860
89,geare,<code>geare</code>,2,0.0015860
89,gefr&aelig;ge,<code>gefr&amp;ae;ge</code>,2,0.0015860
89,gehw&aelig;r,<code>gehw&amp;ae;r</code>,2,0.0015860
89,gerist,<code>gerist</code>,2,0.0015860
89,geywed,<code>geywed</code>,2,0.0015860
89,gregorius,<code>gregorius</code>,2,0.0015860
89,h&aelig;fde,<code>h&amp;ae;fde</code>,2,0.0015860
89,h&aelig;rfest,<code>h&amp;ae;rfest</code>,2,0.0015860
89,halige,<code>halige</code>,2,0.0015860
89,haligra,<code>haligra</code>,2,0.0015860
89,he,<code>he</code>,2,0.0015860
89,healdan,<code>healdan</code>,2,0.0015860
89,healic,<code>healic</code>,2,0.0015860
89,heo,<code>heo</code>,2,0.0015860
89,heofenas,<code>heofenas</code>,2,0.0015860
89,hi,<code>hi</code>,2,0.0015860
89,hine,<code>hine</code>,2,0.0015860
89,iu,<code>iu</code>,2,0.0015860
89,kalend,<code>kalend</code>,2,0.0015860
89,lufan,<code>lufan</code>,2,0.0015860
89,m&aelig;rne,<code>m&amp;ae;rne</code>,2,0.0015860
89,magon,<code>magon</code>,2,0.0015860
89,mannum,<code>mannum</code>,2,0.0015860
89,marian,<code>marian</code>,2,0.0015860
89,martyrdom,<code>martyrdom</code>,2,0.0015860
89,meotudes,<code>meotudes</code>,2,0.0015860
89,modor,<code>modor</code>,2,0.0015860
89,nan,<code>nan</code>,2,0.0015860
89,nigon,<code>nigon</code>,2,0.0015860
89,of,<code>of</code>,2,0.0015860
89,ond,<code>ond</code>,2,0.0015860
89,onsende,<code>onsende</code>,2,0.0015860
89,rimes,<code>rimes</code>,2,0.0015860
89,sceal,<code>sceal</code>,2,0.0015860
89,sige&eth;,<code>sige&amp;d;</code>,2,0.0015860
89,sigef&aelig;stne,<code>sigef&amp;ae;stne</code>,2,0.0015860
89,sunu,<code>sunu</code>,2,0.0015860
89,tiida,<code>tiida</code>,2,0.0015860
89,tyn,<code>tyn</code>,2,0.0015860
89,ufor,<code>ufor</code>,2,0.0015860
89,w&aelig;re,<code>w&amp;ae;re</code>,2,0.0015860
89,w&aelig;s,<code>w&amp;ae;s</code>,2,0.0015860
89,wangas,<code>wangas</code>,2,0.0015860
89,wealdendes,<code>wealdendes</code>,2,0.0015860
89,weard,<code>weard</code>,2,0.0015860
89,wer,<code>wer</code>,2,0.0015860
89,wicum,<code>wicum</code>,2,0.0015860
89,willan,<code>willan</code>,2,0.0015860
89,winter,<code>winter</code>,2,0.0015860
89,wlitig,<code>wlitig</code>,2,0.0015860
89,worhte,<code>worhte</code>,2,0.0015860
89,wucan,<code>wucan</code>,2,0.0015860
89,wuldor,<code>wuldor</code>,2,0.0015860
89,wuldres,<code>wuldres</code>,2,0.0015860
89,wyrd,<code>wyrd</code>,2,0.0015860
180,&aelig;&thorn;elingas,<code>&amp;ae;&amp;t;elingas</code>,1,0.0007930
180,&aelig;&thorn;elinges,<code>&amp;ae;&amp;t;elinges</code>,1,0.0007930
180,&aelig;&thorn;elum,<code>&amp;ae;&amp;t;elum</code>,1,0.0007930
180,&aelig;&thorn;elust,<code>&amp;ae;&amp;t;elust</code>,1,0.0007930
180,&aelig;dre,<code>&amp;ae;dre</code>,1,0.0007930
180,&aelig;fre,<code>&amp;ae;fre</code>,1,0.0007930
180,&aelig;gleawe,<code>&amp;ae;gleawe</code>,1,0.0007930
180,&aelig;lmihtig,<code>&amp;ae;lmihtig</code>,1,0.0007930
180,&aelig;lmihtigne,<code>&amp;ae;lmihtigne</code>,1,0.0007930
180,&aelig;nigne,<code>&amp;ae;nigne</code>,1,0.0007930
180,&aelig;rist,<code>&amp;ae;rist</code>,1,0.0007930
180,&aelig;ror,<code>&amp;ae;ror</code>,1,0.0007930
180,&aelig;t,<code>&amp;ae;t</code>,1,0.0007930
180,&aelig;tg&aelig;dere,<code>&amp;ae;tg&amp;ae;dere</code>,1,0.0007930
180,&thorn;ara,<code>&amp;t;ara</code>,1,0.0007930
180,&thorn;egen,<code>&amp;t;egen</code>,1,0.0007930
180,&thorn;eoda,<code>&amp;t;eoda</code>,1,0.0007930
180,&thorn;eodenholde,<code>&amp;t;eodenholde</code>,1,0.0007930
180,&thorn;eodne,<code>&amp;t;eodne</code>,1,0.0007930
180,&thorn;eodnes,<code>&amp;t;eodnes</code>,1,0.0007930
180,&thorn;eow,<code>&amp;t;eow</code>,1,0.0007930
180,&thorn;i,<code>&amp;t;i</code>,1,0.0007930
180,&thorn;is,<code>&amp;t;is</code>,1,0.0007930
180,&thorn;realic,<code>&amp;t;realic</code>,1,0.0007930
180,&thorn;risthydigum,<code>&amp;t;risthydigum</code>,1,0.0007930
180,&thorn;rowade,<code>&amp;t;rowade</code>,1,0.0007930
180,&thorn;rowedon,<code>&amp;t;rowedon</code>,1,0.0007930
180,&thorn;rowode,<code>&amp;t;rowode</code>,1,0.0007930
180,&thorn;rymilce,<code>&amp;t;rymilce</code>,1,0.0007930
180,aa,<code>aa</code>,1,0.0007930
180,abead,<code>abead</code>,1,0.0007930
180,ac,<code>ac</code>,1,0.0007930
180,acennyd,<code>acennyd</code>,1,0.0007930
180,afera,<code>afera</code>,1,0.0007930
180,afered,<code>afered</code>,1,0.0007930
180,ageaf,<code>ageaf</code>,1,0.0007930
180,agefan,<code>agefan</code>,1,0.0007930
180,agrynt,<code>agrynt</code>,1,0.0007930
180,agustinus,<code>agustinus</code>,1,0.0007930
180,agustus,<code>agustus</code>,1,0.0007930
180,andreas,<code>andreas</code>,1,0.0007930
180,ane,<code>ane</code>,1,0.0007930
180,anne,<code>anne</code>,1,0.0007930
180,apostolas,<code>apostolas</code>,1,0.0007930
180,aprelis,<code>aprelis</code>,1,0.0007930
180,areccan,<code>areccan</code>,1,0.0007930
180,awyrn,<code>awyrn</code>,1,0.0007930
180,bartholomeus,<code>bartholomeus</code>,1,0.0007930
180,bealdum,<code>bealdum</code>,1,0.0007930
180,beama,<code>beama</code>,1,0.0007930
180,bebead,<code>bebead</code>,1,0.0007930
180,bebuge&eth;,<code>bebuge&amp;d;</code>,1,0.0007930
180,behealdan,<code>behealdan</code>,1,0.0007930
180,benedictus,<code>benedictus</code>,1,0.0007930
180,bentiid,<code>bentiid</code>,1,0.0007930
180,beorna,<code>beorna</code>,1,0.0007930
180,beornum,<code>beornum</code>,1,0.0007930
180,beornwigan,<code>beornwigan</code>,1,0.0007930
180,besenctun,<code>besenctun</code>,1,0.0007930
180,betst,<code>betst</code>,1,0.0007930
180,betux,<code>betux</code>,1,0.0007930
180,bisceop,<code>bisceop</code>,1,0.0007930
180,bises,<code>bises</code>,1,0.0007930
180,bletsunga,<code>bletsunga</code>,1,0.0007930
180,bli&eth;ne,<code>bli&amp;d;ne</code>,1,0.0007930
180,blis,<code>blis</code>,1,0.0007930
180,blisse,<code>blisse</code>,1,0.0007930
180,blostmum,<code>blostmum</code>,1,0.0007930
180,blotmona&eth;,<code>blotmona&amp;d;</code>,1,0.0007930
180,blowa&eth;,<code>blowa&amp;d;</code>,1,0.0007930
180,brema&eth;,<code>brema&amp;d;</code>,1,0.0007930
180,breme,<code>breme</code>,1,0.0007930
180,bremran,<code>bremran</code>,1,0.0007930
180,bremu,<code>bremu</code>,1,0.0007930
180,brime,<code>brime</code>,1,0.0007930
180,bringan,<code>bringan</code>,1,0.0007930
180,brohte,<code>brohte</code>,1,0.0007930
180,brytenricu,<code>brytenricu</code>,1,0.0007930
180,burh,<code>burh</code>,1,0.0007930
180,cantwarum,<code>cantwarum</code>,1,0.0007930
180,cennan,<code>cennan</code>,1,0.0007930
180,ceorlum,<code>ceorlum</code>,1,0.0007930
180,ciga&eth;,<code>ciga&amp;d;</code>,1,0.0007930
180,circule,<code>circule</code>,1,0.0007930
180,clementes,<code>clementes</code>,1,0.0007930
180,clypia&eth;,<code>clypia&amp;d;</code>,1,0.0007930
180,cneorissum,<code>cneorissum</code>,1,0.0007930
180,cr&aelig;fte,<code>cr&amp;ae;fte</code>,1,0.0007930
180,cu&eth;,<code>cu&amp;d;</code>,1,0.0007930
180,cw&aelig;&eth;,<code>cw&amp;ae;&amp;d;</code>,1,0.0007930
180,cwena,<code>cwena</code>,1,0.0007930
180,cwicera,<code>cwicera</code>,1,0.0007930
180,cyme,<code>cyme</code>,1,0.0007930
180,cynebearn,<code>cynebearn</code>,1,0.0007930
180,cynestole,<code>cynestole</code>,1,0.0007930
180,cyninga,<code>cyninga</code>,1,0.0007930
180,cyninge,<code>cyninge</code>,1,0.0007930
180,cyninges,<code>cyninges</code>,1,0.0007930
180,cynna,<code>cynna</code>,1,0.0007930
180,de&eth;,<code>de&amp;d;</code>,1,0.0007930
180,dea&eth;,<code>dea&amp;d;</code>,1,0.0007930
180,decembris,<code>decembris</code>,1,0.0007930
180,diacon,<code>diacon</code>,1,0.0007930
180,dogera,<code>dogera</code>,1,0.0007930
180,dom,<code>dom</code>,1,0.0007930
180,dream,<code>dream</code>,1,0.0007930
180,drihta,<code>drihta</code>,1,0.0007930
180,drihtne,<code>drihtne</code>,1,0.0007930
180,dyre,<code>dyre</code>,1,0.0007930
180,dyrling,<code>dyrling</code>,1,0.0007930
180,ea&eth;mode,<code>ea&amp;d;mode</code>,1,0.0007930
180,eadigne,<code>eadigne</code>,1,0.0007930
180,eadignesse,<code>eadignesse</code>,1,0.0007930
180,eadigre,<code>eadigre</code>,1,0.0007930
180,eadigum,<code>eadigum</code>,1,0.0007930
180,eahteo&eth;an,<code>eahteo&amp;d;an</code>,1,0.0007930
180,ealdor&thorn;egnas,<code>ealdor&amp;t;egnas</code>,1,0.0007930
180,ealdre,<code>ealdre</code>,1,0.0007930
180,eallum,<code>eallum</code>,1,0.0007930
180,ealra,<code>ealra</code>,1,0.0007930
180,earfe&eth;um,<code>earfe&amp;d;um</code>,1,0.0007930
180,eastermona&eth;,<code>eastermona&amp;d;</code>,1,0.0007930
180,eces,<code>eces</code>,1,0.0007930
180,ecne,<code>ecne</code>,1,0.0007930
180,elenan,<code>elenan</code>,1,0.0007930
180,emniht,<code>emniht</code>,1,0.0007930
180,emnihte,<code>emnihte</code>,1,0.0007930
180,engle,<code>engle</code>,1,0.0007930
180,eor&eth;an,<code>eor&amp;d;an</code>,1,0.0007930
180,eor&eth;warum,<code>eor&amp;d;warum</code>,1,0.0007930
180,f&aelig;mnan,<code>f&amp;ae;mnan</code>,1,0.0007930
180,f&aelig;r&eth;,<code>f&amp;ae;r&amp;d;</code>,1,0.0007930
180,f&aelig;str&aelig;d,<code>f&amp;ae;str&amp;ae;d</code>,1,0.0007930
180,fan,<code>fan</code>,1,0.0007930
180,feala,<code>feala</code>,1,0.0007930
180,februarius,<code>februarius</code>,1,0.0007930
180,fela,<code>fela</code>,1,0.0007930
180,feor&eth;an,<code>feor&amp;d;an</code>,1,0.0007930
180,feowerum,<code>feowerum</code>,1,0.0007930
180,fifum,<code>fifum</code>,1,0.0007930
180,folca,<code>folca</code>,1,0.0007930
180,folcbealo,<code>folcbealo</code>,1,0.0007930
180,for&eth;an,<code>for&amp;d;an</code>,1,0.0007930
180,for&eth;weg,<code>for&amp;d;weg</code>,1,0.0007930
180,for&thorn;on,<code>for&amp;t;on</code>,1,0.0007930
180,foregleawe,<code>foregleawe</code>,1,0.0007930
180,forem&aelig;re,<code>forem&amp;ae;re</code>,1,0.0007930
180,foreweard,<code>foreweard</code>,1,0.0007930
180,forgeaf,<code>forgeaf</code>,1,0.0007930
180,forgolden,<code>forgolden</code>,1,0.0007930
180,forma,<code>forma</code>,1,0.0007930
180,forste,<code>forste</code>,1,0.0007930
180,fostorlean,<code>fostorlean</code>,1,0.0007930
180,fr&aelig;tuwe,<code>fr&amp;ae;tuwe</code>,1,0.0007930
180,frean,<code>frean</code>,1,0.0007930
180,fremedon,<code>fremedon</code>,1,0.0007930
180,frym&eth;e,<code>frym&amp;d;e</code>,1,0.0007930
180,fulwihttiid,<code>fulwihttiid</code>,1,0.0007930
180,fundan,<code>fundan</code>,1,0.0007930
180,funde,<code>funde</code>,1,0.0007930
180,fus,<code>fus</code>,1,0.0007930
180,fyrn,<code>fyrn</code>,1,0.0007930
180,fyrst,<code>fyrst</code>,1,0.0007930
180,galgan,<code>galgan</code>,1,0.0007930
180,gangan,<code>gangan</code>,1,0.0007930
180,gange&eth;,<code>gange&amp;d;</code>,1,0.0007930
180,ge,<code>ge</code>,1,0.0007930
180,ge&thorn;eahte,<code>ge&amp;t;eahte</code>,1,0.0007930
180,ge&thorn;incged,<code>ge&amp;t;incged</code>,1,0.0007930
180,ge&thorn;inged,<code>ge&amp;t;inged</code>,1,0.0007930
180,gear,<code>gear</code>,1,0.0007930
180,geard,<code>geard</code>,1,0.0007930
180,geardagan,<code>geardagan</code>,1,0.0007930
180,gearwum,<code>gearwum</code>,1,0.0007930
180,gebod,<code>gebod</code>,1,0.0007930
180,geboden,<code>geboden</code>,1,0.0007930
180,gebrihted,<code>gebrihted</code>,1,0.0007930
180,gecy&eth;ed,<code>gecy&amp;d;ed</code>,1,0.0007930
180,gefean,<code>gefean</code>,1,0.0007930
180,geferan,<code>geferan</code>,1,0.0007930
180,gefeterad,<code>gefeterad</code>,1,0.0007930
180,gefrunan,<code>gefrunan</code>,1,0.0007930
180,gehaten,<code>gehaten</code>,1,0.0007930
180,gehyrste,<code>gehyrste</code>,1,0.0007930
180,gehyrsted,<code>gehyrsted</code>,1,0.0007930
180,geleorde,<code>geleorde</code>,1,0.0007930
180,geliden,<code>geliden</code>,1,0.0007930
180,gemynd,<code>gemynd</code>,1,0.0007930
180,genihte,<code>genihte</code>,1,0.0007930
180,genihtsum,<code>genihtsum</code>,1,0.0007930
180,genim&eth;,<code>genim&amp;d;</code>,1,0.0007930
180,geo,<code>geo</code>,1,0.0007930
180,gerum,<code>gerum</code>,1,0.0007930
180,gesceaft,<code>gesceaft</code>,1,0.0007930
180,gesealde,<code>gesealde</code>,1,0.0007930
180,gesi&thorn;as,<code>gesi&amp;t;as</code>,1,0.0007930
180,gesingan,<code>gesingan</code>,1,0.0007930
180,gesynra,<code>gesynra</code>,1,0.0007930
180,getale,<code>getale</code>,1,0.0007930
180,getealdon,<code>getealdon</code>,1,0.0007930
180,getrywe,<code>getrywe</code>,1,0.0007930
180,gewat,<code>gewat</code>,1,0.0007930
180,gewelhw&aelig;r,<code>gewelhw&amp;ae;r</code>,1,0.0007930
180,geweor&eth;ad,<code>geweor&amp;d;ad</code>,1,0.0007930
180,geweor&eth;od,<code>geweor&amp;d;od</code>,1,0.0007930
180,gewisse,<code>gewisse</code>,1,0.0007930
180,geworhte,<code>geworhte</code>,1,0.0007930
180,gewritum,<code>gewritum</code>,1,0.0007930
180,gewyderu,<code>gewyderu</code>,1,0.0007930
180,gewyrdum,<code>gewyrdum</code>,1,0.0007930
180,geypped,<code>geypped</code>,1,0.0007930
180,gim,<code>gim</code>,1,0.0007930
180,gleaw,<code>gleaw</code>,1,0.0007930
180,gleawa,<code>gleawa</code>,1,0.0007930
180,gode,<code>gode</code>,1,0.0007930
180,godspelles,<code>godspelles</code>,1,0.0007930
180,grene,<code>grene</code>,1,0.0007930
180,grund,<code>grund</code>,1,0.0007930
180,guman,<code>guman</code>,1,0.0007930
180,gyt,<code>gyt</code>,1,0.0007930
180,h&aelig;f&eth;,<code>h&amp;ae;f&amp;d;</code>,1,0.0007930
180,h&aelig;fdon,<code>h&amp;ae;fdon</code>,1,0.0007930
180,h&aelig;le&eth;,<code>h&amp;ae;le&amp;d;</code>,1,0.0007930
180,h&aelig;le&eth;a,<code>h&amp;ae;le&amp;d;a</code>,1,0.0007930
180,h&aelig;lend,<code>h&amp;ae;lend</code>,1,0.0007930
180,h&aelig;lo,<code>h&amp;ae;lo</code>,1,0.0007930
180,h&aelig;rfeste,<code>h&amp;ae;rfeste</code>,1,0.0007930
180,h&aelig;se,<code>h&amp;ae;se</code>,1,0.0007930
180,habba&eth;,<code>habba&amp;d;</code>,1,0.0007930
180,hada,<code>hada</code>,1,0.0007930
180,hagolscurum,<code>hagolscurum</code>,1,0.0007930
180,halga,<code>halga</code>,1,0.0007930
180,haligmon&eth;,<code>haligmon&amp;d;</code>,1,0.0007930
180,ham,<code>ham</code>,1,0.0007930
180,haran,<code>haran</code>,1,0.0007930
180,hata&eth;,<code>hata&amp;d;</code>,1,0.0007930
180,hea&eth;urofe,<code>hea&amp;d;urofe</code>,1,0.0007930
180,heahengel,<code>heahengel</code>,1,0.0007930
180,heahengles,<code>heahengles</code>,1,0.0007930
180,heard,<code>heard</code>,1,0.0007930
180,hele&thorn;um,<code>hele&amp;t;um</code>,1,0.0007930
180,heofonrices,<code>heofonrices</code>,1,0.0007930
180,heria&eth;,<code>heria&amp;d;</code>,1,0.0007930
180,herige,<code>herige</code>,1,0.0007930
180,herigeas,<code>herigeas</code>,1,0.0007930
180,heton,<code>heton</code>,1,0.0007930
180,higestrang,<code>higestrang</code>,1,0.0007930
180,hladen,<code>hladen</code>,1,0.0007930
180,hlafm&aelig;ssan,<code>hlafm&amp;ae;ssan</code>,1,0.0007930
180,hlutan,<code>hlutan</code>,1,0.0007930
180,hlyda,<code>hlyda</code>,1,0.0007930
180,hra&eth;e,<code>hra&amp;d;e</code>,1,0.0007930
180,hrime,<code>hrime</code>,1,0.0007930
180,hrimes,<code>hrimes</code>,1,0.0007930
180,hw&aelig;&eth;ere,<code>hw&amp;ae;&amp;d;ere</code>,1,0.0007930
180,hwearfa&eth;,<code>hwearfa&amp;d;</code>,1,0.0007930
180,hy,<code>hy</code>,1,0.0007930
180,hyhst,<code>hyhst</code>,1,0.0007930
180,hyrde,<code>hyrde</code>,1,0.0007930
180,iacob,<code>iacob</code>,1,0.0007930
180,iacobus,<code>iacobus</code>,1,0.0007930
180,ianuarius,<code>ianuarius</code>,1,0.0007930
180,ic,<code>ic</code>,1,0.0007930
180,igbuende,<code>igbuende</code>,1,0.0007930
180,iii,<code>iii</code>,1,0.0007930
180,iohannes,<code>iohannes</code>,1,0.0007930
180,iudas,<code>iudas</code>,1,0.0007930
180,iula,<code>iula</code>,1,0.0007930
180,iulius,<code>iulius</code>,1,0.0007930
180,iunius,<code>iunius</code>,1,0.0007930
180,kyninga,<code>kyninga</code>,1,0.0007930
180,kyninges,<code>kyninges</code>,1,0.0007930
180,lange,<code>lange</code>,1,0.0007930
180,lare,<code>lare</code>,1,0.0007930
180,lareow,<code>lareow</code>,1,0.0007930
180,lator,<code>lator</code>,1,0.0007930
180,laurentius,<code>laurentius</code>,1,0.0007930
180,leafe,<code>leafe</code>,1,0.0007930
180,leane,<code>leane</code>,1,0.0007930
180,leas,<code>leas</code>,1,0.0007930
180,lencten,<code>lencten</code>,1,0.0007930
180,leng,<code>leng</code>,1,0.0007930
180,leof,<code>leof</code>,1,0.0007930
180,leoht,<code>leoht</code>,1,0.0007930
180,leohta,<code>leohta</code>,1,0.0007930
180,li&eth;a,<code>li&amp;d;a</code>,1,0.0007930
180,lif,<code>lif</code>,1,0.0007930
180,lof,<code>lof</code>,1,0.0007930
180,m&aelig;g&eth;a,<code>m&amp;ae;g&amp;d;a</code>,1,0.0007930
180,m&aelig;nifealdlice,<code>m&amp;ae;nifealdlice</code>,1,0.0007930
180,m&aelig;nige,<code>m&amp;ae;nige</code>,1,0.0007930
180,m&aelig;rra,<code>m&amp;ae;rra</code>,1,0.0007930
180,m&aelig;rum,<code>m&amp;ae;rum</code>,1,0.0007930
180,m&aelig;ssan,<code>m&amp;ae;ssan</code>,1,0.0007930
180,ma,<code>ma</code>,1,0.0007930
180,mago&thorn;egnas,<code>mago&amp;t;egnas</code>,1,0.0007930
180,maius,<code>maius</code>,1,0.0007930
180,manigra,<code>manigra</code>,1,0.0007930
180,manna,<code>manna</code>,1,0.0007930
180,maran,<code>maran</code>,1,0.0007930
180,martinus,<code>martinus</code>,1,0.0007930
180,martira,<code>martira</code>,1,0.0007930
180,martius,<code>martius</code>,1,0.0007930
180,matheus,<code>matheus</code>,1,0.0007930
180,mathias,<code>mathias</code>,1,0.0007930
180,menigeo,<code>menigeo</code>,1,0.0007930
180,menigo,<code>menigo</code>,1,0.0007930
180,meotod,<code>meotod</code>,1,0.0007930
180,meotud,<code>meotud</code>,1,0.0007930
180,mere,<code>mere</code>,1,0.0007930
180,metodsceafte,<code>metodsceafte</code>,1,0.0007930
180,miccle,<code>miccle</code>,1,0.0007930
180,michaheles,<code>michaheles</code>,1,0.0007930
180,micle,<code>micle</code>,1,0.0007930
180,miltse,<code>miltse</code>,1,0.0007930
180,mine,<code>mine</code>,1,0.0007930
180,modige,<code>modige</code>,1,0.0007930
180,mon&eth;,<code>mon&amp;d;</code>,1,0.0007930
180,monan,<code>monan</code>,1,0.0007930
180,morgen,<code>morgen</code>,1,0.0007930
180,moton,<code>moton</code>,1,0.0007930
180,mycel,<code>mycel</code>,1,0.0007930
180,mycle,<code>mycle</code>,1,0.0007930
180,mycles,<code>mycles</code>,1,0.0007930
180,mynstre,<code>mynstre</code>,1,0.0007930
180,na,<code>na</code>,1,0.0007930
180,nam,<code>nam</code>,1,0.0007930
180,neah,<code>neah</code>,1,0.0007930
180,neorxnawange,<code>neorxnawange</code>,1,0.0007930
180,nergendes,<code>nergendes</code>,1,0.0007930
180,ni&eth;a,<code>ni&amp;d;a</code>,1,0.0007930
180,nihgontyne,<code>nihgontyne</code>,1,0.0007930
180,nouembris,<code>nouembris</code>,1,0.0007930
180,o&eth;&eth;e,<code>o&amp;d;&amp;d;e</code>,1,0.0007930
180,october,<code>october</code>,1,0.0007930
180,oferwearp,<code>oferwearp</code>,1,0.0007930
180,ofstum,<code>ofstum</code>,1,0.0007930
180,oft,<code>oft</code>,1,0.0007930
180,oftust,<code>oftust</code>,1,0.0007930
180,onginne&eth;,<code>onginne&amp;d;</code>,1,0.0007930
180,paulus,<code>paulus</code>,1,0.0007930
180,petrus,<code>petrus</code>,1,0.0007930
180,philippus,<code>philippus</code>,1,0.0007930
180,r&aelig;ran,<code>r&amp;ae;ran</code>,1,0.0007930
180,ra&thorn;e,<code>ra&amp;t;e</code>,1,0.0007930
180,re&eth;e,<code>re&amp;d;e</code>,1,0.0007930
180,regolf&aelig;ste,<code>regolf&amp;ae;ste</code>,1,0.0007930
180,reliquias,<code>reliquias</code>,1,0.0007930
180,rest,<code>rest</code>,1,0.0007930
180,rice,<code>rice</code>,1,0.0007930
180,rimcr&aelig;ftige,<code>rimcr&amp;ae;ftige</code>,1,0.0007930
180,rincas,<code>rincas</code>,1,0.0007930
180,roderum,<code>roderum</code>,1,0.0007930
180,rome,<code>rome</code>,1,0.0007930
180,s&aelig;grund,<code>s&amp;ae;grund</code>,1,0.0007930
180,samod,<code>samod</code>,1,0.0007930
180,sancta,<code>sancta</code>,1,0.0007930
180,sang,<code>sang</code>,1,0.0007930
180,sceolde,<code>sceolde</code>,1,0.0007930
180,scri&eth;an,<code>scri&amp;d;an</code>,1,0.0007930
180,scri&thorn;,<code>scri&amp;t;</code>,1,0.0007930
180,sculan,<code>sculan</code>,1,0.0007930
180,scynde,<code>scynde</code>,1,0.0007930
180,sealtne,<code>sealtne</code>,1,0.0007930
180,seaxe,<code>seaxe</code>,1,0.0007930
180,secga&eth;,<code>secga&amp;d;</code>,1,0.0007930
180,selost,<code>selost</code>,1,0.0007930
180,selran,<code>selran</code>,1,0.0007930
180,sende,<code>sende</code>,1,0.0007930
180,sent,<code>sent</code>,1,0.0007930
180,seo,<code>seo</code>,1,0.0007930
180,seofentynum,<code>seofentynum</code>,1,0.0007930
180,seofo&thorn;an,<code>seofo&amp;t;an</code>,1,0.0007930
180,septembres,<code>septembres</code>,1,0.0007930
180,sete,<code>sete</code>,1,0.0007930
180,sexna,<code>sexna</code>,1,0.0007930
180,si&eth;,<code>si&amp;d;</code>,1,0.0007930
180,sibbe,<code>sibbe</code>,1,0.0007930
180,sidan,<code>sidan</code>,1,0.0007930
180,side,<code>side</code>,1,0.0007930
180,siex,<code>siex</code>,1,0.0007930
180,sigedrihtne,<code>sigedrihtne</code>,1,0.0007930
180,sigelbeorhte,<code>sigelbeorhte</code>,1,0.0007930
180,sigelbeortne,<code>sigelbeortne</code>,1,0.0007930
180,simon,<code>simon</code>,1,0.0007930
180,smicere,<code>smicere</code>,1,0.0007930
180,snawes,<code>snawes</code>,1,0.0007930
180,solmona&eth;,<code>solmona&amp;d;</code>,1,0.0007930
180,stige,<code>stige</code>,1,0.0007930
180,sumere,<code>sumere</code>,1,0.0007930
180,suna,<code>suna</code>,1,0.0007930
180,sunnan,<code>sunnan</code>,1,0.0007930
180,swutelra,<code>swutelra</code>,1,0.0007930
180,swylc,<code>swylc</code>,1,0.0007930
180,swylt,<code>swylt</code>,1,0.0007930
180,sy&eth;&eth;an,<code>sy&amp;d;&amp;d;an</code>,1,0.0007930
180,sy&thorn;&thorn;an,<code>sy&amp;t;&amp;t;an</code>,1,0.0007930
180,sylf,<code>sylf</code>,1,0.0007930
180,symbel,<code>symbel</code>,1,0.0007930
180,symble,<code>symble</code>,1,0.0007930
180,symle,<code>symle</code>,1,0.0007930
180,syx,<code>syx</code>,1,0.0007930
180,t&aelig;hte,<code>t&amp;ae;hte</code>,1,0.0007930
180,temple,<code>temple</code>,1,0.0007930
180,teo&eth;a,<code>teo&amp;d;a</code>,1,0.0007930
180,thomase,<code>thomase</code>,1,0.0007930
180,tid,<code>tid</code>,1,0.0007930
180,tide,<code>tide</code>,1,0.0007930
180,tidlice,<code>tidlice</code>,1,0.0007930
180,tille,<code>tille</code>,1,0.0007930
180,tireadige,<code>tireadige</code>,1,0.0007930
180,torhtust,<code>torhtust</code>,1,0.0007930
180,trum,<code>trum</code>,1,0.0007930
180,tungla,<code>tungla</code>,1,0.0007930
180,twam,<code>twam</code>,1,0.0007930
180,twegra,<code>twegra</code>,1,0.0007930
180,twelf,<code>twelf</code>,1,0.0007930
180,twelfta,<code>twelfta</code>,1,0.0007930
180,twentig,<code>twentig</code>,1,0.0007930
180,twentigum,<code>twentigum</code>,1,0.0007930
180,u&thorn;witan,<code>u&amp;t;witan</code>,1,0.0007930
180,unforcu&eth;,<code>unforcu&amp;d;</code>,1,0.0007930
180,unm&aelig;te,<code>unm&amp;ae;te</code>,1,0.0007930
180,unrim,<code>unrim</code>,1,0.0007930
180,upengla,<code>upengla</code>,1,0.0007930
180,upweg,<code>upweg</code>,1,0.0007930
180,w&aelig;r&thorn;eoda,<code>w&amp;ae;r&amp;t;eoda</code>,1,0.0007930
180,w&aelig;ron,<code>w&amp;ae;ron</code>,1,0.0007930
180,w&aelig;stmum,<code>w&amp;ae;stmum</code>,1,0.0007930
180,w&aelig;tere,<code>w&amp;ae;tere</code>,1,0.0007930
180,wanan,<code>wanan</code>,1,0.0007930
180,wang,<code>wang</code>,1,0.0007930
180,wat,<code>wat</code>,1,0.0007930
180,wearme,<code>wearme</code>,1,0.0007930
180,wel&thorn;ungen,<code>wel&amp;t;ungen</code>,1,0.0007930
180,wela,<code>wela</code>,1,0.0007930
180,welhw&aelig;r,<code>welhw&amp;ae;r</code>,1,0.0007930
180,weodmona&eth;,<code>weodmona&amp;d;</code>,1,0.0007930
180,weor&eth;e,<code>weor&amp;d;e</code>,1,0.0007930
180,weor&eth;ia&eth;,<code>weor&amp;d;ia&amp;d;</code>,1,0.0007930
180,weor&eth;lice,<code>weor&amp;d;lice</code>,1,0.0007930
180,weorca,<code>weorca</code>,1,0.0007930
180,wera,<code>wera</code>,1,0.0007930
180,weras,<code>weras</code>,1,0.0007930
180,were,<code>were</code>,1,0.0007930
180,weroda,<code>weroda</code>,1,0.0007930
180,werum,<code>werum</code>,1,0.0007930
180,wi&eth;,<code>wi&amp;d;</code>,1,0.0007930
180,wi&eth;&thorn;an,<code>wi&amp;d;&amp;t;an</code>,1,0.0007930
180,wifa,<code>wifa</code>,1,0.0007930
180,wife,<code>wife</code>,1,0.0007930
180,wifum,<code>wifum</code>,1,0.0007930
180,wiga,<code>wiga</code>,1,0.0007930
180,wigena,<code>wigena</code>,1,0.0007930
180,wigend,<code>wigend</code>,1,0.0007930
180,winterfylle&eth;,<code>winterfylle&amp;d;</code>,1,0.0007930
180,wintres,<code>wintres</code>,1,0.0007930
180,wintrum,<code>wintrum</code>,1,0.0007930
180,wise,<code>wise</code>,1,0.0007930
180,wisf&aelig;st,<code>wisf&amp;ae;st</code>,1,0.0007930
180,wisra,<code>wisra</code>,1,0.0007930
180,wisse,<code>wisse</code>,1,0.0007930
180,wiste,<code>wiste</code>,1,0.0007930
180,witega,<code>witega</code>,1,0.0007930
180,womma,<code>womma</code>,1,0.0007930
180,wordum,<code>wordum</code>,1,0.0007930
180,worhtan,<code>worhtan</code>,1,0.0007930
180,worn,<code>worn</code>,1,0.0007930
180,worulde,<code>worulde</code>,1,0.0007930
180,woruldgesceafta,<code>woruldgesceafta</code>,1,0.0007930
180,wrecan,<code>wrecan</code>,1,0.0007930
180,wudum,<code>wudum</code>,1,0.0007930
180,wuldorf&aelig;der,<code>wuldorf&amp;ae;der</code>,1,0.0007930
180,wundra,<code>wundra</code>,1,0.0007930
180,wunian,<code>wunian</code>,1,0.0007930
180,wurde,<code>wurde</code>,1,0.0007930
180,wyle,<code>wyle</code>,1,0.0007930
180,wyrtum,<code>wyrtum</code>,1,0.0007930
180,xi,<code>xi</code>,1,0.0007930
180,ylda,<code>ylda</code>,1,0.0007930
180,yldum,<code>yldum</code>,1,0.0007930
180,yrmen&thorn;eodum,<code>yrmen&amp;t;eodum</code>,1,0.0007930
180,zebedes,<code>zebedes</code>,1,0.0007930
