virtual,manuscript,A11 A12 A14,1055,798,1055
RANK,HTML WORD,RAW WORD,COUNT,RELATIVE FREQUENCY
1,on,on,68,0.035214914552046
2,and,and,66,0.034179181771103
3,to,to,28,0.014500258933195
4,&thorn;&aelig;s,&amp;t;&amp;ae;s,27,0.013982392542724
5,niht,niht,26,0.013464526152253
6,by&thorn;,by&amp;t;,25,0.012946659761781
7,&thorn;&aelig;t,&amp;t;&amp;ae;t,16,0.0082858622475401
7,in,in,16,0.0082858622475401
9,&thorn;&aelig;nne,&amp;t;&amp;ae;nne,14,0.0072501294665976
9,swa,swa,14,0.0072501294665976
9,ymb,ymb,14,0.0072501294665976
12,swylce,swylce,13,0.0067322630761264
13,&thorn;&aelig;tte,&amp;t;&amp;ae;tte,11,0.0056965302951838
13,d&aelig;g,d&amp;ae;g,11,0.0056965302951838
13,geond,geond,11,0.0056965302951838
16,&thorn;e,&amp;t;e,10,0.0051786639047126
16,embe,embe,10,0.0051786639047126
16,is,is,10,0.0051786639047126
16,se,se,10,0.0051786639047126
16,us,us,10,0.0051786639047126
21,feower,feower,9,0.0046607975142413
21,hi,hi,9,0.0046607975142413
21,his,his,9,0.0046607975142413
24,&eth;e,&amp;d;e,8,0.0041429311237701
24,&thorn;a,&amp;t;a,8,0.0041429311237701
24,emb,emb,8,0.0041429311237701
24,him,him,8,0.0041429311237701
24,m&aelig;re,m&amp;ae;re,8,0.0041429311237701
24,ofer,ofer,8,0.0041429311237701
24,tiid,tiid,8,0.0041429311237701
24,wide,wide,8,0.0041429311237701
32,&thorn;am,&amp;t;am,7,0.0036250647332988
32,drihtnes,drihtnes,7,0.0036250647332988
32,for,for,7,0.0036250647332988
32,he,he,7,0.0036250647332988
32,mid,mid,7,0.0036250647332988
32,we,we,7,0.0036250647332988
38,&eth;&aelig;r,&amp;d;&amp;ae;r,6,0.0031071983428276
38,bearnum,bearnum,6,0.0031071983428276
38,bi&thorn;,bi&amp;t;,6,0.0031071983428276
38,eac,eac,6,0.0031071983428276
38,healda&eth;,healda&amp;d;,6,0.0031071983428276
38,hit,hit,6,0.0031071983428276
38,mona&eth;,mona&amp;d;,6,0.0031071983428276
38,nihtum,nihtum,6,0.0031071983428276
38,tune,tune,6,0.0031071983428276
47,&eth;eah,&amp;d;eah,5,0.0025893319523563
47,&thorn;y,&amp;t;y,5,0.0025893319523563
47,brytene,brytene,5,0.0025893319523563
47,butan,butan,5,0.0025893319523563
47,by&eth;,by&amp;d;,5,0.0025893319523563
47,cyme&eth;,cyme&amp;d;,5,0.0025893319523563
47,d&aelig;ge,d&amp;ae;ge,5,0.0025893319523563
47,fif,fif,5,0.0025893319523563
47,foldan,foldan,5,0.0025893319523563
47,ne,ne,5,0.0025893319523563
47,tun,tun,5,0.0025893319523563
47,twa,twa,5,0.0025893319523563
47,wel,wel,5,0.0025893319523563
60,&aelig;&thorn;ele,&amp;ae;&amp;t;ele,4,0.002071465561885
60,&thorn;reo,&amp;t;reo,4,0.002071465561885
60,be,be,4,0.002071465561885
60,bring&eth;,bring&amp;d;,4,0.002071465561885
60,cym&eth;,cym&amp;d;,4,0.002071465561885
60,eorlum,eorlum,4,0.002071465561885
60,f&aelig;gere,f&amp;ae;gere,4,0.002071465561885
60,folcum,folcum,4,0.002071465561885
60,gif,gif,4,0.002071465561885
60,god,god,4,0.002071465561885
60,man,man,4,0.002071465561885
60,middangeard,middangeard,4,0.002071465561885
60,nergend,nergend,4,0.002071465561885
60,sceal,sceal,4,0.002071465561885
60,ylcan,ylcan,4,0.002071465561885
60,ymbe,ymbe,4,0.002071465561885
76,&aelig;&thorn;elingas,&amp;ae;&amp;t;elingas,3,0.0015535991714138
76,&aelig;fter,&amp;ae;fter,3,0.0015535991714138
76,&aelig;r,&amp;ae;r,3,0.0015535991714138
76,&eth;em,&amp;d;em,3,0.0015535991714138
76,&thorn;&aelig;ne,&amp;t;&amp;ae;ne,3,0.0015535991714138
76,ac,ac,3,0.0015535991714138
76,acenned,acenned,3,0.0015535991714138
76,anre,anre,3,0.0015535991714138
76,bleda,bleda,3,0.0015535991714138
76,eahta,eahta,3,0.0015535991714138
76,ece,ece,3,0.0015535991714138
76,eorla,eorla,3,0.0015535991714138
76,f&aelig;der,f&amp;ae;der,3,0.0015535991714138
76,folc,folc,3,0.0015535991714138
76,frofur,frofur,3,0.0015535991714138
76,gehwam,gehwam,3,0.0015535991714138
76,gehwylcum,gehwylcum,3,0.0015535991714138
76,godes,godes,3,0.0015535991714138
76,her,her,3,0.0015535991714138
76,hine,hine,3,0.0015535991714138
76,hrusan,hrusan,3,0.0015535991714138
76,hw&aelig;t,hw&amp;ae;t,3,0.0015535991714138
76,inne,inne,3,0.0015535991714138
76,leas,leas,3,0.0015535991714138
76,manna,manna,3,0.0015535991714138
76,mannum,mannum,3,0.0015535991714138
76,midne,midne,3,0.0015535991714138
76,nihtgerimes,nihtgerimes,3,0.0015535991714138
76,nu,nu,3,0.0015535991714138
76,o&eth;er,o&amp;d;er,3,0.0015535991714138
76,of,of,3,0.0015535991714138
76,oftust,oftust,3,0.0015535991714138
76,seofon,seofon,3,0.0015535991714138
76,sohte,sohte,3,0.0015535991714138
76,sumor,sumor,3,0.0015535991714138
76,sylfan,sylfan,3,0.0015535991714138
76,symble,symble,3,0.0015535991714138
76,up,up,3,0.0015535991714138
76,w&aelig;s,w&amp;ae;s,3,0.0015535991714138
76,wealdend,wealdend,3,0.0015535991714138
76,wear&eth;,wear&amp;d;,3,0.0015535991714138
76,wer,wer,3,0.0015535991714138
76,wlitig,wlitig,3,0.0015535991714138
119,&aelig;&thorn;elinga,&amp;ae;&amp;t;elinga,2,0.0010357327809425
119,&aelig;fre,&amp;ae;fre,2,0.0010357327809425
119,&aelig;nigne,&amp;ae;nigne,2,0.0010357327809425
119,&aelig;ror,&amp;ae;ror,2,0.0010357327809425
119,&aelig;rra,&amp;ae;rra,2,0.0010357327809425
119,&aelig;t,&amp;ae;t,2,0.0010357327809425
119,&eth;&aelig;nne,&amp;d;&amp;ae;nne,2,0.0010357327809425
119,&eth;am,&amp;d;am,2,0.0010357327809425
119,&eth;er,&amp;d;er,2,0.0010357327809425
119,&eth;es,&amp;d;es,2,0.0010357327809425
119,&eth;onn,&amp;d;onn,2,0.0010357327809425
119,&thorn;as,&amp;t;as,2,0.0010357327809425
119,&thorn;earfe,&amp;t;earfe,2,0.0010357327809425
119,&thorn;egn,&amp;t;egn,2,0.0010357327809425
119,&thorn;eoden,&amp;t;eoden,2,0.0010357327809425
119,&thorn;eodum,&amp;t;eodum,2,0.0010357327809425
119,&thorn;reotyne,&amp;t;reotyne,2,0.0010357327809425
119,&thorn;urh,&amp;t;urh,2,0.0010357327809425
119,a,a,2,0.0010357327809425
119,astih&eth;,astih&amp;d;,2,0.0010357327809425
119,bearn,bearn,2,0.0010357327809425
119,beorna,beorna,2,0.0010357327809425
119,beornum,beornum,2,0.0010357327809425
119,biscop,biscop,2,0.0010357327809425
119,blac,blac,2,0.0010357327809425
119,breostum,breostum,2,0.0010357327809425
119,brimhengest,brimhengest,2,0.0010357327809425
119,bringe&eth;,bringe&amp;d;,2,0.0010357327809425
119,bruce&thorn;,bruce&amp;t;,2,0.0010357327809425
119,clene,clene,2,0.0010357327809425
119,crist,crist,2,0.0010357327809425
119,cwicera,cwicera,2,0.0010357327809425
119,cyninges,cyninges,2,0.0010357327809425
119,dagas,dagas,2,0.0010357327809425
119,dagena,dagena,2,0.0010357327809425
119,deor,deor,2,0.0010357327809425
119,domes,domes,2,0.0010357327809425
119,drihten,drihten,2,0.0010357327809425
119,drihtne,drihtne,2,0.0010357327809425
119,dyre,dyre,2,0.0010357327809425
119,ealde,ealde,2,0.0010357327809425
119,ealling,ealling,2,0.0010357327809425
119,eallum,eallum,2,0.0010357327809425
119,eard,eard,2,0.0010357327809425
119,emnihtes,emnihtes,2,0.0010357327809425
119,engla,engla,2,0.0010357327809425
119,engle,engle,2,0.0010357327809425
119,eor&thorn;an,eor&amp;t;an,2,0.0010357327809425
119,eorlas,eorlas,2,0.0010357327809425
119,f&aelig;ger,f&amp;ae;ger,2,0.0010357327809425
119,f&aelig;gerust,f&amp;ae;gerust,2,0.0010357327809425
119,f&aelig;r,f&amp;ae;r,2,0.0010357327809425
119,feorh,feorh,2,0.0010357327809425
119,fere&eth;,fere&amp;d;,2,0.0010357327809425
119,findan,findan,2,0.0010357327809425
119,fl&aelig;sc,fl&amp;ae;sc,2,0.0010357327809425
119,folce,folce,2,0.0010357327809425
119,for&eth;,for&amp;d;,2,0.0010357327809425
119,for&thorn;an,for&amp;t;an,2,0.0010357327809425
119,forste,forste,2,0.0010357327809425
119,frod,frod,2,0.0010357327809425
119,frode,frode,2,0.0010357327809425
119,frofre,frofre,2,0.0010357327809425
119,fur&eth;or,fur&amp;d;or,2,0.0010357327809425
119,gast,gast,2,0.0010357327809425
119,geare,geare,2,0.0010357327809425
119,gecy&eth;ed,gecy&amp;d;ed,2,0.0010357327809425
119,gefr&aelig;ge,gefr&amp;ae;ge,2,0.0010357327809425
119,gehw&aelig;r,gehw&amp;ae;r,2,0.0010357327809425
119,gehwylc,gehwylc,2,0.0010357327809425
119,gehwylcun,gehwylcun,2,0.0010357327809425
119,gerist,gerist,2,0.0010357327809425
119,gewat,gewat,2,0.0010357327809425
119,geywed,geywed,2,0.0010357327809425
119,gregorius,gregorius,2,0.0010357327809425
119,gumena,gumena,2,0.0010357327809425
119,h&aelig;f&thorn;,h&amp;ae;f&amp;t;,2,0.0010357327809425
119,h&aelig;fde,h&amp;ae;fde,2,0.0010357327809425
119,h&aelig;le,h&amp;ae;le,2,0.0010357327809425
119,h&aelig;rfest,h&amp;ae;rfest,2,0.0010357327809425
119,halige,halige,2,0.0010357327809425
119,haligra,haligra,2,0.0010357327809425
119,healdan,healdan,2,0.0010357327809425
119,healic,healic,2,0.0010357327809425
119,heard,heard,2,0.0010357327809425
119,heo,heo,2,0.0010357327809425
119,heofenas,heofenas,2,0.0010357327809425
119,heofones,heofones,2,0.0010357327809425
119,hyrde,hyrde,2,0.0010357327809425
119,iu,iu,2,0.0010357327809425
119,kalend,kalend,2,0.0010357327809425
119,leof,leof,2,0.0010357327809425
119,leoht,leoht,2,0.0010357327809425
119,lufan,lufan,2,0.0010357327809425
119,lyfte,lyfte,2,0.0010357327809425
119,m&aelig;rne,m&amp;ae;rne,2,0.0010357327809425
119,magon,magon,2,0.0010357327809425
119,marian,marian,2,0.0010357327809425
119,martyrdom,martyrdom,2,0.0010357327809425
119,meotudes,meotudes,2,0.0010357327809425
119,midd,midd,2,0.0010357327809425
119,modor,modor,2,0.0010357327809425
119,monige,monige,2,0.0010357327809425
119,nan,nan,2,0.0010357327809425
119,nigon,nigon,2,0.0010357327809425
119,o&thorn;,o&amp;t;,2,0.0010357327809425
119,oft,oft,2,0.0010357327809425
119,ond,ond,2,0.0010357327809425
119,onsende,onsende,2,0.0010357327809425
119,rimes,rimes,2,0.0010357327809425
119,sige&eth;,sige&amp;d;,2,0.0010357327809425
119,sigef&aelig;stne,sigef&amp;ae;stne,2,0.0010357327809425
119,spr&aelig;ce,spr&amp;ae;ce,2,0.0010357327809425
119,sum,sum,2,0.0010357327809425
119,sunu,sunu,2,0.0010357327809425
119,sy&eth;&eth;an,sy&amp;d;&amp;d;an,2,0.0010357327809425
119,tiida,tiida,2,0.0010357327809425
119,tohiht,tohiht,2,0.0010357327809425
119,tyn,tyn,2,0.0010357327809425
119,ufor,ufor,2,0.0010357327809425
119,w&aelig;re,w&amp;ae;re,2,0.0010357327809425
119,w&aelig;tere,w&amp;ae;tere,2,0.0010357327809425
119,wangas,wangas,2,0.0010357327809425
119,wealdendes,wealdendes,2,0.0010357327809425
119,weard,weard,2,0.0010357327809425
119,weor&thorn;e&thorn;,weor&amp;t;e&amp;t;,2,0.0010357327809425
119,wera,wera,2,0.0010357327809425
119,wicum,wicum,2,0.0010357327809425
119,willan,willan,2,0.0010357327809425
119,winter,winter,2,0.0010357327809425
119,worhte,worhte,2,0.0010357327809425
119,wra&thorn;u,wra&amp;t;u,2,0.0010357327809425
119,wucan,wucan,2,0.0010357327809425
119,wuldor,wuldor,2,0.0010357327809425
119,wuldres,wuldres,2,0.0010357327809425
119,wundrum,wundrum,2,0.0010357327809425
119,wyle,wyle,2,0.0010357327809425
119,wyn,wyn,2,0.0010357327809425
119,wyrd,wyrd,2,0.0010357327809425
258,&aelig;&eth;ele,&amp;ae;&amp;d;ele,1,0.00051786639047126
258,&aelig;&eth;elwold,&amp;ae;&amp;d;elwold,1,0.00051786639047126
258,&aelig;&thorn;elinges,&amp;ae;&amp;t;elinges,1,0.00051786639047126
258,&aelig;&thorn;elum,&amp;ae;&amp;t;elum,1,0.00051786639047126
258,&aelig;&thorn;elust,&amp;ae;&amp;t;elust,1,0.00051786639047126
258,&aelig;dre,&amp;ae;dre,1,0.00051786639047126
258,&aelig;ghwylcum,&amp;ae;ghwylcum,1,0.00051786639047126
258,&aelig;gleawe,&amp;ae;gleawe,1,0.00051786639047126
258,&aelig;lcre,&amp;ae;lcre,1,0.00051786639047126
258,&aelig;lmihtig,&amp;ae;lmihtig,1,0.00051786639047126
258,&aelig;lmihtigne,&amp;ae;lmihtigne,1,0.00051786639047126
258,&aelig;rest,&amp;ae;rest,1,0.00051786639047126
258,&aelig;rist,&amp;ae;rist,1,0.00051786639047126
258,&aelig;sc,&amp;ae;sc,1,0.00051786639047126
258,&aelig;tg&aelig;dere,&amp;ae;tg&amp;ae;dere,1,0.00051786639047126
258,&aelig;tsomne,&amp;ae;tsomne,1,0.00051786639047126
258,&aelig;twist,&amp;ae;twist,1,0.00051786639047126
258,&eth;ar,&amp;d;ar,1,0.00051786639047126
258,&eth;earfum,&amp;d;earfum,1,0.00051786639047126
258,&eth;earle,&amp;d;earle,1,0.00051786639047126
258,&eth;egna,&amp;d;egna,1,0.00051786639047126
258,&eth;ene,&amp;d;ene,1,0.00051786639047126
258,&eth;eos,&amp;d;eos,1,0.00051786639047126
258,&eth;ere,&amp;d;ere,1,0.00051786639047126
258,&eth;on,&amp;d;on,1,0.00051786639047126
258,&eth;one,&amp;d;one,1,0.00051786639047126
258,&eth;orn,&amp;d;orn,1,0.00051786639047126
258,&eth;us,&amp;d;us,1,0.00051786639047126
258,&thorn;ara,&amp;t;ara,1,0.00051786639047126
258,&thorn;eah,&amp;t;eah,1,0.00051786639047126
258,&thorn;egen,&amp;t;egen,1,0.00051786639047126
258,&thorn;eoda,&amp;t;eoda,1,0.00051786639047126
258,&thorn;eodenholde,&amp;t;eodenholde,1,0.00051786639047126
258,&thorn;eodne,&amp;t;eodne,1,0.00051786639047126
258,&thorn;eodnes,&amp;t;eodnes,1,0.00051786639047126
258,&thorn;eow,&amp;t;eow,1,0.00051786639047126
258,&thorn;i,&amp;t;i,1,0.00051786639047126
258,&thorn;is,&amp;t;is,1,0.00051786639047126
258,&thorn;realic,&amp;t;realic,1,0.00051786639047126
258,&thorn;risthydigum,&amp;t;risthydigum,1,0.00051786639047126
258,&thorn;rowade,&amp;t;rowade,1,0.00051786639047126
258,&thorn;rowedon,&amp;t;rowedon,1,0.00051786639047126
258,&thorn;rowode,&amp;t;rowode,1,0.00051786639047126
258,&thorn;rymilce,&amp;t;rymilce,1,0.00051786639047126
258,aa,aa,1,0.00051786639047126
258,abbot,abbot,1,0.00051786639047126
258,abead,abead,1,0.00051786639047126
258,acennyd,acennyd,1,0.00051786639047126
258,afera,afera,1,0.00051786639047126
258,afered,afered,1,0.00051786639047126
258,ageaf,ageaf,1,0.00051786639047126
258,agefan,agefan,1,0.00051786639047126
258,agrynt,agrynt,1,0.00051786639047126
258,agustinus,agustinus,1,0.00051786639047126
258,agustus,agustus,1,0.00051786639047126
258,aidan,aidan,1,0.00051786639047126
258,andreas,andreas,1,0.00051786639047126
258,ane,ane,1,0.00051786639047126
258,anfeng,anfeng,1,0.00051786639047126
258,anmod,anmod,1,0.00051786639047126
258,anne,anne,1,0.00051786639047126
258,anra,anra,1,0.00051786639047126
258,ansyne,ansyne,1,0.00051786639047126
258,apostolas,apostolas,1,0.00051786639047126
258,aprelis,aprelis,1,0.00051786639047126
258,ar,ar,1,0.00051786639047126
258,areccan,areccan,1,0.00051786639047126
258,arfesta,arfesta,1,0.00051786639047126
258,awyrn,awyrn,1,0.00051786639047126
258,b&aelig;&thorn;,b&amp;ae;&amp;t;,1,0.00051786639047126
258,bartholomeus,bartholomeus,1,0.00051786639047126
258,be&thorn;,be&amp;t;,1,0.00051786639047126
258,bealdum,bealdum,1,0.00051786639047126
258,beama,beama,1,0.00051786639047126
258,bebead,bebead,1,0.00051786639047126
258,bebuge&eth;,bebuge&amp;d;,1,0.00051786639047126
258,beda,beda,1,0.00051786639047126
258,behealdan,behealdan,1,0.00051786639047126
258,benedictus,benedictus,1,0.00051786639047126
258,bentiid,bentiid,1,0.00051786639047126
258,beorc,beorc,1,0.00051786639047126
258,beorhte,beorhte,1,0.00051786639047126
258,beorhtlic,beorhtlic,1,0.00051786639047126
258,beornwigan,beornwigan,1,0.00051786639047126
258,beorsele,beorsele,1,0.00051786639047126
258,bere&thorn;,bere&amp;t;,1,0.00051786639047126
258,besenctun,besenctun,1,0.00051786639047126
258,bet&aelig;can,bet&amp;ae;can,1,0.00051786639047126
258,betst,betst,1,0.00051786639047126
258,betux,betux,1,0.00051786639047126
258,beworpen,beworpen,1,0.00051786639047126
258,bide&eth;,bide&amp;d;,1,0.00051786639047126
258,bisceop,bisceop,1,0.00051786639047126
258,bises,bises,1,0.00051786639047126
258,bl&aelig;d,bl&amp;ae;d,1,0.00051786639047126
258,bleadum,bleadum,1,0.00051786639047126
258,bletsunga,bletsunga,1,0.00051786639047126
258,bli&eth;ne,bli&amp;d;ne,1,0.00051786639047126
258,bli&thorn;e,bli&amp;t;e,1,0.00051786639047126
258,blis,blis,1,0.00051786639047126
258,blisse,blisse,1,0.00051786639047126
258,blode,blode,1,0.00051786639047126
258,blostmum,blostmum,1,0.00051786639047126
258,blotmona&eth;,blotmona&amp;d;,1,0.00051786639047126
258,blowa&eth;,blowa&amp;d;,1,0.00051786639047126
258,blysse,blysse,1,0.00051786639047126
258,bocera,bocera,1,0.00051786639047126
258,boisil,boisil,1,0.00051786639047126
258,bolde,bolde,1,0.00051786639047126
258,brega&thorn;,brega&amp;t;,1,0.00051786639047126
258,brema&eth;,brema&amp;d;,1,0.00051786639047126
258,breme,breme,1,0.00051786639047126
258,bremran,bremran,1,0.00051786639047126
258,bremu,bremu,1,0.00051786639047126
258,brene&eth;,brene&amp;d;,1,0.00051786639047126
258,breoma,breoma,1,0.00051786639047126
258,breome,breome,1,0.00051786639047126
258,breostan,breostan,1,0.00051786639047126
258,breotenrice,breotenrice,1,0.00051786639047126
258,brice,brice,1,0.00051786639047126
258,bridles,bridles,1,0.00051786639047126
258,brime,brime,1,0.00051786639047126
258,bringan,bringan,1,0.00051786639047126
258,bringe&thorn;,bringe&amp;t;,1,0.00051786639047126
258,brohte,brohte,1,0.00051786639047126
258,brucan,brucan,1,0.00051786639047126
258,brytenricu,brytenricu,1,0.00051786639047126
258,burch,burch,1,0.00051786639047126
258,burh,burh,1,0.00051786639047126
258,byrga,byrga,1,0.00051786639047126
258,byri,byri,1,0.00051786639047126
258,byrne&thorn;,byrne&amp;t;,1,0.00051786639047126
258,can,can,1,0.00051786639047126
258,cantwarum,cantwarum,1,0.00051786639047126
258,cen,cen,1,0.00051786639047126
258,cennan,cennan,1,0.00051786639047126
258,ceorlum,ceorlum,1,0.00051786639047126
258,ceosan,ceosan,1,0.00051786639047126
258,ciga&eth;,ciga&amp;d;,1,0.00051786639047126
258,circule,circule,1,0.00051786639047126
258,clementes,clementes,1,0.00051786639047126
258,clypia&eth;,clypia&amp;d;,1,0.00051786639047126
258,cneorissum,cneorissum,1,0.00051786639047126
258,colian,colian,1,0.00051786639047126
258,corna,corna,1,0.00051786639047126
258,cr&aelig;fte,cr&amp;ae;fte,1,0.00051786639047126
258,cu&eth;,cu&amp;d;,1,0.00051786639047126
258,cu&thorn;,cu&amp;t;,1,0.00051786639047126
258,cudberch,cudberch,1,0.00051786639047126
258,cudberte,cudberte,1,0.00051786639047126
258,cw&aelig;&eth;,cw&amp;ae;&amp;d;,1,0.00051786639047126
258,cwena,cwena,1,0.00051786639047126
258,cyme,cyme,1,0.00051786639047126
258,cynebearn,cynebearn,1,0.00051786639047126
258,cynestole,cynestole,1,0.00051786639047126
258,cyning,cyning,1,0.00051786639047126
258,cyninga,cyninga,1,0.00051786639047126
258,cyninge,cyninge,1,0.00051786639047126
258,cynna,cynna,1,0.00051786639047126
258,d&aelig;lan,d&amp;ae;lan,1,0.00051786639047126
258,dalum,dalum,1,0.00051786639047126
258,de&eth;,de&amp;d;,1,0.00051786639047126
258,dea&eth;,dea&amp;d;,1,0.00051786639047126
258,decembris,decembris,1,0.00051786639047126
258,deope,deope,1,0.00051786639047126
258,deora,deora,1,0.00051786639047126
258,deore,deore,1,0.00051786639047126
258,diacon,diacon,1,0.00051786639047126
258,dogera,dogera,1,0.00051786639047126
258,dom,dom,1,0.00051786639047126
258,dome,dome,1,0.00051786639047126
258,dream,dream,1,0.00051786639047126
258,drihnes,drihnes,1,0.00051786639047126
258,drihta,drihta,1,0.00051786639047126
258,dryhten,dryhten,1,0.00051786639047126
258,dyrling,dyrling,1,0.00051786639047126
258,e&thorn;el,e&amp;t;el,1,0.00051786639047126
258,e&thorn;le,e&amp;t;le,1,0.00051786639047126
258,ea,ea,1,0.00051786639047126
258,ea&eth;mode,ea&amp;d;mode,1,0.00051786639047126
258,eadberch,eadberch,1,0.00051786639047126
258,eadfri&eth;,eadfri&amp;d;,1,0.00051786639047126
258,eadgum,eadgum,1,0.00051786639047126
258,eadig,eadig,1,0.00051786639047126
258,eadige,eadige,1,0.00051786639047126
258,eadigne,eadigne,1,0.00051786639047126
258,eadignesse,eadignesse,1,0.00051786639047126
258,eadigre,eadigre,1,0.00051786639047126
258,eadigum,eadigum,1,0.00051786639047126
258,eadnys,eadnys,1,0.00051786639047126
258,eafix,eafix,1,0.00051786639047126
258,eahteo&eth;an,eahteo&amp;d;an,1,0.00051786639047126
258,ealdor&thorn;egnas,ealdor&amp;t;egnas,1,0.00051786639047126
258,ealdre,ealdre,1,0.00051786639047126
258,ealra,ealra,1,0.00051786639047126
258,ear,ear,1,0.00051786639047126
258,eardi&aelig;&eth;,eardi&amp;ae;&amp;d;,1,0.00051786639047126
258,earfe&eth;um,earfe&amp;d;um,1,0.00051786639047126
258,earme,earme,1,0.00051786639047126
258,earmum,earmum,1,0.00051786639047126
258,eastdenum,eastdenum,1,0.00051786639047126
258,eastermona&eth;,eastermona&amp;d;,1,0.00051786639047126
258,eces,eces,1,0.00051786639047126
258,ecne,ecne,1,0.00051786639047126
258,efne,efne,1,0.00051786639047126
258,eft,eft,1,0.00051786639047126
258,egle,egle,1,0.00051786639047126
258,eh,eh,1,0.00051786639047126
258,elda,elda,1,0.00051786639047126
258,eldum,eldum,1,0.00051786639047126
258,elenan,elenan,1,0.00051786639047126
258,emniht,emniht,1,0.00051786639047126
258,emnihte,emnihte,1,0.00051786639047126
258,eoh,eoh,1,0.00051786639047126
258,eolhx,eolhx,1,0.00051786639047126
258,eor&eth;an,eor&amp;d;an,1,0.00051786639047126
258,eor&eth;warum,eor&amp;d;warum,1,0.00051786639047126
258,f&aelig;gerne,f&amp;ae;gerne,1,0.00051786639047126
258,f&aelig;mnan,f&amp;ae;mnan,1,0.00051786639047126
258,f&aelig;r&eth;,f&amp;ae;r&amp;d;,1,0.00051786639047126
258,f&aelig;relde,f&amp;ae;relde,1,0.00051786639047126
258,f&aelig;rylde,f&amp;ae;rylde,1,0.00051786639047126
258,f&aelig;st,f&amp;ae;st,1,0.00051786639047126
258,f&aelig;stlic,f&amp;ae;stlic,1,0.00051786639047126
258,f&aelig;stlice,f&amp;ae;stlice,1,0.00051786639047126
258,f&aelig;str&aelig;d,f&amp;ae;str&amp;ae;d,1,0.00051786639047126
258,fan,fan,1,0.00051786639047126
258,fanda&thorn;,fanda&amp;t;,1,0.00051786639047126
258,feala,feala,1,0.00051786639047126
258,februarius,februarius,1,0.00051786639047126
258,fela,fela,1,0.00051786639047126
258,felafrecne,felafrecne,1,0.00051786639047126
258,fenne,fenne,1,0.00051786639047126
258,feoh,feoh,1,0.00051786639047126
258,feohtan,feohtan,1,0.00051786639047126
258,feohte&thorn;,feohte&amp;t;,1,0.00051786639047126
258,feola,feola,1,0.00051786639047126
258,feor&eth;an,feor&amp;d;an,1,0.00051786639047126
258,feowerum,feowerum,1,0.00051786639047126
258,fere&thorn;,fere&amp;t;,1,0.00051786639047126
258,feria&thorn;,feria&amp;t;,1,0.00051786639047126
258,fifum,fifum,1,0.00051786639047126
258,fira,fira,1,0.00051786639047126
258,firas,firas,1,0.00051786639047126
258,fisca,fisca,1,0.00051786639047126
258,fisces,fisces,1,0.00051786639047126
258,fl&aelig;sces,fl&amp;ae;sces,1,0.00051786639047126
258,floda,floda,1,0.00051786639047126
258,flor,flor,1,0.00051786639047126
258,fodor,fodor,1,0.00051786639047126
258,fodres,fodres,1,0.00051786639047126
258,folca,folca,1,0.00051786639047126
258,folcbealo,folcbealo,1,0.00051786639047126
258,for&eth;an,for&amp;d;an,1,0.00051786639047126
258,for&eth;weg,for&amp;d;weg,1,0.00051786639047126
258,for&thorn;on,for&amp;t;on,1,0.00051786639047126
258,foregleawe,foregleawe,1,0.00051786639047126
258,forem&aelig;re,forem&amp;ae;re,1,0.00051786639047126
258,foreweard,foreweard,1,0.00051786639047126
258,forgeaf,forgeaf,1,0.00051786639047126
258,forgolden,forgolden,1,0.00051786639047126
258,forma,forma,1,0.00051786639047126
258,fostorlean,fostorlean,1,0.00051786639047126
258,fr&aelig;tuwe,fr&amp;ae;tuwe,1,0.00051786639047126
258,frean,frean,1,0.00051786639047126
258,fremedon,fremedon,1,0.00051786639047126
258,frym&eth;e,frym&amp;d;e,1,0.00051786639047126
258,fulwihttiid,fulwihttiid,1,0.00051786639047126
258,fundan,fundan,1,0.00051786639047126
258,funde,funde,1,0.00051786639047126
258,fus,fus,1,0.00051786639047126
258,fyrdgeatewa,fyrdgeatewa,1,0.00051786639047126
258,fyre,fyre,1,0.00051786639047126
258,fyres,fyres,1,0.00051786639047126
258,fyrn,fyrn,1,0.00051786639047126
258,fyrst,fyrst,1,0.00051786639047126
258,galgan,galgan,1,0.00051786639047126
258,gangan,gangan,1,0.00051786639047126
258,gange&eth;,gange&amp;d;,1,0.00051786639047126
258,ganotes,ganotes,1,0.00051786639047126
258,garsecg,garsecg,1,0.00051786639047126
258,ge,ge,1,0.00051786639047126
258,ge&thorn;eahte,ge&amp;t;eahte,1,0.00051786639047126
258,ge&thorn;incged,ge&amp;t;incged,1,0.00051786639047126
258,ge&thorn;inged,ge&amp;t;inged,1,0.00051786639047126
258,ge&thorn;uht,ge&amp;t;uht,1,0.00051786639047126
258,gear,gear,1,0.00051786639047126
258,geard,geard,1,0.00051786639047126
258,geardagan,geardagan,1,0.00051786639047126
258,gearwum,gearwum,1,0.00051786639047126
258,gebeddan,gebeddan,1,0.00051786639047126
258,gebod,gebod,1,0.00051786639047126
258,geboden,geboden,1,0.00051786639047126
258,gebrihted,gebrihted,1,0.00051786639047126
258,geche&eth;e,geche&amp;d;e,1,0.00051786639047126
258,gede&eth;,gede&amp;d;,1,0.00051786639047126
258,gedreosa&thorn;,gedreosa&amp;t;,1,0.00051786639047126
258,gefean,gefean,1,0.00051786639047126
258,geferan,geferan,1,0.00051786639047126
258,geferes,geferes,1,0.00051786639047126
258,gefeterad,gefeterad,1,0.00051786639047126
258,gefrunan,gefrunan,1,0.00051786639047126
258,gehaten,gehaten,1,0.00051786639047126
258,gehw&aelig;&thorn;re,gehw&amp;ae;&amp;t;re,1,0.00051786639047126
258,gehw&aelig;s,gehw&amp;ae;s,1,0.00051786639047126
258,gehwylcne,gehwylcne,1,0.00051786639047126
258,gehyrste,gehyrste,1,0.00051786639047126
258,gehyrsted,gehyrsted,1,0.00051786639047126
258,geleorde,geleorde,1,0.00051786639047126
258,gelicust,gelicust,1,0.00051786639047126
258,geliden,geliden,1,0.00051786639047126
258,geloden,geloden,1,0.00051786639047126
258,gelome,gelome,1,0.00051786639047126
258,gemonge,gemonge,1,0.00051786639047126
258,gemynd,gemynd,1,0.00051786639047126
258,geniht,geniht,1,0.00051786639047126
258,genihte,genihte,1,0.00051786639047126
258,genihtsum,genihtsum,1,0.00051786639047126
258,genim&eth;,genim&amp;d;,1,0.00051786639047126
258,genipu,genipu,1,0.00051786639047126
258,genom,genom,1,0.00051786639047126
258,geo,geo,1,0.00051786639047126
258,ger,ger,1,0.00051786639047126
258,gerum,gerum,1,0.00051786639047126
258,gerysena,gerysena,1,0.00051786639047126
258,gesceaft,gesceaft,1,0.00051786639047126
258,gesealde,gesealde,1,0.00051786639047126
258,gesewen,gesewen,1,0.00051786639047126
258,gesi&thorn;as,gesi&amp;t;as,1,0.00051786639047126
258,gesingan,gesingan,1,0.00051786639047126
258,gesta&eth;olad,gesta&amp;d;olad,1,0.00051786639047126
258,geswica&thorn;,geswica&amp;t;,1,0.00051786639047126
258,gesynra,gesynra,1,0.00051786639047126
258,getale,getale,1,0.00051786639047126
258,getealdon,getealdon,1,0.00051786639047126
258,getenge,getenge,1,0.00051786639047126
258,getrywe,getrywe,1,0.00051786639047126
258,gew&aelig;xen,gew&amp;ae;xen,1,0.00051786639047126
258,gewelhw&aelig;r,gewelhw&amp;ae;r,1,0.00051786639047126
258,geweor&eth;ad,geweor&amp;d;ad,1,0.00051786639047126
258,geweor&eth;od,geweor&amp;d;od,1,0.00051786639047126
258,gewexen,gewexen,1,0.00051786639047126
258,gewisse,gewisse,1,0.00051786639047126
258,gewita&thorn;,gewita&amp;t;,1,0.00051786639047126
258,geworhte,geworhte,1,0.00051786639047126
258,geworuht,geworuht,1,0.00051786639047126
258,gewritum,gewritum,1,0.00051786639047126
258,gewur&eth;a&eth;,gewur&amp;d;a&amp;d;,1,0.00051786639047126
258,gewyderu,gewyderu,1,0.00051786639047126
258,gewyrdum,gewyrdum,1,0.00051786639047126
258,geypped,geypped,1,0.00051786639047126
258,gim,gim,1,0.00051786639047126
258,gimmum,gimmum,1,0.00051786639047126
258,gl&aelig;shluttur,gl&amp;ae;shluttur,1,0.00051786639047126
258,gleaw,gleaw,1,0.00051786639047126
258,gleawa,gleawa,1,0.00051786639047126
258,gleng,gleng,1,0.00051786639047126
258,glisna&thorn;,glisna&amp;t;,1,0.00051786639047126
258,gode,gode,1,0.00051786639047126
258,godspelles,godspelles,1,0.00051786639047126
258,grene,grene,1,0.00051786639047126
258,grimme,grimme,1,0.00051786639047126
258,grund,grund,1,0.00051786639047126
258,guman,guman,1,0.00051786639047126
258,gyfu,gyfu,1,0.00051786639047126
258,gyme&eth;,gyme&amp;d;,1,0.00051786639047126
258,gyt,gyt,1,0.00051786639047126
258,h&aelig;bbe,h&amp;ae;bbe,1,0.00051786639047126
258,h&aelig;f&eth;,h&amp;ae;f&amp;d;,1,0.00051786639047126
258,h&aelig;fdon,h&amp;ae;fdon,1,0.00051786639047126
258,h&aelig;gl,h&amp;ae;gl,1,0.00051786639047126
258,h&aelig;le&eth;,h&amp;ae;le&amp;d;,1,0.00051786639047126
258,h&aelig;le&eth;a,h&amp;ae;le&amp;d;a,1,0.00051786639047126
258,h&aelig;le&thorn;,h&amp;ae;le&amp;t;,1,0.00051786639047126
258,h&aelig;lend,h&amp;ae;lend,1,0.00051786639047126
258,h&aelig;lo,h&amp;ae;lo,1,0.00051786639047126
258,h&aelig;rfeste,h&amp;ae;rfeste,1,0.00051786639047126
258,h&aelig;se,h&amp;ae;se,1,0.00051786639047126
258,habba&eth;,habba&amp;d;,1,0.00051786639047126
258,hada,hada,1,0.00051786639047126
258,hafa&thorn;,hafa&amp;t;,1,0.00051786639047126
258,hagolscurum,hagolscurum,1,0.00051786639047126
258,halga,halga,1,0.00051786639047126
258,halig,halig,1,0.00051786639047126
258,haligmon&eth;,haligmon&amp;d;,1,0.00051786639047126
258,ham,ham,1,0.00051786639047126
258,haran,haran,1,0.00051786639047126
258,hata&eth;,hata&amp;d;,1,0.00051786639047126
258,hea&eth;urofe,hea&amp;d;urofe,1,0.00051786639047126
258,heafud,heafud,1,0.00051786639047126
258,heah,heah,1,0.00051786639047126
258,heahengel,heahengel,1,0.00051786639047126
258,heahengles,heahengles,1,0.00051786639047126
258,healde&eth;,healde&amp;d;,1,0.00051786639047126
258,heardingas,heardingas,1,0.00051786639047126
258,hele&thorn;um,hele&amp;t;um,1,0.00051786639047126
258,helme,helme,1,0.00051786639047126
258,helpe,helpe,1,0.00051786639047126
258,heofonrices,heofonrices,1,0.00051786639047126
258,heom,heom,1,0.00051786639047126
258,herenys,herenys,1,0.00051786639047126
258,heria&eth;,heria&amp;d;,1,0.00051786639047126
258,herige,herige,1,0.00051786639047126
258,herigeas,herigeas,1,0.00051786639047126
258,heton,heton,1,0.00051786639047126
258,higestrang,higestrang,1,0.00051786639047126
258,hiht,hiht,1,0.00051786639047126
258,hihte,hihte,1,0.00051786639047126
258,hladen,hladen,1,0.00051786639047126
258,hlafm&aelig;ssan,hlafm&amp;ae;ssan,1,0.00051786639047126
258,hlehter,hlehter,1,0.00051786639047126
258,hleotan,hleotan,1,0.00051786639047126
258,hlutan,hlutan,1,0.00051786639047126
258,hlyda,hlyda,1,0.00051786639047126
258,hlysta&thorn;,hlysta&amp;t;,1,0.00051786639047126
258,hofum,hofum,1,0.00051786639047126
258,hornum,hornum,1,0.00051786639047126
258,hors,hors,1,0.00051786639047126
258,hra&eth;e,hra&amp;d;e,1,0.00051786639047126
258,hraw,hraw,1,0.00051786639047126
258,hrime,hrime,1,0.00051786639047126
258,hrimes,hrimes,1,0.00051786639047126
258,hrysted,hrysted,1,0.00051786639047126
258,hw&aelig;&eth;ere,hw&amp;ae;&amp;d;ere,1,0.00051786639047126
258,hw&aelig;&thorn;er,hw&amp;ae;&amp;t;er,1,0.00051786639047126
258,hwearfa&eth;,hwearfa&amp;d;,1,0.00051786639047126
258,hwitust,hwitust,1,0.00051786639047126
258,hwyrft,hwyrft,1,0.00051786639047126
258,hy,hy,1,0.00051786639047126
258,hyhst,hyhst,1,0.00051786639047126
258,hylt,hylt,1,0.00051786639047126
258,hyt,hyt,1,0.00051786639047126
258,iacob,iacob,1,0.00051786639047126
258,iacobus,iacobus,1,0.00051786639047126
258,ianuarius,ianuarius,1,0.00051786639047126
258,ic,ic,1,0.00051786639047126
258,igbuende,igbuende,1,0.00051786639047126
258,iii,iii,1,0.00051786639047126
258,ing,ing,1,0.00051786639047126
258,iohannes,iohannes,1,0.00051786639047126
258,ior,ior,1,0.00051786639047126
258,iudas,iudas,1,0.00051786639047126
258,iula,iula,1,0.00051786639047126
258,iulius,iulius,1,0.00051786639047126
258,iunius,iunius,1,0.00051786639047126
258,kyn,kyn,1,0.00051786639047126
258,kyninga,kyninga,1,0.00051786639047126
258,kyninges,kyninges,1,0.00051786639047126
258,l&aelig;te&thorn;,l&amp;ae;te&amp;t;,1,0.00051786639047126
258,lagu,lagu,1,0.00051786639047126
258,lande,lande,1,0.00051786639047126
258,lange,lange,1,0.00051786639047126
258,langsum,langsum,1,0.00051786639047126
258,lara,lara,1,0.00051786639047126
258,lare,lare,1,0.00051786639047126
258,lareow,lareow,1,0.00051786639047126
258,lator,lator,1,0.00051786639047126
258,laurentius,laurentius,1,0.00051786639047126
258,leafe,leafe,1,0.00051786639047126
258,leafum,leafum,1,0.00051786639047126
258,leane,leane,1,0.00051786639047126
258,lencten,lencten,1,0.00051786639047126
258,leng,leng,1,0.00051786639047126
258,leo,leo,1,0.00051786639047126
258,leodum,leodum,1,0.00051786639047126
258,leofa&thorn;,leofa&amp;t;,1,0.00051786639047126
258,leohta,leohta,1,0.00051786639047126
258,lerde,lerde,1,0.00051786639047126
258,li&eth;a,li&amp;d;a,1,0.00051786639047126
258,lif,lif,1,0.00051786639047126
258,lof,lof,1,0.00051786639047126
258,lustum,lustum,1,0.00051786639047126
258,lyt,lyt,1,0.00051786639047126
258,m&aelig;g&eth;a,m&amp;ae;g&amp;d;a,1,0.00051786639047126
258,m&aelig;genheardum,m&amp;ae;genheardum,1,0.00051786639047126
258,m&aelig;nifealdlice,m&amp;ae;nifealdlice,1,0.00051786639047126
258,m&aelig;nige,m&amp;ae;nige,1,0.00051786639047126
258,m&aelig;rra,m&amp;ae;rra,1,0.00051786639047126
258,m&aelig;rum,m&amp;ae;rum,1,0.00051786639047126
258,m&aelig;ssan,m&amp;ae;ssan,1,0.00051786639047126
258,ma,ma,1,0.00051786639047126
258,magan,magan,1,0.00051786639047126
258,mago&thorn;egnas,mago&amp;t;egnas,1,0.00051786639047126
258,maius,maius,1,0.00051786639047126
258,manigra,manigra,1,0.00051786639047126
258,maran,maran,1,0.00051786639047126
258,martinus,martinus,1,0.00051786639047126
258,martira,martira,1,0.00051786639047126
258,martius,martius,1,0.00051786639047126
258,matheus,matheus,1,0.00051786639047126
258,mathias,mathias,1,0.00051786639047126
258,meare,meare,1,0.00051786639047126
258,men,men,1,0.00051786639047126
258,menigeo,menigeo,1,0.00051786639047126
258,menigo,menigo,1,0.00051786639047126
258,meotod,meotod,1,0.00051786639047126
258,meotud,meotud,1,0.00051786639047126
258,mere,mere,1,0.00051786639047126
258,metodes,metodes,1,0.00051786639047126
258,metodsceafte,metodsceafte,1,0.00051786639047126
258,miccle,miccle,1,0.00051786639047126
258,micel,micel,1,0.00051786639047126
258,michaheles,michaheles,1,0.00051786639047126
258,micle,micle,1,0.00051786639047126
258,miclun,miclun,1,0.00051786639047126
258,milpa&thorn;as,milpa&amp;t;as,1,0.00051786639047126
258,miltse,miltse,1,0.00051786639047126
258,mine,mine,1,0.00051786639047126
258,minstre,minstre,1,0.00051786639047126
258,modig,modig,1,0.00051786639047126
258,modige,modige,1,0.00051786639047126
258,mon&eth;,mon&amp;d;,1,0.00051786639047126
258,monan,monan,1,0.00051786639047126
258,monia,monia,1,0.00051786639047126
258,morgen,morgen,1,0.00051786639047126
258,morstapa,morstapa,1,0.00051786639047126
258,mot,mot,1,0.00051786639047126
258,moton,moton,1,0.00051786639047126
258,mycel,mycel,1,0.00051786639047126
258,mycle,mycle,1,0.00051786639047126
258,mycles,mycles,1,0.00051786639047126
258,mynstre,mynstre,1,0.00051786639047126
258,myrg&thorn;,myrg&amp;t;,1,0.00051786639047126
258,myrg&thorn;e,myrg&amp;t;e,1,0.00051786639047126
258,n&aelig;fre,n&amp;ae;fre,1,0.00051786639047126
258,na,na,1,0.00051786639047126
258,nacan,nacan,1,0.00051786639047126
258,nam,nam,1,0.00051786639047126
258,ne&thorn;an,ne&amp;t;an,1,0.00051786639047126
258,neah,neah,1,0.00051786639047126
258,nearu,nearu,1,0.00051786639047126
258,nemdun,nemdun,1,0.00051786639047126
258,neorxnawange,neorxnawange,1,0.00051786639047126
258,nergendes,nergendes,1,0.00051786639047126
258,ni&eth;a,ni&amp;d;a,1,0.00051786639047126
258,ni&thorn;a,ni&amp;t;a,1,0.00051786639047126
258,nihgontyne,nihgontyne,1,0.00051786639047126
258,nihta,nihta,1,0.00051786639047126
258,nouembris,nouembris,1,0.00051786639047126
258,nyd,nyd,1,0.00051786639047126
258,o&eth;&eth;e,o&amp;d;&amp;d;e,1,0.00051786639047126
258,o&eth;rum,o&amp;d;rum,1,0.00051786639047126
258,o&thorn;ra,o&amp;t;ra,1,0.00051786639047126
258,october,october,1,0.00051786639047126
258,oferceald,oferceald,1,0.00051786639047126
258,oferheah,oferheah,1,0.00051786639047126
258,oferhyrned,oferhyrned,1,0.00051786639047126
258,oferleof,oferleof,1,0.00051786639047126
258,oferwearp,oferwearp,1,0.00051786639047126
258,ofstum,ofstum,1,0.00051786639047126
258,oftast,oftast,1,0.00051786639047126
258,onfeng,onfeng,1,0.00051786639047126
258,onginne&eth;,onginne&amp;d;,1,0.00051786639047126
258,onginne&thorn;,onginne&amp;t;,1,0.00051786639047126
258,ordfruma,ordfruma,1,0.00051786639047126
258,os,os,1,0.00051786639047126
258,osuualdes,osuualdes,1,0.00051786639047126
258,paulus,paulus,1,0.00051786639047126
258,peor&eth;,peor&amp;d;,1,0.00051786639047126
258,petrus,petrus,1,0.00051786639047126
258,philippus,philippus,1,0.00051786639047126
258,plega,plega,1,0.00051786639047126
258,r&aelig;ran,r&amp;ae;ran,1,0.00051786639047126
258,ra&thorn;e,ra&amp;t;e,1,0.00051786639047126
258,rad,rad,1,0.00051786639047126
258,ran,ran,1,0.00051786639047126
258,re&eth;e,re&amp;d;e,1,0.00051786639047126
258,re&thorn;e,re&amp;t;e,1,0.00051786639047126
258,recyde,recyde,1,0.00051786639047126
258,regolf&aelig;ste,regolf&amp;ae;ste,1,0.00051786639047126
258,reliquia,reliquia,1,0.00051786639047126
258,reliquias,reliquias,1,0.00051786639047126
258,rest,rest,1,0.00051786639047126
258,resta&thorn;,resta&amp;t;,1,0.00051786639047126
258,reste&eth;,reste&amp;d;,1,0.00051786639047126
258,rice,rice,1,0.00051786639047126
258,rihte,rihte,1,0.00051786639047126
258,rihtes,rihtes,1,0.00051786639047126
258,rimcr&aelig;ftige,rimcr&amp;ae;ftige,1,0.00051786639047126
258,rinca,rinca,1,0.00051786639047126
258,rincas,rincas,1,0.00051786639047126
258,roderum,roderum,1,0.00051786639047126
258,rome,rome,1,0.00051786639047126
258,s&aelig;grund,s&amp;ae;grund,1,0.00051786639047126
258,s&aelig;y&thorn;a,s&amp;ae;y&amp;t;a,1,0.00051786639047126
258,samod,samod,1,0.00051786639047126
258,sancta,sancta,1,0.00051786639047126
258,sang,sang,1,0.00051786639047126
258,sares,sares,1,0.00051786639047126
258,scearp,scearp,1,0.00051786639047126
258,sceolde,sceolde,1,0.00051786639047126
258,scri&eth;an,scri&amp;d;an,1,0.00051786639047126
258,scri&thorn;,scri&amp;t;,1,0.00051786639047126
258,sculan,sculan,1,0.00051786639047126
258,sculun,sculun,1,0.00051786639047126
258,scuras,scuras,1,0.00051786639047126
258,scynde,scynde,1,0.00051786639047126
258,sealtne,sealtne,1,0.00051786639047126
258,seaxe,seaxe,1,0.00051786639047126
258,secg,secg,1,0.00051786639047126
258,secga&eth;,secga&amp;d;,1,0.00051786639047126
258,secgun,secgun,1,0.00051786639047126
258,sefte,sefte,1,0.00051786639047126
258,segge&eth;,segge&amp;d;,1,0.00051786639047126
258,selost,selost,1,0.00051786639047126
258,selran,selran,1,0.00051786639047126
258,semannum,semannum,1,0.00051786639047126
258,sende,sende,1,0.00051786639047126
258,sent,sent,1,0.00051786639047126
258,seo,seo,1,0.00051786639047126
258,seofentynum,seofentynum,1,0.00051786639047126
258,seofo&thorn;an,seofo&amp;t;an,1,0.00051786639047126
258,septembres,septembres,1,0.00051786639047126
258,sete,sete,1,0.00051786639047126
258,sexna,sexna,1,0.00051786639047126
258,si&eth;,si&amp;d;,1,0.00051786639047126
258,si&eth;&eth;an,si&amp;d;&amp;d;an,1,0.00051786639047126
258,sibbe,sibbe,1,0.00051786639047126
258,sidan,sidan,1,0.00051786639047126
258,side,side,1,0.00051786639047126
258,siex,siex,1,0.00051786639047126
258,sigedrihtne,sigedrihtne,1,0.00051786639047126
258,sigel,sigel,1,0.00051786639047126
258,sigelbeorhte,sigelbeorhte,1,0.00051786639047126
258,sigelbeortne,sigelbeortne,1,0.00051786639047126
258,simon,simon,1,0.00051786639047126
258,sine,sine,1,0.00051786639047126
258,sitta&thorn;,sitta&amp;t;,1,0.00051786639047126
258,sitte&thorn;,sitte&amp;t;,1,0.00051786639047126
258,slidor,slidor,1,0.00051786639047126
258,smicere,smicere,1,0.00051786639047126
258,snawes,snawes,1,0.00051786639047126
258,solmona&eth;,solmona&amp;d;,1,0.00051786639047126
258,sond,sond,1,0.00051786639047126
258,sorge,sorge,1,0.00051786639047126
258,sta&thorn;ule,sta&amp;t;ule,1,0.00051786639047126
258,stanas,stanas,1,0.00051786639047126
258,stede,stede,1,0.00051786639047126
258,steppa,steppa,1,0.00051786639047126
258,sti&thorn;,sti&amp;t;,1,0.00051786639047126
258,stige,stige,1,0.00051786639047126
258,stronge,stronge,1,0.00051786639047126
258,sumere,sumere,1,0.00051786639047126
258,suna,suna,1,0.00051786639047126
258,sunnan,sunnan,1,0.00051786639047126
258,swi&thorn;hw&aelig;t,swi&amp;t;hw&amp;ae;t,1,0.00051786639047126
258,swican,swican,1,0.00051786639047126
258,swice&thorn;,swice&amp;t;,1,0.00051786639047126
258,swutelra,swutelra,1,0.00051786639047126
258,swy&thorn;e,swy&amp;t;e,1,0.00051786639047126
258,swylc,swylc,1,0.00051786639047126
258,swylt,swylt,1,0.00051786639047126
258,sy&thorn;&thorn;an,sy&amp;t;&amp;t;an,1,0.00051786639047126
258,sylf,sylf,1,0.00051786639047126
258,sylfa,sylfa,1,0.00051786639047126
258,syllan,syllan,1,0.00051786639047126
258,symbel,symbel,1,0.00051786639047126
258,symle,symle,1,0.00051786639047126
258,syx,syx,1,0.00051786639047126
258,t&aelig;hte,t&amp;ae;hte,1,0.00051786639047126
258,tacna,tacna,1,0.00051786639047126
258,tanas,tanas,1,0.00051786639047126
258,tealtum,tealtum,1,0.00051786639047126
258,telgum,telgum,1,0.00051786639047126
258,temple,temple,1,0.00051786639047126
258,teo&eth;a,teo&amp;d;a,1,0.00051786639047126
258,thomase,thomase,1,0.00051786639047126
258,tid,tid,1,0.00051786639047126
258,tide,tide,1,0.00051786639047126
258,tidlice,tidlice,1,0.00051786639047126
258,tille,tille,1,0.00051786639047126
258,tir,tir,1,0.00051786639047126
258,tireadige,tireadige,1,0.00051786639047126
258,torhtust,torhtust,1,0.00051786639047126
258,treow,treow,1,0.00051786639047126
258,treowe,treowe,1,0.00051786639047126
258,trum,trum,1,0.00051786639047126
258,trywa,trywa,1,0.00051786639047126
258,tudder,tudder,1,0.00051786639047126
258,tungla,tungla,1,0.00051786639047126
258,twam,twam,1,0.00051786639047126
258,twegra,twegra,1,0.00051786639047126
258,twelf,twelf,1,0.00051786639047126
258,twelfta,twelfta,1,0.00051786639047126
258,twentig,twentig,1,0.00051786639047126
258,twentigum,twentigum,1,0.00051786639047126
258,u&thorn;witan,u&amp;t;witan,1,0.00051786639047126
258,ufan,ufan,1,0.00051786639047126
258,unarimeda,unarimeda,1,0.00051786639047126
258,underwre&thorn;yd,underwre&amp;t;yd,1,0.00051786639047126
258,unforcu&eth;,unforcu&amp;d;,1,0.00051786639047126
258,ungemetum,ungemetum,1,0.00051786639047126
258,ungemetun,ungemetun,1,0.00051786639047126
258,ungerim,ungerim,1,0.00051786639047126
258,unm&aelig;te,unm&amp;ae;te,1,0.00051786639047126
258,unrim,unrim,1,0.00051786639047126
258,unsme&thorn;e,unsme&amp;t;e,1,0.00051786639047126
258,unstyllum,unstyllum,1,0.00051786639047126
258,upengla,upengla,1,0.00051786639047126
258,upweg,upweg,1,0.00051786639047126
258,ur,ur,1,0.00051786639047126
258,utan,utan,1,0.00051786639047126
258,w&aelig;g,w&amp;ae;g,1,0.00051786639047126
258,w&aelig;n,w&amp;ae;n,1,0.00051786639047126
258,w&aelig;r&thorn;eoda,w&amp;ae;r&amp;t;eoda,1,0.00051786639047126
258,w&aelig;ron,w&amp;ae;ron,1,0.00051786639047126
258,w&aelig;stmum,w&amp;ae;stmum,1,0.00051786639047126
258,w&aelig;tre,w&amp;ae;tre,1,0.00051786639047126
258,wanan,wanan,1,0.00051786639047126
258,wang,wang,1,0.00051786639047126
258,wat,wat,1,0.00051786639047126
258,wature,wature,1,0.00051786639047126
258,wealca&thorn;,wealca&amp;t;,1,0.00051786639047126
258,weana,weana,1,0.00051786639047126
258,wearme,wearme,1,0.00051786639047126
258,wel&thorn;ungen,wel&amp;t;ungen,1,0.00051786639047126
258,wela,wela,1,0.00051786639047126
258,welege,welege,1,0.00051786639047126
258,welhw&aelig;r,welhw&amp;ae;r,1,0.00051786639047126
258,wenne,wenne,1,0.00051786639047126
258,weodmona&eth;,weodmona&amp;d;,1,0.00051786639047126
258,weor,weor,1,0.00051786639047126
258,weor&eth;e,weor&amp;d;e,1,0.00051786639047126
258,weor&eth;ia&eth;,weor&amp;d;ia&amp;d;,1,0.00051786639047126
258,weor&eth;lice,weor&amp;d;lice,1,0.00051786639047126
258,weorca,weorca,1,0.00051786639047126
258,weras,weras,1,0.00051786639047126
258,were,were,1,0.00051786639047126
258,weroda,weroda,1,0.00051786639047126
258,werum,werum,1,0.00051786639047126
258,wexe&eth;,wexe&amp;d;,1,0.00051786639047126
258,wi&eth;,wi&amp;d;,1,0.00051786639047126
258,wi&eth;&thorn;an,wi&amp;d;&amp;t;an,1,0.00051786639047126
258,wi&thorn;,wi&amp;t;,1,0.00051786639047126
258,wicge,wicge,1,0.00051786639047126
258,wicgum,wicgum,1,0.00051786639047126
258,wifa,wifa,1,0.00051786639047126
258,wife,wife,1,0.00051786639047126
258,wifum,wifum,1,0.00051786639047126
258,wiga,wiga,1,0.00051786639047126
258,wigan,wigan,1,0.00051786639047126
258,wigena,wigena,1,0.00051786639047126
258,wigend,wigend,1,0.00051786639047126
258,wilda,wilda,1,0.00051786639047126
258,wile,wile,1,0.00051786639047126
258,windes,windes,1,0.00051786639047126
258,winterfylle&eth;,winterfylle&amp;d;,1,0.00051786639047126
258,wintres,wintres,1,0.00051786639047126
258,wintrum,wintrum,1,0.00051786639047126
258,wisdomes,wisdomes,1,0.00051786639047126
258,wise,wise,1,0.00051786639047126
258,wisf&aelig;st,wisf&amp;ae;st,1,0.00051786639047126
258,wisra,wisra,1,0.00051786639047126
258,wisse,wisse,1,0.00051786639047126
258,wiste,wiste,1,0.00051786639047126
258,witega,witega,1,0.00051786639047126
258,witena,witena,1,0.00051786639047126
258,wlanc,wlanc,1,0.00051786639047126
258,wlancum,wlancum,1,0.00051786639047126
258,womma,womma,1,0.00051786639047126
258,wordum,wordum,1,0.00051786639047126
258,worhtan,worhtan,1,0.00051786639047126
258,worn,worn,1,0.00051786639047126
258,worulde,worulde,1,0.00051786639047126
258,woruldgesceafta,woruldgesceafta,1,0.00051786639047126
258,wr&aelig;cna,wr&amp;ae;cna,1,0.00051786639047126
258,wrecan,wrecan,1,0.00051786639047126
258,writ,writ,1,0.00051786639047126
258,wrixla&thorn;,wrixla&amp;t;,1,0.00051786639047126
258,wudaf&aelig;stern,wudaf&amp;ae;stern,1,0.00051786639047126
258,wudum,wudum,1,0.00051786639047126
258,wuht,wuht,1,0.00051786639047126
258,wuldorf&aelig;der,wuldorf&amp;ae;der,1,0.00051786639047126
258,wuna&eth;,wuna&amp;d;,1,0.00051786639047126
258,wunda&thorn;,wunda&amp;t;,1,0.00051786639047126
258,wundra,wundra,1,0.00051786639047126
258,wuniad,wuniad,1,0.00051786639047126
258,wunian,wunian,1,0.00051786639047126
258,wurde,wurde,1,0.00051786639047126
258,wycum,wycum,1,0.00051786639047126
258,wynan,wynan,1,0.00051786639047126
258,wynna,wynna,1,0.00051786639047126
258,wynnum,wynnum,1,0.00051786639047126
258,wyr&thorn;mynd,wyr&amp;t;mynd,1,0.00051786639047126
258,wyr&thorn;scype,wyr&amp;t;scype,1,0.00051786639047126
258,wyrtrumun,wyrtrumun,1,0.00051786639047126
258,wyrtum,wyrtum,1,0.00051786639047126
258,xi,xi,1,0.00051786639047126
258,y&eth;um,y&amp;d;um,1,0.00051786639047126
258,yfyl,yfyl,1,0.00051786639047126
258,ylda,ylda,1,0.00051786639047126
258,yldum,yldum,1,0.00051786639047126
258,ymbeornad,ymbeornad,1,0.00051786639047126
258,ymbutan,ymbutan,1,0.00051786639047126
258,yr,yr,1,0.00051786639047126
258,yrmen&thorn;eodum,yrmen&amp;t;eodum,1,0.00051786639047126
258,ys,ys,1,0.00051786639047126
258,zebedes,zebedes,1,0.00051786639047126
