B_Prose,B05,1281,862,4372
RANK,HTML WORD,RAW WORD,COUNT,RELATIVE FREQUENCY
1,and,<code>and</code>,240,0.0548948
2,on,<code>on</code>,154,0.0352242
3,&thorn;e,<code>&amp;t;e</code>,124,0.0283623
4,ic,<code>ic</code>,106,0.0242452
5,me,<code>me</code>,105,0.0240165
5,secge,<code>secge</code>,105,0.0240165
7,saga,<code>saga</code>,100,0.0228728
8,he,<code>he</code>,60,0.0137237
9,wintra,<code>wintra</code>,59,0.0134950
10,w&aelig;s,<code>w&amp;ae;s</code>,57,0.0130375
11,&thorn;a,<code>&amp;t;a</code>,45,0.0102928
12,se,<code>se</code>,43,0.0098353
13,&thorn;&aelig;t,<code>&amp;t;&amp;ae;t</code>,41,0.0093779
14,&eth;e,<code>&amp;d;e</code>,38,0.0086917
15,heo,<code>heo</code>,36,0.0082342
16,seo,<code>seo</code>,34,0.0077768
17,&eth;&aelig;t,<code>&amp;d;&amp;ae;t</code>,33,0.0075480
17,bi&eth;,<code>bi&amp;d;</code>,33,0.0075480
19,is,<code>is</code>,32,0.0073193
20,hw&aelig;t,<code>hw&amp;ae;t</code>,31,0.0070906
20,ys,<code>ys</code>,31,0.0070906
22,&eth;onne,<code>&amp;d;onne</code>,29,0.0066331
23,&thorn;am,<code>&amp;t;am</code>,28,0.0064044
24,for,<code>for</code>,27,0.0061757
25,ne,<code>ne</code>,26,0.0059469
26,onlicnisse,<code>onlicnisse</code>,24,0.0054895
26,pater,<code>pater</code>,24,0.0054895
28,&eth;a,<code>&amp;d;a</code>,23,0.0052608
28,his,<code>his</code>,23,0.0052608
28,xii,<code>xii</code>,23,0.0052608
31,hu,<code>hu</code>,21,0.0048033
31,noster,<code>noster</code>,21,0.0048033
33,deofol,<code>deofol</code>,20,0.0045746
33,hatte,<code>hatte</code>,20,0.0045746
33,of,<code>of</code>,20,0.0045746
36,si&eth;e,<code>si&amp;d;e</code>,19,0.0043458
37,hund,<code>hund</code>,18,0.0041171
37,mannes,<code>mannes</code>,18,0.0041171
39,cw&aelig;&eth;,<code>cw&amp;ae;&amp;d;</code>,17,0.0038884
39,to,<code>to</code>,17,0.0038884
41,&aelig;r,<code>&amp;ae;r</code>,16,0.0036597
41,hwilc,<code>hwilc</code>,16,0.0036597
41,man,<code>man</code>,16,0.0036597
44,was,<code>was</code>,15,0.0034309
44,word,<code>word</code>,15,0.0034309
46,eor&eth;an,<code>eor&amp;d;an</code>,14,0.0032022
46,hys,<code>hys</code>,14,0.0032022
46,in,<code>in</code>,14,0.0032022
46,o&eth;&eth;e,<code>o&amp;d;&amp;d;e</code>,14,0.0032022
46,si&eth;a,<code>si&amp;d;a</code>,14,0.0032022
51,adam,<code>adam</code>,13,0.0029735
51,anra,<code>anra</code>,13,0.0029735
51,ealle,<code>ealle</code>,13,0.0029735
51,ealles,<code>ealles</code>,13,0.0029735
51,gehwylc,<code>gehwylc</code>,13,0.0029735
56,by&eth;,<code>by&amp;d;</code>,12,0.0027447
56,eall,<code>eall</code>,12,0.0027447
56,eor&eth;e,<code>eor&amp;d;e</code>,12,0.0027447
56,hit,<code>hit</code>,12,0.0027447
56,hwa,<code>hwa</code>,12,0.0027447
61,&aelig;rest,<code>&amp;ae;rest</code>,11,0.0025160
61,&eth;&aelig;s,<code>&amp;d;&amp;ae;s</code>,11,0.0025160
61,&eth;am,<code>&amp;d;am</code>,11,0.0025160
61,&eth;eah,<code>&amp;d;eah</code>,11,0.0025160
61,gestrinde,<code>gestrinde</code>,11,0.0025160
61,h&aelig;bbe,<code>h&amp;ae;bbe</code>,11,0.0025160
61,lyfde,<code>lyfde</code>,11,0.0025160
61,mid,<code>mid</code>,11,0.0025160
61,sie,<code>sie</code>,11,0.0025160
61,sunne,<code>sunne</code>,11,0.0025160
61,v,<code>v</code>,11,0.0025160
61,xxx,<code>xxx</code>,11,0.0025160
73,&eth;&aelig;re,<code>&amp;d;&amp;ae;re</code>,10,0.0022873
73,&thorn;&aelig;re,<code>&amp;t;&amp;ae;re</code>,10,0.0022873
73,fela,<code>fela</code>,10,0.0022873
73,h&aelig;fede,<code>h&amp;ae;fede</code>,10,0.0022873
73,him,<code>him</code>,10,0.0022873
73,onlicnesse,<code>onlicnesse</code>,10,0.0022873
73,s&aelig;,<code>s&amp;ae;</code>,10,0.0022873
73,swa,<code>swa</code>,10,0.0022873
73,syndon,<code>syndon</code>,10,0.0022873
82,&thorn;urh,<code>&amp;t;urh</code>,9,0.0020586
82,an,<code>an</code>,9,0.0020586
82,fram,<code>fram</code>,9,0.0020586
82,hie,<code>hie</code>,9,0.0020586
82,lx,<code>lx</code>,9,0.0020586
82,ond,<code>ond</code>,9,0.0020586
82,saturnus,<code>saturnus</code>,9,0.0020586
89,beo&eth;,<code>beo&amp;d;</code>,8,0.0018298
89,d&aelig;ge,<code>d&amp;ae;ge</code>,8,0.0018298
89,helle,<code>helle</code>,8,0.0018298
89,hym,<code>hym</code>,8,0.0018298
89,pund,<code>pund</code>,8,0.0018298
89,w&aelig;re,<code>w&amp;ae;re</code>,8,0.0018298
95,&thorn;one,<code>&amp;t;one</code>,7,0.0016011
95,&thorn;u,<code>&amp;t;u</code>,7,0.0016011
95,gesceop,<code>gesceop</code>,7,0.0016011
95,god,<code>god</code>,7,0.0016011
95,godes,<code>godes</code>,7,0.0016011
95,hwam,<code>hwam</code>,7,0.0016011
95,ii,<code>ii</code>,7,0.0016011
95,noe,<code>noe</code>,7,0.0016011
95,noes,<code>noes</code>,7,0.0016011
95,ofer,<code>ofer</code>,7,0.0016011
95,saloman,<code>saloman</code>,7,0.0016011
95,sien,<code>sien</code>,7,0.0016011
95,tid,<code>tid</code>,7,0.0016011
108,&aelig;fter,<code>&amp;ae;fter</code>,6,0.0013724
108,&eth;usendum,<code>&amp;d;usendum</code>,6,0.0013724
108,&thorn;anon,<code>&amp;t;anon</code>,6,0.0013724
108,ac,<code>ac</code>,6,0.0013724
108,bearn,<code>bearn</code>,6,0.0013724
108,ealra,<code>ealra</code>,6,0.0013724
108,eft,<code>eft</code>,6,0.0013724
108,f&aelig;der,<code>f&amp;ae;der</code>,6,0.0013724
108,feor&eth;e,<code>feor&amp;d;e</code>,6,0.0013724
108,godwebb,<code>godwebb</code>,6,0.0013724
108,heofon,<code>heofon</code>,6,0.0013724
108,hw&aelig;r,<code>hw&amp;ae;r</code>,6,0.0013724
108,men,<code>men</code>,6,0.0013724
108,moder,<code>moder</code>,6,0.0013724
108,naman,<code>naman</code>,6,0.0013724
108,non,<code>non</code>,6,0.0013724
108,nygon,<code>nygon</code>,6,0.0013724
108,o&eth;er,<code>o&amp;d;er</code>,6,0.0013724
108,si,<code>si</code>,6,0.0013724
108,twa,<code>twa</code>,6,0.0013724
108,vi,<code>vi</code>,6,0.0013724
108,viii,<code>viii</code>,6,0.0013724
130,&aelig;rost,<code>&amp;ae;rost</code>,5,0.0011436
130,&eth;ridde,<code>&amp;d;ridde</code>,5,0.0011436
130,&thorn;as,<code>&amp;t;as</code>,5,0.0011436
130,betst,<code>betst</code>,5,0.0011436
130,crist,<code>crist</code>,5,0.0011436
130,cristes,<code>cristes</code>,5,0.0011436
130,hafa&eth;,<code>hafa&amp;d;</code>,5,0.0011436
130,m&aelig;g,<code>m&amp;ae;g</code>,5,0.0011436
130,myd,<code>myd</code>,5,0.0011436
130,o&eth;,<code>o&amp;d;</code>,5,0.0011436
130,o&eth;rum,<code>o&amp;d;rum</code>,5,0.0011436
130,selust,<code>selust</code>,5,0.0011436
130,sindon,<code>sindon</code>,5,0.0011436
130,sunu,<code>sunu</code>,5,0.0011436
130,synderlice,<code>synderlice</code>,5,0.0011436
130,vii,<code>vii</code>,5,0.0011436
130,w&aelig;ron,<code>w&amp;ae;ron</code>,5,0.0011436
130,worulde,<code>worulde</code>,5,0.0011436
130,xx,<code>xx</code>,5,0.0011436
149,&aelig;,<code>&amp;ae;</code>,4,0.0009149
149,&eth;ara,<code>&amp;d;ara</code>,4,0.0009149
149,&thorn;&aelig;s,<code>&amp;t;&amp;ae;s</code>,4,0.0009149
149,&thorn;on,<code>&amp;t;on</code>,4,0.0009149
149,burh,<code>burh</code>,4,0.0009149
149,ccc,<code>ccc</code>,4,0.0009149
149,cham,<code>cham</code>,4,0.0009149
149,enos,<code>enos</code>,4,0.0009149
149,feower,<code>feower</code>,4,0.0009149
149,g&aelig;&eth;,<code>g&amp;ae;&amp;d;</code>,4,0.0009149
149,gesceafta,<code>gesceafta</code>,4,0.0009149
149,geseald,<code>geseald</code>,4,0.0009149
149,geworhte,<code>geworhte</code>,4,0.0009149
149,gif,<code>gif</code>,4,0.0009149
149,godweb,<code>godweb</code>,4,0.0009149
149,gyldene,<code>gyldene</code>,4,0.0009149
149,haten,<code>haten</code>,4,0.0009149
149,hatton,<code>hatton</code>,4,0.0009149
149,hyg,<code>hyg</code>,4,0.0009149
149,iii,<code>iii</code>,4,0.0009149
149,iiii,<code>iiii</code>,4,0.0009149
149,inno&eth;e,<code>inno&amp;d;e</code>,4,0.0009149
149,l,<code>l</code>,4,0.0009149
149,lang,<code>lang</code>,4,0.0009149
149,lange,<code>lange</code>,4,0.0009149
149,middangeard,<code>middangeard</code>,4,0.0009149
149,n&aelig;fre,<code>n&amp;ae;fre</code>,4,0.0009149
149,sceal,<code>sceal</code>,4,0.0009149
149,sealt,<code>sealt</code>,4,0.0009149
149,sy,<code>sy</code>,4,0.0009149
149,w&aelig;ter,<code>w&amp;ae;ter</code>,4,0.0009149
149,x,<code>x</code>,4,0.0009149
181,&aelig;fen,<code>&amp;ae;fen</code>,3,0.0006862
181,&aelig;ft,<code>&amp;ae;ft</code>,3,0.0006862
181,&aelig;ghwylc,<code>&amp;ae;ghwylc</code>,3,0.0006862
181,&aelig;rostan,<code>&amp;ae;rostan</code>,3,0.0006862
181,&aelig;rust,<code>&amp;ae;rust</code>,3,0.0006862
181,&eth;ing,<code>&amp;d;ing</code>,3,0.0006862
181,&eth;on,<code>&amp;d;on</code>,3,0.0006862
181,&eth;one,<code>&amp;d;one</code>,3,0.0006862
181,&eth;usend,<code>&amp;d;usend</code>,3,0.0006862
181,&thorn;&aelig;r,<code>&amp;t;&amp;ae;r</code>,3,0.0006862
181,&thorn;onne,<code>&amp;t;onne</code>,3,0.0006862
181,&thorn;rim,<code>&amp;t;rim</code>,3,0.0006862
181,abeles,<code>abeles</code>,3,0.0006862
181,acenned,<code>acenned</code>,3,0.0006862
181,adames,<code>adames</code>,3,0.0006862
181,blod,<code>blod</code>,3,0.0006862
181,buton,<code>buton</code>,3,0.0006862
181,d&aelig;l,<code>d&amp;ae;l</code>,3,0.0006862
181,dea&eth;,<code>dea&amp;d;</code>,3,0.0006862
181,dea&eth;e,<code>dea&amp;d;e</code>,3,0.0006862
181,drihten,<code>drihten</code>,3,0.0006862
181,eallum,<code>eallum</code>,3,0.0006862
181,earnes,<code>earnes</code>,3,0.0006862
181,enoh,<code>enoh</code>,3,0.0006862
181,f&aelig;&eth;ema,<code>f&amp;ae;&amp;d;ema</code>,3,0.0006862
181,fifte,<code>fifte</code>,3,0.0006862
181,gesomnod,<code>gesomnod</code>,3,0.0006862
181,h&aelig;tte,<code>h&amp;ae;tte</code>,3,0.0006862
181,hell,<code>hell</code>,3,0.0006862
181,heora,<code>heora</code>,3,0.0006862
181,hulic,<code>hulic</code>,3,0.0006862
181,hundtwelftigum,<code>hundtwelftigum</code>,3,0.0006862
181,hyre,<code>hyre</code>,3,0.0006862
181,iared,<code>iared</code>,3,0.0006862
181,israela,<code>israela</code>,3,0.0006862
181,ix,<code>ix</code>,3,0.0006862
181,lamec,<code>lamec</code>,3,0.0006862
181,leofode,<code>leofode</code>,3,0.0006862
181,leoht,<code>leoht</code>,3,0.0006862
181,magon,<code>magon</code>,3,0.0006862
181,malaleh,<code>malaleh</code>,3,0.0006862
181,manna,<code>manna</code>,3,0.0006862
181,mannon,<code>mannon</code>,3,0.0006862
181,middangeardes,<code>middangeardes</code>,3,0.0006862
181,mon&eth;um,<code>mon&amp;d;um</code>,3,0.0006862
181,moyses,<code>moyses</code>,3,0.0006862
181,mu&eth;,<code>mu&amp;d;</code>,3,0.0006862
181,nan,<code>nan</code>,3,0.0006862
181,nosters,<code>nosters</code>,3,0.0006862
181,read,<code>read</code>,3,0.0006862
181,sawul,<code>sawul</code>,3,0.0006862
181,seofon,<code>seofon</code>,3,0.0006862
181,sint,<code>sint</code>,3,0.0006862
181,up,<code>up</code>,3,0.0006862
181,wyrst,<code>wyrst</code>,3,0.0006862
236,&aelig;fre,<code>&amp;ae;fre</code>,2,0.0004575
236,&aelig;resta,<code>&amp;ae;resta</code>,2,0.0004575
236,&aelig;roste,<code>&amp;ae;roste</code>,2,0.0004575
236,&eth;&aelig;tte,<code>&amp;d;&amp;ae;tte</code>,2,0.0004575
236,&eth;anon,<code>&amp;d;anon</code>,2,0.0004575
236,&eth;reo,<code>&amp;d;reo</code>,2,0.0004575
236,&eth;u,<code>&amp;d;u</code>,2,0.0004575
236,&eth;urh,<code>&amp;d;urh</code>,2,0.0004575
236,&eth;y,<code>&amp;d;y</code>,2,0.0004575
236,&thorn;age,<code>&amp;t;age</code>,2,0.0004575
236,&thorn;ar,<code>&amp;t;ar</code>,2,0.0004575
236,&thorn;eo,<code>&amp;t;eo</code>,2,0.0004575
236,&thorn;eoda,<code>&amp;t;eoda</code>,2,0.0004575
236,&thorn;inon,<code>&amp;t;inon</code>,2,0.0004575
236,&thorn;isne,<code>&amp;t;isne</code>,2,0.0004575
236,&thorn;issere,<code>&amp;t;issere</code>,2,0.0004575
236,&thorn;riddan,<code>&amp;t;riddan</code>,2,0.0004575
236,&thorn;ritigum,<code>&amp;t;ritigum</code>,2,0.0004575
236,&thorn;rittig,<code>&amp;t;rittig</code>,2,0.0004575
236,&thorn;usend,<code>&amp;t;usend</code>,2,0.0004575
236,acende,<code>acende</code>,2,0.0004575
236,ane,<code>ane</code>,2,0.0004575
236,anes,<code>anes</code>,2,0.0004575
236,awocon,<code>awocon</code>,2,0.0004575
236,beon,<code>beon</code>,2,0.0004575
236,beorhtestan,<code>beorhtestan</code>,2,0.0004575
236,beorhtra,<code>beorhtra</code>,2,0.0004575
236,berende,<code>berende</code>,2,0.0004575
236,bisceop,<code>bisceop</code>,2,0.0004575
236,bleos,<code>bleos</code>,2,0.0004575
236,bocstafas,<code>bocstafas</code>,2,0.0004575
236,byrnan,<code>byrnan</code>,2,0.0004575
236,chanan,<code>chanan</code>,2,0.0004575
236,cnihthade,<code>cnihthade</code>,2,0.0004575
236,concupiscens,<code>concupiscens</code>,2,0.0004575
236,cynn,<code>cynn</code>,2,0.0004575
236,d&aelig;ig,<code>d&amp;ae;ig</code>,2,0.0004575
236,daga,<code>daga</code>,2,0.0004575
236,dagum,<code>dagum</code>,2,0.0004575
236,dei,<code>dei</code>,2,0.0004575
236,deoful,<code>deoful</code>,2,0.0004575
236,deor,<code>deor</code>,2,0.0004575
236,eagum,<code>eagum</code>,2,0.0004575
236,ealdan,<code>ealdan</code>,2,0.0004575
236,eallra,<code>eallra</code>,2,0.0004575
236,ecglast,<code>ecglast</code>,2,0.0004575
236,englas,<code>englas</code>,2,0.0004575
236,eode,<code>eode</code>,2,0.0004575
236,erost,<code>erost</code>,2,0.0004575
236,et,<code>et</code>,2,0.0004575
236,feor&eth;an,<code>feor&amp;d;an</code>,2,0.0004575
236,fi&eth;erum,<code>fi&amp;d;erum</code>,2,0.0004575
236,fleogan,<code>fleogan</code>,2,0.0004575
236,fleogendra,<code>fleogendra</code>,2,0.0004575
236,flod,<code>flod</code>,2,0.0004575
236,flode,<code>flode</code>,2,0.0004575
236,folc,<code>folc</code>,2,0.0004575
236,frim&eth;e,<code>frim&amp;d;e</code>,2,0.0004575
236,fugel,<code>fugel</code>,2,0.0004575
236,fulluhte,<code>fulluhte</code>,2,0.0004575
236,fyr,<code>fyr</code>,2,0.0004575
236,gastes,<code>gastes</code>,2,0.0004575
236,ge,<code>ge</code>,2,0.0004575
236,geara,<code>geara</code>,2,0.0004575
236,gebletsod,<code>gebletsod</code>,2,0.0004575
236,gefullod,<code>gefullod</code>,2,0.0004575
236,gehwyrfed,<code>gehwyrfed</code>,2,0.0004575
236,gerime,<code>gerime</code>,2,0.0004575
236,gesceapen,<code>gesceapen</code>,2,0.0004575
236,geseapen,<code>geseapen</code>,2,0.0004575
236,getacna&eth;,<code>getacna&amp;d;</code>,2,0.0004575
236,gewilna,<code>gewilna</code>,2,0.0004575
236,gewite&eth;,<code>gewite&amp;d;</code>,2,0.0004575
236,geworht,<code>geworht</code>,2,0.0004575
236,godwebbes,<code>godwebbes</code>,2,0.0004575
236,gyldenre,<code>gyldenre</code>,2,0.0004575
236,halgan,<code>halgan</code>,2,0.0004575
236,haligra,<code>haligra</code>,2,0.0004575
236,handa,<code>handa</code>,2,0.0004575
236,hat,<code>hat</code>,2,0.0004575
236,heafod,<code>heafod</code>,2,0.0004575
236,healda&eth;,<code>healda&amp;d;</code>,2,0.0004575
236,heofona,<code>heofona</code>,2,0.0004575
236,heofonas,<code>heofonas</code>,2,0.0004575
236,heofonlicre,<code>heofonlicre</code>,2,0.0004575
236,heorte,<code>heorte</code>,2,0.0004575
236,hi,<code>hi</code>,2,0.0004575
236,hine,<code>hine</code>,2,0.0004575
236,hlafa,<code>hlafa</code>,2,0.0004575
236,hlafordes,<code>hlafordes</code>,2,0.0004575
236,hrefen,<code>hrefen</code>,2,0.0004575
236,hwales,<code>hwales</code>,2,0.0004575
236,hwan,<code>hwan</code>,2,0.0004575
236,hwanon,<code>hwanon</code>,2,0.0004575
236,hwar,<code>hwar</code>,2,0.0004575
236,hwilcum,<code>hwilcum</code>,2,0.0004575
236,hy,<code>hy</code>,2,0.0004575
236,iaiaca,<code>iaiaca</code>,2,0.0004575
236,ieo,<code>ieo</code>,2,0.0004575
236,ierene,<code>ierene</code>,2,0.0004575
236,iic,<code>iic</code>,2,0.0004575
236,ilcan,<code>ilcan</code>,2,0.0004575
236,la&eth;,<code>la&amp;d;</code>,2,0.0004575
236,lengran,<code>lengran</code>,2,0.0004575
236,leof,<code>leof</code>,2,0.0004575
236,leuiathan,<code>leuiathan</code>,2,0.0004575
236,lux,<code>lux</code>,2,0.0004575
236,lxxx,<code>lxxx</code>,2,0.0004575
236,lychaman,<code>lychaman</code>,2,0.0004575
236,m&aelig;ig,<code>m&amp;ae;ig</code>,2,0.0004575
236,mann,<code>mann</code>,2,0.0004575
236,maria,<code>maria</code>,2,0.0004575
236,matusalem,<code>matusalem</code>,2,0.0004575
236,meder,<code>meder</code>,2,0.0004575
236,mercurius,<code>mercurius</code>,2,0.0004575
236,middangeardas,<code>middangeardas</code>,2,0.0004575
236,mod,<code>mod</code>,2,0.0004575
236,moises,<code>moises</code>,2,0.0004575
236,mona,<code>mona</code>,2,0.0004575
236,mu&eth;e,<code>mu&amp;d;e</code>,2,0.0004575
236,myddaneardes,<code>myddaneardes</code>,2,0.0004575
236,nama,<code>nama</code>,2,0.0004575
236,nemde,<code>nemde</code>,2,0.0004575
236,nemna&eth;,<code>nemna&amp;d;</code>,2,0.0004575
236,neorxenawange,<code>neorxenawange</code>,2,0.0004575
236,nys,<code>nys</code>,2,0.0004575
236,o&eth;erne,<code>o&amp;d;erne</code>,2,0.0004575
236,o&eth;re,<code>o&amp;d;re</code>,2,0.0004575
236,o&eth;res,<code>o&amp;d;res</code>,2,0.0004575
236,ofsloh,<code>ofsloh</code>,2,0.0004575
236,petrus,<code>petrus</code>,2,0.0004575
236,proximi,<code>proximi</code>,2,0.0004575
236,reade,<code>reade</code>,2,0.0004575
236,s&aelig;ga,<code>s&amp;ae;ga</code>,2,0.0004575
236,sage,<code>sage</code>,2,0.0004575
236,salomon,<code>salomon</code>,2,0.0004575
236,sanctus,<code>sanctus</code>,2,0.0004575
236,scearpra,<code>scearpra</code>,2,0.0004575
236,scota&eth;,<code>scota&amp;d;</code>,2,0.0004575
236,scyn&eth;,<code>scyn&amp;d;</code>,2,0.0004575
236,scyne,<code>scyne</code>,2,0.0004575
236,sealte,<code>sealte</code>,2,0.0004575
236,sem,<code>sem</code>,2,0.0004575
236,seoca,<code>seoca</code>,2,0.0004575
236,seolfrenes,<code>seolfrenes</code>,2,0.0004575
236,seth,<code>seth</code>,2,0.0004575
236,sette,<code>sette</code>,2,0.0004575
236,stan,<code>stan</code>,2,0.0004575
236,stowum,<code>stowum</code>,2,0.0004575
236,str&aelig;lum,<code>str&amp;ae;lum</code>,2,0.0004575
236,strinde,<code>strinde</code>,2,0.0004575
236,swat,<code>swat</code>,2,0.0004575
236,sweordes,<code>sweordes</code>,2,0.0004575
236,swi&eth;ran,<code>swi&amp;d;ran</code>,2,0.0004575
236,swi&eth;re,<code>swi&amp;d;re</code>,2,0.0004575
236,tearas,<code>tearas</code>,2,0.0004575
236,tosomne,<code>tosomne</code>,2,0.0004575
236,treow,<code>treow</code>,2,0.0004575
236,tui,<code>tui</code>,2,0.0004575
236,tungan,<code>tungan</code>,2,0.0004575
236,twegen,<code>twegen</code>,2,0.0004575
236,tyda,<code>tyda</code>,2,0.0004575
236,ufan,<code>ufan</code>,2,0.0004575
236,unriht,<code>unriht</code>,2,0.0004575
236,ure,<code>ure</code>,2,0.0004575
236,ut,<code>ut</code>,2,0.0004575
236,utan,<code>utan</code>,2,0.0004575
236,w&aelig;pnes,<code>w&amp;ae;pnes</code>,2,0.0004575
236,w&aelig;tere,<code>w&amp;ae;tere</code>,2,0.0004575
236,weallendum,<code>weallendum</code>,2,0.0004575
236,wepa&eth;,<code>wepa&amp;d;</code>,2,0.0004575
236,wif,<code>wif</code>,2,0.0004575
236,wildeora,<code>wildeora</code>,2,0.0004575
236,win,<code>win</code>,2,0.0004575
236,wind,<code>wind</code>,2,0.0004575
236,winda,<code>winda</code>,2,0.0004575
236,wor&eth;,<code>wor&amp;d;</code>,2,0.0004575
236,worhte,<code>worhte</code>,2,0.0004575
236,wyf,<code>wyf</code>,2,0.0004575
236,wyrt,<code>wyrt</code>,2,0.0004575
236,xl,<code>xl</code>,2,0.0004575
236,xxviii,<code>xxviii</code>,2,0.0004575
236,ylde,<code>ylde</code>,2,0.0004575
236,yrre,<code>yrre</code>,2,0.0004575
420,&aelig;&eth;ung,<code>&amp;ae;&amp;d;ung</code>,1,0.0002287
420,&aelig;aldan,<code>&amp;ae;aldan</code>,1,0.0002287
420,&aelig;cxe,<code>&amp;ae;cxe</code>,1,0.0002287
420,&aelig;dran,<code>&amp;ae;dran</code>,1,0.0002287
420,&aelig;fteran,<code>&amp;ae;fteran</code>,1,0.0002287
420,&aelig;ftere,<code>&amp;ae;ftere</code>,1,0.0002287
420,&aelig;gesa,<code>&amp;ae;gesa</code>,1,0.0002287
420,&aelig;hta,<code>&amp;ae;hta</code>,1,0.0002287
420,&aelig;lcum,<code>&amp;ae;lcum</code>,1,0.0002287
420,&aelig;le,<code>&amp;ae;le</code>,1,0.0002287
420,&aelig;restan,<code>&amp;ae;restan</code>,1,0.0002287
420,&aelig;reste,<code>&amp;ae;reste</code>,1,0.0002287
420,&aelig;riende,<code>&amp;ae;riende</code>,1,0.0002287
420,&aelig;rnemorgien,<code>&amp;ae;rnemorgien</code>,1,0.0002287
420,&aelig;ror,<code>&amp;ae;ror</code>,1,0.0002287
420,&aelig;rustan,<code>&amp;ae;rustan</code>,1,0.0002287
420,&aelig;trenes,<code>&amp;ae;trenes</code>,1,0.0002287
420,&eth;,<code>&amp;d;</code>,1,0.0002287
420,&eth;&aelig;r,<code>&amp;d;&amp;ae;r</code>,1,0.0002287
420,&eth;&aelig;ra,<code>&amp;d;&amp;ae;ra</code>,1,0.0002287
420,&eth;&aelig;ron,<code>&amp;d;&amp;ae;ron</code>,1,0.0002287
420,&eth;as,<code>&amp;d;as</code>,1,0.0002287
420,&eth;eh,<code>&amp;d;eh</code>,1,0.0002287
420,&eth;eoda,<code>&amp;d;eoda</code>,1,0.0002287
420,&eth;eos,<code>&amp;d;eos</code>,1,0.0002287
420,&eth;eoses,<code>&amp;d;eoses</code>,1,0.0002287
420,&eth;eosum,<code>&amp;d;eosum</code>,1,0.0002287
420,&eth;eowan,<code>&amp;d;eowan</code>,1,0.0002287
420,&eth;i,<code>&amp;d;i</code>,1,0.0002287
420,&eth;inc,<code>&amp;d;inc</code>,1,0.0002287
420,&eth;ingum,<code>&amp;d;ingum</code>,1,0.0002287
420,&eth;iostro,<code>&amp;d;iostro</code>,1,0.0002287
420,&eth;isne,<code>&amp;d;isne</code>,1,0.0002287
420,&eth;issere,<code>&amp;d;issere</code>,1,0.0002287
420,&eth;olode,<code>&amp;d;olode</code>,1,0.0002287
420,&eth;reoteo&eth;an,<code>&amp;d;reoteo&amp;d;an</code>,1,0.0002287
420,&eth;ridda,<code>&amp;d;ridda</code>,1,0.0002287
420,&eth;riddan,<code>&amp;d;riddan</code>,1,0.0002287
420,&eth;rinisse,<code>&amp;d;rinisse</code>,1,0.0002287
420,&eth;ritiges,<code>&amp;d;ritiges</code>,1,0.0002287
420,&eth;rowunge,<code>&amp;d;rowunge</code>,1,0.0002287
420,&eth;rysce&eth;,<code>&amp;d;rysce&amp;d;</code>,1,0.0002287
420,&eth;unor,<code>&amp;d;unor</code>,1,0.0002287
420,&eth;urc,<code>&amp;d;urc</code>,1,0.0002287
420,&eth;us,<code>&amp;d;us</code>,1,0.0002287
420,&eth;usenda,<code>&amp;d;usenda</code>,1,0.0002287
420,&eth;usendu,<code>&amp;d;usendu</code>,1,0.0002287
420,&eth;ystres,<code>&amp;d;ystres</code>,1,0.0002287
420,&thorn;an,<code>&amp;t;an</code>,1,0.0002287
420,&thorn;ane,<code>&amp;t;ane</code>,1,0.0002287
420,&thorn;anne,<code>&amp;t;anne</code>,1,0.0002287
420,&thorn;are,<code>&amp;t;are</code>,1,0.0002287
420,&thorn;arin,<code>&amp;t;arin</code>,1,0.0002287
420,&thorn;eah,<code>&amp;t;eah</code>,1,0.0002287
420,&thorn;enode,<code>&amp;t;enode</code>,1,0.0002287
420,&thorn;eos,<code>&amp;t;eos</code>,1,0.0002287
420,&thorn;ere,<code>&amp;t;ere</code>,1,0.0002287
420,&thorn;ingum,<code>&amp;t;ingum</code>,1,0.0002287
420,&thorn;inre,<code>&amp;t;inre</code>,1,0.0002287
420,&thorn;reo,<code>&amp;t;reo</code>,1,0.0002287
420,&thorn;ri,<code>&amp;t;ri</code>,1,0.0002287
420,&thorn;ridde,<code>&amp;t;ridde</code>,1,0.0002287
420,&thorn;rie,<code>&amp;t;rie</code>,1,0.0002287
420,&thorn;rittine,<code>&amp;t;rittine</code>,1,0.0002287
420,&thorn;rowede,<code>&amp;t;rowede</code>,1,0.0002287
420,&thorn;rowian,<code>&amp;t;rowian</code>,1,0.0002287
420,&thorn;usenda,<code>&amp;t;usenda</code>,1,0.0002287
420,&thorn;y,<code>&amp;t;y</code>,1,0.0002287
420,a&eth;ohte,<code>a&amp;d;ohte</code>,1,0.0002287
420,aaron,<code>aaron</code>,1,0.0002287
420,abimelech,<code>abimelech</code>,1,0.0002287
420,abr&aelig;dde,<code>abr&amp;ae;dde</code>,1,0.0002287
420,abraham,<code>abraham</code>,1,0.0002287
420,abrahame,<code>abrahame</code>,1,0.0002287
420,abrahames,<code>abrahames</code>,1,0.0002287
420,abyrgde,<code>abyrgde</code>,1,0.0002287
420,adame,<code>adame</code>,1,0.0002287
420,addre,<code>addre</code>,1,0.0002287
420,adrianus,<code>adrianus</code>,1,0.0002287
420,adsumes,<code>adsumes</code>,1,0.0002287
420,adyfe&eth;,<code>adyfe&amp;d;</code>,1,0.0002287
420,aget,<code>aget</code>,1,0.0002287
420,agilte,<code>agilte</code>,1,0.0002287
420,alienos,<code>alienos</code>,1,0.0002287
420,ana,<code>ana</code>,1,0.0002287
420,ancran,<code>ancran</code>,1,0.0002287
420,andworc,<code>andworc</code>,1,0.0002287
420,anne,<code>anne</code>,1,0.0002287
420,annes,<code>annes</code>,1,0.0002287
420,ans&aelig;gdnesse,<code>ans&amp;ae;gdnesse</code>,1,0.0002287
420,antonius,<code>antonius</code>,1,0.0002287
420,anum,<code>anum</code>,1,0.0002287
420,apostolum,<code>apostolum</code>,1,0.0002287
420,ara,<code>ara</code>,1,0.0002287
420,arf&aelig;stes,<code>arf&amp;ae;stes</code>,1,0.0002287
420,arke,<code>arke</code>,1,0.0002287
420,arotholem,<code>arotholem</code>,1,0.0002287
420,arthox,<code>arthox</code>,1,0.0002287
420,asette,<code>asette</code>,1,0.0002287
420,aslerius,<code>aslerius</code>,1,0.0002287
420,aspyre&eth;,<code>aspyre&amp;d;</code>,1,0.0002287
420,aspyrian,<code>aspyrian</code>,1,0.0002287
420,ast&aelig;ned,<code>ast&amp;ae;ned</code>,1,0.0002287
420,astriges,<code>astriges</code>,1,0.0002287
420,asweolt,<code>asweolt</code>,1,0.0002287
420,atimbrode,<code>atimbrode</code>,1,0.0002287
420,atoles,<code>atoles</code>,1,0.0002287
420,aurum,<code>aurum</code>,1,0.0002287
420,awearp,<code>awearp</code>,1,0.0002287
420,awirge&eth;,<code>awirge&amp;d;</code>,1,0.0002287
420,awyrge&eth;,<code>awyrge&amp;d;</code>,1,0.0002287
420,b&aelig;arn,<code>b&amp;ae;arn</code>,1,0.0002287
420,b&aelig;rne&eth;,<code>b&amp;ae;rne&amp;d;</code>,1,0.0002287
420,bana,<code>bana</code>,1,0.0002287
420,be,<code>be</code>,1,0.0002287
420,beamas,<code>beamas</code>,1,0.0002287
420,bearnum,<code>bearnum</code>,1,0.0002287
420,bebiriged,<code>bebiriged</code>,1,0.0002287
420,bebode,<code>bebode</code>,1,0.0002287
420,beboden,<code>beboden</code>,1,0.0002287
420,bebyrged,<code>bebyrged</code>,1,0.0002287
420,bebyried,<code>bebyried</code>,1,0.0002287
420,bec,<code>bec</code>,1,0.0002287
420,becom,<code>becom</code>,1,0.0002287
420,behela&eth;,<code>behela&amp;d;</code>,1,0.0002287
420,belda,<code>belda</code>,1,0.0002287
420,belyfon,<code>belyfon</code>,1,0.0002287
420,beode,<code>beode</code>,1,0.0002287
420,beorhtran,<code>beorhtran</code>,1,0.0002287
420,beorhtre,<code>beorhtre</code>,1,0.0002287
420,betwih,<code>betwih</code>,1,0.0002287
420,betwinan,<code>betwinan</code>,1,0.0002287
420,betwix,<code>betwix</code>,1,0.0002287
420,beufan,<code>beufan</code>,1,0.0002287
420,binnan,<code>binnan</code>,1,0.0002287
420,bl&aelig;da,<code>bl&amp;ae;da</code>,1,0.0002287
420,bleow,<code>bleow</code>,1,0.0002287
420,blode,<code>blode</code>,1,0.0002287
420,blosmena,<code>blosmena</code>,1,0.0002287
420,blostma,<code>blostma</code>,1,0.0002287
420,blostman,<code>blostman</code>,1,0.0002287
420,blostmum,<code>blostmum</code>,1,0.0002287
420,bockinna,<code>bockinna</code>,1,0.0002287
420,bradran,<code>bradran</code>,1,0.0002287
420,bragene,<code>bragene</code>,1,0.0002287
420,brahhia,<code>brahhia</code>,1,0.0002287
420,breda,<code>breda</code>,1,0.0002287
420,bremles,<code>bremles</code>,1,0.0002287
420,breost,<code>breost</code>,1,0.0002287
420,bro&eth;er,<code>bro&amp;d;er</code>,1,0.0002287
420,brohte,<code>brohte</code>,1,0.0002287
420,burge,<code>burge</code>,1,0.0002287
420,buruh,<code>buruh</code>,1,0.0002287
420,butan,<code>butan</code>,1,0.0002287
420,byman,<code>byman</code>,1,0.0002287
420,bymena,<code>bymena</code>,1,0.0002287
420,byrgen,<code>byrgen</code>,1,0.0002287
420,byrne,<code>byrne</code>,1,0.0002287
420,byrnende,<code>byrnende</code>,1,0.0002287
420,c,<code>c</code>,1,0.0002287
420,c&aelig;astr&aelig;,<code>c&amp;ae;astr&amp;ae;</code>,1,0.0002287
420,canan,<code>canan</code>,1,0.0002287
420,cantic,<code>cantic</code>,1,0.0002287
420,cantices,<code>cantices</code>,1,0.0002287
420,catafluuia,<code>catafluuia</code>,1,0.0002287
420,cc,<code>cc</code>,1,0.0002287
420,cel&aelig;stium,<code>cel&amp;ae;stium</code>,1,0.0002287
420,cempena,<code>cempena</code>,1,0.0002287
420,cende,<code>cende</code>,1,0.0002287
420,chames,<code>chames</code>,1,0.0002287
420,cherubin,<code>cherubin</code>,1,0.0002287
420,cig,<code>cig</code>,1,0.0002287
420,cildes,<code>cildes</code>,1,0.0002287
420,cining,<code>cining</code>,1,0.0002287
420,columban,<code>columban</code>,1,0.0002287
420,compgimmum,<code>compgimmum</code>,1,0.0002287
420,coruus,<code>coruus</code>,1,0.0002287
420,criste,<code>criste</code>,1,0.0002287
420,cu&eth;,<code>cu&amp;d;</code>,1,0.0002287
420,cu&eth;ost,<code>cu&amp;d;ost</code>,1,0.0002287
420,culfre,<code>culfre</code>,1,0.0002287
420,cuma,<code>cuma</code>,1,0.0002287
420,cw&aelig;&thorn;,<code>cw&amp;ae;&amp;t;</code>,1,0.0002287
420,cw&aelig;den,<code>cw&amp;ae;den</code>,1,0.0002287
420,cwe&eth;endra,<code>cwe&amp;d;endra</code>,1,0.0002287
420,cweden,<code>cweden</code>,1,0.0002287
420,cx,<code>cx</code>,1,0.0002287
420,cym&eth;,<code>cym&amp;d;</code>,1,0.0002287
420,cyngbane,<code>cyngbane</code>,1,0.0002287
420,d&aelig;g,<code>d&amp;ae;g</code>,1,0.0002287
420,d&aelig;ges,<code>d&amp;ae;ges</code>,1,0.0002287
420,d&aelig;gum,<code>d&amp;ae;gum</code>,1,0.0002287
420,d&aelig;iges,<code>d&amp;ae;iges</code>,1,0.0002287
420,d&aelig;la,<code>d&amp;ae;la</code>,1,0.0002287
420,d&aelig;las,<code>d&amp;ae;las</code>,1,0.0002287
420,d&aelig;ldon,<code>d&amp;ae;ldon</code>,1,0.0002287
420,dagena,<code>dagena</code>,1,0.0002287
420,dalila,<code>dalila</code>,1,0.0002287
420,dauides,<code>dauides</code>,1,0.0002287
420,dcccc,<code>dcccc</code>,1,0.0002287
420,de&eth;,<code>de&amp;d;</code>,1,0.0002287
420,dea&eth;es,<code>dea&amp;d;es</code>,1,0.0002287
420,dead,<code>dead</code>,1,0.0002287
420,deadan,<code>deadan</code>,1,0.0002287
420,deade,<code>deade</code>,1,0.0002287
420,deaw,<code>deaw</code>,1,0.0002287
420,deawes,<code>deawes</code>,1,0.0002287
420,deofolgild,<code>deofolgild</code>,1,0.0002287
420,deoplicor,<code>deoplicor</code>,1,0.0002287
420,deopre,<code>deopre</code>,1,0.0002287
420,deora,<code>deora</code>,1,0.0002287
420,deos,<code>deos</code>,1,0.0002287
420,dohtra,<code>dohtra</code>,1,0.0002287
420,dom,<code>dom</code>,1,0.0002287
420,dome,<code>dome</code>,1,0.0002287
420,domes,<code>domes</code>,1,0.0002287
420,domescan,<code>domescan</code>,1,0.0002287
420,domesd&aelig;ig,<code>domesd&amp;ae;ig</code>,1,0.0002287
420,domini,<code>domini</code>,1,0.0002287
420,domlicor,<code>domlicor</code>,1,0.0002287
420,dracan,<code>dracan</code>,1,0.0002287
420,dranc,<code>dranc</code>,1,0.0002287
420,drife&eth;,<code>drife&amp;d;</code>,1,0.0002287
420,drige,<code>drige</code>,1,0.0002287
420,dry,<code>dry</code>,1,0.0002287
420,dryhtenlican,<code>dryhtenlican</code>,1,0.0002287
420,dryhtnes,<code>dryhtnes</code>,1,0.0002287
420,dumbe,<code>dumbe</code>,1,0.0002287
420,dun,<code>dun</code>,1,0.0002287
420,dux,<code>dux</code>,1,0.0002287
420,dwelia&eth;,<code>dwelia&amp;d;</code>,1,0.0002287
420,dyde,<code>dyde</code>,1,0.0002287
420,ea,<code>ea</code>,1,0.0002287
420,eagan,<code>eagan</code>,1,0.0002287
420,eagena,<code>eagena</code>,1,0.0002287
420,eahta,<code>eahta</code>,1,0.0002287
420,eahteo&eth;an,<code>eahteo&amp;d;an</code>,1,0.0002287
420,eahto&eth;e,<code>eahto&amp;d;e</code>,1,0.0002287
420,eald,<code>eald</code>,1,0.0002287
420,ealla,<code>ealla</code>,1,0.0002287
420,ealond,<code>ealond</code>,1,0.0002287
420,ealre,<code>ealre</code>,1,0.0002287
420,ean,<code>ean</code>,1,0.0002287
420,earc,<code>earc</code>,1,0.0002287
420,earce,<code>earce</code>,1,0.0002287
420,earda&eth;,<code>earda&amp;d;</code>,1,0.0002287
420,earmas,<code>earmas</code>,1,0.0002287
420,edniowe,<code>edniowe</code>,1,0.0002287
420,eeahteo&eth;an,<code>eeahteo&amp;d;an</code>,1,0.0002287
420,efen,<code>efen</code>,1,0.0002287
420,egipta,<code>egipta</code>,1,0.0002287
420,egyptum,<code>egyptum</code>,1,0.0002287
420,ehta,<code>ehta</code>,1,0.0002287
420,elias,<code>elias</code>,1,0.0002287
420,eliseus,<code>eliseus</code>,1,0.0002287
420,ende,<code>ende</code>,1,0.0002287
420,engelas,<code>engelas</code>,1,0.0002287
420,enleftan,<code>enleftan</code>,1,0.0002287
420,enoc,<code>enoc</code>,1,0.0002287
420,eondscynan,<code>eondscynan</code>,1,0.0002287
420,esoles,<code>esoles</code>,1,0.0002287
420,est,<code>est</code>,1,0.0002287
420,eufraten,<code>eufraten</code>,1,0.0002287
420,f&aelig;&eth;mum,<code>f&amp;ae;&amp;d;mum</code>,1,0.0002287
420,f&aelig;gernessa,<code>f&amp;ae;gernessa</code>,1,0.0002287
420,f&aelig;la,<code>f&amp;ae;la</code>,1,0.0002287
420,facta,<code>facta</code>,1,0.0002287
420,fala,<code>fala</code>,1,0.0002287
420,fane,<code>fane</code>,1,0.0002287
420,farbodenan,<code>farbodenan</code>,1,0.0002287
420,fe&eth;erhoma,<code>fe&amp;d;erhoma</code>,1,0.0002287
420,fe&eth;erhoman,<code>fe&amp;d;erhoman</code>,1,0.0002287
420,fe&eth;erum,<code>fe&amp;d;erum</code>,1,0.0002287
420,feax,<code>feax</code>,1,0.0002287
420,feaxe,<code>feaxe</code>,1,0.0002287
420,feda&eth;,<code>feda&amp;d;</code>,1,0.0002287
420,fedde,<code>fedde</code>,1,0.0002287
420,feder,<code>feder</code>,1,0.0002287
420,fegor,<code>fegor</code>,1,0.0002287
420,fell,<code>fell</code>,1,0.0002287
420,feond,<code>feond</code>,1,0.0002287
420,feowerteo&eth;an,<code>feowerteo&amp;d;an</code>,1,0.0002287
420,ferde,<code>ferde</code>,1,0.0002287
420,fersce,<code>fersce</code>,1,0.0002287
420,fet,<code>fet</code>,1,0.0002287
420,fettode,<code>fettode</code>,1,0.0002287
420,fiat,<code>fiat</code>,1,0.0002287
420,fictrew&aelig;s,<code>fictrew&amp;ae;s</code>,1,0.0002287
420,fiftan,<code>fiftan</code>,1,0.0002287
420,fifteo&eth;an,<code>fifteo&amp;d;an</code>,1,0.0002287
420,fiftig,<code>fiftig</code>,1,0.0002287
420,fingras,<code>fingras</code>,1,0.0002287
420,fir,<code>fir</code>,1,0.0002287
420,fisc,<code>fisc</code>,1,0.0002287
420,fisca,<code>fisca</code>,1,0.0002287
420,fisccynna,<code>fisccynna</code>,1,0.0002287
420,fisckinna,<code>fisckinna</code>,1,0.0002287
420,fison,<code>fison</code>,1,0.0002287
420,fixas,<code>fixas</code>,1,0.0002287
420,fl&aelig;sc,<code>fl&amp;ae;sc</code>,1,0.0002287
420,flan,<code>flan</code>,1,0.0002287
420,flesc,<code>flesc</code>,1,0.0002287
420,flowa&eth;,<code>flowa&amp;d;</code>,1,0.0002287
420,foldan,<code>foldan</code>,1,0.0002287
420,folmum,<code>folmum</code>,1,0.0002287
420,fonan,<code>fonan</code>,1,0.0002287
420,for&eth;,<code>for&amp;d;</code>,1,0.0002287
420,for&eth;eode,<code>for&amp;d;eode</code>,1,0.0002287
420,forgietenan,<code>forgietenan</code>,1,0.0002287
420,forme,<code>forme</code>,1,0.0002287
420,fr&aelig;twednessa,<code>fr&amp;ae;twednessa</code>,1,0.0002287
420,freond,<code>freond</code>,1,0.0002287
420,freondscype,<code>freondscype</code>,1,0.0002287
420,frigd&aelig;g,<code>frigd&amp;ae;g</code>,1,0.0002287
420,from,<code>from</code>,1,0.0002287
420,fryd&aelig;ig,<code>fryd&amp;ae;ig</code>,1,0.0002287
420,frym&eth;e,<code>frym&amp;d;e</code>,1,0.0002287
420,fugela,<code>fugela</code>,1,0.0002287
420,fugelas,<code>fugelas</code>,1,0.0002287
420,fugelcynna,<code>fugelcynna</code>,1,0.0002287
420,fugeles,<code>fugeles</code>,1,0.0002287
420,full,<code>full</code>,1,0.0002287
420,fulle,<code>fulle</code>,1,0.0002287
420,fylles,<code>fylles</code>,1,0.0002287
420,fyre,<code>fyre</code>,1,0.0002287
420,fyrenan,<code>fyrenan</code>,1,0.0002287
420,fyrene,<code>fyrene</code>,1,0.0002287
420,fyres,<code>fyres</code>,1,0.0002287
420,g&aelig;st,<code>g&amp;ae;st</code>,1,0.0002287
420,g&aelig;sta,<code>g&amp;ae;sta</code>,1,0.0002287
420,gabaon,<code>gabaon</code>,1,0.0002287
420,garita,<code>garita</code>,1,0.0002287
420,gast,<code>gast</code>,1,0.0002287
420,ge&eth;ang,<code>ge&amp;d;ang</code>,1,0.0002287
420,ge&eth;oht,<code>ge&amp;d;oht</code>,1,0.0002287
420,ge&eth;ohtes,<code>ge&amp;d;ohtes</code>,1,0.0002287
420,ge&eth;yn,<code>ge&amp;d;yn</code>,1,0.0002287
420,ge&thorn;anc,<code>ge&amp;t;anc</code>,1,0.0002287
420,ge&thorn;ingode,<code>ge&amp;t;ingode</code>,1,0.0002287
420,ge&thorn;w&aelig;rnisse,<code>ge&amp;t;w&amp;ae;rnisse</code>,1,0.0002287
420,gear,<code>gear</code>,1,0.0002287
420,gebringe&eth;,<code>gebringe&amp;d;</code>,1,0.0002287
420,gebyrtide,<code>gebyrtide</code>,1,0.0002287
420,gedrif,<code>gedrif</code>,1,0.0002287
420,gedrifen,<code>gedrifen</code>,1,0.0002287
420,gedryf,<code>gedryf</code>,1,0.0002287
420,gedyde,<code>gedyde</code>,1,0.0002287
420,gefeged,<code>gefeged</code>,1,0.0002287
420,gefeohte,<code>gefeohte</code>,1,0.0002287
420,gefeoll,<code>gefeoll</code>,1,0.0002287
420,gefera,<code>gefera</code>,1,0.0002287
420,gehaten,<code>gehaten</code>,1,0.0002287
420,gehleonian,<code>gehleonian</code>,1,0.0002287
420,gehwelc,<code>gehwelc</code>,1,0.0002287
420,gehwilc,<code>gehwilc</code>,1,0.0002287
420,gehwirfde,<code>gehwirfde</code>,1,0.0002287
420,gehyrsumnisse,<code>gehyrsumnisse</code>,1,0.0002287
420,gelomlice,<code>gelomlice</code>,1,0.0002287
420,gemanifealda&eth;,<code>gemanifealda&amp;d;</code>,1,0.0002287
420,gemanna,<code>gemanna</code>,1,0.0002287
420,gemenged,<code>gemenged</code>,1,0.0002287
420,gemetf&aelig;stra,<code>gemetf&amp;ae;stra</code>,1,0.0002287
420,gena,<code>gena</code>,1,0.0002287
420,genam,<code>genam</code>,1,0.0002287
420,genemned,<code>genemned</code>,1,0.0002287
420,genemnede,<code>genemnede</code>,1,0.0002287
420,genipu,<code>genipu</code>,1,0.0002287
420,geo,<code>geo</code>,1,0.0002287
420,geogo&eth;hade,<code>geogo&amp;d;hade</code>,1,0.0002287
420,geon,<code>geon</code>,1,0.0002287
420,geondhyrded,<code>geondhyrded</code>,1,0.0002287
420,ger,<code>ger</code>,1,0.0002287
420,gerecnesse,<code>gerecnesse</code>,1,0.0002287
420,gerimes,<code>gerimes</code>,1,0.0002287
420,gesceaftum,<code>gesceaftum</code>,1,0.0002287
420,gesceapu,<code>gesceapu</code>,1,0.0002287
420,gesceope,<code>gesceope</code>,1,0.0002287
420,gescyrped,<code>gescyrped</code>,1,0.0002287
420,gesend,<code>gesend</code>,1,0.0002287
420,geseon,<code>geseon</code>,1,0.0002287
420,gesette,<code>gesette</code>,1,0.0002287
420,gesih&eth;e,<code>gesih&amp;d;e</code>,1,0.0002287
420,gesihst,<code>gesihst</code>,1,0.0002287
420,gesingode,<code>gesingode</code>,1,0.0002287
420,gesomnode,<code>gesomnode</code>,1,0.0002287
420,gespyrre&eth;,<code>gespyrre&amp;d;</code>,1,0.0002287
420,gestandan,<code>gestandan</code>,1,0.0002287
420,gesund,<code>gesund</code>,1,0.0002287
420,geswince,<code>geswince</code>,1,0.0002287
420,getal,<code>getal</code>,1,0.0002287
420,getimbrode,<code>getimbrode</code>,1,0.0002287
420,getymbrod,<code>getymbrod</code>,1,0.0002287
420,gewealdum,<code>gewealdum</code>,1,0.0002287
420,gewihte,<code>gewihte</code>,1,0.0002287
420,gewinna&eth;,<code>gewinna&amp;d;</code>,1,0.0002287
420,gewiten,<code>gewiten</code>,1,0.0002287
420,gewitnysse,<code>gewitnysse</code>,1,0.0002287
420,gewiton,<code>gewiton</code>,1,0.0002287
420,geworden,<code>geworden</code>,1,0.0002287
420,gewringan,<code>gewringan</code>,1,0.0002287
420,gewur&eth;e,<code>gewur&amp;d;e</code>,1,0.0002287
420,gewurden,<code>gewurden</code>,1,0.0002287
420,gigant,<code>gigant</code>,1,0.0002287
420,gl&aelig;wnisse,<code>gl&amp;ae;wnisse</code>,1,0.0002287
420,gleng,<code>gleng</code>,1,0.0002287
420,gli&eth;,<code>gli&amp;d;</code>,1,0.0002287
420,goda,<code>goda</code>,1,0.0002287
420,gode,<code>gode</code>,1,0.0002287
420,godwebbum,<code>godwebbum</code>,1,0.0002287
420,godwebcynne,<code>godwebcynne</code>,1,0.0002287
420,goldes,<code>goldes</code>,1,0.0002287
420,grimme,<code>grimme</code>,1,0.0002287
420,gulliscan,<code>gulliscan</code>,1,0.0002287
420,gyfe,<code>gyfe</code>,1,0.0002287
420,gygand,<code>gygand</code>,1,0.0002287
420,gylden,<code>gylden</code>,1,0.0002287
420,gyldena,<code>gyldena</code>,1,0.0002287
420,gyldenes,<code>gyldenes</code>,1,0.0002287
420,gyldennes,<code>gyldennes</code>,1,0.0002287
420,gyldenra,<code>gyldenra</code>,1,0.0002287
420,gytsyenda,<code>gytsyenda</code>,1,0.0002287
420,h&aelig;ftnode,<code>h&amp;ae;ftnode</code>,1,0.0002287
420,h&aelig;m,<code>h&amp;ae;m</code>,1,0.0002287
420,habban,<code>habban</code>,1,0.0002287
420,habeas,<code>habeas</code>,1,0.0002287
420,habrahames,<code>habrahames</code>,1,0.0002287
420,hagol,<code>hagol</code>,1,0.0002287
420,halegan,<code>halegan</code>,1,0.0002287
420,halga,<code>halga</code>,1,0.0002287
420,haligan,<code>haligan</code>,1,0.0002287
420,haliges,<code>haliges</code>,1,0.0002287
420,hand,<code>hand</code>,1,0.0002287
420,hanga&eth;,<code>hanga&amp;d;</code>,1,0.0002287
420,hangode,<code>hangode</code>,1,0.0002287
420,heafde,<code>heafde</code>,1,0.0002287
420,heah,<code>heah</code>,1,0.0002287
420,heahf&aelig;der,<code>heahf&amp;ae;der</code>,1,0.0002287
420,healt,<code>healt</code>,1,0.0002287
420,hearre,<code>hearre</code>,1,0.0002287
420,hefegost,<code>hefegost</code>,1,0.0002287
420,hefogost,<code>hefogost</code>,1,0.0002287
420,hefones,<code>hefones</code>,1,0.0002287
420,heliam,<code>heliam</code>,1,0.0002287
420,helias,<code>helias</code>,1,0.0002287
420,heofon&aelig;s,<code>heofon&amp;ae;s</code>,1,0.0002287
420,heofonan,<code>heofonan</code>,1,0.0002287
420,heofone,<code>heofone</code>,1,0.0002287
420,heofonlicum,<code>heofonlicum</code>,1,0.0002287
420,heofonum,<code>heofonum</code>,1,0.0002287
420,heortan,<code>heortan</code>,1,0.0002287
420,her,<code>her</code>,1,0.0002287
420,hierusalem,<code>hierusalem</code>,1,0.0002287
420,hio,<code>hio</code>,1,0.0002287
420,hire,<code>hire</code>,1,0.0002287
420,hleo&eth;or,<code>hleo&amp;d;or</code>,1,0.0002287
420,hleo&eth;ra,<code>hleo&amp;d;ra</code>,1,0.0002287
420,hludre,<code>hludre</code>,1,0.0002287
420,hlutra,<code>hlutra</code>,1,0.0002287
420,holte,<code>holte</code>,1,0.0002287
420,horn,<code>horn</code>,1,0.0002287
420,hornas,<code>hornas</code>,1,0.0002287
420,hracan,<code>hracan</code>,1,0.0002287
420,hregel,<code>hregel</code>,1,0.0002287
420,hreuen,<code>hreuen</code>,1,0.0002287
420,hringa,<code>hringa</code>,1,0.0002287
420,hun&eth;,<code>hun&amp;d;</code>,1,0.0002287
420,hundred,<code>hundred</code>,1,0.0002287
420,hundseofontig,<code>hundseofontig</code>,1,0.0002287
420,hundtwelftig,<code>hundtwelftig</code>,1,0.0002287
420,hunig,<code>hunig</code>,1,0.0002287
420,huse,<code>huse</code>,1,0.0002287
420,hw&aelig;&eth;er,<code>hw&amp;ae;&amp;d;er</code>,1,0.0002287
420,hw&aelig;&eth;ere,<code>hw&amp;ae;&amp;d;ere</code>,1,0.0002287
420,hwader,<code>hwader</code>,1,0.0002287
420,hwer,<code>hwer</code>,1,0.0002287
420,hwi,<code>hwi</code>,1,0.0002287
420,hwilce,<code>hwilce</code>,1,0.0002287
420,hwilcere,<code>hwilcere</code>,1,0.0002287
420,hwilcne,<code>hwilcne</code>,1,0.0002287
420,hwit,<code>hwit</code>,1,0.0002287
420,hwommum,<code>hwommum</code>,1,0.0002287
420,hwylc,<code>hwylc</code>,1,0.0002287
420,hyne,<code>hyne</code>,1,0.0002287
420,hyrdenna,<code>hyrdenna</code>,1,0.0002287
420,iacobes,<code>iacobes</code>,1,0.0002287
420,iacobus,<code>iacobus</code>,1,0.0002287
420,iafe&eth;e,<code>iafe&amp;d;e</code>,1,0.0002287
420,iafe&eth;es,<code>iafe&amp;d;es</code>,1,0.0002287
420,iafet,<code>iafet</code>,1,0.0002287
420,iainta,<code>iainta</code>,1,0.0002287
420,iaitarecta,<code>iaitarecta</code>,1,0.0002287
420,iiiil,<code>iiiil</code>,1,0.0002287
420,innelfe,<code>innelfe</code>,1,0.0002287
420,inneweardne,<code>inneweardne</code>,1,0.0002287
420,intimphonis,<code>intimphonis</code>,1,0.0002287
420,iordanem,<code>iordanem</code>,1,0.0002287
420,iosue,<code>iosue</code>,1,0.0002287
420,irenan,<code>irenan</code>,1,0.0002287
420,isaces,<code>isaces</code>,1,0.0002287
420,isen,<code>isen</code>,1,0.0002287
420,ixc,<code>ixc</code>,1,0.0002287
420,kanones,<code>kanones</code>,1,0.0002287
420,kempena,<code>kempena</code>,1,0.0002287
420,ki&eth;,<code>ki&amp;d;</code>,1,0.0002287
420,kim&eth;,<code>kim&amp;d;</code>,1,0.0002287
420,kininges,<code>kininges</code>,1,0.0002287
420,kym&eth;,<code>kym&amp;d;</code>,1,0.0002287
420,kynna,<code>kynna</code>,1,0.0002287
420,l&aelig;ce,<code>l&amp;ae;ce</code>,1,0.0002287
420,l&aelig;nge,<code>l&amp;ae;nge</code>,1,0.0002287
420,la&eth;est,<code>la&amp;d;est</code>,1,0.0002287
420,lacum,<code>lacum</code>,1,0.0002287
420,lande,<code>lande</code>,1,0.0002287
420,leaf,<code>leaf</code>,1,0.0002287
420,leasa,<code>leasa</code>,1,0.0002287
420,lease,<code>lease</code>,1,0.0002287
420,lenge,<code>lenge</code>,1,0.0002287
420,lengo,<code>lengo</code>,1,0.0002287
420,leofust,<code>leofust</code>,1,0.0002287
420,leohtes,<code>leohtes</code>,1,0.0002287
420,leohtne,<code>leohtne</code>,1,0.0002287
420,leoma,<code>leoma</code>,1,0.0002287
420,leornyngcnihta,<code>leornyngcnihta</code>,1,0.0002287
420,lichoman,<code>lichoman</code>,1,0.0002287
420,licyge,<code>licyge</code>,1,0.0002287
420,life,<code>life</code>,1,0.0002287
420,lifes,<code>lifes</code>,1,0.0002287
420,lifigan,<code>lifigan</code>,1,0.0002287
420,liget,<code>liget</code>,1,0.0002287
420,ligetu,<code>ligetu</code>,1,0.0002287
420,lilian,<code>lilian</code>,1,0.0002287
420,lilige,<code>lilige</code>,1,0.0002287
420,linan,<code>linan</code>,1,0.0002287
420,line,<code>line</code>,1,0.0002287
420,liuigendan,<code>liuigendan</code>,1,0.0002287
420,loca&eth;,<code>loca&amp;d;</code>,1,0.0002287
420,locce,<code>locce</code>,1,0.0002287
420,loka&eth;,<code>loka&amp;d;</code>,1,0.0002287
420,longe,<code>longe</code>,1,0.0002287
420,lufa,<code>lufa</code>,1,0.0002287
420,lufian,<code>lufian</code>,1,0.0002287
420,lufode,<code>lufode</code>,1,0.0002287
420,lufu,<code>lufu</code>,1,0.0002287
420,lxx,<code>lxx</code>,1,0.0002287
420,lxxii,<code>lxxii</code>,1,0.0002287
420,lxxvii,<code>lxxvii</code>,1,0.0002287
420,lxxxii,<code>lxxxii</code>,1,0.0002287
420,lyfe,<code>lyfe</code>,1,0.0002287
420,lyftes,<code>lyftes</code>,1,0.0002287
420,m&aelig;gnes,<code>m&amp;ae;gnes</code>,1,0.0002287
420,malifica,<code>malifica</code>,1,0.0002287
420,manegum,<code>manegum</code>,1,0.0002287
420,manlican,<code>manlican</code>,1,0.0002287
420,mannum,<code>mannum</code>,1,0.0002287
420,mare,<code>mare</code>,1,0.0002287
420,mathusalem,<code>mathusalem</code>,1,0.0002287
420,mechaberis,<code>mechaberis</code>,1,0.0002287
420,melchisedech,<code>melchisedech</code>,1,0.0002287
420,meolc,<code>meolc</code>,1,0.0002287
420,mete,<code>mete</code>,1,0.0002287
420,mete&eth;,<code>mete&amp;d;</code>,1,0.0002287
420,micclan,<code>micclan</code>,1,0.0002287
420,miclan,<code>miclan</code>,1,0.0002287
420,middan,<code>middan</code>,1,0.0002287
420,middangerd,<code>middangerd</code>,1,0.0002287
420,midle,<code>midle</code>,1,0.0002287
420,mihhael,<code>mihhael</code>,1,0.0002287
420,mila,<code>mila</code>,1,0.0002287
420,mildra,<code>mildra</code>,1,0.0002287
420,mines,<code>mines</code>,1,0.0002287
420,minsymbrie,<code>minsymbrie</code>,1,0.0002287
420,modes,<code>modes</code>,1,0.0002287
420,monan,<code>monan</code>,1,0.0002287
420,moniges,<code>moniges</code>,1,0.0002287
420,morgemetten,<code>morgemetten</code>,1,0.0002287
420,morgen,<code>morgen</code>,1,0.0002287
420,morgene,<code>morgene</code>,1,0.0002287
420,mote,<code>mote</code>,1,0.0002287
420,munt,<code>munt</code>,1,0.0002287
420,mycel,<code>mycel</code>,1,0.0002287
420,myddaneard,<code>myddaneard</code>,1,0.0002287
420,myddaneardde,<code>myddaneardde</code>,1,0.0002287
420,mynster,<code>mynster</code>,1,0.0002287
420,myslycige,<code>myslycige</code>,1,0.0002287
420,myssenlicnys,<code>myssenlicnys</code>,1,0.0002287
420,n&aelig;dderkinna,<code>n&amp;ae;dderkinna</code>,1,0.0002287
420,n&aelig;ddran,<code>n&amp;ae;ddran</code>,1,0.0002287
420,n&aelig;ddre,<code>n&amp;ae;ddre</code>,1,0.0002287
420,n&aelig;nygum,<code>n&amp;ae;nygum</code>,1,0.0002287
420,n&aelig;re,<code>n&amp;ae;re</code>,1,0.0002287
420,n&aelig;ron,<code>n&amp;ae;ron</code>,1,0.0002287
420,n&aelig;s,<code>n&amp;ae;s</code>,1,0.0002287
420,na&eth;er,<code>na&amp;d;er</code>,1,0.0002287
420,nafa&eth;,<code>nafa&amp;d;</code>,1,0.0002287
420,nam,<code>nam</code>,1,0.0002287
420,nane,<code>nane</code>,1,0.0002287
420,nang,<code>nang</code>,1,0.0002287
420,nanwyht,<code>nanwyht</code>,1,0.0002287
420,neah,<code>neah</code>,1,0.0002287
420,nemned,<code>nemned</code>,1,0.0002287
420,nemnede,<code>nemnede</code>,1,0.0002287
420,neo&eth;an,<code>neo&amp;d;an</code>,1,0.0002287
420,neod&thorn;&aelig;rfe,<code>neod&amp;t;&amp;ae;rfe</code>,1,0.0002287
420,neorxnawang,<code>neorxnawang</code>,1,0.0002287
420,neorxnawange,<code>neorxnawange</code>,1,0.0002287
420,neorxnawonges,<code>neorxnawonges</code>,1,0.0002287
420,neowelnysse,<code>neowelnysse</code>,1,0.0002287
420,nieten,<code>nieten</code>,1,0.0002287
420,niht,<code>niht</code>,1,0.0002287
420,nihta,<code>nihta</code>,1,0.0002287
420,niniuem,<code>niniuem</code>,1,0.0002287
420,niogonteo&eth;an,<code>niogonteo&amp;d;an</code>,1,0.0002287
420,niwan,<code>niwan</code>,1,0.0002287
420,nomen,<code>nomen</code>,1,0.0002287
420,nonmettum,<code>nonmettum</code>,1,0.0002287
420,nygo&eth;an,<code>nygo&amp;d;an</code>,1,0.0002287
420,nytenu,<code>nytenu</code>,1,0.0002287
420,o&eth;ra,<code>o&amp;d;ra</code>,1,0.0002287
420,o&thorn;re,<code>o&amp;t;re</code>,1,0.0002287
420,occides,<code>occides</code>,1,0.0002287
420,ofbr&aelig;ded,<code>ofbr&amp;ae;ded</code>,1,0.0002287
420,oferfar,<code>oferfar</code>,1,0.0002287
420,ofergesette,<code>ofergesette</code>,1,0.0002287
420,oferhleo&eth;ra&eth;,<code>oferhleo&amp;d;ra&amp;d;</code>,1,0.0002287
420,ofermodignisse,<code>ofermodignisse</code>,1,0.0002287
420,oferworht,<code>oferworht</code>,1,0.0002287
420,ofslea&eth;,<code>ofslea&amp;d;</code>,1,0.0002287
420,olla,<code>olla</code>,1,0.0002287
420,ollibania,<code>ollibania</code>,1,0.0002287
420,ollina,<code>ollina</code>,1,0.0002287
420,omnia,<code>omnia</code>,1,0.0002287
420,on&aelig;led,<code>on&amp;ae;led</code>,1,0.0002287
420,onginne,<code>onginne</code>,1,0.0002287
420,onlicnes,<code>onlicnes</code>,1,0.0002287
420,onlicnis,<code>onlicnis</code>,1,0.0002287
420,onscuna&eth;,<code>onscuna&amp;d;</code>,1,0.0002287
420,onstod,<code>onstod</code>,1,0.0002287
420,ordas,<code>ordas</code>,1,0.0002287
420,organ,<code>organ</code>,1,0.0002287
420,paraclitum,<code>paraclitum</code>,1,0.0002287
420,pastoralices,<code>pastoralices</code>,1,0.0002287
420,paulus,<code>paulus</code>,1,0.0002287
420,perpetua,<code>perpetua</code>,1,0.0002287
420,plantode,<code>plantode</code>,1,0.0002287
420,punda,<code>punda</code>,1,0.0002287
420,r&aelig;ccenteage,<code>r&amp;ae;ccenteage</code>,1,0.0002287
420,racenteage,<code>racenteage</code>,1,0.0002287
420,re&eth;ra,<code>re&amp;d;ra</code>,1,0.0002287
420,readan,<code>readan</code>,1,0.0002287
420,regn,<code>regn</code>,1,0.0002287
420,rem,<code>rem</code>,1,0.0002287
420,resta&eth;,<code>resta&amp;d;</code>,1,0.0002287
420,reste&eth;,<code>reste&amp;d;</code>,1,0.0002287
420,restend&aelig;g,<code>restend&amp;ae;g</code>,1,0.0002287
420,ribb,<code>ribb</code>,1,0.0002287
420,rice,<code>rice</code>,1,0.0002287
420,rihwisnisse,<code>rihwisnisse</code>,1,0.0002287
420,rinan,<code>rinan</code>,1,0.0002287
420,ritheus,<code>ritheus</code>,1,0.0002287
420,rumiel,<code>rumiel</code>,1,0.0002287
420,s&aelig;cge,<code>s&amp;ae;cge</code>,1,0.0002287
420,s&aelig;de,<code>s&amp;ae;de</code>,1,0.0002287
420,s&aelig;ge,<code>s&amp;ae;ge</code>,1,0.0002287
420,s&aelig;t,<code>s&amp;ae;t</code>,1,0.0002287
420,s&aelig;tl,<code>s&amp;ae;tl</code>,1,0.0002287
420,s&aelig;tle,<code>s&amp;ae;tle</code>,1,0.0002287
420,s&aelig;tt,<code>s&amp;ae;tt</code>,1,0.0002287
420,sacrificium,<code>sacrificium</code>,1,0.0002287
420,salomane,<code>salomane</code>,1,0.0002287
420,samlice,<code>samlice</code>,1,0.0002287
420,samuel,<code>samuel</code>,1,0.0002287
420,sancta,<code>sancta</code>,1,0.0002287
420,satan,<code>satan</code>,1,0.0002287
420,sathiel,<code>sathiel</code>,1,0.0002287
420,saula,<code>saula</code>,1,0.0002287
420,sawle,<code>sawle</code>,1,0.0002287
420,scean,<code>scean</code>,1,0.0002287
420,sceanfelda,<code>sceanfelda</code>,1,0.0002287
420,sceole,<code>sceole</code>,1,0.0002287
420,scyldiges,<code>scyldiges</code>,1,0.0002287
420,scyne&eth;,<code>scyne&amp;d;</code>,1,0.0002287
420,sealtes,<code>sealtes</code>,1,0.0002287
420,sece&eth;,<code>sece&amp;d;</code>,1,0.0002287
420,sefa,<code>sefa</code>,1,0.0002287
420,seme,<code>seme</code>,1,0.0002287
420,seofo&eth;an,<code>seofo&amp;d;an</code>,1,0.0002287
420,seofo&eth;e,<code>seofo&amp;d;e</code>,1,0.0002287
420,seofo&eth;o,<code>seofo&amp;d;o</code>,1,0.0002287
420,seofonteo&eth;an,<code>seofonteo&amp;d;an</code>,1,0.0002287
420,seolfre,<code>seolfre</code>,1,0.0002287
420,seolfres,<code>seolfres</code>,1,0.0002287
420,seraphin,<code>seraphin</code>,1,0.0002287
420,sete,<code>sete</code>,1,0.0002287
420,sidan,<code>sidan</code>,1,0.0002287
420,siendon,<code>siendon</code>,1,0.0002287
420,sigef&aelig;stnissa,<code>sigef&amp;ae;stnissa</code>,1,0.0002287
420,simfelda,<code>simfelda</code>,1,0.0002287
420,sinderlice,<code>sinderlice</code>,1,0.0002287
420,six,<code>six</code>,1,0.0002287
420,sixtan,<code>sixtan</code>,1,0.0002287
420,sixteo&eth;an,<code>sixteo&amp;d;an</code>,1,0.0002287
420,slege,<code>slege</code>,1,0.0002287
420,sleges,<code>sleges</code>,1,0.0002287
420,sleh,<code>sleh</code>,1,0.0002287
420,slep&eth;,<code>slep&amp;d;</code>,1,0.0002287
420,snaw,<code>snaw</code>,1,0.0002287
420,snyttro,<code>snyttro</code>,1,0.0002287
420,solacitum,<code>solacitum</code>,1,0.0002287
420,spiritum,<code>spiritum</code>,1,0.0002287
420,sprecende,<code>sprecende</code>,1,0.0002287
420,spryngdra,<code>spryngdra</code>,1,0.0002287
420,stafas,<code>stafas</code>,1,0.0002287
420,stala,<code>stala</code>,1,0.0002287
420,stanas,<code>stanas</code>,1,0.0002287
420,stef,<code>stef</code>,1,0.0002287
420,stefen,<code>stefen</code>,1,0.0002287
420,stencas,<code>stencas</code>,1,0.0002287
420,steorrum,<code>steorrum</code>,1,0.0002287
420,stille&eth;,<code>stille&amp;d;</code>,1,0.0002287
420,stod,<code>stod</code>,1,0.0002287
420,str&aelig;les,<code>str&amp;ae;les</code>,1,0.0002287
420,streamas,<code>streamas</code>,1,0.0002287
420,streng&thorn;e,<code>streng&amp;t;e</code>,1,0.0002287
420,sul,<code>sul</code>,1,0.0002287
420,suna,<code>suna</code>,1,0.0002287
420,sunena,<code>sunena</code>,1,0.0002287
420,sunnan,<code>sunnan</code>,1,0.0002287
420,sweart,<code>sweart</code>,1,0.0002287
420,swefnes,<code>swefnes</code>,1,0.0002287
420,swete,<code>swete</code>,1,0.0002287
420,swetnissa,<code>swetnissa</code>,1,0.0002287
420,swi&eth;e,<code>swi&amp;d;e</code>,1,0.0002287
420,swi&eth;modnisse,<code>swi&amp;d;modnisse</code>,1,0.0002287
420,swilt,<code>swilt</code>,1,0.0002287
420,swyftra,<code>swyftra</code>,1,0.0002287
420,sy&eth;&eth;an,<code>sy&amp;d;&amp;d;an</code>,1,0.0002287
420,sybbe,<code>sybbe</code>,1,0.0002287
420,sylf,<code>sylf</code>,1,0.0002287
420,sylfren,<code>sylfren</code>,1,0.0002287
420,syllan,<code>syllan</code>,1,0.0002287
420,synna,<code>synna</code>,1,0.0002287
420,synt,<code>synt</code>,1,0.0002287
420,syxste,<code>syxste</code>,1,0.0002287
420,syxte,<code>syxte</code>,1,0.0002287
420,syxtig,<code>syxtig</code>,1,0.0002287
420,tacna&eth;,<code>tacna&amp;d;</code>,1,0.0002287
420,temple,<code>temple</code>,1,0.0002287
420,teo&eth;an,<code>teo&amp;d;an</code>,1,0.0002287
420,tin,<code>tin</code>,1,0.0002287
420,tind,<code>tind</code>,1,0.0002287
420,tindas,<code>tindas</code>,1,0.0002287
420,to&eth;a,<code>to&amp;d;a</code>,1,0.0002287
420,tod&aelig;ldon,<code>tod&amp;ae;ldon</code>,1,0.0002287
420,togegnes,<code>togegnes</code>,1,0.0002287
420,tokyme,<code>tokyme</code>,1,0.0002287
420,treowa,<code>treowa</code>,1,0.0002287
420,treowcinne,<code>treowcinne</code>,1,0.0002287
420,tunglon,<code>tunglon</code>,1,0.0002287
420,tungol,<code>tungol</code>,1,0.0002287
420,twege,<code>twege</code>,1,0.0002287
420,twelf,<code>twelf</code>,1,0.0002287
420,twelftan,<code>twelftan</code>,1,0.0002287
420,twyna&eth;,<code>twyna&amp;d;</code>,1,0.0002287
420,tygres,<code>tygres</code>,1,0.0002287
420,uanum,<code>uanum</code>,1,0.0002287
420,uita,<code>uita</code>,1,0.0002287
420,uncl&aelig;ne,<code>uncl&amp;ae;ne</code>,1,0.0002287
420,uncwe&eth;endra,<code>uncwe&amp;d;endra</code>,1,0.0002287
420,under,<code>under</code>,1,0.0002287
420,ungelic,<code>ungelic</code>,1,0.0002287
420,ungesenodes,<code>ungesenodes</code>,1,0.0002287
420,unrihte,<code>unrihte</code>,1,0.0002287
420,unrote,<code>unrote</code>,1,0.0002287
420,unscildine,<code>unscildine</code>,1,0.0002287
420,unsta&eth;elf&aelig;stnes,<code>unsta&amp;d;elf&amp;ae;stnes</code>,1,0.0002287
420,upg&aelig;&eth;,<code>upg&amp;ae;&amp;d;</code>,1,0.0002287
420,uppe,<code>uppe</code>,1,0.0002287
420,uriel,<code>uriel</code>,1,0.0002287
420,us,<code>us</code>,1,0.0002287
420,uxorem,<code>uxorem</code>,1,0.0002287
420,vc,<code>vc</code>,1,0.0002287
420,viperus,<code>viperus</code>,1,0.0002287
420,w&aelig;pnedkinnes,<code>w&amp;ae;pnedkinnes</code>,1,0.0002287
420,w&aelig;pnum,<code>w&amp;ae;pnum</code>,1,0.0002287
420,w&aelig;tera,<code>w&amp;ae;tera</code>,1,0.0002287
420,w&aelig;trum,<code>w&amp;ae;trum</code>,1,0.0002287
420,water,<code>water</code>,1,0.0002287
420,watere,<code>watere</code>,1,0.0002287
420,wateres,<code>wateres</code>,1,0.0002287
420,watra,<code>watra</code>,1,0.0002287
420,wear&eth;,<code>wear&amp;d;</code>,1,0.0002287
420,wearp,<code>wearp</code>,1,0.0002287
420,weax&aelig;ples,<code>weax&amp;ae;ples</code>,1,0.0002287
420,welena,<code>welena</code>,1,0.0002287
420,werga&eth;,<code>werga&amp;d;</code>,1,0.0002287
420,westen,<code>westen</code>,1,0.0002287
420,westenne,<code>westenne</code>,1,0.0002287
420,wi&eth;,<code>wi&amp;d;</code>,1,0.0002287
420,wid,<code>wid</code>,1,0.0002287
420,wifes,<code>wifes</code>,1,0.0002287
420,wifkinnes,<code>wifkinnes</code>,1,0.0002287
420,wihta,<code>wihta</code>,1,0.0002287
420,wildeores,<code>wildeores</code>,1,0.0002287
420,wile,<code>wile</code>,1,0.0002287
420,willa,<code>willa</code>,1,0.0002287
420,windas,<code>windas</code>,1,0.0002287
420,winde,<code>winde</code>,1,0.0002287
420,windes,<code>windes</code>,1,0.0002287
420,wineardas,<code>wineardas</code>,1,0.0002287
420,wingeard,<code>wingeard</code>,1,0.0002287
420,winstran,<code>winstran</code>,1,0.0002287
420,wintreow,<code>wintreow</code>,1,0.0002287
420,wisdom,<code>wisdom</code>,1,0.0002287
420,witanne,<code>witanne</code>,1,0.0002287
420,wite,<code>wite</code>,1,0.0002287
420,witega,<code>witega</code>,1,0.0002287
420,witegode,<code>witegode</code>,1,0.0002287
420,witu,<code>witu</code>,1,0.0002287
420,wlitige,<code>wlitige</code>,1,0.0002287
420,wolcnes,<code>wolcnes</code>,1,0.0002287
420,wordon,<code>wordon</code>,1,0.0002287
420,woruld,<code>woruld</code>,1,0.0002287
420,wr&aelig;ce,<code>wr&amp;ae;ce</code>,1,0.0002287
420,wrat,<code>wrat</code>,1,0.0002287
420,wrohte,<code>wrohte</code>,1,0.0002287
420,wucena,<code>wucena</code>,1,0.0002287
420,wulfes,<code>wulfes</code>,1,0.0002287
420,wunia&eth;,<code>wunia&amp;d;</code>,1,0.0002287
420,wur&eth;edon,<code>wur&amp;d;edon</code>,1,0.0002287
420,wurd,<code>wurd</code>,1,0.0002287
420,wy&eth;,<code>wy&amp;d;</code>,1,0.0002287
420,wy&eth;socon,<code>wy&amp;d;socon</code>,1,0.0002287
420,wyfes,<code>wyfes</code>,1,0.0002287
420,wynstre,<code>wynstre</code>,1,0.0002287
420,wyrde&eth;,<code>wyrde&amp;d;</code>,1,0.0002287
420,wyrhtan,<code>wyrhtan</code>,1,0.0002287
420,xiiii,<code>xiiii</code>,1,0.0002287
420,xvi,<code>xvi</code>,1,0.0002287
420,xviii,<code>xviii</code>,1,0.0002287
420,xxi,<code>xxi</code>,1,0.0002287
420,xxii,<code>xxii</code>,1,0.0002287
420,xxiii,<code>xxiii</code>,1,0.0002287
420,xxiiii,<code>xxiiii</code>,1,0.0002287
420,xxv,<code>xxv</code>,1,0.0002287
420,xxvi,<code>xxvi</code>,1,0.0002287
420,xxvii,<code>xxvii</code>,1,0.0002287
420,xxxiii,<code>xxxiii</code>,1,0.0002287
420,ydel,<code>ydel</code>,1,0.0002287
420,yfeles,<code>yfeles</code>,1,0.0002287
420,yfles,<code>yfles</code>,1,0.0002287
420,yldestan,<code>yldestan</code>,1,0.0002287
420,yldo,<code>yldo</code>,1,0.0002287
420,yldon,<code>yldon</code>,1,0.0002287
420,ymb,<code>ymb</code>,1,0.0002287
420,ymbe,<code>ymbe</code>,1,0.0002287
420,ymbehwyrft,<code>ymbehwyrft</code>,1,0.0002287
420,ymbf&aelig;&eth;man,<code>ymbf&amp;ae;&amp;d;man</code>,1,0.0002287
420,ymbhangen,<code>ymbhangen</code>,1,0.0002287
420,ymblicggan,<code>ymblicggan</code>,1,0.0002287
420,ynca,<code>ynca</code>,1,0.0002287
420,yrm&eth;e,<code>yrm&amp;d;e</code>,1,0.0002287
420,ysen,<code>ysen</code>,1,0.0002287
