B_Prose,B07,930,656,2312
RANK,HTML WORD,RAW WORD,COUNT,RELATIVE FREQUENCY
1,ne,<code>ne</code>,77,0.0333045
2,&thorn;&aelig;t,<code>&amp;t;&amp;ae;t</code>,67,0.0289792
3,&amp;,<code>&amp;amp;</code>,66,0.0285467
4,&thorn;e,<code>&amp;t;e</code>,65,0.0281142
5,&eth;u,<code>&amp;d;u</code>,55,0.0237889
6,&eth;e,<code>&amp;d;e</code>,54,0.0233564
7,&thorn;u,<code>&amp;t;u</code>,50,0.0216263
8,to,<code>to</code>,38,0.0164360
9,gif,<code>gif</code>,29,0.0125433
9,he,<code>he</code>,29,0.0125433
11,&thorn;onne,<code>&amp;t;onne</code>,25,0.0108131
12,hit,<code>hit</code>,24,0.0103806
12,mon,<code>mon</code>,24,0.0103806
12,on,<code>on</code>,24,0.0103806
15,bi&eth;,<code>bi&amp;d;</code>,21,0.0090830
15,his,<code>his</code>,21,0.0090830
17,&thorn;eah,<code>&amp;t;eah</code>,16,0.0069204
17,him,<code>him</code>,16,0.0069204
17,se,<code>se</code>,16,0.0069204
20,&eth;onne,<code>&amp;d;onne</code>,15,0.0064879
20,&thorn;a,<code>&amp;t;a</code>,15,0.0064879
20,swa,<code>swa</code>,15,0.0064879
23,monnes,<code>monnes</code>,12,0.0051903
23,swi&eth;e,<code>swi&amp;d;e</code>,12,0.0051903
25,hie,<code>hie</code>,11,0.0047578
25,no,<code>no</code>,11,0.0047578
25,sie,<code>sie</code>,11,0.0047578
28,&eth;&aelig;t,<code>&amp;d;&amp;ae;t</code>,10,0.0043253
28,&thorn;&aelig;s,<code>&amp;t;&amp;ae;s</code>,10,0.0043253
28,beo,<code>beo</code>,10,0.0043253
28,for&eth;am,<code>for&amp;d;am</code>,10,0.0043253
28,h&aelig;bbe,<code>h&amp;ae;bbe</code>,10,0.0043253
28,menn,<code>menn</code>,10,0.0043253
28,mid,<code>mid</code>,10,0.0043253
28,monn,<code>monn</code>,10,0.0043253
28,oft,<code>oft</code>,10,0.0043253
37,&aelig;t,<code>&amp;ae;t</code>,9,0.0038927
37,ac,<code>ac</code>,9,0.0038927
37,gode,<code>gode</code>,9,0.0038927
37,hine,<code>hine</code>,9,0.0038927
41,&eth;eah,<code>&amp;d;eah</code>,8,0.0034602
41,buton,<code>buton</code>,8,0.0034602
41,is,<code>is</code>,8,0.0034602
44,&thorn;one,<code>&amp;t;one</code>,7,0.0030277
44,for,<code>for</code>,7,0.0030277
44,heo,<code>heo</code>,7,0.0030277
44,m&aelig;ge,<code>m&amp;ae;ge</code>,7,0.0030277
44,sylfne,<code>sylfne</code>,7,0.0030277
44,wi&eth;,<code>wi&amp;d;</code>,7,0.0030277
50,&aelig;lc,<code>&amp;ae;lc</code>,6,0.0025952
50,&aelig;r,<code>&amp;ae;r</code>,6,0.0025952
50,&eth;y,<code>&amp;d;y</code>,6,0.0025952
50,dysig,<code>dysig</code>,6,0.0025952
50,eac,<code>eac</code>,6,0.0025952
50,h&aelig;f&eth;,<code>h&amp;ae;f&amp;d;</code>,6,0.0025952
50,heafdu,<code>heafdu</code>,6,0.0025952
50,heafod,<code>heafod</code>,6,0.0025952
50,ondr&aelig;t,<code>ondr&amp;ae;t</code>,6,0.0025952
50,sume,<code>sume</code>,6,0.0025952
50,wite,<code>wite</code>,6,0.0025952
61,&aelig;lces,<code>&amp;ae;lces</code>,5,0.0021626
61,&eth;&aelig;s,<code>&amp;d;&amp;ae;s</code>,5,0.0021626
61,&eth;am,<code>&amp;d;am</code>,5,0.0021626
61,&thorn;&aelig;r,<code>&amp;t;&amp;ae;r</code>,5,0.0021626
61,&thorn;in,<code>&amp;t;in</code>,5,0.0021626
61,a,<code>a</code>,5,0.0021626
61,be,<code>be</code>,5,0.0021626
61,for&thorn;am,<code>for&amp;t;am</code>,5,0.0021626
61,hlaford,<code>hlaford</code>,5,0.0021626
61,m&aelig;g,<code>m&amp;ae;g</code>,5,0.0021626
61,monig,<code>monig</code>,5,0.0021626
61,seo,<code>seo</code>,5,0.0021626
61,weg,<code>weg</code>,5,0.0021626
74,&aelig;fter,<code>&amp;ae;fter</code>,4,0.0017301
74,&aelig;g&eth;er,<code>&amp;ae;g&amp;d;er</code>,4,0.0017301
74,&eth;a,<code>&amp;d;a</code>,4,0.0017301
74,&thorn;am,<code>&amp;t;am</code>,4,0.0017301
74,&thorn;y,<code>&amp;t;y</code>,4,0.0017301
74,anum,<code>anum</code>,4,0.0017301
74,bodig,<code>bodig</code>,4,0.0017301
74,by&eth;,<code>by&amp;d;</code>,4,0.0017301
74,cr&aelig;ft,<code>cr&amp;ae;ft</code>,4,0.0017301
74,cunne,<code>cunne</code>,4,0.0017301
74,dea&eth;,<code>dea&amp;d;</code>,4,0.0017301
74,do,<code>do</code>,4,0.0017301
74,ealne,<code>ealne</code>,4,0.0017301
74,ge,<code>ge</code>,4,0.0017301
74,ge&thorn;enc,<code>ge&amp;t;enc</code>,4,0.0017301
74,god,<code>god</code>,4,0.0017301
74,habban,<code>habban</code>,4,0.0017301
74,hu,<code>hu</code>,4,0.0017301
74,hw&aelig;t,<code>hw&amp;ae;t</code>,4,0.0017301
74,hwilum,<code>hwilum</code>,4,0.0017301
74,l&aelig;s,<code>l&amp;ae;s</code>,4,0.0017301
74,lica&eth;,<code>lica&amp;d;</code>,4,0.0017301
74,ma,<code>ma</code>,4,0.0017301
74,manegum,<code>manegum</code>,4,0.0017301
74,n&aelig;fre,<code>n&amp;ae;fre</code>,4,0.0017301
74,nan,<code>nan</code>,4,0.0017301
74,sceal,<code>sceal</code>,4,0.0017301
74,wel,<code>wel</code>,4,0.0017301
74,wille,<code>wille</code>,4,0.0017301
74,wit,<code>wit</code>,4,0.0017301
104,&aelig;fre,<code>&amp;ae;fre</code>,3,0.0012976
104,&eth;&aelig;re,<code>&amp;d;&amp;ae;re</code>,3,0.0012976
104,&thorn;&aelig;re,<code>&amp;t;&amp;ae;re</code>,3,0.0012976
104,&thorn;ara,<code>&amp;t;ara</code>,3,0.0012976
104,&thorn;ine,<code>&amp;t;ine</code>,3,0.0012976
104,&thorn;ines,<code>&amp;t;ines</code>,3,0.0012976
104,&thorn;inum,<code>&amp;t;inum</code>,3,0.0012976
104,an,<code>an</code>,3,0.0012976
104,anes,<code>anes</code>,3,0.0012976
104,bion,<code>bion</code>,3,0.0012976
104,butan,<code>butan</code>,3,0.0012976
104,ea&eth;e,<code>ea&amp;d;e</code>,3,0.0012976
104,eft,<code>eft</code>,3,0.0012976
104,for&thorn;on,<code>for&amp;t;on</code>,3,0.0012976
104,forl&aelig;t,<code>forl&amp;ae;t</code>,3,0.0012976
104,ge&eth;afian,<code>ge&amp;d;afian</code>,3,0.0012976
104,ge&eth;olian,<code>ge&amp;d;olian</code>,3,0.0012976
104,gemetlice,<code>gemetlice</code>,3,0.0012976
104,georne,<code>georne</code>,3,0.0012976
104,heora,<code>heora</code>,3,0.0012976
104,hi,<code>hi</code>,3,0.0012976
104,hwile,<code>hwile</code>,3,0.0012976
104,lytel,<code>lytel</code>,3,0.0012976
104,man,<code>man</code>,3,0.0012976
104,mann,<code>mann</code>,3,0.0012976
104,manna,<code>manna</code>,3,0.0012976
104,meaht,<code>meaht</code>,3,0.0012976
104,nanum,<code>nanum</code>,3,0.0012976
104,o&eth;&eth;e,<code>o&amp;d;&amp;d;e</code>,3,0.0012976
104,o&eth;er,<code>o&amp;d;er</code>,3,0.0012976
104,o&eth;res,<code>o&amp;d;res</code>,3,0.0012976
104,o&eth;rum,<code>o&amp;d;rum</code>,3,0.0012976
104,o&thorn;res,<code>o&amp;t;res</code>,3,0.0012976
104,ofer,<code>ofer</code>,3,0.0012976
104,ondr&aelig;d,<code>ondr&amp;ae;d</code>,3,0.0012976
104,s&aelig;,<code>s&amp;ae;</code>,3,0.0012976
104,s&aelig;de,<code>s&amp;ae;de</code>,3,0.0012976
104,scealt,<code>scealt</code>,3,0.0012976
104,scyle,<code>scyle</code>,3,0.0012976
104,sio,<code>sio</code>,3,0.0012976
104,swylce,<code>swylce</code>,3,0.0012976
104,sylf,<code>sylf</code>,3,0.0012976
104,uncu&eth;,<code>uncu&amp;d;</code>,3,0.0012976
104,w&aelig;tre,<code>w&amp;ae;tre</code>,3,0.0012976
104,wen,<code>wen</code>,3,0.0012976
104,wene,<code>wene</code>,3,0.0012976
104,willan,<code>willan</code>,3,0.0012976
104,word,<code>word</code>,3,0.0012976
104,worda,<code>worda</code>,3,0.0012976
104,wyrsan,<code>wyrsan</code>,3,0.0012976
104,yfel,<code>yfel</code>,3,0.0012976
104,yrre,<code>yrre</code>,3,0.0012976
156,&aelig;htum,<code>&amp;ae;htum</code>,2,0.0008651
156,&aelig;lce,<code>&amp;ae;lce</code>,2,0.0008651
156,&eth;&aelig;r,<code>&amp;d;&amp;ae;r</code>,2,0.0008651
156,&eth;in,<code>&amp;d;in</code>,2,0.0008651
156,&eth;inum,<code>&amp;d;inum</code>,2,0.0008651
156,&eth;one,<code>&amp;d;one</code>,2,0.0008651
156,&eth;ynce,<code>&amp;d;ynce</code>,2,0.0008651
156,&thorn;eode,<code>&amp;t;eode</code>,2,0.0008651
156,&thorn;incg,<code>&amp;t;incg</code>,2,0.0008651
156,&thorn;urh,<code>&amp;t;urh</code>,2,0.0008651
156,agna,<code>agna</code>,2,0.0008651
156,alogen,<code>alogen</code>,2,0.0008651
156,anwaldes,<code>anwaldes</code>,2,0.0008651
156,anwille,<code>anwille</code>,2,0.0008651
156,beforan,<code>beforan</code>,2,0.0008651
156,beon,<code>beon</code>,2,0.0008651
156,betst,<code>betst</code>,2,0.0008651
156,bio,<code>bio</code>,2,0.0008651
156,bio&eth;,<code>bio&amp;d;</code>,2,0.0008651
156,bruc,<code>bruc</code>,2,0.0008651
156,cy&eth;,<code>cy&amp;d;</code>,2,0.0008651
156,d&aelig;ge,<code>d&amp;ae;ge</code>,2,0.0008651
156,eal,<code>eal</code>,2,0.0008651
156,eald,<code>eald</code>,2,0.0008651
156,eall,<code>eall</code>,2,0.0008651
156,ealle,<code>ealle</code>,2,0.0008651
156,earm,<code>earm</code>,2,0.0008651
156,embe,<code>embe</code>,2,0.0008651
156,ende,<code>ende</code>,2,0.0008651
156,feola,<code>feola</code>,2,0.0008651
156,fet,<code>fet</code>,2,0.0008651
156,fiscas,<code>fiscas</code>,2,0.0008651
156,flit,<code>flit</code>,2,0.0008651
156,for&eth;on,<code>for&amp;d;on</code>,2,0.0008651
156,forgit,<code>forgit</code>,2,0.0008651
156,forsih&eth;,<code>forsih&amp;d;</code>,2,0.0008651
156,ful,<code>ful</code>,2,0.0008651
156,geb&aelig;r,<code>geb&amp;ae;r</code>,2,0.0008651
156,gecnawan,<code>gecnawan</code>,2,0.0008651
156,gehate,<code>gehate</code>,2,0.0008651
156,gehaten,<code>gehaten</code>,2,0.0008651
156,gehealden,<code>gehealden</code>,2,0.0008651
156,gelyf,<code>gelyf</code>,2,0.0008651
156,gesceadwis,<code>gesceadwis</code>,2,0.0008651
156,good,<code>good</code>,2,0.0008651
156,habba&eth;,<code>habba&amp;d;</code>,2,0.0008651
156,hal,<code>hal</code>,2,0.0008651
156,hebba&eth;,<code>hebba&amp;d;</code>,2,0.0008651
156,hiora,<code>hiora</code>,2,0.0008651
156,hira,<code>hira</code>,2,0.0008651
156,hlisan,<code>hlisan</code>,2,0.0008651
156,hlyst,<code>hlyst</code>,2,0.0008651
156,hopa,<code>hopa</code>,2,0.0008651
156,hwa,<code>hwa</code>,2,0.0008651
156,idel,<code>idel</code>,2,0.0008651
156,l&aelig;t,<code>l&amp;ae;t</code>,2,0.0008651
156,leasunga,<code>leasunga</code>,2,0.0008651
156,leoht,<code>leoht</code>,2,0.0008651
156,les,<code>les</code>,2,0.0008651
156,liccette,<code>liccette</code>,2,0.0008651
156,lifes,<code>lifes</code>,2,0.0008651
156,liorna,<code>liorna</code>,2,0.0008651
156,longe,<code>longe</code>,2,0.0008651
156,lytlum,<code>lytlum</code>,2,0.0008651
156,m&aelig;ste,<code>m&amp;ae;ste</code>,2,0.0008651
156,maran,<code>maran</code>,2,0.0008651
156,micclum,<code>micclum</code>,2,0.0008651
156,mod,<code>mod</code>,2,0.0008651
156,modes,<code>modes</code>,2,0.0008651
156,monigne,<code>monigne</code>,2,0.0008651
156,monna,<code>monna</code>,2,0.0008651
156,n&aelig;bbe,<code>n&amp;ae;bbe</code>,2,0.0008651
156,nanes,<code>nanes</code>,2,0.0008651
156,nau&eth;er,<code>nau&amp;d;er</code>,2,0.0008651
156,nella&eth;,<code>nella&amp;d;</code>,2,0.0008651
156,noht,<code>noht</code>,2,0.0008651
156,o&eth;erne,<code>o&amp;d;erne</code>,2,0.0008651
156,o&thorn;&thorn;e,<code>o&amp;t;&amp;t;e</code>,2,0.0008651
156,o&thorn;erne,<code>o&amp;t;erne</code>,2,0.0008651
156,of,<code>of</code>,2,0.0008651
156,oht,<code>oht</code>,2,0.0008651
156,ol&aelig;ce,<code>ol&amp;ae;ce</code>,2,0.0008651
156,rec,<code>rec</code>,2,0.0008651
156,ryht,<code>ryht</code>,2,0.0008651
156,scipe,<code>scipe</code>,2,0.0008651
156,secge,<code>secge</code>,2,0.0008651
156,selre,<code>selre</code>,2,0.0008651
156,sprec,<code>sprec</code>,2,0.0008651
156,stille,<code>stille</code>,2,0.0008651
156,sumum,<code>sumum</code>,2,0.0008651
156,sus,<code>sus</code>,2,0.0008651
156,tamen,<code>tamen</code>,2,0.0008651
156,tih&eth;,<code>tih&amp;d;</code>,2,0.0008651
156,twam,<code>twam</code>,2,0.0008651
156,unde,<code>unde</code>,2,0.0008651
156,unh&aelig;lo,<code>unh&amp;ae;lo</code>,2,0.0008651
156,unscyldigne,<code>unscyldigne</code>,2,0.0008651
156,unwisran,<code>unwisran</code>,2,0.0008651
156,up,<code>up</code>,2,0.0008651
156,ut,<code>ut</code>,2,0.0008651
156,w&aelig;re,<code>w&amp;ae;re</code>,2,0.0008651
156,w&aelig;ren,<code>w&amp;ae;ren</code>,2,0.0008651
156,wa,<code>wa</code>,2,0.0008651
156,warena,<code>warena</code>,2,0.0008651
156,we,<code>we</code>,2,0.0008651
156,weges,<code>weges</code>,2,0.0008651
156,wile,<code>wile</code>,2,0.0008651
156,wilna&eth;,<code>wilna&amp;d;</code>,2,0.0008651
156,wilt,<code>wilt</code>,2,0.0008651
156,wis,<code>wis</code>,2,0.0008651
156,wisdom,<code>wisdom</code>,2,0.0008651
156,witanne,<code>witanne</code>,2,0.0008651
156,wolde,<code>wolde</code>,2,0.0008651
156,wylle,<code>wylle</code>,2,0.0008651
156,wyr&eth;,<code>wyr&amp;d;</code>,2,0.0008651
156,wyrd,<code>wyrd</code>,2,0.0008651
156,wyrmas,<code>wyrmas</code>,2,0.0008651
156,yfeles,<code>yfeles</code>,2,0.0008651
156,yfles,<code>yfles</code>,2,0.0008651
275,&aelig;ghw&aelig;t,<code>&amp;ae;ghw&amp;ae;t</code>,1,0.0004325
275,&aelig;ht,<code>&amp;ae;ht</code>,1,0.0004325
275,&aelig;hta,<code>&amp;ae;hta</code>,1,0.0004325
275,&aelig;l&eth;eodigne,<code>&amp;ae;l&amp;d;eodigne</code>,1,0.0004325
275,&aelig;lcere,<code>&amp;ae;lcere</code>,1,0.0004325
275,&aelig;ltewe,<code>&amp;ae;ltewe</code>,1,0.0004325
275,&aelig;negum,<code>&amp;ae;negum</code>,1,0.0004325
275,&aelig;nig,<code>&amp;ae;nig</code>,1,0.0004325
275,&aelig;ppel,<code>&amp;ae;ppel</code>,1,0.0004325
275,&aelig;re,<code>&amp;ae;re</code>,1,0.0004325
275,&aelig;rran,<code>&amp;ae;rran</code>,1,0.0004325
275,&eth;&aelig;m,<code>&amp;d;&amp;ae;m</code>,1,0.0004325
275,&eth;anc,<code>&amp;d;anc</code>,1,0.0004325
275,&eth;as,<code>&amp;d;as</code>,1,0.0004325
275,&eth;earfe,<code>&amp;d;earfe</code>,1,0.0004325
275,&eth;eaw,<code>&amp;d;eaw</code>,1,0.0004325
275,&eth;enca&thorn;,<code>&amp;d;enca&amp;t;</code>,1,0.0004325
275,&eth;eode,<code>&amp;d;eode</code>,1,0.0004325
275,&eth;ina,<code>&amp;d;ina</code>,1,0.0004325
275,&eth;ine,<code>&amp;d;ine</code>,1,0.0004325
275,&eth;isse,<code>&amp;d;isse</code>,1,0.0004325
275,&eth;on,<code>&amp;d;on</code>,1,0.0004325
275,&eth;urfe,<code>&amp;d;urfe</code>,1,0.0004325
275,&eth;ystrum,<code>&amp;d;ystrum</code>,1,0.0004325
275,&thorn;&aelig;m,<code>&amp;t;&amp;ae;m</code>,1,0.0004325
275,&thorn;&aelig;nce,<code>&amp;t;&amp;ae;nce</code>,1,0.0004325
275,&thorn;&aelig;nne,<code>&amp;t;&amp;ae;nne</code>,1,0.0004325
275,&thorn;anc,<code>&amp;t;anc</code>,1,0.0004325
275,&thorn;ances,<code>&amp;t;ances</code>,1,0.0004325
275,&thorn;anon,<code>&amp;t;anon</code>,1,0.0004325
275,&thorn;ar,<code>&amp;t;ar</code>,1,0.0004325
275,&thorn;eawas,<code>&amp;t;eawas</code>,1,0.0004325
275,&thorn;enc,<code>&amp;t;enc</code>,1,0.0004325
275,&thorn;ere,<code>&amp;t;ere</code>,1,0.0004325
275,&thorn;ina,<code>&amp;t;ina</code>,1,0.0004325
275,&thorn;ing,<code>&amp;t;ing</code>,1,0.0004325
275,&thorn;inge,<code>&amp;t;inge</code>,1,0.0004325
275,&thorn;ingum,<code>&amp;t;ingum</code>,1,0.0004325
275,&thorn;inra,<code>&amp;t;inra</code>,1,0.0004325
275,&thorn;inre,<code>&amp;t;inre</code>,1,0.0004325
275,&thorn;olige,<code>&amp;t;olige</code>,1,0.0004325
275,&thorn;on,<code>&amp;t;on</code>,1,0.0004325
275,&thorn;oncian,<code>&amp;t;oncian</code>,1,0.0004325
275,&thorn;yl&aelig;s,<code>&amp;t;yl&amp;ae;s</code>,1,0.0004325
275,&thorn;ynce,<code>&amp;t;ynce</code>,1,0.0004325
275,&thorn;ys,<code>&amp;t;ys</code>,1,0.0004325
275,a&thorn;eostra&eth;,<code>a&amp;t;eostra&amp;d;</code>,1,0.0004325
275,ab,<code>ab</code>,1,0.0004325
275,abelge,<code>abelge</code>,1,0.0004325
275,abl&aelig;nde&eth;,<code>abl&amp;ae;nde&amp;d;</code>,1,0.0004325
275,abolescit,<code>abolescit</code>,1,0.0004325
275,acola&eth;,<code>acola&amp;d;</code>,1,0.0004325
275,acse,<code>acse</code>,1,0.0004325
275,ad,<code>ad</code>,1,0.0004325
275,age,<code>age</code>,1,0.0004325
275,agen,<code>agen</code>,1,0.0004325
275,agustinus,<code>agustinus</code>,1,0.0004325
275,ah,<code>ah</code>,1,0.0004325
275,ahcsa,<code>ahcsa</code>,1,0.0004325
275,al,<code>al</code>,1,0.0004325
275,ala&thorn;a&eth;,<code>ala&amp;t;a&amp;d;</code>,1,0.0004325
275,amor,<code>amor</code>,1,0.0004325
275,amyr,<code>amyr</code>,1,0.0004325
275,amyrre,<code>amyrre</code>,1,0.0004325
275,amyrre&eth;,<code>amyrre&amp;d;</code>,1,0.0004325
275,andan,<code>andan</code>,1,0.0004325
275,andergylde,<code>andergylde</code>,1,0.0004325
275,angin,<code>angin</code>,1,0.0004325
275,anno,<code>anno</code>,1,0.0004325
275,annua,<code>annua</code>,1,0.0004325
275,anre,<code>anre</code>,1,0.0004325
275,anwilne,<code>anwilne</code>,1,0.0004325
275,arbore,<code>arbore</code>,1,0.0004325
275,ardor,<code>ardor</code>,1,0.0004325
275,are,<code>are</code>,1,0.0004325
275,ascune&eth;,<code>ascune&amp;d;</code>,1,0.0004325
275,asola&eth;,<code>asola&amp;d;</code>,1,0.0004325
275,audiri,<code>audiri</code>,1,0.0004325
275,auht,<code>auht</code>,1,0.0004325
275,axa,<code>axa</code>,1,0.0004325
275,b&aelig;tera,<code>b&amp;ae;tera</code>,1,0.0004325
275,bearn,<code>bearn</code>,1,0.0004325
275,bec,<code>bec</code>,1,0.0004325
275,becume,<code>becume</code>,1,0.0004325
275,becumen,<code>becumen</code>,1,0.0004325
275,becyp,<code>becyp</code>,1,0.0004325
275,bega,<code>bega</code>,1,0.0004325
275,behelien,<code>behelien</code>,1,0.0004325
275,beswican,<code>beswican</code>,1,0.0004325
275,beteran,<code>beteran</code>,1,0.0004325
275,betere,<code>betere</code>,1,0.0004325
275,betran,<code>betran</code>,1,0.0004325
275,bewrenc&eth;,<code>bewrenc&amp;d;</code>,1,0.0004325
275,bigspellum,<code>bigspellum</code>,1,0.0004325
275,bilwitne,<code>bilwitne</code>,1,0.0004325
275,bisna,<code>bisna</code>,1,0.0004325
275,bispell,<code>bispell</code>,1,0.0004325
275,bist,<code>bist</code>,1,0.0004325
275,blisse,<code>blisse</code>,1,0.0004325
275,brece&eth;,<code>brece&amp;d;</code>,1,0.0004325
275,brevis,<code>brevis</code>,1,0.0004325
275,brinc&eth;,<code>brinc&amp;d;</code>,1,0.0004325
275,bringd,<code>bringd</code>,1,0.0004325
275,brocige,<code>brocige</code>,1,0.0004325
275,buffo,<code>buffo</code>,1,0.0004325
275,bute,<code>bute</code>,1,0.0004325
275,by,<code>by</code>,1,0.0004325
275,byggen,<code>byggen</code>,1,0.0004325
275,bysigre,<code>bysigre</code>,1,0.0004325
275,calu,<code>calu</code>,1,0.0004325
275,cealdum,<code>cealdum</code>,1,0.0004325
275,ceolan,<code>ceolan</code>,1,0.0004325
275,ceole,<code>ceole</code>,1,0.0004325
275,ceos,<code>ceos</code>,1,0.0004325
275,cepinge,<code>cepinge</code>,1,0.0004325
275,cide,<code>cide</code>,1,0.0004325
275,clamosa,<code>clamosa</code>,1,0.0004325
275,clipiendra,<code>clipiendra</code>,1,0.0004325
275,com,<code>com</code>,1,0.0004325
275,con,<code>con</code>,1,0.0004325
275,cr&aelig;ftas,<code>cr&amp;ae;ftas</code>,1,0.0004325
275,crabba,<code>crabba</code>,1,0.0004325
275,cu&eth;um,<code>cu&amp;d;um</code>,1,0.0004325
275,cuma&eth;,<code>cuma&amp;d;</code>,1,0.0004325
275,cupit,<code>cupit</code>,1,0.0004325
275,cura,<code>cura</code>,1,0.0004325
275,cw&aelig;&eth;,<code>cw&amp;ae;&amp;d;</code>,1,0.0004325
275,cwe&eth;a&thorn;,<code>cwe&amp;d;a&amp;t;</code>,1,0.0004325
275,cwella&eth;,<code>cwella&amp;d;</code>,1,0.0004325
275,cwellende,<code>cwellende</code>,1,0.0004325
275,cwemon,<code>cwemon</code>,1,0.0004325
275,cwi&eth;,<code>cwi&amp;d;</code>,1,0.0004325
275,cwydas,<code>cwydas</code>,1,0.0004325
275,cy&eth;e,<code>cy&amp;d;e</code>,1,0.0004325
275,cym&eth;,<code>cym&amp;d;</code>,1,0.0004325
275,cyng,<code>cyng</code>,1,0.0004325
275,cyrre,<code>cyrre</code>,1,0.0004325
275,cysta,<code>cysta</code>,1,0.0004325
275,d&aelig;l&eth;,<code>d&amp;ae;l&amp;d;</code>,1,0.0004325
275,dai,<code>dai</code>,1,0.0004325
275,dape,<code>dape</code>,1,0.0004325
275,dat,<code>dat</code>,1,0.0004325
275,datur,<code>datur</code>,1,0.0004325
275,dea&eth;e,<code>dea&amp;d;e</code>,1,0.0004325
275,deaden,<code>deaden</code>,1,0.0004325
275,dies,<code>dies</code>,1,0.0004325
275,dixit,<code>dixit</code>,1,0.0004325
275,domas,<code>domas</code>,1,0.0004325
275,don,<code>don</code>,1,0.0004325
275,donare,<code>donare</code>,1,0.0004325
275,drinc,<code>drinc</code>,1,0.0004325
275,druncen,<code>druncen</code>,1,0.0004325
275,drygum,<code>drygum</code>,1,0.0004325
275,dum,<code>dum</code>,1,0.0004325
275,dysige,<code>dysige</code>,1,0.0004325
275,dysigra,<code>dysigra</code>,1,0.0004325
275,e&eth;,<code>e&amp;d;</code>,1,0.0004325
275,ea,<code>ea</code>,1,0.0004325
275,eades,<code>eades</code>,1,0.0004325
275,eagan,<code>eagan</code>,1,0.0004325
275,ealda&eth;,<code>ealda&amp;d;</code>,1,0.0004325
275,ealdra,<code>ealdra</code>,1,0.0004325
275,ealdum,<code>ealdum</code>,1,0.0004325
275,ealo&eth;,<code>ealo&amp;d;</code>,1,0.0004325
275,ealra,<code>ealra</code>,1,0.0004325
275,earde,<code>earde</code>,1,0.0004325
275,eart,<code>eart</code>,1,0.0004325
275,ecan,<code>ecan</code>,1,0.0004325
275,ece,<code>ece</code>,1,0.0004325
275,ei&thorn;a,<code>ei&amp;t;a</code>,1,0.0004325
275,ellen,<code>ellen</code>,1,0.0004325
275,emb,<code>emb</code>,1,0.0004325
275,embhogan,<code>embhogan</code>,1,0.0004325
275,eor&eth;lic,<code>eor&amp;d;lic</code>,1,0.0004325
275,eor&thorn;an,<code>eor&amp;t;an</code>,1,0.0004325
275,esnes,<code>esnes</code>,1,0.0004325
275,eterna,<code>eterna</code>,1,0.0004325
275,f&aelig;gen,<code>f&amp;ae;gen</code>,1,0.0004325
275,f&aelig;gna,<code>f&amp;ae;gna</code>,1,0.0004325
275,f&aelig;gne,<code>f&amp;ae;gne</code>,1,0.0004325
275,f&aelig;r&eth;,<code>f&amp;ae;r&amp;d;</code>,1,0.0004325
275,f&aelig;rlice,<code>f&amp;ae;rlice</code>,1,0.0004325
275,feawum,<code>feawum</code>,1,0.0004325
275,feax,<code>feax</code>,1,0.0004325
275,feda&eth;,<code>feda&amp;d;</code>,1,0.0004325
275,fela,<code>fela</code>,1,0.0004325
275,feoh,<code>feoh</code>,1,0.0004325
275,feohgeorne,<code>feohgeorne</code>,1,0.0004325
275,feonda,<code>feonda</code>,1,0.0004325
275,feorr,<code>feorr</code>,1,0.0004325
275,fere&eth;,<code>fere&amp;d;</code>,1,0.0004325
275,feria&eth;,<code>feria&amp;d;</code>,1,0.0004325
275,fett,<code>fett</code>,1,0.0004325
275,fisces,<code>fisces</code>,1,0.0004325
275,fiunt,<code>fiunt</code>,1,0.0004325
275,fola,<code>fola</code>,1,0.0004325
275,folgia&eth;,<code>folgia&amp;d;</code>,1,0.0004325
275,foranheafde,<code>foranheafde</code>,1,0.0004325
275,forb&aelig;r,<code>forb&amp;ae;r</code>,1,0.0004325
275,forb&aelig;rste,<code>forb&amp;ae;rste</code>,1,0.0004325
275,fordes,<code>fordes</code>,1,0.0004325
275,forgifen,<code>forgifen</code>,1,0.0004325
275,forholen,<code>forholen</code>,1,0.0004325
275,forl&aelig;tan,<code>forl&amp;ae;tan</code>,1,0.0004325
275,forl&aelig;tt,<code>forl&amp;ae;tt</code>,1,0.0004325
275,forseoh,<code>forseoh</code>,1,0.0004325
275,forsioh,<code>forsioh</code>,1,0.0004325
275,forswiga,<code>forswiga</code>,1,0.0004325
275,forweor&eth;an,<code>forweor&amp;d;an</code>,1,0.0004325
275,forwior&eth;a&eth;,<code>forwior&amp;d;a&amp;d;</code>,1,0.0004325
275,forwur&thorn;a,<code>forwur&amp;t;a</code>,1,0.0004325
275,fot,<code>fot</code>,1,0.0004325
275,fota,<code>fota</code>,1,0.0004325
275,fram,<code>fram</code>,1,0.0004325
275,fraudatur,<code>fraudatur</code>,1,0.0004325
275,frecnost,<code>frecnost</code>,1,0.0004325
275,freond,<code>freond</code>,1,0.0004325
275,fret,<code>fret</code>,1,0.0004325
275,fretan,<code>fretan</code>,1,0.0004325
275,friond,<code>friond</code>,1,0.0004325
275,frofre,<code>frofre</code>,1,0.0004325
275,fullice,<code>fullice</code>,1,0.0004325
275,garrula,<code>garrula</code>,1,0.0004325
275,ge&eth;afa,<code>ge&amp;d;afa</code>,1,0.0004325
275,ge&eth;ancas,<code>ge&amp;d;ancas</code>,1,0.0004325
275,ge&eth;earfige,<code>ge&amp;d;earfige</code>,1,0.0004325
275,ge&eth;enc,<code>ge&amp;d;enc</code>,1,0.0004325
275,ge&eth;ola,<code>ge&amp;d;ola</code>,1,0.0004325
275,ge&eth;w&aelig;rost,<code>ge&amp;d;w&amp;ae;rost</code>,1,0.0004325
275,ge&eth;yld,<code>ge&amp;d;yld</code>,1,0.0004325
275,ge&thorn;ola,<code>ge&amp;t;ola</code>,1,0.0004325
275,ge&thorn;olie,<code>ge&amp;t;olie</code>,1,0.0004325
275,ge&thorn;w&aelig;rnisse,<code>ge&amp;t;w&amp;ae;rnisse</code>,1,0.0004325
275,geandwyrd,<code>geandwyrd</code>,1,0.0004325
275,geaxod,<code>geaxod</code>,1,0.0004325
275,gebet,<code>gebet</code>,1,0.0004325
275,gebringe,<code>gebringe</code>,1,0.0004325
275,gebroht,<code>gebroht</code>,1,0.0004325
275,gecwemde,<code>gecwemde</code>,1,0.0004325
275,gecynde,<code>gecynde</code>,1,0.0004325
275,ged&aelig;ftlice,<code>ged&amp;ae;ftlice</code>,1,0.0004325
275,gedemed,<code>gedemed</code>,1,0.0004325
275,gedo,<code>gedo</code>,1,0.0004325
275,gedon,<code>gedon</code>,1,0.0004325
275,gef&aelig;dlice,<code>gef&amp;ae;dlice</code>,1,0.0004325
275,gefera,<code>gefera</code>,1,0.0004325
275,geglengen,<code>geglengen</code>,1,0.0004325
275,gehat,<code>gehat</code>,1,0.0004325
275,gehwylc,<code>gehwylc</code>,1,0.0004325
275,gehylt,<code>gehylt</code>,1,0.0004325
275,gehyr,<code>gehyr</code>,1,0.0004325
275,geleofa&eth;,<code>geleofa&amp;d;</code>,1,0.0004325
275,gelic,<code>gelic</code>,1,0.0004325
275,geliclicra,<code>geliclicra</code>,1,0.0004325
275,gelicost,<code>gelicost</code>,1,0.0004325
275,gelyf&eth;,<code>gelyf&amp;d;</code>,1,0.0004325
275,gelyfan,<code>gelyfan</code>,1,0.0004325
275,gelyfe,<code>gelyfe</code>,1,0.0004325
275,gemet,<code>gemet</code>,1,0.0004325
275,gemetga,<code>gemetga</code>,1,0.0004325
275,gemetgian,<code>gemetgian</code>,1,0.0004325
275,genoh,<code>genoh</code>,1,0.0004325
275,geopeniga&eth;,<code>geopeniga&amp;d;</code>,1,0.0004325
275,ger&aelig;de&thorn;,<code>ger&amp;ae;de&amp;t;</code>,1,0.0004325
275,gerisenlic,<code>gerisenlic</code>,1,0.0004325
275,ges&aelig;l&eth;a,<code>ges&amp;ae;l&amp;d;a</code>,1,0.0004325
275,ges&aelig;lde,<code>ges&amp;ae;lde</code>,1,0.0004325
275,ges&aelig;le,<code>ges&amp;ae;le</code>,1,0.0004325
275,geselgost,<code>geselgost</code>,1,0.0004325
275,gesemede,<code>gesemede</code>,1,0.0004325
275,geseo,<code>geseo</code>,1,0.0004325
275,gespr&aelig;can,<code>gespr&amp;ae;can</code>,1,0.0004325
275,gestryne,<code>gestryne</code>,1,0.0004325
275,geswugian,<code>geswugian</code>,1,0.0004325
275,getriowre,<code>getriowre</code>,1,0.0004325
275,gewior&eth;a&thorn;,<code>gewior&amp;d;a&amp;t;</code>,1,0.0004325
275,gewur&eth;an,<code>gewur&amp;d;an</code>,1,0.0004325
275,gewyr&eth;,<code>gewyr&amp;d;</code>,1,0.0004325
275,geyc&eth;,<code>geyc&amp;d;</code>,1,0.0004325
275,geycan,<code>geycan</code>,1,0.0004325
275,gingran,<code>gingran</code>,1,0.0004325
275,giond,<code>giond</code>,1,0.0004325
275,giongan,<code>giongan</code>,1,0.0004325
275,git,<code>git</code>,1,0.0004325
275,gitsere,<code>gitsere</code>,1,0.0004325
275,gitsia&eth;,<code>gitsia&amp;d;</code>,1,0.0004325
275,gitsung,<code>gitsung</code>,1,0.0004325
275,gnornung,<code>gnornung</code>,1,0.0004325
275,godes,<code>godes</code>,1,0.0004325
275,godne,<code>godne</code>,1,0.0004325
275,grauia,<code>grauia</code>,1,0.0004325
275,grunninde,<code>grunninde</code>,1,0.0004325
275,h&aelig;fden,<code>h&amp;ae;fden</code>,1,0.0004325
275,h&aelig;fst,<code>h&amp;ae;fst</code>,1,0.0004325
275,halt,<code>halt</code>,1,0.0004325
275,hanga&eth;,<code>hanga&amp;d;</code>,1,0.0004325
275,hangian,<code>hangian</code>,1,0.0004325
275,hat,<code>hat</code>,1,0.0004325
275,hata&eth;,<code>hata&amp;d;</code>,1,0.0004325
275,hatia&eth;,<code>hatia&amp;d;</code>,1,0.0004325
275,hatunge,<code>hatunge</code>,1,0.0004325
275,heafda,<code>heafda</code>,1,0.0004325
275,heafdes,<code>heafdes</code>,1,0.0004325
275,heafdum,<code>heafdum</code>,1,0.0004325
275,heah,<code>heah</code>,1,0.0004325
275,hebban,<code>hebban</code>,1,0.0004325
275,help,<code>help</code>,1,0.0004325
275,here,<code>here</code>,1,0.0004325
275,herige,<code>herige</code>,1,0.0004325
275,hiera,<code>hiera</code>,1,0.0004325
275,himsylf,<code>himsylf</code>,1,0.0004325
275,hio,<code>hio</code>,1,0.0004325
275,hiofenlican,<code>hiofenlican</code>,1,0.0004325
275,hiom,<code>hiom</code>,1,0.0004325
275,hlaforde,<code>hlaforde</code>,1,0.0004325
275,hlafordes,<code>hlafordes</code>,1,0.0004325
275,holdra,<code>holdra</code>,1,0.0004325
275,honera,<code>honera</code>,1,0.0004325
275,hora,<code>hora</code>,1,0.0004325
275,hra&eth;e,<code>hra&amp;d;e</code>,1,0.0004325
275,hrefn,<code>hrefn</code>,1,0.0004325
275,hulpan,<code>hulpan</code>,1,0.0004325
275,hw&aelig;&eth;er,<code>hw&amp;ae;&amp;d;er</code>,1,0.0004325
275,hw&aelig;ne,<code>hw&amp;ae;ne</code>,1,0.0004325
275,hw&aelig;nne,<code>hw&amp;ae;nne</code>,1,0.0004325
275,hw&aelig;r,<code>hw&amp;ae;r</code>,1,0.0004325
275,hw&aelig;thugu,<code>hw&amp;ae;thugu</code>,1,0.0004325
275,hw&aelig;thwugu,<code>hw&amp;ae;thwugu</code>,1,0.0004325
275,hwanon,<code>hwanon</code>,1,0.0004325
275,hwe&eth;er,<code>hwe&amp;d;er</code>,1,0.0004325
275,hwelces,<code>hwelces</code>,1,0.0004325
275,hwit,<code>hwit</code>,1,0.0004325
275,hwone,<code>hwone</code>,1,0.0004325
275,hwonne,<code>hwonne</code>,1,0.0004325
275,hwylc,<code>hwylc</code>,1,0.0004325
275,hwylcne,<code>hwylcne</code>,1,0.0004325
275,hwylcum,<code>hwylcum</code>,1,0.0004325
275,hyrdon,<code>hyrdon</code>,1,0.0004325
275,idelgeorn,<code>idelgeorn</code>,1,0.0004325
275,ier,<code>ier</code>,1,0.0004325
275,iermengas,<code>iermengas</code>,1,0.0004325
275,igitur,<code>igitur</code>,1,0.0004325
275,inuocans,<code>inuocans</code>,1,0.0004325
275,l&aelig;r,<code>l&amp;ae;r</code>,1,0.0004325
275,l&aelig;r&eth;,<code>l&amp;ae;r&amp;d;</code>,1,0.0004325
275,l&aelig;ran,<code>l&amp;ae;ran</code>,1,0.0004325
275,laborat,<code>laborat</code>,1,0.0004325
275,lar,<code>lar</code>,1,0.0004325
275,lara,<code>lara</code>,1,0.0004325
275,lare,<code>lare</code>,1,0.0004325
275,lareowes,<code>lareowes</code>,1,0.0004325
275,leah,<code>leah</code>,1,0.0004325
275,leahterleas,<code>leahterleas</code>,1,0.0004325
275,leanige,<code>leanige</code>,1,0.0004325
275,leasan,<code>leasan</code>,1,0.0004325
275,leasgylpe,<code>leasgylpe</code>,1,0.0004325
275,lecgan,<code>lecgan</code>,1,0.0004325
275,lengest,<code>lengest</code>,1,0.0004325
275,leof,<code>leof</code>,1,0.0004325
275,leorna,<code>leorna</code>,1,0.0004325
275,li&eth;,<code>li&amp;d;</code>,1,0.0004325
275,libban,<code>libban</code>,1,0.0004325
275,libbe,<code>libbe</code>,1,0.0004325
275,licet,<code>licet</code>,1,0.0004325
275,lichoman,<code>lichoman</code>,1,0.0004325
275,licige,<code>licige</code>,1,0.0004325
275,licwyr&eth;e,<code>licwyr&amp;d;e</code>,1,0.0004325
275,lietas,<code>lietas</code>,1,0.0004325
275,lif,<code>lif</code>,1,0.0004325
275,lioge,<code>lioge</code>,1,0.0004325
275,lofa,<code>lofa</code>,1,0.0004325
275,lofigen,<code>lofigen</code>,1,0.0004325
275,lufa&eth;,<code>lufa&amp;d;</code>,1,0.0004325
275,lufu,<code>lufu</code>,1,0.0004325
275,lustas,<code>lustas</code>,1,0.0004325
275,lux,<code>lux</code>,1,0.0004325
275,lyt,<code>lyt</code>,1,0.0004325
275,m&aelig;&eth;,<code>m&amp;ae;&amp;d;</code>,1,0.0004325
275,m&aelig;gen,<code>m&amp;ae;gen</code>,1,0.0004325
275,magistri,<code>magistri</code>,1,0.0004325
275,mai,<code>mai</code>,1,0.0004325
275,maistres,<code>maistres</code>,1,0.0004325
275,manega,<code>manega</code>,1,0.0004325
275,manegra,<code>manegra</code>,1,0.0004325
275,mare,<code>mare</code>,1,0.0004325
275,medsceattes,<code>medsceattes</code>,1,0.0004325
275,meliora,<code>meliora</code>,1,0.0004325
275,men,<code>men</code>,1,0.0004325
275,mencg,<code>mencg</code>,1,0.0004325
275,mer,<code>mer</code>,1,0.0004325
275,mete,<code>mete</code>,1,0.0004325
275,miccles,<code>miccles</code>,1,0.0004325
275,micel,<code>micel</code>,1,0.0004325
275,middes,<code>middes</code>,1,0.0004325
275,misdo,<code>misdo</code>,1,0.0004325
275,mode,<code>mode</code>,1,0.0004325
275,modo,<code>modo</code>,1,0.0004325
275,modor,<code>modor</code>,1,0.0004325
275,monegum,<code>monegum</code>,1,0.0004325
275,monige,<code>monige</code>,1,0.0004325
275,moniges,<code>moniges</code>,1,0.0004325
275,monnum,<code>monnum</code>,1,0.0004325
275,monuga,<code>monuga</code>,1,0.0004325
275,mora,<code>mora</code>,1,0.0004325
275,mot,<code>mot</code>,1,0.0004325
275,myrges,<code>myrges</code>,1,0.0004325
275,n&aelig;nne,<code>n&amp;ae;nne</code>,1,0.0004325
275,na,<code>na</code>,1,0.0004325
275,nacodne,<code>nacodne</code>,1,0.0004325
275,nafa,<code>nafa</code>,1,0.0004325
275,nah,<code>nah</code>,1,0.0004325
275,naht,<code>naht</code>,1,0.0004325
275,nane,<code>nane</code>,1,0.0004325
275,nanre,<code>nanre</code>,1,0.0004325
275,nascitur,<code>nascitur</code>,1,0.0004325
275,nequit,<code>nequit</code>,1,0.0004325
275,nere&eth;,<code>nere&amp;d;</code>,1,0.0004325
275,niede,<code>niede</code>,1,0.0004325
275,nietenu,<code>nietenu</code>,1,0.0004325
275,nim,<code>nim</code>,1,0.0004325
275,nis,<code>nis</code>,1,0.0004325
275,nitor,<code>nitor</code>,1,0.0004325
275,niwige,<code>niwige</code>,1,0.0004325
275,nohte,<code>nohte</code>,1,0.0004325
275,non,<code>non</code>,1,0.0004325
275,nyle,<code>nyle</code>,1,0.0004325
275,nylle,<code>nylle</code>,1,0.0004325
275,nym,<code>nym</code>,1,0.0004325
275,nyt,<code>nyt</code>,1,0.0004325
275,nytt,<code>nytt</code>,1,0.0004325
275,nytte,<code>nytte</code>,1,0.0004325
275,o&thorn;sceote,<code>o&amp;t;sceote</code>,1,0.0004325
275,obtenebrescit,<code>obtenebrescit</code>,1,0.0004325
275,ofercom,<code>ofercom</code>,1,0.0004325
275,ofercym&eth;,<code>ofercym&amp;d;</code>,1,0.0004325
275,oferfe&eth;re,<code>oferfe&amp;d;re</code>,1,0.0004325
275,oferfyll,<code>oferfyll</code>,1,0.0004325
275,oferspr&aelig;ce,<code>oferspr&amp;ae;ce</code>,1,0.0004325
275,oferspr&aelig;cne,<code>oferspr&amp;ae;cne</code>,1,0.0004325
275,oferst&aelig;le,<code>oferst&amp;ae;le</code>,1,0.0004325
275,oferst&aelig;led,<code>oferst&amp;ae;led</code>,1,0.0004325
275,offra,<code>offra</code>,1,0.0004325
275,ofter,<code>ofter</code>,1,0.0004325
275,oftfe&eth;re,<code>oftfe&amp;d;re</code>,1,0.0004325
275,oftor,<code>oftor</code>,1,0.0004325
275,ol&aelig;can,<code>ol&amp;ae;can</code>,1,0.0004325
275,ol&aelig;con,<code>ol&amp;ae;con</code>,1,0.0004325
275,ol&aelig;cunga,<code>ol&amp;ae;cunga</code>,1,0.0004325
275,omnis,<code>omnis</code>,1,0.0004325
275,onbecyme&eth;,<code>onbecyme&amp;d;</code>,1,0.0004325
275,onberan,<code>onberan</code>,1,0.0004325
275,oncw&aelig;de,<code>oncw&amp;ae;de</code>,1,0.0004325
275,ongin,<code>ongin</code>,1,0.0004325
275,ongite,<code>ongite</code>,1,0.0004325
275,onhagige,<code>onhagige</code>,1,0.0004325
275,onhlige,<code>onhlige</code>,1,0.0004325
275,onnou&eth;e,<code>onnou&amp;d;e</code>,1,0.0004325
275,open,<code>open</code>,1,0.0004325
275,operatur,<code>operatur</code>,1,0.0004325
275,ormod,<code>ormod</code>,1,0.0004325
275,oxan,<code>oxan</code>,1,0.0004325
275,oxum,<code>oxum</code>,1,0.0004325
275,pereant,<code>pereant</code>,1,0.0004325
275,plura,<code>plura</code>,1,0.0004325
275,pomum,<code>pomum</code>,1,0.0004325
275,prouidit,<code>prouidit</code>,1,0.0004325
275,quae,<code>quae</code>,1,0.0004325
275,qualescit,<code>qualescit</code>,1,0.0004325
275,quam,<code>quam</code>,1,0.0004325
275,quod,<code>quod</code>,1,0.0004325
275,r&aelig;den,<code>r&amp;ae;den</code>,1,0.0004325
275,r&aelig;des,<code>r&amp;ae;des</code>,1,0.0004325
275,recelse,<code>recelse</code>,1,0.0004325
275,refriescit,<code>refriescit</code>,1,0.0004325
275,reuoluitur,<code>reuoluitur</code>,1,0.0004325
275,rex,<code>rex</code>,1,0.0004325
275,rice,<code>rice</code>,1,0.0004325
275,riht,<code>riht</code>,1,0.0004325
275,rihte,<code>rihte</code>,1,0.0004325
275,rihtwisra,<code>rihtwisra</code>,1,0.0004325
275,rowenne,<code>rowenne</code>,1,0.0004325
275,runien,<code>runien</code>,1,0.0004325
275,ryhtre,<code>ryhtre</code>,1,0.0004325
275,ryhtwisne,<code>ryhtwisne</code>,1,0.0004325
275,s&aelig;l&eth;a,<code>s&amp;ae;l&amp;d;a</code>,1,0.0004325
275,s&aelig;l&eth;um,<code>s&amp;ae;l&amp;d;um</code>,1,0.0004325
275,s&aelig;le,<code>s&amp;ae;le</code>,1,0.0004325
275,sace,<code>sace</code>,1,0.0004325
275,saciatur,<code>saciatur</code>,1,0.0004325
275,sanctus,<code>sanctus</code>,1,0.0004325
275,sceall,<code>sceall</code>,1,0.0004325
275,sceamian,<code>sceamian</code>,1,0.0004325
275,scufa&eth;,<code>scufa&amp;d;</code>,1,0.0004325
275,scufan,<code>scufan</code>,1,0.0004325
275,scylde,<code>scylde</code>,1,0.0004325
275,sec,<code>sec</code>,1,0.0004325
275,sec&eth;,<code>sec&amp;d;</code>,1,0.0004325
275,secgan,<code>secgan</code>,1,0.0004325
275,sech,<code>sech</code>,1,0.0004325
275,seglianne,<code>seglianne</code>,1,0.0004325
275,senescunt,<code>senescunt</code>,1,0.0004325
275,setlian,<code>setlian</code>,1,0.0004325
275,si,<code>si</code>,1,0.0004325
275,simle,<code>simle</code>,1,0.0004325
275,sitte,<code>sitte</code>,1,0.0004325
275,sl&aelig;p,<code>sl&amp;ae;p</code>,1,0.0004325
275,sl&aelig;por,<code>sl&amp;ae;por</code>,1,0.0004325
275,smyltum,<code>smyltum</code>,1,0.0004325
275,snoternysse,<code>snoternysse</code>,1,0.0004325
275,so&eth;,<code>so&amp;d;</code>,1,0.0004325
275,so&eth;es,<code>so&amp;d;es</code>,1,0.0004325
275,so&eth;lice,<code>so&amp;d;lice</code>,1,0.0004325
275,sorga,<code>sorga</code>,1,0.0004325
275,sp&aelig;rlice,<code>sp&amp;ae;rlice</code>,1,0.0004325
275,speca,<code>speca</code>,1,0.0004325
275,spell,<code>spell</code>,1,0.0004325
275,spr&aelig;can,<code>spr&amp;ae;can</code>,1,0.0004325
275,spr&aelig;ce,<code>spr&amp;ae;ce</code>,1,0.0004325
275,sprecan,<code>sprecan</code>,1,0.0004325
275,spric&eth;,<code>spric&amp;d;</code>,1,0.0004325
275,st&aelig;&eth;e,<code>st&amp;ae;&amp;d;e</code>,1,0.0004325
275,sta&eth;u,<code>sta&amp;d;u</code>,1,0.0004325
275,steort,<code>steort</code>,1,0.0004325
275,steortas,<code>steortas</code>,1,0.0004325
275,stigan,<code>stigan</code>,1,0.0004325
275,strengo,<code>strengo</code>,1,0.0004325
275,stronge,<code>stronge</code>,1,0.0004325
275,styr,<code>styr</code>,1,0.0004325
275,suge,<code>suge</code>,1,0.0004325
275,sumes,<code>sumes</code>,1,0.0004325
275,sunt,<code>sunt</code>,1,0.0004325
275,swelc,<code>swelc</code>,1,0.0004325
275,swencst,<code>swencst</code>,1,0.0004325
275,swi&eth;or,<code>swi&amp;d;or</code>,1,0.0004325
275,swi&eth;ost,<code>swi&amp;d;ost</code>,1,0.0004325
275,swigan,<code>swigan</code>,1,0.0004325
275,swinca&eth;,<code>swinca&amp;d;</code>,1,0.0004325
275,swutul,<code>swutul</code>,1,0.0004325
275,swylcum,<code>swylcum</code>,1,0.0004325
275,swytele,<code>swytele</code>,1,0.0004325
275,sylfe,<code>sylfe</code>,1,0.0004325
275,sylle,<code>sylle</code>,1,0.0004325
275,syllen,<code>syllen</code>,1,0.0004325
275,sylne,<code>sylne</code>,1,0.0004325
275,symble,<code>symble</code>,1,0.0004325
275,t&aelig;le,<code>t&amp;ae;le</code>,1,0.0004325
275,tacens,<code>tacens</code>,1,0.0004325
275,taciturna,<code>taciturna</code>,1,0.0004325
275,tadda,<code>tadda</code>,1,0.0004325
275,tala,<code>tala</code>,1,0.0004325
275,teo,<code>teo</code>,1,0.0004325
275,teo&eth;,<code>teo&amp;d;</code>,1,0.0004325
275,thet,<code>thet</code>,1,0.0004325
275,tid,<code>tid</code>,1,0.0004325
275,tio,<code>tio</code>,1,0.0004325
275,toberst,<code>toberst</code>,1,0.0004325
275,tool,<code>tool</code>,1,0.0004325
275,tot,<code>tot</code>,1,0.0004325
275,traeam,<code>traeam</code>,1,0.0004325
275,trendde&eth;,<code>trendde&amp;d;</code>,1,0.0004325
275,treowlicre,<code>treowlicre</code>,1,0.0004325
275,trio&eth;e,<code>trio&amp;d;e</code>,1,0.0004325
275,truwa,<code>truwa</code>,1,0.0004325
275,twegra,<code>twegra</code>,1,0.0004325
275,tweonige,<code>tweonige</code>,1,0.0004325
275,twia,<code>twia</code>,1,0.0004325
275,ufor,<code>ufor</code>,1,0.0004325
275,un&eth;eaw,<code>un&amp;d;eaw</code>,1,0.0004325
275,un&eth;eawas,<code>un&amp;d;eawas</code>,1,0.0004325
275,una,<code>una</code>,1,0.0004325
275,uncu&thorn;um,<code>uncu&amp;t;um</code>,1,0.0004325
275,under,<code>under</code>,1,0.0004325
275,unge&eth;w&aelig;rnesse,<code>unge&amp;d;w&amp;ae;rnesse</code>,1,0.0004325
275,ungelyfedlices,<code>ungelyfedlices</code>,1,0.0004325
275,ungemet,<code>ungemet</code>,1,0.0004325
275,ungemetf&aelig;stne,<code>ungemetf&amp;ae;stne</code>,1,0.0004325
275,ungesceadwises,<code>ungesceadwises</code>,1,0.0004325
275,unhala,<code>unhala</code>,1,0.0004325
275,unlofod,<code>unlofod</code>,1,0.0004325
275,unmildheortne,<code>unmildheortne</code>,1,0.0004325
275,unnyt,<code>unnyt</code>,1,0.0004325
275,unnyttan,<code>unnyttan</code>,1,0.0004325
275,unpleolicre,<code>unpleolicre</code>,1,0.0004325
275,unriht,<code>unriht</code>,1,0.0004325
275,unrihte,<code>unrihte</code>,1,0.0004325
275,unrotnesse,<code>unrotnesse</code>,1,0.0004325
275,unsel&eth;a,<code>unsel&amp;d;a</code>,1,0.0004325
275,unspedigran,<code>unspedigran</code>,1,0.0004325
275,untala,<code>untala</code>,1,0.0004325
275,unweor&eth;ra,<code>unweor&amp;d;ra</code>,1,0.0004325
275,unwilla,<code>unwilla</code>,1,0.0004325
275,unwior&eth;ra,<code>unwior&amp;d;ra</code>,1,0.0004325
275,uny&eth;,<code>uny&amp;d;</code>,1,0.0004325
275,upp,<code>upp</code>,1,0.0004325
275,voce,<code>voce</code>,1,0.0004325
275,vorat,<code>vorat</code>,1,0.0004325
275,w&aelig;da,<code>w&amp;ae;da</code>,1,0.0004325
275,w&aelig;dlan,<code>w&amp;ae;dlan</code>,1,0.0004325
275,w&aelig;nde&eth;,<code>w&amp;ae;nde&amp;d;</code>,1,0.0004325
275,w&aelig;t,<code>w&amp;ae;t</code>,1,0.0004325
275,w&aelig;ter,<code>w&amp;ae;ter</code>,1,0.0004325
275,wambe,<code>wambe</code>,1,0.0004325
275,wandrige,<code>wandrige</code>,1,0.0004325
275,weamodes,<code>weamodes</code>,1,0.0004325
275,wearm,<code>wearm</code>,1,0.0004325
275,wegas,<code>wegas</code>,1,0.0004325
275,welan,<code>welan</code>,1,0.0004325
275,weld&aelig;de,<code>weld&amp;ae;de</code>,1,0.0004325
275,welig,<code>welig</code>,1,0.0004325
275,wena,<code>wena</code>,1,0.0004325
275,wena&thorn;,<code>wena&amp;t;</code>,1,0.0004325
275,wenan,<code>wenan</code>,1,0.0004325
275,wenen,<code>wenen</code>,1,0.0004325
275,weolde,<code>weolde</code>,1,0.0004325
275,weor&eth;a&eth;,<code>weor&amp;d;a&amp;d;</code>,1,0.0004325
275,weor&eth;e,<code>weor&amp;d;e</code>,1,0.0004325
275,weor&eth;en,<code>weor&amp;d;en</code>,1,0.0004325
275,weor&eth;scype,<code>weor&amp;d;scype</code>,1,0.0004325
275,weorc,<code>weorc</code>,1,0.0004325
275,wex&eth;,<code>wex&amp;d;</code>,1,0.0004325
275,wicce,<code>wicce</code>,1,0.0004325
275,wif,<code>wif</code>,1,0.0004325
275,wifes,<code>wifes</code>,1,0.0004325
275,wilna,<code>wilna</code>,1,0.0004325
275,wilne,<code>wilne</code>,1,0.0004325
275,wilnode,<code>wilnode</code>,1,0.0004325
275,wiorlde,<code>wiorlde</code>,1,0.0004325
275,wiotod,<code>wiotod</code>,1,0.0004325
275,wisia&eth;,<code>wisia&amp;d;</code>,1,0.0004325
275,wisra,<code>wisra</code>,1,0.0004325
275,wisran,<code>wisran</code>,1,0.0004325
275,wisre,<code>wisre</code>,1,0.0004325
275,wiste,<code>wiste</code>,1,0.0004325
275,wlenca,<code>wlenca</code>,1,0.0004325
275,woghe,<code>woghe</code>,1,0.0004325
275,wope,<code>wope</code>,1,0.0004325
275,world,<code>world</code>,1,0.0004325
275,worlde,<code>worlde</code>,1,0.0004325
275,wr&aelig;ne,<code>wr&amp;ae;ne</code>,1,0.0004325
275,wrec,<code>wrec</code>,1,0.0004325
275,wrecan,<code>wrecan</code>,1,0.0004325
275,wrege,<code>wrege</code>,1,0.0004325
275,wric&eth;,<code>wric&amp;d;</code>,1,0.0004325
275,writa&eth;,<code>writa&amp;d;</code>,1,0.0004325
275,wuhta,<code>wuhta</code>,1,0.0004325
275,wulfas,<code>wulfas</code>,1,0.0004325
275,wur&eth;e,<code>wur&amp;d;e</code>,1,0.0004325
275,wyle,<code>wyle</code>,1,0.0004325
275,wyrse,<code>wyrse</code>,1,0.0004325
275,yfele,<code>yfele</code>,1,0.0004325
275,yfelo,<code>yfelo</code>,1,0.0004325
275,yfla,<code>yfla</code>,1,0.0004325
275,yfle,<code>yfle</code>,1,0.0004325
275,yrsian,<code>yrsian</code>,1,0.0004325
275,yrsigende,<code>yrsigende</code>,1,0.0004325
275,yrsunge,<code>yrsunge</code>,1,0.0004325
