virtual,manuscript,A03.014_OrW_T00240,407,331,407
RANK,HTML WORD,RAW WORD,COUNT,RELATIVE FREQUENCY
1,ond,ond,14,0.023372287145242
2,in,in,12,0.020033388981636
3,&thorn;&aelig;t,&amp;t;&amp;ae;t,11,0.018363939899833
3,&thorn;e,&amp;t;e,11,0.018363939899833
5,on,on,10,0.01669449081803
6,him,him,9,0.015025041736227
7,&thorn;am,&amp;t;am,8,0.013355592654424
8,his,his,6,0.010016694490818
8,mid,mid,6,0.010016694490818
8,to,to,6,0.010016694490818
11,&thorn;a,&amp;t;a,5,0.008347245409015
11,&thorn;urh,&amp;t;urh,5,0.008347245409015
11,for&thorn;on,for&amp;t;on,5,0.008347245409015
11,is,is,5,0.008347245409015
11,se,se,5,0.008347245409015
11,swa,swa,5,0.008347245409015
17,&thorn;&aelig;s,&amp;t;&amp;ae;s,4,0.006677796327212
17,&thorn;onne,&amp;t;onne,4,0.006677796327212
17,for&eth;,for&amp;d;,4,0.006677796327212
17,gehwam,gehwam,4,0.006677796327212
17,he,he,4,0.006677796327212
17,wi&eth;,wi&amp;d;,4,0.006677796327212
23,&aelig;ghwylc,&amp;ae;ghwylc,3,0.005008347245409
23,&thorn;is,&amp;t;is,3,0.005008347245409
23,cyning,cyning,3,0.005008347245409
23,gesceafta,gesceafta,3,0.005008347245409
23,godes,godes,3,0.005008347245409
23,hre&thorn;re,hre&amp;t;re,3,0.005008347245409
23,m&aelig;ge,m&amp;ae;ge,3,0.005008347245409
23,mon,mon,3,0.005008347245409
23,ofer,ofer,3,0.005008347245409
23,teala,teala,3,0.005008347245409
23,us,us,3,0.005008347245409
23,we,we,3,0.005008347245409
23,wi&thorn;,wi&amp;t;,3,0.005008347245409
36,&thorn;as,&amp;t;as,2,0.003338898163606
36,&thorn;u,&amp;t;u,2,0.003338898163606
36,a,a,2,0.003338898163606
36,ac,ac,2,0.003338898163606
36,bibod,bibod,2,0.003338898163606
36,brucan,brucan,2,0.003338898163606
36,cneorissum,cneorissum,2,0.003338898163606
36,cu&thorn;e,cu&amp;t;e,2,0.003338898163606
36,cyme&eth;,cyme&amp;d;,2,0.003338898163606
36,dryhtnes,dryhtnes,2,0.003338898163606
36,eal,eal,2,0.003338898163606
36,ealle,ealle,2,0.003338898163606
36,ece,ece,2,0.003338898163606
36,f&aelig;&thorn;m,f&amp;ae;&amp;t;m,2,0.003338898163606
36,fira,fira,2,0.003338898163606
36,forl&aelig;te,forl&amp;ae;te,2,0.003338898163606
36,frea,frea,2,0.003338898163606
36,gescop,gescop,2,0.003338898163606
36,geweorc,geweorc,2,0.003338898163606
36,grund,grund,2,0.003338898163606
36,halgan,halgan,2,0.003338898163606
36,heah,heah,2,0.003338898163606
36,healde&eth;,healde&amp;d;,2,0.003338898163606
36,heofon,heofon,2,0.003338898163606
36,hi,hi,2,0.003338898163606
36,leofa&eth;,leofa&amp;d;,2,0.003338898163606
36,lifes,lifes,2,0.003338898163606
36,m&aelig;st,m&amp;ae;st,2,0.003338898163606
36,meaht,meaht,2,0.003338898163606
36,ne,ne,2,0.003338898163606
36,nis,nis,2,0.003338898163606
36,nu,nu,2,0.003338898163606
36,rice,rice,2,0.003338898163606
36,sceal,sceal,2,0.003338898163606
36,scyle,scyle,2,0.003338898163606
36,tungol,tungol,2,0.003338898163606
36,under,under,2,0.003338898163606
36,weard,weard,2,0.003338898163606
36,wera,wera,2,0.003338898163606
36,wlite,wlite,2,0.003338898163606
36,woruld,woruld,2,0.003338898163606
77,&aelig;fenne,&amp;ae;fenne,1,0.001669449081803
77,&aelig;fter,&amp;ae;fter,1,0.001669449081803
77,&aelig;ghw&aelig;s,&amp;ae;ghw&amp;ae;s,1,0.001669449081803
77,&aelig;gne,&amp;ae;gne,1,0.001669449081803
77,&aelig;lda,&amp;ae;lda,1,0.001669449081803
77,&aelig;lmihtig,&amp;ae;lmihtig,1,0.001669449081803
77,&aelig;rd&aelig;ge,&amp;ae;rd&amp;ae;ge,1,0.001669449081803
77,&aelig;springe,&amp;ae;springe,1,0.001669449081803
77,&thorn;&aelig;r,&amp;t;&amp;ae;r,1,0.001669449081803
77,&thorn;ara,&amp;t;ara,1,0.001669449081803
77,&thorn;egn,&amp;t;egn,1,0.001669449081803
77,&thorn;encan,&amp;t;encan,1,0.001669449081803
77,&thorn;eodne,&amp;t;eodne,1,0.001669449081803
77,&thorn;eodnes,&amp;t;eodnes,1,0.001669449081803
77,&thorn;inne,&amp;t;inne,1,0.001669449081803
77,&thorn;oncian,&amp;t;oncian,1,0.001669449081803
77,&thorn;one,&amp;t;one,1,0.001669449081803
77,&thorn;ream,&amp;t;ream,1,0.001669449081803
77,&thorn;reatas,&amp;t;reatas,1,0.001669449081803
77,&thorn;rym,&amp;t;rym,1,0.001669449081803
77,&thorn;y,&amp;t;y,1,0.001669449081803
77,a&thorn;reotan,a&amp;t;reotan,1,0.001669449081803
77,agen,agen,1,0.001669449081803
77,agend,agend,1,0.001669449081803
77,ahefed,ahefed,1,0.001669449081803
77,anes,anes,1,0.001669449081803
77,anra,anra,1,0.001669449081803
77,ascian,ascian,1,0.001669449081803
77,aspyrgan,aspyrgan,1,0.001669449081803
77,awa,awa,1,0.001669449081803
77,bearna,bearna,1,0.001669449081803
77,behabban,behabban,1,0.001669449081803
77,beo&eth;,beo&amp;d;,1,0.001669449081803
77,beorht,beorht,1,0.001669449081803
77,beorhtost,beorhtost,1,0.001669449081803
77,bera&eth;,bera&amp;d;,1,0.001669449081803
77,beran,beran,1,0.001669449081803
77,bestry&thorn;ed,bestry&amp;t;ed,1,0.001669449081803
77,bewritan,bewritan,1,0.001669449081803
77,bibead,bibead,1,0.001669449081803
77,biddan,biddan,1,0.001669449081803
77,biere&eth;,biere&amp;d;,1,0.001669449081803
77,bl&aelig;d,bl&amp;ae;d,1,0.001669449081803
77,blisse,blisse,1,0.001669449081803
77,brim,brim,1,0.001669449081803
77,bringe,bringe,1,0.001669449081803
77,bronda,bronda,1,0.001669449081803
77,cig&eth;,cig&amp;d;,1,0.001669449081803
77,con,con,1,0.001669449081803
77,cr&aelig;ft,cr&amp;ae;ft,1,0.001669449081803
77,cr&aelig;ftas,cr&amp;ae;ftas,1,0.001669449081803
77,cr&aelig;fte,cr&amp;ae;fte,1,0.001669449081803
77,cu&thorn;on,cu&amp;t;on,1,0.001669449081803
77,cwichrerende,cwichrerende,1,0.001669449081803
77,cyndelice,cyndelice,1,0.001669449081803
77,cynnes,cynnes,1,0.001669449081803
77,d&aelig;da,d&amp;ae;da,1,0.001669449081803
77,d&aelig;g,d&amp;ae;g,1,0.001669449081803
77,demena,demena,1,0.001669449081803
77,deop,deop,1,0.001669449081803
77,deophydig,deophydig,1,0.001669449081803
77,dogra,dogra,1,0.001669449081803
77,dom,dom,1,0.001669449081803
77,dream,dream,1,0.001669449081803
77,dugu&thorn;e,dugu&amp;t;e,1,0.001669449081803
77,dygelra,dygelra,1,0.001669449081803
77,ea&eth;e,ea&amp;d;e,1,0.001669449081803
77,eadge,eadge,1,0.001669449081803
77,eadgum,eadgum,1,0.001669449081803
77,eadigra,eadigra,1,0.001669449081803
77,eagna,eagna,1,0.001669449081803
77,eagum,eagum,1,0.001669449081803
77,ealdre,ealdre,1,0.001669449081803
77,ealra,ealra,1,0.001669449081803
77,eastan,eastan,1,0.001669449081803
77,eca,eca,1,0.001669449081803
77,elne,elne,1,0.001669449081803
77,engla,engla,1,0.001669449081803
77,eor&eth;an,eor&amp;d;an,1,0.001669449081803
77,eor&thorn;an,eor&amp;t;an,1,0.001669449081803
77,eor&thorn;e,eor&amp;t;e,1,0.001669449081803
77,f&aelig;der,f&amp;ae;der,1,0.001669449081803
77,f&aelig;re&eth;,f&amp;ae;re&amp;d;,1,0.001669449081803
77,f&aelig;ste,f&amp;ae;ste,1,0.001669449081803
77,f&aelig;stlice,f&amp;ae;stlice,1,0.001669449081803
77,f&aelig;stnian,f&amp;ae;stnian,1,0.001669449081803
77,faran,faran,1,0.001669449081803
77,farende,farende,1,0.001669449081803
77,fela,fela,1,0.001669449081803
77,felageongne,felageongne,1,0.001669449081803
77,fer&eth;e,fer&amp;d;e,1,0.001669449081803
77,fer&eth;sefan,fer&amp;d;sefan,1,0.001669449081803
77,fere,fere,1,0.001669449081803
77,fisc,fisc,1,0.001669449081803
77,flod,flod,1,0.001669449081803
77,flode,flode,1,0.001669449081803
77,foldan,foldan,1,0.001669449081803
77,for&eth;gesceaft,for&amp;d;gesceaft,1,0.001669449081803
77,for&eth;m&aelig;re,for&amp;d;m&amp;ae;re,1,0.001669449081803
77,for&thorn;,for&amp;t;,1,0.001669449081803
77,forgiefan,forgiefan,1,0.001669449081803
77,forswi&thorn;,forswi&amp;t;,1,0.001669449081803
77,frean,frean,1,0.001669449081803
77,fremdne,fremdne,1,0.001669449081803
77,fremma&thorn;,fremma&amp;t;,1,0.001669449081803
77,fricgan,fricgan,1,0.001669449081803
77,fricgende,fricgende,1,0.001669449081803
77,frod,frod,1,0.001669449081803
77,frofre,frofre,1,0.001669449081803
77,frumstole,frumstole,1,0.001669449081803
77,frym&thorn;e,frym&amp;t;e,1,0.001669449081803
77,fulgonge,fulgonge,1,0.001669449081803
77,fundige,fundige,1,0.001669449081803
77,fur&thorn;or,fur&amp;t;or,1,0.001669449081803
77,fus,fus,1,0.001669449081803
77,fyrnum,fyrnum,1,0.001669449081803
77,g&aelig;ste,g&amp;ae;ste,1,0.001669449081803
77,garsecges,garsecges,1,0.001669449081803
77,ge&thorn;ring,ge&amp;t;ring,1,0.001669449081803
77,geara,geara,1,0.001669449081803
77,gecynd,gecynd,1,0.001669449081803
77,gedefestan,gedefestan,1,0.001669449081803
77,gef&aelig;stna,gef&amp;ae;stna,1,0.001669449081803
77,gegierwed,gegierwed,1,0.001669449081803
77,gegripan,gegripan,1,0.001669449081803
77,gehwone,gehwone,1,0.001669449081803
77,gehycgan,gehycgan,1,0.001669449081803
77,gehyr,gehyr,1,0.001669449081803
77,gem&aelig;re,gem&amp;ae;re,1,0.001669449081803
77,gemet,gemet,1,0.001669449081803
77,gemetu,gemetu,1,0.001669449081803
77,gemyndge,gemyndge,1,0.001669449081803
77,geneah,geneah,1,0.001669449081803
77,genip,genip,1,0.001669449081803
77,genoh,genoh,1,0.001669449081803
77,geond,geond,1,0.001669449081803
77,georne,georne,1,0.001669449081803
77,gesceaft,gesceaft,1,0.001669449081803
77,gesceafte,gesceafte,1,0.001669449081803
77,gescynde&eth;,gescynde&amp;d;,1,0.001669449081803
77,gesecgan,gesecgan,1,0.001669449081803
77,gesecge,gesecge,1,0.001669449081803
77,geseo&eth;,geseo&amp;d;,1,0.001669449081803
77,geseo&thorn;,geseo&amp;t;,1,0.001669449081803
77,gesih&eth;,gesih&amp;d;,1,0.001669449081803
77,gespon,gespon,1,0.001669449081803
77,gestigan,gestigan,1,0.001669449081803
77,gewite&eth;,gewite&amp;d;,1,0.001669449081803
77,gewitte,gewitte,1,0.001669449081803
77,gieddingum,gieddingum,1,0.001669449081803
77,gif,gif,1,0.001669449081803
77,gliwes,gliwes,1,0.001669449081803
77,glom,glom,1,0.001669449081803
77,goldtorht,goldtorht,1,0.001669449081803
77,gretan,gretan,1,0.001669449081803
77,grundas,grundas,1,0.001669449081803
77,guman,guman,1,0.001669449081803
77,h&aelig;le,h&amp;ae;le,1,0.001669449081803
77,habba&eth;,habba&amp;d;,1,0.001669449081803
77,hea&thorn;,hea&amp;t;,1,0.001669449081803
77,healda&eth;,healda&amp;d;,1,0.001669449081803
77,healdan,healdan,1,0.001669449081803
77,hean,hean,1,0.001669449081803
77,heape,heape,1,0.001669449081803
77,hebba&thorn;,hebba&amp;t;,1,0.001669449081803
77,heo,heo,1,0.001669449081803
77,heofoncondelle,heofoncondelle,1,0.001669449081803
77,heofoncyninges,heofoncyninges,1,0.001669449081803
77,heofones,heofones,1,0.001669449081803
77,heofontorht,heofontorht,1,0.001669449081803
77,heor&eth;werud,heor&amp;d;werud,1,0.001669449081803
77,herespel,herespel,1,0.001669449081803
77,herga,herga,1,0.001669449081803
77,heteni&thorn;a,heteni&amp;t;a,1,0.001669449081803
77,hluttor,hluttor,1,0.001669449081803
77,holmas,holmas,1,0.001669449081803
77,hond,hond,1,0.001669449081803
77,hordes,hordes,1,0.001669449081803
77,hu,hu,1,0.001669449081803
77,hw&aelig;t,hw&amp;ae;t,1,0.001669449081803
77,hwa,hwa,1,0.001669449081803
77,hweorfe&eth;,hweorfe&amp;d;,1,0.001669449081803
77,hy,hy,1,0.001669449081803
77,hycgende,hycgende,1,0.001669449081803
77,hyge,hyge,1,0.001669449081803
77,hygecr&aelig;ftig,hygecr&amp;ae;ftig,1,0.001669449081803
77,hyhtlic,hyhtlic,1,0.001669449081803
77,hyra,hyra,1,0.001669449081803
77,hyre,hyre,1,0.001669449081803
77,ic,ic,1,0.001669449081803
77,idle,idle,1,0.001669449081803
77,iu,iu,1,0.001669449081803
77,l&aelig;de&thorn;,l&amp;ae;de&amp;t;,1,0.001669449081803
77,l&aelig;ne,l&amp;ae;ne,1,0.001669449081803
77,la&thorn;a&eth;,la&amp;t;a&amp;d;,1,0.001669449081803
77,lagustream,lagustream,1,0.001669449081803
77,lare,lare,1,0.001669449081803
77,leoht,leoht,1,0.001669449081803
77,leohte,leohte,1,0.001669449081803
77,leohtes,leohtes,1,0.001669449081803
77,leorna,leorna,1,0.001669449081803
77,lif,lif,1,0.001669449081803
77,lifgendra,lifgendra,1,0.001669449081803
77,lissa,lissa,1,0.001669449081803
77,lixende,lixende,1,0.001669449081803
77,lof,lof,1,0.001669449081803
77,lond,lond,1,0.001669449081803
77,londbuende,londbuende,1,0.001669449081803
77,longan,longan,1,0.001669449081803
77,lungre,lungre,1,0.001669449081803
77,lustas,lustas,1,0.001669449081803
77,lyft,lyft,1,0.001669449081803
77,m&aelig;gen&thorn;rymme,m&amp;ae;gen&amp;t;rymme,1,0.001669449081803
77,m&aelig;gensped,m&amp;ae;gensped,1,0.001669449081803
77,m&aelig;rum,m&amp;ae;rum,1,0.001669449081803
77,magon,magon,1,0.001669449081803
77,maran,maran,1,0.001669449081803
77,meahtlocum,meahtlocum,1,0.001669449081803
77,meotude,meotude,1,0.001669449081803
77,meotudes,meotudes,1,0.001669449081803
77,mere,mere,1,0.001669449081803
77,miclan,miclan,1,0.001669449081803
77,miclum,miclum,1,0.001669449081803
77,missenlice,missenlice,1,0.001669449081803
77,misthleo&thorn;u,misthleo&amp;t;u,1,0.001669449081803
77,mode,mode,1,0.001669449081803
77,modigne,modigne,1,0.001669449081803
77,moldhrerendra,moldhrerendra,1,0.001669449081803
77,monna,monna,1,0.001669449081803
77,monnan,monnan,1,0.001669449081803
77,monnes,monnes,1,0.001669449081803
77,morgna,morgna,1,0.001669449081803
77,mot,mot,1,0.001669449081803
77,mote,mote,1,0.001669449081803
77,n&aelig;nig,n&amp;ae;nig,1,0.001669449081803
77,niht,niht,1,0.001669449081803
77,nihte,nihte,1,0.001669449081803
77,nydbibod,nydbibod,1,0.001669449081803
77,o&thorn;&thorn;&aelig;t,o&amp;t;&amp;t;&amp;ae;t,1,0.001669449081803
77,o&thorn;&thorn;e,o&amp;t;&amp;t;e,1,0.001669449081803
77,o&thorn;er,o&amp;t;er,1,0.001669449081803
77,o&thorn;rum,o&amp;t;rum,1,0.001669449081803
77,oft,oft,1,0.001669449081803
77,ongietanne,ongietanne,1,0.001669449081803
77,orgeate,orgeate,1,0.001669449081803
77,p&aelig;&thorn;e&eth;,p&amp;ae;&amp;t;e&amp;d;,1,0.001669449081803
77,r&aelig;df&aelig;ste,r&amp;ae;df&amp;ae;ste,1,0.001669449081803
77,rincas,rincas,1,0.001669449081803
77,ryht,ryht,1,0.001669449081803
77,s&aelig;s,s&amp;ae;s,1,0.001669449081803
77,sceoldon,sceoldon,1,0.001669449081803
77,scir,scir,1,0.001669449081803
77,sculon,sculon,1,0.001669449081803
77,searoruna,searoruna,1,0.001669449081803
77,secgende,secgende,1,0.001669449081803
77,sellan,sellan,1,0.001669449081803
77,sette,sette,1,0.001669449081803
77,si&thorn;&thorn;an,si&amp;t;&amp;t;an,1,0.001669449081803
77,sidne,sidne,1,0.001669449081803
77,sidra,sidra,1,0.001669449081803
77,sigan,sigan,1,0.001669449081803
77,sigora,sigora,1,0.001669449081803
77,sin,sin,1,0.001669449081803
77,snowe&eth;,snowe&amp;d;,1,0.001669449081803
77,so&eth;cyning,so&amp;d;cyning,1,0.001669449081803
77,sped,sped,1,0.001669449081803
77,sprecan,sprecan,1,0.001669449081803
77,stefnbyrd,stefnbyrd,1,0.001669449081803
77,steora,steora,1,0.001669449081803
77,sti&eth;lice,sti&amp;d;lice,1,0.001669449081803
77,sti&thorn;e,sti&amp;t;e,1,0.001669449081803
77,stonda&eth;,stonda&amp;d;,1,0.001669449081803
77,stonde&thorn;,stonde&amp;t;,1,0.001669449081803
77,sunne,sunne,1,0.001669449081803
77,swegl,swegl,1,0.001669449081803
77,swegle,swegle,1,0.001669449081803
77,sweotule,sweotule,1,0.001669449081803
77,sy,sy,1,0.001669449081803
77,sylfra,sylfra,1,0.001669449081803
77,syllan,syllan,1,0.001669449081803
77,sylle,sylle,1,0.001669449081803
77,symbel,symbel,1,0.001669449081803
77,symle,symle,1,0.001669449081803
77,synna,synna,1,0.001669449081803
77,tacen,tacen,1,0.001669449081803
77,teofanade,teofanade,1,0.001669449081803
77,teofenede,teofenede,1,0.001669449081803
77,tid,tid,1,0.001669449081803
77,tih&eth;,tih&amp;d;,1,0.001669449081803
77,unhwylen,unhwylen,1,0.001669449081803
77,unrim,unrim,1,0.001669449081803
77,upcund,upcund,1,0.001669449081803
77,ut,ut,1,0.001669449081803
77,w&aelig;gas,w&amp;ae;gas,1,0.001669449081803
77,w&aelig;ge,w&amp;ae;ge,1,0.001669449081803
77,w&aelig;tra,w&amp;ae;tra,1,0.001669449081803
77,wacia&eth;,wacia&amp;d;,1,0.001669449081803
77,wadan,wadan,1,0.001669449081803
77,wel,wel,1,0.001669449081803
77,westrodor,westrodor,1,0.001669449081803
77,wideferh,wideferh,1,0.001669449081803
77,wihte,wihte,1,0.001669449081803
77,willa&eth;,willa&amp;d;,1,0.001669449081803
77,wille,wille,1,0.001669449081803
77,wilt,wilt,1,0.001669449081803
77,wisdom,wisdom,1,0.001669449081803
77,wislice,wislice,1,0.001669449081803
77,wisne,wisne,1,0.001669449081803
77,wiston,wiston,1,0.001669449081803
77,witan,witan,1,0.001669449081803
77,wlita&eth;,wlita&amp;d;,1,0.001669449081803
77,wlitig,wlitig,1,0.001669449081803
77,wo&eth;boran,wo&amp;d;boran,1,0.001669449081803
77,wolde,wolde,1,0.001669449081803
77,won,won,1,0.001669449081803
77,wonne,wonne,1,0.001669449081803
77,word,word,1,0.001669449081803
77,wordhordes,wordhordes,1,0.001669449081803
77,wordum,wordum,1,0.001669449081803
77,worulde,worulde,1,0.001669449081803
77,wrecan,wrecan,1,0.001669449081803
77,wuldor,wuldor,1,0.001669449081803
77,wuldre,wuldre,1,0.001669449081803
77,wuldres,wuldres,1,0.001669449081803
77,wundra,wundra,1,0.001669449081803
77,wundrum,wundrum,1,0.001669449081803
77,wunia&eth;,wunia&amp;d;,1,0.001669449081803
77,wynne,wynne,1,0.001669449081803
77,wynsum,wynsum,1,0.001669449081803
77,y&thorn;um,y&amp;t;um,1,0.001669449081803
77,ymb,ymb,1,0.001669449081803
