virtual,manuscript,A03.004_Phoen_T00140,1688,1182,1688
RANK,HTML WORD,RAW WORD,COUNT,RELATIVE FREQUENCY
1,ond,ond,103,0.027606539801662
2,ne,ne,69,0.018493701420531
2,on,on,69,0.018493701420531
4,se,se,59,0.015813454837845
5,in,in,58,0.015545430179577
6,&thorn;onne,&amp;t;onne,51,0.013669257571697
7,&thorn;&aelig;t,&amp;t;&amp;ae;t,48,0.012865183596891
8,&thorn;&aelig;r,&amp;t;&amp;ae;r,45,0.012061109622085
9,&thorn;am,&amp;t;am,41,0.010989010989011
10,him,him,40,0.010720986330742
11,he,he,38,0.010184937014205
12,swa,swa,36,0.0096488876976682
13,bi&eth;,bi&amp;d;,34,0.0091128383811311
14,&thorn;a,&amp;t;a,29,0.0077727150897883
15,&thorn;urh,&amp;t;urh,28,0.0075046904315197
16,to,to,27,0.0072366657732511
17,is,is,26,0.0069686411149826
18,&aelig;fter,&amp;ae;fter,25,0.006700616456714
19,ofer,ofer,22,0.0058965424819083
20,eft,eft,21,0.0056285178236398
20,his,his,21,0.0056285178236398
22,mid,mid,20,0.0053604931653712
23,fugel,fugel,18,0.0048244438488341
23,of,of,18,0.0048244438488341
23,under,under,18,0.0048244438488341
26,&thorn;e,&amp;t;e,17,0.0045564191905655
27,&thorn;&aelig;s,&amp;t;&amp;ae;s,15,0.0040203698740284
28,foldan,foldan,12,0.0032162958992227
28,hi,hi,12,0.0032162958992227
28,lif,lif,12,0.0032162958992227
31,&eth;onne,&amp;d;onne,10,0.0026802465826856
31,ac,ac,10,0.0026802465826856
31,eor&thorn;an,eor&amp;t;an,10,0.0026802465826856
31,f&aelig;der,f&amp;ae;der,10,0.0026802465826856
35,&aelig;t,&amp;ae;t,9,0.002412221924417
35,f&aelig;ger,f&amp;ae;ger,9,0.002412221924417
35,lifes,lifes,9,0.002412221924417
35,seo,seo,9,0.002412221924417
39,beo&eth;,beo&amp;d;,8,0.0021441972661485
39,dryhtnes,dryhtnes,8,0.0021441972661485
39,fe&thorn;rum,fe&amp;t;rum,8,0.0021441972661485
39,godes,godes,8,0.0021441972661485
39,heofonum,heofonum,8,0.0021441972661485
39,m&aelig;g,m&amp;ae;g,8,0.0021441972661485
39,o&thorn;&thorn;&aelig;t,o&amp;t;&amp;t;&amp;ae;t,8,0.0021441972661485
39,si&thorn;&thorn;an,si&amp;t;&amp;t;an,8,0.0021441972661485
39,sunnan,sunnan,8,0.0021441972661485
39,woruld,woruld,8,0.0021441972661485
39,wuldres,wuldres,8,0.0021441972661485
39,wundrum,wundrum,8,0.0021441972661485
51,&thorn;one,&amp;t;one,7,0.0018761726078799
51,cyme,cyme,7,0.0018761726078799
51,cyning,cyning,7,0.0018761726078799
51,dryhten,dryhten,7,0.0018761726078799
51,ece,ece,7,0.0018761726078799
51,edniwe,edniwe,7,0.0018761726078799
51,fenix,fenix,7,0.0018761726078799
51,fugles,fugles,7,0.0018761726078799
51,gehwylc,gehwylc,7,0.0018761726078799
51,symle,symle,7,0.0018761726078799
51,tid,tid,7,0.0018761726078799
51,us,us,7,0.0018761726078799
51,weor&thorn;e&eth;,weor&amp;t;e&amp;d;,7,0.0018761726078799
51,wong,wong,7,0.0018761726078799
51,wuldre,wuldre,7,0.0018761726078799
66,&aelig;fre,&amp;ae;fre,6,0.0016081479496114
66,&aelig;r,&amp;ae;r,6,0.0016081479496114
66,&thorn;&aelig;re,&amp;t;&amp;ae;re,6,0.0016081479496114
66,ban,ban,6,0.0016081479496114
66,bi&thorn;,bi&amp;t;,6,0.0016081479496114
66,eard,eard,6,0.0016081479496114
66,f&aelig;gre,f&amp;ae;gre,6,0.0016081479496114
66,feorh,feorh,6,0.0016081479496114
66,fr&aelig;twe,fr&amp;ae;twe,6,0.0016081479496114
66,grene,grene,6,0.0016081479496114
66,heah,heah,6,0.0016081479496114
66,ic,ic,6,0.0016081479496114
66,wynnum,wynnum,6,0.0016081479496114
66,wyrtum,wyrtum,6,0.0016081479496114
80,&aelig;nig,&amp;ae;nig,5,0.0013401232913428
80,&thorn;eah,&amp;t;eah,5,0.0013401232913428
80,anra,anra,5,0.0013401232913428
80,ascan,ascan,5,0.0013401232913428
80,beorhte,beorhte,5,0.0013401232913428
80,cy&thorn;a&eth;,cy&amp;t;a&amp;d;,5,0.0013401232913428
80,dea&eth;,dea&amp;d;,5,0.0013401232913428
80,ealdre,ealdre,5,0.0013401232913428
80,ende,ende,5,0.0013401232913428
80,frod,frod,5,0.0013401232913428
80,fyres,fyres,5,0.0013401232913428
80,geblowen,geblowen,5,0.0013401232913428
80,gewite&eth;,gewite&amp;d;,5,0.0013401232913428
80,gim,gim,5,0.0013401232913428
80,god,god,5,0.0013401232913428
80,halge,halge,5,0.0013401232913428
80,her,her,5,0.0013401232913428
80,hine,hine,5,0.0013401232913428
80,lafe,lafe,5,0.0013401232913428
80,lond,lond,5,0.0013401232913428
80,middangeard,middangeard,5,0.0013401232913428
80,nest,nest,5,0.0013401232913428
80,sindon,sindon,5,0.0013401232913428
80,swegle,swegle,5,0.0013401232913428
80,swegles,swegles,5,0.0013401232913428
80,wlitig,wlitig,5,0.0013401232913428
80,wr&aelig;tlice,wr&amp;ae;tlice,5,0.0013401232913428
80,wyn,wyn,5,0.0013401232913428
80,wyrta,wyrta,5,0.0013401232913428
80,ymb,ymb,5,0.0013401232913428
110,&aelig;&thorn;ela,&amp;ae;&amp;t;ela,4,0.0010720986330742
110,&aelig;lmihtig,&amp;ae;lmihtig,4,0.0010720986330742
110,&thorn;as,&amp;t;as,4,0.0010720986330742
110,&thorn;isses,&amp;t;isses,4,0.0010720986330742
110,&thorn;on,&amp;t;on,4,0.0010720986330742
110,a,a,4,0.0010720986330742
110,beam,beam,4,0.0010720986330742
110,beorhtast,beorhtast,4,0.0010720986330742
110,bifongen,bifongen,4,0.0010720986330742
110,bryne,bryne,4,0.0010720986330742
110,byrig,byrig,4,0.0010720986330742
110,byrne&eth;,byrne&amp;d;,4,0.0010720986330742
110,cl&aelig;ne,cl&amp;ae;ne,4,0.0010720986330742
110,cyme&eth;,cyme&amp;d;,4,0.0010720986330742
110,cynnes,cynnes,4,0.0010720986330742
110,eadig,eadig,4,0.0010720986330742
110,eal,eal,4,0.0010720986330742
110,edgeong,edgeong,4,0.0010720986330742
110,engla,engla,4,0.0010720986330742
110,eor&eth;an,eor&amp;d;an,4,0.0010720986330742
110,fugla,fugla,4,0.0010720986330742
110,fyr,fyr,4,0.0010720986330742
110,g&aelig;stas,g&amp;ae;stas,4,0.0010720986330742
110,gecynd,gecynd,4,0.0010720986330742
110,gefean,gefean,4,0.0010720986330742
110,gehwam,gehwam,4,0.0010720986330742
110,geong,geong,4,0.0010720986330742
110,halgum,halgum,4,0.0010720986330742
110,heanne,heanne,4,0.0010720986330742
110,hiwe,hiwe,4,0.0010720986330742
110,hu,hu,4,0.0010720986330742
110,hw&aelig;&thorn;re,hw&amp;ae;&amp;t;re,4,0.0010720986330742
110,hwonne,hwonne,4,0.0010720986330742
110,hy,hy,4,0.0010720986330742
110,leohte,leohte,4,0.0010720986330742
110,lic,lic,4,0.0010720986330742
110,lig,lig,4,0.0010720986330742
110,lof,lof,4,0.0010720986330742
110,lyfte,lyfte,4,0.0010720986330742
110,meotudes,meotudes,4,0.0010720986330742
110,moldan,moldan,4,0.0010720986330742
110,mot,mot,4,0.0010720986330742
110,mote,mote,4,0.0010720986330742
110,no,no,4,0.0010720986330742
110,oft,oft,4,0.0010720986330742
110,scine&eth;,scine&amp;d;,4,0.0010720986330742
110,secan,secan,4,0.0010720986330742
110,sece&eth;,sece&amp;d;,4,0.0010720986330742
110,si&eth;,si&amp;d;,4,0.0010720986330742
110,sigora,sigora,4,0.0010720986330742
110,sunne,sunne,4,0.0010720986330742
110,tacen,tacen,4,0.0010720986330742
110,togeanes,togeanes,4,0.0010720986330742
110,up,up,4,0.0010720986330742
110,utan,utan,4,0.0010720986330742
110,w&aelig;s,w&amp;ae;s,4,0.0010720986330742
110,w&aelig;stmum,w&amp;ae;stmum,4,0.0010720986330742
110,we,we,4,0.0010720986330742
110,wintra,wintra,4,0.0010720986330742
110,word,word,4,0.0010720986330742
110,yslan,yslan,4,0.0010720986330742
171,&aelig;&thorn;ele,&amp;ae;&amp;t;ele,3,0.00080407397480568
171,&aelig;nlic,&amp;ae;nlic,3,0.00080407397480568
171,&aelig;riste,&amp;ae;riste,3,0.00080407397480568
171,&eth;&aelig;r,&amp;d;&amp;ae;r,3,0.00080407397480568
171,&thorn;enden,&amp;t;enden,3,0.00080407397480568
171,&thorn;ige&eth;,&amp;t;ige&amp;d;,3,0.00080407397480568
171,&thorn;onan,&amp;t;onan,3,0.00080407397480568
171,&thorn;ringa&eth;,&amp;t;ringa&amp;d;,3,0.00080407397480568
171,&thorn;rym,&amp;t;rym,3,0.00080407397480568
171,&thorn;y,&amp;t;y,3,0.00080407397480568
171,afysed,afysed,3,0.00080407397480568
171,ana,ana,3,0.00080407397480568
171,beacna&eth;,beacna&amp;d;,3,0.00080407397480568
171,bl&aelig;d,bl&amp;ae;d,3,0.00080407397480568
171,blede,blede,3,0.00080407397480568
171,bledum,bledum,3,0.00080407397480568
171,breostum,breostum,3,0.00080407397480568
171,butan,butan,3,0.00080407397480568
171,d&aelig;dum,d&amp;ae;dum,3,0.00080407397480568
171,e&thorn;el,e&amp;t;el,3,0.00080407397480568
171,eadge,eadge,3,0.00080407397480568
171,ealle,ealle,3,0.00080407397480568
171,eastan,eastan,3,0.00080407397480568
171,englum,englum,3,0.00080407397480568
171,f&aelig;grum,f&amp;ae;grum,3,0.00080407397480568
171,feor,feor,3,0.00080407397480568
171,for&eth;,for&amp;d;,3,0.00080407397480568
171,fr&aelig;twum,fr&amp;ae;twum,3,0.00080407397480568
171,fuglas,fuglas,3,0.00080407397480568
171,fultum,fultum,3,0.00080407397480568
171,geardum,geardum,3,0.00080407397480568
171,gebysgad,gebysgad,3,0.00080407397480568
171,gedryht,gedryht,3,0.00080407397480568
171,gehw&aelig;s,gehw&amp;ae;s,3,0.00080407397480568
171,gehwone,gehwone,3,0.00080407397480568
171,gelicast,gelicast,3,0.00080407397480568
171,geond,geond,3,0.00080407397480568
171,gescop,gescop,3,0.00080407397480568
171,gesetu,gesetu,3,0.00080407397480568
171,giefe,giefe,3,0.00080407397480568
171,h&aelig;le&thorn;a,h&amp;ae;le&amp;t;a,3,0.00080407397480568
171,halig,halig,3,0.00080407397480568
171,ham,ham,3,0.00080407397480568
171,hea,hea,3,0.00080407397480568
171,heahcyning,heahcyning,3,0.00080407397480568
171,hus,hus,3,0.00080407397480568
171,l&aelig;ne,l&amp;ae;ne,3,0.00080407397480568
171,leofne,leofne,3,0.00080407397480568
171,leoht,leoht,3,0.00080407397480568
171,lichoman,lichoman,3,0.00080407397480568
171,life,life,3,0.00080407397480568
171,lixe&eth;,lixe&amp;d;,3,0.00080407397480568
171,meahtum,meahtum,3,0.00080407397480568
171,men,men,3,0.00080407397480568
171,micel,micel,3,0.00080407397480568
171,moncynnes,moncynnes,3,0.00080407397480568
171,monna,monna,3,0.00080407397480568
171,n&aelig;fre,n&amp;ae;fre,3,0.00080407397480568
171,neotan,neotan,3,0.00080407397480568
171,nis,nis,3,0.00080407397480568
171,nu,nu,3,0.00080407397480568
171,sawla,sawla,3,0.00080407397480568
171,scyne,scyne,3,0.00080407397480568
171,secga&eth;,secga&amp;d;,3,0.00080407397480568
171,si&thorn;um,si&amp;t;um,3,0.00080407397480568
171,sind,sind,3,0.00080407397480568
171,snel,snel,3,0.00080407397480568
171,somna&eth;,somna&amp;d;,3,0.00080407397480568
171,somod,somod,3,0.00080407397480568
171,stencum,stencum,3,0.00080407397480568
171,stonda&eth;,stonda&amp;d;,3,0.00080407397480568
171,strong,strong,3,0.00080407397480568
171,sum,sum,3,0.00080407397480568
171,swinsa&eth;,swinsa&amp;d;,3,0.00080407397480568
171,swylce,swylce,3,0.00080407397480568
171,sylf,sylf,3,0.00080407397480568
171,twelf,twelf,3,0.00080407397480568
171,w&aelig;stmas,w&amp;ae;stmas,3,0.00080407397480568
171,wat,wat,3,0.00080407397480568
171,wear&eth;,wear&amp;d;,3,0.00080407397480568
171,wearda&eth;,wearda&amp;d;,3,0.00080407397480568
171,weorca,weorca,3,0.00080407397480568
171,wi&eth;,wi&amp;d;,3,0.00080407397480568
171,wiht,wiht,3,0.00080407397480568
171,wilda,wilda,3,0.00080407397480568
171,wlite,wlite,3,0.00080407397480568
171,wuldorcyning,wuldorcyning,3,0.00080407397480568
171,wuna&eth;,wuna&amp;d;,3,0.00080407397480568
171,wynsum,wynsum,3,0.00080407397480568
171,wynsume,wynsume,3,0.00080407397480568
261,&aelig;&thorn;elan,&amp;ae;&amp;t;elan,2,0.00053604931653712
261,&aelig;&thorn;elast,&amp;ae;&amp;t;elast,2,0.00053604931653712
261,&aelig;&thorn;elestum,&amp;ae;&amp;t;elestum,2,0.00053604931653712
261,&aelig;&thorn;eling,&amp;ae;&amp;t;eling,2,0.00053604931653712
261,&aelig;&thorn;elne,&amp;ae;&amp;t;elne,2,0.00053604931653712
261,&aelig;ghw&aelig;s,&amp;ae;ghw&amp;ae;s,2,0.00053604931653712
261,&aelig;lda,&amp;ae;lda,2,0.00053604931653712
261,&aelig;le&eth;,&amp;ae;le&amp;d;,2,0.00053604931653712
261,&aelig;r&thorn;on,&amp;ae;r&amp;t;on,2,0.00053604931653712
261,&aelig;rest,&amp;ae;rest,2,0.00053604931653712
261,&eth;us,&amp;d;us,2,0.00053604931653712
261,&thorn;&aelig;tte,&amp;t;&amp;ae;tte,2,0.00053604931653712
261,&thorn;ara,&amp;t;ara,2,0.00053604931653712
261,&thorn;ece&eth;,&amp;t;ece&amp;d;,2,0.00053604931653712
261,&thorn;egun,&amp;t;egun,2,0.00053604931653712
261,&thorn;is,&amp;t;is,2,0.00053604931653712
261,&thorn;isse,&amp;t;isse,2,0.00053604931653712
261,&thorn;reatum,&amp;t;reatum,2,0.00053604931653712
261,&thorn;rymlice,&amp;t;rymlice,2,0.00053604931653712
261,&thorn;us,&amp;t;us,2,0.00053604931653712
261,ade,ade,2,0.00053604931653712
261,agan,agan,2,0.00053604931653712
261,agenne,agenne,2,0.00053604931653712
261,agnum,agnum,2,0.00053604931653712
261,amerede,amerede,2,0.00053604931653712
261,b&aelig;le,b&amp;ae;le,2,0.00053604931653712
261,beald,beald,2,0.00053604931653712
261,bearwes,bearwes,2,0.00053604931653712
261,beorht,beorht,2,0.00053604931653712
261,bi,bi,2,0.00053604931653712
261,bi&thorn;eahte,bi&amp;t;eahte,2,0.00053604931653712
261,bitolden,bitolden,2,0.00053604931653712
261,bl&aelig;st,bl&amp;ae;st,2,0.00053604931653712
261,blice&eth;,blice&amp;d;,2,0.00053604931653712
261,blissum,blissum,2,0.00053604931653712
261,brego,brego,2,0.00053604931653712
261,brimcald,brimcald,2,0.00053604931653712
261,brogden,brogden,2,0.00053604931653712
261,brucan,brucan,2,0.00053604931653712
261,byman,byman,2,0.00053604931653712
261,byre,byre,2,0.00053604931653712
261,cneo,cneo,2,0.00053604931653712
261,cristes,cristes,2,0.00053604931653712
261,cynn,cynn,2,0.00053604931653712
261,d&aelig;ges,d&amp;ae;ges,2,0.00053604931653712
261,dea&thorn;e,dea&amp;t;e,2,0.00053604931653712
261,dom,dom,2,0.00053604931653712
261,domlicum,domlicum,2,0.00053604931653712
261,dreama,dreama,2,0.00053604931653712
261,drohta&eth;,drohta&amp;d;,2,0.00053604931653712
261,dugu&eth;a,dugu&amp;d;a,2,0.00053604931653712
261,eades,eades,2,0.00053604931653712
261,eadgum,eadgum,2,0.00053604931653712
261,eadigra,eadigra,2,0.00053604931653712
261,eall,eall,2,0.00053604931653712
261,ealne,ealne,2,0.00053604931653712
261,ealra,ealra,2,0.00053604931653712
261,earde,earde,2,0.00053604931653712
261,ecan,ecan,2,0.00053604931653712
261,eces,eces,2,0.00053604931653712
261,est,est,2,0.00053604931653712
261,et,et,2,0.00053604931653712
261,f&aelig;&eth;m,f&amp;ae;&amp;d;m,2,0.00053604931653712
261,f&aelig;ste,f&amp;ae;ste,2,0.00053604931653712
261,fe&thorn;re,fe&amp;t;re,2,0.00053604931653712
261,fealwe,fealwe,2,0.00053604931653712
261,fela,fela,2,0.00053604931653712
261,fi&thorn;ru,fi&amp;t;ru,2,0.00053604931653712
261,fira,fira,2,0.00053604931653712
261,fl&aelig;sce,fl&amp;ae;sce,2,0.00053604931653712
261,flyhte,flyhte,2,0.00053604931653712
261,for,for,2,0.00053604931653712
261,for&thorn;on,for&amp;t;on,2,0.00053604931653712
261,fore,fore,2,0.00053604931653712
261,forht,forht,2,0.00053604931653712
261,forst,forst,2,0.00053604931653712
261,fotum,fotum,2,0.00053604931653712
261,frean,frean,2,0.00053604931653712
261,frecnan,frecnan,2,0.00053604931653712
261,from,from,2,0.00053604931653712
261,frym&thorn;e,frym&amp;t;e,2,0.00053604931653712
261,fugle,fugle,2,0.00053604931653712
261,fyrngeweorc,fyrngeweorc,2,0.00053604931653712
261,ge&thorn;ungen,ge&amp;t;ungen,2,0.00053604931653712
261,gearum,gearum,2,0.00053604931653712
261,geblissad,geblissad,2,0.00053604931653712
261,gebringe&eth;,gebringe&amp;d;,2,0.00053604931653712
261,gebrocen,gebrocen,2,0.00053604931653712
261,gecorene,gecorene,2,0.00053604931653712
261,gefe&eth;,gefe&amp;d;,2,0.00053604931653712
261,gefea,gefea,2,0.00053604931653712
261,gefr&aelig;ge,gefr&amp;ae;ge,2,0.00053604931653712
261,gefr&aelig;twad,gefr&amp;ae;twad,2,0.00053604931653712
261,gefr&aelig;twed,gefr&amp;ae;twed,2,0.00053604931653712
261,geg&aelig;dra&eth;,geg&amp;ae;dra&amp;d;,2,0.00053604931653712
261,gehwylcum,gehwylcum,2,0.00053604931653712
261,gelice,gelice,2,0.00053604931653712
261,geniwad,geniwad,2,0.00053604931653712
261,geofona,geofona,2,0.00053604931653712
261,geomormode,geomormode,2,0.00053604931653712
261,geomran,geomran,2,0.00053604931653712
261,georne,georne,2,0.00053604931653712
261,gesece&eth;,gesece&amp;d;,2,0.00053604931653712
261,gesette,gesette,2,0.00053604931653712
261,getimbre&eth;,getimbre&amp;d;,2,0.00053604931653712
261,gewritu,gewritu,2,0.00053604931653712
261,gewritum,gewritum,2,0.00053604931653712
261,gewyrce&eth;,gewyrce&amp;d;,2,0.00053604931653712
261,gimme,gimme,2,0.00053604931653712
261,goda,goda,2,0.00053604931653712
261,gode,gode,2,0.00053604931653712
261,grund,grund,2,0.00053604931653712
261,h&aelig;bbe,h&amp;ae;bbe,2,0.00053604931653712
261,h&aelig;dre,h&amp;ae;dre,2,0.00053604931653712
261,h&aelig;lend,h&amp;ae;lend,2,0.00053604931653712
261,had,had,2,0.00053604931653712
261,hafa&eth;,hafa&amp;d;,2,0.00053604931653712
261,halga,halga,2,0.00053604931653712
261,heafde,heafde,2,0.00053604931653712
261,healfa,healfa,2,0.00053604931653712
261,hearda,hearda,2,0.00053604931653712
261,heofona,heofona,2,0.00053604931653712
261,heortan,heortan,2,0.00053604931653712
261,herga&eth;,herga&amp;d;,2,0.00053604931653712
261,hit,hit,2,0.00053604931653712
261,hleo,hleo,2,0.00053604931653712
261,hlifia&eth;,hlifia&amp;d;,2,0.00053604931653712
261,holtes,holtes,2,0.00053604931653712
261,hreoh,hreoh,2,0.00053604931653712
261,hryre,hryre,2,0.00053604931653712
261,hweorfa&eth;,hweorfa&amp;d;,2,0.00053604931653712
261,hyht,hyht,2,0.00053604931653712
261,hyra,hyra,2,0.00053604931653712
261,innan,innan,2,0.00053604931653712
261,leane,leane,2,0.00053604931653712
261,leohtes,leohtes,2,0.00053604931653712
261,leoma,leoma,2,0.00053604931653712
261,lice,lice,2,0.00053604931653712
261,lices,lices,2,0.00053604931653712
261,lig&thorn;r&aelig;ce,lig&amp;t;r&amp;ae;ce,2,0.00053604931653712
261,lissa,lissa,2,0.00053604931653712
261,lofia&eth;,lofia&amp;d;,2,0.00053604931653712
261,londes,londes,2,0.00053604931653712
261,longne,longne,2,0.00053604931653712
261,lucis,lucis,2,0.00053604931653712
261,lyft,lyft,2,0.00053604931653712
261,m&aelig;ra&eth;,m&amp;ae;ra&amp;d;,2,0.00053604931653712
261,m&aelig;ran,m&amp;ae;ran,2,0.00053604931653712
261,m&aelig;ste,m&amp;ae;ste,2,0.00053604931653712
261,meaht,meaht,2,0.00053604931653712
261,meahta,meahta,2,0.00053604931653712
261,meotude,meotude,2,0.00053604931653712
261,middangeardes,middangeardes,2,0.00053604931653712
261,mode,mode,2,0.00053604931653712
261,monegum,monegum,2,0.00053604931653712
261,monge,monge,2,0.00053604931653712
261,mongum,mongum,2,0.00053604931653712
261,motun,motun,2,0.00053604931653712
261,nan,nan,2,0.00053604931653712
261,neod,neod,2,0.00053604931653712
261,neste,neste,2,0.00053604931653712
261,ni&thorn;,ni&amp;t;,2,0.00053604931653712
261,ni&thorn;a,ni&amp;t;a,2,0.00053604931653712
261,nihtes,nihtes,2,0.00053604931653712
261,niwe,niwe,2,0.00053604931653712
261,o&eth;,o&amp;d;,2,0.00053604931653712
261,on&aelig;led,on&amp;ae;led,2,0.00053604931653712
261,onbryrded,onbryrded,2,0.00053604931653712
261,onette&eth;,onette&amp;d;,2,0.00053604931653712
261,onfeh&eth;,onfeh&amp;d;,2,0.00053604931653712
261,onfon,onfon,2,0.00053604931653712
261,onhliden,onhliden,2,0.00053604931653712
261,onsund,onsund,2,0.00053604931653712
261,onsyn,onsyn,2,0.00053604931653712
261,rice,rice,2,0.00053604931653712
261,sawlum,sawlum,2,0.00053604931653712
261,sce&thorn;&thorn;an,sce&amp;t;&amp;t;an,2,0.00053604931653712
261,sce&thorn;e&eth;,sce&amp;t;e&amp;d;,2,0.00053604931653712
261,sceal,sceal,2,0.00053604931653712
261,sceolde,sceolde,2,0.00053604931653712
261,scir,scir,2,0.00053604931653712
261,scyld,scyld,2,0.00053604931653712
261,selestan,selestan,2,0.00053604931653712
261,sette,sette,2,0.00053604931653712
261,side,side,2,0.00053604931653712
261,sidne,sidne,2,0.00053604931653712
261,singa&eth;,singa&amp;d;,2,0.00053604931653712
261,singe&eth;,singe&amp;d;,2,0.00053604931653712
261,snaw,snaw,2,0.00053604931653712
261,so&eth;cyning,so&amp;d;cyning,2,0.00053604931653712
261,so&eth;f&aelig;stra,so&amp;d;f&amp;ae;stra,2,0.00053604931653712
261,sped,sped,2,0.00053604931653712
261,stefn,stefn,2,0.00053604931653712
261,stefne,stefne,2,0.00053604931653712
261,stenc,stenc,2,0.00053604931653712
261,su&thorn;an,su&amp;t;an,2,0.00053604931653712
261,sumeres,sumeres,2,0.00053604931653712
261,sunbeorht,sunbeorht,2,0.00053604931653712
261,swar,swar,2,0.00053604931653712
261,swe&thorn;ra&eth;,swe&amp;t;ra&amp;d;,2,0.00053604931653712
261,swetum,swetum,2,0.00053604931653712
261,swylthwile,swylthwile,2,0.00053604931653712
261,sy,sy,2,0.00053604931653712
261,sylfes,sylfes,2,0.00053604931653712
261,torhte,torhte,2,0.00053604931653712
261,treow,treow,2,0.00053604931653712
261,tungla,tungla,2,0.00053604931653712
261,tyrf,tyrf,2,0.00053604931653712
261,uplican,uplican,2,0.00053604931653712
261,usse,usse,2,0.00053604931653712
261,w&aelig;stma,w&amp;ae;stma,2,0.00053604931653712
261,w&aelig;ter,w&amp;ae;ter,2,0.00053604931653712
261,wa&thorn;um,wa&amp;t;um,2,0.00053604931653712
261,waldend,waldend,2,0.00053604931653712
261,wearm,wearm,2,0.00053604931653712
261,weaxe&eth;,weaxe&amp;d;,2,0.00053604931653712
261,weder,weder,2,0.00053604931653712
261,wel,wel,2,0.00053604931653712
261,welan,welan,2,0.00053604931653712
261,weor&eth;e&eth;,weor&amp;d;e&amp;d;,2,0.00053604931653712
261,weor&thorn;an,weor&amp;t;an,2,0.00053604931653712
261,weoruda,weoruda,2,0.00053604931653712
261,wesan,wesan,2,0.00053604931653712
261,wic,wic,2,0.00053604931653712
261,wicum,wicum,2,0.00053604931653712
261,wihte,wihte,2,0.00053604931653712
261,wile,wile,2,0.00053604931653712
261,willan,willan,2,0.00053604931653712
261,willum,willum,2,0.00053604931653712
261,wintres,wintres,2,0.00053604931653712
261,wintrum,wintrum,2,0.00053604931653712
261,wlitigan,wlitigan,2,0.00053604931653712
261,wlitige,wlitige,2,0.00053604931653712
261,wo&eth;cr&aelig;fte,wo&amp;d;cr&amp;ae;fte,2,0.00053604931653712
261,wolcen,wolcen,2,0.00053604931653712
261,wolcnum,wolcnum,2,0.00053604931653712
261,wrida&eth;,wrida&amp;d;,2,0.00053604931653712
261,wudu,wudu,2,0.00053604931653712
261,wunia&eth;,wunia&amp;d;,2,0.00053604931653712
261,wunian,wunian,2,0.00053604931653712
261,wylm,wylm,2,0.00053604931653712
261,wynsumra,wynsumra,2,0.00053604931653712
261,wyrhta,wyrhta,2,0.00053604931653712
261,yldran,yldran,2,0.00053604931653712
261,yldu,yldu,2,0.00053604931653712
261,yrm&thorn;u,yrm&amp;t;u,2,0.00053604931653712
507,&aelig;,&amp;ae;,1,0.00026802465826856
507,&aelig;&eth;ele,&amp;ae;&amp;d;ele,1,0.00026802465826856
507,&aelig;&thorn;elstenca,&amp;ae;&amp;t;elstenca,1,0.00026802465826856
507,&aelig;&thorn;eltungla,&amp;ae;&amp;t;eltungla,1,0.00026802465826856
507,&aelig;&thorn;elum,&amp;ae;&amp;t;elum,1,0.00026802465826856
507,&aelig;fest,&amp;ae;fest,1,0.00026802465826856
507,&aelig;gerum,&amp;ae;gerum,1,0.00026802465826856
507,&aelig;ghwylc,&amp;ae;ghwylc,1,0.00026802465826856
507,&aelig;htgestreon,&amp;ae;htgestreon,1,0.00026802465826856
507,&aelig;ldum,&amp;ae;ldum,1,0.00026802465826856
507,&aelig;led,&amp;ae;led,1,0.00026802465826856
507,&aelig;ledfyr,&amp;ae;ledfyr,1,0.00026802465826856
507,&aelig;lmessan,&amp;ae;lmessan,1,0.00026802465826856
507,&aelig;lmihtiga,&amp;ae;lmihtiga,1,0.00026802465826856
507,&aelig;nges,&amp;ae;nges,1,0.00026802465826856
507,&aelig;nigne,&amp;ae;nigne,1,0.00026802465826856
507,&aelig;ples,&amp;ae;ples,1,0.00026802465826856
507,&aelig;ppel,&amp;ae;ppel,1,0.00026802465826856
507,&aelig;pplede,&amp;ae;pplede,1,0.00026802465826856
507,&aelig;rdagum,&amp;ae;rdagum,1,0.00026802465826856
507,&aelig;springe,&amp;ae;springe,1,0.00026802465826856
507,&aelig;te,&amp;ae;te,1,0.00026802465826856
507,&aelig;tsomne,&amp;ae;tsomne,1,0.00026802465826856
507,&eth;&aelig;t,&amp;d;&amp;ae;t,1,0.00026802465826856
507,&eth;a,&amp;d;a,1,0.00026802465826856
507,&eth;e,&amp;d;e,1,0.00026802465826856
507,&eth;eawum,&amp;d;eawum,1,0.00026802465826856
507,&eth;eodnes,&amp;d;eodnes,1,0.00026802465826856
507,&eth;one,&amp;d;one,1,0.00026802465826856
507,&thorn;eahte,&amp;t;eahte,1,0.00026802465826856
507,&thorn;earlic,&amp;t;earlic,1,0.00026802465826856
507,&thorn;ecca&eth;,&amp;t;ecca&amp;d;,1,0.00026802465826856
507,&thorn;egn,&amp;t;egn,1,0.00026802465826856
507,&thorn;egnum,&amp;t;egnum,1,0.00026802465826856
507,&thorn;eoda,&amp;t;eoda,1,0.00026802465826856
507,&thorn;eode,&amp;t;eode,1,0.00026802465826856
507,&thorn;eodne,&amp;t;eodne,1,0.00026802465826856
507,&thorn;eodnes,&amp;t;eodnes,1,0.00026802465826856
507,&thorn;eos,&amp;t;eos,1,0.00026802465826856
507,&thorn;eow,&amp;t;eow,1,0.00026802465826856
507,&thorn;ines,&amp;t;ines,1,0.00026802465826856
507,&thorn;onc,&amp;t;onc,1,0.00026802465826856
507,&thorn;onces,&amp;t;onces,1,0.00026802465826856
507,&thorn;rage,&amp;t;rage,1,0.00026802465826856
507,&thorn;ragum,&amp;t;ragum,1,0.00026802465826856
507,&thorn;riddan,&amp;t;riddan,1,0.00026802465826856
507,&thorn;rist,&amp;t;rist,1,0.00026802465826856
507,&thorn;riwa,&amp;t;riwa,1,0.00026802465826856
507,&thorn;ry&thorn;e,&amp;t;ry&amp;t;e,1,0.00026802465826856
507,&thorn;ry&thorn;um,&amp;t;ry&amp;t;um,1,0.00026802465826856
507,&thorn;rymma,&amp;t;rymma,1,0.00026802465826856
507,&thorn;rymme,&amp;t;rymme,1,0.00026802465826856
507,&thorn;rymsittendum,&amp;t;rymsittendum,1,0.00026802465826856
507,&thorn;u,&amp;t;u,1,0.00026802465826856
507,&thorn;urst,&amp;t;urst,1,0.00026802465826856
507,&thorn;usend,&amp;t;usend,1,0.00026802465826856
507,&thorn;usende,&amp;t;usende,1,0.00026802465826856
507,abywde,abywde,1,0.00026802465826856
507,acende,acende,1,0.00026802465826856
507,acenned,acenned,1,0.00026802465826856
507,acolad,acolad,1,0.00026802465826856
507,ad,ad,1,0.00026802465826856
507,ades,ades,1,0.00026802465826856
507,adleg,adleg,1,0.00026802465826856
507,af&aelig;red,af&amp;ae;red,1,0.00026802465826856
507,afede&eth;,afede&amp;d;,1,0.00026802465826856
507,aflyh&eth;,aflyh&amp;d;,1,0.00026802465826856
507,afyrred,afyrred,1,0.00026802465826856
507,ageald,ageald,1,0.00026802465826856
507,agl&aelig;can,agl&amp;ae;can,1,0.00026802465826856
507,agne,agne,1,0.00026802465826856
507,ahebba&eth;,ahebba&amp;d;,1,0.00026802465826856
507,ahyded,ahyded,1,0.00026802465826856
507,al&aelig;dan,al&amp;ae;dan,1,0.00026802465826856
507,al&aelig;de,al&amp;ae;de,1,0.00026802465826856
507,alleluia,alleluia,1,0.00026802465826856
507,alm&aelig;,alm&amp;ae;,1,0.00026802465826856
507,altis,altis,1,0.00026802465826856
507,alyfed,alyfed,1,0.00026802465826856
507,alyse&eth;,alyse&amp;d;,1,0.00026802465826856
507,and,and,1,0.00026802465826856
507,anforleton,anforleton,1,0.00026802465826856
507,anga,anga,1,0.00026802465826856
507,anhaga,anhaga,1,0.00026802465826856
507,anhoga,anhoga,1,0.00026802465826856
507,anum,anum,1,0.00026802465826856
507,anwald,anwald,1,0.00026802465826856
507,ar,ar,1,0.00026802465826856
507,asc&aelig;ce&eth;,asc&amp;ae;ce&amp;d;,1,0.00026802465826856
507,astelle&eth;,astelle&amp;d;,1,0.00026802465826856
507,asundrad,asundrad,1,0.00026802465826856
507,aswefed,aswefed,1,0.00026802465826856
507,atre,atre,1,0.00026802465826856
507,auctor,auctor,1,0.00026802465826856
507,aweaht,aweaht,1,0.00026802465826856
507,aweaxen,aweaxen,1,0.00026802465826856
507,awece&eth;,awece&amp;d;,1,0.00026802465826856
507,awyrde,awyrde,1,0.00026802465826856
507,b&aelig;c,b&amp;ae;c,1,0.00026802465826856
507,b&aelig;l,b&amp;ae;l,1,0.00026802465826856
507,b&aelig;l&thorn;r&aelig;ce,b&amp;ae;l&amp;t;r&amp;ae;ce,1,0.00026802465826856
507,b&aelig;les,b&amp;ae;les,1,0.00026802465826856
507,ba&eth;a,ba&amp;d;a,1,0.00026802465826856
507,bana,bana,1,0.00026802465826856
507,banf&aelig;t,banf&amp;ae;t,1,0.00026802465826856
507,banfatu,banfatu,1,0.00026802465826856
507,basu,basu,1,0.00026802465826856
507,beacnes,beacnes,1,0.00026802465826856
507,beaducr&aelig;ftig,beaducr&amp;ae;ftig,1,0.00026802465826856
507,beag,beag,1,0.00026802465826856
507,beaga,beaga,1,0.00026802465826856
507,bealosorge,bealosorge,1,0.00026802465826856
507,beama,beama,1,0.00026802465826856
507,beamas,beamas,1,0.00026802465826856
507,beame,beame,1,0.00026802465826856
507,beames,beames,1,0.00026802465826856
507,bearn,bearn,1,0.00026802465826856
507,bearo,bearo,1,0.00026802465826856
507,bearwa,bearwa,1,0.00026802465826856
507,bearwas,bearwas,1,0.00026802465826856
507,bearwe,bearwe,1,0.00026802465826856
507,bebyrge&eth;,bebyrge&amp;d;,1,0.00026802465826856
507,begietan,begietan,1,0.00026802465826856
507,behealdan,behealdan,1,0.00026802465826856
507,beo&thorn;,beo&amp;t;,1,0.00026802465826856
507,beode&eth;,beode&amp;d;,1,0.00026802465826856
507,beorga,beorga,1,0.00026802465826856
507,beorgas,beorgas,1,0.00026802465826856
507,beorge&eth;,beorge&amp;d;,1,0.00026802465826856
507,beorhstede,beorhstede,1,0.00026802465826856
507,beorhta,beorhta,1,0.00026802465826856
507,beorhtan,beorhtan,1,0.00026802465826856
507,beorhtne,beorhtne,1,0.00026802465826856
507,beseted,beseted,1,0.00026802465826856
507,betelda&eth;,betelda&amp;d;,1,0.00026802465826856
507,bewitigan,bewitigan,1,0.00026802465826856
507,bi&thorn;rungen,bi&amp;t;rungen,1,0.00026802465826856
507,biba&thorn;a&eth;,biba&amp;t;a&amp;d;,1,0.00026802465826856
507,bibead,bibead,1,0.00026802465826856
507,biclyppe&eth;,biclyppe&amp;d;,1,0.00026802465826856
507,bide&eth;,bide&amp;d;,1,0.00026802465826856
507,bideglad,bideglad,1,0.00026802465826856
507,biere&eth;,biere&amp;d;,1,0.00026802465826856
507,bige&eth;,bige&amp;d;,1,0.00026802465826856
507,bigengan,bigengan,1,0.00026802465826856
507,bihealdan,bihealdan,1,0.00026802465826856
507,bihealde&thorn;,bihealde&amp;t;,1,0.00026802465826856
507,biholene,biholene,1,0.00026802465826856
507,bihydde,bihydde,1,0.00026802465826856
507,bihyded,bihyded,1,0.00026802465826856
507,binumene,binumene,1,0.00026802465826856
507,bisete&eth;,bisete&amp;d;,1,0.00026802465826856
507,biseted,biseted,1,0.00026802465826856
507,bisorga&eth;,bisorga&amp;d;,1,0.00026802465826856
507,biswac,biswac,1,0.00026802465826856
507,bitelde&eth;,bitelde&amp;d;,1,0.00026802465826856
507,bitres,bitres,1,0.00026802465826856
507,bitter,bitter,1,0.00026802465826856
507,bittre,bittre,1,0.00026802465826856
507,bityned,bityned,1,0.00026802465826856
507,biweaxen,biweaxen,1,0.00026802465826856
507,biwunden,biwunden,1,0.00026802465826856
507,bl&aelig;ddaga,bl&amp;ae;ddaga,1,0.00026802465826856
507,blacum,blacum,1,0.00026802465826856
507,blandem,blandem,1,0.00026802465826856
507,bleobrygdum,bleobrygdum,1,0.00026802465826856
507,bletsia&eth;,bletsia&amp;d;,1,0.00026802465826856
507,bli&thorn;an,bli&amp;t;an,1,0.00026802465826856
507,bli&thorn;e,bli&amp;t;e,1,0.00026802465826856
507,blican,blican,1,0.00026802465826856
507,blice,blice,1,0.00026802465826856
507,blostman,blostman,1,0.00026802465826856
507,blostmum,blostmum,1,0.00026802465826856
507,br&aelig;d,br&amp;ae;d,1,0.00026802465826856
507,breahtme,breahtme,1,0.00026802465826856
507,breca&eth;,breca&amp;d;,1,0.00026802465826856
507,bregu,bregu,1,0.00026802465826856
507,breost,breost,1,0.00026802465826856
507,breostsefa,breostsefa,1,0.00026802465826856
507,brice&eth;,brice&amp;d;,1,0.00026802465826856
507,brid,brid,1,0.00026802465826856
507,briddes,briddes,1,0.00026802465826856
507,bringa&eth;,bringa&amp;d;,1,0.00026802465826856
507,brond,brond,1,0.00026802465826856
507,brondes,brondes,1,0.00026802465826856
507,brosnia&eth;,brosnia&amp;d;,1,0.00026802465826856
507,brun,brun,1,0.00026802465826856
507,bu,bu,1,0.00026802465826856
507,buga&eth;,buga&amp;d;,1,0.00026802465826856
507,burgum,burgum,1,0.00026802465826856
507,burnan,burnan,1,0.00026802465826856
507,byrgdon,byrgdon,1,0.00026802465826856
507,byrgenum,byrgenum,1,0.00026802465826856
507,caldum,caldum,1,0.00026802465826856
507,caseres,caseres,1,0.00026802465826856
507,celo,celo,1,0.00026802465826856
507,cempa,cempa,1,0.00026802465826856
507,cempan,cempan,1,0.00026802465826856
507,cenned,cenned,1,0.00026802465826856
507,ceosa&eth;,ceosa&amp;d;,1,0.00026802465826856
507,ceose,ceose,1,0.00026802465826856
507,cildes,cildes,1,0.00026802465826856
507,cl&aelig;na,cl&amp;ae;na,1,0.00026802465826856
507,cl&aelig;num,cl&amp;ae;num,1,0.00026802465826856
507,clam,clam,1,0.00026802465826856
507,cleowenne,cleowenne,1,0.00026802465826856
507,cnyse&eth;,cnyse&amp;d;,1,0.00026802465826856
507,condelle,condelle,1,0.00026802465826856
507,cor&eth;ra,cor&amp;d;ra,1,0.00026802465826856
507,cornes,cornes,1,0.00026802465826856
507,cr&aelig;ftum,cr&amp;ae;ftum,1,0.00026802465826856
507,crist,crist,1,0.00026802465826856
507,cuman,cuman,1,0.00026802465826856
507,cwealm,cwealm,1,0.00026802465826856
507,cy&thorn;&thorn;u,cy&amp;t;&amp;t;u,1,0.00026802465826856
507,cylegicelum,cylegicelum,1,0.00026802465826856
507,cyn,cyn,1,0.00026802465826856
507,cyne&thorn;rym,cyne&amp;t;rym,1,0.00026802465826856
507,cynegold,cynegold,1,0.00026802465826856
507,cyninges,cyninges,1,0.00026802465826856
507,cynne,cynne,1,0.00026802465826856
507,cyrra&eth;,cyrra&amp;d;,1,0.00026802465826856
507,d&aelig;da,d&amp;ae;da,1,0.00026802465826856
507,d&aelig;g,d&amp;ae;g,1,0.00026802465826856
507,d&aelig;ge,d&amp;ae;ge,1,0.00026802465826856
507,d&aelig;gred,d&amp;ae;gred,1,0.00026802465826856
507,d&aelig;l,d&amp;ae;l,1,0.00026802465826856
507,d&aelig;le&eth;,d&amp;ae;le&amp;d;,1,0.00026802465826856
507,dalu,dalu,1,0.00026802465826856
507,dea&eth;dene,dea&amp;d;dene,1,0.00026802465826856
507,dea&eth;e,dea&amp;d;e,1,0.00026802465826856
507,dea&eth;r&aelig;ced,dea&amp;d;r&amp;ae;ced,1,0.00026802465826856
507,dea&thorn;,dea&amp;t;,1,0.00026802465826856
507,dea&thorn;es,dea&amp;t;es,1,0.00026802465826856
507,deal,deal,1,0.00026802465826856
507,deman,deman,1,0.00026802465826856
507,dene,dene,1,0.00026802465826856
507,deorca,deorca,1,0.00026802465826856
507,deorce,deorce,1,0.00026802465826856
507,deorcne,deorcne,1,0.00026802465826856
507,deore,deore,1,0.00026802465826856
507,deormod,deormod,1,0.00026802465826856
507,dogorrimes,dogorrimes,1,0.00026802465826856
507,dohtrum,dohtrum,1,0.00026802465826856
507,domes,domes,1,0.00026802465826856
507,dream,dream,1,0.00026802465826856
507,dreamas,dreamas,1,0.00026802465826856
507,dreames,dreames,1,0.00026802465826856
507,dreoge&eth;,dreoge&amp;d;,1,0.00026802465826856
507,dreosa&eth;,dreosa&amp;d;,1,0.00026802465826856
507,dreose&eth;,dreose&amp;d;,1,0.00026802465826856
507,drusende,drusende,1,0.00026802465826856
507,dryhtne,dryhtne,1,0.00026802465826856
507,dryhtum,dryhtum,1,0.00026802465826856
507,drymendra,drymendra,1,0.00026802465826856
507,dryre,dryre,1,0.00026802465826856
507,duge&thorn;a,duge&amp;t;a,1,0.00026802465826856
507,dunscrafu,dunscrafu,1,0.00026802465826856
507,duru,duru,1,0.00026802465826856
507,dw&aelig;sce&thorn;,dw&amp;ae;sce&amp;t;,1,0.00026802465826856
507,e&eth;le,e&amp;d;le,1,0.00026802465826856
507,e&eth;les,e&amp;d;les,1,0.00026802465826856
507,e&thorn;ellond,e&amp;t;ellond,1,0.00026802465826856
507,e&thorn;eltyrf,e&amp;t;eltyrf,1,0.00026802465826856
507,eac,eac,1,0.00026802465826856
507,ead,ead,1,0.00026802465826856
507,eadga,eadga,1,0.00026802465826856
507,eadgan,eadgan,1,0.00026802465826856
507,eadwela,eadwela,1,0.00026802465826856
507,eadwelum,eadwelum,1,0.00026802465826856
507,eaferum,eaferum,1,0.00026802465826856
507,eaggebyrd,eaggebyrd,1,0.00026802465826856
507,ealdcy&eth;&thorn;e,ealdcy&amp;d;&amp;t;e,1,0.00026802465826856
507,ealdcy&eth;&thorn;u,ealdcy&amp;d;&amp;t;u,1,0.00026802465826856
507,ealdfeonda,ealdfeonda,1,0.00026802465826856
507,ealdfeondes,ealdfeondes,1,0.00026802465826856
507,ealdne,ealdne,1,0.00026802465826856
507,ealdor,ealdor,1,0.00026802465826856
507,ealdordom,ealdordom,1,0.00026802465826856
507,ealdum,ealdum,1,0.00026802465826856
507,ealles,ealles,1,0.00026802465826856
507,eallum,eallum,1,0.00026802465826856
507,ealonde,ealonde,1,0.00026802465826856
507,eardes,eardes,1,0.00026802465826856
507,eardinga,eardinga,1,0.00026802465826856
507,eardstede,eardstede,1,0.00026802465826856
507,eardwic,eardwic,1,0.00026802465826856
507,earme,earme,1,0.00026802465826856
507,earmum,earmum,1,0.00026802465826856
507,earna&eth;,earna&amp;d;,1,0.00026802465826856
507,earne,earne,1,0.00026802465826856
507,earnes,earnes,1,0.00026802465826856
507,eart,eart,1,0.00026802465826856
507,eastd&aelig;lum,eastd&amp;ae;lum,1,0.00026802465826856
507,eastwegum,eastwegum,1,0.00026802465826856
507,edgiong,edgiong,1,0.00026802465826856
507,edniwinga,edniwinga,1,0.00026802465826856
507,edwenden,edwenden,1,0.00026802465826856
507,efenhleo&thorn;re,efenhleo&amp;t;re,1,0.00026802465826856
507,egeslic,egeslic,1,0.00026802465826856
507,egsan,egsan,1,0.00026802465826856
507,elne,elne,1,0.00026802465826856
507,endige,endige,1,0.00026802465826856
507,enga,enga,1,0.00026802465826856
507,eor&eth;wege,eor&amp;d;wege,1,0.00026802465826856
507,eorcnanstanum,eorcnanstanum,1,0.00026802465826856
507,eoredciestum,eoredciestum,1,0.00026802465826856
507,eorl,eorl,1,0.00026802465826856
507,eorla,eorla,1,0.00026802465826856
507,estan,estan,1,0.00026802465826856
507,f&aelig;&eth;mrimes,f&amp;ae;&amp;d;mrimes,1,0.00026802465826856
507,f&aelig;cne,f&amp;ae;cne,1,0.00026802465826856
507,f&aelig;gerran,f&amp;ae;gerran,1,0.00026802465826856
507,f&aelig;ges,f&amp;ae;ges,1,0.00026802465826856
507,f&aelig;grestum,f&amp;ae;grestum,1,0.00026802465826856
507,f&aelig;ringa,f&amp;ae;ringa,1,0.00026802465826856
507,f&aelig;st,f&amp;ae;st,1,0.00026802465826856
507,f&aelig;stne,f&amp;ae;stne,1,0.00026802465826856
507,facne,facne,1,0.00026802465826856
507,facnes,facnes,1,0.00026802465826856
507,fag,fag,1,0.00026802465826856
507,fah,fah,1,0.00026802465826856
507,fara&eth;,fara&amp;d;,1,0.00026802465826856
507,fare&eth;,fare&amp;d;,1,0.00026802465826856
507,fe&eth;re,fe&amp;d;re,1,0.00026802465826856
507,fe&eth;rum,fe&amp;d;rum,1,0.00026802465826856
507,fe&thorn;erhoma,fe&amp;t;erhoma,1,0.00026802465826856
507,fealla&eth;,fealla&amp;d;,1,0.00026802465826856
507,fealle&thorn;,fealle&amp;t;,1,0.00026802465826856
507,fealo,fealo,1,0.00026802465826856
507,feld,feld,1,0.00026802465826856
507,feng,feng,1,0.00026802465826856
507,feond,feond,1,0.00026802465826856
507,feondes,feondes,1,0.00026802465826856
507,feorg,feorg,1,0.00026802465826856
507,feorhgeong,feorhgeong,1,0.00026802465826856
507,feorhhord,feorhhord,1,0.00026802465826856
507,feorma&eth;,feorma&amp;d;,1,0.00026802465826856
507,feorran,feorran,1,0.00026802465826856
507,fer&eth;,fer&amp;d;,1,0.00026802465826856
507,fer&thorn;&thorn;e,fer&amp;t;&amp;t;e,1,0.00026802465826856
507,fi&thorn;rum,fi&amp;t;rum,1,0.00026802465826856
507,fine,fine,1,0.00026802465826856
507,finta,finta,1,0.00026802465826856
507,firgenstream,firgenstream,1,0.00026802465826856
507,firum,firum,1,0.00026802465826856
507,fl&aelig;sc,fl&amp;ae;sc,1,0.00026802465826856
507,fleogan,fleogan,1,0.00026802465826856
507,fleoge&eth;,fleoge&amp;d;,1,0.00026802465826856
507,flodwylmum,flodwylmum,1,0.00026802465826856
507,flyh&eth;,flyh&amp;d;,1,0.00026802465826856
507,flyhthwate,flyhthwate,1,0.00026802465826856
507,flyhthwates,flyhthwates,1,0.00026802465826856
507,fn&aelig;st,fn&amp;ae;st,1,0.00026802465826856
507,foddor,foddor,1,0.00026802465826856
507,fodor&thorn;ege,fodor&amp;t;ege,1,0.00026802465826856
507,folca,folca,1,0.00026802465826856
507,folcagendra,folcagendra,1,0.00026802465826856
507,folcum,folcum,1,0.00026802465826856
507,folde,folde,1,0.00026802465826856
507,foldw&aelig;stmum,foldw&amp;ae;stmum,1,0.00026802465826856
507,folgia&eth;,folgia&amp;d;,1,0.00026802465826856
507,for&eth;weardne,for&amp;d;weardne,1,0.00026802465826856
507,for&thorn;ylmde,for&amp;t;ylmde,1,0.00026802465826856
507,foran,foran,1,0.00026802465826856
507,forbirste&eth;,forbirste&amp;d;,1,0.00026802465826856
507,forbodene,forbodene,1,0.00026802465826856
507,foregengan,foregengan,1,0.00026802465826856
507,foremihtig,foremihtig,1,0.00026802465826856
507,forgeaf,forgeaf,1,0.00026802465826856
507,forgiefen,forgiefen,1,0.00026802465826856
507,forgife&eth;,forgife&amp;d;,1,0.00026802465826856
507,forgildan,forgildan,1,0.00026802465826856
507,forgripe&eth;,forgripe&amp;d;,1,0.00026802465826856
507,forgrunden,forgrunden,1,0.00026802465826856
507,forhycge,forhycge,1,0.00026802465826856
507,fornom,fornom,1,0.00026802465826856
507,forstes,forstes,1,0.00026802465826856
507,forswele&eth;,forswele&amp;d;,1,0.00026802465826856
507,forweard,forweard,1,0.00026802465826856
507,fotas,fotas,1,0.00026802465826856
507,fr&aelig;twa,fr&amp;ae;twa,1,0.00026802465826856
507,frefrend,frefrend,1,0.00026802465826856
507,fremma&eth;,fremma&amp;d;,1,0.00026802465826856
507,freo&thorn;u,freo&amp;t;u,1,0.00026802465826856
507,fromlice,fromlice,1,0.00026802465826856
507,fruma,fruma,1,0.00026802465826856
507,fruman,fruman,1,0.00026802465826856
507,frym&eth;,frym&amp;d;,1,0.00026802465826856
507,frym&eth;a,frym&amp;d;a,1,0.00026802465826856
507,frym&eth;e,frym&amp;d;e,1,0.00026802465826856
507,frym&thorn;a,frym&amp;t;a,1,0.00026802465826856
507,fugelas,fugelas,1,0.00026802465826856
507,fugeltimber,fugeltimber,1,0.00026802465826856
507,fugol,fugol,1,0.00026802465826856
507,ful,ful,1,0.00026802465826856
507,fur&thorn;or,fur&amp;t;or,1,0.00026802465826856
507,fus,fus,1,0.00026802465826856
507,fylle,fylle,1,0.00026802465826856
507,fyra,fyra,1,0.00026802465826856
507,fyrba&eth;e,fyrba&amp;d;e,1,0.00026802465826856
507,fyre,fyre,1,0.00026802465826856
507,fyrndagum,fyrndagum,1,0.00026802465826856
507,fyrngearum,fyrngearum,1,0.00026802465826856
507,fyrngesceap,fyrngesceap,1,0.00026802465826856
507,fyrngesetu,fyrngesetu,1,0.00026802465826856
507,fyrstmearce,fyrstmearce,1,0.00026802465826856
507,g&aelig;dra&eth;,g&amp;ae;dra&amp;d;,1,0.00026802465826856
507,g&aelig;st,g&amp;ae;st,1,0.00026802465826856
507,g&aelig;sta,g&amp;ae;sta,1,0.00026802465826856
507,g&aelig;stes,g&amp;ae;stes,1,0.00026802465826856
507,garsecg,garsecg,1,0.00026802465826856
507,gaudia,gaudia,1,0.00026802465826856
507,ge,ge,1,0.00026802465826856
507,ge&thorn;oncum,ge&amp;t;oncum,1,0.00026802465826856
507,ge&thorn;ry&thorn;ed,ge&amp;t;ry&amp;t;ed,1,0.00026802465826856
507,geador,geador,1,0.00026802465826856
507,geaflas,geaflas,1,0.00026802465826856
507,geardagum,geardagum,1,0.00026802465826856
507,gearwian,gearwian,1,0.00026802465826856
507,geascad,geascad,1,0.00026802465826856
507,geb&aelig;ru,geb&amp;ae;ru,1,0.00026802465826856
507,gebead,gebead,1,0.00026802465826856
507,gebedu,gebedu,1,0.00026802465826856
507,gebidan,gebidan,1,0.00026802465826856
507,gebide&thorn;,gebide&amp;t;,1,0.00026802465826856
507,geblonden,geblonden,1,0.00026802465826856
507,geblowene,geblowene,1,0.00026802465826856
507,gebod,gebod,1,0.00026802465826856
507,gebreadad,gebreadad,1,0.00026802465826856
507,gebredade,gebredade,1,0.00026802465826856
507,gebregd,gebregd,1,0.00026802465826856
507,gebrosnad,gebrosnad,1,0.00026802465826856
507,gebyrd,gebyrd,1,0.00026802465826856
507,gebyrge,gebyrge,1,0.00026802465826856
507,geceose&eth;,geceose&amp;d;,1,0.00026802465826856
507,geclungne,geclungne,1,0.00026802465826856
507,gecornum,gecornum,1,0.00026802465826856
507,gecw&aelig;&eth;,gecw&amp;ae;&amp;d;,1,0.00026802465826856
507,gecyg&eth;,gecyg&amp;d;,1,0.00026802465826856
507,gecynde,gecynde,1,0.00026802465826856
507,ged&aelig;led,ged&amp;ae;led,1,0.00026802465826856
507,gedal,gedal,1,0.00026802465826856
507,gedemed,gedemed,1,0.00026802465826856
507,geealdad,geealdad,1,0.00026802465826856
507,geeawe,geeawe,1,0.00026802465826856
507,geendad,geendad,1,0.00026802465826856
507,gef&aelig;r,gef&amp;ae;r,1,0.00026802465826856
507,gefealic,gefealic,1,0.00026802465826856
507,gefeged,gefeged,1,0.00026802465826856
507,gefere,gefere,1,0.00026802465826856
507,gefremede,gefremede,1,0.00026802465826856
507,gefremma&thorn;,gefremma&amp;t;,1,0.00026802465826856
507,gefremme,gefremme,1,0.00026802465826856
507,gefreo&thorn;a,gefreo&amp;t;a,1,0.00026802465826856
507,gefreogum,gefreogum,1,0.00026802465826856
507,gefrugnen,gefrugnen,1,0.00026802465826856
507,gefylgan,gefylgan,1,0.00026802465826856
507,gefylle&eth;,gefylle&amp;d;,1,0.00026802465826856
507,gefylled,gefylled,1,0.00026802465826856
507,gehealden,gehealden,1,0.00026802465826856
507,gehefgad,gehefgad,1,0.00026802465826856
507,gehegan,gehegan,1,0.00026802465826856
507,geheoldan,geheoldan,1,0.00026802465826856
507,gehladene,gehladene,1,0.00026802465826856
507,gehongen,gehongen,1,0.00026802465826856
507,gehongne,gehongne,1,0.00026802465826856
507,gehroden,gehroden,1,0.00026802465826856
507,gehw&aelig;&eth;er,gehw&amp;ae;&amp;d;er,1,0.00026802465826856
507,gehwane,gehwane,1,0.00026802465826856
507,gehware,gehware,1,0.00026802465826856
507,gehwylces,gehwylces,1,0.00026802465826856
507,gehygdum,gehygdum,1,0.00026802465826856
507,gehyra&eth;,gehyra&amp;d;,1,0.00026802465826856
507,gehyrdun,gehyrdun,1,0.00026802465826856
507,gel&aelig;de&eth;,gel&amp;ae;de&amp;d;,1,0.00026802465826856
507,geleafan,geleafan,1,0.00026802465826856
507,gelic,gelic,1,0.00026802465826856
507,gelices,gelices,1,0.00026802465826856
507,gelicnes,gelicnes,1,0.00026802465826856
507,gemah,gemah,1,0.00026802465826856
507,gemearca&eth;,gemearca&amp;d;,1,0.00026802465826856
507,gemearcad,gemearcad,1,0.00026802465826856
507,gemete&eth;,gemete&amp;d;,1,0.00026802465826856
507,gemeted,gemeted,1,0.00026802465826856
507,gemonge,gemonge,1,0.00026802465826856
507,gemot,gemot,1,0.00026802465826856
507,geneosa&eth;,geneosa&amp;d;,1,0.00026802465826856
507,geofones,geofones,1,0.00026802465826856
507,geomor,geomor,1,0.00026802465826856
507,geondfara&eth;,geondfara&amp;d;,1,0.00026802465826856
507,geondlace,geondlace,1,0.00026802465826856
507,geondwlite&eth;,geondwlite&amp;d;,1,0.00026802465826856
507,geongra,geongra,1,0.00026802465826856
507,geornor,geornor,1,0.00026802465826856
507,ges&aelig;liga,ges&amp;ae;liga,1,0.00026802465826856
507,gesceaft,gesceaft,1,0.00026802465826856
507,gesceapu,gesceapu,1,0.00026802465826856
507,gescine&thorn;,gescine&amp;t;,1,0.00026802465826856
507,gescod,gescod,1,0.00026802465826856
507,gescodan,gescodan,1,0.00026802465826856
507,gescylded,gescylded,1,0.00026802465826856
507,geseca&eth;,geseca&amp;d;,1,0.00026802465826856
507,geseon,geseon,1,0.00026802465826856
507,gesittan,gesittan,1,0.00026802465826856
507,gesomna&eth;,gesomna&amp;d;,1,0.00026802465826856
507,gesta&thorn;elad,gesta&amp;t;elad,1,0.00026802465826856
507,gestryna&thorn;,gestryna&amp;t;,1,0.00026802465826856
507,geswiged,geswiged,1,0.00026802465826856
507,geswin,geswin,1,0.00026802465826856
507,geweaxen,geweaxen,1,0.00026802465826856
507,geweor&eth;ad,geweor&amp;d;ad,1,0.00026802465826856
507,geweor&eth;e,geweor&amp;d;e,1,0.00026802465826856
507,geweor&thorn;e&eth;,geweor&amp;t;e&amp;d;,1,0.00026802465826856
507,gewica&eth;,gewica&amp;d;,1,0.00026802465826856
507,gewin,gewin,1,0.00026802465826856
507,gewindagas,gewindagas,1,0.00026802465826856
507,gewite,gewite,1,0.00026802465826856
507,gewiten,gewiten,1,0.00026802465826856
507,gewittes,gewittes,1,0.00026802465826856
507,gewlitegad,gewlitegad,1,0.00026802465826856
507,gewunien,gewunien,1,0.00026802465826856
507,gewyrdan,gewyrdan,1,0.00026802465826856
507,gewyrtad,gewyrtad,1,0.00026802465826856
507,gieddade,gieddade,1,0.00026802465826856
507,gieddinga,gieddinga,1,0.00026802465826856
507,gieltas,gieltas,1,0.00026802465826856
507,gifre,gifre,1,0.00026802465826856
507,gimma,gimma,1,0.00026802465826856
507,gin,gin,1,0.00026802465826856
507,giong,giong,1,0.00026802465826856
507,gl&aelig;dmod,gl&amp;ae;dmod,1,0.00026802465826856
507,gl&aelig;dmode,gl&amp;ae;dmode,1,0.00026802465826856
507,gl&aelig;dum,gl&amp;ae;dum,1,0.00026802465826856
507,gl&aelig;m,gl&amp;ae;m,1,0.00026802465826856
507,gl&aelig;s,gl&amp;ae;s,1,0.00026802465826856
507,gladan,gladan,1,0.00026802465826856
507,gladost,gladost,1,0.00026802465826856
507,gladum,gladum,1,0.00026802465826856
507,gleaw,gleaw,1,0.00026802465826856
507,gleawe,gleawe,1,0.00026802465826856
507,gleawmod,gleawmod,1,0.00026802465826856
507,glenge&eth;,glenge&amp;d;,1,0.00026802465826856
507,glidan,glidan,1,0.00026802465826856
507,gliwe,gliwe,1,0.00026802465826856
507,godbearnes,godbearnes,1,0.00026802465826856
507,godd&aelig;dum,godd&amp;ae;dum,1,0.00026802465826856
507,godra,godra,1,0.00026802465826856
507,gold,gold,1,0.00026802465826856
507,goldfate,goldfate,1,0.00026802465826856
507,gomel,gomel,1,0.00026802465826856
507,gomol,gomol,1,0.00026802465826856
507,gong,gong,1,0.00026802465826856
507,gonga&eth;,gonga&amp;d;,1,0.00026802465826856
507,gr&aelig;dig,gr&amp;ae;dig,1,0.00026802465826856
507,gr&aelig;swonge,gr&amp;ae;swonge,1,0.00026802465826856
507,greote,greote,1,0.00026802465826856
507,greotes,greotes,1,0.00026802465826856
507,grimme,grimme,1,0.00026802465826856
507,gu&eth;frecan,gu&amp;d;frecan,1,0.00026802465826856
507,gud&aelig;da,gud&amp;ae;da,1,0.00026802465826856
507,guma,guma,1,0.00026802465826856
507,gumum,gumum,1,0.00026802465826856
507,gyfena,gyfena,1,0.00026802465826856
507,gyfl,gyfl,1,0.00026802465826856
507,gylte,gylte,1,0.00026802465826856
507,gyrne,gyrne,1,0.00026802465826856
507,gyrne&eth;,gyrne&amp;d;,1,0.00026802465826856
507,h&aelig;fdon,h&amp;ae;fdon,1,0.00026802465826856
507,h&aelig;gl,h&amp;ae;gl,1,0.00026802465826856
507,h&aelig;gles,h&amp;ae;gles,1,0.00026802465826856
507,h&aelig;le,h&amp;ae;le,1,0.00026802465826856
507,h&aelig;lende,h&amp;ae;lende,1,0.00026802465826856
507,h&aelig;rfeste,h&amp;ae;rfeste,1,0.00026802465826856
507,h&aelig;tu,h&amp;ae;tu,1,0.00026802465826856
507,habba&thorn;,habba&amp;t;,1,0.00026802465826856
507,hador,hador,1,0.00026802465826856
507,halgan,halgan,1,0.00026802465826856
507,halges,halges,1,0.00026802465826856
507,haliges,haliges,1,0.00026802465826856
507,haligra,haligra,1,0.00026802465826856
507,hals,hals,1,0.00026802465826856
507,hames,hames,1,0.00026802465826856
507,haswa,haswa,1,0.00026802465826856
507,haswigfe&eth;ra,haswigfe&amp;d;ra,1,0.00026802465826856
507,hat,hat,1,0.00026802465826856
507,hata,hata,1,0.00026802465826856
507,hata&eth;,hata&amp;d;,1,0.00026802465826856
507,hate,hate,1,0.00026802465826856
507,haten,haten,1,0.00026802465826856
507,hatost,hatost,1,0.00026802465826856
507,hea&thorn;orofes,hea&amp;t;orofes,1,0.00026802465826856
507,heafelan,heafelan,1,0.00026802465826856
507,heafod,heafod,1,0.00026802465826856
507,heahmod,heahmod,1,0.00026802465826856
507,heahseld,heahseld,1,0.00026802465826856
507,heahsetle,heahsetle,1,0.00026802465826856
507,healda&thorn;,healda&amp;t;,1,0.00026802465826856
507,healdan,healdan,1,0.00026802465826856
507,healde&eth;,healde&amp;d;,1,0.00026802465826856
507,hean,hean,1,0.00026802465826856
507,heannesse,heannesse,1,0.00026802465826856
507,heapum,heapum,1,0.00026802465826856
507,hearmra,hearmra,1,0.00026802465826856
507,hearpan,hearpan,1,0.00026802465826856
507,hefe&eth;,hefe&amp;d;,1,0.00026802465826856
507,helpe,helpe,1,0.00026802465826856
507,heo,heo,1,0.00026802465826856
507,heofon,heofon,1,0.00026802465826856
507,heofonas,heofonas,1,0.00026802465826856
507,heofoncyninges,heofoncyninges,1,0.00026802465826856
507,heofones,heofones,1,0.00026802465826856
507,heofonrices,heofonrices,1,0.00026802465826856
507,heofontunglum,heofontunglum,1,0.00026802465826856
507,heofuna,heofuna,1,0.00026802465826856
507,heofunhrofe,heofunhrofe,1,0.00026802465826856
507,heolstorcofan,heolstorcofan,1,0.00026802465826856
507,heolstre,heolstre,1,0.00026802465826856
507,heonan,heonan,1,0.00026802465826856
507,heorodreorges,heorodreorges,1,0.00026802465826856
507,herra,herra,1,0.00026802465826856
507,hettende,hettende,1,0.00026802465826856
507,hidercyme,hidercyme,1,0.00026802465826856
507,hige,hige,1,0.00026802465826856
507,hindan,hindan,1,0.00026802465826856
507,hindanweard,hindanweard,1,0.00026802465826856
507,hinderweard,hinderweard,1,0.00026802465826856
507,hl&aelig;was,hl&amp;ae;was,1,0.00026802465826856
507,hleo&eth;res,hleo&amp;d;res,1,0.00026802465826856
507,hleo&thorn;or,hleo&amp;t;or,1,0.00026802465826856
507,hleo&thorn;orcwide,hleo&amp;t;orcwide,1,0.00026802465826856
507,hleo&thorn;ra,hleo&amp;t;ra,1,0.00026802465826856
507,hleo&thorn;ria&eth;,hleo&amp;t;ria&amp;d;,1,0.00026802465826856
507,hleona&eth;,hleona&amp;d;,1,0.00026802465826856
507,hlifa&eth;,hlifa&amp;d;,1,0.00026802465826856
507,hlincas,hlincas,1,0.00026802465826856
507,hluttor,hluttor,1,0.00026802465826856
507,hlyn,hlyn,1,0.00026802465826856
507,hlyst,hlyst,1,0.00026802465826856
507,hof,hof,1,0.00026802465826856
507,hold,hold,1,0.00026802465826856
507,holm&thorn;r&aelig;ce,holm&amp;t;r&amp;ae;ce,1,0.00026802465826856
507,holt,holt,1,0.00026802465826856
507,holtwuda,holtwuda,1,0.00026802465826856
507,hond,hond,1,0.00026802465826856
507,hornas,hornas,1,0.00026802465826856
507,hra,hra,1,0.00026802465826856
507,hrawerig,hrawerig,1,0.00026802465826856
507,hremig,hremig,1,0.00026802465826856
507,hremige,hremige,1,0.00026802465826856
507,hreora,hreora,1,0.00026802465826856
507,hreosa&eth;,hreosa&amp;d;,1,0.00026802465826856
507,hrim,hrim,1,0.00026802465826856
507,hrimes,hrimes,1,0.00026802465826856
507,hring,hring,1,0.00026802465826856
507,hringe,hringe,1,0.00026802465826856
507,hrofas,hrofas,1,0.00026802465826856
507,hungor,hungor,1,0.00026802465826856
507,hwit,hwit,1,0.00026802465826856
507,hwopan,hwopan,1,0.00026802465826856
507,hygeg&aelig;lsa,hygeg&amp;ae;lsa,1,0.00026802465826856
507,hyhtlice,hyhtlice,1,0.00026802465826856
507,hyrde,hyrde,1,0.00026802465826856
507,idge,idge,1,0.00026802465826856
507,iglond,iglond,1,0.00026802465826856
507,ilce,ilce,1,0.00026802465826856
507,indryhtum,indryhtum,1,0.00026802465826856
507,iobes,iobes,1,0.00026802465826856
507,iu,iu,1,0.00026802465826856
507,l&aelig;&thorn;&thorn;um,l&amp;ae;&amp;t;&amp;t;um,1,0.00026802465826856
507,l&aelig;da&eth;,l&amp;ae;da&amp;d;,1,0.00026802465826856
507,l&aelig;de&thorn;,l&amp;ae;de&amp;t;,1,0.00026802465826856
507,l&aelig;ded,l&amp;ae;ded,1,0.00026802465826856
507,l&aelig;nan,l&amp;ae;nan,1,0.00026802465826856
507,l&aelig;nne,l&amp;ae;nne,1,0.00026802465826856
507,l&aelig;s,l&amp;ae;s,1,0.00026802465826856
507,la&eth;geni&eth;la,la&amp;d;geni&amp;d;la,1,0.00026802465826856
507,la&thorn;es,la&amp;t;es,1,0.00026802465826856
507,laca&eth;,laca&amp;d;,1,0.00026802465826856
507,lagu,lagu,1,0.00026802465826856
507,lagufloda,lagufloda,1,0.00026802465826856
507,lagustreamas,lagustreamas,1,0.00026802465826856
507,lame,lame,1,0.00026802465826856
507,lare,lare,1,0.00026802465826856
507,laste,laste,1,0.00026802465826856
507,late,late,1,0.00026802465826856
507,laude,laude,1,0.00026802465826856
507,leaf,leaf,1,0.00026802465826856
507,leafsceade,leafsceade,1,0.00026802465826856
507,leahtra,leahtra,1,0.00026802465826856
507,leahtras,leahtras,1,0.00026802465826856
507,leasum,leasum,1,0.00026802465826856
507,lecca&thorn;,lecca&amp;t;,1,0.00026802465826856
507,leger,leger,1,0.00026802465826856
507,lenctenne,lenctenne,1,0.00026802465826856
507,leo&eth;,leo&amp;d;,1,0.00026802465826856
507,leo&thorn;ucr&aelig;ftig,leo&amp;t;ucr&amp;ae;ftig,1,0.00026802465826856
507,leodfruman,leodfruman,1,0.00026802465826856
507,leodscype,leodscype,1,0.00026802465826856
507,leoflic,leoflic,1,0.00026802465826856
507,leomu,leomu,1,0.00026802465826856
507,leomum,leomum,1,0.00026802465826856
507,leorneras,leorneras,1,0.00026802465826856
507,letiti&#275;,letiti&amp;e;,1,0.00026802465826856
507,lician,lician,1,0.00026802465826856
507,lifga&eth;,lifga&amp;d;,1,0.00026802465826856
507,lifgan,lifgan,1,0.00026802465826856
507,ligbryne,ligbryne,1,0.00026802465826856
507,lige,lige,1,0.00026802465826856
507,lige&eth;,lige&amp;d;,1,0.00026802465826856
507,liges,liges,1,0.00026802465826856
507,lihte&eth;,lihte&amp;d;,1,0.00026802465826856
507,lisse,lisse,1,0.00026802465826856
507,lixa&eth;,lixa&amp;d;,1,0.00026802465826856
507,lixan,lixan,1,0.00026802465826856
507,loca&eth;,loca&amp;d;,1,0.00026802465826856
507,londa,londa,1,0.00026802465826856
507,londe,londe,1,0.00026802465826856
507,londwelan,londwelan,1,0.00026802465826856
507,long,long,1,0.00026802465826856
507,longa,longa,1,0.00026802465826856
507,longe,longe,1,0.00026802465826856
507,lucan,lucan,1,0.00026802465826856
507,lufia&eth;,lufia&amp;d;,1,0.00026802465826856
507,lygewordum,lygewordum,1,0.00026802465826856
507,lyhte&eth;,lyhte&amp;d;,1,0.00026802465826856
507,lyre,lyre,1,0.00026802465826856
507,m&aelig;&thorn;le,m&amp;ae;&amp;t;le,1,0.00026802465826856
507,m&aelig;gen&thorn;rymmes,m&amp;ae;gen&amp;t;rymmes,1,0.00026802465826856
507,m&aelig;gne,m&amp;ae;gne,1,0.00026802465826856
507,m&aelig;gnes,m&amp;ae;gnes,1,0.00026802465826856
507,m&aelig;r&eth;a,m&amp;ae;r&amp;d;a,1,0.00026802465826856
507,m&aelig;rost,m&amp;ae;rost,1,0.00026802465826856
507,m&aelig;rsia&eth;,m&amp;ae;rsia&amp;d;,1,0.00026802465826856
507,m&aelig;rum,m&amp;ae;rum,1,0.00026802465826856
507,m&aelig;st,m&amp;ae;st,1,0.00026802465826856
507,magon,magon,1,0.00026802465826856
507,mand&aelig;de,mand&amp;ae;de,1,0.00026802465826856
507,manes,manes,1,0.00026802465826856
507,manfremmendum,manfremmendum,1,0.00026802465826856
507,marmstane,marmstane,1,0.00026802465826856
507,maxima,maxima,1,0.00026802465826856
507,me,me,1,0.00026802465826856
507,me&thorn;ra,me&amp;t;ra,1,0.00026802465826856
507,meaglum,meaglum,1,0.00026802465826856
507,meahte,meahte,1,0.00026802465826856
507,meahten,meahten,1,0.00026802465826856
507,meahtig,meahtig,1,0.00026802465826856
507,mearcia&eth;,mearcia&amp;d;,1,0.00026802465826856
507,meledeawes,meledeawes,1,0.00026802465826856
507,mengu,mengu,1,0.00026802465826856
507,meorde,meorde,1,0.00026802465826856
507,meotod,meotod,1,0.00026802465826856
507,meotud,meotud,1,0.00026802465826856
507,mereflod,mereflod,1,0.00026802465826856
507,merueri,merueri,1,0.00026802465826856
507,meta&eth;,meta&amp;d;,1,0.00026802465826856
507,mete,mete,1,0.00026802465826856
507,metude,metude,1,0.00026802465826856
507,middre,middre,1,0.00026802465826856
507,middum,middum,1,0.00026802465826856
507,midle,midle,1,0.00026802465826856
507,miht,miht,1,0.00026802465826856
507,mihtiga,mihtiga,1,0.00026802465826856
507,mildan,mildan,1,0.00026802465826856
507,milde,milde,1,0.00026802465826856
507,min,min,1,0.00026802465826856
507,mine,mine,1,0.00026802465826856
507,minum,minum,1,0.00026802465826856
507,mirce,mirce,1,0.00026802465826856
507,mitem,mitem,1,0.00026802465826856
507,mod,mod,1,0.00026802465826856
507,modga,modga,1,0.00026802465826856
507,modig,modig,1,0.00026802465826856
507,modigne,modigne,1,0.00026802465826856
507,mold&aelig;rne,mold&amp;ae;rne,1,0.00026802465826856
507,moldgrafum,moldgrafum,1,0.00026802465826856
507,molsnad,molsnad,1,0.00026802465826856
507,mon,mon,1,0.00026802465826856
507,mon&thorn;a,mon&amp;t;a,1,0.00026802465826856
507,monnes,monnes,1,0.00026802465826856
507,mundum,mundum,1,0.00026802465826856
507,muntas,muntas,1,0.00026802465826856
507,n&aelig;dran,n&amp;ae;dran,1,0.00026802465826856
507,n&aelig;nges,n&amp;ae;nges,1,0.00026802465826856
507,n&aelig;s,n&amp;ae;s,1,0.00026802465826856
507,neah,neah,1,0.00026802465826856
507,nean,nean,1,0.00026802465826856
507,nearwe,nearwe,1,0.00026802465826856
507,nebb,nebb,1,0.00026802465826856
507,nemna&eth;,nemna&amp;d;,1,0.00026802465826856
507,nemne,nemne,1,0.00026802465826856
507,neo&thorn;an,neo&amp;t;an,1,0.00026802465826856
507,neobed,neobed,1,0.00026802465826856
507,neorxnawong,neorxnawong,1,0.00026802465826856
507,nergend,nergend,1,0.00026802465826856
507,nesta,nesta,1,0.00026802465826856
507,niht,niht,1,0.00026802465826856
507,nihte,nihte,1,0.00026802465826856
507,nime,nime,1,0.00026802465826856
507,nime&eth;,nime&amp;d;,1,0.00026802465826856
507,nio&thorn;oweard,nio&amp;t;oweard,1,0.00026802465826856
507,niwan,niwan,1,0.00026802465826856
507,noman,noman,1,0.00026802465826856
507,nor&thorn;an,nor&amp;t;an,1,0.00026802465826856
507,o,o,1,0.00026802465826856
507,o&eth;eawe&eth;,o&amp;d;eawe&amp;d;,1,0.00026802465826856
507,o&eth;fleoge&eth;,o&amp;d;fleoge&amp;d;,1,0.00026802465826856
507,o&eth;scufe&eth;,o&amp;d;scufe&amp;d;,1,0.00026802465826856
507,o&thorn;&thorn;e,o&amp;t;&amp;t;e,1,0.00026802465826856
507,o&thorn;rum,o&amp;t;rum,1,0.00026802465826856
507,oferhlifa&eth;,oferhlifa&amp;d;,1,0.00026802465826856
507,oferm&aelig;gne,oferm&amp;ae;gne,1,0.00026802465826856
507,ofestum,ofestum,1,0.00026802465826856
507,ofett,ofett,1,0.00026802465826856
507,ofgiefan,ofgiefan,1,0.00026802465826856
507,ofgiefe&eth;,ofgiefe&amp;d;,1,0.00026802465826856
507,onbrygde&eth;,onbrygde&amp;d;,1,0.00026802465826856
507,ondleofne,ondleofne,1,0.00026802465826856
507,onfeng,onfeng,1,0.00026802465826856
507,ongean,ongean,1,0.00026802465826856
507,ongietan,ongietan,1,0.00026802465826856
507,onginna&eth;,onginna&amp;d;,1,0.00026802465826856
507,onginne&eth;,onginne&amp;d;,1,0.00026802465826856
507,onguldon,onguldon,1,0.00026802465826856
507,ongyn,ongyn,1,0.00026802465826856
507,onh&aelig;ted,onh&amp;ae;ted,1,0.00026802465826856
507,onlice,onlice,1,0.00026802465826856
507,onlicost,onlicost,1,0.00026802465826856
507,onsawen,onsawen,1,0.00026802465826856
507,onspringa&eth;,onspringa&amp;d;,1,0.00026802465826856
507,onsyne,onsyne,1,0.00026802465826856
507,ontynde,ontynde,1,0.00026802465826856
507,onw&aelig;cne&eth;,onw&amp;ae;cne&amp;d;,1,0.00026802465826856
507,onwald,onwald,1,0.00026802465826856
507,onwended,onwended,1,0.00026802465826856
507,oo,oo,1,0.00026802465826856
507,open,open,1,0.00026802465826856
507,openan,openan,1,0.00026802465826856
507,or&thorn;oncum,or&amp;t;oncum,1,0.00026802465826856
507,organan,organan,1,0.00026802465826856
507,pacis,pacis,1,0.00026802465826856
507,pean,pean,1,0.00026802465826856
507,perenne,perenne,1,0.00026802465826856
507,r&aelig;fnan,r&amp;ae;fnan,1,0.00026802465826856
507,regna,regna,1,0.00026802465826856
507,ren,ren,1,0.00026802465826856
507,renes,renes,1,0.00026802465826856
507,reordade,reordade,1,0.00026802465826856
507,reorde,reorde,1,0.00026802465826856
507,reordia&eth;,reordia&amp;d;,1,0.00026802465826856
507,reordum,reordum,1,0.00026802465826856
507,rode,rode,1,0.00026802465826856
507,rodera,rodera,1,0.00026802465826856
507,roderum,roderum,1,0.00026802465826856
507,rume,rume,1,0.00026802465826856
507,ryht,ryht,1,0.00026802465826856
507,ryhte,ryhte,1,0.00026802465826856
507,ryhtfremmende,ryhtfremmende,1,0.00026802465826856
507,rypes,rypes,1,0.00026802465826856
507,s&aelig;,s&amp;ae;,1,0.00026802465826856
507,s&aelig;d,s&amp;ae;d,1,0.00026802465826856
507,s&aelig;ged,s&amp;ae;ged,1,0.00026802465826856
507,s&aelig;lum,s&amp;ae;lum,1,0.00026802465826856
507,sacu,sacu,1,0.00026802465826856
507,sare,sare,1,0.00026802465826856
507,sarlic,sarlic,1,0.00026802465826856
507,sarwr&aelig;ce,sarwr&amp;ae;ce,1,0.00026802465826856
507,sarwracu,sarwracu,1,0.00026802465826856
507,sawel,sawel,1,0.00026802465826856
507,sawle,sawle,1,0.00026802465826856
507,scade,scade,1,0.00026802465826856
507,scancan,scancan,1,0.00026802465826856
507,sce&eth;&eth;an,sce&amp;d;&amp;d;an,1,0.00026802465826856
507,sceade,sceade,1,0.00026802465826856
507,sceadu,sceadu,1,0.00026802465826856
507,scearplice,scearplice,1,0.00026802465826856
507,sceat,sceat,1,0.00026802465826856
507,sceata,sceata,1,0.00026802465826856
507,sceawia&thorn;,sceawia&amp;t;,1,0.00026802465826856
507,sceoldon,sceoldon,1,0.00026802465826856
507,scolu,scolu,1,0.00026802465826856
507,scome,scome,1,0.00026802465826856
507,scur,scur,1,0.00026802465826856
507,scyldum,scyldum,1,0.00026802465826856
507,scyldwyrcende,scyldwyrcende,1,0.00026802465826856
507,scyle,scyle,1,0.00026802465826856
507,scylle,scylle,1,0.00026802465826856
507,scyllum,scyllum,1,0.00026802465826856
507,scyppend,scyppend,1,0.00026802465826856
507,scyppendes,scyppendes,1,0.00026802465826856
507,sealte,sealte,1,0.00026802465826856
507,searo,searo,1,0.00026802465826856
507,searolice,searolice,1,0.00026802465826856
507,searwum,searwum,1,0.00026802465826856
507,sedibus,sedibus,1,0.00026802465826856
507,segn,segn,1,0.00026802465826856
507,self,self,1,0.00026802465826856
507,selle,selle,1,0.00026802465826856
507,sellic,sellic,1,0.00026802465826856
507,sellicran,sellicran,1,0.00026802465826856
507,sende&eth;,sende&amp;d;,1,0.00026802465826856
507,seoma&eth;,seoma&amp;d;,1,0.00026802465826856
507,seono&thorn;,seono&amp;t;,1,0.00026802465826856
507,setl,setl,1,0.00026802465826856
507,si,si,1,0.00026802465826856
507,si&eth;e,si&amp;d;e,1,0.00026802465826856
507,si&thorn;a,si&amp;t;a,1,0.00026802465826856
507,si&thorn;es,si&amp;t;es,1,0.00026802465826856
507,si&thorn;ia&thorn;,si&amp;t;ia&amp;t;,1,0.00026802465826856
507,sib,sib,1,0.00026802465826856
507,sibbe,sibbe,1,0.00026802465826856
507,sibgedryht,sibgedryht,1,0.00026802465826856
507,sidwegum,sidwegum,1,0.00026802465826856
507,siga&eth;,siga&amp;d;,1,0.00026802465826856
507,sigewong,sigewong,1,0.00026802465826856
507,sigorf&aelig;st,sigorf&amp;ae;st,1,0.00026802465826856
507,sincaldu,sincaldu,1,0.00026802465826856
507,sindreamum,sindreamum,1,0.00026802465826856
507,sine,sine,1,0.00026802465826856
507,singan,singan,1,0.00026802465826856
507,site&eth;,site&amp;d;,1,0.00026802465826856
507,sl&aelig;p,sl&amp;ae;p,1,0.00026802465826856
507,smi&thorn;a,smi&amp;t;a,1,0.00026802465826856
507,smylte,smylte,1,0.00026802465826856
507,snell,snell,1,0.00026802465826856
507,snude,snude,1,0.00026802465826856
507,snyttrucr&aelig;ft,snyttrucr&amp;ae;ft,1,0.00026802465826856
507,so&eth;,so&amp;d;,1,0.00026802465826856
507,so&eth;f&aelig;st,so&amp;d;f&amp;ae;st,1,0.00026802465826856
507,so&eth;f&aelig;ste,so&amp;d;f&amp;ae;ste,1,0.00026802465826856
507,so&eth;f&aelig;stum,so&amp;d;f&amp;ae;stum,1,0.00026802465826856
507,so&thorn;f&aelig;ste,so&amp;t;f&amp;ae;ste,1,0.00026802465826856
507,sohton,sohton,1,0.00026802465826856
507,solere,solere,1,0.00026802465826856
507,somnia&eth;,somnia&amp;d;,1,0.00026802465826856
507,somnige,somnige,1,0.00026802465826856
507,sona,sona,1,0.00026802465826856
507,song,song,1,0.00026802465826856
507,songcr&aelig;ftum,songcr&amp;ae;ftum,1,0.00026802465826856
507,songe,songe,1,0.00026802465826856
507,sorg,sorg,1,0.00026802465826856
507,sorge,sorge,1,0.00026802465826856
507,sorgfulran,sorgfulran,1,0.00026802465826856
507,spedig,spedig,1,0.00026802465826856
507,spelboda,spelboda,1,0.00026802465826856
507,splottum,splottum,1,0.00026802465826856
507,sta&thorn;elode,sta&amp;t;elode,1,0.00026802465826856
507,stanclifu,stanclifu,1,0.00026802465826856
507,stane,stane,1,0.00026802465826856
507,steape,steape,1,0.00026802465826856
507,stearc,stearc,1,0.00026802465826856
507,stiga&eth;,stiga&amp;d;,1,0.00026802465826856
507,stige&eth;,stige&amp;d;,1,0.00026802465826856
507,stille,stille,1,0.00026802465826856
507,stod,stod,1,0.00026802465826856
507,stonda&thorn;,stonda&amp;t;,1,0.00026802465826856
507,stonde&eth;,stonde&amp;d;,1,0.00026802465826856
507,stonde&thorn;,stonde&amp;t;,1,0.00026802465826856
507,storma,storma,1,0.00026802465826856
507,stowe,stowe,1,0.00026802465826856
507,streamas,streamas,1,0.00026802465826856
507,streng&eth;u,streng&amp;d;u,1,0.00026802465826856
507,styme&eth;,styme&amp;d;,1,0.00026802465826856
507,su&eth;rodor,su&amp;d;rodor,1,0.00026802465826856
507,sume,sume,1,0.00026802465826856
507,sumes,sumes,1,0.00026802465826856
507,sunbearo,sunbearo,1,0.00026802465826856
507,sundplegan,sundplegan,1,0.00026802465826856
507,sunu,sunu,1,0.00026802465826856
507,sunum,sunum,1,0.00026802465826856
507,sw&aelig;ccum,sw&amp;ae;ccum,1,0.00026802465826856
507,sw&aelig;s,sw&amp;ae;s,1,0.00026802465826856
507,swanes,swanes,1,0.00026802465826856
507,sweg,sweg,1,0.00026802465826856
507,swega,swega,1,0.00026802465826856
507,sweghleo&thorn;res,sweghleo&amp;t;res,1,0.00026802465826856
507,swegl,swegl,1,0.00026802465826856
507,sweglcondelle,sweglcondelle,1,0.00026802465826856
507,swelge&eth;,swelge&amp;d;,1,0.00026802465826856
507,sweoran,sweoran,1,0.00026802465826856
507,swetes,swetes,1,0.00026802465826856
507,swetestan,swetestan,1,0.00026802465826856
507,swetra,swetra,1,0.00026802465826856
507,swi&thorn;e,swi&amp;t;e,1,0.00026802465826856
507,swia&eth;,swia&amp;d;,1,0.00026802465826856
507,swift,swift,1,0.00026802465826856
507,swole,swole,1,0.00026802465826856
507,swoles,swoles,1,0.00026802465826856
507,swongor,swongor,1,0.00026802465826856
507,swylc,swylc,1,0.00026802465826856
507,swyltcwale,swyltcwale,1,0.00026802465826856
507,sylfa,sylfa,1,0.00026802465826856
507,sylfne,sylfne,1,0.00026802465826856
507,symbel,symbel,1,0.00026802465826856
507,synn,synn,1,0.00026802465826856
507,synnig,synnig,1,0.00026802465826856
507,synnum,synnum,1,0.00026802465826856
507,syrwara,syrwara,1,0.00026802465826856
507,tacne,tacne,1,0.00026802465826856
507,tanum,tanum,1,0.00026802465826856
507,tapur,tapur,1,0.00026802465826856
507,telgan,telgan,1,0.00026802465826856
507,telgum,telgum,1,0.00026802465826856
507,teonlice,teonlice,1,0.00026802465826856
507,tida,tida,1,0.00026802465826856
507,tihte,tihte,1,0.00026802465826856
507,tilga&eth;,tilga&amp;d;,1,0.00026802465826856
507,timan,timan,1,0.00026802465826856
507,timbran,timbran,1,0.00026802465826856
507,tireadga,tireadga,1,0.00026802465826856
507,tirf&aelig;st,tirf&amp;ae;st,1,0.00026802465826856
507,tirf&aelig;ste,tirf&amp;ae;ste,1,0.00026802465826856
507,tirmeahtig,tirmeahtig,1,0.00026802465826856
507,to&thorn;as,to&amp;t;as,1,0.00026802465826856
507,toeacan,toeacan,1,0.00026802465826856
507,tog&aelig;dre,tog&amp;ae;dre,1,0.00026802465826856
507,torht,torht,1,0.00026802465826856
507,torhta,torhta,1,0.00026802465826856
507,towegen,towegen,1,0.00026802465826856
507,treowe,treowe,1,0.00026802465826856
507,treowum,treowum,1,0.00026802465826856
507,tu,tu,1,0.00026802465826856
507,tugon,tugon,1,0.00026802465826856
507,tungol,tungol,1,0.00026802465826856
507,twelfum,twelfum,1,0.00026802465826856
507,ufan,ufan,1,0.00026802465826856
507,ufeweard,ufeweard,1,0.00026802465826856
507,unbryce,unbryce,1,0.00026802465826856
507,uncyste,uncyste,1,0.00026802465826856
507,ungewyrded,ungewyrded,1,0.00026802465826856
507,unm&aelig;te,unm&amp;ae;te,1,0.00026802465826856
507,unr&aelig;dum,unr&amp;ae;dum,1,0.00026802465826856
507,unsme&thorn;es,unsme&amp;t;es,1,0.00026802465826856
507,unwemme,unwemme,1,0.00026802465826856
507,upl&aelig;dendra,upl&amp;ae;dendra,1,0.00026802465826856
507,uppe,uppe,1,0.00026802465826856
507,urnen,urnen,1,0.00026802465826856
507,usic,usic,1,0.00026802465826856
507,ut,ut,1,0.00026802465826856
507,w&aelig;dle,w&amp;ae;dle,1,0.00026802465826856
507,w&aelig;ga,w&amp;ae;ga,1,0.00026802465826856
507,w&aelig;lgifre,w&amp;ae;lgifre,1,0.00026802465826856
507,w&aelig;lreaf,w&amp;ae;lreaf,1,0.00026802465826856
507,w&aelig;pnum,w&amp;ae;pnum,1,0.00026802465826856
507,w&aelig;re,w&amp;ae;re,1,0.00026802465826856
507,w&aelig;ron,w&amp;ae;ron,1,0.00026802465826856
507,w&aelig;tra,w&amp;ae;tra,1,0.00026802465826856
507,w&aelig;tres,w&amp;ae;tres,1,0.00026802465826856
507,wa&thorn;eman,wa&amp;t;eman,1,0.00026802465826856
507,wafia&eth;,wafia&amp;d;,1,0.00026802465826856
507,wania&eth;,wania&amp;d;,1,0.00026802465826856
507,we&thorn;el,we&amp;t;el,1,0.00026802465826856
507,wealdas,wealdas,1,0.00026802465826856
507,weallende,weallende,1,0.00026802465826856
507,weard,weard,1,0.00026802465826856
507,wearda&thorn;,wearda&amp;t;,1,0.00026802465826856
507,weardia&eth;,weardia&amp;d;,1,0.00026802465826856
507,wearmia&eth;,wearmia&amp;d;,1,0.00026802465826856
507,weatacen,weatacen,1,0.00026802465826856
507,wece&eth;,wece&amp;d;,1,0.00026802465826856
507,wedercondel,wedercondel,1,0.00026802465826856
507,wedra,wedra,1,0.00026802465826856
507,weld&aelig;dum,weld&amp;ae;dum,1,0.00026802465826856
507,wen,wen,1,0.00026802465826856
507,wendan,wendan,1,0.00026802465826856
507,wene,wene,1,0.00026802465826856
507,weor&eth;mynd,weor&amp;d;mynd,1,0.00026802465826856
507,weor&thorn;a&eth;,weor&amp;t;a&amp;d;,1,0.00026802465826856
507,weor&thorn;ia&eth;,weor&amp;t;ia&amp;d;,1,0.00026802465826856
507,weorc,weorc,1,0.00026802465826856
507,weorcum,weorcum,1,0.00026802465826856
507,weoredum,weoredum,1,0.00026802465826856
507,weorodum,weorodum,1,0.00026802465826856
507,wer,wer,1,0.00026802465826856
507,weras,weras,1,0.00026802465826856
507,werede,werede,1,0.00026802465826856
507,weres,weres,1,0.00026802465826856
507,werigmod,werigmod,1,0.00026802465826856
507,wese&eth;,wese&amp;d;,1,0.00026802465826856
507,west,west,1,0.00026802465826856
507,westan,westan,1,0.00026802465826856
507,westd&aelig;las,westd&amp;ae;las,1,0.00026802465826856
507,weste,weste,1,0.00026802465826856
507,westen,westen,1,0.00026802465826856
507,westenne,westenne,1,0.00026802465826856
507,wicstowe,wicstowe,1,0.00026802465826856
507,wide,wide,1,0.00026802465826856
507,wif,wif,1,0.00026802465826856
507,wifhades,wifhades,1,0.00026802465826856
507,wiga,wiga,1,0.00026802465826856
507,wildne,wildne,1,0.00026802465826856
507,wilgedryht,wilgedryht,1,0.00026802465826856
507,wilgiefa,wilgiefa,1,0.00026802465826856
507,wille,wille,1,0.00026802465826856
507,willsele,willsele,1,0.00026802465826856
507,willwonge,willwonge,1,0.00026802465826856
507,wilsuman,wilsuman,1,0.00026802465826856
507,wind,wind,1,0.00026802465826856
507,windig,windig,1,0.00026802465826856
507,wintergew&aelig;dum,wintergew&amp;ae;dum,1,0.00026802465826856
507,wintergeweorp,wintergeweorp,1,0.00026802465826856
507,winterscur,winterscur,1,0.00026802465826856
507,wisan,wisan,1,0.00026802465826856
507,wisdom,wisdom,1,0.00026802465826856
507,wiste,wiste,1,0.00026802465826856
507,wite,wite,1,0.00026802465826856
507,witedom,witedom,1,0.00026802465826856
507,witgan,witgan,1,0.00026802465826856
507,wlita&eth;,wlita&amp;d;,1,0.00026802465826856
507,wlitigf&aelig;st,wlitigf&amp;ae;st,1,0.00026802465826856
507,wlitigra,wlitigra,1,0.00026802465826856
507,wlitigum,wlitigum,1,0.00026802465826856
507,wlonc,wlonc,1,0.00026802465826856
507,woldan,woldan,1,0.00026802465826856
507,womb,womb,1,0.00026802465826856
507,won,won,1,0.00026802465826856
507,wongas,wongas,1,0.00026802465826856
507,wonge,wonge,1,0.00026802465826856
507,wonges,wonges,1,0.00026802465826856
507,wop,wop,1,0.00026802465826856
507,worda,worda,1,0.00026802465826856
507,wordum,wordum,1,0.00026802465826856
507,worhte,worhte,1,0.00026802465826856
507,worn,worn,1,0.00026802465826856
507,worulda,worulda,1,0.00026802465826856
507,worulde,worulde,1,0.00026802465826856
507,woruldgestreon,woruldgestreon,1,0.00026802465826856
507,woruldwelan,woruldwelan,1,0.00026802465826856
507,wr&aelig;chwile,wr&amp;ae;chwile,1,0.00026802465826856
507,wr&aelig;tlic,wr&amp;ae;tlic,1,0.00026802465826856
507,wra&eth;e,wra&amp;d;e,1,0.00026802465826856
507,wracu,wracu,1,0.00026802465826856
507,wrenca,wrenca,1,0.00026802465826856
507,write,write,1,0.00026802465826856
507,writu,writu,1,0.00026802465826856
507,wrixle&eth;,wrixle&amp;d;,1,0.00026802465826856
507,wrixled,wrixled,1,0.00026802465826856
507,wroht,wroht,1,0.00026802465826856
507,wuda,wuda,1,0.00026802465826856
507,wudubeama,wudubeama,1,0.00026802465826856
507,wudubearwe,wudubearwe,1,0.00026802465826856
507,wudubearwes,wudubearwes,1,0.00026802465826856
507,wudubleda,wudubleda,1,0.00026802465826856
507,wuduholt,wuduholt,1,0.00026802465826856
507,wuduholtum,wuduholtum,1,0.00026802465826856
507,wuldor,wuldor,1,0.00026802465826856
507,wuna&thorn;,wuna&amp;t;,1,0.00026802465826856
507,wunade,wunade,1,0.00026802465826856
507,wundorlice,wundorlice,1,0.00026802465826856
507,wundorlicor,wundorlicor,1,0.00026802465826856
507,wundra,wundra,1,0.00026802465826856
507,wundria&eth;,wundria&amp;d;,1,0.00026802465826856
507,wurdon,wurdon,1,0.00026802465826856
507,wurman,wurman,1,0.00026802465826856
507,wyllan,wyllan,1,0.00026802465826856
507,wyllestreama,wyllestreama,1,0.00026802465826856
507,wyllestreamas,wyllestreamas,1,0.00026802465826856
507,wyllgespryngum,wyllgespryngum,1,0.00026802465826856
507,wynlic,wynlic,1,0.00026802465826856
507,wynlond,wynlond,1,0.00026802465826856
507,wynn,wynn,1,0.00026802465826856
507,wynne,wynne,1,0.00026802465826856
507,wynsumne,wynsumne,1,0.00026802465826856
507,wynsumu,wynsumu,1,0.00026802465826856
507,wynsumum,wynsumum,1,0.00026802465826856
507,wyrce&eth;,wyrce&amp;d;,1,0.00026802465826856
507,wyrm,wyrm,1,0.00026802465826856
507,wyrmum,wyrmum,1,0.00026802465826856
507,y&eth;fare,y&amp;d;fare,1,0.00026802465826856
507,y&eth;mere,y&amp;d;mere,1,0.00026802465826856
507,y&thorn;ast,y&amp;t;ast,1,0.00026802465826856
507,yfla,yfla,1,0.00026802465826856
507,yfle,yfle,1,0.00026802465826856
507,yldo,yldo,1,0.00026802465826856
507,ymbe,ymbe,1,0.00026802465826856
507,ymbfeh&eth;,ymbfeh&amp;d;,1,0.00026802465826856
507,ymbhwyrft,ymbhwyrft,1,0.00026802465826856
507,ymbsete&eth;,ymbsete&amp;d;,1,0.00026802465826856
507,yrfeweard,yrfeweard,1,0.00026802465826856
507,yrm&eth;u,yrm&amp;d;u,1,0.00026802465826856
507,yrre,yrre,1,0.00026802465826856
