virtual,manuscript,A03.009_Sea_T00190,475,381,475
RANK,HTML WORD,RAW WORD,COUNT,RELATIVE FREQUENCY
1,ne,ne,22,0.028720626631854
2,&thorn;&aelig;t,&amp;t;&amp;ae;t,16,0.02088772845953
2,to,to,16,0.02088772845953
4,him,him,14,0.018276762402089
5,ond,ond,13,0.016971279373368
6,on,on,12,0.015665796344648
7,his,his,11,0.014360313315927
7,in,in,11,0.014360313315927
9,&thorn;e,&amp;t;e,10,0.013054830287206
9,se,se,10,0.013054830287206
11,&thorn;onne,&amp;t;onne,9,0.011749347258486
11,he,he,9,0.011749347258486
11,ic,ic,9,0.011749347258486
14,for&thorn;on,for&amp;t;on,8,0.010443864229765
15,eor&thorn;an,eor&amp;t;an,7,0.0091383812010444
15,mid,mid,7,0.0091383812010444
17,&thorn;&aelig;r,&amp;t;&amp;ae;r,6,0.0078328981723238
17,&thorn;&aelig;s,&amp;t;&amp;ae;s,6,0.0078328981723238
17,&thorn;a,&amp;t;a,6,0.0078328981723238
20,bi&thorn;,bi&amp;t;,5,0.0065274151436031
20,we,we,5,0.0065274151436031
22,dryhten,dryhten,4,0.0052219321148825
22,hine,hine,4,0.0052219321148825
22,hu,hu,4,0.0052219321148825
22,me,me,4,0.0052219321148825
22,nu,nu,4,0.0052219321148825
22,ofer,ofer,4,0.0052219321148825
22,oft,oft,4,0.0052219321148825
22,wille,wille,4,0.0052219321148825
30,&aelig;r,&amp;ae;r,3,0.0039164490861619
30,be,be,3,0.0039164490861619
30,cyme&eth;,cyme&amp;d;,3,0.0039164490861619
30,ealle,ealle,3,0.0039164490861619
30,hyge,hyge,3,0.0039164490861619
30,is,is,3,0.0039164490861619
30,m&aelig;g,m&amp;ae;g,3,0.0039164490861619
30,mon,mon,3,0.0039164490861619
30,o&thorn;&thorn;e,o&amp;t;&amp;t;e,3,0.0039164490861619
30,sind,sind,3,0.0039164490861619
30,wat,wat,3,0.0039164490861619
41,&thorn;am,&amp;t;am,2,0.0026109660574413
41,&thorn;eah,&amp;t;eah,2,0.0026109660574413
41,a,a,2,0.0026109660574413
41,bearn,bearn,2,0.0026109660574413
41,bi&eth;,bi&amp;d;,2,0.0026109660574413
41,bl&aelig;d,bl&amp;ae;d,2,0.0026109660574413
41,d&aelig;dum,d&amp;ae;dum,2,0.0026109660574413
41,dreamas,dreamas,2,0.0026109660574413
41,dryhtnes,dryhtnes,2,0.0026109660574413
41,ecan,ecan,2,0.0026109660574413
41,ece,ece,2,0.0026109660574413
41,feor,feor,2,0.0026109660574413
41,fer&eth;,fer&amp;d;,2,0.0026109660574413
41,foldan,foldan,2,0.0026109660574413
41,fore,fore,2,0.0026109660574413
41,ful,ful,2,0.0026109660574413
41,gebiden,gebiden,2,0.0026109660574413
41,gehwylc,gehwylc,2,0.0026109660574413
41,gehwylce,gehwylce,2,0.0026109660574413
41,gelyfe&eth;,gelyfe&amp;d;,2,0.0026109660574413
41,gewealc,gewealc,2,0.0026109660574413
41,gewitene,gewitene,2,0.0026109660574413
41,h&aelig;gl,h&amp;ae;gl,2,0.0026109660574413
41,healdan,healdan,2,0.0026109660574413
41,heofonum,heofonum,2,0.0026109660574413
41,heortan,heortan,2,0.0026109660574413
41,hi,hi,2,0.0026109660574413
41,hw&aelig;t,hw&amp;ae;t,2,0.0026109660574413
41,hweorfe&eth;,hweorfe&amp;d;,2,0.0026109660574413
41,hwon,hwon,2,0.0026109660574413
41,hyht,hyht,2,0.0026109660574413
41,lif,lif,2,0.0026109660574413
41,lifes,lifes,2,0.0026109660574413
41,lof,lof,2,0.0026109660574413
41,meahte,meahte,2,0.0026109660574413
41,min,min,2,0.0026109660574413
41,mod,mod,2,0.0026109660574413
41,modes,modes,2,0.0026109660574413
41,mona&eth;,mona&amp;d;,2,0.0026109660574413
41,monna,monna,2,0.0026109660574413
41,s&aelig;,s&amp;ae;,2,0.0026109660574413
41,sceatas,sceatas,2,0.0026109660574413
41,scyle,scyle,2,0.0026109660574413
41,seo,seo,2,0.0026109660574413
41,sorge,sorge,2,0.0026109660574413
41,swa,swa,2,0.0026109660574413
41,swylce,swylce,2,0.0026109660574413
41,tid,tid,2,0.0026109660574413
41,w&aelig;ron,w&amp;ae;ron,2,0.0026109660574413
41,wi&eth;,wi&amp;d;,2,0.0026109660574413
41,woruld,woruld,2,0.0026109660574413
41,wyn,wyn,2,0.0026109660574413
41,yldo,yldo,2,0.0026109660574413
41,ymb,ymb,2,0.0026109660574413
95,&aelig;&thorn;elinga,&amp;ae;&amp;t;elinga,1,0.0013054830287206
95,&aelig;fter,&amp;ae;fter,1,0.0013054830287206
95,&aelig;ftercwe&thorn;endra,&amp;ae;ftercwe&amp;t;endra,1,0.0013054830287206
95,&aelig;lda,&amp;ae;lda,1,0.0013054830287206
95,&aelig;nges,&amp;ae;nges,1,0.0013054830287206
95,&aelig;nig,&amp;ae;nig,1,0.0013054830287206
95,&aelig;t,&amp;ae;t,1,0.0013054830287206
95,&thorn;&aelig;re,&amp;t;&amp;ae;re,1,0.0013054830287206
95,&thorn;as,&amp;t;as,1,0.0013054830287206
95,&thorn;encan,&amp;t;encan,1,0.0013054830287206
95,&thorn;ence&eth;,&amp;t;ence&amp;d;,1,0.0013054830287206
95,&thorn;enden,&amp;t;enden,1,0.0013054830287206
95,&thorn;eos,&amp;t;eos,1,0.0013054830287206
95,&thorn;ider,&amp;t;ider,1,0.0013054830287206
95,&thorn;inga,&amp;t;inga,1,0.0013054830287206
95,&thorn;is,&amp;t;is,1,0.0013054830287206
95,&thorn;onc,&amp;t;onc,1,0.0013054830287206
95,&thorn;reora,&amp;t;reora,1,0.0013054830287206
95,&thorn;rowade,&amp;t;rowade,1,0.0013054830287206
95,&thorn;urh,&amp;t;urh,1,0.0013054830287206
95,ac,ac,1,0.0013054830287206
95,adl,adl,1,0.0013054830287206
95,aga,aga,1,0.0013054830287206
95,agen,agen,1,0.0013054830287206
95,ah,ah,1,0.0013054830287206
95,amen,amen,1,0.0013054830287206
95,anfloga,anfloga,1,0.0013054830287206
95,ar,ar,1,0.0013054830287206
95,atol,atol,1,0.0013054830287206
95,awa,awa,1,0.0013054830287206
95,b&aelig;le,b&amp;ae;le,1,0.0013054830287206
95,bealo,bealo,1,0.0013054830287206
95,bealosi&thorn;a,bealosi&amp;t;a,1,0.0013054830287206
95,bearwas,bearwas,1,0.0013054830287206
95,beode&eth;,beode&amp;d;,1,0.0013054830287206
95,beorn,beorn,1,0.0013054830287206
95,beotan,beotan,1,0.0013054830287206
95,betst,betst,1,0.0013054830287206
95,bidan,bidan,1,0.0013054830287206
95,bidroren,bidroren,1,0.0013054830287206
95,bigeal,bigeal,1,0.0013054830287206
95,bigeat,bigeat,1,0.0013054830287206
95,bihongen,bihongen,1,0.0013054830287206
95,bisgo,bisgo,1,0.0013054830287206
95,bitre,bitre,1,0.0013054830287206
95,bitter,bitter,1,0.0013054830287206
95,blaca&eth;,blaca&amp;d;,1,0.0013054830287206
95,blostmum,blostmum,1,0.0013054830287206
95,bond,bond,1,0.0013054830287206
95,breostceare,breostceare,1,0.0013054830287206
95,breosthord,breosthord,1,0.0013054830287206
95,brimlade,brimlade,1,0.0013054830287206
95,bro&thorn;or,bro&amp;t;or,1,0.0013054830287206
95,bruca&eth;,bruca&amp;d;,1,0.0013054830287206
95,burgum,burgum,1,0.0013054830287206
95,butan,butan,1,0.0013054830287206
95,byrgan,byrgan,1,0.0013054830287206
95,byrig,byrig,1,0.0013054830287206
95,caldast,caldast,1,0.0013054830287206
95,calde,calde,1,0.0013054830287206
95,caldum,caldum,1,0.0013054830287206
95,caseras,caseras,1,0.0013054830287206
95,ceare,ceare,1,0.0013054830287206
95,cearselda,cearselda,1,0.0013054830287206
95,ceole,ceole,1,0.0013054830287206
95,cl&aelig;ne,cl&amp;ae;ne,1,0.0013054830287206
95,clifum,clifum,1,0.0013054830287206
95,clommum,clommum,1,0.0013054830287206
95,cnossa&eth;,cnossa&amp;d;,1,0.0013054830287206
95,cnyssa&eth;,cnyssa&amp;d;,1,0.0013054830287206
95,corna,corna,1,0.0013054830287206
95,cumen,cumen,1,0.0013054830287206
95,cunnige,cunnige,1,0.0013054830287206
95,cyningas,cyningas,1,0.0013054830287206
95,dagas,dagas,1,0.0013054830287206
95,dea&eth;,dea&amp;d;,1,0.0013054830287206
95,deade,deade,1,0.0013054830287206
95,deadum,deadum,1,0.0013054830287206
95,deofle,deofle,1,0.0013054830287206
95,deor,deor,1,0.0013054830287206
95,deorum,deorum,1,0.0013054830287206
95,dol,dol,1,0.0013054830287206
95,dome,dome,1,0.0013054830287206
95,dream,dream,1,0.0013054830287206
95,dreoga&eth;,dreoga&amp;d;,1,0.0013054830287206
95,dryhtlicestum,dryhtlicestum,1,0.0013054830287206
95,duge&thorn;um,duge&amp;t;um,1,0.0013054830287206
95,dugu&eth;,dugu&amp;d;,1,0.0013054830287206
95,dyde,dyde,1,0.0013054830287206
95,e&thorn;el,e&amp;t;el,1,0.0013054830287206
95,ea&thorn;mod,ea&amp;t;mod,1,0.0013054830287206
95,eac,eac,1,0.0013054830287206
95,eadig,eadig,1,0.0013054830287206
95,eadignesse,eadignesse,1,0.0013054830287206
95,eal,eal,1,0.0013054830287206
95,ealda&eth;,ealda&amp;d;,1,0.0013054830287206
95,ealdor,ealdor,1,0.0013054830287206
95,ealdre,ealdre,1,0.0013054830287206
95,eard,eard,1,0.0013054830287206
95,earfo&eth;hwile,earfo&amp;d;hwile,1,0.0013054830287206
95,earmcearig,earmcearig,1,0.0013054830287206
95,earn,earn,1,0.0013054830287206
95,ecghete,ecghete,1,0.0013054830287206
95,eft,eft,1,0.0013054830287206
95,egsa,egsa,1,0.0013054830287206
95,egsan,egsan,1,0.0013054830287206
95,el&thorn;eodigra,el&amp;t;eodigra,1,0.0013054830287206
95,elles,elles,1,0.0013054830287206
95,englum,englum,1,0.0013054830287206
95,eor&eth;welan,eor&amp;d;welan,1,0.0013054830287206
95,eorla,eorla,1,0.0013054830287206
95,esteadig,esteadig,1,0.0013054830287206
95,f&aelig;gria&eth;,f&amp;ae;gria&amp;d;,1,0.0013054830287206
95,f&aelig;grost,f&amp;ae;grost,1,0.0013054830287206
95,f&aelig;gum,f&amp;ae;gum,1,0.0013054830287206
95,fare&eth;,fare&amp;d;,1,0.0013054830287206
95,feasceaftig,feasceaftig,1,0.0013054830287206
95,fela,fela,1,0.0013054830287206
95,feol,feol,1,0.0013054830287206
95,feonda,feonda,1,0.0013054830287206
95,feorg,feorg,1,0.0013054830287206
95,feorh,feorh,1,0.0013054830287206
95,feran,feran,1,0.0013054830287206
95,fet,fet,1,0.0013054830287206
95,fl&aelig;schoma,fl&amp;ae;schoma,1,0.0013054830287206
95,fleag,fleag,1,0.0013054830287206
95,flodwegas,flodwegas,1,0.0013054830287206
95,for,for,1,0.0013054830287206
95,forb&aelig;rnedne,forb&amp;ae;rnedne,1,0.0013054830287206
95,forgiefene,forgiefene,1,0.0013054830287206
95,forste,forste,1,0.0013054830287206
95,forswelgan,forswelgan,1,0.0013054830287206
95,frefran,frefran,1,0.0013054830287206
95,fremum,fremum,1,0.0013054830287206
95,fromweardum,fromweardum,1,0.0013054830287206
95,fulne,fulne,1,0.0013054830287206
95,funda&eth;,funda&amp;d;,1,0.0013054830287206
95,fusne,fusne,1,0.0013054830287206
95,fyres,fyres,1,0.0013054830287206
95,ganetes,ganetes,1,0.0013054830287206
95,ge&thorn;encan,ge&amp;t;encan,1,0.0013054830287206
95,ge&thorn;ohtas,ge&amp;t;ohtas,1,0.0013054830287206
95,ge&thorn;rungen,ge&amp;t;rungen,1,0.0013054830287206
95,geac,geac,1,0.0013054830287206
95,geborenum,geborenum,1,0.0013054830287206
95,gebunden,gebunden,1,0.0013054830287206
95,gecunnad,gecunnad,1,0.0013054830287206
95,gedon,gedon,1,0.0013054830287206
95,gedroren,gedroren,1,0.0013054830287206
95,gefelan,gefelan,1,0.0013054830287206
95,gefremedon,gefremedon,1,0.0013054830287206
95,gehn&aelig;ged,gehn&amp;ae;ged,1,0.0013054830287206
95,gehwam,gehwam,1,0.0013054830287206
95,gehygd,gehygd,1,0.0013054830287206
95,gehyrde,gehyrde,1,0.0013054830287206
95,gelac,gelac,1,0.0013054830287206
95,gelagu,gelagu,1,0.0013054830287206
95,gelong,gelong,1,0.0013054830287206
95,gelyfe,gelyfe,1,0.0013054830287206
95,gemete,gemete,1,0.0013054830287206
95,gemonia&eth;,gemonia&amp;d;,1,0.0013054830287206
95,geoce,geoce,1,0.0013054830287206
95,geogu&thorn;e,geogu&amp;t;e,1,0.0013054830287206
95,geomran,geomran,1,0.0013054830287206
95,geond,geond,1,0.0013054830287206
95,gesece,gesece,1,0.0013054830287206
95,gesta&thorn;ela&eth;,gesta&amp;t;ela&amp;d;,1,0.0013054830287206
95,gesta&thorn;elade,gesta&amp;t;elade,1,0.0013054830287206
95,geswincdagum,geswincdagum,1,0.0013054830287206
95,geweor&thorn;ade,geweor&amp;t;ade,1,0.0013054830287206
95,gewis,gewis,1,0.0013054830287206
95,gewitan,gewitan,1,0.0013054830287206
95,geworhtne,geworhtne,1,0.0013054830287206
95,gewyrce,gewyrce,1,0.0013054830287206
95,gielle&eth;,gielle&amp;d;,1,0.0013054830287206
95,gifena,gifena,1,0.0013054830287206
95,gifre,gifre,1,0.0013054830287206
95,gnorna&eth;,gnorna&amp;d;,1,0.0013054830287206
95,god,god,1,0.0013054830287206
95,godes,godes,1,0.0013054830287206
95,gold,gold,1,0.0013054830287206
95,golde,golde,1,0.0013054830287206
95,goldgiefan,goldgiefan,1,0.0013054830287206
95,gomelfeax,gomelfeax,1,0.0013054830287206
95,gomene,gomene,1,0.0013054830287206
95,gr&aelig;dig,gr&amp;ae;dig,1,0.0013054830287206
95,gr&aelig;f,gr&amp;ae;f,1,0.0013054830287206
95,grundas,grundas,1,0.0013054830287206
95,h&aelig;bbe,h&amp;ae;bbe,1,0.0013054830287206
95,hafa&eth;,hafa&amp;d;,1,0.0013054830287206
95,halgan,halgan,1,0.0013054830287206
95,ham,ham,1,0.0013054830287206
95,hat,hat,1,0.0013054830287206
95,hatran,hatran,1,0.0013054830287206
95,healda&thorn;,healda&amp;t;,1,0.0013054830287206
95,hean,hean,1,0.0013054830287206
95,hearpan,hearpan,1,0.0013054830287206
95,heonan,heonan,1,0.0013054830287206
95,her,her,1,0.0013054830287206
95,hergen,hergen,1,0.0013054830287206
95,hit,hit,1,0.0013054830287206
95,hleahtor,hleahtor,1,0.0013054830287206
95,hleo&thorn;or,hleo&amp;t;or,1,0.0013054830287206
95,hleom&aelig;ga,hleom&amp;ae;ga,1,0.0013054830287206
95,hlimman,hlimman,1,0.0013054830287206
95,hold,hold,1,0.0013054830287206
95,holma,holma,1,0.0013054830287206
95,hond,hond,1,0.0013054830287206
95,hre&thorn;er,hre&amp;t;er,1,0.0013054830287206
95,hre&thorn;erlocan,hre&amp;t;erlocan,1,0.0013054830287206
95,hrim,hrim,1,0.0013054830287206
95,hrimgicelum,hrimgicelum,1,0.0013054830287206
95,hring&thorn;ege,hring&amp;t;ege,1,0.0013054830287206
95,hrusan,hrusan,1,0.0013054830287206
95,huilpan,huilpan,1,0.0013054830287206
95,hungor,hungor,1,0.0013054830287206
95,hw&aelig;les,hw&amp;ae;les,1,0.0013054830287206
95,hw&aelig;lweg,hw&amp;ae;lweg,1,0.0013054830287206
95,hw&aelig;r,hw&amp;ae;r,1,0.0013054830287206
95,hwete&eth;,hwete&amp;d;,1,0.0013054830287206
95,hwilum,hwilum,1,0.0013054830287206
95,hycgan,hycgan,1,0.0013054830287206
95,hyde&eth;,hyde&amp;d;,1,0.0013054830287206
95,indryhto,indryhto,1,0.0013054830287206
95,innan,innan,1,0.0013054830287206
95,iscaldne,iscaldne,1,0.0013054830287206
95,iscealdne,iscealdne,1,0.0013054830287206
95,isigfe&thorn;era,isigfe&amp;t;era,1,0.0013054830287206
95,iu,iu,1,0.0013054830287206
95,iuwine,iuwine,1,0.0013054830287206
95,l&aelig;ne,l&amp;ae;ne,1,0.0013054830287206
95,la&thorn;ne,la&amp;t;ne,1,0.0013054830287206
95,lagu,lagu,1,0.0013054830287206
95,lastum,lastum,1,0.0013054830287206
95,lastworda,lastworda,1,0.0013054830287206
95,lecga&eth;,lecga&amp;d;,1,0.0013054830287206
95,leofa&eth;,leofa&amp;d;,1,0.0013054830287206
95,leofa&thorn;,leofa&amp;t;,1,0.0013054830287206
95,leofne,leofne,1,0.0013054830287206
95,lifdon,lifdon,1,0.0013054830287206
95,lifge,lifge,1,0.0013054830287206
95,lifgendra,lifgendra,1,0.0013054830287206
95,limpe&eth;,limpe&amp;d;,1,0.0013054830287206
95,londe,londe,1,0.0013054830287206
95,longunge,longunge,1,0.0013054830287206
95,losa&eth;,losa&amp;d;,1,0.0013054830287206
95,lufan,lufan,1,0.0013054830287206
95,lust,lust,1,0.0013054830287206
95,lyt,lyt,1,0.0013054830287206
95,m&aelig;la,m&amp;ae;la,1,0.0013054830287206
95,m&aelig;r&thorn;a,m&amp;ae;r&amp;t;a,1,0.0013054830287206
95,m&aelig;st,m&amp;ae;st,1,0.0013054830287206
95,m&aelig;w,m&amp;ae;w,1,0.0013054830287206
95,ma&thorn;mum,ma&amp;t;mum,1,0.0013054830287206
95,meahtigra,meahtigra,1,0.0013054830287206
95,mec,mec,1,0.0013054830287206
95,medodrince,medodrince,1,0.0013054830287206
95,meotod,meotod,1,0.0013054830287206
95,meotud,meotud,1,0.0013054830287206
95,meotudes,meotudes,1,0.0013054830287206
95,mereflode,mereflode,1,0.0013054830287206
95,merewerges,merewerges,1,0.0013054830287206
95,micel,micel,1,0.0013054830287206
95,middangeard,middangeard,1,0.0013054830287206
95,mine,mine,1,0.0013054830287206
95,mislicum,mislicum,1,0.0013054830287206
95,mode,mode,1,0.0013054830287206
95,modsefa,modsefa,1,0.0013054830287206
95,modwlonc,modwlonc,1,0.0013054830287206
95,molde,molde,1,0.0013054830287206
95,monnes,monnes,1,0.0013054830287206
95,moten,moten,1,0.0013054830287206
95,n&aelig;bbe,n&amp;ae;bbe,1,0.0013054830287206
95,n&aelig;ron,n&amp;ae;ron,1,0.0013054830287206
95,nacan,nacan,1,0.0013054830287206
95,nap,nap,1,0.0013054830287206
95,nearo,nearo,1,0.0013054830287206
95,nefne,nefne,1,0.0013054830287206
95,ni&thorn;,ni&amp;t;,1,0.0013054830287206
95,nihtscua,nihtscua,1,0.0013054830287206
95,nihtwaco,nihtwaco,1,0.0013054830287206
95,nima&eth;,nima&amp;d;,1,0.0013054830287206
95,nis,nis,1,0.0013054830287206
95,no,no,1,0.0013054830287206
95,nor&thorn;an,nor&amp;t;an,1,0.0013054830287206
95,o&eth;&thorn;ringe&eth;,o&amp;d;&amp;t;ringe&amp;d;,1,0.0013054830287206
95,of,of,1,0.0013054830287206
95,oncw&aelig;&eth;,oncw&amp;ae;&amp;d;,1,0.0013054830287206
95,oncyrre&eth;,oncyrre&amp;d;,1,0.0013054830287206
95,ondr&aelig;de&thorn;,ondr&amp;ae;de&amp;t;,1,0.0013054830287206
95,onette&eth;,onette&amp;d;,1,0.0013054830287206
95,onhreran,onhreran,1,0.0013054830287206
95,onmedlan,onmedlan,1,0.0013054830287206
95,onsyn,onsyn,1,0.0013054830287206
95,owiht,owiht,1,0.0013054830287206
95,reorde,reorde,1,0.0013054830287206
95,rices,rices,1,0.0013054830287206
95,s&aelig;fore,s&amp;ae;fore,1,0.0013054830287206
95,sar,sar,1,0.0013054830287206
95,sawle,sawle,1,0.0013054830287206
95,sceal,sceal,1,0.0013054830287206
95,sceolde,sceolde,1,0.0013054830287206
95,scurum,scurum,1,0.0013054830287206
95,sealty&thorn;a,sealty&amp;t;a,1,0.0013054830287206
95,seara&eth;,seara&amp;d;,1,0.0013054830287206
95,secg,secg,1,0.0013054830287206
95,secgan,secgan,1,0.0013054830287206
95,sefan,sefan,1,0.0013054830287206
95,seofedun,seofedun,1,0.0013054830287206
95,si&thorn;&thorn;an,si&amp;t;&amp;t;an,1,0.0013054830287206
95,si&thorn;as,si&amp;t;as,1,0.0013054830287206
95,si&thorn;e,si&amp;t;e,1,0.0013054830287206
95,simle,simle,1,0.0013054830287206
95,singe&eth;,singe&amp;d;,1,0.0013054830287206
95,singende,singende,1,0.0013054830287206
95,slat,slat,1,0.0013054830287206
95,sniwde,sniwde,1,0.0013054830287206
95,so&eth;gied,so&amp;d;gied,1,0.0013054830287206
95,song,song,1,0.0013054830287206
95,sta&thorn;elum,sta&amp;t;elum,1,0.0013054830287206
95,stanclifu,stanclifu,1,0.0013054830287206
95,stearn,stearn,1,0.0013054830287206
95,stefnan,stefnan,1,0.0013054830287206
95,sti&thorn;e,sti&amp;t;e,1,0.0013054830287206
95,stieran,stieran,1,0.0013054830287206
95,stonda&eth;,stonda&amp;d;,1,0.0013054830287206
95,stormas,stormas,1,0.0013054830287206
95,streamas,streamas,1,0.0013054830287206
95,stregan,stregan,1,0.0013054830287206
95,strongum,strongum,1,0.0013054830287206
95,sum,sum,1,0.0013054830287206
95,sume,sume,1,0.0013054830287206
95,sumeres,sumeres,1,0.0013054830287206
95,sweg,sweg,1,0.0013054830287206
95,swete,swete,1,0.0013054830287206
95,swi&thorn;re,swi&amp;t;re,1,0.0013054830287206
95,sy,sy,1,0.0013054830287206
95,sylf,sylf,1,0.0013054830287206
95,sylfum,sylfum,1,0.0013054830287206
95,synna,synna,1,0.0013054830287206
95,tilien,tilien,1,0.0013054830287206
95,togeanes,togeanes,1,0.0013054830287206
95,tweon,tweon,1,0.0013054830287206
95,un&thorn;inged,un&amp;t;inged,1,0.0013054830287206
95,unwearnum,unwearnum,1,0.0013054830287206
95,uprodor,uprodor,1,0.0013054830287206
95,urigfe&thorn;ra,urigfe&amp;t;ra,1,0.0013054830287206
95,usic,usic,1,0.0013054830287206
95,uton,uton,1,0.0013054830287206
95,w&aelig;g,w&amp;ae;g,1,0.0013054830287206
95,wacran,wacran,1,0.0013054830287206
95,weard,weard,1,0.0013054830287206
95,weg,weg,1,0.0013054830287206
95,weor&thorn;e&eth;,weor&amp;t;e&amp;d;,1,0.0013054830287206
95,wera,wera,1,0.0013054830287206
95,werig,werig,1,0.0013054830287206
95,werum,werum,1,0.0013054830287206
95,wi&thorn;,wi&amp;t;,1,0.0013054830287206
95,wide,wide,1,0.0013054830287206
95,widost,widost,1,0.0013054830287206
95,wife,wife,1,0.0013054830287206
95,wine,wine,1,0.0013054830287206
95,winem&aelig;gum,winem&amp;ae;gum,1,0.0013054830287206
95,wingal,wingal,1,0.0013054830287206
95,winter,winter,1,0.0013054830287206
95,wisum,wisum,1,0.0013054830287206
95,wlitigia&eth;,wlitigia&amp;d;,1,0.0013054830287206
95,wlonc,wlonc,1,0.0013054830287206
95,wongas,wongas,1,0.0013054830287206
95,worulde,worulde,1,0.0013054830287206
95,wr&aelig;ccan,wr&amp;ae;ccan,1,0.0013054830287206
95,wr&aelig;clastas,wr&amp;ae;clastas,1,0.0013054830287206
95,wrecan,wrecan,1,0.0013054830287206
95,wuldres,wuldres,1,0.0013054830287206
95,wunade,wunade,1,0.0013054830287206
95,wunia&eth;,wunia&amp;d;,1,0.0013054830287206
95,wyrd,wyrd,1,0.0013054830287206
95,y&eth;a,y&amp;d;a,1,0.0013054830287206
95,y&thorn;a,y&amp;t;a,1,0.0013054830287206
95,ylfete,ylfete,1,0.0013054830287206
95,ymbe,ymbe,1,0.0013054830287206
