B_Prose,B01,B01.002.047_AECHom_II__43_T02970.txt,798,498,2478
RANK,HTML WORD,RAW WORD,COUNT,RELATIVE FREQUENCY
1,and,<code>and</code>,88,0.0355125
2,&thorn;&aelig;t,<code>&amp;t;&amp;ae;t</code>,61,0.0246166
3,&eth;e,<code>&amp;d;e</code>,55,0.0221953
4,se,<code>se</code>,54,0.0217918
5,he,<code>he</code>,53,0.0213882
6,on,<code>on</code>,52,0.0209847
7,to,<code>to</code>,45,0.0181598
8,&eth;a,<code>&amp;d;a</code>,40,0.0161421
8,hi,<code>hi</code>,40,0.0161421
10,pund,<code>pund</code>,37,0.0149314
11,&thorn;e,<code>&amp;t;e</code>,36,0.0145278
12,his,<code>his</code>,34,0.0137207
13,&eth;am,<code>&amp;d;am</code>,33,0.0133172
14,mid,<code>mid</code>,28,0.0112994
15,him,<code>him</code>,27,0.0108959
16,ne,<code>ne</code>,26,0.0104923
17,fif,<code>fif</code>,22,0.0088781
17,is,<code>is</code>,22,0.0088781
17,swa,<code>swa</code>,22,0.0088781
20,&eth;u,<code>&amp;d;u</code>,18,0.0072639
20,for,<code>for</code>,18,0.0072639
20,ic,<code>ic</code>,18,0.0072639
23,&thorn;a,<code>&amp;t;a</code>,17,0.0068604
24,&aelig;r,<code>&amp;ae;r</code>,16,0.0064568
24,cw&aelig;&eth;,<code>cw&amp;ae;&amp;d;</code>,16,0.0064568
24,godes,<code>godes</code>,16,0.0064568
24,heora,<code>heora</code>,16,0.0064568
28,gode,<code>gode</code>,15,0.0060533
29,&thorn;am,<code>&amp;t;am</code>,14,0.0056497
30,&eth;urh,<code>&amp;d;urh</code>,13,0.0052462
30,&thorn;onne,<code>&amp;t;onne</code>,13,0.0052462
30,nu,<code>nu</code>,13,0.0052462
33,bi&eth;,<code>bi&amp;d;</code>,12,0.0048426
33,feoh,<code>feoh</code>,12,0.0048426
33,hlaford,<code>hlaford</code>,12,0.0048426
33,underfeng,<code>underfeng</code>,12,0.0048426
37,h&aelig;f&eth;,<code>h&amp;ae;f&amp;d;</code>,11,0.0044391
37,sind,<code>sind</code>,11,0.0044391
37,twa,<code>twa</code>,11,0.0044391
37,we,<code>we</code>,11,0.0044391
41,&eth;an,<code>&amp;d;an</code>,10,0.0040355
41,ac,<code>ac</code>,10,0.0040355
41,nan,<code>nan</code>,10,0.0040355
44,&eth;eowa,<code>&amp;d;eowa</code>,9,0.0036320
44,&eth;onne,<code>&amp;d;onne</code>,9,0.0036320
44,&thorn;&aelig;r,<code>&amp;t;&amp;ae;r</code>,9,0.0036320
44,&thorn;urh,<code>&amp;t;urh</code>,9,0.0036320
44,ge,<code>ge</code>,9,0.0036320
49,&eth;eowan,<code>&amp;d;eowan</code>,8,0.0032284
49,an,<code>an</code>,8,0.0032284
49,andgit,<code>andgit</code>,8,0.0032284
49,beo&eth;,<code>beo&amp;d;</code>,8,0.0032284
49,eac,<code>eac</code>,8,0.0032284
49,god,<code>god</code>,8,0.0032284
49,hlafordes,<code>hlafordes</code>,8,0.0032284
49,o&eth;re,<code>o&amp;d;re</code>,8,0.0032284
49,w&aelig;s,<code>w&amp;ae;s</code>,8,0.0032284
58,&aelig;t,<code>&amp;ae;t</code>,7,0.0028249
58,&eth;&aelig;ra,<code>&amp;d;&amp;ae;ra</code>,7,0.0028249
58,&thorn;&aelig;s,<code>&amp;t;&amp;ae;s</code>,7,0.0028249
58,be,<code>be</code>,7,0.0028249
58,hit,<code>hit</code>,7,0.0028249
58,man,<code>man</code>,7,0.0028249
58,me,<code>me</code>,7,0.0028249
58,o&eth;rum,<code>o&amp;d;rum</code>,7,0.0028249
58,of,<code>of</code>,7,0.0028249
67,&aelig;fter,<code>&amp;ae;fter</code>,6,0.0024213
67,buton,<code>buton</code>,6,0.0024213
67,eow,<code>eow</code>,6,0.0024213
67,gafole,<code>gafole</code>,6,0.0024213
67,geleafan,<code>geleafan</code>,6,0.0024213
67,getrywe,<code>getrywe</code>,6,0.0024213
67,lare,<code>lare</code>,6,0.0024213
67,life,<code>life</code>,6,0.0024213
67,sceal,<code>sceal</code>,6,0.0024213
67,so&eth;an,<code>so&amp;d;an</code>,6,0.0024213
67,tyn,<code>tyn</code>,6,0.0024213
78,&eth;eah,<code>&amp;d;eah</code>,5,0.0020178
78,&eth;is,<code>&amp;d;is</code>,5,0.0020178
78,andgite,<code>andgite</code>,5,0.0020178
78,andgitu,<code>andgitu</code>,5,0.0020178
78,andgitum,<code>andgitum</code>,5,0.0020178
78,bef&aelig;ste,<code>bef&amp;ae;ste</code>,5,0.0020178
78,bet&aelig;hte,<code>bet&amp;ae;hte</code>,5,0.0020178
78,drihten,<code>drihten</code>,5,0.0020178
78,eor&eth;an,<code>eor&amp;d;an</code>,5,0.0020178
78,ferde,<code>ferde</code>,5,0.0020178
78,gife,<code>gife</code>,5,0.0020178
78,h&aelig;fde,<code>h&amp;ae;fde</code>,5,0.0020178
78,heofenlican,<code>heofenlican</code>,5,0.0020178
78,hine,<code>hine</code>,5,0.0020178
78,hlaforde,<code>hlaforde</code>,5,0.0020178
78,lifes,<code>lifes</code>,5,0.0020178
78,manna,<code>manna</code>,5,0.0020178
78,maran,<code>maran</code>,5,0.0020178
78,n&aelig;f&eth;,<code>n&amp;ae;f&amp;d;</code>,5,0.0020178
78,pundes,<code>pundes</code>,5,0.0020178
78,sum,<code>sum</code>,5,0.0020178
78,w&aelig;re,<code>w&amp;ae;re</code>,5,0.0020178
78,witodlice,<code>witodlice</code>,5,0.0020178
78,yttrum,<code>yttrum</code>,5,0.0020178
102,&aelig;lc,<code>&amp;ae;lc</code>,4,0.0016142
102,&eth;&aelig;r,<code>&amp;d;&amp;ae;r</code>,4,0.0016142
102,&eth;&aelig;re,<code>&amp;d;&amp;ae;re</code>,4,0.0016142
102,&eth;i,<code>&amp;d;i</code>,4,0.0016142
102,&thorn;eah,<code>&amp;t;eah</code>,4,0.0016142
102,&thorn;u,<code>&amp;t;u</code>,4,0.0016142
102,andeteras,<code>andeteras</code>,4,0.0016142
102,com,<code>com</code>,4,0.0016142
102,eala,<code>eala</code>,4,0.0016142
102,efne,<code>efne</code>,4,0.0016142
102,fela,<code>fela</code>,4,0.0016142
102,gastlican,<code>gastlican</code>,4,0.0016142
102,gastlicum,<code>gastlicum</code>,4,0.0016142
102,gefean,<code>gefean</code>,4,0.0016142
102,gela&eth;unge,<code>gela&amp;d;unge</code>,4,0.0016142
102,gestrynde,<code>gestrynde</code>,4,0.0016142
102,godum,<code>godum</code>,4,0.0016142
102,hera,<code>hera</code>,4,0.0016142
102,hw&aelig;t,<code>hw&amp;ae;t</code>,4,0.0016142
102,into,<code>into</code>,4,0.0016142
102,mannum,<code>mannum</code>,4,0.0016142
102,mare,<code>mare</code>,4,0.0016142
102,men,<code>men</code>,4,0.0016142
102,ofer,<code>ofer</code>,4,0.0016142
102,punde,<code>punde</code>,4,0.0016142
102,pundum,<code>pundum</code>,4,0.0016142
102,sumon,<code>sumon</code>,4,0.0016142
102,swi&eth;e,<code>swi&amp;d;e</code>,4,0.0016142
102,sy,<code>sy</code>,4,0.0016142
102,sylla&eth;,<code>sylla&amp;d;</code>,4,0.0016142
102,twam,<code>twam</code>,4,0.0016142
102,underfeh&eth;,<code>underfeh&amp;d;</code>,4,0.0016142
102,yttran,<code>yttran</code>,4,0.0016142
135,&aelig;l&eth;eodignysse,<code>&amp;ae;l&amp;d;eodignysse</code>,3,0.0012107
135,&aelig;tforan,<code>&amp;ae;tforan</code>,3,0.0012107
135,&eth;&aelig;s,<code>&amp;d;&amp;ae;s</code>,3,0.0012107
135,&eth;in,<code>&amp;d;in</code>,3,0.0012107
135,&eth;ines,<code>&amp;d;ines</code>,3,0.0012107
135,&eth;ingum,<code>&amp;d;ingum</code>,3,0.0012107
135,&eth;isum,<code>&amp;d;isum</code>,3,0.0012107
135,andetton,<code>andetton</code>,3,0.0012107
135,betwux,<code>betwux</code>,3,0.0012107
135,brohte,<code>brohte</code>,3,0.0012107
135,bysne,<code>bysne</code>,3,0.0012107
135,cristes,<code>cristes</code>,3,0.0012107
135,ealle,<code>ealle</code>,3,0.0012107
135,engla,<code>engla</code>,3,0.0012107
135,far,<code>far</code>,3,0.0012107
135,for&eth;,<code>for&amp;d;</code>,3,0.0012107
135,forgeaf,<code>forgeaf</code>,3,0.0012107
135,frecednyssa,<code>frecednyssa</code>,3,0.0012107
135,geseald,<code>geseald</code>,3,0.0012107
135,getacnod,<code>getacnod</code>,3,0.0012107
135,gif,<code>gif</code>,3,0.0012107
135,goda,<code>goda</code>,3,0.0012107
135,halige,<code>halige</code>,3,0.0012107
135,heofenlicum,<code>heofenlicum</code>,3,0.0012107
135,het,<code>het</code>,3,0.0012107
135,hlyst,<code>hlyst</code>,3,0.0012107
135,incundan,<code>incundan</code>,3,0.0012107
135,la,<code>la</code>,3,0.0012107
135,leof,<code>leof</code>,3,0.0012107
135,lichaman,<code>lichaman</code>,3,0.0012107
135,lufe,<code>lufe</code>,3,0.0012107
135,lytlum,<code>lytlum</code>,3,0.0012107
135,m&aelig;g,<code>m&amp;ae;g</code>,3,0.0012107
135,magon,<code>magon</code>,3,0.0012107
135,min,<code>min</code>,3,0.0012107
135,myneterum,<code>myneterum</code>,3,0.0012107
135,na,<code>na</code>,3,0.0012107
135,naman,<code>naman</code>,3,0.0012107
135,nis,<code>nis</code>,3,0.0012107
135,o&eth;&eth;e,<code>o&amp;d;&amp;d;e</code>,3,0.0012107
135,orsorh,<code>orsorh</code>,3,0.0012107
135,settan,<code>settan</code>,3,0.0012107
135,sleanne,<code>sleanne</code>,3,0.0012107
135,so&eth;lice,<code>so&amp;d;lice</code>,3,0.0012107
135,styrne,<code>styrne</code>,3,0.0012107
135,sume,<code>sume</code>,3,0.0012107
135,syllan,<code>syllan</code>,3,0.0012107
135,ure,<code>ure</code>,3,0.0012107
135,wille,<code>wille</code>,3,0.0012107
135,wolde,<code>wolde</code>,3,0.0012107
185,&aelig;g&eth;er,<code>&amp;ae;g&amp;d;er</code>,2,0.0008071
185,&aelig;tbroden,<code>&amp;ae;tbroden</code>,2,0.0008071
185,&eth;eowum,<code>&amp;d;eowum</code>,2,0.0008071
185,&eth;ing,<code>&amp;d;ing</code>,2,0.0008071
185,&eth;one,<code>&amp;d;one</code>,2,0.0008071
185,&eth;ridda,<code>&amp;d;ridda</code>,2,0.0008071
185,&eth;yllice,<code>&amp;d;yllice</code>,2,0.0008071
185,&thorn;&aelig;re,<code>&amp;t;&amp;ae;re</code>,2,0.0008071
185,&thorn;eostra,<code>&amp;t;eostra</code>,2,0.0008071
185,&thorn;eostrum,<code>&amp;t;eostrum</code>,2,0.0008071
185,&thorn;eowa,<code>&amp;t;eowa</code>,2,0.0008071
185,&thorn;is,<code>&amp;t;is</code>,2,0.0008071
185,&thorn;one,<code>&amp;t;one</code>,2,0.0008071
185,agen,<code>agen</code>,2,0.0008071
185,agenre,<code>agenre</code>,2,0.0008071
185,awenda&eth;,<code>awenda&amp;d;</code>,2,0.0008071
185,beboda,<code>beboda</code>,2,0.0008071
185,bed&aelig;led,<code>bed&amp;ae;led</code>,2,0.0008071
185,bedealf,<code>bedealf</code>,2,0.0008071
185,bef&aelig;stest,<code>bef&amp;ae;stest</code>,2,0.0008071
185,behydde,<code>behydde</code>,2,0.0008071
185,beon,<code>beon</code>,2,0.0008071
185,coram,<code>coram</code>,2,0.0008071
185,cr&aelig;ft,<code>cr&amp;ae;ft</code>,2,0.0008071
185,cunnon,<code>cunnon</code>,2,0.0008071
185,cw&aelig;don,<code>cw&amp;ae;don</code>,2,0.0008071
185,cy&eth;&eth;e,<code>cy&amp;d;&amp;d;e</code>,2,0.0008071
185,cym&eth;,<code>cym&amp;d;</code>,2,0.0008071
185,d&aelig;ghwomlice,<code>d&amp;ae;ghwomlice</code>,2,0.0008071
185,eal,<code>eal</code>,2,0.0008071
185,eart,<code>eart</code>,2,0.0008071
185,ecum,<code>ecum</code>,2,0.0008071
185,eft,<code>eft</code>,2,0.0008071
185,eor&eth;licum,<code>eor&amp;d;licum</code>,2,0.0008071
185,et,<code>et</code>,2,0.0008071
185,feo,<code>feo</code>,2,0.0008071
185,feos,<code>feos</code>,2,0.0008071
185,fl&aelig;sclicum,<code>fl&amp;ae;sclicum</code>,2,0.0008071
185,forlyst,<code>forlyst</code>,2,0.0008071
185,fram,<code>fram</code>,2,0.0008071
185,frecednysse,<code>frecednysse</code>,2,0.0008071
185,gastlice,<code>gastlice</code>,2,0.0008071
185,gebigde,<code>gebigde</code>,2,0.0008071
185,gebrohte,<code>gebrohte</code>,2,0.0008071
185,geearnungum,<code>geearnungum</code>,2,0.0008071
185,gehwa,<code>gehwa</code>,2,0.0008071
185,gehwilc,<code>gehwilc</code>,2,0.0008071
185,gehyra&eth;,<code>gehyra&amp;d;</code>,2,0.0008071
185,gel&aelig;d,<code>gel&amp;ae;d</code>,2,0.0008071
185,geleaffullum,<code>geleaffullum</code>,2,0.0008071
185,gemartirode,<code>gemartirode</code>,2,0.0008071
185,genihtsuma&eth;,<code>genihtsuma&amp;d;</code>,2,0.0008071
185,gesih&eth;,<code>gesih&amp;d;</code>,2,0.0008071
185,gestryned,<code>gestryned</code>,2,0.0008071
185,getwyfylde,<code>getwyfylde</code>,2,0.0008071
185,godspel,<code>godspel</code>,2,0.0008071
185,h&aelig;bbe,<code>h&amp;ae;bbe</code>,2,0.0008071
185,habba&eth;,<code>habba&amp;d;</code>,2,0.0008071
185,halgan,<code>halgan</code>,2,0.0008071
185,halgena,<code>halgena</code>,2,0.0008071
185,her,<code>her</code>,2,0.0008071
185,herian,<code>herian</code>,2,0.0008071
185,hrepung,<code>hrepung</code>,2,0.0008071
185,ille,<code>ille</code>,2,0.0008071
185,in,<code>in</code>,2,0.0008071
185,inre,<code>inre</code>,2,0.0008071
185,l&aelig;t,<code>l&amp;ae;t</code>,2,0.0008071
185,lichama,<code>lichama</code>,2,0.0008071
185,lif,<code>lif</code>,2,0.0008071
185,lof,<code>lof</code>,2,0.0008071
185,lustum,<code>lustum</code>,2,0.0008071
185,ly&eth;ra,<code>ly&amp;d;ra</code>,2,0.0008071
185,m&aelig;gen&eth;rymme,<code>m&amp;ae;gen&amp;d;rymme</code>,2,0.0008071
185,mannan,<code>mannan</code>,2,0.0008071
185,micclum,<code>micclum</code>,2,0.0008071
185,mihte,<code>mihte</code>,2,0.0008071
185,minum,<code>minum</code>,2,0.0008071
185,n&aelig;fre,<code>n&amp;ae;fre</code>,2,0.0008071
185,n&aelig;nne,<code>n&amp;ae;nne</code>,2,0.0008071
185,nima&eth;,<code>nima&amp;d;</code>,2,0.0008071
185,niman,<code>niman</code>,2,0.0008071
185,o&eth;er,<code>o&amp;d;er</code>,2,0.0008071
185,ofgan,<code>ofgan</code>,2,0.0008071
185,onfangennysse,<code>onfangennysse</code>,2,0.0008071
185,qui,<code>qui</code>,2,0.0008071
185,rihtlice,<code>rihtlice</code>,2,0.0008071
185,ripan,<code>ripan</code>,2,0.0008071
185,sealdest,<code>sealdest</code>,2,0.0008071
185,secge,<code>secge</code>,2,0.0008071
185,seowe,<code>seowe</code>,2,0.0008071
185,smeagan,<code>smeagan</code>,2,0.0008071
185,so&eth;um,<code>so&amp;d;um</code>,2,0.0008071
185,stenc,<code>stenc</code>,2,0.0008071
185,sumne,<code>sumne</code>,2,0.0008071
185,sumum,<code>sumum</code>,2,0.0008071
185,sw&aelig;cc,<code>sw&amp;ae;cc</code>,2,0.0008071
185,swi&eth;or,<code>swi&amp;d;or</code>,2,0.0008071
185,swilce,<code>swilce</code>,2,0.0008071
185,sylfe,<code>sylfe</code>,2,0.0008071
185,teolunge,<code>teolunge</code>,2,0.0008071
185,underfengon,<code>underfengon</code>,2,0.0008071
185,w&aelig;ron,<code>w&amp;ae;ron</code>,2,0.0008071
185,wear&eth;,<code>wear&amp;d;</code>,2,0.0008071
185,wer,<code>wer</code>,2,0.0008071
185,wi&eth;,<code>wi&amp;d;</code>,2,0.0008071
185,wi&eth;utan,<code>wi&amp;d;utan</code>,2,0.0008071
185,wile,<code>wile</code>,2,0.0008071
185,wilt,<code>wilt</code>,2,0.0008071
185,worulde,<code>worulde</code>,2,0.0008071
185,wuldra&eth;,<code>wuldra&amp;d;</code>,2,0.0008071
185,wur&eth;ia&eth;,<code>wur&amp;d;ia&amp;d;</code>,2,0.0008071
185,wur&eth;mynte,<code>wur&amp;d;mynte</code>,2,0.0008071
185,wylle,<code>wylle</code>,2,0.0008071
185,wylt,<code>wylt</code>,2,0.0008071
185,yfelan,<code>yfelan</code>,2,0.0008071
185,yttre,<code>yttre</code>,2,0.0008071
301,&aelig;fre,<code>&amp;ae;fre</code>,1,0.0004036
301,&aelig;hta,<code>&amp;ae;hta</code>,1,0.0004036
301,&aelig;htum,<code>&amp;ae;htum</code>,1,0.0004036
301,&aelig;l&eth;eodigne,<code>&amp;ae;l&amp;d;eodigne</code>,1,0.0004036
301,&aelig;lcere,<code>&amp;ae;lcere</code>,1,0.0004036
301,&aelig;lcum,<code>&amp;ae;lcum</code>,1,0.0004036
301,&aelig;lmihtiga,<code>&amp;ae;lmihtiga</code>,1,0.0004036
301,&aelig;lmihtigan,<code>&amp;ae;lmihtigan</code>,1,0.0004036
301,&aelig;mtig,<code>&amp;ae;mtig</code>,1,0.0004036
301,&aelig;nigre,<code>&amp;ae;nigre</code>,1,0.0004036
301,&aelig;rest,<code>&amp;ae;rest</code>,1,0.0004036
301,&aelig;riste,<code>&amp;ae;riste</code>,1,0.0004036
301,&aelig;rran,<code>&amp;ae;rran</code>,1,0.0004036
301,&aelig;teowian,<code>&amp;ae;teowian</code>,1,0.0004036
301,&eth;as,<code>&amp;d;as</code>,1,0.0004036
301,&eth;earfa,<code>&amp;d;earfa</code>,1,0.0004036
301,&eth;eawum,<code>&amp;d;eawum</code>,1,0.0004036
301,&eth;egenes,<code>&amp;d;egenes</code>,1,0.0004036
301,&eth;enungum,<code>&amp;d;enungum</code>,1,0.0004036
301,&eth;eoda,<code>&amp;d;eoda</code>,1,0.0004036
301,&eth;eowas,<code>&amp;d;eowas</code>,1,0.0004036
301,&eth;inga,<code>&amp;d;inga</code>,1,0.0004036
301,&eth;ingian,<code>&amp;d;ingian</code>,1,0.0004036
301,&eth;inre,<code>&amp;d;inre</code>,1,0.0004036
301,&eth;ises,<code>&amp;d;ises</code>,1,0.0004036
301,&eth;ola&eth;,<code>&amp;d;ola&amp;d;</code>,1,0.0004036
301,&eth;olode,<code>&amp;d;olode</code>,1,0.0004036
301,&eth;rymme,<code>&amp;d;rymme</code>,1,0.0004036
301,&eth;urfe,<code>&amp;d;urfe</code>,1,0.0004036
301,&eth;yses,<code>&amp;d;yses</code>,1,0.0004036
301,&eth;yssera,<code>&amp;d;yssera</code>,1,0.0004036
301,&eth;yssere,<code>&amp;d;yssere</code>,1,0.0004036
301,&thorn;&aelig;ra,<code>&amp;t;&amp;ae;ra</code>,1,0.0004036
301,&thorn;&aelig;rtoeacan,<code>&amp;t;&amp;ae;rtoeacan</code>,1,0.0004036
301,&thorn;as,<code>&amp;t;as</code>,1,0.0004036
301,&thorn;es,<code>&amp;t;es</code>,1,0.0004036
301,&thorn;ines,<code>&amp;t;ines</code>,1,0.0004036
301,&thorn;ises,<code>&amp;t;ises</code>,1,0.0004036
301,&thorn;isne,<code>&amp;t;isne</code>,1,0.0004036
301,&thorn;isum,<code>&amp;t;isum</code>,1,0.0004036
301,&thorn;y,<code>&amp;t;y</code>,1,0.0004036
301,a,<code>a</code>,1,0.0004036
301,achaia,<code>achaia</code>,1,0.0004036
301,afet,<code>afet</code>,1,0.0004036
301,afyrht,<code>afyrht</code>,1,0.0004036
301,ageat,<code>ageat</code>,1,0.0004036
301,agifan,<code>agifan</code>,1,0.0004036
301,agife,<code>agife</code>,1,0.0004036
301,agyfa&eth;,<code>agyfa&amp;d;</code>,1,0.0004036
301,agyldan,<code>agyldan</code>,1,0.0004036
301,ahafen,<code>ahafen</code>,1,0.0004036
301,amen,<code>amen</code>,1,0.0004036
301,an&eth;racia&eth;,<code>an&amp;d;racia&amp;d;</code>,1,0.0004036
301,andet,<code>andet</code>,1,0.0004036
301,andetnysse,<code>andetnysse</code>,1,0.0004036
301,andette,<code>andette</code>,1,0.0004036
301,andgites,<code>andgites</code>,1,0.0004036
301,andreas,<code>andreas</code>,1,0.0004036
301,andwerdan,<code>andwerdan</code>,1,0.0004036
301,anginne,<code>anginne</code>,1,0.0004036
301,ansunde,<code>ansunde</code>,1,0.0004036
301,anum,<code>anum</code>,1,0.0004036
301,apostol,<code>apostol</code>,1,0.0004036
301,ar&aelig;ran,<code>ar&amp;ae;ran</code>,1,0.0004036
301,arwur&eth;ian,<code>arwur&amp;d;ian</code>,1,0.0004036
301,asiam,<code>asiam</code>,1,0.0004036
301,asmeaga&eth;,<code>asmeaga&amp;d;</code>,1,0.0004036
301,asmeagan,<code>asmeagan</code>,1,0.0004036
301,asolcen,<code>asolcen</code>,1,0.0004036
301,asolcena,<code>asolcena</code>,1,0.0004036
301,asolcennysse,<code>asolcennysse</code>,1,0.0004036
301,aspende,<code>aspende</code>,1,0.0004036
301,aspendon,<code>aspendon</code>,1,0.0004036
301,atuge,<code>atuge</code>,1,0.0004036
301,awent,<code>awent</code>,1,0.0004036
301,aworpen,<code>aworpen</code>,1,0.0004036
301,awriten,<code>awriten</code>,1,0.0004036
301,bealdlice,<code>bealdlice</code>,1,0.0004036
301,becom,<code>becom</code>,1,0.0004036
301,becume,<code>becume</code>,1,0.0004036
301,bediglode,<code>bediglode</code>,1,0.0004036
301,bef&aelig;st,<code>bef&amp;ae;st</code>,1,0.0004036
301,bef&aelig;stum,<code>bef&amp;ae;stum</code>,1,0.0004036
301,befeoll,<code>befeoll</code>,1,0.0004036
301,began,<code>began</code>,1,0.0004036
301,begyten,<code>begyten</code>,1,0.0004036
301,begytt,<code>begytt</code>,1,0.0004036
301,behit,<code>behit</code>,1,0.0004036
301,behyd,<code>behyd</code>,1,0.0004036
301,beladunge,<code>beladunge</code>,1,0.0004036
301,beo,<code>beo</code>,1,0.0004036
301,besarga&eth;,<code>besarga&amp;d;</code>,1,0.0004036
301,bet&aelig;h&eth;,<code>bet&amp;ae;h&amp;d;</code>,1,0.0004036
301,bet&aelig;htest,<code>bet&amp;ae;htest</code>,1,0.0004036
301,bigspel,<code>bigspel</code>,1,0.0004036
301,blindnysse,<code>blindnysse</code>,1,0.0004036
301,blindra,<code>blindra</code>,1,0.0004036
301,blissa&eth;,<code>blissa&amp;d;</code>,1,0.0004036
301,blisse,<code>blisse</code>,1,0.0004036
301,boclicere,<code>boclicere</code>,1,0.0004036
301,bodia&eth;,<code>bodia&amp;d;</code>,1,0.0004036
301,bric&eth;,<code>bric&amp;d;</code>,1,0.0004036
301,bringa&eth;,<code>bringa&amp;d;</code>,1,0.0004036
301,brosnunge,<code>brosnunge</code>,1,0.0004036
301,bydela,<code>bydela</code>,1,0.0004036
301,bysnia&eth;,<code>bysnia&amp;d;</code>,1,0.0004036
301,carfullice,<code>carfullice</code>,1,0.0004036
301,celis,<code>celis</code>,1,0.0004036
301,cl&aelig;nan,<code>cl&amp;ae;nan</code>,1,0.0004036
301,cl&aelig;nnysse,<code>cl&amp;ae;nnysse</code>,1,0.0004036
301,clypode,<code>clypode</code>,1,0.0004036
301,confessores,<code>confessores</code>,1,0.0004036
301,confessoris,<code>confessoris</code>,1,0.0004036
301,confitebitur,<code>confitebitur</code>,1,0.0004036
301,confitebor,<code>confitebor</code>,1,0.0004036
301,costna&eth;,<code>costna&amp;d;</code>,1,0.0004036
301,costnia&eth;,<code>costnia&amp;d;</code>,1,0.0004036
301,crist,<code>crist</code>,1,0.0004036
301,cume,<code>cume</code>,1,0.0004036
301,cwe&eth;,<code>cwe&amp;d;</code>,1,0.0004036
301,cwe&eth;an,<code>cwe&amp;d;an</code>,1,0.0004036
301,cy&eth;,<code>cy&amp;d;</code>,1,0.0004036
301,cy&eth;an,<code>cy&amp;d;an</code>,1,0.0004036
301,d&aelig;da,<code>d&amp;ae;da</code>,1,0.0004036
301,d&aelig;dbote,<code>d&amp;ae;dbote</code>,1,0.0004036
301,d&aelig;dum,<code>d&amp;ae;dum</code>,1,0.0004036
301,d&aelig;lde,<code>d&amp;ae;lde</code>,1,0.0004036
301,de&eth;,<code>de&amp;d;</code>,1,0.0004036
301,deafe,<code>deafe</code>,1,0.0004036
301,dema,<code>dema</code>,1,0.0004036
301,deman,<code>deman</code>,1,0.0004036
301,deme,<code>deme</code>,1,0.0004036
301,deopnysse,<code>deopnysse</code>,1,0.0004036
301,dera&eth;,<code>dera&amp;d;</code>,1,0.0004036
301,dome,<code>dome</code>,1,0.0004036
301,drihtne,<code>drihtne</code>,1,0.0004036
301,drohtnunge,<code>drohtnunge</code>,1,0.0004036
301,dwelodon,<code>dwelodon</code>,1,0.0004036
301,e&eth;ele,<code>e&amp;d;ele</code>,1,0.0004036
301,e&eth;les,<code>e&amp;d;les</code>,1,0.0004036
301,eadiga,<code>eadiga</code>,1,0.0004036
301,eall,<code>eall</code>,1,0.0004036
301,ealne,<code>ealne</code>,1,0.0004036
301,ealra,<code>ealra</code>,1,0.0004036
301,eard,<code>eard</code>,1,0.0004036
301,earmum,<code>earmum</code>,1,0.0004036
301,ecan,<code>ecan</code>,1,0.0004036
301,ecere,<code>ecere</code>,1,0.0004036
301,ecnysse,<code>ecnysse</code>,1,0.0004036
301,edleane,<code>edleane</code>,1,0.0004036
301,ege,<code>ege</code>,1,0.0004036
301,egeslicum,<code>egeslicum</code>,1,0.0004036
301,egla&eth;,<code>egla&amp;d;</code>,1,0.0004036
301,ego,<code>ego</code>,1,0.0004036
301,ehterum,<code>ehterum</code>,1,0.0004036
301,embe,<code>embe</code>,1,0.0004036
301,endeleasum,<code>endeleasum</code>,1,0.0004036
301,englisc,<code>englisc</code>,1,0.0004036
301,eor&eth;e,<code>eor&amp;d;e</code>,1,0.0004036
301,eor&eth;lican,<code>eor&amp;d;lican</code>,1,0.0004036
301,eor&eth;lice,<code>eor&amp;d;lice</code>,1,0.0004036
301,eower,<code>eower</code>,1,0.0004036
301,eowere,<code>eowere</code>,1,0.0004036
301,ergo,<code>ergo</code>,1,0.0004036
301,est,<code>est</code>,1,0.0004036
301,eum,<code>eum</code>,1,0.0004036
301,f&aelig;der,<code>f&amp;ae;der</code>,1,0.0004036
301,f&aelig;r&eth;,<code>f&amp;ae;r&amp;d;</code>,1,0.0004036
301,faran,<code>faran</code>,1,0.0004036
301,feawa,<code>feawa</code>,1,0.0004036
301,feond,<code>feond</code>,1,0.0004036
301,fl&aelig;sces,<code>fl&amp;ae;sces</code>,1,0.0004036
301,folc,<code>folc</code>,1,0.0004036
301,forb&aelig;r,<code>forb&amp;ae;r</code>,1,0.0004036
301,forbead,<code>forbead</code>,1,0.0004036
301,forh&aelig;fednysse,<code>forh&amp;ae;fednysse</code>,1,0.0004036
301,forhtia&eth;,<code>forhtia&amp;d;</code>,1,0.0004036
301,forhtunge,<code>forhtunge</code>,1,0.0004036
301,fornean,<code>fornean</code>,1,0.0004036
301,forsawon,<code>forsawon</code>,1,0.0004036
301,forwel,<code>forwel</code>,1,0.0004036
301,fremige,<code>fremige</code>,1,0.0004036
301,fremminge,<code>fremminge</code>,1,0.0004036
301,fur&eth;on,<code>fur&amp;d;on</code>,1,0.0004036
301,fur&eth;or,<code>fur&amp;d;or</code>,1,0.0004036
301,fyrste,<code>fyrste</code>,1,0.0004036
301,gafol,<code>gafol</code>,1,0.0004036
301,gastlic,<code>gastlic</code>,1,0.0004036
301,ge&eth;eo&eth;,<code>ge&amp;d;eo&amp;d;</code>,1,0.0004036
301,ge&eth;inc&eth;um,<code>ge&amp;d;inc&amp;d;um</code>,1,0.0004036
301,ge&eth;uht,<code>ge&amp;d;uht</code>,1,0.0004036
301,ge&eth;uhte,<code>ge&amp;d;uhte</code>,1,0.0004036
301,gearwur&eth;ode,<code>gearwur&amp;d;ode</code>,1,0.0004036
301,gebedum,<code>gebedum</code>,1,0.0004036
301,gebodod,<code>gebodod</code>,1,0.0004036
301,gebrinc&eth;,<code>gebrinc&amp;d;</code>,1,0.0004036
301,gebro&eth;ra,<code>gebro&amp;d;ra</code>,1,0.0004036
301,gecnyrdnysse,<code>gecnyrdnysse</code>,1,0.0004036
301,gecweden,<code>gecweden</code>,1,0.0004036
301,gecwema&eth;,<code>gecwema&amp;d;</code>,1,0.0004036
301,gedafenlic,<code>gedafenlic</code>,1,0.0004036
301,gedafenode,<code>gedafenode</code>,1,0.0004036
301,gedrefednysse,<code>gedrefednysse</code>,1,0.0004036
301,gedwolmannum,<code>gedwolmannum</code>,1,0.0004036
301,gedwolmen,<code>gedwolmen</code>,1,0.0004036
301,geearnunga,<code>geearnunga</code>,1,0.0004036
301,geefenl&aelig;ca&eth;,<code>geefenl&amp;ae;ca&amp;d;</code>,1,0.0004036
301,geendunge,<code>geendunge</code>,1,0.0004036
301,gefarenne,<code>gefarenne</code>,1,0.0004036
301,gega&eth;,<code>gega&amp;d;</code>,1,0.0004036
301,gegaderode,<code>gegaderode</code>,1,0.0004036
301,geglenged,<code>geglenged</code>,1,0.0004036
301,geh&aelig;lde,<code>geh&amp;ae;lde</code>,1,0.0004036
301,gehaten,<code>gehaten</code>,1,0.0004036
301,gehatene,<code>gehatene</code>,1,0.0004036
301,gehered,<code>gehered</code>,1,0.0004036
301,geheredan,<code>geheredan</code>,1,0.0004036
301,geherod,<code>geherod</code>,1,0.0004036
301,gehwilce,<code>gehwilce</code>,1,0.0004036
301,gehwilcum,<code>gehwilcum</code>,1,0.0004036
301,gehyrdon,<code>gehyrdon</code>,1,0.0004036
301,gehyrsumnysse,<code>gehyrsumnysse</code>,1,0.0004036
301,gelangian,<code>gelangian</code>,1,0.0004036
301,geleaffulle,<code>geleaffulle</code>,1,0.0004036
301,geleaffulre,<code>geleaffulre</code>,1,0.0004036
301,geleafleaste,<code>geleafleaste</code>,1,0.0004036
301,gelimp&eth;,<code>gelimp&amp;d;</code>,1,0.0004036
301,gem&aelig;nelicum,<code>gem&amp;ae;nelicum</code>,1,0.0004036
301,gemenigfyldan,<code>gemenigfyldan</code>,1,0.0004036
301,gemenigfylde,<code>gemenigfylde</code>,1,0.0004036
301,gemetegode,<code>gemetegode</code>,1,0.0004036
301,gemynt,<code>gemynt</code>,1,0.0004036
301,geneal&aelig;hte,<code>geneal&amp;ae;hte</code>,1,0.0004036
301,geni&eth;erod,<code>geni&amp;d;erod</code>,1,0.0004036
301,genumen,<code>genumen</code>,1,0.0004036
301,gerynu,<code>gerynu</code>,1,0.0004036
301,gescead,<code>gescead</code>,1,0.0004036
301,geseo&eth;,<code>geseo&amp;d;</code>,1,0.0004036
301,geset,<code>geset</code>,1,0.0004036
301,gestreon,<code>gestreon</code>,1,0.0004036
301,gestryna&eth;,<code>gestryna&amp;d;</code>,1,0.0004036
301,gestrynan,<code>gestrynan</code>,1,0.0004036
301,gesundful,<code>gesundful</code>,1,0.0004036
301,geswince,<code>geswince</code>,1,0.0004036
301,geswinces,<code>geswinces</code>,1,0.0004036
301,getacnia&eth;,<code>getacnia&amp;d;</code>,1,0.0004036
301,getacnode,<code>getacnode</code>,1,0.0004036
301,getacnung,<code>getacnung</code>,1,0.0004036
301,getacnunge,<code>getacnunge</code>,1,0.0004036
301,geteald,<code>geteald</code>,1,0.0004036
301,geteolod,<code>geteolod</code>,1,0.0004036
301,getreowlice,<code>getreowlice</code>,1,0.0004036
301,gew&aelig;cednysse,<code>gew&amp;ae;cednysse</code>,1,0.0004036
301,gewelgode,<code>gewelgode</code>,1,0.0004036
301,gewemdon,<code>gewemdon</code>,1,0.0004036
301,gewemmednysse,<code>gewemmednysse</code>,1,0.0004036
301,gewilnunga,<code>gewilnunga</code>,1,0.0004036
301,gewilnungum,<code>gewilnungum</code>,1,0.0004036
301,gewinn,<code>gewinn</code>,1,0.0004036
301,gewitenne,<code>gewitenne</code>,1,0.0004036
301,geworhte,<code>geworhte</code>,1,0.0004036
301,gewyldon,<code>gewyldon</code>,1,0.0004036
301,gewyrcan,<code>gewyrcan</code>,1,0.0004036
301,gleawlice,<code>gleawlice</code>,1,0.0004036
301,goddre,<code>goddre</code>,1,0.0004036
301,godnyssa,<code>godnyssa</code>,1,0.0004036
301,godspell,<code>godspell</code>,1,0.0004036
301,godspelle,<code>godspelle</code>,1,0.0004036
301,gr&aelig;dige,<code>gr&amp;ae;dige</code>,1,0.0004036
301,gregorius,<code>gregorius</code>,1,0.0004036
301,gylt,<code>gylt</code>,1,0.0004036
301,gyt,<code>gyt</code>,1,0.0004036
301,h&aelig;fdon,<code>h&amp;ae;fdon</code>,1,0.0004036
301,h&aelig;fst,<code>h&amp;ae;fst</code>,1,0.0004036
301,h&aelig;l&eth;e,<code>h&amp;ae;l&amp;d;e</code>,1,0.0004036
301,hadum,<code>hadum</code>,1,0.0004036
301,halga,<code>halga</code>,1,0.0004036
301,halig,<code>halig</code>,1,0.0004036
301,haligne,<code>haligne</code>,1,0.0004036
301,halwendre,<code>halwendre</code>,1,0.0004036
301,hata&eth;,<code>hata&amp;d;</code>,1,0.0004036
301,heahengla,<code>heahengla</code>,1,0.0004036
301,healda&eth;,<code>healda&amp;d;</code>,1,0.0004036
301,heapum,<code>heapum</code>,1,0.0004036
301,heofenlica,<code>heofenlica</code>,1,0.0004036
301,heofenum,<code>heofenum</code>,1,0.0004036
301,heofonlican,<code>heofonlican</code>,1,0.0004036
301,heofonum,<code>heofonum</code>,1,0.0004036
301,heortan,<code>heortan</code>,1,0.0004036
301,heretogan,<code>heretogan</code>,1,0.0004036
301,heria&eth;,<code>heria&amp;d;</code>,1,0.0004036
301,herige,<code>herige</code>,1,0.0004036
301,herigendlice,<code>herigendlice</code>,1,0.0004036
301,herigendum,<code>herigendum</code>,1,0.0004036
301,herunge,<code>herunge</code>,1,0.0004036
301,hogian,<code>hogian</code>,1,0.0004036
301,hogienne,<code>hogienne</code>,1,0.0004036
301,holda,<code>holda</code>,1,0.0004036
301,holdum,<code>holdum</code>,1,0.0004036
301,hominibus,<code>hominibus</code>,1,0.0004036
301,homo,<code>homo</code>,1,0.0004036
301,hu,<code>hu</code>,1,0.0004036
301,hwa,<code>hwa</code>,1,0.0004036
301,hwi,<code>hwi</code>,1,0.0004036
301,hwile,<code>hwile</code>,1,0.0004036
301,hwilwendum,<code>hwilwendum</code>,1,0.0004036
301,hy&eth;e,<code>hy&amp;d;e</code>,1,0.0004036
301,inco&eth;a,<code>inco&amp;d;a</code>,1,0.0004036
301,incundum,<code>incundum</code>,1,0.0004036
301,indiam,<code>indiam</code>,1,0.0004036
301,inrum,<code>inrum</code>,1,0.0004036
301,iohannes,<code>iohannes</code>,1,0.0004036
301,iudeisce,<code>iudeisce</code>,1,0.0004036
301,l&aelig;s,<code>l&amp;ae;s</code>,1,0.0004036
301,l&aelig;tt,<code>l&amp;ae;tt</code>,1,0.0004036
301,l&aelig;wede,<code>l&amp;ae;wede</code>,1,0.0004036
301,langsumum,<code>langsumum</code>,1,0.0004036
301,lar,<code>lar</code>,1,0.0004036
301,lareow,<code>lareow</code>,1,0.0004036
301,lareowa,<code>lareowa</code>,1,0.0004036
301,leodscipe,<code>leodscipe</code>,1,0.0004036
301,leofa&eth;,<code>leofa&amp;d;</code>,1,0.0004036
301,leofodon,<code>leofodon</code>,1,0.0004036
301,leorningcnihtum,<code>leorningcnihtum</code>,1,0.0004036
301,leornode,<code>leornode</code>,1,0.0004036
301,licgenne,<code>licgenne</code>,1,0.0004036
301,lichamlican,<code>lichamlican</code>,1,0.0004036
301,lustlice,<code>lustlice</code>,1,0.0004036
301,ly&eth;ran,<code>ly&amp;d;ran</code>,1,0.0004036
301,lyffetung,<code>lyffetung</code>,1,0.0004036
301,m&aelig;&eth;e,<code>m&amp;ae;&amp;d;e</code>,1,0.0004036
301,m&aelig;rsa&eth;,<code>m&amp;ae;rsa&amp;d;</code>,1,0.0004036
301,m&aelig;ssedagum,<code>m&amp;ae;ssedagum</code>,1,0.0004036
301,ma,<code>ma</code>,1,0.0004036
301,manegum,<code>manegum</code>,1,0.0004036
301,mann,<code>mann</code>,1,0.0004036
301,martiras,<code>martiras</code>,1,0.0004036
301,mede,<code>mede</code>,1,0.0004036
301,menige,<code>menige</code>,1,0.0004036
301,mennisca,<code>mennisca</code>,1,0.0004036
301,menniscum,<code>menniscum</code>,1,0.0004036
301,meo,<code>meo</code>,1,0.0004036
301,middaneard,<code>middaneard</code>,1,0.0004036
301,mine,<code>mine</code>,1,0.0004036
301,mislicra,<code>mislicra</code>,1,0.0004036
301,mu&eth;um,<code>mu&amp;d;um</code>,1,0.0004036
301,mynegunge,<code>mynegunge</code>,1,0.0004036
301,n&aelig;ron,<code>n&amp;ae;ron</code>,1,0.0004036
301,na&eth;or,<code>na&amp;d;or</code>,1,0.0004036
301,nabbon,<code>nabbon</code>,1,0.0004036
301,naht,<code>naht</code>,1,0.0004036
301,natale,<code>natale</code>,1,0.0004036
301,neadunge,<code>neadunge</code>,1,0.0004036
301,nele,<code>nele</code>,1,0.0004036
301,nimende,<code>nimende</code>,1,0.0004036
301,nolde,<code>nolde</code>,1,0.0004036
301,noldest,<code>noldest</code>,1,0.0004036
301,o&eth;,<code>o&amp;d;</code>,1,0.0004036
301,o&eth;erne,<code>o&amp;d;erne</code>,1,0.0004036
301,oferswi&eth;don,<code>oferswi&amp;d;don</code>,1,0.0004036
301,ofg&aelig;&eth;,<code>ofg&amp;ae;&amp;d;</code>,1,0.0004036
301,ofteo&eth;,<code>ofteo&amp;d;</code>,1,0.0004036
301,omnis,<code>omnis</code>,1,0.0004036
301,onbryrdnysse,<code>onbryrdnysse</code>,1,0.0004036
301,oncneow,<code>oncneow</code>,1,0.0004036
301,ondr&aelig;don,<code>ondr&amp;ae;don</code>,1,0.0004036
301,ondr&aelig;t,<code>ondr&amp;ae;t</code>,1,0.0004036
301,ondred,<code>ondred</code>,1,0.0004036
301,onlihte,<code>onlihte</code>,1,0.0004036
301,orsorhlice,<code>orsorhlice</code>,1,0.0004036
301,papa,<code>papa</code>,1,0.0004036
301,patre,<code>patre</code>,1,0.0004036
301,paulus,<code>paulus</code>,1,0.0004036
301,peregre,<code>peregre</code>,1,0.0004036
301,petrus,<code>petrus</code>,1,0.0004036
301,proficiscens,<code>proficiscens</code>,1,0.0004036
301,quidam,<code>quidam</code>,1,0.0004036
301,r&aelig;d,<code>r&amp;ae;d</code>,1,0.0004036
301,r&aelig;da&eth;,<code>r&amp;ae;da&amp;d;</code>,1,0.0004036
301,reliqua,<code>reliqua</code>,1,0.0004036
301,rican,<code>rican</code>,1,0.0004036
301,rice,<code>rice</code>,1,0.0004036
301,ricum,<code>ricum</code>,1,0.0004036
301,riht,<code>riht</code>,1,0.0004036
301,rihtwis,<code>rihtwis</code>,1,0.0004036
301,rihtwisnysse,<code>rihtwisnysse</code>,1,0.0004036
301,ripende,<code>ripende</code>,1,0.0004036
301,ryne,<code>ryne</code>,1,0.0004036
301,s&aelig;de,<code>s&amp;ae;de</code>,1,0.0004036
301,s&aelig;don,<code>s&amp;ae;don</code>,1,0.0004036
301,sawla,<code>sawla</code>,1,0.0004036
301,sceolon,<code>sceolon</code>,1,0.0004036
301,sceortan,<code>sceortan</code>,1,0.0004036
301,scyppende,<code>scyppende</code>,1,0.0004036
301,sealde,<code>sealde</code>,1,0.0004036
301,secan,<code>secan</code>,1,0.0004036
301,secga&eth;,<code>secga&amp;d;</code>,1,0.0004036
301,seg&eth;,<code>seg&amp;d;</code>,1,0.0004036
301,seo,<code>seo</code>,1,0.0004036
301,seow,<code>seow</code>,1,0.0004036
301,setle,<code>setle</code>,1,0.0004036
301,si&eth;&eth;an,<code>si&amp;d;&amp;d;an</code>,1,0.0004036
301,sige,<code>sige</code>,1,0.0004036
301,sleac,<code>sleac</code>,1,0.0004036
301,smeagungum,<code>smeagungum</code>,1,0.0004036
301,snotere,<code>snotere</code>,1,0.0004036
301,so&eth;f&aelig;stnysse,<code>so&amp;d;f&amp;ae;stnysse</code>,1,0.0004036
301,so&eth;re,<code>so&amp;d;re</code>,1,0.0004036
301,speda,<code>speda</code>,1,0.0004036
301,spendunge,<code>spendunge</code>,1,0.0004036
301,spreca&eth;,<code>spreca&amp;d;</code>,1,0.0004036
301,steorman,<code>steorman</code>,1,0.0004036
301,stuntnysse,<code>stuntnysse</code>,1,0.0004036
301,styra&eth;,<code>styra&amp;d;</code>,1,0.0004036
301,swatcla&eth;e,<code>swatcla&amp;d;e</code>,1,0.0004036
301,sweltende,<code>sweltende</code>,1,0.0004036
301,swilcum,<code>swilcum</code>,1,0.0004036
301,sylene,<code>sylene</code>,1,0.0004036
301,sylf,<code>sylf</code>,1,0.0004036
301,sylfum,<code>sylfum</code>,1,0.0004036
301,symle,<code>symle</code>,1,0.0004036
301,synfulle,<code>synfulle</code>,1,0.0004036
301,t&aelig;ca&eth;,<code>t&amp;ae;ca&amp;d;</code>,1,0.0004036
301,teolodon,<code>teolodon</code>,1,0.0004036
301,thomas,<code>thomas</code>,1,0.0004036
301,tilian,<code>tilian</code>,1,0.0004036
301,tocnawan,<code>tocnawan</code>,1,0.0004036
301,tod&aelig;g,<code>tod&amp;ae;g</code>,1,0.0004036
301,togeanes,<code>togeanes</code>,1,0.0004036
301,toweardan,<code>toweardan</code>,1,0.0004036
301,trahtnode,<code>trahtnode</code>,1,0.0004036
301,tungan,<code>tungan</code>,1,0.0004036
301,twyfealdan,<code>twyfealdan</code>,1,0.0004036
301,twyfealde,<code>twyfealde</code>,1,0.0004036
301,tylunga,<code>tylunga</code>,1,0.0004036
301,un&eth;eawum,<code>un&amp;d;eawum</code>,1,0.0004036
301,underfenge,<code>underfenge</code>,1,0.0004036
301,underfo&eth;,<code>underfo&amp;d;</code>,1,0.0004036
301,understandenne,<code>understandenne</code>,1,0.0004036
301,unforhtlice,<code>unforhtlice</code>,1,0.0004036
301,ungecnyrdnysse,<code>ungecnyrdnysse</code>,1,0.0004036
301,ungehyrsumnysse,<code>ungehyrsumnysse</code>,1,0.0004036
301,unholda,<code>unholda</code>,1,0.0004036
301,unius,<code>unius</code>,1,0.0004036
301,unlustes,<code>unlustes</code>,1,0.0004036
301,unnytwur&eth;lice,<code>unnytwur&amp;d;lice</code>,1,0.0004036
301,unrihtwisnyssum,<code>unrihtwisnyssum</code>,1,0.0004036
301,untrumra,<code>untrumra</code>,1,0.0004036
301,upahefednys,<code>upahefednys</code>,1,0.0004036
301,upplican,<code>upplican</code>,1,0.0004036
301,ures,<code>ures</code>,1,0.0004036
301,urne,<code>urne</code>,1,0.0004036
301,urum,<code>urum</code>,1,0.0004036
301,us,<code>us</code>,1,0.0004036
301,w&aelig;rlicor,<code>w&amp;ae;rlicor</code>,1,0.0004036
301,wacolan,<code>wacolan</code>,1,0.0004036
301,wandia&eth;,<code>wandia&amp;d;</code>,1,0.0004036
301,wat,<code>wat</code>,1,0.0004036
301,wegas,<code>wegas</code>,1,0.0004036
301,wege,<code>wege</code>,1,0.0004036
301,wel,<code>wel</code>,1,0.0004036
301,weld&aelig;dum,<code>weld&amp;ae;dum</code>,1,0.0004036
301,weorce,<code>weorce</code>,1,0.0004036
301,weorcum,<code>weorcum</code>,1,0.0004036
301,werhade,<code>werhade</code>,1,0.0004036
301,werodum,<code>werodum</code>,1,0.0004036
301,wi&eth;innan,<code>wi&amp;d;innan</code>,1,0.0004036
301,wifhade,<code>wifhade</code>,1,0.0004036
301,wisdom,<code>wisdom</code>,1,0.0004036
301,witan,<code>witan</code>,1,0.0004036
301,wite,<code>wite</code>,1,0.0004036
301,witega,<code>witega</code>,1,0.0004036
301,witegan,<code>witegan</code>,1,0.0004036
301,word,<code>word</code>,1,0.0004036
301,worde,<code>worde</code>,1,0.0004036
301,wordum,<code>wordum</code>,1,0.0004036
301,woruldlic,<code>woruldlic</code>,1,0.0004036
301,woruldlice,<code>woruldlice</code>,1,0.0004036
301,woruldlicum,<code>woruldlicum</code>,1,0.0004036
301,wrace,<code>wrace</code>,1,0.0004036
301,wundrum,<code>wundrum</code>,1,0.0004036
301,wunigenne,<code>wunigenne</code>,1,0.0004036
301,wunung,<code>wunung</code>,1,0.0004036
301,wununge,<code>wununge</code>,1,0.0004036
301,wur&eth;a&eth;,<code>wur&amp;d;a&amp;d;</code>,1,0.0004036
301,wur&eth;e,<code>wur&amp;d;e</code>,1,0.0004036
301,wur&eth;ian,<code>wur&amp;d;ian</code>,1,0.0004036
301,wur&eth;mynt,<code>wur&amp;d;mynt</code>,1,0.0004036
301,wurdon,<code>wurdon</code>,1,0.0004036
301,wynne,<code>wynne</code>,1,0.0004036
301,wyrcon,<code>wyrcon</code>,1,0.0004036
301,wystest,<code>wystest</code>,1,0.0004036
301,ydel,<code>ydel</code>,1,0.0004036
301,ydelra,<code>ydelra</code>,1,0.0004036
301,yfel,<code>yfel</code>,1,0.0004036
301,yfela,<code>yfela</code>,1,0.0004036
301,ymbe,<code>ymbe</code>,1,0.0004036
301,ymstandendum,<code>ymstandendum</code>,1,0.0004036
