B_Prose,B01,B01.001.042_AECHom_I__40_T02500.txt,755,496,1988
RANK,HTML WORD,RAW WORD,COUNT,RELATIVE FREQUENCY
1,&amp;,<code>&amp;amp;</code>,94,0.0472837
2,on,<code>on</code>,66,0.0331992
3,&thorn;&aelig;t,<code>&amp;t;&amp;ae;t</code>,38,0.0191147
4,swa,<code>swa</code>,34,0.0171026
5,bi&eth;,<code>bi&amp;d;</code>,33,0.0165996
5,ne,<code>ne</code>,33,0.0165996
7,mid,<code>mid</code>,32,0.0160966
8,se,<code>se</code>,31,0.0155936
9,&thorn;e,<code>&amp;t;e</code>,26,0.0130785
9,he,<code>he</code>,26,0.0130785
11,&thorn;onne,<code>&amp;t;onne</code>,25,0.0125755
12,&thorn;am,<code>&amp;t;am</code>,22,0.0110664
12,for,<code>for</code>,22,0.0110664
14,his,<code>his</code>,21,0.0105634
15,hi,<code>hi</code>,20,0.0100604
16,to,<code>to</code>,19,0.0095573
16,we,<code>we</code>,19,0.0095573
18,beo&eth;,<code>beo&amp;d;</code>,18,0.0090543
19,is,<code>is</code>,17,0.0085513
20,&thorn;a,<code>&amp;t;a</code>,15,0.0075453
21,&eth;e,<code>&amp;d;e</code>,14,0.0070423
21,ac,<code>ac</code>,14,0.0070423
23,cw&aelig;&eth;,<code>cw&amp;ae;&amp;d;</code>,13,0.0065392
23,ge,<code>ge</code>,13,0.0065392
25,&thorn;an,<code>&amp;t;an</code>,12,0.0060362
25,&thorn;urh,<code>&amp;t;urh</code>,12,0.0060362
27,&thorn;as,<code>&amp;t;as</code>,11,0.0055332
27,hit,<code>hit</code>,11,0.0055332
29,&thorn;&aelig;s,<code>&amp;t;&amp;ae;s</code>,10,0.0050302
29,drihten,<code>drihten</code>,10,0.0050302
29,godes,<code>godes</code>,10,0.0050302
29,tacna,<code>tacna</code>,10,0.0050302
29,us,<code>us</code>,10,0.0050302
34,&eth;onne,<code>&amp;d;onne</code>,9,0.0045272
34,ealle,<code>ealle</code>,9,0.0045272
34,middaneard,<code>middaneard</code>,9,0.0045272
34,nu,<code>nu</code>,9,0.0045272
34,sind,<code>sind</code>,9,0.0045272
39,&thorn;ysum,<code>&amp;t;ysum</code>,8,0.0040241
39,ure,<code>ure</code>,8,0.0040241
41,&eth;as,<code>&amp;d;as</code>,7,0.0035211
41,&thorn;&aelig;re,<code>&amp;t;&amp;ae;re</code>,7,0.0035211
41,be,<code>be</code>,7,0.0035211
41,bearn,<code>bearn</code>,7,0.0035211
41,d&aelig;ig,<code>d&amp;ae;ig</code>,7,0.0035211
41,fram,<code>fram</code>,7,0.0035211
41,geendunge,<code>geendunge</code>,7,0.0035211
41,heora,<code>heora</code>,7,0.0035211
41,mannes,<code>mannes</code>,7,0.0035211
41,middaneardes,<code>middaneardes</code>,7,0.0035211
41,witodlice,<code>witodlice</code>,7,0.0035211
41,wordum,<code>wordum</code>,7,0.0035211
53,&eth;a,<code>&amp;d;a</code>,6,0.0030181
53,&thorn;eah,<code>&amp;t;eah</code>,6,0.0030181
53,eac,<code>eac</code>,6,0.0030181
53,gewita&eth;,<code>gewita&amp;d;</code>,6,0.0030181
53,god,<code>god</code>,6,0.0030181
53,hw&aelig;t,<code>hw&amp;ae;t</code>,6,0.0030181
53,rice,<code>rice</code>,6,0.0030181
53,seo,<code>seo</code>,6,0.0030181
53,so&eth;lice,<code>so&amp;d;lice</code>,6,0.0030181
62,&aelig;r,<code>&amp;ae;r</code>,5,0.0025151
62,&eth;&aelig;s,<code>&amp;d;&amp;ae;s</code>,5,0.0025151
62,&eth;&aelig;t,<code>&amp;d;&amp;ae;t</code>,5,0.0025151
62,&thorn;ing,<code>&amp;t;ing</code>,5,0.0025151
62,&thorn;yssere,<code>&amp;t;yssere</code>,5,0.0025151
62,d&aelig;ge,<code>d&amp;ae;ge</code>,5,0.0025151
62,eor&eth;e,<code>eor&amp;d;e</code>,5,0.0025151
62,fyr,<code>fyr</code>,5,0.0025151
62,geseo&eth;,<code>geseo&amp;d;</code>,5,0.0025151
62,him,<code>him</code>,5,0.0025151
62,micclum,<code>micclum</code>,5,0.0025151
62,mine,<code>mine</code>,5,0.0025151
62,of,<code>of</code>,5,0.0025151
62,sunnan,<code>sunnan</code>,5,0.0025151
62,word,<code>word</code>,5,0.0025151
77,&thorn;&aelig;ra,<code>&amp;t;&amp;ae;ra</code>,4,0.0020121
77,&thorn;i,<code>&amp;t;i</code>,4,0.0020121
77,&thorn;isum,<code>&amp;t;isum</code>,4,0.0020121
77,ahebba&eth;,<code>ahebba&amp;d;</code>,4,0.0020121
77,apostol,<code>apostol</code>,4,0.0020121
77,behealda&eth;,<code>behealda&amp;d;</code>,4,0.0020121
77,buton,<code>buton</code>,4,0.0020121
77,gewit,<code>gewit</code>,4,0.0020121
77,godspellere,<code>godspellere</code>,4,0.0020121
77,heafda,<code>heafda</code>,4,0.0020121
77,heofon,<code>heofon</code>,4,0.0020121
77,langsum,<code>langsum</code>,4,0.0020121
77,lif,<code>lif</code>,4,0.0020121
77,mihte,<code>mihte</code>,4,0.0020121
77,nan,<code>nan</code>,4,0.0020121
77,o&eth;,<code>o&amp;d;</code>,4,0.0020121
77,steorran,<code>steorran</code>,4,0.0020121
77,swilce,<code>swilce</code>,4,0.0020121
77,sy&eth;&eth;an,<code>sy&amp;d;&amp;d;an</code>,4,0.0020121
77,symle,<code>symle</code>,4,0.0020121
77,w&aelig;s,<code>w&amp;ae;s</code>,4,0.0020121
77,wolcnum,<code>wolcnum</code>,4,0.0020121
77,worulde,<code>worulde</code>,4,0.0020121
100,&thorn;one,<code>&amp;t;one</code>,3,0.0015091
100,&thorn;us,<code>&amp;t;us</code>,3,0.0015091
100,alysednys,<code>alysednys</code>,3,0.0015091
100,becuma&eth;,<code>becuma&amp;d;</code>,3,0.0015091
100,byman,<code>byman</code>,3,0.0015091
100,dom,<code>dom</code>,3,0.0015091
100,eor&thorn;an,<code>eor&amp;t;an</code>,3,0.0015091
100,eow,<code>eow</code>,3,0.0015091
100,eower,<code>eower</code>,3,0.0015091
100,eowre,<code>eowre</code>,3,0.0015091
100,et,<code>et</code>,3,0.0015091
100,fela,<code>fela</code>,3,0.0015091
100,fores&aelig;dan,<code>fores&amp;ae;dan</code>,3,0.0015091
100,ge&thorn;read,<code>ge&amp;t;read</code>,3,0.0015091
100,gebro&eth;ra,<code>gebro&amp;d;ra</code>,3,0.0015091
100,gecorenan,<code>gecorenan</code>,3,0.0015091
100,gehende,<code>gehende</code>,3,0.0015091
100,geneal&aelig;h&eth;,<code>geneal&amp;ae;h&amp;d;</code>,3,0.0015091
100,geswutelod,<code>geswutelod</code>,3,0.0015091
100,gewur&thorn;a&eth;,<code>gewur&amp;t;a&amp;d;</code>,3,0.0015091
100,h&aelig;lend,<code>h&amp;ae;lend</code>,3,0.0015091
100,heofenan,<code>heofenan</code>,3,0.0015091
100,heofenum,<code>heofenum</code>,3,0.0015091
100,hine,<code>hine</code>,3,0.0015091
100,hiwe,<code>hiwe</code>,3,0.0015091
100,hwa,<code>hwa</code>,3,0.0015091
100,life,<code>life</code>,3,0.0015091
100,lufe,<code>lufe</code>,3,0.0015091
100,lufedon,<code>lufedon</code>,3,0.0015091
100,m&aelig;gen&thorn;rymme,<code>m&amp;ae;gen&amp;t;rymme</code>,3,0.0015091
100,micelre,<code>micelre</code>,3,0.0015091
100,mod,<code>mod</code>,3,0.0015091
100,mona,<code>mona</code>,3,0.0015091
100,monan,<code>monan</code>,3,0.0015091
100,n&aelig;fre,<code>n&amp;ae;fre</code>,3,0.0015091
100,nis,<code>nis</code>,3,0.0015091
100,o&thorn;re,<code>o&amp;t;re</code>,3,0.0015091
100,ongean,<code>ongean</code>,3,0.0015091
100,sceolon,<code>sceolon</code>,3,0.0015091
100,sume,<code>sume</code>,3,0.0015091
100,sunne,<code>sunne</code>,3,0.0015091
100,tocyme,<code>tocyme</code>,3,0.0015091
100,wite,<code>wite</code>,3,0.0015091
100,wunia&eth;,<code>wunia&amp;d;</code>,3,0.0015091
100,y&thorn;a,<code>y&amp;t;a</code>,3,0.0015091
145,&aelig;t,<code>&amp;ae;t</code>,2,0.0010060
145,&eth;eah,<code>&amp;d;eah</code>,2,0.0010060
145,&eth;es,<code>&amp;d;es</code>,2,0.0010060
145,&eth;ing,<code>&amp;d;ing</code>,2,0.0010060
145,&thorn;&aelig;r,<code>&amp;t;&amp;ae;r</code>,2,0.0010060
145,&thorn;&aelig;rrihte,<code>&amp;t;&amp;ae;rrihte</code>,2,0.0010060
145,&thorn;earle,<code>&amp;t;earle</code>,2,0.0010060
145,&thorn;eoda,<code>&amp;t;eoda</code>,2,0.0010060
145,&thorn;eonde,<code>&amp;t;eonde</code>,2,0.0010060
145,&thorn;es,<code>&amp;t;es</code>,2,0.0010060
145,&thorn;is,<code>&amp;t;is</code>,2,0.0010060
145,&thorn;ises,<code>&amp;t;ises</code>,2,0.0010060
145,adl,<code>adl</code>,2,0.0010060
145,andbidunge,<code>andbidunge</code>,2,0.0010060
145,arisa&eth;,<code>arisa&amp;d;</code>,2,0.0010060
145,astyrede,<code>astyrede</code>,2,0.0010060
145,ateora&eth;,<code>ateora&amp;d;</code>,2,0.0010060
145,awenda&eth;,<code>awenda&amp;d;</code>,2,0.0010060
145,awrat,<code>awrat</code>,2,0.0010060
145,beon,<code>beon</code>,2,0.0010060
145,betwux,<code>betwux</code>,2,0.0010060
145,criste,<code>criste</code>,2,0.0010060
145,cristes,<code>cristes</code>,2,0.0010060
145,cumende,<code>cumende</code>,2,0.0010060
145,d&aelig;ges,<code>d&amp;ae;ges</code>,2,0.0010060
145,deadan,<code>deadan</code>,2,0.0010060
145,deman,<code>deman</code>,2,0.0010060
145,eadmodnysse,<code>eadmodnysse</code>,2,0.0010060
145,eallum,<code>eallum</code>,2,0.0010060
145,ealne,<code>ealne</code>,2,0.0010060
145,ecan,<code>ecan</code>,2,0.0010060
145,englas,<code>englas</code>,2,0.0010060
145,eor&thorn;licum,<code>eor&amp;t;licum</code>,2,0.0010060
145,eowere,<code>eowere</code>,2,0.0010060
145,f&aelig;rlice,<code>f&amp;ae;rlice</code>,2,0.0010060
145,feond,<code>feond</code>,2,0.0010060
145,fictreowa,<code>fictreowa</code>,2,0.0010060
145,forsearia&eth;,<code>forsearia&amp;d;</code>,2,0.0010060
145,frefria&eth;,<code>frefria&amp;d;</code>,2,0.0010060
145,freond,<code>freond</code>,2,0.0010060
145,fyres,<code>fyres</code>,2,0.0010060
145,gecl&aelig;nsode,<code>gecl&amp;ae;nsode</code>,2,0.0010060
145,gecynde,<code>gecynde</code>,2,0.0010060
145,gedemed,<code>gedemed</code>,2,0.0010060
145,gedrefednysse,<code>gedrefednysse</code>,2,0.0010060
145,geenda&eth;,<code>geenda&amp;d;</code>,2,0.0010060
145,geendod,<code>geendod</code>,2,0.0010060
145,gefean,<code>gefean</code>,2,0.0010060
145,gefyllede,<code>gefyllede</code>,2,0.0010060
145,gehw&aelig;r,<code>gehw&amp;ae;r</code>,2,0.0010060
145,gelamp,<code>gelamp</code>,2,0.0010060
145,gelyfa&eth;,<code>gelyfa&amp;d;</code>,2,0.0010060
145,gemette,<code>gemette</code>,2,0.0010060
145,gesawon,<code>gesawon</code>,2,0.0010060
145,gewilna&eth;,<code>gewilna&amp;d;</code>,2,0.0010060
145,gewite,<code>gewite</code>,2,0.0010060
145,gode,<code>gode</code>,2,0.0010060
145,gyt,<code>gyt</code>,2,0.0010060
145,habba&eth;,<code>habba&amp;d;</code>,2,0.0010060
145,heafod,<code>heafod</code>,2,0.0010060
145,heofonan,<code>heofonan</code>,2,0.0010060
145,heortan,<code>heortan</code>,2,0.0010060
145,her,<code>her</code>,2,0.0010060
145,hr&aelig;dlice,<code>hr&amp;ae;dlice</code>,2,0.0010060
145,ic,<code>ic</code>,2,0.0010060
145,in,<code>in</code>,2,0.0010060
145,leoht,<code>leoht</code>,2,0.0010060
145,leomum,<code>leomum</code>,2,0.0010060
145,lufia&eth;,<code>lufia&amp;d;</code>,2,0.0010060
145,lufige,<code>lufige</code>,2,0.0010060
145,lybba&eth;,<code>lybba&amp;d;</code>,2,0.0010060
145,m&aelig;nde,<code>m&amp;ae;nde</code>,2,0.0010060
145,magon,<code>magon</code>,2,0.0010060
145,manna,<code>manna</code>,2,0.0010060
145,matheus,<code>matheus</code>,2,0.0010060
145,men,<code>men</code>,2,0.0010060
145,miccla,<code>miccla</code>,2,0.0010060
145,micclan,<code>micclan</code>,2,0.0010060
145,middanearde,<code>middanearde</code>,2,0.0010060
145,miht,<code>miht</code>,2,0.0010060
145,mihta,<code>mihta</code>,2,0.0010060
145,mode,<code>mode</code>,2,0.0010060
145,nahwar,<code>nahwar</code>,2,0.0010060
145,nella&eth;,<code>nella&amp;d;</code>,2,0.0010060
145,niwe,<code>niwe</code>,2,0.0010060
145,o&thorn;er,<code>o&amp;t;er</code>,2,0.0010060
145,o&thorn;rum,<code>o&amp;t;rum</code>,2,0.0010060
145,ofer,<code>ofer</code>,2,0.0010060
145,oft,<code>oft</code>,2,0.0010060
145,oga,<code>oga</code>,2,0.0010060
145,ogan,<code>ogan</code>,2,0.0010060
145,ondr&aelig;dan,<code>ondr&amp;ae;dan</code>,2,0.0010060
145,r&aelig;da&eth;,<code>r&amp;ae;da&amp;d;</code>,2,0.0010060
145,r&aelig;dinge,<code>r&amp;ae;dinge</code>,2,0.0010060
145,s&aelig;licra,<code>s&amp;ae;licra</code>,2,0.0010060
145,secge,<code>secge</code>,2,0.0010060
145,so&eth;,<code>so&amp;d;</code>,2,0.0010060
145,sprytta&eth;,<code>sprytta&amp;d;</code>,2,0.0010060
145,stemne,<code>stemne</code>,2,0.0010060
145,storm,<code>storm</code>,2,0.0010060
145,sweges,<code>sweges</code>,2,0.0010060
145,swift,<code>swift</code>,2,0.0010060
145,swutelice,<code>swutelice</code>,2,0.0010060
145,sy,<code>sy</code>,2,0.0010060
145,sylfne,<code>sylfne</code>,2,0.0010060
145,togeanes,<code>togeanes</code>,2,0.0010060
145,towearde,<code>towearde</code>,2,0.0010060
145,treowa,<code>treowa</code>,2,0.0010060
145,w&aelig;re,<code>w&amp;ae;re</code>,2,0.0010060
145,w&aelig;stm,<code>w&amp;ae;stm</code>,2,0.0010060
145,weig,<code>weig</code>,2,0.0010060
145,witan,<code>witan</code>,2,0.0010060
145,witega,<code>witega</code>,2,0.0010060
145,wundra,<code>wundra</code>,2,0.0010060
145,ymhwyrfte,<code>ymhwyrfte</code>,2,0.0010060
260,&aelig;&eth;m,<code>&amp;ae;&amp;d;m</code>,1,0.0005030
260,&aelig;fter,<code>&amp;ae;fter</code>,1,0.0005030
260,&aelig;fterfyligendum,<code>&amp;ae;fterfyligendum</code>,1,0.0005030
260,&aelig;nig,<code>&amp;ae;nig</code>,1,0.0005030
260,&aelig;rest,<code>&amp;ae;rest</code>,1,0.0005030
260,&aelig;teowod,<code>&amp;ae;teowod</code>,1,0.0005030
260,&aelig;teowode,<code>&amp;ae;teowode</code>,1,0.0005030
260,&aelig;tforan,<code>&amp;ae;tforan</code>,1,0.0005030
260,&aelig;tywed,<code>&amp;ae;tywed</code>,1,0.0005030
260,&amp;gite,<code>&amp;amp;gite</code>,1,0.0005030
260,&eth;&aelig;r,<code>&amp;d;&amp;ae;r</code>,1,0.0005030
260,&eth;&aelig;re,<code>&amp;d;&amp;ae;re</code>,1,0.0005030
260,&eth;am,<code>&amp;d;am</code>,1,0.0005030
260,&eth;eoda,<code>&amp;d;eoda</code>,1,0.0005030
260,&eth;eos,<code>&amp;d;eos</code>,1,0.0005030
260,&eth;eostra,<code>&amp;d;eostra</code>,1,0.0005030
260,&eth;inga,<code>&amp;d;inga</code>,1,0.0005030
260,&eth;is,<code>&amp;d;is</code>,1,0.0005030
260,&eth;isum,<code>&amp;d;isum</code>,1,0.0005030
260,&eth;one,<code>&amp;d;one</code>,1,0.0005030
260,&eth;rowunga,<code>&amp;d;rowunga</code>,1,0.0005030
260,&eth;urh,<code>&amp;d;urh</code>,1,0.0005030
260,&eth;urhwunia&eth;,<code>&amp;d;urhwunia&amp;d;</code>,1,0.0005030
260,&eth;yses,<code>&amp;d;yses</code>,1,0.0005030
260,&thorn;eawas,<code>&amp;t;eawas</code>,1,0.0005030
260,&thorn;eod,<code>&amp;t;eod</code>,1,0.0005030
260,&thorn;eode,<code>&amp;t;eode</code>,1,0.0005030
260,&thorn;eodum,<code>&amp;t;eodum</code>,1,0.0005030
260,&thorn;eos,<code>&amp;t;eos</code>,1,0.0005030
260,&thorn;inga,<code>&amp;t;inga</code>,1,0.0005030
260,&thorn;ingum,<code>&amp;t;ingum</code>,1,0.0005030
260,&thorn;issere,<code>&amp;t;issere</code>,1,0.0005030
260,&thorn;reottene,<code>&amp;t;reottene</code>,1,0.0005030
260,&thorn;rymsetl,<code>&amp;t;rymsetl</code>,1,0.0005030
260,&thorn;urhwunia&eth;,<code>&amp;t;urhwunia&amp;d;</code>,1,0.0005030
260,&thorn;usend,<code>&amp;t;usend</code>,1,0.0005030
260,&thorn;wyrnyssum,<code>&amp;t;wyrnyssum</code>,1,0.0005030
260,&thorn;y,<code>&amp;t;y</code>,1,0.0005030
260,&thorn;yses,<code>&amp;t;yses</code>,1,0.0005030
260,&thorn;ysne,<code>&amp;t;ysne</code>,1,0.0005030
260,a&thorn;eostrod,<code>a&amp;t;eostrod</code>,1,0.0005030
260,a&thorn;wyh&eth;,<code>a&amp;t;wyh&amp;d;</code>,1,0.0005030
260,a&thorn;ystrod,<code>a&amp;t;ystrod</code>,1,0.0005030
260,acwealde,<code>acwealde</code>,1,0.0005030
260,adventvm,<code>adventvm</code>,1,0.0005030
260,af&aelig;rede,<code>af&amp;ae;rede</code>,1,0.0005030
260,afeollon,<code>afeollon</code>,1,0.0005030
260,alysend,<code>alysend</code>,1,0.0005030
260,amen,<code>amen</code>,1,0.0005030
260,ana,<code>ana</code>,1,0.0005030
260,and,<code>and</code>,1,0.0005030
260,andbidian,<code>andbidian</code>,1,0.0005030
260,andgite,<code>andgite</code>,1,0.0005030
260,anes,<code>anes</code>,1,0.0005030
260,angsumnysse,<code>angsumnysse</code>,1,0.0005030
260,anmodlice,<code>anmodlice</code>,1,0.0005030
260,anum,<code>anum</code>,1,0.0005030
260,anwealdu,<code>anwealdu</code>,1,0.0005030
260,aplantodon,<code>aplantodon</code>,1,0.0005030
260,ar&aelig;ra&eth;,<code>ar&amp;ae;ra&amp;d;</code>,1,0.0005030
260,arisan,<code>arisan</code>,1,0.0005030
260,arisende,<code>arisende</code>,1,0.0005030
260,arist,<code>arist</code>,1,0.0005030
260,arleasan,<code>arleasan</code>,1,0.0005030
260,arleasra,<code>arleasra</code>,1,0.0005030
260,asent,<code>asent</code>,1,0.0005030
260,aslacod,<code>aslacod</code>,1,0.0005030
260,asleacian,<code>asleacian</code>,1,0.0005030
260,asprungon,<code>asprungon</code>,1,0.0005030
260,astih&eth;,<code>astih&amp;d;</code>,1,0.0005030
260,astyrode,<code>astyrode</code>,1,0.0005030
260,ateorianne,<code>ateorianne</code>,1,0.0005030
260,ateorunge,<code>ateorunge</code>,1,0.0005030
260,awende,<code>awende</code>,1,0.0005030
260,awriten,<code>awriten</code>,1,0.0005030
260,awritene,<code>awritene</code>,1,0.0005030
260,becumon,<code>becumon</code>,1,0.0005030
260,bed&aelig;led,<code>bed&amp;ae;led</code>,1,0.0005030
260,beleac,<code>beleac</code>,1,0.0005030
260,beorhtnysse,<code>beorhtnysse</code>,1,0.0005030
260,beorhtre,<code>beorhtre</code>,1,0.0005030
260,beteran,<code>beteran</code>,1,0.0005030
260,bigspel,<code>bigspel</code>,1,0.0005030
260,biter,<code>biter</code>,1,0.0005030
260,blissa&eth;,<code>blissa&amp;d;</code>,1,0.0005030
260,bocum,<code>bocum</code>,1,0.0005030
260,breost,<code>breost</code>,1,0.0005030
260,breoste,<code>breoste</code>,1,0.0005030
260,brucan,<code>brucan</code>,1,0.0005030
260,bryne,<code>bryne</code>,1,0.0005030
260,buga&eth;,<code>buga&amp;d;</code>,1,0.0005030
260,burga,<code>burga</code>,1,0.0005030
260,burh,<code>burh</code>,1,0.0005030
260,byrgenum,<code>byrgenum</code>,1,0.0005030
260,byrn&eth;,<code>byrn&amp;d;</code>,1,0.0005030
260,caseres,<code>caseres</code>,1,0.0005030
260,costnungum,<code>costnungum</code>,1,0.0005030
260,crist,<code>crist</code>,1,0.0005030
260,cwe&thorn;ende,<code>cwe&amp;t;ende</code>,1,0.0005030
260,cwealm,<code>cwealm</code>,1,0.0005030
260,cwealme,<code>cwealme</code>,1,0.0005030
260,cwyde,<code>cwyde</code>,1,0.0005030
260,cwyldum,<code>cwyldum</code>,1,0.0005030
260,cydde,<code>cydde</code>,1,0.0005030
260,cym&eth;,<code>cym&amp;d;</code>,1,0.0005030
260,cyn,<code>cyn</code>,1,0.0005030
260,cyrmes,<code>cyrmes</code>,1,0.0005030
260,d&aelig;da,<code>d&amp;ae;da</code>,1,0.0005030
260,d&aelig;g,<code>d&amp;ae;g</code>,1,0.0005030
260,d&aelig;gi&thorn;erlicum,<code>d&amp;ae;gi&amp;t;erlicum</code>,1,0.0005030
260,dagas,<code>dagas</code>,1,0.0005030
260,dagum,<code>dagum</code>,1,0.0005030
260,dauid,<code>dauid</code>,1,0.0005030
260,dea&eth;,<code>dea&amp;d;</code>,1,0.0005030
260,dea&eth;e,<code>dea&amp;d;e</code>,1,0.0005030
260,dea&eth;lice,<code>dea&amp;d;lice</code>,1,0.0005030
260,deofle,<code>deofle</code>,1,0.0005030
260,deofles,<code>deofles</code>,1,0.0005030
260,dera&eth;,<code>dera&amp;d;</code>,1,0.0005030
260,digelnysse,<code>digelnysse</code>,1,0.0005030
260,dimnysse,<code>dimnysse</code>,1,0.0005030
260,do&eth;,<code>do&amp;d;</code>,1,0.0005030
260,dome,<code>dome</code>,1,0.0005030
260,domes,<code>domes</code>,1,0.0005030
260,domini,<code>domini</code>,1,0.0005030
260,dominica,<code>dominica</code>,1,0.0005030
260,dreorignysse,<code>dreorignysse</code>,1,0.0005030
260,e&eth;les,<code>e&amp;d;les</code>,1,0.0005030
260,e&thorn;eles,<code>e&amp;t;eles</code>,1,0.0005030
260,eagum,<code>eagum</code>,1,0.0005030
260,ealdgendan,<code>ealdgendan</code>,1,0.0005030
260,ealdiendan,<code>ealdiendan</code>,1,0.0005030
260,ealdlicum,<code>ealdlicum</code>,1,0.0005030
260,ealdorscipas,<code>ealdorscipas</code>,1,0.0005030
260,ealdum,<code>ealdum</code>,1,0.0005030
260,eall,<code>eall</code>,1,0.0005030
260,eallunga,<code>eallunga</code>,1,0.0005030
260,ealra,<code>ealra</code>,1,0.0005030
260,ece,<code>ece</code>,1,0.0005030
260,ecum,<code>ecum</code>,1,0.0005030
260,eft,<code>eft</code>,1,0.0005030
260,ege,<code>ege</code>,1,0.0005030
260,egefullan,<code>egefullan</code>,1,0.0005030
260,emlice,<code>emlice</code>,1,0.0005030
260,engla,<code>engla</code>,1,0.0005030
260,eor&eth;an,<code>eor&amp;d;an</code>,1,0.0005030
260,eor&eth;lice,<code>eor&amp;d;lice</code>,1,0.0005030
260,eor&eth;styrunga,<code>eor&amp;d;styrunga</code>,1,0.0005030
260,eor&eth;styrunge,<code>eor&amp;d;styrunge</code>,1,0.0005030
260,eor&thorn;styrung,<code>eor&amp;t;styrung</code>,1,0.0005030
260,eowerum,<code>eowerum</code>,1,0.0005030
260,eowrum,<code>eowrum</code>,1,0.0005030
260,erunt,<code>erunt</code>,1,0.0005030
260,explicit,<code>explicit</code>,1,0.0005030
260,f&aelig;t,<code>f&amp;ae;t</code>,1,0.0005030
260,fagetta&eth;,<code>fagetta&amp;d;</code>,1,0.0005030
260,faron,<code>faron</code>,1,0.0005030
260,fealla&eth;,<code>fealla&amp;d;</code>,1,0.0005030
260,fealle,<code>fealle</code>,1,0.0005030
260,feawa,<code>feawa</code>,1,0.0005030
260,felda,<code>felda</code>,1,0.0005030
260,feower,<code>feower</code>,1,0.0005030
260,folgia&eth;,<code>folgia&amp;d;</code>,1,0.0005030
260,for&eth;,<code>for&amp;d;</code>,1,0.0005030
260,forber&eth;,<code>forber&amp;d;</code>,1,0.0005030
260,fores&aelig;don,<code>fores&amp;ae;don</code>,1,0.0005030
260,forest&aelig;ppa&eth;,<code>forest&amp;ae;ppa&amp;d;</code>,1,0.0005030
260,forest&#275;ppa&eth;,<code>forest&amp;e;ppa&amp;d;</code>,1,0.0005030
260,forgeaf,<code>forgeaf</code>,1,0.0005030
260,forhradia&eth;,<code>forhradia&amp;d;</code>,1,0.0005030
260,fornime,<code>fornime</code>,1,0.0005030
260,forsw&aelig;l&eth;,<code>forsw&amp;ae;l&amp;d;</code>,1,0.0005030
260,forwel,<code>forwel</code>,1,0.0005030
260,freondscipe,<code>freondscipe</code>,1,0.0005030
260,fruman,<code>fruman</code>,1,0.0005030
260,fulla,<code>fulla</code>,1,0.0005030
260,fullum,<code>fullum</code>,1,0.0005030
260,fur&thorn;on,<code>fur&amp;t;on</code>,1,0.0005030
260,fylia&eth;,<code>fylia&amp;d;</code>,1,0.0005030
260,fyre,<code>fyre</code>,1,0.0005030
260,fyrstes,<code>fyrstes</code>,1,0.0005030
260,gadria&eth;,<code>gadria&amp;d;</code>,1,0.0005030
260,ge&thorn;ohtas,<code>ge&amp;t;ohtas</code>,1,0.0005030
260,ge&thorn;uht,<code>ge&amp;t;uht</code>,1,0.0005030
260,ge&thorn;w&aelig;rl&aelig;c&eth;,<code>ge&amp;t;w&amp;ae;rl&amp;ae;c&amp;d;</code>,1,0.0005030
260,ge&thorn;ylde,<code>ge&amp;t;ylde</code>,1,0.0005030
260,geadlian,<code>geadlian</code>,1,0.0005030
260,geangsumod,<code>geangsumod</code>,1,0.0005030
260,geara,<code>geara</code>,1,0.0005030
260,gearum,<code>gearum</code>,1,0.0005030
260,gearwe,<code>gearwe</code>,1,0.0005030
260,gebicnia&eth;,<code>gebicnia&amp;d;</code>,1,0.0005030
260,gebigan,<code>gebigan</code>,1,0.0005030
260,gebiged,<code>gebiged</code>,1,0.0005030
260,gebysgie,<code>gebysgie</code>,1,0.0005030
260,gecigde,<code>gecigde</code>,1,0.0005030
260,gecwedene,<code>gecwedene</code>,1,0.0005030
260,gediht,<code>gediht</code>,1,0.0005030
260,gedrefed,<code>gedrefed</code>,1,0.0005030
260,geearnian,<code>geearnian</code>,1,0.0005030
260,geedcucede,<code>geedcucede</code>,1,0.0005030
260,geedniwede,<code>geedniwede</code>,1,0.0005030
260,geendian,<code>geendian</code>,1,0.0005030
260,gefredon,<code>gefredon</code>,1,0.0005030
260,gefremmede,<code>gefremmede</code>,1,0.0005030
260,gefret,<code>gefret</code>,1,0.0005030
260,gegrypene,<code>gegrypene</code>,1,0.0005030
260,gehyran,<code>gehyran</code>,1,0.0005030
260,gel&aelig;hte,<code>gel&amp;ae;hte</code>,1,0.0005030
260,geleaffull,<code>geleaffull</code>,1,0.0005030
260,geleaffulra,<code>geleaffulra</code>,1,0.0005030
260,geli&eth;egod,<code>geli&amp;d;egod</code>,1,0.0005030
260,gelic,<code>gelic</code>,1,0.0005030
260,gelimpa&eth;,<code>gelimpa&amp;d;</code>,1,0.0005030
260,gelome,<code>gelome</code>,1,0.0005030
260,geloml&aelig;ca&eth;,<code>geloml&amp;ae;ca&amp;d;</code>,1,0.0005030
260,geloml&aelig;cendum,<code>geloml&amp;ae;cendum</code>,1,0.0005030
260,gelomlice,<code>gelomlice</code>,1,0.0005030
260,gelomlicor,<code>gelomlicor</code>,1,0.0005030
260,gem&aelig;rum,<code>gem&amp;ae;rum</code>,1,0.0005030
260,gemanode,<code>gemanode</code>,1,0.0005030
260,gemencgednys,<code>gemencgednys</code>,1,0.0005030
260,gemencgednysse,<code>gemencgednysse</code>,1,0.0005030
260,gemenelican,<code>gemenelican</code>,1,0.0005030
260,gemengednysse,<code>gemengednysse</code>,1,0.0005030
260,gemeta&eth;,<code>gemeta&amp;d;</code>,1,0.0005030
260,gemetan,<code>gemetan</code>,1,0.0005030
260,gemynd,<code>gemynd</code>,1,0.0005030
260,geneal&aelig;c&eth;,<code>geneal&amp;ae;c&amp;d;</code>,1,0.0005030
260,geneal&aelig;cendan,<code>geneal&amp;ae;cendan</code>,1,0.0005030
260,genihtsumnysse,<code>genihtsumnysse</code>,1,0.0005030
260,genipu,<code>genipu</code>,1,0.0005030
260,geogo&eth;e,<code>geogo&amp;d;e</code>,1,0.0005030
260,geogo&eth;hade,<code>geogo&amp;d;hade</code>,1,0.0005030
260,geond,<code>geond</code>,1,0.0005030
260,gerifod,<code>gerifod</code>,1,0.0005030
260,gerihtl&aelig;ca&eth;,<code>gerihtl&amp;ae;ca&amp;d;</code>,1,0.0005030
260,gesceapene,<code>gesceapene</code>,1,0.0005030
260,geseonne,<code>geseonne</code>,1,0.0005030
260,geset,<code>geset</code>,1,0.0005030
260,gesewenlice,<code>gesewenlice</code>,1,0.0005030
260,gesih&eth;e,<code>gesih&amp;d;e</code>,1,0.0005030
260,gesih&eth;um,<code>gesih&amp;d;um</code>,1,0.0005030
260,gestilde,<code>gestilde</code>,1,0.0005030
260,geswencte,<code>geswencte</code>,1,0.0005030
260,geswince,<code>geswince</code>,1,0.0005030
260,geswutela&eth;,<code>geswutela&amp;d;</code>,1,0.0005030
260,geswutelode,<code>geswutelode</code>,1,0.0005030
260,geteald,<code>geteald</code>,1,0.0005030
260,getrymde,<code>getrymde</code>,1,0.0005030
260,getrymme,<code>getrymme</code>,1,0.0005030
260,gew&aelig;hte,<code>gew&amp;ae;hte</code>,1,0.0005030
260,gewiscenne,<code>gewiscenne</code>,1,0.0005030
260,gewissa&eth;,<code>gewissa&amp;d;</code>,1,0.0005030
260,gewissunge,<code>gewissunge</code>,1,0.0005030
260,gewitende,<code>gewitende</code>,1,0.0005030
260,gewrite,<code>gewrite</code>,1,0.0005030
260,gewur&thorn;e,<code>gewur&amp;t;e</code>,1,0.0005030
260,gewurde,<code>gewurde</code>,1,0.0005030
260,gif,<code>gif</code>,1,0.0005030
260,gladia&eth;,<code>gladia&amp;d;</code>,1,0.0005030
260,gladian,<code>gladian</code>,1,0.0005030
260,godspel,<code>godspel</code>,1,0.0005030
260,godspelle,<code>godspelle</code>,1,0.0005030
260,godspelles,<code>godspelles</code>,1,0.0005030
260,godspellican,<code>godspellican</code>,1,0.0005030
260,godum,<code>godum</code>,1,0.0005030
260,gregorius,<code>gregorius</code>,1,0.0005030
260,growende,<code>growende</code>,1,0.0005030
260,gyta,<code>gyta</code>,1,0.0005030
260,h&aelig;f&eth;,<code>h&amp;ae;f&amp;d;</code>,1,0.0005030
260,h&aelig;l,<code>h&amp;ae;l</code>,1,0.0005030
260,h&aelig;l&eth;e,<code>h&amp;ae;l&amp;d;e</code>,1,0.0005030
260,h&aelig;tan,<code>h&amp;ae;tan</code>,1,0.0005030
260,halga,<code>halga</code>,1,0.0005030
260,halgum,<code>halgum</code>,1,0.0005030
260,halum,<code>halum</code>,1,0.0005030
260,heahenglas,<code>heahenglas</code>,1,0.0005030
260,heahengles,<code>heahengles</code>,1,0.0005030
260,healican,<code>healican</code>,1,0.0005030
260,hefigtyme,<code>hefigtyme</code>,1,0.0005030
260,hefigtymnyssum,<code>hefigtymnyssum</code>,1,0.0005030
260,hellesuslum,<code>hellesuslum</code>,1,0.0005030
260,heo,<code>heo</code>,1,0.0005030
260,heofen,<code>heofen</code>,1,0.0005030
260,heofenlic,<code>heofenlic</code>,1,0.0005030
260,heofenlican,<code>heofenlican</code>,1,0.0005030
260,heofia&eth;,<code>heofia&amp;d;</code>,1,0.0005030
260,heofian,<code>heofian</code>,1,0.0005030
260,heofige,<code>heofige</code>,1,0.0005030
260,heofona,<code>heofona</code>,1,0.0005030
260,heofonlican,<code>heofonlican</code>,1,0.0005030
260,herwi&eth;ufan,<code>herwi&amp;d;ufan</code>,1,0.0005030
260,hic,<code>hic</code>,1,0.0005030
260,hlafordscipas,<code>hlafordscipas</code>,1,0.0005030
260,hr&aelig;d,<code>hr&amp;ae;d</code>,1,0.0005030
260,hryre,<code>hryre</code>,1,0.0005030
260,hryrum,<code>hryrum</code>,1,0.0005030
260,hu,<code>hu</code>,1,0.0005030
260,hunger,<code>hunger</code>,1,0.0005030
260,hungre,<code>hungre</code>,1,0.0005030
260,huru,<code>huru</code>,1,0.0005030
260,hw&aelig;&eth;ere,<code>hw&amp;ae;&amp;d;ere</code>,1,0.0005030
260,hw&aelig;&thorn;er,<code>hw&amp;ae;&amp;t;er</code>,1,0.0005030
260,hwilc,<code>hwilc</code>,1,0.0005030
260,hwiltidum,<code>hwiltidum</code>,1,0.0005030
260,ii,<code>ii</code>,1,0.0005030
260,iohannes,<code>iohannes</code>,1,0.0005030
260,iudeiscre,<code>iudeiscre</code>,1,0.0005030
260,la,<code>la</code>,1,0.0005030
260,lafe,<code>lafe</code>,1,0.0005030
260,lange,<code>lange</code>,1,0.0005030
260,langsumere,<code>langsumere</code>,1,0.0005030
260,leofa&eth;,<code>leofa&amp;d;</code>,1,0.0005030
260,leohtbeamede,<code>leohtbeamede</code>,1,0.0005030
260,leohtes,<code>leohtes</code>,1,0.0005030
260,leomu,<code>leomu</code>,1,0.0005030
260,leorningcnihtum,<code>leorningcnihtum</code>,1,0.0005030
260,liber,<code>liber</code>,1,0.0005030
260,lichama,<code>lichama</code>,1,0.0005030
260,lichaman,<code>lichaman</code>,1,0.0005030
260,lichamlicere,<code>lichamlicere</code>,1,0.0005030
260,lifes,<code>lifes</code>,1,0.0005030
260,lucas,<code>lucas</code>,1,0.0005030
260,lufa&eth;,<code>lufa&amp;d;</code>,1,0.0005030
260,luna,<code>luna</code>,1,0.0005030
260,lybbendan,<code>lybbendan</code>,1,0.0005030
260,lyft,<code>lyft</code>,1,0.0005030
260,m&aelig;g&eth;,<code>m&amp;ae;g&amp;d;</code>,1,0.0005030
260,m&aelig;ig,<code>m&amp;ae;ig</code>,1,0.0005030
260,m&aelig;ig&eth;,<code>m&amp;ae;ig&amp;d;</code>,1,0.0005030
260,m&aelig;ig&eth;a,<code>m&amp;ae;ig&amp;d;a</code>,1,0.0005030
260,m&aelig;ig&eth;e,<code>m&amp;ae;ig&amp;d;e</code>,1,0.0005030
260,mancynn,<code>mancynn</code>,1,0.0005030
260,manode,<code>manode</code>,1,0.0005030
260,menifealdum,<code>menifealdum</code>,1,0.0005030
260,menn,<code>menn</code>,1,0.0005030
260,menniscnysse,<code>menniscnysse</code>,1,0.0005030
260,miccle,<code>miccle</code>,1,0.0005030
260,micele,<code>micele</code>,1,0.0005030
260,miclan,<code>miclan</code>,1,0.0005030
260,mislicum,<code>mislicum</code>,1,0.0005030
260,monelican,<code>monelican</code>,1,0.0005030
260,myningie,<code>myningie</code>,1,0.0005030
260,n&aelig;f&eth;,<code>n&amp;ae;f&amp;d;</code>,1,0.0005030
260,n&aelig;re,<code>n&amp;ae;re</code>,1,0.0005030
260,na,<code>na</code>,1,0.0005030
260,nahte,<code>nahte</code>,1,0.0005030
260,nanum,<code>nanum</code>,1,0.0005030
260,nateshwon,<code>nateshwon</code>,1,0.0005030
260,neal&aelig;cunge,<code>neal&amp;ae;cunge</code>,1,0.0005030
260,neb,<code>neb</code>,1,0.0005030
260,nelle,<code>nelle</code>,1,0.0005030
260,niwes,<code>niwes</code>,1,0.0005030
260,niwum,<code>niwum</code>,1,0.0005030
260,noldon,<code>noldon</code>,1,0.0005030
260,nytennysse,<code>nytennysse</code>,1,0.0005030
260,o&eth;&eth;e,<code>o&amp;d;&amp;d;e</code>,1,0.0005030
260,o&eth;er,<code>o&amp;d;er</code>,1,0.0005030
260,of&thorn;ricednys,<code>of&amp;t;ricednys</code>,1,0.0005030
260,of&thorn;ryccednys,<code>of&amp;t;ryccednys</code>,1,0.0005030
260,of&thorn;rycednys,<code>of&amp;t;rycednys</code>,1,0.0005030
260,oferg&aelig;&eth;,<code>oferg&amp;ae;&amp;d;</code>,1,0.0005030
260,oferst&aelig;led,<code>oferst&amp;ae;led</code>,1,0.0005030
260,ofgan,<code>ofgan</code>,1,0.0005030
260,ofhreas,<code>ofhreas</code>,1,0.0005030
260,ofset,<code>ofset</code>,1,0.0005030
260,oncneowon,<code>oncneowon</code>,1,0.0005030
260,ondr&aelig;da&eth;,<code>ondr&amp;ae;da&amp;d;</code>,1,0.0005030
260,onettan,<code>onettan</code>,1,0.0005030
260,onginna&eth;,<code>onginna&amp;d;</code>,1,0.0005030
260,ongynna&eth;,<code>ongynna&amp;d;</code>,1,0.0005030
260,or&thorn;ung,<code>or&amp;t;ung</code>,1,0.0005030
260,orsorgran,<code>orsorgran</code>,1,0.0005030
260,orsorhnysse,<code>orsorhnysse</code>,1,0.0005030
260,paulus,<code>paulus</code>,1,0.0005030
260,reliqua,<code>reliqua</code>,1,0.0005030
260,reste,<code>reste</code>,1,0.0005030
260,rihtwisan,<code>rihtwisan</code>,1,0.0005030
260,rihtwisra,<code>rihtwisra</code>,1,0.0005030
260,rihtwisum,<code>rihtwisum</code>,1,0.0005030
260,rixa&eth;,<code>rixa&amp;d;</code>,1,0.0005030
260,rodetacn,<code>rodetacn</code>,1,0.0005030
260,s&aelig;,<code>s&amp;ae;</code>,1,0.0005030
260,s&aelig;de,<code>s&amp;ae;de</code>,1,0.0005030
260,sceadewunge,<code>sceadewunge</code>,1,0.0005030
260,sceort,<code>sceort</code>,1,0.0005030
260,sceortne,<code>sceortne</code>,1,0.0005030
260,scina&eth;,<code>scina&amp;d;</code>,1,0.0005030
260,scyppend,<code>scyppend</code>,1,0.0005030
260,scyrtran,<code>scyrtran</code>,1,0.0005030
260,seca&eth;,<code>seca&amp;d;</code>,1,0.0005030
260,seofonfealdan,<code>seofonfealdan</code>,1,0.0005030
260,setta&eth;,<code>setta&amp;d;</code>,1,0.0005030
260,sibbe,<code>sibbe</code>,1,0.0005030
260,siccetungum,<code>siccetungum</code>,1,0.0005030
260,signa,<code>signa</code>,1,0.0005030
260,sitte,<code>sitte</code>,1,0.0005030
260,smyltnysse,<code>smyltnysse</code>,1,0.0005030
260,sohton,<code>sohton</code>,1,0.0005030
260,sole,<code>sole</code>,1,0.0005030
260,sophonia,<code>sophonia</code>,1,0.0005030
260,speda,<code>speda</code>,1,0.0005030
260,spr&aelig;c,<code>spr&amp;ae;c</code>,1,0.0005030
260,sprecende,<code>sprecende</code>,1,0.0005030
260,spryt,<code>spryt</code>,1,0.0005030
260,sprytte,<code>sprytte</code>,1,0.0005030
260,standa&eth;,<code>standa&amp;d;</code>,1,0.0005030
260,stellis,<code>stellis</code>,1,0.0005030
260,stemn,<code>stemn</code>,1,0.0005030
260,steorrum,<code>steorrum</code>,1,0.0005030
260,sti&eth;lice,<code>sti&amp;d;lice</code>,1,0.0005030
260,sti&eth;licor,<code>sti&amp;d;licor</code>,1,0.0005030
260,stille,<code>stille</code>,1,0.0005030
260,stranga,<code>stranga</code>,1,0.0005030
260,strangum,<code>strangum</code>,1,0.0005030
260,strecan,<code>strecan</code>,1,0.0005030
260,strecnysse,<code>strecnysse</code>,1,0.0005030
260,sum,<code>sum</code>,1,0.0005030
260,sumerlicere,<code>sumerlicere</code>,1,0.0005030
260,sumorl&aelig;h&eth;,<code>sumorl&amp;ae;h&amp;d;</code>,1,0.0005030
260,sumurl&aelig;h&eth;,<code>sumurl&amp;ae;h&amp;d;</code>,1,0.0005030
260,sunlican,<code>sunlican</code>,1,0.0005030
260,suwa&eth;,<code>suwa&amp;d;</code>,1,0.0005030
260,sweg,<code>sweg</code>,1,0.0005030
260,swi&eth;e,<code>swi&amp;d;e</code>,1,0.0005030
260,swi&eth;lic,<code>swi&amp;d;lic</code>,1,0.0005030
260,swi&eth;or,<code>swi&amp;d;or</code>,1,0.0005030
260,swi&thorn;e,<code>swi&amp;t;e</code>,1,0.0005030
260,swingelum,<code>swingelum</code>,1,0.0005030
260,swura,<code>swura</code>,1,0.0005030
260,swuran,<code>swuran</code>,1,0.0005030
260,swutele,<code>swutele</code>,1,0.0005030
260,swutelicor,<code>swutelicor</code>,1,0.0005030
260,syl&eth;,<code>syl&amp;d;</code>,1,0.0005030
260,sylf,<code>sylf</code>,1,0.0005030
260,synnum,<code>synnum</code>,1,0.0005030
260,tacnum,<code>tacnum</code>,1,0.0005030
260,tide,<code>tide</code>,1,0.0005030
260,tima,<code>tima</code>,1,0.0005030
260,toweard,<code>toweard</code>,1,0.0005030
260,toworpennysse,<code>toworpennysse</code>,1,0.0005030
260,trahtnode,<code>trahtnode</code>,1,0.0005030
260,trendles,<code>trendles</code>,1,0.0005030
260,tungelcr&aelig;fte,<code>tungelcr&amp;ae;fte</code>,1,0.0005030
260,tw&aelig;ming,<code>tw&amp;ae;ming</code>,1,0.0005030
260,twynung,<code>twynung</code>,1,0.0005030
260,tyberies,<code>tyberies</code>,1,0.0005030
260,underfangenan,<code>underfangenan</code>,1,0.0005030
260,underfeng,<code>underfeng</code>,1,0.0005030
260,undergynnende,<code>undergynnende</code>,1,0.0005030
260,underscyte,<code>underscyte</code>,1,0.0005030
260,understanda&eth;,<code>understanda&amp;d;</code>,1,0.0005030
260,ungecl&aelig;nsod,<code>ungecl&amp;ae;nsod</code>,1,0.0005030
260,ungesewenlica,<code>ungesewenlica</code>,1,0.0005030
260,ungewunelice,<code>ungewunelice</code>,1,0.0005030
260,unrotnyssum,<code>unrotnyssum</code>,1,0.0005030
260,upspringe,<code>upspringe</code>,1,0.0005030
260,urum,<code>urum</code>,1,0.0005030
260,uton,<code>uton</code>,1,0.0005030
260,w&aelig;ron,<code>w&amp;ae;ron</code>,1,0.0005030
260,w&aelig;rscipe,<code>w&amp;ae;rscipe</code>,1,0.0005030
260,wacele,<code>wacele</code>,1,0.0005030
260,wanunge,<code>wanunge</code>,1,0.0005030
260,weges,<code>weges</code>,1,0.0005030
260,wegi,<code>wegi</code>,1,0.0005030
260,wehst,<code>wehst</code>,1,0.0005030
260,wel,<code>wel</code>,1,0.0005030
260,weorce,<code>weorce</code>,1,0.0005030
260,weorcum,<code>weorcum</code>,1,0.0005030
260,weored,<code>weored</code>,1,0.0005030
260,wi&eth;ercorenum,<code>wi&amp;d;ercorenum</code>,1,0.0005030
260,wi&eth;meten,<code>wi&amp;d;meten</code>,1,0.0005030
260,wi&eth;metennysse,<code>wi&amp;d;metennysse</code>,1,0.0005030
260,wi&eth;standa&eth;,<code>wi&amp;d;standa&amp;d;</code>,1,0.0005030
260,wi&eth;ufan,<code>wi&amp;d;ufan</code>,1,0.0005030
260,wile,<code>wile</code>,1,0.0005030
260,windum,<code>windum</code>,1,0.0005030
260,wita,<code>wita</code>,1,0.0005030
260,witegode,<code>witegode</code>,1,0.0005030
260,witegunge,<code>witegunge</code>,1,0.0005030
260,witnia&eth;,<code>witnia&amp;d;</code>,1,0.0005030
260,wope,<code>wope</code>,1,0.0005030
260,worde,<code>worde</code>,1,0.0005030
260,woruld,<code>woruld</code>,1,0.0005030
260,worulda,<code>worulda</code>,1,0.0005030
260,wunian,<code>wunian</code>,1,0.0005030
260,wunigende,<code>wunigende</code>,1,0.0005030
260,wyrtruman,<code>wyrtruman</code>,1,0.0005030
260,yfelan,<code>yfelan</code>,1,0.0005030
260,yfele,<code>yfele</code>,1,0.0005030
260,yfelnyssa,<code>yfelnyssa</code>,1,0.0005030
260,ylde,<code>ylde</code>,1,0.0005030
260,ymbhydinys,<code>ymbhydinys</code>,1,0.0005030
260,yrm&eth;e,<code>yrm&amp;d;e</code>,1,0.0005030
260,yrres,<code>yrres</code>,1,0.0005030
