B_Prose,B01,B01.001.012_AECHom_I__11_T02160.txt,835,537,2698
RANK,HTML WORD,RAW WORD,COUNT,RELATIVE FREQUENCY
1,&amp;,<code>&amp;amp;</code>,116,0.0429948
2,he,<code>he</code>,100,0.0370645
3,to,<code>to</code>,69,0.0255745
4,&thorn;&aelig;t,<code>&amp;t;&amp;ae;t</code>,57,0.0211268
5,&thorn;a,<code>&amp;t;a</code>,54,0.0200148
6,se,<code>se</code>,50,0.0185322
7,on,<code>on</code>,49,0.0181616
8,swa,<code>swa</code>,45,0.0166790
9,his,<code>his</code>,40,0.0148258
10,ne,<code>ne</code>,39,0.0144552
11,him,<code>him</code>,34,0.0126019
12,mid,<code>mid</code>,33,0.0122313
13,&thorn;e,<code>&amp;t;e</code>,31,0.0114900
14,&eth;e,<code>&amp;d;e</code>,28,0.0103781
14,ac,<code>ac</code>,28,0.0103781
14,we,<code>we</code>,28,0.0103781
17,&eth;a,<code>&amp;d;a</code>,26,0.0096368
17,is,<code>is</code>,26,0.0096368
19,cw&aelig;&eth;,<code>cw&amp;ae;&amp;d;</code>,25,0.0092661
20,hine,<code>hine</code>,24,0.0088955
21,for,<code>for</code>,23,0.0085248
21,godes,<code>godes</code>,23,0.0085248
23,&thorn;urh,<code>&amp;t;urh</code>,22,0.0081542
24,hi,<code>hi</code>,21,0.0077835
25,gif,<code>gif</code>,19,0.0070423
25,w&aelig;s,<code>w&amp;ae;s</code>,19,0.0070423
27,&eth;am,<code>&amp;d;am</code>,18,0.0066716
27,&thorn;onne,<code>&amp;t;onne</code>,18,0.0066716
27,deoful,<code>deoful</code>,18,0.0066716
30,&eth;u,<code>&amp;d;u</code>,16,0.0059303
31,&thorn;am,<code>&amp;t;am</code>,15,0.0055597
31,us,<code>us</code>,15,0.0055597
33,nan,<code>nan</code>,14,0.0051890
34,be,<code>be</code>,13,0.0048184
34,crist,<code>crist</code>,13,0.0048184
34,na,<code>na</code>,13,0.0048184
37,deofle,<code>deofle</code>,12,0.0044477
37,hit,<code>hit</code>,12,0.0044477
37,of,<code>of</code>,12,0.0044477
40,anum,<code>anum</code>,11,0.0040771
40,ealle,<code>ealle</code>,11,0.0040771
40,gode,<code>gode</code>,11,0.0040771
40,man,<code>man</code>,11,0.0040771
40,mihte,<code>mihte</code>,11,0.0040771
40,nu,<code>nu</code>,11,0.0040771
46,&eth;on,<code>&amp;d;on</code>,10,0.0037064
46,beon,<code>beon</code>,10,0.0037064
46,eac,<code>eac</code>,10,0.0037064
46,feowertig,<code>feowertig</code>,10,0.0037064
46,god,<code>god</code>,10,0.0037064
46,w&aelig;re,<code>w&amp;ae;re</code>,10,0.0037064
52,&thorn;&aelig;s,<code>&amp;t;&amp;ae;s</code>,9,0.0033358
52,&thorn;one,<code>&amp;t;one</code>,9,0.0033358
52,buton,<code>buton</code>,9,0.0033358
52,deofles,<code>deofles</code>,9,0.0033358
52,eallum,<code>eallum</code>,9,0.0033358
52,eft,<code>eft</code>,9,0.0033358
58,&aelig;t,<code>&amp;ae;t</code>,8,0.0029652
58,&eth;&aelig;re,<code>&amp;d;&amp;ae;re</code>,8,0.0029652
58,&eth;an,<code>&amp;d;an</code>,8,0.0029652
58,awriten,<code>awriten</code>,8,0.0029652
58,bi&eth;,<code>bi&amp;d;</code>,8,0.0029652
58,daga,<code>daga</code>,8,0.0029652
58,fram,<code>fram</code>,8,0.0029652
58,ge,<code>ge</code>,8,0.0029652
58,h&aelig;lend,<code>h&amp;ae;lend</code>,8,0.0029652
58,mannum,<code>mannum</code>,8,0.0029652
58,ure,<code>ure</code>,8,0.0029652
58,wolde,<code>wolde</code>,8,0.0029652
70,f&aelig;ste,<code>f&amp;ae;ste</code>,7,0.0025945
70,halgum,<code>halgum</code>,7,0.0025945
70,ic,<code>ic</code>,7,0.0025945
70,sceal,<code>sceal</code>,7,0.0025945
74,&eth;isum,<code>&amp;d;isum</code>,6,0.0022239
74,butan,<code>butan</code>,6,0.0022239
74,englas,<code>englas</code>,6,0.0022239
74,gebiddan,<code>gebiddan</code>,6,0.0022239
74,hw&aelig;t,<code>hw&amp;ae;t</code>,6,0.0022239
74,leofa&eth;,<code>leofa&amp;d;</code>,6,0.0022239
74,n&aelig;s,<code>n&amp;ae;s</code>,6,0.0022239
74,o&eth;&eth;e,<code>o&amp;d;&amp;d;e</code>,6,0.0022239
82,&eth;incg,<code>&amp;d;incg</code>,5,0.0018532
82,beo&eth;,<code>beo&amp;d;</code>,5,0.0018532
82,cristes,<code>cristes</code>,5,0.0018532
82,drihtne,<code>drihtne</code>,5,0.0018532
82,gecostnod,<code>gecostnod</code>,5,0.0018532
82,lare,<code>lare</code>,5,0.0018532
82,magon,<code>magon</code>,5,0.0018532
82,mann,<code>mann</code>,5,0.0018532
82,oferswi&eth;ed,<code>oferswi&amp;d;ed</code>,5,0.0018532
82,scolon,<code>scolon</code>,5,0.0018532
82,sunu,<code>sunu</code>,5,0.0018532
82,sy,<code>sy</code>,5,0.0018532
94,&aelig;fter,<code>&amp;ae;fter</code>,4,0.0014826
94,&aelig;r,<code>&amp;ae;r</code>,4,0.0014826
94,&eth;&aelig;r,<code>&amp;d;&amp;ae;r</code>,4,0.0014826
94,&eth;y,<code>&amp;d;y</code>,4,0.0014826
94,&thorn;as,<code>&amp;t;as</code>,4,0.0014826
94,adun,<code>adun</code>,4,0.0014826
94,criste,<code>criste</code>,4,0.0014826
94,deofol,<code>deofol</code>,4,0.0014826
94,do&eth;,<code>do&amp;d;</code>,4,0.0014826
94,don,<code>don</code>,4,0.0014826
94,drihtnes,<code>drihtnes</code>,4,0.0014826
94,eow,<code>eow</code>,4,0.0014826
94,f&aelig;sten,<code>f&amp;ae;sten</code>,4,0.0014826
94,fandian,<code>fandian</code>,4,0.0014826
94,fandode,<code>fandode</code>,4,0.0014826
94,fotum,<code>fotum</code>,4,0.0014826
94,genam,<code>genam</code>,4,0.0014826
94,gesette,<code>gesette</code>,4,0.0014826
94,gitsunge,<code>gitsunge</code>,4,0.0014826
94,halgan,<code>halgan</code>,4,0.0014826
94,heora,<code>heora</code>,4,0.0014826
94,hingrode,<code>hingrode</code>,4,0.0014826
94,hlafum,<code>hlafum</code>,4,0.0014826
94,life,<code>life</code>,4,0.0014826
94,manna,<code>manna</code>,4,0.0014826
94,middaneardes,<code>middaneardes</code>,4,0.0014826
94,nihta,<code>nihta</code>,4,0.0014826
94,sind,<code>sind</code>,4,0.0014826
94,so&eth;,<code>so&amp;d;</code>,4,0.0014826
94,underb&aelig;c,<code>underb&amp;ae;c</code>,4,0.0014826
94,urne,<code>urne</code>,4,0.0014826
94,wordum,<code>wordum</code>,4,0.0014826
126,&aelig;,<code>&amp;ae;</code>,3,0.0011119
126,&aelig;teowde,<code>&amp;ae;teowde</code>,3,0.0011119
126,&eth;&aelig;s,<code>&amp;d;&amp;ae;s</code>,3,0.0011119
126,&eth;i,<code>&amp;d;i</code>,3,0.0011119
126,&thorn;incg,<code>&amp;t;incg</code>,3,0.0011119
126,&thorn;u,<code>&amp;t;u</code>,3,0.0011119
126,an,<code>an</code>,3,0.0011119
126,ana,<code>ana</code>,3,0.0011119
126,awende,<code>awende</code>,3,0.0011119
126,com,<code>com</code>,3,0.0011119
126,comon,<code>comon</code>,3,0.0011119
126,ealles,<code>ealles</code>,3,0.0011119
126,eode,<code>eode</code>,3,0.0011119
126,et,<code>et</code>,3,0.0011119
126,f&aelig;der,<code>f&amp;ae;der</code>,3,0.0011119
126,feallan,<code>feallan</code>,3,0.0011119
126,forgife,<code>forgife</code>,3,0.0011119
126,forh&aelig;fednysse,<code>forh&amp;ae;fednysse</code>,3,0.0011119
126,forlet,<code>forlet</code>,3,0.0011119
126,fyrste,<code>fyrste</code>,3,0.0011119
126,ga,<code>ga</code>,3,0.0011119
126,ge&thorn;afode,<code>ge&amp;t;afode</code>,3,0.0011119
126,geares,<code>geares</code>,3,0.0011119
126,geswutelode,<code>geswutelode</code>,3,0.0011119
126,gylpe,<code>gylpe</code>,3,0.0011119
126,heo,<code>heo</code>,3,0.0011119
126,heofenlican,<code>heofenlican</code>,3,0.0011119
126,hlafe,<code>hlafe</code>,3,0.0011119
126,in,<code>in</code>,3,0.0011119
126,lustfullunge,<code>lustfullunge</code>,3,0.0011119
126,lybban,<code>lybban</code>,3,0.0011119
126,mancynne,<code>mancynne</code>,3,0.0011119
126,me,<code>me</code>,3,0.0011119
126,menn,<code>menn</code>,3,0.0011119
126,mete,<code>mete</code>,3,0.0011119
126,mood,<code>mood</code>,3,0.0011119
126,moton,<code>moton</code>,3,0.0011119
126,n&aelig;f&eth;,<code>n&amp;ae;f&amp;d;</code>,3,0.0011119
126,nanum,<code>nanum</code>,3,0.0011119
126,nis,<code>nis</code>,3,0.0011119
126,nolde,<code>nolde</code>,3,0.0011119
126,sceolon,<code>sceolon</code>,3,0.0011119
126,scylfe,<code>scylfe</code>,3,0.0011119
126,scyppend,<code>scyppend</code>,3,0.0011119
126,six,<code>six</code>,3,0.0011119
126,swi&eth;e,<code>swi&amp;d;e</code>,3,0.0011119
126,sylfum,<code>sylfum</code>,3,0.0011119
126,uppon,<code>uppon</code>,3,0.0011119
126,ures,<code>ures</code>,3,0.0011119
126,urum,<code>urum</code>,3,0.0011119
126,welan,<code>welan</code>,3,0.0011119
126,willan,<code>willan</code>,3,0.0011119
126,wisan,<code>wisan</code>,3,0.0011119
126,wuldre,<code>wuldre</code>,3,0.0011119
126,ydelum,<code>ydelum</code>,3,0.0011119
126,yfele,<code>yfele</code>,3,0.0011119
126,ylcum,<code>ylcum</code>,3,0.0011119
183,&eth;as,<code>&amp;d;as</code>,2,0.0007413
183,&eth;enedon,<code>&amp;d;enedon</code>,2,0.0007413
183,&eth;ing,<code>&amp;d;ing</code>,2,0.0007413
183,&eth;inum,<code>&amp;d;inum</code>,2,0.0007413
183,&eth;reo,<code>&amp;d;reo</code>,2,0.0007413
183,&eth;urh,<code>&amp;d;urh</code>,2,0.0007413
183,&thorn;&aelig;r,<code>&amp;t;&amp;ae;r</code>,2,0.0007413
183,&thorn;&aelig;ra,<code>&amp;t;&amp;ae;ra</code>,2,0.0007413
183,&thorn;eahhw&aelig;&eth;ere,<code>&amp;t;eahhw&amp;ae;&amp;d;ere</code>,2,0.0007413
183,&thorn;eowa,<code>&amp;t;eowa</code>,2,0.0007413
183,&thorn;inne,<code>&amp;t;inne</code>,2,0.0007413
183,&thorn;is,<code>&amp;t;is</code>,2,0.0007413
183,&thorn;isne,<code>&amp;t;isne</code>,2,0.0007413
183,&thorn;isum,<code>&amp;t;isum</code>,2,0.0007413
183,&thorn;rim,<code>&amp;t;rim</code>,2,0.0007413
183,&thorn;rittig,<code>&amp;t;rittig</code>,2,0.0007413
183,adam,<code>adam</code>,2,0.0007413
183,ahebban,<code>ahebban</code>,2,0.0007413
183,anre,<code>anre</code>,2,0.0007413
183,asceotan,<code>asceotan</code>,2,0.0007413
183,aweg,<code>aweg</code>,2,0.0007413
183,beboden,<code>beboden</code>,2,0.0007413
183,bocum,<code>bocum</code>,2,0.0007413
183,bruce,<code>bruce</code>,2,0.0007413
183,costnode,<code>costnode</code>,2,0.0007413
183,costnung,<code>costnung</code>,2,0.0007413
183,costnungum,<code>costnungum</code>,2,0.0007413
183,cristenum,<code>cristenum</code>,2,0.0007413
183,cwe&eth;,<code>cwe&amp;d;</code>,2,0.0007413
183,de&eth;,<code>de&amp;d;</code>,2,0.0007413
183,dea&eth;e,<code>dea&amp;d;e</code>,2,0.0007413
183,do,<code>do</code>,2,0.0007413
183,doon,<code>doon</code>,2,0.0007413
183,dorste,<code>dorste</code>,2,0.0007413
183,dune,<code>dune</code>,2,0.0007413
183,dyslice,<code>dyslice</code>,2,0.0007413
183,ea&eth;e,<code>ea&amp;d;e</code>,2,0.0007413
183,eal,<code>eal</code>,2,0.0007413
183,ealdor,<code>ealdor</code>,2,0.0007413
183,ealne,<code>ealne</code>,2,0.0007413
183,ealra,<code>ealra</code>,2,0.0007413
183,englum,<code>englum</code>,2,0.0007413
183,forsih&eth;,<code>forsih&amp;d;</code>,2,0.0007413
183,fot,<code>fot</code>,2,0.0007413
183,ga&eth;,<code>ga&amp;d;</code>,2,0.0007413
183,ge&thorn;afian,<code>ge&amp;t;afian</code>,2,0.0007413
183,ge&thorn;afung,<code>ge&amp;t;afung</code>,2,0.0007413
183,ge&thorn;ance,<code>ge&amp;t;ance</code>,2,0.0007413
183,gecostnode,<code>gecostnode</code>,2,0.0007413
183,gehwa,<code>gehwa</code>,2,0.0007413
183,gesceafta,<code>gesceafta</code>,2,0.0007413
183,geset,<code>geset</code>,2,0.0007413
183,getealde,<code>getealde</code>,2,0.0007413
183,geworhte,<code>geworhte</code>,2,0.0007413
183,gewritum,<code>gewritum</code>,2,0.0007413
183,gifernesse,<code>gifernesse</code>,2,0.0007413
183,gifernysse,<code>gifernysse</code>,2,0.0007413
183,gilp,<code>gilp</code>,2,0.0007413
183,gilpe,<code>gilpe</code>,2,0.0007413
183,godspelle,<code>godspelle</code>,2,0.0007413
183,godum,<code>godum</code>,2,0.0007413
183,goode,<code>goode</code>,2,0.0007413
183,h&aelig;f&eth;,<code>h&amp;ae;f&amp;d;</code>,2,0.0007413
183,halige,<code>halige</code>,2,0.0007413
183,handum,<code>handum</code>,2,0.0007413
183,heafod,<code>heafod</code>,2,0.0007413
183,heagan,<code>heagan</code>,2,0.0007413
183,her,<code>her</code>,2,0.0007413
183,herunge,<code>herunge</code>,2,0.0007413
183,hwi,<code>hwi</code>,2,0.0007413
183,hyra,<code>hyra</code>,2,0.0007413
183,into,<code>into</code>,2,0.0007413
183,lange,<code>lange</code>,2,0.0007413
183,leasunge,<code>leasunge</code>,2,0.0007413
183,lichama,<code>lichama</code>,2,0.0007413
183,lichaman,<code>lichaman</code>,2,0.0007413
183,lif,<code>lif</code>,2,0.0007413
183,lufe,<code>lufe</code>,2,0.0007413
183,lustfullung,<code>lustfullung</code>,2,0.0007413
183,mannes,<code>mannes</code>,2,0.0007413
183,metes,<code>metes</code>,2,0.0007413
183,micel,<code>micel</code>,2,0.0007413
183,miclan,<code>miclan</code>,2,0.0007413
183,middaneard,<code>middaneard</code>,2,0.0007413
183,minum,<code>minum</code>,2,0.0007413
183,mislice,<code>mislice</code>,2,0.0007413
183,mu&eth;e,<code>mu&amp;d;e</code>,2,0.0007413
183,n&aelig;re,<code>n&amp;ae;re</code>,2,0.0007413
183,nane,<code>nane</code>,2,0.0007413
183,o&eth;,<code>o&amp;d;</code>,2,0.0007413
183,o&eth;rum,<code>o&amp;d;rum</code>,2,0.0007413
183,oferswi&eth;an,<code>oferswi&amp;d;an</code>,2,0.0007413
183,oferswi&eth;de,<code>oferswi&amp;d;de</code>,2,0.0007413
183,oferswy&eth;ed,<code>oferswy&amp;d;ed</code>,2,0.0007413
183,oft,<code>oft</code>,2,0.0007413
183,onhinder,<code>onhinder</code>,2,0.0007413
183,sawul,<code>sawul</code>,2,0.0007413
183,scolde,<code>scolde</code>,2,0.0007413
183,sculon,<code>sculon</code>,2,0.0007413
183,scyppende,<code>scyppende</code>,2,0.0007413
183,seo,<code>seo</code>,2,0.0007413
183,spr&aelig;c,<code>spr&amp;ae;c</code>,2,0.0007413
183,stanas,<code>stanas</code>,2,0.0007413
183,stane,<code>stane</code>,2,0.0007413
183,stanum,<code>stanum</code>,2,0.0007413
183,sy&eth;&eth;an,<code>sy&amp;d;&amp;d;an</code>,2,0.0007413
183,t&aelig;cunge,<code>t&amp;ae;cunge</code>,2,0.0007413
183,t&aelig;hte,<code>t&amp;ae;hte</code>,2,0.0007413
183,temples,<code>temples</code>,2,0.0007413
183,timan,<code>timan</code>,2,0.0007413
183,tyhtinge,<code>tyhtinge</code>,2,0.0007413
183,ut,<code>ut</code>,2,0.0007413
183,uton,<code>uton</code>,2,0.0007413
183,wilt,<code>wilt</code>,2,0.0007413
183,wuldor,<code>wuldor</code>,2,0.0007413
183,yfelan,<code>yfelan</code>,2,0.0007413
299,&aelig;fre,<code>&amp;ae;fre</code>,1,0.0003706
299,&aelig;g&eth;er,<code>&amp;ae;g&amp;d;er</code>,1,0.0003706
299,&aelig;hta,<code>&amp;ae;hta</code>,1,0.0003706
299,&aelig;lc,<code>&amp;ae;lc</code>,1,0.0003706
299,&aelig;lce,<code>&amp;ae;lce</code>,1,0.0003706
299,&aelig;lcere,<code>&amp;ae;lcere</code>,1,0.0003706
299,&aelig;lces,<code>&amp;ae;lces</code>,1,0.0003706
299,&aelig;lfremedan,<code>&amp;ae;lfremedan</code>,1,0.0003706
299,&aelig;lmessan,<code>&amp;ae;lmessan</code>,1,0.0003706
299,&aelig;lmihtinne,<code>&amp;ae;lmihtinne</code>,1,0.0003706
299,&aelig;ne,<code>&amp;ae;ne</code>,1,0.0003706
299,&aelig;nig,<code>&amp;ae;nig</code>,1,0.0003706
299,&aelig;nigre,<code>&amp;ae;nigre</code>,1,0.0003706
299,&aelig;ppel,<code>&amp;ae;ppel</code>,1,0.0003706
299,&aelig;tes,<code>&amp;ae;tes</code>,1,0.0003706
299,&aelig;tspurnan,<code>&amp;ae;tspurnan</code>,1,0.0003706
299,&aelig;tspyrnan,<code>&amp;ae;tspyrnan</code>,1,0.0003706
299,&amp;sware,<code>&amp;amp;sware</code>,1,0.0003706
299,&amp;wyrde,<code>&amp;amp;wyrde</code>,1,0.0003706
299,&eth;&aelig;t,<code>&amp;d;&amp;ae;t</code>,1,0.0003706
299,&eth;es,<code>&amp;d;es</code>,1,0.0003706
299,&eth;in,<code>&amp;d;in</code>,1,0.0003706
299,&eth;inc,<code>&amp;d;inc</code>,1,0.0003706
299,&eth;ingum,<code>&amp;d;ingum</code>,1,0.0003706
299,&eth;inne,<code>&amp;d;inne</code>,1,0.0003706
299,&eth;is,<code>&amp;d;is</code>,1,0.0003706
299,&eth;isre,<code>&amp;d;isre</code>,1,0.0003706
299,&eth;one,<code>&amp;d;one</code>,1,0.0003706
299,&eth;uhte,<code>&amp;d;uhte</code>,1,0.0003706
299,&eth;urfe,<code>&amp;d;urfe</code>,1,0.0003706
299,&thorn;&aelig;rrihte,<code>&amp;t;&amp;ae;rrihte</code>,1,0.0003706
299,&thorn;eah,<code>&amp;t;eah</code>,1,0.0003706
299,&thorn;egnas,<code>&amp;t;egnas</code>,1,0.0003706
299,&thorn;enedon,<code>&amp;t;enedon</code>,1,0.0003706
299,&thorn;enian,<code>&amp;t;enian</code>,1,0.0003706
299,&thorn;eowgean,<code>&amp;t;eowgean</code>,1,0.0003706
299,&thorn;eowgian,<code>&amp;t;eowgian</code>,1,0.0003706
299,&thorn;eowia&eth;,<code>&amp;t;eowia&amp;d;</code>,1,0.0003706
299,&thorn;icgean,<code>&amp;t;icgean</code>,1,0.0003706
299,&thorn;inc,<code>&amp;t;inc</code>,1,0.0003706
299,&thorn;ine,<code>&amp;t;ine</code>,1,0.0003706
299,&thorn;ines,<code>&amp;t;ines</code>,1,0.0003706
299,&thorn;inga,<code>&amp;t;inga</code>,1,0.0003706
299,&thorn;inge,<code>&amp;t;inge</code>,1,0.0003706
299,&thorn;ingian,<code>&amp;t;ingian</code>,1,0.0003706
299,&thorn;ingum,<code>&amp;t;ingum</code>,1,0.0003706
299,&thorn;ingunga,<code>&amp;t;ingunga</code>,1,0.0003706
299,&thorn;isre,<code>&amp;t;isre</code>,1,0.0003706
299,&thorn;reo,<code>&amp;t;reo</code>,1,0.0003706
299,&thorn;rowia&eth;,<code>&amp;t;rowia&amp;d;</code>,1,0.0003706
299,&thorn;rowunge,<code>&amp;t;rowunge</code>,1,0.0003706
299,&thorn;urfe,<code>&amp;t;urfe</code>,1,0.0003706
299,&thorn;us,<code>&amp;t;us</code>,1,0.0003706
299,&thorn;wyrlices,<code>&amp;t;wyrlices</code>,1,0.0003706
299,&thorn;wyrum,<code>&amp;t;wyrum</code>,1,0.0003706
299,&thorn;ysum,<code>&amp;t;ysum</code>,1,0.0003706
299,a,<code>a</code>,1,0.0003706
299,ab,<code>ab</code>,1,0.0003706
299,ab&aelig;r,<code>ab&amp;ae;r</code>,1,0.0003706
299,abiddan,<code>abiddan</code>,1,0.0003706
299,abuge,<code>abuge</code>,1,0.0003706
299,acenned,<code>acenned</code>,1,0.0003706
299,acennede,<code>acennede</code>,1,0.0003706
299,adeada&eth;,<code>adeada&amp;d;</code>,1,0.0003706
299,adr&aelig;fed,<code>adr&amp;ae;fed</code>,1,0.0003706
299,afandian,<code>afandian</code>,1,0.0003706
299,afandode,<code>afandode</code>,1,0.0003706
299,afaren,<code>afaren</code>,1,0.0003706
299,afeallan,<code>afeallan</code>,1,0.0003706
299,agen,<code>agen</code>,1,0.0003706
299,agene,<code>agene</code>,1,0.0003706
299,agenes,<code>agenes</code>,1,0.0003706
299,ahengon,<code>ahengon</code>,1,0.0003706
299,ahreas,<code>ahreas</code>,1,0.0003706
299,ahte,<code>ahte</code>,1,0.0003706
299,alyfed,<code>alyfed</code>,1,0.0003706
299,alyfede,<code>alyfede</code>,1,0.0003706
299,amen,<code>amen</code>,1,0.0003706
299,and,<code>and</code>,1,0.0003706
299,andfenge,<code>andfenge</code>,1,0.0003706
299,andweardan,<code>andweardan</code>,1,0.0003706
299,andwyrde,<code>andwyrde</code>,1,0.0003706
299,anginnes,<code>anginnes</code>,1,0.0003706
299,anwealde,<code>anwealde</code>,1,0.0003706
299,apostole,<code>apostole</code>,1,0.0003706
299,apostoles,<code>apostoles</code>,1,0.0003706
299,arison,<code>arison</code>,1,0.0003706
299,ascyred,<code>ascyred</code>,1,0.0003706
299,aslidon,<code>aslidon</code>,1,0.0003706
299,aslit,<code>aslit</code>,1,0.0003706
299,astrehte,<code>astrehte</code>,1,0.0003706
299,awearp,<code>awearp</code>,1,0.0003706
299,awendan,<code>awendan</code>,1,0.0003706
299,awyrdnesse,<code>awyrdnesse</code>,1,0.0003706
299,b&aelig;r,<code>b&amp;ae;r</code>,1,0.0003706
299,beboda,<code>beboda</code>,1,0.0003706
299,bebyt,<code>bebyt</code>,1,0.0003706
299,beforan,<code>beforan</code>,1,0.0003706
299,began,<code>began</code>,1,0.0003706
299,behaten,<code>behaten</code>,1,0.0003706
299,behet,<code>behet</code>,1,0.0003706
299,behofia&eth;,<code>behofia&amp;d;</code>,1,0.0003706
299,behofode,<code>behofode</code>,1,0.0003706
299,belocen,<code>belocen</code>,1,0.0003706
299,beo,<code>beo</code>,1,0.0003706
299,besencan,<code>besencan</code>,1,0.0003706
299,besetta&eth;,<code>besetta&amp;d;</code>,1,0.0003706
299,betan,<code>betan</code>,1,0.0003706
299,beteran,<code>beteran</code>,1,0.0003706
299,bewepa&eth;,<code>bewepa&amp;d;</code>,1,0.0003706
299,bidda&eth;,<code>bidda&amp;d;</code>,1,0.0003706
299,bidde,<code>bidde</code>,1,0.0003706
299,bigels,<code>bigels</code>,1,0.0003706
299,blissa,<code>blissa</code>,1,0.0003706
299,blisse,<code>blisse</code>,1,0.0003706
299,brecan,<code>brecan</code>,1,0.0003706
299,brucan,<code>brucan</code>,1,0.0003706
299,by&eth;,<code>by&amp;d;</code>,1,0.0003706
299,bysne,<code>bysne</code>,1,0.0003706
299,cl&aelig;nnysse,<code>cl&amp;ae;nnysse</code>,1,0.0003706
299,costnere,<code>costnere</code>,1,0.0003706
299,costnian,<code>costnian</code>,1,0.0003706
299,costnunga,<code>costnunga</code>,1,0.0003706
299,costnunge,<code>costnunge</code>,1,0.0003706
299,cu&eth;e,<code>cu&amp;d;e</code>,1,0.0003706
299,d&aelig;d,<code>d&amp;ae;d</code>,1,0.0003706
299,d&aelig;de,<code>d&amp;ae;de</code>,1,0.0003706
299,d&aelig;g,<code>d&amp;ae;g</code>,1,0.0003706
299,d&aelig;ge,<code>d&amp;ae;ge</code>,1,0.0003706
299,d&aelig;l,<code>d&amp;ae;l</code>,1,0.0003706
299,d&aelig;lan,<code>d&amp;ae;lan</code>,1,0.0003706
299,d&aelig;le,<code>d&amp;ae;le</code>,1,0.0003706
299,dagas,<code>dagas</code>,1,0.0003706
299,dea&eth;,<code>dea&amp;d;</code>,1,0.0003706
299,deofel,<code>deofel</code>,1,0.0003706
299,deofelgylde,<code>deofelgylde</code>,1,0.0003706
299,deoflum,<code>deoflum</code>,1,0.0003706
299,deopan,<code>deopan</code>,1,0.0003706
299,deopnesse,<code>deopnesse</code>,1,0.0003706
299,desertum,<code>desertum</code>,1,0.0003706
299,dihte,<code>dihte</code>,1,0.0003706
299,diofles,<code>diofles</code>,1,0.0003706
299,domesd&aelig;ge,<code>domesd&amp;ae;ge</code>,1,0.0003706
299,dominica,<code>dominica</code>,1,0.0003706
299,dranc,<code>dranc</code>,1,0.0003706
299,drihten,<code>drihten</code>,1,0.0003706
299,ductus,<code>ductus</code>,1,0.0003706
299,dyrstelice,<code>dyrstelice</code>,1,0.0003706
299,dyrstignys,<code>dyrstignys</code>,1,0.0003706
299,dyrstignyss,<code>dyrstignyss</code>,1,0.0003706
299,dyslicum,<code>dyslicum</code>,1,0.0003706
299,ea&eth;elice,<code>ea&amp;d;elice</code>,1,0.0003706
299,ea&eth;mod,<code>ea&amp;d;mod</code>,1,0.0003706
299,ea&eth;modnyss,<code>ea&amp;d;modnyss</code>,1,0.0003706
299,eadige,<code>eadige</code>,1,0.0003706
299,eagan,<code>eagan</code>,1,0.0003706
299,ealda,<code>ealda</code>,1,0.0003706
299,ealdan,<code>ealdan</code>,1,0.0003706
299,eall,<code>eall</code>,1,0.0003706
299,eallswa,<code>eallswa</code>,1,0.0003706
299,earman,<code>earman</code>,1,0.0003706
299,earmra,<code>earmra</code>,1,0.0003706
299,earmum,<code>earmum</code>,1,0.0003706
299,easterd&aelig;ge,<code>easterd&amp;ae;ge</code>,1,0.0003706
299,ecan,<code>ecan</code>,1,0.0003706
299,ecum,<code>ecum</code>,1,0.0003706
299,ende,<code>ende</code>,1,0.0003706
299,engel,<code>engel</code>,1,0.0003706
299,engla,<code>engla</code>,1,0.0003706
299,eom,<code>eom</code>,1,0.0003706
299,eor&eth;e,<code>eor&amp;d;e</code>,1,0.0003706
299,eor&eth;licum,<code>eor&amp;d;licum</code>,1,0.0003706
299,eowre,<code>eowre</code>,1,0.0003706
299,eowrum,<code>eowrum</code>,1,0.0003706
299,est,<code>est</code>,1,0.0003706
299,eta&eth;,<code>eta&amp;d;</code>,1,0.0003706
299,etan,<code>etan</code>,1,0.0003706
299,ett,<code>ett</code>,1,0.0003706
299,f&aelig;st,<code>f&amp;ae;st</code>,1,0.0003706
299,f&aelig;stan,<code>f&amp;ae;stan</code>,1,0.0003706
299,f&aelig;stenum,<code>f&amp;ae;stenum</code>,1,0.0003706
299,fanda,<code>fanda</code>,1,0.0003706
299,fanda&eth;,<code>fanda&amp;d;</code>,1,0.0003706
299,fandunge,<code>fandunge</code>,1,0.0003706
299,fara&eth;,<code>fara&amp;d;</code>,1,0.0003706
299,feal,<code>feal</code>,1,0.0003706
299,feo,<code>feo</code>,1,0.0003706
299,ferdon,<code>ferdon</code>,1,0.0003706
299,fif,<code>fif</code>,1,0.0003706
299,fl&aelig;sc,<code>fl&amp;ae;sc</code>,1,0.0003706
299,fl&aelig;sce,<code>fl&amp;ae;sce</code>,1,0.0003706
299,fl&aelig;sces,<code>fl&amp;ae;sces</code>,1,0.0003706
299,forbodenan,<code>forbodenan</code>,1,0.0003706
299,forbuga&eth;,<code>forbuga&amp;d;</code>,1,0.0003706
299,fordon,<code>fordon</code>,1,0.0003706
299,foreode,<code>foreode</code>,1,0.0003706
299,forgilt,<code>forgilt</code>,1,0.0003706
299,forh&aelig;fdnysse,<code>forh&amp;ae;fdnysse</code>,1,0.0003706
299,forseo&eth;,<code>forseo&amp;d;</code>,1,0.0003706
299,forseoh,<code>forseoh</code>,1,0.0003706
299,forweorna&eth;,<code>forweorna&amp;d;</code>,1,0.0003706
299,frumscapenan,<code>frumscapenan</code>,1,0.0003706
299,frym&eth;e,<code>frym&amp;d;e</code>,1,0.0003706
299,fulfremede,<code>fulfremede</code>,1,0.0003706
299,fulg&aelig;&eth;,<code>fulg&amp;ae;&amp;d;</code>,1,0.0003706
299,fultummes,<code>fultummes</code>,1,0.0003706
299,fylste,<code>fylste</code>,1,0.0003706
299,fyre,<code>fyre</code>,1,0.0003706
299,gaan,<code>gaan</code>,1,0.0003706
299,gast,<code>gast</code>,1,0.0003706
299,gaste,<code>gaste</code>,1,0.0003706
299,ge&eth;afode,<code>ge&amp;d;afode</code>,1,0.0003706
299,ge&eth;afunge,<code>ge&amp;d;afunge</code>,1,0.0003706
299,ge&eth;eon,<code>ge&amp;d;eon</code>,1,0.0003706
299,ge&eth;incg&eth;e,<code>ge&amp;d;incg&amp;d;e</code>,1,0.0003706
299,ge&eth;yld,<code>ge&amp;d;yld</code>,1,0.0003706
299,ge&eth;ylde,<code>ge&amp;d;ylde</code>,1,0.0003706
299,ge&thorn;afunge,<code>ge&amp;t;afunge</code>,1,0.0003706
299,ge&thorn;yld,<code>ge&amp;t;yld</code>,1,0.0003706
299,ge&thorn;ylde,<code>ge&amp;t;ylde</code>,1,0.0003706
299,ge&thorn;yldelice,<code>ge&amp;t;yldelice</code>,1,0.0003706
299,ge&thorn;yldige,<code>ge&amp;t;yldige</code>,1,0.0003706
299,gearcian,<code>gearcian</code>,1,0.0003706
299,geare,<code>geare</code>,1,0.0003706
299,gearlican,<code>gearlican</code>,1,0.0003706
299,gebidde,<code>gebidde</code>,1,0.0003706
299,gebide,<code>gebide</code>,1,0.0003706
299,gebigde,<code>gebigde</code>,1,0.0003706
299,gebiged,<code>gebiged</code>,1,0.0003706
299,gebro&eth;ra,<code>gebro&amp;d;ra</code>,1,0.0003706
299,gecwem&eth;,<code>gecwem&amp;d;</code>,1,0.0003706
299,gecwemednysse,<code>gecwemednysse</code>,1,0.0003706
299,gedauenlic,<code>gedauenlic</code>,1,0.0003706
299,geferan,<code>geferan</code>,1,0.0003706
299,geflit,<code>geflit</code>,1,0.0003706
299,gefrefra,<code>gefrefra</code>,1,0.0003706
299,gefrefrode,<code>gefrefrode</code>,1,0.0003706
299,gefyllednyss,<code>gefyllednyss</code>,1,0.0003706
299,geh&aelig;ft,<code>geh&amp;ae;ft</code>,1,0.0003706
299,geh&aelig;fte,<code>geh&amp;ae;fte</code>,1,0.0003706
299,gehealda&eth;,<code>gehealda&amp;d;</code>,1,0.0003706
299,gehelp,<code>gehelp</code>,1,0.0003706
299,gehyrdon,<code>gehyrdon</code>,1,0.0003706
299,geinnian,<code>geinnian</code>,1,0.0003706
299,gel&aelig;d,<code>gel&amp;ae;d</code>,1,0.0003706
299,geleafan,<code>geleafan</code>,1,0.0003706
299,gelic,<code>gelic</code>,1,0.0003706
299,gelogod,<code>gelogod</code>,1,0.0003706
299,gelustfullunge,<code>gelustfullunge</code>,1,0.0003706
299,gelyfde,<code>gelyfde</code>,1,0.0003706
299,gelyfdon,<code>gelyfdon</code>,1,0.0003706
299,gemetum,<code>gemetum</code>,1,0.0003706
299,geneal&aelig;ca&eth;,<code>geneal&amp;ae;ca&amp;d;</code>,1,0.0003706
299,geneal&aelig;can,<code>geneal&amp;ae;can</code>,1,0.0003706
299,geneal&aelig;hte,<code>geneal&amp;ae;hte</code>,1,0.0003706
299,genumen,<code>genumen</code>,1,0.0003706
299,geny&eth;erode,<code>geny&amp;d;erode</code>,1,0.0003706
299,genyman,<code>genyman</code>,1,0.0003706
299,geond,<code>geond</code>,1,0.0003706
299,georne,<code>georne</code>,1,0.0003706
299,gereht,<code>gereht</code>,1,0.0003706
299,gesawe,<code>gesawe</code>,1,0.0003706
299,gescad,<code>gescad</code>,1,0.0003706
299,gesceaft,<code>gesceaft</code>,1,0.0003706
299,gesceapene,<code>gesceapene</code>,1,0.0003706
299,gescota&eth;,<code>gescota&amp;d;</code>,1,0.0003706
299,geseh,<code>geseh</code>,1,0.0003706
299,geseo,<code>geseo</code>,1,0.0003706
299,geseon,<code>geseon</code>,1,0.0003706
299,get&aelig;le,<code>get&amp;ae;le</code>,1,0.0003706
299,geteald,<code>geteald</code>,1,0.0003706
299,gewilnunge,<code>gewilnunge</code>,1,0.0003706
299,gewite,<code>gewite</code>,1,0.0003706
299,gewriten,<code>gewriten</code>,1,0.0003706
299,gewritu,<code>gewritu</code>,1,0.0003706
299,gewylde,<code>gewylde</code>,1,0.0003706
299,gilplic,<code>gilplic</code>,1,0.0003706
299,gitsung,<code>gitsung</code>,1,0.0003706
299,godcundnysse,<code>godcundnysse</code>,1,0.0003706
299,godnysse,<code>godnysse</code>,1,0.0003706
299,godspel,<code>godspel</code>,1,0.0003706
299,godspelles,<code>godspelles</code>,1,0.0003706
299,goodan,<code>goodan</code>,1,0.0003706
299,graman,<code>graman</code>,1,0.0003706
299,gyf,<code>gyf</code>,1,0.0003706
299,gymeleaste,<code>gymeleaste</code>,1,0.0003706
299,h&aelig;lende,<code>h&amp;ae;lende</code>,1,0.0003706
299,h&aelig;lendes,<code>h&amp;ae;lendes</code>,1,0.0003706
299,habba&eth;,<code>habba&amp;d;</code>,1,0.0003706
299,halga,<code>halga</code>,1,0.0003706
299,heafodleahter,<code>heafodleahter</code>,1,0.0003706
299,heahre,<code>heahre</code>,1,0.0003706
299,healdenne,<code>healdenne</code>,1,0.0003706
299,helias,<code>helias</code>,1,0.0003706
299,helle,<code>helle</code>,1,0.0003706
299,hellewite,<code>hellewite</code>,1,0.0003706
299,heofenum,<code>heofenum</code>,1,0.0003706
299,heofian,<code>heofian</code>,1,0.0003706
299,heofonan,<code>heofonan</code>,1,0.0003706
299,heortum,<code>heortum</code>,1,0.0003706
299,heretoga,<code>heretoga</code>,1,0.0003706
299,herion,<code>herion</code>,1,0.0003706
299,hie,<code>hie</code>,1,0.0003706
299,hiht,<code>hiht</code>,1,0.0003706
299,hingra&eth;,<code>hingra&amp;d;</code>,1,0.0003706
299,hlaf,<code>hlaf</code>,1,0.0003706
299,hlaford,<code>hlaford</code>,1,0.0003706
299,hlihga&eth;,<code>hlihga&amp;d;</code>,1,0.0003706
299,hold,<code>hold</code>,1,0.0003706
299,hrepede,<code>hrepede</code>,1,0.0003706
299,hu,<code>hu</code>,1,0.0003706
299,hund,<code>hund</code>,1,0.0003706
299,hundfealdum,<code>hundfealdum</code>,1,0.0003706
299,hungrium,<code>hungrium</code>,1,0.0003706
299,huru,<code>huru</code>,1,0.0003706
299,huse,<code>huse</code>,1,0.0003706
299,hw&aelig;&eth;er,<code>hw&amp;ae;&amp;d;er</code>,1,0.0003706
299,hw&aelig;r,<code>hw&amp;ae;r</code>,1,0.0003706
299,hwilon,<code>hwilon</code>,1,0.0003706
299,hwilwendlicum,<code>hwilwendlicum</code>,1,0.0003706
299,hy,<code>hy</code>,1,0.0003706
299,hyne,<code>hyne</code>,1,0.0003706
299,hyrdum,<code>hyrdum</code>,1,0.0003706
299,hyre,<code>hyre</code>,1,0.0003706
299,i,<code>i</code>,1,0.0003706
299,idelre,<code>idelre</code>,1,0.0003706
299,idelum,<code>idelum</code>,1,0.0003706
299,iesus,<code>iesus</code>,1,0.0003706
299,imbhwyrft,<code>imbhwyrft</code>,1,0.0003706
299,inf&aelig;re,<code>inf&amp;ae;re</code>,1,0.0003706
299,iohanne,<code>iohanne</code>,1,0.0003706
299,l&aelig;d,<code>l&amp;ae;d</code>,1,0.0003706
299,l&aelig;dde,<code>l&amp;ae;dde</code>,1,0.0003706
299,l&aelig;sse,<code>l&amp;ae;sse</code>,1,0.0003706
299,l&aelig;ta&eth;,<code>l&amp;ae;ta&amp;d;</code>,1,0.0003706
299,land,<code>land</code>,1,0.0003706
299,langum,<code>langum</code>,1,0.0003706
299,larum,<code>larum</code>,1,0.0003706
299,leah,<code>leah</code>,1,0.0003706
299,leahtrum,<code>leahtrum</code>,1,0.0003706
299,leas,<code>leas</code>,1,0.0003706
299,leasung&#275;,<code>leasung&amp;e;</code>,1,0.0003706
299,leasungum,<code>leasungum</code>,1,0.0003706
299,leofodon,<code>leofodon</code>,1,0.0003706
299,lima,<code>lima</code>,1,0.0003706
299,lofe,<code>lofe</code>,1,0.0003706
299,lufia&eth;,<code>lufia&amp;d;</code>,1,0.0003706
299,lufon,<code>lufon</code>,1,0.0003706
299,lustas,<code>lustas</code>,1,0.0003706
299,ly&thorn;ra,<code>ly&amp;t;ra</code>,1,0.0003706
299,ly&thorn;rum,<code>ly&amp;t;rum</code>,1,0.0003706
299,lybba&eth;,<code>lybba&amp;d;</code>,1,0.0003706
299,lyma,<code>lyma</code>,1,0.0003706
299,lymu,<code>lymu</code>,1,0.0003706
299,m&aelig;dene,<code>m&amp;ae;dene</code>,1,0.0003706
299,m&aelig;g,<code>m&amp;ae;g</code>,1,0.0003706
299,m&aelig;genleas,<code>m&amp;ae;genleas</code>,1,0.0003706
299,m&aelig;re,<code>m&amp;ae;re</code>,1,0.0003706
299,mancynn,<code>mancynn</code>,1,0.0003706
299,maran,<code>maran</code>,1,0.0003706
299,mede,<code>mede</code>,1,0.0003706
299,men,<code>men</code>,1,0.0003706
299,metta,<code>metta</code>,1,0.0003706
299,mettum,<code>mettum</code>,1,0.0003706
299,micelre,<code>micelre</code>,1,0.0003706
299,miclum,<code>miclum</code>,1,0.0003706
299,mod,<code>mod</code>,1,0.0003706
299,modes,<code>modes</code>,1,0.0003706
299,mon&eth;um,<code>mon&amp;d;um</code>,1,0.0003706
299,mona,<code>mona</code>,1,0.0003706
299,moste,<code>moste</code>,1,0.0003706
299,mote,<code>mote</code>,1,0.0003706
299,moyses,<code>moyses</code>,1,0.0003706
299,n&aelig;fre,<code>n&amp;ae;fre</code>,1,0.0003706
299,nacodne,<code>nacodne</code>,1,0.0003706
299,nahte,<code>nahte</code>,1,0.0003706
299,nama,<code>nama</code>,1,0.0003706
299,naman,<code>naman</code>,1,0.0003706
299,nella&eth;,<code>nella&amp;d;</code>,1,0.0003706
299,neode,<code>neode</code>,1,0.0003706
299,ni&eth;er,<code>ni&amp;d;er</code>,1,0.0003706
299,ni&eth;erhreosende,<code>ni&amp;d;erhreosende</code>,1,0.0003706
299,nim&eth;,<code>nim&amp;d;</code>,1,0.0003706
299,noldon,<code>noldon</code>,1,0.0003706
299,ny&eth;er,<code>ny&amp;d;er</code>,1,0.0003706
299,ny&thorn;er,<code>ny&amp;t;er</code>,1,0.0003706
299,nydan,<code>nydan</code>,1,0.0003706
299,nytenu,<code>nytenu</code>,1,0.0003706
299,nywelnysse,<code>nywelnysse</code>,1,0.0003706
299,o&eth;erne,<code>o&amp;d;erne</code>,1,0.0003706
299,o&eth;ra,<code>o&amp;d;ra</code>,1,0.0003706
299,o&eth;re,<code>o&amp;d;re</code>,1,0.0003706
299,oferdraf,<code>oferdraf</code>,1,0.0003706
299,oferflowednysse,<code>oferflowednysse</code>,1,0.0003706
299,oferr&aelig;dan,<code>oferr&amp;ae;dan</code>,1,0.0003706
299,oferswy&eth;de,<code>oferswy&amp;d;de</code>,1,0.0003706
299,ofslogon,<code>ofslogon</code>,1,0.0003706
299,oftihst,<code>oftihst</code>,1,0.0003706
299,onbryrd,<code>onbryrd</code>,1,0.0003706
299,onbyrigde,<code>onbyrigde</code>,1,0.0003706
299,ondr&aelig;de,<code>ondr&amp;ae;de</code>,1,0.0003706
299,onhagie,<code>onhagie</code>,1,0.0003706
299,onscunian,<code>onscunian</code>,1,0.0003706
299,onscunode,<code>onscunode</code>,1,0.0003706
299,pleoh,<code>pleoh</code>,1,0.0003706
299,qvadragessima,<code>qvadragessima</code>,1,0.0003706
299,r&aelig;dde,<code>r&amp;ae;dde</code>,1,0.0003706
299,race,<code>race</code>,1,0.0003706
299,re&eth;um,<code>re&amp;d;um</code>,1,0.0003706
299,reccenne,<code>reccenne</code>,1,0.0003706
299,reliqua,<code>reliqua</code>,1,0.0003706
299,rice,<code>rice</code>,1,0.0003706
299,rixa&eth;,<code>rixa&amp;d;</code>,1,0.0003706
299,s&aelig;,<code>s&amp;ae;</code>,1,0.0003706
299,s&aelig;de,<code>s&amp;ae;de</code>,1,0.0003706
299,saca,<code>saca</code>,1,0.0003706
299,sceocca,<code>sceocca</code>,1,0.0003706
299,sceolde,<code>sceolde</code>,1,0.0003706
299,sceole,<code>sceole</code>,1,0.0003706
299,sceotan,<code>sceotan</code>,1,0.0003706
299,sceut,<code>sceut</code>,1,0.0003706
299,scole,<code>scole</code>,1,0.0003706
299,scolun,<code>scolun</code>,1,0.0003706
299,scryd,<code>scryd</code>,1,0.0003706
299,scucca,<code>scucca</code>,1,0.0003706
299,scute,<code>scute</code>,1,0.0003706
299,sealde,<code>sealde</code>,1,0.0003706
299,si&eth;e,<code>si&amp;d;e</code>,1,0.0003706
299,sibbe,<code>sibbe</code>,1,0.0003706
299,sindon,<code>sindon</code>,1,0.0003706
299,sint,<code>sint</code>,1,0.0003706
299,sixtig,<code>sixtig</code>,1,0.0003706
299,smeade,<code>smeade</code>,1,0.0003706
299,so&eth;f&aelig;stnys,<code>so&amp;d;f&amp;ae;stnys</code>,1,0.0003706
299,so&eth;lice,<code>so&amp;d;lice</code>,1,0.0003706
299,so&eth;re,<code>so&amp;d;re</code>,1,0.0003706
299,sparige,<code>sparige</code>,1,0.0003706
299,spellunge,<code>spellunge</code>,1,0.0003706
299,spiritu,<code>spiritu</code>,1,0.0003706
299,strang,<code>strang</code>,1,0.0003706
299,sum,<code>sum</code>,1,0.0003706
299,sumes,<code>sumes</code>,1,0.0003706
299,sunnandagas,<code>sunnandagas</code>,1,0.0003706
299,sunne,<code>sunne</code>,1,0.0003706
299,swi&eth;or,<code>swi&amp;d;or</code>,1,0.0003706
299,swilce,<code>swilce</code>,1,0.0003706
299,sy&thorn;&eth;an,<code>sy&amp;t;&amp;d;an</code>,1,0.0003706
299,sybbe,<code>sybbe</code>,1,0.0003706
299,syle,<code>syle</code>,1,0.0003706
299,sylfe,<code>sylfe</code>,1,0.0003706
299,syllan,<code>syllan</code>,1,0.0003706
299,synfullum,<code>synfullum</code>,1,0.0003706
299,synna,<code>synna</code>,1,0.0003706
299,synne,<code>synne</code>,1,0.0003706
299,t&aelig;l&eth;,<code>t&amp;ae;l&amp;d;</code>,1,0.0003706
299,temple,<code>temple</code>,1,0.0003706
299,teo&eth;ia&eth;,<code>teo&amp;d;ia&amp;d;</code>,1,0.0003706
299,teo&eth;ian,<code>teo&amp;d;ian</code>,1,0.0003706
299,teo&eth;incgdagas,<code>teo&amp;d;incgdagas</code>,1,0.0003706
299,teo&eth;ingdagas,<code>teo&amp;d;ingdagas</code>,1,0.0003706
299,teo&eth;ingdagum,<code>teo&amp;d;ingdagum</code>,1,0.0003706
299,teo&eth;unge,<code>teo&amp;d;unge</code>,1,0.0003706
299,teolunge,<code>teolunge</code>,1,0.0003706
299,tid,<code>tid</code>,1,0.0003706
299,tide,<code>tide</code>,1,0.0003706
299,tihtinge,<code>tihtinge</code>,1,0.0003706
299,tobr&aelig;c,<code>tobr&amp;ae;c</code>,1,0.0003706
299,tobrocen,<code>tobrocen</code>,1,0.0003706
299,tocyme,<code>tocyme</code>,1,0.0003706
299,traht,<code>traht</code>,1,0.0003706
299,trahtnian,<code>trahtnian</code>,1,0.0003706
299,treowe,<code>treowe</code>,1,0.0003706
299,truwan,<code>truwan</code>,1,0.0003706
299,tunglan,<code>tunglan</code>,1,0.0003706
299,twa,<code>twa</code>,1,0.0003706
299,twelf,<code>twelf</code>,1,0.0003706
299,twynung,<code>twynung</code>,1,0.0003706
299,tyht,<code>tyht</code>,1,0.0003706
299,tyhte,<code>tyhte</code>,1,0.0003706
299,tyhtincge,<code>tyhtincge</code>,1,0.0003706
299,tyhting,<code>tyhting</code>,1,0.0003706
299,underfon,<code>underfon</code>,1,0.0003706
299,understandan,<code>understandan</code>,1,0.0003706
299,ungewis,<code>ungewis</code>,1,0.0003706
299,ungewiss,<code>ungewiss</code>,1,0.0003706
299,unrihtwisra,<code>unrihtwisra</code>,1,0.0003706
299,up,<code>up</code>,1,0.0003706
299,w&aelig;ccum,<code>w&amp;ae;ccum</code>,1,0.0003706
299,w&aelig;dlan,<code>w&amp;ae;dlan</code>,1,0.0003706
299,w&aelig;ron,<code>w&amp;ae;ron</code>,1,0.0003706
299,w&aelig;ter,<code>w&amp;ae;ter</code>,1,0.0003706
299,w&aelig;tes,<code>w&amp;ae;tes</code>,1,0.0003706
299,wa,<code>wa</code>,1,0.0003706
299,wear&eth;,<code>wear&amp;d;</code>,1,0.0003706
299,wend,<code>wend</code>,1,0.0003706
299,wendan,<code>wendan</code>,1,0.0003706
299,wende,<code>wende</code>,1,0.0003706
299,weorc,<code>weorc</code>,1,0.0003706
299,weorce,<code>weorce</code>,1,0.0003706
299,weorcum,<code>weorcum</code>,1,0.0003706
299,weornigende,<code>weornigende</code>,1,0.0003706
299,wepa&eth;,<code>wepa&amp;d;</code>,1,0.0003706
299,wepan,<code>wepan</code>,1,0.0003706
299,westene,<code>westene</code>,1,0.0003706
299,westenne,<code>westenne</code>,1,0.0003706
299,wi&eth;,<code>wi&amp;d;</code>,1,0.0003706
299,wi&eth;innan,<code>wi&amp;d;innan</code>,1,0.0003706
299,wi&eth;saca&eth;,<code>wi&amp;d;saca&amp;d;</code>,1,0.0003706
299,wi&eth;standan,<code>wi&amp;d;standan</code>,1,0.0003706
299,wi&eth;stod,<code>wi&amp;d;stod</code>,1,0.0003706
299,wi&eth;utan,<code>wi&amp;d;utan</code>,1,0.0003706
299,wifes,<code>wifes</code>,1,0.0003706
299,wile,<code>wile</code>,1,0.0003706
299,wille,<code>wille</code>,1,0.0003706
299,wine,<code>wine</code>,1,0.0003706
299,wison,<code>wison</code>,1,0.0003706
299,wisum,<code>wisum</code>,1,0.0003706
299,wite,<code>wite</code>,1,0.0003706
299,witega,<code>witega</code>,1,0.0003706
299,woldon,<code>woldon</code>,1,0.0003706
299,worde,<code>worde</code>,1,0.0003706
299,worigende,<code>worigende</code>,1,0.0003706
299,wrace,<code>wrace</code>,1,0.0003706
299,wuldrian,<code>wuldrian</code>,1,0.0003706
299,wunderlic,<code>wunderlic</code>,1,0.0003706
299,wundra&eth;,<code>wundra&amp;d;</code>,1,0.0003706
299,wundres,<code>wundres</code>,1,0.0003706
299,wunia&eth;,<code>wunia&amp;d;</code>,1,0.0003706
299,wurdon,<code>wurdon</code>,1,0.0003706
299,wyle,<code>wyle</code>,1,0.0003706
299,wyr&eth;e,<code>wyr&amp;d;e</code>,1,0.0003706
299,wyr&eth;myntes,<code>wyr&amp;d;myntes</code>,1,0.0003706
299,wyrsan,<code>wyrsan</code>,1,0.0003706
299,ydele,<code>ydele</code>,1,0.0003706
299,yfeles,<code>yfeles</code>,1,0.0003706
299,yfelum,<code>yfelum</code>,1,0.0003706
299,ymbryne,<code>ymbryne</code>,1,0.0003706
