B_Prose,B01,B01.002.007_AECHom_II__6_T02570.txt,798,578,1969
RANK,HTML WORD,RAW WORD,COUNT,RELATIVE FREQUENCY
1,and,<code>and</code>,82,0.0416455
2,&thorn;&aelig;t,<code>&amp;t;&amp;ae;t</code>,68,0.0345353
3,on,<code>on</code>,43,0.0218385
4,&eth;a,<code>&amp;d;a</code>,41,0.0208228
5,hi,<code>hi</code>,40,0.0203149
6,&eth;e,<code>&amp;d;e</code>,39,0.0198070
7,to,<code>to</code>,32,0.0162519
8,he,<code>he</code>,31,0.0157440
9,ne,<code>ne</code>,30,0.0152362
10,godes,<code>godes</code>,28,0.0142204
11,mid,<code>mid</code>,27,0.0137125
12,his,<code>his</code>,26,0.0132047
13,se,<code>se</code>,25,0.0126968
14,for,<code>for</code>,20,0.0101574
14,is,<code>is</code>,20,0.0101574
16,&eth;am,<code>&amp;d;am</code>,19,0.0096496
16,&thorn;e,<code>&amp;t;e</code>,19,0.0096496
16,sind,<code>sind</code>,19,0.0096496
19,swa,<code>swa</code>,17,0.0086338
20,heora,<code>heora</code>,16,0.0081260
20,hit,<code>hit</code>,16,0.0081260
22,word,<code>word</code>,15,0.0076181
23,him,<code>him</code>,14,0.0071102
24,&eth;an,<code>&amp;d;an</code>,13,0.0066023
24,&thorn;a,<code>&amp;t;a</code>,13,0.0066023
26,s&aelig;d,<code>s&amp;ae;d</code>,12,0.0060945
26,w&aelig;stm,<code>w&amp;ae;stm</code>,12,0.0060945
28,&thorn;onne,<code>&amp;t;onne</code>,11,0.0055866
28,seo,<code>seo</code>,11,0.0055866
28,we,<code>we</code>,11,0.0055866
31,ac,<code>ac</code>,10,0.0050787
31,be,<code>be</code>,10,0.0050787
31,ge,<code>ge</code>,10,0.0050787
31,gode,<code>gode</code>,10,0.0050787
31,sum,<code>sum</code>,10,0.0050787
36,&eth;onne,<code>&amp;d;onne</code>,9,0.0045708
36,fram,<code>fram</code>,9,0.0045708
38,heortan,<code>heortan</code>,8,0.0040630
38,hw&aelig;t,<code>hw&amp;ae;t</code>,8,0.0040630
38,n&aelig;nne,<code>n&amp;ae;nne</code>,8,0.0040630
41,&eth;&aelig;s,<code>&amp;d;&amp;ae;s</code>,7,0.0035551
41,&thorn;urh,<code>&amp;t;urh</code>,7,0.0035551
41,drihten,<code>drihten</code>,7,0.0035551
41,menn,<code>menn</code>,7,0.0035551
41,sume,<code>sume</code>,7,0.0035551
41,welan,<code>welan</code>,7,0.0035551
47,&thorn;&aelig;s,<code>&amp;t;&amp;ae;s</code>,6,0.0030472
47,&thorn;am,<code>&amp;t;am</code>,6,0.0030472
47,bi&eth;,<code>bi&amp;d;</code>,6,0.0030472
47,buton,<code>buton</code>,6,0.0030472
47,cw&aelig;&eth;,<code>cw&amp;ae;&amp;d;</code>,6,0.0030472
47,d&aelig;l,<code>d&amp;ae;l</code>,6,0.0030472
47,gif,<code>gif</code>,6,0.0030472
47,o&eth;&eth;e,<code>o&amp;d;&amp;d;e</code>,6,0.0030472
47,s&aelig;des,<code>s&amp;ae;des</code>,6,0.0030472
56,&eth;&aelig;ra,<code>&amp;d;&amp;ae;ra</code>,5,0.0025394
56,befeoll,<code>befeoll</code>,5,0.0025394
56,betwux,<code>betwux</code>,5,0.0025394
56,ge&eth;ylde,<code>ge&amp;d;ylde</code>,5,0.0025394
56,gehyra&eth;,<code>gehyra&amp;d;</code>,5,0.0025394
56,hine,<code>hine</code>,5,0.0025394
56,lande,<code>lande</code>,5,0.0025394
56,lare,<code>lare</code>,5,0.0025394
56,of,<code>of</code>,5,0.0025394
56,s&aelig;de,<code>s&amp;ae;de</code>,5,0.0025394
56,sylf,<code>sylf</code>,5,0.0025394
56,us,<code>us</code>,5,0.0025394
68,&eth;ing,<code>&amp;d;ing</code>,4,0.0020315
68,&eth;isum,<code>&amp;d;isum</code>,4,0.0020315
68,&eth;ornas,<code>&amp;d;ornas</code>,4,0.0020315
68,&thorn;is,<code>&amp;t;is</code>,4,0.0020315
68,becom,<code>becom</code>,4,0.0020315
68,bigspel,<code>bigspel</code>,4,0.0020315
68,cym&eth;,<code>cym&amp;d;</code>,4,0.0020315
68,fugelas,<code>fugelas</code>,4,0.0020315
68,ge&eth;yld,<code>ge&amp;d;yld</code>,4,0.0020315
68,halige,<code>halige</code>,4,0.0020315
68,lustum,<code>lustum</code>,4,0.0020315
68,nanum,<code>nanum</code>,4,0.0020315
68,o&eth;rum,<code>o&amp;d;rum</code>,4,0.0020315
68,swi&eth;e,<code>swi&amp;d;e</code>,4,0.0020315
68,timan,<code>timan</code>,4,0.0020315
68,wege,<code>wege</code>,4,0.0020315
84,&aelig;fter,<code>&amp;ae;fter</code>,3,0.0015236
84,&aelig;t,<code>&amp;ae;t</code>,3,0.0015236
84,&eth;i,<code>&amp;d;i</code>,3,0.0015236
84,&eth;ornum,<code>&amp;d;ornum</code>,3,0.0015236
84,&thorn;es,<code>&amp;t;es</code>,3,0.0015236
84,beo&eth;,<code>beo&amp;d;</code>,3,0.0015236
84,beon,<code>beon</code>,3,0.0015236
84,bringa&eth;,<code>bringa&amp;d;</code>,3,0.0015236
84,cu&eth;e,<code>cu&amp;d;e</code>,3,0.0015236
84,do&eth;,<code>do&amp;d;</code>,3,0.0015236
84,efne,<code>efne</code>,3,0.0015236
84,eor&eth;e,<code>eor&amp;d;e</code>,3,0.0015236
84,eow,<code>eow</code>,3,0.0015236
84,gedafena&eth;,<code>gedafena&amp;d;</code>,3,0.0015236
84,godre,<code>godre</code>,3,0.0015236
84,godum,<code>godum</code>,3,0.0015236
84,gregorius,<code>gregorius</code>,3,0.0015236
84,h&aelig;bbe,<code>h&amp;ae;bbe</code>,3,0.0015236
84,healda&eth;,<code>healda&amp;d;</code>,3,0.0015236
84,hundfealdne,<code>hundfealdne</code>,3,0.0015236
84,lifes,<code>lifes</code>,3,0.0015236
84,mann,<code>mann</code>,3,0.0015236
84,mod,<code>mod</code>,3,0.0015236
84,o&eth;er,<code>o&amp;d;er</code>,3,0.0015236
84,s&aelig;dere,<code>s&amp;ae;dere</code>,3,0.0015236
84,samod,<code>samod</code>,3,0.0015236
84,sawla,<code>sawla</code>,3,0.0015236
84,singallice,<code>singallice</code>,3,0.0015236
84,sixtigfealdne,<code>sixtigfealdne</code>,3,0.0015236
84,so&eth;lice,<code>so&amp;d;lice</code>,3,0.0015236
84,sprang,<code>sprang</code>,3,0.0015236
84,sylfne,<code>sylfne</code>,3,0.0015236
84,ure,<code>ure</code>,3,0.0015236
84,wear&eth;,<code>wear&amp;d;</code>,3,0.0015236
84,wolde,<code>wolde</code>,3,0.0015236
119,&aelig;lc,<code>&amp;ae;lc</code>,2,0.0010157
119,&aelig;r,<code>&amp;ae;r</code>,2,0.0010157
119,&aelig;we,<code>&amp;ae;we</code>,2,0.0010157
119,&eth;eah,<code>&amp;d;eah</code>,2,0.0010157
119,&eth;eowum,<code>&amp;d;eowum</code>,2,0.0010157
119,&eth;is,<code>&amp;d;is</code>,2,0.0010157
119,&eth;one,<code>&amp;d;one</code>,2,0.0010157
119,&eth;urh,<code>&amp;d;urh</code>,2,0.0010157
119,&thorn;&aelig;ra,<code>&amp;t;&amp;ae;ra</code>,2,0.0010157
119,&thorn;as,<code>&amp;t;as</code>,2,0.0010157
119,&thorn;enia&eth;,<code>&amp;t;enia&amp;d;</code>,2,0.0010157
119,&thorn;one,<code>&amp;t;one</code>,2,0.0010157
119,ageaf,<code>ageaf</code>,2,0.0010157
119,alyfed,<code>alyfed</code>,2,0.0010157
119,andgite,<code>andgite</code>,2,0.0010157
119,awrat,<code>awrat</code>,2,0.0010157
119,bera&eth;,<code>bera&amp;d;</code>,2,0.0010157
119,boca,<code>boca</code>,2,0.0010157
119,bufon,<code>bufon</code>,2,0.0010157
119,cild,<code>cild</code>,2,0.0010157
119,cildhade,<code>cildhade</code>,2,0.0010157
119,cl&aelig;nlice,<code>cl&amp;ae;nlice</code>,2,0.0010157
119,cl&aelig;nnyss,<code>cl&amp;ae;nnyss</code>,2,0.0010157
119,com,<code>com</code>,2,0.0010157
119,costnung,<code>costnung</code>,2,0.0010157
119,eac,<code>eac</code>,2,0.0010157
119,ealle,<code>ealle</code>,2,0.0010157
119,eallunge,<code>eallunge</code>,2,0.0010157
119,ealra,<code>ealra</code>,2,0.0010157
119,eor&eth;an,<code>eor&amp;d;an</code>,2,0.0010157
119,feoll,<code>feoll</code>,2,0.0010157
119,ferde,<code>ferde</code>,2,0.0010157
119,for&eth;,<code>for&amp;d;</code>,2,0.0010157
119,forsmorode,<code>forsmorode</code>,2,0.0010157
119,ge&eth;ohtum,<code>ge&amp;d;ohtum</code>,2,0.0010157
119,gebro&eth;ra,<code>gebro&amp;d;ra</code>,2,0.0010157
119,gebysgode,<code>gebysgode</code>,2,0.0010157
119,gehyre,<code>gehyre</code>,2,0.0010157
119,geleafan,<code>geleafan</code>,2,0.0010157
119,geopena&eth;,<code>geopena&amp;d;</code>,2,0.0010157
119,gesetnysse,<code>gesetnysse</code>,2,0.0010157
119,gestreone,<code>gestreone</code>,2,0.0010157
119,gesundfulnyssum,<code>gesundfulnyssum</code>,2,0.0010157
119,gifta,<code>gifta</code>,2,0.0010157
119,godan,<code>godan</code>,2,0.0010157
119,godne,<code>godne</code>,2,0.0010157
119,godra,<code>godra</code>,2,0.0010157
119,h&aelig;med,<code>h&amp;ae;med</code>,2,0.0010157
119,h&aelig;te,<code>h&amp;ae;te</code>,2,0.0010157
119,habba&eth;,<code>habba&amp;d;</code>,2,0.0010157
119,hade,<code>hade</code>,2,0.0010157
119,hades,<code>hades</code>,2,0.0010157
119,halgan,<code>halgan</code>,2,0.0010157
119,handa,<code>handa</code>,2,0.0010157
119,heofenlican,<code>heofenlican</code>,2,0.0010157
119,heorte,<code>heorte</code>,2,0.0010157
119,hire,<code>hire</code>,2,0.0010157
119,ic,<code>ic</code>,2,0.0010157
119,l&aelig;g,<code>l&amp;ae;g</code>,2,0.0010157
119,l&aelig;wedan,<code>l&amp;ae;wedan</code>,2,0.0010157
119,l&aelig;wede,<code>l&amp;ae;wede</code>,2,0.0010157
119,lease,<code>lease</code>,2,0.0010157
119,lustas,<code>lustas</code>,2,0.0010157
119,magon,<code>magon</code>,2,0.0010157
119,manna,<code>manna</code>,2,0.0010157
119,mannes,<code>mannes</code>,2,0.0010157
119,matheus,<code>matheus</code>,2,0.0010157
119,miccle,<code>miccle</code>,2,0.0010157
119,micel,<code>micel</code>,2,0.0010157
119,mine,<code>mine</code>,2,0.0010157
119,mislice,<code>mislice</code>,2,0.0010157
119,moder,<code>moder</code>,2,0.0010157
119,n&aelig;bbe,<code>n&amp;ae;bbe</code>,2,0.0010157
119,n&aelig;fde,<code>n&amp;ae;fde</code>,2,0.0010157
119,nan,<code>nan</code>,2,0.0010157
119,o&eth;,<code>o&amp;d;</code>,2,0.0010157
119,o&eth;re,<code>o&amp;d;re</code>,2,0.0010157
119,petrus,<code>petrus</code>,2,0.0010157
119,preostum,<code>preostum</code>,2,0.0010157
119,rice,<code>rice</code>,2,0.0010157
119,sang,<code>sang</code>,2,0.0010157
119,sawenne,<code>sawenne</code>,2,0.0010157
119,sceolon,<code>sceolon</code>,2,0.0010157
119,si&eth;&eth;an,<code>si&amp;d;&amp;d;an</code>,2,0.0010157
119,so&eth;an,<code>so&amp;d;an</code>,2,0.0010157
119,st&aelig;nigum,<code>st&amp;ae;nigum</code>,2,0.0010157
119,swi&eth;ost,<code>swi&amp;d;ost</code>,2,0.0010157
119,swilce,<code>swilce</code>,2,0.0010157
119,sy,<code>sy</code>,2,0.0010157
119,ungelimpum,<code>ungelimpum</code>,2,0.0010157
119,w&aelig;dla,<code>w&amp;ae;dla</code>,2,0.0010157
119,w&aelig;s,<code>w&amp;ae;s</code>,2,0.0010157
119,w&aelig;stmas,<code>w&amp;ae;stmas</code>,2,0.0010157
119,w&aelig;ta,<code>w&amp;ae;ta</code>,2,0.0010157
119,w&aelig;tan,<code>w&amp;ae;tan</code>,2,0.0010157
119,welum,<code>welum</code>,2,0.0010157
119,weorca,<code>weorca</code>,2,0.0010157
119,wif,<code>wif</code>,2,0.0010157
119,willa&eth;,<code>willa&amp;d;</code>,2,0.0010157
119,witodlice,<code>witodlice</code>,2,0.0010157
119,wyrtruman,<code>wyrtruman</code>,2,0.0010157
119,ymhidignyssa,<code>ymhidignyssa</code>,2,0.0010157
221,&aelig;cre,<code>&amp;ae;cre</code>,1,0.0005079
221,&aelig;fre,<code>&amp;ae;fre</code>,1,0.0005079
221,&aelig;hta,<code>&amp;ae;hta</code>,1,0.0005079
221,&aelig;htum,<code>&amp;ae;htum</code>,1,0.0005079
221,&aelig;l&eth;eodigan,<code>&amp;ae;l&amp;d;eodigan</code>,1,0.0005079
221,&aelig;l&eth;eodigum,<code>&amp;ae;l&amp;d;eodigum</code>,1,0.0005079
221,&aelig;lcum,<code>&amp;ae;lcum</code>,1,0.0005079
221,&aelig;lmessan,<code>&amp;ae;lmessan</code>,1,0.0005079
221,&aelig;tbret,<code>&amp;ae;tbret</code>,1,0.0005079
221,&aelig;tbrett,<code>&amp;ae;tbrett</code>,1,0.0005079
221,&aelig;ton,<code>&amp;ae;ton</code>,1,0.0005079
221,&eth;&aelig;re,<code>&amp;d;&amp;ae;re</code>,1,0.0005079
221,&eth;&aelig;rrihte,<code>&amp;d;&amp;ae;rrihte</code>,1,0.0005079
221,&eth;ancode,<code>&amp;d;ancode</code>,1,0.0005079
221,&eth;as,<code>&amp;d;as</code>,1,0.0005079
221,&eth;earfa,<code>&amp;d;earfa</code>,1,0.0005079
221,&eth;earfum,<code>&amp;d;earfum</code>,1,0.0005079
221,&eth;enode,<code>&amp;d;enode</code>,1,0.0005079
221,&eth;eowdome,<code>&amp;d;eowdome</code>,1,0.0005079
221,&eth;inenum,<code>&amp;d;inenum</code>,1,0.0005079
221,&eth;inga,<code>&amp;d;inga</code>,1,0.0005079
221,&eth;inge,<code>&amp;d;inge</code>,1,0.0005079
221,&eth;olige,<code>&amp;d;olige</code>,1,0.0005079
221,&eth;ritigfealdne,<code>&amp;d;ritigfealdne</code>,1,0.0005079
221,&eth;rittigfealdne,<code>&amp;d;rittigfealdne</code>,1,0.0005079
221,&eth;rittigfealdon,<code>&amp;d;rittigfealdon</code>,1,0.0005079
221,&eth;rotan,<code>&amp;d;rotan</code>,1,0.0005079
221,&eth;urhwunia&eth;,<code>&amp;d;urhwunia&amp;d;</code>,1,0.0005079
221,&eth;us,<code>&amp;d;us</code>,1,0.0005079
221,&eth;wyran,<code>&amp;d;wyran</code>,1,0.0005079
221,&eth;ysre,<code>&amp;d;ysre</code>,1,0.0005079
221,&eth;yssere,<code>&amp;d;yssere</code>,1,0.0005079
221,&thorn;eah,<code>&amp;t;eah</code>,1,0.0005079
221,&thorn;isum,<code>&amp;t;isum</code>,1,0.0005079
221,&thorn;reo,<code>&amp;t;reo</code>,1,0.0005079
221,&thorn;ritigfealdne,<code>&amp;t;ritigfealdne</code>,1,0.0005079
221,&thorn;urhwuna&eth;,<code>&amp;t;urhwuna&amp;d;</code>,1,0.0005079
221,&thorn;urhwunia&eth;,<code>&amp;t;urhwunia&amp;d;</code>,1,0.0005079
221,&thorn;us,<code>&amp;t;us</code>,1,0.0005079
221,&thorn;wyrlice,<code>&amp;t;wyrlice</code>,1,0.0005079
221,abreo&eth;a&eth;,<code>abreo&amp;d;a&amp;d;</code>,1,0.0005079
221,acwellon,<code>acwellon</code>,1,0.0005079
221,ad,<code>ad</code>,1,0.0005079
221,adr&aelig;fa&eth;,<code>adr&amp;ae;fa&amp;d;</code>,1,0.0005079
221,adw&aelig;scte,<code>adw&amp;ae;scte</code>,1,0.0005079
221,afylled,<code>afylled</code>,1,0.0005079
221,afyllede,<code>afyllede</code>,1,0.0005079
221,agenum,<code>agenum</code>,1,0.0005079
221,agif&eth;,<code>agif&amp;d;</code>,1,0.0005079
221,agifa&eth;,<code>agifa&amp;d;</code>,1,0.0005079
221,agustinus,<code>agustinus</code>,1,0.0005079
221,agyfa&eth;,<code>agyfa&amp;d;</code>,1,0.0005079
221,alyfedlice,<code>alyfedlice</code>,1,0.0005079
221,alyfedum,<code>alyfedum</code>,1,0.0005079
221,amen,<code>amen</code>,1,0.0005079
221,andgit,<code>andgit</code>,1,0.0005079
221,anr&aelig;dnys,<code>anr&amp;ae;dnys</code>,1,0.0005079
221,anr&aelig;dnysse,<code>anr&amp;ae;dnysse</code>,1,0.0005079
221,anum,<code>anum</code>,1,0.0005079
221,apostol,<code>apostol</code>,1,0.0005079
221,apostolas,<code>apostolas</code>,1,0.0005079
221,apostolican,<code>apostolican</code>,1,0.0005079
221,arf&aelig;stum,<code>arf&amp;ae;stum</code>,1,0.0005079
221,asleacia&eth;,<code>asleacia&amp;d;</code>,1,0.0005079
221,asprang,<code>asprang</code>,1,0.0005079
221,astodon,<code>astodon</code>,1,0.0005079
221,ateorode,<code>ateorode</code>,1,0.0005079
221,awende,<code>awende</code>,1,0.0005079
221,b&aelig;d,<code>b&amp;ae;d</code>,1,0.0005079
221,bearn,<code>bearn</code>,1,0.0005079
221,bearneacnigende,<code>bearneacnigende</code>,1,0.0005079
221,bearnes,<code>bearnes</code>,1,0.0005079
221,bearnteame,<code>bearnteame</code>,1,0.0005079
221,beboda,<code>beboda</code>,1,0.0005079
221,bebyriged,<code>bebyriged</code>,1,0.0005079
221,bec,<code>bec</code>,1,0.0005079
221,bedryda,<code>bedryda</code>,1,0.0005079
221,befeol,<code>befeol</code>,1,0.0005079
221,befon,<code>befon</code>,1,0.0005079
221,befrinon,<code>befrinon</code>,1,0.0005079
221,befyl&eth;,<code>befyl&amp;d;</code>,1,0.0005079
221,began,<code>began</code>,1,0.0005079
221,begeat,<code>begeat</code>,1,0.0005079
221,bel&aelig;fde,<code>bel&amp;ae;fde</code>,1,0.0005079
221,beladunge,<code>beladunge</code>,1,0.0005079
221,belimp&eth;,<code>belimp&amp;d;</code>,1,0.0005079
221,bep&aelig;ht,<code>bep&amp;ae;ht</code>,1,0.0005079
221,bete,<code>bete</code>,1,0.0005079
221,bewendan,<code>bewendan</code>,1,0.0005079
221,bidde,<code>bidde</code>,1,0.0005079
221,bigspellum,<code>bigspellum</code>,1,0.0005079
221,biscopa,<code>biscopa</code>,1,0.0005079
221,bl&aelig;d,<code>bl&amp;ae;d</code>,1,0.0005079
221,blisse,<code>blisse</code>,1,0.0005079
221,boclican,<code>boclican</code>,1,0.0005079
221,boclice,<code>boclice</code>,1,0.0005079
221,boclicere,<code>boclicere</code>,1,0.0005079
221,boclicum,<code>boclicum</code>,1,0.0005079
221,bosme,<code>bosme</code>,1,0.0005079
221,bot,<code>bot</code>,1,0.0005079
221,br&aelig;&eth;,<code>br&amp;ae;&amp;d;</code>,1,0.0005079
221,br&aelig;&eth;e,<code>br&amp;ae;&amp;d;e</code>,1,0.0005079
221,bro&eth;er,<code>bro&amp;d;er</code>,1,0.0005079
221,bruce,<code>bruce</code>,1,0.0005079
221,brucon,<code>brucon</code>,1,0.0005079
221,burgum,<code>burgum</code>,1,0.0005079
221,bysne,<code>bysne</code>,1,0.0005079
221,canon,<code>canon</code>,1,0.0005079
221,canonican,<code>canonican</code>,1,0.0005079
221,carum,<code>carum</code>,1,0.0005079
221,cepan,<code>cepan</code>,1,0.0005079
221,cl&aelig;nnys,<code>cl&amp;ae;nnys</code>,1,0.0005079
221,cl&aelig;num,<code>cl&amp;ae;num</code>,1,0.0005079
221,clypigende,<code>clypigende</code>,1,0.0005079
221,clypode,<code>clypode</code>,1,0.0005079
221,conueniret,<code>conueniret</code>,1,0.0005079
221,cristendome,<code>cristendome</code>,1,0.0005079
221,cristes,<code>cristes</code>,1,0.0005079
221,cu&eth;on,<code>cu&amp;d;on</code>,1,0.0005079
221,cum,<code>cum</code>,1,0.0005079
221,cuman,<code>cuman</code>,1,0.0005079
221,cunnon,<code>cunnon</code>,1,0.0005079
221,cwyde,<code>cwyde</code>,1,0.0005079
221,cydde,<code>cydde</code>,1,0.0005079
221,d&aelig;da,<code>d&amp;ae;da</code>,1,0.0005079
221,d&aelig;ges,<code>d&amp;ae;ges</code>,1,0.0005079
221,d&aelig;lde,<code>d&amp;ae;lde</code>,1,0.0005079
221,dare,<code>dare</code>,1,0.0005079
221,dea&eth;,<code>dea&amp;d;</code>,1,0.0005079
221,dearnunga,<code>dearnunga</code>,1,0.0005079
221,deoflu,<code>deoflu</code>,1,0.0005079
221,deoflum,<code>deoflum</code>,1,0.0005079
221,deofol,<code>deofol</code>,1,0.0005079
221,deopnyss,<code>deopnyss</code>,1,0.0005079
221,deopnysse,<code>deopnysse</code>,1,0.0005079
221,diacon,<code>diacon</code>,1,0.0005079
221,diaconum,<code>diaconum</code>,1,0.0005079
221,docet,<code>docet</code>,1,0.0005079
221,dom,<code>dom</code>,1,0.0005079
221,dome,<code>dome</code>,1,0.0005079
221,dominica,<code>dominica</code>,1,0.0005079
221,drife,<code>drife</code>,1,0.0005079
221,drihtne,<code>drihtne</code>,1,0.0005079
221,drihtnes,<code>drihtnes</code>,1,0.0005079
221,drohtnia&eth;,<code>drohtnia&amp;d;</code>,1,0.0005079
221,drohtnunge,<code>drohtnunge</code>,1,0.0005079
221,ea&eth;e,<code>ea&amp;d;e</code>,1,0.0005079
221,eacan,<code>eacan</code>,1,0.0005079
221,eadmod,<code>eadmod</code>,1,0.0005079
221,eahtatyne,<code>eahtatyne</code>,1,0.0005079
221,eallum,<code>eallum</code>,1,0.0005079
221,earan,<code>earan</code>,1,0.0005079
221,earfo&eth;nyss,<code>earfo&amp;d;nyss</code>,1,0.0005079
221,eawunge,<code>eawunge</code>,1,0.0005079
221,ecan,<code>ecan</code>,1,0.0005079
221,ece,<code>ece</code>,1,0.0005079
221,ecelice,<code>ecelice</code>,1,0.0005079
221,ecere,<code>ecere</code>,1,0.0005079
221,edleanes,<code>edleanes</code>,1,0.0005079
221,efsta&eth;,<code>efsta&amp;d;</code>,1,0.0005079
221,eft,<code>eft</code>,1,0.0005079
221,emlice,<code>emlice</code>,1,0.0005079
221,endeleaslice,<code>endeleaslice</code>,1,0.0005079
221,engla,<code>engla</code>,1,0.0005079
221,eower,<code>eower</code>,1,0.0005079
221,eowere,<code>eowere</code>,1,0.0005079
221,eowrum,<code>eowrum</code>,1,0.0005079
221,estfulle,<code>estfulle</code>,1,0.0005079
221,et,<code>et</code>,1,0.0005079
221,f&aelig;der,<code>f&amp;ae;der</code>,1,0.0005079
221,f&aelig;rlice,<code>f&amp;ae;rlice</code>,1,0.0005079
221,fa&eth;u,<code>fa&amp;d;u</code>,1,0.0005079
221,feol,<code>feol</code>,1,0.0005079
221,fl&aelig;sclice,<code>fl&amp;ae;sclice</code>,1,0.0005079
221,fl&aelig;sclicera,<code>fl&amp;ae;sclicera</code>,1,0.0005079
221,fl&aelig;sclicum,<code>fl&amp;ae;sclicum</code>,1,0.0005079
221,fleo&eth;,<code>fleo&amp;d;</code>,1,0.0005079
221,fleogenda,<code>fleogenda</code>,1,0.0005079
221,folc,<code>folc</code>,1,0.0005079
221,folce,<code>folce</code>,1,0.0005079
221,folces,<code>folces</code>,1,0.0005079
221,folgia&eth;,<code>folgia&amp;d;</code>,1,0.0005079
221,for&eth;brinc&eth;,<code>for&amp;d;brinc&amp;d;</code>,1,0.0005079
221,for&eth;r&aelig;stne,<code>for&amp;d;r&amp;ae;stne</code>,1,0.0005079
221,for&eth;rysmod,<code>for&amp;d;rysmod</code>,1,0.0005079
221,for&eth;si&eth;e,<code>for&amp;d;si&amp;d;e</code>,1,0.0005079
221,for&eth;st&aelig;ppende,<code>for&amp;d;st&amp;ae;ppende</code>,1,0.0005079
221,forb&aelig;r,<code>forb&amp;ae;r</code>,1,0.0005079
221,forbarn,<code>forbarn</code>,1,0.0005079
221,forboden,<code>forboden</code>,1,0.0005079
221,forbugan,<code>forbugan</code>,1,0.0005079
221,forg&aelig;gednysse,<code>forg&amp;ae;gednysse</code>,1,0.0005079
221,forgeaf,<code>forgeaf</code>,1,0.0005079
221,forgeafon,<code>forgeafon</code>,1,0.0005079
221,forgifen,<code>forgifen</code>,1,0.0005079
221,forhabbon,<code>forhabbon</code>,1,0.0005079
221,forleton,<code>forleton</code>,1,0.0005079
221,forscranc,<code>forscranc</code>,1,0.0005079
221,forseara&eth;,<code>forseara&amp;d;</code>,1,0.0005079
221,forsmoria&eth;,<code>forsmoria&amp;d;</code>,1,0.0005079
221,forsmorodon,<code>forsmorodon</code>,1,0.0005079
221,fortr&aelig;don,<code>fortr&amp;ae;don</code>,1,0.0005079
221,fortreden,<code>fortreden</code>,1,0.0005079
221,fortredene,<code>fortredene</code>,1,0.0005079
221,forwerode,<code>forwerode</code>,1,0.0005079
221,frynd,<code>frynd</code>,1,0.0005079
221,fur&eth;or,<code>fur&amp;d;or</code>,1,0.0005079
221,fyrste,<code>fyrste</code>,1,0.0005079
221,gastlice,<code>gastlice</code>,1,0.0005079
221,ge&eth;afia&eth;,<code>ge&amp;d;afia&amp;d;</code>,1,0.0005079
221,ge&eth;inc&eth;e,<code>ge&amp;d;inc&amp;d;e</code>,1,0.0005079
221,ge&eth;ohta,<code>ge&amp;d;ohta</code>,1,0.0005079
221,ge&eth;reade,<code>ge&amp;d;reade</code>,1,0.0005079
221,ge&thorn;eodde,<code>ge&amp;t;eodde</code>,1,0.0005079
221,geblodigian,<code>geblodigian</code>,1,0.0005079
221,gebringon,<code>gebringon</code>,1,0.0005079
221,gebro&eth;ru,<code>gebro&amp;d;ru</code>,1,0.0005079
221,gebugan,<code>gebugan</code>,1,0.0005079
221,gebyld,<code>gebyld</code>,1,0.0005079
221,geceas,<code>geceas</code>,1,0.0005079
221,gecigede,<code>gecigede</code>,1,0.0005079
221,gecnyrdnysse,<code>gecnyrdnysse</code>,1,0.0005079
221,gecorene,<code>gecorene</code>,1,0.0005079
221,gecw&aelig;&eth;,<code>gecw&amp;ae;&amp;d;</code>,1,0.0005079
221,gecyrdon,<code>gecyrdon</code>,1,0.0005079
221,gedwolena,<code>gedwolena</code>,1,0.0005079
221,gedwyld,<code>gedwyld</code>,1,0.0005079
221,geearna&eth;,<code>geearna&amp;d;</code>,1,0.0005079
221,geearnungum,<code>geearnungum</code>,1,0.0005079
221,geendunge,<code>geendunge</code>,1,0.0005079
221,gef&aelig;stnode,<code>gef&amp;ae;stnode</code>,1,0.0005079
221,gefean,<code>gefean</code>,1,0.0005079
221,geferan,<code>geferan</code>,1,0.0005079
221,gefylde,<code>gefylde</code>,1,0.0005079
221,gehadodan,<code>gehadodan</code>,1,0.0005079
221,gehadodum,<code>gehadodum</code>,1,0.0005079
221,gehealdan,<code>gehealdan</code>,1,0.0005079
221,gehealdene,<code>gehealdene</code>,1,0.0005079
221,gehnexia&eth;,<code>gehnexia&amp;d;</code>,1,0.0005079
221,gehwilcum,<code>gehwilcum</code>,1,0.0005079
221,gehyr&eth;,<code>gehyr&amp;d;</code>,1,0.0005079
221,gehyrende,<code>gehyrende</code>,1,0.0005079
221,gehyrenne,<code>gehyrenne</code>,1,0.0005079
221,gel&aelig;h&eth;,<code>gel&amp;ae;h&amp;d;</code>,1,0.0005079
221,gel&aelig;ht,<code>gel&amp;ae;ht</code>,1,0.0005079
221,gel&aelig;rede,<code>gel&amp;ae;rede</code>,1,0.0005079
221,gela&eth;ode,<code>gela&amp;d;ode</code>,1,0.0005079
221,gelamp,<code>gelamp</code>,1,0.0005079
221,geleaffulle,<code>geleaffulle</code>,1,0.0005079
221,gelustfullia&eth;,<code>gelustfullia&amp;d;</code>,1,0.0005079
221,gelyfa&eth;,<code>gelyfa&amp;d;</code>,1,0.0005079
221,gelyfan,<code>gelyfan</code>,1,0.0005079
221,gelyfende,<code>gelyfende</code>,1,0.0005079
221,gem&aelig;nes,<code>gem&amp;ae;nes</code>,1,0.0005079
221,gemacia&eth;,<code>gemacia&amp;d;</code>,1,0.0005079
221,gemet,<code>gemet</code>,1,0.0005079
221,geneal&aelig;hte,<code>geneal&amp;ae;hte</code>,1,0.0005079
221,geneal&aelig;hton,<code>geneal&amp;ae;hton</code>,1,0.0005079
221,genihtsuma&eth;,<code>genihtsuma&amp;d;</code>,1,0.0005079
221,geond,<code>geond</code>,1,0.0005079
221,ger&aelig;can,<code>ger&amp;ae;can</code>,1,0.0005079
221,gereccan,<code>gereccan</code>,1,0.0005079
221,gerefscire,<code>gerefscire</code>,1,0.0005079
221,gerynu,<code>gerynu</code>,1,0.0005079
221,ges&aelig;d,<code>ges&amp;ae;d</code>,1,0.0005079
221,gesawene,<code>gesawene</code>,1,0.0005079
221,geseon,<code>geseon</code>,1,0.0005079
221,gesetnyssum,<code>gesetnyssum</code>,1,0.0005079
221,gesette,<code>gesette</code>,1,0.0005079
221,gesetton,<code>gesetton</code>,1,0.0005079
221,gesewenlice,<code>gesewenlice</code>,1,0.0005079
221,gestilde,<code>gestilde</code>,1,0.0005079
221,gestrynan,<code>gestrynan</code>,1,0.0005079
221,gestryndon,<code>gestryndon</code>,1,0.0005079
221,gestrynon,<code>gestrynon</code>,1,0.0005079
221,geswenca&eth;,<code>geswenca&amp;d;</code>,1,0.0005079
221,geswencednysse,<code>geswencednysse</code>,1,0.0005079
221,geswenctan,<code>geswenctan</code>,1,0.0005079
221,geswencte,<code>geswencte</code>,1,0.0005079
221,geswican,<code>geswican</code>,1,0.0005079
221,geswicenys,<code>geswicenys</code>,1,0.0005079
221,geswicon,<code>geswicon</code>,1,0.0005079
221,geswutelian,<code>geswutelian</code>,1,0.0005079
221,geswutelod,<code>geswutelod</code>,1,0.0005079
221,getacna&eth;,<code>getacna&amp;d;</code>,1,0.0005079
221,getacnodon,<code>getacnodon</code>,1,0.0005079
221,getacnunga,<code>getacnunga</code>,1,0.0005079
221,getacnunge,<code>getacnunge</code>,1,0.0005079
221,geteo&eth;,<code>geteo&amp;d;</code>,1,0.0005079
221,getrahtnian,<code>getrahtnian</code>,1,0.0005079
221,gewat,<code>gewat</code>,1,0.0005079
221,gewisse,<code>gewisse</code>,1,0.0005079
221,gewita&eth;,<code>gewita&amp;d;</code>,1,0.0005079
221,gewitnesse,<code>gewitnesse</code>,1,0.0005079
221,gewuldrod,<code>gewuldrod</code>,1,0.0005079
221,gewyr&eth;,<code>gewyr&amp;d;</code>,1,0.0005079
221,goda,<code>goda</code>,1,0.0005079
221,goddre,<code>goddre</code>,1,0.0005079
221,godspellere,<code>godspellere</code>,1,0.0005079
221,goldhordas,<code>goldhordas</code>,1,0.0005079
221,gospellere,<code>gospellere</code>,1,0.0005079
221,h&aelig;f&eth;,<code>h&amp;ae;f&amp;d;</code>,1,0.0005079
221,h&aelig;fde,<code>h&amp;ae;fde</code>,1,0.0005079
221,h&aelig;le,<code>h&amp;ae;le</code>,1,0.0005079
221,h&aelig;lende,<code>h&amp;ae;lende</code>,1,0.0005079
221,h&aelig;medes,<code>h&amp;ae;medes</code>,1,0.0005079
221,habban,<code>habban</code>,1,0.0005079
221,hafenleaste,<code>hafenleaste</code>,1,0.0005079
221,halga,<code>halga</code>,1,0.0005079
221,halgum,<code>halgum</code>,1,0.0005079
221,haligre,<code>haligre</code>,1,0.0005079
221,handcr&aelig;fte,<code>handcr&amp;ae;fte</code>,1,0.0005079
221,healde,<code>healde</code>,1,0.0005079
221,heardheortnyss,<code>heardheortnyss</code>,1,0.0005079
221,heardheortnysse,<code>heardheortnysse</code>,1,0.0005079
221,heo,<code>heo</code>,1,0.0005079
221,heofenlice,<code>heofenlice</code>,1,0.0005079
221,heofonlican,<code>heofonlican</code>,1,0.0005079
221,heofonum,<code>heofonum</code>,1,0.0005079
221,heorcnigendra,<code>heorcnigendra</code>,1,0.0005079
221,heordr&aelig;dene,<code>heordr&amp;ae;dene</code>,1,0.0005079
221,het,<code>het</code>,1,0.0005079
221,hiwe,<code>hiwe</code>,1,0.0005079
221,hlaford,<code>hlaford</code>,1,0.0005079
221,hlafordas,<code>hlafordas</code>,1,0.0005079
221,hlyste,<code>hlyste</code>,1,0.0005079
221,hra&eth;e,<code>hra&amp;d;e</code>,1,0.0005079
221,hu,<code>hu</code>,1,0.0005079
221,hund,<code>hund</code>,1,0.0005079
221,hundfealdon,<code>hundfealdon</code>,1,0.0005079
221,hus,<code>hus</code>,1,0.0005079
221,hw&aelig;thwega,<code>hw&amp;ae;thwega</code>,1,0.0005079
221,hwa,<code>hwa</code>,1,0.0005079
221,hwene,<code>hwene</code>,1,0.0005079
221,hwilce,<code>hwilce</code>,1,0.0005079
221,hwile,<code>hwile</code>,1,0.0005079
221,hyra,<code>hyra</code>,1,0.0005079
221,iesum,<code>iesum</code>,1,0.0005079
221,in,<code>in</code>,1,0.0005079
221,infaran,<code>infaran</code>,1,0.0005079
221,l&aelig;fde,<code>l&amp;ae;fde</code>,1,0.0005079
221,l&aelig;wedra,<code>l&amp;ae;wedra</code>,1,0.0005079
221,la,<code>la</code>,1,0.0005079
221,lama,<code>lama</code>,1,0.0005079
221,land,<code>land</code>,1,0.0005079
221,lange,<code>lange</code>,1,0.0005079
221,lareowdome,<code>lareowdome</code>,1,0.0005079
221,legere,<code>legere</code>,1,0.0005079
221,leng,<code>leng</code>,1,0.0005079
221,leorningcnihtas,<code>leorningcnihtas</code>,1,0.0005079
221,leorningcnihtum,<code>leorningcnihtum</code>,1,0.0005079
221,lichama,<code>lichama</code>,1,0.0005079
221,lichaman,<code>lichaman</code>,1,0.0005079
221,licmenn,<code>licmenn</code>,1,0.0005079
221,lif,<code>lif</code>,1,0.0005079
221,life,<code>life</code>,1,0.0005079
221,liflican,<code>liflican</code>,1,0.0005079
221,lima,<code>lima</code>,1,0.0005079
221,lofsangas,<code>lofsangas</code>,1,0.0005079
221,lofsangum,<code>lofsangum</code>,1,0.0005079
221,losode,<code>losode</code>,1,0.0005079
221,lufe,<code>lufe</code>,1,0.0005079
221,lufia&eth;,<code>lufia&amp;d;</code>,1,0.0005079
221,lufigendne,<code>lufigendne</code>,1,0.0005079
221,lufon,<code>lufon</code>,1,0.0005079
221,lufu,<code>lufu</code>,1,0.0005079
221,lusta,<code>lusta</code>,1,0.0005079
221,luste,<code>luste</code>,1,0.0005079
221,lybba&eth;,<code>lybba&amp;d;</code>,1,0.0005079
221,lybban,<code>lybban</code>,1,0.0005079
221,lyft,<code>lyft</code>,1,0.0005079
221,m&aelig;g,<code>m&amp;ae;g</code>,1,0.0005079
221,m&aelig;g&eth;hade,<code>m&amp;ae;g&amp;d;hade</code>,1,0.0005079
221,m&aelig;gen,<code>m&amp;ae;gen</code>,1,0.0005079
221,m&aelig;gnu,<code>m&amp;ae;gnu</code>,1,0.0005079
221,m&aelig;nde,<code>m&amp;ae;nde</code>,1,0.0005079
221,m&aelig;ssepreost,<code>m&amp;ae;ssepreost</code>,1,0.0005079
221,m&aelig;ssepreostum,<code>m&amp;ae;ssepreostum</code>,1,0.0005079
221,ma,<code>ma</code>,1,0.0005079
221,magnus,<code>magnus</code>,1,0.0005079
221,man,<code>man</code>,1,0.0005079
221,mangunge,<code>mangunge</code>,1,0.0005079
221,me,<code>me</code>,1,0.0005079
221,mede,<code>mede</code>,1,0.0005079
221,menigu,<code>menigu</code>,1,0.0005079
221,micclum,<code>micclum</code>,1,0.0005079
221,middanearde,<code>middanearde</code>,1,0.0005079
221,middaneardlic,<code>middaneardlic</code>,1,0.0005079
221,mihte,<code>mihte</code>,1,0.0005079
221,mislicra,<code>mislicra</code>,1,0.0005079
221,modes,<code>modes</code>,1,0.0005079
221,modrie,<code>modrie</code>,1,0.0005079
221,mona&eth;seoc,<code>mona&amp;d;seoc</code>,1,0.0005079
221,moton,<code>moton</code>,1,0.0005079
221,mu&eth;e,<code>mu&amp;d;e</code>,1,0.0005079
221,myrige,<code>myrige</code>,1,0.0005079
221,n&aelig;f&eth;,<code>n&amp;ae;f&amp;d;</code>,1,0.0005079
221,n&aelig;fre,<code>n&amp;ae;fre</code>,1,0.0005079
221,nabba&eth;,<code>nabba&amp;d;</code>,1,0.0005079
221,naht,<code>naht</code>,1,0.0005079
221,nama,<code>nama</code>,1,0.0005079
221,nat,<code>nat</code>,1,0.0005079
221,nella&eth;,<code>nella&amp;d;</code>,1,0.0005079
221,nihtes,<code>nihtes</code>,1,0.0005079
221,nolde,<code>nolde</code>,1,0.0005079
221,nos&eth;yrlum,<code>nos&amp;d;yrlum</code>,1,0.0005079
221,nu,<code>nu</code>,1,0.0005079
221,o&eth;ra,<code>o&amp;d;ra</code>,1,0.0005079
221,of&eth;ricca&eth;,<code>of&amp;d;ricca&amp;d;</code>,1,0.0005079
221,ofer,<code>ofer</code>,1,0.0005079
221,oferflowednysse,<code>oferflowednysse</code>,1,0.0005079
221,oftogen,<code>oftogen</code>,1,0.0005079
221,oftreden,<code>oftreden</code>,1,0.0005079
221,ogan,<code>ogan</code>,1,0.0005079
221,ol&aelig;hte,<code>ol&amp;ae;hte</code>,1,0.0005079
221,onbeslagenre,<code>onbeslagenre</code>,1,0.0005079
221,onbryrde,<code>onbryrde</code>,1,0.0005079
221,onfon,<code>onfon</code>,1,0.0005079
221,ongeat,<code>ongeat</code>,1,0.0005079
221,onlocigende,<code>onlocigende</code>,1,0.0005079
221,plurima,<code>plurima</code>,1,0.0005079
221,pricia&eth;,<code>pricia&amp;d;</code>,1,0.0005079
221,pricungum,<code>pricungum</code>,1,0.0005079
221,race,<code>race</code>,1,0.0005079
221,regol,<code>regol</code>,1,0.0005079
221,rehte,<code>rehte</code>,1,0.0005079
221,reliqua,<code>reliqua</code>,1,0.0005079
221,reste,<code>reste</code>,1,0.0005079
221,rices,<code>rices</code>,1,0.0005079
221,rihte,<code>rihte</code>,1,0.0005079
221,rihtlice,<code>rihtlice</code>,1,0.0005079
221,rihtlicor,<code>rihtlicor</code>,1,0.0005079
221,rihtum,<code>rihtum</code>,1,0.0005079
221,rihtwisnysse,<code>rihtwisnysse</code>,1,0.0005079
221,romebyrig,<code>romebyrig</code>,1,0.0005079
221,s&aelig;le,<code>s&amp;ae;le</code>,1,0.0005079
221,sanges,<code>sanges</code>,1,0.0005079
221,sarnyss,<code>sarnyss</code>,1,0.0005079
221,saule,<code>saule</code>,1,0.0005079
221,sawul,<code>sawul</code>,1,0.0005079
221,scandlic,<code>scandlic</code>,1,0.0005079
221,sceocca,<code>sceocca</code>,1,0.0005079
221,scortre,<code>scortre</code>,1,0.0005079
221,scrift,<code>scrift</code>,1,0.0005079
221,sealmas,<code>sealmas</code>,1,0.0005079
221,seca&eth;,<code>seca&amp;d;</code>,1,0.0005079
221,secan,<code>secan</code>,1,0.0005079
221,secenne,<code>secenne</code>,1,0.0005079
221,secgan,<code>secgan</code>,1,0.0005079
221,seow,<code>seow</code>,1,0.0005079
221,seruulus,<code>seruulus</code>,1,0.0005079
221,sexagesima,<code>sexagesima</code>,1,0.0005079
221,sic,<code>sic</code>,1,0.0005079
221,sidan,<code>sidan</code>,1,0.0005079
221,sinscipe,<code>sinscipe</code>,1,0.0005079
221,sinscipes,<code>sinscipes</code>,1,0.0005079
221,sittan,<code>sittan</code>,1,0.0005079
221,sixtigfealdon,<code>sixtigfealdon</code>,1,0.0005079
221,slipere,<code>slipere</code>,1,0.0005079
221,smeagan,<code>smeagan</code>,1,0.0005079
221,so&eth;e,<code>so&amp;d;e</code>,1,0.0005079
221,so&eth;es,<code>so&amp;d;es</code>,1,0.0005079
221,so&eth;f&aelig;stnysse,<code>so&amp;d;f&amp;ae;stnysse</code>,1,0.0005079
221,speda,<code>speda</code>,1,0.0005079
221,spr&aelig;con,<code>spr&amp;ae;con</code>,1,0.0005079
221,spryttanne,<code>spryttanne</code>,1,0.0005079
221,sprytte,<code>sprytte</code>,1,0.0005079
221,st&aelig;f,<code>st&amp;ae;f</code>,1,0.0005079
221,st&aelig;nige,<code>st&amp;ae;nige</code>,1,0.0005079
221,st&aelig;pe,<code>st&amp;ae;pe</code>,1,0.0005079
221,stafas,<code>stafas</code>,1,0.0005079
221,stanigum,<code>stanigum</code>,1,0.0005079
221,stence,<code>stence</code>,1,0.0005079
221,sti&eth;ne,<code>sti&amp;d;ne</code>,1,0.0005079
221,suman,<code>suman</code>,1,0.0005079
221,sumere,<code>sumere</code>,1,0.0005079
221,sumne,<code>sumne</code>,1,0.0005079
221,sumum,<code>sumum</code>,1,0.0005079
221,sungon,<code>sungon</code>,1,0.0005079
221,sunu,<code>sunu</code>,1,0.0005079
221,suwia&eth;,<code>suwia&amp;d;</code>,1,0.0005079
221,swega&eth;,<code>swega&amp;d;</code>,1,0.0005079
221,sweoster,<code>sweoster</code>,1,0.0005079
221,swilcera,<code>swilcera</code>,1,0.0005079
221,swingele,<code>swingele</code>,1,0.0005079
221,swylcum,<code>swylcum</code>,1,0.0005079
221,syferlice,<code>syferlice</code>,1,0.0005079
221,symle,<code>symle</code>,1,0.0005079
221,synne,<code>synne</code>,1,0.0005079
221,t&aelig;ce,<code>t&amp;ae;ce</code>,1,0.0005079
221,t&aelig;cinge,<code>t&amp;ae;cinge</code>,1,0.0005079
221,teolungum,<code>teolungum</code>,1,0.0005079
221,tide,<code>tide</code>,1,0.0005079
221,tihta&eth;,<code>tihta&amp;d;</code>,1,0.0005079
221,tima,<code>tima</code>,1,0.0005079
221,tob&aelig;ron,<code>tob&amp;ae;ron</code>,1,0.0005079
221,tobrec&eth;,<code>tobrec&amp;d;</code>,1,0.0005079
221,tobrece,<code>tobrece</code>,1,0.0005079
221,tobryt,<code>tobryt</code>,1,0.0005079
221,tolysa&eth;,<code>tolysa&amp;d;</code>,1,0.0005079
221,totera&eth;,<code>totera&amp;d;</code>,1,0.0005079
221,toweardan,<code>toweardan</code>,1,0.0005079
221,trahtnere,<code>trahtnere</code>,1,0.0005079
221,trahtnigenne,<code>trahtnigenne</code>,1,0.0005079
221,trahtnode,<code>trahtnode</code>,1,0.0005079
221,trahtnodon,<code>trahtnodon</code>,1,0.0005079
221,trahtnunge,<code>trahtnunge</code>,1,0.0005079
221,turba,<code>turba</code>,1,0.0005079
221,twa,<code>twa</code>,1,0.0005079
221,twyfealdre,<code>twyfealdre</code>,1,0.0005079
221,tyddernys,<code>tyddernys</code>,1,0.0005079
221,tyman,<code>tyman</code>,1,0.0005079
221,underfeh&eth;,<code>underfeh&amp;d;</code>,1,0.0005079
221,underfo&eth;,<code>underfo&amp;d;</code>,1,0.0005079
221,underfon,<code>underfon</code>,1,0.0005079
221,underfonne,<code>underfonne</code>,1,0.0005079
221,undergytan,<code>undergytan</code>,1,0.0005079
221,understanda&eth;,<code>understanda&amp;d;</code>,1,0.0005079
221,understandon,<code>understandon</code>,1,0.0005079
221,understent,<code>understent</code>,1,0.0005079
221,ungedafenlic,<code>ungedafenlic</code>,1,0.0005079
221,ungesewenlice,<code>ungesewenlice</code>,1,0.0005079
221,ungewyldelic,<code>ungewyldelic</code>,1,0.0005079
221,unlustas,<code>unlustas</code>,1,0.0005079
221,unlustum,<code>unlustum</code>,1,0.0005079
221,unst&aelig;&eth;&eth;ignysse,<code>unst&amp;ae;&amp;d;&amp;d;ignysse</code>,1,0.0005079
221,untwylice,<code>untwylice</code>,1,0.0005079
221,untymende,<code>untymende</code>,1,0.0005079
221,upastigendne,<code>upastigendne</code>,1,0.0005079
221,upon,<code>upon</code>,1,0.0005079
221,uppon,<code>uppon</code>,1,0.0005079
221,upspringe,<code>upspringe</code>,1,0.0005079
221,w&aelig;stme,<code>w&amp;ae;stme</code>,1,0.0005079
221,weg,<code>weg</code>,1,0.0005079
221,wegferende,<code>wegferende</code>,1,0.0005079
221,weig,<code>weig</code>,1,0.0005079
221,welega,<code>welega</code>,1,0.0005079
221,welig,<code>welig</code>,1,0.0005079
221,weligne,<code>weligne</code>,1,0.0005079
221,weofode,<code>weofode</code>,1,0.0005079
221,weorcum,<code>weorcum</code>,1,0.0005079
221,weoxon,<code>weoxon</code>,1,0.0005079
221,weras,<code>weras</code>,1,0.0005079
221,wi&eth;,<code>wi&amp;d;</code>,1,0.0005079
221,wi&eth;err&aelig;de,<code>wi&amp;d;err&amp;ae;de</code>,1,0.0005079
221,wi&eth;utan,<code>wi&amp;d;utan</code>,1,0.0005079
221,wifes,<code>wifes</code>,1,0.0005079
221,wifhades,<code>wifhades</code>,1,0.0005079
221,willan,<code>willan</code>,1,0.0005079
221,wille,<code>wille</code>,1,0.0005079
221,wilnia&eth;,<code>wilnia&amp;d;</code>,1,0.0005079
221,wilnian,<code>wilnian</code>,1,0.0005079
221,wisdomes,<code>wisdomes</code>,1,0.0005079
221,worda,<code>worda</code>,1,0.0005079
221,worde,<code>worde</code>,1,0.0005079
221,woruld,<code>woruld</code>,1,0.0005079
221,worulda,<code>worulda</code>,1,0.0005079
221,woruldcara,<code>woruldcara</code>,1,0.0005079
221,worulde,<code>worulde</code>,1,0.0005079
221,woruldmannum,<code>woruldmannum</code>,1,0.0005079
221,wulderfullum,<code>wulderfullum</code>,1,0.0005079
221,wunde,<code>wunde</code>,1,0.0005079
221,wunderlicum,<code>wunderlicum</code>,1,0.0005079
221,wunian,<code>wunian</code>,1,0.0005079
221,wunodon,<code>wunodon</code>,1,0.0005079
221,wununge,<code>wununge</code>,1,0.0005079
221,wur&eth;myntes,<code>wur&amp;d;myntes</code>,1,0.0005079
221,wur&eth;ode,<code>wur&amp;d;ode</code>,1,0.0005079
221,wur&eth;scipe,<code>wur&amp;d;scipe</code>,1,0.0005079
221,wurde,<code>wurde</code>,1,0.0005079
221,wurdon,<code>wurdon</code>,1,0.0005079
221,wydewan,<code>wydewan</code>,1,0.0005079
221,wynsumum,<code>wynsumum</code>,1,0.0005079
221,yfela,<code>yfela</code>,1,0.0005079
221,yfelum,<code>yfelum</code>,1,0.0005079
221,yflum,<code>yflum</code>,1,0.0005079
221,ymbe,<code>ymbe</code>,1,0.0005079
221,ymhidignysse,<code>ymhidignysse</code>,1,0.0005079
