B_Prose,B01,B01.001.008_AECHom_I__7_T02110.txt,979,647,2768
RANK,HTML WORD,RAW WORD,COUNT,RELATIVE FREQUENCY
1,&amp;,<code>&amp;amp;</code>,101,0.0364884
2,he,<code>he</code>,70,0.0252890
3,to,<code>to</code>,63,0.0227601
4,&thorn;&aelig;t,<code>&amp;t;&amp;ae;t</code>,60,0.0216763
5,hi,<code>hi</code>,59,0.0213150
5,on,<code>on</code>,59,0.0213150
7,&thorn;a,<code>&amp;t;a</code>,58,0.0209538
8,&eth;a,<code>&amp;d;a</code>,43,0.0155347
8,&thorn;e,<code>&amp;t;e</code>,43,0.0155347
8,his,<code>his</code>,43,0.0155347
8,se,<code>se</code>,43,0.0155347
12,&thorn;urh,<code>&amp;t;urh</code>,40,0.0144509
13,we,<code>we</code>,36,0.0130058
14,&thorn;am,<code>&amp;t;am</code>,32,0.0115607
15,ac,<code>ac</code>,30,0.0108382
15,him,<code>him</code>,30,0.0108382
17,mid,<code>mid</code>,29,0.0104769
18,is,<code>is</code>,28,0.0101156
19,ne,<code>ne</code>,25,0.0090318
20,swa,<code>swa</code>,23,0.0083092
21,for,<code>for</code>,22,0.0079480
21,heora,<code>heora</code>,22,0.0079480
23,&eth;e,<code>&amp;d;e</code>,20,0.0072254
24,god,<code>god</code>,18,0.0065029
25,be,<code>be</code>,15,0.0054191
26,&thorn;an,<code>&amp;t;an</code>,13,0.0046965
26,tungelwitegan,<code>tungelwitegan</code>,13,0.0046965
26,w&aelig;s,<code>w&amp;ae;s</code>,13,0.0046965
29,&thorn;&aelig;re,<code>&amp;t;&amp;ae;re</code>,12,0.0043353
29,&thorn;one,<code>&amp;t;one</code>,12,0.0043353
29,&thorn;onne,<code>&amp;t;onne</code>,12,0.0043353
29,gif,<code>gif</code>,12,0.0043353
29,w&aelig;ron,<code>w&amp;ae;ron</code>,12,0.0043353
34,cyning,<code>cyning</code>,11,0.0039740
34,eft,<code>eft</code>,11,0.0039740
34,godes,<code>godes</code>,11,0.0039740
34,seo,<code>seo</code>,11,0.0039740
34,us,<code>us</code>,11,0.0039740
39,&thorn;&aelig;s,<code>&amp;t;&amp;ae;s</code>,10,0.0036127
39,man,<code>man</code>,10,0.0036127
39,steorran,<code>steorran</code>,10,0.0036127
42,ge,<code>ge</code>,9,0.0032514
42,gold,<code>gold</code>,9,0.0032514
42,of,<code>of</code>,9,0.0032514
42,w&aelig;re,<code>w&amp;ae;re</code>,9,0.0032514
42,wear&eth;,<code>wear&amp;d;</code>,9,0.0032514
47,&thorn;eah,<code>&amp;t;eah</code>,8,0.0028902
47,agenne,<code>agenne</code>,8,0.0028902
47,criste,<code>criste</code>,8,0.0028902
47,cyre,<code>cyre</code>,8,0.0028902
47,hine,<code>hine</code>,8,0.0028902
47,nu,<code>nu</code>,8,0.0028902
47,scyppend,<code>scyppend</code>,8,0.0028902
54,&eth;&aelig;s,<code>&amp;d;&amp;ae;s</code>,7,0.0025289
54,bi&eth;,<code>bi&amp;d;</code>,7,0.0025289
54,buton,<code>buton</code>,7,0.0025289
54,comon,<code>comon</code>,7,0.0025289
54,eac,<code>eac</code>,7,0.0025289
54,fram,<code>fram</code>,7,0.0025289
54,gife,<code>gife</code>,7,0.0025289
54,iudeiscum,<code>iudeiscum</code>,7,0.0025289
54,so&eth;,<code>so&amp;d;</code>,7,0.0025289
54,witodlice,<code>witodlice</code>,7,0.0025289
64,&aelig;r,<code>&amp;ae;r</code>,6,0.0021676
64,&eth;&aelig;t,<code>&amp;d;&amp;ae;t</code>,6,0.0021676
64,d&aelig;ge,<code>d&amp;ae;ge</code>,6,0.0021676
64,eall,<code>eall</code>,6,0.0021676
64,ealle,<code>ealle</code>,6,0.0021676
64,gode,<code>gode</code>,6,0.0021676
64,herodes,<code>herodes</code>,6,0.0021676
64,iudeiscan,<code>iudeiscan</code>,6,0.0021676
64,manna,<code>manna</code>,6,0.0021676
64,na,<code>na</code>,6,0.0021676
64,nan,<code>nan</code>,6,0.0021676
64,steorra,<code>steorra</code>,6,0.0021676
64,stor,<code>stor</code>,6,0.0021676
77,&aelig;fter,<code>&amp;ae;fter</code>,5,0.0018064
77,&aelig;lmihtiga,<code>&amp;ae;lmihtiga</code>,5,0.0018064
77,&eth;urh,<code>&amp;d;urh</code>,5,0.0018064
77,acenned,<code>acenned</code>,5,0.0018064
77,crist,<code>crist</code>,5,0.0018064
77,cw&aelig;&eth;,<code>cw&amp;ae;&amp;d;</code>,5,0.0018064
77,cw&aelig;don,<code>cw&amp;ae;don</code>,5,0.0018064
77,eastd&aelig;le,<code>eastd&amp;ae;le</code>,5,0.0018064
77,gecyrdon,<code>gecyrdon</code>,5,0.0018064
77,gehyrsumnysse,<code>gehyrsumnysse</code>,5,0.0018064
77,gesawon,<code>gesawon</code>,5,0.0018064
77,gewyrd,<code>gewyrd</code>,5,0.0018064
77,gewyrde,<code>gewyrde</code>,5,0.0018064
77,heortan,<code>heortan</code>,5,0.0018064
77,mirran,<code>mirran</code>,5,0.0018064
77,noldon,<code>noldon</code>,5,0.0018064
77,so&eth;lice,<code>so&amp;d;lice</code>,5,0.0018064
77,sy,<code>sy</code>,5,0.0018064
77,ure,<code>ure</code>,5,0.0018064
96,&eth;one,<code>&amp;d;one</code>,4,0.0014451
96,&thorn;ing,<code>&amp;t;ing</code>,4,0.0014451
96,&thorn;isum,<code>&amp;t;isum</code>,4,0.0014451
96,bethleem,<code>bethleem</code>,4,0.0014451
96,cristes,<code>cristes</code>,4,0.0014451
96,deadlic,<code>deadlic</code>,4,0.0014451
96,earde,<code>earde</code>,4,0.0014451
96,geb&aelig;don,<code>geb&amp;ae;don</code>,4,0.0014451
96,gebiddan,<code>gebiddan</code>,4,0.0014451
96,gelyfdon,<code>gelyfdon</code>,4,0.0014451
96,gesceafta,<code>gesceafta</code>,4,0.0014451
96,geswutelod,<code>geswutelod</code>,4,0.0014451
96,hit,<code>hit</code>,4,0.0014451
96,lac,<code>lac</code>,4,0.0014451
96,menn,<code>menn</code>,4,0.0014451
96,myrran,<code>myrran</code>,4,0.0014451
96,ofspring,<code>ofspring</code>,4,0.0014451
96,oncneow,<code>oncneow</code>,4,0.0014451
96,oncneowon,<code>oncneowon</code>,4,0.0014451
96,recels,<code>recels</code>,4,0.0014451
96,sind,<code>sind</code>,4,0.0014451
96,sume,<code>sume</code>,4,0.0014451
96,swilce,<code>swilce</code>,4,0.0014451
96,urum,<code>urum</code>,4,0.0014451
96,uton,<code>uton</code>,4,0.0014451
96,wurdon,<code>wurdon</code>,4,0.0014451
122,&thorn;&aelig;r,<code>&amp;t;&amp;ae;r</code>,3,0.0010838
122,&thorn;as,<code>&amp;t;as</code>,3,0.0010838
122,&thorn;is,<code>&amp;t;is</code>,3,0.0010838
122,&thorn;rim,<code>&amp;t;rim</code>,3,0.0010838
122,&thorn;us,<code>&amp;t;us</code>,3,0.0010838
122,acennednysse,<code>acennednysse</code>,3,0.0010838
122,agenre,<code>agenre</code>,3,0.0010838
122,anre,<code>anre</code>,3,0.0010838
122,anum,<code>anum</code>,3,0.0010838
122,beo&eth;,<code>beo&amp;d;</code>,3,0.0010838
122,boceras,<code>boceras</code>,3,0.0010838
122,cild,<code>cild</code>,3,0.0010838
122,cyninge,<code>cyninge</code>,3,0.0010838
122,cyninges,<code>cyninges</code>,3,0.0010838
122,deofles,<code>deofles</code>,3,0.0010838
122,esau,<code>esau</code>,3,0.0010838
122,fl&aelig;sc,<code>fl&amp;ae;sc</code>,3,0.0010838
122,forestihte,<code>forestihte</code>,3,0.0010838
122,forgeaf,<code>forgeaf</code>,3,0.0010838
122,forh&aelig;fednysse,<code>forh&amp;ae;fednysse</code>,3,0.0010838
122,galnysse,<code>galnysse</code>,3,0.0010838
122,geearnungum,<code>geearnungum</code>,3,0.0010838
122,geleafan,<code>geleafan</code>,3,0.0010838
122,gesthuse,<code>gesthuse</code>,3,0.0010838
122,geswutelode,<code>geswutelode</code>,3,0.0010838
122,glad,<code>glad</code>,3,0.0010838
122,heo,<code>heo</code>,3,0.0010838
122,heofenum,<code>heofenum</code>,3,0.0010838
122,hw&aelig;r,<code>hw&amp;ae;r</code>,3,0.0010838
122,hw&aelig;t,<code>hw&amp;ae;t</code>,3,0.0010838
122,hyre,<code>hyre</code>,3,0.0010838
122,iacob,<code>iacob</code>,3,0.0010838
122,in,<code>in</code>,3,0.0010838
122,lif,<code>lif</code>,3,0.0010838
122,me,<code>me</code>,3,0.0010838
122,middaneardes,<code>middaneardes</code>,3,0.0010838
122,mihte,<code>mihte</code>,3,0.0010838
122,mine,<code>mine</code>,3,0.0010838
122,n&aelig;nne,<code>n&amp;ae;nne</code>,3,0.0010838
122,nateshwon,<code>nateshwon</code>,3,0.0010838
122,nis,<code>nis</code>,3,0.0010838
122,o&eth;,<code>o&amp;d;</code>,3,0.0010838
122,o&eth;erne,<code>o&amp;d;erne</code>,3,0.0010838
122,offrian,<code>offrian</code>,3,0.0010838
122,offrodon,<code>offrodon</code>,3,0.0010838
122,rihtlice,<code>rihtlice</code>,3,0.0010838
122,rihtwisnys,<code>rihtwisnys</code>,3,0.0010838
122,rihtwisnysse,<code>rihtwisnysse</code>,3,0.0010838
122,sylfum,<code>sylfum</code>,3,0.0010838
122,tide,<code>tide</code>,3,0.0010838
122,tungelwitegum,<code>tungelwitegum</code>,3,0.0010838
122,twegen,<code>twegen</code>,3,0.0010838
122,ungehyrsumnysse,<code>ungehyrsumnysse</code>,3,0.0010838
122,wiste,<code>wiste</code>,3,0.0010838
122,witegan,<code>witegan</code>,3,0.0010838
177,&aelig;,<code>&amp;ae;</code>,2,0.0007225
177,&aelig;ig&thorn;er,<code>&amp;ae;ig&amp;t;er</code>,2,0.0007225
177,&aelig;lc,<code>&amp;ae;lc</code>,2,0.0007225
177,&aelig;lcum,<code>&amp;ae;lcum</code>,2,0.0007225
177,&aelig;rest,<code>&amp;ae;rest</code>,2,0.0007225
177,&aelig;riste,<code>&amp;ae;riste</code>,2,0.0007225
177,&aelig;teowode,<code>&amp;ae;teowode</code>,2,0.0007225
177,&aelig;tforan,<code>&amp;ae;tforan</code>,2,0.0007225
177,&eth;es,<code>&amp;d;es</code>,2,0.0007225
177,&eth;onne,<code>&amp;d;onne</code>,2,0.0007225
177,&thorn;&aelig;ra,<code>&amp;t;&amp;ae;ra</code>,2,0.0007225
177,&thorn;earle,<code>&amp;t;earle</code>,2,0.0007225
177,&thorn;enunge,<code>&amp;t;enunge</code>,2,0.0007225
177,&thorn;eowte,<code>&amp;t;eowte</code>,2,0.0007225
177,&thorn;rowunge,<code>&amp;t;rowunge</code>,2,0.0007225
177,&thorn;ry,<code>&amp;t;ry</code>,2,0.0007225
177,&thorn;u,<code>&amp;t;u</code>,2,0.0007225
177,&thorn;y,<code>&amp;t;y</code>,2,0.0007225
177,&thorn;ysum,<code>&amp;t;ysum</code>,2,0.0007225
177,andetton,<code>andetton</code>,2,0.0007225
177,apostol,<code>apostol</code>,2,0.0007225
177,apostolas,<code>apostolas</code>,2,0.0007225
177,arleasan,<code>arleasan</code>,2,0.0007225
177,bebodum,<code>bebodum</code>,2,0.0007225
177,befran,<code>befran</code>,2,0.0007225
177,belimpa&eth;,<code>belimpa&amp;d;</code>,2,0.0007225
177,betwux,<code>betwux</code>,2,0.0007225
177,bodunge,<code>bodunge</code>,2,0.0007225
177,bringa&eth;,<code>bringa&amp;d;</code>,2,0.0007225
177,bringan,<code>bringan</code>,2,0.0007225
177,bufon,<code>bufon</code>,2,0.0007225
177,cenningstowe,<code>cenningstowe</code>,2,0.0007225
177,cilde,<code>cilde</code>,2,0.0007225
177,cildes,<code>cildes</code>,2,0.0007225
177,cwe&eth;ende,<code>cwe&amp;d;ende</code>,2,0.0007225
177,cwy&eth;,<code>cwy&amp;d;</code>,2,0.0007225
177,d&aelig;ges,<code>d&amp;ae;ges</code>,2,0.0007225
177,dagum,<code>dagum</code>,2,0.0007225
177,deade,<code>deade</code>,2,0.0007225
177,deadlica,<code>deadlica</code>,2,0.0007225
177,deadlice,<code>deadlice</code>,2,0.0007225
177,deofle,<code>deofle</code>,2,0.0007225
177,deoflum,<code>deoflum</code>,2,0.0007225
177,deofol,<code>deofol</code>,2,0.0007225
177,domini,<code>domini</code>,2,0.0007225
177,drihten,<code>drihten</code>,2,0.0007225
177,e&thorn;ele,<code>e&amp;t;ele</code>,2,0.0007225
177,eallum,<code>eallum</code>,2,0.0007225
177,eard,<code>eard</code>,2,0.0007225
177,ecnysse,<code>ecnysse</code>,2,0.0007225
177,ecum,<code>ecum</code>,2,0.0007225
177,efne,<code>efne</code>,2,0.0007225
177,endebyrdnysse,<code>endebyrdnysse</code>,2,0.0007225
177,englas,<code>englas</code>,2,0.0007225
177,eodon,<code>eodon</code>,2,0.0007225
177,epiphania,<code>epiphania</code>,2,0.0007225
177,est,<code>est</code>,2,0.0007225
177,euan,<code>euan</code>,2,0.0007225
177,f&aelig;der,<code>f&amp;ae;der</code>,2,0.0007225
177,ferdon,<code>ferdon</code>,2,0.0007225
177,folce,<code>folce</code>,2,0.0007225
177,folces,<code>folces</code>,2,0.0007225
177,forg&aelig;gednysse,<code>forg&amp;ae;gednysse</code>,2,0.0007225
177,forl&aelig;t,<code>forl&amp;ae;t</code>,2,0.0007225
177,forluron,<code>forluron</code>,2,0.0007225
177,forwyrde,<code>forwyrde</code>,2,0.0007225
177,gast,<code>gast</code>,2,0.0007225
177,gastlice,<code>gastlice</code>,2,0.0007225
177,gebed,<code>gebed</code>,2,0.0007225
177,gebicnode,<code>gebicnode</code>,2,0.0007225
177,gebicnodon,<code>gebicnodon</code>,2,0.0007225
177,gebro&thorn;ra,<code>gebro&amp;t;ra</code>,2,0.0007225
177,gecorenan,<code>gecorenan</code>,2,0.0007225
177,gecorenra,<code>gecorenra</code>,2,0.0007225
177,gedwolmen,<code>gedwolmen</code>,2,0.0007225
177,gedwylde,<code>gedwylde</code>,2,0.0007225
177,gehealden,<code>gehealden</code>,2,0.0007225
177,gehealdene,<code>gehealdene</code>,2,0.0007225
177,gel&aelig;dde,<code>gel&amp;ae;dde</code>,2,0.0007225
177,gela&eth;unge,<code>gela&amp;d;unge</code>,2,0.0007225
177,gelyfan,<code>gelyfan</code>,2,0.0007225
177,gemeta&eth;,<code>gemeta&amp;d;</code>,2,0.0007225
177,gemetton,<code>gemetton</code>,2,0.0007225
177,geoffrodon,<code>geoffrodon</code>,2,0.0007225
177,geopenodon,<code>geopenodon</code>,2,0.0007225
177,ges&aelig;l&eth;e,<code>ges&amp;ae;l&amp;d;e</code>,2,0.0007225
177,gesceapene,<code>gesceapene</code>,2,0.0007225
177,gesceop,<code>gesceop</code>,2,0.0007225
177,gesih&eth;e,<code>gesih&amp;d;e</code>,2,0.0007225
177,geswutelodon,<code>geswutelodon</code>,2,0.0007225
177,getacnode,<code>getacnode</code>,2,0.0007225
177,getacnunge,<code>getacnunge</code>,2,0.0007225
177,godcundan,<code>godcundan</code>,2,0.0007225
177,godspellican,<code>godspellican</code>,2,0.0007225
177,h&aelig;&thorn;enum,<code>h&amp;ae;&amp;t;enum</code>,2,0.0007225
177,h&aelig;lend,<code>h&amp;ae;lend</code>,2,0.0007225
177,habba&eth;,<code>habba&amp;d;</code>,2,0.0007225
177,halgan,<code>halgan</code>,2,0.0007225
177,halgum,<code>halgum</code>,2,0.0007225
177,halige,<code>halige</code>,2,0.0007225
177,hata&eth;,<code>hata&amp;d;</code>,2,0.0007225
177,heortum,<code>heortum</code>,2,0.0007225
177,hordfatu,<code>hordfatu</code>,2,0.0007225
177,hu,<code>hu</code>,2,0.0007225
177,hyrdas,<code>hyrdas</code>,2,0.0007225
177,hyrdum,<code>hyrdum</code>,2,0.0007225
177,ic,<code>ic</code>,2,0.0007225
177,iudea,<code>iudea</code>,2,0.0007225
177,lacum,<code>lacum</code>,2,0.0007225
177,lare,<code>lare</code>,2,0.0007225
177,leasan,<code>leasan</code>,2,0.0007225
177,leasunge,<code>leasunge</code>,2,0.0007225
177,leofa&eth;,<code>leofa&amp;d;</code>,2,0.0007225
177,lica&eth;,<code>lica&amp;d;</code>,2,0.0007225
177,lichama,<code>lichama</code>,2,0.0007225
177,magon,<code>magon</code>,2,0.0007225
177,meder,<code>meder</code>,2,0.0007225
177,menniscnysse,<code>menniscnysse</code>,2,0.0007225
177,meoxe,<code>meoxe</code>,2,0.0007225
177,min,<code>min</code>,2,0.0007225
177,mode,<code>mode</code>,2,0.0007225
177,modignysse,<code>modignysse</code>,2,0.0007225
177,n&aelig;fre,<code>n&amp;ae;fre</code>,2,0.0007225
177,n&aelig;ron,<code>n&amp;ae;ron</code>,2,0.0007225
177,natus,<code>natus</code>,2,0.0007225
177,niwne,<code>niwne</code>,2,0.0007225
177,nolde,<code>nolde</code>,2,0.0007225
177,nytenu,<code>nytenu</code>,2,0.0007225
177,o&eth;&eth;e,<code>o&amp;d;&amp;d;e</code>,2,0.0007225
177,oft,<code>oft</code>,2,0.0007225
177,rice,<code>rice</code>,2,0.0007225
177,rihtwis,<code>rihtwis</code>,2,0.0007225
177,rota&eth;,<code>rota&amp;d;</code>,2,0.0007225
177,sceolon,<code>sceolon</code>,2,0.0007225
177,scyppendes,<code>scyppendes</code>,2,0.0007225
177,sibbe,<code>sibbe</code>,2,0.0007225
177,so&eth;ne,<code>so&amp;d;ne</code>,2,0.0007225
177,stowlice,<code>stowlice</code>,2,0.0007225
177,sunu,<code>sunu</code>,2,0.0007225
177,sy&eth;&eth;an,<code>sy&amp;d;&amp;d;an</code>,2,0.0007225
177,talige,<code>talige</code>,2,0.0007225
177,tocyme,<code>tocyme</code>,2,0.0007225
177,towearde,<code>towearde</code>,2,0.0007225
177,twyn,<code>twyn</code>,2,0.0007225
177,undeadlic,<code>undeadlic</code>,2,0.0007225
177,undergeaton,<code>undergeaton</code>,2,0.0007225
177,ures,<code>ures</code>,2,0.0007225
177,weg,<code>weg</code>,2,0.0007225
177,weig,<code>weig</code>,2,0.0007225
177,wi&eth;socon,<code>wi&amp;d;socon</code>,2,0.0007225
177,willa&eth;,<code>willa&amp;d;</code>,2,0.0007225
177,wolde,<code>wolde</code>,2,0.0007225
177,ydele,<code>ydele</code>,2,0.0007225
177,yfel,<code>yfel</code>,2,0.0007225
177,yfelnysse,<code>yfelnysse</code>,2,0.0007225
177,ylcan,<code>ylcan</code>,2,0.0007225
333,&aelig;&thorn;eling,<code>&amp;ae;&amp;t;eling</code>,1,0.0003613
333,&aelig;&thorn;elum,<code>&amp;ae;&amp;t;elum</code>,1,0.0003613
333,&aelig;fre,<code>&amp;ae;fre</code>,1,0.0003613
333,&aelig;g&eth;er,<code>&amp;ae;g&amp;d;er</code>,1,0.0003613
333,&aelig;g&thorn;er,<code>&amp;ae;g&amp;t;er</code>,1,0.0003613
333,&aelig;ighw&aelig;r,<code>&amp;ae;ighw&amp;ae;r</code>,1,0.0003613
333,&aelig;ighwar,<code>&amp;ae;ighwar</code>,1,0.0003613
333,&aelig;ni,<code>&amp;ae;ni</code>,1,0.0003613
333,&aelig;rran,<code>&amp;ae;rran</code>,1,0.0003613
333,&aelig;teowod,<code>&amp;ae;teowod</code>,1,0.0003613
333,&aelig;teowodon,<code>&amp;ae;teowodon</code>,1,0.0003613
333,&aelig;tstod,<code>&amp;ae;tstod</code>,1,0.0003613
333,&eth;&aelig;re,<code>&amp;d;&amp;ae;re</code>,1,0.0003613
333,&eth;am,<code>&amp;d;am</code>,1,0.0003613
333,&eth;as,<code>&amp;d;as</code>,1,0.0003613
333,&eth;eah,<code>&amp;d;eah</code>,1,0.0003613
333,&eth;ingum,<code>&amp;d;ingum</code>,1,0.0003613
333,&eth;is,<code>&amp;d;is</code>,1,0.0003613
333,&eth;issere,<code>&amp;d;issere</code>,1,0.0003613
333,&eth;rim,<code>&amp;d;rim</code>,1,0.0003613
333,&eth;ry,<code>&amp;d;ry</code>,1,0.0003613
333,&eth;ryfealdan,<code>&amp;d;ryfealdan</code>,1,0.0003613
333,&eth;us,<code>&amp;d;us</code>,1,0.0003613
333,&eth;y,<code>&amp;d;y</code>,1,0.0003613
333,&thorn;eawlicum,<code>&amp;t;eawlicum</code>,1,0.0003613
333,&thorn;eawum,<code>&amp;t;eawum</code>,1,0.0003613
333,&thorn;enode,<code>&amp;t;enode</code>,1,0.0003613
333,&thorn;eode,<code>&amp;t;eode</code>,1,0.0003613
333,&thorn;eowa&eth;,<code>&amp;t;eowa&amp;d;</code>,1,0.0003613
333,&thorn;es,<code>&amp;t;es</code>,1,0.0003613
333,&thorn;igene,<code>&amp;t;igene</code>,1,0.0003613
333,&thorn;inre,<code>&amp;t;inre</code>,1,0.0003613
333,&thorn;issera,<code>&amp;t;issera</code>,1,0.0003613
333,&thorn;rimfealdum,<code>&amp;t;rimfealdum</code>,1,0.0003613
333,&thorn;ryfealde,<code>&amp;t;ryfealde</code>,1,0.0003613
333,&thorn;rymwealdenda,<code>&amp;t;rymwealdenda</code>,1,0.0003613
333,&thorn;urhwuna&eth;,<code>&amp;t;urhwuna&amp;d;</code>,1,0.0003613
333,&thorn;urhwunian,<code>&amp;t;urhwunian</code>,1,0.0003613
333,&thorn;usenda,<code>&amp;t;usenda</code>,1,0.0003613
333,&thorn;wyrnysse,<code>&amp;t;wyrnysse</code>,1,0.0003613
333,&thorn;yses,<code>&amp;t;yses</code>,1,0.0003613
333,a,<code>a</code>,1,0.0003613
333,ab,<code>ab</code>,1,0.0003613
333,aber&eth;,<code>aber&amp;d;</code>,1,0.0003613
333,acen&eth;,<code>acen&amp;d;</code>,1,0.0003613
333,acende,<code>acende</code>,1,0.0003613
333,acennedan,<code>acennedan</code>,1,0.0003613
333,adam,<code>adam</code>,1,0.0003613
333,adame,<code>adame</code>,1,0.0003613
333,adames,<code>adames</code>,1,0.0003613
333,adr&aelig;fed,<code>adr&amp;ae;fed</code>,1,0.0003613
333,adw&aelig;scan,<code>adw&amp;ae;scan</code>,1,0.0003613
333,af&aelig;rdon,<code>af&amp;ae;rdon</code>,1,0.0003613
333,afandie,<code>afandie</code>,1,0.0003613
333,afundennysse,<code>afundennysse</code>,1,0.0003613
333,agen,<code>agen</code>,1,0.0003613
333,agenum,<code>agenum</code>,1,0.0003613
333,alysde,<code>alysde</code>,1,0.0003613
333,amen,<code>amen</code>,1,0.0003613
333,andgite,<code>andgite</code>,1,0.0003613
333,andweardan,<code>andweardan</code>,1,0.0003613
333,angenga,<code>angenga</code>,1,0.0003613
333,anmodlice,<code>anmodlice</code>,1,0.0003613
333,annysse,<code>annysse</code>,1,0.0003613
333,anr&aelig;dlice,<code>anr&amp;ae;dlice</code>,1,0.0003613
333,anr&aelig;dum,<code>anr&amp;ae;dum</code>,1,0.0003613
333,apostola,<code>apostola</code>,1,0.0003613
333,ardlice,<code>ardlice</code>,1,0.0003613
333,arleas,<code>arleas</code>,1,0.0003613
333,arleasnys,<code>arleasnys</code>,1,0.0003613
333,arleasnysse,<code>arleasnysse</code>,1,0.0003613
333,arleasra,<code>arleasra</code>,1,0.0003613
333,arleasum,<code>arleasum</code>,1,0.0003613
333,asend,<code>asend</code>,1,0.0003613
333,asprang,<code>asprang</code>,1,0.0003613
333,astrehtum,<code>astrehtum</code>,1,0.0003613
333,astyred,<code>astyred</code>,1,0.0003613
333,aw&aelig;ged,<code>aw&amp;ae;ged</code>,1,0.0003613
333,awendan,<code>awendan</code>,1,0.0003613
333,awende,<code>awende</code>,1,0.0003613
333,awrat,<code>awrat</code>,1,0.0003613
333,awriten,<code>awriten</code>,1,0.0003613
333,awyrigedan,<code>awyrigedan</code>,1,0.0003613
333,awyrigedum,<code>awyrigedum</code>,1,0.0003613
333,b&aelig;ftan,<code>b&amp;ae;ftan</code>,1,0.0003613
333,bebead,<code>bebead</code>,1,0.0003613
333,bebod,<code>bebod</code>,1,0.0003613
333,becom,<code>becom</code>,1,0.0003613
333,becomon,<code>becomon</code>,1,0.0003613
333,becuman,<code>becuman</code>,1,0.0003613
333,beforan,<code>beforan</code>,1,0.0003613
333,befrina&eth;,<code>befrina&amp;d;</code>,1,0.0003613
333,befrinende,<code>befrinende</code>,1,0.0003613
333,befrunon,<code>befrunon</code>,1,0.0003613
333,befyle,<code>befyle</code>,1,0.0003613
333,behydde,<code>behydde</code>,1,0.0003613
333,belamp,<code>belamp</code>,1,0.0003613
333,belifon,<code>belifon</code>,1,0.0003613
333,belimp&eth;,<code>belimp&amp;d;</code>,1,0.0003613
333,belyfa&eth;,<code>belyfa&amp;d;</code>,1,0.0003613
333,beo,<code>beo</code>,1,0.0003613
333,beon,<code>beon</code>,1,0.0003613
333,beorhtan,<code>beorhtan</code>,1,0.0003613
333,beorhtne,<code>beorhtne</code>,1,0.0003613
333,beorhtnysse,<code>beorhtnysse</code>,1,0.0003613
333,bep&aelig;ht,<code>bep&amp;ae;ht</code>,1,0.0003613
333,bescufe,<code>bescufe</code>,1,0.0003613
333,beswac,<code>beswac</code>,1,0.0003613
333,betera,<code>betera</code>,1,0.0003613
333,betleem,<code>betleem</code>,1,0.0003613
333,bewyrf&eth;,<code>bewyrf&amp;d;</code>,1,0.0003613
333,bidda&eth;,<code>bidda&amp;d;</code>,1,0.0003613
333,bigleofan,<code>bigleofan</code>,1,0.0003613
333,bih&eth;,<code>bih&amp;d;</code>,1,0.0003613
333,biuode,<code>biuode</code>,1,0.0003613
333,blissodon,<code>blissodon</code>,1,0.0003613
333,boclicum,<code>boclicum</code>,1,0.0003613
333,bodade,<code>bodade</code>,1,0.0003613
333,bro&eth;er,<code>bro&amp;d;er</code>,1,0.0003613
333,brohton,<code>brohton</code>,1,0.0003613
333,burga,<code>burga</code>,1,0.0003613
333,burhwaru,<code>burhwaru</code>,1,0.0003613
333,byri,<code>byri</code>,1,0.0003613
333,byrig,<code>byrig</code>,1,0.0003613
333,byrnende,<code>byrnende</code>,1,0.0003613
333,cenninge,<code>cenninge</code>,1,0.0003613
333,cenningstow,<code>cenningstow</code>,1,0.0003613
333,clypode,<code>clypode</code>,1,0.0003613
333,cu&eth;e,<code>cu&amp;d;e</code>,1,0.0003613
333,cu&eth;on,<code>cu&amp;d;on</code>,1,0.0003613
333,culfran,<code>culfran</code>,1,0.0003613
333,cum,<code>cum</code>,1,0.0003613
333,cw&#275;&eth;,<code>cw&amp;e;&amp;d;</code>,1,0.0003613
333,cwe&thorn;a&eth;,<code>cwe&amp;t;a&amp;d;</code>,1,0.0003613
333,cwelmb&aelig;rnyss,<code>cwelmb&amp;ae;rnyss</code>,1,0.0003613
333,cwen,<code>cwen</code>,1,0.0003613
333,cwylmia&eth;,<code>cwylmia&amp;d;</code>,1,0.0003613
333,cy&eth;&eth;e,<code>cy&amp;d;&amp;d;e</code>,1,0.0003613
333,cy&eth;a&eth;,<code>cy&amp;d;a&amp;d;</code>,1,0.0003613
333,cydde,<code>cydde</code>,1,0.0003613
333,cym&eth;,<code>cym&amp;d;</code>,1,0.0003613
333,cynesetle,<code>cynesetle</code>,1,0.0003613
333,cyningum,<code>cyningum</code>,1,0.0003613
333,cynne,<code>cynne</code>,1,0.0003613
333,d&aelig;da,<code>d&amp;ae;da</code>,1,0.0003613
333,d&aelig;g,<code>d&amp;ae;g</code>,1,0.0003613
333,dagas,<code>dagas</code>,1,0.0003613
333,de&eth;,<code>de&amp;d;</code>,1,0.0003613
333,dea&eth;e,<code>dea&amp;d;e</code>,1,0.0003613
333,deadlicnysse,<code>deadlicnysse</code>,1,0.0003613
333,deadra,<code>deadra</code>,1,0.0003613
333,deope,<code>deope</code>,1,0.0003613
333,deopnysse,<code>deopnysse</code>,1,0.0003613
333,dicentes,<code>dicentes</code>,1,0.0003613
333,diebus,<code>diebus</code>,1,0.0003613
333,dom,<code>dom</code>,1,0.0003613
333,drihtne,<code>drihtne</code>,1,0.0003613
333,drihtnes,<code>drihtnes</code>,1,0.0003613
333,drium,<code>drium</code>,1,0.0003613
333,drypton,<code>drypton</code>,1,0.0003613
333,dumban,<code>dumban</code>,1,0.0003613
333,dyde,<code>dyde</code>,1,0.0003613
333,e&eth;le,<code>e&amp;d;le</code>,1,0.0003613
333,ea&eth;elice,<code>ea&amp;d;elice</code>,1,0.0003613
333,ea&thorn;e,<code>ea&amp;t;e</code>,1,0.0003613
333,eadmodnysse,<code>eadmodnysse</code>,1,0.0003613
333,eala,<code>eala</code>,1,0.0003613
333,ealdan,<code>ealdan</code>,1,0.0003613
333,ealdorbiscopas,<code>ealdorbiscopas</code>,1,0.0003613
333,ealdrum,<code>ealdrum</code>,1,0.0003613
333,ealles,<code>ealles</code>,1,0.0003613
333,eallre,<code>eallre</code>,1,0.0003613
333,eallunga,<code>eallunga</code>,1,0.0003613
333,ealne,<code>ealne</code>,1,0.0003613
333,ealra,<code>ealra</code>,1,0.0003613
333,eart,<code>eart</code>,1,0.0003613
333,easternan,<code>easternan</code>,1,0.0003613
333,ecan,<code>ecan</code>,1,0.0003613
333,ecce,<code>ecce</code>,1,0.0003613
333,ecere,<code>ecere</code>,1,0.0003613
333,embe,<code>embe</code>,1,0.0003613
333,endemes,<code>endemes</code>,1,0.0003613
333,engel,<code>engel</code>,1,0.0003613
333,engla,<code>engla</code>,1,0.0003613
333,engles,<code>engles</code>,1,0.0003613
333,eode,<code>eode</code>,1,0.0003613
333,eor&eth;an,<code>eor&amp;d;an</code>,1,0.0003613
333,eor&eth;lice,<code>eor&amp;d;lice</code>,1,0.0003613
333,eor&thorn;e,<code>eor&amp;t;e</code>,1,0.0003613
333,eow,<code>eow</code>,1,0.0003613
333,eowerum,<code>eowerum</code>,1,0.0003613
333,esset,<code>esset</code>,1,0.0003613
333,et,<code>et</code>,1,0.0003613
333,f&aelig;relde,<code>f&amp;ae;relde</code>,1,0.0003613
333,f&aelig;ste,<code>f&amp;ae;ste</code>,1,0.0003613
333,facenfullum,<code>facenfullum</code>,1,0.0003613
333,fara&eth;,<code>fara&amp;d;</code>,1,0.0003613
333,feawum,<code>feawum</code>,1,0.0003613
333,fela,<code>fela</code>,1,0.0003613
333,feondscipas,<code>feondscipas</code>,1,0.0003613
333,feorran,<code>feorran</code>,1,0.0003613
333,fet,<code>fet</code>,1,0.0003613
333,fl&aelig;sce,<code>fl&amp;ae;sce</code>,1,0.0003613
333,fl&aelig;sces,<code>fl&amp;ae;sces</code>,1,0.0003613
333,fl&aelig;sclican,<code>fl&amp;ae;sclican</code>,1,0.0003613
333,fl&aelig;sclice,<code>fl&amp;ae;sclice</code>,1,0.0003613
333,flowendan,<code>flowendan</code>,1,0.0003613
333,folc,<code>folc</code>,1,0.0003613
333,fon,<code>fon</code>,1,0.0003613
333,for&eth;f&aelig;dera,<code>for&amp;d;f&amp;ae;dera</code>,1,0.0003613
333,for&eth;si&eth;e,<code>for&amp;d;si&amp;d;e</code>,1,0.0003613
333,forbodenan,<code>forbodenan</code>,1,0.0003613
333,forbugon,<code>forbugon</code>,1,0.0003613
333,forcyrdon,<code>forcyrdon</code>,1,0.0003613
333,forde&eth;,<code>forde&amp;d;</code>,1,0.0003613
333,foresceawa&eth;,<code>foresceawa&amp;d;</code>,1,0.0003613
333,forestihtan,<code>forestihtan</code>,1,0.0003613
333,forg&aelig;gdon,<code>forg&amp;ae;gdon</code>,1,0.0003613
333,forl&aelig;ta&eth;,<code>forl&amp;ae;ta&amp;d;</code>,1,0.0003613
333,forleosan,<code>forleosan</code>,1,0.0003613
333,forlet,<code>forlet</code>,1,0.0003613
333,forleton,<code>forleton</code>,1,0.0003613
333,forlyst,<code>forlyst</code>,1,0.0003613
333,forman,<code>forman</code>,1,0.0003613
333,forrotedon,<code>forrotedon</code>,1,0.0003613
333,forrotia&eth;,<code>forrotia&amp;d;</code>,1,0.0003613
333,forscyldgod,<code>forscyldgod</code>,1,0.0003613
333,forscyldgode,<code>forscyldgode</code>,1,0.0003613
333,forwel,<code>forwel</code>,1,0.0003613
333,forwur&eth;a&eth;,<code>forwur&amp;d;a&amp;d;</code>,1,0.0003613
333,fotwylmum,<code>fotwylmum</code>,1,0.0003613
333,freolsd&aelig;g,<code>freolsd&amp;ae;g</code>,1,0.0003613
333,freolstide,<code>freolstide</code>,1,0.0003613
333,frumsceapena,<code>frumsceapena</code>,1,0.0003613
333,fulluhte,<code>fulluhte</code>,1,0.0003613
333,fultume,<code>fultume</code>,1,0.0003613
333,fyrlyne,<code>fyrlyne</code>,1,0.0003613
333,gasta,<code>gasta</code>,1,0.0003613
333,gaste,<code>gaste</code>,1,0.0003613
333,gastes,<code>gastes</code>,1,0.0003613
333,gastlican,<code>gastlican</code>,1,0.0003613
333,ge&thorn;afod,<code>ge&amp;t;afod</code>,1,0.0003613
333,ge&thorn;eodde,<code>ge&amp;t;eodde</code>,1,0.0003613
333,ge&thorn;ih&eth;,<code>ge&amp;t;ih&amp;d;</code>,1,0.0003613
333,ge&thorn;ohtas,<code>ge&amp;t;ohtas</code>,1,0.0003613
333,geara,<code>geara</code>,1,0.0003613
333,gearcode,<code>gearcode</code>,1,0.0003613
333,gebeda,<code>gebeda</code>,1,0.0003613
333,gebicnungum,<code>gebicnungum</code>,1,0.0003613
333,gebigde,<code>gebigde</code>,1,0.0003613
333,gebigede,<code>gebigede</code>,1,0.0003613
333,gebyra&eth;,<code>gebyra&amp;d;</code>,1,0.0003613
333,gebyrdtide,<code>gebyrdtide</code>,1,0.0003613
333,gebyrdum,<code>gebyrdum</code>,1,0.0003613
333,geceas,<code>geceas</code>,1,0.0003613
333,gecnyrdnysse,<code>gecnyrdnysse</code>,1,0.0003613
333,gecweden,<code>gecweden</code>,1,0.0003613
333,gecyd,<code>gecyd</code>,1,0.0003613
333,gecyndelice,<code>gecyndelice</code>,1,0.0003613
333,gecyrran,<code>gecyrran</code>,1,0.0003613
333,gecyrrednys,<code>gecyrrednys</code>,1,0.0003613
333,gedafena&eth;,<code>gedafena&amp;d;</code>,1,0.0003613
333,gedafenlic,<code>gedafenlic</code>,1,0.0003613
333,gedwolan,<code>gedwolan</code>,1,0.0003613
333,gedwolmenn,<code>gedwolmenn</code>,1,0.0003613
333,gedwyld,<code>gedwyld</code>,1,0.0003613
333,geearnige,<code>geearnige</code>,1,0.0003613
333,geendebyrde,<code>geendebyrde</code>,1,0.0003613
333,geendia&eth;,<code>geendia&amp;d;</code>,1,0.0003613
333,geeuenlec&eth;,<code>geeuenlec&amp;d;</code>,1,0.0003613
333,gefeg&eth;,<code>gefeg&amp;d;</code>,1,0.0003613
333,gegaderode,<code>gegaderode</code>,1,0.0003613
333,gehaten,<code>gehaten</code>,1,0.0003613
333,gehende,<code>gehende</code>,1,0.0003613
333,gehendor,<code>gehendor</code>,1,0.0003613
333,gehiwod,<code>gehiwod</code>,1,0.0003613
333,gehwylcum,<code>gehwylcum</code>,1,0.0003613
333,gehyra&eth;,<code>gehyra&amp;d;</code>,1,0.0003613
333,gehyred,<code>gehyred</code>,1,0.0003613
333,gehyrende,<code>gehyrende</code>,1,0.0003613
333,gehyrsumia&eth;,<code>gehyrsumia&amp;d;</code>,1,0.0003613
333,gehyrsumodon,<code>gehyrsumodon</code>,1,0.0003613
333,gel&aelig;t,<code>gel&amp;ae;t</code>,1,0.0003613
333,gela&thorn;ung,<code>gela&amp;t;ung</code>,1,0.0003613
333,geleaffull,<code>geleaffull</code>,1,0.0003613
333,geleaffullan,<code>geleaffullan</code>,1,0.0003613
333,geleaffullum,<code>geleaffullum</code>,1,0.0003613
333,gelica&eth;,<code>gelica&amp;d;</code>,1,0.0003613
333,gelice,<code>gelice</code>,1,0.0003613
333,gelimp&eth;,<code>gelimp&amp;d;</code>,1,0.0003613
333,gelimpe,<code>gelimpe</code>,1,0.0003613
333,gelome,<code>gelome</code>,1,0.0003613
333,gelyfa&eth;,<code>gelyfa&amp;d;</code>,1,0.0003613
333,gelyfedra,<code>gelyfedra</code>,1,0.0003613
333,gem&aelig;nelicum,<code>gem&amp;ae;nelicum</code>,1,0.0003613
333,gemet,<code>gemet</code>,1,0.0003613
333,gemiltsod,<code>gemiltsod</code>,1,0.0003613
333,geni&thorn;orode,<code>geni&amp;t;orode</code>,1,0.0003613
333,geoffria&eth;,<code>geoffria&amp;d;</code>,1,0.0003613
333,geoffrian,<code>geoffrian</code>,1,0.0003613
333,geopenod,<code>geopenod</code>,1,0.0003613
333,georne,<code>georne</code>,1,0.0003613
333,geornlice,<code>geornlice</code>,1,0.0003613
333,gerecednysse,<code>gerecednysse</code>,1,0.0003613
333,gereste,<code>gereste</code>,1,0.0003613
333,ges&aelig;d,<code>ges&amp;ae;d</code>,1,0.0003613
333,ges&aelig;l&eth;a,<code>ges&amp;ae;l&amp;d;a</code>,1,0.0003613
333,ges&aelig;lilice,<code>ges&amp;ae;lilice</code>,1,0.0003613
333,gesamnode,<code>gesamnode</code>,1,0.0003613
333,gesceade,<code>gesceade</code>,1,0.0003613
333,gesceades,<code>gesceades</code>,1,0.0003613
333,gesceadwisa,<code>gesceadwisa</code>,1,0.0003613
333,gesceadwisum,<code>gesceadwisum</code>,1,0.0003613
333,gesceaft,<code>gesceaft</code>,1,0.0003613
333,gesceapen,<code>gesceapen</code>,1,0.0003613
333,gesceope,<code>gesceope</code>,1,0.0003613
333,gescynd,<code>gescynd</code>,1,0.0003613
333,gesetnysse,<code>gesetnysse</code>,1,0.0003613
333,gesetnyssum,<code>gesetnyssum</code>,1,0.0003613
333,gesohton,<code>gesohton</code>,1,0.0003613
333,gestihte,<code>gestihte</code>,1,0.0003613
333,gestod,<code>gestod</code>,1,0.0003613
333,geswutelung,<code>geswutelung</code>,1,0.0003613
333,geswutelungd&aelig;g,<code>geswutelungd&amp;ae;g</code>,1,0.0003613
333,geswutelunge,<code>geswutelunge</code>,1,0.0003613
333,getacnigendlice,<code>getacnigendlice</code>,1,0.0003613
333,getacnod,<code>getacnod</code>,1,0.0003613
333,getacnodon,<code>getacnodon</code>,1,0.0003613
333,getel,<code>getel</code>,1,0.0003613
333,getwysan,<code>getwysan</code>,1,0.0003613
333,gewarnode,<code>gewarnode</code>,1,0.0003613
333,gewilnigendlic,<code>gewilnigendlic</code>,1,0.0003613
333,gewilnunge,<code>gewilnunge</code>,1,0.0003613
333,gewislice,<code>gewislice</code>,1,0.0003613
333,gewissa&eth;,<code>gewissa&amp;d;</code>,1,0.0003613
333,gewissian,<code>gewissian</code>,1,0.0003613
333,gewissode,<code>gewissode</code>,1,0.0003613
333,gewite,<code>gewite</code>,1,0.0003613
333,geworhte,<code>geworhte</code>,1,0.0003613
333,geworhton,<code>geworhton</code>,1,0.0003613
333,gewrit,<code>gewrit</code>,1,0.0003613
333,gewrita,<code>gewrita</code>,1,0.0003613
333,gewylt,<code>gewylt</code>,1,0.0003613
333,gewyr&eth;,<code>gewyr&amp;d;</code>,1,0.0003613
333,godcundnysse,<code>godcundnysse</code>,1,0.0003613
333,godcundra,<code>godcundra</code>,1,0.0003613
333,godnyss,<code>godnyss</code>,1,0.0003613
333,godspel,<code>godspel</code>,1,0.0003613
333,godspellere,<code>godspellere</code>,1,0.0003613
333,godspelles,<code>godspelles</code>,1,0.0003613
333,golde,<code>golde</code>,1,0.0003613
333,goldhord,<code>goldhord</code>,1,0.0003613
333,h&aelig;&eth;enes,<code>h&amp;ae;&amp;d;enes</code>,1,0.0003613
333,h&aelig;&eth;enscipe,<code>h&amp;ae;&amp;d;enscipe</code>,1,0.0003613
333,h&aelig;fde,<code>h&amp;ae;fde</code>,1,0.0003613
333,h&aelig;fdon,<code>h&amp;ae;fdon</code>,1,0.0003613
333,h&aelig;ftlingas,<code>h&amp;ae;ftlingas</code>,1,0.0003613
333,h&aelig;lendes,<code>h&amp;ae;lendes</code>,1,0.0003613
333,halga,<code>halga</code>,1,0.0003613
333,halig,<code>halig</code>,1,0.0003613
333,haligra,<code>haligra</code>,1,0.0003613
333,handa,<code>handa</code>,1,0.0003613
333,hatode,<code>hatode</code>,1,0.0003613
333,healda&eth;,<code>healda&amp;d;</code>,1,0.0003613
333,healican,<code>healican</code>,1,0.0003613
333,healicnys,<code>healicnys</code>,1,0.0003613
333,healicum,<code>healicum</code>,1,0.0003613
333,heardheortan,<code>heardheortan</code>,1,0.0003613
333,hel,<code>hel</code>,1,0.0003613
333,heofenan,<code>heofenan</code>,1,0.0003613
333,heofenlice,<code>heofenlice</code>,1,0.0003613
333,heofonas,<code>heofonas</code>,1,0.0003613
333,heofonlice,<code>heofonlice</code>,1,0.0003613
333,heold,<code>heold</code>,1,0.0003613
333,heononfor&thorn;,<code>heononfor&amp;t;</code>,1,0.0003613
333,heretoga,<code>heretoga</code>,1,0.0003613
333,herode,<code>herode</code>,1,0.0003613
333,herodem,<code>herodem</code>,1,0.0003613
333,hierosolimam,<code>hierosolimam</code>,1,0.0003613
333,hierusalem,<code>hierusalem</code>,1,0.0003613
333,hiwe,<code>hiwe</code>,1,0.0003613
333,hiwunge,<code>hiwunge</code>,1,0.0003613
333,hlude,<code>hlude</code>,1,0.0003613
333,hrepodon,<code>hrepodon</code>,1,0.0003613
333,huse,<code>huse</code>,1,0.0003613
333,hw&aelig;thwega,<code>hw&amp;ae;thwega</code>,1,0.0003613
333,hwi,<code>hwi</code>,1,0.0003613
333,hwilce,<code>hwilce</code>,1,0.0003613
333,hwilces,<code>hwilces</code>,1,0.0003613
333,hyrnstan,<code>hyrnstan</code>,1,0.0003613
333,hyrnstane,<code>hyrnstane</code>,1,0.0003613
333,ianvarii,<code>ianvarii</code>,1,0.0003613
333,idvs,<code>idvs</code>,1,0.0003613
333,iesus,<code>iesus</code>,1,0.0003613
333,inn,<code>inn</code>,1,0.0003613
333,inne,<code>inne</code>,1,0.0003613
333,into,<code>into</code>,1,0.0003613
333,isaaces,<code>isaaces</code>,1,0.0003613
333,israhela,<code>israhela</code>,1,0.0003613
333,iud&#275;,<code>iud&amp;e;</code>,1,0.0003613
333,iudei,<code>iudei</code>,1,0.0003613
333,iudeisc,<code>iudeisc</code>,1,0.0003613
333,iudeiscra,<code>iudeiscra</code>,1,0.0003613
333,iudeiscre,<code>iudeiscre</code>,1,0.0003613
333,iudeorum,<code>iudeorum</code>,1,0.0003613
333,land,<code>land</code>,1,0.0003613
333,lareowum,<code>lareowum</code>,1,0.0003613
333,late,<code>late</code>,1,0.0003613
333,latteow,<code>latteow</code>,1,0.0003613
333,leahtorlice,<code>leahtorlice</code>,1,0.0003613
333,leahtrum,<code>leahtrum</code>,1,0.0003613
333,leas,<code>leas</code>,1,0.0003613
333,lendena,<code>lendena</code>,1,0.0003613
333,leoda,<code>leoda</code>,1,0.0003613
333,leofa,<code>leofa</code>,1,0.0003613
333,leofostan,<code>leofostan</code>,1,0.0003613
333,leoman,<code>leoman</code>,1,0.0003613
333,li&eth;,<code>li&amp;d;</code>,1,0.0003613
333,lic,<code>lic</code>,1,0.0003613
333,licceteras,<code>licceteras</code>,1,0.0003613
333,lichaman,<code>lichaman</code>,1,0.0003613
333,lichamlice,<code>lichamlice</code>,1,0.0003613
333,life,<code>life</code>,1,0.0003613
333,lifes,<code>lifes</code>,1,0.0003613
333,lihtinge,<code>lihtinge</code>,1,0.0003613
333,lufa&eth;,<code>lufa&amp;d;</code>,1,0.0003613
333,lufode,<code>lufode</code>,1,0.0003613
333,lustas,<code>lustas</code>,1,0.0003613
333,lybban,<code>lybban</code>,1,0.0003613
333,m&aelig;gnum,<code>m&amp;ae;gnum</code>,1,0.0003613
333,ma,<code>ma</code>,1,0.0003613
333,mage,<code>mage</code>,1,0.0003613
333,magi,<code>magi</code>,1,0.0003613
333,mancyn,<code>mancyn</code>,1,0.0003613
333,mancynn,<code>mancynn</code>,1,0.0003613
333,mancynne,<code>mancynne</code>,1,0.0003613
333,mand&aelig;dum,<code>mand&amp;ae;dum</code>,1,0.0003613
333,mann,<code>mann</code>,1,0.0003613
333,mannum,<code>mannum</code>,1,0.0003613
333,marian,<code>marian</code>,1,0.0003613
333,matheus,<code>matheus</code>,1,0.0003613
333,men,<code>men</code>,1,0.0003613
333,micclan,<code>micclan</code>,1,0.0003613
333,miccles,<code>miccles</code>,1,0.0003613
333,micclum,<code>micclum</code>,1,0.0003613
333,micel,<code>micel</code>,1,0.0003613
333,micheam,<code>micheam</code>,1,0.0003613
333,micle,<code>micle</code>,1,0.0003613
333,midd&aelig;ge,<code>midd&amp;ae;ge</code>,1,0.0003613
333,middanearde,<code>middanearde</code>,1,0.0003613
333,mihtelice,<code>mihtelice</code>,1,0.0003613
333,mihton,<code>mihton</code>,1,0.0003613
333,mildheortnys,<code>mildheortnys</code>,1,0.0003613
333,mildheortnysse,<code>mildheortnysse</code>,1,0.0003613
333,mirra,<code>mirra</code>,1,0.0003613
333,mirre,<code>mirre</code>,1,0.0003613
333,mislicum,<code>mislicum</code>,1,0.0003613
333,miswendon,<code>miswendon</code>,1,0.0003613
333,modes,<code>modes</code>,1,0.0003613
333,modigra,<code>modigra</code>,1,0.0003613
333,moston,<code>moston</code>,1,0.0003613
333,moton,<code>moton</code>,1,0.0003613
333,mu&thorn;e,<code>mu&amp;t;e</code>,1,0.0003613
333,myrh&eth;e,<code>myrh&amp;d;e</code>,1,0.0003613
333,n&aelig;s,<code>n&amp;ae;s</code>,1,0.0003613
333,na&thorn;rum,<code>na&amp;t;rum</code>,1,0.0003613
333,namon,<code>namon</code>,1,0.0003613
333,neada&eth;,<code>neada&amp;d;</code>,1,0.0003613
333,neadian,<code>neadian</code>,1,0.0003613
333,neadige,<code>neadige</code>,1,0.0003613
333,neadunge,<code>neadunge</code>,1,0.0003613
333,neod,<code>neod</code>,1,0.0003613
333,neorcsenawang,<code>neorcsenawang</code>,1,0.0003613
333,neorxenawanges,<code>neorxenawanges</code>,1,0.0003613
333,nihtlicre,<code>nihtlicre</code>,1,0.0003613
333,niwe,<code>niwe</code>,1,0.0003613
333,non,<code>non</code>,1,0.0003613
333,ny&thorn;erfeallende,<code>ny&amp;t;erfeallende</code>,1,0.0003613
333,nyston,<code>nyston</code>,1,0.0003613
333,o&thorn;re,<code>o&amp;t;re</code>,1,0.0003613
333,o&thorn;rum,<code>o&amp;t;rum</code>,1,0.0003613
333,ofer,<code>ofer</code>,1,0.0003613
333,oferglad,<code>oferglad</code>,1,0.0003613
333,oferr&aelig;ddon,<code>oferr&amp;ae;ddon</code>,1,0.0003613
333,oferyrnan,<code>oferyrnan</code>,1,0.0003613
333,offria&eth;,<code>offria&amp;d;</code>,1,0.0003613
333,ofgan,<code>ofgan</code>,1,0.0003613
333,ofspringe,<code>ofspringe</code>,1,0.0003613
333,on&aelig;la&eth;,<code>on&amp;ae;la&amp;d;</code>,1,0.0003613
333,onfangenre,<code>onfangenre</code>,1,0.0003613
333,onliht,<code>onliht</code>,1,0.0003613
333,onlihtinge,<code>onlihtinge</code>,1,0.0003613
333,onscuna&eth;,<code>onscuna&amp;d;</code>,1,0.0003613
333,onwunode,<code>onwunode</code>,1,0.0003613
333,oriente,<code>oriente</code>,1,0.0003613
333,paulus,<code>paulus</code>,1,0.0003613
333,qui,<code>qui</code>,1,0.0003613
333,r&aelig;ddon,<code>r&amp;ae;ddon</code>,1,0.0003613
333,r&aelig;de,<code>r&amp;ae;de</code>,1,0.0003613
333,re&eth;an,<code>re&amp;d;an</code>,1,0.0003613
333,re&thorn;an,<code>re&amp;t;an</code>,1,0.0003613
333,rebecca,<code>rebecca</code>,1,0.0003613
333,regis,<code>regis</code>,1,0.0003613
333,reliqua,<code>reliqua</code>,1,0.0003613
333,rex,<code>rex</code>,1,0.0003613
333,rihtwisa,<code>rihtwisa</code>,1,0.0003613
333,rihtwisnyss,<code>rihtwisnyss</code>,1,0.0003613
333,rixa&eth;,<code>rixa&amp;d;</code>,1,0.0003613
333,rixia&eth;,<code>rixia&amp;d;</code>,1,0.0003613
333,rixie,<code>rixie</code>,1,0.0003613
333,rixode,<code>rixode</code>,1,0.0003613
333,rotian,<code>rotian</code>,1,0.0003613
333,s&aelig;,<code>s&amp;ae;</code>,1,0.0003613
333,s&aelig;don,<code>s&amp;ae;don</code>,1,0.0003613
333,salomon,<code>salomon</code>,1,0.0003613
333,samod,<code>samod</code>,1,0.0003613
333,sang,<code>sang</code>,1,0.0003613
333,sceal,<code>sceal</code>,1,0.0003613
333,scinende,<code>scinende</code>,1,0.0003613
333,scoria&eth;,<code>scoria&amp;d;</code>,1,0.0003613
333,scyppende,<code>scyppende</code>,1,0.0003613
333,sealmsceop,<code>sealmsceop</code>,1,0.0003613
333,sealmscop,<code>sealmscop</code>,1,0.0003613
333,seca&eth;,<code>seca&amp;d;</code>,1,0.0003613
333,secenne,<code>secenne</code>,1,0.0003613
333,secgan,<code>secgan</code>,1,0.0003613
333,seltcu&eth;a,<code>seltcu&amp;d;a</code>,1,0.0003613
333,sende,<code>sende</code>,1,0.0003613
333,sib,<code>sib</code>,1,0.0003613
333,so&eth;a,<code>so&amp;d;a</code>,1,0.0003613
333,so&eth;an,<code>so&amp;d;an</code>,1,0.0003613
333,so&eth;f&aelig;stre,<code>so&amp;d;f&amp;ae;stre</code>,1,0.0003613
333,so&thorn;an,<code>so&amp;t;an</code>,1,0.0003613
333,so&thorn;ne,<code>so&amp;t;ne</code>,1,0.0003613
333,sohte,<code>sohte</code>,1,0.0003613
333,spr&aelig;ce,<code>spr&amp;ae;ce</code>,1,0.0003613
333,spreca&eth;,<code>spreca&amp;d;</code>,1,0.0003613
333,st&aelig;ppan,<code>st&amp;ae;ppan</code>,1,0.0003613
333,stanas,<code>stanas</code>,1,0.0003613
333,stemn,<code>stemn</code>,1,0.0003613
333,stemne,<code>stemne</code>,1,0.0003613
333,stence,<code>stence</code>,1,0.0003613
333,stencum,<code>stencum</code>,1,0.0003613
333,steorrena,<code>steorrena</code>,1,0.0003613
333,steorrum,<code>steorrum</code>,1,0.0003613
333,sticm&aelig;lum,<code>sticm&amp;ae;lum</code>,1,0.0003613
333,stincan,<code>stincan</code>,1,0.0003613
333,store,<code>store</code>,1,0.0003613
333,stunte,<code>stunte</code>,1,0.0003613
333,stuntra,<code>stuntra</code>,1,0.0003613
333,sum,<code>sum</code>,1,0.0003613
333,sumum,<code>sumum</code>,1,0.0003613
333,sunderspr&aelig;ce,<code>sunderspr&amp;ae;ce</code>,1,0.0003613
333,sunne,<code>sunne</code>,1,0.0003613
333,swefne,<code>swefne</code>,1,0.0003613
333,swegde,<code>swegde</code>,1,0.0003613
333,swi&eth;e,<code>swi&amp;d;e</code>,1,0.0003613
333,swi&eth;or,<code>swi&amp;d;or</code>,1,0.0003613
333,swi&thorn;or,<code>swi&amp;t;or</code>,1,0.0003613
333,swi&thorn;ost,<code>swi&amp;t;ost</code>,1,0.0003613
333,swicola,<code>swicola</code>,1,0.0003613
333,swicolan,<code>swicolan</code>,1,0.0003613
333,swutel,<code>swutel</code>,1,0.0003613
333,sy&thorn;&eth;an,<code>sy&amp;t;&amp;d;an</code>,1,0.0003613
333,sylf,<code>sylf</code>,1,0.0003613
333,sylfe,<code>sylfe</code>,1,0.0003613
333,sylle,<code>sylle</code>,1,0.0003613
333,syngian,<code>syngian</code>,1,0.0003613
333,syngienne,<code>syngienne</code>,1,0.0003613
333,synna,<code>synna</code>,1,0.0003613
333,tacn,<code>tacn</code>,1,0.0003613
333,tacnum,<code>tacnum</code>,1,0.0003613
333,tihtinge,<code>tihtinge</code>,1,0.0003613
333,timan,<code>timan</code>,1,0.0003613
333,toburston,<code>toburston</code>,1,0.0003613
333,tocnawan,<code>tocnawan</code>,1,0.0003613
333,tocneowon,<code>tocneowon</code>,1,0.0003613
333,tog&aelig;dere,<code>tog&amp;ae;dere</code>,1,0.0003613
333,toweard,<code>toweard</code>,1,0.0003613
333,towurpende,<code>towurpende</code>,1,0.0003613
333,traht,<code>traht</code>,1,0.0003613
333,trahtnian,<code>trahtnian</code>,1,0.0003613
333,trahtnunge,<code>trahtnunge</code>,1,0.0003613
333,tungel,<code>tungel</code>,1,0.0003613
333,tunglum,<code>tunglum</code>,1,0.0003613
333,ubi,<code>ubi</code>,1,0.0003613
333,uenerunt,<code>uenerunt</code>,1,0.0003613
333,un&thorn;ances,<code>un&amp;t;ances</code>,1,0.0003613
333,un&thorn;rowiendlic,<code>un&amp;t;rowiendlic</code>,1,0.0003613
333,uncy&eth;&eth;e,<code>uncy&amp;d;&amp;d;e</code>,1,0.0003613
333,underfenge,<code>underfenge</code>,1,0.0003613
333,ungeleaffulle,<code>ungeleaffulle</code>,1,0.0003613
333,ungesewen,<code>ungesewen</code>,1,0.0003613
333,unrihtwisnysse,<code>unrihtwisnysse</code>,1,0.0003613
333,unt&aelig;le,<code>unt&amp;ae;le</code>,1,0.0003613
333,upplican,<code>upplican</code>,1,0.0003613
333,uppon,<code>uppon</code>,1,0.0003613
333,upspringe,<code>upspringe</code>,1,0.0003613
333,viii,<code>viii</code>,1,0.0003613
333,w&aelig;ter,<code>w&amp;ae;ter</code>,1,0.0003613
333,wacost,<code>wacost</code>,1,0.0003613
333,wagas,<code>wagas</code>,1,0.0003613
333,wat,<code>wat</code>,1,0.0003613
333,weallas,<code>weallas</code>,1,0.0003613
333,weges,<code>weges</code>,1,0.0003613
333,wel,<code>wel</code>,1,0.0003613
333,wena,<code>wena</code>,1,0.0003613
333,wenan,<code>wenan</code>,1,0.0003613
333,wende,<code>wende</code>,1,0.0003613
333,weofode,<code>weofode</code>,1,0.0003613
333,wif,<code>wif</code>,1,0.0003613
333,willan,<code>willan</code>,1,0.0003613
333,wille,<code>wille</code>,1,0.0003613
333,wine,<code>wine</code>,1,0.0003613
333,wisdom,<code>wisdom</code>,1,0.0003613
333,wisdomes,<code>wisdomes</code>,1,0.0003613
333,witan,<code>witan</code>,1,0.0003613
333,witega,<code>witega</code>,1,0.0003613
333,witegunge,<code>witegunge</code>,1,0.0003613
333,witenne,<code>witenne</code>,1,0.0003613
333,woldon,<code>woldon</code>,1,0.0003613
333,woruld,<code>woruld</code>,1,0.0003613
333,worulda,<code>worulda</code>,1,0.0003613
333,wrecan,<code>wrecan</code>,1,0.0003613
333,wuna&eth;,<code>wuna&amp;d;</code>,1,0.0003613
333,wuniende,<code>wuniende</code>,1,0.0003613
333,wunode,<code>wunode</code>,1,0.0003613
333,wunodon,<code>wunodon</code>,1,0.0003613
333,wur&eth;mynte,<code>wur&amp;d;mynte</code>,1,0.0003613
333,wur&thorn;odon,<code>wur&amp;t;odon</code>,1,0.0003613
333,wurde,<code>wurde</code>,1,0.0003613
333,wylla&eth;,<code>wylla&amp;d;</code>,1,0.0003613
333,wyln,<code>wyln</code>,1,0.0003613
333,wylne,<code>wylne</code>,1,0.0003613
333,wynsumlice,<code>wynsumlice</code>,1,0.0003613
333,wyrca&eth;,<code>wyrca&amp;d;</code>,1,0.0003613
333,wyrd,<code>wyrd</code>,1,0.0003613
333,wyrige,<code>wyrige</code>,1,0.0003613
333,y&thorn;um,<code>y&amp;t;um</code>,1,0.0003613
333,yfelan,<code>yfelan</code>,1,0.0003613
333,yfeld&aelig;dum,<code>yfeld&amp;ae;dum</code>,1,0.0003613
333,yfele,<code>yfele</code>,1,0.0003613
333,yldran,<code>yldran</code>,1,0.0003613
333,yldrena,<code>yldrena</code>,1,0.0003613
333,ymbe,<code>ymbe</code>,1,0.0003613
333,ymbrenum,<code>ymbrenum</code>,1,0.0003613
333,ymbrynum,<code>ymbrynum</code>,1,0.0003613
