B_Prose,B01,B01.001.027_AECHom_I__25_T02340.txt,876,587,2318
RANK,HTML WORD,RAW WORD,COUNT,RELATIVE FREQUENCY
1,&amp;,<code>&amp;amp;</code>,104,0.0448663
2,his,<code>his</code>,65,0.0280414
3,on,<code>on</code>,56,0.0241588
4,he,<code>he</code>,54,0.0232959
5,se,<code>se</code>,46,0.0198447
6,mid,<code>mid</code>,44,0.0189819
7,swa,<code>swa</code>,36,0.0155306
8,to,<code>to</code>,35,0.0150992
9,godes,<code>godes</code>,33,0.0142364
10,is,<code>is</code>,32,0.0138050
11,&thorn;&aelig;t,<code>&amp;t;&amp;ae;t</code>,31,0.0133736
12,&thorn;am,<code>&amp;t;am</code>,30,0.0129422
13,&thorn;e,<code>&amp;t;e</code>,29,0.0125108
14,w&aelig;s,<code>w&amp;ae;s</code>,27,0.0116480
15,&eth;e,<code>&amp;d;e</code>,26,0.0112166
15,for,<code>for</code>,26,0.0112166
17,&thorn;urh,<code>&amp;t;urh</code>,23,0.0099223
18,iohannes,<code>iohannes</code>,22,0.0094909
19,&thorn;a,<code>&amp;t;a</code>,20,0.0086281
20,&thorn;an,<code>&amp;t;an</code>,19,0.0081967
20,bi&eth;,<code>bi&amp;d;</code>,19,0.0081967
22,&thorn;&aelig;re,<code>&amp;t;&amp;ae;re</code>,17,0.0073339
23,&thorn;&aelig;s,<code>&amp;t;&amp;ae;s</code>,16,0.0069025
23,him,<code>him</code>,16,0.0069025
25,f&aelig;der,<code>f&amp;ae;der</code>,15,0.0064711
26,seo,<code>seo</code>,13,0.0056083
27,&eth;a,<code>&amp;d;a</code>,12,0.0051769
27,hine,<code>hine</code>,12,0.0051769
27,ne,<code>ne</code>,12,0.0051769
27,word,<code>word</code>,12,0.0051769
31,be,<code>be</code>,11,0.0047455
32,hi,<code>hi</code>,10,0.0043141
33,&thorn;onne,<code>&amp;t;onne</code>,9,0.0038827
33,ac,<code>ac</code>,9,0.0038827
33,god,<code>god</code>,9,0.0038827
36,&thorn;one,<code>&amp;t;one</code>,8,0.0034513
36,crist,<code>crist</code>,8,0.0034513
36,gode,<code>gode</code>,8,0.0034513
39,beo&eth;,<code>beo&amp;d;</code>,7,0.0030198
39,cw&aelig;&eth;,<code>cw&amp;ae;&amp;d;</code>,7,0.0030198
39,sy,<code>sy</code>,7,0.0030198
39,tocyme,<code>tocyme</code>,7,0.0030198
39,wordum,<code>wordum</code>,7,0.0030198
44,&aelig;tforan,<code>&amp;ae;tforan</code>,6,0.0025884
44,acennednysse,<code>acennednysse</code>,6,0.0025884
44,buton,<code>buton</code>,6,0.0025884
44,d&aelig;ig,<code>d&amp;ae;ig</code>,6,0.0025884
44,gaste,<code>gaste</code>,6,0.0025884
44,gebyrdtide,<code>gebyrdtide</code>,6,0.0025884
44,gife,<code>gife</code>,6,0.0025884
44,halgan,<code>halgan</code>,6,0.0025884
44,heora,<code>heora</code>,6,0.0025884
44,hw&aelig;t,<code>hw&amp;ae;t</code>,6,0.0025884
44,naman,<code>naman</code>,6,0.0025884
44,rice,<code>rice</code>,6,0.0025884
44,us,<code>us</code>,6,0.0025884
44,witega,<code>witega</code>,6,0.0025884
44,zacharias,<code>zacharias</code>,6,0.0025884
59,&aelig;fter,<code>&amp;ae;fter</code>,5,0.0021570
59,&thorn;u,<code>&amp;t;u</code>,5,0.0021570
59,&thorn;ysum,<code>&amp;t;ysum</code>,5,0.0021570
59,bodade,<code>bodade</code>,5,0.0021570
59,bydel,<code>bydel</code>,5,0.0021570
59,cild,<code>cild</code>,5,0.0021570
59,cristes,<code>cristes</code>,5,0.0021570
59,ealde,<code>ealde</code>,5,0.0021570
59,fram,<code>fram</code>,5,0.0021570
59,gehaten,<code>gehaten</code>,5,0.0021570
59,h&aelig;lend,<code>h&amp;ae;lend</code>,5,0.0021570
59,heortan,<code>heortan</code>,5,0.0021570
59,manna,<code>manna</code>,5,0.0021570
59,mannum,<code>mannum</code>,5,0.0021570
59,mihte,<code>mihte</code>,5,0.0021570
59,o&eth;&eth;e,<code>o&amp;d;&amp;d;e</code>,5,0.0021570
59,of,<code>of</code>,5,0.0021570
59,sunu,<code>sunu</code>,5,0.0021570
59,w&aelig;ron,<code>w&amp;ae;ron</code>,5,0.0021570
59,wear&eth;,<code>wear&amp;d;</code>,5,0.0021570
59,witegan,<code>witegan</code>,5,0.0021570
80,&aelig;,<code>&amp;ae;</code>,4,0.0017256
80,&aelig;r,<code>&amp;ae;r</code>,4,0.0017256
80,&eth;am,<code>&amp;d;am</code>,4,0.0017256
80,&thorn;&aelig;ra,<code>&amp;t;&amp;ae;ra</code>,4,0.0017256
80,&thorn;us,<code>&amp;t;us</code>,4,0.0017256
80,acende,<code>acende</code>,4,0.0017256
80,beo,<code>beo</code>,4,0.0017256
80,cilde,<code>cilde</code>,4,0.0017256
80,ealle,<code>ealle</code>,4,0.0017256
80,eallum,<code>eallum</code>,4,0.0017256
80,folces,<code>folces</code>,4,0.0017256
80,fulluht,<code>fulluht</code>,4,0.0017256
80,fulluhteres,<code>fulluhteres</code>,4,0.0017256
80,h&aelig;lendes,<code>h&amp;ae;lendes</code>,4,0.0017256
80,halige,<code>halige</code>,4,0.0017256
80,heahengel,<code>heahengel</code>,4,0.0017256
80,heofonlican,<code>heofonlican</code>,4,0.0017256
80,hit,<code>hit</code>,4,0.0017256
80,hu,<code>hu</code>,4,0.0017256
80,hwa,<code>hwa</code>,4,0.0017256
80,ic,<code>ic</code>,4,0.0017256
80,life,<code>life</code>,4,0.0017256
80,m&aelig;ran,<code>m&amp;ae;ran</code>,4,0.0017256
80,micel,<code>micel</code>,4,0.0017256
80,modor,<code>modor</code>,4,0.0017256
80,nis,<code>nis</code>,4,0.0017256
80,o&thorn;er,<code>o&amp;t;er</code>,4,0.0017256
80,stemn,<code>stemn</code>,4,0.0017256
80,sylfne,<code>sylfne</code>,4,0.0017256
80,synna,<code>synna</code>,4,0.0017256
80,we,<code>we</code>,4,0.0017256
80,weig,<code>weig</code>,4,0.0017256
80,westene,<code>westene</code>,4,0.0017256
113,&aelig;lc,<code>&amp;ae;lc</code>,3,0.0012942
113,&aelig;t,<code>&amp;ae;t</code>,3,0.0012942
113,&eth;&aelig;t,<code>&amp;d;&amp;ae;t</code>,3,0.0012942
113,&eth;as,<code>&amp;d;as</code>,3,0.0012942
113,acennednyss,<code>acennednyss</code>,3,0.0012942
113,agenre,<code>agenre</code>,3,0.0012942
113,and,<code>and</code>,3,0.0012942
113,awrat,<code>awrat</code>,3,0.0012942
113,bearnum,<code>bearnum</code>,3,0.0012942
113,cu&eth;,<code>cu&amp;d;</code>,3,0.0012942
113,cwe&thorn;ende,<code>cwe&amp;t;ende</code>,3,0.0012942
113,drihten,<code>drihten</code>,3,0.0012942
113,drohtnunge,<code>drohtnunge</code>,3,0.0012942
113,engel,<code>engel</code>,3,0.0012942
113,folc,<code>folc</code>,3,0.0012942
113,fulluhtere,<code>fulluhtere</code>,3,0.0012942
113,gast,<code>gast</code>,3,0.0012942
113,geciged,<code>geciged</code>,3,0.0012942
113,gecweden,<code>gecweden</code>,3,0.0012942
113,geeadmet,<code>geeadmet</code>,3,0.0012942
113,gehwa,<code>gehwa</code>,3,0.0012942
113,gerihte,<code>gerihte</code>,3,0.0012942
113,gesih&eth;e,<code>gesih&amp;d;e</code>,3,0.0012942
113,halgum,<code>halgum</code>,3,0.0012942
113,hyre,<code>hyre</code>,3,0.0012942
113,me,<code>me</code>,3,0.0012942
113,menn,<code>menn</code>,3,0.0012942
113,menniscnysse,<code>menniscnysse</code>,3,0.0012942
113,min,<code>min</code>,3,0.0012942
113,na,<code>na</code>,3,0.0012942
113,nama,<code>nama</code>,3,0.0012942
113,nan,<code>nan</code>,3,0.0012942
113,neadunge,<code>neadunge</code>,3,0.0012942
113,neawiste,<code>neawiste</code>,3,0.0012942
113,nu,<code>nu</code>,3,0.0012942
113,spr&aelig;ce,<code>spr&amp;ae;ce</code>,3,0.0012942
113,strece,<code>strece</code>,3,0.0012942
113,synne,<code>synne</code>,3,0.0012942
113,toweardne,<code>toweardne</code>,3,0.0012942
113,waniende,<code>waniende</code>,3,0.0012942
113,worde,<code>worde</code>,3,0.0012942
154,&aelig;teowde,<code>&amp;ae;teowde</code>,2,0.0008628
154,&eth;&aelig;s,<code>&amp;d;&amp;ae;s</code>,2,0.0008628
154,&eth;urh,<code>&amp;d;urh</code>,2,0.0008628
154,&thorn;eah,<code>&amp;t;eah</code>,2,0.0008628
154,&thorn;inre,<code>&amp;t;inre</code>,2,0.0008628
154,&thorn;rowunge,<code>&amp;t;rowunge</code>,2,0.0008628
154,afylled,<code>afylled</code>,2,0.0008628
154,alysednysse,<code>alysednysse</code>,2,0.0008628
154,an,<code>an</code>,2,0.0008628
154,andwerdum,<code>andwerdum</code>,2,0.0008628
154,awent,<code>awent</code>,2,0.0008628
154,bearnes,<code>bearnes</code>,2,0.0008628
154,bebodum,<code>bebodum</code>,2,0.0008628
154,beon,<code>beon</code>,2,0.0008628
154,betwux,<code>betwux</code>,2,0.0008628
154,bodode,<code>bodode</code>,2,0.0008628
154,bodunge,<code>bodunge</code>,2,0.0008628
154,bydeles,<code>bydeles</code>,2,0.0008628
154,com,<code>com</code>,2,0.0008628
154,comon,<code>comon</code>,2,0.0008628
154,criste,<code>criste</code>,2,0.0008628
154,cy&thorn;an,<code>cy&amp;t;an</code>,2,0.0008628
154,cydde,<code>cydde</code>,2,0.0008628
154,cynn,<code>cynn</code>,2,0.0008628
154,d&aelig;ighwomlice,<code>d&amp;ae;ighwomlice</code>,2,0.0008628
154,dagum,<code>dagum</code>,2,0.0008628
154,dene,<code>dene</code>,2,0.0008628
154,dihte,<code>dihte</code>,2,0.0008628
154,drihtne,<code>drihtne</code>,2,0.0008628
154,drihtnes,<code>drihtnes</code>,2,0.0008628
154,drohtnunga,<code>drohtnunga</code>,2,0.0008628
154,dumba,<code>dumba</code>,2,0.0008628
154,duna,<code>duna</code>,2,0.0008628
154,eac,<code>eac</code>,2,0.0008628
154,eadmodan,<code>eadmodan</code>,2,0.0008628
154,eadmodum,<code>eadmodum</code>,2,0.0008628
154,eall,<code>eall</code>,2,0.0008628
154,ealne,<code>ealne</code>,2,0.0008628
154,ecan,<code>ecan</code>,2,0.0008628
154,elisabe&eth;,<code>elisabe&amp;d;</code>,2,0.0008628
154,fela,<code>fela</code>,2,0.0008628
154,folce,<code>folce</code>,2,0.0008628
154,forbeah,<code>forbeah</code>,2,0.0008628
154,forest&aelig;p&eth;,<code>forest&amp;ae;p&amp;d;</code>,2,0.0008628
154,forestop,<code>forestop</code>,2,0.0008628
154,forgyfenysse,<code>forgyfenysse</code>,2,0.0008628
154,forh&aelig;fednys,<code>forh&amp;ae;fednys</code>,2,0.0008628
154,forh&aelig;fednysse,<code>forh&amp;ae;fednysse</code>,2,0.0008628
154,forwerede,<code>forwerede</code>,2,0.0008628
154,g&aelig;&eth;,<code>g&amp;ae;&amp;d;</code>,2,0.0008628
154,gabrihel,<code>gabrihel</code>,2,0.0008628
154,gastes,<code>gastes</code>,2,0.0008628
154,gastlican,<code>gastlican</code>,2,0.0008628
154,ge,<code>ge</code>,2,0.0008628
154,ge&thorn;ohtas,<code>ge&amp;t;ohtas</code>,2,0.0008628
154,ge&thorn;uht,<code>ge&amp;t;uht</code>,2,0.0008628
154,gearcia&eth;,<code>gearcia&amp;d;</code>,2,0.0008628
154,gebig&eth;,<code>gebig&amp;d;</code>,2,0.0008628
154,gebigde,<code>gebigde</code>,2,0.0008628
154,geearnungum,<code>geearnungum</code>,2,0.0008628
154,gefylled,<code>gefylled</code>,2,0.0008628
154,gela&eth;ung,<code>gela&amp;d;ung</code>,2,0.0008628
154,geleafan,<code>geleafan</code>,2,0.0008628
154,geleafleaste,<code>geleafleaste</code>,2,0.0008628
154,gemyndig,<code>gemyndig</code>,2,0.0008628
154,gesceafta,<code>gesceafta</code>,2,0.0008628
154,gesceop,<code>gesceop</code>,2,0.0008628
154,gesetnys,<code>gesetnys</code>,2,0.0008628
154,gesette,<code>gesette</code>,2,0.0008628
154,geswutelung,<code>geswutelung</code>,2,0.0008628
154,getacnunge,<code>getacnunge</code>,2,0.0008628
154,geteald,<code>geteald</code>,2,0.0008628
154,gewrite,<code>gewrite</code>,2,0.0008628
154,gewylde,<code>gewylde</code>,2,0.0008628
154,godspellere,<code>godspellere</code>,2,0.0008628
154,gyt,<code>gyt</code>,2,0.0008628
154,h&aelig;lende,<code>h&amp;ae;lende</code>,2,0.0008628
154,halga,<code>halga</code>,2,0.0008628
154,helian,<code>helian</code>,2,0.0008628
154,heo,<code>heo</code>,2,0.0008628
154,heofonlice,<code>heofonlice</code>,2,0.0008628
154,inno&eth;e,<code>inno&amp;d;e</code>,2,0.0008628
154,iohannem,<code>iohannem</code>,2,0.0008628
154,israhela,<code>israhela</code>,2,0.0008628
154,lamb,<code>lamb</code>,2,0.0008628
154,lambes,<code>lambes</code>,2,0.0008628
154,lifes,<code>lifes</code>,2,0.0008628
154,lufa&eth;,<code>lufa&amp;d;</code>,2,0.0008628
154,m&aelig;den,<code>m&amp;ae;den</code>,2,0.0008628
154,m&aelig;ig,<code>m&amp;ae;ig</code>,2,0.0008628
154,m&aelig;ig&eth;e,<code>m&amp;ae;ig&amp;d;e</code>,2,0.0008628
154,m&aelig;rlican,<code>m&amp;ae;rlican</code>,2,0.0008628
154,man,<code>man</code>,2,0.0008628
154,manega,<code>manega</code>,2,0.0008628
154,manegum,<code>manegum</code>,2,0.0008628
154,maria,<code>maria</code>,2,0.0008628
154,marian,<code>marian</code>,2,0.0008628
154,micclan,<code>micclan</code>,2,0.0008628
154,middaneard,<code>middaneard</code>,2,0.0008628
154,mod,<code>mod</code>,2,0.0008628
154,mode,<code>mode</code>,2,0.0008628
154,moder,<code>moder</code>,2,0.0008628
154,modes,<code>modes</code>,2,0.0008628
154,modignysse,<code>modignysse</code>,2,0.0008628
154,mu&eth;,<code>mu&amp;d;</code>,2,0.0008628
154,myrh&eth;e,<code>myrh&amp;d;e</code>,2,0.0008628
154,n&aelig;s,<code>n&amp;ae;s</code>,2,0.0008628
154,nanre,<code>nanre</code>,2,0.0008628
154,niwan,<code>niwan</code>,2,0.0008628
154,o&eth;,<code>o&amp;d;</code>,2,0.0008628
154,o&eth;er,<code>o&amp;d;er</code>,2,0.0008628
154,o&thorn;rum,<code>o&amp;t;rum</code>,2,0.0008628
154,ofer,<code>ofer</code>,2,0.0008628
154,ongan,<code>ongan</code>,2,0.0008628
154,pa&thorn;as,<code>pa&amp;t;as</code>,2,0.0008628
154,sceal,<code>sceal</code>,2,0.0008628
154,scearpnyssa,<code>scearpnyssa</code>,2,0.0008628
154,sende,<code>sende</code>,2,0.0008628
154,sige,<code>sige</code>,2,0.0008628
154,so&eth;lice,<code>so&amp;d;lice</code>,2,0.0008628
154,spreca&eth;,<code>spreca&amp;d;</code>,2,0.0008628
154,stemne,<code>stemne</code>,2,0.0008628
154,sume,<code>sume</code>,2,0.0008628
154,swilce,<code>swilce</code>,2,0.0008628
154,sy&eth;&eth;an,<code>sy&amp;d;&amp;d;an</code>,2,0.0008628
154,tide,<code>tide</code>,2,0.0008628
154,w&aelig;re,<code>w&amp;ae;re</code>,2,0.0008628
154,wi&eth;cw&aelig;&eth;,<code>wi&amp;d;cw&amp;ae;&amp;d;</code>,2,0.0008628
154,wif,<code>wif</code>,2,0.0008628
154,wifa,<code>wifa</code>,2,0.0008628
154,wines,<code>wines</code>,2,0.0008628
154,wisdom,<code>wisdom</code>,2,0.0008628
154,wisdomes,<code>wisdomes</code>,2,0.0008628
154,witegunge,<code>witegunge</code>,2,0.0008628
154,wyt,<code>wyt</code>,2,0.0008628
154,ylca,<code>ylca</code>,2,0.0008628
290,&aelig;&thorn;eling,<code>&amp;ae;&amp;t;eling</code>,1,0.0004314
290,&aelig;&thorn;elinges,<code>&amp;ae;&amp;t;elinges</code>,1,0.0004314
290,&aelig;ftran,<code>&amp;ae;ftran</code>,1,0.0004314
290,&aelig;ig&thorn;er,<code>&amp;ae;ig&amp;t;er</code>,1,0.0004314
290,&aelig;lcere,<code>&amp;ae;lcere</code>,1,0.0004314
290,&aelig;lcum,<code>&amp;ae;lcum</code>,1,0.0004314
290,&aelig;lmihtig,<code>&amp;ae;lmihtig</code>,1,0.0004314
290,&aelig;lmihtiga,<code>&amp;ae;lmihtiga</code>,1,0.0004314
290,&aelig;ror,<code>&amp;ae;ror</code>,1,0.0004314
290,&aelig;rra,<code>&amp;ae;rra</code>,1,0.0004314
290,&aelig;rran,<code>&amp;ae;rran</code>,1,0.0004314
290,&aelig;tbr&aelig;d,<code>&amp;ae;tbr&amp;ae;d</code>,1,0.0004314
290,&aelig;tbrede,<code>&amp;ae;tbrede</code>,1,0.0004314
290,&aelig;tbret,<code>&amp;ae;tbret</code>,1,0.0004314
290,&aelig;te,<code>&amp;ae;te</code>,1,0.0004314
290,&aelig;tstent,<code>&amp;ae;tstent</code>,1,0.0004314
290,&eth;&aelig;ra,<code>&amp;d;&amp;ae;ra</code>,1,0.0004314
290,&eth;an,<code>&amp;d;an</code>,1,0.0004314
290,&eth;eoda,<code>&amp;d;eoda</code>,1,0.0004314
290,&eth;ing,<code>&amp;d;ing</code>,1,0.0004314
290,&eth;is,<code>&amp;d;is</code>,1,0.0004314
290,&eth;one,<code>&amp;d;one</code>,1,0.0004314
290,&eth;reora,<code>&amp;d;reora</code>,1,0.0004314
290,&eth;wyrlicra,<code>&amp;d;wyrlicra</code>,1,0.0004314
290,&eth;wyrnyssa,<code>&amp;d;wyrnyssa</code>,1,0.0004314
290,&thorn;as,<code>&amp;t;as</code>,1,0.0004314
290,&thorn;eawas,<code>&amp;t;eawas</code>,1,0.0004314
290,&thorn;egen,<code>&amp;t;egen</code>,1,0.0004314
290,&thorn;eoda,<code>&amp;t;eoda</code>,1,0.0004314
290,&thorn;eode,<code>&amp;t;eode</code>,1,0.0004314
290,&thorn;eodum,<code>&amp;t;eodum</code>,1,0.0004314
290,&thorn;eonda,<code>&amp;t;eonda</code>,1,0.0004314
290,&thorn;eondan,<code>&amp;t;eondan</code>,1,0.0004314
290,&thorn;eos,<code>&amp;t;eos</code>,1,0.0004314
290,&thorn;eowum,<code>&amp;t;eowum</code>,1,0.0004314
290,&thorn;i,<code>&amp;t;i</code>,1,0.0004314
290,&thorn;igene,<code>&amp;t;igene</code>,1,0.0004314
290,&thorn;in,<code>&amp;t;in</code>,1,0.0004314
290,&thorn;ine,<code>&amp;t;ine</code>,1,0.0004314
290,&thorn;ingunge,<code>&amp;t;ingunge</code>,1,0.0004314
290,&thorn;inum,<code>&amp;t;inum</code>,1,0.0004314
290,&thorn;is,<code>&amp;t;is</code>,1,0.0004314
290,&thorn;isne,<code>&amp;t;isne</code>,1,0.0004314
290,&thorn;isre,<code>&amp;t;isre</code>,1,0.0004314
290,&thorn;ola&eth;,<code>&amp;t;ola&amp;d;</code>,1,0.0004314
290,&thorn;reagan,<code>&amp;t;reagan</code>,1,0.0004314
290,&thorn;reale,<code>&amp;t;reale</code>,1,0.0004314
290,&thorn;rittig,<code>&amp;t;rittig</code>,1,0.0004314
290,&thorn;rowung,<code>&amp;t;rowung</code>,1,0.0004314
290,&thorn;urhwunode,<code>&amp;t;urhwunode</code>,1,0.0004314
290,&thorn;ygene,<code>&amp;t;ygene</code>,1,0.0004314
290,a,<code>a</code>,1,0.0004314
290,ab&aelig;r,<code>ab&amp;ae;r</code>,1,0.0004314
290,abyrig&eth;,<code>abyrig&amp;d;</code>,1,0.0004314
290,acennan,<code>acennan</code>,1,0.0004314
290,acennede,<code>acennede</code>,1,0.0004314
290,acennednys,<code>acennednys</code>,1,0.0004314
290,adumbod,<code>adumbod</code>,1,0.0004314
290,adumbode,<code>adumbode</code>,1,0.0004314
290,afyllede,<code>afyllede</code>,1,0.0004314
290,afyrht,<code>afyrht</code>,1,0.0004314
290,agen,<code>agen</code>,1,0.0004314
290,agenum,<code>agenum</code>,1,0.0004314
290,alysde,<code>alysde</code>,1,0.0004314
290,alysednyss,<code>alysednyss</code>,1,0.0004314
290,alysendes,<code>alysendes</code>,1,0.0004314
290,amen,<code>amen</code>,1,0.0004314
290,andwerdnysse,<code>andwerdnysse</code>,1,0.0004314
290,andwyrde,<code>andwyrde</code>,1,0.0004314
290,andwyrdon,<code>andwyrdon</code>,1,0.0004314
290,anes,<code>anes</code>,1,0.0004314
290,angin,<code>angin</code>,1,0.0004314
290,anmodnysse,<code>anmodnysse</code>,1,0.0004314
290,antecriste,<code>antecriste</code>,1,0.0004314
290,apostoli,<code>apostoli</code>,1,0.0004314
290,aras,<code>aras</code>,1,0.0004314
290,arwur&thorn;lice,<code>arwur&amp;t;lice</code>,1,0.0004314
290,asend,<code>asend</code>,1,0.0004314
290,asende,<code>asende</code>,1,0.0004314
290,asprang,<code>asprang</code>,1,0.0004314
290,aspringa&eth;,<code>aspringa&amp;d;</code>,1,0.0004314
290,astalde,<code>astalde</code>,1,0.0004314
290,awefen,<code>awefen</code>,1,0.0004314
290,awegde,<code>awegde</code>,1,0.0004314
290,awende,<code>awende</code>,1,0.0004314
290,awriten,<code>awriten</code>,1,0.0004314
290,baptistae,<code>baptistae</code>,1,0.0004314
290,bealdlice,<code>bealdlice</code>,1,0.0004314
290,bearn,<code>bearn</code>,1,0.0004314
290,bebod,<code>bebod</code>,1,0.0004314
290,beclysed,<code>beclysed</code>,1,0.0004314
290,beforan,<code>beforan</code>,1,0.0004314
290,beg&aelig;&eth;,<code>beg&amp;ae;&amp;d;</code>,1,0.0004314
290,begyta&eth;,<code>begyta&amp;d;</code>,1,0.0004314
290,behatene,<code>behatene</code>,1,0.0004314
290,behet,<code>behet</code>,1,0.0004314
290,behofode,<code>behofode</code>,1,0.0004314
290,bene,<code>bene</code>,1,0.0004314
290,beterunge,<code>beterunge</code>,1,0.0004314
290,bicnodon,<code>bicnodon</code>,1,0.0004314
290,biddan,<code>biddan</code>,1,0.0004314
290,bigleofa,<code>bigleofa</code>,1,0.0004314
290,bigwiste,<code>bigwiste</code>,1,0.0004314
290,blis,<code>blis</code>,1,0.0004314
290,blissia&eth;,<code>blissia&amp;d;</code>,1,0.0004314
290,blissigendlic,<code>blissigendlic</code>,1,0.0004314
290,boda&eth;,<code>boda&amp;d;</code>,1,0.0004314
290,bodedon,<code>bodedon</code>,1,0.0004314
290,bodung,<code>bodung</code>,1,0.0004314
290,bodunga,<code>bodunga</code>,1,0.0004314
290,buta,<code>buta</code>,1,0.0004314
290,butu,<code>butu</code>,1,0.0004314
290,byt,<code>byt</code>,1,0.0004314
290,campian,<code>campian</code>,1,0.0004314
290,caseres,<code>caseres</code>,1,0.0004314
290,cennestran,<code>cennestran</code>,1,0.0004314
290,cennestre,<code>cennestre</code>,1,0.0004314
290,cl&aelig;ne,<code>cl&amp;ae;ne</code>,1,0.0004314
290,cl&aelig;nnysse,<code>cl&amp;ae;nnysse</code>,1,0.0004314
290,clypiendes,<code>clypiendes</code>,1,0.0004314
290,clypode,<code>clypode</code>,1,0.0004314
290,costnungum,<code>costnungum</code>,1,0.0004314
290,cristen,<code>cristen</code>,1,0.0004314
290,cristesbec,<code>cristesbec</code>,1,0.0004314
290,cuma&eth;,<code>cuma&amp;d;</code>,1,0.0004314
290,cumendum,<code>cumendum</code>,1,0.0004314
290,cwe&eth;ende,<code>cwe&amp;d;ende</code>,1,0.0004314
290,cwy&eth;,<code>cwy&amp;d;</code>,1,0.0004314
290,cwylmb&aelig;rum,<code>cwylmb&amp;ae;rum</code>,1,0.0004314
290,cy&thorn;enne,<code>cy&amp;t;enne</code>,1,0.0004314
290,cynegyrde,<code>cynegyrde</code>,1,0.0004314
290,cyning,<code>cyning</code>,1,0.0004314
290,cynnystre,<code>cynnystre</code>,1,0.0004314
290,d&aelig;ftan,<code>d&amp;ae;ftan</code>,1,0.0004314
290,d&aelig;g,<code>d&amp;ae;g</code>,1,0.0004314
290,d&aelig;ge,<code>d&amp;ae;ge</code>,1,0.0004314
290,d&aelig;ighwamlice,<code>d&amp;ae;ighwamlice</code>,1,0.0004314
290,d&aelig;igsteorra,<code>d&amp;ae;igsteorra</code>,1,0.0004314
290,dauides,<code>dauides</code>,1,0.0004314
290,deman,<code>deman</code>,1,0.0004314
290,dena,<code>dena</code>,1,0.0004314
290,denas,<code>denas</code>,1,0.0004314
290,deofol,<code>deofol</code>,1,0.0004314
290,deopnyssa,<code>deopnyssa</code>,1,0.0004314
290,deor,<code>deor</code>,1,0.0004314
290,deorwur&eth;re,<code>deorwur&amp;d;re</code>,1,0.0004314
290,deorwyr&thorn;e,<code>deorwyr&amp;t;e</code>,1,0.0004314
290,deriendlicere,<code>deriendlicere</code>,1,0.0004314
290,do&eth;,<code>do&amp;d;</code>,1,0.0004314
290,dranc,<code>dranc</code>,1,0.0004314
290,drenc,<code>drenc</code>,1,0.0004314
290,druncennysse,<code>druncennysse</code>,1,0.0004314
290,druncnia&eth;,<code>druncnia&amp;d;</code>,1,0.0004314
290,dumb,<code>dumb</code>,1,0.0004314
290,dumban,<code>dumban</code>,1,0.0004314
290,dun,<code>dun</code>,1,0.0004314
290,dune,<code>dune</code>,1,0.0004314
290,dyde,<code>dyde</code>,1,0.0004314
290,ea&eth;elicre,<code>ea&amp;d;elicre</code>,1,0.0004314
290,eadigan,<code>eadigan</code>,1,0.0004314
290,eadmodlice,<code>eadmodlice</code>,1,0.0004314
290,eadmodnysse,<code>eadmodnysse</code>,1,0.0004314
290,eahta,<code>eahta</code>,1,0.0004314
290,ealdan,<code>ealdan</code>,1,0.0004314
290,ealdormen,<code>ealdormen</code>,1,0.0004314
290,ealra,<code>ealra</code>,1,0.0004314
290,earfo&eth;nyssa,<code>earfo&amp;d;nyssa</code>,1,0.0004314
290,earfo&eth;nysse,<code>earfo&amp;d;nysse</code>,1,0.0004314
290,earfo&eth;nyssum,<code>earfo&amp;d;nyssum</code>,1,0.0004314
290,eawf&aelig;st,<code>eawf&amp;ae;st</code>,1,0.0004314
290,ecere,<code>ecere</code>,1,0.0004314
290,ecnysse,<code>ecnysse</code>,1,0.0004314
290,ecum,<code>ecum</code>,1,0.0004314
290,edwiste,<code>edwiste</code>,1,0.0004314
290,efne,<code>efne</code>,1,0.0004314
290,eft,<code>eft</code>,1,0.0004314
290,endenextan,<code>endenextan</code>,1,0.0004314
290,englas,<code>englas</code>,1,0.0004314
290,eode,<code>eode</code>,1,0.0004314
290,eom,<code>eom</code>,1,0.0004314
290,eow,<code>eow</code>,1,0.0004314
290,f&aelig;dera,<code>f&amp;ae;dera</code>,1,0.0004314
290,f&aelig;gnia&eth;,<code>f&amp;ae;gnia&amp;d;</code>,1,0.0004314
290,f&aelig;gnunge,<code>f&amp;ae;gnunge</code>,1,0.0004314
290,f&aelig;ignodon,<code>f&amp;ae;ignodon</code>,1,0.0004314
290,feawum,<code>feawum</code>,1,0.0004314
290,fedde,<code>fedde</code>,1,0.0004314
290,feorran,<code>feorran</code>,1,0.0004314
290,ferde,<code>ferde</code>,1,0.0004314
290,fifteo&thorn;an,<code>fifteo&amp;t;an</code>,1,0.0004314
290,fingre,<code>fingre</code>,1,0.0004314
290,for&thorn;st&aelig;ppende,<code>for&amp;t;st&amp;ae;ppende</code>,1,0.0004314
290,forestope,<code>forestope</code>,1,0.0004314
290,forfleah,<code>forfleah</code>,1,0.0004314
290,forflih&eth;,<code>forflih&amp;d;</code>,1,0.0004314
290,forgifenysse,<code>forgifenysse</code>,1,0.0004314
290,forgyfenyss,<code>forgyfenyss</code>,1,0.0004314
290,forhabban,<code>forhabban</code>,1,0.0004314
290,forluron,<code>forluron</code>,1,0.0004314
290,forrynel,<code>forrynel</code>,1,0.0004314
290,forryneles,<code>forryneles</code>,1,0.0004314
290,fr&aelig;cednyssum,<code>fr&amp;ae;cednyssum</code>,1,0.0004314
290,freolsa&eth;,<code>freolsa&amp;d;</code>,1,0.0004314
290,frym&eth;e,<code>frym&amp;d;e</code>,1,0.0004314
290,fulfremed,<code>fulfremed</code>,1,0.0004314
290,fullice,<code>fullice</code>,1,0.0004314
290,fullode,<code>fullode</code>,1,0.0004314
290,fulluhte,<code>fulluhte</code>,1,0.0004314
290,fullum,<code>fullum</code>,1,0.0004314
290,fur&thorn;or,<code>fur&amp;t;or</code>,1,0.0004314
290,fylste,<code>fylste</code>,1,0.0004314
290,gale,<code>gale</code>,1,0.0004314
290,gastlic,<code>gastlic</code>,1,0.0004314
290,ge&thorn;ance,<code>ge&amp;t;ance</code>,1,0.0004314
290,ge&thorn;eahtum,<code>ge&amp;t;eahtum</code>,1,0.0004314
290,ge&thorn;inc&eth;u,<code>ge&amp;t;inc&amp;d;u</code>,1,0.0004314
290,ge&thorn;uhte,<code>ge&amp;t;uhte</code>,1,0.0004314
290,ge&thorn;w&aelig;rl&aelig;ce,<code>ge&amp;t;w&amp;ae;rl&amp;ae;ce</code>,1,0.0004314
290,ge&thorn;ylde,<code>ge&amp;t;ylde</code>,1,0.0004314
290,geara,<code>geara</code>,1,0.0004314
290,gearca&thorn;,<code>gearca&amp;t;</code>,1,0.0004314
290,gearcige,<code>gearcige</code>,1,0.0004314
290,gearcyan,<code>gearcyan</code>,1,0.0004314
290,geare,<code>geare</code>,1,0.0004314
290,geares,<code>geares</code>,1,0.0004314
290,gearwe,<code>gearwe</code>,1,0.0004314
290,geban,<code>geban</code>,1,0.0004314
290,gebedda,<code>gebedda</code>,1,0.0004314
290,gebedum,<code>gebedum</code>,1,0.0004314
290,gebicna&eth;,<code>gebicna&amp;d;</code>,1,0.0004314
290,gebicnode,<code>gebicnode</code>,1,0.0004314
290,gebige,<code>gebige</code>,1,0.0004314
290,gebletsod,<code>gebletsod</code>,1,0.0004314
290,gebrowenes,<code>gebrowenes</code>,1,0.0004314
290,gebyrdtid,<code>gebyrdtid</code>,1,0.0004314
290,gecigst,<code>gecigst</code>,1,0.0004314
290,gecneordlice,<code>gecneordlice</code>,1,0.0004314
290,gecnyrdnysse,<code>gecnyrdnysse</code>,1,0.0004314
290,gecorenra,<code>gecorenra</code>,1,0.0004314
290,gecy&thorn;nys,<code>gecy&amp;t;nys</code>,1,0.0004314
290,gecydnys,<code>gecydnys</code>,1,0.0004314
290,gecynd,<code>gecynd</code>,1,0.0004314
290,gecyndes,<code>gecyndes</code>,1,0.0004314
290,gecyrra&eth;,<code>gecyrra&amp;d;</code>,1,0.0004314
290,gedafena&eth;,<code>gedafena&amp;d;</code>,1,0.0004314
290,gedrecednyssum,<code>gedrecednyssum</code>,1,0.0004314
290,geeacnode,<code>geeacnode</code>,1,0.0004314
290,geeadmette,<code>geeadmette</code>,1,0.0004314
290,geearnian,<code>geearnian</code>,1,0.0004314
290,geemnode,<code>geemnode</code>,1,0.0004314
290,geendung,<code>geendung</code>,1,0.0004314
290,geferdon,<code>geferdon</code>,1,0.0004314
290,gefremod,<code>gefremod</code>,1,0.0004314
290,gefreolsod,<code>gefreolsod</code>,1,0.0004314
290,gefullode,<code>gefullode</code>,1,0.0004314
290,gefyllednysse,<code>gefyllednysse</code>,1,0.0004314
290,gefylledre,<code>gefylledre</code>,1,0.0004314
290,gegearcod,<code>gegearcod</code>,1,0.0004314
290,gegripa&eth;,<code>gegripa&amp;d;</code>,1,0.0004314
290,gegryp&eth;,<code>gegryp&amp;d;</code>,1,0.0004314
290,geherod,<code>geherod</code>,1,0.0004314
290,gehwylcum,<code>gehwylcum</code>,1,0.0004314
290,gehyra&eth;,<code>gehyra&amp;d;</code>,1,0.0004314
290,gehyrde,<code>gehyrde</code>,1,0.0004314
290,gehyred,<code>gehyred</code>,1,0.0004314
290,gehyrenne,<code>gehyrenne</code>,1,0.0004314
290,gel&aelig;de,<code>gel&amp;ae;de</code>,1,0.0004314
290,gel&aelig;h&eth;,<code>gel&amp;ae;h&amp;d;</code>,1,0.0004314
290,gela&thorn;ung,<code>gela&amp;t;ung</code>,1,0.0004314
290,gelamp,<code>gelamp</code>,1,0.0004314
290,geleafullum,<code>geleafullum</code>,1,0.0004314
290,gelic,<code>gelic</code>,1,0.0004314
290,gelumpon,<code>gelumpon</code>,1,0.0004314
290,gelustfulla&eth;,<code>gelustfulla&amp;d;</code>,1,0.0004314
290,gelyfan,<code>gelyfan</code>,1,0.0004314
290,gem&aelig;ne,<code>gem&amp;ae;ne</code>,1,0.0004314
290,gemencgedes,<code>gemencgedes</code>,1,0.0004314
290,gemete,<code>gemete</code>,1,0.0004314
290,gemetf&aelig;stnysse,<code>gemetf&amp;ae;stnysse</code>,1,0.0004314
290,gemiltsie,<code>gemiltsie</code>,1,0.0004314
290,genemned,<code>genemned</code>,1,0.0004314
290,geneosode,<code>geneosode</code>,1,0.0004314
290,geoffrod,<code>geoffrod</code>,1,0.0004314
290,geogo&eth;e,<code>geogo&amp;d;e</code>,1,0.0004314
290,geond,<code>geond</code>,1,0.0004314
290,geopenod,<code>geopenod</code>,1,0.0004314
290,gereccenne,<code>gereccenne</code>,1,0.0004314
290,gerefan,<code>gerefan</code>,1,0.0004314
290,gereht,<code>gereht</code>,1,0.0004314
290,gerest,<code>gerest</code>,1,0.0004314
290,gescyppan,<code>gescyppan</code>,1,0.0004314
290,gesetnysse,<code>gesetnysse</code>,1,0.0004314
290,gesme&thorn;ode,<code>gesme&amp;t;ode</code>,1,0.0004314
290,gestil&eth;,<code>gestil&amp;d;</code>,1,0.0004314
290,gestrangod,<code>gestrangod</code>,1,0.0004314
290,gestreone,<code>gestreone</code>,1,0.0004314
290,gestyran,<code>gestyran</code>,1,0.0004314
290,geswutelode,<code>geswutelode</code>,1,0.0004314
290,getacna&eth;,<code>getacna&amp;d;</code>,1,0.0004314
290,getacnia&eth;,<code>getacnia&amp;d;</code>,1,0.0004314
290,getacnode,<code>getacnode</code>,1,0.0004314
290,getemprie,<code>getemprie</code>,1,0.0004314
290,geuferod,<code>geuferod</code>,1,0.0004314
290,gewende,<code>gewende</code>,1,0.0004314
290,gewidm&aelig;rsod,<code>gewidm&amp;ae;rsod</code>,1,0.0004314
290,gewissa&eth;,<code>gewissa&amp;d;</code>,1,0.0004314
290,gewittig,<code>gewittig</code>,1,0.0004314
290,geworht,<code>geworht</code>,1,0.0004314
290,geworhte,<code>geworhte</code>,1,0.0004314
290,gewunnenum,<code>gewunnenum</code>,1,0.0004314
290,gewur&thorn;od,<code>gewur&amp;t;od</code>,1,0.0004314
290,gitsunge,<code>gitsunge</code>,1,0.0004314
290,godcundan,<code>godcundan</code>,1,0.0004314
290,godcundlican,<code>godcundlican</code>,1,0.0004314
290,godcundnysse,<code>godcundnysse</code>,1,0.0004314
290,goddre,<code>goddre</code>,1,0.0004314
290,godnysse,<code>godnysse</code>,1,0.0004314
290,godspel,<code>godspel</code>,1,0.0004314
290,godspelbodung,<code>godspelbodung</code>,1,0.0004314
290,godspellican,<code>godspellican</code>,1,0.0004314
290,gymeleaste,<code>gymeleaste</code>,1,0.0004314
290,h&aelig;rum,<code>h&amp;ae;rum</code>,1,0.0004314
290,h&aelig;t,<code>h&amp;ae;t</code>,1,0.0004314
290,halge,<code>halge</code>,1,0.0004314
290,halignysse,<code>halignysse</code>,1,0.0004314
290,halwendan,<code>halwendan</code>,1,0.0004314
290,ham,<code>ham</code>,1,0.0004314
290,hatheortnysse,<code>hatheortnysse</code>,1,0.0004314
290,heafodleahtra,<code>heafodleahtra</code>,1,0.0004314
290,healican,<code>healican</code>,1,0.0004314
290,healicre,<code>healicre</code>,1,0.0004314
290,heap,<code>heap</code>,1,0.0004314
290,heardheortan,<code>heardheortan</code>,1,0.0004314
290,helias,<code>helias</code>,1,0.0004314
290,helisabe&eth;,<code>helisabe&amp;d;</code>,1,0.0004314
290,helwarum,<code>helwarum</code>,1,0.0004314
290,heorcniendra,<code>heorcniendra</code>,1,0.0004314
290,her,<code>her</code>,1,0.0004314
290,herode,<code>herode</code>,1,0.0004314
290,het,<code>het</code>,1,0.0004314
290,hider,<code>hider</code>,1,0.0004314
290,hire,<code>hire</code>,1,0.0004314
290,hlisa,<code>hlisa</code>,1,0.0004314
290,hlisan,<code>hlisan</code>,1,0.0004314
290,hluddre,<code>hluddre</code>,1,0.0004314
290,hlystendra,<code>hlystendra</code>,1,0.0004314
290,hocum,<code>hocum</code>,1,0.0004314
290,hra&eth;or,<code>hra&amp;d;or</code>,1,0.0004314
290,hwam,<code>hwam</code>,1,0.0004314
290,hwene,<code>hwene</code>,1,0.0004314
290,hwi,<code>hwi</code>,1,0.0004314
290,hylt,<code>hylt</code>,1,0.0004314
290,inno&thorn;e,<code>inno&amp;t;e</code>,1,0.0004314
290,into,<code>into</code>,1,0.0004314
290,iohanne,<code>iohanne</code>,1,0.0004314
290,iohanness,<code>iohanness</code>,1,0.0004314
290,iohannis,<code>iohannis</code>,1,0.0004314
290,isenum,<code>isenum</code>,1,0.0004314
290,israheles,<code>israheles</code>,1,0.0004314
290,issaias,<code>issaias</code>,1,0.0004314
290,issaies,<code>issaies</code>,1,0.0004314
290,iudan,<code>iudan</code>,1,0.0004314
290,iudeiscra,<code>iudeiscra</code>,1,0.0004314
290,iudeiscre,<code>iudeiscre</code>,1,0.0004314
290,iudeiscum,<code>iudeiscum</code>,1,0.0004314
290,iulii,<code>iulii</code>,1,0.0004314
290,kalendas,<code>kalendas</code>,1,0.0004314
290,l&aelig;ta&eth;,<code>l&amp;ae;ta&amp;d;</code>,1,0.0004314
290,langsumlic,<code>langsumlic</code>,1,0.0004314
290,leahtrum,<code>leahtrum</code>,1,0.0004314
290,leo,<code>leo</code>,1,0.0004314
290,lichamlic,<code>lichamlic</code>,1,0.0004314
290,liflic,<code>liflic</code>,1,0.0004314
290,loca,<code>loca</code>,1,0.0004314
290,lof,<code>lof</code>,1,0.0004314
290,lucas,<code>lucas</code>,1,0.0004314
290,lyfe,<code>lyfe</code>,1,0.0004314
290,lytle,<code>lytle</code>,1,0.0004314
290,m&aelig;re,<code>m&amp;ae;re</code>,1,0.0004314
290,m&aelig;rra,<code>m&amp;ae;rra</code>,1,0.0004314
290,m&aelig;ssed&aelig;ge,<code>m&amp;ae;ssed&amp;ae;ge</code>,1,0.0004314
290,magas,<code>magas</code>,1,0.0004314
290,magum,<code>magum</code>,1,0.0004314
290,man&thorn;w&aelig;rnysse,<code>man&amp;t;w&amp;ae;rnysse</code>,1,0.0004314
290,mancynne,<code>mancynne</code>,1,0.0004314
290,mann,<code>mann</code>,1,0.0004314
290,martyrdome,<code>martyrdome</code>,1,0.0004314
290,medenes,<code>medenes</code>,1,0.0004314
290,meder,<code>meder</code>,1,0.0004314
290,men,<code>men</code>,1,0.0004314
290,mennisce,<code>mennisce</code>,1,0.0004314
290,mettum,<code>mettum</code>,1,0.0004314
290,micclum,<code>micclum</code>,1,0.0004314
290,micelne,<code>micelne</code>,1,0.0004314
290,micelre,<code>micelre</code>,1,0.0004314
290,middanearde,<code>middanearde</code>,1,0.0004314
290,middaneardes,<code>middaneardes</code>,1,0.0004314
290,middes,<code>middes</code>,1,0.0004314
290,midlum,<code>midlum</code>,1,0.0004314
290,miht,<code>miht</code>,1,0.0004314
290,mislicum,<code>mislicum</code>,1,0.0004314
290,modigan,<code>modigan</code>,1,0.0004314
290,modigra,<code>modigra</code>,1,0.0004314
290,mynegunge,<code>mynegunge</code>,1,0.0004314
290,nanes,<code>nanes</code>,1,0.0004314
290,nanum,<code>nanum</code>,1,0.0004314
290,nativitas,<code>nativitas</code>,1,0.0004314
290,nean,<code>nean</code>,1,0.0004314
290,nehgeburas,<code>nehgeburas</code>,1,0.0004314
290,nehgeburum,<code>nehgeburum</code>,1,0.0004314
290,niwe,<code>niwe</code>,1,0.0004314
290,nym&eth;,<code>nym&amp;d;</code>,1,0.0004314
290,o&eth;rum,<code>o&amp;d;rum</code>,1,0.0004314
290,o&thorn;,<code>o&amp;t;</code>,1,0.0004314
290,o&thorn;&thorn;e,<code>o&amp;t;&amp;t;e</code>,1,0.0004314
290,o&thorn;ra,<code>o&amp;t;ra</code>,1,0.0004314
290,o&thorn;re,<code>o&amp;t;re</code>,1,0.0004314
290,oferflowedlican,<code>oferflowedlican</code>,1,0.0004314
290,oferswi&eth;de,<code>oferswi&amp;d;de</code>,1,0.0004314
290,ofet,<code>ofet</code>,1,0.0004314
290,oga,<code>oga</code>,1,0.0004314
290,oluendes,<code>oluendes</code>,1,0.0004314
290,oncnawen,<code>oncnawen</code>,1,0.0004314
290,oncneow,<code>oncneow</code>,1,0.0004314
290,ongyte,<code>ongyte</code>,1,0.0004314
290,onhef&eth;,<code>onhef&amp;d;</code>,1,0.0004314
290,onlihtinge,<code>onlihtinge</code>,1,0.0004314
290,ons&aelig;gednys,<code>ons&amp;ae;gednys</code>,1,0.0004314
290,onwrigenysse,<code>onwrigenysse</code>,1,0.0004314
290,pleolicum,<code>pleolicum</code>,1,0.0004314
290,re&thorn;an,<code>re&amp;t;an</code>,1,0.0004314
290,reaf,<code>reaf</code>,1,0.0004314
290,regolsticcan,<code>regolsticcan</code>,1,0.0004314
290,rehton,<code>rehton</code>,1,0.0004314
290,rices,<code>rices</code>,1,0.0004314
290,rihte,<code>rihte</code>,1,0.0004314
290,rihtlice,<code>rihtlice</code>,1,0.0004314
290,rihtne,<code>rihtne</code>,1,0.0004314
290,rihtre,<code>rihtre</code>,1,0.0004314
290,rihtwise,<code>rihtwise</code>,1,0.0004314
290,rihtwisnysse,<code>rihtwisnysse</code>,1,0.0004314
290,rihtwisnyssum,<code>rihtwisnyssum</code>,1,0.0004314
290,rihtwisra,<code>rihtwisra</code>,1,0.0004314
290,rumgifelnysse,<code>rumgifelnysse</code>,1,0.0004314
290,s&aelig;le,<code>s&amp;ae;le</code>,1,0.0004314
290,sancti,<code>sancti</code>,1,0.0004314
290,sawla,<code>sawla</code>,1,0.0004314
290,scadu,<code>scadu</code>,1,0.0004314
290,sceolde,<code>sceolde</code>,1,0.0004314
290,scrude,<code>scrude</code>,1,0.0004314
290,scyppende,<code>scyppende</code>,1,0.0004314
290,scyt,<code>scyt</code>,1,0.0004314
290,setton,<code>setton</code>,1,0.0004314
290,siblingas,<code>siblingas</code>,1,0.0004314
290,sigef&aelig;ste,<code>sigef&amp;ae;ste</code>,1,0.0004314
290,sind,<code>sind</code>,1,0.0004314
290,sindon,<code>sindon</code>,1,0.0004314
290,singalre,<code>singalre</code>,1,0.0004314
290,sme&thorn;um,<code>sme&amp;t;um</code>,1,0.0004314
290,snoternysse,<code>snoternysse</code>,1,0.0004314
290,snoterum,<code>snoterum</code>,1,0.0004314
290,so&eth;,<code>so&amp;d;</code>,1,0.0004314
290,so&eth;f&aelig;stnyss,<code>so&amp;d;f&amp;ae;stnyss</code>,1,0.0004314
290,so&eth;f&aelig;stnysse,<code>so&amp;d;f&amp;ae;stnysse</code>,1,0.0004314
290,so&eth;re,<code>so&amp;d;re</code>,1,0.0004314
290,so&thorn;a,<code>so&amp;t;a</code>,1,0.0004314
290,so&thorn;an,<code>so&amp;t;an</code>,1,0.0004314
290,sprecenne,<code>sprecenne</code>,1,0.0004314
290,stande,<code>stande</code>,1,0.0004314
290,stearcre,<code>stearcre</code>,1,0.0004314
290,steore,<code>steore</code>,1,0.0004314
290,sti&eth;lice,<code>sti&amp;d;lice</code>,1,0.0004314
290,sti&eth;re,<code>sti&amp;d;re</code>,1,0.0004314
290,sti&thorn;lic,<code>sti&amp;t;lic</code>,1,0.0004314
290,sti&thorn;re,<code>sti&amp;t;re</code>,1,0.0004314
290,stod,<code>stod</code>,1,0.0004314
290,stowe,<code>stowe</code>,1,0.0004314
290,strec,<code>strec</code>,1,0.0004314
290,strecan,<code>strecan</code>,1,0.0004314
290,strecum,<code>strecum</code>,1,0.0004314
290,strenc&eth;e,<code>strenc&amp;d;e</code>,1,0.0004314
290,styran,<code>styran</code>,1,0.0004314
290,styrnysse,<code>styrnysse</code>,1,0.0004314
290,styrunge,<code>styrunge</code>,1,0.0004314
290,sum,<code>sum</code>,1,0.0004314
290,sumum,<code>sumum</code>,1,0.0004314
290,sunnan,<code>sunnan</code>,1,0.0004314
290,swi&eth;e,<code>swi&amp;d;e</code>,1,0.0004314
290,swilc,<code>swilc</code>,1,0.0004314
290,syfernysse,<code>syfernysse</code>,1,0.0004314
290,sylf,<code>sylf</code>,1,0.0004314
290,sylfum,<code>sylfum</code>,1,0.0004314
290,synfullum,<code>synfullum</code>,1,0.0004314
290,tacnum,<code>tacnum</code>,1,0.0004314
290,tale,<code>tale</code>,1,0.0004314
290,temple,<code>temple</code>,1,0.0004314
290,timan,<code>timan</code>,1,0.0004314
290,toforan,<code>toforan</code>,1,0.0004314
290,togeanes,<code>togeanes</code>,1,0.0004314
290,toweard,<code>toweard</code>,1,0.0004314
290,tungan,<code>tungan</code>,1,0.0004314
290,tunge,<code>tunge</code>,1,0.0004314
290,twa,<code>twa</code>,1,0.0004314
290,tyberii,<code>tyberii</code>,1,0.0004314
290,un&thorn;eawas,<code>un&amp;t;eawas</code>,1,0.0004314
290,unband,<code>unband</code>,1,0.0004314
290,unbunden,<code>unbunden</code>,1,0.0004314
290,ungeleaffullan,<code>ungeleaffullan</code>,1,0.0004314
290,ungerime,<code>ungerime</code>,1,0.0004314
290,ungewissum,<code>ungewissum</code>,1,0.0004314
290,unli&thorn;e,<code>unli&amp;t;e</code>,1,0.0004314
290,unlustas,<code>unlustas</code>,1,0.0004314
290,unrihtwisnysse,<code>unrihtwisnysse</code>,1,0.0004314
290,unsc&aelig;&eth;&eth;ignysse,<code>unsc&amp;ae;&amp;d;&amp;d;ignysse</code>,1,0.0004314
290,unscyldig,<code>unscyldig</code>,1,0.0004314
290,unsprecende,<code>unsprecende</code>,1,0.0004314
290,unsynnian,<code>unsynnian</code>,1,0.0004314
290,untwylice,<code>untwylice</code>,1,0.0004314
290,untymende,<code>untymende</code>,1,0.0004314
290,unw&aelig;stmb&aelig;re,<code>unw&amp;ae;stmb&amp;ae;re</code>,1,0.0004314
290,unw&aelig;stmb&aelig;rnysse,<code>unw&amp;ae;stmb&amp;ae;rnysse</code>,1,0.0004314
290,unwemme,<code>unwemme</code>,1,0.0004314
290,unwreah,<code>unwreah</code>,1,0.0004314
290,upplican,<code>upplican</code>,1,0.0004314
290,ure,<code>ure</code>,1,0.0004314
290,ures,<code>ures</code>,1,0.0004314
290,urum,<code>urum</code>,1,0.0004314
290,uton,<code>uton</code>,1,0.0004314
290,viii,<code>viii</code>,1,0.0004314
290,w&aelig;rlice,<code>w&amp;ae;rlice</code>,1,0.0004314
290,w&aelig;stme,<code>w&amp;ae;stme</code>,1,0.0004314
290,w&aelig;tan,<code>w&amp;ae;tan</code>,1,0.0004314
290,w&aelig;tana,<code>w&amp;ae;tana</code>,1,0.0004314
290,w&aelig;te,<code>w&amp;ae;te</code>,1,0.0004314
290,w&aelig;ter,<code>w&amp;ae;ter</code>,1,0.0004314
290,waclice,<code>waclice</code>,1,0.0004314
290,wanienda,<code>wanienda</code>,1,0.0004314
290,wanunge,<code>wanunge</code>,1,0.0004314
290,wealdend,<code>wealdend</code>,1,0.0004314
290,wealdenda,<code>wealdenda</code>,1,0.0004314
290,wealdendan,<code>wealdendan</code>,1,0.0004314
290,weaxe,<code>weaxe</code>,1,0.0004314
290,weaxende,<code>weaxende</code>,1,0.0004314
290,weg,<code>weg</code>,1,0.0004314
290,wege,<code>wege</code>,1,0.0004314
290,wegum,<code>wegum</code>,1,0.0004314
290,wel,<code>wel</code>,1,0.0004314
290,wenan,<code>wenan</code>,1,0.0004314
290,wenst,<code>wenst</code>,1,0.0004314
290,weor&thorn;a&eth;,<code>weor&amp;t;a&amp;d;</code>,1,0.0004314
290,weorc,<code>weorc</code>,1,0.0004314
290,weorce,<code>weorce</code>,1,0.0004314
290,weox,<code>weox</code>,1,0.0004314
290,were,<code>were</code>,1,0.0004314
290,wi&eth;,<code>wi&amp;d;</code>,1,0.0004314
290,wi&eth;cwyst,<code>wi&amp;d;cwyst</code>,1,0.0004314
290,wife,<code>wife</code>,1,0.0004314
290,wintres,<code>wintres</code>,1,0.0004314
290,wisan,<code>wisan</code>,1,0.0004314
290,witiendlicere,<code>witiendlicere</code>,1,0.0004314
290,wittiggende,<code>wittiggende</code>,1,0.0004314
290,wohnyssa,<code>wohnyssa</code>,1,0.0004314
290,woldon,<code>woldon</code>,1,0.0004314
290,woplic,<code>woplic</code>,1,0.0004314
290,woroldlica,<code>woroldlica</code>,1,0.0004314
290,woruldlice,<code>woruldlice</code>,1,0.0004314
290,wudehunig,<code>wudehunig</code>,1,0.0004314
290,wulderful,<code>wulderful</code>,1,0.0004314
290,wuldor,<code>wuldor</code>,1,0.0004314
290,wundor,<code>wundor</code>,1,0.0004314
290,wundrum,<code>wundrum</code>,1,0.0004314
290,wunia&eth;,<code>wunia&amp;d;</code>,1,0.0004314
290,wunode,<code>wunode</code>,1,0.0004314
290,wununge,<code>wununge</code>,1,0.0004314
290,wur&eth;mynte,<code>wur&amp;d;mynte</code>,1,0.0004314
290,wur&thorn;ia&eth;,<code>wur&amp;t;ia&amp;d;</code>,1,0.0004314
290,wur&thorn;igenne,<code>wur&amp;t;igenne</code>,1,0.0004314
290,wurdon,<code>wurdon</code>,1,0.0004314
290,wylle,<code>wylle</code>,1,0.0004314
290,wyr&thorn;e,<code>wyr&amp;t;e</code>,1,0.0004314
290,wyrtruma,<code>wyrtruma</code>,1,0.0004314
290,yfelan,<code>yfelan</code>,1,0.0004314
290,ylcan,<code>ylcan</code>,1,0.0004314
290,ymbe,<code>ymbe</code>,1,0.0004314
290,yrsiendan,<code>yrsiendan</code>,1,0.0004314
290,zacharia,<code>zacharia</code>,1,0.0004314
290,zacharian,<code>zacharian</code>,1,0.0004314
