B_Prose,B01,B01.001.040_AECHom_I__38_T02470.txt,1310,865,3864
RANK,HTML WORD,RAW WORD,COUNT,RELATIVE FREQUENCY
1,&amp;,<code>&amp;amp;</code>,156,0.0403727
2,&thorn;&aelig;t,<code>&amp;t;&amp;ae;t</code>,79,0.0204451
3,on,<code>on</code>,75,0.0194099
3,to,<code>to</code>,75,0.0194099
5,&thorn;e,<code>&amp;t;e</code>,73,0.0188923
6,he,<code>he</code>,68,0.0175983
7,his,<code>his</code>,56,0.0144928
7,swa,<code>swa</code>,56,0.0144928
9,mid,<code>mid</code>,55,0.0142340
10,&thorn;a,<code>&amp;t;a</code>,53,0.0137164
11,ne,<code>ne</code>,52,0.0134576
12,ic,<code>ic</code>,51,0.0131988
13,hi,<code>hi</code>,46,0.0119048
14,&thorn;u,<code>&amp;t;u</code>,45,0.0116460
15,se,<code>se</code>,43,0.0111284
16,him,<code>him</code>,40,0.0103520
17,&thorn;am,<code>&amp;t;am</code>,39,0.0100932
18,for,<code>for</code>,33,0.0085404
19,&eth;e,<code>&amp;d;e</code>,30,0.0077640
19,is,<code>is</code>,30,0.0077640
21,&thorn;&aelig;re,<code>&amp;t;&amp;ae;re</code>,29,0.0075052
22,ac,<code>ac</code>,27,0.0069876
22,me,<code>me</code>,27,0.0069876
24,&eth;a,<code>&amp;d;a</code>,25,0.0064700
25,andreas,<code>andreas</code>,24,0.0062112
25,rode,<code>rode</code>,24,0.0062112
27,cw&aelig;&eth;,<code>cw&amp;ae;&amp;d;</code>,23,0.0059524
28,hine,<code>hine</code>,22,0.0056936
28,nu,<code>nu</code>,22,0.0056936
30,egeas,<code>egeas</code>,21,0.0054348
30,gif,<code>gif</code>,21,0.0054348
30,heora,<code>heora</code>,21,0.0054348
33,godes,<code>godes</code>,20,0.0051760
34,&thorn;an,<code>&amp;t;an</code>,19,0.0049172
35,&thorn;onne,<code>&amp;t;onne</code>,18,0.0046584
35,we,<code>we</code>,18,0.0046584
37,be,<code>be</code>,16,0.0041408
37,ure,<code>ure</code>,16,0.0041408
39,&eth;u,<code>&amp;d;u</code>,15,0.0038820
39,&thorn;urh,<code>&amp;t;urh</code>,15,0.0038820
41,bi&eth;,<code>bi&amp;d;</code>,14,0.0036232
41,sind,<code>sind</code>,14,0.0036232
43,andwyrde,<code>andwyrde</code>,13,0.0033644
43,hu,<code>hu</code>,13,0.0033644
43,hw&aelig;t,<code>hw&amp;ae;t</code>,13,0.0033644
43,of,<code>of</code>,13,0.0033644
47,apostol,<code>apostol</code>,12,0.0031056
47,w&aelig;s,<code>w&amp;ae;s</code>,12,0.0031056
49,fram,<code>fram</code>,11,0.0028468
50,&aelig;r,<code>&amp;ae;r</code>,10,0.0025880
50,&aelig;t,<code>&amp;ae;t</code>,10,0.0025880
50,&thorn;one,<code>&amp;t;one</code>,10,0.0025880
50,crist,<code>crist</code>,10,0.0025880
50,goda,<code>goda</code>,10,0.0025880
50,manna,<code>manna</code>,10,0.0025880
56,&thorn;as,<code>&amp;t;as</code>,9,0.0023292
56,beon,<code>beon</code>,9,0.0023292
56,gerynu,<code>gerynu</code>,9,0.0023292
56,god,<code>god</code>,9,0.0023292
56,gode,<code>gode</code>,9,0.0023292
56,halgan,<code>halgan</code>,9,0.0023292
62,&eth;&aelig;t,<code>&amp;d;&amp;ae;t</code>,8,0.0020704
62,&thorn;&aelig;s,<code>&amp;t;&amp;ae;s</code>,8,0.0020704
62,&thorn;ing,<code>&amp;t;ing</code>,8,0.0020704
62,folc,<code>folc</code>,8,0.0020704
62,ge,<code>ge</code>,8,0.0020704
62,h&aelig;lend,<code>h&amp;ae;lend</code>,8,0.0020704
62,lac,<code>lac</code>,8,0.0020704
62,mine,<code>mine</code>,8,0.0020704
62,nan,<code>nan</code>,8,0.0020704
62,petrus,<code>petrus</code>,8,0.0020704
62,sy&eth;&eth;an,<code>sy&amp;d;&amp;d;an</code>,8,0.0020704
62,wuldor,<code>wuldor</code>,8,0.0020704
74,anum,<code>anum</code>,7,0.0018116
74,cristes,<code>cristes</code>,7,0.0018116
74,drihten,<code>drihten</code>,7,0.0018116
74,ealle,<code>ealle</code>,7,0.0018116
74,eow,<code>eow</code>,7,0.0018116
74,fisceras,<code>fisceras</code>,7,0.0018116
74,hit,<code>hit</code>,7,0.0018116
74,mihte,<code>mihte</code>,7,0.0018116
74,na,<code>na</code>,7,0.0018116
74,o&eth;&eth;e,<code>o&amp;d;&amp;d;e</code>,7,0.0018116
74,so&eth;lice,<code>so&amp;d;lice</code>,7,0.0018116
74,sylfum,<code>sylfum</code>,7,0.0018116
74,us,<code>us</code>,7,0.0018116
87,&aelig;hta,<code>&amp;ae;hta</code>,6,0.0015528
87,&thorn;&aelig;r,<code>&amp;t;&amp;ae;r</code>,6,0.0015528
87,&thorn;eah,<code>&amp;t;eah</code>,6,0.0015528
87,&thorn;in,<code>&amp;t;in</code>,6,0.0015528
87,&thorn;rowunge,<code>&amp;t;rowunge</code>,6,0.0015528
87,buton,<code>buton</code>,6,0.0015528
87,criste,<code>criste</code>,6,0.0015528
87,ece,<code>ece</code>,6,0.0015528
87,gealgan,<code>gealgan</code>,6,0.0015528
87,geceas,<code>geceas</code>,6,0.0015528
87,man,<code>man</code>,6,0.0015528
87,micel,<code>micel</code>,6,0.0015528
87,rice,<code>rice</code>,6,0.0015528
87,sylfwilles,<code>sylfwilles</code>,6,0.0015528
87,w&aelig;re,<code>w&amp;ae;re</code>,6,0.0015528
87,wolde,<code>wolde</code>,6,0.0015528
103,&aelig;fter,<code>&amp;ae;fter</code>,5,0.0012940
103,&thorn;i,<code>&amp;t;i</code>,5,0.0012940
103,&thorn;isum,<code>&amp;t;isum</code>,5,0.0012940
103,&thorn;y,<code>&amp;t;y</code>,5,0.0012940
103,&thorn;ysum,<code>&amp;t;ysum</code>,5,0.0012940
103,eft,<code>eft</code>,5,0.0012940
103,geleafan,<code>geleafan</code>,5,0.0012940
103,geseah,<code>geseah</code>,5,0.0012940
103,h&aelig;fde,<code>h&amp;ae;fde</code>,5,0.0012940
103,het,<code>het</code>,5,0.0012940
103,lufe,<code>lufe</code>,5,0.0012940
103,micelre,<code>micelre</code>,5,0.0012940
103,mod,<code>mod</code>,5,0.0012940
103,mode,<code>mode</code>,5,0.0012940
103,net,<code>net</code>,5,0.0012940
103,s&aelig;,<code>s&amp;ae;</code>,5,0.0012940
103,s&aelig;de,<code>s&amp;ae;de</code>,5,0.0012940
103,so&eth;,<code>so&amp;d;</code>,5,0.0012940
103,swi&thorn;or,<code>swi&amp;t;or</code>,5,0.0012940
103,sy,<code>sy</code>,5,0.0012940
103,tintregum,<code>tintregum</code>,5,0.0012940
103,willan,<code>willan</code>,5,0.0012940
103,wite,<code>wite</code>,5,0.0012940
103,worulde,<code>worulde</code>,5,0.0012940
127,&aelig;nig,<code>&amp;ae;nig</code>,4,0.0010352
127,&eth;as,<code>&amp;d;as</code>,4,0.0010352
127,&eth;urh,<code>&amp;d;urh</code>,4,0.0010352
127,&thorn;&aelig;ra,<code>&amp;t;&amp;ae;ra</code>,4,0.0010352
127,&thorn;inre,<code>&amp;t;inre</code>,4,0.0010352
127,beo&eth;,<code>beo&amp;d;</code>,4,0.0010352
127,com,<code>com</code>,4,0.0010352
127,cwearterne,<code>cwearterne</code>,4,0.0010352
127,d&aelig;ighwomlice,<code>d&amp;ae;ighwomlice</code>,4,0.0010352
127,ealne,<code>ealne</code>,4,0.0010352
127,ferde,<code>ferde</code>,4,0.0010352
127,forleton,<code>forleton</code>,4,0.0010352
127,gebro&thorn;ru,<code>gebro&amp;t;ru</code>,4,0.0010352
127,getacnunge,<code>getacnunge</code>,4,0.0010352
127,godum,<code>godum</code>,4,0.0010352
127,gyt,<code>gyt</code>,4,0.0010352
127,heortan,<code>heortan</code>,4,0.0010352
127,lare,<code>lare</code>,4,0.0010352
127,m&aelig;g,<code>m&amp;ae;g</code>,4,0.0010352
127,mannes,<code>mannes</code>,4,0.0010352
127,mannum,<code>mannum</code>,4,0.0010352
127,meniu,<code>meniu</code>,4,0.0010352
127,rican,<code>rican</code>,4,0.0010352
127,samod,<code>samod</code>,4,0.0010352
127,sceolde,<code>sceolde</code>,4,0.0010352
127,stemne,<code>stemne</code>,4,0.0010352
127,sum,<code>sum</code>,4,0.0010352
127,swilce,<code>swilce</code>,4,0.0010352
127,ura,<code>ura</code>,4,0.0010352
127,urum,<code>urum</code>,4,0.0010352
127,w&aelig;ron,<code>w&amp;ae;ron</code>,4,0.0010352
127,wi&eth;,<code>wi&amp;d;</code>,4,0.0010352
127,willa,<code>willa</code>,4,0.0010352
127,witodlice,<code>witodlice</code>,4,0.0010352
127,word,<code>word</code>,4,0.0010352
127,wydewe,<code>wydewe</code>,4,0.0010352
127,zacheus,<code>zacheus</code>,4,0.0010352
164,&aelig;lmihtigan,<code>&amp;ae;lmihtigan</code>,3,0.0007764
164,&aelig;tbr&aelig;d,<code>&amp;ae;tbr&amp;ae;d</code>,3,0.0007764
164,&aelig;tforan,<code>&amp;ae;tforan</code>,3,0.0007764
164,&eth;&aelig;s,<code>&amp;d;&amp;ae;s</code>,3,0.0007764
164,&thorn;&aelig;rrihte,<code>&amp;t;&amp;ae;rrihte</code>,3,0.0007764
164,&thorn;ine,<code>&amp;t;ine</code>,3,0.0007764
164,&thorn;issere,<code>&amp;t;issere</code>,3,0.0007764
164,&thorn;rowian,<code>&amp;t;rowian</code>,3,0.0007764
164,&thorn;yssere,<code>&amp;t;yssere</code>,3,0.0007764
164,alysan,<code>alysan</code>,3,0.0007764
164,bel&aelig;wed,<code>bel&amp;ae;wed</code>,3,0.0007764
164,blod,<code>blod</code>,3,0.0007764
164,caseras,<code>caseras</code>,3,0.0007764
164,clypigende,<code>clypigende</code>,3,0.0007764
164,clypode,<code>clypode</code>,3,0.0007764
164,come,<code>come</code>,3,0.0007764
164,culfran,<code>culfran</code>,3,0.0007764
164,cwellerum,<code>cwellerum</code>,3,0.0007764
164,d&aelig;l,<code>d&amp;ae;l</code>,3,0.0007764
164,d&aelig;le,<code>d&amp;ae;le</code>,3,0.0007764
164,dea&thorn;es,<code>dea&amp;t;es</code>,3,0.0007764
164,do,<code>do</code>,3,0.0007764
164,eac,<code>eac</code>,3,0.0007764
164,eagan,<code>eagan</code>,3,0.0007764
164,eart,<code>eart</code>,3,0.0007764
164,ecan,<code>ecan</code>,3,0.0007764
164,ecum,<code>ecum</code>,3,0.0007764
164,eh&thorn;yrlum,<code>eh&amp;t;yrlum</code>,3,0.0007764
164,eode,<code>eode</code>,3,0.0007764
164,fl&aelig;sc,<code>fl&amp;ae;sc</code>,3,0.0007764
164,forgeafe,<code>forgeafe</code>,3,0.0007764
164,forscrencend,<code>forscrencend</code>,3,0.0007764
164,fyligdon,<code>fyligdon</code>,3,0.0007764
164,ge&thorn;uht,<code>ge&amp;t;uht</code>,3,0.0007764
164,geciged,<code>geciged</code>,3,0.0007764
164,gecure,<code>gecure</code>,3,0.0007764
164,gecweden,<code>gecweden</code>,3,0.0007764
164,gegearcod,<code>gegearcod</code>,3,0.0007764
164,gehyr,<code>gehyr</code>,3,0.0007764
164,gelyfst,<code>gelyfst</code>,3,0.0007764
164,geseon,<code>geseon</code>,3,0.0007764
164,gewilnunge,<code>gewilnunge</code>,3,0.0007764
164,h&aelig;fene,<code>h&amp;ae;fene</code>,3,0.0007764
164,h&aelig;se,<code>h&amp;ae;se</code>,3,0.0007764
164,habba&eth;,<code>habba&amp;d;</code>,3,0.0007764
164,halga,<code>halga</code>,3,0.0007764
164,hwa,<code>hwa</code>,3,0.0007764
164,in,<code>in</code>,3,0.0007764
164,leohte,<code>leohte</code>,3,0.0007764
164,lichaman,<code>lichaman</code>,3,0.0007764
164,lifes,<code>lifes</code>,3,0.0007764
164,mage,<code>mage</code>,3,0.0007764
164,men,<code>men</code>,3,0.0007764
164,micclum,<code>micclum</code>,3,0.0007764
164,minne,<code>minne</code>,3,0.0007764
164,minum,<code>minum</code>,3,0.0007764
164,offrie,<code>offrie</code>,3,0.0007764
164,offrunge,<code>offrunge</code>,3,0.0007764
164,sceal,<code>sceal</code>,3,0.0007764
164,scealt,<code>scealt</code>,3,0.0007764
164,sende,<code>sende</code>,3,0.0007764
164,seo,<code>seo</code>,3,0.0007764
164,speda,<code>speda</code>,3,0.0007764
164,sumere,<code>sumere</code>,3,0.0007764
164,sunu,<code>sunu</code>,3,0.0007764
164,sylfe,<code>sylfe</code>,3,0.0007764
164,symle,<code>symle</code>,3,0.0007764
164,twegen,<code>twegen</code>,3,0.0007764
164,underfo,<code>underfo</code>,3,0.0007764
164,weofode,<code>weofode</code>,3,0.0007764
164,wer,<code>wer</code>,3,0.0007764
164,wi&eth;utan,<code>wi&amp;d;utan</code>,3,0.0007764
164,wille,<code>wille</code>,3,0.0007764
164,witega,<code>witega</code>,3,0.0007764
164,wordum,<code>wordum</code>,3,0.0007764
164,wylt,<code>wylt</code>,3,0.0007764
164,ylcan,<code>ylcan</code>,3,0.0007764
241,&aelig;lcere,<code>&amp;ae;lcere</code>,2,0.0005176
241,&eth;&aelig;r,<code>&amp;d;&amp;ae;r</code>,2,0.0005176
241,&eth;eos,<code>&amp;d;eos</code>,2,0.0005176
241,&eth;in,<code>&amp;d;in</code>,2,0.0005176
241,&eth;is,<code>&amp;d;is</code>,2,0.0005176
241,&thorn;earle,<code>&amp;t;earle</code>,2,0.0005176
241,&thorn;eawum,<code>&amp;t;eawum</code>,2,0.0005176
241,&thorn;egenlic,<code>&amp;t;egenlic</code>,2,0.0005176
241,&thorn;eos,<code>&amp;t;eos</code>,2,0.0005176
241,&thorn;ines,<code>&amp;t;ines</code>,2,0.0005176
241,&thorn;inne,<code>&amp;t;inne</code>,2,0.0005176
241,&thorn;is,<code>&amp;t;is</code>,2,0.0005176
241,&thorn;rowung,<code>&amp;t;rowung</code>,2,0.0005176
241,&thorn;urhwuna&eth;,<code>&amp;t;urhwuna&amp;d;</code>,2,0.0005176
241,&thorn;us,<code>&amp;t;us</code>,2,0.0005176
241,&thorn;usend,<code>&amp;t;usend</code>,2,0.0005176
241,&thorn;yllice,<code>&amp;t;yllice</code>,2,0.0005176
241,&thorn;yssera,<code>&amp;t;yssera</code>,2,0.0005176
241,a,<code>a</code>,2,0.0005176
241,adw&aelig;scan,<code>adw&amp;ae;scan</code>,2,0.0005176
241,ahangen,<code>ahangen</code>,2,0.0005176
241,alysed,<code>alysed</code>,2,0.0005176
241,and,<code>and</code>,2,0.0005176
241,andan,<code>andan</code>,2,0.0005176
241,andweardan,<code>andweardan</code>,2,0.0005176
241,ansund,<code>ansund</code>,2,0.0005176
241,apostolas,<code>apostolas</code>,2,0.0005176
241,apostolum,<code>apostolum</code>,2,0.0005176
241,asende,<code>asende</code>,2,0.0005176
241,bebodum,<code>bebodum</code>,2,0.0005176
241,befran,<code>befran</code>,2,0.0005176
241,behet,<code>behet</code>,2,0.0005176
241,belaf,<code>belaf</code>,2,0.0005176
241,beo,<code>beo</code>,2,0.0005176
241,binnon,<code>binnon</code>,2,0.0005176
241,bist,<code>bist</code>,2,0.0005176
241,blissigende,<code>blissigende</code>,2,0.0005176
241,bodienne,<code>bodienne</code>,2,0.0005176
241,bodunge,<code>bodunge</code>,2,0.0005176
241,bro&eth;or,<code>bro&amp;d;or</code>,2,0.0005176
241,brucan,<code>brucan</code>,2,0.0005176
241,casere,<code>casere</code>,2,0.0005176
241,cristen,<code>cristen</code>,2,0.0005176
241,cucu,<code>cucu</code>,2,0.0005176
241,culfre,<code>culfre</code>,2,0.0005176
241,cwe&thorn;ende,<code>cwe&amp;t;ende</code>,2,0.0005176
241,cwylming,<code>cwylming</code>,2,0.0005176
241,d&aelig;ge,<code>d&amp;ae;ge</code>,2,0.0005176
241,dea&eth;,<code>dea&amp;d;</code>,2,0.0005176
241,dema,<code>dema</code>,2,0.0005176
241,deofles,<code>deofles</code>,2,0.0005176
241,deofolgyld,<code>deofolgyld</code>,2,0.0005176
241,deorwur&eth;e,<code>deorwur&amp;d;e</code>,2,0.0005176
241,drihtnes,<code>drihtnes</code>,2,0.0005176
241,drohtnunge,<code>drohtnunge</code>,2,0.0005176
241,dyrstinysse,<code>dyrstinysse</code>,2,0.0005176
241,eala,<code>eala</code>,2,0.0005176
241,ealdras,<code>ealdras</code>,2,0.0005176
241,eall,<code>eall</code>,2,0.0005176
241,eallum,<code>eallum</code>,2,0.0005176
241,eallunge,<code>eallunge</code>,2,0.0005176
241,ealre,<code>ealre</code>,2,0.0005176
241,earme,<code>earme</code>,2,0.0005176
241,earming,<code>earming</code>,2,0.0005176
241,efne,<code>efne</code>,2,0.0005176
241,ege,<code>ege</code>,2,0.0005176
241,ende,<code>ende</code>,2,0.0005176
241,eom,<code>eom</code>,2,0.0005176
241,eor&eth;lican,<code>eor&amp;d;lican</code>,2,0.0005176
241,eor&thorn;an,<code>eor&amp;t;an</code>,2,0.0005176
241,eornostlice,<code>eornostlice</code>,2,0.0005176
241,eower,<code>eower</code>,2,0.0005176
241,et,<code>et</code>,2,0.0005176
241,f&aelig;der,<code>f&amp;ae;der</code>,2,0.0005176
241,fela,<code>fela</code>,2,0.0005176
241,feor&eth;linge,<code>feor&amp;d;linge</code>,2,0.0005176
241,feowerfealdum,<code>feowerfealdum</code>,2,0.0005176
241,fiscere,<code>fiscere</code>,2,0.0005176
241,forgyldan,<code>forgyldan</code>,2,0.0005176
241,forlet,<code>forlet</code>,2,0.0005176
241,fornean,<code>fornean</code>,2,0.0005176
241,forwyrd,<code>forwyrd</code>,2,0.0005176
241,freond,<code>freond</code>,2,0.0005176
241,fruman,<code>fruman</code>,2,0.0005176
241,fylian,<code>fylian</code>,2,0.0005176
241,gast,<code>gast</code>,2,0.0005176
241,gaste,<code>gaste</code>,2,0.0005176
241,ge&thorn;ylde,<code>ge&amp;t;ylde</code>,2,0.0005176
241,ge&thorn;yldelice,<code>ge&amp;t;yldelice</code>,2,0.0005176
241,gebro&thorn;ra,<code>gebro&amp;t;ra</code>,2,0.0005176
241,gecyrrednysse,<code>gecyrrednysse</code>,2,0.0005176
241,gefean,<code>gefean</code>,2,0.0005176
241,gefreatewod,<code>gefreatewod</code>,2,0.0005176
241,gehyran,<code>gehyran</code>,2,0.0005176
241,gehyrdest,<code>gehyrdest</code>,2,0.0005176
241,gehyrdon,<code>gehyrdon</code>,2,0.0005176
241,gelofod,<code>gelofod</code>,2,0.0005176
241,gelyfan,<code>gelyfan</code>,2,0.0005176
241,gemynde,<code>gemynde</code>,2,0.0005176
241,geoffrian,<code>geoffrian</code>,2,0.0005176
241,geoffrode,<code>geoffrode</code>,2,0.0005176
241,geond,<code>geond</code>,2,0.0005176
241,geopenige,<code>geopenige</code>,2,0.0005176
241,gereht,<code>gereht</code>,2,0.0005176
241,gesawon,<code>gesawon</code>,2,0.0005176
241,gesewene,<code>gesewene</code>,2,0.0005176
241,getacna&eth;,<code>getacna&amp;d;</code>,2,0.0005176
241,gewilna&eth;,<code>gewilna&amp;d;</code>,2,0.0005176
241,gewilnodon,<code>gewilnodon</code>,2,0.0005176
241,gewur&thorn;an,<code>gewur&amp;t;an</code>,2,0.0005176
241,gitsunge,<code>gitsunge</code>,2,0.0005176
241,gyfu,<code>gyfu</code>,2,0.0005176
241,h&aelig;lende,<code>h&amp;ae;lende</code>,2,0.0005176
241,h&aelig;lendes,<code>h&amp;ae;lendes</code>,2,0.0005176
241,habban,<code>habban</code>,2,0.0005176
241,handum,<code>handum</code>,2,0.0005176
241,healfum,<code>healfum</code>,2,0.0005176
241,heofenum,<code>heofenum</code>,2,0.0005176
241,heofonum,<code>heofonum</code>,2,0.0005176
241,heold,<code>heold</code>,2,0.0005176
241,herunge,<code>herunge</code>,2,0.0005176
241,hr&aelig;dlice,<code>hr&amp;ae;dlice</code>,2,0.0005176
241,humeta,<code>humeta</code>,2,0.0005176
241,iacobus,<code>iacobus</code>,2,0.0005176
241,iohannes,<code>iohannes</code>,2,0.0005176
241,l&aelig;s,<code>l&amp;ae;s</code>,2,0.0005176
241,lamb,<code>lamb</code>,2,0.0005176
241,lareow,<code>lareow</code>,2,0.0005176
241,leoht,<code>leoht</code>,2,0.0005176
241,leornian,<code>leornian</code>,2,0.0005176
241,leorningcnihtum,<code>leorningcnihtum</code>,2,0.0005176
241,lif,<code>lif</code>,2,0.0005176
241,lustum,<code>lustum</code>,2,0.0005176
241,lybbende,<code>lybbende</code>,2,0.0005176
241,m&aelig;ge,<code>m&amp;ae;ge</code>,2,0.0005176
241,m&aelig;ig,<code>m&amp;ae;ig</code>,2,0.0005176
241,ma&eth;mhuse,<code>ma&amp;d;mhuse</code>,2,0.0005176
241,magon,<code>magon</code>,2,0.0005176
241,mancynna,<code>mancynna</code>,2,0.0005176
241,mancynne,<code>mancynne</code>,2,0.0005176
241,mare,<code>mare</code>,2,0.0005176
241,menn,<code>menn</code>,2,0.0005176
241,mennisce,<code>mennisce</code>,2,0.0005176
241,micele,<code>micele</code>,2,0.0005176
241,middanearde,<code>middanearde</code>,2,0.0005176
241,middaneardes,<code>middaneardes</code>,2,0.0005176
241,miht,<code>miht</code>,2,0.0005176
241,mihton,<code>mihton</code>,2,0.0005176
241,min,<code>min</code>,2,0.0005176
241,n&aelig;bbe,<code>n&amp;ae;bbe</code>,2,0.0005176
241,n&aelig;f&eth;,<code>n&amp;ae;f&amp;d;</code>,2,0.0005176
241,n&aelig;ron,<code>n&amp;ae;ron</code>,2,0.0005176
241,naht,<code>naht</code>,2,0.0005176
241,naman,<code>naman</code>,2,0.0005176
241,nane,<code>nane</code>,2,0.0005176
241,nanum,<code>nanum</code>,2,0.0005176
241,neadunge,<code>neadunge</code>,2,0.0005176
241,nella&eth;,<code>nella&amp;d;</code>,2,0.0005176
241,nelt,<code>nelt</code>,2,0.0005176
241,nette,<code>nette</code>,2,0.0005176
241,nextan,<code>nextan</code>,2,0.0005176
241,o&eth;,<code>o&amp;d;</code>,2,0.0005176
241,ofer,<code>ofer</code>,2,0.0005176
241,oga,<code>oga</code>,2,0.0005176
241,oncnawende,<code>oncnawende</code>,2,0.0005176
241,ondr&aelig;de,<code>ondr&amp;ae;de</code>,2,0.0005176
241,ondr&aelig;denne,<code>ondr&amp;ae;denne</code>,2,0.0005176
241,orm&aelig;tre,<code>orm&amp;ae;tre</code>,2,0.0005176
241,rod,<code>rod</code>,2,0.0005176
241,rodehengene,<code>rodehengene</code>,2,0.0005176
241,romanisce,<code>romanisce</code>,2,0.0005176
241,sarnyssa,<code>sarnyssa</code>,2,0.0005176
241,sawle,<code>sawle</code>,2,0.0005176
241,sawul,<code>sawul</code>,2,0.0005176
241,sceawa&eth;,<code>sceawa&amp;d;</code>,2,0.0005176
241,sceawodon,<code>sceawodon</code>,2,0.0005176
241,scipe,<code>scipe</code>,2,0.0005176
241,scire,<code>scire</code>,2,0.0005176
241,secge,<code>secge</code>,2,0.0005176
241,so&eth;f&aelig;stnysse,<code>so&amp;d;f&amp;ae;stnysse</code>,2,0.0005176
241,so&thorn;an,<code>so&amp;t;an</code>,2,0.0005176
241,so&thorn;um,<code>so&amp;t;um</code>,2,0.0005176
241,stilnysse,<code>stilnysse</code>,2,0.0005176
241,sumum,<code>sumum</code>,2,0.0005176
241,tide,<code>tide</code>,2,0.0005176
241,tod&aelig;ig,<code>tod&amp;ae;ig</code>,2,0.0005176
241,treowe,<code>treowe</code>,2,0.0005176
241,u&eth;witan,<code>u&amp;d;witan</code>,2,0.0005176
241,underfeng,<code>underfeng</code>,2,0.0005176
241,w&aelig;lhreow,<code>w&amp;ae;lhreow</code>,2,0.0005176
241,wear&eth;,<code>wear&amp;d;</code>,2,0.0005176
241,wege,<code>wege</code>,2,0.0005176
241,wenst,<code>wenst</code>,2,0.0005176
241,wi&eth;&eth;um,<code>wi&amp;d;&amp;d;um</code>,2,0.0005176
241,wita,<code>wita</code>,2,0.0005176
241,wolcnu,<code>wolcnu</code>,2,0.0005176
241,woldon,<code>woldon</code>,2,0.0005176
241,woruld,<code>woruld</code>,2,0.0005176
241,woruldlice,<code>woruldlice</code>,2,0.0005176
241,woruldlicum,<code>woruldlicum</code>,2,0.0005176
241,wuldrie,<code>wuldrie</code>,2,0.0005176
241,wundra,<code>wundra</code>,2,0.0005176
241,wundrie,<code>wundrie</code>,2,0.0005176
241,wur&thorn;e,<code>wur&amp;t;e</code>,2,0.0005176
241,wylle,<code>wylle</code>,2,0.0005176
446,&aelig;&thorn;ele,<code>&amp;ae;&amp;t;ele</code>,1,0.0002588
446,&aelig;htum,<code>&amp;ae;htum</code>,1,0.0002588
446,&aelig;ig&thorn;er,<code>&amp;ae;ig&amp;t;er</code>,1,0.0002588
446,&aelig;lcum,<code>&amp;ae;lcum</code>,1,0.0002588
446,&aelig;lfremed,<code>&amp;ae;lfremed</code>,1,0.0002588
446,&aelig;lmessan,<code>&amp;ae;lmessan</code>,1,0.0002588
446,&aelig;lmihtig,<code>&amp;ae;lmihtig</code>,1,0.0002588
446,&aelig;lmihtigum,<code>&amp;ae;lmihtigum</code>,1,0.0002588
446,&aelig;nige,<code>&amp;ae;nige</code>,1,0.0002588
446,&aelig;niges,<code>&amp;ae;niges</code>,1,0.0002588
446,&aelig;nigre,<code>&amp;ae;nigre</code>,1,0.0002588
446,&aelig;nne,<code>&amp;ae;nne</code>,1,0.0002588
446,&aelig;tberstan,<code>&amp;ae;tberstan</code>,1,0.0002588
446,&aelig;tbrudon,<code>&amp;ae;tbrudon</code>,1,0.0002588
446,&aelig;twindan,<code>&amp;ae;twindan</code>,1,0.0002588
446,&eth;&aelig;re,<code>&amp;d;&amp;ae;re</code>,1,0.0002588
446,&eth;am,<code>&amp;d;am</code>,1,0.0002588
446,&eth;anon,<code>&amp;d;anon</code>,1,0.0002588
446,&eth;ing,<code>&amp;d;ing</code>,1,0.0002588
446,&eth;isum,<code>&amp;d;isum</code>,1,0.0002588
446,&eth;one,<code>&amp;d;one</code>,1,0.0002588
446,&eth;riddan,<code>&amp;d;riddan</code>,1,0.0002588
446,&eth;urhwunast,<code>&amp;d;urhwunast</code>,1,0.0002588
446,&eth;yssere,<code>&amp;d;yssere</code>,1,0.0002588
446,&thorn;ancwur&thorn;e,<code>&amp;t;ancwur&amp;t;e</code>,1,0.0002588
446,&thorn;earfan,<code>&amp;t;earfan</code>,1,0.0002588
446,&thorn;earfum,<code>&amp;t;earfum</code>,1,0.0002588
446,&thorn;eawas,<code>&amp;t;eawas</code>,1,0.0002588
446,&thorn;egenlice,<code>&amp;t;egenlice</code>,1,0.0002588
446,&thorn;eoda,<code>&amp;t;eoda</code>,1,0.0002588
446,&thorn;eode,<code>&amp;t;eode</code>,1,0.0002588
446,&thorn;eowa,<code>&amp;t;eowa</code>,1,0.0002588
446,&thorn;eowan,<code>&amp;t;eowan</code>,1,0.0002588
446,&thorn;eowracan,<code>&amp;t;eowracan</code>,1,0.0002588
446,&thorn;eowracena,<code>&amp;t;eowracena</code>,1,0.0002588
446,&thorn;eowracum,<code>&amp;t;eowracum</code>,1,0.0002588
446,&thorn;es,<code>&amp;t;es</code>,1,0.0002588
446,&thorn;inge,<code>&amp;t;inge</code>,1,0.0002588
446,&thorn;ingere,<code>&amp;t;ingere</code>,1,0.0002588
446,&thorn;inges,<code>&amp;t;inges</code>,1,0.0002588
446,&thorn;inum,<code>&amp;t;inum</code>,1,0.0002588
446,&thorn;ises,<code>&amp;t;ises</code>,1,0.0002588
446,&thorn;reatie,<code>&amp;t;reatie</code>,1,0.0002588
446,&thorn;rim,<code>&amp;t;rim</code>,1,0.0002588
446,&thorn;rowode,<code>&amp;t;rowode</code>,1,0.0002588
446,&thorn;urhteon,<code>&amp;t;urhteon</code>,1,0.0002588
446,&thorn;urhwunie,<code>&amp;t;urhwunie</code>,1,0.0002588
446,&thorn;urhwunode,<code>&amp;t;urhwunode</code>,1,0.0002588
446,&thorn;urstigum,<code>&amp;t;urstigum</code>,1,0.0002588
446,&thorn;wyria&eth;,<code>&amp;t;wyria&amp;d;</code>,1,0.0002588
446,&thorn;yses,<code>&amp;t;yses</code>,1,0.0002588
446,&thorn;ysne,<code>&amp;t;ysne</code>,1,0.0002588
446,abrahames,<code>abrahames</code>,1,0.0002588
446,acennedan,<code>acennedan</code>,1,0.0002588
446,acennednysse,<code>acennednysse</code>,1,0.0002588
446,achaia,<code>achaia</code>,1,0.0002588
446,acumendlice,<code>acumendlice</code>,1,0.0002588
446,acwellan,<code>acwellan</code>,1,0.0002588
446,adr&aelig;fa&eth;,<code>adr&amp;ae;fa&amp;d;</code>,1,0.0002588
446,adune,<code>adune</code>,1,0.0002588
446,af&aelig;stnian,<code>af&amp;ae;stnian</code>,1,0.0002588
446,afandast,<code>afandast</code>,1,0.0002588
446,ageaf,<code>ageaf</code>,1,0.0002588
446,agenre,<code>agenre</code>,1,0.0002588
446,agenum,<code>agenum</code>,1,0.0002588
446,agif,<code>agif</code>,1,0.0002588
446,agotennysse,<code>agotennysse</code>,1,0.0002588
446,ahofon,<code>ahofon</code>,1,0.0002588
446,ahon,<code>ahon</code>,1,0.0002588
446,al&aelig;dan,<code>al&amp;ae;dan</code>,1,0.0002588
446,al&aelig;ten,<code>al&amp;ae;ten</code>,1,0.0002588
446,alihte,<code>alihte</code>,1,0.0002588
446,alysde,<code>alysde</code>,1,0.0002588
446,alyse,<code>alyse</code>,1,0.0002588
446,alysednysse,<code>alysednysse</code>,1,0.0002588
446,ambulans,<code>ambulans</code>,1,0.0002588
446,amen,<code>amen</code>,1,0.0002588
446,an,<code>an</code>,1,0.0002588
446,ana,<code>ana</code>,1,0.0002588
446,anbida&eth;,<code>anbida&amp;d;</code>,1,0.0002588
446,andetnysse,<code>andetnysse</code>,1,0.0002588
446,andfengra,<code>andfengra</code>,1,0.0002588
446,andre&#275;,<code>andre&amp;e;</code>,1,0.0002588
446,andre&#275;s,<code>andre&amp;e;s</code>,1,0.0002588
446,andream,<code>andream</code>,1,0.0002588
446,ane,<code>ane</code>,1,0.0002588
446,anginne,<code>anginne</code>,1,0.0002588
446,anmodlice,<code>anmodlice</code>,1,0.0002588
446,anr&aelig;dnysse,<code>anr&amp;ae;dnysse</code>,1,0.0002588
446,anre,<code>anre</code>,1,0.0002588
446,apostola,<code>apostola</code>,1,0.0002588
446,apostole,<code>apostole</code>,1,0.0002588
446,apostoli,<code>apostoli</code>,1,0.0002588
446,apostolon,<code>apostolon</code>,1,0.0002588
446,ar&aelig;ran,<code>ar&amp;ae;ran</code>,1,0.0002588
446,ardlice,<code>ardlice</code>,1,0.0002588
446,arf&aelig;st,<code>arf&amp;ae;st</code>,1,0.0002588
446,arisan,<code>arisan</code>,1,0.0002588
446,arn,<code>arn</code>,1,0.0002588
446,arwur&eth;nysse,<code>arwur&amp;d;nysse</code>,1,0.0002588
446,asmea,<code>asmea</code>,1,0.0002588
446,asmegan,<code>asmegan</code>,1,0.0002588
446,aspendon,<code>aspendon</code>,1,0.0002588
446,asprunge,<code>asprunge</code>,1,0.0002588
446,astifodon,<code>astifodon</code>,1,0.0002588
446,astige,<code>astige</code>,1,0.0002588
446,astigen,<code>astigen</code>,1,0.0002588
446,astod,<code>astod</code>,1,0.0002588
446,astreccan,<code>astreccan</code>,1,0.0002588
446,astrehte,<code>astrehte</code>,1,0.0002588
446,astyred,<code>astyred</code>,1,0.0002588
446,astyrige,<code>astyrige</code>,1,0.0002588
446,ateah,<code>ateah</code>,1,0.0002588
446,atelicum,<code>atelicum</code>,1,0.0002588
446,ateorian,<code>ateorian</code>,1,0.0002588
446,awedde,<code>awedde</code>,1,0.0002588
446,awend,<code>awend</code>,1,0.0002588
446,awendan,<code>awendan</code>,1,0.0002588
446,awendest,<code>awendest</code>,1,0.0002588
446,aworpen,<code>aworpen</code>,1,0.0002588
446,awriton,<code>awriton</code>,1,0.0002588
446,awurpon,<code>awurpon</code>,1,0.0002588
446,b&aelig;d,<code>b&amp;ae;d</code>,1,0.0002588
446,bearn,<code>bearn</code>,1,0.0002588
446,bebead,<code>bebead</code>,1,0.0002588
446,beboda,<code>beboda</code>,1,0.0002588
446,beboden,<code>beboden</code>,1,0.0002588
446,beceapod,<code>beceapod</code>,1,0.0002588
446,becumon,<code>becumon</code>,1,0.0002588
446,becym&eth;,<code>becym&amp;d;</code>,1,0.0002588
446,becymst,<code>becymst</code>,1,0.0002588
446,befeng,<code>befeng</code>,1,0.0002588
446,bega&eth;,<code>bega&amp;d;</code>,1,0.0002588
446,begyt,<code>begyt</code>,1,0.0002588
446,behat,<code>behat</code>,1,0.0002588
446,behate,<code>behate</code>,1,0.0002588
446,beheold,<code>beheold</code>,1,0.0002588
446,bene,<code>bene</code>,1,0.0002588
446,bep&aelig;htest,<code>bep&amp;ae;htest</code>,1,0.0002588
446,bereafode,<code>bereafode</code>,1,0.0002588
446,berypte,<code>berypte</code>,1,0.0002588
446,besargie,<code>besargie</code>,1,0.0002588
446,besceawa&eth;,<code>besceawa&amp;d;</code>,1,0.0002588
446,beseah,<code>beseah</code>,1,0.0002588
446,beswingan,<code>beswingan</code>,1,0.0002588
446,bet&aelig;hte,<code>bet&amp;ae;hte</code>,1,0.0002588
446,betere,<code>betere</code>,1,0.0002588
446,betweonan,<code>betweonan</code>,1,0.0002588
446,betwux,<code>betwux</code>,1,0.0002588
446,biddende,<code>biddende</code>,1,0.0002588
446,bigencgum,<code>bigencgum</code>,1,0.0002588
446,bigeng,<code>bigeng</code>,1,0.0002588
446,bigleofan,<code>bigleofan</code>,1,0.0002588
446,bilewitlice,<code>bilewitlice</code>,1,0.0002588
446,biternysse,<code>biternysse</code>,1,0.0002588
446,bli&thorn;um,<code>bli&amp;t;um</code>,1,0.0002588
446,blisse,<code>blisse</code>,1,0.0002588
446,blissia&eth;,<code>blissia&amp;d;</code>,1,0.0002588
446,blissiende,<code>blissiende</code>,1,0.0002588
446,blodes,<code>blodes</code>,1,0.0002588
446,blowende,<code>blowende</code>,1,0.0002588
446,boda&eth;,<code>boda&amp;d;</code>,1,0.0002588
446,bodade,<code>bodade</code>,1,0.0002588
446,bodian,<code>bodian</code>,1,0.0002588
446,bodode,<code>bodode</code>,1,0.0002588
446,bone,<code>bone</code>,1,0.0002588
446,botle,<code>botle</code>,1,0.0002588
446,bre&thorn;er,<code>bre&amp;t;er</code>,1,0.0002588
446,brohte,<code>brohte</code>,1,0.0002588
446,brohton,<code>brohton</code>,1,0.0002588
446,buccena,<code>buccena</code>,1,0.0002588
446,bufon,<code>bufon</code>,1,0.0002588
446,bugan,<code>bugan</code>,1,0.0002588
446,bydel,<code>bydel</code>,1,0.0002588
446,bydelas,<code>bydelas</code>,1,0.0002588
446,bylewite,<code>bylewite</code>,1,0.0002588
446,carfullice,<code>carfullice</code>,1,0.0002588
446,caseres,<code>caseres</code>,1,0.0002588
446,ceaf,<code>ceaf</code>,1,0.0002588
446,ceald,<code>ceald</code>,1,0.0002588
446,ceap,<code>ceap</code>,1,0.0002588
446,ceaster,<code>ceaster</code>,1,0.0002588
446,cempan,<code>cempan</code>,1,0.0002588
446,cempum,<code>cempum</code>,1,0.0002588
446,cep&eth;,<code>cep&amp;d;</code>,1,0.0002588
446,cepte,<code>cepte</code>,1,0.0002588
446,cilde,<code>cilde</code>,1,0.0002588
446,cl&aelig;nsian,<code>cl&amp;ae;nsian</code>,1,0.0002588
446,cneowie,<code>cneowie</code>,1,0.0002588
446,costnungum,<code>costnungum</code>,1,0.0002588
446,cristenan,<code>cristenan</code>,1,0.0002588
446,cu&thorn;e,<code>cu&amp;t;e</code>,1,0.0002588
446,cuma&eth;,<code>cuma&amp;d;</code>,1,0.0002588
446,cume,<code>cume</code>,1,0.0002588
446,cumende,<code>cumende</code>,1,0.0002588
446,cure,<code>cure</code>,1,0.0002588
446,cw&aelig;&eth;ende,<code>cw&amp;ae;&amp;d;ende</code>,1,0.0002588
446,cw&aelig;de,<code>cw&amp;ae;de</code>,1,0.0002588
446,cwe&thorn;a&eth;,<code>cwe&amp;t;a&amp;d;</code>,1,0.0002588
446,cwe&thorn;e,<code>cwe&amp;t;e</code>,1,0.0002588
446,cwellere,<code>cwellere</code>,1,0.0002588
446,cwy&eth;,<code>cwy&amp;d;</code>,1,0.0002588
446,cwylmingum,<code>cwylmingum</code>,1,0.0002588
446,cynehelm,<code>cynehelm</code>,1,0.0002588
446,cyning,<code>cyning</code>,1,0.0002588
446,cyningas,<code>cyningas</code>,1,0.0002588
446,cyninge,<code>cyninge</code>,1,0.0002588
446,cypan,<code>cypan</code>,1,0.0002588
446,d&aelig;grede,<code>d&amp;ae;grede</code>,1,0.0002588
446,dagas,<code>dagas</code>,1,0.0002588
446,dea&eth;e,<code>dea&amp;d;e</code>,1,0.0002588
446,decembris,<code>decembris</code>,1,0.0002588
446,deman,<code>deman</code>,1,0.0002588
446,deo,<code>deo</code>,1,0.0002588
446,deofellicum,<code>deofellicum</code>,1,0.0002588
446,deofle,<code>deofle</code>,1,0.0002588
446,deoflu,<code>deoflu</code>,1,0.0002588
446,deofol,<code>deofol</code>,1,0.0002588
446,dest,<code>dest</code>,1,0.0002588
446,deus,<code>deus</code>,1,0.0002588
446,diaconas,<code>diaconas</code>,1,0.0002588
446,dome,<code>dome</code>,1,0.0002588
446,domes,<code>domes</code>,1,0.0002588
446,dreame,<code>dreame</code>,1,0.0002588
446,drence,<code>drence</code>,1,0.0002588
446,drihtne,<code>drihtne</code>,1,0.0002588
446,drinc&eth;,<code>drinc&amp;d;</code>,1,0.0002588
446,drincan,<code>drincan</code>,1,0.0002588
446,drohtnungum,<code>drohtnungum</code>,1,0.0002588
446,dune,<code>dune</code>,1,0.0002588
446,dw&aelig;snysse,<code>dw&amp;ae;snysse</code>,1,0.0002588
446,dyde,<code>dyde</code>,1,0.0002588
446,dyslic,<code>dyslic</code>,1,0.0002588
446,e&eth;ele,<code>e&amp;d;ele</code>,1,0.0002588
446,eadiga,<code>eadiga</code>,1,0.0002588
446,eal,<code>eal</code>,1,0.0002588
446,ealdor,<code>ealdor</code>,1,0.0002588
446,ealdormannes,<code>ealdormannes</code>,1,0.0002588
446,eallunga,<code>eallunga</code>,1,0.0002588
446,earde,<code>earde</code>,1,0.0002588
446,earfo&eth;nysse,<code>earfo&amp;d;nysse</code>,1,0.0002588
446,earm,<code>earm</code>,1,0.0002588
446,ecnysse,<code>ecnysse</code>,1,0.0002588
446,edleane,<code>edleane</code>,1,0.0002588
446,edleanes,<code>edleanes</code>,1,0.0002588
446,edniwunge,<code>edniwunge</code>,1,0.0002588
446,edsta&thorn;elunge,<code>edsta&amp;t;elunge</code>,1,0.0002588
446,efst,<code>efst</code>,1,0.0002588
446,efste,<code>efste</code>,1,0.0002588
446,egeam,<code>egeam</code>,1,0.0002588
446,eh&thorn;yrlu,<code>eh&amp;t;yrlu</code>,1,0.0002588
446,endeleas,<code>endeleas</code>,1,0.0002588
446,englas,<code>englas</code>,1,0.0002588
446,eodon,<code>eodon</code>,1,0.0002588
446,eor&eth;an,<code>eor&amp;d;an</code>,1,0.0002588
446,eor&eth;licne,<code>eor&amp;d;licne</code>,1,0.0002588
446,eowerum,<code>eowerum</code>,1,0.0002588
446,estfullum,<code>estfullum</code>,1,0.0002588
446,excelsis,<code>excelsis</code>,1,0.0002588
446,f&aelig;gernysse,<code>f&amp;ae;gernysse</code>,1,0.0002588
446,f&aelig;gnige,<code>f&amp;ae;gnige</code>,1,0.0002588
446,f&aelig;gnigende,<code>f&amp;ae;gnigende</code>,1,0.0002588
446,f&aelig;r,<code>f&amp;ae;r</code>,1,0.0002588
446,f&aelig;rlice,<code>f&amp;ae;rlice</code>,1,0.0002588
446,facne,<code>facne</code>,1,0.0002588
446,fearra,<code>fearra</code>,1,0.0002588
446,feo,<code>feo</code>,1,0.0002588
446,feond,<code>feond</code>,1,0.0002588
446,feor&eth;ling,<code>feor&amp;d;ling</code>,1,0.0002588
446,feorran,<code>feorran</code>,1,0.0002588
446,feowera,<code>feowera</code>,1,0.0002588
446,ferigende,<code>ferigende</code>,1,0.0002588
446,fisceres,<code>fisceres</code>,1,0.0002588
446,fixodon,<code>fixodon</code>,1,0.0002588
446,fl&aelig;sclican,<code>fl&amp;ae;sclican</code>,1,0.0002588
446,fl&aelig;sclicum,<code>fl&amp;ae;sclicum</code>,1,0.0002588
446,flat,<code>flat</code>,1,0.0002588
446,fleoga&eth;,<code>fleoga&amp;d;</code>,1,0.0002588
446,fleogende,<code>fleogende</code>,1,0.0002588
446,folce,<code>folce</code>,1,0.0002588
446,folces,<code>folces</code>,1,0.0002588
446,for&eth;,<code>for&amp;d;</code>,1,0.0002588
446,forarn,<code>forarn</code>,1,0.0002588
446,forber&eth;,<code>forber&amp;d;</code>,1,0.0002588
446,forberan,<code>forberan</code>,1,0.0002588
446,forcu&eth;,<code>forcu&amp;d;</code>,1,0.0002588
446,fordwin&eth;,<code>fordwin&amp;d;</code>,1,0.0002588
446,fores&aelig;dan,<code>fores&amp;ae;dan</code>,1,0.0002588
446,fores&aelig;de,<code>fores&amp;ae;de</code>,1,0.0002588
446,forgeaton,<code>forgeaton</code>,1,0.0002588
446,forgylde,<code>forgylde</code>,1,0.0002588
446,forhtian,<code>forhtian</code>,1,0.0002588
446,forl&aelig;t,<code>forl&amp;ae;t</code>,1,0.0002588
446,forl&aelig;tan,<code>forl&amp;ae;tan</code>,1,0.0002588
446,forl&aelig;tene,<code>forl&amp;ae;tene</code>,1,0.0002588
446,forl&aelig;tenne,<code>forl&amp;ae;tenne</code>,1,0.0002588
446,forl&aelig;ton,<code>forl&amp;ae;ton</code>,1,0.0002588
446,forl&aelig;tst,<code>forl&amp;ae;tst</code>,1,0.0002588
446,forl&#275;tt,<code>forl&amp;e;tt</code>,1,0.0002588
446,forloren,<code>forloren</code>,1,0.0002588
446,forlyst,<code>forlyst</code>,1,0.0002588
446,forsawon,<code>forsawon</code>,1,0.0002588
446,forscrenc&thorn;,<code>forscrenc&amp;t;</code>,1,0.0002588
446,forseo&eth;,<code>forseo&amp;d;</code>,1,0.0002588
446,forseon,<code>forseon</code>,1,0.0002588
446,forwyrned,<code>forwyrned</code>,1,0.0002588
446,fotum,<code>fotum</code>,1,0.0002588
446,freondscipe,<code>freondscipe</code>,1,0.0002588
446,ful,<code>ful</code>,1,0.0002588
446,fyliga&eth;,<code>fyliga&amp;d;</code>,1,0.0002588
446,fynd,<code>fynd</code>,1,0.0002588
446,fyr,<code>fyr</code>,1,0.0002588
446,galilee,<code>galilee</code>,1,0.0002588
446,galileiscan,<code>galileiscan</code>,1,0.0002588
446,gastlican,<code>gastlican</code>,1,0.0002588
446,ge&aelig;bylid,<code>ge&amp;ae;bylid</code>,1,0.0002588
446,ge&thorn;ohtum,<code>ge&amp;t;ohtum</code>,1,0.0002588
446,ge&thorn;uhte,<code>ge&amp;t;uhte</code>,1,0.0002588
446,ge&thorn;yld,<code>ge&amp;t;yld</code>,1,0.0002588
446,geagenne,<code>geagenne</code>,1,0.0002588
446,geallan,<code>geallan</code>,1,0.0002588
446,geara,<code>geara</code>,1,0.0002588
446,gearcia&eth;,<code>gearcia&amp;d;</code>,1,0.0002588
446,geare,<code>geare</code>,1,0.0002588
446,gearowe,<code>gearowe</code>,1,0.0002588
446,gebealh,<code>gebealh</code>,1,0.0002588
446,gebeodan,<code>gebeodan</code>,1,0.0002588
446,gebiddan,<code>gebiddan</code>,1,0.0002588
446,gebiddende,<code>gebiddende</code>,1,0.0002588
446,gebigdon,<code>gebigdon</code>,1,0.0002588
446,geboht,<code>geboht</code>,1,0.0002588
446,gebregede,<code>gebregede</code>,1,0.0002588
446,gebro&eth;ra,<code>gebro&amp;d;ra</code>,1,0.0002588
446,gebro&eth;rum,<code>gebro&amp;d;rum</code>,1,0.0002588
446,gebundon,<code>gebundon</code>,1,0.0002588
446,gebysgod,<code>gebysgod</code>,1,0.0002588
446,gebysmra&eth;,<code>gebysmra&amp;d;</code>,1,0.0002588
446,geceapod,<code>geceapod</code>,1,0.0002588
446,geceapodon,<code>geceapodon</code>,1,0.0002588
446,gecigde,<code>gecigde</code>,1,0.0002588
446,geclypode,<code>geclypode</code>,1,0.0002588
446,gecneowige,<code>gecneowige</code>,1,0.0002588
446,gecnyrdnysse,<code>gecnyrdnysse</code>,1,0.0002588
446,gecorene,<code>gecorene</code>,1,0.0002588
446,gecuman,<code>gecuman</code>,1,0.0002588
446,gecweme,<code>gecweme</code>,1,0.0002588
446,gecyrre,<code>gecyrre</code>,1,0.0002588
446,gedafena&eth;,<code>gedafena&amp;d;</code>,1,0.0002588
446,gedafenode,<code>gedafenode</code>,1,0.0002588
446,gedefe,<code>gedefe</code>,1,0.0002588
446,gedrecednysse,<code>gedrecednysse</code>,1,0.0002588
446,gedrefed,<code>gedrefed</code>,1,0.0002588
446,gedruncen,<code>gedruncen</code>,1,0.0002588
446,gedwyldum,<code>gedwyldum</code>,1,0.0002588
446,geearnungum,<code>geearnungum</code>,1,0.0002588
446,geedsta&eth;elod,<code>geedsta&amp;d;elod</code>,1,0.0002588
446,geefenl&aelig;c&eth;,<code>geefenl&amp;ae;c&amp;d;</code>,1,0.0002588
446,geeht,<code>geeht</code>,1,0.0002588
446,geenda&eth;,<code>geenda&amp;d;</code>,1,0.0002588
446,geendebyrde,<code>geendebyrde</code>,1,0.0002588
446,geeten,<code>geeten</code>,1,0.0002588
446,geeuenl&aelig;can,<code>geeuenl&amp;ae;can</code>,1,0.0002588
446,gef&aelig;stnod,<code>gef&amp;ae;stnod</code>,1,0.0002588
446,gef&aelig;stnodon,<code>gef&amp;ae;stnodon</code>,1,0.0002588
446,gefette,<code>gefette</code>,1,0.0002588
446,gefixia&eth;,<code>gefixia&amp;d;</code>,1,0.0002588
446,gefixodon,<code>gefixodon</code>,1,0.0002588
446,gefremmed,<code>gefremmed</code>,1,0.0002588
446,gefremod,<code>gefremod</code>,1,0.0002588
446,gefyl&eth;,<code>gefyl&amp;d;</code>,1,0.0002588
446,gefylle,<code>gefylle</code>,1,0.0002588
446,gefyrn,<code>gefyrn</code>,1,0.0002588
446,gegearcode,<code>gegearcode</code>,1,0.0002588
446,gegladod,<code>gegladod</code>,1,0.0002588
446,gegladode,<code>gegladode</code>,1,0.0002588
446,geh&aelig;lenne,<code>geh&amp;ae;lenne</code>,1,0.0002588
446,gehalgod,<code>gehalgod</code>,1,0.0002588
446,gehaten,<code>gehaten</code>,1,0.0002588
446,gehelpan,<code>gehelpan</code>,1,0.0002588
446,gehet,<code>gehet</code>,1,0.0002588
446,gehwilc,<code>gehwilc</code>,1,0.0002588
446,gehworfen,<code>gehworfen</code>,1,0.0002588
446,gehylt,<code>gehylt</code>,1,0.0002588
446,gehyrde,<code>gehyrde</code>,1,0.0002588
446,gehyre,<code>gehyre</code>,1,0.0002588
446,gehyred,<code>gehyred</code>,1,0.0002588
446,gehyrsum,<code>gehyrsum</code>,1,0.0002588
446,gehyrsuma&eth;,<code>gehyrsuma&amp;d;</code>,1,0.0002588
446,gehyrsumast,<code>gehyrsumast</code>,1,0.0002588
446,gehyrte,<code>gehyrte</code>,1,0.0002588
446,geic,<code>geic</code>,1,0.0002588
446,gel&aelig;ht,<code>gel&amp;ae;ht</code>,1,0.0002588
446,gela&eth;od,<code>gela&amp;d;od</code>,1,0.0002588
446,gela&thorn;unge,<code>gela&amp;t;unge</code>,1,0.0002588
446,geleafa,<code>geleafa</code>,1,0.0002588
446,geleaffulra,<code>geleaffulra</code>,1,0.0002588
446,geletton,<code>geletton</code>,1,0.0002588
446,gelic,<code>gelic</code>,1,0.0002588
446,gelimplice,<code>gelimplice</code>,1,0.0002588
446,gelimpum,<code>gelimpum</code>,1,0.0002588
446,gelome,<code>gelome</code>,1,0.0002588
446,geloml&aelig;cendum,<code>geloml&amp;ae;cendum</code>,1,0.0002588
446,gelufod,<code>gelufod</code>,1,0.0002588
446,gelyfa&eth;,<code>gelyfa&amp;d;</code>,1,0.0002588
446,gelyfde,<code>gelyfde</code>,1,0.0002588
446,gemete,<code>gemete</code>,1,0.0002588
446,gemiltsod,<code>gemiltsod</code>,1,0.0002588
446,gemynte,<code>gemynte</code>,1,0.0002588
446,geneadian,<code>geneadian</code>,1,0.0002588
446,geneadod,<code>geneadod</code>,1,0.0002588
446,geneal&aelig;can,<code>geneal&amp;ae;can</code>,1,0.0002588
446,geneal&aelig;hton,<code>geneal&amp;ae;hton</code>,1,0.0002588
446,genihtsumian,<code>genihtsumian</code>,1,0.0002588
446,geoce,<code>geoce</code>,1,0.0002588
446,geoffra&eth;,<code>geoffra&amp;d;</code>,1,0.0002588
446,geoffrod,<code>geoffrod</code>,1,0.0002588
446,geopenian,<code>geopenian</code>,1,0.0002588
446,geornlice,<code>geornlice</code>,1,0.0002588
446,gereccednysse,<code>gereccednysse</code>,1,0.0002588
446,gereorde,<code>gereorde</code>,1,0.0002588
446,gerihtl&aelig;can,<code>gerihtl&amp;ae;can</code>,1,0.0002588
446,gerihtl&aelig;hte,<code>gerihtl&amp;ae;hte</code>,1,0.0002588
446,ges&aelig;d,<code>ges&amp;ae;d</code>,1,0.0002588
446,ges&aelig;t,<code>ges&amp;ae;t</code>,1,0.0002588
446,gesceade,<code>gesceade</code>,1,0.0002588
446,gesceadwis,<code>gesceadwis</code>,1,0.0002588
446,gescryd,<code>gescryd</code>,1,0.0002588
446,geseo,<code>geseo</code>,1,0.0002588
446,gesewen,<code>gesewen</code>,1,0.0002588
446,gesewenlice,<code>gesewenlice</code>,1,0.0002588
446,gesih&eth;e,<code>gesih&amp;d;e</code>,1,0.0002588
446,gesih&thorn;e,<code>gesih&amp;t;e</code>,1,0.0002588
446,gesoht,<code>gesoht</code>,1,0.0002588
446,gestreon,<code>gestreon</code>,1,0.0002588
446,gestrynde,<code>gestrynde</code>,1,0.0002588
446,gesundfulnysse,<code>gesundfulnysse</code>,1,0.0002588
446,gesungon,<code>gesungon</code>,1,0.0002588
446,geswencte,<code>geswencte</code>,1,0.0002588
446,geswic&eth;,<code>geswic&amp;d;</code>,1,0.0002588
446,geswican,<code>geswican</code>,1,0.0002588
446,geswutela&eth;,<code>geswutela&amp;d;</code>,1,0.0002588
446,geteah,<code>geteah</code>,1,0.0002588
446,getinge,<code>getinge</code>,1,0.0002588
446,getingnysse,<code>getingnysse</code>,1,0.0002588
446,getogene,<code>getogene</code>,1,0.0002588
446,gew&aelig;htne,<code>gew&amp;ae;htne</code>,1,0.0002588
446,gewat,<code>gewat</code>,1,0.0002588
446,gewilnian,<code>gewilnian</code>,1,0.0002588
446,gewilnod,<code>gewilnod</code>,1,0.0002588
446,gewilnode,<code>gewilnode</code>,1,0.0002588
446,gewit,<code>gewit</code>,1,0.0002588
446,gewita&eth;,<code>gewita&amp;d;</code>,1,0.0002588
446,gewitlease,<code>gewitlease</code>,1,0.0002588
446,gewri&eth;on,<code>gewri&amp;d;on</code>,1,0.0002588
446,gewurde,<code>gewurde</code>,1,0.0002588
446,gife,<code>gife</code>,1,0.0002588
446,gifu,<code>gifu</code>,1,0.0002588
446,git,<code>git</code>,1,0.0002588
446,gleawnysse,<code>gleawnysse</code>,1,0.0002588
446,glida,<code>glida</code>,1,0.0002588
446,gloria,<code>gloria</code>,1,0.0002588
446,godan,<code>godan</code>,1,0.0002588
446,godas,<code>godas</code>,1,0.0002588
446,godcundan,<code>godcundan</code>,1,0.0002588
446,godnyss,<code>godnyss</code>,1,0.0002588
446,godspelles,<code>godspelles</code>,1,0.0002588
446,gremian,<code>gremian</code>,1,0.0002588
446,h&aelig;bbenne,<code>h&amp;ae;bbenne</code>,1,0.0002588
446,h&aelig;f&eth;,<code>h&amp;ae;f&amp;d;</code>,1,0.0002588
446,h&aelig;fdest,<code>h&amp;ae;fdest</code>,1,0.0002588
446,h&aelig;fdon,<code>h&amp;ae;fdon</code>,1,0.0002588
446,h&aelig;fst,<code>h&amp;ae;fst</code>,1,0.0002588
446,h&aelig;l,<code>h&amp;ae;l</code>,1,0.0002588
446,h&aelig;lendum,<code>h&amp;ae;lendum</code>,1,0.0002588
446,h&aelig;lennd,<code>h&amp;ae;lennd</code>,1,0.0002588
446,hal,<code>hal</code>,1,0.0002588
446,halig,<code>halig</code>,1,0.0002588
446,hamwerd,<code>hamwerd</code>,1,0.0002588
446,handa,<code>handa</code>,1,0.0002588
446,hangian,<code>hangian</code>,1,0.0002588
446,hangiende,<code>hangiende</code>,1,0.0002588
446,hangigende,<code>hangigende</code>,1,0.0002588
446,hangode,<code>hangode</code>,1,0.0002588
446,hate,<code>hate</code>,1,0.0002588
446,healda&eth;,<code>healda&amp;d;</code>,1,0.0002588
446,healdan,<code>healdan</code>,1,0.0002588
446,healfne,<code>healfne</code>,1,0.0002588
446,heannyssum,<code>heannyssum</code>,1,0.0002588
446,helle,<code>helle</code>,1,0.0002588
446,heo,<code>heo</code>,1,0.0002588
446,heofenan,<code>heofenan</code>,1,0.0002588
446,heofenlican,<code>heofenlican</code>,1,0.0002588
446,heofenlice,<code>heofenlice</code>,1,0.0002588
446,heofonan,<code>heofonan</code>,1,0.0002588
446,heofonlican,<code>heofonlican</code>,1,0.0002588
446,heofonlice,<code>heofonlice</code>,1,0.0002588
446,heofonlicum,<code>heofonlicum</code>,1,0.0002588
446,heofung,<code>heofung</code>,1,0.0002588
446,heonon,<code>heonon</code>,1,0.0002588
446,her,<code>her</code>,1,0.0002588
446,herast,<code>herast</code>,1,0.0002588
446,herodest,<code>herodest</code>,1,0.0002588
446,herungum,<code>herungum</code>,1,0.0002588
446,heton,<code>heton</code>,1,0.0002588
446,hire,<code>hire</code>,1,0.0002588
446,hirede,<code>hirede</code>,1,0.0002588
446,hiw,<code>hiw</code>,1,0.0002588
446,hlowendra,<code>hlowendra</code>,1,0.0002588
446,hominibus,<code>hominibus</code>,1,0.0002588
446,hra&eth;e,<code>hra&amp;d;e</code>,1,0.0002588
446,hremma&eth;,<code>hremma&amp;d;</code>,1,0.0002588
446,hrepode,<code>hrepode</code>,1,0.0002588
446,hreppa&eth;,<code>hreppa&amp;d;</code>,1,0.0002588
446,hrymde,<code>hrymde</code>,1,0.0002588
446,hryrum,<code>hryrum</code>,1,0.0002588
446,huntan,<code>huntan</code>,1,0.0002588
446,huntia&eth;,<code>huntia&amp;d;</code>,1,0.0002588
446,huse,<code>huse</code>,1,0.0002588
446,hwam,<code>hwam</code>,1,0.0002588
446,hwi,<code>hwi</code>,1,0.0002588
446,hwilc,<code>hwilc</code>,1,0.0002588
446,hwile,<code>hwile</code>,1,0.0002588
446,hwilwendlicere,<code>hwilwendlicere</code>,1,0.0002588
446,hwilwendlicum,<code>hwilwendlicum</code>,1,0.0002588
446,hwylcere,<code>hwylcere</code>,1,0.0002588
446,hylle,<code>hylle</code>,1,0.0002588
446,hylt,<code>hylt</code>,1,0.0002588
446,hyre,<code>hyre</code>,1,0.0002588
446,iacobum,<code>iacobum</code>,1,0.0002588
446,idele,<code>idele</code>,1,0.0002588
446,iesus,<code>iesus</code>,1,0.0002588
446,iherusalem,<code>iherusalem</code>,1,0.0002588
446,ii,<code>ii</code>,1,0.0002588
446,insiht,<code>insiht</code>,1,0.0002588
446,insihte,<code>insihte</code>,1,0.0002588
446,into,<code>into</code>,1,0.0002588
446,inwerdlice,<code>inwerdlice</code>,1,0.0002588
446,iohannem,<code>iohannem</code>,1,0.0002588
446,isaias,<code>isaias</code>,1,0.0002588
446,iudei,<code>iudei</code>,1,0.0002588
446,iudeiscra,<code>iudeiscra</code>,1,0.0002588
446,iuxta,<code>iuxta</code>,1,0.0002588
446,kalendas,<code>kalendas</code>,1,0.0002588
446,l&aelig;dan,<code>l&amp;ae;dan</code>,1,0.0002588
446,l&aelig;ddon,<code>l&amp;ae;ddon</code>,1,0.0002588
446,l&aelig;rde,<code>l&amp;ae;rde</code>,1,0.0002588
446,l&aelig;rende,<code>l&amp;ae;rende</code>,1,0.0002588
446,l&aelig;t,<code>l&amp;ae;t</code>,1,0.0002588
446,lacum,<code>lacum</code>,1,0.0002588
446,lande,<code>lande</code>,1,0.0002588
446,lange,<code>lange</code>,1,0.0002588
446,langlice,<code>langlice</code>,1,0.0002588
446,lar,<code>lar</code>,1,0.0002588
446,lareowas,<code>lareowas</code>,1,0.0002588
446,lareowe,<code>lareowe</code>,1,0.0002588
446,laudationes,<code>laudationes</code>,1,0.0002588
446,leahtras,<code>leahtras</code>,1,0.0002588
446,leahtrum,<code>leahtrum</code>,1,0.0002588
446,leasum,<code>leasum</code>,1,0.0002588
446,lecge,<code>lecge</code>,1,0.0002588
446,leofast,<code>leofast</code>,1,0.0002588
446,leoman,<code>leoman</code>,1,0.0002588
446,leomum,<code>leomum</code>,1,0.0002588
446,leorningcniht,<code>leorningcniht</code>,1,0.0002588
446,leorningcnihtas,<code>leorningcnihtas</code>,1,0.0002588
446,leorningcnihte,<code>leorningcnihte</code>,1,0.0002588
446,leorningcnihtes,<code>leorningcnihtes</code>,1,0.0002588
446,li&eth;elice,<code>li&amp;d;elice</code>,1,0.0002588
446,lic,<code>lic</code>,1,0.0002588
446,lichamlice,<code>lichamlice</code>,1,0.0002588
446,licie,<code>licie</code>,1,0.0002588
446,life,<code>life</code>,1,0.0002588
446,lof,<code>lof</code>,1,0.0002588
446,lofsang,<code>lofsang</code>,1,0.0002588
446,lofunge,<code>lofunge</code>,1,0.0002588
446,losast,<code>losast</code>,1,0.0002588
446,losode,<code>losode</code>,1,0.0002588
446,lufian,<code>lufian</code>,1,0.0002588
446,lufie,<code>lufie</code>,1,0.0002588
446,lufode,<code>lufode</code>,1,0.0002588
446,lybbendra,<code>lybbendra</code>,1,0.0002588
446,lyfigendan,<code>lyfigendan</code>,1,0.0002588
446,lymum,<code>lymum</code>,1,0.0002588
446,lytlum,<code>lytlum</code>,1,0.0002588
446,m&aelig;stan,<code>m&amp;ae;stan</code>,1,0.0002588
446,ma,<code>ma</code>,1,0.0002588
446,mancynnes,<code>mancynnes</code>,1,0.0002588
446,manegum,<code>manegum</code>,1,0.0002588
446,mann,<code>mann</code>,1,0.0002588
446,maran,<code>maran</code>,1,0.0002588
446,martyrdom,<code>martyrdom</code>,1,0.0002588
446,med,<code>med</code>,1,0.0002588
446,mede,<code>mede</code>,1,0.0002588
446,menigfealdum,<code>menigfealdum</code>,1,0.0002588
446,mennisc,<code>mennisc</code>,1,0.0002588
446,menniscnysse,<code>menniscnysse</code>,1,0.0002588
446,meregrotum,<code>meregrotum</code>,1,0.0002588
446,metodan,<code>metodan</code>,1,0.0002588
446,mihtest,<code>mihtest</code>,1,0.0002588
446,minra,<code>minra</code>,1,0.0002588
446,minre,<code>minre</code>,1,0.0002588
446,mislice,<code>mislice</code>,1,0.0002588
446,mislicum,<code>mislicum</code>,1,0.0002588
446,modegodon,<code>modegodon</code>,1,0.0002588
446,modige,<code>modige</code>,1,0.0002588
446,moste,<code>moste</code>,1,0.0002588
446,mu&eth;e,<code>mu&amp;d;e</code>,1,0.0002588
446,mynega&eth;,<code>mynega&amp;d;</code>,1,0.0002588
446,n&aelig;fdon,<code>n&amp;ae;fdon</code>,1,0.0002588
446,n&aelig;fre,<code>n&amp;ae;fre</code>,1,0.0002588
446,n&aelig;nne,<code>n&amp;ae;nne</code>,1,0.0002588
446,nabba&eth;,<code>nabba&amp;d;</code>,1,0.0002588
446,nacode,<code>nacode</code>,1,0.0002588
446,namana,<code>namana</code>,1,0.0002588
446,namena,<code>namena</code>,1,0.0002588
446,nanes,<code>nanes</code>,1,0.0002588
446,natale,<code>natale</code>,1,0.0002588
446,neal&aelig;cunge,<code>neal&amp;ae;cunge</code>,1,0.0002588
446,nele,<code>nele</code>,1,0.0002588
446,nelle,<code>nelle</code>,1,0.0002588
446,neode,<code>neode</code>,1,0.0002588
446,nettum,<code>nettum</code>,1,0.0002588
446,niht,<code>niht</code>,1,0.0002588
446,nihtlicere,<code>nihtlicere</code>,1,0.0002588
446,nis,<code>nis</code>,1,0.0002588
446,nolde,<code>nolde</code>,1,0.0002588
446,noldon,<code>noldon</code>,1,0.0002588
446,nyten,<code>nyten</code>,1,0.0002588
446,o&eth;erne,<code>o&amp;d;erne</code>,1,0.0002588
446,o&eth;res,<code>o&amp;d;res</code>,1,0.0002588
446,o&thorn;re,<code>o&amp;t;re</code>,1,0.0002588
446,oferstah,<code>oferstah</code>,1,0.0002588
446,oferstih&thorn;,<code>oferstih&amp;t;</code>,1,0.0002588
446,oferswi&thorn;an,<code>oferswi&amp;t;an</code>,1,0.0002588
446,oferurnen,<code>oferurnen</code>,1,0.0002588
446,offrige,<code>offrige</code>,1,0.0002588
446,offrigenne,<code>offrigenne</code>,1,0.0002588
446,offrung,<code>offrung</code>,1,0.0002588
446,ofgan,<code>ofgan</code>,1,0.0002588
446,ofhryw&eth;,<code>ofhryw&amp;d;</code>,1,0.0002588
446,ofrie,<code>ofrie</code>,1,0.0002588
446,ofseah,<code>ofseah</code>,1,0.0002588
446,ofspring,<code>ofspring</code>,1,0.0002588
446,oft,<code>oft</code>,1,0.0002588
446,on&aelig;l,<code>on&amp;ae;l</code>,1,0.0002588
446,oncn&aelig;w&eth;,<code>oncn&amp;ae;w&amp;d;</code>,1,0.0002588
446,oncneow,<code>oncneow</code>,1,0.0002588
446,oncneowe,<code>oncneowe</code>,1,0.0002588
446,oncneowon,<code>oncneowon</code>,1,0.0002588
446,oncneuwe,<code>oncneuwe</code>,1,0.0002588
446,ondr&aelig;dan,<code>ondr&amp;ae;dan</code>,1,0.0002588
446,ondr&aelig;tst,<code>ondr&amp;ae;tst</code>,1,0.0002588
446,ondred,<code>ondred</code>,1,0.0002588
446,ondrede,<code>ondrede</code>,1,0.0002588
446,onet,<code>onet</code>,1,0.0002588
446,onfoh,<code>onfoh</code>,1,0.0002588
446,onfon,<code>onfon</code>,1,0.0002588
446,onfonne,<code>onfonne</code>,1,0.0002588
446,ongytst,<code>ongytst</code>,1,0.0002588
446,ons&aelig;gednysse,<code>ons&amp;ae;gednysse</code>,1,0.0002588
446,ontendnyssum,<code>ontendnyssum</code>,1,0.0002588
446,onwreo&eth;,<code>onwreo&amp;d;</code>,1,0.0002588
446,openlice,<code>openlice</code>,1,0.0002588
446,openlicor,<code>openlicor</code>,1,0.0002588
446,orsorh,<code>orsorh</code>,1,0.0002588
446,passio,<code>passio</code>,1,0.0002588
446,pax,<code>pax</code>,1,0.0002588
446,preostas,<code>preostas</code>,1,0.0002588
446,que,<code>que</code>,1,0.0002588
446,r&aelig;d,<code>r&amp;ae;d</code>,1,0.0002588
446,r&aelig;da&eth;,<code>r&amp;ae;da&amp;d;</code>,1,0.0002588
446,re&thorn;a,<code>re&amp;t;a</code>,1,0.0002588
446,reaflace,<code>reaflace</code>,1,0.0002588
446,reaflaces,<code>reaflaces</code>,1,0.0002588
446,reddam,<code>reddam</code>,1,0.0002588
446,reliqua,<code>reliqua</code>,1,0.0002588
446,remiende,<code>remiende</code>,1,0.0002588
446,ricra,<code>ricra</code>,1,0.0002588
446,rihtlice,<code>rihtlice</code>,1,0.0002588
446,rihtwisa,<code>rihtwisa</code>,1,0.0002588
446,rihtwisra,<code>rihtwisra</code>,1,0.0002588
446,rixiende,<code>rixiende</code>,1,0.0002588
446,romebyrig,<code>romebyrig</code>,1,0.0002588
446,s&aelig;le,<code>s&amp;ae;le</code>,1,0.0002588
446,s&aelig;licum,<code>s&amp;ae;licum</code>,1,0.0002588
446,sancti,<code>sancti</code>,1,0.0002588
446,sawla,<code>sawla</code>,1,0.0002588
446,sceadwisre,<code>sceadwisre</code>,1,0.0002588
446,sceamleaste,<code>sceamleaste</code>,1,0.0002588
446,sceattas,<code>sceattas</code>,1,0.0002588
446,sceatte,<code>sceatte</code>,1,0.0002588
446,sceofon,<code>sceofon</code>,1,0.0002588
446,sceoldest,<code>sceoldest</code>,1,0.0002588
446,sceole,<code>sceole</code>,1,0.0002588
446,sceolon,<code>sceolon</code>,1,0.0002588
446,sceort,<code>sceort</code>,1,0.0002588
446,scinan,<code>scinan</code>,1,0.0002588
446,scorte,<code>scorte</code>,1,0.0002588
446,scrutnia&eth;,<code>scrutnia&amp;d;</code>,1,0.0002588
446,scyldige,<code>scyldige</code>,1,0.0002588
446,scype,<code>scype</code>,1,0.0002588
446,sealdon,<code>sealdon</code>,1,0.0002588
446,sealmscop,<code>sealmscop</code>,1,0.0002588
446,seca&eth;,<code>seca&amp;d;</code>,1,0.0002588
446,secenne,<code>secenne</code>,1,0.0002588
446,secgan,<code>secgan</code>,1,0.0002588
446,secgende,<code>secgende</code>,1,0.0002588
446,segst,<code>segst</code>,1,0.0002588
446,seofon,<code>seofon</code>,1,0.0002588
446,si,<code>si</code>,1,0.0002588
446,si&eth;&eth;an,<code>si&amp;d;&amp;d;an</code>,1,0.0002588
446,si&thorn;um,<code>si&amp;t;um</code>,1,0.0002588
446,sib,<code>sib</code>,1,0.0002588
446,sibbe,<code>sibbe</code>,1,0.0002588
446,sideful,<code>sideful</code>,1,0.0002588
446,sigor,<code>sigor</code>,1,0.0002588
446,simon,<code>simon</code>,1,0.0002588
446,sit,<code>sit</code>,1,0.0002588
446,smeaga&eth;,<code>smeaga&amp;d;</code>,1,0.0002588
446,smeagunge,<code>smeagunge</code>,1,0.0002588
446,smice,<code>smice</code>,1,0.0002588
446,snotorne,<code>snotorne</code>,1,0.0002588
446,so&thorn;a,<code>so&amp;t;a</code>,1,0.0002588
446,so&thorn;on,<code>so&amp;t;on</code>,1,0.0002588
446,sp&aelig;c,<code>sp&amp;ae;c</code>,1,0.0002588
446,spr&aelig;c,<code>spr&amp;ae;c</code>,1,0.0002588
446,sprang,<code>sprang</code>,1,0.0002588
446,st&aelig;ppende,<code>st&amp;ae;ppende</code>,1,0.0002588
446,sta&thorn;olf&aelig;stnysse,<code>sta&amp;t;olf&amp;ae;stnysse</code>,1,0.0002588
446,stah,<code>stah</code>,1,0.0002588
446,stande,<code>stande</code>,1,0.0002588
446,stearcum,<code>stearcum</code>,1,0.0002588
446,stih,<code>stih</code>,1,0.0002588
446,stillan,<code>stillan</code>,1,0.0002588
446,stodon,<code>stodon</code>,1,0.0002588
446,stowe,<code>stowe</code>,1,0.0002588
446,str&aelig;tum,<code>str&amp;ae;tum</code>,1,0.0002588
446,strecen,<code>strecen</code>,1,0.0002588
446,stuntnysse,<code>stuntnysse</code>,1,0.0002588
446,styllum,<code>styllum</code>,1,0.0002588
446,styrungum,<code>styrungum</code>,1,0.0002588
446,sunt,<code>sunt</code>,1,0.0002588
446,sw&aelig;re,<code>sw&amp;ae;re</code>,1,0.0002588
446,swangettunge,<code>swangettunge</code>,1,0.0002588
446,sweartum,<code>sweartum</code>,1,0.0002588
446,swi&eth;or,<code>swi&amp;d;or</code>,1,0.0002588
446,swingelum,<code>swingelum</code>,1,0.0002588
446,swinglum,<code>swinglum</code>,1,0.0002588
446,swuran,<code>swuran</code>,1,0.0002588
446,swyftlice,<code>swyftlice</code>,1,0.0002588
446,syfre,<code>syfre</code>,1,0.0002588
446,syl&eth;,<code>syl&amp;d;</code>,1,0.0002588
446,sylene,<code>sylene</code>,1,0.0002588
446,sylfne,<code>sylfne</code>,1,0.0002588
446,syllenne,<code>syllenne</code>,1,0.0002588
446,symon,<code>symon</code>,1,0.0002588
446,symonem,<code>symonem</code>,1,0.0002588
446,synderlice,<code>synderlice</code>,1,0.0002588
446,synfulra,<code>synfulra</code>,1,0.0002588
446,synna,<code>synna</code>,1,0.0002588
446,t&aelig;ca&eth;,<code>t&amp;ae;ca&amp;d;</code>,1,0.0002588
446,t&aelig;hte,<code>t&amp;ae;hte</code>,1,0.0002588
446,t&aelig;l&eth;,<code>t&amp;ae;l&amp;d;</code>,1,0.0002588
446,tale,<code>tale</code>,1,0.0002588
446,teartnyssum,<code>teartnyssum</code>,1,0.0002588
446,tempel,<code>tempel</code>,1,0.0002588
446,templa,<code>templa</code>,1,0.0002588
446,temple,<code>temple</code>,1,0.0002588
446,terra,<code>terra</code>,1,0.0002588
446,tibi,<code>tibi</code>,1,0.0002588
446,tihtende,<code>tihtende</code>,1,0.0002588
446,tihtinge,<code>tihtinge</code>,1,0.0002588
446,tihtst,<code>tihtst</code>,1,0.0002588
446,tod&aelig;le,<code>tod&amp;ae;le</code>,1,0.0002588
446,toforl&aelig;tennysse,<code>toforl&amp;ae;tennysse</code>,1,0.0002588
446,togeanes,<code>togeanes</code>,1,0.0002588
446,toweardan,<code>toweardan</code>,1,0.0002588
446,towearde,<code>towearde</code>,1,0.0002588
446,towyrpst,<code>towyrpst</code>,1,0.0002588
446,traht,<code>traht</code>,1,0.0002588
446,tua,<code>tua</code>,1,0.0002588
446,twam,<code>twam</code>,1,0.0002588
446,twegra,<code>twegra</code>,1,0.0002588
446,twentig,<code>twentig</code>,1,0.0002588
446,twynige,<code>twynige</code>,1,0.0002588
446,unawemmed,<code>unawemmed</code>,1,0.0002588
446,under&thorn;eodde,<code>under&amp;t;eodde</code>,1,0.0002588
446,underfencge,<code>underfencge</code>,1,0.0002588
446,undernim,<code>undernim</code>,1,0.0002588
446,unforhtum,<code>unforhtum</code>,1,0.0002588
446,unforwandodlice,<code>unforwandodlice</code>,1,0.0002588
446,ungelimp,<code>ungelimp</code>,1,0.0002588
446,ungesewenlican,<code>ungesewenlican</code>,1,0.0002588
446,ungetogenan,<code>ungetogenan</code>,1,0.0002588
446,ungetogene,<code>ungetogene</code>,1,0.0002588
446,ungewemmede,<code>ungewemmede</code>,1,0.0002588
446,unleas,<code>unleas</code>,1,0.0002588
446,unlytel,<code>unlytel</code>,1,0.0002588
446,unrihtlice,<code>unrihtlice</code>,1,0.0002588
446,unrihtwisdom,<code>unrihtwisdom</code>,1,0.0002588
446,unscrydde,<code>unscrydde</code>,1,0.0002588
446,unspedigan,<code>unspedigan</code>,1,0.0002588
446,untwylice,<code>untwylice</code>,1,0.0002588
446,unwi&eth;metenlice,<code>unwi&amp;d;metenlice</code>,1,0.0002588
446,uoluntatis,<code>uoluntatis</code>,1,0.0002588
446,uota,<code>uota</code>,1,0.0002588
446,up,<code>up</code>,1,0.0002588
446,uppon,<code>uppon</code>,1,0.0002588
446,ut,<code>ut</code>,1,0.0002588
446,uton,<code>uton</code>,1,0.0002588
446,w&aelig;da,<code>w&amp;ae;da</code>,1,0.0002588
446,w&aelig;stme,<code>w&amp;ae;stme</code>,1,0.0002588
446,w&aelig;ter,<code>w&amp;ae;ter</code>,1,0.0002588
446,w&aelig;teres,<code>w&amp;ae;teres</code>,1,0.0002588
446,waclicum,<code>waclicum</code>,1,0.0002588
446,wanung,<code>wanung</code>,1,0.0002588
446,ware,<code>ware</code>,1,0.0002588
446,wealdend,<code>wealdend</code>,1,0.0002588
446,welegan,<code>welegan</code>,1,0.0002588
446,wen,<code>wen</code>,1,0.0002588
446,wende,<code>wende</code>,1,0.0002588
446,wene,<code>wene</code>,1,0.0002588
446,werlice,<code>werlice</code>,1,0.0002588
446,wi&eth;metenne,<code>wi&amp;d;metenne</code>,1,0.0002588
446,wi&eth;soc,<code>wi&amp;d;soc</code>,1,0.0002588
446,wi&eth;stent,<code>wi&amp;d;stent</code>,1,0.0002588
446,wi&thorn;,<code>wi&amp;t;</code>,1,0.0002588
446,wilnigendum,<code>wilnigendum</code>,1,0.0002588
446,wilt,<code>wilt</code>,1,0.0002588
446,wiscan,<code>wiscan</code>,1,0.0002588
446,witan,<code>witan</code>,1,0.0002588
446,wlite,<code>wlite</code>,1,0.0002588
446,woldest,<code>woldest</code>,1,0.0002588
446,wop,<code>wop</code>,1,0.0002588
446,woruld&thorn;ing,<code>woruld&amp;t;ing</code>,1,0.0002588
446,woruldlicere,<code>woruldlicere</code>,1,0.0002588
446,woruldwisdom,<code>woruldwisdom</code>,1,0.0002588
446,wuldre,<code>wuldre</code>,1,0.0002588
446,wuldrian,<code>wuldrian</code>,1,0.0002588
446,wundrum,<code>wundrum</code>,1,0.0002588
446,wunode,<code>wunode</code>,1,0.0002588
446,wur&eth;odest,<code>wur&amp;d;odest</code>,1,0.0002588
446,wur&thorn;es,<code>wur&amp;t;es</code>,1,0.0002588
446,wur&thorn;mynt,<code>wur&amp;t;mynt</code>,1,0.0002588
446,wurpe,<code>wurpe</code>,1,0.0002588
446,wurpende,<code>wurpende</code>,1,0.0002588
446,wurpon,<code>wurpon</code>,1,0.0002588
446,wydewan,<code>wydewan</code>,1,0.0002588
446,wyrcan,<code>wyrcan</code>,1,0.0002588
446,wyrstan,<code>wyrstan</code>,1,0.0002588
446,y&eth;igendan,<code>y&amp;d;igendan</code>,1,0.0002588
446,y&thorn;um,<code>y&amp;t;um</code>,1,0.0002588
446,ydelan,<code>ydelan</code>,1,0.0002588
446,ydele,<code>ydele</code>,1,0.0002588
446,ydelnysse,<code>ydelnysse</code>,1,0.0002588
446,yfelum,<code>yfelum</code>,1,0.0002588
446,ymbscean,<code>ymbscean</code>,1,0.0002588
446,ymclyppenne,<code>ymclyppenne</code>,1,0.0002588
446,yrm&thorn;a,<code>yrm&amp;t;a</code>,1,0.0002588
446,yrm&thorn;e,<code>yrm&amp;t;e</code>,1,0.0002588
446,yrsunge,<code>yrsunge</code>,1,0.0002588
446,yttran,<code>yttran</code>,1,0.0002588
446,zachee,<code>zachee</code>,1,0.0002588
446,zacheo,<code>zacheo</code>,1,0.0002588
446,zebedeo,<code>zebedeo</code>,1,0.0002588
