B_Prose,B01,B01.002.031_AECHom_II__28_T02810.txt,886,586,2593
RANK,HTML WORD,RAW WORD,COUNT,RELATIVE FREQUENCY
1,and,<code>and</code>,113,0.0435789
2,&eth;a,<code>&amp;d;a</code>,66,0.0254531
3,on,<code>on</code>,57,0.0219823
3,to,<code>to</code>,57,0.0219823
5,&thorn;&aelig;t,<code>&amp;t;&amp;ae;t</code>,54,0.0208253
5,he,<code>he</code>,54,0.0208253
7,&eth;e,<code>&amp;d;e</code>,46,0.0177401
8,swa,<code>swa</code>,43,0.0165831
9,his,<code>his</code>,39,0.0150405
10,se,<code>se</code>,35,0.0134979
11,is,<code>is</code>,29,0.0111840
12,&eth;am,<code>&amp;d;am</code>,27,0.0104126
12,cw&aelig;&eth;,<code>cw&amp;ae;&amp;d;</code>,27,0.0104126
14,hine,<code>hine</code>,25,0.0096413
14,ne,<code>ne</code>,25,0.0096413
16,drihten,<code>drihten</code>,24,0.0092557
16,petrus,<code>petrus</code>,24,0.0092557
18,&eth;&aelig;re,<code>&amp;d;&amp;ae;re</code>,23,0.0088700
19,&thorn;e,<code>&amp;t;e</code>,21,0.0080987
19,him,<code>him</code>,21,0.0080987
21,for,<code>for</code>,19,0.0073274
21,hi,<code>hi</code>,19,0.0073274
21,ic,<code>ic</code>,19,0.0073274
24,&thorn;a,<code>&amp;t;a</code>,18,0.0069418
25,me,<code>me</code>,17,0.0065561
26,ge,<code>ge</code>,16,0.0061705
27,ac,<code>ac</code>,15,0.0057848
27,heofenum,<code>heofenum</code>,15,0.0057848
27,mid,<code>mid</code>,15,0.0057848
30,&eth;u,<code>&amp;d;u</code>,14,0.0053992
30,crist,<code>crist</code>,14,0.0053992
30,heo,<code>heo</code>,14,0.0053992
33,hit,<code>hit</code>,13,0.0050135
33,of,<code>of</code>,13,0.0050135
33,w&aelig;s,<code>w&amp;ae;s</code>,13,0.0050135
33,we,<code>we</code>,13,0.0050135
37,&eth;an,<code>&amp;d;an</code>,12,0.0046278
37,astah,<code>astah</code>,12,0.0046278
37,godes,<code>godes</code>,12,0.0046278
37,seo,<code>seo</code>,12,0.0046278
41,gif,<code>gif</code>,11,0.0042422
42,&eth;urh,<code>&amp;d;urh</code>,10,0.0038565
42,cristes,<code>cristes</code>,10,0.0038565
44,&thorn;urh,<code>&amp;t;urh</code>,9,0.0034709
44,ana,<code>ana</code>,9,0.0034709
44,s&aelig;,<code>s&amp;ae;</code>,9,0.0034709
47,&eth;eah,<code>&amp;d;eah</code>,8,0.0030852
47,buton,<code>buton</code>,8,0.0030852
47,h&aelig;lend,<code>h&amp;ae;lend</code>,8,0.0030852
47,hire,<code>hire</code>,8,0.0030852
47,mannes,<code>mannes</code>,8,0.0030852
47,sunu,<code>sunu</code>,8,0.0030852
47,us,<code>us</code>,8,0.0030852
54,&thorn;u,<code>&amp;t;u</code>,7,0.0026996
54,bi&eth;,<code>bi&amp;d;</code>,7,0.0026996
54,com,<code>com</code>,7,0.0026996
54,ealle,<code>ealle</code>,7,0.0026996
54,engel,<code>engel</code>,7,0.0026996
54,eode,<code>eode</code>,7,0.0026996
54,geleafan,<code>geleafan</code>,7,0.0026996
54,in,<code>in</code>,7,0.0026996
54,m&aelig;g,<code>m&amp;ae;g</code>,7,0.0026996
54,nu,<code>nu</code>,7,0.0026996
54,o&eth;,<code>o&amp;d;</code>,7,0.0026996
54,upon,<code>upon</code>,7,0.0026996
54,wolde,<code>wolde</code>,7,0.0026996
67,&thorn;&aelig;s,<code>&amp;t;&amp;ae;s</code>,6,0.0023139
67,betwux,<code>betwux</code>,6,0.0023139
67,gela&eth;ung,<code>gela&amp;d;ung</code>,6,0.0023139
67,herodes,<code>herodes</code>,6,0.0023139
67,hrepode,<code>hrepode</code>,6,0.0023139
67,ofer,<code>ofer</code>,6,0.0023139
67,swi&eth;e,<code>swi&amp;d;e</code>,6,0.0023139
67,w&aelig;re,<code>w&amp;ae;re</code>,6,0.0023139
67,woruld,<code>woruld</code>,6,0.0023139
67,worulde,<code>worulde</code>,6,0.0023139
77,&eth;&aelig;rrihte,<code>&amp;d;&amp;ae;rrihte</code>,5,0.0019283
77,&eth;one,<code>&amp;d;one</code>,5,0.0019283
77,&thorn;&aelig;r,<code>&amp;t;&amp;ae;r</code>,5,0.0019283
77,&thorn;&aelig;re,<code>&amp;t;&amp;ae;re</code>,5,0.0019283
77,an,<code>an</code>,5,0.0019283
77,be,<code>be</code>,5,0.0019283
77,fram,<code>fram</code>,5,0.0019283
77,gela&eth;unge,<code>gela&amp;d;unge</code>,5,0.0019283
77,getacnode,<code>getacnode</code>,5,0.0019283
77,god,<code>god</code>,5,0.0019283
77,heafod,<code>heafod</code>,5,0.0019283
77,hu,<code>hu</code>,5,0.0019283
77,man,<code>man</code>,5,0.0019283
77,min,<code>min</code>,5,0.0019283
77,na,<code>na</code>,5,0.0019283
77,nihte,<code>nihte</code>,5,0.0019283
77,petres,<code>petres</code>,5,0.0019283
77,scipe,<code>scipe</code>,5,0.0019283
77,sind,<code>sind</code>,5,0.0019283
77,strangan,<code>strangan</code>,5,0.0019283
77,sylfne,<code>sylfne</code>,5,0.0019283
77,wind,<code>wind</code>,5,0.0019283
99,&aelig;g&eth;er,<code>&amp;ae;g&amp;d;er</code>,4,0.0015426
99,&aelig;r,<code>&amp;ae;r</code>,4,0.0015426
99,&eth;is,<code>&amp;d;is</code>,4,0.0015426
99,&eth;issere,<code>&amp;d;issere</code>,4,0.0015426
99,&thorn;am,<code>&amp;t;am</code>,4,0.0015426
99,andwyrde,<code>andwyrde</code>,4,0.0015426
99,beo,<code>beo</code>,4,0.0015426
99,beon,<code>beon</code>,4,0.0015426
99,criste,<code>criste</code>,4,0.0015426
99,eal,<code>eal</code>,4,0.0015426
99,eart,<code>eart</code>,4,0.0015426
99,eom,<code>eom</code>,4,0.0015426
99,eow,<code>eow</code>,4,0.0015426
99,geseah,<code>geseah</code>,4,0.0015426
99,getimbrige,<code>getimbrige</code>,4,0.0015426
99,hw&aelig;t,<code>hw&amp;ae;t</code>,4,0.0015426
99,menigu,<code>menigu</code>,4,0.0015426
99,mihte,<code>mihte</code>,4,0.0015426
99,mine,<code>mine</code>,4,0.0015426
99,petrum,<code>petrum</code>,4,0.0015426
99,reafes,<code>reafes</code>,4,0.0015426
99,rice,<code>rice</code>,4,0.0015426
99,sum,<code>sum</code>,4,0.0015426
99,sy,<code>sy</code>,4,0.0015426
99,w&aelig;ron,<code>w&amp;ae;ron</code>,4,0.0015426
99,w&aelig;tere,<code>w&amp;ae;tere</code>,4,0.0015426
99,wear&eth;,<code>wear&amp;d;</code>,4,0.0015426
99,wi&eth;,<code>wi&amp;d;</code>,4,0.0015426
99,witodlice,<code>witodlice</code>,4,0.0015426
99,y&eth;um,<code>y&amp;d;um</code>,4,0.0015426
129,&aelig;lmihtigan,<code>&amp;ae;lmihtigan</code>,3,0.0011570
129,&aelig;t,<code>&amp;ae;t</code>,3,0.0011570
129,&eth;&aelig;r,<code>&amp;d;&amp;ae;r</code>,3,0.0011570
129,&eth;&aelig;ra,<code>&amp;d;&amp;ae;ra</code>,3,0.0011570
129,&eth;in,<code>&amp;d;in</code>,3,0.0011570
129,&thorn;&aelig;rrihte,<code>&amp;t;&amp;ae;rrihte</code>,3,0.0011570
129,&thorn;eah,<code>&amp;t;eah</code>,3,0.0011570
129,&thorn;one,<code>&amp;t;one</code>,3,0.0011570
129,ahredde,<code>ahredde</code>,3,0.0011570
129,annysse,<code>annysse</code>,3,0.0011570
129,astih&eth;,<code>astih&amp;d;</code>,3,0.0011570
129,augustinus,<code>augustinus</code>,3,0.0011570
129,bearn,<code>bearn</code>,3,0.0011570
129,beo&eth;,<code>beo&amp;d;</code>,3,0.0011570
129,cempum,<code>cempum</code>,3,0.0011570
129,christus,<code>christus</code>,3,0.0011570
129,comon,<code>comon</code>,3,0.0011570
129,cum,<code>cum</code>,3,0.0011570
129,cwe&eth;ende,<code>cwe&amp;d;ende</code>,3,0.0011570
129,cwearterne,<code>cwearterne</code>,3,0.0011570
129,cyrcan,<code>cyrcan</code>,3,0.0011570
129,deaf,<code>deaf</code>,3,0.0011570
129,drihtne,<code>drihtne</code>,3,0.0011570
129,dune,<code>dune</code>,3,0.0011570
129,eft,<code>eft</code>,3,0.0011570
129,eor&eth;an,<code>eor&amp;d;an</code>,3,0.0011570
129,est,<code>est</code>,3,0.0011570
129,fn&aelig;du,<code>fn&amp;ae;du</code>,3,0.0011570
129,folc,<code>folc</code>,3,0.0011570
129,for&eth;,<code>for&amp;d;</code>,3,0.0011570
129,gan,<code>gan</code>,3,0.0011570
129,gangende,<code>gangende</code>,3,0.0011570
129,gecweden,<code>gecweden</code>,3,0.0011570
129,godum,<code>godum</code>,3,0.0011570
129,gyt,<code>gyt</code>,3,0.0011570
129,h&aelig;f&eth;,<code>h&amp;ae;f&amp;d;</code>,3,0.0011570
129,h&aelig;fde,<code>h&amp;ae;fde</code>,3,0.0011570
129,h&aelig;lende,<code>h&amp;ae;lende</code>,3,0.0011570
129,hand,<code>hand</code>,3,0.0011570
129,hat,<code>hat</code>,3,0.0011570
129,heofenan,<code>heofenan</code>,3,0.0011570
129,het,<code>het</code>,3,0.0011570
129,losige,<code>losige</code>,3,0.0011570
129,lytles,<code>lytles</code>,3,0.0011570
129,men,<code>men</code>,3,0.0011570
129,naman,<code>naman</code>,3,0.0011570
129,nan,<code>nan</code>,3,0.0011570
129,ongean,<code>ongean</code>,3,0.0011570
129,rewette,<code>rewette</code>,3,0.0011570
129,s&aelig;de,<code>s&amp;ae;de</code>,3,0.0011570
129,sceolon,<code>sceolon</code>,3,0.0011570
129,so&eth;an,<code>so&amp;d;an</code>,3,0.0011570
129,sona,<code>sona</code>,3,0.0011570
129,stan,<code>stan</code>,3,0.0011570
129,strange,<code>strange</code>,3,0.0011570
129,tida,<code>tida</code>,3,0.0011570
129,twam,<code>twam</code>,3,0.0011570
129,twynode,<code>twynode</code>,3,0.0011570
129,unstrangan,<code>unstrangan</code>,3,0.0011570
129,untruman,<code>untruman</code>,3,0.0011570
129,up,<code>up</code>,3,0.0011570
129,w&aelig;ccan,<code>w&amp;ae;ccan</code>,3,0.0011570
129,wurdon,<code>wurdon</code>,3,0.0011570
192,&aelig;lcere,<code>&amp;ae;lcere</code>,2,0.0007713
192,&eth;as,<code>&amp;d;as</code>,2,0.0007713
192,&eth;i,<code>&amp;d;i</code>,2,0.0007713
192,&eth;isne,<code>&amp;d;isne</code>,2,0.0007713
192,&thorn;as,<code>&amp;t;as</code>,2,0.0007713
192,&thorn;eos,<code>&amp;t;eos</code>,2,0.0007713
192,&thorn;is,<code>&amp;t;is</code>,2,0.0007713
192,&thorn;onne,<code>&amp;t;onne</code>,2,0.0007713
192,&thorn;us,<code>&amp;t;us</code>,2,0.0007713
192,&thorn;yssere,<code>&amp;t;yssere</code>,2,0.0007713
192,afyrhte,<code>afyrhte</code>,2,0.0007713
192,andwerdan,<code>andwerdan</code>,2,0.0007713
192,anes,<code>anes</code>,2,0.0007713
192,anre,<code>anre</code>,2,0.0007713
192,apostol,<code>apostol</code>,2,0.0007713
192,arison,<code>arison</code>,2,0.0007713
192,ascendit,<code>ascendit</code>,2,0.0007713
192,astrehte,<code>astrehte</code>,2,0.0007713
192,b&aelig;don,<code>b&amp;ae;don</code>,2,0.0007713
192,becom,<code>becom</code>,2,0.0007713
192,becomon,<code>becomon</code>,2,0.0007713
192,blodes,<code>blodes</code>,2,0.0007713
192,brym,<code>brym</code>,2,0.0007713
192,cann,<code>cann</code>,2,0.0007713
192,clypode,<code>clypode</code>,2,0.0007713
192,cnucode,<code>cnucode</code>,2,0.0007713
192,cw&aelig;don,<code>cw&amp;ae;don</code>,2,0.0007713
192,cwe&eth;,<code>cwe&amp;d;</code>,2,0.0007713
192,d&aelig;ge,<code>d&amp;ae;ge</code>,2,0.0007713
192,de,<code>de</code>,2,0.0007713
192,digele,<code>digele</code>,2,0.0007713
192,drihtnes,<code>drihtnes</code>,2,0.0007713
192,duru,<code>duru</code>,2,0.0007713
192,eallum,<code>eallum</code>,2,0.0007713
192,ealra,<code>ealra</code>,2,0.0007713
192,et,<code>et</code>,2,0.0007713
192,fela,<code>fela</code>,2,0.0007713
192,feollon,<code>feollon</code>,2,0.0007713
192,feor&eth;an,<code>feor&amp;d;an</code>,2,0.0007713
192,folce,<code>folce</code>,2,0.0007713
192,forlet,<code>forlet</code>,2,0.0007713
192,gange,<code>gange</code>,2,0.0007713
192,gebitt,<code>gebitt</code>,2,0.0007713
192,gedwimor,<code>gedwimor</code>,2,0.0007713
192,geearnungum,<code>geearnungum</code>,2,0.0007713
192,geh&aelig;lde,<code>geh&amp;ae;lde</code>,2,0.0007713
192,geleafa,<code>geleafa</code>,2,0.0007713
192,geleaffullan,<code>geleaffullan</code>,2,0.0007713
192,getacnunge,<code>getacnunge</code>,2,0.0007713
192,gewat,<code>gewat</code>,2,0.0007713
192,godspellere,<code>godspellere</code>,2,0.0007713
192,habba&eth;,<code>habba&amp;d;</code>,2,0.0007713
192,hades,<code>hades</code>,2,0.0007713
192,handum,<code>handum</code>,2,0.0007713
192,healdan,<code>healdan</code>,2,0.0007713
192,help,<code>help</code>,2,0.0007713
192,hreohnyssum,<code>hreohnyssum</code>,2,0.0007713
192,huru,<code>huru</code>,2,0.0007713
192,hw&aelig;thwega,<code>hw&amp;ae;thwega</code>,2,0.0007713
192,hwa,<code>hwa</code>,2,0.0007713
192,hwi,<code>hwi</code>,2,0.0007713
192,iohannes,<code>iohannes</code>,2,0.0007713
192,lande,<code>lande</code>,2,0.0007713
192,leorningcnihtas,<code>leorningcnihtas</code>,2,0.0007713
192,lichama,<code>lichama</code>,2,0.0007713
192,lufast,<code>lufast</code>,2,0.0007713
192,lyma,<code>lyma</code>,2,0.0007713
192,m&aelig;denes,<code>m&amp;ae;denes</code>,2,0.0007713
192,manegum,<code>manegum</code>,2,0.0007713
192,manna,<code>manna</code>,2,0.0007713
192,mannum,<code>mannum</code>,2,0.0007713
192,merigen,<code>merigen</code>,2,0.0007713
192,micclum,<code>micclum</code>,2,0.0007713
192,micel,<code>micel</code>,2,0.0007713
192,miht,<code>miht</code>,2,0.0007713
192,n&aelig;s,<code>n&amp;ae;s</code>,2,0.0007713
192,nama,<code>nama</code>,2,0.0007713
192,o&eth;&eth;e,<code>o&amp;d;&amp;d;e</code>,2,0.0007713
192,o&eth;er,<code>o&amp;d;er</code>,2,0.0007713
192,o&eth;rum,<code>o&amp;d;rum</code>,2,0.0007713
192,ofdr&aelig;dde,<code>ofdr&amp;ae;dde</code>,2,0.0007713
192,ofsloh,<code>ofsloh</code>,2,0.0007713
192,paulus,<code>paulus</code>,2,0.0007713
192,petra,<code>petra</code>,2,0.0007713
192,qui,<code>qui</code>,2,0.0007713
192,quia,<code>quia</code>,2,0.0007713
192,quod,<code>quod</code>,2,0.0007713
192,r&aelig;da&eth;,<code>r&amp;ae;da&amp;d;</code>,2,0.0007713
192,r&aelig;dinge,<code>r&amp;ae;dinge</code>,2,0.0007713
192,s&aelig;licum,<code>s&amp;ae;licum</code>,2,0.0007713
192,sceal,<code>sceal</code>,2,0.0007713
192,scip,<code>scip</code>,2,0.0007713
192,so&eth;,<code>so&amp;d;</code>,2,0.0007713
192,so&eth;lice,<code>so&amp;d;lice</code>,2,0.0007713
192,st&aelig;nen,<code>st&amp;ae;nen</code>,2,0.0007713
192,stop,<code>stop</code>,2,0.0007713
192,styrungum,<code>styrungum</code>,2,0.0007713
192,sumon,<code>sumon</code>,2,0.0007713
192,swinc&eth;,<code>swinc&amp;d;</code>,2,0.0007713
192,sylf,<code>sylf</code>,2,0.0007713
192,trume,<code>trume</code>,2,0.0007713
192,truwan,<code>truwan</code>,2,0.0007713
192,twelf,<code>twelf</code>,2,0.0007713
192,twyna&eth;,<code>twyna&amp;d;</code>,2,0.0007713
192,twynunge,<code>twynunge</code>,2,0.0007713
192,under,<code>under</code>,2,0.0007713
192,uppon,<code>uppon</code>,2,0.0007713
192,upstige,<code>upstige</code>,2,0.0007713
192,ure,<code>ure</code>,2,0.0007713
301,&aelig;fen,<code>&amp;ae;fen</code>,1,0.0003857
301,&aelig;fter,<code>&amp;ae;fter</code>,1,0.0003857
301,&aelig;lc,<code>&amp;ae;lc</code>,1,0.0003857
301,&aelig;tforan,<code>&amp;ae;tforan</code>,1,0.0003857
301,&aelig;tstod,<code>&amp;ae;tstod</code>,1,0.0003857
301,&eth;&aelig;ron,<code>&amp;d;&amp;ae;ron</code>,1,0.0003857
301,&eth;&aelig;s,<code>&amp;d;&amp;ae;s</code>,1,0.0003857
301,&eth;en,<code>&amp;d;en</code>,1,0.0003857
301,&eth;enas,<code>&amp;d;enas</code>,1,0.0003857
301,&eth;enia&eth;,<code>&amp;d;enia&amp;d;</code>,1,0.0003857
301,&eth;eonde,<code>&amp;d;eonde</code>,1,0.0003857
301,&eth;eos,<code>&amp;d;eos</code>,1,0.0003857
301,&eth;es,<code>&amp;d;es</code>,1,0.0003857
301,&eth;ine,<code>&amp;d;ine</code>,1,0.0003857
301,&eth;ingian,<code>&amp;d;ingian</code>,1,0.0003857
301,&eth;ingr&aelig;dene,<code>&amp;d;ingr&amp;ae;dene</code>,1,0.0003857
301,&eth;inre,<code>&amp;d;inre</code>,1,0.0003857
301,&eth;inum,<code>&amp;d;inum</code>,1,0.0003857
301,&eth;isum,<code>&amp;d;isum</code>,1,0.0003857
301,&eth;onne,<code>&amp;d;onne</code>,1,0.0003857
301,&eth;rang,<code>&amp;d;rang</code>,1,0.0003857
301,&eth;reade,<code>&amp;d;reade</code>,1,0.0003857
301,&eth;rowunge,<code>&amp;d;rowunge</code>,1,0.0003857
301,&eth;ry,<code>&amp;d;ry</code>,1,0.0003857
301,&eth;uhte,<code>&amp;d;uhte</code>,1,0.0003857
301,&eth;y,<code>&amp;d;y</code>,1,0.0003857
301,&eth;yssere,<code>&amp;d;yssere</code>,1,0.0003857
301,&thorn;&aelig;ra,<code>&amp;t;&amp;ae;ra</code>,1,0.0003857
301,&thorn;ises,<code>&amp;t;ises</code>,1,0.0003857
301,&thorn;isne,<code>&amp;t;isne</code>,1,0.0003857
301,&thorn;issere,<code>&amp;t;issere</code>,1,0.0003857
301,&thorn;reo,<code>&amp;t;reo</code>,1,0.0003857
301,&thorn;ridda,<code>&amp;t;ridda</code>,1,0.0003857
301,&thorn;ry,<code>&amp;t;ry</code>,1,0.0003857
301,&thorn;ysne,<code>&amp;t;ysne</code>,1,0.0003857
301,abad,<code>abad</code>,1,0.0003857
301,aberan,<code>aberan</code>,1,0.0003857
301,acennednysse,<code>acennednysse</code>,1,0.0003857
301,acwealde,<code>acwealde</code>,1,0.0003857
301,acwellan,<code>acwellan</code>,1,0.0003857
301,adiuuabat,<code>adiuuabat</code>,1,0.0003857
301,aflygdon,<code>aflygdon</code>,1,0.0003857
301,afylde,<code>afylde</code>,1,0.0003857
301,agenum,<code>agenum</code>,1,0.0003857
301,ahef&eth;,<code>ahef&amp;d;</code>,1,0.0003857
301,amen,<code>amen</code>,1,0.0003857
301,anbidunge,<code>anbidunge</code>,1,0.0003857
301,andeteras,<code>andeteras</code>,1,0.0003857
301,andettest,<code>andettest</code>,1,0.0003857
301,andgit,<code>andgit</code>,1,0.0003857
301,andwyrdan,<code>andwyrdan</code>,1,0.0003857
301,anfealde,<code>anfealde</code>,1,0.0003857
301,annys,<code>annys</code>,1,0.0003857
301,anr&aelig;dlice,<code>anr&amp;ae;dlice</code>,1,0.0003857
301,anum,<code>anum</code>,1,0.0003857
301,apostola,<code>apostola</code>,1,0.0003857
301,apostolas,<code>apostolas</code>,1,0.0003857
301,apostoli,<code>apostoli</code>,1,0.0003857
301,aras,<code>aras</code>,1,0.0003857
301,aris,<code>aris</code>,1,0.0003857
301,arlease,<code>arlease</code>,1,0.0003857
301,arn,<code>arn</code>,1,0.0003857
301,ascendere,<code>ascendere</code>,1,0.0003857
301,asende,<code>asende</code>,1,0.0003857
301,aslad,<code>aslad</code>,1,0.0003857
301,asmea,<code>asmea</code>,1,0.0003857
301,astigan,<code>astigan</code>,1,0.0003857
301,astige,<code>astige</code>,1,0.0003857
301,astrec&eth;,<code>astrec&amp;d;</code>,1,0.0003857
301,astyrede,<code>astyrede</code>,1,0.0003857
301,astyrige,<code>astyrige</code>,1,0.0003857
301,awrat,<code>awrat</code>,1,0.0003857
301,awriten,<code>awriten</code>,1,0.0003857
301,axast,<code>axast</code>,1,0.0003857
301,axode,<code>axode</code>,1,0.0003857
301,b&aelig;ftan,<code>b&amp;ae;ftan</code>,1,0.0003857
301,b&aelig;r,<code>b&amp;ae;r</code>,1,0.0003857
301,be&eth;ohte,<code>be&amp;d;ohte</code>,1,0.0003857
301,becuma&eth;,<code>becuma&amp;d;</code>,1,0.0003857
301,becume,<code>becume</code>,1,0.0003857
301,bedufe,<code>bedufe</code>,1,0.0003857
301,befran,<code>befran</code>,1,0.0003857
301,begann,<code>begann</code>,1,0.0003857
301,begyrd,<code>begyrd</code>,1,0.0003857
301,beheafdian,<code>beheafdian</code>,1,0.0003857
301,behealda&eth;,<code>behealda&amp;d;</code>,1,0.0003857
301,bep&aelig;can,<code>bep&amp;ae;can</code>,1,0.0003857
301,ber&eth;,<code>ber&amp;d;</code>,1,0.0003857
301,beran,<code>beran</code>,1,0.0003857
301,besenc&eth;,<code>besenc&amp;d;</code>,1,0.0003857
301,besenced,<code>besenced</code>,1,0.0003857
301,bet&aelig;hte,<code>bet&amp;ae;hte</code>,1,0.0003857
301,bidda&eth;,<code>bidda&amp;d;</code>,1,0.0003857
301,bifigende,<code>bifigende</code>,1,0.0003857
301,blinde,<code>blinde</code>,1,0.0003857
301,blisse,<code>blisse</code>,1,0.0003857
301,boc,<code>boc</code>,1,0.0003857
301,bocum,<code>bocum</code>,1,0.0003857
301,bro&eth;or,<code>bro&amp;d;or</code>,1,0.0003857
301,brohton,<code>brohton</code>,1,0.0003857
301,bufon,<code>bufon</code>,1,0.0003857
301,byr&eth;ene,<code>byr&amp;d;ene</code>,1,0.0003857
301,c&#275;lo,<code>c&amp;e;lo</code>,1,0.0003857
301,c&#275;lum,<code>c&amp;e;lum</code>,1,0.0003857
301,caflice,<code>caflice</code>,1,0.0003857
301,cafost,<code>cafost</code>,1,0.0003857
301,caput,<code>caput</code>,1,0.0003857
301,celo,<code>celo</code>,1,0.0003857
301,celum,<code>celum</code>,1,0.0003857
301,cep,<code>cep</code>,1,0.0003857
301,cesaream,<code>cesaream</code>,1,0.0003857
301,christianus,<code>christianus</code>,1,0.0003857
301,cild,<code>cild</code>,1,0.0003857
301,cl&aelig;nre,<code>cl&amp;ae;nre</code>,1,0.0003857
301,clypa,<code>clypa</code>,1,0.0003857
301,clypa&eth;,<code>clypa&amp;d;</code>,1,0.0003857
301,cnotta,<code>cnotta</code>,1,0.0003857
301,cnyste,<code>cnyste</code>,1,0.0003857
301,corpore,<code>corpore</code>,1,0.0003857
301,costneres,<code>costneres</code>,1,0.0003857
301,costnung,<code>costnung</code>,1,0.0003857
301,costnungum,<code>costnungum</code>,1,0.0003857
301,cr&aelig;fte,<code>cr&amp;ae;fte</code>,1,0.0003857
301,creap,<code>creap</code>,1,0.0003857
301,cristen,<code>cristen</code>,1,0.0003857
301,cristenre,<code>cristenre</code>,1,0.0003857
301,cristesbec,<code>cristesbec</code>,1,0.0003857
301,cucum,<code>cucum</code>,1,0.0003857
301,cunne,<code>cunne</code>,1,0.0003857
301,cunnon,<code>cunnon</code>,1,0.0003857
301,cwe&eth;an,<code>cwe&amp;d;an</code>,1,0.0003857
301,cwe&eth;e,<code>cwe&amp;d;e</code>,1,0.0003857
301,cweartern,<code>cweartern</code>,1,0.0003857
301,cwearternes,<code>cwearternes</code>,1,0.0003857
301,cwyddodon,<code>cwyddodon</code>,1,0.0003857
301,cwyde,<code>cwyde</code>,1,0.0003857
301,cy&eth;a&eth;,<code>cy&amp;d;a&amp;d;</code>,1,0.0003857
301,cym&eth;,<code>cym&amp;d;</code>,1,0.0003857
301,cynelicum,<code>cynelicum</code>,1,0.0003857
301,cyning,<code>cyning</code>,1,0.0003857
301,cyrde,<code>cyrde</code>,1,0.0003857
301,d&aelig;le,<code>d&amp;ae;le</code>,1,0.0003857
301,deadum,<code>deadum</code>,1,0.0003857
301,demenne,<code>demenne</code>,1,0.0003857
301,deoplic,<code>deoplic</code>,1,0.0003857
301,deopum,<code>deopum</code>,1,0.0003857
301,deorwur&eth;e,<code>deorwur&amp;d;e</code>,1,0.0003857
301,descendit,<code>descendit</code>,1,0.0003857
301,dicebam,<code>dicebam</code>,1,0.0003857
301,die,<code>die</code>,1,0.0003857
301,digelnysse,<code>digelnysse</code>,1,0.0003857
301,dimmiteret,<code>dimmiteret</code>,1,0.0003857
301,discipulos,<code>discipulos</code>,1,0.0003857
301,dixit,<code>dixit</code>,1,0.0003857
301,dohtor,<code>dohtor</code>,1,0.0003857
301,domes,<code>domes</code>,1,0.0003857
301,domine,<code>domine</code>,1,0.0003857
301,domsetle,<code>domsetle</code>,1,0.0003857
301,don,<code>don</code>,1,0.0003857
301,donec,<code>donec</code>,1,0.0003857
301,drohtnunge,<code>drohtnunge</code>,1,0.0003857
301,dun,<code>dun</code>,1,0.0003857
301,dura,<code>dura</code>,1,0.0003857
301,dyde,<code>dyde</code>,1,0.0003857
301,dyfst,<code>dyfst</code>,1,0.0003857
301,ea&eth;elice,<code>ea&amp;d;elice</code>,1,0.0003857
301,eac,<code>eac</code>,1,0.0003857
301,ealdor,<code>ealdor</code>,1,0.0003857
301,ealne,<code>ealne</code>,1,0.0003857
301,eard,<code>eard</code>,1,0.0003857
301,earfo&eth;an,<code>earfo&amp;d;an</code>,1,0.0003857
301,earfo&eth;e,<code>earfo&amp;d;e</code>,1,0.0003857
301,eastertid,<code>eastertid</code>,1,0.0003857
301,ecclesiam,<code>ecclesiam</code>,1,0.0003857
301,ecclesiastica,<code>ecclesiastica</code>,1,0.0003857
301,efne,<code>efne</code>,1,0.0003857
301,ehtnysse,<code>ehtnysse</code>,1,0.0003857
301,elcode,<code>elcode</code>,1,0.0003857
301,eleuet,<code>eleuet</code>,1,0.0003857
301,embe,<code>embe</code>,1,0.0003857
301,ende,<code>ende</code>,1,0.0003857
301,englisc,<code>englisc</code>,1,0.0003857
301,eodon,<code>eodon</code>,1,0.0003857
301,etiam,<code>etiam</code>,1,0.0003857
301,eum,<code>eum</code>,1,0.0003857
301,f&aelig;der,<code>f&amp;ae;der</code>,1,0.0003857
301,f&aelig;mnan,<code>f&amp;ae;mnan</code>,1,0.0003857
301,f&aelig;rlice,<code>f&amp;ae;rlice</code>,1,0.0003857
301,faran,<code>faran</code>,1,0.0003857
301,feallan,<code>feallan</code>,1,0.0003857
301,feol,<code>feol</code>,1,0.0003857
301,feower,<code>feower</code>,1,0.0003857
301,ferde,<code>ferde</code>,1,0.0003857
301,fers,<code>fers</code>,1,0.0003857
301,festiuitate,<code>festiuitate</code>,1,0.0003857
301,figura,<code>figura</code>,1,0.0003857
301,filig,<code>filig</code>,1,0.0003857
301,filigde,<code>filigde</code>,1,0.0003857
301,filius,<code>filius</code>,1,0.0003857
301,flotera&eth;,<code>flotera&amp;d;</code>,1,0.0003857
301,folces,<code>folces</code>,1,0.0003857
301,fore,<code>fore</code>,1,0.0003857
301,forfare,<code>forfare</code>,1,0.0003857
301,forferdon,<code>forferdon</code>,1,0.0003857
301,forhtigenne,<code>forhtigenne</code>,1,0.0003857
301,forl&aelig;tan,<code>forl&amp;ae;tan</code>,1,0.0003857
301,fornumen,<code>fornumen</code>,1,0.0003857
301,forst&aelig;l,<code>forst&amp;ae;l</code>,1,0.0003857
301,fortredan,<code>fortredan</code>,1,0.0003857
301,fortretst,<code>fortretst</code>,1,0.0003857
301,forwyrca&eth;,<code>forwyrca&amp;d;</code>,1,0.0003857
301,fot,<code>fot</code>,1,0.0003857
301,foton,<code>foton</code>,1,0.0003857
301,fotswa&eth;um,<code>fotswa&amp;d;um</code>,1,0.0003857
301,fotum,<code>fotum</code>,1,0.0003857
301,frecednysse,<code>frecednysse</code>,1,0.0003857
301,fretum,<code>fretum</code>,1,0.0003857
301,fulluhtere,<code>fulluhtere</code>,1,0.0003857
301,fultume,<code>fultume</code>,1,0.0003857
301,fultumes,<code>fultumes</code>,1,0.0003857
301,fyrmest,<code>fyrmest</code>,1,0.0003857
301,fyrste,<code>fyrste</code>,1,0.0003857
301,gang,<code>gang</code>,1,0.0003857
301,ganne,<code>ganne</code>,1,0.0003857
301,ge&eth;afode,<code>ge&amp;d;afode</code>,1,0.0003857
301,ge&eth;w&aelig;rl&aelig;hte,<code>ge&amp;d;w&amp;ae;rl&amp;ae;hte</code>,1,0.0003857
301,geangsumod,<code>geangsumod</code>,1,0.0003857
301,gear,<code>gear</code>,1,0.0003857
301,geate,<code>geate</code>,1,0.0003857
301,geaxodon,<code>geaxodon</code>,1,0.0003857
301,geb&aelig;de,<code>geb&amp;ae;de</code>,1,0.0003857
301,gebiddan,<code>gebiddan</code>,1,0.0003857
301,gebiddenne,<code>gebiddenne</code>,1,0.0003857
301,geboden,<code>geboden</code>,1,0.0003857
301,gebro&eth;ra,<code>gebro&amp;d;ra</code>,1,0.0003857
301,gebro&eth;rum,<code>gebro&amp;d;rum</code>,1,0.0003857
301,gebrohte,<code>gebrohte</code>,1,0.0003857
301,gebyld,<code>gebyld</code>,1,0.0003857
301,gebysgod,<code>gebysgod</code>,1,0.0003857
301,geciged,<code>geciged</code>,1,0.0003857
301,gecl&aelig;nsige,<code>gecl&amp;ae;nsige</code>,1,0.0003857
301,gecw&aelig;&eth;,<code>gecw&amp;ae;&amp;d;</code>,1,0.0003857
301,gecynde,<code>gecynde</code>,1,0.0003857
301,gecyndum,<code>gecyndum</code>,1,0.0003857
301,gedon,<code>gedon</code>,1,0.0003857
301,gedrefed,<code>gedrefed</code>,1,0.0003857
301,gedrefede,<code>gedrefede</code>,1,0.0003857
301,gedyrstl&aelig;hte,<code>gedyrstl&amp;ae;hte</code>,1,0.0003857
301,geendodre,<code>geendodre</code>,1,0.0003857
301,geendunge,<code>geendunge</code>,1,0.0003857
301,gefeng,<code>gefeng</code>,1,0.0003857
301,geferum,<code>geferum</code>,1,0.0003857
301,gefn&aelig;du,<code>gefn&amp;ae;du</code>,1,0.0003857
301,gefredde,<code>gefredde</code>,1,0.0003857
301,gefylde,<code>gefylde</code>,1,0.0003857
301,gefylla&eth;,<code>gefylla&amp;d;</code>,1,0.0003857
301,gegadera&eth;,<code>gegadera&amp;d;</code>,1,0.0003857
301,geh&aelig;ft,<code>geh&amp;ae;ft</code>,1,0.0003857
301,geh&aelig;le,<code>geh&amp;ae;le</code>,1,0.0003857
301,geh&aelig;led,<code>geh&amp;ae;led</code>,1,0.0003857
301,geh&aelig;lede,<code>geh&amp;ae;lede</code>,1,0.0003857
301,gehealden,<code>gehealden</code>,1,0.0003857
301,gehelp,<code>gehelp</code>,1,0.0003857
301,geheold,<code>geheold</code>,1,0.0003857
301,geheolp,<code>geheolp</code>,1,0.0003857
301,gehylt,<code>gehylt</code>,1,0.0003857
301,gel&aelig;ccan,<code>gel&amp;ae;ccan</code>,1,0.0003857
301,gel&aelig;dde,<code>gel&amp;ae;dde</code>,1,0.0003857
301,gel&aelig;hte,<code>gel&amp;ae;hte</code>,1,0.0003857
301,geleaffulle,<code>geleaffulle</code>,1,0.0003857
301,geleaffulra,<code>geleaffulra</code>,1,0.0003857
301,geleafleas,<code>geleafleas</code>,1,0.0003857
301,gelicode,<code>gelicode</code>,1,0.0003857
301,gelome,<code>gelome</code>,1,0.0003857
301,gelyf&eth;,<code>gelyf&amp;d;</code>,1,0.0003857
301,gemot,<code>gemot</code>,1,0.0003857
301,geneal&aelig;hte,<code>geneal&amp;ae;hte</code>,1,0.0003857
301,genesar,<code>genesar</code>,1,0.0003857
301,geond,<code>geond</code>,1,0.0003857
301,geopenian,<code>geopenian</code>,1,0.0003857
301,georne,<code>georne</code>,1,0.0003857
301,ges&aelig;l&eth;,<code>ges&amp;ae;l&amp;d;</code>,1,0.0003857
301,ges&aelig;l&eth;e,<code>ges&amp;ae;l&amp;d;e</code>,1,0.0003857
301,gesawon,<code>gesawon</code>,1,0.0003857
301,gescryd,<code>gescryd</code>,1,0.0003857
301,gesenced,<code>gesenced</code>,1,0.0003857
301,geseo&eth;,<code>geseo&amp;d;</code>,1,0.0003857
301,gesette,<code>gesette</code>,1,0.0003857
301,gespr&aelig;c,<code>gespr&amp;ae;c</code>,1,0.0003857
301,gestilde,<code>gestilde</code>,1,0.0003857
301,geswencan,<code>geswencan</code>,1,0.0003857
301,getacna&eth;,<code>getacna&amp;d;</code>,1,0.0003857
301,getiged,<code>getiged</code>,1,0.0003857
301,getimbrunge,<code>getimbrunge</code>,1,0.0003857
301,getorfod,<code>getorfod</code>,1,0.0003857
301,geuntrumod,<code>geuntrumod</code>,1,0.0003857
301,gewende,<code>gewende</code>,1,0.0003857
301,gewilnast,<code>gewilnast</code>,1,0.0003857
301,gewilnunge,<code>gewilnunge</code>,1,0.0003857
301,godcundnys,<code>godcundnys</code>,1,0.0003857
301,godcundnysse,<code>godcundnysse</code>,1,0.0003857
301,gode,<code>gode</code>,1,0.0003857
301,godspel,<code>godspel</code>,1,0.0003857
301,godspelle,<code>godspelle</code>,1,0.0003857
301,godspelleres,<code>godspelleres</code>,1,0.0003857
301,gyte,<code>gyte</code>,1,0.0003857
301,gytsunge,<code>gytsunge</code>,1,0.0003857
301,h&aelig;fte,<code>h&amp;ae;fte</code>,1,0.0003857
301,h&aelig;l&eth;e,<code>h&amp;ae;l&amp;d;e</code>,1,0.0003857
301,h&aelig;lendes,<code>h&amp;ae;lendes</code>,1,0.0003857
301,h&aelig;lu,<code>h&amp;ae;lu</code>,1,0.0003857
301,h&aelig;se,<code>h&amp;ae;se</code>,1,0.0003857
301,h&aelig;tst,<code>h&amp;ae;tst</code>,1,0.0003857
301,habban,<code>habban</code>,1,0.0003857
301,hal,<code>hal</code>,1,0.0003857
301,halga,<code>halga</code>,1,0.0003857
301,halgan,<code>halgan</code>,1,0.0003857
301,halige,<code>halige</code>,1,0.0003857
301,hancred,<code>hancred</code>,1,0.0003857
301,hata&eth;,<code>hata&amp;d;</code>,1,0.0003857
301,hawa,<code>hawa</code>,1,0.0003857
301,heage,<code>heage</code>,1,0.0003857
301,heahnysse,<code>heahnysse</code>,1,0.0003857
301,healda&eth;,<code>healda&amp;d;</code>,1,0.0003857
301,healdenne,<code>healdenne</code>,1,0.0003857
301,heannysse,<code>heannysse</code>,1,0.0003857
301,heoldon,<code>heoldon</code>,1,0.0003857
301,heora,<code>heora</code>,1,0.0003857
301,heortan,<code>heortan</code>,1,0.0003857
301,heorte,<code>heorte</code>,1,0.0003857
301,her,<code>her</code>,1,0.0003857
301,historia,<code>historia</code>,1,0.0003857
301,hiw,<code>hiw</code>,1,0.0003857
301,hlafm&aelig;sse,<code>hlafm&amp;ae;sse</code>,1,0.0003857
301,hominis,<code>hominis</code>,1,0.0003857
301,hra&eth;e,<code>hra&amp;d;e</code>,1,0.0003857
301,hreohnys,<code>hreohnys</code>,1,0.0003857
301,hrepodon,<code>hrepodon</code>,1,0.0003857
301,hreppan,<code>hreppan</code>,1,0.0003857
301,hreppe,<code>hreppe</code>,1,0.0003857
301,hrepunge,<code>hrepunge</code>,1,0.0003857
301,hrymdon,<code>hrymdon</code>,1,0.0003857
301,hw&aelig;&eth;er,<code>hw&amp;ae;&amp;d;er</code>,1,0.0003857
301,hwile,<code>hwile</code>,1,0.0003857
301,hwilon,<code>hwilon</code>,1,0.0003857
301,hwilwendlice,<code>hwilwendlice</code>,1,0.0003857
301,hwo&eth;erode,<code>hwo&amp;d;erode</code>,1,0.0003857
301,hwy,<code>hwy</code>,1,0.0003857
301,hyra,<code>hyra</code>,1,0.0003857
301,iacobe,<code>iacobe</code>,1,0.0003857
301,iacobum,<code>iacobum</code>,1,0.0003857
301,iesus,<code>iesus</code>,1,0.0003857
301,iii,<code>iii</code>,1,0.0003857
301,inn,<code>inn</code>,1,0.0003857
301,inra,<code>inra</code>,1,0.0003857
301,into,<code>into</code>,1,0.0003857
301,isenan,<code>isenan</code>,1,0.0003857
301,item,<code>item</code>,1,0.0003857
301,iudeisces,<code>iudeisces</code>,1,0.0003857
301,iudeiscum,<code>iudeiscum</code>,1,0.0003857
301,iudicii,<code>iudicii</code>,1,0.0003857
301,iulii,<code>iulii</code>,1,0.0003857
301,iussit,<code>iussit</code>,1,0.0003857
301,kalendas,<code>kalendas</code>,1,0.0003857
301,l&aelig;dan,<code>l&amp;ae;dan</code>,1,0.0003857
301,l&aelig;g,<code>l&amp;ae;g</code>,1,0.0003857
301,l&aelig;s,<code>l&amp;ae;s</code>,1,0.0003857
301,l&aelig;sse,<code>l&amp;ae;sse</code>,1,0.0003857
301,l&aelig;wedum,<code>l&amp;ae;wedum</code>,1,0.0003857
301,la,<code>la</code>,1,0.0003857
301,landfolc,<code>landfolc</code>,1,0.0003857
301,leof,<code>leof</code>,1,0.0003857
301,leohte,<code>leohte</code>,1,0.0003857
301,leorna,<code>leorna</code>,1,0.0003857
301,leorningcnihta,<code>leorningcnihta</code>,1,0.0003857
301,leorningcnihtum,<code>leorningcnihtum</code>,1,0.0003857
301,leton,<code>leton</code>,1,0.0003857
301,lichaman,<code>lichaman</code>,1,0.0003857
301,life,<code>life</code>,1,0.0003857
301,lifigendan,<code>lifigendan</code>,1,0.0003857
301,lof,<code>lof</code>,1,0.0003857
301,losa&eth;,<code>losa&amp;d;</code>,1,0.0003857
301,lucas,<code>lucas</code>,1,0.0003857
301,lufe,<code>lufe</code>,1,0.0003857
301,lufigendras,<code>lufigendras</code>,1,0.0003857
301,lustfullungum,<code>lustfullungum</code>,1,0.0003857
301,lybbendra,<code>lybbendra</code>,1,0.0003857
301,lymum,<code>lymum</code>,1,0.0003857
301,m&aelig;den,<code>m&amp;ae;den</code>,1,0.0003857
301,m&aelig;ra,<code>m&amp;ae;ra</code>,1,0.0003857
301,marian,<code>marian</code>,1,0.0003857
301,martyras,<code>martyras</code>,1,0.0003857
301,matheus,<code>matheus</code>,1,0.0003857
301,membra,<code>membra</code>,1,0.0003857
301,menniscnys,<code>menniscnys</code>,1,0.0003857
301,menniscum,<code>menniscum</code>,1,0.0003857
301,meus,<code>meus</code>,1,0.0003857
301,micelre,<code>micelre</code>,1,0.0003857
301,middan,<code>middan</code>,1,0.0003857
301,middaneardes,<code>middaneardes</code>,1,0.0003857
301,mildheortnys,<code>mildheortnys</code>,1,0.0003857
301,mildheortnysse,<code>mildheortnysse</code>,1,0.0003857
301,misericordia,<code>misericordia</code>,1,0.0003857
301,mislicum,<code>mislicum</code>,1,0.0003857
301,moston,<code>moston</code>,1,0.0003857
301,motode,<code>motode</code>,1,0.0003857
301,motus,<code>motus</code>,1,0.0003857
301,n&aelig;nne,<code>n&amp;ae;nne</code>,1,0.0003857
301,n&aelig;re,<code>n&amp;ae;re</code>,1,0.0003857
301,na&eth;rum,<code>na&amp;d;rum</code>,1,0.0003857
301,nauiculam,<code>nauiculam</code>,1,0.0003857
301,nemo,<code>nemo</code>,1,0.0003857
301,nextan,<code>nextan</code>,1,0.0003857
301,niht,<code>niht</code>,1,0.0003857
301,nihtlicum,<code>nihtlicum</code>,1,0.0003857
301,nis,<code>nis</code>,1,0.0003857
301,nisi,<code>nisi</code>,1,0.0003857
301,nolde,<code>nolde</code>,1,0.0003857
301,o&eth;re,<code>o&amp;d;re</code>,1,0.0003857
301,of&eth;rinc&eth;,<code>of&amp;d;rinc&amp;d;</code>,1,0.0003857
301,ofereodon,<code>ofereodon</code>,1,0.0003857
301,oferrowan,<code>oferrowan</code>,1,0.0003857
301,oferswy&eth;an,<code>oferswy&amp;d;an</code>,1,0.0003857
301,oftr&aelig;d,<code>oftr&amp;ae;d</code>,1,0.0003857
301,oftret,<code>oftret</code>,1,0.0003857
301,oncnawa&eth;,<code>oncnawa&amp;d;</code>,1,0.0003857
301,oncneow,<code>oncneow</code>,1,0.0003857
301,ondr&aelig;denne,<code>ondr&amp;ae;denne</code>,1,0.0003857
301,ongan,<code>ongan</code>,1,0.0003857
301,ongann,<code>ongann</code>,1,0.0003857
301,onwreah,<code>onwreah</code>,1,0.0003857
301,open,<code>open</code>,1,0.0003857
301,ortruwa&eth;,<code>ortruwa&amp;d;</code>,1,0.0003857
301,paules,<code>paules</code>,1,0.0003857
301,pes,<code>pes</code>,1,0.0003857
301,petri,<code>petri</code>,1,0.0003857
301,petro,<code>petro</code>,1,0.0003857
301,pilate,<code>pilate</code>,1,0.0003857
301,pilatus,<code>pilatus</code>,1,0.0003857
301,pistol,<code>pistol</code>,1,0.0003857
301,populus,<code>populus</code>,1,0.0003857
301,precedere,<code>precedere</code>,1,0.0003857
301,quamuis,<code>quamuis</code>,1,0.0003857
301,racenteagan,<code>racenteagan</code>,1,0.0003857
301,racenteagum,<code>racenteagum</code>,1,0.0003857
301,racu,<code>racu</code>,1,0.0003857
301,reaf,<code>reaf</code>,1,0.0003857
301,reafe,<code>reafe</code>,1,0.0003857
301,rec&eth;,<code>rec&amp;d;</code>,1,0.0003857
301,recca&eth;,<code>recca&amp;d;</code>,1,0.0003857
301,rehte,<code>rehte</code>,1,0.0003857
301,reliqua,<code>reliqua</code>,1,0.0003857
301,reowon,<code>reowon</code>,1,0.0003857
301,rihtlice,<code>rihtlice</code>,1,0.0003857
301,rode,<code>rode</code>,1,0.0003857
301,ryne,<code>ryne</code>,1,0.0003857
301,s&aelig;don,<code>s&amp;ae;don</code>,1,0.0003857
301,samod,<code>samod</code>,1,0.0003857
301,sancti,<code>sancti</code>,1,0.0003857
301,sancto,<code>sancto</code>,1,0.0003857
301,sawla,<code>sawla</code>,1,0.0003857
301,sceo,<code>sceo</code>,1,0.0003857
301,sceoldon,<code>sceoldon</code>,1,0.0003857
301,scinende,<code>scinende</code>,1,0.0003857
301,scinnhiw,<code>scinnhiw</code>,1,0.0003857
301,scipmen,<code>scipmen</code>,1,0.0003857
301,sealde,<code>sealde</code>,1,0.0003857
301,secge,<code>secge</code>,1,0.0003857
301,secum,<code>secum</code>,1,0.0003857
301,seg&eth;,<code>seg&amp;d;</code>,1,0.0003857
301,sende,<code>sende</code>,1,0.0003857
301,sendon,<code>sendon</code>,1,0.0003857
301,si,<code>si</code>,1,0.0003857
301,sibbe,<code>sibbe</code>,1,0.0003857
301,sidan,<code>sidan</code>,1,0.0003857
301,sidoniscum,<code>sidoniscum</code>,1,0.0003857
301,significat,<code>significat</code>,1,0.0003857
301,simon,<code>simon</code>,1,0.0003857
301,sittende,<code>sittende</code>,1,0.0003857
301,sixtyne,<code>sixtyne</code>,1,0.0003857
301,slapende,<code>slapende</code>,1,0.0003857
301,slawe,<code>slawe</code>,1,0.0003857
301,sleges,<code>sleges</code>,1,0.0003857
301,smyltnys,<code>smyltnys</code>,1,0.0003857
301,smyltnysse,<code>smyltnysse</code>,1,0.0003857
301,solus,<code>solus</code>,1,0.0003857
301,sta&eth;elf&aelig;stnysse,<code>sta&amp;d;elf&amp;ae;stnysse</code>,1,0.0003857
301,stemne,<code>stemne</code>,1,0.0003857
301,sticode,<code>sticode</code>,1,0.0003857
301,stilnysse,<code>stilnysse</code>,1,0.0003857
301,stode,<code>stode</code>,1,0.0003857
301,stowe,<code>stowe</code>,1,0.0003857
301,strangum,<code>strangum</code>,1,0.0003857
301,strengra,<code>strengra</code>,1,0.0003857
301,stulor,<code>stulor</code>,1,0.0003857
301,stylnysse,<code>stylnysse</code>,1,0.0003857
301,styrung,<code>styrung</code>,1,0.0003857
301,styrunga,<code>styrunga</code>,1,0.0003857
301,sua,<code>sua</code>,1,0.0003857
301,sume,<code>sume</code>,1,0.0003857
301,sumere,<code>sumere</code>,1,0.0003857
301,suo,<code>suo</code>,1,0.0003857
301,suos,<code>suos</code>,1,0.0003857
301,swefen,<code>swefen</code>,1,0.0003857
301,swi&eth;ost,<code>swi&amp;d;ost</code>,1,0.0003857
301,swica,<code>swica</code>,1,0.0003857
301,swilce,<code>swilce</code>,1,0.0003857
301,swuncon,<code>swuncon</code>,1,0.0003857
301,sy&eth;&eth;an,<code>sy&amp;d;&amp;d;an</code>,1,0.0003857
301,sylfe,<code>sylfe</code>,1,0.0003857
301,sylfre,<code>sylfre</code>,1,0.0003857
301,synderlice,<code>synderlice</code>,1,0.0003857
301,synnum,<code>synnum</code>,1,0.0003857
301,tirum,<code>tirum</code>,1,0.0003857
301,tocyme,<code>tocyme</code>,1,0.0003857
301,tod&aelig;g,<code>tod&amp;ae;g</code>,1,0.0003857
301,toforl&aelig;tennysse,<code>toforl&amp;ae;tennysse</code>,1,0.0003857
301,togeanes,<code>togeanes</code>,1,0.0003857
301,tosprang,<code>tosprang</code>,1,0.0003857
301,towende,<code>towende</code>,1,0.0003857
301,tractauit,<code>tractauit</code>,1,0.0003857
301,trans,<code>trans</code>,1,0.0003857
301,trua,<code>trua</code>,1,0.0003857
301,trum,<code>trum</code>,1,0.0003857
301,truman,<code>truman</code>,1,0.0003857
301,trumnyss,<code>trumnyss</code>,1,0.0003857
301,trymminge,<code>trymminge</code>,1,0.0003857
301,tua,<code>tua</code>,1,0.0003857
301,turbas,<code>turbas</code>,1,0.0003857
301,twa,<code>twa</code>,1,0.0003857
301,twegra,<code>twegra</code>,1,0.0003857
301,twymode,<code>twymode</code>,1,0.0003857
301,underb&aelig;c,<code>underb&amp;ae;c</code>,1,0.0003857
301,underfeng,<code>underfeng</code>,1,0.0003857
301,undergyt,<code>undergyt</code>,1,0.0003857
301,understandenne,<code>understandenne</code>,1,0.0003857
301,unleaslice,<code>unleaslice</code>,1,0.0003857
301,unrihtwisnysse,<code>unrihtwisnysse</code>,1,0.0003857
301,unstrange,<code>unstrange</code>,1,0.0003857
301,unstrangum,<code>unstrangum</code>,1,0.0003857
301,unstrengra,<code>unstrengra</code>,1,0.0003857
301,untrume,<code>untrume</code>,1,0.0003857
301,untrumne,<code>untrumne</code>,1,0.0003857
301,untrumnyssa,<code>untrumnyssa</code>,1,0.0003857
301,untwylice,<code>untwylice</code>,1,0.0003857
301,unus,<code>unus</code>,1,0.0003857
301,ures,<code>ures</code>,1,0.0003857
301,urum,<code>urum</code>,1,0.0003857
301,w&aelig;cce,<code>w&amp;ae;cce</code>,1,0.0003857
301,wat,<code>wat</code>,1,0.0003857
301,weardas,<code>weardas</code>,1,0.0003857
301,weardsetl,<code>weardsetl</code>,1,0.0003857
301,wede,<code>wede</code>,1,0.0003857
301,wel,<code>wel</code>,1,0.0003857
301,wena&eth;,<code>wena&amp;d;</code>,1,0.0003857
301,wendon,<code>wendon</code>,1,0.0003857
301,weorcum,<code>weorcum</code>,1,0.0003857
301,werede,<code>werede</code>,1,0.0003857
301,weredes,<code>weredes</code>,1,0.0003857
301,weres,<code>weres</code>,1,0.0003857
301,werod,<code>werod</code>,1,0.0003857
301,westene,<code>westene</code>,1,0.0003857
301,wi&eth;err&aelig;de,<code>wi&amp;d;err&amp;ae;de</code>,1,0.0003857
301,wic,<code>wic</code>,1,0.0003857
301,wif,<code>wif</code>,1,0.0003857
301,wife,<code>wife</code>,1,0.0003857
301,wile,<code>wile</code>,1,0.0003857
301,windige,<code>windige</code>,1,0.0003857
301,witegan,<code>witegan</code>,1,0.0003857
301,wordum,<code>wordum</code>,1,0.0003857
301,worulda,<code>worulda</code>,1,0.0003857
301,woruldlican,<code>woruldlican</code>,1,0.0003857
301,woruldlicum,<code>woruldlicum</code>,1,0.0003857
301,woruldmenn,<code>woruldmenn</code>,1,0.0003857
301,wuldor,<code>wuldor</code>,1,0.0003857
301,wunderlice,<code>wunderlice</code>,1,0.0003857
301,wundrodon,<code>wundrodon</code>,1,0.0003857
301,wunigende,<code>wunigende</code>,1,0.0003857
301,wur&eth;ia&eth;,<code>wur&amp;d;ia&amp;d;</code>,1,0.0003857
301,wur&eth;mynt,<code>wur&amp;d;mynt</code>,1,0.0003857
301,wylle,<code>wylle</code>,1,0.0003857
301,wyrmum,<code>wyrmum</code>,1,0.0003857
301,y&eth;a,<code>y&amp;d;a</code>,1,0.0003857
301,y&eth;igende,<code>y&amp;d;igende</code>,1,0.0003857
301,yfelre,<code>yfelre</code>,1,0.0003857
301,ymbe,<code>ymbe</code>,1,0.0003857
