B_Prose,B01,B01.003.003_AELS__Eugenia__T03030.txt,1106,783,3002
RANK,HTML WORD,RAW WORD,COUNT,RELATIVE FREQUENCY
1,and,<code>and</code>,185,0.0616256
2,&thorn;a,<code>&amp;t;a</code>,94,0.0313125
3,on,<code>on</code>,85,0.0283145
4,&thorn;&aelig;t,<code>&amp;t;&amp;ae;t</code>,74,0.0246502
5,hi,<code>hi</code>,69,0.0229847
6,mid,<code>mid</code>,67,0.0223185
7,to,<code>to</code>,64,0.0213191
8,heo,<code>heo</code>,56,0.0186542
9,hyre,<code>hyre</code>,48,0.0159893
10,&eth;a,<code>&amp;d;a</code>,42,0.0139907
11,&thorn;am,<code>&amp;t;am</code>,32,0.0106596
12,se,<code>se</code>,29,0.0096602
13,&thorn;e,<code>&amp;t;e</code>,27,0.0089940
14,seo,<code>seo</code>,22,0.0073284
14,swa,<code>swa</code>,22,0.0073284
16,&eth;am,<code>&amp;d;am</code>,21,0.0069953
16,eugenia,<code>eugenia</code>,21,0.0069953
16,wear&eth;,<code>wear&amp;d;</code>,21,0.0069953
19,he,<code>he</code>,18,0.0059960
20,ac,<code>ac</code>,16,0.0053298
20,w&aelig;s,<code>w&amp;ae;s</code>,16,0.0053298
22,ealle,<code>ealle</code>,15,0.0049967
22,philippus,<code>philippus</code>,15,0.0049967
24,&thorn;&aelig;s,<code>&amp;t;&amp;ae;s</code>,14,0.0046636
24,cw&aelig;&eth;,<code>cw&amp;ae;&amp;d;</code>,14,0.0046636
24,eugenian,<code>eugenian</code>,14,0.0046636
24,ne,<code>ne</code>,14,0.0046636
28,&thorn;&aelig;re,<code>&amp;t;&amp;ae;re</code>,13,0.0043304
28,&thorn;eah,<code>&amp;t;eah</code>,13,0.0043304
28,his,<code>his</code>,13,0.0043304
28,wolde,<code>wolde</code>,13,0.0043304
32,&thorn;urh,<code>&amp;t;urh</code>,12,0.0039973
32,cristenan,<code>cristenan</code>,12,0.0039973
32,eac,<code>eac</code>,12,0.0039973
32,het,<code>het</code>,12,0.0039973
32,him,<code>him</code>,12,0.0039973
32,w&aelig;re,<code>w&amp;ae;re</code>,12,0.0039973
38,casere,<code>casere</code>,11,0.0036642
38,halgan,<code>halgan</code>,11,0.0036642
38,heora,<code>heora</code>,11,0.0036642
38,ic,<code>ic</code>,11,0.0036642
42,for,<code>for</code>,10,0.0033311
42,m&aelig;den,<code>m&amp;ae;den</code>,10,0.0033311
44,com,<code>com</code>,9,0.0029980
44,f&aelig;der,<code>f&amp;ae;der</code>,9,0.0029980
46,&aelig;fter,<code>&amp;ae;fter</code>,8,0.0026649
46,&eth;&aelig;re,<code>&amp;d;&amp;ae;re</code>,8,0.0026649
46,crist,<code>crist</code>,8,0.0026649
46,geleafan,<code>geleafan</code>,8,0.0026649
46,hit,<code>hit</code>,8,0.0026649
46,hw&aelig;t,<code>hw&amp;ae;t</code>,8,0.0026649
46,mycclum,<code>mycclum</code>,8,0.0026649
46,sona,<code>sona</code>,8,0.0026649
54,&aelig;t,<code>&amp;ae;t</code>,7,0.0023318
54,&thorn;&aelig;r,<code>&amp;t;&amp;ae;r</code>,7,0.0023318
54,&thorn;u,<code>&amp;t;u</code>,7,0.0023318
54,&thorn;ysum,<code>&amp;t;ysum</code>,7,0.0023318
54,byrig,<code>byrig</code>,7,0.0023318
54,gehaten,<code>gehaten</code>,7,0.0023318
54,godes,<code>godes</code>,7,0.0023318
54,lare,<code>lare</code>,7,0.0023318
54,m&aelig;dene,<code>m&amp;ae;dene</code>,7,0.0023318
54,of,<code>of</code>,7,0.0023318
54,w&aelig;ron,<code>w&amp;ae;ron</code>,7,0.0023318
54,wurdon,<code>wurdon</code>,7,0.0023318
66,&aelig;r,<code>&amp;ae;r</code>,6,0.0019987
66,basilla,<code>basilla</code>,6,0.0019987
66,be,<code>be</code>,6,0.0019987
66,claudia,<code>claudia</code>,6,0.0019987
66,criste,<code>criste</code>,6,0.0019987
66,fram,<code>fram</code>,6,0.0019987
66,godum,<code>godum</code>,6,0.0019987
66,h&aelig;fde,<code>h&amp;ae;fde</code>,6,0.0019987
66,hu,<code>hu</code>,6,0.0019987
66,mode,<code>mode</code>,6,0.0019987
66,modor,<code>modor</code>,6,0.0019987
66,mycelre,<code>mycelre</code>,6,0.0019987
66,n&aelig;s,<code>n&amp;ae;s</code>,6,0.0019987
66,swi&eth;e,<code>swi&amp;d;e</code>,6,0.0019987
66,tw&aelig;gen,<code>tw&amp;ae;gen</code>,6,0.0019987
81,&aelig;hta,<code>&amp;ae;hta</code>,5,0.0016656
81,&eth;e,<code>&amp;d;e</code>,5,0.0016656
81,&thorn;one,<code>&amp;t;one</code>,5,0.0016656
81,cnihtas,<code>cnihtas</code>,5,0.0016656
81,cristes,<code>cristes</code>,5,0.0016656
81,eall,<code>eall</code>,5,0.0016656
81,eallum,<code>eallum</code>,5,0.0016656
81,et,<code>et</code>,5,0.0016656
81,gebro&eth;ra,<code>gebro&amp;d;ra</code>,5,0.0016656
81,geond,<code>geond</code>,5,0.0016656
81,gif,<code>gif</code>,5,0.0016656
81,gode,<code>gode</code>,5,0.0016656
81,h&aelig;lend,<code>h&amp;ae;lend</code>,5,0.0016656
81,hine,<code>hine</code>,5,0.0016656
81,hire,<code>hire</code>,5,0.0016656
81,is,<code>is</code>,5,0.0016656
81,mannum,<code>mannum</code>,5,0.0016656
81,melantian,<code>melantian</code>,5,0.0016656
81,min,<code>min</code>,5,0.0016656
81,o&eth;,<code>o&amp;d;</code>,5,0.0016656
81,rome,<code>rome</code>,5,0.0016656
81,wif,<code>wif</code>,5,0.0016656
103,&thorn;&aelig;ra,<code>&amp;t;&amp;ae;ra</code>,4,0.0013324
103,asende,<code>asende</code>,4,0.0013324
103,auitus,<code>auitus</code>,4,0.0013324
103,b&aelig;d,<code>b&amp;ae;d</code>,4,0.0013324
103,bisceop,<code>bisceop</code>,4,0.0013324
103,biscop,<code>biscop</code>,4,0.0013324
103,blysse,<code>blysse</code>,4,0.0013324
103,dohtor,<code>dohtor</code>,4,0.0013324
103,drohtnunge,<code>drohtnunge</code>,4,0.0013324
103,god,<code>god</code>,4,0.0013324
103,halige,<code>halige</code>,4,0.0013324
103,hiwe,<code>hiwe</code>,4,0.0013324
103,iacinctus,<code>iacinctus</code>,4,0.0013324
103,life,<code>life</code>,4,0.0013324
103,m&aelig;g&eth;hade,<code>m&amp;ae;g&amp;d;hade</code>,4,0.0013324
103,man,<code>man</code>,4,0.0013324
103,me,<code>me</code>,4,0.0013324
103,mihte,<code>mihte</code>,4,0.0013324
103,o&eth;&eth;e,<code>o&amp;d;&amp;d;e</code>,4,0.0013324
103,protus,<code>protus</code>,4,0.0013324
103,sceolde,<code>sceolde</code>,4,0.0013324
103,sum,<code>sum</code>,4,0.0013324
103,we,<code>we</code>,4,0.0013324
103,wordum,<code>wordum</code>,4,0.0013324
127,&aelig;lmihtigan,<code>&amp;ae;lmihtigan</code>,3,0.0009993
127,&eth;as,<code>&amp;d;as</code>,3,0.0009993
127,&eth;u,<code>&amp;d;u</code>,3,0.0009993
127,&eth;urh,<code>&amp;d;urh</code>,3,0.0009993
127,&thorn;in,<code>&amp;t;in</code>,3,0.0009993
127,&thorn;ine,<code>&amp;t;ine</code>,3,0.0009993
127,&thorn;is,<code>&amp;t;is</code>,3,0.0009993
127,afylled,<code>afylled</code>,3,0.0009993
127,alexandrian,<code>alexandrian</code>,3,0.0009993
127,becom,<code>becom</code>,3,0.0009993
127,becoman,<code>becoman</code>,3,0.0009993
127,beon,<code>beon</code>,3,0.0009993
127,bisceope,<code>bisceope</code>,3,0.0009993
127,butan,<code>butan</code>,3,0.0009993
127,cniht,<code>cniht</code>,3,0.0009993
127,cristenra,<code>cristenra</code>,3,0.0009993
127,d&aelig;ge,<code>d&amp;ae;ge</code>,3,0.0009993
127,drihten,<code>drihten</code>,3,0.0009993
127,drihtne,<code>drihtne</code>,3,0.0009993
127,f&aelig;la,<code>f&amp;ae;la</code>,3,0.0009993
127,for&eth;an,<code>for&amp;d;an</code>,3,0.0009993
127,gebroht,<code>gebroht</code>,3,0.0009993
127,gecoren,<code>gecoren</code>,3,0.0009993
127,gecyged,<code>gecyged</code>,3,0.0009993
127,gefullode,<code>gefullode</code>,3,0.0009993
127,gelome,<code>gelome</code>,3,0.0009993
127,gelyfde,<code>gelyfde</code>,3,0.0009993
127,ges&aelig;d,<code>ges&amp;ae;d</code>,3,0.0009993
127,gewat,<code>gewat</code>,3,0.0009993
127,golde,<code>golde</code>,3,0.0009993
127,gyt,<code>gyt</code>,3,0.0009993
127,h&aelig;&eth;enan,<code>h&amp;ae;&amp;d;enan</code>,3,0.0009993
127,h&aelig;&eth;enscype,<code>h&amp;ae;&amp;d;enscype</code>,3,0.0009993
127,heofonum,<code>heofonum</code>,3,0.0009993
127,hyra,<code>hyra</code>,3,0.0009993
127,leasan,<code>leasan</code>,3,0.0009993
127,lifes,<code>lifes</code>,3,0.0009993
127,lustas,<code>lustas</code>,3,0.0009993
127,m&aelig;denes,<code>m&amp;ae;denes</code>,3,0.0009993
127,m&aelig;ran,<code>m&amp;ae;ran</code>,3,0.0009993
127,menn,<code>menn</code>,3,0.0009993
127,mine,<code>mine</code>,3,0.0009993
127,mod,<code>mod</code>,3,0.0009993
127,philippum,<code>philippum</code>,3,0.0009993
127,romaniscan,<code>romaniscan</code>,3,0.0009993
127,s&aelig;don,<code>s&amp;ae;don</code>,3,0.0009993
127,s&aelig;rgius,<code>s&amp;ae;rgius</code>,3,0.0009993
127,si&eth;&eth;an,<code>si&amp;d;&amp;d;an</code>,3,0.0009993
127,so&eth;,<code>so&amp;d;</code>,3,0.0009993
127,so&eth;lice,<code>so&amp;d;lice</code>,3,0.0009993
127,suna,<code>suna</code>,3,0.0009993
127,sylfe,<code>sylfe</code>,3,0.0009993
127,synd,<code>synd</code>,3,0.0009993
127,twam,<code>twam</code>,3,0.0009993
127,w&aelig;rlicum,<code>w&amp;ae;rlicum</code>,3,0.0009993
127,wurde,<code>wurde</code>,3,0.0009993
127,wydewe,<code>wydewe</code>,3,0.0009993
127,wyllan,<code>wyllan</code>,3,0.0009993
127,wytan,<code>wytan</code>,3,0.0009993
127,wytum,<code>wytum</code>,3,0.0009993
187,&aelig;fre,<code>&amp;ae;fre</code>,2,0.0006662
187,&aelig;tforan,<code>&amp;ae;tforan</code>,2,0.0006662
187,&eth;eah,<code>&amp;d;eah</code>,2,0.0006662
187,&eth;one,<code>&amp;d;one</code>,2,0.0006662
187,&thorn;earfum,<code>&amp;t;earfum</code>,2,0.0006662
187,&thorn;earle,<code>&amp;t;earle</code>,2,0.0006662
187,&thorn;isne,<code>&amp;t;isne</code>,2,0.0006662
187,&thorn;issere,<code>&amp;t;issere</code>,2,0.0006662
187,&thorn;isum,<code>&amp;t;isum</code>,2,0.0006662
187,&thorn;onne,<code>&amp;t;onne</code>,2,0.0006662
187,&thorn;uruh,<code>&amp;t;uruh</code>,2,0.0006662
187,&thorn;us,<code>&amp;t;us</code>,2,0.0006662
187,a&eth;e,<code>a&amp;d;e</code>,2,0.0006662
187,acw&aelig;llan,<code>acw&amp;ae;llan</code>,2,0.0006662
187,acwealde,<code>acwealde</code>,2,0.0006662
187,aflygde,<code>aflygde</code>,2,0.0006662
187,alexandria,<code>alexandria</code>,2,0.0006662
187,ameldod,<code>ameldod</code>,2,0.0006662
187,ardlice,<code>ardlice</code>,2,0.0006662
187,awend,<code>awend</code>,2,0.0006662
187,ba&eth;u,<code>ba&amp;d;u</code>,2,0.0006662
187,bead,<code>bead</code>,2,0.0006662
187,bebead,<code>bebead</code>,2,0.0006662
187,bebyrgdon,<code>bebyrgdon</code>,2,0.0006662
187,beo,<code>beo</code>,2,0.0006662
187,bescufan,<code>bescufan</code>,2,0.0006662
187,blindum,<code>blindum</code>,2,0.0006662
187,brydguman,<code>brydguman</code>,2,0.0006662
187,bysmorfullum,<code>bysmorfullum</code>,2,0.0006662
187,cl&aelig;ne,<code>cl&amp;ae;ne</code>,2,0.0006662
187,cl&aelig;nnysse,<code>cl&amp;ae;nnysse</code>,2,0.0006662
187,claudian,<code>claudian</code>,2,0.0006662
187,clypode,<code>clypode</code>,2,0.0006662
187,cnihtum,<code>cnihtum</code>,2,0.0006662
187,cristendom,<code>cristendom</code>,2,0.0006662
187,cwearterne,<code>cwearterne</code>,2,0.0006662
187,cydde,<code>cydde</code>,2,0.0006662
187,cyrcum,<code>cyrcum</code>,2,0.0006662
187,d&aelig;g,<code>d&amp;ae;g</code>,2,0.0006662
187,d&aelig;lde,<code>d&amp;ae;lde</code>,2,0.0006662
187,daga,<code>daga</code>,2,0.0006662
187,dema,<code>dema</code>,2,0.0006662
187,deman,<code>deman</code>,2,0.0006662
187,deofla,<code>deofla</code>,2,0.0006662
187,deofles,<code>deofles</code>,2,0.0006662
187,digolnysse,<code>digolnysse</code>,2,0.0006662
187,dorste,<code>dorste</code>,2,0.0006662
187,ealra,<code>ealra</code>,2,0.0006662
187,ende,<code>ende</code>,2,0.0006662
187,eom,<code>eom</code>,2,0.0006662
187,eow,<code>eow</code>,2,0.0006662
187,est,<code>est</code>,2,0.0006662
187,f&aelig;mne,<code>f&amp;ae;mne</code>,2,0.0006662
187,f&aelig;rde,<code>f&amp;ae;rde</code>,2,0.0006662
187,f&aelig;rdon,<code>f&amp;ae;rdon</code>,2,0.0006662
187,folc,<code>folc</code>,2,0.0006662
187,fulan,<code>fulan</code>,2,0.0006662
187,fyr,<code>fyr</code>,2,0.0006662
187,geare,<code>geare</code>,2,0.0006662
187,gebolgen,<code>gebolgen</code>,2,0.0006662
187,gehyran,<code>gehyran</code>,2,0.0006662
187,gel&aelig;dde,<code>gel&amp;ae;dde</code>,2,0.0006662
187,gemartyrod,<code>gemartyrod</code>,2,0.0006662
187,geneosode,<code>geneosode</code>,2,0.0006662
187,geoffrian,<code>geoffrian</code>,2,0.0006662
187,gerefa,<code>gerefa</code>,2,0.0006662
187,ges&aelig;tton,<code>ges&amp;ae;tton</code>,2,0.0006662
187,geseah,<code>geseah</code>,2,0.0006662
187,gespr&aelig;c,<code>gespr&amp;ae;c</code>,2,0.0006662
187,getogen,<code>getogen</code>,2,0.0006662
187,geu&eth;e,<code>geu&amp;d;e</code>,2,0.0006662
187,godas,<code>godas</code>,2,0.0006662
187,gydenan,<code>gydenan</code>,2,0.0006662
187,h&aelig;lende,<code>h&amp;ae;lende</code>,2,0.0006662
187,habban,<code>habban</code>,2,0.0006662
187,halgen,<code>halgen</code>,2,0.0006662
187,halgena,<code>halgena</code>,2,0.0006662
187,ham,<code>ham</code>,2,0.0006662
187,hate,<code>hate</code>,2,0.0006662
187,heardum,<code>heardum</code>,2,0.0006662
187,heofonlicum,<code>heofonlicum</code>,2,0.0006662
187,heold,<code>heold</code>,2,0.0006662
187,hl&aelig;fdian,<code>hl&amp;ae;fdian</code>,2,0.0006662
187,iacinctum,<code>iacinctum</code>,2,0.0006662
187,l&aelig;ces,<code>l&amp;ae;ces</code>,2,0.0006662
187,lande,<code>lande</code>,2,0.0006662
187,leasum,<code>leasum</code>,2,0.0006662
187,leofan,<code>leofan</code>,2,0.0006662
187,m&aelig;dena,<code>m&amp;ae;dena</code>,2,0.0006662
187,m&aelig;denu,<code>m&amp;ae;denu</code>,2,0.0006662
187,m&aelig;g&eth;had,<code>m&amp;ae;g&amp;d;had</code>,2,0.0006662
187,manega,<code>manega</code>,2,0.0006662
187,melantia,<code>melantia</code>,2,0.0006662
187,micclum,<code>micclum</code>,2,0.0006662
187,n&aelig;fre,<code>n&amp;ae;fre</code>,2,0.0006662
187,n&aelig;nne,<code>n&amp;ae;nne</code>,2,0.0006662
187,na,<code>na</code>,2,0.0006662
187,nihtes,<code>nihtes</code>,2,0.0006662
187,nolde,<code>nolde</code>,2,0.0006662
187,nu,<code>nu</code>,2,0.0006662
187,o&eth;&thorn;&aelig;t,<code>o&amp;d;&amp;t;&amp;ae;t</code>,2,0.0006662
187,o&eth;erne,<code>o&amp;d;erne</code>,2,0.0006662
187,o&eth;re,<code>o&amp;d;re</code>,2,0.0006662
187,o&thorn;&thorn;&aelig;t,<code>o&amp;t;&amp;t;&amp;ae;t</code>,2,0.0006662
187,onbryrd,<code>onbryrd</code>,2,0.0006662
187,philippe,<code>philippe</code>,2,0.0006662
187,protum,<code>protum</code>,2,0.0006662
187,s&aelig;cgan,<code>s&amp;ae;cgan</code>,2,0.0006662
187,s&aelig;de,<code>s&amp;ae;de</code>,2,0.0006662
187,sarnysse,<code>sarnysse</code>,2,0.0006662
187,sceattas,<code>sceattas</code>,2,0.0006662
187,sceoldon,<code>sceoldon</code>,2,0.0006662
187,scyre,<code>scyre</code>,2,0.0006662
187,si&thorn;&thorn;an,<code>si&amp;t;&amp;t;an</code>,2,0.0006662
187,so&eth;an,<code>so&amp;d;an</code>,2,0.0006662
187,swylce,<code>swylce</code>,2,0.0006662
187,sy,<code>sy</code>,2,0.0006662
187,sylf,<code>sylf</code>,2,0.0006662
187,synt,<code>synt</code>,2,0.0006662
187,twa,<code>twa</code>,2,0.0006662
187,u&eth;wytegunge,<code>u&amp;d;wytegunge</code>,2,0.0006662
187,uncu&eth;,<code>uncu&amp;d;</code>,2,0.0006662
187,up,<code>up</code>,2,0.0006662
187,us,<code>us</code>,2,0.0006662
187,wel,<code>wel</code>,2,0.0006662
187,wende,<code>wende</code>,2,0.0006662
187,wi&eth;,<code>wi&amp;d;</code>,2,0.0006662
187,wogere,<code>wogere</code>,2,0.0006662
187,woldest,<code>woldest</code>,2,0.0006662
187,word,<code>word</code>,2,0.0006662
187,worulde,<code>worulde</code>,2,0.0006662
187,wudewan,<code>wudewan</code>,2,0.0006662
187,wunode,<code>wunode</code>,2,0.0006662
187,wunodon,<code>wunodon</code>,2,0.0006662
187,wur&eth;ode,<code>wur&amp;d;ode</code>,2,0.0006662
187,wyln,<code>wyln</code>,2,0.0006662
187,ylcan,<code>ylcan</code>,2,0.0006662
324,&aelig;&eth;elan,<code>&amp;ae;&amp;d;elan</code>,1,0.0003331
324,&aelig;&eth;elboren,<code>&amp;ae;&amp;d;elboren</code>,1,0.0003331
324,&aelig;&eth;ele,<code>&amp;ae;&amp;d;ele</code>,1,0.0003331
324,&aelig;&thorn;elboren,<code>&amp;ae;&amp;t;elboren</code>,1,0.0003331
324,&aelig;&thorn;elborennyss,<code>&amp;ae;&amp;t;elborennyss</code>,1,0.0003331
324,&aelig;&thorn;ele,<code>&amp;ae;&amp;t;ele</code>,1,0.0003331
324,&aelig;gyfto,<code>&amp;ae;gyfto</code>,1,0.0003331
324,&aelig;gyptisce,<code>&amp;ae;gyptisce</code>,1,0.0003331
324,&aelig;htnyss,<code>&amp;ae;htnyss</code>,1,0.0003331
324,&aelig;htnyssa,<code>&amp;ae;htnyssa</code>,1,0.0003331
324,&aelig;htnysse,<code>&amp;ae;htnysse</code>,1,0.0003331
324,&aelig;htum,<code>&amp;ae;htum</code>,1,0.0003331
324,&aelig;lmihtiga,<code>&amp;ae;lmihtiga</code>,1,0.0003331
324,&aelig;nde,<code>&amp;ae;nde</code>,1,0.0003331
324,&aelig;nige,<code>&amp;ae;nige</code>,1,0.0003331
324,&aelig;niges,<code>&amp;ae;niges</code>,1,0.0003331
324,&aelig;nne,<code>&amp;ae;nne</code>,1,0.0003331
324,&aelig;rende,<code>&amp;ae;rende</code>,1,0.0003331
324,&aelig;t&aelig;wde,<code>&amp;ae;t&amp;ae;wde</code>,1,0.0003331
324,&eth;&aelig;gn,<code>&amp;d;&amp;ae;gn</code>,1,0.0003331
324,&eth;&aelig;r,<code>&amp;d;&amp;ae;r</code>,1,0.0003331
324,&eth;&aelig;s,<code>&amp;d;&amp;ae;s</code>,1,0.0003331
324,&eth;&aelig;t,<code>&amp;d;&amp;ae;t</code>,1,0.0003331
324,&eth;ine,<code>&amp;d;ine</code>,1,0.0003331
324,&eth;ing,<code>&amp;d;ing</code>,1,0.0003331
324,&eth;ison,<code>&amp;d;ison</code>,1,0.0003331
324,&eth;rowian,<code>&amp;d;rowian</code>,1,0.0003331
324,&eth;ry,<code>&amp;d;ry</code>,1,0.0003331
324,&eth;ysum,<code>&amp;d;ysum</code>,1,0.0003331
324,&thorn;&aelig;gn,<code>&amp;t;&amp;ae;gn</code>,1,0.0003331
324,&thorn;an,<code>&amp;t;an</code>,1,0.0003331
324,&thorn;anciende,<code>&amp;t;anciende</code>,1,0.0003331
324,&thorn;as,<code>&amp;t;as</code>,1,0.0003331
324,&thorn;eawum,<code>&amp;t;eawum</code>,1,0.0003331
324,&thorn;eostra,<code>&amp;t;eostra</code>,1,0.0003331
324,&thorn;eostrum,<code>&amp;t;eostrum</code>,1,0.0003331
324,&thorn;eowan,<code>&amp;t;eowan</code>,1,0.0003331
324,&thorn;eowdome,<code>&amp;t;eowdome</code>,1,0.0003331
324,&thorn;eowdon,<code>&amp;t;eowdon</code>,1,0.0003331
324,&thorn;eowian,<code>&amp;t;eowian</code>,1,0.0003331
324,&thorn;es,<code>&amp;t;es</code>,1,0.0003331
324,&thorn;ider,<code>&amp;t;ider</code>,1,0.0003331
324,&thorn;inene,<code>&amp;t;inene</code>,1,0.0003331
324,&thorn;inge,<code>&amp;t;inge</code>,1,0.0003331
324,&thorn;reora,<code>&amp;t;reora</code>,1,0.0003331
324,&thorn;ry,<code>&amp;t;ry</code>,1,0.0003331
324,&thorn;rym,<code>&amp;t;rym</code>,1,0.0003331
324,&thorn;urhwunade,<code>&amp;t;urhwunade</code>,1,0.0003331
324,&thorn;urhwunodon,<code>&amp;t;urhwunodon</code>,1,0.0003331
324,&thorn;yssere,<code>&amp;t;yssere</code>,1,0.0003331
324,a&thorn;e,<code>a&amp;t;e</code>,1,0.0003331
324,abbod,<code>abbod</code>,1,0.0003331
324,abbude,<code>abbude</code>,1,0.0003331
324,abead,<code>abead</code>,1,0.0003331
324,abude,<code>abude</code>,1,0.0003331
324,acl&aelig;nsian,<code>acl&amp;ae;nsian</code>,1,0.0003331
324,acolode,<code>acolode</code>,1,0.0003331
324,acw&aelig;nced,<code>acw&amp;ae;nced</code>,1,0.0003331
324,acwellan,<code>acwellan</code>,1,0.0003331
324,adr&aelig;fde,<code>adr&amp;ae;fde</code>,1,0.0003331
324,adw&aelig;scte,<code>adw&amp;ae;scte</code>,1,0.0003331
324,affrican,<code>affrican</code>,1,0.0003331
324,afyrht,<code>afyrht</code>,1,0.0003331
324,agen,<code>agen</code>,1,0.0003331
324,agene,<code>agene</code>,1,0.0003331
324,agenre,<code>agenre</code>,1,0.0003331
324,agenum,<code>agenum</code>,1,0.0003331
324,ahon,<code>ahon</code>,1,0.0003331
324,ahr&aelig;dde,<code>ahr&amp;ae;dde</code>,1,0.0003331
324,ahredde,<code>ahredde</code>,1,0.0003331
324,akennednysse,<code>akennednysse</code>,1,0.0003331
324,alexandiscre,<code>alexandiscre</code>,1,0.0003331
324,ameldian,<code>ameldian</code>,1,0.0003331
324,amen,<code>amen</code>,1,0.0003331
324,an,<code>an</code>,1,0.0003331
324,ana,<code>ana</code>,1,0.0003331
324,andsware,<code>andsware</code>,1,0.0003331
324,andw&aelig;rden,<code>andw&amp;ae;rden</code>,1,0.0003331
324,andweardan,<code>andweardan</code>,1,0.0003331
324,andwyrde,<code>andwyrde</code>,1,0.0003331
324,ane,<code>ane</code>,1,0.0003331
324,anlicnyssa,<code>anlicnyssa</code>,1,0.0003331
324,anlicnysse,<code>anlicnysse</code>,1,0.0003331
324,anlicnyssum,<code>anlicnyssum</code>,1,0.0003331
324,anlycnysse,<code>anlycnysse</code>,1,0.0003331
324,anmodlice,<code>anmodlice</code>,1,0.0003331
324,anne,<code>anne</code>,1,0.0003331
324,anum,<code>anum</code>,1,0.0003331
324,apostoles,<code>apostoles</code>,1,0.0003331
324,arf&aelig;stan,<code>arf&amp;ae;stan</code>,1,0.0003331
324,asend,<code>asend</code>,1,0.0003331
324,asmi&eth;igen,<code>asmi&amp;d;igen</code>,1,0.0003331
324,aspaw,<code>aspaw</code>,1,0.0003331
324,asteald,<code>asteald</code>,1,0.0003331
324,astyred,<code>astyred</code>,1,0.0003331
324,attor,<code>attor</code>,1,0.0003331
324,auitum,<code>auitum</code>,1,0.0003331
324,autem,<code>autem</code>,1,0.0003331
324,aw&aelig;gan,<code>aw&amp;ae;gan</code>,1,0.0003331
324,awr&aelig;ce,<code>awr&amp;ae;ce</code>,1,0.0003331
324,axoden,<code>axoden</code>,1,0.0003331
324,axude,<code>axude</code>,1,0.0003331
324,basillan,<code>basillan</code>,1,0.0003331
324,bebode,<code>bebode</code>,1,0.0003331
324,beclypte,<code>beclypte</code>,1,0.0003331
324,bediglian,<code>bediglian</code>,1,0.0003331
324,bedyrndon,<code>bedyrndon</code>,1,0.0003331
324,beeode,<code>beeode</code>,1,0.0003331
324,bef&aelig;ste,<code>bef&amp;ae;ste</code>,1,0.0003331
324,befangen,<code>befangen</code>,1,0.0003331
324,begann,<code>begann</code>,1,0.0003331
324,beh&aelig;fdian,<code>beh&amp;ae;fdian</code>,1,0.0003331
324,beladian,<code>beladian</code>,1,0.0003331
324,belisnode,<code>belisnode</code>,1,0.0003331
324,ben&aelig;med,<code>ben&amp;ae;med</code>,1,0.0003331
324,bendum,<code>bendum</code>,1,0.0003331
324,bep&aelig;ce&eth;,<code>bep&amp;ae;ce&amp;d;</code>,1,0.0003331
324,besanc,<code>besanc</code>,1,0.0003331
324,besmytene,<code>besmytene</code>,1,0.0003331
324,bestodon,<code>bestodon</code>,1,0.0003331
324,beswican,<code>beswican</code>,1,0.0003331
324,biddende,<code>biddende</code>,1,0.0003331
324,bigengum,<code>bigengum</code>,1,0.0003331
324,bigleofan,<code>bigleofan</code>,1,0.0003331
324,bigleofon,<code>bigleofon</code>,1,0.0003331
324,binnan,<code>binnan</code>,1,0.0003331
324,biscope,<code>biscope</code>,1,0.0003331
324,bismorlicum,<code>bismorlicum</code>,1,0.0003331
324,bist,<code>bist</code>,1,0.0003331
324,blisse,<code>blisse</code>,1,0.0003331
324,blissoden,<code>blissoden</code>,1,0.0003331
324,botle,<code>botle</code>,1,0.0003331
324,breman,<code>breman</code>,1,0.0003331
324,breost,<code>breost</code>,1,0.0003331
324,brice,<code>brice</code>,1,0.0003331
324,brohte,<code>brohte</code>,1,0.0003331
324,bruce,<code>bruce</code>,1,0.0003331
324,brymme,<code>brymme</code>,1,0.0003331
324,bugan,<code>bugan</code>,1,0.0003331
324,buge,<code>buge</code>,1,0.0003331
324,burgum,<code>burgum</code>,1,0.0003331
324,burh,<code>burh</code>,1,0.0003331
324,burhwar&aelig;,<code>burhwar&amp;ae;</code>,1,0.0003331
324,buton,<code>buton</code>,1,0.0003331
324,byrgene,<code>byrgene</code>,1,0.0003331
324,byrnende,<code>byrnende</code>,1,0.0003331
324,bysmor,<code>bysmor</code>,1,0.0003331
324,c&aelig;los,<code>c&amp;ae;los</code>,1,0.0003331
324,carfulnysse,<code>carfulnysse</code>,1,0.0003331
324,cartagine,<code>cartagine</code>,1,0.0003331
324,ceorunge,<code>ceorunge</code>,1,0.0003331
324,ceosan,<code>ceosan</code>,1,0.0003331
324,cepan,<code>cepan</code>,1,0.0003331
324,cl&aelig;nre,<code>cl&amp;ae;nre</code>,1,0.0003331
324,cnihta,<code>cnihta</code>,1,0.0003331
324,cnihte,<code>cnihte</code>,1,0.0003331
324,coman,<code>coman</code>,1,0.0003331
324,commodus,<code>commodus</code>,1,0.0003331
324,cornelius,<code>cornelius</code>,1,0.0003331
324,cristendome,<code>cristendome</code>,1,0.0003331
324,cristene,<code>cristene</code>,1,0.0003331
324,cristenum,<code>cristenum</code>,1,0.0003331
324,cu&eth;,<code>cu&amp;d;</code>,1,0.0003331
324,cu&thorn;e,<code>cu&amp;t;e</code>,1,0.0003331
324,cucu,<code>cucu</code>,1,0.0003331
324,cuman,<code>cuman</code>,1,0.0003331
324,cw&aelig;&thorn;,<code>cw&amp;ae;&amp;t;</code>,1,0.0003331
324,cw&aelig;llere,<code>cw&amp;ae;llere</code>,1,0.0003331
324,cweartern,<code>cweartern</code>,1,0.0003331
324,cy&eth;&eth;e,<code>cy&amp;d;&amp;d;e</code>,1,0.0003331
324,cy&eth;an,<code>cy&amp;d;an</code>,1,0.0003331
324,cy&eth;eras,<code>cy&amp;d;eras</code>,1,0.0003331
324,cymst,<code>cymst</code>,1,0.0003331
324,cyneboren,<code>cyneboren</code>,1,0.0003331
324,cynerice,<code>cynerice</code>,1,0.0003331
324,cyninge,<code>cyninge</code>,1,0.0003331
324,cyrcan,<code>cyrcan</code>,1,0.0003331
324,cyrcean,<code>cyrcean</code>,1,0.0003331
324,cyston,<code>cyston</code>,1,0.0003331
324,d&aelig;ges,<code>d&amp;ae;ges</code>,1,0.0003331
324,d&aelig;hter,<code>d&amp;ae;hter</code>,1,0.0003331
324,d&aelig;rede,<code>d&amp;ae;rede</code>,1,0.0003331
324,dagum,<code>dagum</code>,1,0.0003331
324,dea&eth;es,<code>dea&amp;d;es</code>,1,0.0003331
324,dearnunga,<code>dearnunga</code>,1,0.0003331
324,dearnunge,<code>dearnunge</code>,1,0.0003331
324,deges,<code>deges</code>,1,0.0003331
324,dehter,<code>dehter</code>,1,0.0003331
324,demonia,<code>demonia</code>,1,0.0003331
324,deorwur&eth;um,<code>deorwur&amp;d;um</code>,1,0.0003331
324,diane,<code>diane</code>,1,0.0003331
324,digellice,<code>digellice</code>,1,0.0003331
324,digollice,<code>digollice</code>,1,0.0003331
324,dii,<code>dii</code>,1,0.0003331
324,dominus,<code>dominus</code>,1,0.0003331
324,drohtnode,<code>drohtnode</code>,1,0.0003331
324,drycr&aelig;fte,<code>drycr&amp;ae;fte</code>,1,0.0003331
324,dryhten,<code>dryhten</code>,1,0.0003331
324,dryum,<code>dryum</code>,1,0.0003331
324,ea,<code>ea</code>,1,0.0003331
324,ea&thorn;e,<code>ea&amp;t;e</code>,1,0.0003331
324,eadleane,<code>eadleane</code>,1,0.0003331
324,eadmodlice,<code>eadmodlice</code>,1,0.0003331
324,eadmodnesse,<code>eadmodnesse</code>,1,0.0003331
324,eahta,<code>eahta</code>,1,0.0003331
324,eahteo&eth;an,<code>eahteo&amp;d;an</code>,1,0.0003331
324,eala,<code>eala</code>,1,0.0003331
324,ealdan,<code>ealdan</code>,1,0.0003331
324,ealdor,<code>ealdor</code>,1,0.0003331
324,ealles,<code>ealles</code>,1,0.0003331
324,ealre,<code>ealre</code>,1,0.0003331
324,eart,<code>eart</code>,1,0.0003331
324,ehtnysse,<code>ehtnysse</code>,1,0.0003331
324,ele,<code>ele</code>,1,0.0003331
324,embe,<code>embe</code>,1,0.0003331
324,endemes,<code>endemes</code>,1,0.0003331
324,enne,<code>enne</code>,1,0.0003331
324,eode,<code>eode</code>,1,0.0003331
324,eoden,<code>eoden</code>,1,0.0003331
324,eor&eth;an,<code>eor&amp;d;an</code>,1,0.0003331
324,eunuchi,<code>eunuchi</code>,1,0.0003331
324,eutropius,<code>eutropius</code>,1,0.0003331
324,evgenia,<code>evgenia</code>,1,0.0003331
324,f&aelig;c,<code>f&amp;ae;c</code>,1,0.0003331
324,f&aelig;mnan,<code>f&amp;ae;mnan</code>,1,0.0003331
324,f&aelig;ng,<code>f&amp;ae;ng</code>,1,0.0003331
324,f&aelig;ren,<code>f&amp;ae;ren</code>,1,0.0003331
324,f&aelig;tels,<code>f&amp;ae;tels</code>,1,0.0003331
324,f&aelig;x,<code>f&amp;ae;x</code>,1,0.0003331
324,facenfyllan,<code>facenfyllan</code>,1,0.0003331
324,facne,<code>facne</code>,1,0.0003331
324,facta,<code>facta</code>,1,0.0003331
324,fante,<code>fante</code>,1,0.0003331
324,fecit,<code>fecit</code>,1,0.0003331
324,femnan,<code>femnan</code>,1,0.0003331
324,feo,<code>feo</code>,1,0.0003331
324,feofore,<code>feofore</code>,1,0.0003331
324,ferde,<code>ferde</code>,1,0.0003331
324,ferdon,<code>ferdon</code>,1,0.0003331
324,fett,<code>fett</code>,1,0.0003331
324,folces,<code>folces</code>,1,0.0003331
324,for&eth;y,<code>for&amp;d;y</code>,1,0.0003331
324,for&thorn;an,<code>for&amp;t;an</code>,1,0.0003331
324,for&thorn;i,<code>for&amp;t;i</code>,1,0.0003331
324,forberan,<code>forberan</code>,1,0.0003331
324,forbernde,<code>forbernde</code>,1,0.0003331
324,forcurfon,<code>forcurfon</code>,1,0.0003331
324,ford&aelig;med,<code>ford&amp;ae;med</code>,1,0.0003331
324,fores&aelig;den,<code>fores&amp;ae;den</code>,1,0.0003331
324,forewyrcendum,<code>forewyrcendum</code>,1,0.0003331
324,forgeaf,<code>forgeaf</code>,1,0.0003331
324,forl&aelig;t,<code>forl&amp;ae;t</code>,1,0.0003331
324,forl&aelig;tenan,<code>forl&amp;ae;tenan</code>,1,0.0003331
324,forl&aelig;tenum,<code>forl&amp;ae;tenum</code>,1,0.0003331
324,forlete,<code>forlete</code>,1,0.0003331
324,forleton,<code>forleton</code>,1,0.0003331
324,forlicgan,<code>forlicgan</code>,1,0.0003331
324,forligre,<code>forligre</code>,1,0.0003331
324,forlugan,<code>forlugan</code>,1,0.0003331
324,forlycgan,<code>forlycgan</code>,1,0.0003331
324,forlygre,<code>forlygre</code>,1,0.0003331
324,forlyres,<code>forlyres</code>,1,0.0003331
324,formolsnod,<code>formolsnod</code>,1,0.0003331
324,fornumen,<code>fornumen</code>,1,0.0003331
324,fors&aelig;cgan,<code>fors&amp;ae;cgan</code>,1,0.0003331
324,forscyldeguda,<code>forscyldeguda</code>,1,0.0003331
324,forseah,<code>forseah</code>,1,0.0003331
324,forseon,<code>forseon</code>,1,0.0003331
324,forsoc,<code>forsoc</code>,1,0.0003331
324,forswelgan,<code>forswelgan</code>,1,0.0003331
324,forwear&eth;,<code>forwear&amp;d;</code>,1,0.0003331
324,fostercyld,<code>fostercyld</code>,1,0.0003331
324,fotum,<code>fotum</code>,1,0.0003331
324,fracodlice,<code>fracodlice</code>,1,0.0003331
324,frefrigende,<code>frefrigende</code>,1,0.0003331
324,fremoden,<code>fremoden</code>,1,0.0003331
324,freond,<code>freond</code>,1,0.0003331
324,freondr&aelig;dene,<code>freondr&amp;ae;dene</code>,1,0.0003331
324,fri&eth;ian,<code>fri&amp;d;ian</code>,1,0.0003331
324,fruman,<code>fruman</code>,1,0.0003331
324,fule,<code>fule</code>,1,0.0003331
324,fullum,<code>fullum</code>,1,0.0003331
324,fulnyssum,<code>fulnyssum</code>,1,0.0003331
324,fultumes,<code>fultumes</code>,1,0.0003331
324,galnysse,<code>galnysse</code>,1,0.0003331
324,gastlicre,<code>gastlicre</code>,1,0.0003331
324,ge,<code>ge</code>,1,0.0003331
324,ge&aelig;dniwode,<code>ge&amp;ae;dniwode</code>,1,0.0003331
324,ge&eth;reate,<code>ge&amp;d;reate</code>,1,0.0003331
324,ge&thorn;afode,<code>ge&amp;t;afode</code>,1,0.0003331
324,ge&thorn;ance,<code>ge&amp;t;ance</code>,1,0.0003331
324,ge&thorn;eaht,<code>ge&amp;t;eaht</code>,1,0.0003331
324,ge&thorn;eodde,<code>ge&amp;t;eodde</code>,1,0.0003331
324,ge&thorn;ingod,<code>ge&amp;t;ingod</code>,1,0.0003331
324,ge&thorn;ohtas,<code>ge&amp;t;ohtas</code>,1,0.0003331
324,gearum,<code>gearum</code>,1,0.0003331
324,geb&aelig;d,<code>geb&amp;ae;d</code>,1,0.0003331
324,geb&aelig;da,<code>geb&amp;ae;da</code>,1,0.0003331
324,geb&aelig;dda,<code>geb&amp;ae;dda</code>,1,0.0003331
324,geb&aelig;don,<code>geb&amp;ae;don</code>,1,0.0003331
324,geb&aelig;dum,<code>geb&amp;ae;dum</code>,1,0.0003331
324,geb&aelig;r,<code>geb&amp;ae;r</code>,1,0.0003331
324,gebeah,<code>gebeah</code>,1,0.0003331
324,gebegde,<code>gebegde</code>,1,0.0003331
324,gebigde,<code>gebigde</code>,1,0.0003331
324,gebletsode,<code>gebletsode</code>,1,0.0003331
324,gebogenan,<code>gebogenan</code>,1,0.0003331
324,gebr&aelig;d,<code>gebr&amp;ae;d</code>,1,0.0003331
324,gebro&eth;ru,<code>gebro&amp;d;ru</code>,1,0.0003331
324,gebude,<code>gebude</code>,1,0.0003331
324,gebugan,<code>gebugan</code>,1,0.0003331
324,gebundene,<code>gebundene</code>,1,0.0003331
324,gebygan,<code>gebygan</code>,1,0.0003331
324,gebyrdtide,<code>gebyrdtide</code>,1,0.0003331
324,gebysgode,<code>gebysgode</code>,1,0.0003331
324,gebysmrian,<code>gebysmrian</code>,1,0.0003331
324,gebysnode,<code>gebysnode</code>,1,0.0003331
324,gebysnunge,<code>gebysnunge</code>,1,0.0003331
324,geceosan,<code>geceosan</code>,1,0.0003331
324,gecorenan,<code>gecorenan</code>,1,0.0003331
324,gecuron,<code>gecuron</code>,1,0.0003331
324,gecw&aelig;mde,<code>gecw&amp;ae;mde</code>,1,0.0003331
324,gecyd,<code>gecyd</code>,1,0.0003331
324,gecyrran,<code>gecyrran</code>,1,0.0003331
324,gecyrred,<code>gecyrred</code>,1,0.0003331
324,gedon,<code>gedon</code>,1,0.0003331
324,gedrefan,<code>gedrefan</code>,1,0.0003331
324,gedreht,<code>gedreht</code>,1,0.0003331
324,gedrohtnunge,<code>gedrohtnunge</code>,1,0.0003331
324,gedwylde,<code>gedwylde</code>,1,0.0003331
324,geefsod,<code>geefsod</code>,1,0.0003331
324,geeuenl&aelig;hton,<code>geeuenl&amp;ae;hton</code>,1,0.0003331
324,gef&aelig;ccan,<code>gef&amp;ae;ccan</code>,1,0.0003331
324,gef&aelig;ra,<code>gef&amp;ae;ra</code>,1,0.0003331
324,gef&aelig;ran,<code>gef&amp;ae;ran</code>,1,0.0003331
324,gef&aelig;stnian,<code>gef&amp;ae;stnian</code>,1,0.0003331
324,gef&aelig;tte,<code>gef&amp;ae;tte</code>,1,0.0003331
324,gefr&aelig;tewode,<code>gefr&amp;ae;tewode</code>,1,0.0003331
324,gefrefrode,<code>gefrefrode</code>,1,0.0003331
324,gefretewodon,<code>gefretewodon</code>,1,0.0003331
324,gefullod,<code>gefullod</code>,1,0.0003331
324,gefyrn,<code>gefyrn</code>,1,0.0003331
324,gegearcod,<code>gegearcod</code>,1,0.0003331
324,gegeorcode,<code>gegeorcode</code>,1,0.0003331
324,gegodode,<code>gegodode</code>,1,0.0003331
324,gegododon,<code>gegododon</code>,1,0.0003331
324,gegripon,<code>gegripon</code>,1,0.0003331
324,geh&aelig;lan,<code>geh&amp;ae;lan</code>,1,0.0003331
324,geh&aelig;led,<code>geh&amp;ae;led</code>,1,0.0003331
324,gehalgodum,<code>gehalgodum</code>,1,0.0003331
324,gehatheort,<code>gehatheort</code>,1,0.0003331
324,gehealdsumnysse,<code>gehealdsumnysse</code>,1,0.0003331
324,gehiwodon,<code>gehiwodon</code>,1,0.0003331
324,gehwam,<code>gehwam</code>,1,0.0003331
324,gehwylce,<code>gehwylce</code>,1,0.0003331
324,gehwylcum,<code>gehwylcum</code>,1,0.0003331
324,gehyrdon,<code>gehyrdon</code>,1,0.0003331
324,gel&aelig;da&eth;,<code>gel&amp;ae;da&amp;d;</code>,1,0.0003331
324,gel&aelig;hte,<code>gel&amp;ae;hte</code>,1,0.0003331
324,gel&aelig;rede,<code>gel&amp;ae;rede</code>,1,0.0003331
324,gelamp,<code>gelamp</code>,1,0.0003331
324,gelangian,<code>gelangian</code>,1,0.0003331
324,geleaffulla,<code>geleaffulla</code>,1,0.0003331
324,geleaffulne,<code>geleaffulne</code>,1,0.0003331
324,geleaffulnyss,<code>geleaffulnyss</code>,1,0.0003331
324,geleaht,<code>geleaht</code>,1,0.0003331
324,gelican,<code>gelican</code>,1,0.0003331
324,gelicode,<code>gelicode</code>,1,0.0003331
324,gelignod,<code>gelignod</code>,1,0.0003331
324,gelogode,<code>gelogode</code>,1,0.0003331
324,gelyfden,<code>gelyfden</code>,1,0.0003331
324,gelyfede,<code>gelyfede</code>,1,0.0003331
324,gem&aelig;nan,<code>gem&amp;ae;nan</code>,1,0.0003331
324,gem&aelig;ne,<code>gem&amp;ae;ne</code>,1,0.0003331
324,gemearcode,<code>gemearcode</code>,1,0.0003331
324,gemunde,<code>gemunde</code>,1,0.0003331
324,gemundode,<code>gemundode</code>,1,0.0003331
324,genam,<code>genam</code>,1,0.0003331
324,genealecan,<code>genealecan</code>,1,0.0003331
324,genealecean,<code>genealecean</code>,1,0.0003331
324,geneosodon,<code>geneosodon</code>,1,0.0003331
324,gentium,<code>gentium</code>,1,0.0003331
324,geoffrode,<code>geoffrode</code>,1,0.0003331
324,geornlice,<code>geornlice</code>,1,0.0003331
324,ger&aelig;fa,<code>ger&amp;ae;fa</code>,1,0.0003331
324,ger&aelig;fan,<code>ger&amp;ae;fan</code>,1,0.0003331
324,gerefan,<code>gerefan</code>,1,0.0003331
324,gerihtl&aelig;ced,<code>gerihtl&amp;ae;ced</code>,1,0.0003331
324,gerihtu,<code>gerihtu</code>,1,0.0003331
324,ges&aelig;tlan,<code>ges&amp;ae;tlan</code>,1,0.0003331
324,ges&aelig;tnysse,<code>ges&amp;ae;tnysse</code>,1,0.0003331
324,ges&aelig;tte,<code>ges&amp;ae;tte</code>,1,0.0003331
324,gescyld,<code>gescyld</code>,1,0.0003331
324,gescylt,<code>gescylt</code>,1,0.0003331
324,gesette,<code>gesette</code>,1,0.0003331
324,gesih&eth;e,<code>gesih&amp;d;e</code>,1,0.0003331
324,gesmyrode,<code>gesmyrode</code>,1,0.0003331
324,gesohte,<code>gesohte</code>,1,0.0003331
324,gespr&aelig;ce,<code>gespr&amp;ae;ce</code>,1,0.0003331
324,gestrynde,<code>gestrynde</code>,1,0.0003331
324,gestylled,<code>gestylled</code>,1,0.0003331
324,gesw&aelig;se,<code>gesw&amp;ae;se</code>,1,0.0003331
324,geswac,<code>geswac</code>,1,0.0003331
324,geswutelod,<code>geswutelod</code>,1,0.0003331
324,getele,<code>getele</code>,1,0.0003331
324,getingnysse,<code>getingnysse</code>,1,0.0003331
324,getrymode,<code>getrymode</code>,1,0.0003331
324,getrywe,<code>getrywe</code>,1,0.0003331
324,gety&eth;od,<code>gety&amp;d;od</code>,1,0.0003331
324,gew&aelig;du,<code>gew&amp;ae;du</code>,1,0.0003331
324,gew&aelig;nde,<code>gew&amp;ae;nde</code>,1,0.0003331
324,gewislice,<code>gewislice</code>,1,0.0003331
324,gewissan,<code>gewissan</code>,1,0.0003331
324,gewissode,<code>gewissode</code>,1,0.0003331
324,geworhte,<code>geworhte</code>,1,0.0003331
324,gewr&aelig;ce,<code>gewr&amp;ae;ce</code>,1,0.0003331
324,gewrytum,<code>gewrytum</code>,1,0.0003331
324,gewylnunga,<code>gewylnunga</code>,1,0.0003331
324,gewytan,<code>gewytan</code>,1,0.0003331
324,gewytnysse,<code>gewytnysse</code>,1,0.0003331
324,geyrsod,<code>geyrsod</code>,1,0.0003331
324,godcundlicum,<code>godcundlicum</code>,1,0.0003331
324,goddre,<code>goddre</code>,1,0.0003331
324,godnysse,<code>godnysse</code>,1,0.0003331
324,godspellicum,<code>godspellicum</code>,1,0.0003331
324,gold,<code>gold</code>,1,0.0003331
324,graman,<code>graman</code>,1,0.0003331
324,gramena,<code>gramena</code>,1,0.0003331
324,grecisc,<code>grecisc</code>,1,0.0003331
324,greciscre,<code>greciscre</code>,1,0.0003331
324,grundlunga,<code>grundlunga</code>,1,0.0003331
324,gyrlan,<code>gyrlan</code>,1,0.0003331
324,h&aelig;&eth;en,<code>h&amp;ae;&amp;d;en</code>,1,0.0003331
324,h&aelig;&eth;ene,<code>h&amp;ae;&amp;d;ene</code>,1,0.0003331
324,h&aelig;&eth;enen,<code>h&amp;ae;&amp;d;enen</code>,1,0.0003331
324,h&aelig;&eth;enra,<code>h&amp;ae;&amp;d;enra</code>,1,0.0003331
324,h&aelig;f&eth;,<code>h&amp;ae;f&amp;d;</code>,1,0.0003331
324,h&aelig;fdon,<code>h&amp;ae;fdon</code>,1,0.0003331
324,h&aelig;le,<code>h&amp;ae;le</code>,1,0.0003331
324,h&aelig;mede,<code>h&amp;ae;mede</code>,1,0.0003331
324,habba&eth;,<code>habba&amp;d;</code>,1,0.0003331
324,hade,<code>hade</code>,1,0.0003331
324,hades,<code>hades</code>,1,0.0003331
324,halgum,<code>halgum</code>,1,0.0003331
324,haliges,<code>haliges</code>,1,0.0003331
324,hames,<code>hames</code>,1,0.0003331
324,hand,<code>hand</code>,1,0.0003331
324,handa,<code>handa</code>,1,0.0003331
324,heafodburgum,<code>heafodburgum</code>,1,0.0003331
324,heagan,<code>heagan</code>,1,0.0003331
324,heahf&aelig;dera,<code>heahf&amp;ae;dera</code>,1,0.0003331
324,heahger&aelig;fan,<code>heahger&amp;ae;fan</code>,1,0.0003331
324,heahgerefan,<code>heahgerefan</code>,1,0.0003331
324,healdan,<code>healdan</code>,1,0.0003331
324,healice,<code>healice</code>,1,0.0003331
324,healicum,<code>healicum</code>,1,0.0003331
324,helenus,<code>helenus</code>,1,0.0003331
324,heofonas,<code>heofonas</code>,1,0.0003331
324,heofonlican,<code>heofonlican</code>,1,0.0003331
324,heoldan,<code>heoldan</code>,1,0.0003331
324,heolde,<code>heolde</code>,1,0.0003331
324,her,<code>her</code>,1,0.0003331
324,heroden,<code>heroden</code>,1,0.0003331
324,herodon,<code>herodon</code>,1,0.0003331
324,hl&aelig;fdige,<code>hl&amp;ae;fdige</code>,1,0.0003331
324,hlaf,<code>hlaf</code>,1,0.0003331
324,hlaford,<code>hlaford</code>,1,0.0003331
324,hohful,<code>hohful</code>,1,0.0003331
324,holde,<code>holde</code>,1,0.0003331
324,hr&aelig;ddinge,<code>hr&amp;ae;ddinge</code>,1,0.0003331
324,hreame,<code>hreame</code>,1,0.0003331
324,hrymde,<code>hrymde</code>,1,0.0003331
324,huse,<code>huse</code>,1,0.0003331
324,hwi,<code>hwi</code>,1,0.0003331
324,hwilon,<code>hwilon</code>,1,0.0003331
324,hwylcere,<code>hwylcere</code>,1,0.0003331
324,hwylcne,<code>hwylcne</code>,1,0.0003331
324,hym,<code>hym</code>,1,0.0003331
324,hyred,<code>hyred</code>,1,0.0003331
324,hyredcnihtas,<code>hyredcnihtas</code>,1,0.0003331
324,hyredes,<code>hyredes</code>,1,0.0003331
324,hyredmen,<code>hyredmen</code>,1,0.0003331
324,hyredmenn,<code>hyredmenn</code>,1,0.0003331
324,ingehyde,<code>ingehyde</code>,1,0.0003331
324,intingan,<code>intingan</code>,1,0.0003331
324,into,<code>into</code>,1,0.0003331
324,iter,<code>iter</code>,1,0.0003331
324,iustorum,<code>iustorum</code>,1,0.0003331
324,kaseres,<code>kaseres</code>,1,0.0003331
324,kyneborene,<code>kyneborene</code>,1,0.0003331
324,l&aelig;denre,<code>l&amp;ae;denre</code>,1,0.0003331
324,l&aelig;fde,<code>l&amp;ae;fde</code>,1,0.0003331
324,l&aelig;ren,<code>l&amp;ae;ren</code>,1,0.0003331
324,la&eth;an,<code>la&amp;d;an</code>,1,0.0003331
324,lac,<code>lac</code>,1,0.0003331
324,laca,<code>laca</code>,1,0.0003331
324,lafe,<code>lafe</code>,1,0.0003331
324,langsumum,<code>langsumum</code>,1,0.0003331
324,lar,<code>lar</code>,1,0.0003331
324,lareowes,<code>lareowes</code>,1,0.0003331
324,larum,<code>larum</code>,1,0.0003331
324,lease,<code>lease</code>,1,0.0003331
324,leasunga,<code>leasunga</code>,1,0.0003331
324,leden,<code>leden</code>,1,0.0003331
324,leode,<code>leode</code>,1,0.0003331
324,leohte,<code>leohte</code>,1,0.0003331
324,li&thorn;nesse,<code>li&amp;t;nesse</code>,1,0.0003331
324,licgende,<code>licgende</code>,1,0.0003331
324,licgendre,<code>licgendre</code>,1,0.0003331
324,lichoman,<code>lichoman</code>,1,0.0003331
324,lifiendan,<code>lifiendan</code>,1,0.0003331
324,lifigendan,<code>lifigendan</code>,1,0.0003331
324,lof,<code>lof</code>,1,0.0003331
324,lufast,<code>lufast</code>,1,0.0003331
324,lufe,<code>lufe</code>,1,0.0003331
324,lufia&eth;,<code>lufia&amp;d;</code>,1,0.0003331
324,lugon,<code>lugon</code>,1,0.0003331
324,lyfe,<code>lyfe</code>,1,0.0003331
324,m&aelig;der,<code>m&amp;ae;der</code>,1,0.0003331
324,m&aelig;g,<code>m&amp;ae;g</code>,1,0.0003331
324,m&aelig;g&eth;,<code>m&amp;ae;g&amp;d;</code>,1,0.0003331
324,m&aelig;g&thorn;e,<code>m&amp;ae;g&amp;t;e</code>,1,0.0003331
324,m&aelig;ge,<code>m&amp;ae;ge</code>,1,0.0003331
324,m&aelig;gne,<code>m&amp;ae;gne</code>,1,0.0003331
324,m&aelig;gnu,<code>m&amp;ae;gnu</code>,1,0.0003331
324,m&aelig;nigfealde,<code>m&amp;ae;nigfealde</code>,1,0.0003331
324,m&aelig;niu,<code>m&amp;ae;niu</code>,1,0.0003331
324,m&aelig;re,<code>m&amp;ae;re</code>,1,0.0003331
324,m&aelig;rlice,<code>m&amp;ae;rlice</code>,1,0.0003331
324,m&aelig;rne,<code>m&amp;ae;rne</code>,1,0.0003331
324,m&aelig;ron,<code>m&amp;ae;ron</code>,1,0.0003331
324,m&aelig;rsigende,<code>m&amp;ae;rsigende</code>,1,0.0003331
324,m&aelig;ssepreost,<code>m&amp;ae;ssepreost</code>,1,0.0003331
324,m&aelig;ste,<code>m&amp;ae;ste</code>,1,0.0003331
324,manegum,<code>manegum</code>,1,0.0003331
324,mann,<code>mann</code>,1,0.0003331
324,manncynnes,<code>manncynnes</code>,1,0.0003331
324,martyras,<code>martyras</code>,1,0.0003331
324,martyrdom,<code>martyrdom</code>,1,0.0003331
324,martyrdome,<code>martyrdome</code>,1,0.0003331
324,meniu,<code>meniu</code>,1,0.0003331
324,mennisces,<code>mennisces</code>,1,0.0003331
324,meox,<code>meox</code>,1,0.0003331
324,mergen,<code>mergen</code>,1,0.0003331
324,messepreost,<code>messepreost</code>,1,0.0003331
324,middaneard,<code>middaneard</code>,1,0.0003331
324,middaneardlice,<code>middaneardlice</code>,1,0.0003331
324,mihton,<code>mihton</code>,1,0.0003331
324,minne,<code>minne</code>,1,0.0003331
324,minra,<code>minra</code>,1,0.0003331
324,minre,<code>minre</code>,1,0.0003331
324,modes,<code>modes</code>,1,0.0003331
324,mon&eth;um,<code>mon&amp;d;um</code>,1,0.0003331
324,moste,<code>moste</code>,1,0.0003331
324,mu&thorn;e,<code>mu&amp;t;e</code>,1,0.0003331
324,murcnunge,<code>murcnunge</code>,1,0.0003331
324,mycelne,<code>mycelne</code>,1,0.0003331
324,myltestre,<code>myltestre</code>,1,0.0003331
324,mynecena,<code>mynecena</code>,1,0.0003331
324,mynegunge,<code>mynegunge</code>,1,0.0003331
324,mynster,<code>mynster</code>,1,0.0003331
324,mynsterlicre,<code>mynsterlicre</code>,1,0.0003331
324,mynstre,<code>mynstre</code>,1,0.0003331
324,n&aelig;fde,<code>n&amp;ae;fde</code>,1,0.0003331
324,n&aelig;ron,<code>n&amp;ae;ron</code>,1,0.0003331
324,nam,<code>nam</code>,1,0.0003331
324,naman,<code>naman</code>,1,0.0003331
324,nan&eth;ing,<code>nan&amp;d;ing</code>,1,0.0003331
324,nateshwon,<code>nateshwon</code>,1,0.0003331
324,nehstan,<code>nehstan</code>,1,0.0003331
324,nella&eth;,<code>nella&amp;d;</code>,1,0.0003331
324,nihtum,<code>nihtum</code>,1,0.0003331
324,noldon,<code>noldon</code>,1,0.0003331
324,nyste,<code>nyste</code>,1,0.0003331
324,nyston,<code>nyston</code>,1,0.0003331
324,o&eth;&eth;&aelig;t,<code>o&amp;d;&amp;d;&amp;ae;t</code>,1,0.0003331
324,o&eth;rum,<code>o&amp;d;rum</code>,1,0.0003331
324,o&thorn;,<code>o&amp;t;</code>,1,0.0003331
324,o&thorn;&thorn;e,<code>o&amp;t;&amp;t;e</code>,1,0.0003331
324,o&thorn;re,<code>o&amp;t;re</code>,1,0.0003331
324,ofclypode,<code>ofclypode</code>,1,0.0003331
324,ofen,<code>ofen</code>,1,0.0003331
324,ofer,<code>ofer</code>,1,0.0003331
324,oferdrifan,<code>oferdrifan</code>,1,0.0003331
324,oferswa&eth;,<code>oferswa&amp;d;</code>,1,0.0003331
324,ofs&aelig;ttum,<code>ofs&amp;ae;ttum</code>,1,0.0003331
324,ofsceamod,<code>ofsceamod</code>,1,0.0003331
324,ofslogan,<code>ofslogan</code>,1,0.0003331
324,olecunge,<code>olecunge</code>,1,0.0003331
324,omnes,<code>omnes</code>,1,0.0003331
324,oncneow,<code>oncneow</code>,1,0.0003331
324,ongan,<code>ongan</code>,1,0.0003331
324,ongunnen,<code>ongunnen</code>,1,0.0003331
324,onhawoden,<code>onhawoden</code>,1,0.0003331
324,onlihte,<code>onlihte</code>,1,0.0003331
324,onsage,<code>onsage</code>,1,0.0003331
324,onscunigendlic,<code>onscunigendlic</code>,1,0.0003331
324,onsundron,<code>onsundron</code>,1,0.0003331
324,ontendnyss,<code>ontendnyss</code>,1,0.0003331
324,ontendnyssa,<code>ontendnyssa</code>,1,0.0003331
324,onwreon,<code>onwreon</code>,1,0.0003331
324,openlice,<code>openlice</code>,1,0.0003331
324,paules,<code>paules</code>,1,0.0003331
324,petrum,<code>petrum</code>,1,0.0003331
324,philippes,<code>philippes</code>,1,0.0003331
324,philyppus,<code>philyppus</code>,1,0.0003331
324,pompeius,<code>pompeius</code>,1,0.0003331
324,preparata,<code>preparata</code>,1,0.0003331
324,ra&eth;e,<code>ra&amp;d;e</code>,1,0.0003331
324,racent&aelig;gum,<code>racent&amp;ae;gum</code>,1,0.0003331
324,re&eth;an,<code>re&amp;d;an</code>,1,0.0003331
324,re&eth;e,<code>re&amp;d;e</code>,1,0.0003331
324,re&eth;um,<code>re&amp;d;um</code>,1,0.0003331
324,re&thorn;e,<code>re&amp;t;e</code>,1,0.0003331
324,recta,<code>recta</code>,1,0.0003331
324,rihtan,<code>rihtan</code>,1,0.0003331
324,rihtwisra,<code>rihtwisra</code>,1,0.0003331
324,rixode,<code>rixode</code>,1,0.0003331
324,rodetacne,<code>rodetacne</code>,1,0.0003331
324,rohte,<code>rohte</code>,1,0.0003331
324,romaniscere,<code>romaniscere</code>,1,0.0003331
324,rununga,<code>rununga</code>,1,0.0003331
324,s&aelig;lican,<code>s&amp;ae;lican</code>,1,0.0003331
324,s&aelig;nde,<code>s&amp;ae;nde</code>,1,0.0003331
324,s&aelig;rgium,<code>s&amp;ae;rgium</code>,1,0.0003331
324,s&aelig;t,<code>s&amp;ae;t</code>,1,0.0003331
324,samod,<code>samod</code>,1,0.0003331
324,sanctorum,<code>sanctorum</code>,1,0.0003331
324,sare,<code>sare</code>,1,0.0003331
324,sarlicre,<code>sarlicre</code>,1,0.0003331
324,sarnissum,<code>sarnissum</code>,1,0.0003331
324,scealt,<code>scealt</code>,1,0.0003331
324,sceande,<code>sceande</code>,1,0.0003331
324,sceape,<code>sceape</code>,1,0.0003331
324,scole,<code>scole</code>,1,0.0003331
324,se&eth;e,<code>se&amp;d;e</code>,1,0.0003331
324,sege,<code>sege</code>,1,0.0003331
324,segene,<code>segene</code>,1,0.0003331
324,sende,<code>sende</code>,1,0.0003331
324,seoce,<code>seoce</code>,1,0.0003331
324,sergius,<code>sergius</code>,1,0.0003331
324,seuero,<code>seuero</code>,1,0.0003331
324,si&eth;f&aelig;t,<code>si&amp;d;f&amp;ae;t</code>,1,0.0003331
324,sige,<code>sige</code>,1,0.0003331
324,singende,<code>singende</code>,1,0.0003331
324,sm&aelig;tum,<code>sm&amp;ae;tum</code>,1,0.0003331
324,snawhwitne,<code>snawhwitne</code>,1,0.0003331
324,so&eth;e,<code>so&amp;d;e</code>,1,0.0003331
324,so&eth;f&aelig;ste,<code>so&amp;d;f&amp;ae;ste</code>,1,0.0003331
324,so&eth;ne,<code>so&amp;d;ne</code>,1,0.0003331
324,so&eth;um,<code>so&amp;d;um</code>,1,0.0003331
324,so&thorn;um,<code>so&amp;t;um</code>,1,0.0003331
324,sohten,<code>sohten</code>,1,0.0003331
324,spr&aelig;ca&thorn;,<code>spr&amp;ae;ca&amp;t;</code>,1,0.0003331
324,spr&aelig;con,<code>spr&amp;ae;con</code>,1,0.0003331
324,st&aelig;mne,<code>st&amp;ae;mne</code>,1,0.0003331
324,stan,<code>stan</code>,1,0.0003331
324,sume,<code>sume</code>,1,0.0003331
324,sumne,<code>sumne</code>,1,0.0003331
324,sunderspr&aelig;ce,<code>sunderspr&amp;ae;ce</code>,1,0.0003331
324,sundorspr&aelig;ce,<code>sundorspr&amp;ae;ce</code>,1,0.0003331
324,sungen,<code>sungen</code>,1,0.0003331
324,sunnand&aelig;g,<code>sunnand&amp;ae;g</code>,1,0.0003331
324,sunnand&aelig;ge,<code>sunnand&amp;ae;ge</code>,1,0.0003331
324,sw&aelig;fne,<code>sw&amp;ae;fne</code>,1,0.0003331
324,sw&aelig;gende,<code>sw&amp;ae;gende</code>,1,0.0003331
324,sw&aelig;rtum,<code>sw&amp;ae;rtum</code>,1,0.0003331
324,swa&thorn;eah,<code>swa&amp;t;eah</code>,1,0.0003331
324,sweartan,<code>sweartan</code>,1,0.0003331
324,sweartnysse,<code>sweartnysse</code>,1,0.0003331
324,sweorde,<code>sweorde</code>,1,0.0003331
324,swi&eth;lice,<code>swi&amp;d;lice</code>,1,0.0003331
324,swi&eth;licum,<code>swi&amp;d;licum</code>,1,0.0003331
324,swi&eth;ost,<code>swi&amp;d;ost</code>,1,0.0003331
324,swicole,<code>swicole</code>,1,0.0003331
324,swor,<code>swor</code>,1,0.0003331
324,swuran,<code>swuran</code>,1,0.0003331
324,swurde,<code>swurde</code>,1,0.0003331
324,swutelunge,<code>swutelunge</code>,1,0.0003331
324,swyster,<code>swyster</code>,1,0.0003331
324,symble,<code>symble</code>,1,0.0003331
324,synderlicre,<code>synderlicre</code>,1,0.0003331
324,syndon,<code>syndon</code>,1,0.0003331
324,tempel,<code>tempel</code>,1,0.0003331
324,temple,<code>temple</code>,1,0.0003331
324,tihte,<code>tihte</code>,1,0.0003331
324,tihtinge,<code>tihtinge</code>,1,0.0003331
324,tob&aelig;rst,<code>tob&amp;ae;rst</code>,1,0.0003331
324,tocneowan,<code>tocneowan</code>,1,0.0003331
324,tocyme,<code>tocyme</code>,1,0.0003331
324,tofeol,<code>tofeol</code>,1,0.0003331
324,tofeoll,<code>tofeoll</code>,1,0.0003331
324,toheowe,<code>toheowe</code>,1,0.0003331
324,tot&aelig;r,<code>tot&amp;ae;r</code>,1,0.0003331
324,totweman,<code>totweman</code>,1,0.0003331
324,towurpon,<code>towurpon</code>,1,0.0003331
324,tw&aelig;lf,<code>tw&amp;ae;lf</code>,1,0.0003331
324,tw&aelig;ntig,<code>tw&amp;ae;ntig</code>,1,0.0003331
324,ufan,<code>ufan</code>,1,0.0003331
324,uia,<code>uia</code>,1,0.0003331
324,un&thorn;ances,<code>un&amp;t;ances</code>,1,0.0003331
324,unc,<code>unc</code>,1,0.0003331
324,underf&aelig;ng,<code>underf&amp;ae;ng</code>,1,0.0003331
324,underf&aelig;nge,<code>underf&amp;ae;nge</code>,1,0.0003331
324,underf&aelig;ngon,<code>underf&amp;ae;ngon</code>,1,0.0003331
324,unhlisan,<code>unhlisan</code>,1,0.0003331
324,unlytle,<code>unlytle</code>,1,0.0003331
324,unm&aelig;&eth;lice,<code>unm&amp;ae;&amp;d;lice</code>,1,0.0003331
324,unrihtwisnysse,<code>unrihtwisnysse</code>,1,0.0003331
324,unscildigan,<code>unscildigan</code>,1,0.0003331
324,untrume,<code>untrume</code>,1,0.0003331
324,upp,<code>upp</code>,1,0.0003331
324,ut,<code>ut</code>,1,0.0003331
324,w&aelig;dlum,<code>w&amp;ae;dlum</code>,1,0.0003331
324,w&aelig;dum,<code>w&amp;ae;dum</code>,1,0.0003331
324,w&aelig;g,<code>w&amp;ae;g</code>,1,0.0003331
324,w&aelig;l,<code>w&amp;ae;l</code>,1,0.0003331
324,w&aelig;lig,<code>w&amp;ae;lig</code>,1,0.0003331
324,w&aelig;pmonna,<code>w&amp;ae;pmonna</code>,1,0.0003331
324,w&aelig;ran,<code>w&amp;ae;ran</code>,1,0.0003331
324,w&aelig;ras,<code>w&amp;ae;ras</code>,1,0.0003331
324,w&aelig;rlices,<code>w&amp;ae;rlices</code>,1,0.0003331
324,w&aelig;tere,<code>w&amp;ae;tere</code>,1,0.0003331
324,wealdend,<code>wealdend</code>,1,0.0003331
324,wear&thorn;,<code>wear&amp;t;</code>,1,0.0003331
324,weld&aelig;da,<code>weld&amp;ae;da</code>,1,0.0003331
324,welhreowan,<code>welhreowan</code>,1,0.0003331
324,welreowlice,<code>welreowlice</code>,1,0.0003331
324,welwyllendan,<code>welwyllendan</code>,1,0.0003331
324,wene,<code>wene</code>,1,0.0003331
324,weop,<code>weop</code>,1,0.0003331
324,weorcstan,<code>weorcstan</code>,1,0.0003331
324,weox,<code>weox</code>,1,0.0003331
324,wer,<code>wer</code>,1,0.0003331
324,werode,<code>werode</code>,1,0.0003331
324,wife,<code>wife</code>,1,0.0003331
324,wifes,<code>wifes</code>,1,0.0003331
324,wimman,<code>wimman</code>,1,0.0003331
324,wimmanna,<code>wimmanna</code>,1,0.0003331
324,wisdome,<code>wisdome</code>,1,0.0003331
324,wissian,<code>wissian</code>,1,0.0003331
324,wisum,<code>wisum</code>,1,0.0003331
324,witan,<code>witan</code>,1,0.0003331
324,wlytegan,<code>wlytegan</code>,1,0.0003331
324,wope,<code>wope</code>,1,0.0003331
324,woplicre,<code>woplicre</code>,1,0.0003331
324,worhta,<code>worhta</code>,1,0.0003331
324,woruld,<code>woruld</code>,1,0.0003331
324,worulda,<code>worulda</code>,1,0.0003331
324,woruldlicra,<code>woruldlicra</code>,1,0.0003331
324,woruldwysdome,<code>woruldwysdome</code>,1,0.0003331
324,wr&aelig;gdon,<code>wr&amp;ae;gdon</code>,1,0.0003331
324,wr&aelig;genne,<code>wr&amp;ae;genne</code>,1,0.0003331
324,wr&aelig;gistre,<code>wr&amp;ae;gistre</code>,1,0.0003331
324,wregdon,<code>wregdon</code>,1,0.0003331
324,wuldor,<code>wuldor</code>,1,0.0003331
324,wuldre,<code>wuldre</code>,1,0.0003331
324,wulfe,<code>wulfe</code>,1,0.0003331
324,wunade,<code>wunade</code>,1,0.0003331
324,wundra,<code>wundra</code>,1,0.0003331
324,wundrunge,<code>wundrunge</code>,1,0.0003331
324,wundum,<code>wundum</code>,1,0.0003331
324,wunedon,<code>wunedon</code>,1,0.0003331
324,wuniende,<code>wuniende</code>,1,0.0003331
324,wunigende,<code>wunigende</code>,1,0.0003331
324,wununge,<code>wununge</code>,1,0.0003331
324,wur&eth;e,<code>wur&amp;d;e</code>,1,0.0003331
324,wur&eth;fulnysse,<code>wur&amp;d;fulnysse</code>,1,0.0003331
324,wur&eth;mynt,<code>wur&amp;d;mynt</code>,1,0.0003331
324,wur&eth;mynte,<code>wur&amp;d;mynte</code>,1,0.0003331
324,wur&eth;odon,<code>wur&amp;d;odon</code>,1,0.0003331
324,wur&eth;ost,<code>wur&amp;d;ost</code>,1,0.0003331
324,wur&eth;scipes,<code>wur&amp;d;scipes</code>,1,0.0003331
324,wyccum,<code>wyccum</code>,1,0.0003331
324,wyle,<code>wyle</code>,1,0.0003331
324,wylla&eth;,<code>wylla&amp;d;</code>,1,0.0003331
324,wylle,<code>wylle</code>,1,0.0003331
324,wyr&eth;e,<code>wyr&amp;d;e</code>,1,0.0003331
324,wysan,<code>wysan</code>,1,0.0003331
324,wyste,<code>wyste</code>,1,0.0003331
324,wyta,<code>wyta</code>,1,0.0003331
324,y&eth;a,<code>y&amp;d;a</code>,1,0.0003331
324,yfele,<code>yfele</code>,1,0.0003331
