B_Prose,B01,B01.001.010_AECHom_I__9_T02140.txt,908,549,2923
RANK,HTML WORD,RAW WORD,COUNT,RELATIVE FREQUENCY
1,&amp;,<code>&amp;amp;</code>,142,0.0485802
2,he,<code>he</code>,87,0.0297639
3,on,<code>on</code>,79,0.0270270
4,&thorn;&aelig;t,<code>&amp;t;&amp;ae;t</code>,64,0.0218953
5,w&aelig;s,<code>w&amp;ae;s</code>,52,0.0177899
6,to,<code>to</code>,50,0.0171057
7,&thorn;a,<code>&amp;t;a</code>,48,0.0164215
8,swa,<code>swa</code>,45,0.0153951
9,&thorn;e,<code>&amp;t;e</code>,44,0.0150530
10,se,<code>se</code>,35,0.0119740
11,mid,<code>mid</code>,33,0.0112898
12,his,<code>his</code>,32,0.0109477
13,&eth;a,<code>&amp;d;a</code>,30,0.0102634
13,godes,<code>godes</code>,30,0.0102634
15,ne,<code>ne</code>,29,0.0099213
16,hi,<code>hi</code>,27,0.0092371
17,for,<code>for</code>,26,0.0088950
17,is,<code>is</code>,26,0.0088950
19,&thorn;onne,<code>&amp;t;onne</code>,25,0.0085529
19,ac,<code>ac</code>,25,0.0085529
21,&thorn;am,<code>&amp;t;am</code>,22,0.0075265
22,gode,<code>gode</code>,21,0.0071844
22,heo,<code>heo</code>,21,0.0071844
24,him,<code>him</code>,20,0.0068423
24,hit,<code>hit</code>,20,0.0068423
26,&eth;e,<code>&amp;d;e</code>,19,0.0065002
27,crist,<code>crist</code>,18,0.0061581
27,we,<code>we</code>,18,0.0061581
29,hine,<code>hine</code>,17,0.0058159
29,na,<code>na</code>,17,0.0058159
31,god,<code>god</code>,16,0.0054738
32,&eth;am,<code>&amp;d;am</code>,15,0.0051317
33,&eth;&aelig;re,<code>&amp;d;&amp;ae;re</code>,14,0.0047896
33,ge,<code>ge</code>,14,0.0047896
33,gif,<code>gif</code>,14,0.0047896
36,&aelig;r,<code>&amp;ae;r</code>,13,0.0044475
36,cristes,<code>cristes</code>,13,0.0044475
36,hyre,<code>hyre</code>,13,0.0044475
36,ure,<code>ure</code>,13,0.0044475
40,be,<code>be</code>,12,0.0041054
40,ealle,<code>ealle</code>,12,0.0041054
40,symeon,<code>symeon</code>,12,0.0041054
43,and,<code>and</code>,11,0.0037633
43,beo&eth;,<code>beo&amp;d;</code>,11,0.0037633
43,cw&aelig;&eth;,<code>cw&amp;ae;&amp;d;</code>,11,0.0037633
43,life,<code>life</code>,11,0.0037633
47,cild,<code>cild</code>,10,0.0034211
47,com,<code>com</code>,10,0.0034211
47,eac,<code>eac</code>,10,0.0034211
50,&thorn;u,<code>&amp;t;u</code>,9,0.0030790
50,leoht,<code>leoht</code>,9,0.0030790
50,mannum,<code>mannum</code>,9,0.0030790
50,men,<code>men</code>,9,0.0030790
50,nu,<code>nu</code>,9,0.0030790
50,o&eth;&eth;e,<code>o&amp;d;&amp;d;e</code>,9,0.0030790
50,seo,<code>seo</code>,9,0.0030790
50,temple,<code>temple</code>,9,0.0030790
50,wolde,<code>wolde</code>,9,0.0030790
59,&thorn;&aelig;re,<code>&amp;t;&amp;ae;re</code>,8,0.0027369
59,&thorn;urh,<code>&amp;t;urh</code>,8,0.0027369
59,hyra,<code>hyra</code>,8,0.0027369
59,maria,<code>maria</code>,8,0.0027369
59,of,<code>of</code>,8,0.0027369
59,w&aelig;re,<code>w&amp;ae;re</code>,8,0.0027369
65,&aelig;,<code>&amp;ae;</code>,7,0.0023948
65,&eth;an,<code>&amp;d;an</code>,7,0.0023948
65,&thorn;&aelig;r,<code>&amp;t;&amp;ae;r</code>,7,0.0023948
65,&thorn;&aelig;s,<code>&amp;t;&amp;ae;s</code>,7,0.0023948
65,&thorn;as,<code>&amp;t;as</code>,7,0.0023948
65,embe,<code>embe</code>,7,0.0023948
65,fram,<code>fram</code>,7,0.0023948
65,geset,<code>geset</code>,7,0.0023948
65,man,<code>man</code>,7,0.0023948
65,sy&eth;&eth;an,<code>sy&amp;d;&amp;d;an</code>,7,0.0023948
65,wuniende,<code>wuniende</code>,7,0.0023948
76,&thorn;one,<code>&amp;t;one</code>,6,0.0020527
76,b&aelig;r,<code>b&amp;ae;r</code>,6,0.0020527
76,bi&eth;,<code>bi&amp;d;</code>,6,0.0020527
76,cl&aelig;nnysse,<code>cl&amp;ae;nnysse</code>,6,0.0020527
76,ealda,<code>ealda</code>,6,0.0020527
76,ealdan,<code>ealdan</code>,6,0.0020527
76,habba&eth;,<code>habba&amp;d;</code>,6,0.0020527
76,sceolde,<code>sceolde</code>,6,0.0020527
76,swi&eth;e,<code>swi&amp;d;e</code>,6,0.0020527
76,turtlan,<code>turtlan</code>,6,0.0020527
76,us,<code>us</code>,6,0.0020527
76,wif,<code>wif</code>,6,0.0020527
88,&aelig;fre,<code>&amp;ae;fre</code>,5,0.0017106
88,&aelig;fter,<code>&amp;ae;fter</code>,5,0.0017106
88,an,<code>an</code>,5,0.0017106
88,beon,<code>beon</code>,5,0.0017106
88,cilde,<code>cilde</code>,5,0.0017106
88,ealles,<code>ealles</code>,5,0.0017106
88,h&aelig;lend,<code>h&amp;ae;lend</code>,5,0.0017106
88,hire,<code>hire</code>,5,0.0017106
88,into,<code>into</code>,5,0.0017106
88,lace,<code>lace</code>,5,0.0017106
88,rice,<code>rice</code>,5,0.0017106
88,sunu,<code>sunu</code>,5,0.0017106
88,tocyme,<code>tocyme</code>,5,0.0017106
88,twa,<code>twa</code>,5,0.0017106
102,&aelig;lc,<code>&amp;ae;lc</code>,4,0.0013685
102,&aelig;t,<code>&amp;ae;t</code>,4,0.0013685
102,&eth;y,<code>&amp;d;y</code>,4,0.0013685
102,&thorn;an,<code>&amp;t;an</code>,4,0.0013685
102,&thorn;inum,<code>&amp;t;inum</code>,4,0.0013685
102,&thorn;isum,<code>&amp;t;isum</code>,4,0.0013685
102,&thorn;rowung,<code>&amp;t;rowung</code>,4,0.0013685
102,acenned,<code>acenned</code>,4,0.0013685
102,anum,<code>anum</code>,4,0.0013685
102,ar&aelig;r&eth;,<code>ar&amp;ae;r&amp;d;</code>,4,0.0013685
102,bringan,<code>bringan</code>,4,0.0013685
102,criste,<code>criste</code>,4,0.0013685
102,culfran,<code>culfran</code>,4,0.0013685
102,cylde,<code>cylde</code>,4,0.0013685
102,eadige,<code>eadige</code>,4,0.0013685
102,ecan,<code>ecan</code>,4,0.0013685
102,eode,<code>eode</code>,4,0.0013685
102,f&aelig;der,<code>f&amp;ae;der</code>,4,0.0013685
102,folce,<code>folce</code>,4,0.0013685
102,fugelas,<code>fugelas</code>,4,0.0013685
102,gastlice,<code>gastlice</code>,4,0.0013685
102,geseon,<code>geseon</code>,4,0.0013685
102,getacnia&eth;,<code>getacnia&amp;d;</code>,4,0.0013685
102,godcundnysse,<code>godcundnysse</code>,4,0.0013685
102,h&aelig;fde,<code>h&amp;ae;fde</code>,4,0.0013685
102,heora,<code>heora</code>,4,0.0013685
102,heortan,<code>heortan</code>,4,0.0013685
102,hw&aelig;nne,<code>hw&amp;ae;nne</code>,4,0.0013685
102,ic,<code>ic</code>,4,0.0013685
102,lac,<code>lac</code>,4,0.0013685
102,lichomlice,<code>lichomlice</code>,4,0.0013685
102,mann,<code>mann</code>,4,0.0013685
102,menniscnysse,<code>menniscnysse</code>,4,0.0013685
102,modes,<code>modes</code>,4,0.0013685
102,moste,<code>moste</code>,4,0.0013685
102,nan,<code>nan</code>,4,0.0013685
102,sceolon,<code>sceolon</code>,4,0.0013685
102,swurd,<code>swurd</code>,4,0.0013685
102,synna,<code>synna</code>,4,0.0013685
102,synt,<code>synt</code>,4,0.0013685
102,w&aelig;ron,<code>w&amp;ae;ron</code>,4,0.0013685
102,weox,<code>weox</code>,4,0.0013685
144,&aelig;g&thorn;er,<code>&amp;ae;g&amp;t;er</code>,3,0.0010263
144,&eth;isum,<code>&amp;d;isum</code>,3,0.0010263
144,&eth;on,<code>&amp;d;on</code>,3,0.0010263
144,&thorn;eah,<code>&amp;t;eah</code>,3,0.0010263
144,&thorn;eahhw&aelig;&eth;ere,<code>&amp;t;eahhw&amp;ae;&amp;d;ere</code>,3,0.0010263
144,&thorn;inne,<code>&amp;t;inne</code>,3,0.0010263
144,&thorn;rowunge,<code>&amp;t;rowunge</code>,3,0.0010263
144,&thorn;ry,<code>&amp;t;ry</code>,3,0.0010263
144,&thorn;ysum,<code>&amp;t;ysum</code>,3,0.0010263
144,anna,<code>anna</code>,3,0.0010263
144,apostol,<code>apostol</code>,3,0.0010263
144,awriten,<code>awriten</code>,3,0.0010263
144,bebead,<code>bebead</code>,3,0.0010263
144,beo,<code>beo</code>,3,0.0010263
144,betwux,<code>betwux</code>,3,0.0010263
144,bletsunge,<code>bletsunge</code>,3,0.0010263
144,briddas,<code>briddas</code>,3,0.0010263
144,butan,<code>butan</code>,3,0.0010263
144,buton,<code>buton</code>,3,0.0010263
144,d&aelig;ge,<code>d&amp;ae;ge</code>,3,0.0010263
144,daga,<code>daga</code>,3,0.0010263
144,dea&eth;e,<code>dea&amp;d;e</code>,3,0.0010263
144,eallum,<code>eallum</code>,3,0.0010263
144,eft,<code>eft</code>,3,0.0010263
144,fif,<code>fif</code>,3,0.0010263
144,folces,<code>folces</code>,3,0.0010263
144,fyrste,<code>fyrste</code>,3,0.0010263
144,geara,<code>geara</code>,3,0.0010263
144,gebedum,<code>gebedum</code>,3,0.0010263
144,gecneow,<code>gecneow</code>,3,0.0010263
144,gelyfan,<code>gelyfan</code>,3,0.0010263
144,gemacan,<code>gemacan</code>,3,0.0010263
144,georne,<code>georne</code>,3,0.0010263
144,gesawe,<code>gesawe</code>,3,0.0010263
144,gesewen,<code>gesewen</code>,3,0.0010263
144,gifu,<code>gifu</code>,3,0.0010263
144,godnysse,<code>godnysse</code>,3,0.0010263
144,gyf,<code>gyf</code>,3,0.0010263
144,gyt,<code>gyt</code>,3,0.0010263
144,halgan,<code>halgan</code>,3,0.0010263
144,halige,<code>halige</code>,3,0.0010263
144,hryre,<code>hryre</code>,3,0.0010263
144,hu,<code>hu</code>,3,0.0010263
144,huse,<code>huse</code>,3,0.0010263
144,hw&aelig;t,<code>hw&amp;ae;t</code>,3,0.0010263
144,lamb,<code>lamb</code>,3,0.0010263
144,lifes,<code>lifes</code>,3,0.0010263
144,lufode,<code>lufode</code>,3,0.0010263
144,lytel,<code>lytel</code>,3,0.0010263
144,m&aelig;den,<code>m&amp;ae;den</code>,3,0.0010263
144,m&aelig;g,<code>m&amp;ae;g</code>,3,0.0010263
144,maran,<code>maran</code>,3,0.0010263
144,mare,<code>mare</code>,3,0.0010263
144,me,<code>me</code>,3,0.0010263
144,mede,<code>mede</code>,3,0.0010263
144,mennyscnysse,<code>mennyscnysse</code>,3,0.0010263
144,ofrian,<code>ofrian</code>,3,0.0010263
144,rihtlice,<code>rihtlice</code>,3,0.0010263
144,sceoldon,<code>sceoldon</code>,3,0.0010263
144,sum,<code>sum</code>,3,0.0010263
144,sylf,<code>sylf</code>,3,0.0010263
144,sylfum,<code>sylfum</code>,3,0.0010263
144,syndon,<code>syndon</code>,3,0.0010263
144,towyrp&eth;,<code>towyrp&amp;d;</code>,3,0.0010263
144,were,<code>were</code>,3,0.0010263
144,wuduwe,<code>wuduwe</code>,3,0.0010263
144,wuldor,<code>wuldor</code>,3,0.0010263
144,wunia&eth;,<code>wunia&amp;d;</code>,3,0.0010263
144,yfel,<code>yfel</code>,3,0.0010263
213,&aelig;hta,<code>&amp;ae;hta</code>,2,0.0006842
213,&aelig;ig&eth;er,<code>&amp;ae;ig&amp;d;er</code>,2,0.0006842
213,&aelig;lmihtiga,<code>&amp;ae;lmihtiga</code>,2,0.0006842
213,&aelig;rist,<code>&amp;ae;rist</code>,2,0.0006842
213,&aelig;riste,<code>&amp;ae;riste</code>,2,0.0006842
213,&aelig;tforan,<code>&amp;ae;tforan</code>,2,0.0006842
213,&eth;&aelig;r,<code>&amp;d;&amp;ae;r</code>,2,0.0006842
213,&eth;ing,<code>&amp;d;ing</code>,2,0.0006842
213,&eth;one,<code>&amp;d;one</code>,2,0.0006842
213,&eth;rowade,<code>&amp;d;rowade</code>,2,0.0006842
213,&thorn;eoda,<code>&amp;t;eoda</code>,2,0.0006842
213,&thorn;eos,<code>&amp;t;eos</code>,2,0.0006842
213,&thorn;eostra,<code>&amp;t;eostra</code>,2,0.0006842
213,&thorn;eowude,<code>&amp;t;eowude</code>,2,0.0006842
213,&thorn;ine,<code>&amp;t;ine</code>,2,0.0006842
213,&thorn;ines,<code>&amp;t;ines</code>,2,0.0006842
213,&thorn;ing,<code>&amp;t;ing</code>,2,0.0006842
213,&thorn;ingum,<code>&amp;t;ingum</code>,2,0.0006842
213,&thorn;urhgan,<code>&amp;t;urhgan</code>,2,0.0006842
213,abidan,<code>abidan</code>,2,0.0006842
213,acwellan,<code>acwellan</code>,2,0.0006842
213,afylled,<code>afylled</code>,2,0.0006842
213,alysan,<code>alysan</code>,2,0.0006842
213,ane,<code>ane</code>,2,0.0006842
213,annysse,<code>annysse</code>,2,0.0006842
213,anre,<code>anre</code>,2,0.0006842
213,astigan,<code>astigan</code>,2,0.0006842
213,beran,<code>beran</code>,2,0.0006842
213,binnan,<code>binnan</code>,2,0.0006842
213,by&eth;,<code>by&amp;d;</code>,2,0.0006842
213,byrig,<code>byrig</code>,2,0.0006842
213,cristena,<code>cristena</code>,2,0.0006842
213,cuma&eth;,<code>cuma&amp;d;</code>,2,0.0006842
213,cw&aelig;don,<code>cw&amp;ae;don</code>,2,0.0006842
213,cyld,<code>cyld</code>,2,0.0006842
213,cyldes,<code>cyldes</code>,2,0.0006842
213,cym&eth;,<code>cym&amp;d;</code>,2,0.0006842
213,d&aelig;l,<code>d&amp;ae;l</code>,2,0.0006842
213,dea&eth;,<code>dea&amp;d;</code>,2,0.0006842
213,dea&eth;es,<code>dea&amp;d;es</code>,2,0.0006842
213,drihten,<code>drihten</code>,2,0.0006842
213,eagan,<code>eagan</code>,2,0.0006842
213,eall,<code>eall</code>,2,0.0006842
213,earmum,<code>earmum</code>,2,0.0006842
213,ende,<code>ende</code>,2,0.0006842
213,feower,<code>feower</code>,2,0.0006842
213,feowertig,<code>feowertig</code>,2,0.0006842
213,fordemde,<code>fordemde</code>,2,0.0006842
213,forgeaf,<code>forgeaf</code>,2,0.0006842
213,forl&aelig;tst,<code>forl&amp;ae;tst</code>,2,0.0006842
213,frumcenned,<code>frumcenned</code>,2,0.0006842
213,galnysse,<code>galnysse</code>,2,0.0006842
213,gan,<code>gan</code>,2,0.0006842
213,gaste,<code>gaste</code>,2,0.0006842
213,ge&thorn;ohtas,<code>ge&amp;t;ohtas</code>,2,0.0006842
213,gear,<code>gear</code>,2,0.0006842
213,gearcodest,<code>gearcodest</code>,2,0.0006842
213,gehw&aelig;r,<code>gehw&amp;ae;r</code>,2,0.0006842
213,gehwa,<code>gehwa</code>,2,0.0006842
213,gemartyrod,<code>gemartyrod</code>,2,0.0006842
213,gemyndig,<code>gemyndig</code>,2,0.0006842
213,geoffra&eth;,<code>geoffra&amp;d;</code>,2,0.0006842
213,geoffrode,<code>geoffrode</code>,2,0.0006842
213,gesawon,<code>gesawon</code>,2,0.0006842
213,gesett,<code>gesett</code>,2,0.0006842
213,gestrangod,<code>gestrangod</code>,2,0.0006842
213,gesyh&eth;,<code>gesyh&amp;d;</code>,2,0.0006842
213,geti&eth;od,<code>geti&amp;d;od</code>,2,0.0006842
213,gewilnunge,<code>gewilnunge</code>,2,0.0006842
213,godcundnesse,<code>godcundnesse</code>,2,0.0006842
213,hadas,<code>hadas</code>,2,0.0006842
213,halwendan,<code>halwendan</code>,2,0.0006842
213,healde,<code>healde</code>,2,0.0006842
213,heofenum,<code>heofenum</code>,2,0.0006842
213,het,<code>het</code>,2,0.0006842
213,hundeahtatig,<code>hundeahtatig</code>,2,0.0006842
213,hysecild,<code>hysecild</code>,2,0.0006842
213,iohannes,<code>iohannes</code>,2,0.0006842
213,ioseph,<code>ioseph</code>,2,0.0006842
213,israhel,<code>israhel</code>,2,0.0006842
213,leahtras,<code>leahtras</code>,2,0.0006842
213,leohte,<code>leohte</code>,2,0.0006842
213,lichaman,<code>lichaman</code>,2,0.0006842
213,lichoman,<code>lichoman</code>,2,0.0006842
213,lufe,<code>lufe</code>,2,0.0006842
213,lufon,<code>lufon</code>,2,0.0006842
213,lyfa&eth;,<code>lyfa&amp;d;</code>,2,0.0006842
213,lyfode,<code>lyfode</code>,2,0.0006842
213,lytlan,<code>lytlan</code>,2,0.0006842
213,m&aelig;ig&eth;had,<code>m&amp;ae;ig&amp;d;had</code>,2,0.0006842
213,manegum,<code>manegum</code>,2,0.0006842
213,manna,<code>manna</code>,2,0.0006842
213,mannes,<code>mannes</code>,2,0.0006842
213,mariae,<code>mariae</code>,2,0.0006842
213,marian,<code>marian</code>,2,0.0006842
213,menniscnesse,<code>menniscnesse</code>,2,0.0006842
213,micel,<code>micel</code>,2,0.0006842
213,middaneardes,<code>middaneardes</code>,2,0.0006842
213,mine,<code>mine</code>,2,0.0006842
213,modegode,<code>modegode</code>,2,0.0006842
213,modignes,<code>modignes</code>,2,0.0006842
213,modor,<code>modor</code>,2,0.0006842
213,myhte,<code>myhte</code>,2,0.0006842
213,n&aelig;fre,<code>n&amp;ae;fre</code>,2,0.0006842
213,n&aelig;s,<code>n&amp;ae;s</code>,2,0.0006842
213,nella&eth;,<code>nella&amp;d;</code>,2,0.0006842
213,neode,<code>neode</code>,2,0.0006842
213,nis,<code>nis</code>,2,0.0006842
213,nyten,<code>nyten</code>,2,0.0006842
213,o&eth;,<code>o&amp;d;</code>,2,0.0006842
213,o&eth;er,<code>o&amp;d;er</code>,2,0.0006842
213,o&eth;rum,<code>o&amp;d;rum</code>,2,0.0006842
213,paulus,<code>paulus</code>,2,0.0006842
213,saule,<code>saule</code>,2,0.0006842
213,sceawa&eth;,<code>sceawa&amp;d;</code>,2,0.0006842
213,sceole,<code>sceole</code>,2,0.0006842
213,scyllingum,<code>scyllingum</code>,2,0.0006842
213,seofon,<code>seofon</code>,2,0.0006842
213,simeon,<code>simeon</code>,2,0.0006842
213,singan,<code>singan</code>,2,0.0006842
213,spr&aelig;c,<code>spr&amp;ae;c</code>,2,0.0006842
213,spr&aelig;con,<code>spr&amp;ae;con</code>,2,0.0006842
213,sprecan,<code>sprecan</code>,2,0.0006842
213,sylfwilles,<code>sylfwilles</code>,2,0.0006842
213,symle,<code>symle</code>,2,0.0006842
213,t&aelig;hte,<code>t&amp;ae;hte</code>,2,0.0006842
213,tacne,<code>tacne</code>,2,0.0006842
213,timan,<code>timan</code>,2,0.0006842
213,tocymes,<code>tocymes</code>,2,0.0006842
213,todr&aelig;f&eth;,<code>todr&amp;ae;f&amp;d;</code>,2,0.0006842
213,twegen,<code>twegen</code>,2,0.0006842
213,twyfealdlice,<code>twyfealdlice</code>,2,0.0006842
213,uncl&aelig;nan,<code>uncl&amp;ae;nan</code>,2,0.0006842
213,ungeleaffullan,<code>ungeleaffullan</code>,2,0.0006842
213,up,<code>up</code>,2,0.0006842
213,urum,<code>urum</code>,2,0.0006842
213,weorc,<code>weorc</code>,2,0.0006842
213,wer,<code>wer</code>,2,0.0006842
213,wi&eth;cw&aelig;don,<code>wi&amp;d;cw&amp;ae;don</code>,2,0.0006842
213,wi&eth;cweden,<code>wi&amp;d;cweden</code>,2,0.0006842
213,wisan,<code>wisan</code>,2,0.0006842
213,wisdome,<code>wisdome</code>,2,0.0006842
213,witegode,<code>witegode</code>,2,0.0006842
213,wudewan,<code>wudewan</code>,2,0.0006842
213,wuna&eth;,<code>wuna&amp;d;</code>,2,0.0006842
213,wunode,<code>wunode</code>,2,0.0006842
213,yfelnysse,<code>yfelnysse</code>,2,0.0006842
360,&aelig;cere,<code>&amp;ae;cere</code>,1,0.0003421
360,&aelig;g&eth;er,<code>&amp;ae;g&amp;d;er</code>,1,0.0003421
360,&aelig;htum,<code>&amp;ae;htum</code>,1,0.0003421
360,&aelig;ne,<code>&amp;ae;ne</code>,1,0.0003421
360,&aelig;rest,<code>&amp;ae;rest</code>,1,0.0003421
360,&aelig;we,<code>&amp;ae;we</code>,1,0.0003421
360,&amp;gytum,<code>&amp;amp;gytum</code>,1,0.0003421
360,&amp;swaru,<code>&amp;amp;swaru</code>,1,0.0003421
360,&eth;&aelig;m,<code>&amp;d;&amp;ae;m</code>,1,0.0003421
360,&eth;&aelig;s,<code>&amp;d;&amp;ae;s</code>,1,0.0003421
360,&eth;&aelig;t,<code>&amp;d;&amp;ae;t</code>,1,0.0003421
360,&eth;as,<code>&amp;d;as</code>,1,0.0003421
360,&eth;eawum,<code>&amp;d;eawum</code>,1,0.0003421
360,&eth;i,<code>&amp;d;i</code>,1,0.0003421
360,&eth;is,<code>&amp;d;is</code>,1,0.0003421
360,&eth;olast,<code>&amp;d;olast</code>,1,0.0003421
360,&eth;onne,<code>&amp;d;onne</code>,1,0.0003421
360,&eth;ry,<code>&amp;d;ry</code>,1,0.0003421
360,&eth;u,<code>&amp;d;u</code>,1,0.0003421
360,&eth;urfon,<code>&amp;d;urfon</code>,1,0.0003421
360,&eth;ysum,<code>&amp;d;ysum</code>,1,0.0003421
360,&#275;can,<code>&amp;e;can</code>,1,0.0003421
360,&#275;ce,<code>&amp;e;ce</code>,1,0.0003421
360,&thorn;&aelig;ra,<code>&amp;t;&amp;ae;ra</code>,1,0.0003421
360,&thorn;ancode,<code>&amp;t;ancode</code>,1,0.0003421
360,&thorn;eahhw&aelig;&eth;re,<code>&amp;t;eahhw&amp;ae;&amp;d;re</code>,1,0.0003421
360,&thorn;eahhw&aelig;&thorn;ere,<code>&amp;t;eahhw&amp;ae;&amp;t;ere</code>,1,0.0003421
360,&thorn;earfa,<code>&amp;t;earfa</code>,1,0.0003421
360,&thorn;earle,<code>&amp;t;earle</code>,1,0.0003421
360,&thorn;eostrum,<code>&amp;t;eostrum</code>,1,0.0003421
360,&thorn;es,<code>&amp;t;es</code>,1,0.0003421
360,&thorn;ider,<code>&amp;t;ider</code>,1,0.0003421
360,&thorn;inc,<code>&amp;t;inc</code>,1,0.0003421
360,&thorn;inc&eth;,<code>&amp;t;inc&amp;d;</code>,1,0.0003421
360,&thorn;incg,<code>&amp;t;incg</code>,1,0.0003421
360,&thorn;inra,<code>&amp;t;inra</code>,1,0.0003421
360,&thorn;inre,<code>&amp;t;inre</code>,1,0.0003421
360,&thorn;is,<code>&amp;t;is</code>,1,0.0003421
360,&thorn;ises,<code>&amp;t;ises</code>,1,0.0003421
360,&thorn;isre,<code>&amp;t;isre</code>,1,0.0003421
360,&thorn;riti,<code>&amp;t;riti</code>,1,0.0003421
360,&thorn;rittigfealde,<code>&amp;t;rittigfealde</code>,1,0.0003421
360,&thorn;rowa&eth;,<code>&amp;t;rowa&amp;d;</code>,1,0.0003421
360,&thorn;rowade,<code>&amp;t;rowade</code>,1,0.0003421
360,&thorn;urhteon,<code>&amp;t;urhteon</code>,1,0.0003421
360,&thorn;yder,<code>&amp;t;yder</code>,1,0.0003421
360,&thorn;yses,<code>&amp;t;yses</code>,1,0.0003421
360,&thorn;ysre,<code>&amp;t;ysre</code>,1,0.0003421
360,&thorn;ystrum,<code>&amp;t;ystrum</code>,1,0.0003421
360,a,<code>a</code>,1,0.0003421
360,acennednys,<code>acennednys</code>,1,0.0003421
360,acynde,<code>acynde</code>,1,0.0003421
360,adames,<code>adames</code>,1,0.0003421
360,adrifan,<code>adrifan</code>,1,0.0003421
360,adw&aelig;scan,<code>adw&amp;ae;scan</code>,1,0.0003421
360,alyfed,<code>alyfed</code>,1,0.0003421
360,alyfedum,<code>alyfedum</code>,1,0.0003421
360,alysde,<code>alysde</code>,1,0.0003421
360,alysend,<code>alysend</code>,1,0.0003421
360,amen,<code>amen</code>,1,0.0003421
360,ana,<code>ana</code>,1,0.0003421
360,andette,<code>andette</code>,1,0.0003421
360,andswaru,<code>andswaru</code>,1,0.0003421
360,anes,<code>anes</code>,1,0.0003421
360,anfealdlice,<code>anfealdlice</code>,1,0.0003421
360,annginn,<code>annginn</code>,1,0.0003421
360,ansyne,<code>ansyne</code>,1,0.0003421
360,apostolum,<code>apostolum</code>,1,0.0003421
360,ar&aelig;ran,<code>ar&amp;ae;ran</code>,1,0.0003421
360,aras,<code>aras</code>,1,0.0003421
360,arisan,<code>arisan</code>,1,0.0003421
360,astah,<code>astah</code>,1,0.0003421
360,awend,<code>awend</code>,1,0.0003421
360,awenda&eth;,<code>awenda&amp;d;</code>,1,0.0003421
360,awerp,<code>awerp</code>,1,0.0003421
360,awrite,<code>awrite</code>,1,0.0003421
360,b&aelig;d,<code>b&amp;ae;d</code>,1,0.0003421
360,bearnes,<code>bearnes</code>,1,0.0003421
360,beboda,<code>beboda</code>,1,0.0003421
360,bebodu,<code>bebodu</code>,1,0.0003421
360,bebodum,<code>bebodum</code>,1,0.0003421
360,beclypte,<code>beclypte</code>,1,0.0003421
360,bedde,<code>bedde</code>,1,0.0003421
360,beeode,<code>beeode</code>,1,0.0003421
360,bega&eth;,<code>bega&amp;d;</code>,1,0.0003421
360,begytan,<code>begytan</code>,1,0.0003421
360,behaten,<code>behaten</code>,1,0.0003421
360,behates,<code>behates</code>,1,0.0003421
360,behealde,<code>behealde</code>,1,0.0003421
360,behofode,<code>behofode</code>,1,0.0003421
360,behreowsian,<code>behreowsian</code>,1,0.0003421
360,behwurfan,<code>behwurfan</code>,1,0.0003421
360,beonne,<code>beonne</code>,1,0.0003421
360,beron,<code>beron</code>,1,0.0003421
360,bet&aelig;can,<code>bet&amp;ae;can</code>,1,0.0003421
360,betstan,<code>betstan</code>,1,0.0003421
360,bewep&eth;,<code>bewep&amp;d;</code>,1,0.0003421
360,bewepa&eth;,<code>bewepa&amp;d;</code>,1,0.0003421
360,bilewite,<code>bilewite</code>,1,0.0003421
360,bisne,<code>bisne</code>,1,0.0003421
360,bletsian,<code>bletsian</code>,1,0.0003421
360,bli&eth;e,<code>bli&amp;d;e</code>,1,0.0003421
360,blis,<code>blis</code>,1,0.0003421
360,blisse,<code>blisse</code>,1,0.0003421
360,bocum,<code>bocum</code>,1,0.0003421
360,brice,<code>brice</code>,1,0.0003421
360,bringenne,<code>bringenne</code>,1,0.0003421
360,bro&eth;orr&aelig;dene,<code>bro&amp;d;orr&amp;ae;dene</code>,1,0.0003421
360,bylewite,<code>bylewite</code>,1,0.0003421
360,bynnan,<code>bynnan</code>,1,0.0003421
360,cennynge,<code>cennynge</code>,1,0.0003421
360,cildes,<code>cildes</code>,1,0.0003421
360,cl&aelig;ne,<code>cl&amp;ae;ne</code>,1,0.0003421
360,cl&aelig;num,<code>cl&amp;ae;num</code>,1,0.0003421
360,clypode,<code>clypode</code>,1,0.0003421
360,come,<code>come</code>,1,0.0003421
360,cristenum,<code>cristenum</code>,1,0.0003421
360,cristesbec,<code>cristesbec</code>,1,0.0003421
360,cuce,<code>cuce</code>,1,0.0003421
360,culufran,<code>culufran</code>,1,0.0003421
360,cuman,<code>cuman</code>,1,0.0003421
360,cunnon,<code>cunnon</code>,1,0.0003421
360,cw&aelig;de,<code>cw&amp;ae;de</code>,1,0.0003421
360,cy&eth;don,<code>cy&amp;d;don</code>,1,0.0003421
360,cydde,<code>cydde</code>,1,0.0003421
360,cyldhade,<code>cyldhade</code>,1,0.0003421
360,cyrican,<code>cyrican</code>,1,0.0003421
360,cyriclicum,<code>cyriclicum</code>,1,0.0003421
360,cystigum,<code>cystigum</code>,1,0.0003421
360,d&aelig;de,<code>d&amp;ae;de</code>,1,0.0003421
360,d&aelig;ghwomlice,<code>d&amp;ae;ghwomlice</code>,1,0.0003421
360,d&aelig;ighwamlice,<code>d&amp;ae;ighwamlice</code>,1,0.0003421
360,de&eth;,<code>de&amp;d;</code>,1,0.0003421
360,dead,<code>dead</code>,1,0.0003421
360,deadlic,<code>deadlic</code>,1,0.0003421
360,deoful,<code>deoful</code>,1,0.0003421
360,dest,<code>dest</code>,1,0.0003421
360,dies,<code>dies</code>,1,0.0003421
360,do,<code>do</code>,1,0.0003421
360,don,<code>don</code>,1,0.0003421
360,doon,<code>doon</code>,1,0.0003421
360,dranc,<code>dranc</code>,1,0.0003421
360,dryhten,<code>dryhten</code>,1,0.0003421
360,ea&eth;modan,<code>ea&amp;d;modan</code>,1,0.0003421
360,ea&eth;mode,<code>ea&amp;d;mode</code>,1,0.0003421
360,ea&eth;modnysse,<code>ea&amp;d;modnysse</code>,1,0.0003421
360,eadigan,<code>eadigan</code>,1,0.0003421
360,eagum,<code>eagum</code>,1,0.0003421
360,eala,<code>eala</code>,1,0.0003421
360,eallswa,<code>eallswa</code>,1,0.0003421
360,ealswa,<code>ealswa</code>,1,0.0003421
360,earfo&eth;nysse,<code>earfo&amp;d;nysse</code>,1,0.0003421
360,earfo&eth;nyssum,<code>earfo&amp;d;nyssum</code>,1,0.0003421
360,earme,<code>earme</code>,1,0.0003421
360,eawe,<code>eawe</code>,1,0.0003421
360,ecean,<code>ecean</code>,1,0.0003421
360,ecere,<code>ecere</code>,1,0.0003421
360,ege,<code>ege</code>,1,0.0003421
360,eges,<code>eges</code>,1,0.0003421
360,engel,<code>engel</code>,1,0.0003421
360,eom,<code>eom</code>,1,0.0003421
360,eor&eth;e,<code>eor&amp;d;e</code>,1,0.0003421
360,eor&eth;lice,<code>eor&amp;d;lice</code>,1,0.0003421
360,eor&eth;licum,<code>eor&amp;d;licum</code>,1,0.0003421
360,eower,<code>eower</code>,1,0.0003421
360,estmettas,<code>estmettas</code>,1,0.0003421
360,estmettum,<code>estmettum</code>,1,0.0003421
360,et,<code>et</code>,1,0.0003421
360,f&aelig;stenu,<code>f&amp;ae;stenu</code>,1,0.0003421
360,f&aelig;stenum,<code>f&amp;ae;stenum</code>,1,0.0003421
360,febrvarii,<code>febrvarii</code>,1,0.0003421
360,fela,<code>fela</code>,1,0.0003421
360,ferde,<code>ferde</code>,1,0.0003421
360,fet,<code>fet</code>,1,0.0003421
360,fleoga&eth;,<code>fleoga&amp;d;</code>,1,0.0003421
360,flocm&aelig;lum,<code>flocm&amp;ae;lum</code>,1,0.0003421
360,fon,<code>fon</code>,1,0.0003421
360,for&eth;,<code>for&amp;d;</code>,1,0.0003421
360,forde&eth;,<code>forde&amp;d;</code>,1,0.0003421
360,forgeafe,<code>forgeafe</code>,1,0.0003421
360,forgitst,<code>forgitst</code>,1,0.0003421
360,forh&aelig;bban,<code>forh&amp;ae;bban</code>,1,0.0003421
360,forl&aelig;tan,<code>forl&amp;ae;tan</code>,1,0.0003421
360,forleose,<code>forleose</code>,1,0.0003421
360,forleton,<code>forleton</code>,1,0.0003421
360,forlyst,<code>forlyst</code>,1,0.0003421
360,forseo&eth;,<code>forseo&amp;d;</code>,1,0.0003421
360,fosterf&aelig;der,<code>fosterf&amp;ae;der</code>,1,0.0003421
360,fostorf&aelig;der,<code>fostorf&amp;ae;der</code>,1,0.0003421
360,frema&eth;,<code>frema&amp;d;</code>,1,0.0003421
360,frofer,<code>frofer</code>,1,0.0003421
360,fugelcyn,<code>fugelcyn</code>,1,0.0003421
360,fulluhtere,<code>fulluhtere</code>,1,0.0003421
360,fultum,<code>fultum</code>,1,0.0003421
360,fylig&eth;,<code>fylig&amp;d;</code>,1,0.0003421
360,galnyssa,<code>galnyssa</code>,1,0.0003421
360,gast,<code>gast</code>,1,0.0003421
360,gastes,<code>gastes</code>,1,0.0003421
360,ge&eth;ance,<code>ge&amp;d;ance</code>,1,0.0003421
360,ge&thorn;uht,<code>ge&amp;t;uht</code>,1,0.0003421
360,ge&thorn;yldelice,<code>ge&amp;t;yldelice</code>,1,0.0003421
360,geandbidod&#275;,<code>geandbidod&amp;e;</code>,1,0.0003421
360,geares,<code>geares</code>,1,0.0003421
360,gearum,<code>gearum</code>,1,0.0003421
360,geb&aelig;re,<code>geb&amp;ae;re</code>,1,0.0003421
360,gebeddan,<code>gebeddan</code>,1,0.0003421
360,gebedu,<code>gebedu</code>,1,0.0003421
360,geber,<code>geber</code>,1,0.0003421
360,gebetan,<code>gebetan</code>,1,0.0003421
360,gebeton,<code>gebeton</code>,1,0.0003421
360,gebodod,<code>gebodod</code>,1,0.0003421
360,geboren,<code>geboren</code>,1,0.0003421
360,gebrinc&eth;,<code>gebrinc&amp;d;</code>,1,0.0003421
360,gebringan,<code>gebringan</code>,1,0.0003421
360,gebroht,<code>gebroht</code>,1,0.0003421
360,gebrohte,<code>gebrohte</code>,1,0.0003421
360,gecorenum,<code>gecorenum</code>,1,0.0003421
360,gecweme,<code>gecweme</code>,1,0.0003421
360,gecy&eth;nesse,<code>gecy&amp;d;nesse</code>,1,0.0003421
360,gecynde,<code>gecynde</code>,1,0.0003421
360,gecyndelic,<code>gecyndelic</code>,1,0.0003421
360,gecyrdon,<code>gecyrdon</code>,1,0.0003421
360,gefeccan,<code>gefeccan</code>,1,0.0003421
360,gefrefrode,<code>gefrefrode</code>,1,0.0003421
360,gefyllan,<code>gefyllan</code>,1,0.0003421
360,gefyllednys,<code>gefyllednys</code>,1,0.0003421
360,gefyrn,<code>gefyrn</code>,1,0.0003421
360,geh&aelig;lenne,<code>geh&amp;ae;lenne</code>,1,0.0003421
360,gehaten,<code>gehaten</code>,1,0.0003421
360,gehealdene,<code>gehealdene</code>,1,0.0003421
360,gehwylcum,<code>gehwylcum</code>,1,0.0003421
360,gehyran,<code>gehyran</code>,1,0.0003421
360,gelacod,<code>gelacod</code>,1,0.0003421
360,geleafa,<code>geleafa</code>,1,0.0003421
360,geleafan,<code>geleafan</code>,1,0.0003421
360,geleaffullan,<code>geleaffullan</code>,1,0.0003421
360,geleaffullum,<code>geleaffullum</code>,1,0.0003421
360,gelomlice,<code>gelomlice</code>,1,0.0003421
360,gelyf&eth;,<code>gelyf&amp;d;</code>,1,0.0003421
360,gelyfa&eth;,<code>gelyfa&amp;d;</code>,1,0.0003421
360,gelyfde,<code>gelyfde</code>,1,0.0003421
360,gelyfdon,<code>gelyfdon</code>,1,0.0003421
360,gelyfe,<code>gelyfe</code>,1,0.0003421
360,gelyfedes,<code>gelyfedes</code>,1,0.0003421
360,gelyfedum,<code>gelyfedum</code>,1,0.0003421
360,genam,<code>genam</code>,1,0.0003421
360,geneal&aelig;cean,<code>geneal&amp;ae;cean</code>,1,0.0003421
360,genoh,<code>genoh</code>,1,0.0003421
360,genumen,<code>genumen</code>,1,0.0003421
360,geomergia&eth;,<code>geomergia&amp;d;</code>,1,0.0003421
360,geomerunge,<code>geomerunge</code>,1,0.0003421
360,geond,<code>geond</code>,1,0.0003421
360,gesceadwisnesse,<code>gesceadwisnesse</code>,1,0.0003421
360,geseah,<code>geseah</code>,1,0.0003421
360,geseh,<code>geseh</code>,1,0.0003421
360,geseo,<code>geseo</code>,1,0.0003421
360,gestreone,<code>gestreone</code>,1,0.0003421
360,geswicon,<code>geswicon</code>,1,0.0003421
360,geswinces,<code>geswinces</code>,1,0.0003421
360,geswutelastu,<code>geswutelastu</code>,1,0.0003421
360,geswutulast,<code>geswutulast</code>,1,0.0003421
360,gesyh&eth;e,<code>gesyh&amp;d;e</code>,1,0.0003421
360,getacna&eth;,<code>getacna&amp;d;</code>,1,0.0003421
360,getacnade,<code>getacnade</code>,1,0.0003421
360,getacnunge,<code>getacnunge</code>,1,0.0003421
360,getimbrod,<code>getimbrod</code>,1,0.0003421
360,getimie,<code>getimie</code>,1,0.0003421
360,geunrotsode,<code>geunrotsode</code>,1,0.0003421
360,gewitegod,<code>gewitegod</code>,1,0.0003421
360,geworhte,<code>geworhte</code>,1,0.0003421
360,gewundian,<code>gewundian</code>,1,0.0003421
360,gewylt,<code>gewylt</code>,1,0.0003421
360,godnesse,<code>godnesse</code>,1,0.0003421
360,godspel,<code>godspel</code>,1,0.0003421
360,godspelle,<code>godspelle</code>,1,0.0003421
360,goodnysse,<code>goodnysse</code>,1,0.0003421
360,gyfe,<code>gyfe</code>,1,0.0003421
360,gyrn&eth;,<code>gyrn&amp;d;</code>,1,0.0003421
360,gyrnde,<code>gyrnde</code>,1,0.0003421
360,h&aelig;f&eth;,<code>h&amp;ae;f&amp;d;</code>,1,0.0003421
360,h&aelig;lendes,<code>h&amp;ae;lendes</code>,1,0.0003421
360,h&aelig;me&eth;,<code>h&amp;ae;me&amp;d;</code>,1,0.0003421
360,h&aelig;se,<code>h&amp;ae;se</code>,1,0.0003421
360,h&#275;,<code>h&amp;e;</code>,1,0.0003421
360,habban,<code>habban</code>,1,0.0003421
360,hade,<code>hade</code>,1,0.0003421
360,hadum,<code>hadum</code>,1,0.0003421
360,halga,<code>halga</code>,1,0.0003421
360,halig,<code>halig</code>,1,0.0003421
360,haligra,<code>haligra</code>,1,0.0003421
360,halwenda,<code>halwenda</code>,1,0.0003421
360,handa,<code>handa</code>,1,0.0003421
360,handum,<code>handum</code>,1,0.0003421
360,healda&eth;,<code>healda&amp;d;</code>,1,0.0003421
360,healdan,<code>healdan</code>,1,0.0003421
360,hearma&eth;,<code>hearma&amp;d;</code>,1,0.0003421
360,hellegrunde,<code>hellegrunde</code>,1,0.0003421
360,hellewite,<code>hellewite</code>,1,0.0003421
360,heofenlican,<code>heofenlican</code>,1,0.0003421
360,heofon,<code>heofon</code>,1,0.0003421
360,heononfor&eth;,<code>heononfor&amp;d;</code>,1,0.0003421
360,her,<code>her</code>,1,0.0003421
360,heretogan,<code>heretogan</code>,1,0.0003421
360,hierusalem,<code>hierusalem</code>,1,0.0003421
360,hlaford,<code>hlaford</code>,1,0.0003421
360,hlyst,<code>hlyst</code>,1,0.0003421
360,hra&eth;e,<code>hra&amp;d;e</code>,1,0.0003421
360,hrepung,<code>hrepung</code>,1,0.0003421
360,hundeahtati,<code>hundeahtati</code>,1,0.0003421
360,hundfealde,<code>hundfealde</code>,1,0.0003421
360,huses,<code>huses</code>,1,0.0003421
360,husum,<code>husum</code>,1,0.0003421
360,hw&aelig;&eth;er,<code>hw&amp;ae;&amp;d;er</code>,1,0.0003421
360,hwylc,<code>hwylc</code>,1,0.0003421
360,hylt,<code>hylt</code>,1,0.0003421
360,hys,<code>hys</code>,1,0.0003421
360,idele,<code>idele</code>,1,0.0003421
360,iiii,<code>iiii</code>,1,0.0003421
360,impleti,<code>impleti</code>,1,0.0003421
360,in,<code>in</code>,1,0.0003421
360,ingange,<code>ingange</code>,1,0.0003421
360,isene,<code>isene</code>,1,0.0003421
360,israh&#275;l,<code>israh&amp;e;l</code>,1,0.0003421
360,l&aelig;ssan,<code>l&amp;ae;ssan</code>,1,0.0003421
360,l&aelig;tan,<code>l&amp;ae;tan</code>,1,0.0003421
360,land,<code>land</code>,1,0.0003421
360,lang,<code>lang</code>,1,0.0003421
360,lange,<code>lange</code>,1,0.0003421
360,leofa&eth;,<code>leofa&amp;d;</code>,1,0.0003421
360,leofode,<code>leofode</code>,1,0.0003421
360,lichamlice,<code>lichamlice</code>,1,0.0003421
360,lofe,<code>lofe</code>,1,0.0003421
360,lofsang,<code>lofsang</code>,1,0.0003421
360,lufia&eth;,<code>lufia&amp;d;</code>,1,0.0003421
360,lufige,<code>lufige</code>,1,0.0003421
360,lufu,<code>lufu</code>,1,0.0003421
360,lybba&eth;,<code>lybba&amp;d;</code>,1,0.0003421
360,lybban,<code>lybban</code>,1,0.0003421
360,lybbende,<code>lybbende</code>,1,0.0003421
360,lyf,<code>lyf</code>,1,0.0003421
360,lyst,<code>lyst</code>,1,0.0003421
360,lytle,<code>lytle</code>,1,0.0003421
360,m&aelig;&eth;e,<code>m&amp;ae;&amp;d;e</code>,1,0.0003421
360,m&aelig;dencild,<code>m&amp;ae;dencild</code>,1,0.0003421
360,m&aelig;dene,<code>m&amp;ae;dene</code>,1,0.0003421
360,m&aelig;g&eth;had,<code>m&amp;ae;g&amp;d;had</code>,1,0.0003421
360,m&aelig;ig&eth;hade,<code>m&amp;ae;ig&amp;d;hade</code>,1,0.0003421
360,m&aelig;nsumunge,<code>m&amp;ae;nsumunge</code>,1,0.0003421
360,m&#275;de,<code>m&amp;e;de</code>,1,0.0003421
360,magan,<code>magan</code>,1,0.0003421
360,mancynne,<code>mancynne</code>,1,0.0003421
360,mancynnes,<code>mancynnes</code>,1,0.0003421
360,manega,<code>manega</code>,1,0.0003421
360,martyr,<code>martyr</code>,1,0.0003421
360,micele,<code>micele</code>,1,0.0003421
360,micelre,<code>micelre</code>,1,0.0003421
360,mihta,<code>mihta</code>,1,0.0003421
360,mihte,<code>mihte</code>,1,0.0003421
360,mihton,<code>mihton</code>,1,0.0003421
360,min,<code>min</code>,1,0.0003421
360,mode,<code>mode</code>,1,0.0003421
360,moder,<code>moder</code>,1,0.0003421
360,modig,<code>modig</code>,1,0.0003421
360,modigan,<code>modigan</code>,1,0.0003421
360,modignesse,<code>modignesse</code>,1,0.0003421
360,moode,<code>moode</code>,1,0.0003421
360,mot,<code>mot</code>,1,0.0003421
360,mote,<code>mote</code>,1,0.0003421
360,moyses,<code>moyses</code>,1,0.0003421
360,murcnienne,<code>murcnienne</code>,1,0.0003421
360,mycele,<code>mycele</code>,1,0.0003421
360,mycelne,<code>mycelne</code>,1,0.0003421
360,myngunge,<code>myngunge</code>,1,0.0003421
360,n&aelig;bbon,<code>n&amp;ae;bbon</code>,1,0.0003421
360,n&aelig;iglas,<code>n&amp;ae;iglas</code>,1,0.0003421
360,n&aelig;nne,<code>n&amp;ae;nne</code>,1,0.0003421
360,n&aelig;re,<code>n&amp;ae;re</code>,1,0.0003421
360,naan,<code>naan</code>,1,0.0003421
360,nabba&eth;,<code>nabba&amp;d;</code>,1,0.0003421
360,nama,<code>nama</code>,1,0.0003421
360,nane,<code>nane</code>,1,0.0003421
360,nanes,<code>nanes</code>,1,0.0003421
360,nanre,<code>nanre</code>,1,0.0003421
360,nanum,<code>nanum</code>,1,0.0003421
360,nazare&eth;,<code>nazare&amp;d;</code>,1,0.0003421
360,nelt,<code>nelt</code>,1,0.0003421
360,neod,<code>neod</code>,1,0.0003421
360,neoda,<code>neoda</code>,1,0.0003421
360,nihte,<code>nihte</code>,1,0.0003421
360,nim&eth;,<code>nim&amp;d;</code>,1,0.0003421
360,niman,<code>niman</code>,1,0.0003421
360,nime,<code>nime</code>,1,0.0003421
360,noldon,<code>noldon</code>,1,0.0003421
360,nonas,<code>nonas</code>,1,0.0003421
360,ny,<code>ny</code>,1,0.0003421
360,nys,<code>nys</code>,1,0.0003421
360,nytenu,<code>nytenu</code>,1,0.0003421
360,nytenum,<code>nytenum</code>,1,0.0003421
360,o&eth;ere,<code>o&amp;d;ere</code>,1,0.0003421
360,o&eth;erne,<code>o&amp;d;erne</code>,1,0.0003421
360,o&eth;re,<code>o&amp;d;re</code>,1,0.0003421
360,o&thorn;er,<code>o&amp;t;er</code>,1,0.0003421
360,o&thorn;erne,<code>o&amp;t;erne</code>,1,0.0003421
360,o&thorn;rum,<code>o&amp;t;rum</code>,1,0.0003421
360,offrian,<code>offrian</code>,1,0.0003421
360,oflyst,<code>oflyst</code>,1,0.0003421
360,ofslegen,<code>ofslegen</code>,1,0.0003421
360,oft,<code>oft</code>,1,0.0003421
360,ofwundrode,<code>ofwundrode</code>,1,0.0003421
360,onbryrd,<code>onbryrd</code>,1,0.0003421
360,onbryrdnes,<code>onbryrdnes</code>,1,0.0003421
360,onbryrdnesse,<code>onbryrdnesse</code>,1,0.0003421
360,onbyrian,<code>onbyrian</code>,1,0.0003421
360,onbyrigde,<code>onbyrigde</code>,1,0.0003421
360,oncn&aelig;wst,<code>oncn&amp;ae;wst</code>,1,0.0003421
360,oncnawan,<code>oncnawan</code>,1,0.0003421
360,ondr&aelig;t,<code>ondr&amp;ae;t</code>,1,0.0003421
360,ongann,<code>ongann</code>,1,0.0003421
360,ongin&eth;,<code>ongin&amp;d;</code>,1,0.0003421
360,onwrigennesse,<code>onwrigennesse</code>,1,0.0003421
360,onwrigennysse,<code>onwrigennysse</code>,1,0.0003421
360,onwrigenysse,<code>onwrigenysse</code>,1,0.0003421
360,orfe,<code>orfe</code>,1,0.0003421
360,orm&aelig;te,<code>orm&amp;ae;te</code>,1,0.0003421
360,postquam,<code>postquam</code>,1,0.0003421
360,purgationis,<code>purgationis</code>,1,0.0003421
360,pvrificatione,<code>pvrificatione</code>,1,0.0003421
360,reliqua,<code>reliqua</code>,1,0.0003421
360,reste,<code>reste</code>,1,0.0003421
360,riht,<code>riht</code>,1,0.0003421
360,rihtne,<code>rihtne</code>,1,0.0003421
360,rihtre,<code>rihtre</code>,1,0.0003421
360,rihtwis,<code>rihtwis</code>,1,0.0003421
360,rixa&eth;,<code>rixa&amp;d;</code>,1,0.0003421
360,ryhtwise,<code>ryhtwise</code>,1,0.0003421
360,s&aelig;,<code>s&amp;ae;</code>,1,0.0003421
360,sanctae,<code>sanctae</code>,1,0.0003421
360,sceal,<code>sceal</code>,1,0.0003421
360,sceolun,<code>sceolun</code>,1,0.0003421
360,scolon,<code>scolon</code>,1,0.0003421
360,scyldige,<code>scyldige</code>,1,0.0003421
360,scyolon,<code>scyolon</code>,1,0.0003421
360,sealde,<code>sealde</code>,1,0.0003421
360,sec&eth;,<code>sec&amp;d;</code>,1,0.0003421
360,sende,<code>sende</code>,1,0.0003421
360,sibbe,<code>sibbe</code>,1,0.0003421
360,sidan,<code>sidan</code>,1,0.0003421
360,sind,<code>sind</code>,1,0.0003421
360,sindon,<code>sindon</code>,1,0.0003421
360,sinscype,<code>sinscype</code>,1,0.0003421
360,sint,<code>sint</code>,1,0.0003421
360,sixtifealde,<code>sixtifealde</code>,1,0.0003421
360,sl&aelig;p,<code>sl&amp;ae;p</code>,1,0.0003421
360,so&eth;,<code>so&amp;d;</code>,1,0.0003421
360,so&eth;an,<code>so&amp;d;an</code>,1,0.0003421
360,so&eth;e,<code>so&amp;d;e</code>,1,0.0003421
360,sohte,<code>sohte</code>,1,0.0003421
360,spellunge,<code>spellunge</code>,1,0.0003421
360,spere,<code>spere</code>,1,0.0003421
360,spreca&eth;,<code>spreca&amp;d;</code>,1,0.0003421
360,stenc,<code>stenc</code>,1,0.0003421
360,strangunge,<code>strangunge</code>,1,0.0003421
360,sume,<code>sume</code>,1,0.0003421
360,sunt,<code>sunt</code>,1,0.0003421
360,sw&aelig;c,<code>sw&amp;ae;c</code>,1,0.0003421
360,swilce,<code>swilce</code>,1,0.0003421
360,swy&eth;e,<code>swy&amp;d;e</code>,1,0.0003421
360,swylce,<code>swylce</code>,1,0.0003421
360,sybbe,<code>sybbe</code>,1,0.0003421
360,syllan,<code>syllan</code>,1,0.0003421
360,symeone,<code>symeone</code>,1,0.0003421
360,synd,<code>synd</code>,1,0.0003421
360,synga&eth;,<code>synga&amp;d;</code>,1,0.0003421
360,synne,<code>synne</code>,1,0.0003421
360,synnum,<code>synnum</code>,1,0.0003421
360,tacen,<code>tacen</code>,1,0.0003421
360,tacna,<code>tacna</code>,1,0.0003421
360,tellan,<code>tellan</code>,1,0.0003421
360,todr&aelig;fde,<code>todr&amp;ae;fde</code>,1,0.0003421
360,toeacan,<code>toeacan</code>,1,0.0003421
360,togeanes,<code>togeanes</code>,1,0.0003421
360,togenes,<code>togenes</code>,1,0.0003421
360,toworpen,<code>toworpen</code>,1,0.0003421
360,towurp&eth;,<code>towurp&amp;d;</code>,1,0.0003421
360,towurpan,<code>towurpan</code>,1,0.0003421
360,twyfealdlic,<code>twyfealdlic</code>,1,0.0003421
360,tydernes,<code>tydernes</code>,1,0.0003421
360,un&eth;eawas,<code>un&amp;d;eawas</code>,1,0.0003421
360,un&thorn;ances,<code>un&amp;t;ances</code>,1,0.0003421
360,uncl&aelig;ne,<code>uncl&amp;ae;ne</code>,1,0.0003421
360,uncl&aelig;nnesse,<code>uncl&amp;ae;nnesse</code>,1,0.0003421
360,uncyste,<code>uncyste</code>,1,0.0003421
360,undeadlic,<code>undeadlic</code>,1,0.0003421
360,underfeng,<code>underfeng</code>,1,0.0003421
360,underfon,<code>underfon</code>,1,0.0003421
360,understanda&eth;,<code>understanda&amp;d;</code>,1,0.0003421
360,ungeleaffullum,<code>ungeleaffullum</code>,1,0.0003421
360,unlustas,<code>unlustas</code>,1,0.0003421
360,unrotnes,<code>unrotnes</code>,1,0.0003421
360,unsc&aelig;&eth;&thorn;ig,<code>unsc&amp;ae;&amp;d;&amp;t;ig</code>,1,0.0003421
360,unsce&eth;&eth;ige,<code>unsce&amp;d;&amp;d;ige</code>,1,0.0003421
360,unsce&eth;&eth;inesse,<code>unsce&amp;d;&amp;d;inesse</code>,1,0.0003421
360,unspedig,<code>unspedig</code>,1,0.0003421
360,unsprecende,<code>unsprecende</code>,1,0.0003421
360,untod&aelig;ledlic,<code>untod&amp;ae;ledlic</code>,1,0.0003421
360,upstige,<code>upstige</code>,1,0.0003421
360,ut,<code>ut</code>,1,0.0003421
360,uton,<code>uton</code>,1,0.0003421
360,w&aelig;pmannum,<code>w&amp;ae;pmannum</code>,1,0.0003421
360,w&aelig;stma,<code>w&amp;ae;stma</code>,1,0.0003421
360,w&aelig;stmmes,<code>w&amp;ae;stmmes</code>,1,0.0003421
360,wanspedigra,<code>wanspedigra</code>,1,0.0003421
360,weorce,<code>weorce</code>,1,0.0003421
360,wi&eth;,<code>wi&amp;d;</code>,1,0.0003421
360,wi&eth;m&aelig;ten,<code>wi&amp;d;m&amp;ae;ten</code>,1,0.0003421
360,wi&eth;saca&eth;,<code>wi&amp;d;saca&amp;d;</code>,1,0.0003421
360,wife,<code>wife</code>,1,0.0003421
360,wifum,<code>wifum</code>,1,0.0003421
360,wile,<code>wile</code>,1,0.0003421
360,wimmannum,<code>wimmannum</code>,1,0.0003421
360,wis,<code>wis</code>,1,0.0003421
360,wisdom,<code>wisdom</code>,1,0.0003421
360,wiste,<code>wiste</code>,1,0.0003421
360,wite,<code>wite</code>,1,0.0003421
360,witegodon,<code>witegodon</code>,1,0.0003421
360,witegunge,<code>witegunge</code>,1,0.0003421
360,witighgean,<code>witighgean</code>,1,0.0003421
360,woldon,<code>woldon</code>,1,0.0003421
360,word,<code>word</code>,1,0.0003421
360,worda,<code>worda</code>,1,0.0003421
360,worde,<code>worde</code>,1,0.0003421
360,worhte,<code>worhte</code>,1,0.0003421
360,worigende,<code>worigende</code>,1,0.0003421
360,wuduwan,<code>wuduwan</code>,1,0.0003421
360,wunda,<code>wunda</code>,1,0.0003421
360,wundorlic,<code>wundorlic</code>,1,0.0003421
360,wundra,<code>wundra</code>,1,0.0003421
360,wydewanhad,<code>wydewanhad</code>,1,0.0003421
360,wydewe,<code>wydewe</code>,1,0.0003421
360,wylle,<code>wylle</code>,1,0.0003421
360,wyr&eth;e,<code>wyr&amp;d;e</code>,1,0.0003421
360,wyr&eth;mynte,<code>wyr&amp;d;mynte</code>,1,0.0003421
360,wytegan,<code>wytegan</code>,1,0.0003421
360,yfelan,<code>yfelan</code>,1,0.0003421
360,yfelnessa,<code>yfelnessa</code>,1,0.0003421
360,yfelnys,<code>yfelnys</code>,1,0.0003421
360,yrna&eth;,<code>yrna&amp;d;</code>,1,0.0003421
360,ys,<code>ys</code>,1,0.0003421
360,zacharias,<code>zacharias</code>,1,0.0003421
