B_Prose,B01,B01.002.003_AECHom_II__2_T02530.txt,828,572,2093
RANK,HTML WORD,RAW WORD,COUNT,RELATIVE FREQUENCY
1,and,<code>and</code>,110,0.0525561
2,to,<code>to</code>,48,0.0229336
3,&thorn;&aelig;t,<code>&amp;t;&amp;ae;t</code>,47,0.0224558
4,he,<code>he</code>,41,0.0195891
4,on,<code>on</code>,41,0.0195891
6,mid,<code>mid</code>,39,0.0186335
7,&eth;a,<code>&amp;d;a</code>,36,0.0172002
8,his,<code>his</code>,33,0.0157668
9,&thorn;a,<code>&amp;t;a</code>,32,0.0152891
10,hi,<code>hi</code>,31,0.0148113
11,heo,<code>heo</code>,30,0.0143335
12,ne,<code>ne</code>,23,0.0109890
12,se,<code>se</code>,23,0.0109890
14,&eth;am,<code>&amp;d;am</code>,21,0.0100334
15,&thorn;e,<code>&amp;t;e</code>,20,0.0095557
15,swa,<code>swa</code>,20,0.0095557
17,him,<code>him</code>,19,0.0090779
18,&thorn;&aelig;s,<code>&amp;t;&amp;ae;s</code>,18,0.0086001
19,&eth;e,<code>&amp;d;e</code>,17,0.0081223
19,hire,<code>hire</code>,17,0.0081223
19,w&aelig;s,<code>w&amp;ae;s</code>,17,0.0081223
22,halgan,<code>halgan</code>,16,0.0076445
23,wear&eth;,<code>wear&amp;d;</code>,14,0.0066890
24,&thorn;&aelig;re,<code>&amp;t;&amp;ae;re</code>,12,0.0057334
24,&thorn;am,<code>&amp;t;am</code>,12,0.0057334
24,cyrcan,<code>cyrcan</code>,12,0.0057334
27,&aelig;r,<code>&amp;ae;r</code>,11,0.0052556
27,ealle,<code>ealle</code>,11,0.0052556
27,for,<code>for</code>,11,0.0052556
27,ic,<code>ic</code>,11,0.0052556
27,sum,<code>sum</code>,11,0.0052556
32,ac,<code>ac</code>,10,0.0047778
32,godes,<code>godes</code>,10,0.0047778
32,hine,<code>hine</code>,10,0.0047778
32,man,<code>man</code>,10,0.0047778
36,&eth;&aelig;re,<code>&amp;d;&amp;ae;re</code>,9,0.0043000
36,&eth;an,<code>&amp;d;an</code>,9,0.0043000
36,micclum,<code>micclum</code>,9,0.0043000
36,seo,<code>seo</code>,9,0.0043000
40,&aelig;fter,<code>&amp;ae;fter</code>,8,0.0038223
40,heora,<code>heora</code>,8,0.0038223
40,is,<code>is</code>,8,0.0038223
40,stephanes,<code>stephanes</code>,8,0.0038223
40,we,<code>we</code>,8,0.0038223
45,&thorn;one,<code>&amp;t;one</code>,7,0.0033445
45,cy&eth;eres,<code>cy&amp;d;eres</code>,7,0.0033445
45,of,<code>of</code>,7,0.0033445
48,&eth;one,<code>&amp;d;one</code>,6,0.0028667
48,&thorn;urh,<code>&amp;t;urh</code>,6,0.0028667
48,an,<code>an</code>,6,0.0028667
48,aras,<code>aras</code>,6,0.0028667
48,be,<code>be</code>,6,0.0028667
48,bearn,<code>bearn</code>,6,0.0028667
48,buton,<code>buton</code>,6,0.0028667
48,eft,<code>eft</code>,6,0.0028667
48,eode,<code>eode</code>,6,0.0028667
48,hw&aelig;t,<code>hw&amp;ae;t</code>,6,0.0028667
48,lic,<code>lic</code>,6,0.0028667
59,&aelig;t,<code>&amp;ae;t</code>,5,0.0023889
59,&eth;urh,<code>&amp;d;urh</code>,5,0.0023889
59,&thorn;&aelig;rrihte,<code>&amp;t;&amp;ae;rrihte</code>,5,0.0023889
59,anum,<code>anum</code>,5,0.0023889
59,cild,<code>cild</code>,5,0.0023889
59,cy&eth;ere,<code>cy&amp;d;ere</code>,5,0.0023889
59,eadigan,<code>eadigan</code>,5,0.0023889
59,eallum,<code>eallum</code>,5,0.0023889
59,gemynde,<code>gemynde</code>,5,0.0023889
59,god,<code>god</code>,5,0.0023889
59,o&eth;erne,<code>o&amp;d;erne</code>,5,0.0023889
59,stephanus,<code>stephanus</code>,5,0.0023889
59,swuster,<code>swuster</code>,5,0.0023889
59,w&aelig;ron,<code>w&amp;ae;ron</code>,5,0.0023889
59,wif,<code>wif</code>,5,0.0023889
59,wolde,<code>wolde</code>,5,0.0023889
75,&eth;&aelig;s,<code>&amp;d;&amp;ae;s</code>,4,0.0019111
75,cw&aelig;&eth;,<code>cw&amp;ae;&amp;d;</code>,4,0.0019111
75,cwacigende,<code>cwacigende</code>,4,0.0019111
75,f&aelig;der,<code>f&amp;ae;der</code>,4,0.0019111
75,folc,<code>folc</code>,4,0.0019111
75,fram,<code>fram</code>,4,0.0019111
75,geb&aelig;d,<code>geb&amp;ae;d</code>,4,0.0019111
75,h&aelig;le,<code>h&amp;ae;le</code>,4,0.0019111
75,hring,<code>hring</code>,4,0.0019111
75,l&aelig;g,<code>l&amp;ae;g</code>,4,0.0019111
75,na,<code>na</code>,4,0.0019111
75,swi&eth;e,<code>swi&amp;d;e</code>,4,0.0019111
75,wer,<code>wer</code>,4,0.0019111
75,wyriunge,<code>wyriunge</code>,4,0.0019111
75,wyriungum,<code>wyriungum</code>,4,0.0019111
90,&eth;&aelig;r,<code>&amp;d;&amp;ae;r</code>,3,0.0014333
90,&eth;eah,<code>&amp;d;eah</code>,3,0.0014333
90,&thorn;us,<code>&amp;t;us</code>,3,0.0014333
90,beon,<code>beon</code>,3,0.0014333
90,biscop,<code>biscop</code>,3,0.0014333
90,bro&eth;er,<code>bro&amp;d;er</code>,3,0.0014333
90,crist,<code>crist</code>,3,0.0014333
90,cristes,<code>cristes</code>,3,0.0014333
90,dea&eth;e,<code>dea&amp;d;e</code>,3,0.0014333
90,deofol,<code>deofol</code>,3,0.0014333
90,drihten,<code>drihten</code>,3,0.0014333
90,dyde,<code>dyde</code>,3,0.0014333
90,eadiga,<code>eadiga</code>,3,0.0014333
90,efne,<code>efne</code>,3,0.0014333
90,ende,<code>ende</code>,3,0.0014333
90,fores&aelig;dan,<code>fores&amp;ae;dan</code>,3,0.0014333
90,frynd,<code>frynd</code>,3,0.0014333
90,geleafan,<code>geleafan</code>,3,0.0014333
90,geswenct,<code>geswenct</code>,3,0.0014333
90,gewat,<code>gewat</code>,3,0.0014333
90,halga,<code>halga</code>,3,0.0014333
90,m&aelig;ssepreost,<code>m&amp;ae;ssepreost</code>,3,0.0014333
90,men,<code>men</code>,3,0.0014333
90,micelre,<code>micelre</code>,3,0.0014333
90,mihte,<code>mihte</code>,3,0.0014333
90,mihton,<code>mihton</code>,3,0.0014333
90,moder,<code>moder</code>,3,0.0014333
90,nan,<code>nan</code>,3,0.0014333
90,neawiste,<code>neawiste</code>,3,0.0014333
90,ongean,<code>ongean</code>,3,0.0014333
90,snode,<code>snode</code>,3,0.0014333
90,sunu,<code>sunu</code>,3,0.0014333
90,swilce,<code>swilce</code>,3,0.0014333
90,tunecan,<code>tunecan</code>,3,0.0014333
90,under,<code>under</code>,3,0.0014333
90,witodlice,<code>witodlice</code>,3,0.0014333
90,wope,<code>wope</code>,3,0.0014333
90,wundra,<code>wundra</code>,3,0.0014333
90,ylcan,<code>ylcan</code>,3,0.0014333
90,yrm&eth;e,<code>yrm&amp;d;e</code>,3,0.0014333
130,&aelig;nne,<code>&amp;ae;nne</code>,2,0.0009556
130,&aelig;teowode,<code>&amp;ae;teowode</code>,2,0.0009556
130,&aelig;tforan,<code>&amp;ae;tforan</code>,2,0.0009556
130,&eth;&aelig;rrihte,<code>&amp;d;&amp;ae;rrihte</code>,2,0.0009556
130,&eth;ingunge,<code>&amp;d;ingunge</code>,2,0.0009556
130,&eth;inne,<code>&amp;d;inne</code>,2,0.0009556
130,&eth;onne,<code>&amp;d;onne</code>,2,0.0009556
130,&eth;u,<code>&amp;d;u</code>,2,0.0009556
130,&thorn;&aelig;r,<code>&amp;t;&amp;ae;r</code>,2,0.0009556
130,&thorn;eah,<code>&amp;t;eah</code>,2,0.0009556
130,&thorn;ider,<code>&amp;t;ider</code>,2,0.0009556
130,&thorn;onne,<code>&amp;t;onne</code>,2,0.0009556
130,&thorn;u,<code>&amp;t;u</code>,2,0.0009556
130,a,<code>a</code>,2,0.0009556
130,agene,<code>agene</code>,2,0.0009556
130,andwyrde,<code>andwyrde</code>,2,0.0009556
130,ansund,<code>ansund</code>,2,0.0009556
130,b&aelig;d,<code>b&amp;ae;d</code>,2,0.0009556
130,becom,<code>becom</code>,2,0.0009556
130,biddende,<code>biddende</code>,2,0.0009556
130,bifunge,<code>bifunge</code>,2,0.0009556
130,blind,<code>blind</code>,2,0.0009556
130,blissodon,<code>blissodon</code>,2,0.0009556
130,bre&eth;er,<code>bre&amp;d;er</code>,2,0.0009556
130,byrig,<code>byrig</code>,2,0.0009556
130,clypode,<code>clypode</code>,2,0.0009556
130,cniht,<code>cniht</code>,2,0.0009556
130,cristen,<code>cristen</code>,2,0.0009556
130,cwacode,<code>cwacode</code>,2,0.0009556
130,cwacunge,<code>cwacunge</code>,2,0.0009556
130,do&eth;,<code>do&amp;d;</code>,2,0.0009556
130,dohtor,<code>dohtor</code>,2,0.0009556
130,earme,<code>earme</code>,2,0.0009556
130,ele,<code>ele</code>,2,0.0009556
130,eowerum,<code>eowerum</code>,2,0.0009556
130,f&aelig;rlice,<code>f&amp;ae;rlice</code>,2,0.0009556
130,f&aelig;ste,<code>f&amp;ae;ste</code>,2,0.0009556
130,ferde,<code>ferde</code>,2,0.0009556
130,fl&aelig;sce,<code>fl&amp;ae;sce</code>,2,0.0009556
130,folce,<code>folce</code>,2,0.0009556
130,for&eth;si&eth;,<code>for&amp;d;si&amp;d;</code>,2,0.0009556
130,forgeafe,<code>forgeafe</code>,2,0.0009556
130,forsuwian,<code>forsuwian</code>,2,0.0009556
130,fotum,<code>fotum</code>,2,0.0009556
130,fulluhte,<code>fulluhte</code>,2,0.0009556
130,fyrmest,<code>fyrmest</code>,2,0.0009556
130,gan,<code>gan</code>,2,0.0009556
130,ge,<code>ge</code>,2,0.0009556
130,gebigde,<code>gebigde</code>,2,0.0009556
130,gebro&eth;ra,<code>gebro&amp;d;ra</code>,2,0.0009556
130,gecyrde,<code>gecyrde</code>,2,0.0009556
130,geedcucode,<code>geedcucode</code>,2,0.0009556
130,gefette,<code>gefette</code>,2,0.0009556
130,gefremode,<code>gefremode</code>,2,0.0009556
130,gefullod,<code>gefullod</code>,2,0.0009556
130,geh&aelig;led,<code>geh&amp;ae;led</code>,2,0.0009556
130,geh&aelig;ledan,<code>geh&amp;ae;ledan</code>,2,0.0009556
130,geh&aelig;lede,<code>geh&amp;ae;lede</code>,2,0.0009556
130,gehaten,<code>gehaten</code>,2,0.0009556
130,gelamp,<code>gelamp</code>,2,0.0009556
130,gelyfed,<code>gelyfed</code>,2,0.0009556
130,gemette,<code>gemette</code>,2,0.0009556
130,gesawon,<code>gesawon</code>,2,0.0009556
130,geseah,<code>geseah</code>,2,0.0009556
130,geswutelod,<code>geswutelod</code>,2,0.0009556
130,getimige,<code>getimige</code>,2,0.0009556
130,gif,<code>gif</code>,2,0.0009556
130,gode,<code>gode</code>,2,0.0009556
130,grine,<code>grine</code>,2,0.0009556
130,h&aelig;&eth;enan,<code>h&amp;ae;&amp;d;enan</code>,2,0.0009556
130,h&aelig;fde,<code>h&amp;ae;fde</code>,2,0.0009556
130,ham,<code>ham</code>,2,0.0009556
130,hatte,<code>hatte</code>,2,0.0009556
130,heofonum,<code>heofonum</code>,2,0.0009556
130,herunge,<code>herunge</code>,2,0.0009556
130,herungum,<code>herungum</code>,2,0.0009556
130,het,<code>het</code>,2,0.0009556
130,hit,<code>hit</code>,2,0.0009556
130,hiwe,<code>hiwe</code>,2,0.0009556
130,hw&aelig;thwega,<code>hw&amp;ae;thwega</code>,2,0.0009556
130,landes,<code>landes</code>,2,0.0009556
130,leng,<code>leng</code>,2,0.0009556
130,limum,<code>limum</code>,2,0.0009556
130,m&aelig;g,<code>m&amp;ae;g</code>,2,0.0009556
130,magon,<code>magon</code>,2,0.0009556
130,mannes,<code>mannes</code>,2,0.0009556
130,me,<code>me</code>,2,0.0009556
130,min,<code>min</code>,2,0.0009556
130,mine,<code>mine</code>,2,0.0009556
130,minum,<code>minum</code>,2,0.0009556
130,mu&eth;e,<code>mu&amp;d;e</code>,2,0.0009556
130,nextan,<code>nextan</code>,2,0.0009556
130,o&eth;&eth;e,<code>o&amp;d;&amp;d;e</code>,2,0.0009556
130,o&eth;rum,<code>o&amp;d;rum</code>,2,0.0009556
130,orm&aelig;tre,<code>orm&amp;ae;tre</code>,2,0.0009556
130,paulus,<code>paulus</code>,2,0.0009556
130,r&aelig;de,<code>r&amp;ae;de</code>,2,0.0009556
130,rehte,<code>rehte</code>,2,0.0009556
130,rice,<code>rice</code>,2,0.0009556
130,samod,<code>samod</code>,2,0.0009556
130,sawle,<code>sawle</code>,2,0.0009556
130,sceolde,<code>sceolde</code>,2,0.0009556
130,si&eth;&eth;an,<code>si&amp;d;&amp;d;an</code>,2,0.0009556
130,sl&aelig;pe,<code>sl&amp;ae;pe</code>,2,0.0009556
130,slagan,<code>slagan</code>,2,0.0009556
130,sona,<code>sona</code>,2,0.0009556
130,standan,<code>standan</code>,2,0.0009556
130,stod,<code>stod</code>,2,0.0009556
130,sume,<code>sume</code>,2,0.0009556
130,sumes,<code>sumes</code>,2,0.0009556
130,sylfe,<code>sylfe</code>,2,0.0009556
130,tacn,<code>tacn</code>,2,0.0009556
130,teonan,<code>teonan</code>,2,0.0009556
130,tihte,<code>tihte</code>,2,0.0009556
130,twegen,<code>twegen</code>,2,0.0009556
130,untrumnysse,<code>untrumnysse</code>,2,0.0009556
130,ure,<code>ure</code>,2,0.0009556
130,urnon,<code>urnon</code>,2,0.0009556
130,us,<code>us</code>,2,0.0009556
130,wege,<code>wege</code>,2,0.0009556
130,weres,<code>weres</code>,2,0.0009556
130,wi&eth;,<code>wi&amp;d;</code>,2,0.0009556
130,wuldorfullan,<code>wuldorfullan</code>,2,0.0009556
130,wur&eth;ia&eth;,<code>wur&amp;d;ia&amp;d;</code>,2,0.0009556
130,wurdon,<code>wurdon</code>,2,0.0009556
130,wyrian,<code>wyrian</code>,2,0.0009556
130,wyrige,<code>wyrige</code>,2,0.0009556
257,&aelig;,<code>&amp;ae;</code>,1,0.0004778
257,&aelig;&eth;elborenre,<code>&amp;ae;&amp;d;elborenre</code>,1,0.0004778
257,&aelig;&thorn;elboren,<code>&amp;ae;&amp;t;elboren</code>,1,0.0004778
257,&aelig;bilignysse,<code>&amp;ae;bilignysse</code>,1,0.0004778
257,&aelig;ftergengan,<code>&amp;ae;ftergengan</code>,1,0.0004778
257,&aelig;l&eth;eodig,<code>&amp;ae;l&amp;d;eodig</code>,1,0.0004778
257,&aelig;l&eth;eodigan,<code>&amp;ae;l&amp;d;eodigan</code>,1,0.0004778
257,&aelig;lc,<code>&amp;ae;lc</code>,1,0.0004778
257,&aelig;lcere,<code>&amp;ae;lcere</code>,1,0.0004778
257,&aelig;lmihtigan,<code>&amp;ae;lmihtigan</code>,1,0.0004778
257,&aelig;lmihtigum,<code>&amp;ae;lmihtigum</code>,1,0.0004778
257,&aelig;rendraca,<code>&amp;ae;rendraca</code>,1,0.0004778
257,&aelig;rest,<code>&amp;ae;rest</code>,1,0.0004778
257,&aelig;rnemerien,<code>&amp;ae;rnemerien</code>,1,0.0004778
257,&aelig;rran,<code>&amp;ae;rran</code>,1,0.0004778
257,&eth;&aelig;ra,<code>&amp;d;&amp;ae;ra</code>,1,0.0004778
257,&eth;ancode,<code>&amp;d;ancode</code>,1,0.0004778
257,&eth;as,<code>&amp;d;as</code>,1,0.0004778
257,&eth;earle,<code>&amp;d;earle</code>,1,0.0004778
257,&eth;enunge,<code>&amp;d;enunge</code>,1,0.0004778
257,&eth;enungum,<code>&amp;d;enungum</code>,1,0.0004778
257,&eth;es,<code>&amp;d;es</code>,1,0.0004778
257,&eth;ine,<code>&amp;d;ine</code>,1,0.0004778
257,&eth;ing,<code>&amp;d;ing</code>,1,0.0004778
257,&eth;isum,<code>&amp;d;isum</code>,1,0.0004778
257,&eth;reo,<code>&amp;d;reo</code>,1,0.0004778
257,&eth;riddan,<code>&amp;d;riddan</code>,1,0.0004778
257,&eth;rowade,<code>&amp;d;rowade</code>,1,0.0004778
257,&eth;rowige,<code>&amp;d;rowige</code>,1,0.0004778
257,&eth;rowunge,<code>&amp;d;rowunge</code>,1,0.0004778
257,&eth;urhslegen,<code>&amp;d;urhslegen</code>,1,0.0004778
257,&eth;yderweard,<code>&amp;d;yderweard</code>,1,0.0004778
257,&eth;ysum,<code>&amp;d;ysum</code>,1,0.0004778
257,&thorn;as,<code>&amp;t;as</code>,1,0.0004778
257,&thorn;egen,<code>&amp;t;egen</code>,1,0.0004778
257,&thorn;es,<code>&amp;t;es</code>,1,0.0004778
257,&thorn;ine,<code>&amp;t;ine</code>,1,0.0004778
257,&thorn;ingunge,<code>&amp;t;ingunge</code>,1,0.0004778
257,&thorn;is,<code>&amp;t;is</code>,1,0.0004778
257,&thorn;ises,<code>&amp;t;ises</code>,1,0.0004778
257,&thorn;isne,<code>&amp;t;isne</code>,1,0.0004778
257,&thorn;issera,<code>&amp;t;issera</code>,1,0.0004778
257,&thorn;isum,<code>&amp;t;isum</code>,1,0.0004778
257,&thorn;ry,<code>&amp;t;ry</code>,1,0.0004778
257,&thorn;wyrlice,<code>&amp;t;wyrlice</code>,1,0.0004778
257,&thorn;y,<code>&amp;t;y</code>,1,0.0004778
257,&thorn;yses,<code>&amp;t;yses</code>,1,0.0004778
257,a&eth;olian,<code>a&amp;d;olian</code>,1,0.0004778
257,a&eth;um,<code>a&amp;d;um</code>,1,0.0004778
257,a&thorn;umme,<code>a&amp;t;umme</code>,1,0.0004778
257,ab&aelig;de,<code>ab&amp;ae;de</code>,1,0.0004778
257,ab&aelig;r,<code>ab&amp;ae;r</code>,1,0.0004778
257,accipe,<code>accipe</code>,1,0.0004778
257,acwealde,<code>acwealde</code>,1,0.0004778
257,adligan,<code>adligan</code>,1,0.0004778
257,adligne,<code>adligne</code>,1,0.0004778
257,adraf,<code>adraf</code>,1,0.0004778
257,adylegode,<code>adylegode</code>,1,0.0004778
257,afunde,<code>afunde</code>,1,0.0004778
257,agenne,<code>agenne</code>,1,0.0004778
257,agenre,<code>agenre</code>,1,0.0004778
257,agoten,<code>agoten</code>,1,0.0004778
257,ahafen,<code>ahafen</code>,1,0.0004778
257,aheng,<code>aheng</code>,1,0.0004778
257,ahof,<code>ahof</code>,1,0.0004778
257,alyfed,<code>alyfed</code>,1,0.0004778
257,amen,<code>amen</code>,1,0.0004778
257,andwerdnysse,<code>andwerdnysse</code>,1,0.0004778
257,andwyrdon,<code>andwyrdon</code>,1,0.0004778
257,anre,<code>anre</code>,1,0.0004778
257,apostol,<code>apostol</code>,1,0.0004778
257,ar&aelig;fnian,<code>ar&amp;ae;fnian</code>,1,0.0004778
257,ar&aelig;rde,<code>ar&amp;ae;rde</code>,1,0.0004778
257,arf&aelig;stlice,<code>arf&amp;ae;stlice</code>,1,0.0004778
257,arf&aelig;stnysse,<code>arf&amp;ae;stnysse</code>,1,0.0004778
257,arwur&eth;a,<code>arwur&amp;d;a</code>,1,0.0004778
257,asende,<code>asende</code>,1,0.0004778
257,astah,<code>astah</code>,1,0.0004778
257,astod,<code>astod</code>,1,0.0004778
257,astreht,<code>astreht</code>,1,0.0004778
257,astyrod,<code>astyrod</code>,1,0.0004778
257,atelican,<code>atelican</code>,1,0.0004778
257,atelicere,<code>atelicere</code>,1,0.0004778
257,augustinus,<code>augustinus</code>,1,0.0004778
257,awritan,<code>awritan</code>,1,0.0004778
257,awriten,<code>awriten</code>,1,0.0004778
257,awyrian,<code>awyrian</code>,1,0.0004778
257,b&aelig;de,<code>b&amp;ae;de</code>,1,0.0004778
257,b&aelig;don,<code>b&amp;ae;don</code>,1,0.0004778
257,b&aelig;r,<code>b&amp;ae;r</code>,1,0.0004778
257,bagrade,<code>bagrade</code>,1,0.0004778
257,beah,<code>beah</code>,1,0.0004778
257,bec,<code>bec</code>,1,0.0004778
257,becnytte,<code>becnytte</code>,1,0.0004778
257,becomon,<code>becomon</code>,1,0.0004778
257,bedypte,<code>bedypte</code>,1,0.0004778
257,befran,<code>befran</code>,1,0.0004778
257,begyrd,<code>begyrd</code>,1,0.0004778
257,begyrde,<code>begyrde</code>,1,0.0004778
257,beheold,<code>beheold</code>,1,0.0004778
257,belifian,<code>belifian</code>,1,0.0004778
257,bendum,<code>bendum</code>,1,0.0004778
257,beo&eth;,<code>beo&amp;d;</code>,1,0.0004778
257,besargodon,<code>besargodon</code>,1,0.0004778
257,bet&aelig;con,<code>bet&amp;ae;con</code>,1,0.0004778
257,betwux,<code>betwux</code>,1,0.0004778
257,bewunden,<code>bewunden</code>,1,0.0004778
257,biterlice,<code>biterlice</code>,1,0.0004778
257,bitt,<code>bitt</code>,1,0.0004778
257,bletsian,<code>bletsian</code>,1,0.0004778
257,bli&eth;um,<code>bli&amp;d;um</code>,1,0.0004778
257,blisse,<code>blisse</code>,1,0.0004778
257,blissigendan,<code>blissigendan</code>,1,0.0004778
257,blissigende,<code>blissigende</code>,1,0.0004778
257,blissigendra,<code>blissigendra</code>,1,0.0004778
257,blod,<code>blod</code>,1,0.0004778
257,blostman,<code>blostman</code>,1,0.0004778
257,bro&eth;erlicere,<code>bro&amp;d;erlicere</code>,1,0.0004778
257,bro&eth;or,<code>bro&amp;d;or</code>,1,0.0004778
257,broce,<code>broce</code>,1,0.0004778
257,brohte,<code>brohte</code>,1,0.0004778
257,byrnendre,<code>byrnendre</code>,1,0.0004778
257,bysne,<code>bysne</code>,1,0.0004778
257,cappadocia,<code>cappadocia</code>,1,0.0004778
257,cilde,<code>cilde</code>,1,0.0004778
257,cildes,<code>cildes</code>,1,0.0004778
257,clypunga,<code>clypunga</code>,1,0.0004778
257,clypungum,<code>clypungum</code>,1,0.0004778
257,cnapan,<code>cnapan</code>,1,0.0004778
257,cneowa,<code>cneowa</code>,1,0.0004778
257,cneowum,<code>cneowum</code>,1,0.0004778
257,cnottum,<code>cnottum</code>,1,0.0004778
257,com,<code>com</code>,1,0.0004778
257,come,<code>come</code>,1,0.0004778
257,comon,<code>comon</code>,1,0.0004778
257,cosse,<code>cosse</code>,1,0.0004778
257,criste,<code>criste</code>,1,0.0004778
257,cristenra,<code>cristenra</code>,1,0.0004778
257,cu&eth;an,<code>cu&amp;d;an</code>,1,0.0004778
257,cucu,<code>cucu</code>,1,0.0004778
257,cw&aelig;don,<code>cw&amp;ae;don</code>,1,0.0004778
257,cwe&eth;ende,<code>cwe&amp;d;ende</code>,1,0.0004778
257,cwellerum,<code>cwellerum</code>,1,0.0004778
257,cwy&eth;,<code>cwy&amp;d;</code>,1,0.0004778
257,cwylminge,<code>cwylminge</code>,1,0.0004778
257,cy&eth;erum,<code>cy&amp;d;erum</code>,1,0.0004778
257,cydde,<code>cydde</code>,1,0.0004778
257,cyddon,<code>cyddon</code>,1,0.0004778
257,cyrce,<code>cyrce</code>,1,0.0004778
257,cyrclicum,<code>cyrclicum</code>,1,0.0004778
257,d&aelig;da,<code>d&amp;ae;da</code>,1,0.0004778
257,d&aelig;ge,<code>d&amp;ae;ge</code>,1,0.0004778
257,d&aelig;ghwomlice,<code>d&amp;ae;ghwomlice</code>,1,0.0004778
257,de&eth;,<code>de&amp;d;</code>,1,0.0004778
257,dehter,<code>dehter</code>,1,0.0004778
257,dema,<code>dema</code>,1,0.0004778
257,deman,<code>deman</code>,1,0.0004778
257,deme,<code>deme</code>,1,0.0004778
257,deofle,<code>deofle</code>,1,0.0004778
257,deofles,<code>deofles</code>,1,0.0004778
257,deoflicum,<code>deoflicum</code>,1,0.0004778
257,deofollicum,<code>deofollicum</code>,1,0.0004778
257,deofolseoc,<code>deofolseoc</code>,1,0.0004778
257,dest,<code>dest</code>,1,0.0004778
257,dreorig,<code>dreorig</code>,1,0.0004778
257,dydon,<code>dydon</code>,1,0.0004778
257,ea,<code>ea</code>,1,0.0004778
257,eac,<code>eac</code>,1,0.0004778
257,eadmodlice,<code>eadmodlice</code>,1,0.0004778
257,ealdordom,<code>ealdordom</code>,1,0.0004778
257,ealgian,<code>ealgian</code>,1,0.0004778
257,ealla,<code>ealla</code>,1,0.0004778
257,earan,<code>earan</code>,1,0.0004778
257,earfo&eth;lice,<code>earfo&amp;d;lice</code>,1,0.0004778
257,earman,<code>earman</code>,1,0.0004778
257,easterd&aelig;ge,<code>easterd&amp;ae;ge</code>,1,0.0004778
257,easterlicum,<code>easterlicum</code>,1,0.0004778
257,eastertide,<code>eastertide</code>,1,0.0004778
257,eastron,<code>eastron</code>,1,0.0004778
257,eawf&aelig;st,<code>eawf&amp;ae;st</code>,1,0.0004778
257,eawf&aelig;stnysse,<code>eawf&amp;ae;stnysse</code>,1,0.0004778
257,ecnysse,<code>ecnysse</code>,1,0.0004778
257,edwyrpinge,<code>edwyrpinge</code>,1,0.0004778
257,egeslican,<code>egeslican</code>,1,0.0004778
257,egeslice,<code>egeslice</code>,1,0.0004778
257,ehterum,<code>ehterum</code>,1,0.0004778
257,elcode,<code>elcode</code>,1,0.0004778
257,endebyrdnysse,<code>endebyrdnysse</code>,1,0.0004778
257,eodon,<code>eodon</code>,1,0.0004778
257,eor&eth;an,<code>eor&amp;d;an</code>,1,0.0004778
257,eornostlice,<code>eornostlice</code>,1,0.0004778
257,eow,<code>eow</code>,1,0.0004778
257,eowre,<code>eowre</code>,1,0.0004778
257,eowres,<code>eowres</code>,1,0.0004778
257,eucharius,<code>eucharius</code>,1,0.0004778
257,f&aelig;deras,<code>f&amp;ae;deras</code>,1,0.0004778
257,f&aelig;gnodon,<code>f&amp;ae;gnodon</code>,1,0.0004778
257,f&aelig;gnunge,<code>f&amp;ae;gnunge</code>,1,0.0004778
257,fante,<code>fante</code>,1,0.0004778
257,fantf&aelig;te,<code>fantf&amp;ae;te</code>,1,0.0004778
257,feawa,<code>feawa</code>,1,0.0004778
257,feax,<code>feax</code>,1,0.0004778
257,fela,<code>fela</code>,1,0.0004778
257,feohtende,<code>feohtende</code>,1,0.0004778
257,feondlican,<code>feondlican</code>,1,0.0004778
257,ferdon,<code>ferdon</code>,1,0.0004778
257,filigde,<code>filigde</code>,1,0.0004778
257,flowendum,<code>flowendum</code>,1,0.0004778
257,folces,<code>folces</code>,1,0.0004778
257,for&eth;ferde,<code>for&amp;d;ferde</code>,1,0.0004778
257,for&eth;si&eth;e,<code>for&amp;d;si&amp;d;e</code>,1,0.0004778
257,forde&eth;,<code>forde&amp;d;</code>,1,0.0004778
257,fordon,<code>fordon</code>,1,0.0004778
257,fores&aelig;dum,<code>fores&amp;ae;dum</code>,1,0.0004778
257,forma,<code>forma</code>,1,0.0004778
257,fornumen,<code>fornumen</code>,1,0.0004778
257,forscyldgodan,<code>forscyldgodan</code>,1,0.0004778
257,forwel,<code>forwel</code>,1,0.0004778
257,fotadlige,<code>fotadlige</code>,1,0.0004778
257,fotswa&eth;um,<code>fotswa&amp;d;um</code>,1,0.0004778
257,fremian,<code>fremian</code>,1,0.0004778
257,frumsl&aelig;pe,<code>frumsl&amp;ae;pe</code>,1,0.0004778
257,fundode,<code>fundode</code>,1,0.0004778
257,fynd,<code>fynd</code>,1,0.0004778
257,ganne,<code>ganne</code>,1,0.0004778
257,gast,<code>gast</code>,1,0.0004778
257,gaste,<code>gaste</code>,1,0.0004778
257,ge&eth;eahte,<code>ge&amp;d;eahte</code>,1,0.0004778
257,ge&eth;ingode,<code>ge&amp;d;ingode</code>,1,0.0004778
257,ge&eth;uht,<code>ge&amp;d;uht</code>,1,0.0004778
257,geagnia&eth;,<code>geagnia&amp;d;</code>,1,0.0004778
257,gearcodon,<code>gearcodon</code>,1,0.0004778
257,geare,<code>geare</code>,1,0.0004778
257,gearo,<code>gearo</code>,1,0.0004778
257,gebede,<code>gebede</code>,1,0.0004778
257,gebeorgan,<code>gebeorgan</code>,1,0.0004778
257,gebidda&eth;,<code>gebidda&amp;d;</code>,1,0.0004778
257,gebiddan,<code>gebiddan</code>,1,0.0004778
257,gebindan,<code>gebindan</code>,1,0.0004778
257,gebletsode,<code>gebletsode</code>,1,0.0004778
257,geboren,<code>geboren</code>,1,0.0004778
257,gebro&eth;ru,<code>gebro&amp;d;ru</code>,1,0.0004778
257,gebroht,<code>gebroht</code>,1,0.0004778
257,gebrohte,<code>gebrohte</code>,1,0.0004778
257,gebugan,<code>gebugan</code>,1,0.0004778
257,gebysnunge,<code>gebysnunge</code>,1,0.0004778
257,gecw&aelig;&eth;,<code>gecw&amp;ae;&amp;d;</code>,1,0.0004778
257,gecy&eth;nysse,<code>gecy&amp;d;nysse</code>,1,0.0004778
257,gecyddon,<code>gecyddon</code>,1,0.0004778
257,gedrefedre,<code>gedrefedre</code>,1,0.0004778
257,geearnungum,<code>geearnungum</code>,1,0.0004778
257,geedcucod,<code>geedcucod</code>,1,0.0004778
257,geefenl&aelig;hte,<code>geefenl&amp;ae;hte</code>,1,0.0004778
257,gefylled,<code>gefylled</code>,1,0.0004778
257,gegaderion,<code>gegaderion</code>,1,0.0004778
257,gegaderode,<code>gegaderode</code>,1,0.0004778
257,gegladode,<code>gegladode</code>,1,0.0004778
257,gegremod,<code>gegremod</code>,1,0.0004778
257,geh&aelig;lde,<code>geh&amp;ae;lde</code>,1,0.0004778
257,geh&aelig;leda,<code>geh&amp;ae;leda</code>,1,0.0004778
257,gehalgod,<code>gehalgod</code>,1,0.0004778
257,gehalne,<code>gehalne</code>,1,0.0004778
257,gehyra&eth;,<code>gehyra&amp;d;</code>,1,0.0004778
257,gehyrde,<code>gehyrde</code>,1,0.0004778
257,gehyrede,<code>gehyrede</code>,1,0.0004778
257,gel&aelig;d,<code>gel&amp;ae;d</code>,1,0.0004778
257,gel&aelig;ddon,<code>gel&amp;ae;ddon</code>,1,0.0004778
257,gel&aelig;rde,<code>gel&amp;ae;rde</code>,1,0.0004778
257,gela&eth;ode,<code>gela&amp;d;ode</code>,1,0.0004778
257,gelangode,<code>gelangode</code>,1,0.0004778
257,geleafa,<code>geleafa</code>,1,0.0004778
257,gelede,<code>gelede</code>,1,0.0004778
257,gelic,<code>gelic</code>,1,0.0004778
257,gelicost,<code>gelicost</code>,1,0.0004778
257,gelomlice,<code>gelomlice</code>,1,0.0004778
257,gelyfan,<code>gelyfan</code>,1,0.0004778
257,gelyfde,<code>gelyfde</code>,1,0.0004778
257,gemynd,<code>gemynd</code>,1,0.0004778
257,gemyndige,<code>gemyndige</code>,1,0.0004778
257,gemynt,<code>gemynt</code>,1,0.0004778
257,genam,<code>genam</code>,1,0.0004778
257,geneosodon,<code>geneosodon</code>,1,0.0004778
257,geomerunge,<code>geomerunge</code>,1,0.0004778
257,geond,<code>geond</code>,1,0.0004778
257,geornlice,<code>geornlice</code>,1,0.0004778
257,geornlicor,<code>geornlicor</code>,1,0.0004778
257,gereccednysse,<code>gereccednysse</code>,1,0.0004778
257,gereorde,<code>gereorde</code>,1,0.0004778
257,gerihtu,<code>gerihtu</code>,1,0.0004778
257,geripod,<code>geripod</code>,1,0.0004778
257,gesawe,<code>gesawe</code>,1,0.0004778
257,gesceadwisum,<code>gesceadwisum</code>,1,0.0004778
257,gesceapen,<code>gesceapen</code>,1,0.0004778
257,gesceot,<code>gesceot</code>,1,0.0004778
257,gesmyrode,<code>gesmyrode</code>,1,0.0004778
257,gesund,<code>gesund</code>,1,0.0004778
257,geswac,<code>geswac</code>,1,0.0004778
257,geswustra,<code>geswustra</code>,1,0.0004778
257,getirigde,<code>getirigde</code>,1,0.0004778
257,getyrion,<code>getyrion</code>,1,0.0004778
257,gewende,<code>gewende</code>,1,0.0004778
257,gewitan,<code>gewitan</code>,1,0.0004778
257,gewittig,<code>gewittig</code>,1,0.0004778
257,geworhte,<code>geworhte</code>,1,0.0004778
257,gewri&eth;e,<code>gewri&amp;d;e</code>,1,0.0004778
257,gewri&eth;en,<code>gewri&amp;d;en</code>,1,0.0004778
257,gewunelic,<code>gewunelic</code>,1,0.0004778
257,gewunode,<code>gewunode</code>,1,0.0004778
257,geyrmde,<code>geyrmde</code>,1,0.0004778
257,godne,<code>godne</code>,1,0.0004778
257,gramlicum,<code>gramlicum</code>,1,0.0004778
257,gyman,<code>gyman</code>,1,0.0004778
257,gymeleaslice,<code>gymeleaslice</code>,1,0.0004778
257,gymeleaste,<code>gymeleaste</code>,1,0.0004778
257,h&aelig;&eth;en,<code>h&amp;ae;&amp;d;en</code>,1,0.0004778
257,h&aelig;l&eth;a,<code>h&amp;ae;l&amp;d;a</code>,1,0.0004778
257,h&aelig;t,<code>h&amp;ae;t</code>,1,0.0004778
257,hal,<code>hal</code>,1,0.0004778
257,halgum,<code>halgum</code>,1,0.0004778
257,hatheortnysse,<code>hatheortnysse</code>,1,0.0004778
257,hatia&eth;,<code>hatia&amp;d;</code>,1,0.0004778
257,heafod,<code>heafod</code>,1,0.0004778
257,heardum,<code>heardum</code>,1,0.0004778
257,hengene,<code>hengene</code>,1,0.0004778
257,heofenan,<code>heofenan</code>,1,0.0004778
257,heortan,<code>heortan</code>,1,0.0004778
257,hispania,<code>hispania</code>,1,0.0004778
257,hiwan,<code>hiwan</code>,1,0.0004778
257,hrepode,<code>hrepode</code>,1,0.0004778
257,hricge,<code>hricge</code>,1,0.0004778
257,hringe,<code>hringe</code>,1,0.0004778
257,hw&aelig;ne,<code>hw&amp;ae;ne</code>,1,0.0004778
257,hwa,<code>hwa</code>,1,0.0004778
257,hwene,<code>hwene</code>,1,0.0004778
257,hweole,<code>hweole</code>,1,0.0004778
257,hwider,<code>hwider</code>,1,0.0004778
257,hwilcere,<code>hwilcere</code>,1,0.0004778
257,hylt,<code>hylt</code>,1,0.0004778
257,ianuarii,<code>ianuarii</code>,1,0.0004778
257,inn,<code>inn</code>,1,0.0004778
257,inne,<code>inne</code>,1,0.0004778
257,intingan,<code>intingan</code>,1,0.0004778
257,into,<code>into</code>,1,0.0004778
257,iudeisc,<code>iudeisc</code>,1,0.0004778
257,kalendas,<code>kalendas</code>,1,0.0004778
257,l&aelig;cecr&aelig;ft,<code>l&amp;ae;cecr&amp;ae;ft</code>,1,0.0004778
257,l&aelig;rde,<code>l&amp;ae;rde</code>,1,0.0004778
257,l&aelig;s,<code>l&amp;ae;s</code>,1,0.0004778
257,lande,<code>lande</code>,1,0.0004778
257,lang,<code>lang</code>,1,0.0004778
257,langsumere,<code>langsumere</code>,1,0.0004778
257,langsumum,<code>langsumum</code>,1,0.0004778
257,lareowdome,<code>lareowdome</code>,1,0.0004778
257,latteowe,<code>latteowe</code>,1,0.0004778
257,lecgan,<code>lecgan</code>,1,0.0004778
257,lede,<code>lede</code>,1,0.0004778
257,leofostan,<code>leofostan</code>,1,0.0004778
257,lic&eth;enunge,<code>lic&amp;d;enunge</code>,1,0.0004778
257,lice,<code>lice</code>,1,0.0004778
257,licgan,<code>licgan</code>,1,0.0004778
257,lichaman,<code>lichaman</code>,1,0.0004778
257,lif,<code>lif</code>,1,0.0004778
257,life,<code>life</code>,1,0.0004778
257,lof,<code>lof</code>,1,0.0004778
257,lufia&eth;,<code>lufia&amp;d;</code>,1,0.0004778
257,lytle,<code>lytle</code>,1,0.0004778
257,lytles,<code>lytles</code>,1,0.0004778
257,m&aelig;den,<code>m&amp;ae;den</code>,1,0.0004778
257,m&aelig;g&eth;e,<code>m&amp;ae;g&amp;d;e</code>,1,0.0004778
257,m&aelig;rlican,<code>m&amp;ae;rlican</code>,1,0.0004778
257,m&aelig;rsia&eth;,<code>m&amp;ae;rsia&amp;d;</code>,1,0.0004778
257,magas,<code>magas</code>,1,0.0004778
257,manega,<code>manega</code>,1,0.0004778
257,manfullan,<code>manfullan</code>,1,0.0004778
257,manfullican,<code>manfullican</code>,1,0.0004778
257,manfullice,<code>manfullice</code>,1,0.0004778
257,manna,<code>manna</code>,1,0.0004778
257,maran,<code>maran</code>,1,0.0004778
257,martialis,<code>martialis</code>,1,0.0004778
257,martyrdome,<code>martyrdome</code>,1,0.0004778
257,martyres,<code>martyres</code>,1,0.0004778
257,menn,<code>menn</code>,1,0.0004778
257,menniscnysse,<code>menniscnysse</code>,1,0.0004778
257,menniscum,<code>menniscum</code>,1,0.0004778
257,meum,<code>meum</code>,1,0.0004778
257,micel,<code>micel</code>,1,0.0004778
257,middaneard,<code>middaneard</code>,1,0.0004778
257,mildheortlice,<code>mildheortlice</code>,1,0.0004778
257,mildheortnys,<code>mildheortnys</code>,1,0.0004778
257,miltsa,<code>miltsa</code>,1,0.0004778
257,minne,<code>minne</code>,1,0.0004778
257,moddru,<code>moddru</code>,1,0.0004778
257,mode,<code>mode</code>,1,0.0004778
257,moderlicere,<code>moderlicere</code>,1,0.0004778
257,modor,<code>modor</code>,1,0.0004778
257,mynecenu,<code>mynecenu</code>,1,0.0004778
257,n&aelig;re,<code>n&amp;ae;re</code>,1,0.0004778
257,na&eth;er,<code>na&amp;d;er</code>,1,0.0004778
257,nacedum,<code>nacedum</code>,1,0.0004778
257,name,<code>name</code>,1,0.0004778
257,nanum,<code>nanum</code>,1,0.0004778
257,natale,<code>natale</code>,1,0.0004778
257,nateshwon,<code>nateshwon</code>,1,0.0004778
257,nean,<code>nean</code>,1,0.0004778
257,neodlice,<code>neodlice</code>,1,0.0004778
257,nihte,<code>nihte</code>,1,0.0004778
257,nis,<code>nis</code>,1,0.0004778
257,niwre,<code>niwre</code>,1,0.0004778
257,noldon,<code>noldon</code>,1,0.0004778
257,nyste,<code>nyste</code>,1,0.0004778
257,nyston,<code>nyston</code>,1,0.0004778
257,nyton,<code>nyton</code>,1,0.0004778
257,o&eth;,<code>o&amp;d;</code>,1,0.0004778
257,o&eth;er,<code>o&amp;d;er</code>,1,0.0004778
257,o&eth;re,<code>o&amp;d;re</code>,1,0.0004778
257,o&eth;res,<code>o&amp;d;res</code>,1,0.0004778
257,ofer,<code>ofer</code>,1,0.0004778
257,oferbr&aelig;ddon,<code>oferbr&amp;ae;ddon</code>,1,0.0004778
257,oferswi&eth;ende,<code>oferswi&amp;d;ende</code>,1,0.0004778
257,oferwreah,<code>oferwreah</code>,1,0.0004778
257,onbryrd,<code>onbryrd</code>,1,0.0004778
257,oncneowon,<code>oncneowon</code>,1,0.0004778
257,onfoh,<code>onfoh</code>,1,0.0004778
257,ongann,<code>ongann</code>,1,0.0004778
257,onscunode,<code>onscunode</code>,1,0.0004778
257,orwene,<code>orwene</code>,1,0.0004778
257,oxan,<code>oxan</code>,1,0.0004778
257,palladia,<code>palladia</code>,1,0.0004778
257,plegode,<code>plegode</code>,1,0.0004778
257,possidius,<code>possidius</code>,1,0.0004778
257,preost,<code>preost</code>,1,0.0004778
257,protomartyris,<code>protomartyris</code>,1,0.0004778
257,race,<code>race</code>,1,0.0004778
257,racu,<code>racu</code>,1,0.0004778
257,rapum,<code>rapum</code>,1,0.0004778
257,reaf,<code>reaf</code>,1,0.0004778
257,reafe,<code>reafe</code>,1,0.0004778
257,reliquium,<code>reliquium</code>,1,0.0004778
257,riht,<code>riht</code>,1,0.0004778
257,rodehengene,<code>rodehengene</code>,1,0.0004778
257,romaniscum,<code>romaniscum</code>,1,0.0004778
257,s&aelig;t,<code>s&amp;ae;t</code>,1,0.0004778
257,sancti,<code>sancti</code>,1,0.0004778
257,sarnysse,<code>sarnysse</code>,1,0.0004778
257,scea&eth;an,<code>scea&amp;d;an</code>,1,0.0004778
257,sceame,<code>sceame</code>,1,0.0004778
257,sceawigende,<code>sceawigende</code>,1,0.0004778
257,sceawodon,<code>sceawodon</code>,1,0.0004778
257,sceole,<code>sceole</code>,1,0.0004778
257,se&eth;unge,<code>se&amp;d;unge</code>,1,0.0004778
257,seocan,<code>seocan</code>,1,0.0004778
257,seocnys,<code>seocnys</code>,1,0.0004778
257,seofon,<code>seofon</code>,1,0.0004778
257,set,<code>set</code>,1,0.0004778
257,sete,<code>sete</code>,1,0.0004778
257,si&eth;ode,<code>si&amp;d;ode</code>,1,0.0004778
257,sind,<code>sind</code>,1,0.0004778
257,singalre,<code>singalre</code>,1,0.0004778
257,slapendum,<code>slapendum</code>,1,0.0004778
257,slea,<code>slea</code>,1,0.0004778
257,slih&eth;,<code>slih&amp;d;</code>,1,0.0004778
257,smeagan,<code>smeagan</code>,1,0.0004778
257,smyrian,<code>smyrian</code>,1,0.0004778
257,snod,<code>snod</code>,1,0.0004778
257,so&eth;lice,<code>so&amp;d;lice</code>,1,0.0004778
257,so&eth;re,<code>so&amp;d;re</code>,1,0.0004778
257,span,<code>span</code>,1,0.0004778
257,spiritum,<code>spiritum</code>,1,0.0004778
257,spr&aelig;c,<code>spr&amp;ae;c</code>,1,0.0004778
257,spr&aelig;cum,<code>spr&amp;ae;cum</code>,1,0.0004778
257,spreca&eth;,<code>spreca&amp;d;</code>,1,0.0004778
257,st&aelig;nendan,<code>st&amp;ae;nendan</code>,1,0.0004778
257,st&aelig;pum,<code>st&amp;ae;pum</code>,1,0.0004778
257,stanum,<code>stanum</code>,1,0.0004778
257,stemne,<code>stemne</code>,1,0.0004778
257,stephani,<code>stephani</code>,1,0.0004778
257,stephanum,<code>stephanum</code>,1,0.0004778
257,stodon,<code>stodon</code>,1,0.0004778
257,stop,<code>stop</code>,1,0.0004778
257,stowe,<code>stowe</code>,1,0.0004778
257,streame,<code>streame</code>,1,0.0004778
257,sumne,<code>sumne</code>,1,0.0004778
257,suna,<code>suna</code>,1,0.0004778
257,sweltende,<code>sweltende</code>,1,0.0004778
257,sy,<code>sy</code>,1,0.0004778
257,sy&eth;&eth;an,<code>sy&amp;d;&amp;d;an</code>,1,0.0004778
257,syferlice,<code>syferlice</code>,1,0.0004778
257,sylfne,<code>sylfne</code>,1,0.0004778
257,sylfum,<code>sylfum</code>,1,0.0004778
257,synne,<code>synne</code>,1,0.0004778
257,t&aelig;hte,<code>t&amp;ae;hte</code>,1,0.0004778
257,tacnum,<code>tacnum</code>,1,0.0004778
257,team,<code>team</code>,1,0.0004778
257,tela,<code>tela</code>,1,0.0004778
257,tirigde,<code>tirigde</code>,1,0.0004778
257,toburste,<code>toburste</code>,1,0.0004778
257,tocnawan,<code>tocnawan</code>,1,0.0004778
257,tocwysed,<code>tocwysed</code>,1,0.0004778
257,tod&aelig;g,<code>tod&amp;ae;g</code>,1,0.0004778
257,tog&aelig;dere,<code>tog&amp;ae;dere</code>,1,0.0004778
257,togeanes,<code>togeanes</code>,1,0.0004778
257,tolysde,<code>tolysde</code>,1,0.0004778
257,toslupe,<code>toslupe</code>,1,0.0004778
257,tosomne,<code>tosomne</code>,1,0.0004778
257,toweard,<code>toweard</code>,1,0.0004778
257,truwia&eth;,<code>truwia&amp;d;</code>,1,0.0004778
257,truwode,<code>truwode</code>,1,0.0004778
257,tunge,<code>tunge</code>,1,0.0004778
257,twam,<code>twam</code>,1,0.0004778
257,tynde,<code>tynde</code>,1,0.0004778
257,tynendum,<code>tynendum</code>,1,0.0004778
257,ufor,<code>ufor</code>,1,0.0004778
257,uii,<code>uii</code>,1,0.0004778
257,under&eth;eoddan,<code>under&amp;d;eoddan</code>,1,0.0004778
257,understanda&eth;,<code>understanda&amp;d;</code>,1,0.0004778
257,understod,<code>understod</code>,1,0.0004778
257,ungelic,<code>ungelic</code>,1,0.0004778
257,untrumnys,<code>untrumnys</code>,1,0.0004778
257,up,<code>up</code>,1,0.0004778
257,uppan,<code>uppan</code>,1,0.0004778
257,upstige,<code>upstige</code>,1,0.0004778
257,urum,<code>urum</code>,1,0.0004778
257,uton,<code>uton</code>,1,0.0004778
257,w&aelig;lhreowum,<code>w&amp;ae;lhreowum</code>,1,0.0004778
257,w&aelig;re,<code>w&amp;ae;re</code>,1,0.0004778
257,warnian,<code>warnian</code>,1,0.0004778
257,wearp,<code>wearp</code>,1,0.0004778
257,wel,<code>wel</code>,1,0.0004778
257,wende,<code>wende</code>,1,0.0004778
257,wene,<code>wene</code>,1,0.0004778
257,weofode,<code>weofode</code>,1,0.0004778
257,wern&aelig;gel,<code>wern&amp;ae;gel</code>,1,0.0004778
257,wi&eth;cw&aelig;&eth;,<code>wi&amp;d;cw&amp;ae;&amp;d;</code>,1,0.0004778
257,wicode,<code>wicode</code>,1,0.0004778
257,widcu&eth;e,<code>widcu&amp;d;e</code>,1,0.0004778
257,widm&aelig;re,<code>widm&amp;ae;re</code>,1,0.0004778
257,willan,<code>willan</code>,1,0.0004778
257,wintrum,<code>wintrum</code>,1,0.0004778
257,wirigde,<code>wirigde</code>,1,0.0004778
257,wisa,<code>wisa</code>,1,0.0004778
257,wisce,<code>wisce</code>,1,0.0004778
257,wodnysse,<code>wodnysse</code>,1,0.0004778
257,word,<code>word</code>,1,0.0004778
257,worde,<code>worde</code>,1,0.0004778
257,wordum,<code>wordum</code>,1,0.0004778
257,worigende,<code>worigende</code>,1,0.0004778
257,wrace,<code>wrace</code>,1,0.0004778
257,wucan,<code>wucan</code>,1,0.0004778
257,wuldor,<code>wuldor</code>,1,0.0004778
257,wuldorful,<code>wuldorful</code>,1,0.0004778
257,wundor,<code>wundor</code>,1,0.0004778
257,wundorlic,<code>wundorlic</code>,1,0.0004778
257,wundorlice,<code>wundorlice</code>,1,0.0004778
257,wundrode,<code>wundrode</code>,1,0.0004778
257,wundrodon,<code>wundrodon</code>,1,0.0004778
257,wundrum,<code>wundrum</code>,1,0.0004778
257,wunie,<code>wunie</code>,1,0.0004778
257,wur&eth;mynte,<code>wur&amp;d;mynte</code>,1,0.0004778
257,wurde,<code>wurde</code>,1,0.0004778
257,wydewan,<code>wydewan</code>,1,0.0004778
257,wylla&eth;,<code>wylla&amp;d;</code>,1,0.0004778
257,wyrce,<code>wyrce</code>,1,0.0004778
257,wyrig,<code>wyrig</code>,1,0.0004778
257,wyrig&eth;,<code>wyrig&amp;d;</code>,1,0.0004778
257,wyrigendan,<code>wyrigendan</code>,1,0.0004778
257,wyrigst,<code>wyrigst</code>,1,0.0004778
257,yfeles,<code>yfeles</code>,1,0.0004778
257,ylca,<code>ylca</code>,1,0.0004778
257,ymbe,<code>ymbe</code>,1,0.0004778
257,ymbhwyrfte,<code>ymbhwyrfte</code>,1,0.0004778
257,yponienscis,<code>yponienscis</code>,1,0.0004778
257,yrnendum,<code>yrnendum</code>,1,0.0004778
