B_Prose,B01,B01.002.023_AECHom_II__20_T02730.txt,435,312,941
RANK,HTML WORD,RAW WORD,COUNT,RELATIVE FREQUENCY
1,and,<code>and</code>,38,0.0403826
2,he,<code>he</code>,28,0.0297556
3,&eth;a,<code>&amp;d;a</code>,23,0.0244421
4,se,<code>se</code>,22,0.0233794
4,to,<code>to</code>,22,0.0233794
6,&thorn;&aelig;t,<code>&amp;t;&amp;ae;t</code>,21,0.0223167
7,&eth;e,<code>&amp;d;e</code>,17,0.0180659
8,his,<code>his</code>,16,0.0170032
9,on,<code>on</code>,15,0.0159405
10,&eth;am,<code>&amp;d;am</code>,14,0.0148778
10,mid,<code>mid</code>,14,0.0148778
12,&thorn;a,<code>&amp;t;a</code>,13,0.0138151
13,&eth;u,<code>&amp;d;u</code>,11,0.0116897
14,casere,<code>casere</code>,10,0.0106270
14,for,<code>for</code>,10,0.0106270
14,him,<code>him</code>,10,0.0106270
14,ic,<code>ic</code>,10,0.0106270
18,cw&aelig;&eth;,<code>cw&amp;ae;&amp;d;</code>,9,0.0095643
18,het,<code>het</code>,9,0.0095643
20,halgan,<code>halgan</code>,8,0.0085016
20,hi,<code>hi</code>,8,0.0085016
20,swa,<code>swa</code>,8,0.0085016
23,s&aelig;de,<code>s&amp;ae;de</code>,7,0.0074389
24,&eth;one,<code>&amp;d;one</code>,6,0.0063762
24,biscop,<code>biscop</code>,6,0.0063762
24,ne,<code>ne</code>,6,0.0063762
24,sona,<code>sona</code>,6,0.0063762
28,&eth;isum,<code>&amp;d;isum</code>,5,0.0053135
28,alexander,<code>alexander</code>,5,0.0053135
28,hine,<code>hine</code>,5,0.0053135
28,is,<code>is</code>,5,0.0053135
28,me,<code>me</code>,5,0.0053135
28,papan,<code>papan</code>,5,0.0053135
28,us,<code>us</code>,5,0.0053135
28,w&aelig;lhreowa,<code>w&amp;ae;lhreowa</code>,5,0.0053135
36,&aelig;t,<code>&amp;ae;t</code>,4,0.0042508
36,ac,<code>ac</code>,4,0.0042508
36,aurelianus,<code>aurelianus</code>,4,0.0042508
36,crist,<code>crist</code>,4,0.0042508
36,god,<code>god</code>,4,0.0042508
36,into,<code>into</code>,4,0.0042508
36,papa,<code>papa</code>,4,0.0042508
36,w&aelig;re,<code>w&amp;ae;re</code>,4,0.0042508
44,&aelig;r,<code>&amp;ae;r</code>,3,0.0031881
44,&eth;an,<code>&amp;d;an</code>,3,0.0031881
44,&thorn;&aelig;r,<code>&amp;t;&amp;ae;r</code>,3,0.0031881
44,&thorn;one,<code>&amp;t;one</code>,3,0.0031881
44,&thorn;u,<code>&amp;t;u</code>,3,0.0031881
44,andwyrde,<code>andwyrde</code>,3,0.0031881
44,axode,<code>axode</code>,3,0.0031881
44,byrnendum,<code>byrnendum</code>,3,0.0031881
44,euentius,<code>euentius</code>,3,0.0031881
44,fram,<code>fram</code>,3,0.0031881
44,gelangian,<code>gelangian</code>,3,0.0031881
44,geleafan,<code>geleafan</code>,3,0.0031881
44,gif,<code>gif</code>,3,0.0031881
44,hund,<code>hund</code>,3,0.0031881
44,hw&aelig;t,<code>hw&amp;ae;t</code>,3,0.0031881
44,life,<code>life</code>,3,0.0031881
44,o&eth;,<code>o&amp;d;</code>,3,0.0031881
44,o&eth;erne,<code>o&amp;d;erne</code>,3,0.0031881
44,of,<code>of</code>,3,0.0031881
44,ofne,<code>ofne</code>,3,0.0031881
44,preost,<code>preost</code>,3,0.0031881
44,sceal,<code>sceal</code>,3,0.0031881
44,sceolde,<code>sceolde</code>,3,0.0031881
44,seo,<code>seo</code>,3,0.0031881
44,si&eth;&eth;an,<code>si&amp;d;&amp;d;an</code>,3,0.0031881
44,sweltan,<code>sweltan</code>,3,0.0031881
44,swi&eth;e,<code>swi&amp;d;e</code>,3,0.0031881
44,w&aelig;ron,<code>w&amp;ae;ron</code>,3,0.0031881
44,wear&eth;,<code>wear&amp;d;</code>,3,0.0031881
44,wi&eth;sacan,<code>wi&amp;d;sacan</code>,3,0.0031881
74,&aelig;fre,<code>&amp;ae;fre</code>,2,0.0021254
74,&aelig;fter,<code>&amp;ae;fter</code>,2,0.0021254
74,&eth;&aelig;ra,<code>&amp;d;&amp;ae;ra</code>,2,0.0021254
74,&eth;eodolus,<code>&amp;d;eodolus</code>,2,0.0021254
74,&eth;urh,<code>&amp;d;urh</code>,2,0.0021254
74,&eth;us,<code>&amp;d;us</code>,2,0.0021254
74,&thorn;e,<code>&amp;t;e</code>,2,0.0021254
74,&thorn;eodolus,<code>&amp;t;eodolus</code>,2,0.0021254
74,amyrran,<code>amyrran</code>,2,0.0021254
74,ana,<code>ana</code>,2,0.0021254
74,arleasa,<code>arleasa</code>,2,0.0021254
74,aureliane,<code>aureliane</code>,2,0.0021254
74,befran,<code>befran</code>,2,0.0021254
74,com,<code>com</code>,2,0.0021254
74,criste,<code>criste</code>,2,0.0021254
74,cwacode,<code>cwacode</code>,2,0.0021254
74,cwellere,<code>cwellere</code>,2,0.0021254
74,dea&eth;e,<code>dea&amp;d;e</code>,2,0.0021254
74,drihten,<code>drihten</code>,2,0.0021254
74,eac,<code>eac</code>,2,0.0021254
74,eal,<code>eal</code>,2,0.0021254
74,fyre,<code>fyre</code>,2,0.0021254
74,ge,<code>ge</code>,2,0.0021254
74,ge&eth;uht,<code>ge&amp;d;uht</code>,2,0.0021254
74,geara,<code>geara</code>,2,0.0021254
74,gebundene,<code>gebundene</code>,2,0.0021254
74,gehaten,<code>gehaten</code>,2,0.0021254
74,godes,<code>godes</code>,2,0.0021254
74,h&aelig;se,<code>h&amp;ae;se</code>,2,0.0021254
74,hengene,<code>hengene</code>,2,0.0021254
74,heo,<code>heo</code>,2,0.0021254
74,heora,<code>heora</code>,2,0.0021254
74,hire,<code>hire</code>,2,0.0021254
74,hu,<code>hu</code>,2,0.0021254
74,manna,<code>manna</code>,2,0.0021254
74,mihte,<code>mihte</code>,2,0.0021254
74,nu,<code>nu</code>,2,0.0021254
74,preostas,<code>preostas</code>,2,0.0021254
74,preoste,<code>preoste</code>,2,0.0021254
74,seueriana,<code>seueriana</code>,2,0.0021254
74,so&eth;lice,<code>so&amp;d;lice</code>,2,0.0021254
74,so&eth;um,<code>so&amp;d;um</code>,2,0.0021254
74,spr&aelig;ce,<code>spr&amp;ae;ce</code>,2,0.0021254
74,sum,<code>sum</code>,2,0.0021254
74,sy,<code>sy</code>,2,0.0021254
74,tintregum,<code>tintregum</code>,2,0.0021254
74,w&aelig;s,<code>w&amp;ae;s</code>,2,0.0021254
74,wearp,<code>wearp</code>,2,0.0021254
74,wiscte,<code>wiscte</code>,2,0.0021254
74,word,<code>word</code>,2,0.0021254
124,&aelig;lmihtigan,<code>&amp;ae;lmihtigan</code>,1,0.0010627
124,&aelig;nig,<code>&amp;ae;nig</code>,1,0.0010627
124,&aelig;nne,<code>&amp;ae;nne</code>,1,0.0010627
124,&aelig;rende,<code>&amp;ae;rende</code>,1,0.0010627
124,&aelig;rest,<code>&amp;ae;rest</code>,1,0.0010627
124,&aelig;tforan,<code>&amp;ae;tforan</code>,1,0.0010627
124,&aelig;twundon,<code>&amp;ae;twundon</code>,1,0.0010627
124,&eth;&aelig;s,<code>&amp;d;&amp;ae;s</code>,1,0.0010627
124,&eth;as,<code>&amp;d;as</code>,1,0.0010627
124,&eth;eah,<code>&amp;d;eah</code>,1,0.0010627
124,&eth;eodole,<code>&amp;d;eodole</code>,1,0.0010627
124,&eth;eodolum,<code>&amp;d;eodolum</code>,1,0.0010627
124,&eth;eowigende,<code>&amp;d;eowigende</code>,1,0.0010627
124,&eth;i,<code>&amp;d;i</code>,1,0.0010627
124,&eth;in,<code>&amp;d;in</code>,1,0.0010627
124,&eth;ing,<code>&amp;d;ing</code>,1,0.0010627
124,&eth;inum,<code>&amp;d;inum</code>,1,0.0010627
124,&eth;is,<code>&amp;d;is</code>,1,0.0010627
124,&eth;rawan,<code>&amp;d;rawan</code>,1,0.0010627
124,&eth;rowa&eth;,<code>&amp;d;rowa&amp;d;</code>,1,0.0010627
124,&eth;rowian,<code>&amp;d;rowian</code>,1,0.0010627
124,&eth;wyres,<code>&amp;d;wyres</code>,1,0.0010627
124,&eth;ywde,<code>&amp;d;ywde</code>,1,0.0010627
124,&thorn;&aelig;s,<code>&amp;t;&amp;ae;s</code>,1,0.0010627
124,&thorn;am,<code>&amp;t;am</code>,1,0.0010627
124,&thorn;illice,<code>&amp;t;illice</code>,1,0.0010627
124,&thorn;inum,<code>&amp;t;inum</code>,1,0.0010627
124,&thorn;is,<code>&amp;t;is</code>,1,0.0010627
124,&thorn;isne,<code>&amp;t;isne</code>,1,0.0010627
124,&thorn;rittig,<code>&amp;t;rittig</code>,1,0.0010627
124,&thorn;rowode,<code>&amp;t;rowode</code>,1,0.0010627
124,&thorn;urh,<code>&amp;t;urh</code>,1,0.0010627
124,&thorn;y,<code>&amp;t;y</code>,1,0.0010627
124,abugan,<code>abugan</code>,1,0.0010627
124,afandodest,<code>afandodest</code>,1,0.0010627
124,ahredde,<code>ahredde</code>,1,0.0010627
124,alexandri,<code>alexandri</code>,1,0.0010627
124,amen,<code>amen</code>,1,0.0010627
124,andweardan,<code>andweardan</code>,1,0.0010627
124,andwerdnysse,<code>andwerdnysse</code>,1,0.0010627
124,andwerdum,<code>andwerdum</code>,1,0.0010627
124,ane,<code>ane</code>,1,0.0010627
124,ardlice,<code>ardlice</code>,1,0.0010627
124,arwur&eth;an,<code>arwur&amp;d;an</code>,1,0.0010627
124,arwur&eth;e,<code>arwur&amp;d;e</code>,1,0.0010627
124,arwur&eth;nysse,<code>arwur&amp;d;nysse</code>,1,0.0010627
124,ascyred,<code>ascyred</code>,1,0.0010627
124,aworpene,<code>aworpene</code>,1,0.0010627
124,axast,<code>axast</code>,1,0.0010627
124,b&aelig;rnan,<code>b&amp;ae;rnan</code>,1,0.0010627
124,bat,<code>bat</code>,1,0.0010627
124,be,<code>be</code>,1,0.0010627
124,bebyrian,<code>bebyrian</code>,1,0.0010627
124,bebyrigde,<code>bebyrigde</code>,1,0.0010627
124,begeate,<code>begeate</code>,1,0.0010627
124,begen,<code>begen</code>,1,0.0010627
124,beheafdian,<code>beheafdian</code>,1,0.0010627
124,behreowsian,<code>behreowsian</code>,1,0.0010627
124,behwyrfan,<code>behwyrfan</code>,1,0.0010627
124,belifode,<code>belifode</code>,1,0.0010627
124,bem&aelig;nende,<code>bem&amp;ae;nende</code>,1,0.0010627
124,bene,<code>bene</code>,1,0.0010627
124,beo,<code>beo</code>,1,0.0010627
124,beon,<code>beon</code>,1,0.0010627
124,beorh,<code>beorh</code>,1,0.0010627
124,bidde,<code>bidde</code>,1,0.0010627
124,bist,<code>bist</code>,1,0.0010627
124,blode,<code>blode</code>,1,0.0010627
124,bro&eth;or,<code>bro&amp;d;or</code>,1,0.0010627
124,buton,<code>buton</code>,1,0.0010627
124,byrgenum,<code>byrgenum</code>,1,0.0010627
124,byrnende,<code>byrnende</code>,1,0.0010627
124,clypode,<code>clypode</code>,1,0.0010627
124,clypung,<code>clypung</code>,1,0.0010627
124,cnihtas,<code>cnihtas</code>,1,0.0010627
124,cristenra,<code>cristenra</code>,1,0.0010627
124,cwe&eth;ende,<code>cwe&amp;d;ende</code>,1,0.0010627
124,cwen,<code>cwen</code>,1,0.0010627
124,cwicsuslum,<code>cwicsuslum</code>,1,0.0010627
124,d&aelig;da,<code>d&amp;ae;da</code>,1,0.0010627
124,d&aelig;g,<code>d&amp;ae;g</code>,1,0.0010627
124,d&aelig;ge,<code>d&amp;ae;ge</code>,1,0.0010627
124,dea&eth;es,<code>dea&amp;d;es</code>,1,0.0010627
124,deman,<code>deman</code>,1,0.0010627
124,derian,<code>derian</code>,1,0.0010627
124,dest,<code>dest</code>,1,0.0010627
124,die,<code>die</code>,1,0.0010627
124,dwelast,<code>dwelast</code>,1,0.0010627
124,dyde,<code>dyde</code>,1,0.0010627
124,dyrstiglice,<code>dyrstiglice</code>,1,0.0010627
124,dyrstignysse,<code>dyrstignysse</code>,1,0.0010627
124,eala,<code>eala</code>,1,0.0010627
124,ealle,<code>ealle</code>,1,0.0010627
124,ealles,<code>ealles</code>,1,0.0010627
124,eallunge,<code>eallunge</code>,1,0.0010627
124,earma,<code>earma</code>,1,0.0010627
124,earman,<code>earman</code>,1,0.0010627
124,earming,<code>earming</code>,1,0.0010627
124,eart,<code>eart</code>,1,0.0010627
124,eastd&aelig;le,<code>eastd&amp;ae;le</code>,1,0.0010627
124,ecnysse,<code>ecnysse</code>,1,0.0010627
124,ecum,<code>ecum</code>,1,0.0010627
124,efste,<code>efste</code>,1,0.0010627
124,eft,<code>eft</code>,1,0.0010627
124,elles,<code>elles</code>,1,0.0010627
124,eodem,<code>eodem</code>,1,0.0010627
124,eom,<code>eom</code>,1,0.0010627
124,et,<code>et</code>,1,0.0010627
124,euentii,<code>euentii</code>,1,0.0010627
124,f&aelig;gnigende,<code>f&amp;ae;gnigende</code>,1,0.0010627
124,f&aelig;gnode,<code>f&amp;ae;gnode</code>,1,0.0010627
124,fefore,<code>fefore</code>,1,0.0010627
124,fela,<code>fela</code>,1,0.0010627
124,fleow,<code>fleow</code>,1,0.0010627
124,forbead,<code>forbead</code>,1,0.0010627
124,fore,<code>fore</code>,1,0.0010627
124,forl&aelig;t,<code>forl&amp;ae;t</code>,1,0.0010627
124,forl&aelig;tan,<code>forl&amp;ae;tan</code>,1,0.0010627
124,forl&aelig;te,<code>forl&amp;ae;te</code>,1,0.0010627
124,forl&aelig;ten,<code>forl&amp;ae;ten</code>,1,0.0010627
124,forsawe,<code>forsawe</code>,1,0.0010627
124,forsih&eth;,<code>forsih&amp;d;</code>,1,0.0010627
124,forsihst,<code>forsihst</code>,1,0.0010627
124,gang,<code>gang</code>,1,0.0010627
124,gastlicum,<code>gastlicum</code>,1,0.0010627
124,geangsumod,<code>geangsumod</code>,1,0.0010627
124,gearum,<code>gearum</code>,1,0.0010627
124,gebide,<code>gebide</code>,1,0.0010627
124,gecom,<code>gecom</code>,1,0.0010627
124,gecure,<code>gecure</code>,1,0.0010627
124,gecw&aelig;&eth;,<code>gecw&amp;ae;&amp;d;</code>,1,0.0010627
124,gecyd,<code>gecyd</code>,1,0.0010627
124,gefullod,<code>gefullod</code>,1,0.0010627
124,gefyrn,<code>gefyrn</code>,1,0.0010627
124,gegearcod,<code>gegearcod</code>,1,0.0010627
124,geh&aelig;fde,<code>geh&amp;ae;fde</code>,1,0.0010627
124,gehadode,<code>gehadode</code>,1,0.0010627
124,gehalgod,<code>gehalgod</code>,1,0.0010627
124,gehyred,<code>gehyred</code>,1,0.0010627
124,gelome,<code>gelome</code>,1,0.0010627
124,gelyfan,<code>gelyfan</code>,1,0.0010627
124,gelyfde,<code>gelyfde</code>,1,0.0010627
124,gelyfedan,<code>gelyfedan</code>,1,0.0010627
124,gelyfedra,<code>gelyfedra</code>,1,0.0010627
124,gemartirode,<code>gemartirode</code>,1,0.0010627
124,gemett,<code>gemett</code>,1,0.0010627
124,genamod,<code>genamod</code>,1,0.0010627
124,geogo&eth;e,<code>geogo&amp;d;e</code>,1,0.0010627
124,geopenod,<code>geopenod</code>,1,0.0010627
124,gerihtum,<code>gerihtum</code>,1,0.0010627
124,gerynu&eth;urh,<code>gerynu&amp;d;urh</code>,1,0.0010627
124,gescrydd,<code>gescrydd</code>,1,0.0010627
124,gesibbe,<code>gesibbe</code>,1,0.0010627
124,getimige,<code>getimige</code>,1,0.0010627
124,getintregod,<code>getintregod</code>,1,0.0010627
124,gewat,<code>gewat</code>,1,0.0010627
124,gewealde,<code>gewealde</code>,1,0.0010627
124,gewitan,<code>gewitan</code>,1,0.0010627
124,gewri&eth;an,<code>gewri&amp;d;an</code>,1,0.0010627
124,giu,<code>giu</code>,1,0.0010627
124,graman,<code>graman</code>,1,0.0010627
124,gyrde,<code>gyrde</code>,1,0.0010627
124,h&aelig;fde,<code>h&amp;ae;fde</code>,1,0.0010627
124,h&aelig;lende,<code>h&amp;ae;lende</code>,1,0.0010627
124,h&aelig;ran,<code>h&amp;ae;ran</code>,1,0.0010627
124,hafa,<code>hafa</code>,1,0.0010627
124,halga,<code>halga</code>,1,0.0010627
124,halgena,<code>halgena</code>,1,0.0010627
124,halig,<code>halig</code>,1,0.0010627
124,halige,<code>halige</code>,1,0.0010627
124,ham,<code>ham</code>,1,0.0010627
124,handum,<code>handum</code>,1,0.0010627
124,hatte,<code>hatte</code>,1,0.0010627
124,hatum,<code>hatum</code>,1,0.0010627
124,heardre,<code>heardre</code>,1,0.0010627
124,heardum,<code>heardum</code>,1,0.0010627
124,hell,<code>hell</code>,1,0.0010627
124,helle,<code>helle</code>,1,0.0010627
124,heofonum,<code>heofonum</code>,1,0.0010627
124,herinne,<code>herinne</code>,1,0.0010627
124,hider,<code>hider</code>,1,0.0010627
124,hindan,<code>hindan</code>,1,0.0010627
124,holdan,<code>holdan</code>,1,0.0010627
124,hon,<code>hon</code>,1,0.0010627
124,hricge,<code>hricge</code>,1,0.0010627
124,humeta,<code>humeta</code>,1,0.0010627
124,hundseofontig,<code>hundseofontig</code>,1,0.0010627
124,hundum,<code>hundum</code>,1,0.0010627
124,hw&aelig;&eth;ere,<code>hw&amp;ae;&amp;d;ere</code>,1,0.0010627
124,hw&aelig;s,<code>hw&amp;ae;s</code>,1,0.0010627
124,hwi,<code>hwi</code>,1,0.0010627
124,hwile,<code>hwile</code>,1,0.0010627
124,hynde,<code>hynde</code>,1,0.0010627
124,intinga,<code>intinga</code>,1,0.0010627
124,isen,<code>isen</code>,1,0.0010627
124,iuge&eth;e,<code>iuge&amp;d;e</code>,1,0.0010627
124,iungling,<code>iungling</code>,1,0.0010627
124,l&aelig;g,<code>l&amp;ae;g</code>,1,0.0010627
124,l&aelig;s,<code>l&amp;ae;s</code>,1,0.0010627
124,la&eth;an,<code>la&amp;d;an</code>,1,0.0010627
124,langere,<code>langere</code>,1,0.0010627
124,lare,<code>lare</code>,1,0.0010627
124,lareow,<code>lareow</code>,1,0.0010627
124,leornian,<code>leornian</code>,1,0.0010627
124,lichaman,<code>lichaman</code>,1,0.0010627
124,lig,<code>lig</code>,1,0.0010627
124,ligum,<code>ligum</code>,1,0.0010627
124,lima,<code>lima</code>,1,0.0010627
124,lof,<code>lof</code>,1,0.0010627
124,m&aelig;re,<code>m&amp;ae;re</code>,1,0.0010627
124,m&aelig;rlice,<code>m&amp;ae;rlice</code>,1,0.0010627
124,m&aelig;ssepreostas,<code>m&amp;ae;ssepreostas</code>,1,0.0010627
124,m&aelig;ssepreoste,<code>m&amp;ae;ssepreoste</code>,1,0.0010627
124,m&aelig;ssepreostum,<code>m&amp;ae;ssepreostum</code>,1,0.0010627
124,man,<code>man</code>,1,0.0010627
124,mand&aelig;dum,<code>mand&amp;ae;dum</code>,1,0.0010627
124,manegum,<code>manegum</code>,1,0.0010627
124,martiras,<code>martiras</code>,1,0.0010627
124,martirdome,<code>martirdome</code>,1,0.0010627
124,martyrum,<code>martyrum</code>,1,0.0010627
124,middaneardes,<code>middaneardes</code>,1,0.0010627
124,miltse,<code>miltse</code>,1,0.0010627
124,mine,<code>mine</code>,1,0.0010627
124,mode,<code>mode</code>,1,0.0010627
124,moste,<code>moste</code>,1,0.0010627
124,mu&eth;e,<code>mu&amp;d;e</code>,1,0.0010627
124,myrc&eth;,<code>myrc&amp;d;</code>,1,0.0010627
124,n&aelig;fre,<code>n&amp;ae;fre</code>,1,0.0010627
124,n&aelig;nne,<code>n&amp;ae;nne</code>,1,0.0010627
124,n&aelig;re,<code>n&amp;ae;re</code>,1,0.0010627
124,nabochodonosor,<code>nabochodonosor</code>,1,0.0010627
124,naht,<code>naht</code>,1,0.0010627
124,nahte,<code>nahte</code>,1,0.0010627
124,nama,<code>nama</code>,1,0.0010627
124,nateshwon,<code>nateshwon</code>,1,0.0010627
124,nelle,<code>nelle</code>,1,0.0010627
124,nis,<code>nis</code>,1,0.0010627
124,niwes,<code>niwes</code>,1,0.0010627
124,o&eth;&eth;e,<code>o&amp;d;&amp;d;e</code>,1,0.0010627
124,o&eth;rum,<code>o&amp;d;rum</code>,1,0.0010627
124,ogan,<code>ogan</code>,1,0.0010627
124,ondrede,<code>ondrede</code>,1,0.0010627
124,orgelice,<code>orgelice</code>,1,0.0010627
124,orhlyte,<code>orhlyte</code>,1,0.0010627
124,orm&aelig;tum,<code>orm&amp;ae;tum</code>,1,0.0010627
124,pinungum,<code>pinungum</code>,1,0.0010627
124,prician,<code>prician</code>,1,0.0010627
124,re&eth;an,<code>re&amp;d;an</code>,1,0.0010627
124,ricsa&eth;,<code>ricsa&amp;d;</code>,1,0.0010627
124,s&aelig;rwigendum,<code>s&amp;ae;rwigendum</code>,1,0.0010627
124,sanctorum,<code>sanctorum</code>,1,0.0010627
124,sange,<code>sange</code>,1,0.0010627
124,sangum,<code>sangum</code>,1,0.0010627
124,sawle,<code>sawle</code>,1,0.0010627
124,sawul,<code>sawul</code>,1,0.0010627
124,sawulleas,<code>sawulleas</code>,1,0.0010627
124,scealt,<code>scealt</code>,1,0.0010627
124,sceat,<code>sceat</code>,1,0.0010627
124,scyppend,<code>scyppend</code>,1,0.0010627
124,sece,<code>sece</code>,1,0.0010627
124,secge,<code>secge</code>,1,0.0010627
124,sende,<code>sende</code>,1,0.0010627
124,sidan,<code>sidan</code>,1,0.0010627
124,sixtus,<code>sixtus</code>,1,0.0010627
124,so&eth;re,<code>so&amp;d;re</code>,1,0.0010627
124,specst,<code>specst</code>,1,0.0010627
124,standan,<code>standan</code>,1,0.0010627
124,stow,<code>stow</code>,1,0.0010627
124,sumum,<code>sumum</code>,1,0.0010627
124,suwade,<code>suwade</code>,1,0.0010627
124,swilce,<code>swilce</code>,1,0.0010627
124,swingenne,<code>swingenne</code>,1,0.0010627
124,swinglum,<code>swinglum</code>,1,0.0010627
124,swulte,<code>swulte</code>,1,0.0010627
124,swylcum,<code>swylcum</code>,1,0.0010627
124,sylf,<code>sylf</code>,1,0.0010627
124,sylfne,<code>sylfne</code>,1,0.0010627
124,sylfwilles,<code>sylfwilles</code>,1,0.0010627
124,syllanne,<code>syllanne</code>,1,0.0010627
124,symle,<code>symle</code>,1,0.0010627
124,tealde,<code>tealde</code>,1,0.0010627
124,theodoli,<code>theodoli</code>,1,0.0010627
124,theodolus,<code>theodolus</code>,1,0.0010627
124,truwode,<code>truwode</code>,1,0.0010627
124,tungan,<code>tungan</code>,1,0.0010627
124,twam,<code>twam</code>,1,0.0010627
124,unforht,<code>unforht</code>,1,0.0010627
124,unrihtwisnys,<code>unrihtwisnys</code>,1,0.0010627
124,w&aelig;lhreawum,<code>w&amp;ae;lhreawum</code>,1,0.0010627
124,welhreaw,<code>welhreaw</code>,1,0.0010627
124,welhreawum,<code>welhreawum</code>,1,0.0010627
124,weres,<code>weres</code>,1,0.0010627
124,wi&eth;,<code>wi&amp;d;</code>,1,0.0010627
124,wi&eth;socon,<code>wi&amp;d;socon</code>,1,0.0010627
124,wif,<code>wif</code>,1,0.0010627
124,wife,<code>wife</code>,1,0.0010627
124,wille,<code>wille</code>,1,0.0010627
124,witena,<code>witena</code>,1,0.0010627
124,witum,<code>witum</code>,1,0.0010627
124,wolde,<code>wolde</code>,1,0.0010627
124,wordum,<code>wordum</code>,1,0.0010627
124,worulde,<code>worulde</code>,1,0.0010627
124,wudewe,<code>wudewe</code>,1,0.0010627
124,wunade,<code>wunade</code>,1,0.0010627
124,wur&eth;ast,<code>wur&amp;d;ast</code>,1,0.0010627
124,wurdon,<code>wurdon</code>,1,0.0010627
124,wurpan,<code>wurpan</code>,1,0.0010627
124,wylla&eth;,<code>wylla&amp;d;</code>,1,0.0010627
124,wylt,<code>wylt</code>,1,0.0010627
124,yfelum,<code>yfelum</code>,1,0.0010627
124,ylca,<code>ylca</code>,1,0.0010627
124,yrm&eth;e,<code>yrm&amp;d;e</code>,1,0.0010627
