B_Prose,B01,B01.002.018_AECHom_II__15_T02680.txt,980,578,3422
RANK,HTML WORD,RAW WORD,COUNT,RELATIVE FREQUENCY
1,and,<code>and</code>,160,0.0467563
2,on,<code>on</code>,95,0.0277615
3,&thorn;&aelig;t,<code>&amp;t;&amp;ae;t</code>,89,0.0260082
4,to,<code>to</code>,61,0.0178258
5,&eth;e,<code>&amp;d;e</code>,58,0.0169492
6,is,<code>is</code>,54,0.0157802
7,we,<code>we</code>,52,0.0151958
8,swa,<code>swa</code>,50,0.0146113
9,his,<code>his</code>,47,0.0137347
10,&eth;am,<code>&amp;d;am</code>,45,0.0131502
11,he,<code>he</code>,41,0.0119813
12,mid,<code>mid</code>,40,0.0116891
12,se,<code>se</code>,40,0.0116891
14,hi,<code>hi</code>,37,0.0108124
15,ne,<code>ne</code>,35,0.0102279
16,&eth;a,<code>&amp;d;a</code>,31,0.0090590
16,ac,<code>ac</code>,31,0.0090590
18,of,<code>of</code>,30,0.0087668
19,for,<code>for</code>,29,0.0084746
20,&thorn;e,<code>&amp;t;e</code>,27,0.0078901
20,cristes,<code>cristes</code>,27,0.0078901
20,hit,<code>hit</code>,27,0.0078901
23,&thorn;&aelig;s,<code>&amp;t;&amp;ae;s</code>,24,0.0070134
24,ge,<code>ge</code>,21,0.0061368
25,&aelig;fter,<code>&amp;ae;fter</code>,20,0.0058445
25,hlaf,<code>hlaf</code>,20,0.0058445
27,&eth;an,<code>&amp;d;an</code>,19,0.0055523
27,crist,<code>crist</code>,19,0.0055523
27,gerynu,<code>gerynu</code>,19,0.0055523
30,lichaman,<code>lichaman</code>,18,0.0052601
31,bi&eth;,<code>bi&amp;d;</code>,17,0.0049679
32,fram,<code>fram</code>,16,0.0046756
32,halgan,<code>halgan</code>,16,0.0046756
34,blod,<code>blod</code>,15,0.0043834
34,lichama,<code>lichama</code>,15,0.0043834
36,&aelig;t,<code>&amp;ae;t</code>,14,0.0040912
36,&eth;&aelig;re,<code>&amp;d;&amp;ae;re</code>,14,0.0040912
36,be,<code>be</code>,14,0.0040912
36,gif,<code>gif</code>,14,0.0040912
36,lambes,<code>lambes</code>,14,0.0040912
36,nu,<code>nu</code>,14,0.0040912
42,&thorn;a,<code>&amp;t;a</code>,13,0.0037989
42,&thorn;urh,<code>&amp;t;urh</code>,13,0.0037989
42,godes,<code>godes</code>,13,0.0037989
42,him,<code>him</code>,13,0.0037989
46,&thorn;one,<code>&amp;t;one</code>,12,0.0035067
46,cw&aelig;&eth;,<code>cw&amp;ae;&amp;d;</code>,12,0.0035067
46,husel,<code>husel</code>,12,0.0035067
46,husle,<code>husle</code>,12,0.0035067
46,mihte,<code>mihte</code>,12,0.0035067
51,&eth;ing,<code>&amp;d;ing</code>,11,0.0032145
51,&thorn;am,<code>&amp;t;am</code>,11,0.0032145
51,dea&eth;e,<code>dea&amp;d;e</code>,11,0.0032145
51,halige,<code>halige</code>,11,0.0032145
51,heora,<code>heora</code>,11,0.0032145
51,ure,<code>ure</code>,11,0.0032145
51,us,<code>us</code>,11,0.0032145
51,w&aelig;s,<code>w&amp;ae;s</code>,11,0.0032145
51,win,<code>win</code>,11,0.0032145
60,&thorn;&aelig;re,<code>&amp;t;&amp;ae;re</code>,10,0.0029223
60,beo&eth;,<code>beo&amp;d;</code>,10,0.0029223
60,eac,<code>eac</code>,10,0.0029223
60,gastlice,<code>gastlice</code>,10,0.0029223
60,god,<code>god</code>,10,0.0029223
60,lamb,<code>lamb</code>,10,0.0029223
60,min,<code>min</code>,10,0.0029223
60,na,<code>na</code>,10,0.0029223
60,sceolon,<code>sceolon</code>,10,0.0029223
69,&eth;eah,<code>&amp;d;eah</code>,9,0.0026300
69,&eth;isum,<code>&amp;d;isum</code>,9,0.0026300
69,&eth;urh,<code>&amp;d;urh</code>,9,0.0026300
69,&thorn;onne,<code>&amp;t;onne</code>,9,0.0026300
69,ealle,<code>ealle</code>,9,0.0026300
69,gode,<code>gode</code>,9,0.0026300
69,sind,<code>sind</code>,9,0.0026300
69,so&eth;lice,<code>so&amp;d;lice</code>,9,0.0026300
69,urum,<code>urum</code>,9,0.0026300
69,w&aelig;ter,<code>w&amp;ae;ter</code>,9,0.0026300
79,&aelig;r,<code>&amp;ae;r</code>,8,0.0023378
79,blode,<code>blode</code>,8,0.0023378
79,buton,<code>buton</code>,8,0.0023378
79,eow,<code>eow</code>,8,0.0023378
79,folc,<code>folc</code>,8,0.0023378
79,si&eth;&eth;an,<code>si&amp;d;&amp;d;an</code>,8,0.0023378
85,&eth;&aelig;s,<code>&amp;d;&amp;ae;s</code>,7,0.0020456
85,&eth;rowunge,<code>&amp;d;rowunge</code>,7,0.0020456
85,&thorn;is,<code>&amp;t;is</code>,7,0.0020456
85,an,<code>an</code>,7,0.0020456
85,fl&aelig;sc,<code>fl&amp;ae;sc</code>,7,0.0020456
85,gastlican,<code>gastlican</code>,7,0.0020456
85,getacnunge,<code>getacnunge</code>,7,0.0020456
85,h&aelig;f&eth;,<code>h&amp;ae;f&amp;d;</code>,7,0.0020456
85,israhela,<code>israhela</code>,7,0.0020456
85,lif,<code>lif</code>,7,0.0020456
85,mete,<code>mete</code>,7,0.0020456
96,&aelig;ton,<code>&amp;ae;ton</code>,6,0.0017534
96,&eth;icgan,<code>&amp;d;icgan</code>,6,0.0017534
96,&eth;one,<code>&amp;d;one</code>,6,0.0017534
96,apostol,<code>apostol</code>,6,0.0017534
96,brosniendlic,<code>brosniendlic</code>,6,0.0017534
96,criste,<code>criste</code>,6,0.0017534
96,eta&eth;,<code>eta&amp;d;</code>,6,0.0017534
96,gastlicere,<code>gastlicere</code>,6,0.0017534
96,gehaten,<code>gehaten</code>,6,0.0017534
96,heafod,<code>heafod</code>,6,0.0017534
96,hw&aelig;t,<code>hw&amp;ae;t</code>,6,0.0017534
96,israhel,<code>israhel</code>,6,0.0017534
96,lichamlice,<code>lichamlice</code>,6,0.0017534
96,men,<code>men</code>,6,0.0017534
96,nan,<code>nan</code>,6,0.0017534
96,sume,<code>sume</code>,6,0.0017534
96,underfo&eth;,<code>underfo&amp;d;</code>,6,0.0017534
113,&eth;onne,<code>&amp;d;onne</code>,5,0.0014611
113,aras,<code>aras</code>,5,0.0014611
113,cild,<code>cild</code>,5,0.0014611
113,d&aelig;ge,<code>d&amp;ae;ge</code>,5,0.0014611
113,eastertide,<code>eastertide</code>,5,0.0014611
113,ece,<code>ece</code>,5,0.0014611
113,eft,<code>eft</code>,5,0.0014611
113,etan,<code>etan</code>,5,0.0014611
113,hine,<code>hine</code>,5,0.0014611
113,lifes,<code>lifes</code>,5,0.0014611
113,m&aelig;ssan,<code>m&amp;ae;ssan</code>,5,0.0014611
113,man,<code>man</code>,5,0.0014611
113,manegum,<code>manegum</code>,5,0.0014611
113,o&eth;,<code>o&amp;d;</code>,5,0.0014611
113,seo,<code>seo</code>,5,0.0014611
113,swilce,<code>swilce</code>,5,0.0014611
113,w&aelig;ron,<code>w&amp;ae;ron</code>,5,0.0014611
113,wear&eth;,<code>wear&amp;d;</code>,5,0.0014611
113,ylcan,<code>ylcan</code>,5,0.0014611
132,&aelig;g&eth;er,<code>&amp;ae;g&amp;d;er</code>,4,0.0011689
132,&aelig;lcum,<code>&amp;ae;lcum</code>,4,0.0011689
132,&eth;&aelig;r,<code>&amp;d;&amp;ae;r</code>,4,0.0011689
132,&eth;&aelig;ron,<code>&amp;d;&amp;ae;ron</code>,4,0.0011689
132,&eth;as,<code>&amp;d;as</code>,4,0.0011689
132,&eth;i,<code>&amp;d;i</code>,4,0.0011689
132,&eth;rowade,<code>&amp;d;rowade</code>,4,0.0011689
132,&thorn;eah,<code>&amp;t;eah</code>,4,0.0011689
132,ageat,<code>ageat</code>,4,0.0011689
132,andgite,<code>andgite</code>,4,0.0011689
132,annysse,<code>annysse</code>,4,0.0011689
132,anum,<code>anum</code>,4,0.0011689
132,awend,<code>awend</code>,4,0.0011689
132,beon,<code>beon</code>,4,0.0011689
132,blodes,<code>blodes</code>,4,0.0011689
132,dea&eth;,<code>dea&amp;d;</code>,4,0.0011689
132,ealdan,<code>ealdan</code>,4,0.0011689
132,eallum,<code>eallum</code>,4,0.0011689
132,folce,<code>folce</code>,4,0.0011689
132,fyre,<code>fyre</code>,4,0.0011689
132,gecynde,<code>gecynde</code>,4,0.0011689
132,geleafan,<code>geleafan</code>,4,0.0011689
132,gemynde,<code>gemynde</code>,4,0.0011689
132,geoffrod,<code>geoffrod</code>,4,0.0011689
132,heo,<code>heo</code>,4,0.0011689
132,heofenlican,<code>heofenlican</code>,4,0.0011689
132,hiw,<code>hiw</code>,4,0.0011689
132,hiwe,<code>hiwe</code>,4,0.0011689
132,hu,<code>hu</code>,4,0.0011689
132,husles,<code>husles</code>,4,0.0011689
132,ic,<code>ic</code>,4,0.0011689
132,mannum,<code>mannum</code>,4,0.0011689
132,o&eth;er,<code>o&amp;d;er</code>,4,0.0011689
132,ofer,<code>ofer</code>,4,0.0011689
132,paulus,<code>paulus</code>,4,0.0011689
132,sceal,<code>sceal</code>,4,0.0011689
132,sceoldon,<code>sceoldon</code>,4,0.0011689
132,sy,<code>sy</code>,4,0.0011689
132,synnum,<code>synnum</code>,4,0.0011689
132,w&aelig;tere,<code>w&amp;ae;tere</code>,4,0.0011689
132,weofode,<code>weofode</code>,4,0.0011689
132,wi&eth;utan,<code>wi&amp;d;utan</code>,4,0.0011689
132,willa&eth;,<code>willa&amp;d;</code>,4,0.0011689
132,wurdon,<code>wurdon</code>,4,0.0011689
132,ymbe,<code>ymbe</code>,4,0.0011689
177,&aelig;riste,<code>&amp;ae;riste</code>,3,0.0008767
177,&eth;icga&eth;,<code>&amp;d;icga&amp;d;</code>,3,0.0008767
177,&eth;igene,<code>&amp;d;igene</code>,3,0.0008767
177,&eth;issere,<code>&amp;d;issere</code>,3,0.0008767
177,&thorn;&aelig;ra,<code>&amp;t;&amp;ae;ra</code>,3,0.0008767
177,&thorn;eos,<code>&amp;t;eos</code>,3,0.0008767
177,&thorn;isne,<code>&amp;t;isne</code>,3,0.0008767
177,&thorn;us,<code>&amp;t;us</code>,3,0.0008767
177,&thorn;yssere,<code>&amp;t;yssere</code>,3,0.0008767
177,ahredde,<code>ahredde</code>,3,0.0008767
177,andwerdan,<code>andwerdan</code>,3,0.0008767
177,awende,<code>awende</code>,3,0.0008767
177,behatenan,<code>behatenan</code>,3,0.0008767
177,betwux,<code>betwux</code>,3,0.0008767
177,bletsunge,<code>bletsunge</code>,3,0.0008767
177,d&aelig;le,<code>d&amp;ae;le</code>,3,0.0008767
177,dagas,<code>dagas</code>,3,0.0008767
177,drenc,<code>drenc</code>,3,0.0008767
177,druncon,<code>druncon</code>,3,0.0008767
177,eall,<code>eall</code>,3,0.0008767
177,earde,<code>earde</code>,3,0.0008767
177,ecan,<code>ecan</code>,3,0.0008767
177,ecum,<code>ecum</code>,3,0.0008767
177,embe,<code>embe</code>,3,0.0008767
177,eower,<code>eower</code>,3,0.0008767
177,eowerum,<code>eowerum</code>,3,0.0008767
177,et,<code>et</code>,3,0.0008767
177,f&aelig;der,<code>f&amp;ae;der</code>,3,0.0008767
177,faran,<code>faran</code>,3,0.0008767
177,fet,<code>fet</code>,3,0.0008767
177,fl&aelig;sce,<code>fl&amp;ae;sce</code>,3,0.0008767
177,gastes,<code>gastes</code>,3,0.0008767
177,gebr&aelig;d,<code>gebr&amp;ae;d</code>,3,0.0008767
177,gecweden,<code>gecweden</code>,3,0.0008767
177,geleaffullum,<code>geleaffullum</code>,3,0.0008767
177,gelome,<code>gelome</code>,3,0.0008767
177,geoffrode,<code>geoffrode</code>,3,0.0008767
177,gereorde,<code>gereorde</code>,3,0.0008767
177,gesceode,<code>gesceode</code>,3,0.0008767
177,h&aelig;fde,<code>h&amp;ae;fde</code>,3,0.0008767
177,h&aelig;lend,<code>h&amp;ae;lend</code>,3,0.0008767
177,healda&eth;,<code>healda&amp;d;</code>,3,0.0008767
177,heortan,<code>heortan</code>,3,0.0008767
177,het,<code>het</code>,3,0.0008767
177,lande,<code>lande</code>,3,0.0008767
177,leo,<code>leo</code>,3,0.0008767
177,m&aelig;nde,<code>m&amp;ae;nde</code>,3,0.0008767
177,manega,<code>manega</code>,3,0.0008767
177,manna,<code>manna</code>,3,0.0008767
177,menn,<code>menn</code>,3,0.0008767
177,menniscum,<code>menniscum</code>,3,0.0008767
177,micel,<code>micel</code>,3,0.0008767
177,middaneardes,<code>middaneardes</code>,3,0.0008767
177,moysen,<code>moysen</code>,3,0.0008767
177,nihte,<code>nihte</code>,3,0.0008767
177,nis,<code>nis</code>,3,0.0008767
177,s&aelig;,<code>s&amp;ae;</code>,3,0.0008767
177,sceolde,<code>sceolde</code>,3,0.0008767
177,seofon,<code>seofon</code>,3,0.0008767
177,smeagan,<code>smeagan</code>,3,0.0008767
177,so&eth;,<code>so&amp;d;</code>,3,0.0008767
177,so&eth;um,<code>so&amp;d;um</code>,3,0.0008767
177,st&aelig;f,<code>st&amp;ae;f</code>,3,0.0008767
177,stane,<code>stane</code>,3,0.0008767
177,sylf,<code>sylf</code>,3,0.0008767
177,unsc&aelig;&eth;&eth;ignysse,<code>unsc&amp;ae;&amp;d;&amp;d;ignysse</code>,3,0.0008767
177,westene,<code>westene</code>,3,0.0008767
177,wi&eth;innan,<code>wi&amp;d;innan</code>,3,0.0008767
177,wile,<code>wile</code>,3,0.0008767
177,worulde,<code>worulde</code>,3,0.0008767
247,&aelig;,<code>&amp;ae;</code>,2,0.0005845
247,&aelig;fnunge,<code>&amp;ae;fnunge</code>,2,0.0005845
247,&aelig;lcere,<code>&amp;ae;lcere</code>,2,0.0005845
247,&aelig;rest,<code>&amp;ae;rest</code>,2,0.0005845
247,&eth;&aelig;t,<code>&amp;d;&amp;ae;t</code>,2,0.0005845
247,&eth;eowte,<code>&amp;d;eowte</code>,2,0.0005845
247,&eth;inge,<code>&amp;d;inge</code>,2,0.0005845
247,&eth;rowode,<code>&amp;d;rowode</code>,2,0.0005845
247,&thorn;&aelig;r,<code>&amp;t;&amp;ae;r</code>,2,0.0005845
247,afedde,<code>afedde</code>,2,0.0005845
247,agenum,<code>agenum</code>,2,0.0005845
247,ahredd,<code>ahredd</code>,2,0.0005845
247,anes,<code>anes</code>,2,0.0005845
247,awriten,<code>awriten</code>,2,0.0005845
247,ban,<code>ban</code>,2,0.0005845
247,bebead,<code>bebead</code>,2,0.0005845
247,beboda,<code>beboda</code>,2,0.0005845
247,bec,<code>bec</code>,2,0.0005845
247,belifan,<code>belifan</code>,2,0.0005845
247,belife,<code>belife</code>,2,0.0005845
247,beo,<code>beo</code>,2,0.0005845
247,beorman,<code>beorman</code>,2,0.0005845
247,calice,<code>calice</code>,2,0.0005845
247,corne,<code>corne</code>,2,0.0005845
247,cristene,<code>cristene</code>,2,0.0005845
247,cunnon,<code>cunnon</code>,2,0.0005845
247,cwe&eth;ende,<code>cwe&amp;d;ende</code>,2,0.0005845
247,d&aelig;g,<code>d&amp;ae;g</code>,2,0.0005845
247,d&aelig;ghwomlice,<code>d&amp;ae;ghwomlice</code>,2,0.0005845
247,deade,<code>deade</code>,2,0.0005845
247,disce,<code>disce</code>,2,0.0005845
247,do&eth;,<code>do&amp;d;</code>,2,0.0005845
247,drihten,<code>drihten</code>,2,0.0005845
247,drinc&eth;,<code>drinc&amp;d;</code>,2,0.0005845
247,drinca&eth;,<code>drinca&amp;d;</code>,2,0.0005845
247,drincan,<code>drincan</code>,2,0.0005845
247,dydon,<code>dydon</code>,2,0.0005845
247,eal,<code>eal</code>,2,0.0005845
247,ealda,<code>ealda</code>,2,0.0005845
247,ealles,<code>ealles</code>,2,0.0005845
247,egypta,<code>egypta</code>,2,0.0005845
247,engel,<code>engel</code>,2,0.0005845
247,eowere,<code>eowere</code>,2,0.0005845
247,ete,<code>ete</code>,2,0.0005845
247,f&aelig;reld,<code>f&amp;ae;reld</code>,2,0.0005845
247,f&aelig;rlican,<code>f&amp;ae;rlican</code>,2,0.0005845
247,fela,<code>fela</code>,2,0.0005845
247,feowertig,<code>feowertig</code>,2,0.0005845
247,ferde,<code>ferde</code>,2,0.0005845
247,ferdon,<code>ferdon</code>,2,0.0005845
247,fl&aelig;sclicnysse,<code>fl&amp;ae;sclicnysse</code>,2,0.0005845
247,fleow,<code>fleow</code>,2,0.0005845
247,folces,<code>folces</code>,2,0.0005845
247,for&eth;f&aelig;deras,<code>for&amp;d;f&amp;ae;deras</code>,2,0.0005845
247,forgif&eth;,<code>forgif&amp;d;</code>,2,0.0005845
247,forwyrde,<code>forwyrde</code>,2,0.0005845
247,fyres,<code>fyres</code>,2,0.0005845
247,gan,<code>gan</code>,2,0.0005845
247,gastlicum,<code>gastlicum</code>,2,0.0005845
247,geara,<code>geara</code>,2,0.0005845
247,geboren,<code>geboren</code>,2,0.0005845
247,gecy&eth;nysse,<code>gecy&amp;d;nysse</code>,2,0.0005845
247,gedon,<code>gedon</code>,2,0.0005845
247,gedyrum,<code>gedyrum</code>,2,0.0005845
247,gehalgod,<code>gehalgod</code>,2,0.0005845
247,gehalgode,<code>gehalgode</code>,2,0.0005845
247,gelic,<code>gelic</code>,2,0.0005845
247,geopenian,<code>geopenian</code>,2,0.0005845
247,gesawon,<code>gesawon</code>,2,0.0005845
247,geseo&eth;,<code>geseo&amp;d;</code>,2,0.0005845
247,gesewen,<code>gesewen</code>,2,0.0005845
247,gesewenlican,<code>gesewenlican</code>,2,0.0005845
247,gesoden,<code>gesoden</code>,2,0.0005845
247,getacna&eth;,<code>getacna&amp;d;</code>,2,0.0005845
247,gregorius,<code>gregorius</code>,2,0.0005845
247,gyt,<code>gyt</code>,2,0.0005845
247,h&aelig;fdon,<code>h&amp;ae;fdon</code>,2,0.0005845
247,habba&eth;,<code>habba&amp;d;</code>,2,0.0005845
247,halga,<code>halga</code>,2,0.0005845
247,halgode,<code>halgode</code>,2,0.0005845
247,handa,<code>handa</code>,2,0.0005845
247,heafde,<code>heafde</code>,2,0.0005845
247,healdan,<code>healdan</code>,2,0.0005845
247,heofonlican,<code>heofonlican</code>,2,0.0005845
247,hlafum,<code>hlafum</code>,2,0.0005845
247,hreaw,<code>hreaw</code>,2,0.0005845
247,innewerde,<code>innewerde</code>,2,0.0005845
247,into,<code>into</code>,2,0.0005845
247,l&aelig;s,<code>l&amp;ae;s</code>,2,0.0005845
247,lafe,<code>lafe</code>,2,0.0005845
247,lambe,<code>lambe</code>,2,0.0005845
247,leahtrum,<code>leahtrum</code>,2,0.0005845
247,lendenum,<code>lendenum</code>,2,0.0005845
247,leomu,<code>leomu</code>,2,0.0005845
247,life,<code>life</code>,2,0.0005845
247,m&aelig;g,<code>m&amp;ae;g</code>,2,0.0005845
247,mage,<code>mage</code>,2,0.0005845
247,magon,<code>magon</code>,2,0.0005845
247,me,<code>me</code>,2,0.0005845
247,menniscnysse,<code>menniscnysse</code>,2,0.0005845
247,micclum,<code>micclum</code>,2,0.0005845
247,micelre,<code>micelre</code>,2,0.0005845
247,miht,<code>miht</code>,2,0.0005845
247,minum,<code>minum</code>,2,0.0005845
247,moste,<code>moste</code>,2,0.0005845
247,moston,<code>moston</code>,2,0.0005845
247,n&aelig;s,<code>n&amp;ae;s</code>,2,0.0005845
247,na&eth;or,<code>na&amp;d;or</code>,2,0.0005845
247,o&eth;re,<code>o&amp;d;re</code>,2,0.0005845
247,o&eth;rum,<code>o&amp;d;rum</code>,2,0.0005845
247,oferslegum,<code>oferslegum</code>,2,0.0005845
247,offrunge,<code>offrunge</code>,2,0.0005845
247,oft,<code>oft</code>,2,0.0005845
247,onbyrig&eth;,<code>onbyrig&amp;d;</code>,2,0.0005845
247,pharao,<code>pharao</code>,2,0.0005845
247,pharaones,<code>pharaones</code>,2,0.0005845
247,pistole,<code>pistole</code>,2,0.0005845
247,readan,<code>readan</code>,2,0.0005845
247,rice,<code>rice</code>,2,0.0005845
247,s&aelig;de,<code>s&amp;ae;de</code>,2,0.0005845
247,sacerda,<code>sacerda</code>,2,0.0005845
247,sawle,<code>sawle</code>,2,0.0005845
247,sceole,<code>sceole</code>,2,0.0005845
247,secge,<code>secge</code>,2,0.0005845
247,sibbe,<code>sibbe</code>,2,0.0005845
247,sindon,<code>sindon</code>,2,0.0005845
247,smeagenne,<code>smeagenne</code>,2,0.0005845
247,so&eth;an,<code>so&amp;d;an</code>,2,0.0005845
247,so&eth;f&aelig;stnysse,<code>so&amp;d;f&amp;ae;stnysse</code>,2,0.0005845
247,so&eth;re,<code>so&amp;d;re</code>,2,0.0005845
247,stan,<code>stan</code>,2,0.0005845
247,stowe,<code>stowe</code>,2,0.0005845
247,swutelunge,<code>swutelunge</code>,2,0.0005845
247,sylfe,<code>sylfe</code>,2,0.0005845
247,sylfum,<code>sylfum</code>,2,0.0005845
247,synna,<code>synna</code>,2,0.0005845
247,tid,<code>tid</code>,2,0.0005845
247,timan,<code>timan</code>,2,0.0005845
247,twa,<code>twa</code>,2,0.0005845
247,twynigendum,<code>twynigendum</code>,2,0.0005845
247,twynung,<code>twynung</code>,2,0.0005845
247,underfeh&eth;,<code>underfeh&amp;d;</code>,2,0.0005845
247,understanda&eth;,<code>understanda&amp;d;</code>,2,0.0005845
247,understandenne,<code>understandenne</code>,2,0.0005845
247,ungesewenlican,<code>ungesewenlican</code>,2,0.0005845
247,ungesewenlicere,<code>ungesewenlicere</code>,2,0.0005845
247,ures,<code>ures</code>,2,0.0005845
247,w&aelig;re,<code>w&amp;ae;re</code>,2,0.0005845
247,wedd,<code>wedd</code>,2,0.0005845
247,weorce,<code>weorce</code>,2,0.0005845
247,wine,<code>wine</code>,2,0.0005845
247,witodlice,<code>witodlice</code>,2,0.0005845
247,woldon,<code>woldon</code>,2,0.0005845
247,word,<code>word</code>,2,0.0005845
247,worulda,<code>worulda</code>,2,0.0005845
247,yfelnysse,<code>yfelnysse</code>,2,0.0005845
403,&aelig;fterfiligendum,<code>&amp;ae;fterfiligendum</code>,1,0.0002922
403,&aelig;ftergencgan,<code>&amp;ae;ftergencgan</code>,1,0.0002922
403,&aelig;ghwilcum,<code>&amp;ae;ghwilcum</code>,1,0.0002922
403,&aelig;lmihtiga,<code>&amp;ae;lmihtiga</code>,1,0.0002922
403,&aelig;ne,<code>&amp;ae;ne</code>,1,0.0002922
403,&aelig;nig,<code>&amp;ae;nig</code>,1,0.0002922
403,&aelig;nigre,<code>&amp;ae;nigre</code>,1,0.0002922
403,&aelig;rist,<code>&amp;ae;rist</code>,1,0.0002922
403,&aelig;ristes,<code>&amp;ae;ristes</code>,1,0.0002922
403,&aelig;tbretst,<code>&amp;ae;tbretst</code>,1,0.0002922
403,&aelig;te,<code>&amp;ae;te</code>,1,0.0002922
403,&aelig;teowed,<code>&amp;ae;teowed</code>,1,0.0002922
403,&aelig;teowia&eth;,<code>&amp;ae;teowia&amp;d;</code>,1,0.0002922
403,&aelig;teowige,<code>&amp;ae;teowige</code>,1,0.0002922
403,&aelig;teowode,<code>&amp;ae;teowode</code>,1,0.0002922
403,&aelig;tt,<code>&amp;ae;tt</code>,1,0.0002922
403,&eth;ancigende,<code>&amp;d;ancigende</code>,1,0.0002922
403,&eth;eawum,<code>&amp;d;eawum</code>,1,0.0002922
403,&eth;egnum,<code>&amp;d;egnum</code>,1,0.0002922
403,&eth;eorfe,<code>&amp;d;eorfe</code>,1,0.0002922
403,&eth;eorfum,<code>&amp;d;eorfum</code>,1,0.0002922
403,&eth;eowas,<code>&amp;d;eowas</code>,1,0.0002922
403,&eth;icge,<code>&amp;d;icge</code>,1,0.0002922
403,&eth;igde,<code>&amp;d;igde</code>,1,0.0002922
403,&eth;igdon,<code>&amp;d;igdon</code>,1,0.0002922
403,&eth;is,<code>&amp;d;is</code>,1,0.0002922
403,&eth;ises,<code>&amp;d;ises</code>,1,0.0002922
403,&eth;isne,<code>&amp;d;isne</code>,1,0.0002922
403,&eth;rowung,<code>&amp;d;rowung</code>,1,0.0002922
403,&eth;u,<code>&amp;d;u</code>,1,0.0002922
403,&eth;urhsmeagan,<code>&amp;d;urhsmeagan</code>,1,0.0002922
403,&eth;us,<code>&amp;d;us</code>,1,0.0002922
403,&eth;y,<code>&amp;d;y</code>,1,0.0002922
403,&eth;ygeden,<code>&amp;d;ygeden</code>,1,0.0002922
403,&eth;yrste,<code>&amp;d;yrste</code>,1,0.0002922
403,&thorn;&aelig;ron,<code>&amp;t;&amp;ae;ron</code>,1,0.0002922
403,&thorn;&aelig;rrihte,<code>&amp;t;&amp;ae;rrihte</code>,1,0.0002922
403,&thorn;as,<code>&amp;t;as</code>,1,0.0002922
403,&thorn;eorfne,<code>&amp;t;eorfne</code>,1,0.0002922
403,&thorn;eorfnyssum,<code>&amp;t;eorfnyssum</code>,1,0.0002922
403,&thorn;eorfum,<code>&amp;t;eorfum</code>,1,0.0002922
403,&thorn;icga&eth;,<code>&amp;t;icga&amp;d;</code>,1,0.0002922
403,&thorn;ing,<code>&amp;t;ing</code>,1,0.0002922
403,&thorn;ises,<code>&amp;t;ises</code>,1,0.0002922
403,&thorn;isum,<code>&amp;t;isum</code>,1,0.0002922
403,&thorn;rowade,<code>&amp;t;rowade</code>,1,0.0002922
403,&thorn;u,<code>&amp;t;u</code>,1,0.0002922
403,&thorn;y,<code>&amp;t;y</code>,1,0.0002922
403,a&eth;wean,<code>a&amp;d;wean</code>,1,0.0002922
403,a&eth;wogen,<code>a&amp;d;wogen</code>,1,0.0002922
403,aaron,<code>aaron</code>,1,0.0002922
403,ab&aelig;d,<code>ab&amp;ae;d</code>,1,0.0002922
403,abacen,<code>abacen</code>,1,0.0002922
403,acenned,<code>acenned</code>,1,0.0002922
403,acwealde,<code>acwealde</code>,1,0.0002922
403,adames,<code>adames</code>,1,0.0002922
403,adrencte,<code>adrencte</code>,1,0.0002922
403,agenes,<code>agenes</code>,1,0.0002922
403,agnus,<code>agnus</code>,1,0.0002922
403,agoten,<code>agoten</code>,1,0.0002922
403,ahengon,<code>ahengon</code>,1,0.0002922
403,alysde,<code>alysde</code>,1,0.0002922
403,alysede,<code>alysede</code>,1,0.0002922
403,alysednysse,<code>alysednysse</code>,1,0.0002922
403,alysend,<code>alysend</code>,1,0.0002922
403,amen,<code>amen</code>,1,0.0002922
403,anbidiende,<code>anbidiende</code>,1,0.0002922
403,andgit,<code>andgit</code>,1,0.0002922
403,andgites,<code>andgites</code>,1,0.0002922
403,andgitum,<code>andgitum</code>,1,0.0002922
403,anfeald,<code>anfeald</code>,1,0.0002922
403,angynn,<code>angynn</code>,1,0.0002922
403,anre,<code>anre</code>,1,0.0002922
403,ansund,<code>ansund</code>,1,0.0002922
403,anwealde,<code>anwealde</code>,1,0.0002922
403,apostoles,<code>apostoles</code>,1,0.0002922
403,apostoli,<code>apostoli</code>,1,0.0002922
403,apostolican,<code>apostolican</code>,1,0.0002922
403,apostolum,<code>apostolum</code>,1,0.0002922
403,ar&aelig;re,<code>ar&amp;ae;re</code>,1,0.0002922
403,ardlice,<code>ardlice</code>,1,0.0002922
403,asend,<code>asend</code>,1,0.0002922
403,asmeade,<code>asmeade</code>,1,0.0002922
403,astah,<code>astah</code>,1,0.0002922
403,ateorigendlican,<code>ateorigendlican</code>,1,0.0002922
403,augustinus,<code>augustinus</code>,1,0.0002922
403,awenda&eth;,<code>awenda&amp;d;</code>,1,0.0002922
403,awendedlic,<code>awendedlic</code>,1,0.0002922
403,awent,<code>awent</code>,1,0.0002922
403,awrungen,<code>awrungen</code>,1,0.0002922
403,b&aelig;don,<code>b&amp;ae;don</code>,1,0.0002922
403,bam,<code>bam</code>,1,0.0002922
403,bane,<code>bane</code>,1,0.0002922
403,banum,<code>banum</code>,1,0.0002922
403,bebeodan,<code>bebeodan</code>,1,0.0002922
403,beboden,<code>beboden</code>,1,0.0002922
403,bebodu,<code>bebodu</code>,1,0.0002922
403,bebude,<code>bebude</code>,1,0.0002922
403,bebyriged,<code>bebyriged</code>,1,0.0002922
403,becumon,<code>becumon</code>,1,0.0002922
403,becym&eth;,<code>becym&amp;d;</code>,1,0.0002922
403,befangen,<code>befangen</code>,1,0.0002922
403,begeat,<code>begeat</code>,1,0.0002922
403,begyrda&eth;,<code>begyrda&amp;d;</code>,1,0.0002922
403,begyrdum,<code>begyrdum</code>,1,0.0002922
403,behreowsunge,<code>behreowsunge</code>,1,0.0002922
403,belimp&eth;,<code>belimp&amp;d;</code>,1,0.0002922
403,bend,<code>bend</code>,1,0.0002922
403,bene,<code>bene</code>,1,0.0002922
403,beoda&eth;,<code>beoda&amp;d;</code>,1,0.0002922
403,beode,<code>beode</code>,1,0.0002922
403,beorma,<code>beorma</code>,1,0.0002922
403,bera&eth;,<code>bera&amp;d;</code>,1,0.0002922
403,berian,<code>berian</code>,1,0.0002922
403,berium,<code>berium</code>,1,0.0002922
403,bet,<code>bet</code>,1,0.0002922
403,bet&aelig;can,<code>bet&amp;ae;can</code>,1,0.0002922
403,biggencge,<code>biggencge</code>,1,0.0002922
403,bigleofan,<code>bigleofan</code>,1,0.0002922
403,biter,<code>biter</code>,1,0.0002922
403,biternysse,<code>biternysse</code>,1,0.0002922
403,bletsode,<code>bletsode</code>,1,0.0002922
403,blissia&eth;,<code>blissia&amp;d;</code>,1,0.0002922
403,bret,<code>bret</code>,1,0.0002922
403,brosniendlicum,<code>brosniendlicum</code>,1,0.0002922
403,brosnunge,<code>brosnunge</code>,1,0.0002922
403,buce,<code>buce</code>,1,0.0002922
403,caflice,<code>caflice</code>,1,0.0002922
403,cafnysse,<code>cafnysse</code>,1,0.0002922
403,carfulnysse,<code>carfulnysse</code>,1,0.0002922
403,cempan,<code>cempan</code>,1,0.0002922
403,cl&aelig;nnysse,<code>cl&amp;ae;nnysse</code>,1,0.0002922
403,clypia&eth;,<code>clypia&amp;d;</code>,1,0.0002922
403,clypode,<code>clypode</code>,1,0.0002922
403,com,<code>com</code>,1,0.0002922
403,comon,<code>comon</code>,1,0.0002922
403,cornum,<code>cornum</code>,1,0.0002922
403,cristenum,<code>cristenum</code>,1,0.0002922
403,cume,<code>cume</code>,1,0.0002922
403,cw&aelig;don,<code>cw&amp;ae;don</code>,1,0.0002922
403,cwydas,<code>cwydas</code>,1,0.0002922
403,cynrenum,<code>cynrenum</code>,1,0.0002922
403,cyrcan,<code>cyrcan</code>,1,0.0002922
403,d&aelig;de,<code>d&amp;ae;de</code>,1,0.0002922
403,d&aelig;g&thorn;erlicum,<code>d&amp;ae;g&amp;t;erlicum</code>,1,0.0002922
403,d&aelig;l,<code>d&amp;ae;l</code>,1,0.0002922
403,de,<code>de</code>,1,0.0002922
403,de&eth;,<code>de&amp;d;</code>,1,0.0002922
403,deadra,<code>deadra</code>,1,0.0002922
403,dei,<code>dei</code>,1,0.0002922
403,deofle,<code>deofle</code>,1,0.0002922
403,deofles,<code>deofles</code>,1,0.0002922
403,deofol,<code>deofol</code>,1,0.0002922
403,deopan,<code>deopan</code>,1,0.0002922
403,derian,<code>derian</code>,1,0.0002922
403,die,<code>die</code>,1,0.0002922
403,digelan,<code>digelan</code>,1,0.0002922
403,digelnyssa,<code>digelnyssa</code>,1,0.0002922
403,discipulum,<code>discipulum</code>,1,0.0002922
403,dome,<code>dome</code>,1,0.0002922
403,drihtenlican,<code>drihtenlican</code>,1,0.0002922
403,drihtne,<code>drihtne</code>,1,0.0002922
403,drihtnes,<code>drihtnes</code>,1,0.0002922
403,drince,<code>drince</code>,1,0.0002922
403,drium,<code>drium</code>,1,0.0002922
403,drunce,<code>drunce</code>,1,0.0002922
403,dyde,<code>dyde</code>,1,0.0002922
403,dyrstelice,<code>dyrstelice</code>,1,0.0002922
403,e&eth;ele,<code>e&amp;d;ele</code>,1,0.0002922
403,eadmodnysse,<code>eadmodnysse</code>,1,0.0002922
403,ealne,<code>ealne</code>,1,0.0002922
403,ealra,<code>ealra</code>,1,0.0002922
403,eastertid,<code>eastertid</code>,1,0.0002922
403,ebreiscum,<code>ebreiscum</code>,1,0.0002922
403,ecnysse,<code>ecnysse</code>,1,0.0002922
403,edwist,<code>edwist</code>,1,0.0002922
403,efne,<code>efne</code>,1,0.0002922
403,egyptiscra,<code>egyptiscra</code>,1,0.0002922
403,ehton,<code>ehton</code>,1,0.0002922
403,elca,<code>elca</code>,1,0.0002922
403,elcunge,<code>elcunge</code>,1,0.0002922
403,elles,<code>elles</code>,1,0.0002922
403,ende,<code>ende</code>,1,0.0002922
403,endenexta,<code>endenexta</code>,1,0.0002922
403,endenextan,<code>endenextan</code>,1,0.0002922
403,engla,<code>engla</code>,1,0.0002922
403,engle,<code>engle</code>,1,0.0002922
403,englisc,<code>englisc</code>,1,0.0002922
403,eode,<code>eode</code>,1,0.0002922
403,eodon,<code>eodon</code>,1,0.0002922
403,eom,<code>eom</code>,1,0.0002922
403,eton,<code>eton</code>,1,0.0002922
403,f&aelig;relde,<code>f&amp;ae;relde</code>,1,0.0002922
403,fantf&aelig;te,<code>fantf&amp;ae;te</code>,1,0.0002922
403,fantw&aelig;ter,<code>fantw&amp;ae;ter</code>,1,0.0002922
403,feldlicere,<code>feldlicere</code>,1,0.0002922
403,feldlicum,<code>feldlicum</code>,1,0.0002922
403,felle,<code>felle</code>,1,0.0002922
403,fingres,<code>fingres</code>,1,0.0002922
403,fleow&eth;,<code>fleow&amp;d;</code>,1,0.0002922
403,flowende,<code>flowende</code>,1,0.0002922
403,for&eth;farenra,<code>for&amp;d;farenra</code>,1,0.0002922
403,for&eth;farenum,<code>for&amp;d;farenum</code>,1,0.0002922
403,for&eth;ferdon,<code>for&amp;d;ferdon</code>,1,0.0002922
403,foranheafde,<code>foranheafde</code>,1,0.0002922
403,forb&aelig;rna&eth;,<code>forb&amp;ae;rna&amp;d;</code>,1,0.0002922
403,forb&aelig;rnan,<code>forb&amp;ae;rnan</code>,1,0.0002922
403,forbugan,<code>forbugan</code>,1,0.0002922
403,forewearde,<code>forewearde</code>,1,0.0002922
403,forg&aelig;gednysse,<code>forg&amp;ae;gednysse</code>,1,0.0002922
403,forgeaf,<code>forgeaf</code>,1,0.0002922
403,forgifenysse,<code>forgifenysse</code>,1,0.0002922
403,forrotodnysse,<code>forrotodnysse</code>,1,0.0002922
403,fotum,<code>fotum</code>,1,0.0002922
403,frema&eth;,<code>frema&amp;d;</code>,1,0.0002922
403,fremminge,<code>fremminge</code>,1,0.0002922
403,freolsia&eth;,<code>freolsia&amp;d;</code>,1,0.0002922
403,freolstide,<code>freolstide</code>,1,0.0002922
403,frumcennedan,<code>frumcennedan</code>,1,0.0002922
403,frumcennede,<code>frumcennede</code>,1,0.0002922
403,fultume,<code>fultume</code>,1,0.0002922
403,fyligan,<code>fyligan</code>,1,0.0002922
403,galnys,<code>galnys</code>,1,0.0002922
403,galnysse,<code>galnysse</code>,1,0.0002922
403,gast,<code>gast</code>,1,0.0002922
403,gaste,<code>gaste</code>,1,0.0002922
403,gastlica,<code>gastlica</code>,1,0.0002922
403,ge&eth;ugon,<code>ge&amp;d;ugon</code>,1,0.0002922
403,geares,<code>geares</code>,1,0.0002922
403,geblodgod,<code>geblodgod</code>,1,0.0002922
403,gebr&aelig;dne,<code>gebr&amp;ae;dne</code>,1,0.0002922
403,gebroht,<code>gebroht</code>,1,0.0002922
403,gecl&aelig;nsian,<code>gecl&amp;ae;nsian</code>,1,0.0002922
403,gecl&aelig;nsode,<code>gecl&amp;ae;nsode</code>,1,0.0002922
403,gecwedene,<code>gecwedene</code>,1,0.0002922
403,gecynd,<code>gecynd</code>,1,0.0002922
403,gecyndes,<code>gecyndes</code>,1,0.0002922
403,gecyrrenne,<code>gecyrrenne</code>,1,0.0002922
403,gedafena&eth;,<code>gedafena&amp;d;</code>,1,0.0002922
403,geearnodon,<code>geearnodon</code>,1,0.0002922
403,geedniwod,<code>geedniwod</code>,1,0.0002922
403,geefenl&aelig;ca&eth;,<code>geefenl&amp;ae;ca&amp;d;</code>,1,0.0002922
403,geendod,<code>geendod</code>,1,0.0002922
403,geendunge,<code>geendunge</code>,1,0.0002922
403,gefadode,<code>gefadode</code>,1,0.0002922
403,gefullod,<code>gefullod</code>,1,0.0002922
403,gefullode,<code>gefullode</code>,1,0.0002922
403,gefyrn,<code>gefyrn</code>,1,0.0002922
403,gegaderod,<code>gegaderod</code>,1,0.0002922
403,gegearcod,<code>gegearcod</code>,1,0.0002922
403,gehealtsumnysse,<code>gehealtsumnysse</code>,1,0.0002922
403,gehu,<code>gehu</code>,1,0.0002922
403,gehwilce,<code>gehwilce</code>,1,0.0002922
403,gehyra&eth;,<code>gehyra&amp;d;</code>,1,0.0002922
403,gehyran,<code>gehyran</code>,1,0.0002922
403,gel&aelig;de,<code>gel&amp;ae;de</code>,1,0.0002922
403,geleaffullan,<code>geleaffullan</code>,1,0.0002922
403,geleaffulle,<code>geleaffulle</code>,1,0.0002922
403,geleaffulles,<code>geleaffulles</code>,1,0.0002922
403,geleaffulre,<code>geleaffulre</code>,1,0.0002922
403,geleafleaste,<code>geleafleaste</code>,1,0.0002922
403,geled,<code>geled</code>,1,0.0002922
403,gelicodon,<code>gelicodon</code>,1,0.0002922
403,geliff&aelig;st,<code>geliff&amp;ae;st</code>,1,0.0002922
403,gelyfa&eth;,<code>gelyfa&amp;d;</code>,1,0.0002922
403,gelyfdon,<code>gelyfdon</code>,1,0.0002922
403,gem&aelig;nelican,<code>gem&amp;ae;nelican</code>,1,0.0002922
403,gem&aelig;num,<code>gem&amp;ae;num</code>,1,0.0002922
403,gemearcode,<code>gemearcode</code>,1,0.0002922
403,gemencge,<code>gemencge</code>,1,0.0002922
403,gemettan,<code>gemettan</code>,1,0.0002922
403,gemettum,<code>gemettum</code>,1,0.0002922
403,gemiltsa,<code>gemiltsa</code>,1,0.0002922
403,gemynd,<code>gemynd</code>,1,0.0002922
403,geneal&aelig;h&eth;,<code>geneal&amp;ae;h&amp;d;</code>,1,0.0002922
403,geoffrian,<code>geoffrian</code>,1,0.0002922
403,geoffrodon,<code>geoffrodon</code>,1,0.0002922
403,geond,<code>geond</code>,1,0.0002922
403,gereccan,<code>gereccan</code>,1,0.0002922
403,gereordum,<code>gereordum</code>,1,0.0002922
403,gerihtl&aelig;ced,<code>gerihtl&amp;ae;ced</code>,1,0.0002922
403,gerynelice,<code>gerynelice</code>,1,0.0002922
403,ges&aelig;d,<code>ges&amp;ae;d</code>,1,0.0002922
403,gesceade,<code>gesceade</code>,1,0.0002922
403,gesceadwisre,<code>gesceadwisre</code>,1,0.0002922
403,gesceaft,<code>gesceaft</code>,1,0.0002922
403,gesceafta,<code>gesceafta</code>,1,0.0002922
403,gesceafte,<code>gesceafte</code>,1,0.0002922
403,gesceote,<code>gesceote</code>,1,0.0002922
403,gescy,<code>gescy</code>,1,0.0002922
403,gescylde,<code>gescylde</code>,1,0.0002922
403,geseo,<code>geseo</code>,1,0.0002922
403,geseon,<code>geseon</code>,1,0.0002922
403,gesewene,<code>gesewene</code>,1,0.0002922
403,gesewenlic,<code>gesewenlic</code>,1,0.0002922
403,gestodon,<code>gestodon</code>,1,0.0002922
403,gesund,<code>gesund</code>,1,0.0002922
403,geswutelod,<code>geswutelod</code>,1,0.0002922
403,getacnige,<code>getacnige</code>,1,0.0002922
403,getacnigendlice,<code>getacnigendlice</code>,1,0.0002922
403,getacnode,<code>getacnode</code>,1,0.0002922
403,geteald,<code>geteald</code>,1,0.0002922
403,getrahtnod,<code>getrahtnod</code>,1,0.0002922
403,gewemmednysse,<code>gewemmednysse</code>,1,0.0002922
403,gewiss,<code>gewiss</code>,1,0.0002922
403,gewissian,<code>gewissian</code>,1,0.0002922
403,gewissum,<code>gewissum</code>,1,0.0002922
403,gewri&eth;an,<code>gewri&amp;d;an</code>,1,0.0002922
403,gewundodon,<code>gewundodon</code>,1,0.0002922
403,gewunod,<code>gewunod</code>,1,0.0002922
403,gife,<code>gife</code>,1,0.0002922
403,godcundes,<code>godcundes</code>,1,0.0002922
403,godcundnysse,<code>godcundnysse</code>,1,0.0002922
403,godspelle,<code>godspelle</code>,1,0.0002922
403,godspellere,<code>godspellere</code>,1,0.0002922
403,godum,<code>godum</code>,1,0.0002922
403,gr&aelig;dignysse,<code>gr&amp;ae;dignysse</code>,1,0.0002922
403,gyman,<code>gyman</code>,1,0.0002922
403,gymene,<code>gymene</code>,1,0.0002922
403,h&aelig;&eth;en,<code>h&amp;ae;&amp;d;en</code>,1,0.0002922
403,h&aelig;lende,<code>h&amp;ae;lende</code>,1,0.0002922
403,h&aelig;lendes,<code>h&amp;ae;lendes</code>,1,0.0002922
403,h&aelig;se,<code>h&amp;ae;se</code>,1,0.0002922
403,h&aelig;tan,<code>h&amp;ae;tan</code>,1,0.0002922
403,habban,<code>habban</code>,1,0.0002922
403,halgia&eth;,<code>halgia&amp;d;</code>,1,0.0002922
403,halgodon,<code>halgodon</code>,1,0.0002922
403,halgum,<code>halgum</code>,1,0.0002922
403,halgunge,<code>halgunge</code>,1,0.0002922
403,halwende,<code>halwende</code>,1,0.0002922
403,handsexe,<code>handsexe</code>,1,0.0002922
403,hangodon,<code>hangodon</code>,1,0.0002922
403,hata&eth;,<code>hata&amp;d;</code>,1,0.0002922
403,hatte,<code>hatte</code>,1,0.0002922
403,healfa,<code>healfa</code>,1,0.0002922
403,heardum,<code>heardum</code>,1,0.0002922
403,heofenlica,<code>heofenlica</code>,1,0.0002922
403,heofenlicum,<code>heofenlicum</code>,1,0.0002922
403,heofonlica,<code>heofonlica</code>,1,0.0002922
403,heofonum,<code>heofonum</code>,1,0.0002922
403,heoldon,<code>heoldon</code>,1,0.0002922
403,heononfor&eth;,<code>heononfor&amp;d;</code>,1,0.0002922
403,heor&eth;e,<code>heor&amp;d;e</code>,1,0.0002922
403,heorte,<code>heorte</code>,1,0.0002922
403,here,<code>here</code>,1,0.0002922
403,heretogan,<code>heretogan</code>,1,0.0002922
403,hlafas,<code>hlafas</code>,1,0.0002922
403,hlafe,<code>hlafe</code>,1,0.0002922
403,hreawne,<code>hreawne</code>,1,0.0002922
403,hreawum,<code>hreawum</code>,1,0.0002922
403,huse,<code>huse</code>,1,0.0002922
403,huselganges,<code>huselganges</code>,1,0.0002922
403,hw&aelig;&eth;ere,<code>hw&amp;ae;&amp;d;ere</code>,1,0.0002922
403,hw&aelig;ne,<code>hw&amp;ae;ne</code>,1,0.0002922
403,hwam,<code>hwam</code>,1,0.0002922
403,hwene,<code>hwene</code>,1,0.0002922
403,hwi,<code>hwi</code>,1,0.0002922
403,hwilwendlic,<code>hwilwendlic</code>,1,0.0002922
403,hyda,<code>hyda</code>,1,0.0002922
403,hylt,<code>hylt</code>,1,0.0002922
403,hyrdr&aelig;dene,<code>hyrdr&amp;ae;dene</code>,1,0.0002922
403,in,<code>in</code>,1,0.0002922
403,ingehyd,<code>ingehyd</code>,1,0.0002922
403,innewearde,<code>innewearde</code>,1,0.0002922
403,inno&eth;e,<code>inno&amp;d;e</code>,1,0.0002922
403,iohannes,<code>iohannes</code>,1,0.0002922
403,l&aelig;dde,<code>l&amp;ae;dde</code>,1,0.0002922
403,l&aelig;ge,<code>l&amp;ae;ge</code>,1,0.0002922
403,l&aelig;nan,<code>l&amp;ae;nan</code>,1,0.0002922
403,l&aelig;ssan,<code>l&amp;ae;ssan</code>,1,0.0002922
403,l&aelig;sse,<code>l&amp;ae;sse</code>,1,0.0002922
403,lac,<code>lac</code>,1,0.0002922
403,lactuca,<code>lactuca</code>,1,0.0002922
403,lactucan,<code>lactucan</code>,1,0.0002922
403,lactucum,<code>lactucum</code>,1,0.0002922
403,leahtras,<code>leahtras</code>,1,0.0002922
403,leden,<code>leden</code>,1,0.0002922
403,lendenu,<code>lendenu</code>,1,0.0002922
403,leofa&eth;,<code>leofa&amp;d;</code>,1,0.0002922
403,leofostan,<code>leofostan</code>,1,0.0002922
403,leomum,<code>leomum</code>,1,0.0002922
403,li&eth;,<code>li&amp;d;</code>,1,0.0002922
403,licgan,<code>licgan</code>,1,0.0002922
403,lichamlic,<code>lichamlic</code>,1,0.0002922
403,lichamlicum,<code>lichamlicum</code>,1,0.0002922
403,lifigendan,<code>lifigendan</code>,1,0.0002922
403,liflic,<code>liflic</code>,1,0.0002922
403,liflica,<code>liflica</code>,1,0.0002922
403,liflicum,<code>liflicum</code>,1,0.0002922
403,lima,<code>lima</code>,1,0.0002922
403,limleas,<code>limleas</code>,1,0.0002922
403,limum,<code>limum</code>,1,0.0002922
403,lof,<code>lof</code>,1,0.0002922
403,losige,<code>losige</code>,1,0.0002922
403,lufa&eth;,<code>lufa&amp;d;</code>,1,0.0002922
403,lufe,<code>lufe</code>,1,0.0002922
403,lybbendum,<code>lybbendum</code>,1,0.0002922
403,m&aelig;&eth;e,<code>m&amp;ae;&amp;d;e</code>,1,0.0002922
403,m&aelig;dene,<code>m&amp;ae;dene</code>,1,0.0002922
403,m&aelig;gnum,<code>m&amp;ae;gnum</code>,1,0.0002922
403,m&aelig;rlice,<code>m&amp;ae;rlice</code>,1,0.0002922
403,m&aelig;sse,<code>m&amp;ae;sse</code>,1,0.0002922
403,m&aelig;ssepreost,<code>m&amp;ae;ssepreost</code>,1,0.0002922
403,m&aelig;ssode,<code>m&amp;ae;ssode</code>,1,0.0002922
403,manfulnysse,<code>manfulnysse</code>,1,0.0002922
403,mannes,<code>mannes</code>,1,0.0002922
403,maran,<code>maran</code>,1,0.0002922
403,mare,<code>mare</code>,1,0.0002922
403,marian,<code>marian</code>,1,0.0002922
403,mearcian,<code>mearcian</code>,1,0.0002922
403,mearcodon,<code>mearcodon</code>,1,0.0002922
403,mearcunge,<code>mearcunge</code>,1,0.0002922
403,mennisc,<code>mennisc</code>,1,0.0002922
403,merien,<code>merien</code>,1,0.0002922
403,merigen,<code>merigen</code>,1,0.0002922
403,micclan,<code>micclan</code>,1,0.0002922
403,micele,<code>micele</code>,1,0.0002922
403,middanearde,<code>middanearde</code>,1,0.0002922
403,mihtiglice,<code>mihtiglice</code>,1,0.0002922
403,miserere,<code>miserere</code>,1,0.0002922
403,mislice,<code>mislice</code>,1,0.0002922
403,mislicum,<code>mislicum</code>,1,0.0002922
403,mod,<code>mod</code>,1,0.0002922
403,mode,<code>mode</code>,1,0.0002922
403,modum,<code>modum</code>,1,0.0002922
403,moton,<code>moton</code>,1,0.0002922
403,moyses,<code>moyses</code>,1,0.0002922
403,mundi,<code>mundi</code>,1,0.0002922
403,munecas,<code>munecas</code>,1,0.0002922
403,myrh&eth;e,<code>myrh&amp;d;e</code>,1,0.0002922
403,mysan,<code>mysan</code>,1,0.0002922
403,n&aelig;bbe,<code>n&amp;ae;bbe</code>,1,0.0002922
403,n&aelig;fre,<code>n&amp;ae;fre</code>,1,0.0002922
403,n&aelig;re,<code>n&amp;ae;re</code>,1,0.0002922
403,n&aelig;ron,<code>n&amp;ae;ron</code>,1,0.0002922
403,naman,<code>naman</code>,1,0.0002922
403,namon,<code>namon</code>,1,0.0002922
403,nanum,<code>nanum</code>,1,0.0002922
403,niht,<code>niht</code>,1,0.0002922
403,niwan,<code>niwan</code>,1,0.0002922
403,nobis,<code>nobis</code>,1,0.0002922
403,nytena,<code>nytena</code>,1,0.0002922
403,o&eth;&eth;e,<code>o&amp;d;&amp;d;e</code>,1,0.0002922
403,o&eth;ra,<code>o&amp;d;ra</code>,1,0.0002922
403,o&thorn;&thorn;e,<code>o&amp;t;&amp;t;e</code>,1,0.0002922
403,oferswi&eth;de,<code>oferswi&amp;d;de</code>,1,0.0002922
403,offria&eth;,<code>offria&amp;d;</code>,1,0.0002922
403,offrodon,<code>offrodon</code>,1,0.0002922
403,ofsette,<code>ofsette</code>,1,0.0002922
403,ofslegen,<code>ofslegen</code>,1,0.0002922
403,ofsna&eth;,<code>ofsna&amp;d;</code>,1,0.0002922
403,onfon,<code>onfon</code>,1,0.0002922
403,ons&aelig;gednysse,<code>ons&amp;ae;gednysse</code>,1,0.0002922
403,onscuna&eth;,<code>onscuna&amp;d;</code>,1,0.0002922
403,pascae,<code>pascae</code>,1,0.0002922
403,pascha,<code>pascha</code>,1,0.0002922
403,patrum,<code>patrum</code>,1,0.0002922
403,paulum,<code>paulum</code>,1,0.0002922
403,peccata,<code>peccata</code>,1,0.0002922
403,preost,<code>preost</code>,1,0.0002922
403,qui,<code>qui</code>,1,0.0002922
403,r&aelig;da&eth;,<code>r&amp;ae;da&amp;d;</code>,1,0.0002922
403,race,<code>race</code>,1,0.0002922
403,re&eth;an,<code>re&amp;d;an</code>,1,0.0002922
403,rihtlice,<code>rihtlice</code>,1,0.0002922
403,rode,<code>rode</code>,1,0.0002922
403,rodetacen,<code>rodetacen</code>,1,0.0002922
403,rodetacn,<code>rodetacn</code>,1,0.0002922
403,rodetacne,<code>rodetacne</code>,1,0.0002922
403,s&aelig;don,<code>s&amp;ae;don</code>,1,0.0002922
403,sacerdas,<code>sacerdas</code>,1,0.0002922
403,sacrificio,<code>sacrificio</code>,1,0.0002922
403,samod,<code>samod</code>,1,0.0002922
403,sawul,<code>sawul</code>,1,0.0002922
403,sawulleas,<code>sawulleas</code>,1,0.0002922
403,sc&aelig;nan,<code>sc&amp;ae;nan</code>,1,0.0002922
403,scea&eth;ena,<code>scea&amp;d;ena</code>,1,0.0002922
403,sceancan,<code>sceancan</code>,1,0.0002922
403,sceawia&eth;,<code>sceawia&amp;d;</code>,1,0.0002922
403,se&eth;unge,<code>se&amp;d;unge</code>,1,0.0002922
403,sealde,<code>sealde</code>,1,0.0002922
403,seca&eth;,<code>seca&amp;d;</code>,1,0.0002922
403,seo&eth;e,<code>seo&amp;d;e</code>,1,0.0002922
403,sermo,<code>sermo</code>,1,0.0002922
403,silfwilles,<code>silfwilles</code>,1,0.0002922
403,singa&eth;,<code>singa&amp;d;</code>,1,0.0002922
403,sinum,<code>sinum</code>,1,0.0002922
403,sixtan,<code>sixtan</code>,1,0.0002922
403,sleacan,<code>sleacan</code>,1,0.0002922
403,sleacnysse,<code>sleacnysse</code>,1,0.0002922
403,smeadon,<code>smeadon</code>,1,0.0002922
403,smeaga&eth;,<code>smeaga&amp;d;</code>,1,0.0002922
403,sn&aelig;d,<code>sn&amp;ae;d</code>,1,0.0002922
403,sni&eth;an,<code>sni&amp;d;an</code>,1,0.0002922
403,so&eth;f&aelig;stnyss,<code>so&amp;d;f&amp;ae;stnyss</code>,1,0.0002922
403,sta&eth;elf&aelig;stan,<code>sta&amp;d;elf&amp;ae;stan</code>,1,0.0002922
403,stanclude,<code>stanclude</code>,1,0.0002922
403,sticm&aelig;lum,<code>sticm&amp;ae;lum</code>,1,0.0002922
403,stod,<code>stod</code>,1,0.0002922
403,strangan,<code>strangan</code>,1,0.0002922
403,strenc&eth;e,<code>strenc&amp;d;e</code>,1,0.0002922
403,sumum,<code>sumum</code>,1,0.0002922
403,sw&aelig;cce,<code>sw&amp;ae;cce</code>,1,0.0002922
403,swilcum,<code>swilcum</code>,1,0.0002922
403,swulton,<code>swulton</code>,1,0.0002922
403,swylt,<code>swylt</code>,1,0.0002922
403,syfernysse,<code>syfernysse</code>,1,0.0002922
403,sylfne,<code>sylfne</code>,1,0.0002922
403,symle,<code>symle</code>,1,0.0002922
403,synfull,<code>synfull</code>,1,0.0002922
403,t&aelig;hte,<code>t&amp;ae;hte</code>,1,0.0002922
403,tau,<code>tau</code>,1,0.0002922
403,tima,<code>tima</code>,1,0.0002922
403,to&eth;um,<code>to&amp;d;um</code>,1,0.0002922
403,tobr&aelig;c,<code>tobr&amp;ae;c</code>,1,0.0002922
403,tobr&aelig;con,<code>tobr&amp;ae;con</code>,1,0.0002922
403,tobrecan,<code>tobrecan</code>,1,0.0002922
403,tocnawa&eth;,<code>tocnawa&amp;d;</code>,1,0.0002922
403,tocowen,<code>tocowen</code>,1,0.0002922
403,tod&aelig;lde,<code>tod&amp;ae;lde</code>,1,0.0002922
403,tod&aelig;led,<code>tod&amp;ae;led</code>,1,0.0002922
403,togeanes,<code>togeanes</code>,1,0.0002922
403,toli&eth;ode,<code>toli&amp;d;ode</code>,1,0.0002922
403,tollis,<code>tollis</code>,1,0.0002922
403,towearde,<code>towearde</code>,1,0.0002922
403,trahtnian,<code>trahtnian</code>,1,0.0002922
403,transitus,<code>transitus</code>,1,0.0002922
403,twegen,<code>twegen</code>,1,0.0002922
403,twegra,<code>twegra</code>,1,0.0002922
403,uita,<code>uita</code>,1,0.0002922
403,un&eth;eawum,<code>un&amp;d;eawum</code>,1,0.0002922
403,un&eth;rowiendlic,<code>un&amp;d;rowiendlic</code>,1,0.0002922
403,undeadlicnysse,<code>undeadlicnysse</code>,1,0.0002922
403,under&thorn;eod,<code>under&amp;t;eod</code>,1,0.0002922
403,underfengon,<code>underfengon</code>,1,0.0002922
403,undergyte,<code>undergyte</code>,1,0.0002922
403,undergyten,<code>undergyten</code>,1,0.0002922
403,understandan,<code>understandan</code>,1,0.0002922
403,understodon,<code>understodon</code>,1,0.0002922
403,underwry&eth;ian,<code>underwry&amp;d;ian</code>,1,0.0002922
403,unsc&aelig;&eth;&eth;ig,<code>unsc&amp;ae;&amp;d;&amp;d;ig</code>,1,0.0002922
403,unsc&aelig;&eth;&eth;ige,<code>unsc&amp;ae;&amp;d;&amp;d;ige</code>,1,0.0002922
403,unst&aelig;&eth;&eth;igan,<code>unst&amp;ae;&amp;d;&amp;d;igan</code>,1,0.0002922
403,unwur&eth;e,<code>unwur&amp;d;e</code>,1,0.0002922
403,urne,<code>urne</code>,1,0.0002922
403,uton,<code>uton</code>,1,0.0002922
403,w&aelig;lhreawlice,<code>w&amp;ae;lhreawlice</code>,1,0.0002922
403,w&aelig;ta,<code>w&amp;ae;ta</code>,1,0.0002922
403,w&aelig;terum,<code>w&amp;ae;terum</code>,1,0.0002922
403,wed,<code>wed</code>,1,0.0002922
403,weld&aelig;de,<code>weld&amp;ae;de</code>,1,0.0002922
403,wen&eth;,<code>wen&amp;d;</code>,1,0.0002922
403,weor&eth;e,<code>weor&amp;d;e</code>,1,0.0002922
403,werode,<code>werode</code>,1,0.0002922
403,wi&eth;,<code>wi&amp;d;</code>,1,0.0002922
403,wife,<code>wife</code>,1,0.0002922
403,wifes,<code>wifes</code>,1,0.0002922
403,wille,<code>wille</code>,1,0.0002922
403,wisa,<code>wisa</code>,1,0.0002922
403,wisdome,<code>wisdome</code>,1,0.0002922
403,wison,<code>wison</code>,1,0.0002922
403,wistfullian,<code>wistfullian</code>,1,0.0002922
403,witan,<code>witan</code>,1,0.0002922
403,wolcne,<code>wolcne</code>,1,0.0002922
403,worde,<code>worde</code>,1,0.0002922
403,wordes,<code>wordes</code>,1,0.0002922
403,woruld,<code>woruld</code>,1,0.0002922
403,writende,<code>writende</code>,1,0.0002922
403,wuldor,<code>wuldor</code>,1,0.0002922
403,wuna&eth;,<code>wuna&amp;d;</code>,1,0.0002922
403,wur&eth;mynte,<code>wur&amp;d;mynte</code>,1,0.0002922
403,wurde,<code>wurde</code>,1,0.0002922
403,wylspring,<code>wylspring</code>,1,0.0002922
403,wyrcan,<code>wyrcan</code>,1,0.0002922
403,wyrt,<code>wyrt</code>,1,0.0002922
403,yfelan,<code>yfelan</code>,1,0.0002922
403,yld,<code>yld</code>,1,0.0002922
403,ylde,<code>ylde</code>,1,0.0002922
