B_Prose,B01,B01.001.020_AECHom_I__18_T02270.txt,849,545,2551
RANK,HTML WORD,RAW WORD,COUNT,RELATIVE FREQUENCY
1,&amp;,<code>&amp;amp;</code>,126,0.0493924
2,se,<code>se</code>,69,0.0270482
3,he,<code>he</code>,68,0.0266562
4,&thorn;&aelig;t,<code>&amp;t;&amp;ae;t</code>,49,0.0192082
4,&thorn;e,<code>&amp;t;e</code>,49,0.0192082
6,is,<code>is</code>,44,0.0172481
7,for,<code>for</code>,39,0.0152881
8,his,<code>his</code>,38,0.0148961
8,on,<code>on</code>,38,0.0148961
10,&thorn;a,<code>&amp;t;a</code>,37,0.0145041
11,swa,<code>swa</code>,35,0.0137201
11,to,<code>to</code>,35,0.0137201
13,we,<code>we</code>,33,0.0129361
14,bi&eth;,<code>bi&amp;d;</code>,30,0.0117601
15,mid,<code>mid</code>,27,0.0105841
16,god,<code>god</code>,26,0.0101921
16,hi,<code>hi</code>,26,0.0101921
18,him,<code>him</code>,25,0.0098001
18,ne,<code>ne</code>,25,0.0098001
20,&eth;e,<code>&amp;d;e</code>,22,0.0086241
20,ac,<code>ac</code>,22,0.0086241
22,&thorn;&aelig;s,<code>&amp;t;&amp;ae;s</code>,21,0.0082321
22,gif,<code>gif</code>,21,0.0082321
24,&thorn;am,<code>&amp;t;am</code>,20,0.0078401
24,us,<code>us</code>,20,0.0078401
26,&thorn;onne,<code>&amp;t;onne</code>,17,0.0066641
27,cw&aelig;&eth;,<code>cw&amp;ae;&amp;d;</code>,15,0.0058800
27,f&aelig;der,<code>f&amp;ae;der</code>,15,0.0058800
29,godes,<code>godes</code>,14,0.0054880
29,nu,<code>nu</code>,14,0.0054880
29,sind,<code>sind</code>,14,0.0054880
32,ge,<code>ge</code>,13,0.0050960
32,geleafan,<code>geleafan</code>,13,0.0050960
34,&eth;an,<code>&amp;d;an</code>,12,0.0047040
34,ure,<code>ure</code>,12,0.0047040
36,&thorn;one,<code>&amp;t;one</code>,11,0.0043120
37,heora,<code>heora</code>,10,0.0039200
37,hiht,<code>hiht</code>,10,0.0039200
37,man,<code>man</code>,10,0.0039200
37,seo,<code>seo</code>,10,0.0039200
37,syllan,<code>syllan</code>,10,0.0039200
42,&eth;a,<code>&amp;d;a</code>,9,0.0035280
42,&eth;u,<code>&amp;d;u</code>,9,0.0035280
42,&thorn;&aelig;re,<code>&amp;t;&amp;ae;re</code>,9,0.0035280
42,bidda&eth;,<code>bidda&amp;d;</code>,9,0.0035280
42,eac,<code>eac</code>,9,0.0035280
42,gode,<code>gode</code>,9,0.0035280
42,na,<code>na</code>,9,0.0035280
42,rice,<code>rice</code>,9,0.0035280
50,&eth;am,<code>&amp;d;am</code>,8,0.0031360
50,and,<code>and</code>,8,0.0031360
50,hine,<code>hine</code>,8,0.0031360
53,&aelig;t,<code>&amp;ae;t</code>,7,0.0027440
53,&thorn;earfan,<code>&amp;t;earfan</code>,7,0.0027440
53,&thorn;u,<code>&amp;t;u</code>,7,0.0027440
53,ic,<code>ic</code>,7,0.0027440
53,lufe,<code>lufe</code>,7,0.0027440
53,me,<code>me</code>,7,0.0027440
53,nan,<code>nan</code>,7,0.0027440
53,rica,<code>rica</code>,7,0.0027440
53,sceal,<code>sceal</code>,7,0.0027440
53,yfele,<code>yfele</code>,7,0.0027440
63,&thorn;&aelig;r,<code>&amp;t;&amp;ae;r</code>,6,0.0023520
63,&thorn;earfa,<code>&amp;t;earfa</code>,6,0.0023520
63,&thorn;ing,<code>&amp;t;ing</code>,6,0.0023520
63,&thorn;urh,<code>&amp;t;urh</code>,6,0.0023520
63,bitt,<code>bitt</code>,6,0.0023520
63,godne,<code>godne</code>,6,0.0023520
63,hu,<code>hu</code>,6,0.0023520
63,o&eth;er,<code>o&amp;d;er</code>,6,0.0023520
63,sceolon,<code>sceolon</code>,6,0.0023520
63,w&aelig;s,<code>w&amp;ae;s</code>,6,0.0023520
73,&aelig;g,<code>&amp;ae;g</code>,5,0.0019600
73,&eth;&aelig;s,<code>&amp;d;&amp;ae;s</code>,5,0.0019600
73,&thorn;as,<code>&amp;t;as</code>,5,0.0019600
73,&thorn;rowend,<code>&amp;t;rowend</code>,5,0.0019600
73,bit,<code>bit</code>,5,0.0019600
73,buton,<code>buton</code>,5,0.0019600
73,eft,<code>eft</code>,5,0.0019600
73,eow,<code>eow</code>,5,0.0019600
73,geleafa,<code>geleafa</code>,5,0.0019600
73,h&aelig;f&eth;,<code>h&amp;ae;f&amp;d;</code>,5,0.0019600
73,hit,<code>hit</code>,5,0.0019600
73,hlaf,<code>hlaf</code>,5,0.0019600
73,hw&aelig;t,<code>hw&amp;ae;t</code>,5,0.0019600
73,life,<code>life</code>,5,0.0019600
73,menn,<code>menn</code>,5,0.0019600
73,o&eth;&eth;e,<code>o&amp;d;&amp;d;e</code>,5,0.0019600
73,swi&eth;or,<code>swi&amp;d;or</code>,5,0.0019600
73,syl&eth;,<code>syl&amp;d;</code>,5,0.0019600
73,witega,<code>witega</code>,5,0.0019600
73,wyle,<code>wyle</code>,5,0.0019600
93,&eth;&aelig;t,<code>&amp;d;&amp;ae;t</code>,4,0.0015680
93,&eth;i,<code>&amp;d;i</code>,4,0.0015680
93,eower,<code>eower</code>,4,0.0015680
93,gast,<code>gast</code>,4,0.0015680
93,getacna&eth;,<code>getacna&amp;d;</code>,4,0.0015680
93,godspel,<code>godspel</code>,4,0.0015680
93,good,<code>good</code>,4,0.0015680
93,halgan,<code>halgan</code>,4,0.0015680
93,heofenlica,<code>heofenlica</code>,4,0.0015680
93,hw&aelig;&eth;er,<code>hw&amp;ae;&amp;d;er</code>,4,0.0015680
93,hwilc,<code>hwilc</code>,4,0.0015680
93,mann,<code>mann</code>,4,0.0015680
93,mannum,<code>mannum</code>,4,0.0015680
93,mare,<code>mare</code>,4,0.0015680
93,nele,<code>nele</code>,4,0.0015680
93,nis,<code>nis</code>,4,0.0015680
93,of,<code>of</code>,4,0.0015680
93,ongean,<code>ongean</code>,4,0.0015680
93,rican,<code>rican</code>,4,0.0015680
93,stan,<code>stan</code>,4,0.0015680
93,synd,<code>synd</code>,4,0.0015680
93,wear&eth;,<code>wear&amp;d;</code>,4,0.0015680
93,witegan,<code>witegan</code>,4,0.0015680
93,wolde,<code>wolde</code>,4,0.0015680
117,&aelig;fre,<code>&amp;ae;fre</code>,3,0.0011760
117,&aelig;lc,<code>&amp;ae;lc</code>,3,0.0011760
117,&aelig;lmihtig,<code>&amp;ae;lmihtig</code>,3,0.0011760
117,&aelig;r,<code>&amp;ae;r</code>,3,0.0011760
117,&eth;y,<code>&amp;d;y</code>,3,0.0011760
117,&eth;ysum,<code>&amp;d;ysum</code>,3,0.0011760
117,&thorn;inum,<code>&amp;t;inum</code>,3,0.0011760
117,&thorn;isum,<code>&amp;t;isum</code>,3,0.0011760
117,&thorn;reora,<code>&amp;t;reora</code>,3,0.0011760
117,&thorn;rynnysse,<code>&amp;t;rynnysse</code>,3,0.0011760
117,&thorn;urhwuna&eth;,<code>&amp;t;urhwuna&amp;d;</code>,3,0.0011760
117,a,<code>a</code>,3,0.0011760
117,anum,<code>anum</code>,3,0.0011760
117,be,<code>be</code>,3,0.0011760
117,beo,<code>beo</code>,3,0.0011760
117,beon,<code>beon</code>,3,0.0011760
117,ber&eth;,<code>ber&amp;d;</code>,3,0.0011760
117,biddan,<code>biddan</code>,3,0.0011760
117,byr&eth;ene,<code>byr&amp;d;ene</code>,3,0.0011760
117,byrig,<code>byrig</code>,3,0.0011760
117,criste,<code>criste</code>,3,0.0011760
117,cwy&eth;,<code>cwy&amp;d;</code>,3,0.0011760
117,dagum,<code>dagum</code>,3,0.0011760
117,do&eth;,<code>do&amp;d;</code>,3,0.0011760
117,ealdor,<code>ealdor</code>,3,0.0011760
117,ealle,<code>ealle</code>,3,0.0011760
117,ealra,<code>ealra</code>,3,0.0011760
117,ecan,<code>ecan</code>,3,0.0011760
117,eowrum,<code>eowrum</code>,3,0.0011760
117,et,<code>et</code>,3,0.0011760
117,fisc,<code>fisc</code>,3,0.0011760
117,forgifan,<code>forgifan</code>,3,0.0011760
117,geopenod,<code>geopenod</code>,3,0.0011760
117,geseo&eth;,<code>geseo&amp;d;</code>,3,0.0011760
117,geset,<code>geset</code>,3,0.0011760
117,gitsunge,<code>gitsunge</code>,3,0.0011760
117,h&aelig;lend,<code>h&amp;ae;lend</code>,3,0.0011760
117,habba&eth;,<code>habba&amp;d;</code>,3,0.0011760
117,habban,<code>habban</code>,3,0.0011760
117,her,<code>her</code>,3,0.0011760
117,hlafe,<code>hlafe</code>,3,0.0011760
117,hwa,<code>hwa</code>,3,0.0011760
117,hyredes,<code>hyredes</code>,3,0.0011760
117,lifes,<code>lifes</code>,3,0.0011760
117,manna,<code>manna</code>,3,0.0011760
117,micel,<code>micel</code>,3,0.0011760
117,miht,<code>miht</code>,3,0.0011760
117,n&aelig;dran,<code>n&amp;ae;dran</code>,3,0.0011760
117,naman,<code>naman</code>,3,0.0011760
117,nelt,<code>nelt</code>,3,0.0011760
117,nytennysse,<code>nytennysse</code>,3,0.0011760
117,s&aelig;,<code>s&amp;ae;</code>,3,0.0011760
117,sceolde,<code>sceolde</code>,3,0.0011760
117,so&eth;an,<code>so&amp;d;an</code>,3,0.0011760
117,swilce,<code>swilce</code>,3,0.0011760
117,t&aelig;gle,<code>t&amp;ae;gle</code>,3,0.0011760
117,timan,<code>timan</code>,3,0.0011760
117,urum,<code>urum</code>,3,0.0011760
117,ut,<code>ut</code>,3,0.0011760
117,wi&eth;,<code>wi&amp;d;</code>,3,0.0011760
117,word,<code>word</code>,3,0.0011760
117,worulde,<code>worulde</code>,3,0.0011760
117,wyrm,<code>wyrm</code>,3,0.0011760
180,&aelig;g&eth;er,<code>&amp;ae;g&amp;d;er</code>,2,0.0007840
180,&aelig;ges,<code>&amp;ae;ges</code>,2,0.0007840
180,&aelig;ig,<code>&amp;ae;ig</code>,2,0.0007840
180,&aelig;lmihtiga,<code>&amp;ae;lmihtiga</code>,2,0.0007840
180,&eth;&aelig;re,<code>&amp;d;&amp;ae;re</code>,2,0.0007840
180,&eth;ing,<code>&amp;d;ing</code>,2,0.0007840
180,&eth;on,<code>&amp;d;on</code>,2,0.0007840
180,&thorn;&aelig;ra,<code>&amp;t;&amp;ae;ra</code>,2,0.0007840
180,&thorn;eah,<code>&amp;t;eah</code>,2,0.0007840
180,&thorn;earfum,<code>&amp;t;earfum</code>,2,0.0007840
180,&thorn;eos,<code>&amp;t;eos</code>,2,0.0007840
180,&thorn;inges,<code>&amp;t;inges</code>,2,0.0007840
180,&thorn;is,<code>&amp;t;is</code>,2,0.0007840
180,&thorn;reo,<code>&amp;t;reo</code>,2,0.0007840
180,&thorn;rim,<code>&amp;t;rim</code>,2,0.0007840
180,&thorn;ry,<code>&amp;t;ry</code>,2,0.0007840
180,&thorn;y,<code>&amp;t;y</code>,2,0.0007840
180,&thorn;ysum,<code>&amp;t;ysum</code>,2,0.0007840
180,adam,<code>adam</code>,2,0.0007840
180,an,<code>an</code>,2,0.0007840
180,apostol,<code>apostol</code>,2,0.0007840
180,arisan,<code>arisan</code>,2,0.0007840
180,arist,<code>arist</code>,2,0.0007840
180,bead,<code>bead</code>,2,0.0007840
180,bearne,<code>bearne</code>,2,0.0007840
180,bearnum,<code>bearnum</code>,2,0.0007840
180,bene,<code>bene</code>,2,0.0007840
180,beo&eth;,<code>beo&amp;d;</code>,2,0.0007840
180,biddendum,<code>biddendum</code>,2,0.0007840
180,boda,<code>boda</code>,2,0.0007840
180,cild,<code>cild</code>,2,0.0007840
180,cildum,<code>cildum</code>,2,0.0007840
180,com,<code>com</code>,2,0.0007840
180,comon,<code>comon</code>,2,0.0007840
180,crist,<code>crist</code>,2,0.0007840
180,cuma,<code>cuma</code>,2,0.0007840
180,cuman,<code>cuman</code>,2,0.0007840
180,cunnon,<code>cunnon</code>,2,0.0007840
180,de&eth;,<code>de&amp;d;</code>,2,0.0007840
180,deofles,<code>deofles</code>,2,0.0007840
180,deorwur&eth;e,<code>deorwur&amp;d;e</code>,2,0.0007840
180,drihten,<code>drihten</code>,2,0.0007840
180,earman,<code>earman</code>,2,0.0007840
180,ece,<code>ece</code>,2,0.0007840
180,ecnysse,<code>ecnysse</code>,2,0.0007840
180,elca&eth;,<code>elca&amp;d;</code>,2,0.0007840
180,f&aelig;sten,<code>f&amp;ae;sten</code>,2,0.0007840
180,f&aelig;stenes,<code>f&amp;ae;stenes</code>,2,0.0007840
180,ferde,<code>ferde</code>,2,0.0007840
180,fisce,<code>fisce</code>,2,0.0007840
180,fisces,<code>fisces</code>,2,0.0007840
180,fodan,<code>fodan</code>,2,0.0007840
180,fordon,<code>fordon</code>,2,0.0007840
180,forgif&eth;,<code>forgif&amp;d;</code>,2,0.0007840
180,fram,<code>fram</code>,2,0.0007840
180,freond,<code>freond</code>,2,0.0007840
180,freondr&aelig;dene,<code>freondr&amp;ae;dene</code>,2,0.0007840
180,frynd,<code>frynd</code>,2,0.0007840
180,fyre,<code>fyre</code>,2,0.0007840
180,g&aelig;&eth;,<code>g&amp;ae;&amp;d;</code>,2,0.0007840
180,gebrinc&eth;,<code>gebrinc&amp;d;</code>,2,0.0007840
180,gecweden,<code>gecweden</code>,2,0.0007840
180,gedreccednyss,<code>gedreccednyss</code>,2,0.0007840
180,gehaten,<code>gehaten</code>,2,0.0007840
180,gehealden,<code>gehealden</code>,2,0.0007840
180,gehwa,<code>gehwa</code>,2,0.0007840
180,gelyfa&eth;,<code>gelyfa&amp;d;</code>,2,0.0007840
180,gemeta&eth;,<code>gemeta&amp;d;</code>,2,0.0007840
180,gesih&eth;e,<code>gesih&amp;d;e</code>,2,0.0007840
180,geswic&eth;,<code>geswic&amp;d;</code>,2,0.0007840
180,geti&eth;a&eth;,<code>geti&amp;d;a&amp;d;</code>,2,0.0007840
180,gewanode,<code>gewanode</code>,2,0.0007840
180,gitsung,<code>gitsung</code>,2,0.0007840
180,godnysse,<code>godnysse</code>,2,0.0007840
180,godum,<code>godum</code>,2,0.0007840
180,gold,<code>gold</code>,2,0.0007840
180,h&aelig;bbe,<code>h&amp;ae;bbe</code>,2,0.0007840
180,halga,<code>halga</code>,2,0.0007840
180,halgum,<code>halgum</code>,2,0.0007840
180,heo,<code>heo</code>,2,0.0007840
180,heofenlicum,<code>heofenlicum</code>,2,0.0007840
180,herian,<code>herian</code>,2,0.0007840
180,hihte,<code>hihte</code>,2,0.0007840
180,hlafa,<code>hlafa</code>,2,0.0007840
180,hlafes,<code>hlafes</code>,2,0.0007840
180,hyne,<code>hyne</code>,2,0.0007840
180,in,<code>in</code>,2,0.0007840
180,land,<code>land</code>,2,0.0007840
180,lif,<code>lif</code>,2,0.0007840
180,lufu,<code>lufu</code>,2,0.0007840
180,m&aelig;&eth;e,<code>m&amp;ae;&amp;d;e</code>,2,0.0007840
180,m&aelig;g,<code>m&amp;ae;g</code>,2,0.0007840
180,mannes,<code>mannes</code>,2,0.0007840
180,micele,<code>micele</code>,2,0.0007840
180,micelne,<code>micelne</code>,2,0.0007840
180,mildheortnysse,<code>mildheortnysse</code>,2,0.0007840
180,min,<code>min</code>,2,0.0007840
180,n&aelig;re,<code>n&amp;ae;re</code>,2,0.0007840
180,nast,<code>nast</code>,2,0.0007840
180,nineuen,<code>nineuen</code>,2,0.0007840
180,nytenu,<code>nytenu</code>,2,0.0007840
180,o&eth;re,<code>o&amp;d;re</code>,2,0.0007840
180,o&eth;res,<code>o&amp;d;res</code>,2,0.0007840
180,o&eth;rum,<code>o&amp;d;rum</code>,2,0.0007840
180,oforbord,<code>oforbord</code>,2,0.0007840
180,onhrope,<code>onhrope</code>,2,0.0007840
180,paulus,<code>paulus</code>,2,0.0007840
180,reste,<code>reste</code>,2,0.0007840
180,seca&eth;,<code>seca&amp;d;</code>,2,0.0007840
180,so&eth;re,<code>so&amp;d;re</code>,2,0.0007840
180,strengra,<code>strengra</code>,2,0.0007840
180,sylfum,<code>sylfum</code>,2,0.0007840
180,syndon,<code>syndon</code>,2,0.0007840
180,synna,<code>synna</code>,2,0.0007840
180,ti&eth;ian,<code>ti&amp;d;ian</code>,2,0.0007840
180,twa,<code>twa</code>,2,0.0007840
180,underb&aelig;c,<code>underb&amp;ae;c</code>,2,0.0007840
180,w&aelig;re,<code>w&amp;ae;re</code>,2,0.0007840
180,welan,<code>welan</code>,2,0.0007840
180,wile,<code>wile</code>,2,0.0007840
180,wurpon,<code>wurpon</code>,2,0.0007840
180,wylla&eth;,<code>wylla&amp;d;</code>,2,0.0007840
180,yfel,<code>yfel</code>,2,0.0007840
180,yfelra,<code>yfelra</code>,2,0.0007840
180,ymbe,<code>ymbe</code>,2,0.0007840
305,&aelig;ge,<code>&amp;ae;ge</code>,1,0.0003920
305,&aelig;ht,<code>&amp;ae;ht</code>,1,0.0003920
305,&aelig;hta,<code>&amp;ae;hta</code>,1,0.0003920
305,&aelig;htum,<code>&amp;ae;htum</code>,1,0.0003920
305,&aelig;lcne,<code>&amp;ae;lcne</code>,1,0.0003920
305,&aelig;lmihtigan,<code>&amp;ae;lmihtigan</code>,1,0.0003920
305,&aelig;lt&#275;we,<code>&amp;ae;lt&amp;e;we</code>,1,0.0003920
305,&aelig;mtig,<code>&amp;ae;mtig</code>,1,0.0003920
305,&aelig;mtinne,<code>&amp;ae;mtinne</code>,1,0.0003920
305,&aelig;niges,<code>&amp;ae;niges</code>,1,0.0003920
305,&aelig;nne,<code>&amp;ae;nne</code>,1,0.0003920
305,&aelig;rest,<code>&amp;ae;rest</code>,1,0.0003920
305,&aelig;ttren,<code>&amp;ae;ttren</code>,1,0.0003920
305,&eth;&aelig;r,<code>&amp;d;&amp;ae;r</code>,1,0.0003920
305,&eth;eos,<code>&amp;d;eos</code>,1,0.0003920
305,&eth;inc,<code>&amp;d;inc</code>,1,0.0003920
305,&eth;ises,<code>&amp;d;ises</code>,1,0.0003920
305,&eth;isum,<code>&amp;d;isum</code>,1,0.0003920
305,&eth;one,<code>&amp;d;one</code>,1,0.0003920
305,&eth;onne,<code>&amp;d;onne</code>,1,0.0003920
305,&eth;urh,<code>&amp;d;urh</code>,1,0.0003920
305,&eth;yses,<code>&amp;d;yses</code>,1,0.0003920
305,&thorn;&aelig;rrihte,<code>&amp;t;&amp;ae;rrihte</code>,1,0.0003920
305,&thorn;&aelig;rto,<code>&amp;t;&amp;ae;rto</code>,1,0.0003920
305,&thorn;ancian,<code>&amp;t;ancian</code>,1,0.0003920
305,&thorn;ara,<code>&amp;t;ara</code>,1,0.0003920
305,&thorn;eahhw&aelig;&eth;ere,<code>&amp;t;eahhw&amp;ae;&amp;d;ere</code>,1,0.0003920
305,&thorn;eow,<code>&amp;t;eow</code>,1,0.0003920
305,&thorn;inga,<code>&amp;t;inga</code>,1,0.0003920
305,&thorn;inne,<code>&amp;t;inne</code>,1,0.0003920
305,&thorn;inre,<code>&amp;t;inre</code>,1,0.0003920
305,&thorn;isre,<code>&amp;t;isre</code>,1,0.0003920
305,&thorn;rowendes,<code>&amp;t;rowendes</code>,1,0.0003920
305,&thorn;us,<code>&amp;t;us</code>,1,0.0003920
305,&thorn;ysre,<code>&amp;t;ysre</code>,1,0.0003920
305,ab&aelig;r,<code>ab&amp;ae;r</code>,1,0.0003920
305,abebit,<code>abebit</code>,1,0.0003920
305,abiton,<code>abiton</code>,1,0.0003920
305,abry&eth;,<code>abry&amp;d;</code>,1,0.0003920
305,acenna&eth;,<code>acenna&amp;d;</code>,1,0.0003920
305,acenned,<code>acenned</code>,1,0.0003920
305,ad,<code>ad</code>,1,0.0003920
305,afylled,<code>afylled</code>,1,0.0003920
305,afyrht,<code>afyrht</code>,1,0.0003920
305,agenne,<code>agenne</code>,1,0.0003920
305,al&aelig;nne,<code>al&amp;ae;nne</code>,1,0.0003920
305,amenn,<code>amenn</code>,1,0.0003920
305,amicum,<code>amicum</code>,1,0.0003920
305,andbida,<code>andbida</code>,1,0.0003920
305,andgite,<code>andgite</code>,1,0.0003920
305,andwyrd,<code>andwyrd</code>,1,0.0003920
305,andwyrde,<code>andwyrde</code>,1,0.0003920
305,anre,<code>anre</code>,1,0.0003920
305,apostolum,<code>apostolum</code>,1,0.0003920
305,ar&aelig;red,<code>ar&amp;ae;red</code>,1,0.0003920
305,aras,<code>aras</code>,1,0.0003920
305,aris,<code>aris</code>,1,0.0003920
305,aspaw,<code>aspaw</code>,1,0.0003920
305,aspende,<code>aspende</code>,1,0.0003920
305,ateora&eth;,<code>ateora&amp;d;</code>,1,0.0003920
305,ateorgendlice,<code>ateorgendlice</code>,1,0.0003920
305,augustinus,<code>augustinus</code>,1,0.0003920
305,awearp,<code>awearp</code>,1,0.0003920
305,aweig,<code>aweig</code>,1,0.0003920
305,awend,<code>awend</code>,1,0.0003920
305,axan,<code>axan</code>,1,0.0003920
305,axodon,<code>axodon</code>,1,0.0003920
305,b&aelig;don,<code>b&amp;ae;don</code>,1,0.0003920
305,ban,<code>ban</code>,1,0.0003920
305,bata&eth;,<code>bata&amp;d;</code>,1,0.0003920
305,bebead,<code>bebead</code>,1,0.0003920
305,bebeoda&eth;,<code>bebeoda&amp;d;</code>,1,0.0003920
305,becom,<code>becom</code>,1,0.0003920
305,become,<code>become</code>,1,0.0003920
305,becuma&eth;,<code>becuma&amp;d;</code>,1,0.0003920
305,becuman,<code>becuman</code>,1,0.0003920
305,becw&aelig;don,<code>becw&amp;ae;don</code>,1,0.0003920
305,becymst,<code>becymst</code>,1,0.0003920
305,bedde,<code>bedde</code>,1,0.0003920
305,befealla&eth;,<code>befealla&amp;d;</code>,1,0.0003920
305,began,<code>began</code>,1,0.0003920
305,begiit,<code>begiit</code>,1,0.0003920
305,begiten,<code>begiten</code>,1,0.0003920
305,begyt,<code>begyt</code>,1,0.0003920
305,begytt,<code>begytt</code>,1,0.0003920
305,behaten,<code>behaten</code>,1,0.0003920
305,behatene,<code>behatene</code>,1,0.0003920
305,behet,<code>behet</code>,1,0.0003920
305,behofa&eth;,<code>behofa&amp;d;</code>,1,0.0003920
305,behofie,<code>behofie</code>,1,0.0003920
305,behreowsung&aelig;,<code>behreowsung&amp;ae;</code>,1,0.0003920
305,belocen,<code>belocen</code>,1,0.0003920
305,beodenne,<code>beodenne</code>,1,0.0003920
305,beran,<code>beran</code>,1,0.0003920
305,besenca&eth;,<code>besenca&amp;d;</code>,1,0.0003920
305,beswac,<code>beswac</code>,1,0.0003920
305,besyh&eth;,<code>besyh&amp;d;</code>,1,0.0003920
305,betwux,<code>betwux</code>,1,0.0003920
305,betwynan,<code>betwynan</code>,1,0.0003920
305,binnon,<code>binnon</code>,1,0.0003920
305,biscop,<code>biscop</code>,1,0.0003920
305,bispel,<code>bispel</code>,1,0.0003920
305,bletsian,<code>bletsian</code>,1,0.0003920
305,bocum,<code>bocum</code>,1,0.0003920
305,bodade,<code>bodade</code>,1,0.0003920
305,botl,<code>botl</code>,1,0.0003920
305,bred,<code>bred</code>,1,0.0003920
305,bridde,<code>bridde</code>,1,0.0003920
305,brohte,<code>brohte</code>,1,0.0003920
305,brosniendlicum,<code>brosniendlicum</code>,1,0.0003920
305,buga&eth;,<code>buga&amp;d;</code>,1,0.0003920
305,bugan,<code>bugan</code>,1,0.0003920
305,buruhwara,<code>buruhwara</code>,1,0.0003920
305,butan,<code>butan</code>,1,0.0003920
305,byrgenu,<code>byrgenu</code>,1,0.0003920
305,bysne,<code>bysne</code>,1,0.0003920
305,clypian,<code>clypian</code>,1,0.0003920
305,clypige,<code>clypige</code>,1,0.0003920
305,cnuca&eth;,<code>cnuca&amp;d;</code>,1,0.0003920
305,cnucia&eth;,<code>cnucia&amp;d;</code>,1,0.0003920
305,cnuciende,<code>cnuciende</code>,1,0.0003920
305,cnucunge,<code>cnucunge</code>,1,0.0003920
305,cnucyan,<code>cnucyan</code>,1,0.0003920
305,cnukya&eth;,<code>cnukya&amp;d;</code>,1,0.0003920
305,costnungum,<code>costnungum</code>,1,0.0003920
305,cw&aelig;don,<code>cw&amp;ae;don</code>,1,0.0003920
305,cw&#275;&eth;,<code>cw&amp;e;&amp;d;</code>,1,0.0003920
305,cwe&eth;an,<code>cwe&amp;d;an</code>,1,0.0003920
305,cwyst,<code>cwyst</code>,1,0.0003920
305,cyld,<code>cyld</code>,1,0.0003920
305,cylde,<code>cylde</code>,1,0.0003920
305,cyldum,<code>cyldum</code>,1,0.0003920
305,cym&eth;,<code>cym&amp;d;</code>,1,0.0003920
305,cynesetle,<code>cynesetle</code>,1,0.0003920
305,cynges,<code>cynges</code>,1,0.0003920
305,cyning,<code>cyning</code>,1,0.0003920
305,cyrcan,<code>cyrcan</code>,1,0.0003920
305,cyre,<code>cyre</code>,1,0.0003920
305,cystigum,<code>cystigum</code>,1,0.0003920
305,d&aelig;l,<code>d&amp;ae;l</code>,1,0.0003920
305,d&aelig;lan,<code>d&amp;ae;lan</code>,1,0.0003920
305,d&aelig;le,<code>d&amp;ae;le</code>,1,0.0003920
305,d&aelig;lere,<code>d&amp;ae;lere</code>,1,0.0003920
305,daga,<code>daga</code>,1,0.0003920
305,dagas,<code>dagas</code>,1,0.0003920
305,dea&eth;e,<code>dea&amp;d;e</code>,1,0.0003920
305,deadlice,<code>deadlice</code>,1,0.0003920
305,deadlicum,<code>deadlicum</code>,1,0.0003920
305,deadra,<code>deadra</code>,1,0.0003920
305,deoful,<code>deoful</code>,1,0.0003920
305,deorwur&eth;lice,<code>deorwur&amp;d;lice</code>,1,0.0003920
305,deriendlicum,<code>deriendlicum</code>,1,0.0003920
305,do,<code>do</code>,1,0.0003920
305,don,<code>don</code>,1,0.0003920
305,drece,<code>drece</code>,1,0.0003920
305,duru,<code>duru</code>,1,0.0003920
305,dwelia&eth;,<code>dwelia&amp;d;</code>,1,0.0003920
305,dyde,<code>dyde</code>,1,0.0003920
305,dydon,<code>dydon</code>,1,0.0003920
305,ea&eth;elice,<code>ea&amp;d;elice</code>,1,0.0003920
305,eal,<code>eal</code>,1,0.0003920
305,eallum,<code>eallum</code>,1,0.0003920
305,ealre,<code>ealre</code>,1,0.0003920
305,eard,<code>eard</code>,1,0.0003920
305,earfo&eth;lice,<code>earfo&amp;d;lice</code>,1,0.0003920
305,earfo&eth;nyssum,<code>earfo&amp;d;nyssum</code>,1,0.0003920
305,earm,<code>earm</code>,1,0.0003920
305,earma,<code>earma</code>,1,0.0003920
305,earme,<code>earme</code>,1,0.0003920
305,earmum,<code>earmum</code>,1,0.0003920
305,ehtnysse,<code>ehtnysse</code>,1,0.0003920
305,ende,<code>ende</code>,1,0.0003920
305,eor&eth;lica,<code>eor&amp;d;lica</code>,1,0.0003920
305,eor&eth;licra,<code>eor&amp;d;licra</code>,1,0.0003920
305,eor&eth;styrung,<code>eor&amp;d;styrung</code>,1,0.0003920
305,f&aelig;r&eth;,<code>f&amp;ae;r&amp;d;</code>,1,0.0003920
305,far,<code>far</code>,1,0.0003920
305,faran,<code>faran</code>,1,0.0003920
305,fedan,<code>fedan</code>,1,0.0003920
305,feo,<code>feo</code>,1,0.0003920
305,feoh,<code>feoh</code>,1,0.0003920
305,feollon,<code>feollon</code>,1,0.0003920
305,filiga&eth;,<code>filiga&amp;d;</code>,1,0.0003920
305,fleon,<code>fleon</code>,1,0.0003920
305,folc,<code>folc</code>,1,0.0003920
305,folce,<code>folce</code>,1,0.0003920
305,folces,<code>folces</code>,1,0.0003920
305,for&eth;,<code>for&amp;d;</code>,1,0.0003920
305,for&eth;f&aelig;r&eth;,<code>for&amp;d;f&amp;ae;r&amp;d;</code>,1,0.0003920
305,forb&aelig;rnd,<code>forb&amp;ae;rnd</code>,1,0.0003920
305,forb&aelig;rnde,<code>forb&amp;ae;rnde</code>,1,0.0003920
305,forea&eth;elice,<code>forea&amp;d;elice</code>,1,0.0003920
305,forfleon,<code>forfleon</code>,1,0.0003920
305,forgifen,<code>forgifen</code>,1,0.0003920
305,forgifenysse,<code>forgifenysse</code>,1,0.0003920
305,forgylt,<code>forgylt</code>,1,0.0003920
305,forl&aelig;tan,<code>forl&amp;ae;tan</code>,1,0.0003920
305,formettum,<code>formettum</code>,1,0.0003920
305,forswealh,<code>forswealh</code>,1,0.0003920
305,forwyrde,<code>forwyrde</code>,1,0.0003920
305,forwyrnst,<code>forwyrnst</code>,1,0.0003920
305,fremian,<code>fremian</code>,1,0.0003920
305,freondscype,<code>freondscype</code>,1,0.0003920
305,fugel,<code>fugel</code>,1,0.0003920
305,fugelas,<code>fugelas</code>,1,0.0003920
305,fylian,<code>fylian</code>,1,0.0003920
305,fyrmest,<code>fyrmest</code>,1,0.0003920
305,gan,<code>gan</code>,1,0.0003920
305,gang,<code>gang</code>,1,0.0003920
305,gangon,<code>gangon</code>,1,0.0003920
305,gaste,<code>gaste</code>,1,0.0003920
305,ge&aelig;tra&eth;,<code>ge&amp;ae;tra&amp;d;</code>,1,0.0003920
305,ge&aelig;trod,<code>ge&amp;ae;trod</code>,1,0.0003920
305,gearlices,<code>gearlices</code>,1,0.0003920
305,gebeddagas,<code>gebeddagas</code>,1,0.0003920
305,gebedu,<code>gebedu</code>,1,0.0003920
305,gebiddan,<code>gebiddan</code>,1,0.0003920
305,gebidde,<code>gebidde</code>,1,0.0003920
305,gebroht,<code>gebroht</code>,1,0.0003920
305,gebugan,<code>gebugan</code>,1,0.0003920
305,gecl&aelig;nsa&eth;,<code>gecl&amp;ae;nsa&amp;d;</code>,1,0.0003920
305,gecorenum,<code>gecorenum</code>,1,0.0003920
305,gecynd,<code>gecynd</code>,1,0.0003920
305,gecyrrednysse,<code>gecyrrednysse</code>,1,0.0003920
305,gedafena&eth;,<code>gedafena&amp;d;</code>,1,0.0003920
305,gedafena&thorn;,<code>gedafena&amp;t;</code>,1,0.0003920
305,geendad,<code>geendad</code>,1,0.0003920
305,geendigea&eth;,<code>geendigea&amp;d;</code>,1,0.0003920
305,geendod,<code>geendod</code>,1,0.0003920
305,gefette,<code>gefette</code>,1,0.0003920
305,gegearcode,<code>gegearcode</code>,1,0.0003920
305,gegladedon,<code>gegladedon</code>,1,0.0003920
305,geh&aelig;l&eth;,<code>geh&amp;ae;l&amp;d;</code>,1,0.0003920
305,geh&aelig;le,<code>geh&amp;ae;le</code>,1,0.0003920
305,geh&aelig;led,<code>geh&amp;ae;led</code>,1,0.0003920
305,gehatene,<code>gehatene</code>,1,0.0003920
305,geheald,<code>geheald</code>,1,0.0003920
305,gehealdsumnyss,<code>gehealdsumnyss</code>,1,0.0003920
305,gehelp&eth;,<code>gehelp&amp;d;</code>,1,0.0003920
305,gehw&aelig;r,<code>gehw&amp;ae;r</code>,1,0.0003920
305,gehyred,<code>gehyred</code>,1,0.0003920
305,gela&thorn;unge,<code>gela&amp;t;unge</code>,1,0.0003920
305,gelamp,<code>gelamp</code>,1,0.0003920
305,gelang,<code>gelang</code>,1,0.0003920
305,geleaffulla,<code>geleaffulla</code>,1,0.0003920
305,geleaffulre,<code>geleaffulre</code>,1,0.0003920
305,geleafleste,<code>geleafleste</code>,1,0.0003920
305,gelica,<code>gelica</code>,1,0.0003920
305,gelican,<code>gelican</code>,1,0.0003920
305,gelice,<code>gelice</code>,1,0.0003920
305,gelimpe,<code>gelimpe</code>,1,0.0003920
305,gelyfan,<code>gelyfan</code>,1,0.0003920
305,gemet,<code>gemet</code>,1,0.0003920
305,gemiltsode,<code>gemiltsode</code>,1,0.0003920
305,genihtsumnysse,<code>genihtsumnysse</code>,1,0.0003920
305,geornfulnesse,<code>geornfulnesse</code>,1,0.0003920
305,geornfulnysse,<code>geornfulnysse</code>,1,0.0003920
305,geornlice,<code>geornlice</code>,1,0.0003920
305,geortrua&eth;,<code>geortrua&amp;d;</code>,1,0.0003920
305,ger&aelig;d,<code>ger&amp;ae;d</code>,1,0.0003920
305,gereccan,<code>gereccan</code>,1,0.0003920
305,ges&aelig;d,<code>ges&amp;ae;d</code>,1,0.0003920
305,gesceapen,<code>gesceapen</code>,1,0.0003920
305,gesceop,<code>gesceop</code>,1,0.0003920
305,gescyldnys,<code>gescyldnys</code>,1,0.0003920
305,geseald,<code>geseald</code>,1,0.0003920
305,gesohte,<code>gesohte</code>,1,0.0003920
305,gestreona,<code>gestreona</code>,1,0.0003920
305,gestylled,<code>gestylled</code>,1,0.0003920
305,gesundfulnysse,<code>gesundfulnysse</code>,1,0.0003920
305,geswac,<code>geswac</code>,1,0.0003920
305,geswenct,<code>geswenct</code>,1,0.0003920
305,geswican,<code>geswican</code>,1,0.0003920
305,geswicon,<code>geswicon</code>,1,0.0003920
305,geswutelian,<code>geswutelian</code>,1,0.0003920
305,getacnode,<code>getacnode</code>,1,0.0003920
305,geti&eth;ian,<code>geti&amp;d;ian</code>,1,0.0003920
305,geti&eth;ie,<code>geti&amp;d;ie</code>,1,0.0003920
305,geti&thorn;a&eth;,<code>geti&amp;t;a&amp;d;</code>,1,0.0003920
305,getimie,<code>getimie</code>,1,0.0003920
305,getymie,<code>getymie</code>,1,0.0003920
305,gewilnian,<code>gewilnian</code>,1,0.0003920
305,geworht,<code>geworht</code>,1,0.0003920
305,gewreht,<code>gewreht</code>,1,0.0003920
305,gewuna,<code>gewuna</code>,1,0.0003920
305,gewur&eth;e,<code>gewur&amp;d;e</code>,1,0.0003920
305,gewyrce,<code>gewyrce</code>,1,0.0003920
305,geyht,<code>geyht</code>,1,0.0003920
305,geyhte,<code>geyhte</code>,1,0.0003920
305,git,<code>git</code>,1,0.0003920
305,gleawe,<code>gleawe</code>,1,0.0003920
305,goda,<code>goda</code>,1,0.0003920
305,godas,<code>godas</code>,1,0.0003920
305,godspelle,<code>godspelle</code>,1,0.0003920
305,godspelles,<code>godspelles</code>,1,0.0003920
305,gomorram,<code>gomorram</code>,1,0.0003920
305,gooda,<code>gooda</code>,1,0.0003920
305,goode,<code>goode</code>,1,0.0003920
305,goodne,<code>goodne</code>,1,0.0003920
305,goodnyssa,<code>goodnyssa</code>,1,0.0003920
305,grama,<code>grama</code>,1,0.0003920
305,gyfe,<code>gyfe</code>,1,0.0003920
305,gyrlan,<code>gyrlan</code>,1,0.0003920
305,gyt,<code>gyt</code>,1,0.0003920
305,h&aelig;bbende,<code>h&amp;ae;bbende</code>,1,0.0003920
305,h&aelig;fst,<code>h&amp;ae;fst</code>,1,0.0003920
305,h&aelig;ran,<code>h&amp;ae;ran</code>,1,0.0003920
305,haligdomum,<code>haligdomum</code>,1,0.0003920
305,heafod,<code>heafod</code>,1,0.0003920
305,healdan,<code>healdan</code>,1,0.0003920
305,heardheort,<code>heardheort</code>,1,0.0003920
305,heardheortnysse,<code>heardheortnysse</code>,1,0.0003920
305,heardmodnys,<code>heardmodnys</code>,1,0.0003920
305,heofonan,<code>heofonan</code>,1,0.0003920
305,heofonum,<code>heofonum</code>,1,0.0003920
305,heonon,<code>heonon</code>,1,0.0003920
305,heorte,<code>heorte</code>,1,0.0003920
305,herast,<code>herast</code>,1,0.0003920
305,herige,<code>herige</code>,1,0.0003920
305,hiwe,<code>hiwe</code>,1,0.0003920
305,hiwung,<code>hiwung</code>,1,0.0003920
305,hlafas,<code>hlafas</code>,1,0.0003920
305,hlafum,<code>hlafum</code>,1,0.0003920
305,hopa&eth;,<code>hopa&amp;d;</code>,1,0.0003920
305,hopedon,<code>hopedon</code>,1,0.0003920
305,hopia&eth;,<code>hopia&amp;d;</code>,1,0.0003920
305,hopian,<code>hopian</code>,1,0.0003920
305,hreame,<code>hreame</code>,1,0.0003920
305,hrepode,<code>hrepode</code>,1,0.0003920
305,hryman,<code>hryman</code>,1,0.0003920
305,hundfealdum,<code>hundfealdum</code>,1,0.0003920
305,hus,<code>hus</code>,1,0.0003920
305,hw&aelig;&eth;ere,<code>hw&amp;ae;&amp;d;ere</code>,1,0.0003920
305,hw&aelig;l,<code>hw&amp;ae;l</code>,1,0.0003920
305,hwam,<code>hwam</code>,1,0.0003920
305,hwanon,<code>hwanon</code>,1,0.0003920
305,hwilcera,<code>hwilcera</code>,1,0.0003920
305,hwilwendlice,<code>hwilwendlice</code>,1,0.0003920
305,ibit,<code>ibit</code>,1,0.0003920
305,illum,<code>illum</code>,1,0.0003920
305,ionas,<code>ionas</code>,1,0.0003920
305,l&aelig;dan,<code>l&amp;ae;dan</code>,1,0.0003920
305,l&aelig;ig,<code>l&amp;ae;ig</code>,1,0.0003920
305,l&aelig;t,<code>l&amp;ae;t</code>,1,0.0003920
305,lac,<code>lac</code>,1,0.0003920
305,lande,<code>lande</code>,1,0.0003920
305,leade,<code>leade</code>,1,0.0003920
305,leahtrum,<code>leahtrum</code>,1,0.0003920
305,leofa&eth;,<code>leofa&amp;d;</code>,1,0.0003920
305,leorningcnihtum,<code>leorningcnihtum</code>,1,0.0003920
305,letani&#275;,<code>letani&amp;e;</code>,1,0.0003920
305,letania,<code>letania</code>,1,0.0003920
305,lice,<code>lice</code>,1,0.0003920
305,lichama,<code>lichama</code>,1,0.0003920
305,lichaman,<code>lichaman</code>,1,0.0003920
305,loca,<code>loca</code>,1,0.0003920
305,loca&eth;,<code>loca&amp;d;</code>,1,0.0003920
305,loddre,<code>loddre</code>,1,0.0003920
305,lufon,<code>lufon</code>,1,0.0003920
305,lustum,<code>lustum</code>,1,0.0003920
305,m&aelig;gen,<code>m&amp;ae;gen</code>,1,0.0003920
305,m&aelig;ig,<code>m&amp;ae;ig</code>,1,0.0003920
305,m&aelig;igna,<code>m&amp;ae;igna</code>,1,0.0003920
305,m&aelig;st,<code>m&amp;ae;st</code>,1,0.0003920
305,magon,<code>magon</code>,1,0.0003920
305,maiore,<code>maiore</code>,1,0.0003920
305,mamertus,<code>mamertus</code>,1,0.0003920
305,mancynne,<code>mancynne</code>,1,0.0003920
305,mangere,<code>mangere</code>,1,0.0003920
305,martyrum,<code>martyrum</code>,1,0.0003920
305,media,<code>media</code>,1,0.0003920
305,meoxe,<code>meoxe</code>,1,0.0003920
305,metta,<code>metta</code>,1,0.0003920
305,micelan,<code>micelan</code>,1,0.0003920
305,middanearde,<code>middanearde</code>,1,0.0003920
305,middere,<code>middere</code>,1,0.0003920
305,mihte,<code>mihte</code>,1,0.0003920
305,mihtu,<code>mihtu</code>,1,0.0003920
305,mildheortnys,<code>mildheortnys</code>,1,0.0003920
305,mine,<code>mine</code>,1,0.0003920
305,minne,<code>minne</code>,1,0.0003920
305,minum,<code>minum</code>,1,0.0003920
305,mislicum,<code>mislicum</code>,1,0.0003920
305,mode,<code>mode</code>,1,0.0003920
305,moder,<code>moder</code>,1,0.0003920
305,modigan,<code>modigan</code>,1,0.0003920
305,n&aelig;bbe,<code>n&amp;ae;bbe</code>,1,0.0003920
305,n&aelig;ddran,<code>n&amp;ae;ddran</code>,1,0.0003920
305,n&aelig;ddre,<code>n&amp;ae;ddre</code>,1,0.0003920
305,n&aelig;fre,<code>n&amp;ae;fre</code>,1,0.0003920
305,namon,<code>namon</code>,1,0.0003920
305,nanes,<code>nanes</code>,1,0.0003920
305,nebba&eth;,<code>nebba&amp;d;</code>,1,0.0003920
305,nella&eth;,<code>nella&amp;d;</code>,1,0.0003920
305,neode,<code>neode</code>,1,0.0003920
305,niht,<code>niht</code>,1,0.0003920
305,nihte,<code>nihte</code>,1,0.0003920
305,nime,<code>nime</code>,1,0.0003920
305,niniueiscan,<code>niniueiscan</code>,1,0.0003920
305,nocte,<code>nocte</code>,1,0.0003920
305,nolde,<code>nolde</code>,1,0.0003920
305,noldon,<code>noldon</code>,1,0.0003920
305,nydbehefe,<code>nydbehefe</code>,1,0.0003920
305,o&eth;,<code>o&amp;d;</code>,1,0.0003920
305,o&eth;erne,<code>o&amp;d;erne</code>,1,0.0003920
305,o&thorn;er,<code>o&amp;t;er</code>,1,0.0003920
305,ofer,<code>ofer</code>,1,0.0003920
305,oferswi&eth;,<code>oferswi&amp;d;</code>,1,0.0003920
305,oflyste,<code>oflyste</code>,1,0.0003920
305,ofrodon,<code>ofrodon</code>,1,0.0003920
305,ofsprincg,<code>ofsprincg</code>,1,0.0003920
305,onbirigdon,<code>onbirigdon</code>,1,0.0003920
305,oncnawan,<code>oncnawan</code>,1,0.0003920
305,oncnawe,<code>oncnawe</code>,1,0.0003920
305,ondr&aelig;d,<code>ondr&amp;ae;d</code>,1,0.0003920
305,onsigende,<code>onsigende</code>,1,0.0003920
305,ontend,<code>ontend</code>,1,0.0003920
305,opena&eth;,<code>opena&amp;d;</code>,1,0.0003920
305,orwene,<code>orwene</code>,1,0.0003920
305,orwennysse,<code>orwennysse</code>,1,0.0003920
305,pellenum,<code>pellenum</code>,1,0.0003920
305,pusan,<code>pusan</code>,1,0.0003920
305,quis,<code>quis</code>,1,0.0003920
305,r&aelig;da&eth;,<code>r&amp;ae;da&amp;d;</code>,1,0.0003920
305,reaf,<code>reaf</code>,1,0.0003920
305,reliqua,<code>reliqua</code>,1,0.0003920
305,reohnys,<code>reohnys</code>,1,0.0003920
305,reohnysse,<code>reohnysse</code>,1,0.0003920
305,ricum,<code>ricum</code>,1,0.0003920
305,rihtlice,<code>rihtlice</code>,1,0.0003920
305,rihtwisnys,<code>rihtwisnys</code>,1,0.0003920
305,rihtwisnysse,<code>rihtwisnysse</code>,1,0.0003920
305,rixa&eth;,<code>rixa&amp;d;</code>,1,0.0003920
305,ryhtwisnysse,<code>ryhtwisnysse</code>,1,0.0003920
305,rym&eth;,<code>rym&amp;d;</code>,1,0.0003920
305,s&aelig;de,<code>s&amp;ae;de</code>,1,0.0003920
305,saule,<code>saule</code>,1,0.0003920
305,sceame,<code>sceame</code>,1,0.0003920
305,sceole,<code>sceole</code>,1,0.0003920
305,sceule,<code>sceule</code>,1,0.0003920
305,scyp,<code>scyp</code>,1,0.0003920
305,scypmen,<code>scypmen</code>,1,0.0003920
305,secge,<code>secge</code>,1,0.0003920
305,seh&eth;,<code>seh&amp;d;</code>,1,0.0003920
305,selost,<code>selost</code>,1,0.0003920
305,sende,<code>sende</code>,1,0.0003920
305,setl,<code>setl</code>,1,0.0003920
305,si,<code>si</code>,1,0.0003920
305,sibbe,<code>sibbe</code>,1,0.0003920
305,sit,<code>sit</code>,1,0.0003920
305,slege,<code>slege</code>,1,0.0003920
305,slep,<code>slep</code>,1,0.0003920
305,slih&eth;,<code>slih&amp;d;</code>,1,0.0003920
305,smeagenne,<code>smeagenne</code>,1,0.0003920
305,so&eth;a,<code>so&amp;d;a</code>,1,0.0003920
305,so&eth;e,<code>so&amp;d;e</code>,1,0.0003920
305,so&eth;ne,<code>so&amp;d;ne</code>,1,0.0003920
305,sodomam,<code>sodomam</code>,1,0.0003920
305,spedigum,<code>spedigum</code>,1,0.0003920
305,spende,<code>spende</code>,1,0.0003920
305,spr&aelig;c,<code>spr&amp;ae;c</code>,1,0.0003920
305,sprecan,<code>sprecan</code>,1,0.0003920
305,stah,<code>stah</code>,1,0.0003920
305,strange,<code>strange</code>,1,0.0003920
305,strece,<code>strece</code>,1,0.0003920
305,sucendan,<code>sucendan</code>,1,0.0003920
305,sum,<code>sum</code>,1,0.0003920
305,sumere,<code>sumere</code>,1,0.0003920
305,sumne,<code>sumne</code>,1,0.0003920
305,sunu,<code>sunu</code>,1,0.0003920
305,sw&aelig;re,<code>sw&amp;ae;re</code>,1,0.0003920
305,swi&eth;e,<code>swi&amp;d;e</code>,1,0.0003920
305,swutelice,<code>swutelice</code>,1,0.0003920
305,swy&thorn;or,<code>swy&amp;t;or</code>,1,0.0003920
305,swylcum,<code>swylcum</code>,1,0.0003920
305,sy&eth;&eth;an,<code>sy&amp;d;&amp;d;an</code>,1,0.0003920
305,syl&thorn;,<code>syl&amp;t;</code>,1,0.0003920
305,sylf,<code>sylf</code>,1,0.0003920
305,sylla&eth;,<code>sylla&amp;d;</code>,1,0.0003920
305,sylle,<code>sylle</code>,1,0.0003920
305,symle,<code>symle</code>,1,0.0003920
305,synful,<code>synful</code>,1,0.0003920
305,synfull,<code>synfull</code>,1,0.0003920
305,synne,<code>synne</code>,1,0.0003920
305,synt,<code>synt</code>,1,0.0003920
305,t&aelig;can,<code>t&amp;ae;can</code>,1,0.0003920
305,t&aelig;ttecon,<code>t&amp;ae;ttecon</code>,1,0.0003920
305,ta,<code>ta</code>,1,0.0003920
305,tan,<code>tan</code>,1,0.0003920
305,tela,<code>tela</code>,1,0.0003920
305,tige,<code>tige</code>,1,0.0003920
305,tihtinge,<code>tihtinge</code>,1,0.0003920
305,tod&aelig;lde,<code>tod&amp;ae;lde</code>,1,0.0003920
305,tog&aelig;dere,<code>tog&amp;ae;dere</code>,1,0.0003920
305,traht,<code>traht</code>,1,0.0003920
305,trahtnode,<code>trahtnode</code>,1,0.0003920
305,tugon,<code>tugon</code>,1,0.0003920
305,tydre,<code>tydre</code>,1,0.0003920
305,tydrum,<code>tydrum</code>,1,0.0003920
305,tyma&eth;,<code>tyma&amp;d;</code>,1,0.0003920
305,uestrum,<code>uestrum</code>,1,0.0003920
305,uigenna,<code>uigenna</code>,1,0.0003920
305,underfeh&eth;,<code>underfeh&amp;d;</code>,1,0.0003920
305,ungelimp,<code>ungelimp</code>,1,0.0003920
305,ungelimpe,<code>ungelimpe</code>,1,0.0003920
305,ungewissum,<code>ungewissum</code>,1,0.0003920
305,unstilnesse,<code>unstilnesse</code>,1,0.0003920
305,untela,<code>untela</code>,1,0.0003920
305,untod&aelig;ledlic,<code>untod&amp;ae;ledlic</code>,1,0.0003920
305,up,<code>up</code>,1,0.0003920
305,uppon,<code>uppon</code>,1,0.0003920
305,urne,<code>urne</code>,1,0.0003920
305,uton,<code>uton</code>,1,0.0003920
305,w&aelig;dlan,<code>w&amp;ae;dlan</code>,1,0.0003920
305,w&aelig;igf&aelig;rende,<code>w&amp;ae;igf&amp;ae;rende</code>,1,0.0003920
305,w&aelig;ron,<code>w&amp;ae;ron</code>,1,0.0003920
305,w&aelig;stma,<code>w&amp;ae;stma</code>,1,0.0003920
305,wana&eth;,<code>wana&amp;d;</code>,1,0.0003920
305,waru,<code>waru</code>,1,0.0003920
305,wealca&eth;,<code>wealca&amp;d;</code>,1,0.0003920
305,weig,<code>weig</code>,1,0.0003920
305,weigf&aelig;rende,<code>weigf&amp;ae;rende</code>,1,0.0003920
305,welega,<code>welega</code>,1,0.0003920
305,welegan,<code>welegan</code>,1,0.0003920
305,weorcum,<code>weorcum</code>,1,0.0003920
305,weorpa&eth;,<code>weorpa&amp;d;</code>,1,0.0003920
305,wi&eth;err&aelig;de,<code>wi&amp;d;err&amp;ae;de</code>,1,0.0003920
305,wif,<code>wif</code>,1,0.0003920
305,wifes,<code>wifes</code>,1,0.0003920
305,wilde,<code>wilde</code>,1,0.0003920
305,willan,<code>willan</code>,1,0.0003920
305,win&eth;,<code>win&amp;d;</code>,1,0.0003920
305,wind,<code>wind</code>,1,0.0003920
305,wordum,<code>wordum</code>,1,0.0003920
305,woruld,<code>woruld</code>,1,0.0003920
305,wulfas,<code>wulfas</code>,1,0.0003920
305,wuna&eth;,<code>wuna&amp;d;</code>,1,0.0003920
305,wur&eth;e,<code>wur&amp;d;e</code>,1,0.0003920
305,wurde,<code>wurde</code>,1,0.0003920
305,wyrce,<code>wyrce</code>,1,0.0003920
305,wyrmes,<code>wyrmes</code>,1,0.0003920
305,wyrttruma,<code>wyrttruma</code>,1,0.0003920
305,y&thorn;a,<code>y&amp;t;a</code>,1,0.0003920
305,yfeles,<code>yfeles</code>,1,0.0003920
305,yldran,<code>yldran</code>,1,0.0003920
