B_Prose,B01,B01.001.039_AECHom_I__37_T02460.txt,1164,809,3044
RANK,HTML WORD,RAW WORD,COUNT,RELATIVE FREQUENCY
1,&amp;,<code>&amp;amp;</code>,153,0.0502628
2,&thorn;a,<code>&amp;t;a</code>,74,0.0243101
3,to,<code>to</code>,71,0.0233246
4,his,<code>his</code>,64,0.0210250
5,&thorn;&aelig;t,<code>&amp;t;&amp;ae;t</code>,61,0.0200394
6,mid,<code>mid</code>,57,0.0187254
7,on,<code>on</code>,56,0.0183968
8,he,<code>he</code>,55,0.0180683
9,hi,<code>hi</code>,51,0.0167543
10,se,<code>se</code>,47,0.0154402
11,&thorn;am,<code>&amp;t;am</code>,42,0.0137976
12,&thorn;e,<code>&amp;t;e</code>,39,0.0128121
13,&eth;a,<code>&amp;d;a</code>,36,0.0118265
14,swa,<code>swa</code>,30,0.0098555
15,hine,<code>hine</code>,26,0.0085414
16,ne,<code>ne</code>,25,0.0082129
17,godes,<code>godes</code>,22,0.0072273
18,for,<code>for</code>,21,0.0068988
18,heora,<code>heora</code>,21,0.0068988
20,god,<code>god</code>,20,0.0065703
20,halgan,<code>halgan</code>,20,0.0065703
22,&eth;e,<code>&amp;d;e</code>,19,0.0062418
22,ac,<code>ac</code>,19,0.0062418
24,&thorn;&aelig;re,<code>&amp;t;&amp;ae;re</code>,18,0.0059133
24,&thorn;&aelig;s,<code>&amp;t;&amp;ae;s</code>,18,0.0059133
24,&thorn;an,<code>&amp;t;an</code>,18,0.0059133
24,&thorn;one,<code>&amp;t;one</code>,18,0.0059133
28,him,<code>him</code>,17,0.0055848
29,&thorn;urh,<code>&amp;t;urh</code>,13,0.0042707
29,w&aelig;s,<code>w&amp;ae;s</code>,13,0.0042707
31,ic,<code>ic</code>,12,0.0039422
31,we,<code>we</code>,12,0.0039422
33,cyning,<code>cyning</code>,11,0.0036137
33,ealle,<code>ealle</code>,11,0.0036137
33,micclum,<code>micclum</code>,11,0.0036137
36,&thorn;u,<code>&amp;t;u</code>,10,0.0032852
36,cw&aelig;&eth;,<code>cw&amp;ae;&amp;d;</code>,10,0.0032852
36,drihten,<code>drihten</code>,10,0.0032852
36,geleafan,<code>geleafan</code>,10,0.0032852
36,gif,<code>gif</code>,10,0.0032852
41,&thorn;&aelig;ra,<code>&amp;t;&amp;ae;ra</code>,9,0.0029566
41,beo&eth;,<code>beo&amp;d;</code>,9,0.0029566
41,hit,<code>hit</code>,9,0.0029566
41,me,<code>me</code>,9,0.0029566
41,wear&eth;,<code>wear&amp;d;</code>,9,0.0029566
46,&thorn;us,<code>&amp;t;us</code>,8,0.0026281
46,asende,<code>asende</code>,8,0.0026281
46,engel,<code>engel</code>,8,0.0026281
46,fram,<code>fram</code>,8,0.0026281
46,hw&aelig;t,<code>hw&amp;ae;t</code>,8,0.0026281
46,is,<code>is</code>,8,0.0026281
46,manna,<code>manna</code>,8,0.0026281
46,us,<code>us</code>,8,0.0026281
46,w&aelig;ron,<code>w&amp;ae;ron</code>,8,0.0026281
55,&aelig;r,<code>&amp;ae;r</code>,7,0.0022996
55,&eth;&aelig;t,<code>&amp;d;&amp;ae;t</code>,7,0.0022996
55,&thorn;&aelig;r,<code>&amp;t;&amp;ae;r</code>,7,0.0022996
55,&thorn;onne,<code>&amp;t;onne</code>,7,0.0022996
55,cwe&thorn;ende,<code>cwe&amp;t;ende</code>,7,0.0022996
55,eft,<code>eft</code>,7,0.0022996
55,heo,<code>heo</code>,7,0.0022996
55,into,<code>into</code>,7,0.0022996
55,of,<code>of</code>,7,0.0022996
55,ut,<code>ut</code>,7,0.0022996
55,wurdon,<code>wurdon</code>,7,0.0022996
66,&aelig;nne,<code>&amp;ae;nne</code>,6,0.0019711
66,biscop,<code>biscop</code>,6,0.0019711
66,clemens,<code>clemens</code>,6,0.0019711
66,cristenra,<code>cristenra</code>,6,0.0019711
66,folce,<code>folce</code>,6,0.0019711
66,mihte,<code>mihte</code>,6,0.0019711
66,o&eth;&eth;e,<code>o&amp;d;&amp;d;e</code>,6,0.0019711
66,s&aelig;,<code>s&amp;ae;</code>,6,0.0019711
74,&aelig;fter,<code>&amp;ae;fter</code>,5,0.0016426
74,&aelig;lmihtiga,<code>&amp;ae;lmihtiga</code>,5,0.0016426
74,&aelig;t,<code>&amp;ae;t</code>,5,0.0016426
74,be,<code>be</code>,5,0.0016426
74,casere,<code>casere</code>,5,0.0016426
74,danihel,<code>danihel</code>,5,0.0016426
74,eac,<code>eac</code>,5,0.0016426
74,efne,<code>efne</code>,5,0.0016426
74,eow,<code>eow</code>,5,0.0016426
74,geares,<code>geares</code>,5,0.0016426
74,geseah,<code>geseah</code>,5,0.0016426
74,h&aelig;lend,<code>h&amp;ae;lend</code>,5,0.0016426
74,her,<code>her</code>,5,0.0016426
74,hu,<code>hu</code>,5,0.0016426
74,lifes,<code>lifes</code>,5,0.0016426
74,man,<code>man</code>,5,0.0016426
74,nu,<code>nu</code>,5,0.0016426
74,ofne,<code>ofne</code>,5,0.0016426
74,rice,<code>rice</code>,5,0.0016426
74,wi&eth;,<code>wi&amp;d;</code>,5,0.0016426
94,&eth;u,<code>&amp;d;u</code>,4,0.0013141
94,&thorn;&aelig;rrihte,<code>&amp;t;&amp;ae;rrihte</code>,4,0.0013141
94,&thorn;eoda,<code>&amp;t;eoda</code>,4,0.0013141
94,abacuc,<code>abacuc</code>,4,0.0013141
94,ahredde,<code>ahredde</code>,4,0.0013141
94,cristenum,<code>cristenum</code>,4,0.0013141
94,cyninges,<code>cyninges</code>,4,0.0013141
94,eor&thorn;an,<code>eor&amp;t;an</code>,4,0.0013141
94,fela,<code>fela</code>,4,0.0013141
94,folc,<code>folc</code>,4,0.0013141
94,freolstide,<code>freolstide</code>,4,0.0013141
94,fyrste,<code>fyrste</code>,4,0.0013141
94,gelamp,<code>gelamp</code>,4,0.0013141
94,godas,<code>godas</code>,4,0.0013141
94,het,<code>het</code>,4,0.0013141
94,in,<code>in</code>,4,0.0013141
94,ongean,<code>ongean</code>,4,0.0013141
94,papan,<code>papan</code>,4,0.0013141
94,sennacherib,<code>sennacherib</code>,4,0.0013141
94,seo,<code>seo</code>,4,0.0013141
94,sette,<code>sette</code>,4,0.0013141
94,twa,<code>twa</code>,4,0.0013141
94,twegen,<code>twegen</code>,4,0.0013141
94,witegan,<code>witegan</code>,4,0.0013141
94,wolde,<code>wolde</code>,4,0.0013141
119,&aelig;lmihtigan,<code>&amp;ae;lmihtigan</code>,3,0.0009855
119,&thorn;as,<code>&amp;t;as</code>,3,0.0009855
119,&thorn;rowunge,<code>&amp;t;rowunge</code>,3,0.0009855
119,&thorn;rymme,<code>&amp;t;rymme</code>,3,0.0009855
119,an,<code>an</code>,3,0.0009855
119,andwyrde,<code>andwyrde</code>,3,0.0009855
119,apostol,<code>apostol</code>,3,0.0009855
119,awurpan,<code>awurpan</code>,3,0.0009855
119,b&aelig;r,<code>b&amp;ae;r</code>,3,0.0009855
119,betwux,<code>betwux</code>,3,0.0009855
119,biddende,<code>biddende</code>,3,0.0009855
119,binnon,<code>binnon</code>,3,0.0009855
119,blissiende,<code>blissiende</code>,3,0.0009855
119,bodunge,<code>bodunge</code>,3,0.0009855
119,burh,<code>burh</code>,3,0.0009855
119,byrgene,<code>byrgene</code>,3,0.0009855
119,byrig,<code>byrig</code>,3,0.0009855
119,byrnendum,<code>byrnendum</code>,3,0.0009855
119,cild,<code>cild</code>,3,0.0009855
119,com,<code>com</code>,3,0.0009855
119,cristenan,<code>cristenan</code>,3,0.0009855
119,cweartern,<code>cweartern</code>,3,0.0009855
119,cwearterne,<code>cwearterne</code>,3,0.0009855
119,cy&thorn;eres,<code>cy&amp;t;eres</code>,3,0.0009855
119,dagum,<code>dagum</code>,3,0.0009855
119,eallum,<code>eallum</code>,3,0.0009855
119,ecan,<code>ecan</code>,3,0.0009855
119,ezechias,<code>ezechias</code>,3,0.0009855
119,ge,<code>ge</code>,3,0.0009855
119,geb&aelig;d,<code>geb&amp;ae;d</code>,3,0.0009855
119,gefylled,<code>gefylled</code>,3,0.0009855
119,gemetton,<code>gemetton</code>,3,0.0009855
119,gesette,<code>gesette</code>,3,0.0009855
119,gesundful,<code>gesundful</code>,3,0.0009855
119,geswinces,<code>geswinces</code>,3,0.0009855
119,gode,<code>gode</code>,3,0.0009855
119,h&aelig;&thorn;enan,<code>h&amp;ae;&amp;t;enan</code>,3,0.0009855
119,h&aelig;se,<code>h&amp;ae;se</code>,3,0.0009855
119,halga,<code>halga</code>,3,0.0009855
119,here,<code>here</code>,3,0.0009855
119,hospe,<code>hospe</code>,3,0.0009855
119,lare,<code>lare</code>,3,0.0009855
119,leon,<code>leon</code>,3,0.0009855
119,lic,<code>lic</code>,3,0.0009855
119,lichaman,<code>lichaman</code>,3,0.0009855
119,magon,<code>magon</code>,3,0.0009855
119,men,<code>men</code>,3,0.0009855
119,micelre,<code>micelre</code>,3,0.0009855
119,mila,<code>mila</code>,3,0.0009855
119,min,<code>min</code>,3,0.0009855
119,minum,<code>minum</code>,3,0.0009855
119,nihte,<code>nihte</code>,3,0.0009855
119,ofer,<code>ofer</code>,3,0.0009855
119,oft,<code>oft</code>,3,0.0009855
119,petres,<code>petres</code>,3,0.0009855
119,so&eth;lice,<code>so&amp;d;lice</code>,3,0.0009855
119,sum,<code>sum</code>,3,0.0009855
119,sume,<code>sume</code>,3,0.0009855
119,sumum,<code>sumum</code>,3,0.0009855
119,sy&eth;&eth;an,<code>sy&amp;d;&amp;d;an</code>,3,0.0009855
119,ures,<code>ures</code>,3,0.0009855
119,urne,<code>urne</code>,3,0.0009855
119,wer,<code>wer</code>,3,0.0009855
119,witega,<code>witega</code>,3,0.0009855
119,word,<code>word</code>,3,0.0009855
119,wundrum,<code>wundrum</code>,3,0.0009855
119,wur&eth;mynte,<code>wur&amp;d;mynte</code>,3,0.0009855
119,ylcan,<code>ylcan</code>,3,0.0009855
187,&aelig;,<code>&amp;ae;</code>,2,0.0006570
187,&aelig;fre,<code>&amp;ae;fre</code>,2,0.0006570
187,&aelig;lces,<code>&amp;ae;lces</code>,2,0.0006570
187,&eth;&aelig;r,<code>&amp;d;&amp;ae;r</code>,2,0.0006570
187,&eth;&aelig;ra,<code>&amp;d;&amp;ae;ra</code>,2,0.0006570
187,&eth;&aelig;re,<code>&amp;d;&amp;ae;re</code>,2,0.0006570
187,&eth;&aelig;s,<code>&amp;d;&amp;ae;s</code>,2,0.0006570
187,&eth;am,<code>&amp;d;am</code>,2,0.0006570
187,&eth;is,<code>&amp;d;is</code>,2,0.0006570
187,&eth;urh,<code>&amp;d;urh</code>,2,0.0006570
187,&thorn;ine,<code>&amp;t;ine</code>,2,0.0006570
187,&thorn;ingunge,<code>&amp;t;ingunge</code>,2,0.0006570
187,&thorn;inum,<code>&amp;t;inum</code>,2,0.0006570
187,&thorn;isum,<code>&amp;t;isum</code>,2,0.0006570
187,&thorn;usend,<code>&amp;t;usend</code>,2,0.0006570
187,&thorn;y,<code>&amp;t;y</code>,2,0.0006570
187,acwealde,<code>acwealde</code>,2,0.0006570
187,acwellan,<code>acwellan</code>,2,0.0006570
187,agenum,<code>agenum</code>,2,0.0006570
187,alys&eth;,<code>alys&amp;d;</code>,2,0.0006570
187,alysede,<code>alysede</code>,2,0.0006570
187,ana,<code>ana</code>,2,0.0006570
187,ancran,<code>ancran</code>,2,0.0006570
187,andan,<code>andan</code>,2,0.0006570
187,anmodlice,<code>anmodlice</code>,2,0.0006570
187,anum,<code>anum</code>,2,0.0006570
187,arleasa,<code>arleasa</code>,2,0.0006570
187,arwur&eth;nysse,<code>arwur&amp;d;nysse</code>,2,0.0006570
187,astyred,<code>astyred</code>,2,0.0006570
187,aufidianus,<code>aufidianus</code>,2,0.0006570
187,becom,<code>becom</code>,2,0.0006570
187,becymst,<code>becymst</code>,2,0.0006570
187,belyfdon,<code>belyfdon</code>,2,0.0006570
187,beseah,<code>beseah</code>,2,0.0006570
187,biddan,<code>biddan</code>,2,0.0006570
187,bidde,<code>bidde</code>,2,0.0006570
187,bigencgum,<code>bigencgum</code>,2,0.0006570
187,bufon,<code>bufon</code>,2,0.0006570
187,clementem,<code>clementem</code>,2,0.0006570
187,clypode,<code>clypode</code>,2,0.0006570
187,criste,<code>criste</code>,2,0.0006570
187,cristene,<code>cristene</code>,2,0.0006570
187,cristes,<code>cristes</code>,2,0.0006570
187,cw&aelig;don,<code>cw&amp;ae;don</code>,2,0.0006570
187,cwelleras,<code>cwelleras</code>,2,0.0006570
187,cyddon,<code>cyddon</code>,2,0.0006570
187,cyrcan,<code>cyrcan</code>,2,0.0006570
187,d&aelig;ge,<code>d&amp;ae;ge</code>,2,0.0006570
187,dagas,<code>dagas</code>,2,0.0006570
187,deofolgyld,<code>deofolgyld</code>,2,0.0006570
187,deofolgylde,<code>deofolgylde</code>,2,0.0006570
187,digelice,<code>digelice</code>,2,0.0006570
187,dionisius,<code>dionisius</code>,2,0.0006570
187,drohtnunge,<code>drohtnunge</code>,2,0.0006570
187,dyde,<code>dyde</code>,2,0.0006570
187,eadigan,<code>eadigan</code>,2,0.0006570
187,eall,<code>eall</code>,2,0.0006570
187,eart,<code>eart</code>,2,0.0006570
187,ehtnysse,<code>ehtnysse</code>,2,0.0006570
187,engla,<code>engla</code>,2,0.0006570
187,eode,<code>eode</code>,2,0.0006570
187,eower,<code>eower</code>,2,0.0006570
187,f&aelig;ste,<code>f&amp;ae;ste</code>,2,0.0006570
187,ferde,<code>ferde</code>,2,0.0006570
187,fet,<code>fet</code>,2,0.0006570
187,fif,<code>fif</code>,2,0.0006570
187,forlet,<code>forlet</code>,2,0.0006570
187,fr&aelig;cednyssum,<code>fr&amp;ae;cednyssum</code>,2,0.0006570
187,francena,<code>francena</code>,2,0.0006570
187,fyr,<code>fyr</code>,2,0.0006570
187,geare,<code>geare</code>,2,0.0006570
187,gebigde,<code>gebigde</code>,2,0.0006570
187,gebiged,<code>gebiged</code>,2,0.0006570
187,gecorenan,<code>gecorenan</code>,2,0.0006570
187,gecyrde,<code>gecyrde</code>,2,0.0006570
187,geferan,<code>geferan</code>,2,0.0006570
187,gehadode,<code>gehadode</code>,2,0.0006570
187,gehw&aelig;r,<code>gehw&amp;ae;r</code>,2,0.0006570
187,gel&aelig;de,<code>gel&amp;ae;de</code>,2,0.0006570
187,gel&aelig;hte,<code>gel&amp;ae;hte</code>,2,0.0006570
187,geleaffulle,<code>geleaffulle</code>,2,0.0006570
187,gelyfedan,<code>gelyfedan</code>,2,0.0006570
187,gemet,<code>gemet</code>,2,0.0006570
187,gemette,<code>gemette</code>,2,0.0006570
187,geny&thorn;erunge,<code>geny&amp;t;erunge</code>,2,0.0006570
187,geond,<code>geond</code>,2,0.0006570
187,gereccan,<code>gereccan</code>,2,0.0006570
187,gesceade,<code>gesceade</code>,2,0.0006570
187,getrymde,<code>getrymde</code>,2,0.0006570
187,gewritu,<code>gewritu</code>,2,0.0006570
187,h&aelig;&eth;ena,<code>h&amp;ae;&amp;d;ena</code>,2,0.0006570
187,h&aelig;fde,<code>h&amp;ae;fde</code>,2,0.0006570
187,h&aelig;ran,<code>h&amp;ae;ran</code>,2,0.0006570
187,h&aelig;s,<code>h&amp;ae;s</code>,2,0.0006570
187,halige,<code>halige</code>,2,0.0006570
187,handum,<code>handum</code>,2,0.0006570
187,healfe,<code>healfe</code>,2,0.0006570
187,heofenum,<code>heofenum</code>,2,0.0006570
187,heretogan,<code>heretogan</code>,2,0.0006570
187,hire,<code>hire</code>,2,0.0006570
187,hund,<code>hund</code>,2,0.0006570
187,hwa,<code>hwa</code>,2,0.0006570
187,hwilon,<code>hwilon</code>,2,0.0006570
187,hyrde,<code>hyrde</code>,2,0.0006570
187,iudea,<code>iudea</code>,2,0.0006570
187,iudeiscan,<code>iudeiscan</code>,2,0.0006570
187,lamb,<code>lamb</code>,2,0.0006570
187,lande,<code>lande</code>,2,0.0006570
187,leode,<code>leode</code>,2,0.0006570
187,leona,<code>leona</code>,2,0.0006570
187,life,<code>life</code>,2,0.0006570
187,lofe,<code>lofe</code>,2,0.0006570
187,mannum,<code>mannum</code>,2,0.0006570
187,martyrdome,<code>martyrdome</code>,2,0.0006570
187,merien,<code>merien</code>,2,0.0006570
187,merigen,<code>merigen</code>,2,0.0006570
187,mete,<code>mete</code>,2,0.0006570
187,mihtiglice,<code>mihtiglice</code>,2,0.0006570
187,mihton,<code>mihton</code>,2,0.0006570
187,mislicum,<code>mislicum</code>,2,0.0006570
187,moston,<code>moston</code>,2,0.0006570
187,n&aelig;fre,<code>n&amp;ae;fre</code>,2,0.0006570
187,n&aelig;nne,<code>n&amp;ae;nne</code>,2,0.0006570
187,n&aelig;s,<code>n&amp;ae;s</code>,2,0.0006570
187,nama,<code>nama</code>,2,0.0006570
187,nan,<code>nan</code>,2,0.0006570
187,nateshwon,<code>nateshwon</code>,2,0.0006570
187,niwan,<code>niwan</code>,2,0.0006570
187,noldon,<code>noldon</code>,2,0.0006570
187,o&thorn;er,<code>o&amp;t;er</code>,2,0.0006570
187,onmiddan,<code>onmiddan</code>,2,0.0006570
187,openlice,<code>openlice</code>,2,0.0006570
187,papa,<code>papa</code>,2,0.0006570
187,samod,<code>samod</code>,2,0.0006570
187,sceolde,<code>sceolde</code>,2,0.0006570
187,sea&eth;e,<code>sea&amp;d;e</code>,2,0.0006570
187,sea&thorn;e,<code>sea&amp;t;e</code>,2,0.0006570
187,sealde,<code>sealde</code>,2,0.0006570
187,sende,<code>sende</code>,2,0.0006570
187,seofon,<code>seofon</code>,2,0.0006570
187,si,<code>si</code>,2,0.0006570
187,sind,<code>sind</code>,2,0.0006570
187,six,<code>six</code>,2,0.0006570
187,stemne,<code>stemne</code>,2,0.0006570
187,stod,<code>stod</code>,2,0.0006570
187,stowe,<code>stowe</code>,2,0.0006570
187,swi&thorn;ran,<code>swi&amp;t;ran</code>,2,0.0006570
187,sy,<code>sy</code>,2,0.0006570
187,sylfe,<code>sylfe</code>,2,0.0006570
187,syria,<code>syria</code>,2,0.0006570
187,tacnum,<code>tacnum</code>,2,0.0006570
187,temple,<code>temple</code>,2,0.0006570
187,towearp,<code>towearp</code>,2,0.0006570
187,trahianus,<code>trahianus</code>,2,0.0006570
187,unwilles,<code>unwilles</code>,2,0.0006570
187,ure,<code>ure</code>,2,0.0006570
187,uton,<code>uton</code>,2,0.0006570
187,w&aelig;dlunge,<code>w&amp;ae;dlunge</code>,2,0.0006570
187,weardas,<code>weardas</code>,2,0.0006570
187,wepende,<code>wepende</code>,2,0.0006570
187,westene,<code>westene</code>,2,0.0006570
187,wi&eth;innan,<code>wi&amp;d;innan</code>,2,0.0006570
187,wi&eth;utan,<code>wi&amp;d;utan</code>,2,0.0006570
187,wif,<code>wif</code>,2,0.0006570
187,wite,<code>wite</code>,2,0.0006570
187,wope,<code>wope</code>,2,0.0006570
187,wur&eth;ia&eth;,<code>wur&amp;d;ia&amp;d;</code>,2,0.0006570
187,ymbe,<code>ymbe</code>,2,0.0006570
187,ymbrene,<code>ymbrene</code>,2,0.0006570
356,&aelig;cere,<code>&amp;ae;cere</code>,1,0.0003285
356,&aelig;ddran,<code>&amp;ae;ddran</code>,1,0.0003285
356,&aelig;ftergencga,<code>&amp;ae;ftergencga</code>,1,0.0003285
356,&aelig;htum,<code>&amp;ae;htum</code>,1,0.0003285
356,&aelig;lce,<code>&amp;ae;lce</code>,1,0.0003285
356,&aelig;lmihti,<code>&amp;ae;lmihti</code>,1,0.0003285
356,&aelig;lmihtig,<code>&amp;ae;lmihtig</code>,1,0.0003285
356,&aelig;rende,<code>&amp;ae;rende</code>,1,0.0003285
356,&aelig;rendgewritum,<code>&amp;ae;rendgewritum</code>,1,0.0003285
356,&aelig;riste,<code>&amp;ae;riste</code>,1,0.0003285
356,&aelig;tbredan,<code>&amp;ae;tbredan</code>,1,0.0003285
356,&eth;as,<code>&amp;d;as</code>,1,0.0003285
356,&eth;eowan,<code>&amp;d;eowan</code>,1,0.0003285
356,&eth;es,<code>&amp;d;es</code>,1,0.0003285
356,&eth;inum,<code>&amp;d;inum</code>,1,0.0003285
356,&eth;one,<code>&amp;d;one</code>,1,0.0003285
356,&eth;onne,<code>&amp;d;onne</code>,1,0.0003285
356,&eth;reora,<code>&amp;d;reora</code>,1,0.0003285
356,&eth;ry,<code>&amp;d;ry</code>,1,0.0003285
356,&eth;wyrode,<code>&amp;d;wyrode</code>,1,0.0003285
356,&thorn;&aelig;rbinnon,<code>&amp;t;&amp;ae;rbinnon</code>,1,0.0003285
356,&thorn;ancodon,<code>&amp;t;ancodon</code>,1,0.0003285
356,&thorn;eah,<code>&amp;t;eah</code>,1,0.0003285
356,&thorn;eahtodon,<code>&amp;t;eahtodon</code>,1,0.0003285
356,&thorn;earle,<code>&amp;t;earle</code>,1,0.0003285
356,&thorn;eawa,<code>&amp;t;eawa</code>,1,0.0003285
356,&thorn;enunge,<code>&amp;t;enunge</code>,1,0.0003285
356,&thorn;enungum,<code>&amp;t;enungum</code>,1,0.0003285
356,&thorn;eode,<code>&amp;t;eode</code>,1,0.0003285
356,&thorn;eonde,<code>&amp;t;eonde</code>,1,0.0003285
356,&thorn;eowa,<code>&amp;t;eowa</code>,1,0.0003285
356,&thorn;eowan,<code>&amp;t;eowan</code>,1,0.0003285
356,&thorn;eowracan,<code>&amp;t;eowracan</code>,1,0.0003285
356,&thorn;i,<code>&amp;t;i</code>,1,0.0003285
356,&thorn;in,<code>&amp;t;in</code>,1,0.0003285
356,&thorn;ines,<code>&amp;t;ines</code>,1,0.0003285
356,&thorn;ing,<code>&amp;t;ing</code>,1,0.0003285
356,&thorn;inne,<code>&amp;t;inne</code>,1,0.0003285
356,&thorn;issere,<code>&amp;t;issere</code>,1,0.0003285
356,&thorn;ola&eth;,<code>&amp;t;ola&amp;d;</code>,1,0.0003285
356,&thorn;reora,<code>&amp;t;reora</code>,1,0.0003285
356,&thorn;rowia&eth;,<code>&amp;t;rowia&amp;d;</code>,1,0.0003285
356,&thorn;rowungtide,<code>&amp;t;rowungtide</code>,1,0.0003285
356,&thorn;ruh,<code>&amp;t;ruh</code>,1,0.0003285
356,&thorn;ryh,<code>&amp;t;ryh</code>,1,0.0003285
356,&thorn;urhwunode,<code>&amp;t;urhwunode</code>,1,0.0003285
356,&thorn;usenda,<code>&amp;t;usenda</code>,1,0.0003285
356,&thorn;yses,<code>&amp;t;yses</code>,1,0.0003285
356,&thorn;ysne,<code>&amp;t;ysne</code>,1,0.0003285
356,&thorn;yssere,<code>&amp;t;yssere</code>,1,0.0003285
356,&thorn;ysum,<code>&amp;t;ysum</code>,1,0.0003285
356,a,<code>a</code>,1,0.0003285
356,ab&aelig;de,<code>ab&amp;ae;de</code>,1,0.0003285
356,abbacuc,<code>abbacuc</code>,1,0.0003285
356,abitan,<code>abitan</code>,1,0.0003285
356,acennede,<code>acennede</code>,1,0.0003285
356,acwealdon,<code>acwealdon</code>,1,0.0003285
356,adiligian,<code>adiligian</code>,1,0.0003285
356,adlium,<code>adlium</code>,1,0.0003285
356,adreah,<code>adreah</code>,1,0.0003285
356,adruge,<code>adruge</code>,1,0.0003285
356,afyllede,<code>afyllede</code>,1,0.0003285
356,ahefe,<code>ahefe</code>,1,0.0003285
356,ahrede,<code>ahrede</code>,1,0.0003285
356,ahyld,<code>ahyld</code>,1,0.0003285
356,al&aelig;dde,<code>al&amp;ae;dde</code>,1,0.0003285
356,alys,<code>alys</code>,1,0.0003285
356,alysde,<code>alysde</code>,1,0.0003285
356,alysend,<code>alysend</code>,1,0.0003285
356,alysenne,<code>alysenne</code>,1,0.0003285
356,amen,<code>amen</code>,1,0.0003285
356,ancennedan,<code>ancennedan</code>,1,0.0003285
356,and,<code>and</code>,1,0.0003285
356,andeterum,<code>andeterum</code>,1,0.0003285
356,andwerdnysse,<code>andwerdnysse</code>,1,0.0003285
356,andwerdum,<code>andwerdum</code>,1,0.0003285
356,ane,<code>ane</code>,1,0.0003285
356,anes,<code>anes</code>,1,0.0003285
356,anmode,<code>anmode</code>,1,0.0003285
356,annanias,<code>annanias</code>,1,0.0003285
356,anr&aelig;dlice,<code>anr&amp;ae;dlice</code>,1,0.0003285
356,anre,<code>anre</code>,1,0.0003285
356,ansund,<code>ansund</code>,1,0.0003285
356,anwealde,<code>anwealde</code>,1,0.0003285
356,anwerdnysse,<code>anwerdnysse</code>,1,0.0003285
356,apostola,<code>apostola</code>,1,0.0003285
356,apostoles,<code>apostoles</code>,1,0.0003285
356,apostolum,<code>apostolum</code>,1,0.0003285
356,ar&aelig;rde,<code>ar&amp;ae;rde</code>,1,0.0003285
356,ar&aelig;rdest,<code>ar&amp;ae;rdest</code>,1,0.0003285
356,ar&aelig;rede,<code>ar&amp;ae;rede</code>,1,0.0003285
356,aras,<code>aras</code>,1,0.0003285
356,arleasan,<code>arleasan</code>,1,0.0003285
356,arwur&eth;an,<code>arwur&amp;d;an</code>,1,0.0003285
356,arwur&thorn;fullan,<code>arwur&amp;t;fullan</code>,1,0.0003285
356,asceaf,<code>asceaf</code>,1,0.0003285
356,asceofa&eth;,<code>asceofa&amp;d;</code>,1,0.0003285
356,ascoc,<code>ascoc</code>,1,0.0003285
356,ascofene,<code>ascofene</code>,1,0.0003285
356,ascyt,<code>ascyt</code>,1,0.0003285
356,asendon,<code>asendon</code>,1,0.0003285
356,asprang,<code>asprang</code>,1,0.0003285
356,astrehtum,<code>astrehtum</code>,1,0.0003285
356,ateah,<code>ateah</code>,1,0.0003285
356,attor,<code>attor</code>,1,0.0003285
356,attres,<code>attres</code>,1,0.0003285
356,awearp,<code>awearp</code>,1,0.0003285
356,aworpen,<code>aworpen</code>,1,0.0003285
356,awrat,<code>awrat</code>,1,0.0003285
356,awrehte,<code>awrehte</code>,1,0.0003285
356,awrehtest,<code>awrehtest</code>,1,0.0003285
356,awurpon,<code>awurpon</code>,1,0.0003285
356,azarias,<code>azarias</code>,1,0.0003285
356,babilone,<code>babilone</code>,1,0.0003285
356,babiloniscan,<code>babiloniscan</code>,1,0.0003285
356,babylone,<code>babylone</code>,1,0.0003285
356,bealdlice,<code>bealdlice</code>,1,0.0003285
356,bebodum,<code>bebodum</code>,1,0.0003285
356,beclysde,<code>beclysde</code>,1,0.0003285
356,becuma&eth;,<code>becuma&amp;d;</code>,1,0.0003285
356,becuman,<code>becuman</code>,1,0.0003285
356,becume,<code>becume</code>,1,0.0003285
356,befran,<code>befran</code>,1,0.0003285
356,begeat,<code>begeat</code>,1,0.0003285
356,beheold,<code>beheold</code>,1,0.0003285
356,behwyrfan,<code>behwyrfan</code>,1,0.0003285
356,bel,<code>bel</code>,1,0.0003285
356,belimp&eth;,<code>belimp&amp;d;</code>,1,0.0003285
356,belocen,<code>belocen</code>,1,0.0003285
356,belyf&eth;,<code>belyf&amp;d;</code>,1,0.0003285
356,bem&aelig;nde,<code>bem&amp;ae;nde</code>,1,0.0003285
356,ben&aelig;me,<code>ben&amp;ae;me</code>,1,0.0003285
356,bene,<code>bene</code>,1,0.0003285
356,beo,<code>beo</code>,1,0.0003285
356,bep&aelig;ce,<code>bep&amp;ae;ce</code>,1,0.0003285
356,ber,<code>ber</code>,1,0.0003285
356,bereafige,<code>bereafige</code>,1,0.0003285
356,beseoh,<code>beseoh</code>,1,0.0003285
356,besmitene,<code>besmitene</code>,1,0.0003285
356,bet&aelig;c,<code>bet&amp;ae;c</code>,1,0.0003285
356,bewerigan,<code>bewerigan</code>,1,0.0003285
356,bi&eth;,<code>bi&amp;d;</code>,1,0.0003285
356,bicnode,<code>bicnode</code>,1,0.0003285
356,bigwiste,<code>bigwiste</code>,1,0.0003285
356,biscopas,<code>biscopas</code>,1,0.0003285
356,biscopes,<code>biscopes</code>,1,0.0003285
356,biscopsetle,<code>biscopsetle</code>,1,0.0003285
356,bletsode,<code>bletsode</code>,1,0.0003285
356,blinde,<code>blinde</code>,1,0.0003285
356,blisse,<code>blisse</code>,1,0.0003285
356,blission,<code>blission</code>,1,0.0003285
356,blissodon,<code>blissodon</code>,1,0.0003285
356,boclicum,<code>boclicum</code>,1,0.0003285
356,boda,<code>boda</code>,1,0.0003285
356,bodia&eth;,<code>bodia&amp;d;</code>,1,0.0003285
356,bodiende,<code>bodiende</code>,1,0.0003285
356,bodum,<code>bodum</code>,1,0.0003285
356,breac,<code>breac</code>,1,0.0003285
356,bridel,<code>bridel</code>,1,0.0003285
356,bruca&eth;,<code>bruca&amp;d;</code>,1,0.0003285
356,buton,<code>buton</code>,1,0.0003285
356,bysmorlice,<code>bysmorlice</code>,1,0.0003285
356,caseres,<code>caseres</code>,1,0.0003285
356,ceaflum,<code>ceaflum</code>,1,0.0003285
356,chaldeisca,<code>chaldeisca</code>,1,0.0003285
356,cilde,<code>cilde</code>,1,0.0003285
356,cildes,<code>cildes</code>,1,0.0003285
356,cires,<code>cires</code>,1,0.0003285
356,clemente,<code>clemente</code>,1,0.0003285
356,clementis,<code>clementis</code>,1,0.0003285
356,cletum,<code>cletum</code>,1,0.0003285
356,clypian,<code>clypian</code>,1,0.0003285
356,cnihta,<code>cnihta</code>,1,0.0003285
356,cnihtas,<code>cnihtas</code>,1,0.0003285
356,cnihtum,<code>cnihtum</code>,1,0.0003285
356,cornelius,<code>cornelius</code>,1,0.0003285
356,cossode,<code>cossode</code>,1,0.0003285
356,cossum,<code>cossum</code>,1,0.0003285
356,cr&aelig;fte,<code>cr&amp;ae;fte</code>,1,0.0003285
356,crist,<code>crist</code>,1,0.0003285
356,cristendom,<code>cristendom</code>,1,0.0003285
356,cristendome,<code>cristendome</code>,1,0.0003285
356,cu&eth;e,<code>cu&amp;d;e</code>,1,0.0003285
356,cu&eth;lice,<code>cu&amp;d;lice</code>,1,0.0003285
356,cu&eth;licor,<code>cu&amp;d;licor</code>,1,0.0003285
356,cw&aelig;&thorn;,<code>cw&amp;ae;&amp;t;</code>,1,0.0003285
356,cwe&eth;ende,<code>cwe&amp;d;ende</code>,1,0.0003285
356,cwearternes,<code>cwearternes</code>,1,0.0003285
356,cwellere,<code>cwellere</code>,1,0.0003285
356,cwelleres,<code>cwelleres</code>,1,0.0003285
356,cwellerum,<code>cwellerum</code>,1,0.0003285
356,cwy&eth;,<code>cwy&amp;d;</code>,1,0.0003285
356,cwyde,<code>cwyde</code>,1,0.0003285
356,cy&eth;ere,<code>cy&amp;d;ere</code>,1,0.0003285
356,cy&thorn;an,<code>cy&amp;t;an</code>,1,0.0003285
356,cy&thorn;ere,<code>cy&amp;t;ere</code>,1,0.0003285
356,cyninge,<code>cyninge</code>,1,0.0003285
356,cynyng,<code>cynyng</code>,1,0.0003285
356,cyrum,<code>cyrum</code>,1,0.0003285
356,cyrus,<code>cyrus</code>,1,0.0003285
356,d&aelig;g,<code>d&amp;ae;g</code>,1,0.0003285
356,d&aelig;ghwomlice,<code>d&amp;ae;ghwomlice</code>,1,0.0003285
356,d&aelig;ghwomlicere,<code>d&amp;ae;ghwomlicere</code>,1,0.0003285
356,d&aelig;ighwomlice,<code>d&amp;ae;ighwomlice</code>,1,0.0003285
356,daniel,<code>daniel</code>,1,0.0003285
356,danieles,<code>danieles</code>,1,0.0003285
356,danihele,<code>danihele</code>,1,0.0003285
356,dauid,<code>dauid</code>,1,0.0003285
356,deadan,<code>deadan</code>,1,0.0003285
356,decembris,<code>decembris</code>,1,0.0003285
356,dema,<code>dema</code>,1,0.0003285
356,deofolseoce,<code>deofolseoce</code>,1,0.0003285
356,derian,<code>derian</code>,1,0.0003285
356,dionisii,<code>dionisii</code>,1,0.0003285
356,dionisium,<code>dionisium</code>,1,0.0003285
356,discten,<code>discten</code>,1,0.0003285
356,do,<code>do</code>,1,0.0003285
356,domicianus,<code>domicianus</code>,1,0.0003285
356,dracan,<code>dracan</code>,1,0.0003285
356,drence,<code>drence</code>,1,0.0003285
356,dreori,<code>dreori</code>,1,0.0003285
356,dries,<code>dries</code>,1,0.0003285
356,drigne,<code>drigne</code>,1,0.0003285
356,drincan,<code>drincan</code>,1,0.0003285
356,drohtnunga,<code>drohtnunga</code>,1,0.0003285
356,dwollicum,<code>dwollicum</code>,1,0.0003285
356,dydon,<code>dydon</code>,1,0.0003285
356,dypan,<code>dypan</code>,1,0.0003285
356,e&eth;ele,<code>e&amp;d;ele</code>,1,0.0003285
356,ea&eth;elice,<code>ea&amp;d;elice</code>,1,0.0003285
356,eadiga,<code>eadiga</code>,1,0.0003285
356,eagan,<code>eagan</code>,1,0.0003285
356,eala,<code>eala</code>,1,0.0003285
356,ealdan,<code>ealdan</code>,1,0.0003285
356,ealdrum,<code>ealdrum</code>,1,0.0003285
356,eallunga,<code>eallunga</code>,1,0.0003285
356,eallunge,<code>eallunge</code>,1,0.0003285
356,ealra,<code>ealra</code>,1,0.0003285
356,earda,<code>earda</code>,1,0.0003285
356,eardas,<code>eardas</code>,1,0.0003285
356,earde,<code>earde</code>,1,0.0003285
356,eare,<code>eare</code>,1,0.0003285
356,ece,<code>ece</code>,1,0.0003285
356,ecere,<code>ecere</code>,1,0.0003285
356,ecge,<code>ecge</code>,1,0.0003285
356,ecum,<code>ecum</code>,1,0.0003285
356,edwite,<code>edwite</code>,1,0.0003285
356,efste,<code>efste</code>,1,0.0003285
356,ehteras,<code>ehteras</code>,1,0.0003285
356,ehterum,<code>ehterum</code>,1,0.0003285
356,ehtnys,<code>ehtnys</code>,1,0.0003285
356,ele,<code>ele</code>,1,0.0003285
356,embe,<code>embe</code>,1,0.0003285
356,ende,<code>ende</code>,1,0.0003285
356,endemes,<code>endemes</code>,1,0.0003285
356,engle,<code>engle</code>,1,0.0003285
356,eodon,<code>eodon</code>,1,0.0003285
356,eor&eth;bugende,<code>eor&amp;d;bugende</code>,1,0.0003285
356,eor&eth;lic,<code>eor&amp;d;lic</code>,1,0.0003285
356,eowerum,<code>eowerum</code>,1,0.0003285
356,exlum,<code>exlum</code>,1,0.0003285
356,ezechiam,<code>ezechiam</code>,1,0.0003285
356,ezechian,<code>ezechian</code>,1,0.0003285
356,f&aelig;&eth;ma,<code>f&amp;ae;&amp;d;ma</code>,1,0.0003285
356,f&aelig;gernysse,<code>f&amp;ae;gernysse</code>,1,0.0003285
356,f&aelig;gnodon,<code>f&amp;ae;gnodon</code>,1,0.0003285
356,f&aelig;reldes,<code>f&amp;ae;reldes</code>,1,0.0003285
356,f&aelig;rlican,<code>f&amp;ae;rlican</code>,1,0.0003285
356,f&aelig;rlice,<code>f&amp;ae;rlice</code>,1,0.0003285
356,f&aelig;stum,<code>f&amp;ae;stum</code>,1,0.0003285
356,far,<code>far</code>,1,0.0003285
356,feallende,<code>feallende</code>,1,0.0003285
356,feawum,<code>feawum</code>,1,0.0003285
356,feax,<code>feax</code>,1,0.0003285
356,feaxe,<code>feaxe</code>,1,0.0003285
356,febus,<code>febus</code>,1,0.0003285
356,feores,<code>feores</code>,1,0.0003285
356,feowerteo&thorn;an,<code>feowerteo&amp;t;an</code>,1,0.0003285
356,feowertig,<code>feowertig</code>,1,0.0003285
356,fingre,<code>fingre</code>,1,0.0003285
356,flan,<code>flan</code>,1,0.0003285
356,flihte,<code>flihte</code>,1,0.0003285
356,flowende,<code>flowende</code>,1,0.0003285
356,fodan,<code>fodan</code>,1,0.0003285
356,for&eth;,<code>for&amp;d;</code>,1,0.0003285
356,for&eth;f&aelig;deras,<code>for&amp;d;f&amp;ae;deras</code>,1,0.0003285
356,for&eth;gencge,<code>for&amp;d;gencge</code>,1,0.0003285
356,forarn,<code>forarn</code>,1,0.0003285
356,forb&aelig;rnde,<code>forb&amp;ae;rnde</code>,1,0.0003285
356,fordemde,<code>fordemde</code>,1,0.0003285
356,fordon,<code>fordon</code>,1,0.0003285
356,fordyligia&eth;,<code>fordyligia&amp;d;</code>,1,0.0003285
356,fores&aelig;dan,<code>fores&amp;ae;dan</code>,1,0.0003285
356,foresceawian,<code>foresceawian</code>,1,0.0003285
356,foresceawode,<code>foresceawode</code>,1,0.0003285
356,forfleah,<code>forfleah</code>,1,0.0003285
356,forgyfen,<code>forgyfen</code>,1,0.0003285
356,forhtion,<code>forhtion</code>,1,0.0003285
356,forl&aelig;ton,<code>forl&amp;ae;ton</code>,1,0.0003285
356,forleosa&eth;,<code>forleosa&amp;d;</code>,1,0.0003285
356,forleosan,<code>forleosan</code>,1,0.0003285
356,forlete,<code>forlete</code>,1,0.0003285
356,forman,<code>forman</code>,1,0.0003285
356,fornumen,<code>fornumen</code>,1,0.0003285
356,forp&aelig;ra&eth;,<code>forp&amp;ae;ra&amp;d;</code>,1,0.0003285
356,forscyt,<code>forscyt</code>,1,0.0003285
356,forstentst,<code>forstentst</code>,1,0.0003285
356,forsw&aelig;lde,<code>forsw&amp;ae;lde</code>,1,0.0003285
356,forwel,<code>forwel</code>,1,0.0003285
356,forwyrde,<code>forwyrde</code>,1,0.0003285
356,fotum,<code>fotum</code>,1,0.0003285
356,franclande,<code>franclande</code>,1,0.0003285
356,frefriend,<code>frefriend</code>,1,0.0003285
356,frefrigend,<code>frefrigend</code>,1,0.0003285
356,freolsd&aelig;ge,<code>freolsd&amp;ae;ge</code>,1,0.0003285
356,frynd,<code>frynd</code>,1,0.0003285
356,fultumie,<code>fultumie</code>,1,0.0003285
356,fundon,<code>fundon</code>,1,0.0003285
356,fyl&eth;,<code>fyl&amp;d;</code>,1,0.0003285
356,fyre,<code>fyre</code>,1,0.0003285
356,fyrhte,<code>fyrhte</code>,1,0.0003285
356,fyrmeste,<code>fyrmeste</code>,1,0.0003285
356,ga&eth;,<code>ga&amp;d;</code>,1,0.0003285
356,gaste,<code>gaste</code>,1,0.0003285
356,gastlicere,<code>gastlicere</code>,1,0.0003285
356,gatu,<code>gatu</code>,1,0.0003285
356,ge&thorn;afa&eth;,<code>ge&amp;t;afa&amp;d;</code>,1,0.0003285
356,ge&thorn;afian,<code>ge&amp;t;afian</code>,1,0.0003285
356,ge&thorn;afode,<code>ge&amp;t;afode</code>,1,0.0003285
356,ge&thorn;eah,<code>ge&amp;t;eah</code>,1,0.0003285
356,ge&thorn;enc,<code>ge&amp;t;enc</code>,1,0.0003285
356,ge&thorn;inc&thorn;um,<code>ge&amp;t;inc&amp;t;um</code>,1,0.0003285
356,geandwyrde,<code>geandwyrde</code>,1,0.0003285
356,geaxode,<code>geaxode</code>,1,0.0003285
356,gebed,<code>gebed</code>,1,0.0003285
356,gebedu,<code>gebedu</code>,1,0.0003285
356,gebeote,<code>gebeote</code>,1,0.0003285
356,gebicnunge,<code>gebicnunge</code>,1,0.0003285
356,gebiddan,<code>gebiddan</code>,1,0.0003285
356,gebigan,<code>gebigan</code>,1,0.0003285
356,gebindan,<code>gebindan</code>,1,0.0003285
356,gebindenne,<code>gebindenne</code>,1,0.0003285
356,gebletsod,<code>gebletsod</code>,1,0.0003285
356,geblissode,<code>geblissode</code>,1,0.0003285
356,gebro&eth;ra,<code>gebro&amp;d;ra</code>,1,0.0003285
356,gebrohte,<code>gebrohte</code>,1,0.0003285
356,gebrohton,<code>gebrohton</code>,1,0.0003285
356,gebugan,<code>gebugan</code>,1,0.0003285
356,gebundenne,<code>gebundenne</code>,1,0.0003285
356,gebysmerode,<code>gebysmerode</code>,1,0.0003285
356,geceas,<code>geceas</code>,1,0.0003285
356,gecigede,<code>gecigede</code>,1,0.0003285
356,gecneordnysse,<code>gecneordnysse</code>,1,0.0003285
356,gecorennysse,<code>gecorennysse</code>,1,0.0003285
356,gecw&aelig;don,<code>gecw&amp;ae;don</code>,1,0.0003285
356,gecweme,<code>gecweme</code>,1,0.0003285
356,gecwylmede,<code>gecwylmede</code>,1,0.0003285
356,gecy&eth;nysse,<code>gecy&amp;d;nysse</code>,1,0.0003285
356,gecyddon,<code>gecyddon</code>,1,0.0003285
356,gecyrdon,<code>gecyrdon</code>,1,0.0003285
356,gecyrred,<code>gecyrred</code>,1,0.0003285
356,gedelfe,<code>gedelfe</code>,1,0.0003285
356,gedon,<code>gedon</code>,1,0.0003285
356,gedreccednyssa,<code>gedreccednyssa</code>,1,0.0003285
356,gedrehte,<code>gedrehte</code>,1,0.0003285
356,geearnodon,<code>geearnodon</code>,1,0.0003285
356,geearnunga,<code>geearnunga</code>,1,0.0003285
356,geegesian,<code>geegesian</code>,1,0.0003285
356,geendedum,<code>geendedum</code>,1,0.0003285
356,geendode,<code>geendode</code>,1,0.0003285
356,geendunge,<code>geendunge</code>,1,0.0003285
356,geferr&aelig;dene,<code>geferr&amp;ae;dene</code>,1,0.0003285
356,geferum,<code>geferum</code>,1,0.0003285
356,gefette,<code>gefette</code>,1,0.0003285
356,gefetton,<code>gefetton</code>,1,0.0003285
356,gefredde,<code>gefredde</code>,1,0.0003285
356,gefrefrie,<code>gefrefrie</code>,1,0.0003285
356,gefrefrode,<code>gefrefrode</code>,1,0.0003285
356,gefrefrodon,<code>gefrefrodon</code>,1,0.0003285
356,gefremmed,<code>gefremmed</code>,1,0.0003285
356,gefullode,<code>gefullode</code>,1,0.0003285
356,gefyldon,<code>gefyldon</code>,1,0.0003285
356,gefyllede,<code>gefyllede</code>,1,0.0003285
356,gegearcige,<code>gegearcige</code>,1,0.0003285
356,gegearcode,<code>gegearcode</code>,1,0.0003285
356,gehendan,<code>gehendan</code>,1,0.0003285
356,gehender,<code>gehender</code>,1,0.0003285
356,geheold,<code>geheold</code>,1,0.0003285
356,gehwilce,<code>gehwilce</code>,1,0.0003285
356,gehwylce,<code>gehwylce</code>,1,0.0003285
356,gehwylcum,<code>gehwylcum</code>,1,0.0003285
356,gehyr,<code>gehyr</code>,1,0.0003285
356,gehyra&eth;,<code>gehyra&amp;d;</code>,1,0.0003285
356,gehyre,<code>gehyre</code>,1,0.0003285
356,gehyrsum,<code>gehyrsum</code>,1,0.0003285
356,gehyrsumedon,<code>gehyrsumedon</code>,1,0.0003285
356,gehyrsumigende,<code>gehyrsumigende</code>,1,0.0003285
356,gehyrwde,<code>gehyrwde</code>,1,0.0003285
356,gel&aelig;dde,<code>gel&amp;ae;dde</code>,1,0.0003285
356,gel&aelig;t,<code>gel&amp;ae;t</code>,1,0.0003285
356,geleafa,<code>geleafa</code>,1,0.0003285
356,geleaffullum,<code>geleaffullum</code>,1,0.0003285
356,gelede,<code>gelede</code>,1,0.0003285
356,gelicode,<code>gelicode</code>,1,0.0003285
356,gelogod,<code>gelogod</code>,1,0.0003285
356,gelome,<code>gelome</code>,1,0.0003285
356,gelufod,<code>gelufod</code>,1,0.0003285
356,gelyfede,<code>gelyfede</code>,1,0.0003285
356,gemanode,<code>gemanode</code>,1,0.0003285
356,gemundest,<code>gemundest</code>,1,0.0003285
356,gemynde,<code>gemynde</code>,1,0.0003285
356,genam,<code>genam</code>,1,0.0003285
356,geneal&aelig;hte,<code>geneal&amp;ae;hte</code>,1,0.0003285
356,geneosode,<code>geneosode</code>,1,0.0003285
356,geneosodon,<code>geneosodon</code>,1,0.0003285
356,genydde,<code>genydde</code>,1,0.0003285
356,geopena,<code>geopena</code>,1,0.0003285
356,geopenia&eth;,<code>geopenia&amp;d;</code>,1,0.0003285
356,geopenige,<code>geopenige</code>,1,0.0003285
356,geopenodon,<code>geopenodon</code>,1,0.0003285
356,geornlice,<code>geornlice</code>,1,0.0003285
356,gerest,<code>gerest</code>,1,0.0003285
356,gereste,<code>gereste</code>,1,0.0003285
356,gerynu,<code>gerynu</code>,1,0.0003285
356,gesawon,<code>gesawon</code>,1,0.0003285
356,gesceafta,<code>gesceafta</code>,1,0.0003285
356,gesceapene,<code>gesceapene</code>,1,0.0003285
356,gesceop,<code>gesceop</code>,1,0.0003285
356,gescrydde,<code>gescrydde</code>,1,0.0003285
356,gescyldan,<code>gescyldan</code>,1,0.0003285
356,gescylde,<code>gescylde</code>,1,0.0003285
356,gescyldnysse,<code>gescyldnysse</code>,1,0.0003285
356,gescynde,<code>gescynde</code>,1,0.0003285
356,gese&eth;de,<code>gese&amp;d;de</code>,1,0.0003285
356,gesecan,<code>gesecan</code>,1,0.0003285
356,geseh&eth;,<code>geseh&amp;d;</code>,1,0.0003285
356,gesende,<code>gesende</code>,1,0.0003285
356,geseoh,<code>geseoh</code>,1,0.0003285
356,gesih&thorn;e,<code>gesih&amp;t;e</code>,1,0.0003285
356,gesitst,<code>gesitst</code>,1,0.0003285
356,geslea,<code>geslea</code>,1,0.0003285
356,gesohton,<code>gesohton</code>,1,0.0003285
356,geswenca&eth;,<code>geswenca&amp;d;</code>,1,0.0003285
356,geswutela&eth;,<code>geswutela&amp;d;</code>,1,0.0003285
356,geswutelian,<code>geswutelian</code>,1,0.0003285
356,geswutelige,<code>geswutelige</code>,1,0.0003285
356,geswutelod,<code>geswutelod</code>,1,0.0003285
356,geswutelode,<code>geswutelode</code>,1,0.0003285
356,geswutelunge,<code>geswutelunge</code>,1,0.0003285
356,geti&thorn;ode,<code>geti&amp;t;ode</code>,1,0.0003285
356,getiga&eth;,<code>getiga&amp;d;</code>,1,0.0003285
356,getyrigde,<code>getyrigde</code>,1,0.0003285
356,gew&aelig;htan,<code>gew&amp;ae;htan</code>,1,0.0003285
356,gewende,<code>gewende</code>,1,0.0003285
356,gewent,<code>gewent</code>,1,0.0003285
356,gewissode,<code>gewissode</code>,1,0.0003285
356,gewitegode,<code>gewitegode</code>,1,0.0003285
356,gewitnode,<code>gewitnode</code>,1,0.0003285
356,gewittige,<code>gewittige</code>,1,0.0003285
356,geworhtest,<code>geworhtest</code>,1,0.0003285
356,gewreht,<code>gewreht</code>,1,0.0003285
356,gewritum,<code>gewritum</code>,1,0.0003285
356,gewur&thorn;a&eth;,<code>gewur&amp;t;a&amp;d;</code>,1,0.0003285
356,gewylde,<code>gewylde</code>,1,0.0003285
356,gewylt,<code>gewylt</code>,1,0.0003285
356,gife,<code>gife</code>,1,0.0003285
356,goddra,<code>goddra</code>,1,0.0003285
356,godspel,<code>godspel</code>,1,0.0003285
356,godspellere,<code>godspellere</code>,1,0.0003285
356,godum,<code>godum</code>,1,0.0003285
356,gr&aelig;digum,<code>gr&amp;ae;digum</code>,1,0.0003285
356,greclande,<code>greclande</code>,1,0.0003285
356,grund,<code>grund</code>,1,0.0003285
356,gyfum,<code>gyfum</code>,1,0.0003285
356,gymde,<code>gymde</code>,1,0.0003285
356,gymene,<code>gymene</code>,1,0.0003285
356,h&aelig;&eth;enan,<code>h&amp;ae;&amp;d;enan</code>,1,0.0003285
356,h&aelig;&eth;engylda,<code>h&amp;ae;&amp;d;engylda</code>,1,0.0003285
356,h&aelig;&eth;engylde,<code>h&amp;ae;&amp;d;engylde</code>,1,0.0003285
356,h&aelig;&eth;enum,<code>h&amp;ae;&amp;d;enum</code>,1,0.0003285
356,h&aelig;&thorn;en,<code>h&amp;ae;&amp;t;en</code>,1,0.0003285
356,h&aelig;&thorn;ena,<code>h&amp;ae;&amp;t;ena</code>,1,0.0003285
356,h&aelig;&thorn;engyld,<code>h&amp;ae;&amp;t;engyld</code>,1,0.0003285
356,h&aelig;&thorn;engylde,<code>h&amp;ae;&amp;t;engylde</code>,1,0.0003285
356,h&aelig;&thorn;enra,<code>h&amp;ae;&amp;t;enra</code>,1,0.0003285
356,h&aelig;&thorn;enum,<code>h&amp;ae;&amp;t;enum</code>,1,0.0003285
356,h&aelig;lendes,<code>h&amp;ae;lendes</code>,1,0.0003285
356,h&aelig;sum,<code>h&amp;ae;sum</code>,1,0.0003285
356,habban,<code>habban</code>,1,0.0003285
356,halgena,<code>halgena</code>,1,0.0003285
356,halgum,<code>halgum</code>,1,0.0003285
356,haligre,<code>haligre</code>,1,0.0003285
356,handgeweorc,<code>handgeweorc</code>,1,0.0003285
356,hangodon,<code>hangodon</code>,1,0.0003285
356,hefitymre,<code>hefitymre</code>,1,0.0003285
356,heofenan,<code>heofenan</code>,1,0.0003285
356,heofenlice,<code>heofenlice</code>,1,0.0003285
356,heofenlicum,<code>heofenlicum</code>,1,0.0003285
356,heofnan,<code>heofnan</code>,1,0.0003285
356,heofonas,<code>heofonas</code>,1,0.0003285
356,heofonlice,<code>heofonlice</code>,1,0.0003285
356,herode,<code>herode</code>,1,0.0003285
356,herodes,<code>herodes</code>,1,0.0003285
356,herunge,<code>herunge</code>,1,0.0003285
356,hired,<code>hired</code>,1,0.0003285
356,hlaforde,<code>hlaforde</code>,1,0.0003285
356,hopan,<code>hopan</code>,1,0.0003285
356,hr&aelig;dlice,<code>hr&amp;ae;dlice</code>,1,0.0003285
356,hra&eth;e,<code>hra&amp;d;e</code>,1,0.0003285
356,hry&thorn;eru,<code>hry&amp;t;eru</code>,1,0.0003285
356,hundeahtatig,<code>hundeahtatig</code>,1,0.0003285
356,hundteontig,<code>hundteontig</code>,1,0.0003285
356,hw&aelig;r,<code>hw&amp;ae;r</code>,1,0.0003285
356,hwi,<code>hwi</code>,1,0.0003285
356,hwilwendlican,<code>hwilwendlican</code>,1,0.0003285
356,hwilwendlice,<code>hwilwendlice</code>,1,0.0003285
356,hwit,<code>hwit</code>,1,0.0003285
356,hwonlice,<code>hwonlice</code>,1,0.0003285
356,hwylc,<code>hwylc</code>,1,0.0003285
356,hylde,<code>hylde</code>,1,0.0003285
356,iherusalem,<code>iherusalem</code>,1,0.0003285
356,ihrusalem,<code>ihrusalem</code>,1,0.0003285
356,inwerdlice,<code>inwerdlice</code>,1,0.0003285
356,iohanne,<code>iohanne</code>,1,0.0003285
356,iohannem,<code>iohannem</code>,1,0.0003285
356,isaiam,<code>isaiam</code>,1,0.0003285
356,isaias,<code>isaias</code>,1,0.0003285
356,isenan,<code>isenan</code>,1,0.0003285
356,ispanian,<code>ispanian</code>,1,0.0003285
356,israhela,<code>israhela</code>,1,0.0003285
356,iudeisc,<code>iudeisc</code>,1,0.0003285
356,iudeisces,<code>iudeisces</code>,1,0.0003285
356,iudeiscre,<code>iudeiscre</code>,1,0.0003285
356,iudeiscum,<code>iudeiscum</code>,1,0.0003285
356,kalendas,<code>kalendas</code>,1,0.0003285
356,l&aelig;da&eth;,<code>l&amp;ae;da&amp;d;</code>,1,0.0003285
356,l&aelig;dan,<code>l&amp;ae;dan</code>,1,0.0003285
356,l&aelig;s,<code>l&amp;ae;s</code>,1,0.0003285
356,la,<code>la</code>,1,0.0003285
356,lac,<code>lac</code>,1,0.0003285
356,lacnunga,<code>lacnunga</code>,1,0.0003285
356,lambes,<code>lambes</code>,1,0.0003285
356,langsumere,<code>langsumere</code>,1,0.0003285
356,lareowa,<code>lareowa</code>,1,0.0003285
356,leasum,<code>leasum</code>,1,0.0003285
356,leoda,<code>leoda</code>,1,0.0003285
356,leodscipe,<code>leodscipe</code>,1,0.0003285
356,leodum,<code>leodum</code>,1,0.0003285
356,leof,<code>leof</code>,1,0.0003285
356,leofa&eth;,<code>leofa&amp;d;</code>,1,0.0003285
356,leofostan,<code>leofostan</code>,1,0.0003285
356,leorningcniht,<code>leorningcniht</code>,1,0.0003285
356,leorningcnihtas,<code>leorningcnihtas</code>,1,0.0003285
356,lice,<code>lice</code>,1,0.0003285
356,licgende,<code>licgende</code>,1,0.0003285
356,lif,<code>lif</code>,1,0.0003285
356,lig,<code>lig</code>,1,0.0003285
356,linum,<code>linum</code>,1,0.0003285
356,lisse,<code>lisse</code>,1,0.0003285
356,locu,<code>locu</code>,1,0.0003285
356,lof,<code>lof</code>,1,0.0003285
356,lufe,<code>lufe</code>,1,0.0003285
356,lymum,<code>lymum</code>,1,0.0003285
356,m&aelig;g,<code>m&amp;ae;g</code>,1,0.0003285
356,m&aelig;gen&thorn;rymme,<code>m&amp;ae;gen&amp;t;rymme</code>,1,0.0003285
356,m&aelig;gen&thorn;rymnysse,<code>m&amp;ae;gen&amp;t;rymnysse</code>,1,0.0003285
356,m&aelig;ig,<code>m&amp;ae;ig</code>,1,0.0003285
356,m&aelig;re,<code>m&amp;ae;re</code>,1,0.0003285
356,ma,<code>ma</code>,1,0.0003285
356,macode,<code>macode</code>,1,0.0003285
356,mage,<code>mage</code>,1,0.0003285
356,mand&aelig;dum,<code>mand&amp;ae;dum</code>,1,0.0003285
356,manega,<code>manega</code>,1,0.0003285
356,marmanstane,<code>marmanstane</code>,1,0.0003285
356,marmstangedelfe,<code>marmstangedelfe</code>,1,0.0003285
356,martiras,<code>martiras</code>,1,0.0003285
356,martiris,<code>martiris</code>,1,0.0003285
356,meder,<code>meder</code>,1,0.0003285
356,meniu,<code>meniu</code>,1,0.0003285
356,micclan,<code>micclan</code>,1,0.0003285
356,micel,<code>micel</code>,1,0.0003285
356,micele,<code>micele</code>,1,0.0003285
356,middre,<code>middre</code>,1,0.0003285
356,miht,<code>miht</code>,1,0.0003285
356,mildheortnysse,<code>mildheortnysse</code>,1,0.0003285
356,miltse,<code>miltse</code>,1,0.0003285
356,miltsunge,<code>miltsunge</code>,1,0.0003285
356,missahel,<code>missahel</code>,1,0.0003285
356,mod,<code>mod</code>,1,0.0003285
356,modor,<code>modor</code>,1,0.0003285
356,mona&eth;,<code>mona&amp;d;</code>,1,0.0003285
356,myrh&eth;e,<code>myrh&amp;d;e</code>,1,0.0003285
356,n&aelig;ddre,<code>n&amp;ae;ddre</code>,1,0.0003285
356,n&aelig;re,<code>n&amp;ae;re</code>,1,0.0003285
356,n&aelig;ron,<code>n&amp;ae;ron</code>,1,0.0003285
356,na,<code>na</code>,1,0.0003285
356,na&thorn;or,<code>na&amp;t;or</code>,1,0.0003285
356,nabochodenossor,<code>nabochodenossor</code>,1,0.0003285
356,namcu&eth;lice,<code>namcu&amp;d;lice</code>,1,0.0003285
356,nanum,<code>nanum</code>,1,0.0003285
356,nat,<code>nat</code>,1,0.0003285
356,natale,<code>natale</code>,1,0.0003285
356,neadunga,<code>neadunga</code>,1,0.0003285
356,neawiste,<code>neawiste</code>,1,0.0003285
356,neoda,<code>neoda</code>,1,0.0003285
356,neorcsenawanges,<code>neorcsenawanges</code>,1,0.0003285
356,nigon,<code>nigon</code>,1,0.0003285
356,niht,<code>niht</code>,1,0.0003285
356,nim,<code>nim</code>,1,0.0003285
356,niniue,<code>niniue</code>,1,0.0003285
356,niwe,<code>niwe</code>,1,0.0003285
356,niwerenan,<code>niwerenan</code>,1,0.0003285
356,nosu,<code>nosu</code>,1,0.0003285
356,nyste,<code>nyste</code>,1,0.0003285
356,o&eth;,<code>o&amp;d;</code>,1,0.0003285
356,o&thorn;rum,<code>o&amp;t;rum</code>,1,0.0003285
356,oferwan,<code>oferwan</code>,1,0.0003285
356,ofsloh,<code>ofsloh</code>,1,0.0003285
356,oftogen,<code>oftogen</code>,1,0.0003285
356,on&aelig;ldon,<code>on&amp;ae;ldon</code>,1,0.0003285
356,oncn&aelig;w&eth;,<code>oncn&amp;ae;w&amp;d;</code>,1,0.0003285
356,ondr&aelig;don,<code>ondr&amp;ae;don</code>,1,0.0003285
356,onetton,<code>onetton</code>,1,0.0003285
356,ongeon,<code>ongeon</code>,1,0.0003285
356,onlihte,<code>onlihte</code>,1,0.0003285
356,onweg,<code>onweg</code>,1,0.0003285
356,openre,<code>openre</code>,1,0.0003285
356,orm&aelig;te,<code>orm&amp;ae;te</code>,1,0.0003285
356,orsorh,<code>orsorh</code>,1,0.0003285
356,paules,<code>paules</code>,1,0.0003285
356,paulus,<code>paulus</code>,1,0.0003285
356,petrum,<code>petrum</code>,1,0.0003285
356,petrus,<code>petrus</code>,1,0.0003285
356,purpuran,<code>purpuran</code>,1,0.0003285
356,racenteagum,<code>racenteagum</code>,1,0.0003285
356,rapsacen,<code>rapsacen</code>,1,0.0003285
356,re&thorn;a,<code>re&amp;t;a</code>,1,0.0003285
356,re&thorn;an,<code>re&amp;t;an</code>,1,0.0003285
356,re&thorn;e,<code>re&amp;t;e</code>,1,0.0003285
356,reaf,<code>reaf</code>,1,0.0003285
356,reafere,<code>reafere</code>,1,0.0003285
356,rehton,<code>rehton</code>,1,0.0003285
356,reste,<code>reste</code>,1,0.0003285
356,rican,<code>rican</code>,1,0.0003285
356,rices,<code>rices</code>,1,0.0003285
356,rihtinge,<code>rihtinge</code>,1,0.0003285
356,rihtwisan,<code>rihtwisan</code>,1,0.0003285
356,rihtwisnysse,<code>rihtwisnysse</code>,1,0.0003285
356,rihtwisra,<code>rihtwisra</code>,1,0.0003285
356,rixa&eth;,<code>rixa&amp;d;</code>,1,0.0003285
356,romana,<code>romana</code>,1,0.0003285
356,romaniscre,<code>romaniscre</code>,1,0.0003285
356,ryfterum,<code>ryfterum</code>,1,0.0003285
356,rymde,<code>rymde</code>,1,0.0003285
356,s&aelig;grunde,<code>s&amp;ae;grunde</code>,1,0.0003285
356,s&aelig;le,<code>s&amp;ae;le</code>,1,0.0003285
356,s&aelig;strande,<code>s&amp;ae;strande</code>,1,0.0003285
356,sancti,<code>sancti</code>,1,0.0003285
356,sande,<code>sande</code>,1,0.0003285
356,sarig,<code>sarig</code>,1,0.0003285
356,scea&thorn;an,<code>scea&amp;t;an</code>,1,0.0003285
356,sceap,<code>sceap</code>,1,0.0003285
356,sceawode,<code>sceawode</code>,1,0.0003285
356,sceoldon,<code>sceoldon</code>,1,0.0003285
356,scinende,<code>scinende</code>,1,0.0003285
356,scip,<code>scip</code>,1,0.0003285
356,scipe,<code>scipe</code>,1,0.0003285
356,scira,<code>scira</code>,1,0.0003285
356,scr&aelig;fe,<code>scr&amp;ae;fe</code>,1,0.0003285
356,scylde,<code>scylde</code>,1,0.0003285
356,se&thorn;ungum,<code>se&amp;t;ungum</code>,1,0.0003285
356,sea&eth;,<code>sea&amp;d;</code>,1,0.0003285
356,sealmscop,<code>sealmscop</code>,1,0.0003285
356,secga&eth;,<code>secga&amp;d;</code>,1,0.0003285
356,secge,<code>secge</code>,1,0.0003285
356,sendon,<code>sendon</code>,1,0.0003285
356,seofo&thorn;an,<code>seofo&amp;t;an</code>,1,0.0003285
356,setle,<code>setle</code>,1,0.0003285
356,si&eth;,<code>si&amp;d;</code>,1,0.0003285
356,sidan,<code>sidan</code>,1,0.0003285
356,sit,<code>sit</code>,1,0.0003285
356,sittende,<code>sittende</code>,1,0.0003285
356,sl&aelig;pe,<code>sl&amp;ae;pe</code>,1,0.0003285
356,slapende,<code>slapende</code>,1,0.0003285
356,slege,<code>slege</code>,1,0.0003285
356,sloh,<code>sloh</code>,1,0.0003285
356,smeaga&eth;,<code>smeaga&amp;d;</code>,1,0.0003285
356,so&eth;,<code>so&amp;d;</code>,1,0.0003285
356,so&eth;a,<code>so&amp;d;a</code>,1,0.0003285
356,so&thorn;um,<code>so&amp;t;um</code>,1,0.0003285
356,softum,<code>softum</code>,1,0.0003285
356,spedigan,<code>spedigan</code>,1,0.0003285
356,spedum,<code>spedum</code>,1,0.0003285
356,st&aelig;nene,<code>st&amp;ae;nene</code>,1,0.0003285
356,standan,<code>standan</code>,1,0.0003285
356,standende,<code>standende</code>,1,0.0003285
356,streame,<code>streame</code>,1,0.0003285
356,stuntum,<code>stuntum</code>,1,0.0003285
356,styrunge,<code>styrunge</code>,1,0.0003285
356,suna,<code>suna</code>,1,0.0003285
356,sunu,<code>sunu</code>,1,0.0003285
356,swegde,<code>swegde</code>,1,0.0003285
356,swegende,<code>swegende</code>,1,0.0003285
356,swi&eth;e,<code>swi&amp;d;e</code>,1,0.0003285
356,swi&eth;lice,<code>swi&amp;d;lice</code>,1,0.0003285
356,swi&thorn;e,<code>swi&amp;t;e</code>,1,0.0003285
356,swi&thorn;ost,<code>swi&amp;t;ost</code>,1,0.0003285
356,swiftum,<code>swiftum</code>,1,0.0003285
356,swilce,<code>swilce</code>,1,0.0003285
356,swuran,<code>swuran</code>,1,0.0003285
356,swurde,<code>swurde</code>,1,0.0003285
356,swurdes,<code>swurdes</code>,1,0.0003285
356,swutelum,<code>swutelum</code>,1,0.0003285
356,syle,<code>syle</code>,1,0.0003285
356,sylfne,<code>sylfne</code>,1,0.0003285
356,sylfum,<code>sylfum</code>,1,0.0003285
356,synnum,<code>synnum</code>,1,0.0003285
356,syrian,<code>syrian</code>,1,0.0003285
356,tacna,<code>tacna</code>,1,0.0003285
356,tacne,<code>tacne</code>,1,0.0003285
356,tale,<code>tale</code>,1,0.0003285
356,talu,<code>talu</code>,1,0.0003285
356,ti&thorn;e,<code>ti&amp;t;e</code>,1,0.0003285
356,tide,<code>tide</code>,1,0.0003285
356,tihtendlicum,<code>tihtendlicum</code>,1,0.0003285
356,timan,<code>timan</code>,1,0.0003285
356,tintregum,<code>tintregum</code>,1,0.0003285
356,tobrytte,<code>tobrytte</code>,1,0.0003285
356,tocnawon,<code>tocnawon</code>,1,0.0003285
356,tocyme,<code>tocyme</code>,1,0.0003285
356,tocymes,<code>tocymes</code>,1,0.0003285
356,tod&aelig;g,<code>tod&amp;ae;g</code>,1,0.0003285
356,tod&aelig;ig,<code>tod&amp;ae;ig</code>,1,0.0003285
356,togebicnode,<code>togebicnode</code>,1,0.0003285
356,tolet,<code>tolet</code>,1,0.0003285
356,toscoc,<code>toscoc</code>,1,0.0003285
356,tot&aelig;ron,<code>tot&amp;ae;ron</code>,1,0.0003285
356,towende,<code>towende</code>,1,0.0003285
356,toworpene,<code>toworpene</code>,1,0.0003285
356,trahianum,<code>trahianum</code>,1,0.0003285
356,treowene,<code>treowene</code>,1,0.0003285
356,trumra,<code>trumra</code>,1,0.0003285
356,tungan,<code>tungan</code>,1,0.0003285
356,twam,<code>twam</code>,1,0.0003285
356,twelf,<code>twelf</code>,1,0.0003285
356,under,<code>under</code>,1,0.0003285
356,under&thorn;eodde,<code>under&amp;t;eodde</code>,1,0.0003285
356,under&thorn;eoddum,<code>under&amp;t;eoddum</code>,1,0.0003285
356,underfeng,<code>underfeng</code>,1,0.0003285
356,undergeat,<code>undergeat</code>,1,0.0003285
356,undyde,<code>undyde</code>,1,0.0003285
356,unforht,<code>unforht</code>,1,0.0003285
356,ungederod,<code>ungederod</code>,1,0.0003285
356,ungeleaffullan,<code>ungeleaffullan</code>,1,0.0003285
356,unsc&aelig;&eth;&eth;ignys,<code>unsc&amp;ae;&amp;d;&amp;d;ignys</code>,1,0.0003285
356,unsc&aelig;&eth;&eth;inys,<code>unsc&amp;ae;&amp;d;&amp;d;inys</code>,1,0.0003285
356,unscyldige,<code>unscyldige</code>,1,0.0003285
356,untrum,<code>untrum</code>,1,0.0003285
356,upstige,<code>upstige</code>,1,0.0003285
356,viiii,<code>viiii</code>,1,0.0003285
356,w&aelig;lhr&aelig;wum,<code>w&amp;ae;lhr&amp;ae;wum</code>,1,0.0003285
356,w&aelig;lhreowan,<code>w&amp;ae;lhreowan</code>,1,0.0003285
356,w&aelig;lhreowne,<code>w&amp;ae;lhreowne</code>,1,0.0003285
356,w&aelig;re,<code>w&amp;ae;re</code>,1,0.0003285
356,w&aelig;ter,<code>w&amp;ae;ter</code>,1,0.0003285
356,w&aelig;ter&aelig;ddran,<code>w&amp;ae;ter&amp;ae;ddran</code>,1,0.0003285
356,wanspedigan,<code>wanspedigan</code>,1,0.0003285
356,wealdend,<code>wealdend</code>,1,0.0003285
356,wealdenda,<code>wealdenda</code>,1,0.0003285
356,weallendum,<code>weallendum</code>,1,0.0003285
356,wear&thorn;,<code>wear&amp;t;</code>,1,0.0003285
356,weld&aelig;da,<code>weld&amp;ae;da</code>,1,0.0003285
356,weld&aelig;dum,<code>weld&amp;ae;dum</code>,1,0.0003285
356,welerum,<code>welerum</code>,1,0.0003285
356,weorces,<code>weorces</code>,1,0.0003285
356,were,<code>were</code>,1,0.0003285
356,weres,<code>weres</code>,1,0.0003285
356,weroda,<code>weroda</code>,1,0.0003285
356,wi&thorn;erwinnan,<code>wi&amp;t;erwinnan</code>,1,0.0003285
356,willan,<code>willan</code>,1,0.0003285
356,wisan,<code>wisan</code>,1,0.0003285
356,wison,<code>wison</code>,1,0.0003285
356,witan,<code>witan</code>,1,0.0003285
356,witodlice,<code>witodlice</code>,1,0.0003285
356,witum,<code>witum</code>,1,0.0003285
356,woldon,<code>woldon</code>,1,0.0003285
356,worde,<code>worde</code>,1,0.0003285
356,wordum,<code>wordum</code>,1,0.0003285
356,wr&aelig;csi&eth;e,<code>wr&amp;ae;csi&amp;d;e</code>,1,0.0003285
356,wr&aelig;csi&eth;odon,<code>wr&amp;ae;csi&amp;d;odon</code>,1,0.0003285
356,wr&aelig;csi&thorn;e,<code>wr&amp;ae;csi&amp;t;e</code>,1,0.0003285
356,wrehton,<code>wrehton</code>,1,0.0003285
356,wri&thorn;an,<code>wri&amp;t;an</code>,1,0.0003285
356,wuldor,<code>wuldor</code>,1,0.0003285
356,wuna&eth;,<code>wuna&amp;d;</code>,1,0.0003285
356,wundor,<code>wundor</code>,1,0.0003285
356,wundra,<code>wundra</code>,1,0.0003285
356,wur&eth;ast,<code>wur&amp;d;ast</code>,1,0.0003285
356,wur&thorn;mynt,<code>wur&amp;t;mynt</code>,1,0.0003285
356,wur&thorn;odon,<code>wur&amp;t;odon</code>,1,0.0003285
356,wydewan,<code>wydewan</code>,1,0.0003285
356,wylla&eth;,<code>wylla&amp;d;</code>,1,0.0003285
356,wylspring,<code>wylspring</code>,1,0.0003285
356,wylspringes,<code>wylspringes</code>,1,0.0003285
356,wyrcende,<code>wyrcende</code>,1,0.0003285
356,ymbren,<code>ymbren</code>,1,0.0003285
356,ymbrenes,<code>ymbrenes</code>,1,0.0003285
356,ymsettum,<code>ymsettum</code>,1,0.0003285
356,yrnende,<code>yrnende</code>,1,0.0003285
