B_Prose,B01,B01.001.029_AECHom_I__27_T02360.txt,970,630,2658
RANK,HTML WORD,RAW WORD,COUNT,RELATIVE FREQUENCY
1,&amp;,<code>&amp;amp;</code>,118,0.0443943
2,he,<code>he</code>,80,0.0300978
3,on,<code>on</code>,62,0.0233258
4,to,<code>to</code>,55,0.0206922
5,mid,<code>mid</code>,52,0.0195636
6,&thorn;a,<code>&amp;t;a</code>,48,0.0180587
7,his,<code>his</code>,45,0.0169300
8,&thorn;am,<code>&amp;t;am</code>,44,0.0165538
9,&thorn;e,<code>&amp;t;e</code>,39,0.0146727
10,se,<code>se</code>,34,0.0127916
11,&thorn;&aelig;t,<code>&amp;t;&amp;ae;t</code>,32,0.0120391
12,for,<code>for</code>,31,0.0116629
13,him,<code>him</code>,29,0.0109105
14,&thorn;&aelig;re,<code>&amp;t;&amp;ae;re</code>,27,0.0101580
15,godes,<code>godes</code>,26,0.0097818
15,swa,<code>swa</code>,26,0.0097818
17,hi,<code>hi</code>,25,0.0094056
18,&eth;a,<code>&amp;d;a</code>,21,0.0079007
18,&eth;e,<code>&amp;d;e</code>,21,0.0079007
20,is,<code>is</code>,20,0.0075245
20,w&aelig;s,<code>w&amp;ae;s</code>,20,0.0075245
22,bi&eth;,<code>bi&amp;d;</code>,19,0.0071482
23,ac,<code>ac</code>,17,0.0063958
23,ealle,<code>ealle</code>,17,0.0063958
25,beo&eth;,<code>beo&amp;d;</code>,16,0.0060196
26,ne,<code>ne</code>,15,0.0056433
27,cristes,<code>cristes</code>,13,0.0048909
27,hw&aelig;t,<code>hw&amp;ae;t</code>,13,0.0048909
27,ic,<code>ic</code>,13,0.0048909
27,twelf,<code>twelf</code>,13,0.0048909
31,&thorn;u,<code>&amp;t;u</code>,12,0.0045147
31,be,<code>be</code>,12,0.0045147
31,ge,<code>ge</code>,12,0.0045147
34,hine,<code>hine</code>,11,0.0041384
35,&thorn;&aelig;s,<code>&amp;t;&amp;ae;s</code>,10,0.0037622
35,&thorn;ing,<code>&amp;t;ing</code>,10,0.0037622
35,&thorn;onne,<code>&amp;t;onne</code>,10,0.0037622
35,&thorn;urh,<code>&amp;t;urh</code>,10,0.0037622
35,naman,<code>naman</code>,10,0.0037622
40,&thorn;one,<code>&amp;t;one</code>,9,0.0033860
40,o&eth;&eth;e,<code>o&amp;d;&amp;d;e</code>,9,0.0033860
40,of,<code>of</code>,9,0.0033860
40,seo,<code>seo</code>,9,0.0033860
44,&aelig;t,<code>&amp;ae;t</code>,8,0.0030098
44,andwyrde,<code>andwyrde</code>,8,0.0030098
44,gode,<code>gode</code>,8,0.0030098
44,manna,<code>manna</code>,8,0.0030098
44,me,<code>me</code>,8,0.0030098
44,micelre,<code>micelre</code>,8,0.0030098
44,we,<code>we</code>,8,0.0030098
51,&aelig;,<code>&amp;ae;</code>,7,0.0026336
51,&aelig;hta,<code>&amp;ae;hta</code>,7,0.0026336
51,&thorn;&aelig;ra,<code>&amp;t;&amp;ae;ra</code>,7,0.0026336
51,&thorn;an,<code>&amp;t;an</code>,7,0.0026336
51,fram,<code>fram</code>,7,0.0026336
51,h&aelig;lend,<code>h&amp;ae;lend</code>,7,0.0026336
51,heora,<code>heora</code>,7,0.0026336
51,witegan,<code>witegan</code>,7,0.0026336
59,&eth;u,<code>&amp;d;u</code>,6,0.0022573
59,&thorn;us,<code>&amp;t;us</code>,6,0.0022573
59,apostolum,<code>apostolum</code>,6,0.0022573
59,byrig,<code>byrig</code>,6,0.0022573
59,cw&aelig;&eth;,<code>cw&amp;ae;&amp;d;</code>,6,0.0022573
59,forleton,<code>forleton</code>,6,0.0022573
59,halgan,<code>halgan</code>,6,0.0022573
59,nu,<code>nu</code>,6,0.0022573
59,ongean,<code>ongean</code>,6,0.0022573
59,paulus,<code>paulus</code>,6,0.0022573
59,twa,<code>twa</code>,6,0.0022573
59,us,<code>us</code>,6,0.0022573
59,wear&eth;,<code>wear&amp;d;</code>,6,0.0022573
72,&aelig;fter,<code>&amp;ae;fter</code>,5,0.0018811
72,&thorn;ysum,<code>&amp;t;ysum</code>,5,0.0018811
72,apostoli,<code>apostoli</code>,5,0.0018811
72,buton,<code>buton</code>,5,0.0018811
72,ealdan,<code>ealdan</code>,5,0.0018811
72,f&aelig;der,<code>f&amp;ae;der</code>,5,0.0018811
72,forl&aelig;t,<code>forl&amp;ae;t</code>,5,0.0018811
72,forlet,<code>forlet</code>,5,0.0018811
72,min,<code>min</code>,5,0.0018811
72,minum,<code>minum</code>,5,0.0018811
72,petrus,<code>petrus</code>,5,0.0018811
72,sume,<code>sume</code>,5,0.0018811
72,sy&eth;&eth;an,<code>sy&amp;d;&amp;d;an</code>,5,0.0018811
72,woruld&thorn;ing,<code>woruld&amp;t;ing</code>,5,0.0018811
86,&eth;&aelig;t,<code>&amp;d;&amp;ae;t</code>,4,0.0015049
86,&eth;am,<code>&amp;d;am</code>,4,0.0015049
86,&thorn;egen,<code>&amp;t;egen</code>,4,0.0015049
86,&thorn;i,<code>&amp;t;i</code>,4,0.0015049
86,&thorn;is,<code>&amp;t;is</code>,4,0.0015049
86,and,<code>and</code>,4,0.0015049
86,bodunge,<code>bodunge</code>,4,0.0015049
86,cristenra,<code>cristenra</code>,4,0.0015049
86,cwe&thorn;ende,<code>cwe&amp;t;ende</code>,4,0.0015049
86,eac,<code>eac</code>,4,0.0015049
86,eallum,<code>eallum</code>,4,0.0015049
86,ehtst,<code>ehtst</code>,4,0.0015049
86,eow,<code>eow</code>,4,0.0015049
86,ferde,<code>ferde</code>,4,0.0015049
86,for&eth;,<code>for&amp;d;</code>,4,0.0015049
86,fylia&eth;,<code>fylia&amp;d;</code>,4,0.0015049
86,geleafan,<code>geleafan</code>,4,0.0015049
86,gesih&eth;e,<code>gesih&amp;d;e</code>,4,0.0015049
86,getacnunge,<code>getacnunge</code>,4,0.0015049
86,getel,<code>getel</code>,4,0.0015049
86,giezi,<code>giezi</code>,4,0.0015049
86,h&aelig;f&eth;,<code>h&amp;ae;f&amp;d;</code>,4,0.0015049
86,hit,<code>hit</code>,4,0.0015049
86,hu,<code>hu</code>,4,0.0015049
86,lare,<code>lare</code>,4,0.0015049
86,lichaman,<code>lichaman</code>,4,0.0015049
86,manegum,<code>manegum</code>,4,0.0015049
86,mannum,<code>mannum</code>,4,0.0015049
86,micclum,<code>micclum</code>,4,0.0015049
86,micel,<code>micel</code>,4,0.0015049
86,middaneardes,<code>middaneardes</code>,4,0.0015049
86,mines,<code>mines</code>,4,0.0015049
86,na,<code>na</code>,4,0.0015049
86,ofer,<code>ofer</code>,4,0.0015049
86,stemne,<code>stemne</code>,4,0.0015049
86,sumere,<code>sumere</code>,4,0.0015049
86,willan,<code>willan</code>,4,0.0015049
123,&aelig;r,<code>&amp;ae;r</code>,3,0.0011287
123,&eth;&aelig;ra,<code>&amp;d;&amp;ae;ra</code>,3,0.0011287
123,&thorn;&aelig;r,<code>&amp;t;&amp;ae;r</code>,3,0.0011287
123,&thorn;&aelig;rtoeacan,<code>&amp;t;&amp;ae;rtoeacan</code>,3,0.0011287
123,&thorn;as,<code>&amp;t;as</code>,3,0.0011287
123,&thorn;in,<code>&amp;t;in</code>,3,0.0011287
123,acennednys,<code>acennednys</code>,3,0.0011287
123,ana,<code>ana</code>,3,0.0011287
123,anum,<code>anum</code>,3,0.0011287
123,apostola,<code>apostola</code>,3,0.0011287
123,bearn,<code>bearn</code>,3,0.0011287
123,betwux,<code>betwux</code>,3,0.0011287
123,binnon,<code>binnon</code>,3,0.0011287
123,com,<code>com</code>,3,0.0011287
123,crist,<code>crist</code>,3,0.0011287
123,cristenan,<code>cristenan</code>,3,0.0011287
123,cwyde,<code>cwyde</code>,3,0.0011287
123,d&aelig;ge,<code>d&amp;ae;ge</code>,3,0.0011287
123,dema&eth;,<code>dema&amp;d;</code>,3,0.0011287
123,dome,<code>dome</code>,3,0.0011287
123,drohtnunge,<code>drohtnunge</code>,3,0.0011287
123,dydon,<code>dydon</code>,3,0.0011287
123,ecan,<code>ecan</code>,3,0.0011287
123,ece,<code>ece</code>,3,0.0011287
123,edcynninge,<code>edcynninge</code>,3,0.0011287
123,ehte,<code>ehte</code>,3,0.0011287
123,ehtere,<code>ehtere</code>,3,0.0011287
123,fela,<code>fela</code>,3,0.0011287
123,gade,<code>gade</code>,3,0.0011287
123,gecnyrdnysse,<code>gecnyrdnysse</code>,3,0.0011287
123,geedcynnede,<code>geedcynnede</code>,3,0.0011287
123,gespr&aelig;c,<code>gespr&amp;ae;c</code>,3,0.0011287
123,gif,<code>gif</code>,3,0.0011287
123,h&aelig;se,<code>h&amp;ae;se</code>,3,0.0011287
123,hundfealdum,<code>hundfealdum</code>,3,0.0011287
123,hwi,<code>hwi</code>,3,0.0011287
123,israhela,<code>israhela</code>,3,0.0011287
123,iudeiscan,<code>iudeiscan</code>,3,0.0011287
123,lif,<code>lif</code>,3,0.0011287
123,lifes,<code>lifes</code>,3,0.0011287
123,mann,<code>mann</code>,3,0.0011287
123,micele,<code>micele</code>,3,0.0011287
123,mihte,<code>mihte</code>,3,0.0011287
123,moder,<code>moder</code>,3,0.0011287
123,naaman,<code>naaman</code>,3,0.0011287
123,nan,<code>nan</code>,3,0.0011287
123,nis,<code>nis</code>,3,0.0011287
123,nolde,<code>nolde</code>,3,0.0011287
123,o&thorn;er,<code>o&amp;t;er</code>,3,0.0011287
123,rice,<code>rice</code>,3,0.0011287
123,saule,<code>saule</code>,3,0.0011287
123,spr&aelig;c,<code>spr&amp;ae;c</code>,3,0.0011287
123,sum,<code>sum</code>,3,0.0011287
123,swilce,<code>swilce</code>,3,0.0011287
123,sylfum,<code>sylfum</code>,3,0.0011287
123,underfeh&eth;,<code>underfeh&amp;d;</code>,3,0.0011287
123,wi&eth;,<code>wi&amp;d;</code>,3,0.0011287
123,wi&eth;ercorenra,<code>wi&amp;d;ercorenra</code>,3,0.0011287
123,witega,<code>witega</code>,3,0.0011287
123,wordum,<code>wordum</code>,3,0.0011287
183,&aelig;htum,<code>&amp;ae;htum</code>,2,0.0007524
183,&aelig;ig&thorn;er,<code>&amp;ae;ig&amp;t;er</code>,2,0.0007524
183,&aelig;lc,<code>&amp;ae;lc</code>,2,0.0007524
183,&aelig;lmihtigan,<code>&amp;ae;lmihtigan</code>,2,0.0007524
183,&aelig;rist,<code>&amp;ae;rist</code>,2,0.0007524
183,&aelig;riste,<code>&amp;ae;riste</code>,2,0.0007524
183,&thorn;eahhw&aelig;&eth;ere,<code>&amp;t;eahhw&amp;ae;&amp;d;ere</code>,2,0.0007524
183,&thorn;eode,<code>&amp;t;eode</code>,2,0.0007524
183,&thorn;eowan,<code>&amp;t;eowan</code>,2,0.0007524
183,&thorn;es,<code>&amp;t;es</code>,2,0.0007524
183,&thorn;ingum,<code>&amp;t;ingum</code>,2,0.0007524
183,&thorn;inra,<code>&amp;t;inra</code>,2,0.0007524
183,&thorn;riddan,<code>&amp;t;riddan</code>,2,0.0007524
183,&thorn;ysre,<code>&amp;t;ysre</code>,2,0.0007524
183,agenre,<code>agenre</code>,2,0.0007524
183,agenum,<code>agenum</code>,2,0.0007524
183,annania,<code>annania</code>,2,0.0007524
183,annanian,<code>annanian</code>,2,0.0007524
183,annanias,<code>annanias</code>,2,0.0007524
183,anr&aelig;dnysse,<code>anr&amp;ae;dnysse</code>,2,0.0007524
183,anre,<code>anre</code>,2,0.0007524
183,ar&aelig;red,<code>ar&amp;ae;red</code>,2,0.0007524
183,aras,<code>aras</code>,2,0.0007524
183,aris,<code>aris</code>,2,0.0007524
183,astreht,<code>astreht</code>,2,0.0007524
183,awende,<code>awende</code>,2,0.0007524
183,becom,<code>becom</code>,2,0.0007524
183,befran,<code>befran</code>,2,0.0007524
183,bylde,<code>bylde</code>,2,0.0007524
183,cempan,<code>cempan</code>,2,0.0007524
183,clypung,<code>clypung</code>,2,0.0007524
183,cnapa,<code>cnapa</code>,2,0.0007524
183,criste,<code>criste</code>,2,0.0007524
183,cwy&eth;,<code>cwy&amp;d;</code>,2,0.0007524
183,cy&eth;&eth;e,<code>cy&amp;d;&amp;d;e</code>,2,0.0007524
183,d&aelig;l,<code>d&amp;ae;l</code>,2,0.0007524
183,daga,<code>daga</code>,2,0.0007524
183,dea&eth;,<code>dea&amp;d;</code>,2,0.0007524
183,dea&eth;e,<code>dea&amp;d;e</code>,2,0.0007524
183,dest,<code>dest</code>,2,0.0007524
183,dom,<code>dom</code>,2,0.0007524
183,domsetlum,<code>domsetlum</code>,2,0.0007524
183,drihten,<code>drihten</code>,2,0.0007524
183,dyde,<code>dyde</code>,2,0.0007524
183,eagum,<code>eagum</code>,2,0.0007524
183,eall,<code>eall</code>,2,0.0007524
183,ealles,<code>ealles</code>,2,0.0007524
183,eart,<code>eart</code>,2,0.0007524
183,ecum,<code>ecum</code>,2,0.0007524
183,edlean,<code>edlean</code>,2,0.0007524
183,edleane,<code>edleane</code>,2,0.0007524
183,eft,<code>eft</code>,2,0.0007524
183,ehtnysse,<code>ehtnysse</code>,2,0.0007524
183,eliseum,<code>eliseum</code>,2,0.0007524
183,endebyrdnyss,<code>endebyrdnyss</code>,2,0.0007524
183,eom,<code>eom</code>,2,0.0007524
183,eor&thorn;an,<code>eor&amp;t;an</code>,2,0.0007524
183,f&aelig;rlice,<code>f&amp;ae;rlice</code>,2,0.0007524
183,far,<code>far</code>,2,0.0007524
183,fare,<code>fare</code>,2,0.0007524
183,feower,<code>feower</code>,2,0.0007524
183,folgode,<code>folgode</code>,2,0.0007524
183,forgolden,<code>forgolden</code>,2,0.0007524
183,forme,<code>forme</code>,2,0.0007524
183,forseo&eth;,<code>forseo&amp;d;</code>,2,0.0007524
183,fulluhte,<code>fulluhte</code>,2,0.0007524
183,fyrste,<code>fyrste</code>,2,0.0007524
183,gaste,<code>gaste</code>,2,0.0007524
183,gastes,<code>gastes</code>,2,0.0007524
183,gastlican,<code>gastlican</code>,2,0.0007524
183,gastlice,<code>gastlice</code>,2,0.0007524
183,gebro&eth;ru,<code>gebro&amp;d;ru</code>,2,0.0007524
183,gebro&thorn;ru,<code>gebro&amp;t;ru</code>,2,0.0007524
183,gebytlu,<code>gebytlu</code>,2,0.0007524
183,gecoren,<code>gecoren</code>,2,0.0007524
183,gecorenan,<code>gecorenan</code>,2,0.0007524
183,gecyrrednysse,<code>gecyrrednysse</code>,2,0.0007524
183,geefenl&aelig;ca&eth;,<code>geefenl&amp;ae;ca&amp;d;</code>,2,0.0007524
183,gefera,<code>gefera</code>,2,0.0007524
183,geferena,<code>geferena</code>,2,0.0007524
183,gefullode,<code>gefullode</code>,2,0.0007524
183,gegearcod,<code>gegearcod</code>,2,0.0007524
183,gehyrde,<code>gehyrde</code>,2,0.0007524
183,geleafa,<code>geleafa</code>,2,0.0007524
183,geleaffullum,<code>geleaffullum</code>,2,0.0007524
183,geleaffulra,<code>geleaffulra</code>,2,0.0007524
183,geseah,<code>geseah</code>,2,0.0007524
183,geset,<code>geset</code>,2,0.0007524
183,gesette,<code>gesette</code>,2,0.0007524
183,gewende,<code>gewende</code>,2,0.0007524
183,gewritum,<code>gewritum</code>,2,0.0007524
183,gife,<code>gife</code>,2,0.0007524
183,gitsunge,<code>gitsunge</code>,2,0.0007524
183,godspel,<code>godspel</code>,2,0.0007524
183,h&aelig;lende,<code>h&amp;ae;lende</code>,2,0.0007524
183,habba&eth;,<code>habba&amp;d;</code>,2,0.0007524
183,habban,<code>habban</code>,2,0.0007524
183,heape,<code>heape</code>,2,0.0007524
183,heofonum,<code>heofonum</code>,2,0.0007524
183,hlaford,<code>hlaford</code>,2,0.0007524
183,hyre,<code>hyre</code>,2,0.0007524
183,iudan,<code>iudan</code>,2,0.0007524
183,land,<code>land</code>,2,0.0007524
183,lande,<code>lande</code>,2,0.0007524
183,leodscipe,<code>leodscipe</code>,2,0.0007524
183,leodscipum,<code>leodscipum</code>,2,0.0007524
183,leof,<code>leof</code>,2,0.0007524
183,lufon,<code>lufon</code>,2,0.0007524
183,m&aelig;gen&thorn;rymmes,<code>m&amp;ae;gen&amp;t;rymmes</code>,2,0.0007524
183,m&aelig;ig&eth;um,<code>m&amp;ae;ig&amp;d;um</code>,2,0.0007524
183,m&aelig;ran,<code>m&amp;ae;ran</code>,2,0.0007524
183,magon,<code>magon</code>,2,0.0007524
183,maran,<code>maran</code>,2,0.0007524
183,menn,<code>menn</code>,2,0.0007524
183,moste,<code>moste</code>,2,0.0007524
183,munuchades,<code>munuchades</code>,2,0.0007524
183,n&aelig;fde,<code>n&amp;ae;fde</code>,2,0.0007524
183,nama,<code>nama</code>,2,0.0007524
183,o&eth;,<code>o&amp;d;</code>,2,0.0007524
183,o&thorn;re,<code>o&amp;t;re</code>,2,0.0007524
183,paulum,<code>paulum</code>,2,0.0007524
183,pund,<code>pund</code>,2,0.0007524
183,s&aelig;,<code>s&amp;ae;</code>,2,0.0007524
183,samod,<code>samod</code>,2,0.0007524
183,saulum,<code>saulum</code>,2,0.0007524
183,saulus,<code>saulus</code>,2,0.0007524
183,sceal,<code>sceal</code>,2,0.0007524
183,sceattas,<code>sceattas</code>,2,0.0007524
183,sceattum,<code>sceattum</code>,2,0.0007524
183,sceolon,<code>sceolon</code>,2,0.0007524
183,scep,<code>scep</code>,2,0.0007524
183,scrud,<code>scrud</code>,2,0.0007524
183,secge,<code>secge</code>,2,0.0007524
183,sette,<code>sette</code>,2,0.0007524
183,sind,<code>sind</code>,2,0.0007524
183,sittan,<code>sittan</code>,2,0.0007524
183,sitte,<code>sitte</code>,2,0.0007524
183,so&eth;,<code>so&amp;d;</code>,2,0.0007524
183,so&eth;lice,<code>so&amp;d;lice</code>,2,0.0007524
183,spurne,<code>spurne</code>,2,0.0007524
183,sumne,<code>sumne</code>,2,0.0007524
183,sunu,<code>sunu</code>,2,0.0007524
183,sy,<code>sy</code>,2,0.0007524
183,synna,<code>synna</code>,2,0.0007524
183,syrewunge,<code>syrewunge</code>,2,0.0007524
183,teolode,<code>teolode</code>,2,0.0007524
183,tihte,<code>tihte</code>,2,0.0007524
183,togeanes,<code>togeanes</code>,2,0.0007524
183,twelffealde,<code>twelffealde</code>,2,0.0007524
183,underfeng,<code>underfeng</code>,2,0.0007524
183,ure,<code>ure</code>,2,0.0007524
183,weall,<code>weall</code>,2,0.0007524
183,wege,<code>wege</code>,2,0.0007524
183,werod,<code>werod</code>,2,0.0007524
183,wif,<code>wif</code>,2,0.0007524
183,wilian,<code>wilian</code>,2,0.0007524
183,wite,<code>wite</code>,2,0.0007524
183,wolde,<code>wolde</code>,2,0.0007524
341,&aelig;lcere,<code>&amp;ae;lcere</code>,1,0.0003762
341,&aelig;lcum,<code>&amp;ae;lcum</code>,1,0.0003762
341,&aelig;lmihtig,<code>&amp;ae;lmihtig</code>,1,0.0003762
341,&aelig;ne,<code>&amp;ae;ne</code>,1,0.0003762
341,&aelig;nige,<code>&amp;ae;nige</code>,1,0.0003762
341,&aelig;rendgewritu,<code>&amp;ae;rendgewritu</code>,1,0.0003762
341,&aelig;rest,<code>&amp;ae;rest</code>,1,0.0003762
341,&aelig;teowde,<code>&amp;ae;teowde</code>,1,0.0003762
341,&aelig;tes,<code>&amp;ae;tes</code>,1,0.0003762
341,&aelig;tforan,<code>&amp;ae;tforan</code>,1,0.0003762
341,&eth;&aelig;r,<code>&amp;d;&amp;ae;r</code>,1,0.0003762
341,&eth;&aelig;rtoeacan,<code>&amp;d;&amp;ae;rtoeacan</code>,1,0.0003762
341,&eth;as,<code>&amp;d;as</code>,1,0.0003762
341,&eth;eah,<code>&amp;d;eah</code>,1,0.0003762
341,&eth;eoda,<code>&amp;d;eoda</code>,1,0.0003762
341,&eth;es,<code>&amp;d;es</code>,1,0.0003762
341,&eth;in,<code>&amp;d;in</code>,1,0.0003762
341,&eth;ing,<code>&amp;d;ing</code>,1,0.0003762
341,&eth;inga,<code>&amp;d;inga</code>,1,0.0003762
341,&eth;one,<code>&amp;d;one</code>,1,0.0003762
341,&eth;onne,<code>&amp;d;onne</code>,1,0.0003762
341,&eth;rowa&eth;,<code>&amp;d;rowa&amp;d;</code>,1,0.0003762
341,&eth;rowian,<code>&amp;d;rowian</code>,1,0.0003762
341,&eth;ry,<code>&amp;d;ry</code>,1,0.0003762
341,&eth;ysum,<code>&amp;d;ysum</code>,1,0.0003762
341,&thorn;&aelig;rrihte,<code>&amp;t;&amp;ae;rrihte</code>,1,0.0003762
341,&thorn;anca,<code>&amp;t;anca</code>,1,0.0003762
341,&thorn;eah,<code>&amp;t;eah</code>,1,0.0003762
341,&thorn;eahhw&aelig;&thorn;ere,<code>&amp;t;eahhw&amp;ae;&amp;t;ere</code>,1,0.0003762
341,&thorn;eawum,<code>&amp;t;eawum</code>,1,0.0003762
341,&thorn;enunge,<code>&amp;t;enunge</code>,1,0.0003762
341,&thorn;eoda,<code>&amp;t;eoda</code>,1,0.0003762
341,&thorn;eodum,<code>&amp;t;eodum</code>,1,0.0003762
341,&thorn;eowas,<code>&amp;t;eowas</code>,1,0.0003762
341,&thorn;inre,<code>&amp;t;inre</code>,1,0.0003762
341,&thorn;reo,<code>&amp;t;reo</code>,1,0.0003762
341,&thorn;reora,<code>&amp;t;reora</code>,1,0.0003762
341,&thorn;reotteo&eth;e,<code>&amp;t;reotteo&amp;d;e</code>,1,0.0003762
341,&thorn;ridde,<code>&amp;t;ridde</code>,1,0.0003762
341,&thorn;rowia&eth;,<code>&amp;t;rowia&amp;d;</code>,1,0.0003762
341,&thorn;rowian,<code>&amp;t;rowian</code>,1,0.0003762
341,&thorn;rowode,<code>&amp;t;rowode</code>,1,0.0003762
341,&thorn;rowunge,<code>&amp;t;rowunge</code>,1,0.0003762
341,&thorn;urste,<code>&amp;t;urste</code>,1,0.0003762
341,&thorn;y,<code>&amp;t;y</code>,1,0.0003762
341,&thorn;ysne,<code>&amp;t;ysne</code>,1,0.0003762
341,ablendum,<code>ablendum</code>,1,0.0003762
341,ablicgede,<code>ablicgede</code>,1,0.0003762
341,abrude,<code>abrude</code>,1,0.0003762
341,acennede,<code>acennede</code>,1,0.0003762
341,acwealde,<code>acwealde</code>,1,0.0003762
341,acwellan,<code>acwellan</code>,1,0.0003762
341,ad,<code>ad</code>,1,0.0003762
341,afeollon,<code>afeollon</code>,1,0.0003762
341,afylled,<code>afylled</code>,1,0.0003762
341,agenne,<code>agenne</code>,1,0.0003762
341,alet,<code>alet</code>,1,0.0003762
341,aleton,<code>aleton</code>,1,0.0003762
341,alihte,<code>alihte</code>,1,0.0003762
341,alyfdan,<code>alyfdan</code>,1,0.0003762
341,alysednysse,<code>alysednysse</code>,1,0.0003762
341,amen,<code>amen</code>,1,0.0003762
341,an,<code>an</code>,1,0.0003762
341,andan,<code>andan</code>,1,0.0003762
341,andbidiende,<code>andbidiende</code>,1,0.0003762
341,andlyfene,<code>andlyfene</code>,1,0.0003762
341,andwerdnysse,<code>andwerdnysse</code>,1,0.0003762
341,anfealdum,<code>anfealdum</code>,1,0.0003762
341,apostol,<code>apostol</code>,1,0.0003762
341,apostole,<code>apostole</code>,1,0.0003762
341,apostolica,<code>apostolica</code>,1,0.0003762
341,arf&aelig;sta,<code>arf&amp;ae;sta</code>,1,0.0003762
341,arf&aelig;stne,<code>arf&amp;ae;stne</code>,1,0.0003762
341,arisende,<code>arisende</code>,1,0.0003762
341,arleasa,<code>arleasa</code>,1,0.0003762
341,arleasan,<code>arleasan</code>,1,0.0003762
341,asend,<code>asend</code>,1,0.0003762
341,asenda&eth;,<code>asenda&amp;d;</code>,1,0.0003762
341,asende,<code>asende</code>,1,0.0003762
341,asendon,<code>asendon</code>,1,0.0003762
341,asprang,<code>asprang</code>,1,0.0003762
341,astreccan,<code>astreccan</code>,1,0.0003762
341,astrehte,<code>astrehte</code>,1,0.0003762
341,asyndrede,<code>asyndrede</code>,1,0.0003762
341,asyndrode,<code>asyndrode</code>,1,0.0003762
341,ateorigendlican,<code>ateorigendlican</code>,1,0.0003762
341,awearp,<code>awearp</code>,1,0.0003762
341,awyriedan,<code>awyriedan</code>,1,0.0003762
341,awyrigedan,<code>awyrigedan</code>,1,0.0003762
341,awyrigedum,<code>awyrigedum</code>,1,0.0003762
341,barnaban,<code>barnaban</code>,1,0.0003762
341,barnabas,<code>barnabas</code>,1,0.0003762
341,bead,<code>bead</code>,1,0.0003762
341,beah,<code>beah</code>,1,0.0003762
341,bearnum,<code>bearnum</code>,1,0.0003762
341,bebodum,<code>bebodum</code>,1,0.0003762
341,bedigolode,<code>bedigolode</code>,1,0.0003762
341,beeodon,<code>beeodon</code>,1,0.0003762
341,begriwen,<code>begriwen</code>,1,0.0003762
341,begytan,<code>begytan</code>,1,0.0003762
341,behwyrfde,<code>behwyrfde</code>,1,0.0003762
341,bel&aelig;wan,<code>bel&amp;ae;wan</code>,1,0.0003762
341,bel&aelig;wde,<code>bel&amp;ae;wde</code>,1,0.0003762
341,belimp&eth;,<code>belimp&amp;d;</code>,1,0.0003762
341,besarga&eth;,<code>besarga&amp;d;</code>,1,0.0003762
341,besargode,<code>besargode</code>,1,0.0003762
341,beslagen,<code>beslagen</code>,1,0.0003762
341,beswang,<code>beswang</code>,1,0.0003762
341,beswungen,<code>beswungen</code>,1,0.0003762
341,bewerigend,<code>bewerigend</code>,1,0.0003762
341,biddende,<code>biddende</code>,1,0.0003762
341,bileofan,<code>bileofan</code>,1,0.0003762
341,biscopas,<code>biscopas</code>,1,0.0003762
341,biwiste,<code>biwiste</code>,1,0.0003762
341,blindne,<code>blindne</code>,1,0.0003762
341,boda&eth;,<code>boda&amp;d;</code>,1,0.0003762
341,bodade,<code>bodade</code>,1,0.0003762
341,bro&eth;or,<code>bro&amp;d;or</code>,1,0.0003762
341,bruc,<code>bruc</code>,1,0.0003762
341,bydel,<code>bydel</code>,1,0.0003762
341,bylewite,<code>bylewite</code>,1,0.0003762
341,byri,<code>byri</code>,1,0.0003762
341,ceastre,<code>ceastre</code>,1,0.0003762
341,cildhade,<code>cildhade</code>,1,0.0003762
341,cnapan,<code>cnapan</code>,1,0.0003762
341,co&eth;e,<code>co&amp;d;e</code>,1,0.0003762
341,come,<code>come</code>,1,0.0003762
341,comon,<code>comon</code>,1,0.0003762
341,cr&aelig;fte,<code>cr&amp;ae;fte</code>,1,0.0003762
341,cr&aelig;te,<code>cr&amp;ae;te</code>,1,0.0003762
341,cristenum,<code>cristenum</code>,1,0.0003762
341,cuma&eth;,<code>cuma&amp;d;</code>,1,0.0003762
341,cw&aelig;don,<code>cw&amp;ae;don</code>,1,0.0003762
341,cwe&eth;,<code>cwe&amp;d;</code>,1,0.0003762
341,cwe&thorn;endum,<code>cwe&amp;t;endum</code>,1,0.0003762
341,cwearterne,<code>cwearterne</code>,1,0.0003762
341,cwearternum,<code>cwearternum</code>,1,0.0003762
341,cy&eth;eres,<code>cy&amp;d;eres</code>,1,0.0003762
341,cy&thorn;an,<code>cy&amp;t;an</code>,1,0.0003762
341,cydde,<code>cydde</code>,1,0.0003762
341,cyle,<code>cyle</code>,1,0.0003762
341,cynegum,<code>cynegum</code>,1,0.0003762
341,d&aelig;ig,<code>d&amp;ae;ig</code>,1,0.0003762
341,d&aelig;l&eth;,<code>d&amp;ae;l&amp;d;</code>,1,0.0003762
341,d&aelig;la&eth;,<code>d&amp;ae;la&amp;d;</code>,1,0.0003762
341,dagas,<code>dagas</code>,1,0.0003762
341,dagum,<code>dagum</code>,1,0.0003762
341,damascum,<code>damascum</code>,1,0.0003762
341,de&eth;,<code>de&amp;d;</code>,1,0.0003762
341,deadne,<code>deadne</code>,1,0.0003762
341,dema,<code>dema</code>,1,0.0003762
341,deman,<code>deman</code>,1,0.0003762
341,demeras,<code>demeras</code>,1,0.0003762
341,deofle,<code>deofle</code>,1,0.0003762
341,deorwur&thorn;e,<code>deorwur&amp;t;e</code>,1,0.0003762
341,dera&eth;,<code>dera&amp;d;</code>,1,0.0003762
341,derigendlic,<code>derigendlic</code>,1,0.0003762
341,digeles,<code>digeles</code>,1,0.0003762
341,digelnysse,<code>digelnysse</code>,1,0.0003762
341,dixit,<code>dixit</code>,1,0.0003762
341,do&eth;,<code>do&amp;d;</code>,1,0.0003762
341,domsettlum,<code>domsettlum</code>,1,0.0003762
341,don,<code>don</code>,1,0.0003762
341,donne,<code>donne</code>,1,0.0003762
341,drihtenlican,<code>drihtenlican</code>,1,0.0003762
341,drihtne,<code>drihtne</code>,1,0.0003762
341,drohtniende,<code>drohtniende</code>,1,0.0003762
341,drohtnunga,<code>drohtnunga</code>,1,0.0003762
341,eadigan,<code>eadigan</code>,1,0.0003762
341,eadmodnyss,<code>eadmodnyss</code>,1,0.0003762
341,eagan,<code>eagan</code>,1,0.0003762
341,ealdorbiscopa,<code>ealdorbiscopa</code>,1,0.0003762
341,ealdorbiscopum,<code>ealdorbiscopum</code>,1,0.0003762
341,eallra,<code>eallra</code>,1,0.0003762
341,ealre,<code>ealre</code>,1,0.0003762
341,earfo&eth;hylde,<code>earfo&amp;d;hylde</code>,1,0.0003762
341,eawf&aelig;stnysse,<code>eawf&amp;ae;stnysse</code>,1,0.0003762
341,ebreiscum,<code>ebreiscum</code>,1,0.0003762
341,ecce,<code>ecce</code>,1,0.0003762
341,ecelice,<code>ecelice</code>,1,0.0003762
341,ecnysse,<code>ecnysse</code>,1,0.0003762
341,efenl&aelig;cendra,<code>efenl&amp;ae;cendra</code>,1,0.0003762
341,efenl&aelig;cunge,<code>efenl&amp;ae;cunge</code>,1,0.0003762
341,efne,<code>efne</code>,1,0.0003762
341,egle,<code>egle</code>,1,0.0003762
341,ehteras,<code>ehteras</code>,1,0.0003762
341,embe,<code>embe</code>,1,0.0003762
341,endebyrdnys,<code>endebyrdnys</code>,1,0.0003762
341,endebyrdnyssum,<code>endebyrdnyssum</code>,1,0.0003762
341,eode,<code>eode</code>,1,0.0003762
341,eornystum,<code>eornystum</code>,1,0.0003762
341,et,<code>et</code>,1,0.0003762
341,f&aelig;ce,<code>f&amp;ae;ce</code>,1,0.0003762
341,f&aelig;deras,<code>f&amp;ae;deras</code>,1,0.0003762
341,f&aelig;derlice,<code>f&amp;ae;derlice</code>,1,0.0003762
341,f&aelig;derum,<code>f&amp;ae;derum</code>,1,0.0003762
341,f&aelig;r,<code>f&amp;ae;r</code>,1,0.0003762
341,f&aelig;rlicum,<code>f&amp;ae;rlicum</code>,1,0.0003762
341,f&aelig;tels,<code>f&amp;ae;tels</code>,1,0.0003762
341,facne,<code>facne</code>,1,0.0003762
341,feallende,<code>feallende</code>,1,0.0003762
341,feawa,<code>feawa</code>,1,0.0003762
341,feo,<code>feo</code>,1,0.0003762
341,feoh,<code>feoh</code>,1,0.0003762
341,feoll,<code>feoll</code>,1,0.0003762
341,feollon,<code>feollon</code>,1,0.0003762
341,ferdon,<code>ferdon</code>,1,0.0003762
341,filigdon,<code>filigdon</code>,1,0.0003762
341,fiscere,<code>fiscere</code>,1,0.0003762
341,fl&aelig;sclic,<code>fl&amp;ae;sclic</code>,1,0.0003762
341,fl&aelig;sclice,<code>fl&amp;ae;sclice</code>,1,0.0003762
341,fleringe,<code>fleringe</code>,1,0.0003762
341,for&eth;d&aelig;da,<code>for&amp;d;d&amp;ae;da</code>,1,0.0003762
341,forbugenne,<code>forbugenne</code>,1,0.0003762
341,fordemede,<code>fordemede</code>,1,0.0003762
341,foresceawie,<code>foresceawie</code>,1,0.0003762
341,foresceawode,<code>foresceawode</code>,1,0.0003762
341,forespreca,<code>forespreca</code>,1,0.0003762
341,forfleah,<code>forfleah</code>,1,0.0003762
341,forfleon,<code>forfleon</code>,1,0.0003762
341,forgyfene,<code>forgyfene</code>,1,0.0003762
341,forl&aelig;ta&eth;,<code>forl&amp;ae;ta&amp;d;</code>,1,0.0003762
341,forl&aelig;tan,<code>forl&amp;ae;tan</code>,1,0.0003762
341,forl&aelig;te,<code>forl&amp;ae;te</code>,1,0.0003762
341,forl&aelig;tenne,<code>forl&amp;ae;tenne</code>,1,0.0003762
341,forleas,<code>forleas</code>,1,0.0003762
341,forman,<code>forman</code>,1,0.0003762
341,forsawon,<code>forsawon</code>,1,0.0003762
341,fr&aelig;cednysse,<code>fr&amp;ae;cednysse</code>,1,0.0003762
341,fremede,<code>fremede</code>,1,0.0003762
341,frym&thorn;e,<code>frym&amp;t;e</code>,1,0.0003762
341,fulfremed,<code>fulfremed</code>,1,0.0003762
341,fulfremede,<code>fulfremede</code>,1,0.0003762
341,fulfremedlic,<code>fulfremedlic</code>,1,0.0003762
341,fulfremednysse,<code>fulfremednysse</code>,1,0.0003762
341,fyligde,<code>fyligde</code>,1,0.0003762
341,fylige,<code>fylige</code>,1,0.0003762
341,fylmene,<code>fylmene</code>,1,0.0003762
341,fyre,<code>fyre</code>,1,0.0003762
341,fyrhte,<code>fyrhte</code>,1,0.0003762
341,gast,<code>gast</code>,1,0.0003762
341,gastlic,<code>gastlic</code>,1,0.0003762
341,gastlicere,<code>gastlicere</code>,1,0.0003762
341,gastum,<code>gastum</code>,1,0.0003762
341,ge&thorn;afode,<code>ge&amp;t;afode</code>,1,0.0003762
341,ge&thorn;afunge,<code>ge&amp;t;afunge</code>,1,0.0003762
341,ge&thorn;anc,<code>ge&amp;t;anc</code>,1,0.0003762
341,ge&thorn;ance,<code>ge&amp;t;ance</code>,1,0.0003762
341,ge&thorn;ing&thorn;e,<code>ge&amp;t;ing&amp;t;e</code>,1,0.0003762
341,ge&thorn;ingc&eth;e,<code>ge&amp;t;ingc&amp;d;e</code>,1,0.0003762
341,ge&thorn;rowade,<code>ge&amp;t;rowade</code>,1,0.0003762
341,ge&thorn;uht,<code>ge&amp;t;uht</code>,1,0.0003762
341,gear,<code>gear</code>,1,0.0003762
341,geare,<code>geare</code>,1,0.0003762
341,geate,<code>geate</code>,1,0.0003762
341,gebedum,<code>gebedum</code>,1,0.0003762
341,gebindan,<code>gebindan</code>,1,0.0003762
341,gebletsode,<code>gebletsode</code>,1,0.0003762
341,gebringan,<code>gebringan</code>,1,0.0003762
341,gebro&thorn;rum,<code>gebro&amp;t;rum</code>,1,0.0003762
341,gebude,<code>gebude</code>,1,0.0003762
341,gebysnunga,<code>gebysnunga</code>,1,0.0003762
341,gecorennysse,<code>gecorennysse</code>,1,0.0003762
341,gecorenra,<code>gecorenra</code>,1,0.0003762
341,gecu&eth;l&aelig;hte,<code>gecu&amp;d;l&amp;ae;hte</code>,1,0.0003762
341,gecum,<code>gecum</code>,1,0.0003762
341,gecweden,<code>gecweden</code>,1,0.0003762
341,gecyr&eth;,<code>gecyr&amp;d;</code>,1,0.0003762
341,gecyrde,<code>gecyrde</code>,1,0.0003762
341,gecyrredum,<code>gecyrredum</code>,1,0.0003762
341,gedafenige,<code>gedafenige</code>,1,0.0003762
341,gedemed,<code>gedemed</code>,1,0.0003762
341,gedemede,<code>gedemede</code>,1,0.0003762
341,gedon,<code>gedon</code>,1,0.0003762
341,geefenl&aelig;hton,<code>geefenl&amp;ae;hton</code>,1,0.0003762
341,geendebyrde,<code>geendebyrde</code>,1,0.0003762
341,geeuenl&aelig;can,<code>geeuenl&amp;ae;can</code>,1,0.0003762
341,geferan,<code>geferan</code>,1,0.0003762
341,gefrefrod,<code>gefrefrod</code>,1,0.0003762
341,gefremmed,<code>gefremmed</code>,1,0.0003762
341,gefylled,<code>gefylled</code>,1,0.0003762
341,geh&aelig;lde,<code>geh&amp;ae;lde</code>,1,0.0003762
341,gehaten,<code>gehaten</code>,1,0.0003762
341,gehe&aelig;lde,<code>gehe&amp;ae;lde</code>,1,0.0003762
341,gehylt,<code>gehylt</code>,1,0.0003762
341,gehyrdon,<code>gehyrdon</code>,1,0.0003762
341,gehyrsuma&eth;,<code>gehyrsuma&amp;d;</code>,1,0.0003762
341,gehyrsumnysse,<code>gehyrsumnysse</code>,1,0.0003762
341,gel&aelig;d,<code>gel&amp;ae;d</code>,1,0.0003762
341,gel&aelig;dan,<code>gel&amp;ae;dan</code>,1,0.0003762
341,gel&aelig;ddon,<code>gel&amp;ae;ddon</code>,1,0.0003762
341,gel&aelig;st,<code>gel&amp;ae;st</code>,1,0.0003762
341,gela&eth;ung,<code>gela&amp;d;ung</code>,1,0.0003762
341,gela&eth;unge,<code>gela&amp;d;unge</code>,1,0.0003762
341,gelamp,<code>gelamp</code>,1,0.0003762
341,geleaffullan,<code>geleaffullan</code>,1,0.0003762
341,geleanod,<code>geleanod</code>,1,0.0003762
341,gelice,<code>gelice</code>,1,0.0003762
341,gelomlice,<code>gelomlice</code>,1,0.0003762
341,gem&aelig;nelice,<code>gem&amp;ae;nelice</code>,1,0.0003762
341,gem&aelig;nelicum,<code>gem&amp;ae;nelicum</code>,1,0.0003762
341,gem&aelig;num,<code>gem&amp;ae;num</code>,1,0.0003762
341,gemanan,<code>gemanan</code>,1,0.0003762
341,gemette,<code>gemette</code>,1,0.0003762
341,genamon,<code>genamon</code>,1,0.0003762
341,geneal&aelig;c&eth;,<code>geneal&amp;ae;c&amp;d;</code>,1,0.0003762
341,genim,<code>genim</code>,1,0.0003762
341,geopenian,<code>geopenian</code>,1,0.0003762
341,ger&aelig;d,<code>ger&amp;ae;d</code>,1,0.0003762
341,gereht,<code>gereht</code>,1,0.0003762
341,gereonodon,<code>gereonodon</code>,1,0.0003762
341,gereorde,<code>gereorde</code>,1,0.0003762
341,ges&aelig;d,<code>ges&amp;ae;d</code>,1,0.0003762
341,ges&aelig;lig,<code>ges&amp;ae;lig</code>,1,0.0003762
341,gescynde,<code>gescynde</code>,1,0.0003762
341,geseh,<code>geseh</code>,1,0.0003762
341,geseo,<code>geseo</code>,1,0.0003762
341,gesetnysse,<code>gesetnysse</code>,1,0.0003762
341,gesprecan,<code>gesprecan</code>,1,0.0003762
341,gest&aelig;ned,<code>gest&amp;ae;ned</code>,1,0.0003762
341,gesta&thorn;elode,<code>gesta&amp;t;elode</code>,1,0.0003762
341,gestrynan,<code>gestrynan</code>,1,0.0003762
341,gesundfulnysse,<code>gesundfulnysse</code>,1,0.0003762
341,geswencte,<code>geswencte</code>,1,0.0003762
341,gesweostru,<code>gesweostru</code>,1,0.0003762
341,geswic,<code>geswic</code>,1,0.0003762
341,geswystru,<code>geswystru</code>,1,0.0003762
341,getacnod,<code>getacnod</code>,1,0.0003762
341,getacnunga,<code>getacnunga</code>,1,0.0003762
341,getacnungum,<code>getacnungum</code>,1,0.0003762
341,getealde,<code>getealde</code>,1,0.0003762
341,getele,<code>getele</code>,1,0.0003762
341,getimian,<code>getimian</code>,1,0.0003762
341,getogen,<code>getogen</code>,1,0.0003762
341,getrymde,<code>getrymde</code>,1,0.0003762
341,gew&aelig;da,<code>gew&amp;ae;da</code>,1,0.0003762
341,gewelgode,<code>gewelgode</code>,1,0.0003762
341,gewinn,<code>gewinn</code>,1,0.0003762
341,gewita&eth;,<code>gewita&amp;d;</code>,1,0.0003762
341,gewitendlice,<code>gewitendlice</code>,1,0.0003762
341,geworhte,<code>geworhte</code>,1,0.0003762
341,gewrit,<code>gewrit</code>,1,0.0003762
341,git,<code>git</code>,1,0.0003762
341,gitsung,<code>gitsung</code>,1,0.0003762
341,god,<code>god</code>,1,0.0003762
341,godcundan,<code>godcundan</code>,1,0.0003762
341,gretinge,<code>gretinge</code>,1,0.0003762
341,gyldenum,<code>gyldenum</code>,1,0.0003762
341,gyrn&eth;,<code>gyrn&amp;d;</code>,1,0.0003762
341,h&aelig;&thorn;enan,<code>h&amp;ae;&amp;t;enan</code>,1,0.0003762
341,h&aelig;&thorn;enra,<code>h&amp;ae;&amp;t;enra</code>,1,0.0003762
341,h&aelig;bbe,<code>h&amp;ae;bbe</code>,1,0.0003762
341,h&aelig;bbende,<code>h&amp;ae;bbende</code>,1,0.0003762
341,h&aelig;fdon,<code>h&amp;ae;fdon</code>,1,0.0003762
341,h&aelig;l&eth;e,<code>h&amp;ae;l&amp;d;e</code>,1,0.0003762
341,hades,<code>hades</code>,1,0.0003762
341,hafa,<code>hafa</code>,1,0.0003762
341,halga,<code>halga</code>,1,0.0003762
341,halgena,<code>halgena</code>,1,0.0003762
341,handa,<code>handa</code>,1,0.0003762
341,handcr&aelig;fte,<code>handcr&amp;ae;fte</code>,1,0.0003762
341,handlinga,<code>handlinga</code>,1,0.0003762
341,heafod,<code>heafod</code>,1,0.0003762
341,heahf&aelig;deras,<code>heahf&amp;ae;deras</code>,1,0.0003762
341,heap,<code>heap</code>,1,0.0003762
341,hearma&eth;,<code>hearma&amp;d;</code>,1,0.0003762
341,helwarum,<code>helwarum</code>,1,0.0003762
341,heo,<code>heo</code>,1,0.0003762
341,heofenan,<code>heofenan</code>,1,0.0003762
341,heofenlican,<code>heofenlican</code>,1,0.0003762
341,heofonan,<code>heofonan</code>,1,0.0003762
341,heortan,<code>heortan</code>,1,0.0003762
341,het,<code>het</code>,1,0.0003762
341,hete,<code>hete</code>,1,0.0003762
341,hierusalem,<code>hierusalem</code>,1,0.0003762
341,hiredes,<code>hiredes</code>,1,0.0003762
341,hirusalem,<code>hirusalem</code>,1,0.0003762
341,hremde,<code>hremde</code>,1,0.0003762
341,hreofla,<code>hreofla</code>,1,0.0003762
341,hreoflan,<code>hreoflan</code>,1,0.0003762
341,hrepa&eth;,<code>hrepa&amp;d;</code>,1,0.0003762
341,hreppe,<code>hreppe</code>,1,0.0003762
341,humeta,<code>humeta</code>,1,0.0003762
341,hundfeald,<code>hundfeald</code>,1,0.0003762
341,hundfealdon,<code>hundfealdon</code>,1,0.0003762
341,hungre,<code>hungre</code>,1,0.0003762
341,hwa,<code>hwa</code>,1,0.0003762
341,hwanon,<code>hwanon</code>,1,0.0003762
341,hwearftlode,<code>hwearftlode</code>,1,0.0003762
341,hwilwendlice,<code>hwilwendlice</code>,1,0.0003762
341,iesum,<code>iesum</code>,1,0.0003762
341,intingan,<code>intingan</code>,1,0.0003762
341,into,<code>into</code>,1,0.0003762
341,israh&aelig;la,<code>israh&amp;ae;la</code>,1,0.0003762
341,iudea,<code>iudea</code>,1,0.0003762
341,iudeiscre,<code>iudeiscre</code>,1,0.0003762
341,iudeiscum,<code>iudeiscum</code>,1,0.0003762
341,iulii,<code>iulii</code>,1,0.0003762
341,kalendas,<code>kalendas</code>,1,0.0003762
341,l&aelig;renne,<code>l&amp;ae;renne</code>,1,0.0003762
341,la,<code>la</code>,1,0.0003762
341,lambe,<code>lambe</code>,1,0.0003762
341,langere,<code>langere</code>,1,0.0003762
341,lara,<code>lara</code>,1,0.0003762
341,lareow,<code>lareow</code>,1,0.0003762
341,lareowdom,<code>lareowdom</code>,1,0.0003762
341,lareowe,<code>lareowe</code>,1,0.0003762
341,leane,<code>leane</code>,1,0.0003762
341,leode,<code>leode</code>,1,0.0003762
341,leofodon,<code>leofodon</code>,1,0.0003762
341,leoht,<code>leoht</code>,1,0.0003762
341,leton,<code>leton</code>,1,0.0003762
341,leui,<code>leui</code>,1,0.0003762
341,liccetende,<code>liccetende</code>,1,0.0003762
341,lichamlice,<code>lichamlice</code>,1,0.0003762
341,life,<code>life</code>,1,0.0003762
341,lof,<code>lof</code>,1,0.0003762
341,losia&eth;,<code>losia&amp;d;</code>,1,0.0003762
341,lufe,<code>lufe</code>,1,0.0003762
341,lufode,<code>lufode</code>,1,0.0003762
341,lybba&eth;,<code>lybba&amp;d;</code>,1,0.0003762
341,lyma,<code>lyma</code>,1,0.0003762
341,lytel,<code>lytel</code>,1,0.0003762
341,lytle,<code>lytle</code>,1,0.0003762
341,m&aelig;g&eth;um,<code>m&amp;ae;g&amp;d;um</code>,1,0.0003762
341,m&aelig;ig,<code>m&amp;ae;ig</code>,1,0.0003762
341,m&aelig;ig&eth;,<code>m&amp;ae;ig&amp;d;</code>,1,0.0003762
341,m&aelig;ig&eth;a,<code>m&amp;ae;ig&amp;d;a</code>,1,0.0003762
341,m&aelig;ssepreostas,<code>m&amp;ae;ssepreostas</code>,1,0.0003762
341,man,<code>man</code>,1,0.0003762
341,mancynne,<code>mancynne</code>,1,0.0003762
341,manega,<code>manega</code>,1,0.0003762
341,martyrdom,<code>martyrdom</code>,1,0.0003762
341,martyrdome,<code>martyrdome</code>,1,0.0003762
341,mede,<code>mede</code>,1,0.0003762
341,meder,<code>meder</code>,1,0.0003762
341,men,<code>men</code>,1,0.0003762
341,menine,<code>menine</code>,1,0.0003762
341,mennisc,<code>mennisc</code>,1,0.0003762
341,merien,<code>merien</code>,1,0.0003762
341,midspr&#275;ca,<code>midspr&amp;e;ca</code>,1,0.0003762
341,miht,<code>miht</code>,1,0.0003762
341,miltsung&aelig;,<code>miltsung&amp;ae;</code>,1,0.0003762
341,minne,<code>minne</code>,1,0.0003762
341,minre,<code>minre</code>,1,0.0003762
341,mislicum,<code>mislicum</code>,1,0.0003762
341,mode,<code>mode</code>,1,0.0003762
341,modes,<code>modes</code>,1,0.0003762
341,modignys,<code>modignys</code>,1,0.0003762
341,mon&thorn;as,<code>mon&amp;t;as</code>,1,0.0003762
341,mona&eth;,<code>mona&amp;d;</code>,1,0.0003762
341,moton,<code>moton</code>,1,0.0003762
341,munecum,<code>munecum</code>,1,0.0003762
341,munuclicere,<code>munuclicere</code>,1,0.0003762
341,mynegungum,<code>mynegungum</code>,1,0.0003762
341,mynsterlicere,<code>mynsterlicere</code>,1,0.0003762
341,mynstres,<code>mynstres</code>,1,0.0003762
341,myrh&eth;e,<code>myrh&amp;d;e</code>,1,0.0003762
341,n&aelig;cednysse,<code>n&amp;ae;cednysse</code>,1,0.0003762
341,n&aelig;f&eth;,<code>n&amp;ae;f&amp;d;</code>,1,0.0003762
341,n&aelig;fdon,<code>n&amp;ae;fdon</code>,1,0.0003762
341,n&aelig;nne,<code>n&amp;ae;nne</code>,1,0.0003762
341,n&aelig;s,<code>n&amp;ae;s</code>,1,0.0003762
341,nabba&eth;,<code>nabba&amp;d;</code>,1,0.0003762
341,nam,<code>nam</code>,1,0.0003762
341,name,<code>name</code>,1,0.0003762
341,nane,<code>nane</code>,1,0.0003762
341,nanre,<code>nanre</code>,1,0.0003762
341,nanum,<code>nanum</code>,1,0.0003762
341,natale,<code>natale</code>,1,0.0003762
341,neoda,<code>neoda</code>,1,0.0003762
341,neode,<code>neode</code>,1,0.0003762
341,net,<code>net</code>,1,0.0003762
341,nextan,<code>nextan</code>,1,0.0003762
341,ni&eth;e,<code>ni&amp;d;e</code>,1,0.0003762
341,nos,<code>nos</code>,1,0.0003762
341,ny&thorn;er,<code>ny&amp;t;er</code>,1,0.0003762
341,nyste,<code>nyste</code>,1,0.0003762
341,nytennysse,<code>nytennysse</code>,1,0.0003762
341,o&eth;re,<code>o&amp;d;re</code>,1,0.0003762
341,o&thorn;ra,<code>o&amp;t;ra</code>,1,0.0003762
341,o&thorn;rum,<code>o&amp;t;rum</code>,1,0.0003762
341,ofarn,<code>ofarn</code>,1,0.0003762
341,oferyrnan,<code>oferyrnan</code>,1,0.0003762
341,ofspring,<code>ofspring</code>,1,0.0003762
341,oft,<code>oft</code>,1,0.0003762
341,omnia,<code>omnia</code>,1,0.0003762
341,onbyrigde,<code>onbyrigde</code>,1,0.0003762
341,onette,<code>onette</code>,1,0.0003762
341,onfo&eth;,<code>onfo&amp;d;</code>,1,0.0003762
341,onfon,<code>onfon</code>,1,0.0003762
341,ongeat,<code>ongeat</code>,1,0.0003762
341,onhagie,<code>onhagie</code>,1,0.0003762
341,onlihtinge,<code>onlihtinge</code>,1,0.0003762
341,oxa,<code>oxa</code>,1,0.0003762
341,paule,<code>paule</code>,1,0.0003762
341,paules,<code>paules</code>,1,0.0003762
341,pavli,<code>pavli</code>,1,0.0003762
341,petre,<code>petre</code>,1,0.0003762
341,petres,<code>petres</code>,1,0.0003762
341,pridie,<code>pridie</code>,1,0.0003762
341,r&aelig;dinge,<code>r&amp;ae;dinge</code>,1,0.0003762
341,re&thorn;re,<code>re&amp;t;re</code>,1,0.0003762
341,reafe,<code>reafe</code>,1,0.0003762
341,regollice,<code>regollice</code>,1,0.0003762
341,reliqua,<code>reliqua</code>,1,0.0003762
341,reliquimus,<code>reliquimus</code>,1,0.0003762
341,reoflan,<code>reoflan</code>,1,0.0003762
341,reoflig,<code>reoflig</code>,1,0.0003762
341,rices,<code>rices</code>,1,0.0003762
341,rihtwis,<code>rihtwis</code>,1,0.0003762
341,rihtwisa,<code>rihtwisa</code>,1,0.0003762
341,s&aelig;d,<code>s&amp;ae;d</code>,1,0.0003762
341,s&aelig;de,<code>s&amp;ae;de</code>,1,0.0003762
341,sancti,<code>sancti</code>,1,0.0003762
341,saphira,<code>saphira</code>,1,0.0003762
341,saphiran,<code>saphiran</code>,1,0.0003762
341,sauwle,<code>sauwle</code>,1,0.0003762
341,sawende,<code>sawende</code>,1,0.0003762
341,sawle,<code>sawle</code>,1,0.0003762
341,scea&eth;um,<code>scea&amp;d;um</code>,1,0.0003762
341,sceolde,<code>sceolde</code>,1,0.0003762
341,sceoldon,<code>sceoldon</code>,1,0.0003762
341,scip,<code>scip</code>,1,0.0003762
341,scortre,<code>scortre</code>,1,0.0003762
341,se&thorn;ende,<code>se&amp;t;ende</code>,1,0.0003762
341,sende,<code>sende</code>,1,0.0003762
341,sendenne,<code>sendenne</code>,1,0.0003762
341,setle,<code>setle</code>,1,0.0003762
341,settle,<code>settle</code>,1,0.0003762
341,setton,<code>setton</code>,1,0.0003762
341,si&eth;e,<code>si&amp;d;e</code>,1,0.0003762
341,siblingas,<code>siblingas</code>,1,0.0003762
341,simon,<code>simon</code>,1,0.0003762
341,sitta&eth;,<code>sitta&amp;d;</code>,1,0.0003762
341,slege,<code>slege</code>,1,0.0003762
341,snawhwitum,<code>snawhwitum</code>,1,0.0003762
341,so&eth;e,<code>so&amp;d;e</code>,1,0.0003762
341,so&eth;f&aelig;st,<code>so&amp;d;f&amp;ae;st</code>,1,0.0003762
341,so&eth;f&aelig;stnyss,<code>so&amp;d;f&amp;ae;stnyss</code>,1,0.0003762
341,so&eth;f&aelig;stnysse,<code>so&amp;d;f&amp;ae;stnysse</code>,1,0.0003762
341,so&thorn;a,<code>so&amp;t;a</code>,1,0.0003762
341,so&thorn;f&aelig;sre,<code>so&amp;t;f&amp;ae;sre</code>,1,0.0003762
341,so&thorn;re,<code>so&amp;t;re</code>,1,0.0003762
341,socrates,<code>socrates</code>,1,0.0003762
341,spyrn&eth;,<code>spyrn&amp;d;</code>,1,0.0003762
341,steorfende,<code>steorfende</code>,1,0.0003762
341,stephanes,<code>stephanes</code>,1,0.0003762
341,sumum,<code>sumum</code>,1,0.0003762
341,swi&eth;e,<code>swi&amp;d;e</code>,1,0.0003762
341,swica&eth;,<code>swica&amp;d;</code>,1,0.0003762
341,swicedon,<code>swicedon</code>,1,0.0003762
341,swuran,<code>swuran</code>,1,0.0003762
341,swy&eth;lice,<code>swy&amp;d;lice</code>,1,0.0003762
341,swy&eth;rode,<code>swy&amp;d;rode</code>,1,0.0003762
341,symle,<code>symle</code>,1,0.0003762
341,syngodon,<code>syngodon</code>,1,0.0003762
341,syria,<code>syria</code>,1,0.0003762
341,t&aelig;hte,<code>t&amp;ae;hte</code>,1,0.0003762
341,teldwyrhta,<code>teldwyrhta</code>,1,0.0003762
341,teolunge,<code>teolunge</code>,1,0.0003762
341,tida,<code>tida</code>,1,0.0003762
341,tide,<code>tide</code>,1,0.0003762
341,tobere,<code>tobere</code>,1,0.0003762
341,tocnawen,<code>tocnawen</code>,1,0.0003762
341,tocyme,<code>tocyme</code>,1,0.0003762
341,todal,<code>todal</code>,1,0.0003762
341,trahtnunge,<code>trahtnunge</code>,1,0.0003762
341,truwa,<code>truwa</code>,1,0.0003762
341,truwan,<code>truwan</code>,1,0.0003762
341,tuwa,<code>tuwa</code>,1,0.0003762
341,twam,<code>twam</code>,1,0.0003762
341,tweigra,<code>tweigra</code>,1,0.0003762
341,twelffealdan,<code>twelffealdan</code>,1,0.0003762
341,twyfealdum,<code>twyfealdum</code>,1,0.0003762
341,twyn,<code>twyn</code>,1,0.0003762
341,u&eth;witan,<code>u&amp;d;witan</code>,1,0.0003762
341,ufan,<code>ufan</code>,1,0.0003762
341,unasmeagendlice,<code>unasmeagendlice</code>,1,0.0003762
341,unbrosniendlicum,<code>unbrosniendlicum</code>,1,0.0003762
341,unbrosnunge,<code>unbrosnunge</code>,1,0.0003762
341,undercropen,<code>undercropen</code>,1,0.0003762
341,underfo,<code>underfo</code>,1,0.0003762
341,underfo&eth;,<code>underfo&amp;d;</code>,1,0.0003762
341,undergytan,<code>undergytan</code>,1,0.0003762
341,ungel&aelig;redan,<code>ungel&amp;ae;redan</code>,1,0.0003762
341,ungeripedum,<code>ungeripedum</code>,1,0.0003762
341,unpleolice,<code>unpleolice</code>,1,0.0003762
341,unrihtwis,<code>unrihtwis</code>,1,0.0003762
341,uppan,<code>uppan</code>,1,0.0003762
341,w&aelig;ccum,<code>w&amp;ae;ccum</code>,1,0.0003762
341,w&aelig;lhreowa,<code>w&amp;ae;lhreowa</code>,1,0.0003762
341,w&aelig;re,<code>w&amp;ae;re</code>,1,0.0003762
341,w&aelig;tes,<code>w&amp;ae;tes</code>,1,0.0003762
341,waclic,<code>waclic</code>,1,0.0003762
341,ware,<code>ware</code>,1,0.0003762
341,wat,<code>wat</code>,1,0.0003762
341,weardas,<code>weardas</code>,1,0.0003762
341,wecg,<code>wecg</code>,1,0.0003762
341,wecge,<code>wecge</code>,1,0.0003762
341,wende,<code>wende</code>,1,0.0003762
341,wenst,<code>wenst</code>,1,0.0003762
341,weorce,<code>weorce</code>,1,0.0003762
341,werast,<code>werast</code>,1,0.0003762
341,werode,<code>werode</code>,1,0.0003762
341,westene,<code>westene</code>,1,0.0003762
341,wi&eth;erwinna,<code>wi&amp;d;erwinna</code>,1,0.0003762
341,wi&eth;soc,<code>wi&amp;d;soc</code>,1,0.0003762
341,wi&eth;socon,<code>wi&amp;d;socon</code>,1,0.0003762
341,widdre,<code>widdre</code>,1,0.0003762
341,wisdome,<code>wisdome</code>,1,0.0003762
341,witegena,<code>witegena</code>,1,0.0003762
341,wope,<code>wope</code>,1,0.0003762
341,worhte,<code>worhte</code>,1,0.0003762
341,woroldlican,<code>woroldlican</code>,1,0.0003762
341,woruldcr&aelig;fte,<code>woruldcr&amp;ae;fte</code>,1,0.0003762
341,woruldlicere,<code>woruldlicere</code>,1,0.0003762
341,woruldmanna,<code>woruldmanna</code>,1,0.0003762
341,wulf,<code>wulf</code>,1,0.0003762
341,wunede,<code>wunede</code>,1,0.0003762
341,wunode,<code>wunode</code>,1,0.0003762
341,wur&eth;mynte,<code>wur&amp;d;mynte</code>,1,0.0003762
341,wur&thorn;a&eth;,<code>wur&amp;t;a&amp;d;</code>,1,0.0003762
341,wurdon,<code>wurdon</code>,1,0.0003762
341,wylla&eth;,<code>wylla&amp;d;</code>,1,0.0003762
341,yfel,<code>yfel</code>,1,0.0003762
341,yfelan,<code>yfelan</code>,1,0.0003762
341,ylca,<code>ylca</code>,1,0.0003762
341,ymbhwyrft,<code>ymbhwyrft</code>,1,0.0003762
341,ymbhwyrftes,<code>ymbhwyrftes</code>,1,0.0003762
