B_Prose,B01,B01.002.034_AECHom_II__31-32_T02840.txt,877,622,2257
RANK,HTML WORD,RAW WORD,COUNT,RELATIVE FREQUENCY
1,and,<code>and</code>,128,0.0567125
2,&eth;a,<code>&amp;d;a</code>,58,0.0256978
3,to,<code>to</code>,57,0.0252548
4,&thorn;&aelig;t,<code>&amp;t;&amp;ae;t</code>,55,0.0243686
5,on,<code>on</code>,54,0.0239256
6,se,<code>se</code>,52,0.0230394
7,swa,<code>swa</code>,37,0.0163934
8,&eth;am,<code>&amp;d;am</code>,36,0.0159504
9,&eth;e,<code>&amp;d;e</code>,31,0.0137350
9,&eth;u,<code>&amp;d;u</code>,31,0.0137350
9,he,<code>he</code>,31,0.0137350
12,his,<code>his</code>,30,0.0132920
13,apostol,<code>apostol</code>,28,0.0124058
14,cw&aelig;&eth;,<code>cw&amp;ae;&amp;d;</code>,24,0.0106336
14,him,<code>him</code>,24,0.0106336
16,hi,<code>hi</code>,21,0.0093044
16,mid,<code>mid</code>,21,0.0093044
18,hine,<code>hine</code>,20,0.0088613
19,&thorn;&aelig;s,<code>&amp;t;&amp;ae;s</code>,17,0.0075321
19,ic,<code>ic</code>,17,0.0075321
21,&thorn;a,<code>&amp;t;a</code>,16,0.0070891
21,godes,<code>godes</code>,16,0.0070891
21,we,<code>we</code>,16,0.0070891
24,apostole,<code>apostole</code>,12,0.0053168
24,heora,<code>heora</code>,12,0.0053168
26,crist,<code>crist</code>,11,0.0048737
26,is,<code>is</code>,11,0.0048737
26,me,<code>me</code>,11,0.0048737
26,nu,<code>nu</code>,11,0.0048737
30,be,<code>be</code>,10,0.0044307
30,us,<code>us</code>,10,0.0044307
32,&thorn;e,<code>&amp;t;e</code>,9,0.0039876
32,&thorn;one,<code>&amp;t;one</code>,9,0.0039876
32,&thorn;u,<code>&amp;t;u</code>,9,0.0039876
32,ealle,<code>ealle</code>,9,0.0039876
32,fram,<code>fram</code>,9,0.0039876
32,ne,<code>ne</code>,9,0.0039876
32,of,<code>of</code>,9,0.0039876
32,wear&eth;,<code>wear&amp;d;</code>,9,0.0039876
40,&eth;one,<code>&amp;d;one</code>,8,0.0035445
40,&thorn;am,<code>&amp;t;am</code>,8,0.0035445
40,dry,<code>dry</code>,8,0.0035445
40,god,<code>god</code>,8,0.0035445
40,hermogenes,<code>hermogenes</code>,8,0.0035445
40,hw&aelig;t,<code>hw&amp;ae;t</code>,8,0.0035445
40,naman,<code>naman</code>,8,0.0035445
47,&aelig;fter,<code>&amp;ae;fter</code>,7,0.0031015
47,&aelig;r,<code>&amp;ae;r</code>,7,0.0031015
47,&eth;&aelig;re,<code>&amp;d;&amp;ae;re</code>,7,0.0031015
47,casere,<code>casere</code>,7,0.0031015
47,deoflu,<code>deoflu</code>,7,0.0031015
47,for,<code>for</code>,7,0.0031015
47,het,<code>het</code>,7,0.0031015
47,samod,<code>samod</code>,7,0.0031015
55,asende,<code>asende</code>,6,0.0026584
55,cristes,<code>cristes</code>,6,0.0026584
55,eft,<code>eft</code>,6,0.0026584
55,eow,<code>eow</code>,6,0.0026584
55,ge,<code>ge</code>,6,0.0026584
55,gif,<code>gif</code>,6,0.0026584
55,gode,<code>gode</code>,6,0.0026584
55,philetus,<code>philetus</code>,6,0.0026584
55,sunu,<code>sunu</code>,6,0.0026584
64,buton,<code>buton</code>,5,0.0022153
64,halgan,<code>halgan</code>,5,0.0022153
64,iacobus,<code>iacobus</code>,5,0.0022153
64,iosias,<code>iosias</code>,5,0.0022153
64,micclum,<code>micclum</code>,5,0.0022153
64,mine,<code>mine</code>,5,0.0022153
64,philetum,<code>philetum</code>,5,0.0022153
64,w&aelig;s,<code>w&amp;ae;s</code>,5,0.0022153
72,&eth;urh,<code>&amp;d;urh</code>,4,0.0017723
72,&thorn;&aelig;r,<code>&amp;t;&amp;ae;r</code>,4,0.0017723
72,&thorn;&aelig;ra,<code>&amp;t;&amp;ae;ra</code>,4,0.0017723
72,&thorn;us,<code>&amp;t;us</code>,4,0.0017723
72,ac,<code>ac</code>,4,0.0017723
72,andwyrde,<code>andwyrde</code>,4,0.0017723
72,bendum,<code>bendum</code>,4,0.0017723
72,cwe&eth;ende,<code>cwe&amp;d;ende</code>,4,0.0017723
72,drycr&aelig;ft,<code>drycr&amp;ae;ft</code>,4,0.0017723
72,gast,<code>gast</code>,4,0.0017723
72,h&aelig;lend,<code>h&amp;ae;lend</code>,4,0.0017723
72,hwi,<code>hwi</code>,4,0.0017723
72,iacobe,<code>iacobe</code>,4,0.0017723
72,minne,<code>minne</code>,4,0.0017723
72,scr&aelig;fe,<code>scr&amp;ae;fe</code>,4,0.0017723
72,w&aelig;ron,<code>w&amp;ae;ron</code>,4,0.0017723
72,witegena,<code>witegena</code>,4,0.0017723
89,&aelig;lmihtigan,<code>&amp;ae;lmihtigan</code>,3,0.0013292
89,&aelig;tforan,<code>&amp;ae;tforan</code>,3,0.0013292
89,&eth;&aelig;ra,<code>&amp;d;&amp;ae;ra</code>,3,0.0013292
89,&eth;an,<code>&amp;d;an</code>,3,0.0013292
89,&eth;in,<code>&amp;d;in</code>,3,0.0013292
89,&eth;inum,<code>&amp;d;inum</code>,3,0.0013292
89,&eth;isum,<code>&amp;d;isum</code>,3,0.0013292
89,&thorn;&aelig;re,<code>&amp;t;&amp;ae;re</code>,3,0.0013292
89,abiathar,<code>abiathar</code>,3,0.0013292
89,afylled,<code>afylled</code>,3,0.0013292
89,apostoles,<code>apostoles</code>,3,0.0013292
89,ar&aelig;rde,<code>ar&amp;ae;rde</code>,3,0.0013292
89,beon,<code>beon</code>,3,0.0013292
89,byrig,<code>byrig</code>,3,0.0013292
89,come,<code>come</code>,3,0.0013292
89,criste,<code>criste</code>,3,0.0013292
89,d&aelig;ge,<code>d&amp;ae;ge</code>,3,0.0013292
89,dagum,<code>dagum</code>,3,0.0013292
89,deofles,<code>deofles</code>,3,0.0013292
89,drihten,<code>drihten</code>,3,0.0013292
89,drihtnes,<code>drihtnes</code>,3,0.0013292
89,dryes,<code>dryes</code>,3,0.0013292
89,eac,<code>eac</code>,3,0.0013292
89,eallum,<code>eallum</code>,3,0.0013292
89,eor&eth;an,<code>eor&amp;d;an</code>,3,0.0013292
89,geleafan,<code>geleafan</code>,3,0.0013292
89,gelyfa&eth;,<code>gelyfa&amp;d;</code>,3,0.0013292
89,gelyfe,<code>gelyfe</code>,3,0.0013292
89,genam,<code>genam</code>,3,0.0013292
89,geseah,<code>geseah</code>,3,0.0013292
89,iacob,<code>iacob</code>,3,0.0013292
89,l&aelig;t,<code>l&amp;ae;t</code>,3,0.0013292
89,lare,<code>lare</code>,3,0.0013292
89,manna,<code>manna</code>,3,0.0013292
89,men,<code>men</code>,3,0.0013292
89,mildheorta,<code>mildheorta</code>,3,0.0013292
89,miltsunge,<code>miltsunge</code>,3,0.0013292
89,o&eth;,<code>o&amp;d;</code>,3,0.0013292
89,ontendnysse,<code>ontendnysse</code>,3,0.0013292
89,rode,<code>rode</code>,3,0.0013292
89,se&eth;unge,<code>se&amp;d;unge</code>,3,0.0013292
89,seofon,<code>seofon</code>,3,0.0013292
89,suna,<code>suna</code>,3,0.0013292
89,sunderhalga,<code>sunderhalga</code>,3,0.0013292
89,ure,<code>ure</code>,3,0.0013292
89,wi&eth;,<code>wi&amp;d;</code>,3,0.0013292
89,worulde,<code>worulde</code>,3,0.0013292
136,&aelig;lmihtiga,<code>&amp;ae;lmihtiga</code>,2,0.0008861
136,&aelig;rist,<code>&amp;ae;rist</code>,2,0.0008861
136,&eth;&aelig;s,<code>&amp;d;&amp;ae;s</code>,2,0.0008861
136,&eth;earfum,<code>&amp;d;earfum</code>,2,0.0008861
136,&eth;inne,<code>&amp;d;inne</code>,2,0.0008861
136,&thorn;as,<code>&amp;t;as</code>,2,0.0008861
136,&thorn;es,<code>&amp;t;es</code>,2,0.0008861
136,&thorn;is,<code>&amp;t;is</code>,2,0.0008861
136,&thorn;urh,<code>&amp;t;urh</code>,2,0.0008861
136,&thorn;yssere,<code>&amp;t;yssere</code>,2,0.0008861
136,a,<code>a</code>,2,0.0008861
136,abiron,<code>abiron</code>,2,0.0008861
136,agusti,<code>agusti</code>,2,0.0008861
136,ahangen,<code>ahangen</code>,2,0.0008861
136,alys,<code>alys</code>,2,0.0008861
136,alyst,<code>alyst</code>,2,0.0008861
136,amen,<code>amen</code>,2,0.0008861
136,an,<code>an</code>,2,0.0008861
136,andwyrdon,<code>andwyrdon</code>,2,0.0008861
136,anre,<code>anre</code>,2,0.0008861
136,ardlice,<code>ardlice</code>,2,0.0008861
136,arison,<code>arison</code>,2,0.0008861
136,arn,<code>arn</code>,2,0.0008861
136,bearn,<code>bearn</code>,2,0.0008861
136,becomon,<code>becomon</code>,2,0.0008861
136,bedreda,<code>bedreda</code>,2,0.0008861
136,begann,<code>begann</code>,2,0.0008861
136,begeat,<code>begeat</code>,2,0.0008861
136,beheafdian,<code>beheafdian</code>,2,0.0008861
136,beo&eth;,<code>beo&amp;d;</code>,2,0.0008861
136,bi&eth;,<code>bi&amp;d;</code>,2,0.0008861
136,binnon,<code>binnon</code>,2,0.0008861
136,blissigende,<code>blissigende</code>,2,0.0008861
136,burhware,<code>burhware</code>,2,0.0008861
136,caseres,<code>caseres</code>,2,0.0008861
136,com,<code>com</code>,2,0.0008861
136,cw&aelig;don,<code>cw&amp;ae;don</code>,2,0.0008861
136,cwealmstowe,<code>cwealmstowe</code>,2,0.0008861
136,cyste,<code>cyste</code>,2,0.0008861
136,dare,<code>dare</code>,2,0.0008861
136,dathan,<code>dathan</code>,2,0.0008861
136,dea&eth;e,<code>dea&amp;d;e</code>,2,0.0008861
136,decius,<code>decius</code>,2,0.0008861
136,deoflum,<code>deoflum</code>,2,0.0008861
136,do,<code>do</code>,2,0.0008861
136,eala,<code>eala</code>,2,0.0008861
136,ealne,<code>ealne</code>,2,0.0008861
136,efne,<code>efne</code>,2,0.0008861
136,engel,<code>engel</code>,2,0.0008861
136,eodon,<code>eodon</code>,2,0.0008861
136,eower,<code>eower</code>,2,0.0008861
136,f&aelig;der,<code>f&amp;ae;der</code>,2,0.0008861
136,far,<code>far</code>,2,0.0008861
136,feoh,<code>feoh</code>,2,0.0008861
136,forgeaf,<code>forgeaf</code>,2,0.0008861
136,frynd,<code>frynd</code>,2,0.0008861
136,geara,<code>geara</code>,2,0.0008861
136,geband,<code>geband</code>,2,0.0008861
136,gebedum,<code>gebedum</code>,2,0.0008861
136,gecyrde,<code>gecyrde</code>,2,0.0008861
136,geefenl&aelig;cende,<code>geefenl&amp;ae;cende</code>,2,0.0008861
136,gehaten,<code>gehaten</code>,2,0.0008861
136,gelyfst,<code>gelyfst</code>,2,0.0008861
136,gesawon,<code>gesawon</code>,2,0.0008861
136,getimode,<code>getimode</code>,2,0.0008861
136,gewende,<code>gewende</code>,2,0.0008861
136,gewra&eth;,<code>gewra&amp;d;</code>,2,0.0008861
136,h&aelig;&eth;enan,<code>h&amp;ae;&amp;d;enan</code>,2,0.0008861
136,handa,<code>handa</code>,2,0.0008861
136,hatheortnysse,<code>hatheortnysse</code>,2,0.0008861
136,hermogenem,<code>hermogenem</code>,2,0.0008861
136,herodes,<code>herodes</code>,2,0.0008861
136,hider,<code>hider</code>,2,0.0008861
136,hit,<code>hit</code>,2,0.0008861
136,hra&eth;e,<code>hra&amp;d;e</code>,2,0.0008861
136,hwider,<code>hwider</code>,2,0.0008861
136,iacobum,<code>iacobum</code>,2,0.0008861
136,into,<code>into</code>,2,0.0008861
136,iohannes,<code>iohannes</code>,2,0.0008861
136,iudeiscan,<code>iudeiscan</code>,2,0.0008861
136,kalendas,<code>kalendas</code>,2,0.0008861
136,l&aelig;s,<code>l&amp;ae;s</code>,2,0.0008861
136,lagon,<code>lagon</code>,2,0.0008861
136,lichaman,<code>lichaman</code>,2,0.0008861
136,lifigendan,<code>lifigendan</code>,2,0.0008861
136,magon,<code>magon</code>,2,0.0008861
136,man,<code>man</code>,2,0.0008861
136,maximianus,<code>maximianus</code>,2,0.0008861
136,miccle,<code>miccle</code>,2,0.0008861
136,micel,<code>micel</code>,2,0.0008861
136,mislicum,<code>mislicum</code>,2,0.0008861
136,mu&eth;,<code>mu&amp;d;</code>,2,0.0008861
136,nelle,<code>nelle</code>,2,0.0008861
136,nis,<code>nis</code>,2,0.0008861
136,ofer,<code>ofer</code>,2,0.0008861
136,s&aelig;don,<code>s&amp;ae;don</code>,2,0.0008861
136,sceoldon,<code>sceoldon</code>,2,0.0008861
136,scr&aelig;fes,<code>scr&amp;ae;fes</code>,2,0.0008861
136,sibbe,<code>sibbe</code>,2,0.0008861
136,sind,<code>sind</code>,2,0.0008861
136,so&eth;,<code>so&amp;d;</code>,2,0.0008861
136,so&eth;an,<code>so&amp;d;an</code>,2,0.0008861
136,so&eth;e,<code>so&amp;d;e</code>,2,0.0008861
136,so&eth;lice,<code>so&amp;d;lice</code>,2,0.0008861
136,st&aelig;f,<code>st&amp;ae;f</code>,2,0.0008861
136,stod,<code>stod</code>,2,0.0008861
136,sum,<code>sum</code>,2,0.0008861
136,swatcla&eth;,<code>swatcla&amp;d;</code>,2,0.0008861
136,swilce,<code>swilce</code>,2,0.0008861
136,sy,<code>sy</code>,2,0.0008861
136,syle,<code>syle</code>,2,0.0008861
136,teonan,<code>teonan</code>,2,0.0008861
136,twam,<code>twam</code>,2,0.0008861
136,urum,<code>urum</code>,2,0.0008861
136,w&aelig;re,<code>w&amp;ae;re</code>,2,0.0008861
136,wille,<code>wille</code>,2,0.0008861
136,wite,<code>wite</code>,2,0.0008861
136,witum,<code>witum</code>,2,0.0008861
136,wolde,<code>wolde</code>,2,0.0008861
136,wurdon,<code>wurdon</code>,2,0.0008861
256,&aelig;,<code>&amp;ae;</code>,1,0.0004431
256,&aelig;&eth;elborene,<code>&amp;ae;&amp;d;elborene</code>,1,0.0004431
256,&aelig;&thorn;elborennysse,<code>&amp;ae;&amp;t;elborennysse</code>,1,0.0004431
256,&aelig;hta,<code>&amp;ae;hta</code>,1,0.0004431
256,&aelig;lcere,<code>&amp;ae;lcere</code>,1,0.0004431
256,&aelig;lcne,<code>&amp;ae;lcne</code>,1,0.0004431
256,&aelig;lcum,<code>&amp;ae;lcum</code>,1,0.0004431
256,&aelig;lmihtigum,<code>&amp;ae;lmihtigum</code>,1,0.0004431
256,&aelig;nig,<code>&amp;ae;nig</code>,1,0.0004431
256,&aelig;nne,<code>&amp;ae;nne</code>,1,0.0004431
256,&aelig;riste,<code>&amp;ae;riste</code>,1,0.0004431
256,&aelig;t,<code>&amp;ae;t</code>,1,0.0004431
256,&aelig;teowian,<code>&amp;ae;teowian</code>,1,0.0004431
256,&aelig;teowodon,<code>&amp;ae;teowodon</code>,1,0.0004431
256,&aelig;twindan,<code>&amp;ae;twindan</code>,1,0.0004431
256,&eth;&aelig;r,<code>&amp;d;&amp;ae;r</code>,1,0.0004431
256,&eth;&aelig;rrihte,<code>&amp;d;&amp;ae;rrihte</code>,1,0.0004431
256,&eth;egenas,<code>&amp;d;egenas</code>,1,0.0004431
256,&eth;ider,<code>&amp;d;ider</code>,1,0.0004431
256,&eth;ingum,<code>&amp;d;ingum</code>,1,0.0004431
256,&eth;inra,<code>&amp;d;inra</code>,1,0.0004431
256,&eth;ison,<code>&amp;d;ison</code>,1,0.0004431
256,&eth;issere,<code>&amp;d;issere</code>,1,0.0004431
256,&eth;oftr&aelig;dene,<code>&amp;d;oftr&amp;ae;dene</code>,1,0.0004431
256,&eth;onne,<code>&amp;d;onne</code>,1,0.0004431
256,&eth;reo,<code>&amp;d;reo</code>,1,0.0004431
256,&eth;rowunge,<code>&amp;d;rowunge</code>,1,0.0004431
256,&eth;urhwunodon,<code>&amp;d;urhwunodon</code>,1,0.0004431
256,&eth;us,<code>&amp;d;us</code>,1,0.0004431
256,&eth;yssere,<code>&amp;d;yssere</code>,1,0.0004431
256,&thorn;an,<code>&amp;t;an</code>,1,0.0004431
256,&thorn;earle,<code>&amp;t;earle</code>,1,0.0004431
256,&thorn;i,<code>&amp;t;i</code>,1,0.0004431
256,&thorn;ines,<code>&amp;t;ines</code>,1,0.0004431
256,&thorn;inga,<code>&amp;t;inga</code>,1,0.0004431
256,&thorn;inum,<code>&amp;t;inum</code>,1,0.0004431
256,&thorn;isne,<code>&amp;t;isne</code>,1,0.0004431
256,&thorn;isum,<code>&amp;t;isum</code>,1,0.0004431
256,&thorn;onne,<code>&amp;t;onne</code>,1,0.0004431
256,&thorn;y,<code>&amp;t;y</code>,1,0.0004431
256,&thorn;yses,<code>&amp;t;yses</code>,1,0.0004431
256,ab&aelig;d,<code>ab&amp;ae;d</code>,1,0.0004431
256,acennednysse,<code>acennednysse</code>,1,0.0004431
256,acwealdon,<code>acwealdon</code>,1,0.0004431
256,acwella&eth;,<code>acwella&amp;d;</code>,1,0.0004431
256,acwellan,<code>acwellan</code>,1,0.0004431
256,adilogode,<code>adilogode</code>,1,0.0004431
256,adr&aelig;fde,<code>adr&amp;ae;fde</code>,1,0.0004431
256,adwellan,<code>adwellan</code>,1,0.0004431
256,afundon,<code>afundon</code>,1,0.0004431
256,ageafon,<code>ageafon</code>,1,0.0004431
256,agenum,<code>agenum</code>,1,0.0004431
256,agyldan,<code>agyldan</code>,1,0.0004431
256,agylde,<code>agylde</code>,1,0.0004431
256,agylte,<code>agylte</code>,1,0.0004431
256,al&aelig;dan,<code>al&amp;ae;dan</code>,1,0.0004431
256,alysde,<code>alysde</code>,1,0.0004431
256,alysed,<code>alysed</code>,1,0.0004431
256,alysend,<code>alysend</code>,1,0.0004431
256,ameldode,<code>ameldode</code>,1,0.0004431
256,ancennedan,<code>ancennedan</code>,1,0.0004431
256,andan,<code>andan</code>,1,0.0004431
256,andigendne,<code>andigendne</code>,1,0.0004431
256,anum,<code>anum</code>,1,0.0004431
256,anwealde,<code>anwealde</code>,1,0.0004431
256,apostoli,<code>apostoli</code>,1,0.0004431
256,ar&aelig;r&eth;,<code>ar&amp;ae;r&amp;d;</code>,1,0.0004431
256,ar&aelig;rdon,<code>ar&amp;ae;rdon</code>,1,0.0004431
256,ar&aelig;re,<code>ar&amp;ae;re</code>,1,0.0004431
256,aras,<code>aras</code>,1,0.0004431
256,arf&aelig;sta,<code>arf&amp;ae;sta</code>,1,0.0004431
256,aris,<code>aris</code>,1,0.0004431
256,arleasan,<code>arleasan</code>,1,0.0004431
256,asendest,<code>asendest</code>,1,0.0004431
256,aspend,<code>aspend</code>,1,0.0004431
256,astyrede,<code>astyrede</code>,1,0.0004431
256,aw&aelig;gdest,<code>aw&amp;ae;gdest</code>,1,0.0004431
256,awearp,<code>awearp</code>,1,0.0004431
256,aweg,<code>aweg</code>,1,0.0004431
256,awiligdon,<code>awiligdon</code>,1,0.0004431
256,awurp,<code>awurp</code>,1,0.0004431
256,awyriged,<code>awyriged</code>,1,0.0004431
256,awyrigedan,<code>awyrigedan</code>,1,0.0004431
256,aydlode,<code>aydlode</code>,1,0.0004431
256,b&aelig;de,<code>b&amp;ae;de</code>,1,0.0004431
256,barn,<code>barn</code>,1,0.0004431
256,be&eth;encan,<code>be&amp;d;encan</code>,1,0.0004431
256,bebead,<code>bebead</code>,1,0.0004431
256,bec,<code>bec</code>,1,0.0004431
256,beceapodon,<code>beceapodon</code>,1,0.0004431
256,becom,<code>becom</code>,1,0.0004431
256,becym&eth;,<code>becym&amp;d;</code>,1,0.0004431
256,bedredan,<code>bedredan</code>,1,0.0004431
256,begeate,<code>begeate</code>,1,0.0004431
256,begen,<code>begen</code>,1,0.0004431
256,begytst,<code>begytst</code>,1,0.0004431
256,beheafdod,<code>beheafdod</code>,1,0.0004431
256,beheafdunge,<code>beheafdunge</code>,1,0.0004431
256,behreowsiendne,<code>behreowsiendne</code>,1,0.0004431
256,behreowsunga,<code>behreowsunga</code>,1,0.0004431
256,behreowsunge,<code>behreowsunge</code>,1,0.0004431
256,behydde,<code>behydde</code>,1,0.0004431
256,belyfde,<code>belyfde</code>,1,0.0004431
256,beo,<code>beo</code>,1,0.0004431
256,beran,<code>beran</code>,1,0.0004431
256,besceawian,<code>besceawian</code>,1,0.0004431
256,besenc,<code>besenc</code>,1,0.0004431
256,betealde,<code>betealde</code>,1,0.0004431
256,betwux,<code>betwux</code>,1,0.0004431
256,bewendan,<code>bewendan</code>,1,0.0004431
256,bewepa&eth;,<code>bewepa&amp;d;</code>,1,0.0004431
256,bewiston,<code>bewiston</code>,1,0.0004431
256,biddan,<code>biddan</code>,1,0.0004431
256,bidde,<code>bidde</code>,1,0.0004431
256,biddende,<code>biddende</code>,1,0.0004431
256,bigleofan,<code>bigleofan</code>,1,0.0004431
256,biscopas,<code>biscopas</code>,1,0.0004431
256,biscopum,<code>biscopum</code>,1,0.0004431
256,bist,<code>bist</code>,1,0.0004431
256,bletsa,<code>bletsa</code>,1,0.0004431
256,bletsigende,<code>bletsigende</code>,1,0.0004431
256,bletsode,<code>bletsode</code>,1,0.0004431
256,bli&eth;um,<code>bli&amp;d;um</code>,1,0.0004431
256,blinde,<code>blinde</code>,1,0.0004431
256,bodast,<code>bodast</code>,1,0.0004431
256,bodode,<code>bodode</code>,1,0.0004431
256,bodunge,<code>bodunge</code>,1,0.0004431
256,bro&eth;or,<code>bro&amp;d;or</code>,1,0.0004431
256,brohte,<code>brohte</code>,1,0.0004431
256,bucful,<code>bucful</code>,1,0.0004431
256,bugan,<code>bugan</code>,1,0.0004431
256,burgum,<code>burgum</code>,1,0.0004431
256,burhwarum,<code>burhwarum</code>,1,0.0004431
256,byrgene,<code>byrgene</code>,1,0.0004431
256,byrna&eth;,<code>byrna&amp;d;</code>,1,0.0004431
256,bysmrigende,<code>bysmrigende</code>,1,0.0004431
256,cann,<code>cann</code>,1,0.0004431
256,ceaste,<code>ceaste</code>,1,0.0004431
256,cempan,<code>cempan</code>,1,0.0004431
256,cla&eth;,<code>cla&amp;d;</code>,1,0.0004431
256,clyfan,<code>clyfan</code>,1,0.0004431
256,clypigende,<code>clypigende</code>,1,0.0004431
256,clypode,<code>clypode</code>,1,0.0004431
256,clypodon,<code>clypodon</code>,1,0.0004431
256,cnapan,<code>cnapan</code>,1,0.0004431
256,cnucian,<code>cnucian</code>,1,0.0004431
256,comon,<code>comon</code>,1,0.0004431
256,constantinus,<code>constantinus</code>,1,0.0004431
256,coss,<code>coss</code>,1,0.0004431
256,costnungum,<code>costnungum</code>,1,0.0004431
256,cr&aelig;fte,<code>cr&amp;ae;fte</code>,1,0.0004431
256,cr&aelig;ftum,<code>cr&amp;ae;ftum</code>,1,0.0004431
256,cristenan,<code>cristenan</code>,1,0.0004431
256,cristendom,<code>cristendom</code>,1,0.0004431
256,cristendome,<code>cristendome</code>,1,0.0004431
256,cristenum,<code>cristenum</code>,1,0.0004431
256,cristesbec,<code>cristesbec</code>,1,0.0004431
256,cwe&eth;e,<code>cwe&amp;d;e</code>,1,0.0004431
256,cwearterne,<code>cwearterne</code>,1,0.0004431
256,cwellere,<code>cwellere</code>,1,0.0004431
256,cwylmia&eth;,<code>cwylmia&amp;d;</code>,1,0.0004431
256,cynedom,<code>cynedom</code>,1,0.0004431
256,cynges,<code>cynges</code>,1,0.0004431
256,cyninge,<code>cyninge</code>,1,0.0004431
256,cyrcan,<code>cyrcan</code>,1,0.0004431
256,d&aelig;dbote,<code>d&amp;ae;dbote</code>,1,0.0004431
256,d&aelig;ges,<code>d&amp;ae;ges</code>,1,0.0004431
256,d&aelig;ghwomlice,<code>d&amp;ae;ghwomlice</code>,1,0.0004431
256,d&aelig;ldon,<code>d&amp;ae;ldon</code>,1,0.0004431
256,d&aelig;lnimend,<code>d&amp;ae;lnimend</code>,1,0.0004431
256,dagas,<code>dagas</code>,1,0.0004431
256,deadan,<code>deadan</code>,1,0.0004431
256,deadra,<code>deadra</code>,1,0.0004431
256,decies,<code>decies</code>,1,0.0004431
256,deofellican,<code>deofellican</code>,1,0.0004431
256,deofellicum,<code>deofellicum</code>,1,0.0004431
256,deofla,<code>deofla</code>,1,0.0004431
256,deofle,<code>deofle</code>,1,0.0004431
256,deofolgyld,<code>deofolgyld</code>,1,0.0004431
256,derige,<code>derige</code>,1,0.0004431
256,dest,<code>dest</code>,1,0.0004431
256,digellice,<code>digellice</code>,1,0.0004431
256,dionisius,<code>dionisius</code>,1,0.0004431
256,domerne,<code>domerne</code>,1,0.0004431
256,domes,<code>domes</code>,1,0.0004431
256,don,<code>don</code>,1,0.0004431
256,dormientium,<code>dormientium</code>,1,0.0004431
256,drihtne,<code>drihtne</code>,1,0.0004431
256,drycr&aelig;fte,<code>drycr&amp;ae;fte</code>,1,0.0004431
256,drycr&aelig;ftum,<code>drycr&amp;ae;ftum</code>,1,0.0004431
256,drye,<code>drye</code>,1,0.0004431
256,dune,<code>dune</code>,1,0.0004431
256,dwollican,<code>dwollican</code>,1,0.0004431
256,dwollicum,<code>dwollicum</code>,1,0.0004431
256,dyde,<code>dyde</code>,1,0.0004431
256,dydon,<code>dydon</code>,1,0.0004431
256,dysegost,<code>dysegost</code>,1,0.0004431
256,eadmod,<code>eadmod</code>,1,0.0004431
256,ealdan,<code>ealdan</code>,1,0.0004431
256,ealdorbiscop,<code>ealdorbiscop</code>,1,0.0004431
256,ealdrum,<code>ealdrum</code>,1,0.0004431
256,ealra,<code>ealra</code>,1,0.0004431
256,ealre,<code>ealre</code>,1,0.0004431
256,ecan,<code>ecan</code>,1,0.0004431
256,ecnysse,<code>ecnysse</code>,1,0.0004431
256,ege,<code>ege</code>,1,0.0004431
256,egeslicum,<code>egeslicum</code>,1,0.0004431
256,englas,<code>englas</code>,1,0.0004431
256,eor&eth;e,<code>eor&amp;d;e</code>,1,0.0004431
256,eowere,<code>eowere</code>,1,0.0004431
256,ephesum,<code>ephesum</code>,1,0.0004431
256,fara&eth;,<code>fara&amp;d;</code>,1,0.0004431
256,faron,<code>faron</code>,1,0.0004431
256,feawa,<code>feawa</code>,1,0.0004431
256,fela,<code>fela</code>,1,0.0004431
256,feo,<code>feo</code>,1,0.0004431
256,feol,<code>feol</code>,1,0.0004431
256,feoll,<code>feoll</code>,1,0.0004431
256,feollon,<code>feollon</code>,1,0.0004431
256,feonde,<code>feonde</code>,1,0.0004431
256,ferdon,<code>ferdon</code>,1,0.0004431
256,fet,<code>fet</code>,1,0.0004431
256,folce,<code>folce</code>,1,0.0004431
256,forb&aelig;re,<code>forb&amp;ae;re</code>,1,0.0004431
256,forb&aelig;rnde,<code>forb&amp;ae;rnde</code>,1,0.0004431
256,forb&aelig;rnenne,<code>forb&amp;ae;rnenne</code>,1,0.0004431
256,fordyttan,<code>fordyttan</code>,1,0.0004431
256,fores&aelig;dan,<code>fores&amp;ae;dan</code>,1,0.0004431
256,forgifennysse,<code>forgifennysse</code>,1,0.0004431
256,forl&aelig;rdest,<code>forl&amp;ae;rdest</code>,1,0.0004431
256,fornumene,<code>fornumene</code>,1,0.0004431
256,forsawon,<code>forsawon</code>,1,0.0004431
256,forscrenctan,<code>forscrenctan</code>,1,0.0004431
256,forseondum,<code>forseondum</code>,1,0.0004431
256,forswealh,<code>forswealh</code>,1,0.0004431
256,fotum,<code>fotum</code>,1,0.0004431
256,freme,<code>freme</code>,1,0.0004431
256,freolse,<code>freolse</code>,1,0.0004431
256,frig,<code>frig</code>,1,0.0004431
256,frigne,<code>frigne</code>,1,0.0004431
256,fulfremed,<code>fulfremed</code>,1,0.0004431
256,fur&eth;on,<code>fur&amp;d;on</code>,1,0.0004431
256,fyr,<code>fyr</code>,1,0.0004431
256,fyrenum,<code>fyrenum</code>,1,0.0004431
256,fyres,<code>fyres</code>,1,0.0004431
256,fyrnleahtras,<code>fyrnleahtras</code>,1,0.0004431
256,fyrst,<code>fyrst</code>,1,0.0004431
256,fyrste,<code>fyrste</code>,1,0.0004431
256,gan,<code>gan</code>,1,0.0004431
256,gang,<code>gang</code>,1,0.0004431
256,gaste,<code>gaste</code>,1,0.0004431
256,gastes,<code>gastes</code>,1,0.0004431
256,ge&eth;afige,<code>ge&amp;d;afige</code>,1,0.0004431
256,ge&eth;eah,<code>ge&amp;d;eah</code>,1,0.0004431
256,gearca&eth;,<code>gearca&amp;d;</code>,1,0.0004431
256,gebide,<code>gebide</code>,1,0.0004431
256,gebig,<code>gebig</code>,1,0.0004431
256,gebletsod,<code>gebletsod</code>,1,0.0004431
256,geboren,<code>geboren</code>,1,0.0004431
256,gebringa&eth;,<code>gebringa&amp;d;</code>,1,0.0004431
256,gebringan,<code>gebringan</code>,1,0.0004431
256,gebro&eth;ra,<code>gebro&amp;d;ra</code>,1,0.0004431
256,gebro&eth;ru,<code>gebro&amp;d;ru</code>,1,0.0004431
256,gebrohton,<code>gebrohton</code>,1,0.0004431
256,gebundenne,<code>gebundenne</code>,1,0.0004431
256,gebyld,<code>gebyld</code>,1,0.0004431
256,gebysmrian,<code>gebysmrian</code>,1,0.0004431
256,gecl&aelig;nsode,<code>gecl&amp;ae;nsode</code>,1,0.0004431
256,gecum,<code>gecum</code>,1,0.0004431
256,gecwedene,<code>gecwedene</code>,1,0.0004431
256,gecwylmede,<code>gecwylmede</code>,1,0.0004431
256,gecwylmode,<code>gecwylmode</code>,1,0.0004431
256,gecyd,<code>gecyd</code>,1,0.0004431
256,gecypsedan,<code>gecypsedan</code>,1,0.0004431
256,gecyrdon,<code>gecyrdon</code>,1,0.0004431
256,gecyrran,<code>gecyrran</code>,1,0.0004431
256,gecyrre,<code>gecyrre</code>,1,0.0004431
256,gedwyldes,<code>gedwyldes</code>,1,0.0004431
256,gedwyldum,<code>gedwyldum</code>,1,0.0004431
256,gefremode,<code>gefremode</code>,1,0.0004431
256,gefullode,<code>gefullode</code>,1,0.0004431
256,gegaderunge,<code>gegaderunge</code>,1,0.0004431
256,gegladast,<code>gegladast</code>,1,0.0004431
256,gegremedon,<code>gegremedon</code>,1,0.0004431
256,geh&aelig;ftne,<code>geh&amp;ae;ftne</code>,1,0.0004431
256,gehathyrt,<code>gehathyrt</code>,1,0.0004431
256,gehw&aelig;r,<code>gehw&amp;ae;r</code>,1,0.0004431
256,gehyrsumode,<code>gehyrsumode</code>,1,0.0004431
256,gel&aelig;cca&eth;,<code>gel&amp;ae;cca&amp;d;</code>,1,0.0004431
256,gel&aelig;dde,<code>gel&amp;ae;dde</code>,1,0.0004431
256,gelamp,<code>gelamp</code>,1,0.0004431
256,gelangian,<code>gelangian</code>,1,0.0004431
256,geleafa,<code>geleafa</code>,1,0.0004431
256,geleaffullan,<code>geleaffullan</code>,1,0.0004431
256,gelyf,<code>gelyf</code>,1,0.0004431
256,gelyfde,<code>gelyfde</code>,1,0.0004431
256,gelyfdon,<code>gelyfdon</code>,1,0.0004431
256,gemyltsa,<code>gemyltsa</code>,1,0.0004431
256,gemynd,<code>gemynd</code>,1,0.0004431
256,gemynde,<code>gemynde</code>,1,0.0004431
256,geneosod,<code>geneosod</code>,1,0.0004431
256,genim,<code>genim</code>,1,0.0004431
256,geniman,<code>geniman</code>,1,0.0004431
256,geoffrast,<code>geoffrast</code>,1,0.0004431
256,geoffrige,<code>geoffrige</code>,1,0.0004431
256,geond,<code>geond</code>,1,0.0004431
256,geopenode,<code>geopenode</code>,1,0.0004431
256,georne,<code>georne</code>,1,0.0004431
256,geortruwian,<code>geortruwian</code>,1,0.0004431
256,ger&aelig;d,<code>ger&amp;ae;d</code>,1,0.0004431
256,ger&aelig;dd,<code>ger&amp;ae;dd</code>,1,0.0004431
256,gereccan,<code>gereccan</code>,1,0.0004431
256,gereccednysse,<code>gereccednysse</code>,1,0.0004431
256,gerestan,<code>gerestan</code>,1,0.0004431
256,ges&aelig;d,<code>ges&amp;ae;d</code>,1,0.0004431
256,gesamnunge,<code>gesamnunge</code>,1,0.0004431
256,gesawe,<code>gesawe</code>,1,0.0004431
256,gescylde,<code>gescylde</code>,1,0.0004431
256,geseo,<code>geseo</code>,1,0.0004431
256,geseon,<code>geseon</code>,1,0.0004431
256,gesetnyssum,<code>gesetnyssum</code>,1,0.0004431
256,gesohte,<code>gesohte</code>,1,0.0004431
256,geswefode,<code>geswefode</code>,1,0.0004431
256,geswicst,<code>geswicst</code>,1,0.0004431
256,geswutelode,<code>geswutelode</code>,1,0.0004431
256,geti&eth;a&eth;,<code>geti&amp;d;a&amp;d;</code>,1,0.0004431
256,getimige,<code>getimige</code>,1,0.0004431
256,gewitnyssa,<code>gewitnyssa</code>,1,0.0004431
256,gewitst,<code>gewitst</code>,1,0.0004431
256,gewrece,<code>gewrece</code>,1,0.0004431
256,gewrehte,<code>gewrehte</code>,1,0.0004431
256,gewri&eth;ene,<code>gewri&amp;d;ene</code>,1,0.0004431
256,gewri&eth;enne,<code>gewri&amp;d;enne</code>,1,0.0004431
256,gewri&eth;on,<code>gewri&amp;d;on</code>,1,0.0004431
256,gewritu,<code>gewritu</code>,1,0.0004431
256,gewuna,<code>gewuna</code>,1,0.0004431
256,gewyrhtum,<code>gewyrhtum</code>,1,0.0004431
256,gife,<code>gife</code>,1,0.0004431
256,gingran,<code>gingran</code>,1,0.0004431
256,godspelleres,<code>godspelleres</code>,1,0.0004431
256,godum,<code>godum</code>,1,0.0004431
256,graman,<code>graman</code>,1,0.0004431
256,gyddunga,<code>gyddunga</code>,1,0.0004431
256,gyldene,<code>gyldene</code>,1,0.0004431
256,gyt,<code>gyt</code>,1,0.0004431
256,h&aelig;&eth;engylde,<code>h&amp;ae;&amp;d;engylde</code>,1,0.0004431
256,h&aelig;bbe,<code>h&amp;ae;bbe</code>,1,0.0004431
256,h&aelig;f&eth;,<code>h&amp;ae;f&amp;d;</code>,1,0.0004431
256,h&aelig;fde,<code>h&amp;ae;fde</code>,1,0.0004431
256,h&aelig;lendes,<code>h&amp;ae;lendes</code>,1,0.0004431
256,hafa,<code>hafa</code>,1,0.0004431
256,hal,<code>hal</code>,1,0.0004431
256,halga,<code>halga</code>,1,0.0004431
256,halgum,<code>halgum</code>,1,0.0004431
256,halige,<code>halige</code>,1,0.0004431
256,haliges,<code>haliges</code>,1,0.0004431
256,halsige,<code>halsige</code>,1,0.0004431
256,ham,<code>ham</code>,1,0.0004431
256,heafodbiscop,<code>heafodbiscop</code>,1,0.0004431
256,heafodmannum,<code>heafodmannum</code>,1,0.0004431
256,heahf&aelig;dera,<code>heahf&amp;ae;dera</code>,1,0.0004431
256,hengene,<code>hengene</code>,1,0.0004431
256,heo,<code>heo</code>,1,0.0004431
256,heofenlic,<code>heofenlic</code>,1,0.0004431
256,heofenum,<code>heofenum</code>,1,0.0004431
256,heofigendum,<code>heofigendum</code>,1,0.0004431
256,heononfor&eth;,<code>heononfor&amp;d;</code>,1,0.0004431
256,heorte,<code>heorte</code>,1,0.0004431
256,her,<code>her</code>,1,0.0004431
256,hermoines,<code>hermoines</code>,1,0.0004431
256,herode,<code>herode</code>,1,0.0004431
256,holde,<code>holde</code>,1,0.0004431
256,hopast,<code>hopast</code>,1,0.0004431
256,hra&eth;or,<code>hra&amp;d;or</code>,1,0.0004431
256,hreoflige,<code>hreoflige</code>,1,0.0004431
256,hrepode,<code>hrepode</code>,1,0.0004431
256,hreppan,<code>hreppan</code>,1,0.0004431
256,hricge,<code>hricge</code>,1,0.0004431
256,hryman,<code>hryman</code>,1,0.0004431
256,hu,<code>hu</code>,1,0.0004431
256,hund,<code>hund</code>,1,0.0004431
256,hundredes,<code>hundredes</code>,1,0.0004431
256,hundseofontig,<code>hundseofontig</code>,1,0.0004431
256,hus,<code>hus</code>,1,0.0004431
256,hw&aelig;&eth;er,<code>hw&amp;ae;&amp;d;er</code>,1,0.0004431
256,hw&aelig;r,<code>hw&amp;ae;r</code>,1,0.0004431
256,hy,<code>hy</code>,1,0.0004431
256,iacobes,<code>iacobes</code>,1,0.0004431
256,iacobi,<code>iacobi</code>,1,0.0004431
256,iosiam,<code>iosiam</code>,1,0.0004431
256,iosian,<code>iosian</code>,1,0.0004431
256,iudea,<code>iudea</code>,1,0.0004431
256,iudei,<code>iudei</code>,1,0.0004431
256,iudeiscra,<code>iudeiscra</code>,1,0.0004431
256,iudeiscre,<code>iudeiscre</code>,1,0.0004431
256,iudeum,<code>iudeum</code>,1,0.0004431
256,l&aelig;dan,<code>l&amp;ae;dan</code>,1,0.0004431
256,l&aelig;dde,<code>l&amp;ae;dde</code>,1,0.0004431
256,l&aelig;ddon,<code>l&amp;ae;ddon</code>,1,0.0004431
256,l&aelig;g,<code>l&amp;ae;g</code>,1,0.0004431
256,lande,<code>lande</code>,1,0.0004431
256,langum,<code>langum</code>,1,0.0004431
256,lareow,<code>lareow</code>,1,0.0004431
256,lareowe,<code>lareowe</code>,1,0.0004431
256,lazarum,<code>lazarum</code>,1,0.0004431
256,lead,<code>lead</code>,1,0.0004431
256,leas,<code>leas</code>,1,0.0004431
256,leoda,<code>leoda</code>,1,0.0004431
256,leofa&eth;,<code>leofa&amp;d;</code>,1,0.0004431
256,leorningcniht,<code>leorningcniht</code>,1,0.0004431
256,leorningcnihtas,<code>leorningcnihtas</code>,1,0.0004431
256,leorningman,<code>leorningman</code>,1,0.0004431
256,leorningmen,<code>leorningmen</code>,1,0.0004431
256,leornion,<code>leornion</code>,1,0.0004431
256,let,<code>let</code>,1,0.0004431
256,lif,<code>lif</code>,1,0.0004431
256,life,<code>life</code>,1,0.0004431
256,lofe,<code>lofe</code>,1,0.0004431
256,lofsangum,<code>lofsangum</code>,1,0.0004431
256,lybba&eth;,<code>lybba&amp;d;</code>,1,0.0004431
256,lyfte,<code>lyfte</code>,1,0.0004431
256,lymu,<code>lymu</code>,1,0.0004431
256,lytle,<code>lytle</code>,1,0.0004431
256,m&aelig;g&eth;e,<code>m&amp;ae;g&amp;d;e</code>,1,0.0004431
256,m&aelig;ran,<code>m&amp;ae;ran</code>,1,0.0004431
256,m&aelig;re,<code>m&amp;ae;re</code>,1,0.0004431
256,mage,<code>mage</code>,1,0.0004431
256,malchus,<code>malchus</code>,1,0.0004431
256,mancynnes,<code>mancynnes</code>,1,0.0004431
256,mannum,<code>mannum</code>,1,0.0004431
256,martinianus,<code>martinianus</code>,1,0.0004431
256,martyras,<code>martyras</code>,1,0.0004431
256,menigfealde,<code>menigfealde</code>,1,0.0004431
256,menigu,<code>menigu</code>,1,0.0004431
256,mennisc,<code>mennisc</code>,1,0.0004431
256,micele,<code>micele</code>,1,0.0004431
256,middaneard,<code>middaneard</code>,1,0.0004431
256,miht,<code>miht</code>,1,0.0004431
256,mihte,<code>mihte</code>,1,0.0004431
256,miltsigend,<code>miltsigend</code>,1,0.0004431
256,min,<code>min</code>,1,0.0004431
256,mines,<code>mines</code>,1,0.0004431
256,minre,<code>minre</code>,1,0.0004431
256,minum,<code>minum</code>,1,0.0004431
256,moddrian,<code>moddrian</code>,1,0.0004431
256,mode,<code>mode</code>,1,0.0004431
256,moste,<code>moste</code>,1,0.0004431
256,mote,<code>mote</code>,1,0.0004431
256,moysen,<code>moysen</code>,1,0.0004431
256,mu&eth;e,<code>mu&amp;d;e</code>,1,0.0004431
256,na,<code>na</code>,1,0.0004431
256,nam,<code>nam</code>,1,0.0004431
256,nama,<code>nama</code>,1,0.0004431
256,nan,<code>nan</code>,1,0.0004431
256,nanre,<code>nanre</code>,1,0.0004431
256,natale,<code>natale</code>,1,0.0004431
256,nateshwon,<code>nateshwon</code>,1,0.0004431
256,nebwlitu,<code>nebwlitu</code>,1,0.0004431
256,nelt,<code>nelt</code>,1,0.0004431
256,nihte,<code>nihte</code>,1,0.0004431
256,nihtes,<code>nihtes</code>,1,0.0004431
256,niman,<code>niman</code>,1,0.0004431
256,nime,<code>nime</code>,1,0.0004431
256,nolde,<code>nolde</code>,1,0.0004431
256,o&eth;&eth;e,<code>o&amp;d;&amp;d;e</code>,1,0.0004431
256,o&eth;er,<code>o&amp;d;er</code>,1,0.0004431
256,o&eth;re,<code>o&amp;d;re</code>,1,0.0004431
256,o&eth;rum,<code>o&amp;d;rum</code>,1,0.0004431
256,oferdrifenne,<code>oferdrifenne</code>,1,0.0004431
256,oferswi&eth;an,<code>oferswi&amp;d;an</code>,1,0.0004431
256,oferwreah,<code>oferwreah</code>,1,0.0004431
256,ofsceamod,<code>ofsceamod</code>,1,0.0004431
256,oftost,<code>oftost</code>,1,0.0004431
256,oncnawe,<code>oncnawe</code>,1,0.0004431
256,ongean,<code>ongean</code>,1,0.0004431
256,ongunnon,<code>ongunnon</code>,1,0.0004431
256,onlihte,<code>onlihte</code>,1,0.0004431
256,onstod,<code>onstod</code>,1,0.0004431
256,ontende,<code>ontende</code>,1,0.0004431
256,orm&aelig;tum,<code>orm&amp;ae;tum</code>,1,0.0004431
256,orsorh,<code>orsorh</code>,1,0.0004431
256,petrum,<code>petrum</code>,1,0.0004431
256,phariseum,<code>phariseum</code>,1,0.0004431
256,pusum,<code>pusum</code>,1,0.0004431
256,r&aelig;d,<code>r&amp;ae;d</code>,1,0.0004431
256,r&aelig;da&eth;,<code>r&amp;ae;da&amp;d;</code>,1,0.0004431
256,racenteagum,<code>racenteagum</code>,1,0.0004431
256,regol,<code>regol</code>,1,0.0004431
256,rixa&eth;,<code>rixa&amp;d;</code>,1,0.0004431
256,s&aelig;de,<code>s&amp;ae;de</code>,1,0.0004431
256,s&aelig;licum,<code>s&amp;ae;licum</code>,1,0.0004431
256,s&aelig;mtinges,<code>s&amp;ae;mtinges</code>,1,0.0004431
256,samaria,<code>samaria</code>,1,0.0004431
256,sancti,<code>sancti</code>,1,0.0004431
256,sanctorum,<code>sanctorum</code>,1,0.0004431
256,sarnyssum,<code>sarnyssum</code>,1,0.0004431
256,sawla,<code>sawla</code>,1,0.0004431
256,scea&eth;um,<code>scea&amp;d;um</code>,1,0.0004431
256,scealt,<code>scealt</code>,1,0.0004431
256,scean,<code>scean</code>,1,0.0004431
256,sceattas,<code>sceattas</code>,1,0.0004431
256,sceolde,<code>sceolde</code>,1,0.0004431
256,sceole,<code>sceole</code>,1,0.0004431
256,sceolon,<code>sceolon</code>,1,0.0004431
256,sceortlice,<code>sceortlice</code>,1,0.0004431
256,screafe,<code>screafe</code>,1,0.0004431
256,scryn,<code>scryn</code>,1,0.0004431
256,scyppend,<code>scyppend</code>,1,0.0004431
256,se&eth;a&eth;,<code>se&amp;d;a&amp;d;</code>,1,0.0004431
256,sealde,<code>sealde</code>,1,0.0004431
256,sealdon,<code>sealdon</code>,1,0.0004431
256,sege,<code>sege</code>,1,0.0004431
256,sende,<code>sende</code>,1,0.0004431
256,seo,<code>seo</code>,1,0.0004431
256,seofan,<code>seofan</code>,1,0.0004431
256,septem,<code>septem</code>,1,0.0004431
256,seraphion,<code>seraphion</code>,1,0.0004431
256,si&eth;&eth;an,<code>si&amp;d;&amp;d;an</code>,1,0.0004431
256,si&eth;ode,<code>si&amp;d;ode</code>,1,0.0004431
256,sigef&aelig;ste,<code>sigef&amp;ae;ste</code>,1,0.0004431
256,sindon,<code>sindon</code>,1,0.0004431
256,sl&aelig;pe,<code>sl&amp;ae;pe</code>,1,0.0004431
256,slapende,<code>slapende</code>,1,0.0004431
256,slapera,<code>slapera</code>,1,0.0004431
256,smic,<code>smic</code>,1,0.0004431
256,so&eth;um,<code>so&amp;d;um</code>,1,0.0004431
256,sona,<code>sona</code>,1,0.0004431
256,stan,<code>stan</code>,1,0.0004431
256,stanas,<code>stanas</code>,1,0.0004431
256,stande,<code>stande</code>,1,0.0004431
256,stemne,<code>stemne</code>,1,0.0004431
256,stemnum,<code>stemnum</code>,1,0.0004431
256,stent,<code>stent</code>,1,0.0004431
256,styrung,<code>styrung</code>,1,0.0004431
256,sume,<code>sume</code>,1,0.0004431
256,sumum,<code>sumum</code>,1,0.0004431
256,sunderhalgan,<code>sunderhalgan</code>,1,0.0004431
256,sunderspr&aelig;ce,<code>sunderspr&amp;ae;ce</code>,1,0.0004431
256,sunne,<code>sunne</code>,1,0.0004431
256,swi&eth;e,<code>swi&amp;d;e</code>,1,0.0004431
256,swi&eth;or,<code>swi&amp;d;or</code>,1,0.0004431
256,swutellice,<code>swutellice</code>,1,0.0004431
256,sylle,<code>sylle</code>,1,0.0004431
256,synderlice,<code>synderlice</code>,1,0.0004431
256,synfullan,<code>synfullan</code>,1,0.0004431
256,syngodon,<code>syngodon</code>,1,0.0004431
256,synna,<code>synna</code>,1,0.0004431
256,t&aelig;hte,<code>t&amp;ae;hte</code>,1,0.0004431
256,t&aelig;htest,<code>t&amp;ae;htest</code>,1,0.0004431
256,t&aelig;lendne,<code>t&amp;ae;lendne</code>,1,0.0004431
256,tacn,<code>tacn</code>,1,0.0004431
256,tacne,<code>tacne</code>,1,0.0004431
256,theodosie,<code>theodosie</code>,1,0.0004431
256,theodosies,<code>theodosies</code>,1,0.0004431
256,theodosius,<code>theodosius</code>,1,0.0004431
256,tide,<code>tide</code>,1,0.0004431
256,tima,<code>tima</code>,1,0.0004431
256,tintregienne,<code>tintregienne</code>,1,0.0004431
256,tintregum,<code>tintregum</code>,1,0.0004431
256,tobrec,<code>tobrec</code>,1,0.0004431
256,tocyme,<code>tocyme</code>,1,0.0004431
256,togeanes,<code>togeanes</code>,1,0.0004431
256,twa,<code>twa</code>,1,0.0004431
256,twyn,<code>twyn</code>,1,0.0004431
256,un&eth;ances,<code>un&amp;d;ances</code>,1,0.0004431
256,un&eth;ancwur&eth;um,<code>un&amp;d;ancwur&amp;d;um</code>,1,0.0004431
256,unaberendlice,<code>unaberendlice</code>,1,0.0004431
256,unbind,<code>unbind</code>,1,0.0004431
256,unbinde,<code>unbinde</code>,1,0.0004431
256,under,<code>under</code>,1,0.0004431
256,underfeng,<code>underfeng</code>,1,0.0004431
256,underfo,<code>underfo</code>,1,0.0004431
256,underfoh,<code>underfoh</code>,1,0.0004431
256,undergeat,<code>undergeat</code>,1,0.0004431
256,unrihtlice,<code>unrihtlice</code>,1,0.0004431
256,unwarum,<code>unwarum</code>,1,0.0004431
256,up,<code>up</code>,1,0.0004431
256,upstige,<code>upstige</code>,1,0.0004431
256,ures,<code>ures</code>,1,0.0004431
256,ut,<code>ut</code>,1,0.0004431
256,vi,<code>vi</code>,1,0.0004431
256,viii,<code>viii</code>,1,0.0004431
256,w&aelig;ter,<code>w&amp;ae;ter</code>,1,0.0004431
256,w&aelig;tere,<code>w&amp;ae;tere</code>,1,0.0004431
256,w&aelig;teres,<code>w&amp;ae;teres</code>,1,0.0004431
256,wege,<code>wege</code>,1,0.0004431
256,weld&aelig;da,<code>weld&amp;ae;da</code>,1,0.0004431
256,welwyllende,<code>welwyllende</code>,1,0.0004431
256,wene,<code>wene</code>,1,0.0004431
256,weorcstanum,<code>weorcstanum</code>,1,0.0004431
256,weorcum,<code>weorcum</code>,1,0.0004431
256,westene,<code>westene</code>,1,0.0004431
256,wi&eth;cwe&eth;enne,<code>wi&amp;d;cwe&amp;d;enne</code>,1,0.0004431
256,wi&eth;soc,<code>wi&amp;d;soc</code>,1,0.0004431
256,willa&eth;,<code>willa&amp;d;</code>,1,0.0004431
256,wodum,<code>wodum</code>,1,0.0004431
256,worhte,<code>worhte</code>,1,0.0004431
256,woruld,<code>woruld</code>,1,0.0004431
256,worulda,<code>worulda</code>,1,0.0004431
256,wrecan,<code>wrecan</code>,1,0.0004431
256,wuldor,<code>wuldor</code>,1,0.0004431
256,wundor,<code>wundor</code>,1,0.0004431
256,wundra,<code>wundra</code>,1,0.0004431
256,wundrum,<code>wundrum</code>,1,0.0004431
256,wunigende,<code>wunigende</code>,1,0.0004431
256,wur&eth;ia&eth;,<code>wur&amp;d;ia&amp;d;</code>,1,0.0004431
256,wur&eth;mynt,<code>wur&amp;d;mynt</code>,1,0.0004431
256,wur&eth;odest,<code>wur&amp;d;odest</code>,1,0.0004431
256,wylle,<code>wylle</code>,1,0.0004431
256,wyrcan,<code>wyrcan</code>,1,0.0004431
256,wyrhtan,<code>wyrhtan</code>,1,0.0004431
256,wyrige,<code>wyrige</code>,1,0.0004431
256,wyrm,<code>wyrm</code>,1,0.0004431
256,y&eth;um,<code>y&amp;d;um</code>,1,0.0004431
256,yfel,<code>yfel</code>,1,0.0004431
256,yfeld&aelig;dum,<code>yfeld&amp;ae;dum</code>,1,0.0004431
256,yfele,<code>yfele</code>,1,0.0004431
256,yfeles,<code>yfeles</code>,1,0.0004431
256,yfelum,<code>yfelum</code>,1,0.0004431
256,ylcan,<code>ylcan</code>,1,0.0004431
256,yldesta,<code>yldesta</code>,1,0.0004431
256,ymbe,<code>ymbe</code>,1,0.0004431
