B_Prose,B01,B01.001.031_AECHom_I__29_T02380.txt,1065,699,3120
RANK,HTML WORD,RAW WORD,COUNT,RELATIVE FREQUENCY
1,&amp;,<code>&amp;amp;</code>,134,0.0429487
2,mid,<code>mid</code>,88,0.0282051
3,&thorn;am,<code>&amp;t;am</code>,68,0.0217949
4,to,<code>to</code>,58,0.0185897
5,on,<code>on</code>,57,0.0182692
6,se,<code>se</code>,55,0.0176282
7,&eth;a,<code>&amp;d;a</code>,54,0.0173077
8,&thorn;a,<code>&amp;t;a</code>,52,0.0166667
9,ic,<code>ic</code>,50,0.0160256
10,&thorn;&aelig;t,<code>&amp;t;&amp;ae;t</code>,46,0.0147436
10,his,<code>his</code>,46,0.0147436
12,cw&aelig;&eth;,<code>cw&amp;ae;&amp;d;</code>,45,0.0144231
13,&thorn;e,<code>&amp;t;e</code>,43,0.0137821
14,he,<code>he</code>,42,0.0134615
15,&thorn;u,<code>&amp;t;u</code>,39,0.0125000
16,hine,<code>hine</code>,33,0.0105769
17,laurentius,<code>laurentius</code>,32,0.0102564
18,ne,<code>ne</code>,31,0.0099359
19,&thorn;&aelig;s,<code>&amp;t;&amp;ae;s</code>,26,0.0083333
20,&eth;u,<code>&amp;d;u</code>,25,0.0080128
21,decius,<code>decius</code>,24,0.0076923
22,hi,<code>hi</code>,23,0.0073718
23,&eth;e,<code>&amp;d;e</code>,21,0.0067308
24,me,<code>me</code>,19,0.0060897
25,&thorn;&aelig;re,<code>&amp;t;&amp;ae;re</code>,18,0.0057692
25,&thorn;one,<code>&amp;t;one</code>,18,0.0057692
27,het,<code>het</code>,17,0.0054487
27,him,<code>him</code>,17,0.0054487
29,andwyrde,<code>andwyrde</code>,16,0.0051282
29,halgan,<code>halgan</code>,16,0.0051282
29,swa,<code>swa</code>,16,0.0051282
32,for,<code>for</code>,14,0.0044872
33,&thorn;inum,<code>&amp;t;inum</code>,13,0.0041667
33,casere,<code>casere</code>,13,0.0041667
33,gode,<code>gode</code>,13,0.0041667
33,godes,<code>godes</code>,13,0.0041667
33,w&aelig;s,<code>w&amp;ae;s</code>,13,0.0041667
33,ypolitus,<code>ypolitus</code>,13,0.0041667
39,eadiga,<code>eadiga</code>,11,0.0035256
39,nu,<code>nu</code>,11,0.0035256
41,&thorn;ine,<code>&amp;t;ine</code>,10,0.0032051
41,biscop,<code>biscop</code>,10,0.0032051
41,clypode,<code>clypode</code>,10,0.0032051
41,gif,<code>gif</code>,10,0.0032051
41,godum,<code>godum</code>,10,0.0032051
41,heora,<code>heora</code>,10,0.0032051
47,&aelig;fter,<code>&amp;ae;fter</code>,9,0.0028846
47,&thorn;an,<code>&amp;t;an</code>,9,0.0028846
47,&thorn;urh,<code>&amp;t;urh</code>,9,0.0028846
47,geoffra,<code>geoffra</code>,9,0.0028846
47,hw&aelig;t,<code>hw&amp;ae;t</code>,9,0.0028846
47,so&eth;lice,<code>so&amp;d;lice</code>,9,0.0028846
47,wear&eth;,<code>wear&amp;d;</code>,9,0.0028846
54,caseres,<code>caseres</code>,8,0.0025641
54,ge,<code>ge</code>,8,0.0025641
54,is,<code>is</code>,8,0.0025641
54,ma&eth;mas,<code>ma&amp;d;mas</code>,8,0.0025641
54,ualerianus,<code>ualerianus</code>,8,0.0025641
54,witodlice,<code>witodlice</code>,8,0.0025641
60,be,<code>be</code>,7,0.0022436
60,cristen,<code>cristen</code>,7,0.0022436
60,d&aelig;ge,<code>d&amp;ae;ge</code>,7,0.0022436
60,f&aelig;der,<code>f&amp;ae;der</code>,7,0.0022436
60,god,<code>god</code>,7,0.0022436
60,stemne,<code>stemne</code>,7,0.0022436
60,urum,<code>urum</code>,7,0.0022436
60,ylcan,<code>ylcan</code>,7,0.0022436
68,&thorn;&aelig;ra,<code>&amp;t;&amp;ae;ra</code>,6,0.0019231
68,&thorn;ysum,<code>&amp;t;ysum</code>,6,0.0019231
68,beo,<code>beo</code>,6,0.0019231
68,cristes,<code>cristes</code>,6,0.0019231
68,cwearterne,<code>cwearterne</code>,6,0.0019231
68,diacon,<code>diacon</code>,6,0.0019231
68,eom,<code>eom</code>,6,0.0019231
68,fram,<code>fram</code>,6,0.0019231
68,halga,<code>halga</code>,6,0.0019231
68,lac,<code>lac</code>,6,0.0019231
68,laurentium,<code>laurentium</code>,6,0.0019231
68,min,<code>min</code>,6,0.0019231
68,of,<code>of</code>,6,0.0019231
68,tintregum,<code>tintregum</code>,6,0.0019231
68,ure,<code>ure</code>,6,0.0019231
68,us,<code>us</code>,6,0.0019231
68,we,<code>we</code>,6,0.0019231
85,&aelig;tforan,<code>&amp;ae;tforan</code>,5,0.0016026
85,&thorn;isum,<code>&amp;t;isum</code>,5,0.0016026
85,ac,<code>ac</code>,5,0.0016026
85,cempan,<code>cempan</code>,5,0.0016026
85,crist,<code>crist</code>,5,0.0016026
85,cy&thorn;ere,<code>cy&amp;t;ere</code>,5,0.0016026
85,diacone,<code>diacone</code>,5,0.0016026
85,eadigan,<code>eadigan</code>,5,0.0016026
85,eala,<code>eala</code>,5,0.0016026
85,ealle,<code>ealle</code>,5,0.0016026
85,eallum,<code>eallum</code>,5,0.0016026
85,eft,<code>eft</code>,5,0.0016026
85,gefullode,<code>gefullode</code>,5,0.0016026
85,naman,<code>naman</code>,5,0.0016026
85,samod,<code>samod</code>,5,0.0016026
85,sy,<code>sy</code>,5,0.0016026
85,wi&eth;,<code>wi&amp;d;</code>,5,0.0016026
85,wope,<code>wope</code>,5,0.0016026
85,ypolite,<code>ypolite</code>,5,0.0016026
104,&eth;am,<code>&amp;d;am</code>,4,0.0012821
104,biddende,<code>biddende</code>,4,0.0012821
104,buton,<code>buton</code>,4,0.0012821
104,criste,<code>criste</code>,4,0.0012821
104,cwellere,<code>cwellere</code>,4,0.0012821
104,cyrcan,<code>cyrcan</code>,4,0.0012821
104,diaconum,<code>diaconum</code>,4,0.0012821
104,eall,<code>eall</code>,4,0.0012821
104,earming,<code>earming</code>,4,0.0012821
104,eart,<code>eart</code>,4,0.0012821
104,fet,<code>fet</code>,4,0.0012821
104,gast,<code>gast</code>,4,0.0012821
104,gelyfst,<code>gelyfst</code>,4,0.0012821
104,gyt,<code>gyt</code>,4,0.0012821
104,h&aelig;lend,<code>h&amp;ae;lend</code>,4,0.0012821
104,h&aelig;lendum,<code>h&amp;ae;lendum</code>,4,0.0012821
104,hr&aelig;dlice,<code>hr&amp;ae;dlice</code>,4,0.0012821
104,iustinus,<code>iustinus</code>,4,0.0012821
104,la,<code>la</code>,4,0.0012821
104,lichaman,<code>lichaman</code>,4,0.0012821
104,manna,<code>manna</code>,4,0.0012821
104,mine,<code>mine</code>,4,0.0012821
104,mode,<code>mode</code>,4,0.0012821
104,nama,<code>nama</code>,4,0.0012821
104,o&eth;&eth;e,<code>o&amp;d;&amp;d;e</code>,4,0.0012821
104,offrian,<code>offrian</code>,4,0.0012821
104,preostum,<code>preostum</code>,4,0.0012821
104,scealt,<code>scealt</code>,4,0.0012821
104,seo,<code>seo</code>,4,0.0012821
104,sind,<code>sind</code>,4,0.0012821
104,twam,<code>twam</code>,4,0.0012821
104,w&aelig;lhreowa,<code>w&amp;ae;lhreowa</code>,4,0.0012821
104,w&aelig;ron,<code>w&amp;ae;ron</code>,4,0.0012821
104,wordum,<code>wordum</code>,4,0.0012821
138,&aelig;lmihtigum,<code>&amp;ae;lmihtigum</code>,3,0.0009615
138,&aelig;nne,<code>&amp;ae;nne</code>,3,0.0009615
138,&aelig;t,<code>&amp;ae;t</code>,3,0.0009615
138,&eth;&aelig;s,<code>&amp;d;&amp;ae;s</code>,3,0.0009615
138,&eth;&aelig;t,<code>&amp;d;&amp;ae;t</code>,3,0.0009615
138,&eth;ine,<code>&amp;d;ine</code>,3,0.0009615
138,&thorn;&aelig;rrihte,<code>&amp;t;&amp;ae;rrihte</code>,3,0.0009615
138,&thorn;inre,<code>&amp;t;inre</code>,3,0.0009615
138,&thorn;us,<code>&amp;t;us</code>,3,0.0009615
138,&thorn;y,<code>&amp;t;y</code>,3,0.0009615
138,bed,<code>bed</code>,3,0.0009615
138,bet&aelig;hte,<code>bet&amp;ae;hte</code>,3,0.0009615
138,blindan,<code>blindan</code>,3,0.0009615
138,com,<code>com</code>,3,0.0009615
138,comon,<code>comon</code>,3,0.0009615
138,cristenan,<code>cristenan</code>,3,0.0009615
138,cwe&thorn;ende,<code>cwe&amp;t;ende</code>,3,0.0009615
138,d&aelig;l,<code>d&amp;ae;l</code>,3,0.0009615
138,drihten,<code>drihten</code>,3,0.0009615
138,eagan,<code>eagan</code>,3,0.0009615
138,ealra,<code>ealra</code>,3,0.0009615
138,ealre,<code>ealre</code>,3,0.0009615
138,ecan,<code>ecan</code>,3,0.0009615
138,eowrum,<code>eowrum</code>,3,0.0009615
138,f&aelig;rlice,<code>f&amp;ae;rlice</code>,3,0.0009615
138,fela,<code>fela</code>,3,0.0009615
138,ferde,<code>ferde</code>,3,0.0009615
138,fulluhtes,<code>fulluhtes</code>,3,0.0009615
138,gehathyrt,<code>gehathyrt</code>,3,0.0009615
138,geleafan,<code>geleafan</code>,3,0.0009615
138,gesohte,<code>gesohte</code>,3,0.0009615
138,geswutela,<code>geswutela</code>,3,0.0009615
138,godas,<code>godas</code>,3,0.0009615
138,h&aelig;lendes,<code>h&amp;ae;lendes</code>,3,0.0009615
138,halgum,<code>halgum</code>,3,0.0009615
138,halsie,<code>halsie</code>,3,0.0009615
138,hame,<code>hame</code>,3,0.0009615
138,heahgerefan,<code>heahgerefan</code>,3,0.0009615
138,hrymde,<code>hrymde</code>,3,0.0009615
138,isene,<code>isene</code>,3,0.0009615
138,martyrdome,<code>martyrdome</code>,3,0.0009615
138,men,<code>men</code>,3,0.0009615
138,minum,<code>minum</code>,3,0.0009615
138,mu&eth;e,<code>mu&amp;d;e</code>,3,0.0009615
138,nihte,<code>nihte</code>,3,0.0009615
138,o&thorn;rum,<code>o&amp;t;rum</code>,3,0.0009615
138,pinungum,<code>pinungum</code>,3,0.0009615
138,romanus,<code>romanus</code>,3,0.0009615
138,sacerd,<code>sacerd</code>,3,0.0009615
138,sixtus,<code>sixtus</code>,3,0.0009615
138,stanum,<code>stanum</code>,3,0.0009615
138,swipum,<code>swipum</code>,3,0.0009615
138,symle,<code>symle</code>,3,0.0009615
138,syxtus,<code>syxtus</code>,3,0.0009615
138,temple,<code>temple</code>,3,0.0009615
138,tide,<code>tide</code>,3,0.0009615
138,tintregan,<code>tintregan</code>,3,0.0009615
138,undeadlicum,<code>undeadlicum</code>,3,0.0009615
138,worde,<code>worde</code>,3,0.0009615
138,wuldre,<code>wuldre</code>,3,0.0009615
198,&aelig;,<code>&amp;ae;</code>,2,0.0006410
198,&aelig;lmihtiga,<code>&amp;ae;lmihtiga</code>,2,0.0006410
198,&aelig;r,<code>&amp;ae;r</code>,2,0.0006410
198,&eth;as,<code>&amp;d;as</code>,2,0.0006410
198,&eth;onne,<code>&amp;d;onne</code>,2,0.0006410
198,&eth;urh,<code>&amp;d;urh</code>,2,0.0006410
198,&thorn;ancie,<code>&amp;t;ancie</code>,2,0.0006410
198,&thorn;ancode,<code>&amp;t;ancode</code>,2,0.0006410
198,&thorn;as,<code>&amp;t;as</code>,2,0.0006410
198,&thorn;earfum,<code>&amp;t;earfum</code>,2,0.0006410
198,&thorn;es,<code>&amp;t;es</code>,2,0.0006410
198,&thorn;ines,<code>&amp;t;ines</code>,2,0.0006410
198,&thorn;onne,<code>&amp;t;onne</code>,2,0.0006410
198,&thorn;rim,<code>&amp;t;rim</code>,2,0.0006410
198,ablin,<code>ablin</code>,2,0.0006410
198,afyrhte,<code>afyrhte</code>,2,0.0006410
198,agapitus,<code>agapitus</code>,2,0.0006410
198,ageaf,<code>ageaf</code>,2,0.0006410
198,andwyrdon,<code>andwyrdon</code>,2,0.0006410
198,anmodlice,<code>anmodlice</code>,2,0.0006410
198,aspende,<code>aspende</code>,2,0.0006410
198,astrecca&eth;,<code>astrecca&amp;d;</code>,2,0.0006410
198,awed,<code>awed</code>,2,0.0006410
198,awurp,<code>awurp</code>,2,0.0006410
198,bearne,<code>bearne</code>,2,0.0006410
198,bebead,<code>bebead</code>,2,0.0006410
198,bebyrigde,<code>bebyrigde</code>,2,0.0006410
198,bedde,<code>bedde</code>,2,0.0006410
198,befran,<code>befran</code>,2,0.0006410
198,beo&eth;,<code>beo&amp;d;</code>,2,0.0006410
198,beon,<code>beon</code>,2,0.0006410
198,beorga&eth;,<code>beorga&amp;d;</code>,2,0.0006410
198,beorhtlice,<code>beorhtlice</code>,2,0.0006410
198,beorhtre,<code>beorhtre</code>,2,0.0006410
198,beseah,<code>beseah</code>,2,0.0006410
198,betwux,<code>betwux</code>,2,0.0006410
198,bi&eth;,<code>bi&amp;d;</code>,2,0.0006410
198,binnon,<code>binnon</code>,2,0.0006410
198,biscope,<code>biscope</code>,2,0.0006410
198,blisse,<code>blisse</code>,2,0.0006410
198,botle,<code>botle</code>,2,0.0006410
198,byrnendum,<code>byrnendum</code>,2,0.0006410
198,clutas,<code>clutas</code>,2,0.0006410
198,cnucian,<code>cnucian</code>,2,0.0006410
198,cristenra,<code>cristenra</code>,2,0.0006410
198,cristenum,<code>cristenum</code>,2,0.0006410
198,cwelleras,<code>cwelleras</code>,2,0.0006410
198,cwellerum,<code>cwellerum</code>,2,0.0006410
198,cwen,<code>cwen</code>,2,0.0006410
198,cyrilla,<code>cyrilla</code>,2,0.0006410
198,dagum,<code>dagum</code>,2,0.0006410
198,decies,<code>decies</code>,2,0.0006410
198,deofolgylde,<code>deofolgylde</code>,2,0.0006410
198,diaconas,<code>diaconas</code>,2,0.0006410
198,dohtor,<code>dohtor</code>,2,0.0006410
198,dry,<code>dry</code>,2,0.0006410
198,drycr&aelig;fte,<code>drycr&amp;ae;fte</code>,2,0.0006410
198,eac,<code>eac</code>,2,0.0006410
198,eadmodre,<code>eadmodre</code>,2,0.0006410
198,ece,<code>ece</code>,2,0.0006410
198,ecge,<code>ecge</code>,2,0.0006410
198,ecnysse,<code>ecnysse</code>,2,0.0006410
198,eornostlice,<code>eornostlice</code>,2,0.0006410
198,eow,<code>eow</code>,2,0.0006410
198,eower,<code>eower</code>,2,0.0006410
198,ercediacon,<code>ercediacon</code>,2,0.0006410
198,faran,<code>faran</code>,2,0.0006410
198,fare,<code>fare</code>,2,0.0006410
198,felicissimus,<code>felicissimus</code>,2,0.0006410
198,forhtige,<code>forhtige</code>,2,0.0006410
198,forl&aelig;t,<code>forl&amp;ae;t</code>,2,0.0006410
198,forl&aelig;te,<code>forl&amp;ae;te</code>,2,0.0006410
198,gaste,<code>gaste</code>,2,0.0006410
198,geaxode,<code>geaxode</code>,2,0.0006410
198,gebiddan,<code>gebiddan</code>,2,0.0006410
198,gebletsod,<code>gebletsod</code>,2,0.0006410
198,gebroht,<code>gebroht</code>,2,0.0006410
198,gebundenne,<code>gebundenne</code>,2,0.0006410
198,gefullod,<code>gefullod</code>,2,0.0006410
198,gehalgode,<code>gehalgode</code>,2,0.0006410
198,gehuslode,<code>gehuslode</code>,2,0.0006410
198,gehyrdon,<code>gehyrdon</code>,2,0.0006410
198,gel&aelig;d,<code>gel&amp;ae;d</code>,2,0.0006410
198,gel&aelig;hton,<code>gel&amp;ae;hton</code>,2,0.0006410
198,gelyfde,<code>gelyfde</code>,2,0.0006410
198,gemette,<code>gemette</code>,2,0.0006410
198,geoffrige,<code>geoffrige</code>,2,0.0006410
198,gepiledum,<code>gepiledum</code>,2,0.0006410
198,geseah,<code>geseah</code>,2,0.0006410
198,geseo,<code>geseo</code>,2,0.0006410
198,gesih&eth;e,<code>gesih&amp;d;e</code>,2,0.0006410
198,gewilnode,<code>gewilnode</code>,2,0.0006410
198,geworht,<code>geworht</code>,2,0.0006410
198,gleda,<code>gleda</code>,2,0.0006410
198,h&aelig;se,<code>h&amp;ae;se</code>,2,0.0006410
198,halgena,<code>halgena</code>,2,0.0006410
198,handa,<code>handa</code>,2,0.0006410
198,heahgereuan,<code>heahgereuan</code>,2,0.0006410
198,hengene,<code>hengene</code>,2,0.0006410
198,heortan,<code>heortan</code>,2,0.0006410
198,hiwan,<code>hiwan</code>,2,0.0006410
198,hiwisces,<code>hiwisces</code>,2,0.0006410
198,hlaforde,<code>hlaforde</code>,2,0.0006410
198,hlihendum,<code>hlihendum</code>,2,0.0006410
198,hluddre,<code>hluddre</code>,2,0.0006410
198,hordum,<code>hordum</code>,2,0.0006410
198,hweder,<code>hweder</code>,2,0.0006410
198,hyre,<code>hyre</code>,2,0.0006410
198,isenan,<code>isenan</code>,2,0.0006410
198,l&aelig;ddon,<code>l&amp;ae;ddon</code>,2,0.0006410
198,l&aelig;s,<code>l&amp;ae;s</code>,2,0.0006410
198,langlice,<code>langlice</code>,2,0.0006410
198,laurenties,<code>laurenties</code>,2,0.0006410
198,lif,<code>lif</code>,2,0.0006410
198,ma,<code>ma</code>,2,0.0006410
198,ma&eth;mum,<code>ma&amp;d;mum</code>,2,0.0006410
198,mann,<code>mann</code>,2,0.0006410
198,martis,<code>martis</code>,2,0.0006410
198,menniscum,<code>menniscum</code>,2,0.0006410
198,micclum,<code>micclum</code>,2,0.0006410
198,micel,<code>micel</code>,2,0.0006410
198,micelre,<code>micelre</code>,2,0.0006410
198,mihte,<code>mihte</code>,2,0.0006410
198,mines,<code>mines</code>,2,0.0006410
198,mislicum,<code>mislicum</code>,2,0.0006410
198,moste,<code>moste</code>,2,0.0006410
198,mu&eth;,<code>mu&amp;d;</code>,2,0.0006410
198,nane,<code>nane</code>,2,0.0006410
198,nanum,<code>nanum</code>,2,0.0006410
198,nateshwon,<code>nateshwon</code>,2,0.0006410
198,nigontyne,<code>nigontyne</code>,2,0.0006410
198,niht,<code>niht</code>,2,0.0006410
198,onlihte,<code>onlihte</code>,2,0.0006410
198,racenteagum,<code>racenteagum</code>,2,0.0006410
198,re&thorn;a,<code>re&amp;t;a</code>,2,0.0006410
198,rice,<code>rice</code>,2,0.0006410
198,saglum,<code>saglum</code>,2,0.0006410
198,sceolde,<code>sceolde</code>,2,0.0006410
198,singallice,<code>singallice</code>,2,0.0006410
198,stearcum,<code>stearcum</code>,2,0.0006410
198,stengum,<code>stengum</code>,2,0.0006410
198,stunt,<code>stunt</code>,2,0.0006410
198,sum,<code>sum</code>,2,0.0006410
198,sunu,<code>sunu</code>,2,0.0006410
198,swi&eth;or,<code>swi&amp;d;or</code>,2,0.0006410
198,swi&thorn;or,<code>swi&amp;t;or</code>,2,0.0006410
198,swingan,<code>swingan</code>,2,0.0006410
198,swipan,<code>swipan</code>,2,0.0006410
198,swurdes,<code>swurdes</code>,2,0.0006410
198,sy&eth;&eth;an,<code>sy&amp;d;&amp;d;an</code>,2,0.0006410
198,sylf,<code>sylf</code>,2,0.0006410
198,sylfne,<code>sylfne</code>,2,0.0006410
198,tearum,<code>tearum</code>,2,0.0006410
198,temples,<code>temples</code>,2,0.0006410
198,tihst,<code>tihst</code>,2,0.0006410
198,tintregu,<code>tintregu</code>,2,0.0006410
198,triphonia,<code>triphonia</code>,2,0.0006410
198,twegen,<code>twegen</code>,2,0.0006410
198,ualeriane,<code>ualeriane</code>,2,0.0006410
198,unscrydan,<code>unscrydan</code>,2,0.0006410
198,uton,<code>uton</code>,2,0.0006410
198,w&aelig;dum,<code>w&amp;ae;dum</code>,2,0.0006410
198,w&aelig;re,<code>w&amp;ae;re</code>,2,0.0006410
198,wera,<code>wera</code>,2,0.0006410
198,wifa,<code>wifa</code>,2,0.0006410
198,wulderbeage,<code>wulderbeage</code>,2,0.0006410
198,wurdon,<code>wurdon</code>,2,0.0006410
198,wydewan,<code>wydewan</code>,2,0.0006410
198,ylde,<code>ylde</code>,2,0.0006410
367,&aelig;&thorn;elan,<code>&amp;ae;&amp;t;elan</code>,1,0.0003205
367,&aelig;fre,<code>&amp;ae;fre</code>,1,0.0003205
367,&aelig;hta,<code>&amp;ae;hta</code>,1,0.0003205
367,&aelig;l&thorn;eodigum,<code>&amp;ae;l&amp;t;eodigum</code>,1,0.0003205
367,&aelig;lcum,<code>&amp;ae;lcum</code>,1,0.0003205
367,&aelig;lmihtigan,<code>&amp;ae;lmihtigan</code>,1,0.0003205
367,&aelig;lmihtigne,<code>&amp;ae;lmihtigne</code>,1,0.0003205
367,&aelig;teowia&eth;,<code>&amp;ae;teowia&amp;d;</code>,1,0.0003205
367,&amp;werdnysse,<code>&amp;amp;werdnysse</code>,1,0.0003205
367,&eth;&aelig;re,<code>&amp;d;&amp;ae;re</code>,1,0.0003205
367,&eth;an,<code>&amp;d;an</code>,1,0.0003205
367,&eth;eos,<code>&amp;d;eos</code>,1,0.0003205
367,&eth;eowan,<code>&amp;d;eowan</code>,1,0.0003205
367,&eth;inum,<code>&amp;d;inum</code>,1,0.0003205
367,&eth;one,<code>&amp;d;one</code>,1,0.0003205
367,&eth;rowunge,<code>&amp;d;rowunge</code>,1,0.0003205
367,&eth;ydon,<code>&amp;d;ydon</code>,1,0.0003205
367,&thorn;&aelig;ron,<code>&amp;t;&amp;ae;ron</code>,1,0.0003205
367,&thorn;ancige,<code>&amp;t;ancige</code>,1,0.0003205
367,&thorn;anon,<code>&amp;t;anon</code>,1,0.0003205
367,&thorn;eahhw&aelig;&thorn;ere,<code>&amp;t;eahhw&amp;ae;&amp;t;ere</code>,1,0.0003205
367,&thorn;earle,<code>&amp;t;earle</code>,1,0.0003205
367,&thorn;egen,<code>&amp;t;egen</code>,1,0.0003205
367,&thorn;egnas,<code>&amp;t;egnas</code>,1,0.0003205
367,&thorn;eos,<code>&amp;t;eos</code>,1,0.0003205
367,&thorn;eowan,<code>&amp;t;eowan</code>,1,0.0003205
367,&thorn;eowte,<code>&amp;t;eowte</code>,1,0.0003205
367,&thorn;in,<code>&amp;t;in</code>,1,0.0003205
367,&thorn;inc&eth;,<code>&amp;t;inc&amp;d;</code>,1,0.0003205
367,&thorn;ing,<code>&amp;t;ing</code>,1,0.0003205
367,&thorn;inga,<code>&amp;t;inga</code>,1,0.0003205
367,&thorn;ingie,<code>&amp;t;ingie</code>,1,0.0003205
367,&thorn;ingum,<code>&amp;t;ingum</code>,1,0.0003205
367,&thorn;ises,<code>&amp;t;ises</code>,1,0.0003205
367,&thorn;issum,<code>&amp;t;issum</code>,1,0.0003205
367,&thorn;ornas,<code>&amp;t;ornas</code>,1,0.0003205
367,&thorn;reatnia&eth;,<code>&amp;t;reatnia&amp;d;</code>,1,0.0003205
367,&thorn;reatodon,<code>&amp;t;reatodon</code>,1,0.0003205
367,&thorn;reotteo&thorn;an,<code>&amp;t;reotteo&amp;t;an</code>,1,0.0003205
367,&thorn;riddan,<code>&amp;t;riddan</code>,1,0.0003205
367,&thorn;rowian,<code>&amp;t;rowian</code>,1,0.0003205
367,&thorn;rowode,<code>&amp;t;rowode</code>,1,0.0003205
367,&thorn;rowunge,<code>&amp;t;rowunge</code>,1,0.0003205
367,&thorn;rynnysse,<code>&amp;t;rynnysse</code>,1,0.0003205
367,&thorn;woh,<code>&amp;t;woh</code>,1,0.0003205
367,&thorn;ydon,<code>&amp;t;ydon</code>,1,0.0003205
367,&thorn;yses,<code>&amp;t;yses</code>,1,0.0003205
367,a,<code>a</code>,1,0.0003205
367,a&thorn;woh,<code>a&amp;t;woh</code>,1,0.0003205
367,ablend,<code>ablend</code>,1,0.0003205
367,aborene,<code>aborene</code>,1,0.0003205
367,acweald,<code>acweald</code>,1,0.0003205
367,acwellan,<code>acwellan</code>,1,0.0003205
367,acwelle,<code>acwelle</code>,1,0.0003205
367,afylled,<code>afylled</code>,1,0.0003205
367,agif,<code>agif</code>,1,0.0003205
367,agrafene,<code>agrafene</code>,1,0.0003205
367,agute,<code>agute</code>,1,0.0003205
367,ahebba&eth;,<code>ahebba&amp;d;</code>,1,0.0003205
367,al&aelig;dan,<code>al&amp;ae;dan</code>,1,0.0003205
367,alysan,<code>alysan</code>,1,0.0003205
367,alysdest,<code>alysdest</code>,1,0.0003205
367,alysed,<code>alysed</code>,1,0.0003205
367,amen,<code>amen</code>,1,0.0003205
367,an,<code>an</code>,1,0.0003205
367,andfenge,<code>andfenge</code>,1,0.0003205
367,andswaru,<code>andswaru</code>,1,0.0003205
367,andwerda,<code>andwerda</code>,1,0.0003205
367,anlicnysse,<code>anlicnysse</code>,1,0.0003205
367,anwilnysse,<code>anwilnysse</code>,1,0.0003205
367,ar&aelig;ra&eth;,<code>ar&amp;ae;ra&amp;d;</code>,1,0.0003205
367,ar&aelig;ran,<code>ar&amp;ae;ran</code>,1,0.0003205
367,arf&aelig;stnysse,<code>arf&amp;ae;stnysse</code>,1,0.0003205
367,arwur&eth;fulne,<code>arwur&amp;d;fulne</code>,1,0.0003205
367,arwur&eth;nysse,<code>arwur&amp;d;nysse</code>,1,0.0003205
367,asette,<code>asette</code>,1,0.0003205
367,asmeadan,<code>asmeadan</code>,1,0.0003205
367,asmeade,<code>asmeade</code>,1,0.0003205
367,aspend,<code>aspend</code>,1,0.0003205
367,asprang,<code>asprang</code>,1,0.0003205
367,astreht,<code>astreht</code>,1,0.0003205
367,astrehton,<code>astrehton</code>,1,0.0003205
367,ateorodon,<code>ateorodon</code>,1,0.0003205
367,avgusti,<code>avgusti</code>,1,0.0003205
367,awedde,<code>awedde</code>,1,0.0003205
367,awend,<code>awend</code>,1,0.0003205
367,b&aelig;don,<code>b&amp;ae;don</code>,1,0.0003205
367,ba&thorn;um,<code>ba&amp;t;um</code>,1,0.0003205
367,bam,<code>bam</code>,1,0.0003205
367,bealdlice,<code>bealdlice</code>,1,0.0003205
367,bealdwyrda,<code>bealdwyrda</code>,1,0.0003205
367,bearn,<code>bearn</code>,1,0.0003205
367,beata&eth;,<code>beata&amp;d;</code>,1,0.0003205
367,beatan,<code>beatan</code>,1,0.0003205
367,bebod,<code>bebod</code>,1,0.0003205
367,bebode,<code>bebode</code>,1,0.0003205
367,bebodum,<code>bebodum</code>,1,0.0003205
367,bebude,<code>bebude</code>,1,0.0003205
367,bebyrigdest,<code>bebyrigdest</code>,1,0.0003205
367,beclysa&eth;,<code>beclysa&amp;d;</code>,1,0.0003205
367,beclysde,<code>beclysde</code>,1,0.0003205
367,becomon,<code>becomon</code>,1,0.0003205
367,becorfen,<code>becorfen</code>,1,0.0003205
367,becume,<code>becume</code>,1,0.0003205
367,befrynen,<code>befrynen</code>,1,0.0003205
367,begunnen,<code>begunnen</code>,1,0.0003205
367,behate,<code>behate</code>,1,0.0003205
367,beheafdian,<code>beheafdian</code>,1,0.0003205
367,beheafdunge,<code>beheafdunge</code>,1,0.0003205
367,behyd,<code>behyd</code>,1,0.0003205
367,bem&aelig;nde,<code>bem&amp;ae;nde</code>,1,0.0003205
367,beorh,<code>beorh</code>,1,0.0003205
367,beorhtum,<code>beorhtum</code>,1,0.0003205
367,beoton,<code>beoton</code>,1,0.0003205
367,bereafian,<code>bereafian</code>,1,0.0003205
367,bereafodon,<code>bereafodon</code>,1,0.0003205
367,bet&aelig;can,<code>bet&amp;ae;can</code>,1,0.0003205
367,biddan,<code>biddan</code>,1,0.0003205
367,biggenga,<code>biggenga</code>,1,0.0003205
367,biggengum,<code>biggengum</code>,1,0.0003205
367,biscopes,<code>biscopes</code>,1,0.0003205
367,biscopsetle,<code>biscopsetle</code>,1,0.0003205
367,biterum,<code>biterum</code>,1,0.0003205
367,bli&thorn;um,<code>bli&amp;t;um</code>,1,0.0003205
367,blind,<code>blind</code>,1,0.0003205
367,blinde,<code>blinde</code>,1,0.0003205
367,blissa,<code>blissa</code>,1,0.0003205
367,blissian,<code>blissian</code>,1,0.0003205
367,blode,<code>blode</code>,1,0.0003205
367,br&aelig;&eth;e,<code>br&amp;ae;&amp;d;e</code>,1,0.0003205
367,br&aelig;dest,<code>br&amp;ae;dest</code>,1,0.0003205
367,bremelas,<code>bremelas</code>,1,0.0003205
367,brohte,<code>brohte</code>,1,0.0003205
367,bruce,<code>bruce</code>,1,0.0003205
367,burh,<code>burh</code>,1,0.0003205
367,byrgene,<code>byrgene</code>,1,0.0003205
367,byri,<code>byri</code>,1,0.0003205
367,byrig,<code>byrig</code>,1,0.0003205
367,bysne,<code>bysne</code>,1,0.0003205
367,byst,<code>byst</code>,1,0.0003205
367,campdom,<code>campdom</code>,1,0.0003205
367,cauertune,<code>cauertune</code>,1,0.0003205
367,ceac,<code>ceac</code>,1,0.0003205
367,ceastre,<code>ceastre</code>,1,0.0003205
367,celinge,<code>celinge</code>,1,0.0003205
367,cempa,<code>cempa</code>,1,0.0003205
367,cempena,<code>cempena</code>,1,0.0003205
367,cempum,<code>cempum</code>,1,0.0003205
367,cenum,<code>cenum</code>,1,0.0003205
367,ceosan,<code>ceosan</code>,1,0.0003205
367,cild,<code>cild</code>,1,0.0003205
367,cildcradole,<code>cildcradole</code>,1,0.0003205
367,cl&aelig;nlice,<code>cl&amp;ae;nlice</code>,1,0.0003205
367,clawan,<code>clawan</code>,1,0.0003205
367,clypie,<code>clypie</code>,1,0.0003205
367,clypiende,<code>clypiende</code>,1,0.0003205
367,cneowum,<code>cneowum</code>,1,0.0003205
367,cr&aelig;te,<code>cr&amp;ae;te</code>,1,0.0003205
367,cristene,<code>cristene</code>,1,0.0003205
367,cum,<code>cum</code>,1,0.0003205
367,cuma&eth;,<code>cuma&amp;d;</code>,1,0.0003205
367,cwyst,<code>cwyst</code>,1,0.0003205
367,cy&eth;,<code>cy&amp;d;</code>,1,0.0003205
367,cy&eth;ere,<code>cy&amp;d;ere</code>,1,0.0003205
367,cydde,<code>cydde</code>,1,0.0003205
367,cymst,<code>cymst</code>,1,0.0003205
367,cyning,<code>cyning</code>,1,0.0003205
367,cyninge,<code>cyninge</code>,1,0.0003205
367,cyninges,<code>cyninges</code>,1,0.0003205
367,cynnes,<code>cynnes</code>,1,0.0003205
367,cyrclicum,<code>cyrclicum</code>,1,0.0003205
367,cyrican,<code>cyrican</code>,1,0.0003205
367,d&aelig;dbote,<code>d&amp;ae;dbote</code>,1,0.0003205
367,d&aelig;ig,<code>d&amp;ae;ig</code>,1,0.0003205
367,d&aelig;ig&thorn;erlicum,<code>d&amp;ae;ig&amp;t;erlicum</code>,1,0.0003205
367,d&aelig;lde,<code>d&amp;ae;lde</code>,1,0.0003205
367,dagena,<code>dagena</code>,1,0.0003205
367,dea&eth;e,<code>dea&amp;d;e</code>,1,0.0003205
367,deadlican,<code>deadlican</code>,1,0.0003205
367,decium,<code>decium</code>,1,0.0003205
367,deme,<code>deme</code>,1,0.0003205
367,deofla,<code>deofla</code>,1,0.0003205
367,deofles,<code>deofles</code>,1,0.0003205
367,deoflum,<code>deoflum</code>,1,0.0003205
367,deofol,<code>deofol</code>,1,0.0003205
367,deofolgilde,<code>deofolgilde</code>,1,0.0003205
367,deofolgyld,<code>deofolgyld</code>,1,0.0003205
367,deofolgyldum,<code>deofolgyldum</code>,1,0.0003205
367,dest,<code>dest</code>,1,0.0003205
367,dionisius,<code>dionisius</code>,1,0.0003205
367,do,<code>do</code>,1,0.0003205
367,domsetle,<code>domsetle</code>,1,0.0003205
367,dreorige,<code>dreorige</code>,1,0.0003205
367,drihtne,<code>drihtne</code>,1,0.0003205
367,drihtnes,<code>drihtnes</code>,1,0.0003205
367,drohtniende,<code>drohtniende</code>,1,0.0003205
367,drycr&aelig;ft,<code>drycr&amp;ae;ft</code>,1,0.0003205
367,drycr&aelig;ftes,<code>drycr&amp;ae;ftes</code>,1,0.0003205
367,dumba,<code>dumba</code>,1,0.0003205
367,dumbum,<code>dumbum</code>,1,0.0003205
367,dyde,<code>dyde</code>,1,0.0003205
367,dydon,<code>dydon</code>,1,0.0003205
367,eagum,<code>eagum</code>,1,0.0003205
367,ealde,<code>ealde</code>,1,0.0003205
367,ealdor,<code>ealdor</code>,1,0.0003205
367,eallra,<code>eallra</code>,1,0.0003205
367,earme,<code>earme</code>,1,0.0003205
367,eawbr&aelig;cum,<code>eawbr&amp;ae;cum</code>,1,0.0003205
367,eca,<code>eca</code>,1,0.0003205
367,efne,<code>efne</code>,1,0.0003205
367,efst,<code>efst</code>,1,0.0003205
367,ege,<code>ege</code>,1,0.0003205
367,egeslice,<code>egeslice</code>,1,0.0003205
367,ehtere,<code>ehtere</code>,1,0.0003205
367,engel,<code>engel</code>,1,0.0003205
367,eowre,<code>eowre</code>,1,0.0003205
367,ercedicon,<code>ercedicon</code>,1,0.0003205
367,estmettas,<code>estmettas</code>,1,0.0003205
367,et,<code>et</code>,1,0.0003205
367,f&aelig;rlicum,<code>f&amp;ae;rlicum</code>,1,0.0003205
367,f&aelig;sten,<code>f&amp;ae;sten</code>,1,0.0003205
367,facne,<code>facne</code>,1,0.0003205
367,fagettest,<code>fagettest</code>,1,0.0003205
367,fant,<code>fant</code>,1,0.0003205
367,feond,<code>feond</code>,1,0.0003205
367,feondlicere,<code>feondlicere</code>,1,0.0003205
367,feondlicum,<code>feondlicum</code>,1,0.0003205
367,feore,<code>feore</code>,1,0.0003205
367,for&eth;,<code>for&amp;d;</code>,1,0.0003205
367,forcum,<code>forcum</code>,1,0.0003205
367,forgeafe,<code>forgeafe</code>,1,0.0003205
367,forleosa&eth;,<code>forleosa&amp;d;</code>,1,0.0003205
367,forlet,<code>forlet</code>,1,0.0003205
367,forseah,<code>forseah</code>,1,0.0003205
367,forsworcennysse,<code>forsworcennysse</code>,1,0.0003205
367,forwur&eth;e,<code>forwur&amp;d;e</code>,1,0.0003205
367,fostorcild,<code>fostorcild</code>,1,0.0003205
367,fot&thorn;weale,<code>fot&amp;t;weale</code>,1,0.0003205
367,fotum,<code>fotum</code>,1,0.0003205
367,freolstid,<code>freolstid</code>,1,0.0003205
367,frofor,<code>frofor</code>,1,0.0003205
367,fulluhtb&aelig;&eth;e,<code>fulluhtb&amp;ae;&amp;d;e</code>,1,0.0003205
367,fulluhtb&aelig;&thorn;e,<code>fulluhtb&amp;ae;&amp;t;e</code>,1,0.0003205
367,fulluhte,<code>fulluhte</code>,1,0.0003205
367,fullutb&aelig;&eth;e,<code>fullutb&amp;ae;&amp;d;e</code>,1,0.0003205
367,fulne,<code>fulne</code>,1,0.0003205
367,fur&thorn;on,<code>fur&amp;t;on</code>,1,0.0003205
367,fyre,<code>fyre</code>,1,0.0003205
367,fyrste,<code>fyrste</code>,1,0.0003205
367,gastlicere,<code>gastlicere</code>,1,0.0003205
367,ge&thorn;reatodon,<code>ge&amp;t;reatodon</code>,1,0.0003205
367,ge&thorn;rowodon,<code>ge&amp;t;rowodon</code>,1,0.0003205
367,ge&thorn;ylde,<code>ge&amp;t;ylde</code>,1,0.0003205
367,geaflum,<code>geaflum</code>,1,0.0003205
367,geandette,<code>geandette</code>,1,0.0003205
367,geandwerdian,<code>geandwerdian</code>,1,0.0003205
367,geandwyrde,<code>geandwyrde</code>,1,0.0003205
367,geangsumia&eth;,<code>geangsumia&amp;d;</code>,1,0.0003205
367,geangsumod,<code>geangsumod</code>,1,0.0003205
367,gearcian,<code>gearcian</code>,1,0.0003205
367,gebealh,<code>gebealh</code>,1,0.0003205
367,gebeate,<code>gebeate</code>,1,0.0003205
367,gebeaten,<code>gebeaten</code>,1,0.0003205
367,gebeorh,<code>gebeorh</code>,1,0.0003205
367,gebiddon,<code>gebiddon</code>,1,0.0003205
367,gebig,<code>gebig</code>,1,0.0003205
367,gebigedum,<code>gebigedum</code>,1,0.0003205
367,gebogene,<code>gebogene</code>,1,0.0003205
367,gebolgenum,<code>gebolgenum</code>,1,0.0003205
367,geboren,<code>geboren</code>,1,0.0003205
367,gebro&eth;ra,<code>gebro&amp;d;ra</code>,1,0.0003205
367,gebro&thorn;ra,<code>gebro&amp;t;ra</code>,1,0.0003205
367,gebrohton,<code>gebrohton</code>,1,0.0003205
367,gebylde,<code>gebylde</code>,1,0.0003205
367,gebyrde,<code>gebyrde</code>,1,0.0003205
367,gebysmerast,<code>gebysmerast</code>,1,0.0003205
367,gebysmra&eth;,<code>gebysmra&amp;d;</code>,1,0.0003205
367,gebysmrian,<code>gebysmrian</code>,1,0.0003205
367,gecl&aelig;nsod,<code>gecl&amp;ae;nsod</code>,1,0.0003205
367,gecuron,<code>gecuron</code>,1,0.0003205
367,gecyrde,<code>gecyrde</code>,1,0.0003205
367,gecyste,<code>gecyste</code>,1,0.0003205
367,gedo&eth;,<code>gedo&amp;d;</code>,1,0.0003205
367,gedrefeda,<code>gedrefeda</code>,1,0.0003205
367,gedwylde,<code>gedwylde</code>,1,0.0003205
367,geeuenl&aelig;can,<code>geeuenl&amp;ae;can</code>,1,0.0003205
367,gefeccan,<code>gefeccan</code>,1,0.0003205
367,geferde,<code>geferde</code>,1,0.0003205
367,gefrede,<code>gefrede</code>,1,0.0003205
367,gefrefast,<code>gefrefast</code>,1,0.0003205
367,gefylst,<code>gefylst</code>,1,0.0003205
367,gegaderode,<code>gegaderode</code>,1,0.0003205
367,gegearcod,<code>gegearcod</code>,1,0.0003205
367,geh&aelig;lde,<code>geh&amp;ae;lde</code>,1,0.0003205
367,gehw&aelig;r,<code>gehw&amp;ae;r</code>,1,0.0003205
367,gehwa,<code>gehwa</code>,1,0.0003205
367,gehyr,<code>gehyr</code>,1,0.0003205
367,gehyrde,<code>gehyrde</code>,1,0.0003205
367,gehyrsuma,<code>gehyrsuma</code>,1,0.0003205
367,gehyrte,<code>gehyrte</code>,1,0.0003205
367,gel&aelig;dan,<code>gel&amp;ae;dan</code>,1,0.0003205
367,gel&aelig;dde,<code>gel&amp;ae;dde</code>,1,0.0003205
367,gel&aelig;ddon,<code>gel&amp;ae;ddon</code>,1,0.0003205
367,gela&thorn;unge,<code>gela&amp;t;unge</code>,1,0.0003205
367,geleaffullan,<code>geleaffullan</code>,1,0.0003205
367,geleaffulre,<code>geleaffulre</code>,1,0.0003205
367,gelican,<code>gelican</code>,1,0.0003205
367,gelyfe,<code>gelyfe</code>,1,0.0003205
367,gelyfeda,<code>gelyfeda</code>,1,0.0003205
367,gem&aelig;ssode,<code>gem&amp;ae;ssode</code>,1,0.0003205
367,gemedemode,<code>gemedemode</code>,1,0.0003205
367,gemedemodest,<code>gemedemodest</code>,1,0.0003205
367,gemiltsa,<code>gemiltsa</code>,1,0.0003205
367,geneosode,<code>geneosode</code>,1,0.0003205
367,geoffrian,<code>geoffrian</code>,1,0.0003205
367,geoffrode,<code>geoffrode</code>,1,0.0003205
367,geoffrodest,<code>geoffrodest</code>,1,0.0003205
367,geond,<code>geond</code>,1,0.0003205
367,geonga,<code>geonga</code>,1,0.0003205
367,geornful,<code>geornful</code>,1,0.0003205
367,geornfulnysse,<code>geornfulnysse</code>,1,0.0003205
367,gepilede,<code>gepilede</code>,1,0.0003205
367,gerece,<code>gerece</code>,1,0.0003205
367,gerefa,<code>gerefa</code>,1,0.0003205
367,gereste,<code>gereste</code>,1,0.0003205
367,gereua,<code>gereua</code>,1,0.0003205
367,gerist,<code>gerist</code>,1,0.0003205
367,ges&aelig;liga,<code>ges&amp;ae;liga</code>,1,0.0003205
367,ges&aelig;t,<code>ges&amp;ae;t</code>,1,0.0003205
367,gesceafta,<code>gesceafta</code>,1,0.0003205
367,gesceop,<code>gesceop</code>,1,0.0003205
367,gesih&eth;um,<code>gesih&amp;d;um</code>,1,0.0003205
367,gesih&thorn;um,<code>gesih&amp;t;um</code>,1,0.0003205
367,gesohton,<code>gesohton</code>,1,0.0003205
367,gespr&aelig;c,<code>gespr&amp;ae;c</code>,1,0.0003205
367,gestrangian,<code>gestrangian</code>,1,0.0003205
367,gestrangod,<code>gestrangod</code>,1,0.0003205
367,geswic,<code>geswic</code>,1,0.0003205
367,geswutela&eth;,<code>geswutela&amp;d;</code>,1,0.0003205
367,geswutelige,<code>geswutelige</code>,1,0.0003205
367,geti&thorn;ode,<code>geti&amp;t;ode</code>,1,0.0003205
367,getintregod,<code>getintregod</code>,1,0.0003205
367,getogen,<code>getogen</code>,1,0.0003205
367,getruwast,<code>getruwast</code>,1,0.0003205
367,getuge,<code>getuge</code>,1,0.0003205
367,gewanode,<code>gewanode</code>,1,0.0003205
367,gewat,<code>gewat</code>,1,0.0003205
367,geweman,<code>geweman</code>,1,0.0003205
367,gewende,<code>gewende</code>,1,0.0003205
367,gewinn,<code>gewinn</code>,1,0.0003205
367,gewinne,<code>gewinne</code>,1,0.0003205
367,gewinnes,<code>gewinnes</code>,1,0.0003205
367,gewitleaste,<code>gewitleaste</code>,1,0.0003205
367,geworden,<code>geworden</code>,1,0.0003205
367,gewordenum,<code>gewordenum</code>,1,0.0003205
367,gewreged,<code>gewreged</code>,1,0.0003205
367,gewuna,<code>gewuna</code>,1,0.0003205
367,gewyr&eth;,<code>gewyr&amp;d;</code>,1,0.0003205
367,geyrsod,<code>geyrsod</code>,1,0.0003205
367,geyrsode,<code>geyrsode</code>,1,0.0003205
367,gife,<code>gife</code>,1,0.0003205
367,gingran,<code>gingran</code>,1,0.0003205
367,gledum,<code>gledum</code>,1,0.0003205
367,glowende,<code>glowende</code>,1,0.0003205
367,goda,<code>goda</code>,1,0.0003205
367,godcundlic,<code>godcundlic</code>,1,0.0003205
367,godcundre,<code>godcundre</code>,1,0.0003205
367,goldhordum,<code>goldhordum</code>,1,0.0003205
367,gramlicum,<code>gramlicum</code>,1,0.0003205
367,gydenum,<code>gydenum</code>,1,0.0003205
367,gylde,<code>gylde</code>,1,0.0003205
367,gyldenum,<code>gyldenum</code>,1,0.0003205
367,h&aelig;&eth;enum,<code>h&amp;ae;&amp;d;enum</code>,1,0.0003205
367,h&aelig;&thorn;enne,<code>h&amp;ae;&amp;t;enne</code>,1,0.0003205
367,h&aelig;fde,<code>h&amp;ae;fde</code>,1,0.0003205
367,h&aelig;fst,<code>h&amp;ae;fst</code>,1,0.0003205
367,h&aelig;le,<code>h&amp;ae;le</code>,1,0.0003205
367,h&aelig;tan,<code>h&amp;ae;tan</code>,1,0.0003205
367,h&#275;lend,<code>h&amp;e;lend</code>,1,0.0003205
367,habba&eth;,<code>habba&amp;d;</code>,1,0.0003205
367,habban,<code>habban</code>,1,0.0003205
367,halgode,<code>halgode</code>,1,0.0003205
367,halwendum,<code>halwendum</code>,1,0.0003205
367,handcla&eth;e,<code>handcla&amp;d;e</code>,1,0.0003205
367,handum,<code>handum</code>,1,0.0003205
367,hat,<code>hat</code>,1,0.0003205
367,hate,<code>hate</code>,1,0.0003205
367,hatheortnysse,<code>hatheortnysse</code>,1,0.0003205
367,hatum,<code>hatum</code>,1,0.0003205
367,heafde,<code>heafde</code>,1,0.0003205
367,heafodece,<code>heafodece</code>,1,0.0003205
367,heahgerefa,<code>heahgerefa</code>,1,0.0003205
367,heardan,<code>heardan</code>,1,0.0003205
367,hefitymum,<code>hefitymum</code>,1,0.0003205
367,heo,<code>heo</code>,1,0.0003205
367,heofian,<code>heofian</code>,1,0.0003205
367,heofonlican,<code>heofonlican</code>,1,0.0003205
367,heofonum,<code>heofonum</code>,1,0.0003205
367,heofung,<code>heofung</code>,1,0.0003205
367,heofunge,<code>heofunge</code>,1,0.0003205
367,heorcnode,<code>heorcnode</code>,1,0.0003205
367,hire,<code>hire</code>,1,0.0003205
367,hired,<code>hired</code>,1,0.0003205
367,hispanienscis,<code>hispanienscis</code>,1,0.0003205
367,hit,<code>hit</code>,1,0.0003205
367,hiwr&aelig;den,<code>hiwr&amp;ae;den</code>,1,0.0003205
367,hiwum,<code>hiwum</code>,1,0.0003205
367,hlaford,<code>hlaford</code>,1,0.0003205
367,hluttre,<code>hluttre</code>,1,0.0003205
367,horsa,<code>horsa</code>,1,0.0003205
367,hryman,<code>hryman</code>,1,0.0003205
367,hryre,<code>hryre</code>,1,0.0003205
367,hu,<code>hu</code>,1,0.0003205
367,huru,<code>huru</code>,1,0.0003205
367,hw&aelig;ne,<code>hw&amp;ae;ne</code>,1,0.0003205
367,hw&aelig;r,<code>hw&amp;ae;r</code>,1,0.0003205
367,hw&aelig;thwega,<code>hw&amp;ae;thwega</code>,1,0.0003205
367,hwene,<code>hwene</code>,1,0.0003205
367,hwider,<code>hwider</code>,1,0.0003205
367,hwilwendlice,<code>hwilwendlice</code>,1,0.0003205
367,hwycum,<code>hwycum</code>,1,0.0003205
367,hwyder,<code>hwyder</code>,1,0.0003205
367,hyrdle,<code>hyrdle</code>,1,0.0003205
367,hyrw,<code>hyrw</code>,1,0.0003205
367,idvs,<code>idvs</code>,1,0.0003205
367,iiii,<code>iiii</code>,1,0.0003205
367,into,<code>into</code>,1,0.0003205
367,inwerdre,<code>inwerdre</code>,1,0.0003205
367,isen,<code>isen</code>,1,0.0003205
367,isenum,<code>isenum</code>,1,0.0003205
367,iustines,<code>iustines</code>,1,0.0003205
367,l&aelig;da&eth;,<code>l&amp;ae;da&amp;d;</code>,1,0.0003205
367,l&aelig;dan,<code>l&amp;ae;dan</code>,1,0.0003205
367,l&aelig;wede,<code>l&amp;ae;wede</code>,1,0.0003205
367,lareow,<code>lareow</code>,1,0.0003205
367,lareowe,<code>lareowe</code>,1,0.0003205
367,laurentie,<code>laurentie</code>,1,0.0003205
367,lavrentii,<code>lavrentii</code>,1,0.0003205
367,leadene,<code>leadene</code>,1,0.0003205
367,leadenum,<code>leadenum</code>,1,0.0003205
367,leasum,<code>leasum</code>,1,0.0003205
367,lecga&eth;,<code>lecga&amp;d;</code>,1,0.0003205
367,legerstowe,<code>legerstowe</code>,1,0.0003205
367,leohte,<code>leohte</code>,1,0.0003205
367,leohtes,<code>leohtes</code>,1,0.0003205
367,leohtran,<code>leohtran</code>,1,0.0003205
367,leomu,<code>leomu</code>,1,0.0003205
367,lic,<code>lic</code>,1,0.0003205
367,licgan,<code>licgan</code>,1,0.0003205
367,life,<code>life</code>,1,0.0003205
367,lifes,<code>lifes</code>,1,0.0003205
367,lof,<code>lof</code>,1,0.0003205
367,losian,<code>losian</code>,1,0.0003205
367,lucille,<code>lucille</code>,1,0.0003205
367,lucillus,<code>lucillus</code>,1,0.0003205
367,lybban,<code>lybban</code>,1,0.0003205
367,lytlum,<code>lytlum</code>,1,0.0003205
367,m&aelig;ig&eth;e,<code>m&amp;ae;ig&amp;d;e</code>,1,0.0003205
367,madmas,<code>madmas</code>,1,0.0003205
367,mamortini,<code>mamortini</code>,1,0.0003205
367,mand&aelig;dum,<code>mand&amp;ae;dum</code>,1,0.0003205
367,manega,<code>manega</code>,1,0.0003205
367,manegum,<code>manegum</code>,1,0.0003205
367,manfullan,<code>manfullan</code>,1,0.0003205
367,manfullum,<code>manfullum</code>,1,0.0003205
367,mannum,<code>mannum</code>,1,0.0003205
367,maran,<code>maran</code>,1,0.0003205
367,marti,<code>marti</code>,1,0.0003205
367,martir,<code>martir</code>,1,0.0003205
367,martyr,<code>martyr</code>,1,0.0003205
367,martyras,<code>martyras</code>,1,0.0003205
367,maximus,<code>maximus</code>,1,0.0003205
367,mearcode,<code>mearcode</code>,1,0.0003205
367,menigfealde,<code>menigfealde</code>,1,0.0003205
367,meniu,<code>meniu</code>,1,0.0003205
367,menn,<code>menn</code>,1,0.0003205
367,miccle,<code>miccle</code>,1,0.0003205
367,mildheortnysse,<code>mildheortnysse</code>,1,0.0003205
367,miltsunge,<code>miltsunge</code>,1,0.0003205
367,minne,<code>minne</code>,1,0.0003205
367,mislicode,<code>mislicode</code>,1,0.0003205
367,modiga,<code>modiga</code>,1,0.0003205
367,mon&eth;es,<code>mon&amp;d;es</code>,1,0.0003205
367,mon&thorn;es,<code>mon&amp;t;es</code>,1,0.0003205
367,mot,<code>mot</code>,1,0.0003205
367,n&aelig;f&eth;,<code>n&amp;ae;f&amp;d;</code>,1,0.0003205
367,n&aelig;fre,<code>n&amp;ae;fre</code>,1,0.0003205
367,n&aelig;re,<code>n&amp;ae;re</code>,1,0.0003205
367,n&aelig;s,<code>n&amp;ae;s</code>,1,0.0003205
367,na,<code>na</code>,1,0.0003205
367,nacednysse,<code>nacednysse</code>,1,0.0003205
367,nacodne,<code>nacodne</code>,1,0.0003205
367,naht,<code>naht</code>,1,0.0003205
367,nan,<code>nan</code>,1,0.0003205
367,nanes,<code>nanes</code>,1,0.0003205
367,neada&eth;,<code>neada&amp;d;</code>,1,0.0003205
367,nebbe,<code>nebbe</code>,1,0.0003205
367,nella&eth;,<code>nella&amp;d;</code>,1,0.0003205
367,nelle,<code>nelle</code>,1,0.0003205
367,nelt,<code>nelt</code>,1,0.0003205
367,neode,<code>neode</code>,1,0.0003205
367,nim,<code>nim</code>,1,0.0003205
367,nolde,<code>nolde</code>,1,0.0003205
367,nyste,<code>nyste</code>,1,0.0003205
367,nyttennysse,<code>nyttennysse</code>,1,0.0003205
367,o&eth;,<code>o&amp;d;</code>,1,0.0003205
367,o&eth;re,<code>o&amp;d;re</code>,1,0.0003205
367,o&thorn;erne,<code>o&amp;t;erne</code>,1,0.0003205
367,o&thorn;re,<code>o&amp;t;re</code>,1,0.0003205
367,ofer,<code>ofer</code>,1,0.0003205
367,oferswi&eth;de,<code>oferswi&amp;d;de</code>,1,0.0003205
367,offrast,<code>offrast</code>,1,0.0003205
367,offrie,<code>offrie</code>,1,0.0003205
367,offrige,<code>offrige</code>,1,0.0003205
367,offrungum,<code>offrungum</code>,1,0.0003205
367,ofgang,<code>ofgang</code>,1,0.0003205
367,oncnawon,<code>oncnawon</code>,1,0.0003205
367,ondr&aelig;de,<code>ondr&amp;ae;de</code>,1,0.0003205
367,ondr&aelig;dendlic,<code>ondr&amp;ae;dendlic</code>,1,0.0003205
367,ondr&aelig;t,<code>ondr&amp;ae;t</code>,1,0.0003205
367,ondr&aelig;tst,<code>ondr&amp;ae;tst</code>,1,0.0003205
367,onfoh,<code>onfoh</code>,1,0.0003205
367,ongan,<code>ongan</code>,1,0.0003205
367,ongean,<code>ongean</code>,1,0.0003205
367,onliht,<code>onliht</code>,1,0.0003205
367,ons&aelig;gednys,<code>ons&amp;ae;gednys</code>,1,0.0003205
367,ons&aelig;gednysse,<code>ons&amp;ae;gednysse</code>,1,0.0003205
367,orsorge,<code>orsorge</code>,1,0.0003205
367,orsorglicor,<code>orsorglicor</code>,1,0.0003205
367,orsorh,<code>orsorh</code>,1,0.0003205
367,orsorhlice,<code>orsorhlice</code>,1,0.0003205
367,ostiensis,<code>ostiensis</code>,1,0.0003205
367,passio,<code>passio</code>,1,0.0003205
367,pinunga,<code>pinunga</code>,1,0.0003205
367,pinungtol,<code>pinungtol</code>,1,0.0003205
367,pinungtolum,<code>pinungtolum</code>,1,0.0003205
367,preostas,<code>preostas</code>,1,0.0003205
367,quiriaca,<code>quiriaca</code>,1,0.0003205
367,quiriace,<code>quiriace</code>,1,0.0003205
367,r&aelig;dde,<code>r&amp;ae;dde</code>,1,0.0003205
367,re&eth;a,<code>re&amp;d;a</code>,1,0.0003205
367,re&thorn;an,<code>re&amp;t;an</code>,1,0.0003205
367,re&thorn;um,<code>re&amp;t;um</code>,1,0.0003205
367,riht,<code>riht</code>,1,0.0003205
367,rodetacen,<code>rodetacen</code>,1,0.0003205
367,romana,<code>romana</code>,1,0.0003205
367,romanisc,<code>romanisc</code>,1,0.0003205
367,romanisce,<code>romanisce</code>,1,0.0003205
367,romaniscum,<code>romaniscum</code>,1,0.0003205
367,ryne,<code>ryne</code>,1,0.0003205
367,s&aelig;de,<code>s&amp;ae;de</code>,1,0.0003205
367,sacerda,<code>sacerda</code>,1,0.0003205
367,sacerdes,<code>sacerdes</code>,1,0.0003205
367,salustii,<code>salustii</code>,1,0.0003205
367,sancti,<code>sancti</code>,1,0.0003205
367,sarlic,<code>sarlic</code>,1,0.0003205
367,sarlice,<code>sarlice</code>,1,0.0003205
367,sawla,<code>sawla</code>,1,0.0003205
367,sceal,<code>sceal</code>,1,0.0003205
367,sceama&eth;,<code>sceama&amp;d;</code>,1,0.0003205
367,scearpum,<code>scearpum</code>,1,0.0003205
367,sceawia&eth;,<code>sceawia&amp;d;</code>,1,0.0003205
367,sceole,<code>sceole</code>,1,0.0003205
367,sceortan,<code>sceortan</code>,1,0.0003205
367,scin&eth;,<code>scin&amp;d;</code>,1,0.0003205
367,scortne,<code>scortne</code>,1,0.0003205
367,scyppend,<code>scyppend</code>,1,0.0003205
367,sende,<code>sende</code>,1,0.0003205
367,seofon,<code>seofon</code>,1,0.0003205
367,setle,<code>setle</code>,1,0.0003205
367,si&thorn;astu,<code>si&amp;t;astu</code>,1,0.0003205
367,si&thorn;ian,<code>si&amp;t;ian</code>,1,0.0003205
367,sibbe,<code>sibbe</code>,1,0.0003205
367,sidan,<code>sidan</code>,1,0.0003205
367,sige,<code>sige</code>,1,0.0003205
367,sigef&aelig;st,<code>sigef&amp;ae;st</code>,1,0.0003205
367,sigrige,<code>sigrige</code>,1,0.0003205
367,smerciendum,<code>smerciendum</code>,1,0.0003205
367,so&eth;ne,<code>so&amp;d;ne</code>,1,0.0003205
367,so&thorn;lice,<code>so&amp;t;lice</code>,1,0.0003205
367,spr&aelig;ce,<code>spr&amp;ae;ce</code>,1,0.0003205
367,sprecan,<code>sprecan</code>,1,0.0003205
367,standende,<code>standende</code>,1,0.0003205
367,sti&thorn;um,<code>sti&amp;t;um</code>,1,0.0003205
367,stodon,<code>stodon</code>,1,0.0003205
367,stowe,<code>stowe</code>,1,0.0003205
367,sumere,<code>sumere</code>,1,0.0003205
367,sumne,<code>sumne</code>,1,0.0003205
367,suna,<code>suna</code>,1,0.0003205
367,suwa,<code>suwa</code>,1,0.0003205
367,swatigan,<code>swatigan</code>,1,0.0003205
367,swealt,<code>swealt</code>,1,0.0003205
367,sweltan,<code>sweltan</code>,1,0.0003205
367,swerie,<code>swerie</code>,1,0.0003205
367,swinga&eth;,<code>swinga&amp;d;</code>,1,0.0003205
367,swingende,<code>swingende</code>,1,0.0003205
367,swuran,<code>swuran</code>,1,0.0003205
367,swy&eth;licere,<code>swy&amp;d;licere</code>,1,0.0003205
367,swy&thorn;licere,<code>swy&amp;t;licere</code>,1,0.0003205
367,swylcum,<code>swylcum</code>,1,0.0003205
367,sy&thorn;&eth;an,<code>sy&amp;t;&amp;d;an</code>,1,0.0003205
367,sylfum,<code>sylfum</code>,1,0.0003205
367,synd,<code>synd</code>,1,0.0003205
367,syxtan,<code>syxtan</code>,1,0.0003205
367,syxtes,<code>syxtes</code>,1,0.0003205
367,t&aelig;hte,<code>t&amp;ae;hte</code>,1,0.0003205
367,tengde,<code>tengde</code>,1,0.0003205
367,teon,<code>teon</code>,1,0.0003205
367,tigan,<code>tigan</code>,1,0.0003205
367,tige,<code>tige</code>,1,0.0003205
367,tihtst,<code>tihtst</code>,1,0.0003205
367,tintregena,<code>tintregena</code>,1,0.0003205
367,tintregunga,<code>tintregunga</code>,1,0.0003205
367,tob&aelig;rst,<code>tob&amp;ae;rst</code>,1,0.0003205
367,tol,<code>tol</code>,1,0.0003205
367,towurpe,<code>towurpe</code>,1,0.0003205
367,truwa,<code>truwa</code>,1,0.0003205
367,truwan,<code>truwan</code>,1,0.0003205
367,truwie,<code>truwie</code>,1,0.0003205
367,tugon,<code>tugon</code>,1,0.0003205
367,tungerefa,<code>tungerefa</code>,1,0.0003205
367,tungerefan,<code>tungerefan</code>,1,0.0003205
367,tyberianum,<code>tyberianum</code>,1,0.0003205
367,ufan,<code>ufan</code>,1,0.0003205
367,uncl&aelig;nlice,<code>uncl&amp;ae;nlice</code>,1,0.0003205
367,under,<code>under</code>,1,0.0003205
367,undercrammodon,<code>undercrammodon</code>,1,0.0003205
367,underfehst,<code>underfehst</code>,1,0.0003205
367,underfeng,<code>underfeng</code>,1,0.0003205
367,underfo&eth;,<code>underfo&amp;d;</code>,1,0.0003205
367,underfon,<code>underfon</code>,1,0.0003205
367,undergit,<code>undergit</code>,1,0.0003205
367,undergite,<code>undergite</code>,1,0.0003205
367,underhnah,<code>underhnah</code>,1,0.0003205
367,underhnigan,<code>underhnigan</code>,1,0.0003205
367,unforhte,<code>unforhte</code>,1,0.0003205
367,unforhtmod,<code>unforhtmod</code>,1,0.0003205
367,ungeaxod,<code>ungeaxod</code>,1,0.0003205
367,unges&aelig;liga,<code>unges&amp;ae;liga</code>,1,0.0003205
367,unges&aelig;ligan,<code>unges&amp;ae;ligan</code>,1,0.0003205
367,ungetemedra,<code>ungetemedra</code>,1,0.0003205
367,ungewemmede,<code>ungewemmede</code>,1,0.0003205
367,unsc&aelig;&eth;&eth;igra,<code>unsc&amp;ae;&amp;d;&amp;d;igra</code>,1,0.0003205
367,unsoftlice,<code>unsoftlice</code>,1,0.0003205
367,up,<code>up</code>,1,0.0003205
367,upplice,<code>upplice</code>,1,0.0003205
367,uppon,<code>uppon</code>,1,0.0003205
367,ura,<code>ura</code>,1,0.0003205
367,ures,<code>ures</code>,1,0.0003205
367,ut,<code>ut</code>,1,0.0003205
367,w&aelig;lhreawum,<code>w&amp;ae;lhreawum</code>,1,0.0003205
367,w&aelig;lhreowan,<code>w&amp;ae;lhreowan</code>,1,0.0003205
367,w&aelig;lhreowlice,<code>w&amp;ae;lhreowlice</code>,1,0.0003205
367,w&aelig;ter,<code>w&amp;ae;ter</code>,1,0.0003205
367,w&aelig;teres,<code>w&amp;ae;teres</code>,1,0.0003205
367,wacode,<code>wacode</code>,1,0.0003205
367,wend,<code>wend</code>,1,0.0003205
367,wenst,<code>wenst</code>,1,0.0003205
367,weorcum,<code>weorcum</code>,1,0.0003205
367,wep,<code>wep</code>,1,0.0003205
367,wer,<code>wer</code>,1,0.0003205
367,weras,<code>weras</code>,1,0.0003205
367,wi&eth;sace,<code>wi&amp;d;sace</code>,1,0.0003205
367,wi&eth;soc,<code>wi&amp;d;soc</code>,1,0.0003205
367,wi&eth;ufan,<code>wi&amp;d;ufan</code>,1,0.0003205
367,wif,<code>wif</code>,1,0.0003205
367,wifum,<code>wifum</code>,1,0.0003205
367,wille,<code>wille</code>,1,0.0003205
367,wilnia&eth;,<code>wilnia&amp;d;</code>,1,0.0003205
367,wipa&eth;,<code>wipa&amp;d;</code>,1,0.0003205
367,wis,<code>wis</code>,1,0.0003205
367,wita,<code>wita</code>,1,0.0003205
367,wite,<code>wite</code>,1,0.0003205
367,wlitegostan,<code>wlitegostan</code>,1,0.0003205
367,woldon,<code>woldon</code>,1,0.0003205
367,wop,<code>wop</code>,1,0.0003205
367,wopes,<code>wopes</code>,1,0.0003205
367,word,<code>word</code>,1,0.0003205
367,worhte,<code>worhte</code>,1,0.0003205
367,wudewan,<code>wudewan</code>,1,0.0003205
367,wulderfulran,<code>wulderfulran</code>,1,0.0003205
367,wuldor,<code>wuldor</code>,1,0.0003205
367,wuldra&eth;,<code>wuldra&amp;d;</code>,1,0.0003205
367,wuna&eth;,<code>wuna&amp;d;</code>,1,0.0003205
367,wur&eth;e,<code>wur&amp;d;e</code>,1,0.0003205
367,wur&eth;mynte,<code>wur&amp;d;mynte</code>,1,0.0003205
367,wur&eth;myntes,<code>wur&amp;d;myntes</code>,1,0.0003205
367,wur&thorn;ian,<code>wur&amp;t;ian</code>,1,0.0003205
367,wydewum,<code>wydewum</code>,1,0.0003205
367,wylt,<code>wylt</code>,1,0.0003205
367,wynsumnysse,<code>wynsumnysse</code>,1,0.0003205
367,wyr&thorn;e,<code>wyr&amp;t;e</code>,1,0.0003205
367,wyrc,<code>wyrc</code>,1,0.0003205
367,ymbstandendan,<code>ymbstandendan</code>,1,0.0003205
367,ymesene,<code>ymesene</code>,1,0.0003205
367,ypolites,<code>ypolites</code>,1,0.0003205
367,ypolitum,<code>ypolitum</code>,1,0.0003205
367,yrsiende,<code>yrsiende</code>,1,0.0003205
367,ys,<code>ys</code>,1,0.0003205
