B_Prose,B01,B01.002.008_AECHom_II__7_T02580.txt,689,455,1743
RANK,HTML WORD,RAW WORD,COUNT,RELATIVE FREQUENCY
1,and,<code>and</code>,89,0.0510614
2,on,<code>on</code>,57,0.0327022
3,&eth;e,<code>&amp;d;e</code>,35,0.0200803
4,&thorn;&aelig;t,<code>&amp;t;&amp;ae;t</code>,32,0.0183592
5,swa,<code>swa</code>,31,0.0177854
6,to,<code>to</code>,30,0.0172117
7,his,<code>his</code>,29,0.0166380
8,se,<code>se</code>,27,0.0154905
9,he,<code>he</code>,24,0.0137694
10,&eth;am,<code>&amp;d;am</code>,23,0.0131956
11,me,<code>me</code>,22,0.0126219
12,we,<code>we</code>,21,0.0120482
13,ne,<code>ne</code>,19,0.0109007
14,&eth;u,<code>&amp;d;u</code>,18,0.0103270
14,ge,<code>ge</code>,18,0.0103270
14,mid,<code>mid</code>,18,0.0103270
17,ic,<code>ic</code>,17,0.0097533
18,&eth;a,<code>&amp;d;a</code>,14,0.0080321
18,cw&aelig;&eth;,<code>cw&amp;ae;&amp;d;</code>,14,0.0080321
18,gif,<code>gif</code>,14,0.0080321
18,god,<code>god</code>,14,0.0080321
18,is,<code>is</code>,14,0.0080321
18,us,<code>us</code>,14,0.0080321
24,&thorn;e,<code>&amp;t;e</code>,11,0.0063110
24,&thorn;onne,<code>&amp;t;onne</code>,11,0.0063110
24,w&aelig;s,<code>w&amp;ae;s</code>,11,0.0063110
27,bi&eth;,<code>bi&amp;d;</code>,10,0.0057372
27,fram,<code>fram</code>,10,0.0057372
29,eft,<code>eft</code>,9,0.0051635
29,eow,<code>eow</code>,9,0.0051635
29,hit,<code>hit</code>,9,0.0051635
29,nu,<code>nu</code>,9,0.0051635
33,hi,<code>hi</code>,8,0.0045898
33,him,<code>him</code>,8,0.0045898
35,&aelig;lmessan,<code>&amp;ae;lmessan</code>,7,0.0040161
35,buton,<code>buton</code>,7,0.0040161
35,drihten,<code>drihten</code>,7,0.0040161
35,ure,<code>ure</code>,7,0.0040161
39,&eth;isum,<code>&amp;d;isum</code>,6,0.0034423
39,&eth;onne,<code>&amp;d;onne</code>,6,0.0034423
39,&thorn;a,<code>&amp;t;a</code>,6,0.0034423
39,&thorn;in,<code>&amp;t;in</code>,6,0.0034423
39,&thorn;u,<code>&amp;t;u</code>,6,0.0034423
39,ealle,<code>ealle</code>,6,0.0034423
39,f&aelig;sten,<code>f&amp;ae;sten</code>,6,0.0034423
39,gode,<code>gode</code>,6,0.0034423
39,godes,<code>godes</code>,6,0.0034423
39,mine,<code>mine</code>,6,0.0034423
39,o&eth;&eth;e,<code>o&amp;d;&amp;d;e</code>,6,0.0034423
39,witodlice,<code>witodlice</code>,6,0.0034423
51,&eth;in,<code>&amp;d;in</code>,5,0.0028686
51,&thorn;urh,<code>&amp;t;urh</code>,5,0.0028686
51,beo&eth;,<code>beo&amp;d;</code>,5,0.0028686
51,dome,<code>dome</code>,5,0.0028686
51,mannes,<code>mannes</code>,5,0.0028686
51,mannum,<code>mannum</code>,5,0.0028686
51,of,<code>of</code>,5,0.0028686
51,seo,<code>seo</code>,5,0.0028686
59,&eth;&aelig;re,<code>&amp;d;&amp;ae;re</code>,4,0.0022949
59,&eth;earfan,<code>&amp;d;earfan</code>,4,0.0022949
59,&thorn;isum,<code>&amp;t;isum</code>,4,0.0022949
59,ac,<code>ac</code>,4,0.0022949
59,anum,<code>anum</code>,4,0.0022949
59,be,<code>be</code>,4,0.0022949
59,cwearterne,<code>cwearterne</code>,4,0.0022949
59,for,<code>for</code>,4,0.0022949
59,godspelle,<code>godspelle</code>,4,0.0022949
59,goldhord,<code>goldhord</code>,4,0.0022949
59,heo,<code>heo</code>,4,0.0022949
59,hine,<code>hine</code>,4,0.0022949
59,hw&aelig;nne,<code>hw&amp;ae;nne</code>,4,0.0022949
59,hw&aelig;t,<code>hw&amp;ae;t</code>,4,0.0022949
59,life,<code>life</code>,4,0.0022949
59,mann,<code>mann</code>,4,0.0022949
59,o&eth;rum,<code>o&amp;d;rum</code>,4,0.0022949
59,o&thorn;&thorn;e,<code>o&amp;t;&amp;t;e</code>,4,0.0022949
59,rican,<code>rican</code>,4,0.0022949
59,sceal,<code>sceal</code>,4,0.0022949
59,sylf,<code>sylf</code>,4,0.0022949
59,synna,<code>synna</code>,4,0.0022949
59,w&aelig;stmas,<code>w&amp;ae;stmas</code>,4,0.0022949
82,&aelig;nne,<code>&amp;ae;nne</code>,3,0.0017212
82,&eth;&aelig;r,<code>&amp;d;&amp;ae;r</code>,3,0.0017212
82,&eth;i,<code>&amp;d;i</code>,3,0.0017212
82,&eth;ine,<code>&amp;d;ine</code>,3,0.0017212
82,&eth;inum,<code>&amp;d;inum</code>,3,0.0017212
82,&thorn;&aelig;re,<code>&amp;t;&amp;ae;re</code>,3,0.0017212
82,&thorn;&aelig;s,<code>&amp;t;&amp;ae;s</code>,3,0.0017212
82,&thorn;am,<code>&amp;t;am</code>,3,0.0017212
82,&thorn;earfum,<code>&amp;t;earfum</code>,3,0.0017212
82,bearn,<code>bearn</code>,3,0.0017212
82,brohte,<code>brohte</code>,3,0.0017212
82,crist,<code>crist</code>,3,0.0017212
82,cuma,<code>cuma</code>,3,0.0017212
82,cwy&eth;,<code>cwy&amp;d;</code>,3,0.0017212
82,cym&eth;,<code>cym&amp;d;</code>,3,0.0017212
82,cyning,<code>cyning</code>,3,0.0017212
82,dagum,<code>dagum</code>,3,0.0017212
82,do,<code>do</code>,3,0.0017212
82,eallum,<code>eallum</code>,3,0.0017212
82,ecan,<code>ecan</code>,3,0.0017212
82,efne,<code>efne</code>,3,0.0017212
82,feowertig,<code>feowertig</code>,3,0.0017212
82,forwyrndon,<code>forwyrndon</code>,3,0.0017212
82,gesawe,<code>gesawe</code>,3,0.0017212
82,godum,<code>godum</code>,3,0.0017212
82,h&aelig;fst,<code>h&amp;ae;fst</code>,3,0.0017212
82,habba&eth;,<code>habba&amp;d;</code>,3,0.0017212
82,hand,<code>hand</code>,3,0.0017212
82,into,<code>into</code>,3,0.0017212
82,land,<code>land</code>,3,0.0017212
82,lange,<code>lange</code>,3,0.0017212
82,mage,<code>mage</code>,3,0.0017212
82,menn,<code>menn</code>,3,0.0017212
82,mildheortnysse,<code>mildheortnysse</code>,3,0.0017212
82,minum,<code>minum</code>,3,0.0017212
82,naman,<code>naman</code>,3,0.0017212
82,nis,<code>nis</code>,3,0.0017212
82,noldon,<code>noldon</code>,3,0.0017212
82,rihtwisan,<code>rihtwisan</code>,3,0.0017212
82,secge,<code>secge</code>,3,0.0017212
82,si&eth;&eth;an,<code>si&amp;d;&amp;d;an</code>,3,0.0017212
82,sind,<code>sind</code>,3,0.0017212
82,so&eth;,<code>so&amp;d;</code>,3,0.0017212
82,swi&eth;ran,<code>swi&amp;d;ran</code>,3,0.0017212
82,sylfne,<code>sylfne</code>,3,0.0017212
82,sylfum,<code>sylfum</code>,3,0.0017212
82,sylla&eth;,<code>sylla&amp;d;</code>,3,0.0017212
82,underfon,<code>underfon</code>,3,0.0017212
82,w&aelig;re,<code>w&amp;ae;re</code>,3,0.0017212
82,witega,<code>witega</code>,3,0.0017212
82,wynstran,<code>wynstran</code>,3,0.0017212
133,&aelig;ceras,<code>&amp;ae;ceras</code>,2,0.0011474
133,&aelig;lmesd&aelig;dum,<code>&amp;ae;lmesd&amp;ae;dum</code>,2,0.0011474
133,&aelig;lmihtiga,<code>&amp;ae;lmihtiga</code>,2,0.0011474
133,&aelig;lmysse,<code>&amp;ae;lmysse</code>,2,0.0011474
133,&eth;&aelig;s,<code>&amp;d;&amp;ae;s</code>,2,0.0011474
133,&eth;an,<code>&amp;d;an</code>,2,0.0011474
133,&eth;eah,<code>&amp;d;eah</code>,2,0.0011474
133,&eth;earfa,<code>&amp;d;earfa</code>,2,0.0011474
133,&eth;one,<code>&amp;d;one</code>,2,0.0011474
133,&eth;yrste,<code>&amp;d;yrste</code>,2,0.0011474
133,&thorn;&aelig;r,<code>&amp;t;&amp;ae;r</code>,2,0.0011474
133,&thorn;ine,<code>&amp;t;ine</code>,2,0.0011474
133,&thorn;inum,<code>&amp;t;inum</code>,2,0.0011474
133,&thorn;us,<code>&amp;t;us</code>,2,0.0011474
133,adw&aelig;sc&eth;,<code>adw&amp;ae;sc&amp;d;</code>,2,0.0011474
133,andswaria&eth;,<code>andswaria&amp;d;</code>,2,0.0011474
133,asteald,<code>asteald</code>,2,0.0011474
133,awent,<code>awent</code>,2,0.0011474
133,awriten,<code>awriten</code>,2,0.0011474
133,awyrigedum,<code>awyrigedum</code>,2,0.0011474
133,criste,<code>criste</code>,2,0.0011474
133,cristes,<code>cristes</code>,2,0.0011474
133,cwe&eth;,<code>cwe&amp;d;</code>,2,0.0011474
133,cwyde,<code>cwyde</code>,2,0.0011474
133,d&aelig;lenne,<code>d&amp;ae;lenne</code>,2,0.0011474
133,d&aelig;lere,<code>d&amp;ae;lere</code>,2,0.0011474
133,daga,<code>daga</code>,2,0.0011474
133,deofle,<code>deofle</code>,2,0.0011474
133,domsetle,<code>domsetle</code>,2,0.0011474
133,dydon,<code>dydon</code>,2,0.0011474
133,eal,<code>eal</code>,2,0.0011474
133,ealra,<code>ealra</code>,2,0.0011474
133,englum,<code>englum</code>,2,0.0011474
133,eor&eth;an,<code>eor&amp;d;an</code>,2,0.0011474
133,eowerne,<code>eowerne</code>,2,0.0011474
133,f&aelig;der,<code>f&amp;ae;der</code>,2,0.0011474
133,f&aelig;ste,<code>f&amp;ae;ste</code>,2,0.0011474
133,f&aelig;stene,<code>f&amp;ae;stene</code>,2,0.0011474
133,gecweme,<code>gecweme</code>,2,0.0011474
133,gecy&eth;nysse,<code>gecy&amp;d;nysse</code>,2,0.0011474
133,gedafena&eth;,<code>gedafena&amp;d;</code>,2,0.0011474
133,gegearcod,<code>gegearcod</code>,2,0.0011474
133,geneosodon,<code>geneosodon</code>,2,0.0011474
133,genihtsumlice,<code>genihtsumlice</code>,2,0.0011474
133,gereordodon,<code>gereordodon</code>,2,0.0011474
133,gesette,<code>gesette</code>,2,0.0011474
133,goda,<code>goda</code>,2,0.0011474
133,godnysse,<code>godnysse</code>,2,0.0011474
133,gold,<code>gold</code>,2,0.0011474
133,halgan,<code>halgan</code>,2,0.0011474
133,hingrode,<code>hingrode</code>,2,0.0011474
133,horda&eth;,<code>horda&amp;d;</code>,2,0.0011474
133,hwa,<code>hwa</code>,2,0.0011474
133,hwam,<code>hwam</code>,2,0.0011474
133,hwi,<code>hwi</code>,2,0.0011474
133,la,<code>la</code>,2,0.0011474
133,lichaman,<code>lichaman</code>,2,0.0011474
133,lif,<code>lif</code>,2,0.0011474
133,man,<code>man</code>,2,0.0011474
133,micclum,<code>micclum</code>,2,0.0011474
133,mihte,<code>mihte</code>,2,0.0011474
133,mildheortnyss,<code>mildheortnyss</code>,2,0.0011474
133,min,<code>min</code>,2,0.0011474
133,minne,<code>minne</code>,2,0.0011474
133,n&aelig;fde,<code>n&amp;ae;fde</code>,2,0.0011474
133,nacod,<code>nacod</code>,2,0.0011474
133,nan,<code>nan</code>,2,0.0011474
133,nast,<code>nast</code>,2,0.0011474
133,neb,<code>neb</code>,2,0.0011474
133,nihta,<code>nihta</code>,2,0.0011474
133,nolde,<code>nolde</code>,2,0.0011474
133,o&eth;er,<code>o&amp;d;er</code>,2,0.0011474
133,o&eth;re,<code>o&amp;d;re</code>,2,0.0011474
133,ofteo,<code>ofteo</code>,2,0.0011474
133,renscuras,<code>renscuras</code>,2,0.0011474
133,rice,<code>rice</code>,2,0.0011474
133,rihtwisum,<code>rihtwisum</code>,2,0.0011474
133,sawle,<code>sawle</code>,2,0.0011474
133,scencton,<code>scencton</code>,2,0.0011474
133,scep,<code>scep</code>,2,0.0011474
133,sitt,<code>sitt</code>,2,0.0011474
133,so&eth;lice,<code>so&amp;d;lice</code>,2,0.0011474
133,standa&eth;,<code>standa&amp;d;</code>,2,0.0011474
133,sum,<code>sum</code>,2,0.0011474
133,swilce,<code>swilce</code>,2,0.0011474
133,sylfe,<code>sylfe</code>,2,0.0011474
133,ti&eth;ian,<code>ti&amp;d;ian</code>,2,0.0011474
133,timan,<code>timan</code>,2,0.0011474
133,tosc&aelig;t,<code>tosc&amp;ae;t</code>,2,0.0011474
133,toweardan,<code>toweardan</code>,2,0.0011474
133,twa,<code>twa</code>,2,0.0011474
133,underfengon,<code>underfengon</code>,2,0.0011474
133,unrihtwisan,<code>unrihtwisan</code>,2,0.0011474
133,w&aelig;dla,<code>w&amp;ae;dla</code>,2,0.0011474
133,w&aelig;ter,<code>w&amp;ae;ter</code>,2,0.0011474
133,welegan,<code>welegan</code>,2,0.0011474
133,welig,<code>welig</code>,2,0.0011474
133,wenst,<code>wenst</code>,2,0.0011474
133,willa&eth;,<code>willa&amp;d;</code>,2,0.0011474
133,worulde,<code>worulde</code>,2,0.0011474
133,wydewe,<code>wydewe</code>,2,0.0011474
133,wyrce,<code>wyrce</code>,2,0.0011474
235,&aelig;,<code>&amp;ae;</code>,1,0.0005737
235,&aelig;hta,<code>&amp;ae;hta</code>,1,0.0005737
235,&aelig;htum,<code>&amp;ae;htum</code>,1,0.0005737
235,&aelig;lmesd&aelig;da,<code>&amp;ae;lmesd&amp;ae;da</code>,1,0.0005737
235,&aelig;lmessana,<code>&amp;ae;lmessana</code>,1,0.0005737
235,&aelig;lmihtigan,<code>&amp;ae;lmihtigan</code>,1,0.0005737
235,&aelig;lmihtigum,<code>&amp;ae;lmihtigum</code>,1,0.0005737
235,&aelig;nig,<code>&amp;ae;nig</code>,1,0.0005737
235,&aelig;r,<code>&amp;ae;r</code>,1,0.0005737
235,&aelig;rest,<code>&amp;ae;rest</code>,1,0.0005737
235,&aelig;ristes,<code>&amp;ae;ristes</code>,1,0.0005737
235,&aelig;tbreda&eth;,<code>&amp;ae;tbreda&amp;d;</code>,1,0.0005737
235,&aelig;tes,<code>&amp;ae;tes</code>,1,0.0005737
235,&aelig;tforan,<code>&amp;ae;tforan</code>,1,0.0005737
235,&eth;&aelig;ra,<code>&amp;d;&amp;ae;ra</code>,1,0.0005737
235,&eth;&aelig;rrihte,<code>&amp;d;&amp;ae;rrihte</code>,1,0.0005737
235,&eth;earfena,<code>&amp;d;earfena</code>,1,0.0005737
235,&eth;earfum,<code>&amp;d;earfum</code>,1,0.0005737
235,&eth;enian,<code>&amp;d;enian</code>,1,0.0005737
235,&eth;eoda,<code>&amp;d;eoda</code>,1,0.0005737
235,&eth;eofas,<code>&amp;d;eofas</code>,1,0.0005737
235,&eth;eos,<code>&amp;d;eos</code>,1,0.0005737
235,&eth;es,<code>&amp;d;es</code>,1,0.0005737
235,&eth;ider,<code>&amp;d;ider</code>,1,0.0005737
235,&eth;illic,<code>&amp;d;illic</code>,1,0.0005737
235,&eth;ing,<code>&amp;d;ing</code>,1,0.0005737
235,&eth;inga,<code>&amp;d;inga</code>,1,0.0005737
235,&eth;inne,<code>&amp;d;inne</code>,1,0.0005737
235,&eth;urh,<code>&amp;d;urh</code>,1,0.0005737
235,&eth;urstigum,<code>&amp;d;urstigum</code>,1,0.0005737
235,&eth;urstinne,<code>&amp;d;urstinne</code>,1,0.0005737
235,&thorn;as,<code>&amp;t;as</code>,1,0.0005737
235,&thorn;eah,<code>&amp;t;eah</code>,1,0.0005737
235,&thorn;eofas,<code>&amp;t;eofas</code>,1,0.0005737
235,&thorn;igene,<code>&amp;t;igene</code>,1,0.0005737
235,&thorn;inra,<code>&amp;t;inra</code>,1,0.0005737
235,&thorn;is,<code>&amp;t;is</code>,1,0.0005737
235,&thorn;one,<code>&amp;t;one</code>,1,0.0005737
235,&thorn;ugon,<code>&amp;t;ugon</code>,1,0.0005737
235,&thorn;urhteon,<code>&amp;t;urhteon</code>,1,0.0005737
235,&thorn;urstigne,<code>&amp;t;urstigne</code>,1,0.0005737
235,&thorn;yssere,<code>&amp;t;yssere</code>,1,0.0005737
235,a&eth;wean,<code>a&amp;d;wean</code>,1,0.0005737
235,acucian,<code>acucian</code>,1,0.0005737
235,acwelle,<code>acwelle</code>,1,0.0005737
235,adelfa&eth;,<code>adelfa&amp;d;</code>,1,0.0005737
235,adw&aelig;scte,<code>adw&amp;ae;scte</code>,1,0.0005737
235,afandige,<code>afandige</code>,1,0.0005737
235,afedd,<code>afedd</code>,1,0.0005737
235,ahyld,<code>ahyld</code>,1,0.0005737
235,al&aelig;nde,<code>al&amp;ae;nde</code>,1,0.0005737
235,al&aelig;tan,<code>al&amp;ae;tan</code>,1,0.0005737
235,alyfed,<code>alyfed</code>,1,0.0005737
235,alyst,<code>alyst</code>,1,0.0005737
235,amen,<code>amen</code>,1,0.0005737
235,ana,<code>ana</code>,1,0.0005737
235,andgite,<code>andgite</code>,1,0.0005737
235,andwerd,<code>andwerd</code>,1,0.0005737
235,andwerdnysse,<code>andwerdnysse</code>,1,0.0005737
235,andwerdum,<code>andwerdum</code>,1,0.0005737
235,andwyrd,<code>andwyrd</code>,1,0.0005737
235,anes,<code>anes</code>,1,0.0005737
235,anfealdan,<code>anfealdan</code>,1,0.0005737
235,antecriste,<code>antecriste</code>,1,0.0005737
235,arwur&eth;a,<code>arwur&amp;d;a</code>,1,0.0005737
235,ascyred,<code>ascyred</code>,1,0.0005737
235,ateorige,<code>ateorige</code>,1,0.0005737
235,awar,<code>awar</code>,1,0.0005737
235,aweg,<code>aweg</code>,1,0.0005737
235,awesta&eth;,<code>awesta&amp;d;</code>,1,0.0005737
235,awyrigedan,<code>awyrigedan</code>,1,0.0005737
235,bam,<code>bam</code>,1,0.0005737
235,bealdlice,<code>bealdlice</code>,1,0.0005737
235,bebyt,<code>bebyt</code>,1,0.0005737
235,becumon,<code>becumon</code>,1,0.0005737
235,befyl&eth;,<code>befyl&amp;d;</code>,1,0.0005737
235,began,<code>began</code>,1,0.0005737
235,beganne,<code>beganne</code>,1,0.0005737
235,begeate,<code>begeate</code>,1,0.0005737
235,behydan,<code>behydan</code>,1,0.0005737
235,behyde,<code>behyde</code>,1,0.0005737
235,belifst,<code>belifst</code>,1,0.0005737
235,ben&aelig;m&eth;,<code>ben&amp;ae;m&amp;d;</code>,1,0.0005737
235,bene,<code>bene</code>,1,0.0005737
235,bernu,<code>bernu</code>,1,0.0005737
235,bertun,<code>bertun</code>,1,0.0005737
235,beryp&eth;,<code>beryp&amp;d;</code>,1,0.0005737
235,biggengum,<code>biggengum</code>,1,0.0005737
235,bigleofum,<code>bigleofum</code>,1,0.0005737
235,bitt,<code>bitt</code>,1,0.0005737
235,blissa&eth;,<code>blissa&amp;d;</code>,1,0.0005737
235,blisse,<code>blisse</code>,1,0.0005737
235,brice,<code>brice</code>,1,0.0005737
235,bringe,<code>bringe</code>,1,0.0005737
235,ceald,<code>ceald</code>,1,0.0005737
235,cild,<code>cild</code>,1,0.0005737
235,cildum,<code>cildum</code>,1,0.0005737
235,cl&aelig;nan,<code>cl&amp;ae;nan</code>,1,0.0005737
235,cl&aelig;nnysse,<code>cl&amp;ae;nnysse</code>,1,0.0005737
235,cl&aelig;num,<code>cl&amp;ae;num</code>,1,0.0005737
235,clypa&eth;,<code>clypa&amp;d;</code>,1,0.0005737
235,clypigendum,<code>clypigendum</code>,1,0.0005737
235,comon,<code>comon</code>,1,0.0005737
235,costnunga,<code>costnunga</code>,1,0.0005737
235,cr&aelig;te,<code>cr&amp;ae;te</code>,1,0.0005737
235,cristena,<code>cristena</code>,1,0.0005737
235,cristenum,<code>cristenum</code>,1,0.0005737
235,cu&eth;,<code>cu&amp;d;</code>,1,0.0005737
235,cuma&eth;,<code>cuma&amp;d;</code>,1,0.0005737
235,cuman,<code>cuman</code>,1,0.0005737
235,cwe&eth;a&eth;,<code>cwe&amp;d;a&amp;d;</code>,1,0.0005737
235,cwe&eth;an,<code>cwe&amp;d;an</code>,1,0.0005737
235,cwicsusle,<code>cwicsusle</code>,1,0.0005737
235,cy&eth;,<code>cy&amp;d;</code>,1,0.0005737
235,cy&eth;a&eth;,<code>cy&amp;d;a&amp;d;</code>,1,0.0005737
235,cynn,<code>cynn</code>,1,0.0005737
235,d&aelig;de,<code>d&amp;ae;de</code>,1,0.0005737
235,d&aelig;ge,<code>d&amp;ae;ge</code>,1,0.0005737
235,d&aelig;ghwomlice,<code>d&amp;ae;ghwomlice</code>,1,0.0005737
235,d&aelig;l,<code>d&amp;ae;l</code>,1,0.0005737
235,d&aelig;lan,<code>d&amp;ae;lan</code>,1,0.0005737
235,dea&eth;e,<code>dea&amp;d;e</code>,1,0.0005737
235,delfa&eth;,<code>delfa&amp;d;</code>,1,0.0005737
235,dem&eth;,<code>dem&amp;d;</code>,1,0.0005737
235,deofellicra,<code>deofellicra</code>,1,0.0005737
235,deofles,<code>deofles</code>,1,0.0005737
235,dom,<code>dom</code>,1,0.0005737
235,dominica,<code>dominica</code>,1,0.0005737
235,don,<code>don</code>,1,0.0005737
235,drinc,<code>drinc</code>,1,0.0005737
235,drincan,<code>drincan</code>,1,0.0005737
235,eac,<code>eac</code>,1,0.0005737
235,eadigan,<code>eadigan</code>,1,0.0005737
235,ealdan,<code>ealdan</code>,1,0.0005737
235,ealdordom,<code>ealdordom</code>,1,0.0005737
235,eare,<code>eare</code>,1,0.0005737
235,earm,<code>earm</code>,1,0.0005737
235,earme,<code>earme</code>,1,0.0005737
235,earmum,<code>earmum</code>,1,0.0005737
235,easterlican,<code>easterlican</code>,1,0.0005737
235,ecere,<code>ecere</code>,1,0.0005737
235,elias,<code>elias</code>,1,0.0005737
235,englas,<code>englas</code>,1,0.0005737
235,enoch,<code>enoch</code>,1,0.0005737
235,eor&eth;e,<code>eor&amp;d;e</code>,1,0.0005737
235,eor&eth;licum,<code>eor&amp;d;licum</code>,1,0.0005737
235,eower,<code>eower</code>,1,0.0005737
235,eowerum,<code>eowerum</code>,1,0.0005737
235,estfullum,<code>estfullum</code>,1,0.0005737
235,et,<code>et</code>,1,0.0005737
235,f&aelig;st,<code>f&amp;ae;st</code>,1,0.0005737
235,f&aelig;stenes,<code>f&amp;ae;stenes</code>,1,0.0005737
235,facn,<code>facn</code>,1,0.0005737
235,fara&eth;,<code>fara&amp;d;</code>,1,0.0005737
235,fela,<code>fela</code>,1,0.0005737
235,feoh,<code>feoh</code>,1,0.0005737
235,feor&eth;ling,<code>feor&amp;d;ling</code>,1,0.0005737
235,feowertigfealde,<code>feowertigfealde</code>,1,0.0005737
235,fl&aelig;sclice,<code>fl&amp;ae;sclice</code>,1,0.0005737
235,fl&aelig;scmettas,<code>fl&amp;ae;scmettas</code>,1,0.0005737
235,for&eth;,<code>for&amp;d;</code>,1,0.0005737
235,forbead,<code>forbead</code>,1,0.0005737
235,forg&aelig;gednysse,<code>forg&amp;ae;gednysse</code>,1,0.0005737
235,forgan,<code>forgan</code>,1,0.0005737
235,forgeaf,<code>forgeaf</code>,1,0.0005737
235,forgif&eth;,<code>forgif&amp;d;</code>,1,0.0005737
235,forgife,<code>forgife</code>,1,0.0005737
235,forgifen,<code>forgifen</code>,1,0.0005737
235,forgifennysse,<code>forgifennysse</code>,1,0.0005737
235,forgifon,<code>forgifon</code>,1,0.0005737
235,forgyfa&eth;,<code>forgyfa&amp;d;</code>,1,0.0005737
235,forgyfen,<code>forgyfen</code>,1,0.0005737
235,forgyfenysse,<code>forgyfenysse</code>,1,0.0005737
235,forgylt,<code>forgylt</code>,1,0.0005737
235,forgymeleasast,<code>forgymeleasast</code>,1,0.0005737
235,forgyt,<code>forgyt</code>,1,0.0005737
235,forh&aelig;bbe,<code>forh&amp;ae;bbe</code>,1,0.0005737
235,forh&aelig;fednysse,<code>forh&amp;ae;fednysse</code>,1,0.0005737
235,forl&aelig;t,<code>forl&amp;ae;t</code>,1,0.0005737
235,forlyst,<code>forlyst</code>,1,0.0005737
235,forstela&eth;,<code>forstela&amp;d;</code>,1,0.0005737
235,forwyrde,<code>forwyrde</code>,1,0.0005737
235,frim&eth;e,<code>frim&amp;d;e</code>,1,0.0005737
235,frumw&aelig;stmum,<code>frumw&amp;ae;stmum</code>,1,0.0005737
235,fultum,<code>fultum</code>,1,0.0005737
235,fyr,<code>fyr</code>,1,0.0005737
235,fyre,<code>fyre</code>,1,0.0005737
235,g&aelig;t,<code>g&amp;ae;t</code>,1,0.0005737
235,galnysse,<code>galnysse</code>,1,0.0005737
235,gastlicere,<code>gastlicere</code>,1,0.0005737
235,gastlicum,<code>gastlicum</code>,1,0.0005737
235,gastum,<code>gastum</code>,1,0.0005737
235,gatum,<code>gatum</code>,1,0.0005737
235,ge&aelig;biligdon,<code>ge&amp;ae;biligdon</code>,1,0.0005737
235,ge&eth;afa&eth;,<code>ge&amp;d;afa&amp;d;</code>,1,0.0005737
235,geagnast,<code>geagnast</code>,1,0.0005737
235,geagnia&eth;,<code>geagnia&amp;d;</code>,1,0.0005737
235,geagnian,<code>geagnian</code>,1,0.0005737
235,geandettan,<code>geandettan</code>,1,0.0005737
235,geara,<code>geara</code>,1,0.0005737
235,gearlica,<code>gearlica</code>,1,0.0005737
235,gebedum,<code>gebedum</code>,1,0.0005737
235,gebide,<code>gebide</code>,1,0.0005737
235,gebletsode,<code>gebletsode</code>,1,0.0005737
235,gebrinc&eth;,<code>gebrinc&amp;d;</code>,1,0.0005737
235,gecnyrdnysse,<code>gecnyrdnysse</code>,1,0.0005737
235,gecorenum,<code>gecorenum</code>,1,0.0005737
235,gecy&eth;e,<code>gecy&amp;d;e</code>,1,0.0005737
235,gecyrra&eth;,<code>gecyrra&amp;d;</code>,1,0.0005737
235,gedale,<code>gedale</code>,1,0.0005737
235,geeacnian,<code>geeacnian</code>,1,0.0005737
235,geenda&eth;,<code>geenda&amp;d;</code>,1,0.0005737
235,geferod,<code>geferod</code>,1,0.0005737
235,gefrefrodon,<code>gefrefrodon</code>,1,0.0005737
235,gefremme,<code>gefremme</code>,1,0.0005737
235,gefultumedon,<code>gefultumedon</code>,1,0.0005737
235,gefylde,<code>gefylde</code>,1,0.0005737
235,gefyllednys,<code>gefyllednys</code>,1,0.0005737
235,gegadera&eth;,<code>gegadera&amp;d;</code>,1,0.0005737
235,gegaderian,<code>gegaderian</code>,1,0.0005737
235,gegaderode,<code>gegaderode</code>,1,0.0005737
235,gegadrian,<code>gegadrian</code>,1,0.0005737
235,geglengde,<code>geglengde</code>,1,0.0005737
235,geherode,<code>geherode</code>,1,0.0005737
235,gehyre,<code>gehyre</code>,1,0.0005737
235,gehyred,<code>gehyred</code>,1,0.0005737
235,geleafan,<code>geleafan</code>,1,0.0005737
235,geloga&eth;,<code>geloga&amp;d;</code>,1,0.0005737
235,gem&aelig;nelicum,<code>gem&amp;ae;nelicum</code>,1,0.0005737
235,gemenigfylde,<code>gemenigfylde</code>,1,0.0005737
235,gemunda&eth;,<code>gemunda&amp;d;</code>,1,0.0005737
235,gemyndige,<code>gemyndige</code>,1,0.0005737
235,geneosian,<code>geneosian</code>,1,0.0005737
235,geornlicor,<code>geornlicor</code>,1,0.0005737
235,gereccan,<code>gereccan</code>,1,0.0005737
235,gereccednysse,<code>gereccednysse</code>,1,0.0005737
235,gereordigan,<code>gereordigan</code>,1,0.0005737
235,gerest,<code>gerest</code>,1,0.0005737
235,gescyldnysse,<code>gescyldnysse</code>,1,0.0005737
235,gescyt,<code>gescyt</code>,1,0.0005737
235,geseald,<code>geseald</code>,1,0.0005737
235,gesealde,<code>gesealde</code>,1,0.0005737
235,gesett,<code>gesett</code>,1,0.0005737
235,gesewen,<code>gesewen</code>,1,0.0005737
235,gesthusum,<code>gesthusum</code>,1,0.0005737
235,gestreonum,<code>gestreonum</code>,1,0.0005737
235,geswinc,<code>geswinc</code>,1,0.0005737
235,geswince,<code>geswince</code>,1,0.0005737
235,geswutelian,<code>geswutelian</code>,1,0.0005737
235,geteald,<code>geteald</code>,1,0.0005737
235,geunrotsa&eth;,<code>geunrotsa&amp;d;</code>,1,0.0005737
235,geuntrumod,<code>geuntrumod</code>,1,0.0005737
235,geuntrumodne,<code>geuntrumodne</code>,1,0.0005737
235,gew&aelig;tera,<code>gew&amp;ae;tera</code>,1,0.0005737
235,gewelgian,<code>gewelgian</code>,1,0.0005737
235,gewistfulla,<code>gewistfulla</code>,1,0.0005737
235,gewita&eth;,<code>gewita&amp;d;</code>,1,0.0005737
235,geworhte,<code>geworhte</code>,1,0.0005737
235,gl&aelig;dlice,<code>gl&amp;ae;dlice</code>,1,0.0005737
235,godcundan,<code>godcundan</code>,1,0.0005737
235,godspellican,<code>godspellican</code>,1,0.0005737
235,gyf,<code>gyf</code>,1,0.0005737
235,gymeleaste,<code>gymeleaste</code>,1,0.0005737
235,gyt,<code>gyt</code>,1,0.0005737
235,h&aelig;bbendan,<code>h&amp;ae;bbendan</code>,1,0.0005737
235,h&aelig;fde,<code>h&amp;ae;fde</code>,1,0.0005737
235,hafa,<code>hafa</code>,1,0.0005737
235,hafenleaste,<code>hafenleaste</code>,1,0.0005737
235,heafod,<code>heafod</code>,1,0.0005737
235,healfe,<code>healfe</code>,1,0.0005737
235,heofenlicum,<code>heofenlicum</code>,1,0.0005737
235,heofenum,<code>heofenum</code>,1,0.0005737
235,heofonum,<code>heofonum</code>,1,0.0005737
235,heora,<code>heora</code>,1,0.0005737
235,heortan,<code>heortan</code>,1,0.0005737
235,heorte,<code>heorte</code>,1,0.0005737
235,heretoga,<code>heretoga</code>,1,0.0005737
235,het,<code>het</code>,1,0.0005737
235,hi&eth;&eth;e,<code>hi&amp;d;&amp;d;e</code>,1,0.0005737
235,hire,<code>hire</code>,1,0.0005737
235,hiwast,<code>hiwast</code>,1,0.0005737
235,hordia&eth;,<code>hordia&amp;d;</code>,1,0.0005737
235,hu,<code>hu</code>,1,0.0005737
235,hundfealdum,<code>hundfealdum</code>,1,0.0005737
235,hungrine,<code>hungrine</code>,1,0.0005737
235,hungrinne,<code>hungrinne</code>,1,0.0005737
235,huru,<code>huru</code>,1,0.0005737
235,husles,<code>husles</code>,1,0.0005737
235,hw&aelig;&eth;er,<code>hw&amp;ae;&amp;d;er</code>,1,0.0005737
235,hw&aelig;r,<code>hw&amp;ae;r</code>,1,0.0005737
235,hw&aelig;s,<code>hw&amp;ae;s</code>,1,0.0005737
235,hwilc,<code>hwilc</code>,1,0.0005737
235,i,<code>i</code>,1,0.0005737
235,idel,<code>idel</code>,1,0.0005737
235,in,<code>in</code>,1,0.0005737
235,inweardre,<code>inweardre</code>,1,0.0005737
235,l&aelig;cedom,<code>l&amp;ae;cedom</code>,1,0.0005737
235,l&aelig;st,<code>l&amp;ae;st</code>,1,0.0005737
235,l&aelig;stan,<code>l&amp;ae;stan</code>,1,0.0005737
235,lac,<code>lac</code>,1,0.0005737
235,lace,<code>lace</code>,1,0.0005737
235,lang,<code>lang</code>,1,0.0005737
235,lareowa,<code>lareowa</code>,1,0.0005737
235,leahtrum,<code>leahtrum</code>,1,0.0005737
235,leasunge,<code>leasunge</code>,1,0.0005737
235,lenctenlic,<code>lenctenlic</code>,1,0.0005737
235,lenctenlican,<code>lenctenlican</code>,1,0.0005737
235,lenctenlice,<code>lenctenlice</code>,1,0.0005737
235,lenctenlices,<code>lenctenlices</code>,1,0.0005737
235,leof,<code>leof</code>,1,0.0005737
235,leofa,<code>leofa</code>,1,0.0005737
235,leofostan,<code>leofostan</code>,1,0.0005737
235,libba&eth;,<code>libba&amp;d;</code>,1,0.0005737
235,lichamlice,<code>lichamlice</code>,1,0.0005737
235,lig,<code>lig</code>,1,0.0005737
235,lufan,<code>lufan</code>,1,0.0005737
235,lufe,<code>lufe</code>,1,0.0005737
235,lustas,<code>lustas</code>,1,0.0005737
235,lybba&eth;,<code>lybba&amp;d;</code>,1,0.0005737
235,lytlum,<code>lytlum</code>,1,0.0005737
235,m&aelig;ge,<code>m&amp;ae;ge</code>,1,0.0005737
235,m&aelig;gen&eth;rymme,<code>m&amp;ae;gen&amp;d;rymme</code>,1,0.0005737
235,m&aelig;gen&eth;rymnysse,<code>m&amp;ae;gen&amp;d;rymnysse</code>,1,0.0005737
235,m&aelig;ra,<code>m&amp;ae;ra</code>,1,0.0005737
235,m&aelig;rsunge,<code>m&amp;ae;rsunge</code>,1,0.0005737
235,magon,<code>magon</code>,1,0.0005737
235,manegra,<code>manegra</code>,1,0.0005737
235,manfullan,<code>manfullan</code>,1,0.0005737
235,maran,<code>maran</code>,1,0.0005737
235,mare,<code>mare</code>,1,0.0005737
235,marian,<code>marian</code>,1,0.0005737
235,mede,<code>mede</code>,1,0.0005737
235,men,<code>men</code>,1,0.0005737
235,menniscnys,<code>menniscnys</code>,1,0.0005737
235,menniscnysse,<code>menniscnysse</code>,1,0.0005737
235,merigenes,<code>merigenes</code>,1,0.0005737
235,micclan,<code>micclan</code>,1,0.0005737
235,micelre,<code>micelre</code>,1,0.0005737
235,middaneardes,<code>middaneardes</code>,1,0.0005737
235,miht,<code>miht</code>,1,0.0005737
235,mildheortnys,<code>mildheortnys</code>,1,0.0005737
235,mines,<code>mines</code>,1,0.0005737
235,minre,<code>minre</code>,1,0.0005737
235,mo&eth;&eth;an,<code>mo&amp;d;&amp;d;an</code>,1,0.0005737
235,mo&eth;&eth;e,<code>mo&amp;d;&amp;d;e</code>,1,0.0005737
235,mode,<code>mode</code>,1,0.0005737
235,moste,<code>moste</code>,1,0.0005737
235,moton,<code>moton</code>,1,0.0005737
235,moyses,<code>moyses</code>,1,0.0005737
235,mu&eth;e,<code>mu&amp;d;e</code>,1,0.0005737
235,n&aelig;bbe,<code>n&amp;ae;bbe</code>,1,0.0005737
235,n&aelig;fst,<code>n&amp;ae;fst</code>,1,0.0005737
235,n&aelig;nne,<code>n&amp;ae;nne</code>,1,0.0005737
235,nacodne,<code>nacodne</code>,1,0.0005737
235,nat,<code>nat</code>,1,0.0005737
235,neode,<code>neode</code>,1,0.0005737
235,niwan,<code>niwan</code>,1,0.0005737
235,nyte,<code>nyte</code>,1,0.0005737
235,o&eth;res,<code>o&amp;d;res</code>,1,0.0005737
235,oferst&aelig;lan,<code>oferst&amp;ae;lan</code>,1,0.0005737
235,oftih&eth;,<code>oftih&amp;d;</code>,1,0.0005737
235,om,<code>om</code>,1,0.0005737
235,omm,<code>omm</code>,1,0.0005737
235,ondr&aelig;t,<code>ondr&amp;ae;t</code>,1,0.0005737
235,ondr&aelig;tst,<code>ondr&amp;ae;tst</code>,1,0.0005737
235,quadragesima,<code>quadragesima</code>,1,0.0005737
235,reaflac,<code>reaflac</code>,1,0.0005737
235,reaflace,<code>reaflace</code>,1,0.0005737
235,ren,<code>ren</code>,1,0.0005737
235,rica,<code>rica</code>,1,0.0005737
235,ricum,<code>ricum</code>,1,0.0005737
235,ripion,<code>ripion</code>,1,0.0005737
235,rixia&eth;,<code>rixia&amp;d;</code>,1,0.0005737
235,ryman,<code>ryman</code>,1,0.0005737
235,samod,<code>samod</code>,1,0.0005737
235,sawul,<code>sawul</code>,1,0.0005737
235,scealt,<code>scealt</code>,1,0.0005737
235,sceolon,<code>sceolon</code>,1,0.0005737
235,scephyrde,<code>scephyrde</code>,1,0.0005737
235,scine,<code>scine</code>,1,0.0005737
235,scrifte,<code>scrifte</code>,1,0.0005737
235,scryddon,<code>scryddon</code>,1,0.0005737
235,sealdon,<code>sealdon</code>,1,0.0005737
235,sleac,<code>sleac</code>,1,0.0005737
235,smeade,<code>smeade</code>,1,0.0005737
235,so&eth;f&aelig;stnysse,<code>so&amp;d;f&amp;ae;stnysse</code>,1,0.0005737
235,sparige,<code>sparige</code>,1,0.0005737
235,spr&aelig;c,<code>spr&amp;ae;c</code>,1,0.0005737
235,stede,<code>stede</code>,1,0.0005737
235,stemn,<code>stemn</code>,1,0.0005737
235,stemne,<code>stemne</code>,1,0.0005737
235,stowe,<code>stowe</code>,1,0.0005737
235,stunta,<code>stunta</code>,1,0.0005737
235,stuntlice,<code>stuntlice</code>,1,0.0005737
235,sume,<code>sume</code>,1,0.0005737
235,sumon,<code>sumon</code>,1,0.0005737
235,sunne,<code>sunne</code>,1,0.0005737
235,sunu,<code>sunu</code>,1,0.0005737
235,swi&eth;ost,<code>swi&amp;d;ost</code>,1,0.0005737
235,swinc&eth;,<code>swinc&amp;d;</code>,1,0.0005737
235,sy,<code>sy</code>,1,0.0005737
235,syfernysse,<code>syfernysse</code>,1,0.0005737
235,syl&eth;,<code>syl&amp;d;</code>,1,0.0005737
235,syle,<code>syle</code>,1,0.0005737
235,synfullan,<code>synfullan</code>,1,0.0005737
235,synfullum,<code>synfullum</code>,1,0.0005737
235,synne,<code>synne</code>,1,0.0005737
235,synnum,<code>synnum</code>,1,0.0005737
235,talast,<code>talast</code>,1,0.0005737
235,teoh,<code>teoh</code>,1,0.0005737
235,teolunga,<code>teolunga</code>,1,0.0005737
235,tid,<code>tid</code>,1,0.0005737
235,tide,<code>tide</code>,1,0.0005737
235,tidum,<code>tidum</code>,1,0.0005737
235,tocyme,<code>tocyme</code>,1,0.0005737
235,togeanes,<code>togeanes</code>,1,0.0005737
235,toniht,<code>toniht</code>,1,0.0005737
235,tosamne,<code>tosamne</code>,1,0.0005737
235,twegra,<code>twegra</code>,1,0.0005737
235,tyddernysse,<code>tyddernysse</code>,1,0.0005737
235,uncystigan,<code>uncystigan</code>,1,0.0005737
235,unrihtlic,<code>unrihtlic</code>,1,0.0005737
235,unrihtwisa,<code>unrihtwisa</code>,1,0.0005737
235,untrum,<code>untrum</code>,1,0.0005737
235,untrumne,<code>untrumne</code>,1,0.0005737
235,unw&aelig;stmb&aelig;re,<code>unw&amp;ae;stmb&amp;ae;re</code>,1,0.0005737
235,upplican,<code>upplican</code>,1,0.0005737
235,urne,<code>urne</code>,1,0.0005737
235,urum,<code>urum</code>,1,0.0005737
235,uton,<code>uton</code>,1,0.0005737
235,w&aelig;ccum,<code>w&amp;ae;ccum</code>,1,0.0005737
235,w&aelig;da,<code>w&amp;ae;da</code>,1,0.0005737
235,w&aelig;dlan,<code>w&amp;ae;dlan</code>,1,0.0005737
235,w&aelig;dligendan,<code>w&amp;ae;dligendan</code>,1,0.0005737
235,w&aelig;ron,<code>w&amp;ae;ron</code>,1,0.0005737
235,wannspedigum,<code>wannspedigum</code>,1,0.0005737
235,wealdend,<code>wealdend</code>,1,0.0005737
235,weallendre,<code>weallendre</code>,1,0.0005737
235,wear&eth;,<code>wear&amp;d;</code>,1,0.0005737
235,welan,<code>welan</code>,1,0.0005737
235,weofode,<code>weofode</code>,1,0.0005737
235,weorc,<code>weorc</code>,1,0.0005737
235,weorcum,<code>weorcum</code>,1,0.0005737
235,wille,<code>wille</code>,1,0.0005737
235,witegan,<code>witegan</code>,1,0.0005737
235,wolde,<code>wolde</code>,1,0.0005737
235,worda,<code>worda</code>,1,0.0005737
235,wordum,<code>wordum</code>,1,0.0005737
235,woruld,<code>woruld</code>,1,0.0005737
235,worulda,<code>worulda</code>,1,0.0005737
235,wur&eth;ian,<code>wur&amp;d;ian</code>,1,0.0005737
235,wur&eth;mynte,<code>wur&amp;d;mynte</code>,1,0.0005737
235,ylcum,<code>ylcum</code>,1,0.0005737
235,ymbe,<code>ymbe</code>,1,0.0005737
235,ymryne,<code>ymryne</code>,1,0.0005737
