B_Prose,B01,B01.002.016_AECHom_II__14.1_T02660.txt,1210,817,3449
RANK,HTML WORD,RAW WORD,COUNT,RELATIVE FREQUENCY
1,and,<code>and</code>,146,0.0423311
2,&eth;a,<code>&amp;d;a</code>,93,0.0269643
3,on,<code>on</code>,86,0.0249348
4,mid,<code>mid</code>,84,0.0243549
5,he,<code>he</code>,76,0.0220354
6,his,<code>his</code>,71,0.0205857
7,&thorn;&aelig;t,<code>&amp;t;&amp;ae;t</code>,70,0.0202957
8,to,<code>to</code>,68,0.0197159
9,swa,<code>swa</code>,54,0.0156567
10,hi,<code>hi</code>,52,0.0150768
11,se,<code>se</code>,51,0.0147869
12,&eth;am,<code>&amp;d;am</code>,49,0.0142070
13,&eth;e,<code>&amp;d;e</code>,45,0.0130473
14,him,<code>him</code>,39,0.0113076
15,hine,<code>hine</code>,38,0.0110177
16,&thorn;a,<code>&amp;t;a</code>,32,0.0092781
16,h&aelig;lend,<code>h&amp;ae;lend</code>,32,0.0092781
18,for,<code>for</code>,28,0.0081183
19,ac,<code>ac</code>,22,0.0063787
19,eft,<code>eft</code>,22,0.0063787
21,cw&aelig;&eth;,<code>cw&amp;ae;&amp;d;</code>,21,0.0060887
22,&eth;&aelig;re,<code>&amp;d;&amp;ae;re</code>,20,0.0057988
22,w&aelig;re,<code>w&amp;ae;re</code>,20,0.0057988
24,heora,<code>heora</code>,19,0.0055088
24,ic,<code>ic</code>,19,0.0055088
24,ne,<code>ne</code>,19,0.0055088
27,crist,<code>crist</code>,18,0.0052189
28,drihten,<code>drihten</code>,17,0.0049290
29,hit,<code>hit</code>,16,0.0046390
30,&aelig;r,<code>&amp;ae;r</code>,15,0.0043491
30,ealle,<code>ealle</code>,15,0.0043491
30,seo,<code>seo</code>,15,0.0043491
30,sona,<code>sona</code>,15,0.0043491
30,w&aelig;s,<code>w&amp;ae;s</code>,15,0.0043491
35,&eth;an,<code>&amp;d;an</code>,14,0.0040591
35,gif,<code>gif</code>,14,0.0040591
37,&eth;one,<code>&amp;d;one</code>,13,0.0037692
38,&eth;u,<code>&amp;d;u</code>,12,0.0034793
38,of,<code>of</code>,12,0.0034793
38,so&eth;lice,<code>so&amp;d;lice</code>,12,0.0034793
41,hw&aelig;t,<code>hw&amp;ae;t</code>,11,0.0031893
41,nu,<code>nu</code>,11,0.0031893
43,eac,<code>eac</code>,10,0.0028994
43,f&aelig;der,<code>f&amp;ae;der</code>,10,0.0028994
43,is,<code>is</code>,10,0.0028994
43,wolde,<code>wolde</code>,10,0.0028994
47,&aelig;fter,<code>&amp;ae;fter</code>,9,0.0026095
47,&eth;rowunge,<code>&amp;d;rowunge</code>,9,0.0026095
47,&thorn;e,<code>&amp;t;e</code>,9,0.0026095
47,cw&aelig;don,<code>cw&amp;ae;don</code>,9,0.0026095
47,pilatus,<code>pilatus</code>,9,0.0026095
47,si&eth;&eth;an,<code>si&amp;d;&amp;d;an</code>,9,0.0026095
53,&thorn;&aelig;s,<code>&amp;t;&amp;ae;s</code>,8,0.0023195
53,dea&eth;e,<code>dea&amp;d;e</code>,8,0.0023195
53,eal,<code>eal</code>,8,0.0023195
53,me,<code>me</code>,8,0.0023195
53,petrus,<code>petrus</code>,8,0.0023195
53,rode,<code>rode</code>,8,0.0023195
59,&eth;&aelig;r,<code>&amp;d;&amp;ae;r</code>,7,0.0020296
59,&eth;eah,<code>&amp;d;eah</code>,7,0.0020296
59,anre,<code>anre</code>,7,0.0020296
59,be,<code>be</code>,7,0.0020296
59,fram,<code>fram</code>,7,0.0020296
59,godes,<code>godes</code>,7,0.0020296
59,iudei,<code>iudei</code>,7,0.0020296
59,mihte,<code>mihte</code>,7,0.0020296
59,nolde,<code>nolde</code>,7,0.0020296
68,&aelig;t,<code>&amp;ae;t</code>,6,0.0017396
68,&eth;&aelig;ra,<code>&amp;d;&amp;ae;ra</code>,6,0.0017396
68,an,<code>an</code>,6,0.0017396
68,andwyrde,<code>andwyrde</code>,6,0.0017396
68,clypode,<code>clypode</code>,6,0.0017396
68,cristes,<code>cristes</code>,6,0.0017396
68,d&aelig;ge,<code>d&amp;ae;ge</code>,6,0.0017396
68,eow,<code>eow</code>,6,0.0017396
68,n&aelig;fre,<code>n&amp;ae;fre</code>,6,0.0017396
68,s&aelig;de,<code>s&amp;ae;de</code>,6,0.0017396
68,samod,<code>samod</code>,6,0.0017396
68,swi&eth;e,<code>swi&amp;d;e</code>,6,0.0017396
68,swilce,<code>swilce</code>,6,0.0017396
68,us,<code>us</code>,6,0.0017396
68,we,<code>we</code>,6,0.0017396
68,wi&eth;,<code>wi&amp;d;</code>,6,0.0017396
68,worde,<code>worde</code>,6,0.0017396
85,&eth;urh,<code>&amp;d;urh</code>,5,0.0014497
85,&thorn;am,<code>&amp;t;am</code>,5,0.0014497
85,&thorn;es,<code>&amp;t;es</code>,5,0.0014497
85,a&eth;woh,<code>a&amp;d;woh</code>,5,0.0014497
85,agenum,<code>agenum</code>,5,0.0014497
85,axode,<code>axode</code>,5,0.0014497
85,cyning,<code>cyning</code>,5,0.0014497
85,drihtne,<code>drihtne</code>,5,0.0014497
85,drihtnes,<code>drihtnes</code>,5,0.0014497
85,folc,<code>folc</code>,5,0.0014497
85,genam,<code>genam</code>,5,0.0014497
85,gereorde,<code>gereorde</code>,5,0.0014497
85,het,<code>het</code>,5,0.0014497
85,hospe,<code>hospe</code>,5,0.0014497
85,iudeiscra,<code>iudeiscra</code>,5,0.0014497
85,mannum,<code>mannum</code>,5,0.0014497
85,n&aelig;re,<code>n&amp;ae;re</code>,5,0.0014497
85,sceolde,<code>sceolde</code>,5,0.0014497
85,sum,<code>sum</code>,5,0.0014497
85,sunu,<code>sunu</code>,5,0.0014497
85,sy,<code>sy</code>,5,0.0014497
85,ure,<code>ure</code>,5,0.0014497
85,wurde,<code>wurde</code>,5,0.0014497
108,&aelig;nne,<code>&amp;ae;nne</code>,4,0.0011598
108,&eth;&aelig;s,<code>&amp;d;&amp;ae;s</code>,4,0.0011598
108,&eth;issere,<code>&amp;d;issere</code>,4,0.0011598
108,&eth;isum,<code>&amp;d;isum</code>,4,0.0011598
108,bel&aelig;wde,<code>bel&amp;ae;wde</code>,4,0.0011598
108,bi&eth;,<code>bi&amp;d;</code>,4,0.0011598
108,cempan,<code>cempan</code>,4,0.0011598
108,criste,<code>criste</code>,4,0.0011598
108,ealdan,<code>ealdan</code>,4,0.0011598
108,eallum,<code>eallum</code>,4,0.0011598
108,eom,<code>eom</code>,4,0.0011598
108,folce,<code>folce</code>,4,0.0011598
108,ge,<code>ge</code>,4,0.0011598
108,geleafan,<code>geleafan</code>,4,0.0011598
108,getacnode,<code>getacnode</code>,4,0.0011598
108,god,<code>god</code>,4,0.0011598
108,gyt,<code>gyt</code>,4,0.0011598
108,herodes,<code>herodes</code>,4,0.0011598
108,hr&aelig;dlice,<code>hr&amp;ae;dlice</code>,4,0.0011598
108,iudan,<code>iudan</code>,4,0.0011598
108,iudas,<code>iudas</code>,4,0.0011598
108,iudeisce,<code>iudeisce</code>,4,0.0011598
108,min,<code>min</code>,4,0.0011598
108,na,<code>na</code>,4,0.0011598
108,o&eth;er,<code>o&amp;d;er</code>,4,0.0011598
108,reaf,<code>reaf</code>,4,0.0011598
108,so&eth;um,<code>so&amp;d;um</code>,4,0.0011598
108,stod,<code>stod</code>,4,0.0011598
108,sylf,<code>sylf</code>,4,0.0011598
108,synna,<code>synna</code>,4,0.0011598
108,unscyldig,<code>unscyldig</code>,4,0.0011598
108,w&aelig;ron,<code>w&amp;ae;ron</code>,4,0.0011598
108,woldon,<code>woldon</code>,4,0.0011598
108,wordum,<code>wordum</code>,4,0.0011598
108,wurdon,<code>wurdon</code>,4,0.0011598
143,&aelig;,<code>&amp;ae;</code>,3,0.0008698
143,&aelig;fre,<code>&amp;ae;fre</code>,3,0.0008698
143,&eth;earle,<code>&amp;d;earle</code>,3,0.0008698
143,&eth;in,<code>&amp;d;in</code>,3,0.0008698
143,&eth;ing,<code>&amp;d;ing</code>,3,0.0008698
143,&eth;usend,<code>&amp;d;usend</code>,3,0.0008698
143,&thorn;&aelig;re,<code>&amp;t;&amp;ae;re</code>,3,0.0008698
143,&thorn;urh,<code>&amp;t;urh</code>,3,0.0008698
143,anum,<code>anum</code>,3,0.0008698
143,barraban,<code>barraban</code>,3,0.0008698
143,befran,<code>befran</code>,3,0.0008698
143,beo&eth;,<code>beo&amp;d;</code>,3,0.0008698
143,blod,<code>blod</code>,3,0.0008698
143,byrgene,<code>byrgene</code>,3,0.0008698
143,comon,<code>comon</code>,3,0.0008698
143,eallunge,<code>eallunge</code>,3,0.0008698
143,eare,<code>eare</code>,3,0.0008698
143,eode,<code>eode</code>,3,0.0008698
143,feoh,<code>feoh</code>,3,0.0008698
143,ge&eth;afode,<code>ge&amp;d;afode</code>,3,0.0008698
143,geboren,<code>geboren</code>,3,0.0008698
143,gecuron,<code>gecuron</code>,3,0.0008698
143,gerynu,<code>gerynu</code>,3,0.0008698
143,gesceapen,<code>gesceapen</code>,3,0.0008698
143,gesih&eth;e,<code>gesih&amp;d;e</code>,3,0.0008698
143,godcundnysse,<code>godcundnysse</code>,3,0.0008698
143,h&aelig;fde,<code>h&amp;ae;fde</code>,3,0.0008698
143,h&aelig;lende,<code>h&amp;ae;lende</code>,3,0.0008698
143,halgan,<code>halgan</code>,3,0.0008698
143,hata&eth;,<code>hata&amp;d;</code>,3,0.0008698
143,hearde,<code>hearde</code>,3,0.0008698
143,heoldon,<code>heoldon</code>,3,0.0008698
143,her,<code>her</code>,3,0.0008698
143,hire,<code>hire</code>,3,0.0008698
143,huxlice,<code>huxlice</code>,3,0.0008698
143,l&aelig;wa,<code>l&amp;ae;wa</code>,3,0.0008698
143,life,<code>life</code>,3,0.0008698
143,man,<code>man</code>,3,0.0008698
143,manna,<code>manna</code>,3,0.0008698
143,menigu,<code>menigu</code>,3,0.0008698
143,middaneard,<code>middaneard</code>,3,0.0008698
143,nan,<code>nan</code>,3,0.0008698
143,nanre,<code>nanre</code>,3,0.0008698
143,nihte,<code>nihte</code>,3,0.0008698
143,o&eth;,<code>o&amp;d;</code>,3,0.0008698
143,o&eth;erne,<code>o&amp;d;erne</code>,3,0.0008698
143,o&eth;re,<code>o&amp;d;re</code>,3,0.0008698
143,o&eth;rum,<code>o&amp;d;rum</code>,3,0.0008698
143,pilate,<code>pilate</code>,3,0.0008698
143,rice,<code>rice</code>,3,0.0008698
143,s&aelig;dest,<code>s&amp;ae;dest</code>,3,0.0008698
143,scea&eth;an,<code>scea&amp;d;an</code>,3,0.0008698
143,sceancan,<code>sceancan</code>,3,0.0008698
143,scyppende,<code>scyppende</code>,3,0.0008698
143,sittende,<code>sittende</code>,3,0.0008698
143,so&eth;re,<code>so&amp;d;re</code>,3,0.0008698
143,sohton,<code>sohton</code>,3,0.0008698
143,sunne,<code>sunne</code>,3,0.0008698
143,sylfne,<code>sylfne</code>,3,0.0008698
143,synnum,<code>synnum</code>,3,0.0008698
143,twa,<code>twa</code>,3,0.0008698
143,unscryddon,<code>unscryddon</code>,3,0.0008698
143,w&aelig;felse,<code>w&amp;ae;felse</code>,3,0.0008698
143,wealdend,<code>wealdend</code>,3,0.0008698
143,wear&eth;,<code>wear&amp;d;</code>,3,0.0008698
143,worulde,<code>worulde</code>,3,0.0008698
143,yfele,<code>yfele</code>,3,0.0008698
210,&aelig;cer,<code>&amp;ae;cer</code>,2,0.0005799
210,&aelig;lmihtig,<code>&amp;ae;lmihtig</code>,2,0.0005799
210,&aelig;lmihtiga,<code>&amp;ae;lmihtiga</code>,2,0.0005799
210,&aelig;riste,<code>&amp;ae;riste</code>,2,0.0005799
210,&aelig;rran,<code>&amp;ae;rran</code>,2,0.0005799
210,&aelig;ton,<code>&amp;ae;ton</code>,2,0.0005799
210,&eth;egen,<code>&amp;d;egen</code>,2,0.0005799
210,&eth;egnum,<code>&amp;d;egnum</code>,2,0.0005799
210,&eth;eoda,<code>&amp;d;eoda</code>,2,0.0005799
210,&eth;onne,<code>&amp;d;onne</code>,2,0.0005799
210,&eth;ornas,<code>&amp;d;ornas</code>,2,0.0005799
210,&eth;riddan,<code>&amp;d;riddan</code>,2,0.0005799
210,&eth;ruh,<code>&amp;d;ruh</code>,2,0.0005799
210,&eth;us,<code>&amp;d;us</code>,2,0.0005799
210,&thorn;one,<code>&amp;t;one</code>,2,0.0005799
210,&thorn;onne,<code>&amp;t;onne</code>,2,0.0005799
210,a&eth;wean,<code>a&amp;d;wean</code>,2,0.0005799
210,acwellan,<code>acwellan</code>,2,0.0005799
210,adame,<code>adame</code>,2,0.0005799
210,ageaf,<code>ageaf</code>,2,0.0005799
210,ahangen,<code>ahangen</code>,2,0.0005799
210,alysde,<code>alysde</code>,2,0.0005799
210,alysednysse,<code>alysednysse</code>,2,0.0005799
210,andwyrdon,<code>andwyrdon</code>,2,0.0005799
210,aras,<code>aras</code>,2,0.0005799
210,arison,<code>arison</code>,2,0.0005799
210,asende,<code>asende</code>,2,0.0005799
210,awearp,<code>awearp</code>,2,0.0005799
210,awrat,<code>awrat</code>,2,0.0005799
210,b&aelig;don,<code>b&amp;ae;don</code>,2,0.0005799
210,bearn,<code>bearn</code>,2,0.0005799
210,bearnum,<code>bearnum</code>,2,0.0005799
210,behreowsode,<code>behreowsode</code>,2,0.0005799
210,bel&aelig;wan,<code>bel&amp;ae;wan</code>,2,0.0005799
210,bendum,<code>bendum</code>,2,0.0005799
210,beo,<code>beo</code>,2,0.0005799
210,beon,<code>beon</code>,2,0.0005799
210,beswingan,<code>beswingan</code>,2,0.0005799
210,betere,<code>betere</code>,2,0.0005799
210,bewundon,<code>bewundon</code>,2,0.0005799
210,bifode,<code>bifode</code>,2,0.0005799
210,biternysse,<code>biternysse</code>,2,0.0005799
210,byrgenu,<code>byrgenu</code>,2,0.0005799
210,cempena,<code>cempena</code>,2,0.0005799
210,com,<code>com</code>,2,0.0005799
210,cuce,<code>cuce</code>,2,0.0005799
210,d&aelig;de,<code>d&amp;ae;de</code>,2,0.0005799
210,d&aelig;g,<code>d&amp;ae;g</code>,2,0.0005799
210,dea&eth;,<code>dea&amp;d;</code>,2,0.0005799
210,dea&eth;es,<code>dea&amp;d;es</code>,2,0.0005799
210,deofol,<code>deofol</code>,2,0.0005799
210,digelnysse,<code>digelnysse</code>,2,0.0005799
210,domerne,<code>domerne</code>,2,0.0005799
210,dyrstigum,<code>dyrstigum</code>,2,0.0005799
210,ea&eth;elice,<code>ea&amp;d;elice</code>,2,0.0005799
210,eadmodlice,<code>eadmodlice</code>,2,0.0005799
210,ealdor,<code>ealdor</code>,2,0.0005799
210,ealdorbiscop,<code>ealdorbiscop</code>,2,0.0005799
210,eastertide,<code>eastertide</code>,2,0.0005799
210,ecede,<code>ecede</code>,2,0.0005799
210,efne,<code>efne</code>,2,0.0005799
210,ehteras,<code>ehteras</code>,2,0.0005799
210,ehterum,<code>ehterum</code>,2,0.0005799
210,engla,<code>engla</code>,2,0.0005799
210,eodon,<code>eodon</code>,2,0.0005799
210,eor&eth;an,<code>eor&amp;d;an</code>,2,0.0005799
210,eor&eth;e,<code>eor&amp;d;e</code>,2,0.0005799
210,eorod,<code>eorod</code>,2,0.0005799
210,feallende,<code>feallende</code>,2,0.0005799
210,fela,<code>fela</code>,2,0.0005799
210,feo,<code>feo</code>,2,0.0005799
210,feorran,<code>feorran</code>,2,0.0005799
210,feower,<code>feower</code>,2,0.0005799
210,fet,<code>fet</code>,2,0.0005799
210,folces,<code>folces</code>,2,0.0005799
210,forl&aelig;tan,<code>forl&amp;ae;tan</code>,2,0.0005799
210,gast,<code>gast</code>,2,0.0005799
210,ge&eth;afian,<code>ge&amp;d;afian</code>,2,0.0005799
210,gebigde,<code>gebigde</code>,2,0.0005799
210,gebrohte,<code>gebrohte</code>,2,0.0005799
210,gecy&eth;nysse,<code>gecy&amp;d;nysse</code>,2,0.0005799
210,gedwolmannum,<code>gedwolmannum</code>,2,0.0005799
210,gef&aelig;stnod,<code>gef&amp;ae;stnod</code>,2,0.0005799
210,geh&aelig;lde,<code>geh&amp;ae;lde</code>,2,0.0005799
210,gel&aelig;ddon,<code>gel&amp;ae;ddon</code>,2,0.0005799
210,gela&eth;unge,<code>gela&amp;d;unge</code>,2,0.0005799
210,geleaffullum,<code>geleaffullum</code>,2,0.0005799
210,gemunde,<code>gemunde</code>,2,0.0005799
210,geneal&aelig;hte,<code>geneal&amp;ae;hte</code>,2,0.0005799
210,gesceafta,<code>gesceafta</code>,2,0.0005799
210,geseah,<code>geseah</code>,2,0.0005799
210,gesette,<code>gesette</code>,2,0.0005799
210,gespr&aelig;c,<code>gespr&amp;ae;c</code>,2,0.0005799
210,gesund,<code>gesund</code>,2,0.0005799
210,getacnunge,<code>getacnunge</code>,2,0.0005799
210,gew&aelig;pnode,<code>gew&amp;ae;pnode</code>,2,0.0005799
210,gewunan,<code>gewunan</code>,2,0.0005799
210,gingrena,<code>gingrena</code>,2,0.0005799
210,gingrum,<code>gingrum</code>,2,0.0005799
210,gode,<code>gode</code>,2,0.0005799
210,h&aelig;&eth;ene,<code>h&amp;ae;&amp;d;ene</code>,2,0.0005799
210,halige,<code>halige</code>,2,0.0005799
210,hana,<code>hana</code>,2,0.0005799
210,hanga&eth;,<code>hanga&amp;d;</code>,2,0.0005799
210,hangiende,<code>hangiende</code>,2,0.0005799
210,hangodon,<code>hangodon</code>,2,0.0005799
210,heafde,<code>heafde</code>,2,0.0005799
210,healice,<code>healice</code>,2,0.0005799
210,heofonlican,<code>heofonlican</code>,2,0.0005799
210,heold,<code>heold</code>,2,0.0005799
210,hlaf,<code>hlaf</code>,2,0.0005799
210,hra&eth;e,<code>hra&amp;d;e</code>,2,0.0005799
210,hu,<code>hu</code>,2,0.0005799
210,hundredes,<code>hundredes</code>,2,0.0005799
210,husel,<code>husel</code>,2,0.0005799
210,hw&aelig;ne,<code>hw&amp;ae;ne</code>,2,0.0005799
210,hyrde,<code>hyrde</code>,2,0.0005799
210,into,<code>into</code>,2,0.0005799
210,iohannes,<code>iohannes</code>,2,0.0005799
210,l&aelig;g,<code>l&amp;ae;g</code>,2,0.0005799
210,lareow,<code>lareow</code>,2,0.0005799
210,lic,<code>lic</code>,2,0.0005799
210,lichaman,<code>lichaman</code>,2,0.0005799
210,lifigendan,<code>lifigendan</code>,2,0.0005799
210,liflice,<code>liflice</code>,2,0.0005799
210,ma,<code>ma</code>,2,0.0005799
210,manegum,<code>manegum</code>,2,0.0005799
210,maria,<code>maria</code>,2,0.0005799
210,men,<code>men</code>,2,0.0005799
210,mihton,<code>mihton</code>,2,0.0005799
210,mildheorta,<code>mildheorta</code>,2,0.0005799
210,mine,<code>mine</code>,2,0.0005799
210,moder,<code>moder</code>,2,0.0005799
210,modor,<code>modor</code>,2,0.0005799
210,moste,<code>moste</code>,2,0.0005799
210,mu&eth;e,<code>mu&amp;d;e</code>,2,0.0005799
210,n&aelig;gelum,<code>n&amp;ae;gelum</code>,2,0.0005799
210,n&aelig;nne,<code>n&amp;ae;nne</code>,2,0.0005799
210,n&aelig;ron,<code>n&amp;ae;ron</code>,2,0.0005799
210,niwan,<code>niwan</code>,2,0.0005799
210,noldon,<code>noldon</code>,2,0.0005799
210,ofer,<code>ofer</code>,2,0.0005799
210,openlice,<code>openlice</code>,2,0.0005799
210,petre,<code>petre</code>,2,0.0005799
210,re&eth;an,<code>re&amp;d;an</code>,2,0.0005799
210,readan,<code>readan</code>,2,0.0005799
210,rihtlice,<code>rihtlice</code>,2,0.0005799
210,rodum,<code>rodum</code>,2,0.0005799
210,scea&eth;ena,<code>scea&amp;d;ena</code>,2,0.0005799
210,sealde,<code>sealde</code>,2,0.0005799
210,senode,<code>senode</code>,2,0.0005799
210,seofo&eth;an,<code>seofo&amp;d;an</code>,2,0.0005799
210,sind,<code>sind</code>,2,0.0005799
210,sixtan,<code>sixtan</code>,2,0.0005799
210,so&eth;f&aelig;stnysse,<code>so&amp;d;f&amp;ae;stnysse</code>,2,0.0005799
210,stanas,<code>stanas</code>,2,0.0005799
210,stemne,<code>stemne</code>,2,0.0005799
210,swi&eth;or,<code>swi&amp;d;or</code>,2,0.0005799
210,swi&eth;ran,<code>swi&amp;d;ran</code>,2,0.0005799
210,swurd,<code>swurd</code>,2,0.0005799
210,sylfum,<code>sylfum</code>,2,0.0005799
210,symbeld&aelig;ge,<code>symbeld&amp;ae;ge</code>,2,0.0005799
210,symle,<code>symle</code>,2,0.0005799
210,tacnum,<code>tacnum</code>,2,0.0005799
210,temples,<code>temples</code>,2,0.0005799
210,timan,<code>timan</code>,2,0.0005799
210,tob&aelig;rst,<code>tob&amp;ae;rst</code>,2,0.0005799
210,toburston,<code>toburston</code>,2,0.0005799
210,twegen,<code>twegen</code>,2,0.0005799
210,twelf,<code>twelf</code>,2,0.0005799
210,underb&aelig;c,<code>underb&amp;ae;c</code>,2,0.0005799
210,urum,<code>urum</code>,2,0.0005799
210,w&aelig;pnum,<code>w&amp;ae;pnum</code>,2,0.0005799
210,w&aelig;ter,<code>w&amp;ae;ter</code>,2,0.0005799
210,wahryft,<code>wahryft</code>,2,0.0005799
210,wi&eth;soc,<code>wi&amp;d;soc</code>,2,0.0005799
210,wi&eth;utan,<code>wi&amp;d;utan</code>,2,0.0005799
210,wise,<code>wise</code>,2,0.0005799
210,witegan,<code>witegan</code>,2,0.0005799
210,witodlice,<code>witodlice</code>,2,0.0005799
210,wracu,<code>wracu</code>,2,0.0005799
210,wunigende,<code>wunigende</code>,2,0.0005799
210,wyln,<code>wyln</code>,2,0.0005799
210,ymbe,<code>ymbe</code>,2,0.0005799
394,&aelig;fen,<code>&amp;ae;fen</code>,1,0.0002899
394,&aelig;fnunge,<code>&amp;ae;fnunge</code>,1,0.0002899
394,&aelig;l&eth;eodige,<code>&amp;ae;l&amp;d;eodige</code>,1,0.0002899
394,&aelig;l&eth;eodigum,<code>&amp;ae;l&amp;d;eodigum</code>,1,0.0002899
394,&aelig;lc,<code>&amp;ae;lc</code>,1,0.0002899
394,&aelig;lce,<code>&amp;ae;lce</code>,1,0.0002899
394,&aelig;lcum,<code>&amp;ae;lcum</code>,1,0.0002899
394,&aelig;lemiddan,<code>&amp;ae;lemiddan</code>,1,0.0002899
394,&aelig;lmihtigan,<code>&amp;ae;lmihtigan</code>,1,0.0002899
394,&aelig;nigum,<code>&amp;ae;nigum</code>,1,0.0002899
394,&aelig;nlipige,<code>&amp;ae;nlipige</code>,1,0.0002899
394,&aelig;swicia&eth;,<code>&amp;ae;swicia&amp;d;</code>,1,0.0002899
394,&aelig;tburston,<code>&amp;ae;tburston</code>,1,0.0002899
394,&aelig;teowian,<code>&amp;ae;teowian</code>,1,0.0002899
394,&aelig;teowode,<code>&amp;ae;teowode</code>,1,0.0002899
394,&aelig;tforan,<code>&amp;ae;tforan</code>,1,0.0002899
394,&aelig;tsomne,<code>&amp;ae;tsomne</code>,1,0.0002899
394,&eth;&aelig;ron,<code>&amp;d;&amp;ae;ron</code>,1,0.0002899
394,&eth;&aelig;rrihte,<code>&amp;d;&amp;ae;rrihte</code>,1,0.0002899
394,&eth;as,<code>&amp;d;as</code>,1,0.0002899
394,&eth;egena,<code>&amp;d;egena</code>,1,0.0002899
394,&eth;egene,<code>&amp;d;egene</code>,1,0.0002899
394,&eth;enunge,<code>&amp;d;enunge</code>,1,0.0002899
394,&eth;enungum,<code>&amp;d;enungum</code>,1,0.0002899
394,&eth;eod,<code>&amp;d;eod</code>,1,0.0002899
394,&eth;eode,<code>&amp;d;eode</code>,1,0.0002899
394,&eth;eof,<code>&amp;d;eof</code>,1,0.0002899
394,&eth;eos,<code>&amp;d;eos</code>,1,0.0002899
394,&eth;eow,<code>&amp;d;eow</code>,1,0.0002899
394,&eth;es,<code>&amp;d;es</code>,1,0.0002899
394,&eth;i,<code>&amp;d;i</code>,1,0.0002899
394,&eth;icgan,<code>&amp;d;icgan</code>,1,0.0002899
394,&eth;inc&eth;,<code>&amp;d;inc&amp;d;</code>,1,0.0002899
394,&eth;ingum,<code>&amp;d;ingum</code>,1,0.0002899
394,&eth;inum,<code>&amp;d;inum</code>,1,0.0002899
394,&eth;is,<code>&amp;d;is</code>,1,0.0002899
394,&eth;orfte,<code>&amp;d;orfte</code>,1,0.0002899
394,&eth;reagende,<code>&amp;d;reagende</code>,1,0.0002899
394,&eth;reo,<code>&amp;d;reo</code>,1,0.0002899
394,&eth;rim,<code>&amp;d;rim</code>,1,0.0002899
394,&eth;rittig,<code>&amp;d;rittig</code>,1,0.0002899
394,&eth;riwa,<code>&amp;d;riwa</code>,1,0.0002899
394,&eth;rotan,<code>&amp;d;rotan</code>,1,0.0002899
394,&eth;rowa&eth;,<code>&amp;d;rowa&amp;d;</code>,1,0.0002899
394,&eth;rowian,<code>&amp;d;rowian</code>,1,0.0002899
394,&eth;rowigendlic,<code>&amp;d;rowigendlic</code>,1,0.0002899
394,&eth;unres,<code>&amp;d;unres</code>,1,0.0002899
394,&eth;usendum,<code>&amp;d;usendum</code>,1,0.0002899
394,&eth;wyrodon,<code>&amp;d;wyrodon</code>,1,0.0002899
394,&eth;yrnenan,<code>&amp;d;yrnenan</code>,1,0.0002899
394,&eth;yrste,<code>&amp;d;yrste</code>,1,0.0002899
394,&eth;yssere,<code>&amp;d;yssere</code>,1,0.0002899
394,&thorn;&aelig;r,<code>&amp;t;&amp;ae;r</code>,1,0.0002899
394,&thorn;&aelig;ra,<code>&amp;t;&amp;ae;ra</code>,1,0.0002899
394,&thorn;&aelig;rrihte,<code>&amp;t;&amp;ae;rrihte</code>,1,0.0002899
394,&thorn;eah,<code>&amp;t;eah</code>,1,0.0002899
394,&thorn;earle,<code>&amp;t;earle</code>,1,0.0002899
394,&thorn;egenas,<code>&amp;t;egenas</code>,1,0.0002899
394,&thorn;eoda,<code>&amp;t;eoda</code>,1,0.0002899
394,&thorn;inum,<code>&amp;t;inum</code>,1,0.0002899
394,&thorn;is,<code>&amp;t;is</code>,1,0.0002899
394,&thorn;isum,<code>&amp;t;isum</code>,1,0.0002899
394,&thorn;reagende,<code>&amp;t;reagende</code>,1,0.0002899
394,&thorn;rim,<code>&amp;t;rim</code>,1,0.0002899
394,&thorn;u,<code>&amp;t;u</code>,1,0.0002899
394,&thorn;weale,<code>&amp;t;weale</code>,1,0.0002899
394,&thorn;yrnenum,<code>&amp;t;yrnenum</code>,1,0.0002899
394,a,<code>a</code>,1,0.0002899
394,a&eth;e,<code>a&amp;d;e</code>,1,0.0002899
394,a&eth;eostrod,<code>a&amp;d;eostrod</code>,1,0.0002899
394,a&eth;eostrodon,<code>a&amp;d;eostrodon</code>,1,0.0002899
394,a&eth;wogene,<code>a&amp;d;wogene</code>,1,0.0002899
394,a&eth;wogon,<code>a&amp;d;wogon</code>,1,0.0002899
394,ab&aelig;don,<code>ab&amp;ae;don</code>,1,0.0002899
394,abiddan,<code>abiddan</code>,1,0.0002899
394,abr&aelig;d,<code>abr&amp;ae;d</code>,1,0.0002899
394,adames,<code>adames</code>,1,0.0002899
394,adylegode,<code>adylegode</code>,1,0.0002899
394,afindan,<code>afindan</code>,1,0.0002899
394,ageat,<code>ageat</code>,1,0.0002899
394,agen,<code>agen</code>,1,0.0002899
394,agene,<code>agene</code>,1,0.0002899
394,agenslaga,<code>agenslaga</code>,1,0.0002899
394,aheng,<code>aheng</code>,1,0.0002899
394,ahyldum,<code>ahyldum</code>,1,0.0002899
394,al&aelig;tan,<code>al&amp;ae;tan</code>,1,0.0002899
394,alwan,<code>alwan</code>,1,0.0002899
394,alysednys,<code>alysednys</code>,1,0.0002899
394,alysend,<code>alysend</code>,1,0.0002899
394,amen,<code>amen</code>,1,0.0002899
394,ana,<code>ana</code>,1,0.0002899
394,anbidiende,<code>anbidiende</code>,1,0.0002899
394,andgit,<code>andgit</code>,1,0.0002899
394,andsware,<code>andsware</code>,1,0.0002899
394,ane,<code>ane</code>,1,0.0002899
394,anfealdlice,<code>anfealdlice</code>,1,0.0002899
394,anginne,<code>anginne</code>,1,0.0002899
394,angsumum,<code>angsumum</code>,1,0.0002899
394,annysse,<code>annysse</code>,1,0.0002899
394,anr&aelig;dlice,<code>anr&amp;ae;dlice</code>,1,0.0002899
394,ansunde,<code>ansunde</code>,1,0.0002899
394,ansyn,<code>ansyn</code>,1,0.0002899
394,ar&aelig;ran,<code>ar&amp;ae;ran</code>,1,0.0002899
394,ardlice,<code>ardlice</code>,1,0.0002899
394,arise,<code>arise</code>,1,0.0002899
394,arleas,<code>arleas</code>,1,0.0002899
394,arleasa,<code>arleasa</code>,1,0.0002899
394,arleasan,<code>arleasan</code>,1,0.0002899
394,arleasum,<code>arleasum</code>,1,0.0002899
394,arn,<code>arn</code>,1,0.0002899
394,aryse,<code>aryse</code>,1,0.0002899
394,asceaf,<code>asceaf</code>,1,0.0002899
394,asette,<code>asette</code>,1,0.0002899
394,assan,<code>assan</code>,1,0.0002899
394,astah,<code>astah</code>,1,0.0002899
394,astigon,<code>astigon</code>,1,0.0002899
394,astrehte,<code>astrehte</code>,1,0.0002899
394,astyred,<code>astyred</code>,1,0.0002899
394,awar,<code>awar</code>,1,0.0002899
394,aweg,<code>aweg</code>,1,0.0002899
394,awend,<code>awend</code>,1,0.0002899
394,awende,<code>awende</code>,1,0.0002899
394,awriten,<code>awriten</code>,1,0.0002899
394,awurpe,<code>awurpe</code>,1,0.0002899
394,b&aelig;d,<code>b&amp;ae;d</code>,1,0.0002899
394,b&aelig;r,<code>b&amp;ae;r</code>,1,0.0002899
394,banum,<code>banum</code>,1,0.0002899
394,bealdlice,<code>bealdlice</code>,1,0.0002899
394,bealdne,<code>bealdne</code>,1,0.0002899
394,bebunden,<code>bebunden</code>,1,0.0002899
394,bebyrian,<code>bebyrian</code>,1,0.0002899
394,beceapa&eth;,<code>beceapa&amp;d;</code>,1,0.0002899
394,becymst,<code>becymst</code>,1,0.0002899
394,becyrde,<code>becyrde</code>,1,0.0002899
394,bedyp&eth;,<code>bedyp&amp;d;</code>,1,0.0002899
394,bedypte,<code>bedypte</code>,1,0.0002899
394,bedyrnde,<code>bedyrnde</code>,1,0.0002899
394,befengon,<code>befengon</code>,1,0.0002899
394,behate,<code>behate</code>,1,0.0002899
394,beheoldon,<code>beheoldon</code>,1,0.0002899
394,behwurfe,<code>behwurfe</code>,1,0.0002899
394,behydde,<code>behydde</code>,1,0.0002899
394,bel&aelig;w&eth;,<code>bel&amp;ae;w&amp;d;</code>,1,0.0002899
394,bel&aelig;winge,<code>bel&amp;ae;winge</code>,1,0.0002899
394,belimp&eth;,<code>belimp&amp;d;</code>,1,0.0002899
394,belucon,<code>belucon</code>,1,0.0002899
394,ben,<code>ben</code>,1,0.0002899
394,benum,<code>benum</code>,1,0.0002899
394,beoton,<code>beoton</code>,1,0.0002899
394,bes&aelig;ton,<code>bes&amp;ae;ton</code>,1,0.0002899
394,beseah,<code>beseah</code>,1,0.0002899
394,besettan,<code>besettan</code>,1,0.0002899
394,beslagen,<code>beslagen</code>,1,0.0002899
394,besp&aelig;tton,<code>besp&amp;ae;tton</code>,1,0.0002899
394,bestop,<code>bestop</code>,1,0.0002899
394,bet&aelig;ce,<code>bet&amp;ae;ce</code>,1,0.0002899
394,bet&aelig;hte,<code>bet&amp;ae;hte</code>,1,0.0002899
394,betellan,<code>betellan</code>,1,0.0002899
394,bew&aelig;fdon,<code>bew&amp;ae;fdon</code>,1,0.0002899
394,bew&aelig;fed,<code>bew&amp;ae;fed</code>,1,0.0002899
394,bewerian,<code>bewerian</code>,1,0.0002899
394,bidde,<code>bidde</code>,1,0.0002899
394,bigende,<code>bigende</code>,1,0.0002899
394,bist,<code>bist</code>,1,0.0002899
394,biterum,<code>biterum</code>,1,0.0002899
394,bletsode,<code>bletsode</code>,1,0.0002899
394,blode,<code>blode</code>,1,0.0002899
394,blodes,<code>blodes</code>,1,0.0002899
394,bodunge,<code>bodunge</code>,1,0.0002899
394,bremelas,<code>bremelas</code>,1,0.0002899
394,breost,<code>breost</code>,1,0.0002899
394,brucan,<code>brucan</code>,1,0.0002899
394,bude,<code>bude</code>,1,0.0002899
394,budon,<code>budon</code>,1,0.0002899
394,bufon,<code>bufon</code>,1,0.0002899
394,bugende,<code>bugende</code>,1,0.0002899
394,buton,<code>buton</code>,1,0.0002899
394,byrgelsum,<code>byrgelsum</code>,1,0.0002899
394,byrgen,<code>byrgen</code>,1,0.0002899
394,byrig,<code>byrig</code>,1,0.0002899
394,c&aelig;ge,<code>c&amp;ae;ge</code>,1,0.0002899
394,calic,<code>calic</code>,1,0.0002899
394,cauertune,<code>cauertune</code>,1,0.0002899
394,cempa,<code>cempa</code>,1,0.0002899
394,cempum,<code>cempum</code>,1,0.0002899
394,cepa&eth;,<code>cepa&amp;d;</code>,1,0.0002899
394,clypodon,<code>clypodon</code>,1,0.0002899
394,cneowu,<code>cneowu</code>,1,0.0002899
394,cosse,<code>cosse</code>,1,0.0002899
394,crawe,<code>crawe</code>,1,0.0002899
394,cu&eth;e,<code>cu&amp;d;e</code>,1,0.0002899
394,cu&eth;lice,<code>cu&amp;d;lice</code>,1,0.0002899
394,cume,<code>cume</code>,1,0.0002899
394,cw&aelig;de,<code>cw&amp;ae;de</code>,1,0.0002899
394,cwe&eth;ende,<code>cwe&amp;d;ende</code>,1,0.0002899
394,cwealde,<code>cwealde</code>,1,0.0002899
394,cwealmb&aelig;rum,<code>cwealmb&amp;ae;rum</code>,1,0.0002899
394,cwealmstowe,<code>cwealmstowe</code>,1,0.0002899
394,cwelleras,<code>cwelleras</code>,1,0.0002899
394,cwylmb&aelig;rum,<code>cwylmb&amp;ae;rum</code>,1,0.0002899
394,cwylmigende,<code>cwylmigende</code>,1,0.0002899
394,cy&eth;an,<code>cy&amp;d;an</code>,1,0.0002899
394,cydde,<code>cydde</code>,1,0.0002899
394,cyn,<code>cyn</code>,1,0.0002899
394,cynegyrde,<code>cynegyrde</code>,1,0.0002899
394,cysse,<code>cysse</code>,1,0.0002899
394,d&aelig;da,<code>d&amp;ae;da</code>,1,0.0002899
394,d&aelig;dbote,<code>d&amp;ae;dbote</code>,1,0.0002899
394,d&aelig;dum,<code>d&amp;ae;dum</code>,1,0.0002899
394,d&aelig;gerede,<code>d&amp;ae;gerede</code>,1,0.0002899
394,d&aelig;l,<code>d&amp;ae;l</code>,1,0.0002899
394,d&aelig;ldon,<code>d&amp;ae;ldon</code>,1,0.0002899
394,dagum,<code>dagum</code>,1,0.0002899
394,de,<code>de</code>,1,0.0002899
394,deadne,<code>deadne</code>,1,0.0002899
394,deadum,<code>deadum</code>,1,0.0002899
394,deage,<code>deage</code>,1,0.0002899
394,dearnunge,<code>dearnunge</code>,1,0.0002899
394,demde,<code>demde</code>,1,0.0002899
394,deorwur&eth;an,<code>deorwur&amp;d;an</code>,1,0.0002899
394,disce,<code>disce</code>,1,0.0002899
394,do&eth;,<code>do&amp;d;</code>,1,0.0002899
394,dom,<code>dom</code>,1,0.0002899
394,domini,<code>domini</code>,1,0.0002899
394,dominica,<code>dominica</code>,1,0.0002899
394,don,<code>don</code>,1,0.0002899
394,dorston,<code>dorston</code>,1,0.0002899
394,drenc,<code>drenc</code>,1,0.0002899
394,dreorian,<code>dreorian</code>,1,0.0002899
394,dreorig,<code>dreorig</code>,1,0.0002899
394,drincan,<code>drincan</code>,1,0.0002899
394,drohtnia&eth;,<code>drohtnia&amp;d;</code>,1,0.0002899
394,dune,<code>dune</code>,1,0.0002899
394,dydon,<code>dydon</code>,1,0.0002899
394,ea&eth;e,<code>ea&amp;d;e</code>,1,0.0002899
394,eadmodnysse,<code>eadmodnysse</code>,1,0.0002899
394,eahta,<code>eahta</code>,1,0.0002899
394,ealdorbiscope,<code>ealdorbiscope</code>,1,0.0002899
394,ealdorbiscopum,<code>ealdorbiscopum</code>,1,0.0002899
394,ealdormann,<code>ealdormann</code>,1,0.0002899
394,ealdormen,<code>ealdormen</code>,1,0.0002899
394,ealdormenn,<code>ealdormenn</code>,1,0.0002899
394,ealdra,<code>ealdra</code>,1,0.0002899
394,ealdras,<code>ealdras</code>,1,0.0002899
394,ealdre,<code>ealdre</code>,1,0.0002899
394,ealdum,<code>ealdum</code>,1,0.0002899
394,ealne,<code>ealne</code>,1,0.0002899
394,ealra,<code>ealra</code>,1,0.0002899
394,earde,<code>earde</code>,1,0.0002899
394,earming,<code>earming</code>,1,0.0002899
394,earpl&aelig;ttum,<code>earpl&amp;ae;ttum</code>,1,0.0002899
394,eastd&aelig;l,<code>eastd&amp;ae;l</code>,1,0.0002899
394,eastertid,<code>eastertid</code>,1,0.0002899
394,ebreiscum,<code>ebreiscum</code>,1,0.0002899
394,ece,<code>ece</code>,1,0.0002899
394,eced,<code>eced</code>,1,0.0002899
394,ecere,<code>ecere</code>,1,0.0002899
394,ecnysse,<code>ecnysse</code>,1,0.0002899
394,ecum,<code>ecum</code>,1,0.0002899
394,elias,<code>elias</code>,1,0.0002899
394,emtwa,<code>emtwa</code>,1,0.0002899
394,endemes,<code>endemes</code>,1,0.0002899
394,engliscum,<code>engliscum</code>,1,0.0002899
394,eor&eth;lic,<code>eor&amp;d;lic</code>,1,0.0002899
394,eornost,<code>eornost</code>,1,0.0002899
394,eoroda,<code>eoroda</code>,1,0.0002899
394,eower,<code>eower</code>,1,0.0002899
394,eua,<code>eua</code>,1,0.0002899
394,f&aelig;cne,<code>f&amp;ae;cne</code>,1,0.0002899
394,f&aelig;gerum,<code>f&amp;ae;gerum</code>,1,0.0002899
394,f&aelig;gnodon,<code>f&amp;ae;gnodon</code>,1,0.0002899
394,f&aelig;mne,<code>f&amp;ae;mne</code>,1,0.0002899
394,f&aelig;stnodon,<code>f&amp;ae;stnodon</code>,1,0.0002899
394,f&aelig;telsum,<code>f&amp;ae;telsum</code>,1,0.0002899
394,facne,<code>facne</code>,1,0.0002899
394,feawum,<code>feawum</code>,1,0.0002899
394,fenlicere,<code>fenlicere</code>,1,0.0002899
394,feos,<code>feos</code>,1,0.0002899
394,fiftan,<code>fiftan</code>,1,0.0002899
394,filigan,<code>filigan</code>,1,0.0002899
394,filigde,<code>filigde</code>,1,0.0002899
394,fleame,<code>fleame</code>,1,0.0002899
394,fleow,<code>fleow</code>,1,0.0002899
394,flocce,<code>flocce</code>,1,0.0002899
394,flor,<code>flor</code>,1,0.0002899
394,forbead,<code>forbead</code>,1,0.0002899
394,fore&eth;ingunge,<code>fore&amp;d;ingunge</code>,1,0.0002899
394,fores&aelig;dan,<code>fores&amp;ae;dan</code>,1,0.0002899
394,fores&aelig;de,<code>fores&amp;ae;de</code>,1,0.0002899
394,foresteall,<code>foresteall</code>,1,0.0002899
394,forgeafon,<code>forgeafon</code>,1,0.0002899
394,forgif,<code>forgif</code>,1,0.0002899
394,forgifenysse,<code>forgifenysse</code>,1,0.0002899
394,forgyfenysse,<code>forgyfenysse</code>,1,0.0002899
394,forhte,<code>forhte</code>,1,0.0002899
394,forleogan,<code>forleogan</code>,1,0.0002899
394,fornumene,<code>fornumene</code>,1,0.0002899
394,forseah,<code>forseah</code>,1,0.0002899
394,forsewennysse,<code>forsewennysse</code>,1,0.0002899
394,forstolen,<code>forstolen</code>,1,0.0002899
394,forwandian,<code>forwandian</code>,1,0.0002899
394,forwel,<code>forwel</code>,1,0.0002899
394,forwyrhtan,<code>forwyrhtan</code>,1,0.0002899
394,fotswa&eth;um,<code>fotswa&amp;d;um</code>,1,0.0002899
394,frumsceapenan,<code>frumsceapenan</code>,1,0.0002899
394,fulluht,<code>fulluht</code>,1,0.0002899
394,fulnysse,<code>fulnysse</code>,1,0.0002899
394,fultum,<code>fultum</code>,1,0.0002899
394,fulum,<code>fulum</code>,1,0.0002899
394,fyre,<code>fyre</code>,1,0.0002899
394,fyrenum,<code>fyrenum</code>,1,0.0002899
394,fyrhte,<code>fyrhte</code>,1,0.0002899
394,fyrnlicere,<code>fyrnlicere</code>,1,0.0002899
394,fyrste,<code>fyrste</code>,1,0.0002899
394,ga,<code>ga</code>,1,0.0002899
394,galileiscum,<code>galileiscum</code>,1,0.0002899
394,gamene,<code>gamene</code>,1,0.0002899
394,gaste,<code>gaste</code>,1,0.0002899
394,gastlicum,<code>gastlicum</code>,1,0.0002899
394,ge&aelig;swicige,<code>ge&amp;ae;swicige</code>,1,0.0002899
394,geare,<code>geare</code>,1,0.0002899
394,geb&aelig;d,<code>geb&amp;ae;d</code>,1,0.0002899
394,geb&aelig;r,<code>geb&amp;ae;r</code>,1,0.0002899
394,gebeote,<code>gebeote</code>,1,0.0002899
394,gebeotes,<code>gebeotes</code>,1,0.0002899
394,gebiteroda,<code>gebiteroda</code>,1,0.0002899
394,gebitrodne,<code>gebitrodne</code>,1,0.0002899
394,geblissod,<code>geblissod</code>,1,0.0002899
394,gebohta,<code>gebohta</code>,1,0.0002899
394,gebohton,<code>gebohton</code>,1,0.0002899
394,gebolgen,<code>gebolgen</code>,1,0.0002899
394,geborene,<code>geborene</code>,1,0.0002899
394,gebro&eth;rum,<code>gebro&amp;d;rum</code>,1,0.0002899
394,gebudon,<code>gebudon</code>,1,0.0002899
394,gebundene,<code>gebundene</code>,1,0.0002899
394,gebysnunge,<code>gebysnunge</code>,1,0.0002899
394,gecigedne,<code>gecigedne</code>,1,0.0002899
394,gecoren,<code>gecoren</code>,1,0.0002899
394,gecorena,<code>gecorena</code>,1,0.0002899
394,gecwe&eth;an,<code>gecwe&amp;d;an</code>,1,0.0002899
394,gecweden,<code>gecweden</code>,1,0.0002899
394,gecynd,<code>gecynd</code>,1,0.0002899
394,gecyrdon,<code>gecyrdon</code>,1,0.0002899
394,gedafenlice,<code>gedafenlice</code>,1,0.0002899
394,gedeced,<code>gedeced</code>,1,0.0002899
394,gedihte,<code>gedihte</code>,1,0.0002899
394,gedon,<code>gedon</code>,1,0.0002899
394,gedydon,<code>gedydon</code>,1,0.0002899
394,geendodum,<code>geendodum</code>,1,0.0002899
394,geendunge,<code>geendunge</code>,1,0.0002899
394,gefera,<code>gefera</code>,1,0.0002899
394,geferan,<code>geferan</code>,1,0.0002899
394,gefrynd,<code>gefrynd</code>,1,0.0002899
394,gefunden,<code>gefunden</code>,1,0.0002899
394,gefyllan,<code>gefyllan</code>,1,0.0002899
394,gefyllede,<code>gefyllede</code>,1,0.0002899
394,gefyrn,<code>gefyrn</code>,1,0.0002899
394,gegremedon,<code>gegremedon</code>,1,0.0002899
394,geh&aelig;l,<code>geh&amp;ae;l</code>,1,0.0002899
394,gehalgod,<code>gehalgod</code>,1,0.0002899
394,gehalgode,<code>gehalgode</code>,1,0.0002899
394,gehalsode,<code>gehalsode</code>,1,0.0002899
394,geheold,<code>geheold</code>,1,0.0002899
394,gehlyd,<code>gehlyd</code>,1,0.0002899
394,gehwilcne,<code>gehwilcne</code>,1,0.0002899
394,gehwilcum,<code>gehwilcum</code>,1,0.0002899
394,gehyra&eth;,<code>gehyra&amp;d;</code>,1,0.0002899
394,gehyrsum,<code>gehyrsum</code>,1,0.0002899
394,geinnsegelodon,<code>geinnsegelodon</code>,1,0.0002899
394,gel&aelig;dan,<code>gel&amp;ae;dan</code>,1,0.0002899
394,gel&aelig;dd,<code>gel&amp;ae;dd</code>,1,0.0002899
394,gel&aelig;dde,<code>gel&amp;ae;dde</code>,1,0.0002899
394,gel&aelig;hte,<code>gel&amp;ae;hte</code>,1,0.0002899
394,gel&aelig;hton,<code>gel&amp;ae;hton</code>,1,0.0002899
394,gela&eth;ung,<code>gela&amp;d;ung</code>,1,0.0002899
394,geleafa,<code>geleafa</code>,1,0.0002899
394,geleaflice,<code>geleaflice</code>,1,0.0002899
394,gelecgan,<code>gelecgan</code>,1,0.0002899
394,gelice,<code>gelice</code>,1,0.0002899
394,gelicode,<code>gelicode</code>,1,0.0002899
394,gelogian,<code>gelogian</code>,1,0.0002899
394,gelogod,<code>gelogod</code>,1,0.0002899
394,gelome,<code>gelome</code>,1,0.0002899
394,gelyfa&eth;,<code>gelyfa&amp;d;</code>,1,0.0002899
394,gelyfan,<code>gelyfan</code>,1,0.0002899
394,gelyfde,<code>gelyfde</code>,1,0.0002899
394,gelyfed,<code>gelyfed</code>,1,0.0002899
394,gemengedre,<code>gemengedre</code>,1,0.0002899
394,gemete,<code>gemete</code>,1,0.0002899
394,gemetton,<code>gemetton</code>,1,0.0002899
394,gemiltsian,<code>gemiltsian</code>,1,0.0002899
394,gemiltsode,<code>gemiltsode</code>,1,0.0002899
394,gemun,<code>gemun</code>,1,0.0002899
394,geneal&aelig;hton,<code>geneal&amp;ae;hton</code>,1,0.0002899
394,genyman,<code>genyman</code>,1,0.0002899
394,geoffrode,<code>geoffrode</code>,1,0.0002899
394,geopenode,<code>geopenode</code>,1,0.0002899
394,geopenodon,<code>geopenodon</code>,1,0.0002899
394,geornlice,<code>geornlice</code>,1,0.0002899
394,gereordum,<code>gereordum</code>,1,0.0002899
394,geresta&eth;,<code>geresta&amp;d;</code>,1,0.0002899
394,gereste,<code>gereste</code>,1,0.0002899
394,ges&aelig;d,<code>ges&amp;ae;d</code>,1,0.0002899
394,ges&aelig;lig,<code>ges&amp;ae;lig</code>,1,0.0002899
394,gesceadwisum,<code>gesceadwisum</code>,1,0.0002899
394,gesceop,<code>gesceop</code>,1,0.0002899
394,gescryddon,<code>gescryddon</code>,1,0.0002899
394,gescyld,<code>gescyld</code>,1,0.0002899
394,geseon,<code>geseon</code>,1,0.0002899
394,gesetton,<code>gesetton</code>,1,0.0002899
394,gesloh,<code>gesloh</code>,1,0.0002899
394,gesw&aelig;sre,<code>gesw&amp;ae;sre</code>,1,0.0002899
394,gesw&aelig;sum,<code>gesw&amp;ae;sum</code>,1,0.0002899
394,geswefedum,<code>geswefedum</code>,1,0.0002899
394,geswefod,<code>geswefod</code>,1,0.0002899
394,geswutelode,<code>geswutelode</code>,1,0.0002899
394,geswutelunge,<code>geswutelunge</code>,1,0.0002899
394,geteld,<code>geteld</code>,1,0.0002899
394,geti&eth;a&eth;,<code>geti&amp;d;a&amp;d;</code>,1,0.0002899
394,geu&eth;on,<code>geu&amp;d;on</code>,1,0.0002899
394,geunrotsode,<code>geunrotsode</code>,1,0.0002899
394,gew&aelig;da,<code>gew&amp;ae;da</code>,1,0.0002899
394,gewat,<code>gewat</code>,1,0.0002899
394,gewende,<code>gewende</code>,1,0.0002899
394,gewinn,<code>gewinn</code>,1,0.0002899
394,gewitan,<code>gewitan</code>,1,0.0002899
394,gewitnode,<code>gewitnode</code>,1,0.0002899
394,gewitum,<code>gewitum</code>,1,0.0002899
394,gewra&eth;,<code>gewra&amp;d;</code>,1,0.0002899
394,gewrit,<code>gewrit</code>,1,0.0002899
394,gewuna,<code>gewuna</code>,1,0.0002899
394,gewunod,<code>gewunod</code>,1,0.0002899
394,gewurde,<code>gewurde</code>,1,0.0002899
394,gewyht,<code>gewyht</code>,1,0.0002899
394,godcundre,<code>godcundre</code>,1,0.0002899
394,greciscum,<code>greciscum</code>,1,0.0002899
394,grine,<code>grine</code>,1,0.0002899
394,gylt,<code>gylt</code>,1,0.0002899
394,gyltas,<code>gyltas</code>,1,0.0002899
394,gylte,<code>gylte</code>,1,0.0002899
394,gyltum,<code>gyltum</code>,1,0.0002899
394,gymene,<code>gymene</code>,1,0.0002899
394,gyngran,<code>gyngran</code>,1,0.0002899
394,gyrelum,<code>gyrelum</code>,1,0.0002899
394,gyte,<code>gyte</code>,1,0.0002899
394,h&aelig;&eth;enra,<code>h&amp;ae;&amp;d;enra</code>,1,0.0002899
394,h&aelig;bbe,<code>h&amp;ae;bbe</code>,1,0.0002899
394,h&aelig;f&eth;,<code>h&amp;ae;f&amp;d;</code>,1,0.0002899
394,h&aelig;fdon,<code>h&amp;ae;fdon</code>,1,0.0002899
394,h&aelig;lendes,<code>h&amp;ae;lendes</code>,1,0.0002899
394,h&aelig;lendum,<code>h&amp;ae;lendum</code>,1,0.0002899
394,h&aelig;lu,<code>h&amp;ae;lu</code>,1,0.0002899
394,habba&eth;,<code>habba&amp;d;</code>,1,0.0002899
394,habban,<code>habban</code>,1,0.0002899
394,hafitigende,<code>hafitigende</code>,1,0.0002899
394,hal,<code>hal</code>,1,0.0002899
394,halga,<code>halga</code>,1,0.0002899
394,halgena,<code>halgena</code>,1,0.0002899
394,halwende,<code>halwende</code>,1,0.0002899
394,halwendlice,<code>halwendlice</code>,1,0.0002899
394,handa,<code>handa</code>,1,0.0002899
394,handbredum,<code>handbredum</code>,1,0.0002899
394,handgeweorc,<code>handgeweorc</code>,1,0.0002899
394,handum,<code>handum</code>,1,0.0002899
394,hangode,<code>hangode</code>,1,0.0002899
394,hatan,<code>hatan</code>,1,0.0002899
394,heafod,<code>heafod</code>,1,0.0002899
394,heafodmen,<code>heafodmen</code>,1,0.0002899
394,healfa,<code>healfa</code>,1,0.0002899
394,healicere,<code>healicere</code>,1,0.0002899
394,healicra,<code>healicra</code>,1,0.0002899
394,healicum,<code>healicum</code>,1,0.0002899
394,heardheortan,<code>heardheortan</code>,1,0.0002899
394,helle,<code>helle</code>,1,0.0002899
394,helm,<code>helm</code>,1,0.0002899
394,helme,<code>helme</code>,1,0.0002899
394,hengene,<code>hengene</code>,1,0.0002899
394,hengon,<code>hengon</code>,1,0.0002899
394,heo,<code>heo</code>,1,0.0002899
394,heofenan,<code>heofenan</code>,1,0.0002899
394,heofenlica,<code>heofenlica</code>,1,0.0002899
394,heofenlicra,<code>heofenlicra</code>,1,0.0002899
394,heofenlicum,<code>heofenlicum</code>,1,0.0002899
394,heofenum,<code>heofenum</code>,1,0.0002899
394,heofonan,<code>heofonan</code>,1,0.0002899
394,hetolan,<code>hetolan</code>,1,0.0002899
394,heton,<code>heton</code>,1,0.0002899
394,hierusalem,<code>hierusalem</code>,1,0.0002899
394,hima,<code>hima</code>,1,0.0002899
394,hirede,<code>hirede</code>,1,0.0002899
394,hiwe,<code>hiwe</code>,1,0.0002899
394,hlaforde,<code>hlaforde</code>,1,0.0002899
394,hlide,<code>hlide</code>,1,0.0002899
394,hlud,<code>hlud</code>,1,0.0002899
394,hnol,<code>hnol</code>,1,0.0002899
394,honne,<code>honne</code>,1,0.0002899
394,horwum,<code>horwum</code>,1,0.0002899
394,hosp,<code>hosp</code>,1,0.0002899
394,hreod,<code>hreod</code>,1,0.0002899
394,hrepode,<code>hrepode</code>,1,0.0002899
394,hundseofontig,<code>hundseofontig</code>,1,0.0002899
394,husle,<code>husle</code>,1,0.0002899
394,hw&aelig;&eth;erne,<code>hw&amp;ae;&amp;d;erne</code>,1,0.0002899
394,hwa,<code>hwa</code>,1,0.0002899
394,hwemmas,<code>hwemmas</code>,1,0.0002899
394,hwi,<code>hwi</code>,1,0.0002899
394,hwilcne,<code>hwilcne</code>,1,0.0002899
394,hwile,<code>hwile</code>,1,0.0002899
394,hwitnysse,<code>hwitnysse</code>,1,0.0002899
394,hwitum,<code>hwitum</code>,1,0.0002899
394,hydan,<code>hydan</code>,1,0.0002899
394,hyrede,<code>hyrede</code>,1,0.0002899
394,inno&eth;,<code>inno&amp;d;</code>,1,0.0002899
394,intingan,<code>intingan</code>,1,0.0002899
394,iohanne,<code>iohanne</code>,1,0.0002899
394,ioseph,<code>ioseph</code>,1,0.0002899
394,isen,<code>isen</code>,1,0.0002899
394,iudeiscan,<code>iudeiscan</code>,1,0.0002899
394,iudeiscre,<code>iudeiscre</code>,1,0.0002899
394,l&aelig;ddon,<code>l&amp;ae;ddon</code>,1,0.0002899
394,l&aelig;peldre,<code>l&amp;ae;peldre</code>,1,0.0002899
394,l&aelig;ta&eth;,<code>l&amp;ae;ta&amp;d;</code>,1,0.0002899
394,la,<code>la</code>,1,0.0002899
394,la&eth;um,<code>la&amp;d;um</code>,1,0.0002899
394,lamb,<code>lamb</code>,1,0.0002899
394,landes,<code>landes</code>,1,0.0002899
394,langsumlice,<code>langsumlice</code>,1,0.0002899
394,lareowas,<code>lareowas</code>,1,0.0002899
394,lareowum,<code>lareowum</code>,1,0.0002899
394,leahtra,<code>leahtra</code>,1,0.0002899
394,leasum,<code>leasum</code>,1,0.0002899
394,ledenum,<code>ledenum</code>,1,0.0002899
394,ledon,<code>ledon</code>,1,0.0002899
394,leoda,<code>leoda</code>,1,0.0002899
394,leode,<code>leode</code>,1,0.0002899
394,leodscipum,<code>leodscipum</code>,1,0.0002899
394,leodum,<code>leodum</code>,1,0.0002899
394,leof,<code>leof</code>,1,0.0002899
394,leofa,<code>leofa</code>,1,0.0002899
394,leofan,<code>leofan</code>,1,0.0002899
394,leohtfatum,<code>leohtfatum</code>,1,0.0002899
394,leohtlice,<code>leohtlice</code>,1,0.0002899
394,leoman,<code>leoman</code>,1,0.0002899
394,leorningcnihtum,<code>leorningcnihtum</code>,1,0.0002899
394,li&eth;ebig,<code>li&amp;d;ebig</code>,1,0.0002899
394,lica&eth;,<code>lica&amp;d;</code>,1,0.0002899
394,lichama,<code>lichama</code>,1,0.0002899
394,lifigendum,<code>lifigendum</code>,1,0.0002899
394,liflicum,<code>liflicum</code>,1,0.0002899
394,linenre,<code>linenre</code>,1,0.0002899
394,ly&eth;rum,<code>ly&amp;d;rum</code>,1,0.0002899
394,lytle,<code>lytle</code>,1,0.0002899
394,m&aelig;den,<code>m&amp;ae;den</code>,1,0.0002899
394,m&aelig;g,<code>m&amp;ae;g</code>,1,0.0002899
394,magon,<code>magon</code>,1,0.0002899
394,manegra,<code>manegra</code>,1,0.0002899
394,manfullan,<code>manfullan</code>,1,0.0002899
394,manfullum,<code>manfullum</code>,1,0.0002899
394,mann,<code>mann</code>,1,0.0002899
394,mannes,<code>mannes</code>,1,0.0002899
394,manslagan,<code>manslagan</code>,1,0.0002899
394,manslihte,<code>manslihte</code>,1,0.0002899
394,matheus,<code>matheus</code>,1,0.0002899
394,meder,<code>meder</code>,1,0.0002899
394,meldigende,<code>meldigende</code>,1,0.0002899
394,menigfealdum,<code>menigfealdum</code>,1,0.0002899
394,menniscnysse,<code>menniscnysse</code>,1,0.0002899
394,metoda,<code>metoda</code>,1,0.0002899
394,micclan,<code>micclan</code>,1,0.0002899
394,micclum,<code>micclum</code>,1,0.0002899
394,micelre,<code>micelre</code>,1,0.0002899
394,middanearde,<code>middanearde</code>,1,0.0002899
394,middaneardes,<code>middaneardes</code>,1,0.0002899
394,midne,<code>midne</code>,1,0.0002899
394,mihtig,<code>mihtig</code>,1,0.0002899
394,mihtigum,<code>mihtigum</code>,1,0.0002899
394,mines,<code>mines</code>,1,0.0002899
394,minne,<code>minne</code>,1,0.0002899
394,mislicum,<code>mislicum</code>,1,0.0002899
394,mode,<code>mode</code>,1,0.0002899
394,moyses,<code>moyses</code>,1,0.0002899
394,myrran,<code>myrran</code>,1,0.0002899
394,n&aelig;s,<code>n&amp;ae;s</code>,1,0.0002899
394,nama,<code>nama</code>,1,0.0002899
394,namon,<code>namon</code>,1,0.0002899
394,nane,<code>nane</code>,1,0.0002899
394,nateshwon,<code>nateshwon</code>,1,0.0002899
394,neb,<code>neb</code>,1,0.0002899
394,nella&eth;,<code>nella&amp;d;</code>,1,0.0002899
394,neo&eth;an,<code>neo&amp;d;an</code>,1,0.0002899
394,neorxena,<code>neorxena</code>,1,0.0002899
394,nichodemus,<code>nichodemus</code>,1,0.0002899
394,nigo&eth;an,<code>nigo&amp;d;an</code>,1,0.0002899
394,niht,<code>niht</code>,1,0.0002899
394,nis,<code>nis</code>,1,0.0002899
394,niwe,<code>niwe</code>,1,0.0002899
394,non,<code>non</code>,1,0.0002899
394,nor&eth;d&aelig;l,<code>nor&amp;d;d&amp;ae;l</code>,1,0.0002899
394,nyton,<code>nyton</code>,1,0.0002899
394,o&eth;&eth;e,<code>o&amp;d;&amp;d;e</code>,1,0.0002899
394,o&eth;res,<code>o&amp;d;res</code>,1,0.0002899
394,ofcalen,<code>ofcalen</code>,1,0.0002899
394,oferswi&eth;dum,<code>oferswi&amp;d;dum</code>,1,0.0002899
394,ofslea,<code>ofslea</code>,1,0.0002899
394,ofspring,<code>ofspring</code>,1,0.0002899
394,oft,<code>oft</code>,1,0.0002899
394,onbyrian,<code>onbyrian</code>,1,0.0002899
394,onbyrigde,<code>onbyrigde</code>,1,0.0002899
394,ondr&aelig;tst,<code>ondr&amp;ae;tst</code>,1,0.0002899
394,ondredon,<code>ondredon</code>,1,0.0002899
394,onginnan,<code>onginnan</code>,1,0.0002899
394,ons&aelig;gednysse,<code>ons&amp;ae;gednysse</code>,1,0.0002899
394,onscunia&eth;,<code>onscunia&amp;d;</code>,1,0.0002899
394,openodon,<code>openodon</code>,1,0.0002899
394,orgel,<code>orgel</code>,1,0.0002899
394,orgollice,<code>orgollice</code>,1,0.0002899
394,orsorge,<code>orsorge</code>,1,0.0002899
394,palmarum,<code>palmarum</code>,1,0.0002899
394,passione,<code>passione</code>,1,0.0002899
394,petres,<code>petres</code>,1,0.0002899
394,phariseum,<code>phariseum</code>,1,0.0002899
394,punda,<code>punda</code>,1,0.0002899
394,r&aelig;dan,<code>r&amp;ae;dan</code>,1,0.0002899
394,r&aelig;de,<code>r&amp;ae;de</code>,1,0.0002899
394,reafum,<code>reafum</code>,1,0.0002899
394,ricene,<code>ricene</code>,1,0.0002899
394,rices,<code>rices</code>,1,0.0002899
394,roderes,<code>roderes</code>,1,0.0002899
394,s&aelig;don,<code>s&amp;ae;don</code>,1,0.0002899
394,s&aelig;ternes,<code>s&amp;ae;ternes</code>,1,0.0002899
394,sang,<code>sang</code>,1,0.0002899
394,sarig,<code>sarig</code>,1,0.0002899
394,sawle,<code>sawle</code>,1,0.0002899
394,sc&aelig;nan,<code>sc&amp;ae;nan</code>,1,0.0002899
394,scea&eth;a,<code>scea&amp;d;a</code>,1,0.0002899
394,scea&eth;um,<code>scea&amp;d;um</code>,1,0.0002899
394,scean,<code>scean</code>,1,0.0002899
394,sceatte,<code>sceatte</code>,1,0.0002899
394,sceattum,<code>sceattum</code>,1,0.0002899
394,sceole,<code>sceole</code>,1,0.0002899
394,sceolon,<code>sceolon</code>,1,0.0002899
394,scep,<code>scep</code>,1,0.0002899
394,scillingum,<code>scillingum</code>,1,0.0002899
394,scinon,<code>scinon</code>,1,0.0002899
394,scire,<code>scire</code>,1,0.0002899
394,scyldig,<code>scyldig</code>,1,0.0002899
394,scyldige,<code>scyldige</code>,1,0.0002899
394,scyldinne,<code>scyldinne</code>,1,0.0002899
394,scynendan,<code>scynendan</code>,1,0.0002899
394,scyppend,<code>scyppend</code>,1,0.0002899
394,scyppendes,<code>scyppendes</code>,1,0.0002899
394,scytan,<code>scytan</code>,1,0.0002899
394,se&eth;unge,<code>se&amp;d;unge</code>,1,0.0002899
394,sealfe,<code>sealfe</code>,1,0.0002899
394,seame,<code>seame</code>,1,0.0002899
394,seca&eth;,<code>seca&amp;d;</code>,1,0.0002899
394,secga&eth;,<code>secga&amp;d;</code>,1,0.0002899
394,secgan,<code>secgan</code>,1,0.0002899
394,segene,<code>segene</code>,1,0.0002899
394,selre,<code>selre</code>,1,0.0002899
394,si&eth;e,<code>si&amp;d;e</code>,1,0.0002899
394,si&eth;lice,<code>si&amp;d;lice</code>,1,0.0002899
394,si&eth;ode,<code>si&amp;d;ode</code>,1,0.0002899
394,sidan,<code>sidan</code>,1,0.0002899
394,sittan,<code>sittan</code>,1,0.0002899
394,six,<code>six</code>,1,0.0002899
394,slean,<code>slean</code>,1,0.0002899
394,sleande,<code>sleande</code>,1,0.0002899
394,slege,<code>slege</code>,1,0.0002899
394,sleges,<code>sleges</code>,1,0.0002899
394,smeadon,<code>smeadon</code>,1,0.0002899
394,snawes,<code>snawes</code>,1,0.0002899
394,so&eth;,<code>so&amp;d;</code>,1,0.0002899
394,so&eth;an,<code>so&amp;d;an</code>,1,0.0002899
394,so&eth;e,<code>so&amp;d;e</code>,1,0.0002899
394,so&eth;f&aelig;stnys,<code>so&amp;d;f&amp;ae;stnys</code>,1,0.0002899
394,so&eth;f&aelig;stum,<code>so&amp;d;f&amp;ae;stum</code>,1,0.0002899
394,so&eth;segene,<code>so&amp;d;segene</code>,1,0.0002899
394,sp&aelig;tlu,<code>sp&amp;ae;tlu</code>,1,0.0002899
394,spere,<code>spere</code>,1,0.0002899
394,spincgan,<code>spincgan</code>,1,0.0002899
394,spr&aelig;c,<code>spr&amp;ae;c</code>,1,0.0002899
394,sprecende,<code>sprecende</code>,1,0.0002899
394,st&aelig;nen,<code>st&amp;ae;nen</code>,1,0.0002899
394,st&aelig;nt,<code>st&amp;ae;nt</code>,1,0.0002899
394,stemn,<code>stemn</code>,1,0.0002899
394,sti&eth;,<code>sti&amp;d;</code>,1,0.0002899
394,sti&eth;um,<code>sti&amp;d;um</code>,1,0.0002899
394,stodon,<code>stodon</code>,1,0.0002899
394,stop,<code>stop</code>,1,0.0002899
394,stowe,<code>stowe</code>,1,0.0002899
394,styrde,<code>styrde</code>,1,0.0002899
394,su&eth;d&aelig;l,<code>su&amp;d;d&amp;ae;l</code>,1,0.0002899
394,sunderspr&aelig;ce,<code>sunderspr&amp;ae;ce</code>,1,0.0002899
394,supenne,<code>supenne</code>,1,0.0002899
394,swearcigende,<code>swearcigende</code>,1,0.0002899
394,sweartan,<code>sweartan</code>,1,0.0002899
394,sweartre,<code>sweartre</code>,1,0.0002899
394,swegde,<code>swegde</code>,1,0.0002899
394,swege,<code>swege</code>,1,0.0002899
394,sweltan,<code>sweltan</code>,1,0.0002899
394,swi&eth;licum,<code>swi&amp;d;licum</code>,1,0.0002899
394,swi&eth;ra,<code>swi&amp;d;ra</code>,1,0.0002899
394,swi&eth;re,<code>swi&amp;d;re</code>,1,0.0002899
394,swicelan,<code>swicelan</code>,1,0.0002899
394,swicola,<code>swicola</code>,1,0.0002899
394,swuster,<code>swuster</code>,1,0.0002899
394,sy&eth;&eth;an,<code>sy&amp;d;&amp;d;an</code>,1,0.0002899
394,sylfe,<code>sylfe</code>,1,0.0002899
394,sylfwilles,<code>sylfwilles</code>,1,0.0002899
394,syllenne,<code>syllenne</code>,1,0.0002899
394,syllon,<code>syllon</code>,1,0.0002899
394,synd,<code>synd</code>,1,0.0002899
394,syngode,<code>syngode</code>,1,0.0002899
394,synne,<code>synne</code>,1,0.0002899
394,ta,<code>ta</code>,1,0.0002899
394,tabelan,<code>tabelan</code>,1,0.0002899
394,tacna,<code>tacna</code>,1,0.0002899
394,tacne,<code>tacne</code>,1,0.0002899
394,tealdon,<code>tealdon</code>,1,0.0002899
394,tid,<code>tid</code>,1,0.0002899
394,toborsten,<code>toborsten</code>,1,0.0002899
394,tobr&aelig;ce,<code>tobr&amp;ae;ce</code>,1,0.0002899
394,tobr&aelig;con,<code>tobr&amp;ae;con</code>,1,0.0002899
394,tod&aelig;g,<code>tod&amp;ae;g</code>,1,0.0002899
394,tod&aelig;lde,<code>tod&amp;ae;lde</code>,1,0.0002899
394,tofleow,<code>tofleow</code>,1,0.0002899
394,togeanes,<code>togeanes</code>,1,0.0002899
394,toglad,<code>toglad</code>,1,0.0002899
394,tolum,<code>tolum</code>,1,0.0002899
394,tosomne,<code>tosomne</code>,1,0.0002899
394,tostencte,<code>tostencte</code>,1,0.0002899
394,truwian,<code>truwian</code>,1,0.0002899
394,tunecan,<code>tunecan</code>,1,0.0002899
394,twam,<code>twam</code>,1,0.0002899
394,twelfa,<code>twelfa</code>,1,0.0002899
394,ufan,<code>ufan</code>,1,0.0002899
394,undeadlicne,<code>undeadlicne</code>,1,0.0002899
394,underfeng,<code>underfeng</code>,1,0.0002899
394,understandenne,<code>understandenne</code>,1,0.0002899
394,unforht,<code>unforht</code>,1,0.0002899
394,unmannum,<code>unmannum</code>,1,0.0002899
394,unsc&aelig;&eth;&eth;igan,<code>unsc&amp;ae;&amp;d;&amp;d;igan</code>,1,0.0002899
394,unsc&aelig;&eth;&eth;ignysse,<code>unsc&amp;ae;&amp;d;&amp;d;ignysse</code>,1,0.0002899
394,unstrangum,<code>unstrangum</code>,1,0.0002899
394,untoslitene,<code>untoslitene</code>,1,0.0002899
394,unwynsumne,<code>unwynsumne</code>,1,0.0002899
394,uppon,<code>uppon</code>,1,0.0002899
394,ures,<code>ures</code>,1,0.0002899
394,ut,<code>ut</code>,1,0.0002899
394,utflowende,<code>utflowende</code>,1,0.0002899
394,w&aelig;fels,<code>w&amp;ae;fels</code>,1,0.0002899
394,w&aelig;lhreawlice,<code>w&amp;ae;lhreawlice</code>,1,0.0002899
394,w&aelig;lhreowan,<code>w&amp;ae;lhreowan</code>,1,0.0002899
394,w&aelig;pnunge,<code>w&amp;ae;pnunge</code>,1,0.0002899
394,w&aelig;tan,<code>w&amp;ae;tan</code>,1,0.0002899
394,w&aelig;terscytan,<code>w&amp;ae;terscytan</code>,1,0.0002899
394,wa,<code>wa</code>,1,0.0002899
394,wacelum,<code>wacelum</code>,1,0.0002899
394,wange,<code>wange</code>,1,0.0002899
394,weardum,<code>weardum</code>,1,0.0002899
394,wel,<code>wel</code>,1,0.0002899
394,welhreaw,<code>welhreaw</code>,1,0.0002899
394,welhreawlice,<code>welhreawlice</code>,1,0.0002899
394,welhreawum,<code>welhreawum</code>,1,0.0002899
394,wendon,<code>wendon</code>,1,0.0002899
394,weor&eth;an,<code>weor&amp;d;an</code>,1,0.0002899
394,weorcum,<code>weorcum</code>,1,0.0002899
394,westd&aelig;le,<code>westd&amp;ae;le</code>,1,0.0002899
394,wexan,<code>wexan</code>,1,0.0002899
394,wi&eth;cw&aelig;&eth;,<code>wi&amp;d;cw&amp;ae;&amp;d;</code>,1,0.0002899
394,wi&eth;cw&aelig;don,<code>wi&amp;d;cw&amp;ae;don</code>,1,0.0002899
394,wi&eth;ers&aelig;c,<code>wi&amp;d;ers&amp;ae;c</code>,1,0.0002899
394,wi&eth;erstealle,<code>wi&amp;d;erstealle</code>,1,0.0002899
394,wi&eth;innan,<code>wi&amp;d;innan</code>,1,0.0002899
394,wi&eth;s&aelig;cst,<code>wi&amp;d;s&amp;ae;cst</code>,1,0.0002899
394,wi&eth;sacan,<code>wi&amp;d;sacan</code>,1,0.0002899
394,wi&eth;soce,<code>wi&amp;d;soce</code>,1,0.0002899
394,wife,<code>wife</code>,1,0.0002899
394,wile,<code>wile</code>,1,0.0002899
394,willa&eth;,<code>willa&amp;d;</code>,1,0.0002899
394,willan,<code>willan</code>,1,0.0002899
394,win,<code>win</code>,1,0.0002899
394,windrenc,<code>windrenc</code>,1,0.0002899
394,winnan,<code>winnan</code>,1,0.0002899
394,wislice,<code>wislice</code>,1,0.0002899
394,wiste,<code>wiste</code>,1,0.0002899
394,wit,<code>wit</code>,1,0.0002899
394,witegode,<code>witegode</code>,1,0.0002899
394,wites,<code>wites</code>,1,0.0002899
394,witum,<code>witum</code>,1,0.0002899
394,wolcn,<code>wolcn</code>,1,0.0002899
394,wolcne,<code>wolcne</code>,1,0.0002899
394,wolcnreada,<code>wolcnreada</code>,1,0.0002899
394,wolcnreadum,<code>wolcnreadum</code>,1,0.0002899
394,wolcnum,<code>wolcnum</code>,1,0.0002899
394,wope,<code>wope</code>,1,0.0002899
394,word,<code>word</code>,1,0.0002899
394,woruld,<code>woruld</code>,1,0.0002899
394,woruldlicum,<code>woruldlicum</code>,1,0.0002899
394,wregende,<code>wregende</code>,1,0.0002899
394,wrohte,<code>wrohte</code>,1,0.0002899
394,wuldor,<code>wuldor</code>,1,0.0002899
394,wunde,<code>wunde</code>,1,0.0002899
394,wundor,<code>wundor</code>,1,0.0002899
394,wundrode,<code>wundrode</code>,1,0.0002899
394,wunia&eth;,<code>wunia&amp;d;</code>,1,0.0002899
394,wur&eth;e,<code>wur&amp;d;e</code>,1,0.0002899
394,wynstra,<code>wynstra</code>,1,0.0002899
394,wyrcan,<code>wyrcan</code>,1,0.0002899
394,wyrstum,<code>wyrstum</code>,1,0.0002899
394,wyrtum,<code>wyrtum</code>,1,0.0002899
394,ydel,<code>ydel</code>,1,0.0002899
394,ylca,<code>ylca</code>,1,0.0002899
394,ylcan,<code>ylcan</code>,1,0.0002899
394,ymtrymmincge,<code>ymtrymmincge</code>,1,0.0002899
394,yrc&eth;e,<code>yrc&amp;d;e</code>,1,0.0002899
