B_Prose,B01,B01.002.015_AECHom_II__13_T02650.txt,856,524,3006
RANK,HTML WORD,RAW WORD,COUNT,RELATIVE FREQUENCY
1,he,<code>he</code>,108,0.0359281
2,and,<code>and</code>,98,0.0326015
3,&thorn;&aelig;t,<code>&amp;t;&amp;ae;t</code>,77,0.0256154
4,on,<code>on</code>,72,0.0239521
5,swa,<code>swa</code>,62,0.0206254
6,&eth;e,<code>&amp;d;e</code>,57,0.0189621
7,to,<code>to</code>,50,0.0166334
8,&eth;a,<code>&amp;d;a</code>,47,0.0156354
8,hi,<code>hi</code>,47,0.0156354
10,is,<code>is</code>,46,0.0153027
10,ne,<code>ne</code>,46,0.0153027
12,se,<code>se</code>,44,0.0146374
13,his,<code>his</code>,39,0.0129741
14,ic,<code>ic</code>,37,0.0123087
15,&eth;am,<code>&amp;d;am</code>,33,0.0109780
16,ac,<code>ac</code>,29,0.0096474
17,fram,<code>fram</code>,27,0.0089820
18,for,<code>for</code>,26,0.0086494
19,mid,<code>mid</code>,24,0.0079840
20,&thorn;a,<code>&amp;t;a</code>,22,0.0073187
20,hine,<code>hine</code>,22,0.0073187
20,w&aelig;s,<code>w&amp;ae;s</code>,22,0.0073187
23,cw&aelig;&eth;,<code>cw&amp;ae;&amp;d;</code>,21,0.0069860
23,dea&eth;,<code>dea&amp;d;</code>,21,0.0069860
23,we,<code>we</code>,21,0.0069860
26,&eth;&aelig;re,<code>&amp;d;&amp;ae;re</code>,20,0.0066534
26,f&aelig;der,<code>f&amp;ae;der</code>,20,0.0066534
26,ge,<code>ge</code>,20,0.0066534
26,him,<code>him</code>,20,0.0066534
30,me,<code>me</code>,19,0.0063207
31,&eth;an,<code>&amp;d;an</code>,18,0.0059880
31,abraham,<code>abraham</code>,18,0.0059880
33,gode,<code>gode</code>,16,0.0053227
34,&thorn;e,<code>&amp;t;e</code>,15,0.0049900
34,crist,<code>crist</code>,15,0.0049900
34,god,<code>god</code>,15,0.0049900
34,n&aelig;ddran,<code>n&amp;ae;ddran</code>,15,0.0049900
34,so&eth;,<code>so&amp;d;</code>,15,0.0049900
39,&eth;u,<code>&amp;d;u</code>,14,0.0046574
39,&eth;urh,<code>&amp;d;urh</code>,14,0.0046574
39,be,<code>be</code>,14,0.0046574
39,heora,<code>heora</code>,14,0.0046574
39,w&aelig;ron,<code>w&amp;ae;ron</code>,14,0.0046574
39,word,<code>word</code>,14,0.0046574
45,&thorn;urh,<code>&amp;t;urh</code>,13,0.0043247
45,cristes,<code>cristes</code>,13,0.0043247
45,iudeiscan,<code>iudeiscan</code>,13,0.0043247
48,drihten,<code>drihten</code>,12,0.0039920
48,gif,<code>gif</code>,12,0.0039920
50,&eth;&aelig;ra,<code>&amp;d;&amp;ae;ra</code>,11,0.0036593
50,buton,<code>buton</code>,11,0.0036593
50,min,<code>min</code>,11,0.0036593
50,us,<code>us</code>,11,0.0036593
54,lif,<code>lif</code>,10,0.0033267
54,of,<code>of</code>,10,0.0033267
54,seo,<code>seo</code>,10,0.0033267
54,so&eth;lice,<code>so&amp;d;lice</code>,10,0.0033267
58,bi&eth;,<code>bi&amp;d;</code>,9,0.0029940
58,eow,<code>eow</code>,9,0.0029940
58,hw&aelig;t,<code>hw&amp;ae;t</code>,9,0.0029940
58,na,<code>na</code>,9,0.0029940
58,wuldor,<code>wuldor</code>,9,0.0029940
63,&eth;eah,<code>&amp;d;eah</code>,8,0.0026613
63,&eth;onne,<code>&amp;d;onne</code>,8,0.0026613
63,cw&aelig;don,<code>cw&amp;ae;don</code>,8,0.0026613
63,dea&eth;e,<code>dea&amp;d;e</code>,8,0.0026613
63,deofol,<code>deofol</code>,8,0.0026613
63,eom,<code>eom</code>,8,0.0026613
63,halgan,<code>halgan</code>,8,0.0026613
63,secge,<code>secge</code>,8,0.0026613
63,w&aelig;re,<code>w&amp;ae;re</code>,8,0.0026613
72,&eth;isum,<code>&amp;d;isum</code>,7,0.0023287
72,&eth;one,<code>&amp;d;one</code>,7,0.0023287
72,an,<code>an</code>,7,0.0023287
72,eart,<code>eart</code>,7,0.0023287
72,eower,<code>eower</code>,7,0.0023287
72,godes,<code>godes</code>,7,0.0023287
72,rode,<code>rode</code>,7,0.0023287
72,sylfne,<code>sylfne</code>,7,0.0023287
80,&aelig;r,<code>&amp;ae;r</code>,6,0.0019960
80,&eth;i,<code>&amp;d;i</code>,6,0.0019960
80,&thorn;&aelig;s,<code>&amp;t;&amp;ae;s</code>,6,0.0019960
80,&thorn;onne,<code>&amp;t;onne</code>,6,0.0019960
80,bearn,<code>bearn</code>,6,0.0019960
80,ecnysse,<code>ecnysse</code>,6,0.0019960
80,h&aelig;lend,<code>h&amp;ae;lend</code>,6,0.0019960
80,hit,<code>hit</code>,6,0.0019960
80,iudeiscra,<code>iudeiscra</code>,6,0.0019960
80,manna,<code>manna</code>,6,0.0019960
80,samaritanisc,<code>samaritanisc</code>,6,0.0019960
80,sceolon,<code>sceolon</code>,6,0.0019960
80,sind,<code>sind</code>,6,0.0019960
80,synne,<code>synne</code>,6,0.0019960
80,ure,<code>ure</code>,6,0.0019960
80,witodlice,<code>witodlice</code>,6,0.0019960
80,wuldre,<code>wuldre</code>,6,0.0019960
97,&thorn;am,<code>&amp;t;am</code>,5,0.0016633
97,andwyrde,<code>andwyrde</code>,5,0.0016633
97,beo,<code>beo</code>,5,0.0016633
97,beo&eth;,<code>beo&amp;d;</code>,5,0.0016633
97,dead,<code>dead</code>,5,0.0016633
97,eac,<code>eac</code>,5,0.0016633
97,geh&aelig;lede,<code>geh&amp;ae;lede</code>,5,0.0016633
97,gehyran,<code>gehyran</code>,5,0.0016633
97,hwa,<code>hwa</code>,5,0.0016633
97,hylt,<code>hylt</code>,5,0.0016633
97,mannum,<code>mannum</code>,5,0.0016633
97,minne,<code>minne</code>,5,0.0016633
97,nu,<code>nu</code>,5,0.0016633
97,oncneowon,<code>oncneowon</code>,5,0.0016633
97,sy,<code>sy</code>,5,0.0016633
97,wolde,<code>wolde</code>,5,0.0016633
97,wuldra&eth;,<code>wuldra&amp;d;</code>,5,0.0016633
114,&aelig;lc,<code>&amp;ae;lc</code>,4,0.0013307
114,&aelig;renan,<code>&amp;ae;renan</code>,4,0.0013307
114,&eth;ing,<code>&amp;d;ing</code>,4,0.0013307
114,&eth;is,<code>&amp;d;is</code>,4,0.0013307
114,&thorn;&aelig;re,<code>&amp;t;&amp;ae;re</code>,4,0.0013307
114,&thorn;one,<code>&amp;t;one</code>,4,0.0013307
114,abrahames,<code>abrahames</code>,4,0.0013307
114,anum,<code>anum</code>,4,0.0013307
114,behydde,<code>behydde</code>,4,0.0013307
114,beon,<code>beon</code>,4,0.0013307
114,betwux,<code>betwux</code>,4,0.0013307
114,com,<code>com</code>,4,0.0013307
114,criste,<code>criste</code>,4,0.0013307
114,d&aelig;g,<code>d&amp;ae;g</code>,4,0.0013307
114,deofles,<code>deofles</code>,4,0.0013307
114,folc,<code>folc</code>,4,0.0013307
114,gecweden,<code>gecweden</code>,4,0.0013307
114,gehyr&eth;,<code>gehyr&amp;d;</code>,4,0.0013307
114,gesawe,<code>gesawe</code>,4,0.0013307
114,geseah,<code>geseah</code>,4,0.0013307
114,godcundnysse,<code>godcundnysse</code>,4,0.0013307
114,h&aelig;fde,<code>h&amp;ae;fde</code>,4,0.0013307
114,m&aelig;g,<code>m&amp;ae;g</code>,4,0.0013307
114,menniscnysse,<code>menniscnysse</code>,4,0.0013307
114,micel,<code>micel</code>,4,0.0013307
114,nan,<code>nan</code>,4,0.0013307
114,ongean,<code>ongean</code>,4,0.0013307
114,tosc&aelig;t,<code>tosc&amp;ae;t</code>,4,0.0013307
114,witegan,<code>witegan</code>,4,0.0013307
143,&aelig;fter,<code>&amp;ae;fter</code>,3,0.0009980
143,&aelig;ristes,<code>&amp;ae;ristes</code>,3,0.0009980
143,&eth;as,<code>&amp;d;as</code>,3,0.0009980
143,&eth;eoh,<code>&amp;d;eoh</code>,3,0.0009980
143,&eth;rowunge,<code>&amp;d;rowunge</code>,3,0.0009980
143,burh,<code>burh</code>,3,0.0009980
143,cann,<code>cann</code>,3,0.0009980
143,cwe&eth;a&eth;,<code>cwe&amp;d;a&amp;d;</code>,3,0.0009980
143,dihte,<code>dihte</code>,3,0.0009980
143,drihtnes,<code>drihtnes</code>,3,0.0009980
143,ealle,<code>ealle</code>,3,0.0009980
143,eallum,<code>eallum</code>,3,0.0009980
143,ecan,<code>ecan</code>,3,0.0009980
143,ece,<code>ece</code>,3,0.0009980
143,ecum,<code>ecum</code>,3,0.0009980
143,eft,<code>eft</code>,3,0.0009980
143,eode,<code>eode</code>,3,0.0009980
143,for&eth;ferde,<code>for&amp;d;ferde</code>,3,0.0009980
143,gecynde,<code>gecynde</code>,3,0.0009980
143,gedon,<code>gedon</code>,3,0.0009980
143,gehwa,<code>gehwa</code>,3,0.0009980
143,geleafan,<code>geleafan</code>,3,0.0009980
143,gelicnysse,<code>gelicnysse</code>,3,0.0009980
143,gelyf&eth;,<code>gelyf&amp;d;</code>,3,0.0009980
143,getacnod,<code>getacnod</code>,3,0.0009980
143,getacnode,<code>getacnode</code>,3,0.0009980
143,halgum,<code>halgum</code>,3,0.0009980
143,healda&eth;,<code>healda&amp;d;</code>,3,0.0009980
143,heo,<code>heo</code>,3,0.0009980
143,heofenlica,<code>heofenlica</code>,3,0.0009980
143,heofenlican,<code>heofenlican</code>,3,0.0009980
143,heortan,<code>heortan</code>,3,0.0009980
143,her,<code>her</code>,3,0.0009980
143,hwilcne,<code>hwilcne</code>,3,0.0009980
143,israhela,<code>israhela</code>,3,0.0009980
143,l&aelig;s,<code>l&amp;ae;s</code>,3,0.0009980
143,lange,<code>lange</code>,3,0.0009980
143,leofa&eth;,<code>leofa&amp;d;</code>,3,0.0009980
143,lichaman,<code>lichaman</code>,3,0.0009980
143,life,<code>life</code>,3,0.0009980
143,mann,<code>mann</code>,3,0.0009980
143,manslaga,<code>manslaga</code>,3,0.0009980
143,mode,<code>mode</code>,3,0.0009980
143,n&aelig;ddre,<code>n&amp;ae;ddre</code>,3,0.0009980
143,n&aelig;fde,<code>n&amp;ae;fde</code>,3,0.0009980
143,nella&eth;,<code>nella&amp;d;</code>,3,0.0009980
143,nelle,<code>nelle</code>,3,0.0009980
143,nis,<code>nis</code>,3,0.0009980
143,nolde,<code>nolde</code>,3,0.0009980
143,o&eth;er,<code>o&amp;d;er</code>,3,0.0009980
143,rihtlice,<code>rihtlice</code>,3,0.0009980
143,sec&eth;,<code>sec&amp;d;</code>,3,0.0009980
143,sece,<code>sece</code>,3,0.0009980
143,secga&eth;,<code>secga&amp;d;</code>,3,0.0009980
143,so&eth;e,<code>so&amp;d;e</code>,3,0.0009980
143,so&eth;f&aelig;stnysse,<code>so&amp;d;f&amp;ae;stnysse</code>,3,0.0009980
143,stanas,<code>stanas</code>,3,0.0009980
143,sum,<code>sum</code>,3,0.0009980
143,sunu,<code>sunu</code>,3,0.0009980
143,sylf,<code>sylf</code>,3,0.0009980
143,synna,<code>synna</code>,3,0.0009980
143,synnum,<code>synnum</code>,3,0.0009980
143,toweard,<code>toweard</code>,3,0.0009980
143,urum,<code>urum</code>,3,0.0009980
143,wear&eth;,<code>wear&amp;d;</code>,3,0.0009980
143,weorcum,<code>weorcum</code>,3,0.0009980
143,wi&eth;soc,<code>wi&amp;d;soc</code>,3,0.0009980
143,wod,<code>wod</code>,3,0.0009980
143,woldon,<code>woldon</code>,3,0.0009980
143,wordum,<code>wordum</code>,3,0.0009980
143,wurdon,<code>wurdon</code>,3,0.0009980
214,&aelig;rene,<code>&amp;ae;rene</code>,2,0.0006653
214,&aelig;rist,<code>&amp;ae;rist</code>,2,0.0006653
214,&eth;&aelig;s,<code>&amp;d;&amp;ae;s</code>,2,0.0006653
214,&eth;rea&eth;,<code>&amp;d;rea&amp;d;</code>,2,0.0006653
214,&eth;wyrnysse,<code>&amp;d;wyrnysse</code>,2,0.0006653
214,&thorn;&aelig;ra,<code>&amp;t;&amp;ae;ra</code>,2,0.0006653
214,&thorn;eah,<code>&amp;t;eah</code>,2,0.0006653
214,&thorn;y,<code>&amp;t;y</code>,2,0.0006653
214,a&eth;,<code>a&amp;d;</code>,2,0.0006653
214,acenned,<code>acenned</code>,2,0.0006653
214,acennede,<code>acennede</code>,2,0.0006653
214,adam,<code>adam</code>,2,0.0006653
214,afyllede,<code>afyllede</code>,2,0.0006653
214,agenum,<code>agenum</code>,2,0.0006653
214,alysednysse,<code>alysednysse</code>,2,0.0006653
214,ana,<code>ana</code>,2,0.0006653
214,anbida&eth;,<code>anbida&amp;d;</code>,2,0.0006653
214,arwur&eth;ian,<code>arwur&amp;d;ian</code>,2,0.0006653
214,arwur&eth;ige,<code>arwur&amp;d;ige</code>,2,0.0006653
214,attre,<code>attre</code>,2,0.0006653
214,awrat,<code>awrat</code>,2,0.0006653
214,beboda,<code>beboda</code>,2,0.0006653
214,becom,<code>becom</code>,2,0.0006653
214,behealda&eth;,<code>behealda&amp;d;</code>,2,0.0006653
214,behealde,<code>behealde</code>,2,0.0006653
214,belimp&eth;,<code>belimp&amp;d;</code>,2,0.0006653
214,besawon,<code>besawon</code>,2,0.0006653
214,blissode,<code>blissode</code>,2,0.0006653
214,byrgene,<code>byrgene</code>,2,0.0006653
214,bysne,<code>bysne</code>,2,0.0006653
214,clypode,<code>clypode</code>,2,0.0006653
214,cunne,<code>cunne</code>,2,0.0006653
214,cw&aelig;de,<code>cw&amp;ae;de</code>,2,0.0006653
214,d&aelig;de,<code>d&amp;ae;de</code>,2,0.0006653
214,dea&eth;es,<code>dea&amp;d;es</code>,2,0.0006653
214,deade,<code>deade</code>,2,0.0006653
214,deadlicum,<code>deadlicum</code>,2,0.0006653
214,deofle,<code>deofle</code>,2,0.0006653
214,derige,<code>derige</code>,2,0.0006653
214,f&aelig;gnode,<code>f&amp;ae;gnode</code>,2,0.0006653
214,fiftig,<code>fiftig</code>,2,0.0006653
214,fl&aelig;sce,<code>fl&amp;ae;sce</code>,2,0.0006653
214,folce,<code>folce</code>,2,0.0006653
214,frym&eth;e,<code>frym&amp;d;e</code>,2,0.0006653
214,ge&eth;uht,<code>ge&amp;d;uht</code>,2,0.0006653
214,geara,<code>geara</code>,2,0.0006653
214,geceas,<code>geceas</code>,2,0.0006653
214,gecyndelice,<code>gecyndelice</code>,2,0.0006653
214,geeuenl&aelig;c&eth;,<code>geeuenl&amp;ae;c&amp;d;</code>,2,0.0006653
214,gelic,<code>gelic</code>,2,0.0006653
214,gelyfan,<code>gelyfan</code>,2,0.0006653
214,gesceaft,<code>gesceaft</code>,2,0.0006653
214,gesceafta,<code>gesceafta</code>,2,0.0006653
214,gesih&eth;,<code>gesih&amp;d;</code>,2,0.0006653
214,getacnung,<code>getacnung</code>,2,0.0006653
214,gewilnian,<code>gewilnian</code>,2,0.0006653
214,gewurde,<code>gewurde</code>,2,0.0006653
214,godspel,<code>godspel</code>,2,0.0006653
214,godspellere,<code>godspellere</code>,2,0.0006653
214,habban,<code>habban</code>,2,0.0006653
214,hand,<code>hand</code>,2,0.0006653
214,hangode,<code>hangode</code>,2,0.0006653
214,heahf&aelig;der,<code>heahf&amp;ae;der</code>,2,0.0006653
214,healdan,<code>healdan</code>,2,0.0006653
214,hu,<code>hu</code>,2,0.0006653
214,hwi,<code>hwi</code>,2,0.0006653
214,hwilc,<code>hwilc</code>,2,0.0006653
214,hyrde,<code>hyrde</code>,2,0.0006653
214,iudeiscum,<code>iudeiscum</code>,2,0.0006653
214,la,<code>la</code>,2,0.0006653
214,lare,<code>lare</code>,2,0.0006653
214,leahtrum,<code>leahtrum</code>,2,0.0006653
214,leas,<code>leas</code>,2,0.0006653
214,lybba&eth;,<code>lybba&amp;d;</code>,2,0.0006653
214,m&aelig;nde,<code>m&amp;ae;nde</code>,2,0.0006653
214,mannes,<code>mannes</code>,2,0.0006653
214,menn,<code>menn</code>,2,0.0006653
214,micelre,<code>micelre</code>,2,0.0006653
214,mihte,<code>mihte</code>,2,0.0006653
214,moysen,<code>moysen</code>,2,0.0006653
214,moyses,<code>moyses</code>,2,0.0006653
214,n&aelig;fre,<code>n&amp;ae;fre</code>,2,0.0006653
214,naht,<code>naht</code>,2,0.0006653
214,namon,<code>namon</code>,2,0.0006653
214,nane,<code>nane</code>,2,0.0006653
214,o&eth;&eth;e,<code>o&amp;d;&amp;d;e</code>,2,0.0006653
214,o&eth;ra,<code>o&amp;d;ra</code>,2,0.0006653
214,o&eth;re,<code>o&amp;d;re</code>,2,0.0006653
214,o&eth;res,<code>o&amp;d;res</code>,2,0.0006653
214,onbyrig&eth;,<code>onbyrig&amp;d;</code>,2,0.0006653
214,rices,<code>rices</code>,2,0.0006653
214,sawul,<code>sawul</code>,2,0.0006653
214,sceolde,<code>sceolde</code>,2,0.0006653
214,sealde,<code>sealde</code>,2,0.0006653
214,sende,<code>sende</code>,2,0.0006653
214,spr&aelig;con,<code>spr&amp;ae;con</code>,2,0.0006653
214,swi&eth;e,<code>swi&amp;d;e</code>,2,0.0006653
214,swilce,<code>swilce</code>,2,0.0006653
214,sylfe,<code>sylfe</code>,2,0.0006653
214,symle,<code>symle</code>,2,0.0006653
214,temple,<code>temple</code>,2,0.0006653
214,tid,<code>tid</code>,2,0.0006653
214,torfodon,<code>torfodon</code>,2,0.0006653
214,tot&aelig;ron,<code>tot&amp;ae;ron</code>,2,0.0006653
214,treow,<code>treow</code>,2,0.0006653
214,unarwur&eth;ia&eth;,<code>unarwur&amp;d;ia&amp;d;</code>,2,0.0006653
214,under,<code>under</code>,2,0.0006653
214,underfeng,<code>underfeng</code>,2,0.0006653
214,up,<code>up</code>,2,0.0006653
214,ures,<code>ures</code>,2,0.0006653
214,westene,<code>westene</code>,2,0.0006653
214,wifian,<code>wifian</code>,2,0.0006653
214,willa&eth;,<code>willa&amp;d;</code>,2,0.0006653
214,witega,<code>witega</code>,2,0.0006653
214,wode,<code>wode</code>,2,0.0006653
214,wuna&eth;,<code>wuna&amp;d;</code>,2,0.0006653
214,wyrcst,<code>wyrcst</code>,2,0.0006653
214,yfelnysse,<code>yfelnysse</code>,2,0.0006653
214,ymbe,<code>ymbe</code>,2,0.0006653
333,&aelig;fre,<code>&amp;ae;fre</code>,1,0.0003327
333,&aelig;hta,<code>&amp;ae;hta</code>,1,0.0003327
333,&aelig;lcere,<code>&amp;ae;lcere</code>,1,0.0003327
333,&aelig;lcum,<code>&amp;ae;lcum</code>,1,0.0003327
333,&aelig;lmihtig,<code>&amp;ae;lmihtig</code>,1,0.0003327
333,&aelig;lmihtiga,<code>&amp;ae;lmihtiga</code>,1,0.0003327
333,&aelig;lmihtigum,<code>&amp;ae;lmihtigum</code>,1,0.0003327
333,&aelig;nigne,<code>&amp;ae;nigne</code>,1,0.0003327
333,&aelig;ppel,<code>&amp;ae;ppel</code>,1,0.0003327
333,&aelig;t,<code>&amp;ae;t</code>,1,0.0003327
333,&aelig;ttrigum,<code>&amp;ae;ttrigum</code>,1,0.0003327
333,&aelig;twint,<code>&amp;ae;twint</code>,1,0.0003327
333,&eth;earle,<code>&amp;d;earle</code>,1,0.0003327
333,&eth;enungum,<code>&amp;d;enungum</code>,1,0.0003327
333,&eth;eo,<code>&amp;d;eo</code>,1,0.0003327
333,&eth;eow,<code>&amp;d;eow</code>,1,0.0003327
333,&eth;eowa&eth;,<code>&amp;d;eowa&amp;d;</code>,1,0.0003327
333,&eth;eowas,<code>&amp;d;eowas</code>,1,0.0003327
333,&eth;eowte,<code>&amp;d;eowte</code>,1,0.0003327
333,&eth;eowtling,<code>&amp;d;eowtling</code>,1,0.0003327
333,&eth;incge,<code>&amp;d;incge</code>,1,0.0003327
333,&eth;ine,<code>&amp;d;ine</code>,1,0.0003327
333,&eth;inge,<code>&amp;d;inge</code>,1,0.0003327
333,&eth;issere,<code>&amp;d;issere</code>,1,0.0003327
333,&eth;rowigenne,<code>&amp;d;rowigenne</code>,1,0.0003327
333,&eth;rowung,<code>&amp;d;rowung</code>,1,0.0003327
333,&eth;rynnyss,<code>&amp;d;rynnyss</code>,1,0.0003327
333,&eth;rynnysse,<code>&amp;d;rynnysse</code>,1,0.0003327
333,&eth;uhte,<code>&amp;d;uhte</code>,1,0.0003327
333,&eth;y,<code>&amp;d;y</code>,1,0.0003327
333,&eth;yssere,<code>&amp;d;yssere</code>,1,0.0003327
333,&thorn;&aelig;rrihte,<code>&amp;t;&amp;ae;rrihte</code>,1,0.0003327
333,&thorn;as,<code>&amp;t;as</code>,1,0.0003327
333,&thorn;eos,<code>&amp;t;eos</code>,1,0.0003327
333,&thorn;illice,<code>&amp;t;illice</code>,1,0.0003327
333,&thorn;isne,<code>&amp;t;isne</code>,1,0.0003327
333,&thorn;rowian,<code>&amp;t;rowian</code>,1,0.0003327
333,&thorn;ry,<code>&amp;t;ry</code>,1,0.0003327
333,&thorn;u,<code>&amp;t;u</code>,1,0.0003327
333,&thorn;yssere,<code>&amp;t;yssere</code>,1,0.0003327
333,abiten,<code>abiten</code>,1,0.0003327
333,acwealde,<code>acwealde</code>,1,0.0003327
333,adydd,<code>adydd</code>,1,0.0003327
333,afedd,<code>afedd</code>,1,0.0003327
333,afyrsige,<code>afyrsige</code>,1,0.0003327
333,agen,<code>agen</code>,1,0.0003327
333,ahafen,<code>ahafen</code>,1,0.0003327
333,ahangen,<code>ahangen</code>,1,0.0003327
333,ahangenan,<code>ahangenan</code>,1,0.0003327
333,ahof,<code>ahof</code>,1,0.0003327
333,alecgan,<code>alecgan</code>,1,0.0003327
333,alysede,<code>alysede</code>,1,0.0003327
333,alysednyss,<code>alysednyss</code>,1,0.0003327
333,amen,<code>amen</code>,1,0.0003327
333,ancennedan,<code>ancennedan</code>,1,0.0003327
333,andan,<code>andan</code>,1,0.0003327
333,andweardan,<code>andweardan</code>,1,0.0003327
333,andwerdan,<code>andwerdan</code>,1,0.0003327
333,andwyrdon,<code>andwyrdon</code>,1,0.0003327
333,ane,<code>ane</code>,1,0.0003327
333,anes,<code>anes</code>,1,0.0003327
333,anginne,<code>anginne</code>,1,0.0003327
333,anlicnys,<code>anlicnys</code>,1,0.0003327
333,anlicnysse,<code>anlicnysse</code>,1,0.0003327
333,anr&aelig;dum,<code>anr&amp;ae;dum</code>,1,0.0003327
333,anre,<code>anre</code>,1,0.0003327
333,aras,<code>aras</code>,1,0.0003327
333,arf&aelig;stre,<code>arf&amp;ae;stre</code>,1,0.0003327
333,arguet,<code>arguet</code>,1,0.0003327
333,arleasra,<code>arleasra</code>,1,0.0003327
333,arwur&eth;fullan,<code>arwur&amp;d;fullan</code>,1,0.0003327
333,arwur&eth;ie,<code>arwur&amp;d;ie</code>,1,0.0003327
333,ascufan,<code>ascufan</code>,1,0.0003327
333,asende,<code>asende</code>,1,0.0003327
333,asprang,<code>asprang</code>,1,0.0003327
333,ateora&eth;,<code>ateora&amp;d;</code>,1,0.0003327
333,augustines,<code>augustines</code>,1,0.0003327
333,aweg,<code>aweg</code>,1,0.0003327
333,awendan,<code>awendan</code>,1,0.0003327
333,awendednys,<code>awendednys</code>,1,0.0003327
333,awent,<code>awent</code>,1,0.0003327
333,bearnum,<code>bearnum</code>,1,0.0003327
333,bebead,<code>bebead</code>,1,0.0003327
333,bebodu,<code>bebodu</code>,1,0.0003327
333,bebytt,<code>bebytt</code>,1,0.0003327
333,bec,<code>bec</code>,1,0.0003327
333,becuma&eth;,<code>becuma&amp;d;</code>,1,0.0003327
333,bedde,<code>bedde</code>,1,0.0003327
333,befrunon,<code>befrunon</code>,1,0.0003327
333,behealdan,<code>behealdan</code>,1,0.0003327
333,belamp,<code>belamp</code>,1,0.0003327
333,besawe,<code>besawe</code>,1,0.0003327
333,besceote,<code>besceote</code>,1,0.0003327
333,betealde,<code>betealde</code>,1,0.0003327
333,betweonan,<code>betweonan</code>,1,0.0003327
333,bide,<code>bide</code>,1,0.0003327
333,bletsung,<code>bletsung</code>,1,0.0003327
333,blisse,<code>blisse</code>,1,0.0003327
333,bodunge,<code>bodunge</code>,1,0.0003327
333,brades,<code>brades</code>,1,0.0003327
333,bruce,<code>bruce</code>,1,0.0003327
333,bysmorlice,<code>bysmorlice</code>,1,0.0003327
333,circlicum,<code>circlicum</code>,1,0.0003327
333,cl&aelig;ne,<code>cl&amp;ae;ne</code>,1,0.0003327
333,clife,<code>clife</code>,1,0.0003327
333,cniht,<code>cniht</code>,1,0.0003327
333,creditis,<code>creditis</code>,1,0.0003327
333,cristenum,<code>cristenum</code>,1,0.0003327
333,cu&eth;,<code>cu&amp;d;</code>,1,0.0003327
333,cwale,<code>cwale</code>,1,0.0003327
333,cwe&eth;an,<code>cwe&amp;d;an</code>,1,0.0003327
333,cwe&eth;e,<code>cwe&amp;d;e</code>,1,0.0003327
333,cwe&eth;st,<code>cwe&amp;d;st</code>,1,0.0003327
333,cwylmian,<code>cwylmian</code>,1,0.0003327
333,cwyst,<code>cwyst</code>,1,0.0003327
333,cynn,<code>cynn</code>,1,0.0003327
333,cynne,<code>cynne</code>,1,0.0003327
333,cystelice,<code>cystelice</code>,1,0.0003327
333,d&aelig;dum,<code>d&amp;ae;dum</code>,1,0.0003327
333,d&aelig;g&eth;erlice,<code>d&amp;ae;g&amp;d;erlice</code>,1,0.0003327
333,d&aelig;ge,<code>d&amp;ae;ge</code>,1,0.0003327
333,d&aelig;lan,<code>d&amp;ae;lan</code>,1,0.0003327
333,d&aelig;lnymendum,<code>d&amp;ae;lnymendum</code>,1,0.0003327
333,dagum,<code>dagum</code>,1,0.0003327
333,de,<code>de</code>,1,0.0003327
333,deadb&aelig;rum,<code>deadb&amp;ae;rum</code>,1,0.0003327
333,deadlic,<code>deadlic</code>,1,0.0003327
333,deofla,<code>deofla</code>,1,0.0003327
333,dico,<code>dico</code>,1,0.0003327
333,digele,<code>digele</code>,1,0.0003327
333,dom,<code>dom</code>,1,0.0003327
333,dominica,<code>dominica</code>,1,0.0003327
333,drihtne,<code>drihtne</code>,1,0.0003327
333,dyde,<code>dyde</code>,1,0.0003327
333,e&eth;el,<code>e&amp;d;el</code>,1,0.0003327
333,eadmod,<code>eadmod</code>,1,0.0003327
333,eadmodnysse,<code>eadmodnysse</code>,1,0.0003327
333,eal,<code>eal</code>,1,0.0003327
333,ealdode,<code>ealdode</code>,1,0.0003327
333,ealdorbiscopum,<code>ealdorbiscopum</code>,1,0.0003327
333,ealdra,<code>ealdra</code>,1,0.0003327
333,eall,<code>eall</code>,1,0.0003327
333,ealra,<code>ealra</code>,1,0.0003327
333,eare,<code>eare</code>,1,0.0003327
333,earm,<code>earm</code>,1,0.0003327
333,eastertide,<code>eastertide</code>,1,0.0003327
333,ecelice,<code>ecelice</code>,1,0.0003327
333,efenhlytta,<code>efenhlytta</code>,1,0.0003327
333,ego,<code>ego</code>,1,0.0003327
333,egypta,<code>egypta</code>,1,0.0003327
333,ende,<code>ende</code>,1,0.0003327
333,englas,<code>englas</code>,1,0.0003327
333,englisc,<code>englisc</code>,1,0.0003327
333,eor&eth;an,<code>eor&amp;d;an</code>,1,0.0003327
333,eor&eth;e,<code>eor&amp;d;e</code>,1,0.0003327
333,eor&eth;lic,<code>eor&amp;d;lic</code>,1,0.0003327
333,eowere,<code>eowere</code>,1,0.0003327
333,eoweres,<code>eoweres</code>,1,0.0003327
333,et,<code>et</code>,1,0.0003327
333,euenl&aelig;cunge,<code>euenl&amp;ae;cunge</code>,1,0.0003327
333,ex,<code>ex</code>,1,0.0003327
333,f&aelig;r&eth;,<code>f&amp;ae;r&amp;d;</code>,1,0.0003327
333,f&aelig;rlice,<code>f&amp;ae;rlice</code>,1,0.0003327
333,f&aelig;rr,<code>f&amp;ae;rr</code>,1,0.0003327
333,feallende,<code>feallende</code>,1,0.0003327
333,fela,<code>fela</code>,1,0.0003327
333,feowertyne,<code>feowertyne</code>,1,0.0003327
333,ferde,<code>ferde</code>,1,0.0003327
333,fl&aelig;sclicum,<code>fl&amp;ae;sclicum</code>,1,0.0003327
333,folces,<code>folces</code>,1,0.0003327
333,for&eth;ferdon,<code>for&amp;d;ferdon</code>,1,0.0003327
333,forb&aelig;r,<code>forb&amp;ae;r</code>,1,0.0003327
333,forbeah,<code>forbeah</code>,1,0.0003327
333,forbodenan,<code>forbodenan</code>,1,0.0003327
333,forbugenne,<code>forbugenne</code>,1,0.0003327
333,forestiht,<code>forestiht</code>,1,0.0003327
333,forgifan,<code>forgifan</code>,1,0.0003327
333,forl&aelig;ta&eth;,<code>forl&amp;ae;ta&amp;d;</code>,1,0.0003327
333,forl&aelig;ten,<code>forl&amp;ae;ten</code>,1,0.0003327
333,fornumen,<code>fornumen</code>,1,0.0003327
333,forp&aelig;r&eth;,<code>forp&amp;ae;r&amp;d;</code>,1,0.0003327
333,forsawon,<code>forsawon</code>,1,0.0003327
333,forseon,<code>forseon</code>,1,0.0003327
333,forspen&eth;,<code>forspen&amp;d;</code>,1,0.0003327
333,forspeon,<code>forspeon</code>,1,0.0003327
333,forsuwian,<code>forsuwian</code>,1,0.0003327
333,forswulge,<code>forswulge</code>,1,0.0003327
333,freolsd&aelig;g,<code>freolsd&amp;ae;g</code>,1,0.0003327
333,frumsceapenan,<code>frumsceapenan</code>,1,0.0003327
333,fyrene,<code>fyrene</code>,1,0.0003327
333,fyrenra,<code>fyrenra</code>,1,0.0003327
333,fyrste,<code>fyrste</code>,1,0.0003327
333,gaste,<code>gaste</code>,1,0.0003327
333,gastlice,<code>gastlice</code>,1,0.0003327
333,ge&aelig;t,<code>ge&amp;ae;t</code>,1,0.0003327
333,ge&aelig;ttrodon,<code>ge&amp;ae;ttrodon</code>,1,0.0003327
333,ge&eth;afode,<code>ge&amp;d;afode</code>,1,0.0003327
333,ge&eth;eode,<code>ge&amp;d;eode</code>,1,0.0003327
333,ge&eth;uhte,<code>ge&amp;d;uhte</code>,1,0.0003327
333,ge&eth;yld,<code>ge&amp;d;yld</code>,1,0.0003327
333,ge&eth;ylde,<code>ge&amp;d;ylde</code>,1,0.0003327
333,geb&aelig;d,<code>geb&amp;ae;d</code>,1,0.0003327
333,gebidda&eth;,<code>gebidda&amp;d;</code>,1,0.0003327
333,gebro&eth;ru,<code>gebro&amp;d;ru</code>,1,0.0003327
333,gebyrde,<code>gebyrde</code>,1,0.0003327
333,geceosa&eth;,<code>geceosa&amp;d;</code>,1,0.0003327
333,geciged,<code>geciged</code>,1,0.0003327
333,geclypode,<code>geclypode</code>,1,0.0003327
333,gecneordlice,<code>gecneordlice</code>,1,0.0003327
333,gecuron,<code>gecuron</code>,1,0.0003327
333,gecw&aelig;&eth;,<code>gecw&amp;ae;&amp;d;</code>,1,0.0003327
333,gedafena&eth;,<code>gedafena&amp;d;</code>,1,0.0003327
333,gedyde,<code>gedyde</code>,1,0.0003327
333,geeacnian,<code>geeacnian</code>,1,0.0003327
333,geefenl&aelig;cunge,<code>geefenl&amp;ae;cunge</code>,1,0.0003327
333,geeuenl&aelig;cende,<code>geeuenl&amp;ae;cende</code>,1,0.0003327
333,geeuenl&aelig;cunga,<code>geeuenl&amp;ae;cunga</code>,1,0.0003327
333,geferena,<code>geferena</code>,1,0.0003327
333,gefret,<code>gefret</code>,1,0.0003327
333,gefyl&eth;,<code>gefyl&amp;d;</code>,1,0.0003327
333,geh&aelig;lde,<code>geh&amp;ae;lde</code>,1,0.0003327
333,geh&aelig;led,<code>geh&amp;ae;led</code>,1,0.0003327
333,gehealde,<code>gehealde</code>,1,0.0003327
333,gehiwodan,<code>gehiwodan</code>,1,0.0003327
333,gehiwode,<code>gehiwode</code>,1,0.0003327
333,gehwam,<code>gehwam</code>,1,0.0003327
333,gehyrde,<code>gehyrde</code>,1,0.0003327
333,gehyrsuma&eth;,<code>gehyrsuma&amp;d;</code>,1,0.0003327
333,gehyrsumum,<code>gehyrsumum</code>,1,0.0003327
333,gela&eth;unge,<code>gela&amp;d;unge</code>,1,0.0003327
333,geleaffullum,<code>geleaffullum</code>,1,0.0003327
333,geleahtrod,<code>geleahtrod</code>,1,0.0003327
333,geleahtrode,<code>geleahtrode</code>,1,0.0003327
333,gelice,<code>gelice</code>,1,0.0003327
333,gem&aelig;n&eth;,<code>gem&amp;ae;n&amp;d;</code>,1,0.0003327
333,gem&aelig;ne,<code>gem&amp;ae;ne</code>,1,0.0003327
333,gem&aelig;nelicum,<code>gem&amp;ae;nelicum</code>,1,0.0003327
333,gemynde,<code>gemynde</code>,1,0.0003327
333,genamod,<code>genamod</code>,1,0.0003327
333,geneal&aelig;cunge,<code>geneal&amp;ae;cunge</code>,1,0.0003327
333,geneal&aelig;hton,<code>geneal&amp;ae;hton</code>,1,0.0003327
333,geomerunge,<code>geomerunge</code>,1,0.0003327
333,geornfulnysse,<code>geornfulnysse</code>,1,0.0003327
333,gerihtwisian,<code>gerihtwisian</code>,1,0.0003327
333,gerynu,<code>gerynu</code>,1,0.0003327
333,gesceade,<code>gesceade</code>,1,0.0003327
333,gesceapen,<code>gesceapen</code>,1,0.0003327
333,gesceapene,<code>gesceapene</code>,1,0.0003327
333,gesceop,<code>gesceop</code>,1,0.0003327
333,gesette,<code>gesette</code>,1,0.0003327
333,gesetton,<code>gesetton</code>,1,0.0003327
333,gesih&eth;e,<code>gesih&amp;d;e</code>,1,0.0003327
333,geslit,<code>geslit</code>,1,0.0003327
333,geslite,<code>geslite</code>,1,0.0003327
333,gesthuse,<code>gesthuse</code>,1,0.0003327
333,geswince,<code>geswince</code>,1,0.0003327
333,gesworen,<code>gesworen</code>,1,0.0003327
333,geswutelode,<code>geswutelode</code>,1,0.0003327
333,getacnodon,<code>getacnodon</code>,1,0.0003327
333,getacnunge,<code>getacnunge</code>,1,0.0003327
333,geti&eth;a&eth;,<code>geti&amp;d;a&amp;d;</code>,1,0.0003327
333,geti&eth;ode,<code>geti&amp;d;ode</code>,1,0.0003327
333,getyrigde,<code>getyrigde</code>,1,0.0003327
333,gewat,<code>gewat</code>,1,0.0003327
333,gewitegod,<code>gewitegod</code>,1,0.0003327
333,geworden,<code>geworden</code>,1,0.0003327
333,geworhte,<code>geworhte</code>,1,0.0003327
333,gewritum,<code>gewritum</code>,1,0.0003327
333,gewunelic,<code>gewunelic</code>,1,0.0003327
333,git,<code>git</code>,1,0.0003327
333,giu,<code>giu</code>,1,0.0003327
333,gloria,<code>gloria</code>,1,0.0003327
333,godcundnys,<code>godcundnys</code>,1,0.0003327
333,godcundnyss,<code>godcundnyss</code>,1,0.0003327
333,godcundum,<code>godcundum</code>,1,0.0003327
333,godra,<code>godra</code>,1,0.0003327
333,godspelle,<code>godspelle</code>,1,0.0003327
333,godum,<code>godum</code>,1,0.0003327
333,gregories,<code>gregories</code>,1,0.0003327
333,gylp,<code>gylp</code>,1,0.0003327
333,gylpe,<code>gylpe</code>,1,0.0003327
333,gylpende,<code>gylpende</code>,1,0.0003327
333,gyt,<code>gyt</code>,1,0.0003327
333,h&aelig;&eth;enre,<code>h&amp;ae;&amp;d;enre</code>,1,0.0003327
333,h&aelig;bbe,<code>h&amp;ae;bbe</code>,1,0.0003327
333,h&aelig;fdon,<code>h&amp;ae;fdon</code>,1,0.0003327
333,h&aelig;fst,<code>h&amp;ae;fst</code>,1,0.0003327
333,h&aelig;lende,<code>h&amp;ae;lende</code>,1,0.0003327
333,h&aelig;lendes,<code>h&amp;ae;lendes</code>,1,0.0003327
333,habba&eth;,<code>habba&amp;d;</code>,1,0.0003327
333,halige,<code>halige</code>,1,0.0003327
333,handum,<code>handum</code>,1,0.0003327
333,hatte,<code>hatte</code>,1,0.0003327
333,healde,<code>healde</code>,1,0.0003327
333,healdende,<code>healdende</code>,1,0.0003327
333,healic,<code>healic</code>,1,0.0003327
333,heardnysse,<code>heardnysse</code>,1,0.0003327
333,heofonan,<code>heofonan</code>,1,0.0003327
333,heortum,<code>heortum</code>,1,0.0003327
333,herbufan,<code>herbufan</code>,1,0.0003327
333,het,<code>het</code>,1,0.0003327
333,hete,<code>hete</code>,1,0.0003327
333,hiwe,<code>hiwe</code>,1,0.0003327
333,hlafordes,<code>hlafordes</code>,1,0.0003327
333,hlafordum,<code>hlafordum</code>,1,0.0003327
333,hnappa&eth;,<code>hnappa&amp;d;</code>,1,0.0003327
333,hosp,<code>hosp</code>,1,0.0003327
333,hospe,<code>hospe</code>,1,0.0003327
333,hosplice,<code>hosplice</code>,1,0.0003327
333,hospword,<code>hospword</code>,1,0.0003327
333,hospworda,<code>hospworda</code>,1,0.0003327
333,huxlic,<code>huxlic</code>,1,0.0003327
333,hw&aelig;&eth;er,<code>hw&amp;ae;&amp;d;er</code>,1,0.0003327
333,hw&aelig;r,<code>hw&amp;ae;r</code>,1,0.0003327
333,hw&aelig;s,<code>hw&amp;ae;s</code>,1,0.0003327
333,hwile,<code>hwile</code>,1,0.0003327
333,hwilwendlic,<code>hwilwendlic</code>,1,0.0003327
333,hwilwendlicum,<code>hwilwendlicum</code>,1,0.0003327
333,hyrdas,<code>hyrdas</code>,1,0.0003327
333,iohannes,<code>iohannes</code>,1,0.0003327
333,isaac,<code>isaac</code>,1,0.0003327
333,israhel,<code>israhel</code>,1,0.0003327
333,iudei,<code>iudei</code>,1,0.0003327
333,l&aelig;ddon,<code>l&amp;ae;ddon</code>,1,0.0003327
333,l&aelig;g,<code>l&amp;ae;g</code>,1,0.0003327
333,lande,<code>lande</code>,1,0.0003327
333,lareowum,<code>lareowum</code>,1,0.0003327
333,leasunge,<code>leasunge</code>,1,0.0003327
333,leden,<code>leden</code>,1,0.0003327
333,leofode,<code>leofode</code>,1,0.0003327
333,leomum,<code>leomum</code>,1,0.0003327
333,lichama,<code>lichama</code>,1,0.0003327
333,lichamlice,<code>lichamlice</code>,1,0.0003327
333,lifes,<code>lifes</code>,1,0.0003327
333,liflic,<code>liflic</code>,1,0.0003327
333,lof,<code>lof</code>,1,0.0003327
333,losige,<code>losige</code>,1,0.0003327
333,lucas,<code>lucas</code>,1,0.0003327
333,lustlice,<code>lustlice</code>,1,0.0003327
333,lyst,<code>lyst</code>,1,0.0003327
333,m&aelig;den,<code>m&amp;ae;den</code>,1,0.0003327
333,m&aelig;g&eth;e,<code>m&amp;ae;g&amp;d;e</code>,1,0.0003327
333,m&aelig;ndon,<code>m&amp;ae;ndon</code>,1,0.0003327
333,m&aelig;rra,<code>m&amp;ae;rra</code>,1,0.0003327
333,man&eth;w&aelig;rnysse,<code>man&amp;d;w&amp;ae;rnysse</code>,1,0.0003327
333,mand&aelig;dum,<code>mand&amp;ae;dum</code>,1,0.0003327
333,manega,<code>manega</code>,1,0.0003327
333,manegum,<code>manegum</code>,1,0.0003327
333,manfullan,<code>manfullan</code>,1,0.0003327
333,manlicum,<code>manlicum</code>,1,0.0003327
333,manode,<code>manode</code>,1,0.0003327
333,meder,<code>meder</code>,1,0.0003327
333,men,<code>men</code>,1,0.0003327
333,menigu,<code>menigu</code>,1,0.0003327
333,menniscum,<code>menniscum</code>,1,0.0003327
333,middanearde,<code>middanearde</code>,1,0.0003327
333,mihi,<code>mihi</code>,1,0.0003327
333,mihton,<code>mihton</code>,1,0.0003327
333,mine,<code>mine</code>,1,0.0003327
333,minum,<code>minum</code>,1,0.0003327
333,moyse,<code>moyse</code>,1,0.0003327
333,n&aelig;bbe,<code>n&amp;ae;bbe</code>,1,0.0003327
333,n&aelig;ddrena,<code>n&amp;ae;ddrena</code>,1,0.0003327
333,n&aelig;ddrum,<code>n&amp;ae;ddrum</code>,1,0.0003327
333,n&aelig;ddryna,<code>n&amp;ae;ddryna</code>,1,0.0003327
333,n&aelig;drena,<code>n&amp;ae;drena</code>,1,0.0003327
333,n&aelig;nne,<code>n&amp;ae;nne</code>,1,0.0003327
333,n&aelig;re,<code>n&amp;ae;re</code>,1,0.0003327
333,n&aelig;ron,<code>n&amp;ae;ron</code>,1,0.0003327
333,na&eth;or,<code>na&amp;d;or</code>,1,0.0003327
333,nabba&eth;,<code>nabba&amp;d;</code>,1,0.0003327
333,nele,<code>nele</code>,1,0.0003327
333,ni&eth;er,<code>ni&amp;d;er</code>,1,0.0003327
333,ni&eth;fullice,<code>ni&amp;d;fullice</code>,1,0.0003327
333,ni&eth;fullum,<code>ni&amp;d;fullum</code>,1,0.0003327
333,nichodeme,<code>nichodeme</code>,1,0.0003327
333,niht,<code>niht</code>,1,0.0003327
333,noldon,<code>noldon</code>,1,0.0003327
333,non,<code>non</code>,1,0.0003327
333,nyste,<code>nyste</code>,1,0.0003327
333,o&eth;,<code>o&amp;d;</code>,1,0.0003327
333,o&eth;erne,<code>o&amp;d;erne</code>,1,0.0003327
333,o&eth;rum,<code>o&amp;d;rum</code>,1,0.0003327
333,ofsloh,<code>ofsloh</code>,1,0.0003327
333,ofspring,<code>ofspring</code>,1,0.0003327
333,ofspringe,<code>ofspringe</code>,1,0.0003327
333,oncnawa&eth;,<code>oncnawa&amp;d;</code>,1,0.0003327
333,oncneow,<code>oncneow</code>,1,0.0003327
333,orm&aelig;tan,<code>orm&amp;ae;tan</code>,1,0.0003327
333,patri,<code>patri</code>,1,0.0003327
333,peccato,<code>peccato</code>,1,0.0003327
333,quadragesime,<code>quadragesime</code>,1,0.0003327
333,quare,<code>quare</code>,1,0.0003327
333,quinta,<code>quinta</code>,1,0.0003327
333,quis,<code>quis</code>,1,0.0003327
333,r&aelig;dinge,<code>r&amp;ae;dinge</code>,1,0.0003327
333,reliqua,<code>reliqua</code>,1,0.0003327
333,repsum,<code>repsum</code>,1,0.0003327
333,rihtwisnysse,<code>rihtwisnysse</code>,1,0.0003327
333,s&aelig;d,<code>s&amp;ae;d</code>,1,0.0003327
333,s&aelig;de,<code>s&amp;ae;de</code>,1,0.0003327
333,s&aelig;le,<code>s&amp;ae;le</code>,1,0.0003327
333,s&aelig;mtinges,<code>s&amp;ae;mtinges</code>,1,0.0003327
333,samaria,<code>samaria</code>,1,0.0003327
333,sawle,<code>sawle</code>,1,0.0003327
333,sceal,<code>sceal</code>,1,0.0003327
333,scortan,<code>scortan</code>,1,0.0003327
333,scyppend,<code>scyppend</code>,1,0.0003327
333,secgan,<code>secgan</code>,1,0.0003327
333,sege,<code>sege</code>,1,0.0003327
333,segst,<code>segst</code>,1,0.0003327
333,sete,<code>sete</code>,1,0.0003327
333,settan,<code>settan</code>,1,0.0003327
333,sette,<code>sette</code>,1,0.0003327
333,si,<code>si</code>,1,0.0003327
333,sl&aelig;p&eth;,<code>sl&amp;ae;p&amp;d;</code>,1,0.0003327
333,smeadon,<code>smeadon</code>,1,0.0003327
333,smeagan,<code>smeagan</code>,1,0.0003327
333,smeage,<code>smeage</code>,1,0.0003327
333,so&eth;a,<code>so&amp;d;a</code>,1,0.0003327
333,so&eth;an,<code>so&amp;d;an</code>,1,0.0003327
333,so&eth;f&aelig;stnys,<code>so&amp;d;f&amp;ae;stnys</code>,1,0.0003327
333,so&eth;segene,<code>so&amp;d;segene</code>,1,0.0003327
333,so&eth;um,<code>so&amp;d;um</code>,1,0.0003327
333,sohte,<code>sohte</code>,1,0.0003327
333,spr&aelig;c,<code>spr&amp;ae;c</code>,1,0.0003327
333,sprec&eth;,<code>sprec&amp;d;</code>,1,0.0003327
333,st&aelig;nene,<code>st&amp;ae;nene</code>,1,0.0003327
333,st&aelig;nenum,<code>st&amp;ae;nenum</code>,1,0.0003327
333,st&aelig;ninge,<code>st&amp;ae;ninge</code>,1,0.0003327
333,stafode,<code>stafode</code>,1,0.0003327
333,stanum,<code>stanum</code>,1,0.0003327
333,stede,<code>stede</code>,1,0.0003327
333,stowe,<code>stowe</code>,1,0.0003327
333,sumum,<code>sumum</code>,1,0.0003327
333,suwigende,<code>suwigende</code>,1,0.0003327
333,swa&eth;eah,<code>swa&amp;d;eah</code>,1,0.0003327
333,swelt,<code>swelt</code>,1,0.0003327
333,swelta&eth;,<code>swelta&amp;d;</code>,1,0.0003327
333,swera,<code>swera</code>,1,0.0003327
333,swerian,<code>swerian</code>,1,0.0003327
333,swi&eth;or,<code>swi&amp;d;or</code>,1,0.0003327
333,swulton,<code>swulton</code>,1,0.0003327
333,swylce,<code>swylce</code>,1,0.0003327
333,sylfum,<code>sylfum</code>,1,0.0003327
333,synderlice,<code>synderlice</code>,1,0.0003327
333,synfulla,<code>synfulla</code>,1,0.0003327
333,synfullan,<code>synfullan</code>,1,0.0003327
333,syngodon,<code>syngodon</code>,1,0.0003327
333,tacn,<code>tacn</code>,1,0.0003327
333,tacne,<code>tacne</code>,1,0.0003327
333,tealde,<code>tealde</code>,1,0.0003327
333,teonan,<code>teonan</code>,1,0.0003327
333,terendan,<code>terendan</code>,1,0.0003327
333,tihtinge,<code>tihtinge</code>,1,0.0003327
333,tihtingum,<code>tihtingum</code>,1,0.0003327
333,tocn&aelig;w&eth;,<code>tocn&amp;ae;w&amp;d;</code>,1,0.0003327
333,tocnawa&eth;,<code>tocnawa&amp;d;</code>,1,0.0003327
333,tocnawan,<code>tocnawan</code>,1,0.0003327
333,tocneow,<code>tocneow</code>,1,0.0003327
333,toforan,<code>toforan</code>,1,0.0003327
333,toslitenum,<code>toslitenum</code>,1,0.0003327
333,trahtnian,<code>trahtnian</code>,1,0.0003327
333,treowe,<code>treowe</code>,1,0.0003327
333,twa,<code>twa</code>,1,0.0003327
333,ueritatem,<code>ueritatem</code>,1,0.0003327
333,un&eth;eawas,<code>un&amp;d;eawas</code>,1,0.0003327
333,unasecgendlic,<code>unasecgendlic</code>,1,0.0003327
333,unasmeagendlic,<code>unasmeagendlic</code>,1,0.0003327
333,underfengon,<code>underfengon</code>,1,0.0003327
333,unge&eth;yldige,<code>unge&amp;d;yldige</code>,1,0.0003327
333,ungeleaffulnysse,<code>ungeleaffulnysse</code>,1,0.0003327
333,unsynninne,<code>unsynninne</code>,1,0.0003327
333,untod&aelig;ledlic,<code>untod&amp;ae;ledlic</code>,1,0.0003327
333,unwi&eth;metenlice,<code>unwi&amp;d;metenlice</code>,1,0.0003327
333,uos,<code>uos</code>,1,0.0003327
333,upahafene,<code>upahafene</code>,1,0.0003327
333,upahafennysse,<code>upahafennysse</code>,1,0.0003327
333,urnon,<code>urnon</code>,1,0.0003327
333,uton,<code>uton</code>,1,0.0003327
333,vobis,<code>vobis</code>,1,0.0003327
333,w&aelig;pnum,<code>w&amp;ae;pnum</code>,1,0.0003327
333,wacia&eth;,<code>wacia&amp;d;</code>,1,0.0003327
333,wedende,<code>wedende</code>,1,0.0003327
333,welwyllendan,<code>welwyllendan</code>,1,0.0003327
333,wi&eth;,<code>wi&amp;d;</code>,1,0.0003327
333,wi&eth;erodon,<code>wi&amp;d;erodon</code>,1,0.0003327
333,wi&eth;err&aelig;de,<code>wi&amp;d;err&amp;ae;de</code>,1,0.0003327
333,wi&eth;metenne,<code>wi&amp;d;metenne</code>,1,0.0003327
333,wi&eth;ufan,<code>wi&amp;d;ufan</code>,1,0.0003327
333,willan,<code>willan</code>,1,0.0003327
333,wite,<code>wite</code>,1,0.0003327
333,witegunge,<code>witegunge</code>,1,0.0003327
333,witum,<code>witum</code>,1,0.0003327
333,wodlice,<code>wodlice</code>,1,0.0003327
333,wodum,<code>wodum</code>,1,0.0003327
333,worde,<code>worde</code>,1,0.0003327
333,woruld,<code>woruld</code>,1,0.0003327
333,worulda,<code>worulda</code>,1,0.0003327
333,worulde,<code>worulde</code>,1,0.0003327
333,wreca&eth;,<code>wreca&amp;d;</code>,1,0.0003327
333,wuldrie,<code>wuldrie</code>,1,0.0003327
333,wuldrige,<code>wuldrige</code>,1,0.0003327
333,wundrum,<code>wundrum</code>,1,0.0003327
333,wunigende,<code>wunigende</code>,1,0.0003327
333,wunode,<code>wunode</code>,1,0.0003327
333,wununge,<code>wununge</code>,1,0.0003327
333,wur&eth;ia&eth;,<code>wur&amp;d;ia&amp;d;</code>,1,0.0003327
333,wur&eth;ode,<code>wur&amp;d;ode</code>,1,0.0003327
333,wurde,<code>wurde</code>,1,0.0003327
333,wyrc&eth;,<code>wyrc&amp;d;</code>,1,0.0003327
333,wyrcan,<code>wyrcan</code>,1,0.0003327
333,wyrstum,<code>wyrstum</code>,1,0.0003327
333,ydel,<code>ydel</code>,1,0.0003327
333,ydelnysse,<code>ydelnysse</code>,1,0.0003327
333,yfelan,<code>yfelan</code>,1,0.0003327
333,yfele,<code>yfele</code>,1,0.0003327
333,yfelra,<code>yfelra</code>,1,0.0003327
333,yfelre,<code>yfelre</code>,1,0.0003327
333,yfelum,<code>yfelum</code>,1,0.0003327
333,ylca,<code>ylca</code>,1,0.0003327
333,ylcan,<code>ylcan</code>,1,0.0003327
333,yldestan,<code>yldestan</code>,1,0.0003327
333,yrsigende,<code>yrsigende</code>,1,0.0003327
